一	yī	1	1	
乙	yǐ	1	2	
二	èr	1	3	
十	shí	1	4	s-sh
丁	dīng	1	5	in-ing
厂	chǎng	1	6	c-ch,an-ang
七	qī	1	7	
卜	bo	1	8	
卜	bǔ	1	9	
八	bā	1	10	
人	rén	1	11	r-l,en-eng
入	rù	1	12	r-l
儿	ér	1	13	
匕	bǐ	1	14	
几	jī	1	15	
几	jǐ	1	16	
九	jiǔ	1	17	
刁	diāo	1	18	
了	le	1	19	n-l,r-l
了	liǎo	1	20	n-l,r-l
刀	dāo	1	21	
力	lì	1	22	n-l,r-l
乃	nǎi	1	23	n-l,an-ai
又	yòu	1	24	
三	sān	1	25	s-sh,an-ang,an-ai
干	gān	1	26	g-k,an-ang,an-ai
干	gàn	1	27	g-k,an-ang,an-ai
于	yú	1	28	
亏	kuī	1	29	g-k
工	gōng	1	30	g-k,eng-ong,on-ong,un-ong
土	tǔ	1	31	
士	shì	1	32	s-sh
才	cái	1	33	c-ch,an-ai
下	xià	1	34	
寸	cùn	1	35	c-ch,un-ong,un-iong
大	dà	1	36	
大	dài	1	37	an-ai
丈	zhàng	1	38	z-zh,an-ang
与	yǔ	1	39	
与	yù	1	40	
万	mò	1	41	
万	wàn	1	42	an-ang,an-ai
上	shǎng	1	43	s-sh,an-ang
上	shàng	1	44	s-sh,an-ang
小	xiǎo	1	45	
口	kǒu	1	46	g-k
山	shān	1	47	s-sh,an-ang,an-ai
巾	jīn	1	48	in-ing
千	qiān	1	49	ian-iang
乞	qǐ	1	50	
川	chuān	1	51	c-ch,uan-uang
亿	yì	1	52	
个	gě	1	53	g-k
个	gè	1	54	g-k
夕	xī	1	55	
久	jiǔ	1	56	
么	me	1	57	
勺	sháo	1	58	s-sh
凡	fán	1	59	h-f,an-ang,an-ai
丸	wán	1	60	an-ang,an-ai
及	jí	1	61	
广	guǎng	1	62	g-k,uan-uang
亡	wáng	1	63	an-ang
门	mén	1	64	en-eng
丫	yā	1	65	
义	yì	1	66	
之	zhī	1	67	z-zh
尸	shī	1	68	s-sh
己	jǐ	1	69	
已	yǐ	1	70	
巳	sì	1	71	s-sh
弓	gōng	1	72	g-k,eng-ong,on-ong,un-ong
子	zǐ	1	73	z-zh
卫	wèi	1	74	
也	yě	1	75	
女	nǚ	1	76	n-l
刃	rèn	1	77	r-l,en-eng
飞	fēi	1	78	h-f
习	xí	1	79	
叉	chā	1	80	c-ch
叉	chá	1	81	c-ch
叉	chǎ	1	82	c-ch
叉	chà	1	83	c-ch
马	mǎ	1	84	
乡	xiāng	1	85	ian-iang
丰	fēng	1	86	h-f,en-eng,eng-ong
王	wáng	1	87	an-ang
开	kāi	1	88	g-k,an-ai
井	jǐng	1	89	in-ing
天	tiān	1	90	ian-iang
夫	fū	1	91	h-f
元	yuán	1	92	uan-uang
无	mó	1	93	
无	wú	1	94	
云	yún	1	95	un-ong,un-iong
专	zhuān	1	96	z-zh,uan-uang
丐	gài	1	97	g-k,an-ai
扎	zā	1	98	z-zh
扎	zhā	1	99	z-zh
扎	zhá	1	100	z-zh
艺	yì	1	101	
木	mù	1	102	
五	wǔ	1	103	
支	zhī	1	104	z-zh
厅	tīng	1	105	in-ing
不	bù	1	106	
犬	quǎn	1	107	uan-uang
太	tài	1	108	an-ai
区	ōu	1	109	
区	qū	1	110	
历	lì	1	111	n-l,r-l
歹	dǎi	1	112	an-ai
友	yǒu	1	113	
尤	yóu	1	114	
匹	pǐ	1	115	
车	chē	1	116	c-ch
车	jū	1	117	
巨	jù	1	118	
牙	yá	1	119	
屯	tún	1	120	un-ong,un-iong
戈	gē	1	121	g-k
比	bǐ	1	122	
互	hù	1	123	h-f
切	qiē	1	124	
切	qiè	1	125	
瓦	wǎ	1	126	
瓦	wà	1	127	
止	zhǐ	1	128	z-zh
少	shǎo	1	129	s-sh
少	shào	1	130	s-sh
曰	yuē	1	131	
日	rì	1	132	r-l
中	zhōng	1	133	z-zh,eng-ong,on-ong,un-ong
中	zhòng	1	134	z-zh,eng-ong,on-ong,un-ong
贝	bèi	1	135	
冈	gāng	1	136	g-k,an-ang
内	nèi	1	137	n-l
水	shuǐ	1	138	s-sh
见	jiàn	1	139	ian-iang
见	xiàn	1	140	ian-iang
午	wǔ	1	141	
牛	niú	1	142	n-l
手	shǒu	1	143	s-sh
气	qì	1	144	
毛	máo	1	145	
壬	rén	1	146	r-l,en-eng
升	shēng	1	147	s-sh,en-eng,eng-ong
夭	yāo	1	148	
长	cháng	1	149	c-ch,an-ang
长	zhǎng	1	150	z-zh,an-ang
仁	rén	1	151	r-l,en-eng
什	shén	1	152	s-sh,en-eng
什	shí	1	153	s-sh
片	piān	1	154	ian-iang
片	piàn	1	155	ian-iang
仆	pū	1	156	
仆	pú	1	157	
化	huà	1	158	h-f
仇	chóu	1	159	c-ch
仇	qiú	1	160	
币	bì	1	161	
仍	réng	1	162	r-l,en-eng,eng-ong
仅	jǐn	1	163	in-ing
斤	jīn	1	164	in-ing
爪	zhǎo	1	165	z-zh
爪	zhuǎ	1	166	z-zh
反	fǎn	1	167	h-f,an-ang,an-ai
介	jiè	1	168	
父	fù	1	169	h-f
从	cóng	1	170	c-ch,eng-ong,on-ong,un-ong
仑	lún	1	171	n-l,r-l,un-ong,un-iong
今	jīn	1	172	in-ing
凶	xiōng	1	173	un-iong
分	fēn	1	174	h-f,en-eng
分	fèn	1	175	h-f,en-eng
乏	fá	1	176	h-f
公	gōng	1	177	g-k,eng-ong,on-ong,un-ong
仓	cāng	1	178	c-ch,an-ang
月	yuè	1	179	
氏	shì	1	180	s-sh
氏	zhī	1	181	z-zh
勿	wù	1	182	
欠	qiàn	1	183	ian-iang
风	fēng	1	184	h-f,en-eng,eng-ong
丹	dān	1	185	an-ang,an-ai
匀	yún	1	186	un-ong,un-iong
乌	wū	1	187	
勾	gōu	1	188	g-k
勾	gòu	1	189	g-k
凤	fèng	1	190	h-f,en-eng,eng-ong
六	liù	1	191	n-l,r-l
文	wén	1	192	en-eng
亢	kàng	1	193	g-k,an-ang
方	fāng	1	194	h-f,an-ang
火	huǒ	1	195	h-f
为	wéi	1	196	
为	wèi	1	197	
斗	dǒu	1	198	
斗	dòu	1	199	
忆	yì	1	200	
计	jì	1	201	
订	dìng	1	202	in-ing
户	hù	1	203	h-f
认	rèn	1	204	r-l,en-eng
冗	rǒng	1	205	r-l,eng-ong,on-ong,un-ong
讥	jī	1	206	
心	xīn	1	207	in-ing
尺	chě	1	208	c-ch
尺	chǐ	1	209	c-ch
引	yǐn	1	210	in-ing
丑	chǒu	1	211	c-ch
巴	bā	1	212	
孔	kǒng	1	213	g-k,eng-ong,on-ong,un-ong
队	duì	1	214	
办	bàn	1	215	an-ang,an-ai
以	yǐ	1	216	
允	yǔn	1	217	un-ong,un-iong
予	yú	1	218	
予	yǔ	1	219	
邓	dèng	1	220	en-eng,eng-ong
劝	quàn	1	221	uan-uang
双	shuāng	1	222	s-sh,uan-uang
书	shū	1	223	s-sh
幻	huàn	1	224	h-f,uan-uang
玉	yù	1	225	
刊	kān	1	226	g-k,an-ang,an-ai
未	wèi	1	227	
末	mò	1	228	
示	shì	1	229	s-sh
击	jī	1	230	
打	dá	1	231	
打	dǎ	1	232	
巧	qiǎo	1	233	
正	zhēng	1	234	z-zh,en-eng,eng-ong
正	zhèng	1	235	z-zh,en-eng,eng-ong
扑	pū	1	236	
卉	huì	1	237	h-f
扒	bā	1	238	
扒	pá	1	239	
功	gōng	1	240	g-k,eng-ong,on-ong,un-ong
扔	rēng	1	241	r-l,en-eng,eng-ong
去	qù	1	242	
甘	gān	1	243	g-k,an-ang,an-ai
世	shì	1	244	s-sh
艾	ài	1	245	an-ai
艾	yì	1	246	
古	gǔ	1	247	g-k
节	jiē	1	248	
节	jié	1	249	
本	běn	1	250	en-eng
术	shù	1	251	s-sh
术	zhú	1	252	z-zh
可	kě	1	253	g-k
可	kè	1	254	g-k
丙	bǐng	1	255	in-ing
左	zuǒ	1	256	z-zh
厉	lì	1	257	n-l,r-l
石	dàn	1	258	an-ang,an-ai
石	shí	1	259	s-sh
右	yòu	1	260	
布	bù	1	261	
夯	hāng	1	262	h-f,an-ang
戊	wù	1	263	
龙	lóng	1	264	n-l,r-l,eng-ong,on-ong,un-ong
平	píng	1	265	in-ing
灭	miè	1	266	
轧	yà	1	267	
轧	zhá	1	268	z-zh
东	dōng	1	269	eng-ong,on-ong,un-ong
卡	kǎ	1	270	g-k
卡	qiǎ	1	271	
北	běi	1	272	
占	zhān	1	273	z-zh,an-ang,an-ai
占	zhàn	1	274	z-zh,an-ang,an-ai
凸	tū	1	275	
卢	lú	1	276	n-l,r-l
业	yè	1	277	
旧	jiù	1	278	
帅	shuài	1	279	s-sh
归	guī	1	280	g-k
旦	dàn	1	281	an-ang,an-ai
目	mù	1	282	
且	qiě	1	283	
叶	xié	1	284	
叶	yè	1	285	
甲	jiǎ	1	286	
申	shēn	1	287	s-sh,en-eng
叮	dīng	1	288	in-ing
电	diàn	1	289	ian-iang
号	háo	1	290	h-f
号	hào	1	291	h-f
田	tián	1	292	ian-iang
由	yóu	1	293	
只	zhī	1	294	z-zh
只	zhǐ	1	295	z-zh
叭	bā	1	296	
史	shǐ	1	297	s-sh
央	yāng	1	298	an-ang
兄	xiōng	1	299	un-iong
叽	jī	1	300	
叼	diāo	1	301	
叫	jiào	1	302	
叩	kòu	1	303	g-k
叨	dāo	1	304	
叨	dáo	1	305	
叨	tāo	1	306	
另	lìng	1	307	n-l,r-l,in-ing
叹	tàn	1	308	an-ang,an-ai
冉	rǎn	1	309	r-l,an-ang,an-ai
皿	mǐn	1	310	in-ing
凹	āo	1	311	
囚	qiú	1	312	
四	sì	1	313	s-sh
生	shēng	1	314	s-sh,en-eng,eng-ong
矢	shǐ	1	315	s-sh
失	shī	1	316	s-sh
乍	zhà	1	317	z-zh
禾	hé	1	318	h-f
丘	qiū	1	319	
付	fù	1	320	h-f
仗	zhàng	1	321	z-zh,an-ang
代	dài	1	322	an-ai
仙	xiān	1	323	ian-iang
们	mén	1	324	en-eng
们	men	1	325	en-eng
仪	yí	1	326	
白	bái	1	327	an-ai
仔	zǎi	1	328	z-zh,an-ai
仔	zǐ	1	329	z-zh
他	tā	1	330	
斥	chì	1	331	c-ch
瓜	guā	1	332	g-k
乎	hū	1	333	h-f
丛	cóng	1	334	c-ch,eng-ong,on-ong,un-ong
令	líng	1	335	n-l,r-l,in-ing
令	lǐng	1	336	n-l,r-l,in-ing
令	lìng	1	337	n-l,r-l,in-ing
用	yòng	1	338	eng-ong,on-ong,un-ong
甩	shuǎi	1	339	s-sh
印	yìn	1	340	in-ing
尔	ěr	1	341	
乐	lè	1	342	n-l,r-l
乐	yuè	1	343	
句	gōu	1	344	g-k
句	jù	1	345	
匆	cōng	1	346	c-ch,eng-ong,on-ong,un-ong
册	cè	1	347	c-ch
卯	mǎo	1	348	
犯	fàn	1	349	h-f,an-ang,an-ai
外	wài	1	350	an-ai
处	chǔ	1	351	c-ch
处	chù	1	352	c-ch
冬	dōng	1	353	eng-ong,on-ong,un-ong
鸟	niǎo	1	354	n-l
务	wù	1	355	
包	bāo	1	356	
饥	jī	1	357	
主	zhǔ	1	358	z-zh
市	shì	1	359	s-sh
立	lì	1	360	n-l,r-l
冯	féng	1	361	h-f,en-eng,eng-ong
玄	xuán	1	362	uan-uang
闪	shǎn	1	363	s-sh,an-ang,an-ai
兰	lán	1	364	n-l,r-l,an-ang,an-ai
半	bàn	1	365	an-ang,an-ai
汁	zhī	1	366	z-zh
汇	huì	1	367	h-f
头	tóu	1	368	
汉	hàn	1	369	h-f,an-ang,an-ai
宁	níng	1	370	n-l,in-ing
宁	nìng	1	371	n-l,in-ing
穴	xué	1	372	
它	tā	1	373	
讨	tǎo	1	374	
写	xiě	1	375	
让	ràng	1	376	r-l,an-ang
礼	lǐ	1	377	n-l,r-l
训	xùn	1	378	un-ong,un-iong
议	yì	1	379	
必	bì	1	380	
讯	xùn	1	381	un-ong,un-iong
记	jì	1	382	
永	yǒng	1	383	eng-ong,on-ong,un-ong
司	sī	1	384	s-sh
尼	ní	1	385	n-l
民	mín	1	386	in-ing
弗	fú	1	387	h-f
弘	hóng	1	388	h-f,eng-ong,on-ong,un-ong
出	chū	1	389	c-ch
辽	liáo	1	390	n-l,r-l
奶	nǎi	1	391	n-l,an-ai
奴	nú	1	392	n-l
召	shào	1	393	s-sh
召	zhào	1	394	z-zh
加	jiā	1	395	
皮	pí	1	396	
边	biān	1	397	ian-iang
孕	yùn	1	398	un-ong,un-iong
发	fā	1	399	h-f
发	fà	1	400	h-f
圣	shèng	1	401	s-sh,en-eng,eng-ong
对	duì	1	402	
台	tāi	1	403	an-ai
台	tái	1	404	an-ai
矛	máo	1	405	
纠	jiū	1	406	
母	mǔ	1	407	
幼	yòu	1	408	
丝	sī	1	409	s-sh
邦	bāng	1	410	an-ang
式	shì	1	411	s-sh
迂	yū	1	412	
刑	xíng	1	413	in-ing
戎	róng	1	414	r-l,eng-ong,on-ong,un-ong
动	dòng	1	415	eng-ong,on-ong,un-ong
扛	gāng	1	416	g-k,an-ang
扛	káng	1	417	g-k,an-ang
寺	sì	1	418	s-sh
吉	jí	1	419	
扣	kòu	1	420	g-k
考	kǎo	1	421	g-k
托	tuō	1	422	
老	lǎo	1	423	n-l,r-l
巩	gǒng	1	424	g-k,eng-ong,on-ong,un-ong
圾	jī	1	425	
执	zhí	1	426	z-zh
扩	kuò	1	427	g-k
扫	sǎo	1	428	s-sh
扫	sào	1	429	s-sh
地	de	1	430	
地	dì	1	431	
场	cháng	1	432	c-ch,an-ang
场	chǎng	1	433	c-ch,an-ang
扬	yáng	1	434	an-ang
耳	ěr	1	435	
芋	yù	1	436	
共	gòng	1	437	g-k,eng-ong,on-ong,un-ong
芒	máng	1	438	an-ang
亚	yà	1	439	
芝	zhī	1	440	z-zh
朽	xiǔ	1	441	
朴	piáo	1	442	
朴	pò	1	443	
朴	pǔ	1	444	
机	jī	1	445	
权	quán	1	446	uan-uang
过	guō	1	447	g-k
过	guò	1	448	g-k
臣	chén	1	449	c-ch,en-eng
吏	lì	1	450	n-l,r-l
再	zài	1	451	z-zh,an-ai
协	xié	1	452	
西	xī	1	453	
压	yā	1	454	
压	yà	1	455	
厌	yàn	1	456	an-ang,an-ai
戌	qu	1	457	
戌	xū	1	458	
在	zài	1	459	z-zh,an-ai
百	bǎi	1	460	an-ai
有	yǒu	1	461	
存	cún	1	462	c-ch,un-ong,un-iong
而	ér	1	463	
页	yè	1	464	
匠	jiàng	1	465	ian-iang
夸	kuā	1	466	g-k
夺	duó	1	467	
灰	huī	1	468	h-f
达	dá	1	469	
列	liè	1	470	n-l,r-l
死	sǐ	1	471	s-sh
成	chéng	1	472	c-ch,en-eng,eng-ong
夹	gā	1	473	g-k
夹	jiā	1	474	
夹	jiá	1	475	
夷	yí	1	476	
轨	guǐ	1	477	g-k
邪	xié	1	478	
尧	yáo	1	479	
划	huá	1	480	h-f
划	huà	1	481	h-f
迈	mài	1	482	an-ai
毕	bì	1	483	
至	zhì	1	484	z-zh
此	cǐ	1	485	c-ch
贞	zhēn	1	486	z-zh,en-eng
师	shī	1	487	s-sh
尘	chén	1	488	c-ch,en-eng
尖	jiān	1	489	ian-iang
劣	liè	1	490	n-l,r-l
光	guāng	1	491	g-k,uan-uang
当	dāng	1	492	an-ang
当	dàng	1	493	an-ang
早	zǎo	1	494	z-zh
吁	xū	1	495	
吁	yū	1	496	
吁	yù	1	497	
吐	tǔ	1	498	
吐	tù	1	499	
吓	hè	1	500	h-f
吓	xià	1	501	
虫	chóng	1	502	c-ch,eng-ong,on-ong,un-ong
曲	qū	1	503	
曲	qǔ	1	504	
团	tuán	1	505	uan-uang
吕	lǚ	1	506	n-l,r-l
同	tóng	1	507	eng-ong,on-ong,un-ong
同	tòng	1	508	eng-ong,on-ong,un-ong
吊	diào	1	509	
吃	chī	1	510	c-ch
因	yīn	1	511	in-ing
吸	xī	1	512	
吗	má	1	513	
吗	mǎ	1	514	
吗	ma	1	515	
吆	yāo	1	516	
屿	yǔ	1	517	
屹	yì	1	518	
岁	suì	1	519	s-sh
帆	fān	1	520	h-f,an-ang,an-ai
回	huí	1	521	h-f
岂	qǐ	1	522	
则	zé	1	523	z-zh
刚	gāng	1	524	g-k,an-ang
网	wǎng	1	525	an-ang
肉	ròu	1	526	r-l
年	nián	1	527	n-l,ian-iang
朱	zhū	1	528	z-zh
先	xiān	1	529	ian-iang
丢	diū	1	530	
廷	tíng	1	531	in-ing
舌	shé	1	532	s-sh
竹	zhú	1	533	z-zh
迁	qiān	1	534	ian-iang
乔	qiáo	1	535	
迄	qì	1	536	
伟	wěi	1	537	
传	chuán	1	538	c-ch,uan-uang
传	zhuàn	1	539	z-zh,uan-uang
乒	pīng	1	540	in-ing
乓	pāng	1	541	an-ang
休	xiū	1	542	
伍	wǔ	1	543	
伏	fú	1	544	h-f
优	yōu	1	545	
臼	jiù	1	546	
伐	fá	1	547	h-f
延	yán	1	548	an-ang,an-ai
仲	zhòng	1	549	z-zh,eng-ong,on-ong,un-ong
件	jiàn	1	550	ian-iang
任	rén	1	551	r-l,en-eng
任	rèn	1	552	r-l,en-eng
伤	shāng	1	553	s-sh,an-ang
价	jià	1	554	
价	jie	1	555	
伦	lún	1	556	n-l,r-l,un-ong,un-iong
份	fèn	1	557	h-f,en-eng
华	huá	1	558	h-f
华	huà	1	559	h-f
仰	yǎng	1	560	an-ang
仿	fǎng	1	561	h-f,an-ang
伙	huǒ	1	562	h-f
伪	wěi	1	563	
自	zì	1	564	z-zh
伊	yī	1	565	
血	xiě	1	566	
血	xuè	1	567	
向	xiàng	1	568	ian-iang
似	shì	1	569	s-sh
似	sì	1	570	s-sh
后	hòu	1	571	h-f
行	háng	1	572	h-f,an-ang
行	héng	1	573	h-f,en-eng,eng-ong
行	xíng	1	574	in-ing
舟	zhōu	1	575	z-zh
全	quán	1	576	uan-uang
会	huì	1	577	h-f
会	kuài	1	578	g-k
杀	shā	1	579	s-sh
合	gě	1	580	g-k
合	hé	1	581	h-f
兆	zhào	1	582	z-zh
企	qǐ	1	583	
众	zhòng	1	584	z-zh,eng-ong,on-ong,un-ong
爷	yé	1	585	
伞	sǎn	1	586	s-sh,an-ang,an-ai
创	chuāng	1	587	c-ch,uan-uang
创	chuàng	1	588	c-ch,uan-uang
肌	jī	1	589	
肋	lèi	1	590	n-l,r-l
朵	duǒ	1	591	
杂	zá	1	592	z-zh
危	wēi	1	593	
旬	xún	1	594	un-ong,un-iong
旨	zhǐ	1	595	z-zh
旭	xù	1	596	
负	fù	1	597	h-f
匈	xiōng	1	598	un-iong
名	míng	1	599	in-ing
各	gè	1	600	g-k
多	duō	1	601	
争	zhēng	1	602	z-zh,en-eng,eng-ong
色	sè	1	603	s-sh
色	shǎi	1	604	s-sh,an-ai
壮	zhuàng	1	605	z-zh,uan-uang
冲	chōng	1	606	c-ch,eng-ong,on-ong,un-ong
冲	chòng	1	607	c-ch,eng-ong,on-ong,un-ong
妆	zhuāng	1	608	z-zh,uan-uang
冰	bīng	1	609	in-ing
庄	zhuāng	1	610	z-zh,uan-uang
庆	qìng	1	611	in-ing
亦	yì	1	612	
刘	liú	1	613	n-l,r-l
齐	qí	1	614	
交	jiāo	1	615	
衣	yī	1	616	
次	cì	1	617	c-ch
产	chǎn	1	618	c-ch,an-ang,an-ai
决	jué	1	619	
亥	hài	1	620	h-f,an-ai
充	chōng	1	621	c-ch,eng-ong,on-ong,un-ong
妄	wàng	1	622	an-ang
闭	bì	1	623	
问	wèn	1	624	en-eng
闯	chuǎng	1	625	c-ch,uan-uang
羊	yáng	1	626	an-ang
并	bīng	1	627	in-ing
并	bìng	1	628	in-ing
关	guān	1	629	g-k,uan-uang
米	mǐ	1	630	
灯	dēng	1	631	en-eng,eng-ong
州	zhōu	1	632	z-zh
汗	hán	1	633	h-f,an-ang,an-ai
汗	hàn	1	634	h-f,an-ang,an-ai
污	wū	1	635	
江	jiāng	1	636	ian-iang
汛	xùn	1	637	un-ong,un-iong
池	chí	1	638	c-ch
汝	rǔ	1	639	r-l
汤	tāng	1	640	an-ang
忙	máng	1	641	an-ang
兴	xīng	1	642	in-ing
兴	xìng	1	643	in-ing
宇	yǔ	1	644	
守	shǒu	1	645	s-sh
宅	zhái	1	646	z-zh,an-ai
字	zì	1	647	z-zh
安	ān	1	648	an-ang,an-ai
讲	jiǎng	1	649	ian-iang
讳	huì	1	650	h-f
军	jūn	1	651	un-ong,un-iong
讶	yà	1	652	
许	xǔ	1	653	
讹	é	1	654	
论	lún	1	655	n-l,r-l,un-ong,un-iong
论	lùn	1	656	n-l,r-l,un-ong,un-iong
讼	sòng	1	657	s-sh,eng-ong,on-ong,un-ong
农	nóng	1	658	n-l,eng-ong,on-ong,un-ong
讽	fěng	1	659	h-f,en-eng,eng-ong
设	shè	1	660	s-sh
访	fǎng	1	661	h-f,an-ang
诀	jué	1	662	
寻	xún	1	663	un-ong,un-iong
那	nā	1	664	n-l
那	nà	1	665	n-l
迅	xùn	1	666	un-ong,un-iong
尽	jǐn	1	667	in-ing
尽	jìn	1	668	in-ing
导	dǎo	1	669	
异	yì	1	670	
弛	chí	1	671	c-ch
孙	sūn	1	672	s-sh,un-ong,un-iong
阵	zhèn	1	673	z-zh,en-eng
阳	yáng	1	674	an-ang
收	shōu	1	675	s-sh
阶	jiē	1	676	
阴	yīn	1	677	in-ing
防	fáng	1	678	h-f,an-ang
奸	jiān	1	679	ian-iang
如	rú	1	680	r-l
妇	fù	1	681	h-f
妃	fēi	1	682	h-f
好	hǎo	1	683	h-f
好	hào	1	684	h-f
她	tā	1	685	
妈	mā	1	686	
戏	xì	1	687	
羽	yǔ	1	688	
观	guān	1	689	g-k,uan-uang
观	guàn	1	690	g-k,uan-uang
欢	huān	1	691	h-f,uan-uang
买	mǎi	1	692	an-ai
红	hóng	1	693	h-f,eng-ong,on-ong,un-ong
驮	duò	1	694	
驮	tuó	1	695	
纤	qiàn	1	696	ian-iang
纤	xiān	1	697	ian-iang
驯	xùn	1	698	un-ong,un-iong
约	yāo	1	699	
约	yuē	1	700	
级	jí	1	701	
纪	jǐ	1	702	
纪	jì	1	703	
驰	chí	1	704	c-ch
纫	rèn	1	705	r-l,en-eng
巡	xún	1	706	un-ong,un-iong
寿	shòu	1	707	s-sh
弄	lòng	1	708	n-l,r-l,eng-ong,on-ong,un-ong
弄	nòng	1	709	n-l,eng-ong,on-ong,un-ong
麦	mài	1	710	an-ai
玖	jiǔ	1	711	
玛	mǎ	1	712	
形	xíng	1	713	in-ing
进	jìn	1	714	in-ing
戒	jiè	1	715	
吞	tūn	1	716	un-ong,un-iong
远	yuǎn	1	717	uan-uang
违	wéi	1	718	
韧	rèn	1	719	r-l,en-eng
运	yùn	1	720	un-ong,un-iong
扶	fú	1	721	h-f
抚	fǔ	1	722	h-f
坛	tán	1	723	an-ang,an-ai
技	jì	1	724	
坏	huài	1	725	h-f
抠	kōu	1	726	g-k
扰	rǎo	1	727	r-l
扼	è	1	728	
拒	jù	1	729	
找	zhǎo	1	730	z-zh
批	pī	1	731	
址	zhǐ	1	732	z-zh
扯	chě	1	733	c-ch
走	zǒu	1	734	z-zh
抄	chāo	1	735	c-ch
贡	gòng	1	736	g-k,eng-ong,on-ong,un-ong
汞	gǒng	1	737	g-k,eng-ong,on-ong,un-ong
坝	bà	1	738	
攻	gōng	1	739	g-k,eng-ong,on-ong,un-ong
赤	chì	1	740	c-ch
折	shé	1	741	s-sh
折	zhē	1	742	z-zh
折	zhé	1	743	z-zh
抓	zhuā	1	744	z-zh
扳	bān	1	745	an-ang,an-ai
抡	lūn	1	746	n-l,r-l,un-ong,un-iong
扮	bàn	1	747	an-ang,an-ai
抢	qiāng	1	748	ian-iang
抢	qiǎng	1	749	ian-iang
孝	xiào	1	750	
坎	kǎn	1	751	g-k,an-ang,an-ai
均	jūn	1	752	un-ong,un-iong
抑	yì	1	753	
抛	pāo	1	754	
投	tóu	1	755	
坟	fén	1	756	h-f,en-eng
坑	kēng	1	757	g-k,en-eng,eng-ong
抗	kàng	1	758	g-k,an-ang
坊	fāng	1	759	h-f,an-ang
坊	fáng	1	760	h-f,an-ang
抖	dǒu	1	761	
护	hù	1	762	h-f
壳	ké	1	763	g-k
壳	qiào	1	764	
志	zhì	1	765	z-zh
块	kuài	1	766	g-k
扭	niǔ	1	767	n-l
声	shēng	1	768	s-sh,en-eng,eng-ong
把	bǎ	1	769	
把	bà	1	770	
报	bào	1	771	
拟	nǐ	1	772	n-l
却	què	1	773	
抒	shū	1	774	s-sh
劫	jié	1	775	
芙	fú	1	776	h-f
芜	wú	1	777	
苇	wěi	1	778	
芽	yá	1	779	
花	huā	1	780	h-f
芹	qín	1	781	in-ing
芥	gài	1	782	g-k,an-ai
芥	jiè	1	783	
芬	fēn	1	784	h-f,en-eng
苍	cāng	1	785	c-ch,an-ang
芳	fāng	1	786	h-f,an-ang
严	yán	1	787	an-ang,an-ai
芦	lú	1	788	n-l,r-l
芦	lǔ	1	789	n-l,r-l
芯	xīn	1	790	in-ing
芯	xìn	1	791	in-ing
劳	láo	1	792	n-l,r-l
克	kè	1	793	g-k
芭	bā	1	794	
苏	sū	1	795	s-sh
杆	gān	1	796	g-k,an-ang,an-ai
杆	gǎn	1	797	g-k,an-ang,an-ai
杠	gàng	1	798	g-k,an-ang
杜	dù	1	799	
材	cái	1	800	c-ch,an-ai
村	cūn	1	801	c-ch,un-ong,un-iong
杖	zhàng	1	802	z-zh,an-ang
杏	xìng	1	803	in-ing
杉	shā	1	804	s-sh
杉	shān	1	805	s-sh,an-ang,an-ai
巫	wū	1	806	
极	jí	1	807	
李	lǐ	1	808	n-l,r-l
杨	yáng	1	809	an-ang
求	qiú	1	810	
甫	fǔ	1	811	h-f
匣	xiá	1	812	
更	gēng	1	813	g-k,en-eng,eng-ong
更	gèng	1	814	g-k,en-eng,eng-ong
束	shù	1	815	s-sh
吾	wú	1	816	
豆	dòu	1	817	
两	liǎng	1	818	n-l,r-l,ian-iang
酉	yǒu	1	819	
丽	lí	1	820	n-l,r-l
丽	lì	1	821	n-l,r-l
医	yī	1	822	
辰	chén	1	823	c-ch,en-eng
励	lì	1	824	n-l,r-l
否	fǒu	1	825	h-f
否	pǐ	1	826	
还	hái	1	827	h-f,an-ai
还	huán	1	828	h-f,uan-uang
尬	gà	1	829	g-k
歼	jiān	1	830	ian-iang
来	lái	1	831	n-l,r-l,an-ai
连	lián	1	832	n-l,r-l,ian-iang
轩	xuān	1	833	uan-uang
步	bù	1	834	
卤	lǔ	1	835	n-l,r-l
坚	jiān	1	836	ian-iang
肖	xiāo	1	837	
肖	xiào	1	838	
旱	hàn	1	839	h-f,an-ang,an-ai
盯	dīng	1	840	in-ing
呈	chéng	1	841	c-ch,en-eng,eng-ong
时	shí	1	842	s-sh
吴	wú	1	843	
助	zhù	1	844	z-zh
县	xiàn	1	845	ian-iang
里	lǐ	1	846	n-l,r-l
呆	dāi	1	847	an-ai
吱	zhī	1	848	z-zh
吱	zī	1	849	z-zh
吠	fèi	1	850	h-f
呕	ǒu	1	851	
园	yuán	1	852	uan-uang
旷	kuàng	1	853	g-k,uan-uang
围	wéi	1	854	
呀	yā	1	855	
呀	ya	1	856	
吨	dūn	1	857	un-ong,un-iong
足	zú	1	858	z-zh
邮	yóu	1	859	
男	nán	1	860	n-l,an-ang,an-ai
困	kùn	1	861	g-k,un-ong,un-iong
吵	chāo	1	862	c-ch
吵	chǎo	1	863	c-ch
串	chuàn	1	864	c-ch,uan-uang
员	yuán	1	865	uan-uang
员	yùn	1	866	un-ong,un-iong
呐	nà	1	867	n-l
听	tīng	1	868	in-ing
吟	yín	1	869	in-ing
吩	fēn	1	870	h-f,en-eng
呛	qiāng	1	871	ian-iang
呛	qiàng	1	872	ian-iang
吻	wěn	1	873	en-eng
吹	chuī	1	874	c-ch
呜	wū	1	875	
吭	háng	1	876	h-f,an-ang
吭	kēng	1	877	g-k,en-eng,eng-ong
吧	bā	1	878	
吧	ba	1	879	
邑	yì	1	880	
吼	hǒu	1	881	h-f
囤	dùn	1	882	un-ong,un-iong
囤	tún	1	883	un-ong,un-iong
别	bié	1	884	
别	biè	1	885	
吮	shǔn	1	886	s-sh,un-ong,un-iong
岖	qū	1	887	
岗	gāng	1	888	g-k,an-ang
岗	gǎng	1	889	g-k,an-ang
帐	zhàng	1	890	z-zh,an-ang
财	cái	1	891	c-ch,an-ai
针	zhēn	1	892	z-zh,en-eng
钉	dīng	1	893	in-ing
钉	dìng	1	894	in-ing
牡	mǔ	1	895	
告	gào	1	896	g-k
我	wǒ	1	897	
乱	luàn	1	898	n-l,r-l,uan-uang
利	lì	1	899	n-l,r-l
秃	tū	1	900	
秀	xiù	1	901	
私	sī	1	902	s-sh
每	měi	1	903	
兵	bīng	1	904	in-ing
估	gū	1	905	g-k
估	gù	1	906	g-k
体	tī	1	907	
体	tǐ	1	908	
何	hé	1	909	h-f
佐	zuǒ	1	910	z-zh
佑	yòu	1	911	
但	dàn	1	912	an-ang,an-ai
伸	shēn	1	913	s-sh,en-eng
佃	diàn	1	914	ian-iang
作	zuō	1	915	z-zh
作	zuò	1	916	z-zh
伯	bǎi	1	917	an-ai
伯	bó	1	918	
伶	líng	1	919	n-l,r-l,in-ing
佣	yōng	1	920	eng-ong,on-ong,un-ong
佣	yòng	1	921	eng-ong,on-ong,un-ong
低	dī	1	922	
你	nǐ	1	923	n-l
住	zhù	1	924	z-zh
位	wèi	1	925	
伴	bàn	1	926	an-ang,an-ai
身	shēn	1	927	s-sh,en-eng
皂	zào	1	928	z-zh
伺	cì	1	929	c-ch
伺	sì	1	930	s-sh
佛	fó	1	931	h-f
佛	fú	1	932	h-f
囱	cōng	1	933	c-ch,eng-ong,on-ong,un-ong
近	jìn	1	934	in-ing
彻	chè	1	935	c-ch
役	yì	1	936	
返	fǎn	1	937	h-f,an-ang,an-ai
余	yú	1	938	
希	xī	1	939	
坐	zuò	1	940	z-zh
谷	gǔ	1	941	g-k
妥	tuǒ	1	942	
含	hán	1	943	h-f,an-ang,an-ai
邻	lín	1	944	n-l,r-l,in-ing
岔	chà	1	945	c-ch
肝	gān	1	946	g-k,an-ang,an-ai
肛	gāng	1	947	g-k,an-ang
肚	dǔ	1	948	
肚	dù	1	949	
肘	zhǒu	1	950	z-zh
肠	cháng	1	951	c-ch,an-ang
龟	guī	1	952	g-k
龟	jūn	1	953	un-ong,un-iong
龟	qiū	1	954	
甸	diàn	1	955	ian-iang
免	miǎn	1	956	ian-iang
狂	kuáng	1	957	g-k,uan-uang
犹	yóu	1	958	
狈	bèi	1	959	
角	jiǎo	1	960	
角	jué	1	961	
删	shān	1	962	s-sh,an-ang,an-ai
条	tiáo	1	963	
彤	tóng	1	964	eng-ong,on-ong,un-ong
卵	luǎn	1	965	n-l,r-l,uan-uang
灸	jiǔ	1	966	
岛	dǎo	1	967	
刨	bào	1	968	
刨	páo	1	969	
迎	yíng	1	970	in-ing
饭	fàn	1	971	h-f,an-ang,an-ai
饮	yǐn	1	972	in-ing
饮	yìn	1	973	in-ing
系	jì	1	974	
系	xì	1	975	
言	yán	1	976	an-ang,an-ai
冻	dòng	1	977	eng-ong,on-ong,un-ong
状	zhuàng	1	978	z-zh,uan-uang
亩	mǔ	1	979	
况	kuàng	1	980	g-k,uan-uang
床	chuáng	1	981	c-ch,uan-uang
库	kù	1	982	g-k
庇	bì	1	983	
疗	liáo	1	984	n-l,r-l
吝	lìn	1	985	n-l,r-l,in-ing
应	yīng	1	986	in-ing
应	yìng	1	987	in-ing
这	zhè	1	988	z-zh
冷	lěng	1	989	n-l,r-l,en-eng,eng-ong
庐	lú	1	990	n-l,r-l
序	xù	1	991	
辛	xīn	1	992	in-ing
弃	qì	1	993	
冶	yě	1	994	
忘	wàng	1	995	an-ang
闰	rùn	1	996	r-l,un-ong,un-iong
闲	xián	1	997	ian-iang
间	jiān	1	998	ian-iang
间	jiàn	1	999	ian-iang
闷	mēn	1	1000	en-eng
闷	mèn	1	1001	en-eng
判	pàn	1	1002	an-ang,an-ai
兑	duì	1	1003	
灶	zào	1	1004	z-zh
灿	càn	1	1005	c-ch,an-ang,an-ai
灼	zhuó	1	1006	z-zh
弟	dì	1	1007	
汪	wāng	1	1008	an-ang
沐	mù	1	1009	
沛	pèi	1	1010	
汰	tài	1	1011	an-ai
沥	lì	1	1012	n-l,r-l
沙	shā	1	1013	s-sh
沙	shà	1	1014	s-sh
汽	qì	1	1015	
沃	wò	1	1016	
沦	lún	1	1017	n-l,r-l,un-ong,un-iong
汹	xiōng	1	1018	un-iong
泛	fàn	1	1019	h-f,an-ang,an-ai
沧	cāng	1	1020	c-ch,an-ang
没	méi	1	1021	
没	mò	1	1022	
沟	gōu	1	1023	g-k
沪	hù	1	1024	h-f
沈	shěn	1	1025	s-sh,en-eng
沉	chén	1	1026	c-ch,en-eng
沁	qìn	1	1027	in-ing
怀	huái	1	1028	h-f
忧	yōu	1	1029	
忱	chén	1	1030	c-ch,en-eng
快	kuài	1	1031	g-k
完	wán	1	1032	an-ang,an-ai
宋	sòng	1	1033	s-sh,eng-ong,on-ong,un-ong
宏	hóng	1	1034	h-f,eng-ong,on-ong,un-ong
牢	láo	1	1035	n-l,r-l
究	jiū	1	1036	
穷	qióng	1	1037	un-iong
灾	zāi	1	1038	z-zh,an-ai
良	liáng	1	1039	n-l,r-l,ian-iang
证	zhèng	1	1040	z-zh,en-eng,eng-ong
启	qǐ	1	1041	
评	píng	1	1042	in-ing
补	bǔ	1	1043	
初	chū	1	1044	c-ch
社	shè	1	1045	s-sh
祀	sì	1	1046	s-sh
识	shí	1	1047	s-sh
识	zhì	1	1048	z-zh
诈	zhà	1	1049	z-zh
诉	sù	1	1050	s-sh
罕	hǎn	1	1051	h-f,an-ang,an-ai
诊	zhěn	1	1052	z-zh,en-eng
词	cí	1	1053	c-ch
译	yì	1	1054	
君	jūn	1	1055	un-ong,un-iong
灵	líng	1	1056	n-l,r-l,in-ing
即	jí	1	1057	
层	céng	1	1058	c-ch,en-eng,eng-ong
屁	pì	1	1059	
尿	niào	1	1060	n-l
尿	suī	1	1061	s-sh
尾	wěi	1	1062	
尾	yǐ	1	1063	
迟	chí	1	1064	c-ch
局	jú	1	1065	
改	gǎi	1	1066	g-k,an-ai
张	zhāng	1	1067	z-zh,an-ang
忌	jì	1	1068	
际	jì	1	1069	
陆	liù	1	1070	n-l,r-l
陆	lù	1	1071	n-l,r-l
阿	ā	1	1072	
阿	ē	1	1073	
陈	chén	1	1074	c-ch,en-eng
阻	zǔ	1	1075	z-zh
附	fù	1	1076	h-f
坠	zhuì	1	1077	z-zh
妓	jì	1	1078	
妙	miào	1	1079	
妖	yāo	1	1080	
姊	zǐ	1	1081	z-zh
妨	fáng	1	1082	h-f,an-ang
妒	dù	1	1083	
努	nǔ	1	1084	n-l
忍	rěn	1	1085	r-l,en-eng
劲	jìn	1	1086	in-ing
劲	jìng	1	1087	in-ing
矣	yǐ	1	1088	
鸡	jī	1	1089	
纬	wěi	1	1090	
驱	qū	1	1091	
纯	chún	1	1092	c-ch,un-ong,un-iong
纱	shā	1	1093	s-sh
纲	gāng	1	1094	g-k,an-ang
纳	nà	1	1095	n-l
驳	bó	1	1096	
纵	zòng	1	1097	z-zh,eng-ong,on-ong,un-ong
纷	fēn	1	1098	h-f,en-eng
纸	zhǐ	1	1099	z-zh
纹	wén	1	1100	en-eng
纺	fǎng	1	1101	h-f,an-ang
驴	lǘ	1	1102	n-l,r-l
纽	niǔ	1	1103	n-l
奉	fèng	1	1104	h-f,en-eng,eng-ong
玩	wán	1	1105	an-ang,an-ai
环	huán	1	1106	h-f,uan-uang
武	wǔ	1	1107	
青	qīng	1	1108	in-ing
责	zé	1	1109	z-zh
现	xiàn	1	1110	ian-iang
玫	méi	1	1111	
表	biǎo	1	1112	
规	guī	1	1113	g-k
抹	mā	1	1114	
抹	mǒ	1	1115	
抹	mò	1	1116	
卦	guà	1	1117	g-k
坷	kē	1	1118	g-k
坷	kě	1	1119	g-k
坯	pī	1	1120	
拓	tà	1	1121	
拓	tuò	1	1122	
拢	lǒng	1	1123	n-l,r-l,eng-ong,on-ong,un-ong
拔	bá	1	1124	
坪	píng	1	1125	in-ing
拣	jiǎn	1	1126	ian-iang
坦	tǎn	1	1127	an-ang,an-ai
担	dān	1	1128	an-ang,an-ai
担	dàn	1	1129	an-ang,an-ai
坤	kūn	1	1130	g-k,un-ong,un-iong
押	yā	1	1131	
抽	chōu	1	1132	c-ch
拐	guǎi	1	1133	g-k
拖	tuō	1	1134	
者	zhě	1	1135	z-zh
拍	pāi	1	1136	an-ai
顶	dǐng	1	1137	in-ing
拆	chāi	1	1138	c-ch,an-ai
拎	līn	1	1139	n-l,r-l,in-ing
拥	yōng	1	1140	eng-ong,on-ong,un-ong
抵	dǐ	1	1141	
拘	jū	1	1142	
势	shì	1	1143	s-sh
抱	bào	1	1144	
拄	zhǔ	1	1145	z-zh
垃	lā	1	1146	n-l,r-l
拉	lā	1	1147	n-l,r-l
拉	lá	1	1148	n-l,r-l
拦	lán	1	1149	n-l,r-l,an-ang,an-ai
幸	xìng	1	1150	in-ing
拌	bàn	1	1151	an-ang,an-ai
拧	níng	1	1152	n-l,in-ing
拧	nǐng	1	1153	n-l,in-ing
拧	nìng	1	1154	n-l,in-ing
拂	fú	1	1155	h-f
拙	zhuō	1	1156	z-zh
招	zhāo	1	1157	z-zh
坡	pō	1	1158	
披	pī	1	1159	
拨	bō	1	1160	
择	zé	1	1161	z-zh
择	zhái	1	1162	z-zh,an-ai
抬	tái	1	1163	an-ai
拇	mǔ	1	1164	
拗	ào	1	1165	
拗	niù	1	1166	n-l
其	qí	1	1167	
取	qǔ	1	1168	
茉	mò	1	1169	
苦	kǔ	1	1170	g-k
昔	xī	1	1171	
苛	kē	1	1172	g-k
若	ruò	1	1173	r-l
茂	mào	1	1174	
苹	píng	1	1175	in-ing
苗	miáo	1	1176	
英	yīng	1	1177	in-ing
苟	gǒu	1	1178	g-k
苑	yuàn	1	1179	uan-uang
苞	bāo	1	1180	
范	fàn	1	1181	h-f,an-ang,an-ai
直	zhí	1	1182	z-zh
茁	zhuó	1	1183	z-zh
茄	jiā	1	1184	
茄	qié	1	1185	
茎	jīng	1	1186	in-ing
苔	tāi	1	1187	an-ai
苔	tái	1	1188	an-ai
茅	máo	1	1189	
枉	wǎng	1	1190	an-ang
林	lín	1	1191	n-l,r-l,in-ing
枝	zhī	1	1192	z-zh
杯	bēi	1	1193	
枢	shū	1	1194	s-sh
柜	guì	1	1195	g-k
柜	jǔ	1	1196	
枚	méi	1	1197	
析	xī	1	1198	
板	bǎn	1	1199	an-ang,an-ai
松	sōng	1	1200	s-sh,eng-ong,on-ong,un-ong
枪	qiāng	1	1201	ian-iang
枫	fēng	1	1202	h-f,en-eng,eng-ong
构	gòu	1	1203	g-k
杭	háng	1	1204	h-f,an-ang
杰	jié	1	1205	
述	shù	1	1206	s-sh
枕	zhěn	1	1207	z-zh,en-eng
丧	sāng	1	1208	s-sh,an-ang
丧	sàng	1	1209	s-sh,an-ang
或	huò	1	1210	h-f
画	huà	1	1211	h-f
卧	wò	1	1212	
事	shì	1	1213	s-sh
刺	cī	1	1214	c-ch
刺	cì	1	1215	c-ch
枣	zǎo	1	1216	z-zh
雨	yǔ	1	1217	
卖	mài	1	1218	an-ai
郁	yù	1	1219	
矾	fán	1	1220	h-f,an-ang,an-ai
矿	kuàng	1	1221	g-k,uan-uang
码	mǎ	1	1222	
厕	cè	1	1223	c-ch
奈	nài	1	1224	n-l,an-ai
奔	bēn	1	1225	en-eng
奔	bèn	1	1226	en-eng
奇	jī	1	1227	
奇	qí	1	1228	
奋	fèn	1	1229	h-f,en-eng
态	tài	1	1230	an-ai
欧	ōu	1	1231	
殴	ōu	1	1232	
垄	lǒng	1	1233	n-l,r-l,eng-ong,on-ong,un-ong
妻	qī	1	1234	
轰	hōng	1	1235	h-f,eng-ong,on-ong,un-ong
顷	qǐng	1	1236	in-ing
转	zhuǎn	1	1237	z-zh,uan-uang
转	zhuàn	1	1238	z-zh,uan-uang
斩	zhǎn	1	1239	z-zh,an-ang,an-ai
轮	lún	1	1240	n-l,r-l,un-ong,un-iong
软	ruǎn	1	1241	r-l,uan-uang
到	dào	1	1242	
非	fēi	1	1243	h-f
叔	shū	1	1244	s-sh
歧	qí	1	1245	
肯	kěn	1	1246	g-k,en-eng
齿	chǐ	1	1247	c-ch
些	xiē	1	1248	
卓	zhuó	1	1249	z-zh
虎	hǔ	1	1250	h-f
虏	lǔ	1	1251	n-l,r-l
肾	shèn	1	1252	s-sh,en-eng
贤	xián	1	1253	ian-iang
尚	shàng	1	1254	s-sh,an-ang
旺	wàng	1	1255	an-ang
具	jù	1	1256	
味	wèi	1	1257	
果	guǒ	1	1258	g-k
昆	kūn	1	1259	g-k,un-ong,un-iong
国	guó	1	1260	g-k
哎	āi	1	1261	an-ai
咕	gū	1	1262	g-k
昌	chāng	1	1263	c-ch,an-ang
呵	hē	1	1264	h-f
畅	chàng	1	1265	c-ch,an-ang
明	míng	1	1266	in-ing
易	yì	1	1267	
咙	lóng	1	1268	n-l,r-l,eng-ong,on-ong,un-ong
昂	áng	1	1269	an-ang
迪	dí	1	1270	
典	diǎn	1	1271	ian-iang
固	gù	1	1272	g-k
忠	zhōng	1	1273	z-zh,eng-ong,on-ong,un-ong
呻	shēn	1	1274	s-sh,en-eng
咒	zhòu	1	1275	z-zh
咋	zǎ	1	1276	z-zh
咋	zé	1	1277	z-zh
咋	zhā	1	1278	z-zh
咐	fù	1	1279	h-f
呼	hū	1	1280	h-f
鸣	míng	1	1281	in-ing
咏	yǒng	1	1282	eng-ong,on-ong,un-ong
呢	ne	1	1283	n-l
呢	ní	1	1284	n-l
咄	duō	1	1285	
咖	gā	1	1286	g-k
咖	kā	1	1287	g-k
岸	àn	1	1288	an-ang,an-ai
岩	yán	1	1289	an-ang,an-ai
帖	tiē	1	1290	
帖	tiě	1	1291	
帖	tiè	1	1292	
罗	luó	1	1293	n-l,r-l
帜	zhì	1	1294	z-zh
帕	pà	1	1295	
岭	lǐng	1	1296	n-l,r-l,in-ing
凯	kǎi	1	1297	g-k,an-ai
败	bài	1	1298	an-ai
账	zhàng	1	1299	z-zh,an-ang
贩	fàn	1	1300	h-f,an-ang,an-ai
贬	biǎn	1	1301	ian-iang
购	gòu	1	1302	g-k
贮	zhù	1	1303	z-zh
图	tú	1	1304	
钓	diào	1	1305	
制	zhì	1	1306	z-zh
知	zhī	1	1307	z-zh
迭	dié	1	1308	
氛	fēn	1	1309	h-f,en-eng
垂	chuí	1	1310	c-ch
牧	mù	1	1311	
物	wù	1	1312	
乖	guāi	1	1313	g-k
刮	guā	1	1314	g-k
秆	gǎn	1	1315	g-k,an-ang,an-ai
和	hé	1	1316	h-f
和	hè	1	1317	h-f
和	hú	1	1318	h-f
和	huó	1	1319	h-f
和	huò	1	1320	h-f
和	huo	1	1321	h-f
季	jì	1	1322	
委	wěi	1	1323	
秉	bǐng	1	1324	in-ing
佳	jiā	1	1325	
侍	shì	1	1326	s-sh
岳	yuè	1	1327	
供	gōng	1	1328	g-k,eng-ong,on-ong,un-ong
供	gòng	1	1329	g-k,eng-ong,on-ong,un-ong
使	shǐ	1	1330	s-sh
例	lì	1	1331	n-l,r-l
侠	xiá	1	1332	
侥	jiǎo	1	1333	
侥	yáo	1	1334	
版	bǎn	1	1335	an-ang,an-ai
侄	zhí	1	1336	z-zh
侦	zhēn	1	1337	z-zh,en-eng
侣	lǚ	1	1338	n-l,r-l
侧	cè	1	1339	c-ch
凭	píng	1	1340	in-ing
侨	qiáo	1	1341	
佩	pèi	1	1342	
货	huò	1	1343	h-f
侈	chǐ	1	1344	c-ch
依	yī	1	1345	
卑	bēi	1	1346	
的	de	1	1347	
的	dī	1	1348	
的	dí	1	1349	
的	dì	1	1350	
迫	pǎi	1	1351	an-ai
迫	pò	1	1352	
质	zhì	1	1353	z-zh
欣	xīn	1	1354	in-ing
征	zhēng	1	1355	z-zh,en-eng,eng-ong
往	wǎng	1	1356	an-ang
爬	pá	1	1357	
彼	bǐ	1	1358	
径	jìng	1	1359	in-ing
所	suǒ	1	1360	s-sh
舍	shě	1	1361	s-sh
舍	shè	1	1362	s-sh
金	jīn	1	1363	in-ing
刹	chà	1	1364	c-ch
刹	shā	1	1365	s-sh
命	mìng	1	1366	in-ing
肴	yáo	1	1367	
斧	fǔ	1	1368	h-f
爸	bà	1	1369	
采	cǎi	1	1370	c-ch,an-ai
采	cài	1	1371	c-ch,an-ai
觅	mì	1	1372	
受	shòu	1	1373	s-sh
乳	rǔ	1	1374	r-l
贪	tān	1	1375	an-ang,an-ai
念	niàn	1	1376	n-l,ian-iang
贫	pín	1	1377	in-ing
忿	fèn	1	1378	h-f,en-eng
肤	fū	1	1379	h-f
肺	fèi	1	1380	h-f
肢	zhī	1	1381	z-zh
肿	zhǒng	1	1382	z-zh,eng-ong,on-ong,un-ong
胀	zhàng	1	1383	z-zh,an-ang
朋	péng	1	1384	en-eng,eng-ong
股	gǔ	1	1385	g-k
肮	āng	1	1386	an-ang
肪	fáng	1	1387	h-f,an-ang
肥	féi	1	1388	h-f
服	fú	1	1389	h-f
服	fù	1	1390	h-f
胁	xié	1	1391	
周	zhōu	1	1392	z-zh
昏	hūn	1	1393	h-f,un-ong,un-iong
鱼	yú	1	1394	
兔	tù	1	1395	
狐	hú	1	1396	h-f
忽	hū	1	1397	h-f
狗	gǒu	1	1398	g-k
狞	níng	1	1399	n-l,in-ing
备	bèi	1	1400	
饰	shì	1	1401	s-sh
饱	bǎo	1	1402	
饲	sì	1	1403	s-sh
变	biàn	1	1404	ian-iang
京	jīng	1	1405	in-ing
享	xiǎng	1	1406	ian-iang
庞	páng	1	1407	an-ang
店	diàn	1	1408	ian-iang
夜	yè	1	1409	
庙	miào	1	1410	
府	fǔ	1	1411	h-f
底	dǐ	1	1412	
疟	nüè	1	1413	n-l
疟	yào	1	1414	
疙	gē	1	1415	g-k
疚	jiù	1	1416	
剂	jì	1	1417	
卒	cù	1	1418	c-ch
卒	zú	1	1419	z-zh
郊	jiāo	1	1420	
庚	gēng	1	1421	g-k,en-eng,eng-ong
废	fèi	1	1422	h-f
净	jìng	1	1423	in-ing
盲	máng	1	1424	an-ang
放	fàng	1	1425	h-f,an-ang
刻	kè	1	1426	g-k
育	yù	1	1427	
氓	máng	1	1428	an-ang
闸	zhá	1	1429	z-zh
闹	nào	1	1430	n-l
郑	zhèng	1	1431	z-zh,en-eng,eng-ong
券	quàn	1	1432	uan-uang
券	xuàn	1	1433	uan-uang
卷	juǎn	1	1434	uan-uang
卷	juàn	1	1435	uan-uang
单	chán	1	1436	c-ch,an-ang,an-ai
单	dān	1	1437	an-ang,an-ai
单	shàn	1	1438	s-sh,an-ang,an-ai
炬	jù	1	1439	
炒	chǎo	1	1440	c-ch
炊	chuī	1	1441	c-ch
炕	kàng	1	1442	g-k,an-ang
炎	yán	1	1443	an-ang,an-ai
炉	lú	1	1444	n-l,r-l
沫	mò	1	1445	
浅	qiǎn	1	1446	ian-iang
法	fǎ	1	1447	h-f
泄	xiè	1	1448	
沽	gū	1	1449	g-k
河	hé	1	1450	h-f
沾	zhān	1	1451	z-zh,an-ang,an-ai
泪	lèi	1	1452	n-l,r-l
沮	jǔ	1	1453	
油	yóu	1	1454	
泊	bó	1	1455	
泊	pō	1	1456	
沿	yán	1	1457	an-ang,an-ai
泡	pāo	1	1458	
泡	pào	1	1459	
注	zhù	1	1460	z-zh
泣	qì	1	1461	
泞	nìng	1	1462	n-l,in-ing
泻	xiè	1	1463	
泌	bì	1	1464	
泌	mì	1	1465	
泳	yǒng	1	1466	eng-ong,on-ong,un-ong
泥	ní	1	1467	n-l
泥	nì	1	1468	n-l
沸	fèi	1	1469	h-f
沼	zhǎo	1	1470	z-zh
波	bō	1	1471	
泼	pō	1	1472	
泽	zé	1	1473	z-zh
治	zhì	1	1474	z-zh
怔	zhèng	1	1475	z-zh,en-eng,eng-ong
怯	qiè	1	1476	
怖	bù	1	1477	
性	xìng	1	1478	in-ing
怕	pà	1	1479	
怜	lián	1	1480	n-l,r-l,ian-iang
怪	guài	1	1481	g-k
怡	yí	1	1482	
学	xué	1	1483	
宝	bǎo	1	1484	
宗	zōng	1	1485	z-zh,eng-ong,on-ong,un-ong
定	dìng	1	1486	in-ing
宠	chǒng	1	1487	c-ch,eng-ong,on-ong,un-ong
宜	yí	1	1488	
审	shěn	1	1489	s-sh,en-eng
宙	zhòu	1	1490	z-zh
官	guān	1	1491	g-k,uan-uang
空	kōng	1	1492	g-k,eng-ong,on-ong,un-ong
空	kòng	1	1493	g-k,eng-ong,on-ong,un-ong
帘	lián	1	1494	n-l,r-l,ian-iang
宛	wǎn	1	1495	an-ang,an-ai
实	shí	1	1496	s-sh
试	shì	1	1497	s-sh
郎	láng	1	1498	n-l,r-l,an-ang
郎	làng	1	1499	n-l,r-l,an-ang
诗	shī	1	1500	s-sh
肩	jiān	1	1501	ian-iang
房	fáng	1	1502	h-f,an-ang
诚	chéng	1	1503	c-ch,en-eng,eng-ong
衬	chèn	1	1504	c-ch,en-eng
衫	shān	1	1505	s-sh,an-ang,an-ai
视	shì	1	1506	s-sh
祈	qí	1	1507	
话	huà	1	1508	h-f
诞	dàn	1	1509	an-ang,an-ai
诡	guǐ	1	1510	g-k
询	xún	1	1511	un-ong,un-iong
该	gāi	1	1512	g-k,an-ai
详	xiáng	1	1513	ian-iang
建	jiàn	1	1514	ian-iang
肃	sù	1	1515	s-sh
录	lù	1	1516	n-l,r-l
隶	lì	1	1517	n-l,r-l
帚	zhǒu	1	1518	z-zh
屉	tì	1	1519	
居	jū	1	1520	
届	jiè	1	1521	
刷	shuā	1	1522	s-sh
刷	shuà	1	1523	s-sh
屈	qū	1	1524	
弧	hú	1	1525	h-f
弥	mí	1	1526	
弦	xián	1	1527	ian-iang
承	chéng	1	1528	c-ch,en-eng,eng-ong
孟	mèng	1	1529	en-eng,eng-ong
陋	lòu	1	1530	n-l,r-l
陌	mò	1	1531	
孤	gū	1	1532	g-k
陕	shǎn	1	1533	s-sh,an-ang,an-ai
降	jiàng	1	1534	ian-iang
降	xiáng	1	1535	ian-iang
函	hán	1	1536	h-f,an-ang,an-ai
限	xiàn	1	1537	ian-iang
妹	mèi	1	1538	
姑	gū	1	1539	g-k
姐	jiě	1	1540	
姓	xìng	1	1541	in-ing
妮	nī	1	1542	n-l
始	shǐ	1	1543	s-sh
姆	mǔ	1	1544	
迢	tiáo	1	1545	
驾	jià	1	1546	
叁	sān	1	1547	s-sh,an-ang,an-ai
参	cān	1	1548	c-ch,an-ang,an-ai
参	cēn	1	1549	c-ch,en-eng
参	shēn	1	1550	s-sh,en-eng
艰	jiān	1	1551	ian-iang
线	xiàn	1	1552	ian-iang
练	liàn	1	1553	n-l,r-l,ian-iang
组	zǔ	1	1554	z-zh
绅	shēn	1	1555	s-sh,en-eng
细	xì	1	1556	
驶	shǐ	1	1557	s-sh
织	zhī	1	1558	z-zh
驹	jū	1	1559	
终	zhōng	1	1560	z-zh,eng-ong,on-ong,un-ong
驻	zhù	1	1561	z-zh
绊	bàn	1	1562	an-ang,an-ai
驼	tuó	1	1563	
绍	shào	1	1564	s-sh
绎	yì	1	1565	
经	jīng	1	1566	in-ing
经	jìng	1	1567	in-ing
贯	guàn	1	1568	g-k,uan-uang
契	qì	1	1569	
贰	èr	1	1570	
奏	zòu	1	1571	z-zh
春	chūn	1	1572	c-ch,un-ong,un-iong
帮	bāng	1	1573	an-ang
玷	diàn	1	1574	ian-iang
珍	zhēn	1	1575	z-zh,en-eng
玲	líng	1	1576	n-l,r-l,in-ing
珊	shān	1	1577	s-sh,an-ang,an-ai
玻	bō	1	1578	
毒	dú	1	1579	
型	xíng	1	1580	in-ing
拭	shì	1	1581	s-sh
挂	guà	1	1582	g-k
封	fēng	1	1583	h-f,en-eng,eng-ong
持	chí	1	1584	c-ch
拷	kǎo	1	1585	g-k
拱	gǒng	1	1586	g-k,eng-ong,on-ong,un-ong
项	xiàng	1	1587	ian-iang
垮	kuǎ	1	1588	g-k
挎	kuà	1	1589	g-k
城	chéng	1	1590	c-ch,en-eng,eng-ong
挟	xié	1	1591	
挠	náo	1	1592	n-l
政	zhèng	1	1593	z-zh,en-eng,eng-ong
赴	fù	1	1594	h-f
赵	zhào	1	1595	z-zh
挡	dǎng	1	1596	an-ang
挡	dàng	1	1597	an-ang
拽	zhuài	1	1598	z-zh
哉	zāi	1	1599	z-zh,an-ai
挺	tǐng	1	1600	in-ing
括	kuò	1	1601	g-k
垢	gòu	1	1602	g-k
拴	shuān	1	1603	s-sh,uan-uang
拾	shè	1	1604	s-sh
拾	shí	1	1605	s-sh
挑	tiāo	1	1606	
挑	tiǎo	1	1607	
垛	duǒ	1	1608	
垛	duò	1	1609	
指	zhǐ	1	1610	z-zh
垫	diàn	1	1611	ian-iang
挣	zhēng	1	1612	z-zh,en-eng,eng-ong
挣	zhèng	1	1613	z-zh,en-eng,eng-ong
挤	jǐ	1	1614	
拼	pīn	1	1615	in-ing
挖	wā	1	1616	
按	àn	1	1617	an-ang,an-ai
挥	huī	1	1618	h-f
挪	nuó	1	1619	n-l
拯	zhěng	1	1620	z-zh,en-eng,eng-ong
某	mǒu	1	1621	
甚	shèn	1	1622	s-sh,en-eng
荆	jīng	1	1623	in-ing
茸	róng	1	1624	r-l,eng-ong,on-ong,un-ong
革	gé	1	1625	g-k
茬	chá	1	1626	c-ch
荐	jiàn	1	1627	ian-iang
巷	hàng	1	1628	h-f,an-ang
巷	xiàng	1	1629	ian-iang
带	dài	1	1630	an-ai
草	cǎo	1	1631	c-ch
茧	jiǎn	1	1632	ian-iang
茵	yīn	1	1633	in-ing
茶	chá	1	1634	c-ch
荒	huāng	1	1635	h-f,uan-uang
茫	máng	1	1636	an-ang
荡	dàng	1	1637	an-ang
荣	róng	1	1638	r-l,eng-ong,on-ong,un-ong
荤	hūn	1	1639	h-f,un-ong,un-iong
荧	yíng	1	1640	in-ing
故	gù	1	1641	g-k
胡	hú	1	1642	h-f
荫	yīn	1	1643	in-ing
荫	yìn	1	1644	in-ing
荔	lì	1	1645	n-l,r-l
南	nā	1	1646	n-l
南	nán	1	1647	n-l,an-ang,an-ai
药	yào	1	1648	
标	biāo	1	1649	
栈	zhàn	1	1650	z-zh,an-ang,an-ai
柑	gān	1	1651	g-k,an-ang,an-ai
枯	kū	1	1652	g-k
柄	bǐng	1	1653	in-ing
栋	dòng	1	1654	eng-ong,on-ong,un-ong
相	xiāng	1	1655	ian-iang
相	xiàng	1	1656	ian-iang
查	chá	1	1657	c-ch
查	zhā	1	1658	z-zh
柏	bǎi	1	1659	an-ai
柏	bó	1	1660	
栅	shān	1	1661	s-sh,an-ang,an-ai
栅	zhà	1	1662	z-zh
柳	liǔ	1	1663	n-l,r-l
柱	zhù	1	1664	z-zh
柿	shì	1	1665	s-sh
栏	lán	1	1666	n-l,r-l,an-ang,an-ai
柠	níng	1	1667	n-l,in-ing
树	shù	1	1668	s-sh
勃	bó	1	1669	
要	yāo	1	1670	
要	yào	1	1671	
柬	jiǎn	1	1672	ian-iang
咸	xián	1	1673	ian-iang
威	wēi	1	1674	
歪	wāi	1	1675	an-ai
研	yán	1	1676	an-ang,an-ai
砖	zhuān	1	1677	z-zh,uan-uang
厘	lí	1	1678	n-l,r-l
厚	hòu	1	1679	h-f
砌	qì	1	1680	
砂	shā	1	1681	s-sh
泵	bèng	1	1682	en-eng,eng-ong
砚	yàn	1	1683	an-ang,an-ai
砍	kǎn	1	1684	g-k,an-ang,an-ai
面	miàn	1	1685	ian-iang
耐	nài	1	1686	n-l,an-ai
耍	shuǎ	1	1687	s-sh
牵	qiān	1	1688	ian-iang
鸥	ōu	1	1689	
残	cán	1	1690	c-ch,an-ang,an-ai
殃	yāng	1	1691	an-ang
轴	zhóu	1	1692	z-zh
轴	zhòu	1	1693	z-zh
轻	qīng	1	1694	in-ing
鸦	yā	1	1695	
皆	jiē	1	1696	
韭	jiǔ	1	1697	
背	bēi	1	1698	
背	bèi	1	1699	
战	zhàn	1	1700	z-zh,an-ang,an-ai
点	diǎn	1	1701	ian-iang
虐	nüè	1	1702	n-l
临	lín	1	1703	n-l,r-l,in-ing
览	lǎn	1	1704	n-l,r-l,an-ang,an-ai
竖	shù	1	1705	s-sh
省	shěng	1	1706	s-sh,en-eng,eng-ong
省	xǐng	1	1707	in-ing
削	xiāo	1	1708	
削	xuē	1	1709	
尝	cháng	1	1710	c-ch,an-ang
昧	mèi	1	1711	
盹	dǔn	1	1712	un-ong,un-iong
是	shì	1	1713	s-sh
盼	pàn	1	1714	an-ang,an-ai
眨	zhǎ	1	1715	z-zh
哇	wā	1	1716	
哇	wa	1	1717	
哄	hōng	1	1718	h-f,eng-ong,on-ong,un-ong
哄	hǒng	1	1719	h-f,eng-ong,on-ong,un-ong
哄	hòng	1	1720	h-f,eng-ong,on-ong,un-ong
哑	yā	1	1721	
哑	yǎ	1	1722	
显	xiǎn	1	1723	ian-iang
冒	mào	1	1724	
映	yìng	1	1725	in-ing
星	xīng	1	1726	in-ing
昨	zuó	1	1727	z-zh
咧	liē	1	1728	n-l,r-l
咧	liě	1	1729	n-l,r-l
昭	zhāo	1	1730	z-zh
畏	wèi	1	1731	
趴	pā	1	1732	
胃	wèi	1	1733	
贵	guì	1	1734	g-k
界	jiè	1	1735	
虹	hóng	1	1736	h-f,eng-ong,on-ong,un-ong
虹	jiàng	1	1737	ian-iang
虾	xiā	1	1738	
蚁	yǐ	1	1739	
思	sī	1	1740	s-sh
蚂	mǎ	1	1741	
蚂	mà	1	1742	
虽	suī	1	1743	s-sh
品	pǐn	1	1744	in-ing
咽	yān	1	1745	an-ang,an-ai
咽	yàn	1	1746	an-ang,an-ai
咽	yè	1	1747	
骂	mà	1	1748	
勋	xūn	1	1749	un-ong,un-iong
哗	huā	1	1750	h-f
哗	huá	1	1751	h-f
咱	zán	1	1752	z-zh,an-ang,an-ai
响	xiǎng	1	1753	ian-iang
哈	hā	1	1754	h-f
哈	hǎ	1	1755	h-f
哈	hà	1	1756	h-f
哆	duō	1	1757	
咬	yǎo	1	1758	
咳	hāi	1	1759	h-f,an-ai
咳	ké	1	1760	g-k
咪	mī	1	1761	
咪	mǐ	1	1762	
哪	nǎ	1	1763	n-l
哪	na	1	1764	n-l
哪	né	1	1765	n-l
哟	yō	1	1766	
哟	yo	1	1767	
炭	tàn	1	1768	an-ang,an-ai
峡	xiá	1	1769	
罚	fá	1	1770	h-f
贱	jiàn	1	1771	ian-iang
贴	tiē	1	1772	
贻	yí	1	1773	
骨	gū	1	1774	g-k
骨	gǔ	1	1775	g-k
幽	yōu	1	1776	
钙	gài	1	1777	g-k,an-ai
钝	dùn	1	1778	un-ong,un-iong
钞	chāo	1	1779	c-ch
钟	zhōng	1	1780	z-zh,eng-ong,on-ong,un-ong
钢	gāng	1	1781	g-k,an-ang
钢	gàng	1	1782	g-k,an-ang
钠	nà	1	1783	n-l
钥	yào	1	1784	
钥	yuè	1	1785	
钦	qīn	1	1786	in-ing
钧	jūn	1	1787	un-ong,un-iong
钩	gōu	1	1788	g-k
钮	niǔ	1	1789	n-l
卸	xiè	1	1790	
缸	gāng	1	1791	g-k,an-ang
拜	bái	1	1792	an-ai
拜	bài	1	1793	an-ai
看	kān	1	1794	g-k,an-ang,an-ai
看	kàn	1	1795	g-k,an-ang,an-ai
矩	jǔ	1	1796	
毡	zhān	1	1797	z-zh,an-ang,an-ai
氢	qīng	1	1798	in-ing
怎	zěn	1	1799	z-zh,en-eng
牲	shēng	1	1800	s-sh,en-eng,eng-ong
选	xuǎn	1	1801	uan-uang
适	shì	1	1802	s-sh
秒	miǎo	1	1803	
香	xiāng	1	1804	ian-iang
种	chóng	1	1805	c-ch,eng-ong,on-ong,un-ong
种	zhǒng	1	1806	z-zh,eng-ong,on-ong,un-ong
种	zhòng	1	1807	z-zh,eng-ong,on-ong,un-ong
秋	qiū	1	1808	
科	kē	1	1809	g-k
重	chóng	1	1810	c-ch,eng-ong,on-ong,un-ong
重	zhòng	1	1811	z-zh,eng-ong,on-ong,un-ong
复	fù	1	1812	h-f
竿	gān	1	1813	g-k,an-ang,an-ai
段	duàn	1	1814	uan-uang
便	biàn	1	1815	ian-iang
便	pián	1	1816	ian-iang
俩	liǎ	1	1817	n-l,r-l
俩	liǎng	1	1818	n-l,r-l,ian-iang
贷	dài	1	1819	an-ai
顺	shùn	1	1820	s-sh,un-ong,un-iong
修	xiū	1	1821	
俏	qiào	1	1822	
保	bǎo	1	1823	
促	cù	1	1824	c-ch
俄	é	1	1825	
俐	lì	1	1826	n-l,r-l
侮	wǔ	1	1827	
俭	jiǎn	1	1828	ian-iang
俗	sú	1	1829	s-sh
俘	fú	1	1830	h-f
信	xìn	1	1831	in-ing
皇	huáng	1	1832	h-f,uan-uang
泉	quán	1	1833	uan-uang
鬼	guǐ	1	1834	g-k
侵	qīn	1	1835	in-ing
禹	yǔ	1	1836	
侯	hóu	1	1837	h-f
侯	hòu	1	1838	h-f
追	zhuī	1	1839	z-zh
俊	jùn	1	1840	un-ong,un-iong
盾	dùn	1	1841	un-ong,un-iong
待	dāi	1	1842	an-ai
待	dài	1	1843	an-ai
徊	huái	1	1844	h-f
衍	yǎn	1	1845	an-ang,an-ai
律	lǜ	1	1846	n-l,r-l
很	hěn	1	1847	h-f,en-eng
须	xū	1	1848	
叙	xù	1	1849	
剑	jiàn	1	1850	ian-iang
逃	táo	1	1851	
食	shí	1	1852	s-sh
盆	pén	1	1853	en-eng
胚	pēi	1	1854	
胧	lóng	1	1855	n-l,r-l,eng-ong,on-ong,un-ong
胆	dǎn	1	1856	an-ang,an-ai
胜	shèng	1	1857	s-sh,en-eng,eng-ong
胞	bāo	1	1858	
胖	pán	1	1859	an-ang,an-ai
胖	pàng	1	1860	an-ang
脉	mài	1	1861	an-ai
脉	mò	1	1862	
胎	tāi	1	1863	an-ai
勉	miǎn	1	1864	ian-iang
狭	xiá	1	1865	
狮	shī	1	1866	s-sh
独	dú	1	1867	
狰	zhēng	1	1868	z-zh,en-eng,eng-ong
狡	jiǎo	1	1869	
狱	yù	1	1870	
狠	hěn	1	1871	h-f,en-eng
贸	mào	1	1872	
怨	yuàn	1	1873	uan-uang
急	jí	1	1874	
饵	ěr	1	1875	
饶	ráo	1	1876	r-l
蚀	shí	1	1877	s-sh
饺	jiǎo	1	1878	
饼	bǐng	1	1879	in-ing
峦	luán	1	1880	n-l,r-l,uan-uang
弯	wān	1	1881	an-ang,an-ai
将	jiāng	1	1882	ian-iang
将	jiàng	1	1883	ian-iang
奖	jiǎng	1	1884	ian-iang
哀	āi	1	1885	an-ai
亭	tíng	1	1886	in-ing
亮	liàng	1	1887	n-l,r-l,ian-iang
度	dù	1	1888	
度	duó	1	1889	
迹	jì	1	1890	
庭	tíng	1	1891	in-ing
疮	chuāng	1	1892	c-ch,uan-uang
疯	fēng	1	1893	h-f,en-eng,eng-ong
疫	yì	1	1894	
疤	bā	1	1895	
咨	zī	1	1896	z-zh
姿	zī	1	1897	z-zh
亲	qīn	1	1898	in-ing
亲	qìng	1	1899	in-ing
音	yīn	1	1900	in-ing
帝	dì	1	1901	
施	shī	1	1902	s-sh
闺	guī	1	1903	g-k
闻	wén	1	1904	en-eng
闽	mǐn	1	1905	in-ing
阀	fá	1	1906	h-f
阁	gé	1	1907	g-k
差	chā	1	1908	c-ch
差	chà	1	1909	c-ch
差	chāi	1	1910	c-ch,an-ai
差	cī	1	1911	c-ch
养	yǎng	1	1912	an-ang
美	měi	1	1913	
姜	jiāng	1	1914	ian-iang
叛	pàn	1	1915	an-ang,an-ai
送	sòng	1	1916	s-sh,eng-ong,on-ong,un-ong
类	lèi	1	1917	n-l,r-l
迷	mí	1	1918	
籽	zǐ	1	1919	z-zh
娄	lóu	1	1920	n-l,r-l
前	qián	1	1921	ian-iang
首	shǒu	1	1922	s-sh
逆	nì	1	1923	n-l
兹	cí	1	1924	c-ch
兹	zī	1	1925	z-zh
总	zǒng	1	1926	z-zh,eng-ong,on-ong,un-ong
炼	liàn	1	1927	n-l,r-l,ian-iang
炸	zhá	1	1928	z-zh
炸	zhà	1	1929	z-zh
烁	shuò	1	1930	s-sh
炮	bāo	1	1931	
炮	páo	1	1932	
炮	pào	1	1933	
炫	xuàn	1	1934	uan-uang
烂	làn	1	1935	n-l,r-l,an-ang,an-ai
剃	tì	1	1936	
洼	wā	1	1937	
洁	jié	1	1938	
洪	hóng	1	1939	h-f,eng-ong,on-ong,un-ong
洒	sǎ	1	1940	s-sh
柒	qī	1	1941	
浇	jiāo	1	1942	
浊	zhuó	1	1943	z-zh
洞	dòng	1	1944	eng-ong,on-ong,un-ong
洞	tóng	1	1945	eng-ong,on-ong,un-ong
测	cè	1	1946	c-ch
洗	xǐ	1	1947	
洗	xiǎn	1	1948	ian-iang
活	huó	1	1949	h-f
派	pài	1	1950	an-ai
洽	qià	1	1951	
染	rǎn	1	1952	r-l,an-ang,an-ai
洛	luò	1	1953	n-l,r-l
浏	liú	1	1954	n-l,r-l
济	jǐ	1	1955	
济	jì	1	1956	
洋	yáng	1	1957	an-ang
洲	zhōu	1	1958	z-zh
浑	hún	1	1959	h-f,un-ong,un-iong
浓	nóng	1	1960	n-l,eng-ong,on-ong,un-ong
津	jīn	1	1961	in-ing
恃	shì	1	1962	s-sh
恒	héng	1	1963	h-f,en-eng,eng-ong
恢	huī	1	1964	h-f
恍	huǎng	1	1965	h-f,uan-uang
恬	tián	1	1966	ian-iang
恤	xù	1	1967	
恰	qià	1	1968	
恼	nǎo	1	1969	n-l
恨	hèn	1	1970	h-f,en-eng
举	jǔ	1	1971	
觉	jiào	1	1972	
觉	jué	1	1973	
宣	xuān	1	1974	uan-uang
宦	huàn	1	1975	h-f,uan-uang
室	shì	1	1976	s-sh
宫	gōng	1	1977	g-k,eng-ong,on-ong,un-ong
宪	xiàn	1	1978	ian-iang
突	tū	1	1979	
穿	chuān	1	1980	c-ch,uan-uang
窃	qiè	1	1981	
客	kè	1	1982	g-k
诫	jiè	1	1983	
冠	guān	1	1984	g-k,uan-uang
冠	guàn	1	1985	g-k,uan-uang
诬	wū	1	1986	
语	yǔ	1	1987	
扁	biǎn	1	1988	ian-iang
扁	piān	1	1989	ian-iang
袄	ǎo	1	1990	
祖	zǔ	1	1991	z-zh
神	shén	1	1992	s-sh,en-eng
祝	zhù	1	1993	z-zh
祠	cí	1	1994	c-ch
误	wù	1	1995	
诱	yòu	1	1996	
诲	huì	1	1997	h-f
说	shuì	1	1998	s-sh
说	shuō	1	1999	s-sh
诵	sòng	1	2000	s-sh,eng-ong,on-ong,un-ong
垦	kěn	1	2001	g-k,en-eng
退	tuì	1	2002	
既	jì	1	2003	
屋	wū	1	2004	
昼	zhòu	1	2005	z-zh
屏	bǐng	1	2006	in-ing
屏	píng	1	2007	in-ing
屎	shǐ	1	2008	s-sh
费	fèi	1	2009	h-f
陡	dǒu	1	2010	
逊	xùn	1	2011	un-ong,un-iong
眉	méi	1	2012	
孩	hái	1	2013	h-f,an-ai
陨	yǔn	1	2014	un-ong,un-iong
除	chú	1	2015	c-ch
险	xiǎn	1	2016	ian-iang
院	yuàn	1	2017	uan-uang
娃	wá	1	2018	
姥	lǎo	1	2019	n-l,r-l
姨	yí	1	2020	
姻	yīn	1	2021	in-ing
娇	jiāo	1	2022	
姚	yáo	1	2023	
娜	nà	1	2024	n-l
娜	nuó	1	2025	n-l
怒	nù	1	2026	n-l
架	jià	1	2027	
贺	hè	1	2028	h-f
盈	yíng	1	2029	in-ing
勇	yǒng	1	2030	eng-ong,on-ong,un-ong
怠	dài	1	2031	an-ai
癸	guǐ	1	2032	g-k
蚤	zǎo	1	2033	z-zh
柔	róu	1	2034	r-l
垒	lěi	1	2035	n-l,r-l
绑	bǎng	1	2036	an-ang
绒	róng	1	2037	r-l,eng-ong,on-ong,un-ong
结	jiē	1	2038	
结	jié	1	2039	
绕	rào	1	2040	r-l
骄	jiāo	1	2041	
绘	huì	1	2042	h-f
给	gěi	1	2043	g-k
给	jǐ	1	2044	
绚	xuàn	1	2045	uan-uang
骆	luò	1	2046	n-l,r-l
络	lào	1	2047	n-l,r-l
络	luò	1	2048	n-l,r-l
绝	jué	1	2049	
绞	jiǎo	1	2050	
骇	hài	1	2051	h-f,an-ai
统	tǒng	1	2052	eng-ong,on-ong,un-ong
耕	gēng	1	2053	g-k,en-eng,eng-ong
耘	yún	1	2054	un-ong,un-iong
耗	hào	1	2055	h-f
耙	bà	1	2056	
耙	pá	1	2057	
艳	yàn	1	2058	an-ang,an-ai
泰	tài	1	2059	an-ai
秦	qín	1	2060	in-ing
珠	zhū	1	2061	z-zh
班	bān	1	2062	an-ang,an-ai
素	sù	1	2063	s-sh
匿	nì	1	2064	n-l
蚕	cán	1	2065	c-ch,an-ang,an-ai
顽	wán	1	2066	an-ang,an-ai
盏	zhǎn	1	2067	z-zh,an-ang,an-ai
匪	fěi	1	2068	h-f
捞	lāo	1	2069	n-l,r-l
栽	zāi	1	2070	z-zh,an-ai
捕	bǔ	1	2071	
埂	gěng	1	2072	g-k,en-eng,eng-ong
捂	wǔ	1	2073	
振	zhèn	1	2074	z-zh,en-eng
载	zǎi	1	2075	z-zh,an-ai
载	zài	1	2076	z-zh,an-ai
赶	gǎn	1	2077	g-k,an-ang,an-ai
起	qǐ	1	2078	
盐	yán	1	2079	an-ang,an-ai
捎	shāo	1	2080	s-sh
捎	shào	1	2081	s-sh
捍	hàn	1	2082	h-f,an-ang,an-ai
捏	niē	1	2083	n-l
埋	mái	1	2084	an-ai
埋	mán	1	2085	an-ang,an-ai
捉	zhuō	1	2086	z-zh
捆	kǔn	1	2087	g-k,un-ong,un-iong
捐	juān	1	2088	uan-uang
损	sǔn	1	2089	s-sh,un-ong,un-iong
袁	yuán	1	2090	uan-uang
捌	bā	1	2091	
都	dōu	1	2092	
都	dū	1	2093	
哲	zhé	1	2094	z-zh
逝	shì	1	2095	s-sh
捡	jiǎn	1	2096	ian-iang
挫	cuò	1	2097	c-ch
换	huàn	1	2098	h-f,uan-uang
挽	wǎn	1	2099	an-ang,an-ai
挚	zhì	1	2100	z-zh
热	rè	1	2101	r-l
恐	kǒng	1	2102	g-k,eng-ong,on-ong,un-ong
捣	dǎo	1	2103	
壶	hú	1	2104	h-f
捅	tǒng	1	2105	eng-ong,on-ong,un-ong
埃	āi	1	2106	an-ai
挨	āi	1	2107	an-ai
挨	ái	1	2108	an-ai
耻	chǐ	1	2109	c-ch
耿	gěng	1	2110	g-k,en-eng,eng-ong
耽	dān	1	2111	an-ang,an-ai
聂	niè	1	2112	n-l
恭	gōng	1	2113	g-k,eng-ong,on-ong,un-ong
莽	mǎng	1	2114	an-ang
莱	lái	1	2115	n-l,r-l,an-ai
莲	lián	1	2116	n-l,r-l,ian-iang
莫	mò	1	2117	
莉	lì	1	2118	n-l,r-l
荷	hé	1	2119	h-f
荷	hè	1	2120	h-f
获	huò	1	2121	h-f
晋	jìn	1	2122	in-ing
恶	ě	1	2123	
恶	è	1	2124	
恶	wù	1	2125	
莹	yíng	1	2126	in-ing
莺	yīng	1	2127	in-ing
真	zhēn	1	2128	z-zh,en-eng
框	kuàng	1	2129	g-k,uan-uang
梆	bāng	1	2130	an-ang
桂	guì	1	2131	g-k
桔	jié	1	2132	
栖	qī	1	2133	
档	dàng	1	2134	an-ang
桐	tóng	1	2135	eng-ong,on-ong,un-ong
株	zhū	1	2136	z-zh
桥	qiáo	1	2137	
桦	huà	1	2138	h-f
栓	shuān	1	2139	s-sh,uan-uang
桃	táo	1	2140	
格	gé	1	2141	g-k
桩	zhuāng	1	2142	z-zh,uan-uang
校	jiào	1	2143	
校	xiào	1	2144	
核	hé	1	2145	h-f
核	hú	1	2146	h-f
样	yàng	1	2147	an-ang
根	gēn	1	2148	g-k,en-eng
索	suǒ	1	2149	s-sh
哥	gē	1	2150	g-k
速	sù	1	2151	s-sh
逗	dòu	1	2152	
栗	lì	1	2153	n-l,r-l
贾	gǔ	1	2154	g-k
贾	jiǎ	1	2155	
酌	zhuó	1	2156	z-zh
配	pèi	1	2157	
翅	chì	1	2158	c-ch
辱	rǔ	1	2159	r-l
唇	chún	1	2160	c-ch,un-ong,un-iong
夏	xià	1	2161	
砸	zá	1	2162	z-zh
砰	pēng	1	2163	en-eng,eng-ong
砾	lì	1	2164	n-l,r-l
础	chǔ	1	2165	c-ch
破	pò	1	2166	
原	yuán	1	2167	uan-uang
套	tào	1	2168	
逐	zhú	1	2169	z-zh
烈	liè	1	2170	n-l,r-l
殊	shū	1	2171	s-sh
殉	xùn	1	2172	un-ong,un-iong
顾	gù	1	2173	g-k
轿	jiào	1	2174	
较	jiào	1	2175	
顿	dùn	1	2176	un-ong,un-iong
毙	bì	1	2177	
致	zhì	1	2178	z-zh
柴	chái	1	2179	c-ch,an-ai
桌	zhuō	1	2180	z-zh
虑	lǜ	1	2181	n-l,r-l
监	jiān	1	2182	ian-iang
监	jiàn	1	2183	ian-iang
紧	jǐn	1	2184	in-ing
党	dǎng	1	2185	an-ang
逞	chěng	1	2186	c-ch,en-eng,eng-ong
晒	shài	1	2187	s-sh,an-ai
眠	mián	1	2188	ian-iang
晓	xiǎo	1	2189	
哮	xiào	1	2190	
唠	láo	1	2191	n-l,r-l
唠	lào	1	2192	n-l,r-l
鸭	yā	1	2193	
晃	huǎng	1	2194	h-f,uan-uang
晃	huàng	1	2195	h-f,uan-uang
哺	bǔ	1	2196	
晌	shǎng	1	2197	s-sh,an-ang
剔	tī	1	2198	
晕	yūn	1	2199	un-ong,un-iong
晕	yùn	1	2200	un-ong,un-iong
蚌	bàng	1	2201	an-ang
蚌	bèng	1	2202	en-eng,eng-ong
畔	pàn	1	2203	an-ang,an-ai
蚣	gōng	1	2204	g-k,eng-ong,on-ong,un-ong
蚊	wén	1	2205	en-eng
蚪	dǒu	1	2206	
蚓	yǐn	1	2207	in-ing
哨	shào	1	2208	s-sh
哩	lī	1	2209	n-l,r-l
哩	li	1	2210	n-l,r-l
圃	pǔ	1	2211	
哭	kū	1	2212	g-k
哦	é	1	2213	
哦	ó	1	2214	
哦	ò	1	2215	
恩	ēn	1	2216	en-eng
鸯	yāng	1	2217	an-ang
唤	huàn	1	2218	h-f,uan-uang
唁	yàn	1	2219	an-ang,an-ai
哼	hēng	1	2220	h-f,en-eng,eng-ong
哼	hng	1	2221	h-f
唧	jī	1	2222	
啊	ā	1	2223	
啊	á	1	2224	
啊	ǎ	1	2225	
啊	à	1	2226	
啊	a	1	2227	
唉	āi	1	2228	an-ai
唉	ài	1	2229	an-ai
唆	suō	1	2230	s-sh
罢	bà	1	2231	
罢	ba	1	2232	
峭	qiào	1	2233	
峨	é	1	2234	
峰	fēng	1	2235	h-f,en-eng,eng-ong
圆	yuán	1	2236	uan-uang
峻	jùn	1	2237	un-ong,un-iong
贼	zéi	1	2238	z-zh
贿	huì	1	2239	h-f
赂	lù	1	2240	n-l,r-l
赃	zāng	1	2241	z-zh,an-ang
钱	qián	1	2242	ian-iang
钳	qián	1	2243	ian-iang
钻	zuān	1	2244	z-zh,uan-uang
钻	zuàn	1	2245	z-zh,uan-uang
钾	jiǎ	1	2246	
铁	tiě	1	2247	
铃	líng	1	2248	n-l,r-l,in-ing
铅	qiān	1	2249	ian-iang
铅	yán	1	2250	an-ang,an-ai
缺	quē	1	2251	
氧	yǎng	1	2252	an-ang
氨	ān	1	2253	an-ang,an-ai
特	tè	1	2254	
牺	xī	1	2255	
造	zào	1	2256	z-zh
乘	chéng	1	2257	c-ch,en-eng,eng-ong
敌	dí	1	2258	
秤	chèng	1	2259	c-ch,en-eng,eng-ong
租	zū	1	2260	z-zh
积	jī	1	2261	
秧	yāng	1	2262	an-ang
秩	zhì	1	2263	z-zh
称	chèn	1	2264	c-ch,en-eng
称	chēng	1	2265	c-ch,en-eng,eng-ong
秘	bì	1	2266	
秘	mì	1	2267	
透	tòu	1	2268	
笔	bǐ	1	2269	
笑	xiào	1	2270	
笋	sǔn	1	2271	s-sh,un-ong,un-iong
债	zhài	1	2272	z-zh,an-ai
借	jiè	1	2273	
值	zhí	1	2274	z-zh
倚	yǐ	1	2275	
俺	ǎn	1	2276	an-ang,an-ai
倾	qīng	1	2277	in-ing
倒	dǎo	1	2278	
倒	dào	1	2279	
倘	tǎng	1	2280	an-ang
俱	jū	1	2281	
俱	jù	1	2282	
倡	chàng	1	2283	c-ch,an-ang
候	hòu	1	2284	h-f
赁	lìn	1	2285	n-l,r-l,in-ing
俯	fǔ	1	2286	h-f
倍	bèi	1	2287	
倦	juàn	1	2288	uan-uang
健	jiàn	1	2289	ian-iang
臭	chòu	1	2290	c-ch
臭	xiù	1	2291	
射	shè	1	2292	s-sh
躬	gōng	1	2293	g-k,eng-ong,on-ong,un-ong
息	xī	1	2294	
倔	jué	1	2295	
倔	juè	1	2296	
徒	tú	1	2297	
徐	xú	1	2298	
殷	yān	1	2299	an-ang,an-ai
殷	yīn	1	2300	in-ing
舰	jiàn	1	2301	ian-iang
舱	cāng	1	2302	c-ch,an-ang
般	bān	1	2303	an-ang,an-ai
航	háng	1	2304	h-f,an-ang
途	tú	1	2305	
拿	ná	1	2306	n-l
耸	sǒng	1	2307	s-sh,eng-ong,on-ong,un-ong
爹	diē	1	2308	
舀	yǎo	1	2309	
爱	ài	1	2310	an-ai
豺	chái	1	2311	c-ch,an-ai
豹	bào	1	2312	
颁	bān	1	2313	an-ang,an-ai
颂	sòng	1	2314	s-sh,eng-ong,on-ong,un-ong
翁	wēng	1	2315	en-eng,eng-ong
胰	yí	1	2316	
脆	cuì	1	2317	c-ch
脂	zhī	1	2318	z-zh
胸	xiōng	1	2319	un-iong
胳	gē	1	2320	g-k
胳	gé	1	2321	g-k
脏	zāng	1	2322	z-zh,an-ang
脏	zàng	1	2323	z-zh,an-ang
脐	qí	1	2324	
胶	jiāo	1	2325	
脑	nǎo	1	2326	n-l
脓	nóng	1	2327	n-l,eng-ong,on-ong,un-ong
逛	guàng	1	2328	g-k,uan-uang
狸	lí	1	2329	n-l,r-l
狼	láng	1	2330	n-l,r-l,an-ang
卿	qīng	1	2331	in-ing
逢	féng	1	2332	h-f,en-eng,eng-ong
鸵	tuó	1	2333	
留	liú	1	2334	n-l,r-l
鸳	yuān	1	2335	uan-uang
皱	zhòu	1	2336	z-zh
饿	è	1	2337	
馁	něi	1	2338	n-l
凌	líng	1	2339	n-l,r-l,in-ing
凄	qī	1	2340	
恋	liàn	1	2341	n-l,r-l,ian-iang
桨	jiǎng	1	2342	ian-iang
浆	jiāng	1	2343	ian-iang
浆	jiàng	1	2344	ian-iang
衰	shuāi	1	2345	s-sh
衷	zhōng	1	2346	z-zh,eng-ong,on-ong,un-ong
高	gāo	1	2347	g-k
郭	guō	1	2348	g-k
席	xí	1	2349	
准	zhǔn	1	2350	z-zh,un-ong,un-iong
座	zuò	1	2351	z-zh
症	zhēng	1	2352	z-zh,en-eng,eng-ong
症	zhèng	1	2353	z-zh,en-eng,eng-ong
病	bìng	1	2354	in-ing
疾	jí	1	2355	
斋	zhāi	1	2356	z-zh,an-ai
疹	zhěn	1	2357	z-zh,en-eng
疼	téng	1	2358	en-eng,eng-ong
疲	pí	1	2359	
脊	jǐ	1	2360	
效	xiào	1	2361	
离	lí	1	2362	n-l,r-l
紊	wěn	1	2363	en-eng
唐	táng	1	2364	an-ang
瓷	cí	1	2365	c-ch
资	zī	1	2366	z-zh
凉	liáng	1	2367	n-l,r-l,ian-iang
凉	liàng	1	2368	n-l,r-l,ian-iang
站	zhàn	1	2369	z-zh,an-ang,an-ai
剖	pōu	1	2370	
竞	jìng	1	2371	in-ing
部	bù	1	2372	
旁	páng	1	2373	an-ang
旅	lǚ	1	2374	n-l,r-l
畜	chù	1	2375	c-ch
畜	xù	1	2376	
阅	yuè	1	2377	
羞	xiū	1	2378	
羔	gāo	1	2379	g-k
瓶	píng	1	2380	in-ing
拳	quán	1	2381	uan-uang
粉	fěn	1	2382	h-f,en-eng
料	liào	1	2383	n-l,r-l
益	yì	1	2384	
兼	jiān	1	2385	ian-iang
烤	kǎo	1	2386	g-k
烘	hōng	1	2387	h-f,eng-ong,on-ong,un-ong
烦	fán	1	2388	h-f,an-ang,an-ai
烧	shāo	1	2389	s-sh
烛	zhú	1	2390	z-zh
烟	yān	1	2391	an-ang,an-ai
烙	lào	1	2392	n-l,r-l
烙	luò	1	2393	n-l,r-l
递	dì	1	2394	
涛	tāo	1	2395	
浙	zhè	1	2396	z-zh
涝	lào	1	2397	n-l,r-l
浦	pǔ	1	2398	
酒	jiǔ	1	2399	
涉	shè	1	2400	s-sh
消	xiāo	1	2401	
涡	guō	1	2402	g-k
涡	wō	1	2403	
浩	hào	1	2404	h-f
海	hǎi	1	2405	h-f,an-ai
涂	tú	1	2406	
浴	yù	1	2407	
浮	fú	1	2408	h-f
涣	huàn	1	2409	h-f,uan-uang
涤	dí	1	2410	
流	liú	1	2411	n-l,r-l
润	rùn	1	2412	r-l,un-ong,un-iong
涧	jiàn	1	2413	ian-iang
涕	tì	1	2414	
浪	làng	1	2415	n-l,r-l,an-ang
浸	jìn	1	2416	in-ing
涨	zhǎng	1	2417	z-zh,an-ang
涨	zhàng	1	2418	z-zh,an-ang
烫	tàng	1	2419	an-ang
涩	sè	1	2420	s-sh
涌	chōng	1	2421	c-ch,eng-ong,on-ong,un-ong
涌	yǒng	1	2422	eng-ong,on-ong,un-ong
悖	bèi	1	2423	
悟	wù	1	2424	
悄	qiāo	1	2425	
悄	qiǎo	1	2426	
悍	hàn	1	2427	h-f,an-ang,an-ai
悔	huǐ	1	2428	h-f
悯	mǐn	1	2429	in-ing
悦	yuè	1	2430	
害	hài	1	2431	h-f,an-ai
宽	kuān	1	2432	g-k,uan-uang
家	jiā	1	2433	
家	jia	1	2434	
宵	xiāo	1	2435	
宴	yàn	1	2436	an-ang,an-ai
宾	bīn	1	2437	in-ing
窍	qiào	1	2438	
窄	zhǎi	1	2439	z-zh,an-ai
容	róng	1	2440	r-l,eng-ong,on-ong,un-ong
宰	zǎi	1	2441	z-zh,an-ai
案	àn	1	2442	an-ang,an-ai
请	qǐng	1	2443	in-ing
朗	lǎng	1	2444	n-l,r-l,an-ang
诸	zhū	1	2445	z-zh
诺	nuò	1	2446	n-l
读	dòu	1	2447	
读	dú	1	2448	
扇	shān	1	2449	s-sh,an-ang,an-ai
扇	shàn	1	2450	s-sh,an-ang,an-ai
诽	fěi	1	2451	h-f
袜	wà	1	2452	
袖	xiù	1	2453	
袍	páo	1	2454	
被	bèi	1	2455	
祥	xiáng	1	2456	ian-iang
课	kè	1	2457	g-k
冥	míng	1	2458	in-ing
谁	shéi	1	2459	s-sh
谁	shuí	1	2460	s-sh
调	diào	1	2461	
调	tiáo	1	2462	
冤	yuān	1	2463	uan-uang
谅	liàng	1	2464	n-l,r-l,ian-iang
谆	zhūn	1	2465	z-zh,un-ong,un-iong
谈	tán	1	2466	an-ang,an-ai
谊	yì	1	2467	
剥	bāo	1	2468	
剥	bō	1	2469	
恳	kěn	1	2470	g-k,en-eng
展	zhǎn	1	2471	z-zh,an-ang,an-ai
剧	jù	1	2472	
屑	xiè	1	2473	
弱	ruò	1	2474	r-l
陵	líng	1	2475	n-l,r-l,in-ing
祟	suì	1	2476	s-sh
陶	táo	1	2477	
陷	xiàn	1	2478	ian-iang
陪	péi	1	2479	
娱	yú	1	2480	
娟	juān	1	2481	uan-uang
恕	shù	1	2482	s-sh
娥	é	1	2483	
娘	niáng	1	2484	n-l,ian-iang
通	tōng	1	2485	eng-ong,on-ong,un-ong
通	tòng	1	2486	eng-ong,on-ong,un-ong
能	néng	1	2487	n-l,en-eng,eng-ong
难	nán	1	2488	n-l,an-ang,an-ai
难	nàn	1	2489	n-l,an-ang,an-ai
预	yù	1	2490	
桑	sāng	1	2491	s-sh,an-ang
绢	juàn	1	2492	uan-uang
绣	xiù	1	2493	
验	yàn	1	2494	an-ang,an-ai
继	jì	1	2495	
骏	jùn	1	2496	un-ong,un-iong
球	qiú	1	2497	
琐	suǒ	1	2498	s-sh
理	lǐ	1	2499	n-l,r-l
琉	liú	1	2500	n-l,r-l
琅	láng	1	2501	n-l,r-l,an-ang
捧	pěng	1	2502	en-eng,eng-ong
堵	dǔ	1	2503	
措	cuò	1	2504	c-ch
描	miáo	1	2505	
域	yù	1	2506	
捺	nà	1	2507	n-l
掩	yǎn	1	2508	an-ang,an-ai
捷	jié	1	2509	
排	pái	1	2510	an-ai
排	pǎi	1	2511	an-ai
焉	yān	1	2512	an-ang,an-ai
掉	diào	1	2513	
捶	chuí	1	2514	c-ch
赦	shè	1	2515	s-sh
堆	duī	1	2516	
推	tuī	1	2517	
埠	bù	1	2518	
掀	xiān	1	2519	ian-iang
授	shòu	1	2520	s-sh
捻	niǎn	1	2521	n-l,ian-iang
教	jiāo	1	2522	
教	jiào	1	2523	
掏	tāo	1	2524	
掐	qiā	1	2525	
掠	lüè	1	2526	n-l,r-l
掂	diān	1	2527	ian-iang
培	péi	1	2528	
接	jiē	1	2529	
掷	zhì	1	2530	z-zh
控	kòng	1	2531	g-k,eng-ong,on-ong,un-ong
探	tàn	1	2532	an-ang,an-ai
据	jū	1	2533	
据	jù	1	2534	
掘	jué	1	2535	
掺	chān	1	2536	c-ch,an-ang,an-ai
职	zhí	1	2537	z-zh
基	jī	1	2538	
聆	líng	1	2539	n-l,r-l,in-ing
勘	kān	1	2540	g-k,an-ang,an-ai
聊	liáo	1	2541	n-l,r-l
娶	qǔ	1	2542	
著	zhù	1	2543	z-zh
著	zhuó	1	2544	z-zh
菱	líng	1	2545	n-l,r-l,in-ing
勒	lè	1	2546	n-l,r-l
勒	lēi	1	2547	n-l,r-l
黄	huáng	1	2548	h-f,uan-uang
菲	fēi	1	2549	h-f
菲	fěi	1	2550	h-f
萌	méng	1	2551	en-eng,eng-ong
萝	luó	1	2552	n-l,r-l
菌	jūn	1	2553	un-ong,un-iong
菌	jùn	1	2554	un-ong,un-iong
萎	wěi	1	2555	
菜	cài	1	2556	c-ch,an-ai
萄	táo	1	2557	
菊	jú	1	2558	
菩	pú	1	2559	
萍	píng	1	2560	in-ing
菠	bō	1	2561	
萤	yíng	1	2562	in-ing
营	yíng	1	2563	in-ing
乾	qián	1	2564	ian-iang
萧	xiāo	1	2565	
萨	sà	1	2566	s-sh
菇	gū	1	2567	g-k
械	xiè	1	2568	
彬	bīn	1	2569	in-ing
梦	mèng	1	2570	en-eng,eng-ong
婪	lán	1	2571	n-l,r-l,an-ang,an-ai
梗	gěng	1	2572	g-k,en-eng,eng-ong
梧	wú	1	2573	
梢	shāo	1	2574	s-sh
梅	méi	1	2575	
检	jiǎn	1	2576	ian-iang
梳	shū	1	2577	s-sh
梯	tī	1	2578	
桶	tǒng	1	2579	eng-ong,on-ong,un-ong
梭	suō	1	2580	s-sh
救	jiù	1	2581	
曹	cáo	1	2582	c-ch
副	fù	1	2583	h-f
票	piào	1	2584	
酝	yùn	1	2585	un-ong,un-iong
酗	xù	1	2586	
厢	xiāng	1	2587	ian-iang
戚	qī	1	2588	
硅	guī	1	2589	g-k
硕	shuò	1	2590	s-sh
奢	shē	1	2591	s-sh
盔	kuī	1	2592	g-k
爽	shuǎng	1	2593	s-sh,uan-uang
聋	lóng	1	2594	n-l,r-l,eng-ong,on-ong,un-ong
袭	xí	1	2595	
盛	chéng	1	2596	c-ch,en-eng,eng-ong
盛	shèng	1	2597	s-sh,en-eng,eng-ong
匾	biǎn	1	2598	ian-iang
雪	xuě	1	2599	
辅	fǔ	1	2600	h-f
辆	liàng	1	2601	n-l,r-l,ian-iang
颅	lú	1	2602	n-l,r-l
虚	xū	1	2603	
彪	biāo	1	2604	
雀	qiāo	1	2605	
雀	qiǎo	1	2606	
雀	què	1	2607	
堂	táng	1	2608	an-ang
常	cháng	1	2609	c-ch,an-ang
眶	kuàng	1	2610	g-k,uan-uang
匙	chí	1	2611	c-ch
匙	shi	1	2612	s-sh
晨	chén	1	2613	c-ch,en-eng
睁	zhēng	1	2614	z-zh,en-eng,eng-ong
眯	mī	1	2615	
眯	mí	1	2616	
眼	yǎn	1	2617	an-ang,an-ai
悬	xuán	1	2618	uan-uang
野	yě	1	2619	
啪	pā	1	2620	
啦	lā	1	2621	n-l,r-l
啦	la	1	2622	n-l,r-l
曼	màn	1	2623	an-ang,an-ai
晦	huì	1	2624	h-f
晚	wǎn	1	2625	an-ang,an-ai
啄	zhuó	1	2626	z-zh
啡	fēi	1	2627	h-f
距	jù	1	2628	
趾	zhǐ	1	2629	z-zh
啃	kěn	1	2630	g-k,en-eng
跃	yuè	1	2631	
略	lüè	1	2632	n-l,r-l
蚯	qiū	1	2633	
蛀	zhù	1	2634	z-zh
蛇	shé	1	2635	s-sh
唬	hǔ	1	2636	h-f
累	léi	1	2637	n-l,r-l
累	lěi	1	2638	n-l,r-l
累	lèi	1	2639	n-l,r-l
鄂	è	1	2640	
唱	chàng	1	2641	c-ch,an-ang
患	huàn	1	2642	h-f,uan-uang
啰	luō	1	2643	n-l,r-l
啰	luó	1	2644	n-l,r-l
啰	luo	1	2645	n-l,r-l
唾	tuò	1	2646	
唯	wéi	1	2647	
啤	pí	1	2648	
啥	shá	1	2649	s-sh
啸	xiào	1	2650	
崖	yá	1	2651	
崎	qí	1	2652	
崭	zhǎn	1	2653	z-zh,an-ang,an-ai
逻	luó	1	2654	n-l,r-l
崔	cuī	1	2655	c-ch
帷	wéi	1	2656	
崩	bēng	1	2657	en-eng,eng-ong
崇	chóng	1	2658	c-ch,eng-ong,on-ong,un-ong
崛	jué	1	2659	
婴	yīng	1	2660	in-ing
圈	juān	1	2661	uan-uang
圈	juàn	1	2662	uan-uang
圈	quān	1	2663	uan-uang
铐	kào	1	2664	g-k
铛	chēng	1	2665	c-ch,en-eng,eng-ong
铛	dāng	1	2666	an-ang
铝	lǚ	1	2667	n-l,r-l
铜	tóng	1	2668	eng-ong,on-ong,un-ong
铭	míng	1	2669	in-ing
铲	chǎn	1	2670	c-ch,an-ang,an-ai
银	yín	1	2671	in-ing
矫	jiáo	1	2672	
矫	jiǎo	1	2673	
甜	tián	1	2674	ian-iang
秸	jiē	1	2675	
梨	lí	1	2676	n-l,r-l
犁	lí	1	2677	n-l,r-l
秽	huì	1	2678	h-f
移	yí	1	2679	
笨	bèn	1	2680	en-eng
笼	lóng	1	2681	n-l,r-l,eng-ong,on-ong,un-ong
笼	lǒng	1	2682	n-l,r-l,eng-ong,on-ong,un-ong
笛	dí	1	2683	
笙	shēng	1	2684	s-sh,en-eng,eng-ong
符	fú	1	2685	h-f
第	dì	1	2686	
敏	mǐn	1	2687	in-ing
做	zuò	1	2688	z-zh
袋	dài	1	2689	an-ai
悠	yōu	1	2690	
偿	cháng	1	2691	c-ch,an-ang
偶	ǒu	1	2692	
偎	wēi	1	2693	
偷	tōu	1	2694	
您	nín	1	2695	n-l,in-ing
售	shòu	1	2696	s-sh
停	tíng	1	2697	in-ing
偏	piān	1	2698	ian-iang
躯	qū	1	2699	
兜	dōu	1	2700	
假	jiǎ	1	2701	
假	jià	1	2702	
衅	xìn	1	2703	in-ing
徘	pái	1	2704	an-ai
徙	xǐ	1	2705	
得	dé	1	2706	
得	de	1	2707	
得	děi	1	2708	
衔	xián	1	2709	ian-iang
盘	pán	1	2710	an-ang,an-ai
舶	bó	1	2711	
船	chuán	1	2712	c-ch,uan-uang
舵	duò	1	2713	
斜	xié	1	2714	
盒	hé	1	2715	h-f
鸽	gē	1	2716	g-k
敛	liǎn	1	2717	n-l,r-l,ian-iang
悉	xī	1	2718	
欲	yù	1	2719	
彩	cǎi	1	2720	c-ch,an-ai
领	lǐng	1	2721	n-l,r-l,in-ing
脚	jiǎo	1	2722	
脖	bó	1	2723	
脯	fǔ	1	2724	h-f
脯	pú	1	2725	
豚	tún	1	2726	un-ong,un-iong
脸	liǎn	1	2727	n-l,r-l,ian-iang
脱	tuō	1	2728	
象	xiàng	1	2729	ian-iang
够	gòu	1	2730	g-k
逸	yì	1	2731	
猜	cāi	1	2732	c-ch,an-ai
猪	zhū	1	2733	z-zh
猎	liè	1	2734	n-l,r-l
猫	māo	1	2735	
凰	huáng	1	2736	h-f,uan-uang
猖	chāng	1	2737	c-ch,an-ang
猛	měng	1	2738	en-eng,eng-ong
祭	jì	1	2739	
祭	zhài	1	2740	z-zh,an-ai
馅	xiàn	1	2741	ian-iang
馆	guǎn	1	2742	g-k,uan-uang
凑	còu	1	2743	c-ch
减	jiǎn	1	2744	ian-iang
毫	háo	1	2745	h-f
烹	pēng	1	2746	en-eng,eng-ong
庶	shù	1	2747	s-sh
麻	má	1	2748	
庵	ān	1	2749	an-ang,an-ai
痊	quán	1	2750	uan-uang
痒	yǎng	1	2751	an-ang
痕	hén	1	2752	h-f,en-eng
廊	láng	1	2753	n-l,r-l,an-ang
康	kāng	1	2754	g-k,an-ang
庸	yōng	1	2755	eng-ong,on-ong,un-ong
鹿	lù	1	2756	n-l,r-l
盗	dào	1	2757	
章	zhāng	1	2758	z-zh,an-ang
竟	jìng	1	2759	in-ing
商	shāng	1	2760	s-sh,an-ang
族	zú	1	2761	z-zh
旋	xuán	1	2762	uan-uang
旋	xuàn	1	2763	uan-uang
望	wàng	1	2764	an-ang
率	lǜ	1	2765	n-l,r-l
率	shuài	1	2766	s-sh
阎	yán	1	2767	an-ang,an-ai
阐	chǎn	1	2768	c-ch,an-ang,an-ai
着	zhāo	1	2769	z-zh
着	zháo	1	2770	z-zh
着	zhe	1	2771	z-zh
着	zhuó	1	2772	z-zh
羚	líng	1	2773	n-l,r-l,in-ing
盖	gài	1	2774	g-k,an-ai
盖	gě	1	2775	g-k
眷	juàn	1	2776	uan-uang
粘	nián	1	2777	n-l,ian-iang
粘	zhān	1	2778	z-zh,an-ang,an-ai
粗	cū	1	2779	c-ch
粒	lì	1	2780	n-l,r-l
断	duàn	1	2781	uan-uang
剪	jiǎn	1	2782	ian-iang
兽	shòu	1	2783	s-sh
焊	hàn	1	2784	h-f,an-ang,an-ai
焕	huàn	1	2785	h-f,uan-uang
清	qīng	1	2786	in-ing
添	tiān	1	2787	ian-iang
鸿	hóng	1	2788	h-f,eng-ong,on-ong,un-ong
淋	lín	1	2789	n-l,r-l,in-ing
淋	lìn	1	2790	n-l,r-l,in-ing
涯	yá	1	2791	
淹	yān	1	2792	an-ang,an-ai
渠	qú	1	2793	
渐	jiàn	1	2794	ian-iang
淑	shū	1	2795	s-sh
淌	tǎng	1	2796	an-ang
混	hùn	1	2797	h-f,un-ong,un-iong
淮	huái	1	2798	h-f
淆	xiáo	1	2799	
渊	yuān	1	2800	uan-uang
淫	yín	1	2801	in-ing
渔	yú	1	2802	
淘	táo	1	2803	
淳	chún	1	2804	c-ch,un-ong,un-iong
液	yè	1	2805	
淤	yū	1	2806	
淡	dàn	1	2807	an-ang,an-ai
淀	diàn	1	2808	ian-iang
深	shēn	1	2809	s-sh,en-eng
涮	shuàn	1	2810	s-sh,uan-uang
涵	hán	1	2811	h-f,an-ang,an-ai
婆	pó	1	2812	
梁	liáng	1	2813	n-l,r-l,ian-iang
渗	shèn	1	2814	s-sh,en-eng
情	qíng	1	2815	in-ing
惜	xī	1	2816	
惭	cán	1	2817	c-ch,an-ang,an-ai
悼	dào	1	2818	
惧	jù	1	2819	
惕	tì	1	2820	
惟	wéi	1	2821	
惊	jīng	1	2822	in-ing
惦	diàn	1	2823	ian-iang
悴	cuì	1	2824	c-ch
惋	wǎn	1	2825	an-ang,an-ai
惨	cǎn	1	2826	c-ch,an-ang,an-ai
惯	guàn	1	2827	g-k,uan-uang
寇	kòu	1	2828	g-k
寅	yín	1	2829	in-ing
寄	jì	1	2830	
寂	jì	1	2831	
宿	sù	1	2832	s-sh
宿	xiǔ	1	2833	
宿	xiù	1	2834	
窒	zhì	1	2835	z-zh
窑	yáo	1	2836	
密	mì	1	2837	
谋	móu	1	2838	
谍	dié	1	2839	
谎	huǎng	1	2840	h-f,uan-uang
谐	xié	1	2841	
袱	fú	1	2842	h-f
祷	dǎo	1	2843	
祸	huò	1	2844	h-f
谓	wèi	1	2845	
谚	yàn	1	2846	an-ang,an-ai
谜	mí	1	2847	
逮	dǎi	1	2848	an-ai
逮	dài	1	2849	an-ai
敢	gǎn	1	2850	g-k,an-ang,an-ai
尉	wèi	1	2851	
尉	yù	1	2852	
屠	tú	1	2853	
弹	dàn	1	2854	an-ang,an-ai
弹	tán	1	2855	an-ang,an-ai
隋	suí	1	2856	s-sh
堕	duò	1	2857	
随	suí	1	2858	s-sh
蛋	dàn	1	2859	an-ang,an-ai
隅	yú	1	2860	
隆	lóng	1	2861	n-l,r-l,eng-ong,on-ong,un-ong
隐	yǐn	1	2862	in-ing
婚	hūn	1	2863	h-f,un-ong,un-iong
婶	shěn	1	2864	s-sh,en-eng
婉	wǎn	1	2865	an-ang,an-ai
颇	pō	1	2866	
颈	gěng	1	2867	g-k,en-eng,eng-ong
颈	jǐng	1	2868	in-ing
绩	jì	1	2869	
绪	xù	1	2870	
续	xù	1	2871	
骑	qí	1	2872	
绰	chāo	1	2873	c-ch
绰	chuò	1	2874	c-ch
绳	shéng	1	2875	s-sh,en-eng,eng-ong
维	wéi	1	2876	
绵	mián	1	2877	ian-iang
绷	bēng	1	2878	en-eng,eng-ong
绷	běng	1	2879	en-eng,eng-ong
绷	bèng	1	2880	en-eng,eng-ong
绸	chóu	1	2881	c-ch
综	zèng	1	2882	z-zh,en-eng,eng-ong
综	zōng	1	2883	z-zh,eng-ong,on-ong,un-ong
绽	zhàn	1	2884	z-zh,an-ang,an-ai
绿	lù	1	2885	n-l,r-l
绿	lǜ	1	2886	n-l,r-l
缀	zhuì	1	2887	z-zh
巢	cháo	1	2888	c-ch
琴	qín	1	2889	in-ing
琳	lín	1	2890	n-l,r-l,in-ing
琢	zhuó	1	2891	z-zh
琢	zuó	1	2892	z-zh
琼	qióng	1	2893	un-iong
斑	bān	1	2894	an-ang,an-ai
替	tì	1	2895	
揍	zòu	1	2896	z-zh
款	kuǎn	1	2897	g-k,uan-uang
堪	kān	1	2898	g-k,an-ang,an-ai
塔	tǎ	1	2899	
搭	dā	1	2900	
堰	yàn	1	2901	an-ang,an-ai
揩	kāi	1	2902	g-k,an-ai
越	yuè	1	2903	
趁	chèn	1	2904	c-ch,en-eng
趋	qū	1	2905	
超	chāo	1	2906	c-ch
揽	lǎn	1	2907	n-l,r-l,an-ang,an-ai
堤	dī	1	2908	
提	dī	1	2909	
提	tí	1	2910	
博	bó	1	2911	
揭	jiē	1	2912	
喜	xǐ	1	2913	
彭	péng	1	2914	en-eng,eng-ong
揣	chuāi	1	2915	c-ch
揣	chuǎi	1	2916	c-ch
揣	chuài	1	2917	c-ch
插	chā	1	2918	c-ch
揪	jiū	1	2919	
搜	sōu	1	2920	s-sh
煮	zhǔ	1	2921	z-zh
援	yuán	1	2922	uan-uang
搀	chān	1	2923	c-ch,an-ang,an-ai
裁	cái	1	2924	c-ch,an-ai
搁	gē	1	2925	g-k
搁	gé	1	2926	g-k
搓	cuō	1	2927	c-ch
搂	lōu	1	2928	n-l,r-l
搂	lǒu	1	2929	n-l,r-l
搅	jiǎo	1	2930	
壹	yī	1	2931	
握	wò	1	2932	
搔	sāo	1	2933	s-sh
揉	róu	1	2934	r-l
斯	sī	1	2935	s-sh
期	jī	1	2936	
期	qī	1	2937	
欺	qī	1	2938	
联	lián	1	2939	n-l,r-l,ian-iang
葫	hú	1	2940	h-f
散	sǎn	1	2941	s-sh,an-ang,an-ai
散	sàn	1	2942	s-sh,an-ang,an-ai
惹	rě	1	2943	r-l
葬	zàng	1	2944	z-zh,an-ang
募	mù	1	2945	
葛	gé	1	2946	g-k
葛	gě	1	2947	g-k
董	dǒng	1	2948	eng-ong,on-ong,un-ong
葡	pú	1	2949	
敬	jìng	1	2950	in-ing
葱	cōng	1	2951	c-ch,eng-ong,on-ong,un-ong
蒋	jiǎng	1	2952	ian-iang
蒂	dì	1	2953	
落	là	1	2954	n-l,r-l
落	lào	1	2955	n-l,r-l
落	luò	1	2956	n-l,r-l
韩	hán	1	2957	h-f,an-ang,an-ai
朝	cháo	1	2958	c-ch
朝	zhāo	1	2959	z-zh
辜	gū	1	2960	g-k
葵	kuí	1	2961	g-k
棒	bàng	1	2962	an-ang
棱	lēng	1	2963	n-l,r-l,en-eng,eng-ong
棱	léng	1	2964	n-l,r-l,en-eng,eng-ong
棱	líng	1	2965	n-l,r-l,in-ing
棋	qí	1	2966	
椰	yē	1	2967	
植	zhí	1	2968	z-zh
森	sēn	1	2969	s-sh,en-eng
焚	fén	1	2970	h-f,en-eng
椅	yī	1	2971	
椅	yǐ	1	2972	
椒	jiāo	1	2973	
棵	kē	1	2974	g-k
棍	gùn	1	2975	g-k,un-ong,un-iong
椎	zhuī	1	2976	z-zh
棉	mián	1	2977	ian-iang
棚	péng	1	2978	en-eng,eng-ong
棕	zōng	1	2979	z-zh,eng-ong,on-ong,un-ong
棺	guān	1	2980	g-k,uan-uang
榔	láng	1	2981	n-l,r-l,an-ang
椭	tuǒ	1	2982	
惠	huì	1	2983	h-f
惑	huò	1	2984	h-f
逼	bī	1	2985	
粟	sù	1	2986	s-sh
棘	jí	1	2987	
酣	hān	1	2988	h-f,an-ang,an-ai
酥	sū	1	2989	s-sh
厨	chú	1	2990	c-ch
厦	shà	1	2991	s-sh
厦	xià	1	2992	
硬	yìng	1	2993	in-ing
硝	xiāo	1	2994	
确	què	1	2995	
硫	liú	1	2996	n-l,r-l
雁	yàn	1	2997	an-ang,an-ai
殖	shi	1	2998	s-sh
殖	zhí	1	2999	z-zh
裂	liè	1	3000	n-l,r-l
雄	xióng	1	3001	un-iong
颊	jiá	1	3002	
雳	lì	1	3003	n-l,r-l
暂	zàn	1	3004	z-zh,an-ang,an-ai
雅	yǎ	1	3005	
翘	qiáo	1	3006	
翘	qiào	1	3007	
辈	bèi	1	3008	
悲	bēi	1	3009	
紫	zǐ	1	3010	z-zh
凿	záo	1	3011	z-zh
辉	huī	1	3012	h-f
敞	chǎng	1	3013	c-ch,an-ang
棠	táng	1	3014	an-ang
赏	shǎng	1	3015	s-sh,an-ang
掌	zhǎng	1	3016	z-zh,an-ang
晴	qíng	1	3017	in-ing
睐	lài	1	3018	n-l,r-l,an-ai
暑	shǔ	1	3019	s-sh
最	zuì	1	3020	z-zh
晰	xī	1	3021	
量	liáng	1	3022	n-l,r-l,ian-iang
量	liàng	1	3023	n-l,r-l,ian-iang
鼎	dǐng	1	3024	in-ing
喷	pēn	1	3025	en-eng
喷	pèn	1	3026	en-eng
喳	chā	1	3027	c-ch
喳	zhā	1	3028	z-zh
晶	jīng	1	3029	in-ing
喇	lǎ	1	3030	n-l,r-l
遇	yù	1	3031	
喊	hǎn	1	3032	h-f,an-ang,an-ai
遏	è	1	3033	
晾	liàng	1	3034	n-l,r-l,ian-iang
景	jǐng	1	3035	in-ing
畴	chóu	1	3036	c-ch
践	jiàn	1	3037	ian-iang
跋	bá	1	3038	
跌	diē	1	3039	
跑	páo	1	3040	
跑	pǎo	1	3041	
跛	bǒ	1	3042	
遗	yí	1	3043	
蛙	wā	1	3044	
蛛	zhū	1	3045	z-zh
蜓	tíng	1	3046	in-ing
蜒	yán	1	3047	an-ang,an-ai
蛤	gé	1	3048	g-k
蛤	há	1	3049	h-f
喝	hē	1	3050	h-f
喝	hè	1	3051	h-f
鹃	juān	1	3052	uan-uang
喂	wèi	1	3053	
喘	chuǎn	1	3054	c-ch,uan-uang
喉	hóu	1	3055	h-f
喻	yù	1	3056	
啼	tí	1	3057	
喧	xuān	1	3058	uan-uang
嵌	qiàn	1	3059	ian-iang
幅	fú	1	3060	h-f
帽	mào	1	3061	
赋	fù	1	3062	h-f
赌	dǔ	1	3063	
赎	shú	1	3064	s-sh
赐	cì	1	3065	c-ch
赔	péi	1	3066	
黑	hēi	1	3067	h-f
铸	zhù	1	3068	z-zh
铺	pū	1	3069	
铺	pù	1	3070	
链	liàn	1	3071	n-l,r-l,ian-iang
销	xiāo	1	3072	
锁	suǒ	1	3073	s-sh
锄	chú	1	3074	c-ch
锅	guō	1	3075	g-k
锈	xiù	1	3076	
锋	fēng	1	3077	h-f,en-eng,eng-ong
锌	xīn	1	3078	in-ing
锐	ruì	1	3079	r-l
甥	shēng	1	3080	s-sh,en-eng,eng-ong
掰	bāi	1	3081	an-ai
短	duǎn	1	3082	uan-uang
智	zhì	1	3083	z-zh
氮	dàn	1	3084	an-ang,an-ai
毯	tǎn	1	3085	an-ang,an-ai
氯	lǜ	1	3086	n-l,r-l
鹅	é	1	3087	
剩	shèng	1	3088	s-sh,en-eng,eng-ong
稍	shāo	1	3089	s-sh
稍	shào	1	3090	s-sh
程	chéng	1	3091	c-ch,en-eng,eng-ong
稀	xī	1	3092	
税	shuì	1	3093	s-sh
筐	kuāng	1	3094	g-k,uan-uang
等	děng	1	3095	en-eng,eng-ong
筑	zhù	1	3096	z-zh
策	cè	1	3097	c-ch
筛	shāi	1	3098	s-sh,an-ai
筒	tǒng	1	3099	eng-ong,on-ong,un-ong
筏	fá	1	3100	h-f
答	dā	1	3101	
答	dá	1	3102	
筋	jīn	1	3103	in-ing
筝	zhēng	1	3104	z-zh,en-eng,eng-ong
傲	ào	1	3105	
傅	fù	1	3106	h-f
牌	pái	1	3107	an-ai
堡	bǎo	1	3108	
堡	bǔ	1	3109	
堡	pù	1	3110	
集	jí	1	3111	
焦	jiāo	1	3112	
傍	bàng	1	3113	an-ang
储	chǔ	1	3114	c-ch
皓	hào	1	3115	h-f
皖	wǎn	1	3116	an-ang,an-ai
粤	yuè	1	3117	
奥	ào	1	3118	
街	jiē	1	3119	
惩	chéng	1	3120	c-ch,en-eng,eng-ong
御	yù	1	3121	
循	xún	1	3122	un-ong,un-iong
艇	tǐng	1	3123	in-ing
舒	shū	1	3124	s-sh
逾	yú	1	3125	
番	fān	1	3126	h-f,an-ang,an-ai
番	pān	1	3127	an-ang,an-ai
释	shì	1	3128	s-sh
禽	qín	1	3129	in-ing
腊	là	1	3130	n-l,r-l
脾	pí	1	3131	
腋	yè	1	3132	
腔	qiāng	1	3133	ian-iang
腕	wàn	1	3134	an-ang,an-ai
鲁	lǔ	1	3135	n-l,r-l
猩	xīng	1	3136	in-ing
猬	wèi	1	3137	
猾	huá	1	3138	h-f
猴	hóu	1	3139	h-f
惫	bèi	1	3140	
然	rán	1	3141	r-l,an-ang,an-ai
馈	kuì	1	3142	g-k
馋	chán	1	3143	c-ch,an-ang,an-ai
装	zhuāng	1	3144	z-zh,uan-uang
蛮	mán	1	3145	an-ang,an-ai
就	jiù	1	3146	
敦	dūn	1	3147	un-ong,un-iong
斌	bīn	1	3148	in-ing
痘	dòu	1	3149	
痢	lì	1	3150	n-l,r-l
痪	huàn	1	3151	h-f,uan-uang
痛	tòng	1	3152	eng-ong,on-ong,un-ong
童	tóng	1	3153	eng-ong,on-ong,un-ong
竣	jùn	1	3154	un-ong,un-iong
阔	kuò	1	3155	g-k
善	shàn	1	3156	s-sh,an-ang,an-ai
翔	xiáng	1	3157	ian-iang
羡	xiàn	1	3158	ian-iang
普	pǔ	1	3159	
粪	fèn	1	3160	h-f,en-eng
尊	zūn	1	3161	z-zh,un-ong,un-iong
奠	diàn	1	3162	ian-iang
道	dào	1	3163	
遂	suí	1	3164	s-sh
遂	suì	1	3165	s-sh
曾	céng	1	3166	c-ch,en-eng,eng-ong
曾	zēng	1	3167	z-zh,en-eng,eng-ong
焰	yàn	1	3168	an-ang,an-ai
港	gǎng	1	3169	g-k,an-ang
滞	zhì	1	3170	z-zh
湖	hú	1	3171	h-f
湘	xiāng	1	3172	ian-iang
渣	zhā	1	3173	z-zh
渤	bó	1	3174	
渺	miǎo	1	3175	
湿	shī	1	3176	s-sh
温	wēn	1	3177	en-eng
渴	kě	1	3178	g-k
溃	huì	1	3179	h-f
溃	kuì	1	3180	g-k
溅	jiàn	1	3181	ian-iang
滑	huá	1	3182	h-f
湃	pài	1	3183	an-ai
渝	yú	1	3184	
湾	wān	1	3185	an-ang,an-ai
渡	dù	1	3186	
游	yóu	1	3187	
滋	zī	1	3188	z-zh
渲	xuàn	1	3189	uan-uang
溉	gài	1	3190	g-k,an-ai
愤	fèn	1	3191	h-f,en-eng
慌	huāng	1	3192	h-f,uan-uang
惰	duò	1	3193	
愕	è	1	3194	
愣	lèng	1	3195	n-l,r-l,en-eng,eng-ong
惶	huáng	1	3196	h-f,uan-uang
愧	kuì	1	3197	g-k
愉	yú	1	3198	
慨	kǎi	1	3199	g-k,an-ai
割	gē	1	3200	g-k
寒	hán	1	3201	h-f,an-ang,an-ai
富	fù	1	3202	h-f
寓	yù	1	3203	
窜	cuàn	1	3204	c-ch,uan-uang
窝	wō	1	3205	
窖	jiào	1	3206	
窗	chuāng	1	3207	c-ch,uan-uang
窘	jiǒng	1	3208	un-iong
遍	biàn	1	3209	ian-iang
雇	gù	1	3210	g-k
裕	yù	1	3211	
裤	kù	1	3212	g-k
裙	qún	1	3213	un-ong,un-iong
禅	chán	1	3214	c-ch,an-ang,an-ai
禅	shàn	1	3215	s-sh,an-ang,an-ai
禄	lù	1	3216	n-l,r-l
谢	xiè	1	3217	
谣	yáo	1	3218	
谤	bàng	1	3219	an-ang
谦	qiān	1	3220	ian-iang
犀	xī	1	3221	
属	shǔ	1	3222	s-sh
屡	lǚ	1	3223	n-l,r-l
强	jiàng	1	3224	ian-iang
强	qiáng	1	3225	ian-iang
强	qiǎng	1	3226	ian-iang
粥	zhōu	1	3227	z-zh
疏	shū	1	3228	s-sh
隔	gé	1	3229	g-k
隙	xì	1	3230	
隘	ài	1	3231	an-ai
媒	méi	1	3232	
絮	xù	1	3233	
嫂	sǎo	1	3234	s-sh
媚	mèi	1	3235	
婿	xù	1	3236	
登	dēng	1	3237	en-eng,eng-ong
缅	miǎn	1	3238	ian-iang
缆	lǎn	1	3239	n-l,r-l,an-ang,an-ai
缉	jī	1	3240	
缉	qī	1	3241	
缎	duàn	1	3242	uan-uang
缓	huǎn	1	3243	h-f,uan-uang
缔	dì	1	3244	
缕	lǚ	1	3245	n-l,r-l
骗	piàn	1	3246	ian-iang
编	biān	1	3247	ian-iang
骚	sāo	1	3248	s-sh
缘	yuán	1	3249	uan-uang
瑟	sè	1	3250	s-sh
鹉	wǔ	1	3251	
瑞	ruì	1	3252	r-l
瑰	guī	1	3253	g-k
瑙	nǎo	1	3254	n-l
魂	hún	1	3255	h-f,un-ong,un-iong
肆	sì	1	3256	s-sh
摄	shè	1	3257	s-sh
摸	mō	1	3258	
填	tián	1	3259	ian-iang
搏	bó	1	3260	
塌	tā	1	3261	
鼓	gǔ	1	3262	g-k
摆	bǎi	1	3263	an-ai
携	xié	1	3264	
搬	bān	1	3265	an-ang,an-ai
摇	yáo	1	3266	
搞	gǎo	1	3267	g-k
塘	táng	1	3268	an-ang
摊	tān	1	3269	an-ang,an-ai
聘	pìn	1	3270	in-ing
斟	zhēn	1	3271	z-zh,en-eng
蒜	suàn	1	3272	s-sh,uan-uang
勤	qín	1	3273	in-ing
靴	xuē	1	3274	
靶	bǎ	1	3275	
鹊	què	1	3276	
蓝	lán	1	3277	n-l,r-l,an-ang,an-ai
墓	mù	1	3278	
幕	mù	1	3279	
蓬	péng	1	3280	en-eng,eng-ong
蓄	xù	1	3281	
蒲	pú	1	3282	
蓉	róng	1	3283	r-l,eng-ong,on-ong,un-ong
蒙	mēng	1	3284	en-eng,eng-ong
蒙	méng	1	3285	en-eng,eng-ong
蒙	měng	1	3286	en-eng,eng-ong
蒸	zhēng	1	3287	z-zh,en-eng,eng-ong
献	xiàn	1	3288	ian-iang
椿	chūn	1	3289	c-ch,un-ong,un-iong
禁	jīn	1	3290	in-ing
禁	jìn	1	3291	in-ing
楚	chǔ	1	3292	c-ch
楷	jiē	1	3293	
楷	kǎi	1	3294	g-k,an-ai
榄	lǎn	1	3295	n-l,r-l,an-ang,an-ai
想	xiǎng	1	3296	ian-iang
槐	huái	1	3297	h-f
榆	yú	1	3298	
楼	lóu	1	3299	n-l,r-l
概	gài	1	3300	g-k,an-ai
赖	lài	1	3301	n-l,r-l,an-ai
酪	lào	1	3302	n-l,r-l
酬	chóu	1	3303	c-ch
感	gǎn	1	3304	g-k,an-ang,an-ai
碍	ài	1	3305	an-ai
碘	diǎn	1	3306	ian-iang
碑	bēi	1	3307	
碎	suì	1	3308	s-sh
碰	pèng	1	3309	en-eng,eng-ong
碗	wǎn	1	3310	an-ang,an-ai
碌	liù	1	3311	n-l,r-l
碌	lù	1	3312	n-l,r-l
尴	gān	1	3313	g-k,an-ang,an-ai
雷	léi	1	3314	n-l,r-l
零	líng	1	3315	n-l,r-l,in-ing
雾	wù	1	3316	
雹	báo	1	3317	
辐	fú	1	3318	h-f
辑	jí	1	3319	
输	shū	1	3320	s-sh
督	dū	1	3321	
频	pín	1	3322	in-ing
龄	líng	1	3323	n-l,r-l,in-ing
鉴	jiàn	1	3324	ian-iang
睛	jīng	1	3325	in-ing
睹	dǔ	1	3326	
睦	mù	1	3327	
瞄	miáo	1	3328	
睫	jié	1	3329	
睡	shuì	1	3330	s-sh
睬	cǎi	1	3331	c-ch,an-ai
嗜	shì	1	3332	s-sh
鄙	bǐ	1	3333	
嗦	suō	1	3334	s-sh
愚	yú	1	3335	
暖	nuǎn	1	3336	n-l,uan-uang
盟	méng	1	3337	en-eng,eng-ong
歇	xiē	1	3338	
暗	àn	1	3339	an-ang,an-ai
暇	xiá	1	3340	
照	zhào	1	3341	z-zh
畸	jī	1	3342	
跨	kuà	1	3343	g-k
跷	qiāo	1	3344	
跳	tiào	1	3345	
跺	duò	1	3346	
跪	guì	1	3347	g-k
路	lù	1	3348	n-l,r-l
跤	jiāo	1	3349	
跟	gēn	1	3350	g-k,en-eng
遣	qiǎn	1	3351	ian-iang
蜈	wú	1	3352	
蜗	wō	1	3353	
蛾	é	1	3354	
蜂	fēng	1	3355	h-f,en-eng,eng-ong
蜕	tuì	1	3356	
嗅	xiù	1	3357	
嗡	wēng	1	3358	en-eng,eng-ong
嗓	sǎng	1	3359	s-sh,an-ang
署	shǔ	1	3360	s-sh
置	zhì	1	3361	z-zh
罪	zuì	1	3362	z-zh
罩	zhào	1	3363	z-zh
蜀	shǔ	1	3364	s-sh
幌	huǎng	1	3365	h-f,uan-uang
错	cuò	1	3366	c-ch
锚	máo	1	3367	
锡	xī	1	3368	
锣	luó	1	3369	n-l,r-l
锤	chuí	1	3370	c-ch
锥	zhuī	1	3371	z-zh
锦	jǐn	1	3372	in-ing
键	jiàn	1	3373	ian-iang
锯	jù	1	3374	
锰	měng	1	3375	en-eng,eng-ong
矮	ǎi	1	3376	an-ai
辞	cí	1	3377	c-ch
稚	zhì	1	3378	z-zh
稠	chóu	1	3379	c-ch
颓	tuí	1	3380	
愁	chóu	1	3381	c-ch
筹	chóu	1	3382	c-ch
签	qiān	1	3383	ian-iang
简	jiǎn	1	3384	ian-iang
筷	kuài	1	3385	g-k
毁	huǐ	1	3386	h-f
舅	jiù	1	3387	
鼠	shǔ	1	3388	s-sh
催	cuī	1	3389	c-ch
傻	shǎ	1	3390	s-sh
像	xiàng	1	3391	ian-iang
躲	duǒ	1	3392	
魁	kuí	1	3393	g-k
衙	yá	1	3394	
微	wēi	1	3395	
愈	yù	1	3396	
遥	yáo	1	3397	
腻	nì	1	3398	n-l
腰	yāo	1	3399	
腥	xīng	1	3400	in-ing
腮	sāi	1	3401	s-sh,an-ai
腹	fù	1	3402	h-f
腺	xiàn	1	3403	ian-iang
鹏	péng	1	3404	en-eng,eng-ong
腾	téng	1	3405	en-eng,eng-ong
腿	tuǐ	1	3406	
鲍	bào	1	3407	
猿	yuán	1	3408	uan-uang
颖	yǐng	1	3409	in-ing
触	chù	1	3410	c-ch
解	jiě	1	3411	
解	jiè	1	3412	
解	xiè	1	3413	
煞	shā	1	3414	s-sh
煞	shà	1	3415	s-sh
雏	chú	1	3416	c-ch
馍	mó	1	3417	
馏	liú	1	3418	n-l,r-l
馏	liù	1	3419	n-l,r-l
酱	jiàng	1	3420	ian-iang
禀	bǐng	1	3421	in-ing
痹	bì	1	3422	
廓	kuò	1	3423	g-k
痴	chī	1	3424	c-ch
痰	tán	1	3425	an-ang,an-ai
廉	lián	1	3426	n-l,r-l,ian-iang
靖	jìng	1	3427	in-ing
新	xīn	1	3428	in-ing
韵	yùn	1	3429	un-ong,un-iong
意	yì	1	3430	
誊	téng	1	3431	en-eng,eng-ong
粮	liáng	1	3432	n-l,r-l,ian-iang
数	shǔ	1	3433	s-sh
数	shù	1	3434	s-sh
数	shuò	1	3435	s-sh
煎	jiān	1	3436	ian-iang
塑	sù	1	3437	s-sh
慈	cí	1	3438	c-ch
煤	méi	1	3439	
煌	huáng	1	3440	h-f,uan-uang
满	mǎn	1	3441	an-ang,an-ai
漠	mò	1	3442	
滇	diān	1	3443	ian-iang
源	yuán	1	3444	uan-uang
滤	lǜ	1	3445	n-l,r-l
滥	làn	1	3446	n-l,r-l,an-ang,an-ai
滔	tāo	1	3447	
溪	xī	1	3448	
溜	liū	1	3449	n-l,r-l
溜	liù	1	3450	n-l,r-l
漓	lí	1	3451	n-l,r-l
滚	gǔn	1	3452	g-k,un-ong,un-iong
溢	yì	1	3453	
溯	sù	1	3454	s-sh
滨	bīn	1	3455	in-ing
溶	róng	1	3456	r-l,eng-ong,on-ong,un-ong
溺	nì	1	3457	n-l
粱	liáng	1	3458	n-l,r-l,ian-iang
滩	tān	1	3459	an-ang,an-ai
慎	shèn	1	3460	s-sh,en-eng
誉	yù	1	3461	
塞	sāi	1	3462	s-sh,an-ai
塞	sài	1	3463	s-sh,an-ai
塞	sè	1	3464	s-sh
寞	mò	1	3465	
窥	kuī	1	3466	g-k
窟	kū	1	3467	g-k
寝	qǐn	1	3468	in-ing
谨	jǐn	1	3469	in-ing
褂	guà	1	3470	g-k
裸	luǒ	1	3471	n-l,r-l
福	fú	1	3472	h-f
谬	miù	1	3473	
群	qún	1	3474	un-ong,un-iong
殿	diàn	1	3475	ian-iang
辟	bì	1	3476	
辟	pì	1	3477	
障	zhàng	1	3478	z-zh,an-ang
媳	xí	1	3479	
嫉	jí	1	3480	
嫌	xián	1	3481	ian-iang
嫁	jià	1	3482	
叠	dié	1	3483	
缚	fù	1	3484	h-f
缝	féng	1	3485	h-f,en-eng,eng-ong
缝	fèng	1	3486	h-f,en-eng,eng-ong
缠	chán	1	3487	c-ch,an-ang,an-ai
缤	bīn	1	3488	in-ing
剿	jiǎo	1	3489	
静	jìng	1	3490	in-ing
碧	bì	1	3491	
璃	lí	1	3492	n-l,r-l
赘	zhuì	1	3493	z-zh
熬	āo	1	3494	
熬	áo	1	3495	
墙	qiáng	1	3496	ian-iang
墟	xū	1	3497	
嘉	jiā	1	3498	
摧	cuī	1	3499	c-ch
赫	hè	1	3500	h-f
截	jié	1	3501	
誓	shì	1	3502	s-sh
境	jìng	1	3503	in-ing
摘	zhāi	1	3504	z-zh,an-ai
摔	shuāi	1	3505	s-sh
撇	piē	1	3506	
撇	piě	1	3507	
聚	jù	1	3508	
慕	mù	1	3509	
暮	mù	1	3510	
摹	mó	1	3511	
蔓	mán	1	3512	an-ang,an-ai
蔓	màn	1	3513	an-ang,an-ai
蔓	wàn	1	3514	an-ang,an-ai
蔑	miè	1	3515	
蔡	cài	1	3516	c-ch,an-ai
蔗	zhè	1	3517	z-zh
蔽	bì	1	3518	
蔼	ǎi	1	3519	an-ai
熙	xī	1	3520	
蔚	wèi	1	3521	
蔚	yù	1	3522	
兢	jīng	1	3523	in-ing
模	mó	1	3524	
模	mú	1	3525	
槛	jiàn	1	3526	ian-iang
槛	kǎn	1	3527	g-k,an-ang,an-ai
榴	liú	1	3528	n-l,r-l
榜	bǎng	1	3529	an-ang
榨	zhà	1	3530	z-zh
榕	róng	1	3531	r-l,eng-ong,on-ong,un-ong
歌	gē	1	3532	g-k
遭	zāo	1	3533	z-zh
酵	jiào	1	3534	
酷	kù	1	3535	g-k
酿	niàng	1	3536	n-l,ian-iang
酸	suān	1	3537	s-sh,uan-uang
碟	dié	1	3538	
碱	jiǎn	1	3539	ian-iang
碳	tàn	1	3540	an-ang,an-ai
磁	cí	1	3541	c-ch
愿	yuàn	1	3542	uan-uang
需	xū	1	3543	
辖	xiá	1	3544	
辗	zhǎn	1	3545	z-zh,an-ang,an-ai
雌	cí	1	3546	c-ch
裳	shang	1	3547	s-sh,an-ang
颗	kē	1	3548	g-k
瞅	chǒu	1	3549	c-ch
墅	shù	1	3550	s-sh
嗽	sòu	1	3551	s-sh
踊	yǒng	1	3552	eng-ong,on-ong,un-ong
蜻	qīng	1	3553	in-ing
蜡	là	1	3554	n-l,r-l
蝇	yíng	1	3555	in-ing
蜘	zhī	1	3556	z-zh
蝉	chán	1	3557	c-ch,an-ang,an-ai
嘛	ma	1	3558	
嘀	dí	1	3559	
赚	zhuàn	1	3560	z-zh,uan-uang
锹	qiāo	1	3561	
锻	duàn	1	3562	uan-uang
镀	dù	1	3563	
舞	wǔ	1	3564	
舔	tiǎn	1	3565	ian-iang
稳	wěn	1	3566	en-eng
熏	xūn	1	3567	un-ong,un-iong
箕	jī	1	3568	
算	suàn	1	3569	s-sh,uan-uang
箩	luó	1	3570	n-l,r-l
管	guǎn	1	3571	g-k,uan-uang
箫	xiāo	1	3572	
舆	yú	1	3573	
僚	liáo	1	3574	n-l,r-l
僧	sēng	1	3575	s-sh,en-eng,eng-ong
鼻	bí	1	3576	
魄	pò	1	3577	
魅	mèi	1	3578	
貌	mào	1	3579	
膜	mó	1	3580	
膊	bó	1	3581	
膀	bǎng	1	3582	an-ang
膀	pāng	1	3583	an-ang
膀	páng	1	3584	an-ang
鲜	xiān	1	3585	ian-iang
鲜	xiǎn	1	3586	ian-iang
疑	yí	1	3587	
孵	fū	1	3588	h-f
馒	mán	1	3589	an-ang,an-ai
裹	guǒ	1	3590	g-k
敲	qiāo	1	3591	
豪	háo	1	3592	h-f
膏	gāo	1	3593	g-k
膏	gào	1	3594	g-k
遮	zhē	1	3595	z-zh
腐	fǔ	1	3596	h-f
瘩	dá	1	3597	
瘩	da	1	3598	
瘟	wēn	1	3599	en-eng
瘦	shòu	1	3600	s-sh
辣	là	1	3601	n-l,r-l
彰	zhāng	1	3602	z-zh,an-ang
竭	jié	1	3603	
端	duān	1	3604	uan-uang
旗	qí	1	3605	
精	jīng	1	3606	in-ing
粹	cuì	1	3607	c-ch
歉	qiàn	1	3608	ian-iang
弊	bì	1	3609	
熄	xī	1	3610	
熔	róng	1	3611	r-l,eng-ong,on-ong,un-ong
煽	shān	1	3612	s-sh,an-ang,an-ai
潇	xiāo	1	3613	
漆	qī	1	3614	
漱	shù	1	3615	s-sh
漂	piāo	1	3616	
漂	piǎo	1	3617	
漂	piào	1	3618	
漫	màn	1	3619	an-ang,an-ai
滴	dī	1	3620	
漾	yàng	1	3621	an-ang
演	yǎn	1	3622	an-ang,an-ai
漏	lòu	1	3623	n-l,r-l
慢	màn	1	3624	an-ang,an-ai
慷	kāng	1	3625	g-k,an-ang
寨	zhài	1	3626	z-zh,an-ai
赛	sài	1	3627	s-sh,an-ai
寡	guǎ	1	3628	g-k
察	chá	1	3629	c-ch
蜜	mì	1	3630	
寥	liáo	1	3631	n-l,r-l
谭	tán	1	3632	an-ang,an-ai
肇	zhào	1	3633	z-zh
褐	hè	1	3634	h-f
褪	tuì	1	3635	
褪	tùn	1	3636	un-ong,un-iong
谱	pǔ	1	3637	
隧	suì	1	3638	s-sh
嫩	nèn	1	3639	n-l,en-eng
翠	cuì	1	3640	c-ch
熊	xióng	1	3641	un-iong
凳	dèng	1	3642	en-eng,eng-ong
骡	luó	1	3643	n-l,r-l
缩	sù	1	3644	s-sh
缩	suō	1	3645	s-sh
慧	huì	1	3646	h-f
撵	niǎn	1	3647	n-l,ian-iang
撕	sī	1	3648	s-sh
撒	sā	1	3649	s-sh
撒	sǎ	1	3650	s-sh
撩	liāo	1	3651	n-l,r-l
撩	liáo	1	3652	n-l,r-l
趣	qù	1	3653	
趟	tàng	1	3654	an-ang
撑	chēng	1	3655	c-ch,en-eng,eng-ong
撮	cuō	1	3656	c-ch
撮	zuǒ	1	3657	z-zh
撬	qiào	1	3658	
播	bō	1	3659	
擒	qín	1	3660	in-ing
墩	dūn	1	3661	un-ong,un-iong
撞	zhuàng	1	3662	z-zh,uan-uang
撤	chè	1	3663	c-ch
增	zēng	1	3664	z-zh,en-eng,eng-ong
撰	zhuàn	1	3665	z-zh,uan-uang
聪	cōng	1	3666	c-ch,eng-ong,on-ong,un-ong
鞋	xié	1	3667	
鞍	ān	1	3668	an-ang,an-ai
蕉	jiāo	1	3669	
蕊	ruǐ	1	3670	r-l
蔬	shū	1	3671	s-sh
蕴	yùn	1	3672	un-ong,un-iong
横	héng	1	3673	h-f,en-eng,eng-ong
横	hèng	1	3674	h-f,en-eng,eng-ong
槽	cáo	1	3675	c-ch
樱	yīng	1	3676	in-ing
橡	xiàng	1	3677	ian-iang
樟	zhāng	1	3678	z-zh,an-ang
橄	gǎn	1	3679	g-k,an-ang,an-ai
敷	fū	1	3680	h-f
豌	wān	1	3681	an-ang,an-ai
飘	piāo	1	3682	
醋	cù	1	3683	c-ch
醇	chún	1	3684	c-ch,un-ong,un-iong
醉	zuì	1	3685	z-zh
磕	kē	1	3686	g-k
磊	lěi	1	3687	n-l,r-l
磅	bàng	1	3688	an-ang
磅	páng	1	3689	an-ang
碾	niǎn	1	3690	n-l,ian-iang
震	zhèn	1	3691	z-zh,en-eng
霄	xiāo	1	3692	
霉	méi	1	3693	
瞒	mán	1	3694	an-ang,an-ai
题	tí	1	3695	
暴	bào	1	3696	
瞎	xiā	1	3697	
嘻	xī	1	3698	
嘶	sī	1	3699	s-sh
嘲	cháo	1	3700	c-ch
嘹	liáo	1	3701	n-l,r-l
影	yǐng	1	3702	in-ing
踢	tī	1	3703	
踏	tā	1	3704	
踏	tà	1	3705	
踩	cǎi	1	3706	c-ch,an-ai
踪	zōng	1	3707	z-zh,eng-ong,on-ong,un-ong
蝶	dié	1	3708	
蝴	hú	1	3709	h-f
蝠	fú	1	3710	h-f
蝎	xiē	1	3711	
蝌	kē	1	3712	g-k
蝗	huáng	1	3713	h-f,uan-uang
蝙	biān	1	3714	ian-iang
嘿	hēi	1	3715	h-f
嘱	zhǔ	1	3716	z-zh
幢	chuáng	1	3717	c-ch,uan-uang
幢	zhuàng	1	3718	z-zh,uan-uang
墨	mò	1	3719	
镇	zhèn	1	3720	z-zh,en-eng
镐	gǎo	1	3721	g-k
镑	bàng	1	3722	an-ang
靠	kào	1	3723	g-k
稽	jī	1	3724	
稻	dào	1	3725	
黎	lí	1	3726	n-l,r-l
稿	gǎo	1	3727	g-k
稼	jià	1	3728	
箱	xiāng	1	3729	ian-iang
篓	lǒu	1	3730	n-l,r-l
箭	jiàn	1	3731	ian-iang
篇	piān	1	3732	ian-iang
僵	jiāng	1	3733	ian-iang
躺	tǎng	1	3734	an-ang
僻	pì	1	3735	
德	dé	1	3736	
艘	sōu	1	3737	s-sh
膝	xī	1	3738	
膛	táng	1	3739	an-ang
鲤	lǐ	1	3740	n-l,r-l
鲫	jì	1	3741	
熟	shóu	1	3742	s-sh
熟	shú	1	3743	s-sh
摩	mā	1	3744	
摩	mó	1	3745	
褒	bāo	1	3746	
瘪	biē	1	3747	
瘪	biě	1	3748	
瘤	liú	1	3749	n-l,r-l
瘫	tān	1	3750	an-ang,an-ai
凛	lǐn	1	3751	n-l,r-l,in-ing
颜	yán	1	3752	an-ang,an-ai
毅	yì	1	3753	
糊	hū	1	3754	h-f
糊	hú	1	3755	h-f
糊	hù	1	3756	h-f
遵	zūn	1	3757	z-zh,un-ong,un-iong
憋	biē	1	3758	
潜	qián	1	3759	ian-iang
澎	péng	1	3760	en-eng,eng-ong
潮	cháo	1	3761	c-ch
潭	tán	1	3762	an-ang,an-ai
鲨	shā	1	3763	s-sh
澳	ào	1	3764	
潘	pān	1	3765	an-ang,an-ai
澈	chè	1	3766	c-ch
澜	lán	1	3767	n-l,r-l,an-ang,an-ai
澄	chéng	1	3768	c-ch,en-eng,eng-ong
澄	dèng	1	3769	en-eng,eng-ong
懂	dǒng	1	3770	eng-ong,on-ong,un-ong
憔	qiáo	1	3771	
懊	ào	1	3772	
憎	zēng	1	3773	z-zh,en-eng,eng-ong
额	é	1	3774	
翩	piān	1	3775	ian-iang
褥	rù	1	3776	r-l
谴	qiǎn	1	3777	ian-iang
鹤	hè	1	3778	h-f
憨	hān	1	3779	h-f,an-ang,an-ai
慰	wèi	1	3780	
劈	pī	1	3781	
劈	pǐ	1	3782	
履	lǚ	1	3783	n-l,r-l
豫	yù	1	3784	
缭	liáo	1	3785	n-l,r-l
撼	hàn	1	3786	h-f,an-ang,an-ai
擂	léi	1	3787	n-l,r-l
擂	lèi	1	3788	n-l,r-l
操	cāo	1	3789	c-ch
擅	shàn	1	3790	s-sh,an-ang,an-ai
燕	yān	1	3791	an-ang,an-ai
燕	yàn	1	3792	an-ang,an-ai
蕾	lěi	1	3793	n-l,r-l
薯	shǔ	1	3794	s-sh
薛	xuē	1	3795	
薇	wēi	1	3796	
擎	qíng	1	3797	in-ing
薪	xīn	1	3798	in-ing
薄	báo	1	3799	
薄	bó	1	3800	
薄	bò	1	3801	
颠	diān	1	3802	ian-iang
翰	hàn	1	3803	h-f,an-ang,an-ai
噩	è	1	3804	
橱	chú	1	3805	c-ch
橙	chéng	1	3806	c-ch,en-eng,eng-ong
橘	jú	1	3807	
整	zhěng	1	3808	z-zh,en-eng,eng-ong
融	róng	1	3809	r-l,eng-ong,on-ong,un-ong
瓢	piáo	1	3810	
醒	xǐng	1	3811	in-ing
霍	huò	1	3812	h-f
霎	shà	1	3813	s-sh
辙	zhé	1	3814	z-zh
冀	jì	1	3815	
餐	cān	1	3816	c-ch,an-ang,an-ai
嘴	zuǐ	1	3817	z-zh
踱	duó	1	3818	
蹄	tí	1	3819	
蹂	róu	1	3820	r-l
蟆	má	1	3821	
螃	páng	1	3822	an-ang
器	qì	1	3823	
噪	zào	1	3824	z-zh
鹦	yīng	1	3825	in-ing
赠	zèng	1	3826	z-zh,en-eng,eng-ong
默	mò	1	3827	
黔	qián	1	3828	ian-iang
镜	jìng	1	3829	in-ing
赞	zàn	1	3830	z-zh,an-ang,an-ai
穆	mù	1	3831	
篮	lán	1	3832	n-l,r-l,an-ang,an-ai
篡	cuàn	1	3833	c-ch,uan-uang
篷	péng	1	3834	en-eng,eng-ong
篱	lí	1	3835	n-l,r-l
儒	rú	1	3836	r-l
邀	yāo	1	3837	
衡	héng	1	3838	h-f,en-eng,eng-ong
膨	péng	1	3839	en-eng,eng-ong
雕	diāo	1	3840	
鲸	jīng	1	3841	in-ing
磨	mó	1	3842	
磨	mò	1	3843	
瘾	yǐn	1	3844	in-ing
瘸	qué	1	3845	
凝	níng	1	3846	n-l,in-ing
辨	biàn	1	3847	ian-iang
辩	biàn	1	3848	ian-iang
糙	cāo	1	3849	c-ch
糖	táng	1	3850	an-ang
糕	gāo	1	3851	g-k
燃	rán	1	3852	r-l,an-ang,an-ai
濒	bīn	1	3853	in-ing
澡	zǎo	1	3854	z-zh
激	jī	1	3855	
懒	lǎn	1	3856	n-l,r-l,an-ang,an-ai
憾	hàn	1	3857	h-f,an-ang,an-ai
懈	xiè	1	3858	
窿	lóng	1	3859	n-l,r-l,eng-ong,on-ong,un-ong
壁	bì	1	3860	
避	bì	1	3861	
缰	jiāng	1	3862	ian-iang
缴	jiǎo	1	3863	
戴	dài	1	3864	an-ai
擦	cā	1	3865	c-ch
藉	jí	1	3866	
藉	jiè	1	3867	
鞠	jū	1	3868	
藏	cáng	1	3869	c-ch,an-ang
藏	zàng	1	3870	z-zh,an-ang
藐	miǎo	1	3871	
檬	méng	1	3872	en-eng,eng-ong
檐	yán	1	3873	an-ang,an-ai
檀	tán	1	3874	an-ang,an-ai
礁	jiāo	1	3875	
磷	lín	1	3876	n-l,r-l,in-ing
霜	shuāng	1	3877	s-sh,uan-uang
霞	xiá	1	3878	
瞭	liào	1	3879	n-l,r-l
瞧	qiáo	1	3880	
瞬	shùn	1	3881	s-sh,un-ong,un-iong
瞳	tóng	1	3882	eng-ong,on-ong,un-ong
瞩	zhǔ	1	3883	z-zh
瞪	dèng	1	3884	en-eng,eng-ong
曙	shǔ	1	3885	s-sh
蹋	tà	1	3886	
蹈	dǎo	1	3887	
螺	luó	1	3888	n-l,r-l
蟋	xī	1	3889	
蟀	shuài	1	3890	s-sh
嚎	háo	1	3891	h-f
赡	shàn	1	3892	s-sh,an-ang,an-ai
穗	suì	1	3893	s-sh
魏	wèi	1	3894	
簧	huáng	1	3895	h-f,uan-uang
簇	cù	1	3896	c-ch
繁	fán	1	3897	h-f,an-ang,an-ai
繁	pó	1	3898	
徽	huī	1	3899	h-f
爵	jué	1	3900	
朦	méng	1	3901	en-eng,eng-ong
臊	sāo	1	3902	s-sh
臊	sào	1	3903	s-sh
鳄	è	1	3904	
癌	ái	1	3905	an-ai
辫	biàn	1	3906	ian-iang
赢	yíng	1	3907	in-ing
糟	zāo	1	3908	z-zh
糠	kāng	1	3909	g-k,an-ang
燥	zào	1	3910	z-zh
懦	nuò	1	3911	n-l
豁	huō	1	3912	h-f
豁	huò	1	3913	h-f
臀	tún	1	3914	un-ong,un-iong
臂	bei	1	3915	
臂	bì	1	3916	
翼	yì	1	3917	
骤	zhòu	1	3918	z-zh
藕	ǒu	1	3919	
鞭	biān	1	3920	ian-iang
藤	téng	1	3921	en-eng,eng-ong
覆	fù	1	3922	h-f
瞻	zhān	1	3923	z-zh,an-ang,an-ai
蹦	bèng	1	3924	en-eng,eng-ong
嚣	xiāo	1	3925	
镰	lián	1	3926	n-l,r-l,ian-iang
翻	fān	1	3927	h-f,an-ang,an-ai
鳍	qí	1	3928	
鹰	yīng	1	3929	in-ing
瀑	bào	1	3930	
瀑	pù	1	3931	
襟	jīn	1	3932	in-ing
璧	bì	1	3933	
戳	chuō	1	3934	c-ch
孽	niè	1	3935	n-l
警	jǐng	1	3936	in-ing
蘑	mó	1	3937	
藻	zǎo	1	3938	z-zh
攀	pān	1	3939	an-ang,an-ai
曝	bào	1	3940	
曝	pù	1	3941	
蹲	dūn	1	3942	un-ong,un-iong
蹭	cèng	1	3943	c-ch,en-eng,eng-ong
蹬	dēng	1	3944	en-eng,eng-ong
巅	diān	1	3945	ian-iang
簸	bǒ	1	3946	
簸	bò	1	3947	
簿	bù	1	3948	
蟹	xiè	1	3949	
颤	chàn	1	3950	c-ch,an-ang,an-ai
靡	mí	1	3951	
靡	mǐ	1	3952	
癣	xuǎn	1	3953	uan-uang
瓣	bàn	1	3954	an-ang,an-ai
羹	gēng	1	3955	g-k,en-eng,eng-ong
鳖	biē	1	3956	
爆	bào	1	3957	
疆	jiāng	1	3958	ian-iang
鬓	bìn	1	3959	in-ing
壤	rǎng	1	3960	r-l,an-ang
馨	xīn	1	3961	in-ing
耀	yào	1	3962	
躁	zào	1	3963	z-zh
蠕	rú	1	3964	r-l
嚼	jiáo	1	3965	
嚼	jiào	1	3966	
嚼	jué	1	3967	
嚷	rāng	1	3968	r-l,an-ang
嚷	rǎng	1	3969	r-l,an-ang
巍	wēi	1	3970	
籍	jí	1	3971	
鳞	lín	1	3972	n-l,r-l,in-ing
魔	mó	1	3973	
糯	nuò	1	3974	n-l
灌	guàn	1	3975	g-k,uan-uang
譬	pì	1	3976	
蠢	chǔn	1	3977	c-ch,un-ong,un-iong
霸	bà	1	3978	
露	lòu	1	3979	n-l,r-l
露	lù	1	3980	n-l,r-l
霹	pī	1	3981	
躏	lìn	1	3982	n-l,r-l,in-ing
黯	àn	1	3983	an-ang,an-ai
髓	suǐ	1	3984	s-sh
赣	gàn	1	3985	g-k,an-ang,an-ai
囊	nāng	1	3986	n-l,an-ang
囊	náng	1	3987	n-l,an-ang
镶	xiāng	1	3988	ian-iang
瓤	ráng	1	3989	r-l,an-ang
罐	guàn	1	3990	g-k,uan-uang
矗	chù	1	3991	c-ch
乂	yì	1	3992	
乜	miē	2	3993	
乜	niè	2	3994	n-l
兀	wù	2	3995	
弋	yì	2	3996	
孑	jié	2	3997	
孓	jué	2	3998	
幺	yāo	2	3999	
亓	qí	2	4000	
韦	wéi	2	4001	
廿	niàn	2	4002	n-l,ian-iang
丏	miǎn	2	4003	ian-iang
卅	sà	2	4004	s-sh
仄	zè	2	4005	z-zh
厄	è	2	4006	
仃	dīng	2	4007	in-ing
仉	zhǎng	2	4008	z-zh,an-ang
仂	lè	2	4009	n-l,r-l
兮	xī	2	4010	
刈	yì	2	4011	
爻	yáo	2	4012	
卞	biàn	2	4013	ian-iang
闩	shuān	2	4014	s-sh,uan-uang
讣	fù	2	4015	h-f
尹	yǐn	2	4016	in-ing
夬	guài	2	4017	g-k
爿	pán	2	4018	an-ang,an-ai
毋	wú	2	4019	
邗	hán	2	4020	h-f,an-ang,an-ai
邛	qióng	2	4021	un-iong
艽	jiāo	2	4022	
艿	nǎi	2	4023	n-l,an-ai
札	zhá	2	4024	z-zh
叵	pǒ	2	4025	
匝	zā	2	4026	z-zh
丕	pī	2	4027	
匜	yí	2	4028	
劢	mài	2	4029	an-ai
卟	bǔ	2	4030	
叱	chì	2	4031	c-ch
叻	lè	2	4032	n-l,r-l
仨	sā	2	4033	s-sh
仕	shì	2	4034	s-sh
仟	qiān	2	4035	ian-iang
仡	gē	2	4036	g-k
仫	mù	2	4037	
仞	rèn	2	4038	r-l,en-eng
卮	zhī	2	4039	z-zh
氐	dī	2	4040	
氐	dǐ	2	4041	
犰	qiú	2	4042	
刍	chú	2	4043	c-ch
邝	kuàng	2	4044	g-k,uan-uang
邙	máng	2	4045	an-ang
汀	tīng	2	4046	in-ing
讦	jié	2	4047	
讧	hòng	2	4048	h-f,eng-ong,on-ong,un-ong
讪	shàn	2	4049	s-sh,an-ang,an-ai
讫	qì	2	4050	
尻	kāo	2	4051	g-k
阡	qiān	2	4052	ian-iang
尕	gǎ	2	4053	g-k
弁	biàn	2	4054	ian-iang
驭	yù	2	4055	
匡	kuāng	2	4056	g-k,uan-uang
耒	lěi	2	4057	n-l,r-l
玎	dīng	2	4058	in-ing
玑	jī	2	4059	
邢	xíng	2	4060	in-ing
圩	wéi	2	4061	
圩	xū	2	4062	
圬	wū	2	4063	
圭	guī	2	4064	g-k
扦	qiān	2	4065	ian-iang
圪	gē	2	4066	g-k
圳	zhèn	2	4067	z-zh,en-eng
圹	kuàng	2	4068	g-k,uan-uang
扪	mén	2	4069	en-eng
圮	pǐ	2	4070	
圯	yí	2	4071	
芊	qiān	2	4072	ian-iang
芍	sháo	2	4073	s-sh
芄	wán	2	4074	an-ang,an-ai
芨	jī	2	4075	
芑	qǐ	2	4076	
芎	xiōng	2	4077	un-iong
芗	xiāng	2	4078	ian-iang
亘	gèn	2	4079	g-k,en-eng
厍	shè	2	4080	s-sh
夼	kuǎng	2	4081	g-k,uan-uang
戍	shù	2	4082	s-sh
尥	liào	2	4083	n-l,r-l
乩	jī	2	4084	
旯	lá	2	4085	n-l,r-l
曳	yè	2	4086	
岌	jí	2	4087	
屺	qǐ	2	4088	
凼	dàng	2	4089	an-ang
囡	nān	2	4090	n-l,an-ang,an-ai
钇	yǐ	2	4091	
缶	fǒu	2	4092	h-f
氘	dāo	2	4093	
氖	nǎi	2	4094	n-l,an-ai
牝	pìn	2	4095	in-ing
伎	jì	2	4096	
伛	yǔ	2	4097	
伢	yá	2	4098	
佤	wǎ	2	4099	
仵	wǔ	2	4100	
伥	chāng	2	4101	c-ch,an-ang
伧	cāng	2	4102	c-ch,an-ang
伉	kàng	2	4103	g-k,an-ang
伫	zhù	2	4104	z-zh
囟	xìn	2	4105	in-ing
汆	cuān	2	4106	c-ch,uan-uang
刖	yuè	2	4107	
夙	sù	2	4108	s-sh
旮	gā	2	4109	g-k
刎	wěn	2	4110	en-eng
犷	guǎng	2	4111	g-k,uan-uang
犸	mǎ	2	4112	
舛	chuǎn	2	4113	c-ch,uan-uang
凫	fú	2	4114	h-f
邬	wū	2	4115	
饧	xíng	2	4116	in-ing
汕	shàn	2	4117	s-sh,an-ang,an-ai
汔	qì	2	4118	
汐	xī	2	4119	
汲	jí	2	4120	
汜	sì	2	4121	s-sh
汊	chà	2	4122	c-ch
忖	cǔn	2	4123	c-ch,un-ong,un-iong
忏	chàn	2	4124	c-ch,an-ang,an-ai
讴	ōu	2	4125	
讵	jù	2	4126	
祁	qí	2	4127	
讷	nè	2	4128	n-l
聿	yù	2	4129	
艮	gěn	2	4130	g-k,en-eng
艮	gèn	2	4131	g-k,en-eng
厾	dū	2	4132	
阱	jǐng	2	4133	in-ing
阮	ruǎn	2	4134	r-l,uan-uang
阪	bǎn	2	4135	an-ang,an-ai
丞	chéng	2	4136	c-ch,en-eng,eng-ong
妁	shuò	2	4137	s-sh
牟	móu	2	4138	
牟	mù	2	4139	
纡	yū	2	4140	
纣	zhòu	2	4141	z-zh
纥	hé	2	4142	h-f
纨	wán	2	4143	an-ang,an-ai
玕	gān	2	4144	g-k,an-ang,an-ai
玙	yú	2	4145	
抟	tuán	2	4146	uan-uang
抔	póu	2	4147	
圻	qí	2	4148	
坂	bǎn	2	4149	an-ang,an-ai
坍	tān	2	4150	an-ang,an-ai
坞	wù	2	4151	
抃	biàn	2	4152	ian-iang
抉	jué	2	4153	
㧐	sǒng	2	4154	s-sh,eng-ong,on-ong,un-ong
芫	yán	2	4155	an-ang,an-ai
芫	yuán	2	4156	uan-uang
邯	hán	2	4157	h-f,an-ang,an-ai
芸	yún	2	4158	un-ong,un-iong
芾	fèi	2	4159	h-f
芾	fú	2	4160	h-f
苈	lì	2	4161	n-l,r-l
苣	jù	2	4162	
苣	qǔ	2	4163	
芷	zhǐ	2	4164	z-zh
芮	ruì	2	4165	r-l
苋	xiàn	2	4166	ian-iang
芼	mào	2	4167	
苌	cháng	2	4168	c-ch,an-ang
苁	cōng	2	4169	c-ch,eng-ong,on-ong,un-ong
芩	qín	2	4170	in-ing
芪	qí	2	4171	
芡	qiàn	2	4172	ian-iang
芟	shān	2	4173	s-sh,an-ang,an-ai
苄	biàn	2	4174	ian-iang
苎	zhù	2	4175	z-zh
苡	yǐ	2	4176	
杌	wù	2	4177	
杓	biāo	2	4178	
杞	qǐ	2	4179	
杈	chā	2	4180	c-ch
杈	chà	2	4181	c-ch
忑	tè	2	4182	
孛	bèi	2	4183	
邴	bǐng	2	4184	in-ing
邳	pī	2	4185	
矶	jī	2	4186	
奁	lián	2	4187	n-l,r-l,ian-iang
豕	shǐ	2	4188	s-sh
忒	tuī	2	4189	
欤	yú	2	4190	
轫	rèn	2	4191	r-l,en-eng
迓	yà	2	4192	
邶	bèi	2	4193	
忐	tǎn	2	4194	an-ang,an-ai
卣	yǒu	2	4195	
邺	yè	2	4196	
旰	gàn	2	4197	g-k,an-ang,an-ai
呋	fū	2	4198	h-f
呒	ḿ	2	4199	
呓	yì	2	4200	
呔	dāi	2	4201	an-ai
呖	lì	2	4202	n-l,r-l
呃	è	2	4203	
呃	e	2	4204	
旸	yáng	2	4205	an-ang
吡	bǐ	2	4206	
町	dīng	2	4207	in-ing
虬	qiú	2	4208	
呗	bei	2	4209	
吽	hōng	2	4210	h-f,eng-ong,on-ong,un-ong
吣	qìn	2	4211	in-ing
吲	yǐn	2	4212	in-ing
帏	wéi	2	4213	
岐	qí	2	4214	
岈	yá	2	4215	
岘	xiàn	2	4216	ian-iang
岑	cén	2	4217	c-ch,en-eng
岚	lán	2	4218	n-l,r-l,an-ang,an-ai
兕	sì	2	4219	s-sh
囵	lún	2	4220	n-l,r-l,un-ong,un-iong
囫	hú	2	4221	h-f
钊	zhāo	2	4222	z-zh
钋	pō	2	4223	
钌	liǎo	2	4224	n-l,r-l
钌	liào	2	4225	n-l,r-l
迕	wǔ	2	4226	
氙	xiān	2	4227	ian-iang
氚	chuān	2	4228	c-ch,uan-uang
牤	māng	2	4229	an-ang
佞	nìng	2	4230	n-l,in-ing
邱	qiū	2	4231	
攸	yōu	2	4232	
佚	yì	2	4233	
佝	gōu	2	4234	g-k
佟	tóng	2	4235	eng-ong,on-ong,un-ong
佗	tuó	2	4236	
伽	gā	2	4237	g-k
伽	jiā	2	4238	
伽	qié	2	4239	
彷	páng	2	4240	an-ang
佘	shé	2	4241	s-sh
佥	qiān	2	4242	ian-iang
孚	fú	2	4243	h-f
豸	zhài	2	4244	z-zh,an-ai
豸	zhì	2	4245	z-zh
坌	bèn	2	4246	en-eng
肟	wò	2	4247	
邸	dǐ	2	4248	
奂	huàn	2	4249	h-f,uan-uang
劬	qú	2	4250	
狄	dí	2	4251	
狁	yǔn	2	4252	un-ong,un-iong
鸠	jiū	2	4253	
邹	zōu	2	4254	z-zh
饨	tún	2	4255	un-ong,un-iong
饩	xì	2	4256	
饪	rèn	2	4257	r-l,en-eng
饫	yù	2	4258	
饬	chì	2	4259	c-ch
亨	hēng	2	4260	h-f,en-eng,eng-ong
庑	wǔ	2	4261	
庋	guǐ	2	4262	g-k
疔	dīng	2	4263	in-ing
疖	jiē	2	4264	
肓	huāng	2	4265	h-f,uan-uang
闱	wéi	2	4266	
闳	hóng	2	4267	h-f,eng-ong,on-ong,un-ong
闵	mǐn	2	4268	in-ing
羌	qiāng	2	4269	ian-iang
炀	yáng	2	4270	an-ang
沣	fēng	2	4271	h-f,en-eng,eng-ong
沅	yuán	2	4272	uan-uang
沔	miǎn	2	4273	ian-iang
沤	òu	2	4274	
沌	dùn	2	4275	un-ong,un-iong
沌	zhuàn	2	4276	z-zh,uan-uang
沏	qī	2	4277	
沚	zhǐ	2	4278	z-zh
汩	gǔ	2	4279	g-k
汨	mì	2	4280	
沂	yí	2	4281	
汾	fén	2	4282	h-f,en-eng
沨	fēng	2	4283	h-f,en-eng,eng-ong
汴	biàn	2	4284	ian-iang
汶	wèn	2	4285	en-eng
沆	hàng	2	4286	h-f,an-ang
沩	wéi	2	4287	
泐	lè	2	4288	n-l,r-l
怃	wǔ	2	4289	
怄	òu	2	4290	
忡	chōng	2	4291	c-ch,eng-ong,on-ong,un-ong
忤	wǔ	2	4292	
忾	kài	2	4293	g-k,an-ai
怅	chàng	2	4294	c-ch,an-ang
忻	xīn	2	4295	in-ing
忪	sōng	2	4296	s-sh,eng-ong,on-ong,un-ong
怆	chuàng	2	4297	c-ch,uan-uang
忭	biàn	2	4298	ian-iang
忸	niǔ	2	4299	n-l
诂	gǔ	2	4300	g-k
诃	hē	2	4301	h-f
诅	zǔ	2	4302	z-zh
诋	dǐ	2	4303	
诌	zhōu	2	4304	z-zh
诏	zhào	2	4305	z-zh
诒	yí	2	4306	
孜	zī	2	4307	z-zh
陇	lǒng	2	4308	n-l,r-l,eng-ong,on-ong,un-ong
陀	tuó	2	4309	
陂	pí	2	4310	
陉	xíng	2	4311	in-ing
妍	yán	2	4312	an-ang,an-ai
妩	wǔ	2	4313	
妪	yù	2	4314	
妣	bǐ	2	4315	
妊	rèn	2	4316	r-l,en-eng
妗	jìn	2	4317	in-ing
妫	guī	2	4318	g-k
妞	niū	2	4319	n-l
姒	sì	2	4320	s-sh
妤	yú	2	4321	
邵	shào	2	4322	s-sh
劭	shào	2	4323	s-sh
刭	jǐng	2	4324	in-ing
甬	yǒng	2	4325	eng-ong,on-ong,un-ong
邰	tái	2	4326	an-ai
纭	yún	2	4327	un-ong,un-iong
纰	pī	2	4328	
纴	rèn	2	4329	r-l,en-eng
纶	guān	2	4330	g-k,uan-uang
纶	lún	2	4331	n-l,r-l,un-ong,un-iong
纾	shū	2	4332	s-sh
玮	wěi	2	4333	
玡	yá	2	4334	
玭	pín	2	4335	in-ing
玠	jiè	2	4336	
玢	bīn	2	4337	in-ing
玢	fēn	2	4338	h-f,en-eng
玥	yuè	2	4339	
玦	jué	2	4340	
盂	yú	2	4341	
忝	tiǎn	2	4342	ian-iang
匦	guǐ	2	4343	g-k
坩	gān	2	4344	g-k,an-ang,an-ai
抨	pēng	2	4345	en-eng,eng-ong
拤	qiá	2	4346	
坫	diàn	2	4347	ian-iang
拈	niān	2	4348	n-l,ian-iang
垆	lú	2	4349	n-l,r-l
抻	chēn	2	4350	c-ch,en-eng
劼	jié	2	4351	
拃	zhǎ	2	4352	z-zh
拊	fǔ	2	4353	h-f
坼	chè	2	4354	c-ch
坻	dǐ	2	4355	
㧟	kuǎi	2	4356	g-k
坨	tuó	2	4357	
坭	ní	2	4358	n-l
抿	mǐn	2	4359	in-ing
坳	ào	2	4360	
耶	yē	2	4361	
耶	yé	2	4362	
苷	gān	2	4363	g-k,an-ang,an-ai
苯	běn	2	4364	en-eng
苤	piě	2	4365	
茏	lóng	2	4366	n-l,r-l,eng-ong,on-ong,un-ong
苫	shān	2	4367	s-sh,an-ang,an-ai
苫	shàn	2	4368	s-sh,an-ang,an-ai
苜	mù	2	4369	
苴	jū	2	4370	
苒	rǎn	2	4371	r-l,an-ang,an-ai
苘	qǐng	2	4372	in-ing
茌	chí	2	4373	c-ch
苻	fú	2	4374	h-f
苓	líng	2	4375	n-l,r-l,in-ing
茚	yìn	2	4376	in-ing
茆	máo	2	4377	
茑	niǎo	2	4378	n-l
茓	xué	2	4379	
茔	yíng	2	4380	in-ing
茕	qióng	2	4381	un-iong
茀	fú	2	4382	h-f
苕	sháo	2	4383	s-sh
枥	lì	2	4384	n-l,r-l
枇	pí	2	4385	
杪	miǎo	2	4386	
杳	yǎo	2	4387	
枧	jiǎn	2	4388	ian-iang
杵	chǔ	2	4389	c-ch
枨	chéng	2	4390	c-ch,en-eng,eng-ong
枞	cōng	2	4391	c-ch,eng-ong,on-ong,un-ong
枞	zōng	2	4392	z-zh,eng-ong,on-ong,un-ong
枋	fāng	2	4393	h-f,an-ang
杻	chǒu	2	4394	c-ch
杻	niǔ	2	4395	n-l
杷	pá	2	4396	
杼	zhù	2	4397	z-zh
矸	gān	2	4398	g-k,an-ang,an-ai
砀	dàng	2	4399	an-ang
刳	kū	2	4400	g-k
奄	yǎn	2	4401	an-ang,an-ai
瓯	ōu	2	4402	
殁	mò	2	4403	
郏	jiá	2	4404	
轭	è	2	4405	
郅	zhì	2	4406	z-zh
鸢	yuān	2	4407	uan-uang
盱	xū	2	4408	
昊	hào	2	4409	h-f
昙	tán	2	4410	an-ang,an-ai
杲	gǎo	2	4411	g-k
昃	zè	2	4412	z-zh
咂	zā	2	4413	z-zh
呸	pēi	2	4414	
昕	xīn	2	4415	in-ing
昀	yún	2	4416	un-ong,un-iong
旻	mín	2	4417	in-ing
昉	fǎng	2	4418	h-f,an-ang
炅	guì	2	4419	g-k
炅	jiǒng	2	4420	un-iong
咔	kā	2	4421	g-k
咔	kǎ	2	4422	g-k
畀	bì	2	4423	
虮	jǐ	2	4424	
咀	jǔ	2	4425	
咀	zuǐ	2	4426	z-zh
呷	xiā	2	4427	
黾	mǐn	2	4428	in-ing
呱	gū	2	4429	g-k
呱	guā	2	4430	g-k
呤	lìng	2	4431	n-l,r-l,in-ing
咚	dōng	2	4432	eng-ong,on-ong,un-ong
咆	páo	2	4433	
咛	níng	2	4434	n-l,in-ing
呶	náo	2	4435	n-l
呣	ḿ	2	4436	
呣	m̀	2	4437	
呦	yōu	2	4438	
咝	sī	2	4439	s-sh
岢	kě	2	4440	g-k
岿	kuī	2	4441	g-k
岬	jiǎ	2	4442	
岫	xiù	2	4443	
帙	zhì	2	4444	z-zh
岣	gǒu	2	4445	g-k
峁	mǎo	2	4446	
刿	guì	2	4447	g-k
迥	jiǒng	2	4448	un-iong
岷	mín	2	4449	in-ing
剀	kǎi	2	4450	g-k,an-ai
帔	pèi	2	4451	
峄	yì	2	4452	
沓	dá	2	4453	
沓	tà	2	4454	
囹	líng	2	4455	n-l,r-l,in-ing
罔	wǎng	2	4456	an-ang
钍	tǔ	2	4457	
钎	qiān	2	4458	ian-iang
钏	chuàn	2	4459	c-ch,uan-uang
钒	fán	2	4460	h-f,an-ang,an-ai
钕	nǚ	2	4461	n-l
钗	chāi	2	4462	c-ch,an-ai
邾	zhū	2	4463	z-zh
迮	zé	2	4464	z-zh
牦	máo	2	4465	
竺	zhú	2	4466	z-zh
迤	yí	2	4467	
迤	yǐ	2	4468	
佶	jí	2	4469	
佬	lǎo	2	4470	n-l,r-l
佰	bǎi	2	4471	an-ai
侑	yòu	2	4472	
侉	kuǎ	2	4473	g-k
臾	yú	2	4474	
岱	dài	2	4475	an-ai
侗	dòng	2	4476	eng-ong,on-ong,un-ong
侃	kǎn	2	4477	g-k,an-ang,an-ai
侏	zhū	2	4478	z-zh
侩	kuài	2	4479	g-k
佻	tiāo	2	4480	
佾	yì	2	4481	
侪	chái	2	4482	c-ch,an-ai
佼	jiǎo	2	4483	
佯	yáng	2	4484	an-ang
侬	nóng	2	4485	n-l,eng-ong,on-ong,un-ong
帛	bó	2	4486	
阜	fù	2	4487	h-f
侔	móu	2	4488	
徂	cú	2	4489	c-ch
刽	guì	2	4490	g-k
郄	qiè	2	4491	
怂	sǒng	2	4492	s-sh,eng-ong,on-ong,un-ong
籴	dí	2	4493	
瓮	wèng	2	4494	en-eng,eng-ong
戗	qiāng	2	4495	ian-iang
戗	qiàng	2	4496	ian-iang
肼	jǐng	2	4497	in-ing
䏝	zhuān	2	4498	z-zh,uan-uang
肽	tài	2	4499	an-ai
肱	gōng	2	4500	g-k,eng-ong,on-ong,un-ong
肫	zhūn	2	4501	z-zh,un-ong,un-iong
剁	duò	2	4502	
迩	ěr	2	4503	
郇	huán	2	4504	h-f,uan-uang
郇	xún	2	4505	un-ong,un-iong
狙	jū	2	4506	
狎	xiá	2	4507	
狍	páo	2	4508	
狒	fèi	2	4509	h-f
咎	jiù	2	4510	
炙	zhì	2	4511	z-zh
枭	xiāo	2	4512	
饯	jiàn	2	4513	ian-iang
饴	yí	2	4514	
冽	liè	2	4515	n-l,r-l
冼	xiǎn	2	4516	ian-iang
庖	páo	2	4517	
疠	lì	2	4518	n-l,r-l
疝	shàn	2	4519	s-sh,an-ang,an-ai
疡	yáng	2	4520	an-ang
兖	yǎn	2	4521	an-ang,an-ai
妾	qiè	2	4522	
劾	hé	2	4523	h-f
炜	wěi	2	4524	
𬉼	ǒu	2	4525	
炖	dùn	2	4526	un-ong,un-iong
炘	xīn	2	4527	in-ing
炝	qiàng	2	4528	ian-iang
炔	quē	2	4529	
泔	gān	2	4530	g-k,an-ang,an-ai
沭	shù	2	4531	s-sh
泷	lóng	2	4532	n-l,r-l,eng-ong,on-ong,un-ong
泷	shuāng	2	4533	s-sh,uan-uang
泸	lú	2	4534	n-l,r-l
泱	yāng	2	4535	an-ang
泅	qiú	2	4536	
泗	sì	2	4537	s-sh
泠	líng	2	4538	n-l,r-l,in-ing
泺	luò	2	4539	n-l,r-l
泖	mǎo	2	4540	
泫	xuàn	2	4541	uan-uang
泮	pàn	2	4542	an-ang,an-ai
沱	tuó	2	4543	
泯	mǐn	2	4544	in-ing
泓	hóng	2	4545	h-f,eng-ong,on-ong,un-ong
泾	jīng	2	4546	in-ing
怙	hù	2	4547	h-f
怵	chù	2	4548	c-ch
怦	pēng	2	4549	en-eng,eng-ong
怛	dá	2	4550	
怏	yàng	2	4551	an-ang
怍	zuò	2	4552	z-zh
㤘	zhòu	2	4553	z-zh
怩	ní	2	4554	n-l
怫	fú	2	4555	h-f
怿	yì	2	4556	
宕	dàng	2	4557	an-ang
穹	qióng	2	4558	un-iong
宓	fú	2	4559	h-f
宓	mì	2	4560	
诓	kuāng	2	4561	g-k,uan-uang
诔	lěi	2	4562	n-l,r-l
诖	guà	2	4563	g-k
诘	jié	2	4564	
戾	lì	2	4565	n-l,r-l
诙	huī	2	4566	h-f
戽	hù	2	4567	h-f
郓	yùn	2	4568	un-ong,un-iong
衩	chǎ	2	4569	c-ch
衩	chà	2	4570	c-ch
祆	xiān	2	4571	ian-iang
祎	yī	2	4572	
祉	zhǐ	2	4573	z-zh
祇	qí	2	4574	
诛	zhū	2	4575	z-zh
诜	shēn	2	4576	s-sh,en-eng
诟	gòu	2	4577	g-k
诠	quán	2	4578	uan-uang
诣	yì	2	4579	
诤	zhèng	2	4580	z-zh,en-eng,eng-ong
诧	chà	2	4581	c-ch
诨	hùn	2	4582	h-f,un-ong,un-iong
诩	xǔ	2	4583	
戕	qiāng	2	4584	ian-iang
孢	bāo	2	4585	
亟	jí	2	4586	
亟	qì	2	4587	
陔	gāi	2	4588	g-k,an-ai
妲	dá	2	4589	
妯	zhóu	2	4590	z-zh
姗	shān	2	4591	s-sh,an-ang,an-ai
帑	tǎng	2	4592	an-ang
弩	nǔ	2	4593	n-l
孥	nú	2	4594	n-l
驽	nú	2	4595	n-l
虱	shī	2	4596	s-sh
迦	jiā	2	4597	
迨	dài	2	4598	an-ai
绀	gàn	2	4599	g-k,an-ang,an-ai
绁	xiè	2	4600	
绂	fú	2	4601	h-f
驷	sì	2	4602	s-sh
驸	fù	2	4603	h-f
绉	zhòu	2	4604	z-zh
绌	chù	2	4605	c-ch
驿	yì	2	4606	
骀	dài	2	4607	an-ai
骀	tái	2	4608	an-ai
甾	zāi	2	4609	z-zh,an-ai
珏	jué	2	4610	
珐	fà	2	4611	h-f
珂	kē	2	4612	g-k
珑	lóng	2	4613	n-l,r-l,eng-ong,on-ong,un-ong
玳	dài	2	4614	an-ai
珀	pò	2	4615	
顸	hān	2	4616	h-f,an-ang,an-ai
珉	mín	2	4617	in-ing
珈	jiā	2	4618	
拮	jié	2	4619	
垭	yā	2	4620	
挝	wō	2	4621	
垣	yuán	2	4622	uan-uang
挞	tà	2	4623	
垤	dié	2	4624	
赳	jiū	2	4625	
贲	bēn	2	4626	en-eng
垱	dàng	2	4627	an-ang
垌	dòng	2	4628	eng-ong,on-ong,un-ong
垌	tóng	2	4629	eng-ong,on-ong,un-ong
郝	hǎo	2	4630	h-f
垧	shǎng	2	4631	s-sh,an-ang
垓	gāi	2	4632	g-k,an-ai
挦	xián	2	4633	ian-iang
垠	yín	2	4634	in-ing
茜	qiàn	2	4635	ian-iang
茜	xī	2	4636	
荚	jiá	2	4637	
荑	tí	2	4638	
荑	yí	2	4639	
贳	shì	2	4640	s-sh
荜	bì	2	4641	
莒	jǔ	2	4642	
茼	tóng	2	4643	eng-ong,on-ong,un-ong
茴	huí	2	4644	h-f
茱	zhū	2	4645	z-zh
莛	tíng	2	4646	in-ing
荞	qiáo	2	4647	
茯	fú	2	4648	h-f
荏	rěn	2	4649	r-l,en-eng
荇	xìng	2	4650	in-ing
荃	quán	2	4651	uan-uang
荟	huì	2	4652	h-f
荀	xún	2	4653	un-ong,un-iong
茗	míng	2	4654	in-ing
荠	jì	2	4655	
荠	qí	2	4656	
茭	jiāo	2	4657	
茨	cí	2	4658	c-ch
垩	è	2	4659	
荥	xíng	2	4660	in-ing
荥	yíng	2	4661	in-ing
荦	luò	2	4662	n-l,r-l
荨	qián	2	4663	ian-iang
荨	xún	2	4664	un-ong,un-iong
荩	jìn	2	4665	in-ing
剋	kēi	2	4666	g-k
荪	sūn	2	4667	s-sh,un-ong,un-iong
茹	rú	2	4668	r-l
荬	mǎi	2	4669	an-ai
荮	zhòu	2	4670	z-zh
柰	nài	2	4671	n-l,an-ai
栉	zhì	2	4672	z-zh
柯	kē	2	4673	g-k
柘	zhè	2	4674	z-zh
栊	lóng	2	4675	n-l,r-l,eng-ong,on-ong,un-ong
柩	jiù	2	4676	
枰	píng	2	4677	in-ing
栌	lú	2	4678	n-l,r-l
柙	xiá	2	4679	
枵	xiāo	2	4680	
柚	yóu	2	4681	
柚	yòu	2	4682	
枳	zhǐ	2	4683	z-zh
柞	zhà	2	4684	z-zh
柞	zuò	2	4685	z-zh
柝	tuò	2	4686	
栀	zhī	2	4687	z-zh
柢	dǐ	2	4688	
栎	lì	2	4689	n-l,r-l
栎	yuè	2	4690	
枸	gōu	2	4691	g-k
枸	gǒu	2	4692	g-k
枸	jǔ	2	4693	
柈	bàn	2	4694	an-ang,an-ai
柁	tuó	2	4695	
枷	jiā	2	4696	
柽	chēng	2	4697	c-ch,en-eng,eng-ong
剌	là	2	4698	n-l,r-l
酊	dīng	2	4699	in-ing
酊	dǐng	2	4700	in-ing
郦	lì	2	4701	n-l,r-l
甭	béng	2	4702	en-eng,eng-ong
砗	chē	2	4703	c-ch
砘	dùn	2	4704	un-ong,un-iong
砒	pī	2	4705	
斫	zhuó	2	4706	z-zh
砭	biān	2	4707	ian-iang
砜	fēng	2	4708	h-f,en-eng,eng-ong
奎	kuí	2	4709	g-k
耷	dā	2	4710	
虺	huǐ	2	4711	h-f
殂	cú	2	4712	c-ch
殇	shāng	2	4713	s-sh,an-ang
殄	tiǎn	2	4714	ian-iang
殆	dài	2	4715	an-ai
轱	gū	2	4716	g-k
轲	kē	2	4717	g-k
轳	lú	2	4718	n-l,r-l
轶	yì	2	4719	
轸	zhěn	2	4720	z-zh,en-eng
虿	chài	2	4721	c-ch,an-ai
毖	bì	2	4722	
觇	chān	2	4723	c-ch,an-ang,an-ai
尜	gá	2	4724	g-k
哐	kuāng	2	4725	g-k,uan-uang
眄	miàn	2	4726	ian-iang
眍	kōu	2	4727	g-k
𠳐	bāng	2	4728	an-ang
郢	yǐng	2	4729	in-ing
眇	miǎo	2	4730	
眊	mào	2	4731	
眈	dān	2	4732	an-ang,an-ai
禺	yú	2	4733	
哂	shěn	2	4734	s-sh,en-eng
咴	huī	2	4735	h-f
曷	hé	2	4736	h-f
昴	mǎo	2	4737	
昱	yù	2	4738	
昵	nì	2	4739	n-l
咦	yí	2	4740	
哓	xiāo	2	4741	
哔	bì	2	4742	
畎	quǎn	2	4743	uan-uang
毗	pí	2	4744	
呲	cī	2	4745	c-ch
胄	zhòu	2	4746	z-zh
畋	tián	2	4747	ian-iang
畈	fàn	2	4748	h-f,an-ang,an-ai
虼	gè	2	4749	g-k
虻	méng	2	4750	en-eng,eng-ong
盅	zhōng	2	4751	z-zh,eng-ong,on-ong,un-ong
咣	guāng	2	4752	g-k,uan-uang
哕	huì	2	4753	h-f
哕	yuě	2	4754	
剐	guǎ	2	4755	g-k
郧	yún	2	4756	un-ong,un-iong
咻	xiū	2	4757	
囿	yòu	2	4758	
咿	yī	2	4759	
哌	pài	2	4760	an-ai
哙	kuài	2	4761	g-k
哚	duǒ	2	4762	
咯	gē	2	4763	g-k
咯	kǎ	2	4764	g-k
咯	lo	2	4765	n-l,r-l
咯	luò	2	4766	n-l,r-l
咩	miē	2	4767	
咤	zhà	2	4768	z-zh
哝	nóng	2	4769	n-l,eng-ong,on-ong,un-ong
哏	gén	2	4770	g-k,en-eng
哞	mōu	2	4771	
峙	shì	2	4772	s-sh
峙	zhì	2	4773	z-zh
峣	yáo	2	4774	
罘	fú	2	4775	h-f
帧	zhēn	2	4776	z-zh,en-eng
峒	dòng	2	4777	eng-ong,on-ong,un-ong
峒	tóng	2	4778	eng-ong,on-ong,un-ong
峤	jiào	2	4779	
峤	qiáo	2	4780	
峋	xún	2	4781	un-ong,un-iong
峥	zhēng	2	4782	z-zh,en-eng,eng-ong
贶	kuàng	2	4783	g-k,uan-uang
钚	bù	2	4784	
钛	tài	2	4785	an-ai
钡	bèi	2	4786	
钣	bǎn	2	4787	an-ang,an-ai
钤	qián	2	4788	ian-iang
钨	wū	2	4789	
钫	fāng	2	4790	h-f,an-ang
钯	bǎ	2	4791	
氡	dōng	2	4792	eng-ong,on-ong,un-ong
氟	fú	2	4793	h-f
牯	gǔ	2	4794	g-k
郜	gào	2	4795	g-k
秕	bǐ	2	4796	
秭	zǐ	2	4797	z-zh
竽	yú	2	4798	
笈	jí	2	4799	
笃	dǔ	2	4800	
俦	chóu	2	4801	c-ch
俨	yǎn	2	4802	an-ang,an-ai
俅	qiú	2	4803	
俪	lì	2	4804	n-l,r-l
叟	sǒu	2	4805	s-sh
垡	fá	2	4806	h-f
牮	jiàn	2	4807	ian-iang
俣	yǔ	2	4808	
俚	lǐ	2	4809	n-l,r-l
皈	guī	2	4810	g-k
俑	yǒng	2	4811	eng-ong,on-ong,un-ong
俟	qí	2	4812	
俟	sì	2	4813	s-sh
逅	hòu	2	4814	h-f
徇	xùn	2	4815	un-ong,un-iong
徉	yáng	2	4816	an-ang
舢	shān	2	4817	s-sh,an-ang,an-ai
俞	yú	2	4818	
郗	xī	2	4819	
俎	zǔ	2	4820	z-zh
郤	xì	2	4821	
爰	yuán	2	4822	uan-uang
郛	fú	2	4823	h-f
瓴	líng	2	4824	n-l,r-l,in-ing
胨	dòng	2	4825	eng-ong,on-ong,un-ong
胪	lú	2	4826	n-l,r-l
胛	jiǎ	2	4827	
胂	shèn	2	4828	s-sh,en-eng
胙	zuò	2	4829	z-zh
胍	guā	2	4830	g-k
胗	zhēn	2	4831	z-zh,en-eng
胝	zhī	2	4832	z-zh
朐	qú	2	4833	
胫	jìng	2	4834	in-ing
鸨	bǎo	2	4835	
匍	pú	2	4836	
狨	róng	2	4837	r-l,eng-ong,on-ong,un-ong
狯	kuài	2	4838	g-k
飑	biāo	2	4839	
狩	shòu	2	4840	s-sh
狲	sūn	2	4841	s-sh,un-ong,un-iong
訇	hōng	2	4842	h-f,eng-ong,on-ong,un-ong
逄	páng	2	4843	an-ang
昝	zǎn	2	4844	z-zh,an-ang,an-ai
饷	xiǎng	2	4845	ian-iang
饸	hé	2	4846	h-f
饹	gē	2	4847	g-k
饹	le	2	4848	n-l,r-l
胤	yìn	2	4849	in-ing
孪	luán	2	4850	n-l,r-l,uan-uang
娈	luán	2	4851	n-l,r-l,uan-uang
弈	yì	2	4852	
奕	yì	2	4853	
庥	xiū	2	4854	
疬	lì	2	4855	n-l,r-l
疣	yóu	2	4856	
疥	jiè	2	4857	
疭	zòng	2	4858	z-zh,eng-ong,on-ong,un-ong
庠	xiáng	2	4859	ian-iang
竑	hóng	2	4860	h-f,eng-ong,on-ong,un-ong
彦	yàn	2	4861	an-ang,an-ai
飒	sà	2	4862	s-sh
闼	tà	2	4863	
闾	lǘ	2	4864	n-l,r-l
闿	kǎi	2	4865	g-k,an-ai
阂	hé	2	4866	h-f
羑	yǒu	2	4867	
迸	bèng	2	4868	en-eng,eng-ong
籼	xiān	2	4869	ian-iang
酋	qiú	2	4870	
炳	bǐng	2	4871	in-ing
炻	shí	2	4872	s-sh
炽	chì	2	4873	c-ch
炯	jiǒng	2	4874	un-iong
烀	hū	2	4875	h-f
炷	zhù	2	4876	z-zh
烃	tīng	2	4877	in-ing
洱	ěr	2	4878	
洹	huán	2	4879	h-f,uan-uang
洧	wěi	2	4880	
洌	liè	2	4881	n-l,r-l
浃	jiā	2	4882	
洇	yīn	2	4883	in-ing
洄	huí	2	4884	h-f
洙	zhū	2	4885	z-zh
涎	xián	2	4886	ian-iang
洎	jì	2	4887	
洫	xù	2	4888	
浍	huì	2	4889	h-f
洮	táo	2	4890	
洵	xún	2	4891	un-ong,un-iong
浒	hǔ	2	4892	h-f
浒	xǔ	2	4893	
浔	xún	2	4894	un-ong,un-iong
浕	jìn	2	4895	in-ing
洳	rù	2	4896	r-l
恸	tòng	2	4897	eng-ong,on-ong,un-ong
恓	xī	2	4898	
恹	yān	2	4899	an-ang,an-ai
恫	dòng	2	4900	eng-ong,on-ong,un-ong
恺	kǎi	2	4901	g-k,an-ai
恻	cè	2	4902	c-ch
恂	xún	2	4903	un-ong,un-iong
恪	kè	2	4904	g-k
恽	yùn	2	4905	un-ong,un-iong
宥	yòu	2	4906	
扃	jiōng	2	4907	un-iong
衲	nà	2	4908	n-l
衽	rèn	2	4909	r-l,en-eng
衿	jīn	2	4910	in-ing
袂	mèi	2	4911	
祛	qū	2	4912	
祜	hù	2	4913	h-f
祓	fú	2	4914	h-f
祚	zuò	2	4915	z-zh
诮	qiào	2	4916	
祗	zhī	2	4917	z-zh
祢	mí	2	4918	
诰	gào	2	4919	g-k
诳	kuáng	2	4920	g-k,uan-uang
鸩	zhèn	2	4921	z-zh,en-eng
昶	chǎng	2	4922	c-ch,an-ang
郡	jùn	2	4923	un-ong,un-iong
咫	zhǐ	2	4924	z-zh
弭	mǐ	2	4925	
牁	kē	2	4926	g-k
胥	xū	2	4927	
陛	bì	2	4928	
陟	zhì	2	4929	z-zh
娅	yà	2	4930	
姮	héng	2	4931	h-f,en-eng,eng-ong
娆	ráo	2	4932	r-l
姝	shū	2	4933	s-sh
姣	jiāo	2	4934	
姘	pīn	2	4935	in-ing
姹	chà	2	4936	c-ch
怼	duì	2	4937	
羿	yì	2	4938	
炱	tái	2	4939	an-ai
矜	jīn	2	4940	in-ing
绔	kù	2	4941	g-k
骁	xiāo	2	4942	
骅	huá	2	4943	h-f
绗	háng	2	4944	h-f,an-ang
绛	jiàng	2	4945	ian-iang
骈	pián	2	4946	ian-iang
耖	chào	2	4947	c-ch
挈	qiè	2	4948	
珥	ěr	2	4949	
珙	gǒng	2	4950	g-k,eng-ong,on-ong,un-ong
顼	xū	2	4951	
珰	dāng	2	4952	an-ang
珩	héng	2	4953	h-f,en-eng,eng-ong
珧	yáo	2	4954	
珣	xún	2	4955	un-ong,un-iong
珞	luò	2	4956	n-l,r-l
琤	chēng	2	4957	c-ch,en-eng,eng-ong
珲	hún	2	4958	h-f,un-ong,un-iong
敖	áo	2	4959	
恚	huì	2	4960	h-f
埔	bù	2	4961	
埔	pǔ	2	4962	
埕	chéng	2	4963	c-ch,en-eng,eng-ong
埘	shí	2	4964	s-sh
埙	xūn	2	4965	un-ong,un-iong
埚	guō	2	4966	g-k
挹	yì	2	4967	
耆	qí	2	4968	
耄	mào	2	4969	
埒	liè	2	4970	n-l,r-l
捋	lǚ	2	4971	n-l,r-l
捋	luō	2	4972	n-l,r-l
贽	zhì	2	4973	z-zh
垸	yuàn	2	4974	uan-uang
捃	jùn	2	4975	un-ong,un-iong
盍	hé	2	4976	h-f
荸	bí	2	4977	
莆	pú	2	4978	
莳	shí	2	4979	s-sh
莳	shì	2	4980	s-sh
莴	wō	2	4981	
莪	é	2	4982	
莠	yǒu	2	4983	
莓	méi	2	4984	
莜	yóu	2	4985	
莅	lì	2	4986	n-l,r-l
荼	tú	2	4987	
莩	fú	2	4988	h-f
荽	suī	2	4989	s-sh
莸	yóu	2	4990	
荻	dí	2	4991	
莘	shēn	2	4992	s-sh,en-eng
莘	xīn	2	4993	in-ing
莎	shā	2	4994	s-sh
莎	suō	2	4995	s-sh
莞	guǎn	2	4996	g-k,uan-uang
莞	wǎn	2	4997	an-ang,an-ai
莨	làng	2	4998	n-l,r-l,an-ang
莨	liáng	2	4999	n-l,r-l,ian-iang
鸪	gū	2	5000	g-k
莼	chún	2	5001	c-ch,un-ong,un-iong
栲	kǎo	2	5002	g-k
栳	lǎo	2	5003	n-l,r-l
郴	chēn	2	5004	c-ch,en-eng
桓	huán	2	5005	h-f,uan-uang
桡	ráo	2	5006	r-l
桎	zhì	2	5007	z-zh
桢	zhēn	2	5008	z-zh,en-eng
桤	qī	2	5009	
梃	tǐng	2	5010	in-ing
梃	tìng	2	5011	in-ing
栝	guā	2	5012	g-k
桕	jiù	2	5013	
桁	héng	2	5014	h-f,en-eng,eng-ong
桧	guì	2	5015	g-k
桧	huì	2	5016	h-f
桅	wéi	2	5017	
栟	bēn	2	5018	en-eng
桉	ān	2	5019	an-ang,an-ai
栩	xǔ	2	5020	
逑	qiú	2	5021	
逋	bū	2	5022	
彧	yù	2	5023	
鬲	gé	2	5024	g-k
鬲	lì	2	5025	n-l,r-l
豇	jiāng	2	5026	ian-iang
酐	gān	2	5027	g-k,an-ang,an-ai
逦	lǐ	2	5028	n-l,r-l
厝	cuò	2	5029	c-ch
孬	nāo	2	5030	n-l
砝	fǎ	2	5031	h-f
砹	ài	2	5032	an-ai
砺	lì	2	5033	n-l,r-l
砧	zhēn	2	5034	z-zh,en-eng
砷	shēn	2	5035	s-sh,en-eng
砟	zhǎ	2	5036	z-zh
砼	tóng	2	5037	eng-ong,on-ong,un-ong
砥	dǐ	2	5038	
砣	tuó	2	5039	
剞	jī	2	5040	
砻	lóng	2	5041	n-l,r-l,eng-ong,on-ong,un-ong
轼	shì	2	5042	s-sh
轾	zhì	2	5043	z-zh
辂	lù	2	5044	n-l,r-l
鸫	dōng	2	5045	eng-ong,on-ong,un-ong
趸	dǔn	2	5046	un-ong,un-iong
龀	chèn	2	5047	c-ch,en-eng
鸬	lú	2	5048	n-l,r-l
虔	qián	2	5049	ian-iang
逍	xiāo	2	5050	
眬	lóng	2	5051	n-l,r-l,eng-ong,on-ong,un-ong
唛	mài	2	5052	an-ai
晟	chéng	2	5053	c-ch,en-eng,eng-ong
眩	xuàn	2	5054	uan-uang
眙	yí	2	5055	
哧	chī	2	5056	c-ch
哽	gěng	2	5057	g-k,en-eng,eng-ong
唔	wú	2	5058	
晁	cháo	2	5059	c-ch
晏	yàn	2	5060	an-ang,an-ai
鸮	xiāo	2	5061	
趵	bào	2	5062	
趿	tā	2	5063	
畛	zhěn	2	5064	z-zh,en-eng
蚨	fú	2	5065	h-f
蚜	yá	2	5066	
蚍	pí	2	5067	
蚋	ruì	2	5068	r-l
蚬	xiǎn	2	5069	ian-iang
蚝	háo	2	5070	h-f
蚧	jiè	2	5071	
唢	suǒ	2	5072	s-sh
圄	yǔ	2	5073	
唣	zào	2	5074	z-zh
唏	xī	2	5075	
盎	àng	2	5076	an-ang
唑	zuò	2	5077	z-zh
崂	láo	2	5078	n-l,r-l
崃	lái	2	5079	n-l,r-l,an-ai
罡	gāng	2	5080	g-k,an-ang
罟	gǔ	2	5081	g-k
峪	yù	2	5082	
觊	jì	2	5083	
赅	gāi	2	5084	g-k,an-ai
钰	yù	2	5085	
钲	zhēng	2	5086	z-zh,en-eng,eng-ong
钴	gǔ	2	5087	g-k
钵	bō	2	5088	
钹	bó	2	5089	
钺	yuè	2	5090	
钽	tǎn	2	5091	an-ang,an-ai
钼	mù	2	5092	
钿	diàn	2	5093	ian-iang
铀	yóu	2	5094	
铂	bó	2	5095	
铄	shuò	2	5096	s-sh
铆	mǎo	2	5097	
铈	shì	2	5098	s-sh
铉	xuàn	2	5099	uan-uang
铊	tā	2	5100	
铊	tuó	2	5101	
铋	bì	2	5102	
铌	ní	2	5103	n-l
铍	pí	2	5104	
䥽	pō	2	5105	
铎	duó	2	5106	
氩	yà	2	5107	
氤	yīn	2	5108	in-ing
氦	hài	2	5109	h-f,an-ai
毪	mú	2	5110	
舐	shì	2	5111	s-sh
秣	mò	2	5112	
秫	shú	2	5113	s-sh
盉	hé	2	5114	h-f
笄	jī	2	5115	
笕	jiǎn	2	5116	ian-iang
笊	zhào	2	5117	z-zh
笏	hù	2	5118	h-f
笆	bā	2	5119	
俸	fèng	2	5120	h-f,en-eng,eng-ong
倩	qiàn	2	5121	ian-iang
俵	biào	2	5122	
偌	ruò	2	5123	r-l
俳	pái	2	5124	an-ai
俶	chù	2	5125	c-ch
倬	zhuō	2	5126	z-zh
倏	shū	2	5127	s-sh
恁	nèn	2	5128	n-l,en-eng
倭	wō	2	5129	
倪	ní	2	5130	n-l
俾	bǐ	2	5131	
倜	tì	2	5132	
隼	sǔn	2	5133	s-sh,un-ong,un-iong
隽	juàn	2	5134	uan-uang
倌	guān	2	5135	g-k,uan-uang
倥	kǒng	2	5136	g-k,eng-ong,on-ong,un-ong
臬	niè	2	5137	n-l
皋	gāo	2	5138	g-k
郫	pí	2	5139	
倨	jù	2	5140	
衄	nǜ	2	5141	n-l
颀	qí	2	5142	
徕	lái	2	5143	n-l,r-l,an-ai
舫	fǎng	2	5144	h-f,an-ang
釜	fǔ	2	5145	h-f
奚	xī	2	5146	
衾	qīn	2	5147	in-ing
胯	kuà	2	5148	g-k
胱	guāng	2	5149	g-k,uan-uang
胴	dòng	2	5150	eng-ong,on-ong,un-ong
胭	yān	2	5151	an-ang,an-ai
脍	kuài	2	5152	g-k
胼	pián	2	5153	ian-iang
朕	zhèn	2	5154	z-zh,en-eng
脒	mǐ	2	5155	
胺	àn	2	5156	an-ang,an-ai
鸱	chī	2	5157	c-ch
玺	xǐ	2	5158	
鸲	qú	2	5159	
狷	juàn	2	5160	uan-uang
猁	lì	2	5161	n-l,r-l
狳	yú	2	5162	
猃	xiǎn	2	5163	ian-iang
狺	yín	2	5164	in-ing
逖	tì	2	5165	
桀	jié	2	5166	
袅	niǎo	2	5167	n-l
饽	bō	2	5168	
凇	sōng	2	5169	s-sh,eng-ong,on-ong,un-ong
栾	luán	2	5170	n-l,r-l,uan-uang
挛	luán	2	5171	n-l,r-l,uan-uang
亳	bó	2	5172	
疳	gān	2	5173	g-k,an-ang,an-ai
疴	kē	2	5174	g-k
疸	dǎn	2	5175	an-ang,an-ai
疽	jū	2	5176	
痈	yōng	2	5177	eng-ong,on-ong,un-ong
疱	pào	2	5178	
痂	jiā	2	5179	
痉	jìng	2	5180	in-ing
衮	gǔn	2	5181	g-k,un-ong,un-iong
凋	diāo	2	5182	
颃	háng	2	5183	h-f,an-ang
恣	zì	2	5184	z-zh
旆	pèi	2	5185	
旄	máo	2	5186	
旃	zhān	2	5187	z-zh,an-ang,an-ai
阃	kǔn	2	5188	g-k,un-ong,un-iong
阄	jiū	2	5189	
訚	yín	2	5190	in-ing
阆	làng	2	5191	n-l,r-l,an-ang
恙	yàng	2	5192	an-ang
粑	bā	2	5193	
朔	shuò	2	5194	s-sh
郸	dān	2	5195	an-ang,an-ai
烜	xuǎn	2	5196	uan-uang
烨	yè	2	5197	
烩	huì	2	5198	h-f
烊	yáng	2	5199	an-ang
烊	yàng	2	5200	an-ang
剡	shàn	2	5201	s-sh,an-ang,an-ai
郯	tán	2	5202	an-ang,an-ai
烬	jìn	2	5203	in-ing
涑	sù	2	5204	s-sh
浯	wú	2	5205	
涞	lái	2	5206	n-l,r-l,an-ai
涟	lián	2	5207	n-l,r-l,ian-iang
娑	suō	2	5208	s-sh
涅	niè	2	5209	n-l
涠	wéi	2	5210	
浞	zhuó	2	5211	z-zh
涓	juān	2	5212	uan-uang
浥	yì	2	5213	
涔	cén	2	5214	c-ch,en-eng
浜	bāng	2	5215	an-ang
浠	xī	2	5216	
浣	huàn	2	5217	h-f,uan-uang
浚	jùn	2	5218	un-ong,un-iong
浚	xùn	2	5219	un-ong,un-iong
悚	sǒng	2	5220	s-sh,eng-ong,on-ong,un-ong
悭	qiān	2	5221	ian-iang
悝	kuī	2	5222	g-k
悒	yì	2	5223	
悌	tì	2	5224	
悛	quān	2	5225	uan-uang
宸	chén	2	5226	c-ch,en-eng
窈	yǎo	2	5227	
剜	wān	2	5228	an-ang,an-ai
诹	zōu	2	5229	z-zh
冢	zhǒng	2	5230	z-zh,eng-ong,on-ong,un-ong
诼	zhuó	2	5231	z-zh
袒	tǎn	2	5232	an-ang,an-ai
袢	pàn	2	5233	an-ang,an-ai
祯	zhēn	2	5234	z-zh,en-eng
诿	wěi	2	5235	
谀	yú	2	5236	
谂	shěn	2	5237	s-sh,en-eng
谄	chǎn	2	5238	c-ch,an-ang,an-ai
谇	suì	2	5239	s-sh
屐	jī	2	5240	
屙	ē	2	5241	
陬	zōu	2	5242	z-zh
勐	měng	2	5243	en-eng,eng-ong
奘	zàng	2	5244	z-zh,an-ang
奘	zhuǎng	2	5245	z-zh,uan-uang
牂	zāng	2	5246	z-zh,an-ang
蚩	chī	2	5247	c-ch
陲	chuí	2	5248	c-ch
姬	jī	2	5249	
娠	shēn	2	5250	s-sh,en-eng
娌	lǐ	2	5251	n-l,r-l
娉	pīng	2	5252	in-ing
娲	wā	2	5253	
娩	miǎn	2	5254	ian-iang
娴	xián	2	5255	ian-iang
娣	dì	2	5256	
娓	wěi	2	5257	
婀	ē	2	5258	
畚	běn	2	5259	en-eng
逡	qūn	2	5260	un-ong,un-iong
绠	gěng	2	5261	g-k,en-eng,eng-ong
骊	lí	2	5262	n-l,r-l
绡	xiāo	2	5263	
骋	chěng	2	5264	c-ch,en-eng,eng-ong
绥	suí	2	5265	s-sh
绦	tāo	2	5266	
绨	tì	2	5267	
骎	qīn	2	5268	in-ing
邕	yōng	2	5269	eng-ong,on-ong,un-ong
鸶	sī	2	5270	s-sh
彗	huì	2	5271	h-f
耜	sì	2	5272	s-sh
焘	tāo	2	5273	
舂	chōng	2	5274	c-ch,eng-ong,on-ong,un-ong
琏	liǎn	2	5275	n-l,r-l,ian-iang
琇	xiù	2	5276	
麸	fū	2	5277	h-f
揶	yé	2	5278	
埴	zhí	2	5279	z-zh
埯	ǎn	2	5280	an-ang,an-ai
捯	dáo	2	5281	
掳	lǔ	2	5282	n-l,r-l
掴	guāi	2	5283	g-k
埸	yì	2	5284	
埵	duǒ	2	5285	
赧	nǎn	2	5286	n-l,an-ang,an-ai
埤	pì	2	5287	
捭	bǎi	2	5288	an-ai
逵	kuí	2	5289	g-k
埝	niàn	2	5290	n-l,ian-iang
堋	péng	2	5291	en-eng,eng-ong
堍	tù	2	5292	
掬	jū	2	5293	
鸷	zhì	2	5294	z-zh
掖	yē	2	5295	
掖	yè	2	5296	
捽	zuó	2	5297	z-zh
掊	póu	2	5298	
掊	pǒu	2	5299	
堉	yù	2	5300	
掸	dǎn	2	5301	an-ang,an-ai
捩	liè	2	5302	n-l,r-l
掮	qián	2	5303	ian-iang
悫	què	2	5304	
埭	dài	2	5305	an-ai
埽	sào	2	5306	s-sh
掇	duō	2	5307	
掼	guàn	2	5308	g-k,uan-uang
聃	dān	2	5309	an-ang,an-ai
菁	jīng	2	5310	in-ing
萁	qí	2	5311	
菘	sōng	2	5312	s-sh,eng-ong,on-ong,un-ong
堇	jǐn	2	5313	in-ing
萘	nài	2	5314	n-l,an-ai
萋	qī	2	5315	
菽	shū	2	5316	s-sh
菖	chāng	2	5317	c-ch,an-ang
萜	tiē	2	5318	
萸	yú	2	5319	
萑	huán	2	5320	h-f,uan-uang
棻	fēn	2	5321	h-f,en-eng
菔	fú	2	5322	h-f
菟	tù	2	5323	
萏	dàn	2	5324	an-ang,an-ai
萃	cuì	2	5325	c-ch
菏	hé	2	5326	h-f
菹	zū	2	5327	z-zh
菪	dàng	2	5328	an-ang
菅	jiān	2	5329	ian-iang
菀	wǎn	2	5330	an-ang,an-ai
萦	yíng	2	5331	in-ing
菰	gū	2	5332	g-k
菡	hàn	2	5333	h-f,an-ang,an-ai
梵	fàn	2	5334	h-f,an-ang,an-ai
梿	lián	2	5335	n-l,r-l,ian-iang
梏	gù	2	5336	g-k
觋	xí	2	5337	
桴	fú	2	5338	h-f
桷	jué	2	5339	
梓	zǐ	2	5340	z-zh
棁	zhuō	2	5341	z-zh
桫	suō	2	5342	s-sh
棂	líng	2	5343	n-l,r-l,in-ing
啬	sè	2	5344	s-sh
郾	yǎn	2	5345	an-ang,an-ai
匮	kuì	2	5346	g-k
敕	chì	2	5347	c-ch
豉	chǐ	2	5348	c-ch
鄄	juàn	2	5349	uan-uang
酞	tài	2	5350	an-ai
酚	fēn	2	5351	h-f,en-eng
戛	gā	2	5352	g-k
戛	jiá	2	5353	
硎	xíng	2	5354	in-ing
硭	máng	2	5355	an-ang
硒	xī	2	5356	
硖	xiá	2	5357	
硗	qiāo	2	5358	
硐	dòng	2	5359	eng-ong,on-ong,un-ong
硇	náo	2	5360	n-l
硌	gè	2	5361	g-k
鸸	ér	2	5362	
瓠	hù	2	5363	h-f
匏	páo	2	5364	
厩	jiù	2	5365	
龚	gōng	2	5366	g-k,eng-ong,on-ong,un-ong
殒	yǔn	2	5367	un-ong,un-iong
殓	liàn	2	5368	n-l,r-l,ian-iang
殍	piǎo	2	5369	
赉	lài	2	5370	n-l,r-l,an-ai
雩	yú	2	5371	
辄	zhé	2	5372	z-zh
堑	qiàn	2	5373	ian-iang
眭	suī	2	5374	s-sh
眦	zì	2	5375	z-zh
啧	zé	2	5376	z-zh
晡	bū	2	5377	
晤	wù	2	5378	
眺	tiào	2	5379	
眵	chī	2	5380	c-ch
眸	móu	2	5381	
圊	qīng	2	5382	in-ing
喏	nuò	2	5383	n-l
喵	miāo	2	5384	
啉	lín	2	5385	n-l,r-l,in-ing
勖	xù	2	5386	
晞	xī	2	5387	
唵	ǎn	2	5388	an-ang,an-ai
晗	hán	2	5389	h-f,an-ang,an-ai
冕	miǎn	2	5390	ian-iang
啭	zhuàn	2	5391	z-zh,uan-uang
畦	qí	2	5392	
趺	fū	2	5393	h-f
啮	niè	2	5394	n-l
跄	qiàng	2	5395	ian-iang
蚶	hān	2	5396	h-f,an-ang,an-ai
蛄	gū	2	5397	g-k
蛄	gǔ	2	5398	g-k
蛎	lì	2	5399	n-l,r-l
蛆	qū	2	5400	
蚰	yóu	2	5401	
蛊	gǔ	2	5402	g-k
圉	yǔ	2	5403	
蚱	zhà	2	5404	z-zh
蛉	líng	2	5405	n-l,r-l,in-ing
蛏	chēng	2	5406	c-ch,en-eng,eng-ong
蚴	yòu	2	5407	
啁	zhāo	2	5408	z-zh
啁	zhōu	2	5409	z-zh
啕	táo	2	5410	
唿	hū	2	5411	h-f
啐	cuì	2	5412	c-ch
唼	shà	2	5413	s-sh
唷	yō	2	5414	
啖	dàn	2	5415	an-ang,an-ai
啵	bo	2	5416	
啶	dìng	2	5417	in-ing
啷	lāng	2	5418	n-l,r-l,an-ang
唳	lì	2	5419	n-l,r-l
唰	shuā	2	5420	s-sh
啜	chuài	2	5421	c-ch
啜	chuò	2	5422	c-ch
帻	zé	2	5423	z-zh
崚	léng	2	5424	n-l,r-l,en-eng,eng-ong
崦	yān	2	5425	an-ang,an-ai
帼	guó	2	5426	g-k
崮	gù	2	5427	g-k
崤	xiáo	2	5428	
崆	kōng	2	5429	g-k,eng-ong,on-ong,un-ong
赇	qiú	2	5430	
赈	zhèn	2	5431	z-zh,en-eng
赊	shē	2	5432	s-sh
铑	lǎo	2	5433	n-l,r-l
铒	ěr	2	5434	
铗	jiá	2	5435	
铙	náo	2	5436	n-l
铟	yīn	2	5437	in-ing
铠	kǎi	2	5438	g-k,an-ai
铡	zhá	2	5439	z-zh
铢	zhū	2	5440	z-zh
铣	xǐ	2	5441	
铤	tǐng	2	5442	in-ing
铧	huá	2	5443	h-f
铨	quán	2	5444	uan-uang
铩	shā	2	5445	s-sh
铪	hā	2	5446	h-f
铫	diào	2	5447	
铫	yáo	2	5448	
铬	gè	2	5449	g-k
铮	zhēng	2	5450	z-zh,en-eng,eng-ong
铯	sè	2	5451	s-sh
铰	jiǎo	2	5452	
铱	yī	2	5453	
铳	chòng	2	5454	c-ch,eng-ong,on-ong,un-ong
铵	ǎn	2	5455	an-ang,an-ai
铷	rú	2	5456	r-l
氪	kè	2	5457	g-k
牾	wǔ	2	5458	
鸹	guā	2	5459	g-k
秾	nóng	2	5460	n-l,eng-ong,on-ong,un-ong
逶	wēi	2	5461	
笺	jiān	2	5462	ian-iang
筇	qióng	2	5463	un-iong
笸	pǒ	2	5464	
笪	dá	2	5465	
笮	zé	2	5466	z-zh
笮	zuó	2	5467	z-zh
笠	lì	2	5468	n-l,r-l
笥	sì	2	5469	s-sh
笤	tiáo	2	5470	
笳	jiā	2	5471	
笾	biān	2	5472	ian-iang
笞	chī	2	5473	c-ch
偾	fèn	2	5474	h-f,en-eng
偃	yǎn	2	5475	an-ang,an-ai
偕	xié	2	5476	
偈	jì	2	5477	
傀	kuǐ	2	5478	g-k
偬	zǒng	2	5479	z-zh,eng-ong,on-ong,un-ong
偻	lóu	2	5480	n-l,r-l
偻	lǚ	2	5481	n-l,r-l
皑	ái	2	5482	an-ai
皎	jiǎo	2	5483	
鸻	héng	2	5484	h-f,en-eng,eng-ong
徜	cháng	2	5485	c-ch,an-ang
舸	gě	2	5486	g-k
舻	lú	2	5487	n-l,r-l
舴	zé	2	5488	z-zh
舷	xián	2	5489	ian-iang
龛	kān	2	5490	g-k,an-ang,an-ai
翎	líng	2	5491	n-l,r-l,in-ing
脬	pāo	2	5492	
脘	wǎn	2	5493	an-ang,an-ai
脲	niào	2	5494	n-l
匐	fú	2	5495	h-f
猗	yī	2	5496	
猡	luó	2	5497	n-l,r-l
猞	shē	2	5498	s-sh
猝	cù	2	5499	c-ch
斛	hú	2	5500	h-f
猕	mí	2	5501	
馗	kuí	2	5502	g-k
馃	guǒ	2	5503	g-k
馄	hún	2	5504	h-f,un-ong,un-iong
鸾	luán	2	5505	n-l,r-l,uan-uang
孰	shú	2	5506	s-sh
庹	tuǒ	2	5507	
庾	yǔ	2	5508	
痔	zhì	2	5509	z-zh
痍	yí	2	5510	
疵	cī	2	5511	c-ch
翊	yì	2	5512	
旌	jīng	2	5513	in-ing
旎	nǐ	2	5514	n-l
袤	mào	2	5515	
阇	dū	2	5516	
阇	shé	2	5517	s-sh
阈	yù	2	5518	
阉	yān	2	5519	an-ang,an-ai
阊	chāng	2	5520	c-ch,an-ang
阋	xì	2	5521	
阍	hūn	2	5522	h-f,un-ong,un-iong
阏	yān	2	5523	an-ang,an-ai
羟	qiǎng	2	5524	ian-iang
粝	lì	2	5525	n-l,r-l
粕	pò	2	5526	
敝	bì	2	5527	
焐	wù	2	5528	
烯	xī	2	5529	
焓	hán	2	5530	h-f,an-ang,an-ai
烽	fēng	2	5531	h-f,en-eng,eng-ong
焖	mèn	2	5532	en-eng
烷	wán	2	5533	an-ang,an-ai
焗	jú	2	5534	
渍	zì	2	5535	z-zh
渚	zhǔ	2	5536	z-zh
淇	qí	2	5537	
淅	xī	2	5538	
淞	sōng	2	5539	s-sh,eng-ong,on-ong,un-ong
渎	dú	2	5540	
涿	zhuō	2	5541	z-zh
淖	nào	2	5542	n-l
挲	sā	2	5543	s-sh
挲	suō	2	5544	s-sh
淠	pì	2	5545	
涸	hé	2	5546	h-f
渑	miǎn	2	5547	ian-iang
淦	gàn	2	5548	g-k,an-ang,an-ai
淝	féi	2	5549	h-f
淬	cuì	2	5550	c-ch
涪	fú	2	5551	h-f
淙	cóng	2	5552	c-ch,eng-ong,on-ong,un-ong
涫	guàn	2	5553	g-k,uan-uang
渌	lù	2	5554	n-l,r-l
淄	zī	2	5555	z-zh
惬	qiè	2	5556	
悻	xìng	2	5557	in-ing
悱	fěi	2	5558	h-f
惝	chǎng	2	5559	c-ch,an-ang
惘	wǎng	2	5560	an-ang
悸	jì	2	5561	
惆	chóu	2	5562	c-ch
惚	hū	2	5563	h-f
惇	dūn	2	5564	un-ong,un-iong
惮	dàn	2	5565	an-ang,an-ai
窕	tiǎo	2	5566	
谌	chén	2	5567	c-ch,en-eng
谏	jiàn	2	5568	ian-iang
扈	hù	2	5569	h-f
皲	jūn	2	5570	un-ong,un-iong
谑	xuè	2	5571	
裆	dāng	2	5572	an-ang
袷	qiā	2	5573	
裉	kèn	2	5574	g-k,en-eng
谒	yè	2	5575	
谔	è	2	5576	
谕	yù	2	5577	
谖	xuān	2	5578	uan-uang
谗	chán	2	5579	c-ch,an-ang,an-ai
谙	ān	2	5580	an-ang,an-ai
谛	dì	2	5581	
谝	piǎn	2	5582	ian-iang
逯	lù	2	5583	n-l,r-l
郿	méi	2	5584	
隈	wēi	2	5585	
粜	tiào	2	5586	
隍	huáng	2	5587	h-f,uan-uang
隗	wěi	2	5588	
婧	jìng	2	5589	in-ing
婊	biǎo	2	5590	
婕	jié	2	5591	
娼	chāng	2	5592	c-ch,an-ang
婢	bì	2	5593	
婵	chán	2	5594	c-ch,an-ang,an-ai
胬	nǔ	2	5595	n-l
袈	jiā	2	5596	
翌	yì	2	5597	
恿	yǒng	2	5598	eng-ong,on-ong,un-ong
欸	ǎi	2	5599	an-ai
欸	ê̄	2	5600	
欸	ế	2	5601	
欸	ê̌	2	5602	
欸	ề	2	5603	
绫	líng	2	5604	n-l,r-l,in-ing
骐	qí	2	5605	
绮	qǐ	2	5606	
绯	fēi	2	5607	h-f
绱	shàng	2	5608	s-sh,an-ang
骒	kè	2	5609	g-k
绲	gǔn	2	5610	g-k,un-ong,un-iong
骓	zhuī	2	5611	z-zh
绶	shòu	2	5612	s-sh
绺	liǔ	2	5613	n-l,r-l
绻	quǎn	2	5614	uan-uang
绾	wǎn	2	5615	an-ang,an-ai
骖	cān	2	5616	c-ch,an-ang,an-ai
缁	zī	2	5617	z-zh
耠	huō	2	5618	h-f
琫	běng	2	5619	en-eng,eng-ong
琵	pí	2	5620	
琶	pá	2	5621	
琪	qí	2	5622	
瑛	yīng	2	5623	in-ing
琦	qí	2	5624	
琥	hǔ	2	5625	h-f
琨	kūn	2	5626	g-k,un-ong,un-iong
靓	jìng	2	5627	in-ing
靓	liàng	2	5628	n-l,r-l,ian-iang
琰	yǎn	2	5629	an-ang,an-ai
琮	cóng	2	5630	c-ch,eng-ong,on-ong,un-ong
琯	guǎn	2	5631	g-k,uan-uang
琬	wǎn	2	5632	an-ang,an-ai
琛	chēn	2	5633	c-ch,en-eng
琚	jū	2	5634	
辇	niǎn	2	5635	n-l,ian-iang
鼋	yuán	2	5636	uan-uang
揳	xiē	2	5637	
堞	dié	2	5638	
搽	chá	2	5639	c-ch
揸	zhā	2	5640	z-zh
揠	yà	2	5641	
堙	yīn	2	5642	in-ing
趄	jū	2	5643	
趄	qiè	2	5644	
揖	yī	2	5645	
颉	jié	2	5646	
颉	xié	2	5647	
塄	léng	2	5648	n-l,r-l,en-eng,eng-ong
揿	qìn	2	5649	in-ing
耋	dié	2	5650	
揄	yú	2	5651	
蛩	qióng	2	5652	un-iong
蛰	zhé	2	5653	z-zh
塆	wān	2	5654	an-ang,an-ai
摒	bìng	2	5655	in-ing
揆	kuí	2	5656	g-k
掾	yuàn	2	5657	uan-uang
聒	guō	2	5658	g-k
葑	fēng	2	5659	h-f,en-eng,eng-ong
葚	rèn	2	5660	r-l,en-eng
葚	shèn	2	5661	s-sh,en-eng
靰	wù	2	5662	
靸	sǎ	2	5663	s-sh
葳	wēi	2	5664	
葺	qì	2	5665	
葸	xǐ	2	5666	
萼	è	2	5667	
葆	bǎo	2	5668	
葩	pā	2	5669	
葶	tíng	2	5670	in-ing
蒌	lóu	2	5671	n-l,r-l
萱	xuān	2	5672	uan-uang
戟	jǐ	2	5673	
葭	jiā	2	5674	
楮	chǔ	2	5675	c-ch
棼	fén	2	5676	h-f,en-eng
椟	dú	2	5677	
棹	zhào	2	5678	z-zh
椤	luó	2	5679	n-l,r-l
棰	chuí	2	5680	c-ch
赍	jī	2	5681	
椋	liáng	2	5682	n-l,r-l,ian-iang
椁	guǒ	2	5683	g-k
椪	pèng	2	5684	en-eng,eng-ong
棣	dì	2	5685	
椐	jū	2	5686	
鹁	bó	2	5687	
覃	qín	2	5688	in-ing
覃	tán	2	5689	an-ang,an-ai
酤	gū	2	5690	g-k
酢	zuò	2	5691	z-zh
酡	tuó	2	5692	
鹂	lí	2	5693	n-l,r-l
厥	jué	2	5694	
殚	dān	2	5695	an-ang,an-ai
殛	jí	2	5696	
雯	wén	2	5697	en-eng
雱	pāng	2	5698	an-ang
辊	gǔn	2	5699	g-k,un-ong,un-iong
辋	wǎng	2	5700	an-ang
椠	qiàn	2	5701	ian-iang
辍	chuò	2	5702	c-ch
辎	zī	2	5703	z-zh
斐	fěi	2	5704	h-f
睄	shào	2	5705	s-sh
睑	jiǎn	2	5706	ian-iang
睇	dì	2	5707	
睃	suō	2	5708	s-sh
戢	jí	2	5709	
喋	dié	2	5710	
喋	zhá	2	5711	z-zh
嗒	dā	2	5712	
喃	nán	2	5713	n-l,an-ang,an-ai
喱	lí	2	5714	n-l,r-l
喹	kuí	2	5715	g-k
晷	guǐ	2	5716	g-k
喈	jiē	2	5717	
跖	zhí	2	5718	z-zh
跗	fū	2	5719	h-f
跞	lì	2	5720	n-l,r-l
跚	shān	2	5721	s-sh,an-ang,an-ai
跎	tuó	2	5722	
跏	jiā	2	5723	
跆	tái	2	5724	an-ai
蛱	jiá	2	5725	
蛲	náo	2	5726	n-l
蛭	zhì	2	5727	z-zh
蛳	sī	2	5728	s-sh
蛐	qū	2	5729	
蛔	huí	2	5730	h-f
蛞	kuò	2	5731	g-k
蛴	qí	2	5732	
蛟	jiāo	2	5733	
蛘	yáng	2	5734	an-ang
喁	yóng	2	5735	eng-ong,on-ong,un-ong
喁	yú	2	5736	
喟	kuì	2	5737	g-k
啾	jiū	2	5738	
嗖	sōu	2	5739	s-sh
喑	yīn	2	5740	in-ing
嗟	jiē	2	5741	
喽	lóu	2	5742	n-l,r-l
喽	lou	2	5743	n-l,r-l
嗞	zī	2	5744	z-zh
喀	kā	2	5745	g-k
喔	wō	2	5746	
喙	huì	2	5747	h-f
嵘	róng	2	5748	r-l,eng-ong,on-ong,un-ong
嵖	chá	2	5749	c-ch
崴	wǎi	2	5750	an-ai
遄	chuán	2	5751	c-ch,uan-uang
詈	lì	2	5752	n-l,r-l
嵎	yú	2	5753	
崽	zǎi	2	5754	z-zh,an-ai
嵬	wéi	2	5755	
嵛	yú	2	5756	
嵯	cuó	2	5757	c-ch
嵝	lǒu	2	5758	n-l,r-l
嵫	zī	2	5759	z-zh
幄	wò	2	5760	
嵋	méi	2	5761	
赕	dǎn	2	5762	an-ang,an-ai
铻	wú	2	5763	
铼	lái	2	5764	n-l,r-l,an-ai
铿	kēng	2	5765	g-k,en-eng,eng-ong
锃	zèng	2	5766	z-zh,en-eng,eng-ong
锂	lǐ	2	5767	n-l,r-l
锆	gào	2	5768	g-k
锇	é	2	5769	
锉	cuò	2	5770	c-ch
锏	jiǎn	2	5771	ian-iang
锑	tī	2	5772	
锒	láng	2	5773	n-l,r-l,an-ang
锔	jū	2	5774	
锔	jú	2	5775	
锕	ā	2	5776	
掣	chè	2	5777	c-ch
矬	cuó	2	5778	c-ch
氰	qíng	2	5779	in-ing
毳	cuì	2	5780	c-ch
毽	jiàn	2	5781	ian-iang
犊	dú	2	5782	
犄	jī	2	5783	
犋	jù	2	5784	
鹄	gǔ	2	5785	g-k
鹄	hú	2	5786	h-f
犍	jiān	2	5787	ian-iang
犍	qián	2	5788	ian-iang
嵇	jī	2	5789	
黍	shǔ	2	5790	s-sh
稃	fū	2	5791	h-f
稂	láng	2	5792	n-l,r-l,an-ang
筚	bì	2	5793	
筵	yán	2	5794	an-ang,an-ai
筌	quán	2	5795	uan-uang
傣	dǎi	2	5796	an-ai
傈	lì	2	5797	n-l,r-l
舄	xì	2	5798	
牍	dú	2	5799	
傥	tǎng	2	5800	an-ang
傧	bīn	2	5801	in-ing
遑	huáng	2	5802	h-f,uan-uang
傩	nuó	2	5803	n-l
遁	dùn	2	5804	un-ong,un-iong
徨	huáng	2	5805	h-f,uan-uang
媭	xū	2	5806	
畲	shē	2	5807	s-sh
弑	shì	2	5808	s-sh
颌	hé	2	5809	h-f
翕	xī	2	5810	
釉	yòu	2	5811	
鹆	yù	2	5812	
舜	shùn	2	5813	s-sh,un-ong,un-iong
貂	diāo	2	5814	
腈	jīng	2	5815	in-ing
腌	ā	2	5816	
腌	yān	2	5817	an-ang,an-ai
腓	féi	2	5818	h-f
腆	tiǎn	2	5819	ian-iang
腴	yú	2	5820	
腑	fǔ	2	5821	h-f
腚	dìng	2	5822	in-ing
腱	jiàn	2	5823	ian-iang
鱿	yóu	2	5824	
鲀	tún	2	5825	un-ong,un-iong
鲂	fáng	2	5826	h-f,an-ang
颍	yǐng	2	5827	in-ing
猢	hú	2	5828	h-f
猹	chá	2	5829	c-ch
猥	wěi	2	5830	
飓	jù	2	5831	
觞	shāng	2	5832	s-sh,an-ang
觚	gū	2	5833	g-k
猱	náo	2	5834	n-l
颎	jiǒng	2	5835	un-iong
飧	sūn	2	5836	s-sh,un-ong,un-iong
馇	chā	2	5837	c-ch
馇	zha	2	5838	z-zh
馊	sōu	2	5839	s-sh
亵	xiè	2	5840	
脔	luán	2	5841	n-l,r-l,uan-uang
裒	póu	2	5842	
痣	zhì	2	5843	z-zh
痨	láo	2	5844	n-l,r-l
痦	wù	2	5845	
痞	pǐ	2	5846	
痤	cuó	2	5847	c-ch
痫	xián	2	5848	ian-iang
痧	shā	2	5849	s-sh
赓	gēng	2	5850	g-k,en-eng,eng-ong
竦	sǒng	2	5851	s-sh,eng-ong,on-ong,un-ong
瓿	bù	2	5852	
啻	chì	2	5853	c-ch
颏	kē	2	5854	g-k
颏	ké	2	5855	g-k
鹇	xián	2	5856	ian-iang
阑	lán	2	5857	n-l,r-l,an-ang,an-ai
阒	qù	2	5858	
阕	què	2	5859	
粞	xī	2	5860	
遒	qiú	2	5861	
孳	zī	2	5862	z-zh
焯	chāo	2	5863	c-ch
焜	kūn	2	5864	g-k,un-ong,un-iong
焙	bèi	2	5865	
焱	yàn	2	5866	an-ang,an-ai
鹈	tí	2	5867	
湛	zhàn	2	5868	z-zh,an-ang,an-ai
渫	xiè	2	5869	
湮	yān	2	5870	an-ang,an-ai
湎	miǎn	2	5871	ian-iang
湜	shí	2	5872	s-sh
渭	wèi	2	5873	
湍	tuān	2	5874	uan-uang
湫	jiǎo	2	5875	
湫	qiū	2	5876	
溲	sōu	2	5877	s-sh
湟	huáng	2	5878	h-f,uan-uang
溆	xù	2	5879	
湲	yuán	2	5880	uan-uang
湔	jiān	2	5881	ian-iang
湉	tián	2	5882	ian-iang
渥	wò	2	5883	
湄	méi	2	5884	
滁	chú	2	5885	c-ch
愠	yùn	2	5886	un-ong,un-iong
惺	xīng	2	5887	in-ing
愦	kuì	2	5888	g-k
惴	zhuì	2	5889	z-zh
愀	qiǎo	2	5890	
愎	bì	2	5891	
愔	yīn	2	5892	in-ing
喾	kù	2	5893	g-k
寐	mèi	2	5894	
谟	mó	2	5895	
扉	fēi	2	5896	h-f
裢	lián	2	5897	n-l,r-l,ian-iang
裎	chéng	2	5898	c-ch,en-eng,eng-ong
裎	chěng	2	5899	c-ch,en-eng,eng-ong
裥	jiǎn	2	5900	ian-iang
祾	líng	2	5901	n-l,r-l,in-ing
祺	qí	2	5902	
谠	dǎng	2	5903	an-ang
幂	mì	2	5904	
谡	sù	2	5905	s-sh
谥	shì	2	5906	s-sh
谧	mì	2	5907	
遐	xiá	2	5908	
孱	chán	2	5909	c-ch,an-ang,an-ai
弼	bì	2	5910	
巽	xùn	2	5911	un-ong,un-iong
骘	zhì	2	5912	z-zh
媪	ǎo	2	5913	
媛	yuán	2	5914	uan-uang
媛	yuàn	2	5915	uan-uang
婷	tíng	2	5916	in-ing
巯	qiú	2	5917	
翚	huī	2	5918	h-f
皴	cūn	2	5919	c-ch,un-ong,un-iong
婺	wù	2	5920	
骛	wù	2	5921	
缂	kè	2	5922	g-k
缃	xiāng	2	5923	ian-iang
缄	jiān	2	5924	ian-iang
彘	zhì	2	5925	z-zh
缇	tí	2	5926	
缈	miǎo	2	5927	
缌	sī	2	5928	s-sh
缑	gōu	2	5929	g-k
缒	zhuì	2	5930	z-zh
缗	mín	2	5931	in-ing
飨	xiǎng	2	5932	ian-iang
耢	lào	2	5933	n-l,r-l
瑚	hú	2	5934	h-f
瑁	mào	2	5935	
瑜	yú	2	5936	
瑗	yuàn	2	5937	uan-uang
瑄	xuān	2	5938	uan-uang
瑕	xiá	2	5939	
遨	áo	2	5940	
骜	ào	2	5941	
韫	yùn	2	5942	un-ong,un-iong
髡	kūn	2	5943	g-k,un-ong,un-iong
塬	yuán	2	5944	uan-uang
鄢	yān	2	5945	an-ang,an-ai
趔	liè	2	5946	n-l,r-l
趑	zī	2	5947	z-zh
摅	shū	2	5948	s-sh
摁	èn	2	5949	en-eng
蜇	zhē	2	5950	z-zh
蜇	zhé	2	5951	z-zh
搋	chuāi	2	5952	c-ch
搪	táng	2	5953	an-ang
搐	chù	2	5954	c-ch
搛	jiān	2	5955	ian-iang
搠	shuò	2	5956	s-sh
摈	bìn	2	5957	in-ing
彀	gòu	2	5958	g-k
毂	gǔ	2	5959	g-k
搦	nuò	2	5960	n-l
搡	sǎng	2	5961	s-sh,an-ang
蓁	zhēn	2	5962	z-zh,en-eng
戡	kān	2	5963	g-k,an-ang,an-ai
蓍	shī	2	5964	s-sh
鄞	yín	2	5965	in-ing
靳	jìn	2	5966	in-ing
蓐	rù	2	5967	r-l
蓦	mò	2	5968	
鹋	miáo	2	5969	
蒽	ēn	2	5970	en-eng
蓓	bèi	2	5971	
蓖	bì	2	5972	
蓊	wěng	2	5973	en-eng,eng-ong
蒯	kuǎi	2	5974	g-k
蓟	jì	2	5975	
蓑	suō	2	5976	s-sh
蒿	hāo	2	5977	h-f
蒺	jí	2	5978	
蓠	lí	2	5979	n-l,r-l
蒟	jǔ	2	5980	
蒡	bàng	2	5981	an-ang
蒹	jiān	2	5982	ian-iang
蒴	shuò	2	5983	s-sh
蒗	làng	2	5984	n-l,r-l,an-ang
蓥	yíng	2	5985	in-ing
颐	yí	2	5986	
楔	xiē	2	5987	
楠	nán	2	5988	n-l,an-ang,an-ai
楂	zhā	2	5989	z-zh
楝	liàn	2	5990	n-l,r-l,ian-iang
楫	jí	2	5991	
楸	qiū	2	5992	
椴	duàn	2	5993	uan-uang
槌	chuí	2	5994	c-ch
楯	shǔn	2	5995	s-sh,un-ong,un-iong
皙	xī	2	5996	
榈	lǘ	2	5997	n-l,r-l
槎	chá	2	5998	c-ch
榉	jǔ	2	5999	
楦	xuàn	2	6000	uan-uang
楣	méi	2	6001	
楹	yíng	2	6002	in-ing
椽	chuán	2	6003	c-ch,uan-uang
裘	qiú	2	6004	
剽	piāo	2	6005	
甄	zhēn	2	6006	z-zh,en-eng
酮	tóng	2	6007	eng-ong,on-ong,un-ong
酰	xiān	2	6008	ian-iang
酯	zhǐ	2	6009	z-zh
酩	mǐng	2	6010	in-ing
蜃	shèn	2	6011	s-sh,en-eng
碛	qì	2	6012	
碓	duì	2	6013	
硼	péng	2	6014	en-eng,eng-ong
碉	diāo	2	6015	
碚	bèi	2	6016	
碇	dìng	2	6017	in-ing
碜	chěn	2	6018	c-ch,en-eng
鹌	ān	2	6019	an-ang,an-ai
辏	còu	2	6020	c-ch
龃	jǔ	2	6021	
龅	bāo	2	6022	
訾	zǐ	2	6023	z-zh
粲	càn	2	6024	c-ch,an-ang,an-ai
虞	yú	2	6025	
睚	yá	2	6026	
嗪	qín	2	6027	in-ing
韪	wěi	2	6028	
嗷	áo	2	6029	
嗉	sù	2	6030	s-sh
睨	nì	2	6031	n-l
睢	suī	2	6032	s-sh
雎	jū	2	6033	
睥	pì	2	6034	
嘟	dū	2	6035	
嗑	kē	2	6036	g-k
嗑	kè	2	6037	g-k
嗫	niè	2	6038	n-l
嗬	hē	2	6039	h-f
嗔	chēn	2	6040	c-ch,en-eng
嗝	gé	2	6041	g-k
戥	děng	2	6042	en-eng,eng-ong
嗄	shà	2	6043	s-sh
煦	xù	2	6044	
暄	xuān	2	6045	uan-uang
遢	tā	2	6046	
暌	kuí	2	6047	g-k
跬	kuǐ	2	6048	g-k
跶	da	2	6049	
跸	bì	2	6050	
跐	cī	2	6051	c-ch
跣	xiǎn	2	6052	ian-iang
跹	xiān	2	6053	ian-iang
跻	jī	2	6054	
蛸	shāo	2	6055	s-sh
蛸	xiāo	2	6056	
蜊	lí	2	6057	n-l,r-l
蜍	chú	2	6058	c-ch
蜉	fú	2	6059	h-f
蜣	qiāng	2	6060	ian-iang
畹	wǎn	2	6061	an-ang,an-ai
蛹	yǒng	2	6062	eng-ong,on-ong,un-ong
嗣	sì	2	6063	s-sh
嗯	ńg	2	6064	
嗯	ňg	2	6065	
嗯	ǹg	2	6066	
嗥	háo	2	6067	h-f
嗲	diǎ	2	6068	
嗳	ǎi	2	6069	an-ai
嗳	ài	2	6070	an-ai
嗌	ài	2	6071	an-ai
嗌	yì	2	6072	
嗍	suō	2	6073	s-sh
嗨	hāi	2	6074	h-f,an-ai
嗐	hài	2	6075	h-f,an-ai
嗤	chī	2	6076	c-ch
嗵	tōng	2	6077	eng-ong,on-ong,un-ong
罨	yǎn	2	6078	an-ang,an-ai
嵊	shèng	2	6079	s-sh,en-eng,eng-ong
嵩	sōng	2	6080	s-sh,eng-ong,on-ong,un-ong
嵴	jí	2	6081	
骰	tóu	2	6082	
锗	zhě	2	6083	z-zh
锛	bēn	2	6084	en-eng
锜	qí	2	6085	
锝	dé	2	6086	
锞	kè	2	6087	g-k
锟	kūn	2	6088	g-k,un-ong,un-iong
锢	gù	2	6089	g-k
锨	xiān	2	6090	ian-iang
锩	juǎn	2	6091	uan-uang
锭	dìng	2	6092	in-ing
锱	zī	2	6093	z-zh
雉	zhì	2	6094	z-zh
氲	yūn	2	6095	un-ong,un-iong
犏	piān	2	6096	ian-iang
歃	shà	2	6097	s-sh
稞	kē	2	6098	g-k
稗	bài	2	6099	an-ai
稔	rěn	2	6100	r-l,en-eng
筠	jūn	2	6101	un-ong,un-iong
筠	yún	2	6102	un-ong,un-iong
筢	pá	2	6103	
筮	shì	2	6104	s-sh
筲	shāo	2	6105	s-sh
筱	xiǎo	2	6106	
牒	dié	2	6107	
煲	bāo	2	6108	
敫	jiǎo	2	6109	
徭	yáo	2	6110	
愆	qiān	2	6111	ian-iang
艄	shāo	2	6112	s-sh
觎	yú	2	6113	
毹	shū	2	6114	s-sh
貊	mò	2	6115	
貅	xiū	2	6116	
貉	háo	2	6117	h-f
貉	hé	2	6118	h-f
颔	hàn	2	6119	h-f,an-ang,an-ai
腠	còu	2	6120	c-ch
腩	nǎn	2	6121	n-l,an-ang,an-ai
腼	miǎn	2	6122	ian-iang
腭	è	2	6123	
腧	shù	2	6124	s-sh
塍	chéng	2	6125	c-ch,en-eng,eng-ong
媵	yìng	2	6126	in-ing
詹	zhān	2	6127	z-zh,an-ang,an-ai
鲅	bà	2	6128	
鲆	píng	2	6129	in-ing
鲇	nián	2	6130	n-l,ian-iang
鲈	lú	2	6131	n-l,r-l
稣	sū	2	6132	s-sh
鲋	fù	2	6133	h-f
鲐	tái	2	6134	an-ai
肄	yì	2	6135	
鹐	qiān	2	6136	ian-iang
飕	sōu	2	6137	s-sh
觥	gōng	2	6138	g-k,eng-ong,on-ong,un-ong
遛	liù	2	6139	n-l,r-l
馐	xiū	2	6140	
鹑	chún	2	6141	c-ch,un-ong,un-iong
亶	dǎn	2	6142	an-ang,an-ai
瘃	zhú	2	6143	z-zh
痱	fèi	2	6144	h-f
痼	gù	2	6145	g-k
痿	wěi	2	6146	
瘐	yǔ	2	6147	
瘁	cuì	2	6148	c-ch
瘆	shèn	2	6149	s-sh,en-eng
麂	jǐ	2	6150	
裔	yì	2	6151	
歆	xīn	2	6152	in-ing
旒	liú	2	6153	n-l,r-l
雍	yōng	2	6154	eng-ong,on-ong,un-ong
阖	hé	2	6155	h-f
阗	tián	2	6156	ian-iang
阙	quē	2	6157	
阙	què	2	6158	
羧	suō	2	6159	s-sh
豢	huàn	2	6160	h-f,uan-uang
粳	jīng	2	6161	in-ing
猷	yóu	2	6162	
煳	hú	2	6163	h-f
煜	yù	2	6164	
煨	wēi	2	6165	
煅	duàn	2	6166	uan-uang
煊	xuān	2	6167	uan-uang
煸	biān	2	6168	ian-iang
煺	tuì	2	6169	
滟	yàn	2	6170	an-ang,an-ai
溱	qín	2	6171	in-ing
溘	kè	2	6172	g-k
漭	mǎng	2	6173	an-ang
滢	yíng	2	6174	in-ing
溥	pǔ	2	6175	
溧	lì	2	6176	n-l,r-l
溽	rù	2	6177	r-l
裟	shā	2	6178	s-sh
溻	tā	2	6179	
溷	hùn	2	6180	h-f,un-ong,un-iong
滗	bì	2	6181	
滫	xiǔ	2	6182	
溴	xiù	2	6183	
滏	fǔ	2	6184	h-f
滃	wēng	2	6185	en-eng,eng-ong
滦	luán	2	6186	n-l,r-l,uan-uang
溏	táng	2	6187	an-ang
滂	pāng	2	6188	an-ang
滓	zǐ	2	6189	z-zh
溟	míng	2	6190	in-ing
滪	yù	2	6191	
愫	sù	2	6192	s-sh
慑	shè	2	6193	s-sh
慊	qiàn	2	6194	ian-iang
慊	qiè	2	6195	
鲎	hòu	2	6196	h-f
骞	qiān	2	6197	ian-iang
窦	dòu	2	6198	
窠	kē	2	6199	g-k
窣	sū	2	6200	s-sh
裱	biǎo	2	6201	
褚	chǔ	2	6202	c-ch
裨	bì	2	6203	
裾	jū	2	6204	
裰	duō	2	6205	
禊	xì	2	6206	
谩	màn	2	6207	an-ang,an-ai
谪	zhé	2	6208	z-zh
媾	gòu	2	6209	g-k
嫫	mó	2	6210	
媲	pì	2	6211	
嫒	ài	2	6212	an-ai
嫔	pín	2	6213	in-ing
媸	chī	2	6214	c-ch
缙	jìn	2	6215	in-ing
缜	zhěn	2	6216	z-zh,en-eng
缛	rù	2	6217	r-l
辔	pèi	2	6218	
骝	liú	2	6219	n-l,r-l
缟	gǎo	2	6220	g-k
缡	lí	2	6221	n-l,r-l
缢	yì	2	6222	
缣	jiān	2	6223	ian-iang
骟	shàn	2	6224	s-sh,an-ang,an-ai
耥	tāng	2	6225	an-ang
璈	áo	2	6226	
瑶	yáo	2	6227	
瑭	táng	2	6228	an-ang
獒	áo	2	6229	
觏	gòu	2	6230	g-k
慝	tè	2	6231	
嫠	lí	2	6232	n-l,r-l
韬	tāo	2	6233	
叆	ài	2	6234	an-ai
髦	máo	2	6235	
摽	biào	2	6236	
墁	màn	2	6237	an-ang,an-ai
撂	liào	2	6238	n-l,r-l
摞	luò	2	6239	n-l,r-l
撄	yīng	2	6240	in-ing
翥	zhù	2	6241	z-zh
踅	xué	2	6242	
摭	zhí	2	6243	z-zh
墉	yōng	2	6244	eng-ong,on-ong,un-ong
墒	shāng	2	6245	s-sh,an-ang
榖	gǔ	2	6246	g-k
綦	qí	2	6247	
蔫	niān	2	6248	n-l,ian-iang
蔷	qiáng	2	6249	ian-iang
靺	mò	2	6250	
靼	dá	2	6251	
鞅	yāng	2	6252	an-ang
鞅	yàng	2	6253	an-ang
靿	yào	2	6254	
甍	méng	2	6255	en-eng,eng-ong
蔸	dōu	2	6256	
蔟	cù	2	6257	c-ch
蔺	lìn	2	6258	n-l,r-l,in-ing
戬	jiǎn	2	6259	ian-iang
蕖	qú	2	6260	
蔻	kòu	2	6261	g-k
蓿	xu	2	6262	
斡	wò	2	6263	
鹕	hú	2	6264	h-f
蓼	liǎo	2	6265	n-l,r-l
榛	zhēn	2	6266	z-zh,en-eng
榧	fěi	2	6267	h-f
榻	tà	2	6268	
榫	sǔn	2	6269	s-sh,un-ong,un-iong
榭	xiè	2	6270	
槔	gāo	2	6271	g-k
榱	cuī	2	6272	c-ch
槁	gǎo	2	6273	g-k
槟	bīn	2	6274	in-ing
槟	bīng	2	6275	in-ing
槠	zhū	2	6276	z-zh
榷	què	2	6277	
僰	bó	2	6278	
酽	yàn	2	6279	an-ang,an-ai
酶	méi	2	6280	
酹	lèi	2	6281	n-l,r-l
厮	sī	2	6282	s-sh
碡	zhóu	2	6283	z-zh
碴	chā	2	6284	c-ch
碴	chá	2	6285	c-ch
碣	jié	2	6286	
碲	dì	2	6287	
磋	cuō	2	6288	c-ch
臧	zāng	2	6289	z-zh,an-ang
豨	xī	2	6290	
殡	bìn	2	6291	in-ing
霆	tíng	2	6292	in-ing
霁	jì	2	6293	
辕	yuán	2	6294	uan-uang
蜚	fēi	2	6295	h-f
蜚	fěi	2	6296	h-f
裴	péi	2	6297	
翡	fěi	2	6298	h-f
龇	zī	2	6299	z-zh
龈	yín	2	6300	in-ing
睿	ruì	2	6301	r-l
䁖	lōu	2	6302	n-l,r-l
睽	kuí	2	6303	g-k
嘞	lei	2	6304	n-l,r-l
嘈	cáo	2	6305	c-ch
嘌	piào	2	6306	
嘁	qī	2	6307	
嘎	gā	2	6308	g-k
嘎	gá	2	6309	g-k
嘎	gǎ	2	6310	g-k
暧	ài	2	6311	an-ai
暝	míng	2	6312	in-ing
踌	chóu	2	6313	c-ch
踉	liàng	2	6314	n-l,r-l,ian-iang
蜞	qí	2	6315	
蜥	xī	2	6316	
蜮	yù	2	6317	
蝈	guō	2	6318	g-k
蜴	yì	2	6319	
蜱	pí	2	6320	
蜩	tiáo	2	6321	
蜷	quán	2	6322	uan-uang
蜿	wān	2	6323	an-ang,an-ai
螂	láng	2	6324	n-l,r-l,an-ang
蜢	měng	2	6325	en-eng,eng-ong
嘘	shī	2	6326	s-sh
嘘	xū	2	6327	
嘡	tāng	2	6328	an-ang
鹗	è	2	6329	
嘣	bēng	2	6330	en-eng,eng-ong
嘤	yīng	2	6331	in-ing
嘚	dē	2	6332	
嘚	dēi	2	6333	
嗾	sǒu	2	6334	s-sh
嘧	mì	2	6335	
罴	pí	2	6336	
罱	lǎn	2	6337	n-l,r-l,an-ang,an-ai
幔	màn	2	6338	an-ang,an-ai
嶂	zhàng	2	6339	z-zh,an-ang
幛	zhàng	2	6340	z-zh,an-ang
赙	fù	2	6341	h-f
罂	yīng	2	6342	in-ing
骷	kū	2	6343	g-k
骶	dǐ	2	6344	
鹘	gǔ	2	6345	g-k
鹘	hú	2	6346	h-f
锲	qiè	2	6347	
锴	kǎi	2	6348	g-k,an-ai
锶	sī	2	6349	s-sh
锷	è	2	6350	
锸	chā	2	6351	c-ch
锵	qiāng	2	6352	ian-iang
镁	měi	2	6353	
镂	lòu	2	6354	n-l,r-l
犒	kào	2	6355	g-k
箐	qìng	2	6356	in-ing
箦	zé	2	6357	z-zh
箧	qiè	2	6358	
箍	gū	2	6359	g-k
箸	zhù	2	6360	z-zh
箬	ruò	2	6361	r-l
箅	bì	2	6362	
箪	dān	2	6363	an-ang,an-ai
箔	bó	2	6364	
箜	kōng	2	6365	g-k,eng-ong,on-ong,un-ong
箢	yuān	2	6366	uan-uang
箓	lù	2	6367	n-l,r-l
毓	yù	2	6368	
僖	xī	2	6369	
儆	jǐng	2	6370	in-ing
僳	sù	2	6371	s-sh
僭	jiàn	2	6372	ian-iang
劁	qiāo	2	6373	
僮	tóng	2	6374	eng-ong,on-ong,un-ong
魃	bá	2	6375	
魆	xū	2	6376	
睾	gāo	2	6377	g-k
艋	měng	2	6378	en-eng,eng-ong
鄱	pó	2	6379	
膈	gé	2	6380	g-k
膑	bìn	2	6381	in-ing
鲑	guī	2	6382	g-k
鲔	wěi	2	6383	
鲚	jì	2	6384	
鲛	jiāo	2	6385	
鲟	xún	2	6386	un-ong,un-iong
獐	zhāng	2	6387	z-zh,an-ang
觫	sù	2	6388	s-sh
雒	luò	2	6389	n-l,r-l
夤	yín	2	6390	in-ing
馑	jǐn	2	6391	in-ing
銮	luán	2	6392	n-l,r-l,uan-uang
塾	shú	2	6393	s-sh
麽	mó	2	6394	
瘌	là	2	6395	n-l,r-l
瘊	hóu	2	6396	h-f
瘘	lòu	2	6397	n-l,r-l
瘙	sào	2	6398	s-sh
廖	liào	2	6399	n-l,r-l
韶	sháo	2	6400	s-sh
旖	yǐ	2	6401	
膂	lǚ	2	6402	n-l,r-l
阚	kàn	2	6403	g-k,an-ang,an-ai
鄯	shàn	2	6404	s-sh,an-ang,an-ai
鲞	xiǎng	2	6405	ian-iang
粿	guǒ	2	6406	g-k
粼	lín	2	6407	n-l,r-l,in-ing
粽	zòng	2	6408	z-zh,eng-ong,on-ong,un-ong
糁	sǎn	2	6409	s-sh,an-ang,an-ai
糁	shēn	2	6410	s-sh,en-eng
槊	shuò	2	6411	s-sh
鹚	cí	2	6412	c-ch
熘	liū	2	6413	n-l,r-l
熥	tēng	2	6414	en-eng,eng-ong
潢	huáng	2	6415	h-f,uan-uang
漕	cáo	2	6416	c-ch
滹	hū	2	6417	h-f
漯	luò	2	6418	n-l,r-l
漶	huàn	2	6419	h-f,uan-uang
潋	liàn	2	6420	n-l,r-l,ian-iang
潴	zhū	2	6421	z-zh
漪	yī	2	6422	
漉	lù	2	6423	n-l,r-l
漳	zhāng	2	6424	z-zh,an-ang
漩	xuán	2	6425	uan-uang
澉	gǎn	2	6426	g-k,an-ang,an-ai
潍	wéi	2	6427	
慵	yōng	2	6428	eng-ong,on-ong,un-ong
搴	qiān	2	6429	ian-iang
窨	yìn	2	6430	in-ing
寤	wù	2	6431	
綮	qìng	2	6432	in-ing
谮	zèn	2	6433	z-zh,en-eng
褡	dā	2	6434	
褙	bèi	2	6435	
褓	bǎo	2	6436	
褛	lǚ	2	6437	n-l,r-l
褊	biǎn	2	6438	ian-iang
谯	qiáo	2	6439	
谰	lán	2	6440	n-l,r-l,an-ang,an-ai
谲	jué	2	6441	
暨	jì	2	6442	
屣	xǐ	2	6443	
鹛	méi	2	6444	
嫣	yān	2	6445	an-ang,an-ai
嫱	qiáng	2	6446	ian-iang
嫖	piáo	2	6447	
嫦	cháng	2	6448	c-ch,an-ang
嫚	mān	2	6449	an-ang,an-ai
嫚	màn	2	6450	an-ang,an-ai
嫘	léi	2	6451	n-l,r-l
嫡	dí	2	6452	
鼐	nài	2	6453	n-l,an-ai
翟	dí	2	6454	
翟	zhái	2	6455	z-zh,an-ai
瞀	mào	2	6456	
鹜	wù	2	6457	
骠	biāo	2	6458	
骠	piào	2	6459	
缥	piāo	2	6460	
缦	màn	2	6461	an-ang,an-ai
缧	léi	2	6462	n-l,r-l
缨	yīng	2	6463	in-ing
骢	cōng	2	6464	c-ch,eng-ong,on-ong,un-ong
缪	miào	2	6465	
缪	miù	2	6466	
缪	móu	2	6467	
缫	sāo	2	6468	s-sh
耦	ǒu	2	6469	
耧	lóu	2	6470	n-l,r-l
瑾	jǐn	2	6471	in-ing
璜	huáng	2	6472	h-f,uan-uang
璀	cuǐ	2	6473	c-ch
璎	yīng	2	6474	in-ing
璁	cōng	2	6475	c-ch,eng-ong,on-ong,un-ong
璋	zhāng	2	6476	z-zh,an-ang
璇	xuán	2	6477	uan-uang
奭	shì	2	6478	s-sh
髯	rán	2	6479	r-l,an-ang,an-ai
髫	tiáo	2	6480	
撷	xié	2	6481	
撅	juē	2	6482	
赭	zhě	2	6483	z-zh
撸	lū	2	6484	n-l,r-l
鋆	yún	2	6485	un-ong,un-iong
撙	zǔn	2	6486	z-zh,un-ong,un-iong
撺	cuān	2	6487	c-ch,uan-uang
墀	chí	2	6488	c-ch
聩	kuì	2	6489	g-k
觐	jìn	2	6490	in-ing
鞑	dá	2	6491	
蕙	huì	2	6492	h-f
鞒	qiáo	2	6493	
蕈	xùn	2	6494	un-ong,un-iong
蕨	jué	2	6495	
蕤	ruí	2	6496	r-l
蕞	zuì	2	6497	z-zh
蕺	jí	2	6498	
瞢	méng	2	6499	en-eng,eng-ong
蕃	bō	2	6500	
蕲	qí	2	6501	
赜	zé	2	6502	z-zh
槿	jǐn	2	6503	in-ing
樯	qiáng	2	6504	ian-iang
槭	qì	2	6505	
樗	chū	2	6506	c-ch
樘	táng	2	6507	an-ang
樊	fán	2	6508	h-f,an-ang,an-ai
槲	hú	2	6509	h-f
醌	kūn	2	6510	g-k,un-ong,un-iong
醅	pēi	2	6511	
靥	yè	2	6512	
魇	yǎn	2	6513	an-ang,an-ai
餍	yàn	2	6514	an-ang,an-ai
磔	zhé	2	6515	z-zh
磙	gǔn	2	6516	g-k,un-ong,un-iong
霈	pèi	2	6517	
辘	lù	2	6518	n-l,r-l
龉	yǔ	2	6519	
龊	chuò	2	6520	c-ch
觑	qù	2	6521	
瞌	kē	2	6522	g-k
瞋	chēn	2	6523	c-ch,en-eng
瞑	míng	2	6524	in-ing
嘭	pēng	2	6525	en-eng,eng-ong
噎	yē	2	6526	
噶	gá	2	6527	g-k
颙	yóng	2	6528	eng-ong,on-ong,un-ong
暹	xiān	2	6529	ian-iang
噘	juē	2	6530	
踔	chuō	2	6531	c-ch
踝	huái	2	6532	h-f
踟	chí	2	6533	c-ch
踒	wō	2	6534	
踬	zhì	2	6535	z-zh
踮	diǎn	2	6536	ian-iang
踯	zhí	2	6537	z-zh
踺	jiàn	2	6538	ian-iang
踞	jù	2	6539	
蝽	chūn	2	6540	c-ch,un-ong,un-iong
蝾	róng	2	6541	r-l,eng-ong,on-ong,un-ong
蝻	nǎn	2	6542	n-l,an-ang,an-ai
蝰	kuí	2	6543	g-k
蝮	fù	2	6544	h-f
螋	sōu	2	6545	s-sh
蝓	yú	2	6546	
蝣	yóu	2	6547	
蝼	lóu	2	6548	n-l,r-l
噗	pū	2	6549	
嘬	zuō	2	6550	z-zh
颚	è	2	6551	
噍	jiào	2	6552	
噢	ō	2	6553	
噙	qín	2	6554	in-ing
噜	lū	2	6555	n-l,r-l
噌	cēng	2	6556	c-ch,en-eng,eng-ong
噔	dēng	2	6557	en-eng,eng-ong
颛	zhuān	2	6558	z-zh,uan-uang
幞	fú	2	6559	h-f
幡	fān	2	6560	h-f,an-ang,an-ai
嶙	lín	2	6561	n-l,r-l,in-ing
嶝	dèng	2	6562	en-eng,eng-ong
骺	hóu	2	6563	h-f
骼	gé	2	6564	g-k
骸	hái	2	6565	h-f,an-ai
镊	niè	2	6566	n-l
镉	gé	2	6567	g-k
镌	juān	2	6568	uan-uang
镍	niè	2	6569	n-l
镏	liú	2	6570	n-l,r-l
镏	liù	2	6571	n-l,r-l
镒	yì	2	6572	
镓	jiā	2	6573	
镔	bīn	2	6574	in-ing
稷	jì	2	6575	
箴	zhēn	2	6576	z-zh,en-eng
篑	kuì	2	6577	g-k
篁	huáng	2	6578	h-f,uan-uang
篌	hóu	2	6579	h-f
篆	zhuàn	2	6580	z-zh,uan-uang
牖	yǒu	2	6581	
儋	dān	2	6582	an-ang,an-ai
徵	zhǐ	2	6583	z-zh
磐	pán	2	6584	an-ang,an-ai
虢	guó	2	6585	g-k
鹞	yào	2	6586	
膘	biāo	2	6587	
滕	téng	2	6588	en-eng,eng-ong
鲠	gěng	2	6589	g-k,en-eng,eng-ong
鲡	lí	2	6590	n-l,r-l
鲢	lián	2	6591	n-l,r-l,ian-iang
鲣	jiān	2	6592	ian-iang
鲥	shí	2	6593	s-sh
鲧	gǔn	2	6594	g-k,un-ong,un-iong
鲩	huàn	2	6595	h-f,uan-uang
獗	jué	2	6596	
獠	liáo	2	6597	n-l,r-l
觯	zhì	2	6598	z-zh
馓	sǎn	2	6599	s-sh,an-ang,an-ai
馔	zhuàn	2	6600	z-zh,uan-uang
麾	huī	2	6601	h-f
廛	chán	2	6602	c-ch,an-ang,an-ai
瘛	chì	2	6603	c-ch
瘼	mò	2	6604	
瘢	bān	2	6605	an-ang,an-ai
瘠	jí	2	6606	
齑	jī	2	6607	
羯	jié	2	6608	
羰	tāng	2	6609	an-ang
𥻗	chá	2	6610	c-ch
遴	lín	2	6611	n-l,r-l,in-ing
糌	zān	2	6612	z-zh,an-ang,an-ai
糍	cí	2	6613	c-ch
糅	róu	2	6614	r-l
熜	cōng	2	6615	c-ch,eng-ong,on-ong,un-ong
熵	shāng	2	6616	s-sh,an-ang
熠	yì	2	6617	
澍	shù	2	6618	s-sh
澌	sī	2	6619	s-sh
潸	shān	2	6620	s-sh,an-ang,an-ai
潦	liáo	2	6621	n-l,r-l
潲	shào	2	6622	s-sh
鋈	wù	2	6623	
潟	xì	2	6624	
潼	tóng	2	6625	eng-ong,on-ong,un-ong
潺	chán	2	6626	c-ch,an-ang,an-ai
憬	jǐng	2	6627	in-ing
憧	chōng	2	6628	c-ch,eng-ong,on-ong,un-ong
寮	liáo	2	6629	n-l,r-l
窳	yǔ	2	6630	
谳	yàn	2	6631	an-ang,an-ai
褴	lán	2	6632	n-l,r-l,an-ang,an-ai
褟	tā	2	6633	
褫	chǐ	2	6634	c-ch
谵	zhān	2	6635	z-zh,an-ang,an-ai
熨	yù	2	6636	
熨	yùn	2	6637	un-ong,un-iong
屦	jù	2	6638	
嬉	xī	2	6639	
勰	xié	2	6640	
戮	lù	2	6641	n-l,r-l
蝥	máo	2	6642	
缬	xié	2	6643	
缮	shàn	2	6644	s-sh,an-ang,an-ai
缯	zēng	2	6645	z-zh,en-eng,eng-ong
骣	chǎn	2	6646	c-ch,an-ang,an-ai
畿	jī	2	6647	
耩	jiǎng	2	6648	ian-iang
耨	nòu	2	6649	n-l
耪	pǎng	2	6650	an-ang
璞	pú	2	6651	
璟	jǐng	2	6652	in-ing
靛	diàn	2	6653	ian-iang
璠	fán	2	6654	h-f,an-ang,an-ai
璘	lín	2	6655	n-l,r-l,in-ing
聱	áo	2	6656	
螯	áo	2	6657	
髻	jì	2	6658	
髭	zī	2	6659	z-zh
髹	xiū	2	6660	
擀	gǎn	2	6661	g-k,an-ang,an-ai
熹	xī	2	6662	
甏	bèng	2	6663	en-eng,eng-ong
擞	sǒu	2	6664	s-sh
擞	sòu	2	6665	s-sh
縠	hú	2	6666	h-f
磬	qìng	2	6667	in-ing
颞	niè	2	6668	n-l
蕻	hóng	2	6669	h-f,eng-ong,on-ong,un-ong
鞘	qiào	2	6670	
鞘	shāo	2	6671	s-sh
颟	mān	2	6672	an-ang,an-ai
薤	xiè	2	6673	
薨	hōng	2	6674	h-f,eng-ong,on-ong,un-ong
檠	qíng	2	6675	in-ing
薏	yì	2	6676	
薮	sǒu	2	6677	s-sh
薜	bì	2	6678	
薅	hāo	2	6679	h-f
樾	yuè	2	6680	
橛	jué	2	6681	
橇	qiāo	2	6682	
樵	qiáo	2	6683	
檎	qín	2	6684	in-ing
橹	lǔ	2	6685	n-l,r-l
樽	zūn	2	6686	z-zh,un-ong,un-iong
樨	xī	2	6687	
橼	yuán	2	6688	uan-uang
墼	jī	2	6689	
橐	tuó	2	6690	
翮	hé	2	6691	h-f
醛	quán	2	6692	uan-uang
醐	hú	2	6693	h-f
醍	tí	2	6694	
醚	mí	2	6695	
磲	qú	2	6696	
赝	yàn	2	6697	an-ang,an-ai
飙	biāo	2	6698	
殪	yì	2	6699	
霖	lín	2	6700	n-l,r-l,in-ing
霏	fēi	2	6701	h-f
霓	ní	2	6702	n-l
錾	zàn	2	6703	z-zh,an-ang,an-ai
辚	lín	2	6704	n-l,r-l,in-ing
臻	zhēn	2	6705	z-zh,en-eng
遽	jù	2	6706	
氅	chǎng	2	6707	c-ch,an-ang
瞟	piǎo	2	6708	
瞠	chēng	2	6709	c-ch,en-eng,eng-ong
瞰	kàn	2	6710	g-k,an-ang,an-ai
嚄	huō	2	6711	h-f
嚆	hāo	2	6712	h-f
噤	jìn	2	6713	in-ing
暾	tūn	2	6714	un-ong,un-iong
蹀	dié	2	6715	
踹	chuài	2	6716	c-ch
踵	zhǒng	2	6717	z-zh,eng-ong,on-ong,un-ong
踽	jǔ	2	6718	
蹉	cuō	2	6719	c-ch
蹁	pián	2	6720	ian-iang
螨	mǎn	2	6721	an-ang,an-ai
蟒	mǎng	2	6722	an-ang
螈	yuán	2	6723	uan-uang
螅	xī	2	6724	
螭	chī	2	6725	c-ch
螠	yì	2	6726	
螟	míng	2	6727	in-ing
噱	xué	2	6728	
噬	shì	2	6729	s-sh
噫	yī	2	6730	
噻	sāi	2	6731	s-sh,an-ai
噼	pī	2	6732	
罹	lí	2	6733	n-l,r-l
圜	huán	2	6734	h-f,uan-uang
圜	yuán	2	6735	uan-uang
䦃	zhuō	2	6736	z-zh
镖	biāo	2	6737	
镗	tāng	2	6738	an-ang
镗	táng	2	6739	an-ang
镘	màn	2	6740	an-ang,an-ai
镚	bèng	2	6741	en-eng,eng-ong
镛	yōng	2	6742	eng-ong,on-ong,un-ong
镝	dī	2	6743	
镞	zú	2	6744	z-zh
镠	liú	2	6745	n-l,r-l
氇	lu	2	6746	n-l,r-l
氆	pǔ	2	6747	
憩	qì	2	6748	
穑	sè	2	6749	s-sh
篝	gōu	2	6750	g-k
篥	lì	2	6751	n-l,r-l
篦	bì	2	6752	
篪	chí	2	6753	c-ch
篙	gāo	2	6754	g-k
盥	guàn	2	6755	g-k,uan-uang
劓	yì	2	6756	
翱	áo	2	6757	
魉	liǎng	2	6758	n-l,r-l,ian-iang
魈	xiāo	2	6759	
徼	jiào	2	6760	
歙	shè	2	6761	s-sh
膳	shàn	2	6762	s-sh,an-ang,an-ai
膦	lìn	2	6763	n-l,r-l,in-ing
膙	jiǎng	2	6764	ian-iang
鲮	líng	2	6765	n-l,r-l,in-ing
鲱	fēi	2	6766	h-f
鲲	kūn	2	6767	g-k,un-ong,un-iong
鲳	chāng	2	6768	c-ch,an-ang
鲴	gù	2	6769	g-k
鲵	ní	2	6770	n-l
鲷	diāo	2	6771	
鲻	zī	2	6772	z-zh
獴	měng	2	6773	en-eng,eng-ong
獭	tǎ	2	6774	
獬	xiè	2	6775	
邂	xiè	2	6776	
鹧	zhè	2	6777	z-zh
廨	xiè	2	6778	
赟	yūn	2	6779	un-ong,un-iong
瘰	luǒ	2	6780	n-l,r-l
廪	lǐn	2	6781	n-l,r-l,in-ing
瘿	yǐng	2	6782	in-ing
瘵	zhài	2	6783	z-zh,an-ai
瘴	zhàng	2	6784	z-zh,an-ang
癃	lóng	2	6785	n-l,r-l,eng-ong,on-ong,un-ong
瘳	chōu	2	6786	c-ch
斓	lán	2	6787	n-l,r-l,an-ang,an-ai
麇	jūn	2	6788	un-ong,un-iong
麇	qún	2	6789	un-ong,un-iong
麈	zhǔ	2	6790	z-zh
嬴	yíng	2	6791	in-ing
壅	yōng	2	6792	eng-ong,on-ong,un-ong
羲	xī	2	6793	
糗	qiǔ	2	6794	
瞥	piē	2	6795	
甑	zèng	2	6796	z-zh,en-eng,eng-ong
燎	liáo	2	6797	n-l,r-l
燎	liǎo	2	6798	n-l,r-l
燠	yù	2	6799	
燔	fán	2	6800	h-f,an-ang,an-ai
燧	suì	2	6801	s-sh
濑	lài	2	6802	n-l,r-l,an-ai
濉	suī	2	6803	s-sh
潞	lù	2	6804	n-l,r-l
澧	lǐ	2	6805	n-l,r-l
澹	dàn	2	6806	an-ang,an-ai
澹	tán	2	6807	an-ang,an-ai
澥	xiè	2	6808	
澶	chán	2	6809	c-ch,an-ang,an-ai
濂	lián	2	6810	n-l,r-l,ian-iang
褰	qiān	2	6811	ian-iang
寰	huán	2	6812	h-f,uan-uang
窸	xī	2	6813	
褶	zhě	2	6814	z-zh
禧	xǐ	2	6815	
嬖	bì	2	6816	
犟	jiàng	2	6817	ian-iang
隰	xí	2	6818	
嬗	shàn	2	6819	s-sh,an-ang,an-ai
颡	sǎng	2	6820	s-sh,an-ang
缱	qiǎn	2	6821	ian-iang
缲	qiāo	2	6822	
缳	huán	2	6823	h-f,uan-uang
璨	càn	2	6824	c-ch,an-ang,an-ai
璩	qú	2	6825	
璐	lù	2	6826	n-l,r-l
璪	zǎo	2	6827	z-zh
螫	shì	2	6828	s-sh
擤	xǐng	2	6829	in-ing
壕	háo	2	6830	h-f
觳	hú	2	6831	h-f
罄	qìng	2	6832	in-ing
擢	zhuó	2	6833	z-zh
薹	tái	2	6834	an-ai
鞡	la	2	6835	n-l,r-l
鞬	jiān	2	6836	ian-iang
薷	rú	2	6837	r-l
薰	xūn	2	6838	un-ong,un-iong
藓	xiǎn	2	6839	ian-iang
藁	gǎo	2	6840	g-k
檄	xí	2	6841	
檩	lǐn	2	6842	n-l,r-l,in-ing
懋	mào	2	6843	
醢	hǎi	2	6844	h-f,an-ai
翳	yì	2	6845	
礅	dūn	2	6846	un-ong,un-iong
磴	dèng	2	6847	en-eng,eng-ong
鹩	liáo	2	6848	n-l,r-l
龋	qǔ	2	6849	
龌	wò	2	6850	
豳	bīn	2	6851	in-ing
壑	hè	2	6852	h-f
黻	fú	2	6853	h-f
嚏	tì	2	6854	
嚅	rú	2	6855	r-l
蹑	niè	2	6856	n-l
蹒	pán	2	6857	an-ang,an-ai
蹊	qī	2	6858	
蹊	xī	2	6859	
蟥	huáng	2	6860	h-f,uan-uang
螬	cáo	2	6861	c-ch
螵	piāo	2	6862	
疃	tuǎn	2	6863	uan-uang
螳	táng	2	6864	an-ang
蟑	zhāng	2	6865	z-zh,an-ang
嚓	cā	2	6866	c-ch
嚓	chā	2	6867	c-ch
羁	jī	2	6868	
罽	jì	2	6869	
罾	zēng	2	6870	z-zh,en-eng,eng-ong
嶷	yí	2	6871	
黜	chù	2	6872	c-ch
黝	yǒu	2	6873	
髁	kē	2	6874	g-k
髀	bì	2	6875	
镡	chán	2	6876	c-ch,an-ang,an-ai
镡	tán	2	6877	an-ang,an-ai
镢	jué	2	6878	
镣	liào	2	6879	n-l,r-l
镦	dūn	2	6880	un-ong,un-iong
镧	lán	2	6881	n-l,r-l,an-ang,an-ai
镩	cuān	2	6882	c-ch,uan-uang
镪	qiāng	2	6883	ian-iang
镫	dèng	2	6884	en-eng,eng-ong
罅	xià	2	6885	
黏	nián	2	6886	n-l,ian-iang
簌	sù	2	6887	s-sh
篾	miè	2	6888	
篼	dōu	2	6889	
簖	duàn	2	6890	uan-uang
簋	guǐ	2	6891	g-k
鼢	fén	2	6892	h-f,en-eng
黛	dài	2	6893	an-ai
儡	lěi	2	6894	n-l,r-l
鹪	jiāo	2	6895	
鼾	hān	2	6896	h-f,an-ang,an-ai
皤	pó	2	6897	
魍	wǎng	2	6898	an-ang
龠	yuè	2	6899	
繇	yóu	2	6900	
貘	mò	2	6901	
邈	miǎo	2	6902	
貔	pí	2	6903	
臌	gǔ	2	6904	g-k
膻	dàn	2	6905	an-ang,an-ai
膻	shān	2	6906	s-sh,an-ang,an-ai
臆	yì	2	6907	
臃	yōng	2	6908	eng-ong,on-ong,un-ong
鲼	fèn	2	6909	h-f,en-eng
鲽	dié	2	6910	
鳀	tí	2	6911	
鳃	sāi	2	6912	s-sh,an-ai
鳅	qiū	2	6913	
鳇	huáng	2	6914	h-f,uan-uang
鳊	biān	2	6915	ian-iang
螽	zhōng	2	6916	z-zh,eng-ong,on-ong,un-ong
燮	xiè	2	6917	
鹫	jiù	2	6918	
襄	xiāng	2	6919	ian-iang
糜	méi	2	6920	
糜	mí	2	6921	
縻	mí	2	6922	
膺	yīng	2	6923	in-ing
癍	bān	2	6924	an-ang,an-ai
麋	mí	2	6925	
懑	mèn	2	6926	en-eng
濡	rú	2	6927	r-l
濮	pú	2	6928	
濞	bì	2	6929	
濠	háo	2	6930	h-f
濯	zhuó	2	6931	z-zh
蹇	jiǎn	2	6932	ian-iang
謇	jiǎn	2	6933	ian-iang
邃	suì	2	6934	s-sh
襁	qiǎng	2	6935	ian-iang
檗	bò	2	6936	
擘	bò	2	6937	
孺	rú	2	6938	r-l
隳	huī	2	6939	h-f
嬷	mó	2	6940	
蟊	máo	2	6941	
鹬	yù	2	6942	
鍪	móu	2	6943	
鏊	ào	2	6944	
鳌	áo	2	6945	
鬈	quán	2	6946	uan-uang
鬃	zōng	2	6947	z-zh,eng-ong,on-ong,un-ong
瞽	gǔ	2	6948	g-k
鞯	jiān	2	6949	ian-iang
鞨	hé	2	6950	h-f
鞫	jū	2	6951	
鞧	qiū	2	6952	
鞣	róu	2	6953	r-l
藜	lí	2	6954	n-l,r-l
藠	jiào	2	6955	
藩	fān	2	6956	h-f,an-ang,an-ai
醪	láo	2	6957	n-l,r-l
蹙	cù	2	6958	c-ch
礓	jiāng	2	6959	ian-iang
燹	xiǎn	2	6960	ian-iang
餮	tiè	2	6961	
瞿	qú	2	6962	
曛	xūn	2	6963	un-ong,un-iong
颢	hào	2	6964	h-f
曜	yào	2	6965	
躇	chú	2	6966	c-ch
蹚	tāng	2	6967	an-ang
鹭	lù	2	6968	n-l,r-l
蟛	péng	2	6969	en-eng,eng-ong
蟪	huì	2	6970	h-f
蟠	pán	2	6971	an-ang,an-ai
蟮	shàn	2	6972	s-sh,an-ang,an-ai
鹮	huán	2	6973	h-f,uan-uang
黠	xiá	2	6974	
黟	yī	2	6975	
髅	lóu	2	6976	n-l,r-l
髂	qià	2	6977	
镬	huò	2	6978	h-f
镭	léi	2	6979	n-l,r-l
镯	zhuó	2	6980	z-zh
馥	fù	2	6981	h-f
簟	diàn	2	6982	ian-iang
簪	zān	2	6983	z-zh,an-ang,an-ai
鼬	yòu	2	6984	
雠	chóu	2	6985	c-ch
艟	chōng	2	6986	c-ch,eng-ong,on-ong,un-ong
鳎	tǎ	2	6987	
鳏	guān	2	6988	g-k,uan-uang
鳐	yáo	2	6989	
癞	lài	2	6990	n-l,r-l,an-ai
癔	yì	2	6991	
癜	diàn	2	6992	ian-iang
癖	pǐ	2	6993	
糨	jiàng	2	6994	ian-iang
蹩	bié	2	6995	
鎏	liú	2	6996	n-l,r-l
懵	měng	2	6997	en-eng,eng-ong
彝	yí	2	6998	
邋	lā	2	6999	n-l,r-l
鬏	jiū	2	7000	
攉	huō	2	7001	h-f
攒	cuán	2	7002	c-ch,uan-uang
攒	zǎn	2	7003	z-zh,an-ang,an-ai
鞲	gōu	2	7004	g-k
鞴	bèi	2	7005	
藿	huò	2	7006	h-f
蘧	qú	2	7007	
蘅	héng	2	7008	h-f,en-eng,eng-ong
麓	lù	2	7009	n-l,r-l
醮	jiào	2	7010	
醯	xī	2	7011	
酃	líng	2	7012	n-l,r-l,in-ing
霪	yín	2	7013	in-ing
霭	ǎi	2	7014	an-ai
霨	wèi	2	7015	
黼	fǔ	2	7016	h-f
嚯	huò	2	7017	h-f
蹰	chú	2	7018	c-ch
蹶	jué	2	7019	
蹶	juě	2	7020	
蹽	liāo	2	7021	n-l,r-l
蹼	pǔ	2	7022	
蹴	cù	2	7023	c-ch
蹾	dūn	2	7024	un-ong,un-iong
蹿	cuān	2	7025	c-ch,uan-uang
蠖	huò	2	7026	h-f
蠓	měng	2	7027	en-eng,eng-ong
蟾	chán	2	7028	c-ch,an-ang,an-ai
蠊	lián	2	7029	n-l,r-l,ian-iang
黢	qū	2	7030	
髋	kuān	2	7031	g-k,uan-uang
髌	bìn	2	7032	in-ing
镲	chǎ	2	7033	c-ch
籀	zhòu	2	7034	z-zh
籁	lài	2	7035	n-l,r-l,an-ai
齁	hōu	2	7036	h-f
魑	chī	2	7037	c-ch
艨	méng	2	7038	en-eng,eng-ong
鳓	lè	2	7039	n-l,r-l
鳔	biào	2	7040	
鳕	xuě	2	7041	
鳗	mán	2	7042	an-ang,an-ai
鳙	yōng	2	7043	eng-ong,on-ong,un-ong
麒	qí	2	7044	
鏖	áo	2	7045	
羸	léi	2	7046	n-l,r-l
㸆	kào	2	7047	g-k
瀚	hàn	2	7048	h-f,an-ang,an-ai
瀣	xiè	2	7049	
瀛	yíng	2	7050	in-ing
襦	rú	2	7051	r-l
谶	chèn	2	7052	c-ch,en-eng
襞	bì	2	7053	
骥	jì	2	7054	
缵	zuǎn	2	7055	z-zh,uan-uang
瓒	zàn	2	7056	z-zh,an-ang,an-ai
攘	rǎng	2	7057	r-l,an-ang
蘩	fán	2	7058	h-f,an-ang,an-ai
蘖	niè	2	7059	n-l
醴	lǐ	2	7060	n-l,r-l
霰	xiàn	2	7061	ian-iang
酆	fēng	2	7062	h-f,en-eng,eng-ong
矍	jué	2	7063	
曦	xī	2	7064	
躅	zhú	2	7065	z-zh
鼍	tuó	2	7066	
巉	chán	2	7067	c-ch,an-ang,an-ai
黩	dú	2	7068	
黥	qíng	2	7069	in-ing
黪	cǎn	2	7070	c-ch,an-ang,an-ai
镳	biāo	2	7071	
镴	là	2	7072	n-l,r-l
黧	lí	2	7073	n-l,r-l
纂	zuǎn	2	7074	z-zh,uan-uang
璺	wèn	2	7075	en-eng
鼯	wú	2	7076	
臜	zā	2	7077	z-zh
鳜	guì	2	7078	g-k
鳝	shàn	2	7079	s-sh,an-ang,an-ai
鳟	zūn	2	7080	z-zh,un-ong,un-iong
獾	huān	2	7081	h-f,uan-uang
孀	shuāng	2	7082	s-sh,uan-uang
骧	xiāng	2	7083	ian-iang
瓘	guàn	2	7084	g-k,uan-uang
鼙	pí	2	7085	
醺	xūn	2	7086	un-ong,un-iong
礴	bó	2	7087	
颦	pín	2	7088	in-ing
曩	nǎng	2	7089	n-l,an-ang
鳢	lǐ	2	7090	n-l,r-l
癫	diān	2	7091	ian-iang
麝	shè	2	7092	s-sh
夔	kuí	2	7093	g-k
爝	jué	2	7094	
灏	hào	2	7095	h-f
禳	ráng	2	7096	r-l,an-ang
鐾	bèi	2	7097	
羼	chàn	2	7098	c-ch,an-ang,an-ai
蠡	lí	2	7099	n-l,r-l
蠡	lǐ	2	7100	n-l,r-l
耱	mò	2	7101	
懿	yì	2	7102	
蘸	zhàn	2	7103	z-zh,an-ang,an-ai
鹳	guàn	2	7104	g-k,uan-uang
霾	mái	2	7105	an-ai
氍	qú	2	7106	
饕	tāo	2	7107	
躐	liè	2	7108	n-l,r-l
髑	dú	2	7109	
镵	chán	2	7110	c-ch,an-ang,an-ai
穰	ráng	2	7111	r-l,an-ang
饔	yōng	2	7112	eng-ong,on-ong,un-ong
鬻	yù	2	7113	
鬟	huán	2	7114	h-f,uan-uang
趱	zǎn	2	7115	z-zh,an-ang,an-ai
攫	jué	2	7116	
攥	zuàn	2	7117	z-zh,uan-uang
颧	quán	2	7118	uan-uang
躜	zuān	2	7119	z-zh,uan-uang
鼹	yǎn	2	7120	an-ang,an-ai
癯	qú	2	7121	
麟	lín	2	7122	n-l,r-l,in-ing
蠲	juān	2	7123	uan-uang
蠹	dù	2	7124	
躞	xiè	2	7125	
衢	qú	2	7126	
鑫	xīn	2	7127	in-ing
灞	bà	2	7128	
襻	pàn	2	7129	an-ang,an-ai
纛	dào	2	7130	
鬣	liè	2	7131	n-l,r-l
攮	nǎng	2	7132	n-l,an-ang
囔	nāng	2	7133	n-l,an-ang
馕	náng	2	7134	n-l,an-ang
馕	nǎng	2	7135	n-l,an-ang
戆	gàng	2	7136	g-k,an-ang
戆	zhuàng	2	7137	z-zh,uan-uang
爨	cuàn	2	7138	c-ch,uan-uang
齉	nàng	2	7139	n-l,an-ang
亍	chù	2	7140	c-ch
尢	wāng	3	7141	an-ang
彳	chì	3	7142	c-ch
卬	áng	3	7143	an-ang
殳	shū	3	7144	s-sh
𠙶	ǒu	3	7145	
毌	guàn	3	7146	g-k,uan-uang
邘	yú	3	7147	
戋	jiān	3	7148	ian-iang
圢	tǐng	3	7149	in-ing
氕	piē	3	7150	
伋	jí	3	7151	
仝	tóng	3	7152	eng-ong,on-ong,un-ong
冮	gāng	3	7153	g-k,an-ang
氿	jiǔ	3	7154	
汈	diāo	3	7155	
氾	fán	3	7156	h-f,an-ang,an-ai
忉	dāo	3	7157	
宄	guǐ	3	7158	g-k
𬣙	xū	3	7159	
讱	rèn	3	7160	r-l,en-eng
扞	hàn	3	7161	h-f,an-ang,an-ai
圲	qiān	3	7162	ian-iang
圫	tuō	3	7163	
芏	dù	3	7164	
芃	péng	3	7165	en-eng,eng-ong
朳	bā	3	7166	
朸	lì	3	7167	n-l,r-l
𨙸	qí	3	7168	
邨	cūn	3	7169	c-ch,un-ong,un-iong
吒	zhā	3	7170	z-zh
吖	ā	3	7171	
屼	wù	3	7172	
屾	shēn	3	7173	s-sh,en-eng
辿	chān	3	7174	c-ch,an-ang,an-ai
钆	gá	3	7175	g-k
仳	pǐ	3	7176	
伣	qiàn	3	7177	ian-iang
伈	xǐn	3	7178	in-ing
癿	bié	3	7179	
甪	lù	3	7180	n-l,r-l
邠	bīn	3	7181	in-ing
犴	àn	3	7182	an-ang,an-ai
犴	hān	3	7183	h-f,an-ang,an-ai
冱	hù	3	7184	h-f
邡	fāng	3	7185	h-f,an-ang
闫	yán	3	7186	an-ang,an-ai
𬇕	wàn	3	7187	an-ang,an-ai
汋	zhuó	3	7188	z-zh
䜣	xīn	3	7189	in-ing
讻	xiōng	3	7190	un-iong
𬣞	zhǔ	3	7191	z-zh
孖	zī	3	7192	z-zh
𬘓	xún	3	7193	un-ong,un-iong
纩	kuàng	3	7194	g-k,uan-uang
玒	hóng	3	7195	h-f,eng-ong,on-ong,un-ong
玓	dì	3	7196	
玘	qǐ	3	7197	
玚	yáng	3	7198	an-ang
刬	chàn	3	7199	c-ch,an-ang,an-ai
𫭟	ōu	3	7200	
𫭟	qū	3	7201	
坜	lì	3	7202	n-l,r-l
坉	tún	3	7203	un-ong,un-iong
扽	dèn	3	7204	en-eng
𫭢	lǔn	3	7205	n-l,r-l,un-ong,un-iong
坋	fèn	3	7206	h-f,en-eng
扺	zhǐ	3	7207	z-zh
㧑	huī	3	7208	h-f
毐	ǎi	3	7209	an-ai
芰	jì	3	7210	
芣	fú	3	7211	h-f
苊	è	3	7212	
苉	pǐ	3	7213	
芘	bǐ	3	7214	
芴	wù	3	7215	
芠	wén	3	7216	en-eng
𫇭	wěi	3	7217	
芤	kōu	3	7218	g-k
杕	dì	3	7219	
杙	yì	3	7220	
杄	qiān	3	7221	ian-iang
杧	máng	3	7222	an-ang
杩	mà	3	7223	
尪	wāng	3	7224	an-ang
尨	máng	3	7225	an-ang
轪	dài	3	7226	an-ai
𫐄	yuè	3	7227	
坒	bì	3	7228	
芈	mǐ	3	7229	
旴	xū	3	7230	
旵	chǎn	3	7231	c-ch,an-ang,an-ai
呙	guō	3	7232	g-k
㕮	fǔ	3	7233	h-f
岍	qiān	3	7234	ian-iang
𫵷	lì	3	7235	n-l,r-l
岠	jù	3	7236	
岜	bā	3	7237	
呇	mèn	3	7238	en-eng
冏	jiǒng	3	7239	un-iong
觃	yàn	3	7240	an-ang,an-ai
岙	ào	3	7241	
伾	pī	3	7242	
㑇	zhòu	3	7243	z-zh
伭	xián	3	7244	ian-iang
佖	bì	3	7245	
伲	ní	3	7246	n-l
佁	yǐ	3	7247	
飏	yáng	3	7248	an-ang
狃	niǔ	3	7249	n-l
闶	kàng	3	7250	g-k,an-ang
汧	qiān	3	7251	ian-iang
汫	jǐng	3	7252	in-ing
𣲘	wǔ	3	7253	
𣲗	wéi	3	7254	
沄	yún	3	7255	un-ong,un-iong
沘	bǐ	3	7256	
𬇙	bèi	3	7257	
汭	ruì	3	7258	r-l
㳇	fù	3	7259	h-f
沇	yǎn	3	7260	an-ang,an-ai
忮	zhì	3	7261	z-zh
忳	tún	3	7262	un-ong,un-iong
忺	xiān	3	7263	ian-iang
𬣡	jiàn	3	7264	ian-iang
祃	mà	3	7265	
诇	xiòng	3	7266	un-iong
邲	bì	3	7267	
诎	qū	3	7268	
诐	bì	3	7269	
屃	xì	3	7270	
𫸩	kōu	3	7271	g-k
岊	jié	3	7272	
阽	diàn	3	7273	ian-iang
䢺	chū	3	7274	c-ch
阼	zuò	3	7275	z-zh
妧	yuán	3	7276	uan-uang
妘	yún	3	7277	un-ong,un-iong
𨚕	biàn	3	7278	ian-iang
纮	hóng	3	7279	h-f,eng-ong,on-ong,un-ong
驲	rì	3	7280	r-l
𫘜	wén	3	7281	en-eng
纻	zhù	3	7282	z-zh
𬘘	dǎn	3	7283	an-ang,an-ai
𫘝	jué	3	7284	
纼	zhèn	3	7285	z-zh,en-eng
玤	bàng	3	7286	an-ang
玞	fū	3	7287	h-f
玱	qiāng	3	7288	ian-iang
玟	wén	3	7289	en-eng
邽	guī	3	7290	g-k
邿	shī	3	7291	s-sh
坥	qū	3	7292	
坰	jiōng	3	7293	un-iong
坬	guà	3	7294	g-k
坬	wā	3	7295	
坽	líng	3	7296	n-l,r-l,in-ing
弆	jǔ	3	7297	
耵	dīng	3	7298	in-ing
䢼	gōng	3	7299	g-k,eng-ong,on-ong,un-ong
𦭜	zhī	3	7300	z-zh
茋	dǐ	3	7301	
苧	níng	3	7302	n-l,in-ing
苾	bì	3	7303	
苠	mín	3	7304	in-ing
枅	jī	3	7305	
㭎	gāng	3	7306	g-k,an-ang
枘	ruì	3	7307	r-l
枍	yì	3	7308	
矼	gāng	3	7309	g-k,an-ang
矻	kū	3	7310	g-k
匼	kē	3	7311	g-k
𬨂	qí	3	7312	
𬀩	wěi	3	7313	
𬀪	xiàn	3	7314	ian-iang
旿	wǔ	3	7315	
昇	shēng	3	7316	s-sh,en-eng,eng-ong
昄	bǎn	3	7317	an-ang,an-ai
昒	hū	3	7318	h-f
昈	hù	3	7319	h-f
咉	yāng	3	7320	an-ang
咇	bì	3	7321	
咍	hāi	3	7322	h-f,an-ai
岵	hù	3	7323	h-f
岽	dōng	3	7324	eng-ong,on-ong,un-ong
岨	jū	3	7325	
岨	qū	3	7326	
岞	zuò	3	7327	z-zh
峂	tóng	3	7328	eng-ong,on-ong,un-ong
㟃	sī	3	7329	s-sh
囷	qūn	3	7330	un-ong,un-iong
𬬩	yì	3	7331	
钐	shān	3	7332	s-sh,an-ang,an-ai
钐	shàn	3	7333	s-sh,an-ang,an-ai
钔	mén	3	7334	en-eng
钖	yáng	3	7335	an-ang
牥	fāng	3	7336	h-f,an-ang
佴	nài	3	7337	n-l,an-ai
垈	dài	3	7338	an-ai
侁	shēn	3	7339	s-sh,en-eng
侹	tǐng	3	7340	in-ing
佸	huó	3	7341	h-f
佺	quán	3	7342	uan-uang
隹	zhuī	3	7343	z-zh
㑊	yì	3	7344	
侂	tuō	3	7345	
佽	cì	3	7346	c-ch
侘	chà	3	7347	c-ch
郈	hòu	3	7348	h-f
舠	dāo	3	7349	
郐	kuài	3	7350	g-k
郃	hé	3	7351	h-f
攽	bān	3	7352	an-ang,an-ai
肭	nà	3	7353	n-l
肸	xī	3	7354	
肷	qiǎn	3	7355	ian-iang
狉	pī	3	7356	
狝	xiǎn	3	7357	ian-iang
饳	duò	3	7358	
忞	mín	3	7359	in-ing
於	yū	3	7360	
於	yú	3	7361	
炌	kài	3	7362	g-k,an-ai
炆	wén	3	7363	en-eng
泙	píng	3	7364	in-ing
沺	tián	3	7365	ian-iang
泂	jiǒng	3	7366	un-iong
泜	zhī	3	7367	z-zh
泃	jū	3	7368	
泇	jiā	3	7369	
怊	chāo	3	7370	c-ch
峃	xué	3	7371	
穸	xī	3	7372	
祋	duì	3	7373	
祊	bēng	3	7374	en-eng,eng-ong
𫍣	tóng	3	7375	eng-ong,on-ong,un-ong
𬣳	hěn	3	7376	h-f,en-eng
𬩽	xún	3	7377	un-ong,un-iong
鸤	shī	3	7378	s-sh
弢	tāo	3	7379	
弨	chāo	3	7380	c-ch
陑	ér	3	7381	
𬮿	gài	3	7382	g-k,an-ai
陎	shū	3	7383	s-sh
𬯀	jī	3	7384	
卺	jǐn	3	7385	in-ing
乸	nǎ	3	7386	n-l
妭	bá	3	7387	
姈	líng	3	7388	n-l,r-l,in-ing
𫰛	xíng	3	7389	in-ing
迳	jìng	3	7390	in-ing
叕	zhuó	3	7391	z-zh
𬳵	pī	3	7392	
驵	zǎng	3	7393	z-zh,an-ang
𬳶	jiōng	3	7394	un-iong
䌹	jiǒng	3	7395	un-iong
驺	zōu	3	7396	z-zh
𫠊	xuán	3	7397	uan-uang
绋	fú	3	7398	h-f
绐	dài	3	7399	an-ai
砉	huā	3	7400	h-f
耔	zǐ	3	7401	z-zh
㛃	jié	3	7402	
玶	píng	3	7403	in-ing
珇	zǔ	3	7404	z-zh
珅	shēn	3	7405	s-sh,en-eng
𬍛	lì	3	7406	n-l,r-l
珋	liǔ	3	7407	n-l,r-l
玹	xuán	3	7408	uan-uang
珌	bì	3	7409	
玿	sháo	3	7410	s-sh
韨	fú	3	7411	h-f
垚	yáo	3	7412	
垯	da	3	7413	
垙	guāng	3	7414	g-k,uan-uang
垲	kǎi	3	7415	g-k,an-ai
埏	shān	3	7416	s-sh,an-ang,an-ai
垍	jì	3	7417	
耇	gǒu	3	7418	g-k
鿍	gàng	3	7419	g-k,an-ang
垎	hè	3	7420	h-f
垴	nǎo	3	7421	n-l
垟	yáng	3	7422	an-ang
垞	chá	3	7423	c-ch
挓	zhā	3	7424	z-zh
垵	ān	3	7425	an-ang,an-ai
垏	lǜ	3	7426	n-l,r-l
拶	zā	3	7427	z-zh
拶	zǎn	3	7428	z-zh,an-ang,an-ai
荖	lǎo	3	7429	n-l,r-l
荁	huán	3	7430	h-f,uan-uang
荙	dá	3	7431	
荛	ráo	3	7432	r-l
茈	cí	3	7433	c-ch
茈	zǐ	3	7434	z-zh
茽	zhòng	3	7435	z-zh,eng-ong,on-ong,un-ong
荄	gāi	3	7436	g-k,an-ai
茺	chōng	3	7437	c-ch,eng-ong,on-ong,un-ong
𬜬	màn	3	7438	an-ang,an-ai
荓	píng	3	7439	in-ing
茳	jiāng	3	7440	ian-iang
𦰡	nà	3	7441	n-l
𦰡	nuó	3	7442	n-l
茛	gèn	3	7443	g-k,en-eng
荭	hóng	3	7444	h-f,eng-ong,on-ong,un-ong
㭕	qū	3	7445	
柷	zhù	3	7446	z-zh
柃	líng	3	7447	n-l,r-l,in-ing
柊	zhōng	3	7448	z-zh,eng-ong,on-ong,un-ong
枹	bāo	3	7449	
栐	yǒng	3	7450	eng-ong,on-ong,un-ong
柖	sháo	3	7451	s-sh
郚	wú	3	7452	
剅	lóu	3	7453	n-l,r-l
䴓	shī	3	7454	s-sh
迺	nǎi	3	7455	n-l,an-ai
厖	máng	3	7456	an-ang
砆	fū	3	7457	h-f
砑	yà	3	7458	
砄	jué	3	7459	
耏	ér	3	7460	
耏	nài	3	7461	n-l,an-ai
奓	zhā	3	7462	z-zh
䶮	yǎn	3	7463	an-ang,an-ai
轵	zhǐ	3	7464	z-zh
轷	hū	3	7465	h-f
轹	lì	3	7466	n-l,r-l
轺	yáo	3	7467	
昺	bǐng	3	7468	in-ing
𪾢	xiàn	3	7469	ian-iang
昽	lóng	3	7470	n-l,r-l,eng-ong,on-ong,un-ong
盷	tián	3	7471	ian-iang
咡	èr	3	7472	
咺	xuān	3	7473	uan-uang
昳	dié	3	7474	
昣	zhěn	3	7475	z-zh,en-eng
哒	dā	3	7476	
昤	líng	3	7477	n-l,r-l,in-ing
昫	xù	3	7478	
昡	xuàn	3	7479	uan-uang
咥	xì	3	7480	
昪	biàn	3	7481	ian-iang
虷	gān	3	7482	g-k,an-ang,an-ai
虷	hán	3	7483	h-f,an-ang,an-ai
虸	zǐ	3	7484	z-zh
哃	tóng	3	7485	eng-ong,on-ong,un-ong
峘	huán	3	7486	h-f,uan-uang
耑	duān	3	7487	uan-uang
峛	liè	3	7488	n-l,r-l
𪨰	qū	3	7489	
峗	wéi	3	7490	
峧	jiāo	3	7491	
帡	píng	3	7492	in-ing
钘	xíng	3	7493	in-ing
𫓧	fū	3	7494	h-f
钜	jù	3	7495	
𬬮	chǎng	3	7496	c-ch,an-ang
𬬱	jīn	3	7497	in-ing
𬬭	lún	3	7498	n-l,r-l,un-ong,un-iong
钪	kàng	3	7499	g-k,an-ang
钬	huǒ	3	7500	h-f
钭	dǒu	3	7501	
矧	shěn	3	7502	s-sh,en-eng
秬	jù	3	7503	
俫	lái	3	7504	n-l,r-l,an-ai
舁	yú	3	7505	
俜	pīng	3	7506	in-ing
俙	xī	3	7507	
俍	liáng	3	7508	n-l,r-l,ian-iang
垕	hòu	3	7509	h-f
衎	kàn	3	7510	g-k,an-ang,an-ai
舣	yǐ	3	7511	
弇	yǎn	3	7512	an-ang,an-ai
侴	chǒu	3	7513	c-ch
鸧	cāng	3	7514	c-ch,an-ang
䏡	shì	3	7515	s-sh
胠	qū	3	7516	
𦙶	gǔ	3	7517	g-k
胈	bá	3	7518	
胩	kǎ	3	7519	g-k
胣	chǐ	3	7520	c-ch
朏	fěi	3	7521	h-f
飐	zhǎn	3	7522	z-zh,an-ang,an-ai
訄	qiú	3	7523	
饻	xī	3	7524	
庤	zhì	3	7525	z-zh
疢	chèn	3	7526	c-ch,en-eng
炣	kě	3	7527	g-k
炟	dá	3	7528	
㶲	yòng	3	7529	eng-ong,on-ong,un-ong
洭	kuāng	3	7530	g-k,uan-uang
洘	kǎo	3	7531	g-k
洓	qì	3	7532	
洿	wū	3	7533	
㳚	xù	3	7534	
泚	cǐ	3	7535	c-ch
浈	zhēn	3	7536	z-zh,en-eng
浉	shī	3	7537	s-sh
洸	guāng	3	7538	g-k,uan-uang
洑	fú	3	7539	h-f
洢	yī	3	7540	
洈	wéi	3	7541	
洚	jiàng	3	7542	ian-iang
洺	míng	3	7543	in-ing
洨	xiáo	3	7544	
浐	chǎn	3	7545	c-ch,an-ang,an-ai
㳘	chōng	3	7546	c-ch,eng-ong,on-ong,un-ong
洴	píng	3	7547	in-ing
洣	mǐ	3	7548	
恔	jiǎo	3	7549	
宬	chéng	3	7550	c-ch,en-eng,eng-ong
窀	zhūn	3	7551	z-zh,un-ong,un-iong
扂	diàn	3	7552	ian-iang
袆	huī	3	7553	h-f
祏	shí	3	7554	s-sh
祐	yòu	3	7555	
祕	mì	3	7556	
叚	xiá	3	7557	
陧	niè	3	7558	n-l
陞	shēng	3	7559	s-sh,en-eng,eng-ong
娀	sōng	3	7560	s-sh,eng-ong,on-ong,un-ong
姞	jí	3	7561	
姱	kuā	3	7562	g-k
姤	gòu	3	7563	g-k
姶	è	3	7564	
姽	guǐ	3	7565	g-k
枲	xǐ	3	7566	
绖	dié	3	7567	
骃	yīn	3	7568	in-ing
𬘡	yīn	3	7569	in-ing
𬳽	shēn	3	7570	s-sh,en-eng
𬘩	tīng	3	7571	in-ing
𫄧	yán	3	7572	an-ang,an-ai
彖	tuàn	3	7573	uan-uang
骉	biāo	3	7574	
恝	jiá	3	7575	
珪	guī	3	7576	g-k
珛	xiù	3	7577	
珹	chéng	3	7578	c-ch,en-eng,eng-ong
琊	yá	3	7579	
玼	cǐ	3	7580	c-ch
珖	guāng	3	7581	g-k,uan-uang
𪟝	jì	3	7582	
珽	tǐng	3	7583	in-ing
珦	xiàng	3	7584	ian-iang
珫	chōng	3	7585	c-ch,eng-ong,on-ong,un-ong
珒	jīn	3	7586	in-ing
𬍤	xún	3	7587	un-ong,un-iong
珢	yín	3	7588	in-ing
珕	lì	3	7589	n-l,r-l
珝	xǔ	3	7590	
𫭼	láo	3	7591	n-l,r-l
埗	bù	3	7592	
垾	hàn	3	7593	h-f,an-ang,an-ai
垺	fú	3	7594	h-f
埆	què	3	7595	
垿	xù	3	7596	
埌	làng	3	7597	n-l,r-l,an-ang
埇	yǒng	3	7598	eng-ong,on-ong,un-ong
莰	kǎn	3	7599	g-k,an-ang,an-ai
茝	chǎi	3	7600	c-ch,an-ai
𬜯	liǎng	3	7601	n-l,r-l,ian-iang
鄀	ruò	3	7602	r-l
莶	xiān	3	7603	ian-iang
莝	cuò	3	7604	c-ch
䓖	qióng	3	7605	un-iong
莙	jūn	3	7606	un-ong,un-iong
栻	shì	3	7607	s-sh
桠	yā	3	7608	
𬂩	jiā	3	7609	
桄	guāng	3	7610	g-k,uan-uang
桄	guàng	3	7611	g-k,uan-uang
梠	lǚ	3	7612	n-l,r-l
栴	zhān	3	7613	z-zh,an-ang,an-ai
梴	chān	3	7614	c-ch,an-ang,an-ai
栒	xún	3	7615	un-ong,un-iong
酎	zhòu	3	7616	z-zh
酏	yǐ	3	7617	
𫠆	kuǐ	3	7618	g-k
砵	bō	3	7619	
砠	jū	3	7620	
砫	zhù	3	7621	z-zh
砬	lá	3	7622	n-l,r-l
硁	kēng	3	7623	g-k,en-eng,eng-ong
恧	nǜ	3	7624	n-l
翃	hóng	3	7625	h-f,eng-ong,on-ong,un-ong
郪	qī	3	7626	
𨐈	guāng	3	7627	g-k,uan-uang
辀	zhōu	3	7628	z-zh
辁	quán	3	7629	uan-uang
𬌗	hé	3	7630	h-f
剕	fèi	3	7631	h-f
赀	zī	3	7632	z-zh
哢	lòng	3	7633	n-l,r-l,eng-ong,on-ong,un-ong
晅	xuǎn	3	7634	uan-uang
晊	zhì	3	7635	z-zh
唝	hǒng	3	7636	h-f,eng-ong,on-ong,un-ong
哳	zhā	3	7637	z-zh
哱	bō	3	7638	
冔	xǔ	3	7639	
晔	yè	3	7640	
晐	gāi	3	7641	g-k,an-ai
晖	huī	3	7642	h-f
畖	wā	3	7643	
蚄	fāng	3	7644	h-f,an-ang
蚆	bā	3	7645	
𫑡	méng	3	7646	en-eng,eng-ong
帱	chóu	3	7647	c-ch
帱	dào	3	7648	
崁	kàn	3	7649	g-k,an-ang,an-ai
峿	wú	3	7650	
𪨶	shē	3	7651	s-sh
崄	xiǎn	3	7652	ian-iang
帨	shuì	3	7653	s-sh
崀	làng	3	7654	n-l,r-l,an-ang
赆	jìn	3	7655	in-ing
𬬸	shù	3	7656	s-sh
钷	pǒ	3	7657	
𬬻	lú	3	7658	n-l,r-l
𬬹	shén	3	7659	s-sh,en-eng
𬬿	zhāo	3	7660	z-zh
𬭁	mǔ	3	7661	
眚	shěng	3	7662	s-sh,en-eng,eng-ong
甡	shēn	3	7663	s-sh,en-eng
笫	zǐ	3	7664	z-zh
倻	yē	3	7665	
倴	bèn	3	7666	en-eng
脩	xiū	3	7667	
倮	luǒ	3	7668	n-l,r-l
倕	chuí	3	7669	c-ch
倞	jìng	3	7670	in-ing
𫢸	dàn	3	7671	an-ang,an-ai
倓	tán	3	7672	an-ang,an-ai
倧	zōng	3	7673	z-zh,eng-ong,on-ong,un-ong
衃	pēi	3	7674	
虒	sī	3	7675	s-sh
舭	bǐ	3	7676	
舯	zhōng	3	7677	z-zh,eng-ong,on-ong,un-ong
舥	pā	3	7678	
瓞	dié	3	7679	
鬯	chàng	3	7680	c-ch,an-ang
鸰	líng	3	7681	n-l,r-l,in-ing
脎	sà	3	7682	s-sh
朓	tiǎo	3	7683	
胲	hǎi	3	7684	h-f,an-ai
虓	xiāo	3	7685	
鱽	dāo	3	7686	
狴	bì	3	7687	
峱	náo	3	7688	n-l
狻	suān	3	7689	s-sh,uan-uang
眢	yuān	3	7690	uan-uang
𫗧	sù	3	7691	s-sh
勍	qíng	3	7692	in-ing
痄	zhà	3	7693	z-zh
疰	zhù	3	7694	z-zh
痃	xuán	3	7695	uan-uang
竘	qǔ	3	7696	
羖	gǔ	3	7697	g-k
羓	bā	3	7698	
桊	juàn	3	7699	uan-uang
敉	mǐ	3	7700	
烠	huí	3	7701	h-f
烔	tóng	3	7702	eng-ong,on-ong,un-ong
烶	tǐng	3	7703	in-ing
烻	shān	3	7704	s-sh,an-ang,an-ai
𬊈	xún	3	7705	un-ong,un-iong
涍	xiào	3	7706	
浡	bó	3	7707	
浭	gēng	3	7708	g-k,en-eng,eng-ong
浬	lǐ	3	7709	n-l,r-l
涄	pīng	3	7710	in-ing
涢	yún	3	7711	un-ong,un-iong
涐	é	3	7712	
浰	lì	3	7713	n-l,r-l
浰	liàn	3	7714	n-l,r-l,ian-iang
浟	yóu	3	7715	
浛	hán	3	7716	h-f,an-ang,an-ai
浼	měi	3	7717	
浲	féng	3	7718	h-f,en-eng,eng-ong
涘	sì	3	7719	s-sh
悈	jiè	3	7720	
悃	kǔn	3	7721	g-k,un-ong,un-iong
悢	liàng	3	7722	n-l,r-l,ian-iang
𬒈	què	3	7723	
宧	yí	3	7724	
窅	yǎo	3	7725	
窊	wā	3	7726	
窎	diào	3	7727	
扅	yí	3	7728	
扆	yǐ	3	7729	
袪	qū	3	7730	
袗	zhěn	3	7731	z-zh,en-eng
袯	bó	3	7732	
祧	tiāo	3	7733	
隺	hè	3	7734	h-f
堲	jí	3	7735	
疍	dàn	3	7736	an-ang,an-ai
𨺙	nì	3	7737	n-l
陴	pí	3	7738	
烝	zhēng	3	7739	z-zh,en-eng,eng-ong
砮	nǔ	3	7740	n-l
㛚	tǒng	3	7741	eng-ong,on-ong,un-ong
哿	gě	3	7742	g-k
翀	chōng	3	7743	c-ch,eng-ong,on-ong,un-ong
翂	fēn	3	7744	h-f,en-eng
剟	duō	3	7745	
𬳿	tú	3	7746	
𫄨	chī	3	7747	c-ch
绤	xì	3	7748	
骍	xīng	3	7749	in-ing
𬘫	huán	3	7750	h-f,uan-uang
䂮	lüè	3	7751	n-l,r-l
琎	jìn	3	7752	in-ing
珸	wú	3	7753	
珵	chéng	3	7754	c-ch,en-eng,eng-ong
琄	xuàn	3	7755	uan-uang
琈	fú	3	7756	h-f
琀	hán	3	7757	h-f,an-ang,an-ai
珺	jùn	3	7758	un-ong,un-iong
掭	tiàn	3	7759	ian-iang
堎	lèng	3	7760	n-l,r-l,en-eng,eng-ong
堐	yá	3	7761	
埼	qí	3	7762	
掎	jǐ	3	7763	
埫	tǎng	3	7764	an-ang
堌	gù	3	7765	g-k
晢	zhé	3	7766	z-zh
𫮃	shàn	3	7767	s-sh,an-ang,an-ai
掞	yàn	3	7768	an-ang,an-ai
埪	kōng	3	7769	g-k,eng-ong,on-ong,un-ong
壸	kǔn	3	7770	g-k,un-ong,un-iong
㙍	duō	3	7771	
聍	níng	3	7772	n-l,in-ing
菝	bá	3	7773	
萚	tuò	3	7774	
菥	xī	3	7775	
莿	cì	3	7776	c-ch
䓫	qí	3	7777	
勚	yì	3	7778	
䓬	zhuó	3	7779	z-zh
萆	bì	3	7780	
菂	dì	3	7781	
菍	niè	3	7782	n-l
菼	tǎn	3	7783	an-ang,an-ai
萣	dìng	3	7784	in-ing
䓨	yīng	3	7785	in-ing
菉	lù	3	7786	n-l,r-l
䓛	qū	3	7787	
梼	táo	3	7788	
梽	zhì	3	7789	z-zh
桲	bó	3	7790	
桲	po	3	7791	
梾	lái	3	7792	n-l,r-l,an-ai
桯	tīng	3	7793	in-ing
梣	chén	3	7794	c-ch,en-eng
梣	qín	3	7795	in-ing
梌	tú	3	7796	
桹	láng	3	7797	n-l,r-l,an-ang
敔	yǔ	3	7798	
厣	yǎn	3	7799	an-ang,an-ai
硔	gǒng	3	7800	g-k,eng-ong,on-ong,un-ong
鿎	dá	3	7801	
鿎	tǎ	3	7802	
硙	wèi	3	7803	
硚	qiáo	3	7804	
硊	huì	3	7805	h-f
硍	yín	3	7806	in-ing
勔	miǎn	3	7807	ian-iang
䴕	liè	3	7808	n-l,r-l
龁	hé	3	7809	h-f
逴	chuō	3	7810	c-ch
唪	fěng	3	7811	h-f,en-eng,eng-ong
啫	zhě	3	7812	z-zh
翈	xiá	3	7813	
㫰	làng	3	7814	n-l,r-l,an-ang
晙	jùn	3	7815	un-ong,un-iong
畤	zhì	3	7816	z-zh
𬱖	dí	3	7817	
趼	jiǎn	3	7818	ian-iang
跂	qí	3	7819	
蛃	bǐng	3	7820	in-ing
蚲	píng	3	7821	in-ing
𬟽	dōng	3	7822	eng-ong,on-ong,un-ong
蚺	rán	3	7823	r-l,an-ang,an-ai
啴	chǎn	3	7824	c-ch,an-ang,an-ai
䎃	rǎn	3	7825	r-l,an-ang,an-ai
崧	sōng	3	7826	s-sh,eng-ong,on-ong,un-ong
崟	yín	3	7827	in-ing
崞	guō	3	7828	g-k
崒	zú	3	7829	z-zh
崌	jū	3	7830	
崡	hán	3	7831	h-f,an-ang,an-ai
铏	xíng	3	7832	in-ing
𫓯	jī	3	7833	
𫟹	hóng	3	7834	h-f,eng-ong,on-ong,un-ong
铕	yǒu	3	7835	
𫟼	dá	3	7836	
铖	chéng	3	7837	c-ch,en-eng,eng-ong
铘	yé	3	7838	
铚	zhì	3	7839	z-zh
铞	diào	3	7840	
铥	diū	3	7841	
铴	tāng	3	7842	an-ang
牻	máng	3	7843	an-ang
牿	gù	3	7844	g-k
稆	lǚ	3	7845	n-l,r-l
笱	gǒu	3	7846	g-k
笯	nú	3	7847	n-l
偰	xiè	3	7848	
偡	zhàn	3	7849	z-zh,an-ang,an-ai
鸺	xiū	3	7850	
偭	miǎn	3	7851	ian-iang
偲	cāi	3	7852	c-ch,an-ai
偁	chēng	3	7853	c-ch,en-eng,eng-ong
㿠	huàng	3	7854	h-f,uan-uang
鄅	yǔ	3	7855	
偓	wò	3	7856	
徛	jì	3	7857	
衒	xuàn	3	7858	uan-uang
舳	zhú	3	7859	z-zh
舲	líng	3	7860	n-l,r-l,in-ing
鸼	zhōu	3	7861	z-zh
悆	yù	3	7862	
鄃	shū	3	7863	s-sh
瓻	chī	3	7864	c-ch
䝙	chū	3	7865	c-ch
脶	luó	3	7866	n-l,r-l
脞	cuǒ	3	7867	c-ch
脟	liè	3	7868	n-l,r-l
䏲	tī	3	7869	
鱾	jǐ	3	7870	
猇	xiāo	3	7871	
猊	ní	3	7872	n-l
猄	jīng	3	7873	in-ing
觖	jué	3	7874	
𠅤	xí	3	7875	
庱	chěng	3	7876	c-ch,en-eng,eng-ong
庼	qǐng	3	7877	in-ing
庳	bì	3	7878	
痓	chì	3	7879	c-ch
䴔	jiāo	3	7880	
竫	jìng	3	7881	in-ing
堃	kūn	3	7882	g-k,un-ong,un-iong
阌	wén	3	7883	en-eng
羝	dī	3	7884	
羕	yàng	3	7885	an-ang
焆	juān	3	7886	uan-uang
烺	lǎng	3	7887	n-l,r-l,an-ang
焌	jùn	3	7888	un-ong,un-iong
焌	qū	3	7889	
淏	hào	3	7890	h-f
𬇹	guó	3	7891	g-k
淟	tiǎn	3	7892	ian-iang
淜	péng	3	7893	en-eng,eng-ong
淴	hū	3	7894	h-f
淯	yù	3	7895	
湴	bàn	3	7896	an-ang,an-ai
涴	yuān	3	7897	uan-uang
𬍡	dàng	3	7898	an-ang
㥄	líng	3	7899	n-l,r-l,in-ing
惛	hūn	3	7900	h-f,un-ong,un-iong
惔	tán	3	7901	an-ang,an-ai
悰	cóng	3	7902	c-ch,eng-ong,on-ong,un-ong
惙	chuò	3	7903	c-ch
寁	zǎn	3	7904	z-zh,an-ang,an-ai
逭	huàn	3	7905	h-f,uan-uang
𬤇	yīn	3	7906	in-ing
𫍯	xián	3	7907	ian-iang
袼	gē	3	7908	g-k
裈	kūn	3	7909	g-k,un-ong,un-iong
祲	jìn	3	7910	in-ing
𬤊	shì	3	7911	s-sh
𫍲	xiǎo	3	7912	
谞	xū	3	7913	
艴	bó	3	7914	
弸	péng	3	7915	en-eng,eng-ong
弶	jiàng	3	7916	ian-iang
𬯎	tuí	3	7917	
隃	shù	3	7918	s-sh
婞	xìng	3	7919	in-ing
娵	jū	3	7920	
婼	ruò	3	7921	r-l
媖	yīng	3	7922	in-ing
婳	huà	3	7923	h-f
婍	qǐ	3	7924	
婌	shú	3	7925	s-sh
婫	kūn	3	7926	g-k,un-ong,un-iong
婤	zhōu	3	7927	z-zh
婘	quán	3	7928	uan-uang
婠	wān	3	7929	an-ang,an-ai
𬘬	qiàn	3	7930	ian-iang
𬘭	chēn	3	7931	c-ch,en-eng
𬴂	fēi	3	7932	h-f
𫘦	táo	3	7933	
绹	táo	3	7934	
𫟅	liáng	3	7935	n-l,r-l,ian-iang
𬘯	zhǔn	3	7936	z-zh,un-ong,un-iong
骕	sù	3	7937	s-sh
𫘧	lù	3	7938	n-l,r-l
絜	jié	3	7939	
絜	xié	3	7940	
珷	wǔ	3	7941	
琲	bèi	3	7942	
琡	chù	3	7943	c-ch
琟	wéi	3	7944	
琔	diàn	3	7945	ian-iang
琭	lù	3	7946	n-l,r-l
堾	chūn	3	7947	c-ch,un-ong,un-iong
堼	hèng	3	7948	h-f,en-eng,eng-ong
揕	zhèn	3	7949	z-zh,en-eng
㙘	yāo	3	7950	
堧	ruán	3	7951	r-l,uan-uang
喆	zhé	3	7952	z-zh
堨	è	3	7953	
塅	duàn	3	7954	uan-uang
堠	hòu	3	7955	h-f
絷	zhí	3	7956	z-zh
𪣻	lóu	3	7957	n-l,r-l
𡎚	piǎn	3	7958	ian-iang
葜	qiā	3	7959	
惎	jì	3	7960	
萳	nán	3	7961	n-l,an-ang,an-ai
葙	xiāng	3	7962	ian-iang
靬	qián	3	7963	ian-iang
葴	zhēn	3	7964	z-zh,en-eng
蒇	chǎn	3	7965	c-ch,an-ang,an-ai
蒈	kǎi	3	7966	g-k,an-ai
鄚	mào	3	7967	
蒉	kuì	3	7968	g-k
蓇	gū	3	7969	g-k
萩	qiū	3	7970	
蒐	sōu	3	7971	s-sh
葰	jùn	3	7972	un-ong,un-iong
葰	suǒ	3	7973	s-sh
葎	lǜ	3	7974	n-l,r-l
鄑	zī	3	7975	z-zh
蒎	pài	3	7976	an-ai
葖	tū	3	7977	
蒄	guān	3	7978	g-k,uan-uang
萹	biān	3	7979	ian-iang
棤	cuò	3	7980	c-ch
棽	chēn	3	7981	c-ch,en-eng
棽	shēn	3	7982	s-sh,en-eng
棫	yù	3	7983	
椓	zhuó	3	7984	z-zh
椑	bēi	3	7985	
𬃊	zhì	3	7986	z-zh
鹀	wú	3	7987	
椆	chóu	3	7988	c-ch
棓	bèi	3	7989	
棬	quān	3	7990	uan-uang
棪	yǎn	3	7991	an-ang,an-ai
椀	wǎn	3	7992	an-ang,an-ai
楗	jiàn	3	7993	ian-iang
𬷕	bǔ	3	7994	
甦	sū	3	7995	s-sh
酦	pō	3	7996	
觌	dí	3	7997	
奡	ào	3	7998	
皕	bì	3	7999	
硪	wò	3	8000	
欹	qī	3	8001	
詟	zhé	3	8002	z-zh
𫐐	ní	3	8003	n-l
辌	liáng	3	8004	n-l,r-l,ian-iang
棐	fěi	3	8005	h-f
龂	yín	3	8006	in-ing
𬹼	xiè	3	8007	
黹	zhǐ	3	8008	z-zh
牚	chèng	3	8009	c-ch,en-eng,eng-ong
睎	xī	3	8010	
晫	zhuó	3	8011	z-zh
晪	tiǎn	3	8012	ian-iang
晱	shǎn	3	8013	s-sh,an-ang,an-ai
𧿹	mǔ	3	8014	
蛑	móu	3	8015	
畯	jùn	3	8016	un-ong,un-iong
斝	jiǎ	3	8017	
喤	huáng	3	8018	h-f,uan-uang
崶	fēng	3	8019	h-f,en-eng,eng-ong
嵁	kān	3	8020	g-k,an-ang,an-ai
𫶇	dié	3	8021	
崾	yào	3	8022	
嵅	hán	3	8023	h-f,an-ang,an-ai
崿	è	3	8024	
嵚	qīn	3	8025	in-ing
翙	huì	3	8026	h-f
𫖮	yǐ	3	8027	
圌	chuí	3	8028	c-ch
圐	kū	3	8029	g-k
赑	bì	3	8030	
淼	miǎo	3	8031	
赒	zhōu	3	8032	z-zh
鿏	mài	3	8033	an-ai
铹	láo	3	8034	n-l,r-l
𬭊	dù	3	8035	
铽	tè	3	8036	
𨱇	qiú	3	8037	
𫓶	xuān	3	8038	uan-uang
锊	lüè	3	8039	n-l,r-l
锍	liǔ	3	8040	n-l,r-l
锎	kāi	3	8041	g-k,an-ai
𬭎	hóng	3	8042	h-f,eng-ong,on-ong,un-ong
锓	qǐn	3	8043	in-ing
犇	bēn	3	8044	en-eng
颋	tǐng	3	8045	in-ing
稌	tú	3	8046	
筀	guì	3	8047	g-k
筘	kòu	3	8048	g-k
筜	dāng	3	8049	an-ang
筥	jǔ	3	8050	
筅	xiǎn	3	8051	ian-iang
傃	sù	3	8052	s-sh
傉	nù	3	8053	n-l
翛	xiāo	3	8054	
傒	xī	3	8055	
傕	jué	3	8056	
舾	xī	3	8057	
畬	yú	3	8058	
𫖯	fǔ	3	8059	h-f
脿	biǎo	3	8060	
腘	guó	3	8061	g-k
䐃	jùn	3	8062	un-ong,un-iong
腙	zōng	3	8063	z-zh,eng-ong,on-ong,un-ong
腒	jū	3	8064	
𬱟	wěi	3	8065	
鲃	bā	3	8066	
猰	yà	3	8067	
𫛭	kuáng	3	8068	g-k,uan-uang
猯	tuān	3	8069	uan-uang
㺄	yǔ	3	8070	
馉	gǔ	3	8071	g-k
凓	lì	3	8072	n-l,r-l
鄗	hào	3	8073	h-f
𫷷	xīn	3	8074	in-ing
廋	sōu	3	8075	s-sh
廆	wěi	3	8076	
鄌	táng	3	8077	an-ang
粢	zī	3	8078	z-zh
遆	tí	3	8079	
旐	zhào	3	8080	z-zh
𬮱	yīn	3	8081	in-ing
焞	tūn	3	8082	un-ong,un-iong
𬊤	chǎn	3	8083	c-ch,an-ang,an-ai
欻	xū	3	8084	
𣸣	fén	3	8085	h-f,en-eng
溚	dá	3	8086	
溁	yíng	3	8087	in-ing
湝	jiē	3	8088	
渰	yǎn	3	8089	an-ang,an-ai
湓	pén	3	8090	en-eng
㴔	jí	3	8091	
渟	tíng	3	8092	in-ing
溠	zhà	3	8093	z-zh
渼	měi	3	8094	
溇	lóu	3	8095	n-l,r-l
湣	mǐn	3	8096	in-ing
湑	xù	3	8097	
溞	sāo	3	8098	s-sh
愐	miǎn	3	8099	ian-iang
愃	xuān	3	8100	uan-uang
敩	xiào	3	8101	
甯	nìng	3	8102	n-l,in-ing
棨	qǐ	3	8103	
扊	yǎn	3	8104	an-ang,an-ai
裣	liǎn	3	8105	n-l,r-l,ian-iang
祼	guàn	3	8106	g-k,uan-uang
婻	nàn	3	8107	n-l,an-ang,an-ai
媆	ruǎn	3	8108	r-l,uan-uang
媞	shì	3	8109	s-sh
㛹	pián	3	8110	ian-iang
媓	huáng	3	8111	h-f,uan-uang
媂	dì	3	8112	
媄	měi	3	8113	
毵	sān	3	8114	s-sh,an-ang,an-ai
矞	yù	3	8115	
𬴃	huō	3	8116	h-f
𫘨	tí	3	8117	
缊	yùn	3	8118	un-ong,un-iong
缐	xiàn	3	8119	ian-iang
骙	kuí	3	8120	g-k
瑃	chūn	3	8121	c-ch,un-ong,un-iong
瑓	liàn	3	8122	n-l,r-l,ian-iang
瑅	tí	3	8123	
瑆	xīng	3	8124	in-ing
䴖	jīng	3	8125	in-ing
瑖	duàn	3	8126	uan-uang
瑝	huáng	3	8127	h-f,uan-uang
瑔	quán	3	8128	uan-uang
瑀	yǔ	3	8129	
𤧛	dì	3	8130	
瑳	cuō	3	8131	c-ch
瑂	méi	3	8132	
嶅	áo	3	8133	
瑑	zhuàn	3	8134	z-zh,uan-uang
遘	gòu	3	8135	g-k
髢	dí	3	8136	
塥	gé	3	8137	g-k
堽	gāng	3	8138	g-k,an-ang
赪	chēng	3	8139	c-ch,en-eng,eng-ong
摛	chī	3	8140	c-ch
塝	bàng	3	8141	an-ang
搒	bàng	3	8142	an-ang
搒	péng	3	8143	en-eng,eng-ong
搌	zhǎn	3	8144	z-zh,an-ang,an-ai
蒱	pú	3	8145	
蒨	qiàn	3	8146	ian-iang
蓏	luǒ	3	8147	n-l,r-l
蔀	bù	3	8148	
蓢	lǎng	3	8149	n-l,r-l,an-ang
蓂	mì	3	8150	
蒻	ruò	3	8151	r-l
蓣	yù	3	8152	
椹	shèn	3	8153	s-sh,en-eng
楪	dié	3	8154	
榃	tán	3	8155	an-ang,an-ai
榅	wēn	3	8156	en-eng
楒	sī	3	8157	s-sh
楞	léng	3	8158	n-l,r-l,en-eng,eng-ong
楩	pián	3	8159	ian-iang
榇	chèn	3	8160	c-ch,en-eng
椸	yí	3	8161	
楙	mào	3	8162	
歅	yīn	3	8163	in-ing
𬪩	nóng	3	8164	n-l,eng-ong,on-ong,un-ong
碃	qìng	3	8165	in-ing
碏	què	3	8166	
𬒔	gěng	3	8167	g-k,en-eng,eng-ong
碈	hūn	3	8168	h-f,un-ong,un-iong
䃅	dī	3	8169	
硿	kòng	3	8170	g-k,eng-ong,on-ong,un-ong
鄠	hù	3	8171	h-f
辒	wēn	3	8172	en-eng
𬨎	yóu	3	8173	
𫐓	róu	3	8174	r-l
龆	tiáo	3	8175	
觜	zī	3	8176	z-zh
䣘	táng	3	8177	an-ang
暕	jiǎn	3	8178	ian-iang
鹍	kūn	3	8179	g-k,un-ong,un-iong
𫫇	è	3	8180	
㬊	huǎn	3	8181	h-f,uan-uang
暅	gèng	3	8182	g-k,en-eng,eng-ong
跱	zhì	3	8183	z-zh
蜐	jié	3	8184	
蜎	yuān	3	8185	uan-uang
嵲	niè	3	8186	n-l
赗	fèng	3	8187	h-f,en-eng,eng-ong
骱	jiè	3	8188	
锖	qiāng	3	8189	ian-iang
𫓹	jī	3	8190	
锘	nuò	3	8191	n-l
锳	yīng	3	8192	in-ing
锧	zhì	3	8193	z-zh
锪	huō	3	8194	h-f
𬭚	chún	3	8195	c-ch,un-ong,un-iong
锫	péi	3	8196	
锬	tán	3	8197	an-ang,an-ai
𬭛	bō	3	8198	
稑	lù	3	8199	n-l,r-l
稙	zhī	3	8200	z-zh
䅟	cǎn	3	8201	c-ch,an-ang,an-ai
𬕂	lǒng	3	8202	n-l,r-l,eng-ong,on-ong,un-ong
筻	gàng	3	8203	g-k,an-ang
筼	yún	3	8204	un-ong,un-iong
筶	gào	3	8205	g-k
筦	guǎn	3	8206	g-k,uan-uang
筤	láng	3	8207	n-l,r-l,an-ang
傺	chì	3	8208	c-ch
鹎	bēi	3	8209	
僇	lù	3	8210	n-l,r-l
艅	yú	3	8211	
艉	wěi	3	8212	
谼	hóng	3	8213	h-f,eng-ong,on-ong,un-ong
貆	huán	3	8214	h-f,uan-uang
腽	wà	3	8215	
腨	shuàn	3	8216	s-sh,uan-uang
腯	tú	3	8217	
鲉	yóu	3	8218	
鲊	zhǎ	3	8219	z-zh
鲌	bó	3	8220	
䲟	yìn	3	8221	in-ing
𬶋	jū	3	8222	
𬶍	tuó	3	8223	
鲏	pí	3	8224	
雊	gòu	3	8225	g-k
猺	yáo	3	8226	
飔	sī	3	8227	s-sh
觟	huà	3	8228	h-f
𦝼	lóu	3	8229	n-l,r-l
𦝼	lǘ	3	8230	n-l,r-l
馌	yè	3	8231	
裛	yì	3	8232	
廒	áo	3	8233	
瘀	yū	3	8234	
瘅	dān	3	8235	an-ang,an-ai
瘅	dàn	3	8236	an-ang,an-ai
鄘	yōng	3	8237	eng-ong,on-ong,un-ong
鹒	gēng	3	8238	g-k,en-eng,eng-ong
鄜	fū	3	8239	h-f
麀	yōu	3	8240	
鄣	zhāng	3	8241	z-zh,an-ang
阘	tà	3	8242	
𫔶	niè	3	8243	n-l
煁	chén	3	8244	c-ch,en-eng
煃	kuǐ	3	8245	g-k
煴	yūn	3	8246	un-ong,un-iong
煋	xīng	3	8247	in-ing
煟	wèi	3	8248	
煓	tuān	3	8249	uan-uang
滠	shè	3	8250	s-sh
溍	jìn	3	8251	in-ing
溹	suǒ	3	8252	s-sh
滆	gé	3	8253	g-k
滉	huàng	3	8254	h-f,uan-uang
溦	wēi	3	8255	
溵	yīn	3	8256	in-ing
漷	huǒ	3	8257	h-f
滧	xiào	3	8258	
滘	jiào	3	8259	
滍	zhì	3	8260	z-zh
愭	qí	3	8261	
慥	zào	3	8262	z-zh
慆	tāo	3	8263	
塱	lǎng	3	8264	n-l,r-l,an-ang
𫌀	jī	3	8265	
裼	tì	3	8266	
裼	xī	3	8267	
禋	yīn	3	8268	in-ing
禔	zhī	3	8269	z-zh
禘	dì	3	8270	
禒	xiǎn	3	8271	ian-iang
谫	jiǎn	3	8272	ian-iang
鹔	sù	3	8273	s-sh
𫖳	yūn	3	8274	un-ong,un-iong
愍	mǐn	3	8275	in-ing
嫄	yuán	3	8276	uan-uang
媱	yáo	3	8277	
戤	gài	3	8278	g-k,an-ai
勠	lù	3	8279	n-l,r-l
戣	kuí	3	8280	g-k
𫘪	yuán	3	8281	uan-uang
𫘬	xí	3	8282	
缞	cuī	3	8283	c-ch
耤	jí	3	8284	
瑧	zhēn	3	8285	z-zh,en-eng
𫞩	mén	3	8286	en-eng
瑨	jìn	3	8287	in-ing
瑱	tiàn	3	8288	ian-iang
瑷	ài	3	8289	an-ai
瑢	róng	3	8290	r-l,eng-ong,on-ong,un-ong
斠	jiào	3	8291	
摏	chōng	3	8292	c-ch,eng-ong,on-ong,un-ong
墕	yān	3	8293	an-ang,an-ai
墈	kàn	3	8294	g-k,an-ang,an-ai
墐	jìn	3	8295	in-ing
墘	qián	3	8296	ian-iang
摴	chū	3	8297	c-ch
銎	qióng	3	8298	un-iong
𡐓	kāng	3	8299	g-k,an-ang
墚	liáng	3	8300	n-l,r-l,ian-iang
撖	hàn	3	8301	h-f,an-ang,an-ai
𪤗	liào	3	8302	n-l,r-l
靽	bàn	3	8303	an-ang,an-ai
鞁	bèi	3	8304	
蔌	sù	3	8305	s-sh
蔈	piào	3	8306	
蓰	xǐ	3	8307	
蔹	liǎn	3	8308	n-l,r-l,ian-iang
蔊	hǎn	3	8309	h-f,an-ang,an-ai
蔊	hàn	3	8310	h-f,an-ang,an-ai
嘏	gǔ	3	8311	g-k
榰	zhī	3	8312	z-zh
榑	fú	3	8313	h-f
槚	jiǎ	3	8314	
𣗋	dǎng	3	8315	an-ang
槜	zuì	3	8316	z-zh
榍	xiè	3	8317	
疐	zhì	3	8318	z-zh
𬸘	yǎn	3	8319	an-ang,an-ai
酺	pú	3	8320	
酾	shī	3	8321	s-sh
酲	chéng	3	8322	c-ch,en-eng,eng-ong
酴	tú	3	8323	
碶	qì	3	8324	
䃎	zhà	3	8325	z-zh
𬒗	lán	3	8326	n-l,r-l,an-ang,an-ai
碨	wèi	3	8327	
𥔲	è	3	8328	
碹	xuàn	3	8329	uan-uang
碥	biǎn	3	8330	ian-iang
劂	jué	3	8331	
𫚖	cǐ	3	8332	c-ch
䴗	jú	3	8333	
夥	huǒ	3	8334	h-f
瞍	sǒu	3	8335	s-sh
鹖	hé	3	8336	h-f
㬎	xiǎn	3	8337	ian-iang
跽	jì	3	8338	
蜾	guǒ	3	8339	g-k
幖	biāo	3	8340	
嶍	xí	3	8341	
圙	lüè	3	8342	n-l,r-l
𨱏	dā	3	8343	
锺	zhōng	3	8344	z-zh,eng-ong,on-ong,un-ong
锼	sōu	3	8345	s-sh
锽	huáng	3	8346	h-f,uan-uang
𬭤	hóu	3	8347	h-f
锾	huán	3	8348	h-f,uan-uang
锿	āi	3	8349	an-ai
镃	zī	3	8350	z-zh
镄	fèi	3	8351	h-f
镅	méi	3	8352	
馝	bì	3	8353	
鹙	qiū	3	8354	
箨	tuò	3	8355	
箖	lín	3	8356	n-l,r-l,in-ing
劄	zhá	3	8357	z-zh
僬	jiāo	3	8358	
僦	jiù	3	8359	
僔	zǔn	3	8360	z-zh,un-ong,un-iong
僎	zhuàn	3	8361	z-zh,uan-uang
槃	pán	3	8362	an-ang,an-ai
㙦	xié	3	8363	
鲒	jié	3	8364	
鲕	ér	3	8365	
𫚕	shī	3	8366	s-sh
鲖	tóng	3	8367	eng-ong,on-ong,un-ong
鲗	zéi	3	8368	z-zh
鲘	hòu	3	8369	h-f
鲙	kuài	3	8370	g-k
𬶐	zhào	3	8371	z-zh
𬶏	wéi	3	8372	
𩽾	ān	3	8373	an-ang,an-ai
夐	xiòng	3	8374	un-iong
獍	jìng	3	8375	in-ing
飗	liú	3	8376	n-l,r-l
𬸚	yuè	3	8377	
凘	sī	3	8378	s-sh
廑	jǐn	3	8379	in-ing
廙	yì	3	8380	
瘗	yì	3	8381	
瘥	chài	3	8382	c-ch,an-ai
瘕	jiǎ	3	8383	
鲝	zhǎ	3	8384	z-zh
鄫	zēng	3	8385	z-zh,en-eng,eng-ong
熇	hè	3	8386	h-f
漹	yān	3	8387	an-ang,an-ai
漖	jiào	3	8388	
潆	yíng	3	8389	in-ing
漤	lǎn	3	8390	n-l,r-l,an-ang,an-ai
潩	yì	3	8391	
漼	cuǐ	3	8392	c-ch
漴	chóng	3	8393	c-ch,eng-ong,on-ong,un-ong
漴	shuāng	3	8394	s-sh,uan-uang
㽏	gàn	3	8395	g-k,an-ang,an-ai
漈	jì	3	8396	
漋	lóng	3	8397	n-l,r-l,eng-ong,on-ong,un-ong
漻	liáo	3	8398	n-l,r-l
慬	qín	3	8399	in-ing
窬	yú	3	8400	
窭	jù	3	8401	
㮾	lǎng	3	8402	n-l,r-l,an-ang
𬤝	huì	3	8403	h-f
褕	yú	3	8404	
禛	zhēn	3	8405	z-zh,en-eng
禚	zhuó	3	8406	z-zh
隩	ào	3	8407	
嫕	yì	3	8408	
嫭	hù	3	8409	h-f
嫜	zhāng	3	8410	z-zh,an-ang
嫪	lào	3	8411	n-l,r-l
𬙂	yǎn	3	8412	an-ang,an-ai
㻬	tū	3	8413	
麹	qū	3	8414	
璆	qiú	3	8415	
漦	chí	3	8416	c-ch
叇	dài	3	8417	an-ai
墣	pú	3	8418	
墦	fán	3	8419	h-f,an-ang,an-ai
墡	shàn	3	8420	s-sh,an-ang,an-ai
劐	huō	3	8421	h-f
薁	ào	3	8422	
蕰	wēn	3	8423	en-eng
蔃	qiáng	3	8424	ian-iang
鼒	zī	3	8425	z-zh
槱	yǒu	3	8426	
鹝	yì	3	8427	
磏	qiān	3	8428	ian-iang
磉	sǎng	3	8429	s-sh,an-ang
殣	jìn	3	8430	in-ing
慭	yìn	3	8431	in-ing
霅	zhà	3	8432	z-zh
暵	hàn	3	8433	h-f,an-ang,an-ai
暲	zhāng	3	8434	z-zh,an-ang
暶	xuán	3	8435	uan-uang
踦	yǐ	3	8436	
踣	bó	3	8437	
䗖	dì	3	8438	
蝘	yǎn	3	8439	an-ang,an-ai
蝲	là	3	8440	n-l,r-l
蝤	qiú	3	8441	
蝤	yóu	3	8442	
噇	chuáng	3	8443	c-ch,uan-uang
噂	zǔn	3	8444	z-zh,un-ong,un-iong
噀	xùn	3	8445	un-ong,un-iong
罶	liǔ	3	8446	n-l,r-l
嶲	xī	3	8447	
嶓	bō	3	8448	
㠇	jiù	3	8449	
嶟	zūn	3	8450	z-zh,un-ong,un-iong
嶒	céng	3	8451	c-ch,en-eng,eng-ong
镆	mò	3	8452	
镈	bó	3	8453	
镋	tǎng	3	8454	an-ang
镎	ná	3	8455	n-l
𬭩	wēng	3	8456	en-eng,eng-ong
镕	róng	3	8457	r-l,eng-ong,on-ong,un-ong
稹	zhěn	3	8458	z-zh,en-eng
儇	xuān	3	8459	uan-uang
皞	hào	3	8460	h-f
皛	xiǎo	3	8461	
䴘	tī	3	8462	
艎	huáng	3	8463	h-f,uan-uang
艏	shǒu	3	8464	s-sh
鹟	wēng	3	8465	en-eng,eng-ong
𩾃	miǎn	3	8466	ian-iang
鲦	tiáo	3	8467	
鲪	jūn	3	8468	un-ong,un-iong
鲬	yǒng	3	8469	eng-ong,on-ong,un-ong
橥	zhū	3	8470	z-zh
觭	jī	3	8471	
鹠	liú	3	8472	n-l,r-l
鹡	jí	3	8473	
糇	hóu	3	8474	h-f
糈	xǔ	3	8475	
翦	jiǎn	3	8476	ian-iang
鹢	yì	3	8477	
鹣	jiān	3	8478	ian-iang
熛	biāo	3	8479	
潖	pá	3	8480	
潵	sǎ	3	8481	s-sh
㵐	jué	3	8482	
澂	chéng	3	8483	c-ch,en-eng,eng-ong
澛	lǔ	3	8484	n-l,r-l
瑬	liú	3	8485	n-l,r-l
潽	pū	3	8486	
潾	lín	3	8487	n-l,r-l,in-ing
潏	yù	3	8488	
憭	liǎo	3	8489	n-l,r-l
憕	chéng	3	8490	c-ch,en-eng,eng-ong
𬸣	xiān	3	8491	ian-iang
戭	yǎn	3	8492	an-ang,an-ai
褯	jiè	3	8493	
禤	xuān	3	8494	uan-uang
𫍽	xuān	3	8495	uan-uang
嫽	liáo	3	8496	n-l,r-l
遹	yù	3	8497	
𬴊	lín	3	8498	n-l,r-l,in-ing
璥	jǐng	3	8499	in-ing
璲	suì	3	8500	s-sh
璒	dēng	3	8501	en-eng,eng-ong
憙	xǐ	3	8502	
擐	huàn	3	8503	h-f,uan-uang
鄹	zōu	3	8504	z-zh
薳	wěi	3	8505	
鞔	mán	3	8506	an-ang,an-ai
黇	tiān	3	8507	ian-iang
𬞟	pín	3	8508	in-ing
蕗	lù	3	8509	n-l,r-l
薢	xiè	3	8510	
蕹	wèng	3	8511	en-eng,eng-ong
橞	huì	3	8512	h-f
橑	liáo	3	8513	n-l,r-l
橦	tóng	3	8514	eng-ong,on-ong,un-ong
醑	xǔ	3	8515	
觱	bì	3	8516	
磡	kàn	3	8517	g-k,an-ang,an-ai
𥕢	cáo	3	8518	c-ch
磜	qì	3	8519	
豮	fén	3	8520	h-f,en-eng
𫟦	suì	3	8521	s-sh
𬺈	yǐ	3	8522	
𫠜	ní	3	8523	n-l
鹾	cuó	3	8524	c-ch
虤	yán	3	8525	an-ang,an-ai
暿	xī	3	8526	
曌	zhào	3	8527	z-zh
曈	tóng	3	8528	eng-ong,on-ong,un-ong
㬚	chè	3	8529	c-ch
蹅	chǎ	3	8530	c-ch
踶	dì	3	8531	
䗛	xiū	3	8532	
螗	táng	3	8533	an-ang
疁	liú	3	8534	n-l,r-l
㠓	méng	3	8535	en-eng,eng-ong
幪	méng	3	8536	en-eng,eng-ong
𪩘	yǎn	3	8537	an-ang,an-ai
嶦	shàn	3	8538	s-sh,an-ang,an-ai
𬭬	huì	3	8539	h-f
𨱑	huáng	3	8540	h-f,uan-uang
𬭯	piě	3	8541	
馞	bó	3	8542	
穄	jì	3	8543	
篚	fěi	3	8544	h-f
篯	jiān	3	8545	ian-iang
簉	zào	3	8546	z-zh
鼽	qiú	3	8547	
衠	zhūn	3	8548	z-zh,un-ong,un-iong
盦	ān	3	8549	an-ang,an-ai
螣	téng	3	8550	en-eng,eng-ong
縢	téng	3	8551	en-eng,eng-ong
鲭	qīng	3	8552	in-ing
鲯	qí	3	8553	
鲰	zōu	3	8554	z-zh
鲺	shī	3	8555	s-sh
鲹	shēn	3	8556	s-sh,en-eng
𫗴	zhān	3	8557	z-zh,an-ang,an-ai
亸	duǒ	3	8558	
癀	huáng	3	8559	h-f,uan-uang
瘭	biāo	3	8560	
𬸦	zhuó	3	8561	z-zh
羱	yuán	3	8562	uan-uang
糒	bèi	3	8563	
燋	jiāo	3	8564	
熻	xī	3	8565	
燊	shēn	3	8566	s-sh,en-eng
燚	yì	3	8567	
燏	yù	3	8568	
濩	huò	3	8569	h-f
濋	chǔ	3	8570	c-ch
澪	líng	3	8571	n-l,r-l,in-ing
澽	jù	3	8572	
澴	huán	3	8573	h-f,uan-uang
澭	yōng	3	8574	eng-ong,on-ong,un-ong
澼	pì	3	8575	
憷	chù	3	8576	c-ch
憺	dàn	3	8577	an-ang,an-ai
懔	lǐn	3	8578	n-l,r-l,in-ing
黉	hóng	3	8579	h-f,eng-ong,on-ong,un-ong
嬛	xuān	3	8580	uan-uang
鹨	liù	3	8581	n-l,r-l
翯	hè	3	8582	h-f
𫄷	yì	3	8583	
璱	sè	3	8584	s-sh
𤩽	huán	3	8585	h-f,uan-uang
璬	jiǎo	3	8586	
璮	tǎn	3	8587	an-ang,an-ai
髽	zhuā	3	8588	z-zh
擿	tī	3	8589	
薿	nǐ	3	8590	n-l
薸	piáo	3	8591	
檑	léi	3	8592	n-l,r-l
櫆	kuí	3	8593	g-k
檞	jiě	3	8594	
醨	lí	3	8595	n-l,r-l
繄	yī	3	8596	
磹	tán	3	8597	an-ang,an-ai
磻	pán	3	8598	an-ang,an-ai
瞫	shěn	3	8599	s-sh,en-eng
瞵	lín	3	8600	n-l,r-l,in-ing
蹐	jí	3	8601	
蟏	xiāo	3	8602	
㘎	hǎn	3	8603	h-f,an-ang,an-ai
𬭳	xǐ	3	8604	
镤	pú	3	8605	
𬭶	hēi	3	8606	h-f
𫔍	fán	3	8607	h-f,an-ang,an-ai
镥	lǔ	3	8608	n-l,r-l
镨	pǔ	3	8609	
𬭸	lín	3	8610	n-l,r-l,in-ing
𨱔	zūn	3	8611	z-zh,un-ong,un-iong
𬭼	suì	3	8612	s-sh
𫔎	jué	3	8613	
矰	zēng	3	8614	z-zh,en-eng,eng-ong
穙	pú	3	8615	
穜	tóng	3	8616	eng-ong,on-ong,un-ong
穟	suì	3	8617	s-sh
簕	lè	3	8618	n-l,r-l
簃	yí	3	8619	
簏	lù	3	8620	n-l,r-l
儦	biāo	3	8621	
魋	tuí	3	8622	
斶	chù	3	8623	c-ch
艚	cáo	3	8624	c-ch
𬸪	fán	3	8625	h-f,an-ang,an-ai
谿	xī	3	8626	
䲠	chūn	3	8627	c-ch,un-ong,un-iong
𬶟	là	3	8628	n-l,r-l
鲾	bī	3	8629	
𬶠	liàn	3	8630	n-l,r-l,ian-iang
鲿	cháng	3	8631	c-ch,an-ang
鳁	wēn	3	8632	en-eng
鳂	wēi	3	8633	
鳈	quán	3	8634	uan-uang
鳉	jiāng	3	8635	ian-iang
獯	xūn	3	8636	un-ong,un-iong
䗪	zhè	3	8637	z-zh
馘	guó	3	8638	g-k
襕	lán	3	8639	n-l,r-l,an-ang,an-ai
襚	suì	3	8640	s-sh
𬶨	jì	3	8641	
螱	wèi	3	8642	
甓	pì	3	8643	
嬬	rú	3	8644	r-l
嬥	tiǎo	3	8645	
𦈡	xū	3	8646	
𫄸	xūn	3	8647	un-ong,un-iong
瓀	ruǎn	3	8648	r-l,uan-uang
釐	xī	3	8649	
鬶	guī	3	8650	g-k
爇	ruò	3	8651	r-l
鞳	tà	3	8652	
鞮	dī	3	8653	
𬟁	yì	3	8654	
藟	lěi	3	8655	n-l,r-l
藦	mó	3	8656	
藨	biāo	3	8657	
鹲	méng	3	8658	en-eng,eng-ong
檫	chá	3	8659	c-ch
黡	yǎn	3	8660	an-ang,an-ai
礞	méng	3	8661	en-eng,eng-ong
礌	léi	3	8662	n-l,r-l
𥖨	zào	3	8663	z-zh
蹢	dí	3	8664	
蹜	sù	3	8665	s-sh
蟫	yín	3	8666	in-ing
䗴	tíng	3	8667	in-ing
嚚	yín	3	8668	in-ing
髃	yú	3	8669	
镮	huán	3	8670	h-f,uan-uang
镱	yì	3	8671	
酂	zàn	3	8672	z-zh,an-ang,an-ai
馧	yūn	3	8673	un-ong,un-iong
簠	fǔ	3	8674	h-f
簝	liáo	3	8675	n-l,r-l
簰	pái	3	8676	an-ai
鼫	shí	3	8677	s-sh
鼩	qú	3	8678	
皦	jiǎo	3	8679	
臑	nào	3	8680	n-l
䲢	téng	3	8681	en-eng,eng-ong
鳑	páng	3	8682	an-ang
鳒	jiān	3	8683	ian-iang
鹱	hù	3	8684	h-f
鹯	zhān	3	8685	z-zh,an-ang,an-ai
癗	lěi	3	8686	n-l,r-l
𦒍	tóng	3	8687	eng-ong,on-ong,un-ong
旞	suì	3	8688	s-sh
翷	lín	3	8689	n-l,r-l,in-ing
冁	chǎn	3	8690	c-ch,an-ang,an-ai
䎖	zēng	3	8691	z-zh,en-eng,eng-ong
瀔	gǔ	3	8692	g-k
瀍	chán	3	8693	c-ch,an-ang,an-ai
瀌	biāo	3	8694	
襜	chān	3	8695	c-ch,an-ang,an-ai
䴙	pì	3	8696	
𬙊	mò	3	8697	
嚭	pǐ	3	8698	
㰀	lí	3	8699	n-l,r-l
鬷	zōng	3	8700	z-zh,eng-ong,on-ong,un-ong
醭	bú	3	8701	
蹯	fán	3	8702	h-f,an-ang,an-ai
蠋	zhú	3	8703	z-zh
翾	xuān	3	8704	uan-uang
鳘	mǐn	3	8705	in-ing
儳	chán	3	8706	c-ch,an-ang,an-ai
儴	ráng	3	8707	r-l,an-ang
鼗	táo	3	8708	
𬶭	jì	3	8709	
𩾌	kāng	3	8710	g-k,an-ang
鳚	wèi	3	8711	
鳛	xí	3	8712	
麑	ní	3	8713	n-l
麖	jīng	3	8714	in-ing
蠃	luǒ	3	8715	n-l,r-l
彟	yuē	3	8716	
嬿	yàn	3	8717	an-ang,an-ai
鬒	zhěn	3	8718	z-zh,en-eng
蘘	ráng	3	8719	r-l,an-ang
欂	bó	3	8720	
醵	jù	3	8721	
颥	rú	3	8722	r-l
甗	yǎn	3	8723	an-ang,an-ai
𨟠	quān	3	8724	uan-uang
巇	xī	3	8725	
酅	xī	3	8726	
髎	liáo	3	8727	n-l,r-l
犨	chōu	3	8728	c-ch
𬶮	xǐ	3	8729	
𨭉	bān	3	8730	an-ang,an-ai
㸌	huò	3	8731	h-f
爔	xī	3	8732	
瀱	jì	3	8733	
瀹	yuè	3	8734	
瀼	ráng	3	8735	r-l,an-ang
瀼	ràng	3	8736	r-l,an-ang
瀵	fèn	3	8737	h-f,en-eng
襫	shì	3	8738	s-sh
孅	xiān	3	8739	ian-iang
骦	shuāng	3	8740	s-sh,uan-uang
𬙋	xiāng	3	8741	ian-iang
耰	yōu	3	8742	
𤫉	xiè	3	8743	
瓖	xiāng	3	8744	ian-iang
鬘	mán	3	8745	an-ang,an-ai
趯	tì	3	8746	
𬺓	chǔ	3	8747	c-ch
罍	léi	3	8748	n-l,r-l
鼱	jīng	3	8749	in-ing
鳠	hù	3	8750	h-f
鳡	gǎn	3	8751	g-k,an-ang,an-ai
鳣	zhān	3	8752	z-zh,an-ang,an-ai
爟	guàn	3	8753	g-k,uan-uang
爚	yuè	3	8754	
灈	qú	3	8755	
韂	chàn	3	8756	c-ch,an-ang,an-ai
糵	niè	3	8757	n-l
蘼	mí	3	8758	
礵	shuāng	3	8759	s-sh,uan-uang
鹴	shuāng	3	8760	s-sh,uan-uang
躔	chán	3	8761	c-ch,an-ang,an-ai
皭	jiào	3	8762	
龢	hé	3	8763	h-f
鳤	guǎn	3	8764	g-k,uan-uang
亹	wěi	3	8765	
籥	yuè	3	8766	
鼷	xī	3	8767	
𫚭	liè	3	8768	n-l,r-l
玃	jué	3	8769	
醾	mí	3	8770	
齇	zhā	3	8771	z-zh
觿	xī	3	8772	
蠼	qú	3	8773	
磺	huáng	9	10000	h-f,uan-uang
矽	xī	9	10000	