含情	hán qíng	27182	in-ing,an-ang,h-f,j-q-x	1
寒碜	hán chen	27183	en-eng,an-ang,c-ch,h-f	3
豢养	huàn yǎng	27184	an-ang,uan-uang,h-f	3
急进	jí jìn	27185	in-ing,j-q-x	1
郊县	jiāo xiàn	27188	ian-iang,j-q-x	1
口福	kǒu fú	27190	ao-ou,h-f	1
蓝领	lán lǐng	27191	in-ing,an-ang,n-l,r-l	1
浪子	làng zǐ	27192	an-ang,z-zh,n-l,r-l	1
牢笼	láo lóng	27193	ao-ou,n-l,r-l	1
灵光	líng guāng	27194	in-ing,uan-uang,n-l,r-l	1
忙乎	máng hu	27196	an-ang,h-f	1
溺死	nì sǐ	27198	s-sh,n-l	1
女婴	nǚ yīng	27199	in-ing,n-l	1
盘桓	pán huán	27200	an-ang,uan-uang,h-f	3
判罚	pàn fá	27201	an-ang,h-f	1
庞杂	páng zá	27202	an-ang,z-zh	1
入道	rù dào	27204	ao-ou,r-l	1
入迷	rù mí	27205	r-l	1
丧礼	sāng lǐ	27206	an-ang,s-sh,n-l,r-l	1
书展	shū zhǎn	27208	an-ang,z-zh,s-sh	1
调戏	tiáo xì	27210	j-q-x	1
土坑	tǔ kēng	27211	en-eng	1
婉言	wǎn yán	27213	an-ang	1
威逼	wēi bī	27214	ai-ei	1
畏怯	wèi qiè	27215	ai-ei,ia-ie,j-q-x	1
务虚	wù xū	27217	j-q-x	1
心悸	xīn jì	27218	in-ing,j-q-x	3
兴叹	xīng tàn	27220	in-ing,an-ang,j-q-x	1
殉职	xùn zhí	27221	z-zh,j-q-x	1
炎黄	yán huáng	27223	an-ang,uan-uang,h-f	1
药理	yào lǐ	27224	ao-ou,n-l,r-l	1
引线	yǐn xiàn	27225	in-ing,ian-iang,j-q-x	1
邮资	yóu zī	27227	ao-ou,z-zh	1
运筹	yùn chóu	27228	ao-ou,c-ch	1
中表	zhōng biǎo	27233	z-zh	1
株连	zhū lián	27234	ian-iang,z-zh,n-l,r-l	1
自荐	zì jiàn	27236	ian-iang,z-zh,j-q-x	1
鞭打	biān dǎ	27237	ian-iang	1
变速	biàn sù	27238	ian-iang,s-sh	1
病程	bìng chéng	27239	en-eng,in-ing,c-ch	1
病体	bìng tǐ	27240	in-ing	1
茶亭	chá tíng	27241	in-ing,c-ch	1
查究	chá jiū	27242	c-ch,j-q-x	1
长裤	cháng kù	27243	an-ang,c-ch	1
冲垮	chōng kuǎ	27244	ua-uo,c-ch	1
传唤	chuán huàn	27245	uan-uang,c-ch,h-f	1
氮气	dàn qì	27246	an-ang,j-q-x	1
党龄	dǎng líng	27247	in-ing,an-ang,n-l,r-l	1
短裙	duǎn qún	27248	uan-uang,j-q-x	1
风洞	fēng dòng	27250	en-eng,h-f	1
枫叶	fēng yè	27252	en-eng,h-f	1
敢干	gǎn gān	27254	an-ang	1
好胜	hào shèng	27257	en-eng,ao-ou,s-sh,h-f	1
红烛	hóng zhú	27258	z-zh,h-f	1
花销	huā xiao	27259	ua-uo,h-f,j-q-x	1
缓期	huǎn qī	27261	uan-uang,h-f,j-q-x	1
皇粮	huáng liáng	27262	ian-iang,uan-uang,n-l,h-f,r-l	1
皇权	huáng quán	27263	uan-uang,h-f,j-q-x	1
获知	huò zhī	27266	ua-uo,z-zh,h-f	1
兼营	jiān yíng	27267	in-ing,ian-iang,j-q-x	1
减幅	jiǎn fú	27268	ian-iang,h-f,j-q-x	1
胶皮	jiāo pí	27269	j-q-x	1
节流	jié liú	27270	ia-ie,n-l,r-l,j-q-x	1
精妙	jīng miào	27271	in-ing,j-q-x	1
抗联	kàng lián	27272	an-ang,ian-iang,n-l,r-l	1
苦海	kǔ hǎi	27274	ai-ei,h-f	1
立柱	lì zhù	27275	z-zh,n-l,r-l	1
联产	lián chǎn	27276	an-ang,ian-iang,c-ch,n-l,r-l	1
猛力	měng lì	27278	en-eng,n-l,r-l	1
木桥	mù qiáo	27279	j-q-x	1
爬坡	pá pō	27280		1
荞麦	qiáo mài	27281	ai-ei,j-q-x	3
亲善	qīn shàn	27282	in-ing,an-ang,s-sh,j-q-x	1
全票	quán piào	27284	uan-uang,j-q-x	1
润滑	rùn huá	27288	ua-uo,h-f,r-l	1
塞责	sè zé	27289	z-zh,s-sh	1
守寡	shǒu guǎ	27291	ao-ou,ua-uo,s-sh	1
水坑	shuǐ kēng	27292	en-eng,s-sh	1
索然	suǒ rán	27293	an-ang,ua-uo,s-sh,r-l	1
跳蚤	tiào zao	27294	ao-ou,z-zh	1
桐油	tóng yóu	27295	ao-ou	1
戏言	xì yán	27300	an-ang,j-q-x	1
细问	xì wèn	27301	en-eng,j-q-x	1
乡党	xiāng dǎng	27302	an-ang,ian-iang,j-q-x	1
岩壁	yán bì	27303	an-ang	1
吟咏	yín yǒng	27304	in-ing	1
银发	yín fà	27305	in-ing,h-f	1
永世	yǒng shì	27306	s-sh	1
优胜	yōu shèng	27307	en-eng,ao-ou,s-sh	1
有奖	yǒu jiǎng	27308	ian-iang,ao-ou,j-q-x	1
在读	zài dú	27309	ai-ei,z-zh	1
占卜	zhān bǔ	27310	an-ang,z-zh	1
展期	zhǎn qī	27311	an-ang,z-zh,j-q-x	1
真知	zhēn zhī	27312	en-eng,z-zh	1
咫尺	zhǐ chǐ	27314	z-zh,c-ch	3
坐骑	zuò qí	27317	ua-uo,z-zh,j-q-x	1
斑白	bān bái	27318	an-ang,ai-ei	1
报捷	bào jié	27320	ao-ou,ia-ie,j-q-x	1
碧蓝	bì lán	27321	an-ang,n-l,r-l	1
初战	chū zhàn	27322	an-ang,z-zh,c-ch	1
窗棂	chuāng líng	27323	in-ing,uan-uang,c-ch,n-l,r-l	3
弹片	dàn piàn	27326	an-ang,ian-iang	1
堤岸	dī àn	27327	an-ang	1
电筒	diàn tǒng	27328	ian-iang	1
干戈	gān gē	27330	an-ang	1
拐角	guǎi jiǎo	27331	j-q-x	1
寒噤	hán jìn	27332	in-ing,an-ang,h-f,j-q-x	3
恒温	héng wēn	27334	en-eng,h-f	1
夹角	jiā jiǎo	27337	ia-ie,j-q-x	1
见习	jiàn xí	27338	ian-iang,j-q-x	1
竞聘	jìng pìn	27340	in-ing,j-q-x	1
腊肉	là ròu	27341	ao-ou,n-l,r-l	1
老到	lǎo dào	27342	ao-ou,n-l,r-l	1
鳞片	lín piàn	27343	in-ing,ian-iang,n-l,r-l	1
领情	lǐng qíng	27344	in-ing,n-l,r-l,j-q-x	1
流毒	liú dú	27345	n-l,r-l	1
龙灯	lóng dēng	27346	en-eng,n-l,r-l	1
聋哑	lóng yǎ	27347	n-l,r-l	1
律动	lǜ dòng	27348	n-l,r-l	1
门楣	mén méi	27350	en-eng,ai-ei	3
门生	mén shēng	27351	en-eng,s-sh	1
跑动	pǎo dòng	27355	ao-ou	1
奇遇	qí yù	27356	j-q-x	1
祈福	qí fú	27357	h-f,j-q-x	1
枪法	qiāng fǎ	27359	ian-iang,h-f,j-q-x	1
抢收	qiǎng shōu	27360	ian-iang,ao-ou,s-sh,j-q-x	1
青蒿	qīng hāo	27362	in-ing,ao-ou,h-f,j-q-x	3
神主	shén zhǔ	27364	en-eng,z-zh,s-sh	1
声气	shēng qì	27365	en-eng,s-sh,j-q-x	1
实景	shí jǐng	27366	in-ing,s-sh,j-q-x	1
摔打	shuāi da	27368	s-sh	1
忐忑	tǎn tè	27370	an-ang	2
套房	tào fáng	27371	an-ang,ao-ou,h-f	1
面签	miàn qiān	27372	ian-iang,j-q-x	1
土语	tǔ yǔ	27374		1
瓦罐	wǎ guàn	27375	uan-uang	1
无补	wú bǔ	27377		1
舞池	wǔ chí	27378	c-ch	1
细软	xì ruǎn	27379	uan-uang,r-l,j-q-x	1
消长	xiāo zhǎng	27380	an-ang,z-zh,j-q-x	1
小农	xiǎo nóng	27381	n-l,j-q-x	1
校务	xiào wù	27382	j-q-x	1
羞惭	xiū cán	27383	an-ang,c-ch,j-q-x	1
易地	yì dì	27385		1
育秧	yù yāng	27386	an-ang	1
欲求	yù qiú	27387	j-q-x	1
遇刺	yù cì	27388	c-ch	1
躁动	zào dòng	27389	ao-ou,z-zh	1
奏乐	zòu yuè	27391	ao-ou,z-zh	1
安身	ān shēn	27393	en-eng,an-ang,s-sh	1
熬夜	áo yè	27395	ao-ou	1
冰晶	bīng jīng	27397	in-ing,j-q-x	1
采收	cǎi shōu	27399	ai-ei,ao-ou,c-ch,s-sh	1
插座	chā zuò	27400	ua-uo,z-zh,c-ch	1
长线	cháng xiàn	27401	an-ang,ian-iang,c-ch,j-q-x	1
成婚	chéng hūn	27402	en-eng,c-ch,h-f	1
垂手	chuí shǒu	27405	ao-ou,c-ch,s-sh	1
翠竹	cuì zhú	27406	z-zh,c-ch	1
访友	fǎng yǒu	27408	an-ang,ao-ou,h-f	1
飞腾	fēi téng	27409	en-eng,ai-ei,h-f	1
伏法	fú fǎ	27410	h-f	1
抚弄	fǔ nòng	27411	n-l,h-f	1
富丽	fù lì	27412	n-l,h-f,r-l	1
高台	gāo tái	27413	ai-ei,ao-ou	1
工交	gōng jiāo	27414	j-q-x	1
滚开	gǔn kāi	27415	ai-ei	1
军礼	jūn lǐ	27417	n-l,r-l,j-q-x	1
抗寒	kàng hán	27419	an-ang,h-f	1
来犯	lái fàn	27421	an-ang,ai-ei,n-l,h-f,r-l	1
擂台	lèi tái	27422	ai-ei,n-l,r-l	1
立地	lì dì	27423	n-l,r-l	1
廉耻	lián chǐ	27424	ian-iang,c-ch,n-l,r-l	1
撩拨	liáo bō	27425	n-l,r-l	1
列国	liè guó	27426	ia-ie,ua-uo,n-l,r-l	1
论处	lùn chǔ	27427	c-ch,n-l,r-l	1
面罩	miàn zhào	27429	ian-iang,ao-ou,z-zh	1
青椒	qīng jiāo	27430	in-ing,j-q-x	1
情分	qíng fèn	27431	en-eng,in-ing,h-f,j-q-x	1
穷追	qióng zhuī	27432	z-zh,j-q-x	1
群峰	qún fēng	27433	en-eng,h-f,j-q-x	1
散伙	sàn huǒ	27436	an-ang,ua-uo,s-sh,h-f	1
婶娘	shěn niáng	27437	en-eng,ian-iang,s-sh,n-l	1
失礼	shī lǐ	27440	s-sh,n-l,r-l	1
誓师	shì shī	27442	s-sh	1
锁链	suǒ liàn	27443	ian-iang,ua-uo,s-sh,n-l,r-l	1
统辖	tǒng xiá	27444	ia-ie,j-q-x	1
囤积	tún jī	27445	j-q-x	1
万恶	wàn è	27446	an-ang	1
午宴	wǔ yàn	27447	an-ang	1
下饭	xià fàn	27450	an-ang,ia-ie,h-f,j-q-x	1
星斗	xīng dǒu	27453	in-ing,ao-ou,j-q-x	1
秧子	yāng zi	27454	an-ang,z-zh	1
洋酒	yáng jiǔ	27455	an-ang,j-q-x	1
营寨	yíng zhài	27456	in-ing,ai-ei,z-zh	1
游弋	yóu yì	27457	ao-ou	3
政见	zhèng jiàn	27458	en-eng,ian-iang,z-zh,j-q-x	1
致歉	zhì qiàn	27459	ian-iang,z-zh,j-q-x	1
中耕	zhōng gēng	27460	en-eng,z-zh	1
蛀虫	zhù chóng	27461	z-zh,c-ch	1
艳照	yàn zhào	27462	an-ang,ao-ou,z-zh	1
着色	zhuó sè	27464	ua-uo,z-zh,s-sh	1
宗亲	zōng qīn	27465	in-ing,z-zh,j-q-x	1
佐料	zuǒ liào	27468	ua-uo,z-zh,n-l,r-l	1
病友	bìng yǒu	27469	in-ing,ao-ou	1
长矛	cháng máo	27471	an-ang,ao-ou,c-ch	1
除害	chú hài	27472	ai-ei,c-ch,h-f	1
打头	dǎ tóu	27473	ao-ou	1
大吉	dà jí	27474	j-q-x	1
定购	dìng gòu	27475	in-ing,ao-ou	1
逗乐	dòu lè	27476	ao-ou,n-l,r-l	1
发愤	fā fèn	27477	en-eng,h-f	1
飞升	fēi shēng	27478	en-eng,ai-ei,s-sh,h-f	1
浮华	fú huá	27479	ua-uo,h-f	1
拱桥	gǒng qiáo	27480	j-q-x	1
归并	guī bìng	27481	in-ing	1
害处	hài chù	27482	ai-ei,c-ch,h-f	1
号牌	hào pái	27484	ai-ei,ao-ou,h-f	1
黑道	hēi dào	27485	ai-ei,ao-ou,h-f	1
哄骗	hǒng piàn	27487	ian-iang,h-f	1
寂然	jì rán	27488	an-ang,r-l,j-q-x	1
家法	jiā fǎ	27489	ia-ie,h-f,j-q-x	1
矫情	jiáo qing	27491	in-ing,j-q-x	1
教唆	jiào suō	27492	ua-uo,s-sh,j-q-x	1
结石	jié shí	27493	ia-ie,s-sh,j-q-x	1
解职	jiě zhí	27494	ia-ie,z-zh,j-q-x	1
廓清	kuò qīng	27497	in-ing,ua-uo,j-q-x	1
粮饷	liáng xiǎng	27499	ian-iang,n-l,r-l,j-q-x	3
靓丽	liàng lì	27500	ian-iang,n-l,r-l	3
潦草	liáo cǎo	27501	ao-ou,c-ch,n-l,r-l	3
眉梢	méi shāo	27502	ai-ei,ao-ou,s-sh	1
棉纱	mián shā	27503	ian-iang,s-sh	1
奶水	nǎi shuǐ	27504	ai-ei,s-sh,n-l	1
披散	pī san	27507	an-ang,s-sh	1
品评	pǐn píng	27508	in-ing	1
评优	píng yōu	27510	in-ing,ao-ou	1
蒲扇	pú shàn	27511	an-ang,s-sh	1
起跑	qǐ pǎo	27512	ao-ou,j-q-x	1
潜质	qián zhì	27513	ian-iang,z-zh,j-q-x	1
清热	qīng rè	27514	in-ing,r-l,j-q-x	1
劝降	quàn xiáng	27515	ian-iang,uan-uang,j-q-x	1
三弦	sān xián	27516	an-ang,ian-iang,s-sh,j-q-x	1
胜局	shèng jú	27519	en-eng,s-sh,j-q-x	1
失血	shī xuè	27520	s-sh,j-q-x	1
树龄	shù líng	27523	in-ing,s-sh,n-l,r-l	1
庶几	shù jī	27524	s-sh,j-q-x	1
同辈	tóng bèi	27526	ai-ei	1
妄言	wàng yán	27530	an-ang	1
械斗	xiè dòu	27533	ao-ou,ia-ie,j-q-x	1
心醉	xīn zuì	27534	in-ing,z-zh,j-q-x	1
休渔	xiū yú	27537	j-q-x	1
虚妄	xū wàng	27538	an-ang,j-q-x	1
烟蒂	yān dì	27540	an-ang	1
颜面	yán miàn	27541	an-ang,ian-iang	1
扬名	yáng míng	27543	in-ing,an-ang	1
增光	zēng guāng	27545	en-eng,uan-uang,z-zh	1
征购	zhēng gòu	27546	en-eng,ao-ou,z-zh	1
职教	zhí jiào	27547	z-zh,j-q-x	1
注脚	zhù jiǎo	27549	z-zh,j-q-x	1
板眼	bǎn yǎn	27551	an-ang	1
币值	bì zhí	27552	z-zh	1
冰毒	bīng dú	27553	in-ing	1
病根	bìng gēn	27554	en-eng,in-ing	1
病愈	bìng yù	27555	in-ing	1
播映	bō yìng	27556	in-ing	1
彩霞	cǎi xiá	27559	ai-ei,ia-ie,c-ch,j-q-x	1
苍劲	cāng jìng	27561	in-ing,an-ang,c-ch,j-q-x	1
成书	chéng shū	27563	en-eng,c-ch,s-sh	1
宠儿	chǒng ér	27564	c-ch	1
出逃	chū táo	27565	ao-ou,c-ch	1
毒剂	dú jì	27569	j-q-x	1
发狠	fā hěn	27570	en-eng,h-f	1
伏笔	fú bǐ	27572	h-f	1
古琴	gǔ qín	27575	in-ing,j-q-x	1
锅底	guō dǐ	27578	ua-uo	1
旱作	hàn zuò	27579	an-ang,ua-uo,z-zh,h-f	1
好找	hǎo zhǎo	27580	ao-ou,z-zh,h-f	1
荷塘	hé táng	27581	an-ang,h-f	1
健将	jiàn jiàng	27584	ian-iang,j-q-x	1
交点	jiāo diǎn	27585	ian-iang,j-q-x	1
焦化	jiāo huà	27586	ua-uo,h-f,j-q-x	1
肯干	kěn gàn	27588	en-eng,an-ang	1
宽泛	kuān fàn	27589	an-ang,uan-uang,h-f	1
落难	luò nàn	27590	an-ang,ua-uo,n-l,r-l	1
萌动	méng dòng	27591	en-eng	1
米酒	mǐ jiǔ	27592	j-q-x	1
绵长	mián cháng	27593	an-ang,ian-iang,c-ch	1
频仍	pín réng	27596	en-eng,in-ing,r-l	1
起重	qǐ zhòng	27597	z-zh,j-q-x	1
俏丽	qiào lì	27598	n-l,r-l,j-q-x	1
秋粮	qiū liáng	27599	ian-iang,n-l,r-l,j-q-x	1
乳母	rǔ mǔ	27600	r-l	1
入席	rù xí	27601	r-l,j-q-x	1
商号	shāng hào	27602	an-ang,ao-ou,s-sh,h-f	1
上梁	shàng liáng	27603	an-ang,ian-iang,s-sh,n-l,r-l	1
失言	shī yán	27606	an-ang,s-sh	1
水色	shuǐ sè	27607	s-sh	1
讨教	tǎo jiào	27608	ao-ou,j-q-x	1
套取	tào qǔ	27609	ao-ou,j-q-x	1
题记	tí jì	27610	j-q-x	1
网状	wǎng zhuàng	27611	an-ang,uan-uang,z-zh	1
微细	wēi xì	27612	ai-ei,j-q-x	1
戏法	xì fǎ	27614	h-f,j-q-x	1
消闲	xiāo xián	27616	ian-iang,j-q-x	1
鞋垫	xié diàn	27617	ian-iang,ia-ie,j-q-x	1
讯息	xùn xī	27618	j-q-x	1
掩体	yǎn tǐ	27620	an-ang	1
艳羡	yàn xiàn	27621	an-ang,ian-iang,j-q-x	1
扬鞭	yáng biān	27622	an-ang,ian-iang	1
洋文	yáng wén	27623	en-eng,an-ang	1
异端	yì duān	27624	uan-uang	1
员额	yuán é	27625	uan-uang	1
圆周	yuán zhōu	27626	uan-uang,ao-ou,z-zh	1
摘除	zhāi chú	27627	ai-ei,z-zh,c-ch	1
贞操	zhēn cāo	27628	en-eng,ao-ou,z-zh,c-ch	1
阻滞	zǔ zhì	27629	z-zh	1
做媒	zuò méi	27630	ai-ei,ua-uo,z-zh	1
把玩	bǎ wán	27633	an-ang	1
白骨	bái gǔ	27634	ai-ei	1
草书	cǎo shū	27637	ao-ou,c-ch,s-sh	1
存贮	cún zhù	27638	z-zh,c-ch	1
低档	dī dàng	27639	an-ang	1
抖擞	dǒu sǒu	27641	ao-ou,s-sh	3
端午	duān wǔ	27642	uan-uang	1
二流	èr liú	27643	n-l,r-l	1
发还	fā huán	27646	uan-uang,h-f	1
烦人	fán rén	27647	en-eng,an-ang,h-f,r-l	1
飞檐	fēi yán	27648	an-ang,ai-ei,h-f	1
服毒	fú dú	27649	h-f	1
赴宴	fù yàn	27650	an-ang,h-f	1
赶制	gǎn zhì	27651	an-ang,z-zh	1
鼓点	gǔ diǎn	27653	ian-iang	1
国威	guó wēi	27654	ai-ei,ua-uo	1
黑熊	hēi xióng	27655	ai-ei,h-f,j-q-x	1
后话	hòu huà	27656	ao-ou,ua-uo,h-f	1
后援	hòu yuán	27658	uan-uang,ao-ou,h-f	1
湖光	hú guāng	27659	uan-uang,h-f	1
谎报	huǎng bào	27660	uan-uang,ao-ou,h-f	1
霍地	huò dì	27661	ua-uo,h-f	1
借重	jiè zhòng	27663	ia-ie,z-zh,j-q-x	1
狂潮	kuáng cháo	27664	uan-uang,ao-ou,c-ch	1
来世	lái shì	27666	ai-ei,s-sh,n-l,r-l	1
老手	lǎo shǒu	27667	ao-ou,s-sh,n-l,r-l	1
鲁莽	lǔ mǎng	27668	an-ang,n-l,r-l	1
明前	míng qián	27669	in-ing,ian-iang,j-q-x	1
墨绿	mò lǜ	27670	n-l,r-l	1
暮年	mù nián	27671	ian-iang,n-l	1
皮靴	pí xuē	27672	j-q-x	1
绮丽	qǐ lì	27673	n-l,r-l,j-q-x	3
熬制	áo zhì	27674	ao-ou,z-zh	1
弱视	ruò shì	27677	ua-uo,s-sh,r-l	1
砂岩	shā yán	27678	an-ang,s-sh	1
闪身	shǎn shēn	27679	en-eng,an-ang,s-sh	1
芍药	sháo yao	27680	ao-ou,s-sh	3
神力	shén lì	27681	en-eng,s-sh,n-l,r-l	1
矢志	shǐ zhì	27682	z-zh,s-sh	1
手大	shǒu dà	27684	ao-ou,s-sh	1
宿命	sù mìng	27687	in-ing,s-sh	1
特效	tè xiào	27688	j-q-x	1
挑子	tiāo zi	27689	z-zh	1
小憩	xiǎo qì	27691	j-q-x	3
小叔	xiǎo shū	27692	s-sh,j-q-x	1
艳阳	yàn yáng	27693	an-ang	1
倚靠	yǐ kào	27695	ao-ou	1
义卖	yì mài	27696	ai-ei	1
预科	yù kē	27700		1
圆滑	yuán huá	27701	uan-uang,ua-uo,h-f	1
再婚	zài hūn	27702	ai-ei,z-zh,h-f	1
造化	zào hua	27703	ao-ou,ua-uo,z-zh,h-f	1
增益	zēng yì	27704	en-eng,z-zh	1
碰瓷	pèng cí	27705	en-eng,c-ch	1
招魂	zhāo hún	27706	ao-ou,z-zh,h-f	1
枝干	zhī gàn	27707	an-ang,z-zh	1
自诉	zì sù	27709	z-zh,s-sh	1
宗师	zōng shī	27710	z-zh,s-sh	1
走运	zǒu yùn	27711	ao-ou,z-zh	1
白灰	bái huī	27713	ai-ei,h-f	1
白沫	bái mò	27714	ai-ei	1
不成	bù chéng	27715	en-eng,c-ch	1
惨状	cǎn zhuàng	27717	an-ang,uan-uang,z-zh,c-ch	1
谄媚	chǎn mèi	27718	an-ang,ai-ei,c-ch	3
车床	chē chuáng	27719	uan-uang,c-ch	1
赤膊	chì bó	27720	c-ch	1
愁云	chóu yún	27721	ao-ou,c-ch	1
打雷	dǎ léi	27722	ai-ei,n-l,r-l	1
得悉	dé xī	27723	j-q-x	1
滴落	dī luò	27724	ua-uo,n-l,r-l	1
动气	dòng qì	27726	j-q-x	1
洞开	dòng kāi	27727	ai-ei	1
队部	duì bù	27728		1
敦厚	dūn hòu	27730	ao-ou,h-f	1
多心	duō xīn	27731	in-ing,ua-uo,j-q-x	1
发炎	fā yán	27732	an-ang,h-f	1
工科	gōng kē	27735		1
孤苦	gū kǔ	27737		1
挂图	guà tú	27738	ua-uo	1
官名	guān míng	27739	in-ing,uan-uang	1
合谋	hé móu	27742	ao-ou,h-f	1
轰响	hōng xiǎng	27743	ian-iang,h-f,j-q-x	1
呼号	hū háo	27745	ao-ou,h-f	1
积怨	jī yuàn	27748	uan-uang,j-q-x	1
基业	jī yè	27749	j-q-x	1
基质	jī zhì	27750	z-zh,j-q-x	1
寄存	jì cún	27751	c-ch,j-q-x	1
价码	jià mǎ	27752	ia-ie,j-q-x	1
进见	jìn jiàn	27754	in-ing,ian-iang,j-q-x	1
警笛	jǐng dí	27755	in-ing,j-q-x	1
开列	kāi liè	27756	ai-ei,ia-ie,n-l,r-l	1
看破	kàn pò	27757	an-ang	1
空位	kòng wèi	27758	ai-ei	1
拉链	lā liàn	27759	ian-iang,n-l,r-l	1
阑尾	lán wěi	27760	an-ang,ai-ei,n-l,r-l	3
路障	lù zhàng	27763	an-ang,z-zh,n-l,r-l	1
辘轳	lù lu	27764	n-l,r-l	2
脑际	nǎo jì	27767	ao-ou,n-l,j-q-x	1
怒容	nù róng	27768	n-l,r-l	1
女色	nǚ sè	27769	s-sh,n-l	1
棋艺	qí yì	27770	j-q-x	1
抢运	qiǎng yùn	27771	ian-iang,j-q-x	1
侨领	qiáo lǐng	27772	in-ing,n-l,r-l,j-q-x	1
韧劲	rèn jìn	27773	en-eng,in-ing,r-l,j-q-x	1
戎装	róng zhuāng	27774	uan-uang,z-zh,r-l	1
润湿	rùn shī	27775	s-sh,r-l	1
散记	sǎn jì	27776	an-ang,s-sh,j-q-x	1
师妹	shī mèi	27778	ai-ei,s-sh	1
寿辰	shòu chén	27779	en-eng,ao-ou,c-ch,s-sh	1
四外	sì wài	27781	ai-ei,s-sh	1
素朴	sù pǔ	27782	s-sh	1
甜瓜	tián guā	27784	ian-iang,ua-uo	1
铁嘴	tiě zuǐ	27785	ia-ie,z-zh	1
吸气	xī qì	27788	j-q-x	1
鲜果	xiān guǒ	27790	ian-iang,ua-uo,j-q-x	1
相劝	xiāng quàn	27791	ian-iang,uan-uang,j-q-x	1
相送	xiāng sòng	27792	ian-iang,s-sh,j-q-x	1
学海	xué hǎi	27794	ai-ei,h-f,j-q-x	1
押韵	yā yùn	27795		1
疑团	yí tuán	27798	uan-uang	1
影射	yǐng shè	27799	in-ing,s-sh	1
鱼群	yú qún	27800	j-q-x	1
云霞	yún xiá	27801	ia-ie,j-q-x	1
再嫁	zài jià	27803	ai-ei,ia-ie,z-zh,j-q-x	1
妯娌	zhóu li	27805	ao-ou,z-zh,n-l,r-l	2
罢手	bà shǒu	27807	ao-ou,s-sh	1
白玉	bái yù	27808	ai-ei	1
蹩脚	bié jiǎo	27809	ia-ie,j-q-x	3
兵站	bīng zhàn	27811	in-ing,an-ang,z-zh	1
病灶	bìng zào	27812	in-ing,ao-ou,z-zh	1
采光	cǎi guāng	27813	uan-uang,ai-ei,c-ch	1
菜叶	cài yè	27814	ai-ei,c-ch	1
刺探	cì tàn	27815	an-ang,c-ch	1
从简	cóng jiǎn	27816	ian-iang,c-ch,j-q-x	1
帝位	dì wèi	27818	ai-ei	1
短跑	duǎn pǎo	27819	uan-uang,ao-ou	1
翻版	fān bǎn	27820	an-ang,h-f	1
防区	fáng qū	27821	an-ang,h-f,j-q-x	1
分户	fēn hù	27822	en-eng,h-f	1
浮沉	fú chén	27824	en-eng,c-ch,h-f	1
古建	gǔ jiàn	27827	ian-iang,j-q-x	1
挂果	guà guǒ	27828	ua-uo	1
海战	hǎi zhàn	27830	an-ang,ai-ei,z-zh,h-f	1
耗电	hào diàn	27831	ian-iang,ao-ou,h-f	1
核子	hé zǐ	27832	z-zh,h-f	1
蛔虫	huí chóng	27834	c-ch,h-f	3
会话	huì huà	27835	ua-uo,h-f	1
会考	huì kǎo	27836	ao-ou,h-f	1
豁然	huò rán	27837	an-ang,ua-uo,h-f,r-l	1
胶鞋	jiāo xié	27838	ia-ie,j-q-x	1
旌旗	jīng qí	27840	in-ing,j-q-x	3
倦意	juàn yì	27842	uan-uang,j-q-x	1
离乡	lí xiāng	27843	ian-iang,n-l,r-l,j-q-x	1
麻疹	má zhěn	27844	en-eng,z-zh	1
美色	měi sè	27845	ai-ei,s-sh	1
墓穴	mù xué	27847	j-q-x	1
女权	nǚ quán	27848	uan-uang,n-l,j-q-x	1
怦然	pēng rán	27849	en-eng,an-ang,r-l	3
脾胃	pí wèi	27851	ai-ei	1
品系	pǐn xì	27852	in-ing,j-q-x	1
岂敢	qǐ gǎn	27853	an-ang,j-q-x	1
枪械	qiāng xiè	27854	ian-iang,ia-ie,j-q-x	1
舍命	shě mìng	27856	in-ing,s-sh	1
驶离	shǐ lí	27858	s-sh,n-l,r-l	1
塑胶	sù jiāo	27861	s-sh,j-q-x	1
随访	suí fǎng	27862	an-ang,s-sh,h-f	1
提审	tí shěn	27864	en-eng,s-sh	1
顽童	wán tóng	27866	an-ang	1
巍然	wēi rán	27867	an-ang,ai-ei,r-l	1
委曲	wěi qū	27868	ai-ei,j-q-x	1
污点	wū diǎn	27869	ian-iang	1
下情	xià qíng	27871	in-ing,ia-ie,j-q-x	1
献媚	xiàn mèi	27872	ian-iang,ai-ei,j-q-x	1
学时	xué shí	27873	s-sh,j-q-x	1
仰仗	yǎng zhàng	27874	an-ang,z-zh	1
尧舜	yáo shùn	27875	ao-ou,s-sh	3
遗属	yí shǔ	27877	s-sh	1
盈门	yíng mén	27878	en-eng,in-ing	1
预购	yù gòu	27879	ao-ou	1
杂货	zá huò	27881	ua-uo,z-zh,h-f	1
造像	zào xiàng	27882	ian-iang,ao-ou,z-zh,j-q-x	1
尊师	zūn shī	27884	z-zh,s-sh	1
免单	miǎn dān	27886	an-ang,ian-iang	1
编委	biān wěi	27889	ian-iang,ai-ei	1
菜花	cài huā	27890	ai-ei,ua-uo,c-ch,h-f	1
超速	chāo sù	27891	ao-ou,c-ch,s-sh	1
嗔怪	chēn guài	27892	en-eng,c-ch	3
簇新	cù xīn	27893	in-ing,c-ch,j-q-x	1
带劲	dài jìn	27894	in-ing,ai-ei,j-q-x	1
当归	dāng guī	27895	an-ang	1
道人	dào ren	27896	en-eng,ao-ou,r-l	1
毒物	dú wù	27898		1
发源	fā yuán	27899	uan-uang,h-f	1
房客	fáng kè	27900	an-ang,h-f	1
感光	gǎn guāng	27902	an-ang,uan-uang	1
孤身	gū shēn	27905	en-eng,s-sh	1
瓜葛	guā gé	27906	ua-uo	1
裹挟	guǒ xié	27908	ia-ie,ua-uo,j-q-x	1
横梁	héng liáng	27909	en-eng,ian-iang,n-l,h-f,r-l	1
琥珀	hǔ pò	27910	h-f	2
华语	huá yǔ	27911	ua-uo,h-f	1
会刊	huì kān	27912	an-ang,h-f	1
晦涩	huì sè	27913	s-sh,h-f	1
金盾	jīn dùn	27915	in-ing,j-q-x	1
坎肩	kǎn jiān	27916	an-ang,ian-iang,j-q-x	1
留情	liú qíng	27917	in-ing,n-l,r-l,j-q-x	1
露宿	lù sù	27919	s-sh,n-l,r-l	1
免票	miǎn piào	27920	ian-iang	1
面板	miàn bǎn	27921	an-ang,ian-iang	1
面食	miàn shí	27922	ian-iang,s-sh	1
面相	miàn xiàng	27923	ian-iang,j-q-x	1
明丽	míng lì	27924	in-ing,n-l,r-l	1
拟于	nǐ yú	27925	n-l	1
女声	nǚ shēng	27927	en-eng,s-sh,n-l	1
骗术	piàn shù	27928	ian-iang,s-sh	1
起火	qǐ huǒ	27930	ua-uo,h-f,j-q-x	1
前肢	qián zhī	27931	ian-iang,z-zh,j-q-x	1
轻佻	qīng tiāo	27932	in-ing,j-q-x	3
润泽	rùn zé	27933	z-zh,r-l	1
缫丝	sāo sī	27934	ao-ou,s-sh	3
纱巾	shā jīn	27936	in-ing,s-sh,j-q-x	1
山涧	shān jiàn	27937	an-ang,ian-iang,s-sh,j-q-x	1
删改	shān gǎi	27938	an-ang,ai-ei,s-sh	1
设伏	shè fú	27939	s-sh,h-f	1
神思	shén sī	27940	en-eng,s-sh	1
倏然	shū rán	27942	an-ang,s-sh,r-l	3
熟食	shú shí	27943	s-sh	1
藤萝	téng luó	27944	en-eng,ua-uo,n-l,r-l	1
同前	tóng qián	27945	ian-iang,j-q-x	1
秃山	tū shān	27946	an-ang,s-sh	1
喂奶	wèi nǎi	27947	ai-ei,n-l	1
下酒	xià jiǔ	27948	ia-ie,j-q-x	1
下坡	xià pō	27949	ia-ie,j-q-x	1
央告	yāng gao	27951	an-ang,ao-ou	1
素颜	sù yán	27952	an-ang,s-sh	1
药师	yào shī	27953	ao-ou,s-sh	1
要强	yào qiáng	27954	ian-iang,ao-ou,j-q-x	1
引述	yǐn shù	27956	in-ing,s-sh	1
尤甚	yóu shèn	27957	en-eng,ao-ou,s-sh	1
邮戳	yóu chuō	27958	ao-ou,ua-uo,c-ch	1
乐府	yuè fǔ	27959	h-f	1
战船	zhàn chuán	27960	an-ang,uan-uang,z-zh,c-ch	1
峥嵘	zhēng róng	27961	en-eng,z-zh,r-l	2
治穷	zhì qióng	27962	z-zh,j-q-x	1
追思	zhuī sī	27963	z-zh,s-sh	1
坐椅	zuò yǐ	27964	ua-uo,z-zh	1
安插	ān chā	27965	an-ang,c-ch	1
报恩	bào ēn	27966	en-eng,ao-ou	1
不轨	bù guǐ	27969		1
才艺	cái yì	27970	ai-ei,c-ch	1
菜蔬	cài shū	27971	ai-ei,c-ch,s-sh	1
查房	chá fáng	27972	an-ang,c-ch,h-f	1
掺和	chān huo	27973	an-ang,ua-uo,c-ch,h-f	1
充塞	chōng sè	27975	c-ch,s-sh	1
丑化	chǒu huà	27976	ao-ou,ua-uo,c-ch,h-f	1
大驾	dà jià	27977	ia-ie,j-q-x	1
当街	dāng jiē	27978	an-ang,ia-ie,j-q-x	1
导流	dǎo liú	27979	ao-ou,n-l,r-l	1
帆板	fān bǎn	27981	an-ang,h-f	1
分界	fēn jiè	27983	en-eng,ia-ie,h-f,j-q-x	1
辅佐	fǔ zuǒ	27984	ua-uo,z-zh,h-f	1
割地	gē dì	27986		1
惯常	guàn cháng	27987	an-ang,uan-uang,c-ch	1
锅子	guō zi	27988	ua-uo,z-zh	1
海堤	hǎi dī	27989	ai-ei,h-f	1
寒夜	hán yè	27990	an-ang,h-f	1
悔改	huǐ gǎi	27991	ai-ei,h-f	1
吉庆	jí qìng	27992	in-ing,j-q-x	1
酒色	jiǔ sè	27993	s-sh,j-q-x	1
捐躯	juān qū	27994	uan-uang,j-q-x	1
可燃	kě rán	27997	an-ang,r-l	1
孔庙	kǒng miào	27998		1
快门	kuài mén	27999	en-eng	1
拦路	lán lù	28000	an-ang,n-l,r-l	1
滥杀	làn shā	28002	an-ang,s-sh,n-l,r-l	1
老脸	lǎo liǎn	28003	ian-iang,ao-ou,n-l,r-l	1
毛纺	máo fǎng	28006	an-ang,ao-ou,h-f	1
盟主	méng zhǔ	28008	en-eng,z-zh	1
墨盒	mò hé	28009	h-f	1
排遣	pái qiǎn	28010	ian-iang,ai-ei,j-q-x	1
配售	pèi shòu	28011	ai-ei,ao-ou,s-sh	1
平仄	píng zè	28012	in-ing,z-zh	3
钱数	qián shù	28014	ian-iang,s-sh,j-q-x	1
墙报	qiáng bào	28015	ian-iang,ao-ou,j-q-x	1
切线	qiē xiàn	28016	ian-iang,ia-ie,j-q-x	1
扇贝	shàn bèi	28018	an-ang,ai-ei,s-sh	1
上坟	shàng fén	28019	en-eng,an-ang,s-sh,h-f	1
神人	shén rén	28020	en-eng,s-sh,r-l	1
时弊	shí bì	28021	s-sh	1
世态	shì tài	28022	ai-ei,s-sh	1
通称	tōng chēng	28025	en-eng,c-ch	1
文墨	wén mò	28029	en-eng	1
无双	wú shuāng	28031	uan-uang,s-sh	1
雄狮	xióng shī	28037	s-sh,j-q-x	1
修葺	xiū qì	28038	j-q-x	3
烟雨	yān yǔ	28039	an-ang	1
优生	yōu shēng	28041	en-eng,ao-ou,s-sh	1
原版	yuán bǎn	28042	an-ang,uan-uang	1
圆顶	yuán dǐng	28043	in-ing,uan-uang	1
韵文	yùn wén	28045	en-eng	1
植保	zhí bǎo	28047	ao-ou,z-zh	1
种姓	zhǒng xìng	28049	in-ing,z-zh,j-q-x	1
砖石	zhuān shí	28050	uan-uang,z-zh,s-sh	1
自取	zì qǔ	28051	z-zh,j-q-x	1
裸奔	luǒ bēn	28052	en-eng,ua-uo,n-l,r-l	1
板报	bǎn bào	28053	an-ang,ao-ou	1
憋气	biē qì	28054	ia-ie,j-q-x	1
不枉	bù wǎng	28057	an-ang	1
不肖	bù xiào	28058	j-q-x	1
彩带	cǎi dài	28059	ai-ei,c-ch	1
车皮	chē pí	28060	c-ch	1
追星	zhuī xīng	28061	in-ing,z-zh,j-q-x	1
冲浪	chōng làng	28062	an-ang,c-ch,n-l,r-l	1
葱绿	cōng lǜ	28063	c-ch,n-l,r-l	1
淙淙	cóng cóng	28064	c-ch	2
粗话	cū huà	28065	ua-uo,c-ch,h-f	1
大姑	dà gū	28067		1
大姨	dà yí	28068		1
敌阵	dí zhèn	28069	en-eng,z-zh	1
地儿	dì er	28070		1
动产	dòng chǎn	28073	an-ang,c-ch	1
对弈	duì yì	28074		3
飞人	fēi rén	28076	en-eng,ai-ei,h-f,r-l	1
分蘖	fēn niè	28077	en-eng,ia-ie,n-l,h-f	3
封杀	fēng shā	28078	en-eng,s-sh,h-f	1
佛门	fó mén	28079	en-eng,h-f	1
复建	fù jiàn	28080	ian-iang,h-f,j-q-x	1
咯噔	gē dēng	28081	en-eng	2
跟斗	gēn dou	28082	en-eng,ao-ou	1
官了	guān liǎo	28083	uan-uang,n-l,r-l	1
忽闪	hū shan	28086	an-ang,s-sh,h-f	1
画师	huà shī	28088	ua-uo,s-sh,h-f	1
换算	huàn suàn	28089	uan-uang,s-sh,h-f	1
家口	jiā kǒu	28091	ao-ou,ia-ie,j-q-x	1
焦距	jiāo jù	28093	j-q-x	1
襟怀	jīn huái	28095	in-ing,h-f,j-q-x	1
就教	jiù jiào	28096	j-q-x	1
葵花	kuí huā	28098	ua-uo,h-f	1
离岸	lí àn	28099	an-ang,n-l,r-l	1
米面	mǐ miàn	28101	ian-iang	1
鸣笛	míng dí	28102	in-ing	1
木版	mù bǎn	28104	an-ang	1
木筏	mù fá	28105	h-f	1
贫嘴	pín zuǐ	28108	in-ing,z-zh	1
奇功	qí gōng	28109	j-q-x	1
倾覆	qīng fù	28110	in-ing,h-f,j-q-x	1
荣膺	róng yīng	28112	in-ing,r-l	3
散失	sàn shī	28113	an-ang,s-sh	1
身姿	shēn zī	28114	en-eng,z-zh,s-sh	1
深广	shēn guǎng	28115	en-eng,uan-uang,s-sh	1
添乱	tiān luàn	28116	ian-iang,uan-uang,n-l,r-l	1
头领	tóu lǐng	28118	in-ing,ao-ou,n-l,r-l	1
投水	tóu shuǐ	28119	ao-ou,s-sh	1
万端	wàn duān	28120	an-ang,uan-uang	1
无缺	wú quē	28122	j-q-x	1
膝下	xī xià	28123	ia-ie,j-q-x	1
下挫	xià cuò	28124	ia-ie,ua-uo,c-ch,j-q-x	1
贤惠	xián huì	28125	ian-iang,h-f,j-q-x	1
相投	xiāng tóu	28126	ian-iang,ao-ou,j-q-x	1
小年	xiǎo nián	28127	ian-iang,n-l,j-q-x	1
血痕	xuè hén	28131	en-eng,h-f,j-q-x	1
艳红	yàn hóng	28132	an-ang,h-f	1
夜饭	yè fàn	28133	an-ang,h-f	1
迎击	yíng jī	28135	in-ing,j-q-x	1
真意	zhēn yì	28136	en-eng,z-zh	1
拜读	bài dú	28141	ai-ei	1
绊倒	bàn dǎo	28142	an-ang,ao-ou	1
暴虐	bào nüè	28144	ao-ou,n-l	1
彩礼	cǎi lǐ	28147	ai-ei,c-ch,n-l,r-l	1
次品	cì pǐn	28149	in-ing,c-ch	1
打压	dǎ yā	28150		1
淡黄	dàn huáng	28151	an-ang,uan-uang,h-f	1
倒戈	dǎo gē	28152	ao-ou	1
兜肚	dōu du	28155	ao-ou	1
多事	duō shì	28156	ua-uo,s-sh	1
方舟	fāng zhōu	28157	an-ang,ao-ou,z-zh,h-f	1
放歌	fàng gē	28158	an-ang,h-f	1
非礼	fēi lǐ	28159	ai-ei,n-l,h-f,r-l	1
画线	huà xiàn	28163	ian-iang,ua-uo,h-f,j-q-x	1
荒沙	huāng shā	28164	uan-uang,s-sh,h-f	1
讲法	jiǎng fǎ	28165	ian-iang,h-f,j-q-x	1
蛟龙	jiāo lóng	28166	n-l,r-l,j-q-x	3
教化	jiào huà	28167	ua-uo,h-f,j-q-x	1
卷曲	juǎn qū	28169	uan-uang,j-q-x	1
空泛	kōng fàn	28170	an-ang,h-f	1
马脚	mǎ jiǎo	28171	j-q-x	1
盲道	máng dào	28172	an-ang,ao-ou	1
毛皮	máo pí	28173	ao-ou	1
灭顶	miè dǐng	28174	in-ing,ia-ie	1
在任	zài rèn	28175	en-eng,ai-ei,z-zh,r-l	1
旗手	qí shǒu	28177	ao-ou,s-sh,j-q-x	1
青贮	qīng zhù	28179	in-ing,z-zh,j-q-x	1
清亮	qīng liàng	28180	in-ing,ian-iang,n-l,r-l,j-q-x	1
沙盘	shā pán	28181	an-ang,s-sh	1
哨声	shào shēng	28182	en-eng,ao-ou,s-sh	1
摄食	shè shí	28183	s-sh	1
什物	shí wù	28184	s-sh	1
首富	shǒu fù	28185	ao-ou,s-sh,h-f	1
书卷	shū juàn	28186	uan-uang,s-sh,j-q-x	1
探路	tàn lù	28187	an-ang,n-l,r-l	1
淘米	táo mǐ	28188	ao-ou	1
屯垦	tún kěn	28189	en-eng	1
从警	cóng jǐng	28194	in-ing,c-ch,j-q-x	1
选美	xuǎn měi	28195	uan-uang,ai-ei,j-q-x	1
血污	xuè wū	28196	j-q-x	1
眼目	yǎn mù	28198	an-ang	1
羊倌	yáng guān	28199	an-ang,uan-uang	3
椰树	yē shù	28201	s-sh	1
依从	yī cóng	28202	c-ch	1
阴性	yīn xìng	28203	in-ing,j-q-x	1
有救	yǒu jiù	28204	ao-ou,j-q-x	1
玉玺	yù xǐ	28205	j-q-x	3
育肥	yù féi	28206	ai-ei,h-f	1
藏药	zàng yào	28207	an-ang,ao-ou,z-zh	1
兆头	zhào tou	28209	ao-ou,z-zh	1
蒸笼	zhēng lóng	28210	en-eng,z-zh,n-l,r-l	1
哀痛	āi tòng	28212	ai-ei	1
矮胖	ǎi pàng	28213	an-ang,ai-ei	1
安度	ān dù	28214	an-ang	1
抱病	bào bìng	28215	in-ing,ao-ou	1
别名	bié míng	28219	in-ing,ia-ie	1
谗言	chán yán	28221	an-ang,c-ch	3
车次	chē cì	28222	c-ch	1
重印	chóng yìn	28223	in-ing,c-ch	1
垂泪	chuí lèi	28224	ai-ei,c-ch,n-l,r-l	1
次生	cì shēng	28226	en-eng,c-ch,s-sh	1
得宠	dé chǒng	28230	c-ch	1
低端	dī duān	28231	uan-uang	1
鼎力	dǐng lì	28232	in-ing,n-l,r-l	1
翻修	fān xiū	28235	an-ang,h-f,j-q-x	1
割让	gē ràng	28236	an-ang,r-l	1
公转	gōng zhuàn	28237	uan-uang,z-zh	1
挂钟	guà zhōng	28238	ua-uo,z-zh	1
股灾	gǔ zāi	28240	ai-ei,z-zh	1
黄米	huáng mǐ	28241	uan-uang,h-f	1
悔悟	huǐ wù	28242	h-f	1
减价	jiǎn jià	28243	ian-iang,ia-ie,j-q-x	1
结社	jié shè	28245	ia-ie,s-sh,j-q-x	1
巨子	jù zǐ	28246	z-zh,j-q-x	1
拷打	kǎo dǎ	28248	ao-ou	1
昆剧	kūn jù	28249	j-q-x	1
淋浴	lín yù	28250	in-ing,n-l,r-l	1
迷醉	mí zuì	28251	z-zh	1
年饭	nián fàn	28252	an-ang,ian-iang,n-l,h-f	1
贫弱	pín ruò	28253	in-ing,ua-uo,r-l	1
评析	píng xī	28254	in-ing,j-q-x	1
颀长	qí cháng	28255	an-ang,c-ch,j-q-x	3
切换	qiē huàn	28257	uan-uang,ia-ie,h-f,j-q-x	1
冗员	rǒng yuán	28261	uan-uang,r-l	1
上苍	shàng cāng	28263	an-ang,c-ch,s-sh	1
剩男	shèng nán	28264	en-eng,an-ang,s-sh,n-l	1
声部	shēng bù	28266	en-eng,s-sh	1
圣明	shèng míng	28267	en-eng,in-ing,s-sh	1
水球	shuǐ qiú	28268	s-sh,j-q-x	1
太古	tài gǔ	28271	ai-ei	1
通奸	tōng jiān	28273	ian-iang,j-q-x	1
铜器	tóng qì	28274	j-q-x	1
头前	tóu qián	28275	ian-iang,ao-ou,j-q-x	1
屠刀	tú dāo	28276	ao-ou	1
万古	wàn gǔ	28278	an-ang	1
伟岸	wěi àn	28279	an-ang,ai-ei	1
无度	wú dù	28280		1
袖章	xiù zhāng	28283	an-ang,z-zh,j-q-x	1
夜行	yè xíng	28286	in-ing,j-q-x	1
音箱	yīn xiāng	28288	in-ing,ian-iang,j-q-x	1
有碍	yǒu ài	28290	ai-ei,ao-ou	1
宅门	zhái mén	28292	en-eng,ai-ei,z-zh	1
账房	zhàng fáng	28293	an-ang,z-zh,h-f	1
主治	zhǔ zhì	28295	z-zh	1
悲悯	bēi mǐn	28296	in-ing,ai-ei	1
冰糖	bīng táng	28298	in-ing,an-ang	1
茶社	chá shè	28300	c-ch,s-sh	1
常言	cháng yán	28301	an-ang,c-ch	1
趁热	chèn rè	28302	en-eng,c-ch,r-l	1
称谢	chēng xiè	28303	en-eng,ia-ie,c-ch,j-q-x	1
成瘾	chéng yǐn	28304	en-eng,in-ing,c-ch	1
错处	cuò chù	28306	ua-uo,c-ch	1
打枪	dǎ qiāng	28307	ian-iang,j-q-x	1
单兵	dān bīng	28308	in-ing,an-ang	1
蛋鸡	dàn jī	28309	an-ang,j-q-x	1
顶层	dǐng céng	28310	en-eng,in-ing,c-ch	1
定夺	dìng duó	28311	in-ing,ua-uo	1
斗笠	dǒu lì	28312	ao-ou,n-l,r-l	3
粉条	fěn tiáo	28313	en-eng,h-f	1
奉上	fèng shàng	28314	en-eng,an-ang,s-sh,h-f	1
佛陀	fó tuó	28315	ua-uo,h-f	3
肛门	gāng mén	28316	en-eng,an-ang	1
攻取	gōng qǔ	28317	j-q-x	1
恭顺	gōng shùn	28318	s-sh	1
号外	hào wài	28320	ai-ei,ao-ou,h-f	1
黑亮	hēi liàng	28321	ian-iang,ai-ei,n-l,h-f,r-l	1
横空	héng kōng	28322	en-eng,h-f	1
假肢	jiǎ zhī	28323	ia-ie,z-zh,j-q-x	1
娇媚	jiāo mèi	28324	ai-ei,j-q-x	1
教廷	jiào tíng	28325	in-ing,j-q-x	1
界碑	jiè bēi	28326	ai-ei,ia-ie,j-q-x	1
开船	kāi chuán	28327	uan-uang,ai-ei,c-ch	1
课目	kè mù	28328		1
口琴	kǒu qín	28329	in-ing,ao-ou,j-q-x	1
蓝本	lán běn	28330	en-eng,an-ang,n-l,r-l	1
乱兵	luàn bīng	28333	in-ing,uan-uang,n-l,r-l	1
买单	mǎi dān	28334	an-ang,ai-ei	1
门第	mén dì	28335	en-eng	1
梦魇	mèng yǎn	28336	en-eng,an-ang	3
牧童	mù tóng	28337		1
念及	niàn jí	28339	ian-iang,n-l,j-q-x	1
情味	qíng wèi	28344	in-ing,ai-ei,j-q-x	1
请降	qǐng xiáng	28345	in-ing,ian-iang,j-q-x	1
球体	qiú tǐ	28346	j-q-x	1
融会	róng huì	28348	h-f,r-l	1
手语	shǒu yǔ	28351	ao-ou,s-sh	1
树身	shù shēn	28352	en-eng,s-sh	1
索贿	suǒ huì	28353	ua-uo,s-sh,h-f	1
笤帚	tiáo zhou	28354	ao-ou,z-zh	3
铁流	tiě liú	28355	ia-ie,n-l,r-l	1
歪斜	wāi xié	28356	ai-ei,ia-ie,j-q-x	1
文句	wén jù	28358	en-eng,j-q-x	1
蜥蜴	xī yì	28359	j-q-x	2
习题	xí tí	28360	j-q-x	1
饮片	yǐn piàn	28365	in-ing,ian-iang	1
英名	yīng míng	28366	in-ing	1
邮市	yóu shì	28367	ao-ou,s-sh	1
冤魂	yuān hún	28368	uan-uang,h-f	1
杂耍	zá shuǎ	28369	ua-uo,z-zh,s-sh	1
澡盆	zǎo pén	28370	en-eng,ao-ou,z-zh	1
增兵	zēng bīng	28371	en-eng,in-ing,z-zh	1
战况	zhàn kuàng	28372	an-ang,uan-uang,z-zh	1
珍禽	zhēn qín	28373	en-eng,in-ing,z-zh,j-q-x	1
助阵	zhù zhèn	28375	en-eng,z-zh	1
转速	zhuàn sù	28376	uan-uang,z-zh,s-sh	1
自夸	zì kuā	28377	ua-uo,z-zh	1
钻营	zuān yíng	28378	in-ing,uan-uang,z-zh	1
摆渡	bǎi dù	28380	ai-ei	1
半价	bàn jià	28381	an-ang,ia-ie,j-q-x	1
避风	bì fēng	28382	en-eng,h-f	1
辨析	biàn xī	28383	ian-iang,j-q-x	1
补种	bǔ zhòng	28384	z-zh	1
当权	dāng quán	28387	an-ang,uan-uang,j-q-x	1
热舞	rè wǔ	28389	r-l	1
刀具	dāo jù	28390	ao-ou,j-q-x	1
低处	dī chù	28392	c-ch	1
低音	dī yīn	28393	in-ing	1
毒瘾	dú yǐn	28394	in-ing	1
断气	duàn qì	28395	uan-uang,j-q-x	1
对白	duì bái	28396	ai-ei	1
二心	èr xīn	28398	in-ing,j-q-x	1
泛指	fàn zhǐ	28399	an-ang,z-zh,h-f	1
纺纱	fǎng shā	28400	an-ang,s-sh,h-f	1
飞播	fēi bō	28401	ai-ei,h-f	1
飞赴	fēi fù	28402	ai-ei,h-f	1
封冻	fēng dòng	28403	en-eng,h-f	1
高热	gāo rè	28404	ao-ou,r-l	1
公函	gōng hán	28406	an-ang,h-f	1
花冠	huā guān	28410	uan-uang,ua-uo,h-f	1
悔过	huǐ guò	28413	ua-uo,h-f	1
己见	jǐ jiàn	28414	ian-iang,j-q-x	1
焦油	jiāo yóu	28416	ao-ou,j-q-x	1
烤肉	kǎo ròu	28417	ao-ou,r-l	1
邋遢	lā ta	28418	n-l,r-l	2
粮店	liáng diàn	28419	ian-iang,n-l,r-l	1
门徒	mén tú	28422	en-eng	1
弥散	mí sàn	28423	an-ang,s-sh	1
密语	mì yǔ	28424		1
密植	mì zhí	28425	z-zh	1
棉鞋	mián xié	28426	ian-iang,ia-ie,j-q-x	1
培土	péi tǔ	28428	ai-ei	1
皮棉	pí mián	28429	ian-iang	1
偏心	piān xīn	28430	in-ing,ian-iang,j-q-x	1
棋迷	qí mí	28431	j-q-x	1
抢种	qiǎng zhòng	28432	ian-iang,z-zh,j-q-x	1
山包	shān bāo	28434	an-ang,ao-ou,s-sh	1
善举	shàn jǔ	28435	an-ang,s-sh,j-q-x	1
上铺	shàng pù	28436	an-ang,s-sh	1
书库	shū kù	28438	s-sh	1
挑动	tiǎo dòng	28443		1
痛切	tòng qiè	28444	ia-ie,j-q-x	1
外层	wài céng	28445	en-eng,ai-ei,c-ch	1
危坐	wēi zuò	28446	ai-ei,ua-uo,z-zh	1
威震	wēi zhèn	28447	en-eng,ai-ei,z-zh	1
杏树	xìng shù	28449	in-ing,s-sh,j-q-x	1
雄踞	xióng jù	28451	j-q-x	3
选项	xuǎn xiàng	28452	ian-iang,uan-uang,j-q-x	1
压产	yā chǎn	28453	an-ang,c-ch	1
引见	yǐn jiàn	28457	in-ing,ian-iang,j-q-x	1
远隔	yuǎn gé	28459	uan-uang	1
云杉	yún shān	28460	an-ang,s-sh	1
真主	zhēn zhǔ	28461	en-eng,z-zh	1
汁液	zhī yè	28462	z-zh	1
枝节	zhī jié	28463	ia-ie,z-zh,j-q-x	1
织机	zhī jī	28464	z-zh,j-q-x	1
专管	zhuān guǎn	28465	uan-uang,z-zh	1
紫檀	zǐ tán	28466	an-ang,z-zh	1
作乐	zuò lè	28468	ua-uo,z-zh,n-l,r-l	1
作陪	zuò péi	28469	ai-ei,ua-uo,z-zh	1
哀鸣	āi míng	28470	in-ing,ai-ei	1
报账	bào zhàng	28472	an-ang,ao-ou,z-zh	1
并网	bìng wǎng	28473	in-ing,an-ang	1
朝圣	cháo shèng	28474	en-eng,ao-ou,c-ch,s-sh	1
创见	chuàng jiàn	28475	ian-iang,uan-uang,c-ch,j-q-x	1
猝死	cù sǐ	28476	c-ch,s-sh	3
大氅	dà chǎng	28477	an-ang,c-ch	3
点将	diǎn jiàng	28479	ian-iang,j-q-x	1
吊环	diào huán	28480	uan-uang,h-f	1
防寒	fáng hán	28482	an-ang,h-f	1
复信	fù xìn	28485	in-ing,h-f,j-q-x	1
海牛	hǎi niú	28487	ai-ei,n-l,h-f	1
花絮	huā xù	28488	ua-uo,h-f,j-q-x	1
话机	huà jī	28489	ua-uo,h-f,j-q-x	1
回溯	huí sù	28491	s-sh,h-f	1
计谋	jì móu	28492	ao-ou,j-q-x	1
奸商	jiān shāng	28493	an-ang,ian-iang,s-sh,j-q-x	1
监工	jiān gōng	28494	ian-iang,j-q-x	1
通吃	tōng chī	28495	c-ch	1
静观	jìng guān	28496	in-ing,uan-uang,j-q-x	1
纠合	jiū hé	28497	h-f,j-q-x	1
灵秀	líng xiù	28499	in-ing,n-l,r-l,j-q-x	1
留待	liú dài	28500	ai-ei,n-l,r-l	1
留名	liú míng	28501	in-ing,n-l,r-l	1
论题	lùn tí	28502	n-l,r-l	1
马号	mǎ hào	28503	ao-ou,h-f	1
密议	mì yì	28504		1
木桶	mù tǒng	28506		1
盆花	pén huā	28508	en-eng,ua-uo,h-f	1
仆役	pú yì	28509		1
前朝	qián cháo	28510	ian-iang,ao-ou,c-ch,j-q-x	1
枪决	qiāng jué	28512	ian-iang,j-q-x	1
切口	qiē kǒu	28514	ao-ou,ia-ie,j-q-x	1
清唱	qīng chàng	28515	in-ing,an-ang,c-ch,j-q-x	1
情话	qíng huà	28516	in-ing,ua-uo,h-f,j-q-x	1
乳化	rǔ huà	28518	ua-uo,h-f,r-l	1
善感	shàn gǎn	28519	an-ang,s-sh	1
摄政	shè zhèng	28520	en-eng,z-zh,s-sh	1
师弟	shī dì	28522	s-sh	1
始末	shǐ mò	28523	s-sh	1
私藏	sī cáng	28526	an-ang,c-ch,s-sh	1
死路	sǐ lù	28527	s-sh,n-l,r-l	1
透光	tòu guāng	28529	uan-uang,ao-ou	1
徒手	tú shǒu	28530	ao-ou,s-sh	1
推脱	tuī tuō	28531	ua-uo	1
猥亵	wěi xiè	28532	ai-ei,ia-ie,j-q-x	2
下摆	xià bǎi	28534	ai-ei,ia-ie,j-q-x	1
下策	xià cè	28535	ia-ie,c-ch,j-q-x	1
险阻	xiǎn zǔ	28536	ian-iang,z-zh,j-q-x	1
斜眼	xié yǎn	28538	an-ang,ia-ie,j-q-x	1
轩辕	xuān yuán	28539	uan-uang,j-q-x	3
穴位	xué wèi	28540	ai-ei,j-q-x	1
药效	yào xiào	28541	ao-ou,j-q-x	1
译名	yì míng	28542	in-ing	1
欲念	yù niàn	28544	ian-iang,n-l	1
整容	zhěng róng	28545	en-eng,z-zh,r-l	1
支离	zhī lí	28546	z-zh,n-l,r-l	1
皱褶	zhòu zhě	28547	ao-ou,z-zh	3
子口	zǐ kou	28548	ao-ou,z-zh	1
坝子	bà zi	28549	z-zh	1
报怨	bào yuàn	28550	uan-uang,ao-ou	1
并发	bìng fā	28551	in-ing,h-f	1
长谈	cháng tán	28553	an-ang,c-ch	1
忡忡	chōng chōng	28554	c-ch	2
丛刊	cóng kān	28555	an-ang,c-ch	1
弹子	dàn zǐ	28557	an-ang,z-zh	1
倒台	dǎo tái	28558	ai-ei,ao-ou	1
跌坐	diē zuò	28559	ia-ie,ua-uo,z-zh	1
冬令	dōng lìng	28560	in-ing,n-l,r-l	1
逗人	dòu rén	28561	en-eng,ao-ou,r-l	1
奉送	fèng sòng	28563	en-eng,s-sh,h-f	1
复交	fù jiāo	28564	h-f,j-q-x	1
刚健	gāng jiàn	28565	an-ang,ian-iang,j-q-x	1
公差	gōng chā	28567	c-ch	1
供认	gòng rèn	28568	en-eng,r-l	1
鬼怪	guǐ guài	28569		1
海道	hǎi dào	28570	ai-ei,ao-ou,h-f	1
烘烤	hōng kǎo	28571	ao-ou,h-f	1
欢愉	huān yú	28572	uan-uang,h-f	1
欢悦	huān yuè	28573	uan-uang,h-f	1
甲虫	jiǎ chóng	28575	ia-ie,c-ch,j-q-x	1
江防	jiāng fáng	28576	an-ang,ian-iang,h-f,j-q-x	1
脚掌	jiǎo zhǎng	28577	an-ang,z-zh,j-q-x	1
叫绝	jiào jué	28579	j-q-x	1
接班	jiē bān	28580	an-ang,ia-ie,j-q-x	1
警衔	jǐng xián	28581	in-ing,ian-iang,j-q-x	1
久别	jiǔ bié	28582	ia-ie,j-q-x	1
涓涓	juān juān	28583	uan-uang,j-q-x	2
军港	jūn gǎng	28584	an-ang,j-q-x	1
冒用	mào yòng	28589	ao-ou	1
霉菌	méi jūn	28590	ai-ei,j-q-x	1
密室	mì shì	28591	s-sh	1
模子	mú zi	28592	z-zh	1
前导	qián dǎo	28593	ian-iang,ao-ou,j-q-x	1
抢掠	qiǎng lüè	28594	ian-iang,n-l,r-l,j-q-x	1
轻抚	qīng fǔ	28595	in-ing,h-f,j-q-x	1
沙洲	shā zhōu	28596	ao-ou,z-zh,s-sh	1
潸然	shān rán	28597	an-ang,s-sh,r-l	3
上香	shàng xiāng	28598	an-ang,ian-iang,s-sh,j-q-x	1
生就	shēng jiù	28599	en-eng,s-sh,j-q-x	1
史籍	shǐ jí	28602	s-sh,j-q-x	1
是凡	shì fán	28603	an-ang,s-sh,h-f	1
同族	tóng zú	28605	z-zh	1
偷运	tōu yùn	28606	ao-ou	1
骰子	tóu zi	28607	ao-ou,z-zh	3
脱胎	tuō tāi	28608	ai-ei,ua-uo	1
瓦特	wǎ tè	28609		1
忘本	wàng běn	28610	en-eng,an-ang	1
健硕	jiàn shuò	28611	ian-iang,ua-uo,s-sh,j-q-x	1
文传	wén chuán	28612	en-eng,uan-uang,c-ch	1
嘻笑	xī xiào	28614	j-q-x	1
戏楼	xì lóu	28615	ao-ou,n-l,r-l,j-q-x	1
线材	xiàn cái	28616	ian-iang,ai-ei,c-ch,j-q-x	1
香客	xiāng kè	28617	ian-iang,j-q-x	1
谢世	xiè shì	28618	ia-ie,s-sh,j-q-x	1
心仪	xīn yí	28619	in-ing,j-q-x	1
信手	xìn shǒu	28620	in-ing,ao-ou,s-sh,j-q-x	1
兴头	xìng tou	28621	in-ing,ao-ou,j-q-x	1
沿路	yán lù	28623	an-ang,n-l,r-l	1
摇撼	yáo hàn	28625	an-ang,ao-ou,h-f	1
阴道	yīn dào	28627	in-ing,ao-ou	1
友邦	yǒu bāng	28629	an-ang,ao-ou	1
浴血	yù xuè	28630	j-q-x	1
拜佛	bài fó	28634	ai-ei,h-f	1
备考	bèi kǎo	28636	ai-ei,ao-ou	1
笨蛋	bèn dàn	28637	en-eng,an-ang	1
编余	biān yú	28638	ian-iang	1
策应	cè yìng	28639	in-ing,c-ch	1
畅想	chàng xiǎng	28640	an-ang,ian-iang,c-ch,j-q-x	1
晨风	chén fēng	28641	en-eng,c-ch,h-f	1
船坞	chuán wù	28645	uan-uang,c-ch	3
篡位	cuàn wèi	28646	uan-uang,ai-ei,c-ch	1
凋谢	diāo xiè	28649	ia-ie,j-q-x	3
毒草	dú cǎo	28650	ao-ou,c-ch	1
断后	duàn hòu	28651	uan-uang,ao-ou,h-f	1
发配	fā pèi	28652	ai-ei,h-f	1
反比	fǎn bǐ	28653	an-ang,h-f	1
分洪	fēn hóng	28654	en-eng,h-f	1
风月	fēng yuè	28655	en-eng,h-f	1
公堂	gōng táng	28657	an-ang	1
恒心	héng xīn	28659	en-eng,in-ing,h-f,j-q-x	1
换气	huàn qì	28661	uan-uang,h-f,j-q-x	1
会签	huì qiān	28662	ian-iang,h-f,j-q-x	1
婚配	hūn pèi	28663	ai-ei,h-f	1
混迹	hùn jì	28664	h-f,j-q-x	1
活埋	huó mái	28666	ai-ei,ua-uo,h-f	1
减压	jiǎn yā	28668	ian-iang,j-q-x	1
纠错	jiū cuò	28670	ua-uo,c-ch,j-q-x	1
久仰	jiǔ yǎng	28671	an-ang,j-q-x	1
酒水	jiǔ shuǐ	28672	s-sh,j-q-x	1
酒盅	jiǔ zhōng	28673	z-zh,j-q-x	3
考勤	kǎo qín	28675	in-ing,ao-ou,j-q-x	1
空头	kōng tóu	28676	ao-ou	1
联运	lián yùn	28677	ian-iang,n-l,r-l	1
烈性	liè xìng	28678	in-ing,ia-ie,n-l,r-l,j-q-x	1
母系	mǔ xì	28679	j-q-x	1
暖冬	nuǎn dōng	28682	uan-uang,n-l	1
懦夫	nuò fū	28683	ua-uo,n-l,h-f	1
抛锚	pāo máo	28684	ao-ou	1
盆栽	pén zāi	28685	en-eng,ai-ei,z-zh	1
飘零	piāo líng	28686	in-ing,n-l,r-l	1
嫖客	piáo kè	28687		3
企及	qǐ jí	28688	j-q-x	1
人烟	rén yān	28689	en-eng,an-ang,r-l	1
三废	sān fèi	28690	an-ang,ai-ei,s-sh,h-f	1
上手	shàng shǒu	28691	an-ang,ao-ou,s-sh	1
生父	shēng fù	28692	en-eng,s-sh,h-f	1
死战	sǐ zhàn	28696	an-ang,z-zh,s-sh	1
四乡	sì xiāng	28697	ian-iang,s-sh,j-q-x	1
填表	tián biǎo	28698	ian-iang	1
推让	tuī ràng	28699	an-ang,r-l	1
万方	wàn fāng	28700	an-ang,h-f	1
未竟	wèi jìng	28702	in-ing,ai-ei,j-q-x	1
污物	wū wù	28704		1
无援	wú yuán	28705	uan-uang	1
午觉	wǔ jiào	28706	j-q-x	1
熄火	xī huǒ	28707	ua-uo,h-f,j-q-x	1
贤良	xián liáng	28708	ian-iang,n-l,r-l,j-q-x	1
斜面	xié miàn	28709	ian-iang,ia-ie,j-q-x	1
心律	xīn lǜ	28710	in-ing,n-l,r-l,j-q-x	1
新颜	xīn yán	28711	in-ing,an-ang,j-q-x	1
遗愿	yí yuàn	28714	uan-uang	1
疑惧	yí jù	28715	j-q-x	1
义父	yì fù	28716	h-f	1
印数	yìn shù	28719	in-ing,s-sh	1
应手	yìng shǒu	28720	in-ing,ao-ou,s-sh	1
杂音	zá yīn	28721	in-ing,z-zh	1
咋舌	zé shé	28723	z-zh,s-sh	1
直飞	zhí fēi	28726	ai-ei,z-zh,h-f	1
专横	zhuān hèng	28728	en-eng,uan-uang,z-zh,h-f	1
谆谆	zhūn zhūn	28729	z-zh	1
悲声	bēi shēng	28731	en-eng,ai-ei,s-sh	1
濒于	bīn yú	28732	in-ing	1
病号	bìng hào	28733	in-ing,ao-ou,h-f	1
厂区	chǎng qū	28734	an-ang,c-ch,j-q-x	1
超生	chāo shēng	28735	en-eng,ao-ou,c-ch,s-sh	1
出奔	chū bēn	28737	en-eng,c-ch	1
出巡	chū xún	28738	c-ch,j-q-x	1
初评	chū píng	28739	in-ing,c-ch	1
穿孔	chuān kǒng	28740	uan-uang,c-ch	1
葱郁	cōng yù	28741	c-ch	1
导出	dǎo chū	28743	ao-ou,c-ch	1
倒流	dào liú	28744	ao-ou,n-l,r-l	1
正装	zhèng zhuāng	28745	en-eng,uan-uang,z-zh	1
道班	dào bān	28746	an-ang,ao-ou	1
定员	dìng yuán	28747	in-ing,uan-uang	1
独舞	dú wǔ	28748		1
短视	duǎn shì	28750	uan-uang,s-sh	1
对路	duì lù	28751	n-l,r-l	1
阿胶	ē jiāo	28752	j-q-x	1
罚球	fá qiú	28753	h-f,j-q-x	1
饭钱	fàn qián	28754	an-ang,ian-iang,h-f,j-q-x	1
放生	fàng shēng	28755	en-eng,an-ang,s-sh,h-f	1
飞雪	fēi xuě	28756	ai-ei,h-f,j-q-x	1
附耳	fù ěr	28758	h-f	1
海蜇	hǎi zhé	28761	ai-ei,z-zh,h-f	3
酣畅	hān chàng	28762	an-ang,c-ch,h-f	1
合身	hé shēn	28763	en-eng,s-sh,h-f	1
汇兑	huì duì	28764	h-f	1
击毁	jī huǐ	28765	h-f,j-q-x	1
结亲	jié qīn	28766	in-ing,ia-ie,j-q-x	1
警员	jǐng yuán	28767	in-ing,uan-uang,j-q-x	1
绝交	jué jiāo	28768	j-q-x	1
裤腰	kù yāo	28769	ao-ou	1
来日	lái rì	28770	ai-ei,n-l,r-l	1
了却	liǎo què	28772	n-l,r-l,j-q-x	1
楼阁	lóu gé	28775	ao-ou,n-l,r-l	1
卖场	mài chǎng	28776	an-ang,ai-ei,c-ch	1
民运	mín yùn	28777	in-ing	1
末代	mò dài	28778	ai-ei	1
啪啦	pā lā	28779	n-l,r-l	1
批文	pī wén	28780	en-eng	1
脾性	pí xìng	28781	in-ing,j-q-x	1
扑哧	pū chī	28782	c-ch	3
清真	qīng zhēn	28783	en-eng,in-ing,z-zh,j-q-x	1
群芳	qún fāng	28785	an-ang,h-f,j-q-x	1
撒腿	sā tuǐ	28787	s-sh	1
上士	shàng shì	28788	an-ang,s-sh	1
侍立	shì lì	28790	s-sh,n-l,r-l	1
抒怀	shū huái	28792	s-sh,h-f	1
率真	shuài zhēn	28793	en-eng,z-zh,s-sh	1
私通	sī tōng	28796	s-sh	1
碎屑	suì xiè	28798	ia-ie,s-sh,j-q-x	1
坦途	tǎn tú	28799	an-ang	1
铜元	tóng yuán	28802	uan-uang	1
痛打	tòng dǎ	28803		1
凸起	tū qǐ	28804	j-q-x	1
退职	tuì zhí	28805	z-zh	1
往复	wǎng fù	28807	an-ang,h-f	1
失范	shī fàn	28808	an-ang,s-sh,h-f	1
下泄	xià xiè	28810	ia-ie,j-q-x	1
心焦	xīn jiāo	28811	in-ing,j-q-x	1
亚麻	yà má	28813		1
烟土	yān tǔ	28814	an-ang	1
摇荡	yáo dàng	28815	an-ang,ao-ou	1
遥测	yáo cè	28816	ao-ou,c-ch	1
莹莹	yíng yíng	28819	in-ing	1
优选	yōu xuǎn	28820	uan-uang,ao-ou,j-q-x	1
榨取	zhà qǔ	28822	z-zh,j-q-x	1
摘牌	zhāi pái	28823	ai-ei,z-zh	1
终了	zhōng liǎo	28824	z-zh,n-l,r-l	1
肿大	zhǒng dà	28825	z-zh	1
主谋	zhǔ móu	28827	ao-ou,z-zh	1
追认	zhuī rèn	28829	en-eng,z-zh,r-l	1
败亡	bài wáng	28832	an-ang,ai-ei	1
包车	bāo chē	28834	ao-ou,c-ch	1
爆冷	bào lěng	28835	en-eng,ao-ou,n-l,r-l	1
残局	cán jú	28836	an-ang,c-ch,j-q-x	1
茶具	chá jù	28837	c-ch,j-q-x	1
场院	cháng yuàn	28839	an-ang,uan-uang,c-ch	1
蹉跎	cuō tuó	28841	ua-uo,c-ch	2
错综	cuò zōng	28842	ua-uo,z-zh,c-ch	1
大鲵	dà ní	28843	n-l	3
抵债	dǐ zhài	28844	ai-ei,z-zh	1
定音	dìng yīn	28845	in-ing	1
法家	fǎ jiā	28846	ia-ie,h-f,j-q-x	1
反手	fǎn shǒu	28847	an-ang,ao-ou,s-sh,h-f	1
放款	fàng kuǎn	28849	an-ang,uan-uang,h-f	1
拂面	fú miàn	28850	ian-iang,h-f	1
工段	gōng duàn	28852	uan-uang	1
工薪	gōng xīn	28853	in-ing,j-q-x	1
好不	hǎo bù	28854	ao-ou,h-f	1
核减	hé jiǎn	28855	ian-iang,h-f,j-q-x	1
后尘	hòu chén	28856	en-eng,ao-ou,c-ch,h-f	1
后仰	hòu yǎng	28857	an-ang,ao-ou,h-f	1
滑头	huá tóu	28859	ao-ou,ua-uo,h-f	1
极刑	jí xíng	28861	in-ing,j-q-x	1
骄子	jiāo zǐ	28862	z-zh,j-q-x	1
矍铄	jué shuò	28864	ua-uo,s-sh,j-q-x	2
礼帽	lǐ mào	28867	ao-ou,n-l,r-l	1
凉棚	liáng péng	28868	en-eng,ian-iang,n-l,r-l	1
溜冰	liū bīng	28869	in-ing,n-l,r-l	1
旅人	lǚ rén	28870	en-eng,n-l,r-l	1
牛栏	niú lán	28871	an-ang,n-l,r-l	1
陪葬	péi zàng	28872	an-ang,ai-ei,z-zh	1
批阅	pī yuè	28873		1
飘带	piāo dài	28874	ai-ei	1
钳子	qián zi	28876	ian-iang,z-zh,j-q-x	1
遣散	qiǎn sàn	28877	an-ang,ian-iang,s-sh,j-q-x	1
缺血	quē xiě	28878	ia-ie,j-q-x	1
森森	sēn sēn	28880	en-eng,s-sh	1
山脊	shān jǐ	28881	an-ang,s-sh,j-q-x	1
水塔	shuǐ tǎ	28883	s-sh	1
滩地	tān dì	28884	an-ang	1
滩头	tān tóu	28885	an-ang,ao-ou	1
天价	tiān jià	28886	ian-iang,ia-ie,j-q-x	1
天宇	tiān yǔ	28887	ian-iang	1
外电	wài diàn	28888	ian-iang,ai-ei	1
丸子	wán zi	28889	an-ang,z-zh	1
巫婆	wū pó	28891		1
夕照	xī zhào	28892	ao-ou,z-zh,j-q-x	1
降将	xiáng jiàng	28893	ian-iang,j-q-x	1
小名	xiǎo míng	28894	in-ing,j-q-x	1
卸货	xiè huò	28895	ia-ie,ua-uo,h-f,j-q-x	1
雪天	xuě tiān	28896	ian-iang,j-q-x	1
佯作	yáng zuò	28897	an-ang,ua-uo,z-zh	3
倚重	yǐ zhòng	28899	z-zh	1
亦然	yì rán	28900	an-ang,r-l	1
隐痛	yǐn tòng	28902	in-ing	1
印痕	yìn hén	28903	en-eng,in-ing,h-f	1
油印	yóu yìn	28904	in-ing,ao-ou	1
语意	yǔ yì	28905		1
育林	yù lín	28906	in-ing,n-l,r-l	1
预制	yù zhì	28907	z-zh	1
招摇	zhāo yáo	28908	ao-ou,z-zh	1
政论	zhèng lùn	28909	en-eng,z-zh,n-l,r-l	1
知遇	zhī yù	28910	z-zh	1
中档	zhōng dàng	28911	an-ang,z-zh	1
住嘴	zhù zuǐ	28912	z-zh	1
作别	zuò bié	28913	ia-ie,ua-uo,z-zh	1
拔节	bá jié	28914	ia-ie,j-q-x	1
边角	biān jiǎo	28915	ian-iang,j-q-x	1
残片	cán piàn	28917	an-ang,ian-iang,c-ch	1
蚕茧	cán jiǎn	28918	an-ang,ian-iang,c-ch,j-q-x	1
橙色	chéng sè	28919	en-eng,c-ch,s-sh	1
存取	cún qǔ	28920	c-ch,j-q-x	1
叨唠	dāo lao	28922	ao-ou,n-l,r-l	1
倒映	dào yìng	28923	in-ing,ao-ou	1
得法	dé fǎ	28924	h-f	1
等价	děng jià	28925	en-eng,ia-ie,j-q-x	1
地磁	dì cí	28926	c-ch	1
定然	dìng rán	28928	in-ing,an-ang,r-l	1
独断	dú duàn	28929	uan-uang	1
发运	fā yùn	28930	h-f	1
犯难	fàn nán	28931	an-ang,n-l,h-f	1
纷呈	fēn chéng	28932	en-eng,c-ch,h-f	1
干渠	gàn qú	28934	an-ang,j-q-x	1
花哨	huā shao	28936	ao-ou,ua-uo,s-sh,h-f	1
华里	huá lǐ	28938	ua-uo,n-l,h-f,r-l	1
酱菜	jiàng cài	28939	ian-iang,ai-ei,c-ch,j-q-x	1
苦熬	kǔ áo	28940	ao-ou	1
苦瓜	kǔ guā	28941	ua-uo	1
擂鼓	léi gǔ	28943	ai-ei,n-l,r-l	1
留有	liú yǒu	28946	ao-ou,n-l,r-l	1
流民	liú mín	28947	in-ing,n-l,r-l	1
明灯	míng dēng	28948	en-eng,in-ing	1
妮子	nī zi	28950	z-zh,n-l	1
扭伤	niǔ shāng	28952	an-ang,s-sh,n-l	1
批语	pī yǔ	28954		1
热轧	rè zhá	28955	z-zh,r-l	1
弱项	ruò xiàng	28957	ian-iang,ua-uo,r-l,j-q-x	1
善心	shàn xīn	28958	in-ing,an-ang,s-sh,j-q-x	1
上菜	shàng cài	28959	an-ang,ai-ei,c-ch,s-sh	1
声带	shēng dài	28961	en-eng,ai-ei,s-sh	1
师事	shī shì	28962	s-sh	1
视图	shì tú	28963	s-sh	1
衰微	shuāi wēi	28964	ai-ei,s-sh	1
四野	sì yě	28965	s-sh	1
速冻	sù dòng	28966	s-sh	1
太息	tài xī	28967	ai-ei,j-q-x	1
桃色	táo sè	28968	ao-ou,s-sh	1
秃顶	tū dǐng	28970	in-ing	1
土丘	tǔ qiū	28971	j-q-x	1
味觉	wèi jué	28972	ai-ei,j-q-x	1
卧病	wò bìng	28973	in-ing	1
先祖	xiān zǔ	28975	ian-iang,z-zh,j-q-x	1
序文	xù wén	28978	en-eng,j-q-x	1
硬说	yìng shuō	28979	in-ing,ua-uo,s-sh	1
游丝	yóu sī	28981	ao-ou,s-sh	1
渔家	yú jiā	28983	ia-ie,j-q-x	1
云端	yún duān	28984	uan-uang	1
藏语	zàng yǔ	28985	an-ang,z-zh	1
寨主	zhài zhǔ	28986	ai-ei,z-zh	1
褶皱	zhě zhòu	28987	ao-ou,z-zh	3
暖男	nuǎn nán	28988	an-ang,uan-uang,n-l	1
猪油	zhū yóu	28989	ao-ou,z-zh	1
主笔	zhǔ bǐ	28990	z-zh	1
转录	zhuǎn lù	28991	uan-uang,z-zh,n-l,r-l	1
皑皑	ái ái	28993	ai-ei	2
蹦跳	bèng tiào	28995	en-eng	1
比试	bǐ shi	28996	s-sh	1
编外	biān wài	28997	ian-iang,ai-ei	1
便装	biàn zhuāng	28998	ian-iang,uan-uang,z-zh	1
节点	jié diǎn	28999	ian-iang,ia-ie,j-q-x	1
孱弱	chán ruò	29000	an-ang,ua-uo,c-ch,r-l	3
产房	chǎn fáng	29001	an-ang,c-ch,h-f	1
呈文	chéng wén	29002	en-eng,c-ch	1
重阳	chóng yáng	29003	an-ang,c-ch	1
磁卡	cí kǎ	29004	c-ch	1
胆囊	dǎn náng	29008	an-ang,n-l	1
吊桥	diào qiáo	29009	j-q-x	1
堆笑	duī xiào	29010	j-q-x	1
纷扰	fēn rǎo	29011	en-eng,ao-ou,h-f,r-l	1
风闻	fēng wén	29012	en-eng,h-f	1
富户	fù hù	29013	h-f	1
改日	gǎi rì	29014	ai-ei,r-l	1
感奋	gǎn fèn	29015	en-eng,an-ang,h-f	1
隔世	gé shì	29016	s-sh	1
骨碌	gū lu	29017	n-l,r-l	1
骨节	gǔ jié	29018	ia-ie,j-q-x	1
高配	gāo pèi	29020	ai-ei,ao-ou	1
光能	guāng néng	29021	en-eng,uan-uang,n-l	1
闺秀	guī xiù	29022	j-q-x	1
领首	lǐng shǒu	29024	in-ing,ao-ou,s-sh,n-l,r-l	1
合体	hé tǐ	29025	h-f	1
撬动	qiào dòng	29026	j-q-x	1
花束	huā shù	29028	ua-uo,s-sh,h-f	1
换洗	huàn xǐ	29029	uan-uang,h-f,j-q-x	1
回执	huí zhí	29030	z-zh,h-f	1
积木	jī mù	29031	j-q-x	1
计分	jì fēn	29032	en-eng,h-f,j-q-x	1
家宴	jiā yàn	29034	an-ang,ia-ie,j-q-x	1
简捷	jiǎn jié	29035	ian-iang,ia-ie,j-q-x	1
郊游	jiāo yóu	29036	ao-ou,j-q-x	1
经度	jīng dù	29037	in-ing,j-q-x	1
净尽	jìng jìn	29038	in-ing,j-q-x	1
开恩	kāi ēn	29039	en-eng,ai-ei	1
看轻	kàn qīng	29040	in-ing,an-ang,j-q-x	1
口实	kǒu shí	29041	ao-ou,s-sh	1
枯叶	kū yè	29042		1
盔甲	kuī jiǎ	29044	ia-ie,j-q-x	1
力促	lì cù	29045	c-ch,n-l,r-l	1
麻花	má huā	29046	ua-uo,h-f	1
绵软	mián ruǎn	29047	ian-iang,uan-uang,r-l	1
谋事	móu shì	29048	ao-ou,s-sh	1
拼杀	pīn shā	29050	in-ing,s-sh	1
强身	qiáng shēn	29053	en-eng,ian-iang,s-sh,j-q-x	1
请勿	qǐng wù	29054	in-ing,j-q-x	1
惹眼	rě yǎn	29056	an-ang,r-l	1
认命	rèn mìng	29057	en-eng,in-ing,r-l	1
任课	rèn kè	29058	en-eng,r-l	1
软盘	ruǎn pán	29059	an-ang,uan-uang,r-l	1
三七	sān qī	29060	an-ang,s-sh,j-q-x	1
商埠	shāng bù	29061	an-ang,s-sh	1
神道	shén dào	29062	en-eng,ao-ou,s-sh	1
失策	shī cè	29063	c-ch,s-sh	1
失重	shī zhòng	29064	z-zh,s-sh	1
试办	shì bàn	29065	an-ang,s-sh	1
首飞	shǒu fēi	29066	ai-ei,ao-ou,s-sh,h-f	1
天资	tiān zī	29068	ian-iang,z-zh	1
痛感	tòng gǎn	29069	an-ang	1
弯子	wān zi	29070	an-ang,z-zh	1
问鼎	wèn dǐng	29071	en-eng,in-ing	1
蹊径	xī jìng	29072	in-ing,j-q-x	3
歇脚	xiē jiǎo	29074	ia-ie,j-q-x	1
休战	xiū zhàn	29075	an-ang,z-zh,j-q-x	1
秀发	xiù fà	29076	h-f,j-q-x	1
喧嚷	xuān rǎng	29077	an-ang,uan-uang,r-l,j-q-x	1
悬河	xuán hé	29078	uan-uang,h-f,j-q-x	1
雪莲	xuě lián	29079	ian-iang,n-l,r-l,j-q-x	1
厌世	yàn shì	29080	an-ang,s-sh	1
引证	yǐn zhèng	29082	en-eng,in-ing,z-zh	1
用钱	yòng qián	29083	ian-iang,j-q-x	1
幽怨	yōu yuàn	29085	uan-uang,ao-ou	1
吁请	yù qǐng	29086	in-ing,j-q-x	1
庄家	zhuāng jiā	29090	uan-uang,ia-ie,z-zh,j-q-x	1
罢课	bà kè	29093		1
掰开	bāi kāi	29094	ai-ei	1
便秘	biàn mì	29096	ian-iang	1
标书	biāo shū	29097	s-sh	1
超时	chāo shí	29098	ao-ou,c-ch,s-sh	1
撑住	chēng zhù	29099	en-eng,z-zh,c-ch	1
传热	chuán rè	29101	uan-uang,c-ch,r-l	1
袋鼠	dài shǔ	29103	ai-ei,s-sh	1
胆汁	dǎn zhī	29105	an-ang,z-zh	1
旦夕	dàn xī	29106	an-ang,j-q-x	1
倒数	dào shǔ	29107	ao-ou,s-sh	1
电大	diàn dà	29109	ian-iang	1
电解	diàn jiě	29110	ian-iang,ia-ie,j-q-x	1
耳膜	ěr mó	29112		1
翻车	fān chē	29113	an-ang,c-ch,h-f	1
佛祖	fó zǔ	29114	z-zh,h-f	1
浮想	fú xiǎng	29115	ian-iang,h-f,j-q-x	1
干瘦	gān shòu	29117	an-ang,ao-ou,s-sh	1
工笔	gōng bǐ	29119		1
公心	gōng xīn	29120	in-ing,j-q-x	1
够格	gòu gé	29121	ao-ou	1
汗颜	hàn yán	29122	an-ang,h-f	1
行话	háng huà	29123	an-ang,ua-uo,h-f	1
还礼	huán lǐ	29124	uan-uang,n-l,h-f,r-l	1
黄油	huáng yóu	29125	uan-uang,ao-ou,h-f	1
火险	huǒ xiǎn	29126	ian-iang,ua-uo,h-f,j-q-x	1
计件	jì jiàn	29128	ian-iang,j-q-x	1
寄信	jì xìn	29129	in-ing,j-q-x	1
交游	jiāo yóu	29130	ao-ou,j-q-x	1
克复	kè fù	29133	h-f	1
孔隙	kǒng xì	29134	j-q-x	1
榔头	láng tou	29135	an-ang,ao-ou,n-l,r-l	1
了当	liǎo dàng	29137	an-ang,n-l,r-l	1
掳掠	lǔ lüè	29139	n-l,r-l	3
盲点	máng diǎn	29141	an-ang,ian-iang	1
男足	nán zú	29142	an-ang,z-zh,n-l	1
碰面	pèng miàn	29144	en-eng,ian-iang	1
偏转	piān zhuǎn	29145	ian-iang,uan-uang,z-zh	1
篇目	piān mù	29146	ian-iang	1
平心	píng xīn	29147	in-ing,j-q-x	1
迫近	pò jìn	29148	in-ing,j-q-x	1
凄苦	qī kǔ	29149	j-q-x	1
奇兵	qí bīng	29150	in-ing,j-q-x	1
奇景	qí jǐng	29151	in-ing,j-q-x	1
棋类	qí lèi	29152	ai-ei,n-l,r-l,j-q-x	1
恰逢	qià féng	29153	en-eng,ia-ie,h-f,j-q-x	1
枪战	qiāng zhàn	29154	an-ang,ian-iang,z-zh,j-q-x	1
钦差	qīn chāi	29155	in-ing,ai-ei,c-ch,j-q-x	1
青绿	qīng lǜ	29156	in-ing,n-l,r-l,j-q-x	1
球面	qiú miàn	29157	ian-iang,j-q-x	1
柔韧	róu rèn	29158	en-eng,ao-ou,r-l	1
山墙	shān qiáng	29159	an-ang,ian-iang,s-sh,j-q-x	1
赏钱	shǎng qián	29160	an-ang,ian-iang,s-sh,j-q-x	1
捎带	shāo dài	29161	ai-ei,ao-ou,s-sh	1
深闺	shēn guī	29162	en-eng,s-sh	1
神龛	shén kān	29163	en-eng,an-ang,s-sh	3
史论	shǐ lùn	29168	s-sh,n-l,r-l	1
铁索	tiě suǒ	29170	ia-ie,ua-uo,s-sh	1
通婚	tōng hūn	29171	h-f	1
图解	tú jiě	29172	ia-ie,j-q-x	1
推戴	tuī dài	29173	ai-ei	1
桅杆	wéi gān	29174	an-ang,ai-ei	3
舞伴	wǔ bàn	29176	an-ang	1
瞎眼	xiā yǎn	29177	an-ang,ia-ie,j-q-x	1
县府	xiàn fǔ	29178	ian-iang,h-f,j-q-x	1
新学	xīn xué	29179	in-ing,j-q-x	1
雪景	xuě jǐng	29181	in-ing,j-q-x	1
牙关	yá guān	29182	uan-uang	1
延寿	yán shòu	29183	an-ang,ao-ou,s-sh	1
幽香	yōu xiāng	29187	ian-iang,ao-ou,j-q-x	1
痔疮	zhì chuāng	29189	uan-uang,z-zh,c-ch	3
中点	zhōng diǎn	29190	ian-iang,z-zh	1
壮胆	zhuàng dǎn	29191	an-ang,uan-uang,z-zh	1
壮锦	zhuàng jǐn	29192	in-ing,uan-uang,z-zh,j-q-x	1
总纲	zǒng gāng	29194	an-ang,z-zh	1
拌嘴	bàn zuǐ	29195	an-ang,z-zh	1
帮办	bāng bàn	29196	an-ang	1
饱餐	bǎo cān	29197	an-ang,ao-ou,c-ch	1
饱经	bǎo jīng	29198	in-ing,ao-ou,j-q-x	1
鲍鱼	bào yú	29200	ao-ou	1
倍受	bèi shòu	29201	ai-ei,ao-ou,s-sh	1
重修	chóng xiū	29205	c-ch,j-q-x	1
春旱	chūn hàn	29206	an-ang,c-ch,h-f	1
刺猬	cì wei	29207	ai-ei,c-ch	1
粗人	cū rén	29208	en-eng,c-ch,r-l	1
打闹	dǎ nào	29209	ao-ou,n-l	1
打油	dǎ yóu	29210	ao-ou	1
大寿	dà shòu	29211	ao-ou,s-sh	1
呆账	dāi zhàng	29212	an-ang,ai-ei,z-zh	1
但凡	dàn fán	29213	an-ang,h-f	1
当道	dāng dào	29214	an-ang,ao-ou	1
地心	dì xīn	29217	in-ing,j-q-x	1
地衣	dì yī	29218		1
豆饼	dòu bǐng	29219	in-ing,ao-ou	1
断档	duàn dàng	29220	an-ang,uan-uang	1
而况	ér kuàng	29221	uan-uang	1
翻船	fān chuán	29222	an-ang,uan-uang,c-ch,h-f	1
烦心	fán xīn	29223	in-ing,an-ang,h-f,j-q-x	1
仿冒	fǎng mào	29224	an-ang,ao-ou,h-f	1
放权	fàng quán	29225	an-ang,uan-uang,h-f,j-q-x	1
风扇	fēng shàn	29226	en-eng,an-ang,s-sh,h-f	1
馆舍	guǎn shè	29228	uan-uang,s-sh	1
管区	guǎn qū	29229	uan-uang,j-q-x	1
国势	guó shì	29230	ua-uo,s-sh	1
果蝇	guǒ yíng	29231	in-ing,ua-uo	1
过场	guò chǎng	29232	an-ang,ua-uo,c-ch	1
过甚	guò shèn	29234	en-eng,ua-uo,s-sh	1
航标	háng biāo	29237	an-ang,h-f	1
击掌	jī zhǎng	29241	an-ang,z-zh,j-q-x	1
极品	jí pǐn	29242	in-ing,j-q-x	1
家室	jiā shì	29244	ia-ie,s-sh,j-q-x	1
脚背	jiǎo bèi	29247	ai-ei,j-q-x	1
禁地	jìn dì	29248	in-ing,j-q-x	1
旧部	jiù bù	29249	j-q-x	1
旧历	jiù lì	29250	n-l,r-l,j-q-x	1
倦怠	juàn dài	29251	uan-uang,ai-ei,j-q-x	1
利诱	lì yòu	29253	ao-ou,n-l,r-l	1
领路	lǐng lù	29254	in-ing,n-l,r-l	1
埋设	mái shè	29255	ai-ei,s-sh	1
卖身	mài shēn	29256	en-eng,ai-ei,s-sh	1
痞子	pǐ zi	29260	z-zh	3
奇事	qí shì	29261	s-sh,j-q-x	1
脐带	qí dài	29262	ai-ei,j-q-x	1
神医	shén yī	29268	en-eng,s-sh	1
胜景	shèng jǐng	29269	en-eng,in-ing,s-sh,j-q-x	1
仕女	shì nǚ	29270	s-sh,n-l	3
寿星	shòu xing	29271	in-ing,ao-ou,s-sh,j-q-x	1
双全	shuāng quán	29272	uan-uang,s-sh,j-q-x	1
死水	sǐ shuǐ	29273	s-sh	1
肃反	sù fǎn	29274	an-ang,s-sh,h-f	1
同宗	tóng zōng	29275	z-zh	1
突进	tū jìn	29276	in-ing,j-q-x	1
拖车	tuō chē	29277	ua-uo,c-ch	1
晚点	wǎn diǎn	29278	an-ang,ian-iang	1
细腰	xì yāo	29280	ao-ou,j-q-x	1
下凡	xià fán	29281	an-ang,ia-ie,h-f,j-q-x	1
杏仁	xìng rén	29283	en-eng,in-ing,r-l,j-q-x	1
性交	xìng jiāo	29284	in-ing,j-q-x	1
牙签	yá qiān	29287	ian-iang,j-q-x	1
药瓶	yào píng	29288	in-ing,ao-ou	1
衣橱	yī chú	29290	c-ch	1
引子	yǐn zi	29291	in-ing,z-zh	1
隐语	yǐn yǔ	29292	in-ing	1
雨丝	yǔ sī	29293	s-sh	1
暂定	zàn dìng	29294	in-ing,an-ang,z-zh	1
转炉	zhuàn lú	29297	uan-uang,z-zh,n-l,r-l	1
总评	zǒng píng	29298	in-ing,z-zh	1
总支	zǒng zhī	29299	z-zh	1
做功	zuò gōng	29300	ua-uo,z-zh	1
安睡	ān shuì	29301	an-ang,s-sh	1
把脉	bǎ mài	29302	ai-ei	1
才学	cái xué	29305	ai-ei,c-ch,j-q-x	1
差遣	chāi qiǎn	29307	ian-iang,ai-ei,c-ch,j-q-x	1
虫卵	chóng luǎn	29308	uan-uang,c-ch,n-l,r-l	1
酬金	chóu jīn	29309	in-ing,ao-ou,c-ch,j-q-x	1
挡风	dǎng fēng	29313	en-eng,an-ang,h-f	1
电击	diàn jī	29314	ian-iang,j-q-x	1
短路	duǎn lù	29315	uan-uang,n-l,r-l	1
反超	fǎn chāo	29316	an-ang,ao-ou,c-ch,h-f	1
封赏	fēng shǎng	29317	en-eng,an-ang,s-sh,h-f	1
福地	fú dì	29318	h-f	1
附图	fù tú	29319	h-f	1
故道	gù dào	29321	ao-ou	1
挂面	guà miàn	29322	ian-iang,ua-uo	1
果木	guǒ mù	29324	ua-uo	1
海鸟	hǎi niǎo	29325	ai-ei,n-l,h-f	1
合流	hé liú	29326	n-l,h-f,r-l	1
呼啦	hū lā	29327	n-l,h-f,r-l	1
虎狼	hǔ láng	29328	an-ang,n-l,h-f,r-l	1
黄泉	huáng quán	29329	uan-uang,h-f,j-q-x	1
黄铜	huáng tóng	29330	uan-uang,h-f	1
鸡腿	jī tuǐ	29331	j-q-x	1
记叙	jì xù	29332	j-q-x	1
客店	kè diàn	29334	ian-iang	1
苦斗	kǔ dòu	29335	ao-ou	1
力战	lì zhàn	29336	an-ang,z-zh,n-l,r-l	1
菱形	líng xíng	29337	in-ing,n-l,r-l,j-q-x	1
埋单	mái dān	29339	an-ang,ai-ei	1
米汤	mǐ tāng	29340	an-ang	1
冥想	míng xiǎng	29342	in-ing,ian-iang,j-q-x	1
磨灭	mó miè	29344	ia-ie	1
柠檬	níng méng	29346	en-eng,in-ing,n-l	1
炮仗	pào zhang	29348	an-ang,ao-ou,z-zh	1
破土	pò tǔ	29349		1
浅滩	qiǎn tān	29351	an-ang,ian-iang,j-q-x	1
情态	qíng tài	29352	in-ing,ai-ei,j-q-x	1
取道	qǔ dào	29353	ao-ou,j-q-x	1
洒落	sǎ luò	29356	ua-uo,s-sh,n-l,r-l	1
筛子	shāi zi	29357	ai-ei,z-zh,s-sh	1
山岳	shān yuè	29358	an-ang,s-sh	1
赏罚	shǎng fá	29359	an-ang,s-sh,h-f	1
首肯	shǒu kěn	29360	en-eng,ao-ou,s-sh	1
水样	shuǐ yàng	29361	an-ang,s-sh	1
台面	tái miàn	29362	ian-iang,ai-ei	1
体液	tǐ yè	29363		1
调料	tiáo liào	29364	n-l,r-l	1
土岗	tǔ gǎng	29365	an-ang	1
下士	xià shì	29368	ia-ie,s-sh,j-q-x	1
先哲	xiān zhé	29369	ian-iang,z-zh,j-q-x	1
乡邻	xiāng lín	29370	in-ing,ian-iang,n-l,r-l,j-q-x	1
小传	xiǎo zhuàn	29371	uan-uang,z-zh,j-q-x	1
刷屏	shuā píng	29372	in-ing,ua-uo,s-sh	1
笑谈	xiào tán	29373	an-ang,j-q-x	1
笑靥	xiào yè	29374	j-q-x	3
心潮	xīn cháo	29375	in-ing,ao-ou,c-ch,j-q-x	1
凶犯	xiōng fàn	29376	an-ang,h-f,j-q-x	1
药液	yào yè	29378	ao-ou	1
意趣	yì qù	29379	j-q-x	1
约稿	yuē gǎo	29382	ao-ou	1
招引	zhāo yǐn	29383	in-ing,ao-ou,z-zh	1
治家	zhì jiā	29386	ia-ie,z-zh,j-q-x	1
智谋	zhì móu	29387	ao-ou,z-zh	1
壮语	zhuàng yǔ	29388	uan-uang,z-zh	1
案板	àn bǎn	29391	an-ang	1
白描	bái miáo	29392	ai-ei	1
剥皮	bāo pí	29393	ao-ou	1
笔尖	bǐ jiān	29394	ian-iang,j-q-x	1
避讳	bì huì	29395	h-f	1
禀赋	bǐng fù	29397	in-ing,h-f	1
才女	cái nǚ	29400	ai-ei,c-ch,n-l	1
踩踏	cǎi tà	29401	ai-ei,c-ch	1
扯淡	chě dàn	29402	an-ang,c-ch	1
乘务	chéng wù	29403	en-eng,c-ch	1
出格	chū gé	29404	c-ch	1
除开	chú kāi	29405	ai-ei,c-ch	1
素妆	sù zhuāng	29406	uan-uang,z-zh,s-sh	1
窗纱	chuāng shā	29408	uan-uang,c-ch,s-sh	1
冻疮	dòng chuāng	29413	uan-uang,c-ch	1
对决	duì jué	29414	j-q-x	1
恶名	è míng	29415	in-ing	1
发怔	fā zhèng	29416	en-eng,z-zh,h-f	1
飞身	fēi shēn	29417	en-eng,ai-ei,s-sh,h-f	1
飞鱼	fēi yú	29418	ai-ei,h-f	1
复试	fù shì	29419	s-sh,h-f	1
杆秤	gǎn chèng	29420	en-eng,an-ang,c-ch	1
缸子	gāng zi	29421	an-ang,z-zh	1
高抬	gāo tái	29422	ai-ei,ao-ou	1
锅灶	guō zào	29424	ao-ou,ua-uo,z-zh	1
孩提	hái tí	29425	ai-ei,h-f	1
豪门	háo mén	29426	en-eng,ao-ou,h-f	1
和弦	hé xián	29427	ian-iang,h-f,j-q-x	1
机子	jī zi	29428	z-zh,j-q-x	1
急用	jí yòng	29429	j-q-x	1
继位	jì wèi	29430	ai-ei,j-q-x	1
交税	jiāo shuì	29434	s-sh,j-q-x	1
校勘	jiào kān	29435	an-ang,j-q-x	1
旧约	jiù yuē	29437	j-q-x	1
康乐	kāng lè	29438	an-ang,n-l,r-l	1
渴盼	kě pàn	29439	an-ang	1
枯水	kū shuǐ	29440	s-sh	1
苦口	kǔ kǒu	29441	ao-ou	1
历险	lì xiǎn	29442	ian-iang,n-l,r-l,j-q-x	1
驾龄	jià líng	29443	in-ing,ia-ie,n-l,r-l,j-q-x	1
门庭	mén tíng	29444	en-eng,in-ing	1
农贷	nóng dài	29447	ai-ei,n-l	1
铺户	pù hù	29450	h-f	1
曝晒	pù shài	29451	ai-ei,s-sh	1
迁怒	qiān nù	29452	ian-iang,n-l,j-q-x	1
绕行	rào xíng	29453	in-ing,ao-ou,r-l,j-q-x	1
入梦	rù mèng	29454	en-eng,r-l	1
杀机	shā jī	29455	s-sh,j-q-x	1
赏月	shǎng yuè	29456	an-ang,s-sh	1
殊死	shū sǐ	29458	s-sh	1
碎花	suì huā	29459	ua-uo,s-sh,h-f	1
抬腿	tái tuǐ	29460	ai-ei	1
体征	tǐ zhēng	29461	en-eng,z-zh	1
铁甲	tiě jiǎ	29462	ia-ie,j-q-x	1
窝藏	wō cáng	29465	an-ang,c-ch	1
误诊	wù zhěn	29466	en-eng,z-zh	1
相册	xiàng cè	29467	ian-iang,c-ch,j-q-x	1
性腺	xìng xiàn	29469	in-ing,ian-iang,j-q-x	1
玄妙	xuán miào	29471	uan-uang,j-q-x	1
血气	xuè qì	29472	j-q-x	1
阳刚	yáng gāng	29474	an-ang	1
医嘱	yī zhǔ	29475	z-zh	1
影印	yǐng yìn	29476	in-ing	1
幼子	yòu zǐ	29478	ao-ou,z-zh	1
圆梦	yuán mèng	29479	en-eng,uan-uang	1
再则	zài zé	29480	ai-ei,z-zh	1
藏医	zàng yī	29481	an-ang,z-zh	1
治丧	zhì sāng	29482	an-ang,z-zh,s-sh	1
中和	zhōng hé	29483	z-zh,h-f	1
重臣	zhòng chén	29484	en-eng,z-zh,c-ch	1
桌布	zhuō bù	29485	ua-uo,z-zh	1
资财	zī cái	29486	ai-ei,z-zh,c-ch	1
白搭	bái dā	29488	ai-ei	1
百病	bǎi bìng	29489	in-ing,ai-ei	1
斑马	bān mǎ	29490	an-ang	1
悲戚	bēi qī	29491	ai-ei,j-q-x	1
悲叹	bēi tàn	29492	an-ang,ai-ei	1
病残	bìng cán	29496	in-ing,an-ang,c-ch	1
陈规	chén guī	29498	en-eng,c-ch	1
初九	chū jiǔ	29500	c-ch,j-q-x	1
纯熟	chún shú	29501	c-ch,s-sh	1
醇厚	chún hòu	29502	ao-ou,c-ch,h-f	1
导热	dǎo rè	29503	ao-ou,r-l	1
倒挂	dào guà	29504	ao-ou,ua-uo	1
讹诈	é zhà	29505	z-zh	1
泛舟	fàn zhōu	29506	an-ang,ao-ou,z-zh,h-f	1
盖头	gài tou	29508	ai-ei,ao-ou	1
古筝	gǔ zhēng	29511	en-eng,z-zh	1
股金	gǔ jīn	29512	in-ing,j-q-x	1
海盐	hǎi yán	29513	an-ang,ai-ei,h-f	1
和美	hé měi	29514	ai-ei,h-f	1
贺礼	hè lǐ	29515	n-l,h-f,r-l	1
红茶	hóng chá	29516	c-ch,h-f	1
花车	huā chē	29517	ua-uo,c-ch,h-f	1
换代	huàn dài	29518	uan-uang,ai-ei,h-f	1
昏厥	hūn jué	29519	h-f,j-q-x	3
祭品	jì pǐn	29520	in-ing,j-q-x	1
甲子	jiǎ zǐ	29521	ia-ie,z-zh,j-q-x	1
健谈	jiàn tán	29522	an-ang,ian-iang,j-q-x	1
芥蒂	jiè dì	29523	ia-ie,j-q-x	1
伉俪	kàng lì	29524	an-ang,n-l,r-l	2
抗命	kàng mìng	29525	in-ing,an-ang	1
垒球	lěi qiú	29528	ai-ei,n-l,r-l,j-q-x	1
飘摇	piāo yáo	29534	ao-ou	1
牵线	qiān xiàn	29536	ian-iang,j-q-x	1
倾轧	qīng yà	29537	in-ing,j-q-x	1
清音	qīng yīn	29538	in-ing,j-q-x	1
认领	rèn lǐng	29539	en-eng,in-ing,n-l,r-l	1
韧带	rèn dài	29540	en-eng,ai-ei,r-l	1
爽直	shuǎng zhí	29543	uan-uang,z-zh,s-sh	1
嘶鸣	sī míng	29545	in-ing,s-sh	1
四座	sì zuò	29546	ua-uo,z-zh,s-sh	1
贪财	tān cái	29547	an-ang,ai-ei,c-ch	1
体表	tǐ biǎo	29548		1
田赋	tián fù	29549	ian-iang,h-f	1
土布	tǔ bù	29551		1
退避	tuì bì	29552		1
外史	wài shǐ	29553	ai-ei,s-sh	1
未详	wèi xiáng	29554	ian-iang,ai-ei,j-q-x	1
问路	wèn lù	29555	en-eng,n-l,r-l	1
析出	xī chū	29557	c-ch,j-q-x	1
喜报	xǐ bào	29558	ao-ou,j-q-x	1
下葬	xià zàng	29559	an-ang,ia-ie,z-zh,j-q-x	1
先令	xiān lìng	29560	in-ing,ian-iang,n-l,r-l,j-q-x	1
险滩	xiǎn tān	29561	an-ang,ian-iang,j-q-x	1
乡人	xiāng rén	29562	en-eng,ian-iang,r-l,j-q-x	1
小瞧	xiǎo qiáo	29564	j-q-x	1
刑满	xíng mǎn	29565	in-ing,an-ang,j-q-x	1
雄奇	xióng qí	29566	j-q-x	1
养伤	yǎng shāng	29567	an-ang,s-sh	1
遗民	yí mín	29570	in-ing	1
隐喻	yǐn yù	29572	in-ing	1
楹联	yíng lián	29573	in-ing,ian-iang,n-l,r-l	3
悦目	yuè mù	29574		1
跃动	yuè dòng	29575		1
粤剧	yuè jù	29576	j-q-x	1
涨潮	zhǎng cháo	29577	an-ang,ao-ou,z-zh,c-ch	1
箴言	zhēn yán	29578	en-eng,an-ang,z-zh	3
制革	zhì gé	29580	z-zh	1
专修	zhuān xiū	29581	uan-uang,z-zh,j-q-x	1
钻戒	zuàn jiè	29583	uan-uang,ia-ie,z-zh,j-q-x	1
作难	zuò nán	29584	an-ang,ua-uo,z-zh,n-l	1
嗷嗷	áo áo	29586	ao-ou	2
饱览	bǎo lǎn	29587	an-ang,ao-ou,n-l,r-l	1
宝刀	bǎo dāo	29588	ao-ou	1
悲歌	bēi gē	29589	ai-ei	1
酬谢	chóu xiè	29592	ao-ou,ia-ie,c-ch,j-q-x	1
垂体	chuí tǐ	29593	c-ch	1
单衣	dān yī	29597	an-ang	1
弹弓	dàn gōng	29598	an-ang	1
得道	dé dào	29599	ao-ou	1
涤纶	dí lún	29600	n-l,r-l	3
冻伤	dòng shāng	29601	an-ang,s-sh	1
法度	fǎ dù	29603	h-f	1
风干	fēng gān	29605	en-eng,an-ang,h-f	1
烽烟	fēng yān	29606	en-eng,an-ang,h-f	3
赴任	fù rèn	29607	en-eng,h-f,r-l	1
高分	gāo fēn	29609	en-eng,ao-ou,h-f	1
高攀	gāo pān	29610	an-ang,ao-ou	1
骨牌	gǔ pái	29611	ai-ei	1
故地	gù dì	29612		1
寡人	guǎ rén	29613	en-eng,ua-uo,r-l	1
锅巴	guō bā	29614	ua-uo	1
和会	hé huì	29616	h-f	1
后脚	hòu jiǎo	29617	ao-ou,h-f,j-q-x	1
幻梦	huàn mèng	29618	en-eng,uan-uang,h-f	1
熟料	shú liào	29619	s-sh,n-l,r-l	1
换乘	huàn chéng	29620	en-eng,uan-uang,c-ch,h-f	1
豁口	huō kǒu	29621	ao-ou,ua-uo,h-f	1
疾走	jí zǒu	29623	ao-ou,z-zh,j-q-x	1
家父	jiā fù	29624	ia-ie,h-f,j-q-x	1
茧子	jiǎn zi	29625	ian-iang,z-zh,j-q-x	1
坎儿	kǎn er	29628	an-ang	1
溃败	kuì bài	29630	ai-ei	1
劳役	láo yì	29631	ao-ou,n-l,r-l	1
罹难	lí nàn	29632	an-ang,n-l,r-l	3
留宿	liú sù	29634	s-sh,n-l,r-l	1
落寞	luò mò	29635	ua-uo,n-l,r-l	1
冒牌	mào pái	29636	ai-ei,ao-ou	1
名门	míng mén	29638	en-eng,in-ing	1
谋私	móu sī	29639	ao-ou,s-sh	1
目眩	mù xuàn	29640	uan-uang,j-q-x	3
耐寒	nài hán	29642	an-ang,ai-ei,n-l,h-f	1
闹哄	nào hong	29643	ao-ou,n-l,h-f	1
配种	pèi zhǒng	29644	ai-ei,z-zh	1
普降	pǔ jiàng	29645	ian-iang,j-q-x	1
奇峰	qí fēng	29646	en-eng,h-f,j-q-x	1
千斤	qiān jīn	29647	in-ing,ian-iang,j-q-x	1
墙面	qiáng miàn	29648	ian-iang,j-q-x	1
亲疏	qīn shū	29649	in-ing,s-sh,j-q-x	1
球市	qiú shì	29651	s-sh,j-q-x	1
去职	qù zhí	29652	z-zh,j-q-x	1
如其	rú qí	29655	r-l,j-q-x	1
善人	shàn rén	29656	en-eng,an-ang,s-sh,r-l	1
受穷	shòu qióng	29658	ao-ou,s-sh,j-q-x	1
授勋	shòu xūn	29659	ao-ou,s-sh,j-q-x	1
鼠害	shǔ hài	29660	ai-ei,s-sh,h-f	1
竖直	shù zhí	29661	z-zh,s-sh	1
水荒	shuǐ huāng	29662	uan-uang,s-sh,h-f	1
嘶叫	sī jiào	29664	s-sh,j-q-x	1
四溅	sì jiàn	29667	ian-iang,s-sh,j-q-x	1
堂会	táng huì	29669	an-ang,h-f	1
涕泪	tì lèi	29670	ai-ei,n-l,r-l	1
贴补	tiē bǔ	29671	ia-ie	1
铜锣	tóng luó	29672	ua-uo,n-l,r-l	1
退换	tuì huàn	29674	uan-uang,h-f	1
脱销	tuō xiāo	29675	ua-uo,j-q-x	1
微词	wēi cí	29676	ai-ei,c-ch	1
惜别	xī bié	29678	ia-ie,j-q-x	1
仙子	xiān zǐ	29679	ian-iang,z-zh,j-q-x	1
橡树	xiàng shù	29680	ian-iang,s-sh,j-q-x	1
笑纹	xiào wén	29681	en-eng,j-q-x	1
养父	yǎng fù	29683	an-ang,h-f	1
展商	zhǎn shāng	29685	an-ang,z-zh,s-sh	1
鱼贯	yú guàn	29687	uan-uang	1
雨林	yǔ lín	29688	in-ing,n-l,r-l	1
远郊	yuǎn jiāo	29689	uan-uang,j-q-x	1
月度	yuè dù	29690		1
杂沓	zá tà	29692	z-zh	3
在位	zài wèi	29693	ai-ei,z-zh	1
暴走	bào zǒu	29696	ao-ou,z-zh	1
置业	zhì yè	29697	z-zh	1
钻心	zuān xīn	29699	in-ing,uan-uang,z-zh,j-q-x	1
鹌鹑	ān chún	29700	an-ang,c-ch	2
坝址	bà zhǐ	29701	z-zh	1
背篓	bēi lǒu	29702	ai-ei,ao-ou,n-l,r-l	1
悲恸	bēi tòng	29703	ai-ei	3
背书	bèi shū	29704	ai-ei,s-sh	1
鼻息	bí xī	29705	j-q-x	1
碧桃	bì táo	29706	ao-ou	1
布设	bù shè	29707	s-sh	1
蚕丝	cán sī	29708	an-ang,c-ch,s-sh	1
瞠目	chēng mù	29709	en-eng,c-ch	3
抽筋	chōu jīn	29710	in-ing,ao-ou,c-ch,j-q-x	1
船家	chuán jiā	29712	uan-uang,ia-ie,c-ch,j-q-x	1
垂涎	chuí xián	29713	ian-iang,c-ch,j-q-x	3
打更	dǎ gēng	29715	en-eng	1
灯罩	dēng zhào	29716	en-eng,ao-ou,z-zh	1
定案	dìng àn	29717	in-ing,an-ang	1
顿首	dùn shǒu	29718	ao-ou,s-sh	1
阿谀	ē yú	29719		3
法门	fǎ mén	29720	en-eng,h-f	1
范本	fàn běn	29721	en-eng,an-ang,h-f	1
飞镖	fēi biāo	29722	ai-ei,h-f	3
飞涨	fēi zhǎng	29723	an-ang,ai-ei,z-zh,h-f	1
复式	fù shì	29724	s-sh,h-f	1
竿子	gān zi	29725	an-ang,z-zh	1
岗亭	gǎng tíng	29726	in-ing,an-ang	1
篙子	gāo zi	29728	ao-ou,z-zh	3
宫闱	gōng wéi	29729	ai-ei	3
合璧	hé bì	29731	h-f	1
合葬	hé zàng	29732	an-ang,z-zh,h-f	1
后撤	hòu chè	29733	ao-ou,c-ch,h-f	1
混成	hùn chéng	29736	en-eng,c-ch,h-f	1
记取	jì qǔ	29738	j-q-x	1
祭扫	jì sǎo	29740	ao-ou,s-sh,j-q-x	1
简评	jiǎn píng	29741	in-ing,ian-iang,j-q-x	1
匠心	jiàng xīn	29742	in-ing,ian-iang,j-q-x	1
进贡	jìn gòng	29743	in-ing,j-q-x	1
禁渔	jìn yú	29744	in-ing,j-q-x	1
经久	jīng jiǔ	29746	in-ing,j-q-x	1
市貌	shì mào	29747	ao-ou,s-sh	1
嶙峋	lín xún	29748	in-ing,n-l,r-l,j-q-x	2
麻脸	má liǎn	29749	ian-iang,n-l,r-l	1
莽撞	mǎng zhuàng	29750	an-ang,uan-uang,z-zh	1
没辙	méi zhé	29751	ai-ei,z-zh	1
魔王	mó wáng	29752	an-ang	1
魔芋	mó yù	29753		1
泥沼	ní zhǎo	29754	ao-ou,z-zh,n-l	1
年届	nián jiè	29755	ian-iang,ia-ie,n-l,j-q-x	1
配电	pèi diàn	29756	ian-iang,ai-ei	1
岂肯	qǐ kěn	29757	en-eng,j-q-x	1
前倾	qián qīng	29758	in-ing,ian-iang,j-q-x	1
讪讪	shàn shàn	29759	an-ang,s-sh	2
石磨	shí mò	29761	s-sh	1
世情	shì qíng	29762	in-ing,s-sh,j-q-x	1
叔公	shū gōng	29764	s-sh	1
水灵	shuǐ ling	29765	in-ing,s-sh,n-l,r-l	1
泰然	tài rán	29766	an-ang,ai-ei,r-l	1
倘或	tǎng huò	29767	an-ang,ua-uo,h-f	1
天良	tiān liáng	29768	ian-iang,n-l,r-l	1
唯物	wéi wù	29772	ai-ei	1
显性	xiǎn xìng	29773	in-ing,ian-iang,j-q-x	1
腥气	xīng qi	29775	in-ing,j-q-x	1
雪线	xuě xiàn	29776	ian-iang,j-q-x	1
严实	yán shi	29777	an-ang,s-sh	1
盐池	yán chí	29778	an-ang,c-ch	1
洋务	yáng wù	29779	an-ang	1
用词	yòng cí	29782	c-ch	1
攸关	yōu guān	29783	uan-uang,ao-ou	3
邮递	yóu dì	29784	ao-ou	1
援救	yuán jiù	29788	uan-uang,j-q-x	1
粘连	zhān lián	29789	an-ang,ian-iang,z-zh,n-l,r-l	1
正点	zhèng diǎn	29790	en-eng,ian-iang,z-zh	1
重水	zhòng shuǐ	29792	z-zh,s-sh	1
钻头	zuàn tóu	29793	uan-uang,ao-ou,z-zh	1
盎司	àng sī	29795	an-ang,s-sh	3
包工	bāo gōng	29796	ao-ou	1
报界	bào jiè	29797	ao-ou,ia-ie,j-q-x	1
本心	běn xīn	29799	en-eng,in-ing,j-q-x	1
本义	běn yì	29800	en-eng	1
逼视	bī shì	29801	s-sh	1
笔锋	bǐ fēng	29802	en-eng,h-f	1
必修	bì xiū	29803	j-q-x	1
遍野	biàn yě	29804	ian-iang	1
辨识	biàn shí	29805	ian-iang,s-sh	1
跛子	bǒ zi	29806	z-zh	1
彩排	cǎi pái	29809	ai-ei,c-ch	1
查勘	chá kān	29810	an-ang,c-ch	1
敞亮	chǎng liàng	29811	an-ang,ian-iang,c-ch,n-l,r-l	1
车位	chē wèi	29812	ai-ei,c-ch	1
成器	chéng qì	29813	en-eng,c-ch,j-q-x	1
承租	chéng zū	29814	en-eng,z-zh,c-ch	1
丑态	chǒu tài	29815	ai-ei,ao-ou,c-ch	1
带鱼	dài yú	29817	ai-ei	1
胆气	dǎn qì	29820	an-ang,j-q-x	1
毒化	dú huà	29821	ua-uo,h-f	1
阀门	fá mén	29824	en-eng,h-f	1
房钱	fáng qián	29825	an-ang,ian-iang,h-f,j-q-x	1
非命	fēi mìng	29826	in-ing,ai-ei,h-f	1
废铁	fèi tiě	29827	ai-ei,ia-ie,h-f	1
高小	gāo xiǎo	29829	ao-ou,j-q-x	1
挂名	guà míng	29832	in-ing,ua-uo	1
横加	héng jiā	29833	en-eng,ia-ie,h-f,j-q-x	1
化外	huà wài	29834	ai-ei,ua-uo,h-f	1
疾呼	jí hū	29838	h-f,j-q-x	1
就义	jiù yì	29841	j-q-x	1
军种	jūn zhǒng	29842	z-zh,j-q-x	1
吏治	lì zhì	29846	z-zh,n-l,r-l	1
裂解	liè jiě	29848	ia-ie,n-l,r-l,j-q-x	1
篓子	lǒu zi	29849	ao-ou,z-zh,n-l,r-l	1
鲁班	lǔ bān	29850	an-ang,n-l,r-l	1
猛将	měng jiàng	29852	en-eng,ian-iang,j-q-x	1
明慧	míng huì	29853	in-ing,h-f	1
牧歌	mù gē	29854		1
排戏	pái xì	29855	ai-ei,j-q-x	1
偏方	piān fāng	29856	an-ang,ian-iang,h-f	1
飘舞	piāo wǔ	29857		1
气闷	qì mèn	29859	en-eng,j-q-x	1
侨居	qiáo jū	29860	j-q-x	1
青史	qīng shǐ	29862	in-ing,s-sh,j-q-x	1
轻生	qīng shēng	29863	en-eng,in-ing,s-sh,j-q-x	1
清正	qīng zhèng	29864	en-eng,in-ing,z-zh,j-q-x	1
入土	rù tǔ	29866	r-l	1
丧命	sàng mìng	29867	in-ing,an-ang,s-sh	1
扇形	shàn xíng	29868	in-ing,an-ang,s-sh,j-q-x	1
水压	shuǐ yā	29871	s-sh	1
弹跳	tán tiào	29872	an-ang	1
堂兄	táng xiōng	29873	an-ang,j-q-x	1
铁蹄	tiě tí	29874	ia-ie	1
文秘	wén mì	29877	en-eng	1
仙姑	xiān gū	29879	ian-iang,j-q-x	1
降服	xiáng fú	29881	ian-iang,h-f,j-q-x	1
小辈	xiǎo bèi	29882	ai-ei,j-q-x	1
行善	xíng shàn	29883	in-ing,an-ang,s-sh,j-q-x	1
削平	xuē píng	29884	in-ing,j-q-x	1
烟枪	yān qiāng	29885	an-ang,ian-iang,j-q-x	1
盐田	yán tián	29886	an-ang,ian-iang	1
叶面	yè miàn	29888	ian-iang	1
贻害	yí hài	29889	ai-ei,h-f	1
胰腺	yí xiàn	29890	ian-iang,j-q-x	1
元勋	yuán xūn	29892	uan-uang,j-q-x	1
阅卷	yuè juàn	29893	uan-uang,j-q-x	1
杂谈	zá tán	29895	an-ang,z-zh	1
珍奇	zhēn qí	29896	en-eng,z-zh,j-q-x	1
真迹	zhēn jì	29897	en-eng,z-zh,j-q-x	1
朱砂	zhū shā	29899	z-zh,s-sh	1
专权	zhuān quán	29900	uan-uang,z-zh,j-q-x	1
自欺	zì qī	29902	z-zh,j-q-x	1
组歌	zǔ gē	29903	z-zh	1
左面	zuǒ miàn	29904	ian-iang,ua-uo,z-zh	1
裨益	bì yì	29907		3
变体	biàn tǐ	29908	ian-iang	1
标枪	biāo qiāng	29909	ian-iang,j-q-x	1
搏杀	bó shā	29910	s-sh	1
才力	cái lì	29911	ai-ei,c-ch,n-l,r-l	1
豺狼	chái láng	29913	an-ang,ai-ei,c-ch,n-l,r-l	1
蟾蜍	chán chú	29914	an-ang,c-ch	2
超编	chāo biān	29915	ian-iang,ao-ou,c-ch	1
车钱	chē qián	29916	ian-iang,c-ch,j-q-x	1
宠幸	chǒng xìng	29917	in-ing,c-ch,j-q-x	1
抽咽	chōu yè	29918	ao-ou,c-ch	1
纯化	chún huà	29920	ua-uo,c-ch,h-f	1
从艺	cóng yì	29922	c-ch	1
代用	dài yòng	29925	ai-ei	1
底色	dǐ sè	29926	s-sh	1
斗鸡	dòu jī	29928	ao-ou,j-q-x	1
佛事	fó shì	29930	s-sh,h-f	1
佛塔	fó tǎ	29931	h-f	1
干笑	gān xiào	29932	an-ang,j-q-x	1
汉学	hàn xué	29933	an-ang,h-f,j-q-x	1
旱区	hàn qū	29934	an-ang,h-f,j-q-x	1
禾苗	hé miáo	29935	h-f	1
黑潮	hēi cháo	29936	ai-ei,ao-ou,c-ch,h-f	1
后母	hòu mǔ	29937	ao-ou,h-f	1
护短	hù duǎn	29938	uan-uang,h-f	1
挥泪	huī lèi	29940	ai-ei,n-l,h-f,r-l	1
昏黑	hūn hēi	29941	ai-ei,h-f	1
戛然	jiá rán	29945	an-ang,ia-ie,r-l,j-q-x	3
假想	jiǎ xiǎng	29946	ian-iang,ia-ie,j-q-x	1
健忘	jiàn wàng	29948	an-ang,ian-iang,j-q-x	1
矫治	jiǎo zhì	29949	z-zh,j-q-x	1
嫖宿	piáo sù	29950	s-sh	3
搅和	jiǎo huo	29951	ua-uo,h-f,j-q-x	1
较劲	jiào jìn	29952	in-ing,j-q-x	1
节余	jié yú	29953	ia-ie,j-q-x	1
截取	jié qǔ	29954	ia-ie,j-q-x	1
旧账	jiù zhàng	29957	an-ang,z-zh,j-q-x	1
军容	jūn róng	29958	r-l,j-q-x	1
快件	kuài jiàn	29959	ian-iang,j-q-x	1
泪人	lèi rén	29961	en-eng,ai-ei,n-l,r-l	1
乱麻	luàn má	29962	uan-uang,n-l,r-l	1
轮机	lún jī	29963	n-l,r-l,j-q-x	1
买通	mǎi tōng	29964	ai-ei	1
启航	qǐ háng	29969	an-ang,h-f,j-q-x	1
怯弱	qiè ruò	29970	ia-ie,ua-uo,r-l,j-q-x	1
雀斑	què bān	29972	an-ang,j-q-x	1
施礼	shī lǐ	29974	s-sh,n-l,r-l	1
守夜	shǒu yè	29975	ao-ou,s-sh	1
说客	shuō kè	29977	ua-uo,s-sh	1
塑性	sù xìng	29978	in-ing,s-sh,j-q-x	1
体统	tǐ tǒng	29979		1
铁窗	tiě chuāng	29980	uan-uang,ia-ie,c-ch	1
听政	tīng zhèng	29981	en-eng,in-ing,z-zh	1
统共	tǒng gòng	29982		1
外乡	wài xiāng	29984	ian-iang,ai-ei,j-q-x	1
相面	xiàng miàn	29987	ian-iang,j-q-x	1
潇潇	xiāo xiāo	29988	j-q-x	1
笑料	xiào liào	29991	n-l,r-l,j-q-x	1
歇业	xiē yè	29993	ia-ie,j-q-x	1
修造	xiū zào	29994	ao-ou,z-zh,j-q-x	1
验票	yàn piào	29996	an-ang	1
洋火	yáng huǒ	29997	an-ang,ua-uo,h-f	1
野猫	yě māo	29999	ao-ou	1
幼林	yòu lín	30003	in-ing,ao-ou,n-l,r-l	1
迂腐	yū fǔ	30004	h-f	1
预知	yù zhī	30006	z-zh	1
缘起	yuán qǐ	30007	uan-uang,j-q-x	1
早市	zǎo shì	30008	ao-ou,z-zh,s-sh	1
早退	zǎo tuì	30009	ao-ou,z-zh	1
造句	zào jù	30010	ao-ou,z-zh,j-q-x	1
赠款	zèng kuǎn	30011	en-eng,uan-uang,z-zh	1
毡帽	zhān mào	30012	an-ang,ao-ou,z-zh	1
纸面	zhǐ miàn	30014	ian-iang,z-zh	1
忠良	zhōng liáng	30015	ian-iang,z-zh,n-l,r-l	1
专任	zhuān rèn	30016	en-eng,uan-uang,z-zh,r-l	1
作数	zuò shù	30018	ua-uo,z-zh,s-sh	1
哀号	āi háo	30019	ai-ei,ao-ou,h-f	1
北麓	běi lù	30021	ai-ei,n-l,r-l	3
备至	bèi zhì	30022	ai-ei,z-zh	1
哔叽	bì jī	30023	j-q-x	3
补缺	bǔ quē	30024	j-q-x	1
叉腰	chā yāo	30025	ao-ou,c-ch	1
插头	chā tóu	30026	ao-ou,c-ch	1
查缉	chá jī	30027	c-ch,j-q-x	1
出借	chū jiè	30028	ia-ie,c-ch,j-q-x	1
初十	chū shí	30029	c-ch,s-sh	1
初试	chū shì	30030	c-ch,s-sh	1
春寒	chūn hán	30032	an-ang,c-ch,h-f	1
电钮	diàn niǔ	30033	ian-iang,n-l	1
电热	diàn rè	30034	ian-iang,r-l	1
返青	fǎn qīng	30039	in-ing,an-ang,h-f,j-q-x	1
肥厚	féi hòu	30040	ai-ei,ao-ou,h-f	1
粉墙	fěn qiáng	30041	en-eng,ian-iang,h-f,j-q-x	1
干渴	gān kě	30043	an-ang	1
告退	gào tuì	30045	ao-ou	1
花序	huā xù	30051	ua-uo,h-f,j-q-x	1
婚宴	hūn yàn	30053	an-ang,h-f	1
火舌	huǒ shé	30054	ua-uo,s-sh,h-f	1
祸首	huò shǒu	30055	ao-ou,ua-uo,s-sh,h-f	1
脚镣	jiǎo liào	30057	n-l,r-l,j-q-x	3
教鞭	jiào biān	30058	ian-iang,j-q-x	1
解气	jiě qì	30059	ia-ie,j-q-x	1
俊美	jùn měi	30061	ai-ei,j-q-x	1
可嘉	kě jiā	30062	ia-ie,j-q-x	1
溃烂	kuì làn	30063	an-ang,n-l,r-l	1
礼炮	lǐ pào	30064	ao-ou,n-l,r-l	1
连篇	lián piān	30065	ian-iang,n-l,r-l	1
炼丹	liàn dān	30066	an-ang,ian-iang,n-l,r-l	1
马鞭	mǎ biān	30067	ian-iang	1
媚眼	mèi yǎn	30069	an-ang,ai-ei	1
蒙昧	méng mèi	30071	en-eng,ai-ei	1
面授	miàn shòu	30072	ian-iang,ao-ou,s-sh	1
幕布	mù bù	30073		1
乔迁	qiáo qiān	30077	ian-iang,j-q-x	1
窃笑	qiè xiào	30078	ia-ie,j-q-x	1
秋种	qiū zhòng	30079	z-zh,j-q-x	1
色光	sè guāng	30081	uan-uang,s-sh	1
水雾	shuǐ wù	30084	s-sh	1
死气	sǐ qì	30085	s-sh,j-q-x	1
弹力	tán lì	30086	an-ang,n-l,r-l	1
逃遁	táo dùn	30087	ao-ou	3
提单	tí dān	30088	an-ang	1
托儿	tuō er	30089	ua-uo	1
莞尔	wǎn ěr	30090	an-ang	3
胃炎	wèi yán	30091	an-ang,ai-ei	1
喂食	wèi shí	30092	ai-ei,s-sh	1
瑕疵	xiá cī	30094	ia-ie,c-ch,j-q-x	2
掀动	xiān dòng	30096	ian-iang,j-q-x	1
显见	xiǎn jiàn	30097	ian-iang,j-q-x	1
小艇	xiǎo tǐng	30098	in-ing,j-q-x	1
星体	xīng tǐ	30100	in-ing,j-q-x	1
延宕	yán dàng	30102	an-ang	3
药检	yào jiǎn	30103	ian-iang,ao-ou,j-q-x	1
衣饰	yī shì	30106	s-sh	1
易燃	yì rán	30107	an-ang,r-l	1
意会	yì huì	30108	h-f	1
隐现	yǐn xiàn	30109	in-ing,ian-iang,j-q-x	1
御敌	yù dí	30112		1
乐音	yuè yīn	30113	in-ing	1
灶台	zào tái	30115	ai-ei,ao-ou,z-zh	1
织造	zhī zào	30119	ao-ou,z-zh	1
种羊	zhǒng yáng	30121	an-ang,z-zh	1
啄食	zhuó shí	30122	ua-uo,z-zh,s-sh	1
遵行	zūn xíng	30124	in-ing,z-zh,j-q-x	1
爱女	ài nǚ	30126	ai-ei,n-l	1
熬煎	áo jiān	30127	ian-iang,ao-ou,j-q-x	1
播送	bō sòng	30129	s-sh	1
捕猎	bǔ liè	30130	ia-ie,n-l,r-l	1
层级	céng jí	30132	en-eng,c-ch,j-q-x	1
茶花	chá huā	30133	ua-uo,c-ch,h-f	1
初等	chū děng	30135	en-eng,c-ch	1
床垫	chuáng diàn	30137	ian-iang,uan-uang,c-ch	1
纯种	chún zhǒng	30138	z-zh,c-ch	1
丛莽	cóng mǎng	30139	an-ang,c-ch	1
打车	dǎ chē	30141	c-ch	1
大考	dà kǎo	30143	ao-ou	1
刀口	dāo kǒu	30145	ao-ou	1
舵手	duò shǒu	30148	ao-ou,ua-uo,s-sh	1
法术	fǎ shù	30149	s-sh,h-f	1
付印	fù yìn	30150	in-ing,h-f	1
赴会	fù huì	30151	h-f	1
干果	gān guǒ	30152	an-ang,ua-uo	1
干咳	gān ké	30153	an-ang	1
深绿	shēn lǜ	30154	en-eng,s-sh,n-l,r-l	1
干掉	gàn diào	30155	an-ang	1
古板	gǔ bǎn	30156	an-ang	1
光碟	guāng dié	30157	uan-uang,ia-ie	1
黑线	hēi xiàn	30158	ian-iang,ai-ei,h-f,j-q-x	1
哗变	huá biàn	30159	ian-iang,ua-uo,h-f	1
环山	huán shān	30160	an-ang,uan-uang,s-sh,h-f	1
剪辑	jiǎn jí	30161	ian-iang,j-q-x	1
狡辩	jiǎo biàn	30162	ian-iang,j-q-x	1
金库	jīn kù	30163	in-ing,j-q-x	1
禁闭	jìn bì	30164	in-ing,j-q-x	1
楷书	kǎi shū	30167	ai-ei,s-sh	1
客队	kè duì	30169		1
空投	kōng tóu	30171	ao-ou	1
框子	kuàng zi	30172	uan-uang,z-zh	1
缆车	lǎn chē	30173	an-ang,c-ch,n-l,r-l	1
滥发	làn fā	30174	an-ang,n-l,h-f,r-l	1
隶书	lì shū	30175	s-sh,n-l,r-l	1
马棚	mǎ péng	30177	en-eng	1
满座	mǎn zuò	30178	an-ang,ua-uo,z-zh	1
勉力	miǎn lì	30179	ian-iang,n-l,r-l	1
妙处	miào chù	30180	c-ch	1
民团	mín tuán	30181	in-ing,uan-uang	1
耐磨	nài mó	30182	ai-ei,n-l	1
难友	nàn yǒu	30183	an-ang,ao-ou,n-l	1
内讧	nèi hòng	30184	ai-ei,n-l,h-f	3
浓淡	nóng dàn	30186	an-ang,n-l	1
盘剥	pán bō	30187	an-ang	1
缥缈	piāo miǎo	30189		2
迫令	pò lìng	30190	in-ing,n-l,r-l	1
半晌	bàn shǎng	30191	an-ang,s-sh	1
铺板	pù bǎn	30192	an-ang	1
企望	qǐ wàng	30193	an-ang,j-q-x	1
青龙	qīng lóng	30195	in-ing,n-l,r-l,j-q-x	1
泉涌	quán yǒng	30196	uan-uang,j-q-x	1
荣华	róng huá	30197	ua-uo,h-f,r-l	1
丧家	sāng jiā	30198	an-ang,ia-ie,s-sh,j-q-x	1
善事	shàn shì	30199	an-ang,s-sh	1
谁个	shéi gè	30201	ai-ei,s-sh	1
书场	shū chǎng	30203	an-ang,c-ch,s-sh	1
私产	sī chǎn	30204	an-ang,c-ch,s-sh	1
踏步	tà bù	30205		1
弹指	tán zhǐ	30206	an-ang,z-zh	1
天险	tiān xiǎn	30207	ian-iang,j-q-x	1
迢迢	tiáo tiáo	30208		1
顽疾	wán jí	30209	an-ang,j-q-x	1
万幸	wàn xìng	30210	in-ing,an-ang,j-q-x	1
王法	wáng fǎ	30211	an-ang,h-f	1
午间	wǔ jiān	30212	ian-iang,j-q-x	1
稀泥	xī ní	30213	n-l,j-q-x	1
下脚	xià jiǎo	30214	ia-ie,j-q-x	1
香案	xiāng àn	30215	an-ang,ian-iang,j-q-x	1
校际	xiào jì	30217	j-q-x	1
心率	xīn lǜ	30219	in-ing,n-l,r-l,j-q-x	1
绣球	xiù qiú	30220	j-q-x	1
虚惊	xū jīng	30221	in-ing,j-q-x	1
移人	yí rén	30222	en-eng,r-l	1
引自	yǐn zì	30223	in-ing,z-zh	1
油饼	yóu bǐng	30224	in-ing,ao-ou	1
愚民	yú mín	30225	in-ing	1
扎营	zhā yíng	30226	in-ing,z-zh	1
长女	zhǎng nǚ	30227	an-ang,z-zh,n-l	1
折扇	zhé shàn	30228	an-ang,z-zh,s-sh	1
主轴	zhǔ zhóu	30229	ao-ou,z-zh	1
专使	zhuān shǐ	30230	uan-uang,z-zh,s-sh	1
庄户	zhuāng hù	30231	uan-uang,z-zh,h-f	1
组件	zǔ jiàn	30232	ian-iang,z-zh,j-q-x	1
扳机	bān jī	30234	an-ang,j-q-x	1
抱拳	bào quán	30235	uan-uang,ao-ou,j-q-x	1
笔端	bǐ duān	30236	uan-uang	1
别论	bié lùn	30237	ia-ie,n-l,r-l	1
禀明	bǐng míng	30239	in-ing	1
餐车	cān chē	30241	an-ang,c-ch	1
吵嚷	chǎo rǎng	30242	an-ang,ao-ou,c-ch,r-l	1
穿刺	chuān cì	30244	uan-uang,c-ch	1
蛋黄	dàn huáng	30245	an-ang,uan-uang,h-f	1
老本	lǎo běn	30246	en-eng,ao-ou,n-l,r-l	1
登月	dēng yuè	30247	en-eng	1
等量	děng liàng	30248	en-eng,ian-iang,n-l,r-l	1
电传	diàn chuán	30249	ian-iang,uan-uang,c-ch	1
吊灯	diào dēng	30250	en-eng	1
对仗	duì zhàng	30252	an-ang,z-zh	1
发毛	fā máo	30254	ao-ou,h-f	1
发指	fà zhǐ	30255	z-zh,h-f	1
翻卷	fān juǎn	30256	an-ang,uan-uang,h-f,j-q-x	1
返工	fǎn gōng	30257	an-ang,h-f	1
饭局	fàn jú	30258	an-ang,h-f,j-q-x	1
防潮	fáng cháo	30259	an-ang,ao-ou,c-ch,h-f	1
逢迎	féng yíng	30260	en-eng,in-ing,h-f	1
负气	fù qì	30261	h-f,j-q-x	1
改姓	gǎi xìng	30262	in-ing,ai-ei,j-q-x	1
苟且	gǒu qiě	30263	ao-ou,ia-ie,j-q-x	1
顾盼	gù pàn	30264	an-ang	1
国魂	guó hún	30266	ua-uo,h-f	1
河沿	hé yán	30267	an-ang,h-f	1
喉管	hóu guǎn	30268	uan-uang,ao-ou,h-f	1
花旦	huā dàn	30269	an-ang,ua-uo,h-f	1
活血	huó xuè	30270	ua-uo,h-f,j-q-x	1
火轮	huǒ lún	30271	ua-uo,n-l,h-f,r-l	1
佳丽	jiā lì	30273	ia-ie,n-l,r-l,j-q-x	1
截肢	jié zhī	30274	ia-ie,z-zh,j-q-x	1
金贵	jīn guì	30275	in-ing,j-q-x	1
军威	jūn wēi	30276	ai-ei,j-q-x	1
炕桌	kàng zhuō	30277	an-ang,ua-uo,z-zh	1
口授	kǒu shòu	30278	ao-ou,s-sh	1
矿床	kuàng chuáng	30279	uan-uang,c-ch	1
扩股	kuò gǔ	30280	ua-uo	1
莅临	lì lín	30281	in-ing,n-l,r-l	3
临战	lín zhàn	30283	in-ing,an-ang,z-zh,n-l,r-l	1
轮牧	lún mù	30285	n-l,r-l	1
麻黄	má huáng	30286	uan-uang,h-f	1
没戏	méi xì	30287	ai-ei,j-q-x	1
门厅	mén tīng	30289	en-eng,in-ing	1
名状	míng zhuàng	30290	in-ing,uan-uang,z-zh	1
明察	míng chá	30291	in-ing,c-ch	1
魔幻	mó huàn	30292	uan-uang,h-f	1
难色	nán sè	30293	an-ang,s-sh,n-l	1
内应	nèi yìng	30294	in-ing,ai-ei,n-l	1
排他	pái tā	30295	ai-ei	1
券商	quàn shāng	30297	an-ang,uan-uang,s-sh,j-q-x	1
占比	zhàn bǐ	30298	an-ang,z-zh	1
山色	shān sè	30299	an-ang,s-sh	1
稍事	shāo shì	30300	ao-ou,s-sh	1
销户	xiāo hù	30301	h-f,j-q-x	1
丝竹	sī zhú	30306	z-zh,s-sh	1
酸奶	suān nǎi	30308	uan-uang,ai-ei,s-sh,n-l	1
通衢	tōng qú	30309	j-q-x	3
投弹	tóu dàn	30310	an-ang,ao-ou	1
屯田	tún tián	30311	ian-iang	1
往还	wǎng huán	30314	an-ang,uan-uang,h-f	1
威势	wēi shì	30315	ai-ei,s-sh	1
无瑕	wú xiá	30316	ia-ie,j-q-x	3
毋庸	wú yōng	30317		3
心术	xīn shù	30319	in-ing,s-sh,j-q-x	1
汛情	xùn qíng	30324	in-ing,j-q-x	1
洋流	yáng liú	30325	an-ang,n-l,r-l	1
益智	yì zhì	30329	z-zh	1
油亮	yóu liàng	30332	ian-iang,ao-ou,n-l,r-l	1
右面	yòu miàn	30333	ian-iang,ao-ou	1
余力	yú lì	30334	n-l,r-l	1
余震	yú zhèn	30335	en-eng,z-zh	1
御医	yù yī	30336		1
御用	yù yòng	30337		1
杂念	zá niàn	30338	ian-iang,z-zh,n-l	1
宰割	zǎi gē	30339	ai-ei,z-zh	1
枣子	zǎo zi	30340	ao-ou,z-zh	1
职衔	zhí xián	30342	ian-iang,z-zh,j-q-x	1
中饱	zhōng bǎo	30343	ao-ou,z-zh	1
中伤	zhòng shāng	30344	an-ang,z-zh,s-sh	1
周长	zhōu cháng	30345	an-ang,ao-ou,z-zh,c-ch	1
自封	zì fēng	30347	en-eng,z-zh,h-f	1
板结	bǎn jié	30348	an-ang,ia-ie,j-q-x	1
本源	běn yuán	30349	en-eng,uan-uang	1
婢女	bì nǚ	30350	n-l	3
壁炉	bì lú	30351	n-l,r-l	1
臂弯	bì wān	30352	an-ang	1
饬令	chì lìng	30354	in-ing,c-ch,n-l,r-l	3
抽噎	chōu yē	30355	ao-ou,c-ch	3
传扬	chuán yáng	30356	an-ang,uan-uang,c-ch	1
打拳	dǎ quán	30357	uan-uang,j-q-x	1
大写	dà xiě	30360	ia-ie,j-q-x	1
定都	dìng dū	30363	in-ing	1
度汛	dù xùn	30364	j-q-x	1
幅员	fú yuán	30367	uan-uang,h-f	1
改悔	gǎi huǐ	30368	ai-ei,h-f	1
干涩	gān sè	30369	an-ang,s-sh	1
更张	gēng zhāng	30370	en-eng,an-ang,z-zh	1
关机	guān jī	30371	uan-uang,j-q-x	1
含羞	hán xiū	30372	an-ang,h-f,j-q-x	1
合宜	hé yí	30373	h-f	1
化脓	huà nóng	30376	ua-uo,n-l,h-f	1
积德	jī dé	30378	j-q-x	1
激扬	jī yáng	30379	an-ang,j-q-x	1
季刊	jì kān	30380	an-ang,j-q-x	1
截瘫	jié tān	30381	an-ang,ia-ie,j-q-x	1
精微	jīng wēi	30382	in-ing,ai-ei,j-q-x	1
静养	jìng yǎng	30384	in-ing,an-ang,j-q-x	1
枯树	kū shù	30385	s-sh	1
捞钱	lāo qián	30387	ian-iang,ao-ou,n-l,r-l,j-q-x	1
炼狱	liàn yù	30388	ian-iang,n-l,r-l	1
灵便	líng bian	30390	in-ing,ian-iang,n-l,r-l	1
茅房	máo fáng	30391	an-ang,ao-ou,h-f	1
耐久	nài jiǔ	30392	ai-ei,n-l,j-q-x	1
男婴	nán yīng	30393	in-ing,an-ang,n-l	1
怒骂	nù mà	30394	n-l	1
起誓	qǐ shì	30395	s-sh,j-q-x	1
前嫌	qián xián	30396	ian-iang,j-q-x	1
求新	qiú xīn	30398	in-ing,j-q-x	1
肉身	ròu shēn	30400	en-eng,ao-ou,s-sh,r-l	1
桑蚕	sāng cán	30401	an-ang,c-ch,s-sh	1
桑园	sāng yuán	30402	an-ang,uan-uang,s-sh	1
色相	sè xiàng	30403	ian-iang,s-sh,j-q-x	1
上脸	shàng liǎn	30404	an-ang,ian-iang,s-sh,n-l,r-l	1
神女	shén nǚ	30406	en-eng,s-sh,n-l	1
守节	shǒu jié	30409	ao-ou,ia-ie,s-sh,j-q-x	1
兽性	shòu xìng	30410	in-ing,ao-ou,s-sh,j-q-x	1
水货	shuǐ huò	30411	ua-uo,s-sh,h-f	1
听凭	tīng píng	30412	in-ing	1
通途	tōng tú	30413		1
头脸	tóu liǎn	30414	ian-iang,ao-ou,n-l,r-l	1
顽抗	wán kàng	30416	an-ang	1
五帝	wǔ dì	30419		1
武生	wǔ shēng	30420	en-eng,s-sh	1
误工	wù gōng	30421		1
做大	zuò dà	30422	ua-uo,z-zh	1
误伤	wù shāng	30423	an-ang,s-sh	1
孟子	mèng zǐ	30425	en-eng,z-zh	1
美体	měi tǐ	30426	ai-ei	1
下浮	xià fú	30427	ia-ie,h-f,j-q-x	1
下书	xià shū	30428	ia-ie,s-sh,j-q-x	1
秀色	xiù sè	30430	s-sh,j-q-x	1
恤衫	xù shān	30431	an-ang,s-sh,j-q-x	1
蚜虫	yá chóng	30432	c-ch	3
盐类	yán lèi	30433	an-ang,ai-ei,n-l,r-l	1
引退	yǐn tuì	30435	in-ing	1
圆锥	yuán zhuī	30436	uan-uang,z-zh	1
杂色	zá sè	30437	z-zh,s-sh	1
脏乱	zāng luàn	30438	an-ang,uan-uang,z-zh,n-l,r-l	1
长兄	zhǎng xiōng	30439	an-ang,z-zh,j-q-x	1
惠民	huì mín	30440	in-ing,h-f	1
自毁	zì huǐ	30442	z-zh,h-f	1
走火	zǒu huǒ	30443	ao-ou,ua-uo,z-zh,h-f	1
北齐	běi qí	30447	ai-ei,j-q-x	1
奔丧	bēn sāng	30448	en-eng,an-ang,s-sh	1
劈腿	pǐ tuǐ	30449		1
布施	bù shī	30450	s-sh	1
拆散	chāi sàn	30452	an-ang,ai-ei,c-ch,s-sh	1
超采	chāo cǎi	30453	ai-ei,ao-ou,c-ch	1
称奇	chēng qí	30454	en-eng,c-ch,j-q-x	1
愁闷	chóu mèn	30455	en-eng,ao-ou,c-ch	1
出险	chū xiǎn	30456	ian-iang,c-ch,j-q-x	1
吹风	chuī fēng	30457	en-eng,c-ch,h-f	1
纯利	chún lì	30458	c-ch,n-l,r-l	1
磁石	cí shí	30459	c-ch,s-sh	1
错失	cuò shī	30460	ua-uo,c-ch,s-sh	1
大器	dà qì	30462	j-q-x	1
刀叉	dāo chā	30465	ao-ou,c-ch	1
等闲	děng xián	30466	en-eng,ian-iang,j-q-x	1
非人	fēi rén	30471	en-eng,ai-ei,h-f,r-l	1
封疆	fēng jiāng	30473	en-eng,ian-iang,h-f,j-q-x	1
浮标	fú biāo	30474	h-f	1
共管	gòng guǎn	30475	uan-uang	1
官位	guān wèi	30476	uan-uang,ai-ei	1
归降	guī xiáng	30478	ian-iang,j-q-x	1
海角	hǎi jiǎo	30480	ai-ei,h-f,j-q-x	1
喝醉	hē zuì	30482	z-zh,h-f	1
胡诌	hú zhōu	30483	ao-ou,z-zh,h-f	3
花甲	huā jiǎ	30484	ia-ie,ua-uo,h-f,j-q-x	1
皇族	huáng zú	30485	uan-uang,z-zh,h-f	1
僵死	jiāng sǐ	30490	ian-iang,s-sh,j-q-x	1
角门	jiǎo mén	30491	en-eng,j-q-x	1
节律	jié lǜ	30492	ia-ie,n-l,r-l,j-q-x	1
军乐	jūn yuè	30494	j-q-x	1
坑人	kēng rén	30497	en-eng,r-l	1
狂暴	kuáng bào	30498	uan-uang,ao-ou	1
临了	lín liǎo	30500	in-ing,n-l,r-l	1
留用	liú yòng	30501	n-l,r-l	1
麦草	mài cǎo	30502	ai-ei,ao-ou,c-ch	1
冒顶	mào dǐng	30504	in-ing,ao-ou	1
门神	mén shén	30505	en-eng,s-sh	1
麋鹿	mí lù	30506	n-l,r-l	3
免予	miǎn yǔ	30507	ian-iang	1
木鱼	mù yú	30508		1
凝眸	níng móu	30509	in-ing,ao-ou,n-l	3
炮轰	pào hōng	30512	ao-ou,h-f	1
凄清	qī qīng	30513	in-ing,j-q-x	1
切面	qiē miàn	30514	ian-iang,ia-ie,j-q-x	1
请帖	qǐng tiě	30515	in-ing,ia-ie,j-q-x	1
儒者	rú zhě	30517	z-zh,r-l	1
丧胆	sàng dǎn	30518	an-ang,s-sh	1
商海	shāng hǎi	30519	an-ang,ai-ei,s-sh,h-f	1
神似	shén sì	30520	en-eng,s-sh	1
盛怒	shèng nù	30521	en-eng,s-sh,n-l	1
失势	shī shì	30522	s-sh	1
史官	shǐ guān	30523	uan-uang,s-sh	1
树桩	shù zhuāng	30524	uan-uang,z-zh,s-sh	1
双料	shuāng liào	30525	uan-uang,s-sh,n-l,r-l	1
水饺	shuǐ jiǎo	30526	s-sh,j-q-x	1
搜刮	sōu guā	30527	ao-ou,ua-uo,s-sh	1
特赦	tè shè	30528	s-sh	1
同道	tóng dào	30529	ao-ou	1
王侯	wáng hóu	30532	an-ang,ao-ou,h-f	1
畏罪	wèi zuì	30533	ai-ei,z-zh	1
文辞	wén cí	30534	en-eng,c-ch	1
夏夜	xià yè	30537	ia-ie,j-q-x	1
相左	xiāng zuǒ	30538	ian-iang,ua-uo,z-zh,j-q-x	1
香烛	xiāng zhú	30539	ian-iang,z-zh,j-q-x	1
小户	xiǎo hù	30540	h-f,j-q-x	1
胸臆	xiōng yì	30542	j-q-x	3
羞于	xiū yú	30543	j-q-x	1
血栓	xuè shuān	30544	uan-uang,s-sh,j-q-x	1
遥想	yáo xiǎng	30547	ian-iang,ao-ou,j-q-x	1
衣带	yī dài	30548	ai-ei	1
依傍	yī bàng	30549	an-ang	1
隐伏	yǐn fú	30550	in-ing,h-f	1
油船	yóu chuán	30551	uan-uang,ao-ou,c-ch	1
昭雪	zhāo xuě	30554	ao-ou,z-zh,j-q-x	1
照准	zhào zhǔn	30555	ao-ou,z-zh	1
蛰伏	zhé fú	30556	z-zh,h-f	3
中看	zhōng kàn	30559	an-ang,z-zh	1
诸葛	zhū gě	30560	z-zh	1
诸公	zhū gōng	30561	z-zh	1
包抄	bāo chāo	30565	ao-ou,c-ch	1
保收	bǎo shōu	30566	ao-ou,s-sh	1
倍数	bèi shù	30568	ai-ei,s-sh	1
比邻	bǐ lín	30569	in-ing,n-l,r-l	1
苍山	cāng shān	30571	an-ang,c-ch,s-sh	1
茶农	chá nóng	30572	c-ch,n-l	1
车组	chē zǔ	30573	z-zh,c-ch	1
赤红	chì hóng	30574	c-ch,h-f	1
传布	chuán bù	30575	uan-uang,c-ch	1
垂青	chuí qīng	30576	in-ing,c-ch,j-q-x	1
唇膏	chún gāo	30577	ao-ou,c-ch	1
磁体	cí tǐ	30578	c-ch	1
村舍	cūn shè	30579	c-ch,s-sh	1
达观	dá guān	30580	uan-uang	1
大牙	dà yá	30581		1
电焊	diàn hàn	30583	an-ang,ian-iang,h-f	1
洞子	dòng zi	30584	z-zh	1
端口	duān kǒu	30587	uan-uang,ao-ou	1
放枪	fàng qiāng	30588	an-ang,ian-iang,h-f,j-q-x	1
风笛	fēng dí	30590	en-eng,h-f	1
风琴	fēng qín	30591	en-eng,in-ing,h-f,j-q-x	1
风势	fēng shì	30592	en-eng,s-sh,h-f	1
甘霖	gān lín	30593	in-ing,an-ang,n-l,r-l	3
甘油	gān yóu	30594	an-ang,ao-ou	1
根须	gēn xū	30598	en-eng,j-q-x	1
合编	hé biān	30599	ian-iang,h-f	1
和棋	hé qí	30601	h-f,j-q-x	1
红土	hóng tǔ	30602	h-f	1
滑溜	huá liu	30603	ua-uo,n-l,h-f,r-l	1
黄鱼	huáng yú	30604	uan-uang,h-f	1
火龙	huǒ lóng	30605	ua-uo,n-l,h-f,r-l	1
加码	jiā mǎ	30606	ia-ie,j-q-x	1
见笑	jiàn xiào	30607	ian-iang,j-q-x	1
渐变	jiàn biàn	30608	ian-iang,j-q-x	1
僵尸	jiāng shī	30609	ian-iang,s-sh,j-q-x	1
浇注	jiāo zhù	30610	z-zh,j-q-x	1
禁赌	jìn dǔ	30611	in-ing,j-q-x	1
惊涛	jīng tāo	30612	in-ing,ao-ou,j-q-x	1
锯齿	jù chǐ	30613	c-ch,j-q-x	1
绝收	jué shōu	30614	ao-ou,s-sh,j-q-x	1
浪涛	làng tāo	30616	an-ang,ao-ou,n-l,r-l	1
冷库	lěng kù	30617	en-eng,n-l,r-l	1
骂娘	mà niáng	30620	ian-iang,n-l	1
平复	píng fù	30623	in-ing,h-f	1
抢白	qiǎng bái	30625	ian-iang,ai-ei,j-q-x	1
亲耳	qīn ěr	30626	in-ing,j-q-x	1
雀跃	què yuè	30627	j-q-x	1
确证	què zhèng	30628	en-eng,z-zh,j-q-x	1
群起	qún qǐ	30629	j-q-x	1
染指	rǎn zhǐ	30630	an-ang,z-zh,r-l	1
肉质	ròu zhì	30633	ao-ou,z-zh,r-l	1
诗话	shī huà	30636	ua-uo,s-sh,h-f	1
侍弄	shì nòng	30637	s-sh,n-l	1
顺当	shùn dang	30638	an-ang,s-sh	1
抬杠	tái gàng	30640	an-ang,ai-ei	1
提纯	tí chún	30641	c-ch	1
万全	wàn quán	30643	an-ang,uan-uang,j-q-x	1
相让	xiāng ràng	30645	an-ang,ian-iang,r-l,j-q-x	1
消炎	xiāo yán	30646	an-ang,j-q-x	1
鞋匠	xié jiàng	30648	ian-iang,ia-ie,j-q-x	1
心寒	xīn hán	30649	in-ing,an-ang,h-f,j-q-x	1
虚设	xū shè	30650	s-sh,j-q-x	1
雅座	yǎ zuò	30652	ua-uo,z-zh	1
衣箱	yī xiāng	30654	ian-iang,j-q-x	1
银币	yín bì	30656	in-ing	1
鱼缸	yú gāng	30657	an-ang	1
远房	yuǎn fáng	30659	an-ang,uan-uang,h-f	1
云量	yún liàng	30661	ian-iang,n-l,r-l	1
渣滓	zhā zǐ	30663	z-zh	3
征稿	zhēng gǎo	30665	en-eng,ao-ou,z-zh	1
整饬	zhěng chì	30666	en-eng,z-zh,c-ch	3
植根	zhí gēn	30667	en-eng,z-zh	1
忠魂	zhōng hún	30668	z-zh,h-f	1
主使	zhǔ shǐ	30669	z-zh,s-sh	1
主诉	zhǔ sù	30670	z-zh,s-sh	1
颁行	bān xíng	30674	in-ing,an-ang,j-q-x	1
报功	bào gōng	30675	ao-ou	1
辩白	biàn bái	30678	ian-iang,ai-ei	1
补考	bǔ kǎo	30679	ao-ou	1
补品	bǔ pǐn	30680	in-ing	1
长啸	cháng xiào	30681	an-ang,c-ch,j-q-x	1
超薄	chāo báo	30682	ao-ou,c-ch	1
臭名	chòu míng	30683	in-ing,ao-ou,c-ch	1
粗浅	cū qiǎn	30685	ian-iang,c-ch,j-q-x	1
单列	dān liè	30687	an-ang,ia-ie,n-l,r-l	1
倒头	dǎo tóu	30688	ao-ou	1
点数	diǎn shù	30689	ian-iang,s-sh	1
斗嘴	dòu zuǐ	30690	ao-ou,z-zh	1
断代	duàn dài	30691	uan-uang,ai-ei	1
多时	duō shí	30692	ua-uo,s-sh	1
发胖	fā pàng	30693	an-ang,h-f	1
法老	fǎ lǎo	30694	ao-ou,n-l,h-f,r-l	1
拂袖	fú xiù	30695	h-f,j-q-x	1
负疚	fù jiù	30696	h-f,j-q-x	1
敢问	gǎn wèn	30697	en-eng,an-ang	1
感怀	gǎn huái	30698	an-ang,h-f	1
公法	gōng fǎ	30699	h-f	1
号啕	háo táo	30701	ao-ou,h-f	3
黑哨	hēi shào	30703	ai-ei,ao-ou,s-sh,h-f	1
昏花	hūn huā	30704	ua-uo,h-f	1
积习	jī xí	30706	j-q-x	1
急骤	jí zhòu	30707	ao-ou,z-zh,j-q-x	1
夹板	jiā bǎn	30709	an-ang,ia-ie,j-q-x	1
肩背	jiān bèi	30710	ian-iang,ai-ei,j-q-x	1
肩胛	jiān jiǎ	30711	ian-iang,ia-ie,j-q-x	3
紧锁	jǐn suǒ	30714	in-ing,ua-uo,s-sh,j-q-x	1
禁绝	jìn jué	30715	in-ing,j-q-x	1
经管	jīng guǎn	30716	in-ing,uan-uang,j-q-x	1
警风	jǐng fēng	30718	en-eng,in-ing,h-f,j-q-x	1
酒窝	jiǔ wō	30719	j-q-x	1
举债	jǔ zhài	30720	ai-ei,z-zh,j-q-x	1
口风	kǒu fēng	30721	en-eng,ao-ou,h-f	1
礼赞	lǐ zàn	30723	an-ang,z-zh,n-l,r-l	1
连体	lián tǐ	30725	ian-iang,n-l,r-l	1
明处	míng chù	30729	in-ing,c-ch	1
谱儿	pǔ er	30732		1
启运	qǐ yùn	30734	j-q-x	1
忍让	rěn ràng	30738	en-eng,an-ang,r-l	1
殷红	yān hóng	30740	an-ang,h-f	1
生辰	shēng chén	30741	en-eng,c-ch,s-sh	1
食言	shí yán	30742	an-ang,s-sh	1
市侩	shì kuài	30743	s-sh	3
瘦子	shòu zi	30744	ao-ou,z-zh,s-sh	1
双轨	shuāng guǐ	30745	uan-uang,s-sh	1
丝织	sī zhī	30746	z-zh,s-sh	1
碎裂	suì liè	30747	ia-ie,s-sh,n-l,r-l	1
踏访	tà fǎng	30748	an-ang,h-f	1
踏青	tà qīng	30749	in-ing,j-q-x	1
题诗	tí shī	30751	s-sh	1
跳绳	tiào shéng	30753	en-eng,s-sh	1
铁杆	tiě gǎn	30754	an-ang,ia-ie	1
涂炭	tú tàn	30756	an-ang	1
土族	tǔ zú	30757	z-zh	1
无着	wú zhuó	30758	ua-uo,z-zh	1
脑残	nǎo cán	30759	an-ang,ao-ou,c-ch,n-l	1
下联	xià lián	30760	ian-iang,ia-ie,n-l,r-l,j-q-x	1
弦子	xián zi	30761	ian-iang,z-zh,j-q-x	1
销赃	xiāo zāng	30762	an-ang,z-zh,j-q-x	1
行乐	xíng lè	30764	in-ing,n-l,r-l,j-q-x	1
雄关	xióng guān	30765	uan-uang,j-q-x	1
腰椎	yāo zhuī	30767	ao-ou,z-zh	1
阴沟	yīn gōu	30771	in-ing,ao-ou	1
英气	yīng qì	30772	in-ing,j-q-x	1
应召	yìng zhào	30773	in-ing,ao-ou,z-zh	1
忧思	yōu sī	30774	ao-ou,s-sh	1
幼女	yòu nǚ	30776	ao-ou,n-l	1
赠品	zèng pǐn	30778	en-eng,in-ing,z-zh	1
展露	zhǎn lù	30779	an-ang,z-zh,n-l,r-l	1
展室	zhǎn shì	30780	an-ang,z-zh,s-sh	1
镇痛	zhèn tòng	30781	en-eng,z-zh	1
征讨	zhēng tǎo	30782	en-eng,ao-ou,z-zh	1
自伤	zì shāng	30784	an-ang,z-zh,s-sh	1
坐堂	zuò táng	30785	an-ang,ua-uo,z-zh	1
爱神	ài shén	30786	en-eng,ai-ei,s-sh	1
绑匪	bǎng fěi	30788	an-ang,ai-ei,h-f	1
鄙薄	bǐ bó	30790		1
铲子	chǎn zi	30791	an-ang,z-zh,c-ch	1
扯谎	chě huǎng	30792	uan-uang,c-ch,h-f	1
沉渣	chén zhā	30793	en-eng,z-zh,c-ch	1
成对	chéng duì	30794	en-eng,c-ch	1
乘便	chéng biàn	30795	en-eng,ian-iang,c-ch	1
传讯	chuán xùn	30796	uan-uang,c-ch,j-q-x	1
春游	chūn yóu	30797	ao-ou,c-ch	1
从医	cóng yī	30798	c-ch	1
鞑靼	dá dá	30800		2
打从	dǎ cóng	30801	c-ch	1
低能	dī néng	30804	en-eng,n-l	1
夺路	duó lù	30806	ua-uo,n-l,r-l	1
恶行	è xíng	30807	in-ing,j-q-x	1
犯病	fàn bìng	30808	in-ing,an-ang,h-f	1
饭桶	fàn tǒng	30809	an-ang,h-f	1
梗塞	gěng sè	30813	en-eng,s-sh	1
公敌	gōng dí	30815		1
公物	gōng wù	30816		1
挂失	guà shī	30818	ua-uo,s-sh	1
归档	guī dàng	30819	an-ang	1
归天	guī tiān	30820	ian-iang	1
诡谲	guǐ jué	30821	j-q-x	3
后影	hòu yǐng	30823	in-ing,ao-ou,h-f	1
囫囵	hú lún	30824	n-l,h-f,r-l	2
互让	hù ràng	30825	an-ang,h-f,r-l	1
基座	jī zuò	30828	ua-uo,z-zh,j-q-x	1
甲等	jiǎ děng	30829	en-eng,ia-ie,j-q-x	1
钾盐	jiǎ yán	30830	an-ang,ia-ie,j-q-x	1
奸人	jiān rén	30831	en-eng,ian-iang,r-l,j-q-x	1
坚忍	jiān rěn	30832	en-eng,ian-iang,r-l,j-q-x	1
降压	jiàng yā	30834	ian-iang,j-q-x	1
浸染	jìn rǎn	30835	in-ing,an-ang,r-l,j-q-x	1
旧物	jiù wù	30836	j-q-x	1
均值	jūn zhí	30837	z-zh,j-q-x	1
峻岭	jùn lǐng	30838	in-ing,n-l,r-l,j-q-x	1
克己	kè jǐ	30839	j-q-x	1
困窘	kùn jiǒng	30840	j-q-x	1
老酒	lǎo jiǔ	30842	ao-ou,n-l,r-l,j-q-x	1
连缀	lián zhuì	30844	ian-iang,z-zh,n-l,r-l	1
冒尖	mào jiān	30847	ian-iang,ao-ou,j-q-x	1
奶茶	nǎi chá	30849	ai-ei,c-ch,n-l	1
年表	nián biǎo	30850	ian-iang,n-l	1
排版	pái bǎn	30851	an-ang,ai-ei	1
排骨	pái gǔ	30852	ai-ei	1
叵测	pǒ cè	30855	c-ch	3
圈地	quān dì	30857	uan-uang,j-q-x	1
人欲	rén yù	30858	en-eng,r-l	1
入神	rù shén	30860	en-eng,s-sh,r-l	1
塞北	sài běi	30861	ai-ei,s-sh	1
沙暴	shā bào	30862	ao-ou,s-sh	1
食量	shí liàng	30866	ian-iang,s-sh,n-l,r-l	1
手淫	shǒu yín	30867	in-ing,ao-ou,s-sh	1
叔伯	shū bai	30868	ai-ei,s-sh	1
水军	shuǐ jūn	30870	s-sh,j-q-x	1
顺乎	shùn hū	30871	s-sh,h-f	1
送终	sòng zhōng	30872	z-zh,s-sh	1
提亲	tí qīn	30873	in-ing,j-q-x	1
托福	tuō fú	30874	ua-uo,h-f	1
外海	wài hǎi	30875	ai-ei,h-f	1
违宪	wéi xiàn	30876	ian-iang,ai-ei,j-q-x	1
文才	wén cái	30877	en-eng,ai-ei,c-ch	1
西文	xī wén	30878	en-eng,j-q-x	1
洗牌	xǐ pái	30879	ai-ei,j-q-x	1
香槟	xiāng bīn	30880	in-ing,ian-iang,j-q-x	3
心细	xīn xì	30881	in-ing,j-q-x	1
行包	xíng bāo	30883	in-ing,ao-ou,j-q-x	1
旭日	xù rì	30885	r-l,j-q-x	1
迅捷	xùn jié	30886	ia-ie,j-q-x	1
哑剧	yǎ jù	30887	j-q-x	1
研习	yán xí	30889	an-ang,j-q-x	1
遗恨	yí hèn	30891	en-eng,h-f	1
疑义	yí yì	30893		1
预演	yù yǎn	30894	an-ang	1
乐谱	yuè pǔ	30895		1
云游	yún yóu	30896	ao-ou	1
曾孙	zēng sūn	30897	en-eng,z-zh,s-sh	1
站牌	zhàn pái	30898	an-ang,ai-ei,z-zh	1
职高	zhí gāo	30899	ao-ou,z-zh	1
致密	zhì mì	30900	z-zh	1
柱石	zhù shí	30902	z-zh,s-sh	1
转圜	zhuǎn huán	30903	uan-uang,z-zh,h-f	3
走穴	zǒu xué	30904	ao-ou,z-zh,j-q-x	1
被刺	bèi cì	30908	ai-ei,c-ch	1
避雨	bì yǔ	30909		1
冰凌	bīng líng	30910	in-ing,n-l,r-l	1
布雷	bù léi	30912	ai-ei,n-l,r-l	1
布展	bù zhǎn	30913	an-ang,z-zh	1
簿子	bù zi	30914	z-zh	1
侧门	cè mén	30915	en-eng,c-ch	1
偿命	cháng mìng	30916	in-ing,an-ang,c-ch	1
吃素	chī sù	30918	c-ch,s-sh	1
重审	chóng shěn	30920	en-eng,c-ch,s-sh	1
初赛	chū sài	30921	ai-ei,c-ch,s-sh	1
大班	dà bān	30922	an-ang	1
做派	zuò pài	30923	ai-ei,ua-uo,z-zh	1
倒毙	dǎo bì	30925	ao-ou	1
等号	děng hào	30926	en-eng,ao-ou,h-f	1
缝补	féng bǔ	30929	en-eng,h-f	1
俯伏	fǔ fú	30930	h-f	1
盖世	gài shì	30931	ai-ei,s-sh	1
古风	gǔ fēng	30934	en-eng,h-f	1
观瞻	guān zhān	30935	an-ang,uan-uang,z-zh	1
喊话	hǎn huà	30937	an-ang,ua-uo,h-f	1
红眼	hóng yǎn	30938	an-ang,h-f	1
祸患	huò huàn	30939	uan-uang,ua-uo,h-f	1
鸡笼	jī lóng	30941	n-l,r-l,j-q-x	1
荠菜	jì cài	30943	ai-ei,c-ch,j-q-x	3
简史	jiǎn shǐ	30944	ian-iang,s-sh,j-q-x	1
旧制	jiù zhì	30946	z-zh,j-q-x	1
绝句	jué jù	30947	j-q-x	1
课件	kè jiàn	30948	ian-iang,j-q-x	1
空巢	kōng cháo	30949	ao-ou,c-ch	1
空当	kòng dāng	30950	an-ang	1
劳碌	láo lù	30951	ao-ou,n-l,r-l	1
磊落	lěi luò	30953	ai-ei,ua-uo,n-l,r-l	1
领办	lǐng bàn	30955	in-ing,an-ang,n-l,r-l	1
茅坑	máo kēng	30957	en-eng,ao-ou	1
谜语	mí yǔ	30958		1
谋面	móu miàn	30959	ian-iang,ao-ou	1
排卵	pái luǎn	30960	uan-uang,ai-ei,n-l,r-l	1
碰杯	pèng bēi	30961	en-eng,ai-ei	1
匹夫	pǐ fū	30962	h-f	1
偏好	piān hǎo	30963	ian-iang,ao-ou,h-f	1
破落	pò luò	30965	ua-uo,n-l,r-l	1
亲子	qīn zǐ	30966	in-ing,z-zh,j-q-x	1
轻纱	qīng shā	30967	in-ing,s-sh,j-q-x	1
清朗	qīng lǎng	30968	in-ing,an-ang,n-l,r-l,j-q-x	1
煽惑	shān huò	30969	an-ang,ua-uo,s-sh,h-f	1
上首	shàng shǒu	30971	an-ang,ao-ou,s-sh	1
神智	shén zhì	30972	en-eng,z-zh,s-sh	1
师表	shī biǎo	30974	s-sh	1
食油	shí yóu	30975	ao-ou,s-sh	1
汤圆	tāng yuán	30979	an-ang,uan-uang	1
条凳	tiáo dèng	30980	en-eng	1
童趣	tóng qù	30981	j-q-x	1
瓦片	wǎ piàn	30982	ian-iang	1
纹路	wén lù	30984	en-eng,n-l,r-l	1
洗劫	xǐ jié	30986	ia-ie,j-q-x	1
虾米	xiā mi	30987	ia-ie,j-q-x	1
骁将	xiāo jiàng	30988	ian-iang,j-q-x	3
消夏	xiāo xià	30989	ia-ie,j-q-x	1
小引	xiǎo yǐn	30990	in-ing,j-q-x	1
邪路	xié lù	30991	ia-ie,n-l,r-l,j-q-x	1
胸罩	xiōng zhào	30994	ao-ou,z-zh,j-q-x	1
雪人	xuě rén	30995	en-eng,r-l,j-q-x	1
烟鬼	yān guǐ	30996	an-ang	1
盐分	yán fèn	30997	en-eng,an-ang,h-f	1
掩蔽	yǎn bì	30998	an-ang	1
淫荡	yín dàng	31001	in-ing,an-ang	1
诱敌	yòu dí	31002	ao-ou	1
展播	zhǎn bō	31004	an-ang,z-zh	1
贞节	zhēn jié	31005	en-eng,ia-ie,z-zh,j-q-x	1
中空	zhōng kōng	31006	z-zh	1
煮沸	zhǔ fèi	31007	ai-ei,z-zh,h-f	1
暴君	bào jūn	31011	ao-ou,j-q-x	1
卑贱	bēi jiàn	31012	ian-iang,ai-ei,j-q-x	1
宾语	bīn yǔ	31013	in-ing	1
茶会	chá huì	31014	c-ch,h-f	1
常绿	cháng lǜ	31016	an-ang,c-ch,n-l,r-l	1
超量	chāo liàng	31017	ian-iang,ao-ou,c-ch,n-l,r-l	1
聪颖	cōng yǐng	31018	in-ing,c-ch	1
粗粮	cū liáng	31019	ian-iang,c-ch,n-l,r-l	1
稻种	dào zhǒng	31023	ao-ou,z-zh	1
定式	dìng shì	31024	in-ing,s-sh	1
度数	dù shu	31026	s-sh	1
方凳	fāng dèng	31028	en-eng,an-ang,h-f	1
佛爷	fó ye	31031	h-f	1
复转	fù zhuǎn	31032	uan-uang,z-zh,h-f	1
岗哨	gǎng shào	31033	an-ang,ao-ou,s-sh	1
搞笑	gǎo xiào	31034	ao-ou,j-q-x	1
过奖	guò jiǎng	31035	ian-iang,ua-uo,j-q-x	1
黑云	hēi yún	31037	ai-ei,h-f	1
恒久	héng jiǔ	31038	en-eng,h-f,j-q-x	1
夹层	jiā céng	31042	en-eng,ia-ie,c-ch,j-q-x	1
家丑	jiā chǒu	31043	ao-ou,ia-ie,c-ch,j-q-x	1
谨严	jǐn yán	31045	in-ing,an-ang,j-q-x	1
军力	jūn lì	31046	n-l,r-l,j-q-x	1
刊行	kān xíng	31047	in-ing,an-ang,j-q-x	1
空姐	kōng jiě	31048	ia-ie,j-q-x	1
老辈	lǎo bèi	31049	ai-ei,ao-ou,n-l,r-l	1
雷霆	léi tíng	31050	in-ing,ai-ei,n-l,r-l	3
留成	liú chéng	31051	en-eng,c-ch,n-l,r-l	1
六指	liù zhǐ	31052	z-zh,n-l,r-l	1
嫩芽	nèn yá	31058	en-eng,n-l	1
涅槃	niè pán	31059	an-ang,ia-ie,n-l	6
排雷	pái léi	31061	ai-ei,n-l,r-l	1
纰漏	pī lòu	31062	ao-ou,n-l,r-l	3
毗连	pí lián	31063	ian-iang,n-l,r-l	3
譬喻	pì yù	31064		1
七绝	qī jué	31065	j-q-x	1
气态	qì tài	31066	ai-ei,j-q-x	1
青云	qīng yún	31067	in-ing,j-q-x	1
情场	qíng chǎng	31068	in-ing,an-ang,c-ch,j-q-x	1
日志	rì zhì	31070	z-zh,r-l	1
绒布	róng bù	31071	r-l	1
山岩	shān yán	31074	an-ang,s-sh	1
上劲	shàng jìn	31075	in-ing,an-ang,s-sh,j-q-x	1
受雇	shòu gù	31076	ao-ou,s-sh	1
聘期	pìn qī	31078	in-ing,j-q-x	1
顺道	shùn dào	31079	ao-ou,s-sh	1
私奔	sī bēn	31080	en-eng,s-sh	1
松涛	sōng tāo	31081	ao-ou,s-sh	1
踏雪	tà xuě	31083	j-q-x	1
恬淡	tián dàn	31084	an-ang,ian-iang	1
通好	tōng hǎo	31085	ao-ou,h-f	1
痛饮	tòng yǐn	31086	in-ing	1
伪善	wěi shàn	31088	an-ang,ai-ei,s-sh	1
销魂	xiāo hún	31091	h-f,j-q-x	1
行刺	xíng cì	31094	in-ing,c-ch,j-q-x	1
雅号	yǎ hào	31097	ao-ou,h-f	1
一览	yī lǎn	31098	an-ang,n-l,r-l	1
疑犯	yí fàn	31100	an-ang,h-f	1
用料	yòng liào	31102	n-l,r-l	1
油松	yóu sōng	31104	ao-ou,s-sh	1
有份	yǒu fèn	31106	en-eng,ao-ou,h-f	1
乐手	yuè shǒu	31107	ao-ou,s-sh	1
昭著	zhāo zhù	31109	ao-ou,z-zh	1
重磅	zhòng bàng	31110	an-ang,z-zh	1
重剑	zhòng jiàn	31111	ian-iang,z-zh,j-q-x	1
骤起	zhòu qǐ	31112	ao-ou,z-zh,j-q-x	1
转卖	zhuǎn mài	31113	uan-uang,ai-ei,z-zh	1
追悔	zhuī huǐ	31115	z-zh,h-f	1
暴怒	bào nù	31116	ao-ou,n-l	1
暴政	bào zhèng	31117	en-eng,ao-ou,z-zh	1
鼻头	bí tóu	31118	ao-ou	1
草屋	cǎo wū	31120	ao-ou,c-ch	1
炊事	chuī shì	31121	c-ch,s-sh	1
大粪	dà fèn	31122	en-eng,h-f	1
单杠	dān gàng	31123	an-ang	1
点染	diǎn rǎn	31124	an-ang,ian-iang,r-l	1
毒辣	dú là	31125	n-l,r-l	1
对过	duì guò	31127	ua-uo	1
多虑	duō lǜ	31128	ua-uo,n-l,r-l	1
反锁	fǎn suǒ	31129	an-ang,ua-uo,s-sh,h-f	1
放疗	fàng liáo	31130	an-ang,n-l,h-f,r-l	1
肥美	féi měi	31131	ai-ei,h-f	1
分科	fēn kē	31132	en-eng,h-f	1
丰润	fēng rùn	31133	en-eng,h-f,r-l	1
研石	yán shí	31136	an-ang,s-sh	1
钢盔	gāng kuī	31137	an-ang	1
攻守	gōng shǒu	31138	ao-ou,s-sh	1
怪兽	guài shòu	31139	ao-ou,s-sh	1
函件	hán jiàn	31140	an-ang,ian-iang,h-f,j-q-x	1
换钱	huàn qián	31143	ian-iang,uan-uang,h-f,j-q-x	1
换药	huàn yào	31144	uan-uang,ao-ou,h-f	1
荒岛	huāng dǎo	31145	uan-uang,ao-ou,h-f	1
黄鳝	huáng shàn	31146	an-ang,uan-uang,s-sh,h-f	3
吉日	jí rì	31148	r-l,j-q-x	1
奸诈	jiān zhà	31150	ian-iang,z-zh,j-q-x	1
见外	jiàn wài	31152	ian-iang,ai-ei,j-q-x	1
讲评	jiǎng píng	31153	in-ing,ian-iang,j-q-x	1
将官	jiàng guān	31154	ian-iang,uan-uang,j-q-x	1
据守	jù shǒu	31156	ao-ou,s-sh,j-q-x	1
扣发	kòu fā	31160	ao-ou,h-f	1
窥伺	kuī sì	31161	s-sh	1
劳顿	láo dùn	31162	ao-ou,n-l,r-l	1
礼宾	lǐ bīn	31164	in-ing,n-l,r-l	1
蚂蚱	mà zha	31167	z-zh	3
密友	mì yǒu	31168	ao-ou	1
茉莉	mò lì	31170	n-l,r-l	1
耐热	nài rè	31172	ai-ei,n-l,r-l	1
品茶	pǐn chá	31175	in-ing,c-ch	1
平直	píng zhí	31176	in-ing,z-zh	1
婆母	pó mǔ	31177		1
乞怜	qǐ lián	31178	ian-iang,n-l,r-l,j-q-x	1
浅色	qiǎn sè	31179	ian-iang,s-sh,j-q-x	1
欠条	qiàn tiáo	31180	ian-iang,j-q-x	1
秦俑	qín yǒng	31181	in-ing,j-q-x	3
寝食	qǐn shí	31182	in-ing,s-sh,j-q-x	1
轻捷	qīng jié	31183	in-ing,ia-ie,j-q-x	1
上套	shàng tào	31185	an-ang,ao-ou,s-sh	1
食性	shí xìng	31186	in-ing,s-sh,j-q-x	1
手谕	shǒu yù	31187	ao-ou,s-sh	3
首恶	shǒu è	31188	ao-ou,s-sh	1
琐屑	suǒ xiè	31189	ia-ie,ua-uo,s-sh,j-q-x	1
贪恋	tān liàn	31190	an-ang,ian-iang,n-l,r-l	1
弹压	tán yā	31191	an-ang	1
天穹	tiān qióng	31192	ian-iang,j-q-x	3
调笑	tiáo xiào	31195	j-q-x	1
外传	wài chuán	31196	uan-uang,ai-ei,c-ch	1
铁血	tiě xuè	31197	ia-ie,j-q-x	1
同党	tóng dǎng	31198	an-ang	1
土葬	tǔ zàng	31199	an-ang,z-zh	1
西学	xī xué	31200	j-q-x	1
下坠	xià zhuì	31201	ia-ie,z-zh,j-q-x	1
嫌恶	xián wù	31202	ian-iang,j-q-x	1
显要	xiǎn yào	31203	ian-iang,ao-ou,j-q-x	1
香椿	xiāng chūn	31204	ian-iang,c-ch,j-q-x	1
休憩	xiū qì	31205	j-q-x	3
噱头	xué tóu	31206	ao-ou,j-q-x	3
要犯	yào fàn	31208	an-ang,ao-ou,h-f	1
怡然	yí rán	31210	an-ang,r-l	1
意下	yì xià	31211	ia-ie,j-q-x	1
因袭	yīn xí	31212	in-ing,j-q-x	1
映射	yìng shè	31213	in-ing,s-sh	1
有心	yǒu xīn	31215	in-ing,ao-ou,j-q-x	1
渔网	yú wǎng	31216	an-ang	1
舆情	yú qíng	31217	in-ing,j-q-x	1
骤降	zhòu jiàng	31218	ian-iang,ao-ou,z-zh,j-q-x	1
住校	zhù xiào	31219	z-zh,j-q-x	1
子嗣	zǐ sì	31220	z-zh,s-sh	3
按理	àn lǐ	31222	an-ang,n-l,r-l	1
并吞	bìng tūn	31223	in-ing	1
草食	cǎo shí	31225	ao-ou,c-ch,s-sh	1
春蚕	chūn cán	31226	an-ang,c-ch	1
大肉	dà ròu	31229	ao-ou,r-l	1
灯谜	dēng mí	31230	en-eng	1
断奶	duàn nǎi	31232	uan-uang,ai-ei,n-l	1
房山	fáng shān	31233	an-ang,s-sh,h-f	1
丰盈	fēng yíng	31234	en-eng,in-ing,h-f	1
讣告	fù gào	31235	ao-ou,h-f	3
复读	fù dú	31236	h-f	1
滚圆	gǔn yuán	31239	uan-uang	1
海疆	hǎi jiāng	31240	ian-iang,ai-ei,h-f,j-q-x	1
湖心	hú xīn	31242	in-ing,h-f,j-q-x	1
互谅	hù liàng	31243	ian-iang,n-l,h-f,r-l	1
护兵	hù bīng	31244	in-ing,h-f	1
欢娱	huān yú	31245	uan-uang,h-f	1
还愿	huán yuàn	31246	uan-uang,h-f	1
荒淫	huāng yín	31247	in-ing,uan-uang,h-f	1
晃悠	huàng you	31248	uan-uang,ao-ou,h-f	1
回暖	huí nuǎn	31249	uan-uang,n-l,h-f	1
火情	huǒ qíng	31250	in-ing,ua-uo,h-f,j-q-x	1
货品	huò pǐn	31251	in-ing,ua-uo,h-f	1
济事	jì shì	31252	s-sh,j-q-x	1
剪贴	jiǎn tiē	31253	ian-iang,ia-ie,j-q-x	1
毽子	jiàn zi	31254	ian-iang,z-zh,j-q-x	3
解密	jiě mì	31255	ia-ie,j-q-x	1
进账	jìn zhàng	31257	in-ing,an-ang,z-zh,j-q-x	1
精瘦	jīng shòu	31258	in-ing,ao-ou,s-sh,j-q-x	1
拒付	jù fù	31259	h-f,j-q-x	1
狂吠	kuáng fèi	31262	uan-uang,ai-ei,h-f	1
狂呼	kuáng hū	31263	uan-uang,h-f	1
来劲	lái jìn	31264	in-ing,ai-ei,n-l,r-l,j-q-x	1
冷凝	lěng níng	31265	en-eng,in-ing,n-l,r-l	1
烈属	liè shǔ	31266	ia-ie,s-sh,n-l,r-l	1
猎取	liè qǔ	31267	ia-ie,n-l,r-l,j-q-x	1
临门	lín mén	31268	en-eng,in-ing,n-l,r-l	1
零落	líng luò	31269	in-ing,ua-uo,n-l,r-l	1
龙船	lóng chuán	31270	uan-uang,c-ch,n-l,r-l	1
卖唱	mài chàng	31271	an-ang,ai-ei,c-ch	1
没底	méi dǐ	31273	ai-ei	1
煤炉	méi lú	31274	ai-ei,n-l,r-l	1
霉烂	méi làn	31275	an-ang,ai-ei,n-l,r-l	1
内廷	nèi tíng	31277	in-ing,ai-ei,n-l	1
拟议	nǐ yì	31278	n-l	1
女角	nǚ jué	31279	n-l,j-q-x	1
翩然	piān rán	31280	an-ang,ian-iang,r-l	1
铺陈	pū chén	31281	en-eng,c-ch	1
倩影	qiàn yǐng	31283	in-ing,ian-iang,j-q-x	3
墙脚	qiáng jiǎo	31284	ian-iang,j-q-x	1
怯生	qiè shēng	31285	en-eng,ia-ie,s-sh,j-q-x	1
蜷曲	quán qū	31286	uan-uang,j-q-x	3
犬吠	quǎn fèi	31287	uan-uang,ai-ei,h-f,j-q-x	1
群像	qún xiàng	31288	ian-iang,j-q-x	1
嚷叫	rǎng jiào	31289	an-ang,r-l,j-q-x	1
认账	rèn zhàng	31291	en-eng,an-ang,z-zh,r-l	1
熔岩	róng yán	31292	an-ang,r-l	1
沙袋	shā dài	31293	ai-ei,s-sh	1
收编	shōu biān	31294	ian-iang,ao-ou,s-sh	1
首季	shǒu jì	31295	ao-ou,s-sh,j-q-x	1
树杈	shù chà	31296	c-ch,s-sh	3
庶民	shù mín	31297	in-ing,s-sh	1
私盐	sī yán	31298	an-ang,s-sh	1
逃散	táo sàn	31299	an-ang,ao-ou,s-sh	1
替身	tì shēn	31300	en-eng,s-sh	1
通读	tōng dú	31301		1
万难	wàn nán	31302	an-ang,n-l	1
萎靡	wěi mǐ	31303	ai-ei	1
问安	wèn ān	31304	en-eng,an-ang	1
闲书	xián shū	31305	ian-iang,s-sh,j-q-x	1
虚汗	xū hàn	31306	an-ang,h-f,j-q-x	1
一霎	yī shà	31308	s-sh	1
英亩	yīng mǔ	31309	in-ing	1
永存	yǒng cún	31310	c-ch	1
云雀	yún què	31311	j-q-x	1
宰客	zǎi kè	31312	ai-ei,z-zh	1
在行	zài háng	31313	an-ang,ai-ei,z-zh,h-f	1
招安	zhāo ān	31314	an-ang,ao-ou,z-zh	1
真品	zhēn pǐn	31315	en-eng,in-ing,z-zh	1
正厅	zhèng tīng	31316	en-eng,in-ing,z-zh	1
智取	zhì qǔ	31317	z-zh,j-q-x	1
烛台	zhú tái	31318	ai-ei,z-zh	1
主销	zhǔ xiāo	31319	z-zh,j-q-x	1
追捧	zhuī pěng	31320	en-eng,z-zh	1
着墨	zhuó mò	31321	ua-uo,z-zh	1
字据	zì jù	31324	z-zh,j-q-x	1
座次	zuò cì	31325	ua-uo,z-zh,c-ch	1
拜寿	bài shòu	31326	ai-ei,ao-ou,s-sh	1
版式	bǎn shì	31327	an-ang,s-sh	1
绑票	bǎng piào	31328	an-ang	1
包月	bāo yuè	31329	ao-ou	1
本族	běn zú	31330	en-eng,z-zh	1
兵舰	bīng jiàn	31331	in-ing,ian-iang,j-q-x	1
车程	chē chéng	31333	en-eng,c-ch	1
车体	chē tǐ	31334	c-ch	1
晨雾	chén wù	31335	en-eng,c-ch	1
冲积	chōng jī	31336	c-ch,j-q-x	1
传阅	chuán yuè	31338	uan-uang,c-ch	1
存档	cún dàng	31339	an-ang,c-ch	1
大襟	dà jīn	31340	in-ing,j-q-x	1
丹心	dān xīn	31341	in-ing,an-ang,j-q-x	1
佃农	diàn nóng	31342	ian-iang,n-l	1
恶棍	è gùn	31345		1
发紧	fā jǐn	31346	in-ing,h-f,j-q-x	1
放风	fàng fēng	31348	en-eng,an-ang,h-f	1
费钱	fèi qián	31349	ian-iang,ai-ei,h-f,j-q-x	1
扶正	fú zhèng	31350	en-eng,z-zh,h-f	1
复位	fù wèi	31351	ai-ei,h-f	1
隔音	gé yīn	31353	in-ing	1
故去	gù qù	31354	j-q-x	1
寡母	guǎ mǔ	31355	ua-uo	1
国标	guó biāo	31356	ua-uo	1
罕有	hǎn yǒu	31357	an-ang,ao-ou,h-f	1
耗材	hào cái	31358	ai-ei,ao-ou,c-ch,h-f	1
合家	hé jiā	31359	ia-ie,h-f,j-q-x	1
黑痣	hēi zhì	31360	ai-ei,z-zh,h-f	3
横眉	héng méi	31361	en-eng,ai-ei,h-f	1
环岛	huán dǎo	31363	uan-uang,ao-ou,h-f	1
恍如	huǎng rú	31364	uan-uang,h-f,r-l	1
回潮	huí cháo	31365	ao-ou,c-ch,h-f	1
昏庸	hūn yōng	31366	h-f	1
集锦	jí jǐn	31367	in-ing,j-q-x	1
辑录	jí lù	31368	n-l,r-l,j-q-x	1
记功	jì gōng	31369	j-q-x	1
检视	jiǎn shì	31371	ian-iang,s-sh,j-q-x	1
浇铸	jiāo zhù	31373	z-zh,j-q-x	1
节支	jié zhī	31374	ia-ie,z-zh,j-q-x	1
紧随	jǐn suí	31375	in-ing,s-sh,j-q-x	1
砍刀	kǎn dāo	31378	an-ang,ao-ou	1
空战	kōng zhàn	31379	an-ang,z-zh	1
猎手	liè shǒu	31380	ao-ou,ia-ie,s-sh,n-l,r-l	1
领班	lǐng bān	31381	in-ing,an-ang,n-l,r-l	1
留驻	liú zhù	31382	z-zh,n-l,r-l	1
煤渣	méi zhā	31386	ai-ei,z-zh	1
梦呓	mèng yì	31387	en-eng	3
名节	míng jié	31388	in-ing,ia-ie,j-q-x	1
墓道	mù dào	31389	ao-ou	1
墓志	mù zhì	31390	z-zh	1
匹敌	pǐ dí	31392		1
品类	pǐn lèi	31393	in-ing,ai-ei,n-l,r-l	1
平抑	píng yì	31394	in-ing	1
铅字	qiān zì	31396	ian-iang,z-zh,j-q-x	1
纤夫	qiàn fū	31397	ian-iang,h-f,j-q-x	1
球鞋	qiú xié	31398	ia-ie,j-q-x	1
曲剧	qǔ jù	31399	j-q-x	1
山火	shān huǒ	31402	an-ang,ua-uo,s-sh,h-f	1
尸骸	shī hái	31404	ai-ei,s-sh,h-f	3
四边	sì biān	31406	ian-iang,s-sh	1
调养	tiáo yǎng	31407	an-ang	1
微调	wēi tiáo	31408	ai-ei	1
晤谈	wù tán	31411	an-ang	3
戏班	xì bān	31412	an-ang,j-q-x	1
瞎话	xiā huà	31413	ia-ie,ua-uo,h-f,j-q-x	1
先兆	xiān zhào	31415	ian-iang,ao-ou,z-zh,j-q-x	1
相类	xiāng lèi	31417	ian-iang,ai-ei,n-l,r-l,j-q-x	1
想头	xiǎng tou	31418	ian-iang,ao-ou,j-q-x	1
效尤	xiào yóu	31420	ao-ou,j-q-x	1
斜视	xié shì	31421	ia-ie,s-sh,j-q-x	1
锈迹	xiù jì	31422	j-q-x	1
续集	xù jí	31423	j-q-x	1
蓄谋	xù móu	31424	ao-ou,j-q-x	1
腰酸	yāo suān	31426	uan-uang,ao-ou,s-sh	1
夜宿	yè sù	31427	s-sh	1
旖旎	yǐ nǐ	31428	n-l	2
隐讳	yǐn huì	31429	in-ing,h-f	1
尤物	yóu wù	31430	ao-ou	1
有零	yǒu líng	31431	in-ing,ao-ou,n-l,r-l	1
针剂	zhēn jì	31433	en-eng,z-zh,j-q-x	1
专署	zhuān shǔ	31434	uan-uang,z-zh,s-sh	1
追根	zhuī gēn	31435	en-eng,z-zh	1
真率	zhēn shuài	31436	en-eng,z-zh,s-sh	1
自绝	zì jué	31437	z-zh,j-q-x	1
左倾	zuǒ qīng	31439	in-ing,ua-uo,z-zh,j-q-x	1
版税	bǎn shuì	31440	an-ang,s-sh	1
保本	bǎo běn	31441	en-eng,ao-ou	1
编审	biān shěn	31442	en-eng,ian-iang,s-sh	1
编钟	biān zhōng	31443	ian-iang,z-zh	1
便服	biàn fú	31444	ian-iang,h-f	1
别号	bié hào	31445	ao-ou,ia-ie,h-f	1
病状	bìng zhuàng	31446	in-ing,uan-uang,z-zh	1
不爽	bù shuǎng	31448	uan-uang,s-sh	1
草鱼	cǎo yú	31451	ao-ou,c-ch	1
侧影	cè yǐng	31452	in-ing,c-ch	1
闪存	shǎn cún	31453	an-ang,c-ch,s-sh	1
恻隐	cè yǐn	31454	in-ing,c-ch	3
差役	chāi yì	31455	ai-ei,c-ch	1
成趣	chéng qù	31456	en-eng,c-ch,j-q-x	1
春种	chūn zhòng	31457	z-zh,c-ch	1
打坐	dǎ zuò	31458	ua-uo,z-zh	1
当政	dāng zhèng	31462	en-eng,an-ang,z-zh	1
登临	dēng lín	31463	en-eng,in-ing,n-l,r-l	1
低产	dī chǎn	31464	an-ang,c-ch	1
电容	diàn róng	31466	ian-iang,r-l	1
凋敝	diāo bì	31467		2
订正	dìng zhèng	31468	en-eng,in-ing,z-zh	1
冬闲	dōng xián	31469	ian-iang,j-q-x	1
豆油	dòu yóu	31470	ao-ou	1
发威	fā wēi	31471	ai-ei,h-f	1
发晕	fā yūn	31472	h-f	1
俯仰	fǔ yǎng	31473	an-ang,h-f	1
供桌	gòng zhuō	31475	ua-uo,z-zh	1
官阶	guān jiē	31477	uan-uang,ia-ie,j-q-x	1
光圈	guāng quān	31479	uan-uang,j-q-x	1
黑纱	hēi shā	31482	ai-ei,s-sh,h-f	1
画布	huà bù	31484	ua-uo,h-f	1
昏乱	hūn luàn	31485	uan-uang,n-l,h-f,r-l	1
活用	huó yòng	31486	ua-uo,h-f	1
急病	jí bìng	31487	in-ing,j-q-x	1
疾驶	jí shǐ	31488	s-sh,j-q-x	1
加温	jiā wēn	31489	en-eng,ia-ie,j-q-x	1
奖罚	jiǎng fá	31490	ian-iang,h-f,j-q-x	1
胶布	jiāo bù	31491	j-q-x	1
居丧	jū sāng	31492	an-ang,s-sh,j-q-x	1
开闸	kāi zhá	31493	ai-ei,z-zh	1
可憎	kě zēng	31494	en-eng,z-zh	1
苦役	kǔ yì	31495		1
来由	lái yóu	31496	ai-ei,ao-ou,n-l,r-l	1
利他	lì tā	31497	n-l,r-l	1
路数	lù shù	31498	s-sh,n-l,r-l	1
掠影	lüè yǐng	31499	in-ing,n-l,r-l	1
梦游	mèng yóu	31501	en-eng,ao-ou	1
膜拜	mó bài	31502	ai-ei	1
难为	nán wei	31503	an-ang,ai-ei,n-l	1
内蕴	nèi yùn	31504	ai-ei,n-l	1
呢喃	ní nán	31506	an-ang,n-l	3
逆反	nì fǎn	31508	an-ang,n-l,h-f	1
扭捏	niǔ nie	31509	ia-ie,n-l	1
女宾	nǚ bīn	31510	in-ing,n-l	1
女流	nǚ liú	31511	n-l,r-l	1
漂白	piǎo bái	31512	ai-ei	1
品名	pǐn míng	31513	in-ing	1
清谈	qīng tán	31515	in-ing,an-ang,j-q-x	1
求治	qiú zhì	31517	z-zh,j-q-x	1
取闹	qǔ nào	31518	ao-ou,n-l,j-q-x	1
劝酒	quàn jiǔ	31519	uan-uang,j-q-x	1
人寰	rén huán	31520	en-eng,uan-uang,h-f,r-l	3
飒飒	sà sà	31522	s-sh	2
水彩	shuǐ cǎi	31523	ai-ei,c-ch,s-sh	1
蓑衣	suō yī	31524	ua-uo,s-sh	3
同屋	tóng wū	31527		1
铜镜	tóng jìng	31528	in-ing,j-q-x	1
突现	tū xiàn	31531	ian-iang,j-q-x	1
退潮	tuì cháo	31532	ao-ou,c-ch	1
挽歌	wǎn gē	31533	an-ang	1
遐思	xiá sī	31536	ia-ie,s-sh,j-q-x	3
消受	xiāo shòu	31537	ao-ou,s-sh,j-q-x	1
消停	xiāo ting	31538	in-ing,j-q-x	1
销货	xiāo huò	31539	ua-uo,h-f,j-q-x	1
小腹	xiǎo fù	31540	h-f,j-q-x	1
雄蕊	xióng ruǐ	31542	r-l,j-q-x	1
轩昂	xuān áng	31543	an-ang,uan-uang,j-q-x	1
血泡	xuè pào	31544	ao-ou,j-q-x	1
迅疾	xùn jí	31545	j-q-x	1
腌制	yān zhì	31547	an-ang,z-zh	3
砚台	yàn tai	31549	an-ang,ai-ei	1
养性	yǎng xìng	31550	in-ing,an-ang,j-q-x	1
迤逦	yǐ lǐ	31554	n-l,r-l	2
益发	yì fā	31555	h-f	1
硬撑	yìng chēng	31557	en-eng,in-ing,c-ch	1
油渍	yóu zì	31558	ao-ou,z-zh	3
幼童	yòu tóng	31559	ao-ou	1
欲火	yù huǒ	31560	ua-uo,h-f	1
再娶	zài qǔ	31561	ai-ei,z-zh,j-q-x	1
榨油	zhà yóu	31562	ao-ou,z-zh	1
张狂	zhāng kuáng	31563	an-ang,uan-uang,z-zh	1
只消	zhǐ xiāo	31566	z-zh,j-q-x	1
指名	zhǐ míng	31567	in-ing,z-zh	1
骤雨	zhòu yǔ	31569	ao-ou,z-zh	1
扮相	bàn xiàng	31570	an-ang,ian-iang,j-q-x	1
暴跳	bào tiào	31571	ao-ou	1
冰窖	bīng jiào	31573	in-ing,j-q-x	1
查缴	chá jiǎo	31574	c-ch,j-q-x	1
碴儿	chá er	31575	c-ch	3
初版	chū bǎn	31577	an-ang,c-ch	1
闯关	chuǎng guān	31578	uan-uang,c-ch	1
点拨	diǎn bō	31581	ian-iang	1
独揽	dú lǎn	31584	an-ang,n-l,r-l	1
短片	duǎn piàn	31585	ian-iang,uan-uang	1
短语	duǎn yǔ	31586	uan-uang	1
饭量	fàn liàng	31589	an-ang,ian-iang,n-l,h-f,r-l	1
干裂	gān liè	31590	an-ang,ia-ie,n-l,r-l	1
刚烈	gāng liè	31591	an-ang,ia-ie,n-l,r-l	1
高论	gāo lùn	31592	ao-ou,n-l,r-l	1
歌迷	gē mí	31593		1
恭迎	gōng yíng	31594	in-ing	1
古雅	gǔ yǎ	31595		1
古猿	gǔ yuán	31596	uan-uang	1
谷类	gǔ lèi	31597	ai-ei,n-l,r-l	1
归真	guī zhēn	31598	en-eng,z-zh	1
含苞	hán bāo	31601	an-ang,ao-ou,h-f	1
黄羊	huáng yáng	31604	an-ang,uan-uang,h-f	1
挤兑	jǐ duì	31606	j-q-x	1
叫门	jiào mén	31608	en-eng,j-q-x	1
竞买	jìng mǎi	31610	in-ing,ai-ei,j-q-x	1
乐天	lè tiān	31613	ian-iang,n-l,r-l	1
历久	lì jiǔ	31614	n-l,r-l,j-q-x	1
猎狗	liè gǒu	31615	ao-ou,ia-ie,n-l,r-l	1
零度	líng dù	31616	in-ing,n-l,r-l	1
零头	líng tóu	31617	in-ing,ao-ou,n-l,r-l	1
马刺	mǎ cì	31618	c-ch	1
盲文	máng wén	31619	en-eng,an-ang	1
泌尿	mì niào	31620	n-l	1
密约	mì yuē	31621		1
脑瘫	nǎo tān	31622	an-ang,ao-ou,n-l	1
霓虹	ní hóng	31624	n-l,h-f	3
碾盘	niǎn pán	31625	an-ang,ian-iang,n-l	1
浓绿	nóng lǜ	31626	n-l,r-l	1
扒手	pá shǒu	31627	ao-ou,s-sh	1
泡桐	pāo tóng	31628	ao-ou	1
皮层	pí céng	31629	en-eng,c-ch	1
拼接	pīn jiē	31630	in-ing,ia-ie,j-q-x	1
品级	pǐn jí	31631	in-ing,j-q-x	1
骑射	qí shè	31632	s-sh,j-q-x	1
气话	qì huà	31633	ua-uo,h-f,j-q-x	1
晴好	qíng hǎo	31634	in-ing,ao-ou,h-f,j-q-x	1
球衣	qiú yī	31635	j-q-x	1
趣闻	qù wén	31636	en-eng,j-q-x	1
仁兄	rén xiōng	31637	en-eng,r-l,j-q-x	1
荣登	róng dēng	31638	en-eng,r-l	1
入队	rù duì	31639	r-l	1
沙雕	shā diāo	31641	s-sh	1
石印	shí yìn	31642	in-ing,s-sh	1
食料	shí liào	31643	s-sh,n-l,r-l	1
寿衣	shòu yī	31645	ao-ou,s-sh	1
暑气	shǔ qì	31646	s-sh,j-q-x	1
水禽	shuǐ qín	31647	in-ing,s-sh,j-q-x	1
水头	shuǐ tóu	31648	ao-ou,s-sh	1
水鸭	shuǐ yā	31649	s-sh	1
速效	sù xiào	31650	s-sh,j-q-x	1
损益	sǔn yì	31651	s-sh	1
童装	tóng zhuāng	31654	uan-uang,z-zh	1
偷漏	tōu lòu	31655	ao-ou,n-l,r-l	1
突显	tū xiǎn	31656	ian-iang,j-q-x	1
拖沓	tuō tà	31657	ua-uo	3
脱俗	tuō sú	31658	ua-uo,s-sh	1
唾骂	tuò mà	31659	ua-uo	1
瓦盆	wǎ pén	31660	en-eng	1
外族	wài zú	31661	ai-ei,z-zh	1
问询	wèn xún	31663	en-eng,j-q-x	1
贤人	xián rén	31666	en-eng,ian-iang,r-l,j-q-x	1
消灾	xiāo zāi	31667	ai-ei,z-zh,j-q-x	1
小数	xiǎo shù	31668	s-sh,j-q-x	1
心曲	xīn qū	31670	in-ing,j-q-x	1
选段	xuǎn duàn	31671	uan-uang,j-q-x	1
学步	xué bù	31672	j-q-x	1
咽气	yàn qì	31673	an-ang,j-q-x	1
银根	yín gēn	31675	en-eng,in-ing	1
影碟	yǐng dié	31676	in-ing,ia-ie	1
云团	yún tuán	31680	uan-uang	1
运能	yùn néng	31681	en-eng,n-l	1
早逝	zǎo shì	31682	ao-ou,z-zh,s-sh	1
整备	zhěng bèi	31684	en-eng,ai-ei,z-zh	1
支局	zhī jú	31685	z-zh,j-q-x	1
职校	zhí xiào	31686	z-zh,j-q-x	1
踯躅	zhí zhú	31687	z-zh	2
至爱	zhì ài	31688	ai-ei,z-zh	1
重载	zhòng zài	31689	ai-ei,z-zh	1
追述	zhuī shù	31690	z-zh,s-sh	1
坠地	zhuì dì	31691	z-zh	1
紫藤	zǐ téng	31692	en-eng,z-zh	1
自产	zì chǎn	31693	an-ang,z-zh,c-ch	1
组员	zǔ yuán	31695	uan-uang,z-zh	1
班会	bān huì	31697	an-ang,h-f	1
城壕	chéng háo	31703	en-eng,ao-ou,c-ch,h-f	3
冲顶	chōng dǐng	31704	in-ing,c-ch	1
船工	chuán gōng	31705	uan-uang,c-ch	1
捶打	chuí dǎ	31706	c-ch	1
淳厚	chún hòu	31707	ao-ou,c-ch,h-f	1
顶用	dǐng yòng	31708	in-ing	1
定岗	dìng gǎng	31709	in-ing,an-ang	1
笃信	dǔ xìn	31710	in-ing,j-q-x	3
对打	duì dǎ	31711		1
烦乱	fán luàn	31712	an-ang,uan-uang,n-l,h-f,r-l	1
反潜	fǎn qián	31714	an-ang,ian-iang,h-f,j-q-x	1
分拣	fēn jiǎn	31715	en-eng,ian-iang,h-f,j-q-x	1
峰值	fēng zhí	31717	en-eng,z-zh,h-f	1
佛堂	fó táng	31718	an-ang,h-f	1
孤傲	gū ào	31721	ao-ou	1
光焰	guāng yàn	31724	an-ang,uan-uang	1
过虑	guò lǜ	31725	ua-uo,n-l,r-l	1
海难	hǎi nàn	31726	an-ang,ai-ei,n-l,h-f	1
航速	háng sù	31727	an-ang,s-sh,h-f	1
护路	hù lù	31728	n-l,h-f,r-l	1
缓急	huǎn jí	31730	uan-uang,h-f,j-q-x	1
教具	jiào jù	31731	j-q-x	1
戒律	jiè lǜ	31732	ia-ie,n-l,r-l,j-q-x	1
进价	jìn jià	31733	in-ing,ia-ie,j-q-x	1
精练	jīng liàn	31735	in-ing,ian-iang,n-l,r-l,j-q-x	1
懒汉	lǎn hàn	31739	an-ang,n-l,h-f,r-l	1
理亏	lǐ kuī	31740	n-l,r-l	1
猎捕	liè bǔ	31741	ia-ie,n-l,r-l	1
乱来	luàn lái	31744	uan-uang,ai-ei,n-l,r-l	1
麻油	má yóu	31745	ao-ou	1
脉动	mài dòng	31746	ai-ei	1
蟒蛇	mǎng shé	31747	an-ang,s-sh	3
迷你	mí nǐ	31748	n-l	1
盘古	pán gǔ	31749	an-ang	1
膨大	péng dà	31751	en-eng	1
姘头	pīn tou	31752	in-ing,ao-ou	3
樵夫	qiáo fū	31753	h-f,j-q-x	3
乳腺	rǔ xiàn	31756	ian-iang,r-l,j-q-x	1
姗姗	shān shān	31757	an-ang,s-sh	2
商战	shāng zhàn	31758	an-ang,z-zh,s-sh	1
渗水	shèn shuǐ	31760	en-eng,s-sh	1
市情	shì qíng	31761	in-ing,s-sh,j-q-x	1
嗜酒	shì jiǔ	31762	s-sh,j-q-x	1
搜身	sōu shēn	31763	en-eng,ao-ou,s-sh	1
俗套	sú tào	31764	ao-ou,s-sh	1
堂倌	táng guān	31766	an-ang,uan-uang	3
特例	tè lì	31767	n-l,r-l	1
提篮	tí lán	31768	an-ang,n-l,r-l	1
天分	tiān fèn	31769	en-eng,ian-iang,h-f	1
天旱	tiān hàn	31770	an-ang,ian-iang,h-f	1
调谐	tiáo xié	31771	ia-ie,j-q-x	1
铁饼	tiě bǐng	31772	in-ing,ia-ie	1
铁水	tiě shuǐ	31773	ia-ie,s-sh	1
偷生	tōu shēng	31774	en-eng,ao-ou,s-sh	1
头筹	tóu chóu	31775	ao-ou,c-ch	1
透析	tòu xī	31776	ao-ou,j-q-x	1
屠户	tú hù	31777	h-f	1
为限	wéi xiàn	31778	ian-iang,ai-ei,j-q-x	1
稀世	xī shì	31781	s-sh,j-q-x	1
显贵	xiǎn guì	31782	ian-iang,j-q-x	1
香花	xiāng huā	31783	ian-iang,ua-uo,h-f,j-q-x	1
丰胸	fēng xiōng	31784	en-eng,h-f,j-q-x	1
选贤	xuǎn xián	31786	ian-iang,uan-uang,j-q-x	1
驯鹿	xùn lù	31788	n-l,r-l,j-q-x	1
演算	yǎn suàn	31790	an-ang,uan-uang,s-sh	1
移情	yí qíng	31793	in-ing,j-q-x	1
异体	yì tǐ	31795		1
译著	yì zhù	31796	z-zh	1
银两	yín liǎng	31797	in-ing,ian-iang,n-l,r-l	1
硬汉	yìng hàn	31798	in-ing,an-ang,h-f	1
油布	yóu bù	31799	ao-ou	1
云烟	yún yān	31800	an-ang	1
找钱	zhǎo qián	31802	ian-iang,ao-ou,z-zh,j-q-x	1
震响	zhèn xiǎng	31803	en-eng,ian-iang,z-zh,j-q-x	1
滞洪	zhì hóng	31805	z-zh,h-f	1
专集	zhuān jí	31808	uan-uang,z-zh,j-q-x	1
转述	zhuǎn shù	31809	uan-uang,z-zh,s-sh	1
撰稿	zhuàn gǎo	31810	uan-uang,ao-ou,z-zh	1
安适	ān shì	31812	an-ang,s-sh	1
败局	bài jú	31813	ai-ei,j-q-x	1
帮闲	bāng xián	31814	an-ang,ian-iang,j-q-x	1
宾朋	bīn péng	31815	en-eng,in-ing	1
薄暮	bó mù	31816		1
彩民	cǎi mín	31817	in-ing,ai-ei,c-ch	1
茶场	chá chǎng	31818	an-ang,c-ch	1
澄澈	chéng chè	31821	en-eng,c-ch	1
驰援	chí yuán	31823	uan-uang,c-ch	1
打柴	dǎ chái	31824	ai-ei,c-ch	1
弹丸	dàn wán	31826	an-ang	1
纺车	fǎng chē	31831	an-ang,c-ch,h-f	1
行规	háng guī	31834	an-ang,h-f	1
豪绅	háo shēn	31835	en-eng,ao-ou,s-sh,h-f	1
合抱	hé bào	31836	ao-ou,h-f	1
后心	hòu xīn	31838	in-ing,ao-ou,h-f,j-q-x	1
花红	huā hóng	31840	ua-uo,h-f	1
惑众	huò zhòng	31842	ua-uo,z-zh,h-f	1
坚贞	jiān zhēn	31843	en-eng,ian-iang,z-zh,j-q-x	1
捡拾	jiǎn shí	31844	ian-iang,s-sh,j-q-x	1
剑客	jiàn kè	31845	ian-iang,j-q-x	1
健步	jiàn bù	31846	ian-iang,j-q-x	1
僵直	jiāng zhí	31847	ian-iang,z-zh,j-q-x	1
交割	jiāo gē	31848	j-q-x	1
胶体	jiāo tǐ	31849	j-q-x	1
借条	jiè tiáo	31851	ia-ie,j-q-x	1
惧色	jù sè	31852	s-sh,j-q-x	1
朗声	lǎng shēng	31853	en-eng,an-ang,s-sh,n-l,r-l	1
立春	lì chūn	31855	c-ch,n-l,r-l	1
秘史	mì shǐ	31857	s-sh	1
女式	nǚ shì	31858	s-sh,n-l	1
蟠龙	pán lóng	31859	an-ang,n-l,r-l	3
滂沱	pāng tuó	31860	an-ang,ua-uo	2
抛掷	pāo zhì	31861	ao-ou,z-zh	1
蒲团	pú tuán	31862	uan-uang	1
倾慕	qīng mù	31864	in-ing,j-q-x	1
儒生	rú shēng	31866	en-eng,s-sh,r-l	1
若何	ruò hé	31867	ua-uo,h-f,r-l	1
撒野	sā yě	31868	s-sh	1
塞车	sāi chē	31869	ai-ei,c-ch,s-sh	1
赏脸	shǎng liǎn	31871	an-ang,ian-iang,s-sh,n-l,r-l	1
生事	shēng shì	31872	en-eng,s-sh	1
失窃	shī qiè	31873	ia-ie,s-sh,j-q-x	1
收礼	shōu lǐ	31875	ao-ou,s-sh,n-l,r-l	1
宿将	sù jiàng	31876	ian-iang,s-sh,j-q-x	1
堂弟	táng dì	31877	an-ang	1
糖类	táng lèi	31878	an-ang,ai-ei,n-l,r-l	1
逃匿	táo nì	31879	ao-ou,n-l	1
体悟	tǐ wù	31880		1
田产	tián chǎn	31881	an-ang,ian-iang,c-ch	1
洗白	xǐ bái	31882	ai-ei,j-q-x	1
铁环	tiě huán	31883	uan-uang,ia-ie,h-f	1
铁证	tiě zhèng	31884	en-eng,ia-ie,z-zh	1
通顺	tōng shùn	31885	s-sh	1
弯道	wān dào	31886	an-ang,ao-ou	1
无干	wú gān	31887	an-ang	1
午时	wǔ shí	31888	s-sh	1
细毛	xì máo	31889	ao-ou,j-q-x	1
须发	xū fà	31892	h-f,j-q-x	1
悬案	xuán àn	31893	an-ang,uan-uang,j-q-x	1
血债	xuè zhài	31894	ai-ei,z-zh,j-q-x	1
呓语	yì yǔ	31898		3
荫凉	yìn liáng	31899	in-ing,ian-iang,n-l,r-l	1
优育	yōu yù	31900	ao-ou	1
油滑	yóu huá	31901	ao-ou,ua-uo,h-f	1
拍档	pāi dàng	31903	an-ang,ai-ei	1
鱿鱼	yóu yú	31904	ao-ou	3
游轮	yóu lún	31905	ao-ou,n-l,r-l	1
浴巾	yù jīn	31907	in-ing,j-q-x	1
至深	zhì shēn	31912	en-eng,z-zh,s-sh	1
智囊	zhì náng	31913	an-ang,z-zh,n-l	1
众怒	zhòng nù	31914	z-zh,n-l	1
注音	zhù yīn	31915	in-ing,z-zh	1
字音	zì yīn	31916	in-ing,z-zh	1
足印	zú yìn	31917	in-ing,z-zh	1
扒拉	bā la	31920	n-l,r-l	1
博物	bó wù	31923		1
参赌	cān dǔ	31924	an-ang,c-ch	1
草纸	cǎo zhǐ	31925	ao-ou,z-zh,c-ch	1
茶色	chá sè	31926	c-ch,s-sh	1
称量	chēng liáng	31927	en-eng,ian-iang,c-ch,n-l,r-l	1
呈请	chéng qǐng	31928	en-eng,in-ing,c-ch,j-q-x	1
城府	chéng fǔ	31929	en-eng,c-ch,h-f	1
充任	chōng rèn	31930	en-eng,c-ch,r-l	1
道地	dào dì	31932	ao-ou	1
低息	dī xī	31933	j-q-x	1
地沟	dì gōu	31934	ao-ou	1
地矿	dì kuàng	31935	uan-uang	1
弟媳	dì xí	31936	j-q-x	1
东周	dōng zhōu	31937	ao-ou,z-zh	1
毒枭	dú xiāo	31938	j-q-x	3
藩篱	fān lí	31939	an-ang,n-l,h-f,r-l	3
绯闻	fēi wén	31941	en-eng,ai-ei,h-f	3
分路	fēn lù	31942	en-eng,n-l,h-f,r-l	1
风铃	fēng líng	31943	en-eng,in-ing,n-l,h-f,r-l	1
风湿	fēng shī	31944	en-eng,s-sh,h-f	1
妇孺	fù rú	31945	h-f,r-l	3
高跷	gāo qiāo	31946	ao-ou,j-q-x	1
故旧	gù jiù	31947	j-q-x	1
官商	guān shāng	31948	an-ang,uan-uang,s-sh	1
含冤	hán yuān	31950	an-ang,uan-uang,h-f	1
航次	háng cì	31951	an-ang,c-ch,h-f	1
会客	huì kè	31953	h-f	1
急电	jí diàn	31955	ian-iang,j-q-x	1
加薪	jiā xīn	31956	in-ing,ia-ie,j-q-x	1
俊杰	jùn jié	31959	ia-ie,j-q-x	1
老表	lǎo biǎo	31963	ao-ou,n-l,r-l	1
礼法	lǐ fǎ	31966	n-l,h-f,r-l	1
砾石	lì shí	31967	s-sh,n-l,r-l	1
留级	liú jí	31969	n-l,r-l,j-q-x	1
宁日	níng rì	31970	in-ing,n-l,r-l	1
怕羞	pà xiū	31971	j-q-x	1
赔礼	péi lǐ	31973	ai-ei,n-l,r-l	1
屈指	qū zhǐ	31977	z-zh,j-q-x	1
如许	rú xǔ	31978	r-l,j-q-x	1
入时	rù shí	31979	s-sh,r-l	1
塞上	sài shàng	31980	an-ang,ai-ei,s-sh	1
沙门	shā mén	31981	en-eng,s-sh	1
山崩	shān bēng	31982	en-eng,an-ang,s-sh	1
瘦身	shòu shēn	31984	en-eng,ao-ou,s-sh	1
熟稔	shú rěn	31985	en-eng,s-sh,r-l	3
打滚	dǎ gǔn	31986		1
耍弄	shuǎ nòng	31987	ua-uo,s-sh,n-l	1
厮打	sī dǎ	31988	s-sh	3
探家	tàn jiā	31990	an-ang,ia-ie,j-q-x	1
停水	tíng shuǐ	31991	in-ing,s-sh	1
退赔	tuì péi	31992	ai-ei	1
脱手	tuō shǒu	31993	ao-ou,ua-uo,s-sh	1
外用	wài yòng	31994	ai-ei	1
王冠	wáng guān	31995	an-ang,uan-uang	1
违令	wéi lìng	31996	in-ing,ai-ei,n-l,r-l	1
围堵	wéi dǔ	31997	ai-ei	1
苇子	wěi zi	31998	ai-ei,z-zh	1
凶悍	xiōng hàn	32001	an-ang,h-f,j-q-x	1
雅士	yǎ shì	32003	s-sh	1
洋气	yáng qì	32005	an-ang,j-q-x	1
要案	yào àn	32007	an-ang,ao-ou	1
野果	yě guǒ	32008	ua-uo	1
夜莺	yè yīng	32009	in-ing	1
影人	yǐng rén	32012	en-eng,in-ing,r-l	1
邮包	yóu bāo	32013	ao-ou	1
月票	yuè piào	32015		1
陨落	yǔn luò	32016	ua-uo,n-l,r-l	1
尾款	wěi kuǎn	32018	uan-uang,ai-ei	1
杂碎	zá sui	32019	z-zh,s-sh	1
造孽	zào niè	32020	ao-ou,ia-ie,z-zh,n-l	1
增温	zēng wēn	32021	en-eng,z-zh	1
铡刀	zhá dāo	32022	ao-ou,z-zh	3
竹简	zhú jiǎn	32025	ian-iang,z-zh,j-q-x	1
抓药	zhuā yào	32026	ao-ou,ua-uo,z-zh	1
专指	zhuān zhǐ	32027	uan-uang,z-zh	1
仔猪	zǐ zhū	32029	z-zh	1
总工	zǒng gōng	32032	z-zh	1
祖师	zǔ shī	32034	z-zh,s-sh	1
傲视	ào shì	32036	ao-ou,s-sh	1
超凡	chāo fán	32038	an-ang,ao-ou,c-ch,h-f	1
超支	chāo zhī	32039	ao-ou,z-zh,c-ch	1
锄草	chú cǎo	32041	ao-ou,c-ch	1
椿树	chūn shù	32042	c-ch,s-sh	1
唇齿	chún chǐ	32043	c-ch	1
摸透	mō tòu	32044	ao-ou	1
刺目	cì mù	32045	c-ch	1
打斗	dǎ dòu	32048	ao-ou	1
打炮	dǎ pào	32049	ao-ou	1
大白	dà bái	32050	ai-ei	1
大忌	dà jì	32052	j-q-x	1
荡涤	dàng dí	32054	an-ang	1
调阅	diào yuè	32056		1
方家	fāng jiā	32059	an-ang,ia-ie,h-f,j-q-x	1
飞车	fēi chē	32060	ai-ei,c-ch,h-f	1
飞瀑	fēi pù	32061	ai-ei,h-f	1
分身	fēn shēn	32063	en-eng,s-sh,h-f	1
甘蓝	gān lán	32064	an-ang,n-l,r-l	1
股息	gǔ xī	32065	j-q-x	1
诡辩	guǐ biàn	32067	ian-iang	1
国父	guó fù	32068	ua-uo,h-f	1
海船	hǎi chuán	32069	uan-uang,ai-ei,c-ch,h-f	1
焊工	hàn gōng	32070	an-ang,h-f	1
毫毛	háo máo	32072	ao-ou,h-f	1
后肢	hòu zhī	32074	ao-ou,z-zh,h-f	1
话本	huà běn	32075	en-eng,ua-uo,h-f	1
晦暗	huì àn	32076	an-ang,h-f	1
级数	jí shù	32077	s-sh,j-q-x	1
监听	jiān tīng	32078	in-ing,ian-iang,j-q-x	1
疆土	jiāng tǔ	32079	ian-iang,j-q-x	1
交差	jiāo chāi	32080	ai-ei,c-ch,j-q-x	1
今世	jīn shì	32081	in-ing,s-sh,j-q-x	1
尽显	jìn xiǎn	32082	in-ing,ian-iang,j-q-x	1
酒鬼	jiǔ guǐ	32083	j-q-x	1
可资	kě zī	32084	z-zh	1
立碑	lì bēi	32085	ai-ei,n-l,r-l	1
菱角	líng jiao	32086	in-ing,n-l,r-l,j-q-x	1
猛醒	měng xǐng	32087	en-eng,in-ing,j-q-x	1
妙法	miào fǎ	32088	h-f	1
名位	míng wèi	32089	in-ing,ai-ei	1
明理	míng lǐ	32091	in-ing,n-l,r-l	1
末后	mò hòu	32092	ao-ou,h-f	1
年谱	nián pǔ	32095	ian-iang,n-l	1
怒斥	nù chì	32096	c-ch,n-l	1
女眷	nǚ juàn	32098	uan-uang,n-l,j-q-x	1
拍戏	pāi xì	32100	ai-ei,j-q-x	1
赔笑	péi xiào	32101	ai-ei,j-q-x	1
泼洒	pō sǎ	32103	s-sh	1
七律	qī lǜ	32104	n-l,r-l,j-q-x	1
弃置	qì zhì	32105	z-zh,j-q-x	1
亲族	qīn zú	32106	in-ing,z-zh,j-q-x	1
情致	qíng zhì	32107	in-ing,z-zh,j-q-x	1
惹事	rě shì	32108	s-sh,r-l	1
热播	rè bō	32109	r-l	1
肉欲	ròu yù	32110	ao-ou,r-l	1
婶儿	shěn er	32112	en-eng,s-sh	1
守成	shǒu chéng	32113	en-eng,ao-ou,c-ch,s-sh	1
售汇	shòu huì	32114	ao-ou,s-sh,h-f	1
双面	shuāng miàn	32115	ian-iang,uan-uang,s-sh	1
塔楼	tǎ lóu	32117	ao-ou,n-l,r-l	1
塘坝	táng bà	32118	an-ang	1
美眉	měi méi	32119	ai-ei	1
停赛	tíng sài	32121	in-ing,ai-ei,s-sh	1
外敌	wài dí	32122	ai-ei	1
外侮	wài wǔ	32123	ai-ei	1
网兜	wǎng dōu	32124	an-ang,ao-ou	1
稀烂	xī làn	32125	an-ang,n-l,r-l,j-q-x	1
稀粥	xī zhōu	32126	ao-ou,z-zh,j-q-x	1
下种	xià zhǒng	32127	ia-ie,z-zh,j-q-x	1
闲心	xián xīn	32129	in-ing,ian-iang,j-q-x	1
消弭	xiāo mǐ	32131	j-q-x	3
校规	xiào guī	32132	j-q-x	1
杏子	xìng zi	32133	in-ing,z-zh,j-q-x	1
雄健	xióng jiàn	32134	ian-iang,j-q-x	1
循声	xún shēng	32135	en-eng,s-sh,j-q-x	1
训诂	xùn gǔ	32136	j-q-x	3
崖壁	yá bì	32137		1
要人	yào rén	32138	en-eng,ao-ou,r-l	1
野牛	yě niú	32139	n-l	1
约同	yuē tóng	32143		1
咂嘴	zā zuǐ	32144	z-zh	3
斋月	zhāi yuè	32146	ai-ei,z-zh	1
猪舍	zhū shè	32149	z-zh,s-sh	1
尊卑	zūn bēi	32150	ai-ei,z-zh	1
罢市	bà shì	32151	s-sh	1
保甲	bǎo jiǎ	32152	ao-ou,ia-ie,j-q-x	1
保准	bǎo zhǔn	32153	ao-ou,z-zh	1
北汉	běi hàn	32154	an-ang,ai-ei,h-f	1
比翼	bǐ yì	32155		1
病源	bìng yuán	32156	in-ing,uan-uang	1
薄命	bó mìng	32157	in-ing	1
不吝	bù lìn	32158	in-ing,n-l,r-l	1
插画	chā huà	32160	ua-uo,c-ch,h-f	1
茬子	chá zi	32161	z-zh,c-ch	1
城垣	chéng yuán	32163	en-eng,uan-uang,c-ch	3
吃粮	chī liáng	32164	ian-iang,c-ch,n-l,r-l	1
错开	cuò kāi	32166	ai-ei,ua-uo,c-ch	1
打靶	dǎ bǎ	32167		1
打劫	dǎ jié	32168	ia-ie,j-q-x	1
倒车	dào chē	32169	ao-ou,c-ch	1
悼词	dào cí	32170	ao-ou,c-ch	1
底座	dǐ zuò	32171	ua-uo,z-zh	1
仿造	fǎng zào	32173	an-ang,ao-ou,z-zh,h-f	1
飞旋	fēi xuán	32174	uan-uang,ai-ei,h-f,j-q-x	1
匪军	fěi jūn	32175	ai-ei,h-f,j-q-x	1
肺泡	fèi pào	32176	ai-ei,ao-ou,h-f	1
分野	fēn yě	32177	en-eng,h-f	1
辅料	fǔ liào	32180	n-l,h-f,r-l	1
复函	fù hán	32181	an-ang,h-f	1
刚劲	gāng jìng	32182	in-ing,an-ang,j-q-x	1
钢刀	gāng dāo	32183	an-ang,ao-ou	1
共济	gòng jì	32184	j-q-x	1
古刹	gǔ chà	32186	c-ch	1
咣当	guāng dāng	32187	an-ang,uan-uang	3
何须	hé xū	32189	h-f,j-q-x	1
熟女	shú nǚ	32191	s-sh,n-l	1
回环	huí huán	32192	uan-uang,h-f	1
悔罪	huǐ zuì	32193	z-zh,h-f	1
济贫	jì pín	32194	in-ing,j-q-x	1
奸污	jiān wū	32195	ian-iang,j-q-x	1
降格	jiàng gé	32196	ian-iang,j-q-x	1
精到	jīng dào	32197	in-ing,ao-ou,j-q-x	1
决然	jué rán	32199	an-ang,r-l,j-q-x	1
绝唱	jué chàng	32200	an-ang,c-ch,j-q-x	1
军职	jūn zhí	32202	z-zh,j-q-x	1
溃退	kuì tuì	32203		1
雷池	léi chí	32204	ai-ei,c-ch,n-l,r-l	1
楼台	lóu tái	32207	ai-ei,ao-ou,n-l,r-l	1
内省	nèi xǐng	32211	in-ing,ai-ei,n-l,j-q-x	1
内宅	nèi zhái	32212	ai-ei,z-zh,n-l	1
农膜	nóng mó	32214	n-l	1
磐石	pán shí	32216	an-ang,s-sh	3
披红	pī hóng	32217	h-f	1
清雅	qīng yǎ	32218	in-ing,j-q-x	1
瘸子	qué zi	32220	z-zh,j-q-x	1
僧尼	sēng ní	32221	en-eng,s-sh,n-l	1
赏玩	shǎng wán	32222	an-ang,s-sh	1
疏密	shū mì	32224	s-sh	1
水印	shuǐ yìn	32225	in-ing,s-sh	1
松绑	sōng bǎng	32227	an-ang,s-sh	1
踏勘	tà kān	32228	an-ang	1
贪心	tān xīn	32229	in-ing,an-ang,j-q-x	1
堂叔	táng shū	32230	an-ang,s-sh	1
投河	tóu hé	32231	ao-ou,h-f	1
五岳	wǔ yuè	32238		1
西晋	xī jìn	32239	in-ing,j-q-x	1
相碰	xiāng pèng	32241	en-eng,ian-iang,j-q-x	1
小指	xiǎo zhǐ	32243	z-zh,j-q-x	1
笑颜	xiào yán	32244	an-ang,j-q-x	1
卸车	xiè chē	32245	ia-ie,c-ch,j-q-x	1
心志	xīn zhì	32246	in-ing,z-zh,j-q-x	1
巡防	xún fáng	32248	an-ang,h-f,j-q-x	1
言和	yán hé	32249	an-ang,h-f	1
夜游	yè yóu	32250	ao-ou	1
疑案	yí àn	32252	an-ang	1
雨带	yǔ dài	32254	ai-ei	1
月均	yuè jūn	32255	j-q-x	1
孕期	yùn qī	32256	j-q-x	1
藏历	zàng lì	32257	an-ang,z-zh,n-l,r-l	1
战例	zhàn lì	32258	an-ang,z-zh,n-l,r-l	1
折中	zhé zhōng	32260	z-zh	1
征伐	zhēng fá	32261	en-eng,z-zh,h-f	1
壮乡	zhuàng xiāng	32262	ian-iang,uan-uang,z-zh,j-q-x	1
恣肆	zì sì	32264	z-zh,s-sh	3
般配	bān pèi	32266	an-ang,ai-ei	1
保藏	bǎo cáng	32268	an-ang,ao-ou,c-ch	1
奔袭	bēn xí	32269	en-eng,j-q-x	1
鼻翼	bí yì	32270		1
兵书	bīng shū	32271	in-ing,s-sh	1
插口	chā kǒu	32273	ao-ou,c-ch	1
粗重	cū zhòng	32276	z-zh,c-ch	1
存续	cún xù	32277	c-ch,j-q-x	1
当红	dāng hóng	32280	an-ang,h-f	1
倒腾	dǎo teng	32281	en-eng,ao-ou	1
点明	diǎn míng	32282	in-ing,ian-iang	1
府第	fǔ dì	32287	h-f	1
高矮	gāo ǎi	32288	ai-ei,ao-ou	1
恭听	gōng tīng	32291	in-ing	1
鼓捣	gǔ dao	32292	ao-ou	1
闺房	guī fáng	32295	an-ang,h-f	1
行会	háng huì	32296	an-ang,h-f	1
滑梯	huá tī	32297	ua-uo,h-f	1
婚嫁	hūn jià	32298	ia-ie,h-f,j-q-x	1
样张	yàng zhāng	32299	an-ang,z-zh	1
机油	jī yóu	32300	ao-ou,j-q-x	1
疾步	jí bù	32301	j-q-x	1
济世	jì shì	32302	s-sh,j-q-x	1
艰深	jiān shēn	32303	en-eng,ian-iang,s-sh,j-q-x	1
箭步	jiàn bù	32305	ian-iang,j-q-x	1
脚本	jiǎo běn	32307	en-eng,j-q-x	1
校样	jiào yàng	32308	an-ang,j-q-x	1
教工	jiào gōng	32309	j-q-x	1
结拜	jié bài	32311	ai-ei,ia-ie,j-q-x	1
惊悉	jīng xī	32312	in-ing,j-q-x	1
卷发	juǎn fā	32314	uan-uang,h-f,j-q-x	1
军地	jūn dì	32315	j-q-x	1
犒赏	kào shǎng	32317	an-ang,ao-ou,s-sh	3
漫谈	màn tán	32321	an-ang	1
眉心	méi xīn	32323	in-ing,ai-ei,j-q-x	1
米色	mǐ sè	32324	s-sh	1
密报	mì bào	32325	ao-ou	1
民气	mín qì	32326	in-ing,j-q-x	1
脑浆	nǎo jiāng	32328	ian-iang,ao-ou,n-l,j-q-x	1
浓妆	nóng zhuāng	32329	uan-uang,z-zh,n-l	1
蟠桃	pán táo	32331	an-ang,ao-ou	3
频段	pín duàn	32332	in-ing,uan-uang	1
岂料	qǐ liào	32333	n-l,r-l,j-q-x	1
起泡	qǐ pào	32334	ao-ou,j-q-x	1
前襟	qián jīn	32335	in-ing,ian-iang,j-q-x	1
请托	qǐng tuō	32336	in-ing,ua-uo,j-q-x	1
屈死	qū sǐ	32338	s-sh,j-q-x	1
瘸腿	qué tuǐ	32339	j-q-x	1
乳名	rǔ míng	32341	in-ing,r-l	1
乳罩	rǔ zhào	32342	ao-ou,z-zh,r-l	1
扫毒	sǎo dú	32343	ao-ou,s-sh	1
墒情	shāng qíng	32344	in-ing,an-ang,s-sh,j-q-x	3
胜算	shèng suàn	32345	en-eng,uan-uang,s-sh	1
首义	shǒu yì	32348	ao-ou,s-sh	1
水闸	shuǐ zhá	32349	z-zh,s-sh	1
私货	sī huò	32350	ua-uo,s-sh,h-f	1
松枝	sōng zhī	32352	z-zh,s-sh	1
速生	sù shēng	32353	en-eng,s-sh	1
投宿	tóu sù	32356	ao-ou,s-sh	1
拓荒	tuò huāng	32357	uan-uang,ua-uo,h-f	1
猥琐	wěi suǒ	32360	ai-ei,ua-uo,s-sh	3
效死	xiào sǐ	32364	s-sh,j-q-x	1
休学	xiū xué	32365	j-q-x	1
修道	xiū dào	32366	ao-ou,j-q-x	1
牙科	yá kē	32367		1
眼波	yǎn bō	32369	an-ang	1
应景	yìng jǐng	32372	in-ing,j-q-x	1
油区	yóu qū	32374	ao-ou,j-q-x	1
幼教	yòu jiào	32375	ao-ou,j-q-x	1
余光	yú guāng	32376	uan-uang	1
责罚	zé fá	32379	z-zh,h-f	1
渣子	zhā zi	32380	z-zh	1
阵子	zhèn zi	32382	en-eng,z-zh	1
直译	zhí yì	32383	z-zh	1
竹椅	zhú yǐ	32386	z-zh	1
追堵	zhuī dǔ	32387	z-zh	1
追剿	zhuī jiǎo	32388	z-zh,j-q-x	1
准将	zhǔn jiàng	32389	ian-iang,z-zh,j-q-x	1
孜孜	zī zī	32391	z-zh	2
走漏	zǒu lòu	32392	ao-ou,z-zh,n-l,r-l	1
醉汉	zuì hàn	32393	an-ang,z-zh,h-f	1
作词	zuò cí	32394	ua-uo,z-zh,c-ch	1
剥蚀	bō shí	32395	s-sh	1
补药	bǔ yào	32396	ao-ou	1
惨然	cǎn rán	32397	an-ang,c-ch,r-l	1
插足	chā zú	32398	z-zh,c-ch	1
炒面	chǎo miàn	32399	ian-iang,ao-ou,c-ch	1
陈迹	chén jì	32400	en-eng,c-ch,j-q-x	1
重播	chóng bō	32402	c-ch	1
出题	chū tí	32403	c-ch	1
次官	cì guān	32405	uan-uang,c-ch	1
从优	cóng yōu	32406	ao-ou,c-ch	1
从众	cóng zhòng	32407	z-zh,c-ch	1
打问	dǎ wèn	32408	en-eng	1
大幸	dà xìng	32409	in-ing,j-q-x	1
丹田	dān tián	32410	an-ang,ian-iang	1
道岔	dào chà	32411	ao-ou,c-ch	1
嘟噜	dū lu	32413	n-l,r-l	2
对襟	duì jīn	32414	in-ing,j-q-x	1
恩典	ēn diǎn	32416	en-eng,ian-iang	1
反向	fǎn xiàng	32417	an-ang,ian-iang,h-f,j-q-x	1
放晴	fàng qíng	32418	in-ing,an-ang,h-f,j-q-x	1
丰沛	fēng pèi	32419	en-eng,ai-ei,h-f	1
浮萍	fú píng	32421	in-ing,h-f	1
附设	fù shè	32422	s-sh,h-f	1
干将	gān jiāng	32424	an-ang,ian-iang,j-q-x	1
鼓手	gǔ shǒu	32426	ao-ou,s-sh	1
故园	gù yuán	32427	uan-uang	1
瓜皮	guā pí	32428	ua-uo	1
过继	guò jì	32429	ua-uo,j-q-x	1
合十	hé shí	32432	s-sh,h-f	1
红松	hóng sōng	32433	s-sh,h-f	1
鸿雁	hóng yàn	32434	an-ang,h-f	1
护驾	hù jià	32436	ia-ie,h-f,j-q-x	1
怀胎	huái tāi	32437	ai-ei,h-f	1
环状	huán zhuàng	32438	uan-uang,z-zh,h-f	1
火鸡	huǒ jī	32440	ua-uo,h-f,j-q-x	1
剂型	jì xíng	32442	in-ing,j-q-x	1
时蔬	shí shū	32445	s-sh	1
家财	jiā cái	32446	ai-ei,ia-ie,c-ch,j-q-x	1
甲胄	jiǎ zhòu	32447	ao-ou,ia-ie,z-zh,j-q-x	3
愤青	fèn qīng	32448	en-eng,in-ing,h-f,j-q-x	1
郊野	jiāo yě	32452	j-q-x	1
叫法	jiào fǎ	32453	h-f,j-q-x	1
解手	jiě shǒu	32454	ao-ou,ia-ie,s-sh,j-q-x	1
禁赛	jìn sài	32455	in-ing,ai-ei,s-sh,j-q-x	1
惊魂	jīng hún	32456	in-ing,h-f,j-q-x	1
决堤	jué dī	32457	j-q-x	1
抗辩	kàng biàn	32458	an-ang,ian-iang	1
恳谈	kěn tán	32459	en-eng,an-ang	1
困乏	kùn fá	32461	h-f	1
猎奇	liè qí	32463	ia-ie,n-l,r-l,j-q-x	1
临刑	lín xíng	32464	in-ing,n-l,r-l,j-q-x	1
谋士	móu shì	32467	ao-ou,s-sh	1
木讷	mù nè	32468	n-l	3
凝练	níng liàn	32469	in-ing,ian-iang,n-l,r-l	1
妞妞	niū niū	32470	n-l	2
女相	nǚ xiàng	32471	ian-iang,n-l,j-q-x	1
暖瓶	nuǎn píng	32472	in-ing,uan-uang,n-l	1
平手	píng shǒu	32474	in-ing,ao-ou,s-sh	1
网警	wǎng jǐng	32475	in-ing,an-ang,j-q-x	1
切盼	qiè pàn	32477	an-ang,ia-ie,j-q-x	1
轻风	qīng fēng	32478	en-eng,in-ing,h-f,j-q-x	1
囚车	qiú chē	32479	c-ch,j-q-x	1
全称	quán chēng	32481	en-eng,uan-uang,c-ch,j-q-x	1
润色	rùn sè	32483	s-sh,r-l	1
杉树	shā shù	32484	s-sh	1
删节	shān jié	32485	an-ang,ia-ie,s-sh,j-q-x	1
神权	shén quán	32486	en-eng,uan-uang,s-sh,j-q-x	1
生菜	shēng cài	32487	en-eng,ai-ei,c-ch,s-sh	1
石级	shí jí	32488	s-sh,j-q-x	1
视界	shì jiè	32489	ia-ie,s-sh,j-q-x	1
受敌	shòu dí	32490	ao-ou,s-sh	1
水槽	shuǐ cáo	32491	ao-ou,c-ch,s-sh	1
水雷	shuǐ léi	32492	ai-ei,s-sh,n-l,r-l	1
素食	sù shí	32494	s-sh	1
天堑	tiān qiàn	32496	ian-iang,j-q-x	3
庭园	tíng yuán	32497	in-ing,uan-uang	1
通身	tōng shēn	32498	en-eng,s-sh	1
通邮	tōng yóu	32499	ao-ou	1
图存	tú cún	32500	c-ch	1
外患	wài huàn	32501	uan-uang,ai-ei,h-f	1
晚婚	wǎn hūn	32502	an-ang,h-f	1
婉拒	wǎn jù	32503	an-ang,j-q-x	1
蚊蝇	wén yíng	32505	en-eng,in-ing	1
闲扯	xián chě	32507	ian-iang,c-ch,j-q-x	1
协约	xié yuē	32509	ia-ie,j-q-x	1
馨香	xīn xiāng	32510	in-ing,ian-iang,j-q-x	1
选本	xuǎn běn	32511	en-eng,uan-uang,j-q-x	1
讯号	xùn hào	32512	ao-ou,h-f,j-q-x	1
眼病	yǎn bìng	32514	in-ing,an-ang	1
氧吧	yǎng bā	32515	an-ang	1
遗骨	yí gǔ	32518		1
艺苑	yì yuàn	32519	uan-uang	1
庸人	yōng rén	32520	en-eng,r-l	1
慵懒	yōng lǎn	32521	an-ang,n-l,r-l	3
雨雾	yǔ wù	32522		1
预支	yù zhī	32523	z-zh	1
乐师	yuè shī	32524	s-sh	1
增容	zēng róng	32525	en-eng,z-zh,r-l	1
战祸	zhàn huò	32526	an-ang,ua-uo,z-zh,h-f	1
长幼	zhǎng yòu	32527	an-ang,ao-ou,z-zh	1
支边	zhī biān	32528	ian-iang,z-zh	1
住持	zhù chí	32529	z-zh,c-ch	1
锥子	zhuī zi	32530	z-zh	1
姿容	zī róng	32531	z-zh,r-l	1
半百	bàn bǎi	32533	an-ang,ai-ei	1
碧玉	bì yù	32535		1
不确	bù què	32538	j-q-x	1
财宝	cái bǎo	32539	ai-ei,ao-ou,c-ch	1
彩车	cǎi chē	32540	ai-ei,c-ch	1
册子	cè zi	32541	z-zh,c-ch	1
茶道	chá dào	32542	ao-ou,c-ch	1
查考	chá kǎo	32543	ao-ou,c-ch	1
沉落	chén luò	32544	en-eng,ua-uo,c-ch,n-l,r-l	1
称誉	chēng yù	32545	en-eng,c-ch	1
传家	chuán jiā	32549	uan-uang,ia-ie,c-ch,j-q-x	1
当世	dāng shì	32552	an-ang,s-sh	1
碘盐	diǎn yán	32553	an-ang,ian-iang	1
叮咬	dīng yǎo	32554	in-ing,ao-ou	1
斗艳	dòu yàn	32555	an-ang,ao-ou	1
肚脐	dù qí	32556	j-q-x	1
法权	fǎ quán	32557	uan-uang,h-f,j-q-x	1
发菜	fà cài	32558	ai-ei,c-ch,h-f	1
房梁	fáng liáng	32559	an-ang,ian-iang,n-l,h-f,r-l	1
飞报	fēi bào	32560	ai-ei,ao-ou,h-f	1
沸水	fèi shuǐ	32562	ai-ei,s-sh,h-f	1
蜂起	fēng qǐ	32563	en-eng,h-f,j-q-x	1
岗楼	gǎng lóu	32567	an-ang,ao-ou,n-l,r-l	1
勾通	gōu tōng	32568	ao-ou	1
归心	guī xīn	32569	in-ing,j-q-x	1
坐台	zuò tái	32571	ai-ei,ua-uo,z-zh	1
合群	hé qún	32573	h-f,j-q-x	1
缓建	huǎn jiàn	32576	ian-iang,uan-uang,h-f,j-q-x	1
荒僻	huāng pì	32577	uan-uang,h-f	1
回师	huí shī	32578	s-sh,h-f	1
脚心	jiǎo xīn	32580	in-ing,j-q-x	1
搅扰	jiǎo rǎo	32581	ao-ou,r-l,j-q-x	1
结伙	jié huǒ	32582	ia-ie,ua-uo,h-f,j-q-x	1
结扎	jié zā	32583	ia-ie,z-zh,j-q-x	1
精当	jīng dàng	32584	in-ing,an-ang,j-q-x	1
精装	jīng zhuāng	32585	in-ing,uan-uang,z-zh,j-q-x	1
精壮	jīng zhuàng	32586	in-ing,uan-uang,z-zh,j-q-x	1
考卷	kǎo juàn	32587	uan-uang,ao-ou,j-q-x	1
可气	kě qì	32588	j-q-x	1
老茧	lǎo jiǎn	32591	ian-iang,ao-ou,n-l,r-l,j-q-x	1
离境	lí jìng	32592	in-ing,n-l,r-l,j-q-x	1
两利	liǎng lì	32593	ian-iang,n-l,r-l	1
僚属	liáo shǔ	32594	s-sh,n-l,r-l	1
凌迟	líng chí	32595	in-ing,c-ch,n-l,r-l	1
碌碌	lù lù	32596	n-l,r-l	1
旅费	lǚ fèi	32597	ai-ei,n-l,h-f,r-l	1
轮班	lún bān	32598	an-ang,n-l,r-l	1
民愤	mín fèn	32599	en-eng,in-ing,h-f	1
魔爪	mó zhǎo	32601	ao-ou,z-zh	1
耐旱	nài hàn	32602	an-ang,ai-ei,n-l,h-f	1
鸟雀	niǎo què	32603	n-l,j-q-x	1
女校	nǚ xiào	32604	n-l,j-q-x	1
叛党	pàn dǎng	32605	an-ang	1
佩刀	pèi dāo	32607	ai-ei,ao-ou	1
皮夹	pí jiā	32608	ia-ie,j-q-x	1
评传	píng zhuàn	32609	in-ing,uan-uang,z-zh	1
牵强	qiān qiǎng	32610	ian-iang,j-q-x	1
青楼	qīng lóu	32612	in-ing,ao-ou,n-l,r-l,j-q-x	1
缺欠	quē qiàn	32613	ian-iang,j-q-x	1
入画	rù huà	32614	ua-uo,h-f,r-l	1
傻气	shǎ qì	32615	s-sh,j-q-x	1
上宾	shàng bīn	32616	in-ing,an-ang,s-sh	1
上回	shàng huí	32617	an-ang,s-sh,h-f	1
失约	shī yuē	32620	s-sh	1
首映	shǒu yìng	32622	in-ing,ao-ou,s-sh	1
随想	suí xiǎng	32623	ian-iang,s-sh,j-q-x	1
随员	suí yuán	32624	uan-uang,s-sh	1
探悉	tàn xī	32626	an-ang,j-q-x	1
痛处	tòng chù	32630	c-ch	1
外带	wài dài	32631	ai-ei	1
妄加	wàng jiā	32632	an-ang,ia-ie,j-q-x	1
新低	xīn dī	32636	in-ing,j-q-x	1
虚脱	xū tuō	32637	ua-uo,j-q-x	1
许配	xǔ pèi	32638	ai-ei,j-q-x	1
殉葬	xùn zàng	32639	an-ang,z-zh,j-q-x	1
烟丝	yān sī	32640	an-ang,s-sh	1
阉人	yān rén	32641	en-eng,an-ang,r-l	3
杨桃	yáng táo	32642	an-ang,ao-ou	1
药铺	yào pù	32643	ao-ou	1
游民	yóu mín	32647	in-ing,ao-ou	1
沾边	zhān biān	32648	an-ang,ian-iang,z-zh	1
沾光	zhān guāng	32649	an-ang,uan-uang,z-zh	1
正大	zhèng dà	32651	en-eng,z-zh	1
转椅	zhuàn yǐ	32652	uan-uang,z-zh	1
自残	zì cán	32653	an-ang,z-zh,c-ch	1
走失	zǒu shī	32654	ao-ou,z-zh,s-sh	1
暗礁	àn jiāo	32655	an-ang,j-q-x	1
霸市	bà shì	32656	s-sh	1
悲泣	bēi qì	32659	ai-ei,j-q-x	1
碧空	bì kōng	32660		1
不和	bù hé	32662	h-f	1
布控	bù kòng	32663		1
餐室	cān shì	32664	an-ang,c-ch,s-sh	1
仓房	cāng fáng	32665	an-ang,c-ch,h-f	1
草创	cǎo chuàng	32666	uan-uang,ao-ou,c-ch	1
测距	cè jù	32667	c-ch,j-q-x	1
成性	chéng xìng	32669	en-eng,in-ing,c-ch,j-q-x	1
重译	chóng yì	32670	c-ch	1
出价	chū jià	32671	ia-ie,c-ch,j-q-x	1
传情	chuán qíng	32672	in-ing,uan-uang,c-ch,j-q-x	1
疮疤	chuāng bā	32673	uan-uang,c-ch	1
唇舌	chún shé	32675	c-ch,s-sh	1
大枣	dà zǎo	32676	ao-ou,z-zh	1
登攀	dēng pān	32677	en-eng,an-ang	1
底价	dǐ jià	32678	ia-ie,j-q-x	1
地宫	dì gōng	32679		1
电石	diàn shí	32681	ian-iang,s-sh	1
顶子	dǐng zi	32682	in-ing,z-zh	1
懂行	dǒng háng	32683	an-ang,h-f	1
抖颤	dǒu chàn	32684	an-ang,ao-ou,c-ch	1
丰美	fēng měi	32687	en-eng,ai-ei,h-f	1
风雷	fēng léi	32688	en-eng,ai-ei,n-l,h-f,r-l	1
爱侣	ài lǚ	32690	ai-ei,n-l,r-l	1
干巴	gān ba	32691	an-ang	1
耿直	gěng zhí	32693	en-eng,z-zh	1
挂心	guà xīn	32694	in-ing,ua-uo,j-q-x	1
怪话	guài huà	32695	ua-uo,h-f	1
鲑鱼	guī yú	32696		3
滚轮	gǔn lún	32697	n-l,r-l	1
好强	hào qiáng	32698	ian-iang,ao-ou,h-f,j-q-x	1
和暖	hé nuǎn	32699	uan-uang,n-l,h-f	1
喝问	hè wèn	32700	en-eng,h-f	1
黑瘦	hēi shòu	32701	ai-ei,ao-ou,s-sh,h-f	1
胡椒	hú jiāo	32702	h-f,j-q-x	1
婚恋	hūn liàn	32704	ian-iang,n-l,h-f,r-l	1
寄寓	jì yù	32705	j-q-x	1
减法	jiǎn fǎ	32707	ian-iang,h-f,j-q-x	1
举国	jǔ guó	32710	ua-uo,j-q-x	1
裤兜	kù dōu	32712	ao-ou	1
拉客	lā kè	32714	n-l,r-l	1
历练	lì liàn	32716	ian-iang,n-l,r-l	1
立传	lì zhuàn	32717	uan-uang,z-zh,n-l,r-l	1
料峭	liào qiào	32718	n-l,r-l,j-q-x	1
临产	lín chǎn	32719	in-ing,an-ang,c-ch,n-l,r-l	1
赛况	sài kuàng	32721	uan-uang,ai-ei,s-sh	1
骂街	mà jiē	32722	ia-ie,j-q-x	1
媒婆	méi pó	32724	ai-ei	1
免试	miǎn shì	32725	ian-iang,s-sh	1
奶瓶	nǎi píng	32726	in-ing,ai-ei,n-l	1
内力	nèi lì	32728	ai-ei,n-l,r-l	1
内助	nèi zhù	32729	ai-ei,z-zh,n-l	1
逆风	nì fēng	32730	en-eng,n-l,h-f	1
凝滞	níng zhì	32731	in-ing,z-zh,n-l	1
浓香	nóng xiāng	32732	ian-iang,n-l,j-q-x	1
炮手	pào shǒu	32733	ao-ou,s-sh	1
剽悍	piāo hàn	32735	an-ang,h-f	3
平视	píng shì	32736	in-ing,s-sh	1
扑腾	pū tēng	32737	en-eng	1
凄婉	qī wǎn	32738	an-ang,j-q-x	1
巧手	qiǎo shǒu	32740	ao-ou,s-sh,j-q-x	1
青瓷	qīng cí	32741	in-ing,c-ch,j-q-x	1
蛆虫	qū chóng	32742	c-ch,j-q-x	3
全责	quán zé	32744	uan-uang,z-zh,j-q-x	1
鹊起	què qǐ	32745	j-q-x	1
擅权	shàn quán	32747	an-ang,uan-uang,s-sh,j-q-x	1
上口	shàng kǒu	32748	an-ang,ao-ou,s-sh	1
手相	shǒu xiàng	32750	ian-iang,ao-ou,s-sh,j-q-x	1
水发	shuǐ fā	32751	s-sh,h-f	1
说书	shuō shū	32754	ua-uo,s-sh	1
算卦	suàn guà	32755	uan-uang,ua-uo,s-sh	1
投书	tóu shū	32759	ao-ou,s-sh	1
枉死	wǎng sǐ	32760	an-ang,s-sh	1
伪证	wěi zhèng	32763	en-eng,ai-ei,z-zh	1
犀牛	xī niú	32765	n-l,j-q-x	1
宅女	zhái nǚ	32767	ai-ei,z-zh,n-l	1
宵禁	xiāo jìn	32771	in-ing,j-q-x	1
心服	xīn fú	32773	in-ing,h-f,j-q-x	1
续编	xù biān	32775	ian-iang,j-q-x	1
炫目	xuàn mù	32776	uan-uang,j-q-x	1
腌菜	yān cài	32777	an-ang,ai-ei,c-ch	3
邀集	yāo jí	32779	ao-ou,j-q-x	1
药丸	yào wán	32780	an-ang,ao-ou	1
医书	yī shū	32781	s-sh	1
英豪	yīng háo	32782	in-ing,ao-ou,h-f	1
迎亲	yíng qīn	32784	in-ing,j-q-x	1
硬座	yìng zuò	32785	in-ing,ua-uo,z-zh	1
泳装	yǒng zhuāng	32786	uan-uang,z-zh	1
渔夫	yú fū	32787	h-f	1
玉雕	yù diāo	32788		1
涨水	zhǎng shuǐ	32789	an-ang,z-zh,s-sh	1
遮阳	zhē yáng	32790	an-ang,z-zh	1
织锦	zhī jǐn	32791	in-ing,z-zh,j-q-x	1
织女	zhī nǚ	32792	z-zh,n-l	1
至理	zhì lǐ	32793	z-zh,n-l,r-l	1
种属	zhǒng shǔ	32794	z-zh,s-sh	1
朱漆	zhū qī	32795	z-zh,j-q-x	1
醉眼	zuì yǎn	32796	an-ang,z-zh	1
桉树	ān shù	32797	an-ang,s-sh	3
按键	àn jiàn	32798	an-ang,ian-iang,j-q-x	1
败兴	bài xìng	32799	in-ing,ai-ei,j-q-x	1
边地	biān dì	32802	ian-iang	1
禀告	bǐng gào	32804	in-ing,ao-ou	1
彩陶	cǎi táo	32807	ai-ei,ao-ou,c-ch	1
茶桌	chá zhuō	32809	ua-uo,z-zh,c-ch	1
瞅准	chǒu zhǔn	32811	ao-ou,z-zh,c-ch	1
垂落	chuí luò	32812	ua-uo,c-ch,n-l,r-l	1
搭腔	dā qiāng	32814	ian-iang,j-q-x	1
打紧	dǎ jǐn	32815	in-ing,j-q-x	1
对攻	duì gōng	32819		1
对局	duì jú	32820	j-q-x	1
放浪	fàng làng	32821	an-ang,n-l,h-f,r-l	1
放赈	fàng zhèn	32822	en-eng,an-ang,z-zh,h-f	3
肥硕	féi shuò	32824	ai-ei,ua-uo,s-sh,h-f	1
丰饶	fēng ráo	32825	en-eng,ao-ou,h-f,r-l	1
浮尘	fú chén	32826	en-eng,c-ch,h-f	1
官宦	guān huàn	32827	uan-uang,h-f	1
行市	háng shi	32828	an-ang,s-sh,h-f	1
黑钱	hēi qián	32830	ian-iang,ai-ei,h-f,j-q-x	1
横批	héng pī	32831	en-eng,h-f	1
话柄	huà bǐng	32833	in-ing,ua-uo,h-f	1
换班	huàn bān	32834	an-ang,uan-uang,h-f	1
黄蜂	huáng fēng	32835	en-eng,uan-uang,h-f	1
挥汗	huī hàn	32836	an-ang,h-f	1
佳品	jiā pǐn	32837	in-ing,ia-ie,j-q-x	1
假托	jiǎ tuō	32838	ia-ie,ua-uo,j-q-x	1
肩章	jiān zhāng	32839	an-ang,ian-iang,z-zh,j-q-x	1
经脉	jīng mài	32843	in-ing,ai-ei,j-q-x	1
惊悸	jīng jì	32844	in-ing,j-q-x	3
酒兴	jiǔ xìng	32845	in-ing,j-q-x	1
旧友	jiù yǒu	32846	ao-ou,j-q-x	1
空阔	kōng kuò	32848	ua-uo	1
旷工	kuàng gōng	32849	uan-uang	1
缆绳	lǎn shéng	32850	en-eng,an-ang,s-sh,n-l,r-l	1
冷寂	lěng jì	32851	en-eng,n-l,r-l,j-q-x	1
流脑	liú nǎo	32853	ao-ou,n-l,r-l	1
流散	liú sàn	32854	an-ang,s-sh,n-l,r-l	1
龙袍	lóng páo	32855	ao-ou,n-l,r-l	1
轮奸	lún jiān	32856	ian-iang,n-l,r-l,j-q-x	1
门市	mén shì	32857	en-eng,s-sh	1
奶头	nǎi tóu	32859	ai-ei,ao-ou,n-l	1
男式	nán shì	32860	an-ang,s-sh,n-l	1
恼恨	nǎo hèn	32861	en-eng,ao-ou,n-l,h-f	1
镊子	niè zi	32863	ia-ie,z-zh,n-l	3
泡汤	pào tāng	32864	an-ang,ao-ou	1
配药	pèi yào	32865	ai-ei,ao-ou	1
皮匠	pí jiàng	32866	ian-iang,j-q-x	1
铺展	pū zhǎn	32867	an-ang,z-zh	1
青丝	qīng sī	32869	in-ing,s-sh,j-q-x	1
情敌	qíng dí	32870	in-ing,j-q-x	1
求胜	qiú shèng	32871	en-eng,s-sh,j-q-x	1
饶命	ráo mìng	32872	in-ing,ao-ou,r-l	1
上机	shàng jī	32874	an-ang,s-sh,j-q-x	1
上联	shàng lián	32875	an-ang,ian-iang,s-sh,n-l,r-l	1
生趣	shēng qù	32876	en-eng,s-sh,j-q-x	1
诗刊	shī kān	32877	an-ang,s-sh	1
收租	shōu zū	32879	ao-ou,z-zh,s-sh	1
手袋	shǒu dài	32880	ai-ei,ao-ou,s-sh	1
受困	shòu kùn	32881	ao-ou,s-sh	1
受孕	shòu yùn	32882	ao-ou,s-sh	1
司仪	sī yí	32883	s-sh	1
丝瓜	sī guā	32884	ua-uo,s-sh	1
死灰	sǐ huī	32885	s-sh,h-f	1
松口	sōng kǒu	32886	ao-ou,s-sh	1
偷拍	tōu pāi	32888	ai-ei,ao-ou	1
涂鸦	tú yā	32889		1
颓败	tuí bài	32890	ai-ei	1
外派	wài pài	32892	ai-ei	1
委以	wěi yǐ	32893	ai-ei	1
瘟神	wēn shén	32894	en-eng,s-sh	1
小号	xiǎo hào	32899	ao-ou,h-f,j-q-x	1
叙谈	xù tán	32900	an-ang,j-q-x	1
训示	xùn shì	32901	s-sh,j-q-x	1
要旨	yào zhǐ	32902	ao-ou,z-zh	1
音律	yīn lǜ	32904	in-ing,n-l,r-l	1
应考	yìng kǎo	32905	in-ing,ao-ou	1
油彩	yóu cǎi	32906	ai-ei,ao-ou,c-ch	1
油箱	yóu xiāng	32907	ian-iang,ao-ou,j-q-x	1
诱杀	yòu shā	32908	ao-ou,s-sh	1
羽坛	yǔ tán	32909	an-ang	1
载运	zài yùn	32910	ai-ei,z-zh	1
藏胞	cáng bāo	32911	an-ang,ao-ou,c-ch	1
炸裂	zhà liè	32912	ia-ie,z-zh,n-l,r-l	1
鹧鸪	zhè gū	32915	z-zh	2
纸板	zhǐ bǎn	32916	an-ang,z-zh	1
指正	zhǐ zhèng	32917	en-eng,z-zh	1
状子	zhuàng zi	32918	uan-uang,z-zh	1
尊容	zūn róng	32919	z-zh,r-l	1
暗红	àn hóng	32920	an-ang,h-f	1
白虎	bái hǔ	32921	ai-ei,h-f	1
保育	bǎo yù	32923	ao-ou	1
笔筒	bǐ tǒng	32924		1
边塞	biān sài	32926	ian-iang,ai-ei,s-sh	1
标号	biāo hào	32927	ao-ou,h-f	1
博导	bó dǎo	32928	ao-ou	1
猜度	cāi duó	32929	ai-ei,ua-uo,c-ch	1
菜市	cài shì	32930	ai-ei,c-ch,s-sh	1
惨笑	cǎn xiào	32932	an-ang,c-ch,j-q-x	1
成林	chéng lín	32933	en-eng,in-ing,c-ch,n-l,r-l	1
承蒙	chéng méng	32934	en-eng,c-ch	1
敕书	chì shū	32936	c-ch,s-sh	3
重行	chóng xíng	32937	in-ing,c-ch,j-q-x	1
初时	chū shí	32939	c-ch,s-sh	1
椽子	chuán zi	32940	uan-uang,z-zh,c-ch	3
政改	zhèng gǎi	32941	en-eng,ai-ei,z-zh	1
创口	chuāng kǒu	32942	uan-uang,ao-ou,c-ch	1
翠鸟	cuì niǎo	32943	c-ch,n-l	1
低等	dī děng	32946	en-eng	1
低回	dī huí	32947	h-f	1
叮咚	dīng dōng	32950	in-ing	3
钉螺	dīng luó	32951	in-ing,ua-uo,n-l,r-l	1
对偶	duì ǒu	32952	ao-ou	1
法办	fǎ bàn	32954	an-ang,h-f	1
方丈	fāng zhang	32956	an-ang,z-zh,h-f	1
飞蛾	fēi é	32957	ai-ei,h-f	1
阁员	gé yuán	32961	uan-uang	1
梗阻	gěng zǔ	32962	en-eng,z-zh	1
寡头	guǎ tóu	32963	ao-ou,ua-uo	1
鬼胎	guǐ tāi	32965	ai-ei	1
挑事	tiǎo shì	32966	s-sh	1
海螺	hǎi luó	32967	ai-ei,ua-uo,n-l,h-f,r-l	1
户头	hù tóu	32968	ao-ou,h-f	1
花心	huā xīn	32969	in-ing,ua-uo,h-f,j-q-x	1
画幅	huà fú	32970	ua-uo,h-f	1
回迁	huí qiān	32972	ian-iang,h-f,j-q-x	1
汇价	huì jià	32973	ia-ie,h-f,j-q-x	1
火攻	huǒ gōng	32974	ua-uo,h-f	1
祸乱	huò luàn	32975	uan-uang,ua-uo,n-l,h-f,r-l	1
记挂	jì guà	32976	ua-uo,j-q-x	1
驾到	jià dào	32978	ao-ou,ia-ie,j-q-x	1
娇惯	jiāo guàn	32979	uan-uang,j-q-x	1
今昔	jīn xī	32982	in-ing,j-q-x	1
开价	kāi jià	32983	ai-ei,ia-ie,j-q-x	1
开市	kāi shì	32984	ai-ei,s-sh	1
扩军	kuò jūn	32986	ua-uo,j-q-x	1
赖账	lài zhàng	32987	an-ang,ai-ei,z-zh,n-l,r-l	1
懒觉	lǎn jiào	32988	an-ang,n-l,r-l,j-q-x	1
郎君	láng jūn	32989	an-ang,n-l,r-l,j-q-x	1
累及	lěi jí	32990	ai-ei,n-l,r-l,j-q-x	1
历书	lì shū	32991	s-sh,n-l,r-l	1
涟涟	lián lián	32992	ian-iang,n-l,r-l	2
路政	lù zhèng	32994	en-eng,z-zh,n-l,r-l	1
马甲	mǎ jiǎ	32995	ia-ie,j-q-x	1
冒进	mào jìn	32997	in-ing,ao-ou,j-q-x	1
霉变	méi biàn	32998	ian-iang,ai-ei	1
纳谏	nà jiàn	32999	ian-iang,n-l,j-q-x	3
恼人	nǎo rén	33000	en-eng,ao-ou,n-l,r-l	1
凝集	níng jí	33001	in-ing,n-l,j-q-x	1
女巫	nǚ wū	33002	n-l	1
叛国	pàn guó	33004	an-ang,ua-uo	1
弃婴	qì yīng	33005	in-ing,j-q-x	1
戕害	qiāng hài	33007	ian-iang,ai-ei,h-f,j-q-x	3
山鸡	shān jī	33010	an-ang,s-sh,j-q-x	1
山响	shān xiǎng	33011	an-ang,ian-iang,s-sh,j-q-x	1
赏光	shǎng guāng	33012	an-ang,uan-uang,s-sh	1
式微	shì wēi	33014	ai-ei,s-sh	1
隧洞	suì dòng	33017	s-sh	1
摊牌	tān pái	33018	an-ang,ai-ei	1
探查	tàn chá	33019	an-ang,c-ch	1
探针	tàn zhēn	33020	en-eng,an-ang,z-zh	1
屠夫	tú fū	33022	h-f	1
下周	xià zhōu	33025	ao-ou,ia-ie,z-zh,j-q-x	1
虚线	xū xiàn	33028	ian-iang,j-q-x	1
雪夜	xuě yè	33030	j-q-x	1
泳池	yǒng chí	33033	c-ch	1
育儿	yù ér	33035		1
寓居	yù jū	33036	j-q-x	1
增辉	zēng huī	33037	en-eng,z-zh,h-f	1
整队	zhěng duì	33038	en-eng,z-zh	1
周正	zhōu zhèng	33039	en-eng,ao-ou,z-zh	1
肘子	zhǒu zi	33040	ao-ou,z-zh	1
主政	zhǔ zhèng	33041	en-eng,z-zh	1
拌和	bàn huò	33043	an-ang,ua-uo,h-f	1
报摊	bào tān	33044	an-ang,ao-ou	1
本年	běn nián	33046	en-eng,ian-iang,n-l	1
走题	zǒu tí	33048	ao-ou,z-zh	1
傧相	bīn xiàng	33049	in-ing,ian-iang,j-q-x	3
冰点	bīng diǎn	33050	in-ing,ian-iang	1
不毛	bù máo	33052	ao-ou	1
草莽	cǎo mǎng	33054	an-ang,ao-ou,c-ch	1
茶饭	chá fàn	33055	an-ang,c-ch,h-f	1
长话	cháng huà	33056	an-ang,ua-uo,c-ch,h-f	1
城址	chéng zhǐ	33057	en-eng,z-zh,c-ch	1
触手	chù shǒu	33058	ao-ou,c-ch,s-sh	1
传票	chuán piào	33059	uan-uang,c-ch	1
创编	chuàng biān	33061	ian-iang,uan-uang,c-ch	1
炊具	chuī jù	33062	c-ch,j-q-x	1
纯金	chún jīn	33063	in-ing,c-ch,j-q-x	1
点破	diǎn pò	33066	ian-iang	1
电告	diàn gào	33067	ian-iang,ao-ou	1
饭堂	fàn táng	33069	an-ang,h-f	1
范文	fàn wén	33070	en-eng,an-ang,h-f	1
焚化	fén huà	33071	en-eng,ua-uo,h-f	1
抚爱	fǔ ài	33072	ai-ei,h-f	1
拱形	gǒng xíng	33075	in-ing,j-q-x	1
供词	gòng cí	33076	c-ch	1
沟谷	gōu gǔ	33077	ao-ou	1
故城	gù chéng	33079	en-eng,c-ch	1
惯养	guàn yǎng	33081	an-ang,uan-uang	1
鬼火	guǐ huǒ	33082	ua-uo,h-f	1
国贸	guó mào	33083	ao-ou,ua-uo	1
海星	hǎi xīng	33084	in-ing,ai-ei,h-f,j-q-x	1
旱季	hàn jì	33085	an-ang,h-f,j-q-x	1
合股	hé gǔ	33086	h-f	1
合欢	hé huān	33087	uan-uang,h-f	1
虎将	hǔ jiàng	33089	ian-iang,h-f,j-q-x	1
火头	huǒ tóu	33091	ao-ou,ua-uo,h-f	1
驾崩	jià bēng	33093	en-eng,ia-ie,j-q-x	1
教区	jiào qū	33094	j-q-x	1
界河	jiè hé	33095	ia-ie,h-f,j-q-x	1
拘押	jū yā	33096	j-q-x	1
犒劳	kào láo	33100	ao-ou,n-l,r-l	3
苦寒	kǔ hán	33101	an-ang,h-f	1
款额	kuǎn é	33102	uan-uang	1
狂放	kuáng fàng	33103	an-ang,uan-uang,h-f	1
颅骨	lú gǔ	33105	n-l,r-l	1
麻布	má bù	33107		1
梅子	méi zi	33108	ai-ei,z-zh	1
迷津	mí jīn	33110	in-ing,j-q-x	1
农艺	nóng yì	33115	n-l	1
批号	pī hào	33118	ao-ou,h-f	1
破题	pò tí	33120		1
气数	qì shu	33121	s-sh,j-q-x	1
枪托	qiāng tuō	33123	ian-iang,ua-uo,j-q-x	1
情网	qíng wǎng	33124	in-ing,an-ang,j-q-x	1
山阴	shān yīn	33127	in-ing,an-ang,s-sh	1
讪笑	shàn xiào	33128	an-ang,s-sh,j-q-x	3
生疼	shēng téng	33130	en-eng,s-sh	1
衣装	yī zhuāng	33131	uan-uang,z-zh	1
省报	shěng bào	33132	en-eng,ao-ou,s-sh	1
失笑	shī xiào	33133	s-sh,j-q-x	1
诗选	shī xuǎn	33134	uan-uang,s-sh,j-q-x	1
率直	shuài zhí	33136	z-zh,s-sh	1
双轮	shuāng lún	33137	uan-uang,s-sh,n-l,r-l	1
酥油	sū yóu	33140	ao-ou,s-sh	1
探子	tàn zi	33141	an-ang,z-zh	1
停发	tíng fā	33144	in-ing,h-f	1
土山	tǔ shān	33145	an-ang,s-sh	1
消纳	xiāo nà	33146	n-l,j-q-x	1
推演	tuī yǎn	33147	an-ang	1
问责	wèn zé	33149	en-eng,z-zh	1
午膳	wǔ shàn	33151	an-ang,s-sh	3
兀立	wù lì	33152	n-l,r-l	3
侠客	xiá kè	33154	ia-ie,j-q-x	1
下陷	xià xiàn	33155	ian-iang,ia-ie,j-q-x	1
孝道	xiào dào	33156	ao-ou,j-q-x	1
欣悦	xīn yuè	33157	in-ing,j-q-x	1
续签	xù qiān	33158	ian-iang,j-q-x	1
选矿	xuǎn kuàng	33159	uan-uang,j-q-x	1
选优	xuǎn yōu	33160	uan-uang,ao-ou,j-q-x	1
学潮	xué cháo	33161	ao-ou,c-ch,j-q-x	1
雪橇	xuě qiāo	33162	j-q-x	3
训诫	xùn jiè	33163	ia-ie,j-q-x	1
言情	yán qíng	33164	in-ing,an-ang,j-q-x	1
炎帝	yán dì	33165	an-ang	1
眼馋	yǎn chán	33166	an-ang,c-ch	1
眼熟	yǎn shú	33167	an-ang,s-sh	1
淫威	yín wēi	33170	in-ing,ai-ei	1
在业	zài yè	33172	ai-ei,z-zh	1
站队	zhàn duì	33173	an-ang,z-zh	1
罩子	zhào zi	33174	ao-ou,z-zh	1
阵风	zhèn fēng	33175	en-eng,z-zh,h-f	1
自视	zì shì	33176	z-zh,s-sh	1
走散	zǒu sàn	33177	an-ang,ao-ou,z-zh,s-sh	1
哀婉	āi wǎn	33178	an-ang,ai-ei	1
百忙	bǎi máng	33179	an-ang,ai-ei	1
报晓	bào xiǎo	33180	ao-ou,j-q-x	1
草滩	cǎo tān	33182	an-ang,ao-ou,c-ch	1
插播	chā bō	33184	c-ch	1
处治	chǔ zhì	33187	z-zh,c-ch	1
触怒	chù nù	33188	c-ch,n-l	1
袋装	dài zhuāng	33194	uan-uang,ai-ei,z-zh	1
胆寒	dǎn hán	33195	an-ang,h-f	1
短程	duǎn chéng	33197	en-eng,uan-uang,c-ch	1
对质	duì zhì	33198	z-zh	1
夺标	duó biāo	33199	ua-uo	1
耳鼓	ěr gǔ	33200		1
二黄	èr huáng	33201	uan-uang,h-f	1
发福	fā fú	33202	h-f	1
翻印	fān yìn	33203	in-ing,an-ang,h-f	1
飞蝗	fēi huáng	33204	uan-uang,ai-ei,h-f	1
粪土	fèn tǔ	33205	en-eng,h-f	1
封口	fēng kǒu	33206	en-eng,ao-ou,h-f	1
茯苓	fú líng	33207	in-ing,n-l,h-f,r-l	2
复检	fù jiǎn	33208	ian-iang,h-f,j-q-x	1
腹膜	fù mó	33209	h-f	1
歌会	gē huì	33210	h-f	1
拱门	gǒng mén	33211	en-eng	1
官能	guān néng	33212	en-eng,uan-uang,n-l	1
憨笑	hān xiào	33213	an-ang,h-f,j-q-x	1
黑体	hēi tǐ	33214	ai-ei,h-f	1
狠劲	hěn jìn	33215	en-eng,in-ing,h-f,j-q-x	1
猢狲	hú sūn	33216	s-sh,h-f	2
互济	hù jì	33217	h-f,j-q-x	1
还田	huán tián	33218	ian-iang,uan-uang,h-f	1
惜贷	xī dài	33219	ai-ei,j-q-x	1
祸及	huò jí	33220	ua-uo,h-f,j-q-x	1
悸动	jì dòng	33222	j-q-x	3
加减	jiā jiǎn	33223	ian-iang,ia-ie,j-q-x	1
监守	jiān shǒu	33226	ian-iang,ao-ou,s-sh,j-q-x	1
酒食	jiǔ shí	33228	s-sh,j-q-x	1
臼齿	jiù chǐ	33229	c-ch,j-q-x	1
开卷	kāi juàn	33230	uan-uang,ai-ei,j-q-x	1
科班	kē bān	33231	an-ang	1
枯干	kū gān	33232	an-ang	1
苦工	kǔ gōng	33233		1
劳心	láo xīn	33235	in-ing,ao-ou,n-l,r-l,j-q-x	1
累人	lěi rén	33236	en-eng,ai-ei,n-l,r-l	1
离队	lí duì	33237	n-l,r-l	1
理工	lǐ gōng	33238	n-l,r-l	1
联展	lián zhǎn	33240	an-ang,ian-iang,z-zh,n-l,r-l	1
猎头	liè tóu	33241	ao-ou,ia-ie,n-l,r-l	1
慢走	màn zǒu	33243	an-ang,ao-ou,z-zh	1
命定	mìng dìng	33245	in-ing	1
难缠	nán chán	33246	an-ang,c-ch,n-l	1
碾坊	niǎn fáng	33247	an-ang,ian-iang,n-l,h-f	1
尿道	niào dào	33248	ao-ou,n-l	1
怄气	òu qì	33249	ao-ou,j-q-x	3
盘缠	pán chan	33250	an-ang,c-ch	1
泼妇	pō fù	33252	h-f	1
蹼泳	pǔ yǒng	33254		3
凄惶	qī huáng	33255	uan-uang,h-f,j-q-x	1
歧义	qí yì	33256	j-q-x	1
青鱼	qīng yú	33257	in-ing,j-q-x	1
建仓	jiàn cāng	33258	an-ang,ian-iang,c-ch,j-q-x	1
倾角	qīng jiǎo	33259	in-ing,j-q-x	1
全盛	quán shèng	33260	en-eng,uan-uang,s-sh,j-q-x	1
饶舌	ráo shé	33261	ao-ou,s-sh,r-l	1
柔嫩	róu nèn	33262	en-eng,ao-ou,n-l,r-l	1
沙包	shā bāo	33264	ao-ou,s-sh	1
慎行	shèn xíng	33265	en-eng,in-ing,s-sh,j-q-x	1
视事	shì shì	33269	s-sh	1
收尸	shōu shī	33271	ao-ou,s-sh	1
授精	shòu jīng	33272	in-ing,ao-ou,s-sh,j-q-x	1
素菜	sù cài	33275	ai-ei,c-ch,s-sh	1
韬略	tāo lüè	33276	ao-ou,n-l,r-l	3
天主	tiān zhǔ	33278	ian-iang,z-zh	1
顽石	wán shí	33281	an-ang,s-sh	1
围歼	wéi jiān	33282	ian-iang,ai-ei,j-q-x	1
温润	wēn rùn	33283	en-eng,r-l	1
无期	wú qī	33284	j-q-x	1
武戏	wǔ xì	33285	j-q-x	1
纤弱	xiān ruò	33287	ian-iang,ua-uo,r-l,j-q-x	1
香樟	xiāng zhāng	33288	an-ang,ian-iang,z-zh,j-q-x	1
小卖	xiǎo mài	33291	ai-ei,j-q-x	1
新宠	xīn chǒng	33292	in-ing,c-ch,j-q-x	1
雪松	xuě sōng	33293	s-sh,j-q-x	1
雅观	yǎ guān	33294	uan-uang	1
夜宵	yè xiāo	33295	j-q-x	1
仪态	yí tài	33299	ai-ei	1
遗容	yí róng	33300	r-l	1
臆断	yì duàn	33301	uan-uang	3
有戏	yǒu xì	33304	ao-ou,j-q-x	1
余孽	yú niè	33305	ia-ie,n-l	1
预后	yù hòu	33306	ao-ou,h-f	1
原创	yuán chuàng	33307	uan-uang,c-ch	1
圆场	yuán chǎng	33308	an-ang,uan-uang,c-ch	1
约集	yuē jí	33309	j-q-x	1
早茶	zǎo chá	33310	ao-ou,z-zh,c-ch	1
灶火	zào huo	33311	ao-ou,ua-uo,z-zh,h-f	1
炸雷	zhà léi	33313	ai-ei,z-zh,n-l,r-l	1
值日	zhí rì	33314	z-zh,r-l	1
骤增	zhòu zēng	33317	en-eng,ao-ou,z-zh	1
作弄	zuò nòng	33320	ua-uo,z-zh,n-l	1
安眠	ān mián	33322	an-ang,ian-iang	1
帮腔	bāng qiāng	33323	an-ang,ian-iang,j-q-x	1
包藏	bāo cáng	33324	an-ang,ao-ou,c-ch	1
被控	bèi kòng	33326	ai-ei	1
拨拉	bō la	33327	n-l,r-l	1
岔口	chà kǒu	33328	ao-ou,c-ch	1
重唱	chóng chàng	33330	an-ang,c-ch	1
出轨	chū guǐ	33331	c-ch	1
创利	chuàng lì	33333	uan-uang,c-ch,n-l,r-l	1
匆促	cōng cù	33334	c-ch	1
打眼	dǎ yǎn	33336	an-ang	1
读数	dú shù	33340	s-sh	1
赌资	dǔ zī	33341	z-zh	1
对唱	duì chàng	33342	an-ang,c-ch	1
匪首	fěi shǒu	33343	ai-ei,ao-ou,s-sh,h-f	1
粉剂	fěn jì	33344	en-eng,h-f,j-q-x	1
高端	gāo duān	33346	uan-uang,ao-ou	1
歌女	gē nǚ	33347	n-l	1
海葵	hǎi kuí	33348	ai-ei,h-f	1
社情	shè qíng	33350	in-ing,s-sh,j-q-x	1
花芽	huā yá	33351	ua-uo,h-f	1
化缘	huà yuán	33352	uan-uang,ua-uo,h-f	1
见得	jiàn dé	33356	ian-iang,j-q-x	1
绝地	jué dì	33359	j-q-x	1
抗敌	kàng dí	33364	an-ang	1
凉拌	liáng bàn	33365	an-ang,ian-iang,n-l,r-l	1
炉膛	lú táng	33366	an-ang,n-l,r-l	1
茅舍	máo shè	33367	ao-ou,s-sh	1
美谈	měi tán	33368	an-ang,ai-ei	1
妙用	miào yòng	33369		1
名菜	míng cài	33370	in-ing,ai-ei,c-ch	1
哪吒	né zhā	33371	z-zh,n-l	5
哝哝	nóng nong	33373	n-l	2
怒视	nù shì	33374	s-sh,n-l	1
扒窃	pá qiè	33375	ia-ie,j-q-x	1
拼写	pīn xiě	33377	in-ing,ia-ie,j-q-x	1
仆从	pú cóng	33378	c-ch	1
散件	sǎn jiàn	33384	an-ang,ian-iang,s-sh,j-q-x	1
纱窗	shā chuāng	33385	uan-uang,c-ch,s-sh	1
失节	shī jié	33388	ia-ie,s-sh,j-q-x	1
施治	shī zhì	33389	z-zh,s-sh	1
守岁	shǒu suì	33391	ao-ou,s-sh	1
授奖	shòu jiǎng	33393	ian-iang,ao-ou,s-sh,j-q-x	1
孰料	shú liào	33394	s-sh,n-l,r-l	3
家暴	jiā bào	33398	ao-ou,ia-ie,j-q-x	1
统购	tǒng gòu	33400	ao-ou	1
投军	tóu jūn	33401	ao-ou,j-q-x	1
文庙	wén miào	33402	en-eng	1
舷窗	xián chuāng	33404	ian-iang,uan-uang,c-ch,j-q-x	3
谐调	xié tiáo	33405	ia-ie,j-q-x	1
鞋带	xié dài	33406	ai-ei,ia-ie,j-q-x	1
扬威	yáng wēi	33408	an-ang,ai-ei	1
椰林	yē lín	33409	in-ing,n-l,r-l	1
野火	yě huǒ	33410	ua-uo,h-f	1
页岩	yè yán	33411	an-ang	1
异类	yì lèi	33413	ai-ei,n-l,r-l	1
引荐	yǐn jiàn	33415	in-ing,ian-iang,j-q-x	1
影集	yǐng jí	33416	in-ing,j-q-x	1
影展	yǐng zhǎn	33417	in-ing,an-ang,z-zh	1
原装	yuán zhuāng	33418	uan-uang,z-zh	1
增色	zēng sè	33419	en-eng,z-zh,s-sh	1
招供	zhāo gòng	33420	ao-ou,z-zh	1
折子	zhé zi	33421	z-zh	1
中稻	zhōng dào	33423	ao-ou,z-zh	1
竹帘	zhú lián	33424	ian-iang,z-zh,n-l,r-l	1
专断	zhuān duàn	33425	uan-uang,z-zh	1
专责	zhuān zé	33426	uan-uang,z-zh	1
子房	zǐ fáng	33427	an-ang,z-zh,h-f	1
白米	bái mǐ	33429	ai-ei	1
斑鸠	bān jiū	33430	an-ang,j-q-x	3
保墒	bǎo shāng	33432	an-ang,ao-ou,s-sh	3
背风	bèi fēng	33433	en-eng,ai-ei,h-f	1
并立	bìng lì	33434	in-ing,n-l,r-l	1
补正	bǔ zhèng	33436	en-eng,z-zh	1
彩球	cǎi qiú	33438	ai-ei,c-ch,j-q-x	1
抽穗	chōu suì	33441	ao-ou,c-ch,s-sh	1
仇杀	chóu shā	33442	ao-ou,c-ch,s-sh	1
除却	chú què	33443	c-ch,j-q-x	1
窗花	chuāng huā	33444	uan-uang,ua-uo,c-ch,h-f	1
醋酸	cù suān	33445	uan-uang,c-ch,s-sh	1
打胎	dǎ tāi	33446	ai-ei	1
飞艇	fēi tǐng	33448	in-ing,ai-ei,h-f	1
宫阙	gōng què	33450	j-q-x	3
贡品	gòng pǐn	33451	in-ing	1
刮脸	guā liǎn	33452	ian-iang,ua-uo,n-l,r-l	1
寡欢	guǎ huān	33453	uan-uang,ua-uo,h-f	1
光柱	guāng zhù	33454	uan-uang,z-zh	1
国宾	guó bīn	33455	in-ing,ua-uo	1
国教	guó jiào	33456	ua-uo,j-q-x	1
黑奴	hēi nú	33457	ai-ei,n-l,h-f	1
黑窝	hēi wō	33458	ai-ei,h-f	1
厚薄	hòu bó	33459	ao-ou,h-f	1
滑翔	huá xiáng	33461	ian-iang,ua-uo,h-f,j-q-x	1
环游	huán yóu	33463	uan-uang,ao-ou,h-f	1
弓步	gōng bù	33465		1
会友	huì yǒu	33466	ao-ou,h-f	1
计税	jì shuì	33469	s-sh,j-q-x	1
佳句	jiā jù	33470	ia-ie,j-q-x	1
娇羞	jiāo xiū	33471	j-q-x	1
脚面	jiǎo miàn	33472	ian-iang,j-q-x	1
节令	jié lìng	33473	in-ing,ia-ie,n-l,r-l,j-q-x	1
今宵	jīn xiāo	33475	in-ing,j-q-x	1
净赚	jìng zhuàn	33476	in-ing,uan-uang,z-zh,j-q-x	1
绝情	jué qíng	33477	in-ing,j-q-x	1
绝热	jué rè	33478	r-l,j-q-x	1
枯瘦	kū shòu	33479	ao-ou,s-sh	1
来生	lái shēng	33480	en-eng,ai-ei,s-sh,n-l,r-l	1
灵犀	líng xī	33482	in-ing,n-l,r-l,j-q-x	1
流寇	liú kòu	33483	ao-ou,n-l,r-l	1
楼市	lóu shì	33484	ao-ou,s-sh,n-l,r-l	1
鳗鱼	mán yú	33485	an-ang	3
毛料	máo liào	33486	ao-ou,n-l,r-l	1
谜团	mí tuán	33488	uan-uang	1
耐看	nài kàn	33491	an-ang,ai-ei,n-l	1
努嘴	nǔ zuǐ	33493	z-zh,n-l	1
皮袍	pí páo	33494	ao-ou	1
强风	qiáng fēng	33496	en-eng,ian-iang,h-f,j-q-x	1
青紫	qīng zǐ	33497	in-ing,z-zh,j-q-x	1
球拍	qiú pāi	33499	ai-ei,j-q-x	1
攘外	rǎng wài	33500	an-ang,ai-ei,r-l	3
热病	rè bìng	33501	in-ing,r-l	1
舢板	shān bǎn	33502	an-ang,s-sh	3
商社	shāng shè	33503	an-ang,s-sh	1
申斥	shēn chì	33504	en-eng,c-ch,s-sh	1
收归	shōu guī	33506	ao-ou,s-sh	1
水线	shuǐ xiàn	33507	ian-iang,s-sh,j-q-x	1
送殡	sòng bìn	33509	in-ing,s-sh	3
唐装	táng zhuāng	33510	an-ang,uan-uang,z-zh	1
提款	tí kuǎn	33511	uan-uang	1
天年	tiān nián	33512	ian-iang,n-l	1
图册	tú cè	33513	c-ch	1
晚安	wǎn ān	33516	an-ang	1
微服	wēi fú	33517	ai-ei,h-f	1
温厚	wēn hòu	33518	en-eng,ao-ou,h-f	1
虾仁	xiā rén	33520	en-eng,ia-ie,r-l,j-q-x	1
殉节	xùn jié	33523	ia-ie,j-q-x	1
压服	yā fú	33524	h-f	1
雅兴	yǎ xìng	33525	in-ing,j-q-x	1
秧田	yāng tián	33526	an-ang,ian-iang	1
遗孀	yí shuāng	33527	uan-uang,s-sh	3
乙炔	yǐ quē	33528	j-q-x	3
臆想	yì xiǎng	33529	ian-iang,j-q-x	3
银器	yín qì	33530	in-ing,j-q-x	1
幽谷	yōu gǔ	33531	ao-ou	1
幽禁	yōu jìn	33532	in-ing,ao-ou,j-q-x	1
幼体	yòu tǐ	33533	ao-ou	1
余款	yú kuǎn	33534	uan-uang	1
渔区	yú qū	33535	j-q-x	1
愚笨	yú bèn	33536	en-eng	1
预估	yù gū	33538		1
远游	yuǎn yóu	33539	uan-uang,ao-ou	1
制版	zhì bǎn	33540	an-ang,z-zh	1
中士	zhōng shì	33541	z-zh,s-sh	1
朱笔	zhū bǐ	33542	z-zh	1
竹板	zhú bǎn	33543	an-ang,z-zh	1
著文	zhù wén	33545	en-eng,z-zh	1
赚头	zhuàn tou	33546	uan-uang,ao-ou,z-zh	1
字符	zì fú	33549	z-zh,h-f	1
暴烈	bào liè	33553	ao-ou,ia-ie,n-l,r-l	1
笔力	bǐ lì	33554	n-l,r-l	1
残喘	cán chuǎn	33555	an-ang,uan-uang,c-ch	1
彻骨	chè gǔ	33557	c-ch	1
辞令	cí lìng	33558	in-ing,c-ch,n-l,r-l	1
淬火	cuì huǒ	33559	ua-uo,c-ch,h-f	3
打草	dǎ cǎo	33560	ao-ou,c-ch	1
代笔	dài bǐ	33561	ai-ei	1
当紧	dāng jǐn	33563	in-ing,an-ang,j-q-x	1
顶楼	dǐng lóu	33567	in-ing,ao-ou,n-l,r-l	1
恶鬼	è guǐ	33568		1
反目	fǎn mù	33571	an-ang,h-f	1
梵文	fàn wén	33573	en-eng,an-ang,h-f	3
粪坑	fèn kēng	33577	en-eng,h-f	1
赶写	gǎn xiě	33579	an-ang,ia-ie,j-q-x	1
感佩	gǎn pèi	33580	an-ang,ai-ei	1
钢针	gāng zhēn	33583	en-eng,an-ang,z-zh	1
高估	gāo gū	33584	ao-ou	1
鼓角	gǔ jiǎo	33586	j-q-x	1
鼓胀	gǔ zhàng	33587	an-ang,z-zh	1
光驱	guāng qū	33588	uan-uang,j-q-x	1
滚热	gǔn rè	33590	r-l	1
航模	háng mó	33591	an-ang,h-f	1
黑豆	hēi dòu	33592	ai-ei,ao-ou,h-f	1
坏账	huài zhàng	33594	an-ang,z-zh,h-f	1
回电	huí diàn	33595	ian-iang,h-f	1
昏死	hūn sǐ	33596	s-sh,h-f	1
火源	huǒ yuán	33598	uan-uang,ua-uo,h-f	1
记恨	jì hèn	33599	en-eng,h-f,j-q-x	1
尖头	jiān tóu	33600	ian-iang,ao-ou,j-q-x	1
奸邪	jiān xié	33601	ian-iang,ia-ie,j-q-x	1
剪报	jiǎn bào	33603	ian-iang,ao-ou,j-q-x	1
奖券	jiǎng quàn	33604	ian-iang,uan-uang,j-q-x	1
禁书	jìn shū	33606	in-ing,s-sh,j-q-x	1
举凡	jǔ fán	33607	an-ang,h-f,j-q-x	1
抗税	kàng shuì	33608	an-ang,s-sh	1
窠臼	kē jiù	33609	j-q-x	3
离合	lí hé	33610	n-l,h-f,r-l	1
流弊	liú bì	33611	n-l,r-l	1
芦笋	lú sǔn	33612	s-sh,n-l,r-l	1
论说	lùn shuō	33613	ua-uo,s-sh,n-l,r-l	1
屁事	pì shì	33616	s-sh	1
奇袭	qí xí	33618	j-q-x	1
强渡	qiáng dù	33619	ian-iang,j-q-x	1
逡巡	qūn xún	33620	j-q-x	3
软木	ruǎn mù	33623	uan-uang,r-l	1
上锁	shàng suǒ	33624	an-ang,ua-uo,s-sh	1
圣水	shèng shuǐ	33628	en-eng,s-sh	1
师承	shī chéng	33629	en-eng,c-ch,s-sh	1
石棉	shí mián	33630	ian-iang,s-sh	1
识相	shí xiàng	33631	ian-iang,s-sh,j-q-x	1
税目	shuì mù	33634	s-sh	1
死期	sǐ qī	33635	s-sh,j-q-x	1
台历	tái lì	33636	ai-ei,n-l,r-l	1
探身	tàn shēn	33637	en-eng,an-ang,s-sh	1
烫发	tàng fà	33638	an-ang,h-f	1
套汇	tào huì	33639	ao-ou,h-f	1
倜傥	tì tǎng	33640	an-ang	2
挑明	tiǎo míng	33641	in-ing	1
贴金	tiē jīn	33642	in-ing,ia-ie,j-q-x	1
偷情	tōu qíng	33644	in-ing,ao-ou,j-q-x	1
团练	tuán liàn	33645	ian-iang,uan-uang,n-l,r-l	1
玩乐	wán lè	33646	an-ang,n-l,r-l	1
亡故	wáng gù	33648	an-ang	1
枉然	wǎng rán	33649	an-ang,r-l	1
文思	wén sī	33650	en-eng,s-sh	1
物外	wù wài	33653	ai-ei	1
西画	xī huà	33654	ua-uo,h-f,j-q-x	1
下咽	xià yàn	33655	an-ang,ia-ie,j-q-x	1
小灶	xiǎo zào	33657	ao-ou,z-zh,j-q-x	1
新址	xīn zhǐ	33658	in-ing,z-zh,j-q-x	1
刑具	xíng jù	33659	in-ing,j-q-x	1
学友	xué yǒu	33661	ao-ou,j-q-x	1
巡检	xún jiǎn	33662	ian-iang,j-q-x	1
压境	yā jìng	33663	in-ing,j-q-x	1
妖艳	yāo yàn	33664	an-ang,ao-ou	1
野史	yě shǐ	33665	s-sh	1
议价	yì jià	33669	ia-ie,j-q-x	1
有恒	yǒu héng	33671	en-eng,ao-ou,h-f	1
冤仇	yuān chóu	33672	uan-uang,ao-ou,c-ch	1
脏水	zāng shuǐ	33674	an-ang,z-zh,s-sh	1
怎知	zěn zhī	33675	en-eng,z-zh	1
轧钢	zhá gāng	33676	an-ang,z-zh	1
招兵	zhāo bīng	33677	in-ing,ao-ou,z-zh	1
转角	zhuǎn jiǎo	33679	uan-uang,z-zh,j-q-x	1
纵欲	zòng yù	33682	z-zh	1
作息	zuò xī	33683	ua-uo,z-zh,j-q-x	1
作揖	zuò yī	33684	ua-uo,z-zh	3
白字	bái zì	33687	ai-ei,z-zh	1
伴舞	bàn wǔ	33688	an-ang	1
暴戾	bào lì	33689	ao-ou,n-l,r-l	3
悲鸣	bēi míng	33691	in-ing,ai-ei	1
北疆	běi jiāng	33692	ian-iang,ai-ei,j-q-x	1
变心	biàn xīn	33694	in-ing,ian-iang,j-q-x	1
波峰	bō fēng	33695	en-eng,h-f	1
步调	bù diào	33698		1
步态	bù tài	33699	ai-ei	1
草本	cǎo běn	33700	en-eng,ao-ou,c-ch	1
唱和	chàng hè	33701	an-ang,c-ch,h-f	1
抄本	chāo běn	33702	en-eng,ao-ou,c-ch	1
闯祸	chuǎng huò	33707	uan-uang,ua-uo,c-ch,h-f	1
篡夺	cuàn duó	33709	uan-uang,ua-uo,c-ch	1
敌伪	dí wěi	33712	ai-ei	1
地砖	dì zhuān	33713	uan-uang,z-zh	1
点化	diǎn huà	33714	ian-iang,ua-uo,h-f	1
调演	diào yǎn	33715	an-ang	1
调转	diào zhuǎn	33716	uan-uang,z-zh	1
胴体	dòng tǐ	33717		3
斗胆	dǒu dǎn	33718	an-ang,ao-ou	1
斗室	dǒu shì	33719	ao-ou,s-sh	1
恶报	è bào	33721	ao-ou	1
赴约	fù yuē	33724	h-f	1
根茎	gēn jīng	33725	en-eng,in-ing,j-q-x	1
公祭	gōng jì	33726	j-q-x	1
公休	gōng xiū	33727	j-q-x	1
官办	guān bàn	33730	an-ang,uan-uang	1
贯注	guàn zhù	33731	uan-uang,z-zh	1
喊杀	hǎn shā	33733	an-ang,s-sh,h-f	1
憾事	hàn shì	33734	an-ang,s-sh,h-f	1
行伍	háng wǔ	33735	an-ang,h-f	1
后身	hòu shēn	33738	en-eng,ao-ou,s-sh,h-f	1
回春	huí chūn	33741	c-ch,h-f	1
积弊	jī bì	33742	j-q-x	1
脊椎	jǐ zhuī	33743	z-zh,j-q-x	1
家训	jiā xùn	33744	ia-ie,j-q-x	1
劫匪	jié fěi	33746	ai-ei,ia-ie,h-f,j-q-x	1
精工	jīng gōng	33747	in-ing,j-q-x	1
警灯	jǐng dēng	33748	en-eng,in-ing,j-q-x	1
看涨	kàn zhǎng	33751	an-ang,z-zh	1
客串	kè chuàn	33752	uan-uang,c-ch	1
匡正	kuāng zhèng	33754	en-eng,uan-uang,z-zh	3
凛凛	lǐn lǐn	33756	in-ing,n-l,r-l	1
面市	miàn shì	33758	ian-iang,s-sh	1
妙语	miào yǔ	33759		1
命相	mìng xiàng	33760	in-ing,ian-iang,j-q-x	1
起跳	qǐ tiào	33766	j-q-x	1
汽化	qì huà	33768	ua-uo,h-f,j-q-x	1
奖售	jiǎng shòu	33769	ian-iang,ao-ou,s-sh,j-q-x	1
汽艇	qì tǐng	33770	in-ing,j-q-x	1
勤苦	qín kǔ	33771	in-ing,j-q-x	1
轻看	qīng kàn	33772	in-ing,an-ang,j-q-x	1
曲谱	qǔ pǔ	33773	j-q-x	1
热火	rè huo	33774	ua-uo,h-f,r-l	1
人祸	rén huò	33775	en-eng,ua-uo,h-f,r-l	1
山货	shān huò	33776	an-ang,ua-uo,s-sh,h-f	1
山雀	shān què	33777	an-ang,s-sh,j-q-x	1
上肢	shàng zhī	33778	an-ang,z-zh,s-sh	1
慎独	shèn dú	33779	en-eng,s-sh	1
生字	shēng zì	33781	en-eng,z-zh,s-sh	1
绶带	shòu dài	33782	ai-ei,ao-ou,s-sh	3
书案	shū àn	33783	an-ang,s-sh	1
税则	shuì zé	33785	z-zh,s-sh	1
朔风	shuò fēng	33786	en-eng,ua-uo,s-sh,h-f	3
四起	sì qǐ	33787	s-sh,j-q-x	1
肃杀	sù shā	33788	s-sh	1
随葬	suí zàng	33789	an-ang,z-zh,s-sh	1
穗子	suì zi	33790	z-zh,s-sh	1
梭子	suō zi	33791	ua-uo,z-zh,s-sh	1
填塞	tián sè	33792	ian-iang,s-sh	1
土肥	tǔ féi	33794	ai-ei,h-f	1
妥帖	tuǒ tiē	33795	ia-ie,ua-uo	1
威仪	wēi yí	33796	ai-ei	1
伪满	wěi mǎn	33797	an-ang,ai-ei	1
无题	wú tí	33800		1
五香	wǔ xiāng	33801	ian-iang,j-q-x	1
吸热	xī rè	33802	r-l,j-q-x	1
箱底	xiāng dǐ	33804	ian-iang,j-q-x	1
小鞋	xiǎo xié	33806	ia-ie,j-q-x	1
小住	xiǎo zhù	33807	z-zh,j-q-x	1
心狠	xīn hěn	33808	en-eng,in-ing,h-f,j-q-x	1
腥臭	xīng chòu	33809	in-ing,ao-ou,c-ch,j-q-x	1
血亲	xuè qīn	33810	in-ing,j-q-x	1
眼快	yǎn kuài	33811	an-ang	1
洋相	yáng xiàng	33812	an-ang,ian-iang,j-q-x	1
腰围	yāo wéi	33813	ai-ei,ao-ou	1
姨娘	yí niáng	33814	ian-iang,n-l	1
抑止	yì zhǐ	33815	z-zh	1
臆造	yì zào	33816	ao-ou,z-zh	3
情变	qíng biàn	33817	in-ing,ian-iang,j-q-x	1
银鱼	yín yú	33818	in-ing	1
影评	yǐng píng	33819	in-ing	1
拥立	yōng lì	33820	n-l,r-l	1
优裕	yōu yù	33821	ao-ou	1
糟践	zāo jian	33824	ian-iang,ao-ou,z-zh,j-q-x	1
栈桥	zhàn qiáo	33825	an-ang,z-zh,j-q-x	1
仲春	zhòng chūn	33828	z-zh,c-ch	1
主罚	zhǔ fá	33831	z-zh,h-f	1
转子	zhuàn zǐ	33832	uan-uang,z-zh	1
总论	zǒng lùn	33833	z-zh,n-l,r-l	1
被服	bèi fú	33837	ai-ei,h-f	1
冰柜	bīng guì	33838	in-ing	1
不惑	bù huò	33839	ua-uo,h-f	1
初叶	chū yè	33844	c-ch	1
绰约	chuò yuē	33845	ua-uo,c-ch	1
醋意	cù yì	33846	c-ch	1
村姑	cūn gū	33847	c-ch	1
地边	dì biān	33849	ian-iang	1
独步	dú bù	33851		1
耳垂	ěr chuí	33852	c-ch	1
二话	èr huà	33854	ua-uo,h-f	1
芳名	fāng míng	33857	in-ing,an-ang,h-f	1
废液	fèi yè	33859	ai-ei,h-f	1
疯狗	fēng gǒu	33860	en-eng,ao-ou,h-f	1
睾丸	gāo wán	33862	an-ang,ao-ou	3
挂彩	guà cǎi	33865	ai-ei,ua-uo,c-ch	1
海选	hǎi xuǎn	33866	uan-uang,ai-ei,h-f,j-q-x	1
寒战	hán zhàn	33867	an-ang,z-zh,h-f	1
浩繁	hào fán	33869	an-ang,ao-ou,h-f	1
候机	hòu jī	33870	ao-ou,h-f,j-q-x	1
获罪	huò zuì	33873	ua-uo,z-zh,h-f	1
加冕	jiā miǎn	33874	ian-iang,ia-ie,j-q-x	3
家传	jiā chuán	33875	uan-uang,ia-ie,c-ch,j-q-x	1
嗟叹	jiē tàn	33877	an-ang,ia-ie,j-q-x	3
靠椅	kào yǐ	33880	ao-ou	1
狂言	kuáng yán	33881	an-ang,uan-uang	1
老账	lǎo zhàng	33882	an-ang,ao-ou,z-zh,n-l,r-l	1
裂口	liè kǒu	33884	ao-ou,ia-ie,n-l,r-l	1
摩挲	mā sa	33886	s-sh	3
煤尘	méi chén	33887	en-eng,ai-ei,c-ch	1
密电	mì diàn	33889	ian-iang	1
妙龄	miào líng	33890	in-ing,n-l,r-l	1
名茶	míng chá	33891	in-ing,c-ch	1
炮楼	pào lóu	33893	ao-ou,n-l,r-l	1
皮货	pí huò	33894	ua-uo,h-f	1
切记	qiè jì	33896	ia-ie,j-q-x	1
少尉	shào wèi	33901	ai-ei,ao-ou,s-sh	1
赊账	shē zhàng	33902	an-ang,z-zh,s-sh	3
诗剧	shī jù	33903	s-sh,j-q-x	1
时序	shí xù	33904	s-sh,j-q-x	1
释义	shì yì	33905	s-sh	1
双抢	shuāng qiǎng	33906	ian-iang,uan-uang,s-sh,j-q-x	1
瞬息	shùn xī	33907	s-sh,j-q-x	1
贪吃	tān chī	33910	an-ang,c-ch	1
外快	wài kuài	33912	ai-ei	1
纹理	wén lǐ	33913	en-eng,n-l,r-l	1
侠义	xiá yì	33914	ia-ie,j-q-x	1
下铺	xià pù	33916	ia-ie,j-q-x	1
纤巧	xiān qiǎo	33917	ian-iang,j-q-x	1
乡野	xiāng yě	33918	ian-iang,j-q-x	1
相邀	xiāng yāo	33919	ian-iang,ao-ou,j-q-x	1
箱包	xiāng bāo	33920	ian-iang,ao-ou,j-q-x	1
效命	xiào mìng	33921	in-ing,j-q-x	1
欣闻	xīn wén	33923	en-eng,in-ing,j-q-x	1
形制	xíng zhì	33924	in-ing,z-zh,j-q-x	1
休会	xiū huì	33925	h-f,j-q-x	1
选刊	xuǎn kān	33926	an-ang,uan-uang,j-q-x	1
学究	xué jiū	33927	j-q-x	1
宴饮	yàn yǐn	33929	in-ing,an-ang	1
摇船	yáo chuán	33932	uan-uang,ao-ou,c-ch	1
移位	yí wèi	33934	ai-ei	1
已往	yǐ wǎng	33935	an-ang	1
倚仗	yǐ zhàng	33936	an-ang,z-zh	1
赢家	yíng jiā	33938	in-ing,ia-ie,j-q-x	1
怨愤	yuàn fèn	33939	en-eng,uan-uang,h-f	1
灶具	zào jù	33940	ao-ou,z-zh,j-q-x	1
战抖	zhàn dǒu	33942	an-ang,ao-ou,z-zh	1
砧子	zhēn zi	33943	en-eng,z-zh	3
助战	zhù zhàn	33945	an-ang,z-zh	1
转场	zhuǎn chǎng	33946	an-ang,uan-uang,z-zh,c-ch	1
资方	zī fāng	33947	an-ang,z-zh,h-f	1
自燃	zì rán	33948	an-ang,z-zh,r-l	1
暴风	bào fēng	33950	en-eng,ao-ou,h-f	1
卑下	bēi xià	33951	ai-ei,ia-ie,j-q-x	1
辈分	bèi fen	33952	en-eng,ai-ei,h-f	1
逼问	bī wèn	33954	en-eng	1
标定	biāo dìng	33957	in-ing	1
补税	bǔ shuì	33958	s-sh	1
胸径	xiōng jìng	33959	in-ing,j-q-x	1
残阳	cán yáng	33961	an-ang,c-ch	1
草席	cǎo xí	33962	ao-ou,c-ch,j-q-x	1
超车	chāo chē	33963	ao-ou,c-ch	1
车棚	chē péng	33964	en-eng,c-ch	1
赤贫	chì pín	33965	in-ing,c-ch	1
赤足	chì zú	33966	z-zh,c-ch	1
充军	chōng jūn	33967	c-ch,j-q-x	1
出道	chū dào	33968	ao-ou,c-ch	1
当令	dāng lìng	33972	in-ing,an-ang,n-l,r-l	1
灯节	dēng jié	33973	en-eng,ia-ie,j-q-x	1
滴答	dī dā	33974		1
对歌	duì gē	33976		1
恩宠	ēn chǒng	33977	en-eng,c-ch	1
法事	fǎ shì	33978	s-sh,h-f	1
父业	fù yè	33980	h-f	1
复职	fù zhí	33981	z-zh,h-f	1
公愤	gōng fèn	33983	en-eng,h-f	1
共话	gòng huà	33985	ua-uo,h-f	1
勾兑	gōu duì	33986	ao-ou	1
苟安	gǒu ān	33988	an-ang,ao-ou	1
苟同	gǒu tóng	33989	ao-ou	1
古画	gǔ huà	33990	ua-uo,h-f	1
鳜鱼	guì yú	33991		3
皓月	hào yuè	33992	ao-ou,h-f	1
黑话	hēi huà	33993	ai-ei,ua-uo,h-f	1
划艇	huá tǐng	33994	in-ing,ua-uo,h-f	1
欢畅	huān chàng	33995	an-ang,uan-uang,c-ch,h-f	1
缓坡	huǎn pō	33996	uan-uang,h-f	1
回票	huí piào	33997	h-f	1
会齐	huì qí	33998	h-f,j-q-x	1
忌妒	jì du	33999	j-q-x	1
减征	jiǎn zhēng	34000	en-eng,ian-iang,z-zh,j-q-x	1
交卷	jiāo juàn	34001	uan-uang,j-q-x	1
考学	kǎo xué	34006	ao-ou,j-q-x	1
狂乱	kuáng luàn	34007	uan-uang,n-l,r-l	1
捆扎	kǔn zā	34008	z-zh	1
篮坛	lán tán	34009	an-ang,n-l,r-l	1
猎杀	liè shā	34010	ia-ie,s-sh,n-l,r-l	1
流弹	liú dàn	34011	an-ang,n-l,r-l	1
流荡	liú dàng	34012	an-ang,n-l,r-l	1
硫化	liú huà	34013	ua-uo,n-l,h-f,r-l	1
木屑	mù xiè	34018	ia-ie,j-q-x	1
耐烦	nài fán	34019	an-ang,ai-ei,n-l,h-f	1
攀爬	pān pá	34020	an-ang	1
旁白	páng bái	34021	an-ang,ai-ei	1
无语	wú yǔ	34022		1
批零	pī líng	34023	in-ing,n-l,r-l	1
评聘	píng pìn	34024	in-ing	1
启齿	qǐ chǐ	34026	c-ch,j-q-x	1
桥洞	qiáo dòng	34027	j-q-x	1
囚室	qiú shì	34028	s-sh,j-q-x	1
商户	shāng hù	34032	an-ang,s-sh,h-f	1
返贫	fǎn pín	34033	in-ing,an-ang,h-f	1
商旅	shāng lǚ	34034	an-ang,s-sh,n-l,r-l	1
稍候	shāo hòu	34035	ao-ou,s-sh,h-f	1
时务	shí wù	34037	s-sh	1
舒张	shū zhāng	34039	an-ang,z-zh,s-sh	1
曙色	shǔ sè	34040	s-sh	1
双簧	shuāng huáng	34041	uan-uang,s-sh,h-f	1
死缓	sǐ huǎn	34043	uan-uang,s-sh,h-f	1
嗣子	sì zǐ	34044	z-zh,s-sh	3
塔顶	tǎ dǐng	34046	in-ing	1
台地	tái dì	34047	ai-ei	1
檀木	tán mù	34048	an-ang	1
陶艺	táo yì	34049	ao-ou	1
腾挪	téng nuó	34050	en-eng,ua-uo,n-l	1
田亩	tián mǔ	34052	ian-iang	1
土房	tǔ fáng	34053	an-ang,h-f	1
玩赏	wán shǎng	34054	an-ang,s-sh	1
伟力	wěi lì	34055	ai-ei,n-l,r-l	1
苇塘	wěi táng	34056	an-ang,ai-ei	1
蚊香	wén xiāng	34057	en-eng,ian-iang,j-q-x	1
险峰	xiǎn fēng	34058	en-eng,ian-iang,h-f,j-q-x	1
香瓜	xiāng guā	34060	ian-iang,ua-uo,j-q-x	1
降伏	xiáng fú	34061	ian-iang,h-f,j-q-x	1
小班	xiǎo bān	34062	an-ang,j-q-x	1
写本	xiě běn	34066	en-eng,ia-ie,j-q-x	1
学区	xué qū	34067	j-q-x	1
亚于	yà yú	34068		1
烟幕	yān mù	34070	an-ang	1
妖娆	yāo ráo	34072	ao-ou,r-l	3
应接	yìng jiē	34073	in-ing,ia-ie,j-q-x	1
永驻	yǒng zhù	34074	z-zh	1
韵致	yùn zhì	34075	z-zh	1
震源	zhèn yuán	34076	en-eng,uan-uang,z-zh	1
政纲	zhèng gāng	34078	en-eng,an-ang,z-zh	1
诛戮	zhū lù	34079	z-zh,n-l,r-l	2
竹筐	zhú kuāng	34080	uan-uang,z-zh	1
主刀	zhǔ dāo	34081	ao-ou,z-zh	1
转盘	zhuàn pán	34082	an-ang,uan-uang,z-zh	1
自便	zì biàn	34083	ian-iang,z-zh	1
安享	ān xiǎng	34085	an-ang,ian-iang,j-q-x	1
败落	bài luò	34086	ai-ei,ua-uo,n-l,r-l	1
被面	bèi miàn	34088	ian-iang,ai-ei	1
本家	běn jiā	34089	en-eng,ia-ie,j-q-x	1
壁虎	bì hǔ	34090	h-f	1
采买	cǎi mǎi	34092	ai-ei,c-ch	1
参半	cān bàn	34093	an-ang,c-ch	1
查对	chá duì	34094	c-ch	1
出彩	chū cǎi	34095	ai-ei,c-ch	1
撺掇	cuān duo	34096	uan-uang,ua-uo,c-ch	2
错怪	cuò guài	34097	ua-uo,c-ch	1
底稿	dǐ gǎo	34098	ao-ou	1
刁钻	diāo zuān	34099	uan-uang,z-zh	1
调令	diào lìng	34100	in-ing,n-l,r-l	1
恩德	ēn dé	34101	en-eng	1
发式	fà shì	34102	s-sh,h-f	1
番号	fān hào	34103	an-ang,ao-ou,h-f	1
覆亡	fù wáng	34108	an-ang,h-f	1
高师	gāo shī	34110	ao-ou,s-sh	1
恭贺	gōng hè	34112	h-f	1
过望	guò wàng	34113	an-ang,ua-uo	1
和风	hé fēng	34114	en-eng,h-f	1
厚待	hòu dài	34115	ai-ei,ao-ou,h-f	1
会餐	huì cān	34116	an-ang,c-ch,h-f	1
加官	jiā guān	34117	uan-uang,ia-ie,j-q-x	1
见好	jiàn hǎo	34119	ian-iang,ao-ou,h-f,j-q-x	1
酒糟	jiǔ zāo	34120	ao-ou,z-zh,j-q-x	1
可心	kě xīn	34121	in-ing,j-q-x	1
苦学	kǔ xué	34122	j-q-x	1
矿灯	kuàng dēng	34123	en-eng,uan-uang	1
括号	kuò hào	34124	ao-ou,ua-uo,h-f	1
丽日	lì rì	34127	n-l,r-l	1
莲蓬	lián peng	34128	en-eng,ian-iang,n-l,r-l	1
练武	liàn wǔ	34129	ian-iang,n-l,r-l	1
裂隙	liè xì	34130	ia-ie,n-l,r-l,j-q-x	1
漏报	lòu bào	34131	ao-ou,n-l,r-l	1
美艳	měi yàn	34133	an-ang,ai-ei	1
南欧	nán ōu	34134	an-ang,ao-ou,n-l	1
挠头	náo tóu	34135	ao-ou,n-l	1
讷讷	nè nè	34136	n-l	2
癖好	pǐ hào	34138	ao-ou,h-f	3
飘洒	piāo sǎ	34139	s-sh	1
拼争	pīn zhēng	34140	en-eng,in-ing,z-zh	1
起爆	qǐ bào	34141	ao-ou,j-q-x	1
羌族	qiāng zú	34142	ian-iang,z-zh,j-q-x	3
球状	qiú zhuàng	34143	uan-uang,z-zh,j-q-x	1
取法	qǔ fǎ	34144	h-f,j-q-x	1
取巧	qǔ qiǎo	34145	j-q-x	1
权术	quán shù	34146	uan-uang,s-sh,j-q-x	1
桑梓	sāng zǐ	34148	an-ang,z-zh,s-sh	3
烧瓶	shāo píng	34149	in-ing,ao-ou,s-sh	1
时运	shí yùn	34151	s-sh	1
首倡	shǒu chàng	34154	an-ang,ao-ou,c-ch,s-sh	1
顺民	shùn mín	34156	in-ing,s-sh	1
素净	sù jing	34157	in-ing,s-sh,j-q-x	1
岁尾	suì wěi	34158	ai-ei,s-sh	1
探监	tàn jiān	34160	an-ang,ian-iang,j-q-x	1
提神	tí shén	34161	en-eng,s-sh	1
蜕化	tuì huà	34165	ua-uo,h-f	1
微缩	wēi suō	34166	ai-ei,ua-uo,s-sh	1
纹饰	wén shì	34169	en-eng,s-sh	1
毋宁	wú nìng	34170	in-ing,n-l	3
戏校	xì xiào	34171	j-q-x	1
小件	xiǎo jiàn	34174	ian-iang,j-q-x	1
蟹苗	xiè miáo	34176	ia-ie,j-q-x	1
心窍	xīn qiào	34178	in-ing,j-q-x	1
选秀	xuǎn xiù	34179	uan-uang,j-q-x	1
洋场	yáng chǎng	34181	an-ang,c-ch	1
夜袭	yè xí	34182	j-q-x	1
引颈	yǐn jǐng	34185	in-ing,j-q-x	1
印本	yìn běn	34186	en-eng,in-ing	1
余缺	yú quē	34190	j-q-x	1
冤狱	yuān yù	34191	uan-uang	1
柱头	zhù tóu	34195	ao-ou,z-zh	1
玄关	xuán guān	34196	uan-uang,j-q-x	1
字节	zì jié	34197	ia-ie,z-zh,j-q-x	1
走形	zǒu xíng	34198	in-ing,ao-ou,z-zh,j-q-x	1
阻燃	zǔ rán	34199	an-ang,z-zh,r-l	1
作美	zuò měi	34200	ai-ei,ua-uo,z-zh	1
暗流	àn liú	34201	an-ang,n-l,r-l	1
拜倒	bài dǎo	34203	ai-ei,ao-ou	1
博取	bó qǔ	34205	j-q-x	1
布防	bù fáng	34206	an-ang,h-f	1
布头	bù tóu	34207	ao-ou	1
财路	cái lù	34208	ai-ei,c-ch,n-l,r-l	1
操控	cāo kòng	34209	ao-ou,c-ch	1
缠足	chán zú	34210	an-ang,z-zh,c-ch	1
成例	chéng lì	34211	en-eng,c-ch,n-l,r-l	1
冲剂	chōng jì	34212	c-ch,j-q-x	1
出阁	chū gé	34213	c-ch	1
词人	cí rén	34215	en-eng,c-ch,r-l	1
大牢	dà láo	34216	ao-ou,n-l,r-l	1
代购	dài gòu	34218	ai-ei,ao-ou	1
试镜	shì jìng	34219	in-ing,s-sh,j-q-x	1
到顶	dào dǐng	34220	in-ing,ao-ou	1
发奖	fā jiǎng	34224	ian-iang,h-f,j-q-x	1
发令	fā lìng	34225	in-ing,n-l,h-f,r-l	1
筏子	fá zi	34226	z-zh,h-f	1
反霸	fǎn bà	34227	an-ang,h-f	1
反刍	fǎn chú	34228	an-ang,c-ch,h-f	3
防冻	fáng dòng	34229	an-ang,h-f	1
飞禽	fēi qín	34231	in-ing,ai-ei,h-f,j-q-x	1
费神	fèi shén	34232	en-eng,ai-ei,s-sh,h-f	1
副署	fù shǔ	34234	s-sh,h-f	1
赶早	gǎn zǎo	34235	an-ang,ao-ou,z-zh	1
高擎	gāo qíng	34236	in-ing,ao-ou,j-q-x	1
公映	gōng yìng	34237	in-ing	1
公助	gōng zhù	34238	z-zh	1
顾家	gù jiā	34240	ia-ie,j-q-x	1
果冻	guǒ dòng	34241	ua-uo	1
果决	guǒ jué	34242	ua-uo,j-q-x	1
骸骨	hái gǔ	34243	ai-ei,h-f	3
海路	hǎi lù	34244	ai-ei,n-l,h-f,r-l	1
海轮	hǎi lún	34245	ai-ei,n-l,h-f,r-l	1
瀚海	hàn hǎi	34246	an-ang,ai-ei,h-f	3
好斗	hǎo dǒu	34247	ao-ou,h-f	1
击沉	jī chén	34249	en-eng,c-ch,j-q-x	1
家规	jiā guī	34251	ia-ie,j-q-x	1
假发	jiǎ fà	34252	ia-ie,h-f,j-q-x	1
简述	jiǎn shù	34253	ian-iang,s-sh,j-q-x	1
解恨	jiě hèn	34256	en-eng,ia-ie,h-f,j-q-x	1
金文	jīn wén	34257	en-eng,in-ing,j-q-x	1
进位	jìn wèi	34258	in-ing,ai-ei,j-q-x	1
绝密	jué mì	34261	j-q-x	1
狂澜	kuáng lán	34263	an-ang,uan-uang,n-l,r-l	1
利禄	lì lù	34264	n-l,r-l	1
炼制	liàn zhì	34265	ian-iang,z-zh,n-l,r-l	1
镣铐	liào kào	34269	ao-ou,n-l,r-l	3
鹿角	lù jiǎo	34270	n-l,r-l,j-q-x	1
沦丧	lún sàng	34271	an-ang,s-sh,n-l,r-l	1
蛮荒	mán huāng	34272	an-ang,uan-uang,h-f	1
梦话	mèng huà	34275	en-eng,ua-uo,h-f	1
苗寨	miáo zhài	34276	ai-ei,z-zh	1
末梢	mò shāo	34277	ao-ou,s-sh	1
闹鬼	nào guǐ	34278	ao-ou,n-l	1
内奸	nèi jiān	34279	ian-iang,ai-ei,n-l,j-q-x	1
扭打	niǔ dǎ	34280	n-l	1
爬犁	pá li	34281	n-l,r-l	1
牌九	pái jiǔ	34282	ai-ei,j-q-x	1
瓶盖	píng gài	34283	in-ing,ai-ei	1
气盛	qì shèng	34285	en-eng,s-sh,j-q-x	1
前生	qián shēng	34286	en-eng,ian-iang,s-sh,j-q-x	1
圈椅	quān yǐ	34289	uan-uang,j-q-x	1
伞兵	sǎn bīng	34290	in-ing,an-ang,s-sh	1
闪射	shǎn shè	34293	an-ang,s-sh	1
赏鉴	shǎng jiàn	34295	an-ang,ian-iang,s-sh,j-q-x	1
射频	shè pín	34296	in-ing,s-sh	1
史迹	shǐ jì	34297	s-sh,j-q-x	1
受降	shòu xiáng	34299	ian-iang,ao-ou,s-sh,j-q-x	1
霜降	shuāng jiàng	34301	ian-iang,uan-uang,s-sh,j-q-x	1
霜雪	shuāng xuě	34302	uan-uang,s-sh,j-q-x	1
私访	sī fǎng	34303	an-ang,s-sh,h-f	1
叹惜	tàn xī	34304	an-ang,j-q-x	1
推搡	tuī sǎng	34306	an-ang,s-sh	3
脱粒	tuō lì	34307	ua-uo,n-l,r-l	1
文治	wén zhì	34308	en-eng,z-zh	1
希图	xī tú	34310	j-q-x	1
翕动	xī dòng	34311	j-q-x	3
袭扰	xí rǎo	34312	ao-ou,r-l,j-q-x	1
籼稻	xiān dào	34313	ian-iang,ao-ou,j-q-x	3
弦乐	xián yuè	34314	ian-iang,j-q-x	1
现汇	xiàn huì	34315	ian-iang,h-f,j-q-x	1
新妇	xīn fù	34319	in-ing,h-f,j-q-x	1
惺忪	xīng sōng	34321	in-ing,s-sh,j-q-x	2
吁吁	xū xū	34322	j-q-x	1
血防	xuè fáng	34323	an-ang,h-f,j-q-x	1
巡行	xún xíng	34324	in-ing,j-q-x	1
亚裔	yà yì	34325		3
眼热	yǎn rè	34326	an-ang,r-l	1
邀功	yāo gōng	34327	ao-ou	1
药酒	yào jiǔ	34328	ao-ou,j-q-x	1
抑扬	yì yáng	34330	an-ang	1
引火	yǐn huǒ	34331	in-ing,ua-uo,h-f	1
硬挺	yìng tǐng	34333	in-ing	1
账册	zhàng cè	34335	an-ang,z-zh,c-ch	1
贞洁	zhēn jié	34336	en-eng,ia-ie,z-zh,j-q-x	1
震区	zhèn qū	34337	en-eng,z-zh,j-q-x	1
正屋	zhèng wū	34338	en-eng,z-zh	1
种牛	zhǒng niú	34341	z-zh,n-l	1
竹杠	zhú gàng	34342	an-ang,z-zh	1
苎麻	zhù má	34343	z-zh	3
转圈	zhuàn quān	34344	uan-uang,z-zh,j-q-x	1
作践	zuò jian	34347	ian-iang,ua-uo,z-zh,j-q-x	1
作孽	zuò niè	34348	ia-ie,ua-uo,z-zh,n-l	1
作伪	zuò wěi	34349	ai-ei,ua-uo,z-zh	1
帮派	bāng pài	34350	an-ang,ai-ei	1
保释	bǎo shì	34351	ao-ou,s-sh	1
报德	bào dé	34352	ao-ou	1
才识	cái shí	34356	ai-ei,c-ch,s-sh	1
拆洗	chāi xǐ	34358	ai-ei,c-ch,j-q-x	1
常情	cháng qíng	34359	in-ing,an-ang,c-ch,j-q-x	1
超员	chāo yuán	34360	uan-uang,ao-ou,c-ch	1
车场	chē chǎng	34361	an-ang,c-ch	1
乘员	chéng yuán	34362	en-eng,uan-uang,c-ch	1
考纪	kǎo jì	34363	ao-ou,j-q-x	1
垂挂	chuí guà	34365	ua-uo,c-ch	1
淡红	dàn hóng	34367	an-ang,h-f	1
到案	dào àn	34368	an-ang,ao-ou	1
登程	dēng chéng	34369	en-eng,c-ch	1
抵偿	dǐ cháng	34371	an-ang,c-ch	1
点阵	diǎn zhèn	34373	en-eng,ian-iang,z-zh	1
钓竿	diào gān	34374	an-ang	1
豆汁	dòu zhī	34375	ao-ou,z-zh	1
独吞	dú tūn	34376		1
渡轮	dù lún	34377	n-l,r-l	1
对号	duì hào	34378	ao-ou,h-f	1
恶语	è yǔ	34380		1
方志	fāng zhì	34381	an-ang,z-zh,h-f	1
封底	fēng dǐ	34384	en-eng,h-f	1
府邸	fǔ dǐ	34385	h-f	3
负电	fù diàn	34386	ian-iang,h-f	1
高调	gāo diào	34387	ao-ou	1
光鲜	guāng xiān	34389	ian-iang,uan-uang,j-q-x	1
胡桃	hú táo	34394	ao-ou,h-f	1
回程	huí chéng	34396	en-eng,c-ch,h-f	1
汲水	jí shuǐ	34397	s-sh,j-q-x	3
家史	jiā shǐ	34398	ia-ie,s-sh,j-q-x	1
荐举	jiàn jǔ	34400	ian-iang,j-q-x	1
焦渴	jiāo kě	34401	j-q-x	1
戒除	jiè chú	34402	ia-ie,c-ch,j-q-x	1
津液	jīn yè	34403	in-ing,j-q-x	1
仅只	jǐn zhǐ	34404	in-ing,z-zh,j-q-x	1
锦缎	jǐn duàn	34405	in-ing,uan-uang,j-q-x	1
精于	jīng yú	34406	in-ing,j-q-x	1
净值	jìng zhí	34407	in-ing,z-zh,j-q-x	1
聚敛	jù liǎn	34408	ian-iang,n-l,r-l,j-q-x	1
灵车	líng chē	34411	in-ing,c-ch,n-l,r-l	1
令尊	lìng zūn	34412	in-ing,z-zh,n-l,r-l	1
流泻	liú xiè	34413	ia-ie,n-l,r-l,j-q-x	1
芦笙	lú shēng	34414	en-eng,s-sh,n-l,r-l	1
铝箔	lǚ bó	34415	n-l,r-l	3
民怨	mín yuàn	34417	in-ing,uan-uang	1
末路	mò lù	34418	n-l,r-l	1
孬种	nāo zhǒng	34419	ao-ou,z-zh,n-l	3
脑干	nǎo gàn	34420	an-ang,ao-ou,n-l	1
脑炎	nǎo yán	34421	an-ang,ao-ou,n-l	1
牛排	niú pái	34423	ai-ei,n-l	1
派性	pài xìng	34424	in-ing,ai-ei,j-q-x	1
盼头	pàn tou	34425	an-ang,ao-ou	1
坯子	pī zi	34427	z-zh	1
评卷	píng juàn	34428	in-ing,uan-uang,j-q-x	1
破晓	pò xiǎo	34429	j-q-x	1
起疑	qǐ yí	34430	j-q-x	1
擒拿	qín ná	34432	in-ing,n-l,j-q-x	1
清福	qīng fú	34433	in-ing,h-f,j-q-x	1
劝和	quàn hé	34435	uan-uang,h-f,j-q-x	1
人丁	rén dīng	34436	en-eng,in-ing,r-l	1
熔融	róng róng	34437	r-l	1
散心	sàn xīn	34439	in-ing,an-ang,s-sh,j-q-x	1
搔头	sāo tóu	34440	ao-ou,s-sh	1
砂锅	shā guō	34441	ua-uo,s-sh	1
傻话	shǎ huà	34442	ua-uo,s-sh,h-f	1
傻眼	shǎ yǎn	34443	an-ang,s-sh	1
上告	shàng gào	34444	an-ang,ao-ou,s-sh	1
湿气	shī qì	34446	s-sh,j-q-x	1
收条	shōu tiáo	34448	ao-ou,s-sh	1
首播	shǒu bō	34449	ao-ou,s-sh	1
爽口	shuǎng kǒu	34450	uan-uang,ao-ou,s-sh	1
私交	sī jiāo	34451	s-sh,j-q-x	1
死力	sǐ lì	34452	s-sh,n-l,r-l	1
松紧	sōng jǐn	34453	in-ing,s-sh,j-q-x	1
耸动	sǒng dòng	34454	s-sh	1
甜水	tián shuǐ	34456	ian-iang,s-sh	1
挑拣	tiāo jiǎn	34457	ian-iang,j-q-x	1
调频	tiáo pín	34458	in-ing	1
铁拳	tiě quán	34459	uan-uang,ia-ie,j-q-x	1
投考	tóu kǎo	34460	ao-ou	1
吞吃	tūn chī	34461	c-ch	1
佤族	wǎ zú	34462	z-zh	3
危局	wēi jú	34463	ai-ei,j-q-x	1
委身	wěi shēn	34464	en-eng,ai-ei,s-sh	1
误认	wù rèn	34465	en-eng,r-l	1
息怒	xī nù	34466	n-l,j-q-x	1
训令	xùn lìng	34469	in-ing,n-l,r-l,j-q-x	1
烟民	yān mín	34470	in-ing,an-ang	1
研磨	yán mó	34471	an-ang	1
赝品	yàn pǐn	34472	in-ing,an-ang	3
异姓	yì xìng	34473	in-ing,j-q-x	1
阴风	yīn fēng	34474	en-eng,in-ing,h-f	1
银洋	yín yáng	34475	in-ing,an-ang	1
用材	yòng cái	34476	ai-ei,c-ch	1
游兴	yóu xìng	34477	in-ing,ao-ou,j-q-x	1
杂役	zá yì	34478	z-zh	1
灶间	zào jiān	34479	ian-iang,ao-ou,z-zh,j-q-x	1
正本	zhèng běn	34480	en-eng,z-zh	1
宿儒	sù rú	34482	s-sh,r-l	1
失蹄	shī tí	34483	s-sh	1
发痧	fā shā	34485	s-sh,h-f	3
植棉	zhí mián	34486	ian-iang,z-zh	1
质料	zhì liào	34487	z-zh,n-l,r-l	1
专稿	zhuān gǎo	34488	uan-uang,ao-ou,z-zh	1
子侄	zǐ zhí	34489	z-zh	1
总攻	zǒng gōng	34491	z-zh	1
嘴硬	zuǐ yìng	34492	in-ing,z-zh	1
座舱	zuò cāng	34493	an-ang,ua-uo,z-zh,c-ch	1
包间	bāo jiān	34495	ian-iang,ao-ou,j-q-x	1
保皇	bǎo huáng	34496	uan-uang,ao-ou,h-f	1
鼻音	bí yīn	34498	in-ing	1
病区	bìng qū	34499	in-ing,j-q-x	1
布道	bù dào	34500	ao-ou	1
步法	bù fǎ	34501	h-f	1
猜拳	cāi quán	34502	uan-uang,ai-ei,c-ch,j-q-x	1
草包	cǎo bāo	34503	ao-ou,c-ch	1
涔涔	cén cén	34505	en-eng,c-ch	2
长袖	cháng xiù	34506	an-ang,c-ch,j-q-x	1
赤色	chì sè	34507	c-ch,s-sh	1
创痛	chuāng tòng	34509	uan-uang,c-ch	1
刺槐	cì huái	34511	c-ch,h-f	1
单程	dān chéng	34514	en-eng,an-ang,c-ch	1
道行	dào heng	34515	en-eng,ao-ou,h-f	1
等效	děng xiào	34517	en-eng,j-q-x	1
地气	dì qì	34518	j-q-x	1
定语	dìng yǔ	34519	in-ing	1
对门	duì mén	34521	en-eng	1
特招	tè zhāo	34523	ao-ou,z-zh	1
恶感	è gǎn	34524	an-ang	1
耳鸣	ěr míng	34525	in-ing	1
耳熟	ěr shú	34526	s-sh	1
方砖	fāng zhuān	34527	an-ang,uan-uang,z-zh,h-f	1
芳心	fāng xīn	34528	in-ing,an-ang,h-f,j-q-x	1
放还	fàng huán	34529	an-ang,uan-uang,h-f	1
浮力	fú lì	34530	n-l,h-f,r-l	1
福星	fú xīng	34531	in-ing,h-f,j-q-x	1
搁笔	gē bǐ	34532		1
攻心	gōng xīn	34533	in-ing,j-q-x	1
供品	gòng pǐn	34534	in-ing	1
故都	gù dū	34537		1
广漠	guǎng mò	34538	uan-uang	1
号哭	háo kū	34539	ao-ou,h-f	1
和顺	hé shùn	34540	s-sh,h-f	1
河滨	hé bīn	34541	in-ing,h-f	1
虎穴	hǔ xué	34542	h-f,j-q-x	1
回教	huí jiào	34545	h-f,j-q-x	1
霍霍	huò huò	34546	ua-uo,h-f	1
经线	jīng xiàn	34549	in-ing,ian-iang,j-q-x	1
绝种	jué zhǒng	34551	z-zh,j-q-x	1
可好	kě hǎo	34552	ao-ou,h-f	1
老调	lǎo diào	34554	ao-ou,n-l,r-l	1
灵位	líng wèi	34556	in-ing,ai-ei,n-l,r-l	1
卤水	lǔ shuǐ	34557	s-sh,n-l,r-l	1
磨牙	mó yá	34559		1
墨鱼	mò yú	34560		1
内定	nèi dìng	34563	in-ing,ai-ei,n-l	1
暖壶	nuǎn hú	34564	uan-uang,n-l,h-f	1
配乐	pèi yuè	34565	ai-ei	1
频发	pín fā	34567	in-ing,h-f	1
棋友	qí yǒu	34568	ao-ou,j-q-x	1
启禀	qǐ bǐng	34569	in-ing,j-q-x	1
球技	qiú jì	34570	j-q-x	1
乳白	rǔ bái	34573	ai-ei,r-l	1
深挚	shēn zhì	34576	en-eng,z-zh,s-sh	1
收市	shōu shì	34578	ao-ou,s-sh	1
受宠	shòu chǒng	34579	ao-ou,c-ch,s-sh	1
书签	shū qiān	34580	ian-iang,s-sh,j-q-x	1
水潭	shuǐ tán	34582	an-ang,s-sh	1
水族	shuǐ zú	34583	z-zh,s-sh	1
说媒	shuō méi	34584	ai-ei,ua-uo,s-sh	1
说戏	shuō xì	34585	ua-uo,s-sh,j-q-x	1
死囚	sǐ qiú	34586	s-sh,j-q-x	1
坦陈	tǎn chén	34588	en-eng,an-ang,c-ch	1
汤药	tāng yào	34589	an-ang,ao-ou	1
调速	tiáo sù	34590	s-sh	1
投敌	tóu dí	34592	ao-ou	1
托名	tuō míng	34593	in-ing,ua-uo	1
外场	wài chǎng	34594	an-ang,ai-ei,c-ch	1
玩火	wán huǒ	34595	an-ang,ua-uo,h-f	1
宛然	wǎn rán	34596	an-ang,r-l	1
唯心	wéi xīn	34597	in-ing,ai-ei,j-q-x	1
武备	wǔ bèi	34598	ai-ei	1
习得	xí dé	34599	j-q-x	1
细账	xì zhàng	34601	an-ang,z-zh,j-q-x	1
线形	xiàn xíng	34602	in-ing,ian-iang,j-q-x	1
详述	xiáng shù	34603	ian-iang,s-sh,j-q-x	1
小春	xiǎo chūn	34605	c-ch,j-q-x	1
邪念	xié niàn	34606	ian-iang,ia-ie,n-l,j-q-x	1
锈蚀	xiù shí	34608	s-sh,j-q-x	1
雪球	xuě qiú	34609	j-q-x	1
牙龈	yá yín	34610	in-ing	3
言路	yán lù	34612	an-ang,n-l,r-l	1
验明	yàn míng	34613	in-ing,an-ang	1
业经	yè jīng	34614	in-ing,j-q-x	1
疑云	yí yún	34616		1
游猎	yóu liè	34618	ao-ou,ia-ie,n-l,r-l	1
愚人	yú rén	34619	en-eng,r-l	1
预设	yù shè	34620	s-sh	1
允准	yǔn zhǔn	34621	z-zh	1
扎眼	zhā yǎn	34622	an-ang,z-zh	1
诈称	zhà chēng	34623	en-eng,z-zh,c-ch	1
照实	zhào shí	34624	ao-ou,z-zh,s-sh	1
正电	zhèng diàn	34626	en-eng,ian-iang,z-zh	1
政审	zhèng shěn	34627	en-eng,z-zh,s-sh	1
吧嗒	bā dā	34634		3
白喉	bái hóu	34635	ai-ei,ao-ou,h-f	1
班底	bān dǐ	34636	an-ang	1
壁报	bì bào	34638	ao-ou	1
变易	biàn yì	34639	ian-iang	1
彩照	cǎi zhào	34641	ai-ei,ao-ou,z-zh,c-ch	1
残月	cán yuè	34642	an-ang,c-ch	1
苍生	cāng shēng	34643	en-eng,an-ang,c-ch,s-sh	1
岔路	chà lù	34644	c-ch,n-l,r-l	1
潮红	cháo hóng	34645	ao-ou,c-ch,h-f	1
传习	chuán xí	34647	uan-uang,c-ch,j-q-x	1
打鼾	dǎ hān	34648	an-ang,h-f	3
打理	dǎ lǐ	34649	n-l,r-l	1
蛋壳	dàn ké	34650	an-ang	1
刀锋	dāo fēng	34651	en-eng,ao-ou,h-f	1
东魏	dōng wèi	34652	ai-ei	1
独享	dú xiǎng	34653	ian-iang,j-q-x	1
断语	duàn yǔ	34654	uan-uang	1
耳热	ěr rè	34655	r-l	1
发辫	fà biàn	34656	ian-iang,h-f	1
非难	fēi nàn	34657	an-ang,ai-ei,n-l,h-f	1
肥壮	féi zhuàng	34658	uan-uang,ai-ei,z-zh,h-f	1
妇道	fù dào	34659	ao-ou,h-f	1
涕零	tì líng	34660	in-ing,n-l,r-l	1
嘎吱	gā zhī	34662	z-zh	3
纲纪	gāng jì	34663	an-ang,j-q-x	1
翻唱	fān chàng	34664	an-ang,c-ch,h-f	1
告假	gào jià	34665	ao-ou,ia-ie,j-q-x	1
工余	gōng yú	34666		1
顾念	gù niàn	34667	ian-iang,n-l	1
哄然	hōng rán	34668	an-ang,h-f,r-l	1
换岗	huàn gǎng	34669	an-ang,uan-uang,h-f	1
黄莺	huáng yīng	34670	in-ing,uan-uang,h-f	1
回波	huí bō	34671	h-f	1
货柜	huò guì	34672	ua-uo,h-f	1
讥刺	jī cì	34674	c-ch,j-q-x	1
家兔	jiā tù	34676	ia-ie,j-q-x	1
尖厉	jiān lì	34677	ian-iang,n-l,r-l,j-q-x	1
娇弱	jiāo ruò	34680	ua-uo,r-l,j-q-x	1
君权	jūn quán	34682	uan-uang,j-q-x	1
亢进	kàng jìn	34684	in-ing,an-ang,j-q-x	1
刻毒	kè dú	34685		1
扣减	kòu jiǎn	34686	ian-iang,ao-ou,j-q-x	1
枯坐	kū zuò	34687	ua-uo,z-zh	1
老迈	lǎo mài	34689	ai-ei,ao-ou,n-l,r-l	1
冷面	lěng miàn	34690	en-eng,ian-iang,n-l,r-l	1
轮休	lún xiū	34693	n-l,r-l,j-q-x	1
美声	měi shēng	34695	en-eng,ai-ei,s-sh	1
免罪	miǎn zuì	34696	ian-iang,z-zh	1
名旦	míng dàn	34697	in-ing,an-ang	1
母本	mǔ běn	34698	en-eng	1
木本	mù běn	34699	en-eng	1
暮霭	mù ǎi	34700	ai-ei	3
牛黄	niú huáng	34701	uan-uang,n-l,h-f	1
配音	pèi yīn	34705	in-ing,ai-ei	1
偏旁	piān páng	34706	an-ang,ian-iang	1
飘拂	piāo fú	34707	h-f	1
剖腹	pōu fù	34708	ao-ou,h-f	1
欠妥	qiàn tuǒ	34709	ian-iang,ua-uo,j-q-x	1
歉收	qiàn shōu	34710	ian-iang,ao-ou,s-sh,j-q-x	1
入殓	rù liàn	34714	ian-iang,n-l,r-l	3
软卧	ruǎn wò	34715	uan-uang,r-l	1
石蜡	shí là	34717	s-sh,n-l,r-l	1
水枪	shuǐ qiāng	34721	ian-iang,s-sh,j-q-x	1
汤匙	tāng chí	34723	an-ang,c-ch	1
铁树	tiě shù	34726	ia-ie,s-sh	1
吐字	tǔ zì	34727	z-zh	1
团子	tuán zi	34728	uan-uang,z-zh	1
脱帽	tuō mào	34729	ao-ou,ua-uo	1
玩偶	wán ǒu	34730	an-ang,ao-ou	1
嬉闹	xī nào	34733	ao-ou,n-l,j-q-x	3
贤明	xián míng	34735	in-ing,ian-iang,j-q-x	1
相熟	xiāng shú	34737	ian-iang,s-sh,j-q-x	1
笑柄	xiào bǐng	34738	in-ing,j-q-x	1
偕老	xié lǎo	34739	ao-ou,ia-ie,n-l,r-l,j-q-x	3
撷英	xié yīng	34740	in-ing,ia-ie,j-q-x	3
新交	xīn jiāo	34741	in-ing,j-q-x	1
学监	xué jiān	34742	ian-iang,j-q-x	1
伢子	yá zǐ	34743	z-zh	3
眼尖	yǎn jiān	34744	an-ang,ian-iang,j-q-x	1
遗落	yí luò	34747	ua-uo,n-l,r-l	1
阴湿	yīn shī	34748	in-ing,s-sh	1
用脑	yòng nǎo	34751	ao-ou,n-l	1
游鱼	yóu yú	34752	ao-ou	1
摘抄	zhāi chāo	34754	ai-ei,ao-ou,z-zh,c-ch	1
竹编	zhú biān	34755	ian-iang,z-zh	1
主考	zhǔ kǎo	34756	ao-ou,z-zh	1
准定	zhǔn dìng	34757	in-ing,z-zh	1
组曲	zǔ qǔ	34759	z-zh,j-q-x	1
醉鬼	zuì guǐ	34760	z-zh	1
作古	zuò gǔ	34761	ua-uo,z-zh	1
坐待	zuò dài	34762	ai-ei,ua-uo,z-zh	1
坐席	zuò xí	34763	ua-uo,z-zh,j-q-x	1
碑刻	bēi kè	34765	ai-ei	1
本末	běn mò	34766	en-eng	1
便条	biàn tiáo	34767	ian-iang	1
勃兴	bó xīng	34768	in-ing,j-q-x	1
茶艺	chá yì	34769	c-ch	1
学养	xué yǎng	34770	an-ang,j-q-x	1
查访	chá fǎng	34771	an-ang,c-ch,h-f	1
查账	chá zhàng	34772	an-ang,z-zh,c-ch	1
产科	chǎn kē	34773	an-ang,c-ch	1
称贺	chēng hè	34775	en-eng,c-ch,h-f	1
城际	chéng jì	34776	en-eng,c-ch,j-q-x	1
大限	dà xiàn	34781	ian-iang,j-q-x	1
淡绿	dàn lǜ	34782	an-ang,n-l,r-l	1
道贺	dào hè	34783	ao-ou,h-f	1
迪厅	dí tīng	34784	in-ing	1
定产	dìng chǎn	34785	in-ing,an-ang,c-ch	1
短长	duǎn cháng	34788	an-ang,uan-uang,c-ch	1
鹅黄	é huáng	34790	uan-uang,h-f	1
粪桶	fèn tǒng	34792	en-eng,h-f	1
丰采	fēng cǎi	34793	en-eng,ai-ei,c-ch,h-f	1
风土	fēng tǔ	34794	en-eng,h-f	1
跟风	gēn fēng	34796	en-eng,h-f	1
宫墙	gōng qiáng	34797	ian-iang,j-q-x	1
共勉	gòng miǎn	34798	ian-iang	1
聒噪	guō zào	34803	ao-ou,ua-uo,z-zh	3
国本	guó běn	34804	en-eng,ua-uo	1
国戚	guó qī	34805	ua-uo,j-q-x	1
红糖	hóng táng	34806	an-ang,h-f	1
后跟	hòu gēn	34807	en-eng,ao-ou,h-f	1
火警	huǒ jǐng	34812	in-ing,ua-uo,h-f,j-q-x	1
机群	jī qún	34813	j-q-x	1
急待	jí dài	34814	ai-ei,j-q-x	1
假道	jiǎ dào	34818	ao-ou,ia-ie,j-q-x	1
兼管	jiān guǎn	34819	ian-iang,uan-uang,j-q-x	1
贱卖	jiàn mài	34820	ian-iang,ai-ei,j-q-x	1
教父	jiào fù	34821	h-f,j-q-x	1
禁猎	jìn liè	34822	in-ing,ia-ie,n-l,r-l,j-q-x	1
跨栏	kuà lán	34826	an-ang,ua-uo,n-l,r-l	1
辣手	là shǒu	34828	ao-ou,s-sh,n-l,r-l	1
立言	lì yán	34829	an-ang,n-l,r-l	1
烈马	liè mǎ	34831	ia-ie,n-l,r-l	1
烈女	liè nǚ	34832	ia-ie,n-l,r-l	1
猎犬	liè quǎn	34833	uan-uang,ia-ie,n-l,r-l,j-q-x	1
林产	lín chǎn	34834	in-ing,an-ang,c-ch,n-l,r-l	1
临阵	lín zhèn	34835	en-eng,in-ing,z-zh,n-l,r-l	1
柳絮	liǔ xù	34836	n-l,r-l,j-q-x	1
螺蛳	luó sī	34838	ua-uo,s-sh,n-l,r-l	3
描金	miáo jīn	34840	in-ing,j-q-x	1
明细	míng xì	34841	in-ing,j-q-x	1
纳妾	nà qiè	34844	ia-ie,n-l,j-q-x	3
逆行	nì xíng	34846	in-ing,n-l,j-q-x	1
碾子	niǎn zi	34847	ian-iang,z-zh,n-l	1
排档	pái dàng	34849	an-ang,ai-ei	1
平炉	píng lú	34850	in-ing,n-l,r-l	1
平移	píng yí	34851	in-ing	1
铺排	pū pái	34852	ai-ei	1
签注	qiān zhù	34854	ian-iang,z-zh,j-q-x	1
亲政	qīn zhèng	34856	en-eng,in-ing,z-zh,j-q-x	1
情诗	qíng shī	34857	in-ing,s-sh,j-q-x	1
圈占	quān zhàn	34859	an-ang,uan-uang,z-zh,j-q-x	1
全息	quán xī	34860	uan-uang,j-q-x	1
人望	rén wàng	34861	en-eng,an-ang,r-l	1
网恋	wǎng liàn	34863	an-ang,ian-iang,n-l,r-l	1
筛糠	shāi kāng	34865	an-ang,ai-ei,s-sh	1
失修	shī xiū	34866	s-sh,j-q-x	1
史略	shǐ lüè	34869	s-sh,n-l,r-l	1
世系	shì xì	34870	s-sh,j-q-x	1
守时	shǒu shí	34871	ao-ou,s-sh	1
书号	shū hào	34872	ao-ou,s-sh,h-f	1
死结	sǐ jié	34875	ia-ie,s-sh,j-q-x	1
送命	sòng mìng	34876	in-ing,s-sh	1
台布	tái bù	34878	ai-ei	1
挑灯	tiǎo dēng	34881	en-eng	1
痛击	tòng jī	34882	j-q-x	1
头牌	tóu pái	34883	ai-ei,ao-ou	1
头尾	tóu wěi	34884	ai-ei,ao-ou	1
望族	wàng zú	34886	an-ang,z-zh	1
文弱	wén ruò	34888	en-eng,ua-uo,r-l	1
务请	wù qǐng	34889	in-ing,j-q-x	1
下工	xià gōng	34891	ia-ie,j-q-x	1
下问	xià wèn	34892	en-eng,ia-ie,j-q-x	1
纤纤	xiān xiān	34893	ian-iang,j-q-x	1
闲居	xián jū	34894	ian-iang,j-q-x	1
娴静	xián jìng	34895	in-ing,ian-iang,j-q-x	3
小旦	xiǎo dàn	34896	an-ang,j-q-x	1
斜射	xié shè	34897	ia-ie,s-sh,j-q-x	1
兴工	xīng gōng	34898	in-ing,j-q-x	1
巡航	xún háng	34901	an-ang,h-f,j-q-x	1
哑然	yǎ rán	34903	an-ang,r-l	1
译稿	yì gǎo	34906	ao-ou	1
阴柔	yīn róu	34909	in-ing,ao-ou,r-l	1
引燃	yǐn rán	34910	in-ing,an-ang,r-l	1
印子	yìn zi	34911	in-ing,z-zh	1
冤情	yuān qíng	34913	in-ing,uan-uang,j-q-x	1
崽子	zǎi zi	34914	ai-ei,z-zh	3
掌灯	zhǎng dēng	34915	en-eng,an-ang,z-zh	1
争雄	zhēng xióng	34917	en-eng,z-zh,j-q-x	1
忠勇	zhōng yǒng	34920	z-zh	1
猪草	zhū cǎo	34921	ao-ou,z-zh,c-ch	1
主营	zhǔ yíng	34922	in-ing,z-zh	1
转租	zhuǎn zū	34923	uan-uang,z-zh	1
自新	zì xīn	34924	in-ing,z-zh,j-q-x	1
阿訇	ā hōng	34925	h-f	3
白露	bái lù	34927	ai-ei,n-l,r-l	1
碑林	bēi lín	34928	in-ing,ai-ei,n-l,r-l	1
编创	biān chuàng	34930	ian-iang,uan-uang,c-ch	1
并拢	bìng lǒng	34931	in-ing,n-l,r-l	1
不讳	bù huì	34932	h-f	1
采挖	cǎi wā	34933	ai-ei,c-ch	1
彩蝶	cǎi dié	34934	ai-ei,ia-ie,c-ch	1
城根	chéng gēn	34935	en-eng,c-ch	1
驰电	chí diàn	34936	ian-iang,c-ch	1
锄地	chú dì	34938	c-ch	1
粗鄙	cū bǐ	34939	c-ch	1
措置	cuò zhì	34940	ua-uo,z-zh,c-ch	1
大亨	dà hēng	34942	en-eng,h-f	3
怠工	dài gōng	34943	ai-ei	1
刀法	dāo fǎ	34945	ao-ou,h-f	1
灯丝	dēng sī	34947	en-eng,s-sh	1
砥砺	dǐ lì	34949	n-l,r-l	2
盯视	dīng shì	34951	in-ing,s-sh	1
短工	duǎn gōng	34953	uan-uang	1
堕胎	duò tāi	34954	ai-ei,ua-uo	1
发痴	fā chī	34955	c-ch,h-f	1
防身	fáng shēn	34957	en-eng,an-ang,s-sh,h-f	1
房源	fáng yuán	34958	an-ang,uan-uang,h-f	1
飞轮	fēi lún	34959	ai-ei,n-l,h-f,r-l	1
非分	fēi fèn	34960	en-eng,ai-ei,h-f	1
复工	fù gōng	34962	h-f	1
复旧	fù jiù	34963	h-f,j-q-x	1
概要	gài yào	34966	ai-ei,ao-ou	1
杠铃	gàng líng	34967	in-ing,an-ang,n-l,r-l	1
隔夜	gé yè	34968		1
观礼	guān lǐ	34971	uan-uang,n-l,r-l	1
诡异	guǐ yì	34972		1
河心	hé xīn	34973	in-ing,h-f,j-q-x	1
和诗	hè shī	34974	s-sh,h-f	1
横祸	hèng huò	34975	en-eng,ua-uo,h-f	1
滑轮	huá lún	34976	ua-uo,n-l,h-f,r-l	1
桦树	huà shù	34977	ua-uo,s-sh,h-f	1
探花	tàn huā	34978	an-ang,ua-uo,h-f	1
幻灯	huàn dēng	34979	en-eng,uan-uang,h-f	1
荒郊	huāng jiāo	34980	uan-uang,h-f,j-q-x	1
饥馑	jī jǐn	34981	in-ing,j-q-x	3
疾风	jí fēng	34983	en-eng,h-f,j-q-x	1
嫉恨	jí hèn	34984	en-eng,h-f,j-q-x	1
讲习	jiǎng xí	34986	ian-iang,j-q-x	1
娇美	jiāo měi	34987	ai-ei,j-q-x	1
敬慕	jìng mù	34988	in-ing,j-q-x	1
旧闻	jiù wén	34989	en-eng,j-q-x	1
居所	jū suǒ	34990	ua-uo,s-sh,j-q-x	1
捐税	juān shuì	34991	uan-uang,s-sh,j-q-x	1
娟秀	juān xiù	34992	uan-uang,j-q-x	1
菌类	jūn lèi	34994	ai-ei,n-l,r-l,j-q-x	1
刻制	kè zhì	34996	z-zh	1
刻字	kè zì	34997	z-zh	1
截图	jié tú	34998	ia-ie,j-q-x	1
哭丧	kū sāng	34999	an-ang,s-sh	1
苦思	kǔ sī	35000	s-sh	1
雷公	léi gōng	35001	ai-ei,n-l,r-l	1
领唱	lǐng chàng	35005	in-ing,an-ang,c-ch,n-l,r-l	1
轮作	lún zuò	35006	ua-uo,z-zh,n-l,r-l	1
马蜂	mǎ fēng	35007	en-eng,h-f	1
卖老	mài lǎo	35008	ai-ei,ao-ou,n-l,r-l	1
忙人	máng rén	35009	en-eng,an-ang,r-l	1
煤灰	méi huī	35010	ai-ei,h-f	1
尿液	niào yè	35015	n-l	1
喷吐	pēn tǔ	35016	en-eng	1
气人	qì rén	35017	en-eng,r-l,j-q-x	1
钳制	qián zhì	35018	ian-iang,z-zh,j-q-x	1
切削	qiē xiāo	35019	ia-ie,j-q-x	1
清癯	qīng qú	35020	in-ing,j-q-x	3
趋避	qū bì	35021	j-q-x	1
入魔	rù mó	35022	r-l	1
山药	shān yao	35024	an-ang,ao-ou,s-sh	1
上篮	shàng lán	35025	an-ang,s-sh,n-l,r-l	1
受检	shòu jiǎn	35026	ian-iang,ao-ou,s-sh,j-q-x	1
水杉	shuǐ shān	35027	an-ang,s-sh	1
算话	suàn huà	35028	uan-uang,ua-uo,s-sh,h-f	1
天庭	tiān tíng	35029	in-ing,ian-iang	1
吐丝	tǔ sī	35031	s-sh	1
晚节	wǎn jié	35032	an-ang,ia-ie,j-q-x	1
窝火	wō huǒ	35033	ua-uo,h-f	1
屋宇	wū yǔ	35034		1
下房	xià fáng	35037	an-ang,ia-ie,h-f,j-q-x	1
先觉	xiān jué	35039	ian-iang,j-q-x	1
学童	xué tóng	35043	j-q-x	1
徇私	xùn sī	35044	s-sh,j-q-x	3
牙根	yá gēn	35045	en-eng	1
洋式	yáng shì	35046	an-ang,s-sh	1
役使	yì shǐ	35047	s-sh	1
淫妇	yín fù	35048	in-ing,h-f	1
芋头	yù tou	35052	ao-ou	1
云锦	yún jǐn	35053	in-ing,j-q-x	1
愠怒	yùn nù	35054	n-l	3
再议	zài yì	35055	ai-ei,z-zh	1
战旗	zhàn qí	35056	an-ang,z-zh,j-q-x	1
正剧	zhèng jù	35058	en-eng,z-zh,j-q-x	1
枝杈	zhī chà	35060	z-zh,c-ch	3
种猪	zhǒng zhū	35061	z-zh	1
净高	jìng gāo	35064	in-ing,ao-ou,j-q-x	1
浊流	zhuó liú	35066	ua-uo,z-zh,n-l,r-l	1
组稿	zǔ gǎo	35067	ao-ou,z-zh	1
作诗	zuò shī	35068	ua-uo,z-zh,s-sh	1
安神	ān shén	35069	en-eng,an-ang,s-sh	1
氨水	ān shuǐ	35070	an-ang,s-sh	1
暗娼	àn chāng	35071	an-ang,c-ch	3
败笔	bài bǐ	35073	ai-ei	1
悲悼	bēi dào	35074	ai-ei,ao-ou	1
鄙弃	bǐ qì	35075	j-q-x	1
表土	biǎo tǔ	35077		1
冰场	bīng chǎng	35078	in-ing,an-ang,c-ch	1
播弄	bō nòng	35079	n-l	1
搏动	bó dòng	35080		1
残部	cán bù	35082	an-ang,c-ch	1
草绿	cǎo lǜ	35083	ao-ou,c-ch,n-l,r-l	1
唱本	chàng běn	35084	en-eng,an-ang,c-ch	1
撤兵	chè bīng	35085	in-ing,c-ch	1
逞能	chěng néng	35086	en-eng,c-ch,n-l	1
迟延	chí yán	35087	an-ang,c-ch	1
迟滞	chí zhì	35088	z-zh,c-ch	1
充公	chōng gōng	35089	c-ch	1
重洋	chóng yáng	35090	an-ang,c-ch	1
仇家	chóu jiā	35091	ao-ou,ia-ie,c-ch,j-q-x	1
丑话	chǒu huà	35092	ao-ou,ua-uo,c-ch,h-f	1
触礁	chù jiāo	35093	c-ch,j-q-x	1
醇香	chún xiāng	35096	ian-iang,c-ch,j-q-x	1
从犯	cóng fàn	35097	an-ang,c-ch,h-f	1
催办	cuī bàn	35098	an-ang,c-ch	1
错话	cuò huà	35099	ua-uo,c-ch,h-f	1
打尖	dǎ jiān	35100	ian-iang,j-q-x	1
地温	dì wēn	35104	en-eng	1
订做	dìng zuò	35105	in-ing,ua-uo,z-zh	1
斗法	dòu fǎ	35106	ao-ou,h-f	1
独子	dú zǐ	35107	z-zh	1
反证	fǎn zhèng	35111	en-eng,an-ang,z-zh,h-f	1
防毒	fáng dú	35112	an-ang,h-f	1
坟堆	fén duī	35113	en-eng,h-f	1
封号	fēng hào	35114	en-eng,ao-ou,h-f	1
福寿	fú shòu	35116	ao-ou,s-sh,h-f	1
赋闲	fù xián	35117	ian-iang,h-f,j-q-x	1
腹胀	fù zhàng	35118	an-ang,z-zh,h-f	1
杠杠	gàng gang	35119	an-ang	1
梗概	gěng gài	35120	en-eng,ai-ei	1
观赛	guān sài	35121	uan-uang,ai-ei,s-sh	1
对账	duì zhàng	35122	an-ang,z-zh	1
海碗	hǎi wǎn	35123	an-ang,ai-ei,h-f	1
耗能	hào néng	35127	en-eng,ao-ou,n-l,h-f	1
颌骨	hé gǔ	35131	h-f	3
横断	héng duàn	35132	en-eng,uan-uang,h-f	1
换血	huàn xiě	35134	uan-uang,ia-ie,h-f,j-q-x	1
回赠	huí zèng	35135	en-eng,z-zh,h-f	1
汇流	huì liú	35136	n-l,h-f,r-l	1
活物	huó wù	35137	ua-uo,h-f	1
将才	jiàng cái	35139	ian-iang,ai-ei,c-ch,j-q-x	1
交集	jiāo jí	35140	j-q-x	1
姣好	jiāo hǎo	35141	ao-ou,h-f,j-q-x	3
胶质	jiāo zhì	35142	z-zh,j-q-x	1
教课	jiāo kè	35143	j-q-x	1
绞痛	jiǎo tòng	35144	j-q-x	1
矫捷	jiǎo jié	35145	ia-ie,j-q-x	1
接踵	jiē zhǒng	35146	ia-ie,z-zh,j-q-x	3
揭短	jiē duǎn	35147	uan-uang,ia-ie,j-q-x	1
京官	jīng guān	35148	in-ing,uan-uang,j-q-x	1
挖坑	wā kēng	35149	en-eng	1
巨制	jù zhì	35151	z-zh,j-q-x	1
卷子	juàn zi	35152	uan-uang,z-zh,j-q-x	1
开方	kāi fāng	35154	an-ang,ai-ei,h-f	1
吭气	kēng qì	35155	en-eng,j-q-x	1
揽工	lǎn gōng	35156	an-ang,n-l,r-l	1
痨病	láo bìng	35157	in-ing,ao-ou,n-l,r-l	3
鹭鸶	lù sī	35159	s-sh,n-l,r-l	2
律诗	lǜ shī	35160	s-sh,n-l,r-l	1
门人	mén rén	35163	en-eng,r-l	1
蒙冤	méng yuān	35164	en-eng,uan-uang	1
墨黑	mò hēi	35166	ai-ei,h-f	1
逆料	nì liào	35168	n-l,r-l	1
谱系	pǔ xì	35170	j-q-x	1
企求	qǐ qiú	35171	j-q-x	1
气垫	qì diàn	35172	ian-iang,j-q-x	1
气绝	qì jué	35173	j-q-x	1
枪刺	qiāng cì	35174	ian-iang,c-ch,j-q-x	1
圈定	quān dìng	35175	in-ing,uan-uang,j-q-x	1
全优	quán yōu	35176	uan-uang,ao-ou,j-q-x	1
戎马	róng mǎ	35177	r-l	1
融和	róng hé	35178	h-f,r-l	1
乳糖	rǔ táng	35179	an-ang,r-l	1
赛制	sài zhì	35181	ai-ei,z-zh,s-sh	1
艄公	shāo gōng	35182	ao-ou,s-sh	3
少男	shào nán	35183	an-ang,ao-ou,s-sh,n-l	1
诗兴	shī xìng	35185	in-ing,s-sh,j-q-x	1
手感	shǒu gǎn	35186	an-ang,ao-ou,s-sh	1
暑热	shǔ rè	35189	s-sh,r-l	1
帅气	shuài qi	35190	s-sh,j-q-x	1
水网	shuǐ wǎng	35191	an-ang,s-sh	1
司炉	sī lú	35192	s-sh,n-l,r-l	1
私仇	sī chóu	35193	ao-ou,c-ch,s-sh	1
素雅	sù yǎ	35194	s-sh	1
席棚	xí péng	35201	en-eng,j-q-x	1
线头	xiàn tóu	35202	ian-iang,ao-ou,j-q-x	1
香草	xiāng cǎo	35203	ian-iang,ao-ou,c-ch,j-q-x	1
香粉	xiāng fěn	35204	en-eng,ian-iang,h-f,j-q-x	1
消肿	xiāo zhǒng	35205	z-zh,j-q-x	1
写景	xiě jǐng	35206	in-ing,ia-ie,j-q-x	1
雄师	xióng shī	35208	s-sh,j-q-x	1
血本	xuè běn	35209	en-eng,j-q-x	1
延揽	yán lǎn	35210	an-ang,n-l,r-l	1
眼白	yǎn bái	35211	an-ang,ai-ei	1
验方	yàn fāng	35212	an-ang,h-f	1
邀约	yāo yuē	35213	ao-ou	1
银铃	yín líng	35216	in-ing,n-l,r-l	1
硬气	yìng qi	35217	in-ing,j-q-x	1
油茶	yóu chá	35218	ao-ou,c-ch	1
友军	yǒu jūn	35219	ao-ou,j-q-x	1
雨前	yǔ qián	35221	ian-iang,j-q-x	1
蕴藉	yùn jiè	35222	ia-ie,j-q-x	1
战袍	zhàn páo	35223	an-ang,ao-ou,z-zh	1
掌舵	zhǎng duò	35224	an-ang,ua-uo,z-zh	1
照说	zhào shuō	35225	ao-ou,ua-uo,z-zh,s-sh	1
证章	zhèng zhāng	35227	en-eng,an-ang,z-zh	1
重音	zhòng yīn	35228	in-ing,z-zh	1
驻留	zhù liú	35229	z-zh,n-l,r-l	1
自谦	zì qiān	35230	ian-iang,z-zh,j-q-x	1
纵览	zòng lǎn	35232	an-ang,z-zh,n-l,r-l	1
本相	běn xiàng	35233	en-eng,ian-iang,j-q-x	1
避嫌	bì xián	35234	ian-iang,j-q-x	1
冰霜	bīng shuāng	35235	in-ing,uan-uang,s-sh	1
秉持	bǐng chí	35236	in-ing,c-ch	1
驳倒	bó dǎo	35237	ao-ou	1
补过	bǔ guò	35238	ua-uo	1
擦伤	cā shāng	35241	an-ang,c-ch,s-sh	1
茶钱	chá qián	35242	ian-iang,c-ch,j-q-x	1
馋嘴	chán zuǐ	35243	an-ang,z-zh,c-ch	1
赤心	chì xīn	35245	in-ing,c-ch,j-q-x	1
虫草	chóng cǎo	35246	ao-ou,c-ch	1
除草	chú cǎo	35247	ao-ou,c-ch	1
传经	chuán jīng	35248	in-ing,uan-uang,c-ch,j-q-x	1
催逼	cuī bī	35249	c-ch	1
催款	cuī kuǎn	35250	uan-uang,c-ch	1
存贷	cún dài	35251	ai-ei,c-ch	1
典章	diǎn zhāng	35253	an-ang,ian-iang,z-zh	1
雕饰	diāo shì	35254	s-sh	1
订约	dìng yuē	35256	in-ing	1
定当	dìng dàng	35257	in-ing,an-ang	1
冬种	dōng zhòng	35258	z-zh	1
独力	dú lì	35260	n-l,r-l	1
断交	duàn jiāo	35262	uan-uang,j-q-x	1
对开	duì kāi	35263	ai-ei	1
对数	duì shù	35264	s-sh	1
耳坠	ěr zhuì	35265	z-zh	1
饭锅	fàn guō	35267	an-ang,ua-uo,h-f	1
方术	fāng shù	35268	an-ang,s-sh,h-f	1
芳菲	fāng fēi	35269	an-ang,ai-ei,h-f	1
副词	fù cí	35271	c-ch,h-f	1
改易	gǎi yì	35272	ai-ei	1
盖碗	gài wǎn	35273	an-ang,ai-ei	1
干饭	gān fàn	35274	an-ang,h-f	1
告白	gào bái	35277	ai-ei,ao-ou	1
光斑	guāng bān	35279	an-ang,uan-uang	1
寒窗	hán chuāng	35281	an-ang,uan-uang,c-ch,h-f	1
合剂	hé jì	35284	h-f,j-q-x	1
虎牙	hǔ yá	35287	h-f	1
讥诮	jī qiào	35290	j-q-x	3
节节	jié jié	35292	ia-ie,j-q-x	1
结队	jié duì	35293	ia-ie,j-q-x	1
敬请	jìng qǐng	35294	in-ing,j-q-x	1
军垦	jūn kěn	35295	en-eng,j-q-x	1
开奖	kāi jiǎng	35296	ian-iang,ai-ei,j-q-x	1
考级	kǎo jí	35298	ao-ou,j-q-x	1
可溶	kě róng	35299	r-l	1
口诀	kǒu jué	35301	ao-ou,j-q-x	1
枯井	kū jǐng	35303	in-ing,j-q-x	1
快运	kuài yùn	35304		1
滥捕	làn bǔ	35306	an-ang,n-l,r-l	1
狸猫	lí māo	35307	ao-ou,n-l,r-l	1
立式	lì shì	35308	s-sh,n-l,r-l	1
联机	lián jī	35309	ian-iang,n-l,r-l,j-q-x	1
链球	liàn qiú	35310	ian-iang,n-l,r-l,j-q-x	1
列岛	liè dǎo	35311	ao-ou,ia-ie,n-l,r-l	1
领养	lǐng yǎng	35312	in-ing,an-ang,n-l,r-l	1
吕剧	lǚ jù	35313	n-l,r-l,j-q-x	1
草垛	cǎo duǒ	35315	ao-ou,ua-uo,c-ch	1
乱套	luàn tào	35316	uan-uang,ao-ou,n-l,r-l	1
乱真	luàn zhēn	35317	en-eng,uan-uang,z-zh,n-l,r-l	1
盲肠	máng cháng	35319	an-ang,c-ch	1
盲童	máng tóng	35320	an-ang	1
脉脉	mò mò	35321		1
纳贿	nà huì	35322	n-l,h-f	1
暖风	nuǎn fēng	35324	en-eng,uan-uang,n-l,h-f	1
叛逃	pàn táo	35325	an-ang,ao-ou	1
捧角	pěng jué	35326	en-eng,j-q-x	1
批注	pī zhù	35327	z-zh	1
品茗	pǐn míng	35328	in-ing	3
前科	qián kē	35329	ian-iang,j-q-x	1
堑壕	qiàn háo	35330	ian-iang,ao-ou,h-f,j-q-x	2
清欠	qīng qiàn	35333	in-ing,ian-iang,j-q-x	1
穷酸	qióng suān	35334	uan-uang,s-sh,j-q-x	1
区旗	qū qí	35335	j-q-x	1
祛邪	qū xié	35336	ia-ie,j-q-x	3
泉眼	quán yǎn	35337	an-ang,uan-uang,j-q-x	1
荣光	róng guāng	35340	uan-uang,r-l	1
盲流	máng liú	35341	an-ang,n-l,r-l	1
容留	róng liú	35342	n-l,r-l	1
乳酸	rǔ suān	35343	uan-uang,s-sh,r-l	1
善终	shàn zhōng	35345	an-ang,z-zh,s-sh	1
少壮	shào zhuàng	35346	uan-uang,ao-ou,z-zh,s-sh	1
身板	shēn bǎn	35347	en-eng,an-ang,s-sh	1
神佛	shén fó	35348	en-eng,s-sh,h-f	1
审稿	shěn gǎo	35349	en-eng,ao-ou,s-sh	1
手气	shǒu qì	35350	ao-ou,s-sh,j-q-x	1
手纸	shǒu zhǐ	35351	ao-ou,z-zh,s-sh	1
书吧	shū bā	35352	s-sh	1
树人	shù rén	35353	en-eng,s-sh,r-l	1
水磨	shuǐ mó	35354	s-sh	1
挑唆	tiǎo suō	35355	ua-uo,s-sh	1
团费	tuán fèi	35356	uan-uang,ai-ei,h-f	1
外卖	wài mài	35357	ai-ei	1
完婚	wán hūn	35358	an-ang,h-f	1
偎依	wēi yī	35359	ai-ei	1
舞剑	wǔ jiàn	35363	ian-iang,j-q-x	1
雾霭	wù ǎi	35364	ai-ei	3
喜糖	xǐ táng	35365	an-ang,j-q-x	1
细情	xì qíng	35366	in-ing,j-q-x	1
消减	xiāo jiǎn	35367	ian-iang,j-q-x	1
协查	xié chá	35368	ia-ie,c-ch,j-q-x	1
撷取	xié qǔ	35369	ia-ie,j-q-x	3
行经	xíng jīng	35372	in-ing,j-q-x	1
修配	xiū pèi	35373	ai-ei,j-q-x	1
序数	xù shù	35374	s-sh,j-q-x	1
血量	xuè liàng	35375	ian-iang,n-l,r-l,j-q-x	1
压垮	yā kuǎ	35376	ua-uo	1
野餐	yě cān	35380	an-ang,c-ch	1
义子	yì zǐ	35381	z-zh	1
细流	xì liú	35382	n-l,r-l,j-q-x	1
溢美	yì měi	35383	ai-ei	1
营私	yíng sī	35384	in-ing,s-sh	1
映现	yìng xiàn	35385	in-ing,ian-iang,j-q-x	1
用事	yòng shì	35386	s-sh	1
案底	àn dǐ	35388	an-ang	1
由头	yóu tou	35389	ao-ou	1
跃然	yuè rán	35391	an-ang,r-l	1
晕厥	yūn jué	35393	j-q-x	3
遭灾	zāo zāi	35394	ai-ei,ao-ou,z-zh	1
早死	zǎo sǐ	35395	ao-ou,z-zh,s-sh	1
折腰	zhé yāo	35399	ao-ou,z-zh	1
争持	zhēng chí	35400	en-eng,z-zh,c-ch	1
知了	zhī liǎo	35401	z-zh,n-l,r-l	1
至诚	zhì chéng	35402	en-eng,z-zh,c-ch	1
忠言	zhōng yán	35404	an-ang,z-zh	1
猪食	zhū shí	35405	z-zh,s-sh	1
转诊	zhuǎn zhěn	35406	en-eng,uan-uang,z-zh	1
作痛	zuò tòng	35407	ua-uo,z-zh	1
挨批	ái pī	35409	ai-ei	1
爱将	ài jiàng	35410	ian-iang,ai-ei,j-q-x	1
按语	àn yǔ	35411	an-ang	1
拜望	bài wàng	35412	an-ang,ai-ei	1
班轮	bān lún	35413	an-ang,n-l,r-l	1
裱糊	biǎo hú	35414	h-f	3
别字	bié zì	35415	ia-ie,z-zh	1
采办	cǎi bàn	35416	an-ang,ai-ei,c-ch	1
产假	chǎn jià	35419	an-ang,ia-ie,c-ch,j-q-x	1
常备	cháng bèi	35420	an-ang,ai-ei,c-ch	1
逞强	chěng qiáng	35421	en-eng,ian-iang,c-ch,j-q-x	1
酬劳	chóu láo	35422	ao-ou,c-ch,n-l,r-l	1
春分	chūn fēn	35423	en-eng,c-ch,h-f	1
答对	dá duì	35424		1
打桩	dǎ zhuāng	35425	uan-uang,z-zh	1
盗印	dào yìn	35426	in-ing,ao-ou	1
道白	dào bái	35427	ai-ei,ao-ou	1
端阳	duān yáng	35429	an-ang,uan-uang	1
法力	fǎ lì	35430	n-l,h-f,r-l	1
防尘	fáng chén	35431	en-eng,an-ang,c-ch,h-f	1
粪肥	fèn féi	35432	en-eng,ai-ei,h-f	1
风纪	fēng jì	35433	en-eng,h-f,j-q-x	1
缝衣	fèng yī	35434	en-eng,h-f	1
工蜂	gōng fēng	35438	en-eng,h-f	1
海图	hǎi tú	35440	ai-ei,h-f	1
好战	hào zhàn	35441	an-ang,ao-ou,z-zh,h-f	1
黑头	hēi tóu	35442	ai-ei,ao-ou,h-f	1
后秦	hòu qín	35444	in-ing,ao-ou,h-f,j-q-x	1
划一	huà yī	35445	ua-uo,h-f	1
画工	huà gōng	35446	ua-uo,h-f	1
给水	jǐ shuǐ	35449	s-sh,j-q-x	1
家道	jiā dào	35450	ao-ou,ia-ie,j-q-x	1
假扮	jiǎ bàn	35451	an-ang,ia-ie,j-q-x	1
驾临	jià lín	35452	in-ing,ia-ie,n-l,r-l,j-q-x	1
简牍	jiǎn dú	35455	ian-iang,j-q-x	3
旧病	jiù bìng	35458	in-ing,j-q-x	1
网聊	wǎng liáo	35459	an-ang,n-l,r-l	1
局子	jú zi	35460	z-zh,j-q-x	1
军号	jūn hào	35462	ao-ou,h-f,j-q-x	1
壳子	ké zi	35463	z-zh	1
可曾	kě céng	35464	en-eng,c-ch	1
孔径	kǒng jìng	35465	in-ing,j-q-x	1
口传	kǒu chuán	35466	uan-uang,ao-ou,c-ch	1
浪荡	làng dàng	35468	an-ang,n-l,r-l	1
冷僻	lěng pì	35471	en-eng,n-l,r-l	1
犁地	lí dì	35472	n-l,r-l	1
裂谷	liè gǔ	35473	ia-ie,n-l,r-l	1
龙骨	lóng gǔ	35474	n-l,r-l	1
镂空	lòu kōng	35475	ao-ou,n-l,r-l	3
马厩	mǎ jiù	35476	j-q-x	3
卖点	mài diǎn	35477	ian-iang,ai-ei	1
漫灌	màn guàn	35478	an-ang,uan-uang	1
帽檐	mào yán	35480	an-ang,ao-ou	1
猛子	měng zi	35481	en-eng,z-zh	1
木薯	mù shǔ	35483	s-sh	1
起征	qǐ zhēng	35487	en-eng,z-zh,j-q-x	1
气宇	qì yǔ	35488	j-q-x	1
阡陌	qiān mò	35489	ian-iang,j-q-x	3
巧夺	qiǎo duó	35490	ua-uo,j-q-x	1
糅合	róu hé	35492	ao-ou,h-f,r-l	3
舌战	shé zhàn	35493	an-ang,z-zh,s-sh	1
盛传	shèng chuán	35494	en-eng,uan-uang,c-ch,s-sh	1
失语	shī yǔ	35495	s-sh	1
受戒	shòu jiè	35496	ao-ou,ia-ie,s-sh,j-q-x	1
受屈	shòu qū	35497	ao-ou,s-sh,j-q-x	1
顺耳	shùn ěr	35498	s-sh	1
俗名	sú míng	35500	in-ing,s-sh	1
嘴乖	zuǐ guāi	35502	z-zh	1
调味	tiáo wèi	35503	ai-ei	1
珍邮	zhēn yóu	35505	en-eng,ao-ou,z-zh	1
开荤	kāi hūn	35506	ai-ei,h-f	1
杏坛	xìng tán	35507	in-ing,an-ang,j-q-x	1
完胜	wán shèng	35508	en-eng,an-ang,s-sh	1
腕子	wàn zi	35510	an-ang,z-zh	1
下学	xià xué	35513	ia-ie,j-q-x	1
像章	xiàng zhāng	35515	an-ang,ian-iang,z-zh,j-q-x	1
胸科	xiōng kē	35516	j-q-x	1
叙旧	xù jiù	35517	j-q-x	1
艳福	yàn fú	35518	an-ang,h-f	1
阳极	yáng jí	35519	an-ang,j-q-x	1
喁喁	yóng yóng	35522		2
忧愤	yōu fèn	35523	en-eng,ao-ou,h-f	1
游廊	yóu láng	35524	an-ang,ao-ou,n-l,r-l	1
游水	yóu shuǐ	35525	ao-ou,s-sh	1
余晖	yú huī	35526	h-f	5
羽化	yǔ huà	35527	ua-uo,h-f	1
折桂	zhé guì	35530	z-zh	1
置信	zhì xìn	35532	in-ing,z-zh,j-q-x	1
中程	zhōng chéng	35533	en-eng,z-zh,c-ch	1
灼伤	zhuó shāng	35534	an-ang,ua-uo,z-zh,s-sh	1
酌量	zhuó liang	35535	ian-iang,ua-uo,z-zh,n-l,r-l	1
坐姿	zuò zī	35537	ua-uo,z-zh	1
哀叫	āi jiào	35538	ai-ei,j-q-x	1
哀怜	āi lián	35539	ian-iang,ai-ei,n-l,r-l	1
白果	bái guǒ	35540	ai-ei,ua-uo	1
本当	běn dāng	35541	en-eng,an-ang	1
车辙	chē zhé	35544	z-zh,c-ch	1
从教	cóng jiào	35547	c-ch,j-q-x	1
代售	dài shòu	35549	ai-ei,ao-ou,s-sh	1
地契	dì qì	35551	j-q-x	1
断肠	duàn cháng	35552	an-ang,uan-uang,c-ch	1
耳际	ěr jì	35553	j-q-x	1
贩黄	fàn huáng	35554	an-ang,uan-uang,h-f	1
飞红	fēi hóng	35555	ai-ei,h-f	1
奉还	fèng huán	35557	en-eng,uan-uang,h-f	1
敷设	fū shè	35558	s-sh,h-f	1
附表	fù biǎo	35559	h-f	1
根雕	gēn diāo	35560	en-eng	1
国宴	guó yàn	35564	an-ang,ua-uo	1
海产	hǎi chǎn	35565	an-ang,ai-ei,c-ch,h-f	1
寒热	hán rè	35566	an-ang,h-f,r-l	1
后娘	hòu niáng	35568	ian-iang,ao-ou,n-l,h-f	1
画匠	huà jiàng	35569	ian-iang,ua-uo,h-f,j-q-x	1
欢颜	huān yán	35570	an-ang,uan-uang,h-f	1
甲肝	jiǎ gān	35571	an-ang,ia-ie,j-q-x	1
校验	jiào yàn	35573	an-ang,j-q-x	1
借调	jiè diào	35575	ia-ie,j-q-x	1
借宿	jiè sù	35576	ia-ie,s-sh,j-q-x	1
晋职	jìn zhí	35577	in-ing,z-zh,j-q-x	1
静物	jìng wù	35578	in-ing,j-q-x	1
九泉	jiǔ quán	35579	uan-uang,j-q-x	1
军刀	jūn dāo	35581	ao-ou,j-q-x	1
龟裂	jūn liè	35582	ia-ie,n-l,r-l,j-q-x	1
开河	kāi hé	35583	ai-ei,h-f	1
狂怒	kuáng nù	35584	uan-uang,n-l	1
烙铁	lào tie	35587	ao-ou,ia-ie,n-l,r-l	1
冷天	lěng tiān	35588	en-eng,ian-iang,n-l,r-l	1
连理	lián lǐ	35589	ian-iang,n-l,r-l	1
陋室	lòu shì	35590	ao-ou,s-sh,n-l,r-l	1
摸准	mō zhǔn	35591	z-zh	1
旁顾	páng gù	35593	an-ang	1
喷漆	pēn qī	35594	en-eng,j-q-x	1
前缘	qián yuán	35598	ian-iang,uan-uang,j-q-x	1
青皮	qīng pí	35600	in-ing,j-q-x	1
泅水	qiú shuǐ	35601	s-sh,j-q-x	3
劝架	quàn jià	35602	uan-uang,ia-ie,j-q-x	1
群居	qún jū	35603	j-q-x	1
商情	shāng qíng	35604	in-ing,an-ang,s-sh,j-q-x	1
上油	shàng yóu	35605	an-ang,ao-ou,s-sh	1
慑于	shè yú	35606	s-sh	3
失和	shī hé	35607	s-sh,h-f	1
输家	shū jiā	35608	ia-ie,s-sh,j-q-x	1
竖琴	shù qín	35610	in-ing,s-sh,j-q-x	1
爽利	shuǎng lì	35612	uan-uang,s-sh,n-l,r-l	1
水獭	shuǐ tǎ	35613	s-sh	3
思谋	sī móu	35614	ao-ou,s-sh	1
死讯	sǐ xùn	35615	s-sh,j-q-x	1
塔吊	tǎ diào	35616		1
体改	tǐ gǎi	35618	ai-ei	1
条桌	tiáo zhuō	35621	ua-uo,z-zh	1
头饰	tóu shì	35622	ao-ou,s-sh	1
万代	wàn dài	35623	an-ang,ai-ei	1
卫道	wèi dào	35625	ai-ei,ao-ou	1
西裤	xī kù	35629	j-q-x	1
下生	xià shēng	35631	en-eng,ia-ie,s-sh,j-q-x	1
夏至	xià zhì	35632	ia-ie,z-zh,j-q-x	1
涎水	xián shuǐ	35633	ian-iang,s-sh,j-q-x	3
县份	xiàn fèn	35634	en-eng,ian-iang,h-f,j-q-x	1
限令	xiàn lìng	35635	in-ing,ian-iang,n-l,r-l,j-q-x	1
枭雄	xiāo xióng	35636	j-q-x	3
小脑	xiǎo nǎo	35637	ao-ou,n-l,j-q-x	1
星宿	xīng xiù	35642	in-ing,j-q-x	1
修女	xiū nǚ	35644	n-l,j-q-x	1
絮棉	xù mián	35645	ian-iang,j-q-x	1
哑铃	yǎ líng	35647	in-ing,n-l,r-l	1
义女	yì nǚ	35651	n-l	1
异心	yì xīn	35652	in-ing,j-q-x	1
姻亲	yīn qīn	35653	in-ing,j-q-x	1
圆筒	yuán tǒng	35656	uan-uang	1
晕船	yùn chuán	35657	uan-uang,c-ch	1
涨势	zhǎng shì	35659	an-ang,z-zh,s-sh	1
遮羞	zhē xiū	35661	z-zh,j-q-x	1
直拍	zhí pāi	35662	ai-ei,z-zh	1
钟摆	zhōng bǎi	35665	ai-ei,z-zh	1
衷肠	zhōng cháng	35666	an-ang,z-zh,c-ch	1
重拳	zhòng quán	35667	uan-uang,z-zh,j-q-x	1
追念	zhuī niàn	35668	ian-iang,z-zh,n-l	1
追赃	zhuī zāng	35669	an-ang,z-zh	1
总价	zǒng jià	35670	ia-ie,z-zh,j-q-x	1
包产	bāo chǎn	35671	an-ang,ao-ou,c-ch	1
保价	bǎo jià	35672	ao-ou,ia-ie,j-q-x	1
背带	bēi dài	35674	ai-ei	1
北周	běi zhōu	35675	ai-ei,ao-ou,z-zh	1
蹦极	bèng jí	35676	en-eng,j-q-x	1
便门	biàn mén	35678	en-eng,ian-iang	1
瘪三	biē sān	35679	an-ang,ia-ie,s-sh	1
采血	cǎi xiě	35683	ai-ei,ia-ie,c-ch,j-q-x	1
茶缸	chá gāng	35684	an-ang,c-ch	1
车架	chē jià	35685	ia-ie,c-ch,j-q-x	1
陈兵	chén bīng	35686	en-eng,in-ing,c-ch	1
重生	chóng shēng	35687	en-eng,c-ch,s-sh	1
出阵	chū zhèn	35689	en-eng,z-zh,c-ch	1
闯将	chuǎng jiàng	35690	ian-iang,uan-uang,c-ch,j-q-x	1
大跌	dà diē	35693	ia-ie	1
盗匪	dào fěi	35694	ai-ei,ao-ou,h-f	1
等分	děng fēn	35695	en-eng,h-f	1
短线	duǎn xiàn	35697	ian-iang,uan-uang,j-q-x	1
断线	duàn xiàn	35698	ian-iang,uan-uang,j-q-x	1
恩仇	ēn chóu	35700	en-eng,ao-ou,c-ch	1
翻耕	fān gēng	35702	en-eng,an-ang,h-f	1
返照	fǎn zhào	35703	an-ang,ao-ou,z-zh,h-f	1
浮屠	fú tú	35707	h-f	1
负数	fù shù	35708	s-sh,h-f	1
负心	fù xīn	35709	in-ing,h-f,j-q-x	1
该着	gāi zháo	35711	ai-ei,ao-ou,z-zh	1
刚直	gāng zhí	35712	an-ang,z-zh	1
钢钎	gāng qiān	35713	an-ang,ian-iang,j-q-x	3
羔子	gāo zi	35714	ao-ou,z-zh	1
隔日	gé rì	35715	r-l	1
合掌	hé zhǎng	35717	an-ang,z-zh,h-f	1
横财	hèng cái	35719	en-eng,ai-ei,c-ch,h-f	1
宏愿	hóng yuàn	35720	uan-uang,h-f	1
后日	hòu rì	35722	ao-ou,h-f,r-l	1
划拉	huá la	35723	ua-uo,n-l,h-f,r-l	1
画押	huà yā	35724	ua-uo,h-f	1
货摊	huò tān	35726	an-ang,ua-uo,h-f	1
机载	jī zài	35727	ai-ei,z-zh,j-q-x	1
假充	jiǎ chōng	35731	ia-ie,c-ch,j-q-x	1
贱民	jiàn mín	35732	in-ing,ian-iang,j-q-x	1
井架	jǐng jià	35734	in-ing,ia-ie,j-q-x	1
窘态	jiǒng tài	35735	ai-ei,j-q-x	1
聚落	jù luò	35738	ua-uo,n-l,r-l,j-q-x	1
开本	kāi běn	35739	en-eng,ai-ei	1
开膛	kāi táng	35740	an-ang,ai-ei	1
铠甲	kǎi jiǎ	35741	ai-ei,ia-ie,j-q-x	3
空腹	kōng fù	35742	h-f	1
蜡像	là xiàng	35744	ian-iang,n-l,r-l,j-q-x	1
琅琅	láng láng	35745	an-ang,n-l,r-l	1
老鸹	lǎo gua	35746	ao-ou,ua-uo,n-l,r-l	3
雷区	léi qū	35747	ai-ei,n-l,r-l,j-q-x	1
犁田	lí tián	35748	ian-iang,n-l,r-l	1
良友	liáng yǒu	35750	ian-iang,ao-ou,n-l,r-l	1
邻舍	lín shè	35751	in-ing,s-sh,n-l,r-l	1
流变	liú biàn	35752	ian-iang,n-l,r-l	1
马刀	mǎ dāo	35754	ao-ou	1
美意	měi yì	35757	ai-ei	1
末叶	mò yè	35760		1
暮气	mù qì	35761	j-q-x	1
内耗	nèi hào	35762	ai-ei,ao-ou,n-l,h-f	1
内敛	nèi liǎn	35763	ian-iang,ai-ei,n-l,r-l	1
呢绒	ní róng	35764	n-l,r-l	1
女红	nǚ gōng	35765	n-l	1
排印	pái yìn	35766	in-ing,ai-ei	1
票箱	piào xiāng	35767	ian-iang,j-q-x	1
七窍	qī qiào	35768	j-q-x	1
奇效	qí xiào	35769	j-q-x	1
清冽	qīng liè	35770	in-ing,ia-ie,n-l,r-l,j-q-x	3
清秋	qīng qiū	35771	in-ing,j-q-x	1
散放	sǎn fàng	35773	an-ang,s-sh,h-f	1
杀生	shā shēng	35775	en-eng,s-sh	1
山洼	shān wā	35776	an-ang,s-sh	1
扇动	shān dòng	35777	an-ang,s-sh	1
上座	shàng zuò	35779	an-ang,ua-uo,z-zh,s-sh	1
肾炎	shèn yán	35780	en-eng,an-ang,s-sh	1
胜率	shèng lǜ	35781	en-eng,s-sh,n-l,r-l	1
诗画	shī huà	35782	ua-uo,s-sh,h-f	1
守灵	shǒu líng	35783	in-ing,ao-ou,s-sh,n-l,r-l	1
刷洗	shuā xǐ	35785	ua-uo,s-sh,j-q-x	1
丝巾	sī jīn	35786	in-ing,s-sh,j-q-x	1
厮混	sī hùn	35787	s-sh,h-f	3
藤蔓	téng wàn	35788	en-eng,an-ang	1
体己	tī ji	35789	j-q-x	1
跳荡	tiào dàng	35792	an-ang	1
童稚	tóng zhì	35793	z-zh	1
投注	tóu zhù	35794	ao-ou,z-zh	1
吐口	tǔ kǒu	35795	ao-ou	1
西点	xī diǎn	35799	ian-iang,j-q-x	1
小姑	xiǎo gū	35801	j-q-x	1
效验	xiào yàn	35802	an-ang,j-q-x	1
行草	xíng cǎo	35803	in-ing,ao-ou,c-ch,j-q-x	1
朽木	xiǔ mù	35804	j-q-x	1
序跋	xù bá	35805	j-q-x	1
恹恹	yān yān	35806	an-ang	2
眼福	yǎn fú	35807	an-ang,h-f	1
洋装	yáng zhuāng	35808	an-ang,uan-uang,z-zh	1
银耳	yín ěr	35809	in-ing	1
拥塞	yōng sè	35811	s-sh	1
邮费	yóu fèi	35812	ai-ei,ao-ou,h-f	1
油管	yóu guǎn	35813	uan-uang,ao-ou	1
游资	yóu zī	35814	ao-ou,z-zh	1
遭难	zāo nàn	35815	an-ang,ao-ou,z-zh,n-l	1
枣红	zǎo hóng	35816	ao-ou,z-zh,h-f	1
长脸	zhǎng liǎn	35818	an-ang,ian-iang,z-zh,n-l,r-l	1
招贴	zhāo tiē	35819	ao-ou,ia-ie,z-zh	1
珍本	zhēn běn	35820	en-eng,z-zh	1
练摊	liàn tān	35821	an-ang,ian-iang,n-l,r-l	1
诊费	zhěn fèi	35822	en-eng,ai-ei,z-zh,h-f	1
枕巾	zhěn jīn	35823	en-eng,in-ing,z-zh,j-q-x	1
智障	zhì zhàng	35824	an-ang,z-zh	1
主桥	zhǔ qiáo	35825	z-zh,j-q-x	1
装箱	zhuāng xiāng	35826	ian-iang,uan-uang,z-zh,j-q-x	1
自决	zì jué	35827	z-zh,j-q-x	1
总目	zǒng mù	35828	z-zh	1
奏捷	zòu jié	35829	ao-ou,ia-ie,z-zh,j-q-x	1
癌变	ái biàn	35831	ian-iang,ai-ei	1
鼻祖	bí zǔ	35833	z-zh	1
长辞	cháng cí	35836	an-ang,c-ch	1
词藻	cí zǎo	35840	ao-ou,z-zh,c-ch	1
褡裢	dā lian	35841	ian-iang,n-l,r-l	2
丹参	dān shēn	35846	en-eng,an-ang,s-sh	1
倒扣	dào kòu	35847	ao-ou	1
道观	dào guàn	35848	uan-uang,ao-ou	1
在在	zài zài	35849	ai-ei,z-zh	1
发怵	fā chù	35850	c-ch,h-f	3
等额	děng é	35851	en-eng	1
地府	dì fǔ	35852	h-f	1
鼎立	dǐng lì	35853	in-ing,n-l,r-l	1
定编	dìng biān	35854	in-ing,ian-iang	1
豆奶	dòu nǎi	35855	ai-ei,ao-ou,n-l	1
法场	fǎ chǎng	35857	an-ang,c-ch,h-f	1
翻弄	fān nòng	35858	an-ang,n-l,h-f	1
反衬	fǎn chèn	35859	en-eng,an-ang,c-ch,h-f	1
飞落	fēi luò	35860	ai-ei,ua-uo,n-l,h-f,r-l	1
奋击	fèn jī	35861	en-eng,h-f,j-q-x	1
伏天	fú tiān	35864	ian-iang,h-f	1
洪荒	hóng huāng	35871	uan-uang,h-f	1
欢宴	huān yàn	35873	an-ang,uan-uang,h-f	1
煌煌	huáng huáng	35874	uan-uang,h-f	1
挥师	huī shī	35875	s-sh,h-f	1
机修	jī xiū	35876	j-q-x	1
鸡雏	jī chú	35877	c-ch,j-q-x	1
急遽	jí jù	35878	j-q-x	3
记名	jì míng	35879	in-ing,j-q-x	1
奸党	jiān dǎng	35880	an-ang,ian-iang,j-q-x	1
脚气	jiǎo qì	35882	j-q-x	1
介乎	jiè hū	35883	ia-ie,h-f,j-q-x	1
惊蛰	jīng zhé	35884	in-ing,z-zh,j-q-x	3
叩谢	kòu xiè	35887	ao-ou,ia-ie,j-q-x	1
愧色	kuì sè	35888	s-sh	1
历数	lì shǔ	35891	s-sh,n-l,r-l	1
留洋	liú yáng	35895	an-ang,n-l,r-l	1
绿野	lǜ yě	35896	n-l,r-l	1
螺纹	luó wén	35897	en-eng,ua-uo,n-l,r-l	1
麻辣	má là	35898	n-l,r-l	1
马扎	mǎ zhá	35899	z-zh	1
毛坯	máo pī	35901	ao-ou	1
南头	nán tóu	35904	an-ang,ao-ou,n-l	1
年历	nián lì	35905	ian-iang,n-l,r-l	1
扭送	niǔ sòng	35906	s-sh,n-l	1
噼啪	pī pā	35908		3
偏师	piān shī	35909	ian-iang,s-sh	1
笸箩	pǒ luo	35910	ua-uo,n-l,r-l	3
岂但	qǐ dàn	35912	an-ang,j-q-x	1
前汉	qián hàn	35916	an-ang,ian-iang,h-f,j-q-x	1
勤杂	qín zá	35917	in-ing,z-zh,j-q-x	1
轻飘	qīng piāo	35918	in-ing,j-q-x	1
轻舟	qīng zhōu	35919	in-ing,ao-ou,z-zh,j-q-x	1
趋紧	qū jǐn	35922	in-ing,j-q-x	1
泉源	quán yuán	35923	uan-uang,j-q-x	1
散见	sǎn jiàn	35926	an-ang,ian-iang,s-sh,j-q-x	1
上纲	shàng gāng	35929	an-ang,s-sh	1
尚可	shàng kě	35931	an-ang,s-sh	1
失禁	shī jìn	35932	in-ing,s-sh,j-q-x	1
识货	shí huò	35934	ua-uo,s-sh,h-f	1
守土	shǒu tǔ	35935	ao-ou,s-sh	1
水母	shuǐ mǔ	35936	s-sh	1
顺境	shùn jìng	35937	in-ing,s-sh,j-q-x	1
素称	sù chēng	35938	en-eng,c-ch,s-sh	1
填词	tián cí	35940	ian-iang,c-ch	1
同岁	tóng suì	35941	s-sh	1
铜丝	tóng sī	35942	s-sh	1
乌亮	wū liàng	35946	ian-iang,n-l,r-l	1
稀客	xī kè	35947	j-q-x	1
馅儿	xiàn er	35949	ian-iang,j-q-x	1
行期	xíng qī	35953	in-ing,j-q-x	1
行止	xíng zhǐ	35954	in-ing,z-zh,j-q-x	1
削发	xuē fà	35955	h-f,j-q-x	1
雪野	xuě yě	35956	j-q-x	1
眼药	yǎn yào	35959	an-ang,ao-ou	1
妖冶	yāo yě	35960	ao-ou	1
英杰	yīng jié	35964	in-ing,ia-ie,j-q-x	1
邮路	yóu lù	35966	ao-ou,n-l,r-l	1
越狱	yuè yù	35968		1
蕴蓄	yùn xù	35970	j-q-x	1
遭罪	zāo zuì	35971	ao-ou,z-zh	1
贼人	zéi rén	35972	en-eng,ai-ei,z-zh,r-l	1
砧木	zhēn mù	35974	en-eng,z-zh	3
正步	zhèng bù	35975	en-eng,z-zh	1
自勉	zì miǎn	35979	ian-iang,z-zh	1
总机	zǒng jī	35980	z-zh,j-q-x	1
傲骨	ào gǔ	35981	ao-ou	1
班房	bān fáng	35982	an-ang,h-f	1
瓣儿	bàn er	35983	an-ang	1
包管	bāo guǎn	35984	uan-uang,ao-ou	1
暴晒	bào shài	35985	ai-ei,ao-ou,s-sh	1
病容	bìng róng	35987	in-ing,r-l	1
草签	cǎo qiān	35989	ian-iang,ao-ou,c-ch,j-q-x	1
拆台	chāi tái	35990	ai-ei,c-ch	1
超长	chāo cháng	35991	an-ang,ao-ou,c-ch	1
怆然	chuàng rán	35992	an-ang,uan-uang,c-ch,r-l	3
单色	dān sè	35996	an-ang,s-sh	1
稻穗	dào suì	35997	ao-ou,s-sh	1
癫狂	diān kuáng	35998	ian-iang,uan-uang	3
定级	dìng jí	36001	in-ing,j-q-x	1
定计	dìng jì	36002	in-ing,j-q-x	1
毒杀	dú shā	36003	s-sh	1
耳房	ěr fáng	36004	an-ang,h-f	1
翻天	fān tiān	36006	an-ang,ian-iang,h-f	1
方剂	fāng jì	36007	an-ang,h-f,j-q-x	1
封装	fēng zhuāng	36008	en-eng,uan-uang,z-zh,h-f	1
肝火	gān huǒ	36009	an-ang,ua-uo,h-f	1
歌子	gē zi	36012	z-zh	1
梗死	gěng sǐ	36014	en-eng,s-sh	1
弓弦	gōng xián	36015	ian-iang,j-q-x	1
公议	gōng yì	36016		1
规约	guī yuē	36019		1
桂圆	guì yuán	36020	uan-uang	1
号叫	háo jiào	36022	ao-ou,h-f,j-q-x	1
哄传	hōng chuán	36024	uan-uang,c-ch,h-f	1
护坡	hù pō	36025	h-f	1
环生	huán shēng	36027	en-eng,uan-uang,s-sh,h-f	1
会标	huì biāo	36028	h-f	1
击水	jī shuǐ	36029	s-sh,j-q-x	1
机头	jī tóu	36030	ao-ou,j-q-x	1
疾速	jí sù	36031	s-sh,j-q-x	1
计酬	jì chóu	36032	ao-ou,c-ch,j-q-x	1
假名	jiǎ míng	36033	in-ing,ia-ie,j-q-x	1
叫驴	jiào lǘ	36037	n-l,r-l,j-q-x	1
竞渡	jìng dù	36039	in-ing,j-q-x	1
揩油	kāi yóu	36041	ai-ei,ao-ou	1
可欺	kě qī	36043	j-q-x	1
坑洼	kēng wā	36044	en-eng	1
空余	kòng yú	36045		1
快信	kuài xìn	36046	in-ing,j-q-x	1
矿渣	kuàng zhā	36047	uan-uang,z-zh	1
来料	lái liào	36048	ai-ei,n-l,r-l	1
擂主	lèi zhǔ	36049	ai-ei,z-zh,n-l,r-l	1
淋病	lìn bìng	36050	in-ing,n-l,r-l	1
末世	mò shì	36053	s-sh	1
男声	nán shēng	36054	en-eng,an-ang,s-sh,n-l	1
内画	nèi huà	36055	ai-ei,ua-uo,n-l,h-f	1
尿盆	niào pén	36056	en-eng,n-l	1
凝思	níng sī	36057	in-ing,s-sh,n-l	1
皮条	pí tiáo	36059		1
辟谣	pì yáo	36060	ao-ou	1
拼盘	pīn pán	36061	in-ing,an-ang	1
平摊	píng tān	36062	in-ing,an-ang	1
平展	píng zhǎn	36063	in-ing,an-ang,z-zh	1
奇幻	qí huàn	36064	uan-uang,h-f,j-q-x	1
歧路	qí lù	36065	n-l,r-l,j-q-x	1
骑警	qí jǐng	36066	in-ing,j-q-x	1
虔敬	qián jìng	36068	in-ing,ian-iang,j-q-x	3
请便	qǐng biàn	36069	in-ing,ian-iang,j-q-x	1
求全	qiú quán	36070	uan-uang,j-q-x	1
确系	què xì	36071	j-q-x	1
沙砾	shā lì	36072	s-sh,n-l,r-l	1
深谈	shēn tán	36073	en-eng,an-ang,s-sh	1
生涩	shēng sè	36074	en-eng,s-sh	1
世交	shì jiāo	36076	s-sh,j-q-x	1
受凉	shòu liáng	36077	ian-iang,ao-ou,s-sh,n-l,r-l	1
双关	shuāng guān	36078	uan-uang,s-sh	1
松针	sōng zhēn	36079	en-eng,z-zh,s-sh	1
平调	píng diào	36080	in-ing	1
弹词	tán cí	36082	an-ang,c-ch	1
剃刀	tì dāo	36084	ao-ou	1
条规	tiáo guī	36085		1
问句	wèn jù	36087	en-eng,j-q-x	1
午前	wǔ qián	36088	ian-iang,j-q-x	1
洗尘	xǐ chén	36090	en-eng,c-ch,j-q-x	1
下嫁	xià jià	36091	ia-ie,j-q-x	1
闲气	xián qì	36092	ian-iang,j-q-x	1
嫌隙	xián xì	36093	ian-iang,j-q-x	1
显灵	xiǎn líng	36094	in-ing,ian-iang,n-l,r-l,j-q-x	1
信鸽	xìn gē	36096	in-ing,j-q-x	1
嘘声	xū shēng	36098	en-eng,s-sh,j-q-x	3
血样	xuè yàng	36099	an-ang,j-q-x	1
炎夏	yán xià	36101	an-ang,ia-ie,j-q-x	1
阳沟	yáng gōu	36103	an-ang,ao-ou	1
洋槐	yáng huái	36104	an-ang,h-f	1
洋铁	yáng tiě	36105	an-ang,ia-ie	1
腰斩	yāo zhǎn	36107	an-ang,ao-ou,z-zh	1
叶脉	yè mài	36108	ai-ei	1
夜航	yè háng	36109	an-ang,h-f	1
衣钵	yī bō	36111		3
义勇	yì yǒng	36113		1
译音	yì yīn	36114	in-ing	1
意译	yì yì	36115		1
阴魂	yīn hún	36117	in-ing,h-f	1
饮泣	yǐn qì	36118	in-ing,j-q-x	1
渔具	yú jù	36119	j-q-x	1
圆通	yuán tōng	36120	uan-uang	1
远客	yuǎn kè	36121	uan-uang	1
远路	yuǎn lù	36122	uan-uang,n-l,r-l	1
早恋	zǎo liàn	36123	ian-iang,ao-ou,z-zh,n-l,r-l	1
贼亮	zéi liàng	36124	ian-iang,ai-ei,z-zh,n-l,r-l	1
赠予	zèng yǔ	36125	en-eng,z-zh	1
找死	zhǎo sǐ	36126	ao-ou,z-zh,s-sh	1
挚情	zhì qíng	36128	in-ing,z-zh,j-q-x	1
竹布	zhú bù	36129	z-zh	1
装病	zhuāng bìng	36130	in-ing,uan-uang,z-zh	1
锥形	zhuī xíng	36131	in-ing,z-zh,j-q-x	1
罪魁	zuì kuí	36134	z-zh	1
尊号	zūn hào	36135	ao-ou,z-zh,h-f	1
瓣膜	bàn mó	36137	an-ang	1
报丧	bào sāng	36138	an-ang,ao-ou,s-sh	1
本题	běn tí	36139	en-eng	1
鼻血	bí xuè	36140	j-q-x	1
鼻烟	bí yān	36141	an-ang	1
爱巢	ài cháo	36142	ai-ei,ao-ou,c-ch	1
别传	bié zhuàn	36143	uan-uang,ia-ie,z-zh	1
长笛	cháng dí	36146	an-ang,c-ch	1
畅叙	chàng xù	36147	an-ang,c-ch,j-q-x	1
迟暮	chí mù	36148	c-ch	1
储运	chǔ yùn	36149	c-ch	1
春晖	chūn huī	36150	c-ch,h-f	5
糍粑	cí bā	36151	c-ch	2
搭客	dā kè	36152		1
党徽	dǎng huī	36154	an-ang,h-f	1
倒贴	dào tiē	36155	ao-ou,ia-ie	1
兜风	dōu fēng	36157	en-eng,ao-ou,h-f	1
毒液	dú yè	36158		1
墩子	dūn zi	36160	z-zh	1
扼制	è zhì	36161	z-zh	1
恩泽	ēn zé	36162	en-eng,z-zh	1
返城	fǎn chéng	36163	en-eng,an-ang,c-ch,h-f	1
犯傻	fàn shǎ	36164	an-ang,s-sh,h-f	1
防污	fáng wū	36165	an-ang,h-f	1
房颤	fáng chàn	36166	an-ang,c-ch,h-f	1
纺线	fǎng xiàn	36167	an-ang,ian-iang,h-f,j-q-x	1
坟场	fén chǎng	36168	en-eng,an-ang,c-ch,h-f	1
粉皮	fěn pí	36169	en-eng,h-f	1
甘美	gān měi	36171	an-ang,ai-ei	1
果酱	guǒ jiàng	36175	ian-iang,ua-uo,j-q-x	1
侯爵	hóu jué	36178	ao-ou,h-f,j-q-x	1
花呢	huā ní	36179	ua-uo,n-l,h-f	1
黄疸	huáng dǎn	36181	an-ang,uan-uang,h-f	3
黄芪	huáng qí	36182	uan-uang,h-f,j-q-x	3
昏沉	hūn chén	36184	en-eng,c-ch,h-f	1
活泛	huó fan	36185	an-ang,ua-uo,h-f	1
家私	jiā sī	36186	ia-ie,s-sh,j-q-x	1
尖酸	jiān suān	36187	ian-iang,uan-uang,s-sh,j-q-x	1
斤两	jīn liǎng	36188	in-ing,ian-iang,n-l,r-l,j-q-x	1
京腔	jīng qiāng	36189	in-ing,ian-iang,j-q-x	1
粳米	jīng mǐ	36190	in-ing,j-q-x	3
炕席	kàng xí	36193	an-ang,j-q-x	1
块头	kuài tóu	36194	ao-ou	1
兰草	lán cǎo	36195	an-ang,ao-ou,c-ch,n-l,r-l	1
零用	líng yòng	36200	in-ing,n-l,r-l	1
律己	lǜ jǐ	36202	n-l,r-l,j-q-x	1
明澈	míng chè	36207	in-ing,c-ch	1
墨宝	mò bǎo	36208	ao-ou	1
木排	mù pái	36209	ai-ei	1
目测	mù cè	36210	c-ch	1
南戏	nán xì	36212	an-ang,n-l,j-q-x	1
酿制	niàng zhì	36213	ian-iang,z-zh,n-l	1
爬虫	pá chóng	36214	c-ch	1
烹制	pēng zhì	36216	en-eng,z-zh	1
扑空	pū kōng	36218		1
扑簌	pū sù	36219	s-sh	3
气门	qì mén	36220	en-eng,j-q-x	1
前兆	qián zhào	36221	ian-iang,ao-ou,z-zh,j-q-x	1
情商	qíng shāng	36222	in-ing,an-ang,s-sh,j-q-x	1
穷根	qióng gēn	36223	en-eng,j-q-x	1
缺阵	quē zhèn	36224	en-eng,z-zh,j-q-x	1
肉感	ròu gǎn	36225	an-ang,ao-ou,r-l	1
肉票	ròu piào	36226	ao-ou,r-l	1
入伙	rù huǒ	36227	ua-uo,h-f,r-l	1
沙柳	shā liǔ	36228	s-sh,n-l,r-l	1
舍下	shè xià	36229	ia-ie,s-sh,j-q-x	1
身孕	shēn yùn	36230	en-eng,s-sh	1
省府	shěng fǔ	36232	en-eng,s-sh,h-f	1
事主	shì zhǔ	36235	z-zh,s-sh	1
树葬	shù zàng	36236	an-ang,z-zh,s-sh	1
爽性	shuǎng xìng	36237	in-ing,uan-uang,s-sh,j-q-x	1
偷猎	tōu liè	36238	ao-ou,ia-ie,n-l,r-l	1
王权	wáng quán	36239	an-ang,uan-uang,j-q-x	1
卫护	wèi hù	36241	ai-ei,h-f	1
无疆	wú jiāng	36242	ian-iang,j-q-x	1
误判	wù pàn	36243	an-ang	1
下厨	xià chú	36246	ia-ie,c-ch,j-q-x	1
下界	xià jiè	36247	ia-ie,j-q-x	1
祥瑞	xiáng ruì	36249	ian-iang,r-l,j-q-x	1
校址	xiào zhǐ	36252	z-zh,j-q-x	1
信物	xìn wù	36253	in-ing,j-q-x	1
行好	xíng hǎo	36254	in-ing,ao-ou,h-f,j-q-x	1
形影	xíng yǐng	36255	in-ing,j-q-x	1
袖筒	xiù tǒng	36256	j-q-x	1
血库	xuè kù	36259	j-q-x	1
养路	yǎng lù	36262	an-ang,n-l,r-l	1
要隘	yào ài	36263	ai-ei,ao-ou	1
应和	yìng hè	36264	in-ing,h-f	1
优伶	yōu líng	36265	in-ing,ao-ou,n-l,r-l	1
早产	zǎo chǎn	36270	an-ang,ao-ou,z-zh,c-ch	1
毡房	zhān fáng	36271	an-ang,z-zh,h-f	1
战报	zhàn bào	36272	an-ang,ao-ou,z-zh	1
战史	zhàn shǐ	36273	an-ang,z-zh,s-sh	1
政敌	zhèng dí	36275	en-eng,z-zh	1
指斥	zhǐ chì	36276	z-zh,c-ch	1
仲秋	zhòng qiū	36279	z-zh,j-q-x	1
竹排	zhú pái	36280	ai-ei,z-zh	1
转暖	zhuǎn nuǎn	36282	uan-uang,z-zh,n-l	1
状貌	zhuàng mào	36283	uan-uang,ao-ou,z-zh	1
卓然	zhuó rán	36284	an-ang,ua-uo,z-zh,r-l	1
字纸	zì zhǐ	36286	z-zh	1
截屏	jié píng	36287	in-ing,ia-ie,j-q-x	1
总括	zǒng kuò	36288	ua-uo,z-zh	1
阻截	zǔ jié	36289	ia-ie,z-zh,j-q-x	1
标底	biāo dǐ	36295		1
差劲	chà jìn	36299	in-ing,c-ch,j-q-x	1
尘肺	chén fèi	36300	en-eng,ai-ei,c-ch,h-f	1
撑船	chēng chuán	36301	en-eng,uan-uang,c-ch	1
呈送	chéng sòng	36302	en-eng,c-ch,s-sh	1
吃斋	chī zhāi	36303	ai-ei,z-zh,c-ch	1
迟误	chí wù	36304	c-ch	1
抽验	chōu yàn	36305	an-ang,ao-ou,c-ch	1
丑剧	chǒu jù	36306	ao-ou,c-ch,j-q-x	1
出落	chū luo	36307	ua-uo,c-ch,n-l,r-l	1
传感	chuán gǎn	36309	an-ang,uan-uang,c-ch	1
瓷瓶	cí píng	36311	in-ing,c-ch	1
打战	dǎ zhàn	36313	an-ang,z-zh	1
得计	dé jì	36317	j-q-x	1
灯花	dēng huā	36318	en-eng,ua-uo,h-f	1
殿后	diàn hòu	36320	ian-iang,ao-ou,h-f	1
顶嘴	dǐng zuǐ	36321	in-ing,z-zh	1
恶浪	è làng	36322	an-ang,n-l,r-l	1
恶俗	è sú	36323	s-sh	1
夫君	fū jūn	36327	h-f,j-q-x	1
付与	fù yǔ	36328	h-f	1
钢坯	gāng pī	36329	an-ang	1
高峻	gāo jùn	36330	ao-ou,j-q-x	1
苟活	gǒu huó	36331	ao-ou,ua-uo,h-f	1
雇请	gù qǐng	36333	in-ing,j-q-x	1
怪笑	guài xiào	36334	j-q-x	1
盥洗	guàn xǐ	36335	uan-uang,j-q-x	3
过午	guò wǔ	36338	ua-uo	1
核素	hé sù	36340	s-sh,h-f	1
呼哧	hū chī	36341	c-ch,h-f	3
活络	huó luò	36342	ua-uo,n-l,h-f,r-l	1
几时	jǐ shí	36344	s-sh,j-q-x	1
加仑	jiā lún	36345	ia-ie,n-l,r-l,j-q-x	1
劫夺	jié duó	36347	ia-ie,ua-uo,j-q-x	1
结语	jié yǔ	36348	ia-ie,j-q-x	1
解劝	jiě quàn	36349	uan-uang,ia-ie,j-q-x	1
进占	jìn zhàn	36350	in-ing,an-ang,z-zh,j-q-x	1
京派	jīng pài	36351	in-ing,ai-ei,j-q-x	1
据传	jù chuán	36352	uan-uang,c-ch,j-q-x	1
枯槁	kū gǎo	36353	ao-ou	3
狂躁	kuáng zào	36354	uan-uang,ao-ou,z-zh	1
矿泉	kuàng quán	36355	uan-uang,j-q-x	1
黎民	lí mín	36359	in-ing,n-l,r-l	1
里子	lǐ zi	36360	z-zh,n-l,r-l	1
立夏	lì xià	36361	ia-ie,n-l,r-l,j-q-x	1
利尿	lì niào	36362	n-l,r-l	1
落山	luò shān	36363	an-ang,ua-uo,s-sh,n-l,r-l	1
麦片	mài piàn	36364	ian-iang,ai-ei	1
面团	miàn tuán	36367	ian-iang,uan-uang	1
名品	míng pǐn	36368	in-ing	1
名手	míng shǒu	36369	in-ing,ao-ou,s-sh	1
拟人	nǐ rén	36370	en-eng,n-l,r-l	1
怕事	pà shì	36371	s-sh	1
扑打	pū dǎ	36372		1
前腿	qián tuǐ	36374	ian-iang,j-q-x	1
切花	qiē huā	36376	ia-ie,ua-uo,h-f,j-q-x	1
青果	qīng guǒ	36377	in-ing,ua-uo,j-q-x	1
青灰	qīng huī	36378	in-ing,h-f,j-q-x	1
屈尊	qū zūn	36379	z-zh,j-q-x	1
趋附	qū fù	36380	h-f,j-q-x	1
撒网	sā wǎng	36381	an-ang,s-sh	1
丧偶	sàng ǒu	36382	an-ang,ao-ou,s-sh	1
搔痒	sāo yǎng	36383	an-ang,ao-ou,s-sh	1
稍许	shāo xǔ	36385	ao-ou,s-sh,j-q-x	1
师友	shī yǒu	36387	ao-ou,s-sh	1
实数	shí shù	36388	s-sh	1
拾零	shí líng	36389	in-ing,s-sh,n-l,r-l	1
手雷	shǒu léi	36390	ai-ei,ao-ou,s-sh,n-l,r-l	1
售卖	shòu mài	36391	ai-ei,ao-ou,s-sh	1
秫秸	shú jie	36392	ia-ie,s-sh,j-q-x	3
耍赖	shuǎ lài	36393	ai-ei,ua-uo,s-sh,n-l,r-l	1
税后	shuì hòu	36394	ao-ou,s-sh,h-f	1
梭镖	suō biāo	36396	ua-uo,s-sh	3
塔林	tǎ lín	36397	in-ing,n-l,r-l	1
钛白	tài bái	36398	ai-ei	3
田螺	tián luó	36399	ian-iang,ua-uo,n-l,r-l	1
停飞	tíng fēi	36400	in-ing,ai-ei,h-f	1
同理	tóng lǐ	36401	n-l,r-l	1
头绳	tóu shéng	36402	en-eng,ao-ou,s-sh	1
投送	tóu sòng	36403	ao-ou,s-sh	1
荼毒	tú dú	36404		3
脱稿	tuō gǎo	36406	ao-ou,ua-uo	1
妄动	wàng dòng	36408	an-ang	1
倭瓜	wō guā	36409	ua-uo	3
消气	xiāo qì	36411	j-q-x	1
楔子	xiē zi	36412	ia-ie,z-zh,j-q-x	3
挟带	xié dài	36413	ai-ei,ia-ie,j-q-x	1
卸载	xiè zài	36414	ai-ei,ia-ie,z-zh,j-q-x	1
信风	xìn fēng	36416	en-eng,in-ing,h-f,j-q-x	1
兄嫂	xiōng sǎo	36417	ao-ou,s-sh,j-q-x	1
袖标	xiù biāo	36418	j-q-x	1
绣鞋	xiù xié	36419	ia-ie,j-q-x	1
虚度	xū dù	36420	j-q-x	1
血书	xuè shū	36421	s-sh,j-q-x	1
言教	yán jiào	36422	an-ang,j-q-x	1
养畜	yǎng xù	36423	an-ang,j-q-x	1
野营	yě yíng	36426	in-ing	1
胰子	yí zi	36427	z-zh	1
疑忌	yí jì	36428	j-q-x	1
轶闻	yì wén	36429	en-eng	3
肄业	yì yè	36430		3
用做	yòng zuò	36431	ua-uo,z-zh	1
玉镯	yù zhuó	36433	ua-uo,z-zh	3
预热	yù rè	36434	r-l	1
岳丈	yuè zhàng	36435	an-ang,z-zh	1
贼心	zéi xīn	36436	in-ing,ai-ei,z-zh,j-q-x	1
增刊	zēng kān	36437	en-eng,an-ang,z-zh	1
赠言	zèng yán	36438	en-eng,an-ang,z-zh	1
正告	zhèng gào	36440	en-eng,ao-ou,z-zh	1
政教	zhèng jiào	36441	en-eng,z-zh,j-q-x	1
症候	zhèng hòu	36442	en-eng,ao-ou,z-zh,h-f	1
治世	zhì shì	36443	z-zh,s-sh	1
致哀	zhì āi	36444	ai-ei,z-zh	1
肿块	zhǒng kuài	36445	z-zh	1
赘述	zhuì shù	36446	z-zh,s-sh	1
族谱	zú pǔ	36450	z-zh	1
纂修	zuǎn xiū	36451	uan-uang,z-zh,j-q-x	3
作梗	zuò gěng	36452	en-eng,ua-uo,z-zh	1
板斧	bǎn fǔ	36454	an-ang,h-f	1
潮涌	cháo yǒng	36461	ao-ou,c-ch	1
重奏	chóng zòu	36462	ao-ou,z-zh,c-ch	1
葱花	cōng huā	36463	ua-uo,c-ch,h-f	1
粗黑	cū hēi	36464	ai-ei,c-ch,h-f	1
粗疏	cū shū	36465	c-ch,s-sh	1
答礼	dá lǐ	36466	n-l,r-l	1
导论	dǎo lùn	36469	ao-ou,n-l,r-l	1
倒票	dǎo piào	36470	ao-ou	1
倒转	dào zhuǎn	36471	uan-uang,ao-ou,z-zh	1
嫡系	dí xì	36472	j-q-x	3
叠翠	dié cuì	36474	ia-ie,c-ch	1
洞穿	dòng chuān	36475	uan-uang,c-ch	1
洞天	dòng tiān	36476	ian-iang	1
斗气	dòu qì	36477	ao-ou,j-q-x	1
豆荚	dòu jiá	36478	ao-ou,ia-ie,j-q-x	3
蛾子	é zi	36479	z-zh	1
法式	fǎ shì	36480	s-sh,h-f	1
反串	fǎn chuàn	36481	an-ang,uan-uang,c-ch,h-f	1
肥效	féi xiào	36482	ai-ei,h-f,j-q-x	1
分毫	fēn háo	36483	en-eng,ao-ou,h-f	1
分赃	fēn zāng	36484	en-eng,an-ang,z-zh,h-f	1
坟茔	fén yíng	36485	en-eng,in-ing,h-f	3
粪堆	fèn duī	36486	en-eng,h-f	1
蜂巢	fēng cháo	36488	en-eng,ao-ou,c-ch,h-f	1
蜂王	fēng wáng	36489	en-eng,an-ang,h-f	1
奉调	fèng diào	36490	en-eng,h-f	1
佛殿	fó diàn	36491	ian-iang,h-f	1
覆没	fù mò	36492	h-f	1
干洗	gān xǐ	36493	an-ang,j-q-x	1
告竣	gào jùn	36495	ao-ou,j-q-x	1
耿耿	gěng gěng	36497	en-eng	1
谷雨	gǔ yǔ	36499		1
官署	guān shǔ	36500	uan-uang,s-sh	1
合于	hé yú	36502	h-f	1
和好	hé hǎo	36503	ao-ou,h-f	1
河槽	hé cáo	36504	ao-ou,c-ch,h-f	1
后舱	hòu cāng	36505	an-ang,ao-ou,c-ch,h-f	1
划子	huá zi	36507	ua-uo,z-zh,h-f	1
黄了	huáng le	36511	uan-uang,n-l,h-f,r-l	1
极光	jí guāng	36512	uan-uang,j-q-x	1
假球	jiǎ qiú	36514	ia-ie,j-q-x	1
劫数	jié shù	36515	ia-ie,s-sh,j-q-x	1
狙击	jū jī	36516	j-q-x	3
爵位	jué wèi	36517	ai-ei,j-q-x	1
装熊	zhuāng xióng	36519	uan-uang,z-zh,j-q-x	1
君临	jūn lín	36520	in-ing,n-l,r-l,j-q-x	1
美甲	měi jiǎ	36522	ai-ei,ia-ie,j-q-x	1
夸口	kuā kǒu	36523	ao-ou,ua-uo	1
拉网	lā wǎng	36526	an-ang,n-l,r-l	1
冷宫	lěng gōng	36528	en-eng,n-l,r-l	1
良宵	liáng xiāo	36529	ian-iang,n-l,r-l,j-q-x	1
聊以	liáo yǐ	36530	n-l,r-l	1
裂化	liè huà	36531	ia-ie,ua-uo,n-l,h-f,r-l	1
路牌	lù pái	36533	ai-ei,n-l,r-l	1
卖乖	mài guāi	36535	ai-ei	1
闷坐	mèn zuò	36537	en-eng,ua-uo,z-zh	1
目力	mù lì	36538	n-l,r-l	1
内中	nèi zhōng	36539	ai-ei,z-zh,n-l	1
袅娜	niǎo nuó	36540	ua-uo,n-l	3
怒潮	nù cháo	36541	ao-ou,c-ch,n-l	1
期中	qī zhōng	36542	z-zh,j-q-x	1
祈愿	qí yuàn	36543	uan-uang,j-q-x	1
签收	qiān shōu	36544	ian-iang,ao-ou,s-sh,j-q-x	1
潜流	qián liú	36545	ian-iang,n-l,r-l,j-q-x	1
穹顶	qióng dǐng	36546	in-ing,j-q-x	3
遒劲	qiú jìng	36547	in-ing,j-q-x	3
曲面	qū miàn	36548	ian-iang,j-q-x	1
取火	qǔ huǒ	36549	ua-uo,h-f,j-q-x	1
全名	quán míng	36550	in-ing,uan-uang,j-q-x	1
拳术	quán shù	36551	uan-uang,s-sh,j-q-x	1
荏苒	rěn rǎn	36553	en-eng,an-ang,r-l	2
肉搏	ròu bó	36554	ao-ou,r-l	1
辱没	rǔ mò	36555	r-l	1
三相	sān xiāng	36556	an-ang,ian-iang,s-sh,j-q-x	1
盛誉	shèng yù	36559	en-eng,s-sh	1
识趣	shí qù	36560	s-sh,j-q-x	1
试纸	shì zhǐ	36561	z-zh,s-sh	1
收纳	shōu nà	36562	ao-ou,s-sh,n-l	1
首功	shǒu gōng	36564	ao-ou,s-sh	1
水房	shuǐ fáng	36565	an-ang,s-sh,h-f	1
特指	tè zhǐ	36567	z-zh	1
腾跃	téng yuè	36568	en-eng	1
甜食	tián shí	36572	ian-iang,s-sh	1
童声	tóng shēng	36573	en-eng,s-sh	1
瓦工	wǎ gōng	36576		1
外院	wài yuàn	36577	uan-uang,ai-ei	1
晚熟	wǎn shú	36578	an-ang,s-sh	1
吸力	xī lì	36582	n-l,r-l,j-q-x	1
下怀	xià huái	36583	ia-ie,h-f,j-q-x	1
相好	xiāng hǎo	36584	ian-iang,ao-ou,h-f,j-q-x	1
心包	xīn bāo	36586	in-ing,ao-ou,j-q-x	1
药性	yào xìng	36587	in-ing,ao-ou,j-q-x	1
易爆	yì bào	36591	ao-ou	1
音质	yīn zhì	36592	in-ing,z-zh	1
永诀	yǒng jué	36594	j-q-x	1
咏叹	yǒng tàn	36595	an-ang	1
有生	yǒu shēng	36596	en-eng,ao-ou,s-sh	1
鱼皮	yú pí	36597		1
月宫	yuè gōng	36598		1
遭劫	zāo jié	36599	ao-ou,ia-ie,z-zh,j-q-x	1
造次	zào cì	36600	ao-ou,z-zh,c-ch	1
造影	zào yǐng	36601	in-ing,ao-ou,z-zh	1
斋戒	zhāi jiè	36602	ai-ei,ia-ie,z-zh,j-q-x	1
樟木	zhāng mù	36603	an-ang,z-zh	1
正果	zhèng guǒ	36605	en-eng,ua-uo,z-zh	1
中气	zhōng qì	36606	z-zh,j-q-x	1
周详	zhōu xiáng	36607	ian-iang,ao-ou,z-zh,j-q-x	1
周遭	zhōu zāo	36608	ao-ou,z-zh	1
壮健	zhuàng jiàn	36611	ian-iang,uan-uang,z-zh,j-q-x	1
案由	àn yóu	36614	an-ang,ao-ou	1
败家	bài jiā	36617	ai-ei,ia-ie,j-q-x	1
胞弟	bāo dì	36618	ao-ou	1
碑石	bēi shí	36619	ai-ei,s-sh	1
备件	bèi jiàn	36621	ian-iang,ai-ei,j-q-x	1
笔耕	bǐ gēng	36623	en-eng	1
别针	bié zhēn	36624	en-eng,ia-ie,z-zh	1
秉笔	bǐng bǐ	36625	in-ing	1
菜色	cài sè	36628	ai-ei,c-ch,s-sh	1
侧柏	cè bǎi	36629	ai-ei,c-ch	1
车轴	chē zhóu	36631	ao-ou,z-zh,c-ch	1
触须	chù xū	36632	c-ch,j-q-x	1
从略	cóng lüè	36633	c-ch,n-l,r-l	1
搭伙	dā huǒ	36634	ua-uo,h-f	1
打拼	dǎ pīn	36635	in-ing	1
导报	dǎo bào	36638	ao-ou	1
灯油	dēng yóu	36639	en-eng,ao-ou	1
递补	dì bǔ	36641		1
东瀛	dōng yíng	36644	in-ing	3
短枪	duǎn qiāng	36647	ian-iang,uan-uang,j-q-x	1
断案	duàn àn	36648	an-ang,uan-uang	1
对调	duì diào	36649		1
趸船	dǔn chuán	36650	uan-uang,c-ch	3
反掌	fǎn zhǎng	36651	an-ang,z-zh,h-f	1
返销	fǎn xiāo	36652	an-ang,h-f,j-q-x	1
封皮	fēng pí	36653	en-eng,h-f	1
糕饼	gāo bǐng	36654	in-ing,ao-ou	1
咯吱	gē zhī	36655	z-zh	3
姑嫂	gū sǎo	36658	ao-ou,s-sh	1
故我	gù wǒ	36659		1
海味	hǎi wèi	36660	ai-ei,h-f	1
耗用	hào yòng	36661	ao-ou,h-f	1
贺年	hè nián	36663	ian-iang,n-l,h-f	1
横肉	héng ròu	36664	en-eng,ao-ou,h-f,r-l	1
后年	hòu nián	36665	ian-iang,ao-ou,n-l,h-f	1
胡言	hú yán	36666	an-ang,h-f	1
划桨	huá jiǎng	36667	ian-iang,ua-uo,h-f,j-q-x	1
画稿	huà gǎo	36668	ao-ou,ua-uo,h-f	1
豁亮	huò liàng	36671	ian-iang,ua-uo,n-l,h-f,r-l	1
鸡肋	jī lèi	36672	ai-ei,n-l,r-l,j-q-x	1
基底	jī dǐ	36673	j-q-x	1
假牙	jiǎ yá	36675	ia-ie,j-q-x	1
尽数	jìn shù	36677	in-ing,s-sh,j-q-x	1
旧俗	jiù sú	36678	s-sh,j-q-x	1
国骂	guó mà	36679	ua-uo	1
绝然	jué rán	36680	an-ang,r-l,j-q-x	1
开讲	kāi jiǎng	36681	ian-iang,ai-ei,j-q-x	1
老态	lǎo tài	36685	ai-ei,ao-ou,n-l,r-l	1
累进	lěi jìn	36686	in-ing,ai-ei,n-l,r-l,j-q-x	1
礼数	lǐ shù	36687	s-sh,n-l,r-l	1
量度	liáng dù	36689	ian-iang,n-l,r-l	1
令箭	lìng jiàn	36690	in-ing,ian-iang,n-l,r-l,j-q-x	1
龙宫	lóng gōng	36691	n-l,r-l	1
轮空	lún kōng	36692	n-l,r-l	1
罗织	luó zhī	36693	ua-uo,z-zh,n-l,r-l	1
蒙人	mēng rén	36699	en-eng,r-l	1
丐帮	gài bāng	36700	an-ang,ai-ei	1
弥勒	mí lè	36701	n-l,r-l	1
墨客	mò kè	36702		1
内海	nèi hǎi	36704	ai-ei,n-l,h-f	1
逆耳	nì ěr	36705	n-l	1
逆子	nì zǐ	36706	z-zh,n-l	1
腻味	nì wei	36707	ai-ei,n-l	1
念咒	niàn zhòu	36708	ian-iang,ao-ou,z-zh,n-l	1
尿尿	niào niào	36709	n-l	1
脾脏	pí zàng	36710	an-ang,z-zh	1
凄怆	qī chuàng	36711	uan-uang,c-ch,j-q-x	3
卡子	qiǎ zi	36712	ia-ie,z-zh,j-q-x	1
闪避	shǎn bì	36716	an-ang,s-sh	1
赏析	shǎng xī	36717	an-ang,s-sh,j-q-x	1
上紧	shàng jǐn	36718	in-ing,an-ang,s-sh,j-q-x	1
稍息	shào xī	36719	ao-ou,s-sh,j-q-x	1
舌苔	shé tāi	36720	ai-ei,s-sh	1
申述	shēn shù	36721	en-eng,s-sh	1
失算	shī suàn	36722	uan-uang,s-sh	1
世风	shì fēng	36724	en-eng,s-sh,h-f	1
署理	shǔ lǐ	36726	s-sh,n-l,r-l	1
庶务	shù wù	36727	s-sh	1
水吧	shuǐ bā	36728	s-sh	1
私党	sī dǎng	36729	an-ang,s-sh	1
松快	sōng kuai	36730	s-sh	1
弹射	tán shè	36733	an-ang,s-sh	1
铁案	tiě àn	36735	an-ang,ia-ie	1
无方	wú fāng	36736	an-ang,h-f	1
吸盘	xī pán	36738	an-ang,j-q-x	1
吸氧	xī yǎng	36739	an-ang,j-q-x	1
瞎编	xiā biān	36740	ian-iang,ia-ie,j-q-x	1
限时	xiàn shí	36741	ian-iang,s-sh,j-q-x	1
