奔走	bēn zǒu	9877	en-eng,ao-ou,z-zh	1
变换	biàn huàn	9879	ian-iang,uan-uang,h-f	1
负荷	fù hè	9880	h-f	1
军师	jūn shī	9881	s-sh,j-q-x	1
识字	shí zì	9883	z-zh,s-sh	1
危急	wēi jí	9884	ai-ei,j-q-x	1
称职	chèn zhí	9885	en-eng,z-zh,c-ch	1
孔雀	kǒng què	9886	j-q-x	1
娘子	niáng zǐ	9887	ian-iang,z-zh,n-l	1
欧美	ōu měi	9888	ai-ei,ao-ou	1
随身	suí shēn	9889	en-eng,s-sh	1
坦然	tǎn rán	9890	an-ang,r-l	1
屠杀	tú shā	9891	s-sh	1
名气	míng qi	9895	in-ing,j-q-x	1
误导	wù dǎo	9896	ao-ou	1
动身	dòng shēn	9897	en-eng,s-sh	1
扣除	kòu chú	9899	ao-ou,c-ch	1
争吵	zhēng chǎo	9900	en-eng,ao-ou,z-zh,c-ch	1
重伤	zhòng shāng	9901	an-ang,z-zh,s-sh	1
电阻	diàn zǔ	9902	ian-iang,z-zh	1
救国	jiù guó	9904	ua-uo,j-q-x	1
迎战	yíng zhàn	9907	in-ing,an-ang,z-zh	1
贬值	biǎn zhí	9908	ian-iang,z-zh	1
践踏	jiàn tà	9909	ian-iang,j-q-x	1
交锋	jiāo fēng	9910	en-eng,h-f,j-q-x	1
启用	qǐ yòng	9911	j-q-x	1
偷渡	tōu dù	9912	ao-ou	1
灾情	zāi qíng	9913	in-ing,ai-ei,z-zh,j-q-x	1
状元	zhuàng yuan	9914	uan-uang,z-zh	1
荒凉	huāng liáng	9915	ian-iang,uan-uang,n-l,h-f,r-l	1
通风	tōng fēng	9916	en-eng,h-f	1
药材	yào cái	9917	ai-ei,ao-ou,c-ch	1
方程	fāng chéng	9918	en-eng,an-ang,c-ch,h-f	1
分数	fēn shù	9919	en-eng,s-sh,h-f	1
感悟	gǎn wù	9920	an-ang	1
讲台	jiǎng tái	9921	ian-iang,ai-ei,j-q-x	1
恐龙	kǒng lóng	9922	n-l,r-l	1
乐于	lè yú	9923	n-l,r-l	1
离休	lí xiū	9924	n-l,r-l,j-q-x	1
图谋	tú móu	9926	ao-ou	1
湿润	shī rùn	9928	s-sh,r-l	1
争执	zhēng zhí	9931	en-eng,z-zh	1
中叶	zhōng yè	9932	z-zh	1
京都	jīng dū	9934	in-ing,j-q-x	1
列席	liè xí	9935	ia-ie,n-l,r-l,j-q-x	1
谋划	móu huà	9936	ao-ou,ua-uo,h-f	1
扭曲	niǔ qū	9937	n-l,j-q-x	1
生猪	shēng zhū	9938	en-eng,z-zh,s-sh	1
师范	shī fàn	9939	an-ang,s-sh,h-f	1
数码	shù mǎ	9940	s-sh	1
异样	yì yàng	9941	an-ang	1
殖民	zhí mín	9942	in-ing,z-zh	1
自古	zì gǔ	9943	z-zh	1
函数	hán shù	9944	an-ang,s-sh,h-f	1
出手	chū shǒu	9946	ao-ou,c-ch,s-sh	1
党刊	dǎng kān	9947	an-ang	1
珍视	zhēn shì	9948	en-eng,z-zh,s-sh	1
茶房	chá fáng	9950	an-ang,c-ch,h-f	1
查看	chá kàn	9951	an-ang,c-ch	1
雕刻	diāo kè	9953		1
发烧	fā shāo	9954	ao-ou,s-sh,h-f	1
世间	shì jiān	9955	ian-iang,s-sh,j-q-x	1
水流	shuǐ liú	9956	s-sh,n-l,r-l	1
行星	xíng xīng	9958	in-ing,j-q-x	1
互惠	hù huì	9961	h-f	1
接种	jiē zhòng	9962	ia-ie,z-zh,j-q-x	1
戒指	jiè zhi	9963	ia-ie,z-zh,j-q-x	1
立功	lì gōng	9964	n-l,r-l	1
麻雀	má què	9965	j-q-x	1
为重	wéi zhòng	9966	ai-ei,z-zh	1
用意	yòng yì	9967		1
偏僻	piān pì	9969	ian-iang	1
破案	pò àn	9970	an-ang	1
散打	sǎn dǎ	9972	an-ang,s-sh	1
失学	shī xué	9973	s-sh,j-q-x	1
车票	chē piào	9974	c-ch	1
每每	měi měi	9975	ai-ei	1
虔诚	qián chéng	9978	en-eng,ian-iang,c-ch,j-q-x	3
史学	shǐ xué	9980	s-sh,j-q-x	1
演练	yǎn liàn	9982	an-ang,ian-iang,n-l,r-l	1
疫区	yì qū	9984	j-q-x	1
做官	zuò guān	9985	uan-uang,ua-uo,z-zh	1
贯通	guàn tōng	9987	uan-uang	1
萌芽	méng yá	9989	en-eng	1
匈奴	xiōng nú	9990	n-l,j-q-x	1
何在	hé zài	9992	ai-ei,z-zh,h-f	1
男生	nán shēng	9993	en-eng,an-ang,s-sh,n-l	1
闪电	shǎn diàn	9994	an-ang,ian-iang,s-sh	1
眼眶	yǎn kuàng	9995	an-ang,uan-uang	1
动武	dòng wǔ	9996		1
关照	guān zhào	9997	uan-uang,ao-ou,z-zh	1
嘉宾	jiā bīn	9998	in-ing,ia-ie,j-q-x	1
从头	cóng tóu	10001	ao-ou,c-ch	1
动工	dòng gōng	10002		1
兼职	jiān zhí	10003	ian-iang,z-zh,j-q-x	1
空袭	kōng xí	10004	j-q-x	1
罗盘	luó pán	10005	an-ang,ua-uo,n-l,r-l	1
呐喊	nà hǎn	10006	an-ang,n-l,h-f	1
失职	shī zhí	10007	z-zh,s-sh	1
友情	yǒu qíng	10008	in-ing,ao-ou,j-q-x	1
涨价	zhǎng jià	10009	an-ang,ia-ie,z-zh,j-q-x	1
江湖	jiāng hú	10010	ian-iang,h-f,j-q-x	1
喜人	xǐ rén	10012	en-eng,r-l,j-q-x	1
大年	dà nián	10013	ian-iang,n-l	1
立时	lì shí	10015	s-sh,n-l,r-l	1
其人	qí rén	10016	en-eng,r-l,j-q-x	1
摊派	tān pài	10017	an-ang,ai-ei	1
收缩	shōu suō	10018	ao-ou,ua-uo,s-sh	1
饱和	bǎo hé	10019	ao-ou,h-f	1
岛屿	dǎo yǔ	10020	ao-ou	1
斗志	dòu zhì	10021	ao-ou,z-zh	1
鸽子	gē zi	10022	z-zh	1
开赛	kāi sài	10023	ai-ei,s-sh	1
傻子	shǎ zi	10024	z-zh,s-sh	1
示意	shì yì	10025	s-sh	1
万岁	wàn suì	10026	an-ang,s-sh	1
照相	zhào xiàng	10027	ian-iang,ao-ou,z-zh,j-q-x	1
放学	fàng xué	10028	an-ang,h-f,j-q-x	1
好心	hǎo xīn	10029	in-ing,ao-ou,h-f,j-q-x	1
计量	jì liàng	10030	ian-iang,n-l,r-l,j-q-x	1
推介	tuī jiè	10032	ia-ie,j-q-x	1
摆放	bǎi fàng	10034	an-ang,ai-ei,h-f	1
工钱	gōng qián	10035	ian-iang,j-q-x	1
减产	jiǎn chǎn	10036	an-ang,ian-iang,c-ch,j-q-x	1
漫步	màn bù	10037	an-ang	1
橡胶	xiàng jiāo	10039	ian-iang,j-q-x	1
幸而	xìng ér	10040	in-ing,j-q-x	1
自尊	zì zūn	10041	z-zh	1
浮动	fú dòng	10042	h-f	1
呼喊	hū hǎn	10043	an-ang,h-f	1
荒地	huāng dì	10044	uan-uang,h-f	1
派别	pài bié	10045	ai-ei,ia-ie	1
劝说	quàn shuō	10046	uan-uang,ua-uo,s-sh,j-q-x	1
淡化	dàn huà	10048	an-ang,ua-uo,h-f	1
揭幕	jiē mù	10049	ia-ie,j-q-x	1
路程	lù chéng	10050	en-eng,c-ch,n-l,r-l	1
梳理	shū lǐ	10053	s-sh,n-l,r-l	1
致电	zhì diàn	10055	ian-iang,z-zh	1
凳子	dèng zi	10056	en-eng,z-zh	1
忽而	hū ér	10057	h-f	1
袖子	xiù zi	10058	z-zh,j-q-x	1
怀孕	huái yùn	10059	h-f	1
受损	shòu sǔn	10060	ao-ou,s-sh	1
推测	tuī cè	10061	c-ch	1
种地	zhòng dì	10062	z-zh	1
刀子	dāo zi	10063	ao-ou,z-zh	1
发愁	fā chóu	10064	ao-ou,c-ch,h-f	1
善意	shàn yì	10065	an-ang,s-sh	1
书刊	shū kān	10066	an-ang,s-sh	1
抒情	shū qíng	10067	in-ing,s-sh,j-q-x	1
膝盖	xī gài	10068	ai-ei,j-q-x	1
细化	xì huà	10069	ua-uo,h-f,j-q-x	1
直奔	zhí bèn	10070	en-eng,z-zh	1
查阅	chá yuè	10071	c-ch	1
吃力	chī lì	10072	c-ch,n-l,r-l	1
四季	sì jì	10073	s-sh,j-q-x	1
危房	wēi fáng	10074	an-ang,ai-ei,h-f	1
眼色	yǎn sè	10075	an-ang,s-sh	1
恒星	héng xīng	10076	en-eng,in-ing,h-f,j-q-x	1
变异	biàn yì	10077	ian-iang	1
脂肪	zhī fáng	10078	an-ang,z-zh,h-f	1
病床	bìng chuáng	10079	in-ing,uan-uang,c-ch	1
步子	bù zi	10080	z-zh	1
财税	cái shuì	10081	ai-ei,c-ch,s-sh	1
伤感	shāng gǎn	10082	an-ang,s-sh	1
甜蜜	tián mì	10084	ian-iang	1
虚伪	xū wěi	10086	ai-ei,j-q-x	1
侧重	cè zhòng	10090	z-zh,c-ch	1
废旧	fèi jiù	10092	ai-ei,h-f,j-q-x	1
持仓	chí cāng	10093	an-ang,c-ch	1
母女	mǔ nǚ	10094	n-l	1
瓶子	píng zi	10095	in-ing,z-zh	1
牲口	shēng kou	10096	en-eng,ao-ou,s-sh	1
长寿	cháng shòu	10097	an-ang,ao-ou,c-ch,s-sh	1
有功	yǒu gōng	10099	ao-ou	1
本性	běn xìng	10100	en-eng,in-ing,j-q-x	1
错过	cuò guò	10101	ua-uo,c-ch	1
大路	dà lù	10102	n-l,r-l	1
供热	gōng rè	10104	r-l	1
矿区	kuàng qū	10105	uan-uang,j-q-x	1
谋取	móu qǔ	10106	ao-ou,j-q-x	1
以南	yǐ nán	10108	an-ang,n-l	1
银牌	yín pái	10109	in-ing,ai-ei	1
憧憬	chōng jǐng	10111	in-ing,c-ch,j-q-x	2
创意	chuàng yì	10112	uan-uang,c-ch	1
腹地	fù dì	10113	h-f	1
抉择	jué zé	10114	z-zh,j-q-x	3
牧区	mù qū	10116	j-q-x	1
慌乱	huāng luàn	10117	uan-uang,n-l,h-f,r-l	1
鞠躬	jū gōng	10118	j-q-x	1
开庭	kāi tíng	10119	in-ing,ai-ei	1
慢性	màn xìng	10120	in-ing,an-ang,j-q-x	1
省会	shěng huì	10121	en-eng,s-sh,h-f	1
圣地	shèng dì	10122	en-eng,s-sh	1
荧屏	yíng píng	10123	in-ing	1
图形	tú xíng	10124	in-ing,j-q-x	1
大关	dà guān	10125	uan-uang	1
异地	yì dì	10126		1
有余	yǒu yú	10127	ao-ou	1
回信	huí xìn	10128	in-ing,h-f,j-q-x	1
晋级	jìn jí	10129	in-ing,j-q-x	1
尺寸	chǐ cùn	10131	c-ch	1
飞翔	fēi xiáng	10132	ian-iang,ai-ei,h-f,j-q-x	1
好友	hǎo yǒu	10133	ao-ou,h-f	1
愚蠢	yú chǔn	10134	c-ch	1
预见	yù jiàn	10135	ian-iang,j-q-x	1
力学	lì xué	10136	n-l,r-l,j-q-x	1
出名	chū míng	10138	in-ing,c-ch	1
攻势	gōng shì	10140	s-sh	1
激活	jī huó	10141	ua-uo,h-f,j-q-x	1
辽阔	liáo kuò	10142	ua-uo,n-l,r-l	1
没错	méi cuò	10143	ai-ei,ua-uo,c-ch	1
榜单	bǎng dān	10144	an-ang	1
探亲	tàn qīn	10145	in-ing,an-ang,j-q-x	1
交接	jiāo jiē	10148	ia-ie,j-q-x	1
听话	tīng huà	10149	in-ing,ua-uo,h-f	1
严寒	yán hán	10150	an-ang,h-f	1
夜色	yè sè	10151	s-sh	1
科目	kē mù	10152		1
中途	zhōng tú	10154	z-zh	1
自私	zì sī	10155	z-zh,s-sh	1
埋头	mái tóu	10158	ai-ei,ao-ou	1
型号	xíng hào	10159	in-ing,ao-ou,h-f,j-q-x	1
噪音	zào yīn	10160	in-ing,ao-ou,z-zh	1
照耀	zhào yào	10161	ao-ou,z-zh	1
手艺	shǒu yì	10162	ao-ou,s-sh	1
以北	yǐ běi	10163	ai-ei	1
海滩	hǎi tān	10164	an-ang,ai-ei,h-f	1
看中	kàn zhòng	10165	an-ang,z-zh	1
求得	qiú dé	10166	j-q-x	1
胸口	xiōng kǒu	10168	ao-ou,j-q-x	1
烟雾	yān wù	10169	an-ang	1
之首	zhī shǒu	10170	ao-ou,z-zh,s-sh	1
害虫	hài chóng	10171	ai-ei,c-ch,h-f	1
该死	gāi sǐ	10173	ai-ei,s-sh	1
坎坷	kǎn kě	10174	an-ang	1
凝固	níng gù	10176	in-ing,n-l	1
种苗	zhǒng miáo	10178	z-zh	1
防务	fáng wù	10180	an-ang,h-f	1
飞扬	fēi yáng	10181	an-ang,ai-ei,h-f	1
分头	fēn tóu	10182	en-eng,ao-ou,h-f	1
下巴	xià ba	10183	ia-ie,j-q-x	1
低价	dī jià	10184	ia-ie,j-q-x	1
积雪	jī xuě	10185	j-q-x	1
缴费	jiǎo fèi	10186	ai-ei,h-f,j-q-x	1
离家	lí jiā	10187	ia-ie,n-l,r-l,j-q-x	1
农历	nóng lì	10188	n-l,r-l	1
摘要	zhāi yào	10189	ai-ei,ao-ou,z-zh	1
学派	xué pài	10190	ai-ei,j-q-x	1
标签	biāo qiān	10191	ian-iang,j-q-x	1
长年	cháng nián	10192	an-ang,ian-iang,c-ch,n-l	1
美容	měi róng	10194	ai-ei,r-l	1
享年	xiǎng nián	10195	ian-iang,n-l,j-q-x	1
资讯	zī xùn	10196	z-zh,j-q-x	1
惊动	jīng dòng	10197	in-ing,j-q-x	1
举重	jǔ zhòng	10198	z-zh,j-q-x	1
开枪	kāi qiāng	10199	ian-iang,ai-ei,j-q-x	1
脉络	mài luò	10200	ai-ei,ua-uo,n-l,r-l	1
上层	shàng céng	10201	en-eng,an-ang,c-ch,s-sh	1
外观	wài guān	10202	uan-uang,ai-ei	1
新奇	xīn qí	10203	in-ing,j-q-x	1
摇篮	yáo lán	10204	an-ang,ao-ou,n-l,r-l	1
匆忙	cōng máng	10205	an-ang,c-ch	1
对联	duì lián	10206	ian-iang,n-l,r-l	1
皇家	huáng jiā	10208	uan-uang,ia-ie,h-f,j-q-x	1
梦见	mèng jiàn	10209	en-eng,ian-iang,j-q-x	1
祈祷	qí dǎo	10210	ao-ou,j-q-x	1
热衷	rè zhōng	10211	z-zh,r-l	1
圣人	shèng rén	10212	en-eng,s-sh,r-l	1
纵然	zòng rán	10213	an-ang,z-zh,r-l	1
服用	fú yòng	10214	h-f	1
改名	gǎi míng	10215	in-ing,ai-ei	1
接口	jiē kǒu	10216	ao-ou,ia-ie,j-q-x	1
直观	zhí guān	10219	uan-uang,z-zh	1
包裹	bāo guǒ	10220	ao-ou,ua-uo	1
渤海	bó hǎi	10221	ai-ei,h-f	1
触动	chù dòng	10222	c-ch	1
词典	cí diǎn	10223	ian-iang,c-ch	1
复合	fù hé	10224	h-f	1
国税	guó shuì	10225	ua-uo,s-sh	1
急性	jí xìng	10226	in-ing,j-q-x	1
来宾	lái bīn	10227	in-ing,ai-ei,n-l,r-l	1
驱车	qū chē	10229	c-ch,j-q-x	1
诠释	quán shì	10230	uan-uang,s-sh,j-q-x	3
条子	tiáo zi	10231	z-zh	1
小鸟	xiǎo niǎo	10232	n-l,j-q-x	1
学界	xué jiè	10233	ia-ie,j-q-x	1
首府	shǒu fǔ	10237	ao-ou,s-sh,h-f	1
无罪	wú zuì	10238	z-zh	1
有幸	yǒu xìng	10239	in-ing,ao-ou,j-q-x	1
部件	bù jiàn	10240	ian-iang,j-q-x	1
单边	dān biān	10241	an-ang,ian-iang	1
定居	dìng jū	10242	in-ing,j-q-x	1
基建	jī jiàn	10243	ian-iang,j-q-x	1
继而	jì ér	10244	j-q-x	1
切断	qiē duàn	10245	uan-uang,ia-ie,j-q-x	1
考评	kǎo píng	10247	in-ing,ao-ou	1
气力	qì lì	10248	n-l,r-l,j-q-x	1
强盗	qiáng dào	10249	ian-iang,ao-ou,j-q-x	1
大兴	dà xīng	10251	in-ing,j-q-x	1
贩卖	fàn mài	10252	an-ang,ai-ei,h-f	1
感想	gǎn xiǎng	10253	an-ang,ian-iang,j-q-x	1
刑警	xíng jǐng	10254	in-ing,j-q-x	1
安危	ān wēi	10255	an-ang,ai-ei	1
法宝	fǎ bǎo	10257	ao-ou,h-f	1
廉价	lián jià	10259	ian-iang,ia-ie,n-l,r-l,j-q-x	1
为人	wéi rén	10260	en-eng,ai-ei,r-l	1
文集	wén jí	10261	en-eng,j-q-x	1
现今	xiàn jīn	10262	in-ing,ian-iang,j-q-x	1
学士	xué shì	10263	s-sh,j-q-x	1
照着	zhào zhe	10264	ao-ou,z-zh	1
邦交	bāng jiāo	10265	an-ang,j-q-x	1
不敌	bù dí	10266		1
长短	cháng duǎn	10267	an-ang,uan-uang,c-ch	1
大象	dà xiàng	10268	ian-iang,j-q-x	1
短波	duǎn bō	10269	uan-uang	1
缴获	jiǎo huò	10270	ua-uo,h-f,j-q-x	1
脉搏	mài bó	10271	ai-ei	1
盘子	pán zi	10272	an-ang,z-zh	1
上交	shàng jiāo	10273	an-ang,s-sh,j-q-x	1
投机	tóu jī	10274	ao-ou,j-q-x	1
毅力	yì lì	10275	n-l,r-l	1
对准	duì zhǔn	10277	z-zh	1
分级	fēn jí	10278	en-eng,h-f,j-q-x	1
公德	gōng dé	10279		1
解剖	jiě pōu	10280	ao-ou,ia-ie,j-q-x	1
炮兵	pào bīng	10282	in-ing,ao-ou	1
篇幅	piān fú	10283	ian-iang,h-f	1
诗句	shī jù	10284	s-sh,j-q-x	1
忘掉	wàng diào	10285	an-ang	1
板凳	bǎn dèng	10287	en-eng,an-ang	1
过节	guò jié	10288	ia-ie,ua-uo,j-q-x	1
巨资	jù zī	10290	z-zh,j-q-x	1
首饰	shǒu shì	10291	ao-ou,s-sh	1
掩护	yǎn hù	10292	an-ang,h-f	1
长子	zhǎng zǐ	10293	an-ang,z-zh	1
只怕	zhǐ pà	10294	z-zh	1
别扭	biè niu	10295	ia-ie,n-l	1
杠杆	gàng gǎn	10296	an-ang	1
高价	gāo jià	10297	ao-ou,ia-ie,j-q-x	1
侵入	qīn rù	10298	in-ing,r-l,j-q-x	1
坦诚	tǎn chéng	10299	en-eng,an-ang,c-ch	1
过早	guò zǎo	10300	ao-ou,ua-uo,z-zh	1
何尝	hé cháng	10302	an-ang,c-ch,h-f	1
雷雨	léi yǔ	10303	ai-ei,n-l,r-l	1
平坦	píng tǎn	10304	in-ing,an-ang	1
肚皮	dù pí	10307		1
愤慨	fèn kǎi	10308	en-eng,ai-ei,h-f	1
可信	kě xìn	10309	in-ing,j-q-x	1
冷却	lěng què	10310	en-eng,n-l,r-l,j-q-x	1
报到	bào dào	10312	ao-ou	1
歌词	gē cí	10313	c-ch	1
张望	zhāng wàng	10316	an-ang,z-zh	1
按摩	àn mó	10317	an-ang	1
颤动	chàn dòng	10318	an-ang,c-ch	1
根基	gēn jī	10319	en-eng,j-q-x	1
耕作	gēng zuò	10320	en-eng,ua-uo,z-zh	1
管家	guǎn jiā	10321	uan-uang,ia-ie,j-q-x	1
画像	huà xiàng	10322	ian-iang,ua-uo,h-f,j-q-x	1
入库	rù kù	10323	r-l	1
庄重	zhuāng zhòng	10324	uan-uang,z-zh	1
气流	qì liú	10325	n-l,r-l,j-q-x	1
画展	huà zhǎn	10326	an-ang,ua-uo,z-zh,h-f	1
开头	kāi tóu	10327	ai-ei,ao-ou	1
私利	sī lì	10328	s-sh,n-l,r-l	1
鞋子	xié zi	10329	ia-ie,z-zh,j-q-x	1
压倒	yā dǎo	10330	ao-ou	1
涌动	yǒng dòng	10331		1
地势	dì shì	10332	s-sh	1
高空	gāo kōng	10333	ao-ou	1
驾车	jià chē	10334	ia-ie,c-ch,j-q-x	1
姐夫	jiě fu	10335	ia-ie,h-f,j-q-x	1
求职	qiú zhí	10336	z-zh,j-q-x	1
河滩	hé tān	10341	an-ang,h-f	1
奖惩	jiǎng chéng	10342	en-eng,ian-iang,c-ch,j-q-x	1
精髓	jīng suǐ	10343	in-ing,s-sh,j-q-x	1
开关	kāi guān	10344	uan-uang,ai-ei	1
喜事	xǐ shì	10345	s-sh,j-q-x	1
新式	xīn shì	10346	in-ing,s-sh,j-q-x	1
乘机	chéng jī	10347	en-eng,c-ch,j-q-x	1
重温	chóng wēn	10348	en-eng,c-ch	1
地层	dì céng	10350	en-eng,c-ch	1
间断	jiàn duàn	10351	ian-iang,uan-uang,j-q-x	1
解体	jiě tǐ	10352	ia-ie,j-q-x	1
着呢	zhe ne	10355	z-zh,n-l	1
专款	zhuān kuǎn	10357	uan-uang,z-zh	1
承载	chéng zài	10358	en-eng,ai-ei,z-zh,c-ch	1
造假	zào jiǎ	10360	ao-ou,ia-ie,z-zh,j-q-x	1
后院	hòu yuàn	10363	uan-uang,ao-ou,h-f	1
动画	dòng huà	10364	ua-uo,h-f	1
墙角	qiáng jiǎo	10368	ian-iang,j-q-x	1
受命	shòu mìng	10369	in-ing,ao-ou,s-sh	1
威风	wēi fēng	10370	en-eng,ai-ei,h-f	1
义军	yì jūn	10371	j-q-x	1
不屑	bù xiè	10372	ia-ie,j-q-x	1
姑母	gū mǔ	10374		1
扭头	niǔ tóu	10375	ao-ou,n-l	1
陪伴	péi bàn	10376	an-ang,ai-ei	1
前辈	qián bèi	10377	ian-iang,ai-ei,j-q-x	1
伊始	yī shǐ	10378	s-sh	1
值钱	zhí qián	10379	ian-iang,z-zh,j-q-x	1
大喜	dà xǐ	10381	j-q-x	1
电动	diàn dòng	10382	ian-iang	1
工农	gōng nóng	10383	n-l	1
护照	hù zhào	10384	ao-ou,z-zh,h-f	1
饮用	yǐn yòng	10385	in-ing	1
油菜	yóu cài	10386	ai-ei,ao-ou,c-ch	1
纵深	zòng shēn	10387	en-eng,z-zh,s-sh	1
定向	dìng xiàng	10390	in-ing,ian-iang,j-q-x	1
发泄	fā xiè	10391	ia-ie,h-f,j-q-x	1
宫廷	gōng tíng	10392	in-ing	1
要点	yào diǎn	10394	ian-iang,ao-ou	1
一并	yī bìng	10395	in-ing	1
照亮	zhào liàng	10396	ian-iang,ao-ou,z-zh,n-l,r-l	1
初衷	chū zhōng	10397	z-zh,c-ch	1
弹药	dàn yào	10398	an-ang,ao-ou	1
气概	qì gài	10399	ai-ei,j-q-x	1
无序	wú xù	10401	j-q-x	1
小雪	xiǎo xuě	10402	j-q-x	1
致命	zhì mìng	10403	in-ing,z-zh	1
编导	biān dǎo	10404	ian-iang,ao-ou	1
堆积	duī jī	10408	j-q-x	1
含笑	hán xiào	10409	an-ang,h-f,j-q-x	1
嫉妒	jí dù	10410	j-q-x	1
就读	jiù dú	10412	j-q-x	1
培植	péi zhí	10413	ai-ei,z-zh	1
涉案	shè àn	10414	an-ang,s-sh	1
首领	shǒu lǐng	10415	in-ing,ao-ou,s-sh,n-l,r-l	1
探望	tàn wàng	10416	an-ang	1
活性	huó xìng	10418	in-ing,ua-uo,h-f,j-q-x	1
客体	kè tǐ	10419		1
沉痛	chén tòng	10420	en-eng,c-ch	1
成天	chéng tiān	10421	en-eng,ian-iang,c-ch	1
后世	hòu shì	10423	ao-ou,s-sh,h-f	1
晋升	jìn shēng	10424	en-eng,in-ing,s-sh,j-q-x	1
精通	jīng tōng	10425	in-ing,j-q-x	1
美感	měi gǎn	10426	an-ang,ai-ei	1
奶粉	nǎi fěn	10427	en-eng,ai-ei,n-l,h-f	1
放手	fàng shǒu	10429	an-ang,ao-ou,s-sh,h-f	1
孵化	fū huà	10430	ua-uo,h-f	1
施政	shī zhèng	10431	en-eng,z-zh,s-sh	1
鲜红	xiān hóng	10432	ian-iang,h-f,j-q-x	1
琢磨	zuó mo	10433	ua-uo,z-zh	1
国策	guó cè	10435	ua-uo,c-ch	1
偏差	piān chā	10436	ian-iang,c-ch	1
日月	rì yuè	10437	r-l	1
云集	yún jí	10439	j-q-x	1
行车	xíng chē	10440	in-ing,c-ch,j-q-x	1
责成	zé chéng	10441	en-eng,z-zh,c-ch	1
畅销	chàng xiāo	10442	an-ang,c-ch,j-q-x	1
风浪	fēng làng	10443	en-eng,an-ang,n-l,h-f,r-l	1
江水	jiāng shuǐ	10444	ian-iang,s-sh,j-q-x	1
伤愈	shāng yù	10445	an-ang,s-sh	1
实习	shí xí	10446	s-sh,j-q-x	1
未卜	wèi bǔ	10447	ai-ei	1
肮脏	āng zāng	10449	an-ang,z-zh	1
古迹	gǔ jì	10451	j-q-x	1
克制	kè zhì	10452	z-zh	1
清单	qīng dān	10454	in-ing,an-ang,j-q-x	1
山沟	shān gōu	10455	an-ang,ao-ou,s-sh	1
西边	xī bian	10456	ian-iang,j-q-x	1
小儿	xiǎo ér	10457	j-q-x	1
正中	zhèng zhōng	10459	en-eng,z-zh	1
创伤	chuāng shāng	10462	an-ang,uan-uang,c-ch,s-sh	1
及早	jí zǎo	10463	ao-ou,z-zh,j-q-x	1
经销	jīng xiāo	10464	in-ing,j-q-x	1
牧场	mù chǎng	10465	an-ang,c-ch	1
同级	tóng jí	10466	j-q-x	1
外债	wài zhài	10467	ai-ei,z-zh	1
柴油	chái yóu	10468	ai-ei,ao-ou,c-ch	1
负债	fù zhài	10469	ai-ei,z-zh,h-f	1
老远	lǎo yuǎn	10470	uan-uang,ao-ou,n-l,r-l	1
力图	lì tú	10471	n-l,r-l	1
漆黑	qī hēi	10472	ai-ei,h-f,j-q-x	1
产地	chǎn dì	10474	an-ang,c-ch	1
长叹	cháng tàn	10475	an-ang,c-ch	1
窗帘	chuāng lián	10476	ian-iang,uan-uang,c-ch,n-l,r-l	1
联名	lián míng	10478	in-ing,ian-iang,n-l,r-l	1
史诗	shǐ shī	10479	s-sh	1
板块	bǎn kuài	10480	an-ang	1
尘土	chén tǔ	10482	en-eng,c-ch	1
发誓	fā shì	10483	s-sh,h-f	1
聆听	líng tīng	10484	in-ing,n-l,r-l	1
屡屡	lǚ lǚ	10485	n-l,r-l	1
通电	tōng diàn	10486	ian-iang	1
铜牌	tóng pái	10487	ai-ei	1
畜禽	chù qín	10488	in-ing,c-ch,j-q-x	1
废墟	fèi xū	10489	ai-ei,h-f,j-q-x	1
抚养	fǔ yǎng	10490	an-ang,h-f	1
轨迹	guǐ jì	10491	j-q-x	1
红包	hóng bāo	10492	ao-ou,h-f	1
时段	shí duàn	10495	uan-uang,s-sh	1
饮酒	yǐn jiǔ	10497	in-ing,j-q-x	1
果真	guǒ zhēn	10498	en-eng,ua-uo,z-zh	1
开战	kāi zhàn	10500	an-ang,ai-ei,z-zh	1
夸大	kuā dà	10501	ua-uo	1
实绩	shí jì	10503	s-sh,j-q-x	1
坦白	tǎn bái	10504	an-ang,ai-ei	1
支流	zhī liú	10506	z-zh,n-l,r-l	1
老爹	lǎo diē	10507	ao-ou,ia-ie,n-l,r-l	1
糟糕	zāo gāo	10509	ao-ou,z-zh	1
报废	bào fèi	10510	ai-ei,ao-ou,h-f	1
搏斗	bó dòu	10511	ao-ou	1
功勋	gōng xūn	10512	j-q-x	1
患病	huàn bìng	10513	in-ing,uan-uang,h-f	1
俨然	yǎn rán	10514	an-ang,r-l	3
诱人	yòu rén	10515	en-eng,ao-ou,r-l	1
提振	tí zhèn	10516	en-eng,z-zh	1
不复	bù fù	10517	h-f	1
个子	gè zi	10518	z-zh	1
互为	hù wéi	10519	ai-ei,h-f	1
话音	huà yīn	10520	in-ing,ua-uo,h-f	1
手帕	shǒu pà	10521	ao-ou,s-sh	1
坦率	tǎn shuài	10522	an-ang,s-sh	1
合唱	hé chàng	10526	an-ang,c-ch,h-f	1
及至	jí zhì	10527	z-zh,j-q-x	1
疗法	liáo fǎ	10528	n-l,h-f,r-l	1
人造	rén zào	10529	en-eng,ao-ou,z-zh,r-l	1
想念	xiǎng niàn	10530	ian-iang,n-l,j-q-x	1
东欧	dōng ōu	10531	ao-ou	1
汇聚	huì jù	10532	h-f,j-q-x	1
精湛	jīng zhàn	10533	in-ing,an-ang,z-zh,j-q-x	3
默然	mò rán	10534	an-ang,r-l	1
实情	shí qíng	10535	in-ing,s-sh,j-q-x	1
照射	zhào shè	10537	ao-ou,z-zh,s-sh	1
争相	zhēng xiāng	10538	en-eng,ian-iang,z-zh,j-q-x	1
暗地	àn dì	10539	an-ang	1
丑闻	chǒu wén	10540	en-eng,ao-ou,c-ch	1
火烧	huǒ shao	10542	ao-ou,ua-uo,s-sh,h-f	1
步兵	bù bīng	10545	in-ing	1
出声	chū shēng	10546	en-eng,c-ch,s-sh	1
楷模	kǎi mó	10547	ai-ei	1
红酒	hóng jiǔ	10548	h-f,j-q-x	1
炉子	lú zi	10550	z-zh,n-l,r-l	1
中资	zhōng zī	10552	z-zh	1
终点	zhōng diǎn	10553	ian-iang,z-zh	1
撞击	zhuàng jī	10554	uan-uang,z-zh,j-q-x	1
昂扬	áng yáng	10556	an-ang	1
麻子	má zi	10557	z-zh	1
宁愿	nìng yuàn	10559	in-ing,uan-uang,n-l	1
天性	tiān xìng	10560	in-ing,ian-iang,j-q-x	1
通告	tōng gào	10561	ao-ou	1
无权	wú quán	10562	uan-uang,j-q-x	1
败坏	bài huài	10564	ai-ei,h-f	1
成年	chéng nián	10565	en-eng,ian-iang,c-ch,n-l	1
倒退	dào tuì	10566	ao-ou	1
怜悯	lián mǐn	10567	in-ing,ian-iang,n-l,r-l	1
锣鼓	luó gǔ	10569	ua-uo,n-l,r-l	1
机票	jī piào	10573	j-q-x	1
芦苇	lú wěi	10574	ai-ei,n-l,r-l	1
哪能	nǎ néng	10575	en-eng,n-l	1
超前	chāo qián	10577	ian-iang,ao-ou,c-ch,j-q-x	1
出线	chū xiàn	10578	ian-iang,c-ch,j-q-x	1
赶赴	gǎn fù	10579	an-ang,h-f	1
变频	biàn pín	10580	in-ing,ian-iang	1
巨人	jù rén	10581	en-eng,r-l,j-q-x	1
录音	lù yīn	10582	in-ing,n-l,r-l	1
面容	miàn róng	10583	ian-iang,r-l	1
煽动	shān dòng	10584	an-ang,s-sh	1
大将	dà jiàng	10586	ian-iang,j-q-x	1
浮躁	fú zào	10588	ao-ou,z-zh,h-f	1
积压	jī yā	10589	j-q-x	1
听从	tīng cóng	10590	in-ing,c-ch	1
许诺	xǔ nuò	10591	ua-uo,n-l,j-q-x	1
摇晃	yáo huàng	10592	uan-uang,ao-ou,h-f	1
移送	yí sòng	10593	s-sh	1
冰冷	bīng lěng	10594	en-eng,in-ing,n-l,r-l	1
企稳	qǐ wěn	10595	en-eng,j-q-x	1
察觉	chá jué	10596	c-ch,j-q-x	1
采矿	cǎi kuàng	10601	uan-uang,ai-ei,c-ch	1
帝王	dì wáng	10602	an-ang	1
深山	shēn shān	10603	en-eng,an-ang,s-sh	1
惋惜	wǎn xī	10605	an-ang,j-q-x	1
营运	yíng yùn	10606	in-ing	1
优待	yōu dài	10607	ai-ei,ao-ou	1
淡薄	dàn bó	10608	an-ang	1
点缀	diǎn zhuì	10609	ian-iang,z-zh	1
桂花	guì huā	10610	ua-uo,h-f	1
急促	jí cù	10611	c-ch,j-q-x	1
紧缩	jǐn suō	10612	in-ing,ua-uo,s-sh,j-q-x	1
凝结	níng jié	10613	in-ing,ia-ie,n-l,j-q-x	1
破裂	pò liè	10614	ia-ie,n-l,r-l	1
入股	rù gǔ	10615	r-l	1
身躯	shēn qū	10616	en-eng,s-sh,j-q-x	1
远近	yuǎn jìn	10618	in-ing,uan-uang,j-q-x	1
车轮	chē lún	10620	c-ch,n-l,r-l	1
隶属	lì shǔ	10622	s-sh,n-l,r-l	1
人世	rén shì	10623	en-eng,s-sh,r-l	1
任教	rèn jiào	10624	en-eng,r-l,j-q-x	1
吵架	chǎo jià	10628	ao-ou,ia-ie,c-ch,j-q-x	1
举手	jǔ shǒu	10629	ao-ou,s-sh,j-q-x	1
杀跌	shā diē	10630	ia-ie,s-sh	1
聘用	pìn yòng	10631	in-ing	1
忍心	rěn xīn	10632	en-eng,in-ing,r-l,j-q-x	1
外围	wài wéi	10634	ai-ei	1
想必	xiǎng bì	10635	ian-iang,j-q-x	1
坟墓	fén mù	10636	en-eng,h-f	1
赖以	lài yǐ	10637	ai-ei,n-l,r-l	1
连任	lián rèn	10638	en-eng,ian-iang,n-l,r-l	1
扫除	sǎo chú	10639	ao-ou,c-ch,s-sh	1
头疼	tóu téng	10640	en-eng,ao-ou	1
杂文	zá wén	10641	en-eng,z-zh	1
战机	zhàn jī	10642	an-ang,z-zh,j-q-x	1
终日	zhōng rì	10643	z-zh,r-l	1
悲壮	bēi zhuàng	10644	uan-uang,ai-ei,z-zh	1
别说	bié shuō	10645	ia-ie,ua-uo,s-sh	1
名言	míng yán	10646	in-ing,an-ang	1
拟定	nǐ dìng	10647	in-ing,n-l	1
四肢	sì zhī	10648	z-zh,s-sh	1
微型	wēi xíng	10649	in-ing,ai-ei,j-q-x	1
香味	xiāng wèi	10650	ian-iang,ai-ei,j-q-x	1
胸膛	xiōng táng	10651	an-ang,j-q-x	1
征程	zhēng chéng	10652	en-eng,z-zh,c-ch	1
酿成	niàng chéng	10654	en-eng,ian-iang,c-ch,n-l	1
炮弹	pào dàn	10655	an-ang,ao-ou	1
思绪	sī xù	10656	s-sh,j-q-x	1
帮教	bāng jiào	10657	an-ang,j-q-x	1
沉积	chén jī	10658	en-eng,c-ch,j-q-x	1
丰满	fēng mǎn	10659	en-eng,an-ang,h-f	1
高官	gāo guān	10660	uan-uang,ao-ou	1
毁坏	huǐ huài	10661	h-f	1
降雨	jiàng yǔ	10662	ian-iang,j-q-x	1
兽医	shòu yī	10663	ao-ou,s-sh	1
肆虐	sì nüè	10664	s-sh,n-l	1
译本	yì běn	10666	en-eng	1
正要	zhèng yào	10668	en-eng,ao-ou,z-zh	1
政变	zhèng biàn	10669	en-eng,ian-iang,z-zh	1
车门	chē mén	10671	en-eng,c-ch	1
风声	fēng shēng	10672	en-eng,s-sh,h-f	1
航道	háng dào	10673	an-ang,ao-ou,h-f	1
快车	kuài chē	10674	c-ch	1
面色	miàn sè	10675	ian-iang,s-sh	1
谦虚	qiān xū	10677	ian-iang,j-q-x	1
受骗	shòu piàn	10678	ian-iang,ao-ou,s-sh	1
治愈	zhì yù	10679	z-zh	1
传记	zhuàn jì	10680	uan-uang,z-zh,j-q-x	1
自有	zì yǒu	10681	ao-ou,z-zh	1
变质	biàn zhì	10682	ian-iang,z-zh	1
残忍	cán rěn	10683	en-eng,an-ang,c-ch,r-l	1
长处	cháng chù	10684	an-ang,c-ch	1
底蕴	dǐ yùn	10685		1
受害	shòu hài	10686	ai-ei,ao-ou,s-sh,h-f	1
通航	tōng háng	10687	an-ang,h-f	1
村落	cūn luò	10690	ua-uo,c-ch,n-l,r-l	1
返乡	fǎn xiāng	10691	an-ang,ian-iang,h-f,j-q-x	1
假使	jiǎ shǐ	10694	ia-ie,s-sh,j-q-x	1
苗木	miáo mù	10695		1
张扬	zhāng yáng	10697	an-ang,z-zh	1
法令	fǎ lìng	10698	in-ing,n-l,h-f,r-l	1
横向	héng xiàng	10699	en-eng,ian-iang,h-f,j-q-x	1
男单	nán dān	10700	an-ang,n-l	1
疯子	fēng zi	10701	en-eng,z-zh,h-f	1
开国	kāi guó	10702	ai-ei,ua-uo	1
匮乏	kuì fá	10703	h-f	3
留守	liú shǒu	10704	ao-ou,s-sh,n-l,r-l	1
诊所	zhěn suǒ	10707	en-eng,ua-uo,z-zh,s-sh	1
额度	é dù	10708		1
家禽	jiā qín	10709	in-ing,ia-ie,j-q-x	1
调配	tiáo pèi	10711	ai-ei	1
驻外	zhù wài	10712	ai-ei,z-zh	1
筹划	chóu huà	10713	ao-ou,ua-uo,c-ch,h-f	1
辍学	chuò xué	10714	ua-uo,c-ch,j-q-x	3
规程	guī chéng	10715	en-eng,c-ch	1
上头	shàng tou	10716	an-ang,ao-ou,s-sh	1
微妙	wēi miào	10717	ai-ei	1
辗转	zhǎn zhuǎn	10718	an-ang,uan-uang,z-zh	1
吃喝	chī hē	10719	c-ch,h-f	1
出战	chū zhàn	10720	an-ang,z-zh,c-ch	1
归结	guī jié	10721	ia-ie,j-q-x	1
迷惑	mí huò	10722	ua-uo,h-f	1
欣然	xīn rán	10723	in-ing,an-ang,r-l,j-q-x	1
合一	hé yī	10725	h-f	1
激素	jī sù	10726	s-sh,j-q-x	1
前身	qián shēn	10727	en-eng,ian-iang,s-sh,j-q-x	1
样本	yàng běn	10728	en-eng,an-ang	1
语调	yǔ diào	10729		1
自已	zì yǐ	10730	z-zh	1
荡荡	dàng dàng	10731	an-ang	1
基石	jī shí	10732	s-sh,j-q-x	1
庙会	miào huì	10733	h-f	1
全权	quán quán	10734	uan-uang,j-q-x	1
手腕	shǒu wàn	10736	an-ang,ao-ou,s-sh	1
展厅	zhǎn tīng	10737	in-ing,an-ang,z-zh	1
遵照	zūn zhào	10738	ao-ou,z-zh	1
好汉	hǎo hàn	10739	an-ang,ao-ou,h-f	1
火热	huǒ rè	10740	ua-uo,h-f,r-l	1
清脆	qīng cuì	10741	in-ing,c-ch,j-q-x	1
自尽	zì jìn	10743	in-ing,z-zh,j-q-x	1
半天	bàn tiān	10744	an-ang,ian-iang	1
罢工	bà gōng	10745		1
不公	bù gōng	10746		1
登台	dēng tái	10747	en-eng,ai-ei	1
独有	dú yǒu	10748	ao-ou	1
明月	míng yuè	10749	in-ing	1
无需	wú xū	10750	j-q-x	1
访谈	fǎng tán	10752	an-ang,h-f	1
戈壁	gē bì	10753		1
抗争	kàng zhēng	10754	en-eng,an-ang,z-zh	1
老者	lǎo zhě	10755	ao-ou,z-zh,n-l,r-l	1
梦幻	mèng huàn	10757	en-eng,uan-uang,h-f	1
特邀	tè yāo	10758	ao-ou	1
威严	wēi yán	10759	an-ang,ai-ei	1
治污	zhì wū	10760	z-zh	1
冷落	lěng luò	10762	en-eng,ua-uo,n-l,r-l	1
首付	shǒu fù	10763	ao-ou,s-sh,h-f	1
舍得	shě de	10764	s-sh	1
小车	xiǎo chē	10765	c-ch,j-q-x	1
原野	yuán yě	10766	uan-uang	1
镇定	zhèn dìng	10767	en-eng,in-ing,z-zh	1
昂贵	áng guì	10768	an-ang	1
哽咽	gěng yè	10769	en-eng	3
脊梁	jǐ liáng	10770	ian-iang,n-l,r-l,j-q-x	1
家政	jiā zhèng	10771	en-eng,ia-ie,z-zh,j-q-x	1
勘察	kān chá	10772	an-ang,c-ch	1
求学	qiú xué	10773	j-q-x	1
试想	shì xiǎng	10774	ian-iang,s-sh,j-q-x	1
暑期	shǔ qī	10775	s-sh,j-q-x	1
探险	tàn xiǎn	10776	an-ang,ian-iang,j-q-x	1
白人	bái rén	10778	en-eng,ai-ei,r-l	1
放射	fàng shè	10779	an-ang,s-sh,h-f	1
谎言	huǎng yán	10780	an-ang,uan-uang,h-f	1
荔枝	lì zhī	10781	z-zh,n-l,r-l	1
人手	rén shǒu	10782	en-eng,ao-ou,s-sh,r-l	1
私有	sī yǒu	10783	ao-ou,s-sh	1
作法	zuò fǎ	10784	ua-uo,z-zh,h-f	1
采伐	cǎi fá	10786	ai-ei,c-ch,h-f	1
除夕	chú xī	10787	c-ch,j-q-x	1
加倍	jiā bèi	10788	ai-ei,ia-ie,j-q-x	1
泉水	quán shuǐ	10789	uan-uang,s-sh,j-q-x	1
打赢	dǎ yíng	10791	in-ing	1
反问	fǎn wèn	10793	en-eng,an-ang,h-f	1
关中	guān zhōng	10794	uan-uang,z-zh	1
海岛	hǎi dǎo	10795	ai-ei,ao-ou,h-f	1
觉醒	jué xǐng	10796	in-ing,j-q-x	1
盲人	máng rén	10797	en-eng,an-ang,r-l	1
事事	shì shì	10798	s-sh	1
蕴含	yùn hán	10800	an-ang,h-f	1
召回	zhào huí	10801	ao-ou,z-zh,h-f	1
潜艇	qián tǐng	10803	in-ing,ian-iang,j-q-x	1
无心	wú xīn	10804	in-ing,j-q-x	1
逼人	bī rén	10805	en-eng,r-l	1
濒临	bīn lín	10806	in-ing,n-l,r-l	1
户外	hù wài	10807	ai-ei,h-f	1
加油	jiā yóu	10808	ao-ou,ia-ie,j-q-x	1
区位	qū wèi	10809	ai-ei,j-q-x	1
书信	shū xìn	10810	in-ing,s-sh,j-q-x	1
下台	xià tái	10812	ai-ei,ia-ie,j-q-x	1
印章	yìn zhāng	10813	in-ing,an-ang,z-zh	1
归侨	guī qiáo	10815	j-q-x	1
花儿	huā er	10816	ua-uo,h-f	1
近似	jìn sì	10817	in-ing,s-sh,j-q-x	1
失衡	shī héng	10818	en-eng,s-sh,h-f	1
守信	shǒu xìn	10819	in-ing,ao-ou,s-sh,j-q-x	1
款项	kuǎn xiàng	10821	ian-iang,uan-uang,j-q-x	1
难于	nán yú	10822	an-ang,n-l	1
施加	shī jiā	10823	ia-ie,s-sh,j-q-x	1
手绢	shǒu juàn	10824	uan-uang,ao-ou,s-sh,j-q-x	1
庸俗	yōng sú	10825	s-sh	1
共和	gòng hé	10826	h-f	1
团聚	tuán jù	10827	uan-uang,j-q-x	1
细雨	xì yǔ	10828	j-q-x	1
行进	xíng jìn	10829	in-ing,j-q-x	1
波浪	bō làng	10830	an-ang,n-l,r-l	1
出血	chū xiě	10831	ia-ie,c-ch,j-q-x	1
归属	guī shǔ	10832	s-sh	1
紧缺	jǐn quē	10833	in-ing,j-q-x	1
磕头	kē tóu	10834	ao-ou	1
清澈	qīng chè	10835	in-ing,c-ch,j-q-x	1
涉外	shè wài	10836	ai-ei,s-sh	1
衰老	shuāi lǎo	10837	ao-ou,s-sh,n-l,r-l	1
意料	yì liào	10838	n-l,r-l	1
凡事	fán shì	10839	an-ang,s-sh,h-f	1
会面	huì miàn	10840	ian-iang,h-f	1
吉祥	jí xiáng	10843	ian-iang,j-q-x	1
倾注	qīng zhù	10844	in-ing,z-zh,j-q-x	1
素材	sù cái	10845	ai-ei,c-ch,s-sh	1
愚昧	yú mèi	10847	ai-ei	1
房东	fáng dōng	10848	an-ang,h-f	1
放假	fàng jià	10849	an-ang,ia-ie,h-f,j-q-x	1
环绕	huán rào	10850	uan-uang,ao-ou,h-f,r-l	1
激战	jī zhàn	10851	an-ang,z-zh,j-q-x	1
妥当	tuǒ dàng	10852	an-ang,ua-uo	1
雄伟	xióng wěi	10853	ai-ei,j-q-x	1
质问	zhì wèn	10854	en-eng,z-zh	1
处以	chǔ yǐ	10855	c-ch	1
非但	fēi dàn	10856	an-ang,ai-ei,h-f	1
数值	shù zhí	10858	z-zh,s-sh	1
月刊	yuè kān	10859	an-ang	1
炒作	chǎo zuò	10862	ao-ou,ua-uo,z-zh,c-ch	1
讴歌	ōu gē	10863	ao-ou	3
盛开	shèng kāi	10864	en-eng,ai-ei,s-sh	1
西服	xī fú	10865	h-f,j-q-x	1
下调	xià tiáo	10866	ia-ie,j-q-x	1
桂冠	guì guān	10868	uan-uang	1
行情	háng qíng	10869	in-ing,an-ang,h-f,j-q-x	1
激荡	jī dàng	10871	an-ang,j-q-x	1
中专	zhōng zhuān	10873	uan-uang,z-zh	1
畅谈	chàng tán	10875	an-ang,c-ch	1
大案	dà àn	10876	an-ang	1
功劳	gōng láo	10877	ao-ou,n-l,r-l	1
回扣	huí kòu	10878	ao-ou,h-f	1
机体	jī tǐ	10879	j-q-x	1
加固	jiā gù	10880	ia-ie,j-q-x	1
随笔	suí bǐ	10882	s-sh	1
蚊子	wén zi	10883	en-eng,z-zh	1
要害	yào hài	10885	ai-ei,ao-ou,h-f	1
早餐	zǎo cān	10886	an-ang,ao-ou,z-zh,c-ch	1
知觉	zhī jué	10887	z-zh,j-q-x	1
专版	zhuān bǎn	10888	an-ang,uan-uang,z-zh	1
公理	gōng lǐ	10890	n-l,r-l	1
顾及	gù jí	10891	j-q-x	1
汉人	hàn rén	10892	en-eng,an-ang,h-f,r-l	1
旧址	jiù zhǐ	10893	z-zh,j-q-x	1
路灯	lù dēng	10895	en-eng,n-l,r-l	1
求实	qiú shí	10896	s-sh,j-q-x	1
事态	shì tài	10897	ai-ei,s-sh	1
链条	liàn tiáo	10899	ian-iang,n-l,r-l	1
动车	dòng chē	10900	c-ch	1
留念	liú niàn	10901	ian-iang,n-l,r-l	1
马驹	mǎ jū	10902	j-q-x	1
销路	xiāo lù	10904	n-l,r-l,j-q-x	1
份儿	fèn er	10906	en-eng,h-f	1
丰碑	fēng bēi	10907	en-eng,ai-ei,h-f	1
硅谷	guī gǔ	10908		1
警戒	jǐng jiè	10909	in-ing,ia-ie,j-q-x	1
配件	pèi jiàn	10911	ian-iang,ai-ei,j-q-x	1
收割	shōu gē	10912	ao-ou,s-sh	1
手心	shǒu xīn	10913	in-ing,ao-ou,s-sh,j-q-x	1
校舍	xiào shè	10914	s-sh,j-q-x	1
紫色	zǐ sè	10915	z-zh,s-sh	1
工期	gōng qī	10916	j-q-x	1
礼拜	lǐ bài	10917	ai-ei,n-l,r-l	1
列举	liè jǔ	10918	ia-ie,n-l,r-l,j-q-x	1
放慢	fàng màn	10919	an-ang,h-f	1
昆曲	kūn qǔ	10920	j-q-x	1
热切	rè qiè	10921	ia-ie,r-l,j-q-x	1
善后	shàn hòu	10922	an-ang,ao-ou,s-sh,h-f	1
统战	tǒng zhàn	10924	an-ang,z-zh	1
执意	zhí yì	10926	z-zh	1
租界	zū jiè	10927	ia-ie,z-zh,j-q-x	1
机车	jī chē	10928	c-ch,j-q-x	1
准是	zhǔn shì	10931	z-zh,s-sh	1
不致	bù zhì	10932	z-zh	1
共存	gòng cún	10933	c-ch	1
激进	jī jìn	10934	in-ing,j-q-x	1
掠夺	lüè duó	10935	ua-uo,n-l,r-l	1
失信	shī xìn	10936	in-ing,s-sh,j-q-x	1
元年	yuán nián	10938	ian-iang,uan-uang,n-l	1
关押	guān yā	10939	uan-uang	1
女单	nǚ dān	10940	an-ang,n-l	1
宰相	zǎi xiàng	10942	ian-iang,ai-ei,z-zh,j-q-x	1
阐释	chǎn shì	10944	an-ang,c-ch,s-sh	1
除外	chú wài	10945	ai-ei,c-ch	1
翻盘	fān pán	10946	an-ang,h-f	1
焚烧	fén shāo	10947	en-eng,ao-ou,s-sh,h-f	1
落幕	luò mù	10949	ua-uo,n-l,r-l	1
双打	shuāng dǎ	10950	uan-uang,s-sh	1
无缘	wú yuán	10951	uan-uang	1
午后	wǔ hòu	10952	ao-ou,h-f	1
行贿	xíng huì	10953	in-ing,h-f,j-q-x	1
诱发	yòu fā	10954	ao-ou,h-f	1
逼近	bī jìn	10956	in-ing,j-q-x	1
常人	cháng rén	10957	en-eng,an-ang,c-ch,r-l	1
地税	dì shuì	10958	s-sh	1
河内	hé nèi	10959	ai-ei,n-l,h-f	1
舰艇	jiàn tǐng	10960	in-ing,ian-iang,j-q-x	1
难处	nán chù	10962	an-ang,c-ch,n-l	1
片子	piān zi	10963	ian-iang,z-zh	1
报仇	bào chóu	10966	ao-ou,c-ch	1
大抵	dà dǐ	10967		1
分辨	fēn biàn	10968	en-eng,ian-iang,h-f	1
好意	hǎo yì	10969	ao-ou,h-f	1
年限	nián xiàn	10971	ian-iang,n-l,j-q-x	1
审讯	shěn xùn	10972	en-eng,s-sh,j-q-x	1
写照	xiě zhào	10973	ao-ou,ia-ie,z-zh,j-q-x	1
心爱	xīn ài	10974	in-ing,ai-ei,j-q-x	1
同比	tóng bǐ	10976		1
误差	wù chā	10977	c-ch	1
禀报	bǐng bào	10978	in-ing,ao-ou	1
沉寂	chén jì	10979	en-eng,c-ch,j-q-x	1
喘息	chuǎn xī	10980	uan-uang,c-ch,j-q-x	1
浮现	fú xiàn	10982	ian-iang,h-f,j-q-x	1
排练	pái liàn	10984	ian-iang,ai-ei,n-l,r-l	1
丧生	sàng shēng	10985	en-eng,an-ang,s-sh	1
突围	tū wéi	10986	ai-ei	1
感触	gǎn chù	10988	an-ang,c-ch	1
后台	hòu tái	10989	ai-ei,ao-ou,h-f	1
头颅	tóu lú	10990	ao-ou,n-l,r-l	1
信徒	xìn tú	10992	in-ing,j-q-x	1
招手	zhāo shǒu	10994	ao-ou,z-zh,s-sh	1
中秋	zhōng qiū	10995	z-zh,j-q-x	1
格式	gé shi	10996	s-sh	1
教养	jiào yǎng	10997	an-ang,j-q-x	1
空地	kòng dì	10998		1
美女	měi nǚ	10999	ai-ei,n-l	1
融洽	róng qià	11000	ia-ie,r-l,j-q-x	1
丝绸	sī chóu	11001	ao-ou,c-ch,s-sh	1
晚期	wǎn qī	11002	an-ang,j-q-x	1
文盲	wén máng	11003	en-eng,an-ang	1
羽毛	yǔ máo	11004	ao-ou	1
边区	biān qū	11005	ian-iang,j-q-x	1
不等	bù děng	11006	en-eng	1
竞相	jìng xiāng	11008	in-ing,ian-iang,j-q-x	1
年中	nián zhōng	11010	ian-iang,z-zh,n-l	1
勋章	xūn zhāng	11012	an-ang,z-zh,j-q-x	1
过失	guò shī	11015	ua-uo,s-sh	1
记述	jì shù	11016	s-sh,j-q-x	1
叩头	kòu tóu	11017	ao-ou	1
打捞	dǎ lāo	11018	ao-ou,n-l,r-l	1
洪涝	hóng lào	11019	ao-ou,n-l,h-f,r-l	1
静止	jìng zhǐ	11020	in-ing,z-zh,j-q-x	1
考证	kǎo zhèng	11021	en-eng,ao-ou,z-zh	1
类别	lèi bié	11022	ai-ei,ia-ie,n-l,r-l	1
逆势	nì shì	11023	s-sh,n-l	1
围剿	wéi jiǎo	11025	ai-ei,j-q-x	1
虚心	xū xīn	11026	in-ing,j-q-x	1
一改	yī gǎi	11027	ai-ei	1
助长	zhù zhǎng	11028	an-ang,z-zh	1
辨别	biàn bié	11029	ian-iang,ia-ie	1
耻辱	chǐ rǔ	11030	c-ch,r-l	1
耗费	hào fèi	11032	ai-ei,ao-ou,h-f	1
巨型	jù xíng	11034	in-ing,j-q-x	1
林子	lín zi	11035	in-ing,z-zh,n-l,r-l	1
埋伏	mái fú	11036	ai-ei,h-f	1
票子	piào zi	11037	z-zh	1
微机	wēi jī	11040	ai-ei,j-q-x	1
夜空	yè kōng	11042		1
质询	zhì xún	11043	z-zh,j-q-x	1
客流	kè liú	11045	n-l,r-l	1
哲理	zhé lǐ	11046	z-zh,n-l,r-l	1
专科	zhuān kē	11047	uan-uang,z-zh	1
字母	zì mǔ	11048	z-zh	1
矗立	chù lì	11049	c-ch,n-l,r-l	1
考场	kǎo chǎng	11050	an-ang,ao-ou,c-ch	1
满族	mǎn zú	11051	an-ang,z-zh	1
徒弟	tú dì	11052		1
笑意	xiào yì	11054	j-q-x	1
左翼	zuǒ yì	11055	ua-uo,z-zh	1
完了	wán le	11056	an-ang,n-l,r-l	1
传送	chuán sòng	11057	uan-uang,c-ch,s-sh	1
公家	gōng jia	11058	ia-ie,j-q-x	1
看上	kàn shàng	11059	an-ang,s-sh	1
农垦	nóng kěn	11061	en-eng,n-l	1
旗袍	qí páo	11062	ao-ou,j-q-x	1
树苗	shù miáo	11063	s-sh	1
星光	xīng guāng	11064	in-ing,uan-uang,j-q-x	1
衬衫	chèn shān	11066	en-eng,an-ang,c-ch,s-sh	1
高超	gāo chāo	11067	ao-ou,c-ch	1
骨髓	gǔ suǐ	11068	s-sh	1
环卫	huán wèi	11069	uan-uang,ai-ei,h-f	1
敬佩	jìng pèi	11070	in-ing,ai-ei,j-q-x	1
领队	lǐng duì	11071	in-ing,n-l,r-l	1
亡国	wáng guó	11072	an-ang,ua-uo	1
初一	chū yī	11075	c-ch	1
厚重	hòu zhòng	11076	ao-ou,z-zh,h-f	1
金奖	jīn jiǎng	11077	in-ing,ian-iang,j-q-x	1
时限	shí xiàn	11078	ian-iang,s-sh,j-q-x	1
营救	yíng jiù	11079	in-ing,j-q-x	1
集聚	jí jù	11080	j-q-x	1
劳累	láo lèi	11082	ai-ei,ao-ou,n-l,r-l	1
邻近	lín jìn	11083	in-ing,n-l,r-l,j-q-x	1
铺设	pū shè	11084	s-sh	1
失地	shī dì	11085	s-sh	1
先导	xiān dǎo	11086	ian-iang,ao-ou,j-q-x	1
定量	dìng liàng	11087	in-ing,ian-iang,n-l,r-l	1
福气	fú qi	11088	h-f,j-q-x	1
还原	huán yuán	11089	uan-uang,h-f	1
诗集	shī jí	11090	s-sh,j-q-x	1
中将	zhōng jiàng	11092	ian-iang,z-zh,j-q-x	1
大头	dà tóu	11093	ao-ou	1
立志	lì zhì	11095	z-zh,n-l,r-l	1
忙于	máng yú	11096	an-ang	1
炮火	pào huǒ	11097	ao-ou,ua-uo,h-f	1
贪婪	tān lán	11098	an-ang,n-l,r-l	1
徐徐	xú xú	11100	j-q-x	1
浏览	liú lǎn	11101	an-ang,n-l,r-l	1
香气	xiāng qì	11102	ian-iang,j-q-x	1
院落	yuàn luò	11103	uan-uang,ua-uo,n-l,r-l	1
遍地	biàn dì	11104	ian-iang	1
存量	cún liàng	11105	ian-iang,c-ch,n-l,r-l	1
独家	dú jiā	11106	ia-ie,j-q-x	1
祭祀	jì sì	11108	s-sh,j-q-x	1
鉴别	jiàn bié	11109	ian-iang,ia-ie,j-q-x	1
破烂	pò làn	11110	an-ang,n-l,r-l	1
抢占	qiǎng zhàn	11111	an-ang,ian-iang,z-zh,j-q-x	1
视频	shì pín	11112	in-ing,s-sh	1
西亚	xī yà	11113	j-q-x	1
虚构	xū gòu	11114	ao-ou,j-q-x	1
住户	zhù hù	11115	z-zh,h-f	1
骚扰	sāo rǎo	11116	ao-ou,s-sh,r-l	1
事前	shì qián	11117	ian-iang,s-sh,j-q-x	1
复议	fù yì	11118	h-f	1
回复	huí fù	11119	h-f	1
牧师	mù shī	11122	s-sh	1
盆地	pén dì	11123	en-eng	1
去处	qù chù	11124	c-ch,j-q-x	1
天使	tiān shǐ	11125	ian-iang,s-sh	1
相邻	xiāng lín	11127	in-ing,ian-iang,n-l,r-l,j-q-x	1
支票	zhī piào	11128	z-zh	1
鞭子	biān zi	11129	ian-iang,z-zh	1
穿梭	chuān suō	11130	uan-uang,ua-uo,c-ch,s-sh	1
紧跟	jǐn gēn	11133	en-eng,in-ing,j-q-x	1
枯竭	kū jié	11134	ia-ie,j-q-x	1
莲花	lián huā	11135	ian-iang,ua-uo,n-l,h-f,r-l	1
公馆	gōng guǎn	11136	uan-uang	1
欢庆	huān qìng	11137	in-ing,uan-uang,h-f,j-q-x	1
内陆	nèi lù	11138	ai-ei,n-l,r-l	1
骗子	piàn zi	11139	ian-iang,z-zh	1
评判	píng pàn	11140	in-ing,an-ang	1
破碎	pò suì	11141	s-sh	1
千古	qiān gǔ	11142	ian-iang,j-q-x	1
切身	qiè shēn	11143	en-eng,ia-ie,s-sh,j-q-x	1
寻觅	xún mì	11145	j-q-x	1
执著	zhí zhuó	11146	ua-uo,z-zh	1
套现	tào xiàn	11147	ian-iang,ao-ou,j-q-x	1
遍及	biàn jí	11149	ian-iang,j-q-x	1
沉淀	chén diàn	11150	en-eng,ian-iang,c-ch	1
光滑	guāng huá	11151	uan-uang,ua-uo,h-f	1
国歌	guó gē	11152	ua-uo	1
坚硬	jiān yìng	11153	in-ing,ian-iang,j-q-x	1
讲授	jiǎng shòu	11154	ian-iang,ao-ou,s-sh,j-q-x	1
界线	jiè xiàn	11155	ian-iang,ia-ie,j-q-x	1
口音	kǒu yīn	11156	in-ing,ao-ou	1
铃声	líng shēng	11157	en-eng,in-ing,s-sh,n-l,r-l	1
盘算	pán suan	11158	an-ang,uan-uang,s-sh	1
时评	shí píng	11159	in-ing,s-sh	1
乘势	chéng shì	11160	en-eng,c-ch,s-sh	1
路径	lù jìng	11162	in-ing,n-l,r-l,j-q-x	1
受苦	shòu kǔ	11163	ao-ou,s-sh	1
相貌	xiàng mào	11164	ian-iang,ao-ou,j-q-x	1
有病	yǒu bìng	11165	in-ing,ao-ou	1
走势	zǒu shì	11167	ao-ou,z-zh,s-sh	1
背叛	bèi pàn	11168	an-ang,ai-ei	1
封堵	fēng dǔ	11169	en-eng,h-f	1
工序	gōng xù	11171	j-q-x	1
假装	jiǎ zhuāng	11173	uan-uang,ia-ie,z-zh,j-q-x	1
粮油	liáng yóu	11174	ian-iang,ao-ou,n-l,r-l	1
新药	xīn yào	11175	in-ing,ao-ou,j-q-x	1
选购	xuǎn gòu	11176	uan-uang,ao-ou,j-q-x	1
氏族	shì zú	11178	z-zh,s-sh	1
倒塌	dǎo tā	11179	ao-ou	1
放声	fàng shēng	11180	en-eng,an-ang,s-sh,h-f	1
付款	fù kuǎn	11181	uan-uang,h-f	1
宫殿	gōng diàn	11182	ian-iang	1
胡乱	hú luàn	11183	uan-uang,n-l,h-f,r-l	1
节制	jié zhì	11184	ia-ie,z-zh,j-q-x	1
强奸	qiáng jiān	11185	ian-iang,j-q-x	1
实战	shí zhàn	11186	an-ang,z-zh,s-sh	1
书桌	shū zhuō	11187	ua-uo,z-zh,s-sh	1
术语	shù yǔ	11188	s-sh	1
编剧	biān jù	11192	ian-iang,j-q-x	1
店主	diàn zhǔ	11193	ian-iang,z-zh	1
断绝	duàn jué	11194	uan-uang,j-q-x	1
叫喊	jiào hǎn	11195	an-ang,h-f,j-q-x	1
举止	jǔ zhǐ	11196	z-zh,j-q-x	1
新郎	xīn láng	11198	in-ing,an-ang,n-l,r-l,j-q-x	1
再有	zài yǒu	11199	ai-ei,ao-ou,z-zh	1
后继	hòu jì	11201	ao-ou,h-f,j-q-x	1
家用	jiā yòng	11202	ia-ie,j-q-x	1
随行	suí xíng	11204	in-ing,s-sh,j-q-x	1
索取	suǒ qǔ	11205	ua-uo,s-sh,j-q-x	1
迎合	yíng hé	11207	in-ing,h-f	1
作声	zuò shēng	11208	en-eng,ua-uo,z-zh,s-sh	1
奥秘	ào mì	11209	ao-ou	1
电车	diàn chē	11210	ian-iang,c-ch	1
烦躁	fán zào	11211	an-ang,ao-ou,z-zh,h-f	1
画册	huà cè	11212	ua-uo,c-ch,h-f	1
懒得	lǎn de	11213	an-ang,n-l,r-l	1
水手	shuǐ shǒu	11214	ao-ou,s-sh	1
鼻孔	bí kǒng	11217		1
彩虹	cǎi hóng	11218	ai-ei,c-ch,h-f	1
长廊	cháng láng	11219	an-ang,c-ch,n-l,r-l	1
成套	chéng tào	11220	en-eng,ao-ou,c-ch	1
从政	cóng zhèng	11221	en-eng,z-zh,c-ch	1
墓地	mù dì	11223		1
平房	píng fáng	11224	in-ing,an-ang,h-f	1
清洗	qīng xǐ	11225	in-ing,j-q-x	1
书架	shū jià	11226	ia-ie,s-sh,j-q-x	1
松树	sōng shù	11227	s-sh	1
稳固	wěn gù	11228	en-eng	1
遗忘	yí wàng	11229	an-ang	1
风雪	fēng xuě	11231	en-eng,h-f,j-q-x	1
巨变	jù biàn	11233	ian-iang,j-q-x	1
流畅	liú chàng	11234	an-ang,c-ch,n-l,r-l	1
上周	shàng zhōu	11235	an-ang,ao-ou,z-zh,s-sh	1
事变	shì biàn	11236	ian-iang,s-sh	1
唾沫	tuò mo	11237	ua-uo	1
陷于	xiàn yú	11238	ian-iang,j-q-x	1
圆形	yuán xíng	11239	in-ing,uan-uang,j-q-x	1
真空	zhēn kōng	11240	en-eng,z-zh	1
指向	zhǐ xiàng	11241	ian-iang,z-zh,j-q-x	1
主业	zhǔ yè	11242	z-zh	1
并肩	bìng jiān	11243	in-ing,ian-iang,j-q-x	1
出嫁	chū jià	11244	ia-ie,c-ch,j-q-x	1
扶助	fú zhù	11246	z-zh,h-f	1
篮子	lán zi	11247	an-ang,z-zh,n-l,r-l	1
期满	qī mǎn	11249	an-ang,j-q-x	1
运力	yùn lì	11250	n-l,r-l	1
但见	dàn jiàn	11251	an-ang,ian-iang,j-q-x	1
观摩	guān mó	11252	uan-uang	1
讲求	jiǎng qiú	11253	ian-iang,j-q-x	1
解析	jiě xī	11254	ia-ie,j-q-x	1
进修	jìn xiū	11255	in-ing,j-q-x	1
勉励	miǎn lì	11256	ian-iang,n-l,r-l	1
叔父	shū fù	11257	s-sh,h-f	1
挑衅	tiǎo xìn	11258	in-ing,j-q-x	1
王府	wáng fǔ	11259	an-ang,h-f	1
炸药	zhà yào	11261	ao-ou,z-zh	1
存储	cún chǔ	11262	c-ch	1
高地	gāo dì	11263	ao-ou	1
各异	gè yì	11264		1
唤醒	huàn xǐng	11265	in-ing,uan-uang,h-f,j-q-x	1
电线	diàn xiàn	11267	ian-iang,j-q-x	1
红灯	hóng dēng	11268	en-eng,h-f	1
声势	shēng shì	11272	en-eng,s-sh	1
窒息	zhì xī	11273	z-zh,j-q-x	1
中层	zhōng céng	11274	en-eng,z-zh,c-ch	1
车祸	chē huò	11276	ua-uo,c-ch,h-f	1
过往	guò wǎng	11278	an-ang,ua-uo	1
劲头	jìn tóu	11279	in-ing,ao-ou,j-q-x	1
拒不	jù bù	11280	j-q-x	1
朗诵	lǎng sòng	11281	an-ang,s-sh,n-l,r-l	1
漂流	piāo liú	11282	n-l,r-l	1
舞厅	wǔ tīng	11284	in-ing	1
选取	xuǎn qǔ	11286	uan-uang,j-q-x	1
严防	yán fáng	11287	an-ang,h-f	1
阴暗	yīn àn	11288	in-ing,an-ang	1
终结	zhōng jié	11290	ia-ie,z-zh,j-q-x	1
抱歉	bào qiàn	11291	ian-iang,ao-ou,j-q-x	1
钉子	dīng zi	11294	in-ing,z-zh	1
反驳	fǎn bó	11295	an-ang,h-f	1
拱手	gǒng shǒu	11296	ao-ou,s-sh	1
老化	lǎo huà	11297	ao-ou,ua-uo,n-l,h-f,r-l	1
免征	miǎn zhēng	11298	en-eng,ian-iang,z-zh	1
启程	qǐ chéng	11299	en-eng,c-ch,j-q-x	1
师父	shī fu	11301	s-sh,h-f	1
无名	wú míng	11302	in-ing	1
凶手	xiōng shǒu	11303	ao-ou,s-sh,j-q-x	1
转机	zhuǎn jī	11304	uan-uang,z-zh,j-q-x	1
赤道	chì dào	11305	ao-ou,c-ch	1
宾主	bīn zhǔ	11306	in-ing,z-zh	1
时政	shí zhèng	11309	en-eng,z-zh,s-sh	1
娃子	wá zi	11310	z-zh	1
斩首	zhǎn shǒu	11313	an-ang,ao-ou,z-zh,s-sh	1
注明	zhù míng	11314	in-ing,z-zh	1
总监	zǒng jiān	11315	ian-iang,z-zh,j-q-x	1
钻石	zuàn shí	11316	uan-uang,z-zh,s-sh	1
兵器	bīng qì	11317	in-ing,j-q-x	1
乖乖	guāi guāi	11318		1
解救	jiě jiù	11319	ia-ie,j-q-x	1
募集	mù jí	11320	j-q-x	1
齐声	qí shēng	11321	en-eng,s-sh,j-q-x	1
深信	shēn xìn	11322	en-eng,in-ing,s-sh,j-q-x	1
质朴	zhì pǔ	11325	z-zh	1
厚度	hòu dù	11326	ao-ou,h-f	1
调和	tiáo hé	11327	h-f	1
心意	xīn yì	11328	in-ing,j-q-x	1
逐一	zhú yī	11329	z-zh	1
就诊	jiù zhěn	11330	en-eng,z-zh,j-q-x	1
落叶	luò yè	11332	ua-uo,n-l,r-l	1
驱使	qū shǐ	11333	s-sh,j-q-x	1
停电	tíng diàn	11335	in-ing,ian-iang	1
无端	wú duān	11336	uan-uang	1
池塘	chí táng	11338	an-ang,c-ch	1
督察	dū chá	11339	c-ch	1
呼啸	hū xiào	11341	h-f,j-q-x	1
清静	qīng jìng	11342	in-ing,j-q-x	1
爽快	shuǎng kuai	11343	uan-uang,s-sh	1
沉静	chén jìng	11345	en-eng,in-ing,c-ch,j-q-x	1
简短	jiǎn duǎn	11346	ian-iang,uan-uang,j-q-x	1
免除	miǎn chú	11348	ian-iang,c-ch	1
珊瑚	shān hú	11349	an-ang,s-sh,h-f	3
生计	shēng jì	11350	en-eng,s-sh,j-q-x	1
售票	shòu piào	11351	ao-ou,s-sh	1
合金	hé jīn	11352	in-ing,h-f,j-q-x	1
兑换	duì huàn	11353	uan-uang,h-f	1
固守	gù shǒu	11354	ao-ou,s-sh	1
黑影	hēi yǐng	11355	in-ing,ai-ei,h-f	1
弯腰	wān yāo	11356	an-ang,ao-ou	1
已然	yǐ rán	11357	an-ang,r-l	1
半截	bàn jié	11358	an-ang,ia-ie,j-q-x	1
耕耘	gēng yún	11360	en-eng	1
排水	pái shuǐ	11362	ai-ei,s-sh	1
无边	wú biān	11363	ian-iang	1
因果	yīn guǒ	11364	in-ing,ua-uo	1
专场	zhuān chǎng	11365	an-ang,uan-uang,z-zh,c-ch	1
观望	guān wàng	11366	an-ang,uan-uang	1
私自	sī zì	11367	z-zh,s-sh	1
参政	cān zhèng	11368	en-eng,an-ang,z-zh,c-ch	1
和睦	hé mù	11371	h-f	1
觉察	jué chá	11375	c-ch,j-q-x	1
呕吐	ǒu tù	11376	ao-ou	1
升温	shēng wēn	11377	en-eng,s-sh	1
引水	yǐn shuǐ	11378	in-ing,s-sh	1
自如	zì rú	11380	z-zh,r-l	1
废弃	fèi qì	11382	ai-ei,h-f,j-q-x	1
分队	fēn duì	11383	en-eng,h-f	1
狡猾	jiǎo huá	11386	ua-uo,h-f,j-q-x	1
亮丽	liàng lì	11387	ian-iang,n-l,r-l	1
名目	míng mù	11388	in-ing	1
容器	róng qì	11389	r-l,j-q-x	1
完好	wán hǎo	11390	an-ang,ao-ou,h-f	1
刑罚	xíng fá	11391	in-ing,h-f,j-q-x	1
珍藏	zhēn cáng	11392	en-eng,an-ang,z-zh,c-ch	1
公诉	gōng sù	11394	s-sh	1
过重	guò zhòng	11395	ua-uo,z-zh	1
名次	míng cì	11396	in-ing,c-ch	1
球场	qiú chǎng	11397	an-ang,c-ch,j-q-x	1
上衣	shàng yī	11398	an-ang,s-sh	1
域名	yù míng	11400	in-ing	1
正直	zhèng zhí	11401	en-eng,z-zh	1
案情	àn qíng	11402	in-ing,an-ang,j-q-x	1
动感	dòng gǎn	11403	an-ang	1
捐资	juān zī	11404	uan-uang,z-zh,j-q-x	1
指针	zhǐ zhēn	11405	en-eng,z-zh	1
暗杀	àn shā	11406	an-ang,s-sh	1
不善	bù shàn	11407	an-ang,s-sh	1
军校	jūn xiào	11409	j-q-x	1
山羊	shān yáng	11410	an-ang,s-sh	1
玩耍	wán shuǎ	11411	an-ang,ua-uo,s-sh	1
汹涌	xiōng yǒng	11412	j-q-x	1
海事	hǎi shì	11414	ai-ei,s-sh,h-f	1
好感	hǎo gǎn	11415	an-ang,ao-ou,h-f	1
换取	huàn qǔ	11416	uan-uang,h-f,j-q-x	1
就近	jiù jìn	11417	in-ing,j-q-x	1
流感	liú gǎn	11418	an-ang,n-l,r-l	1
民法	mín fǎ	11419	in-ing,h-f	1
女郎	nǚ láng	11420	an-ang,n-l,r-l	1
情调	qíng diào	11421	in-ing,j-q-x	1
推理	tuī lǐ	11422	n-l,r-l	1
等同	děng tóng	11423	en-eng	1
高额	gāo é	11424	ao-ou	1
绘制	huì zhì	11425	z-zh,h-f	1
脑筋	nǎo jīn	11426	in-ing,ao-ou,n-l,j-q-x	1
突变	tū biàn	11428	ian-iang	1
王子	wáng zǐ	11429	an-ang,z-zh	1
为数	wéi shù	11430	ai-ei,s-sh	1
宣判	xuān pàn	11431	an-ang,uan-uang,j-q-x	1
延误	yán wù	11432	an-ang	1
有形	yǒu xíng	11433	in-ing,ao-ou,j-q-x	1
复活	fù huó	11434	ua-uo,h-f	1
搜查	sōu chá	11437	ao-ou,c-ch,s-sh	1
泄露	xiè lòu	11438	ao-ou,ia-ie,n-l,r-l,j-q-x	1
演戏	yǎn xì	11439	an-ang,j-q-x	1
衣物	yī wù	11440		1
空客	kōng kè	11441		1
勇士	yǒng shì	11442	s-sh	1
白菜	bái cài	11443	ai-ei,c-ch	1
摒弃	bìng qì	11444	in-ing,j-q-x	3
昏迷	hūn mí	11446	h-f	1
卡通	kǎ tōng	11447		1
叛徒	pàn tú	11448	an-ang	1
庆幸	qìng xìng	11449	in-ing,j-q-x	1
致死	zhì sǐ	11450	z-zh,s-sh	1
对岸	duì àn	11451	an-ang	1
分期	fēn qī	11452	en-eng,h-f,j-q-x	1
报料	bào liào	11453	ao-ou,n-l,r-l	1
广义	guǎng yì	11454	uan-uang	1
归国	guī guó	11455	ua-uo	1
勘查	kān chá	11456	an-ang,c-ch	1
渲染	xuàn rǎn	11459	an-ang,uan-uang,r-l,j-q-x	1
版面	bǎn miàn	11460	an-ang,ian-iang	1
雇员	gù yuán	11463	uan-uang	1
庆贺	qìng hè	11464	in-ing,h-f,j-q-x	1
击中	jī zhòng	11468	z-zh,j-q-x	1
精辟	jīng pì	11469	in-ing,j-q-x	1
良知	liáng zhī	11470	ian-iang,z-zh,n-l,r-l	1
评委	píng wěi	11471	in-ing,ai-ei	1
乳房	rǔ fáng	11472	an-ang,h-f,r-l	1
胜任	shèng rèn	11473	en-eng,s-sh,r-l	1
限定	xiàn dìng	11475	in-ing,ian-iang,j-q-x	1
作证	zuò zhèng	11476	en-eng,ua-uo,z-zh	1
分泌	fēn mì	11477	en-eng,h-f	1
喝彩	hè cǎi	11480	ai-ei,c-ch,h-f	1
开张	kāi zhāng	11481	an-ang,ai-ei,z-zh	1
试管	shì guǎn	11482	uan-uang,s-sh	1
引渡	yǐn dù	11484	in-ing	1
中标	zhòng biāo	11485	z-zh	1
专注	zhuān zhù	11486	uan-uang,z-zh	1
不合	bù hé	11487	h-f	1
国事	guó shì	11489	ua-uo,s-sh	1
海区	hǎi qū	11490	ai-ei,h-f,j-q-x	1
惊恐	jīng kǒng	11491	in-ing,j-q-x	1
军舰	jūn jiàn	11492	ian-iang,j-q-x	1
铜钱	tóng qián	11494	ian-iang,j-q-x	1
新居	xīn jū	11495	in-ing,j-q-x	1
战乱	zhàn luàn	11496	an-ang,uan-uang,z-zh,n-l,r-l	1
阵线	zhèn xiàn	11497	en-eng,ian-iang,z-zh,j-q-x	1
指甲	zhǐ jia	11498	ia-ie,z-zh,j-q-x	1
儿媳	ér xí	11499	j-q-x	1
感知	gǎn zhī	11500	an-ang,z-zh	1
见效	jiàn xiào	11501	ian-iang,j-q-x	1
留言	liú yán	11502	an-ang,n-l,r-l	1
入睡	rù shuì	11503	s-sh,r-l	1
授课	shòu kè	11504	ao-ou,s-sh	1
田园	tián yuán	11505	ian-iang,uan-uang	1
弯曲	wān qū	11506	an-ang,j-q-x	1
校门	xiào mén	11507	en-eng,j-q-x	1
叶片	yè piàn	11508	ian-iang	1
忧伤	yōu shāng	11509	an-ang,ao-ou,s-sh	1
政企	zhèng qǐ	11510	en-eng,z-zh,j-q-x	1
坐标	zuò biāo	11511	ua-uo,z-zh	1
短信	duǎn xìn	11512	in-ing,uan-uang,j-q-x	1
沐浴	mù yù	11513		1
树干	shù gàn	11514	an-ang,s-sh	1
细微	xì wēi	11515	ai-ei,j-q-x	1
报送	bào sòng	11516	ao-ou,s-sh	1
荡漾	dàng yàng	11518	an-ang	1
讲演	jiǎng yǎn	11520	an-ang,ian-iang,j-q-x	1
失落	shī luò	11521	ua-uo,s-sh,n-l,r-l	1
演示	yǎn shì	11522	an-ang,s-sh	1
愈加	yù jiā	11523	ia-ie,j-q-x	1
高祖	gāo zǔ	11525	ao-ou,z-zh	1
剪纸	jiǎn zhǐ	11526	ian-iang,z-zh,j-q-x	1
戒毒	jiè dú	11528	ia-ie,j-q-x	1
开垦	kāi kěn	11529	en-eng,ai-ei	1
冷暖	lěng nuǎn	11530	en-eng,uan-uang,n-l,r-l	1
例行	lì xíng	11531	in-ing,n-l,r-l,j-q-x	1
磨难	mó nàn	11532	an-ang,n-l	1
不意	bù yì	11534		1
查封	chá fēng	11535	en-eng,c-ch,h-f	1
出海	chū hǎi	11536	ai-ei,c-ch,h-f	1
筛查	shāi chá	11537	ai-ei,c-ch,s-sh	1
低迷	dī mí	11538		1
简要	jiǎn yào	11539	ian-iang,ao-ou,j-q-x	1
裸露	luǒ lù	11540	ua-uo,n-l,r-l	1
皮包	pí bāo	11541	ao-ou	1
商讨	shāng tǎo	11542	an-ang,ao-ou,s-sh	1
头等	tóu děng	11543	en-eng,ao-ou	1
相称	xiāng chèn	11544	en-eng,ian-iang,c-ch,j-q-x	1
野兽	yě shòu	11545	ao-ou,s-sh	1
种群	zhǒng qún	11546	z-zh,j-q-x	1
长河	cháng hé	11550	an-ang,c-ch,h-f	1
留意	liú yì	11551	n-l,r-l	1
票据	piào jù	11552	j-q-x	1
全集	quán jí	11553	uan-uang,j-q-x	1
月初	yuè chū	11554	c-ch	1
展品	zhǎn pǐn	11555	in-ing,an-ang,z-zh	1
张贴	zhāng tiē	11556	an-ang,ia-ie,z-zh	1
至上	zhì shàng	11557	an-ang,z-zh,s-sh	1
编号	biān hào	11558	ian-iang,ao-ou,h-f	1
技工	jì gōng	11560	j-q-x	1
简洁	jiǎn jié	11561	ian-iang,ia-ie,j-q-x	1
厉声	lì shēng	11562	en-eng,s-sh,n-l,r-l	1
联结	lián jié	11563	ian-iang,ia-ie,n-l,r-l,j-q-x	1
灭绝	miè jué	11564	ia-ie,j-q-x	1
品味	pǐn wèi	11565	in-ing,ai-ei	1
广度	guǎng dù	11569	uan-uang	1
女兵	nǚ bīng	11571	in-ing,n-l	1
日光	rì guāng	11573	uan-uang,r-l	1
天鹅	tiān é	11574	ian-iang	1
外在	wài zài	11575	ai-ei,z-zh	1
野心	yě xīn	11576	in-ing,j-q-x	1
远东	yuǎn dōng	11577	uan-uang	1
道士	dào shi	11578	ao-ou,s-sh	1
雕像	diāo xiàng	11579	ian-iang,j-q-x	1
机密	jī mì	11580	j-q-x	1
开场	kāi chǎng	11581	an-ang,ai-ei,c-ch	1
浓缩	nóng suō	11582	ua-uo,s-sh,n-l	1
压制	yā zhì	11584	z-zh	1
增效	zēng xiào	11585	en-eng,z-zh,j-q-x	1
挣脱	zhèng tuō	11586	en-eng,ua-uo,z-zh	1
沉闷	chén mèn	11587	en-eng,c-ch	1
迟早	chí zǎo	11588	ao-ou,z-zh,c-ch	1
关口	guān kǒu	11589	uan-uang,ao-ou	1
羁押	jī yā	11590	j-q-x	3
傻瓜	shǎ guā	11591	ua-uo,s-sh	1
实有	shí yǒu	11592	ao-ou,s-sh	1
悬念	xuán niàn	11593	ian-iang,uan-uang,n-l,j-q-x	1
加班	jiā bān	11594	an-ang,ia-ie,j-q-x	1
结识	jié shí	11595	ia-ie,s-sh,j-q-x	1
盘旋	pán xuán	11596	an-ang,uan-uang,j-q-x	1
深邃	shēn suì	11597	en-eng,s-sh	3
学识	xué shí	11598	s-sh,j-q-x	1
分会	fēn huì	11599	en-eng,h-f	1
青蛙	qīng wā	11600	in-ing,j-q-x	1
隐约	yǐn yuē	11602	in-ing	1
钓鱼	diào yú	11604		1
即位	jí wèi	11605	ai-ei,j-q-x	1
敏捷	mǐn jié	11606	in-ing,ia-ie,j-q-x	1
想见	xiǎng jiàn	11607	ian-iang,j-q-x	1
姨妈	yí mā	11608		1
读本	dú běn	11609	en-eng	1
黄瓜	huáng guā	11610	uan-uang,ua-uo,h-f	1
检阅	jiǎn yuè	11612	ian-iang,j-q-x	1
泪珠	lèi zhū	11613	ai-ei,z-zh,n-l,r-l	1
明朗	míng lǎng	11614	in-ing,an-ang,n-l,r-l	1
新意	xīn yì	11615	in-ing,j-q-x	1
出厂	chū chǎng	11617	an-ang,c-ch	1
东边	dōng bian	11618	ian-iang	1
方位	fāng wèi	11619	an-ang,ai-ei,h-f	1
干流	gàn liú	11621	an-ang,n-l,r-l	1
口腔	kǒu qiāng	11622	ian-iang,ao-ou,j-q-x	1
前程	qián chéng	11624	en-eng,ian-iang,c-ch,j-q-x	1
燃气	rán qì	11625	an-ang,r-l,j-q-x	1
相待	xiāng dài	11626	ian-iang,ai-ei,j-q-x	1
高粱	gāo liang	11627	ian-iang,ao-ou,n-l,r-l	1
毫升	háo shēng	11628	en-eng,ao-ou,s-sh,h-f	1
机能	jī néng	11629	en-eng,n-l,j-q-x	1
军工	jūn gōng	11631	j-q-x	1
问及	wèn jí	11632	en-eng,j-q-x	1
发亮	fā liàng	11635	ian-iang,n-l,h-f,r-l	1
贵宾	guì bīn	11636	in-ing	1
满身	mǎn shēn	11638	en-eng,an-ang,s-sh	1
屈服	qū fú	11639	h-f,j-q-x	1
修好	xiū hǎo	11641	ao-ou,h-f,j-q-x	1
转播	zhuǎn bō	11645	uan-uang,z-zh	1
扁担	biǎn dan	11646	an-ang,ian-iang	1
好话	hǎo huà	11648	ao-ou,ua-uo,h-f	1
免职	miǎn zhí	11649	ian-iang,z-zh	1
珍稀	zhēn xī	11652	en-eng,z-zh,j-q-x	1
住所	zhù suǒ	11653	ua-uo,z-zh,s-sh	1
电缆	diàn lǎn	11654	an-ang,ian-iang,n-l,r-l	1
冲破	chōng pò	11657	c-ch	1
荒漠	huāng mò	11658	uan-uang,h-f	1
婚事	hūn shì	11659	s-sh,h-f	1
偶像	ǒu xiàng	11660	ian-iang,ao-ou,j-q-x	1
市容	shì róng	11661	s-sh,r-l	1
外头	wài tou	11662	ai-ei,ao-ou	1
血压	xuè yā	11663	j-q-x	1
征税	zhēng shuì	11664	en-eng,z-zh,s-sh	1
总管	zǒng guǎn	11665	uan-uang,z-zh	1
定理	dìng lǐ	11666	in-ing,n-l,r-l	1
后生	hòu shēng	11667	en-eng,ao-ou,s-sh,h-f	1
救命	jiù mìng	11668	in-ing,j-q-x	1
旗号	qí hào	11669	ao-ou,h-f,j-q-x	1
憔悴	qiáo cuì	11670	c-ch,j-q-x	1
姑姑	gū gu	11673		1
古籍	gǔ jí	11674	j-q-x	1
鼓动	gǔ dòng	11675		1
嫁接	jià jiē	11676	ia-ie,j-q-x	1
领悟	lǐng wù	11677	in-ing,n-l,r-l	1
判定	pàn dìng	11678	in-ing,an-ang	1
启蒙	qǐ méng	11679	en-eng,j-q-x	1
擅长	shàn cháng	11681	an-ang,c-ch,s-sh	1
少将	shào jiàng	11682	ian-iang,ao-ou,s-sh,j-q-x	1
深造	shēn zào	11683	en-eng,ao-ou,z-zh,s-sh	1
晚间	wǎn jiān	11684	an-ang,ian-iang,j-q-x	1
新婚	xīn hūn	11685	in-ing,h-f,j-q-x	1
烟囱	yān cōng	11686	an-ang,c-ch	1
战时	zhàn shí	11687	an-ang,z-zh,s-sh	1
周转	zhōu zhuǎn	11688	uan-uang,ao-ou,z-zh	1
嘈杂	cáo zá	11689	ao-ou,z-zh,c-ch	3
出示	chū shì	11690	c-ch,s-sh	1
代为	dài wéi	11691	ai-ei	1
管护	guǎn hù	11692	uan-uang,h-f	1
喇嘛	lǎ ma	11693	n-l,r-l	1
理睬	lǐ cǎi	11694	ai-ei,c-ch,n-l,r-l	1
历年	lì nián	11695	ian-iang,n-l,r-l	1
扭亏	niǔ kuī	11696	n-l	1
破解	pò jiě	11697	ia-ie,j-q-x	1
勤政	qín zhèng	11698	en-eng,in-ing,z-zh,j-q-x	1
通话	tōng huà	11699	ua-uo,h-f	1
形体	xíng tǐ	11700	in-ing,j-q-x	1
宝珠	bǎo zhū	11704	ao-ou,z-zh	1
编造	biān zào	11705	ian-iang,ao-ou,z-zh	1
拨打	bō dǎ	11706		1
博得	bó dé	11707		1
奋勇	fèn yǒng	11708	en-eng,h-f	1
骨肉	gǔ ròu	11709	ao-ou,r-l	1
盘活	pán huó	11710	an-ang,ua-uo,h-f	1
请假	qǐng jià	11712	in-ing,ia-ie,j-q-x	1
劝阻	quàn zǔ	11713	uan-uang,z-zh,j-q-x	1
严正	yán zhèng	11714	en-eng,an-ang,z-zh	1
辨认	biàn rèn	11715	en-eng,ian-iang,r-l	1
军警	jūn jǐng	11716	in-ing,j-q-x	1
扣押	kòu yā	11717	ao-ou	1
款待	kuǎn dài	11718	uan-uang,ai-ei	1
拦截	lán jié	11719	an-ang,ia-ie,n-l,r-l,j-q-x	1
清白	qīng bái	11721	in-ing,ai-ei,j-q-x	1
融化	róng huà	11722	ua-uo,h-f,r-l	1
天明	tiān míng	11724	in-ing,ian-iang	1
耶稣	yē sū	11725	s-sh	2
战火	zhàn huǒ	11726	an-ang,ua-uo,z-zh,h-f	1
杆子	gān zi	11727	an-ang,z-zh	1
花圈	huā quān	11728	uan-uang,ua-uo,h-f,j-q-x	1
棉被	mián bèi	11730	ian-iang,ai-ei	1
颇具	pō jù	11731	j-q-x	1
奇妙	qí miào	11732	j-q-x	1
躯体	qū tǐ	11733	j-q-x	1
山野	shān yě	11734	an-ang,s-sh	1
西域	xī yù	11735	j-q-x	1
乡间	xiāng jiān	11736	ian-iang,j-q-x	1
得主	dé zhǔ	11737	z-zh	1
老少	lǎo shào	11738	ao-ou,s-sh,n-l,r-l	1
票房	piào fáng	11740	an-ang,h-f	1
平平	píng píng	11741	in-ing	1
伤残	shāng cán	11742	an-ang,c-ch,s-sh	1
冰凉	bīng liáng	11743	in-ing,ian-iang,n-l,r-l	1
才干	cái gàn	11744	an-ang,ai-ei,c-ch	1
代谢	dài xiè	11745	ai-ei,ia-ie,j-q-x	1
多多	duō duō	11746	ua-uo	1
分批	fēn pī	11747	en-eng,h-f	1
国库	guó kù	11748	ua-uo	1
俗称	sú chēng	11749	en-eng,c-ch,s-sh	1
参看	cān kàn	11750	an-ang,c-ch	1
胆怯	dǎn qiè	11751	an-ang,ia-ie,j-q-x	1
督导	dū dǎo	11752	ao-ou	1
假话	jiǎ huà	11753	ia-ie,ua-uo,h-f,j-q-x	1
冷水	lěng shuǐ	11754	en-eng,s-sh,n-l,r-l	1
留恋	liú liàn	11755	ian-iang,n-l,r-l	1
美观	měi guān	11756	uan-uang,ai-ei	1
起见	qǐ jiàn	11757	ian-iang,j-q-x	1
凸显	tū xiǎn	11758	ian-iang,j-q-x	1
有得	yǒu dé	11760	ao-ou	1
足足	zú zú	11762	z-zh	1
幼虫	yòu chóng	11764	ao-ou,c-ch	1
安然	ān rán	11765	an-ang,r-l	1
毕生	bì shēng	11766	en-eng,s-sh	1
丘陵	qiū líng	11769	in-ing,n-l,r-l,j-q-x	1
沙丘	shā qiū	11770	s-sh,j-q-x	1
山脉	shān mài	11771	an-ang,ai-ei,s-sh	1
碎片	suì piàn	11772	ian-iang,s-sh	1
衣襟	yī jīn	11774	in-ing,j-q-x	1
预示	yù shì	11775	s-sh	1
症结	zhēng jié	11776	en-eng,ia-ie,z-zh,j-q-x	1
撤职	chè zhí	11779	z-zh,c-ch	1
出奇	chū qí	11780	c-ch,j-q-x	1
繁育	fán yù	11781	an-ang,h-f	1
过关	guò guān	11782	uan-uang,ua-uo	1
控告	kòng gào	11784	ao-ou	1
松懈	sōng xiè	11787	ia-ie,s-sh,j-q-x	1
乌云	wū yún	11788		1
午夜	wǔ yè	11789		1
用法	yòng fǎ	11791	h-f	1
干劲	gàn jìn	11794	in-ing,an-ang,j-q-x	1
公文	gōng wén	11795	en-eng	1
国宝	guó bǎo	11796	ao-ou,ua-uo	1
诊治	zhěn zhì	11798	en-eng,z-zh	1
自筹	zì chóu	11799	ao-ou,z-zh,c-ch	1
奔腾	bēn téng	11800	en-eng	1
划定	huà dìng	11801	in-ing,ua-uo,h-f	1
门窗	mén chuāng	11803	en-eng,uan-uang,c-ch	1
年份	nián fèn	11804	en-eng,ian-iang,n-l,h-f	1
扫荡	sǎo dàng	11805	an-ang,ao-ou,s-sh	1
世事	shì shì	11806	s-sh	1
收成	shōu cheng	11807	en-eng,ao-ou,c-ch,s-sh	1
外衣	wài yī	11808	ai-ei	1
包揽	bāo lǎn	11810	an-ang,ao-ou,n-l,r-l	1
存放	cún fàng	11812	an-ang,c-ch,h-f	1
荷花	hé huā	11813	ua-uo,h-f	1
坚固	jiān gù	11814	ian-iang,j-q-x	1
口罩	kǒu zhào	11815	ao-ou,z-zh	1
主子	zhǔ zi	11819	z-zh	1
爱戴	ài dài	11820	ai-ei	1
警觉	jǐng jué	11821	in-ing,j-q-x	1
居于	jū yú	11822	j-q-x	1
绝非	jué fēi	11823	ai-ei,h-f,j-q-x	1
平淡	píng dàn	11824	in-ing,an-ang	1
贴息	tiē xī	11825	ia-ie,j-q-x	1
闻讯	wén xùn	11826	en-eng,j-q-x	1
州长	zhōu cháng	11827	an-ang,ao-ou,z-zh,c-ch	1
重现	chóng xiàn	11828	ian-iang,c-ch,j-q-x	1
估算	gū suàn	11829	uan-uang,s-sh	1
好歹	hǎo dǎi	11830	ai-ei,ao-ou,h-f	1
间隔	jiàn gé	11831	ian-iang,j-q-x	1
解困	jiě kùn	11832	ia-ie,j-q-x	1
抗灾	kàng zāi	11833	an-ang,ai-ei,z-zh	1
男篮	nán lán	11834	an-ang,n-l,r-l	1
疑难	yí nán	11835	an-ang,n-l	1
长发	cháng fā	11836	an-ang,c-ch,h-f	1
分赴	fēn fù	11838	en-eng,h-f	1
果子	guǒ zi	11839	ua-uo,z-zh	1
僵局	jiāng jú	11840	ian-iang,j-q-x	1
恳求	kěn qiú	11841	en-eng,j-q-x	1
铁人	tiě rén	11845	en-eng,ia-ie,r-l	1
追随	zhuī suí	11846	z-zh,s-sh	1
资深	zī shēn	11847	en-eng,z-zh,s-sh	1
感应	gǎn yìng	11848	in-ing,an-ang	1
楼道	lóu dào	11849	ao-ou,n-l,r-l	1
倾诉	qīng sù	11850	in-ing,s-sh,j-q-x	1
下文	xià wén	11852	en-eng,ia-ie,j-q-x	1
异性	yì xìng	11853	in-ing,j-q-x	1
重托	zhòng tuō	11854	ua-uo,z-zh	1
波长	bō cháng	11855	an-ang,c-ch	1
功绩	gōng jì	11856	j-q-x	1
环流	huán liú	11857	uan-uang,n-l,h-f,r-l	1
摊位	tān wèi	11859	an-ang,ai-ei	1
透视	tòu shì	11860	ao-ou,s-sh	1
自救	zì jiù	11861	z-zh,j-q-x	1
作坊	zuō fang	11862	an-ang,ua-uo,z-zh,h-f	1
颠倒	diān dǎo	11863	ian-iang,ao-ou	1
肝炎	gān yán	11864	an-ang	1
可取	kě qǔ	11865	j-q-x	1
流星	liú xīng	11866	in-ing,n-l,r-l,j-q-x	1
潜心	qián xīn	11867	in-ing,ian-iang,j-q-x	1
全能	quán néng	11868	en-eng,uan-uang,n-l,j-q-x	1
长辈	zhǎng bèi	11870	an-ang,ai-ei,z-zh	1
主攻	zhǔ gōng	11871	z-zh	1
薄荷	bò he	11872	h-f	1
忏悔	chàn huǐ	11873	an-ang,c-ch,h-f	3
当家	dāng jiā	11874	an-ang,ia-ie,j-q-x	1
功效	gōng xiào	11875	j-q-x	1
供养	gōng yǎng	11876	an-ang	1
激化	jī huà	11877	ua-uo,h-f,j-q-x	1
降温	jiàng wēn	11879	en-eng,ian-iang,j-q-x	1
微小	wēi xiǎo	11880	ai-ei,j-q-x	1
召见	zhào jiàn	11882	ian-iang,ao-ou,z-zh,j-q-x	1
建构	jiàn gòu	11885	ian-iang,ao-ou,j-q-x	1
领带	lǐng dài	11887	in-ing,ai-ei,n-l,r-l	1
内衣	nèi yī	11888	ai-ei,n-l	1
年画	nián huà	11889	ian-iang,ua-uo,n-l,h-f	1
逃脱	táo tuō	11890	ao-ou,ua-uo	1
无益	wú yì	11891		1
新作	xīn zuò	11892	in-ing,ua-uo,z-zh,j-q-x	1
标明	biāo míng	11893	in-ing	1
横行	héng xíng	11894	en-eng,in-ing,h-f,j-q-x	1
见闻	jiàn wén	11895	en-eng,ian-iang,j-q-x	1
硫酸	liú suān	11896	uan-uang,s-sh,n-l,r-l	1
面料	miàn liào	11897	ian-iang,n-l,r-l	1
特级	tè jí	11898	j-q-x	1
新书	xīn shū	11899	in-ing,s-sh,j-q-x	1
炎热	yán rè	11900	an-ang,r-l	1
驻守	zhù shǒu	11901	ao-ou,z-zh,s-sh	1
缴存	jiǎo cún	11902	c-ch,j-q-x	1
大帅	dà shuài	11904	s-sh	1
封面	fēng miàn	11905	en-eng,ian-iang,h-f	1
能干	néng gàn	11907	en-eng,an-ang,n-l	1
乌鸦	wū yā	11908		1
对流	duì liú	11909	n-l,r-l	1
茶几	chá jī	11910	c-ch,j-q-x	1
狂热	kuáng rè	11911	uan-uang,r-l	1
吸附	xī fù	11912	h-f,j-q-x	1
组团	zǔ tuán	11913	uan-uang,z-zh	1
辩解	biàn jiě	11914	ian-iang,ia-ie,j-q-x	1
怀有	huái yǒu	11917	ao-ou,h-f	1
太极	tài jí	11918	ai-ei,j-q-x	1
体贴	tǐ tiē	11919	ia-ie	1
为生	wéi shēng	11920	en-eng,ai-ei,s-sh	1
文选	wén xuǎn	11921	en-eng,uan-uang,j-q-x	1
壮举	zhuàng jǔ	11923	uan-uang,z-zh,j-q-x	1
哎哟	āi yō	11925	ai-ei	1
驳回	bó huí	11926	h-f	1
唱片	chàng piàn	11927	an-ang,ian-iang,c-ch	1
放眼	fàng yǎn	11928	an-ang,h-f	1
牵挂	qiān guà	11929	ian-iang,ua-uo,j-q-x	1
荣立	róng lì	11930	n-l,r-l	1
熄灭	xī miè	11931	ia-ie,j-q-x	1
邮电	yóu diàn	11932	ian-iang,ao-ou	1
标记	biāo jì	11934	j-q-x	1
副官	fù guān	11936	uan-uang,h-f	1
红花	hóng huā	11937	ua-uo,h-f	1
教徒	jiào tú	11938	j-q-x	1
雪地	xuě dì	11941	j-q-x	1
殷切	yīn qiè	11942	in-ing,ia-ie,j-q-x	1
愉悦	yú yuè	11943		1
专线	zhuān xiàn	11944	ian-iang,uan-uang,z-zh,j-q-x	1
出息	chū xi	11945	c-ch,j-q-x	1
厨师	chú shī	11946	c-ch,s-sh	1
复查	fù chá	11947	c-ch,h-f	1
派驻	pài zhù	11948	ai-ei,z-zh	1
枪毙	qiāng bì	11949	ian-iang,j-q-x	1
争冠	zhēng guàn	11950	en-eng,uan-uang,z-zh	1
圣经	shèng jīng	11952	en-eng,in-ing,s-sh,j-q-x	1
时事	shí shì	11953	s-sh	1
胎儿	tāi ér	11954	ai-ei	1
合计	hé ji	11955	h-f,j-q-x	1
瞧见	qiáo jiàn	11956	ian-iang,j-q-x	1
特写	tè xiě	11958	ia-ie,j-q-x	1
涂料	tú liào	11961	n-l,r-l	1
崇敬	chóng jìng	11963	in-ing,c-ch,j-q-x	1
搭配	dā pèi	11964	ai-ei	1
废话	fèi huà	11965	ai-ei,ua-uo,h-f	1
咀嚼	jǔ jué	11966	j-q-x	3
扑灭	pū miè	11967	ia-ie	1
铅笔	qiān bǐ	11968	ian-iang,j-q-x	1
天桥	tiān qiáo	11970	ian-iang,j-q-x	1
隐私	yǐn sī	11974	in-ing,s-sh	1
查验	chá yàn	11977	an-ang,c-ch	1
船员	chuán yuán	11978	uan-uang,c-ch	1
警卫	jǐng wèi	11980	in-ing,ai-ei,j-q-x	1
木刻	mù kè	11981		1
同心	tóng xīn	11982	in-ing,j-q-x	1
午餐	wǔ cān	11983	an-ang,c-ch	1
新诗	xīn shī	11984	in-ing,s-sh,j-q-x	1
朝气	zhāo qì	11985	ao-ou,z-zh,j-q-x	1
防控	fáng kòng	11987	an-ang,h-f	1
黑板	hēi bǎn	11988	an-ang,ai-ei,h-f	1
看护	kān hù	11990	an-ang,h-f	1
菜鸟	cài niǎo	11991	ai-ei,c-ch,n-l	1
叫停	jiào tíng	11992	in-ing,j-q-x	1
年华	nián huá	11993	ian-iang,ua-uo,n-l,h-f	1
气魄	qì pò	11994	j-q-x	1
推选	tuī xuǎn	11995	uan-uang,j-q-x	1
运算	yùn suàn	11997	uan-uang,s-sh	1
惦记	diàn jì	11998	ian-iang,j-q-x	1
防备	fáng bèi	11999	an-ang,ai-ei,h-f	1
费力	fèi lì	12000	ai-ei,n-l,h-f,r-l	1
烈日	liè rì	12002	ia-ie,n-l,r-l	1
头号	tóu hào	12003	ao-ou,h-f	1
下层	xià céng	12004	en-eng,ia-ie,c-ch,j-q-x	1
走强	zǒu qiáng	12005	ian-iang,ao-ou,z-zh,j-q-x	1
意象	yì xiàng	12006	ian-iang,j-q-x	1
优雅	yōu yǎ	12007	ao-ou	1
照常	zhào cháng	12008	an-ang,ao-ou,z-zh,c-ch	1
制剂	zhì jì	12009	z-zh,j-q-x	1
转轨	zhuǎn guǐ	12010	uan-uang,z-zh	1
变幻	biàn huàn	12011	ian-iang,uan-uang,h-f	1
穿行	chuān xíng	12012	in-ing,uan-uang,c-ch,j-q-x	1
打通	dǎ tōng	12013		1
耳光	ěr guāng	12014	uan-uang	1
耗子	hào zi	12015	ao-ou,z-zh,h-f	1
护送	hù sòng	12017	s-sh,h-f	1
机床	jī chuáng	12018	uan-uang,c-ch,j-q-x	1
假定	jiǎ dìng	12019	in-ing,ia-ie,j-q-x	1
交融	jiāo róng	12020	r-l,j-q-x	1
叫好	jiào hǎo	12021	ao-ou,h-f,j-q-x	1
空话	kōng huà	12022	ua-uo,h-f	1
口子	kǒu zi	12023	ao-ou,z-zh	1
农用	nóng yòng	12024	n-l	1
聘任	pìn rèn	12025	en-eng,in-ing,r-l	1
抒发	shū fā	12026	s-sh,h-f	1
税法	shuì fǎ	12027	s-sh,h-f	1
绚丽	xuàn lì	12030	uan-uang,n-l,r-l,j-q-x	1
应变	yìng biàn	12031	in-ing,ian-iang	1
多发	duō fā	12033	ua-uo,h-f	1
非得	fēi děi	12034	ai-ei,h-f	1
腹部	fù bù	12035	h-f	1
海里	hǎi lǐ	12037	ai-ei,n-l,h-f,r-l	1
技师	jì shī	12039	s-sh,j-q-x	1
维稳	wéi wěn	12040	en-eng,ai-ei	1
杰作	jié zuò	12041	ia-ie,ua-uo,z-zh,j-q-x	1
截流	jié liú	12042	ia-ie,n-l,r-l,j-q-x	1
零星	líng xīng	12043	in-ing,n-l,r-l,j-q-x	1
契约	qì yuē	12044	j-q-x	1
强盛	qiáng shèng	12045	en-eng,ian-iang,s-sh,j-q-x	1
遗弃	yí qì	12047	j-q-x	1
政界	zhèng jiè	12048	en-eng,ia-ie,z-zh,j-q-x	1
报答	bào dá	12049	ao-ou	1
伯伯	bó bo	12050		1
床头	chuáng tóu	12052	uan-uang,ao-ou,c-ch	1
摧残	cuī cán	12053	an-ang,c-ch	1
返还	fǎn huán	12055	an-ang,uan-uang,h-f	1
刚好	gāng hǎo	12056	an-ang,ao-ou,h-f	1
林立	lín lì	12057	in-ing,n-l,r-l	1
福彩	fú cǎi	12059	ai-ei,c-ch,h-f	1
失掉	shī diào	12060	s-sh	1
详尽	xiáng jìn	12061	in-ing,ian-iang,j-q-x	1
引诱	yǐn yòu	12062	in-ing,ao-ou	1
芝麻	zhī ma	12063	z-zh	1
执教	zhí jiào	12064	z-zh,j-q-x	1
差错	chā cuò	12066	ua-uo,c-ch	1
既而	jì ér	12067	j-q-x	1
夹杂	jiā zá	12068	ia-ie,z-zh,j-q-x	1
明智	míng zhì	12069	in-ing,z-zh	1
木匠	mù jiàng	12070	ian-iang,j-q-x	1
塑像	sù xiàng	12072	ian-iang,s-sh,j-q-x	1
造价	zào jià	12075	ao-ou,ia-ie,z-zh,j-q-x	1
装作	zhuāng zuò	12076	uan-uang,ua-uo,z-zh	1
背离	bèi lí	12077	ai-ei,n-l,r-l	1
剧情	jù qíng	12078	in-ing,j-q-x	1
美景	měi jǐng	12079	in-ing,ai-ei,j-q-x	1
情境	qíng jìng	12080	in-ing,j-q-x	1
胃口	wèi kǒu	12081	ai-ei,ao-ou	1
文教	wén jiào	12082	en-eng,j-q-x	1
著称	zhù chēng	12084	en-eng,z-zh,c-ch	1
感性	gǎn xìng	12087	in-ing,an-ang,j-q-x	1
会展	huì zhǎn	12088	an-ang,z-zh,h-f	1
苦涩	kǔ sè	12089	s-sh	1
棉袄	mián ǎo	12090	ian-iang,ao-ou	1
清明	qīng míng	12091	in-ing,j-q-x	1
伤痕	shāng hén	12092	en-eng,an-ang,s-sh,h-f	1
屠宰	tú zǎi	12093	ai-ei,z-zh	1
洗礼	xǐ lǐ	12094	n-l,r-l,j-q-x	1
险情	xiǎn qíng	12095	in-ing,ian-iang,j-q-x	1
行刑	xíng xíng	12096	in-ing,j-q-x	1
要位	yào wèi	12097	ai-ei,ao-ou	1
逾期	yú qī	12098	j-q-x	1
中立	zhōng lì	12099	z-zh,n-l,r-l	1
转眼	zhuǎn yǎn	12100	an-ang,uan-uang,z-zh	1
滋润	zī rùn	12101	z-zh,r-l	1
哀求	āi qiú	12102	ai-ei,j-q-x	1
暴发	bào fā	12103	ao-ou,h-f	1
裁军	cái jūn	12104	ai-ei,c-ch,j-q-x	1
服役	fú yì	12105	h-f	1
讲学	jiǎng xué	12106	ian-iang,j-q-x	1
疏忽	shū hu	12110	s-sh,h-f	1
藏书	cáng shū	12111	an-ang,c-ch,s-sh	1
渎职	dú zhí	12112	z-zh	3
个案	gè àn	12113	an-ang	1
广为	guǎng wéi	12114	uan-uang,ai-ei	1
横幅	héng fú	12115	en-eng,h-f	1
交战	jiāo zhàn	12116	an-ang,z-zh,j-q-x	1
轮椅	lún yǐ	12118	n-l,r-l	1
蜜蜂	mì fēng	12119	en-eng,h-f	1
视力	shì lì	12120	s-sh,n-l,r-l	1
图纸	tú zhǐ	12121	z-zh	1
围困	wéi kùn	12122	ai-ei	1
协办	xié bàn	12123	an-ang,ia-ie,j-q-x	1
重用	zhòng yòng	12125	z-zh	1
撤退	chè tuì	12126	c-ch	1
留神	liú shén	12128	en-eng,s-sh,n-l,r-l	1
手套	shǒu tào	12129	ao-ou,s-sh	1
调试	tiáo shì	12130	s-sh	1
喜讯	xǐ xùn	12131	j-q-x	1
殷勤	yīn qín	12132	in-ing,j-q-x	1
鼻涕	bí tì	12134		1
劳改	láo gǎi	12138	ai-ei,ao-ou,n-l,r-l	1
取证	qǔ zhèng	12139	en-eng,z-zh,j-q-x	1
入口	rù kǒu	12140	ao-ou,r-l	1
烧伤	shāo shāng	12141	an-ang,ao-ou,s-sh	1
摊子	tān zi	12142	an-ang,z-zh	1
侄儿	zhí er	12144	z-zh	1
大法	dà fǎ	12145	h-f	1
骗人	piàn rén	12147	en-eng,ian-iang,r-l	1
友爱	yǒu ài	12149	ai-ei,ao-ou	1
援引	yuán yǐn	12150	in-ing,uan-uang	1
抓手	zhuā shǒu	12151	ao-ou,ua-uo,z-zh,s-sh	1
词语	cí yǔ	12152	c-ch	1
后头	hòu tou	12153	ao-ou,h-f	1
狂风	kuáng fēng	12154	en-eng,uan-uang,h-f	1
乡土	xiāng tǔ	12156	ian-iang,j-q-x	1
征兵	zhēng bīng	12157	en-eng,in-ing,z-zh	1
衬衣	chèn yī	12158	en-eng,c-ch	1
金星	jīn xīng	12159	in-ing,j-q-x	1
恋人	liàn rén	12160	en-eng,ian-iang,n-l,r-l	1
侨眷	qiáo juàn	12161	uan-uang,j-q-x	1
陶冶	táo yě	12162	ao-ou	1
停业	tíng yè	12163	in-ing	1
消协	xiāo xié	12164	ia-ie,j-q-x	1
凸现	tū xiàn	12165	ian-iang,j-q-x	1
狭隘	xiá ài	12166	ai-ei,ia-ie,j-q-x	1
不符	bù fú	12168	h-f	1
佳绩	jiā jì	12169	ia-ie,j-q-x	1
明晰	míng xī	12171	in-ing,j-q-x	1
誓言	shì yán	12172	an-ang,s-sh	1
上牌	shàng pái	12173	an-ang,ai-ei,s-sh	1
化验	huà yàn	12177	an-ang,ua-uo,h-f	1
军团	jūn tuán	12178	uan-uang,j-q-x	1
默契	mò qì	12179	j-q-x	1
送达	sòng dá	12180	s-sh	1
英明	yīng míng	12181	in-ing	1
执照	zhí zhào	12183	ao-ou,z-zh	1
酒驾	jiǔ jià	12184	ia-ie,j-q-x	1
暗自	àn zì	12185	an-ang,z-zh	1
触犯	chù fàn	12186	an-ang,c-ch,h-f	1
党籍	dǎng jí	12187	an-ang,j-q-x	1
棍子	gùn zi	12189	z-zh	1
检举	jiǎn jǔ	12190	ian-iang,j-q-x	1
精兵	jīng bīng	12191	in-ing,j-q-x	1
距今	jù jīn	12192	in-ing,j-q-x	1
劣势	liè shì	12193	ia-ie,s-sh,n-l,r-l	1
随口	suí kǒu	12194	ao-ou,s-sh	1
蜿蜒	wān yán	12195	an-ang	3
自语	zì yǔ	12196	z-zh	1
罪过	zuì guo	12197	ua-uo,z-zh	1
不实	bù shí	12198	s-sh	1
趁机	chèn jī	12199	en-eng,c-ch,j-q-x	1
单身	dān shēn	12201	en-eng,an-ang,s-sh	1
底子	dǐ zi	12202	z-zh	1
奠基	diàn jī	12203	ian-iang,j-q-x	1
近邻	jìn lín	12204	in-ing,n-l,r-l,j-q-x	1
夸奖	kuā jiǎng	12205	ian-iang,ua-uo,j-q-x	1
首选	shǒu xuǎn	12207	uan-uang,ao-ou,s-sh,j-q-x	1
因之	yīn zhī	12208	in-ing,z-zh	1
准时	zhǔn shí	12210	z-zh,s-sh	1
长假	cháng jià	12211	an-ang,ia-ie,c-ch,j-q-x	1
出世	chū shì	12212	c-ch,s-sh	1
稻草	dào cǎo	12213	ao-ou,c-ch	1
电磁	diàn cí	12214	ian-iang,c-ch	1
繁衍	fán yǎn	12215	an-ang,h-f	1
活人	huó rén	12217	en-eng,ua-uo,h-f,r-l	1
交情	jiāo qing	12218	in-ing,j-q-x	1
农林	nóng lín	12219	in-ing,n-l,r-l	1
网页	wǎng yè	12220	an-ang	1
威望	wēi wàng	12221	an-ang,ai-ei	1
主演	zhǔ yǎn	12222	an-ang,z-zh	1
自制	zì zhì	12223	z-zh	1
采摘	cǎi zhāi	12224	ai-ei,z-zh,c-ch	1
郊外	jiāo wài	12225	ai-ei,j-q-x	1
抢先	qiǎng xiān	12226	ian-iang,j-q-x	1
随同	suí tóng	12227	s-sh	1
写实	xiě shí	12228	ia-ie,s-sh,j-q-x	1
一怔	yī zhèng	12230	en-eng,z-zh	1
育苗	yù miáo	12231		1
别致	bié zhì	12234	ia-ie,z-zh	1
场次	chǎng cì	12235	an-ang,c-ch	1
迟到	chí dào	12236	ao-ou,c-ch	1
反面	fǎn miàn	12237	an-ang,ian-iang,h-f	1
笼子	lóng zi	12240	z-zh,n-l,r-l	1
毛衣	máo yī	12241	ao-ou	1
能耐	néng nai	12242	en-eng,ai-ei,n-l	1
微风	wēi fēng	12243	en-eng,ai-ei,h-f	1
重担	zhòng dàn	12245	an-ang,z-zh	1
把戏	bǎ xì	12246	j-q-x	1
保佑	bǎo yòu	12247	ao-ou	1
本意	běn yì	12248	en-eng	1
成品	chéng pǐn	12250	en-eng,in-ing,c-ch	1
承建	chéng jiàn	12251	en-eng,ian-iang,c-ch,j-q-x	1
地热	dì rè	12252	r-l	1
防卫	fáng wèi	12253	an-ang,ai-ei,h-f	1
飞舞	fēi wǔ	12254	ai-ei,h-f	1
课外	kè wài	12256	ai-ei	1
抨击	pēng jī	12257	en-eng,j-q-x	3
声调	shēng diào	12258	en-eng,s-sh	1
唱戏	chàng xì	12260	an-ang,c-ch,j-q-x	1
触及	chù jí	12261	c-ch,j-q-x	1
低级	dī jí	12262	j-q-x	1
贵重	guì zhòng	12263	z-zh	1
回味	huí wèi	12264	ai-ei,h-f	1
屡次	lǚ cì	12265	c-ch,n-l,r-l	1
知晓	zhī xiǎo	12268	z-zh,j-q-x	1
中兴	zhōng xīng	12269	in-ing,z-zh,j-q-x	1
铸造	zhù zào	12270	ao-ou,z-zh	1
诚然	chéng rán	12271	en-eng,an-ang,c-ch,r-l	1
大举	dà jǔ	12272	j-q-x	1
当众	dāng zhòng	12273	an-ang,z-zh	1
服气	fú qì	12274	h-f,j-q-x	1
畸形	jī xíng	12275	in-ing,j-q-x	1
暖和	nuǎn huo	12276	uan-uang,ua-uo,n-l,h-f	1
向导	xiàng dǎo	12277	ian-iang,ao-ou,j-q-x	1
竹林	zhú lín	12279	in-ing,z-zh,n-l,r-l	1
部将	bù jiàng	12280	ian-iang,j-q-x	1
分红	fēn hóng	12282	en-eng,h-f	1
高昂	gāo áng	12283	an-ang,ao-ou	1
日产	rì chǎn	12284	an-ang,c-ch,r-l	1
施用	shī yòng	12285	s-sh	1
跃进	yuè jìn	12286	in-ing,j-q-x	1
自卫	zì wèi	12287	ai-ei,z-zh	1
组装	zǔ zhuāng	12288	uan-uang,z-zh	1
作响	zuò xiǎng	12289	ian-iang,ua-uo,z-zh,j-q-x	1
船长	chuán zhǎng	12291	an-ang,uan-uang,z-zh,c-ch	1
荟萃	huì cuì	12292	c-ch,h-f	2
适于	shì yú	12293	s-sh	1
下榻	xià tà	12294	ia-ie,j-q-x	3
新秀	xīn xiù	12295	in-ing,j-q-x	1
营地	yíng dì	12296	in-ing	1
自幼	zì yòu	12297	ao-ou,z-zh	1
不适	bù shì	12298	s-sh	1
订立	dìng lì	12299	in-ing,n-l,r-l	1
合伙	hé huǒ	12300	ua-uo,h-f	1
巾帼	jīn guó	12301	in-ing,ua-uo,j-q-x	3
枯燥	kū zào	12302	ao-ou,z-zh	1
邻里	lín lǐ	12303	in-ing,n-l,r-l	1
轮值	lún zhí	12304	z-zh,n-l,r-l	1
青草	qīng cǎo	12305	in-ing,ao-ou,c-ch,j-q-x	1
樱桃	yīng tao	12307	in-ing,ao-ou	1
租金	zū jīn	12308	in-ing,z-zh,j-q-x	1
半径	bàn jìng	12309	in-ing,an-ang,j-q-x	1
低谷	dī gǔ	12310		1
额外	é wài	12311	ai-ei	1
粪便	fèn biàn	12312	en-eng,ian-iang,h-f	1
罐头	guàn tou	12313	uan-uang,ao-ou	1
画卷	huà juàn	12314	uan-uang,ua-uo,h-f,j-q-x	1
警车	jǐng chē	12315	in-ing,c-ch,j-q-x	1
可不	kě bù	12316		1
来去	lái qù	12317	ai-ei,n-l,r-l,j-q-x	1
寺庙	sì miào	12320	s-sh	1
天线	tiān xiàn	12321	ian-iang,j-q-x	1
现役	xiàn yì	12322	ian-iang,j-q-x	1
精密	jīng mì	12325	in-ing,j-q-x	1
奶妈	nǎi mā	12326	ai-ei,n-l	1
轻重	qīng zhòng	12327	in-ing,z-zh,j-q-x	1
闪亮	shǎn liàng	12328	an-ang,ian-iang,s-sh,n-l,r-l	1
虚弱	xū ruò	12329	ua-uo,r-l,j-q-x	1
悬殊	xuán shū	12330	uan-uang,s-sh,j-q-x	1
纵队	zòng duì	12331	z-zh	1
芭蕾	bā lěi	12332	ai-ei,n-l,r-l	1
濒危	bīn wēi	12333	in-ing,ai-ei	1
光纤	guāng xiān	12334	ian-iang,uan-uang,j-q-x	1
晶莹	jīng yíng	12335	in-ing,j-q-x	1
麻醉	má zuì	12336	z-zh	1
幕后	mù hòu	12337	ao-ou,h-f	1
女友	nǚ yǒu	12338	ao-ou,n-l	1
情结	qíng jié	12339	in-ing,ia-ie,j-q-x	1
深渊	shēn yuān	12340	en-eng,uan-uang,s-sh	1
些小	xiē xiǎo	12341	ia-ie,j-q-x	1
英俊	yīng jùn	12342	in-ing,j-q-x	1
冲锋	chōng fēng	12343	en-eng,c-ch,h-f	1
瓷器	cí qì	12344	c-ch,j-q-x	1
大宗	dà zōng	12345	z-zh	1
光泽	guāng zé	12346	uan-uang,z-zh	1
刻意	kè yì	12347		1
募捐	mù juān	12351	uan-uang,j-q-x	1
确信	què xìn	12352	in-ing,j-q-x	1
危难	wēi nàn	12355	an-ang,ai-ei,n-l	1
登门	dēng mén	12357	en-eng	1
风趣	fēng qù	12358	en-eng,h-f,j-q-x	1
国力	guó lì	12359	ua-uo,n-l,r-l	1
晃动	huàng dòng	12360	uan-uang,h-f	1
栏杆	lán gān	12362	an-ang,n-l,r-l	1
名利	míng lì	12363	in-ing,n-l,r-l	1
全员	quán yuán	12364	uan-uang,j-q-x	1
威武	wēi wǔ	12365	ai-ei	1
细小	xì xiǎo	12366	j-q-x	1
仪表	yí biǎo	12368		1
转制	zhuǎn zhì	12369	uan-uang,z-zh	1
宝库	bǎo kù	12370	ao-ou	1
测控	cè kòng	12371	c-ch	1
插入	chā rù	12372	c-ch,r-l	1
成群	chéng qún	12373	en-eng,c-ch,j-q-x	1
共性	gòng xìng	12374	in-ing,j-q-x	1
接送	jiē sòng	12375	ia-ie,s-sh,j-q-x	1
劳教	láo jiào	12376	ao-ou,n-l,r-l,j-q-x	1
零件	líng jiàn	12377	in-ing,ian-iang,n-l,r-l,j-q-x	1
侍候	shì hòu	12379	ao-ou,s-sh,h-f	1
室外	shì wài	12380	ai-ei,s-sh	1
脱落	tuō luò	12381	ua-uo,n-l,r-l	1
玩弄	wán nòng	12382	an-ang,n-l	1
用语	yòng yǔ	12383		1
抵触	dǐ chù	12384	c-ch	1
客房	kè fáng	12385	an-ang,h-f	1
顺差	shùn chā	12386	c-ch,s-sh	1
托管	tuō guǎn	12387	uan-uang,ua-uo	1
熏陶	xūn táo	12388	ao-ou,j-q-x	1
照搬	zhào bān	12389	an-ang,ao-ou,z-zh	1
砖头	zhuān tóu	12390	uan-uang,ao-ou,z-zh	1
桌面	zhuō miàn	12391	ian-iang,ua-uo,z-zh	1
跋涉	bá shè	12392	s-sh	1
倒闭	dǎo bì	12393	ao-ou	1
夯实	hāng shí	12396	an-ang,s-sh,h-f	1
航海	háng hǎi	12397	an-ang,ai-ei,h-f	1
好在	hǎo zài	12398	ai-ei,ao-ou,z-zh,h-f	1
集镇	jí zhèn	12399	en-eng,z-zh,j-q-x	1
脸庞	liǎn páng	12400	an-ang,ian-iang,n-l,r-l	1
水文	shuǐ wén	12401	en-eng,s-sh	1
思议	sī yì	12402	s-sh	1
转而	zhuǎn ér	12403	uan-uang,z-zh	1
搬运	bān yùn	12404	an-ang	1
不待	bù dài	12405	ai-ei	1
敌军	dí jūn	12406	j-q-x	1
豪情	háo qíng	12409	in-ing,ao-ou,h-f,j-q-x	1
花木	huā mù	12410	ua-uo,h-f	1
哗哗	huá huá	12411	ua-uo,h-f	1
减缓	jiǎn huǎn	12412	ian-iang,uan-uang,h-f,j-q-x	1
隆隆	lóng lóng	12414	n-l,r-l	1
亲信	qīn xìn	12415	in-ing,j-q-x	1
发兵	fā bīng	12416	in-ing,h-f	1
乱象	luàn xiàng	12417	ian-iang,uan-uang,n-l,r-l,j-q-x	1
惊叫	jīng jiào	12418	in-ing,j-q-x	1
拍照	pāi zhào	12419	ai-ei,ao-ou,z-zh	1
螃蟹	páng xiè	12420	an-ang,ia-ie,j-q-x	1
牵引	qiān yǐn	12421	in-ing,ian-iang,j-q-x	1
实干	shí gàn	12423	an-ang,s-sh	1
速率	sù lǜ	12424	s-sh,n-l,r-l	1
一任	yī rèn	12426	en-eng,r-l	1
用兵	yòng bīng	12427	in-ing	1
拐点	guǎi diǎn	12429	ian-iang	1
踪影	zōng yǐng	12431	in-ing,z-zh	1
背心	bèi xīn	12432	in-ing,ai-ei,j-q-x	1
表格	biǎo gé	12433		1
繁多	fán duō	12434	an-ang,ua-uo,h-f	1
家境	jiā jìng	12435	in-ing,ia-ie,j-q-x	1
苦心	kǔ xīn	12436	in-ing,j-q-x	1
潜能	qián néng	12437	en-eng,ian-iang,n-l,j-q-x	1
亲临	qīn lín	12438	in-ing,n-l,r-l,j-q-x	1
忧愁	yōu chóu	12440	ao-ou,c-ch	1
保养	bǎo yǎng	12441	an-ang,ao-ou	1
编排	biān pái	12442	ian-iang,ai-ei	1
对峙	duì zhì	12443	z-zh	3
互通	hù tōng	12444	h-f	1
积淀	jī diàn	12445	ian-iang,j-q-x	1
苦干	kǔ gàn	12446	an-ang	1
柳树	liǔ shù	12447	s-sh,n-l,r-l	1
盟国	méng guó	12448	en-eng,ua-uo	1
苗族	miáo zú	12449	z-zh	1
晚餐	wǎn cān	12451	an-ang,c-ch	1
卫冕	wèi miǎn	12452	ian-iang,ai-ei	3
下马	xià mǎ	12453	ia-ie,j-q-x	1
安详	ān xiáng	12454	an-ang,ian-iang,j-q-x	1
不慎	bù shèn	12455	en-eng,s-sh	1
辞退	cí tuì	12456	c-ch	1
打印	dǎ yìn	12457	in-ing	1
当心	dāng xīn	12458	in-ing,an-ang,j-q-x	1
谷子	gǔ zi	12459	z-zh	1
平庸	píng yōng	12461	in-ing	1
堂屋	táng wū	12462	an-ang	1
讨好	tǎo hǎo	12463	ao-ou,h-f	1
香蕉	xiāng jiāo	12464	ian-iang,j-q-x	1
性子	xìng zi	12465	in-ing,z-zh,j-q-x	1
志气	zhì qì	12467	z-zh,j-q-x	1
北极	běi jí	12468	ai-ei,j-q-x	1
并购	bìng gòu	12469	in-ing,ao-ou	1
得当	dé dàng	12470	an-ang	1
多于	duō yú	12471	ua-uo	1
迷失	mí shī	12472	s-sh	1
睦邻	mù lín	12473	in-ing,n-l,r-l	1
三北	sān běi	12474	an-ang,ai-ei,s-sh	1
盛世	shèng shì	12475	en-eng,s-sh	1
修筑	xiū zhù	12476	z-zh,j-q-x	1
直言	zhí yán	12477	an-ang,z-zh	1
饱含	bǎo hán	12478	an-ang,ao-ou,h-f	1
车手	chē shǒu	12480	ao-ou,c-ch,s-sh	1
复仇	fù chóu	12482	ao-ou,c-ch,h-f	1
告状	gào zhuàng	12483	uan-uang,ao-ou,z-zh	1
闹事	nào shì	12485	ao-ou,s-sh,n-l	1
收看	shōu kàn	12486	an-ang,ao-ou,s-sh	1
邪说	xié shuō	12488	ia-ie,ua-uo,s-sh,j-q-x	1
衣着	yī zhuó	12489	ua-uo,z-zh	1
兵马	bīng mǎ	12490	in-ing	1
筹办	chóu bàn	12491	an-ang,ao-ou,c-ch	1
军旅	jūn lǚ	12494	n-l,r-l,j-q-x	1
偏离	piān lí	12495	ian-iang,n-l,r-l	1
接报	jiē bào	12496	ao-ou,ia-ie,j-q-x	1
摔跤	shuāi jiāo	12497	s-sh,j-q-x	1
万国	wàn guó	12498	an-ang,ua-uo	1
尾声	wěi shēng	12499	en-eng,ai-ei,s-sh	1
不当	bù dàng	12500	an-ang	1
精选	jīng xuǎn	12502	in-ing,uan-uang,j-q-x	1
明了	míng liǎo	12503	in-ing,n-l,r-l	1
浓重	nóng zhòng	12504	z-zh,n-l	1
挺进	tǐng jìn	12505	in-ing,j-q-x	1
印证	yìn zhèng	12506	en-eng,in-ing,z-zh	1
比方	bǐ fang	12507	an-ang,h-f	1
标的	biāo dì	12509		1
拨付	bō fù	12510	h-f	1
超导	chāo dǎo	12511	ao-ou,c-ch	1
口径	kǒu jìng	12514	in-ing,ao-ou,j-q-x	1
舒畅	shū chàng	12515	an-ang,c-ch,s-sh	1
乌龙	wū lóng	12516	n-l,r-l	1
妄图	wàng tú	12517	an-ang	1
增高	zēng gāo	12518	en-eng,ao-ou,z-zh	1
笔直	bǐ zhí	12521	z-zh	1
残余	cán yú	12522	an-ang,c-ch	1
殿堂	diàn táng	12524	an-ang,ian-iang	1
可恶	kě wù	12526		1
女篮	nǚ lán	12527	an-ang,n-l,r-l	1
无助	wú zhù	12529	z-zh	1
子时	zǐ shí	12530	z-zh,s-sh	1
白话	bái huà	12531	ai-ei,ua-uo,h-f	1
澄清	chéng qīng	12532	en-eng,in-ing,c-ch,j-q-x	1
和气	hé qi	12533	h-f,j-q-x	1
寄予	jì yǔ	12534	j-q-x	1
倔强	jué jiàng	12535	ian-iang,j-q-x	1
梦境	mèng jìng	12536	en-eng,in-ing,j-q-x	1
商谈	shāng tán	12537	an-ang,s-sh	1
胜地	shèng dì	12538	en-eng,s-sh	1
死伤	sǐ shāng	12539	an-ang,s-sh	1
停滞	tíng zhì	12540	in-ing,z-zh	1
小贩	xiǎo fàn	12542	an-ang,h-f,j-q-x	1
严明	yán míng	12543	in-ing,an-ang	1
饭桌	fàn zhuō	12546	an-ang,ua-uo,z-zh,h-f	1
回荡	huí dàng	12547	an-ang,h-f	1
赛车	sài chē	12549	ai-ei,c-ch,s-sh	1
省得	shěng de	12550	en-eng,s-sh	1
水温	shuǐ wēn	12551	en-eng,s-sh	1
底层	dǐ céng	12552	en-eng,c-ch	1
何故	hé gù	12553	h-f	1
铁军	tiě jūn	12554	ia-ie,j-q-x	1
偷税	tōu shuì	12555	ao-ou,s-sh	1
雄壮	xióng zhuàng	12559	uan-uang,z-zh,j-q-x	1
游击	yóu jī	12560	ao-ou,j-q-x	1
得手	dé shǒu	12562	ao-ou,s-sh	1
独到	dú dào	12563	ao-ou	1
方圆	fāng yuán	12564	an-ang,uan-uang,h-f	1
国立	guó lì	12566	ua-uo,n-l,r-l	1
过大	guò dà	12567	ua-uo	1
己任	jǐ rèn	12568	en-eng,r-l,j-q-x	1
浪花	làng huā	12569	an-ang,ua-uo,n-l,h-f,r-l	1
冷汗	lěng hàn	12570	en-eng,an-ang,n-l,h-f,r-l	1
牧草	mù cǎo	12571	ao-ou,c-ch	1
舒展	shū zhǎn	12572	an-ang,z-zh,s-sh	1
温情	wēn qíng	12573	en-eng,in-ing,j-q-x	1
无望	wú wàng	12574	an-ang	1
选集	xuǎn jí	12575	uan-uang,j-q-x	1
纵容	zòng róng	12577	z-zh,r-l	1
伯父	bó fù	12579	h-f	1
捣乱	dǎo luàn	12580	uan-uang,ao-ou,n-l,r-l	1
悼念	dào niàn	12581	ian-iang,ao-ou,n-l	1
肥胖	féi pàng	12583	an-ang,ai-ei,h-f	1
减税	jiǎn shuì	12584	ian-iang,s-sh,j-q-x	1
荣幸	róng xìng	12586	in-ing,r-l,j-q-x	1
狭小	xiá xiǎo	12588	ia-ie,j-q-x	1
主宰	zhǔ zǎi	12589	ai-ei,z-zh	1
潮水	cháo shuǐ	12591	ao-ou,c-ch,s-sh	1
风范	fēng fàn	12592	en-eng,an-ang,h-f	1
钢筋	gāng jīn	12593	in-ing,an-ang,j-q-x	1
哗啦	huā lā	12594	ua-uo,n-l,h-f,r-l	1
旅途	lǚ tú	12597	n-l,r-l	1
清香	qīng xiāng	12598	in-ing,ian-iang,j-q-x	1
突厥	tū jué	12599	j-q-x	3
外形	wài xíng	12600	in-ing,ai-ei,j-q-x	1
修缮	xiū shàn	12601	an-ang,s-sh,j-q-x	3
银幕	yín mù	12602	in-ing	1
班级	bān jí	12603	an-ang,j-q-x	1
报关	bào guān	12604	uan-uang,ao-ou	1
惯性	guàn xìng	12605	in-ing,uan-uang,j-q-x	1
跌停	diē tíng	12606	in-ing,ia-ie	1
河岸	hé àn	12607	an-ang,h-f	1
胡闹	hú nào	12609	ao-ou,n-l,h-f	1
秋风	qiū fēng	12610	en-eng,h-f,j-q-x	1
摄制	shè zhì	12611	z-zh,s-sh	1
援建	yuán jiàn	12613	ian-iang,uan-uang,j-q-x	1
乐章	yuè zhāng	12614	an-ang,z-zh	1
证人	zhèng rén	12615	en-eng,z-zh,r-l	1
表哥	biǎo gē	12618		1
痴迷	chī mí	12620	c-ch	1
充斥	chōng chì	12621	c-ch	1
低廉	dī lián	12622	ian-iang,n-l,r-l	1
电费	diàn fèi	12623	ian-iang,ai-ei,h-f	1
耕种	gēng zhòng	12624	en-eng,z-zh	1
恭敬	gōng jìng	12625	in-ing,j-q-x	1
接替	jiē tì	12626	ia-ie,j-q-x	1
卷烟	juǎn yān	12627	an-ang,uan-uang,j-q-x	1
千秋	qiān qiū	12628	ian-iang,j-q-x	1
湿度	shī dù	12629	s-sh	1
不愧	bù kuì	12630		1
草木	cǎo mù	12631	ao-ou,c-ch	1
公职	gōng zhí	12632	z-zh	1
缉私	jī sī	12633	s-sh,j-q-x	1
位子	wèi zi	12634	ai-ei,z-zh	1
张罗	zhāng luo	12635	an-ang,ua-uo,z-zh,n-l,r-l	1
爆破	bào pò	12636	ao-ou	1
嘀咕	dí gu	12637		1
攻读	gōng dú	12638		1
昏暗	hūn àn	12639	an-ang,h-f	1
火把	huǒ bǎ	12640	ua-uo,h-f	1
就绪	jiù xù	12641	j-q-x	1
狼狈	láng bèi	12642	an-ang,ai-ei,n-l,r-l	1
灭火	miè huǒ	12643	ia-ie,ua-uo,h-f	1
山峰	shān fēng	12644	en-eng,an-ang,s-sh,h-f	1
上阵	shàng zhèn	12645	en-eng,an-ang,z-zh,s-sh	1
时速	shí sù	12646	s-sh	1
疏导	shū dǎo	12647	ao-ou,s-sh	1
听差	tīng chāi	12648	in-ing,ai-ei,c-ch	1
头衔	tóu xián	12649	ian-iang,ao-ou,j-q-x	1
选题	xuǎn tí	12650	uan-uang,j-q-x	1
以期	yǐ qī	12651	j-q-x	1
折合	zhé hé	12652	z-zh,h-f	1
贮存	zhù cún	12653	z-zh,c-ch	1
报国	bào guó	12654	ao-ou,ua-uo	1
答话	dá huà	12655	ua-uo,h-f	1
获利	huò lì	12657	ua-uo,n-l,h-f,r-l	1
殴打	ōu dǎ	12658	ao-ou	1
亲生	qīn shēng	12659	en-eng,in-ing,s-sh,j-q-x	1
屈辱	qū rǔ	12660	r-l,j-q-x	1
群山	qún shān	12661	an-ang,s-sh,j-q-x	1
士官	shì guān	12662	uan-uang,s-sh	1
搜救	sōu jiù	12663	ao-ou,s-sh,j-q-x	1
途经	tú jīng	12664	in-ing,j-q-x	1
下棋	xià qí	12665	ia-ie,j-q-x	1
先期	xiān qī	12666	ian-iang,j-q-x	1
消遣	xiāo qiǎn	12667	ian-iang,j-q-x	1
硝烟	xiāo yān	12668	an-ang,j-q-x	1
彝族	yí zú	12669	z-zh	3
召唤	zhào huàn	12670	uan-uang,ao-ou,z-zh,h-f	1
专心	zhuān xīn	12671	in-ing,uan-uang,z-zh,j-q-x	1
表妹	biǎo mèi	12672	ai-ei	1
波澜	bō lán	12673	an-ang,n-l,r-l	1
厨子	chú zi	12674	z-zh,c-ch	1
结案	jié àn	12676	an-ang,ia-ie,j-q-x	1
石窟	shí kū	12678	s-sh	1
承接	chéng jiē	12679	en-eng,ia-ie,c-ch,j-q-x	1
祠堂	cí táng	12680	an-ang,c-ch	1
答卷	dá juàn	12681	uan-uang,j-q-x	1
货款	huò kuǎn	12682	uan-uang,ua-uo,h-f	1
景气	jǐng qì	12683	in-ing,j-q-x	1
久远	jiǔ yuǎn	12684	uan-uang,j-q-x	1
开眼	kāi yǎn	12685	an-ang,ai-ei	1
年月	nián yuè	12686	ian-iang,n-l	1
女神	nǚ shén	12688	en-eng,s-sh,n-l	1
欠缺	qiàn quē	12689	ian-iang,j-q-x	1
取暖	qǔ nuǎn	12690	uan-uang,n-l,j-q-x	1
式样	shì yàng	12691	an-ang,s-sh	1
疏通	shū tōng	12692	s-sh	1
险恶	xiǎn è	12693	ian-iang,j-q-x	1
怨恨	yuàn hèn	12694	en-eng,uan-uang,h-f	1
党纪	dǎng jì	12696	an-ang,j-q-x	1
分区	fēn qū	12697	en-eng,h-f,j-q-x	1
关乎	guān hū	12698	uan-uang,h-f	1
撒谎	sā huǎng	12700	uan-uang,s-sh,h-f	1
嗓音	sǎng yīn	12701	in-ing,an-ang,s-sh	1
失控	shī kòng	12702	s-sh	1
手印	shǒu yìn	12703	in-ing,ao-ou,s-sh	1
特命	tè mìng	12704	in-ing	1
挑剔	tiāo ti	12705		1
推诿	tuī wěi	12706	ai-ei	3
驻足	zhù zú	12707	z-zh	1
惨重	cǎn zhòng	12708	an-ang,z-zh,c-ch	1
出神	chū shén	12709	en-eng,c-ch,s-sh	1
答辩	dá biàn	12710	ian-iang	1
机智	jī zhì	12712	z-zh,j-q-x	1
景物	jǐng wù	12713	in-ing,j-q-x	1
水汽	shuǐ qì	12715	s-sh,j-q-x	1
特许	tè xǔ	12716	j-q-x	1
择优	zé yōu	12719	ao-ou,z-zh	1
胆量	dǎn liàng	12720	an-ang,ian-iang,n-l,r-l	1
道教	dào jiào	12721	ao-ou,j-q-x	1
幌子	huǎng zi	12722	uan-uang,z-zh,h-f	1
列强	liè qiáng	12725	ian-iang,ia-ie,n-l,r-l,j-q-x	1
零下	líng xià	12726	in-ing,ia-ie,n-l,r-l,j-q-x	1
乞丐	qǐ gài	12727	ai-ei,j-q-x	1
松弛	sōng chí	12729	c-ch,s-sh	1
薪水	xīn shui	12730	in-ing,s-sh,j-q-x	1
并列	bìng liè	12732	in-ing,ia-ie,n-l,r-l	1
反差	fǎn chā	12734	an-ang,c-ch,h-f	1
耗资	hào zī	12735	ao-ou,z-zh,h-f	1
佳作	jiā zuò	12736	ia-ie,ua-uo,z-zh,j-q-x	1
进货	jìn huò	12737	in-ing,ua-uo,h-f,j-q-x	1
绿叶	lǜ yè	12738	n-l,r-l	1
采风	cǎi fēng	12739	en-eng,ai-ei,c-ch,h-f	1
两极	liǎng jí	12741	ian-iang,n-l,r-l,j-q-x	1
透彻	tòu chè	12742	ao-ou,c-ch	1
兴衰	xīng shuāi	12743	in-ing,s-sh,j-q-x	1
调子	diào zi	12744	z-zh	1
卢布	lú bù	12746	n-l,r-l	1
联营	lián yíng	12749	in-ing,ian-iang,n-l,r-l	1
强力	qiáng lì	12750	ian-iang,n-l,r-l,j-q-x	1
嫂嫂	sǎo sao	12751	ao-ou,s-sh	1
社稷	shè jì	12752	s-sh,j-q-x	3
拆分	chāi fēn	12754	en-eng,ai-ei,c-ch,h-f	1
摇动	yáo dòng	12755	ao-ou	1
跃居	yuè jū	12757	j-q-x	1
自居	zì jū	12758	z-zh,j-q-x	1
含蓄	hán xù	12760	an-ang,h-f,j-q-x	1
火花	huǒ huā	12761	ua-uo,h-f	1
科幻	kē huàn	12762	uan-uang,h-f	1
款式	kuǎn shì	12763	uan-uang,s-sh	1
棉衣	mián yī	12764	ian-iang	1
上司	shàng si	12766	an-ang,s-sh	1
退伍	tuì wǔ	12767		1
胸部	xiōng bù	12768	j-q-x	1
优劣	yōu liè	12769	ao-ou,ia-ie,n-l,r-l	1
张嘴	zhāng zuǐ	12770	an-ang,z-zh	1
地缘	dì yuán	12771	uan-uang	1
供奉	gòng fèng	12772	en-eng,h-f	1
后顾	hòu gù	12773	ao-ou,h-f	1
径直	jìng zhí	12774	in-ing,z-zh,j-q-x	1
谋生	móu shēng	12775	en-eng,ao-ou,s-sh	1
气压	qì yā	12776	j-q-x	1
闪耀	shǎn yào	12777	an-ang,ao-ou,s-sh	1
史实	shǐ shí	12778	s-sh	1
收敛	shōu liǎn	12779	ian-iang,ao-ou,s-sh,n-l,r-l	1
大漠	dà mò	12781		1
耽搁	dān ge	12782	an-ang	1
胡须	hú xū	12784	h-f,j-q-x	1
幻觉	huàn jué	12785	uan-uang,h-f,j-q-x	1
困苦	kùn kǔ	12786		1
末期	mò qī	12787	j-q-x	1
妩媚	wǔ mèi	12789	ai-ei	3
沿用	yán yòng	12791	an-ang	1
整修	zhěng xiū	12792	en-eng,z-zh,j-q-x	1
出游	chū yóu	12794	ao-ou,c-ch	1
呼叫	hū jiào	12795	h-f,j-q-x	1
伙食	huǒ shí	12797	ua-uo,s-sh,h-f	1
落泪	luò lèi	12798	ai-ei,ua-uo,n-l,r-l	1
莫大	mò dà	12799		1
肉类	ròu lèi	12800	ai-ei,ao-ou,n-l,r-l	1
收录	shōu lù	12801	ao-ou,s-sh,n-l,r-l	1
殊荣	shū róng	12802	s-sh,r-l	1
体味	tǐ wèi	12803	ai-ei	1
油灯	yóu dēng	12804	en-eng,ao-ou	1
转交	zhuǎn jiāo	12805	uan-uang,z-zh,j-q-x	1
安康	ān kāng	12806	an-ang	1
波涛	bō tāo	12808	ao-ou	1
伯母	bó mǔ	12809		1
黑洞	hēi dòng	12811	ai-ei,h-f	1
间隙	jiàn xì	12812	ian-iang,j-q-x	1
折扣	zhé kòu	12814	ao-ou,z-zh	1
纳闷	nà mèn	12816	en-eng,n-l	1
波音	bō yīn	12817	in-ing	1
大名	dà míng	12818	in-ing	1
秸秆	jiē gǎn	12819	an-ang,ia-ie,j-q-x	1
配股	pèi gǔ	12820	ai-ei	1
金秋	jīn qiū	12821	in-ing,j-q-x	1
沙尘	shā chén	12823	en-eng,c-ch,s-sh	1
税制	shuì zhì	12824	z-zh,s-sh	1
稀少	xī shǎo	12825	ao-ou,s-sh,j-q-x	1
战犯	zhàn fàn	12826	an-ang,z-zh,h-f	1
摆设	bǎi she	12827	ai-ei,s-sh	1
发酵	fā jiào	12829	h-f,j-q-x	1
挂职	guà zhí	12830	ua-uo,z-zh	1
黑客	hēi kè	12832	ai-ei,h-f	1
简便	jiǎn biàn	12833	ian-iang,j-q-x	1
进兵	jìn bīng	12834	in-ing,j-q-x	1
棱镜	léng jìng	12835	en-eng,in-ing,n-l,r-l,j-q-x	1
曲子	qǔ zi	12836	z-zh,j-q-x	1
沙子	shā zi	12837	z-zh,s-sh	1
夜幕	yè mù	12838		1
乙肝	yǐ gān	12839	an-ang	1
糟蹋	zāo tà	12840	ao-ou,z-zh	1
风速	fēng sù	12842	en-eng,s-sh,h-f	1
建制	jiàn zhì	12844	ian-iang,z-zh,j-q-x	1
口味	kǒu wèi	12846	ai-ei,ao-ou	1
明媚	míng mèi	12847	in-ing,ai-ei	1
上房	shàng fáng	12848	an-ang,s-sh,h-f	1
失眠	shī mián	12849	ian-iang,s-sh	1
问话	wèn huà	12850	en-eng,ua-uo,h-f	1
戏台	xì tái	12851	ai-ei,j-q-x	1
下身	xià shēn	12852	en-eng,ia-ie,s-sh,j-q-x	1
相伴	xiāng bàn	12853	an-ang,ian-iang,j-q-x	1
孕妇	yùn fù	12854	h-f	1
昭示	zhāo shì	12855	ao-ou,z-zh,s-sh	1
纸张	zhǐ zhāng	12856	an-ang,z-zh	1
按期	àn qī	12857	an-ang,j-q-x	1
多亏	duō kuī	12858	ua-uo	1
华中	huá zhōng	12859	ua-uo,z-zh,h-f	1
烈火	liè huǒ	12861	ia-ie,ua-uo,n-l,h-f,r-l	1
千瓦	qiān wǎ	12862	ian-iang,j-q-x	1
升学	shēng xué	12863	en-eng,s-sh,j-q-x	1
口粮	kǒu liáng	12866	ian-iang,ao-ou,n-l,r-l	1
两端	liǎng duān	12867	ian-iang,uan-uang,n-l,r-l	1
面试	miàn shì	12868	ian-iang,s-sh	1
嚷嚷	rāng rang	12869	an-ang,r-l	1
无暇	wú xiá	12870	ia-ie,j-q-x	1
有钱	yǒu qián	12871	ian-iang,ao-ou,j-q-x	1
放牧	fàng mù	12874	an-ang,h-f	1
何苦	hé kǔ	12875	h-f	1
冒充	mào chōng	12877	ao-ou,c-ch	1
青稞	qīng kē	12880	in-ing,j-q-x	3
致病	zhì bìng	12881	in-ing,z-zh	1
网格	wǎng gé	12882	an-ang	1
转发	zhuǎn fā	12883	uan-uang,z-zh,h-f	1
白酒	bái jiǔ	12884	ai-ei,j-q-x	1
光缆	guāng lǎn	12885	an-ang,uan-uang,n-l,r-l	1
河口	hé kǒu	12886	ao-ou,h-f	1
后卫	hòu wèi	12887	ai-ei,ao-ou,h-f	1
苦痛	kǔ tòng	12888		1
兰花	lán huā	12889	an-ang,ua-uo,n-l,h-f,r-l	1
凝重	níng zhòng	12890	in-ing,z-zh,n-l	1
相看	xiāng kàn	12894	an-ang,ian-iang,j-q-x	1
追寻	zhuī xún	12896	z-zh,j-q-x	1
纵向	zòng xiàng	12897	ian-iang,z-zh,j-q-x	1
吵闹	chǎo nào	12898	ao-ou,c-ch,n-l	1
断面	duàn miàn	12899	ian-iang,uan-uang	1
狐狸	hú li	12900	n-l,h-f,r-l	1
老子	lǎo zi	12901	ao-ou,z-zh,n-l,r-l	1
猛增	měng zēng	12902	en-eng,z-zh	1
畏惧	wèi jù	12904	ai-ei,j-q-x	1
下头	xià tou	12905	ao-ou,ia-ie,j-q-x	1
抚慰	fǔ wèi	12906	ai-ei,h-f	1
间谍	jiàn dié	12907	ian-iang,ia-ie,j-q-x	1
悬崖	xuán yá	12908	uan-uang,j-q-x	1
招工	zhāo gōng	12909	ao-ou,z-zh	1
主旨	zhǔ zhǐ	12910	z-zh	1
瓜果	guā guǒ	12913	ua-uo	1
会诊	huì zhěn	12914	en-eng,z-zh,h-f	1
内科	nèi kē	12915	ai-ei,n-l	1
劝告	quàn gào	12916	uan-uang,ao-ou,j-q-x	1
弱者	ruò zhě	12917	ua-uo,z-zh,r-l	1
奢侈	shē chǐ	12918	c-ch,s-sh	1
退缩	tuì suō	12919	ua-uo,s-sh	1
为时	wéi shí	12920	ai-ei,s-sh	1
心得	xīn dé	12921	in-ing,j-q-x	1
喧嚣	xuān xiāo	12922	uan-uang,j-q-x	1
编纂	biān zuǎn	12923	ian-iang,uan-uang,z-zh	3
称道	chēng dào	12924	en-eng,ao-ou,c-ch	1
管事	guǎn shì	12925	uan-uang,s-sh	1
贫乏	pín fá	12927	in-ing,h-f	1
契丹	qì dān	12928	an-ang,j-q-x	1
失声	shī shēng	12929	en-eng,s-sh	1
守护	shǒu hù	12930	ao-ou,s-sh,h-f	1
衣袋	yī dài	12931	ai-ei	1
簇拥	cù yōng	12932	c-ch	1
点火	diǎn huǒ	12933	ian-iang,ua-uo,h-f	1
抖动	dǒu dòng	12934	ao-ou	1
焊接	hàn jiē	12936	an-ang,ia-ie,h-f,j-q-x	1
锦旗	jǐn qí	12937	in-ing,j-q-x	1
勤俭	qín jiǎn	12938	in-ing,ian-iang,j-q-x	1
心腹	xīn fù	12940	in-ing,h-f,j-q-x	1
得逞	dé chěng	12941	en-eng,c-ch	1
供货	gōng huò	12942	ua-uo,h-f	1
挥舞	huī wǔ	12943	h-f	1
流亡	liú wáng	12944	an-ang,n-l,r-l	1
岁数	suì shu	12946	s-sh	1
甜头	tián tou	12947	ian-iang,ao-ou	1
微波	wēi bō	12948	ai-ei	1
无耻	wú chǐ	12949	c-ch	1
闲谈	xián tán	12950	an-ang,ian-iang,j-q-x	1
相聚	xiāng jù	12951	ian-iang,j-q-x	1
厌倦	yàn juàn	12953	an-ang,uan-uang,j-q-x	1
药房	yào fáng	12954	an-ang,ao-ou,h-f	1
医德	yī dé	12955		1
油漆	yóu qī	12956	ao-ou,j-q-x	1
韵味	yùn wèi	12957	ai-ei	1
差额	chā é	12958	c-ch	1
断裂	duàn liè	12959	uan-uang,ia-ie,n-l,r-l	1
建树	jiàn shù	12960	ian-iang,s-sh,j-q-x	1
浇水	jiāo shuǐ	12961	s-sh,j-q-x	1
救护	jiù hù	12962	h-f,j-q-x	1
年末	nián mò	12964	ian-iang,n-l	1
人称	rén chēng	12965	en-eng,c-ch,r-l	1
先例	xiān lì	12966	ian-iang,n-l,r-l,j-q-x	1
选区	xuǎn qū	12967	uan-uang,j-q-x	1
阵雨	zhèn yǔ	12969	en-eng,z-zh	1
本钱	běn qián	12971	en-eng,ian-iang,j-q-x	1
差事	chà shì	12972	c-ch,s-sh	1
丑陋	chǒu lòu	12973	ao-ou,c-ch,n-l,r-l	1
低估	dī gū	12974		1
放置	fàng zhì	12975	an-ang,z-zh,h-f	1
调剂	tiáo jì	12978	j-q-x	1
兄妹	xiōng mèi	12979	ai-ei,j-q-x	1
遗嘱	yí zhǔ	12980	z-zh	1
整风	zhěng fēng	12981	en-eng,z-zh,h-f	1
不一	bù yī	12982		1
打扰	dǎ rǎo	12983	ao-ou,r-l	1
交界	jiāo jiè	12984	ia-ie,j-q-x	1
戒备	jiè bèi	12985	ai-ei,ia-ie,j-q-x	1
劳作	láo zuò	12986	ao-ou,ua-uo,z-zh,n-l,r-l	1
绵延	mián yán	12987	an-ang,ian-iang	1
养护	yǎng hù	12989	an-ang,h-f	1
腰带	yāo dài	12990	ai-ei,ao-ou	1
做工	zuò gōng	12991	ua-uo,z-zh	1
宾客	bīn kè	12992	in-ing	1
不休	bù xiū	12993	j-q-x	1
果品	guǒ pǐn	12995	in-ing,ua-uo	1
合营	hé yíng	12996	in-ing,h-f	1
丧事	sāng shì	12997	an-ang,s-sh	1
醒悟	xǐng wù	12998	in-ing,j-q-x	1
争光	zhēng guāng	13000	en-eng,uan-uang,z-zh	1
总揽	zǒng lǎn	13001	an-ang,z-zh,n-l,r-l	1
表层	biǎo céng	13003	en-eng,c-ch	1
段子	duàn zi	13004	uan-uang,z-zh	1
国籍	guó jí	13005	ua-uo,j-q-x	1
核能	hé néng	13006	en-eng,n-l,h-f	1
会馆	huì guǎn	13007	uan-uang,h-f	1
击剑	jī jiàn	13008	ian-iang,j-q-x	1
开行	kāi xíng	13009	in-ing,ai-ei,j-q-x	1
囚犯	qiú fàn	13011	an-ang,h-f,j-q-x	1
叹气	tàn qì	13012	an-ang,j-q-x	1
泄漏	xiè lòu	13013	ao-ou,ia-ie,n-l,r-l,j-q-x	1
引资	yǐn zī	13014	in-ing,z-zh	1
致意	zhì yì	13015	z-zh	1
报效	bào xiào	13016	ao-ou,j-q-x	1
被褥	bèi rù	13017	ai-ei,r-l	1
甘蔗	gān zhe	13018	an-ang,z-zh	1
河谷	hé gǔ	13019	h-f	1
人品	rén pǐn	13020	en-eng,in-ing,r-l	1
算账	suàn zhàng	13021	an-ang,uan-uang,z-zh,s-sh	1
下流	xià liú	13023	ia-ie,n-l,r-l,j-q-x	1
装扮	zhuāng bàn	13026	an-ang,uan-uang,z-zh	1
国界	guó jiè	13027	ia-ie,ua-uo,j-q-x	1
开荒	kāi huāng	13028	uan-uang,ai-ei,h-f	1
灵敏	líng mǐn	13030	in-ing,n-l,r-l	1
轻蔑	qīng miè	13031	in-ing,ia-ie,j-q-x	1
山河	shān hé	13032	an-ang,s-sh,h-f	1
宛如	wǎn rú	13033	an-ang,r-l	1
旋风	xuàn fēng	13034	en-eng,uan-uang,h-f,j-q-x	1
园子	yuán zi	13035	uan-uang,z-zh	1
车主	chē zhǔ	13036	z-zh,c-ch	1
导线	dǎo xiàn	13037	ian-iang,ao-ou,j-q-x	1
翻阅	fān yuè	13038	an-ang,h-f	1
公使	gōng shǐ	13039	s-sh	1
巨头	jù tóu	13041	ao-ou,j-q-x	1
练功	liàn gōng	13042	ian-iang,n-l,r-l	1
批复	pī fù	13043	h-f	1
缺失	quē shī	13044	s-sh,j-q-x	1
铁道	tiě dào	13045	ao-ou,ia-ie	1
夏日	xià rì	13046	ia-ie,r-l,j-q-x	1
预感	yù gǎn	13047	an-ang	1
报表	bào biǎo	13049	ao-ou	1
不凡	bù fán	13050	an-ang,h-f	1
菜园	cài yuán	13051	uan-uang,ai-ei,c-ch	1
重叠	chóng dié	13052	ia-ie,c-ch	1
大伯	dà bó	13053		1
堤防	dī fáng	13054	an-ang,h-f	1
附件	fù jiàn	13055	ian-iang,h-f,j-q-x	1
灌区	guàn qū	13056	uan-uang,j-q-x	1
绩效	jì xiào	13058	j-q-x	1
脸孔	liǎn kǒng	13059	ian-iang,n-l,r-l	1
蘑菇	mó gu	13060		1
清凉	qīng liáng	13061	in-ing,ian-iang,n-l,r-l,j-q-x	1
洗钱	xǐ qián	13062	ian-iang,j-q-x	1
相爱	xiāng ài	13063	ian-iang,ai-ei,j-q-x	1
找寻	zhǎo xún	13065	ao-ou,z-zh,j-q-x	1
诸侯	zhū hóu	13067	ao-ou,z-zh,h-f	1
走马	zǒu mǎ	13069	ao-ou,z-zh	1
保值	bǎo zhí	13070	ao-ou,z-zh	1
厂子	chǎng zi	13071	an-ang,z-zh,c-ch	1
沉沉	chén chén	13072	en-eng,c-ch	1
害羞	hài xiū	13073	ai-ei,h-f,j-q-x	1
检修	jiǎn xiū	13074	ian-iang,j-q-x	1
口语	kǒu yǔ	13075	ao-ou	1
瓦解	wǎ jiě	13076	ia-ie,j-q-x	1
野菜	yě cài	13077	ai-ei,c-ch	1
饱受	bǎo shòu	13078	ao-ou,s-sh	1
电气	diàn qì	13079	ian-iang,j-q-x	1
公鸡	gōng jī	13080	j-q-x	1
华裔	huá yì	13081	ua-uo,h-f	3
欺侮	qī wǔ	13083	j-q-x	1
盛夏	shèng xià	13084	en-eng,ia-ie,s-sh,j-q-x	1
天井	tiān jǐng	13085	in-ing,ian-iang,j-q-x	1
下海	xià hǎi	13087	ai-ei,ia-ie,h-f,j-q-x	1
依存	yī cún	13089	c-ch	1
滞留	zhì liú	13091	z-zh,n-l,r-l	1
中南	zhōng nán	13092	an-ang,z-zh,n-l	1
动辄	dòng zhé	13093	z-zh	3
断然	duàn rán	13094	an-ang,uan-uang,r-l	1
多情	duō qíng	13095	in-ing,ua-uo,j-q-x	1
见于	jiàn yú	13096	ian-iang,j-q-x	1
酱油	jiàng yóu	13097	ian-iang,ao-ou,j-q-x	1
萌发	méng fā	13099	en-eng,h-f	1
索要	suǒ yào	13100	ao-ou,ua-uo,s-sh	1
添加	tiān jiā	13101	ian-iang,ia-ie,j-q-x	1
字典	zì diǎn	13104	ian-iang,z-zh	1
大发	dà fa	13105	h-f	1
地壳	dì qiào	13106	j-q-x	1
对阵	duì zhèn	13107	en-eng,z-zh	1
过快	guò kuài	13108	ua-uo	1
尖端	jiān duān	13109	ian-iang,uan-uang,j-q-x	1
六一	liù yī	13111	n-l,r-l	1
放量	fàng liàng	13112	an-ang,ian-iang,n-l,h-f,r-l	1
露面	lòu miàn	13113	ian-iang,ao-ou,n-l,r-l	1
埋葬	mái zàng	13114	an-ang,ai-ei,z-zh	1
名优	míng yōu	13115	in-ing,ao-ou	1
重型	zhòng xíng	13117	in-ing,z-zh,j-q-x	1
超期	chāo qī	13118	ao-ou,c-ch,j-q-x	1
纯净	chún jìng	13119	in-ing,c-ch,j-q-x	1
颠簸	diān bǒ	13120	ian-iang	1
逗留	dòu liú	13121	ao-ou,n-l,r-l	1
栖息	qī xī	13123	j-q-x	1
蓝筹	lán chóu	13124	an-ang,ao-ou,c-ch,n-l,r-l	1
石板	shí bǎn	13125	an-ang,s-sh	1
水田	shuǐ tián	13126	ian-iang,s-sh	1
眺望	tiào wàng	13127	an-ang	3
译文	yì wén	13129	en-eng	1
应时	yìng shí	13130	in-ing,s-sh	1
预约	yù yuē	13131		1
原地	yuán dì	13132	uan-uang	1
不妥	bù tuǒ	13133	ua-uo	1
陡然	dǒu rán	13134	an-ang,ao-ou,r-l	1
堆放	duī fàng	13135	an-ang,h-f	1
分担	fēn dān	13136	en-eng,an-ang,h-f	1
集结	jí jié	13138	ia-ie,j-q-x	1
跑道	pǎo dào	13140	ao-ou	1
岂能	qǐ néng	13141	en-eng,n-l,j-q-x	1
着地	zháo dì	13142	ao-ou,z-zh	1
榜首	bǎng shǒu	13143	an-ang,ao-ou,s-sh	1
光顾	guāng gù	13145	uan-uang	1
较之	jiào zhī	13146	z-zh,j-q-x	1
跑步	pǎo bù	13147	ao-ou	1
时日	shí rì	13148	s-sh,r-l	1
税金	shuì jīn	13149	in-ing,s-sh,j-q-x	1
信教	xìn jiào	13150	in-ing,j-q-x	1
在即	zài jí	13152	ai-ei,z-zh,j-q-x	1
竹子	zhú zi	13153	z-zh	1
班禅	bān chán	13154	an-ang,c-ch	1
地盘	dì pán	13157	an-ang	1
名胜	míng shèng	13158	en-eng,in-ing,s-sh	1
心地	xīn dì	13160	in-ing,j-q-x	1
熊熊	xióng xióng	13161	j-q-x	1
必备	bì bèi	13162	ai-ei	1
电机	diàn jī	13163	ian-iang,j-q-x	1
后进	hòu jìn	13164	in-ing,ao-ou,h-f,j-q-x	1
剪刀	jiǎn dāo	13165	ian-iang,ao-ou,j-q-x	1
吭声	kēng shēng	13166	en-eng,s-sh	1
潜伏	qián fú	13167	ian-iang,h-f,j-q-x	1
维系	wéi xì	13169	ai-ei,j-q-x	1
相符	xiāng fú	13170	ian-iang,h-f,j-q-x	1
越冬	yuè dōng	13171		1
侦探	zhēn tàn	13172	en-eng,an-ang,z-zh	1
自谋	zì móu	13173	ao-ou,z-zh	1
来稿	lái gǎo	13175	ai-ei,ao-ou,n-l,r-l	1
收买	shōu mǎi	13176	ai-ei,ao-ou,s-sh	1
痛恨	tòng hèn	13177	en-eng,h-f	1
呜咽	wū yè	13178		1
渊源	yuān yuán	13179	uan-uang	1
电荷	diàn hè	13181	ian-iang,h-f	1
复辟	fù bì	13182	h-f	1
公事	gōng shì	13183	s-sh	1
呼应	hū yìng	13184	in-ing,h-f	1
略略	lüè lüè	13185	n-l,r-l	1
奴才	nú cai	13186	ai-ei,c-ch,n-l	1
升空	shēng kōng	13187	en-eng,s-sh	1
屋檐	wū yán	13189	an-ang	1
常任	cháng rèn	13190	en-eng,an-ang,c-ch,r-l	1
下单	xià dān	13191	an-ang,ia-ie,j-q-x	1
稻谷	dào gǔ	13192	ao-ou	1
团圆	tuán yuán	13194	uan-uang	1
伴奏	bàn zòu	13195	an-ang,ao-ou,z-zh	1
触摸	chù mō	13196	c-ch	1
大汉	dà hàn	13197	an-ang,h-f	1
敬重	jìng zhòng	13199	in-ing,z-zh,j-q-x	1
扩充	kuò chōng	13200	ua-uo,c-ch	1
摸底	mō dǐ	13201		1
造血	zào xuè	13202	ao-ou,z-zh,j-q-x	1
指使	zhǐ shǐ	13203	z-zh,s-sh	1
诅咒	zǔ zhòu	13204	ao-ou,z-zh	3
公办	gōng bàn	13205	an-ang	1
恭维	gōng wéi	13206	ai-ei	1
后盾	hòu dùn	13207	ao-ou,h-f	1
来电	lái diàn	13208	ian-iang,ai-ei,n-l,r-l	1
传单	chuán dān	13211	an-ang,uan-uang,c-ch	1
国画	guó huà	13212	ua-uo,h-f	1
过滤	guò lǜ	13213	ua-uo,n-l,r-l	1
呵护	hē hù	13214	h-f	1
精干	jīng gàn	13215	in-ing,an-ang,j-q-x	1
入住	rù zhù	13217	z-zh,r-l	1
吻合	wěn hé	13218	en-eng,h-f	1
肖像	xiào xiàng	13219	ian-iang,j-q-x	1
悲愤	bēi fèn	13220	en-eng,ai-ei,h-f	1
和服	hé fú	13222	h-f	1
怒气	nù qì	13225	n-l,j-q-x	1
商界	shāng jiè	13226	an-ang,ia-ie,s-sh,j-q-x	1
食盐	shí yán	13227	an-ang,s-sh	1
王八	wáng ba	13229	an-ang	1
斡旋	wò xuán	13230	uan-uang,j-q-x	3
无能	wú néng	13231	en-eng,n-l	1
相约	xiāng yuē	13232	ian-iang,j-q-x	1
招募	zhāo mù	13233	ao-ou,z-zh	1
假说	jiǎ shuō	13234	ia-ie,ua-uo,s-sh,j-q-x	1
补救	bǔ jiù	13235	j-q-x	1
地雷	dì léi	13236	ai-ei,n-l,r-l	1
会师	huì shī	13238	s-sh,h-f	1
借贷	jiè dài	13239	ai-ei,ia-ie,j-q-x	1
剧作	jù zuò	13240	ua-uo,z-zh,j-q-x	1
批量	pī liàng	13241	ian-iang,n-l,r-l	1
锐气	ruì qì	13242	r-l,j-q-x	1
雷鸣	léi míng	13243	in-ing,ai-ei,n-l,r-l	1
天赋	tiān fù	13244	ian-iang,h-f	1
直航	zhí háng	13246	an-ang,z-zh,h-f	1
汇款	huì kuǎn	13249	uan-uang,h-f	1
名录	míng lù	13251	in-ing,n-l,r-l	1
任凭	rèn píng	13252	en-eng,in-ing,r-l	1
上方	shàng fāng	13253	an-ang,s-sh,h-f	1
在乎	zài hu	13254	ai-ei,z-zh,h-f	1
支线	zhī xiàn	13255	ian-iang,z-zh,j-q-x	1
唯美	wéi měi	13257	ai-ei	1
电工	diàn gōng	13258	ian-iang	1
动乱	dòng luàn	13259	uan-uang,n-l,r-l	1
发球	fā qiú	13260	h-f,j-q-x	1
个儿	gè er	13261		1
根治	gēn zhì	13262	en-eng,z-zh	1
光照	guāng zhào	13263	uan-uang,ao-ou,z-zh	1
健壮	jiàn zhuàng	13264	ian-iang,uan-uang,z-zh,j-q-x	1
橘子	jú zi	13265	z-zh,j-q-x	1
民居	mín jū	13266	in-ing,j-q-x	1
说谎	shuō huǎng	13267	uan-uang,ua-uo,s-sh,h-f	1
下沉	xià chén	13268	en-eng,ia-ie,c-ch,j-q-x	1
镶嵌	xiāng qiàn	13269	ian-iang,j-q-x	1
休养	xiū yǎng	13270	an-ang,j-q-x	1
出外	chū wài	13271	ai-ei,c-ch	1
党旗	dǎng qí	13272	an-ang,j-q-x	1
动听	dòng tīng	13273	in-ing	1
官邸	guān dǐ	13275	uan-uang	3
聚居	jù jū	13276	j-q-x	1
迁徙	qiān xǐ	13278	ian-iang,j-q-x	1
推崇	tuī chóng	13280	c-ch	1
外方	wài fāng	13281	an-ang,ai-ei,h-f	1
胭脂	yān zhi	13283	an-ang,z-zh	3
珍品	zhēn pǐn	13284	en-eng,in-ing,z-zh	1
缔结	dì jié	13285	ia-ie,j-q-x	1
典雅	diǎn yǎ	13286	ian-iang	1
防灾	fáng zāi	13287	an-ang,ai-ei,z-zh,h-f	1
汇总	huì zǒng	13289	z-zh,h-f	1
警官	jǐng guān	13291	in-ing,uan-uang,j-q-x	1
可耻	kě chǐ	13292	c-ch	1
少妇	shào fù	13293	ao-ou,s-sh,h-f	1
手头	shǒu tóu	13294	ao-ou,s-sh	1
疏散	shū sàn	13295	an-ang,s-sh	1
算命	suàn mìng	13296	in-ing,uan-uang,s-sh	1
同居	tóng jū	13297	j-q-x	1
推辞	tuī cí	13298	c-ch	1
像样	xiàng yàng	13299	an-ang,ian-iang,j-q-x	1
着落	zhuó luò	13301	ua-uo,z-zh,n-l,r-l	1
河床	hé chuáng	13302	uan-uang,c-ch,h-f	1
鉴赏	jiàn shǎng	13303	an-ang,ian-iang,s-sh,j-q-x	1
射箭	shè jiàn	13305	ian-iang,s-sh,j-q-x	1
书院	shū yuàn	13306	uan-uang,s-sh	1
转告	zhuǎn gào	13308	uan-uang,ao-ou,z-zh	1
左侧	zuǒ cè	13309	ua-uo,z-zh,c-ch	1
包子	bāo zi	13310	ao-ou,z-zh	1
不辞	bù cí	13311	c-ch	1
长跑	cháng pǎo	13312	an-ang,ao-ou,c-ch	1
姑妈	gū mā	13314		1
矿物	kuàng wù	13315	uan-uang	1
年货	nián huò	13318	ian-iang,ua-uo,n-l,h-f	1
司马	sī mǎ	13319	s-sh	1
刑侦	xíng zhēn	13320	en-eng,in-ing,z-zh,j-q-x	1
选中	xuǎn zhōng	13322	uan-uang,z-zh,j-q-x	1
眼圈	yǎn quān	13323	an-ang,uan-uang,j-q-x	1
着陆	zhuó lù	13324	ua-uo,z-zh,n-l,r-l	1
插嘴	chā zuǐ	13325	z-zh,c-ch	1
搀扶	chān fú	13326	an-ang,c-ch,h-f	1
就餐	jiù cān	13328	an-ang,c-ch,j-q-x	1
失调	shī tiáo	13329	s-sh	1
先驱	xiān qū	13331	ian-iang,j-q-x	1
星系	xīng xì	13332	in-ing,j-q-x	1
羞愧	xiū kuì	13333	j-q-x	1
虚报	xū bào	13334	ao-ou,j-q-x	1
佝偻	gōu lóu	13335	ao-ou,n-l,r-l	2
早稻	zǎo dào	13336	ao-ou,z-zh	1
只因	zhǐ yīn	13337	in-ing,z-zh	1
城管	chéng guǎn	13338	en-eng,uan-uang,c-ch	1
列出	liè chū	13340	ia-ie,c-ch,n-l,r-l	1
四化	sì huà	13341	ua-uo,s-sh,h-f	1
肆意	sì yì	13342	s-sh	1
肃穆	sù mù	13343	s-sh	1
体裁	tǐ cái	13344	ai-ei,c-ch	1
违约	wéi yuē	13345	ai-ei	1
要死	yào sǐ	13346	ao-ou,s-sh	1
应届	yīng jiè	13347	in-ing,ia-ie,j-q-x	1
杂种	zá zhǒng	13348	z-zh	1
致词	zhì cí	13349	z-zh,c-ch	1
光谱	guāng pǔ	13350	uan-uang	1
案值	àn zhí	13351	an-ang,z-zh	1
八字	bā zì	13352	z-zh	1
摆动	bǎi dòng	13353	ai-ei	1
病魔	bìng mó	13354	in-ing	1
不单	bù dān	13355	an-ang	1
刺刀	cì dāo	13356	ao-ou,c-ch	1
开掘	kāi jué	13357	ai-ei,j-q-x	1
马虎	mǎ hu	13358	h-f	1
毗邻	pí lín	13359	in-ing,n-l,r-l	3
苏区	sū qū	13362	s-sh,j-q-x	1
享乐	xiǎng lè	13364	ian-iang,n-l,r-l,j-q-x	1
一晃	yī huǎng	13365	uan-uang,h-f	1
充值	chōng zhí	13366	z-zh,c-ch	1
追溯	zhuī sù	13367	z-zh,s-sh	1
订货	dìng huò	13368	in-ing,ua-uo,h-f	1
审结	shěn jié	13371	en-eng,ia-ie,s-sh,j-q-x	1
锁定	suǒ dìng	13373	in-ing,ua-uo,s-sh	1
体察	tǐ chá	13374	c-ch	1
政事	zhèng shì	13375	en-eng,z-zh,s-sh	1
范例	fàn lì	13376	an-ang,n-l,h-f,r-l	1
风水	fēng shuǐ	13377	en-eng,s-sh,h-f	1
管教	guǎn jiào	13378	uan-uang,j-q-x	1
候选	hòu xuǎn	13379	uan-uang,ao-ou,h-f,j-q-x	1
即时	jí shí	13380	s-sh,j-q-x	1
门面	mén mian	13381	en-eng,ian-iang	1
玩法	wán fǎ	13382	an-ang,h-f	1
起立	qǐ lì	13383	n-l,r-l,j-q-x	1
伪军	wěi jūn	13384	ai-ei,j-q-x	1
凶猛	xiōng měng	13385	en-eng,j-q-x	1
养分	yǎng fèn	13386	en-eng,an-ang,h-f	1
悠闲	yōu xián	13388	ian-iang,ao-ou,j-q-x	1
幼年	yòu nián	13389	ian-iang,ao-ou,n-l	1
支教	zhī jiào	13390	z-zh,j-q-x	1
补给	bǔ jǐ	13391	j-q-x	1
洞口	dòng kǒu	13392	ao-ou	1
芬芳	fēn fāng	13393	en-eng,an-ang,h-f	1
获准	huò zhǔn	13395	ua-uo,z-zh,h-f	1
棘手	jí shǒu	13396	ao-ou,s-sh,j-q-x	1
漫漫	màn màn	13397	an-ang	1
破灭	pò miè	13398	ia-ie	1
滔滔	tāo tāo	13399	ao-ou	1
下课	xià kè	13400	ia-ie,j-q-x	1
序言	xù yán	13401	an-ang,j-q-x	1
金黄	jīn huáng	13403	in-ing,uan-uang,h-f,j-q-x	1
恳切	kěn qiè	13404	en-eng,ia-ie,j-q-x	1
冷酷	lěng kù	13405	en-eng,n-l,r-l	1
平整	píng zhěng	13407	en-eng,in-ing,z-zh	1
失效	shī xiào	13408	s-sh,j-q-x	1
治水	zhì shuǐ	13409	z-zh,s-sh	1
重病	zhòng bìng	13410	in-ing,z-zh	1
出师	chū shī	13411	c-ch,s-sh	1
改装	gǎi zhuāng	13412	uan-uang,ai-ei,z-zh	1
咯咯	gē gē	13413		2
更改	gēng gǎi	13414	en-eng,ai-ei	1
僵化	jiāng huà	13415	ian-iang,ua-uo,h-f,j-q-x	1
剧种	jù zhǒng	13416	z-zh,j-q-x	1
原文	yuán wén	13419	en-eng,uan-uang	1
编码	biān mǎ	13420	ian-iang	1
顶多	dǐng duō	13421	in-ing,ua-uo	1
发疯	fā fēng	13422	en-eng,h-f	1
槐树	huái shù	13423	s-sh,h-f	1
酷暑	kù shǔ	13424	s-sh	1
琵琶	pí pa	13425		2
亲笔	qīn bǐ	13426	in-ing,j-q-x	1
性状	xìng zhuàng	13427	in-ing,uan-uang,z-zh,j-q-x	1
样板	yàng bǎn	13428	an-ang	1
膀子	bǎng zi	13429	an-ang,z-zh	1
尘埃	chén āi	13430	en-eng,ai-ei,c-ch	1
初始	chū shǐ	13431	c-ch,s-sh	1
绰号	chuò hào	13432	ao-ou,ua-uo,c-ch,h-f	1
改用	gǎi yòng	13433	ai-ei	1
即令	jí lìng	13434	in-ing,n-l,r-l,j-q-x	1
捆绑	kǔn bǎng	13435	an-ang	1
蓦地	mò dì	13436		3
气功	qì gōng	13437	j-q-x	1
外币	wài bì	13440	ai-ei	1
仰望	yǎng wàng	13441	an-ang	1
直达	zhí dá	13442	z-zh	1
半空	bàn kōng	13443	an-ang	1
结对	jié duì	13444	ia-ie,j-q-x	1
背包	bēi bāo	13445	ai-ei,ao-ou	1
冲天	chōng tiān	13446	ian-iang,c-ch	1
公关	gōng guān	13447	uan-uang	1
共商	gòng shāng	13449	an-ang,s-sh	1
过头	guò tóu	13450	ao-ou,ua-uo	1
红薯	hóng shǔ	13451	s-sh,h-f	1
门房	mén fáng	13453	en-eng,an-ang,h-f	1
杀手	shā shǒu	13454	ao-ou,s-sh	1
尚且	shàng qiě	13455	an-ang,ia-ie,s-sh,j-q-x	1
烧饼	shāo bing	13456	in-ing,ao-ou,s-sh	1
胜仗	shèng zhàng	13457	en-eng,an-ang,z-zh,s-sh	1
无故	wú gù	13459		1
行礼	xíng lǐ	13460	in-ing,n-l,r-l,j-q-x	1
巡查	xún chá	13461	c-ch,j-q-x	1
养育	yǎng yù	13462	an-ang	1
河畔	hé pàn	13463	an-ang,h-f	1
苗圃	miáo pǔ	13466		1
土改	tǔ gǎi	13467	ai-ei	1
脱节	tuō jié	13468	ia-ie,ua-uo,j-q-x	1
姓氏	xìng shì	13469	in-ing,s-sh,j-q-x	1
资费	zī fèi	13470	ai-ei,z-zh,h-f	1
重演	chóng yǎn	13471	an-ang,c-ch	1
大权	dà quán	13472	uan-uang,j-q-x	1
过境	guò jìng	13474	in-ing,ua-uo,j-q-x	1
彗星	huì xīng	13475	in-ing,h-f,j-q-x	3
南边	nán bian	13476	an-ang,ian-iang,n-l	1
平地	píng dì	13477	in-ing	1
前任	qián rèn	13478	en-eng,ian-iang,r-l,j-q-x	1
书名	shū míng	13479	in-ing,s-sh	1
抑郁	yì yù	13480		1
枝叶	zhī yè	13481	z-zh	1
重力	zhòng lì	13483	z-zh,n-l,r-l	1
不畅	bù chàng	13484	an-ang,c-ch	1
道义	dào yì	13485	ao-ou	1
控诉	kòng sù	13486	s-sh	1
领事	lǐng shì	13487	in-ing,s-sh,n-l,r-l	1
诗文	shī wén	13488	en-eng,s-sh	1
水晶	shuǐ jīng	13489	in-ing,s-sh,j-q-x	1
推举	tuī jǔ	13490	j-q-x	1
袭来	xí lái	13491	ai-ei,n-l,r-l,j-q-x	1
谢绝	xiè jué	13492	ia-ie,j-q-x	1
炫耀	xuàn yào	13493	uan-uang,ao-ou,j-q-x	1
政坛	zhèng tán	13494	en-eng,an-ang,z-zh	1
宝石	bǎo shí	13495	ao-ou,s-sh	1
过夜	guò yè	13498	ua-uo	1
寒假	hán jià	13499	an-ang,ia-ie,h-f,j-q-x	1
好受	hǎo shòu	13500	ao-ou,s-sh,h-f	1
守候	shǒu hòu	13503	ao-ou,s-sh,h-f	1
喧闹	xuān nào	13504	uan-uang,ao-ou,n-l,j-q-x	1
汛期	xùn qī	13505	j-q-x	1
终年	zhōng nián	13506	ian-iang,z-zh,n-l	1
调集	diào jí	13509	j-q-x	1
观音	guān yīn	13511	in-ing,uan-uang	1
害人	hài rén	13512	en-eng,ai-ei,h-f,r-l	1
缉毒	jī dú	13513	j-q-x	1
减肥	jiǎn féi	13514	ian-iang,ai-ei,h-f,j-q-x	1
灵通	líng tōng	13516	in-ing,n-l,r-l	1
摩托	mó tuō	13517	ua-uo	1
平反	píng fǎn	13518	in-ing,an-ang,h-f	1
随军	suí jūn	13519	s-sh,j-q-x	1
喂养	wèi yǎng	13521	an-ang,ai-ei	1
阴沉	yīn chén	13522	en-eng,in-ing,c-ch	1
报案	bào àn	13523	an-ang,ao-ou	1
爹爹	diē die	13524	ia-ie	1
定性	dìng xìng	13525	in-ing,j-q-x	1
赌气	dǔ qì	13526	j-q-x	1
惠及	huì jí	13527	h-f,j-q-x	1
基数	jī shù	13528	s-sh,j-q-x	1
疲乏	pí fá	13531	h-f	1
声道	shēng dào	13532	en-eng,ao-ou,s-sh	1
乌黑	wū hēi	13533	ai-ei,h-f	1
英寸	yīng cùn	13534	in-ing,c-ch	1
线段	xiàn duàn	13535	ian-iang,uan-uang,j-q-x	1
船闸	chuán zhá	13536	uan-uang,z-zh,c-ch	1
春联	chūn lián	13537	ian-iang,c-ch,n-l,r-l	1
回音	huí yīn	13539	in-ing,h-f	1
时辰	shí chen	13540	en-eng,c-ch,s-sh	1
晚宴	wǎn yàn	13541	an-ang	1
相承	xiāng chéng	13542	en-eng,ian-iang,c-ch,j-q-x	1
壮士	zhuàng shì	13544	uan-uang,z-zh,s-sh	1
字眼	zì yǎn	13546	an-ang,z-zh	1
澳洲	ào zhōu	13547	ao-ou,z-zh	1
仓储	cāng chǔ	13548	an-ang,c-ch	1
吃水	chī shuǐ	13549	c-ch,s-sh	1
出产	chū chǎn	13550	an-ang,c-ch	1
号令	hào lìng	13552	in-ing,ao-ou,n-l,h-f,r-l	1
交错	jiāo cuò	13554	ua-uo,c-ch,j-q-x	1
交火	jiāo huǒ	13555	ua-uo,h-f,j-q-x	1
老兄	lǎo xiōng	13556	ao-ou,n-l,r-l,j-q-x	1
历次	lì cì	13557	c-ch,n-l,r-l	1
乞讨	qǐ tǎo	13560	ao-ou,j-q-x	1
亲家	qìng jia	13561	in-ing,ia-ie,j-q-x	1
夜班	yè bān	13562	an-ang	1
混淆	hùn xiáo	13566	h-f,j-q-x	1
军备	jūn bèi	13567	ai-ei,j-q-x	1
内行	nèi háng	13569	an-ang,ai-ei,n-l,h-f	1
企盼	qǐ pàn	13570	an-ang,j-q-x	1
升值	shēng zhí	13571	en-eng,z-zh,s-sh	1
实意	shí yì	13572	s-sh	1
已故	yǐ gù	13574		1
用具	yòng jù	13575	j-q-x	1
蜘蛛	zhī zhū	13576	z-zh	1
重镇	zhòng zhèn	13577	en-eng,z-zh	1
周旋	zhōu xuán	13578	uan-uang,ao-ou,z-zh,j-q-x	1
剥离	bō lí	13579	n-l,r-l	1
存折	cún zhé	13580	z-zh,c-ch	1
单产	dān chǎn	13581	an-ang,c-ch	1
复习	fù xí	13582	h-f,j-q-x	1
疲软	pí ruǎn	13584	uan-uang,r-l	1
争辩	zhēng biàn	13587	en-eng,ian-iang,z-zh	1
追击	zhuī jī	13588	z-zh,j-q-x	1
彼岸	bǐ àn	13589	an-ang	1
到场	dào chǎng	13590	an-ang,ao-ou,c-ch	1
故里	gù lǐ	13591	n-l,r-l	1
含泪	hán lèi	13592	an-ang,ai-ei,n-l,h-f,r-l	1
美誉	měi yù	13596	ai-ei	1
偏重	piān zhòng	13597	ian-iang,z-zh	1
球星	qiú xīng	13598	in-ing,j-q-x	1
束手	shù shǒu	13600	ao-ou,s-sh	1
血脉	xuè mài	13602	ai-ei,j-q-x	1
摇曳	yáo yè	13603	ao-ou	3
缝隙	fèng xì	13606	en-eng,h-f,j-q-x	1
旱灾	hàn zāi	13608	an-ang,ai-ei,z-zh,h-f	1
华文	huá wén	13609	en-eng,ua-uo,h-f	1
集市	jí shì	13610	s-sh,j-q-x	1
假币	jiǎ bì	13611	ia-ie,j-q-x	1
了结	liǎo jié	13612	ia-ie,n-l,r-l,j-q-x	1
收复	shōu fù	13614	ao-ou,s-sh,h-f	1
一如	yī rú	13616	r-l	1
残害	cán hài	13618	an-ang,ai-ei,c-ch,h-f	1
漂浮	piāo fú	13620	h-f	1
骄阳	jiāo yáng	13621	an-ang,j-q-x	1
来历	lái lì	13622	ai-ei,n-l,r-l	1
脸面	liǎn miàn	13623	ian-iang,n-l,r-l	1
顽皮	wán pí	13625	an-ang	1
纬度	wěi dù	13626	ai-ei	1
浴室	yù shì	13627	s-sh	1
置换	zhì huàn	13629	uan-uang,z-zh,h-f	1
做客	zuò kè	13630	ua-uo,z-zh	1
傲慢	ào màn	13631	an-ang,ao-ou	1
表姐	biǎo jiě	13632	ia-ie,j-q-x	1
活活	huó huó	13634	ua-uo,h-f	1
轿子	jiào zi	13635	z-zh,j-q-x	1
轻盈	qīng yíng	13638	in-ing,j-q-x	1
闪现	shǎn xiàn	13639	an-ang,ian-iang,s-sh,j-q-x	1
实时	shí shí	13640	s-sh	1
手背	shǒu bèi	13641	ai-ei,ao-ou,s-sh	1
依附	yī fù	13643	h-f	1
迎风	yíng fēng	13644	en-eng,in-ing,h-f	1
诱导	yòu dǎo	13645	ao-ou	1
触目	chù mù	13647	c-ch	1
改写	gǎi xiě	13648	ai-ei,ia-ie,j-q-x	1
赶走	gǎn zǒu	13649	an-ang,ao-ou,z-zh	1
金边	jīn biān	13650	in-ing,ian-iang,j-q-x	1
性病	xìng bìng	13651	in-ing,j-q-x	1
照旧	zhào jiù	13652	ao-ou,z-zh,j-q-x	1
袋子	dài zi	13653	ai-ei,z-zh	1
冬日	dōng rì	13654	r-l	1
防伪	fáng wěi	13656	an-ang,ai-ei,h-f	1
回访	huí fǎng	13657	an-ang,h-f	1
会合	huì hé	13658	h-f	1
惊愕	jīng è	13659	in-ing,j-q-x	1
警钟	jǐng zhōng	13660	in-ing,z-zh,j-q-x	1
千金	qiān jīn	13661	in-ing,ian-iang,j-q-x	1
调皮	tiáo pí	13662		1
伪装	wěi zhuāng	13663	uan-uang,ai-ei,z-zh	1
怨言	yuàn yán	13665	an-ang,uan-uang	1
震慑	zhèn shè	13666	en-eng,z-zh,s-sh	3
惊诧	jīng chà	13667	in-ing,c-ch,j-q-x	3
名堂	míng tang	13668	in-ing,an-ang	1
器具	qì jù	13669	j-q-x	1
刑拘	xíng jū	13670	in-ing,j-q-x	1
轻快	qīng kuài	13671	in-ing,j-q-x	1
实则	shí zé	13672	z-zh,s-sh	1
万象	wàn xiàng	13674	an-ang,ian-iang,j-q-x	1
宝座	bǎo zuò	13675	ao-ou,ua-uo,z-zh	1
参股	cān gǔ	13676	an-ang,c-ch	1
参战	cān zhàn	13677	an-ang,z-zh,c-ch	1
长虹	cháng hóng	13678	an-ang,c-ch,h-f	1
长衫	cháng shān	13679	an-ang,c-ch,s-sh	1
发呆	fā dāi	13680	ai-ei,h-f	1
档期	dàng qī	13681	an-ang,j-q-x	1
红叶	hóng yè	13682	h-f	1
街坊	jiē fang	13683	an-ang,ia-ie,h-f,j-q-x	1
容许	róng xǔ	13684	r-l,j-q-x	1
声乐	shēng yuè	13685	en-eng,s-sh	1
险些	xiǎn xiē	13686	ian-iang,ia-ie,j-q-x	1
政要	zhèng yào	13688	en-eng,ao-ou,z-zh	1
纵观	zòng guān	13689	uan-uang,z-zh	1
北欧	běi ōu	13690	ai-ei,ao-ou	1
表弟	biǎo dì	13691		1
抽签	chōu qiān	13692	ian-iang,ao-ou,c-ch,j-q-x	1
电能	diàn néng	13693	en-eng,ian-iang,n-l	1
拐杖	guǎi zhàng	13694	an-ang,z-zh	1
怪物	guài wu	13695		1
劫持	jié chí	13696	ia-ie,c-ch,j-q-x	1
影院	yǐng yuàn	13698	in-ing,uan-uang	1
抓捕	zhuā bǔ	13699	ua-uo,z-zh	1
作画	zuò huà	13700	ua-uo,z-zh,h-f	1
不妙	bù miào	13701		1
茶水	chá shuǐ	13702	c-ch,s-sh	1
朝代	cháo dài	13703	ai-ei,ao-ou,c-ch	1
凑巧	còu qiǎo	13704	ao-ou,c-ch,j-q-x	1
党务	dǎng wù	13705	an-ang	1
化妆	huà zhuāng	13708	uan-uang,ua-uo,z-zh,h-f	1
基准	jī zhǔn	13709	z-zh,j-q-x	1
起劲	qǐ jìn	13711	in-ing,j-q-x	1
前卫	qián wèi	13712	ian-iang,ai-ei,j-q-x	1
商用	shāng yòng	13713	an-ang,s-sh	1
顺畅	shùn chàng	13714	an-ang,c-ch,s-sh	1
天数	tiān shù	13715	ian-iang,s-sh	1
吞噬	tūn shì	13716	s-sh	3
鸳鸯	yuān yāng	13719	an-ang,uan-uang	1
尔后	ěr hòu	13723	ao-ou,h-f	1
给以	gěi yǐ	13724	ai-ei	1
公厕	gōng cè	13725	c-ch	1
骨架	gǔ jià	13726	ia-ie,j-q-x	1
苛刻	kē kè	13728		1
可恨	kě hèn	13729	en-eng,h-f	1
快感	kuài gǎn	13730	an-ang	1
唠叨	láo dao	13731	ao-ou,n-l,r-l	1
龙舟	lóng zhōu	13732	ao-ou,z-zh,n-l,r-l	1
如愿	rú yuàn	13733	uan-uang,r-l	1
收治	shōu zhì	13734	ao-ou,z-zh,s-sh	1
委派	wěi pài	13736	ai-ei	1
厢房	xiāng fáng	13737	an-ang,ian-iang,h-f,j-q-x	1
子宫	zǐ gōng	13738	z-zh	1
臭氧	chòu yǎng	13739	an-ang,ao-ou,c-ch	1
高开	gāo kāi	13740	ai-ei,ao-ou	1
打折	dǎ zhé	13741	z-zh	1
火炉	huǒ lú	13743	ua-uo,n-l,h-f,r-l	1
甲板	jiǎ bǎn	13744	an-ang,ia-ie,j-q-x	1
牢骚	láo sāo	13745	ao-ou,s-sh,n-l,r-l	1
诺大	nuò dà	13748	ua-uo,n-l	1
失事	shī shì	13749	s-sh	1
问答	wèn dá	13750	en-eng	1
相隔	xiāng gé	13751	ian-iang,j-q-x	1
眼见	yǎn jiàn	13752	an-ang,ian-iang,j-q-x	1
悠扬	yōu yáng	13753	an-ang,ao-ou	1
眨眼	zhǎ yǎn	13754	an-ang,z-zh	1
忠臣	zhōng chén	13755	en-eng,z-zh,c-ch	1
苍老	cāng lǎo	13756	an-ang,ao-ou,c-ch,n-l,r-l	1
纯一	chún yī	13758	c-ch	1
工友	gōng yǒu	13759	ao-ou	1
恰巧	qià qiǎo	13763	ia-ie,j-q-x	1
探究	tàn jiū	13764	an-ang,j-q-x	1
匣子	xiá zi	13766	ia-ie,z-zh,j-q-x	1
衣衫	yī shān	13768	an-ang,s-sh	1
远景	yuǎn jǐng	13769	in-ing,uan-uang,j-q-x	1
岳母	yuè mǔ	13770		1
长袍	cháng páo	13771	an-ang,ao-ou,c-ch	1
颠覆	diān fù	13772	ian-iang,h-f	1
断言	duàn yán	13773	an-ang,uan-uang	1
他指	tā zhǐ	13775	z-zh	1
梯田	tī tián	13776	ian-iang	1
务求	wù qiú	13777	j-q-x	1
先人	xiān rén	13778	en-eng,ian-iang,r-l,j-q-x	1
针灸	zhēn jiǔ	13780	en-eng,z-zh,j-q-x	1
罪人	zuì rén	13782	en-eng,z-zh,r-l	1
发火	fā huǒ	13784	ua-uo,h-f	1
风味	fēng wèi	13785	en-eng,ai-ei,h-f	1
欢笑	huān xiào	13787	uan-uang,h-f,j-q-x	1
家教	jiā jiào	13788	ia-ie,j-q-x	1
监护	jiān hù	13789	ian-iang,h-f,j-q-x	1
里屋	lǐ wū	13790	n-l,r-l	1
密封	mì fēng	13791	en-eng,h-f	1
气球	qì qiú	13792	j-q-x	1
侨务	qiáo wù	13793	j-q-x	1
燃油	rán yóu	13794	an-ang,ao-ou,r-l	1
史册	shǐ cè	13795	c-ch,s-sh	1
征战	zhēng zhàn	13799	en-eng,an-ang,z-zh	1
珠宝	zhū bǎo	13800	ao-ou,z-zh	1
成片	chéng piàn	13801	en-eng,ian-iang,c-ch	1
催生	cuī shēng	13802	en-eng,c-ch,s-sh	1
微创	wēi chuāng	13803	uan-uang,ai-ei,c-ch	1
奋发	fèn fā	13804	en-eng,h-f	1
黄海	huáng hǎi	13806	uan-uang,ai-ei,h-f	1
回声	huí shēng	13807	en-eng,s-sh,h-f	1
火力	huǒ lì	13808	ua-uo,n-l,h-f,r-l	1
尾气	wěi qì	13809	ai-ei,j-q-x	1
学府	xué fǔ	13810	h-f,j-q-x	1
步枪	bù qiāng	13811	ian-iang,j-q-x	1
成名	chéng míng	13812	en-eng,in-ing,c-ch	1
驰名	chí míng	13813	in-ing,c-ch	1
单薄	dān bó	13814	an-ang	1
腐烂	fǔ làn	13815	an-ang,n-l,h-f,r-l	1
过量	guò liàng	13817	ian-iang,ua-uo,n-l,r-l	1
过热	guò rè	13818	ua-uo,r-l	1
美味	měi wèi	13819	ai-ei	1
难事	nán shì	13820	an-ang,s-sh,n-l	1
情理	qíng lǐ	13822	in-ing,n-l,r-l,j-q-x	1
全盘	quán pán	13823	an-ang,uan-uang,j-q-x	1
三维	sān wéi	13824	an-ang,ai-ei,s-sh	1
石灰	shí huī	13825	s-sh,h-f	1
幸好	xìng hǎo	13826	in-ing,ao-ou,h-f,j-q-x	1
在下	zài xià	13827	ai-ei,ia-ie,z-zh,j-q-x	1
择业	zé yè	13828	z-zh	1
储户	chǔ hù	13831	c-ch,h-f	1
尖子	jiān zi	13833	ian-iang,z-zh,j-q-x	1
结尾	jié wěi	13834	ai-ei,ia-ie,j-q-x	1
短板	duǎn bǎn	13835	an-ang,uan-uang	1
据点	jù diǎn	13836	ian-iang,j-q-x	1
求知	qiú zhī	13838	z-zh,j-q-x	1
食粮	shí liáng	13839	ian-iang,s-sh,n-l,r-l	1
王后	wáng hòu	13840	an-ang,ao-ou,h-f	1
细长	xì cháng	13842	an-ang,c-ch,j-q-x	1
小吃	xiǎo chī	13843	c-ch,j-q-x	1
写生	xiě shēng	13844	en-eng,ia-ie,s-sh,j-q-x	1
悦耳	yuè ěr	13845		1
自卑	zì bēi	13846	ai-ei,z-zh	1
成语	chéng yǔ	13847	en-eng,c-ch	1
到访	dào fǎng	13848	an-ang,ao-ou,h-f	1
发问	fā wèn	13850	en-eng,h-f	1
衰落	shuāi luò	13853	ua-uo,s-sh,n-l,r-l	1
死活	sǐ huó	13854	ua-uo,s-sh,h-f	1
寺院	sì yuàn	13855	uan-uang,s-sh	1
台词	tái cí	13857	ai-ei,c-ch	1
王宫	wáng gōng	13858	an-ang	1
无尽	wú jìn	13859	in-ing,j-q-x	1
应诉	yìng sù	13861	in-ing,s-sh	1
菜农	cài nóng	13862	ai-ei,c-ch,n-l	1
灯泡	dēng pào	13863	en-eng,ao-ou	1
慌张	huāng zhāng	13865	an-ang,uan-uang,z-zh,h-f	1
挤占	jǐ zhàn	13866	an-ang,z-zh,j-q-x	1
醉驾	zuì jià	13867	ia-ie,z-zh,j-q-x	1
浸泡	jìn pào	13868	in-ing,ao-ou,j-q-x	1
开朗	kāi lǎng	13869	an-ang,ai-ei,n-l,r-l	1
老弟	lǎo dì	13870	ao-ou,n-l,r-l	1
毛驴	máo lǘ	13871	ao-ou,n-l,r-l	1
墓葬	mù zàng	13872	an-ang,z-zh	1
山寨	shān zhài	13873	an-ang,ai-ei,z-zh,s-sh	1
堂堂	táng táng	13874	an-ang	1
壮烈	zhuàng liè	13875	uan-uang,ia-ie,z-zh,n-l,r-l	1
包容	bāo róng	13876	ao-ou,r-l	1
倍加	bèi jiā	13877	ai-ei,ia-ie,j-q-x	1
当月	dàng yuè	13878	an-ang	1
泛起	fàn qǐ	13879	an-ang,h-f,j-q-x	1
荒谬	huāng miù	13881	uan-uang,h-f	1
几经	jǐ jīng	13882	in-ing,j-q-x	1
热能	rè néng	13884	en-eng,n-l,r-l	1
三更	sān gèng	13886	en-eng,an-ang,s-sh	1
硕果	shuò guǒ	13887	ua-uo,s-sh	1
索赔	suǒ péi	13888	ai-ei,ua-uo,s-sh	1
现年	xiàn nián	13889	ian-iang,n-l,j-q-x	1
益处	yì chù	13890	c-ch	1
寓意	yù yì	13891		1
政客	zhèng kè	13892	en-eng,z-zh	1
春雨	chūn yǔ	13893	c-ch	1
存有	cún yǒu	13894	ao-ou,c-ch	1
犯法	fàn fǎ	13895	an-ang,h-f	1
国度	guó dù	13896	ua-uo	1
哼哼	hēng heng	13897	en-eng,h-f	1
敬爱	jìng ài	13898	in-ing,ai-ei,j-q-x	1
力作	lì zuò	13899	ua-uo,z-zh,n-l,r-l	1
麻痹	má bì	13900		1
农具	nóng jù	13901	n-l,j-q-x	1
牵涉	qiān shè	13902	ian-iang,s-sh,j-q-x	1
熟知	shú zhī	13903	z-zh,s-sh	1
述评	shù píng	13904	in-ing,s-sh	1
享誉	xiǎng yù	13907	ian-iang,j-q-x	1
艳丽	yàn lì	13908	an-ang,n-l,r-l	1
远古	yuǎn gǔ	13909	uan-uang	1
真假	zhēn jiǎ	13910	en-eng,ia-ie,z-zh,j-q-x	1
病逝	bìng shì	13911	in-ing,s-sh	1
不胜	bù shèng	13912	en-eng,s-sh	1
出山	chū shān	13913	an-ang,c-ch,s-sh	1
待人	dài rén	13914	en-eng,ai-ei,r-l	1
冻土	dòng tǔ	13915		1
官场	guān chǎng	13916	an-ang,uan-uang,c-ch	1
过人	guò rén	13917	en-eng,ua-uo,r-l	1
街区	jiē qū	13918	ia-ie,j-q-x	1
冷清	lěng qing	13919	en-eng,in-ing,n-l,r-l,j-q-x	1
强壮	qiáng zhuàng	13920	ian-iang,uan-uang,z-zh,j-q-x	1
全胜	quán shèng	13921	en-eng,uan-uang,s-sh,j-q-x	1
严酷	yán kù	13922	an-ang	1
碧绿	bì lǜ	13923	n-l,r-l	1
宠物	chǒng wù	13924	c-ch	1
创举	chuàng jǔ	13925	uan-uang,c-ch,j-q-x	1
疏远	shū yuǎn	13928	uan-uang,s-sh	1
水井	shuǐ jǐng	13929	in-ing,s-sh,j-q-x	1
绿道	lǜ dào	13930	ao-ou,n-l,r-l	1
统帅	tǒng shuài	13931	s-sh	1
西风	xī fēng	13932	en-eng,h-f,j-q-x	1
淡漠	dàn mò	13936	an-ang	1
点球	diǎn qiú	13937	ian-iang,j-q-x	1
干涸	gān hé	13938	an-ang,h-f	3
公决	gōng jué	13939	j-q-x	1
好戏	hǎo xì	13940	ao-ou,h-f,j-q-x	1
拘束	jū shù	13941	s-sh,j-q-x	1
窟窿	kū long	13942	n-l,r-l	1
适龄	shì líng	13944	in-ing,s-sh,n-l,r-l	1
台胞	tái bāo	13946	ai-ei,ao-ou	1
调处	tiáo chǔ	13947	c-ch	1
先天	xiān tiān	13948	ian-iang,j-q-x	1
杨树	yáng shù	13949	an-ang,s-sh	1
首秀	shǒu xiù	13950	ao-ou,s-sh,j-q-x	1
直通	zhí tōng	13951	z-zh	1
逼迫	bī pò	13952		1
逼真	bī zhēn	13953	en-eng,z-zh	1
捣毁	dǎo huǐ	13955	ao-ou,h-f	1
乏力	fá lì	13956	n-l,h-f,r-l	1
服侍	fú shi	13958	s-sh,h-f	1
规避	guī bì	13959		1
尖叫	jiān jiào	13960	ian-iang,j-q-x	1
解说	jiě shuō	13961	ia-ie,ua-uo,s-sh,j-q-x	1
卷入	juǎn rù	13963	uan-uang,r-l,j-q-x	1
满载	mǎn zài	13964	an-ang,ai-ei,z-zh	1
救市	jiù shì	13966	s-sh,j-q-x	1
云雾	yún wù	13967		1
进发	jìn fā	13968	in-ing,h-f,j-q-x	1
成因	chéng yīn	13970	en-eng,in-ing,c-ch	1
持平	chí píng	13971	in-ing,c-ch	1
打消	dǎ xiāo	13973	j-q-x	1
点滴	diǎn dī	13974	ian-iang	1
欢度	huān dù	13975	uan-uang,h-f	1
空旷	kōng kuàng	13977	uan-uang	1
骡子	luó zi	13978	ua-uo,z-zh,n-l,r-l	1
情势	qíng shì	13980	in-ing,s-sh,j-q-x	1
水池	shuǐ chí	13981	c-ch,s-sh	1
消磨	xiāo mó	13982	j-q-x	1
直面	zhí miàn	13983	ian-iang,z-zh	1
卑鄙	bēi bǐ	13985	ai-ei	1
降级	jiàng jí	13987	ian-iang,j-q-x	1
老母	lǎo mǔ	13988	ao-ou,n-l,r-l	1
莫不	mò bù	13990		1
男排	nán pái	13991	an-ang,ai-ei,n-l	1
涉足	shè zú	13992	z-zh,s-sh	1
网银	wǎng yín	13994	in-ing,an-ang	1
水乡	shuǐ xiāng	13995	ian-iang,s-sh,j-q-x	1
外企	wài qǐ	13996	ai-ei,j-q-x	1
懈怠	xiè dài	13997	ai-ei,ia-ie,j-q-x	1
星级	xīng jí	13999	in-ing,j-q-x	1
远见	yuǎn jiàn	14000	ian-iang,uan-uang,j-q-x	1
包办	bāo bàn	14001	an-ang,ao-ou	1
废品	fèi pǐn	14003	in-ing,ai-ei,h-f	1
副业	fù yè	14004	h-f	1
光阴	guāng yīn	14005	in-ing,uan-uang	1
快餐	kuài cān	14006	an-ang,c-ch	1
迷恋	mí liàn	14007	ian-iang,n-l,r-l	1
末了	mò liǎo	14008	n-l,r-l	1
切除	qiē chú	14009	ia-ie,c-ch,j-q-x	1
收容	shōu róng	14010	ao-ou,s-sh,r-l	1
无以	wú yǐ	14011		1
小溪	xiǎo xī	14012	j-q-x	1
黄牛	huáng niú	14014	uan-uang,n-l,h-f	1
年薪	nián xīn	14015	in-ing,ian-iang,n-l,j-q-x	1
器重	qì zhòng	14016	z-zh,j-q-x	1
山城	shān chéng	14017	en-eng,an-ang,c-ch,s-sh	1
深秋	shēn qiū	14018	en-eng,s-sh,j-q-x	1
推移	tuī yí	14020		1
吓人	xià rén	14021	en-eng,ia-ie,r-l,j-q-x	1
心肠	xīn cháng	14022	in-ing,an-ang,c-ch,j-q-x	1
译者	yì zhě	14023	z-zh	1
遮掩	zhē yǎn	14024	an-ang,z-zh	1
阵营	zhèn yíng	14025	en-eng,in-ing,z-zh	1
肢体	zhī tǐ	14026	z-zh	1
朝野	cháo yě	14027	ao-ou,c-ch	1
陈设	chén shè	14028	en-eng,c-ch,s-sh	1
反攻	fǎn gōng	14030	an-ang,h-f	1
直选	zhí xuǎn	14032	uan-uang,z-zh,j-q-x	1
复原	fù yuán	14033	uan-uang,h-f	1
旱情	hàn qíng	14034	in-ing,an-ang,h-f,j-q-x	1
厚望	hòu wàng	14035	an-ang,ao-ou,h-f	1
劲旅	jìng lǚ	14036	in-ing,n-l,r-l,j-q-x	1
料理	liào lǐ	14037	n-l,r-l	1
蔑视	miè shì	14038	ia-ie,s-sh	1
套利	tào lì	14041	ao-ou,n-l,r-l	1
双目	shuāng mù	14042	uan-uang,s-sh	1
逃离	táo lí	14043	ao-ou,n-l,r-l	1
特质	tè zhì	14044	z-zh	1
学徒	xué tú	14046	j-q-x	1
演义	yǎn yì	14047	an-ang	1
邮寄	yóu jì	14048	ao-ou,j-q-x	1
账目	zhàng mù	14049	an-ang,z-zh	1
蒸汽	zhēng qì	14050	en-eng,z-zh,j-q-x	1
租用	zū yòng	14052	z-zh	1
穿戴	chuān dài	14053	uan-uang,ai-ei,c-ch	1
磁性	cí xìng	14054	in-ing,c-ch,j-q-x	1
低沉	dī chén	14055	en-eng,c-ch	1
房市	fáng shì	14056	an-ang,s-sh,h-f	1
放行	fàng xíng	14058	in-ing,an-ang,h-f,j-q-x	1
家畜	jiā chù	14059	ia-ie,c-ch,j-q-x	1
邻邦	lín bāng	14060	in-ing,an-ang,n-l,r-l	1
旅店	lǚ diàn	14061	ian-iang,n-l,r-l	1
牵连	qiān lián	14062	ian-iang,n-l,r-l,j-q-x	1
晴朗	qíng lǎng	14063	in-ing,an-ang,n-l,r-l,j-q-x	1
圈儿	quān er	14064	uan-uang,j-q-x	1
上进	shàng jìn	14065	in-ing,an-ang,s-sh,j-q-x	1
血迹	xuè jì	14067	j-q-x	1
中子	zhōng zǐ	14068	z-zh	1
走遍	zǒu biàn	14069	ian-iang,ao-ou,z-zh	1
富人	fù rén	14070	en-eng,h-f,r-l	1
港币	gǎng bì	14071	an-ang	1
骨折	gǔ zhé	14072	z-zh	1
回身	huí shēn	14073	en-eng,s-sh,h-f	1
简介	jiǎn jiè	14074	ian-iang,ia-ie,j-q-x	1
试题	shì tí	14075	s-sh	1
稀罕	xī han	14076	an-ang,h-f,j-q-x	1
相会	xiāng huì	14077	ian-iang,h-f,j-q-x	1
钢笔	gāng bǐ	14080	an-ang	1
搁置	gē zhì	14081	z-zh	1
抗体	kàng tǐ	14082	an-ang	1
全景	quán jǐng	14083	in-ing,uan-uang,j-q-x	1
却说	què shuō	14084	ua-uo,s-sh,j-q-x	1
输电	shū diàn	14085	ian-iang,s-sh	1
率部	shuài bù	14086	s-sh	1
小节	xiǎo jié	14087	ia-ie,j-q-x	1
道具	dào jù	14091	ao-ou,j-q-x	1
方桌	fāng zhuō	14092	an-ang,ua-uo,z-zh,h-f	1
急躁	jí zào	14093	ao-ou,z-zh,j-q-x	1
脊背	jǐ bèi	14094	ai-ei,j-q-x	1
镰刀	lián dāo	14097	ian-iang,ao-ou,n-l,r-l	1
命中	mìng zhòng	14098	in-ing,z-zh	1
侵袭	qīn xí	14099	in-ing,j-q-x	1
确凿	què záo	14100	ao-ou,z-zh,j-q-x	1
手巾	shǒu jīn	14102	in-ing,ao-ou,s-sh,j-q-x	1
瞎子	xiā zi	14103	ia-ie,z-zh,j-q-x	1
冲高	chōng gāo	14104	ao-ou,c-ch	1
油料	yóu liào	14105	ao-ou,n-l,r-l	1
案发	àn fā	14106	an-ang,h-f	1
出局	chū jú	14107	c-ch,j-q-x	1
公费	gōng fèi	14108	ai-ei,h-f	1
雇主	gù zhǔ	14109	z-zh	1
果农	guǒ nóng	14110	ua-uo,n-l	1
寄生	jì shēng	14111	en-eng,s-sh,j-q-x	1
截留	jié liú	14113	ia-ie,n-l,r-l,j-q-x	1
惬意	qiè yì	14114	ia-ie,j-q-x	3
倾心	qīng xīn	14115	in-ing,j-q-x	1
上扬	shàng yáng	14116	an-ang,s-sh	1
天边	tiān biān	14117	ian-iang	1
推算	tuī suàn	14118	uan-uang,s-sh	1
西夏	xī xià	14119	ia-ie,j-q-x	1
应从	yìng cóng	14121	in-ing,c-ch	1
用功	yòng gōng	14122		1
战备	zhàn bèi	14123	an-ang,ai-ei,z-zh	1
诊疗	zhěn liáo	14124	en-eng,z-zh,n-l,r-l	1
病症	bìng zhèng	14125	en-eng,in-ing,z-zh	1
带兵	dài bīng	14126	in-ing,ai-ei	1
道家	dào jiā	14127	ao-ou,ia-ie,j-q-x	1
过半	guò bàn	14128	an-ang,ua-uo	1
红星	hóng xīng	14129	in-ing,h-f,j-q-x	1
境遇	jìng yù	14130	in-ing,j-q-x	1
可悲	kě bēi	14131	ai-ei	1
烟尘	yān chén	14133	en-eng,an-ang,c-ch	1
枝条	zhī tiáo	14134	z-zh	1
分家	fēn jiā	14137	en-eng,ia-ie,h-f,j-q-x	1
攻打	gōng dǎ	14138		1
管用	guǎn yòng	14139	uan-uang	1
精巧	jīng qiǎo	14140	in-ing,j-q-x	1
快步	kuài bù	14141		1
路基	lù jī	14142	n-l,r-l,j-q-x	1
飘荡	piāo dàng	14143	an-ang	1
寿险	shòu xiǎn	14144	ian-iang,ao-ou,s-sh,j-q-x	1
冶炼	yě liàn	14146	ian-iang,n-l,r-l	1
低压	dī yā	14148		1
东洋	dōng yáng	14149	an-ang	1
动弹	dòng tan	14150	an-ang	1
歌星	gē xīng	14151	in-ing,j-q-x	1
公章	gōng zhāng	14152	an-ang,z-zh	1
居多	jū duō	14153	ua-uo,j-q-x	1
篱笆	lí ba	14154	n-l,r-l	3
崎岖	qí qū	14156	j-q-x	1
清风	qīng fēng	14157	en-eng,in-ing,h-f,j-q-x	1
歪理	wāi lǐ	14158	ai-ei,n-l,r-l	1
志向	zhì xiàng	14161	ian-iang,z-zh,j-q-x	1
表白	biǎo bái	14163	ai-ei	1
惆怅	chóu chàng	14164	an-ang,ao-ou,c-ch	2
错位	cuò wèi	14165	ai-ei,ua-uo,c-ch	1
后事	hòu shì	14166	ao-ou,s-sh,h-f	1
精灵	jīng líng	14167	in-ing,n-l,r-l,j-q-x	1
年审	nián shěn	14168	en-eng,ian-iang,s-sh,n-l	1
举例	jǔ lì	14169	n-l,r-l,j-q-x	1
垦区	kěn qū	14170	en-eng,j-q-x	1
柔情	róu qíng	14172	in-ing,ao-ou,r-l,j-q-x	1
烧毁	shāo huǐ	14173	ao-ou,s-sh,h-f	1
水灾	shuǐ zāi	14174	ai-ei,z-zh,s-sh	1
外加	wài jiā	14176	ai-ei,ia-ie,j-q-x	1
银杏	yín xìng	14178	in-ing,j-q-x	1
园地	yuán dì	14179	uan-uang	1
远洋	yuǎn yáng	14180	an-ang,uan-uang	1
板栗	bǎn lì	14181	an-ang,n-l,r-l	1
耳目	ěr mù	14182		1
格调	gé diào	14183		1
火苗	huǒ miáo	14185	ua-uo,h-f	1
满腔	mǎn qiāng	14186	an-ang,ian-iang,j-q-x	1
杨柳	yáng liǔ	14187	an-ang,n-l,r-l	1
指纹	zhǐ wén	14188	en-eng,z-zh	1
传闻	chuán wén	14189	en-eng,uan-uang,c-ch	1
毒性	dú xìng	14190	in-ing,j-q-x	1
归于	guī yú	14191		1
卡片	kǎ piàn	14192	ian-iang	1
刊出	kān chū	14193	an-ang,c-ch	1
苦练	kǔ liàn	14194	ian-iang,n-l,r-l	1
内疚	nèi jiù	14195	ai-ei,n-l,j-q-x	1
前去	qián qù	14196	ian-iang,j-q-x	1
全额	quán é	14197	uan-uang,j-q-x	1
上身	shàng shēn	14198	en-eng,an-ang,s-sh	1
厮杀	sī shā	14199	s-sh	3
贪图	tān tú	14200	an-ang	1
题写	tí xiě	14201	ia-ie,j-q-x	1
万千	wàn qiān	14202	an-ang,ian-iang,j-q-x	1
秧歌	yāng ge	14204	an-ang	1
拍品	pāi pǐn	14205	in-ing,ai-ei	1
专电	zhuān diàn	14206	ian-iang,uan-uang,z-zh	1
点赞	diǎn zàn	14207	an-ang,ian-iang,z-zh	1
足彩	zú cǎi	14208	ai-ei,z-zh,c-ch	1
背诵	bèi sòng	14209	ai-ei,s-sh	1
侧记	cè jì	14210	c-ch,j-q-x	1
称谓	chēng wèi	14211	en-eng,ai-ei,c-ch	1
骨骼	gǔ gé	14212		3
艰险	jiān xiǎn	14213	ian-iang,j-q-x	1
苦战	kǔ zhàn	14214	an-ang,z-zh	1
绵绵	mián mián	14216	ian-iang	1
免收	miǎn shōu	14217	ian-iang,ao-ou,s-sh	1
试用	shì yòng	14218	s-sh	1
挺拔	tǐng bá	14219	in-ing	1
下载	xià zài	14220	ai-ei,ia-ie,z-zh,j-q-x	1
修饰	xiū shì	14222	s-sh,j-q-x	1
野马	yě mǎ	14223		1
装配	zhuāng pèi	14224	uan-uang,ai-ei,z-zh	1
不甘	bù gān	14225	an-ang	1
佛像	fó xiàng	14226	ian-iang,h-f,j-q-x	1
行家	háng jia	14228	an-ang,ia-ie,h-f,j-q-x	1
抗衡	kàng héng	14230	en-eng,an-ang,h-f	1
另行	lìng xíng	14231	in-ing,n-l,r-l,j-q-x	1
坦言	tǎn yán	14234	an-ang	1
项链	xiàng liàn	14235	ian-iang,n-l,r-l,j-q-x	1
亦即	yì jí	14237	j-q-x	1
增量	zēng liàng	14238	en-eng,ian-iang,z-zh,n-l,r-l	1
班组	bān zǔ	14239	an-ang,z-zh	1
分院	fēn yuàn	14240	en-eng,uan-uang,h-f	1
海浪	hǎi làng	14242	an-ang,ai-ei,n-l,h-f,r-l	1
鸿沟	hóng gōu	14243	ao-ou,h-f	1
护卫	hù wèi	14244	ai-ei,h-f	1
舅父	jiù fù	14245	h-f,j-q-x	1
砍伐	kǎn fá	14246	an-ang,h-f	1
南宋	nán sòng	14247	an-ang,s-sh,n-l	1
泥泞	ní nìng	14248	in-ing,n-l	1
晴天	qíng tiān	14249	in-ing,ian-iang,j-q-x	1
山洞	shān dòng	14250	an-ang,s-sh	1
生硬	shēng yìng	14251	en-eng,in-ing,s-sh	1
首发	shǒu fā	14252	ao-ou,s-sh,h-f	1
探求	tàn qiú	14253	an-ang,j-q-x	1
通商	tōng shāng	14254	an-ang,s-sh	1
文科	wén kē	14255	en-eng	1
燕子	yàn zi	14256	an-ang,z-zh	1
葬礼	zàng lǐ	14257	an-ang,z-zh,n-l,r-l	1
整日	zhěng rì	14258	en-eng,z-zh,r-l	1
助残	zhù cán	14259	an-ang,z-zh,c-ch	1
迟缓	chí huǎn	14260	uan-uang,c-ch,h-f	1
分发	fēn fā	14261	en-eng,h-f	1
分娩	fēn miǎn	14262	en-eng,ian-iang,h-f	3
高位	gāo wèi	14263	ai-ei,ao-ou	1
君主	jūn zhǔ	14267	z-zh,j-q-x	1
千米	qiān mǐ	14269	ian-iang,j-q-x	1
抢修	qiǎng xiū	14270	ian-iang,j-q-x	1
无赖	wú lài	14271	ai-ei,n-l,r-l	1
无理	wú lǐ	14272	n-l,r-l	1
自查	zì chá	14274	z-zh,c-ch	1
窗台	chuāng tái	14276	uan-uang,ai-ei,c-ch	1
掉头	diào tóu	14278	ao-ou	1
肝脏	gān zàng	14279	an-ang,z-zh	1
稿费	gǎo fèi	14280	ai-ei,ao-ou,h-f	1
故作	gù zuò	14281	ua-uo,z-zh	1
拐卖	guǎi mài	14282	ai-ei	1
海运	hǎi yùn	14283	ai-ei,h-f	1
好学	hào xué	14284	ao-ou,h-f,j-q-x	1
活佛	huó fó	14285	ua-uo,h-f	1
蒙受	méng shòu	14286	en-eng,ao-ou,s-sh	1
猛虎	měng hǔ	14287	en-eng,h-f	1
扇子	shàn zi	14290	an-ang,z-zh,s-sh	1
怂恿	sǒng yǒng	14291	s-sh	2
推断	tuī duàn	14292	uan-uang	1
议和	yì hé	14293	h-f	1
屹立	yì lì	14294	n-l,r-l	1
月色	yuè sè	14295	s-sh	1
桌椅	zhuō yǐ	14296	ua-uo,z-zh	1
比率	bǐ lǜ	14297	n-l,r-l	1
故土	gù tǔ	14299		1
赫然	hè rán	14300	an-ang,h-f,r-l	1
候鸟	hòu niǎo	14301	ao-ou,n-l,h-f	1
身价	shēn jià	14303	en-eng,ia-ie,s-sh,j-q-x	1
硕大	shuò dà	14304	ua-uo,s-sh	1
淘气	táo qì	14305	ao-ou,j-q-x	1
席卷	xí juǎn	14306	uan-uang,j-q-x	1
小看	xiǎo kàn	14307	an-ang,j-q-x	1
辛酸	xīn suān	14308	in-ing,uan-uang,s-sh,j-q-x	1
兴隆	xīng lóng	14309	in-ing,n-l,r-l,j-q-x	1
胸襟	xiōng jīn	14310	in-ing,j-q-x	1
遗物	yí wù	14311		1
追加	zhuī jiā	14312	ia-ie,z-zh,j-q-x	1
参选	cān xuǎn	14314	an-ang,uan-uang,c-ch,j-q-x	1
产区	chǎn qū	14315	an-ang,c-ch,j-q-x	1
纯属	chún shǔ	14317	c-ch,s-sh	1
点名	diǎn míng	14318	in-ing,ian-iang	1
物权	wù quán	14319	uan-uang,j-q-x	1
电场	diàn chǎng	14320	an-ang,ian-iang,c-ch	1
奋起	fèn qǐ	14321	en-eng,h-f,j-q-x	1
涵养	hán yǎng	14322	an-ang,h-f	1
黄沙	huáng shā	14323	uan-uang,s-sh,h-f	1
混蛋	hún dàn	14324	an-ang,h-f	1
凉水	liáng shuǐ	14325	ian-iang,s-sh,n-l,r-l	1
女王	nǚ wáng	14327	an-ang,n-l	1
入关	rù guān	14329	uan-uang,r-l	1
师德	shī dé	14330	s-sh	1
羞涩	xiū sè	14331	s-sh,j-q-x	1
液晶	yè jīng	14332	in-ing,j-q-x	1
用量	yòng liàng	14333	ian-iang,n-l,r-l	1
版画	bǎn huà	14335	an-ang,ua-uo,h-f	1
长工	cháng gōng	14336	an-ang,c-ch	1
凑合	còu he	14337	ao-ou,c-ch,h-f	1
干粮	gān liang	14338	an-ang,ian-iang,n-l,r-l	1
雇佣	gù yōng	14339		1
裂缝	liè fèng	14340	en-eng,ia-ie,n-l,h-f,r-l	1
前门	qián mén	14341	en-eng,ian-iang,j-q-x	1
欠款	qiàn kuǎn	14342	ian-iang,uan-uang,j-q-x	1
款意	kuǎn yì	14343	uan-uang	1
蠕动	rú dòng	14344	r-l	1
骚动	sāo dòng	14345	ao-ou,s-sh	1
商贩	shāng fàn	14346	an-ang,s-sh,h-f	1
提法	tí fǎ	14347	h-f	1
洗手	xǐ shǒu	14348	ao-ou,s-sh,j-q-x	1
宣战	xuān zhàn	14349	an-ang,uan-uang,z-zh,j-q-x	1
宜人	yí rén	14350	en-eng,r-l	1
引力	yǐn lì	14351	in-ing,n-l,r-l	1
编队	biān duì	14352	ian-iang	1
虫子	chóng zi	14353	z-zh,c-ch	1
订购	dìng gòu	14354	in-ing,ao-ou	1
冠名	guàn míng	14355	in-ing,uan-uang	1
急速	jí sù	14357	s-sh,j-q-x	1
家产	jiā chǎn	14358	an-ang,ia-ie,c-ch,j-q-x	1
南面	nán miàn	14360	an-ang,ian-iang,n-l	1
起因	qǐ yīn	14361	in-ing,j-q-x	1
王室	wáng shì	14362	an-ang,s-sh	1
物件	wù jiàn	14363	ian-iang,j-q-x	1
血腥	xuè xīng	14364	in-ing,j-q-x	1
霸权	bà quán	14365	uan-uang,j-q-x	1
出没	chū mò	14366	c-ch	1
床单	chuáng dān	14367	an-ang,uan-uang,c-ch	1
对头	duì tóu	14369	ao-ou	1
宦官	huàn guān	14372	uan-uang,h-f	1
来人	lái rén	14374	en-eng,ai-ei,n-l,r-l	1
流逝	liú shì	14375	s-sh,n-l,r-l	1
病变	bìng biàn	14378	in-ing,ian-iang	1
动心	dòng xīn	14380	in-ing,j-q-x	1
挥霍	huī huò	14382	ua-uo,h-f	1
极地	jí dì	14383	j-q-x	1
架设	jià shè	14384	ia-ie,s-sh,j-q-x	1
截住	jié zhù	14385	ia-ie,z-zh,j-q-x	1
宁肯	nìng kěn	14388	en-eng,in-ing,n-l	1
平生	píng shēng	14389	en-eng,in-ing,s-sh	1
守卫	shǒu wèi	14390	ai-ei,ao-ou,s-sh	1
耸立	sǒng lì	14391	s-sh,n-l,r-l	1
文风	wén fēng	14392	en-eng,h-f	1
信奉	xìn fèng	14394	en-eng,in-ing,h-f,j-q-x	1
宴请	yàn qǐng	14395	in-ing,an-ang,j-q-x	1
英模	yīng mó	14396	in-ing	1
逐级	zhú jí	14398	z-zh,j-q-x	1
保鲜	bǎo xiān	14399	ian-iang,ao-ou,j-q-x	1
婊子	biǎo zi	14400	z-zh	3
诚心	chéng xīn	14401	en-eng,in-ing,c-ch,j-q-x	1
良机	liáng jī	14405	ian-iang,n-l,r-l,j-q-x	1
埋藏	mái cáng	14407	an-ang,ai-ei,c-ch	1
渺茫	miǎo máng	14408	an-ang	1
热忱	rè chén	14410	en-eng,c-ch,r-l	1
荣耀	róng yào	14411	ao-ou,r-l	1
受阻	shòu zǔ	14412	ao-ou,z-zh,s-sh	1
述说	shù shuō	14413	ua-uo,s-sh	1
童谣	tóng yáo	14414	ao-ou	1
习性	xí xìng	14415	in-ing,j-q-x	1
栽种	zāi zhòng	14418	ai-ei,z-zh	1
张口	zhāng kǒu	14419	an-ang,ao-ou,z-zh	1
标价	biāo jià	14420	ia-ie,j-q-x	1
裁减	cái jiǎn	14421	ian-iang,ai-ei,c-ch,j-q-x	1
初二	chū èr	14422	c-ch	1
分兵	fēn bīng	14423	en-eng,in-ing,h-f	1
公车	gōng chē	14425	c-ch	1
管线	guǎn xiàn	14426	ian-iang,uan-uang,j-q-x	1
架构	jià gòu	14427	ao-ou,ia-ie,j-q-x	1
矫正	jiǎo zhèng	14428	en-eng,z-zh,j-q-x	1
军衔	jūn xián	14429	ian-iang,j-q-x	1
铭记	míng jì	14430	in-ing,j-q-x	1
清扫	qīng sǎo	14431	in-ing,ao-ou,s-sh,j-q-x	1
身世	shēn shì	14433	en-eng,s-sh	1
食指	shí zhǐ	14434	z-zh,s-sh	1
协和	xié hé	14436	ia-ie,h-f,j-q-x	1
中人	zhōng rén	14437	en-eng,z-zh,r-l	1
苍茫	cāng máng	14438	an-ang,c-ch	1
床位	chuáng wèi	14439	uan-uang,ai-ei,c-ch	1
估量	gū liang	14440	ian-iang,n-l,r-l	1
骨灰	gǔ huī	14441	h-f	1
惶恐	huáng kǒng	14442	uan-uang,h-f	1
激昂	jī áng	14443	an-ang,j-q-x	1
记事	jì shì	14444	s-sh,j-q-x	1
决裂	jué liè	14445	ia-ie,n-l,r-l,j-q-x	1
青铜	qīng tóng	14446	in-ing,j-q-x	1
书生	shū shēng	14447	en-eng,s-sh	1
算盘	suàn pán	14448	an-ang,uan-uang,s-sh	1
文史	wén shǐ	14450	en-eng,s-sh	1
无几	wú jǐ	14451	j-q-x	1
星球	xīng qiú	14452	in-ing,j-q-x	1
修补	xiū bǔ	14453	j-q-x	1
有成	yǒu chéng	14455	en-eng,ao-ou,c-ch	1
持枪	chí qiāng	14456	ian-iang,c-ch,j-q-x	1
处死	chǔ sǐ	14457	c-ch,s-sh	1
大笔	dà bǐ	14458		1
大势	dà shì	14459	s-sh	1
豪迈	háo mài	14461	ai-ei,ao-ou,h-f	1
军医	jūn yī	14462	j-q-x	1
陋习	lòu xí	14463	ao-ou,n-l,r-l,j-q-x	1
落水	luò shuǐ	14464	ua-uo,s-sh,n-l,r-l	1
苗子	miáo zi	14465	z-zh	1
鸣放	míng fàng	14466	in-ing,an-ang,h-f	1
没落	mò luò	14467	ua-uo,n-l,r-l	1
人参	rén shēn	14468	en-eng,s-sh,r-l	1
糖果	táng guǒ	14469	an-ang,ua-uo	1
质地	zhì dì	14470	z-zh	1
走狗	zǒu gǒu	14471	ao-ou,z-zh	1
坚韧	jiān rèn	14475	en-eng,ian-iang,r-l,j-q-x	1
介意	jiè yì	14476	ia-ie,j-q-x	1
介质	jiè zhì	14477	ia-ie,z-zh,j-q-x	1
例证	lì zhèng	14479	en-eng,z-zh,n-l,r-l	1
魄力	pò lì	14480	n-l,r-l	1
人命	rén mìng	14481	en-eng,in-ing,r-l	1
输液	shū yè	14483	s-sh	1
伪劣	wěi liè	14484	ai-ei,ia-ie,n-l,r-l	1
月中	yuè zhōng	14485	z-zh	1
必胜	bì shèng	14486	en-eng,s-sh	1
存心	cún xīn	14487	in-ing,c-ch,j-q-x	1
咕噜	gū lū	14488	n-l,r-l	3
汗珠	hàn zhū	14489	an-ang,z-zh,h-f	1
贺词	hè cí	14490	c-ch,h-f	1
肌肤	jī fū	14491	h-f,j-q-x	1
敬献	jìng xiàn	14492	in-ing,ian-iang,j-q-x	1
酒楼	jiǔ lóu	14493	ao-ou,n-l,r-l,j-q-x	1
凉爽	liáng shuǎng	14494	ian-iang,uan-uang,s-sh,n-l,r-l	1
临终	lín zhōng	14495	in-ing,z-zh,n-l,r-l	1
牌照	pái zhào	14496	ai-ei,ao-ou,z-zh	1
伤势	shāng shì	14498	an-ang,s-sh	1
头晕	tóu yūn	14499	ao-ou	1
消亡	xiāo wáng	14500	an-ang,j-q-x	1
萧条	xiāo tiáo	14501	j-q-x	1
纸杯	zhǐ bēi	14502	ai-ei,z-zh	1
有为	yǒu wéi	14503	ai-ei,ao-ou	1
杂乱	zá luàn	14504	uan-uang,z-zh,n-l,r-l	1
咋办	zé bàn	14505	an-ang,z-zh	1
战马	zhàn mǎ	14506	an-ang,z-zh	1
减仓	jiǎn cāng	14507	an-ang,ian-iang,c-ch,j-q-x	1
暗淡	àn dàn	14508	an-ang	1
芳香	fāng xiāng	14510	an-ang,ian-iang,h-f,j-q-x	1
福祉	fú zhǐ	14512	z-zh,h-f	3
孤寂	gū jì	14513	j-q-x	1
华诞	huá dàn	14514	an-ang,ua-uo,h-f	1
击毙	jī bì	14515	j-q-x	1
空难	kōng nàn	14516	an-ang,n-l	1
离散	lí sàn	14517	an-ang,s-sh,n-l,r-l	1
贫农	pín nóng	14518	in-ing,n-l	1
敲打	qiāo dǎ	14519	j-q-x	1
酋长	qiú zhǎng	14520	an-ang,z-zh,j-q-x	3
容貌	róng mào	14521	ao-ou,r-l	1
手软	shǒu ruǎn	14523	uan-uang,ao-ou,s-sh,r-l	1
下拨	xià bō	14525	ia-ie,j-q-x	1
招考	zhāo kǎo	14526	ao-ou,z-zh	1
不无	bù wú	14527		1
纯真	chún zhēn	14528	en-eng,z-zh,c-ch	1
法语	fǎ yǔ	14529	h-f	1
父老	fù lǎo	14530	ao-ou,n-l,h-f,r-l	1
毫克	háo kè	14531	ao-ou,h-f	1
好说	hǎo shuō	14532	ao-ou,ua-uo,s-sh,h-f	1
浩瀚	hào hàn	14533	an-ang,ao-ou,h-f	3
暖气	nuǎn qì	14534	uan-uang,n-l,j-q-x	1
围观	wéi guān	14535	uan-uang,ai-ei	1
璀璨	cuǐ càn	14537	an-ang,c-ch	2
胆小	dǎn xiǎo	14539	an-ang,j-q-x	1
话费	huà fèi	14541	ai-ei,ua-uo,h-f	1
会徽	huì huī	14542	h-f	1
进士	jìn shì	14543	in-ing,s-sh,j-q-x	1
匹配	pǐ pèi	14544	ai-ei	1
评点	píng diǎn	14545	in-ing,ian-iang	1
享用	xiǎng yòng	14546	ian-iang,j-q-x	1
野草	yě cǎo	14547	ao-ou,c-ch	1
治学	zhì xué	14548	z-zh,j-q-x	1
追捕	zhuī bǔ	14549	z-zh	1
城郊	chéng jiāo	14551	en-eng,c-ch,j-q-x	1
城楼	chéng lóu	14552	en-eng,ao-ou,c-ch,n-l,r-l	1
防病	fáng bìng	14553	in-ing,an-ang,h-f	1
风潮	fēng cháo	14554	en-eng,ao-ou,c-ch,h-f	1
歌谣	gē yáo	14555	ao-ou	1
寒气	hán qì	14556	an-ang,h-f,j-q-x	1
美满	měi mǎn	14557	an-ang,ai-ei	1
配方	pèi fāng	14558	an-ang,ai-ei,h-f	1
奇观	qí guān	14559	uan-uang,j-q-x	1
起眼	qǐ yǎn	14560	an-ang,j-q-x	1
神灵	shén líng	14562	en-eng,in-ing,s-sh,n-l,r-l	1
石碑	shí bēi	14563	ai-ei,s-sh	1
剃头	tì tóu	14564	ao-ou	1
旺季	wàng jì	14565	an-ang,j-q-x	1
应试	yìng shì	14567	in-ing,s-sh	1
阅历	yuè lì	14568	n-l,r-l	1
罪状	zuì zhuàng	14569	uan-uang,z-zh	1
充电	chōng diàn	14570	ian-iang,c-ch	1
初三	chū sān	14571	an-ang,c-ch,s-sh	1
河段	hé duàn	14573	uan-uang,h-f	1
麾下	huī xià	14574	ia-ie,h-f,j-q-x	3
年检	nián jiǎn	14575	ian-iang,n-l,j-q-x	1
实属	shí shǔ	14577	s-sh	1
孙女	sūn nǚ	14578	s-sh,n-l	1
逃难	táo nàn	14579	an-ang,ao-ou,n-l	1
徒步	tú bù	14580		1
新潮	xīn cháo	14581	in-ing,ao-ou,c-ch,j-q-x	1
遗存	yí cún	14582	c-ch	1
寓言	yù yán	14583	an-ang	1
展台	zhǎn tái	14584	an-ang,ai-ei,z-zh	1
比拟	bǐ nǐ	14586	n-l	1
薄膜	bó mó	14587		1
餐具	cān jù	14588	an-ang,c-ch,j-q-x	1
发芽	fā yá	14589	h-f	1
付给	fù gěi	14590	ai-ei,h-f	1
好生	hǎo shēng	14592	en-eng,ao-ou,s-sh,h-f	1
褐色	hè sè	14593	s-sh,h-f	1
花白	huā bái	14594	ai-ei,ua-uo,h-f	1
僵硬	jiāng yìng	14595	in-ing,ian-iang,j-q-x	1
理发	lǐ fà	14596	n-l,h-f,r-l	1
女双	nǚ shuāng	14597	uan-uang,s-sh,n-l	1
实例	shí lì	14598	s-sh,n-l,r-l	1
先烈	xiān liè	14599	ian-iang,ia-ie,n-l,r-l,j-q-x	1
心动	xīn dòng	14600	in-ing,j-q-x	1
咽喉	yān hóu	14601	an-ang,ao-ou,h-f	1
延期	yán qī	14602	an-ang,j-q-x	1
睁眼	zhēng yǎn	14603	en-eng,an-ang,z-zh	1
把门	bǎ mén	14604	en-eng	1
车道	chē dào	14605	ao-ou,c-ch	1
格言	gé yán	14606	an-ang	1
灌木	guàn mù	14607	uan-uang	1
靠拢	kào lǒng	14608	ao-ou,n-l,r-l	1
拍打	pāi dǎ	14609	ai-ei	1
潜入	qián rù	14610	ian-iang,r-l,j-q-x	1
扬言	yáng yán	14613	an-ang	1
越野	yuè yě	14614		1
驰骋	chí chěng	14615	en-eng,c-ch	3
相片	xiàng piàn	14616	ian-iang,j-q-x	1
打球	dǎ qiú	14617	j-q-x	1
登载	dēng zǎi	14618	en-eng,ai-ei,z-zh	1
公墓	gōng mù	14619		1
诙谐	huī xié	14620	ia-ie,h-f,j-q-x	3
逆差	nì chā	14623	c-ch,n-l	1
氢气	qīng qì	14624	in-ing,j-q-x	1
清早	qīng zǎo	14625	in-ing,ao-ou,z-zh,j-q-x	1
赏赐	shǎng cì	14627	an-ang,c-ch,s-sh	1
脱钩	tuō gōu	14628	ao-ou,ua-uo	1
哑巴	yǎ ba	14629		1
雨季	yǔ jì	14630	j-q-x	1
侄女	zhí nǚ	14631	z-zh,n-l	1
制备	zhì bèi	14632	ai-ei,z-zh	1
代办	dài bàn	14633	an-ang,ai-ei	1
单单	dān dān	14634	an-ang	1
剂量	jì liàng	14636	ian-iang,n-l,r-l,j-q-x	1
内务	nèi wù	14639	ai-ei,n-l	1
嗜好	shì hào	14640	ao-ou,s-sh,h-f	1
收据	shōu jù	14641	ao-ou,s-sh,j-q-x	1
水草	shuǐ cǎo	14642	ao-ou,c-ch,s-sh	1
水桶	shuǐ tǒng	14643	s-sh	1
顺从	shùn cóng	14644	c-ch,s-sh	1
推敲	tuī qiāo	14645	j-q-x	1
喧哗	xuān huá	14647	uan-uang,ua-uo,h-f,j-q-x	1
夜半	yè bàn	14648	an-ang	1
主帅	zhǔ shuài	14649	z-zh,s-sh	1
坠毁	zhuì huǐ	14650	z-zh,h-f	1
废气	fèi qì	14651	ai-ei,h-f,j-q-x	1
脚跟	jiǎo gēn	14652	en-eng,j-q-x	1
节俭	jié jiǎn	14653	ian-iang,ia-ie,j-q-x	1
良久	liáng jiǔ	14654	ian-iang,n-l,r-l,j-q-x	1
一瞥	yī piē	14656	ia-ie	3
异国	yì guó	14657	ua-uo	1
病菌	bìng jūn	14658	in-ing,j-q-x	1
超群	chāo qún	14659	ao-ou,c-ch,j-q-x	1
丛林	cóng lín	14660	in-ing,c-ch,n-l,r-l	1
江面	jiāng miàn	14662	ian-iang,j-q-x	1
交会	jiāo huì	14663	h-f,j-q-x	1
男双	nán shuāng	14664	an-ang,uan-uang,s-sh,n-l	1
社交	shè jiāo	14665	s-sh,j-q-x	1
忘我	wàng wǒ	14666	an-ang	1
游玩	yóu wán	14667	an-ang,ao-ou	1
战俘	zhàn fú	14668	an-ang,z-zh,h-f	1
着火	zháo huǒ	14669	ao-ou,ua-uo,z-zh,h-f	1
知己	zhī jǐ	14670	z-zh,j-q-x	1
并用	bìng yòng	14672	in-ing	1
慈祥	cí xiáng	14673	ian-iang,c-ch,j-q-x	1
放火	fàng huǒ	14674	an-ang,ua-uo,h-f	1
花粉	huā fěn	14676	en-eng,ua-uo,h-f	1
免税	miǎn shuì	14678	ian-iang,s-sh	1
暮色	mù sè	14679	s-sh	1
贫苦	pín kǔ	14680	in-ing	1
牵制	qiān zhì	14681	ian-iang,z-zh,j-q-x	1
区区	qū qū	14683	j-q-x	1
掩映	yǎn yìng	14686	in-ing,an-ang	1
预订	yù dìng	14687	in-ing	1
不祥	bù xiáng	14688	ian-iang,j-q-x	1
粗放	cū fàng	14689	an-ang,c-ch,h-f	1
倒逼	dào bī	14690	ao-ou	1
渡口	dù kǒu	14691	ao-ou	1
阶梯	jiē tī	14693	ia-ie,j-q-x	1
界面	jiè miàn	14694	ian-iang,ia-ie,j-q-x	1
买方	mǎi fāng	14695	an-ang,ai-ei,h-f	1
散落	sàn luò	14696	an-ang,ua-uo,s-sh,n-l,r-l	1
推卸	tuī xiè	14697	ia-ie,j-q-x	1
脏病	zāng bìng	14698	in-ing,an-ang,z-zh	1
抱负	bào fù	14699	ao-ou,h-f	1
本体	běn tǐ	14700	en-eng	1
沉没	chén mò	14701	en-eng,c-ch	1
纯朴	chún pǔ	14702	c-ch	1
盗贼	dào zéi	14703	ai-ei,ao-ou,z-zh	1
番茄	fān qié	14704	an-ang,ia-ie,h-f,j-q-x	1
肥皂	féi zào	14705	ai-ei,ao-ou,z-zh,h-f	1
估价	gū jià	14706	ia-ie,j-q-x	1
和蔼	hé ǎi	14707	ai-ei,h-f	1
花纹	huā wén	14708	en-eng,ua-uo,h-f	1
胶囊	jiāo náng	14710	an-ang,n-l,j-q-x	1
教义	jiào yì	14711	j-q-x	1
猛进	měng jìn	14712	en-eng,in-ing,j-q-x	1
炮台	pào tái	14713	ai-ei,ao-ou	1
蹂躏	róu lìn	14714	in-ing,ao-ou,n-l,r-l	1
贪官	tān guān	14715	an-ang,uan-uang	1
外行	wài háng	14716	an-ang,ai-ei,h-f	1
相持	xiāng chí	14717	ian-iang,c-ch,j-q-x	1
厌烦	yàn fán	14718	an-ang,h-f	1
鼻梁	bí liáng	14719	ian-iang,n-l,r-l	1
冲刺	chōng cì	14720	c-ch	1
大款	dà kuǎn	14721	uan-uang	1
贩子	fàn zi	14722	an-ang,z-zh,h-f	1
功力	gōng lì	14723	n-l,r-l	1
看透	kàn tòu	14724	an-ang,ao-ou	1
联防	lián fáng	14725	an-ang,ian-iang,n-l,h-f,r-l	1
络绎	luò yì	14726	ua-uo,n-l,r-l	1
漫游	màn yóu	14727	an-ang,ao-ou	1
评说	píng shuō	14728	in-ing,ua-uo,s-sh	1
弹劾	tán hé	14730	an-ang,h-f	3
应力	yìng lì	14732	in-ing,n-l,r-l	1
札记	zhá jì	14733	z-zh,j-q-x	3
长者	zhǎng zhě	14734	an-ang,z-zh	1
肇事	zhào shì	14735	ao-ou,z-zh,s-sh	1
注目	zhù mù	14736	z-zh	1
安稳	ān wěn	14737	en-eng,an-ang	1
草丛	cǎo cóng	14738	ao-ou,c-ch	1
次要	cì yào	14739	ao-ou,c-ch	1
大作	dà zuò	14740	ua-uo,z-zh	1
毒害	dú hài	14741	ai-ei,h-f	1
功利	gōng lì	14742	n-l,r-l	1
扣留	kòu liú	14744	ao-ou,n-l,r-l	1
茂密	mào mì	14745	ao-ou	1
盟友	méng yǒu	14746	en-eng,ao-ou	1
扑通	pū tōng	14747		1
情意	qíng yì	14748	in-ing,j-q-x	1
伸展	shēn zhǎn	14749	en-eng,an-ang,z-zh,s-sh	1
失守	shī shǒu	14750	ao-ou,s-sh	1
体谅	tǐ liàng	14751	ian-iang,n-l,r-l	1
警醒	jǐng xǐng	14752	in-ing,j-q-x	1
腰包	yāo bāo	14755	ao-ou	1
右侧	yòu cè	14757	ao-ou,c-ch	1
约合	yuē hé	14758	h-f	1
嘱托	zhǔ tuō	14760	ua-uo,z-zh	1
拨通	bō tōng	14762		1
春光	chūn guāng	14764	uan-uang,c-ch	1
借机	jiè jī	14768	ia-ie,j-q-x	1
老娘	lǎo niáng	14769	ian-iang,ao-ou,n-l,r-l	1
累累	lěi lěi	14770	ai-ei,n-l,r-l	1
面世	miàn shì	14771	ian-iang,s-sh	1
咆哮	páo xiào	14773	ao-ou,j-q-x	3
起先	qǐ xiān	14774	ian-iang,j-q-x	1
稀疏	xī shū	14775	s-sh,j-q-x	1
责怪	zé guài	14777	z-zh	1
政工	zhèng gōng	14778	en-eng,z-zh	1
踪迹	zōng jì	14779	z-zh,j-q-x	1
都城	dū chéng	14782	en-eng,c-ch	1
飞天	fēi tiān	14783	ian-iang,ai-ei,h-f	1
工分	gōng fēn	14784	en-eng,h-f	1
共事	gòng shì	14785	s-sh	1
鬼神	guǐ shén	14786	en-eng,s-sh	1
回旋	huí xuán	14788	uan-uang,h-f,j-q-x	1
煎熬	jiān áo	14789	ian-iang,ao-ou,j-q-x	1
人气	rén qì	14793	en-eng,r-l,j-q-x	1
狩猎	shòu liè	14794	ao-ou,ia-ie,s-sh,n-l,r-l	3
余年	yú nián	14796	ian-iang,n-l	1
保湿	bǎo shī	14798	ao-ou,s-sh	1
涨幅	zhǎng fú	14799	an-ang,z-zh,h-f	1
中游	zhōng yóu	14800	ao-ou,z-zh	1
中指	zhōng zhǐ	14801	z-zh	1
北宋	běi sòng	14802	ai-ei,s-sh	1
背面	bèi miàn	14803	ian-iang,ai-ei	1
草帽	cǎo mào	14804	ao-ou,c-ch	1
草莓	cǎo méi	14805	ai-ei,ao-ou,c-ch	3
喘气	chuǎn qì	14806	uan-uang,c-ch,j-q-x	1
房租	fáng zū	14807	an-ang,z-zh,h-f	1
核桃	hé tao	14809	ao-ou,h-f	1
花篮	huā lán	14810	an-ang,ua-uo,n-l,h-f,r-l	1
来意	lái yì	14811	ai-ei,n-l,r-l	1
领衔	lǐng xián	14812	in-ing,ian-iang,n-l,r-l,j-q-x	1
浓烈	nóng liè	14813	ia-ie,n-l,r-l	1
审问	shěn wèn	14814	en-eng,s-sh	1
胜过	shèng guò	14815	en-eng,ua-uo,s-sh	1
诗篇	shī piān	14816	ian-iang,s-sh	1
输血	shū xuè	14817	s-sh,j-q-x	1
洗涤	xǐ dí	14818	j-q-x	1
闲暇	xián xiá	14819	ian-iang,ia-ie,j-q-x	1
心胸	xīn xiōng	14820	in-ing,j-q-x	1
选育	xuǎn yù	14821	uan-uang,j-q-x	1
怔怔	zhèng zhèng	14822	en-eng,z-zh	1
周身	zhōu shēn	14823	en-eng,ao-ou,z-zh,s-sh	1
专列	zhuān liè	14824	uan-uang,ia-ie,z-zh,n-l,r-l	1
报馆	bào guǎn	14825	uan-uang,ao-ou	1
豹子	bào zi	14826	ao-ou,z-zh	1
缠绕	chán rào	14827	an-ang,ao-ou,c-ch,r-l	1
功底	gōng dǐ	14828		1
悔恨	huǐ hèn	14829	en-eng,h-f	1
紧要	jǐn yào	14830	in-ing,ao-ou,j-q-x	1
绝迹	jué jì	14831	j-q-x	1
手稿	shǒu gǎo	14833	ao-ou,s-sh	1
税源	shuì yuán	14834	uan-uang,s-sh	1
西医	xī yī	14836	j-q-x	1
镯子	zhuó zi	14838	ua-uo,z-zh	3
懊悔	ào huǐ	14839	ao-ou,h-f	1
百货	bǎi huò	14840	ai-ei,ua-uo,h-f	1
病态	bìng tài	14841	in-ing,ai-ei	1
菖蒲	chāng pú	14842	an-ang,c-ch	3
军费	jūn fèi	14843	ai-ei,h-f,j-q-x	1
神韵	shén yùn	14845	en-eng,s-sh	1
死神	sǐ shén	14846	en-eng,s-sh	1
值勤	zhí qín	14848	in-ing,z-zh,j-q-x	1
自重	zì zhòng	14849	z-zh	1
北边	běi bian	14851	ian-iang,ai-ei	1
充沛	chōng pèi	14852	ai-ei,c-ch	1
而外	ér wài	14854	ai-ei	1
火速	huǒ sù	14855	ua-uo,s-sh,h-f	1
旧式	jiù shì	14856	s-sh,j-q-x	1
名士	míng shì	14857	in-ing,s-sh	1
枪口	qiāng kǒu	14858	ian-iang,ao-ou,j-q-x	1
盛情	shèng qíng	14859	en-eng,in-ing,s-sh,j-q-x	1
滩涂	tān tú	14860	an-ang	1
唯独	wéi dú	14861	ai-ei	1
要脸	yào liǎn	14863	ian-iang,ao-ou,n-l,r-l	1
硬币	yìng bì	14864	in-ing	1
战死	zhàn sǐ	14865	an-ang,z-zh,s-sh	1
振作	zhèn zuò	14866	en-eng,ua-uo,z-zh	1
东家	dōng jia	14867	ia-ie,j-q-x	1
放肆	fàng sì	14868	an-ang,s-sh,h-f	1
基调	jī diào	14869	j-q-x	1
科委	kē wěi	14870	ai-ei	1
临死	lín sǐ	14871	in-ing,s-sh,n-l,r-l	1
临行	lín xíng	14872	in-ing,n-l,r-l,j-q-x	1
尼姑	ní gū	14873	n-l	1
枪击	qiāng jī	14874	ian-iang,j-q-x	1
市郊	shì jiāo	14876	s-sh,j-q-x	1
说教	shuō jiào	14877	ua-uo,s-sh,j-q-x	1
特制	tè zhì	14878	z-zh	1
赞许	zàn xǔ	14879	an-ang,z-zh,j-q-x	1
注释	zhù shì	14880	z-zh,s-sh	1
暗访	àn fǎng	14881	an-ang,h-f	1
大兵	dà bīng	14882	in-ing	1
勾勒	gōu lè	14884	ao-ou,n-l,r-l	1
酒席	jiǔ xí	14885	j-q-x	1
鼠标	shǔ biāo	14890	s-sh	1
唯恐	wéi kǒng	14892	ai-ei	1
狭义	xiá yì	14893	ia-ie,j-q-x	1
暴行	bào xíng	14894	in-ing,ao-ou,j-q-x	1
北伐	běi fá	14895	ai-ei,h-f	1
闭塞	bì sè	14896	s-sh	1
提防	dī fang	14897	an-ang,h-f	1
地皮	dì pí	14898		1
乏味	fá wèi	14899	ai-ei,h-f	1
古朴	gǔ pǔ	14901		1
惊呼	jīng hū	14902	in-ing,h-f,j-q-x	1
开明	kāi míng	14903	in-ing,ai-ei	1
老式	lǎo shì	14905	ao-ou,s-sh,n-l,r-l	1
连带	lián dài	14906	ian-iang,ai-ei,n-l,r-l	1
没完	méi wán	14907	an-ang,ai-ei	1
明快	míng kuài	14908	in-ing	1
应聘	yìng pìn	14910	in-ing	1
幽静	yōu jìng	14911	in-ing,ao-ou,j-q-x	1
战前	zhàn qián	14912	an-ang,ian-iang,z-zh,j-q-x	1
争斗	zhēng dòu	14913	en-eng,ao-ou,z-zh	1
自首	zì shǒu	14915	ao-ou,z-zh,s-sh	1
暴动	bào dòng	14916	ao-ou	1
变态	biàn tài	14917	ian-iang,ai-ei	1
才子	cái zǐ	14918	ai-ei,z-zh,c-ch	1
差价	chā jià	14919	ia-ie,c-ch,j-q-x	1
沉醉	chén zuì	14920	en-eng,z-zh,c-ch	1
淀粉	diàn fěn	14921	en-eng,ian-iang,h-f	1
动脉	dòng mài	14922	ai-ei	1
纷繁	fēn fán	14923	en-eng,an-ang,h-f	1
挥动	huī dòng	14924	h-f	1
街巷	jiē xiàng	14926	ian-iang,ia-ie,j-q-x	1
节电	jié diàn	14927	ian-iang,ia-ie,j-q-x	1
精子	jīng zǐ	14928	in-ing,z-zh,j-q-x	1
跨度	kuà dù	14929	ua-uo	1
判刑	pàn xíng	14931	in-ing,an-ang,j-q-x	1
浅薄	qiǎn bó	14933	ian-iang,j-q-x	1
热土	rè tǔ	14934	r-l	1
消逝	xiāo shì	14936	s-sh,j-q-x	1
药方	yào fāng	14938	an-ang,ao-ou,h-f	1
主机	zhǔ jī	14939	z-zh,j-q-x	1
阻拦	zǔ lán	14940	an-ang,z-zh,n-l,r-l	1
不消	bù xiāo	14942	j-q-x	1
常住	cháng zhù	14943	an-ang,z-zh,c-ch	1
低矮	dī ǎi	14944	ai-ei	1
睫毛	jié máo	14948	ao-ou,ia-ie,j-q-x	1
开销	kāi xiāo	14949	ai-ei,j-q-x	1
值守	zhí shǒu	14950	ao-ou,z-zh,s-sh	1
可可	kě kě	14951		1
劝慰	quàn wèi	14952	uan-uang,ai-ei,j-q-x	1
天平	tiān píng	14953	in-ing,ian-iang	1
孝敬	xiào jìng	14954	in-ing,j-q-x	1
行医	xíng yī	14955	in-ing,j-q-x	1
硬盘	yìng pán	14956	in-ing,an-ang	1
争先	zhēng xiān	14957	en-eng,ian-iang,z-zh,j-q-x	1
鞭策	biān cè	14958	ian-iang,c-ch	1
大典	dà diǎn	14959	ian-iang	1
分清	fēn qīng	14960	en-eng,in-ing,h-f,j-q-x	1
高耸	gāo sǒng	14961	ao-ou,s-sh	1
更名	gēng míng	14962	en-eng,in-ing	1
公有	gōng yǒu	14963	ao-ou	1
猫腻	māo nì	14964	ao-ou,n-l	1
花瓶	huā píng	14965	in-ing,ua-uo,h-f	1
简朴	jiǎn pǔ	14966	ian-iang,j-q-x	1
居室	jū shì	14967	s-sh,j-q-x	1
可口	kě kǒu	14968	ao-ou	1
排演	pái yǎn	14970	an-ang,ai-ei	1
叛乱	pàn luàn	14971	an-ang,uan-uang,n-l,r-l	1
启事	qǐ shì	14972	s-sh,j-q-x	1
色泽	sè zé	14973	z-zh,s-sh	1
山庄	shān zhuāng	14974	an-ang,uan-uang,z-zh,s-sh	1
算数	suàn shù	14975	uan-uang,s-sh	1
挽留	wǎn liú	14976	an-ang,n-l,r-l	1
热钱	rè qián	14977	ian-iang,r-l,j-q-x	1
显眼	xiǎn yǎn	14978	an-ang,ian-iang,j-q-x	1
训斥	xùn chì	14979	c-ch,j-q-x	1
幽幽	yōu yōu	14980	ao-ou	1
壮族	zhuàng zú	14981	uan-uang,z-zh	1
病因	bìng yīn	14983	in-ing	1
儿时	ér shí	14985	s-sh	1
发音	fā yīn	14986	in-ing,h-f	1
雇用	gù yòng	14987		1
南瓜	nán guā	14988	an-ang,ua-uo,n-l	1
智库	zhì kù	14989	z-zh	1
仁义	rén yì	14991	en-eng,r-l	1
拖鞋	tuō xié	14992	ia-ie,ua-uo,j-q-x	1
祥云	xiáng yún	14993	ian-iang,j-q-x	1
避暑	bì shǔ	14995	s-sh	1
不振	bù zhèn	14996	en-eng,z-zh	1
惨痛	cǎn tòng	14997	an-ang,c-ch	1
插图	chā tú	14998	c-ch	1
隔绝	gé jué	14999	j-q-x	1
工种	gōng zhǒng	15000	z-zh	1
脚印	jiǎo yìn	15002	in-ing,j-q-x	1
骏马	jùn mǎ	15003	j-q-x	1
来客	lái kè	15004	ai-ei,n-l,r-l	1
鲤鱼	lǐ yú	15005	n-l,r-l	1
领空	lǐng kōng	15006	in-ing,n-l,r-l	1
面具	miàn jù	15007	ian-iang,j-q-x	1
色调	sè diào	15009	s-sh	1
声援	shēng yuán	15010	en-eng,uan-uang,s-sh	1
特派	tè pài	15013	ai-ei	1
相撞	xiāng zhuàng	15014	ian-iang,uan-uang,z-zh,j-q-x	1
小鬼	xiǎo guǐ	15015	j-q-x	1
液化	yè huà	15016	ua-uo,h-f	1
一瞬	yī shùn	15017	s-sh	1
硬化	yìng huà	15018	in-ing,ua-uo,h-f	1
由来	yóu lái	15019	ai-ei,ao-ou,n-l,r-l	1
总产	zǒng chǎn	15021	an-ang,z-zh,c-ch	1
翻滚	fān gǔn	15022	an-ang,h-f	1
撕裂	sī liè	15023	ia-ie,s-sh,n-l,r-l	1
付诸	fù zhū	15024	z-zh,h-f	1
灌输	guàn shū	15025	uan-uang,s-sh	1
火药	huǒ yào	15026	ao-ou,ua-uo,h-f	1
接应	jiē yìng	15027	in-ing,ia-ie,j-q-x	1
井下	jǐng xià	15028	in-ing,ia-ie,j-q-x	1
敬礼	jìng lǐ	15029	in-ing,n-l,r-l,j-q-x	1
口水	kǒu shuǐ	15030	ao-ou,s-sh	1
累积	lěi jī	15032	ai-ei,n-l,r-l,j-q-x	1
内线	nèi xiàn	15033	ian-iang,ai-ei,n-l,j-q-x	1
皮带	pí dài	15034	ai-ei	1
签发	qiān fā	15035	ian-iang,h-f,j-q-x	1
轻型	qīng xíng	15036	in-ing,j-q-x	1
秋收	qiū shōu	15037	ao-ou,s-sh,j-q-x	1
深重	shēn zhòng	15038	en-eng,z-zh,s-sh	1
说笑	shuō xiào	15039	ua-uo,s-sh,j-q-x	1
听觉	tīng jué	15040	in-ing,j-q-x	1
吓唬	xià hu	15042	ia-ie,h-f,j-q-x	1
真谛	zhēn dì	15044	en-eng,z-zh	3
中坚	zhōng jiān	15045	ian-iang,z-zh,j-q-x	1
卓著	zhuó zhù	15046	ua-uo,z-zh	1
白面	bái miàn	15047	ian-iang,ai-ei	1
比价	bǐ jià	15048	ia-ie,j-q-x	1
补课	bǔ kè	15049		1
测验	cè yàn	15050	an-ang,c-ch	1
订婚	dìng hūn	15051	in-ing,h-f	1
洞穴	dòng xué	15052	j-q-x	1
机枪	jī qiāng	15054	ian-iang,j-q-x	1
路费	lù fèi	15056	ai-ei,n-l,h-f,r-l	1
悄声	qiǎo shēng	15057	en-eng,s-sh,j-q-x	1
求是	qiú shì	15058	s-sh,j-q-x	1
日均	rì jūn	15059	r-l,j-q-x	1
洒脱	sǎ tuō	15060	ua-uo,s-sh	1
乌龟	wū guī	15061		1
杂草	zá cǎo	15062	ao-ou,z-zh,c-ch	1
布景	bù jǐng	15065	in-ing,j-q-x	1
冲洗	chōng xǐ	15066	c-ch,j-q-x	1
得体	dé tǐ	15067		1
离奇	lí qí	15068	n-l,r-l,j-q-x	1
难听	nán tīng	15069	in-ing,an-ang,n-l	1
攀比	pān bǐ	15070	an-ang	1
拳击	quán jī	15071	uan-uang,j-q-x	1
相率	xiāng shuài	15072	ian-iang,s-sh,j-q-x	1
修炼	xiū liàn	15073	ian-iang,n-l,r-l,j-q-x	1
游离	yóu lí	15074	ao-ou,n-l,r-l	1
栽植	zāi zhí	15075	ai-ei,z-zh	1
知心	zhī xīn	15076	in-ing,z-zh,j-q-x	1
港元	gǎng yuán	15078	an-ang,uan-uang	1
谷地	gǔ dì	15079		1
狠心	hěn xīn	15080	en-eng,in-ing,h-f,j-q-x	1
冷气	lěng qì	15082	en-eng,n-l,r-l,j-q-x	1
论著	lùn zhù	15083	z-zh,n-l,r-l	1
名贵	míng guì	15084	in-ing	1
其时	qí shí	15085	s-sh,j-q-x	1
权势	quán shì	15086	uan-uang,s-sh,j-q-x	1
柔道	róu dào	15087	ao-ou,r-l	1
生源	shēng yuán	15088	en-eng,uan-uang,s-sh	1
柿子	shì zi	15089	z-zh,s-sh	1
西汉	xī hàn	15090	an-ang,h-f,j-q-x	1
虚幻	xū huàn	15091	uan-uang,h-f,j-q-x	1
眼球	yǎn qiú	15093	an-ang,j-q-x	1
枣树	zǎo shù	15094	ao-ou,z-zh,s-sh	1
震荡	zhèn dàng	15095	en-eng,an-ang,z-zh	1
致函	zhì hán	15096	an-ang,z-zh,h-f	1
自来	zì lái	15097	ai-ei,z-zh,n-l,r-l	1
足下	zú xià	15098	ia-ie,z-zh,j-q-x	1
参事	cān shì	15099	an-ang,c-ch,s-sh	1
产后	chǎn hòu	15100	an-ang,ao-ou,c-ch,h-f	1
沉睡	chén shuì	15101	en-eng,c-ch,s-sh	1
丢人	diū rén	15102	en-eng,r-l	1
告示	gào shi	15103	ao-ou,s-sh	1
静默	jìng mò	15105	in-ing,j-q-x	1
离任	lí rèn	15106	en-eng,n-l,r-l	1
拍手	pāi shǒu	15107	ai-ei,ao-ou,s-sh	1
贫血	pín xuè	15108	in-ing,j-q-x	1
书目	shū mù	15109	s-sh	1
通货	tōng huò	15110	ua-uo,h-f	1
铜像	tóng xiàng	15111	ian-iang,j-q-x	1
托人	tuō rén	15112	en-eng,ua-uo,r-l	1
以西	yǐ xī	15114	j-q-x	1
罢休	bà xiū	15115	j-q-x	1
病理	bìng lǐ	15116	in-ing,n-l,r-l	1
初夏	chū xià	15117	ia-ie,c-ch,j-q-x	1
灰白	huī bái	15118	ai-ei,h-f	1
空隙	kòng xì	15119	j-q-x	1
疟疾	nüè ji	15120	n-l,j-q-x	1
强者	qiáng zhě	15121	ian-iang,z-zh,j-q-x	1
设若	shè ruò	15122	ua-uo,s-sh,r-l	1
收视	shōu shì	15123	ao-ou,s-sh	1
苏醒	sū xǐng	15124	in-ing,s-sh,j-q-x	1
探寻	tàn xún	15125	an-ang,j-q-x	1
维新	wéi xīn	15126	in-ing,ai-ei,j-q-x	1
暂且	zàn qiě	15127	an-ang,ia-ie,z-zh,j-q-x	1
主妇	zhǔ fù	15128	z-zh,h-f	1
伴侣	bàn lǚ	15130	an-ang,n-l,r-l	1
波及	bō jí	15131	j-q-x	1
唱腔	chàng qiāng	15132	an-ang,ian-iang,c-ch,j-q-x	1
大蒜	dà suàn	15133	uan-uang,s-sh	1
古都	gǔ dū	15135		1
货源	huò yuán	15137	uan-uang,ua-uo,h-f	1
泪花	lèi huā	15139	ai-ei,ua-uo,n-l,h-f,r-l	1
门缝	mén fèng	15140	en-eng,h-f	1
奴婢	nú bì	15143	n-l	3
善待	shàn dài	15144	an-ang,ai-ei,s-sh	1
生根	shēng gēn	15145	en-eng,s-sh	1
圣火	shèng huǒ	15146	en-eng,ua-uo,s-sh,h-f	1
通则	tōng zé	15147	z-zh	1
下床	xià chuáng	15148	uan-uang,ia-ie,c-ch,j-q-x	1
宪兵	xiàn bīng	15149	in-ing,ian-iang,j-q-x	1
心病	xīn bìng	15150	in-ing,j-q-x	1
咒骂	zhòu mà	15151	ao-ou,z-zh	1
字迹	zì jì	15152	z-zh,j-q-x	1
爱惜	ài xī	15153	ai-ei,j-q-x	1
宝剑	bǎo jiàn	15154	ian-iang,ao-ou,j-q-x	1
粗壮	cū zhuàng	15156	uan-uang,z-zh,c-ch	1
党群	dǎng qún	15157	an-ang,j-q-x	1
登场	dēng chǎng	15158	en-eng,an-ang,c-ch	1
反常	fǎn cháng	15159	an-ang,c-ch,h-f	1
肥沃	féi wò	15160	ai-ei,h-f	1
划拨	huà bō	15161	ua-uo,h-f	1
叫唤	jiào huan	15162	uan-uang,h-f,j-q-x	1
巨幅	jù fú	15164	h-f,j-q-x	1
炼油	liàn yóu	15165	ian-iang,ao-ou,n-l,r-l	1
年岁	nián suì	15166	ian-iang,s-sh,n-l	1
茄子	qié zi	15167	ia-ie,z-zh,j-q-x	1
非遗	fēi yí	15169	ai-ei,h-f	1
实况	shí kuàng	15170	uan-uang,s-sh	1
推倒	tuī dǎo	15173	ao-ou	1
香水	xiāng shuǐ	15174	ian-iang,s-sh,j-q-x	1
争气	zhēng qì	15175	en-eng,z-zh,j-q-x	1
房顶	fáng dǐng	15176	in-ing,an-ang,h-f	1
光临	guāng lín	15177	in-ing,uan-uang,n-l,r-l	1
家居	jiā jū	15179	ia-ie,j-q-x	1
亏得	kuī de	15182		1
连载	lián zǎi	15183	ian-iang,ai-ei,z-zh,n-l,r-l	1
轮子	lún zi	15184	z-zh,n-l,r-l	1
盆景	pén jǐng	15185	en-eng,in-ing,j-q-x	1
全套	quán tào	15186	uan-uang,ao-ou,j-q-x	1
未可	wèi kě	15188	ai-ei	1
野花	yě huā	15190	ua-uo,h-f	1
医术	yī shù	15191	s-sh	1
语录	yǔ lù	15192	n-l,r-l	1
原型	yuán xíng	15193	in-ing,uan-uang,j-q-x	1
庇护	bì hù	15194	h-f	1
锄头	chú tou	15195	ao-ou,c-ch	1
创收	chuàng shōu	15196	uan-uang,ao-ou,c-ch,s-sh	1
村寨	cūn zhài	15197	ai-ei,z-zh,c-ch	1
倒卖	dǎo mài	15198	ai-ei,ao-ou	1
锋利	fēng lì	15199	en-eng,n-l,h-f,r-l	1
急事	jí shì	15201	s-sh,j-q-x	1
焦灼	jiāo zhuó	15202	ua-uo,z-zh,j-q-x	1
冷冻	lěng dòng	15204	en-eng,n-l,r-l	1
无常	wú cháng	15205	an-ang,c-ch	1
瞎说	xiā shuō	15206	ia-ie,ua-uo,s-sh,j-q-x	1
绣花	xiù huā	15207	ua-uo,h-f,j-q-x	1
摇摆	yáo bǎi	15208	ai-ei,ao-ou	1
阴雨	yīn yǔ	15209	in-ing	1
英镑	yīng bàng	15210	in-ing,an-ang	1
宝宝	bǎo bao	15211	ao-ou	1
插手	chā shǒu	15212	ao-ou,c-ch,s-sh	1
毒素	dú sù	15213	s-sh	1
归功	guī gōng	15215		1
混杂	hùn zá	15217	z-zh,h-f	1
奖状	jiǎng zhuàng	15219	ian-iang,uan-uang,z-zh,j-q-x	1
景致	jǐng zhì	15220	in-ing,z-zh,j-q-x	1
恐吓	kǒng hè	15221	h-f	1
恼火	nǎo huǒ	15223	ao-ou,ua-uo,n-l,h-f	1
骑士	qí shì	15224	s-sh,j-q-x	1
清秀	qīng xiù	15226	in-ing,j-q-x	1
伤人	shāng rén	15227	en-eng,an-ang,s-sh,r-l	1
外套	wài tào	15228	ai-ei,ao-ou	1
幼小	yòu xiǎo	15229	ao-ou,j-q-x	1
避难	bì nàn	15231	an-ang,n-l	1
服刑	fú xíng	15232	in-ing,h-f,j-q-x	1
混沌	hùn dùn	15233	h-f	3
矜持	jīn chí	15234	in-ing,c-ch,j-q-x	3
宽度	kuān dù	15235	uan-uang	1
立于	lì yú	15236	n-l,r-l	1
寥寥	liáo liáo	15237	n-l,r-l	1
女仆	nǚ pú	15239	n-l	1
哨兵	shào bīng	15241	in-ing,ao-ou,s-sh	1
象牙	xiàng yá	15243	ian-iang,j-q-x	1
装束	zhuāng shù	15245	uan-uang,z-zh,s-sh	1
成倍	chéng bèi	15246	en-eng,ai-ei,c-ch	1
方正	fāng zhèng	15249	en-eng,an-ang,z-zh,h-f	1
浩然	hào rán	15250	an-ang,ao-ou,h-f,r-l	1
黄帝	huáng dì	15252	uan-uang,h-f	1
技法	jì fǎ	15253	h-f,j-q-x	1
切合	qiè hé	15255	ia-ie,h-f,j-q-x	1
天河	tiān hé	15257	ian-iang,h-f	1
自考	zì kǎo	15258	ao-ou,z-zh	1
文官	wén guān	15259	en-eng,uan-uang	1
嬉戏	xī xì	15260	j-q-x	3
小报	xiǎo bào	15261	ao-ou,j-q-x	1
兴味	xìng wèi	15262	in-ing,ai-ei,j-q-x	1
以东	yǐ dōng	15263		1
安顿	ān dùn	15264	an-ang	1
病痛	bìng tòng	15265	in-ing	1
畅快	chàng kuài	15266	an-ang,c-ch	1
勾当	gòu dàng	15268	an-ang,ao-ou	1
会战	huì zhàn	15269	an-ang,z-zh,h-f	1
借以	jiè yǐ	15270	ia-ie,j-q-x	1
决意	jué yì	15271	j-q-x	1
科考	kē kǎo	15272	ao-ou	1
建言	jiàn yán	15273	an-ang,ian-iang,j-q-x	1
美食	měi shí	15274	ai-ei,s-sh	1
日用	rì yòng	15275	r-l	1
赡养	shàn yǎng	15276	an-ang,s-sh	1
逃亡	táo wáng	15277	an-ang,ao-ou	1
疼爱	téng ài	15278	en-eng,ai-ei	1
阳性	yáng xìng	15279	in-ing,an-ang,j-q-x	1
站台	zhàn tái	15280	an-ang,ai-ei,z-zh	1
征订	zhēng dìng	15281	en-eng,in-ing,z-zh	1
粉末	fěn mò	15282	en-eng,h-f	1
挂帅	guà shuài	15284	ua-uo,s-sh	1
连日	lián rì	15287	ian-iang,n-l,r-l	1
茂盛	mào shèng	15288	en-eng,ao-ou,s-sh	1
迷惘	mí wǎng	15289	an-ang	3
银河	yín hé	15291	in-ing,h-f	1
应声	yìng shēng	15292	en-eng,in-ing,s-sh	1
园艺	yuán yì	15293	uan-uang	1
斟酌	zhēn zhuó	15294	en-eng,ua-uo,z-zh	1
作弊	zuò bì	15295	ua-uo,z-zh	1
斑斑	bān bān	15296	an-ang	1
边陲	biān chuí	15297	ian-iang,c-ch	3
编撰	biān zhuàn	15298	ian-iang,uan-uang,z-zh	1
不迭	bù dié	15299	ia-ie	1
参赞	cān zàn	15300	an-ang,z-zh,c-ch	1
恶毒	è dú	15301		1
渴求	kě qiú	15306	j-q-x	1
批斗	pī dòu	15308	ao-ou	1
飘浮	piāo fú	15309	h-f	1
心绪	xīn xù	15310	in-ing,j-q-x	1
行署	xíng shǔ	15311	in-ing,s-sh,j-q-x	1
抑或	yì huò	15314	ua-uo,h-f	1
硬要	yìng yào	15315	in-ing,ao-ou	1
真伪	zhēn wěi	15316	en-eng,ai-ei,z-zh	1
巴结	bā jie	15317	ia-ie,j-q-x	1
惨案	cǎn àn	15319	an-ang,c-ch	1
晨报	chén bào	15320	en-eng,ao-ou,c-ch	1
剧组	jù zǔ	15324	z-zh,j-q-x	1
老话	lǎo huà	15325	ao-ou,ua-uo,n-l,h-f,r-l	1
联谊	lián yì	15326	ian-iang,n-l,r-l	1
略微	lüè wēi	15327	ai-ei,n-l,r-l	1
苗头	miáo tou	15328	ao-ou	1
飘逸	piāo yì	15330		1
切割	qiē gē	15332	ia-ie,j-q-x	1
切齿	qiè chǐ	15333	ia-ie,c-ch,j-q-x	1
外文	wài wén	15334	en-eng,ai-ei	1
虚实	xū shí	15335	s-sh,j-q-x	1
足坛	zú tán	15336	an-ang,z-zh	1
本该	běn gāi	15337	en-eng,ai-ei	1
茶壶	chá hú	15339	c-ch,h-f	1
锤炼	chuí liàn	15340	ian-iang,c-ch,n-l,r-l	1
调拨	diào bō	15342		1
调任	diào rèn	15343	en-eng,r-l	1
飞奔	fēi bēn	15344	en-eng,ai-ei,h-f	1
高寒	gāo hán	15345	an-ang,ao-ou,h-f	1
近海	jìn hǎi	15346	in-ing,ai-ei,h-f,j-q-x	1
考查	kǎo chá	15347	ao-ou,c-ch	1
可巧	kě qiǎo	15348	j-q-x	1
腼腆	miǎn tiǎn	15349	ian-iang	2
渺小	miǎo xiǎo	15350	j-q-x	1
强加	qiáng jiā	15351	ian-iang,ia-ie,j-q-x	1
清廉	qīng lián	15352	in-ing,ian-iang,n-l,r-l,j-q-x	1
山乡	shān xiāng	15353	an-ang,ian-iang,s-sh,j-q-x	1
现时	xiàn shí	15355	ian-iang,s-sh,j-q-x	1
晕倒	yūn dǎo	15357	ao-ou	1
终审	zhōng shěn	15358	en-eng,z-zh,s-sh	1
冰雹	bīng báo	15359	in-ing,ao-ou	1
改称	gǎi chēng	15361	en-eng,ai-ei,c-ch	1
孤单	gū dān	15362	an-ang	1
怪事	guài shì	15363	s-sh	1
季风	jì fēng	15364	en-eng,h-f,j-q-x	1
监禁	jiān jìn	15365	in-ing,ian-iang,j-q-x	1
主播	zhǔ bō	15366	z-zh	1
句号	jù hào	15367	ao-ou,h-f,j-q-x	1
诺言	nuò yán	15368	an-ang,ua-uo,n-l	1
迁入	qiān rù	15369	ian-iang,r-l,j-q-x	1
钱包	qián bāo	15370	ian-iang,ao-ou,j-q-x	1
切要	qiè yào	15371	ao-ou,ia-ie,j-q-x	1
锐利	ruì lì	15372	n-l,r-l	1
圣洁	shèng jié	15373	en-eng,ia-ie,s-sh,j-q-x	1
庭审	tíng shěn	15374	en-eng,in-ing,s-sh	1
夏粮	xià liáng	15375	ian-iang,ia-ie,n-l,r-l,j-q-x	1
血缘	xuè yuán	15376	uan-uang,j-q-x	1
应市	yìng shì	15377	in-ing,s-sh	1
有数	yǒu shù	15378	ao-ou,s-sh	1
张力	zhāng lì	15379	an-ang,z-zh,n-l,r-l	1
庄园	zhuāng yuán	15381	uan-uang,z-zh	1
安放	ān fàng	15382	an-ang,h-f	1
重振	chóng zhèn	15383	en-eng,z-zh,c-ch	1
绸缎	chóu duàn	15384	uan-uang,ao-ou,c-ch	1
抵挡	dǐ dǎng	15386	an-ang	1
粉尘	fěn chén	15387	en-eng,c-ch,h-f	1
特稿	tè gǎo	15388	ao-ou	1
话头	huà tóu	15389	ao-ou,ua-uo,h-f	1
决计	jué jì	15390	j-q-x	1
任性	rèn xìng	15393	en-eng,in-ing,r-l,j-q-x	1
随地	suí dì	15395	s-sh	1
停泊	tíng bó	15396	in-ing	1
无异	wú yì	15397		1
优于	yōu yú	15398	ao-ou	1
憎恨	zēng hèn	15400	en-eng,z-zh,h-f	1
奔放	bēn fàng	15401	en-eng,an-ang,h-f	1
衬托	chèn tuō	15403	en-eng,ua-uo,c-ch	1
甘于	gān yú	15405	an-ang	1
港人	gǎng rén	15406	en-eng,an-ang,r-l	1
柜子	guì zi	15408	z-zh	1
开导	kāi dǎo	15409	ai-ei,ao-ou	1
苦衷	kǔ zhōng	15410	z-zh	1
满面	mǎn miàn	15411	an-ang,ian-iang	1
桥牌	qiáo pái	15412	ai-ei,j-q-x	1
试制	shì zhì	15413	z-zh,s-sh	1
晚霞	wǎn xiá	15415	an-ang,ia-ie,j-q-x	1
沃土	wò tǔ	15416		1
音符	yīn fú	15417	in-ing,h-f	1
早起	zǎo qǐ	15418	ao-ou,z-zh,j-q-x	1
总分	zǒng fēn	15422	en-eng,z-zh,h-f	1
嘲弄	cháo nòng	15423	ao-ou,c-ch,n-l	1
程式	chéng shì	15424	en-eng,c-ch,s-sh	1
串联	chuàn lián	15425	ian-iang,uan-uang,c-ch,n-l,r-l	1
纷争	fēn zhēng	15427	en-eng,z-zh,h-f	1
丰产	fēng chǎn	15428	en-eng,an-ang,c-ch,h-f	1
丰盛	fēng shèng	15429	en-eng,s-sh,h-f	1
风能	fēng néng	15430	en-eng,n-l,h-f	1
惊呆	jīng dāi	15431	in-ing,ai-ei,j-q-x	1
卖淫	mài yín	15432	in-ing,ai-ei	1
士卒	shì zú	15433	z-zh,s-sh	1
手提	shǒu tí	15434	ao-ou,s-sh	1
岁末	suì mò	15435	s-sh	1
语义	yǔ yì	15437		1
蕴涵	yùn hán	15438	an-ang,h-f	1
变量	biàn liàng	15439	ian-iang,n-l,r-l	1
残废	cán fèi	15440	an-ang,ai-ei,c-ch,h-f	1
潮汐	cháo xī	15441	ao-ou,c-ch,j-q-x	3
击退	jī tuì	15443	j-q-x	1
嘹亮	liáo liàng	15444	ian-iang,n-l,r-l	1
落伍	luò wǔ	15446	ua-uo,n-l,r-l	1
门下	mén xià	15447	en-eng,ia-ie,j-q-x	1
潜水	qián shuǐ	15451	ian-iang,s-sh,j-q-x	1
造诣	zào yì	15456	ao-ou,z-zh	3
政令	zhèng lìng	15457	en-eng,in-ing,z-zh,n-l,r-l	1
包厢	bāo xiāng	15458	ian-iang,ao-ou,j-q-x	1
当先	dāng xiān	15460	an-ang,ian-iang,j-q-x	1
到头	dào tóu	15461	ao-ou	1
愕然	è rán	15462	an-ang,r-l	1
法纪	fǎ jì	15463	h-f,j-q-x	1
回响	huí xiǎng	15465	ian-iang,h-f,j-q-x	1
浇灌	jiāo guàn	15466	uan-uang,j-q-x	1
螺旋	luó xuán	15467	uan-uang,ua-uo,n-l,r-l,j-q-x	1
审慎	shěn shèn	15470	en-eng,s-sh	1
升降	shēng jiàng	15471	en-eng,ian-iang,s-sh,j-q-x	1
水系	shuǐ xì	15472	s-sh,j-q-x	1
戏院	xì yuàn	15474	uan-uang,j-q-x	1
小米	xiǎo mǐ	15475	j-q-x	1
盎然	àng rán	15477	an-ang,r-l	3
得胜	dé shèng	15478	en-eng,s-sh	1
负伤	fù shāng	15479	an-ang,s-sh,h-f	1
洪灾	hóng zāi	15480	ai-ei,z-zh,h-f	1
及格	jí gé	15481	j-q-x	1
酒会	jiǔ huì	15482	h-f,j-q-x	1
刊发	kān fā	15484	an-ang,h-f	1
扫地	sǎo dì	15485	ao-ou,s-sh	1
沙沙	shā shā	15486	s-sh	1
紊乱	wěn luàn	15488	en-eng,uan-uang,n-l,r-l	1
问卷	wèn juàn	15489	en-eng,uan-uang,j-q-x	1
武士	wǔ shì	15490	s-sh	1
烟袋	yān dài	15491	an-ang,ai-ei	1
瞻仰	zhān yǎng	15492	an-ang,z-zh	1
展位	zhǎn wèi	15493	an-ang,ai-ei,z-zh	1
族人	zú rén	15494	en-eng,z-zh,r-l	1
表象	biǎo xiàng	15495	ian-iang,j-q-x	1
床沿	chuáng yán	15496	an-ang,uan-uang,c-ch	1
高强	gāo qiáng	15498	ian-iang,ao-ou,j-q-x	1
洪流	hóng liú	15499	n-l,h-f,r-l	1
秘诀	mì jué	15502	j-q-x	1
女将	nǚ jiàng	15503	ian-iang,n-l,j-q-x	1
皮革	pí gé	15504		1
取名	qǔ míng	15505	in-ing,j-q-x	1
三包	sān bāo	15506	an-ang,ao-ou,s-sh	1
特约	tè yuē	15507		1
天涯	tiān yá	15508	ian-iang	1
脱口	tuō kǒu	15509	ao-ou,ua-uo	1
珠子	zhū zi	15511	z-zh	1
并行	bìng xíng	15512	in-ing,j-q-x	1
端详	duān xiang	15513	ian-iang,uan-uang,j-q-x	1
断流	duàn liú	15514	uan-uang,n-l,r-l	1
服药	fú yào	15515	ao-ou,h-f	1
进退	jìn tuì	15516	in-ing,j-q-x	1
拉扯	lā che	15517	c-ch,n-l,r-l	1
选编	xuǎn biān	15519	ian-iang,uan-uang,j-q-x	1
眼帘	yǎn lián	15520	an-ang,ian-iang,n-l,r-l	1
营房	yíng fáng	15522	in-ing,an-ang,h-f	1
友善	yǒu shàn	15523	an-ang,ao-ou,s-sh	1
着装	zhuó zhuāng	15524	uan-uang,ua-uo,z-zh	1
独占	dú zhàn	15527	an-ang,z-zh	1
仿真	fǎng zhēn	15529	en-eng,an-ang,z-zh,h-f	1
改动	gǎi dòng	15530	ai-ei	1
广袤	guǎng mào	15531	uan-uang,ao-ou	3
欢送	huān sòng	15532	uan-uang,s-sh,h-f	1
涣散	huàn sàn	15533	an-ang,uan-uang,s-sh,h-f	1
捷径	jié jìng	15534	in-ing,ia-ie,j-q-x	1
九州	jiǔ zhōu	15535	ao-ou,z-zh,j-q-x	1
韭菜	jiǔ cài	15536	ai-ei,c-ch,j-q-x	1
惧怕	jù pà	15537	j-q-x	1
可否	kě fǒu	15538	ao-ou,h-f	1
宽厚	kuān hòu	15539	uan-uang,ao-ou,h-f	1
沥青	lì qīng	15541	in-ing,n-l,r-l,j-q-x	1
美育	měi yù	15542	ai-ei	1
青天	qīng tiān	15544	in-ing,ian-iang,j-q-x	1
山歌	shān gē	15545	an-ang,s-sh	1
尸首	shī shou	15546	ao-ou,s-sh	1
藤椅	téng yǐ	15547	en-eng	1
铁矿	tiě kuàng	15548	uan-uang,ia-ie	1
中风	zhòng fēng	15549	en-eng,z-zh,h-f	1
畜生	chù sheng	15550	en-eng,c-ch,s-sh	1
底细	dǐ xì	15551	j-q-x	1
蹲点	dūn diǎn	15552	ian-iang	1
多彩	duō cǎi	15553	ai-ei,ua-uo,c-ch	1
抄底	chāo dǐ	15554	ao-ou,c-ch	1
根除	gēn chú	15555	en-eng,c-ch	1
孤寡	gū guǎ	15556	ua-uo	1
减速	jiǎn sù	15558	ian-iang,s-sh,j-q-x	1
静态	jìng tài	15559	in-ing,ai-ei,j-q-x	1
开动	kāi dòng	15560	ai-ei	1
凉风	liáng fēng	15562	en-eng,ian-iang,n-l,h-f,r-l	1
刷卡	shuā kǎ	15563	ua-uo,s-sh	1
原名	yuán míng	15564	in-ing,uan-uang	1
白银	bái yín	15566	in-ing,ai-ei	1
驳斥	bó chì	15568	c-ch	1
藏身	cáng shēn	15569	en-eng,an-ang,c-ch,s-sh	1
查实	chá shí	15570	c-ch,s-sh	1
出狱	chū yù	15571	c-ch	1
厄运	è yùn	15572		3
告急	gào jí	15573	ao-ou,j-q-x	1
河面	hé miàn	15575	ian-iang,h-f	1
轰鸣	hōng míng	15576	in-ing,h-f	1
交费	jiāo fèi	15577	ai-ei,h-f,j-q-x	1
惊险	jīng xiǎn	15578	in-ing,ian-iang,j-q-x	1
举世	jǔ shì	15579	s-sh,j-q-x	1
买主	mǎi zhǔ	15580	ai-ei,z-zh	1
毛笔	máo bǐ	15581	ao-ou	1
母校	mǔ xiào	15582	j-q-x	1
男士	nán shì	15583	an-ang,s-sh,n-l	1
寝室	qǐn shì	15584	in-ing,s-sh,j-q-x	1
省事	shěng shì	15585	en-eng,s-sh	1
盛装	shèng zhuāng	15586	en-eng,uan-uang,z-zh,s-sh	1
停工	tíng gōng	15587	in-ing	1
头皮	tóu pí	15588	ao-ou	1
五彩	wǔ cǎi	15589	ai-ei,c-ch	1
西非	xī fēi	15590	ai-ei,h-f,j-q-x	1
鞋底	xié dǐ	15591	ia-ie,j-q-x	1
羞辱	xiū rǔ	15592	r-l,j-q-x	1
演进	yǎn jìn	15593	in-ing,an-ang,j-q-x	1
引路	yǐn lù	15594	in-ing,n-l,r-l	1
游牧	yóu mù	15595	ao-ou	1
住址	zhù zhǐ	15597	z-zh	1
注销	zhù xiāo	15598	z-zh,j-q-x	1
转战	zhuǎn zhàn	15599	an-ang,uan-uang,z-zh	1
追忆	zhuī yì	15600	z-zh	1
啊呀	ā yā	15601		1
苍凉	cāng liáng	15603	an-ang,ian-iang,c-ch,n-l,r-l	1
缠绵	chán mián	15604	an-ang,ian-iang,c-ch	1
厂矿	chǎng kuàng	15605	an-ang,uan-uang,c-ch	1
出众	chū zhòng	15606	z-zh,c-ch	1
机灵	jī ling	15609	in-ing,n-l,r-l,j-q-x	1
京郊	jīng jiāo	15610	in-ing,j-q-x	1
扣子	kòu zi	15611	ao-ou,z-zh	1
脸皮	liǎn pí	15613	ian-iang,n-l,r-l	1
裸体	luǒ tǐ	15615	ua-uo,n-l,r-l	1
满眼	mǎn yǎn	15616	an-ang	1
清贫	qīng pín	15617	in-ing,j-q-x	1
射门	shè mén	15618	en-eng,s-sh	1
添置	tiān zhì	15620	ian-iang,z-zh	1
土著	tǔ zhù	15621	z-zh	1
有声	yǒu shēng	15623	en-eng,ao-ou,s-sh	1
战区	zhàn qū	15624	an-ang,z-zh,j-q-x	1
悲凉	bēi liáng	15626	ian-iang,ai-ei,n-l,r-l	1
化身	huà shēn	15629	en-eng,ua-uo,s-sh,h-f	1
火气	huǒ qì	15630	ua-uo,h-f,j-q-x	1
锦绣	jǐn xiù	15631	in-ing,j-q-x	1
军心	jūn xīn	15632	in-ing,j-q-x	1
宽裕	kuān yù	15633	uan-uang	1
礼节	lǐ jié	15634	ia-ie,n-l,r-l,j-q-x	1
庙宇	miào yǔ	15635		1
亲吻	qīn wěn	15636	en-eng,in-ing,j-q-x	1
鲨鱼	shā yú	15637	s-sh	1
爽朗	shuǎng lǎng	15638	an-ang,uan-uang,s-sh,n-l,r-l	1
窝囊	wō nang	15640	an-ang,n-l	1
须知	xū zhī	15641	z-zh,j-q-x	1
幽灵	yōu líng	15642	in-ing,ao-ou,n-l,r-l	1
字形	zì xíng	15643	in-ing,z-zh,j-q-x	1
班车	bān chē	15644	an-ang,c-ch	1
常态	cháng tài	15646	an-ang,ai-ei,c-ch	1
初年	chū nián	15647	ian-iang,c-ch,n-l	1
错案	cuò àn	15648	an-ang,ua-uo,c-ch	1
短篇	duǎn piān	15649	ian-iang,uan-uang	1
风头	fēng tóu	15650	en-eng,ao-ou,h-f	1
馆子	guǎn zi	15651	uan-uang,z-zh	1
后裔	hòu yì	15652	ao-ou,h-f	3
集约	jí yuē	15653	j-q-x	1
净增	jìng zēng	15655	en-eng,in-ing,z-zh,j-q-x	1
拉力	lā lì	15656	n-l,r-l	1
亮光	liàng guāng	15657	ian-iang,uan-uang,n-l,r-l	1
绳索	shéng suǒ	15658	en-eng,ua-uo,s-sh	1
凶狠	xiōng hěn	15659	en-eng,h-f,j-q-x	1
照应	zhào ying	15660	in-ing,ao-ou,z-zh	1
包庇	bāo bì	15661	ao-ou	1
嘲讽	cháo fěng	15662	en-eng,ao-ou,c-ch,h-f	1
迟钝	chí dùn	15663	c-ch	1
府上	fǔ shàng	15664	an-ang,s-sh,h-f	1
官府	guān fǔ	15665	uan-uang,h-f	1
核对	hé duì	15666	h-f	1
近视	jìn shì	15668	in-ing,s-sh,j-q-x	1
逆转	nì zhuǎn	15671	uan-uang,z-zh,n-l	1
贫瘠	pín jí	15672	in-ing,j-q-x	3
痊愈	quán yù	15673	uan-uang,j-q-x	1
人际	rén jì	15674	en-eng,r-l,j-q-x	1
水生	shuǐ shēng	15675	en-eng,s-sh	1
挖苦	wā ku	15676		1
养生	yǎng shēng	15679	en-eng,an-ang,s-sh	1
阵亡	zhèn wáng	15681	en-eng,an-ang,z-zh	1
白条	bái tiáo	15683	ai-ei	1
保暖	bǎo nuǎn	15684	uan-uang,ao-ou,n-l	1
产妇	chǎn fù	15685	an-ang,c-ch,h-f	1
橱窗	chú chuāng	15686	uan-uang,c-ch	1
次序	cì xù	15687	c-ch,j-q-x	1
从重	cóng zhòng	15688	z-zh,c-ch	1
存活	cún huó	15689	ua-uo,c-ch,h-f	1
翡翠	fěi cuì	15690	ai-ei,c-ch,h-f	3
过期	guò qī	15691	ua-uo,j-q-x	1
克扣	kè kòu	15692	ao-ou	1
明儿	míng er	15693	in-ing	1
配制	pèi zhì	15694	ai-ei,z-zh	1
起家	qǐ jiā	15695	ia-ie,j-q-x	1
桥头	qiáo tóu	15696	ao-ou,j-q-x	1
时效	shí xiào	15697	s-sh,j-q-x	1
刷新	shuā xīn	15698	in-ing,ua-uo,s-sh,j-q-x	1
新编	xīn biān	15701	in-ing,ian-iang,j-q-x	1
战功	zhàn gōng	15702	an-ang,z-zh	1
中性	zhōng xìng	15703	in-ing,z-zh,j-q-x	1
作曲	zuò qǔ	15705	ua-uo,z-zh,j-q-x	1
裁缝	cái feng	15707	en-eng,ai-ei,c-ch,h-f	1
电量	diàn liàng	15708	ian-iang,n-l,r-l	1
定型	dìng xíng	15709	in-ing,j-q-x	1
古镇	gǔ zhèn	15711	en-eng,z-zh	1
挤压	jǐ yā	15713	j-q-x	1
农工	nóng gōng	15715	n-l	1
盛事	shèng shì	15717	en-eng,s-sh	1
收养	shōu yǎng	15718	an-ang,ao-ou,s-sh	1
应征	yìng zhēng	15719	en-eng,in-ing,z-zh	1
游记	yóu jì	15720	ao-ou,j-q-x	1
原著	yuán zhù	15721	uan-uang,z-zh	1
装卸	zhuāng xiè	15722	uan-uang,ia-ie,z-zh,j-q-x	1
自省	zì xǐng	15723	in-ing,z-zh,j-q-x	1
仇人	chóu rén	15724	en-eng,ao-ou,c-ch,r-l	1
地价	dì jià	15725	ia-ie,j-q-x	1
计策	jì cè	15726	c-ch,j-q-x	1
价位	jià wèi	15727	ai-ei,ia-ie,j-q-x	1
间或	jiàn huò	15728	ian-iang,ua-uo,h-f,j-q-x	1
前脸	qián liǎn	15729	ian-iang,n-l,r-l,j-q-x	1
帘子	lián zi	15730	ian-iang,z-zh,n-l,r-l	1
民乐	mín yuè	15731	in-ing	1
年长	nián zhǎng	15732	an-ang,ian-iang,z-zh,n-l	1
尿素	niào sù	15733	s-sh,n-l	1
怒火	nù huǒ	15734	ua-uo,n-l,h-f	1
群落	qún luò	15736	ua-uo,n-l,r-l,j-q-x	1
视听	shì tīng	15737	in-ing,s-sh	1
受罪	shòu zuì	15738	ao-ou,z-zh,s-sh	1
铁匠	tiě jiàng	15739	ian-iang,ia-ie,j-q-x	1
作成	zuò chéng	15740	en-eng,ua-uo,z-zh,c-ch	1
摆布	bǎi bù	15741	ai-ei	1
饼干	bǐng gān	15742	in-ing,an-ang	1
大赦	dà shè	15743	s-sh	1
装甲	zhuāng jiǎ	15745	uan-uang,ia-ie,z-zh,j-q-x	1
立国	lì guó	15747	ua-uo,n-l,r-l	1
捏造	niē zào	15749	ao-ou,ia-ie,z-zh,n-l	1
浓烟	nóng yān	15750	an-ang,n-l	1
弱化	ruò huà	15751	ua-uo,h-f,r-l	1
手足	shǒu zú	15752	ao-ou,z-zh,s-sh	1
书市	shū shì	15753	s-sh	1
坍塌	tān tā	15754	an-ang	3
天皇	tiān huáng	15755	ian-iang,uan-uang,h-f	1
无为	wú wéi	15756	ai-ei	1
仙女	xiān nǚ	15757	ian-iang,n-l,j-q-x	1
专页	zhuān yè	15758	uan-uang,z-zh	1
字画	zì huà	15759	ua-uo,z-zh,h-f	1
摆弄	bǎi nòng	15760	ai-ei,n-l	1
步履	bù lǚ	15762	n-l,r-l	1
敌机	dí jī	15764	j-q-x	1
顶尖	dǐng jiān	15765	in-ing,ian-iang,j-q-x	1
放养	fàng yǎng	15766	an-ang,h-f	1
公演	gōng yǎn	15767	an-ang	1
海港	hǎi gǎng	15768	an-ang,ai-ei,h-f	1
荒芜	huāng wú	15769	uan-uang,h-f	1
黄花	huáng huā	15770	uan-uang,ua-uo,h-f	1
进言	jìn yán	15771	in-ing,an-ang,j-q-x	1
空闲	kòng xián	15772	ian-iang,j-q-x	1
民风	mín fēng	15773	en-eng,in-ing,h-f	1
欠账	qiàn zhàng	15774	an-ang,ian-iang,z-zh,j-q-x	1
儒学	rú xué	15775	r-l,j-q-x	1
锐意	ruì yì	15776	r-l	1
委婉	wěi wǎn	15778	an-ang,ai-ei	1
预告	yù gào	15779	ao-ou	1
杂物	zá wù	15780	z-zh	1
催化	cuī huà	15781	ua-uo,c-ch,h-f	1
挫伤	cuò shāng	15782	an-ang,ua-uo,c-ch,s-sh	1
殆尽	dài jìn	15783	in-ing,ai-ei,j-q-x	3
扼杀	è shā	15784	s-sh	1
构图	gòu tú	15785	ao-ou	1
顾忌	gù jì	15786	j-q-x	1
患难	huàn nàn	15787	an-ang,uan-uang,n-l,h-f	1
死角	sǐ jiǎo	15791	s-sh,j-q-x	1
挺直	tǐng zhí	15793	in-ing,z-zh	1
透镜	tòu jìng	15794	in-ing,ao-ou,j-q-x	1
悉数	xī shǔ	15795	s-sh,j-q-x	1
悉心	xī xīn	15796	in-ing,j-q-x	1
溪水	xī shuǐ	15797	s-sh,j-q-x	1
写意	xiě yì	15798	ia-ie,j-q-x	1
有别	yǒu bié	15799	ao-ou,ia-ie	1
有礼	yǒu lǐ	15800	ao-ou,n-l,r-l	1
杂质	zá zhì	15801	z-zh	1
战败	zhàn bài	15802	an-ang,ai-ei,z-zh	1
主儿	zhǔ er	15804	z-zh	1
坠落	zhuì luò	15805	ua-uo,z-zh,n-l,r-l	1
保温	bǎo wēn	15807	en-eng,ao-ou	1
搏击	bó jī	15808	j-q-x	1
兑付	duì fù	15810	h-f	1
赶路	gǎn lù	15811	an-ang,n-l,r-l	1
告终	gào zhōng	15812	ao-ou,z-zh	1
鼾声	hān shēng	15813	en-eng,an-ang,s-sh,h-f	3
笃行	dǔ xíng	15814	in-ing,j-q-x	3
开刀	kāi dāo	15816	ai-ei,ao-ou	1
漫天	màn tiān	15817	an-ang,ian-iang	1
门框	mén kuàng	15818	en-eng,uan-uang	1
魔术	mó shù	15819	s-sh	1
瘦弱	shòu ruò	15820	ao-ou,ua-uo,s-sh,r-l	1
遥望	yáo wàng	15822	an-ang,ao-ou	1
雨天	yǔ tiān	15823	ian-iang	1
标致	biāo zhì	15824	z-zh	1
篡改	cuàn gǎi	15825	uan-uang,ai-ei,c-ch	1
二胡	èr hú	15826	h-f	1
复审	fù shěn	15827	en-eng,s-sh,h-f	1
讥讽	jī fěng	15828	en-eng,h-f,j-q-x	1
降幅	jiàng fú	15830	ian-iang,h-f,j-q-x	1
迸发	bèng fā	15831	en-eng,h-f	3
拉手	lā shǒu	15832	ao-ou,s-sh,n-l,r-l	1
世家	shì jiā	15834	ia-ie,s-sh,j-q-x	1
数控	shù kòng	15836	s-sh	1
医科	yī kē	15837		1
征途	zhēng tú	15838	en-eng,z-zh	1
植入	zhí rù	15839	z-zh,r-l	1
纸币	zhǐ bì	15840	z-zh	1
周全	zhōu quán	15841	uan-uang,ao-ou,z-zh,j-q-x	1
烛光	zhú guāng	15842	uan-uang,z-zh	1
总则	zǒng zé	15844	z-zh	1
混战	hùn zhàn	15845	an-ang,z-zh,h-f	1
激怒	jī nù	15846	n-l,j-q-x	1
惊惶	jīng huáng	15847	in-ing,uan-uang,h-f,j-q-x	1
军属	jūn shǔ	15849	s-sh,j-q-x	1
山口	shān kǒu	15850	an-ang,ao-ou,s-sh	1
闪动	shǎn dòng	15851	an-ang,s-sh	1
瓦房	wǎ fáng	15852	an-ang,h-f	1
心怀	xīn huái	15854	in-ing,h-f,j-q-x	1
怨气	yuàn qì	15856	uan-uang,j-q-x	1
闸门	zhá mén	15858	en-eng,z-zh	1
不俗	bù sú	15860	s-sh	1
草草	cǎo cǎo	15861	ao-ou,c-ch	1
车展	chē zhǎn	15862	an-ang,z-zh,c-ch	1
古董	gǔ dǒng	15863		1
广交	guǎng jiāo	15864	uan-uang,j-q-x	1
号角	hào jiǎo	15865	ao-ou,h-f,j-q-x	1
皇宫	huáng gōng	15866	uan-uang,h-f	1
狂欢	kuáng huān	15867	uan-uang,h-f	1
偏爱	piān ài	15869	ian-iang,ai-ei	1
盘整	pán zhěng	15870	en-eng,an-ang,z-zh	1
起始	qǐ shǐ	15871	s-sh,j-q-x	1
腔调	qiāng diào	15872	ian-iang,j-q-x	1
取材	qǔ cái	15873	ai-ei,c-ch,j-q-x	1
取经	qǔ jīng	15875	in-ing,j-q-x	1
扫帚	sào zhou	15876	ao-ou,z-zh,s-sh	1
位移	wèi yí	15878	ai-ei	1
专长	zhuān cháng	15882	an-ang,uan-uang,z-zh,c-ch	1
版图	bǎn tú	15883	an-ang	1
病历	bìng lì	15884	in-ing,n-l,r-l	1
初恋	chū liàn	15885	ian-iang,c-ch,n-l,r-l	1
床铺	chuáng pù	15886	uan-uang,c-ch	1
词句	cí jù	15887	c-ch,j-q-x	1
富翁	fù wēng	15888	en-eng,h-f	1
纪事	jì shì	15889	s-sh,j-q-x	1
旧时	jiù shí	15890	s-sh,j-q-x	1
轮换	lún huàn	15891	uan-uang,n-l,h-f,r-l	1
漠视	mò shì	15892	s-sh	1
日语	rì yǔ	15894	r-l	1
死尸	sǐ shī	15895	s-sh	1
头绪	tóu xù	15896	ao-ou,j-q-x	1
漩涡	xuán wō	15897	uan-uang,j-q-x	3
央求	yāng qiú	15898	an-ang,j-q-x	1
宠爱	chǒng ài	15901	ai-ei,c-ch	1
纷乱	fēn luàn	15902	en-eng,uan-uang,n-l,h-f,r-l	1
感伤	gǎn shāng	15903	an-ang,s-sh	1
键盘	jiàn pán	15904	an-ang,ian-iang,j-q-x	1
开具	kāi jù	15906	ai-ei,j-q-x	1
旷野	kuàng yě	15907	uan-uang	1
连绵	lián mián	15909	ian-iang,n-l,r-l	1
凝望	níng wàng	15910	in-ing,an-ang,n-l	1
饰演	shì yǎn	15911	an-ang,s-sh	1
听课	tīng kè	15912	in-ing	1
相间	xiāng jiàn	15913	ian-iang,j-q-x	1
招致	zhāo zhì	15914	ao-ou,z-zh	1
朝日	zhāo rì	15915	ao-ou,z-zh,r-l	1
枝头	zhī tóu	15916	ao-ou,z-zh	1
忠厚	zhōng hòu	15917	ao-ou,z-zh,h-f	1
复出	fù chū	15920	c-ch,h-f	1
敢当	gǎn dāng	15921	an-ang	1
荒诞	huāng dàn	15922	an-ang,uan-uang,h-f	1
歼灭	jiān miè	15923	ian-iang,ia-ie,j-q-x	1
剪彩	jiǎn cǎi	15924	ian-iang,ai-ei,c-ch,j-q-x	1
流利	liú lì	15925	n-l,r-l	1
隆起	lóng qǐ	15926	n-l,r-l,j-q-x	1
旅居	lǚ jū	15927	n-l,r-l,j-q-x	1
恼怒	nǎo nù	15928	ao-ou,n-l	1
脑壳	nǎo ké	15929	ao-ou,n-l	1
石桥	shí qiáo	15930	s-sh,j-q-x	1
水路	shuǐ lù	15931	s-sh,n-l,r-l	1
送交	sòng jiāo	15932	s-sh,j-q-x	1
逃犯	táo fàn	15933	an-ang,ao-ou,h-f	1
妄想	wàng xiǎng	15934	an-ang,ian-iang,j-q-x	1
心坎	xīn kǎn	15935	in-ing,an-ang,j-q-x	1
长相	zhǎng xiàng	15936	an-ang,ian-iang,z-zh,j-q-x	1
正色	zhèng sè	15937	en-eng,z-zh,s-sh	1
中盘	zhōng pán	15938	an-ang,z-zh	1
中型	zhōng xíng	15939	in-ing,z-zh,j-q-x	1
晨曦	chén xī	15941	en-eng,c-ch,j-q-x	3
法郎	fǎ láng	15942	an-ang,n-l,h-f,r-l	1
吼叫	hǒu jiào	15943	ao-ou,h-f,j-q-x	1
讲理	jiǎng lǐ	15945	ian-iang,n-l,r-l,j-q-x	1
浸润	jìn rùn	15946	in-ing,r-l,j-q-x	1
久违	jiǔ wéi	15947	ai-ei,j-q-x	1
决断	jué duàn	15948	uan-uang,j-q-x	1
可敬	kě jìng	15949	in-ing,j-q-x	1
连环	lián huán	15950	ian-iang,uan-uang,n-l,h-f,r-l	1
气节	qì jié	15952	ia-ie,j-q-x	1
求救	qiú jiù	15953	j-q-x	1
圈套	quān tào	15954	uan-uang,ao-ou,j-q-x	1
烧香	shāo xiāng	15955	ian-iang,ao-ou,s-sh,j-q-x	1
蛙泳	wā yǒng	15956		1
映照	yìng zhào	15957	in-ing,ao-ou,z-zh	1
猜疑	cāi yí	15958	ai-ei,c-ch	1
顶级	dǐng jí	15959	in-ing,j-q-x	1
放纵	fàng zòng	15962	an-ang,z-zh,h-f	1
共谋	gòng móu	15963	ao-ou	1
评介	píng jiè	15965	in-ing,ia-ie,j-q-x	1
完事	wán shì	15966	an-ang,s-sh	1
无机	wú jī	15967	j-q-x	1
运载	yùn zài	15969	ai-ei,z-zh	1
不屈	bù qū	15970	j-q-x	1
菜地	cài dì	15971	ai-ei,c-ch	1
雏形	chú xíng	15972	in-ing,c-ch,j-q-x	1
登极	dēng jí	15973	en-eng,j-q-x	1
调离	diào lí	15974	n-l,r-l	1
赌场	dǔ chǎng	15975	an-ang,c-ch	1
粉红	fěn hóng	15976	en-eng,h-f	1
扶植	fú zhí	15977	z-zh,h-f	1
工匠	gōng jiàng	15979	ian-iang,j-q-x	1
忌讳	jì huì	15980	h-f,j-q-x	1
眷恋	juàn liàn	15981	ian-iang,uan-uang,n-l,r-l,j-q-x	1
门楼	mén lóu	15982	en-eng,ao-ou,n-l,r-l	1
舍弃	shě qì	15984	s-sh,j-q-x	1
琐碎	suǒ suì	15986	ua-uo,s-sh	1
桃子	táo zi	15987	ao-ou,z-zh	1
同化	tóng huà	15988	ua-uo,h-f	1
下方	xià fāng	15989	an-ang,ia-ie,h-f,j-q-x	1
应运	yìng yùn	15990	in-ing	1
摘取	zhāi qǔ	15991	ai-ei,z-zh,j-q-x	1
直流	zhí liú	15992	z-zh,n-l,r-l	1
总厂	zǒng chǎng	15993	an-ang,z-zh,c-ch	1
帮手	bāng shou	15994	an-ang,ao-ou,s-sh	1
闭门	bì mén	15995	en-eng	1
大项	dà xiàng	15997	ian-iang,j-q-x	1
地膜	dì mó	15998		1
帝制	dì zhì	15999	z-zh	1
福音	fú yīn	16000	in-ing,h-f	1
后背	hòu bèi	16002	ai-ei,ao-ou,h-f	1
截断	jié duàn	16003	uan-uang,ia-ie,j-q-x	1
径流	jìng liú	16004	in-ing,n-l,r-l,j-q-x	1
密布	mì bù	16005		1
属实	shǔ shí	16006	s-sh	1
算计	suàn jì	16007	uan-uang,s-sh,j-q-x	1
天命	tiān mìng	16008	in-ing,ian-iang	1
吐蕃	tǔ bō	16009		3
外力	wài lì	16010	ai-ei,n-l,r-l	1
妖精	yāo jing	16011	in-ing,ao-ou,j-q-x	1
衣食	yī shí	16012	s-sh	1
直立	zhí lì	16013	z-zh,n-l,r-l	1
装机	zhuāng jī	16014	uan-uang,z-zh,j-q-x	1
登时	dēng shí	16017	en-eng,s-sh	1
光环	guāng huán	16018	uan-uang,h-f	1
好手	hǎo shǒu	16019	ao-ou,s-sh,h-f	1
火化	huǒ huà	16020	ua-uo,h-f	1
计票	jì piào	16021	j-q-x	1
了事	liǎo shì	16023	s-sh,n-l,r-l	1
煤窑	méi yáo	16024	ai-ei,ao-ou	1
市镇	shì zhèn	16027	en-eng,z-zh,s-sh	1
熟识	shú shi	16028	s-sh	1
同声	tóng shēng	16029	en-eng,s-sh	1
统称	tǒng chēng	16030	en-eng,c-ch	1
相交	xiāng jiāo	16031	ian-iang,j-q-x	1
烟叶	yān yè	16032	an-ang	1
一色	yī sè	16033	s-sh	1
雨点	yǔ diǎn	16034	ian-iang	1
中古	zhōng gǔ	16035	z-zh	1
诸君	zhū jūn	16036	z-zh,j-q-x	1
字句	zì jù	16037	z-zh,j-q-x	1
本职	běn zhí	16039	en-eng,z-zh	1
捕获	bǔ huò	16040	ua-uo,h-f	1
杜鹃	dù juān	16041	uan-uang,j-q-x	1
发稿	fā gǎo	16042	ao-ou,h-f	1
浸透	jìn tòu	16044	in-ing,ao-ou,j-q-x	1
老公	lǎo gōng	16045	ao-ou,n-l,r-l	1
锐减	ruì jiǎn	16048	ian-iang,r-l,j-q-x	1
赛程	sài chéng	16049	en-eng,ai-ei,c-ch,s-sh	1
试探	shì tan	16051	an-ang,s-sh	1
俗语	sú yǔ	16052	s-sh	1
委任	wěi rèn	16053	en-eng,ai-ei,r-l	1
无畏	wú wèi	16054	ai-ei	1
银屏	yín píng	16055	in-ing	1
伫立	zhù lì	16056	z-zh,n-l,r-l	3
奏效	zòu xiào	16057	ao-ou,z-zh,j-q-x	1
打黑	dǎ hēi	16058	ai-ei,h-f	1
带子	dài zi	16059	ai-ei,z-zh	1
复发	fù fā	16060	h-f	1
港台	gǎng tái	16061	an-ang,ai-ei	1
过瘾	guò yǐn	16062	in-ing,ua-uo	1
良田	liáng tián	16063	ian-iang,n-l,r-l	1
麻袋	má dài	16064	ai-ei	1
深海	shēn hǎi	16065	en-eng,ai-ei,s-sh,h-f	1
凌乱	líng luàn	16066	in-ing,uan-uang,n-l,r-l	1
失常	shī cháng	16067	an-ang,c-ch,s-sh	1
史书	shǐ shū	16069	s-sh	1
替换	tì huàn	16070	uan-uang,h-f	1
投奔	tóu bèn	16071	en-eng,ao-ou	1
往昔	wǎng xī	16072	an-ang,j-q-x	1
雄性	xióng xìng	16074	in-ing,j-q-x	1
元气	yuán qì	16075	uan-uang,j-q-x	1
家常	jiā cháng	16077	an-ang,ia-ie,c-ch,j-q-x	1
美貌	měi mào	16079	ai-ei,ao-ou	1
逆境	nì jìng	16080	in-ing,n-l,j-q-x	1
清爽	qīng shuǎng	16081	in-ing,uan-uang,s-sh,j-q-x	1
远望	yuǎn wàng	16082	an-ang,uan-uang	1
把守	bǎ shǒu	16083	ao-ou,s-sh	1
单人	dān rén	16084	en-eng,an-ang,r-l	1
寒暄	hán xuān	16085	an-ang,uan-uang,h-f,j-q-x	3
平定	píng dìng	16089	in-ing	1
蚯蚓	qiū yǐn	16090	in-ing,j-q-x	1
特产	tè chǎn	16091	an-ang,c-ch	1
舞会	wǔ huì	16092	h-f	1
眼科	yǎn kē	16093	an-ang	1
再审	zài shěn	16094	en-eng,ai-ei,z-zh,s-sh	1
孢子	bāo zǐ	16096	ao-ou,z-zh	3
笨拙	bèn zhuō	16097	en-eng,ua-uo,z-zh	1
仓皇	cāng huáng	16098	an-ang,uan-uang,c-ch,h-f	1
大堂	dà táng	16099	an-ang	1
肤色	fū sè	16100	s-sh,h-f	1
公债	gōng zhài	16102	ai-ei,z-zh	1
据称	jù chēng	16103	en-eng,c-ch,j-q-x	1
军情	jūn qíng	16104	in-ing,j-q-x	1
矿石	kuàng shí	16105	uan-uang,s-sh	1
亵渎	xiè dú	16108	ia-ie,j-q-x	2
雄风	xióng fēng	16109	en-eng,h-f,j-q-x	1
追查	zhuī chá	16110	z-zh,c-ch	1
安居	ān jū	16111	an-ang,j-q-x	1
根子	gēn zi	16112	en-eng,z-zh	1
好儿	hǎo er	16113	ao-ou,h-f	1
金光	jīn guāng	16114	in-ing,uan-uang,j-q-x	1
落空	là kòng	16116	n-l,r-l	1
门帘	mén lián	16117	en-eng,ian-iang,n-l,r-l	1
那般	nà bān	16118	an-ang,n-l	1
内河	nèi hé	16119	ai-ei,n-l,h-f	1
评书	píng shū	16120	in-ing,s-sh	1
青色	qīng sè	16121	in-ing,s-sh,j-q-x	1
燃煤	rán méi	16122	an-ang,ai-ei,r-l	1
人治	rén zhì	16123	en-eng,z-zh,r-l	1
森严	sēn yán	16124	en-eng,an-ang,s-sh	1
失明	shī míng	16125	in-ing,s-sh	1
生鲜	shēng xiān	16126	en-eng,ian-iang,s-sh,j-q-x	1
石刻	shí kè	16127	s-sh	1
书斋	shū zhāi	16128	ai-ei,z-zh,s-sh	1
信函	xìn hán	16129	in-ing,an-ang,h-f,j-q-x	1
夜校	yè xiào	16130	j-q-x	1
振荡	zhèn dàng	16132	en-eng,an-ang,z-zh	1
磁带	cí dài	16133	ai-ei,c-ch	1
村头	cūn tóu	16134	ao-ou,c-ch	1
大王	dà wáng	16136	an-ang	1
大戏	dà xì	16137	j-q-x	1
滴水	dī shui	16138	s-sh	1
叮咛	dīng níng	16139	in-ing,n-l	3
高下	gāo xià	16140	ao-ou,ia-ie,j-q-x	1
行当	háng dang	16141	an-ang,h-f	1
积水	jī shuǐ	16142	s-sh,j-q-x	1
金鱼	jīn yú	16143	in-ing,j-q-x	1
决算	jué suàn	16144	uan-uang,s-sh,j-q-x	1
两翼	liǎng yì	16145	ian-iang,n-l,r-l	1
谋杀	móu shā	16147	ao-ou,s-sh	1
凄惨	qī cǎn	16148	an-ang,c-ch,j-q-x	1
骚乱	sāo luàn	16150	uan-uang,ao-ou,s-sh,n-l,r-l	1
脱身	tuō shēn	16151	en-eng,ua-uo,s-sh	1
栅栏	zhà lan	16153	an-ang,z-zh,n-l,r-l	1
正统	zhèng tǒng	16154	en-eng,z-zh	1
准许	zhǔn xǔ	16156	z-zh,j-q-x	1
自是	zì shì	16157	z-zh,s-sh	1
大刀	dà dāo	16158	ao-ou	1
顶端	dǐng duān	16159	in-ing,uan-uang	1
繁琐	fán suǒ	16160	an-ang,ua-uo,s-sh,h-f	1
分校	fēn xiào	16161	en-eng,h-f,j-q-x	1
干枯	gān kū	16162	an-ang	1
勾画	gōu huà	16163	ao-ou,ua-uo,h-f	1
股子	gǔ zi	16164	z-zh	1
横跨	héng kuà	16165	en-eng,ua-uo,h-f	1
湖畔	hú pàn	16166	an-ang,h-f	1
嘉奖	jiā jiǎng	16167	ian-iang,ia-ie,j-q-x	1
靠山	kào shān	16168	an-ang,ao-ou,s-sh	1
南洋	nán yáng	16169	an-ang,n-l	1
囊括	náng kuò	16170	an-ang,ua-uo,n-l	1
升腾	shēng téng	16171	en-eng,s-sh	1
依恋	yī liàn	16172	ian-iang,n-l,r-l	1
依稀	yī xī	16173	j-q-x	1
战地	zhàn dì	16174	an-ang,z-zh	1
忠心	zhōng xīn	16175	in-ing,z-zh,j-q-x	1
终极	zhōng jí	16176	z-zh,j-q-x	1
贮藏	zhù cáng	16177	an-ang,z-zh,c-ch	1
欠薪	qiàn xīn	16178	in-ing,ian-iang,j-q-x	1
总行	zǒng háng	16179	an-ang,z-zh,h-f	1
纵火	zòng huǒ	16180	ua-uo,z-zh,h-f	1
半边	bàn biān	16181	an-ang,ian-iang	1
刨子	bào zi	16182	ao-ou,z-zh	1
恶梦	è mèng	16183	en-eng	1
寄宿	jì sù	16184	s-sh,j-q-x	1
申遗	shēn yí	16187	en-eng,s-sh	1
烙印	lào yìn	16189	in-ing,ao-ou,n-l,r-l	1
亲历	qīn lì	16191	in-ing,n-l,r-l,j-q-x	1
膳食	shàn shí	16192	an-ang,s-sh	3
声望	shēng wàng	16193	en-eng,an-ang,s-sh	1
松散	sōng sǎn	16194	an-ang,s-sh	1
早熟	zǎo shú	16196	ao-ou,z-zh,s-sh	1
绽放	zhàn fàng	16197	an-ang,z-zh,h-f	1
中用	zhōng yòng	16198	z-zh	1
传导	chuán dǎo	16201	uan-uang,ao-ou,c-ch	1
官职	guān zhí	16202	uan-uang,z-zh	1
何妨	hé fáng	16203	an-ang,h-f	1
尽心	jìn xīn	16204	in-ing,j-q-x	1
慨然	kǎi rán	16206	an-ang,ai-ei,r-l	1
路途	lù tú	16207	n-l,r-l	1
绵羊	mián yáng	16209	an-ang,ian-iang	1
迫于	pò yú	16210		1
随从	suí cóng	16211	c-ch,s-sh	1
逃生	táo shēng	16212	en-eng,ao-ou,s-sh	1
五官	wǔ guān	16213	uan-uang	1
心虚	xīn xū	16214	in-ing,j-q-x	1
执笔	zhí bǐ	16216	z-zh	1
装点	zhuāng diǎn	16217	ian-iang,uan-uang,z-zh	1
成家	chéng jiā	16219	en-eng,ia-ie,c-ch,j-q-x	1
大车	dà chē	16220	c-ch	1
贩运	fàn yùn	16221	an-ang,h-f	1
分辩	fēn biàn	16222	en-eng,ian-iang,h-f	1
光头	guāng tóu	16223	uan-uang,ao-ou	1
贵人	guì rén	16224	en-eng,r-l	1
接管	jiē guǎn	16226	uan-uang,ia-ie,j-q-x	1
军火	jūn huǒ	16227	ua-uo,h-f,j-q-x	1
良策	liáng cè	16228	ian-iang,c-ch,n-l,r-l	1
羚羊	líng yáng	16229	in-ing,an-ang,n-l,r-l	1
气度	qì dù	16231	j-q-x	1
身段	shēn duàn	16232	en-eng,uan-uang,s-sh	1
瘦小	shòu xiǎo	16233	ao-ou,s-sh,j-q-x	1
摊点	tān diǎn	16234	an-ang,ian-iang	1
先河	xiān hé	16235	ian-iang,h-f,j-q-x	1
学系	xué xì	16236	j-q-x	1
营利	yíng lì	16237	in-ing,n-l,r-l	1
云彩	yún cai	16238	ai-ei,c-ch	1
指派	zhǐ pài	16239	ai-ei,z-zh	1
穿插	chuān chā	16240	uan-uang,c-ch	1
刺耳	cì ěr	16241	c-ch	1
代号	dài hào	16242	ai-ei,ao-ou,h-f	1
胆识	dǎn shí	16243	an-ang,s-sh	1
发包	fā bāo	16244	ao-ou,h-f	1
副总	fù zǒng	16245	z-zh,h-f	1
挂号	guà hào	16246	ao-ou,ua-uo,h-f	1
花坛	huā tán	16247	an-ang,ua-uo,h-f	1
泪眼	lèi yǎn	16248	an-ang,ai-ei,n-l,r-l	1
灵芝	líng zhī	16249	in-ing,z-zh,n-l,r-l	1
凝神	níng shén	16250	en-eng,in-ing,s-sh,n-l	1
铺盖	pū gài	16251	ai-ei	1
损耗	sǔn hào	16252	ao-ou,s-sh,h-f	1
台子	tái zi	16253	ai-ei,z-zh	1
外号	wài hào	16254	ai-ei,ao-ou,h-f	1
兴盛	xīng shèng	16256	en-eng,in-ing,s-sh,j-q-x	1
幸免	xìng miǎn	16257	in-ing,ian-iang,j-q-x	1
掌管	zhǎng guǎn	16258	an-ang,uan-uang,z-zh	1
整夜	zhěng yè	16259	en-eng,z-zh	1
正午	zhèng wǔ	16260	en-eng,z-zh	1
大悟	dà wù	16261		1
鳄鱼	è yú	16262		1
胳臂	gē bei	16263	ai-ei	1
海棠	hǎi táng	16264	an-ang,ai-ei,h-f	1
花瓣	huā bàn	16265	an-ang,ua-uo,h-f	1
还贷	huán dài	16266	uan-uang,ai-ei,h-f	1
几分	jǐ fēn	16267	en-eng,h-f,j-q-x	1
落日	luò rì	16268	ua-uo,n-l,r-l	1
美金	měi jīn	16269	in-ing,ai-ei,j-q-x	1
女方	nǚ fāng	16270	an-ang,n-l,h-f	1
气焰	qì yàn	16271	an-ang,j-q-x	1
人中	rén zhōng	16272	en-eng,z-zh,r-l	1
三九	sān jiǔ	16273	an-ang,s-sh,j-q-x	1
水道	shuǐ dào	16274	ao-ou,s-sh	1
探听	tàn tīng	16275	in-ing,an-ang	1
下狱	xià yù	16278	ia-ie,j-q-x	1
余下	yú xià	16279	ia-ie,j-q-x	1
自理	zì lǐ	16280	z-zh,n-l,r-l	1
报价	bào jià	16283	ao-ou,ia-ie,j-q-x	1
奔流	bēn liú	16284	en-eng,n-l,r-l	1
比武	bǐ wǔ	16285		1
彩旗	cǎi qí	16287	ai-ei,c-ch,j-q-x	1
插话	chā huà	16288	ua-uo,c-ch,h-f	1
过冬	guò dōng	16289	ua-uo	1
河堤	hé dī	16290	h-f	1
洪亮	hóng liàng	16291	ian-iang,n-l,h-f,r-l	1
继母	jì mǔ	16293	j-q-x	1
静寂	jìng jì	16294	in-ing,j-q-x	1
抗癌	kàn gái	16295	an-ang,ai-ei	1
拦阻	lán zǔ	16297	an-ang,z-zh,n-l,r-l	1
立意	lì yì	16298	n-l,r-l	1
茅屋	máo wū	16299	ao-ou	1
命脉	mìng mài	16300	in-ing,ai-ei	1
枪杀	qiāng shā	16301	ian-iang,s-sh,j-q-x	1
杀伤	shā shāng	16303	an-ang,s-sh	1
上限	shàng xiàn	16304	an-ang,ian-iang,s-sh,j-q-x	1
完结	wán jié	16305	an-ang,ia-ie,j-q-x	1
致敬	zhì jìng	16308	in-ing,z-zh,j-q-x	1
暗想	àn xiǎng	16309	an-ang,ian-iang,j-q-x	1
帮困	bāng kùn	16311	an-ang	1
盹儿	dǔn er	16312		1
附带	fù dài	16313	ai-ei,h-f	1
关东	guān dōng	16314	uan-uang	1
痉挛	jìng luán	16317	in-ing,uan-uang,n-l,r-l,j-q-x	2
缭绕	liáo rào	16319	ao-ou,n-l,r-l	1
路人	lù rén	16320	en-eng,n-l,r-l	1
末年	mò nián	16321	ian-iang,n-l	1
器件	qì jiàn	16322	ian-iang,j-q-x	1
牵扯	qiān chě	16323	ian-iang,c-ch,j-q-x	1
商城	shāng chéng	16324	en-eng,an-ang,c-ch,s-sh	1
书局	shū jú	16325	s-sh,j-q-x	1
孝顺	xiào shùn	16326	s-sh,j-q-x	1
谢罪	xiè zuì	16327	ia-ie,z-zh,j-q-x	1
知音	zhī yīn	16329	in-ing,z-zh	1
碧波	bì bō	16330		1
菜刀	cài dāo	16331	ai-ei,ao-ou,c-ch	1
操练	cāo liàn	16332	ian-iang,ao-ou,c-ch,n-l,r-l	1
船队	chuán duì	16333	uan-uang,c-ch	1
慈爱	cí ài	16334	ai-ei,c-ch	1
底部	dǐ bù	16335		1
典籍	diǎn jí	16336	ian-iang,j-q-x	1
跺脚	duò jiǎo	16337	ua-uo,j-q-x	1
画报	huà bào	16338	ao-ou,ua-uo,h-f	1
环顾	huán gù	16339	uan-uang,h-f	1
举证	jǔ zhèng	16340	en-eng,z-zh,j-q-x	1
老哥	lǎo gē	16341	ao-ou,n-l,r-l	1
马列	mǎ liè	16343	ia-ie,n-l,r-l	1
海归	hǎi guī	16344	ai-ei,h-f	1
袍子	páo zi	16345	ao-ou,z-zh	1
巧合	qiǎo hé	16346	h-f,j-q-x	1
体态	tǐ tài	16347	ai-ei	1
偷窥	tōu kuī	16348	ao-ou	1
殷墟	yīn xū	16350	in-ing,j-q-x	1
拥戴	yōng dài	16351	ai-ei	1
抽搐	chōu chù	16355	ao-ou,c-ch	3
大干	dà gàn	16356	an-ang	1
定时	dìng shí	16357	in-ing,s-sh	1
隔阂	gé hé	16358	h-f	3
姑息	gū xī	16359	j-q-x	1
洪峰	hóng fēng	16360	en-eng,h-f	1
花色	huā sè	16361	ua-uo,s-sh,h-f	1
澎湃	péng pài	16362	en-eng,ai-ei	1
认购	rèn gòu	16363	en-eng,ao-ou,r-l	1
巷子	xiàng zi	16365	ian-iang,z-zh,j-q-x	1
心甘	xīn gān	16366	in-ing,an-ang,j-q-x	1
一朝	yī zhāo	16368	ao-ou,z-zh	1
右倾	yòu qīng	16369	in-ing,ao-ou,j-q-x	1
中锋	zhōng fēng	16370	en-eng,z-zh,h-f	1
乘胜	chéng shèng	16371	en-eng,c-ch,s-sh	1
单向	dān xiàng	16372	an-ang,ian-iang,j-q-x	1
馆藏	guǎn cáng	16374	an-ang,uan-uang,c-ch	1
海风	hǎi fēng	16375	en-eng,ai-ei,h-f	1
勘测	kān cè	16378	an-ang,c-ch	1
玲珑	líng lóng	16379	in-ing,n-l,r-l	3
米饭	mǐ fàn	16380	an-ang,h-f	1
水管	shuǐ guǎn	16383	uan-uang,s-sh	1
浴场	yù chǎng	16386	an-ang,c-ch	1
大鼓	dà gǔ	16388		1
道口	dào kǒu	16389	ao-ou	1
甘愿	gān yuàn	16391	an-ang,uan-uang	1
管子	guǎn zi	16392	uan-uang,z-zh	1
敬仰	jìng yǎng	16393	in-ing,an-ang,j-q-x	1
窘迫	jiǒng pò	16394	j-q-x	1
民房	mín fáng	16395	in-ing,an-ang,h-f	1
墓碑	mù bēi	16396	ai-ei	1
赔付	péi fù	16398	ai-ei,h-f	1
区间	qū jiān	16399	ian-iang,j-q-x	1
权衡	quán héng	16400	en-eng,uan-uang,h-f,j-q-x	1
赛马	sài mǎ	16401	ai-ei,s-sh	1
哨所	shào suǒ	16402	ao-ou,ua-uo,s-sh	1
盛产	shèng chǎn	16403	en-eng,an-ang,c-ch,s-sh	1
孝子	xiào zǐ	16406	z-zh,j-q-x	1
蓄意	xù yì	16407	j-q-x	1
义理	yì lǐ	16408	n-l,r-l	1
侄子	zhí zi	16409	z-zh	1
撰文	zhuàn wén	16410	en-eng,uan-uang,z-zh	1
阿妈	ā mā	16411		1
保重	bǎo zhòng	16412	ao-ou,z-zh	1
吹牛	chuī niú	16413	c-ch,n-l	1
东汉	dōng hàn	16415	an-ang,h-f	1
分立	fēn lì	16416	en-eng,n-l,h-f,r-l	1
和善	hé shàn	16417	an-ang,s-sh,h-f	1
剪影	jiǎn yǐng	16419	in-ing,ian-iang,j-q-x	1
经办	jīng bàn	16420	in-ing,an-ang,j-q-x	1
巨龙	jù lóng	16421	n-l,r-l,j-q-x	1
凯旋	kǎi xuán	16422	uan-uang,ai-ei,j-q-x	1
穷困	qióng kùn	16424	j-q-x	1
受挫	shòu cuò	16425	ao-ou,ua-uo,c-ch,s-sh	1
头版	tóu bǎn	16426	an-ang,ao-ou	1
阻塞	zǔ sè	16427	z-zh,s-sh	1
变故	biàn gù	16430	ian-iang	1
成见	chéng jiàn	16431	en-eng,ian-iang,c-ch,j-q-x	1
矿长	kuàng cháng	16435	an-ang,uan-uang,c-ch	1
面颊	miàn jiá	16436	ian-iang,ia-ie,j-q-x	1
清退	qīng tuì	16438	in-ing,j-q-x	1
上风	shàng fēng	16439	en-eng,an-ang,s-sh,h-f	1
小脚	xiǎo jiǎo	16441	j-q-x	1
血汗	xuè hàn	16442	an-ang,h-f,j-q-x	1
音调	yīn diào	16443	in-ing	1
硬性	yìng xìng	16444	in-ing,j-q-x	1
育才	yù cái	16445	ai-ei,c-ch	1
咱家	zá jiā	16446	ia-ie,z-zh,j-q-x	1
充裕	chōng yù	16448	c-ch	1
发案	fā àn	16452	an-ang,h-f	1
滚烫	gǔn tàng	16453	an-ang	1
奖杯	jiǎng bēi	16454	ian-iang,ai-ei,j-q-x	1
接壤	jiē rǎng	16455	an-ang,ia-ie,r-l,j-q-x	1
决非	jué fēi	16456	ai-ei,h-f,j-q-x	1
裤裆	kù dāng	16457	an-ang	3
木棍	mù gùn	16459		1
品鉴	pǐn jiàn	16460	in-ing,ian-iang,j-q-x	1
曲目	qǔ mù	16461	j-q-x	1
日头	rì tou	16462	ao-ou,r-l	1
盛况	shèng kuàng	16463	en-eng,uan-uang,s-sh	1
无毒	wú dú	16465		1
在逃	zài táo	16466	ai-ei,ao-ou,z-zh	1
备用	bèi yòng	16467	ai-ei	1
匕首	bǐ shǒu	16468	ao-ou,s-sh	1
钢板	gāng bǎn	16469	an-ang	1
后宫	hòu gōng	16470	ao-ou,h-f	1
江北	jiāng běi	16471	ian-iang,ai-ei,j-q-x	1
念叨	niàn dao	16472	ian-iang,ao-ou,n-l	1
善恶	shàn è	16473	an-ang,s-sh	1
上浮	shàng fú	16474	an-ang,s-sh,h-f	1
睡梦	shuì mèng	16475	en-eng,s-sh	1
霞光	xiá guāng	16477	uan-uang,ia-ie,j-q-x	1
早春	zǎo chūn	16478	ao-ou,z-zh,c-ch	1
转弯	zhuǎn wān	16479	an-ang,uan-uang,z-zh	1
自传	zì zhuàn	16481	uan-uang,z-zh	1
字号	zì hào	16482	ao-ou,z-zh,h-f	1
总站	zǒng zhàn	16483	an-ang,z-zh	1
家底	jiā dǐ	16484	ia-ie,j-q-x	1
坐镇	zuò zhèn	16485	en-eng,ua-uo,z-zh	1
矮小	ǎi xiǎo	16486	ai-ei,j-q-x	1
采写	cǎi xiě	16487	ai-ei,ia-ie,c-ch,j-q-x	1
发笑	fā xiào	16488	h-f,j-q-x	1
帆船	fān chuán	16489	an-ang,uan-uang,c-ch,h-f	1
感化	gǎn huà	16490	an-ang,ua-uo,h-f	1
核发	hé fā	16491	h-f	1
激流	jī liú	16492	n-l,r-l,j-q-x	1
连累	lián lei	16494	ian-iang,ai-ei,n-l,r-l	1
粮农	liáng nóng	16495	ian-iang,n-l,r-l	1
限售	xiàn shòu	16497	ian-iang,ao-ou,s-sh,j-q-x	1
皮箱	pí xiāng	16498	ian-iang,j-q-x	1
婆家	pó jiā	16499	ia-ie,j-q-x	1
青菜	qīng cài	16500	in-ing,ai-ei,c-ch,j-q-x	1
扫兴	sǎo xìng	16501	in-ing,ao-ou,s-sh,j-q-x	1
卫兵	wèi bīng	16502	in-ing,ai-ei	1
五代	wǔ dài	16503	ai-ei	1
武艺	wǔ yì	16504		1
消瘦	xiāo shòu	16505	ao-ou,s-sh,j-q-x	1
行路	xíng lù	16506	in-ing,n-l,r-l,j-q-x	1
选址	xuǎn zhǐ	16507	uan-uang,z-zh,j-q-x	1
音节	yīn jié	16508	in-ing,ia-ie,j-q-x	1
中线	zhōng xiàn	16509	ian-iang,z-zh,j-q-x	1
出气	chū qì	16511	c-ch,j-q-x	1
大褂	dà guà	16512	ua-uo	1
毒蛇	dú shé	16513	s-sh	1
多头	duō tóu	16514	ao-ou,ua-uo	1
复印	fù yìn	16515	in-ing,h-f	1
割断	gē duàn	16516	uan-uang	1
惶惑	huáng huò	16517	uan-uang,ua-uo,h-f	1
考取	kǎo qǔ	16518	ao-ou,j-q-x	1
酷爱	kù ài	16519	ai-ei	1
派员	pài yuán	16520	uan-uang,ai-ei	1
轻柔	qīng róu	16521	in-ing,ao-ou,r-l,j-q-x	1
散会	sàn huì	16522	an-ang,s-sh,h-f	1
渗出	shèn chū	16523	en-eng,c-ch,s-sh	1
时局	shí jú	16524	s-sh,j-q-x	1
相容	xiāng róng	16525	ian-iang,r-l,j-q-x	1
战舰	zhàn jiàn	16526	an-ang,ian-iang,z-zh,j-q-x	1
安抚	ān fǔ	16528	an-ang,h-f	1
必得	bì děi	16529	ai-ei	1
炽热	chì rè	16530	c-ch,r-l	3
渡船	dù chuán	16532	uan-uang,c-ch	1
高发	gāo fā	16534	ao-ou,h-f	1
高扬	gāo yáng	16535	an-ang,ao-ou	1
红润	hóng rùn	16536	h-f,r-l	1
灰暗	huī àn	16537	an-ang,h-f	1
骄人	jiāo rén	16538	en-eng,r-l,j-q-x	1
结业	jié yè	16540	ia-ie,j-q-x	1
肃清	sù qīng	16544	in-ing,s-sh,j-q-x	1
效用	xiào yòng	16545	j-q-x	1
熊猫	xióng māo	16546	ao-ou,j-q-x	1
烟火	yān huǒ	16548	an-ang,ua-uo,h-f	1
英才	yīng cái	16549	in-ing,ai-ei,c-ch	1
鹦鹉	yīng wǔ	16550	in-ing	1
原煤	yuán méi	16551	uan-uang,ai-ei	1
杂费	zá fèi	16552	ai-ei,z-zh,h-f	1
中枢	zhōng shū	16553	z-zh,s-sh	1
猪圈	zhū juàn	16554	uan-uang,z-zh,j-q-x	1
装载	zhuāng zài	16555	uan-uang,ai-ei,z-zh	1
追缴	zhuī jiǎo	16556	z-zh,j-q-x	1
挨饿	ái è	16557	ai-ei	1
八成	bā chéng	16558	en-eng,c-ch	1
保洁	bǎo jié	16559	ao-ou,ia-ie,j-q-x	1
菜肴	cài yáo	16560	ai-ei,ao-ou,c-ch	1
沉稳	chén wěn	16561	en-eng,c-ch	1
低垂	dī chuí	16564	c-ch	1
复员	fù yuán	16565	uan-uang,h-f	1
各样	gè yàng	16566	an-ang	1
攻占	gōng zhàn	16567	an-ang,z-zh	1
罐子	guàn zi	16568	uan-uang,z-zh	1
红线	hóng xiàn	16569	ian-iang,h-f,j-q-x	1
极点	jí diǎn	16570	ian-iang,j-q-x	1
酒馆	jiǔ guǎn	16571	uan-uang,j-q-x	1
蓦然	mò rán	16572	an-ang,r-l	3
泥巴	ní ba	16573	n-l	1
漂泊	piāo bó	16574		1
棋盘	qí pán	16575	an-ang,j-q-x	1
抢注	qiǎng zhù	16576	ian-iang,z-zh,j-q-x	1
杀毒	shā dú	16577	s-sh	1
视窗	shì chuāng	16578	uan-uang,c-ch,s-sh	1
守将	shǒu jiàng	16579	ian-iang,ao-ou,s-sh,j-q-x	1
算法	suàn fǎ	16580	uan-uang,s-sh,h-f	1
提早	tí zǎo	16581	ao-ou,z-zh	1
贴身	tiē shēn	16582	en-eng,ia-ie,s-sh	1
围巾	wéi jīn	16583	in-ing,ai-ei,j-q-x	1
慰藉	wèi jiè	16584	ai-ei,ia-ie,j-q-x	1
星空	xīng kōng	16585	in-ing,j-q-x	1
制宪	zhì xiàn	16586	ian-iang,z-zh,j-q-x	1
并排	bìng pái	16588	in-ing,ai-ei	1
裁员	cái yuán	16589	uan-uang,ai-ei,c-ch	1
附着	fù zhuó	16591	ua-uo,z-zh,h-f	1
感召	gǎn zhào	16592	an-ang,ao-ou,z-zh	1
躬身	gōng shēn	16593	en-eng,s-sh	1
画儿	huà er	16595	ua-uo,h-f	1
交货	jiāo huò	16596	ua-uo,h-f,j-q-x	1
农奴	nóng nú	16598	n-l	1
爬行	pá xíng	16599	in-ing,j-q-x	1
切忌	qiè jì	16600	ia-ie,j-q-x	1
求生	qiú shēng	16601	en-eng,s-sh,j-q-x	1
弹簧	tán huáng	16603	an-ang,uan-uang,h-f	1
天意	tiān yì	16604	ian-iang	1
外甥	wài sheng	16606	en-eng,ai-ei,s-sh	1
物化	wù huà	16607	ua-uo,h-f	1
印花	yìn huā	16608	in-ing,ua-uo,h-f	1
榆树	yú shù	16609	s-sh	1
战果	zhàn guǒ	16610	an-ang,ua-uo,z-zh	1
职守	zhí shǒu	16611	ao-ou,z-zh,s-sh	1
竹竿	zhú gān	16612	an-ang,z-zh	1
走时	zǒu shí	16613	ao-ou,z-zh,s-sh	1
作怪	zuò guài	16614	ua-uo,z-zh	1
抽泣	chōu qì	16615	ao-ou,c-ch,j-q-x	1
初春	chū chūn	16616	c-ch	1
导读	dǎo dú	16617	ao-ou	1
敌视	dí shì	16618	s-sh	1
发卡	fà qiǎ	16619	ia-ie,h-f,j-q-x	1
架势	jià shi	16620	ia-ie,s-sh,j-q-x	1
抗病	kàng bìng	16621	in-ing,an-ang	1
闷热	mēn rè	16622	en-eng,r-l	1
名师	míng shī	16623	in-ing,s-sh	1
偏向	piān xiàng	16624	ian-iang,j-q-x	1
认罪	rèn zuì	16625	en-eng,z-zh,r-l	1
塞外	sài wài	16626	ai-ei,s-sh	1
侍女	shì nǚ	16627	s-sh,n-l	1
衰竭	shuāi jié	16628	ia-ie,s-sh,j-q-x	1
头人	tóu rén	16629	en-eng,ao-ou,r-l	1
文言	wén yán	16630	en-eng,an-ang	1
显赫	xiǎn hè	16631	ian-iang,h-f,j-q-x	1
心酸	xīn suān	16633	in-ing,uan-uang,s-sh,j-q-x	1
异化	yì huà	16634	ua-uo,h-f	1
茁壮	zhuó zhuàng	16636	uan-uang,ua-uo,z-zh	1
财会	cái kuài	16638	ai-ei,c-ch	1
粗犷	cū guǎng	16639	uan-uang,c-ch	3
短裤	duǎn kù	16640	uan-uang	1
儿孙	ér sūn	16641	s-sh	1
格子	gé zi	16642	z-zh	1
惯于	guàn yú	16644	uan-uang	1
戒烟	jiè yān	16646	an-ang,ia-ie,j-q-x	1
空想	kōng xiǎng	16647	ian-iang,j-q-x	1
空缺	kòng quē	16648	j-q-x	1
落选	luò xuǎn	16651	uan-uang,ua-uo,n-l,r-l,j-q-x	1
巍峨	wēi é	16654	ai-ei	1
车友	chē yǒu	16656	ao-ou,c-ch	1
雄心	xióng xīn	16658	in-ing,j-q-x	1
真个	zhēn gè	16659	en-eng,z-zh	1
布鞋	bù xié	16660	ia-ie,j-q-x	1
扯皮	chě pí	16661	c-ch	1
定论	dìng lùn	16662	in-ing,n-l,r-l	1
丢弃	diū qì	16663	j-q-x	1
基点	jī diǎn	16664	ian-iang,j-q-x	1
路网	lù wǎng	16665	an-ang,n-l,r-l	1
片断	piàn duàn	16666	ian-iang,uan-uang	1
没劲	méi jìn	16667	in-ing,ai-ei,j-q-x	1
难言	nán yán	16668	an-ang,n-l	1
酿酒	niàng jiǔ	16669	ian-iang,n-l,j-q-x	1
奴役	nú yì	16670	n-l	1
喷泉	pēn quán	16671	en-eng,uan-uang,j-q-x	1
山峦	shān luán	16672	an-ang,uan-uang,s-sh,n-l,r-l	1
树皮	shù pí	16673	s-sh	1
头子	tóu zi	16675	ao-ou,z-zh	1
微粒	wēi lì	16676	ai-ei,n-l,r-l	1
违禁	wéi jìn	16677	in-ing,ai-ei,j-q-x	1
学人	xué rén	16678	en-eng,r-l,j-q-x	1
政体	zhèng tǐ	16679	en-eng,z-zh	1
犯规	fàn guī	16683	an-ang,h-f	1
荷叶	hé yè	16684	h-f	1
抗诉	kàng sù	16685	an-ang,s-sh	1
拉拢	lā lǒng	16686	n-l,r-l	1
难保	nán bǎo	16688	an-ang,ao-ou,n-l	1
拍板	pāi bǎn	16689	an-ang,ai-ei	1
皮肉	pí ròu	16690	ao-ou,r-l	1
媲美	pì měi	16691	ai-ei	3
绕道	rào dào	16693	ao-ou,r-l	1
入狱	rù yù	16694	r-l	1
铁丝	tiě sī	16695	ia-ie,s-sh	1
投递	tóu dì	16696	ao-ou	1
退货	tuì huò	16697	ua-uo,h-f	1
陷害	xiàn hài	16698	ian-iang,ai-ei,h-f,j-q-x	1
小道	xiǎo dào	16699	ao-ou,j-q-x	1
羞耻	xiū chǐ	16700	c-ch,j-q-x	1
义诊	yì zhěn	16701	en-eng,z-zh	1
植株	zhí zhū	16702	z-zh	1
转运	zhuǎn yùn	16703	uan-uang,z-zh	1
处世	chǔ shì	16704	c-ch,s-sh	1
存亡	cún wáng	16705	an-ang,c-ch	1
地产	dì chǎn	16706	an-ang,c-ch	1
副职	fù zhí	16707	z-zh,h-f	1
褂子	guà zi	16708	ua-uo,z-zh	1
荒原	huāng yuán	16709	uan-uang,h-f	1
火种	huǒ zhǒng	16710	ua-uo,z-zh,h-f	1
近处	jìn chù	16712	in-ing,c-ch,j-q-x	1
刊载	kān zǎi	16713	an-ang,ai-ei,z-zh	1
老友	lǎo yǒu	16714	ao-ou,n-l,r-l	1
脸盆	liǎn pén	16715	en-eng,ian-iang,n-l,r-l	1
临界	lín jiè	16716	in-ing,ia-ie,n-l,r-l,j-q-x	1
凭空	píng kōng	16717	in-ing	1
如故	rú gù	16718	r-l	1
入围	rù wéi	16719	ai-ei,r-l	1
上天	shàng tiān	16720	an-ang,ian-iang,s-sh	1
上文	shàng wén	16721	en-eng,an-ang,s-sh	1
谢意	xiè yì	16724	ia-ie,j-q-x	1
严守	yán shǒu	16725	an-ang,ao-ou,s-sh	1
有气	yǒu qì	16727	ao-ou,j-q-x	1
阻断	zǔ duàn	16728	uan-uang,z-zh	1
病害	bìng hài	16729	in-ing,ai-ei,h-f	1
堵截	dǔ jié	16730	ia-ie,j-q-x	1
端庄	duān zhuāng	16731	uan-uang,z-zh	1
分居	fēn jū	16732	en-eng,h-f,j-q-x	1
交互	jiāo hù	16733	h-f,j-q-x	1
满目	mǎn mù	16734	an-ang	1
懦弱	nuò ruò	16735	ua-uo,n-l,r-l	1
枪炮	qiāng pào	16736	ian-iang,ao-ou,j-q-x	1
清偿	qīng cháng	16737	in-ing,an-ang,c-ch,j-q-x	1
惹人	rě rén	16738	en-eng,r-l	1
热力	rè lì	16739	n-l,r-l	1
散乱	sǎn luàn	16740	an-ang,uan-uang,s-sh,n-l,r-l	1
生疏	shēng shū	16741	en-eng,s-sh	1
听力	tīng lì	16743	in-ing,n-l,r-l	1
隐秘	yǐn mì	16744	in-ing	1
赃款	zāng kuǎn	16745	an-ang,uan-uang,z-zh	1
被害	bèi hài	16746	ai-ei,h-f	1
不配	bù pèi	16747	ai-ei	1
残暴	cán bào	16748	an-ang,ao-ou,c-ch	1
抄袭	chāo xí	16749	ao-ou,c-ch,j-q-x	1
超人	chāo rén	16750	en-eng,ao-ou,c-ch,r-l	1
大田	dà tián	16751	ian-iang	1
端坐	duān zuò	16752	uan-uang,ua-uo,z-zh	1
废纸	fèi zhǐ	16753	ai-ei,z-zh,h-f	1
肌体	jī tǐ	16755	j-q-x	1
激增	jī zēng	16756	en-eng,z-zh,j-q-x	1
教诲	jiào huì	16757	h-f,j-q-x	1
接济	jiē jì	16758	ia-ie,j-q-x	1
冷风	lěng fēng	16759	en-eng,n-l,h-f,r-l	1
遴选	lín xuǎn	16760	in-ing,uan-uang,n-l,r-l,j-q-x	3
贫寒	pín hán	16761	in-ing,an-ang,h-f	1
强攻	qiáng gōng	16762	ian-iang,j-q-x	1
书报	shū bào	16763	ao-ou,s-sh	1
斯文	sī wén	16764	en-eng,s-sh	1
天际	tiān jì	16765	ian-iang,j-q-x	1
吐痰	tǔ tán	16766	an-ang	1
遐想	xiá xiǎng	16767	ian-iang,ia-ie,j-q-x	3
娴熟	xián shú	16768	ian-iang,s-sh,j-q-x	3
寨子	zhài zi	16769	ai-ei,z-zh	1
制动	zhì dòng	16770	z-zh	1
主干	zhǔ gàn	16771	an-ang,z-zh	1
鄙视	bǐ shì	16772	s-sh	1
发文	fā wén	16775	en-eng,h-f	1
勒令	lè lìng	16778	in-ing,n-l,r-l	1
论点	lùn diǎn	16779	ian-iang,n-l,r-l	1
派头	pài tóu	16780	ai-ei,ao-ou	1
墙根	qiáng gēn	16781	en-eng,ian-iang,j-q-x	1
首例	shǒu lì	16784	ao-ou,s-sh,n-l,r-l	1
通缉	tōng jī	16785	j-q-x	1
蟋蟀	xī shuài	16786	s-sh,j-q-x	1
秒杀	miǎo shā	16788	s-sh	1
憎恶	zēng wù	16789	en-eng,z-zh	1
滋养	zī yǎng	16790	an-ang,z-zh	1
自责	zì zé	16791	z-zh	1
百般	bǎi bān	16792	an-ang,ai-ei	1
控球	kòng qiú	16793	j-q-x	1
惨遭	cǎn zāo	16794	an-ang,ao-ou,z-zh,c-ch	1
导体	dǎo tǐ	16795	ao-ou	1
叫卖	jiào mài	16796	ai-ei,j-q-x	1
利索	lì suo	16797	ua-uo,s-sh,n-l,r-l	1
林海	lín hǎi	16798	in-ing,ai-ei,n-l,h-f,r-l	1
论调	lùn diào	16799	n-l,r-l	1
目送	mù sòng	16800	s-sh	1
婆娘	pó niáng	16802	ian-iang,n-l	1
劝解	quàn jiě	16803	uan-uang,ia-ie,j-q-x	1
热诚	rè chéng	16804	en-eng,c-ch,r-l	1
神学	shén xué	16805	en-eng,s-sh,j-q-x	1
死地	sǐ dì	16808	s-sh	1
同仁	tóng rén	16809	en-eng,r-l	1
卫队	wèi duì	16810	ai-ei	1
橡皮	xiàng pí	16811	ian-iang,j-q-x	1
遥控	yáo kòng	16812	ao-ou	1
暂住	zàn zhù	16813	an-ang,z-zh	1
皱眉	zhòu méi	16814	ai-ei,ao-ou,z-zh	1
部族	bù zú	16816	z-zh	1
财主	cái zhu	16817	ai-ei,z-zh,c-ch	1
采煤	cǎi méi	16818	ai-ei,c-ch	1
斧子	fǔ zi	16820	z-zh,h-f	1
附有	fù yǒu	16821	ao-ou,h-f	1
高炉	gāo lú	16822	ao-ou,n-l,r-l	1
供暖	gōng nuǎn	16823	uan-uang,n-l	1
画廊	huà láng	16824	an-ang,ua-uo,n-l,h-f,r-l	1
灰心	huī xīn	16826	in-ing,h-f,j-q-x	1
揭牌	jiē pái	16827	ai-ei,ia-ie,j-q-x	1
结交	jié jiāo	16828	ia-ie,j-q-x	1
开馆	kāi guǎn	16829	uan-uang,ai-ei	1
劳苦	láo kǔ	16830	ao-ou,n-l,r-l	1
灵性	líng xìng	16832	in-ing,n-l,r-l,j-q-x	1
轮番	lún fān	16833	an-ang,n-l,h-f,r-l	1
片段	piàn duàn	16834	ian-iang,uan-uang	1
谦逊	qiān xùn	16835	ian-iang,j-q-x	1
胜出	shèng chū	16836	en-eng,c-ch,s-sh	1
食宿	shí sù	16837	s-sh	1
受难	shòu nàn	16838	an-ang,ao-ou,s-sh,n-l	1
死守	sǐ shǒu	16839	ao-ou,s-sh	1
稀奇	xī qí	16841	j-q-x	1
翔实	xiáng shí	16842	ian-iang,s-sh,j-q-x	1
小巧	xiǎo qiǎo	16843	j-q-x	1
增援	zēng yuán	16844	en-eng,uan-uang,z-zh	1
周济	zhōu jì	16845	ao-ou,z-zh,j-q-x	1
装车	zhuāng chē	16846	uan-uang,z-zh,c-ch	1
装潢	zhuāng huáng	16847	uan-uang,z-zh,h-f	3
标榜	biāo bǎng	16849	an-ang	1
赤潮	chì cháo	16851	ao-ou,c-ch	1
动笔	dòng bǐ	16853		1
飞驰	fēi chí	16854	ai-ei,c-ch,h-f	1
领地	lǐng dì	16856	in-ing,n-l,r-l	1
露水	lù shui	16857	s-sh,n-l,r-l	1
能动	néng dòng	16858	en-eng,n-l	1
牛皮	niú pí	16859	n-l	1
剖面	pōu miàn	16860	ian-iang,ao-ou	1
前额	qián é	16861	ian-iang,j-q-x	1
外销	wài xiāo	16862	ai-ei,j-q-x	1
小费	xiǎo fèi	16863	ai-ei,h-f,j-q-x	1
野猪	yě zhū	16865	z-zh	1
置疑	zhì yí	16866	z-zh	1
便衣	biàn yī	16867	ian-iang	1
错觉	cuò jué	16868	ua-uo,c-ch,j-q-x	1
翰林	hàn lín	16870	in-ing,an-ang,n-l,h-f,r-l	1
焦躁	jiāo zào	16871	ao-ou,z-zh,j-q-x	1
近郊	jìn jiāo	16872	in-ing,j-q-x	1
冷门	lěng mén	16874	en-eng,n-l,r-l	1
明令	míng lìng	16877	in-ing,n-l,r-l	1
同业	tóng yè	16878		1
文稿	wén gǎo	16879	en-eng,ao-ou	1
舞姿	wǔ zī	16880	z-zh	1
展销	zhǎn xiāo	16882	an-ang,z-zh,j-q-x	1
抽样	chōu yàng	16885	an-ang,ao-ou,c-ch	1
初冬	chū dōng	16887	c-ch	1
粗大	cū dà	16888	c-ch	1
干校	gàn xiào	16889	an-ang,j-q-x	1
刚性	gāng xìng	16890	in-ing,an-ang,j-q-x	1
火锅	huǒ guō	16891	ua-uo,h-f	1
敬畏	jìng wèi	16892	in-ing,ai-ei,j-q-x	1
静谧	jìng mì	16893	in-ing,j-q-x	3
来年	lái nián	16895	ian-iang,ai-ei,n-l,r-l	1
迷茫	mí máng	16896	an-ang	1
密谋	mì móu	16897	ao-ou	1
盘问	pán wèn	16898	en-eng,an-ang	1
取笑	qǔ xiào	16899	j-q-x	1
认错	rèn cuò	16900	en-eng,ua-uo,c-ch,r-l	1
回望	huí wàng	16901	an-ang,h-f	1
素来	sù lái	16902	ai-ei,s-sh,n-l,r-l	1
素描	sù miáo	16903	s-sh	1
掩埋	yǎn mái	16904	an-ang,ai-ei	1
约会	yuē huì	16906	h-f	1
真人	zhēn rén	16907	en-eng,z-zh,r-l	1
边关	biān guān	16908	ian-iang,uan-uang	1
寻租	xún zū	16909	z-zh,j-q-x	1
车身	chē shēn	16910	en-eng,c-ch,s-sh	1
分列	fēn liè	16911	en-eng,ia-ie,n-l,h-f,r-l	1
富足	fù zú	16912	z-zh,h-f	1
过道	guò dào	16914	ao-ou,ua-uo	1
伎俩	jì liǎng	16916	ian-iang,n-l,r-l,j-q-x	3
讲师	jiǎng shī	16917	ian-iang,s-sh,j-q-x	1
口令	kǒu lìng	16918	in-ing,ao-ou,n-l,r-l	1
陆路	lù lù	16919	n-l,r-l	1
门板	mén bǎn	16920	en-eng,an-ang	1
木屋	mù wū	16921		1
牧业	mù yè	16922		1
僻静	pì jìng	16923	in-ing,j-q-x	1
删除	shān chú	16924	an-ang,c-ch,s-sh	1
双星	shuāng xīng	16925	in-ing,uan-uang,s-sh,j-q-x	1
天敌	tiān dí	16926	ian-iang	1
通宵	tōng xiāo	16927	j-q-x	1
涂抹	tú mǒ	16928		1
网址	wǎng zhǐ	16929	an-ang,z-zh	1
相逢	xiāng féng	16930	en-eng,ian-iang,h-f,j-q-x	1
星火	xīng huǒ	16931	in-ing,ua-uo,h-f,j-q-x	1
学年	xué nián	16932	ian-iang,n-l,j-q-x	1
伊人	yī rén	16933	en-eng,r-l	1
主教	zhǔ jiào	16934	z-zh,j-q-x	1
坠入	zhuì rù	16935	z-zh,r-l	1
大餐	dà cān	16936	an-ang,c-ch	1
驴友	lǘ yǒu	16938	ao-ou,n-l,r-l	1
动词	dòng cí	16939	c-ch	1
交汇	jiāo huì	16940	h-f,j-q-x	1
可汗	kè hán	16941	an-ang,h-f	1
冒烟	mào yān	16942	an-ang,ao-ou	1
母爱	mǔ ài	16943	ai-ei	1
勤于	qín yú	16945	in-ing,j-q-x	1
燃放	rán fàng	16946	an-ang,h-f,r-l	1
食欲	shí yù	16947	s-sh	1
受聘	shòu pìn	16948	in-ing,ao-ou,s-sh	1
竖立	shù lì	16949	s-sh,n-l,r-l	1
跳板	tiào bǎn	16950	an-ang	1
王公	wáng gōng	16951	an-ang	1
卫视	wèi shì	16952	ai-ei,s-sh	1
佣人	yōng rén	16953	en-eng,r-l	1
元朝	yuán cháo	16954	uan-uang,ao-ou,c-ch	1
终将	zhōng jiāng	16955	ian-iang,z-zh,j-q-x	1
字体	zì tǐ	16956	z-zh	1
北国	běi guó	16957	ai-ei,ua-uo	1
不拘	bù jū	16958	j-q-x	1
不治	bù zhì	16959	z-zh	1
财源	cái yuán	16960	uan-uang,ai-ei,c-ch	1
臭气	chòu qì	16961	ao-ou,c-ch,j-q-x	1
处女	chǔ nǚ	16962	c-ch,n-l	1
看管	kān guǎn	16966	an-ang,uan-uang	1
理赔	lǐ péi	16967	ai-ei,n-l,r-l	1
亲昵	qīn nì	16968	in-ing,n-l,j-q-x	3
蜻蜓	qīng tíng	16969	in-ing,j-q-x	1
调停	tiáo tíng	16971	in-ing	1
无味	wú wèi	16972	ai-ei	1
信纸	xìn zhǐ	16973	in-ing,z-zh,j-q-x	1
转悠	zhuàn you	16975	uan-uang,ao-ou,z-zh	1
爆满	bào mǎn	16976	an-ang,ao-ou	1
旅程	lǚ chéng	16978	en-eng,c-ch,n-l,r-l	1
牦牛	máo niú	16979	ao-ou,n-l	3
强健	qiáng jiàn	16980	ian-iang,j-q-x	1
撒娇	sā jiāo	16981	s-sh,j-q-x	1
上吊	shàng diào	16982	an-ang,s-sh	1
无阻	wú zǔ	16985	z-zh	1
报批	bào pī	16987	ao-ou	1
北面	běi miàn	16988	ian-iang,ai-ei	1
惨白	cǎn bái	16989	an-ang,ai-ei,c-ch	1
喳喳	chā chā	16990	c-ch	1
冲刷	chōng shuā	16991	ua-uo,c-ch,s-sh	1
出庭	chū tíng	16992	in-ing,c-ch	1
恍然	huǎng rán	16993	an-ang,uan-uang,h-f,r-l	1
积聚	jī jù	16994	j-q-x	1
南国	nán guó	16996	an-ang,ua-uo,n-l	1
彷徨	páng huáng	16997	an-ang,uan-uang,h-f	2
墙头	qiáng tóu	16998	ian-iang,ao-ou,j-q-x	1
轻信	qīng xìn	16999	in-ing,j-q-x	1
去路	qù lù	17000	n-l,r-l,j-q-x	1
市面	shì miàn	17002	ian-iang,s-sh	1
适量	shì liàng	17003	ian-iang,s-sh,n-l,r-l	1
舒心	shū xīn	17004	in-ing,s-sh,j-q-x	1
闲人	xián rén	17005	en-eng,ian-iang,r-l,j-q-x	1
小腿	xiǎo tuǐ	17006	j-q-x	1
盐酸	yán suān	17007	an-ang,uan-uang,s-sh	1
衣冠	yī guān	17008	uan-uang	1
游说	yóu shuì	17009	ao-ou,s-sh	1
鱼塘	yú táng	17010	an-ang	1
原作	yuán zuò	17011	uan-uang,ua-uo,z-zh	1
质优	zhì yōu	17012	ao-ou,z-zh	1
桎梏	zhì gù	17013	z-zh	2
主页	zhǔ yè	17014	z-zh	1
著述	zhù shù	17015	z-zh,s-sh	1
茶楼	chá lóu	17017	ao-ou,c-ch,n-l,r-l	1
低落	dī luò	17018	ua-uo,n-l,r-l	1
方能	fāng néng	17019	en-eng,an-ang,n-l,h-f	1
赶集	gǎn jí	17020	an-ang,j-q-x	1
更迭	gēng dié	17021	en-eng,ia-ie	1
公害	gōng hài	17022	ai-ei,h-f	1
豪爽	háo shuǎng	17023	uan-uang,ao-ou,s-sh,h-f	1
华山	huá shān	17025	an-ang,ua-uo,s-sh,h-f	1
接通	jiē tōng	17026	ia-ie,j-q-x	1
军品	jūn pǐn	17027	in-ing,j-q-x	1
梨园	lí yuán	17028	uan-uang,n-l,r-l	1
赔款	péi kuǎn	17030	uan-uang,ai-ei	1
皮球	pí qiú	17031	j-q-x	1
日照	rì zhào	17032	ao-ou,z-zh,r-l	1
天国	tiān guó	17034	ian-iang,ua-uo	1
相助	xiāng zhù	17035	ian-iang,z-zh,j-q-x	1
笑语	xiào yǔ	17036	j-q-x	1
寻访	xún fǎng	17037	an-ang,h-f,j-q-x	1
洋车	yáng chē	17038	an-ang,c-ch	1
养人	yǎng rén	17039	en-eng,an-ang,r-l	1
罂粟	yīng sù	17040	in-ing,s-sh	3
玉兰	yù lán	17041	an-ang,n-l,r-l	1
草鞋	cǎo xié	17045	ao-ou,ia-ie,c-ch,j-q-x	1
大展	dà zhǎn	17046	an-ang,z-zh	1
道谢	dào xiè	17047	ao-ou,ia-ie,j-q-x	1
东宫	dōng gōng	17048		1
发售	fā shòu	17049	ao-ou,s-sh,h-f	1
根系	gēn xì	17051	en-eng,j-q-x	1
棺木	guān mù	17052	uan-uang	1
化装	huà zhuāng	17054	uan-uang,ua-uo,z-zh,h-f	1
愿景	yuàn jǐng	17055	in-ing,uan-uang,j-q-x	1
结伴	jié bàn	17056	an-ang,ia-ie,j-q-x	1
科举	kē jǔ	17057	j-q-x	1
灵巧	líng qiǎo	17058	in-ing,n-l,r-l,j-q-x	1
录制	lù zhì	17059	z-zh,n-l,r-l	1
落马	luò mǎ	17060	ua-uo,n-l,r-l	1
水渠	shuǐ qú	17061	s-sh,j-q-x	1
五色	wǔ sè	17062	s-sh	1
衍生	yǎn shēng	17063	en-eng,an-ang,s-sh	1
怎奈	zěn nài	17064	en-eng,ai-ei,z-zh,n-l	1
正宗	zhèng zōng	17065	en-eng,z-zh	1
忠告	zhōng gào	17066	ao-ou,z-zh	1
百倍	bǎi bèi	17067	ai-ei	1
茶园	chá yuán	17068	uan-uang,c-ch	1
从军	cóng jūn	17070	c-ch,j-q-x	1
丢脸	diū liǎn	17071	ian-iang,n-l,r-l	1
多谢	duō xiè	17072	ia-ie,ua-uo,j-q-x	1
法师	fǎ shī	17073	s-sh,h-f	1
分得	fēn dé	17074	en-eng,h-f	1
今人	jīn rén	17077	en-eng,in-ing,r-l,j-q-x	1
姥爷	lǎo ye	17078	ao-ou,n-l,r-l	1
袅袅	niǎo niǎo	17079	n-l	2
蹒跚	pán shān	17080	an-ang,s-sh	2
散装	sǎn zhuāng	17081	an-ang,uan-uang,z-zh,s-sh	1
天王	tiān wáng	17083	an-ang,ian-iang	1
相联	xiāng lián	17084	ian-iang,n-l,r-l,j-q-x	1
颜料	yán liào	17085	an-ang,n-l,r-l	1
杂粮	zá liáng	17087	ian-iang,z-zh,n-l,r-l	1
征询	zhēng xún	17088	en-eng,z-zh,j-q-x	1
俄语	é yǔ	17091		1
故而	gù ér	17092		1
憨厚	hān hòu	17093	an-ang,ao-ou,h-f	1
火红	huǒ hóng	17094	ua-uo,h-f	1
慨叹	kǎi tàn	17095	an-ang,ai-ei	1
联姻	lián yīn	17096	in-ing,ian-iang,n-l,r-l	1
零点	líng diǎn	17097	in-ing,ian-iang,n-l,r-l	1
皮毛	pí máo	17099	ao-ou	1
抢夺	qiǎng duó	17100	ian-iang,ua-uo,j-q-x	1
收效	shōu xiào	17101	ao-ou,s-sh,j-q-x	1
武官	wǔ guān	17102	uan-uang	1
凶恶	xiōng è	17104	j-q-x	1
用餐	yòng cān	17105	an-ang,c-ch	1
淳朴	chún pǔ	17107	c-ch	1
古文	gǔ wén	17109	en-eng	1
记号	jì hao	17110	ao-ou,h-f,j-q-x	1
荆棘	jīng jí	17111	in-ing,j-q-x	1
拘谨	jū jǐn	17112	in-ing,j-q-x	1
魔力	mó lì	17114	n-l,r-l	1
声息	shēng xī	17115	en-eng,s-sh,j-q-x	1
树丛	shù cóng	17116	c-ch,s-sh	1
探头	tàn tóu	17117	an-ang,ao-ou	1
须要	xū yào	17119	ao-ou,j-q-x	1
增殖	zēng zhí	17121	en-eng,z-zh	1
政风	zhèng fēng	17122	en-eng,z-zh,h-f	1
本息	běn xī	17123	en-eng,j-q-x	1
常数	cháng shù	17124	an-ang,c-ch,s-sh	1
炊烟	chuī yān	17125	an-ang,c-ch	1
店员	diàn yuán	17126	ian-iang,uan-uang	1
高程	gāo chéng	17128	en-eng,ao-ou,c-ch	1
隔膜	gé mó	17129		1
活该	huó gāi	17133	ai-ei,ua-uo,h-f	1
即兴	jí xìng	17134	in-ing,j-q-x	1
老农	lǎo nóng	17136	ao-ou,n-l,r-l	1
扫黄	sǎo huáng	17137	uan-uang,ao-ou,s-sh,h-f	1
扫盲	sǎo máng	17138	an-ang,ao-ou,s-sh	1
提成	tí chéng	17139	en-eng,c-ch	1
围城	wéi chéng	17140	en-eng,ai-ei,c-ch	1
喜鹊	xǐ què	17141	j-q-x	1
辛劳	xīn láo	17142	in-ing,ao-ou,n-l,r-l,j-q-x	1
愈发	yù fā	17144	h-f	1
元宵	yuán xiāo	17145	uan-uang,j-q-x	1
总政	zǒng zhèng	17147	en-eng,z-zh	1
半路	bàn lù	17148	an-ang,n-l,r-l	1
弊病	bì bìng	17149	in-ing	1
搭讪	dā shàn	17150	an-ang,s-sh	3
电文	diàn wén	17151	en-eng,ian-iang	1
国学	guó xué	17152	ua-uo,j-q-x	1
教条	jiào tiáo	17153	j-q-x	1
弄堂	lòng táng	17155	an-ang,n-l,r-l	1
满心	mǎn xīn	17156	in-ing,an-ang,j-q-x	1
忙乱	máng luàn	17157	an-ang,uan-uang,n-l,r-l	1
评级	píng jí	17158	in-ing,j-q-x	1
请愿	qǐng yuàn	17159	in-ing,uan-uang,j-q-x	1
入室	rù shì	17160	s-sh,r-l	1
升旗	shēng qí	17161	en-eng,s-sh,j-q-x	1
提纲	tí gāng	17162	an-ang	1
新月	xīn yuè	17164	in-ing,j-q-x	1
炸毁	zhà huǐ	17165	z-zh,h-f	1
白眼	bái yǎn	17167	an-ang,ai-ei	1
变法	biàn fǎ	17168	ian-iang,h-f	1
藏匿	cáng nì	17169	an-ang,c-ch,n-l	1
成像	chéng xiàng	17170	en-eng,ian-iang,c-ch,j-q-x	1
抽取	chōu qǔ	17171	ao-ou,c-ch,j-q-x	1
耷拉	dā la	17172	n-l,r-l	3
典故	diǎn gù	17173	ian-iang	1
发红	fā hóng	17175	h-f	1
滑冰	huá bīng	17176	in-ing,ua-uo,h-f	1
欢腾	huān téng	17177	en-eng,uan-uang,h-f	1
开路	kāi lù	17178	ai-ei,n-l,r-l	1
茅草	máo cǎo	17179	ao-ou,c-ch	1
权责	quán zé	17180	uan-uang,z-zh,j-q-x	1
散射	sǎn shè	17181	an-ang,s-sh	1
手铐	shǒu kào	17182	ao-ou,s-sh	1
衰弱	shuāi ruò	17183	ua-uo,s-sh,r-l	1
引种	yǐn zhǒng	17185	in-ing,z-zh	1
原籍	yuán jí	17186	uan-uang,j-q-x	1
自负	zì fù	17189	z-zh,h-f	1
白日	bái rì	17190	ai-ei,r-l	1
常设	cháng shè	17191	an-ang,c-ch,s-sh	1
传人	chuán rén	17192	en-eng,uan-uang,c-ch,r-l	1
繁杂	fán zá	17194	an-ang,z-zh,h-f	1
鼓噪	gǔ zào	17195	ao-ou,z-zh	1
化纤	huà xiān	17196	ian-iang,ua-uo,h-f,j-q-x	1
会费	huì fèi	17197	ai-ei,h-f	1
就地	jiù dì	17198	j-q-x	1
联袂	lián mèi	17200	ian-iang,ai-ei,n-l,r-l	3
淋漓	lín lí	17201	in-ing,n-l,r-l	1
男儿	nán ér	17203	an-ang,n-l	1
扭动	niǔ dòng	17204	n-l	1
热浪	rè làng	17206	an-ang,n-l,r-l	1
盛名	shèng míng	17207	en-eng,in-ing,s-sh	1
盛赞	shèng zàn	17208	en-eng,an-ang,z-zh,s-sh	1
提现	tí xiàn	17210	ian-iang,j-q-x	1
梯子	tī zi	17211	z-zh	1
投稿	tóu gǎo	17212	ao-ou	1
小菜	xiǎo cài	17214	ai-ei,c-ch,j-q-x	1
义气	yì qi	17215	j-q-x	1
藻类	zǎo lèi	17216	ai-ei,ao-ou,z-zh,n-l,r-l	1
诏书	zhào shū	17217	ao-ou,z-zh,s-sh	3
正版	zhèng bǎn	17218	en-eng,an-ang,z-zh	1
段落	duàn luò	17219	uan-uang,ua-uo,n-l,r-l	1
放屁	fàng pì	17220	an-ang,h-f	1
坟地	fén dì	17221	en-eng,h-f	1
概论	gài lùn	17222	ai-ei,n-l,r-l	1
公立	gōng lì	17224	n-l,r-l	1
厚实	hòu shi	17225	ao-ou,s-sh,h-f	1
混双	hùn shuāng	17226	uan-uang,s-sh,h-f	1
空手	kōng shǒu	17228	ao-ou,s-sh	1
老外	lǎo wài	17229	ai-ei,ao-ou,n-l,r-l	1
离别	lí bié	17231	ia-ie,n-l,r-l	1
粮仓	liáng cāng	17232	an-ang,ian-iang,c-ch,n-l,r-l	1
刹车	shā chē	17233	c-ch,s-sh	1
下地	xià dì	17236	ia-ie,j-q-x	1
荧光	yíng guāng	17238	in-ing,uan-uang	1
珍宝	zhēn bǎo	17239	en-eng,ao-ou,z-zh	1
自给	zì jǐ	17240	z-zh,j-q-x	1
蝉联	chán lián	17241	an-ang,ian-iang,c-ch,n-l,r-l	1
烦闷	fán mèn	17243	en-eng,an-ang,h-f	1
沟壑	gōu hè	17244	ao-ou,h-f	3
孤岛	gū dǎo	17245	ao-ou	1
好过	hǎo guò	17247	ao-ou,ua-uo,h-f	1
坏蛋	huài dàn	17248	an-ang,h-f	1
金刚	jīn gāng	17249	in-ing,an-ang,j-q-x	1
精深	jīng shēn	17250	en-eng,in-ing,s-sh,j-q-x	1
料想	liào xiǎng	17251	ian-iang,n-l,r-l,j-q-x	1
眉目	méi mu	17252	ai-ei	1
木料	mù liào	17253	n-l,r-l	1
暖流	nuǎn liú	17254	uan-uang,n-l,r-l	1
破绽	pò zhàn	17255	an-ang,z-zh	1
颂扬	sòng yáng	17257	an-ang,s-sh	1
酸雨	suān yǔ	17258	uan-uang,s-sh	1
调侃	tiáo kǎn	17260	an-ang	3
武侠	wǔ xiá	17262	ia-ie,j-q-x	1
吸入	xī rù	17263	r-l,j-q-x	1
永生	yǒng shēng	17264	en-eng,s-sh	1
月薪	yuè xīn	17266	in-ing,j-q-x	1
越加	yuè jiā	17267	ia-ie,j-q-x	1
再者	zài zhě	17268	ai-ei,z-zh	1
专卖	zhuān mài	17269	uan-uang,ai-ei,z-zh	1
备耕	bèi gēng	17272	en-eng,ai-ei	1
哺育	bǔ yù	17274		1
成全	chéng quán	17275	en-eng,uan-uang,c-ch,j-q-x	1
揣摩	chuǎi mó	17276	c-ch	1
堤坝	dī bà	17277		1
古书	gǔ shū	17279	s-sh	1
海豚	hǎi tún	17281	ai-ei,h-f	1
回话	huí huà	17283	ua-uo,h-f	1
猎人	liè rén	17284	en-eng,ia-ie,n-l,r-l	1
情欲	qíng yù	17285	in-ing,j-q-x	1
弱小	ruò xiǎo	17286	ua-uo,r-l,j-q-x	1
世道	shì dào	17287	ao-ou,s-sh	1
险胜	xiǎn shèng	17288	en-eng,ian-iang,s-sh,j-q-x	1
游园	yóu yuán	17289	uan-uang,ao-ou	1
稚嫩	zhì nèn	17290	en-eng,z-zh,n-l	1
重奖	zhòng jiǎng	17291	ian-iang,z-zh,j-q-x	1
北纬	běi wěi	17292	ai-ei	1
布告	bù gào	17293	ao-ou	1
惩戒	chéng jiè	17294	en-eng,ia-ie,c-ch,j-q-x	1
触角	chù jiǎo	17295	c-ch,j-q-x	1
捷报	jié bào	17298	ao-ou,ia-ie,j-q-x	1
精锐	jīng ruì	17299	in-ing,r-l,j-q-x	1
军车	jūn chē	17300	c-ch,j-q-x	1
客源	kè yuán	17302	uan-uang	1
柔弱	róu ruò	17304	ao-ou,ua-uo,r-l	1
痛楚	tòng chǔ	17306	c-ch	1
退却	tuì què	17307	j-q-x	1
文雅	wén yǎ	17308	en-eng	1
务农	wù nóng	17309	n-l	1
咸菜	xián cài	17310	ian-iang,ai-ei,c-ch,j-q-x	1
香火	xiāng huǒ	17311	ian-iang,ua-uo,h-f,j-q-x	1
议席	yì xí	17312	j-q-x	1
幼苗	yòu miáo	17313	ao-ou	1
缘由	yuán yóu	17314	uan-uang,ao-ou	1
照看	zhào kàn	17315	an-ang,ao-ou,z-zh	1
执导	zhí dǎo	17316	ao-ou,z-zh	1
斥责	chì zé	17317	z-zh,c-ch	1
打骂	dǎ mà	17318		1
传教	chuán jiào	17319	uan-uang,c-ch,j-q-x	1
愤恨	fèn hèn	17321	en-eng,h-f	1
光华	guāng huá	17322	uan-uang,ua-uo,h-f	1
核销	hé xiāo	17323	h-f,j-q-x	1
空心	kōng xīn	17324	in-ing,j-q-x	1
强手	qiáng shǒu	17325	ian-iang,ao-ou,s-sh,j-q-x	1
说情	shuō qíng	17326	in-ing,ua-uo,s-sh,j-q-x	1
私事	sī shì	17327	s-sh	1
性感	xìng gǎn	17329	in-ing,an-ang,j-q-x	1
严查	yán chá	17330	an-ang,c-ch	1
要道	yào dào	17331	ao-ou	1
懊恼	ào nǎo	17333	ao-ou,n-l	1
霸王	bà wáng	17334	an-ang	1
板子	bǎn zi	17335	an-ang,z-zh	1
菜单	cài dān	17336	an-ang,ai-ei,c-ch	1
长于	cháng yú	17337	an-ang,c-ch	1
吃食	chī shi	17338	c-ch,s-sh	1
凑近	còu jìn	17340	in-ing,ao-ou,c-ch,j-q-x	1
党团	dǎng tuán	17341	an-ang,uan-uang	1
顶风	dǐng fēng	17343	en-eng,in-ing,h-f	1
凡人	fán rén	17344	en-eng,an-ang,h-f,r-l	1
浮雕	fú diāo	17345	h-f	1
俯视	fǔ shì	17346	s-sh,h-f	1
归案	guī àn	17347	an-ang	1
去向	qù xiàng	17348	ian-iang,j-q-x	1
缺席	quē xí	17349	j-q-x	1
施压	shī yā	17350	s-sh	1
诉苦	sù kǔ	17351	s-sh	1
头巾	tóu jīn	17352	in-ing,ao-ou,j-q-x	1
文笔	wén bǐ	17353	en-eng	1
无害	wú hài	17354	ai-ei,h-f	1
蓄积	xù jī	17355	j-q-x	1
暧昧	ài mèi	17356	ai-ei	3
报应	bào yìng	17357	in-ing,ao-ou	1
定制	dìng zhì	17358	in-ing,z-zh	1
发白	fā bái	17359	ai-ei,h-f	1
割裂	gē liè	17360	ia-ie,n-l,r-l	1
勾引	gōu yǐn	17361	in-ing,ao-ou	1
过敏	guò mǐn	17362	in-ing,ua-uo	1
合算	hé suàn	17363	uan-uang,s-sh,h-f	1
红晕	hóng yùn	17364	h-f	1
免受	miǎn shòu	17365	ian-iang,ao-ou,s-sh	1
拼音	pīn yīn	17366	in-ing	1
前言	qián yán	17368	an-ang,ian-iang,j-q-x	1
探视	tàn shì	17369	an-ang,s-sh	1
偷看	tōu kàn	17370	an-ang,ao-ou	1
窝棚	wō peng	17371	en-eng	1
营区	yíng qū	17373	in-ing,j-q-x	1
预想	yù xiǎng	17374	ian-iang,j-q-x	1
执拗	zhí niù	17375	z-zh,n-l	1
总装	zǒng zhuāng	17376	uan-uang,z-zh	1
闭会	bì huì	17377	h-f	1
变卖	biàn mài	17378	ian-iang,ai-ei	1
烽火	fēng huǒ	17380	en-eng,ua-uo,h-f	3
感官	gǎn guān	17381	an-ang,uan-uang	1
哈达	hǎ dá	17382	h-f	1
怀旧	huái jiù	17384	h-f,j-q-x	1
佳话	jiā huà	17385	ia-ie,ua-uo,h-f,j-q-x	1
枯萎	kū wěi	17386	ai-ei	1
利弊	lì bì	17387	n-l,r-l	1
闹剧	nào jù	17388	ao-ou,n-l,j-q-x	1
平添	píng tiān	17389	in-ing,ian-iang	1
琐事	suǒ shì	17390	ua-uo,s-sh	1
行踪	xíng zōng	17392	in-ing,z-zh,j-q-x	1
虚名	xū míng	17393	in-ing,j-q-x	1
液态	yè tài	17394	ai-ei	1
衣袖	yī xiù	17395	j-q-x	1
樱花	yīng huā	17396	in-ing,ua-uo,h-f	1
中水	zhōng shuǐ	17397	z-zh,s-sh	1
滋长	zī zhǎng	17398	an-ang,z-zh	1
比作	bǐ zuò	17399	ua-uo,z-zh	1
并入	bìng rù	17400	in-ing,r-l	1
顶峰	dǐng fēng	17403	en-eng,in-ing,h-f	1
定罪	dìng zuì	17404	in-ing,z-zh	1
多日	duō rì	17405	ua-uo,r-l	1
封存	fēng cún	17407	en-eng,c-ch,h-f	1
黄豆	huáng dòu	17409	uan-uang,ao-ou,h-f	1
老练	lǎo liàn	17411	ian-iang,ao-ou,n-l,r-l	1
名流	míng liú	17412	in-ing,n-l,r-l	1
喷发	pēn fā	17414	en-eng,h-f	1
取舍	qǔ shě	17415	s-sh,j-q-x	1
声讨	shēng tǎo	17417	en-eng,ao-ou,s-sh	1
头像	tóu xiàng	17418	ian-iang,ao-ou,j-q-x	1
习气	xí qì	17419	j-q-x	1
消沉	xiāo chén	17420	en-eng,c-ch,j-q-x	1
逊色	xùn sè	17421	s-sh,j-q-x	1
暂缓	zàn huǎn	17422	an-ang,uan-uang,z-zh,h-f	1
长势	zhǎng shì	17423	an-ang,z-zh,s-sh	1
照办	zhào bàn	17424	an-ang,ao-ou,z-zh	1
安葬	ān zàng	17427	an-ang,z-zh	1
不菲	bù fěi	17428	ai-ei,h-f	1
偿付	cháng fù	17429	an-ang,c-ch,h-f	1
绸缪	chóu móu	17430	ao-ou,c-ch	3
贺卡	hè kǎ	17431	h-f	1
会意	huì yì	17432	h-f	1
急迫	jí pò	17433	j-q-x	1
教官	jiào guān	17435	uan-uang,j-q-x	1
眷属	juàn shǔ	17436	uan-uang,s-sh,j-q-x	1
郎中	láng zhōng	17437	an-ang,z-zh,n-l,r-l	1
练就	liàn jiù	17438	ian-iang,n-l,r-l,j-q-x	1
谬论	miù lùn	17439	n-l,r-l	1
迁就	qiān jiù	17441	ian-iang,j-q-x	1
切磋	qiē cuō	17442	ia-ie,ua-uo,c-ch,j-q-x	3
情侣	qíng lǚ	17443	in-ing,n-l,r-l,j-q-x	1
深为	shēn wéi	17444	en-eng,ai-ei,s-sh	1
渗入	shèn rù	17445	en-eng,s-sh,r-l	1
树梢	shù shāo	17446	ao-ou,s-sh	1
提包	tí bāo	17448	ao-ou	1
歪风	wāi fēng	17449	en-eng,ai-ei,h-f	1
直率	zhí shuài	17451	z-zh,s-sh	1
筑路	zhù lù	17453	z-zh,n-l,r-l	1
白杨	bái yáng	17454	an-ang,ai-ei	1
不测	bù cè	17456	c-ch	1
残缺	cán quē	17457	an-ang,c-ch,j-q-x	1
茶座	chá zuò	17458	ua-uo,z-zh,c-ch	1
成事	chéng shì	17459	en-eng,c-ch,s-sh	1
缔造	dì zào	17460	ao-ou,z-zh	1
碉堡	diāo bǎo	17461	ao-ou	3
对视	duì shì	17462	s-sh	1
横渡	héng dù	17464	en-eng,h-f	1
私密	sī mì	17465	s-sh	1
火场	huǒ chǎng	17466	an-ang,ua-uo,c-ch,h-f	1
兼容	jiān róng	17467	ian-iang,r-l,j-q-x	1
举杯	jǔ bēi	17468	ai-ei,j-q-x	1
拦网	lán wǎng	17469	an-ang,n-l,r-l	1
雷电	léi diàn	17470	ian-iang,ai-ei,n-l,r-l	1
零碎	líng suì	17471	in-ing,s-sh,n-l,r-l	1
满月	mǎn yuè	17472	an-ang	1
命案	mìng àn	17474	in-ing,an-ang	1
谋略	móu lüè	17475	ao-ou,n-l,r-l	1
烹饪	pēng rèn	17476	en-eng,r-l	3
昆仑	kūn lún	17478	n-l,r-l	1
人像	rén xiàng	17479	en-eng,ian-iang,r-l,j-q-x	1
送别	sòng bié	17480	ia-ie,s-sh	1
唐诗	táng shī	17481	an-ang,s-sh	1
同班	tóng bān	17482	an-ang	1
旋即	xuán jí	17483	uan-uang,j-q-x	1
因公	yīn gōng	17484	in-ing	1
转包	zhuǎn bāo	17485	uan-uang,ao-ou,z-zh	1
彩灯	cǎi dēng	17486	en-eng,ai-ei,c-ch	1
登高	dēng gāo	17488	en-eng,ao-ou	1
断送	duàn sòng	17489	uan-uang,s-sh	1
海鲜	hǎi xiān	17491	ian-iang,ai-ei,h-f,j-q-x	1
开春	kāi chūn	17492	ai-ei,c-ch	1
礼金	lǐ jīn	17493	in-ing,n-l,r-l,j-q-x	1
母体	mǔ tǐ	17494		1
平素	píng sù	17495	in-ing,s-sh	1
适值	shì zhí	17498	z-zh,s-sh	1
投影	tóu yǐng	17500	in-ing,ao-ou	1
万能	wàn néng	17501	en-eng,an-ang,n-l	1
雾气	wù qì	17503	j-q-x	1
心切	xīn qiè	17504	in-ing,ia-ie,j-q-x	1
重创	zhòng chuāng	17505	uan-uang,z-zh,c-ch	1
自认	zì rèn	17506	en-eng,z-zh,r-l	1
本金	běn jīn	17507	en-eng,in-ing,j-q-x	1
蝙蝠	biān fú	17508	ian-iang,h-f	1
导管	dǎo guǎn	17509	uan-uang,ao-ou	1
殿下	diàn xià	17511	ian-iang,ia-ie,j-q-x	1
碟子	dié zi	17512	ia-ie,z-zh	1
回眸	huí móu	17513	ao-ou,h-f	3
莲子	lián zǐ	17514	ian-iang,z-zh,n-l,r-l	1
漫笔	màn bǐ	17515	an-ang	1
拇指	mǔ zhǐ	17516	z-zh	1
棚子	péng zi	17518	en-eng,z-zh	1
前台	qián tái	17519	ian-iang,ai-ei,j-q-x	1
群岛	qún dǎo	17520	ao-ou,j-q-x	1
丧气	sàng qì	17521	an-ang,s-sh,j-q-x	1
山门	shān mén	17522	en-eng,an-ang,s-sh	1
手轻	shǒu qīng	17523	in-ing,ao-ou,s-sh,j-q-x	1
枉法	wǎng fǎ	17524	an-ang,h-f	1
问号	wèn hào	17525	en-eng,ao-ou,h-f	1
舞弊	wǔ bì	17526		1
歇息	xiē xi	17527	ia-ie,j-q-x	1
修辞	xiū cí	17528	c-ch,j-q-x	1
烟酒	yān jiǔ	17529	an-ang,j-q-x	1
依依	yī yī	17530		1
用场	yòng chǎng	17531	an-ang,c-ch	1
雨雪	yǔ xuě	17532	j-q-x	1
远销	yuǎn xiāo	17533	uan-uang,j-q-x	1
展区	zhǎn qū	17534	an-ang,z-zh,j-q-x	1
纸烟	zhǐ yān	17535	an-ang,z-zh	1
字条	zì tiáo	17536	z-zh	1
比画	bǐ hua	17537	ua-uo,h-f	1
殡葬	bìn zàng	17538	in-ing,an-ang,z-zh	3
痴呆	chī dāi	17539	ai-ei,c-ch	1
纯正	chún zhèng	17540	en-eng,z-zh,c-ch	1
搭乘	dā chéng	17541	en-eng,c-ch	1
大略	dà lüè	17542	n-l,r-l	1
分说	fēn shuō	17543	en-eng,ua-uo,s-sh,h-f	1
择校	zé xiào	17544	z-zh,j-q-x	1
某人	mǒu rén	17547	en-eng,ao-ou,r-l	1
平分	píng fēn	17549	en-eng,in-ing,h-f	1
顷刻	qǐng kè	17550	in-ing,j-q-x	1
深意	shēn yì	17551	en-eng,s-sh	1
甩掉	shuǎi diào	17552	s-sh	1
水陆	shuǐ lù	17553	s-sh,n-l,r-l	1
倘使	tǎng shǐ	17554	an-ang,s-sh	1
危重	wēi zhòng	17555	ai-ei,z-zh	1
稀饭	xī fàn	17557	an-ang,h-f,j-q-x	1
足见	zú jiàn	17558	ian-iang,z-zh,j-q-x	1
奥妙	ào miào	17559	ao-ou	1
脸颊	liǎn jiá	17560	ian-iang,ia-ie,n-l,r-l,j-q-x	1
愁眉	chóu méi	17561	ai-ei,ao-ou,c-ch	1
祷告	dǎo gào	17562	ao-ou	1
冬青	dōng qīng	17563	in-ing,j-q-x	1
耳环	ěr huán	17564	uan-uang,h-f	1
飞越	fēi yuè	17565	ai-ei,h-f	1
复核	fù hé	17566	h-f	1
马队	mǎ duì	17568		1
墨水	mò shuǐ	17569	s-sh	1
内幕	nèi mù	17570	ai-ei,n-l	1
千克	qiān kè	17572	ian-iang,j-q-x	1
入网	rù wǎng	17574	an-ang,r-l	1
实感	shí gǎn	17575	an-ang,s-sh	1
树根	shù gēn	17576	en-eng,s-sh	1
亭子	tíng zi	17577	in-ing,z-zh	1
纤细	xiān xì	17579	ian-iang,j-q-x	1
应得	yīng dé	17580	in-ing	1
雨伞	yǔ sǎn	17581	an-ang,s-sh	1
重逢	chóng féng	17583	en-eng,c-ch,h-f	1
川剧	chuān jù	17584	uan-uang,c-ch,j-q-x	1
肥大	féi dà	17585	ai-ei,h-f	1
港湾	gǎng wān	17586	an-ang	1
告捷	gào jié	17587	ao-ou,ia-ie,j-q-x	1
鬼脸	guǐ liǎn	17589	ian-iang,n-l,r-l	1
积攒	jī zǎn	17592	an-ang,z-zh,j-q-x	3
急诊	jí zhěn	17593	en-eng,z-zh,j-q-x	1
精良	jīng liáng	17595	in-ing,ian-iang,n-l,r-l,j-q-x	1
纠葛	jiū gé	17596	j-q-x	1
朗朗	lǎng lǎng	17598	an-ang,n-l,r-l	1
炼钢	liàn gāng	17600	an-ang,ian-iang,n-l,r-l	1
脉冲	mài chōng	17602	ai-ei,c-ch	1
破译	pò yì	17603		1
树脂	shù zhī	17605	z-zh,s-sh	1
水车	shuǐ chē	17606	c-ch,s-sh	1
通气	tōng qì	17607	j-q-x	1
外流	wài liú	17608	ai-ei,n-l,r-l	1
婉转	wǎn zhuǎn	17609	an-ang,uan-uang,z-zh	1
享福	xiǎng fú	17611	ian-iang,h-f,j-q-x	1
意念	yì niàn	17612	ian-iang,n-l	1
盈余	yíng yú	17613	in-ing	1
油脂	yóu zhī	17614	ao-ou,z-zh	1
遇险	yù xiǎn	17615	ian-iang,j-q-x	1
作对	zuò duì	17617	ua-uo,z-zh	1
倍增	bèi zēng	17618	en-eng,ai-ei,z-zh	1
表皮	biǎo pí	17619		1
补习	bǔ xí	17620	j-q-x	1
大败	dà bài	17621	ai-ei	1
笛子	dí zi	17623	z-zh	1
兜售	dōu shòu	17624	ao-ou,s-sh	1
队列	duì liè	17625	ia-ie,n-l,r-l	1
非议	fēi yì	17626	ai-ei,h-f	1
分寸	fēn cun	17627	en-eng,c-ch,h-f	1
高薪	gāo xīn	17628	in-ing,ao-ou,j-q-x	1
何如	hé rú	17629	h-f,r-l	1
犄角	jī jiǎo	17630	j-q-x	3
踉跄	liàng qiàng	17631	ian-iang,n-l,r-l,j-q-x	2
林带	lín dài	17633	in-ing,ai-ei,n-l,r-l	1
马匹	mǎ pǐ	17634		1
水边	shuǐ biān	17635	ian-iang,s-sh	1
水沟	shuǐ gōu	17636	ao-ou,s-sh	1
私心	sī xīn	17637	in-ing,s-sh,j-q-x	1
蜕变	tuì biàn	17638	ian-iang	1
险种	xiǎn zhǒng	17640	ian-iang,z-zh,j-q-x	1
线性	xiàn xìng	17641	in-ing,ian-iang,j-q-x	1
言谈	yán tán	17642	an-ang	1
沿袭	yán xí	17643	an-ang,j-q-x	1
悠然	yōu rán	17644	an-ang,ao-ou,r-l	1
知足	zhī zú	17645	z-zh	1
止境	zhǐ jìng	17646	in-ing,z-zh,j-q-x	1
吐槽	tǔ cáo	17647	ao-ou,c-ch	1
保单	bǎo dān	17649	an-ang,ao-ou	1
沧海	cāng hǎi	17650	an-ang,ai-ei,c-ch,h-f	1
抽检	chōu jiǎn	17651	ian-iang,ao-ou,c-ch,j-q-x	1
代码	dài mǎ	17654	ai-ei	1
跌落	diē luò	17655	ia-ie,ua-uo,n-l,r-l	1
高烧	gāo shāo	17656	ao-ou,s-sh	1
护法	hù fǎ	17658	h-f	1
库房	kù fáng	17661	an-ang,h-f	1
隆冬	lóng dōng	17663	n-l,r-l	1
马蹄	mǎ tí	17664		1
贸然	mào rán	17665	an-ang,ao-ou,r-l	1
磨炼	mó liàn	17666	ian-iang,n-l,r-l	1
飘落	piāo luò	17667	ua-uo,n-l,r-l	1
蔷薇	qiáng wēi	17668	ian-iang,ai-ei,j-q-x	3
伤痛	shāng tòng	17670	an-ang,s-sh	1
听戏	tīng xì	17674	in-ing,j-q-x	1
西化	xī huà	17675	ua-uo,h-f,j-q-x	1
溪流	xī liú	17676	n-l,r-l,j-q-x	1
洗刷	xǐ shuā	17677	ua-uo,s-sh,j-q-x	1
先辈	xiān bèi	17678	ian-iang,ai-ei,j-q-x	1
雪亮	xuě liàng	17679	ian-iang,n-l,r-l,j-q-x	1
延缓	yán huǎn	17680	an-ang,uan-uang,h-f	1
移居	yí jū	17681	j-q-x	1
银色	yín sè	17682	in-ing,s-sh	1
拥堵	yōng dǔ	17684		1
游荡	yóu dàng	17685	an-ang,ao-ou	1
淤积	yū jī	17686	j-q-x	1
怎的	zěn di	17687	en-eng,z-zh	1
出家	chū jiā	17690	ia-ie,c-ch,j-q-x	1
敌意	dí yì	17692		1
高能	gāo néng	17693	en-eng,ao-ou,n-l	1
黑马	hēi mǎ	17694	ai-ei,h-f	1
还债	huán zhài	17696	uan-uang,ai-ei,z-zh,h-f	1
平价	píng jià	17698	in-ing,ia-ie,j-q-x	1
破例	pò lì	17699	n-l,r-l	1
肉眼	ròu yǎn	17700	an-ang,ao-ou,r-l	1
入场	rù chǎng	17701	an-ang,c-ch,r-l	1
赛艇	sài tǐng	17702	in-ing,ai-ei,s-sh	1
烧火	shāo huǒ	17703	ao-ou,ua-uo,s-sh,h-f	1
身手	shēn shǒu	17704	en-eng,ao-ou,s-sh	1
失灵	shī líng	17705	in-ing,s-sh,n-l,r-l	1
唢呐	suǒ nà	17706	ua-uo,s-sh,n-l	3
土坯	tǔ pī	17707		1
写法	xiě fǎ	17708	ia-ie,h-f,j-q-x	1
院墙	yuàn qiáng	17710	ian-iang,uan-uang,j-q-x	1
允诺	yǔn nuò	17711	ua-uo,n-l	1
增资	zēng zī	17712	en-eng,z-zh	1
中农	zhōng nóng	17713	z-zh,n-l	1
八哥	bā ge	17714		1
到任	dào rèn	17715	en-eng,ao-ou,r-l	1
校正	jiào zhèng	17716	en-eng,z-zh,j-q-x	1
筋骨	jīn gǔ	17717	in-ing,j-q-x	1
绝活	jué huó	17718	ua-uo,h-f,j-q-x	1
瞌睡	kē shuì	17719	s-sh	3
落座	luò zuò	17720	ua-uo,z-zh,n-l,r-l	1
内脏	nèi zàng	17721	an-ang,ai-ei,z-zh,n-l	1
扑救	pū jiù	17724	j-q-x	1
首演	shǒu yǎn	17725	an-ang,ao-ou,s-sh	1
搜捕	sōu bǔ	17726	ao-ou,s-sh	1
甜美	tián měi	17727	ian-iang,ai-ei	1
为着	wèi zhe	17728	ai-ei,z-zh	1
献礼	xiàn lǐ	17729	ian-iang,n-l,r-l,j-q-x	1
相望	xiāng wàng	17730	an-ang,ian-iang,j-q-x	1
遇害	yù hài	17731	ai-ei,h-f	1
珍爱	zhēn ài	17732	en-eng,ai-ei,z-zh	1
制冷	zhì lěng	17733	en-eng,z-zh,n-l,r-l	1
资信	zī xìn	17734	in-ing,z-zh,j-q-x	1
作协	zuò xié	17735	ia-ie,ua-uo,z-zh,j-q-x	1
保镖	bǎo biāo	17736	ao-ou	3
出栏	chū lán	17737	an-ang,c-ch,n-l,r-l	1
敌后	dí hòu	17738	ao-ou,h-f	1
爹娘	diē niáng	17739	ian-iang,ia-ie,n-l	1
躲藏	duǒ cáng	17740	an-ang,ua-uo,c-ch	1
姑爷	gū yé	17741		1
股价	gǔ jià	17742	ia-ie,j-q-x	1
国文	guó wén	17743	en-eng,ua-uo	1
汇编	huì biān	17744	ian-iang,h-f	1
杀菌	shā jūn	17749	s-sh,j-q-x	1
上校	shàng xiào	17750	an-ang,s-sh,j-q-x	1
收款	shōu kuǎn	17751	uan-uang,ao-ou,s-sh	1
松动	sōng dòng	17752	s-sh	1
逍遥	xiāo yáo	17753	ao-ou,j-q-x	3
校方	xiào fāng	17755	an-ang,h-f,j-q-x	1
袖口	xiù kǒu	17756	ao-ou,j-q-x	1
宣泄	xuān xiè	17757	uan-uang,ia-ie,j-q-x	1
悬赏	xuán shǎng	17758	an-ang,uan-uang,s-sh,j-q-x	1
贻误	yí wù	17759		1
议定	yì dìng	17760	in-ing	1
阅兵	yuè bīng	17762	in-ing	1
韵律	yùn lǜ	17763	n-l,r-l	1
总参	zǒng cān	17764	an-ang,z-zh,c-ch	1
兵法	bīng fǎ	17765	in-ing,h-f	1
勃然	bó rán	17766	an-ang,r-l	1
当头	dāng tóu	17767	an-ang,ao-ou	1
电讯	diàn xùn	17768	ian-iang,j-q-x	1
饵料	ěr liào	17769	n-l,r-l	1
发怒	fā nù	17770	n-l,h-f	1
肤浅	fū qiǎn	17771	ian-iang,h-f,j-q-x	1
芙蓉	fú róng	17772	h-f,r-l	1
歌咏	gē yǒng	17773		1
浑浊	hún zhuó	17775	ua-uo,z-zh,h-f	1
几近	jī jìn	17776	in-ing,j-q-x	1
祭奠	jì diàn	17777	ian-iang,j-q-x	1
加价	jiā jià	17778	ia-ie,j-q-x	1
竞标	jìng biāo	17779	in-ing,j-q-x	1
可亲	kě qīn	17780	in-ing,j-q-x	1
末端	mò duān	17781	uan-uang	1
牛棚	niú péng	17782	en-eng,n-l	1
品行	pǐn xíng	17783	in-ing,j-q-x	1
乒乓	pīng pāng	17784	in-ing,an-ang	1
水火	shuǐ huǒ	17785	ua-uo,s-sh,h-f	1
天职	tiān zhí	17786	ian-iang,z-zh	1
推论	tuī lùn	17787	n-l,r-l	1
闲聊	xián liáo	17789	ian-iang,n-l,r-l,j-q-x	1
限量	xiàn liàng	17790	ian-iang,n-l,r-l,j-q-x	1
小丑	xiǎo chǒu	17791	ao-ou,c-ch,j-q-x	1
约法	yuē fǎ	17793	h-f	1
运量	yùn liàng	17794	ian-iang,n-l,r-l	1
左派	zuǒ pài	17795	ai-ei,ua-uo,z-zh	1
成型	chéng xíng	17796	en-eng,in-ing,c-ch,j-q-x	1
赤诚	chì chéng	17797	en-eng,c-ch	1
跌宕	diē dàng	17798	an-ang,ia-ie	3
对症	duì zhèng	17799	en-eng,z-zh	1
气场	qì chǎng	17800	an-ang,c-ch,j-q-x	1
飞跑	fēi pǎo	17801	ai-ei,ao-ou,h-f	1
高远	gāo yuǎn	17802	uan-uang,ao-ou	1
功名	gōng míng	17803	in-ing	1
古玩	gǔ wán	17804	an-ang	1
鲫鱼	jì yú	17805	j-q-x	1
炮制	páo zhì	17807	ao-ou,z-zh	1
前院	qián yuàn	17808	ian-iang,uan-uang,j-q-x	1
水壶	shuǐ hú	17812	s-sh,h-f	1
消散	xiāo sàn	17813	an-ang,s-sh,j-q-x	1
雄浑	xióng hún	17814	h-f,j-q-x	1
血清	xuè qīng	17815	in-ing,j-q-x	1
资历	zī lì	17817	z-zh,n-l,r-l	1
黯然	àn rán	17818	an-ang,r-l	1
棒子	bàng zi	17819	an-ang,z-zh	1
超常	chāo cháng	17821	an-ang,ao-ou,c-ch	1
光源	guāng yuán	17822	uan-uang	1
脚尖	jiǎo jiān	17823	ian-iang,j-q-x	1
教派	jiào pài	17824	ai-ei,j-q-x	1
枪弹	qiāng dàn	17825	an-ang,ian-iang,j-q-x	1
窃取	qiè qǔ	17826	ia-ie,j-q-x	1
穷苦	qióng kǔ	17828	j-q-x	1
僧侣	sēng lǚ	17830	en-eng,s-sh,n-l,r-l	1
体魄	tǐ pò	17831		1
言辞	yán cí	17833	an-ang,c-ch	1
遗像	yí xiàng	17834	ian-iang,j-q-x	1
英烈	yīng liè	17835	in-ing,ia-ie,n-l,r-l	1
站岗	zhàn gǎng	17836	an-ang,z-zh	1
转脸	zhuǎn liǎn	17839	ian-iang,uan-uang,z-zh,n-l,r-l	1
伴有	bàn yǒu	17840	an-ang,ao-ou	1
财神	cái shén	17842	en-eng,ai-ei,c-ch,s-sh	1
查证	chá zhèng	17843	en-eng,z-zh,c-ch	1
赤脚	chì jiǎo	17845	c-ch,j-q-x	1
传言	chuán yán	17846	an-ang,uan-uang,c-ch	1
大早	dà zǎo	17847	ao-ou,z-zh	1
跟进	gēn jìn	17849	en-eng,in-ing,j-q-x	1
军务	jūn wù	17850	j-q-x	1
磨损	mó sǔn	17851	s-sh	1
牛犊	niú dú	17852	n-l	3
气管	qì guǎn	17853	uan-uang,j-q-x	1
挺立	tǐng lì	17855	in-ing,n-l,r-l	1
退后	tuì hòu	17856	ao-ou,h-f	1
退让	tuì ràng	17857	an-ang,r-l	1
兴许	xīng xǔ	17859	in-ing,j-q-x	1
蓄洪	xù hóng	17860	h-f,j-q-x	1
陨石	yǔn shí	17861	s-sh	1
自转	zì zhuàn	17862	uan-uang,z-zh	1
白族	bái zú	17863	ai-ei,z-zh	1
败诉	bài sù	17864	ai-ei,s-sh	1
暴躁	bào zào	17865	ao-ou,z-zh	1
粗俗	cū sú	17866	c-ch,s-sh	1
独唱	dú chàng	17867	an-ang,c-ch	1
噩梦	è mèng	17868	en-eng	1
发难	fā nàn	17869	an-ang,n-l,h-f	1
浮夸	fú kuā	17870	ua-uo,h-f	1
公私	gōng sī	17871	s-sh	1
刮风	guā fēng	17872	en-eng,ua-uo,h-f	1
嫁人	jià rén	17873	en-eng,ia-ie,r-l,j-q-x	1
焦炭	jiāo tàn	17874	an-ang,j-q-x	1
竞走	jìng zǒu	17875	in-ing,ao-ou,z-zh,j-q-x	1
境况	jìng kuàng	17876	in-ing,uan-uang,j-q-x	1
久已	jiǔ yǐ	17877	j-q-x	1
人脉	rén mài	17878	en-eng,ai-ei,r-l	1
幕僚	mù liáo	17879	n-l,r-l	1
内向	nèi xiàng	17880	ian-iang,ai-ei,n-l,j-q-x	1
排挤	pái jǐ	17881	ai-ei,j-q-x	1
佩戴	pèi dài	17882	ai-ei	1
杀戮	shā lù	17883	s-sh,n-l,r-l	3
沙土	shā tǔ	17884	s-sh	1
随感	suí gǎn	17885	an-ang,s-sh	1
图表	tú biǎo	17886		1
顽症	wán zhèng	17887	en-eng,an-ang,z-zh	1
心口	xīn kǒu	17889	in-ing,ao-ou,j-q-x	1
虚无	xū wú	17890	j-q-x	1
巡捕	xún bǔ	17891	j-q-x	1
焰火	yàn huǒ	17892	an-ang,ua-uo,h-f	1
总编	zǒng biān	17894	ian-iang,z-zh	1
八角	bā jiǎo	17895	j-q-x	1
不外	bù wài	17896	ai-ei	1
大度	dà dù	17898		1
度日	dù rì	17899	r-l	1
放飞	fàng fēi	17900	an-ang,ai-ei,h-f	1
公尺	gōng chǐ	17901	c-ch	1
怪异	guài yì	17902		1
国手	guó shǒu	17903	ao-ou,ua-uo,s-sh	1
击落	jī luò	17905	ua-uo,n-l,r-l,j-q-x	1
交还	jiāo huán	17906	uan-uang,h-f,j-q-x	1
禁忌	jìn jì	17907	in-ing,j-q-x	1
舅妈	jiù mā	17908	j-q-x	1
快递	kuài dì	17909		1
两难	liǎng nán	17910	an-ang,ian-iang,n-l,r-l	1
撒手	sā shǒu	17911	ao-ou,s-sh	1
星座	xīng zuò	17913	in-ing,ua-uo,z-zh,j-q-x	1
沼泽	zhǎo zé	17915	ao-ou,z-zh	1
蒸气	zhēng qì	17916	en-eng,z-zh,j-q-x	1
轴心	zhóu xīn	17917	in-ing,ao-ou,z-zh,j-q-x	1
被俘	bèi fú	17919	ai-ei,h-f	1
成行	chéng xíng	17920	en-eng,in-ing,c-ch,j-q-x	1
低劣	dī liè	17921	ia-ie,n-l,r-l	1
冬泳	dōng yǒng	17922		1
对敌	duì dí	17923		1
浮游	fú yóu	17924	ao-ou,h-f	1
赶超	gǎn chāo	17925	an-ang,ao-ou,c-ch	1
高深	gāo shēn	17926	en-eng,ao-ou,s-sh	1
古诗	gǔ shī	17927	s-sh	1
街心	jiē xīn	17929	in-ing,ia-ie,j-q-x	1
精光	jīng guāng	17930	in-ing,uan-uang,j-q-x	1
剧变	jù biàn	17932	ian-iang,j-q-x	1
课文	kè wén	17933	en-eng	1
跑路	pǎo lù	17934	ao-ou,n-l,r-l	1
款子	kuǎn zi	17935	uan-uang,z-zh	1
例会	lì huì	17936	n-l,h-f,r-l	1
梳头	shū tóu	17938	ao-ou,s-sh	1
顺势	shùn shì	17939	s-sh	1
四围	sì wéi	17940	ai-ei,s-sh	1
透支	tòu zhī	17941	ao-ou,z-zh	1
无遗	wú yí	17944		1
预祝	yù zhù	17947	z-zh	1
包扎	bāo zā	17949	ao-ou,z-zh	1
冰山	bīng shān	17950	in-ing,an-ang,s-sh	1
粗略	cū lüè	17952	c-ch,n-l,r-l	1
担架	dān jià	17953	an-ang,ia-ie,j-q-x	1
冬训	dōng xùn	17954	j-q-x	1
抚育	fǔ yù	17955	h-f	1
高傲	gāo ào	17956	ao-ou	1
稿纸	gǎo zhǐ	17957	ao-ou,z-zh	1
何其	hé qí	17958	h-f,j-q-x	1
苦于	kǔ yú	17961		1
眉眼	méi yǎn	17962	an-ang,ai-ei	1
区划	qū huà	17963	ua-uo,h-f,j-q-x	1
僧人	sēng rén	17964	en-eng,s-sh,r-l	1
伤疤	shāng bā	17965	an-ang,s-sh	1
收场	shōu chǎng	17966	an-ang,ao-ou,c-ch,s-sh	1
私立	sī lì	17969	s-sh,n-l,r-l	1
套路	tào lù	17970	ao-ou,n-l,r-l	1
通明	tōng míng	17971	in-ing	1
外公	wài gōng	17972	ai-ei	1
慰劳	wèi láo	17973	ai-ei,ao-ou,n-l,r-l	1
下部	xià bù	17974	ia-ie,j-q-x	1
校友	xiào yǒu	17977	ao-ou,j-q-x	1
牙膏	yá gāo	17978	ao-ou	1
镇守	zhèn shǒu	17981	en-eng,ao-ou,z-zh,s-sh	1
中选	zhòng xuǎn	17982	uan-uang,z-zh,j-q-x	1
棕色	zōng sè	17983	z-zh,s-sh	1
才智	cái zhì	17984	ai-ei,z-zh,c-ch	1
惨剧	cǎn jù	17985	an-ang,c-ch,j-q-x	1
构件	gòu jiàn	17988	ian-iang,ao-ou,j-q-x	1
瑰宝	guī bǎo	17989	ao-ou	1
函授	hán shòu	17990	an-ang,ao-ou,s-sh,h-f	1
家事	jiā shì	17992	ia-ie,s-sh,j-q-x	1
兼有	jiān yǒu	17993	ian-iang,ao-ou,j-q-x	1
简明	jiǎn míng	17994	in-ing,ian-iang,j-q-x	1
交办	jiāo bàn	17995	an-ang,j-q-x	1
脚底	jiǎo dǐ	17997	j-q-x	1
接洽	jiē qià	17998	ia-ie,j-q-x	1
经纪	jīng jì	17999	in-ing,j-q-x	1
酒家	jiǔ jiā	18000	ia-ie,j-q-x	1
了得	liǎo dé	18001	n-l,r-l	1
冒失	mào shi	18002	ao-ou,s-sh	1
模块	mó kuài	18003		1
岂非	qǐ fēi	18004	ai-ei,h-f,j-q-x	1
赏识	shǎng shí	18006	an-ang,s-sh	1
圣旨	shèng zhǐ	18007	en-eng,z-zh,s-sh	1
石膏	shí gāo	18008	ao-ou,s-sh	1
讨饭	tǎo fàn	18009	an-ang,ao-ou,h-f	1
诬蔑	wū miè	18010	ia-ie	1
无用	wú yòng	18011		1
希冀	xī jì	18012	j-q-x	1
仙人	xiān rén	18013	en-eng,ian-iang,r-l,j-q-x	1
响动	xiǎng dong	18014	ian-iang,j-q-x	1
一干	yī gān	18015	an-ang	1
油条	yóu tiáo	18016	ao-ou	1
渊博	yuān bó	18017	uan-uang	1
早先	zǎo xiān	18018	ian-iang,ao-ou,z-zh,j-q-x	1
缜密	zhěn mì	18019	en-eng,z-zh	3
正职	zhèng zhí	18020	en-eng,z-zh	1
支点	zhī diǎn	18021	ian-iang,z-zh	1
周报	zhōu bào	18022	ao-ou,z-zh	1
逐个	zhú gè	18023	z-zh	1
著录	zhù lù	18024	z-zh,n-l,r-l	1
城头	chéng tóu	18027	en-eng,ao-ou,c-ch	1
储藏	chǔ cáng	18028	an-ang,c-ch	1
老街	lǎo jiē	18030	ao-ou,ia-ie,n-l,r-l,j-q-x	1
豆子	dòu zi	18031	ao-ou,z-zh	1
风韵	fēng yùn	18032	en-eng,h-f	1
和议	hé yì	18034	h-f	1
红枣	hóng zǎo	18035	ao-ou,z-zh,h-f	1
蝗虫	huáng chóng	18036	uan-uang,c-ch,h-f	1
搅拌	jiǎo bàn	18037	an-ang,j-q-x	1
聚合	jù hé	18038	h-f,j-q-x	1
绝妙	jué miào	18039	j-q-x	1
空谈	kōng tán	18041	an-ang	1
联队	lián duì	18042	ian-iang,n-l,r-l	1
美酒	měi jiǔ	18043	ai-ei,j-q-x	1
瞥见	piē jiàn	18045	ian-iang,ia-ie,j-q-x	3
溶剂	róng jì	18046	r-l,j-q-x	1
山岭	shān lǐng	18047	in-ing,an-ang,s-sh,n-l,r-l	1
同伙	tóng huǒ	18048	ua-uo,h-f	1
车改	chē gǎi	18050	ai-ei,c-ch	1
淤泥	yū ní	18051	n-l	1
遮盖	zhē gài	18053	ai-ei,z-zh	1
纸片	zhǐ piàn	18054	ian-iang,z-zh	1
壮美	zhuàng měi	18055	uan-uang,ai-ei,z-zh	1
摆正	bǎi zhèng	18056	en-eng,ai-ei,z-zh	1
斑驳	bān bó	18057	an-ang	1
槟榔	bīng láng	18058	in-ing,an-ang,n-l,r-l	3
待命	dài mìng	18059	in-ing,ai-ei	1
地租	dì zū	18060	z-zh	1
弟妹	dì mèi	18061	ai-ei	1
集邮	jí yóu	18062	ao-ou,j-q-x	1
将就	jiāng jiu	18063	ian-iang,j-q-x	1
卖国	mài guó	18064	ai-ei,ua-uo	1
模具	mú jù	18065	j-q-x	1
求婚	qiú hūn	18066	h-f,j-q-x	1
山民	shān mín	18067	in-ing,an-ang,s-sh	1
摊主	tān zhǔ	18068	an-ang,z-zh	1
退学	tuì xué	18069	j-q-x	1
外宾	wài bīn	18070	in-ing,ai-ei	1
未然	wèi rán	18071	an-ang,ai-ei,r-l	1
悟出	wù chū	18072	c-ch	1
由得	yóu de	18073	ao-ou	1
圆桌	yuán zhuō	18074	uan-uang,ua-uo,z-zh	1
增补	zēng bǔ	18075	en-eng,z-zh	1
自助	zì zhù	18076	z-zh	1
钻探	zuān tàn	18077	an-ang,uan-uang,z-zh	1
报载	bào zǎi	18078	ai-ei,ao-ou,z-zh	1
并茂	bìng mào	18079	in-ing,ao-ou	1
不济	bù jì	18080	j-q-x	1
东面	dōng miàn	18082	ian-iang	1
独身	dú shēn	18083	en-eng,s-sh	1
搁浅	gē qiǎn	18084	ian-iang,j-q-x	1
坚毅	jiān yì	18085	ian-iang,j-q-x	1
起居	qǐ jū	18088	j-q-x	1
闺蜜	guī mì	18089		1
三思	sān sī	18090	an-ang,s-sh	1
熟睡	shú shuì	18093	s-sh	1
梯队	tī duì	18094		1
万年	wàn nián	18095	an-ang,ian-iang,n-l	1
小弟	xiǎo dì	18097	j-q-x	1
信服	xìn fú	18098	in-ing,h-f,j-q-x	1
学成	xué chéng	18099	en-eng,c-ch,j-q-x	1
赞歌	zàn gē	18101	an-ang,z-zh	1
专车	zhuān chē	18103	uan-uang,z-zh,c-ch	1
宗族	zōng zú	18104	z-zh	1
逼供	bī gòng	18105		1
不孝	bù xiào	18106	j-q-x	1
称霸	chēng bà	18107	en-eng,c-ch	1
处事	chǔ shì	18108	c-ch,s-sh	1
底线	dǐ xiàn	18110	ian-iang,j-q-x	1
罚金	fá jīn	18111	in-ing,h-f,j-q-x	1
防盗	fáng dào	18112	an-ang,ao-ou,h-f	1
国语	guó yǔ	18113	ua-uo	1
海鸥	hǎi ōu	18114	ai-ei,ao-ou,h-f	1
红脸	hóng liǎn	18115	ian-iang,n-l,h-f,r-l	1
会址	huì zhǐ	18116	z-zh,h-f	1
激越	jī yuè	18117	j-q-x	1
街口	jiē kǒu	18118	ao-ou,ia-ie,j-q-x	1
绿灯	lǜ dēng	18121	en-eng,n-l,r-l	1
配角	pèi jué	18122	ai-ei,j-q-x	1
图景	tú jǐng	18123	in-ing,j-q-x	1
夏收	xià shōu	18124	ao-ou,ia-ie,s-sh,j-q-x	1
血色	xuè sè	18125	s-sh,j-q-x	1
银元	yín yuán	18126	in-ing,uan-uang	1
迂回	yū huí	18127	h-f	1
展馆	zhǎn guǎn	18128	an-ang,uan-uang,z-zh	1
正道	zhèng dào	18130	en-eng,ao-ou,z-zh	1
粽子	zòng zi	18131	z-zh	3
嘴脸	zuǐ liǎn	18132	ian-iang,z-zh,n-l,r-l	1
彻夜	chè yè	18134	c-ch	1
撤并	chè bìng	18135	in-ing,c-ch	1
出品	chū pǐn	18136	in-ing,c-ch	1
刺绣	cì xiù	18137	c-ch,j-q-x	1
夺目	duó mù	18138	ua-uo	1
鼓词	gǔ cí	18141	c-ch	1
怪圈	guài quān	18142	uan-uang,j-q-x	1
临别	lín bié	18143	in-ing,ia-ie,n-l,r-l	1
领教	lǐng jiào	18144	in-ing,n-l,r-l,j-q-x	1
面庞	miàn páng	18145	an-ang,ian-iang	1
屏风	píng fēng	18146	en-eng,in-ing,h-f	1
通畅	tōng chàng	18148	an-ang,c-ch	1
玩忽	wán hū	18149	an-ang,h-f	1
微薄	wēi bó	18150	ai-ei	1
造谣	zào yáo	18151	ao-ou,z-zh	1
插秧	chā yāng	18153	an-ang,c-ch	1
翠绿	cuì lǜ	18155	c-ch,n-l,r-l	1
党课	dǎng kè	18156	an-ang	1
岛国	dǎo guó	18157	ao-ou,ua-uo	1
恩人	ēn rén	18158	en-eng,r-l	1
诽谤	fěi bàng	18159	an-ang,ai-ei,h-f	1
健美	jiàn měi	18160	ian-iang,ai-ei,j-q-x	1
接吻	jiē wěn	18161	en-eng,ia-ie,j-q-x	1
镜框	jìng kuàng	18162	in-ing,uan-uang,j-q-x	1
傀儡	kuǐ lěi	18164	ai-ei,n-l,r-l	2
笼统	lǒng tǒng	18165	n-l,r-l	1
漏斗	lòu dǒu	18166	ao-ou,n-l,r-l	1
缺憾	quē hàn	18167	an-ang,h-f,j-q-x	1
性侵	xìng qīn	18168	in-ing,j-q-x	1
圣诞	shèng dàn	18170	en-eng,an-ang,s-sh	1
投档	tóu dàng	18171	an-ang,ao-ou	1
师爷	shī yé	18172	s-sh	1
坦荡	tǎn dàng	18173	an-ang	1
剔除	tī chú	18174	c-ch	1
梯度	tī dù	18175		1
秃子	tū zi	18176	z-zh	1
序号	xù hào	18177	ao-ou,h-f,j-q-x	1
悬浮	xuán fú	18178	uan-uang,h-f,j-q-x	1
衍射	yǎn shè	18179	an-ang,s-sh	1
姨父	yí fu	18180	h-f	1
有劲	yǒu jìn	18181	in-ing,ao-ou,j-q-x	1
越权	yuè quán	18182	uan-uang,j-q-x	1
制衡	zhì héng	18183	en-eng,z-zh,h-f	1
捉摸	zhuō mō	18184	ua-uo,z-zh	1
辎重	zī zhòng	18185	z-zh	3
操守	cāo shǒu	18187	ao-ou,c-ch,s-sh	1
稠密	chóu mì	18188	ao-ou,c-ch	1
叨叨	dāo dao	18189	ao-ou	1
饭盒	fàn hé	18190	an-ang,h-f	1
抚恤	fǔ xù	18191	h-f,j-q-x	1
渐进	jiàn jìn	18193	in-ing,ian-iang,j-q-x	1
禁锢	jìn gù	18194	in-ing,j-q-x	3
空子	kòng zi	18196	z-zh	1
李子	lǐ zi	18198	z-zh,n-l,r-l	1
怜惜	lián xī	18199	ian-iang,n-l,r-l,j-q-x	1
流落	liú luò	18200	ua-uo,n-l,r-l	1
猛攻	měng gōng	18201	en-eng	1
求援	qiú yuán	18202	uan-uang,j-q-x	1
生性	shēng xìng	18203	en-eng,in-ing,s-sh,j-q-x	1
为害	wéi hài	18206	ai-ei,h-f	1
赞颂	zàn sòng	18208	an-ang,z-zh,s-sh	1
阵势	zhèn shì	18210	en-eng,z-zh,s-sh	1
综艺	zōng yì	18211	z-zh	1
坐牢	zuò láo	18213	ao-ou,ua-uo,z-zh,n-l,r-l	1
昂首	áng shǒu	18214	an-ang,ao-ou,s-sh	1
独裁	dú cái	18216	ai-ei,c-ch	1
放任	fàng rèn	18217	en-eng,an-ang,h-f,r-l	1
更替	gēng tì	18219	en-eng	1
饥民	jī mín	18220	in-ing,j-q-x	1
口述	kǒu shù	18221	ao-ou,s-sh	1
宽慰	kuān wèi	18222	uan-uang,ai-ei	1
领子	lǐng zi	18223	in-ing,z-zh,n-l,r-l	1
马褂	mǎ guà	18224	ua-uo	1
密林	mì lín	18225	in-ing,n-l,r-l	1
年迈	nián mài	18226	ian-iang,ai-ei,n-l	1
强项	qiáng xiàng	18227	ian-iang,j-q-x	1
入夜	rù yè	18228	r-l	1
山脚	shān jiǎo	18229	an-ang,s-sh,j-q-x	1
升官	shēng guān	18230	en-eng,uan-uang,s-sh	1
首任	shǒu rèn	18231	en-eng,ao-ou,s-sh,r-l	1
塌陷	tā xiàn	18232	ian-iang,j-q-x	1
台资	tái zī	18233	ai-ei,z-zh	1
舞美	wǔ měi	18234	ai-ei	1
刑讯	xíng xùn	18235	in-ing,j-q-x	1
鱼肉	yú ròu	18237	ao-ou,r-l	1
超脱	chāo tuō	18244	ao-ou,ua-uo,c-ch	1
传令	chuán lìng	18245	in-ing,uan-uang,c-ch,n-l,r-l	1
地摊	dì tān	18246	an-ang	1
打针	dǎ zhēn	18247	en-eng,z-zh	1
党费	dǎng fèi	18248	an-ang,ai-ei,h-f	1
遏止	è zhǐ	18249	z-zh	1
粉笔	fěn bǐ	18251	en-eng,h-f	1
快意	kuài yì	18253		1
面纱	miàn shā	18255	ian-iang,s-sh	1
喷射	pēn shè	18257	en-eng,s-sh	1
祈求	qí qiú	18258	j-q-x	1
绒毛	róng máo	18259	ao-ou,r-l	1
婶子	shěn zi	18260	en-eng,z-zh,s-sh	1
生母	shēng mǔ	18261	en-eng,s-sh	1
失足	shī zú	18262	z-zh,s-sh	1
世面	shì miàn	18263	ian-iang,s-sh	1
首战	shǒu zhàn	18264	an-ang,ao-ou,z-zh,s-sh	1
速滑	sù huá	18265	ua-uo,s-sh,h-f	1
他乡	tā xiāng	18266	ian-iang,j-q-x	1
停战	tíng zhàn	18267	in-ing,an-ang,z-zh	1
统制	tǒng zhì	18268	z-zh	1
选送	xuǎn sòng	18270	uan-uang,s-sh,j-q-x	1
跃升	yuè shēng	18273	en-eng,s-sh	1
八路	bā lù	18274	n-l,r-l	1
变通	biàn tōng	18275	ian-iang	1
出马	chū mǎ	18277	c-ch	1
得病	dé bìng	18279	in-ing	1
汇演	huì yǎn	18280	an-ang,h-f	1
两用	liǎng yòng	18281	ian-iang,n-l,r-l	1
