社会主义	shè huì zhǔ yì	579	z-zh,s-sh,h-f	1
国民经济	guó mín jīng jì	1554	in-ing,ua-uo,j-q-x	1
市场经济	shì chǎng jīng jì	1755	in-ing,an-ang,c-ch,s-sh,j-q-x	1
资本主义	zī běn zhǔ yì	2161	en-eng,z-zh	1
精神文明	jīng shén wén míng	2210	en-eng,in-ing,s-sh,j-q-x	1
改革开放	gǎi gé kāi fàng	2223	an-ang,ai-ei,h-f	1
中华民族	zhōng huá mín zú	2290	in-ing,ua-uo,z-zh,h-f	1
人民政府	rén mín zhèng fǔ	2492	en-eng,in-ing,z-zh,h-f,r-l	1
少数民族	shǎo shù mín zú	2500	in-ing,ao-ou,z-zh,s-sh	1
共产党员	gòng chǎn dǎng yuán	2510	an-ang,uan-uang,c-ch	1
知识分子	zhī shi fèn zǐ	2617	en-eng,z-zh,s-sh,h-f	1
人民法院	rén mín fǎ yuàn	2765	en-eng,in-ing,uan-uang,h-f,r-l	1
发达国家	fā dá guó jiā	2783	ia-ie,ua-uo,h-f,j-q-x	1
实事求是	shí shì qiú shì	2891	s-sh,j-q-x	1
无产阶级	wú chǎn jiē jí	2985	an-ang,ia-ie,c-ch,j-q-x	1
高新技术	gāo xīn jì shù	2987	in-ing,ao-ou,s-sh,j-q-x	1
澳大利亚	ào dà lì yà	3088	ao-ou,n-l,r-l	1
与此同时	yǔ cǐ tóng shí	3153	c-ch,s-sh	1
资产阶级	zī chǎn jiē jí	3267	an-ang,ia-ie,z-zh,c-ch,j-q-x	1
领导班子	lǐng dǎo bān zǐ	3300	in-ing,an-ang,ao-ou,z-zh,n-l,r-l	1
巴基斯坦	bā jī sī tǎn	3480	an-ang,s-sh,j-q-x	1
高速公路	gāo sù gōng lù	3533	ao-ou,s-sh,n-l,r-l	1
平方公里	píng fāng gōng lǐ	3534	in-ing,an-ang,n-l,h-f,r-l	1
社会科学	shè huì kē xué	3597	s-sh,h-f,j-q-x	1
未成年人	wèi chéng nián rén	3649	en-eng,ian-iang,ai-ei,c-ch,n-l,r-l	1
共产主义	gòng chǎn zhǔ yì	3660	an-ang,z-zh,c-ch	1
帝国主义	dì guó zhǔ yì	3712	ua-uo,z-zh	1
宏观调控	hóng guān tiáo kòng	3921	uan-uang,h-f	1
三个代表	sān gè dài biǎo	3973	an-ang,ai-ei,s-sh	1
生态环境	shēng tài huán jìng	3974	en-eng,in-ing,uan-uang,ai-ei,s-sh,h-f,j-q-x	1
爱国主义	ài guó zhǔ yì	4001	ai-ei,ua-uo,z-zh	1
国家机关	guó jiā jī guān	4015	uan-uang,ia-ie,ua-uo,j-q-x	1
恐怖主义	kǒng bù zhǔ yì	4069	z-zh	1
计划生育	jì huà shēng yù	4184	en-eng,ua-uo,s-sh,h-f,j-q-x	1
千方百计	qiān fāng bǎi jì	4225	an-ang,ian-iang,ai-ei,h-f,j-q-x	1
义务教育	yì wù jiào yù	4410	j-q-x	1
综合治理	zōng hé zhì lǐ	4479	z-zh,n-l,h-f,r-l	1
全心全意	quán xīn quán yì	4706	in-ing,uan-uang,j-q-x	1
高等教育	gāo děng jiào yù	4763	en-eng,ao-ou,j-q-x	1
退耕还林	tuì gēng huán lín	4824	en-eng,in-ing,uan-uang,n-l,h-f,r-l	1
统一战线	tǒng yī zhàn xiàn	5023	an-ang,ian-iang,z-zh,j-q-x	1
一国两制	yī guó liǎng zhì	5050	ian-iang,ua-uo,z-zh,n-l,r-l	1
固定资产	gù dìng zī chǎn	5064	in-ing,an-ang,z-zh,c-ch	1
坚定不移	jiān dìng bù yí	5076	in-ing,ian-iang,j-q-x	1
也就是说	yě jiù shì shuō	5110	ua-uo,s-sh,j-q-x	1
不好意思	bù hǎo yì si	5136	ao-ou,s-sh,h-f	1
奥林匹克	ào lín pǐ kè	5211	in-ing,ao-ou,n-l,r-l	1
民主党派	mín zhǔ dǎng pài	5258	in-ing,an-ang,ai-ei,z-zh	1
生活方式	shēng huó fāng shì	5286	en-eng,an-ang,ua-uo,s-sh,h-f	1
无论如何	wú lùn rú hé	5297	n-l,h-f,r-l	1
天气预报	tiān qì yù bào	5387	ian-iang,ao-ou,j-q-x	1
前所未有	qián suǒ wèi yǒu	5433	ian-iang,ai-ei,ao-ou,ua-uo,s-sh,j-q-x	1
乌鲁木齐	wū lǔ mù qí	5571	n-l,r-l,j-q-x	1
丰富多彩	fēng fù duō cǎi	5572	en-eng,ai-ei,ua-uo,c-ch,h-f	1
跨国公司	kuà guó gōng sī	5643	ua-uo,s-sh	1
事业单位	shì yè dān wèi	5717	an-ang,ai-ei,s-sh	1
物质文明	wù zhì wén míng	5736	en-eng,in-ing,z-zh	1
生产资料	shēng chǎn zī liào	5805	en-eng,an-ang,z-zh,c-ch,s-sh,n-l,r-l	1
政治文明	zhèng zhì wén míng	5869	en-eng,in-ing,z-zh	1
自然科学	zì rán kē xué	5906	an-ang,z-zh,r-l,j-q-x	1
马来西亚	mǎ lái xī yà	5949	ai-ei,n-l,r-l,j-q-x	1
假冒伪劣	jiǎ mào wěi liè	6062	ai-ei,ao-ou,ia-ie,n-l,r-l,j-q-x	1
亚太地区	yà tài dì qū	6063	ai-ei,j-q-x	1
计划经济	jì huà jīng jì	6190	in-ing,ua-uo,h-f,j-q-x	1
综合国力	zōng hé guó lì	6211	ua-uo,z-zh,n-l,h-f,r-l	1
反腐倡廉	fǎn fǔ chàng lián	6240	an-ang,ian-iang,c-ch,n-l,h-f,r-l	1
至关重要	zhì guān zhòng yào	6268	uan-uang,ao-ou,z-zh	1
一带一路	yī dài yī lù	6378	ai-ei,n-l,r-l	1
知识产权	zhī shi chǎn quán	6396	an-ang,uan-uang,z-zh,c-ch,s-sh,j-q-x	1
人道主义	rén dào zhǔ yì	6406	en-eng,ao-ou,z-zh,r-l	1
形式主义	xíng shì zhǔ yì	6421	in-ing,z-zh,s-sh,j-q-x	1
意识形态	yì shí xíng tài	6424	in-ing,ai-ei,s-sh,j-q-x	1
不知不觉	bù zhī bù jué	6427	z-zh,j-q-x	1
各种各样	gè zhǒng gè yàng	6493	an-ang,z-zh	1
莫名其妙	mò míng qí miào	6523	in-ing,j-q-x	1
因地制宜	yīn dì zhì yí	6533	in-ing,z-zh	1
海纳百川	hǎi nà bǎi chuān	6567	uan-uang,ai-ei,c-ch,n-l,h-f	1
不正之风	bù zhèng zhī fēng	6594	en-eng,z-zh,h-f	1
引人注目	yǐn rén zhù mù	6686	en-eng,in-ing,z-zh,r-l	1
脱贫致富	tuō pín zhì fù	7001	in-ing,ua-uo,z-zh,h-f	1
自然灾害	zì rán zāi hài	7013	an-ang,ai-ei,z-zh,h-f,r-l	1
社会效益	shè huì xiào yì	7064	s-sh,h-f,j-q-x	1
系统工程	xì tǒng gōng chéng	7073	en-eng,c-ch,j-q-x	1
马列主义	mǎ liè zhǔ yì	7082	ia-ie,z-zh,n-l,r-l	1
有期徒刑	yǒu qī tú xíng	7142	in-ing,ao-ou,j-q-x	1
第三产业	dì sān chǎn yè	7176	an-ang,c-ch,s-sh	1
生产关系	shēng chǎn guān xì	7203	en-eng,an-ang,uan-uang,c-ch,s-sh,j-q-x	1
水土流失	shuǐ tǔ liú shī	7225	s-sh,n-l,r-l	1
现实主义	xiàn shí zhǔ yì	7241	ian-iang,z-zh,s-sh,j-q-x	1
农副产品	nóng fù chǎn pǐn	7345	in-ing,an-ang,c-ch,n-l,h-f	1
高等学校	gāo děng xué xiào	7376	en-eng,ao-ou,j-q-x	1
当务之急	dāng wù zhī jí	7433	an-ang,z-zh,j-q-x	1
脱颖而出	tuō yǐng ér chū	7474	in-ing,ua-uo,c-ch	1
呼和浩特	hū hé hào tè	7528	ao-ou,h-f	1
一如既往	yī rú jì wǎng	7556	an-ang,r-l,j-q-x	1
合作医疗	hé zuò yī liáo	7597	ua-uo,z-zh,n-l,h-f,r-l	1
无可奈何	wú kě nài hé	7796	ai-ei,n-l,h-f	1
迄今为止	qì jīn wéi zhǐ	7799	in-ing,ai-ei,z-zh,j-q-x	1
和平共处	hé píng gòng chǔ	7842	in-ing,c-ch,h-f	1
官僚主义	guān liáo zhǔ yì	7912	uan-uang,z-zh,n-l,r-l	1
社会制度	shè huì zhì dù	7931	z-zh,s-sh,h-f	1
二氧化碳	èr yǎng huà tàn	7998	an-ang,ua-uo,h-f	1
经济基础	jīng jì jī chǔ	8055	in-ing,c-ch,j-q-x	1
红十字会	hóng shí zì huì	8171	z-zh,s-sh,h-f	1
社会保险	shè huì bǎo xiǎn	8185	ian-iang,ao-ou,s-sh,h-f,j-q-x	1
卓有成效	zhuó yǒu chéng xiào	8264	en-eng,ao-ou,ua-uo,z-zh,c-ch,j-q-x	1
行之有效	xíng zhī yǒu xiào	8313	in-ing,ao-ou,z-zh,j-q-x	1
方方面面	fāng fāng miàn miàn	8333	an-ang,ian-iang,h-f	1
举世瞩目	jǔ shì zhǔ mù	8389	z-zh,s-sh,j-q-x	1
成千上万	chéng qiān shàng wàn	8457	en-eng,an-ang,ian-iang,c-ch,s-sh,j-q-x	1
日新月异	rì xīn yuè yì	8509	in-ing,r-l,j-q-x	1
经济特区	jīng jì tè qū	8672	in-ing,j-q-x	1
自言自语	zì yán zì yǔ	8689	an-ang,z-zh	1
由此可见	yóu cǐ kě jiàn	8735	ian-iang,ao-ou,c-ch,j-q-x	1
想方设法	xiǎng fāng shè fǎ	8743	an-ang,ian-iang,s-sh,h-f,j-q-x	1
广播电台	guǎng bō diàn tái	8852	ian-iang,uan-uang,ai-ei	1
国际象棋	guó jì xiàng qí	8863	ian-iang,ua-uo,j-q-x	1
平等互利	píng děng hù lì	8872	en-eng,in-ing,n-l,h-f,r-l	1
千家万户	qiān jiā wàn hù	8888	an-ang,ian-iang,ia-ie,h-f,j-q-x	1
集体经济	jí tǐ jīng jì	8906	in-ing,j-q-x	1
四面八方	sì miàn bā fāng	8910	an-ang,ian-iang,s-sh,h-f	1
行政处罚	xíng zhèng chǔ fá	8925	en-eng,in-ing,z-zh,c-ch,h-f,j-q-x	1
见义勇为	jiàn yì yǒng wéi	8983	ian-iang,ai-ei,j-q-x	1
好不容易	hǎo bù róng yì	8985	ao-ou,h-f,r-l	1
弄虚作假	nòng xū zuò jiǎ	9104	ia-ie,ua-uo,z-zh,n-l,j-q-x	1
电子商务	diàn zǐ shāng wù	9164	an-ang,ian-iang,z-zh,s-sh	1
众所周知	zhòng suǒ zhōu zhī	9168	ao-ou,ua-uo,z-zh,s-sh	1
各行各业	gè háng gè yè	9192	an-ang,h-f	1
经济体制	jīng jì tǐ zhì	9208	in-ing,z-zh,j-q-x	1
来之不易	lái zhī bù yì	9251	ai-ei,z-zh,n-l,r-l	1
伊斯兰堡	yī sī lán bǎo	9272	an-ang,ao-ou,s-sh,n-l,r-l	1
长治久安	cháng zhì jiǔ ān	9302	an-ang,z-zh,c-ch,j-q-x	1
源远流长	yuán yuǎn liú cháng	9372	an-ang,uan-uang,c-ch,n-l,r-l	1
全力以赴	quán lì yǐ fù	9448	uan-uang,n-l,h-f,r-l,j-q-x	1
流动人口	liú dòng rén kǒu	9546	en-eng,ao-ou,n-l,r-l	1
商品经济	shāng pǐn jīng jì	9660	in-ing,an-ang,s-sh,j-q-x	1
这样一来	zhè yàng yī lái	9686	an-ang,ai-ei,z-zh,n-l,r-l	1
集贸市场	jí mào shì chǎng	9775	an-ang,ao-ou,c-ch,s-sh,j-q-x	1
不以为然	bù yǐ wéi rán	9782	an-ang,ai-ei,r-l	1
自力更生	zì lì gēng shēng	9892	en-eng,z-zh,s-sh,n-l,r-l	1
不由自主	bù yóu zì zhǔ	9949	ao-ou,z-zh	1
报告文学	bào gào wén xué	9959	en-eng,ao-ou,j-q-x	1
公共汽车	gōng gòng qì chē	9960	c-ch,j-q-x	1
群众路线	qún zhòng lù xiàn	9971	ian-iang,z-zh,n-l,r-l,j-q-x	1
这就是说	zhè jiù shì shuō	9999	ua-uo,z-zh,s-sh,j-q-x	1
通货膨胀	tōng huò péng zhàng	10038	en-eng,an-ang,ua-uo,z-zh,h-f	1
绿色通道	lǜ sè tōng dào	10051	ao-ou,s-sh,n-l,r-l	1
小心翼翼	xiǎo xīn yì yì	10054	in-ing,j-q-x	1
亲朋好友	qīn péng hǎo yǒu	10085	en-eng,in-ing,ao-ou,h-f,j-q-x	1
政治体制	zhèng zhì tǐ zhì	10088	en-eng,z-zh	1
安居乐业	ān jū lè yè	10137	an-ang,n-l,r-l,j-q-x	1
上层建筑	shàng céng jiàn zhù	10167	en-eng,an-ang,ian-iang,z-zh,c-ch,s-sh,j-q-x	1
联席会议	lián xí huì yì	10228	ian-iang,n-l,h-f,r-l,j-q-x	1
伊斯兰教	yī sī lán jiào	10305	an-ang,s-sh,n-l,r-l,j-q-x	1
有线电视	yǒu xiàn diàn shì	10306	ian-iang,ao-ou,s-sh,j-q-x	1
不可思议	bù kě sī yì	10339	s-sh	1
突如其来	tū rú qí lái	10354	ai-ei,n-l,r-l,j-q-x	1
情不自禁	qíng bù zì jīn	10393	in-ing,z-zh,j-q-x	1
电子邮件	diàn zǐ yóu jiàn	10407	ian-iang,ao-ou,z-zh,j-q-x	1
兴致勃勃	xìng zhì bó bó	10448	in-ing,z-zh,j-q-x	1
身体力行	shēn tǐ lì xíng	10473	en-eng,in-ing,s-sh,n-l,r-l,j-q-x	1
激励机制	jī lì jī zhì	10477	z-zh,n-l,r-l,j-q-x	1
一心一意	yī xīn yī yì	10505	in-ing,j-q-x	1
市场体系	shì chǎng tǐ xì	10536	an-ang,c-ch,s-sh,j-q-x	1
人才市场	rén cái shì chǎng	10599	en-eng,an-ang,ai-ei,c-ch,s-sh,r-l	1
脚踏实地	jiǎo tà shí dì	10621	s-sh,j-q-x	1
名副其实	míng fù qí shí	10676	in-ing,s-sh,h-f,j-q-x	1
不约而同	bù yuē ér tóng	10689		1
后顾之忧	hòu gù zhī yōu	10692	ao-ou,z-zh,h-f	1
生产方式	shēng chǎn fāng shì	10735	en-eng,an-ang,c-ch,s-sh,h-f	1
自强不息	zì qiáng bù xī	10814	ian-iang,z-zh,j-q-x	1
错综复杂	cuò zōng fù zá	10820	ua-uo,z-zh,c-ch,h-f	1
积极分子	jī jí fèn zǐ	10841	en-eng,z-zh,h-f,j-q-x	1
百分之百	bǎi fēn zhī bǎi	10905	en-eng,ai-ei,z-zh,h-f	1
社会关系	shè huì guān xì	10923	uan-uang,s-sh,h-f,j-q-x	1
丝绸之路	sī chóu zhī lù	10937	ao-ou,z-zh,c-ch,s-sh,n-l,r-l	1
理所当然	lǐ suǒ dāng rán	10961	an-ang,ua-uo,s-sh,n-l,r-l	1
可想而知	kě xiǎng ér zhī	11009	ian-iang,z-zh,j-q-x	1
千千万万	qiān qiān wàn wàn	11038	an-ang,ian-iang,j-q-x	1
辛亥革命	xīn hài gé mìng	11041	in-ing,ai-ei,h-f,j-q-x	1
喜闻乐见	xǐ wén lè jiàn	11053	en-eng,ian-iang,n-l,r-l,j-q-x	1
一天到晚	yī tiān dào wǎn	11091	an-ang,ian-iang,ao-ou	1
轰轰烈烈	hōng hōng liè liè	11107	ia-ie,n-l,h-f,r-l	1
集成电路	jí chéng diàn lù	11120	en-eng,ian-iang,c-ch,n-l,r-l,j-q-x	1
多种多样	duō zhǒng duō yàng	11230	an-ang,ua-uo,z-zh	1
应运而生	yìng yùn ér shēng	11260	en-eng,in-ing,s-sh	1
息息相关	xī xī xiāng guān	11285	ian-iang,uan-uang,j-q-x	1
大吃一惊	dà chī yī jīng	11307	in-ing,c-ch,j-q-x	1
聚精会神	jù jīng huì shén	11308	en-eng,in-ing,s-sh,h-f,j-q-x	1
义不容辞	yì bù róng cí	11311	c-ch,r-l	1
音像制品	yīn xiàng zhì pǐn	11312	in-ing,ian-iang,z-zh,j-q-x	1
举足轻重	jǔ zú qīng zhòng	11374	in-ing,z-zh,j-q-x	1
自我批评	zì wǒ pī píng	11381	in-ing,z-zh	1
归根到底	guī gēn dào dǐ	11413	en-eng,ao-ou	1
相辅相成	xiāng fǔ xiāng chéng	11458	en-eng,ian-iang,c-ch,h-f,j-q-x	1
除此之外	chú cǐ zhī wài	11461	ai-ei,z-zh,c-ch	1
络绎不绝	luò yì bù jué	11493	ua-uo,n-l,r-l,j-q-x	1
继往开来	jì wǎng kāi lái	11519	an-ang,ai-ei,n-l,r-l,j-q-x	1
远程教育	yuǎn chéng jiào yù	11524	en-eng,uan-uang,c-ch,j-q-x	1
北京时间	běi jīng shí jiān	11547	in-ing,ian-iang,ai-ei,s-sh,j-q-x	1
不可或缺	bù kě huò quē	11568	ua-uo,h-f,j-q-x	1
经济作物	jīng jì zuò wù	11570	in-ing,ua-uo,z-zh,j-q-x	1
与众不同	yǔ zhòng bù tóng	11616	z-zh	1
军国主义	jūn guó zhǔ yì	11637	ua-uo,z-zh,j-q-x	1
层出不穷	céng chū bù qióng	11647	en-eng,c-ch,j-q-x	1
齐心协力	qí xīn xié lì	11650	in-ing,ia-ie,n-l,r-l,j-q-x	1
儿媳妇儿	ér xí fu er	11656	h-f,j-q-x	1
得天独厚	dé tiān dú hòu	11672	ian-iang,ao-ou,h-f	1
源源不断	yuán yuán bù duàn	11702	uan-uang	1
可操作性	kě cāo zuò xìng	11729	in-ing,ao-ou,ua-uo,z-zh,c-ch,j-q-x	1
一动不动	yī dòng bù dòng	11773		1
民主革命	mín zhǔ gé mìng	11786	in-ing,z-zh	1
大街小巷	dà jiē xiǎo xiàng	11793	ian-iang,ia-ie,j-q-x	1
唯物主义	wéi wù zhǔ yì	11817	ai-ei,z-zh	1
人民团体	rén mín tuán tǐ	11842	en-eng,in-ing,uan-uang,r-l	1
任重道远	rèn zhòng dào yuǎn	11858	en-eng,uan-uang,ao-ou,z-zh,r-l	1
集体主义	jí tǐ zhǔ yì	11884	z-zh,j-q-x	1
理直气壮	lǐ zhí qì zhuàng	11886	uan-uang,z-zh,n-l,r-l,j-q-x	1
壮士断腕	zhuàng shì duàn wàn	11959	an-ang,uan-uang,z-zh,s-sh	1
融为一体	róng wéi yī tǐ	11969	ai-ei,r-l	1
兴高采烈	xìng gāo cǎi liè	11971	in-ing,ai-ei,ao-ou,ia-ie,c-ch,n-l,r-l,j-q-x	1
总工程师	zǒng gōng chéng shī	11975	en-eng,z-zh,c-ch,s-sh	1
惊心动魄	jīng xīn dòng pò	11979	in-ing,j-q-x	1
中外合资	zhōng wài hé zī	11986	ai-ei,z-zh,h-f	1
五星红旗	wǔ xīng hóng qí	12029	in-ing,h-f,j-q-x	1
不知所措	bù zhī suǒ cuò	12065	ua-uo,z-zh,c-ch,s-sh	1
再接再厉	zài jiē zài lì	12074	ai-ei,ia-ie,z-zh,n-l,r-l,j-q-x	1
有识之士	yǒu shí zhī shì	12083	ao-ou,z-zh,s-sh	1
自然而然	zì rán ér rán	12133	an-ang,z-zh,r-l	1
以权谋私	yǐ quán móu sī	12143	uan-uang,ao-ou,s-sh,j-q-x	1
知识经济	zhī shi jīng jì	12182	in-ing,z-zh,s-sh,j-q-x	1
民事诉讼	mín shì sù sòng	12206	in-ing,s-sh	1
主要矛盾	zhǔ yào máo dùn	12209	ao-ou,z-zh	1
供不应求	gōng bù yìng qiú	12216	in-ing,j-q-x	1
循序渐进	xún xù jiàn jìn	12229	in-ing,ian-iang,j-q-x	1
必由之路	bì yóu zhī lù	12233	ao-ou,z-zh,n-l,r-l	1
家家户户	jiā jiā hù hù	12255	ia-ie,h-f,j-q-x	1
形形色色	xíng xíng sè sè	12278	in-ing,s-sh,j-q-x	1
显而易见	xiǎn ér yì jiàn	12306	ian-iang,j-q-x	1
有史以来	yǒu shǐ yǐ lái	12323	ai-ei,ao-ou,s-sh,n-l,r-l	1
统筹兼顾	tǒng chóu jiān gù	12354	ian-iang,ao-ou,c-ch,j-q-x	1
各式各样	gè shì gè yàng	12395	an-ang,s-sh	1
一般来说	yī bān lái shuō	12439	an-ang,ai-ei,ua-uo,s-sh,n-l,r-l	1
浪漫主义	làng màn zhǔ yì	12460	an-ang,z-zh,n-l,r-l	1
修正主义	xiū zhèng zhǔ yì	12466	en-eng,z-zh,j-q-x	1
突飞猛进	tū fēi měng jìn	12487	en-eng,in-ing,ai-ei,h-f,j-q-x	1
多边贸易	duō biān mào yì	12525	ian-iang,ao-ou,ua-uo	1
形而上学	xíng ér shàng xué	12558	in-ing,an-ang,s-sh,j-q-x	1
社会福利	shè huì fú lì	12587	s-sh,n-l,h-f,r-l	1
遵纪守法	zūn jì shǒu fǎ	12616	ao-ou,z-zh,s-sh,h-f,j-q-x	1
贫下中农	pín xià zhōng nóng	12714	in-ing,ia-ie,z-zh,n-l,j-q-x	1
急功近利	jí gōng jìn lì	12723	in-ing,n-l,r-l,j-q-x	1
居高不下	jū gāo bù xià	12724	ao-ou,ia-ie,j-q-x	1
出人意料	chū rén yì liào	12740	en-eng,c-ch,n-l,r-l	1
二氧化硫	èr yǎng huà liú	12747	an-ang,ua-uo,n-l,h-f,r-l	1
发扬光大	fā yáng guāng dà	12748	an-ang,uan-uang,h-f	1
希望工程	xī wàng gōng chéng	12753	en-eng,an-ang,c-ch,j-q-x	1
不折不扣	bù zhé bù kòu	12841	ao-ou,z-zh	1
民族主义	mín zú zhǔ yì	12878	in-ing,z-zh	1
迫不及待	pò bù jí dài	12879	ai-ei,j-q-x	1
齐抓共管	qí zhuā gòng guǎn	12891	uan-uang,ua-uo,z-zh,j-q-x	1
运载火箭	yùn zài huǒ jiàn	12895	ian-iang,ai-ei,ua-uo,z-zh,h-f,j-q-x	1
客观世界	kè guān shì jiè	13010	uan-uang,ia-ie,s-sh,j-q-x	1
建功立业	jiàn gōng lì yè	13040	ian-iang,n-l,r-l,j-q-x	1
唯物史观	wéi wù shǐ guān	13086	uan-uang,ai-ei,s-sh	1
一脉相承	yī mài xiāng chéng	13088	en-eng,ian-iang,ai-ei,c-ch,j-q-x	1
以身作则	yǐ shēn zuò zé	13102	en-eng,ua-uo,z-zh,s-sh	1
德才兼备	dé cái jiān bèi	13156	ian-iang,ai-ei,c-ch,j-q-x	1
真心实意	zhēn xīn shí yì	13210	en-eng,in-ing,z-zh,s-sh,j-q-x	1
个人主义	gè rén zhǔ yì	13221	en-eng,z-zh,r-l	1
势在必行	shì zài bì xíng	13228	in-ing,ai-ei,z-zh,s-sh,j-q-x	1
好一会儿	hǎo yī huì er	13248	ao-ou,h-f	1
屡禁不止	lǚ jìn bù zhǐ	13277	in-ing,z-zh,n-l,r-l,j-q-x	1
万众一心	wàn zhòng yī xīn	13282	in-ing,an-ang,z-zh,j-q-x	1
新冠肺炎	xīn guān fèi yán	13321	in-ing,an-ang,uan-uang,ai-ei,h-f,j-q-x	1
同心同德	tóng xīn tóng dé	13363	in-ing,j-q-x	1
国民收入	guó mín shōu rù	13369	in-ing,ao-ou,ua-uo,s-sh,r-l	1
求同存异	qiú tóng cún yì	13370	c-ch,j-q-x	1
一丝不苟	yī sī bù gǒu	13387	ao-ou,s-sh	1
私营经济	sī yíng jīng jì	13439	in-ing,s-sh,j-q-x	1
乱七八糟	luàn qī bā zāo	13465	uan-uang,ao-ou,z-zh,n-l,r-l,j-q-x	1
耳目一新	ěr mù yī xīn	13473	in-ing,j-q-x	1
审时度势	shěn shí duó shì	13502	en-eng,ua-uo,s-sh	1
不动声色	bù dòng shēng sè	13507	en-eng,s-sh	1
高瞻远瞩	gāo zhān yuǎn zhǔ	13510	an-ang,uan-uang,ao-ou,z-zh	1
唯心主义	wéi xīn zhǔ yì	13520	in-ing,ai-ei,z-zh,j-q-x	1
刻不容缓	kè bù róng huǎn	13529	uan-uang,h-f,r-l	1
诺贝尔奖	nuò bèi ěr jiǎng	13558	ian-iang,ai-ei,ua-uo,n-l,j-q-x	1
触目惊心	chù mù jīng xīn	13565	in-ing,c-ch,j-q-x	1
潜移默化	qián yí mò huà	13585	ian-iang,ua-uo,h-f,j-q-x	1
有声有色	yǒu shēng yǒu sè	13586	en-eng,ao-ou,s-sh	1
家喻户晓	jiā yù hù xiǎo	13593	ia-ie,h-f,j-q-x	1
持之以恒	chí zhī yǐ héng	13619	en-eng,z-zh,c-ch,h-f	1
剥削阶级	bō xuē jiē jí	13633	ia-ie,j-q-x	1
愈演愈烈	yù yǎn yù liè	13646	an-ang,ia-ie,n-l,r-l	1
风云变幻	fēng yún biàn huàn	13706	en-eng,ian-iang,uan-uang,h-f	1
讨价还价	tǎo jià huán jià	13735	uan-uang,ao-ou,ia-ie,h-f,j-q-x	1
力所能及	lì suǒ néng jí	13746	en-eng,ua-uo,s-sh,n-l,r-l,j-q-x	1
旗帜鲜明	qí zhì xiān míng	13821	in-ing,ian-iang,z-zh,j-q-x	1
封建主义	fēng jiàn zhǔ yì	13880	en-eng,ian-iang,z-zh,h-f,j-q-x	1
百花齐放	bǎi huā qí fàng	13933	an-ang,ai-ei,ua-uo,h-f,j-q-x	1
扶贫济困	fú pín jì kùn	13957	in-ing,h-f,j-q-x	1
久而久之	jiǔ ér jiǔ zhī	13962	z-zh,j-q-x	1
形象工程	xíng xiàng gōng chéng	13965	en-eng,in-ing,ian-iang,c-ch,j-q-x	1
兢兢业业	jīng jīng yè yè	13976	in-ing,j-q-x	1
第三世界	dì sān shì jiè	14002	an-ang,ia-ie,s-sh,j-q-x	1
欢聚一堂	huān jù yī táng	14013	an-ang,uan-uang,h-f,j-q-x	1
此起彼伏	cǐ qǐ bǐ fú	14029	c-ch,h-f,j-q-x	1
人民公社	rén mín gōng shè	14040	en-eng,in-ing,s-sh,r-l	1
翻天覆地	fān tiān fù dì	14057	an-ang,ian-iang,h-f	1
有色金属	yǒu sè jīn shǔ	14078	in-ing,ao-ou,s-sh,j-q-x	1
半殖民地	bàn zhí mín dì	14088	in-ing,an-ang,z-zh	1
大气污染	dà qì wū rǎn	14090	an-ang,r-l,j-q-x	1
紧锣密鼓	jǐn luó mì gǔ	14095	in-ing,ua-uo,n-l,r-l,j-q-x	1
生机勃勃	shēng jī bó bó	14101	en-eng,s-sh,j-q-x	1
一视同仁	yī shì tóng rén	14120	en-eng,s-sh,r-l	1
一模一样	yī mú yī yàng	14147	an-ang	1
眼花缭乱	yǎn huā liáo luàn	14160	an-ang,uan-uang,ua-uo,n-l,h-f,r-l	1
联合政府	lián hé zhèng fǔ	14215	en-eng,ian-iang,z-zh,n-l,h-f,r-l	1
农贸市场	nóng mào shì chǎng	14233	an-ang,ao-ou,c-ch,s-sh,n-l	1
刑事诉讼	xíng shì sù sòng	14236	in-ing,s-sh,j-q-x	1
焕然一新	huàn rán yī xīn	14264	in-ing,an-ang,uan-uang,h-f,r-l,j-q-x	1
恍然大悟	huǎng rán dà wù	14265	an-ang,uan-uang,h-f,r-l	1
名列前茅	míng liè qián máo	14289	in-ing,ian-iang,ao-ou,ia-ie,n-l,r-l,j-q-x	1
大有作为	dà yǒu zuò wéi	14298	ai-ei,ao-ou,ua-uo,z-zh	1
厚积薄发	hòu jī bó fā	14328	ao-ou,h-f,j-q-x	1
光合作用	guāng hé zuò yòng	14370	uan-uang,ua-uo,z-zh,h-f	1
归根结底	guī gēn jié dǐ	14371	en-eng,ia-ie,j-q-x	1
文艺复兴	wén yì fù xīng	14377	en-eng,in-ing,h-f,j-q-x	1
没完没了	méi wán méi liǎo	14387	an-ang,ai-ei,n-l,r-l	1
下大力气	xià dà lì qi	14416	ia-ie,n-l,r-l,j-q-x	1
所作所为	suǒ zuò suǒ wéi	14449	ai-ei,ua-uo,z-zh,s-sh	1
三位一体	sān wèi yī tǐ	14497	an-ang,ai-ei,s-sh	1
博大精深	bó dà jīng shēn	14509	en-eng,in-ing,s-sh,j-q-x	1
一目了然	yī mù liǎo rán	14566	an-ang,n-l,r-l	1
国计民生	guó jì mín shēng	14572	en-eng,in-ing,ua-uo,s-sh,j-q-x	1
自始至终	zì shǐ zhì zhōng	14585	z-zh,s-sh	1
目瞪口呆	mù dèng kǒu dāi	14622	en-eng,ai-ei,ao-ou	1
化学武器	huà xué wǔ qì	14635	ua-uo,h-f,j-q-x	1
教条主义	jiào tiáo zhǔ yì	14637	z-zh,j-q-x	1
尽如人意	jìn rú rén yì	14638	en-eng,in-ing,r-l,j-q-x	1
喜出望外	xǐ chū wàng wài	14646	an-ang,ai-ei,c-ch,j-q-x	1
热线电话	rè xiàn diàn huà	14684	ian-iang,ua-uo,h-f,r-l,j-q-x	1
五花八门	wǔ huā bā mén	14753	en-eng,ua-uo,h-f	1
一席之地	yī xí zhī dì	14756	z-zh,j-q-x	1
断断续续	duàn duàn xù xù	14766	uan-uang,j-q-x	1
大有可为	dà yǒu kě wéi	14781	ai-ei,ao-ou	1
世世代代	shì shì dài dài	14832	ai-ei,s-sh	1
无动于衷	wú dòng yú zhōng	14835	z-zh	1
难能可贵	nán néng kě guì	14844	en-eng,an-ang,n-l	1
作家协会	zuò jiā xié huì	14850	ia-ie,ua-uo,z-zh,h-f,j-q-x	1
多种经营	duō zhǒng jīng yíng	14853	in-ing,ua-uo,z-zh,j-q-x	1
日日夜夜	rì rì yè yè	14875	r-l	1
始终不渝	shǐ zhōng bù yú	14889	z-zh,s-sh	1
网络游戏	wǎng luò yóu xì	14891	an-ang,ao-ou,ua-uo,n-l,r-l,j-q-x	1
奋发有为	fèn fā yǒu wéi	14900	en-eng,ai-ei,ao-ou,h-f	1
或多或少	huò duō huò shǎo	14925	ao-ou,ua-uo,s-sh,h-f	1
玩忽职守	wán hū zhí shǒu	14935	an-ang,ao-ou,z-zh,s-sh,h-f	1
有条不紊	yǒu tiáo bù wěn	15020	en-eng,ao-ou	1
无能为力	wú néng wéi lì	15041	en-eng,ai-ei,n-l,r-l	1
繁荣昌盛	fán róng chāng shèng	15053	en-eng,an-ang,c-ch,s-sh,h-f,r-l	1
争先恐后	zhēng xiān kǒng hòu	15063	en-eng,ian-iang,ao-ou,z-zh,h-f,j-q-x	1
知识青年	zhī shi qīng nián	15064	in-ing,ian-iang,z-zh,s-sh,n-l,j-q-x	1
总而言之	zǒng ér yán zhī	15077	an-ang,z-zh	1
刮目相看	guā mù xiāng kàn	15104	an-ang,ian-iang,ua-uo,j-q-x	1
耐人寻味	nài rén xún wèi	15141	en-eng,ai-ei,n-l,r-l,j-q-x	1
男女老少	nán nǚ lǎo shào	15142	an-ang,ao-ou,s-sh,n-l,r-l	1
生态平衡	shēng tài píng héng	15168	en-eng,in-ing,ai-ei,s-sh,h-f	1
意味深长	yì wèi shēn cháng	15244	en-eng,an-ang,ai-ei,c-ch,s-sh	1
换句话说	huàn jù huà shuō	15251	uan-uang,ua-uo,s-sh,h-f,j-q-x	1
技术革命	jì shù gé mìng	15305	in-ing,s-sh,j-q-x	1
波澜壮阔	bō lán zhuàng kuò	15318	an-ang,uan-uang,ua-uo,z-zh,n-l,r-l	1
迫在眉睫	pò zài méi jié	15331	ai-ei,ia-ie,z-zh,j-q-x	1
不言而喻	bù yán ér yù	15338	an-ang	1
大政方针	dà zhèng fāng zhēn	15341	en-eng,an-ang,z-zh,h-f	1
时至今日	shí zhì jīn rì	15354	in-ing,z-zh,s-sh,r-l,j-q-x	1
忧心忡忡	yōu xīn chōng chōng	15356	in-ing,ao-ou,c-ch,j-q-x	3
殖民主义	zhí mín zhǔ yì	15380	in-ing,z-zh	1
大势所趋	dà shì suǒ qū	15385	ua-uo,s-sh,j-q-x	1
丰功伟绩	fēng gōng wěi jì	15404	en-eng,ai-ei,h-f,j-q-x	1
挺身而出	tǐng shēn ér chū	15414	en-eng,in-ing,c-ch,s-sh	1
侦探小说	zhēn tàn xiǎo shuō	15420	en-eng,an-ang,ua-uo,z-zh,s-sh,j-q-x	1
先发制人	xiān fā zhì rén	15453	en-eng,ian-iang,z-zh,h-f,r-l,j-q-x	1
大江南北	dà jiāng nán běi	15468	an-ang,ian-iang,ai-ei,n-l,j-q-x	1
维吾尔族	wéi wú ěr zú	15473	ai-ei,z-zh	1
时时刻刻	shí shí kè kè	15487	s-sh	1
心甘情愿	xīn gān qíng yuàn	15510	in-ing,an-ang,uan-uang,j-q-x	1
出租汽车	chū zū qì chē	15525	z-zh,c-ch,j-q-x	1
初具规模	chū jù guī mó	15526	c-ch,j-q-x	1
朝气蓬勃	zhāo qì péng bó	15596	en-eng,ao-ou,z-zh,j-q-x	1
不屈不挠	bù qū bù náo	15602	ao-ou,n-l,j-q-x	1
琳琅满目	lín láng mǎn mù	15614	in-ing,an-ang,n-l,r-l	1
视而不见	shì ér bù jiàn	15619	ian-iang,s-sh,j-q-x	1
喜气洋洋	xǐ qì yáng yáng	15622	an-ang,j-q-x	1
淋漓尽致	lín lí jìn zhì	15669	in-ing,z-zh,n-l,r-l,j-q-x	1
鸦片战争	yā piàn zhàn zhēng	15678	en-eng,an-ang,ian-iang,z-zh	1
有目共睹	yǒu mù gòng dǔ	15680	ao-ou	1
五彩缤纷	wǔ cǎi bīn fēn	15699	en-eng,in-ing,ai-ei,c-ch,h-f	1
自由主义	zì yóu zhǔ yì	15704	ao-ou,z-zh	1
比比皆是	bǐ bǐ jiē shì	15761	ia-ie,s-sh,j-q-x	1
密密麻麻	mì mi má má	15788		1
铺天盖地	pū tiān gài dì	15789	ian-iang,ai-ei	1
所到之处	suǒ dào zhī chù	15792	ao-ou,ua-uo,z-zh,c-ch,s-sh	1
种族主义	zhǒng zú zhǔ yì	15803	z-zh	1
座无虚席	zuò wú xū xí	15806	ua-uo,z-zh,j-q-x	1
自然规律	zì rán guī lǜ	15843	an-ang,z-zh,n-l,r-l	1
竞争机制	jìng zhēng jī zhì	15848	en-eng,in-ing,z-zh,j-q-x	1
五颜六色	wǔ yán liù sè	15853	an-ang,s-sh,n-l,r-l	1
别开生面	bié kāi shēng miàn	15859	en-eng,ian-iang,ai-ei,ia-ie,s-sh	1
拉丁美洲	lā dīng měi zhōu	15868	in-ing,ai-ei,ao-ou,z-zh,n-l,r-l	1
取长补短	qǔ cháng bǔ duǎn	15874	an-ang,uan-uang,c-ch,j-q-x	1
轻而易举	qīng ér yì jǔ	15893	in-ing,j-q-x	1
独生子女	dú shēng zǐ nǚ	15960	en-eng,z-zh,s-sh,n-l	1
厄尔尼诺	è ěr ní nuò	15961	ua-uo,n-l	3
语重心长	yǔ zhòng xīn cháng	15968	in-ing,an-ang,z-zh,c-ch,j-q-x	1
社会活动	shè huì huó dòng	15985	ua-uo,s-sh,h-f	1
全权大使	quán quán dà shǐ	16026	uan-uang,s-sh,j-q-x	1
祖祖辈辈	zǔ zǔ bèi bèi	16038	ai-ei,z-zh	1
漫不经心	màn bù jīng xīn	16047	in-ing,an-ang,j-q-x	1
记忆犹新	jì yì yóu xīn	16076	in-ing,ao-ou,j-q-x	1
胡思乱想	hú sī luàn xiǎng	16086	ian-iang,uan-uang,s-sh,n-l,h-f,r-l,j-q-x	1
随时随地	suí shí suí dì	16107	s-sh	1
优胜劣汰	yōu shèng liè tài	16131	en-eng,ai-ei,ao-ou,ia-ie,s-sh,n-l,r-l	1
大刀阔斧	dà dāo kuò fǔ	16135	ao-ou,ua-uo,h-f	1
屡见不鲜	lǚ jiàn bù xiān	16146	ian-iang,n-l,r-l,j-q-x	1
栩栩如生	xǔ xǔ rú shēng	16152	en-eng,s-sh,r-l,j-q-x	3
竞技体育	jìng jì tǐ yù	16185	in-ing,j-q-x	1
提心吊胆	tí xīn diào dǎn	16195	in-ing,an-ang,j-q-x	1
畅所欲言	chàng suǒ yù yán	16200	an-ang,ua-uo,c-ch,s-sh	1
经济危机	jīng jì wēi jī	16205	in-ing,ai-ei,j-q-x	1
滔滔不绝	tāo tāo bù jué	16276	ao-ou,j-q-x	1
不败之地	bù bài zhī dì	16286	ai-ei,z-zh	1
糊里糊涂	hú li hú tú	16292	n-l,h-f,r-l	1
热泪盈眶	rè lèi yíng kuàng	16302	in-ing,uan-uang,ai-ei,n-l,r-l	1
无话可说	wú huà kě shuō	16306	ua-uo,s-sh,h-f	1
一帆风顺	yī fān fēng shùn	16328	en-eng,an-ang,s-sh,h-f	1
有意无意	yǒu yì wú yì	16352	ao-ou	1
方兴未艾	fāng xīng wèi ài	16373	in-ing,an-ang,ai-ei,h-f,j-q-x	1
异口同声	yì kǒu tóng shēng	16385	en-eng,ao-ou,s-sh	1
默默无闻	mò mò wú wén	16423	en-eng	1
背道而驰	bèi dào ér chí	16428	ai-ei,ao-ou,c-ch	1
直截了当	zhí jié liǎo dàng	16447	an-ang,ia-ie,z-zh,n-l,r-l,j-q-x	1
第一时间	dì yī shí jiān	16449	ian-iang,s-sh,j-q-x	1
艰苦卓绝	jiān kǔ zhuó jué	16493	ian-iang,ua-uo,z-zh,j-q-x	1
面面相觑	miàn miàn xiāng qù	16496	ian-iang,j-q-x	3
不遗余力	bù yí yú lì	16510	n-l,r-l	1
众志成城	zhòng zhì chéng chéng	16527	en-eng,z-zh,c-ch	1
封山育林	fēng shān yù lín	16533	en-eng,in-ing,an-ang,s-sh,n-l,h-f,r-l	1
十字路口	shí zì lù kǒu	16543	ao-ou,z-zh,s-sh,n-l,r-l	1
大张旗鼓	dà zhāng qí gǔ	16563	an-ang,z-zh,j-q-x	1
多姿多彩	duō zī duō cǎi	16590	ai-ei,ua-uo,z-zh,c-ch	1
束手无策	shù shǒu wú cè	16602	ao-ou,c-ch,s-sh	1
相得益彰	xiāng dé yì zhāng	16632	an-ang,ian-iang,z-zh,j-q-x	1
量力而行	liàng lì ér xíng	16650	in-ing,ian-iang,n-l,r-l,j-q-x	1
深入浅出	shēn rù qiǎn chū	16653	en-eng,ian-iang,c-ch,s-sh,r-l,j-q-x	1
五四运动	wǔ sì yùn dòng	16655	s-sh	1
主观主义	zhǔ guān zhǔ yì	16680	uan-uang,z-zh	1
独一无二	dú yī wú èr	16681		1
接二连三	jiē èr lián sān	16711	an-ang,ian-iang,ia-ie,s-sh,n-l,r-l,j-q-x	1
堂堂正正	táng táng zhèng zhèng	16722	en-eng,an-ang,z-zh	1
无影无踪	wú yǐng wú zōng	16723	in-ing,z-zh	1
义无反顾	yì wú fǎn gù	16726	an-ang,h-f	1
公用事业	gōng yòng shì yè	16754	s-sh	1
耳闻目睹	ěr wén mù dǔ	16774	en-eng	1
居安思危	jū ān sī wēi	16777	an-ang,ai-ei,s-sh,j-q-x	1
如愿以偿	rú yuàn yǐ cháng	16783	an-ang,uan-uang,c-ch,r-l	1
扭亏为盈	niǔ kuī wéi yíng	16801	in-ing,ai-ei,n-l	1
大惊小怪	dà jīng xiǎo guài	16819	in-ing,j-q-x	1
无期徒刑	wú qī tú xíng	16840	in-ing,j-q-x	1
根深蒂固	gēn shēn dì gù	16869	en-eng,s-sh	1
精益求精	jīng yì qiú jīng	16873	in-ing,j-q-x	1
咬牙切齿	yǎo yá qiè chǐ	16905	ao-ou,ia-ie,c-ch,j-q-x	1
共商国是	gòng shāng guó shì	16913	an-ang,ua-uo,s-sh	1
勤工俭学	qín gōng jiǎn xué	16944	in-ing,ian-iang,j-q-x	1
加班加点	jiā bān jiā diǎn	16963	an-ang,ian-iang,ia-ie,j-q-x	1
惊天动地	jīng tiān dòng dì	16965	in-ing,ian-iang,j-q-x	1
生死存亡	shēng sǐ cún wáng	16983	en-eng,an-ang,c-ch,s-sh	1
未雨绸缪	wèi yǔ chóu móu	16984	ai-ei,ao-ou,c-ch	3
如火如荼	rú huǒ rú tú	17001	ua-uo,h-f,r-l	3
两弹一星	liǎng dàn yī xīng	17029	in-ing,an-ang,ian-iang,n-l,r-l,j-q-x	1
责无旁贷	zé wú páng dài	17042	an-ang,ai-ei,z-zh	1
拔地而起	bá dì ér qǐ	17043	j-q-x	1
不堪设想	bù kān shè xiǎng	17044	an-ang,ian-iang,s-sh,j-q-x	1
纷至沓来	fēn zhì tà lái	17050	en-eng,ai-ei,z-zh,n-l,h-f,r-l	3
能上能下	néng shàng néng xià	17098	en-eng,an-ang,ia-ie,s-sh,n-l,j-q-x	1
欣欣向荣	xīn xīn xiàng róng	17103	in-ing,ian-iang,r-l,j-q-x	1
贸易壁垒	mào yì bì lěi	17113	ai-ei,ao-ou,n-l,r-l	1
各抒己见	gè shū jǐ jiàn	17130	ian-iang,s-sh,j-q-x	1
功不可没	gōng bù kě mò	17131		1
雪上加霜	xuě shàng jiā shuāng	17143	an-ang,uan-uang,ia-ie,s-sh,j-q-x	1
中篇小说	zhōng piān xiǎo shuō	17166	ian-iang,ua-uo,z-zh,s-sh,j-q-x	1
掉以轻心	diào yǐ qīng xīn	17174	in-ing,j-q-x	1
熙熙攘攘	xī xī rǎng rǎng	17184	an-ang,r-l,j-q-x	3
自上而下	zì shàng ér xià	17187	an-ang,ia-ie,z-zh,s-sh,j-q-x	1
随心所欲	suí xīn suǒ yù	17209	in-ing,ua-uo,s-sh,j-q-x	1
微不足道	wēi bù zú dào	17213	ai-ei,ao-ou,z-zh	1
个体经济	gè tǐ jīng jì	17223	in-ing,j-q-x	1
津津有味	jīn jīn yǒu wèi	17227	in-ing,ai-ei,ao-ou,j-q-x	1
心满意足	xīn mǎn yì zú	17237	in-ing,an-ang,z-zh,j-q-x	1
史无前例	shǐ wú qián lì	17256	ian-iang,s-sh,n-l,r-l,j-q-x	1
有朝一日	yǒu zhāo yī rì	17265	ao-ou,z-zh,r-l	1
刻骨铭心	kè gǔ míng xīn	17301	in-ing,j-q-x	1
扫黄打非	sǎo huáng dǎ fēi	17305	uan-uang,ai-ei,ao-ou,s-sh,h-f	1
一成不变	yī chéng bù biàn	17332	en-eng,ian-iang,c-ch	1
一无所知	yī wú suǒ zhī	17372	ua-uo,z-zh,s-sh	1
出乎意料	chū hū yì liào	17379	c-ch,n-l,h-f,r-l	1
化学反应	huà xué fǎn yìng	17383	in-ing,an-ang,ua-uo,h-f,j-q-x	1
新陈代谢	xīn chén dài xiè	17391	en-eng,in-ing,ai-ei,ia-ie,c-ch,j-q-x	1
拨乱反正	bō luàn fǎn zhèng	17401	en-eng,an-ang,uan-uang,z-zh,n-l,h-f,r-l	1
自负盈亏	zì fù yíng kuī	17426	in-ing,z-zh,h-f	1
肆无忌惮	sì wú jì dàn	17447	an-ang,s-sh,j-q-x	3
民事责任	mín shì zé rèn	17473	en-eng,in-ing,z-zh,s-sh,r-l	1
取而代之	qǔ ér dài zhī	17477	ai-ei,z-zh,j-q-x	1
司空见惯	sī kōng jiàn guàn	17499	ian-iang,uan-uang,s-sh,j-q-x	1
万无一失	wàn wú yī shī	17502	an-ang,s-sh	1
满不在乎	mǎn bù zài hu	17546	an-ang,ai-ei,z-zh,h-f	1
燃眉之急	rán méi zhī jí	17573	an-ang,ai-ei,z-zh,r-l,j-q-x	1
航空母舰	háng kōng mǔ jiàn	17590	an-ang,ian-iang,h-f,j-q-x	1
欢欣鼓舞	huān xīn gǔ wǔ	17591	in-ing,uan-uang,h-f,j-q-x	1
集思广益	jí sī guǎng yì	17594	uan-uang,s-sh,j-q-x	1
七嘴八舌	qī zuǐ bā shé	17604	z-zh,s-sh,j-q-x	1
五角大楼	wǔ jiǎo dà lóu	17610	ao-ou,n-l,r-l,j-q-x	1
主观世界	zhǔ guān shì jiè	17616	uan-uang,ia-ie,z-zh,s-sh,j-q-x	1
大起大落	dà qǐ dà luò	17622	ua-uo,n-l,r-l,j-q-x	1
无济于事	wú jì yú shì	17639	s-sh,j-q-x	1
最低工资	zuì dī gōng zī	17648	z-zh	1
更有甚者	gèng yǒu shèn zhě	17657	en-eng,ao-ou,z-zh,s-sh	1
劳民伤财	láo mín shāng cái	17662	in-ing,an-ang,ai-ei,ao-ou,c-ch,s-sh,n-l,r-l	1
趋利避害	qū lì bì hài	17669	ai-ei,n-l,h-f,r-l,j-q-x	1
死灰复燃	sǐ huī fù rán	17672	an-ang,s-sh,h-f,r-l	1
印第安人	yìn dì ān rén	17683	en-eng,in-ing,an-ang,r-l	1
别有用心	bié yǒu yòng xīn	17689	in-ing,ao-ou,ia-ie,j-q-x	1
互惠互利	hù huì hù lì	17695	n-l,h-f,r-l	1
一声不响	yī shēng bù xiǎng	17709	en-eng,ian-iang,s-sh,j-q-x	1
铺张浪费	pū zhāng làng fèi	17746	an-ang,ai-ei,z-zh,n-l,h-f,r-l	1
锲而不舍	qiè ér bù shě	17748	ia-ie,s-sh,j-q-x	3
郁郁葱葱	yù yù cōng cōng	17761	c-ch	1
因势利导	yīn shì lì dǎo	17816	in-ing,ao-ou,s-sh,n-l,r-l	1
有惊无险	yǒu jīng wú xiǎn	17827	in-ing,ian-iang,ao-ou,j-q-x	1
种族歧视	zhǒng zú qí shì	17837	z-zh,s-sh,j-q-x	1
风风雨雨	fēng fēng yǔ yǔ	17848	en-eng,h-f	1
若无其事	ruò wú qí shì	17854	ua-uo,s-sh,r-l,j-q-x	1
推陈出新	tuī chén chū xīn	17912	en-eng,in-ing,c-ch,j-q-x	1
一点一滴	yī diǎn yī dī	17914	ian-iang	1
暗箱操作	àn xiāng cāo zuò	17918	an-ang,ian-iang,ao-ou,ua-uo,z-zh,c-ch,j-q-x	1
居高临下	jū gāo lín xià	17931	in-ing,ao-ou,ia-ie,n-l,r-l,j-q-x	1
吞吞吐吐	tūn tūn tǔ tǔ	17942		1
无家可归	wú jiā kě guī	17943	ia-ie,j-q-x	1
雪中送炭	xuě zhōng sòng tàn	17946	an-ang,z-zh,s-sh,j-q-x	1
不得而知	bù dé ér zhī	17951	z-zh	1
价值规律	jià zhí guī lǜ	17959	ia-ie,z-zh,n-l,r-l,j-q-x	1
鞠躬尽瘁	jū gōng jìn cuì	17960	in-ing,c-ch,j-q-x	3
消费结构	xiāo fèi jié gòu	17976	ai-ei,ao-ou,ia-ie,h-f,j-q-x	1
斩钉截铁	zhǎn dīng jié tiě	17980	in-ing,an-ang,ia-ie,z-zh,j-q-x	1
安然无恙	ān rán wú yàng	18005	an-ang,r-l	3
一本正经	yī běn zhèng jīng	18049	en-eng,in-ing,z-zh,j-q-x	1
第二产业	dì èr chǎn yè	18081	an-ang,c-ch	1
紧急状态	jǐn jí zhuàng tài	18087	in-ing,uan-uang,ai-ei,z-zh,j-q-x	1
嘻嘻哈哈	xī xī hā hā	18096	h-f,j-q-x	1
应有尽有	yīng yǒu jìn yǒu	18100	in-ing,ao-ou,j-q-x	1
挨家挨户	āi jiā āi hù	18119	ai-ei,ia-ie,h-f,j-q-x	1
针锋相对	zhēn fēng xiāng duì	18129	en-eng,ian-iang,z-zh,h-f,j-q-x	1
恪尽职守	kè jìn zhí shǒu	18163	in-ing,ao-ou,z-zh,s-sh,j-q-x	3
技术革新	jì shù gé xīn	18192	in-ing,s-sh,j-q-x	1
哭笑不得	kū xiào bù dé	18197	j-q-x	1
实话实说	shí huà shí shuō	18204	ua-uo,s-sh,h-f	1
胸有成竹	xiōng yǒu chéng zhú	18207	en-eng,ao-ou,z-zh,c-ch,j-q-x	1
纵横交错	zòng héng jiāo cuò	18212	en-eng,ua-uo,z-zh,c-ch,h-f,j-q-x	1
奋发图强	fèn fā tú qiáng	18218	en-eng,ian-iang,h-f,j-q-x	1
雨后春笋	yǔ hòu chūn sǔn	18238	ao-ou,c-ch,s-sh,h-f	1
诸如此类	zhū rú cǐ lèi	18241	ai-ei,z-zh,c-ch,n-l,r-l	1
不择手段	bù zé shǒu duàn	18243	uan-uang,ao-ou,z-zh,s-sh	1
可乘之机	kě chéng zhī jī	18252	en-eng,z-zh,c-ch,j-q-x	1
力不从心	lì bù cóng xīn	18254	in-ing,c-ch,n-l,r-l,j-q-x	1
男男女女	nán nán nǚ nǚ	18256	an-ang,n-l	1
喜怒哀乐	xǐ nù āi lè	18269	ai-ei,n-l,r-l,j-q-x	1
一技之长	yī jì zhī cháng	18271	an-ang,z-zh,c-ch,j-q-x	1
与日俱增	yǔ rì jù zēng	18272	en-eng,z-zh,r-l,j-q-x	1
垂头丧气	chuí tóu sàng qì	18278	an-ang,ao-ou,c-ch,s-sh,j-q-x	1
总的来说	zǒng de lái shuō	18326	ai-ei,ua-uo,z-zh,s-sh,n-l,r-l	1
咄咄逼人	duō duō bī rén	18334	en-eng,ua-uo,r-l	1
食物中毒	shí wù zhòng dú	18350	z-zh,s-sh	1
谈何容易	tán hé róng yì	18354	an-ang,h-f,r-l	1
开门见山	kāi mén jiàn shān	18373	en-eng,an-ang,ian-iang,ai-ei,s-sh,j-q-x	1
顺理成章	shùn lǐ chéng zhāng	18381	en-eng,an-ang,z-zh,c-ch,s-sh,n-l,r-l	1
一应俱全	yī yīng jù quán	18386	in-ing,uan-uang,j-q-x	1
通货紧缩	tōng huò jǐn suō	18404	in-ing,ua-uo,s-sh,h-f,j-q-x	1
一无所有	yī wú suǒ yǒu	18412	ao-ou,ua-uo,s-sh	1
自以为是	zì yǐ wéi shì	18417	ai-ei,z-zh,s-sh	1
更新换代	gēng xīn huàn dài	18424	en-eng,in-ing,uan-uang,ai-ei,h-f,j-q-x	1
心平气和	xīn píng qì hé	18450	in-ing,h-f,j-q-x	1
百家争鸣	bǎi jiā zhēng míng	18459	en-eng,in-ing,ai-ei,ia-ie,z-zh,j-q-x	1
沸沸扬扬	fèi fèi yáng yáng	18498	an-ang,ai-ei,h-f	1
一家一户	yī jiā yī hù	18510	ia-ie,h-f,j-q-x	1
生态工程	shēng tài gōng chéng	18531	en-eng,ai-ei,c-ch,s-sh	1
习以为常	xí yǐ wéi cháng	18537	an-ang,ai-ei,c-ch,j-q-x	1
心中有数	xīn zhōng yǒu shù	18538	in-ing,ao-ou,z-zh,s-sh,j-q-x	1
行政区划	xíng zhèng qū huà	18539	en-eng,in-ing,ua-uo,z-zh,h-f,j-q-x	1
呕心沥血	ǒu xīn lì xuè	18561	in-ing,ao-ou,n-l,r-l,j-q-x	1
热火朝天	rè huǒ cháo tiān	18567	ian-iang,ao-ou,ua-uo,c-ch,h-f,r-l	1
水土保持	shuǐ tǔ bǎo chí	18570	ao-ou,c-ch,s-sh	1
无所作为	wú suǒ zuò wéi	18576	ai-ei,ua-uo,z-zh,s-sh	1
蔚然成风	wèi rán chéng fēng	18601	en-eng,an-ang,ai-ei,c-ch,h-f,r-l	1
战战兢兢	zhàn zhàn jīng jīng	18608	in-ing,an-ang,z-zh,j-q-x	1
白衣天使	bái yī tiān shǐ	18611	ian-iang,ai-ei,s-sh	1
可歌可泣	kě gē kě qì	18625	j-q-x	1
名胜古迹	míng shèng gǔ jī	18628	en-eng,in-ing,s-sh,j-q-x	1
脱胎换骨	tuō tāi huàn gǔ	18633	uan-uang,ai-ei,ua-uo,h-f	1
自由自在	zì yóu zì zài	18643	ai-ei,ao-ou,z-zh	1
高高在上	gāo gāo zài shàng	18652	an-ang,ai-ei,ao-ou,z-zh,s-sh	1
坚韧不拔	jiān rèn bù bá	18656	en-eng,ian-iang,r-l,j-q-x	1
特快专递	tè kuài zhuān dì	18670	uan-uang,z-zh	1
鲜为人知	xiǎn wéi rén zhī	18674	en-eng,ian-iang,ai-ei,z-zh,r-l,j-q-x	1
一蹴而就	yī cù ér jiù	18675	c-ch,j-q-x	3
引人入胜	yǐn rén rù shèng	18678	en-eng,in-ing,s-sh,r-l	1
一望无际	yī wàng wú jì	18713	an-ang,j-q-x	1
格格不入	gé gé bù rù	18730	r-l	1
赏心悦目	shǎng xīn yuè mù	18741	in-ing,an-ang,s-sh,j-q-x	1
浩浩荡荡	hào hào dàng dàng	18753	an-ang,ao-ou,h-f	1
各司其职	gè sī qí zhí	18786	z-zh,s-sh,j-q-x	1
廉洁奉公	lián jié fèng gōng	18792	en-eng,ian-iang,ia-ie,n-l,h-f,r-l,j-q-x	1
一针见血	yī zhēn jiàn xiě	18800	en-eng,ian-iang,ia-ie,z-zh,j-q-x	1
绿色食品	lǜ sè shí pǐn	18815	in-ing,s-sh,n-l,r-l	1
锐意进取	ruì yì jìn qǔ	18821	in-ing,r-l,j-q-x	1
天经地义	tiān jīng dì yì	18825	in-ing,ian-iang,j-q-x	1
违法乱纪	wéi fǎ luàn jì	18827	uan-uang,ai-ei,n-l,h-f,r-l,j-q-x	1
结结巴巴	jiē jie bā bā	18848	ia-ie,j-q-x	1
手忙脚乱	shǒu máng jiǎo luàn	18857	an-ang,uan-uang,ao-ou,s-sh,n-l,r-l,j-q-x	1
心不在焉	xīn bù zài yān	18862	in-ing,an-ang,ai-ei,z-zh,j-q-x	1
出谋划策	chū móu huà cè	18872	ao-ou,ua-uo,c-ch,h-f	1
对症下药	duì zhèng xià yào	18875	en-eng,ao-ou,ia-ie,z-zh,j-q-x	1
忍无可忍	rěn wú kě rěn	18893	en-eng,r-l	1
脱口而出	tuō kǒu ér chū	18900	ao-ou,ua-uo,c-ch	1
徇私舞弊	xùn sī wǔ bì	18904	s-sh,j-q-x	3
综上所述	zōng shàng suǒ shù	18911	an-ang,ua-uo,z-zh,s-sh	1
百折不挠	bǎi zhé bù náo	18912	ai-ei,ao-ou,z-zh,n-l	1
一个劲儿	yī ge jìn er	18931	in-ing,j-q-x	1
信息社会	xìn xī shè huì	18956	in-ing,s-sh,h-f,j-q-x	1
有的放矢	yǒu dì fàng shǐ	18961	an-ang,ao-ou,s-sh,h-f	1
脊椎动物	jǐ zhuī dòng wù	18972	z-zh,j-q-x	1
载歌载舞	zài gē zài wǔ	18988	ai-ei,z-zh	1
花花绿绿	huā huā lǜ lǜ	18996	ua-uo,n-l,h-f,r-l	1
人民战争	rén mín zhàn zhēng	19006	en-eng,in-ing,an-ang,z-zh,r-l	1
肃然起敬	sù rán qǐ jìng	19015	in-ing,an-ang,s-sh,r-l,j-q-x	1
随之而来	suí zhī ér lái	19035	ai-ei,z-zh,s-sh,n-l,r-l	1
相提并论	xiāng tí bìng lùn	19037	in-ing,ian-iang,n-l,r-l,j-q-x	1
表面文章	biǎo miàn wén zhāng	19043	en-eng,an-ang,ian-iang,z-zh	1
民族英雄	mín zú yīng xióng	19054	in-ing,z-zh,j-q-x	1
津津乐道	jīn jīn lè dào	19130	in-ing,ao-ou,n-l,r-l,j-q-x	1
水泄不通	shuǐ xiè bù tōng	19142	ia-ie,s-sh,j-q-x	1
夜以继日	yè yǐ jì rì	19146	r-l,j-q-x	1
各负其责	gè fù qí zé	19151	z-zh,h-f,j-q-x	1
脍炙人口	kuài zhì rén kǒu	19153	en-eng,ao-ou,z-zh,r-l	3
民意测验	mín yì cè yàn	19156	in-ing,an-ang,c-ch	1
新老交替	xīn lǎo jiāo tì	19166	in-ing,ao-ou,n-l,r-l,j-q-x	1
扬长避短	yáng cháng bì duǎn	19170	an-ang,uan-uang,c-ch	1
一清二楚	yī qīng èr chǔ	19171	in-ing,c-ch,j-q-x	1
浑身上下	hún shēn shang xià	19192	en-eng,an-ang,ia-ie,s-sh,h-f,j-q-x	1
由此看来	yóu cǐ kàn lái	19206	an-ang,ai-ei,ao-ou,c-ch,n-l,r-l	1
百科全书	bǎi kē quán shū	19212	uan-uang,ai-ei,s-sh,j-q-x	1
感慨万千	gǎn kǎi wàn qiān	19219	an-ang,ian-iang,ai-ei,j-q-x	1
情有独钟	qíng yǒu dú zhōng	19231	in-ing,ao-ou,z-zh,j-q-x	1
不拘一格	bù jū yī gé	19246	j-q-x	1
电子信箱	diàn zǐ xìn xiāng	19253	in-ing,ian-iang,z-zh,j-q-x	1
欢声笑语	huān shēng xiào yǔ	19258	en-eng,uan-uang,s-sh,h-f,j-q-x	1
字里行间	zì lǐ háng jiān	19276	an-ang,ian-iang,z-zh,n-l,h-f,r-l,j-q-x	1
参差不齐	cēn cī bù qí	19279	en-eng,c-ch,j-q-x	1
胡说八道	hú shuō bā dào	19285	ao-ou,ua-uo,s-sh,h-f	1
千变万化	qiān biàn wàn huà	19292	an-ang,ian-iang,ua-uo,h-f,j-q-x	1
生产工具	shēng chǎn gōng jù	19296	en-eng,an-ang,c-ch,s-sh,j-q-x	1
事半功倍	shì bàn gōng bèi	19299	an-ang,ai-ei,s-sh	1
铤而走险	tǐng ér zǒu xiǎn	19301	in-ing,ian-iang,ao-ou,z-zh,j-q-x	3
高屋建瓴	gāo wū jiàn líng	19343	in-ing,ian-iang,ao-ou,n-l,r-l,j-q-x	3
继续教育	jì xù jiào yù	19346	j-q-x	1
下落不明	xià luò bù míng	19358	in-ing,ia-ie,ua-uo,n-l,r-l,j-q-x	1
梦寐以求	mèng mèi yǐ qiú	19371	en-eng,ai-ei,j-q-x	3
水落石出	shuǐ luò shí chū	19375	ua-uo,c-ch,s-sh,n-l,r-l	1
幸灾乐祸	xìng zāi lè huò	19411	in-ing,ai-ei,ua-uo,z-zh,n-l,h-f,r-l,j-q-x	1
一言一行	yī yán yī xíng	19413	in-ing,an-ang,j-q-x	1
无穷无尽	wú qióng wú jìn	19433	in-ing,j-q-x	1
一年到头	yī nián dào tóu	19441	ian-iang,ao-ou,n-l	1
走投无路	zǒu tóu wú lù	19445	ao-ou,z-zh,n-l,r-l	1
不可收拾	bù kě shōu shi	19447	ao-ou,s-sh	1
二话没说	èr huà méi shuō	19451	ai-ei,ua-uo,s-sh,h-f	1
救死扶伤	jiù sǐ fú shāng	19456	an-ang,s-sh,h-f,j-q-x	1
轻描淡写	qīng miáo dàn xiě	19463	in-ing,an-ang,ia-ie,j-q-x	1
共青团员	gòng qīng tuán yuán	19482	in-ing,uan-uang,j-q-x	1
缺一不可	quē yī bù kě	19494	j-q-x	1
勇往直前	yǒng wǎng zhí qián	19529	an-ang,ian-iang,z-zh,j-q-x	1
品学兼优	pǐn xué jiān yōu	19556	in-ing,ian-iang,ao-ou,j-q-x	1
非同寻常	fēi tóng xún cháng	19574	an-ang,ai-ei,c-ch,h-f,j-q-x	1
人尽其才	rén jìn qí cái	19611	en-eng,in-ing,ai-ei,c-ch,r-l,j-q-x	1
三三两两	sān sān liǎng liǎng	19613	an-ang,ian-iang,s-sh,n-l,r-l	1
无可厚非	wú kě hòu fēi	19616	ai-ei,ao-ou,h-f	1
无形资产	wú xíng zī chǎn	19618	in-ing,an-ang,z-zh,c-ch,j-q-x	1
用武之地	yòng wǔ zhī dì	19622	z-zh	1
牵线搭桥	qiān xiàn dā qiáo	19643	ian-iang,j-q-x	1
人造卫星	rén zào wèi xīng	19645	en-eng,in-ing,ai-ei,ao-ou,z-zh,r-l,j-q-x	1
同心协力	tóng xīn xié lì	19649	in-ing,ia-ie,n-l,r-l,j-q-x	1
至高无上	zhì gāo wú shàng	19656	an-ang,ao-ou,z-zh,s-sh	1
拜金主义	bài jīn zhǔ yì	19686	in-ing,ai-ei,z-zh,j-q-x	1
后来居上	hòu lái jū shàng	19691	an-ang,ai-ei,ao-ou,s-sh,n-l,h-f,r-l,j-q-x	1
惊慌失措	jīng huāng shī cuò	19695	in-ing,uan-uang,ua-uo,c-ch,s-sh,h-f,j-q-x	1
吃苦耐劳	chī kǔ nài láo	19716	ai-ei,ao-ou,c-ch,n-l,r-l	1
交相辉映	jiāo xiāng huī yìng	19725	in-ing,ian-iang,h-f,j-q-x	1
马不停蹄	mǎ bù tíng tí	19730	in-ing	1
前前后后	qián qián hòu hòu	19731	ian-iang,ao-ou,h-f,j-q-x	1
生活资料	shēng huó zī liào	19736	en-eng,ua-uo,z-zh,s-sh,n-l,h-f,r-l	1
无缘无故	wú yuán wú gù	19742	uan-uang	1
一意孤行	yī yì gū xíng	19745	in-ing,j-q-x	1
迎刃而解	yíng rèn ér jiě	19746	en-eng,in-ing,ia-ie,r-l,j-q-x	1
车水马龙	chē shuǐ mǎ lóng	19755	c-ch,s-sh,n-l,r-l	1
快人快语	kuài rén kuài yǔ	19767	en-eng,r-l	1
千辛万苦	qiān xīn wàn kǔ	19772	in-ing,an-ang,ian-iang,j-q-x	1
始终如一	shǐ zhōng rú yī	19774	z-zh,s-sh,r-l	1
三维打印	sān wéi dǎ yìn	19797	in-ing,an-ang,ai-ei,s-sh	1
口口声声	kǒu kou shēng shēng	19799	en-eng,ao-ou,s-sh	1
有价证券	yǒu jià zhèng quàn	19819	en-eng,uan-uang,ao-ou,ia-ie,z-zh,j-q-x	1
当之无愧	dāng zhī wú kuì	19825	an-ang,z-zh	1
深恶痛绝	shēn wù tòng jué	19838	en-eng,s-sh,j-q-x	1
现身说法	xiàn shēn shuō fǎ	19850	en-eng,ian-iang,ua-uo,s-sh,h-f,j-q-x	1
不屑一顾	bù xiè yī gù	19858	ia-ie,j-q-x	1
马马虎虎	mǎ mǎ hū hū	19876	h-f	1
念念不忘	niàn niàn bù wàng	19879	an-ang,ian-iang,n-l	1
说实在的	shuō shí zài de	19886	ai-ei,ua-uo,z-zh,s-sh	1
赞不绝口	zàn bù jué kǒu	19895	an-ang,ao-ou,z-zh,j-q-x	1
堂而皇之	táng ér huáng zhī	19929	an-ang,uan-uang,z-zh,h-f	1
无所适从	wú suǒ shì cóng	19930	ua-uo,c-ch,s-sh	1
名正言顺	míng zhèng yán shùn	19947	en-eng,in-ing,an-ang,z-zh,s-sh	1
先行先试	xiān xíng xiān shì	19956	in-ing,ian-iang,s-sh,j-q-x	1
无忧无虑	wú yōu wú lǜ	19962	ao-ou,n-l,r-l	1
从容不迫	cóng róng bù pò	19973	c-ch,r-l	1
化学工业	huà xué gōng yè	19981	ua-uo,h-f,j-q-x	1
目不暇接	mù bù xiá jiē	19988	ia-ie,j-q-x	1
千差万别	qiān chā wàn bié	19992	an-ang,ian-iang,ia-ie,c-ch,j-q-x	1
千军万马	qiān jūn wàn mǎ	19993	an-ang,ian-iang,j-q-x	1
忐忑不安	tǎn tè bù ān	19997	an-ang	3
无微不至	wú wēi bù zhì	20004	ai-ei,z-zh	1
全神贯注	quán shén guàn zhù	20036	en-eng,uan-uang,z-zh,s-sh,j-q-x	1
微量元素	wēi liàng yuán sù	20038	ian-iang,uan-uang,ai-ei,s-sh,n-l,r-l	1
无声无息	wú shēng wú xī	20039	en-eng,s-sh,j-q-x	1
组织生活	zǔ zhī shēng huó	20046	en-eng,ua-uo,z-zh,s-sh,h-f	1
代代相传	dài dài xiāng chuán	20052	ian-iang,uan-uang,ai-ei,c-ch,j-q-x	1
合情合理	hé qíng hé lǐ	20056	in-ing,n-l,h-f,r-l,j-q-x	1
锦上添花	jǐn shàng tiān huā	20061	in-ing,an-ang,ian-iang,ua-uo,s-sh,h-f,j-q-x	1
若有所思	ruò yǒu suǒ sī	20071	ao-ou,ua-uo,s-sh,r-l	1
一筹莫展	yī chóu mò zhǎn	20079	an-ang,ao-ou,z-zh,c-ch	1
一塌糊涂	yī tā hú tú	20080	h-f	1
由来已久	yóu lái yǐ jiǔ	20081	ai-ei,ao-ou,n-l,r-l,j-q-x	1
一声令下	yī shēng lìng xià	20083	en-eng,in-ing,ia-ie,s-sh,n-l,r-l,j-q-x	1
得心应手	dé xīn yìng shǒu	20098	in-ing,ao-ou,s-sh,j-q-x	1
第一产业	dì yī chǎn yè	20099	an-ang,c-ch	1
了如指掌	liǎo rú zhǐ zhǎng	20106	an-ang,z-zh,n-l,r-l	1
设身处地	shè shēn chǔ dì	20110	en-eng,c-ch,s-sh	1
承前启后	chéng qián qǐ hòu	20126	en-eng,ian-iang,ao-ou,c-ch,h-f,j-q-x	1
难以置信	nán yǐ zhì xìn	20146	in-ing,an-ang,z-zh,n-l,j-q-x	1
取信于民	qǔ xìn yú mín	20150	in-ing,j-q-x	1
雄心勃勃	xióng xīn bó bó	20164	in-ing,j-q-x	1
蒸蒸日上	zhēng zhēng rì shàng	20168	en-eng,an-ang,z-zh,s-sh,r-l	1
助人为乐	zhù rén wéi lè	20195	en-eng,ai-ei,z-zh,n-l,r-l	1
独树一帜	dú shù yī zhì	20204	z-zh,s-sh	1
信息技术	xìn xī jì shù	20230	in-ing,s-sh,j-q-x	1
严于律己	yán yú lǜ jǐ	20256	an-ang,n-l,r-l,j-q-x	1
德高望重	dé gāo wàng zhòng	20259	an-ang,ao-ou,z-zh	1
奋不顾身	fèn bù gù shēn	20261	en-eng,s-sh,h-f	1
过意不去	guò yì bù qù	20263	ua-uo,j-q-x	1
身先士卒	shēn xiān shì zú	20283	en-eng,ian-iang,z-zh,s-sh,j-q-x	1
手足无措	shǒu zú wú cuò	20284	ao-ou,ua-uo,z-zh,c-ch,s-sh	1
精打细算	jīng dǎ xì suàn	20348	in-ing,uan-uang,s-sh,j-q-x	1
千姿百态	qiān zī bǎi tài	20354	ian-iang,ai-ei,z-zh,j-q-x	1
一氧化碳	yī yǎng huà tàn	20366	an-ang,ua-uo,h-f	1
异军突起	yì jūn tū qǐ	20367	j-q-x	1
有章可循	yǒu zhāng kě xún	20368	an-ang,ao-ou,z-zh,j-q-x	1
翻来覆去	fān lái fù qù	20377	an-ang,ai-ei,n-l,h-f,r-l,j-q-x	1
夜深人静	yè shēn rén jìng	20402	en-eng,in-ing,s-sh,r-l,j-q-x	1
学以致用	xué yǐ zhì yòng	20442	z-zh,j-q-x	1
鸦雀无声	yā què wú shēng	20444	en-eng,s-sh,j-q-x	1
慷慨激昂	kāng kǎi jī áng	20461	an-ang,ai-ei,j-q-x	1
远见卓识	yuǎn jiàn zhuó shí	20483	ian-iang,uan-uang,ua-uo,z-zh,s-sh,j-q-x	1
跃跃欲试	yuè yuè yù shì	20484	s-sh	1
举一反三	jǔ yī fǎn sān	20499	an-ang,s-sh,h-f,j-q-x	1
明目张胆	míng mù zhāng dǎn	20502	in-ing,an-ang,z-zh	1
目不转睛	mù bù zhuǎn jīng	20503	in-ing,uan-uang,z-zh,j-q-x	1
千载难逢	qiān zǎi nán féng	20504	en-eng,an-ang,ian-iang,ai-ei,z-zh,n-l,h-f,j-q-x	1
深思熟虑	shēn sī shú lǜ	20505	en-eng,s-sh,n-l,r-l	1
适得其反	shì dé qí fǎn	20507	an-ang,s-sh,h-f,j-q-x	1
五光十色	wǔ guāng shí sè	20511	uan-uang,s-sh	1
衣食住行	yī shí zhù xíng	20519	in-ing,z-zh,s-sh,j-q-x	1
拥军优属	yōng jūn yōu shǔ	20521	ao-ou,s-sh,j-q-x	1
荡然无存	dàng rán wú cún	20527	an-ang,c-ch,r-l	1
后脑勺儿	hòu nǎo sháo er	20535	ao-ou,s-sh,n-l,h-f	1
岂有此理	qǐ yǒu cǐ lǐ	20547	ao-ou,c-ch,n-l,r-l,j-q-x	1
成群结队	chéng qún jié duì	20562	en-eng,ia-ie,c-ch,j-q-x	1
天涯海角	tiān yá hǎi jiǎo	20591	ian-iang,ai-ei,h-f,j-q-x	1
土生土长	tǔ shēng tǔ zhǎng	20593	en-eng,an-ang,z-zh,s-sh	1
形象思维	xíng xiàng sī wéi	20602	in-ing,ian-iang,ai-ei,s-sh,j-q-x	1
鬼鬼祟祟	guǐ guǐ suì suì	20614	s-sh	1
拒之门外	jù zhī mén wài	20618	en-eng,ai-ei,z-zh,j-q-x	1
热带雨林	rè dài yǔ lín	20625	in-ing,ai-ei,n-l,r-l	1
思想体系	sī xiǎng tǐ xì	20630	ian-iang,s-sh,j-q-x	1
四通八达	sì tōng bā dá	20631	s-sh	1
因循守旧	yīn xún shǒu jiù	20643	in-ing,ao-ou,s-sh,j-q-x	1
供过于求	gōng guò yú qiú	20662	ua-uo,j-q-x	1
泣不成声	qì bù chéng shēng	20671	en-eng,c-ch,s-sh,j-q-x	1
星罗棋布	xīng luó qí bù	20686	in-ing,ua-uo,n-l,r-l,j-q-x	1
耳熟能详	ěr shú néng xiáng	20700	en-eng,ian-iang,s-sh,n-l,j-q-x	1
光明磊落	guāng míng lěi luò	20701	in-ing,uan-uang,ai-ei,ua-uo,n-l,r-l	1
心安理得	xīn ān lǐ dé	20723	in-ing,an-ang,n-l,r-l,j-q-x	1
大显身手	dà xiǎn shēn shǒu	20730	en-eng,ian-iang,ao-ou,s-sh,j-q-x	1
侃侃而谈	kǎn kǎn ér tán	20737	an-ang	3
相依为命	xiāng yī wéi mìng	20749	in-ing,ian-iang,ai-ei,j-q-x	1
古往今来	gǔ wǎng jīn lái	20766	in-ing,an-ang,ai-ei,n-l,r-l,j-q-x	1
可有可无	kě yǒu kě wú	20773	ao-ou	1
闹着玩儿	nào zhe wán er	20805	an-ang,ao-ou,z-zh,n-l	1
图文并茂	tú wén bìng mào	20816	en-eng,in-ing,ao-ou	1
溢于言表	yì yú yán biǎo	20820	an-ang	1
货真价实	huò zhēn jià shí	20832	en-eng,ia-ie,ua-uo,z-zh,s-sh,h-f,j-q-x	1
拥政爱民	yōng zhèng ài mín	20860	en-eng,in-ing,ai-ei,z-zh	1
寥寥无几	liáo liáo wú jǐ	20882	n-l,r-l,j-q-x	1
毛骨悚然	máo gǔ sǒng rán	20883	an-ang,ao-ou,s-sh,r-l	3
古今中外	gǔ jīn zhōng wài	20888	in-ing,ai-ei,z-zh,j-q-x	1
实用主义	shí yòng zhǔ yì	20893	z-zh,s-sh	1
知难而进	zhī nán ér jìn	20904	in-ing,an-ang,z-zh,n-l,j-q-x	1
左邻右舍	zuǒ lín yòu shè	20911	in-ing,ao-ou,ua-uo,z-zh,s-sh,n-l,r-l	1
半信半疑	bàn xìn bàn yí	20912	in-ing,an-ang,j-q-x	1
打成一片	dǎ chéng yī piàn	20915	en-eng,ian-iang,c-ch	1
炎黄子孙	yán huáng zǐ sūn	20943	an-ang,uan-uang,z-zh,s-sh,h-f	1
增收节支	zēng shōu jié zhī	20950	en-eng,ao-ou,ia-ie,z-zh,s-sh,j-q-x	1
英雄主义	yīng xióng zhǔ yì	21017	in-ing,z-zh,j-q-x	1
有增无减	yǒu zēng wú jiǎn	21018	en-eng,ian-iang,ao-ou,z-zh,j-q-x	1
不解之缘	bù jiě zhī yuán	21023	uan-uang,ia-ie,z-zh,j-q-x	1
起死回生	qǐ sǐ huí shēng	21045	en-eng,s-sh,h-f,j-q-x	1
前仆后继	qián pū hòu jì	21047	ian-iang,ao-ou,h-f,j-q-x	1
身不由己	shēn bù yóu jǐ	21049	en-eng,ao-ou,s-sh,j-q-x	1
有血有肉	yǒu xuè yǒu ròu	21063	ao-ou,r-l,j-q-x	1
得不偿失	dé bù cháng shī	21072	an-ang,c-ch,s-sh	1
阿弥陀佛	ē mí tuó fó	21075	ua-uo,h-f	3
油然而生	yóu rán ér shēng	21079	en-eng,an-ang,ao-ou,s-sh,r-l	1
加德满都	jiā dé mǎn dōu	21080	an-ang,ao-ou,ia-ie,j-q-x	1
流连忘返	liú lián wàng fǎn	21085	an-ang,ian-iang,n-l,h-f,r-l	1
一分为二	yī fēn wéi èr	21105	en-eng,ai-ei,h-f	1
不绝于耳	bù jué yú ěr	21116	j-q-x	1
不辱使命	bù rǔ shǐ mìng	21117	in-ing,s-sh,r-l	1
东张西望	dōng zhāng xī wàng	21121	an-ang,z-zh,j-q-x	1
古色古香	gǔ sè gǔ xiāng	21129	ian-iang,s-sh,j-q-x	1
扑朔迷离	pū shuò mí lí	21139	ua-uo,s-sh,n-l,r-l	3
不胜枚举	bù shèng méi jǔ	21164	en-eng,ai-ei,s-sh,j-q-x	1
措手不及	cuò shǒu bù jí	21167	ao-ou,ua-uo,c-ch,s-sh,j-q-x	1
基因工程	jī yīn gōng chéng	21175	en-eng,in-ing,c-ch,j-q-x	1
埋头苦干	mái tóu kǔ gàn	21185	an-ang,ai-ei,ao-ou	1
三资企业	sān zī qǐ yè	21186	an-ang,z-zh,s-sh,j-q-x	1
高尔夫球	gāo ěr fū qiú	21214	ao-ou,h-f,j-q-x	1
嗓子眼儿	sǎng zi yǎn er	21227	an-ang,z-zh,s-sh	1
无边无际	wú biān wú jì	21235	ian-iang,j-q-x	1
崭露头角	zhǎn lù tóu jiǎo	21247	an-ang,ao-ou,z-zh,n-l,r-l,j-q-x	1
不亦乐乎	bù yì lè hū	21251	n-l,h-f,r-l	1
哗众取宠	huá zhòng qǔ chǒng	21270	ua-uo,z-zh,c-ch,h-f,j-q-x	1
急于求成	jí yú qiú chéng	21271	en-eng,c-ch,j-q-x	1
精神抖擞	jīng shén dǒu sǒu	21273	en-eng,in-ing,ao-ou,s-sh,j-q-x	3
眉飞色舞	méi fēi sè wǔ	21276	ai-ei,s-sh,h-f	1
如数家珍	rú shǔ jiā zhēn	21282	en-eng,ia-ie,z-zh,s-sh,r-l,j-q-x	1
责任事故	zé rèn shì gù	21290	en-eng,z-zh,s-sh,r-l	1
冰天雪地	bīng tiān xuě dì	21293	in-ing,ian-iang,j-q-x	1
不足为奇	bù zú wéi qí	21323	ai-ei,z-zh,j-q-x	1
励精图治	lì jīng tú zhì	21341	in-ing,z-zh,n-l,r-l,j-q-x	1
民主改革	mín zhǔ gǎi gé	21348	in-ing,ai-ei,z-zh	1
义务劳动	yì wù láo dòng	21362	ao-ou,n-l,r-l	1
井然有序	jǐng rán yǒu xù	21369	in-ing,an-ang,ao-ou,r-l,j-q-x	1
彬彬有礼	bīn bīn yǒu lǐ	21371	in-ing,ao-ou,n-l,r-l	1
不计其数	bù jì qí shù	21372	s-sh,j-q-x	1
不假思索	bù jiǎ sī suǒ	21373	ia-ie,ua-uo,s-sh,j-q-x	1
千头万绪	qiān tóu wàn xù	21391	an-ang,ian-iang,ao-ou,j-q-x	1
前无古人	qián wú gǔ rén	21392	en-eng,ian-iang,r-l,j-q-x	1
条件反射	tiáo jiàn fǎn shè	21397	an-ang,ian-iang,s-sh,h-f,j-q-x	1
别具一格	bié jù yī gé	21409	ia-ie,j-q-x	1
不由分说	bù yóu fēn shuō	21411	en-eng,ao-ou,ua-uo,s-sh,h-f	1
千里迢迢	qiān lǐ tiáo tiáo	21435	ian-iang,n-l,r-l,j-q-x	1
株式会社	zhū shì huì shè	21454	z-zh,s-sh,h-f	1
素不相识	sù bù xiāng shí	21480	ian-iang,s-sh,j-q-x	1
跌跌撞撞	diē diē zhuàng zhuàng	21497	uan-uang,ia-ie,z-zh	1
来龙去脉	lái lóng qù mài	21504	ai-ei,n-l,r-l,j-q-x	1
翩翩起舞	piān piān qǐ wǔ	21516	ian-iang,j-q-x	1
有气无力	yǒu qì wú lì	21520	ao-ou,n-l,r-l,j-q-x	1
直言不讳	zhí yán bù huì	21523	an-ang,z-zh,h-f	1
不容置疑	bù róng zhì yí	21529	z-zh,r-l	1
久拖不决	jiǔ tuō bù jué	21543	ua-uo,j-q-x	1
千篇一律	qiān piān yī lǜ	21548	ian-iang,n-l,r-l,j-q-x	1
生生不息	shēng shēng bù xī	21552	en-eng,s-sh,j-q-x	1
可口可乐	kě kǒu kě lè	21582	ao-ou,n-l,r-l	1
闻名遐迩	wén míng xiá ěr	21597	en-eng,in-ing,ia-ie,j-q-x	3
朝夕相处	zhāo xī xiāng chǔ	21614	ian-iang,ao-ou,z-zh,c-ch,j-q-x	1
大名鼎鼎	dà míng dǐng dǐng	21620	in-ing	1
恋恋不舍	liàn liàn bù shě	21632	ian-iang,s-sh,n-l,r-l	1
社会保障	shè huì bǎo zhàng	21637	an-ang,ao-ou,z-zh,s-sh,h-f	1
无精打采	wú jīng dǎ cǎi	21643	in-ing,ai-ei,c-ch,j-q-x	1
曾几何时	céng jǐ hé shí	21653	en-eng,c-ch,s-sh,h-f,j-q-x	1
立竿见影	lì gān jiàn yǐng	21666	in-ing,an-ang,ian-iang,n-l,r-l,j-q-x	1
振奋人心	zhèn fèn rén xīn	21670	en-eng,in-ing,z-zh,h-f,r-l,j-q-x	1
群策群力	qún cè qún lì	21673	c-ch,n-l,r-l,j-q-x	1
浴血奋战	yù xuè fèn zhàn	21685	en-eng,an-ang,z-zh,h-f,j-q-x	1
恶性肿瘤	è xìng zhǒng liú	21699	in-ing,z-zh,n-l,r-l,j-q-x	1
万不得已	wàn bù dé yǐ	21730	an-ang	1
有机食品	yǒu jī shí pǐn	21737	in-ing,ao-ou,s-sh,j-q-x	1
走马上任	zǒu mǎ shàng rèn	21743	en-eng,an-ang,ao-ou,z-zh,s-sh,r-l	1
卷土重来	juǎn tǔ chóng lái	21760	uan-uang,ai-ei,c-ch,n-l,r-l,j-q-x	1
销声匿迹	xiāo shēng nì jì	21775	en-eng,s-sh,n-l,j-q-x	1
大相径庭	dà xiāng jìng tíng	21795	in-ing,ian-iang,j-q-x	1
牛鬼蛇神	niú guǐ shé shén	21814	en-eng,s-sh,n-l	1
我行我素	wǒ xíng wǒ sù	21824	in-ing,s-sh,j-q-x	1
原始社会	yuán shǐ shè huì	21828	uan-uang,s-sh,h-f	1
郑重其事	zhèng zhòng qí shì	21833	en-eng,z-zh,s-sh,j-q-x	1
直接选举	zhí jiē xuǎn jǔ	21835	uan-uang,ia-ie,z-zh,j-q-x	1
青山绿水	qīng shān lǜ shuǐ	21869	in-ing,an-ang,s-sh,n-l,r-l,j-q-x	1
群众运动	qún zhòng yùn dòng	21872	z-zh,j-q-x	1
人身自由	rén shēn zì yóu	21873	en-eng,ao-ou,z-zh,s-sh,r-l	1
共产国际	gòng chǎn guó jì	21897	an-ang,ua-uo,c-ch,j-q-x	1
气势磅礴	qì shì páng bó	21916	an-ang,s-sh,j-q-x	3
千真万确	qiān zhēn wàn què	21917	en-eng,an-ang,ian-iang,z-zh,j-q-x	1
绳之以法	shéng zhī yǐ fǎ	21920	en-eng,z-zh,s-sh,h-f	1
首当其冲	shǒu dāng qí chōng	21922	an-ang,ao-ou,c-ch,s-sh,j-q-x	1
无所事事	wú suǒ shì shì	21925	ua-uo,s-sh	1
一劳永逸	yī láo yǒng yì	21934	ao-ou,n-l,r-l	1
历历在目	lì lì zài mù	21955	ai-ei,z-zh,n-l,r-l	1
群众组织	qún zhòng zǔ zhī	21962	z-zh,j-q-x	1
人山人海	rén shān rén hǎi	21963	en-eng,an-ang,ai-ei,s-sh,h-f,r-l	1
升级换代	shēng jí huàn dài	21966	en-eng,uan-uang,ai-ei,s-sh,h-f,j-q-x	1
望而却步	wàng ér què bù	21970	an-ang,j-q-x	1
别出心裁	bié chū xīn cái	21978	in-ing,ai-ei,ia-ie,c-ch,j-q-x	1
擦肩而过	cā jiān ér guò	21980	ian-iang,ua-uo,c-ch,j-q-x	1
长此以往	cháng cǐ yǐ wǎng	21981	an-ang,c-ch	1
愁眉苦脸	chóu méi kǔ liǎn	21982	ian-iang,ai-ei,ao-ou,c-ch,n-l,r-l	1
金融危机	jīn róng wēi jī	22000	in-ing,ai-ei,r-l,j-q-x	1
同舟共济	tóng zhōu gòng jì	22018	ao-ou,z-zh,j-q-x	1
无中生有	wú zhōng shēng yǒu	22021	en-eng,ao-ou,z-zh,s-sh	1
孜孜不倦	zī zī bù juàn	22028	uan-uang,z-zh,j-q-x	3
不在话下	bù zài huà xià	22029	ai-ei,ia-ie,ua-uo,z-zh,h-f,j-q-x	1
手舞足蹈	shǒu wǔ zú dǎo	22054	ao-ou,z-zh,s-sh	1
贪赃枉法	tān zāng wǎng fǎ	22056	an-ang,z-zh,h-f	1
心旷神怡	xīn kuàng shén yí	22062	en-eng,in-ing,uan-uang,s-sh,j-q-x	1
购物中心	gòu wù zhōng xīn	22086	in-ing,ao-ou,z-zh,j-q-x	1
欢天喜地	huān tiān xǐ dì	22088	ian-iang,uan-uang,h-f,j-q-x	1
一拥而上	yī yōng ér shàng	22090	an-ang,s-sh	1
惊涛骇浪	jīng tāo hài làng	22091	in-ing,an-ang,ai-ei,ao-ou,n-l,h-f,r-l,j-q-x	1
灵机一动	líng jī yī dòng	22093	in-ing,n-l,r-l,j-q-x	1
才华横溢	cái huá héng yì	22098	en-eng,ai-ei,ua-uo,c-ch,h-f	1
年富力强	nián fù lì qiáng	22099	ian-iang,n-l,h-f,r-l,j-q-x	1
置之不理	zhì zhī bù lǐ	22121	z-zh,n-l,r-l	1
专心致志	zhuān xīn zhì zhì	22122	in-ing,uan-uang,z-zh,j-q-x	1
风起云涌	fēng qǐ yún yǒng	22131	en-eng,h-f,j-q-x	1
苦口婆心	kǔ kǒu pó xīn	22139	in-ing,ao-ou,j-q-x	1
人才辈出	rén cái bèi chū	22150	en-eng,ai-ei,c-ch,r-l	1
痛心疾首	tòng xīn jí shǒu	22159	in-ing,ao-ou,s-sh,j-q-x	1
无独有偶	wú dú yǒu ǒu	22163	ao-ou	1
一尘不染	yī chén bù rǎn	22169	en-eng,an-ang,c-ch,r-l	1
一五一十	yī wǔ yī shí	22170	s-sh	1
不依不饶	bù yī bù ráo	22174	ao-ou,r-l	1
真知灼见	zhēn zhī zhuó jiàn	22175	en-eng,ian-iang,ua-uo,z-zh,j-q-x	1
大有希望	dà yǒu xī wàng	22186	an-ang,ao-ou,j-q-x	1
风尘仆仆	fēng chén pú pú	22190	en-eng,c-ch,h-f	1
举步维艰	jǔ bù wéi jiān	22199	ian-iang,ai-ei,j-q-x	1
机会主义	jī huì zhǔ yì	22245	z-zh,h-f,j-q-x	1
心急如焚	xīn jí rú fén	22269	en-eng,in-ing,h-f,r-l,j-q-x	1
依依不舍	yī yī bù shě	22271	s-sh	1
布达拉宫	bù dá lā gōng	22287	n-l,r-l	1
崇山峻岭	chóng shān jùn lǐng	22288	in-ing,an-ang,c-ch,s-sh,n-l,r-l,j-q-x	1
肝胆相照	gān dǎn xiāng zhào	22294	an-ang,ian-iang,ao-ou,z-zh,j-q-x	1
绝无仅有	jué wú jǐn yǒu	22300	in-ing,ao-ou,j-q-x	1
无地自容	wú dì zì róng	22313	z-zh,r-l	1
自学考试	zì xué kǎo shì	22327	ao-ou,z-zh,s-sh,j-q-x	1
熠熠生辉	yì yì shēng huī	22344	en-eng,s-sh,h-f	3
三言两语	sān yán liǎng yǔ	22357	an-ang,ian-iang,s-sh,n-l,r-l	1
事与愿违	shì yǔ yuàn wéi	22360	uan-uang,ai-ei,s-sh	1
推波助澜	tuī bō zhù lán	22364	an-ang,z-zh,n-l,r-l	1
无关紧要	wú guān jǐn yào	22365	in-ing,uan-uang,ao-ou,j-q-x	1
有生以来	yǒu shēng yǐ lái	22371	en-eng,ai-ei,ao-ou,s-sh,n-l,r-l	1
公私合营	gōng sī hé yíng	22394	in-ing,s-sh,h-f	1
汗马功劳	hàn mǎ gōng láo	22397	an-ang,ao-ou,n-l,h-f,r-l	1
近在咫尺	jìn zài zhǐ chǐ	22403	in-ing,ai-ei,z-zh,c-ch,j-q-x	3
悬而未决	xuán ér wèi jué	22423	uan-uang,ai-ei,j-q-x	1
不伦不类	bù lún bù lèi	22435	ai-ei,n-l,r-l	1
福利彩票	fú lì cǎi piào	22442	ai-ei,c-ch,n-l,h-f,r-l	1
国家赔偿	guó jiā péi cháng	22446	an-ang,ai-ei,ia-ie,ua-uo,c-ch,j-q-x	1
雷厉风行	léi lì fēng xíng	22456	en-eng,in-ing,ai-ei,n-l,h-f,r-l,j-q-x	1
三天两头	sān tiān liǎng tóu	22465	an-ang,ian-iang,ao-ou,s-sh,n-l,r-l	1
在所难免	zài suǒ nán miǎn	22484	an-ang,ian-iang,ai-ei,ua-uo,z-zh,s-sh,n-l	1
走村串户	zǒu cūn chuàn hù	22488	uan-uang,ao-ou,z-zh,c-ch,h-f	1
面目全非	miàn mù quán fēi	22515	ian-iang,uan-uang,ai-ei,h-f,j-q-x	1
温室效应	wēn shì xiào yìng	22529	en-eng,in-ing,s-sh,j-q-x	1
正人君子	zhèng rén jūn zǐ	22542	en-eng,z-zh,r-l,j-q-x	1
足不出户	zú bù chū hù	22544	z-zh,c-ch,h-f	1
光天化日	guāng tiān huà rì	22561	ian-iang,uan-uang,ua-uo,h-f,r-l	1
面红耳赤	miàn hóng ěr chì	22578	ian-iang,c-ch,h-f	1
浓墨重彩	nóng mò zhòng cǎi	22580	ai-ei,z-zh,c-ch,n-l	1
不了了之	bù liǎo liǎo zhī	22599	z-zh,n-l,r-l	1
出类拔萃	chū lèi bá cuì	22605	ai-ei,c-ch,n-l,r-l	3
川流不息	chuān liú bù xī	22606	uan-uang,c-ch,n-l,r-l,j-q-x	1
街头巷尾	jiē tóu xiàng wěi	22617	ian-iang,ai-ei,ao-ou,ia-ie,j-q-x	1
进退两难	jìn tuì liǎng nán	22619	in-ing,an-ang,ian-iang,n-l,r-l,j-q-x	1
同归于尽	tóng guī yú jìn	22629	in-ing,j-q-x	1
文化革命	wén huà gé mìng	22632	en-eng,in-ing,ua-uo,h-f	1
奋发向上	fèn fā xiàng shàng	22650	en-eng,an-ang,ian-iang,s-sh,h-f,j-q-x	1
一朝一夕	yī zhāo yī xī	22673	ao-ou,z-zh,j-q-x	1
非同一般	fēi tóng yī bān	22693	an-ang,ai-ei,h-f	1
金碧辉煌	jīn bì huī huáng	22701	in-ing,uan-uang,h-f,j-q-x	1
三令五申	sān lìng wǔ shēn	22713	en-eng,in-ing,an-ang,s-sh,n-l,r-l	1
意气风发	yì qì fēng fā	22726	en-eng,h-f,j-q-x	1
震耳欲聋	zhèn ěr yù lóng	22728	en-eng,z-zh,n-l,r-l	1
北洋军阀	běi yáng jūn fá	22734	an-ang,ai-ei,h-f,j-q-x	1
深情厚谊	shēn qíng hòu yì	22765	en-eng,in-ing,ao-ou,s-sh,h-f,j-q-x	1
酸甜苦辣	suān tián kǔ là	22766	ian-iang,uan-uang,s-sh,n-l,r-l	1
发人深省	fā rén shēn xǐng	22780	en-eng,in-ing,s-sh,h-f,r-l,j-q-x	1
偷偷摸摸	tōu tōu mō mō	22806	ao-ou	1
乌兰巴托	wū lán bā tuō	22810	an-ang,ua-uo,n-l,r-l	1
装模作样	zhuāng mú zuò yàng	22817	an-ang,uan-uang,ua-uo,z-zh	1
倒行逆施	dào xíng nì shī	22823	in-ing,ao-ou,s-sh,n-l,j-q-x	1
防不胜防	fáng bù shèng fáng	22826	en-eng,an-ang,s-sh,h-f	1
慢条斯理	màn tiáo sī lǐ	22838	an-ang,s-sh,n-l,r-l	1
袖手旁观	xiù shǒu páng guān	22845	an-ang,uan-uang,ao-ou,s-sh,j-q-x	1
错落有致	cuò luò yǒu zhì	22860	ao-ou,ua-uo,z-zh,c-ch,n-l,r-l	1
诗情画意	shī qíng huà yì	22886	in-ing,ua-uo,s-sh,h-f,j-q-x	1
天翻地覆	tiān fān dì fù	22888	an-ang,ian-iang,h-f	1
痛定思痛	tòng dìng sī tòng	22889	in-ing,s-sh	1
黄金时代	huáng jīn shí dài	22923	in-ing,uan-uang,ai-ei,s-sh,h-f,j-q-x	1
毋庸讳言	wú yōng huì yán	22945	an-ang,h-f	3
休养生息	xiū yǎng shēng xī	22947	en-eng,an-ang,s-sh,j-q-x	1
大有人在	dà yǒu rén zài	22962	en-eng,ai-ei,ao-ou,z-zh,r-l	1
各得其所	gè dé qí suǒ	22968	ua-uo,s-sh,j-q-x	1
任劳任怨	rèn láo rèn yuàn	22988	en-eng,uan-uang,ao-ou,n-l,r-l	1
不可开交	bù kě kāi jiāo	23012	ai-ei,j-q-x	1
似曾相识	sì céng xiāng shí	23050	en-eng,ian-iang,c-ch,s-sh,j-q-x	1
歇斯底里	xiē sī dǐ lǐ	23054	ia-ie,s-sh,n-l,r-l,j-q-x	1
孜孜以求	zī zī yǐ qiú	23065	z-zh,j-q-x	3
风风火火	fēng fēng huǒ huǒ	23071	en-eng,ua-uo,h-f	1
气急败坏	qì jí bài huài	23092	ai-ei,h-f,j-q-x	1
出其不意	chū qí bù yì	23114	c-ch,j-q-x	1
人声鼎沸	rén shēng dǐng fèi	23115	en-eng,in-ing,ai-ei,s-sh,h-f,r-l	1
豁然开朗	huò rán kāi lǎng	23124	an-ang,ai-ei,ua-uo,n-l,h-f,r-l	1
叽叽喳喳	jī ji zhā zhā	23125	z-zh,j-q-x	1
恼羞成怒	nǎo xiū chéng nù	23133	en-eng,ao-ou,c-ch,n-l,j-q-x	1
你死我活	nǐ sǐ wǒ huó	23134	ua-uo,s-sh,n-l,h-f	1
信以为真	xìn yǐ wéi zhēn	23151	en-eng,in-ing,ai-ei,z-zh,j-q-x	1
翻山越岭	fān shān yuè lǐng	23167	in-ing,an-ang,s-sh,n-l,h-f,r-l	1
平心而论	píng xīn ér lùn	23187	in-ing,n-l,r-l,j-q-x	1
释迦牟尼	shì jiā móu ní	23193	ao-ou,ia-ie,s-sh,n-l,j-q-x	3
毋庸置疑	wú yōng zhì yí	23201	z-zh	3
不同凡响	bù tóng fán xiǎng	23215	an-ang,ian-iang,h-f,j-q-x	1
各自为政	gè zì wéi zhèng	23227	en-eng,ai-ei,z-zh	1
混为一谈	hùn wéi yī tán	23231	an-ang,ai-ei,h-f	1
苦不堪言	kǔ bù kān yán	23238	an-ang	1
刑事拘留	xíng shì jū liú	23259	in-ing,s-sh,n-l,r-l,j-q-x	1
烟消云散	yān xiāo yún sàn	23260	an-ang,s-sh,j-q-x	1
奄奄一息	yǎn yǎn yī xī	23261	an-ang,j-q-x	3
忠心耿耿	zhōng xīn gěng gěng	23268	en-eng,in-ing,z-zh,j-q-x	1
自告奋勇	zì gào fèn yǒng	23270	en-eng,ao-ou,z-zh,h-f	1
大同小异	dà tóng xiǎo yì	23277	j-q-x	1
漠不关心	mò bù guān xīn	23287	in-ing,uan-uang,j-q-x	1
数码相机	shù mǎ xiàng jī	23333	ian-iang,s-sh,j-q-x	1
先天不足	xiān tiān bù zú	23337	ian-iang,z-zh,j-q-x	1
扬眉吐气	yáng méi tǔ qì	23340	an-ang,ai-ei,j-q-x	1
邮政编码	yóu zhèng biān mǎ	23343	en-eng,ian-iang,ao-ou,z-zh	1
坐立不安	zuò lì bù ān	23349	an-ang,ua-uo,z-zh,n-l,r-l	1
皆大欢喜	jiē dà huān xǐ	23366	uan-uang,ia-ie,h-f,j-q-x	1
赖以生存	lài yǐ shēng cún	23387	en-eng,ai-ei,c-ch,s-sh,n-l,r-l	1
谈笑风生	tán xiào fēng shēng	23390	en-eng,an-ang,s-sh,h-f,j-q-x	1
一往无前	yī wǎng wú qián	23396	an-ang,ian-iang,j-q-x	1
大吃大喝	dà chī dà hē	23404	c-ch,h-f	1
非同小可	fēi tóng xiǎo kě	23406	ai-ei,h-f,j-q-x	1
可怜巴巴	kě lián bā bā	23414	ian-iang,n-l,r-l	1
里里外外	lǐ lǐ wài wài	23415	ai-ei,n-l,r-l	1
生气勃勃	shēng qì bó bó	23427	en-eng,s-sh,j-q-x	1
死去活来	sǐ qù huó lái	23430	ai-ei,ua-uo,s-sh,n-l,h-f,r-l,j-q-x	1
绚丽多彩	xuàn lì duō cǎi	23437	uan-uang,ai-ei,ua-uo,c-ch,n-l,r-l,j-q-x	1
宇宙飞船	yǔ zhòu fēi chuán	23442	uan-uang,ai-ei,ao-ou,z-zh,c-ch,h-f	1
捉襟见肘	zhuō jīn jiàn zhǒu	23451	in-ing,ian-iang,ao-ou,ua-uo,z-zh,j-q-x	1
自相矛盾	zì xiāng máo dùn	23453	ian-iang,ao-ou,z-zh,j-q-x	1
变本加厉	biàn běn jiā lì	23457	en-eng,ian-iang,ia-ie,n-l,r-l,j-q-x	1
踌躇满志	chóu chú mǎn zhì	23462	an-ang,ao-ou,z-zh,c-ch	3
宏观经济	hóng guān jīng jì	23470	in-ing,uan-uang,h-f,j-q-x	1
说三道四	shuō sān dào sì	23489	an-ang,ao-ou,ua-uo,s-sh	1
似是而非	sì shì ér fēi	23491	ai-ei,s-sh,h-f	1
叹为观止	tàn wéi guān zhǐ	23493	an-ang,uan-uang,ai-ei,z-zh	1
不速之客	bù sù zhī kè	23512	z-zh,s-sh	1
惨不忍睹	cǎn bù rěn dǔ	23513	en-eng,an-ang,c-ch,r-l	1
悄无声息	qiǎo wú shēng xī	23539	en-eng,s-sh,j-q-x	1
使用价值	shǐ yòng jià zhí	23544	ia-ie,z-zh,s-sh,j-q-x	1
愤愤不平	fèn fèn bù píng	23563	en-eng,in-ing,h-f	1
富丽堂皇	fù lì táng huáng	23564	an-ang,uan-uang,n-l,h-f,r-l	1
卫星电视	wèi xīng diàn shì	23593	in-ing,ian-iang,ai-ei,s-sh,j-q-x	1
无拘无束	wú jū wú shù	23594	s-sh,j-q-x	1
小两口儿	xiǎo liǎng kǒu er	23596	ian-iang,ao-ou,n-l,r-l,j-q-x	1
咬紧牙关	yǎo jǐn yá guān	23600	in-ing,uan-uang,ao-ou,j-q-x	1
中枢神经	zhōng shū shén jīng	23603	en-eng,in-ing,z-zh,s-sh,j-q-x	1
半夜三更	bàn yè sān gēng	23607	en-eng,an-ang,s-sh	1
空中客车	kōng zhōng kè chē	23628	z-zh,c-ch	1
平易近人	píng yì jìn rén	23639	en-eng,in-ing,r-l,j-q-x	1
冲锋陷阵	chōng fēng xiàn zhèn	23661	en-eng,ian-iang,z-zh,c-ch,h-f,j-q-x	1
从天而降	cóng tiān ér jiàng	23663	ian-iang,c-ch,j-q-x	1
哭哭啼啼	kū kū tí tí	23685		1
一干二净	yī gān èr jìng	23704	in-ing,an-ang,j-q-x	1
只争朝夕	zhǐ zhēng zhāo xī	23709	en-eng,ao-ou,z-zh,j-q-x	1
置若罔闻	zhì ruò wǎng wén	23710	en-eng,an-ang,ua-uo,z-zh,r-l	3
不可告人	bù kě gào rén	23717	en-eng,ao-ou,r-l	1
慷慨解囊	kāng kǎi jiě náng	23736	an-ang,ai-ei,ia-ie,n-l,j-q-x	1
拍手称快	pāi shǒu chēng kuài	23748	en-eng,ai-ei,ao-ou,c-ch,s-sh	1
瞬息万变	shùn xī wàn biàn	23759	an-ang,ian-iang,s-sh,j-q-x	1
同甘共苦	tóng gān gòng kǔ	23766	an-ang	1
为所欲为	wéi suǒ yù wéi	23767	ai-ei,ua-uo,s-sh	1
移风易俗	yí fēng yì sú	23772	en-eng,s-sh,h-f	1
风驰电掣	fēng chí diàn chè	23786	en-eng,ian-iang,c-ch,h-f	3
强强联合	qiáng qiáng lián hé	23806	ian-iang,n-l,h-f,r-l,j-q-x	1
权钱交易	quán qián jiāo yì	23808	ian-iang,uan-uang,j-q-x	1
煞有介事	shà yǒu jiè shì	23810	ao-ou,ia-ie,s-sh,j-q-x	1
自动控制	zì dòng kòng zhì	23825	z-zh	1
发号施令	fā hào shī lìng	23840	in-ing,ao-ou,s-sh,n-l,h-f,r-l	1
鳞次栉比	lín cì zhì bǐ	23851	in-ing,z-zh,c-ch,n-l,r-l	3
怒不可遏	nù bù kě è	23856	n-l	1
拳头产品	quán tóu chǎn pǐn	23860	in-ing,an-ang,uan-uang,ao-ou,c-ch,j-q-x	1
神经衰弱	shén jīng shuāi ruò	23864	en-eng,in-ing,ua-uo,s-sh,r-l,j-q-x	1
自私自利	zì sī zì lì	23878	z-zh,s-sh,n-l,r-l	1
蹑手蹑脚	niè shǒu niè jiǎo	23908	ao-ou,ia-ie,s-sh,n-l,j-q-x	3
破口大骂	pò kǒu dà mà	23910	ao-ou	1
倾家荡产	qīng jiā dàng chǎn	23913	in-ing,an-ang,ia-ie,c-ch,j-q-x	1
人心向背	rén xīn xiàng bèi	23915	en-eng,in-ing,ian-iang,ai-ei,r-l,j-q-x	1
受宠若惊	shòu chǒng ruò jīng	23919	in-ing,ao-ou,ua-uo,c-ch,s-sh,r-l,j-q-x	1
不能自拔	bù néng zì bá	23943	en-eng,z-zh,n-l	1
不一而足	bù yī ér zú	23944	z-zh	1
如释重负	rú shì zhòng fù	23974	z-zh,s-sh,h-f,r-l	1
无时无刻	wú shí wú kè	23983	s-sh	1
一举两得	yī jǔ liǎng dé	23985	ian-iang,n-l,r-l,j-q-x	1
圆桌会议	yuán zhuō huì yì	23987	uan-uang,ua-uo,z-zh,h-f	1
自食其力	zì shí qí lì	23992	z-zh,s-sh,n-l,r-l,j-q-x	1
罪魁祸首	zuì kuí huò shǒu	23993	ao-ou,ua-uo,z-zh,s-sh,h-f	1
秉公执法	bǐng gōng zhí fǎ	23997	in-ing,z-zh,h-f	1
举国上下	jǔ guó shàng xià	24011	an-ang,ia-ie,ua-uo,s-sh,j-q-x	1
乐此不疲	lè cǐ bù pí	24014	c-ch,n-l,r-l	1
双向选择	shuāng xiàng xuǎn zé	24026	ian-iang,uan-uang,z-zh,s-sh,j-q-x	1
星火计划	xīng huǒ jì huà	24033	in-ing,ua-uo,h-f,j-q-x	1
张灯结彩	zhāng dēng jié cǎi	24038	en-eng,an-ang,ai-ei,ia-ie,z-zh,c-ch,j-q-x	1
浑然一体	hún rán yī tǐ	24060	an-ang,h-f,r-l	1
众说纷纭	zhòng shuō fēn yún	24094	en-eng,ua-uo,z-zh,s-sh,h-f	3
骇人听闻	hài rén tīng wén	24110	en-eng,in-ing,ai-ei,h-f,r-l	1
和衷共济	hé zhōng gòng jì	24112	z-zh,h-f,j-q-x	1
迥然不同	jiǒng rán bù tóng	24128	an-ang,r-l,j-q-x	3
人心所向	rén xīn suǒ xiàng	24131	en-eng,in-ing,ian-iang,ua-uo,s-sh,r-l,j-q-x	1
舍生忘死	shě shēng wàng sǐ	24133	en-eng,an-ang,s-sh	1
省吃俭用	shěng chī jiǎn yòng	24134	en-eng,ian-iang,c-ch,s-sh,j-q-x	1
通情达理	tōng qíng dá lǐ	24140	in-ing,n-l,r-l,j-q-x	1
一鼓作气	yī gǔ zuò qì	24147	ua-uo,z-zh,j-q-x	1
国民待遇	guó mín dài yù	24177	in-ing,ai-ei,ua-uo	1
世外桃源	shì wài táo yuán	24196	uan-uang,ai-ei,ao-ou,s-sh	1
万里长城	wàn lǐ cháng chéng	24201	en-eng,an-ang,c-ch,n-l,r-l	1
异国他乡	yì guó tā xiāng	24214	ian-iang,ua-uo,j-q-x	1
异乎寻常	yì hū xún cháng	24215	an-ang,c-ch,h-f,j-q-x	1
自下而上	zì xià ér shàng	24218	an-ang,ia-ie,z-zh,s-sh,j-q-x	1
最后通牒	zuì hòu tōng dié	24219	ao-ou,ia-ie,z-zh,h-f	3
不相上下	bù xiāng shàng xià	24226	an-ang,ian-iang,ia-ie,s-sh,j-q-x	1
汗流浃背	hàn liú jiā bèi	24242	an-ang,ai-ei,ia-ie,n-l,h-f,r-l,j-q-x	3
花团锦簇	huā tuán jǐn cù	24243	in-ing,uan-uang,ua-uo,c-ch,h-f,j-q-x	1
精兵强将	jīng bīng qiáng jiàng	24247	in-ing,ian-iang,j-q-x	1
敲锣打鼓	qiāo luó dǎ gǔ	24257	ua-uo,n-l,r-l,j-q-x	1
土地改革	tǔ dì gǎi gé	24266	ai-ei	1
物美价廉	wù měi jià lián	24270	ian-iang,ai-ei,ia-ie,n-l,r-l,j-q-x	1
心惊肉跳	xīn jīng ròu tiào	24272	in-ing,ao-ou,r-l,j-q-x	1
一无所获	yī wú suǒ huò	24275	ua-uo,s-sh,h-f	1
猝不及防	cù bù jí fáng	24296	an-ang,c-ch,h-f,j-q-x	3
得意洋洋	dé yì yáng yáng	24301	an-ang	1
发人深思	fā rén shēn sī	24306	en-eng,s-sh,h-f,r-l	1
精疲力竭	jīng pí lì jié	24314	in-ing,ia-ie,n-l,r-l,j-q-x	1
朴实无华	pǔ shí wú huá	24325	ua-uo,s-sh,h-f	1
小心谨慎	xiǎo xīn jǐn shèn	24342	en-eng,in-ing,s-sh,j-q-x	1
扬长而去	yáng cháng ér qù	24345	an-ang,c-ch,j-q-x	1
举世闻名	jǔ shì wén míng	24353	en-eng,in-ing,s-sh,j-q-x	1
除此以外	chú cǐ yǐ wài	24357	ai-ei,c-ch	1
微乎其微	wēi hū qí wēi	24397	ai-ei,h-f,j-q-x	1
行为能力	xíng wéi néng lì	24407	en-eng,in-ing,ai-ei,n-l,r-l,j-q-x	1
杂乱无章	zá luàn wú zhāng	24418	an-ang,uan-uang,z-zh,n-l,r-l	1
大是大非	dà shì dà fēi	24433	ai-ei,s-sh,h-f	1
感人肺腑	gǎn rén fèi fǔ	24438	en-eng,an-ang,ai-ei,h-f,r-l	3
冠冕堂皇	guān miǎn táng huáng	24441	an-ang,ian-iang,uan-uang,h-f	3
身临其境	shēn lín qí jìng	24460	en-eng,in-ing,s-sh,n-l,r-l,j-q-x	1
一厢情愿	yī xiāng qíng yuàn	24472	in-ing,ian-iang,uan-uang,j-q-x	1
绞尽脑汁	jiǎo jìn nǎo zhī	24495	in-ing,ao-ou,z-zh,n-l,j-q-x	1
没头没脑	méi tóu méi nǎo	24499	ai-ei,ao-ou,n-l	1
眉开眼笑	méi kāi yǎn xiào	24500	an-ang,ai-ei,j-q-x	1
生物制品	shēng wù zhì pǐn	24511	en-eng,in-ing,z-zh,s-sh	1
拭目以待	shì mù yǐ dài	24513	ai-ei,s-sh	1
威风凛凛	wēi fēng lǐn lǐn	24521	en-eng,in-ing,ai-ei,n-l,h-f,r-l	1
自由市场	zì yóu shì chǎng	24537	an-ang,ao-ou,z-zh,c-ch,s-sh	1
红头文件	hóng tóu wén jiàn	24554	en-eng,ian-iang,ao-ou,h-f,j-q-x	1
将信将疑	jiāng xìn jiāng yí	24558	in-ing,ian-iang,j-q-x	1
流光溢彩	liú guāng yì cǎi	24563	uan-uang,ai-ei,c-ch,n-l,r-l	1
首屈一指	shǒu qū yī zhǐ	24570	ao-ou,z-zh,s-sh,j-q-x	1
无与伦比	wú yǔ lún bǐ	24575	n-l,r-l	1
心服口服	xīn fú kǒu fú	24576	in-ing,ao-ou,h-f,j-q-x	1
中央集权	zhōng yāng jí quán	24581	an-ang,uan-uang,z-zh,j-q-x	1
自给自足	zì jǐ zì zú	24582	z-zh,j-q-x	1
大惊失色	dà jīng shī sè	24592	in-ing,s-sh,j-q-x	1
顶天立地	dǐng tiān lì dì	24598	in-ing,ian-iang,n-l,r-l	1
无私无畏	wú sī wú wèi	24623	ai-ei,s-sh	1
雄心壮志	xióng xīn zhuàng zhì	24627	in-ing,uan-uang,z-zh,j-q-x	1
如痴如醉	rú chī rú zuì	24646	z-zh,c-ch,r-l	1
乱砍滥伐	luàn kǎn làn fá	24658	an-ang,uan-uang,n-l,h-f,r-l	1
摸爬滚打	mō pá gǔn dǎ	24659		1
笑容可掬	xiào róng kě jū	24677	r-l,j-q-x	3
怨声载道	yuàn shēng zài dào	24680	en-eng,uan-uang,ai-ei,ao-ou,z-zh,s-sh	1
夺眶而出	duó kuàng ér chū	24694	uan-uang,ua-uo,c-ch	1
见死不救	jiàn sǐ bù jiù	24700	ian-iang,s-sh,j-q-x	1
敲诈勒索	qiāo zhà lè suǒ	24709	ua-uo,z-zh,s-sh,n-l,r-l,j-q-x	1
荣辱与共	róng rǔ yǔ gòng	24715	r-l	1
深更半夜	shēn gēng bàn yè	24716	en-eng,an-ang,s-sh	1
不可一世	bù kě yī shì	24745	s-sh	1
家破人亡	jiā pò rén wáng	24761	en-eng,an-ang,ia-ie,r-l,j-q-x	1
两袖清风	liǎng xiù qīng fēng	24772	en-eng,in-ing,ian-iang,n-l,h-f,r-l,j-q-x	1
柳暗花明	liǔ àn huā míng	24774	in-ing,an-ang,ua-uo,n-l,h-f,r-l	1
麻木不仁	má mù bù rén	24778	en-eng,r-l	1
三五成群	sān wǔ chéng qún	24784	en-eng,an-ang,c-ch,s-sh,j-q-x	1
雅俗共赏	yǎ sú gòng shǎng	24796	an-ang,s-sh	1
引人瞩目	yǐn rén zhǔ mù	24800	en-eng,in-ing,z-zh,r-l	1
粗制滥造	cū zhì làn zào	24815	an-ang,ao-ou,z-zh,c-ch,n-l,r-l	1
大千世界	dà qiān shì jiè	24816	ian-iang,ia-ie,s-sh,j-q-x	1
光彩照人	guāng cǎi zhào rén	24825	en-eng,uan-uang,ai-ei,ao-ou,z-zh,c-ch,r-l	1
奴隶社会	nú lì shè huì	24842	s-sh,n-l,h-f,r-l	1
迫不得已	pò bù dé yǐ	24844		1
头头是道	tóu tóu shì dào	24855	ao-ou,s-sh	1
憨态可掬	hān tài kě jū	24862	an-ang,ai-ei,h-f,j-q-x	3
执迷不悟	zhí mí bù wù	24873	z-zh	1
得过且过	dé guò qiě guò	24884	ia-ie,ua-uo,j-q-x	1
感性认识	gǎn xìng rèn shi	24887	en-eng,in-ing,an-ang,s-sh,r-l,j-q-x	1
恰如其分	qià rú qí fèn	24911	en-eng,ia-ie,h-f,r-l,j-q-x	1
屈指可数	qū zhǐ kě shǔ	24915	z-zh,s-sh,j-q-x	1
融会贯通	róng huì guàn tōng	24916	uan-uang,h-f,r-l	1
双管齐下	shuāng guǎn qí xià	24923	uan-uang,ia-ie,s-sh,j-q-x	1
啼笑皆非	tí xiào jiē fēi	24927	ai-ei,ia-ie,h-f,j-q-x	1
天真烂漫	tiān zhēn làn màn	24928	en-eng,an-ang,ian-iang,z-zh,n-l,r-l	1
一波三折	yī bō sān zhé	24938	an-ang,z-zh,s-sh	1
指手画脚	zhǐ shǒu huà jiǎo	24941	ao-ou,ua-uo,z-zh,s-sh,h-f,j-q-x	1
众目睽睽	zhòng mù kuí kuí	24942	z-zh	3
瞠目结舌	chēng mù jié shé	24949	en-eng,ia-ie,c-ch,s-sh,j-q-x	3
旷日持久	kuàng rì chí jiǔ	24972	uan-uang,c-ch,r-l,j-q-x	1
指指点点	zhǐ zhǐ diǎn diǎn	24977	ian-iang,z-zh	1
气势汹汹	qì shì xiōng xiōng	24985	s-sh,j-q-x	1
所剩无几	suǒ shèng wú jǐ	24992	en-eng,ua-uo,s-sh,j-q-x	1
握手言和	wò shǒu yán hé	25001	an-ang,ao-ou,s-sh,h-f	1
一步到位	yī bù dào wèi	25004	ai-ei,ao-ou	1
沾沾自喜	zhān zhān zì xǐ	25007	an-ang,z-zh,j-q-x	1
支离破碎	zhī lí pò suì	25008	z-zh,s-sh,n-l,r-l	1
总的说来	zǒng de shuō lái	25011	ai-ei,ua-uo,z-zh,s-sh,n-l,r-l	1
百年不遇	bǎi nián bù yù	25012	ian-iang,ai-ei,n-l	1
不闻不问	bù wén bù wèn	25017	en-eng	1
彻头彻尾	chè tóu chè wěi	25019	ai-ei,ao-ou,c-ch	1
出生入死	chū shēng rù sǐ	25021	en-eng,c-ch,s-sh,r-l	1
支支吾吾	zhī zhī wú wú	25022	z-zh	1
赫赫有名	hè hè yǒu míng	25034	in-ing,ao-ou,h-f	1
临危不惧	lín wēi bù jù	25043	in-ing,ai-ei,n-l,r-l,j-q-x	1
煞费苦心	shà fèi kǔ xīn	25054	in-ing,ai-ei,s-sh,h-f,j-q-x	1
稀里糊涂	xī li hú tú	25063	n-l,h-f,r-l,j-q-x	1
不胫而走	bù jìng ér zǒu	25083	in-ing,ao-ou,z-zh,j-q-x	3
发家致富	fā jiā zhì fù	25091	ia-ie,z-zh,h-f,j-q-x	1
分门别类	fēn mén bié lèi	25096	en-eng,ai-ei,ia-ie,n-l,h-f,r-l	1
高风亮节	gāo fēng liàng jié	25098	en-eng,ian-iang,ao-ou,ia-ie,n-l,h-f,r-l,j-q-x	1
核反应堆	hé fǎn yìng duī	25103	in-ing,an-ang,h-f	1
交头接耳	jiāo tóu jiē ěr	25106	ao-ou,ia-ie,j-q-x	1
坑坑洼洼	kēng kēng wā wā	25110	en-eng	1
扣人心弦	kòu rén xīn xián	25111	en-eng,in-ing,ian-iang,ao-ou,r-l,j-q-x	1
命中注定	mìng zhōng zhù dìng	25118	in-ing,z-zh	1
扭亏增盈	niǔ kuī zēng yíng	25120	en-eng,in-ing,z-zh,n-l	1
想入非非	xiǎng rù fēi fēi	25140	ian-iang,ai-ei,h-f,r-l,j-q-x	1
一事无成	yī shì wú chéng	25143	en-eng,c-ch,s-sh	1
赤手空拳	chì shǒu kōng quán	25161	uan-uang,ao-ou,c-ch,s-sh,j-q-x	1
每况愈下	měi kuàng yù xià	25179	uan-uang,ai-ei,ia-ie,j-q-x	1
望子成龙	wàng zǐ chéng lóng	25193	en-eng,an-ang,z-zh,c-ch,n-l,r-l	1
一网打尽	yī wǎng dǎ jìn	25197	in-ing,an-ang,j-q-x	1
唉声叹气	āi shēng tàn qì	25210	en-eng,an-ang,ai-ei,s-sh,j-q-x	1
不可逾越	bù kě yú yuè	25217		1
耿耿于怀	gěng gěng yú huái	25224	en-eng,h-f	1
旁若无人	páng ruò wú rén	25240	en-eng,an-ang,ua-uo,r-l	1
人来人往	rén lái rén wǎng	25245	en-eng,an-ang,ai-ei,n-l,r-l	1
早出晚归	zǎo chū wǎn guī	25256	an-ang,ao-ou,z-zh,c-ch	1
摇身一变	yáo shēn yī biàn	25261	en-eng,ian-iang,ao-ou,s-sh	1
一统天下	yī tǒng tiān xià	25262	ian-iang,ia-ie,j-q-x	1
约定俗成	yuē dìng sú chéng	25266	en-eng,in-ing,c-ch,s-sh	1
爱不释手	ài bù shì shǒu	25271	ai-ei,ao-ou,s-sh	1
百感交集	bǎi gǎn jiāo jí	25274	an-ang,ai-ei,j-q-x	1
不寒而栗	bù hán ér lì	25276	an-ang,n-l,h-f,r-l	1
大公无私	dà gōng wú sī	25282	s-sh	1
大摇大摆	dà yáo dà bǎi	25283	ai-ei,ao-ou	1
殚精竭虑	dān jīng jié lǜ	25284	in-ing,an-ang,ia-ie,n-l,r-l,j-q-x	3
漫山遍野	màn shān biàn yě	25304	an-ang,ian-iang,s-sh	1
权宜之计	quán yí zhī jì	25313	uan-uang,z-zh,j-q-x	1
人文科学	rén wén kē xué	25314	en-eng,r-l,j-q-x	1
说不过去	shuō bu guò qù	25322	ua-uo,s-sh,j-q-x	1
纪念邮票	jì niàn yóu piào	25364	ian-iang,ao-ou,n-l,j-q-x	1
齐头并进	qí tóu bìng jìn	25381	in-ing,ao-ou,j-q-x	1
人工智能	rén gōng zhì néng	25384	en-eng,z-zh,n-l,r-l	1
贪官污吏	tān guān wū lì	25389	an-ang,uan-uang,n-l,r-l	1
因人而异	yīn rén ér yì	25401	en-eng,in-ing,r-l	1
原原本本	yuán yuán běn běn	25403	en-eng,uan-uang	1
自知之明	zì zhī zhī míng	25409	in-ing,z-zh	1
尽心竭力	jìn xīn jié lì	25433	in-ing,ia-ie,n-l,r-l,j-q-x	1
灭顶之灾	miè dǐng zhī zāi	25439	in-ing,ai-ei,ia-ie,z-zh	1
如出一辙	rú chū yī zhé	25440	z-zh,c-ch,r-l	1
自欺欺人	zì qī qī rén	25460	en-eng,z-zh,r-l,j-q-x	1
悲欢离合	bēi huān lí hé	25464	uan-uang,ai-ei,n-l,h-f,r-l	1
好大喜功	hào dà xǐ gōng	25476	ao-ou,h-f,j-q-x	1
空无一人	kōng wú yī rén	25483	en-eng,r-l	1
山清水秀	shān qīng shuǐ xiù	25494	in-ing,an-ang,s-sh,j-q-x	1
天衣无缝	tiān yī wú fèng	25500	en-eng,ian-iang,h-f	1
通信卫星	tōng xìn wèi xīng	25504	in-ing,ai-ei,j-q-x	1
中产阶级	zhōng chǎn jiē jí	25517	an-ang,ia-ie,z-zh,c-ch,j-q-x	1
资不抵债	zī bù dǐ zhài	25520	ai-ei,z-zh	1
组织关系	zǔ zhī guān xi	25522	uan-uang,z-zh,j-q-x	1
按部就班	àn bù jiù bān	25523	an-ang,j-q-x	1
白手起家	bái shǒu qǐ jiā	25524	ai-ei,ao-ou,ia-ie,s-sh,j-q-x	1
轰动效应	hōng dòng xiào yìng	25536	in-ing,h-f,j-q-x	1
论资排辈	lùn zī pái bèi	25548	ai-ei,z-zh,n-l,r-l	1
人满为患	rén mǎn wéi huàn	25556	en-eng,an-ang,uan-uang,ai-ei,h-f,r-l	1
听天由命	tīng tiān yóu mìng	25561	in-ing,ian-iang,ao-ou	1
逍遥法外	xiāo yáo fǎ wài	25568	ai-ei,ao-ou,h-f,j-q-x	3
一门心思	yī mén xīn si	25574	en-eng,in-ing,s-sh,j-q-x	1
游刃有余	yóu rèn yǒu yú	25580	en-eng,ao-ou,r-l	1
冤假错案	yuān jiǎ cuò àn	25582	an-ang,uan-uang,ia-ie,ua-uo,c-ch,j-q-x	1
不置可否	bù zhì kě fǒu	25589	ao-ou,z-zh,h-f	1
大行其道	dà xíng qí dào	25592	in-ing,ao-ou,j-q-x	1
美不胜收	měi bù shèng shōu	25614	en-eng,ai-ei,ao-ou,s-sh	1
轻重缓急	qīng zhòng huǎn jí	25620	in-ing,uan-uang,z-zh,h-f,j-q-x	1
善解人意	shàn jiě rén yì	25625	en-eng,an-ang,ia-ie,s-sh,r-l,j-q-x	1
声嘶力竭	shēng sī lì jié	25626	en-eng,ia-ie,s-sh,n-l,r-l,j-q-x	1
十年动乱	shí nián dòng luàn	25628	ian-iang,uan-uang,s-sh,n-l,r-l	1
投机取巧	tóu jī qǔ qiǎo	25635	ao-ou,j-q-x	1
虚张声势	xū zhāng shēng shì	25642	en-eng,an-ang,z-zh,s-sh,j-q-x	1
义愤填膺	yì fèn tián yīng	25645	en-eng,in-ing,ian-iang,h-f	3
大做文章	dà zuò wén zhāng	25668	en-eng,an-ang,ua-uo,z-zh	1
各家各户	gè jiā gè hù	25677	ia-ie,h-f,j-q-x	1
何去何从	hé qù hé cóng	25683	c-ch,h-f,j-q-x	1
精疲力尽	jīng pí lì jìn	25690	in-ing,n-l,r-l,j-q-x	1
十年浩劫	shí nián hào jié	25712	ian-iang,ao-ou,ia-ie,s-sh,n-l,h-f,j-q-x	1
挖空心思	wā kōng xīn sī	25719	in-ing,s-sh,j-q-x	1
无人问津	wú rén wèn jīn	25721	en-eng,in-ing,r-l,j-q-x	1
无懈可击	wú xiè kě jī	25722	ia-ie,j-q-x	1
有鉴于此	yǒu jiàn yú cǐ	25729	ian-iang,ao-ou,c-ch,j-q-x	1
约法三章	yuē fǎ sān zhāng	25732	an-ang,z-zh,s-sh,h-f	1
真才实学	zhēn cái shí xué	25736	en-eng,ai-ei,z-zh,c-ch,s-sh,j-q-x	1
蛛丝马迹	zhū sī mǎ jì	25739	z-zh,s-sh,j-q-x	1
半途而废	bàn tú ér fèi	25742	an-ang,ai-ei,h-f	1
叫苦不迭	jiào kǔ bù dié	25762	ia-ie,j-q-x	1
就事论事	jiù shì lùn shì	25765	s-sh,n-l,r-l,j-q-x	1
求之不得	qiú zhī bù dé	25784	z-zh,j-q-x	1
死心塌地	sǐ xīn tā dì	25789	in-ing,s-sh,j-q-x	1
叱咤风云	chì zhà fēng yún	25818	en-eng,z-zh,c-ch,h-f	3
当机立断	dāng jī lì duàn	25821	an-ang,uan-uang,n-l,r-l,j-q-x	1
哈萨克族	hā sà kè zú	25826	z-zh,s-sh,h-f	1
络腮胡子	luò sāi hú zi	25835	ai-ei,ua-uo,z-zh,s-sh,n-l,h-f,r-l	1
民主人士	mín zhǔ rén shì	25838	en-eng,in-ing,z-zh,s-sh,r-l	1
巧立名目	qiǎo lì míng mù	25842	in-ing,n-l,r-l,j-q-x	1
时不我待	shí bù wǒ dài	25850	ai-ei,s-sh	1
亡羊补牢	wáng yáng bǔ láo	25863	an-ang,ao-ou,n-l,r-l	1
为人师表	wéi rén shī biǎo	25865	en-eng,ai-ei,s-sh,r-l	1
温文尔雅	wēn wén ěr yǎ	25867	en-eng	1
一鸣惊人	yī míng jīng rén	25873	en-eng,in-ing,r-l,j-q-x	1
因材施教	yīn cái shī jiào	25874	in-ing,ai-ei,c-ch,s-sh,j-q-x	1
左右为难	zuǒ yòu wéi nán	25883	an-ang,ai-ei,ao-ou,ua-uo,z-zh,n-l	1
独断专行	dú duàn zhuān xíng	25902	in-ing,uan-uang,z-zh,j-q-x	1
粉身碎骨	fěn shēn suì gǔ	25907	en-eng,s-sh,h-f	1
七手八脚	qī shǒu bā jiǎo	25930	ao-ou,s-sh,j-q-x	1
千丝万缕	qiān sī wàn lǚ	25932	an-ang,ian-iang,s-sh,n-l,r-l,j-q-x	1
一哄而起	yī hòng ér qǐ	25947	h-f,j-q-x	1
走马观花	zǒu mǎ guān huā	25953	uan-uang,ao-ou,ua-uo,z-zh,h-f	1
东倒西歪	dōng dǎo xī wāi	25964	ai-ei,ao-ou,j-q-x	1
放任自流	fàng rèn zì liú	25967	en-eng,an-ang,z-zh,n-l,h-f,r-l	1
蜂拥而至	fēng yōng ér zhì	25968	en-eng,z-zh,h-f	1
改头换面	gǎi tóu huàn miàn	25969	ian-iang,uan-uang,ai-ei,ao-ou,h-f	1
环环相扣	huán huán xiāng kòu	25978	ian-iang,uan-uang,ao-ou,h-f,j-q-x	1
井井有条	jǐng jǐng yǒu tiáo	25984	in-ing,ao-ou,j-q-x	1
忍气吞声	rěn qì tūn shēng	26000	en-eng,s-sh,r-l,j-q-x	1
时隐时现	shí yǐn shí xiàn	26006	in-ing,ian-iang,s-sh,j-q-x	1
始料不及	shǐ liào bù jí	26007	s-sh,n-l,r-l,j-q-x	1
危言耸听	wēi yán sǒng tīng	26015	in-ing,an-ang,ai-ei,s-sh	1
运筹帷幄	yùn chóu wéi wò	26027	ai-ei,ao-ou,c-ch	3
治病救人	zhì bìng jiù rén	26028	en-eng,in-ing,z-zh,r-l,j-q-x	1
毕恭毕敬	bì gōng bì jìng	26035	in-ing,j-q-x	1
不谋而合	bù móu ér hé	26036	ao-ou,h-f	1
催人泪下	cuī rén lèi xià	26040	en-eng,ai-ei,ia-ie,c-ch,n-l,r-l,j-q-x	1
三民主义	sān mín zhǔ yì	26068	in-ing,an-ang,z-zh,s-sh	1
深信不疑	shēn xìn bù yí	26071	en-eng,in-ing,s-sh,j-q-x	1
天灾人祸	tiān zāi rén huò	26076	en-eng,ian-iang,ai-ei,ua-uo,z-zh,h-f,r-l	1
心有余悸	xīn yǒu yú jì	26083	in-ing,ao-ou,j-q-x	3
汹涌澎湃	xiōng yǒng péng pài	26084	en-eng,ai-ei,j-q-x	1
家庭妇女	jiā tíng fù nǚ	26110	in-ing,ia-ie,n-l,h-f,j-q-x	1
流离失所	liú lí shī suǒ	26118	ua-uo,s-sh,n-l,r-l	1
熟视无睹	shú shì wú dǔ	26132	s-sh	1
忘恩负义	wàng ēn fù yì	26137	en-eng,an-ang,h-f	1
新生力量	xīn shēng lì liàng	26139	en-eng,in-ing,ian-iang,s-sh,n-l,r-l,j-q-x	1
一见钟情	yī jiàn zhōng qíng	26143	in-ing,ian-iang,z-zh,j-q-x	1
异想天开	yì xiǎng tiān kāi	26144	ian-iang,ai-ei,j-q-x	1
怨天尤人	yuàn tiān yóu rén	26146	en-eng,ian-iang,uan-uang,ao-ou,r-l	1
大失所望	dà shī suǒ wàng	26161	an-ang,ua-uo,s-sh	1
踱来踱去	duó lái duó qù	26165	ai-ei,ua-uo,n-l,r-l,j-q-x	1
勤工助学	qín gōng zhù xué	26188	in-ing,z-zh,j-q-x	1
一哄而上	yī hòng ér shàng	26207	an-ang,s-sh,h-f	1
趾高气扬	zhǐ gāo qì yáng	26215	an-ang,ao-ou,z-zh,j-q-x	1
见多识广	jiàn duō shí guǎng	26247	ian-iang,uan-uang,ua-uo,s-sh,j-q-x	1
乐观主义	lè guān zhǔ yì	26254	uan-uang,z-zh,n-l,r-l	1
锣鼓喧天	luó gǔ xuān tiān	26257	ian-iang,uan-uang,ua-uo,n-l,r-l,j-q-x	1
前赴后继	qián fù hòu jì	26262	ian-iang,ao-ou,h-f,j-q-x	1
遥遥领先	yáo yáo lǐng xiān	26280	in-ing,ian-iang,ao-ou,n-l,r-l,j-q-x	1
掷地有声	zhì dì yǒu shēng	26290	en-eng,ao-ou,z-zh,s-sh	1
大手大脚	dà shǒu dà jiǎo	26305	ao-ou,s-sh,j-q-x	1
防微杜渐	fáng wēi dù jiàn	26310	an-ang,ian-iang,ai-ei,h-f,j-q-x	1
风雨同舟	fēng yǔ tóng zhōu	26311	en-eng,ao-ou,z-zh,h-f	1
公共厕所	gōng gòng cè suǒ	26312	ua-uo,c-ch,s-sh	1
顾名思义	gù míng sī yì	26314	in-ing,s-sh	1
国情咨文	guó qíng zī wén	26317	en-eng,in-ing,ua-uo,z-zh,j-q-x	1
今非昔比	jīn fēi xī bǐ	26325	in-ing,ai-ei,h-f,j-q-x	1
人命关天	rén mìng guān tiān	26344	en-eng,in-ing,ian-iang,uan-uang,r-l	1
随波逐流	suí bō zhú liú	26350	z-zh,s-sh,n-l,r-l	1
忘乎所以	wàng hū suǒ yǐ	26355	an-ang,ua-uo,s-sh,h-f	1
无所不在	wú suǒ bù zài	26358	ai-ei,ua-uo,z-zh,s-sh	1
小白脸儿	xiǎo bái liǎn er	26362	ian-iang,ai-ei,n-l,r-l,j-q-x	1
谢天谢地	xiè tiān xiè dì	26363	ian-iang,ia-ie,j-q-x	1
心领神会	xīn lǐng shén huì	26364	en-eng,in-ing,s-sh,n-l,h-f,r-l,j-q-x	1
星星点点	xīng xīng diǎn diǎn	26366	in-ing,ian-iang,j-q-x	1
一扫而光	yī sǎo ér guāng	26369	uan-uang,ao-ou,s-sh	1
意犹未尽	yì yóu wèi jìn	26371	in-ing,ai-ei,ao-ou,j-q-x	1
远走高飞	yuǎn zǒu gāo fēi	26373	uan-uang,ai-ei,ao-ou,z-zh,h-f	1
左顾右盼	zuǒ gù yòu pàn	26377	an-ang,ao-ou,ua-uo,z-zh	1
不着边际	bù zhuó biān jì	26383	ian-iang,ua-uo,z-zh,j-q-x	1
春风化雨	chūn fēng huà yǔ	26385	en-eng,ua-uo,c-ch,h-f	1
大模大样	dà mú dà yàng	26386	an-ang	1
连锁反应	lián suǒ fǎn yìng	26407	in-ing,an-ang,ian-iang,ua-uo,s-sh,n-l,h-f,r-l	1
良师益友	liáng shī yì yǒu	26409	ian-iang,ao-ou,s-sh,n-l,r-l	1
名不虚传	míng bù xū chuán	26414	in-ing,uan-uang,c-ch,j-q-x	1
昙花一现	tán huā yī xiàn	26428	an-ang,ian-iang,ua-uo,h-f,j-q-x	3
赤子之心	chì zǐ zhī xīn	26429	in-ing,z-zh,c-ch,j-q-x	1
望而生畏	wàng ér shēng wèi	26434	en-eng,an-ang,ai-ei,s-sh	1
心心相印	xīn xīn xiāng yìn	26439	in-ing,ian-iang,j-q-x	1
影影绰绰	yǐng yǐng chuò chuò	26450	in-ing,ua-uo,c-ch	1
走街串巷	zǒu jiē chuàn xiàng	26460	ian-iang,uan-uang,ao-ou,ia-ie,z-zh,c-ch,j-q-x	1
风调雨顺	fēng tiáo yǔ shùn	26475	en-eng,s-sh,h-f	1
七上八下	qī shàng bā xià	26495	an-ang,ia-ie,s-sh,j-q-x	1
如前所述	rú qián suǒ shù	26502	ian-iang,ua-uo,s-sh,r-l,j-q-x	1
生儿育女	shēng ér yù nǚ	26505	en-eng,s-sh,n-l	1
水到渠成	shuǐ dào qú chéng	26511	en-eng,ao-ou,c-ch,s-sh,j-q-x	1
亭亭玉立	tíng tíng yù lì	26515	in-ing,n-l,r-l	1
心烦意乱	xīn fán yì luàn	26520	in-ing,an-ang,uan-uang,n-l,h-f,r-l,j-q-x	1
心血来潮	xīn xuè lái cháo	26521	in-ing,ai-ei,ao-ou,c-ch,n-l,r-l,j-q-x	1
喋喋不休	dié dié bù xiū	26539	ia-ie,j-q-x	3
横七竖八	héng qī shù bā	26547	en-eng,s-sh,h-f,j-q-x	1
千言万语	qiān yán wàn yǔ	26566	an-ang,ian-iang,j-q-x	1
言简意赅	yán jiǎn yì gāi	26585	an-ang,ian-iang,ai-ei,j-q-x	3
与世隔绝	yǔ shì gé jué	26587	s-sh,j-q-x	1
振振有词	zhèn zhèn yǒu cí	26588	en-eng,ao-ou,z-zh,c-ch	1
争分夺秒	zhēng fēn duó miǎo	26589	en-eng,ua-uo,z-zh,h-f	1
自暴自弃	zì bào zì qì	26595	ao-ou,z-zh,j-q-x	1
不义之财	bù yì zhī cái	26601	ai-ei,z-zh,c-ch	1
大众传播	dà zhòng chuán bō	26603	uan-uang,z-zh,c-ch	1
狼吞虎咽	láng tūn hǔ yàn	26615	an-ang,n-l,h-f,r-l	1
婆婆妈妈	pó po mā mā	26627		1
七零八落	qī líng bā luò	26628	in-ing,ua-uo,n-l,r-l,j-q-x	1
人之常情	rén zhī cháng qíng	26633	en-eng,in-ing,an-ang,z-zh,c-ch,r-l,j-q-x	1
无言以对	wú yán yǐ duì	26647	an-ang	1
无一例外	wú yī lì wài	26648	ai-ei,n-l,r-l	1
五湖四海	wǔ hú sì hǎi	26649	ai-ei,s-sh,h-f	1
喜笑颜开	xǐ xiào yán kāi	26652	an-ang,ai-ei,j-q-x	1
枝繁叶茂	zhī fán yè mào	26664	an-ang,ao-ou,z-zh,h-f	1
财大气粗	cái dà qì cū	26671	ai-ei,c-ch,j-q-x	1
肺腑之言	fèi fǔ zhī yán	26681	an-ang,ai-ei,z-zh,h-f	3
凤毛麟角	fèng máo lín jiǎo	26683	en-eng,in-ing,ao-ou,n-l,h-f,r-l,j-q-x	3
闷闷不乐	mèn mèn bù lè	26704	en-eng,n-l,r-l	1
铁人三项	tiě rén sān xiàng	26717	en-eng,an-ang,ian-iang,ia-ie,s-sh,r-l,j-q-x	1
有恃无恐	yǒu shì wú kǒng	26729	ao-ou,s-sh	1
光辉灿烂	guāng huī càn làn	26745	an-ang,uan-uang,c-ch,n-l,h-f,r-l	1
和颜悦色	hé yán yuè sè	26746	an-ang,s-sh,h-f	1
经久不息	jīng jiǔ bù xī	26749	in-ing,j-q-x	1
哄堂大笑	hōng táng dà xiào	26750	an-ang,h-f,j-q-x	1
青黄不接	qīng huáng bù jiē	26774	in-ing,uan-uang,ia-ie,h-f,j-q-x	1
轻车简从	qīng chē jiǎn cóng	26775	in-ing,ian-iang,c-ch,j-q-x	1
循循善诱	xún xún shàn yòu	26788	an-ang,ao-ou,s-sh,j-q-x	1
走南闯北	zǒu nán chuǎng běi	26793	an-ang,uan-uang,ai-ei,ao-ou,z-zh,c-ch,n-l	1
大庭广众	dà tíng guǎng zhòng	26802	in-ing,uan-uang,z-zh	1
情真意切	qíng zhēn yì qiè	26837	en-eng,in-ing,ia-ie,z-zh,j-q-x	1
十之八九	shí zhī bā jiǔ	26843	z-zh,s-sh,j-q-x	1
听之任之	tīng zhī rèn zhī	26850	en-eng,in-ing,z-zh,r-l	1
偷工减料	tōu gōng jiǎn liào	26851	ian-iang,ao-ou,n-l,r-l,j-q-x	1
文艺批评	wén yì pī píng	26853	en-eng,in-ing	1
误入歧途	wù rù qí tú	26855	r-l,j-q-x	1
一纸空文	yī zhǐ kōng wén	26864	en-eng,z-zh	1
出奇制胜	chū qí zhì shèng	26878	en-eng,z-zh,c-ch,s-sh,j-q-x	1
东山再起	dōng shān zài qǐ	26886	an-ang,ai-ei,z-zh,s-sh,j-q-x	1
回心转意	huí xīn zhuǎn yì	26895	in-ing,uan-uang,z-zh,h-f,j-q-x	1
急中生智	jí zhōng shēng zhì	26897	en-eng,z-zh,s-sh,j-q-x	1
模棱两可	mó léng liǎng kě	26916	en-eng,ian-iang,n-l,r-l	1
沁人心脾	qìn rén xīn pí	26922	en-eng,in-ing,r-l,j-q-x	1
人才济济	rén cái jǐ jǐ	26924	en-eng,ai-ei,c-ch,r-l,j-q-x	1
稍纵即逝	shāo zòng jí shì	26926	ao-ou,z-zh,s-sh,j-q-x	1
逃之夭夭	táo zhī yāo yāo	26931	ao-ou,z-zh	1
投机倒把	tóu jī dǎo bǎ	26933	ao-ou,j-q-x	1
万般无奈	wàn bān wú nài	26936	an-ang,ai-ei,n-l	1
无法无天	wú fǎ wú tiān	26939	ian-iang,h-f	1
相安无事	xiān gān wú shì	26943	an-ang,ian-iang,s-sh,j-q-x	1
真情实感	zhēn qíng shí gǎn	26949	en-eng,in-ing,an-ang,z-zh,s-sh,j-q-x	1
有求必应	yǒu qiú bì yìng	26951	in-ing,ao-ou,j-q-x	1
干净利落	gān jìng lì luò	26973	in-ing,an-ang,ua-uo,n-l,r-l,j-q-x	1
虎视眈眈	hǔ shì dān dān	26978	an-ang,s-sh,h-f	3
尽收眼底	jìn shōu yǎn dǐ	26983	in-ing,an-ang,ao-ou,s-sh,j-q-x	1
轩然大波	xuān rán dà bō	27015	an-ang,uan-uang,r-l,j-q-x	1
有生之年	yǒu shēng zhī nián	27018	en-eng,ian-iang,ao-ou,z-zh,s-sh,n-l	1
工艺流程	gōng yì liú chéng	27046	en-eng,c-ch,n-l,r-l	1
光明正大	guāng míng zhèng dà	27047	en-eng,in-ing,uan-uang,z-zh	1
绘声绘色	huì shēng huì sè	27050	en-eng,s-sh,h-f	1
天方夜谭	tiān fāng yè tán	27071	an-ang,ian-iang,h-f	1
一气呵成	yī qì hē chéng	27080	en-eng,c-ch,h-f,j-q-x	1
一往情深	yī wǎng qíng shēn	27081	en-eng,in-ing,an-ang,s-sh,j-q-x	1
柴米油盐	chái mǐ yóu yán	27097	an-ang,ai-ei,ao-ou,c-ch	1
赤身裸体	chì shēn luǒ tǐ	27101	en-eng,ua-uo,c-ch,s-sh,n-l,r-l	1
担惊受怕	dān jīng shòu pà	27106	in-ing,an-ang,ao-ou,s-sh,j-q-x	1
风云人物	fēng yún rén wù	27111	en-eng,h-f,r-l	1
活学活用	huó xué huó yòng	27121	ua-uo,h-f,j-q-x	1
十全十美	shí quán shí měi	27146	uan-uang,ai-ei,s-sh,j-q-x	1
闭路电视	bì lù diàn shì	27172	ian-iang,s-sh,n-l,r-l	1
原封不动	yuán fēng bù dòng	27173	en-eng,uan-uang,h-f	1
博采众长	bó cǎi zhòng cháng	27174	an-ang,ai-ei,z-zh,c-ch	1
害群之马	hài qún zhī mǎ	27181	ai-ei,z-zh,h-f,j-q-x	1
既得利益	jì dé lì yì	27187	n-l,r-l,j-q-x	1
满面春风	mǎn miàn chūn fēng	27195	en-eng,an-ang,ian-iang,c-ch,h-f	1
仁人志士	rén rén zhì shì	27203	en-eng,z-zh,s-sh,r-l	1
束之高阁	shù zhī gāo gé	27209	ao-ou,z-zh,s-sh	1
五脏六腑	wǔ zàng liù fǔ	27216	an-ang,z-zh,n-l,h-f,r-l	3
心照不宣	xīn zhào bù xuān	27219	in-ing,uan-uang,ao-ou,z-zh,j-q-x	1
言传身教	yán chuán shēn jiào	27222	en-eng,an-ang,uan-uang,c-ch,s-sh,j-q-x	1
应接不暇	yìng jiē bù xiá	27226	in-ing,ia-ie,j-q-x	1
政通人和	zhèng tōng rén hé	27231	en-eng,z-zh,h-f,r-l	1
置之度外	zhì zhī dù wài	27232	ai-ei,z-zh	1
惴惴不安	zhuì zhuì bù ān	27235	an-ang,z-zh	3
哆哆嗦嗦	duō duō suō suō	27249	ua-uo,s-sh	1
风和日丽	fēng hé rì lì	27251	en-eng,n-l,h-f,r-l	1
敢为人先	gǎn wéi rén xiān	27255	en-eng,an-ang,ian-iang,ai-ei,r-l,j-q-x	1
华而不实	huá ér bù shí	27260	ua-uo,s-sh,h-f	1
黄金时间	huáng jīn shí jiān	27264	in-ing,ian-iang,uan-uang,s-sh,h-f,j-q-x	1
空间技术	kōng jiān jì shù	27273	ian-iang,s-sh,j-q-x	1
买方市场	mǎi fāng shì chǎng	27277	an-ang,ai-ei,c-ch,s-sh,h-f	1
任人唯贤	rèn rén wéi xián	27286	en-eng,ian-iang,ai-ei,r-l,j-q-x	1
如饥似渴	rú jī sì kě	27287	s-sh,r-l,j-q-x	1
头破血流	tóu pò xuè liú	27296	ao-ou,n-l,r-l,j-q-x	1
纹丝不动	wén sī bù dòng	27297	en-eng,s-sh	1
乌烟瘴气	wū yān zhàng qì	27298	an-ang,z-zh,j-q-x	3
喜形于色	xǐ xíng yú sè	27299	in-ing,s-sh,j-q-x	1
纸上谈兵	zhǐ shàng tán bīng	27313	in-ing,an-ang,z-zh,s-sh	1
主创人员	zhǔ chuàng rén yuán	27315	en-eng,uan-uang,z-zh,c-ch,r-l	1
春意盎然	chūn yì àng rán	27324	an-ang,c-ch,r-l	3
胆战心惊	dǎn zhàn xīn jīng	27325	in-ing,an-ang,z-zh,j-q-x	1
纷纷扬扬	fēn fēn yáng yáng	27329	en-eng,an-ang,h-f	1
患难与共	huàn nàn yǔ gòng	27335	an-ang,uan-uang,n-l,h-f	1
活灵活现	huó líng huó xiàn	27336	in-ing,ian-iang,ua-uo,n-l,h-f,r-l,j-q-x	1
能工巧匠	néng gōng qiǎo jiàng	27353	en-eng,ian-iang,n-l,j-q-x	1
三番五次	sān fān wǔ cì	27363	an-ang,c-ch,s-sh,h-f	1
水深火热	shuǐ shēn huǒ rè	27369	en-eng,ua-uo,s-sh,h-f,r-l	1
天伦之乐	tiān lún zhī lè	27373	ian-iang,z-zh,n-l,r-l	1
唯利是图	wéi lì shì tú	27376	ai-ei,s-sh,n-l,r-l	1
一览无余	yī lǎn wú yú	27384	an-ang,n-l,r-l	1
按兵不动	àn bīng bù dòng	27394	in-ing,an-ang	1
不务正业	bù wù zhèng yè	27398	en-eng,z-zh	1
鸡毛蒜皮	jī máo suàn pí	27416	uan-uang,ao-ou,s-sh,j-q-x	1
开诚布公	kāi chéng bù gōng	27418	en-eng,ai-ei,c-ch	1
毛细血管	máo xì xuè guǎn	27428	uan-uang,ao-ou,j-q-x	1
人情味儿	rén qíng wèi er	27434	en-eng,in-ing,ai-ei,r-l,j-q-x	1
人心惶惶	rén xīn huáng huáng	27435	en-eng,in-ing,uan-uang,h-f,r-l,j-q-x	1
生龙活虎	shēng lóng huó hǔ	27438	en-eng,ua-uo,s-sh,n-l,h-f,r-l	1
西装革履	xī zhuāng gé lǚ	27448	uan-uang,z-zh,n-l,r-l,j-q-x	1
心慌意乱	xīn huāng yì luàn	27452	in-ing,uan-uang,n-l,h-f,r-l,j-q-x	1
转危为安	zhuǎn wēi wéi ān	27463	an-ang,uan-uang,ai-ei,z-zh	1
不辞而别	bù cí ér bié	27470	ia-ie,c-ch	1
好人好事	hǎo rén hǎo shì	27483	en-eng,ao-ou,s-sh,h-f,r-l	1
家庭主妇	jiā tíng zhǔ fù	27490	in-ing,ia-ie,z-zh,h-f,j-q-x	1
军事法庭	jūn shì fǎ tíng	27496	in-ing,s-sh,h-f,j-q-x	1
良莠不齐	liáng yǒu bù qí	27498	ian-iang,ao-ou,n-l,r-l,j-q-x	3
不远万里	bù yuǎn wàn lǐ	27509	an-ang,uan-uang,n-l,r-l	1
莘莘学子	shēn shēn xué zǐ	27517	en-eng,z-zh,s-sh,j-q-x	3
失之交臂	shī zhī jiāo bì	27521	z-zh,s-sh,j-q-x	1
数不胜数	shǔ bù shèng shǔ	27522	en-eng,s-sh	1
谈情说爱	tán qíng shuō ài	27525	in-ing,an-ang,ai-ei,ua-uo,s-sh,j-q-x	1
推心置腹	tuī xīn zhì fù	27528	in-ing,z-zh,h-f,j-q-x	1
玩世不恭	wán shì bù gōng	27529	an-ang,s-sh	1
兴风作浪	xīng fēng zuò làng	27535	en-eng,in-ing,an-ang,ua-uo,z-zh,n-l,h-f,r-l,j-q-x	1
虚无主义	xū wú zhǔ yì	27539	z-zh,j-q-x	1
眼皮底下	yǎn pí dǐ xia	27542	an-ang,ia-ie,j-q-x	1
不近人情	bù jìn rén qíng	27557	en-eng,in-ing,r-l,j-q-x	1
不堪回首	bù kān huí shǒu	27558	an-ang,ao-ou,s-sh,h-f	1
灯红酒绿	dēng hóng jiǔ lǜ	27567	en-eng,n-l,h-f,r-l,j-q-x	1
风平浪静	fēng píng làng jìng	27571	en-eng,in-ing,an-ang,n-l,h-f,r-l,j-q-x	1
高谈阔论	gāo tán kuò lùn	27574	an-ang,ao-ou,ua-uo,n-l,r-l	1
念念有词	niàn niàn yǒu cí	27594	ian-iang,ao-ou,c-ch,n-l	1
神经过敏	shén jīng guò mǐn	27605	en-eng,in-ing,ua-uo,s-sh,j-q-x	1
惟妙惟肖	wéi miào wéi xiào	27613	ai-ei,j-q-x	1
哑口无言	yǎ kǒu wú yán	27619	an-ang,ao-ou	1
安身立命	ān shēn lì mìng	27632	en-eng,in-ing,an-ang,s-sh,n-l,r-l	1
白色恐怖	bái sè kǒng bù	27635	ai-ei,s-sh	1
不偏不倚	bù piān bù yǐ	27636	ian-iang	1
古为今用	gǔ wéi jīn yòng	27652	in-ing,ai-ei,j-q-x	1
后起之秀	hòu qǐ zhī xiù	27657	ao-ou,z-zh,h-f,j-q-x	1
穷乡僻壤	qióng xiāng pì rǎng	27676	an-ang,ian-iang,r-l,j-q-x	1
矢志不渝	shǐ zhì bù yú	27683	z-zh,s-sh	1
死而后已	sǐ ér hòu yǐ	27685	ao-ou,s-sh,h-f	1
一触即发	yī chù jí fā	27694	c-ch,h-f,j-q-x	1
引以为戒	yǐn yǐ wéi jiè	27697	in-ing,ai-ei,ia-ie,j-q-x	1
迎头赶上	yíng tóu gǎn shàng	27698	in-ing,an-ang,ao-ou,s-sh	1
不省人事	bù xǐng rén shì	27716	en-eng,in-ing,s-sh,r-l,j-q-x	1
敷衍了事	fū yǎn liǎo shì	27733	an-ang,s-sh,n-l,h-f,r-l	1
工薪阶层	gōng xīn jiē céng	27736	en-eng,in-ing,ia-ie,c-ch,j-q-x	1
海阔天空	hǎi kuò tiān kōng	27740	ian-iang,ai-ei,ua-uo,h-f	1
腾空而起	téng kōng ér qǐ	27747	en-eng,j-q-x	1
斤斤计较	jīn jīn jì jiào	27753	in-ing,j-q-x	1
立足之地	lì zú zhī dì	27762	z-zh,n-l,r-l	1
摩肩接踵	mó jiān jiē zhǒng	27766	ian-iang,ia-ie,z-zh,j-q-x	3
身败名裂	shēn bài míng liè	27777	en-eng,in-ing,ai-ei,ia-ie,s-sh,n-l,r-l	1
天寒地冻	tiān hán dì dòng	27783	an-ang,ian-iang,h-f	1
闻所未闻	wén suǒ wèi wén	27787	en-eng,ai-ei,ua-uo,s-sh	1
信口开河	xìn kǒu kāi hé	27793	in-ing,ai-ei,ao-ou,h-f,j-q-x	1
芸芸众生	yún yún zhòng shēng	27802	en-eng,z-zh,s-sh	3
志同道合	zhì tóng dào hé	27804	ao-ou,z-zh,h-f	1
兵荒马乱	bīng huāng mǎ luàn	27810	in-ing,uan-uang,n-l,h-f,r-l	1
大功告成	dà gōng gào chéng	27817	en-eng,ao-ou,c-ch	1
扶老携幼	fú lǎo xié yòu	27823	ao-ou,ia-ie,n-l,h-f,r-l,j-q-x	1
孤注一掷	gū zhù yī zhì	27825	z-zh	1
转瞬即逝	zhuǎn shùn jí shì	27826	uan-uang,z-zh,s-sh,j-q-x	1
尽善尽美	jìn shàn jìn měi	27839	in-ing,an-ang,ai-ei,s-sh,j-q-x	1
摩拳擦掌	mó quán cā zhǎng	27846	an-ang,uan-uang,z-zh,c-ch,j-q-x	1
蓬头垢面	péng tóu gòu miàn	27850	en-eng,ian-iang,ao-ou	1
如鱼得水	rú yú dé shuǐ	27855	s-sh,r-l	1
声泪俱下	shēng lèi jù xià	27857	en-eng,ai-ei,ia-ie,s-sh,n-l,r-l,j-q-x	1
说得过去	shuō de guò qù	27859	ua-uo,s-sh,j-q-x	1
四分五裂	sì fēn wǔ liè	27860	en-eng,ia-ie,s-sh,n-l,h-f,r-l	1
通宵达旦	tōng xiāo dá dàn	27865	an-ang,j-q-x	1
一马当先	yī mǎ dāng xiān	27876	an-ang,ian-iang,j-q-x	1
安营扎寨	ān yíng zhā zhài	27887	in-ing,an-ang,ai-ei,z-zh	1
风华正茂	fēng huá zhèng mào	27901	en-eng,ao-ou,ua-uo,z-zh,h-f	1
各自为战	gè zì wéi zhàn	27903	an-ang,ai-ei,z-zh	1
光彩夺目	guāng cǎi duó mù	27907	uan-uang,ai-ei,ua-uo,c-ch	1
铺盖卷儿	pū gai juǎn er	27929	uan-uang,ai-ei,j-q-x	1
沙滩排球	shā tān pái qiú	27935	an-ang,ai-ei,s-sh,j-q-x	1
势不可挡	shì bù kě dǎng	27941	an-ang,s-sh	1
学前教育	xué qián jiào yù	27950	ian-iang,j-q-x	1
一蹶不振	yī jué bù zhèn	27955	en-eng,z-zh,j-q-x	3
标新立异	biāo xīn lì yì	27967	in-ing,n-l,r-l,j-q-x	1
诚惶诚恐	chéng huáng chéng kǒng	27974	en-eng,uan-uang,c-ch,h-f	1
灵丹妙药	líng dān miào yào	28004	in-ing,an-ang,ao-ou,n-l,r-l	1
美中不足	měi zhōng bù zú	28007	ai-ei,z-zh	1
千疮百孔	qiān chuāng bǎi kǒng	28013	ian-iang,uan-uang,ai-ei,c-ch,j-q-x	1
天壤之别	tiān rǎng zhī bié	28023	an-ang,ian-iang,ia-ie,z-zh,r-l	1
铁面无私	tiě miàn wú sī	28024	ian-iang,ia-ie,s-sh	1
无可非议	wú kě fēi yì	28030	ai-ei,h-f	1
无所顾忌	wú suǒ gù jì	28032	ua-uo,s-sh,j-q-x	1
找不着北	zhǎo bù zháo běi	28044	ai-ei,ao-ou,z-zh	1
职业高中	zhí yè gāo zhōng	28046	ao-ou,z-zh	1
不法之徒	bù fǎ zhī tú	28055	z-zh,h-f	1
不三不四	bù sān bù sì	28056	an-ang,s-sh	1
反败为胜	fǎn bài wéi shèng	28075	en-eng,an-ang,ai-ei,s-sh,h-f	1
呼之欲出	hū zhī yù chū	28085	z-zh,c-ch,h-f	1
祸国殃民	huò guó yāng mín	28090	in-ing,an-ang,ua-uo,h-f	1
戛然而止	jiá rán ér zhǐ	28092	an-ang,ia-ie,z-zh,r-l,j-q-x	3
节骨眼儿	jiē gu yǎn er	28094	an-ang,ia-ie,j-q-x	1
令人神往	lìng rén shén wǎng	28100	en-eng,in-ing,an-ang,s-sh,n-l,r-l	1
忍俊不禁	rěn jùn bù jīn	28111	en-eng,in-ing,r-l,j-q-x	1
痛不欲生	tòng bù yù shēng	28117	en-eng,s-sh	1
危在旦夕	wēi zài dàn xī	28121	an-ang,ai-ei,z-zh,j-q-x	1
心悦诚服	xīn yuè chéng fú	28129	en-eng,in-ing,c-ch,h-f,j-q-x	1
欣喜若狂	xīn xǐ ruò kuáng	28130	in-ing,uan-uang,ua-uo,r-l,j-q-x	1
一年半载	yī nián bàn zǎi	28134	an-ang,ian-iang,ai-ei,z-zh,n-l	1
振聋发聩	zhèn lóng fā kuì	28137	en-eng,z-zh,n-l,h-f,r-l	3
中流砥柱	zhōng liú dǐ zhù	28138	z-zh,n-l,r-l	3
保驾护航	bǎo jià hù háng	28143	an-ang,ao-ou,ia-ie,h-f,j-q-x	1
并驾齐驱	bìng jià qí qū	28145	in-ing,ia-ie,j-q-x	1
电话会议	diàn huà huì yì	28154	ian-iang,ua-uo,h-f	1
分道扬镳	fēn dào yáng biāo	28160	en-eng,an-ang,ao-ou,h-f	3
豪言壮语	háo yán zhuàng yǔ	28162	an-ang,uan-uang,ao-ou,z-zh,h-f	1
金字招牌	jīn zì zhāo pái	28168	in-ing,ai-ei,ao-ou,z-zh,j-q-x	1
晓之以理	xiǎo zhī yǐ lǐ	28192	z-zh,n-l,r-l,j-q-x	1
严阵以待	yán zhèn yǐ dài	28197	en-eng,an-ang,ai-ei,z-zh	1
摇摇欲坠	yáo yáo yù zhuì	28200	ao-ou,z-zh	1
背井离乡	bèi jǐng lí xiāng	28217	in-ing,ian-iang,ai-ei,n-l,r-l,j-q-x	1
不负众望	bù fù zhòng wàng	28220	an-ang,z-zh,h-f	1
春暖花开	chūn nuǎn huā kāi	28225	uan-uang,ai-ei,ua-uo,c-ch,n-l,h-f	1
大打出手	dà dǎ chū shǒu	28227	ao-ou,c-ch,s-sh	1
大惑不解	dà huò bù jiě	28228	ia-ie,ua-uo,h-f,j-q-x	1
大逆不道	dà nì bù dào	28229	ao-ou,n-l	1
多才多艺	duō cái duō yì	28234	ai-ei,ua-uo,c-ch	1
含辛茹苦	hán xīn rú kǔ	28239	in-ing,an-ang,h-f,r-l,j-q-x	3
见利忘义	jiàn lì wàng yì	28244	an-ang,ian-iang,n-l,r-l,j-q-x	1
青天白日	qīng tiān bái rì	28258	in-ing,ian-iang,ai-ei,r-l,j-q-x	1
日积月累	rì jī yuè lěi	28260	ai-ei,n-l,r-l,j-q-x	1
山珍海味	shān zhēn hǎi wèi	28262	en-eng,an-ang,ai-ei,z-zh,s-sh,h-f	1
水乳交融	shuǐ rǔ jiāo róng	28269	s-sh,r-l,j-q-x	1
天然橡胶	tiān rán xiàng jiāo	28272	an-ang,ian-iang,r-l,j-q-x	1
笑容满面	xiào róng mǎn miàn	28281	an-ang,ian-iang,r-l,j-q-x	1
心灰意冷	xīn huī yì lěng	28282	en-eng,in-ing,n-l,h-f,r-l,j-q-x	1
血肉之躯	xuè ròu zhī qū	28284	ao-ou,z-zh,r-l,j-q-x	1
一来二去	yī lái èr qù	28287	ai-ei,n-l,r-l,j-q-x	1
知己知彼	zhī jǐ zhī bǐ	28294	z-zh,j-q-x	1
不期而遇	bù qī ér yù	28299	j-q-x	1
光怪陆离	guāng guài lù lí	28319	uan-uang,n-l,r-l	1
平起平坐	píng qǐ píng zuò	28341	in-ing,ua-uo,z-zh,j-q-x	1
千山万水	qiān shān wàn shuǐ	28342	an-ang,ian-iang,s-sh,j-q-x	1
窃窃私语	qiè qiè sī yǔ	28343	ia-ie,s-sh,j-q-x	1
人云亦云	rén yún yì yún	28347	en-eng,r-l	1
若隐若现	ruò yǐn ruò xiàn	28349	in-ing,ian-iang,ua-uo,r-l,j-q-x	1
三长两短	sān cháng liǎng duǎn	28350	an-ang,ian-iang,uan-uang,c-ch,s-sh,n-l,r-l	1
外层空间	wài céng kōng jiān	28357	en-eng,ian-iang,ai-ei,c-ch,j-q-x	1
心花怒放	xīn huā nù fàng	28361	in-ing,an-ang,ua-uo,n-l,h-f,j-q-x	1
心力衰竭	xīn lì shuāi jié	28362	in-ing,ia-ie,s-sh,n-l,r-l,j-q-x	1
一反常态	yī fǎn cháng tài	28364	an-ang,ai-ei,c-ch,h-f	1
当仁不让	dāng rén bù ràng	28388	en-eng,an-ang,r-l	1
得意忘形	dé yì wàng xíng	28391	in-ing,an-ang,j-q-x	1
各行其是	gè xíng qí shì	28405	in-ing,s-sh,j-q-x	1
顾此失彼	gù cǐ shī bǐ	28407	c-ch,s-sh	1
化为乌有	huà wéi wū yǒu	28411	ai-ei,ao-ou,ua-uo,h-f	1
价廉物美	jià lián wù měi	28415	ian-iang,ai-ei,ia-ie,n-l,r-l,j-q-x	1
林林总总	lín lín zǒng zǒng	28420	in-ing,z-zh,n-l,r-l	1
没精打采	méi jīng dǎ cǎi	28421	in-ing,ai-ei,c-ch,j-q-x	1
深不可测	shēn bù kě cè	28437	en-eng,c-ch,s-sh	1
所向披靡	suǒ xiàng pī mǐ	28440	ian-iang,ua-uo,s-sh,j-q-x	1
天花乱坠	tiān huā luàn zhuì	28441	ian-iang,uan-uang,ua-uo,z-zh,n-l,h-f,r-l	1
天文数字	tiān wén shù zì	28442	en-eng,ian-iang,z-zh,s-sh	1
形影不离	xíng yǐng bù lí	28448	in-ing,n-l,r-l,j-q-x	1
凶多吉少	xiōng duō jí shǎo	28450	ao-ou,ua-uo,s-sh,j-q-x	1
摇头晃脑	yáo tóu huàng nǎo	28454	uan-uang,ao-ou,n-l,h-f	1
一败涂地	yī bài tú dì	28455	ai-ei	1
一丝不挂	yī sī bù guà	28456	ua-uo,s-sh	1
语无伦次	yǔ wú lún cì	28458	c-ch,n-l,r-l	1
自由竞争	zì yóu jìng zhēng	28467	en-eng,in-ing,ao-ou,z-zh,j-q-x	1
百年大计	bǎi nián dà jì	28471	ian-iang,ai-ei,n-l,j-q-x	1
大兴土木	dà xīng tǔ mù	28478	in-ing,j-q-x	1
访贫问苦	fǎng pín wèn kǔ	28483	en-eng,in-ing,an-ang,h-f	1
釜底抽薪	fǔ dǐ chōu xīn	28484	in-ing,ao-ou,c-ch,h-f,j-q-x	3
沽名钓誉	gū míng diào yù	28486	in-ing	1
患得患失	huàn dé huàn shī	28490	uan-uang,s-sh,h-f	1
开宗明义	kāi zōng míng yì	28498	in-ing,ai-ei,z-zh	1
名存实亡	míng cún shí wáng	28505	in-ing,an-ang,c-ch,s-sh	1
鸟语花香	niǎo yǔ huā xiāng	28507	ian-iang,ua-uo,n-l,h-f,j-q-x	1
忍辱负重	rěn rǔ fù zhòng	28517	en-eng,z-zh,h-f,r-l	1
生物武器	shēng wù wǔ qì	28521	en-eng,s-sh,j-q-x	1
视死如归	shì sǐ rú guī	28524	s-sh,r-l	1
天昏地暗	tiān hūn dì àn	28528	an-ang,ian-iang,h-f	1
无足轻重	wú zú qīng zhòng	28533	in-ing,z-zh,j-q-x	1
愚公移山	yú gōng yí shān	28543	an-ang,s-sh	1
不可救药	bù kě jiù yào	28552	ao-ou,j-q-x	1
寸步难行	cùn bù nán xíng	28556	in-ing,an-ang,c-ch,n-l,j-q-x	1
高枕无忧	gāo zhěn wú yōu	28566	en-eng,ao-ou,z-zh	1
康庄大道	kāng zhuāng dà dào	28585	an-ang,uan-uang,ao-ou,z-zh	1
老泪纵横	lǎo lèi zòng héng	28587	en-eng,ai-ei,ao-ou,z-zh,n-l,h-f,r-l	1
声情并茂	shēng qíng bìng mào	28600	en-eng,in-ing,ao-ou,s-sh,j-q-x	1
石器时代	shí qì shí dài	28601	ai-ei,s-sh,j-q-x	1
无理取闹	wú lǐ qǔ nào	28613	ao-ou,n-l,r-l,j-q-x	1
悬崖勒马	xuán yá lè mǎ	28622	uan-uang,n-l,r-l,j-q-x	1
一窍不通	yī qiào bù tōng	28626	j-q-x	1
在天之灵	zài tiān zhī líng	28631	in-ing,ian-iang,ai-ei,z-zh,n-l,r-l	1
承上启下	chéng shàng qǐ xià	28642	en-eng,an-ang,ia-ie,c-ch,s-sh,j-q-x	1
出人头地	chū rén tóu dì	28643	en-eng,ao-ou,c-ch,r-l	1
初来乍到	chū lái zhà dào	28644	ai-ei,ao-ou,z-zh,c-ch,n-l,r-l	1
大肠杆菌	dà cháng gǎn jūn	28647	an-ang,c-ch,j-q-x	1
电视频道	diàn shì pín dào	28648	in-ing,ian-iang,ao-ou,s-sh	1
花言巧语	huā yán qiǎo yǔ	28660	an-ang,ua-uo,h-f,j-q-x	1
开天辟地	kāi tiān pì dì	28674	ian-iang,ai-ei	1
生物防治	shēng wù fáng zhì	28693	en-eng,an-ang,z-zh,s-sh,h-f	1
水涨船高	shuǐ zhǎng chuán gāo	28695	an-ang,uan-uang,ao-ou,z-zh,c-ch,s-sh	1
文质彬彬	wén zhì bīn bīn	28703	en-eng,in-ing,z-zh	1
巡航导弹	xún háng dǎo dàn	28712	an-ang,ao-ou,h-f,j-q-x	1
心灵鸡汤	xīn líng jī tāng	28718	in-ing,an-ang,n-l,r-l,j-q-x	1
终身大事	zhōng shēn dà shì	28727	en-eng,z-zh,s-sh	1
安居工程	ān jū gōng chéng	28730	en-eng,an-ang,c-ch,j-q-x	1
敷衍塞责	fū yǎn sè zé	28757	an-ang,z-zh,s-sh,h-f	1
国泰民安	guó tài mín ān	28760	in-ing,an-ang,ai-ei,ua-uo	1
令人发指	lìng rén fà zhǐ	28773	en-eng,in-ing,z-zh,n-l,h-f,r-l	1
穷凶极恶	qióng xiōng jí è	28784	j-q-x	1
随叫随到	suí jiào suí dào	28797	ao-ou,s-sh,j-q-x	1
无计可施	wú jì kě shī	28809	s-sh,j-q-x	1
行云流水	xíng yún liú shuǐ	28812	in-ing,s-sh,n-l,r-l,j-q-x	1
一落千丈	yī luò qiān zhàng	28818	an-ang,ian-iang,ua-uo,z-zh,n-l,r-l,j-q-x	1
欲言又止	yù yán yòu zhǐ	28821	an-ang,ao-ou,z-zh	1
周而复始	zhōu ér fù shǐ	28826	ao-ou,z-zh,s-sh,h-f	1
百废待兴	bǎi fèi dài xīng	28830	in-ing,ai-ei,h-f,j-q-x	1
胡作非为	hú zuò fēi wéi	28858	ai-ei,ua-uo,z-zh,h-f	1
积劳成疾	jī láo chéng jí	28860	en-eng,ao-ou,c-ch,n-l,r-l,j-q-x	1
矫揉造作	jiǎo róu zào zuò	28863	ao-ou,ua-uo,z-zh,r-l,j-q-x	1
平心静气	píng xīn jìng qì	28875	in-ing,j-q-x	1
人所共知	rén suǒ gòng zhī	28879	en-eng,ua-uo,z-zh,s-sh,r-l	1
潸然泪下	shān rán lèi xià	28882	an-ang,ai-ei,ia-ie,s-sh,n-l,r-l,j-q-x	3
音容笑貌	yīn róng xiào mào	28901	in-ing,ao-ou,r-l,j-q-x	1
不知所云	bù zhī suǒ yún	28916	ua-uo,z-zh,s-sh	1
风餐露宿	fēng cān lù sù	28933	en-eng,an-ang,c-ch,s-sh,n-l,h-f,r-l	1
不声不响	bù shēng bù xiǎng	28937	en-eng,ian-iang,s-sh,j-q-x	1
摩天大楼	mó tiān dà lóu	28949	ian-iang,ao-ou,n-l,r-l	1
天罗地网	tiān luó dì wǎng	28969	an-ang,ian-iang,ua-uo,n-l,r-l	1
相形之下	xiāng xíng zhī xià	28976	in-ing,ian-iang,ia-ie,z-zh,j-q-x	1
鱼龙混杂	yú lóng hùn zá	28982	z-zh,n-l,h-f,r-l	1
装腔作势	zhuāng qiāng zuò shì	28992	ian-iang,uan-uang,ua-uo,z-zh,s-sh,j-q-x	1
本本主义	běn běn zhǔ yì	28994	en-eng,z-zh	1
寡不敌众	guǎ bù dí zhòng	29019	ua-uo,z-zh	1
家庭暴力	jiā tíng bào lì	29033	in-ing,ao-ou,ia-ie,n-l,r-l,j-q-x	1
千锤百炼	qiān chuí bǎi liàn	29051	ian-iang,ai-ei,c-ch,n-l,r-l,j-q-x	1
枪林弹雨	qiāng lín dàn yǔ	29052	in-ing,an-ang,ian-iang,n-l,r-l,j-q-x	1
四世同堂	sì shì tóng táng	29067	an-ang,s-sh	1
忧国忧民	yōu guó yōu mín	29084	in-ing,ao-ou,ua-uo	1
一去不返	yī qù bù fǎn	29087	an-ang,h-f,j-q-x	1
辗转反侧	zhǎn zhuǎn fǎn cè	29088	an-ang,uan-uang,z-zh,c-ch,h-f	1
乘虚而入	chéng xū ér rù	29100	en-eng,c-ch,r-l,j-q-x	1
冬暖夏凉	dōng nuǎn xià liáng	29104	ian-iang,uan-uang,ia-ie,n-l,r-l,j-q-x	1
地广人稀	dì guǎng rén xī	29108	en-eng,uan-uang,r-l,j-q-x	1
浮想联翩	fú xiǎng lián piān	29116	ian-iang,n-l,h-f,r-l,j-q-x	1
感情用事	gǎn qíng yòng shì	29118	in-ing,an-ang,s-sh,j-q-x	1
捷足先登	jié zú xiān dēng	29131	en-eng,ian-iang,ia-ie,z-zh,j-q-x	1
据为己有	jù wéi jǐ yǒu	29132	ai-ei,ao-ou,j-q-x	1
老少边穷	lǎo shǎo biān qióng	29136	ian-iang,ao-ou,s-sh,n-l,r-l,j-q-x	1
生老病死	shēng lǎo bìng sǐ	29164	en-eng,in-ing,ao-ou,s-sh,n-l,r-l	1
圣诞老人	shèng dàn lǎo rén	29165	en-eng,an-ang,ao-ou,s-sh,n-l,r-l	1
盛气凌人	shèng qì líng rén	29166	en-eng,in-ing,s-sh,n-l,r-l,j-q-x	1
特异功能	tè yì gōng néng	29169	en-eng,n-l	1
卧薪尝胆	wò xīn cháng dǎn	29175	in-ing,an-ang,c-ch,j-q-x	1
毅然决然	yì rán jué rán	29186	an-ang,r-l,j-q-x	1
保守主义	bǎo shǒu zhǔ yì	29199	ao-ou,z-zh,s-sh	1
捧腹大笑	pěng fù dà xiào	29202	en-eng,h-f,j-q-x	1
不翼而飞	bù yì ér fēi	29203	ai-ei,h-f	1
姹紫嫣红	chà zǐ yān hóng	29204	an-ang,z-zh,c-ch,h-f	3
荡气回肠	dàng qì huí cháng	29215	an-ang,c-ch,h-f,j-q-x	1
故弄玄虚	gù nòng xuán xū	29227	uan-uang,n-l,j-q-x	1
安家落户	ān jiā luò hù	29233	an-ang,ia-ie,ua-uo,n-l,h-f,r-l,j-q-x	1
海市蜃楼	hǎi shì shèn lóu	29235	en-eng,ai-ei,ao-ou,s-sh,n-l,h-f,r-l	3
旱涝保收	hàn lào bǎo shōu	29236	an-ang,ao-ou,s-sh,n-l,h-f,r-l	1
花枝招展	huā zhī zhāo zhǎn	29238	an-ang,ao-ou,ua-uo,z-zh,h-f	1
淅淅沥沥	xī xī lì lì	29240	n-l,r-l,j-q-x	3
集约经营	jí yuē jīng yíng	29243	in-ing,j-q-x	1
见怪不怪	jiàn guài bù guài	29245	ian-iang,j-q-x	1
牢不可破	láo bù kě pò	29252	ao-ou,n-l,r-l	1
默不作声	mò bù zuò shēng	29258	en-eng,ua-uo,z-zh,s-sh	1
前功尽弃	qián gōng jìn qì	29263	in-ing,ian-iang,j-q-x	1
钦差大臣	qīn chāi dà chén	29264	en-eng,in-ing,ai-ei,c-ch,j-q-x	1
入不敷出	rù bù fū chū	29266	c-ch,h-f,r-l	1
社会存在	shè huì cún zài	29267	ai-ei,z-zh,c-ch,s-sh,h-f	1
稀奇古怪	xī qí gǔ guài	29279	j-q-x	1
信誓旦旦	xìn shì dàn dàn	29282	in-ing,an-ang,s-sh,j-q-x	1
循环往复	xún huán wǎng fù	29286	an-ang,uan-uang,h-f,j-q-x	1
神通广大	shén tōng guǎng dà	29289	en-eng,uan-uang,s-sh	1
百无聊赖	bǎi wú liáo lài	29303	ai-ei,n-l,r-l	1
不甘寂寞	bù gān jì mò	29304	an-ang,j-q-x	1
茶余饭后	chá yú fàn hòu	29306	an-ang,ao-ou,c-ch,h-f	1
大势已去	dà shì yǐ qù	29310	s-sh,j-q-x	1
单枪匹马	dān qiāng pǐ mǎ	29312	an-ang,ian-iang,j-q-x	1
炉火纯青	lú huǒ chún qīng	29338	in-ing,ua-uo,c-ch,n-l,h-f,r-l,j-q-x	1
民不聊生	mín bù liáo shēng	29341	en-eng,in-ing,s-sh,n-l,r-l	1
逆反心理	nì fǎn xīn lǐ	29345	in-ing,an-ang,n-l,h-f,r-l,j-q-x	1
席地而坐	xí dì ér zuò	29367	ua-uo,z-zh,j-q-x	1
有口皆碑	yǒu kǒu jiē bēi	29380	ai-ei,ao-ou,ia-ie,j-q-x	1
正襟危坐	zhèng jīn wēi zuò	29384	en-eng,in-ing,ai-ei,ua-uo,z-zh,j-q-x	1
至理名言	zhì lǐ míng yán	29385	in-ing,an-ang,z-zh,n-l,r-l	1
自生自灭	zì shēng zì miè	29389	en-eng,ia-ie,z-zh,s-sh	1
不甘示弱	bù gān shì ruò	29398	an-ang,ua-uo,s-sh,r-l	1
处心积虑	chǔ xīn jī lǜ	29407	in-ing,c-ch,n-l,r-l,j-q-x	1
冠状动脉	guān zhuàng dòng mài	29423	uan-uang,ai-ei,z-zh	1
九死一生	jiǔ sǐ yī shēng	29436	en-eng,s-sh,j-q-x	1
排山倒海	pái shān dǎo hǎi	29448	an-ang,ai-ei,ao-ou,s-sh,h-f	1
邮政储蓄	yóu zhèng chǔ xù	29477	en-eng,ao-ou,z-zh,c-ch,j-q-x	1
背水一战	bèi shuǐ yī zhàn	29494	an-ang,ai-ei,z-zh,s-sh	1
捕风捉影	bǔ fēng zhuō yǐng	29497	en-eng,in-ing,ua-uo,z-zh,h-f	1
乘风破浪	chéng fēng pò làng	29499	en-eng,an-ang,c-ch,n-l,h-f,r-l	1
风雨无阻	fēng yǔ wú zǔ	29507	en-eng,z-zh,h-f	1
高速铁路	gāo sù tiě lù	29509	ao-ou,ia-ie,s-sh,n-l,r-l	1
克己奉公	kè jǐ fèng gōng	29526	en-eng,h-f,j-q-x	1
廉政建设	lián zhèng jiàn shè	29529	en-eng,ian-iang,z-zh,s-sh,n-l,r-l,j-q-x	1
妙趣横生	miào qù héng shēng	29532	en-eng,s-sh,h-f,j-q-x	1
墨守成规	mò shǒu chéng guī	29533	en-eng,ao-ou,c-ch,s-sh	1
奇形怪状	qí xíng guài zhuàng	29535	in-ing,uan-uang,z-zh,j-q-x	1
山穷水尽	shān qióng shuǐ jìn	29542	in-ing,an-ang,s-sh,j-q-x	1
顺水推舟	shùn shuǐ tuī zhōu	29544	ao-ou,z-zh,s-sh	1
甜言蜜语	tián yán mì yǔ	29550	an-ang,ian-iang	1
无依无靠	wú yī wú kào	29556	ao-ou	1
一生一世	yī shēng yī shì	29569	en-eng,s-sh	1
抑扬顿挫	yì yáng dùn cuò	29571	an-ang,ua-uo,c-ch	1
指日可待	zhǐ rì kě dài	29579	ai-ei,z-zh,r-l	1
自得其乐	zì dé qí lè	29582	z-zh,n-l,r-l,j-q-x	1
安全系数	ān quán xì shù	29585	an-ang,uan-uang,s-sh,j-q-x	1
不卑不亢	bù bēi bù kàng	29590	an-ang,ai-ei	1
大发雷霆	dà fā léi tíng	29594	in-ing,ai-ei,n-l,h-f,r-l	3
风度翩翩	fēng dù piān piān	29604	en-eng,ian-iang,h-f	1
交叉感染	jiāo chā gǎn rǎn	29626	an-ang,c-ch,r-l,j-q-x	1
空空如也	kōng kōng rú yě	29629	r-l	1
令行禁止	lìng xíng jìn zhǐ	29633	in-ing,z-zh,n-l,r-l,j-q-x	1
民事权利	mín shì quán lì	29637	in-ing,uan-uang,s-sh,n-l,r-l,j-q-x	1
青红皂白	qīng hóng zào bái	29650	in-ing,ai-ei,ao-ou,z-zh,h-f,j-q-x	1
拳打脚踢	quán dǎ jiǎo tī	29653	uan-uang,j-q-x	1
如履薄冰	rú lǚ bó bīng	29654	in-ing,n-l,r-l	1
时过境迁	shí guò jìng qiān	29657	in-ing,ian-iang,ua-uo,s-sh,j-q-x	1
死里逃生	sǐ lǐ táo shēng	29665	en-eng,ao-ou,s-sh,n-l,r-l	1
死于非命	sǐ yú fēi mìng	29666	in-ing,ai-ei,s-sh,h-f	1
问长问短	wèn cháng wèn duǎn	29677	en-eng,an-ang,uan-uang,c-ch	1
心理医生	xīn lǐ yī shēng	29682	en-eng,in-ing,s-sh,n-l,r-l,j-q-x	1
一见如故	yī jiàn rú gù	29684	ian-iang,r-l,j-q-x	1
春风得意	chūn fēng dé yì	29714	en-eng,c-ch,h-f	1
浩如烟海	hào rú yān hǎi	29730	an-ang,ai-ei,ao-ou,h-f,r-l	1
花样翻新	huā yàng fān xīn	29734	in-ing,an-ang,ua-uo,h-f,j-q-x	1
回味无穷	huí wèi wú qióng	29735	ai-ei,h-f,j-q-x	1
活蹦乱跳	huó bèng luàn tiào	29737	en-eng,uan-uang,ua-uo,n-l,h-f,r-l	1
经济杠杆	jīng jì gàng gǎn	29745	in-ing,an-ang,j-q-x	1
势如破竹	shì rú pò zhú	29763	z-zh,s-sh,r-l	1
万家灯火	wàn jiā dēng huǒ	29770	en-eng,an-ang,ia-ie,ua-uo,h-f,j-q-x	1
万事大吉	wàn shì dà jí	29771	an-ang,s-sh,j-q-x	1
一臂之力	yī bì zhī lì	29781	z-zh,n-l,r-l	1
游山玩水	yóu shān wán shuǐ	29785	an-ang,ao-ou,s-sh	1
与此相反	yǔ cǐ xiāng fǎn	29786	an-ang,ian-iang,c-ch,h-f,j-q-x	1
奔走相告	bēn zǒu xiāng gào	29798	en-eng,ian-iang,ao-ou,z-zh,j-q-x	1
不毛之地	bù máo zhī dì	29807	ao-ou,z-zh	1
才子佳人	cái zǐ jiā rén	29808	en-eng,ai-ei,ia-ie,z-zh,c-ch,r-l,j-q-x	1
胆大妄为	dǎn dà wàng wéi	29819	an-ang,ai-ei	1
躲躲闪闪	duǒ duo shǎn shǎn	29823	an-ang,ua-uo,s-sh	1
丰衣足食	fēng yī zú shí	29828	en-eng,z-zh,s-sh,h-f	1
机不可失	jī bù kě shī	29835	s-sh,j-q-x	1
鸡皮疙瘩	jī pí gē da	29836	j-q-x	1
岌岌可危	jí jí kě wēi	29837	ai-ei,j-q-x	3
焦头烂额	jiāo tóu làn é	29839	an-ang,ao-ou,n-l,r-l,j-q-x	1
戒骄戒躁	jiè jiāo jiè zào	29840	ao-ou,ia-ie,z-zh,j-q-x	1
狼狈不堪	láng bèi bù kān	29844	an-ang,ai-ei,n-l,r-l	1
亲密无间	qīn mì wú jiàn	29861	in-ing,ian-iang,j-q-x	1
如此而已	rú cǐ ér yǐ	29865	c-ch,r-l	1
十万火急	shí wàn huǒ jí	29869	an-ang,ua-uo,s-sh,h-f,j-q-x	1
适可而止	shì kě ér zhǐ	29870	z-zh,s-sh	1
痛哭流涕	tòng kū liú tì	29875	n-l,r-l	1
歪风邪气	wāi fēng xié qì	29876	en-eng,ai-ei,ia-ie,h-f,j-q-x	1
五体投地	wǔ tǐ tóu dì	29878	ao-ou	1
乡土气息	xiāng tǔ qì xī	29880	ian-iang,j-q-x	1
洋洋洒洒	yáng yáng sǎ sǎ	29887	an-ang,s-sh	1
欲罢不能	yù bà bù néng	29891	en-eng,n-l	1
勃然大怒	bó rán dà nù	29894	an-ang,n-l,r-l	1
左思右想	zuǒ sī yòu xiǎng	29905	ian-iang,ao-ou,ua-uo,z-zh,s-sh,j-q-x	1
白色污染	bái sè wū rǎn	29906	an-ang,ai-ei,s-sh,r-l	1
操之过急	cāo zhī guò jí	29912	ao-ou,ua-uo,z-zh,c-ch,j-q-x	1
访问学者	fǎng wèn xué zhě	29929	en-eng,an-ang,z-zh,h-f,j-q-x	1
昏天黑地	hūn tiān hēi dì	29942	ian-iang,ai-ei,h-f	1
浑身解数	hún shēn xiè shù	29943	en-eng,ia-ie,s-sh,h-f,j-q-x	1
火眼金睛	huǒ yǎn jīn jīng	29944	in-ing,an-ang,ua-uo,h-f,j-q-x	1
今生今世	jīn shēng jīn shì	29955	en-eng,in-ing,s-sh,j-q-x	1
老弱病残	lǎo ruò bìng cán	29960	in-ing,an-ang,ao-ou,ua-uo,c-ch,n-l,r-l	1
抛头露面	pāo tóu lù miàn	29965	ian-iang,ao-ou,n-l,r-l	1
披头散发	pī tóu sàn fà	29967	an-ang,ao-ou,s-sh,h-f	1
欺上瞒下	qī shàng mán xià	29968	an-ang,ia-ie,s-sh,j-q-x	1
轻手轻脚	qīng shǒu qīng jiǎo	29971	in-ing,ao-ou,s-sh,j-q-x	1
人迹罕至	rén jì hǎn zhì	29973	en-eng,an-ang,z-zh,h-f,r-l,j-q-x	1
数一数二	shǔ yī shǔ èr	29976	s-sh	1
土木工程	tǔ mù gōng chéng	29983	en-eng,c-ch	1
完美无缺	wán měi wú quē	29985	an-ang,ai-ei,j-q-x	1
无所畏惧	wú suǒ wèi jù	29986	ai-ei,ua-uo,s-sh,j-q-x	1
小打小闹	xiǎo dǎ xiǎo nào	29989	ao-ou,n-l,j-q-x	1
顶层设计	dǐng céng shè jì	29998	en-eng,in-ing,c-ch,s-sh,j-q-x	1
依然如故	yī rán rú gù	30000	an-ang,r-l	1
有名无实	yǒu míng wú shí	30002	in-ing,ao-ou,s-sh	1
自惭形秽	zì cán xíng huì	30017	in-ing,an-ang,z-zh,c-ch,h-f,j-q-x	1
杯水车薪	bēi shuǐ chē xīn	30020	in-ing,ai-ei,c-ch,s-sh,j-q-x	1
顶头上司	dǐng tóu shàng si	30036	in-ing,an-ang,ao-ou,s-sh	1
定时炸弹	dìng shí zhà dàn	30037	in-ing,an-ang,z-zh,s-sh	1
二话不说	èr huà bù shuō	30038	ua-uo,s-sh,h-f	1
赴汤蹈火	fù tāng dǎo huǒ	30042	an-ang,ao-ou,ua-uo,h-f	1
胡萝卜素	hú luó bo sù	30050	ua-uo,s-sh,n-l,h-f,r-l	1
化险为夷	huà xiǎn wéi yí	30052	ian-iang,ai-ei,ua-uo,h-f,j-q-x	1
济济一堂	jǐ jǐ yī táng	30056	an-ang,j-q-x	1
精雕细刻	jīng diāo xì kè	30060	in-ing,j-q-x	1
贫富悬殊	pín fù xuán shū	30074	in-ing,uan-uang,s-sh,h-f,j-q-x	1
牵肠挂肚	qiān cháng guà dù	30075	an-ang,ian-iang,ua-uo,c-ch,j-q-x	1
前仰后合	qián yǎng hòu hé	30076	an-ang,ian-iang,ao-ou,h-f,j-q-x	1
趋之若鹜	qū zhī ruò wù	30080	ua-uo,z-zh,r-l,j-q-x	3
神出鬼没	shén chū guǐ mò	30082	en-eng,c-ch,s-sh	1
声色俱厉	shēng sè jù lì	30083	en-eng,s-sh,n-l,r-l,j-q-x	1
无孔不入	wú kǒng bù rù	30093	r-l	1
先声夺人	xiān shēng duó rén	30095	en-eng,ian-iang,ua-uo,s-sh,r-l,j-q-x	1
嫣然一笑	yān rán yī xiào	30101	an-ang,r-l,j-q-x	3
一贫如洗	yī pín rú xǐ	30104	in-ing,r-l,j-q-x	1
掌上电脑	zhǎng shàng diàn nǎo	30116	an-ang,ian-iang,ao-ou,z-zh,s-sh,n-l	1
正面人物	zhèng miàn rén wù	30118	en-eng,ian-iang,z-zh,r-l	1
自我牺牲	zì wǒ xī shēng	30123	en-eng,z-zh,s-sh,j-q-x	1
变幻莫测	biàn huàn mò cè	30128	ian-iang,uan-uang,c-ch,h-f	1
恻隐之心	cè yǐn zhī xīn	30131	in-ing,z-zh,c-ch,j-q-x	3
臭名昭著	chòu míng zhāo zhù	30134	in-ing,ao-ou,z-zh,c-ch	1
促膝谈心	cù xī tán xīn	30140	in-ing,an-ang,c-ch,j-q-x	1
独到之处	dú dào zhī chù	30147	ao-ou,z-zh,c-ch	1
据理力争	jù lǐ lì zhēng	30165	en-eng,z-zh,n-l,r-l,j-q-x	1
开源节流	kāi yuán jié liú	30166	uan-uang,ai-ei,ia-ie,n-l,r-l,j-q-x	1
庞然大物	páng rán dà wù	30188	an-ang,r-l	1
前呼后拥	qián hū hòu yōng	30194	ian-iang,ao-ou,h-f,j-q-x	1
舍己救人	shě jǐ jiù rén	30200	en-eng,s-sh,r-l,j-q-x	1
神采奕奕	shén cǎi yì yì	30202	en-eng,ai-ei,c-ch,s-sh	3
小心眼儿	xiǎo xīn yǎn er	30216	in-ing,an-ang,j-q-x	1
笑逐颜开	xiào zhú yán kāi	30218	an-ang,ai-ei,z-zh,j-q-x	1
黯然失色	àn rán shī sè	30233	an-ang,s-sh,r-l	1
不以为意	bù yǐ wéi yì	30240	ai-ei	1
出神入化	chū shén rù huà	30243	en-eng,ua-uo,c-ch,s-sh,h-f,r-l	1
动真格的	dòng zhēn gé de	30251	en-eng,z-zh	1
耳濡目染	ěr rú mù rǎn	30253	an-ang,r-l	3
鬼使神差	guǐ shǐ shén chāi	30265	en-eng,ai-ei,c-ch,s-sh	1
另眼相看	lìng yǎn xiāng kàn	30284	in-ing,an-ang,ian-iang,n-l,r-l,j-q-x	1
门当户对	mén dāng hù duì	30288	en-eng,an-ang,h-f	1
身经百战	shēn jīng bǎi zhàn	30302	en-eng,in-ing,an-ang,ai-ei,z-zh,s-sh,j-q-x	1
死气沉沉	sǐ qì chén chén	30307	en-eng,c-ch,s-sh,j-q-x	1
拖泥带水	tuō ní dài shuǐ	30312	ai-ei,ua-uo,s-sh,n-l	1
血红蛋白	xuè hóng dàn bái	30323	an-ang,ai-ei,h-f,j-q-x	1
养家糊口	yǎng jiā hú kǒu	30326	an-ang,ao-ou,ia-ie,h-f,j-q-x	1
亦步亦趋	yì bù yì qū	30328	j-q-x	1
一丝一毫	yī sī yī háo	30331	ao-ou,s-sh,h-f	1
长驱直入	cháng qū zhí rù	30353	an-ang,z-zh,c-ch,r-l,j-q-x	1
等闲视之	děng xián shì zhī	30362	en-eng,ian-iang,z-zh,s-sh,j-q-x	1
多管闲事	duō guǎn xián shì	30366	ian-iang,uan-uang,ua-uo,s-sh,j-q-x	1
红红绿绿	hóng hóng lǜ lǜ	30374	n-l,h-f,r-l	1
火力发电	huǒ lì fā diàn	30377	ian-iang,ua-uo,n-l,h-f,r-l	1
敬而远之	jìng ér yuǎn zhī	30383	in-ing,uan-uang,z-zh,j-q-x	1
临危受命	lín wēi shòu mìng	30389	in-ing,ai-ei,ao-ou,s-sh,n-l,r-l	1
蜻蜓点水	qīng tíng diǎn shuǐ	30397	in-ing,ian-iang,s-sh,j-q-x	1
尚方宝剑	shàng fāng bǎo jiàn	30405	an-ang,ian-iang,ao-ou,s-sh,h-f,j-q-x	1
事倍功半	shì bèi gōng bàn	30407	an-ang,ai-ei,s-sh	1
头面人物	tóu miàn rén wù	30415	en-eng,ian-iang,ao-ou,r-l	1
万紫千红	wàn zǐ qiān hóng	30417	an-ang,ian-iang,z-zh,h-f,j-q-x	1
稀稀拉拉	xī xi lā lā	30424	n-l,r-l,j-q-x	1
小巧玲珑	xiǎo qiǎo líng lóng	30429	in-ing,n-l,r-l,j-q-x	3
一拍即合	yī pāi jí hé	30434	ai-ei,h-f,j-q-x	1
跋山涉水	bá shān shè shuǐ	30445	an-ang,s-sh	1
悲痛欲绝	bēi tòng yù jué	30446	ai-ei,j-q-x	1
铿锵有力	kēng qiāng yǒu lì	30464	en-eng,ian-iang,ao-ou,n-l,r-l,j-q-x	3
多愁善感	duō chóu shàn gǎn	30469	an-ang,ao-ou,ua-uo,c-ch,s-sh	1
多劳多得	duō láo duō dé	30470	ao-ou,ua-uo,n-l,r-l	1
废寝忘食	fèi qǐn wàng shí	30472	in-ing,an-ang,ai-ei,s-sh,h-f,j-q-x	1
毫无疑义	háo wú yí yì	30481	ao-ou,h-f	1
积重难返	jī zhòng nán fǎn	30488	an-ang,z-zh,n-l,h-f,j-q-x	1
晶莹剔透	jīng yíng tī tòu	30493	in-ing,ao-ou,j-q-x	1
美其名曰	měi qí míng yuē	30503	in-ing,ai-ei,j-q-x	1
如虎添翼	rú hǔ tiān yì	30516	ian-iang,h-f,r-l	1
歪歪扭扭	wāi wāi niǔ niǔ	30531	ai-ei,n-l	1
心潮澎湃	xīn cháo péng pài	30541	en-eng,in-ing,ai-ei,ao-ou,c-ch,j-q-x	1
循环系统	xún huán xì tǒng	30545	uan-uang,h-f,j-q-x	1
遥相呼应	yáo xiāng hū yìng	30546	in-ing,ian-iang,ao-ou,h-f,j-q-x	1
张牙舞爪	zhāng yá wǔ zhǎo	30553	an-ang,ao-ou,z-zh	1
整装待发	zhěng zhuāng dài fā	30557	en-eng,uan-uang,ai-ei,z-zh,h-f	1
政出多门	zhèng chū duō mén	30558	en-eng,ua-uo,z-zh,c-ch	1
自作主张	zì zuò zhǔ zhāng	30562	an-ang,ua-uo,z-zh	1
独辟蹊径	dú pì xī jìng	30585	in-ing,j-q-x	3
风吹草动	fēng chuī cǎo dòng	30589	en-eng,ao-ou,c-ch,h-f	1
一文不值	yī wén bù zhí	30595	en-eng,z-zh	1
各尽所能	gè jìn suǒ néng	30596	en-eng,in-ing,ua-uo,s-sh,n-l,j-q-x	1
各有千秋	gè yǒu qiān qiū	30597	ian-iang,ao-ou,j-q-x	1
和盘托出	hé pán tuō chū	30600	an-ang,ua-uo,c-ch,h-f	1
利己主义	lì jǐ zhǔ yì	30618	z-zh,n-l,r-l,j-q-x	1
男女关系	nán nǚ guān xì	30622	an-ang,uan-uang,n-l,j-q-x	1
欺行霸市	qī háng bà shì	30624	an-ang,s-sh,h-f,j-q-x	1
人身保险	rén shēn bǎo xiǎn	30631	en-eng,ian-iang,ao-ou,s-sh,r-l,j-q-x	1
人行横道	rén xíng héng dào	30632	en-eng,in-ing,ao-ou,h-f,r-l,j-q-x	1
入情入理	rù qíng rù lǐ	30634	in-ing,n-l,r-l,j-q-x	1
耸人听闻	sǒng rén tīng wén	30639	en-eng,in-ing,s-sh,r-l	1
天南海北	tiān nán hǎi běi	30642	an-ang,ian-iang,ai-ei,n-l,h-f	1
循规蹈矩	xún guī dǎo jǔ	30651	ao-ou,j-q-x	1
一言为定	yī yán wéi dìng	30653	in-ing,an-ang,ai-ei	1
夷为平地	yí wéi píng dì	30655	in-ing,ai-ei	1
鱼米之乡	yú mǐ zhī xiāng	30658	ian-iang,z-zh,j-q-x	1
瞻前顾后	zhān qián gù hòu	30664	an-ang,ian-iang,ao-ou,z-zh,h-f,j-q-x	1
罪大恶极	zuì dà è jí	30672	z-zh,j-q-x	1
遍体鳞伤	biàn tǐ lín shāng	30677	in-ing,an-ang,ian-iang,s-sh,n-l,r-l	1
出尔反尔	chū ěr fǎn ěr	30684	an-ang,c-ch,h-f	1
大年三十	dà nián sān shí	30686	an-ang,ian-iang,s-sh,n-l	1
行家里手	háng jia lǐ shǒu	30700	an-ang,ao-ou,ia-ie,s-sh,n-l,h-f,r-l,j-q-x	1
核磁共振	hé cí gòng zhèn	30702	en-eng,z-zh,c-ch,h-f	1
急转直下	jí zhuǎn zhí xià	30708	uan-uang,ia-ie,z-zh,j-q-x	1
剑拔弩张	jiàn bá nǔ zhāng	30712	an-ang,ian-iang,z-zh,n-l,j-q-x	3
经验主义	jīng yàn zhǔ yì	30717	in-ing,an-ang,z-zh,j-q-x	1
落落大方	luò luò dà fāng	30727	an-ang,ua-uo,n-l,h-f,r-l	1
满目疮痍	mǎn mù chuāng yí	30728	an-ang,uan-uang,c-ch	3
旗开得胜	qí kāi dé shèng	30733	en-eng,ai-ei,s-sh,j-q-x	1
千钧一发	qiān jūn yī fà	30735	ian-iang,h-f,j-q-x	1
人浮于事	rén fú yú shì	30737	en-eng,s-sh,h-f,r-l	1
铜墙铁壁	tóng qiáng tiě bì	30755	ian-iang,ia-ie,j-q-x	1
遥遥无期	yáo yáo wú qī	30769	ao-ou,j-q-x	1
以理服人	yǐ lǐ fú rén	30770	en-eng,n-l,h-f,r-l	1
悠然自得	yōu rán zì dé	30775	an-ang,ao-ou,z-zh,r-l	1
在所不惜	zài suǒ bù xī	30777	ai-ei,ua-uo,z-zh,s-sh,j-q-x	1
安分守己	ān fèn shǒu jǐ	30787	en-eng,an-ang,ao-ou,s-sh,h-f,j-q-x	1
寸草不生	cùn cǎo bù shēng	30799	en-eng,ao-ou,c-ch,s-sh	1
大雅之堂	dà yǎ zhī táng	30802	an-ang,z-zh	1
奋起直追	fèn qǐ zhí zhuī	30810	en-eng,z-zh,h-f,j-q-x	1
入土为安	rù tú wéi ān	30811	an-ang,ai-ei,r-l	1
功亏一篑	gōng kuī yī kuì	30817		3
横冲直撞	héng chōng zhí zhuàng	30822	en-eng,uan-uang,z-zh,c-ch,h-f	1
火冒三丈	huǒ mào sān zhàng	30827	an-ang,ao-ou,ua-uo,z-zh,s-sh,h-f	1
兼收并蓄	jiān shōu bìng xù	30833	in-ing,ian-iang,ao-ou,s-sh,j-q-x	1
利欲熏心	lì yù xūn xīn	30843	in-ing,n-l,r-l,j-q-x	1
骂骂咧咧	mà ma liē liē	30846	ia-ie,n-l,r-l	1
千奇百怪	qiān qí bǎi guài	30856	ian-iang,ai-ei,j-q-x	1
如获至宝	rú huò zhì bǎo	30859	ao-ou,ua-uo,z-zh,h-f,r-l	1
生离死别	shēng lí sǐ bié	30864	en-eng,ia-ie,s-sh,n-l,r-l	1
失魂落魄	shī hún luò pò	30865	ua-uo,s-sh,n-l,h-f,r-l	1
星星之火	xīng xīng zhī huǒ	30882	in-ing,ua-uo,z-zh,h-f,j-q-x	1
言外之意	yán wài zhī yì	30888	an-ang,ai-ei,z-zh	1
耀武扬威	yào wǔ yáng wēi	30890	an-ang,ai-ei,ao-ou	1
连根拔起	lián gēn bá qǐ	30892	en-eng,ian-iang,n-l,r-l,j-q-x	1
阿拉伯语	ā lā bó yǔ	30907	n-l,r-l	1
斗志昂扬	dòu zhì áng yáng	30919	an-ang,ao-ou,z-zh	1
大义凛然	dà yì lǐn rán	30924	in-ing,an-ang,n-l,r-l	1
匪夷所思	fěi yí suǒ sī	30927	ai-ei,ua-uo,s-sh,h-f	1
风景如画	fēng jǐng rú huà	30928	en-eng,in-ing,ua-uo,h-f,r-l,j-q-x	1
高不可攀	gāo bù kě pān	30932	an-ang,ao-ou	1
胳膊肘儿	gē bo zhǒu er	30933	ao-ou,z-zh	1
饥寒交迫	jī hán jiāo pò	30940	an-ang,h-f,j-q-x	1
集市贸易	jí shì mào yì	30942	ao-ou,s-sh,j-q-x	1
老实巴交	lǎo shi bā jiāo	30952	ao-ou,s-sh,n-l,r-l,j-q-x	1
两全其美	liǎng quán qí měi	30954	ian-iang,uan-uang,ai-ei,n-l,r-l,j-q-x	1
说到做到	shuō dào zuò dào	30976	ao-ou,ua-uo,z-zh,s-sh	1
死不瞑目	sǐ bù míng mù	30977	in-ing,s-sh	3
网开一面	wǎng kāi yī miàn	30983	an-ang,ian-iang,ai-ei	1
无可比拟	wú kě bǐ nǐ	30985	n-l	1
一钱不值	yī qián bù zhí	30999	ian-iang,z-zh,j-q-x	1
操作系统	cāo zuò xì tǒng	31000	ao-ou,ua-uo,z-zh,c-ch,j-q-x	1
与人为善	yǔ rén wéi shàn	31003	en-eng,an-ang,ai-ei,s-sh,r-l	1
半死不活	bàn sǐ bù huó	31008	an-ang,ua-uo,s-sh,h-f	1
保外就医	bǎo wài jiù yī	31010	ai-ei,ao-ou,j-q-x	1
道听途说	dào tīng tú shuō	31022	in-ing,ao-ou,ua-uo,s-sh	1
动手动脚	dòng shǒu dòng jiǎo	31025	ao-ou,s-sh,j-q-x	1
婀娜多姿	ē nuó duō zī	31027	ua-uo,z-zh,n-l	3
费尽心机	fèi jìn xīn jī	31029	in-ing,ai-ei,h-f,j-q-x	1
风雨飘摇	fēng yǔ piāo yáo	31030	en-eng,ao-ou,h-f	1
荷枪实弹	hè qiāng shí dàn	31036	an-ang,ian-iang,s-sh,h-f,j-q-x	1
胡言乱语	hú yán luàn yǔ	31039	an-ang,uan-uang,n-l,h-f,r-l	1
交通警察	jiāo tōng jǐng chá	31044	in-ing,c-ch,j-q-x	1
满满当当	mǎn mǎn dāng dāng	31053	an-ang	1
名山大川	míng shān dà chuān	31055	in-ing,an-ang,uan-uang,c-ch,s-sh	1
明哲保身	míng zhé bǎo shēn	31056	en-eng,in-ing,ao-ou,z-zh,s-sh	1
莫衷一是	mò zhōng yī shì	31057	z-zh,s-sh	1
取保候审	qǔ bǎo hòu shěn	31069	en-eng,ao-ou,s-sh,h-f,j-q-x	1
容光焕发	róng guāng huàn fā	31072	uan-uang,h-f,r-l	1
如花似玉	rú huā sì yù	31073	ua-uo,s-sh,h-f,r-l	1
随机应变	suí jī yìng biàn	31082	in-ing,ian-iang,s-sh,j-q-x	1
万水千山	wàn shuǐ qiān shān	31087	an-ang,ian-iang,s-sh,j-q-x	1
无恶不作	wú è bù zuò	31089	ua-uo,z-zh	1
无坚不摧	wú jiān bù cuī	31090	ian-iang,c-ch,j-q-x	1
小题大做	xiǎo tí dà zuò	31093	ua-uo,z-zh,j-q-x	1
嘘寒问暖	xū hán wèn nuǎn	31095	en-eng,an-ang,uan-uang,n-l,h-f,j-q-x	3
一盘散沙	yī pán sǎn shā	31099	an-ang,s-sh	1
跃然纸上	yuè rán zhǐ shàng	31108	an-ang,z-zh,s-sh,r-l	1
不可理喻	bù kě lǐ yù	31119	n-l,r-l	1
风吹雨打	fēng chuī yǔ dǎ	31134	en-eng,c-ch,h-f	1
昏昏欲睡	hūn hūn yù shuì	31147	s-sh,h-f	1
君主立宪	jūn zhǔ lì xiàn	31157	ian-iang,z-zh,n-l,r-l,j-q-x	1
另起炉灶	lìng qǐ lú zào	31166	in-ing,ao-ou,z-zh,n-l,r-l,j-q-x	1
妙不可言	miào bù kě yán	31169	an-ang	1
天真无邪	tiān zhēn wú xié	31194	en-eng,ian-iang,ia-ie,z-zh,j-q-x	1
一概而论	yī gài ér lùn	31209	ai-ei,n-l,r-l	1
有板有眼	yǒu bǎn yǒu yǎn	31214	an-ang,ao-ou	1
足智多谋	zú zhì duō móu	31221	ao-ou,ua-uo,z-zh	1
不欢而散	bù huān ér sàn	31224	an-ang,uan-uang,s-sh,h-f	1
大气磅礴	dà qì páng bó	31228	an-ang,j-q-x	3
电子垃圾	diàn zǐ lā jī	31231	ian-iang,z-zh,n-l,r-l,j-q-x	1
改朝换代	gǎi cháo huàn dài	31237	uan-uang,ai-ei,ao-ou,c-ch,h-f	1
筋疲力尽	jīn pí lì jìn	31256	in-ing,n-l,r-l,j-q-x	1
绝对真理	jué duì zhēn lǐ	31260	en-eng,z-zh,n-l,r-l,j-q-x	1
木头人儿	mù tou rén er	31276	en-eng,ao-ou,r-l	1
杞人忧天	qǐ rén yōu tiān	31282	en-eng,ian-iang,ao-ou,r-l,j-q-x	3
热带风暴	rè dài fēng bào	31290	en-eng,ai-ei,ao-ou,h-f,r-l	1
自不待言	zì bù dài yán	31322	an-ang,ai-ei,z-zh	1
自圆其说	zì yuán qí shuō	31323	uan-uang,ua-uo,z-zh,s-sh,j-q-x	1
不足为怪	bù zú wéi guài	31332	ai-ei,z-zh	1
多此一举	duō cǐ yī jǔ	31344	ua-uo,c-ch,j-q-x	1
反复无常	fǎn fù wú cháng	31347	an-ang,c-ch,h-f	1
复杂劳动	fù zá láo dòng	31352	ao-ou,z-zh,n-l,h-f,r-l	1
化整为零	huà zhěng wéi líng	31362	en-eng,in-ing,ai-ei,ua-uo,z-zh,n-l,h-f,r-l	1
举手投足	jǔ shǒu tóu zú	31376	ao-ou,z-zh,s-sh,j-q-x	1
马到成功	mǎ dào chéng gōng	31383	en-eng,ao-ou,c-ch	1
盘根错节	pán gēn cuò jié	31391	en-eng,an-ang,ia-ie,ua-uo,c-ch,j-q-x	1
起早贪黑	qǐ zǎo tān hēi	31395	an-ang,ai-ei,ao-ou,z-zh,h-f,j-q-x	1
三教九流	sān jiào jiǔ liú	31401	an-ang,s-sh,n-l,r-l,j-q-x	1
深谋远虑	shēn móu yuǎn lǜ	31403	en-eng,uan-uang,ao-ou,s-sh,n-l,r-l	1
势不两立	shì bù liǎng lì	31405	ian-iang,s-sh,n-l,r-l	1
文山会海	wén shān huì hǎi	31409	en-eng,an-ang,ai-ei,s-sh,h-f	1
问心无愧	wèn xīn wú kuì	31410	en-eng,in-ing,j-q-x	1
笑脸相迎	xiào liǎn xiāng yíng	31419	in-ing,ian-iang,n-l,r-l,j-q-x	1
严以律己	yán yǐ lǜ jǐ	31425	an-ang,n-l,r-l,j-q-x	1
不出所料	bù chū suǒ liào	31447	ua-uo,c-ch,s-sh,n-l,r-l	1
步履维艰	bù lǚ wéi jiān	31449	ian-iang,ai-ei,n-l,r-l,j-q-x	1
沧海桑田	cāng hǎi sāng tián	31450	an-ang,ian-iang,ai-ei,c-ch,s-sh,h-f	1
大操大办	dà cāo dà bàn	31459	an-ang,ao-ou,c-ch	1
大大咧咧	dà da liē liē	31460	ia-ie,n-l,r-l	1
单刀直入	dān dāo zhí rù	31461	an-ang,ao-ou,z-zh,r-l	1
低声下气	dī shēng xià qì	31465	en-eng,ia-ie,s-sh,j-q-x	1
过关斩将	guò guān zhǎn jiàng	31480	an-ang,ian-iang,uan-uang,ua-uo,z-zh,j-q-x	1
落花流水	luò huā liú shuǐ	31500	ua-uo,s-sh,n-l,h-f,r-l	1
能歌善舞	néng gē shàn wǔ	31505	en-eng,an-ang,s-sh,n-l	1
你追我赶	nǐ zhuī wǒ gǎn	31507	an-ang,z-zh,n-l	1
秋高气爽	qiū gāo qì shuǎng	31516	uan-uang,ao-ou,s-sh,j-q-x	1
人情世故	rén qíng shì gù	31521	en-eng,in-ing,s-sh,r-l,j-q-x	1
天南地北	tiān nán dì běi	31525	an-ang,ian-iang,ai-ei,n-l	1
通风报信	tōng fēng bào xìn	31526	en-eng,in-ing,ao-ou,h-f,j-q-x	1
唯唯诺诺	wéi wéi nuò nuò	31534	ai-ei,ua-uo,n-l	1
物业管理	wù yè guǎn lǐ	31535	uan-uang,n-l,r-l	1
兴师动众	xīng shī dòng zhòng	31541	in-ing,z-zh,s-sh,j-q-x	1
一刀两断	yī dāo liǎng duàn	31551	ian-iang,uan-uang,ao-ou,n-l,r-l	1
一言难尽	yī yán nán jìn	31552	in-ing,an-ang,n-l,j-q-x	1
阴阳先生	yīn yáng xiān sheng	31556	en-eng,in-ing,an-ang,ian-iang,s-sh,j-q-x	1
正儿八经	zhèng er bā jīng	31564	en-eng,in-ing,z-zh,j-q-x	1
直系亲属	zhí xì qīn shǔ	31565	in-ing,z-zh,s-sh,j-q-x	1
抽水马桶	chōu shuǐ mǎ tǒng	31576	ao-ou,c-ch,s-sh	1
大包大揽	dà bāo dà lǎn	31579	an-ang,ao-ou,n-l,r-l	1
顶礼膜拜	dǐng lǐ mó bài	31583	in-ing,ai-ei,n-l,r-l	1
红白喜事	hóng bái xǐ shì	31602	ai-ei,s-sh,h-f,j-q-x	1
尽人皆知	jìn rén jiē zhī	31609	en-eng,in-ing,ia-ie,z-zh,r-l,j-q-x	1
久负盛名	jiǔ fù shèng míng	31611	en-eng,in-ing,s-sh,h-f,j-q-x	1
口若悬河	kǒu ruò xuán hé	31612	uan-uang,ao-ou,ua-uo,h-f,r-l,j-q-x	1
三心二意	sān xīn èr yì	31640	in-ing,an-ang,s-sh,j-q-x	1
事不宜迟	shì bù yí chí	31644	c-ch,s-sh	1
天长日久	tiān cháng rì jiǔ	31652	an-ang,ian-iang,c-ch,r-l,j-q-x	1
同仇敌忾	tóng chóu dí kài	31653	ai-ei,ao-ou,c-ch	3
为非作歹	wéi fēi zuò dǎi	31662	ai-ei,ua-uo,z-zh,h-f	1
贤妻良母	xián qī liáng mǔ	31665	ian-iang,n-l,r-l,j-q-x	1
咬文嚼字	yǎo wén jiáo zì	31674	en-eng,ao-ou,z-zh,j-q-x	1
张口结舌	zhāng kǒu jié shé	31683	an-ang,ao-ou,ia-ie,z-zh,s-sh,j-q-x	1
自作聪明	zì zuò cōng míng	31694	in-ing,ua-uo,z-zh,c-ch	1
闭关自守	bì guān zì shǒu	31699	uan-uang,ao-ou,z-zh,s-sh	1
避重就轻	bì zhòng jiù qīng	31700	in-ing,z-zh,j-q-x	1
标点符号	biāo diǎn fú hào	31702	ian-iang,ao-ou,h-f	1
反唇相讥	fǎn chún xiāng jī	31713	an-ang,ian-iang,c-ch,h-f,j-q-x	1
感激涕零	gǎn jī tì líng	31719	in-ing,an-ang,n-l,r-l,j-q-x	1
各显神通	gè xiǎn shén tōng	31720	en-eng,ian-iang,s-sh,j-q-x	1
孤立无援	gū lì wú yuán	31722	uan-uang,n-l,r-l	1
观光农业	guān guāng nóng yè	31723	uan-uang,n-l	1
欢歌笑语	huān gē xiào yǔ	31729	uan-uang,h-f,j-q-x	1
惊世骇俗	jīng shì hài sú	31734	in-ing,ai-ei,s-sh,h-f,j-q-x	1
开怀大笑	kāi huái dà xiào	31736	ai-ei,h-f,j-q-x	1
拉拉扯扯	lā lā chě chě	31738	c-ch,n-l,r-l	1
判若两人	pàn ruò liǎng rén	31750	en-eng,an-ang,ian-iang,ua-uo,n-l,r-l	1
轻举妄动	qīng jǔ wàng dòng	31755	in-ing,an-ang,j-q-x	1
身强力壮	shēn qiáng lì zhuàng	31759	en-eng,ian-iang,uan-uang,z-zh,s-sh,n-l,r-l,j-q-x	1
为国捐躯	wèi guó juān qū	31779	uan-uang,ai-ei,ua-uo,j-q-x	1
无所不包	wú suǒ bù bāo	31780	ao-ou,ua-uo,s-sh	1
言不由衷	yán bù yóu zhōng	31789	an-ang,ao-ou,z-zh	1
以逸待劳	yǐ yì dài láo	31794	ai-ei,ao-ou,n-l,r-l	1
知人善任	zhī rén shàn rèn	31804	en-eng,an-ang,z-zh,s-sh,r-l	1
长吁短叹	cháng xū duǎn tàn	31819	an-ang,uan-uang,c-ch,j-q-x	1
趁热打铁	chèn rè dǎ tiě	31820	en-eng,ia-ie,c-ch,r-l	1
嗤之以鼻	chī zhī yǐ bí	31822	z-zh,c-ch	3
登峰造极	dēng fēng zào jí	31827	en-eng,ao-ou,z-zh,h-f,j-q-x	1
帝王将相	dì wáng jiàng xiàng	31828	an-ang,ian-iang,j-q-x	1
半工半读	bàn gōng bàn dú	31829	an-ang	1
公事公办	gōng shì gōng bàn	31832	an-ang,s-sh	1
呼风唤雨	hū fēng huàn yǔ	31839	en-eng,uan-uang,h-f	1
讳莫如深	huì mò rú shēn	31841	en-eng,s-sh,h-f,r-l	1
力挽狂澜	lì wǎn kuáng lán	31854	an-ang,uan-uang,n-l,r-l	1
满山遍野	mǎn shān biàn yě	31856	an-ang,ian-iang,s-sh	1
强加于人	qiáng jiā yú rén	31863	en-eng,ian-iang,ia-ie,r-l,j-q-x	1
情有可原	qíng yǒu kě yuán	31865	in-ing,uan-uang,ao-ou,j-q-x	1
三足鼎立	sān zú dǐng lì	31870	in-ing,an-ang,z-zh,s-sh,n-l,r-l	1
试管婴儿	shì guǎn yīng ér	31874	in-ing,uan-uang,s-sh	1
严惩不贷	yán chéng bù dài	31895	en-eng,an-ang,ai-ei,c-ch	1
一语道破	yī yǔ dào pò	31896	ao-ou	1
以身殉职	yǐ shēn xùn zhí	31897	en-eng,z-zh,s-sh,j-q-x	1
油盐酱醋	yóu yán jiàng cù	31902	an-ang,ian-iang,ao-ou,c-ch,j-q-x	1
与世长辞	yǔ shì cháng cí	31906	an-ang,c-ch,s-sh	1
晕头转向	yūn tóu zhuàn xiàng	31908	ian-iang,uan-uang,ao-ou,z-zh,j-q-x	1
花天酒地	huā tiān jiǔ dì	31952	ian-iang,ua-uo,h-f,j-q-x	1
饥肠辘辘	jī cháng lù lù	31954	an-ang,c-ch,n-l,r-l,j-q-x	3
九霄云外	jiǔ xiāo yún wài	31957	ai-ei,j-q-x	1
举目无亲	jǔ mù wú qīn	31958	in-ing,j-q-x	1
看守内阁	kān shǒu nèi gé	31960	an-ang,ai-ei,ao-ou,s-sh,n-l	1
克敌制胜	kè dí zhì shèng	31961	en-eng,z-zh,s-sh	1
雷打不动	léi dǎ bù dòng	31965	ai-ei,n-l,r-l	1
前车之鉴	qián chē zhī jiàn	31976	ian-iang,z-zh,c-ch,j-q-x	1
无所不能	wú suǒ bù néng	31999	en-eng,ua-uo,s-sh,n-l	1
休戚相关	xiū qī xiāng guān	32002	ian-iang,uan-uang,j-q-x	1
阳奉阴违	yáng fèng yīn wéi	32004	en-eng,in-ing,an-ang,ai-ei,h-f	1
洋洋得意	yáng yáng dé yì	32006	an-ang	1
引吭高歌	yǐn háng gāo gē	32011	in-ing,an-ang,ao-ou,h-f	1
又红又专	yòu hóng yòu zhuān	32014	uan-uang,ao-ou,z-zh,h-f	1
争奇斗艳	zhēng qí dòu yàn	32023	en-eng,an-ang,ao-ou,z-zh,j-q-x	1
子虚乌有	zǐ xū wū yǒu	32028	ao-ou,z-zh,j-q-x	1
走下坡路	zǒu xià pō lù	32033	ao-ou,ia-ie,z-zh,n-l,r-l,j-q-x	1
爱莫能助	ài mò néng zhù	32035	en-eng,ai-ei,z-zh,n-l	1
不治之症	bù zhì zhī zhèng	32037	en-eng,z-zh	1
赤脚医生	chì jiǎo yī shēng	32040	en-eng,c-ch,s-sh,j-q-x	1
粗心大意	cū xīn dà yì	32046	in-ing,c-ch,j-q-x	1
达官贵人	dá guān guì rén	32047	en-eng,uan-uang,r-l	1
调兵遣将	diào bīng qiǎn jiàng	32055	in-ing,ian-iang,j-q-x	1
呼朋唤友	hū péng huàn yǒu	32090	en-eng,uan-uang,ao-ou,h-f	1
难解难分	nán jiě nán fēn	32093	en-eng,an-ang,ia-ie,n-l,h-f,j-q-x	1
披荆斩棘	pī jīng zhǎn jí	32102	in-ing,an-ang,z-zh,j-q-x	1
如醉如痴	rú zuì rú chī	32111	z-zh,c-ch,r-l	1
顺藤摸瓜	shùn téng mō guā	32116	en-eng,ua-uo,s-sh	1
相濡以沫	xiāng rú yǐ mò	32130	ian-iang,r-l,j-q-x	3
颐指气使	yí zhǐ qì shǐ	32141	z-zh,s-sh,j-q-x	3
支气管炎	zhī qì guǎn yán	32147	an-ang,uan-uang,z-zh,j-q-x	1
众望所归	zhòng wàng suǒ guī	32148	an-ang,ua-uo,z-zh,s-sh	1
吵吵嚷嚷	chǎo chǎo rǎng rǎng	32162	an-ang,ao-ou,c-ch,r-l	1
风花雪月	fēng huā xuě yuè	32178	en-eng,ua-uo,h-f,j-q-x	1
逢场作戏	féng chǎng zuò xì	32179	en-eng,an-ang,ua-uo,z-zh,c-ch,h-f,j-q-x	1
供认不讳	gòng rèn bù huì	32185	en-eng,h-f,r-l	1
警戒水位	jǐng jiè shuǐ wèi	32198	in-ing,ai-ei,ia-ie,s-sh,j-q-x	1
冷嘲热讽	lěng cháo rè fěng	32206	en-eng,ao-ou,c-ch,n-l,h-f,r-l	1
美轮美奂	měi lún měi huàn	32208	uan-uang,ai-ei,n-l,h-f,r-l	3
默默无言	mò mò wú yán	32210	an-ang	1
求全责备	qiú quán zé bèi	32219	uan-uang,ai-ei,z-zh,j-q-x	1
寿终正寝	shòu zhōng zhèng qǐn	32223	en-eng,in-ing,ao-ou,z-zh,s-sh,j-q-x	1
私心杂念	sī xīn zá niàn	32226	in-ing,ian-iang,z-zh,s-sh,n-l,j-q-x	1
土崩瓦解	tǔ bēng wǎ jiě	32232	en-eng,ia-ie,j-q-x	1
土豪劣绅	tǔ háo liè shēn	32233	en-eng,ao-ou,ia-ie,s-sh,n-l,h-f,r-l	1
万马奔腾	wàn mǎ bēn téng	32236	en-eng,an-ang	1
血肉相连	xuè ròu xiāng lián	32247	ian-iang,ao-ou,n-l,r-l,j-q-x	1
一锤定音	yī chuí dìng yīn	32251	in-ing,c-ch	1
招摇过市	zhāo yáo guò shì	32259	ao-ou,ua-uo,z-zh,s-sh	1
自来水笔	zì lái shuǐ bǐ	32263	ai-ei,z-zh,s-sh,n-l,r-l	1
白纸黑字	bái zhǐ hēi zì	32265	ai-ei,z-zh,h-f	1
包罗万象	bāo luó wàn xiàng	32267	an-ang,ian-iang,ao-ou,ua-uo,n-l,r-l,j-q-x	1
成家立业	chéng jiā lì yè	32274	en-eng,ia-ie,c-ch,n-l,r-l,j-q-x	1
吃拿卡要	chī ná qiǎ yào	32275	ao-ou,ia-ie,c-ch,n-l,j-q-x	1
大喜过望	dà xǐ guò wàng	32279	an-ang,ua-uo,j-q-x	1
发自肺腑	fā zì fèi fǔ	32285	ai-ei,z-zh,h-f	3
抚今追昔	fǔ jīn zhuī xī	32286	in-ing,z-zh,h-f,j-q-x	1
高高低低	gāo gāo dī dī	32289	ao-ou	1
歌功颂德	gē gōng sòng dé	32290	s-sh	1
见仁见智	jiàn rén jiàn zhì	32304	en-eng,ian-iang,z-zh,r-l,j-q-x	1
洁身自好	jié shēn zì hào	32310	en-eng,ao-ou,ia-ie,z-zh,s-sh,h-f,j-q-x	1
眉清目秀	méi qīng mù xiù	32322	in-ing,ai-ei,j-q-x	1
呐喊助威	nà hǎn zhù wēi	32327	an-ang,ai-ei,z-zh,n-l,h-f	1
弄巧成拙	nòng qiǎo chéng zhuō	32330	en-eng,ua-uo,z-zh,c-ch,n-l,j-q-x	1
穷追不舍	qióng zhuī bù shě	32337	z-zh,s-sh,j-q-x	1
任人唯亲	rèn rén wéi qīn	32340	en-eng,in-ing,ai-ei,r-l,j-q-x	1
似懂非懂	sì dǒng fēi dǒng	32351	ai-ei,s-sh,h-f	1
探头探脑	tàn tóu tàn nǎo	32354	an-ang,ao-ou,n-l	1
万里长征	wàn lǐ cháng zhēng	32358	en-eng,an-ang,z-zh,c-ch,n-l,r-l	1
万有引力	wàn yǒu yǐn lì	32359	in-ing,an-ang,ao-ou,n-l,r-l	1
物价指数	wù jià zhǐ shù	32361	ia-ie,z-zh,s-sh,j-q-x	1
喜上眉梢	xǐ shàng méi shāo	32363	an-ang,ai-ei,ao-ou,s-sh,j-q-x	1
言听计从	yán tīng jì cóng	32368	in-ing,an-ang,c-ch,j-q-x	1
一般见识	yī bān jiàn shi	32370	an-ang,ian-iang,s-sh,j-q-x	1
迎来送往	yíng lái sòng wǎng	32371	in-ing,an-ang,ai-ei,s-sh,n-l,r-l	1
与生俱来	yǔ shēng jù lái	32377	en-eng,ai-ei,s-sh,n-l,r-l,j-q-x	1
遮天蔽日	zhē tiān bì rì	32381	ian-iang,z-zh,r-l	1
吃大锅饭	chī dà guō fàn	32401	an-ang,ua-uo,c-ch,h-f	1
东拉西扯	dōng lā xī chě	32412	c-ch,n-l,r-l,j-q-x	1
感同身受	gǎn tóng shēn shòu	32423	en-eng,an-ang,ao-ou,s-sh	1
好人主义	hǎo rén zhǔ yì	32431	en-eng,ao-ou,z-zh,h-f,r-l	1
毁于一旦	huǐ yú yī dàn	32439	an-ang,h-f	1
火炬计划	huǒ jù jì huà	32441	ua-uo,h-f,j-q-x	1
空中楼阁	kōng zhōng lóu gé	32460	ao-ou,z-zh,n-l,r-l	1
入木三分	rù mù sān fēn	32482	en-eng,an-ang,s-sh,h-f,r-l	1
损人利己	sǔn rén lì jǐ	32495	en-eng,s-sh,n-l,r-l,j-q-x	1
无人过问	wú rén guò wèn	32506	en-eng,ua-uo,r-l	1
一知半解	yī zhī bàn jiě	32517	an-ang,ia-ie,z-zh,j-q-x	1
尊师重教	zūn shī zhòng jiāo	32532	z-zh,s-sh,j-q-x	1
饱经沧桑	bǎo jīng cāng sāng	32534	in-ing,an-ang,ao-ou,c-ch,s-sh,j-q-x	1
惩前毖后	chéng qián bì hòu	32546	en-eng,ian-iang,ao-ou,c-ch,h-f,j-q-x	3
触景生情	chù jǐng shēng qíng	32548	en-eng,in-ing,c-ch,s-sh,j-q-x	1
大饱眼福	dà bǎo yǎn fú	32550	an-ang,ao-ou,h-f	1
过街老鼠	guò jiē lǎo shǔ	32570	ao-ou,ia-ie,ua-uo,s-sh,n-l,r-l,j-q-x	1
互通有无	hù tōng yǒu wú	32575	ao-ou,h-f	1
价值连城	jià zhí lián chéng	32579	en-eng,ian-iang,ia-ie,z-zh,c-ch,n-l,r-l,j-q-x	1
刨根问底	páo gēn wèn dǐ	32606	en-eng,ao-ou	1
巧夺天工	qiǎo duó tiān gōng	32611	ian-iang,ua-uo,j-q-x	1
慎之又慎	shèn zhī yòu shèn	32619	en-eng,ao-ou,z-zh,s-sh	1
势均力敌	shì jūn lì dí	32621	s-sh,n-l,r-l,j-q-x	1
条条框框	tiáo tiáo kuàng kuàng	32627	uan-uang	1
同流合污	tóng liú hé wū	32629	n-l,h-f,r-l	1
无稽之谈	wú jī zhī tán	32633	an-ang,z-zh,j-q-x	1
弦外之音	xián wài zhī yīn	32634	in-ing,ian-iang,ai-ei,z-zh,j-q-x	1
真相大白	zhēn xiàng dà bái	32650	en-eng,ian-iang,ai-ei,z-zh,j-q-x	1
窗口行业	chuāng kǒu háng yè	32674	an-ang,uan-uang,ao-ou,c-ch,h-f	1
独领风骚	dú lǐng fēng sāo	32685	en-eng,in-ing,ao-ou,s-sh,n-l,h-f,r-l	1
改弦更张	gǎi xián gēng zhāng	32689	en-eng,an-ang,ian-iang,ai-ei,z-zh,j-q-x	1
各有所长	gè yǒu suǒ cháng	32692	an-ang,ao-ou,ua-uo,c-ch,s-sh	1
化为灰烬	huà wéi huī jìn	32703	in-ing,ai-ei,ua-uo,h-f,j-q-x	3
宽宏大量	kuān hóng dà liàng	32713	ian-iang,uan-uang,n-l,h-f,r-l	1
礼尚往来	lǐ shàng wǎng lái	32715	an-ang,ai-ei,s-sh,n-l,r-l	1
疲于奔命	pí yú bēn mìng	32734	en-eng,in-ing	1
全民公决	quán mín gōng jué	32743	in-ing,uan-uang,j-q-x	1
田径运动	tián jìng yùn dòng	32756	in-ing,ian-iang,j-q-x	1
同病相怜	tóng bìng xiāng lián	32757	in-ing,ian-iang,n-l,r-l,j-q-x	1
望尘莫及	wàng chén mò jí	32761	en-eng,an-ang,c-ch,j-q-x	1
围追堵截	wéi zhuī dǔ jié	32762	ai-ei,ia-ie,z-zh,j-q-x	1
狭路相逢	xiá lù xiāng féng	32766	en-eng,ian-iang,ia-ie,n-l,h-f,r-l,j-q-x	1
相形见绌	xiāng xíng jiàn chù	32770	in-ing,ian-iang,c-ch,j-q-x	3
星球大战	xīng qiú dà zhàn	32774	in-ing,an-ang,z-zh,j-q-x	1
言过其实	yán guò qí shí	32778	an-ang,ua-uo,s-sh,j-q-x	1
本位主义	běn wèi zhǔ yì	32801	en-eng,ai-ei,z-zh	1
不得要领	bù dé yào lǐng	32806	in-ing,ao-ou,n-l,r-l	1
超凡脱俗	chāo fán tuō sú	32810	an-ang,ao-ou,ua-uo,c-ch,s-sh,h-f	1
唇枪舌剑	chún qiāng shé jiàn	32813	ian-iang,c-ch,s-sh,j-q-x	1
飞黄腾达	fēi huáng téng dá	32823	en-eng,uan-uang,ai-ei,h-f	1
东奔西跑	dōng bēn xī pǎo	32832	en-eng,ao-ou,j-q-x	1
见缝插针	jiàn fèng chā zhēn	32840	en-eng,ian-iang,z-zh,c-ch,h-f,j-q-x	1
借题发挥	jiè tí fā huī	32842	ia-ie,h-f,j-q-x	1
就地取材	jiù dì qǔ cái	32847	ai-ei,c-ch,j-q-x	1
蒙混过关	méng hùn guò guān	32858	en-eng,uan-uang,ua-uo,h-f	1
逆来顺受	nì lái shùn shòu	32862	ai-ei,ao-ou,s-sh,n-l,r-l	1
其貌不扬	qí mào bù yáng	32868	an-ang,ao-ou,j-q-x	1
如泣如诉	rú qì rú sù	32873	s-sh,r-l,j-q-x	1
歪门邪道	wāi mén xié dào	32891	en-eng,ai-ei,ao-ou,ia-ie,j-q-x	1
无可争辩	wú kě zhēng biàn	32896	en-eng,ian-iang,z-zh	1
一日千里	yī rì qiān lǐ	32903	ian-iang,n-l,r-l,j-q-x	1
债台高筑	zhài tái gāo zhù	32913	ai-ei,ao-ou,z-zh	1
战无不胜	zhàn wú bù shèng	32914	en-eng,an-ang,z-zh,s-sh	1
赤胆忠心	chì dǎn zhōng xīn	32935	in-ing,an-ang,z-zh,c-ch,j-q-x	1
出头露面	chū tóu lòu miàn	32938	ian-iang,ao-ou,c-ch,n-l,r-l	1
大书特书	dà shū tè shū	32945	s-sh	1
滴水不漏	dī shuǐ bù lòu	32948	ao-ou,s-sh,n-l,r-l	1
繁花似锦	fán huā sì jǐn	32955	in-ing,an-ang,ua-uo,s-sh,h-f,j-q-x	1
风光旖旎	fēng guāng yǐ nǐ	32958	en-eng,uan-uang,n-l,h-f	3
官僚资本	guān liáo zī běn	32964	en-eng,uan-uang,z-zh,n-l,r-l	1
画龙点睛	huà lóng diǎn jīng	32971	in-ing,ian-iang,ua-uo,n-l,h-f,r-l,j-q-x	1
季风气候	jì fēng qì hòu	32977	en-eng,ao-ou,h-f,j-q-x	1
娇生惯养	jiāo shēng guàn yǎng	32980	en-eng,an-ang,uan-uang,s-sh,j-q-x	1
街谈巷议	jiē tán xiàng yì	32981	an-ang,ian-iang,ia-ie,j-q-x	1
狂轰滥炸	kuáng hōng làn zhà	32985	an-ang,uan-uang,z-zh,n-l,h-f,r-l	1
六亲不认	liù qīn bù rèn	32993	en-eng,in-ing,n-l,r-l,j-q-x	1
满载而归	mǎn zài ér guī	32996	an-ang,ai-ei,z-zh	1
千呼万唤	qiān hū wàn huàn	33006	an-ang,ian-iang,uan-uang,h-f,j-q-x	1
勤学苦练	qín xué kǔ liàn	33008	in-ing,ian-iang,n-l,r-l,j-q-x	1
倾盆大雨	qīng pén dà yǔ	33009	en-eng,in-ing,j-q-x	1
生产过剩	shēng chǎn guò shèng	33013	en-eng,an-ang,ua-uo,c-ch,s-sh	1
同业公会	tóng yè gōng huì	33021	h-f	1
万事如意	wàn shì rú yì	33023	an-ang,s-sh,r-l	1
相亲相爱	xiāng qīn xiān gài	33026	in-ing,ian-iang,ai-ei,j-q-x	1
逍遥自在	xiāo yáo zì zài	33027	ai-ei,ao-ou,z-zh,j-q-x	3
音乐电视	yīn yuè diàn shì	33031	in-ing,ian-iang,s-sh	1
永葆青春	yǒng bǎo qīng chūn	33032	in-ing,ao-ou,c-ch,j-q-x	3
奔走呼号	bēn zǒu hū háo	33045	en-eng,ao-ou,z-zh,h-f	1
惨无人道	cǎn wú rén dào	33053	en-eng,an-ang,ao-ou,c-ch,r-l	1
高抬贵手	gāo tái guì shǒu	33074	ai-ei,ao-ou,s-sh	1
骨瘦如柴	gǔ shòu rú chái	33078	ai-ei,ao-ou,c-ch,s-sh,r-l	1
拐弯抹角	guǎi wān mò jiǎo	33080	an-ang,j-q-x	1
急不可待	jí bù kě dài	33092	ai-ei,j-q-x	1
决一死战	jué yī sǐ zhàn	33098	an-ang,z-zh,s-sh,j-q-x	1
南来北往	nán lái běi wǎng	33113	an-ang,ai-ei,n-l,r-l	1
南征北战	nán zhēng běi zhàn	33114	en-eng,an-ang,ai-ei,z-zh,n-l	1
人工授精	rén gōng shòu jīng	33125	en-eng,in-ing,ao-ou,s-sh,r-l,j-q-x	1
石破天惊	shí pò tiān jīng	33135	in-ing,ian-iang,s-sh,j-q-x	1
死记硬背	sǐ jì yìng bèi	33138	in-ing,ai-ei,s-sh,j-q-x	1
铁石心肠	tiě shí xīn cháng	33143	in-ing,an-ang,ia-ie,c-ch,s-sh,j-q-x	1
问寒问暖	wèn hán wèn nuǎn	33148	en-eng,an-ang,uan-uang,n-l,h-f	1
呜呼哀哉	wū hū āi zāi	33150	ai-ei,z-zh,h-f	1
衣冠楚楚	yī guān chǔ chǔ	33169	uan-uang,c-ch	1
优柔寡断	yōu róu guǎ duàn	33171	uan-uang,ao-ou,ua-uo,r-l	1
暴风骤雨	bào fēng zhòu yǔ	33181	en-eng,ao-ou,z-zh,h-f	1
巍然屹立	wēi rán yì lì	33183	an-ang,ai-ei,n-l,r-l	1
长年累月	cháng nián lěi yuè	33185	an-ang,ian-iang,ai-ei,c-ch,n-l,r-l	1
充耳不闻	chōng ěr bù wén	33186	en-eng,c-ch	1
窗明几净	chuāng míng jī jìng	33189	in-ing,uan-uang,c-ch,j-q-x	1
从长计议	cóng cháng jì yì	33190	an-ang,c-ch,j-q-x	1
大马哈鱼	dà mǎ hǎ yú	33191	h-f	1
地大物博	dì dà wù bó	33196		1
例行公事	lì xíng gōng shì	33239	in-ing,s-sh,n-l,r-l,j-q-x	1
门庭若市	mén tíng ruò shì	33244	en-eng,in-ing,ua-uo,s-sh,r-l	1
软硬兼施	ruǎn yìng jiān shī	33263	in-ing,ian-iang,uan-uang,s-sh,r-l,j-q-x	1
事在人为	shì zài rén wéi	33268	en-eng,ai-ei,z-zh,s-sh,r-l	1
司乘人员	sī chéng rén yuán	33274	en-eng,uan-uang,c-ch,s-sh,r-l	1
天旋地转	tiān xuán dì zhuàn	33277	ian-iang,uan-uang,z-zh,j-q-x	1
唾沫星子	tuò mo xīng zi	33280	in-ing,ua-uo,z-zh,j-q-x	1
一穷二白	yī qióng èr bái	33296	ai-ei,j-q-x	1
一团和气	yī tuán hé qì	33297	uan-uang,h-f,j-q-x	1
一无是处	yī wú shì chù	33298	c-ch,s-sh	1
游手好闲	yóu shǒu hào xián	33302	ian-iang,ao-ou,s-sh,h-f,j-q-x	1
有机可乘	yǒu jī kě chéng	33303	en-eng,ao-ou,c-ch,j-q-x	1
众矢之的	zhòng shǐ zhī dì	33316	z-zh,s-sh	1
龇牙咧嘴	zī yá liě zuǐ	33318	ia-ie,z-zh,n-l,r-l	3
作威作福	zuò wēi zuò fú	33321	ai-ei,ua-uo,z-zh,h-f	1
饱经风霜	bǎo jīng fēng shuāng	33325	en-eng,in-ing,uan-uang,ao-ou,s-sh,h-f,j-q-x	1
传宗接代	chuán zōng jiē dài	33332	uan-uang,ai-ei,ia-ie,z-zh,c-ch,j-q-x	1
打道回府	dǎ dào huí fǔ	33335	ao-ou,h-f	1
得寸进尺	dé cùn jìn chǐ	33337	in-ing,c-ch,j-q-x	1
颠倒黑白	diān dǎo hēi bái	33338	ian-iang,ai-ei,ao-ou,h-f	1
独占鳌头	dú zhàn áo tóu	33339	an-ang,ao-ou,z-zh	3
感慨万端	gǎn kǎi wàn duān	33345	an-ang,uan-uang,ai-ei	1
横行霸道	héng xíng bà dào	33349	en-eng,in-ing,ao-ou,h-f,j-q-x	1
简单劳动	jiǎn dān láo dòng	33355	an-ang,ian-iang,ao-ou,n-l,r-l,j-q-x	1
将心比心	jiāng xīn bǐ xīn	33357	in-ing,ian-iang,j-q-x	1
开足马力	kāi zú mǎ lì	33362	ai-ei,z-zh,n-l,r-l	1
泡沫经济	pào mò jīng jì	33376	in-ing,ao-ou,j-q-x	1
浅尝辄止	qiǎn cháng zhé zhǐ	33380	an-ang,ian-iang,z-zh,c-ch,j-q-x	3
晴天霹雳	qíng tiān pī lì	33381	in-ing,ian-iang,n-l,r-l,j-q-x	1
伤天害理	shāng tiān hài lǐ	33386	an-ang,ian-iang,ai-ei,s-sh,n-l,h-f,r-l	1
俗不可耐	sú bù kě nài	33395	ai-ei,s-sh,n-l	1
速战速决	sù zhàn sù jué	33396	an-ang,z-zh,s-sh,j-q-x	1
索然无味	suǒ rán wú wèi	33397	an-ang,ai-ei,ua-uo,s-sh,r-l	1
五花大绑	wǔ huā dà bǎng	33403	an-ang,ua-uo,h-f	1
形势逼人	xíng shì bī rén	33407	en-eng,in-ing,s-sh,r-l,j-q-x	1
一笔勾销	yī bǐ gōu xiāo	33412	ao-ou,j-q-x	1
阴阳怪气	yīn yáng guài qì	33414	in-ing,an-ang,j-q-x	1
争权夺利	zhēng quán duó lì	33422	en-eng,uan-uang,ua-uo,z-zh,n-l,r-l,j-q-x	1
不可抗力	bù kě kàng lì	33437	an-ang,n-l,r-l	1
重见天日	chóng jiàn tiān rì	33439	ian-iang,c-ch,r-l,j-q-x	1
万恶不赦	wà nè bù shè	33464	s-sh,n-l	1
节外生枝	jié wài shēng zhī	33474	en-eng,ai-ei,ia-ie,z-zh,s-sh,j-q-x	1
门可罗雀	mén kě luó què	33487	en-eng,ua-uo,n-l,r-l,j-q-x	1
明知故问	míng zhī gù wèn	33489	en-eng,in-ing,z-zh	1
目中无人	mù zhōng wú rén	33490	en-eng,z-zh,r-l	1
怡然自得	yí rán zì dé	33498	an-ang,z-zh,r-l	1
神气活现	shén qì huó xiàn	33505	en-eng,ian-iang,ua-uo,s-sh,h-f,j-q-x	1
说来话长	shuō lái huà cháng	33508	an-ang,ai-ei,ua-uo,c-ch,s-sh,n-l,h-f,r-l	1
心灵手巧	xīn líng shǒu qiǎo	33521	in-ing,ao-ou,s-sh,n-l,r-l,j-q-x	1
绚丽多姿	xuàn lì duō zī	33522	uan-uang,ua-uo,z-zh,n-l,r-l,j-q-x	1
著书立说	zhù shū lì shuō	33544	ua-uo,z-zh,s-sh,n-l,r-l	1
自讨苦吃	zì tǎo kǔ chī	33547	ao-ou,z-zh,c-ch	1
自由体操	zì yóu tǐ cāo	33548	ao-ou,z-zh,c-ch	1
爱憎分明	ài zēng fēn míng	33551	en-eng,in-ing,ai-ei,z-zh,h-f	1
惨淡经营	cǎn dàn jīng yíng	33556	in-ing,an-ang,c-ch,j-q-x	1
第二课堂	dì èr kè táng	33565	an-ang	1
人烟稀少	rén yān xī shǎo	33576	en-eng,an-ang,ao-ou,s-sh,r-l,j-q-x	1
妇孺皆知	fù rú jiē zhī	33578	ia-ie,z-zh,h-f,r-l,j-q-x	3
刚正不阿	gāng zhèng bù ē	33582	en-eng,an-ang,z-zh	1
功成名就	gōng chéng míng jiù	33585	en-eng,in-ing,c-ch,j-q-x	1
火烧火燎	huǒ shāo huǒ liǎo	33597	ao-ou,ua-uo,s-sh,n-l,h-f,r-l	3
坚如磐石	jiān rú pán shí	33602	an-ang,ian-iang,s-sh,r-l,j-q-x	3
身无分文	shēn wú fēn wén	33625	en-eng,s-sh,h-f	1
甚而至于	shèn ér zhì yú	33626	en-eng,z-zh,s-sh	1
生搬硬套	shēng bān yìng tào	33627	en-eng,in-ing,an-ang,ao-ou,s-sh	1
是非曲直	shì fēi qū zhí	33632	ai-ei,z-zh,s-sh,h-f,j-q-x	1
手无寸铁	shǒu wú cùn tiě	33633	ao-ou,ia-ie,c-ch,s-sh	1
万古长青	wàn gǔ cháng qīng	33647	in-ing,an-ang,c-ch,j-q-x	1
乌合之众	wū hé zhī zhòng	33651	z-zh,h-f	1
无可争议	wú kě zhēng yì	33652	en-eng,z-zh	1
一专多能	yī zhuān duō néng	33666	en-eng,uan-uang,ua-uo,z-zh,n-l	1
以假乱真	yǐ jiǎ luàn zhēn	33668	en-eng,uan-uang,ia-ie,z-zh,n-l,r-l,j-q-x	1
引人深思	yǐn rén shēn sī	33670	en-eng,in-ing,s-sh,r-l	1
原始积累	yuán shǐ jī lěi	33673	uan-uang,ai-ei,s-sh,n-l,r-l,j-q-x	1
主治医生	zhǔ zhì yī shēng	33678	en-eng,z-zh,s-sh	1
自娱自乐	zì yú zì lè	33680	z-zh,n-l,r-l	1
自作自受	zì zuò zì shòu	33681	ao-ou,ua-uo,z-zh,s-sh	1
暴跳如雷	bào tiào rú léi	33690	ai-ei,ao-ou,n-l,r-l	1
闭关锁国	bì guān suǒ guó	33693	uan-uang,ua-uo,s-sh	1
不苟言笑	bù gǒu yán xiào	33696	an-ang,ao-ou,j-q-x	1
成竹在胸	chéng zhú zài xiōng	33704	en-eng,ai-ei,z-zh,c-ch,j-q-x	1
除恶务尽	chú è wù jìn	33705	in-ing,c-ch,j-q-x	1
刀光剑影	dāo guāng jiàn yǐng	33711	in-ing,ian-iang,uan-uang,ao-ou,j-q-x	1
独当一面	dú dāng yī miàn	33720	an-ang,ian-iang	1
扶危济困	fú wēi jì kùn	33723	ai-ei,h-f,j-q-x	1
古尔邦节	gǔ ěr bāng jié	33728	an-ang,ia-ie,j-q-x	1
荒无人烟	huāng wú rén yān	33739	en-eng,an-ang,uan-uang,h-f,r-l	1
夸夸其谈	kuā kuā qí tán	33753	an-ang,ua-uo,j-q-x	1
拍案而起	pāi àn ér qǐ	33762	an-ang,ai-ei,j-q-x	1
平白无故	píng bái wú gù	33763	in-ing,ai-ei	1
平淡无奇	píng dàn wú qí	33764	in-ing,an-ang,j-q-x	1
平分秋色	píng fēn qiū sè	33765	en-eng,in-ing,s-sh,h-f,j-q-x	1
气象万千	qì xiàng wàn qiān	33767	an-ang,ian-iang,j-q-x	1
生死攸关	shēng sǐ yōu guān	33780	en-eng,uan-uang,ao-ou,s-sh	3
投其所好	tóu qí suǒ hào	33793	ao-ou,ua-uo,s-sh,h-f,j-q-x	1
稳扎稳打	wěn zhā wěn dǎ	33798	en-eng,z-zh	1
销售一空	xiāo shòu yī kōng	33805	ao-ou,s-sh,j-q-x	1
有偿新闻	yǒu cháng xīn wén	33822	en-eng,in-ing,an-ang,ao-ou,c-ch,j-q-x	1
有人家儿	yǒu rén jiā er	33823	en-eng,ao-ou,ia-ie,r-l,j-q-x	1
执法如山	zhí fǎ rú shān	33826	an-ang,z-zh,s-sh,h-f,r-l	1
中饱私囊	zhōng bǎo sī náng	33827	an-ang,ao-ou,z-zh,s-sh,n-l	1
点睛之笔	diǎn jīng zhī bǐ	33830	in-ing,ian-iang,z-zh,j-q-x	1
北回归线	běi huí guī xiàn	33835	ian-iang,ai-ei,h-f,j-q-x	1
不虚此行	bù xū cǐ xíng	33840	in-ing,c-ch,j-q-x	1
陈规陋习	chén guī lòu xí	33841	en-eng,ao-ou,c-ch,n-l,r-l,j-q-x	1
称心如意	chèn xīn rú yì	33842	en-eng,in-ing,c-ch,r-l,j-q-x	1
初出茅庐	chū chū máo lú	33843	ao-ou,c-ch,n-l,r-l	1
点头哈腰	diǎn tóu hā yāo	33850	ian-iang,ao-ou,h-f	1
翻箱倒柜	fān xiāng dǎo guì	33855	an-ang,ian-iang,ao-ou,h-f,j-q-x	1
鼓鼓囊囊	gǔ gun āng nāng	33864	an-ang,n-l	1
沆瀣一气	hàng xiè yī qì	33868	an-ang,ia-ie,h-f,j-q-x	3
灰心丧气	huī xīn sàng qì	33871	in-ing,an-ang,s-sh,h-f,j-q-x	1
火上浇油	huǒ shàng jiāo yóu	33872	an-ang,ao-ou,ua-uo,s-sh,h-f,j-q-x	1
兼而有之	jiān ér yǒu zhī	33876	ian-iang,ao-ou,z-zh,j-q-x	1
咎由自取	jiù yóu zì qǔ	33878	ao-ou,z-zh,j-q-x	3
拿手好戏	ná shǒu hǎo xì	33892	ao-ou,s-sh,n-l,h-f,j-q-x	1
人高马大	rén gāo mǎ dà	33898	en-eng,ao-ou,r-l	1
如此说来	rú cǐ shuō lái	33899	ai-ei,ua-uo,c-ch,s-sh,n-l,r-l	1
弱不禁风	ruò bù jīn fēng	33900	en-eng,in-ing,ua-uo,h-f,r-l,j-q-x	1
下不为例	xià bù wéi lì	33915	ai-ei,ia-ie,n-l,r-l,j-q-x	1
心潮起伏	xīn cháo qǐ fú	33922	in-ing,ao-ou,c-ch,h-f,j-q-x	1
哑然失笑	yǎ rán shī xiào	33928	an-ang,s-sh,r-l,j-q-x	1
羊肠小道	yáng cháng xiǎo dào	33930	an-ang,ao-ou,c-ch,j-q-x	1
洋为中用	yáng wéi zhōng yòng	33931	an-ang,ai-ei,z-zh	1
移动电话	yí dòng diàn huà	33933	ian-iang,ua-uo,h-f	1
异曲同工	yì qǔ tóng gōng	33937	j-q-x	1
本末倒置	běn mò dào zhì	33953	en-eng,ao-ou,z-zh	1
闭门造车	bì mén zào chē	33956	en-eng,ao-ou,z-zh,c-ch	1
打抱不平	dǎ bào bù píng	33969	in-ing,ao-ou	1
大家伙儿	dà jiā huǒ er	33970	ia-ie,ua-uo,h-f,j-q-x	1
浮光掠影	fú guāng lüè yǐng	33979	in-ing,uan-uang,n-l,h-f,r-l	1
功利主义	gōng lì zhǔ yì	33984	z-zh,n-l,r-l	1
钩心斗角	gōu xīn dòu jiǎo	33987	in-ing,ao-ou,j-q-x	1
漫无边际	màn wú biān jì	34014	an-ang,ian-iang,j-q-x	1
毛遂自荐	máo suì zì jiàn	34015	ian-iang,ao-ou,z-zh,s-sh,j-q-x	1
如临大敌	rú lín dà dí	34029	in-ing,n-l,r-l	1
如梦初醒	rú mèng chū xǐng	34030	en-eng,in-ing,c-ch,r-l,j-q-x	1
身家性命	shēn jiā xìng mìng	34036	en-eng,in-ing,ia-ie,s-sh,j-q-x	1
思前想后	sī qián xiǎng hòu	34042	ian-iang,ao-ou,s-sh,h-f,j-q-x	1
随声附和	suí shēng fù hè	34045	en-eng,s-sh,h-f	1
添砖加瓦	tiān zhuān jiā wǎ	34051	ian-iang,uan-uang,ia-ie,z-zh,j-q-x	1
相持不下	xiāng chí bù xià	34059	ian-iang,ia-ie,c-ch,j-q-x	1
荣华富贵	róng huá fù guì	34065	ua-uo,h-f,r-l	1
天下为公	tiān xià wéi gōng	34069	ian-iang,ai-ei,ia-ie,j-q-x	1
偃旗息鼓	yǎn qí xī gǔ	34071	an-ang,j-q-x	3
正当防卫	zhèng dàng fáng wèi	34077	en-eng,an-ang,ai-ei,z-zh,h-f	1
自鸣得意	zì míng dé yì	34084	in-ing,z-zh	1
悲天悯人	bēi tiān mǐn rén	34087	en-eng,in-ing,ian-iang,ai-ei,r-l	1
不共戴天	bù gòng dài tiān	34091	ian-iang,ai-ei	1
愤世嫉俗	fèn shì jí sú	34105	en-eng,s-sh,h-f,j-q-x	1
风言风语	fēng yán fēng yǔ	34106	en-eng,an-ang,h-f	1
付之东流	fù zhī dōng liú	34107	z-zh,n-l,h-f,r-l	1
公子哥儿	gōng zǐ gē er	34111	z-zh	1
农民战争	nóng mín zhàn zhēng	34137	en-eng,in-ing,an-ang,z-zh,n-l	1
任人宰割	rèn rén zǎi gē	34147	en-eng,ai-ei,z-zh,r-l	1
舍近求远	shě jìn qiú yuǎn	34150	in-ing,uan-uang,s-sh,j-q-x	1
事出有因	shì chū yǒu yīn	34152	in-ing,ao-ou,c-ch,s-sh	1
守口如瓶	shǒu kǒu rú píng	34153	in-ing,ao-ou,s-sh,r-l	1
损公肥私	sǔn gōng féi sī	34159	ai-ei,s-sh,h-f	1
文房四宝	wén fáng sì bǎo	34167	en-eng,an-ang,ao-ou,s-sh,h-f	1
文化景观	wén huà jǐng guān	34168	en-eng,in-ing,uan-uang,ua-uo,h-f,j-q-x	1
相映成趣	xiāng yìng chéng qù	34173	en-eng,in-ing,ian-iang,c-ch,j-q-x	1
血气方刚	xuè qì fāng gāng	34180	an-ang,h-f,j-q-x	1
雍容华贵	yōng róng huá guì	34188	ua-uo,h-f,r-l	3
永垂不朽	yǒng chuí bù xiǔ	34189	c-ch,j-q-x	1
百依百顺	bǎi yī bǎi shùn	34202	ai-ei,s-sh	1
大言不惭	dà yán bù cán	34217	an-ang,c-ch	1
动脉硬化	dòng mài yìng huà	34221	in-ing,ai-ei,ua-uo,h-f	1
断章取义	duàn zhāng qǔ yì	34222	an-ang,uan-uang,z-zh,j-q-x	1
儿女情长	ér nǚ qíng cháng	34223	in-ing,an-ang,c-ch,n-l,j-q-x	1
放开手脚	fàng kāi shǒu jiǎo	34230	an-ang,ai-ei,ao-ou,s-sh,h-f,j-q-x	1
挤眉弄眼	jǐ méi nòng yǎn	34250	an-ang,ai-ei,n-l,j-q-x	1
渐入佳境	jiàn rù jiā jìng	34254	in-ing,ian-iang,ia-ie,r-l,j-q-x	1
精明强干	jīng míng qiáng gàn	34260	in-ing,an-ang,ian-iang,j-q-x	1
骁勇善战	xiāo yòng shàn zhàn	34268	an-ang,z-zh,s-sh,j-q-x	3
破釜沉舟	pò fǔ chén zhōu	34284	en-eng,ao-ou,z-zh,c-ch,h-f	3
轻装上阵	qīng zhuāng shàng zhèn	34287	en-eng,in-ing,an-ang,uan-uang,z-zh,s-sh,j-q-x	1
丧心病狂	sàng xīn bìng kuáng	34291	in-ing,an-ang,uan-uang,s-sh,j-q-x	1
姗姗来迟	shān shān lái chí	34292	an-ang,ai-ei,c-ch,s-sh,n-l,r-l	3
善始善终	shàn shǐ shàn zhōng	34294	an-ang,z-zh,s-sh	1
事无巨细	shì wú jù xì	34298	s-sh,j-q-x	1
书香门第	shū xiāng mén dì	34300	en-eng,ian-iang,s-sh,j-q-x	1
无奇不有	wú qí bù yǒu	34309	ao-ou,j-q-x	1
心惊胆战	xīn jīng dǎn zhàn	34318	in-ing,an-ang,z-zh,j-q-x	1
野心勃勃	yě xīn bó bó	34329	in-ing,j-q-x	1
引以为荣	yǐn yǐ wéi róng	34332	in-ing,ai-ei,r-l	1
仗义执言	zhàng yì zhí yán	34334	an-ang,z-zh	1
不堪入目	bù kān rù mù	34355	an-ang,r-l	1
重蹈覆辙	chóng dǎo fù zhé	34364	ao-ou,z-zh,c-ch,h-f	1
低三下四	dī sān xià sì	34370	an-ang,ia-ie,s-sh,j-q-x	1
颠扑不破	diān pū bù pò	34372	ian-iang	1
多多益善	duō duō yì shàn	34379	an-ang,ua-uo,s-sh	1
粉墨登场	fěn mò dēng chǎng	34382	en-eng,an-ang,c-ch,h-f	1
公共关系	gōng gòng guān xì	34388	uan-uang,j-q-x	1
规定动作	guī dìng dòng zuò	34390	in-ing,ua-uo,z-zh	1
裹足不前	guǒ zú bù qián	34392	ian-iang,ua-uo,z-zh,j-q-x	1
后继乏人	hòu jì fá rén	34393	en-eng,ao-ou,h-f,r-l,j-q-x	1
花花公子	huā huā gōng zǐ	34395	ua-uo,z-zh,h-f	1
见微知著	jiàn wēi zhī zhù	34399	ian-iang,ai-ei,z-zh,j-q-x	1
面面俱到	miàn miàn jù dào	34416	ian-iang,ao-ou,j-q-x	1
能说会道	néng shuō huì dào	34422	en-eng,ao-ou,ua-uo,s-sh,n-l,h-f	1
悄没声儿	qiǎo mo shēng er	34431	en-eng,s-sh,j-q-x	1
去伪存真	qù wěi cún zhēn	34434	en-eng,ai-ei,z-zh,c-ch,j-q-x	1
贪得无厌	tān dé wú yàn	34455	an-ang	1
息事宁人	xī shì níng rén	34467	en-eng,in-ing,s-sh,n-l,r-l,j-q-x	1
险象环生	xiǎn xiàng huán shēng	34468	en-eng,ian-iang,uan-uang,s-sh,h-f,j-q-x	1
安家立业	ān jiā lì yè	34484	an-ang,ia-ie,n-l,r-l,j-q-x	1
自相残杀	zì xiāng cán shā	34490	an-ang,ian-iang,z-zh,c-ch,s-sh,j-q-x	1
鼻青脸肿	bí qīng liǎn zhǒng	34497	in-ing,ian-iang,z-zh,n-l,r-l,j-q-x	1
为人处世	wéi rén chǔ shì	34504	en-eng,ai-ei,c-ch,s-sh,r-l	1
蠢蠢欲动	chǔn chǔn yù dòng	34510	c-ch	1
粗茶淡饭	cū chá dàn fàn	34512	an-ang,c-ch,h-f	1
东窗事发	dōng chuāng shì fā	34520	uan-uang,c-ch,s-sh,h-f	1
多灾多难	duō zāi duō nàn	34522	an-ang,ai-ei,ua-uo,z-zh,n-l	1
孤芳自赏	gū fāng zì shǎng	34535	an-ang,z-zh,s-sh,h-f	1
孤陋寡闻	gū lòu guǎ wén	34536	en-eng,ao-ou,ua-uo,n-l,r-l	1
挥汗如雨	huī hàn rú yǔ	34544	an-ang,h-f,r-l	1
谨小慎微	jǐn xiǎo shèn wēi	34548	en-eng,in-ing,ai-ei,s-sh,j-q-x	1
精耕细作	jīng gēng xì zuò	34550	en-eng,in-ing,ua-uo,z-zh,j-q-x	1
客座教授	kè zuò jiào shòu	34553	ao-ou,ua-uo,z-zh,s-sh,j-q-x	1
南腔北调	nán qiāng běi diào	34561	an-ang,ian-iang,ai-ei,n-l,j-q-x	1
南辕北辙	nán yuán běi zhé	34562	an-ang,uan-uang,ai-ei,z-zh,n-l	3
如日中天	rú rì zhōng tiān	34572	ian-iang,z-zh,r-l	1
身外之物	shēn wài zhī wù	34575	en-eng,ai-ei,z-zh,s-sh	1
石沉大海	shí chén dà hǎi	34577	en-eng,ai-ei,c-ch,s-sh,h-f	1
痛快淋漓	tòng kuài lín lí	34591	in-ing,n-l,r-l	1
喜不自禁	xǐ bù zì jīn	34600	in-ing,z-zh,j-q-x	1
像模像样	xiàng mú xiàng yàng	34604	an-ang,ian-iang,j-q-x	1
休戚与共	xiū qī yǔ gòng	34607	j-q-x	1
延年益寿	yán nián yì shòu	34611	an-ang,ian-iang,ao-ou,s-sh,n-l	1
依山傍水	yī shān bàng shuǐ	34615	an-ang,s-sh	1
阴谋诡计	yīn móu guǐ jì	34617	in-ing,ao-ou,j-q-x	1
正大光明	zhèng dà guāng míng	34625	en-eng,in-ing,uan-uang,z-zh	1
闲庭信步	xián tíng xìn bù	34629	in-ing,ian-iang,j-q-x	1
半身不遂	bàn shēn bù suí	34637	en-eng,an-ang,s-sh	1
不乏其人	bù fá qí rén	34640	en-eng,h-f,r-l,j-q-x	1
楚楚动人	chǔ chǔ dòng rén	34646	en-eng,c-ch,r-l	1
腹背受敌	fù bèi shòu dí	34661	ai-ei,ao-ou,s-sh,h-f	1
坚贞不屈	jiān zhēn bù qū	34678	en-eng,ian-iang,z-zh,j-q-x	1
劳务输出	láo wù shū chū	34688	ao-ou,c-ch,s-sh,n-l,r-l	1
令人作呕	lìng rén zuò ǒu	34691	en-eng,in-ing,ao-ou,ua-uo,z-zh,n-l,r-l	1
浓妆艳抹	nóng zhuāng yàn mǒ	34702	an-ang,uan-uang,z-zh,n-l	1
燃气轮机	rán qì lún jī	34712	an-ang,n-l,r-l,j-q-x	1
如意算盘	rú yì suàn pán	34713	an-ang,uan-uang,s-sh,r-l	1
时装表演	shí zhuāng biǎo yǎn	34718	an-ang,uan-uang,z-zh,s-sh	1
数理逻辑	shù lǐ luó jí	34720	ua-uo,s-sh,n-l,r-l,j-q-x	1
水上运动	shuǐ shàng yùn dòng	34722	an-ang,s-sh	1
天高地厚	tiān gāo dì hòu	34724	ian-iang,ao-ou,h-f	1
卫星通信	wèi xīng tōng xìn	34731	in-ing,ai-ei,j-q-x	1
闻风而动	wén fēng ér dòng	34732	en-eng,h-f	1
于事无补	yú shì wú bǔ	34753	s-sh	1
自作多情	zì zuò duō qíng	34758	in-ing,ua-uo,z-zh,j-q-x	1
驰名中外	chí míng zhōng wài	34777	in-ing,ai-ei,z-zh,c-ch	1
打太极拳	dǎ tài jí quán	34779	uan-uang,ai-ei,j-q-x	1
大事化小	dà shì huà xiǎo	34780	ua-uo,s-sh,h-f,j-q-x	1
多快好省	duō kuài hǎo shěng	34789	en-eng,ao-ou,ua-uo,s-sh,h-f	1
苟延残喘	gǒu yán cán chuǎn	34799	an-ang,uan-uang,ao-ou,c-ch	1
顾虑重重	gù lǜ chóng chóng	34802	c-ch,n-l,r-l	1
急起直追	jí qǐ zhí zhuī	34815	z-zh,j-q-x	1
寄人篱下	jì rén lí xià	34817	en-eng,ia-ie,n-l,r-l,j-q-x	1
磕磕绊绊	kē ke bàn bàn	34825	an-ang	1
六神无主	liù shén wú zhǔ	34837	en-eng,z-zh,s-sh,n-l,r-l	1
落荒而逃	luò huāng ér táo	34839	uan-uang,ao-ou,ua-uo,n-l,h-f,r-l	1
酩酊大醉	mǐng dǐng dà zuì	34842	in-ing,z-zh	3
拿来主义	ná lái zhǔ yì	34843	ai-ei,z-zh,n-l,r-l	1
难言之隐	nán yán zhī yǐn	34845	in-ing,an-ang,z-zh,n-l	1
捏一把汗	niē yī bǎ hàn	34848	an-ang,ia-ie,n-l,h-f	1
其乐无穷	qí lè wú qióng	34853	n-l,r-l,j-q-x	1
前因后果	qián yīn hòu guǒ	34855	in-ing,ian-iang,ao-ou,ua-uo,h-f,j-q-x	1
三头六臂	sān tóu liù bì	34862	an-ang,ao-ou,s-sh,n-l,r-l	1
十字街头	shí zì jiē tóu	34867	ao-ou,ia-ie,z-zh,s-sh,j-q-x	1
拾级而上	shè jí ér shàng	34868	an-ang,s-sh,j-q-x	1
数罪并罚	shù zuì bìng fá	34873	in-ing,z-zh,s-sh,h-f	1
随遇而安	suí yù ér ān	34877	an-ang,s-sh	1
文人墨客	wén rén mò kè	34887	en-eng,r-l	1
息息相通	xī xī xiāng tōng	34890	ian-iang,j-q-x	1
行色匆匆	xíng sè cōng cōng	34899	in-ing,c-ch,s-sh,j-q-x	1
喧宾夺主	xuān bīn duó zhǔ	34900	in-ing,uan-uang,ua-uo,z-zh,j-q-x	1
疑神疑鬼	yí shén yí guǐ	34904	en-eng,s-sh	1
以身试法	yǐ shēn shì fǎ	34905	en-eng,s-sh,h-f	1
因陋就简	yīn lòu jiù jiǎn	34908	in-ing,ian-iang,ao-ou,n-l,r-l,j-q-x	1
朝思暮想	zhāo sī mù xiǎng	34916	ian-iang,ao-ou,z-zh,s-sh,j-q-x	1
知难而退	zhī nán ér tuì	34918	an-ang,z-zh,n-l	1
昂首阔步	áng shǒu kuò bù	34926	an-ang,ao-ou,ua-uo,s-sh	1
重整旗鼓	chóng zhěng qí gǔ	34937	en-eng,z-zh,c-ch,j-q-x	1
大错特错	dà cuò tè cuò	34941	ua-uo,c-ch	1
当头一棒	dāng tóu yī bàng	34944	an-ang,ao-ou	1
第一夫人	dì yī fū rén	34950	en-eng,h-f,r-l	1
短兵相接	duǎn bīng xiāng jiē	34952	in-ing,ian-iang,uan-uang,ia-ie,j-q-x	1
返老还童	fǎn lǎo huán tóng	34956	an-ang,uan-uang,ao-ou,n-l,h-f,r-l	1
改天换地	gǎi tiān huàn dì	34964	ian-iang,uan-uang,ai-ei,h-f	1
改邪归正	gǎi xié guī zhèng	34965	en-eng,ai-ei,ia-ie,z-zh,j-q-x	1
古已有之	gǔ yǐ yǒu zhī	34970	ao-ou,z-zh	1
急不可耐	jí bù kě nài	34982	ai-ei,n-l,j-q-x	1
利令智昏	lì lìng zhì hūn	35002	in-ing,z-zh,n-l,h-f,r-l	1
两败俱伤	liǎng bài jù shāng	35003	an-ang,ian-iang,ai-ei,s-sh,n-l,r-l,j-q-x	1
年轻气盛	nián qīng qì shèng	35014	en-eng,in-ing,ian-iang,s-sh,n-l,j-q-x	1
无病呻吟	wú bìng shēn yín	35035	en-eng,in-ing,s-sh	1
喜新厌旧	xǐ xīn yàn jiù	35036	in-ing,an-ang,j-q-x	1
先入为主	xiān rù wéi zhǔ	35040	ian-iang,ai-ei,z-zh,r-l,j-q-x	1
兴利除弊	xīng lì chú bì	35042	in-ing,c-ch,n-l,r-l,j-q-x	1
引经据典	yǐn jīng jù diǎn	35049	in-ing,ian-iang,j-q-x	1
镇定自若	zhèn dìng zì ruò	35057	en-eng,in-ing,ua-uo,z-zh,r-l	1
只字不提	zhī zì bù tí	35059	z-zh	1
众口一词	zhòng kǒu yī cí	35062	ao-ou,z-zh,c-ch	1
八仙过海	bā xiān guò hǎi	35072	ian-iang,ai-ei,ua-uo,h-f,j-q-x	1
彪形大汉	biāo xíng dà hàn	35076	in-ing,an-ang,h-f,j-q-x	1
大步流星	dà bù liú xīng	35102	in-ing,n-l,r-l,j-q-x	1
大有文章	dà yǒu wén zhāng	35103	en-eng,an-ang,ao-ou,z-zh	1
峰回路转	fēng huí lù zhuǎn	35115	en-eng,uan-uang,z-zh,n-l,h-f,r-l	1
含情脉脉	hán qíng mò mò	35124	in-ing,an-ang,h-f,j-q-x	1
合成纤维	hé chéng xiān wéi	35128	en-eng,ian-iang,ai-ei,c-ch,h-f,j-q-x	1
合而为一	hé ér wéi yī	35129	ai-ei,h-f	1
泾渭分明	jīng wèi fēn míng	35150	en-eng,in-ing,ai-ei,h-f,j-q-x	3
连篇累牍	lián piān lěi dú	35158	ian-iang,ai-ei,n-l,r-l	3
牛郎织女	niú láng zhī nǚ	35169	an-ang,z-zh,n-l,r-l	1
若即若离	ruò jí ruò lí	35180	ua-uo,n-l,r-l,j-q-x	1
神魂颠倒	shén hún diān dǎo	35184	en-eng,ian-iang,ao-ou,s-sh,h-f	1
凶神恶煞	xiōng shé nè shà	35207	s-sh,n-l,j-q-x	1
一衣带水	yī yī dài shuǐ	35214	ai-ei,s-sh	1
于心不忍	yú xīn bù rěn	35220	en-eng,in-ing,r-l,j-q-x	1
峥嵘岁月	zhēng róng suì yuè	35226	en-eng,z-zh,s-sh,r-l	3
不攻自破	bù gōng zì pò	35239	z-zh	1
不远千里	bù yuǎn qiān lǐ	35240	ian-iang,uan-uang,n-l,r-l,j-q-x	1
趁火打劫	chèn huǒ dǎ jié	35244	en-eng,ia-ie,ua-uo,c-ch,h-f,j-q-x	1
大风大浪	dà fēng dà làng	35252	en-eng,an-ang,n-l,h-f,r-l	1
动人心弦	dòng rén xīn xián	35259	en-eng,in-ing,ian-iang,r-l,j-q-x	1
度日如年	dù rì rú nián	35261	ian-iang,n-l,r-l	1
高人一等	gāo rén yī děng	35276	en-eng,ao-ou,r-l	1
闭门谢客	bì mén xiè kè	35283	en-eng,ia-ie,j-q-x	1
河北梆子	hé běi bāng zi	35285	an-ang,ai-ei,z-zh,h-f	1
浑浑噩噩	hún hún è è	35289	h-f	1
慷慨陈词	kāng kǎi chén cí	35297	en-eng,an-ang,ai-ei,c-ch	1
空前绝后	kōng qián jué hòu	35300	ian-iang,ao-ou,h-f,j-q-x	1
口是心非	kǒu shì xīn fēi	35302	in-ing,ai-ei,ao-ou,s-sh,h-f,j-q-x	1
屡教不改	lǚ jiào bù gǎi	35314	ai-ei,n-l,r-l,j-q-x	1
瞒天过海	mán tiān guò hǎi	35318	an-ang,ian-iang,ai-ei,ua-uo,h-f	1
内忧外患	nèi yōu wài huàn	35323	uan-uang,ai-ei,ao-ou,n-l,h-f	1
强词夺理	qiǎng cí duó lǐ	35331	ian-iang,ua-uo,c-ch,n-l,r-l,j-q-x	1
青梅竹马	qīng méi zhú mǎ	35332	in-ing,ai-ei,z-zh,j-q-x	1
人工降雨	rén gōng jiàng yǔ	35338	en-eng,ian-iang,r-l,j-q-x	1
人仰马翻	rén yǎng mǎ fān	35339	en-eng,an-ang,h-f,r-l	1
入乡随俗	rù xiāng suí sú	35344	ian-iang,s-sh,r-l,j-q-x	1
委曲求全	wěi qū qiú quán	35360	uan-uang,ai-ei,j-q-x	1
瓮声瓮气	wèng shēng wèng qì	35362	en-eng,s-sh,j-q-x	3
心急火燎	xīn jí huǒ liǎo	35370	in-ing,ua-uo,n-l,h-f,r-l,j-q-x	3
心直口快	xīn zhí kǒu kuài	35371	in-ing,ao-ou,z-zh,j-q-x	1
言之有理	yán zhī yǒu lǐ	35377	an-ang,ao-ou,z-zh,n-l,r-l	1
由表及里	yóu biǎo jí lǐ	35387	ao-ou,n-l,r-l,j-q-x	1
有备无患	yǒu bèi wú huàn	35390	uan-uang,ai-ei,ao-ou,h-f	1
越俎代庖	yuè zǔ dài páo	35392	ai-ei,ao-ou,z-zh	3
招兵买马	zhāo bīng mǎi mǎ	35397	in-ing,ai-ei,ao-ou,z-zh	1
东拼西凑	dōng pīn xī còu	35428	in-ing,ao-ou,c-ch,j-q-x	1
刚直不阿	gāng zhí bù ē	35436	an-ang,z-zh	1
果不其然	guǒ bù qí rán	35439	an-ang,ua-uo,r-l,j-q-x	1
洪水猛兽	hóng shuǐ měng shòu	35443	en-eng,ao-ou,s-sh,h-f	1
混淆视听	hùn xiáo shì tīng	35447	in-ing,s-sh,h-f,j-q-x	1
机关刊物	jī guān kān wù	35448	an-ang,uan-uang,j-q-x	1
驾轻就熟	jià qīng jiù shú	35453	in-ing,ia-ie,s-sh,j-q-x	1
坚不可摧	jiān bù kě cuī	35454	ian-iang,c-ch,j-q-x	1
箭在弦上	jiàn zài xián shàng	35456	an-ang,ian-iang,ai-ei,z-zh,s-sh,j-q-x	1
匠心独运	jiàng xīn dú yùn	35457	in-ing,ian-iang,j-q-x	1
举棋不定	jǔ qí bù dìng	35461	in-ing,j-q-x	1
忙里偷闲	máng lǐ tōu xián	35479	an-ang,ian-iang,ao-ou,n-l,r-l,j-q-x	1
名优产品	míng yōu chǎn pǐn	35482	in-ing,an-ang,ao-ou,c-ch	1
目空一切	mù kōng yī qiè	35484	ia-ie,j-q-x	1
你来我往	nǐ lái wǒ wǎng	35485	an-ang,ai-ei,n-l,r-l	1
人杰地灵	rén jié dì líng	35491	en-eng,in-ing,ia-ie,n-l,r-l,j-q-x	1
所向无敌	suǒ xiàng wú dí	35501	ian-iang,ua-uo,s-sh,j-q-x	1
万物之灵	wàn wù zhī líng	35509	in-ing,an-ang,z-zh,n-l,r-l	1
细枝末节	xì zhī mò jié	35512	ia-ie,z-zh,j-q-x	1
乡巴佬儿	xiāng ba lǎo er	35514	ian-iang,ao-ou,n-l,r-l,j-q-x	3
一头雾水	yī tóu wù shuǐ	35520	ao-ou,s-sh	1
一走了之	yī zǒu liǎo zhī	35521	ao-ou,z-zh,n-l,r-l	1
自然经济	zì rán jīng jì	35536	in-ing,an-ang,z-zh,r-l,j-q-x	1
撑竿跳高	chēng gān tiào gāo	35545	en-eng,an-ang,ao-ou,c-ch	1
呆若木鸡	dāi ruò mù jī	35548	ai-ei,ua-uo,r-l,j-q-x	1
道貌岸然	dào mào àn rán	35550	an-ang,ao-ou,r-l	1
功德无量	gōng dé wú liàng	35561	ian-iang,n-l,r-l	1
孤儿寡母	gū ér guǎ mǔ	35563	ua-uo	1
喝西北风	hē xī běi fēng	35567	en-eng,ai-ei,h-f,j-q-x	1
将计就计	jiāng jì jiù jì	35572	ian-iang,j-q-x	1
节衣缩食	jié yī suō shí	35574	ia-ie,ua-uo,s-sh,j-q-x	1
老生常谈	lǎo shēng cháng tán	35586	en-eng,an-ang,ao-ou,c-ch,s-sh,n-l,r-l	1
博览群书	bó lǎn qún shū	35592	an-ang,s-sh,n-l,r-l,j-q-x	1
劈头盖脸	pī tóu gài liǎn	35597	ian-iang,ai-ei,ao-ou,n-l,r-l	1
切肤之痛	qiè fū zhī tòng	35599	ia-ie,z-zh,h-f,j-q-x	1
束手就擒	shù shǒu jiù qín	35609	in-ing,ao-ou,s-sh,j-q-x	1
双喜临门	shuāng xǐ lín mén	35611	en-eng,in-ing,uan-uang,s-sh,n-l,r-l,j-q-x	1
探亲访友	tàn qīn fǎng yǒu	35617	in-ing,an-ang,ao-ou,h-f,j-q-x	1
天女散花	tiān nǚ sàn huā	35619	an-ang,ian-iang,ua-uo,s-sh,n-l,h-f	1
天之骄子	tiān zhī jiāo zǐ	35620	ian-iang,z-zh,j-q-x	1
微观世界	wēi guān shì jiè	35624	uan-uang,ai-ei,ia-ie,s-sh,j-q-x	1
五谷丰登	wǔ gǔ fēng dēng	35628	en-eng,h-f	1
心乱如麻	xīn luàn rú má	35640	in-ing,uan-uang,n-l,r-l,j-q-x	1
行政拘留	xíng zhèng jū liú	35643	en-eng,in-ing,z-zh,n-l,r-l,j-q-x	1
言归正传	yán guī zhèng zhuàn	35648	en-eng,an-ang,uan-uang,z-zh	1
一丁点儿	yī dīng diǎn er	35649	in-ing,ian-iang	1
一举成名	yī jǔ chéng míng	35650	en-eng,in-ing,c-ch,j-q-x	1
隐姓埋名	yǐn xìng mái míng	35654	in-ing,ai-ei,j-q-x	1
英姿飒爽	yīng zī sà shuǎng	35655	in-ing,uan-uang,z-zh,s-sh	3
在劫难逃	zài jié nán táo	35658	an-ang,ai-ei,ao-ou,ia-ie,z-zh,n-l,j-q-x	1
招摇撞骗	zhāo yáo zhuàng piàn	35660	ian-iang,uan-uang,ao-ou,z-zh	1
炙手可热	zhì shǒu kě rè	35664	ao-ou,z-zh,s-sh,r-l	3
变化无常	biàn huà wú cháng	35677	an-ang,ian-iang,ua-uo,c-ch,h-f	1
兵戎相见	bīng róng xiāng jiàn	35680	in-ing,ian-iang,r-l,j-q-x	1
唇齿相依	chún chǐ xiāng yī	35691	ian-iang,c-ch,j-q-x	1
斗转星移	dǒu zhuǎn xīng yí	35696	in-ing,uan-uang,ao-ou,z-zh,j-q-x	1
多如牛毛	duō rú niú máo	35699	ao-ou,ua-uo,n-l,r-l	1
飞禽走兽	fēi qín zǒu shòu	35704	in-ing,ai-ei,ao-ou,z-zh,s-sh,h-f,j-q-x	1
分庭抗礼	fēn tíng kàng lǐ	35706	en-eng,in-ing,an-ang,n-l,h-f,r-l	1
负隅顽抗	fù yú wán kàng	35710	an-ang,h-f	1
广开言路	guǎng kāi yán lù	35716	an-ang,uan-uang,ai-ei,n-l,r-l	1
鸿篇巨制	hóng piān jù zhì	35721	ian-iang,z-zh,h-f,j-q-x	1
皇亲国戚	huáng qīn guó qī	35725	in-ing,uan-uang,ua-uo,h-f,j-q-x	1
极乐世界	jí lè shì jiè	35728	ia-ie,s-sh,n-l,r-l,j-q-x	1
集体婚礼	jí tǐ hūn lǐ	35730	n-l,h-f,r-l,j-q-x	1
酒足饭饱	jiǔ zú fàn bǎo	35736	an-ang,ao-ou,z-zh,h-f,j-q-x	1
救亡图存	jiù wáng tú cún	35737	an-ang,c-ch,j-q-x	1
里应外合	lǐ yìng wài hé	35749	in-ing,ai-ei,n-l,h-f,r-l	1
没话找话	méi huà zhǎo huà	35755	ai-ei,ao-ou,ua-uo,z-zh,h-f	1
迷途知返	mí tú zhī fǎn	35758	an-ang,z-zh,h-f	1
密密层层	mì mi céng céng	35759	en-eng,c-ch	1
三级跳远	sān jí tiào yuǎn	35772	an-ang,uan-uang,s-sh,j-q-x	1
丧权辱国	sàng quán rǔ guó	35774	an-ang,uan-uang,ua-uo,s-sh,r-l,j-q-x	1
树碑立传	shù bēi lì zhuàn	35784	uan-uang,ai-ei,z-zh,s-sh,n-l,r-l	1
体贴入微	tǐ tiē rù wēi	35790	ai-ei,ia-ie,r-l	1
体无完肤	tǐ wú wán fū	35791	an-ang,h-f	1
唯我独尊	wéi wǒ dú zūn	35797	ai-ei,z-zh	1
应用科学	yìng yòng kē xué	35810	in-ing,j-q-x	1
张冠李戴	zhāng guān lǐ dài	35817	an-ang,uan-uang,ai-ei,z-zh,n-l,r-l	1
百战百胜	bǎi zhàn bǎi shèng	35832	en-eng,an-ang,ai-ei,z-zh,s-sh	1
不识时务	bù shí shí wù	35835	s-sh	1
吃吃喝喝	chī chī hē hē	35838	c-ch,h-f	1
大包干儿	dà bāo gān er	35843	an-ang,ao-ou	1
大吵大闹	dà chǎo dàn ào	35844	an-ang,ao-ou,c-ch	1
独具慧眼	dú jù huì yǎn	35856	an-ang,h-f,j-q-x	1
风吹日晒	fēng chuī rì shài	35862	en-eng,ai-ei,c-ch,s-sh,h-f,r-l	1
付诸东流	fù zhū dōng liú	35865	z-zh,n-l,h-f,r-l	1
黑白电视	hēi bái diàn shì	35870	ian-iang,ai-ei,s-sh,h-f	1
简而言之	jiǎn ér yán zhī	35881	an-ang,ian-iang,z-zh,j-q-x	1
举世无双	jǔ shì wú shuāng	35885	uan-uang,s-sh,j-q-x	1
老态龙钟	lǎo tài lóng zhōng	35889	ai-ei,ao-ou,z-zh,n-l,r-l	1
乐不可支	lè bù kě zhī	35890	z-zh,n-l,r-l	1
玲珑剔透	líng lóng tī tòu	35894	in-ing,ao-ou,n-l,r-l	3
没日没夜	méi rì méi yè	35902	ai-ei,r-l	1
破涕为笑	pò tì wéi xiào	35911	ai-ei,j-q-x	1
牵强附会	qiān qiǎng fù huì	35914	ian-iang,h-f,j-q-x	1
喷薄而出	pēn bó ér chū	35915	en-eng,c-ch	1
晴空万里	qíng kōng wàn lǐ	35920	in-ing,an-ang,n-l,r-l,j-q-x	1
日理万机	rì lǐ wàn jī	35924	an-ang,n-l,r-l,j-q-x	1
杀气腾腾	shā qì téng téng	35927	en-eng,s-sh,j-q-x	1
善罢甘休	shàn bà gān xiū	35928	an-ang,s-sh,j-q-x	1
十二指肠	shí èr zhǐ cháng	35933	an-ang,z-zh,c-ch,s-sh	1
天长地久	tiān cháng dì jiǔ	35939	an-ang,ian-iang,c-ch,j-q-x	1
退避三舍	tuì bì sān shè	35943	an-ang,s-sh	1
为期不远	wéi qī bù yuǎn	35945	uan-uang,ai-ei,j-q-x	1
刑事法庭	xíng shì fǎ tíng	35952	in-ing,s-sh,h-f,j-q-x	1
腰缠万贯	yāo chán wàn guàn	35961	an-ang,uan-uang,ao-ou,c-ch	1
移花接木	yí huā jiē mù	35962	ia-ie,ua-uo,h-f,j-q-x	1
与世无争	yǔ shì wú zhēng	35967	en-eng,z-zh,s-sh	1
照本宣科	zhào běn xuān kē	35973	en-eng,uan-uang,ao-ou,z-zh,j-q-x	1
筑巢引凤	zhù cháo yǐn fèng	35978	en-eng,in-ing,ao-ou,z-zh,c-ch,h-f	1
不惑之年	bù huò zhī nián	35988	ian-iang,ua-uo,z-zh,n-l,h-f	1
春华秋实	chūn huá qiū shí	35993	ua-uo,c-ch,s-sh,h-f,j-q-x	1
知恩图报	zhī ēn tú bào	35999	en-eng,ao-ou,z-zh	1
观音菩萨	guān yīn pú sà	36017	in-ing,uan-uang,s-sh	1
鹤立鸡群	hè lì jī qún	36023	n-l,h-f,r-l,j-q-x	1
话里有话	huà li yǒu huà	36026	ao-ou,ua-uo,n-l,h-f,r-l	1
假日经济	jià rì jīng jì	36034	in-ing,ia-ie,r-l,j-q-x	1
惊弓之鸟	jīng gōng zhī niǎo	36038	in-ing,z-zh,n-l,j-q-x	1
屡禁不绝	lǚ jìn bù jué	36051	in-ing,n-l,r-l,j-q-x	1
泡沫塑料	pào mò sù liào	36058	ao-ou,s-sh,n-l,r-l	1
旗鼓相当	qí gǔ xiāng dāng	36067	an-ang,ian-iang,j-q-x	1
温情脉脉	wēn qíng mò mò	36086	en-eng,in-ing,j-q-x	1
误人子弟	wù rén zǐ dì	36089	en-eng,z-zh,r-l	1
信手拈来	xìn shǒu niān lái	36097	in-ing,ian-iang,ai-ei,ao-ou,s-sh,n-l,r-l,j-q-x	3
寻欢作乐	xún huān zuò lè	36100	uan-uang,ua-uo,z-zh,n-l,h-f,r-l,j-q-x	1
养尊处优	yǎng zūn chǔ yōu	36106	an-ang,ao-ou,z-zh,c-ch	1
一哄而散	yī hòng ér sàn	36110	an-ang,s-sh,h-f	1
以暴易暴	yǐ bào yì bào	36112	ao-ou	1
因噎废食	yīn yē fèi shí	36116	in-ing,ai-ei,s-sh,h-f	3
左右逢源	zuǒ yòu féng yuán	36136	en-eng,uan-uang,ao-ou,ua-uo,z-zh,h-f	1
病入膏肓	bìng rù gāo huāng	36144	in-ing,uan-uang,ao-ou,h-f,r-l	3
惨绝人寰	cǎn jué rén huán	36145	en-eng,an-ang,uan-uang,c-ch,h-f,r-l,j-q-x	3
对簿公堂	duì bù gōng táng	36159	an-ang	1
高深莫测	gāo shēn mò cè	36173	en-eng,ao-ou,c-ch,s-sh	1
鬼斧神工	guǐ fǔ shén gōng	36174	en-eng,s-sh,h-f	1
滥竽充数	làn yú chōng shù	36196	an-ang,c-ch,s-sh,n-l,r-l	3
冷眼旁观	lěng yǎn páng guān	36197	en-eng,an-ang,uan-uang,n-l,r-l	1
理所应当	lǐ suǒ yīng dāng	36198	in-ing,an-ang,ua-uo,s-sh,n-l,r-l	1
龙腾虎跃	lóng téng hǔ yuè	36201	en-eng,n-l,h-f,r-l	1
名不副实	míng bù fù shí	36206	in-ing,s-sh,h-f	1
跑冒滴漏	pǎo mào dī lòu	36215	ao-ou,n-l,r-l	1
神清气爽	shén qīng qì shuǎng	36231	en-eng,in-ing,uan-uang,s-sh,j-q-x	1
始作俑者	shǐ zuò yǒng zhě	36234	ua-uo,z-zh,s-sh	3
微服私访	wēi fú sī fǎng	36240	an-ang,ai-ei,s-sh,h-f	1
先见之明	xiān jiàn zhī míng	36248	in-ing,ian-iang,z-zh,j-q-x	1
象形文字	xiàng xíng wén zì	36251	en-eng,in-ing,ian-iang,z-zh,j-q-x	1
虚怀若谷	xū huái ruò gǔ	36257	ua-uo,h-f,r-l,j-q-x	1
血肉横飞	xuè ròu héng fēi	36260	en-eng,ai-ei,ao-ou,h-f,r-l,j-q-x	1
有生力量	yǒu shēng lì liàng	36267	en-eng,ian-iang,ao-ou,s-sh,n-l,r-l	1
玉皇大帝	yù huáng dà dì	36268	uan-uang,h-f	1
争强好胜	zhēng qiáng hào shèng	36274	en-eng,ian-iang,ao-ou,z-zh,s-sh,h-f,j-q-x	1
忠贞不渝	zhōng zhēn bù yú	36278	en-eng,z-zh	1
专制主义	zhuān zhì zhǔ yì	36281	uan-uang,z-zh	1
自成体系	zì chéng tǐ xì	36285	en-eng,z-zh,c-ch,j-q-x	1
黯然神伤	àn rán shén shāng	36290	en-eng,an-ang,s-sh,r-l	1
北京猿人	běi jīng yuán rén	36294	en-eng,in-ing,uan-uang,ai-ei,r-l,j-q-x	1
不痛不痒	bù tòng bù yǎng	36296	an-ang	1
不学无术	bù xué wú shù	36297	s-sh,j-q-x	1
穿针引线	chuān zhēn yǐn xiàn	36308	en-eng,in-ing,ian-iang,uan-uang,z-zh,c-ch,j-q-x	1
绰绰有余	chuò chuò yǒu yú	36310	ao-ou,ua-uo,c-ch	1
打退堂鼓	dǎ tuì táng gǔ	36312	an-ang	1
呆头呆脑	dāi tóu dāi nǎo	36314	ai-ei,ao-ou,n-l	1
孤军奋战	gū jūn fèn zhàn	36332	en-eng,an-ang,z-zh,h-f,j-q-x	1
过眼烟云	guò yǎn yān yún	36339	an-ang,ua-uo	1
孑然一身	jié rán yī shēn	36346	en-eng,an-ang,ia-ie,s-sh,r-l,j-q-x	3
老当益壮	lǎo dāng yì zhuàng	36356	an-ang,uan-uang,ao-ou,z-zh,n-l,r-l	1
老气横秋	lǎo qì héng qiū	36358	en-eng,ao-ou,n-l,h-f,r-l,j-q-x	1
满城风雨	mǎn chéng fēng yǔ	36365	en-eng,an-ang,c-ch,h-f	1
茅塞顿开	máo sè dùn kāi	36366	ai-ei,ao-ou,s-sh	1
气宇轩昂	qì yǔ xuān áng	36373	an-ang,uan-uang,j-q-x	1
甚嚣尘上	shèn xiāo chén shàng	36386	en-eng,an-ang,c-ch,s-sh,j-q-x	1
随行就市	suí háng jiù shì	36395	an-ang,s-sh,h-f,j-q-x	1
涂脂抹粉	tú zhī mǒ fěn	36405	en-eng,z-zh,h-f	1
万人空巷	wàn rén kōng xiàng	36407	en-eng,an-ang,ian-iang,r-l,j-q-x	1
无休无止	wú xiū wú zhǐ	36410	z-zh,j-q-x	1
心灰意懒	xīn huī yì lǎn	36415	in-ing,an-ang,n-l,h-f,r-l,j-q-x	1
摇旗呐喊	yáo qí nà hǎn	36424	an-ang,ao-ou,n-l,h-f,j-q-x	1
鱼目混珠	yú mù hùn zhū	36432	z-zh,h-f	1
真凭实据	zhēn píng shí jù	36439	en-eng,in-ing,z-zh,s-sh,j-q-x	1
自投罗网	zì tóu luó wǎng	36448	an-ang,ao-ou,ua-uo,z-zh,n-l,r-l	1
自由职业	zì yóu zhí yè	36449	ao-ou,z-zh	1
不劳而获	bù láo ér huò	36457	ao-ou,ua-uo,n-l,h-f,r-l	1
大敌当前	dà dí dāng qián	36467	an-ang,ian-iang,j-q-x	1
大放异彩	dà fàng yì cǎi	36468	an-ang,ai-ei,c-ch,h-f	1
第一人称	dì yī rén chēng	36473	en-eng,c-ch,r-l	1
风行一时	fēng xíng yī shī	36487	en-eng,in-ing,s-sh,h-f,j-q-x	1
荒诞不经	huāng dàn bù jīng	36509	in-ing,an-ang,uan-uang,h-f,j-q-x	1
丢人现眼	diū rén xiàn yǎn	36510	en-eng,an-ang,ian-iang,r-l,j-q-x	1
家长里短	jiā cháng lǐ duǎn	36513	an-ang,uan-uang,ia-ie,c-ch,n-l,r-l,j-q-x	1
快马加鞭	kuài mǎ jiā biān	36524	ian-iang,ia-ie,j-q-x	1
岿然不动	kuī rán bù dòng	36525	an-ang,r-l	3
老谋深算	lǎo móu shēn suàn	36527	en-eng,uan-uang,ao-ou,s-sh,n-l,r-l	1
龙凤呈祥	lóng fèng chéng xiáng	36532	en-eng,ian-iang,c-ch,n-l,h-f,r-l,j-q-x	1
人工呼吸	rén gōng hū xī	36552	en-eng,h-f,r-l,j-q-x	1
深明大义	shēn míng dà yì	36557	en-eng,in-ing,s-sh	1
糖衣炮弹	táng yī pào dàn	36566	an-ang,ao-ou	1
腾云驾雾	téng yún jià wù	36569	en-eng,ia-ie,j-q-x	1
天马行空	tiān mǎ xíng kōng	36571	in-ing,ian-iang,j-q-x	1
偷梁换柱	tōu liáng huàn zhù	36574	ian-iang,uan-uang,ao-ou,z-zh,n-l,h-f,r-l	1
头昏眼花	tóu hūn yǎn huā	36575	an-ang,ao-ou,ua-uo,h-f	1
万象更新	wàn xiàng gēng xīn	36579	en-eng,in-ing,an-ang,ian-iang,j-q-x	1
妄自菲薄	wàng zì fěi bó	36580	an-ang,ai-ei,z-zh,h-f	1
一病不起	yī bìng bù qǐ	36588	in-ing,j-q-x	1
一股脑儿	yī gǔ nǎo er	36589	ao-ou,n-l	1
一挥而就	yī huī ér jiù	36590	h-f,j-q-x	1
迎头痛击	yíng tóu tòng jī	36593	in-ing,ao-ou,j-q-x	1
掌上明珠	zhǎng shàng míng zhū	36604	in-ing,an-ang,z-zh,s-sh	1
转弯抹角	zhuǎn wān mò jiǎo	36610	an-ang,uan-uang,z-zh,j-q-x	1
罪有应得	zuì yǒu yīng dé	36612	in-ing,ao-ou,z-zh	1
不可终日	bù kě zhōng rì	36626	z-zh,r-l	1
第一把手	dì yī bǎ shǒu	36642	ao-ou,s-sh	1
电化教育	diàn huà jiào yù	36643	ian-iang,ua-uo,h-f,j-q-x	1
各取所需	gè qǔ suǒ xū	36656	ua-uo,s-sh,j-q-x	1
各执一词	gè zhí yī cí	36657	z-zh,c-ch	1
魂飞魄散	hún fēi pò sàn	36670	an-ang,ai-ei,s-sh,h-f	1
狼狈为奸	láng bèi wéi jiān	36683	an-ang,ian-iang,ai-ei,n-l,r-l,j-q-x	1
卖方市场	mài fāng shì chǎng	36694	an-ang,ai-ei,c-ch,s-sh,h-f	1
冒名顶替	mào míng dǐng tì	36696	in-ing,ao-ou	1
缩手缩脚	suō shǒu suō jiǎo	36731	ao-ou,ua-uo,s-sh,j-q-x	1
贪生怕死	tān shēng pà sǐ	36732	en-eng,an-ang,s-sh	1
无利可图	wú lì kě tú	36737	n-l,r-l	1
雄才大略	xióng cái dà lüè	36748	ai-ei,c-ch,n-l,r-l,j-q-x	1
烟熏火燎	yān xūn huǒ liǎo	36751	an-ang,ua-uo,n-l,h-f,r-l,j-q-x	3
郁郁寡欢	yù yù guǎ huān	36763	uan-uang,ua-uo,h-f	1
珠联璧合	zhū lián bì hé	36776	ian-iang,z-zh,n-l,h-f,r-l	1
坐吃山空	zuò chī shān kōng	36781	an-ang,ua-uo,z-zh,c-ch,s-sh	1
鞭长莫及	biān cháng mò jí	36784	an-ang,ian-iang,c-ch,j-q-x	1
不值一提	bù zhí yī tí	36786	z-zh	1
寸步不离	cùn bù bù lí	36790	c-ch,n-l,r-l	1
大动干戈	dà dòng gāng ē	36792	an-ang	1
凡夫俗子	fán fū sú zǐ	36802	an-ang,z-zh,s-sh,h-f	1
刚愎自用	gāng bì zì yòng	36808	an-ang,z-zh	3
孤掌难鸣	gū zhǎng nán míng	36814	in-ing,an-ang,z-zh,n-l	1
核糖核酸	hé táng hé suān	36824	an-ang,uan-uang,s-sh,h-f	1
激光照排	jī guāng zhào pái	36830	uan-uang,ai-ei,ao-ou,z-zh,j-q-x	1
假公济私	jiǎ gōng jì sī	36831	ia-ie,s-sh,j-q-x	1
竭泽而渔	jié zé ér yú	36834	ia-ie,z-zh,j-q-x	1
风流人物	fēng liú rén wù	36840	en-eng,n-l,h-f,r-l	1
劳务市场	láo wù shì chǎng	36844	an-ang,ao-ou,c-ch,s-sh,n-l,r-l	1
力争上游	lì zhēng shàng yóu	36846	en-eng,an-ang,ao-ou,z-zh,s-sh,n-l,r-l	1
明争暗斗	míng zhēng àn dòu	36855	en-eng,in-ing,an-ang,ao-ou,z-zh	1
目不斜视	mù bù xié shì	36857	ia-ie,s-sh,j-q-x	1
旁敲侧击	páng qiāo cè jī	36865	an-ang,c-ch,j-q-x	1
七情六欲	qī qíng liù yù	36869	in-ing,n-l,r-l,j-q-x	1
欺世盗名	qī shì dào míng	36870	in-ing,ao-ou,s-sh,j-q-x	1
气壮山河	qì zhuàng shān hé	36872	an-ang,uan-uang,z-zh,s-sh,h-f,j-q-x	1
如法炮制	rú fǎ páo zhì	36886	ao-ou,z-zh,h-f,r-l	1
十二生肖	shí èr shēng xiào	36890	en-eng,s-sh,j-q-x	1
时来运转	shí lái yùn zhuǎn	36891	uan-uang,ai-ei,z-zh,s-sh,n-l,r-l	1
四平八稳	sì píng bā wěn	36896	en-eng,in-ing,s-sh	1
添油加醋	tiān yóu jiā cù	36898	ian-iang,ao-ou,ia-ie,c-ch,j-q-x	1
下巴颏儿	xià ba kē er	36907	ia-ie,j-q-x	3
小家子气	xiǎo jiā zi qì	36908	ia-ie,z-zh,j-q-x	1
心力交瘁	xīn lì jiāo cuì	36910	in-ing,c-ch,n-l,r-l,j-q-x	3
心如刀绞	xīn rú dāo jiǎo	36912	in-ing,ao-ou,r-l,j-q-x	1
一炮打响	yī pào dǎ xiǎng	36918	ian-iang,ao-ou,j-q-x	1
一泻千里	yī xiè qiān lǐ	36919	ian-iang,ia-ie,n-l,r-l,j-q-x	1
依依惜别	yī yī xī bié	36920	ia-ie,j-q-x	1
以讹传讹	yǐ é chuán é	36922	uan-uang,c-ch	1
义正词严	yì zhèng cí yán	36923	en-eng,an-ang,z-zh,c-ch	1
正本清源	zhèng běn qīng yuán	36933	en-eng,in-ing,uan-uang,z-zh,j-q-x	1
自选动作	zì xuǎn dòng zuò	36938	uan-uang,ua-uo,z-zh,j-q-x	1
纵横捭阖	zòng héng bǎi hé	36939	en-eng,ai-ei,z-zh,h-f	3
白马王子	bái mǎ wáng zǐ	36947	an-ang,ai-ei,z-zh	1
白头偕老	bái tóu xié lǎo	36948	ai-ei,ao-ou,ia-ie,n-l,r-l,j-q-x	3
宾至如归	bīn zhì rú guī	36953	in-ing,z-zh,r-l	1
察言观色	chá yán guān sè	36957	an-ang,uan-uang,c-ch,s-sh	1
大义灭亲	dà yì miè qīn	36967	in-ing,ia-ie,j-q-x	1
非此即彼	fēi cǐ jí bǐ	36978	ai-ei,c-ch,h-f,j-q-x	1
扶正祛邪	fú zhèng qū xié	36980	en-eng,ia-ie,z-zh,h-f,j-q-x	3
寒冬腊月	hán dōng là yuè	36989	an-ang,n-l,h-f,r-l	1
撼人心魄	hàn rén xīn pò	36990	en-eng,in-ing,an-ang,h-f,r-l,j-q-x	1
欢蹦乱跳	huān bèng luàn tiào	36997	en-eng,uan-uang,n-l,h-f,r-l	1
黄花闺女	huáng huā guī nü	36999	uan-uang,ua-uo,n-l,h-f	1
另当别论	lìng dāng bié lùn	37022	in-ing,an-ang,ia-ie,n-l,r-l	1
名落孙山	míng luò sūn shān	37027	in-ing,an-ang,ua-uo,s-sh,n-l,r-l	1
逆流而上	nì liú ér shàng	37030	an-ang,s-sh,n-l,r-l	1
穷途末路	qióng tú mò lù	37042	n-l,r-l,j-q-x	1
善男信女	shàn nán xìn nǚ	37051	in-ing,an-ang,s-sh,n-l,j-q-x	1
生灵涂炭	shēng líng tú tàn	37055	en-eng,in-ing,an-ang,s-sh,n-l,r-l	1
声名鹊起	shēng míng què qǐ	37056	en-eng,in-ing,s-sh,j-q-x	1
四面楚歌	sì miàn chǔ gē	37062	ian-iang,c-ch,s-sh	1
天府之国	tiān fǔ zhī guó	37066	ian-iang,ua-uo,z-zh,h-f	1
虚无缥缈	xū wú piāo miǎo	37082	j-q-x	3
一命呜呼	yī mìng wū hū	37091	in-ing,h-f	1
直来直去	zhí lái zhí qù	37106	ai-ei,z-zh,n-l,r-l,j-q-x	1
中西合璧	zhōng xī hé bì	37109	z-zh,h-f,j-q-x	1
坐享其成	zuò xiǎng qí chéng	37116	en-eng,ian-iang,ua-uo,z-zh,c-ch,j-q-x	1
鼻子眼儿	bí zi yǎn er	37128	an-ang,z-zh	1
并行不悖	bìng xíng bù bèi	37130	in-ing,ai-ei,j-q-x	1
春寒料峭	chūn hán liào qiào	37142	an-ang,c-ch,n-l,h-f,r-l,j-q-x	1
答非所问	dá fēi suǒ wèn	37143	en-eng,ai-ei,ua-uo,s-sh,h-f	1
大难临头	dà nàn lín tóu	37144	in-ing,an-ang,ao-ou,n-l,r-l	1
颠沛流离	diān pèi liú lí	37150	ian-iang,ai-ei,n-l,r-l	1
风云突变	fēng yún tū biàn	37158	en-eng,ian-iang,h-f	1
光宗耀祖	guāng zōng yào zǔ	37166	uan-uang,ao-ou,z-zh	1
恨之入骨	hèn zhī rù gǔ	37170	en-eng,z-zh,h-f,r-l	1
魂不附体	hún bù fù tǐ	37175	h-f	1
吉祥如意	jí xiáng rú yì	37178	ian-iang,r-l,j-q-x	1
劳逸结合	láo yì jié hé	37191	ao-ou,ia-ie,n-l,h-f,r-l,j-q-x	1
流言蜚语	liú yán fēi yǔ	37196	an-ang,ai-ei,n-l,h-f,r-l	3
楼堂馆所	lóu táng guǎn suǒ	37198	an-ang,uan-uang,ao-ou,ua-uo,s-sh,n-l,r-l	1
怒发冲冠	nù fà chōng guān	37211	uan-uang,c-ch,n-l,h-f	1
惹是生非	rě shì shēng fēi	37227	en-eng,ai-ei,s-sh,h-f,r-l	1
人工流产	rén gōng liú chǎn	37228	en-eng,an-ang,c-ch,n-l,r-l	1
头重脚轻	tóu zhòng jiǎo qīng	37248	in-ing,ao-ou,z-zh,j-q-x	1
文人相轻	wén rén xiāng qīng	37253	en-eng,in-ing,ian-iang,r-l,j-q-x	1
无情无义	wú qíng wú yì	37254	in-ing,j-q-x	1
心驰神往	xīn chí shén wǎng	37264	en-eng,in-ing,an-ang,c-ch,s-sh,j-q-x	1
衣锦还乡	yī jǐn huán xiāng	37272	in-ing,ian-iang,uan-uang,h-f,j-q-x	1
以诚相待	yǐ chéng xiāng dài	37275	en-eng,ian-iang,ai-ei,c-ch,j-q-x	1
营私舞弊	yíng sī wǔ bì	37280	in-ing,s-sh	1
有两下子	yǒu liǎng xià zi	37281	ian-iang,ao-ou,ia-ie,z-zh,n-l,r-l,j-q-x	1
杂七杂八	zá qī zá bā	37286	z-zh,j-q-x	1
串通一气	chuàn tōng yī qì	37308	uan-uang,c-ch,j-q-x	1
大煞风景	dà shā fēng jǐng	37314	en-eng,in-ing,s-sh,h-f,j-q-x	1
颠三倒四	diān sān dǎo sì	37321	an-ang,ian-iang,ao-ou,s-sh	1
刚柔相济	gāng róu xiāng jì	37331	an-ang,ian-iang,ao-ou,r-l,j-q-x	1
高锰酸钾	gāo měng suān jiǎ	37332	en-eng,uan-uang,ao-ou,ia-ie,s-sh,j-q-x	1
根深叶茂	gēn shēn yè mào	37336	en-eng,ao-ou,s-sh	1
故步自封	gù bù zì fēng	37339	en-eng,z-zh,h-f	1
厚此薄彼	hòu cǐ bó bǐ	37342	ao-ou,c-ch,h-f	1
回光返照	huí guāng fǎn zhào	37344	an-ang,uan-uang,ao-ou,z-zh,h-f	1
火树银花	huǒ shù yín huā	37347	in-ing,ua-uo,s-sh,h-f	1
矫枉过正	jiǎo wǎng guò zhèng	37354	en-eng,an-ang,ua-uo,z-zh,j-q-x	1
居心叵测	jū xīn pǒ cè	37359	in-ing,c-ch,j-q-x	3
量入为出	liàng rù wéi chū	37366	ian-iang,ai-ei,c-ch,n-l,r-l	1
名闻遐迩	míng wén xiá ěr	37376	en-eng,in-ing,ia-ie,j-q-x	3
囊中羞涩	náng zhōng xiū sè	37378	an-ang,z-zh,s-sh,n-l,j-q-x	1
卿卿我我	qīng qīng wǒ wǒ	37391	in-ing,j-q-x	1
日久天长	rì jiǔ tiān cháng	37394	an-ang,ian-iang,c-ch,r-l,j-q-x	1
说长道短	shuō cháng dào duǎn	37410	an-ang,uan-uang,ao-ou,ua-uo,c-ch,s-sh	1
说一不二	shuō yī bù èr	37412	ua-uo,s-sh	1
贪污腐化	tān wū fǔ huà	37414	an-ang,ua-uo,h-f	1
停薪留职	tíng xīn liú zhí	37417	in-ing,z-zh,n-l,r-l,j-q-x	1
亡命之徒	wáng mìng zhī tú	37424	in-ing,an-ang,z-zh	1
无所不知	wú suǒ bù zhī	37426	ua-uo,z-zh,s-sh	1
嬉皮笑脸	xī pí xiào liǎn	37429	ian-iang,n-l,r-l,j-q-x	3
下不了台	xià bu liǎo tái	37430	ai-ei,ia-ie,n-l,r-l,j-q-x	1
压倒多数	yā dǎo duō shù	37439	ao-ou,ua-uo,s-sh	1
夜郎自大	yè láng zì dà	37443	an-ang,z-zh,n-l,r-l	1
一路顺风	yī lù shùn fēng	37444	en-eng,s-sh,n-l,h-f,r-l	1
志士仁人	zhì shì rén rén	37460	en-eng,z-zh,s-sh,r-l	1
置于死地	zhì yú sǐ dì	37462	z-zh,s-sh	1
珠光宝气	zhū guāng bǎo qì	37464	uan-uang,ao-ou,z-zh,j-q-x	1
自动步枪	zì dòng bù qiāng	37465	ian-iang,z-zh,j-q-x	1
自命不凡	zì mìng bù fán	37466	in-ing,an-ang,z-zh,h-f	1
吹吹打打	chuī chuī dǎ dǎ	37495	c-ch	1
吹灰之力	chuī huī zhī lì	37496	z-zh,c-ch,n-l,h-f,r-l	1
大红大紫	dà hóng dà zǐ	37501	z-zh,h-f	1
独具匠心	dú jù jiàng xīn	37509	in-ing,ian-iang,j-q-x	1
干脆利落	gān cuì lì luò	37521	an-ang,ua-uo,c-ch,n-l,r-l	1
感恩戴德	gǎn ēn dài dé	37522	en-eng,an-ang,ai-ei	1
隔靴搔痒	gé xuē sāo yǎng	37527	an-ang,ao-ou,s-sh,j-q-x	1
斜风细雨	xié fēng xì yǔ	37536	en-eng,ia-ie,h-f,j-q-x	1
虎头蛇尾	hǔ tóu shé wěi	37542	ai-ei,ao-ou,s-sh,h-f	1
灰飞烟灭	huī fēi yān miè	37544	an-ang,ai-ei,ia-ie,h-f	1
奖优罚劣	jiǎng yōu fá liè	37550	ian-iang,ao-ou,ia-ie,n-l,h-f,r-l,j-q-x	1
力排众议	lì pái zhòng yì	37561	ai-ei,z-zh,n-l,r-l	1
两用人才	liǎng yòng rén cái	37563	en-eng,ian-iang,ai-ei,c-ch,n-l,r-l	1
面如土色	miàn rú tǔ sè	37566	ian-iang,s-sh,r-l	1
名特优新	míng tè yōu xīn	37571	in-ing,ao-ou,j-q-x	1
冥思苦想	míng sī kǔ xiǎng	37572	in-ing,ian-iang,s-sh,j-q-x	1
拍案叫绝	pāi àn jiào jué	37578	an-ang,ai-ei,j-q-x	1
如影随形	rú yǐng suí xíng	37592	in-ing,s-sh,r-l,j-q-x	1
杀身之祸	shā shēn zhī huò	37594	en-eng,ua-uo,z-zh,s-sh,h-f	1
少年法庭	shào nián fǎ tíng	37597	in-ing,ian-iang,ao-ou,s-sh,n-l,h-f	1
盛情难却	shèng qíng nán què	37599	en-eng,in-ing,an-ang,s-sh,n-l,j-q-x	1
事过境迁	shì guò jìng qiān	37603	in-ing,ian-iang,ua-uo,s-sh,j-q-x	1
殊途同归	shū tú tóng guī	37606	s-sh	1
松松垮垮	sōng sōng kuǎ kuǎ	37608	ua-uo,s-sh	1
泰然自若	tài rán zì ruò	37612	an-ang,ai-ei,ua-uo,z-zh,r-l	1
稳操胜券	wěn cāo shèng quàn	37621	en-eng,uan-uang,ao-ou,c-ch,s-sh,j-q-x	1
熙来攘往	xī lái rǎng wǎng	37623	an-ang,ai-ei,n-l,r-l,j-q-x	3
心腹之患	xīn fù zhī huàn	37633	in-ing,uan-uang,z-zh,h-f,j-q-x	1
言归于好	yán guī yú hǎo	37636	an-ang,ao-ou,h-f	1
遗传工程	yí chuán gōng chéng	37641	en-eng,uan-uang,c-ch	1
以泪洗面	yǐ lèi xǐ miàn	37642	ian-iang,ai-ei,n-l,r-l,j-q-x	1
以偏概全	yǐ piān gài quán	37643	ian-iang,uan-uang,ai-ei,j-q-x	1
远涉重洋	yuǎn shè chóng yáng	37647	an-ang,uan-uang,c-ch,s-sh	1
针线活儿	zhēn xiàn huó er	37652	en-eng,ian-iang,ua-uo,z-zh,h-f,j-q-x	1
中央银行	zhōng yāng yín háng	37657	in-ing,an-ang,z-zh,h-f	1
走火入魔	zǒu huǒ rù mó	37661	ao-ou,ua-uo,z-zh,h-f,r-l	1
山崩地裂	shān bēng dì liè	37673	en-eng,an-ang,ia-ie,s-sh,n-l,r-l	1
步步为营	bù bù wéi yíng	37674	in-ing,ai-ei	1
胆大包天	dǎn dà bāo tiān	37684	an-ang,ian-iang,ao-ou	1
豆腐脑儿	dòu fu nǎo er	37693	ao-ou,n-l,h-f	1
对号入座	duì hào rù zuò	37697	ao-ou,ua-uo,z-zh,h-f,r-l	1
临阵磨枪	lín zhèn mó qiāng	37702	en-eng,in-ing,ian-iang,z-zh,n-l,r-l,j-q-x	1
高山流水	gāo shān liú shuǐ	37707	an-ang,ao-ou,s-sh,n-l,r-l	1
公而忘私	gōng ér wàng sī	37709	an-ang,s-sh	1
好说歹说	hǎo shuō dǎi shuō	37715	ai-ei,ao-ou,ua-uo,s-sh,h-f	1
忽明忽暗	hū míng hū àn	37717	in-ing,an-ang,h-f	1
技高一筹	jì gāo yī chóu	37725	ao-ou,c-ch,j-q-x	1
乐善好施	lè shàn hào shī	37734	an-ang,ao-ou,s-sh,n-l,h-f,r-l	1
落井下石	luò jǐng xià shí	37739	in-ing,ia-ie,ua-uo,s-sh,n-l,r-l,j-q-x	1
勉为其难	miǎn wéi qí nán	37745	an-ang,ian-iang,ai-ei,n-l,j-q-x	1
名噪一时	míng zào yī shí	37746	in-ing,ao-ou,z-zh,s-sh	1
目不识丁	mù bù shí dīng	37748	in-ing,s-sh	1
千难万险	qiān nán wàn xiǎn	37760	an-ang,ian-iang,n-l,j-q-x	1
如雷贯耳	rú léi guàn ěr	37765	uan-uang,ai-ei,n-l,r-l	1
少见多怪	shǎo jiàn duō guài	37771	ian-iang,ao-ou,ua-uo,s-sh,j-q-x	1
塔吉克族	tǎ jí kè zú	37784	z-zh,j-q-x	1
万籁俱寂	wàn lài jù jì	37791	an-ang,ai-ei,n-l,r-l,j-q-x	3
闻风丧胆	wén fēng sàng dǎn	37794	en-eng,an-ang,s-sh,h-f	1
无事生非	wú shì shēng fēi	37796	en-eng,ai-ei,s-sh,h-f	1
无以复加	wú yǐ fù jiā	37797	ia-ie,h-f,j-q-x	1
先知先觉	xiān zhī xiān jué	37800	ian-iang,z-zh,j-q-x	1
泱泱大国	yāng yāng dà guó	37806	an-ang,ua-uo	3
阳春白雪	yáng chūn bái xuě	37807	an-ang,ai-ei,c-ch,j-q-x	1
阳刚之气	yáng gāng zhī qì	37808	an-ang,z-zh,j-q-x	1
摇头摆尾	yáo tóu bǎi wěi	37810	ai-ei,ao-ou	1
有线广播	yǒu xiàn guǎng bō	37819	ian-iang,uan-uang,ao-ou,j-q-x	1
有言在先	yǒu yán zài xiān	37820	an-ang,ian-iang,ai-ei,ao-ou,z-zh,j-q-x	1
雨过天晴	yǔ guò tiān qíng	37822	in-ing,ian-iang,ua-uo,j-q-x	1
原班人马	yuán bān rén mǎ	37827	en-eng,an-ang,uan-uang,r-l	1
争风吃醋	zhēng fēng chī cù	37835	en-eng,z-zh,c-ch,h-f	1
知法犯法	zhī fǎ fàn fǎ	37836	an-ang,z-zh,h-f	1
罪该万死	zuì gāi wàn sǐ	37847	an-ang,ai-ei,z-zh,s-sh	1
作茧自缚	zuò jiǎn zì fù	37848	ian-iang,ua-uo,z-zh,h-f,j-q-x	1
拔苗助长	bá miáo zhù zhǎng	37849	an-ang,z-zh	1
百尺竿头	bǎi chǐ gān tóu	37851	an-ang,ai-ei,ao-ou,c-ch	1
薄利多销	bó lì duō xiāo	37858	ua-uo,n-l,r-l,j-q-x	1
不可胜数	bù kě shèng shǔ	37860	en-eng,s-sh	1
不容分说	bù róng fēn shuō	37861	en-eng,ua-uo,s-sh,h-f,r-l	1
称兄道弟	chēng xiōng dào dì	37868	en-eng,ao-ou,c-ch,j-q-x	1
捶胸顿足	chuí xiōng dùn zú	37873	z-zh,c-ch,j-q-x	1
蜂拥而上	fēng yōng ér shàng	37890	en-eng,an-ang,s-sh,h-f	1
广种薄收	guǎng zhòng bó shōu	37897	uan-uang,ao-ou,z-zh,s-sh	1
花花世界	huā huā shì jiè	37902	ia-ie,ua-uo,s-sh,h-f,j-q-x	1
画蛇添足	huà shé tiān zú	37903	ian-iang,ua-uo,z-zh,s-sh,h-f	1
揭竿而起	jiē gān ér qǐ	37910	an-ang,ia-ie,j-q-x	1
来者不拒	lái zhě bù jù	37919	ai-ei,z-zh,n-l,r-l,j-q-x	1
明察秋毫	míng chá qiū háo	37931	in-ing,ao-ou,c-ch,h-f,j-q-x	1
脑袋瓜儿	nǎo dai guā er	37933	ai-ei,ao-ou,ua-uo,n-l	1
锐不可当	ruì bù kě dāng	37946	an-ang,r-l	1
扫地出门	sǎo dì chū mén	37947	en-eng,ao-ou,c-ch,s-sh	1
喜结良缘	xǐ jié liáng yuán	37981	ian-iang,uan-uang,ia-ie,n-l,r-l,j-q-x	1
以礼相待	yǐ lǐ xiāng dài	37998	ian-iang,ai-ei,n-l,r-l,j-q-x	1
有轨电车	yǒu guǐ diàn chē	38001	ian-iang,ao-ou,c-ch	1
有头有脸	yǒu tóu yǒu liǎn	38002	ian-iang,ao-ou,n-l,r-l	1
责任编辑	zé rèn biān jí	38008	en-eng,ian-iang,z-zh,r-l,j-q-x	1
醉生梦死	zuì shēng mèng sǐ	38021	en-eng,z-zh,s-sh	1
笨手笨脚	bèn shǒu bèn jiǎo	38032	en-eng,ao-ou,s-sh,j-q-x	1
吃眼前亏	chī yǎn qián kuī	38042	an-ang,ian-iang,c-ch,j-q-x	1
痴心妄想	chī xīn wàng xiǎng	38043	in-ing,an-ang,ian-iang,c-ch,j-q-x	1
出言不逊	chū yán bù xùn	38045	an-ang,c-ch,j-q-x	1
鼎鼎大名	dǐng dǐng dà míng	38058	in-ing	1
付之一炬	fù zhī yī jù	38069	z-zh,h-f,j-q-x	1
敢作敢为	gǎn zuò gǎn wéi	38070	an-ang,ai-ei,ua-uo,z-zh	1
好自为之	hǎo zì wéi zhī	38084	ai-ei,ao-ou,z-zh,h-f	1
合二为一	hé èr wéi yī	38085	ai-ei,h-f	1
挥洒自如	huī sǎ zì rú	38091	z-zh,s-sh,h-f,r-l	1
金戈铁马	jīn gē tiě mǎ	38100	in-ing,ia-ie,j-q-x	1
空头支票	kōng tóu zhī piào	38103	ao-ou,z-zh	1
苦思冥想	kǔ sī míng xiǎng	38104	in-ing,ian-iang,s-sh,j-q-x	1
门庭冷落	mén tíng lěng luò	38115	en-eng,in-ing,ua-uo,n-l,r-l	1
披星戴月	pī xīng dài yuè	38120	in-ing,ai-ei,j-q-x	1
葡萄球菌	pú táo qiú jūn	38123	ao-ou,j-q-x	1
翘首以待	qiáo shǒu yǐ dài	38131	ai-ei,ao-ou,s-sh,j-q-x	1
轻车熟路	qīng chē shú lù	38132	in-ing,c-ch,s-sh,n-l,r-l,j-q-x	1
若有所失	ruò yǒu suǒ shī	38136	ao-ou,ua-uo,s-sh,r-l	1
散兵游勇	sǎn bīng yóu yǒng	38137	in-ing,an-ang,ao-ou,s-sh	1
深山老林	shēn shān lǎo lín	38146	en-eng,in-ing,an-ang,ao-ou,s-sh,n-l,r-l	1
特种邮票	tè zhǒng yóu piào	38154	ao-ou,z-zh	1
徒有虚名	tú yǒu xū míng	38160	in-ing,ao-ou,j-q-x	1
万丈深渊	wàn zhàng shēn yuān	38161	en-eng,an-ang,uan-uang,z-zh,s-sh	1
妄自尊大	wàng zì zūn dà	38162	an-ang,z-zh	1
望眼欲穿	wàng yǎn yù chuān	38163	an-ang,uan-uang,c-ch	1
一掷千金	yī zhì qiān jīn	38180	in-ing,ian-iang,z-zh,j-q-x	1
音乐喷泉	yīn yuè pēn quán	38184	en-eng,in-ing,uan-uang,j-q-x	1
矢志不移	shǐ zhì bù yí	38187	z-zh,s-sh	1
斩草除根	zhǎn cǎo chú gēn	38199	en-eng,an-ang,ao-ou,z-zh,c-ch	1
指名道姓	zhǐ míng dào xìng	38203	in-ing,ao-ou,z-zh,j-q-x	1
自行其是	zì xíng qí shì	38208	in-ing,z-zh,s-sh,j-q-x	1
纵横驰骋	zòng héng chí chěng	38210	en-eng,z-zh,c-ch,h-f	3
物竞天择	wù jìng tiān zé	38216	in-ing,ian-iang,z-zh,j-q-x	1
陈词滥调	chén cí làn diào	38221	en-eng,an-ang,c-ch,n-l,r-l	1
大快人心	dà kuài rén xīn	38227	en-eng,in-ing,r-l,j-q-x	1
逢凶化吉	féng xiōng huà jí	38236	en-eng,ua-uo,h-f,j-q-x	1
改过自新	gǎi guò zì xīn	38239	in-ing,ai-ei,ua-uo,z-zh,j-q-x	1
各就各位	gè jiù gè wèi	38242	ai-ei,j-q-x	1
挥金如土	huī jīn rú tǔ	38255	in-ing,h-f,r-l,j-q-x	1
诲人不倦	huì rén bù juàn	38256	en-eng,uan-uang,h-f,r-l,j-q-x	1
祸不单行	huò bù dān xíng	38257	in-ing,an-ang,ua-uo,h-f,j-q-x	1
见机行事	jiàn jī xíng shì	38263	in-ing,ian-iang,s-sh,j-q-x	1
交换价值	jiāo huàn jià zhí	38264	uan-uang,ia-ie,z-zh,h-f,j-q-x	1
举手之劳	jǔ shǒu zhī láo	38267	ao-ou,z-zh,s-sh,n-l,r-l,j-q-x	1
流水作业	liú shuǐ zuò yè	38279	ua-uo,z-zh,s-sh,n-l,r-l	1
论功行赏	lùn gōng xíng shǎng	38282	in-ing,an-ang,s-sh,n-l,r-l,j-q-x	1
奇谈怪论	qí tán guài lùn	38299	an-ang,n-l,r-l,j-q-x	1
青翠欲滴	qīng cuì yù dī	38303	in-ing,c-ch,j-q-x	1
情同手足	qíng tóng shǒu zú	38305	in-ing,ao-ou,z-zh,s-sh,j-q-x	1
情投意合	qíng tóu yì hé	38306	in-ing,ao-ou,h-f,j-q-x	1
日以继夜	rì yǐ jì yè	38310	r-l,j-q-x	1
神来之笔	shén lái zhī bǐ	38315	en-eng,ai-ei,z-zh,s-sh,n-l,r-l	1
瘦骨嶙峋	shòu gǔ lín xún	38319	in-ing,ao-ou,s-sh,n-l,r-l,j-q-x	3
铁证如山	tiě zhèng rú shān	38328	en-eng,an-ang,ia-ie,z-zh,s-sh,r-l	1
投笔从戎	tóu bǐ cóng róng	38331	ao-ou,c-ch,r-l	1
囤积居奇	tún jī jū qí	38335	j-q-x	1
五谷杂粮	wǔ gǔ zá liáng	38339	ian-iang,z-zh,n-l,r-l	1
洗耳恭听	xǐ ěr gōng tīng	38340	in-ing,j-q-x	1
闲情逸致	xián qíng yì zhì	38343	in-ing,ian-iang,z-zh,j-q-x	1
心慈手软	xīn cí shǒu ruǎn	38351	in-ing,uan-uang,ao-ou,c-ch,s-sh,r-l,j-q-x	1
掩耳盗铃	yǎn ěr dào líng	38359	in-ing,an-ang,ao-ou,n-l,r-l	1
杳无音信	yǎo wú yīn xìn	38361	in-ing,ao-ou,j-q-x	3
易如反掌	yì rú fǎn zhǎng	38364	an-ang,z-zh,h-f,r-l	1
怎么得了	zěn me dé liǎo	38373	en-eng,z-zh,n-l,r-l	1
智勇双全	zhì yǒng shuāng quán	38378	uan-uang,z-zh,s-sh,j-q-x	1
自我解嘲	zì wǒ jiě cháo	38381	ao-ou,ia-ie,z-zh,c-ch,j-q-x	1
包打天下	bāo dǎ tiān xià	38390	ian-iang,ao-ou,ia-ie,j-q-x	1
表里如一	biǎo lǐ rú yī	38397	n-l,r-l	1
不甚了了	bù shèn liǎo liǎo	38399	en-eng,s-sh,n-l,r-l	1
处变不惊	chǔ biàn bù jīng	38407	in-ing,ian-iang,c-ch,j-q-x	1
大家闺秀	dà jiā guī xiù	38414	ia-ie,j-q-x	1
刀耕火种	dāo gēng huǒ zhòng	38416	en-eng,ao-ou,ua-uo,z-zh,h-f	1
登堂入室	dēng táng rù shì	38419	en-eng,an-ang,s-sh,r-l	1
反之亦然	fǎn zhī yì rán	38425	an-ang,z-zh,h-f,r-l	1
扶摇直上	fú yáo zhí shàng	38428	an-ang,ao-ou,z-zh,s-sh,h-f	1
各个击破	gè gè jī pò	38432	j-q-x	1
孤苦伶仃	gū kǔ líng dīng	38434	in-ing,n-l,r-l	3
黑灯瞎火	hēi dēng xiā huǒ	38444	en-eng,ai-ei,ia-ie,ua-uo,h-f,j-q-x	1
空穴来风	kōng xué lái fēng	38469	en-eng,ai-ei,n-l,h-f,r-l,j-q-x	1
劳而无功	láo ér wú gōng	38472	ao-ou,n-l,r-l	1
泥沙俱下	ní shā jù xià	38489	ia-ie,s-sh,n-l,j-q-x	1
逆水行舟	nì shuǐ xíng zhōu	38490	in-ing,ao-ou,z-zh,s-sh,n-l,j-q-x	1
飘飘欲仙	piāo piāo yù xiān	38499	ian-iang,j-q-x	1
奇耻大辱	qí chǐ dà rǔ	38501	c-ch,r-l,j-q-x	1
气息奄奄	qì xī yǎn yǎn	38504	an-ang,j-q-x	3
曲曲弯弯	qū qū wān wān	38505	an-ang,j-q-x	1
日甚一日	rì shèn yī rì	38509	en-eng,s-sh,r-l	1
神经错乱	shén jīng cuò luàn	38518	en-eng,in-ing,uan-uang,ua-uo,c-ch,s-sh,n-l,r-l,j-q-x	1
十拿九稳	shí ná jiǔ wěn	38521	en-eng,s-sh,n-l,j-q-x	1
死有余辜	sǐ yǒu yú gū	38527	ao-ou,s-sh	1
痛改前非	tòng gǎi qián fēi	38535	ian-iang,ai-ei,h-f,j-q-x	1
头头脑脑	tóu tóu nǎo nǎo	38536	ao-ou,n-l	1
无土栽培	wú tǔ zāi péi	38541	ai-ei,z-zh	1
无隙可乘	wú xì kě chéng	38542	en-eng,c-ch,j-q-x	1
稀里哗啦	xī li huā lā	38544	ua-uo,n-l,h-f,r-l,j-q-x	1
心猿意马	xīn yuán yì mǎ	38555	in-ing,uan-uang,j-q-x	1
掩人耳目	yǎn rén ěr mù	38558	en-eng,an-ang,r-l	1
阴差阳错	yīn chā yáng cuò	38564	in-ing,an-ang,ua-uo,c-ch	1
水天一色	shuǐ tiān yī sè	38572	ian-iang,s-sh	1
忧心如焚	yōu xīn rú fén	38574	en-eng,in-ing,ao-ou,h-f,r-l,j-q-x	1
与时俱进	yǔ shí jù jìn	38578	in-ing,s-sh,j-q-x	1
昭然若揭	zhāo rán ruò jiē	38582	an-ang,ao-ou,ia-ie,ua-uo,z-zh,r-l,j-q-x	1
自由王国	zì yóu wáng guó	38590	an-ang,ao-ou,ua-uo,z-zh	1
做贼心虚	zuò zéi xīn xū	38593	in-ing,ai-ei,ua-uo,z-zh,j-q-x	1
便宜行事	biàn yí xíng shì	38606	in-ing,ian-iang,s-sh,j-q-x	1
曾经沧海	céng jīng cāng hǎi	38609	en-eng,in-ing,an-ang,ai-ei,c-ch,h-f,j-q-x	1
出口成章	chū kǒu chéng zhāng	38613	en-eng,an-ang,ao-ou,z-zh,c-ch	1
独具一格	dú jù yī gé	38624	j-q-x	1
独善其身	dú shàn qí shēn	38625	en-eng,an-ang,s-sh,j-q-x	1
分秒必争	fēn miǎo bì zhēng	38635	en-eng,z-zh,h-f	1
福尔马林	fú ěr mǎ lín	38640	in-ing,n-l,h-f,r-l	1
怪模怪样	guài mú guài yàng	38644	an-ang	1
广而告之	guǎng ér gào zhī	38645	uan-uang,ao-ou,z-zh	1
后会有期	hòu huì yǒu qī	38647	ao-ou,h-f,j-q-x	1
金榜题名	jīn bǎng tí míng	38656	in-ing,an-ang,j-q-x	1
溃不成军	kuì bù chéng jūn	38664	en-eng,c-ch,j-q-x	1
难舍难分	nán shě nán fēn	38675	en-eng,an-ang,s-sh,n-l,h-f	1
宁死不屈	nìng sǐ bù qū	38678	in-ing,s-sh,n-l,j-q-x	1
弄假成真	nòng jiǎ chéng zhēn	38680	en-eng,ia-ie,z-zh,c-ch,n-l,j-q-x	1
怒目而视	nù mù ér shì	38681	s-sh,n-l	1
旁征博引	páng zhēng bó yǐn	38685	en-eng,in-ing,an-ang,z-zh	1
妻离子散	qī lí zǐ sàn	38691	an-ang,z-zh,s-sh,n-l,r-l,j-q-x	1
如坐针毡	rú zuò zhēn zhān	38698	en-eng,an-ang,ua-uo,z-zh,r-l	1
社会教育	shè huì jiào yù	38704	s-sh,h-f,j-q-x	1
天各一方	tiān gè yī fāng	38716	an-ang,ian-iang,h-f	1
娓娓动听	wěi wěi dòng tīng	38721	in-ing,ai-ei	3
五讲四美	wǔ jiǎng sì měi	38723	ian-iang,ai-ei,s-sh,j-q-x	1
言之有物	yán zhī yǒu wù	38732	an-ang,ao-ou,z-zh	1
装聋作哑	zhuāng lóng zuò yǎ	38759	uan-uang,ua-uo,z-zh,n-l,r-l	1
自我陶醉	zì wǒ táo zuì	38760	ao-ou,z-zh	1
左右开弓	zuǒ yòu kāi gōng	38764	ai-ei,ao-ou,ua-uo,z-zh	1
半推半就	bàn tuī bàn jiù	38768	an-ang,j-q-x	1
冰清玉洁	bīng qīng yù jié	38770	in-ing,ia-ie,j-q-x	1
不修边幅	bù xiū biān fú	38773	ian-iang,h-f,j-q-x	1
残垣断壁	cán yuán duàn bì	38775	an-ang,uan-uang,c-ch	3
草木皆兵	cǎo mù jiē bīng	38777	in-ing,ao-ou,ia-ie,c-ch,j-q-x	1
差强人意	chā qiáng rén yì	38778	en-eng,ian-iang,c-ch,r-l,j-q-x	1
痴人说梦	chī rén shuō mèng	38781	en-eng,ua-uo,c-ch,s-sh,r-l	1
吹毛求疵	chuī máo qiú cī	38789	ao-ou,c-ch,j-q-x	3
打草惊蛇	dǎ cǎo jīng shé	38796	in-ing,ao-ou,c-ch,s-sh,j-q-x	1
点石成金	diǎn shí chéng jīn	38801	en-eng,in-ing,ian-iang,c-ch,s-sh,j-q-x	1
咄咄怪事	duō duō guài shì	38807	ua-uo,s-sh	1
高等动物	gāo děng dòng wù	38816	en-eng,ao-ou	1
高头大马	gāo tóu dà mǎ	38817	ao-ou	1
好高骛远	hào gāo wù yuǎn	38823	uan-uang,ao-ou,h-f	3
和风细雨	hé fēng xì yǔ	38825	en-eng,h-f,j-q-x	1
花里胡哨	huā li hú shào	38829	ao-ou,ua-uo,s-sh,n-l,h-f,r-l	1
惊恐万状	jīng kǒng wàn zhuàng	38847	in-ing,an-ang,uan-uang,z-zh,j-q-x	1
绝处逢生	jué chù féng shēng	38850	en-eng,c-ch,s-sh,h-f,j-q-x	1
夸大其词	kuā dà qí cí	38853	ua-uo,c-ch,j-q-x	1
来势汹汹	lái shì xiōng xiōng	38855	ai-ei,s-sh,n-l,r-l,j-q-x	1
另眼看待	lìng yǎn kàn dài	38859	in-ing,an-ang,ai-ei,n-l,r-l	1
命里注定	mìng lǐ zhù dìng	38867	in-ing,z-zh,n-l,r-l	1
极目远眺	jí mù yuǎn tiào	38884	uan-uang,j-q-x	3
去粗取精	qù cū qǔ jīng	38888	in-ing,c-ch,j-q-x	1
仁至义尽	rén zhì yì jìn	38890	en-eng,in-ing,z-zh,r-l,j-q-x	1
弱肉强食	ruò ròu qiáng shí	38895	ian-iang,ao-ou,ua-uo,s-sh,r-l,j-q-x	1
四书五经	sì shū wǔ jīng	38915	in-ing,s-sh,j-q-x	1
莫明其妙	mò míng qí miào	38923	in-ing,j-q-x	1
亭台楼阁	tíng tái lóu gé	38929	in-ing,ai-ei,ao-ou,n-l,r-l	1
兔死狐悲	tù sǐ hú bēi	38932	ai-ei,s-sh,h-f	1
文化垃圾	wén huà lā jī	38934	en-eng,ua-uo,n-l,h-f,r-l,j-q-x	1
五大三粗	wǔ dà sān cū	38936	an-ang,c-ch,s-sh	1
先斩后奏	xiān zhǎn hòu zòu	38941	an-ang,ian-iang,ao-ou,z-zh,h-f,j-q-x	1
一箭双雕	yī jiàn shuāng diāo	38956	ian-iang,uan-uang,s-sh,j-q-x	1
一砖一瓦	yī zhuān yī wǎ	38957	uan-uang,z-zh	1
依然故我	yī rán gù wǒ	38958	an-ang,r-l	1
语焉不详	yǔ yān bù xiáng	38963	an-ang,ian-iang,j-q-x	1
欲盖弥彰	yù gài mí zhāng	38965	an-ang,ai-ei,z-zh	1
逐字逐句	zhú zì zhú jù	38975	z-zh,j-q-x	1
逼上梁山	bī shàng liáng shān	38980	an-ang,ian-iang,s-sh,n-l,r-l	1
不识抬举	bù shí tái ju	38984	ai-ei,s-sh,j-q-x	1
不自量力	bù zì liàng lì	38985	ian-iang,z-zh,n-l,r-l	1
崇洋媚外	chóng yáng mèi wài	38993	an-ang,ai-ei,c-ch	1
摧枯拉朽	cuī kū lā xiǔ	38999	c-ch,n-l,r-l,j-q-x	1
大鸣大放	dà míng dà fàng	39004	in-ing,an-ang,h-f	1
阿谀奉承	ē yú fèng chéng	39010	en-eng,c-ch,h-f	3
尔虞我诈	ěr yú wǒ zhà	39011	z-zh	3
合二而一	hé èr ér yī	39037	h-f	1
横向联合	héng xiàng lián hé	39038	en-eng,ian-iang,n-l,h-f,r-l,j-q-x	1
回肠荡气	huí cháng dàng qì	39045	an-ang,c-ch,h-f,j-q-x	1
举不胜举	jǔ bù shèng jǔ	39055	en-eng,s-sh,j-q-x	1
老成持重	lǎo chéng chí zhòng	39060	en-eng,ao-ou,z-zh,c-ch,n-l,r-l	1
冷言冷语	lěng yán lěng yǔ	39064	en-eng,an-ang,n-l,r-l	1
量体裁衣	liàng tǐ cái yī	39066	ian-iang,ai-ei,c-ch,n-l,r-l	1
龙飞凤舞	lóng fēi fèng wǔ	39069	en-eng,ai-ei,n-l,h-f,r-l	1
情景交融	qíng jǐng jiāo róng	39098	in-ing,r-l,j-q-x	1
丧尽天良	sàng jìn tiān liáng	39108	in-ing,an-ang,ian-iang,s-sh,n-l,r-l,j-q-x	1
深居简出	shēn jū jiǎn chū	39110	en-eng,ian-iang,c-ch,s-sh,j-q-x	1
声东击西	shēng dōng jī xī	39111	en-eng,s-sh,j-q-x	1
天人合一	tiān rén hé yī	39126	en-eng,ian-iang,h-f,r-l	1
无可置疑	wú kě zhì yí	39138	z-zh	1
修身养性	xiū shēn yǎng xìng	39146	en-eng,in-ing,an-ang,s-sh,j-q-x	1
一板一眼	yī bǎn yī yǎn	39154	an-ang	1
一呼百应	yī hū bǎi yìng	39155	in-ing,ai-ei,h-f	1
一见倾心	yī jiàn qīng xīn	39156	in-ing,ian-iang,j-q-x	1
引狼入室	yǐn láng rù shì	39160	in-ing,an-ang,s-sh,n-l,r-l	1
有机玻璃	yǒu jī bō li	39164	ao-ou,n-l,r-l,j-q-x	1
运动健将	yùn dòng jiàn jiàng	39170	ian-iang,j-q-x	1
朝令夕改	zhāo lìng xī gǎi	39175	in-ing,ai-ei,ao-ou,z-zh,n-l,r-l,j-q-x	1
正气凛然	zhèng qì lǐn rán	39176	en-eng,in-ing,an-ang,z-zh,n-l,r-l,j-q-x	1
指桑骂槐	zhǐ sāng mà huái	39178	an-ang,z-zh,s-sh,h-f	1
自寻烦恼	zì xún fán nǎo	39185	an-ang,ao-ou,z-zh,n-l,h-f,j-q-x	1
嗷嗷待哺	áo áo dài bǔ	39189	ai-ei,ao-ou	3
悲观主义	bēi guān zhǔ yì	39195	uan-uang,ai-ei,z-zh	1
玻璃纤维	bō li xiān wéi	39201	ian-iang,ai-ei,n-l,r-l,j-q-x	1
不求甚解	bù qiú shèn jiě	39202	en-eng,ia-ie,s-sh,j-q-x	1
胆小怕事	dǎn xiǎo pà shì	39214	an-ang,s-sh,j-q-x	1
电视大学	diàn shì dà xué	39220	ian-iang,s-sh,j-q-x	1
吊儿郎当	diào er láng dāng	39221	an-ang,n-l,r-l	1
翻江倒海	fān jiāng dǎo hǎi	39226	an-ang,ian-iang,ai-ei,ao-ou,h-f,j-q-x	1
反戈一击	fǎn gē yī jī	39227	an-ang,h-f,j-q-x	1
分崩离析	fēn bēng lí xī	39230	en-eng,n-l,h-f,r-l,j-q-x	1
后悔莫及	hòu huǐ mò jí	39248	ao-ou,h-f,j-q-x	1
后事之师	hòu shì zhī shī	39249	ao-ou,z-zh,s-sh,h-f	1
怀才不遇	huái cái bù yù	39252	ai-ei,c-ch,h-f	1
讳疾忌医	huì jí jì yī	39255	h-f,j-q-x	1
见钱眼开	jiàn qián yǎn kāi	39262	an-ang,ian-iang,ai-ei,j-q-x	1
袅袅婷婷	niǎo niǎo tíng tíng	39286	in-ing,n-l	2
普天之下	pǔ tiān zhī xià	39292	ian-iang,ia-ie,z-zh,j-q-x	1
嘁嘁喳喳	qī qī chā chā	39293	c-ch,j-q-x	3
奇装异服	qí zhuāng yì fú	39294	uan-uang,z-zh,h-f,j-q-x	1
千恩万谢	qiā nēn wàn xiè	39295	en-eng,an-ang,ia-ie,n-l,j-q-x	1
曲里拐弯	qū li guǎi wān	39299	an-ang,n-l,r-l,j-q-x	1
人多势众	rén duō shì zhòng	39300	en-eng,ua-uo,z-zh,s-sh,r-l	1
神不守舍	shén bù shǒu shè	39305	en-eng,ao-ou,s-sh	1
神乎其神	shén hū qí shén	39306	en-eng,s-sh,h-f,j-q-x	1
生辰八字	shēng chén bā zì	39307	en-eng,z-zh,c-ch,s-sh	1
十恶不赦	shí è bù shè	39310	s-sh	1
偷鸡摸狗	tōu jī mō gǒu	39328	ao-ou,j-q-x	1
万寿无疆	wàn shòu wú jiāng	39336	an-ang,ian-iang,ao-ou,s-sh,j-q-x	1
无可挑剔	wú kě tiāo tī	39342		1
无米之炊	wú mǐ zhī chuī	39343	z-zh,c-ch	1
象牙之塔	xiàng yá zhī tǎ	39349	ian-iang,z-zh,j-q-x	1
野战医院	yě zhàn yī yuàn	39364	an-ang,uan-uang,z-zh	1
饮水思源	yǐn shuǐ sī yuán	39368	in-ing,uan-uang,s-sh	1
只言片语	zhī yán piàn yǔ	39382	an-ang,ian-iang,z-zh	1
自说自话	zì shuō zì huà	39393	ua-uo,z-zh,s-sh,h-f	1
比翼齐飞	bǐ yì qí fēi	39401	ai-ei,h-f,j-q-x	1
不成方圆	bù chéng fāng yuán	39408	en-eng,an-ang,uan-uang,c-ch,h-f	1
洞房花烛	dòng fáng huā zhú	39425	an-ang,ua-uo,z-zh,h-f	1
耳朵眼儿	ěr duo yǎn er	39427	an-ang,ua-uo	1
风雨交加	fēng yǔ jiāo jiā	39435	en-eng,ia-ie,h-f,j-q-x	1
高歌猛进	gāo gē měng jìn	39441	en-eng,in-ing,ao-ou,j-q-x	1
瓜熟蒂落	guā shú dì luò	39445	ua-uo,s-sh,n-l,r-l	1
含混不清	hán hùn bù qīng	39449	in-ing,an-ang,h-f,j-q-x	1
一字不差	yī zì bù chā	39454	z-zh,c-ch	1
红斑狼疮	hóng bān láng chuāng	39455	an-ang,uan-uang,c-ch,n-l,h-f,r-l	1
魂不守舍	hún bù shǒu shè	39460	ao-ou,s-sh,h-f	1
饥不择食	jī bù zé shí	39461	z-zh,s-sh,j-q-x	1
坚壁清野	jiān bì qīng yě	39470	in-ing,ian-iang,j-q-x	1
精兵简政	jīng bīng jiǎn zhèng	39477	en-eng,in-ing,ian-iang,z-zh,j-q-x	1
苦心孤诣	kǔ xīn gū yì	39483	in-ing,j-q-x	3
明媒正娶	míng méi zhèng qǔ	39496	en-eng,in-ing,ai-ei,z-zh,j-q-x	1
木已成舟	mù yǐ chéng zhōu	39498	en-eng,ao-ou,z-zh,c-ch	1
难以启齿	nán yǐ qǐ chǐ	39499	an-ang,c-ch,n-l,j-q-x	1
萍水相逢	píng shuǐ xiāng féng	39515	en-eng,in-ing,ian-iang,s-sh,h-f,j-q-x	1
骑虎难下	qí hǔ nán xià	39517	an-ang,ia-ie,n-l,h-f,j-q-x	1
三角恋爱	sān jiǎo liàn ài	39528	an-ang,ian-iang,ai-ei,s-sh,n-l,r-l,j-q-x	1
上呼吸道	shàng hū xī dào	39533	an-ang,ao-ou,s-sh,h-f,j-q-x	1
社队企业	shè duì qǐ yè	39535	s-sh,j-q-x	1
手下留情	shǒu xià liú qíng	39543	in-ing,ao-ou,ia-ie,s-sh,n-l,r-l,j-q-x	1
守株待兔	shǒu zhū dài tù	39544	ai-ei,ao-ou,z-zh,s-sh	1
万里无云	wàn lǐ wú yún	39559	an-ang,n-l,r-l	1
为虎作伥	wèi hǔ zuò chāng	39560	an-ang,ai-ei,ua-uo,z-zh,c-ch,h-f	3
无牵无挂	wú qiān wú guà	39565	ian-iang,ua-uo,j-q-x	1
无所用心	wú suǒ yòng xīn	39566	in-ing,ua-uo,s-sh,j-q-x	1
物尽其用	wù jìn qí yòng	39568	in-ing,j-q-x	1
洗心革面	xǐ xīn gé miàn	39577	in-ing,ian-iang,j-q-x	1
一望无垠	yī wàng wú yín	39587	in-ing,an-ang	3
遗臭万年	yí chòu wàn nián	39588	an-ang,ian-iang,ao-ou,c-ch,n-l	1
以弱胜强	yǐ ruò shèng qiáng	39589	en-eng,ian-iang,ua-uo,s-sh,r-l,j-q-x	1
原形毕露	yuán xíng bì lù	39596	in-ing,uan-uang,n-l,r-l,j-q-x	1
众叛亲离	zhòng pàn qīn lí	39601	in-ing,an-ang,z-zh,n-l,r-l,j-q-x	1
卓有成就	zhuó yǒu chéng jiù	39606	en-eng,ao-ou,ua-uo,z-zh,c-ch,j-q-x	1
自讨没趣	zì tǎo méi qù	39608	ai-ei,ao-ou,z-zh,j-q-x	1
垂涎三尺	chuí xián sān chǐ	39632	an-ang,ian-iang,c-ch,s-sh,j-q-x	3
大难不死	dà nàn bù sǐ	39634	an-ang,s-sh,n-l	1
电热水器	diàn rè shuǐ qì	39643	ian-iang,s-sh,r-l,j-q-x	1
恶贯满盈	è guàn mǎn yíng	39646	in-ing,an-ang,uan-uang	1
奉公守法	fèng gōng shǒu fǎ	39655	en-eng,ao-ou,s-sh,h-f	1
甘拜下风	gān bài xià fēng	39660	en-eng,an-ang,ai-ei,ia-ie,h-f,j-q-x	1
疙疙瘩瘩	gē ge dā dā	39662		1
歌舞升平	gē wǔ shēng píng	39663	en-eng,in-ing,s-sh	1
觥筹交错	gōng chóu jiāo cuò	39666	ao-ou,ua-uo,c-ch,j-q-x	3
关停并转	guān tíng bìng zhuǎn	39669	in-ing,uan-uang,z-zh	1
桀骜不驯	jié ào bù xùn	39688	ao-ou,ia-ie,j-q-x	3
金石为开	jīn shí wéi kāi	39690	in-ing,ai-ei,s-sh,j-q-x	1
救苦救难	jiù kǔ jiù nàn	39693	an-ang,n-l,j-q-x	1
明知故犯	míng zhī gù fàn	39706	in-ing,an-ang,z-zh,h-f	1
拼死拼活	pīn sǐ pīn huó	39718	in-ing,ua-uo,s-sh,h-f	1
三更半夜	sān gēng bàn yè	39731	en-eng,an-ang,s-sh	1
生不逢时	shēng bù féng shí	39736	en-eng,s-sh,h-f	1
生死与共	shēng sǐ yǔ gòng	39738	en-eng,s-sh	1
盛极一时	shèng jí yī shí	39739	en-eng,s-sh,j-q-x	1
实心实意	shí xīn shí yì	39740	in-ing,s-sh,j-q-x	1
细水长流	xì shuǐ cháng liú	39763	an-ang,c-ch,s-sh,n-l,r-l,j-q-x	1
言而无信	yán ér wú xìn	39778	in-ing,an-ang,j-q-x	1
一笑置之	yī xiào zhì zhī	39782	z-zh,j-q-x	1
以此类推	yǐ cǐ lèi tuī	39783	ai-ei,c-ch,n-l,r-l	1
因小失大	yīn xiǎo shī dà	39784	in-ing,s-sh,j-q-x	1
朝朝暮暮	zhāo zhāo mù mù	39800	ao-ou,z-zh	1
紫花苜蓿	zǐ huā mù xu	39813	ua-uo,z-zh,h-f,j-q-x	3
坐冷板凳	zuò lěng bǎn dèng	39814	en-eng,an-ang,ua-uo,z-zh,n-l,r-l	1
按图索骥	àn tú suǒ jì	39815	an-ang,ua-uo,s-sh,j-q-x	3
白金汉宫	bái jīn hàn gōng	39816	in-ing,an-ang,ai-ei,h-f,j-q-x	1
半生不熟	bàn shēng bù shú	39817	en-eng,an-ang,s-sh	1
不拘小节	bù jū xiǎo jié	39824	ia-ie,j-q-x	1
慈眉善目	cí méi shàn mù	39832	an-ang,ai-ei,c-ch,s-sh	1
打情骂俏	dǎ qíng mà qiào	39834	in-ing,j-q-x	1
滴水成冰	dī shuǐ chéng bīng	39840	en-eng,in-ing,c-ch,s-sh	1
风口浪尖	fēng kǒu làng jiān	39855	en-eng,an-ang,ian-iang,ao-ou,n-l,h-f,r-l,j-q-x	1
肝脑涂地	gān nǎo tú dì	39860	an-ang,ao-ou,n-l	1
各奔东西	gè bèn dōng xī	39864	en-eng,j-q-x	1
顾影自怜	gù yǐng zì lián	39871	in-ing,ian-iang,z-zh,n-l,r-l	1
好事多磨	hǎo shì duō mó	39875	ao-ou,ua-uo,s-sh,h-f	1
好心好意	hǎo xīn hǎo yì	39876	in-ing,ao-ou,h-f,j-q-x	1
既成事实	jì chéng shì shí	39888	en-eng,c-ch,s-sh,j-q-x	1
进退维谷	jìn tuì wéi gǔ	39892	in-ing,ai-ei,j-q-x	1
泪如泉涌	lèi rú quán yǒng	39901	uan-uang,ai-ei,n-l,r-l,j-q-x	1
落地生根	luò dì shēng gēn	39909	en-eng,ua-uo,s-sh,n-l,r-l	1
面黄肌瘦	miàn huáng jī shòu	39916	ian-iang,uan-uang,ao-ou,s-sh,h-f,j-q-x	1
浓眉大眼	nóng méi dà yǎn	39921	an-ang,ai-ei,n-l	1
怒火中烧	nù huǒ zhōng shāo	39922	ao-ou,ua-uo,z-zh,s-sh,n-l,h-f	1
排忧解难	pái yōu jiě nàn	39923	an-ang,ai-ei,ao-ou,ia-ie,n-l,j-q-x	1
平头百姓	píng tóu bǎi xìng	39926	in-ing,ai-ei,ao-ou,j-q-x	1
舍生取义	shě shēng qǔ yì	39945	en-eng,s-sh,j-q-x	1
拾金不昧	shí jīn bù mèi	39951	in-ing,ai-ei,s-sh,j-q-x	1
通讯卫星	tōng xùn wèi xīng	39968	in-ing,ai-ei,j-q-x	1
上善若水	shàng shàn ruò shuǐ	39976	an-ang,ua-uo,s-sh,r-l	1
无所不至	wú suǒ bù zhì	39978	ua-uo,z-zh,s-sh	1
细声细气	xì shēng xì qì	39981	en-eng,s-sh,j-q-x	1
小家碧玉	xiǎo jiā bì yù	39988	ia-ie,j-q-x	1
眼疾手快	yǎn jí shǒu kuài	40000	an-ang,ao-ou,s-sh,j-q-x	1
养精蓄锐	yǎng jīng xù ruì	40002	in-ing,an-ang,r-l,j-q-x	1
一饱眼福	yī bǎo yǎn fú	40004	an-ang,ao-ou,h-f	1
一步登天	yī bù dēng tiān	40005	en-eng,ian-iang	1
贻害无穷	yí hài wú qióng	40007	ai-ei,h-f,j-q-x	1
因时制宜	yīn shí zhì yí	40009	in-ing,z-zh,s-sh	1
饮鸩止渴	yǐn zhèn zhǐ kě	40013	en-eng,in-ing,z-zh	3
之乎者也	zhī hū zhě yě	40022	z-zh,h-f	1
知遇之恩	zhī yù zhī ēn	40023	en-eng,z-zh	1
综合大学	zōng hé dà xué	40031	z-zh,h-f,j-q-x	1
作壁上观	zuò bì shàng guān	40033	an-ang,uan-uang,ua-uo,z-zh,s-sh	1
坐卧不安	zuò wò bù ān	40034	an-ang,ua-uo,z-zh	1
白面书生	bái miàn shū shēng	40037	en-eng,ian-iang,ai-ei,s-sh	1
百里挑一	bǎi lǐ tiāo yī	40040	ai-ei,n-l,r-l	1
包袱皮儿	bāo fu pí er	40043	ao-ou,h-f	1
膘肥体壮	biāo féi tǐ zhuàng	40047	uan-uang,ai-ei,z-zh,h-f	3
不成体统	bù chéng tǐ tǒng	40048	en-eng,c-ch	1
当头棒喝	dāng tóu bàng hè	40068	an-ang,ao-ou,h-f	1
独出心裁	dú chū xīn cái	40076	in-ing,ai-ei,c-ch,j-q-x	1
风靡一时	fēng mǐ yī shí	40084	en-eng,s-sh,h-f	1
改弦易辙	gǎi xián yì zhé	40092	ian-iang,ai-ei,z-zh,j-q-x	1
厚颜无耻	hòu yán wú chǐ	40112	an-ang,ao-ou,c-ch,h-f	1
气吞山河	qì tūn shān hé	40153	an-ang,s-sh,h-f,j-q-x	1
僧多粥少	sēng duō zhōu shǎo	40171	en-eng,ao-ou,ua-uo,z-zh,s-sh	1
少言寡语	shǎo yán guǎ yǔ	40174	an-ang,ao-ou,ua-uo,s-sh	1
生杀予夺	shēng shā yǔ duó	40176	en-eng,ua-uo,s-sh	1
时不再来	shí bù zài lái	40179	ai-ei,z-zh,s-sh,n-l,r-l	1
拖拖拉拉	tuō tuō lā lā	40198	ua-uo,n-l,r-l	1
万劫不复	wàn jié bù fù	40200	an-ang,ia-ie,h-f,j-q-x	1
小人儿书	xiǎo rén er shū	40212	en-eng,s-sh,r-l,j-q-x	1
心狠手辣	xīn hěn shǒu là	40213	en-eng,in-ing,ao-ou,s-sh,n-l,h-f,r-l,j-q-x	1
以工代赈	yǐ gōng dài zhèn	40228	en-eng,ai-ei,z-zh	3
抓耳挠腮	zhuā ěr náo sāi	40243	ai-ei,ao-ou,ua-uo,z-zh,s-sh,n-l	1
字斟句酌	zì zhēn jù zhuó	40247	en-eng,ua-uo,z-zh,j-q-x	1
抱头鼠窜	bào tóu shǔ cuàn	40253	uan-uang,ao-ou,c-ch,s-sh	1
背信弃义	bèi xìn qì yì	40255	in-ing,ai-ei,j-q-x	1
粗枝大叶	cū zhī dà yè	40267	z-zh,c-ch	1
东奔西走	dōng bēn xī zǒu	40273	en-eng,ao-ou,z-zh,j-q-x	1
鄂伦春族	è lún chūn zú	40274	z-zh,c-ch,n-l,r-l	1
风流倜傥	fēng liú tì tǎng	40280	en-eng,an-ang,n-l,h-f,r-l	3
公之于众	gōng zhī yú zhòng	40284	z-zh	1
好逸恶劳	hào yì wù láo	40294	ao-ou,n-l,h-f,r-l	1
鸡犬不宁	jī quǎn bù níng	40307	in-ing,uan-uang,n-l,j-q-x	1
激浊扬清	jī zhuó yáng qīng	40308	in-ing,an-ang,ua-uo,z-zh,j-q-x	1
家徒四壁	jiā tú sì bì	40311	ia-ie,s-sh,j-q-x	1
眉来眼去	méi lái yǎn qù	40337	an-ang,ai-ei,n-l,r-l,j-q-x	1
年深日久	nián shēn rì jiǔ	40344	en-eng,ian-iang,s-sh,n-l,r-l,j-q-x	1
藕断丝连	ǒu duàn sī lián	40346	ian-iang,uan-uang,ao-ou,s-sh,n-l,r-l	1
披挂上阵	pī guà shàng zhèn	40348	en-eng,an-ang,ua-uo,z-zh,s-sh	1
寝食不安	qǐn shí bù ān	40356	in-ing,an-ang,s-sh,j-q-x	1
素昧平生	sù mèi píng shēng	40381	en-eng,in-ing,ai-ei,s-sh	1
谈虎色变	tán hǔ sè biàn	40385	an-ang,ian-iang,s-sh,h-f	1
跳蚤市场	tiào zao shì chǎng	40389	an-ang,ao-ou,z-zh,c-ch,s-sh	1
为民请命	wèi mín qǐng mìng	40398	in-ing,ai-ei,j-q-x	1
无伤大雅	wú shāng dà yǎ	40402	an-ang,s-sh	1
小偷小摸	xiǎo tōu xiǎo mō	40415	ao-ou,j-q-x	1
严丝合缝	yán sī hé fèng	40422	en-eng,an-ang,s-sh,h-f	1
一唱一和	yī chàng yī hè	40423	an-ang,c-ch,h-f	1
以退为进	yǐ tuì wéi jìn	40424	in-ing,ai-ei,j-q-x	1
油腔滑调	yóu qiāng huá diào	40429	ian-iang,ao-ou,ua-uo,h-f,j-q-x	1
暗无天日	àn wú tiān rì	40455	an-ang,ian-iang,r-l	1
成年累月	chéng nián lěi yuè	40468	en-eng,ian-iang,ai-ei,c-ch,n-l,r-l	1
从善如流	cóng shàn rú liú	40478	an-ang,c-ch,s-sh,n-l,r-l	1
村规民约	cūn guī mín yuē	40481	in-ing,c-ch	1
大彻大悟	dà chè dà wù	40484	c-ch	1
大慈大悲	dà cí dà bēi	40485	ai-ei,c-ch	1
雕梁画栋	diāo liáng huà dòng	40493	ian-iang,ua-uo,n-l,h-f,r-l	1
狐假虎威	hú jiǎ hǔ wēi	40515	ai-ei,ia-ie,h-f,j-q-x	1
欢声雷动	huān shēng léi dòng	40519	en-eng,uan-uang,ai-ei,s-sh,n-l,h-f,r-l	1
慌里慌张	huāng li huāng zhāng	40520	an-ang,uan-uang,z-zh,n-l,h-f,r-l	1
急风暴雨	jí fēng bào yǔ	40527	en-eng,ao-ou,h-f,j-q-x	1
宽以待人	kuān yǐ dài rén	40548	en-eng,uan-uang,ai-ei,r-l	1
来日方长	lái rì fāng cháng	40550	an-ang,ai-ei,c-ch,n-l,h-f,r-l	1
料事如神	liào shì rú shén	40553	en-eng,s-sh,n-l,r-l	1
满腹经纶	mǎn fù jīng lún	40559	in-ing,an-ang,n-l,h-f,r-l,j-q-x	3
漆黑一团	qī hēi yī tuán	40574	uan-uang,ai-ei,h-f,j-q-x	1
求贤若渴	qiú xián ruò kě	40583	ian-iang,ua-uo,r-l,j-q-x	1
曲径通幽	qū jìng tōng yōu	40584	in-ing,ao-ou,j-q-x	1
声名狼藉	shēng míng láng jí	40595	en-eng,in-ing,an-ang,s-sh,n-l,r-l,j-q-x	1
顺手牵羊	shùn shǒu qiān yáng	40608	an-ang,ian-iang,ao-ou,s-sh,j-q-x	1
坦白从宽	tǎn bái cóng kuān	40614	an-ang,uan-uang,ai-ei,c-ch	1
挑拨离间	tiǎo bō lí jiàn	40619	ian-iang,n-l,r-l,j-q-x	1
听其自然	tīng qí zì rán	40620	in-ing,an-ang,z-zh,r-l,j-q-x	1
吞云吐雾	tūn yún tǔ wù	40624		1
稀有金属	xī yǒu jīn shǔ	40628	in-ing,ao-ou,s-sh,j-q-x	1
小户人家	xiǎo hù rén jiā	40639	en-eng,ia-ie,h-f,r-l,j-q-x	1
行李卷儿	xíng li juǎn er	40646	in-ing,uan-uang,n-l,r-l,j-q-x	1
虚情假意	xū qíng jiǎ yì	40650	in-ing,ia-ie,j-q-x	1
一扫而空	yī sǎo ér kōng	40658	ao-ou,s-sh	1
洲际导弹	zhōu jì dǎo dàn	40674	an-ang,ao-ou,z-zh,j-q-x	1
冰糖葫芦	bīng táng hú lu	40692	in-ing,an-ang,n-l,h-f,r-l	1
藏污纳垢	cáng wū nà gòu	40696	an-ang,ao-ou,c-ch,n-l	1
大腹便便	dà fù pián pián	40715	ian-iang,h-f	1
冬虫夏草	dōng chóng xià cǎo	40721	ao-ou,ia-ie,c-ch,j-q-x	1
飞沙走石	fēi shā zǒu shí	40725	ai-ei,ao-ou,z-zh,s-sh,h-f	1
高山仰止	gāo shān yǎng zhǐ	40732	an-ang,ao-ou,z-zh,s-sh	1
后发制人	hòu fā zhì rén	40751	en-eng,ao-ou,z-zh,h-f,r-l	1
狐朋狗友	hú péng gǒu yǒu	40753	en-eng,ao-ou,h-f	1
缓兵之计	huǎn bīng zhī jì	40756	in-ing,uan-uang,z-zh,h-f,j-q-x	1
昏头昏脑	hūn tóu hūn nǎo	40758	ao-ou,n-l,h-f	1
火烧眉毛	huǒ shāo méi mao	40760	ai-ei,ao-ou,ua-uo,s-sh,h-f	1
疾恶如仇	jí è rú chóu	40762	ao-ou,c-ch,r-l,j-q-x	1
将错就错	jiāng cuò jiù cuò	40765	ian-iang,ua-uo,c-ch,j-q-x	1
目光短浅	mù guāng duǎn qiǎn	40786	ian-iang,uan-uang,j-q-x	1
能言善辩	néng yán shàn biàn	40789	en-eng,an-ang,ian-iang,s-sh,n-l	1
屁滚尿流	pì gǔn niào liú	40794	n-l,r-l	1
破镜重圆	pò jìng chóng yuán	40797	in-ing,uan-uang,c-ch,j-q-x	1
穷兵黩武	qióng bīng dú wǔ	40801	in-ing,j-q-x	3
人地生疏	rén dì shēng shū	40805	en-eng,s-sh,r-l	1
人心不古	rén xīn bù gǔ	40806	en-eng,in-ing,r-l,j-q-x	1
拾遗补缺	shí yí bǔ quē	40819	s-sh,j-q-x	1
事到临头	shì dào lín tóu	40821	in-ing,ao-ou,s-sh,n-l,r-l	1
四海为家	sì hǎi wéi jiā	40828	ai-ei,ia-ie,s-sh,h-f,j-q-x	1
味同嚼蜡	wèi tóng jiáo là	40845	ai-ei,n-l,r-l,j-q-x	1
蔚为壮观	wèi wéi zhuàng guān	40846	uan-uang,ai-ei,z-zh	1
乌七八糟	wū qī bā zāo	40848	ao-ou,z-zh,j-q-x	1
无为而治	wú wéi ér zhì	40850	ai-ei,z-zh	1
雾里看花	wù lǐ kàn huā	40855	an-ang,ua-uo,n-l,h-f,r-l	1
喜怒无常	xǐ nù wú cháng	40856	an-ang,c-ch,n-l,j-q-x	1
先睹为快	xiān dǔ wéi kuài	40858	ian-iang,ai-ei,j-q-x	1
心肌梗死	xīn jī gěng sǐ	40861	en-eng,in-ing,s-sh,j-q-x	1
血雨腥风	xuè yǔ xīng fēng	40865	en-eng,in-ing,h-f,j-q-x	1
一马平川	yī mǎ píng chuān	40874	in-ing,uan-uang,c-ch	1
意气用事	yì qì yòng shì	40875	s-sh,j-q-x	1
原地踏步	yuán dì tà bù	40884	uan-uang	1
助纣为虐	zhù zhòu wéi nüè	40894	ai-ei,ao-ou,z-zh,n-l	3
装神弄鬼	zhuāng shén nòng guǐ	40895	en-eng,uan-uang,z-zh,s-sh,n-l	1
自成一家	zì chéng yī jiā	40898	en-eng,ia-ie,z-zh,c-ch,j-q-x	1
阿司匹林	ā sī pǐ lín	40900	in-ing,s-sh,n-l,r-l	1
成人之美	chéng rén zhī měi	40922	en-eng,ai-ei,z-zh,c-ch,r-l	1
垂死挣扎	chuí sǐ zhēng zhá	40929	en-eng,z-zh,c-ch,s-sh	1
弹丸之地	dàn wán zhī dì	40937	an-ang,z-zh	1
颠倒是非	diān dǎo shì fēi	40939	ian-iang,ai-ei,ao-ou,s-sh,h-f	1
防暴警察	fáng bào jǐng chá	40949	in-ing,an-ang,ao-ou,c-ch,h-f,j-q-x	1
飞扬跋扈	fēi yáng bá hù	40951	an-ang,ai-ei,h-f	3
风声鹤唳	fēng shēng hè lì	40953	en-eng,s-sh,n-l,h-f,r-l	3
俯拾即是	fǔ shí jí shì	40955	s-sh,h-f,j-q-x	1
鬼哭狼嚎	guǐ kū láng háo	40971	an-ang,ao-ou,n-l,h-f,r-l	1
鬼头鬼脑	guǐ tóu guǐ nǎo	40972	ao-ou,n-l	1
滚瓜烂熟	gǔn guā làn shú	40973	an-ang,ua-uo,s-sh,n-l,r-l	1
黑色幽默	hēi sè yōu mò	40978	ai-ei,ao-ou,s-sh,h-f	1
胡椒面儿	hú jiāo miàn er	40982	ian-iang,h-f,j-q-x	1
黄道吉日	huáng dào jí rì	40985	uan-uang,ao-ou,h-f,r-l,j-q-x	1
苛捐杂税	kē juān zá shuì	41001	uan-uang,z-zh,s-sh,j-q-x	1
口诛笔伐	kǒu zhū bǐ fá	41004	ao-ou,z-zh,h-f	3
伶牙俐齿	líng yá lì chǐ	41013	in-ing,c-ch,n-l,r-l	1
罗曼蒂克	luó màn dì kè	41014	an-ang,ua-uo,n-l,r-l	1
皮包公司	pí bāo gōng sī	41024	ao-ou,s-sh	1
瓢泼大雨	piáo pō dà yǔ	41029		1
强弩之末	qiáng nǔ zhī mò	41036	ian-iang,z-zh,n-l,j-q-x	3
穷则思变	qióng zé sī biàn	41039	ian-iang,z-zh,s-sh,j-q-x	1
如狼似虎	rú láng sì hǔ	41040	an-ang,s-sh,n-l,h-f,r-l	1
煽风点火	shān fēng diǎn huǒ	41043	en-eng,an-ang,ian-iang,ua-uo,s-sh,h-f	1
事必躬亲	shì bì gōng qīn	41051	in-ing,s-sh,j-q-x	1
丝丝入扣	sī sī rù kòu	41054	ao-ou,s-sh,r-l	1
四季如春	sì jì rú chūn	41055	c-ch,s-sh,r-l,j-q-x	1
畏首畏尾	wèi shǒu wèi wěi	41063	ai-ei,ao-ou,s-sh	1
无的放矢	wú dì fàng shǐ	41064	an-ang,s-sh,h-f	1
无所不为	wú suǒ bù wéi	41066	ai-ei,ua-uo,s-sh	1
信口雌黄	xìn kǒu cí huáng	41078	in-ing,uan-uang,ao-ou,c-ch,h-f,j-q-x	1
信任投票	xìn rèn tóu piào	41079	en-eng,in-ing,ao-ou,r-l,j-q-x	1
妖魔鬼怪	yāo mó guǐ guài	41088	ao-ou	1
庸人自扰	yōng rén zì rǎo	41090	en-eng,ao-ou,z-zh,r-l	1
载重汽车	zài zhòng qì chē	41098	ai-ei,z-zh,c-ch,j-q-x	1
章回小说	zhāng huí xiǎo shuō	41099	an-ang,ua-uo,z-zh,s-sh,h-f,j-q-x	1
坐以待毙	zuò yǐ dài bì	41114	ai-ei,ua-uo,z-zh	1
大智若愚	dà zhì ruò yú	41146	ua-uo,z-zh,r-l	1
地久天长	dì jiǔ tiān cháng	41150	an-ang,ian-iang,c-ch,j-q-x	1
妇道人家	fù dào rén jiā	41163	en-eng,ao-ou,ia-ie,h-f,r-l,j-q-x	1
附庸风雅	fù yōng fēng yǎ	41165	en-eng,h-f	1
过河拆桥	guò hé chāi qiáo	41173	ai-ei,ua-uo,c-ch,h-f,j-q-x	1
红极一时	hóng jí yī shí	41179	s-sh,h-f,j-q-x	1
红男绿女	hóng nán lǜ nǚ	41180	an-ang,n-l,h-f,r-l	1
胡搅蛮缠	hú jiǎo mán chán	41183	an-ang,c-ch,h-f,j-q-x	1
魂飞天外	hún fēi tiān wài	41186	ian-iang,ai-ei,h-f	1
吉卜赛人	jí bǔ sài rén	41190	en-eng,ai-ei,s-sh,r-l,j-q-x	1
抛砖引玉	pāo zhuān yǐn yù	41227	in-ing,uan-uang,ao-ou,z-zh	1
皮开肉绽	pí kāi ròu zhàn	41229	an-ang,ai-ei,ao-ou,z-zh,r-l	1
评头品足	píng tóu pǐn zú	41231	in-ing,ao-ou,z-zh	1
普天同庆	pǔ tiān tóng qìng	41234	in-ing,ian-iang,j-q-x	1
欺人太甚	qī rén tài shèn	41235	en-eng,ai-ei,s-sh,r-l,j-q-x	1
奇花异草	qí huā yì cǎo	41236	ao-ou,ua-uo,c-ch,h-f,j-q-x	1
千秋万代	qiān qiū wàn dài	41239	an-ang,ian-iang,ai-ei,j-q-x	1
趋炎附势	qū yán fù shì	41243	an-ang,s-sh,h-f,j-q-x	1
仁义道德	rén yì dào dé	41247	en-eng,ao-ou,r-l	1
丧家之犬	sàng jiā zhī quǎn	41250	an-ang,uan-uang,ia-ie,z-zh,s-sh,j-q-x	1
赏罚分明	shǎng fá fēn míng	41251	en-eng,in-ing,an-ang,s-sh,h-f	1
天造地设	tiān zào dì shè	41263	ian-iang,ao-ou,z-zh,s-sh	1
铁哥们儿	tiě gē men er	41265	en-eng,ia-ie	1
卫星云图	wèi xīng yún tú	41271	in-ing,ai-ei,j-q-x	1
言之凿凿	yán zhī záo záo	41290	an-ang,ao-ou,z-zh	1
一家之言	yī jiā zhī yán	41294	an-ang,ia-ie,z-zh,j-q-x	1
一手遮天	yī shǒu zhē tiān	41295	ian-iang,ao-ou,z-zh,s-sh	1
一显身手	yī xiǎn shēn shǒu	41296	en-eng,ian-iang,ao-ou,s-sh,j-q-x	1
一语双关	yī yǔ shuāng guān	41297	uan-uang,s-sh	1
仪表堂堂	yí biǎo táng táng	41298	an-ang	1
鱼贯而入	yú guàn ér rù	41304	uan-uang,r-l	1
只身一人	zhī shēn yī rén	41318	en-eng,z-zh,s-sh,r-l	1
众星捧月	zhòng xīng pěng yuè	41320	en-eng,in-ing,z-zh,j-q-x	1
自产自销	zì chǎn zì xiāo	41328	an-ang,z-zh,c-ch,j-q-x	1
自吹自擂	zì chuī zì léi	41329	ai-ei,z-zh,c-ch,n-l,r-l	1
字正腔圆	zì zhèng qiāng yuán	41330	en-eng,ian-iang,uan-uang,z-zh,j-q-x	1
不能自已	bù néng zì yǐ	41345	en-eng,z-zh,n-l	1
从一而终	cóng yī ér zhōng	41359	z-zh,c-ch	1
打翻身仗	dǎ fān shēn zhàng	41361	en-eng,an-ang,z-zh,s-sh,h-f	1
戴高帽子	dài gāo mào zi	41366	ai-ei,ao-ou,z-zh	1
动人心魄	dòng rén xīn pò	41377	en-eng,in-ing,r-l,j-q-x	1
断壁残垣	duàn bì cán yuán	41381	an-ang,uan-uang,c-ch	3
诡计多端	guǐ jì duō duān	41400	uan-uang,ua-uo,j-q-x	1
好好先生	hǎo hǎo xiān sheng	41403	en-eng,ian-iang,ao-ou,s-sh,h-f,j-q-x	1
忽隐忽现	hū yǐn hū xiàn	41409	in-ing,ian-iang,h-f,j-q-x	1
魂牵梦萦	hún qiān mèng yíng	41413	en-eng,in-ing,ian-iang,h-f,j-q-x	3
揭不开锅	jiē bu kāi guō	41421	ai-ei,ia-ie,ua-uo,j-q-x	1
借刀杀人	jiè dāo shā rén	41423	en-eng,ao-ou,ia-ie,s-sh,r-l,j-q-x	1
久经沙场	jiǔ jīng shā chǎng	41426	in-ing,an-ang,c-ch,s-sh,j-q-x	1
乐极生悲	lè jí shēng bēi	41431	en-eng,ai-ei,s-sh,n-l,r-l,j-q-x	1
利国利民	lì guó lì mín	41436	in-ing,ua-uo,n-l,r-l	1
聊以自慰	liáo yǐ zì wèi	41440	ai-ei,z-zh,n-l,r-l	1
略知一二	lüè zhī yī èr	41445	z-zh,n-l,r-l	1
内外交困	nèi wài jiāo kùn	41455	ai-ei,n-l,j-q-x	1
旁观者清	páng guān zhě qīng	41460	in-ing,an-ang,uan-uang,z-zh,j-q-x	1
劈波斩浪	pī bō zhǎn làng	41462	an-ang,z-zh,n-l,r-l	1
巧取豪夺	qiǎo qǔ háo duó	41466	ao-ou,ua-uo,h-f,j-q-x	1
山旮旯儿	shān gā lá er	41479	an-ang,s-sh,n-l,r-l	3
上纲上线	shàng gāng shàng xiàn	41480	an-ang,ian-iang,s-sh,j-q-x	1
身怀绝技	shēn huái jué jì	41484	en-eng,s-sh,h-f,j-q-x	1
生吞活剥	shēng tūn huó bō	41486	en-eng,ua-uo,s-sh,h-f	1
手不释卷	shǒu bù shì juàn	41487	uan-uang,ao-ou,s-sh,j-q-x	1
铁板一块	tiě bǎn yī kuài	41494	an-ang,ia-ie	1
同工同酬	tóng gōng tóng chóu	41496	ao-ou,c-ch	1
唯其如此	wéi qí rú cǐ	41499	ai-ei,c-ch,r-l,j-q-x	1
无轨电车	wú guǐ diàn chē	41506	ian-iang,c-ch	1
舞文弄墨	wǔ wén nòng mò	41509	en-eng,n-l	1
物极必反	wù jí bì fǎn	41510	an-ang,h-f,j-q-x	1
相见恨晚	xiāng jiàn hèn wǎn	41518	en-eng,an-ang,ian-iang,h-f,j-q-x	1
孝子贤孙	xiào zǐ xián sūn	41522	ian-iang,z-zh,s-sh,j-q-x	1
夜长梦多	yè cháng mèng duō	41531	en-eng,an-ang,ua-uo,c-ch	1
一了百了	yī liǎo bǎi liǎo	41533	ai-ei,n-l,r-l	1
遗传因子	yí chuán yīn zǐ	41535	in-ing,uan-uang,z-zh,c-ch	1
以防不测	yǐ fáng bù cè	41536	an-ang,c-ch,h-f	1
以防万一	yǐ fáng wàn yī	41537	an-ang,h-f	1
用心良苦	yòng xīn liáng kǔ	41540	in-ing,ian-iang,n-l,r-l,j-q-x	1
战略物资	zhàn lüè wù zī	41548	an-ang,z-zh,n-l,r-l	1
长官意志	zhǎng guān yì zhì	41549	an-ang,uan-uang,z-zh	1
指挥若定	zhǐ huī ruò dìng	41552	in-ing,ua-uo,z-zh,h-f,r-l	1
别具匠心	bié jù jiàng xīn	41569	in-ing,ian-iang,ia-ie,j-q-x	1
不可名状	bù kě míng zhuàng	41570	in-ing,uan-uang,z-zh	1
鼎力相助	dǐng lì xiāng zhù	41601	in-ing,ian-iang,z-zh,n-l,r-l,j-q-x	1
反客为主	fǎn kè wéi zhǔ	41607	an-ang,ai-ei,z-zh,h-f	1
防毒面具	fáng dú miàn jù	41608	an-ang,ian-iang,h-f,j-q-x	1
非亲非故	fēi qīn fēi gù	41610	in-ing,ai-ei,h-f,j-q-x	1
风流韵事	fēng liú yùn shì	41611	en-eng,s-sh,n-l,h-f,r-l	1
概莫能外	gài mò néng wài	41614	en-eng,ai-ei,n-l	1
个人崇拜	gè rén chóng bài	41615	en-eng,ai-ei,c-ch,r-l	1
孤家寡人	gū jiā guǎ rén	41618	en-eng,ia-ie,ua-uo,r-l,j-q-x	1
光导纤维	guāng dǎo xiān wéi	41621	ian-iang,uan-uang,ai-ei,ao-ou,j-q-x	1
何必当初	hé bì dāng chū	41628	an-ang,c-ch,h-f	1
呼天抢地	hū tiān qiāng dì	41631	ian-iang,h-f,j-q-x	1
胡编乱造	hú biān luàn zào	41632	ian-iang,uan-uang,ao-ou,z-zh,n-l,h-f,r-l	1
化学分析	huà xué fēn xī	41635	en-eng,ua-uo,h-f,j-q-x	1
无所不有	wú suǒ bù yǒu	41642	ao-ou,ua-uo,s-sh	1
谈经论道	tán jīng lùn dào	41644	in-ing,an-ang,ao-ou,n-l,r-l,j-q-x	1
江河日下	jiāng hé rì xià	41649	ian-iang,ia-ie,h-f,r-l,j-q-x	1
溜之大吉	liū zhī dà jí	41662	z-zh,n-l,r-l,j-q-x	1
面有难色	miàn yǒu nán sè	41674	an-ang,ian-iang,ao-ou,s-sh,n-l	1
你争我夺	nǐ zhēng wǒ duó	41677	en-eng,ua-uo,z-zh,n-l	1
评头论足	píng tóu lùn zú	41683	in-ing,ao-ou,z-zh,n-l,r-l	1
穷山恶水	qióng shān è shuǐ	41689	an-ang,s-sh,j-q-x	1
深受其害	shēn shòu qí hài	41695	en-eng,ai-ei,ao-ou,s-sh,h-f,j-q-x	1
深宅大院	shēn zhái dà yuàn	41696	en-eng,uan-uang,ai-ei,z-zh,s-sh	1
同床异梦	tóng chuáng yì mèng	41719	en-eng,uan-uang,c-ch	1
歪打正着	wāi dǎ zhèng zháo	41722	en-eng,ai-ei,ao-ou,z-zh	1
唯命是从	wéi mìng shì cóng	41723	in-ing,ai-ei,c-ch,s-sh	1
畏缩不前	wèi suō bù qián	41724	ian-iang,ai-ei,ua-uo,s-sh,j-q-x	1
无可奉告	wú kě fèng gào	41726	en-eng,ao-ou,h-f	1
行尸走肉	xíng shī zǒu ròu	41736	in-ing,ao-ou,z-zh,s-sh,r-l,j-q-x	1
有胆有识	yǒu dǎn yǒu shí	41748	an-ang,ao-ou,s-sh	1
玉石俱焚	yù shí jù fén	41749	en-eng,s-sh,h-f,j-q-x	1
月份牌儿	yuè fèn pái er	41755	en-eng,ai-ei,h-f	1
云山雾罩	yún shān wù zhào	41756	an-ang,ao-ou,z-zh,s-sh	1
再三再四	zài sān zài sì	41759	an-ang,ai-ei,z-zh,s-sh	1
造谣惑众	zào yáo huò zhòng	41762	ao-ou,ua-uo,z-zh,h-f	1
朝不保夕	zhāo bù bǎo xī	41766	ao-ou,z-zh,j-q-x	1
桌椅板凳	zhuō yǐ bǎn dèng	41779	en-eng,an-ang,ua-uo,z-zh	1
坐失良机	zuò shī liáng jī	41781	ian-iang,ua-uo,z-zh,s-sh,n-l,r-l,j-q-x	1
百发百中	bǎi fā bǎi zhòng	41784	ai-ei,z-zh,h-f	1
抱残守缺	bào cán shǒu quē	41791	an-ang,ao-ou,c-ch,s-sh,j-q-x	1
不白之冤	bù bái zhī yuān	41799	uan-uang,ai-ei,z-zh	1
层峦叠嶂	céng luán dié zhàng	41801	en-eng,an-ang,uan-uang,ia-ie,z-zh,c-ch,n-l,r-l	3
重振旗鼓	chóng zhèn qí gǔ	41807	en-eng,z-zh,c-ch,j-q-x	1
大器晚成	dà qì wǎn chéng	41817	en-eng,an-ang,c-ch,j-q-x	1
大雄宝殿	dà xióng bǎo diàn	41818	ian-iang,ao-ou,j-q-x	1
赶尽杀绝	gǎn jìn shā jué	41852	in-ing,an-ang,s-sh,j-q-x	1
高官厚禄	gāo guān hòu lù	41853	uan-uang,ao-ou,n-l,h-f,r-l	1
公正无私	gōng zhèng wú sī	41857	en-eng,z-zh,s-sh	1
沟沟坎坎	gōu gōu kǎn kǎn	41859	an-ang,ao-ou	1
国破家亡	guó pò jiā wáng	41863	an-ang,ia-ie,ua-uo,j-q-x	1
囫囵吞枣	hú lún tūn zǎo	41868	ao-ou,z-zh,n-l,h-f,r-l	3
黄毛丫头	huáng máo yā tou	41870	uan-uang,ao-ou,h-f	1
金童玉女	jīn tóng yù nǚ	41882	in-ing,n-l,j-q-x	1
救命稻草	jiù mìng dào cǎo	41886	in-ing,ao-ou,c-ch,j-q-x	1
捐弃前嫌	juān qì qián xián	41890	ian-iang,uan-uang,j-q-x	1
闷声不响	mēn shēng bù xiǎng	41902	en-eng,ian-iang,s-sh,j-q-x	1
门户之见	mén hù zhī jiàn	41903	en-eng,ian-iang,z-zh,h-f,j-q-x	1
男尊女卑	nán zūn nǚ bēi	41907	an-ang,ai-ei,z-zh,n-l	1
攀龙附凤	pān lóng fù fèng	41911	en-eng,an-ang,n-l,h-f,r-l	1
瓶瓶罐罐	píng píng guàn guàn	41917	in-ing,uan-uang	1
世态炎凉	shì tài yán liáng	41937	an-ang,ian-iang,ai-ei,s-sh,n-l,r-l	1
谈天说地	tán tiān shuō dì	41949	an-ang,ian-iang,ua-uo,s-sh	1
提纲挈领	tí gāng qiè lǐng	41951	in-ing,an-ang,ia-ie,n-l,r-l,j-q-x	3
恬不知耻	tián bù zhī chǐ	41954	ian-iang,z-zh,c-ch	1
万念俱灰	wàn niàn jù huī	41961	an-ang,ian-iang,n-l,h-f,j-q-x	1
为富不仁	wéi fù bù rén	41962	en-eng,ai-ei,h-f,r-l	1
无可指责	wú kě zhǐ zé	41965	z-zh	1
闲言碎语	xián yán suì yǔ	41970	an-ang,ian-iang,s-sh,j-q-x	1
响彻云霄	xiǎng chè yún xiāo	41972	ian-iang,c-ch,j-q-x	1
血流如注	xuè liú rú zhù	41979	z-zh,n-l,r-l,j-q-x	1
以一当十	yǐ yī dāng shí	41990	an-ang,s-sh	1
倚老卖老	yǐ lǎo mài lǎo	41991	ai-ei,ao-ou,n-l,r-l	1
忆苦思甜	yì kǔ sī tián	41992	ian-iang,s-sh	1
志得意满	zhì dé yì mǎn	42006	an-ang,z-zh	1
栉风沐雨	zhì fēng mù yǔ	42008	en-eng,z-zh,h-f	3
中庸之道	zhōng yōng zhī dào	42009	ao-ou,z-zh	1
转口贸易	zhuǎn kǒu mào yì	42012	uan-uang,ao-ou,z-zh	1
避实就虚	bì shí jiù xū	42024	s-sh,j-q-x	1
出以公心	chū yǐ gōng xīn	42037	in-ing,c-ch,j-q-x	1
寸步不让	cùn bù bù ràng	42046	an-ang,c-ch,r-l	1
电子图书	diàn zǐ tú shū	42053	ian-iang,z-zh,s-sh	1
固若金汤	gù ruò jīn tāng	42071	in-ing,an-ang,ua-uo,r-l,j-q-x	1
后台老板	hòu tái lǎo bǎn	42082	an-ang,ai-ei,ao-ou,n-l,h-f,r-l	1
恍如隔世	huǎng rú gé shì	42086	uan-uang,s-sh,h-f,r-l	1
浑水摸鱼	hún shuǐ mō yú	42089	s-sh,h-f	1
积少成多	jī shǎo chéng duō	42092	en-eng,ao-ou,ua-uo,c-ch,s-sh,j-q-x	1
立功赎罪	lì gōng shú zuì	42113	z-zh,s-sh,n-l,r-l	1
临阵脱逃	lín zhèn tuō táo	42116	en-eng,in-ing,ao-ou,ua-uo,z-zh,n-l,r-l	1
满打满算	mǎn dǎ mǎn suàn	42125	an-ang,uan-uang,s-sh	1
民族资本	mín zú zī běn	42127	en-eng,in-ing,z-zh	1
难分难解	nán fēn nán jiě	42129	en-eng,an-ang,ia-ie,n-l,h-f,j-q-x	1
千刀万剐	qiān dāo wàn guǎ	42144	an-ang,ian-iang,ao-ou,ua-uo,j-q-x	3
清规戒律	qīng guī jiè lǜ	42148	in-ing,ia-ie,n-l,r-l,j-q-x	1
曲高和寡	qǔ gāo hè guǎ	42150	ao-ou,ua-uo,h-f,j-q-x	1
尸横遍野	shī héng biàn yě	42164	en-eng,ian-iang,s-sh,h-f	1
死皮赖脸	sǐ pí lài liǎn	42175	ian-iang,ai-ei,s-sh,n-l,r-l	1
谈笑自若	tán xiào zì ruò	42185	an-ang,ua-uo,z-zh,r-l,j-q-x	1
头昏脑涨	tóu hūn nǎo zhàng	42189	an-ang,ao-ou,z-zh,n-l,h-f	1
土里土气	tǔ lǐ tǔ qì	42190	n-l,r-l,j-q-x	1
纨绔子弟	wán kù zǐ dì	42193	an-ang,z-zh	3
玩物丧志	wán wù sàng zhì	42194	an-ang,z-zh,s-sh	1
王母娘娘	wáng mǔ niáng niang	42195	an-ang,ian-iang,n-l	1
唯心史观	wéi xīn shǐ guān	42198	in-ing,uan-uang,ai-ei,s-sh,j-q-x	1
未老先衰	wèi lǎo xiān shuāi	42200	ian-iang,ai-ei,ao-ou,s-sh,n-l,r-l,j-q-x	1
无关痛痒	wú guān tòng yǎng	42202	an-ang,uan-uang	1
兴师问罪	xīng shī wèn zuì	42214	en-eng,in-ing,z-zh,s-sh,j-q-x	1
压缩空气	yā suō kōng qì	42218	ua-uo,s-sh,j-q-x	1
言之成理	yán zhī chéng lǐ	42220	en-eng,an-ang,z-zh,c-ch,n-l,r-l	1
洋洋自得	yáng yáng zì dé	42223	an-ang,z-zh	1
妖言惑众	yāo yán huò zhòng	42226	an-ang,ao-ou,ua-uo,z-zh,h-f	1
一念之差	yī niàn zhī chā	42229	ian-iang,z-zh,c-ch,n-l	1
以小见大	yǐ xiǎo jiàn dà	42231	ian-iang,j-q-x	1
张三李四	zhāng sān lǐ sì	42241	an-ang,z-zh,s-sh,n-l,r-l	1
知根知底	zhī gēn zhī dǐ	42246	en-eng,z-zh	1
纸醉金迷	zhǐ zuì jīn mí	42247	in-ing,z-zh,j-q-x	1
自成一体	zì chéng yī tǐ	42252	en-eng,z-zh,c-ch	1
自顾不暇	zì gù bù xiá	42253	ia-ie,z-zh,j-q-x	1
半路出家	bàn lù chū jiā	42261	an-ang,ia-ie,c-ch,n-l,r-l,j-q-x	1
不打自招	bù dǎ zì zhāo	42269	ao-ou,z-zh	1
党同伐异	dǎng tóng fá yì	42292	an-ang,h-f	1
倒背如流	dào bèi rú liú	42293	ai-ei,ao-ou,n-l,r-l	1
颠来倒去	diān lái dǎo qù	42298	ian-iang,ai-ei,ao-ou,n-l,r-l,j-q-x	1
干鲜果品	gān xiān guǒ pǐn	42312	in-ing,an-ang,ian-iang,ua-uo,j-q-x	1
感慨系之	gǎn kǎi xì zhī	42314	an-ang,ai-ei,z-zh,j-q-x	1
各奔前程	gè bèn qián chéng	42315	en-eng,ian-iang,c-ch,j-q-x	1
姑息养奸	gū xī yǎng jiān	42317	an-ang,ian-iang,j-q-x	1
故伎重演	gù jì chóng yǎn	42318	an-ang,c-ch,j-q-x	3
海誓山盟	hǎi shì shān méng	42321	en-eng,an-ang,ai-ei,s-sh,h-f	1
横征暴敛	héng zhēng bào liǎn	42323	en-eng,ian-iang,ao-ou,z-zh,n-l,h-f,r-l	1
化学纤维	huà xué xiān wéi	42331	ian-iang,ai-ei,ua-uo,h-f,j-q-x	1
假洋鬼子	jiǎ yáng guǐ zi	42342	an-ang,ia-ie,z-zh,j-q-x	1
寥若晨星	liáo ruò chén xīng	42361	en-eng,in-ing,ua-uo,c-ch,n-l,r-l,j-q-x	1
鸟枪换炮	niǎo qiāng huàn pào	42376	ian-iang,uan-uang,ao-ou,n-l,h-f,j-q-x	1
日晒雨淋	rì shài yǔ lín	42391	in-ing,ai-ei,s-sh,n-l,r-l	1
戎马倥偬	róng mǎ kǒng zǒng	42392	z-zh,r-l	3
三思而行	sān sī ér xíng	42395	in-ing,an-ang,s-sh,j-q-x	1
三维空间	sān wéi kōng jiān	42396	an-ang,ian-iang,ai-ei,s-sh,j-q-x	1
杀身成仁	shā shēn chéng rén	42398	en-eng,c-ch,s-sh,r-l	1
荣归故里	róng guī gù lǐ	42416	n-l,r-l	1
泰然处之	tài rán chǔ zhī	42417	an-ang,ai-ei,z-zh,c-ch,r-l	1
外交辞令	wài jiāo cí lìng	42433	in-ing,ai-ei,c-ch,n-l,r-l,j-q-x	1
污言秽语	wū yán huì yǔ	42435	an-ang,h-f	1
无冕之王	wú miǎn zhī wáng	42436	an-ang,ian-iang,z-zh	3
无师自通	wú shī zì tōng	42437	z-zh,s-sh	1
以强凌弱	yǐ qiáng líng ruò	42464	in-ing,ian-iang,ua-uo,n-l,r-l,j-q-x	1
自我标榜	zì wǒ biāo bǎng	42488	an-ang,z-zh	1
筚路蓝缕	bì lù lán lǚ	42497	an-ang,n-l,r-l	3
不耻下问	bù chǐ xià wèn	42499	en-eng,ia-ie,c-ch,j-q-x	1
抽油烟机	chōu yóu yān jī	42513	an-ang,ao-ou,c-ch,j-q-x	1
胆小如鼠	dǎn xiǎo rú shǔ	42522	an-ang,s-sh,r-l,j-q-x	1
搬弄是非	bān nòng shì fēi	42525	an-ang,ai-ei,s-sh,n-l,h-f	1
倒打一耙	dào dǎ yī pá	42527	ao-ou	1
多嘴多舌	duō zuǐ duō shè	42538	ua-uo,z-zh,s-sh	1
风姿绰约	fēng zī chuò yuē	42546	en-eng,ua-uo,z-zh,c-ch,h-f	1
锋芒毕露	fēng máng bì lù	42547	en-eng,an-ang,n-l,h-f,r-l	1
高朋满座	gāo péng mǎn zuò	42559	en-eng,an-ang,ao-ou,ua-uo,z-zh	1
狗急跳墙	gǒu jí tiào qiáng	42563	ian-iang,ao-ou,j-q-x	1
狗血喷头	gǒu xuè pēn tóu	42564	en-eng,ao-ou,j-q-x	1
既往不咎	jì wǎng bù jiù	42577	an-ang,j-q-x	3
寄宿学校	jì sù xué xiào	42578	s-sh,j-q-x	1
见异思迁	jiàn yì sī qiān	42581	ian-iang,s-sh,j-q-x	1
叫苦连天	jiào kǔ lián tiān	42584	ian-iang,n-l,r-l,j-q-x	1
金科玉律	jīn kē yù lǜ	42587	in-ing,n-l,r-l,j-q-x	1
噤若寒蝉	jìn ruò hán chán	42588	in-ing,an-ang,ua-uo,c-ch,h-f,r-l,j-q-x	3
京韵大鼓	jīng yùn dà gǔ	42589	in-ing,j-q-x	1
经年累月	jīng nián lěi yuè	42590	in-ing,ian-iang,ai-ei,n-l,r-l,j-q-x	1
空洞无物	kōng dòng wú wù	42599		1
锒铛入狱	láng kāng rù yù	42604	an-ang,n-l,r-l	3
秘而不宣	mì ér bù xuān	42617	uan-uang,j-q-x	1
名垂青史	míng chuí qīng shǐ	42619	in-ing,c-ch,s-sh,j-q-x	1
七老八十	qī lǎo bā shí	42635	ao-ou,s-sh,n-l,r-l,j-q-x	1
犬牙交错	quǎn yá jiāo cuò	42645	uan-uang,ua-uo,c-ch,j-q-x	1
缺斤短两	quē jīn duǎn liǎng	42646	in-ing,ian-iang,uan-uang,n-l,r-l,j-q-x	1
人模狗样	rén mú gǒu yàng	42648	en-eng,an-ang,ao-ou,r-l	1
三顾茅庐	sān gù máo lú	42649	an-ang,ao-ou,s-sh,n-l,r-l	1
三生有幸	sān shēng yǒu xìng	42650	en-eng,in-ing,an-ang,ao-ou,s-sh,j-q-x	1
搔首弄姿	sāo shǒu nòng zī	42652	ao-ou,z-zh,s-sh,n-l	1
伤风败俗	shāng fēng bài sú	42653	en-eng,an-ang,ai-ei,s-sh,h-f	1
上行下效	shàng xíng xià xiào	42655	in-ing,an-ang,ia-ie,s-sh,j-q-x	1
奇山异水	qí shān yì shuǐ	42658	an-ang,s-sh,j-q-x	1
深仇大恨	shēn chóu dà hèn	42660	en-eng,ao-ou,c-ch,s-sh,h-f	1
世风日下	shì fēng rì xià	42664	en-eng,ia-ie,s-sh,h-f,r-l,j-q-x	1
首善之区	shǒu shàn zhī qū	42666	an-ang,ao-ou,z-zh,s-sh,j-q-x	1
束手待毙	shù shǒu dài bì	42670	ai-ei,ao-ou,s-sh	1
坛坛罐罐	tán tán guàn guàn	42675	an-ang,uan-uang	1
完璧归赵	wán bì guī zhào	42689	an-ang,ao-ou,z-zh	1
污泥浊水	wū ní zhuó shuǐ	42695	ua-uo,z-zh,s-sh,n-l	1
无力回天	wú lì huí tiān	42696	ian-iang,n-l,h-f,r-l	1
血口喷人	xuè kǒu pēn rén	42706	en-eng,ao-ou,r-l,j-q-x	1
言犹在耳	yán yóu zài ěr	42707	an-ang,ai-ei,ao-ou,z-zh	1
因祸得福	yīn huò dé fú	42722	in-ing,ua-uo,h-f	1
寅吃卯粮	yín chī mǎo liáng	42725	in-ing,ian-iang,ao-ou,c-ch,n-l,r-l	1
引火烧身	yǐn huǒ shāo shēn	42726	en-eng,in-ing,ao-ou,ua-uo,s-sh,h-f	1
由此及彼	yóu cǐ jí bǐ	42727	ao-ou,c-ch,j-q-x	1
梦魂萦绕	mèng hún yíng rào	42730	en-eng,in-ing,ao-ou,h-f,r-l	3
有色人种	yǒu sè rén zhǒng	42732	en-eng,ao-ou,z-zh,s-sh,r-l	1
有始有终	yǒu shǐ yǒu zhōng	42733	ao-ou,z-zh,s-sh	1
欲擒故纵	yù qín gù zòng	42739	in-ing,z-zh,j-q-x	1
诸子百家	zhū zǐ bǎi jiā	42748	ai-ei,ia-ie,z-zh,j-q-x	1
钻井平台	zuān jǐng píng tái	42756	in-ing,uan-uang,ai-ei,z-zh,j-q-x	1
百战不殆	bǎi zhàn bù dài	42760	an-ang,ai-ei,z-zh	3
板上钉钉	bǎn shàng dìng dīng	42762	in-ing,an-ang,s-sh	1
藏龙卧虎	cáng lóng wò hǔ	42779	an-ang,c-ch,n-l,h-f,r-l	1
馋涎欲滴	chán xián yù dī	42781	an-ang,ian-iang,c-ch,j-q-x	3
长命百岁	cháng mìng bǎi suì	42782	in-ing,an-ang,ai-ei,c-ch,s-sh	1
对牛弹琴	duì niú tán qín	42805	in-ing,an-ang,n-l,j-q-x	1
返璞归真	fǎn pú guī zhēn	42813	en-eng,an-ang,z-zh,h-f	3
放浪形骸	fàng làng xíng hái	42816	in-ing,an-ang,ai-ei,n-l,h-f,r-l,j-q-x	3
奋笔疾书	fèn bǐ jí shū	42817	en-eng,s-sh,h-f,j-q-x	1
风烛残年	fēng zhú cán nián	42818	en-eng,an-ang,ian-iang,z-zh,c-ch,n-l,h-f	1
俯拾皆是	fǔ shí jiē shì	42820	ia-ie,s-sh,h-f,j-q-x	1
高山反应	gāo shān fǎn yìng	42827	in-ing,an-ang,ao-ou,s-sh,h-f	1
汗牛充栋	hàn niú chōng dòng	42833	an-ang,c-ch,n-l,h-f	1
好吃懒做	hào chī lǎn zuò	42835	an-ang,ao-ou,ua-uo,z-zh,c-ch,n-l,h-f,r-l	1
忽冷忽热	hū lěng hū rè	42840	en-eng,n-l,h-f,r-l	1
花前月下	huā qián yuè xià	42842	ian-iang,ia-ie,ua-uo,h-f,j-q-x	1
鸡飞狗跳	jī fēi gǒu tiào	42849	ai-ei,ao-ou,h-f,j-q-x	1
劳苦功高	láo kǔ gōng gāo	42875	ao-ou,n-l,r-l	1
老骥伏枥	lǎo jì fú lì	42878	ao-ou,n-l,h-f,r-l,j-q-x	3
离经叛道	lí jīng pàn dào	42882	in-ing,an-ang,ao-ou,n-l,r-l,j-q-x	1
立体交叉	lì tǐ jiāo chā	42883	c-ch,n-l,r-l,j-q-x	1
两肋插刀	liǎng lèi chā dāo	42885	ian-iang,ai-ei,ao-ou,c-ch,n-l,r-l	1
局促不安	jú cù bù ān	42891	an-ang,c-ch,j-q-x	1
密不透风	mì bù tòu fēng	42896	en-eng,ao-ou,h-f	1
莫测高深	mò cè gāo shēn	42899	en-eng,ao-ou,c-ch,s-sh	1
披肝沥胆	pī gān lì dǎn	42907	an-ang,n-l,r-l	1
求神拜佛	qiú shén bài fó	42914	en-eng,ai-ei,s-sh,h-f,j-q-x	1
群龙无首	qún lóng wú shǒu	42916	ao-ou,s-sh,n-l,r-l,j-q-x	1
任其自然	rèn qí zì rán	42918	en-eng,an-ang,z-zh,r-l,j-q-x	1
若明若暗	ruò míng ruò àn	42920	in-ing,an-ang,ua-uo,r-l	1
生态农业	shēng tài nóng yè	42923	en-eng,ai-ei,s-sh,n-l	1
双重国籍	shuāng chóng guó jí	42932	uan-uang,ua-uo,c-ch,s-sh,j-q-x	1
文过饰非	wén guò shì fēi	42948	en-eng,ai-ei,ua-uo,s-sh,h-f	1
小菜一碟	xiǎo cài yī dié	42955	ai-ei,ia-ie,c-ch,j-q-x	1
信马由缰	xìn mǎ yóu jiāng	42961	in-ing,ian-iang,ao-ou,j-q-x	1
一决雌雄	yī jué cí xióng	42975	c-ch,j-q-x	1
一毛不拔	yī máo bù bá	42976	ao-ou	1
一吐为快	yī tǔ wéi kuài	42977	ai-ei	1
依此类推	yī cǐ lèi tuī	42978	ai-ei,c-ch,n-l,r-l	1
愚不可及	yú bù kě jí	42985	j-q-x	1
砸锅卖铁	zá guō mài tiě	42994	ai-ei,ia-ie,ua-uo,z-zh	1
照猫画虎	zhào māo huà hǔ	42997	ao-ou,ua-uo,z-zh,h-f	1
知书达理	zhī shū dá lǐ	43000	z-zh,s-sh,n-l,r-l	1
植物纤维	zhí wù xiān wéi	43001	ian-iang,ai-ei,z-zh,j-q-x	1
壮志未酬	zhuàng zhì wèi chóu	43005	uan-uang,ai-ei,ao-ou,z-zh,c-ch	1
自立门户	zì lì mén hù	43006	en-eng,z-zh,n-l,h-f,r-l	1
钻牛角尖	zuān niú jiǎo jiān	43007	ian-iang,uan-uang,z-zh,n-l,j-q-x	1
兵临城下	bīng lín chéng xià	43020	en-eng,in-ing,ia-ie,c-ch,n-l,r-l,j-q-x	1
出谋献策	chū móu xiàn cè	43038	ian-iang,ao-ou,c-ch,j-q-x	1
吹拉弹唱	chuī lā tán chàng	43040	an-ang,c-ch,n-l,r-l	1
多事之秋	duō shì zhī qiū	43058	ua-uo,z-zh,s-sh,j-q-x	1
耳聪目明	ěr cōng mù míng	43059	in-ing,c-ch	1
飞檐走壁	fēi yán zǒu bì	43063	an-ang,ai-ei,ao-ou,z-zh,h-f	1
风卷残云	fēng juǎn cán yún	43066	en-eng,an-ang,uan-uang,c-ch,h-f,j-q-x	1
工读学校	gōng dú xué xiào	43074	j-q-x	1
官复原职	guān fù yuán zhí	43078	uan-uang,z-zh,h-f	1
横行无忌	héng xíng wú jì	43087	en-eng,in-ing,h-f,j-q-x	1
鸡飞蛋打	jī fēi dàn dǎ	43101	an-ang,ai-ei,h-f,j-q-x	1
近亲繁殖	jìn qīn fán zhí	43112	in-ing,an-ang,z-zh,h-f,j-q-x	1
礼贤下士	lǐ xián xià shì	43123	ian-iang,ia-ie,s-sh,n-l,r-l,j-q-x	1
另辟蹊径	lìng pì xī jìng	43127	in-ing,n-l,r-l,j-q-x	3
谋财害命	móu cái hài mìng	43137	in-ing,ai-ei,ao-ou,c-ch,h-f	1
那么点儿	nà me diǎn er	43138	ian-iang,n-l	1
难兄难弟	nán xiōng nán dì	43140	an-ang,n-l,j-q-x	1
平铺直叙	píng pū zhí xù	43148	in-ing,z-zh,j-q-x	1
三皇五帝	sān huáng wǔ dì	43166	an-ang,uan-uang,s-sh,h-f	1
杀人越货	shā rén yuè huò	43168	en-eng,ua-uo,s-sh,h-f,r-l	1
擅离职守	shàn lí zhí shǒu	43169	an-ang,ao-ou,z-zh,s-sh,n-l,r-l	1
寿比南山	shòu bǐ nán shān	43178	an-ang,ao-ou,s-sh,n-l	1
睡眼惺忪	shuì yǎn xīng sōng	43183	in-ing,an-ang,s-sh,j-q-x	3
五雷轰顶	wǔ léi hōng dǐng	43204	in-ing,ai-ei,n-l,h-f,r-l	1
细皮嫩肉	xì pí nèn ròu	43208	en-eng,ao-ou,n-l,r-l,j-q-x	1
学贯中西	xué guàn zhōng xī	43221	uan-uang,z-zh,j-q-x	1
叶落归根	yè luò guī gēn	43230	en-eng,ua-uo,n-l,r-l	1
一息尚存	yī xī shàng cún	43231	an-ang,c-ch,s-sh,j-q-x	1
有伤风化	yǒu shāng fēng huà	43241	en-eng,an-ang,ao-ou,ua-uo,s-sh,h-f	1
有头有尾	yǒu tóu yǒu wěi	43242	ai-ei,ao-ou	1
中规中矩	zhòng guī zhòng jǔ	43258	z-zh,j-q-x	1
尊姓大名	zūn xìng dà míng	43269	in-ing,z-zh,j-q-x	1
拔刀相助	bá dāo xiāng zhù	43272	ian-iang,ao-ou,z-zh,j-q-x	1
唱对台戏	chàng duì tái xì	43290	an-ang,ai-ei,c-ch,j-q-x	1
除暴安良	chú bào ān liáng	43295	an-ang,ian-iang,ao-ou,c-ch,n-l,r-l	1
弹尽粮绝	dàn jìn liáng jué	43304	in-ing,an-ang,ian-iang,n-l,r-l,j-q-x	1
断子绝孙	duàn zǐ jué sūn	43312	uan-uang,z-zh,s-sh,j-q-x	1
对答如流	duì dá rú liú	43313	n-l,r-l	1
发愤图强	fā fèn tú qiáng	43315	en-eng,ian-iang,h-f,j-q-x	1
繁文缛节	fán wén rù jié	43319	en-eng,an-ang,ia-ie,h-f,r-l,j-q-x	3
革故鼎新	gé gù dǐng xīn	43329	in-ing,j-q-x	1
各领风骚	gè lǐng fēng sāo	43330	en-eng,in-ing,ao-ou,s-sh,n-l,h-f,r-l	1
攻守同盟	gōng shǒu tóng méng	43333	en-eng,ao-ou,s-sh	1
故地重游	gù dì chóng yóu	43334	ao-ou,c-ch	1
官运亨通	guān yùn hēng tōng	43335	en-eng,uan-uang,h-f	3
海外关系	hǎi wài guān xi	43342	uan-uang,ai-ei,h-f,j-q-x	1
荒谬绝伦	huāng miù jué lún	43353	uan-uang,n-l,h-f,r-l,j-q-x	1
货畅其流	huò chàng qí liú	43356	an-ang,ua-uo,c-ch,n-l,h-f,r-l,j-q-x	1
狼心狗肺	láng xīn gǒu fèi	43372	in-ing,an-ang,ai-ei,ao-ou,n-l,h-f,r-l,j-q-x	1
厉兵秣马	lì bīng mò mǎ	43376	in-ing,n-l,r-l	3
立此存照	lì cǐ cún zhào	43377	ao-ou,z-zh,c-ch,n-l,r-l	1
没心没肺	méi xīn méi fèi	43386	in-ing,ai-ei,h-f,j-q-x	1
莫逆之交	mò nì zhī jiāo	43395	z-zh,n-l,j-q-x	1
