我们	wǒ men	20	en-eng	1
他们	tā men	31	en-eng	1
没有	méi yǒu	34	ai-ei,ao-ou	1
自己	zì jǐ	42	z-zh,j-q-x	1
中国	zhōng guó	44	ua-uo,z-zh	1
可以	kě yǐ	60		1
问题	wèn tí	64	en-eng	1
工作	gōng zuò	66	ua-uo,z-zh	1
这个	zhè ge	70	z-zh	1
生活	shēng huó	71	en-eng,ua-uo,s-sh,h-f	1
这样	zhè yàng	73	an-ang,z-zh	1
已经	yǐ jīng	79	in-ing,j-q-x	1
这些	zhè xiē	85	ia-ie,z-zh,j-q-x	1
一些	yī xiē	86	ia-ie,j-q-x	1
起来	qǐ lái	91	ai-ei,n-l,r-l,j-q-x	1
什么	shén me	94	en-eng,s-sh	1
现在	xiàn zài	96	ian-iang,ai-ei,z-zh,j-q-x	1
社会	shè huì	97	s-sh,h-f	1
关系	guān xì	101	uan-uang,j-q-x	1
第一	dì yī	105		1
因为	yīn wèi	106	in-ing,ai-ei	1
开始	kāi shǐ	108	ai-ei,s-sh	1
许多	xǔ duō	109	ua-uo,j-q-x	1
时间	shí jiān	111	ian-iang,s-sh,j-q-x	1
人们	rén men	112	en-eng,r-l	1
今天	jīn tiān	113	in-ing,ian-iang,j-q-x	1
国家	guó jiā	114	ia-ie,ua-uo,j-q-x	1
思想	sī xiǎng	117	ian-iang,s-sh,j-q-x	1
一定	yī dìng	120	in-ing	1
如果	rú guǒ	121	ua-uo,r-l	1
同时	tóng shí	125	s-sh	1
需要	xū yào	126	ao-ou,j-q-x	1
重要	zhòng yào	129	ao-ou,z-zh	1
为了	wèi le	130	ai-ei,n-l,r-l	1
就是	jiù shì	133	s-sh,j-q-x	1
人民	rén mín	136	en-eng,in-ing,r-l	1
认为	rèn wéi	138	en-eng,ai-ei,r-l	1
成为	chéng wéi	139	en-eng,ai-ei,c-ch	1
北京	běi jīng	141	in-ing,ai-ei,j-q-x	1
历史	lì shǐ	142	s-sh,n-l,r-l	1
方面	fāng miàn	144	an-ang,ian-iang,h-f	1
情况	qíng kuàng	145	in-ing,uan-uang,j-q-x	1
而且	ér qiě	146	ia-ie,j-q-x	1
学生	xué shēng	148	en-eng,s-sh,j-q-x	1
这里	zhè lǐ	150	z-zh,n-l,r-l	1
但是	dàn shì	151	an-ang,s-sh	1
孩子	hái zi	152	ai-ei,z-zh,h-f	1
可能	kě néng	153	en-eng,n-l	1
发生	fā shēng	154	en-eng,s-sh,h-f	1
必须	bì xū	155	j-q-x	1
只有	zhǐ yǒu	156	ao-ou,z-zh	1
要求	yāo qiú	158	ao-ou,j-q-x	1
发现	fā xiàn	160	ian-iang,h-f,j-q-x	1
进行	jìn xíng	161	in-ing,j-q-x	1
特别	tè bié	162	ia-ie	1
得到	dé dào	165	ao-ou	1
文化	wén huà	167	en-eng,ua-uo,h-f	1
同志	tóng zhì	170	z-zh	1
发展	fā zhǎn	171	an-ang,z-zh,h-f	1
日本	rì běn	173	en-eng,r-l	1
因此	yīn cǐ	175	in-ing,c-ch	1
对于	duì yú	176		1
领导	lǐng dǎo	177	in-ing,ao-ou,n-l,r-l	1
时候	shí hou	180	ao-ou,s-sh,h-f	1
政府	zhèng fǔ	183	en-eng,z-zh,h-f	1
决定	jué dìng	186	in-ing,j-q-x	1
还是	hái shi	188	ai-ei,s-sh,h-f	1
应该	yīng gāi	191	in-ing,ai-ei	1
政治	zhèng zhì	194	en-eng,z-zh	1
公司	gōng sī	196	s-sh	1
干部	gàn bù	197	an-ang	1
出现	chū xiàn	198	ian-iang,c-ch,j-q-x	1
一切	yī qiè	200	ia-ie,j-q-x	1
研究	yán jiū	201	an-ang,j-q-x	1
认识	rèn shi	202	en-eng,s-sh,r-l	1
十分	shí fēn	204	en-eng,s-sh,h-f	1
之间	zhī jiān	207	ian-iang,z-zh,j-q-x	1
希望	xī wàng	209	an-ang,j-q-x	1
虽然	suī rán	211	an-ang,s-sh,r-l	1
美国	měi guó	213	ai-ei,ua-uo	1
知道	zhī dào	214	ao-ou,z-zh	1
大家	dà jiā	216	ia-ie,j-q-x	1
学校	xué xiào	217	j-q-x	1
组织	zǔ zhī	218	z-zh	1
由于	yóu yú	220	ao-ou	1
正在	zhèng zài	221	en-eng,ai-ei,z-zh	1
表示	biǎo shì	223	s-sh	1
一样	yī yàng	224	an-ang	1
活动	huó dòng	225	ua-uo,h-f	1
如何	rú hé	226	h-f,r-l	1
教育	jiào yù	227	j-q-x	1
城市	chéng shì	230	en-eng,c-ch,s-sh	1
艺术	yì shù	232	s-sh	1
经济	jīng jì	233	in-ing,j-q-x	1
以及	yǐ jí	234	j-q-x	1
影响	yǐng xiǎng	236	in-ing,ian-iang,j-q-x	1
其中	qí zhōng	238	z-zh,j-q-x	1
先生	xiān sheng	240	en-eng,ian-iang,s-sh,j-q-x	1
完全	wán quán	241	an-ang,uan-uang,j-q-x	1
主要	zhǔ yào	243	ao-ou,z-zh	1
继续	jì xù	244	j-q-x	1
革命	gé mìng	246	in-ing	1
之后	zhī hòu	247	ao-ou,z-zh,h-f	1
参加	cān jiā	248	an-ang,ia-ie,c-ch,j-q-x	1
能够	néng gòu	249	en-eng,ao-ou,n-l	1
上海	shàng hǎi	251	an-ang,ai-ei,s-sh,h-f	1
经过	jīng guò	252	in-ing,ua-uo,j-q-x	1
非常	fēi cháng	253	an-ang,ai-ei,c-ch,h-f	1
甚至	shèn zhì	255	en-eng,z-zh,s-sh	1
一直	yī zhí	258	z-zh	1
学习	xué xí	259	j-q-x	1
所以	suǒ yǐ	262	ua-uo,s-sh	1
代表	dài biǎo	263	ai-ei	1
最后	zuì hòu	265	ao-ou,z-zh,h-f	1
一起	yī qǐ	266	j-q-x	1
所有	suǒ yǒu	268	ao-ou,ua-uo,s-sh	1
那么	nà me	269	n-l	1
办法	bàn fǎ	273	an-ang,h-f	1
有些	yǒu xiē	275	ao-ou,ia-ie,j-q-x	1
通过	tōng guò	277	ua-uo	1
解决	jiě jué	281	ia-ie,j-q-x	1
一般	yī bān	282	an-ang	1
或者	huò zhě	287	ua-uo,z-zh,h-f	1
时代	shí dài	288	ai-ei,s-sh	1
作品	zuò pǐn	290	in-ing,ua-uo,z-zh	1
不断	bù duàn	291	uan-uang	1
以后	yǐ hòu	292	ao-ou,h-f	1
关于	guān yú	293	uan-uang	1
青年	qīng nián	294	in-ing,ian-iang,n-l,j-q-x	1
各种	gè zhǒng	295	z-zh	1
其他	qí tā	297	j-q-x	1
农民	nóng mín	298	in-ing,n-l	1
那些	nà xiē	299	ia-ie,n-l,j-q-x	1
有的	yǒu de	302	ao-ou	1
根本	gēn běn	304	en-eng	1
作者	zuò zhě	306	ua-uo,z-zh	1
感到	gǎn dào	310	an-ang,ao-ou	1
怎么	zěn me	311	en-eng,z-zh	1
任何	rèn hé	312	en-eng,h-f,r-l	1
表现	biǎo xiàn	314	ian-iang,j-q-x	1
存在	cún zài	316	ai-ei,z-zh,c-ch	1
然而	rán ér	317	an-ang,r-l	1
准备	zhǔn bèi	318	ai-ei,z-zh	1
比较	bǐ jiào	321	j-q-x	1
书记	shū jì	322	s-sh,j-q-x	1
单位	dān wèi	324	an-ang,ai-ei	1
群众	qún zhòng	325	z-zh,j-q-x	1
应当	yīng dāng	326	in-ing,an-ang	1
个人	gè rén	331	en-eng,r-l	1
全国	quán guó	333	uan-uang,ua-uo,j-q-x	1
意义	yì yì	334		1
条件	tiáo jiàn	336	ian-iang,j-q-x	1
环境	huán jìng	337	in-ing,uan-uang,h-f,j-q-x	1
了解	liǎo jiě	338	ia-ie,n-l,r-l,j-q-x	1
力量	lì liàng	340	ian-iang,n-l,r-l	1
不仅	bù jǐn	341	in-ing,j-q-x	1
目前	mù qián	342	ian-iang,j-q-x	1
经验	jīng yàn	343	in-ing,an-ang,j-q-x	1
产生	chǎn shēng	344	en-eng,an-ang,c-ch,s-sh	1
真正	zhēn zhèng	345	en-eng,z-zh	1
有关	yǒu guān	348	uan-uang,ao-ou	1
会议	huì yì	350	h-f	1
生命	shēng mìng	351	en-eng,in-ing,s-sh	1
今年	jīn nián	352	in-ing,ian-iang,n-l,j-q-x	1
努力	nǔ lì	353	n-l,r-l	1
意见	yì jiàn	359	ian-iang,j-q-x	1
民族	mín zú	361	in-ing,z-zh	1
只要	zhǐ yào	363	ao-ou,z-zh	1
文学	wén xué	364	en-eng,j-q-x	1
成功	chéng gōng	365	en-eng,c-ch	1
变化	biàn huà	366	ian-iang,ua-uo,h-f	1
你们	nǐ men	369	en-eng,n-l	1
地区	dì qū	371	j-q-x	1
注意	zhù yì	375	z-zh	1
当然	dāng rán	376	an-ang,r-l	1
家庭	jiā tíng	380	in-ing,ia-ie,j-q-x	1
原因	yuán yīn	381	in-ing,uan-uang	1
进入	jìn rù	382	in-ing,r-l,j-q-x	1
介绍	jiè shào	384	ao-ou,ia-ie,s-sh,j-q-x	1
下来	xià lái	385	ai-ei,ia-ie,n-l,r-l,j-q-x	1
事情	shì qing	386	in-ing,s-sh,j-q-x	1
方式	fāng shì	387	an-ang,s-sh,h-f	1
计划	jì huà	389	ua-uo,h-f,j-q-x	1
人类	rén lèi	390	en-eng,ai-ei,n-l,r-l	1
报告	bào gào	391	ao-ou	1
世纪	shì jì	392	s-sh,j-q-x	1
方法	fāng fǎ	393	an-ang,h-f	1
电话	diàn huà	401	ian-iang,ua-uo,h-f	1
能力	néng lì	402	en-eng,n-l,r-l	1
作用	zuò yòng	404	ua-uo,z-zh	1
如此	rú cǐ	406	c-ch,r-l	1
困难	kùn nan	407	an-ang,n-l	1
多少	duō shǎo	408	ao-ou,ua-uo,s-sh	1
随着	suí zhe	411	z-zh,s-sh	1
农村	nóng cūn	416	c-ch,n-l	1
具有	jù yǒu	417	ao-ou,j-q-x	1
现代	xiàn dài	418	ian-iang,ai-ei,j-q-x	1
全部	quán bù	419	uan-uang,j-q-x	1
运动	yùn dòng	420		1
内容	nèi róng	422	ai-ei,n-l,r-l	1
帮助	bāng zhù	423	an-ang,z-zh	1
文艺	wén yì	424	en-eng	1
主任	zhǔ rèn	426	en-eng,z-zh,r-l	1
事业	shì yè	428	s-sh	1
汽车	qì chē	429	c-ch,j-q-x	1
技术	jì shù	431	s-sh,j-q-x	1
中央	zhōng yāng	432	an-ang,z-zh	1
记者	jì zhě	436	z-zh,j-q-x	1
只是	zhǐ shì	437	z-zh,s-sh	1
人员	rén yuán	439	en-eng,uan-uang,r-l	1
以来	yǐ lái	440	ai-ei,n-l,r-l	1
觉得	jué de	442	j-q-x	1
左右	zuǒ yòu	445	ao-ou,ua-uo,z-zh	1
建设	jiàn shè	446	ian-iang,s-sh,j-q-x	1
利用	lì yòng	447	n-l,r-l	1
怎样	zěn yàng	449	en-eng,an-ang,z-zh	1
行为	xíng wéi	450	in-ing,ai-ei,j-q-x	1
于是	yú shì	451	s-sh	1
朋友	péng you	452	en-eng,ao-ou	1
正是	zhèng shì	453	en-eng,z-zh,s-sh	1
受到	shòu dào	454	ao-ou,s-sh	1
人物	rén wù	455	en-eng,r-l	1
接受	jiē shòu	457	ao-ou,ia-ie,s-sh,j-q-x	1
来到	lái dào	458	ai-ei,ao-ou,n-l,r-l	1
这么	zhè me	460	z-zh	1
发表	fā biǎo	463	h-f	1
原来	yuán lái	465	uan-uang,ai-ei,n-l,r-l	1
生产	shēng chǎn	466	en-eng,an-ang,c-ch,s-sh	1
大学	dà xué	468	j-q-x	1
认真	rèn zhēn	469	en-eng,z-zh,r-l	1
过程	guò chéng	470	en-eng,ua-uo,c-ch	1
有人	yǒu rén	471	en-eng,ao-ou,r-l	1
创造	chuàng zào	473	uan-uang,ao-ou,z-zh,c-ch	1
增加	zēng jiā	475	en-eng,ia-ie,z-zh,j-q-x	1
不过	bù guò	476	ua-uo	1
以上	yǐ shàng	477	an-ang,s-sh	1
它们	tā men	479	en-eng	1
无法	wú fǎ	481	h-f	1
时期	shí qī	482	s-sh,j-q-x	1
更加	gèng jiā	483	en-eng,ia-ie,j-q-x	1
传统	chuán tǒng	484	uan-uang,c-ch	1
支持	zhī chí	485	z-zh,c-ch	1
根据	gēn jù	486	en-eng,j-q-x	1
市场	shì chǎng	487	an-ang,c-ch,s-sh	1
包括	bāo kuò	488	ao-ou,ua-uo	1
直接	zhí jiē	489	ia-ie,z-zh,j-q-x	1
机会	jī huì	491	h-f,j-q-x	1
政策	zhèng cè	492	en-eng,z-zh,c-ch	1
科学	kē xué	493	j-q-x	1
几乎	jī hū	494	h-f,j-q-x	1
提高	tí gāo	495	ao-ou	1
坚持	jiān chí	498	ian-iang,c-ch,j-q-x	1
可是	kě shì	499	s-sh	1
实际	shí jì	500	s-sh,j-q-x	1
完成	wán chéng	501	en-eng,an-ang,c-ch	1
引起	yǐn qǐ	502	in-ing,j-q-x	1
责任	zé rèn	504	en-eng,z-zh,r-l	1
后来	hòu lái	505	ai-ei,ao-ou,n-l,h-f,r-l	1
劳动	láo dòng	506	ao-ou,n-l,r-l	1
任务	rèn wu	507	en-eng,r-l	1
知识	zhī shi	508	z-zh,s-sh	1
部队	bù duì	510		1
部分	bù fen	512	en-eng,h-f	1
母亲	mǔ qīn	513	in-ing,j-q-x	1
首先	shǒu xiān	514	ian-iang,ao-ou,s-sh,j-q-x	1
保护	bǎo hù	516	ao-ou,h-f	1
理论	lǐ lùn	517	n-l,r-l	1
形式	xíng shì	518	in-ing,s-sh,j-q-x	1
医院	yī yuàn	519	uan-uang	1
不可	bù kě	520		1
行动	xíng dòng	522	in-ing,j-q-x	1
仍然	réng rán	523	en-eng,an-ang,r-l	1
处理	chǔ lǐ	524	c-ch,n-l,r-l	1
去年	qù nián	526	ian-iang,n-l,j-q-x	1
形成	xíng chéng	527	en-eng,in-ing,c-ch,j-q-x	1
改变	gǎi biàn	529	ian-iang,ai-ei	1
那样	nà yàng	530	an-ang,n-l	1
香港	xiāng gǎng	531	an-ang,ian-iang,j-q-x	1
相信	xiāng xìn	532	in-ing,ian-iang,j-q-x	1
老师	lǎo shī	535	ao-ou,s-sh,n-l,r-l	1
新闻	xīn wén	536	en-eng,in-ing,j-q-x	1
地位	dì wèi	539	ai-ei	1
除了	chú le	540	c-ch,n-l,r-l	1
企业	qǐ yè	541	j-q-x	1
终于	zhōng yú	544	z-zh	1
主席	zhǔ xí	545	z-zh,j-q-x	1
严重	yán zhòng	546	an-ang,z-zh	1
容易	róng yì	547	r-l	1
法律	fǎ lǜ	548	n-l,h-f,r-l	1
建立	jiàn lì	549	ian-iang,n-l,r-l,j-q-x	1
其实	qí shí	551	s-sh,j-q-x	1
服务	fú wù	552	h-f	1
意识	yì shí	553	s-sh	1
自由	zì yóu	554	ao-ou,z-zh	1
实现	shí xiàn	555	ian-iang,s-sh,j-q-x	1
达到	dá dào	559	ao-ou	1
然后	rán hòu	560	an-ang,ao-ou,h-f,r-l	1
战争	zhàn zhēng	561	en-eng,an-ang,z-zh	1
态度	tài dù	562	ai-ei	1
改革	gǎi gé	563	ai-ei	1
不是	bù shi	564	s-sh	1
现实	xiàn shí	565	ian-iang,s-sh,j-q-x	1
说明	shuō míng	567	in-ing,ua-uo,s-sh	1
使用	shǐ yòng	568	s-sh	1
回答	huí dá	570	h-f	1
共同	gòng tóng	572		1
规定	guī dìng	574	in-ing	1
一下	yī xià	575	ia-ie,j-q-x	1
管理	guǎn lǐ	576	uan-uang,n-l,r-l	1
如今	rú jīn	578	in-ing,r-l,j-q-x	1
年代	nián dài	580	ian-iang,ai-ei,n-l	1
变成	biàn chéng	581	en-eng,ian-iang,c-ch	1
中心	zhōng xīn	582	in-ing,z-zh,j-q-x	1
父亲	fù qīn	585	in-ing,h-f,j-q-x	1
国际	guó jì	586	ua-uo,j-q-x	1
高兴	gāo xìng	587	in-ing,ao-ou,j-q-x	1
理解	lǐ jiě	588	ia-ie,n-l,r-l,j-q-x	1
保持	bǎo chí	589	ao-ou,c-ch	1
选择	xuǎn zé	592	uan-uang,z-zh,j-q-x	1
心理	xīn lǐ	594	in-ing,n-l,r-l,j-q-x	1
尽管	jǐn guǎn	595	in-ing,uan-uang,j-q-x	1
斗争	dòu zhēng	598	en-eng,ao-ou,z-zh	1
反对	fǎn duì	599	an-ang,h-f	1
创作	chuàng zuò	600	uan-uang,ua-uo,z-zh,c-ch	1
造成	zào chéng	602	en-eng,ao-ou,z-zh,c-ch	1
是否	shì fǒu	603	ao-ou,s-sh,h-f	1
下去	xià qù	604	ia-ie,j-q-x	1
总是	zǒng shì	605	z-zh,s-sh	1
获得	huò dé	607	ua-uo,h-f	1
联系	lián xì	608	ian-iang,n-l,r-l,j-q-x	1
之一	zhī yī	609	z-zh	1
也是	yě shì	610	s-sh	1
所谓	suǒ wèi	612	ai-ei,ua-uo,s-sh	1
安排	ān pái	613	an-ang,ai-ei	1
目的	mù dì	614		1
伟大	wěi dà	615	ai-ei	1
工人	gōng rén	616	en-eng,r-l	1
制度	zhì dù	617	z-zh	1
精神	jīng shén	618	en-eng,in-ing,s-sh,j-q-x	1
小时	xiǎo shí	619	s-sh,j-q-x	1
似乎	sì hū	620	s-sh,h-f	1
下午	xià wǔ	624	ia-ie,j-q-x	1
尤其	yóu qí	629	ao-ou,j-q-x	1
老人	lǎo rén	630	en-eng,ao-ou,n-l,r-l	1
部门	bù mén	631	en-eng	1
水平	shuǐ píng	633	in-ing,s-sh	1
按照	àn zhào	634	an-ang,ao-ou,z-zh	1
机关	jī guān	635	uan-uang,j-q-x	1
心里	xīn lǐ	636	in-ing,n-l,r-l,j-q-x	1
离开	lí kāi	638	ai-ei,n-l,r-l	1
身体	shēn tǐ	639	en-eng,s-sh	1
面前	miàn qián	643	ian-iang,j-q-x	1
基础	jī chǔ	644	c-ch,j-q-x	1
别人	bié rén	646	en-eng,ia-ie,r-l	1
以前	yǐ qián	649	ian-iang,j-q-x	1
价值	jià zhí	653	ia-ie,z-zh,j-q-x	1
结束	jié shù	656	ia-ie,s-sh,j-q-x	1
妇女	fù nǚ	657	n-l,h-f	1
教授	jiāo shòu	658	ao-ou,s-sh,j-q-x	1
军事	jūn shì	659	s-sh,j-q-x	1
基本	jī běn	660	en-eng,j-q-x	1
儿子	ér zi	661	z-zh	1
并且	bìng qiě	666	in-ing,ia-ie,j-q-x	1
那里	nà lǐ	667	n-l,r-l	1
统一	tǒng yī	672		1
重新	chóng xīn	673	in-ing,c-ch,j-q-x	1
方向	fāng xiàng	674	an-ang,ian-iang,h-f,j-q-x	1
往往	wǎng wǎng	677	an-ang	1
考虑	kǎo lǜ	678	ao-ou,n-l,r-l	1
重大	zhòng dà	679	z-zh	1
之中	zhī zhōng	682	z-zh	1
人才	rén cái	683	en-eng,ai-ei,c-ch,r-l	1
总统	zǒng tǒng	684	z-zh	1
感觉	gǎn jué	685	an-ang,j-q-x	1
具体	jù tǐ	687	j-q-x	1
文章	wén zhāng	689	en-eng,an-ang,z-zh	1
现象	xiàn xiàng	690	ian-iang,j-q-x	1
立即	lì jí	691	n-l,r-l,j-q-x	1
材料	cái liào	692	ai-ei,c-ch,n-l,r-l	1
不得	bù dé	693		1
证明	zhèng míng	695	en-eng,in-ing,z-zh	1
年轻	nián qīng	697	in-ing,ian-iang,n-l,j-q-x	1
事实	shì shí	699	s-sh	1
分别	fēn bié	701	en-eng,ia-ie,h-f	1
矛盾	máo dùn	702	ao-ou	1
不再	bù zài	703	ai-ei,z-zh	1
积极	jī jí	704	j-q-x	1
语言	yǔ yán	705	an-ang	1
巨大	jù dà	707	j-q-x	1
安全	ān quán	709	an-ang,uan-uang,j-q-x	1
提供	tí gōng	710		1
讨论	tǎo lùn	711	ao-ou,n-l,r-l	1
取得	qǔ dé	712	j-q-x	1
始终	shǐ zhōng	713	z-zh,s-sh	1
程度	chéng dù	714	en-eng,c-ch	1
分析	fēn xī	716	en-eng,h-f,j-q-x	1
消息	xiāo xi	717	j-q-x	1
检查	jiǎn chá	718	ian-iang,c-ch,j-q-x	1
宣传	xuān chuán	719	uan-uang,c-ch,j-q-x	1
世界	shì jiè	720	ia-ie,s-sh,j-q-x	1
相当	xiāng dāng	721	an-ang,ian-iang,j-q-x	1
英国	yīng guó	723	in-ing,ua-uo	1
合作	hé zuò	724	ua-uo,z-zh,h-f	1
发出	fā chū	725	c-ch,h-f	1
电影	diàn yǐng	726	in-ing,ian-iang	1
另外	lìng wài	727	in-ing,ai-ei,n-l,r-l	1
身上	shēn shang	728	en-eng,an-ang,s-sh	1
肯定	kěn dìng	730	en-eng,in-ing	1
举行	jǔ xíng	731	in-ing,j-q-x	1
目标	mù biāo	732		1
反映	fǎn yìng	733	in-ing,an-ang,h-f	1
医生	yī shēng	736	en-eng,s-sh	1
成立	chéng lì	737	en-eng,c-ch,n-l,r-l	1
充分	chōng fèn	739	en-eng,c-ch,h-f	1
突然	tū rán	741	an-ang,r-l	1
工程	gōng chéng	742	en-eng,c-ch	1
一边	yī biān	744	ian-iang	1
永远	yǒng yuǎn	745	uan-uang	1
标准	biāo zhǔn	746	z-zh	1
原则	yuán zé	747	uan-uang,z-zh	1
同样	tóng yàng	748	an-ang	1
控制	kòng zhì	749	z-zh	1
队伍	duì wu	750		1
结构	jié gòu	751	ao-ou,ia-ie,j-q-x	1
晚上	wǎn shang	752	an-ang,s-sh	1
指出	zhǐ chū	753	z-zh,c-ch	1
调查	diào chá	754	c-ch	1
农业	nóng yè	756	n-l	1
家里	jiā lǐ	757	ia-ie,n-l,r-l,j-q-x	1
清楚	qīng chu	759	in-ing,c-ch,j-q-x	1
采取	cǎi qǔ	760	ai-ei,c-ch,j-q-x	1
集中	jí zhōng	762	z-zh,j-q-x	1
明显	míng xiǎn	764	in-ing,ian-iang,j-q-x	1
粮食	liáng shi	765	ian-iang,s-sh,n-l,r-l	1
结合	jié hé	767	ia-ie,h-f,j-q-x	1
保证	bǎo zhèng	768	en-eng,ao-ou,z-zh	1
喜欢	xǐ huan	771	uan-uang,h-f,j-q-x	1
最近	zuì jìn	773	in-ing,z-zh,j-q-x	1
收入	shōu rù	776	ao-ou,s-sh,r-l	1
实行	shí xíng	778	in-ing,s-sh,j-q-x	1
面对	miàn duì	781	ian-iang	1
愿意	yuàn yì	782	uan-uang	1
系统	xì tǒng	784	j-q-x	1
形象	xíng xiàng	785	in-ing,ian-iang,j-q-x	1
国内	guó nèi	789	ai-ei,ua-uo,n-l	1
人生	rén shēng	791	en-eng,s-sh,r-l	1
充满	chōng mǎn	795	an-ang,c-ch	1
负责	fù zé	797	z-zh,h-f	1
感情	gǎn qíng	798	in-ing,an-ang,j-q-x	1
利益	lì yì	799	n-l,r-l	1
等等	děng děng	800	en-eng	1
和平	hé píng	801	in-ing,h-f	1
声音	shēng yīn	802	en-eng,in-ing,s-sh	1
观念	guān niàn	803	ian-iang,uan-uang,n-l	1
经常	jīng cháng	804	in-ing,an-ang,c-ch,j-q-x	1
关心	guān xīn	806	in-ing,uan-uang,j-q-x	1
解释	jiě shì	807	ia-ie,s-sh,j-q-x	1
道德	dào dé	808	ao-ou	1
还有	hái yǒu	810	ai-ei,ao-ou,h-f	1
同学	tóng xué	812	j-q-x	1
进步	jìn bù	813	in-ing,j-q-x	1
她们	tā men	815	en-eng	1
经营	jīng yíng	817	in-ing,j-q-x	1
作家	zuò jiā	818	ia-ie,ua-uo,z-zh,j-q-x	1
教师	jiào shī	821	s-sh,j-q-x	1
回来	huí lái	823	ai-ei,n-l,h-f,r-l	1
出版	chū bǎn	825	an-ang,c-ch	1
也许	yě xǔ	828	j-q-x	1
加强	jiā qiáng	830	ian-iang,ia-ie,j-q-x	1
健康	jiàn kāng	832	an-ang,ian-iang,j-q-x	1
道路	dào lù	834	ao-ou,n-l,r-l	1
迅速	xùn sù	836	s-sh,j-q-x	1
正确	zhèng què	838	en-eng,z-zh,j-q-x	1
产品	chǎn pǐn	839	in-ing,an-ang,c-ch	1
信息	xìn xī	840	in-ing,j-q-x	1
深入	shēn rù	841	en-eng,s-sh,r-l	1
胜利	shèng lì	842	en-eng,s-sh,n-l,r-l	1
发挥	fā huī	844	h-f	1
读者	dú zhě	845	z-zh	1
眼睛	yǎn jing	846	in-ing,an-ang,j-q-x	1
简单	jiǎn dān	848	an-ang,ian-iang,j-q-x	1
台湾	tái wān	851	an-ang,ai-ei	1
留下	liú xià	852	ia-ie,n-l,r-l,j-q-x	1
女子	nǚ zǐ	856	z-zh,n-l	1
曾经	céng jīng	859	en-eng,in-ing,c-ch,j-q-x	1
项目	xiàng mù	860	ian-iang,j-q-x	1
专家	zhuān jiā	861	uan-uang,ia-ie,z-zh,j-q-x	1
重视	zhòng shì	862	z-zh,s-sh	1
来自	lái zì	863	ai-ei,z-zh,n-l,r-l	1
设计	shè jì	864	s-sh,j-q-x	1
丰富	fēng fù	866	en-eng,h-f	1
理想	lǐ xiǎng	867	ian-iang,n-l,r-l,j-q-x	1
双方	shuāng fāng	870	an-ang,uan-uang,s-sh,h-f	1
欢迎	huān yíng	873	in-ing,uan-uang,h-f	1
恢复	huī fù	874	h-f	1
不足	bù zú	877	z-zh	1
属于	shǔ yú	878	s-sh	1
工业	gōng yè	879		1
音乐	yīn yuè	880	in-ing	1
满足	mǎn zú	882	an-ang,z-zh	1
质量	zhì liàng	886	ian-iang,z-zh,n-l,r-l	1
自然	zì rán	887	an-ang,z-zh,r-l	1
抓住	zhuā zhù	888	ua-uo,z-zh	1
日子	rì zi	890	z-zh,r-l	1
期间	qī jiān	891	ian-iang,j-q-x	1
投资	tóu zī	892	ao-ou,z-zh	1
法国	fǎ guó	893	ua-uo,h-f	1
过去	guò qù	894	ua-uo,j-q-x	1
紧张	jǐn zhāng	895	in-ing,an-ang,z-zh,j-q-x	1
比赛	bǐ sài	899	ai-ei,s-sh	1
阶段	jiē duàn	900	uan-uang,ia-ie,j-q-x	1
开发	kāi fā	901	ai-ei,h-f	1
范围	fàn wéi	902	an-ang,ai-ei,h-f	1
分钟	fēn zhōng	904	en-eng,z-zh,h-f	1
不知	bù zhī	905	z-zh	1
大会	dà huì	906	h-f	1
总理	zǒng lǐ	907	z-zh,n-l,r-l	1
全面	quán miàn	910	ian-iang,uan-uang,j-q-x	1
未来	wèi lái	911	ai-ei,n-l,r-l	1
人口	rén kǒu	914	en-eng,ao-ou,r-l	1
扩大	kuò dà	915	ua-uo	1
即使	jí shǐ	916	s-sh,j-q-x	1
军队	jūn duì	917	j-q-x	1
难以	nán yǐ	918	an-ang,n-l	1
外国	wài guó	919	ai-ei,ua-uo	1
先进	xiān jìn	920	in-ing,ian-iang,j-q-x	1
银行	yín háng	921	in-ing,an-ang,h-f	1
事件	shì jiàn	922	ian-iang,s-sh,j-q-x	1
热情	rè qíng	923	in-ing,r-l,j-q-x	1
常常	cháng cháng	924	an-ang,c-ch	1
强烈	qiáng liè	925	ian-iang,ia-ie,n-l,r-l,j-q-x	1
必要	bì yào	926	ao-ou	1
文明	wén míng	927	en-eng,in-ing	1
手段	shǒu duàn	928	uan-uang,ao-ou,s-sh	1
建议	jiàn yì	931	ian-iang,j-q-x	1
女儿	nǚ ér	933	n-l	1
特殊	tè shū	934	s-sh	1
复杂	fù zá	937	z-zh,h-f	1
战士	zhàn shì	938	an-ang,z-zh,s-sh	1
作为	zuò wéi	939	ai-ei,ua-uo,z-zh	1
形势	xíng shì	940	in-ing,s-sh,j-q-x	1
无论	wú lùn	941	n-l,r-l	1
机构	jī gòu	942	ao-ou,j-q-x	1
执行	zhí xíng	943	in-ing,z-zh,j-q-x	1
讲话	jiǎng huà	944	ian-iang,ua-uo,h-f,j-q-x	1
以为	yǐ wéi	945	ai-ei	1
同意	tóng yì	948		1
分子	fèn zǐ	949	en-eng,z-zh,h-f	1
实践	shí jiàn	952	ian-iang,s-sh,j-q-x	1
科技	kē jì	953	j-q-x	1
建筑	jiàn zhù	954	ian-iang,z-zh,j-q-x	1
之前	zhī qián	957	ian-iang,z-zh,j-q-x	1
广大	guǎng dà	958	uan-uang	1
那个	nà ge	960	n-l	1
长期	cháng qī	962	an-ang,c-ch,j-q-x	1
专门	zhuān mén	964	en-eng,uan-uang,z-zh	1
大量	dà liàng	966	ian-iang,n-l,r-l	1
改造	gǎi zào	967	ai-ei,ao-ou,z-zh	1
民主	mín zhǔ	969	in-ing,z-zh	1
成绩	chéng jì	970	en-eng,c-ch,j-q-x	1
父母	fù mǔ	972	h-f	1
培养	péi yǎng	975	an-ang,ai-ei	1
哪里	nǎ lǐ	976	n-l,r-l	1
强调	qiáng diào	978	ian-iang,j-q-x	1
相互	xiāng hù	979	ian-iang,h-f,j-q-x	1
超过	chāo guò	982	ao-ou,ua-uo,c-ch	1
正式	zhèng shì	983	en-eng,z-zh,s-sh	1
著名	zhù míng	984	in-ing,z-zh	1
批评	pī píng	987	in-ing	1
稳定	wěn dìng	988	en-eng,in-ing	1
明白	míng bai	989	in-ing,ai-ei	1
出口	chū kǒu	991	ao-ou,c-ch	1
重点	zhòng diǎn	992	ian-iang,z-zh	1
资金	zī jīn	994	in-ing,z-zh,j-q-x	1
指导	zhǐ dǎo	995	ao-ou,z-zh	1
状态	zhuàng tài	997	uan-uang,ai-ei,z-zh	1
祖国	zǔ guó	998	ua-uo,z-zh	1
不但	bù dàn	999	an-ang	1
报道	bào dào	1001	ao-ou	1
开展	kāi zhǎn	1003	an-ang,ai-ei,z-zh	1
投入	tóu rù	1004	ao-ou,r-l	1
高度	gāo dù	1006	ao-ou	1
独立	dú lì	1008	n-l,r-l	1
电视	diàn shì	1009	ian-iang,s-sh	1
妈妈	mā ma	1010		1
职工	zhí gōng	1011	z-zh	1
增长	zēng zhǎng	1013	en-eng,an-ang,z-zh	1
各地	gè dì	1014		1
有时	yǒu shí	1016	ao-ou,s-sh	1
深刻	shēn kè	1017	en-eng,s-sh	1
以下	yǐ xià	1018	ia-ie,j-q-x	1
刚刚	gāng gāng	1019	an-ang	1
主张	zhǔ zhāng	1020	an-ang,z-zh	1
明确	míng què	1022	in-ing,j-q-x	1
习惯	xí guàn	1023	uan-uang,j-q-x	1
调整	tiáo zhěng	1024	en-eng,z-zh	1
交通	jiāo tōng	1025	j-q-x	1
因素	yīn sù	1026	in-ing,s-sh	1
行政	xíng zhèng	1028	en-eng,in-ing,z-zh,j-q-x	1
追求	zhuī qiú	1030	z-zh,j-q-x	1
关键	guān jiàn	1032	ian-iang,uan-uang,j-q-x	1
措施	cuò shī	1033	ua-uo,c-ch,s-sh	1
坚决	jiān jué	1034	ian-iang,j-q-x	1
承认	chéng rèn	1035	en-eng,c-ch,r-l	1
效果	xiào guǒ	1038	ua-uo,j-q-x	1
德国	dé guó	1039	ua-uo	1
宣布	xuān bù	1041	uan-uang,j-q-x	1
上午	shàng wǔ	1042	an-ang,s-sh	1
失去	shī qù	1045	s-sh,j-q-x	1
资源	zī yuán	1046	uan-uang,z-zh	1
减少	jiǎn shǎo	1047	ian-iang,ao-ou,s-sh,j-q-x	1
领域	lǐng yù	1049	in-ing,n-l,r-l	1
先后	xiān hòu	1051	ian-iang,ao-ou,h-f,j-q-x	1
今后	jīn hòu	1052	in-ing,ao-ou,h-f,j-q-x	1
促进	cù jìn	1053	in-ing,c-ch,j-q-x	1
经历	jīng lì	1054	in-ing,n-l,r-l,j-q-x	1
有效	yǒu xiào	1055	ao-ou,j-q-x	1
特点	tè diǎn	1056	ian-iang	1
位置	wèi zhì	1057	ai-ei,z-zh	1
就要	jiù yào	1059	ao-ou,j-q-x	1
价格	jià gé	1060	ia-ie,j-q-x	1
部长	bù cháng	1061	an-ang,c-ch	1
过来	guò lái	1062	ai-ei,ua-uo,n-l,r-l	1
观众	guān zhòng	1063	uan-uang,z-zh	1
值得	zhí dé	1064	z-zh	1
正常	zhèng cháng	1066	en-eng,an-ang,z-zh,c-ch	1
地方	dì fang	1068	an-ang,h-f	1
破坏	pò huài	1069	h-f	1
看来	kàn lái	1070	an-ang,ai-ei,n-l,r-l	1
适应	shì yìng	1071	in-ing,s-sh	1
战略	zhàn lüè	1072	an-ang,z-zh,n-l,r-l	1
天气	tiān qì	1073	ian-iang,j-q-x	1
贡献	gòng xiàn	1076	ian-iang,j-q-x	1
突出	tū chū	1077	c-ch	1
欧洲	ōu zhōu	1078	ao-ou,z-zh	1
掌握	zhǎng wò	1079	an-ang,z-zh	1
错误	cuò wù	1080	ua-uo,c-ch	1
病人	bìng rén	1082	en-eng,in-ing,r-l	1
对象	duì xiàng	1083	ian-iang,j-q-x	1
确定	què dìng	1084	in-ing,j-q-x	1
实施	shí shī	1085	s-sh	1
此外	cǐ wài	1086	ai-ei,c-ch	1
满意	mǎn yì	1088	an-ang	1
英雄	yīng xióng	1090	in-ing,j-q-x	1
在于	zài yú	1094	ai-ei,z-zh	1
合理	hé lǐ	1095	n-l,h-f,r-l	1
普通	pǔ tōng	1096		1
竞争	jìng zhēng	1097	en-eng,in-ing,z-zh,j-q-x	1
当地	dāng dì	1098	an-ang	1
宗教	zōng jiào	1099	z-zh,j-q-x	1
联合	lián hé	1100	ian-iang,n-l,h-f,r-l	1
业务	yè wù	1101		1
物质	wù zhì	1102	z-zh	1
表明	biǎo míng	1103	in-ing	1
训练	xùn liàn	1104	ian-iang,n-l,r-l,j-q-x	1
一致	yī zhì	1105	z-zh	1
组成	zǔ chéng	1106	en-eng,z-zh,c-ch	1
专业	zhuān yè	1107	uan-uang,z-zh	1
网络	wǎng luò	1110	an-ang,ua-uo,n-l,r-l	1
权利	quán lì	1112	uan-uang,n-l,r-l,j-q-x	1
前进	qián jìn	1113	in-ing,ian-iang,j-q-x	1
成果	chéng guǒ	1114	en-eng,ua-uo,c-ch	1
显得	xiǎn de	1118	ian-iang,j-q-x	1
自身	zì shēn	1120	en-eng,z-zh,s-sh	1
指挥	zhǐ huī	1121	z-zh,h-f	1
演出	yǎn chū	1122	an-ang,c-ch	1
交流	jiāo liú	1123	n-l,r-l,j-q-x	1
天津	tiān jīn	1124	in-ing,ian-iang,j-q-x	1
设备	shè bèi	1126	ai-ei,s-sh	1
哲学	zhé xué	1127	z-zh,j-q-x	1
学者	xué zhě	1129	z-zh,j-q-x	1
卫生	wèi shēng	1130	en-eng,ai-ei,s-sh	1
缺乏	quē fá	1131	h-f,j-q-x	1
真实	zhēn shí	1133	en-eng,z-zh,s-sh	1
体现	tǐ xiàn	1134	ian-iang,j-q-x	1
飞机	fēi jī	1136	ai-ei,h-f,j-q-x	1
文字	wén zì	1137	en-eng,z-zh	1
严格	yán gé	1139	an-ang	1
依然	yī rán	1141	an-ang,r-l	1
称为	chēng wéi	1142	en-eng,ai-ei,c-ch	1
资料	zī liào	1144	z-zh,n-l,r-l	1
速度	sù dù	1148	s-sh	1
工资	gōng zī	1149	z-zh	1
至少	zhì shǎo	1151	ao-ou,z-zh,s-sh	1
儿童	ér tóng	1152		1
纷纷	fēn fēn	1153	en-eng,h-f	1
产业	chǎn yè	1154	an-ang,c-ch	1
明天	míng tiān	1155	in-ing,ian-iang	1
开放	kāi fàng	1156	an-ang,ai-ei,h-f	1
集体	jí tǐ	1157	j-q-x	1
体系	tǐ xì	1158	j-q-x	1
召开	zhào kāi	1161	ai-ei,ao-ou,z-zh	1
监督	jiān dū	1164	ian-iang,j-q-x	1
出发	chū fā	1169	c-ch,h-f	1
小说	xiǎo shuō	1172	ua-uo,s-sh,j-q-x	1
优秀	yōu xiù	1177	ao-ou,j-q-x	1
必然	bì rán	1178	an-ang,r-l	1
主动	zhǔ dòng	1180	z-zh	1
附近	fù jìn	1181	in-ing,h-f,j-q-x	1
动物	dòng wù	1182		1
解放	jiě fàng	1183	an-ang,ia-ie,h-f,j-q-x	1
有所	yǒu suǒ	1185	ao-ou,ua-uo,s-sh	1
看见	kàn jiàn	1186	an-ang,ian-iang,j-q-x	1
通知	tōng zhī	1187	z-zh	1
广告	guǎng gào	1188	uan-uang,ao-ou	1
体制	tǐ zhì	1189	z-zh	1
当前	dāng qián	1190	an-ang,ian-iang,j-q-x	1
从事	cóng shì	1191	c-ch,s-sh	1
至今	zhì jīn	1192	in-ing,z-zh,j-q-x	1
加入	jiā rù	1193	ia-ie,r-l,j-q-x	1
当年	dāng nián	1194	an-ang,ian-iang,n-l	1
财政	cái zhèng	1195	en-eng,ai-ei,z-zh,c-ch	1
广泛	guǎng fàn	1200	an-ang,uan-uang,h-f	1
及时	jí shí	1201	s-sh,j-q-x	1
良好	liáng hǎo	1202	ian-iang,ao-ou,n-l,h-f,r-l	1
各国	gè guó	1203	ua-uo	1
普遍	pǔ biàn	1205	ian-iang	1
损失	sǔn shī	1206	s-sh	1
团结	tuán jié	1207	uan-uang,ia-ie,j-q-x	1
姑娘	gū niáng	1209	ian-iang,n-l	1
死亡	sǐ wáng	1211	an-ang,s-sh	1
毕业	bì yè	1212		1
比如	bǐ rú	1215	r-l	1
名字	míng zi	1216	in-ing,z-zh	1
职业	zhí yè	1217	z-zh	1
从而	cóng ér	1220	c-ch	1
制定	zhì dìng	1225	in-ing,z-zh	1
互相	hù xiāng	1228	ian-iang,h-f,j-q-x	1
上来	shàng lái	1229	an-ang,ai-ei,s-sh,n-l,r-l	1
加上	jiā shàng	1230	an-ang,ia-ie,s-sh,j-q-x	1
参与	cān yù	1231	an-ang,c-ch	1
男子	nán zǐ	1233	an-ang,z-zh,n-l	1
面积	miàn jī	1234	ian-iang,j-q-x	1
直到	zhí dào	1235	ao-ou,z-zh	1
出去	chū qù	1236	c-ch,j-q-x	1
符合	fú hé	1237	h-f	1
本来	běn lái	1238	en-eng,ai-ei,n-l,r-l	1
身边	shēn biān	1240	en-eng,ian-iang,s-sh	1
幸福	xìng fú	1241	in-ing,h-f,j-q-x	1
确实	què shí	1242	s-sh,j-q-x	1
状况	zhuàng kuàng	1243	uan-uang,z-zh	1
空间	kōng jiān	1244	ian-iang,j-q-x	1
逐渐	zhú jiàn	1246	ian-iang,z-zh,j-q-x	1
推动	tuī dòng	1247		1
犯罪	fàn zuì	1248	an-ang,z-zh,h-f	1
美元	měi yuán	1249	uan-uang,ai-ei	1
打击	dǎ jī	1250	j-q-x	1
危险	wēi xiǎn	1251	ian-iang,ai-ei,j-q-x	1
说话	shuō huà	1252	ua-uo,s-sh,h-f	1
表演	biǎo yǎn	1253	an-ang	1
报纸	bào zhǐ	1254	ao-ou,z-zh	1
公开	gōng kāi	1255	ai-ei	1
显示	xiǎn shì	1256	ian-iang,s-sh,j-q-x	1
采用	cǎi yòng	1258	ai-ei,c-ch	1
最终	zuì zhōng	1259	z-zh	1
运用	yùn yòng	1260		1
委员	wěi yuán	1262	uan-uang,ai-ei	1
商品	shāng pǐn	1264	in-ing,an-ang,s-sh	1
规律	guī lǜ	1265	n-l,r-l	1
观察	guān chá	1266	uan-uang,c-ch	1
鼓励	gǔ lì	1267	n-l,r-l	1
优势	yōu shì	1269	ao-ou,s-sh	1
体育	tǐ yù	1270		1
大力	dà lì	1271	n-l,r-l	1
自我	zì wǒ	1272	z-zh	1
不管	bù guǎn	1273	uan-uang	1
马上	mǎ shàng	1274	an-ang,s-sh	1
走向	zǒu xiàng	1275	ian-iang,ao-ou,z-zh,j-q-x	1
西方	xī fāng	1276	an-ang,h-f,j-q-x	1
合同	hé tóng	1277	h-f	1
空气	kōng qì	1278	j-q-x	1
各个	gè gè	1280		1
周围	zhōu wéi	1281	ai-ei,ao-ou,z-zh	1
商业	shāng yè	1282	an-ang,s-sh	1
打开	dǎ kāi	1285	ai-ei	1
太阳	tài yáng	1286	an-ang,ai-ei	1
特色	tè sè	1288	s-sh	1
内部	nèi bù	1289	ai-ei,n-l	1
接着	jiē zhe	1290	ia-ie,z-zh,j-q-x	1
夫人	fū rén	1291	en-eng,h-f,r-l	1
给予	jǐ yǔ	1293	j-q-x	1
居民	jū mín	1295	in-ing,j-q-x	1
不久	bù jiǔ	1297	j-q-x	1
故事	gù shi	1298	s-sh	1
维护	wéi hù	1301	ai-ei,h-f	1
本身	běn shēn	1303	en-eng,s-sh	1
规模	guī mó	1304		1
权力	quán lì	1305	uan-uang,n-l,r-l,j-q-x	1
文件	wén jiàn	1307	en-eng,ian-iang,j-q-x	1
阳光	yáng guāng	1310	an-ang,uan-uang	1
分配	fēn pèi	1311	en-eng,ai-ei,h-f	1
加快	jiā kuài	1313	ia-ie,j-q-x	1
整个	zhěng gè	1314	en-eng,z-zh	1
综合	zōng hé	1317	z-zh,h-f	1
南京	nán jīng	1318	in-ing,an-ang,n-l,j-q-x	1
铁路	tiě lù	1322	ia-ie,n-l,r-l	1
拥有	yōng yǒu	1323	ao-ou	1
标题	biāo tí	1324		1
到底	dào dǐ	1325	ao-ou	1
平均	píng jūn	1326	in-ing,j-q-x	1
实在	shí zài	1327	ai-ei,z-zh,s-sh	1
公路	gōng lù	1329	n-l,r-l	1
中间	zhōng jiān	1334	ian-iang,z-zh,j-q-x	1
制造	zhì zào	1337	ao-ou,z-zh	1
方便	fāng biàn	1338	an-ang,ian-iang,h-f	1
应用	yìng yòng	1340	in-ing	1
热烈	rè liè	1342	ia-ie,n-l,r-l	1
落实	luò shí	1343	ua-uo,s-sh,n-l,r-l	1
保障	bǎo zhàng	1344	an-ang,ao-ou,z-zh	1
彻底	chè dǐ	1345	c-ch	1
素质	sù zhì	1346	z-zh,s-sh	1
成员	chéng yuán	1347	en-eng,uan-uang,c-ch	1
创新	chuàng xīn	1348	in-ing,uan-uang,c-ch,j-q-x	1
得了	dé le	1349	n-l,r-l	1
贯彻	guàn chè	1350	uan-uang,c-ch	1
局面	jú miàn	1352	ian-iang,j-q-x	1
观点	guān diǎn	1353	ian-iang,uan-uang	1
美丽	měi lì	1355	ai-ei,n-l,r-l	1
电子	diàn zǐ	1356	ian-iang,z-zh	1
方案	fāng àn	1357	an-ang,h-f	1
功能	gōng néng	1358	en-eng,n-l	1
成就	chéng jiù	1360	en-eng,c-ch,j-q-x	1
增强	zēng qiáng	1363	en-eng,ian-iang,z-zh,j-q-x	1
机制	jī zhì	1366	z-zh,j-q-x	1
对方	duì fāng	1367	an-ang,h-f	1
公里	gōng lǐ	1368	n-l,r-l	1
上面	shàng miàn	1371	an-ang,ian-iang,s-sh	1
全体	quán tǐ	1372	uan-uang,j-q-x	1
再次	zài cì	1373	ai-ei,z-zh,c-ch	1
反应	fǎn yìng	1374	in-ing,an-ang,h-f	1
因而	yīn ér	1375	in-ing	1
推进	tuī jìn	1377	in-ing,j-q-x	1
民间	mín jiān	1378	in-ing,ian-iang,j-q-x	1
客人	kè rén	1379	en-eng,r-l	1
享受	xiǎng shòu	1382	ian-iang,ao-ou,s-sh,j-q-x	1
印度	yìn dù	1384	in-ing	1
消费	xiāo fèi	1385	ai-ei,h-f,j-q-x	1
广州	guǎng zhōu	1386	uan-uang,ao-ou,z-zh	1
那时	nà shí	1391	s-sh,n-l	1
吸引	xī yǐn	1393	in-ing,j-q-x	1
完善	wán shàn	1394	an-ang,s-sh	1
行业	háng yè	1395	an-ang,h-f	1
改善	gǎi shàn	1396	an-ang,ai-ei,s-sh	1
某些	mǒu xiē	1397	ao-ou,ia-ie,j-q-x	1
情绪	qíng xù	1399	in-ing,j-q-x	1
党员	dǎng yuán	1400	an-ang,uan-uang	1
尊重	zūn zhòng	1401	z-zh	1
感受	gǎn shòu	1403	an-ang,ao-ou,s-sh	1
为主	wéi zhǔ	1406	ai-ei,z-zh	1
校长	xiào zhǎng	1410	an-ang,z-zh,j-q-x	1
亲自	qīn zì	1412	in-ing,z-zh,j-q-x	1
只好	zhǐ hǎo	1414	ao-ou,z-zh,h-f	1
自觉	zì jué	1417	z-zh,j-q-x	1
构成	gòu chéng	1419	en-eng,ao-ou,c-ch	1
规划	guī huà	1420	ua-uo,h-f	1
处于	chǔ yú	1421	c-ch	1
战斗	zhàn dòu	1423	an-ang,ao-ou,z-zh	1
敌人	dí rén	1426	en-eng,r-l	1
眼前	yǎn qián	1427	an-ang,ian-iang,j-q-x	1
典型	diǎn xíng	1428	in-ing,ian-iang,j-q-x	1
逐步	zhú bù	1431	z-zh	1
把握	bǎ wò	1432		1
探索	tàn suǒ	1436	an-ang,ua-uo,s-sh	1
一旦	yī dàn	1438	an-ang	1
生存	shēng cún	1439	en-eng,c-ch,s-sh	1
房子	fáng zi	1441	an-ang,z-zh,h-f	1
访问	fǎng wèn	1443	en-eng,an-ang,h-f	1
展开	zhǎn kāi	1444	an-ang,ai-ei,z-zh	1
之外	zhī wài	1445	ai-ei,z-zh	1
加以	jiā yǐ	1446	ia-ie,j-q-x	1
关注	guān zhù	1447	uan-uang,z-zh	1
读书	dú shū	1448	s-sh	1
方针	fāng zhēn	1449	en-eng,an-ang,z-zh,h-f	1
早已	zǎo yǐ	1450	ao-ou,z-zh	1
有着	yǒu zhe	1451	ao-ou,z-zh	1
一半	yī bàn	1452	an-ang	1
西部	xī bù	1453	j-q-x	1
规范	guī fàn	1454	an-ang,h-f	1
绿色	lǜ sè	1455	s-sh,n-l,r-l	1
一面	yī miàn	1456	ian-iang	1
相对	xiāng duì	1458	ian-iang,j-q-x	1
舞台	wǔ tái	1459	ai-ei	1
理由	lǐ yóu	1460	ao-ou,n-l,r-l	1
案件	àn jiàn	1462	an-ang,ian-iang,j-q-x	1
冲突	chōng tū	1463	c-ch	1
主义	zhǔ yì	1464	z-zh	1
命运	mìng yùn	1465	in-ing	1
集团	jí tuán	1466	uan-uang,j-q-x	1
有力	yǒu lì	1468	ao-ou,n-l,r-l	1
里面	lǐ miàn	1470	ian-iang,n-l,r-l	1
压力	yā lì	1471	n-l,r-l	1
生态	shēng tài	1473	en-eng,ai-ei,s-sh	1
中学	zhōng xué	1474	z-zh,j-q-x	1
广东	guǎng dōng	1475	uan-uang	1
仿佛	fǎng fú	1480	an-ang,h-f	1
听说	tīng shuō	1481	in-ing,ua-uo,s-sh	1
采访	cǎi fǎng	1483	an-ang,ai-ei,c-ch,h-f	1
依法	yī fǎ	1485	h-f	1
年龄	nián líng	1486	in-ing,ian-iang,n-l,r-l	1
相关	xiāng guān	1487	ian-iang,uan-uang,j-q-x	1
国外	guó wài	1488	ai-ei,ua-uo	1
小学	xiǎo xué	1489	j-q-x	1
谈话	tán huà	1490	an-ang,ua-uo,h-f	1
停止	tíng zhǐ	1494	in-ing,z-zh	1
绝对	jué duì	1495	j-q-x	1
加工	jiā gōng	1496	ia-ie,j-q-x	1
协调	xié tiáo	1497	ia-ie,j-q-x	1
转变	zhuǎn biàn	1498	ian-iang,uan-uang,z-zh	1
评价	píng jià	1499	in-ing,ia-ie,j-q-x	1
电脑	diàn nǎo	1500	ian-iang,ao-ou,n-l	1
目光	mù guāng	1503	uan-uang	1
小组	xiǎo zǔ	1506	z-zh,j-q-x	1
治疗	zhì liáo	1507	z-zh,n-l,r-l	1
大约	dà yuē	1508		1
持续	chí xù	1509	c-ch,j-q-x	1
显然	xiǎn rán	1510	an-ang,ian-iang,r-l,j-q-x	1
昨天	zuó tiān	1512	ian-iang,ua-uo,z-zh	1
心情	xīn qíng	1513	in-ing,j-q-x	1
面临	miàn lín	1516	in-ing,ian-iang,n-l,r-l	1
总结	zǒng jié	1517	ia-ie,z-zh,j-q-x	1
百姓	bǎi xìng	1518	in-ing,ai-ei,j-q-x	1
秩序	zhì xù	1519	z-zh,j-q-x	1
密切	mì qiè	1522	ia-ie,j-q-x	1
导致	dǎo zhì	1524	ao-ou,z-zh	1
今日	jīn rì	1525	in-ing,r-l,j-q-x	1
道理	dào lǐ	1526	ao-ou,n-l,r-l	1
各自	gè zì	1527	z-zh	1
统计	tǒng jì	1529	j-q-x	1
连续	lián xù	1530	ian-iang,n-l,r-l,j-q-x	1
基地	jī dì	1533	j-q-x	1
寻找	xún zhǎo	1537	ao-ou,z-zh,j-q-x	1
批准	pī zhǔn	1538	z-zh	1
武器	wǔ qì	1539	j-q-x	1
客观	kè guān	1540	uan-uang	1
表达	biǎo dá	1541		1
考察	kǎo chá	1543	ao-ou,c-ch	1
限制	xiàn zhì	1544	ian-iang,z-zh,j-q-x	1
照片	zhào piàn	1545	ian-iang,ao-ou,z-zh	1
学术	xué shù	1546	s-sh,j-q-x	1
山东	shān dōng	1548	an-ang,s-sh	1
整体	zhěng tǐ	1549	en-eng,z-zh	1
需求	xū qiú	1551	j-q-x	1
大陆	dà lù	1552	n-l,r-l	1
大事	dà shì	1553	s-sh	1
衣服	yī fu	1556	h-f	1
尚未	shàng wèi	1557	an-ang,ai-ei,s-sh	1
贸易	mào yì	1558	ao-ou	1
旅游	lǚ yóu	1559	ao-ou,n-l,r-l	1
演员	yǎn yuán	1563	an-ang,uan-uang	1
拒绝	jù jué	1565	j-q-x	1
设施	shè shī	1566	s-sh	1
下降	xià jiàng	1568	ian-iang,ia-ie,j-q-x	1
担心	dān xīn	1569	in-ing,an-ang,j-q-x	1
究竟	jiū jìng	1570	in-ing,j-q-x	1
程序	chéng xù	1571	en-eng,c-ch,j-q-x	1
数量	shù liàng	1572	ian-iang,s-sh,n-l,r-l	1
东西	dōng xi	1574	j-q-x	1
爸爸	bà ba	1576		1
高级	gāo jí	1577	ao-ou,j-q-x	1
顺利	shùn lì	1580	s-sh,n-l,r-l	1
放心	fàng xīn	1581	in-ing,an-ang,h-f,j-q-x	1
多种	duō zhǒng	1584	ua-uo,z-zh	1
模式	mó shì	1586	s-sh	1
势力	shì lì	1588	s-sh,n-l,r-l	1
生物	shēng wù	1589	en-eng,s-sh	1
性质	xìng zhì	1591	in-ing,z-zh,j-q-x	1
好像	hǎo xiàng	1593	ian-iang,ao-ou,h-f,j-q-x	1
配合	pèi hé	1594	ai-ei,h-f	1
党委	dǎng wěi	1595	an-ang,ai-ei	1
区域	qū yù	1596	j-q-x	1
引导	yǐn dǎo	1598	in-ing,ao-ou	1
金融	jīn róng	1600	in-ing,r-l,j-q-x	1
贷款	dài kuǎn	1601	uan-uang,ai-ei	1
销售	xiāo shòu	1602	ao-ou,s-sh,j-q-x	1
公共	gōng gòng	1603		1
主体	zhǔ tǐ	1604	z-zh	1
感谢	gǎn xiè	1605	an-ang,ia-ie,j-q-x	1
东北	dōng běi	1606	ai-ei	1
亚洲	yà zhōu	1609	ao-ou,z-zh	1
相同	xiāng tóng	1610	ian-iang,j-q-x	1
河南	hé nán	1613	an-ang,n-l,h-f	1
严肃	yán sù	1614	an-ang,s-sh	1
上述	shàng shù	1616	an-ang,s-sh	1
担任	dān rèn	1617	en-eng,an-ang,r-l	1
污染	wū rǎn	1618	an-ang,r-l	1
至于	zhì yú	1620	z-zh	1
成熟	chéng shú	1621	en-eng,c-ch,s-sh	1
痛苦	tòng kǔ	1622		1
地下	dì xià	1623	ia-ie,j-q-x	1
决心	jué xīn	1627	in-ing,j-q-x	1
别的	bié de	1630	ia-ie	1
将来	jiāng lái	1631	ian-iang,ai-ei,n-l,r-l,j-q-x	1
路线	lù xiàn	1632	ian-iang,n-l,r-l,j-q-x	1
主题	zhǔ tí	1635	z-zh	1
举办	jǔ bàn	1636	an-ang,j-q-x	1
降低	jiàng dī	1639	ian-iang,j-q-x	1
用于	yòng yú	1640		1
森林	sēn lín	1641	en-eng,in-ing,s-sh,n-l,r-l	1
此时	cǐ shí	1643	c-ch,s-sh	1
承担	chéng dān	1644	en-eng,an-ang,c-ch	1
博士	bó shì	1646	s-sh	1
落后	luò hòu	1648	ao-ou,ua-uo,n-l,h-f,r-l	1
人士	rén shì	1649	en-eng,s-sh,r-l	1
动作	dòng zuò	1650	ua-uo,z-zh	1
科研	kē yán	1651	an-ang	1
作风	zuò fēng	1654	en-eng,ua-uo,z-zh,h-f	1
大型	dà xíng	1657	in-ing,j-q-x	1
主持	zhǔ chí	1659	z-zh,c-ch	1
争取	zhēng qǔ	1663	en-eng,z-zh,j-q-x	1
结果	jié guǒ	1665	ia-ie,ua-uo,j-q-x	1
吃饭	chī fàn	1666	an-ang,c-ch,h-f	1
全球	quán qiú	1667	uan-uang,j-q-x	1
运输	yùn shū	1668	s-sh	1
协议	xié yì	1670	ia-ie,j-q-x	1
法院	fǎ yuàn	1671	uan-uang,h-f	1
成本	chéng běn	1672	en-eng,c-ch	1
当代	dāng dài	1673	an-ang,ai-ei	1
日期	rì qī	1674	r-l,j-q-x	1
标志	biāo zhì	1676	z-zh	1
天下	tiān xià	1677	ian-iang,ia-ie,j-q-x	1
食品	shí pǐn	1681	in-ing,s-sh	1
警察	jǐng chá	1682	in-ing,c-ch,j-q-x	1
培训	péi xùn	1683	ai-ei,j-q-x	1
决策	jué cè	1684	c-ch,j-q-x	1
避免	bì miǎn	1685	ian-iang	1
核心	hé xīn	1686	in-ing,h-f,j-q-x	1
接触	jiē chù	1687	ia-ie,c-ch,j-q-x	1
依靠	yī kào	1688	ao-ou	1
想象	xiǎng xiàng	1689	ian-iang,j-q-x	1
友好	yǒu hǎo	1690	ao-ou,h-f	1
老板	lǎo bǎn	1691	an-ang,ao-ou,n-l,r-l	1
似的	shì de	1692	s-sh	1
并非	bìng fēi	1693	in-ing,ai-ei,h-f	1
允许	yǔn xǔ	1696	j-q-x	1
一生	yī shēng	1697	en-eng,s-sh	1
基层	jī céng	1698	en-eng,c-ch,j-q-x	1
印象	yìn xiàng	1699	in-ing,ian-iang,j-q-x	1
推广	tuī guǎng	1700	uan-uang	1
节目	jié mù	1701	ia-ie,j-q-x	1
突破	tū pò	1706		1
转移	zhuǎn yí	1707	uan-uang,z-zh	1
奋斗	fèn dòu	1708	en-eng,ao-ou,h-f	1
时刻	shí kè	1709	s-sh	1
情感	qíng gǎn	1710	in-ing,an-ang,j-q-x	1
多么	duō me	1712	ua-uo	1
现场	xiàn chǎng	1713	an-ang,ian-iang,c-ch,j-q-x	1
足球	zú qiú	1714	z-zh,j-q-x	1
思考	sī kǎo	1715	ao-ou,s-sh	1
大小	dà xiǎo	1720	j-q-x	1
平衡	píng héng	1721	en-eng,in-ing,h-f	1
国有	guó yǒu	1722	ao-ou,ua-uo	1
出席	chū xí	1723	c-ch,j-q-x	1
熟悉	shú xi	1726	s-sh,j-q-x	1
医疗	yī liáo	1727	n-l,r-l	1
公民	gōng mín	1728	in-ing	1
涉及	shè jí	1729	s-sh,j-q-x	1
资格	zī gé	1731	z-zh	1
正文	zhèng wén	1733	en-eng,z-zh	1
距离	jù lí	1734	n-l,r-l,j-q-x	1
交换	jiāo huàn	1736	uan-uang,h-f,j-q-x	1
激动	jī dòng	1738	j-q-x	1
否则	fǒu zé	1741	ao-ou,z-zh,h-f	1
保险	bǎo xiǎn	1742	ian-iang,ao-ou,j-q-x	1
长江	cháng jiāng	1744	an-ang,ian-iang,c-ch,j-q-x	1
意思	yì si	1746	s-sh	1
财产	cái chǎn	1747	an-ang,ai-ei,c-ch	1
能源	néng yuán	1749	en-eng,uan-uang,n-l	1
趋势	qū shì	1750	s-sh,j-q-x	1
上升	shàng shēng	1751	en-eng,an-ang,s-sh	1
记得	jì de	1752	j-q-x	1
纪念	jì niàn	1753	ian-iang,n-l,j-q-x	1
法制	fǎ zhì	1756	z-zh,h-f	1
亲切	qīn qiè	1758	in-ing,ia-ie,j-q-x	1
不错	bù cuò	1761	ua-uo,c-ch	1
运行	yùn xíng	1763	in-ing,j-q-x	1
日益	rì yì	1767	r-l	1
义务	yì wù	1768		1
比例	bǐ lì	1769	n-l,r-l	1
休息	xiū xi	1771	j-q-x	1
办事	bàn shì	1774	an-ang,s-sh	1
试验	shì yàn	1775	an-ang,s-sh	1
品种	pǐn zhǒng	1776	in-ing,z-zh	1
的确	dí què	1777	j-q-x	1
患者	huàn zhě	1778	uan-uang,z-zh,h-f	1
考试	kǎo shì	1779	ao-ou,s-sh	1
数字	shù zì	1780	z-zh,s-sh	1
武装	wǔ zhuāng	1781	uan-uang,z-zh	1
选举	xuǎn jǔ	1784	uan-uang,j-q-x	1
设立	shè lì	1786	s-sh,n-l,r-l	1
费用	fèi yong	1787	ai-ei,h-f	1
针对	zhēn duì	1788	en-eng,z-zh	1
进展	jìn zhǎn	1789	in-ing,an-ang,z-zh,j-q-x	1
街道	jiē dào	1790	ao-ou,ia-ie,j-q-x	1
兴趣	xìng qù	1791	in-ing,j-q-x	1
平等	píng děng	1792	en-eng,in-ing	1
资本	zī běn	1793	en-eng,z-zh	1
经理	jīng lǐ	1794	in-ing,n-l,r-l,j-q-x	1
地球	dì qiú	1795	j-q-x	1
相比	xiāng bǐ	1796	ian-iang,j-q-x	1
重庆	zhòng qìng	1798	in-ing,z-zh,j-q-x	1
改进	gǎi jìn	1800	in-ing,ai-ei,j-q-x	1
办理	bàn lǐ	1801	an-ang,n-l,r-l	1
样子	yàng zi	1803	an-ang,z-zh	1
多次	duō cì	1804	ua-uo,c-ch	1
咱们	zán men	1806	en-eng,an-ang,z-zh	1
挑战	tiǎo zhàn	1807	an-ang,z-zh	1
切实	qiè shí	1810	ia-ie,s-sh,j-q-x	1
大地	dà dì	1813		1
从此	cóng cǐ	1814	c-ch	1
中的	zhòng dì	1816	z-zh	1
前面	qián miàn	1818	ian-iang,j-q-x	1
一阵	yī zhèn	1819	en-eng,z-zh	1
女人	nǚ rén	1820	en-eng,n-l,r-l	1
威胁	wēi xié	1821	ai-ei,ia-ie,j-q-x	1
系列	xì liè	1822	ia-ie,n-l,r-l,j-q-x	1
事故	shì gù	1823	s-sh	1
从来	cóng lái	1824	ai-ei,c-ch,n-l,r-l	1
深深	shēn shēn	1825	en-eng,s-sh	1
修改	xiū gǎi	1826	ai-ei,j-q-x	1
即将	jí jiāng	1827	ian-iang,j-q-x	1
人家	rén jia	1828	en-eng,ia-ie,r-l,j-q-x	1
背景	bèi jǐng	1830	in-ing,ai-ei,j-q-x	1
四川	sì chuān	1831	uan-uang,c-ch,s-sh	1
作战	zuò zhàn	1833	an-ang,ua-uo,z-zh	1
美好	měi hǎo	1834	ai-ei,ao-ou,h-f	1
命令	mìng lìng	1835	in-ing,n-l,r-l	1
引进	yǐn jìn	1836	in-ing,j-q-x	1
戏剧	xì jù	1837	j-q-x	1
朝鲜	cháo xiān	1839	ian-iang,ao-ou,c-ch,j-q-x	1
实验	shí yàn	1840	an-ang,s-sh	1
法规	fǎ guī	1841	h-f	1
官员	guān yuán	1843	uan-uang	1
首都	shǒu dū	1847	ao-ou,s-sh	1
数据	shù jù	1848	s-sh,j-q-x	1
效益	xiào yì	1849	j-q-x	1
信心	xìn xīn	1850	in-ing,j-q-x	1
传播	chuán bō	1851	uan-uang,c-ch	1
强大	qiáng dà	1852	ian-iang,j-q-x	1
工具	gōng jù	1853	j-q-x	1
进程	jìn chéng	1854	en-eng,in-ing,c-ch,j-q-x	1
气氛	qì fēn	1857	en-eng,h-f,j-q-x	1
石油	shí yóu	1858	ao-ou,s-sh	1
效率	xiào lǜ	1859	n-l,r-l,j-q-x	1
防止	fáng zhǐ	1860	an-ang,z-zh,h-f	1
海洋	hǎi yáng	1861	an-ang,ai-ei,h-f	1
非洲	fēi zhōu	1863	ai-ei,ao-ou,z-zh,h-f	1
加大	jiā dà	1864	ia-ie,j-q-x	1
特征	tè zhēng	1865	en-eng,z-zh	1
所在	suǒ zài	1866	ai-ei,ua-uo,z-zh,s-sh	1
女士	nǚ shì	1867	s-sh,n-l	1
用户	yòng hù	1868	h-f	1
激烈	jī liè	1869	ia-ie,n-l,r-l,j-q-x	1
执法	zhí fǎ	1870	z-zh,h-f	1
贫困	pín kùn	1871	in-ing	1
地上	dì shang	1872	an-ang,s-sh	1
使得	shǐ de	1875	s-sh	1
北方	běi fāng	1876	an-ang,ai-ei,h-f	1
宪法	xiàn fǎ	1877	ian-iang,h-f,j-q-x	1
友谊	yǒu yì	1878	ao-ou	1
依据	yī jù	1879	j-q-x	1
相应	xiāng yīng	1880	in-ing,ian-iang,j-q-x	1
回去	huí qù	1883	h-f,j-q-x	1
显著	xiǎn zhù	1884	ian-iang,z-zh,j-q-x	1
黄河	huáng hé	1885	uan-uang,h-f	1
快速	kuài sù	1886	s-sh	1
忘记	wàng jì	1887	an-ang,j-q-x	1
失败	shī bài	1888	ai-ei,s-sh	1
小姐	xiǎo jiě	1889	ia-ie,j-q-x	1
对待	duì dài	1891	ai-ei	1
负担	fù dān	1893	an-ang,h-f	1
风格	fēng gé	1895	en-eng,h-f	1
繁荣	fán róng	1898	an-ang,h-f,r-l	1
更为	gèng wéi	1900	en-eng,ai-ei	1
就业	jiù yè	1901	j-q-x	1
将军	jiāng jūn	1902	ian-iang,j-q-x	1
土地	tǔ dì	1905		1
情形	qíng xing	1906	in-ing,j-q-x	1
前来	qián lái	1908	ian-iang,ai-ei,n-l,r-l,j-q-x	1
例如	lì rú	1910	n-l,r-l	1
会见	huì jiàn	1911	ian-iang,h-f,j-q-x	1
推出	tuī chū	1912	c-ch	1
后面	hòu miàn	1914	ian-iang,ao-ou,h-f	1
兴奋	xīng fèn	1915	en-eng,in-ing,h-f,j-q-x	1
申请	shēn qǐng	1916	en-eng,in-ing,s-sh,j-q-x	1
才能	cái néng	1918	en-eng,ai-ei,c-ch,n-l	1
仪式	yí shì	1921	s-sh	1
妻子	qī zǐ	1924	z-zh,j-q-x	1
结婚	jié hūn	1925	ia-ie,h-f,j-q-x	1
看法	kàn fǎ	1926	an-ang,h-f	1
立场	lì chǎng	1927	an-ang,c-ch,n-l,r-l	1
角度	jiǎo dù	1928	j-q-x	1
日前	rì qián	1929	ian-iang,r-l,j-q-x	1
职务	zhí wù	1930	z-zh	1
交给	jiāo gěi	1931	ai-ei,j-q-x	1
实力	shí lì	1932	s-sh,n-l,r-l	1
准确	zhǔn què	1934	z-zh,j-q-x	1
成长	chéng zhǎng	1937	en-eng,an-ang,z-zh,c-ch	1
春节	chūn jié	1940	ia-ie,c-ch,j-q-x	1
跟着	gēn zhe	1941	en-eng,z-zh	1
带领	dài lǐng	1946	in-ing,ai-ei,n-l,r-l	1
软件	ruǎn jiàn	1949	ian-iang,uan-uang,r-l,j-q-x	1
家长	jiā zhǎng	1951	an-ang,ia-ie,z-zh,j-q-x	1
临时	lín shí	1952	in-ing,s-sh,n-l,r-l	1
邀请	yāo qǐng	1953	in-ing,ao-ou,j-q-x	1
发言	fā yán	1954	an-ang,h-f	1
以外	yǐ wài	1956	ai-ei	1
巩固	gǒng gù	1957		1
立法	lì fǎ	1959	n-l,h-f,r-l	1
感动	gǎn dòng	1960	an-ang	1
树立	shù lì	1961	s-sh,n-l,r-l	1
渐渐	jiàn jiàn	1962	ian-iang,j-q-x	1
途径	tú jìng	1964	in-ing,j-q-x	1
交往	jiāo wǎng	1965	an-ang,j-q-x	1
周年	zhōu nián	1968	ian-iang,ao-ou,z-zh,n-l	1
风险	fēng xiǎn	1972	en-eng,ian-iang,h-f,j-q-x	1
牺牲	xī shēng	1973	en-eng,s-sh,j-q-x	1
忽然	hū rán	1974	an-ang,h-f,r-l	1
市民	shì mín	1975	in-ing,s-sh	1
疾病	jí bìng	1976	in-ing,j-q-x	1
本质	běn zhì	1977	en-eng,z-zh	1
发达	fā dá	1978	h-f	1
律师	lǜ shī	1979	s-sh,n-l,r-l	1
白天	bái tiān	1980	ian-iang,ai-ei	1
接近	jiē jìn	1981	in-ing,ia-ie,j-q-x	1
团体	tuán tǐ	1982	uan-uang	1
围绕	wéi rào	1983	ai-ei,ao-ou,r-l	1
这儿	zhè er	1984	z-zh	1
人数	rén shù	1985	en-eng,s-sh,r-l	1
村民	cūn mín	1987	in-ing,c-ch	1
媒体	méi tǐ	1989	ai-ei	1
中华	zhōng huá	1990	ua-uo,z-zh,h-f	1
层次	céng cì	1991	en-eng,c-ch	1
门口	mén kǒu	1992	en-eng,ao-ou	1
完整	wán zhěng	1994	en-eng,an-ang,z-zh	1
收到	shōu dào	1995	ao-ou,s-sh	1
少年	shào nián	1999	ian-iang,ao-ou,s-sh,n-l	1
指标	zhǐ biāo	2000	z-zh	1
计算	jì suàn	2001	uan-uang,s-sh,j-q-x	1
爱情	ài qíng	2002	in-ing,ai-ei,j-q-x	1
多数	duō shù	2003	ua-uo,s-sh	1
治理	zhì lǐ	2007	z-zh,n-l,r-l	1
放弃	fàng qì	2008	an-ang,h-f,j-q-x	1
两岸	liǎng àn	2010	an-ang,ian-iang,n-l,r-l	1
工厂	gōng chǎng	2011	an-ang,c-ch	1
不必	bù bì	2012		1
通信	tōng xìn	2014	in-ing,j-q-x	1
上去	shàng qù	2015	an-ang,s-sh,j-q-x	1
随后	suí hòu	2016	ao-ou,s-sh,h-f	1
公斤	gōng jīn	2018	in-ing,j-q-x	1
尽快	jǐn kuài	2020	in-ing,j-q-x	1
确保	què bǎo	2021	ao-ou,j-q-x	1
基金	jī jīn	2022	in-ing,j-q-x	1
心灵	xīn líng	2026	in-ing,n-l,r-l,j-q-x	1
气候	qì hòu	2028	ao-ou,h-f,j-q-x	1
少数	shǎo shù	2029	ao-ou,s-sh	1
岗位	gǎng wèi	2030	an-ang,ai-ei	1
思维	sī wéi	2031	ai-ei,s-sh	1
初步	chū bù	2032	c-ch	1
供应	gōng yìng	2033	in-ing	1
记录	jì lù	2034	n-l,r-l,j-q-x	1
到处	dào chù	2035	ao-ou,c-ch	1
反而	fǎn ér	2036	an-ang,h-f	1
诗人	shī rén	2037	en-eng,s-sh,r-l	1
做法	zuò fǎ	2038	ua-uo,z-zh,h-f	1
注重	zhù zhòng	2039	z-zh	1
大概	dà gài	2041	ai-ei	1
动力	dòng lì	2043	n-l,r-l	1
交易	jiāo yì	2044	j-q-x	1
恐怕	kǒng pà	2046		1
红色	hóng sè	2048	s-sh,h-f	1
参观	cān guān	2049	an-ang,uan-uang,c-ch	1
院长	yuàn cháng	2050	an-ang,uan-uang,c-ch	1
力度	lì dù	2051	n-l,r-l	1
公布	gōng bù	2052		1
外交	wài jiāo	2053	ai-ei,j-q-x	1
维持	wéi chí	2054	ai-ei,c-ch	1
一时	yī shí	2055	s-sh	1
发行	fā háng	2056	an-ang,h-f	1
施工	shī gōng	2057	s-sh	1
反复	fǎn fù	2059	an-ang,h-f	1
众多	zhòng duō	2060	ua-uo,z-zh	1
防治	fáng zhì	2064	an-ang,z-zh,h-f	1
并未	bìng wèi	2066	in-ing,ai-ei	1
远远	yuǎn yuǎn	2068	uan-uang	1
声明	shēng míng	2069	en-eng,in-ing,s-sh	1
西藏	xī cáng	2070	an-ang,c-ch,j-q-x	1
违法	wéi fǎ	2074	ai-ei,h-f	1
协会	xié huì	2075	ia-ie,h-f,j-q-x	1
购买	gòu mǎi	2076	ai-ei,ao-ou	1
信任	xìn rèn	2077	en-eng,in-ing,r-l,j-q-x	1
性格	xìng gé	2079	in-ing,j-q-x	1
冠军	guàn jūn	2081	uan-uang,j-q-x	1
平时	píng shí	2083	in-ing,s-sh	1
浙江	zhè jiāng	2084	ian-iang,z-zh,j-q-x	1
主人	zhǔ rén	2086	en-eng,z-zh,r-l	1
男女	nán nǚ	2088	an-ang,n-l	1
深化	shēn huà	2090	en-eng,ua-uo,s-sh,h-f	1
司法	sī fǎ	2091	s-sh,h-f	1
部署	bù shǔ	2092	s-sh	1
总体	zǒng tǐ	2093	z-zh	1
国民	guó mín	2095	in-ing,ua-uo	1
转化	zhuǎn huà	2096	uan-uang,ua-uo,z-zh,h-f	1
立刻	lì kè	2097	n-l,r-l	1
上下	shàng xià	2098	an-ang,ia-ie,s-sh,j-q-x	1
对话	duì huà	2099	ua-uo,h-f	1
环节	huán jié	2100	uan-uang,ia-ie,h-f,j-q-x	1
条例	tiáo lì	2101	n-l,r-l	1
眼光	yǎn guāng	2102	an-ang,uan-uang	1
灵魂	líng hún	2105	in-ing,n-l,h-f,r-l	1
近日	jìn rì	2106	in-ing,r-l,j-q-x	1
愿望	yuàn wàng	2107	an-ang,uan-uang	1
学会	xué huì	2108	h-f,j-q-x	1
图片	tú piàn	2112	ian-iang	1
健全	jiàn quán	2113	ian-iang,uan-uang,j-q-x	1
难道	nán dào	2114	an-ang,ao-ou,n-l	1
位于	wèi yú	2115	ai-ei	1
其次	qí cì	2116	c-ch,j-q-x	1
天地	tiān dì	2118	ian-iang	1
慢慢	màn màn	2119	an-ang	1
在内	zài nèi	2120	ai-ei,z-zh,n-l	1
人群	rén qún	2121	en-eng,r-l,j-q-x	1
大众	dà zhòng	2123	z-zh	1
适当	shì dàng	2124	an-ang,s-sh	1
合法	hé fǎ	2125	h-f	1
吸收	xī shōu	2126	ao-ou,s-sh,j-q-x	1
学科	xué kē	2128	j-q-x	1
面向	miàn xiàng	2131	ian-iang,j-q-x	1
武汉	wǔ hàn	2132	an-ang,h-f	1
既然	jì rán	2134	an-ang,r-l,j-q-x	1
大门	dà mén	2135	en-eng	1
种种	zhǒng zhǒng	2138	z-zh	1
仅仅	jǐn jǐn	2139	in-ing,j-q-x	1
十一	shí yī	2140	s-sh	1
女性	nǚ xìng	2141	in-ing,n-l,j-q-x	1
增速	zēng sù	2142	en-eng,z-zh,s-sh	1
南方	nán fāng	2143	an-ang,n-l,h-f	1
克服	kè fú	2145	h-f	1
内心	nèi xīn	2146	in-ing,ai-ei,n-l,j-q-x	1
种植	zhòng zhí	2147	z-zh	1
生动	shēng dòng	2148	en-eng,s-sh	1
毕竟	bì jìng	2150	in-ing,j-q-x	1
恐怖	kǒng bù	2151		1
移动	yí dòng	2152		1
检验	jiǎn yàn	2153	an-ang,ian-iang,j-q-x	1
具备	jù bèi	2155	ai-ei,j-q-x	1
操作	cāo zuò	2156	ao-ou,ua-uo,z-zh,c-ch	1
他人	tā rén	2157	en-eng,r-l	1
坚定	jiān dìng	2158	in-ing,ian-iang,j-q-x	1
预防	yù fáng	2159	an-ang,h-f	1
流动	liú dòng	2160	n-l,r-l	1
身份	shēn fèn	2162	en-eng,s-sh,h-f	1
人大	rén dà	2163	en-eng,r-l	1
彼此	bǐ cǐ	2164	c-ch	1
展示	zhǎn shì	2167	an-ang,z-zh,s-sh	1
官兵	guān bīng	2168	in-ing,uan-uang	1
色彩	sè cǎi	2171	ai-ei,c-ch,s-sh	1
新疆	xīn jiāng	2173	in-ing,ian-iang,j-q-x	1
漂亮	piào liang	2174	ian-iang,n-l,r-l	1
公园	gōng yuán	2175	uan-uang	1
腐败	fǔ bài	2176	ai-ei,h-f	1
职能	zhí néng	2177	en-eng,z-zh,n-l	1
快乐	kuài lè	2179	n-l,r-l	1
概念	gài niàn	2181	ian-iang,ai-ei,n-l	1
春天	chūn tiān	2183	ian-iang,c-ch	1
教学	jiào xué	2184	j-q-x	1
研制	yán zhì	2185	an-ang,z-zh	1
机遇	jī yù	2187	j-q-x	1
种子	zhǒng zi	2188	z-zh	1
队长	duì cháng	2191	an-ang,c-ch	1
编辑	biān jí	2193	ian-iang,j-q-x	1
进攻	jìn gōng	2194	in-ing,j-q-x	1
取消	qǔ xiāo	2195	j-q-x	1
强化	qiáng huà	2196	ian-iang,ua-uo,h-f,j-q-x	1
东方	dōng fāng	2197	an-ang,h-f	1
公安	gōng ān	2198	an-ang	1
现有	xiàn yǒu	2199	ian-iang,ao-ou,j-q-x	1
进来	jìn lái	2200	in-ing,ai-ei,n-l,r-l,j-q-x	1
发动	fā dòng	2201	h-f	1
履行	lǚ xíng	2202	in-ing,n-l,r-l,j-q-x	1
外面	wài miàn	2203	ian-iang,ai-ei	1
事务	shì wù	2204	s-sh	1
地面	dì miàn	2205	ian-iang	1
判断	pàn duàn	2206	an-ang,uan-uang	1
予以	yǔ yǐ	2207		1
产量	chǎn liàng	2208	an-ang,ian-iang,c-ch,n-l,r-l	1
下面	xià miàn	2209	ian-iang,ia-ie,j-q-x	1
危机	wēi jī	2211	ai-ei,j-q-x	1
温暖	wēn nuǎn	2212	en-eng,uan-uang,n-l	1
战胜	zhàn shèng	2213	en-eng,an-ang,z-zh,s-sh	1
规则	guī zé	2215	z-zh	1
若干	ruò gān	2218	an-ang,ua-uo,r-l	1
队员	duì yuán	2219	uan-uang	1
大批	dà pī	2220		1
明年	míng nián	2222	in-ing,ian-iang,n-l	1
登记	dēng jì	2225	en-eng,j-q-x	1
紧急	jǐn jí	2228	in-ing,j-q-x	1
制作	zhì zuò	2229	ua-uo,z-zh	1
机械	jī xiè	2230	ia-ie,j-q-x	1
和谐	hé xié	2233	ia-ie,h-f,j-q-x	1
植物	zhí wù	2234	z-zh	1
由此	yóu cǐ	2235	ao-ou,c-ch	1
治安	zhì ān	2237	an-ang,z-zh	1
打破	dǎ pò	2239		1
栏目	lán mù	2240	an-ang,n-l,r-l	1
谈判	tán pàn	2241	an-ang	1
利润	lì rùn	2242	n-l,r-l	1
仔细	zǐ xì	2243	z-zh,j-q-x	1
韩国	hán guó	2244	an-ang,ua-uo,h-f	1
城镇	chéng zhèn	2247	en-eng,z-zh,c-ch	1
背后	bèi hòu	2248	ai-ei,ao-ou,h-f	1
选手	xuǎn shǒu	2249	uan-uang,ao-ou,s-sh,j-q-x	1
湖南	hú nán	2253	an-ang,n-l,h-f	1
微笑	wēi xiào	2257	ai-ei,j-q-x	1
迎接	yíng jiē	2258	in-ing,ia-ie,j-q-x	1
生长	shēng zhǎng	2260	en-eng,an-ang,z-zh,s-sh	1
真是	zhēn shi	2263	en-eng,z-zh,s-sh	1
蔬菜	shū cài	2267	ai-ei,c-ch,s-sh	1
文物	wén wù	2270	en-eng	1
社区	shè qū	2272	s-sh,j-q-x	1
个体	gè tǐ	2273		1
房间	fáng jiān	2275	an-ang,ian-iang,h-f,j-q-x	1
苏联	sū lián	2276	ian-iang,s-sh,n-l,r-l	1
舞蹈	wǔ dǎo	2278	ao-ou	1
资产	zī chǎn	2279	an-ang,z-zh,c-ch	1
公正	gōng zhèng	2280	en-eng,z-zh	1
思路	sī lù	2283	s-sh,n-l,r-l	1
司机	sī jī	2284	s-sh,j-q-x	1
事物	shì wù	2286	s-sh	1
积累	jī lěi	2287	ai-ei,n-l,r-l,j-q-x	1
智慧	zhì huì	2288	z-zh,h-f	1
杂志	zá zhì	2289	z-zh	1
意志	yì zhì	2292	z-zh	1
县委	xiàn wěi	2293	ian-iang,ai-ei,j-q-x	1
提前	tí qián	2295	ian-iang,j-q-x	1
之下	zhī xià	2298	ia-ie,z-zh,j-q-x	1
非法	fēi fǎ	2299	ai-ei,h-f	1
推行	tuī xíng	2300	in-ing,j-q-x	1
对外	duì wài	2301	ai-ei	1
温度	wēn dù	2302	en-eng	1
前提	qián tí	2303	ian-iang,j-q-x	1
怀疑	huái yí	2305	h-f	1
指示	zhǐ shì	2306	z-zh,s-sh	1
消失	xiāo shī	2307	s-sh,j-q-x	1
课题	kè tí	2308		1
类似	lèi sì	2310	ai-ei,s-sh,n-l,r-l	1
见面	jiàn miàn	2311	ian-iang,j-q-x	1
沉重	chén zhòng	2312	en-eng,z-zh,c-ch	1
发布	fā bù	2313	h-f	1
新型	xīn xíng	2314	in-ing,j-q-x	1
药品	yào pǐn	2315	in-ing,ao-ou	1
教训	jiào xùn	2318	j-q-x	1
古代	gǔ dài	2320	ai-ei	1
等于	děng yú	2321	en-eng	1
等待	děng dài	2323	en-eng,ai-ei	1
一行	yī xíng	2324	in-ing,j-q-x	1
子女	zǐ nǚ	2325	z-zh,n-l	1
上级	shàng jí	2327	an-ang,s-sh,j-q-x	1
独特	dú tè	2331		1
随时	suí shí	2332	s-sh	1
打算	dǎ suàn	2334	uan-uang,s-sh	1
纪律	jì lǜ	2336	n-l,r-l,j-q-x	1
爱国	ài guó	2337	ai-ei,ua-uo	1
启动	qǐ dòng	2340	j-q-x	1
活力	huó lì	2341	ua-uo,n-l,h-f,r-l	1
分裂	fēn liè	2344	en-eng,ia-ie,n-l,h-f,r-l	1
答应	dā ying	2345	in-ing	1
调动	diào dòng	2346		1
收费	shōu fèi	2347	ai-ei,ao-ou,s-sh,h-f	1
简直	jiǎn zhí	2348	ian-iang,z-zh,j-q-x	1
大队	dà duì	2349		1
政协	zhèng xié	2351	en-eng,ia-ie,z-zh,j-q-x	1
无疑	wú yí	2352		1
无数	wú shù	2354	s-sh	1
欣赏	xīn shǎng	2355	in-ing,an-ang,s-sh,j-q-x	1
签订	qiān dìng	2356	in-ing,ian-iang,j-q-x	1
违反	wéi fǎn	2357	an-ang,ai-ei,h-f	1
表面	biǎo miàn	2358	ian-iang	1
秘密	mì mì	2359		1
出来	chū lái	2362	ai-ei,c-ch,n-l,r-l	1
雾霾	wù mái	2364	ai-ei	3
消除	xiāo chú	2365	c-ch,j-q-x	1
服装	fú zhuāng	2366	uan-uang,z-zh,h-f	1
军人	jūn rén	2367	en-eng,r-l,j-q-x	1
接待	jiē dài	2368	ai-ei,ia-ie,j-q-x	1
海外	hǎi wài	2369	ai-ei,h-f	1
经费	jīng fèi	2370	in-ing,ai-ei,h-f,j-q-x	1
公平	gōng píng	2371	in-ing	1
执政	zhí zhèng	2372	en-eng,z-zh	1
记忆	jì yì	2373	j-q-x	1
货币	huò bì	2374	ua-uo,h-f	1
共有	gòng yǒu	2375	ao-ou	1
气象	qì xiàng	2376	ian-iang,j-q-x	1
卫星	wèi xīng	2377	in-ing,ai-ei,j-q-x	1
有限	yǒu xiàn	2379	ian-iang,ao-ou,j-q-x	1
好处	hǎo chù	2380	ao-ou,c-ch,h-f	1
评论	píng lùn	2381	in-ing,n-l,r-l	1
损害	sǔn hài	2383	ai-ei,s-sh,h-f	1
懂得	dǒng de	2384		1
汇报	huì bào	2385	ao-ou,h-f	1
西北	xī běi	2387	ai-ei,j-q-x	1
股指	gǔ zhǐ	2389	z-zh	1
舆论	yú lùn	2390	n-l,r-l	1
来信	lái xìn	2391	in-ing,ai-ei,n-l,r-l,j-q-x	1
人人	rén rén	2393	en-eng,r-l	1
要闻	yào wén	2394	en-eng,ao-ou	1
紧密	jǐn mì	2395	in-ing,j-q-x	1
好几	hǎo jǐ	2396	ao-ou,h-f,j-q-x	1
带动	dài dòng	2397	ai-ei	1
政权	zhèng quán	2399	en-eng,uan-uang,z-zh,j-q-x	1
对手	duì shǒu	2400	ao-ou,s-sh	1
阶级	jiē jí	2401	ia-ie,j-q-x	1
遭到	zāo dào	2402	ao-ou,z-zh	1
职责	zhí zé	2403	z-zh	1
开拓	kāi tuò	2404	ai-ei,ua-uo	1
整顿	zhěng dùn	2405	en-eng,z-zh	1
士兵	shì bīng	2408	in-ing,s-sh	1
玻璃	bō li	2409	n-l,r-l	1
家乡	jiā xiāng	2411	ian-iang,ia-ie,j-q-x	1
主管	zhǔ guǎn	2412	uan-uang,z-zh	1
善于	shàn yú	2413	an-ang,s-sh	1
光荣	guāng róng	2414	uan-uang,r-l	1
不良	bù liáng	2415	ian-iang,n-l,r-l	1
能否	néng fǒu	2416	en-eng,ao-ou,n-l,h-f	1
江苏	jiāng sū	2422	ian-iang,s-sh,j-q-x	1
本人	běn rén	2424	en-eng,r-l	1
国防	guó fáng	2426	an-ang,ua-uo,h-f	1
手术	shǒu shù	2428	ao-ou,s-sh	1
禁止	jìn zhǐ	2430	in-ing,z-zh,j-q-x	1
个别	gè bié	2432	ia-ie	1
人均	rén jūn	2434	en-eng,r-l,j-q-x	1
车辆	chē liàng	2435	ian-iang,c-ch,n-l,r-l	1
制约	zhì yuē	2436	z-zh	1
继承	jì chéng	2437	en-eng,c-ch,j-q-x	1
各界	gè jiè	2438	ia-ie,j-q-x	1
伙伴	huǒ bàn	2439	an-ang,ua-uo,h-f	1
障碍	zhàng ài	2442	an-ang,ai-ei,z-zh	1
手续	shǒu xù	2443	ao-ou,s-sh,j-q-x	1
培育	péi yù	2447	ai-ei	1
会谈	huì tán	2448	an-ang,h-f	1
说法	shuō fǎ	2449	ua-uo,s-sh,h-f	1
动员	dòng yuán	2450	uan-uang	1
红军	hóng jūn	2451	h-f,j-q-x	1
税收	shuì shōu	2453	ao-ou,s-sh	1
当时	dāng shí	2454	an-ang,s-sh	1
旁边	páng biān	2455	an-ang,ian-iang	1
刺激	cì jī	2457	c-ch,j-q-x	1
前后	qián hòu	2458	ian-iang,ao-ou,h-f,j-q-x	1
权益	quán yì	2459	uan-uang,j-q-x	1
率领	shuài lǐng	2461	in-ing,s-sh,n-l,r-l	1
异常	yì cháng	2463	an-ang,c-ch	1
下岗	xià gǎng	2464	an-ang,ia-ie,j-q-x	1
到来	dào lái	2465	ai-ei,ao-ou,n-l,r-l	1
分布	fēn bù	2466	en-eng,h-f	1
学院	xué yuàn	2467	uan-uang,j-q-x	1
危害	wēi hài	2470	ai-ei,h-f	1
澳门	ào mén	2476	en-eng,ao-ou	1
呈现	chéng xiàn	2477	en-eng,ian-iang,c-ch,j-q-x	1
话题	huà tí	2479	ua-uo,h-f	1
暂时	zàn shí	2480	an-ang,z-zh,s-sh	1
乡镇	xiāng zhèn	2481	en-eng,ian-iang,z-zh,j-q-x	1
云南	yún nán	2482	an-ang,n-l	1
广播	guǎng bō	2483	uan-uang	1
不幸	bù xìng	2484	in-ing,j-q-x	1
估计	gū jì	2485	j-q-x	1
小康	xiǎo kāng	2486	an-ang,j-q-x	1
环保	huán bǎo	2488	uan-uang,ao-ou,h-f	1
毫无	háo wú	2489	ao-ou,h-f	1
广场	guǎng chǎng	2494	an-ang,uan-uang,c-ch	1
房屋	fáng wū	2495	an-ang,h-f	1
缺少	quē shǎo	2496	ao-ou,s-sh,j-q-x	1
草原	cǎo yuán	2497	uan-uang,ao-ou,c-ch	1
高校	gāo xiào	2498	ao-ou,j-q-x	1
宏观	hóng guān	2499	uan-uang,h-f	1
民众	mín zhòng	2501	in-ing,z-zh	1
家属	jiā shǔ	2502	ia-ie,s-sh,j-q-x	1
内地	nèi dì	2504	ai-ei,n-l	1
刚才	gāng cái	2507	an-ang,ai-ei,c-ch	1
山区	shān qū	2511	an-ang,s-sh,j-q-x	1
角色	jué sè	2513	s-sh,j-q-x	1
周刊	zhōu kān	2514	an-ang,ao-ou,z-zh	1
医学	yī xué	2516	j-q-x	1
富有	fù yǒu	2517	ao-ou,h-f	1
哪儿	nǎ er	2518	n-l	1
西安	xī ān	2519	an-ang,j-q-x	1
有利	yǒu lì	2520	ao-ou,n-l,r-l	1
得以	dé yǐ	2521		1
流行	liú xíng	2522	in-ing,n-l,r-l,j-q-x	1
以往	yǐ wǎng	2524	an-ang	1
锻炼	duàn liàn	2525	ian-iang,uan-uang,n-l,r-l	1
品牌	pǐn pái	2526	in-ing,ai-ei	1
轻松	qīng sōng	2527	in-ing,s-sh,j-q-x	1
意外	yì wài	2528	ai-ei	1
步伐	bù fá	2529	h-f	1
皇帝	huáng dì	2531	uan-uang,h-f	1
兄弟	xiōng dì	2534	j-q-x	1
故意	gù yì	2537		1
清理	qīng lǐ	2538	in-ing,n-l,r-l,j-q-x	1
山西	shān xī	2539	an-ang,s-sh,j-q-x	1
财富	cái fù	2540	ai-ei,c-ch,h-f	1
证据	zhèng jù	2541	en-eng,z-zh,j-q-x	1
前景	qián jǐng	2544	in-ing,ian-iang,j-q-x	1
装备	zhuāng bèi	2545	uan-uang,ai-ei,z-zh	1
之际	zhī jì	2547	z-zh,j-q-x	1
建国	jiàn guó	2548	ian-iang,ua-uo,j-q-x	1
可见	kě jiàn	2549	ian-iang,j-q-x	1
杭州	háng zhōu	2550	an-ang,ao-ou,z-zh,h-f	1
城乡	chéng xiāng	2551	en-eng,ian-iang,c-ch,j-q-x	1
爆炸	bào zhà	2552	ao-ou,z-zh	1
哪个	nǎ ge	2553	n-l	1
清醒	qīng xǐng	2556	in-ing,j-q-x	1
优质	yōu zhì	2557	ao-ou,z-zh	1
林业	lín yè	2558	in-ing,n-l,r-l	1
乡村	xiāng cūn	2560	ian-iang,c-ch,j-q-x	1
听见	tīng jiàn	2562	in-ing,ian-iang,j-q-x	1
补充	bǔ chōng	2564	c-ch	1
优化	yōu huà	2565	ao-ou,ua-uo,h-f	1
千万	qiān wàn	2566	an-ang,ian-iang,j-q-x	1
赢得	yíng dé	2567	in-ing	1
住房	zhù fáng	2568	an-ang,z-zh,h-f	1
影片	yǐng piàn	2569	in-ing,ian-iang	1
中共	zhōng gòng	2570	z-zh	1
草案	cǎo àn	2571	an-ang,ao-ou,c-ch	1
成都	chéng dōu	2572	en-eng,ao-ou,c-ch	1
双手	shuāng shǒu	2574	uan-uang,ao-ou,s-sh	1
论坛	lùn tán	2575	an-ang,n-l,r-l	1
渠道	qú dào	2576	ao-ou,j-q-x	1
回忆	huí yì	2578	h-f	1
婚姻	hūn yīn	2579	in-ing,h-f	1
工会	gōng huì	2583	h-f	1
议会	yì huì	2584	h-f	1
艰难	jiān nán	2585	an-ang,ian-iang,n-l,j-q-x	1
石头	shí tou	2588	ao-ou,s-sh	1
不论	bù lùn	2589	n-l,r-l	1
欧盟	ōu méng	2590	en-eng,ao-ou	1
考核	kǎo hé	2591	ao-ou,h-f	1
体会	tǐ huì	2592	h-f	1
强势	qiáng shì	2593	ian-iang,s-sh,j-q-x	1
达成	dá chéng	2595	en-eng,c-ch	1
扶贫	fú pín	2597	in-ing,h-f	1
机场	jī chǎng	2598	an-ang,c-ch,j-q-x	1
同胞	tóng bāo	2599	ao-ou	1
场所	chǎng suǒ	2602	an-ang,ua-uo,c-ch,s-sh	1
节约	jié yuē	2603	ia-ie,j-q-x	1
头发	tóu fa	2604	ao-ou,h-f	1
成效	chéng xiào	2606	en-eng,c-ch,j-q-x	1
如同	rú tóng	2608	r-l	1
福建	fú jiàn	2609	ian-iang,h-f,j-q-x	1
前往	qián wǎng	2611	an-ang,ian-iang,j-q-x	1
重复	chóng fù	2613	c-ch,h-f	1
袭击	xí jī	2614	j-q-x	1
流通	liú tōng	2615	n-l,r-l	1
一手	yī shǒu	2616	ao-ou,s-sh	1
说道	shuō dào	2618	ao-ou,ua-uo,s-sh	1
病毒	bìng dú	2619	in-ing	1
广西	guǎng xī	2620	uan-uang,j-q-x	1
优良	yōu liáng	2623	ian-iang,ao-ou,n-l,r-l	1
身子	shēn zi	2625	en-eng,z-zh,s-sh	1
巴黎	bā lí	2626	n-l,r-l	1
详细	xiáng xì	2627	ian-iang,j-q-x	1
太太	tài tai	2629	ai-ei	1
外资	wài zī	2630	ai-ei,z-zh	1
提醒	tí xǐng	2633	in-ing,j-q-x	1
有机	yǒu jī	2636	ao-ou,j-q-x	1
海关	hǎi guān	2638	uan-uang,ai-ei,h-f	1
群体	qún tǐ	2640	j-q-x	1
真理	zhēn lǐ	2643	en-eng,z-zh,n-l,r-l	1
当今	dāng jīn	2644	in-ing,an-ang,j-q-x	1
固定	gù dìng	2645	in-ing	1
安置	ān zhì	2646	an-ang,z-zh	1
条约	tiáo yuē	2647		1
照顾	zhào gù	2648	ao-ou,z-zh	1
审批	shěn pī	2649	en-eng,s-sh	1
差距	chā jù	2650	c-ch,j-q-x	1
咨询	zī xún	2652	z-zh,j-q-x	1
决议	jué yì	2653	j-q-x	1
东部	dōng bù	2654		1
青春	qīng chūn	2656	in-ing,c-ch,j-q-x	1
地点	dì diǎn	2657	ian-iang	1
确立	què lì	2658	n-l,r-l,j-q-x	1
河北	hé běi	2659	ai-ei,h-f	1
区别	qū bié	2662	ia-ie,j-q-x	1
大胆	dà dǎn	2663	an-ang	1
人事	rén shì	2664	en-eng,s-sh,r-l	1
适用	shì yòng	2665	s-sh	1
辉煌	huī huáng	2667	uan-uang,h-f	1
情节	qíng jié	2668	in-ing,ia-ie,j-q-x	1
创建	chuàng jiàn	2669	ian-iang,uan-uang,c-ch,j-q-x	1
作业	zuò yè	2670	ua-uo,z-zh	1
电力	diàn lì	2671	ian-iang,n-l,r-l	1
预报	yù bào	2672	ao-ou	1
探讨	tàn tǎo	2673	an-ang,ao-ou	1
饭店	fàn diàn	2675	an-ang,ian-iang,h-f	1
手机	shǒu jī	2676	ao-ou,s-sh,j-q-x	1
境内	jìng nèi	2679	in-ing,ai-ei,n-l,j-q-x	1
自主	zì zhǔ	2680	z-zh	1
适合	shì hé	2681	s-sh,h-f	1
营养	yíng yǎng	2682	in-ing,an-ang	1
上市	shàng shì	2683	an-ang,s-sh	1
同期	tóng qī	2684	j-q-x	1
结论	jié lùn	2686	ia-ie,n-l,r-l,j-q-x	1
头脑	tóu nǎo	2687	ao-ou,n-l	1
最好	zuì hǎo	2688	ao-ou,z-zh,h-f	1
活跃	huó yuè	2691	ua-uo,h-f	1
竟然	jìng rán	2692	in-ing,an-ang,r-l,j-q-x	1
一律	yī lǜ	2693	n-l,r-l	1
再说	zài shuō	2695	ai-ei,ua-uo,z-zh,s-sh	1
基因	jī yīn	2698	in-ing,j-q-x	1
最初	zuì chū	2700	z-zh,c-ch	1
援助	yuán zhù	2701	uan-uang,z-zh	1
想法	xiǎng fǎ	2703	ian-iang,h-f,j-q-x	1
网上	wǎng shàng	2704	an-ang,s-sh	1
算是	suàn shì	2705	uan-uang,s-sh	1
剩下	shèng xià	2706	en-eng,ia-ie,s-sh,j-q-x	1
陆续	lù xù	2707	n-l,r-l,j-q-x	1
信用	xìn yòng	2708	in-ing,j-q-x	1
普及	pǔ jí	2709	j-q-x	1
审查	shěn chá	2711	en-eng,c-ch,s-sh	1
平静	píng jìng	2712	in-ing,j-q-x	1
体验	tǐ yàn	2714	an-ang	1
乃至	nǎi zhì	2715	ai-ei,z-zh,n-l	1
勇气	yǒng qì	2716	j-q-x	1
经贸	jīng mào	2717	in-ing,ao-ou,j-q-x	1
游客	yóu kè	2718	ao-ou	1
果然	guǒ rán	2719	an-ang,ua-uo,r-l	1
减轻	jiǎn qīng	2720	in-ing,ian-iang,j-q-x	1
整理	zhěng lǐ	2721	en-eng,z-zh,n-l,r-l	1
著作	zhù zuò	2722	ua-uo,z-zh	1
自从	zì cóng	2724	z-zh,c-ch	1
请求	qǐng qiú	2725	in-ing,j-q-x	1
奇怪	qí guài	2726	j-q-x	1
会长	huì cháng	2729	an-ang,c-ch,h-f	1
支付	zhī fù	2731	z-zh,h-f	1
移民	yí mín	2732	in-ing	1
眼泪	yǎn lèi	2733	an-ang,ai-ei,n-l,r-l	1
发扬	fā yáng	2734	an-ang,h-f	1
艰苦	jiān kǔ	2738	ian-iang,j-q-x	1
一路	yī lù	2739	n-l,r-l	1
丈夫	zhàng fu	2740	an-ang,z-zh,h-f	1
轨道	guǐ dào	2741	ao-ou	1
居住	jū zhù	2742	z-zh,j-q-x	1
未能	wèi néng	2743	en-eng,ai-ei,n-l	1
创业	chuàng yè	2744	uan-uang,c-ch	1
数学	shù xué	2745	s-sh,j-q-x	1
客户	kè hù	2747	h-f	1
纠纷	jiū fēn	2748	en-eng,h-f,j-q-x	1
含量	hán liàng	2749	an-ang,ian-iang,n-l,h-f,r-l	1
合格	hé gé	2750	h-f	1
广阔	guǎng kuò	2751	uan-uang,ua-uo	1
承诺	chéng nuò	2753	en-eng,ua-uo,c-ch,n-l	1
自动	zì dòng	2755	z-zh	1
耕地	gēng dì	2757	en-eng	1
庆祝	qìng zhù	2759	in-ing,z-zh,j-q-x	1
窗口	chuāng kǒu	2760	uan-uang,ao-ou,c-ch	1
保留	bǎo liú	2761	ao-ou,n-l,r-l	1
专项	zhuān xiàng	2764	ian-iang,uan-uang,z-zh,j-q-x	1
收购	shōu gòu	2766	ao-ou,s-sh	1
极其	jí qí	2769	j-q-x	1
赶到	gǎn dào	2770	an-ang,ao-ou	1
写作	xiě zuò	2771	ia-ie,ua-uo,z-zh,j-q-x	1
陕西	shǎn xī	2773	an-ang,s-sh,j-q-x	1
呼吁	hū yù	2774	h-f	1
常委	cháng wěi	2775	an-ang,ai-ei,c-ch	1
试点	shì diǎn	2776	ian-iang,s-sh	1
空中	kōng zhōng	2777	z-zh	1
攻击	gōng jī	2779	j-q-x	1
承包	chéng bāo	2785	en-eng,ao-ou,c-ch	1
祝贺	zhù hè	2786	z-zh,h-f	1
据说	jù shuō	2787	ua-uo,s-sh,j-q-x	1
潜力	qián lì	2788	ian-iang,n-l,r-l,j-q-x	1
严厉	yán lì	2789	an-ang,n-l,r-l	1
当局	dāng jú	2790	an-ang,j-q-x	1
预算	yù suàn	2791	uan-uang,s-sh	1
配套	pèi tào	2792	ai-ei,ao-ou	1
节日	jié rì	2793	ia-ie,r-l,j-q-x	1
出台	chū tái	2794	ai-ei,c-ch	1
农户	nóng hù	2795	n-l,h-f	1
听取	tīng qǔ	2798	in-ing,j-q-x	1
内涵	nèi hán	2799	an-ang,ai-ei,n-l,h-f	1
设置	shè zhì	2800	z-zh,s-sh	1
以便	yǐ biàn	2801	ian-iang	1
哥哥	gē ge	2802		1
鲜明	xiān míng	2803	in-ing,ian-iang,j-q-x	1
摆脱	bǎi tuō	2804	ai-ei,ua-uo	1
其余	qí yú	2805	j-q-x	1
进口	jìn kǒu	2806	in-ing,ao-ou,j-q-x	1
展览	zhǎn lǎn	2808	an-ang,z-zh,n-l,r-l	1
叫做	jiào zuò	2810	ua-uo,z-zh,j-q-x	1
地理	dì lǐ	2811	n-l,r-l	1
抓紧	zhuā jǐn	2813	in-ing,ua-uo,z-zh,j-q-x	1
通常	tōng cháng	2815	an-ang,c-ch	1
中午	zhōng wǔ	2816	z-zh	1
难题	nán tí	2817	an-ang,n-l	1
正如	zhèng rú	2818	en-eng,z-zh,r-l	1
审议	shěn yì	2819	en-eng,s-sh	1
湖北	hú běi	2820	ai-ei,h-f	1
奉献	fèng xiàn	2822	en-eng,ian-iang,h-f,j-q-x	1
宗旨	zōng zhǐ	2823	z-zh	1
感染	gǎn rǎn	2824	an-ang,r-l	1
签署	qiān shǔ	2825	ian-iang,s-sh,j-q-x	1
大使	dà shǐ	2826	s-sh	1
大多	dà duō	2827	ua-uo	1
不禁	bù jīn	2829	in-ing,j-q-x	1
中外	zhōng wài	2830	ai-ei,z-zh	1
一带	yī dài	2832	ai-ei	1
要是	yào shi	2833	ao-ou,s-sh	1
夫妇	fū fù	2834	h-f	1
高原	gāo yuán	2835	uan-uang,ao-ou	1
极为	jí wéi	2836	ai-ei,j-q-x	1
相继	xiāng jì	2838	ian-iang,j-q-x	1
失业	shī yè	2839	s-sh	1
飞行	fēi xíng	2840	in-ing,ai-ei,h-f,j-q-x	1
工艺	gōng yì	2843		1
拉开	lā kāi	2846	ai-ei,n-l,r-l	1
预计	yù jì	2848	j-q-x	1
局势	jú shì	2849	s-sh,j-q-x	1
流域	liú yù	2850	n-l,r-l	1
精心	jīng xīn	2851	in-ing,j-q-x	1
宝贵	bǎo guì	2852	ao-ou	1
往来	wǎng lái	2853	an-ang,ai-ei,n-l,r-l	1
货物	huò wù	2855	ua-uo,h-f	1
出于	chū yú	2856	c-ch	1
摄影	shè yǐng	2857	in-ing,s-sh	1
格外	gé wài	2858	ai-ei	1
追究	zhuī jiū	2859	z-zh,j-q-x	1
示范	shì fàn	2860	an-ang,s-sh,h-f	1
循环	xún huán	2863	uan-uang,h-f,j-q-x	1
网站	wǎng zhàn	2865	an-ang,z-zh	1
检测	jiǎn cè	2867	ian-iang,c-ch,j-q-x	1
发射	fā shè	2868	s-sh,h-f	1
主办	zhǔ bàn	2869	an-ang,z-zh	1
垃圾	lā jī	2870	n-l,r-l,j-q-x	1
土壤	tǔ rǎng	2871	an-ang,r-l	1
奶奶	nǎi nai	2873	ai-ei,n-l	1
爷爷	yé ye	2874		1
人格	rén gé	2876	en-eng,r-l	1
翻译	fān yì	2877	an-ang,h-f	1
伤害	shāng hài	2878	an-ang,ai-ei,s-sh,h-f	1
大局	dà jú	2879	j-q-x	1
处罚	chǔ fá	2881	c-ch,h-f	1
模范	mó fàn	2882	an-ang,h-f	1
年度	nián dù	2883	ian-iang,n-l	1
旅客	lǚ kè	2886	n-l,r-l	1
游戏	yóu xì	2888	ao-ou,j-q-x	1
人权	rén quán	2889	en-eng,uan-uang,r-l,j-q-x	1
新鲜	xīn xiān	2890	in-ing,ian-iang,j-q-x	1
支出	zhī chū	2892	z-zh,c-ch	1
早晨	zǎo chen	2893	en-eng,ao-ou,z-zh,c-ch	1
最佳	zuì jiā	2894	ia-ie,z-zh,j-q-x	1
纳入	nà rù	2896	n-l,r-l	1
物资	wù zī	2897	z-zh	1
热闹	rè nao	2898	ao-ou,n-l,r-l	1
人心	rén xīn	2899	en-eng,in-ing,r-l,j-q-x	1
监管	jiān guǎn	2901	ian-iang,uan-uang,j-q-x	1
热爱	rè ài	2902	ai-ei,r-l	1
查处	chá chǔ	2903	c-ch	1
总量	zǒng liàng	2904	ian-iang,z-zh,n-l,r-l	1
回头	huí tóu	2905	ao-ou,h-f	1
权威	quán wēi	2909	uan-uang,ai-ei,j-q-x	1
审判	shěn pàn	2910	en-eng,an-ang,s-sh	1
考验	kǎo yàn	2911	an-ang,ao-ou	1
精力	jīng lì	2913	in-ing,n-l,r-l,j-q-x	1
陷入	xiàn rù	2914	ian-iang,r-l,j-q-x	1
棉花	mián huā	2916	ian-iang,ua-uo,h-f	1
脱离	tuō lí	2918	ua-uo,n-l,r-l	1
鉴定	jiàn dìng	2919	in-ing,ian-iang,j-q-x	1
相反	xiāng fǎn	2920	an-ang,ian-iang,h-f,j-q-x	1
人次	rén cì	2921	en-eng,c-ch,r-l	1
工商	gōng shāng	2922	an-ang,s-sh	1
冲击	chōng jī	2923	c-ch,j-q-x	1
发放	fā fàng	2924	an-ang,h-f	1
此后	cǐ hòu	2925	ao-ou,c-ch,h-f	1
提升	tí shēng	2927	en-eng,s-sh	1
火车	huǒ chē	2928	ua-uo,c-ch,h-f	1
协商	xié shāng	2929	an-ang,ia-ie,s-sh,j-q-x	1
航母	háng mǔ	2930	an-ang,h-f	1
开会	kāi huì	2931	ai-ei,h-f	1
地震	dì zhèn	2932	en-eng,z-zh	1
人工	rén gōng	2934	en-eng,r-l	1
天空	tiān kōng	2939	ian-iang	1
民警	mín jǐng	2942	in-ing,j-q-x	1
格局	gé jú	2943	j-q-x	1
技能	jì néng	2947	en-eng,n-l,j-q-x	1
来源	lái yuán	2949	uan-uang,ai-ei,n-l,r-l	1
不用	bù yòng	2951		1
带有	dài yǒu	2952	ai-ei,ao-ou	1
全局	quán jú	2954	uan-uang,j-q-x	1
法官	fǎ guān	2955	uan-uang,h-f	1
居然	jū rán	2956	an-ang,r-l,j-q-x	1
人体	rén tǐ	2957	en-eng,r-l	1
金牌	jīn pái	2958	in-ing,ai-ei,j-q-x	1
公众	gōng zhòng	2959	z-zh	1
绿化	lǜ huà	2961	ua-uo,n-l,h-f,r-l	1
江西	jiāng xī	2962	ian-iang,j-q-x	1
遵守	zūn shǒu	2963	ao-ou,z-zh,s-sh	1
哪些	nǎ xiē	2964	ia-ie,n-l,j-q-x	1
类型	lèi xíng	2965	in-ing,ai-ei,n-l,r-l,j-q-x	1
发明	fā míng	2967	in-ing,h-f	1
提倡	tí chàng	2968	an-ang,c-ch	1
严峻	yán jùn	2969	an-ang,j-q-x	1
夫妻	fū qī	2972	h-f,j-q-x	1
旗帜	qí zhì	2974	z-zh,j-q-x	1
面貌	miàn mào	2975	ian-iang,ao-ou	1
联赛	lián sài	2977	ian-iang,ai-ei,s-sh,n-l,r-l	1
下乡	xià xiāng	2979	ian-iang,ia-ie,j-q-x	1
到达	dào dá	2980	ao-ou	1
增收	zēng shōu	2981	en-eng,ao-ou,z-zh,s-sh	1
政党	zhèng dǎng	2982	en-eng,an-ang,z-zh	1
难得	nán dé	2986	an-ang,n-l	1
课程	kè chéng	2988	en-eng,c-ch	1
营造	yíng zào	2989	in-ing,ao-ou,z-zh	1
城里	chéng lǐ	2990	en-eng,c-ch,n-l,r-l	1
预测	yù cè	2991	c-ch	1
小雨	xiǎo yǔ	2994	j-q-x	1
细胞	xì bāo	2996	ao-ou,j-q-x	1
航空	háng kōng	2997	an-ang,h-f	1
现状	xiàn zhuàng	2998	ian-iang,uan-uang,z-zh,j-q-x	1
微信	wēi xìn	2999	in-ing,ai-ei,j-q-x	1
分离	fēn lí	3000	en-eng,n-l,h-f,r-l	1
致富	zhì fù	3001	z-zh,h-f	1
一口	yī kǒu	3002	ao-ou	1
煤矿	méi kuàng	3003	uan-uang,ai-ei	1
安徽	ān huī	3004	an-ang,h-f	1
赔偿	péi cháng	3005	an-ang,ai-ei,c-ch	1
骨干	gǔ gàn	3006	an-ang	1
沟通	gōu tōng	3007	ao-ou	1
整治	zhěng zhì	3009	en-eng,z-zh	1
上年	shàng nián	3010	an-ang,ian-iang,s-sh,n-l	1
出生	chū shēng	3011	en-eng,c-ch,s-sh	1
截至	jié zhì	3012	ia-ie,z-zh,j-q-x	1
组建	zǔ jiàn	3013	ian-iang,z-zh,j-q-x	1
纠正	jiū zhèng	3014	en-eng,z-zh,j-q-x	1
倾向	qīng xiàng	3016	in-ing,ian-iang,j-q-x	1
着眼	zhuó yǎn	3018	an-ang,ua-uo,z-zh	1
中东	zhōng dōng	3019	z-zh	1
娱乐	yú lè	3020	n-l,r-l	1
扶持	fú chí	3021	c-ch,h-f	1
监测	jiān cè	3022	ian-iang,c-ch,j-q-x	1
轿车	jiào chē	3026	c-ch,j-q-x	1
纪录	jì lù	3027	n-l,r-l,j-q-x	1
必将	bì jiāng	3028	ian-iang,j-q-x	1
认定	rèn dìng	3031	en-eng,in-ing,r-l	1
双边	shuāng biān	3034	ian-iang,uan-uang,s-sh	1
笔者	bǐ zhě	3035	z-zh	1
英语	yīng yǔ	3036	in-ing	1
主权	zhǔ quán	3037	uan-uang,z-zh,j-q-x	1
分类	fēn lèi	3039	en-eng,ai-ei,n-l,h-f,r-l	1
成分	chéng fèn	3040	en-eng,c-ch,h-f	1
财务	cái wù	3042	ai-ei,c-ch	1
依照	yī zhào	3043	ao-ou,z-zh	1
江南	jiāng nán	3044	an-ang,ian-iang,n-l,j-q-x	1
累计	lěi jì	3045	ai-ei,n-l,r-l,j-q-x	1
总额	zǒng é	3046	z-zh	1
麻烦	má fan	3047	an-ang,h-f	1
产权	chǎn quán	3048	an-ang,uan-uang,c-ch,j-q-x	1
化学	huà xué	3049	ua-uo,h-f,j-q-x	1
日常	rì cháng	3050	an-ang,c-ch,r-l	1
中文	zhōng wén	3051	en-eng,z-zh	1
期待	qī dài	3052	ai-ei,j-q-x	1
上学	shàng xué	3053	an-ang,s-sh,j-q-x	1
专利	zhuān lì	3054	uan-uang,z-zh,n-l,r-l	1
题材	tí cái	3055	ai-ei,c-ch	1
开幕	kāi mù	3057	ai-ei	1
加速	jiā sù	3058	ia-ie,s-sh,j-q-x	1
情景	qíng jǐng	3061	in-ing,j-q-x	1
长远	cháng yuǎn	3062	an-ang,uan-uang,c-ch	1
开辟	kāi pì	3063	ai-ei	1
免费	miǎn fèi	3064	ian-iang,ai-ei,h-f	1
使命	shǐ mìng	3065	in-ing,s-sh	1
凡是	fán shì	3067	an-ang,s-sh,h-f	1
无限	wú xiàn	3068	ian-iang,j-q-x	1
及其	jí qí	3069	j-q-x	1
大夫	dài fu	3070	ai-ei,h-f	1
师傅	shī fu	3073	s-sh,h-f	1
教练	jiào liàn	3075	ian-iang,n-l,r-l,j-q-x	1
待遇	dài yù	3077	ai-ei	1
优惠	yōu huì	3079	ao-ou,h-f	1
儿女	ér nǚ	3081	n-l	1
各方	gè fāng	3082	an-ang,h-f	1
退休	tuì xiū	3083	j-q-x	1
不顾	bù gù	3084		1
市值	shì zhí	3085	z-zh,s-sh	1
员工	yuán gōng	3087	uan-uang	1
受伤	shòu shāng	3089	an-ang,ao-ou,s-sh	1
美术	měi shù	3091	ai-ei,s-sh	1
事迹	shì jì	3092	s-sh,j-q-x	1
较为	jiào wéi	3093	ai-ei,j-q-x	1
东京	dōng jīng	3094	in-ing,j-q-x	1
调节	tiáo jié	3095	ia-ie,j-q-x	1
夜间	yè jiān	3097	ian-iang,j-q-x	1
副刊	fù kān	3099	an-ang,h-f	1
南部	nán bù	3100	an-ang,n-l	1
境界	jìng jiè	3101	in-ing,ia-ie,j-q-x	1
决赛	jué sài	3102	ai-ei,s-sh,j-q-x	1
平台	píng tái	3103	in-ing,ai-ei	1
通讯	tōng xùn	3106	j-q-x	1
产能	chǎn néng	3107	en-eng,an-ang,c-ch,n-l	1
本地	běn dì	3108	en-eng	1
处在	chǔ zài	3109	ai-ei,z-zh,c-ch	1
泰国	tài guó	3111	ai-ei,ua-uo	1
人力	rén lì	3113	en-eng,n-l,r-l	1
爆发	bào fā	3114	ao-ou,h-f	1
商量	shāng liang	3115	an-ang,ian-iang,s-sh,n-l,r-l	1
调控	tiáo kòng	3117		1
注册	zhù cè	3118	z-zh,c-ch	1
倒是	dào shì	3119	ao-ou,s-sh	1
降水	jiàng shuǐ	3120	ian-iang,s-sh,j-q-x	1
变革	biàn gé	3121	ian-iang	1
总之	zǒng zhī	3122	z-zh	1
军区	jūn qū	3123	j-q-x	1
越南	yuè nán	3124	an-ang,n-l	1
混乱	hùn luàn	3125	uan-uang,n-l,h-f,r-l	1
个性	gè xìng	3126	in-ing,j-q-x	1
埃及	āi jí	3127	ai-ei,j-q-x	1
委托	wěi tuō	3128	ai-ei,ua-uo	1
电信	diàn xìn	3135	in-ing,ian-iang,j-q-x	1
品质	pǐn zhì	3136	in-ing,z-zh	1
主导	zhǔ dǎo	3139	ao-ou,z-zh	1
原有	yuán yǒu	3140	uan-uang,ao-ou	1
屋子	wū zi	3142	z-zh	1
可惜	kě xī	3143	j-q-x	1
配置	pèi zhì	3145	ai-ei,z-zh	1
崇高	chóng gāo	3146	ao-ou,c-ch	1
多年	duō nián	3148	ian-iang,ua-uo,n-l	1
愉快	yú kuài	3149		1
随便	suí biàn	3150	ian-iang,s-sh	1
古老	gǔ lǎo	3152	ao-ou,n-l,r-l	1
干净	gān jìng	3154	in-ing,an-ang,j-q-x	1
或是	huò shì	3155	ua-uo,s-sh,h-f	1
借鉴	jiè jiàn	3156	ian-iang,ia-ie,j-q-x	1
振兴	zhèn xīng	3157	en-eng,in-ing,z-zh,j-q-x	1
信念	xìn niàn	3159	in-ing,ian-iang,n-l,j-q-x	1
推荐	tuī jiàn	3160	ian-iang,j-q-x	1
热点	rè diǎn	3163	ian-iang,r-l	1
纵横	zòng héng	3164	en-eng,z-zh,h-f	1
养殖	yǎng zhí	3165	an-ang,z-zh	1
导弹	dǎo dàn	3166	an-ang,ao-ou	1
害怕	hài pà	3168	ai-ei,h-f	1
南北	nán běi	3169	an-ang,ai-ei,n-l	1
秘书	mì shū	3170	s-sh	1
同事	tóng shì	3171	s-sh	1
补贴	bǔ tiē	3172	ia-ie	1
支撑	zhī chēng	3173	en-eng,z-zh,c-ch	1
奖励	jiǎng lì	3174	ian-iang,n-l,r-l,j-q-x	1
海军	hǎi jūn	3176	ai-ei,h-f,j-q-x	1
真诚	zhēn chéng	3177	en-eng,z-zh,c-ch	1
生意	shēng yi	3182	en-eng,s-sh	1
保存	bǎo cún	3183	ao-ou,c-ch	1
选拔	xuǎn bá	3184	uan-uang,j-q-x	1
龙头	lóng tóu	3185	ao-ou,n-l,r-l	1
激励	jī lì	3186	n-l,r-l,j-q-x	1
白色	bái sè	3188	ai-ei,s-sh	1
采购	cǎi gòu	3189	ai-ei,ao-ou,c-ch	1
消灭	xiāo miè	3190	ia-ie,j-q-x	1
荣誉	róng yù	3192	r-l	1
原料	yuán liào	3193	uan-uang,n-l,r-l	1
批判	pī pàn	3194	an-ang	1
光明	guāng míng	3196	in-ing,uan-uang	1
付出	fù chū	3197	c-ch,h-f	1
书籍	shū jí	3198	s-sh,j-q-x	1
检察	jiǎn chá	3199	ian-iang,c-ch,j-q-x	1
沈阳	shěn yáng	3200	en-eng,an-ang,s-sh	1
姐姐	jiě jie	3201	ia-ie,j-q-x	1
地质	dì zhì	3202	z-zh	1
势头	shì tou	3203	ao-ou,s-sh	1
鲜花	xiān huā	3204	ian-iang,ua-uo,h-f,j-q-x	1
安装	ān zhuāng	3206	an-ang,uan-uang,z-zh	1
前途	qián tú	3207	ian-iang,j-q-x	1
共识	gòng shí	3208	s-sh	1
定期	dìng qī	3210	in-ing,j-q-x	1
总数	zǒng shù	3211	z-zh,s-sh	1
近来	jìn lái	3213	in-ing,ai-ei,n-l,r-l,j-q-x	1
开创	kāi chuàng	3214	uan-uang,ai-ei,c-ch	1
办公	bàn gōng	3216	an-ang	1
图书	tú shū	3221	s-sh	1
比重	bǐ zhòng	3222	z-zh	1
大人	dà rén	3224	en-eng,r-l	1
画家	huà jiā	3226	ia-ie,ua-uo,h-f,j-q-x	1
宣言	xuān yán	3227	an-ang,uan-uang,j-q-x	1
诞生	dàn shēng	3228	en-eng,an-ang,s-sh	1
象征	xiàng zhēng	3229	en-eng,ian-iang,z-zh,j-q-x	1
院子	yuàn zi	3230	uan-uang,z-zh	1
最为	zuì wéi	3232	ai-ei,z-zh	1
海上	hǎi shàng	3233	an-ang,ai-ei,s-sh,h-f	1
论文	lùn wén	3234	en-eng,n-l,r-l	1
要素	yào sù	3235	ao-ou,s-sh	1
激情	jī qíng	3237	in-ing,j-q-x	1
县城	xiàn chéng	3238	en-eng,ian-iang,c-ch,j-q-x	1
理念	lǐ niàn	3239	ian-iang,n-l,r-l	1
灯光	dēng guāng	3242	en-eng,uan-uang	1
冬天	dōng tiān	3243	ian-iang	1
当中	dāng zhōng	3244	an-ang,z-zh	1
呼吸	hū xī	3245	h-f,j-q-x	1
专题	zhuān tí	3248	uan-uang,z-zh	1
脑袋	nǎo dai	3249	ai-ei,ao-ou,n-l	1
煤炭	méi tàn	3250	an-ang,ai-ei	1
覆盖	fù gài	3251	ai-ei,h-f	1
描写	miáo xiě	3252	ia-ie,j-q-x	1
行使	xíng shǐ	3253	in-ing,s-sh,j-q-x	1
国情	guó qíng	3254	in-ing,ua-uo,j-q-x	1
法治	fǎ zhì	3256	z-zh,h-f	1
眼里	yǎn li	3257	an-ang,n-l,r-l	1
当作	dàng zuò	3258	an-ang,ua-uo,z-zh	1
弘扬	hóng yáng	3259	an-ang,h-f	1
老婆	lǎo po	3260	ao-ou,n-l,r-l	1
全年	quán nián	3261	ian-iang,uan-uang,n-l,j-q-x	1
悄悄	qiāo qiāo	3262	j-q-x	1
不时	bù shí	3264	s-sh	1
沿着	yán zhe	3266	an-ang,z-zh	1
年底	nián dǐ	3268	ian-iang,n-l	1
遭受	zāo shòu	3270	ao-ou,z-zh,s-sh	1
信仰	xìn yǎng	3271	in-ing,an-ang,j-q-x	1
可靠	kě kào	3274	ao-ou	1
好好	hǎo hǎo	3275	ao-ou,h-f	1
肚子	dù zi	3276	z-zh	1
更新	gēng xīn	3277	en-eng,in-ing,j-q-x	1
顾客	gù kè	3279		1
观看	guān kàn	3280	an-ang,uan-uang	1
通道	tōng dào	3281	ao-ou	1
占有	zhàn yǒu	3283	an-ang,ao-ou,z-zh	1
原理	yuán lǐ	3286	uan-uang,n-l,r-l	1
侵略	qīn lüè	3287	in-ing,n-l,r-l,j-q-x	1
神秘	shén mì	3288	en-eng,s-sh	1
玉米	yù mǐ	3289		1
原始	yuán shǐ	3290	uan-uang,s-sh	1
举措	jǔ cuò	3291	ua-uo,c-ch,j-q-x	1
刑事	xíng shì	3292	in-ing,s-sh,j-q-x	1
占领	zhàn lǐng	3294	in-ing,an-ang,z-zh,n-l,r-l	1
富裕	fù yù	3295	h-f	1
差异	chā yì	3296	c-ch	1
概括	gài kuò	3299	ai-ei,ua-uo	1
日报	rì bào	3301	ao-ou,r-l	1
而已	ér yǐ	3302		1
药物	yào wù	3304	ao-ou	1
或许	huò xǔ	3305	ua-uo,h-f,j-q-x	1
沿海	yán hǎi	3307	an-ang,ai-ei,h-f	1
机器	jī qì	3308	j-q-x	1
企图	qǐ tú	3310	j-q-x	1
校园	xiào yuán	3311	uan-uang,j-q-x	1
而言	ér yán	3312	an-ang	1
统治	tǒng zhì	3313	z-zh	1
小麦	xiǎo mài	3315	ai-ei,j-q-x	1
布局	bù jú	3317	j-q-x	1
诉讼	sù sòng	3318	s-sh	1
出门	chū mén	3319	en-eng,c-ch	1
表情	biǎo qíng	3320	in-ing,j-q-x	1
鼓舞	gǔ wǔ	3321		1
据悉	jù xī	3323	j-q-x	1
妹妹	mèi mei	3324	ai-ei	1
竞赛	jìng sài	3325	in-ing,ai-ei,s-sh,j-q-x	1
档案	dàng àn	3327	an-ang	1
审美	shěn měi	3329	en-eng,ai-ei,s-sh	1
内在	nèi zài	3330	ai-ei,z-zh,n-l	1
如下	rú xià	3332	ia-ie,r-l,j-q-x	1
辽宁	liáo níng	3336	in-ing,n-l,r-l	1
高效	gāo xiào	3337	ao-ou,j-q-x	1
引发	yǐn fā	3338	in-ing,h-f	1
赋予	fù yǔ	3339	h-f	1
邪教	xié jiào	3341	ia-ie,j-q-x	1
颁布	bān bù	3342	an-ang	1
同情	tóng qíng	3344	in-ing,j-q-x	1
季节	jì jié	3345	ia-ie,j-q-x	1
上班	shàng bān	3346	an-ang,s-sh	1
率先	shuài xiān	3347	ian-iang,s-sh,j-q-x	1
外来	wài lái	3348	ai-ei,n-l,r-l	1
编制	biān zhì	3351	ian-iang,z-zh	1
列车	liè chē	3352	ia-ie,c-ch,n-l,r-l	1
大臣	dà chén	3353	en-eng,c-ch	1
高中	gāo zhōng	3354	ao-ou,z-zh	1
媳妇	xí fù	3356	h-f,j-q-x	1
浪费	làng fèi	3357	an-ang,ai-ei,n-l,h-f,r-l	1
离婚	lí hūn	3358	n-l,h-f,r-l	1
询问	xún wèn	3360	en-eng,j-q-x	1
赞成	zàn chéng	3361	en-eng,an-ang,z-zh,c-ch	1
场面	chǎng miàn	3362	an-ang,ian-iang,c-ch	1
生气	shēng qì	3363	en-eng,s-sh,j-q-x	1
列入	liè rù	3364	ia-ie,n-l,r-l	1
协作	xié zuò	3366	ia-ie,ua-uo,z-zh,j-q-x	1
天天	tiān tiān	3368	ian-iang	1
教材	jiào cái	3369	ai-ei,c-ch,j-q-x	1
寻求	xún qiú	3370	j-q-x	1
魅力	mèi lì	3371	ai-ei,n-l,r-l	1
可怜	kě lián	3373	ian-iang,n-l,r-l	1
解除	jiě chú	3374	ia-ie,c-ch,j-q-x	1
动态	dòng tài	3375	ai-ei	1
可怕	kě pà	3376		1
大厅	dà tīng	3377	in-ing	1
证实	zhèng shí	3378	en-eng,z-zh,s-sh	1
框架	kuàng jià	3380	uan-uang,ia-ie,j-q-x	1
称号	chēng hào	3381	en-eng,ao-ou,c-ch,h-f	1
高于	gāo yú	3382	ao-ou	1
代替	dài tì	3384	ai-ei	1
聪明	cōng míng	3386	in-ing,c-ch	1
号召	hào zhào	3388	ao-ou,z-zh,h-f	1
黑暗	hēi àn	3389	an-ang,ai-ei,h-f	1
极端	jí duān	3390	uan-uang,j-q-x	1
运作	yùn zuò	3394	ua-uo,z-zh	1
灾害	zāi hài	3396	ai-ei,z-zh,h-f	1
工地	gōng dì	3397		1
支援	zhī yuán	3398	uan-uang,z-zh	1
返回	fǎn huí	3399	an-ang,h-f	1
单纯	dān chún	3400	an-ang,c-ch	1
证券	zhèng quàn	3402	en-eng,uan-uang,z-zh,j-q-x	1
理性	lǐ xìng	3403	in-ing,n-l,r-l,j-q-x	1
内外	nèi wài	3404	ai-ei,n-l	1
商店	shāng diàn	3405	an-ang,ian-iang,s-sh	1
外地	wài dì	3407	ai-ei	1
风景	fēng jǐng	3408	en-eng,in-ing,h-f,j-q-x	1
西南	xī nán	3411	an-ang,n-l,j-q-x	1
名称	míng chēng	3412	en-eng,in-ing,c-ch	1
此间	cǐ jiān	3413	ian-iang,c-ch,j-q-x	1
走私	zǒu sī	3414	ao-ou,z-zh,s-sh	1
效应	xiào yìng	3415	in-ing,j-q-x	1
台阶	tái jiē	3417	ai-ei,ia-ie,j-q-x	1
博客	bó kè	3418		1
当选	dāng xuǎn	3421	an-ang,uan-uang,j-q-x	1
主意	zhǔ yi	3423	z-zh	1
处分	chǔ fèn	3424	en-eng,c-ch,h-f	1
后果	hòu guǒ	3425	ao-ou,ua-uo,h-f	1
一方	yī fāng	3426	an-ang,h-f	1
默默	mò mò	3427		1
着手	zhuó shǒu	3430	ao-ou,ua-uo,z-zh,s-sh	1
治国	zhì guó	3433	ua-uo,z-zh	1
补偿	bǔ cháng	3434	an-ang,c-ch	1
沙漠	shā mò	3437	s-sh	1
判决	pàn jué	3439	an-ang,j-q-x	1
足够	zú gòu	3441	ao-ou,z-zh	1
氛围	fēn wéi	3442	en-eng,ai-ei,h-f	1
会计	kuài jì	3443	j-q-x	1
视为	shì wéi	3444	ai-ei,s-sh	1
首脑	shǒu nǎo	3446	ao-ou,s-sh,n-l	1
季度	jì dù	3447	j-q-x	1
老汉	lǎo hàn	3448	an-ang,ao-ou,n-l,h-f,r-l	1
遗憾	yí hàn	3449	an-ang,h-f	1
合适	hé shì	3451	s-sh,h-f	1
院士	yuàn shì	3452	uan-uang,s-sh	1
全力	quán lì	3453	uan-uang,n-l,r-l,j-q-x	1
顾问	gù wèn	3454	en-eng	1
促使	cù shǐ	3455	c-ch,s-sh	1
业界	yè jiè	3456	ia-ie,j-q-x	1
济南	jì nán	3457	an-ang,n-l,j-q-x	1
不安	bù ān	3460	an-ang	1
名义	míng yì	3461	in-ing	1
导演	dǎo yǎn	3462	an-ang,ao-ou	1
疫情	yì qíng	3464	in-ing,j-q-x	1
党政	dǎng zhèng	3467	en-eng,an-ang,z-zh	1
夏天	xià tiān	3469	ian-iang,ia-ie,j-q-x	1
调研	diào yán	3472	an-ang	1
上证	shàng zhèng	3473	en-eng,an-ang,z-zh,s-sh	1
与会	yù huì	3474	h-f	1
实事	shí shì	3476	s-sh	1
从前	cóng qián	3477	ian-iang,c-ch,j-q-x	1
协助	xié zhù	3478	ia-ie,z-zh,j-q-x	1
报刊	bào kān	3479	an-ang,ao-ou	1
领土	lǐng tǔ	3482	in-ing,n-l,r-l	1
用人	yòng rén	3483	en-eng,r-l	1
本届	běn jiè	3484	en-eng,ia-ie,j-q-x	1
晚会	wǎn huì	3485	an-ang,h-f	1
透露	tòu lù	3486	ao-ou,n-l,r-l	1
正好	zhèng hǎo	3487	en-eng,ao-ou,z-zh,h-f	1
口号	kǒu hào	3488	ao-ou,h-f	1
喜爱	xǐ ài	3489	ai-ei,j-q-x	1
航天	háng tiān	3490	an-ang,ian-iang,h-f	1
收获	shōu huò	3492	ao-ou,ua-uo,s-sh,h-f	1
统筹	tǒng chóu	3494	ao-ou,c-ch	1
罚款	fá kuǎn	3495	uan-uang,h-f	1
组合	zǔ hé	3496	z-zh,h-f	1
清晰	qīng xī	3497	in-ing,j-q-x	1
历程	lì chéng	3499	en-eng,c-ch,n-l,r-l	1
一级	yī jí	3500	j-q-x	1
可爱	kě ài	3501	ai-ei	1
国土	guó tǔ	3502	ua-uo	1
坚强	jiān qiáng	3504	ian-iang,j-q-x	1
大都	dà dū	3505		1
到位	dào wèi	3506	ai-ei,ao-ou	1
东盟	dōng méng	3507	en-eng	1
华人	huá rén	3508	en-eng,ua-uo,h-f,r-l	1
视点	shì diǎn	3510	ian-iang,s-sh	1
北部	běi bù	3511	ai-ei	1
早就	zǎo jiù	3512	ao-ou,z-zh,j-q-x	1
马路	mǎ lù	3514	n-l,r-l	1
抵达	dǐ dá	3516		1
球员	qiú yuán	3517	uan-uang,j-q-x	1
班子	bān zi	3518	an-ang,z-zh	1
迫切	pò qiè	3519	ia-ie,j-q-x	1
审计	shěn jì	3521	en-eng,s-sh,j-q-x	1
随即	suí jí	3523	s-sh,j-q-x	1
暴力	bào lì	3525	ao-ou,n-l,r-l	1
联盟	lián méng	3526	en-eng,ian-iang,n-l,r-l	1
低于	dī yú	3527		1
宿舍	sù shè	3529	s-sh	1
弟弟	dì di	3535		1
收集	shōu jí	3536	ao-ou,s-sh,j-q-x	1
评估	píng gū	3537	in-ing	1
防范	fáng fàn	3538	an-ang,h-f	1
通报	tōng bào	3540	ao-ou	1
年纪	nián jì	3542	ian-iang,n-l,j-q-x	1
鼻子	bí zi	3543	z-zh	1
侵犯	qīn fàn	3544	in-ing,an-ang,h-f,j-q-x	1
从中	cóng zhōng	3545	z-zh,c-ch	1
关怀	guān huái	3547	uan-uang,h-f	1
评选	píng xuǎn	3549	in-ing,uan-uang,j-q-x	1
大师	dà shī	3556	s-sh	1
拥护	yōng hù	3557	h-f	1
长沙	cháng shā	3558	an-ang,c-ch,s-sh	1
会晤	huì wù	3559	h-f	3
水利	shuǐ lì	3560	s-sh,n-l,r-l	1
高潮	gāo cháo	3561	ao-ou,c-ch	1
慰问	wèi wèn	3563	en-eng,ai-ei	1
约束	yuē shù	3565	s-sh	1
深处	shēn chù	3568	en-eng,c-ch,s-sh	1
桌子	zhuō zi	3569	ua-uo,z-zh	1
证书	zhèng shū	3570	en-eng,z-zh,s-sh	1
市区	shì qū	3571	s-sh,j-q-x	1
为何	wèi hé	3573	ai-ei,h-f	1
议论	yì lùn	3575	n-l,r-l	1
不下	bù xià	3577	ia-ie,j-q-x	1
封建	fēng jiàn	3578	en-eng,ian-iang,h-f,j-q-x	1
健身	jiàn shēn	3580	en-eng,ian-iang,s-sh,j-q-x	1
近年	jìn nián	3581	in-ing,ian-iang,n-l,j-q-x	1
辐射	fú shè	3582	s-sh,h-f	1
黄金	huáng jīn	3583	in-ing,uan-uang,h-f,j-q-x	1
增进	zēng jìn	3585	en-eng,in-ing,z-zh,j-q-x	1
耳朵	ěr duo	3586	ua-uo	1
过渡	guò dù	3587	ua-uo	1
百年	bǎi nián	3589	ian-iang,ai-ei,n-l	1
定位	dìng wèi	3592	in-ing,ai-ei	1
可谓	kě wèi	3595	ai-ei	1
民营	mín yíng	3596	in-ing	1
灵活	líng huó	3599	in-ing,ua-uo,n-l,h-f,r-l	1
认证	rèn zhèng	3600	en-eng,z-zh,r-l	1
大赛	dà sài	3602	ai-ei,s-sh	1
一流	yī liú	3603	n-l,r-l	1
至此	zhì cǐ	3604	z-zh,c-ch	1
首相	shǒu xiàng	3605	ian-iang,ao-ou,s-sh,j-q-x	1
领先	lǐng xiān	3606	in-ing,ian-iang,n-l,r-l,j-q-x	1
得知	dé zhī	3607	z-zh	1
天然	tiān rán	3608	an-ang,ian-iang,r-l	1
处置	chǔ zhì	3609	z-zh,c-ch	1
常务	cháng wù	3612	an-ang,c-ch	1
金额	jīn é	3613	in-ing,j-q-x	1
重建	chóng jiàn	3614	ian-iang,c-ch,j-q-x	1
外汇	wài huì	3615	ai-ei,h-f	1
忽视	hū shì	3617	s-sh,h-f	1
保卫	bǎo wèi	3620	ai-ei,ao-ou	1
交谈	jiāo tán	3622	an-ang,j-q-x	1
不利	bù lì	3623	n-l,r-l	1
口气	kǒu qì	3624	ao-ou,j-q-x	1
演讲	yǎn jiǎng	3626	an-ang,ian-iang,j-q-x	1
告别	gào bié	3627	ao-ou,ia-ie	1
圆满	yuán mǎn	3628	an-ang,uan-uang	1
医药	yī yào	3629	ao-ou	1
警告	jǐng gào	3630	in-ing,ao-ou,j-q-x	1
沉默	chén mò	3631	en-eng,c-ch	1
创办	chuàng bàn	3632	an-ang,uan-uang,c-ch	1
民工	mín gōng	3635	in-ing	1
实质	shí zhì	3636	z-zh,s-sh	1
外部	wài bù	3639	ai-ei	1
长大	cháng dà	3641	an-ang,c-ch	1
渴望	kě wàng	3642	an-ang	1
武警	wǔ jǐng	3644	in-ing,j-q-x	1
光辉	guāng huī	3647	uan-uang,h-f	1
廉政	lián zhèng	3648	en-eng,ian-iang,z-zh,n-l,r-l	1
增多	zēng duō	3650	en-eng,ua-uo,z-zh	1
点头	diǎn tóu	3653	ian-iang,ao-ou	1
表彰	biǎo zhāng	3654	an-ang,z-zh	1
全民	quán mín	3655	in-ing,uan-uang,j-q-x	1
一贯	yī guàn	3656	uan-uang	1
装置	zhuāng zhì	3657	uan-uang,z-zh	1
专用	zhuān yòng	3658	uan-uang,z-zh	1
钢铁	gāng tiě	3659	an-ang,ia-ie	1
私人	sī rén	3661	en-eng,s-sh,r-l	1
为期	wéi qī	3663	ai-ei,j-q-x	1
优先	yōu xiān	3664	ian-iang,ao-ou,j-q-x	1
外商	wài shāng	3665	an-ang,ai-ei,s-sh	1
一道	yī dào	3666	ao-ou	1
尽量	jǐn liàng	3667	in-ing,ian-iang,n-l,r-l,j-q-x	1
水泥	shuǐ ní	3669	s-sh,n-l	1
当初	dāng chū	3670	an-ang,c-ch	1
学员	xué yuán	3671	uan-uang,j-q-x	1
发起	fā qǐ	3672	h-f,j-q-x	1
本事	běn shi	3674	en-eng,s-sh	1
授予	shòu yǔ	3675	ao-ou,s-sh	1
人文	rén wén	3676	en-eng,r-l	1
失望	shī wàng	3677	an-ang,s-sh	1
出色	chū sè	3678	c-ch,s-sh	1
力争	lì zhēng	3680	en-eng,z-zh,n-l,r-l	1
招标	zhāo biāo	3681	ao-ou,z-zh	1
论述	lùn shù	3682	s-sh,n-l,r-l	1
领袖	lǐng xiù	3684	in-ing,n-l,r-l,j-q-x	1
救助	jiù zhù	3685	z-zh,j-q-x	1
申购	shēn gòu	3686	en-eng,ao-ou,s-sh	1
激发	jī fā	3689	h-f,j-q-x	1
遭遇	zāo yù	3690	ao-ou,z-zh	1
带头	dài tóu	3692	ai-ei,ao-ou	1
否定	fǒu dìng	3693	in-ing,ao-ou,h-f	1
纲要	gāng yào	3694	an-ang,ao-ou	1
赶紧	gǎn jǐn	3696	in-ing,an-ang,j-q-x	1
阵地	zhèn dì	3697	en-eng,z-zh	1
记载	jì zǎi	3699	ai-ei,z-zh,j-q-x	1
新建	xīn jiàn	3701	in-ing,ian-iang,j-q-x	1
奠定	diàn dìng	3702	in-ing,ian-iang	1
回归	huí guī	3704	h-f	1
构建	gòu jiàn	3705	ian-iang,ao-ou,j-q-x	1
名单	míng dān	3706	in-ing,an-ang	1
初期	chū qī	3708	c-ch,j-q-x	1
偶然	ǒu rán	3709	an-ang,ao-ou,r-l	1
此事	cǐ shì	3710	c-ch,s-sh	1
近期	jìn qī	3711	in-ing,j-q-x	1
许可	xǔ kě	3713	j-q-x	1
展现	zhǎn xiàn	3714	an-ang,ian-iang,z-zh,j-q-x	1
信号	xìn hào	3715	in-ing,ao-ou,h-f,j-q-x	1
车间	chē jiān	3716	ian-iang,c-ch,j-q-x	1
党建	dǎng jiàn	3721	an-ang,ian-iang,j-q-x	1
阐述	chǎn shù	3724	an-ang,c-ch,s-sh	1
昆明	kūn míng	3725	in-ing	1
回顾	huí gù	3726	h-f	1
政委	zhèng wěi	3727	en-eng,ai-ei,z-zh	1
自治	zì zhì	3729	z-zh	1
球队	qiú duì	3730	j-q-x	1
举报	jǔ bào	3732	ao-ou,j-q-x	1
存款	cún kuǎn	3734	uan-uang,c-ch	1
修建	xiū jiàn	3735	ian-iang,j-q-x	1
议员	yì yuán	3736	uan-uang	1
有益	yǒu yì	3738	ao-ou	1
那边	nà bian	3740	ian-iang,n-l	1
外出	wài chū	3741	ai-ei,c-ch	1
宇宙	yǔ zhòu	3742	ao-ou,z-zh	1
获悉	huò xī	3743	ua-uo,h-f,j-q-x	1
平常	píng cháng	3745	in-ing,an-ang,c-ch	1
家人	jiā rén	3746	en-eng,ia-ie,r-l,j-q-x	1
众人	zhòng rén	3747	en-eng,z-zh,r-l	1
股票	gǔ piào	3748		1
转身	zhuǎn shēn	3754	en-eng,uan-uang,z-zh,s-sh	1
形态	xíng tài	3755	in-ing,ai-ei,j-q-x	1
制止	zhì zhǐ	3756	z-zh	1
局部	jú bù	3757	j-q-x	1
赶快	gǎn kuài	3760	an-ang	1
来访	lái fǎng	3761	an-ang,ai-ei,n-l,h-f,r-l	1
倡导	chàng dǎo	3762	an-ang,ao-ou,c-ch	1
人间	rén jiān	3765	en-eng,ian-iang,r-l,j-q-x	1
分散	fēn sàn	3768	en-eng,an-ang,s-sh,h-f	1
男友	nán yǒu	3771	an-ang,ao-ou,n-l	1
开口	kāi kǒu	3772	ai-ei,ao-ou	1
处处	chù chù	3774	c-ch	1
拓展	tuò zhǎn	3775	an-ang,ua-uo,z-zh	1
一向	yī xiàng	3777	ian-iang,j-q-x	1
诚信	chéng xìn	3778	en-eng,in-ing,c-ch,j-q-x	1
贵州	guì zhōu	3780	ao-ou,z-zh	1
故乡	gù xiāng	3782	ian-iang,j-q-x	1
睡觉	shuì jiào	3783	s-sh,j-q-x	1
顿时	dùn shí	3784	s-sh	1
税务	shuì wù	3786	s-sh	1
资助	zī zhù	3787	z-zh	1
大哥	dà gē	3789		1
联邦	lián bāng	3791	an-ang,ian-iang,n-l,r-l	1
早日	zǎo rì	3792	ao-ou,z-zh,r-l	1
伦敦	lún dūn	3794	n-l,r-l	1
酒店	jiǔ diàn	3795	ian-iang,j-q-x	1
黑色	hēi sè	3796	ai-ei,s-sh,h-f	1
干涉	gān shè	3797	an-ang,s-sh	1
事项	shì xiàng	3798	ian-iang,s-sh,j-q-x	1
高速	gāo sù	3799	ao-ou,s-sh	1
一一	yī yī	3801		1
难度	nán dù	3802	an-ang,n-l	1
遵循	zūn xún	3803	z-zh,j-q-x	1
上帝	shàng dì	3804	an-ang,s-sh	1
厉害	lì hai	3805	ai-ei,n-l,h-f,r-l	1
身后	shēn hòu	3806	en-eng,ao-ou,s-sh,h-f	1
百万	bǎi wàn	3807	an-ang,ai-ei	1
年级	nián jí	3808	ian-iang,n-l,j-q-x	1
开通	kāi tōng	3809	ai-ei	1
蒙古	méng gǔ	3810	en-eng	1
党风	dǎng fēng	3811	en-eng,an-ang,h-f	1
总部	zǒng bù	3812	z-zh	1
塑造	sù zào	3815	ao-ou,z-zh,s-sh	1
眼下	yǎn xià	3817	an-ang,ia-ie,j-q-x	1
全军	quán jūn	3819	uan-uang,j-q-x	1
之内	zhī nèi	3820	ai-ei,z-zh,n-l	1
建交	jiàn jiāo	3821	ian-iang,j-q-x	1
引领	yǐn lǐng	3823	in-ing,n-l,r-l	1
评为	píng wéi	3826	in-ing,ai-ei	1
赞赏	zàn shǎng	3827	an-ang,z-zh,s-sh	1
商标	shāng biāo	3828	an-ang,s-sh	1
文献	wén xiàn	3829	en-eng,ian-iang,j-q-x	1
假如	jiǎ rú	3830	ia-ie,r-l,j-q-x	1
包含	bāo hán	3831	an-ang,ao-ou,h-f	1
战场	zhàn chǎng	3832	an-ang,z-zh,c-ch	1
洪水	hóng shuǐ	3833	s-sh,h-f	1
讲究	jiǎng jiu	3834	ian-iang,j-q-x	1
重组	chóng zǔ	3835	z-zh,c-ch	1
享有	xiǎng yǒu	3836	ian-iang,ao-ou,j-q-x	1
国王	guó wáng	3837	an-ang,ua-uo	1
宁夏	níng xià	3838	in-ing,ia-ie,n-l,j-q-x	1
监察	jiān chá	3839	ian-iang,c-ch,j-q-x	1
信贷	xìn dài	3840	in-ing,ai-ei,j-q-x	1
中介	zhōng jiè	3841	ia-ie,z-zh,j-q-x	1
亲戚	qīn qi	3842	in-ing,j-q-x	1
梦想	mèng xiǎng	3844	en-eng,ian-iang,j-q-x	1
浑身	hún shēn	3845	en-eng,s-sh,h-f	1
消耗	xiāo hào	3846	ao-ou,h-f,j-q-x	1
变为	biàn wéi	3847	ian-iang,ai-ei	1
北约	běi yuē	3848	ai-ei	1
污水	wū shuǐ	3849	s-sh	1
长城	cháng chéng	3850	en-eng,an-ang,c-ch	1
阅读	yuè dú	3851		1
笑容	xiào róng	3854	r-l,j-q-x	1
代价	dài jià	3856	ai-ei,ia-ie,j-q-x	1
处长	chǔ cháng	3857	an-ang,c-ch	1
相似	xiāng sì	3858	ian-iang,s-sh,j-q-x	1
岁月	suì yuè	3859	s-sh	1
悲剧	bēi jù	3860	ai-ei,j-q-x	1
着力	zhuó lì	3861	ua-uo,z-zh,n-l,r-l	1
夺得	duó dé	3862	ua-uo	1
抢救	qiǎng jiù	3863	ian-iang,j-q-x	1
街头	jiē tóu	3864	ao-ou,ia-ie,j-q-x	1
食物	shí wù	3865	s-sh	1
南非	nán fēi	3866	an-ang,ai-ei,n-l,h-f	1
法庭	fǎ tíng	3868	in-ing,h-f	1
性能	xìng néng	3869	en-eng,in-ing,n-l,j-q-x	1
参赛	cān sài	3871	an-ang,ai-ei,c-ch,s-sh	1
福利	fú lì	3873	n-l,h-f,r-l	1
盲目	máng mù	3875	an-ang	1
一同	yī tóng	3876		1
民兵	mín bīng	3877	in-ing	1
丧失	sàng shī	3878	an-ang,s-sh	1
复兴	fù xīng	3880	in-ing,h-f,j-q-x	1
买家	mǎi jiā	3881	ai-ei,ia-ie,j-q-x	1
有序	yǒu xù	3882	ao-ou,j-q-x	1
陪同	péi tóng	3885	ai-ei	1
安慰	ān wèi	3886	an-ang,ai-ei	1
征求	zhēng qiú	3887	en-eng,z-zh,j-q-x	1
任命	rèn mìng	3888	en-eng,in-ing,r-l	1
脸色	liǎn sè	3890	ian-iang,s-sh,n-l,r-l	1
遏制	è zhì	3891	z-zh	1
组长	zǔ cháng	3893	an-ang,z-zh,c-ch	1
所得	suǒ dé	3894	ua-uo,s-sh	1
燃烧	rán shāo	3895	an-ang,ao-ou,s-sh,r-l	1
只得	zhǐ dé	3896	z-zh	1
经典	jīng diǎn	3898	in-ing,ian-iang,j-q-x	1
服从	fú cóng	3902	c-ch,h-f	1
开工	kāi gōng	3903	ai-ei	1
海南	hǎi nán	3904	an-ang,ai-ei,n-l,h-f	1
关闭	guān bì	3905	uan-uang	1
联想	lián xiǎng	3906	ian-iang,n-l,r-l,j-q-x	1
含有	hán yǒu	3908	an-ang,ao-ou,h-f	1
亲人	qīn rén	3912	en-eng,in-ing,r-l,j-q-x	1
外贸	wài mào	3913	ai-ei,ao-ou	1
自信	zì xìn	3915	in-ing,z-zh,j-q-x	1
一再	yī zài	3917	ai-ei,z-zh	1
特区	tè qū	3918	j-q-x	1
制订	zhì dìng	3919	in-ing,z-zh	1
海水	hǎi shuǐ	3920	ai-ei,s-sh,h-f	1
精品	jīng pǐn	3922	in-ing,j-q-x	1
凝聚	níng jù	3923	in-ing,n-l,j-q-x	1
一体	yī tǐ	3924		1
冬季	dōng jì	3925	j-q-x	1
小事	xiǎo shì	3926	s-sh,j-q-x	1
皮肤	pí fū	3927	h-f	1
动手	dòng shǒu	3930	ao-ou,s-sh	1
勇敢	yǒng gǎn	3932	an-ang	1
概率	gài lǜ	3933	ai-ei,n-l,r-l	1
全身	quán shēn	3935	en-eng,uan-uang,s-sh,j-q-x	1
限度	xiàn dù	3936	ian-iang,j-q-x	1
随意	suí yì	3937	s-sh	1
透明	tòu míng	3938	in-ing,ao-ou	1
水库	shuǐ kù	3942	s-sh	1
精彩	jīng cǎi	3943	in-ing,ai-ei,c-ch,j-q-x	1
依旧	yī jiù	3944	j-q-x	1
预备	yù bèi	3946	ai-ei	1
诸多	zhū duō	3947	ua-uo,z-zh	1
承受	chéng shòu	3948	en-eng,ao-ou,c-ch,s-sh	1
暴露	bào lù	3949	ao-ou,n-l,r-l	1
上涨	shàng zhǎng	3951	an-ang,z-zh,s-sh	1
信访	xìn fǎng	3954	in-ing,an-ang,h-f,j-q-x	1
办学	bàn xué	3955	an-ang,j-q-x	1
临床	lín chuáng	3957	in-ing,uan-uang,c-ch,n-l,r-l	1
立足	lì zú	3959	z-zh,n-l,r-l	1
大海	dà hǎi	3960	ai-ei,h-f	1
周边	zhōu biān	3961	ian-iang,ao-ou,z-zh	1
指定	zhǐ dìng	3962	in-ing,z-zh	1
边境	biān jìng	3968	in-ing,ian-iang,j-q-x	1
潮流	cháo liú	3971	ao-ou,c-ch,n-l,r-l	1
戏曲	xì qǔ	3972	j-q-x	1
科教	kē jiào	3975	j-q-x	1
连接	lián jiē	3977	ian-iang,ia-ie,n-l,r-l,j-q-x	1
欢乐	huān lè	3978	uan-uang,n-l,h-f,r-l	1
足以	zú yǐ	3979	z-zh	1
支队	zhī duì	3980	z-zh	1
隆重	lóng zhòng	3982	z-zh,n-l,r-l	1
垄断	lǒng duàn	3983	uan-uang,n-l,r-l	1
提案	tí àn	3986	an-ang	1
知名	zhī míng	3987	in-ing,z-zh	1
致使	zhì shǐ	3988	z-zh,s-sh	1
逻辑	luó jí	3989	ua-uo,n-l,r-l,j-q-x	1
毫不	háo bù	3990	ao-ou,h-f	1
业绩	yè jì	3993	j-q-x	1
战线	zhàn xiàn	3994	an-ang,ian-iang,z-zh,j-q-x	1
神经	shén jīng	3995	en-eng,in-ing,s-sh,j-q-x	1
国会	guó huì	3997	ua-uo,h-f	1
商场	shāng chǎng	3998	an-ang,c-ch,s-sh	1
早上	zǎo shang	3999	an-ang,ao-ou,z-zh,s-sh	1
论证	lùn zhèng	4000	en-eng,z-zh,n-l,r-l	1
匆匆	cōng cōng	4002	c-ch	1
现行	xiàn xíng	4003	in-ing,ian-iang,j-q-x	1
县长	xiàn cháng	4005	an-ang,ian-iang,c-ch,j-q-x	1
过于	guò yú	4006	ua-uo	1
小子	xiǎo zǐ	4007	z-zh,j-q-x	1
升级	shēng jí	4008	en-eng,s-sh,j-q-x	1
脚步	jiǎo bù	4009	j-q-x	1
扎实	zhā shi	4010	z-zh,s-sh	1
上网	shàng wǎng	4013	an-ang,s-sh	1
实用	shí yòng	4017	s-sh	1
正义	zhèng yì	4018	en-eng,z-zh	1
时机	shí jī	4019	s-sh,j-q-x	1
敏感	mǐn gǎn	4020	in-ing,an-ang	1
晓得	xiǎo de	4021	j-q-x	1
排放	pái fàng	4022	an-ang,ai-ei,h-f	1
延伸	yán shēn	4023	en-eng,an-ang,s-sh	1
包装	bāo zhuāng	4024	uan-uang,ao-ou,z-zh	1
游泳	yóu yǒng	4025	ao-ou	1
神圣	shén shèng	4026	en-eng,s-sh	1
公顷	gōng qǐng	4027	in-ing,j-q-x	1
期限	qī xiàn	4028	ian-iang,j-q-x	1
散文	sǎn wén	4030	en-eng,an-ang,s-sh	1
投票	tóu piào	4031	ao-ou	1
气温	qì wēn	4033	en-eng,j-q-x	1
缓解	huǎn jiě	4034	uan-uang,ia-ie,h-f,j-q-x	1
问候	wèn hòu	4035	en-eng,ao-ou,h-f	1
不易	bù yì	4036		1
特大	tè dà	4037		1
物理	wù lǐ	4038	n-l,r-l	1
脖子	bó zi	4039	z-zh	1
年初	nián chū	4040	ian-iang,c-ch,n-l	1
坚实	jiān shí	4041	ian-iang,s-sh,j-q-x	1
深厚	shēn hòu	4042	en-eng,ao-ou,s-sh,h-f	1
住宅	zhù zhái	4043	ai-ei,z-zh	1
释放	shì fàng	4044	an-ang,s-sh,h-f	1
好事	hǎo shì	4045	ao-ou,s-sh,h-f	1
视野	shì yě	4046	s-sh	1
功夫	gōng fu	4047	h-f	1
拖欠	tuō qiàn	4048	ian-iang,ua-uo,j-q-x	1
野生	yě shēng	4049	en-eng,s-sh	1
遗产	yí chǎn	4050	an-ang,c-ch	1
谴责	qiǎn zé	4051	ian-iang,z-zh,j-q-x	1
杰出	jié chū	4052	ia-ie,c-ch,j-q-x	1
手指	shǒu zhǐ	4053	ao-ou,z-zh,s-sh	1
不满	bù mǎn	4055	an-ang	1
抬头	tái tóu	4056	ai-ei,ao-ou	1
逝世	shì shì	4057	s-sh	1
节能	jié néng	4058	en-eng,ia-ie,n-l,j-q-x	1
抗战	kàng zhàn	4059	an-ang,z-zh	1
分局	fēn jú	4060	en-eng,h-f,j-q-x	1
打工	dǎ gōng	4061		1
主观	zhǔ guān	4062	uan-uang,z-zh	1
气息	qì xī	4066	j-q-x	1
造林	zào lín	4067	in-ing,ao-ou,z-zh,n-l,r-l	1
汉语	hàn yǔ	4068	an-ang,h-f	1
致力	zhì lì	4070	z-zh,n-l,r-l	1
不曾	bù céng	4071	en-eng,c-ch	1
看望	kàn wàng	4074	an-ang	1
传说	chuán shuō	4076	uan-uang,ua-uo,c-ch,s-sh	1
从未	cóng wèi	4077	ai-ei,c-ch	1
寂寞	jì mò	4078	j-q-x	1
对面	duì miàn	4080	ian-iang	1
揭示	jiē shì	4081	ia-ie,s-sh,j-q-x	1
无不	wú bù	4083		1
模糊	mó hu	4084	h-f	1
消防	xiāo fáng	4086	an-ang,h-f,j-q-x	1
提交	tí jiāo	4087	j-q-x	1
出售	chū shòu	4089	ao-ou,c-ch,s-sh	1
特定	tè dìng	4090	in-ing	1
重申	chóng shēn	4093	en-eng,c-ch,s-sh	1
小区	xiǎo qū	4094	j-q-x	1
受理	shòu lǐ	4095	ao-ou,s-sh,n-l,r-l	1
金属	jīn shǔ	4096	in-ing,s-sh,j-q-x	1
军官	jūn guān	4097	uan-uang,j-q-x	1
赛事	sài shì	4098	ai-ei,s-sh	1
产值	chǎn zhí	4100	an-ang,z-zh,c-ch	1
疾控	jí kòng	4102	j-q-x	1
村庄	cūn zhuāng	4103	uan-uang,z-zh,c-ch	1
诗歌	shī gē	4104	s-sh	1
从小	cóng xiǎo	4105	c-ch,j-q-x	1
投诉	tóu sù	4107	ao-ou,s-sh	1
嘴唇	zuǐ chún	4108	z-zh,c-ch	1
协定	xié dìng	4109	in-ing,ia-ie,j-q-x	1
脑子	nǎo zi	4111	ao-ou,z-zh,n-l	1
频繁	pín fán	4112	in-ing,an-ang,h-f	1
智力	zhì lì	4114	z-zh,n-l,r-l	1
确认	què rèn	4116	en-eng,r-l,j-q-x	1
名人	míng rén	4117	en-eng,in-ing,r-l	1
超越	chāo yuè	4118	ao-ou,c-ch	1
商务	shāng wù	4119	an-ang,s-sh	1
债务	zhài wù	4120	ai-ei,z-zh	1
夜里	yè lǐ	4121	n-l,r-l	1
空军	kōng jūn	4122	j-q-x	1
公社	gōng shè	4123	s-sh	1
为止	wéi zhǐ	4124	ai-ei,z-zh	1
后者	hòu zhě	4125	ao-ou,z-zh,h-f	1
申报	shēn bào	4128	en-eng,ao-ou,s-sh	1
京剧	jīng jù	4129	in-ing,j-q-x	1
农药	nóng yào	4132	ao-ou,n-l	1
星期	xīng qī	4134	in-ing,j-q-x	1
路子	lù zi	4135	z-zh,n-l,r-l	1
前夕	qián xī	4136	ian-iang,j-q-x	1
大街	dà jiē	4137	ia-ie,j-q-x	1
护士	hù shi	4138	s-sh,h-f	1
政务	zhèng wù	4139	en-eng,z-zh	1
妥善	tuǒ shàn	4141	an-ang,ua-uo,s-sh	1
周期	zhōu qī	4142	ao-ou,z-zh,j-q-x	1
水果	shuǐ guǒ	4143	ua-uo,s-sh	1
依赖	yī lài	4144	ai-ei,n-l,r-l	1
监狱	jiān yù	4145	ian-iang,j-q-x	1
绘画	huì huà	4147	ua-uo,h-f	1
议长	yì zhǎng	4149	an-ang,z-zh	1
物品	wù pǐn	4150	in-ing	1
不然	bù rán	4152	an-ang,r-l	1
敢于	gǎn yú	4154	an-ang	1
差别	chā bié	4155	ia-ie,c-ch	1
一度	yī dù	4159		1
期望	qī wàng	4160	an-ang,j-q-x	1
郑州	zhèng zhōu	4162	en-eng,ao-ou,z-zh	1
清洁	qīng jié	4163	in-ing,ia-ie,j-q-x	1
剧本	jù běn	4166	en-eng,j-q-x	1
英文	yīng wén	4167	en-eng,in-ing	1
教室	jiào shì	4168	s-sh,j-q-x	1
警方	jǐng fāng	4169	in-ing,an-ang,h-f,j-q-x	1
争夺	zhēng duó	4170	en-eng,ua-uo,z-zh	1
流失	liú shī	4172	s-sh,n-l,r-l	1
补助	bǔ zhù	4173	z-zh	1
担保	dān bǎo	4174	an-ang,ao-ou	1
天上	tiān shàng	4175	an-ang,ian-iang,s-sh	1
室内	shì nèi	4176	ai-ei,s-sh,n-l	1
开设	kāi shè	4178	ai-ei,s-sh	1
法定	fǎ dìng	4180	in-ing,h-f	1
对付	duì fu	4181	h-f	1
码头	mǎ tóu	4182	ao-ou	1
甘肃	gān sù	4185	an-ang,s-sh	1
心头	xīn tóu	4186	in-ing,ao-ou,j-q-x	1
高尚	gāo shàng	4187	an-ang,ao-ou,s-sh	1
画面	huà miàn	4189	ian-iang,ua-uo,h-f	1
原本	yuán běn	4190	en-eng,uan-uang	1
不由	bù yóu	4191	ao-ou	1
安心	ān xīn	4192	in-ing,an-ang,j-q-x	1
未必	wèi bì	4194	ai-ei	1
起身	qǐ shēn	4195	en-eng,s-sh,j-q-x	1
高层	gāo céng	4196	en-eng,ao-ou,c-ch	1
小心	xiǎo xīn	4197	in-ing,j-q-x	1
好看	hǎo kàn	4198	an-ang,ao-ou,h-f	1
有意	yǒu yì	4199	ao-ou	1
导向	dǎo xiàng	4201	ian-iang,ao-ou,j-q-x	1
感激	gǎn jī	4202	an-ang,j-q-x	1
运营	yùn yíng	4207	in-ing	1
发育	fā yù	4209	h-f	1
抑制	yì zhì	4210	z-zh	1
无奈	wú nài	4211	ai-ei,n-l	1
加深	jiā shēn	4213	en-eng,ia-ie,s-sh,j-q-x	1
退耕	tuì gēng	4215	en-eng	1
一线	yī xiàn	4216	ian-iang,j-q-x	1
高峰	gāo fēng	4217	en-eng,ao-ou,h-f	1
微微	wēi wēi	4220	ai-ei	1
掌声	zhǎng shēng	4221	en-eng,an-ang,z-zh,s-sh	1
社员	shè yuán	4222	uan-uang,s-sh	1
舒服	shū fu	4224	s-sh,h-f	1
泪水	lèi shuǐ	4226	ai-ei,s-sh,n-l,r-l	1
出国	chū guó	4228	ua-uo,c-ch	1
初中	chū zhōng	4230	z-zh,c-ch	1
拉动	lā dòng	4233	n-l,r-l	1
磋商	cuō shāng	4234	an-ang,ua-uo,c-ch,s-sh	3
此刻	cǐ kè	4235	c-ch	1
厨房	chú fáng	4237	an-ang,c-ch,h-f	1
自愿	zì yuàn	4238	uan-uang,z-zh	1
收拾	shōu shi	4239	ao-ou,s-sh	1
椅子	yǐ zi	4240	z-zh	1
算了	suàn le	4241	uan-uang,s-sh,n-l,r-l	1
代理	dài lǐ	4243	ai-ei,n-l,r-l	1
为此	wèi cǐ	4244	ai-ei,c-ch	1
放松	fàng sōng	4245	an-ang,s-sh,h-f	1
不免	bù miǎn	4246	ian-iang	1
公约	gōng yuē	4247		1
周末	zhōu mò	4248	ao-ou,z-zh	1
模样	mú yàng	4249	an-ang	1
之上	zhī shàng	4251	an-ang,z-zh,s-sh	1
毒品	dú pǐn	4253	in-ing	1
单独	dān dú	4254	an-ang	1
连忙	lián máng	4255	an-ang,ian-iang,n-l,r-l	1
议案	yì àn	4256	an-ang	1
壮大	zhuàng dà	4257	uan-uang,z-zh	1
奇迹	qí jì	4259	j-q-x	1
花园	huā yuán	4260	uan-uang,ua-uo,h-f	1
违规	wéi guī	4261	ai-ei	1
充实	chōng shí	4263	c-ch,s-sh	1
不便	bù biàn	4264	ian-iang	1
拍摄	pāi shè	4265	ai-ei,s-sh	1
转换	zhuǎn huàn	4266	uan-uang,z-zh,h-f	1
风力	fēng lì	4267	en-eng,n-l,h-f,r-l	1
大气	dà qì	4268	j-q-x	1
法人	fǎ rén	4269	en-eng,h-f,r-l	1
破产	pò chǎn	4271	an-ang,c-ch	1
一代	yī dài	4272	ai-ei	1
线路	xiàn lù	4273	ian-iang,n-l,r-l,j-q-x	1
首届	shǒu jiè	4275	ao-ou,ia-ie,s-sh,j-q-x	1
干旱	gān hàn	4276	an-ang,h-f	1
传递	chuán dì	4277	uan-uang,c-ch	1
自杀	zì shā	4278	z-zh,s-sh	1
大军	dà jūn	4279	j-q-x	1
称赞	chēng zàn	4280	en-eng,an-ang,z-zh,c-ch	1
冷静	lěng jìng	4281	en-eng,in-ing,n-l,r-l,j-q-x	1
老爷	lǎo ye	4282	ao-ou,n-l,r-l	1
谢谢	xiè xie	4283	ia-ie,j-q-x	1
四周	sì zhōu	4285	ao-ou,z-zh,s-sh	1
淘汰	táo tài	4287	ai-ei,ao-ou	1
干脆	gān cuì	4289	an-ang,c-ch	1
景象	jǐng xiàng	4290	in-ing,ian-iang,j-q-x	1
财经	cái jīng	4292	in-ing,ai-ei,c-ch,j-q-x	1
耐心	nài xīn	4295	in-ing,ai-ei,n-l,j-q-x	1
测量	cè liáng	4297	ian-iang,c-ch,n-l,r-l	1
会员	huì yuán	4298	uan-uang,h-f	1
干扰	gān rǎo	4299	an-ang,ao-ou,r-l	1
印尼	yìn ní	4300	in-ing,n-l	1
情报	qíng bào	4301	in-ing,ao-ou,j-q-x	1
生日	shēng rì	4302	en-eng,s-sh,r-l	1
纲领	gāng lǐng	4303	in-ing,an-ang,n-l,r-l	1
施行	shī xíng	4304	in-ing,s-sh,j-q-x	1
诊断	zhěn duàn	4305	en-eng,uan-uang,z-zh	1
优美	yōu měi	4306	ai-ei,ao-ou	1
整整	zhěng zhěng	4309	en-eng,z-zh	1
替代	tì dài	4311	ai-ei	1
供给	gōng jǐ	4312	j-q-x	1
邻居	lín jū	4314	in-ing,n-l,r-l,j-q-x	1
若是	ruò shì	4315	ua-uo,s-sh,r-l	1
牢固	láo gù	4316	ao-ou,n-l,r-l	1
民俗	mín sú	4317	in-ing,s-sh	1
本领	běn lǐng	4318	en-eng,in-ing,n-l,r-l	1
金钱	jīn qián	4319	in-ing,ian-iang,j-q-x	1
薄弱	bó ruò	4323	ua-uo,r-l	1
明星	míng xīng	4324	in-ing,j-q-x	1
引入	yǐn rù	4325	in-ing,r-l	1
视察	shì chá	4326	c-ch,s-sh	1
新年	xīn nián	4328	in-ing,ian-iang,n-l,j-q-x	1
早期	zǎo qī	4329	ao-ou,z-zh,j-q-x	1
时常	shí cháng	4330	an-ang,c-ch,s-sh	1
尾巴	wěi ba	4332	ai-ei	1
桥梁	qiáo liáng	4333	ian-iang,n-l,r-l,j-q-x	1
丝毫	sī háo	4334	ao-ou,s-sh,h-f	1
源头	yuán tóu	4335	uan-uang,ao-ou	1
转向	zhuàn xiàng	4337	ian-iang,uan-uang,z-zh,j-q-x	1
肺炎	fèi yán	4338	an-ang,ai-ei,h-f	1
聚集	jù jí	4339	j-q-x	1
进而	jìn ér	4340	in-ing,j-q-x	1
正当	zhèng dàng	4341	en-eng,an-ang,z-zh	1
沙发	shā fā	4343	s-sh,h-f	1
灾难	zāi nàn	4345	an-ang,ai-ei,z-zh,n-l	1
上门	shàng mén	4346	en-eng,an-ang,s-sh	1
夜晚	yè wǎn	4347	an-ang	1
歌曲	gē qǔ	4349	j-q-x	1
平原	píng yuán	4351	in-ing,uan-uang	1
支柱	zhī zhù	4352	z-zh	1
得意	dé yì	4353		1
宏伟	hóng wěi	4354	ai-ei,h-f	1
审理	shěn lǐ	4355	en-eng,s-sh,n-l,r-l	1
水稻	shuǐ dào	4356	ao-ou,s-sh	1
兴起	xīng qǐ	4357	in-ing,j-q-x	1
当即	dāng jí	4358	an-ang,j-q-x	1
整改	zhěng gǎi	4359	en-eng,ai-ei,z-zh	1
长春	cháng chūn	4360	an-ang,c-ch	1
大幅	dà fú	4361	h-f	1
贴近	tiē jìn	4362	in-ing,ia-ie,j-q-x	1
也好	yě hǎo	4363	ao-ou,h-f	1
爱心	ài xīn	4364	in-ing,ai-ei,j-q-x	1
福州	fú zhōu	4365	ao-ou,z-zh,h-f	1
失误	shī wù	4366	s-sh	1
招呼	zhāo hu	4369	ao-ou,z-zh,h-f	1
顽强	wán qiáng	4370	an-ang,ian-iang,j-q-x	1
评议	píng yì	4371	in-ing	1
认可	rèn kě	4372	en-eng,r-l	1
宾馆	bīn guǎn	4374	in-ing,uan-uang	1
车站	chē zhàn	4375	an-ang,z-zh,c-ch	1
现金	xiàn jīn	4376	in-ing,ian-iang,j-q-x	1
灿烂	càn làn	4377	an-ang,c-ch,n-l,r-l	1
互利	hù lì	4378	n-l,h-f,r-l	1
家伙	jiā huo	4379	ia-ie,ua-uo,h-f,j-q-x	1
勉强	miǎn qiǎng	4380	ian-iang,j-q-x	1
地处	dì chǔ	4381	c-ch	1
转让	zhuǎn ràng	4382	an-ang,uan-uang,z-zh,r-l	1
分歧	fēn qí	4384	en-eng,h-f,j-q-x	1
报名	bào míng	4385	in-ing,ao-ou	1
边界	biān jiè	4386	ian-iang,ia-ie,j-q-x	1
使馆	shǐ guǎn	4387	uan-uang,s-sh	1
利于	lì yú	4389	n-l,r-l	1
班长	bān zhǎng	4390	an-ang,z-zh	1
私营	sī yíng	4391	in-ing,s-sh	1
恶化	è huà	4392	ua-uo,h-f	1
深远	shēn yuǎn	4393	en-eng,uan-uang,s-sh	1
尝试	cháng shì	4394	an-ang,c-ch,s-sh	1
红旗	hóng qí	4395	h-f,j-q-x	1
院校	yuàn xiào	4397	uan-uang,j-q-x	1
荷兰	hé lán	4398	an-ang,n-l,h-f,r-l	1
何时	hé shí	4399	s-sh,h-f	1
有趣	yǒu qù	4400	ao-ou,j-q-x	1
全都	quán dōu	4402	uan-uang,ao-ou,j-q-x	1
节奏	jié zòu	4404	ao-ou,ia-ie,z-zh,j-q-x	1
活泼	huó pō	4405	ua-uo,h-f	1
平安	píng ān	4407	in-ing,an-ang	1
司令	sī lìng	4408	in-ing,s-sh,n-l,r-l	1
自家	zì jiā	4409	ia-ie,z-zh,j-q-x	1
股份	gǔ fèn	4411	en-eng,h-f	1
课堂	kè táng	4412	an-ang	1
划分	huà fēn	4413	en-eng,ua-uo,h-f	1
便宜	pián yi	4414	ian-iang	1
设想	shè xiǎng	4415	ian-iang,s-sh,j-q-x	1
行人	xíng rén	4416	en-eng,in-ing,r-l,j-q-x	1
水面	shuǐ miàn	4417	ian-iang,s-sh	1
着重	zhuó zhòng	4419	ua-uo,z-zh	1
边防	biān fáng	4420	an-ang,ian-iang,h-f	1
中部	zhōng bù	4422	z-zh	1
新兴	xīn xīng	4423	in-ing,j-q-x	1
希腊	xī là	4424	n-l,r-l,j-q-x	1
过年	guò nián	4425	ian-iang,ua-uo,n-l	1
骄傲	jiāo ào	4426	ao-ou,j-q-x	1
融合	róng hé	4428	h-f,r-l	1
看待	kàn dài	4430	an-ang,ai-ei	1
庄严	zhuāng yán	4431	an-ang,uan-uang,z-zh	1
等级	děng jí	4433	en-eng,j-q-x	1
延长	yán cháng	4434	an-ang,c-ch	1
固然	gù rán	4438	an-ang,r-l	1
整合	zhěng hé	4439	en-eng,z-zh,h-f	1
办案	bàn àn	4440	an-ang	1
胳膊	gē bo	4441		1
选民	xuǎn mín	4443	in-ing,uan-uang,j-q-x	1
着急	zháo jí	4444	ao-ou,z-zh,j-q-x	1
防御	fáng yù	4446	an-ang,h-f	1
抗日	kàng rì	4447	an-ang,r-l	1
依托	yī tuō	4449	ua-uo	1
东亚	dōng yà	4451		1
当日	dāng rì	4452	an-ang,r-l	1
承办	chéng bàn	4455	en-eng,an-ang,c-ch	1
大爷	dà ye	4457		1
总裁	zǒng cái	4458	ai-ei,z-zh,c-ch	1
亏损	kuī sǔn	4460	s-sh	1
太原	tài yuán	4461	uan-uang,ai-ei	1
分明	fēn míng	4462	en-eng,in-ing,h-f	1
单一	dān yī	4464	an-ang	1
感慨	gǎn kǎi	4465	an-ang,ai-ei	1
养老	yǎng lǎo	4469	an-ang,ao-ou,n-l,r-l	1
珍贵	zhēn guì	4470	en-eng,z-zh	1
党组	dǎng zǔ	4471	an-ang,z-zh	1
科普	kē pǔ	4472		1
隔离	gé lí	4473	n-l,r-l	1
缩小	suō xiǎo	4474	ua-uo,s-sh,j-q-x	1
陌生	mò shēng	4475	en-eng,s-sh	1
救灾	jiù zāi	4477	ai-ei,z-zh,j-q-x	1
八一	bā yī	4478		1
调解	tiáo jiě	4480	ia-ie,j-q-x	1
指数	zhǐ shù	4481	z-zh,s-sh	1
内阁	nèi gé	4482	ai-ei,n-l	1
帽子	mào zi	4483	ao-ou,z-zh	1
心态	xīn tài	4484	in-ing,ai-ei,j-q-x	1
动摇	dòng yáo	4485	ao-ou	1
佛教	fó jiào	4486	h-f,j-q-x	1
否认	fǒu rèn	4487	en-eng,ao-ou,h-f,r-l	1
征收	zhēng shōu	4489	en-eng,ao-ou,z-zh,s-sh	1
便利	biàn lì	4490	ian-iang,n-l,r-l	1
港口	gǎng kǒu	4491	an-ang,ao-ou	1
节水	jié shuǐ	4492	ia-ie,s-sh,j-q-x	1
颁发	bān fā	4493	an-ang,h-f	1
招生	zhāo shēng	4494	en-eng,ao-ou,z-zh,s-sh	1
规矩	guī ju	4495	j-q-x	1
乡亲	xiāng qīn	4496	in-ing,ian-iang,j-q-x	1
分工	fēn gōng	4497	en-eng,h-f	1
留学	liú xué	4498	n-l,r-l,j-q-x	1
厕所	cè suǒ	4500	ua-uo,c-ch,s-sh	1
景区	jǐng qū	4501	in-ing,j-q-x	1
应对	yìng duì	4502	in-ing	1
农场	nóng chǎng	4506	an-ang,c-ch,n-l	1
底下	dǐ xia	4508	ia-ie,j-q-x	1
华侨	huá qiáo	4509	ua-uo,h-f,j-q-x	1
帮忙	bāng máng	4510	an-ang	1
细致	xì zhì	4511	z-zh,j-q-x	1
增产	zēng chǎn	4512	en-eng,an-ang,z-zh,c-ch	1
去世	qù shì	4514	s-sh,j-q-x	1
饲料	sì liào	4515	s-sh,n-l,r-l	1
干警	gàn jǐng	4516	in-ing,an-ang,j-q-x	1
国债	guó zhài	4518	ai-ei,ua-uo,z-zh	1
利率	lì lǜ	4519	n-l,r-l	1
味道	wèi dào	4520	ai-ei,ao-ou	1
呼唤	hū huàn	4521	uan-uang,h-f	1
向上	xiàng shàng	4522	an-ang,ian-iang,s-sh,j-q-x	1
不止	bù zhǐ	4523	z-zh	1
保健	bǎo jiàn	4525	ian-iang,ao-ou,j-q-x	1
化肥	huà féi	4526	ai-ei,ua-uo,h-f	1
模型	mó xíng	4527	in-ing,j-q-x	1
好多	hǎo duō	4528	ao-ou,ua-uo,h-f	1
会场	huì chǎng	4529	an-ang,c-ch,h-f	1
学历	xué lì	4531	n-l,r-l,j-q-x	1
海域	hǎi yù	4532	ai-ei,h-f	1
建造	jiàn zào	4533	ian-iang,ao-ou,z-zh,j-q-x	1
凌晨	líng chén	4534	en-eng,in-ing,c-ch,n-l,r-l	1
农田	nóng tián	4535	ian-iang,n-l	1
脚下	jiǎo xià	4537	ia-ie,j-q-x	1
不及	bù jí	4540	j-q-x	1
船舶	chuán bó	4542	uan-uang,c-ch	1
境外	jìng wài	4544	in-ing,ai-ei,j-q-x	1
开办	kāi bàn	4546	an-ang,ai-ei	1
就此	jiù cǐ	4547	c-ch,j-q-x	1
渗透	shèn tòu	4548	en-eng,ao-ou,s-sh	1
布置	bù zhì	4549	z-zh	1
观测	guān cè	4550	uan-uang,c-ch	1
维修	wéi xiū	4552	ai-ei,j-q-x	1
青海	qīng hǎi	4553	in-ing,ai-ei,h-f,j-q-x	1
占据	zhàn jù	4554	an-ang,z-zh,j-q-x	1
跟踪	gēn zōng	4557	en-eng,z-zh	1
年前	nián qián	4558	ian-iang,n-l,j-q-x	1
出路	chū lù	4560	c-ch,n-l,r-l	1
树木	shù mù	4562	s-sh	1
倘若	tǎng ruò	4565	an-ang,ua-uo,r-l	1
辞职	cí zhí	4566	z-zh,c-ch	1
艰巨	jiān jù	4568	ian-iang,j-q-x	1
强制	qiáng zhì	4569	ian-iang,z-zh,j-q-x	1
扩散	kuò sàn	4570	an-ang,ua-uo,s-sh	1
演习	yǎn xí	4572	an-ang,j-q-x	1
吉林	jí lín	4575	in-ing,n-l,r-l,j-q-x	1
口袋	kǒu dai	4577	ai-ei,ao-ou	1
初级	chū jí	4578	c-ch,j-q-x	1
深度	shēn dù	4579	en-eng,s-sh	1
动人	dòng rén	4580	en-eng,r-l	1
神情	shén qíng	4581	en-eng,in-ing,s-sh,j-q-x	1
估值	gū zhí	4582	z-zh	1
测试	cè shì	4583	c-ch,s-sh	1
回报	huí bào	4584	ao-ou,h-f	1
答复	dá fù	4585	h-f	1
地图	dì tú	4586		1
修订	xiū dìng	4587	in-ing,j-q-x	1
摇头	yáo tóu	4588	ao-ou	1
毛病	máo bìng	4590	in-ing,ao-ou	1
排除	pái chú	4592	ai-ei,c-ch	1
姓名	xìng míng	4593	in-ing,j-q-x	1
公主	gōng zhǔ	4595	z-zh	1
大楼	dà lóu	4596	ao-ou,n-l,r-l	1
被告	bèi gào	4597	ai-ei,ao-ou	1
大选	dà xuǎn	4599	uan-uang,j-q-x	1
下列	xià liè	4601	ia-ie,n-l,r-l,j-q-x	1
人为	rén wéi	4602	en-eng,ai-ei,r-l	1
弱势	ruò shì	4604	ua-uo,s-sh,r-l	1
隐患	yǐn huàn	4605	in-ing,uan-uang,h-f	1
风气	fēng qì	4606	en-eng,h-f,j-q-x	1
环比	huán bǐ	4607	uan-uang,h-f	1
细节	xì jié	4608	ia-ie,j-q-x	1
公益	gōng yì	4609		1
民事	mín shì	4610	in-ing,s-sh	1
近代	jìn dài	4611	in-ing,ai-ei,j-q-x	1
实效	shí xiào	4612	s-sh,j-q-x	1
城区	chéng qū	4613	en-eng,c-ch,j-q-x	1
血液	xuè yè	4615	j-q-x	1
过分	guò fèn	4616	en-eng,ua-uo,h-f	1
能量	néng liàng	4617	en-eng,ian-iang,n-l,r-l	1
影子	yǐng zi	4618	in-ing,z-zh	1
自豪	zì háo	4619	ao-ou,z-zh,h-f	1
远处	yuǎn chù	4620	uan-uang,c-ch	1
月份	yuè fèn	4624	en-eng,h-f	1
崭新	zhǎn xīn	4625	in-ing,an-ang,z-zh,j-q-x	1
恋爱	liàn ài	4626	ian-iang,ai-ei,n-l,r-l	1
学问	xué wen	4627	en-eng,j-q-x	1
草地	cǎo dì	4628	ao-ou,c-ch	1
深受	shēn shòu	4631	en-eng,ao-ou,s-sh	1
签字	qiān zì	4632	ian-iang,z-zh,j-q-x	1
步骤	bù zhòu	4633	ao-ou,z-zh	1
用来	yòng lái	4634	ai-ei,n-l,r-l	1
歌声	gē shēng	4635	en-eng,s-sh	1
欧元	ōu yuán	4636	uan-uang,ao-ou	1
共享	gòng xiǎng	4637	ian-iang,j-q-x	1
业余	yè yú	4640		1
干预	gān yù	4641	an-ang	1
书面	shū miàn	4642	ian-iang,s-sh	1
开支	kāi zhī	4643	ai-ei,z-zh	1
简称	jiǎn chēng	4646	en-eng,ian-iang,c-ch,j-q-x	1
伴随	bàn suí	4647	an-ang,s-sh	1
任用	rèn yòng	4649	en-eng,r-l	1
涌现	yǒng xiàn	4651	ian-iang,j-q-x	1
面孔	miàn kǒng	4652	ian-iang	1
有名	yǒu míng	4653	in-ing,ao-ou	1
强度	qiáng dù	4654	ian-iang,j-q-x	1
国产	guó chǎn	4655	an-ang,ua-uo,c-ch	1
制品	zhì pǐn	4656	in-ing,z-zh	1
电台	diàn tái	4657	ian-iang,ai-ei	1
支配	zhī pèi	4661	ai-ei,z-zh	1
七一	qī yī	4662	j-q-x	1
首要	shǒu yào	4663	ao-ou,s-sh	1
命名	mìng míng	4664	in-ing	1
抗击	kàng jī	4665	an-ang,j-q-x	1
职权	zhí quán	4666	uan-uang,z-zh,j-q-x	1
厂家	chǎng jiā	4667	an-ang,ia-ie,c-ch,j-q-x	1
穿着	chuān zhuó	4668	uan-uang,ua-uo,z-zh,c-ch	1
直至	zhí zhì	4669	z-zh	1
黄色	huáng sè	4670	uan-uang,s-sh,h-f	1
太子	tài zǐ	4671	ai-ei,z-zh	1
研发	yán fā	4672	an-ang,h-f	1
燃料	rán liào	4675	an-ang,n-l,r-l	1
兰州	lán zhōu	4677	an-ang,ao-ou,z-zh,n-l,r-l	1
自行	zì xíng	4678	in-ing,z-zh,j-q-x	1
短期	duǎn qī	4680	uan-uang,j-q-x	1
遗址	yí zhǐ	4683	z-zh	1
夺取	duó qǔ	4684	ua-uo,j-q-x	1
对抗	duì kàng	4685	an-ang	1
改制	gǎi zhì	4687	ai-ei,z-zh	1
伤亡	shāng wáng	4688	an-ang,s-sh	1
批发	pī fā	4689	h-f	1
注入	zhù rù	4690	z-zh,r-l	1
地带	dì dài	4691	ai-ei	1
描述	miáo shù	4692	s-sh	1
家园	jiā yuán	4695	uan-uang,ia-ie,j-q-x	1
反恐	fǎn kǒng	4696	an-ang,h-f	1
假日	jià rì	4697	ia-ie,r-l,j-q-x	1
驻华	zhù huá	4698	ua-uo,z-zh,h-f	1
伸手	shēn shǒu	4699	en-eng,ao-ou,s-sh	1
发电	fā diàn	4700	ian-iang,h-f	1
缓慢	huǎn màn	4702	an-ang,uan-uang,h-f	1
不定	bù dìng	4703	in-ing	1
点儿	diǎn er	4704	ian-iang	1
工夫	gōng fu	4705	h-f	1
打听	dǎ ting	4707	in-ing	1
奖金	jiǎng jīn	4708	in-ing,ian-iang,j-q-x	1
少女	shào nǚ	4709	ao-ou,s-sh,n-l	1
本国	běn guó	4711	en-eng,ua-uo	1
准则	zhǔn zé	4712	z-zh	1
起点	qǐ diǎn	4713	ian-iang,j-q-x	1
师生	shī shēng	4714	en-eng,s-sh	1
军眷	jūn juàn	4717	uan-uang,j-q-x	1
历陈	lì chén	4720	en-eng,c-ch,n-l,r-l	1
违纪	wéi jì	4722	ai-ei,j-q-x	1
载体	zài tǐ	4723	ai-ei,z-zh	1
收益	shōu yì	4724	ao-ou,s-sh	1
回收	huí shōu	4725	ao-ou,s-sh,h-f	1
化工	huà gōng	4726	ua-uo,h-f	1
名牌	míng pái	4727	in-ing,ai-ei	1
营业	yíng yè	4728	in-ing	1
幽默	yōu mò	4729	ao-ou	1
花钱	huā qián	4730	ian-iang,ua-uo,h-f,j-q-x	1
技巧	jì qiǎo	4731	j-q-x	1
营销	yíng xiāo	4732	in-ing,j-q-x	1
球迷	qiú mí	4733	j-q-x	1
叙述	xù shù	4734	s-sh,j-q-x	1
收取	shōu qǔ	4735	ao-ou,s-sh,j-q-x	1
尊严	zūn yán	4736	an-ang,z-zh	1
湿地	shī dì	4737	s-sh	1
受益	shòu yì	4738	ao-ou,s-sh	1
讲座	jiǎng zuò	4739	ian-iang,ua-uo,z-zh,j-q-x	1
出身	chū shēn	4740	en-eng,c-ch,s-sh	1
罢了	bà le	4741	n-l,r-l	1
民办	mín bàn	4742	in-ing,an-ang	1
融资	róng zī	4744	z-zh,r-l	1
政法	zhèng fǎ	4745	en-eng,z-zh,h-f	1
呼声	hū shēng	4746	en-eng,s-sh,h-f	1
老年	lǎo nián	4747	ian-iang,ao-ou,n-l,r-l	1
接收	jiē shōu	4749	ao-ou,ia-ie,s-sh,j-q-x	1
增幅	zēng fú	4751	en-eng,z-zh,h-f	1
夏季	xià jì	4754	ia-ie,j-q-x	1
脾气	pí qi	4757	j-q-x	1
伤心	shāng xīn	4758	in-ing,an-ang,s-sh,j-q-x	1
授权	shòu quán	4759	uan-uang,ao-ou,s-sh,j-q-x	1
景观	jǐng guān	4760	in-ing,uan-uang,j-q-x	1
劳务	láo wù	4761	ao-ou,n-l,r-l	1
眼看	yǎn kàn	4764	an-ang	1
月亮	yuè liang	4765	ian-iang,n-l,r-l	1
基于	jī yú	4766	j-q-x	1
应急	yìng jí	4768	in-ing,j-q-x	1
衡量	héng liáng	4769	en-eng,ian-iang,n-l,h-f,r-l	1
眼镜	yǎn jìng	4770	in-ing,an-ang,j-q-x	1
捐款	juān kuǎn	4772	uan-uang,j-q-x	1
住院	zhù yuàn	4774	uan-uang,z-zh	1
指责	zhǐ zé	4775	z-zh	1
种类	zhǒng lèi	4776	ai-ei,z-zh,n-l,r-l	1
灌溉	guàn gài	4777	uan-uang,ai-ei	1
姿态	zī tài	4779	ai-ei,z-zh	1
灾区	zāi qū	4781	ai-ei,z-zh,j-q-x	1
恶劣	è liè	4782	ia-ie,n-l,r-l	1
此前	cǐ qián	4783	ian-iang,c-ch,j-q-x	1
警惕	jǐng tì	4785	in-ing,j-q-x	1
层面	céng miàn	4787	en-eng,ian-iang,c-ch	1
验收	yàn shōu	4788	an-ang,ao-ou,s-sh	1
反响	fǎn xiǎng	4790	an-ang,ian-iang,h-f,j-q-x	1
火灾	huǒ zāi	4791	ai-ei,ua-uo,z-zh,h-f	1
扩张	kuò zhāng	4792	an-ang,ua-uo,z-zh	1
讲述	jiǎng shù	4793	ian-iang,s-sh,j-q-x	1
税费	shuì fèi	4797	ai-ei,s-sh,h-f	1
废物	fèi wù	4798	ai-ei,h-f	1
入手	rù shǒu	4799	ao-ou,s-sh,r-l	1
输出	shū chū	4800	c-ch,s-sh	1
开门	kāi mén	4801	en-eng,ai-ei	1
拓宽	tuò kuān	4803	uan-uang,ua-uo	1
时空	shí kōng	4804	s-sh	1
有害	yǒu hài	4805	ai-ei,ao-ou,h-f	1
惊讶	jīng yà	4806	in-ing,j-q-x	1
即可	jí kě	4807	j-q-x	1
低下	dī xià	4809	ia-ie,j-q-x	1
买卖	mǎi mai	4810	ai-ei	1
时节	shí jié	4811	ia-ie,s-sh,j-q-x	1
省区	shěng qū	4813	en-eng,s-sh,j-q-x	1
中药	zhōng yào	4814	ao-ou,z-zh	1
打造	dǎ zào	4817	ao-ou,z-zh	1
刊登	kān dēng	4818	en-eng,an-ang	1
捐赠	juān zèng	4819	en-eng,uan-uang,z-zh,j-q-x	1
蓝色	lán sè	4823	an-ang,s-sh,n-l,r-l	1
将士	jiàng shì	4825	ian-iang,s-sh,j-q-x	1
用品	yòng pǐn	4827	in-ing	1
干事	gàn shi	4828	an-ang,s-sh	1
掀起	xiān qǐ	4829	ian-iang,j-q-x	1
长官	zhǎng guān	4830	an-ang,uan-uang,z-zh	1
公告	gōng gào	4836	ao-ou	1
民航	mín háng	4837	in-ing,an-ang,h-f	1
合资	hé zī	4839	z-zh,h-f	1
贯穿	guàn chuān	4841	uan-uang,c-ch	1
生机	shēng jī	4842	en-eng,s-sh,j-q-x	1
焦点	jiāo diǎn	4843	ian-iang,j-q-x	1
挖掘	wā jué	4844	j-q-x	1
风光	fēng guāng	4845	en-eng,uan-uang,h-f	1
何必	hé bì	4846	h-f	1
高考	gāo kǎo	4849	ao-ou	1
当场	dāng chǎng	4850	an-ang,c-ch	1
愤怒	fèn nù	4851	en-eng,n-l,h-f	1
战友	zhàn yǒu	4852	an-ang,ao-ou,z-zh	1
河流	hé liú	4855	n-l,h-f,r-l	1
迷信	mí xìn	4856	in-ing,j-q-x	1
意味	yì wèi	4857	ai-ei	1
平凡	píng fán	4858	in-ing,an-ang,h-f	1
人马	rén mǎ	4859	en-eng,r-l	1
老实	lǎo shi	4861	ao-ou,s-sh,n-l,r-l	1
全新	quán xīn	4862	in-ing,uan-uang,j-q-x	1
入党	rù dǎng	4863	an-ang,r-l	1
修养	xiū yǎng	4865	an-ang,j-q-x	1
收回	shōu huí	4866	ao-ou,s-sh,h-f	1
热线	rè xiàn	4867	ian-iang,r-l,j-q-x	1
勇于	yǒng yú	4868		1
预期	yù qī	4869	j-q-x	1
婴儿	yīng ér	4871	in-ing	1
督促	dū cù	4872	c-ch	1
关税	guān shuì	4873	uan-uang,s-sh	1
民意	mín yì	4874	in-ing	1
平稳	píng wěn	4876	en-eng,in-ing	1
缺陷	quē xiàn	4877	ian-iang,j-q-x	1
辛苦	xīn kǔ	4878	in-ing,j-q-x	1
难过	nán guò	4880	an-ang,ua-uo,n-l	1
态势	tài shì	4881	ai-ei,s-sh	1
书法	shū fǎ	4884	s-sh,h-f	1
台上	tái shàng	4888	an-ang,ai-ei,s-sh	1
遥远	yáo yuǎn	4889	uan-uang,ao-ou	1
气体	qì tǐ	4890	j-q-x	1
攻关	gōng guān	4891	uan-uang	1
上课	shàng kè	4892	an-ang,s-sh	1
矿产	kuàng chǎn	4895	an-ang,uan-uang,c-ch	1
心思	xīn si	4896	in-ing,s-sh,j-q-x	1
获取	huò qǔ	4897	ua-uo,h-f,j-q-x	1
对立	duì lì	4898	n-l,r-l	1
旨在	zhǐ zài	4900	ai-ei,z-zh	1
无非	wú fēi	4901	ai-ei,h-f	1
记住	jì zhù	4903	z-zh,j-q-x	1
练习	liàn xí	4904	ian-iang,n-l,r-l,j-q-x	1
屁股	pì gu	4906		1
东南	dōng nán	4907	an-ang,n-l	1
帮扶	bāng fú	4908	an-ang,h-f	1
稳步	wěn bù	4909	en-eng	1
日趋	rì qū	4910	r-l,j-q-x	1
同步	tóng bù	4912		1
不料	bù liào	4915	n-l,r-l	1
兴建	xīng jiàn	4916	in-ing,ian-iang,j-q-x	1
筹备	chóu bèi	4917	ai-ei,ao-ou,c-ch	1
抗议	kàng yì	4919	an-ang	1
力气	lì qi	4920	n-l,r-l,j-q-x	1
消极	xiāo jí	4922	j-q-x	1
储备	chǔ bèi	4923	ai-ei,c-ch	1
未经	wèi jīng	4924	in-ing,ai-ei,j-q-x	1
作物	zuò wù	4926	ua-uo,z-zh	1
古城	gǔ chéng	4927	en-eng,c-ch	1
对比	duì bǐ	4929		1
总队	zǒng duì	4930	z-zh	1
监控	jiān kòng	4932	ian-iang,j-q-x	1
心想	xīn xiǎng	4933	in-ing,ian-iang,j-q-x	1
零售	líng shòu	4935	in-ing,ao-ou,s-sh,n-l,r-l	1
好转	hǎo zhuǎn	4936	uan-uang,ao-ou,z-zh,h-f	1
参考	cān kǎo	4940	an-ang,ao-ou,c-ch	1
争议	zhēng yì	4943	en-eng,z-zh	1
困境	kùn jìng	4946	in-ing,j-q-x	1
镜头	jìng tóu	4947	in-ing,ao-ou,j-q-x	1
无力	wú lì	4949	n-l,r-l	1
发票	fā piào	4950	h-f	1
走访	zǒu fǎng	4951	an-ang,ao-ou,z-zh,h-f	1
后勤	hòu qín	4952	in-ing,ao-ou,h-f,j-q-x	1
领会	lǐng huì	4953	in-ing,n-l,h-f,r-l	1
撤销	chè xiāo	4954	c-ch,j-q-x	1
体坛	tǐ tán	4956	an-ang	1
物流	wù liú	4957	n-l,r-l	1
立案	lì àn	4958	an-ang,n-l,r-l	1
学位	xué wèi	4959	ai-ei,j-q-x	1
超市	chāo shì	4961	ao-ou,c-ch,s-sh	1
通用	tōng yòng	4962		1
为首	wéi shǒu	4964	ai-ei,ao-ou,s-sh	1
拆迁	chāi qiān	4966	ian-iang,ai-ei,c-ch,j-q-x	1
击败	jī bài	4967	ai-ei,j-q-x	1
管道	guǎn dào	4968	uan-uang,ao-ou	1
安定	ān dìng	4969	in-ing,an-ang	1
话剧	huà jù	4970	ua-uo,h-f,j-q-x	1
五一	wǔ yī	4972		1
制裁	zhì cái	4973	ai-ei,z-zh,c-ch	1
大户	dà hù	4974	h-f	1
华北	huá běi	4976	ai-ei,ua-uo,h-f	1
难免	nán miǎn	4979	an-ang,ian-iang,n-l	1
海峡	hǎi xiá	4980	ai-ei,ia-ie,h-f,j-q-x	1
对策	duì cè	4981	c-ch	1
地主	dì zhǔ	4982	z-zh	1
笑声	xiào shēng	4983	en-eng,s-sh,j-q-x	1
喜悦	xǐ yuè	4984	j-q-x	1
珍惜	zhēn xī	4985	en-eng,z-zh,j-q-x	1
等候	děng hòu	4986	en-eng,ao-ou,h-f	1
团购	tuán gòu	4987	uan-uang,ao-ou	1
联络	lián luò	4989	ian-iang,ua-uo,n-l,r-l	1
肩膀	jiān bǎng	4990	an-ang,ian-iang,j-q-x	1
志愿	zhì yuàn	4992	uan-uang,z-zh	1
乐观	lè guān	4993	uan-uang,n-l,r-l	1
昔日	xī rì	4994	r-l,j-q-x	1
逮捕	dài bǔ	4995	ai-ei	1
崛起	jué qǐ	4996	j-q-x	1
村子	cūn zi	4997	z-zh,c-ch	1
庞大	páng dà	4998	an-ang	1
户口	hù kǒu	4999	ao-ou,h-f	1
一身	yī shēn	5000	en-eng,s-sh	1
阻止	zǔ zhǐ	5001	z-zh	1
一齐	yī qí	5003	j-q-x	1
聘请	pìn qǐng	5004	in-ing,j-q-x	1
海拔	hǎi bá	5006	ai-ei,h-f	1
扩展	kuò zhǎn	5008	an-ang,ua-uo,z-zh	1
核查	hé chá	5011	c-ch,h-f	1
特性	tè xìng	5013	in-ing,j-q-x	1
小型	xiǎo xíng	5014	in-ing,j-q-x	1
微博	wēi bó	5015	ai-ei	1
响应	xiǎng yìng	5016	in-ing,ian-iang,j-q-x	1
礼物	lǐ wù	5017	n-l,r-l	1
平跟	píng gēn	5018	en-eng,in-ing	1
尴尬	gān gà	5019	an-ang	1
合并	hé bìng	5020	in-ing,h-f	1
策略	cè lüè	5021	c-ch,n-l,r-l	1
军民	jūn mín	5022	in-ing,j-q-x	1
例子	lì zi	5024	z-zh,n-l,r-l	1
中原	zhōng yuán	5025	uan-uang,z-zh	1
时尚	shí shàng	5026	an-ang,s-sh	1
度过	dù guò	5028	ua-uo	1
姐妹	jiě mèi	5030	ai-ei,ia-ie,j-q-x	1
无比	wú bǐ	5031		1
医务	yī wù	5033		1
厘米	lí mǐ	5034	n-l,r-l	1
增添	zēng tiān	5035	en-eng,ian-iang,z-zh	1
平民	píng mín	5036	in-ing	1
展出	zhǎn chū	5038	an-ang,z-zh,c-ch	1
主流	zhǔ liú	5039	z-zh,n-l,r-l	1
独自	dú zì	5040	z-zh	1
乃是	nǎi shì	5041	ai-ei,s-sh,n-l	1
特有	tè yǒu	5042	ao-ou	1
停留	tíng liú	5043	in-ing,n-l,r-l	1
交警	jiāo jǐng	5044	in-ing,j-q-x	1
纳税	nà shuì	5045	s-sh,n-l	1
高温	gāo wēn	5048	en-eng,ao-ou	1
包围	bāo wéi	5049	ai-ei,ao-ou	1
排名	pái míng	5051	in-ing,ai-ei	1
既是	jì shì	5053	s-sh,j-q-x	1
窗户	chuāng hu	5056	uan-uang,c-ch,h-f	1
三农	sān nóng	5058	an-ang,s-sh,n-l	1
吃惊	chī jīng	5060	in-ing,c-ch,j-q-x	1
抵抗	dǐ kàng	5061	an-ang	1
晚饭	wǎn fàn	5062	an-ang,h-f	1
幻想	huàn xiǎng	5065	ian-iang,uan-uang,h-f,j-q-x	1
化解	huà jiě	5066	ia-ie,ua-uo,h-f,j-q-x	1
挣扎	zhēng zhá	5068	en-eng,z-zh	1
地域	dì yù	5069		1
反动	fǎn dòng	5070	an-ang,h-f	1
看作	kàn zuò	5072	an-ang,ua-uo,z-zh	1
水土	shuǐ tǔ	5074	s-sh	1
急忙	jí máng	5077	an-ang,j-q-x	1
渔业	yú yè	5078		1
传达	chuán dá	5079	uan-uang,c-ch	1
拍卖	pāi mài	5081	ai-ei	1
会同	huì tóng	5082	h-f	1
急需	jí xū	5083	j-q-x	1
起草	qǐ cǎo	5085	ao-ou,c-ch,j-q-x	1
商人	shāng rén	5088	en-eng,an-ang,s-sh,r-l	1
客气	kè qi	5089	j-q-x	1
消毒	xiāo dú	5091	j-q-x	1
丰收	fēng shōu	5092	en-eng,ao-ou,s-sh,h-f	1
模拟	mó nǐ	5093	n-l	1
症状	zhèng zhuàng	5094	en-eng,uan-uang,z-zh	1
事先	shì xiān	5096	ian-iang,s-sh,j-q-x	1
是非	shì fēi	5097	ai-ei,s-sh,h-f	1
多边	duō biān	5098	ian-iang,ua-uo	1
意愿	yì yuàn	5099	uan-uang	1
思索	sī suǒ	5101	ua-uo,s-sh	1
混合	hùn hé	5102	h-f	1
每当	měi dāng	5104	an-ang,ai-ei	1
研讨	yán tǎo	5106	an-ang,ao-ou	1
蔓延	màn yán	5107	an-ang	1
幅度	fú dù	5108	h-f	1
阻碍	zǔ ài	5109	ai-ei,z-zh	1
棋手	qí shǒu	5113	ao-ou,s-sh,j-q-x	1
客厅	kè tīng	5114	in-ing	1
终身	zhōng shēn	5115	en-eng,z-zh,s-sh	1
狠抓	hěn zhuā	5116	en-eng,ua-uo,z-zh,h-f	1
祝愿	zhù yuàn	5117	uan-uang,z-zh	1
民心	mín xīn	5118	in-ing,j-q-x	1
镜子	jìng zi	5120	in-ing,z-zh,j-q-x	1
跨越	kuà yuè	5122	ua-uo	1
笑话	xiào hua	5123	ua-uo,h-f,j-q-x	1
纺织	fǎng zhī	5124	an-ang,z-zh,h-f	1
沙龙	shā lóng	5125	s-sh,n-l,r-l	1
场地	chǎng dì	5126	an-ang,c-ch	1
推开	tuī kāi	5127	ai-ei	1
本月	běn yuè	5128	en-eng	1
配备	pèi bèi	5129	ai-ei	1
助理	zhù lǐ	5130	z-zh,n-l,r-l	1
安静	ān jìng	5131	in-ing,an-ang,j-q-x	1
缓缓	huǎn huǎn	5132	uan-uang,h-f	1
行列	háng liè	5133	an-ang,ia-ie,n-l,h-f,r-l	1
欲望	yù wàng	5134	an-ang	1
封闭	fēng bì	5138	en-eng,h-f	1
战术	zhàn shù	5139	an-ang,z-zh,s-sh	1
救援	jiù yuán	5142	uan-uang,j-q-x	1
支部	zhī bù	5144	z-zh	1
手法	shǒu fǎ	5145	ao-ou,s-sh,h-f	1
高大	gāo dà	5147	ao-ou	1
农家	nóng jiā	5149	ia-ie,n-l,j-q-x	1
孤独	gū dú	5150		1
古人	gǔ rén	5151	en-eng,r-l	1
乡下	xiāng xia	5152	ian-iang,ia-ie,j-q-x	1
饮食	yǐn shí	5153	in-ing,s-sh	1
水质	shuǐ zhì	5156	z-zh,s-sh	1
擅自	shàn zì	5157	an-ang,z-zh,s-sh	1
何况	hé kuàng	5158	uan-uang,h-f	1
争论	zhēng lùn	5159	en-eng,z-zh,n-l,r-l	1
缩短	suō duǎn	5160	uan-uang,ua-uo,s-sh	1
装饰	zhuāng shì	5162	uan-uang,z-zh,s-sh	1
高铁	gāo tiě	5163	ao-ou,ia-ie	1
当成	dàng chéng	5164	en-eng,an-ang,c-ch	1
口岸	kǒu àn	5165	an-ang,ao-ou	1
原油	yuán yóu	5166	uan-uang,ao-ou	1
运转	yùn zhuǎn	5169	uan-uang,z-zh	1
主力	zhǔ lì	5171	z-zh,n-l,r-l	1
飞船	fēi chuán	5175	uan-uang,ai-ei,c-ch,h-f	1
造就	zào jiù	5177	ao-ou,z-zh,j-q-x	1
元首	yuán shǒu	5179	uan-uang,ao-ou,s-sh	1
经受	jīng shòu	5180	in-ing,ao-ou,s-sh,j-q-x	1
世人	shì rén	5181	en-eng,s-sh,r-l	1
发掘	fā jué	5182	h-f,j-q-x	1
压迫	yā pò	5183		1
难点	nán diǎn	5186	an-ang,ian-iang,n-l	1
阶层	jiē céng	5187	en-eng,ia-ie,c-ch,j-q-x	1
热心	rè xīn	5188	in-ing,r-l,j-q-x	1
库区	kù qū	5189	j-q-x	1
责令	zé lìng	5190	in-ing,z-zh,n-l,r-l	1
座谈	zuò tán	5191	an-ang,ua-uo,z-zh	1
回避	huí bì	5192	h-f	1
曲折	qū zhé	5193	z-zh,j-q-x	1
速递	sù dì	5196	s-sh	1
股市	gǔ shì	5197	s-sh	1
车子	chē zi	5198	z-zh,c-ch	1
担负	dān fù	5200	an-ang,h-f	1
人身	rén shēn	5201	en-eng,s-sh,r-l	1
同类	tóng lèi	5202	ai-ei,n-l,r-l	1
日记	rì jì	5203	r-l,j-q-x	1
本着	běn zhe	5204	en-eng,z-zh	1
试图	shì tú	5205	s-sh	1
家具	jiā jù	5207	ia-ie,j-q-x	1
政绩	zhèng jì	5208	en-eng,z-zh,j-q-x	1
闭幕	bì mù	5209		1
虚假	xū jiǎ	5212	ia-ie,j-q-x	1
蓬勃	péng bó	5213	en-eng	1
虽说	suī shuō	5214	ua-uo,s-sh	1
助学	zhù xué	5215	z-zh,j-q-x	1
片刻	piàn kè	5216	ian-iang	1
务实	wù shí	5217	s-sh	1
战役	zhàn yì	5219	an-ang,z-zh	1
委屈	wěi qu	5222	ai-ei,j-q-x	1
影视	yǐng shì	5223	in-ing,s-sh	1
乘客	chéng kè	5224	en-eng,c-ch	1
上岗	shàng gǎng	5226	an-ang,s-sh	1
短缺	duǎn quē	5228	uan-uang,j-q-x	1
大业	dà yè	5229		1
报复	bào fù	5230	ao-ou,h-f	1
身影	shēn yǐng	5232	en-eng,in-ing,s-sh	1
赶上	gǎn shàng	5233	an-ang,s-sh	1
太空	tài kōng	5237	ai-ei	1
中旬	zhōng xún	5238	z-zh,j-q-x	1
忠诚	zhōng chéng	5239	en-eng,z-zh,c-ch	1
滋味	zī wèi	5240	ai-ei,z-zh	1
钥匙	yào shi	5242	ao-ou,s-sh	1
鸡蛋	jī dàn	5243	an-ang,j-q-x	1
倾销	qīng xiāo	5245	in-ing,j-q-x	1
普查	pǔ chá	5246	c-ch	1
再生	zài shēng	5248	en-eng,ai-ei,z-zh,s-sh	1
产物	chǎn wù	5249	an-ang,c-ch	1
恐惧	kǒng jù	5250	j-q-x	1
放开	fàng kāi	5252	an-ang,ai-ei,h-f	1
荣获	róng huò	5254	ua-uo,h-f,r-l	1
颜色	yán sè	5255	an-ang,s-sh	1
空白	kòng bái	5256	ai-ei	1
成人	chéng rén	5257	en-eng,c-ch,r-l	1
总算	zǒng suàn	5259	uan-uang,z-zh,s-sh	1
投产	tóu chǎn	5260	an-ang,ao-ou,c-ch	1
偷偷	tōu tōu	5261	ao-ou	1
限购	xiàn gòu	5263	ian-iang,ao-ou,j-q-x	1
多样	duō yàng	5264	an-ang,ua-uo	1
装修	zhuāng xiū	5265	uan-uang,z-zh,j-q-x	1
携带	xié dài	5266	ai-ei,ia-ie,j-q-x	1
约定	yuē dìng	5267	in-ing	1
苹果	píng guǒ	5268	in-ing,ua-uo	1
加紧	jiā jǐn	5269	in-ing,ia-ie,j-q-x	1
抽象	chōu xiàng	5270	ian-iang,ao-ou,c-ch,j-q-x	1
心脏	xīn zàng	5271	in-ing,an-ang,z-zh,j-q-x	1
武术	wǔ shù	5273	s-sh	1
缘故	yuán gù	5274	uan-uang	1
应付	yìng fu	5277	in-ing,h-f	1
仪器	yí qì	5279	j-q-x	1
肩负	jiān fù	5280	ian-iang,h-f,j-q-x	1
获奖	huò jiǎng	5281	ian-iang,ua-uo,h-f,j-q-x	1
同行	tóng háng	5283	an-ang,h-f	1
启示	qǐ shì	5284	s-sh,j-q-x	1
违背	wéi bèi	5285	ai-ei	1
先锋	xiān fēng	5288	en-eng,ian-iang,h-f,j-q-x	1
策划	cè huà	5290	ua-uo,c-ch,h-f	1
物价	wù jià	5291	ia-ie,j-q-x	1
大姐	dà jiě	5292	ia-ie,j-q-x	1
原先	yuán xiān	5294	ian-iang,uan-uang,j-q-x	1
空前	kōng qián	5299	ian-iang,j-q-x	1
大厦	dà shà	5300	s-sh	1
契机	qì jī	5301	j-q-x	1
后悔	hòu huǐ	5302	ao-ou,h-f	1
国人	guó rén	5303	en-eng,ua-uo,r-l	1
游行	yóu xíng	5304	in-ing,ao-ou,j-q-x	1
缺点	quē diǎn	5305	ian-iang,j-q-x	1
不觉	bù jué	5306	j-q-x	1
赛场	sài chǎng	5307	an-ang,ai-ei,c-ch,s-sh	1
公认	gōng rèn	5309	en-eng,r-l	1
描绘	miáo huì	5311	h-f	1
开采	kāi cǎi	5313	ai-ei,c-ch	1
取代	qǔ dài	5315	ai-ei,j-q-x	1
互动	hù dòng	5316	h-f	1
表决	biǎo jué	5317	j-q-x	1
必定	bì dìng	5318	in-ing	1
叔叔	shū shu	5319	s-sh	1
取缔	qǔ dì	5322	j-q-x	1
起诉	qǐ sù	5323	s-sh,j-q-x	1
反抗	fǎn kàng	5324	an-ang,h-f	1
塑料	sù liào	5325	s-sh,n-l,r-l	1
题目	tí mù	5326		1
条款	tiáo kuǎn	5328	uan-uang	1
从不	cóng bù	5331	c-ch	1
线索	xiàn suǒ	5332	ian-iang,ua-uo,s-sh,j-q-x	1
强国	qiáng guó	5333	ian-iang,ua-uo,j-q-x	1
名誉	míng yù	5334	in-ing	1
过度	guò dù	5335	ua-uo	1
答案	dá àn	5336	an-ang	1
校车	xiào chē	5338	c-ch,j-q-x	1
侦查	zhēn chá	5339	en-eng,z-zh,c-ch	1
旅馆	lǚ guǎn	5341	uan-uang,n-l,r-l	1
商家	shāng jiā	5342	an-ang,ia-ie,s-sh,j-q-x	1
点击	diǎn jī	5345	ian-iang,j-q-x	1
加剧	jiā jù	5346	ia-ie,j-q-x	1
历来	lì lái	5348	ai-ei,n-l,r-l	1
木兰	mù lán	5351	an-ang,n-l,r-l	1
抓获	zhuā huò	5352	ua-uo,z-zh,h-f	1
从严	cóng yán	5353	an-ang,c-ch	1
平日	píng rì	5354	in-ing,r-l	1
面子	miàn zi	5355	ian-iang,z-zh	1
判处	pàn chǔ	5356	an-ang,c-ch	1
深情	shēn qíng	5357	en-eng,in-ing,s-sh,j-q-x	1
交叉	jiāo chā	5358	c-ch,j-q-x	1
秋天	qiū tiān	5359	ian-iang,j-q-x	1
间接	jiàn jiē	5363	ian-iang,ia-ie,j-q-x	1
人性	rén xìng	5364	en-eng,in-ing,r-l,j-q-x	1
良性	liáng xìng	5365	in-ing,ian-iang,n-l,r-l,j-q-x	1
亲属	qīn shǔ	5366	in-ing,s-sh,j-q-x	1
检疫	jiǎn yì	5368	ian-iang,j-q-x	1
起步	qǐ bù	5369	j-q-x	1
心上	xīn shàng	5371	in-ing,an-ang,s-sh,j-q-x	1
傍晚	bàng wǎn	5373	an-ang	1
变动	biàn dòng	5374	ian-iang	1
驾驶	jià shǐ	5375	ia-ie,s-sh,j-q-x	1
消化	xiāo huà	5377	ua-uo,h-f,j-q-x	1
前者	qián zhě	5378	ian-iang,z-zh,j-q-x	1
事后	shì hòu	5379	ao-ou,s-sh,h-f	1
况且	kuàng qiě	5380	uan-uang,ia-ie,j-q-x	1
空调	kōng tiáo	5381		1
生理	shēng lǐ	5382	en-eng,s-sh,n-l,r-l	1
中期	zhōng qī	5383	z-zh,j-q-x	1
念头	niàn tou	5384	ian-iang,ao-ou,n-l	1
号码	hào mǎ	5385	ao-ou,h-f	1
旅行	lǚ xíng	5386	in-ing,n-l,r-l,j-q-x	1
汉子	hàn zi	5388	an-ang,z-zh,h-f	1
储蓄	chǔ xù	5389	c-ch,j-q-x	1
走路	zǒu lù	5392	ao-ou,z-zh,n-l,r-l	1
病情	bìng qíng	5393	in-ing,j-q-x	1
拉美	lā měi	5395	ai-ei,n-l,r-l	1
景点	jǐng diǎn	5396	in-ing,ian-iang,j-q-x	1
围棋	wéi qí	5397	ai-ei,j-q-x	1
购物	gòu wù	5398	ao-ou	1
低头	dī tóu	5399	ao-ou	1
无效	wú xiào	5401	j-q-x	1
明亮	míng liàng	5402	in-ing,ian-iang,n-l,r-l	1
四处	sì chù	5403	c-ch,s-sh	1
病例	bìng lì	5405	in-ing,n-l,r-l	1
各位	gè wèi	5407	ai-ei	1
怎能	zěn néng	5408	en-eng,z-zh,n-l	1
娃娃	wá wa	5409		1
远离	yuǎn lí	5410	uan-uang,n-l,r-l	1
刊物	kān wù	5411	an-ang	1
电网	diàn wǎng	5412	an-ang,ian-iang	1
收支	shōu zhī	5413	ao-ou,z-zh,s-sh	1
水源	shuǐ yuán	5414	uan-uang,s-sh	1
整天	zhěng tiān	5415	en-eng,ian-iang,z-zh	1
誉为	yù wéi	5417	ai-ei	1
用力	yòng lì	5418	n-l,r-l	1
可喜	kě xǐ	5419	j-q-x	1
注视	zhù shì	5420	z-zh,s-sh	1
美学	měi xué	5421	ai-ei,j-q-x	1
正面	zhèng miàn	5422	en-eng,ian-iang,z-zh	1
以至	yǐ zhì	5423	z-zh	1
家族	jiā zú	5424	ia-ie,z-zh,j-q-x	1
吩咐	fēn fù	5425	en-eng,h-f	1
国企	guó qǐ	5426	ua-uo,j-q-x	1
抽查	chōu chá	5427	ao-ou,c-ch	1
被迫	bèi pò	5434	ai-ei	1
其间	qí jiān	5435	ian-iang,j-q-x	1
接连	jiē lián	5437	ian-iang,ia-ie,n-l,r-l,j-q-x	1
不已	bù yǐ	5438		1
皇后	huáng hòu	5439	uan-uang,ao-ou,h-f	1
看病	kàn bìng	5440	in-ing,an-ang	1
告诉	gào su	5441	ao-ou,s-sh	1
未免	wèi miǎn	5442	ian-iang,ai-ei	1
胡子	hú zi	5443	z-zh,h-f	1
实惠	shí huì	5444	s-sh,h-f	1
老挝	lǎo wō	5445	ao-ou,n-l,r-l	3
握手	wò shǒu	5446	ao-ou,s-sh	1
个中	gè zhōng	5448	z-zh	1
纪委	jì wěi	5449	ai-ei,j-q-x	1
审核	shěn hé	5450	en-eng,s-sh,h-f	1
新人	xīn rén	5451	en-eng,in-ing,r-l,j-q-x	1
衷心	zhōng xīn	5452	in-ing,z-zh,j-q-x	1
悠久	yōu jiǔ	5453	ao-ou,j-q-x	1
持久	chí jiǔ	5455	c-ch,j-q-x	1
起义	qǐ yì	5456	j-q-x	1
侵害	qīn hài	5457	in-ing,ai-ei,h-f,j-q-x	1
文人	wén rén	5458	en-eng,r-l	1
婆婆	pó po	5463		1
原告	yuán gào	5464	uan-uang,ao-ou	1
财力	cái lì	5466	ai-ei,c-ch,n-l,r-l	1
严密	yán mì	5467	an-ang	1
被动	bèi dòng	5468	ai-ei	1
扮演	bàn yǎn	5469	an-ang	1
食堂	shí táng	5470	an-ang,s-sh	1
越是	yuè shì	5471	s-sh	1
年均	nián jūn	5473	ian-iang,n-l,j-q-x	1
硕士	shuò shì	5474	ua-uo,s-sh	1
常年	cháng nián	5475	an-ang,ian-iang,c-ch,n-l	1
没收	mò shōu	5476	ao-ou,s-sh	1
赞扬	zàn yáng	5477	an-ang,z-zh	1
大于	dà yú	5478		1
举动	jǔ dòng	5479	j-q-x	1
植树	zhí shù	5480	z-zh,s-sh	1
前列	qián liè	5481	ian-iang,ia-ie,n-l,r-l,j-q-x	1
无从	wú cóng	5484	c-ch	1
分解	fēn jiě	5485	en-eng,ia-ie,h-f,j-q-x	1
都市	dū shì	5486	s-sh	1
党校	dǎng xiào	5487	an-ang,j-q-x	1
适宜	shì yí	5488	s-sh	1
构筑	gòu zhù	5490	ao-ou,z-zh	1
前沿	qián yán	5491	an-ang,ian-iang,j-q-x	1
火箭	huǒ jiàn	5492	ian-iang,ua-uo,h-f,j-q-x	1
做事	zuò shì	5493	ua-uo,z-zh,s-sh	1
散发	sàn fā	5494	an-ang,s-sh,h-f	1
篮球	lán qiú	5495	an-ang,n-l,r-l,j-q-x	1
时时	shí shí	5496	s-sh	1
连队	lián duì	5497	ian-iang,n-l,r-l	1
高低	gāo dī	5498	ao-ou	1
长久	cháng jiǔ	5499	an-ang,c-ch,j-q-x	1
漫长	màn cháng	5501	an-ang,c-ch	1
讨厌	tǎo yàn	5502	an-ang,ao-ou	1
化石	huà shí	5505	ua-uo,s-sh,h-f	1
榜样	bǎng yàng	5508	an-ang	1
向着	xiàng zhe	5509	ian-iang,z-zh,j-q-x	1
书店	shū diàn	5511	ian-iang,s-sh	1
善良	shàn liáng	5512	an-ang,ian-iang,s-sh,n-l,r-l	1
申办	shēn bàn	5513	en-eng,an-ang,s-sh	1
转达	zhuǎn dá	5514	uan-uang,z-zh	1
长征	cháng zhēng	5515	en-eng,an-ang,z-zh,c-ch	1
光彩	guāng cǎi	5516	uan-uang,ai-ei,c-ch	1
爱好	ài hào	5517	ai-ei,ao-ou,h-f	1
账户	zhàng hù	5518	an-ang,z-zh,h-f	1
下发	xià fā	5519	ia-ie,h-f,j-q-x	1
嘴巴	zuǐ ba	5521	z-zh	1
学说	xué shuō	5523	ua-uo,s-sh,j-q-x	1
考古	kǎo gǔ	5525	ao-ou	1
罗马	luó mǎ	5528	ua-uo,n-l,r-l	1
常见	cháng jiàn	5529	an-ang,ian-iang,c-ch,j-q-x	1
弟兄	dì xiong	5531	j-q-x	1
上访	shàng fǎng	5532	an-ang,s-sh,h-f	1
从业	cóng yè	5533	c-ch	1
拼命	pīn mìng	5535	in-ing	1
山水	shān shuǐ	5536	an-ang,s-sh	1
话语	huà yǔ	5538	ua-uo,h-f	1
元素	yuán sù	5540	uan-uang,s-sh	1
投降	tóu xiáng	5541	ian-iang,ao-ou,j-q-x	1
上游	shàng yóu	5542	an-ang,ao-ou,s-sh	1
爱人	ài ren	5544	en-eng,ai-ei,r-l	1
召集	zhào jí	5545	ao-ou,z-zh,j-q-x	1
惊人	jīng rén	5546	en-eng,in-ing,r-l,j-q-x	1
占地	zhàn dì	5547	an-ang,z-zh	1
木材	mù cái	5548	ai-ei,c-ch	1
中医	zhōng yī	5549	z-zh	1
便于	biàn yú	5550	ian-iang	1
妇人	fù rén	5551	en-eng,h-f,r-l	1
主场	zhǔ chǎng	5552	an-ang,z-zh,c-ch	1
无偿	wú cháng	5553	an-ang,c-ch	1
一旁	yī páng	5554	an-ang	1
深切	shēn qiè	5555	en-eng,ia-ie,s-sh,j-q-x	1
对照	duì zhào	5556	ao-ou,z-zh	1
花卉	huā huì	5561	ua-uo,h-f	1
移植	yí zhí	5562	z-zh	1
竣工	jùn gōng	5563	j-q-x	1
风貌	fēng mào	5564	en-eng,ao-ou,h-f	1
同年	tóng nián	5567	ian-iang,n-l	1
途中	tú zhōng	5568	z-zh	1
风雨	fēng yǔ	5569	en-eng,h-f	1
维和	wéi hé	5570	ai-ei,h-f	1
油田	yóu tián	5573	ian-iang,ao-ou	1
历时	lì shí	5574	s-sh,n-l,r-l	1
葡萄	pú tao	5576	ao-ou	1
即便	jí biàn	5577	ian-iang,j-q-x	1
先是	xiān shi	5578	ian-iang,s-sh,j-q-x	1
纪检	jì jiǎn	5579	ian-iang,j-q-x	1
拼搏	pīn bó	5580	in-ing	1
谁知	shéi zhī	5583	ai-ei,z-zh,s-sh	1
倾听	qīng tīng	5584	in-ing,j-q-x	1
轻易	qīng yì	5585	in-ing,j-q-x	1
养成	yǎng chéng	5586	en-eng,an-ang,c-ch	1
多项	duō xiàng	5588	ian-iang,ua-uo,j-q-x	1
糊涂	hú tu	5589	h-f	1
偶尔	ǒu ěr	5591	ao-ou	1
哪怕	nǎ pà	5592	n-l	1
形容	xíng róng	5593	in-ing,r-l,j-q-x	1
业主	yè zhǔ	5594	z-zh	1
叹息	tàn xī	5596	an-ang,j-q-x	1
博弈	bó yì	5597		3
悲哀	bēi āi	5598	ai-ei	1
报酬	bào chou	5599	ao-ou,c-ch	1
过后	guò hòu	5601	ao-ou,ua-uo,h-f	1
走廊	zǒu láng	5602	an-ang,ao-ou,z-zh,n-l,r-l	1
议题	yì tí	5603		1
开心	kāi xīn	5604	in-ing,ai-ei,j-q-x	1
网吧	wǎng bā	5605	an-ang	1
官方	guān fāng	5607	an-ang,uan-uang,h-f	1
新生	xīn shēng	5608	en-eng,in-ing,s-sh,j-q-x	1
跟前	gēn qián	5611	en-eng,ian-iang,j-q-x	1
温柔	wēn róu	5612	en-eng,ao-ou,r-l	1
两手	liǎng shǒu	5613	ian-iang,ao-ou,s-sh,n-l,r-l	1
容量	róng liàng	5614	ian-iang,n-l,r-l	1
利息	lì xī	5615	n-l,r-l,j-q-x	1
首席	shǒu xí	5616	ao-ou,s-sh,j-q-x	1
南昌	nán chāng	5617	an-ang,c-ch,n-l	1
炸弹	zhà dàn	5618	an-ang,z-zh	1
淮河	huái hé	5619	h-f	1
规章	guī zhāng	5621	an-ang,z-zh	1
不妨	bù fáng	5623	an-ang,h-f	1
浪漫	làng màn	5624	an-ang,n-l,r-l	1
包袱	bāo fu	5625	ao-ou,h-f	1
明明	míng míng	5626	in-ing	1
连连	lián lián	5627	ian-iang,n-l,r-l	1
特意	tè yì	5629		1
偏偏	piān piān	5630	ian-iang	1
设法	shè fǎ	5631	s-sh,h-f	1
劳模	láo mó	5632	ao-ou,n-l,r-l	1
播出	bō chū	5633	c-ch	1
不明	bù míng	5634	in-ing	1
时光	shí guāng	5635	uan-uang,s-sh	1
里边	lǐ bian	5637	ian-iang,n-l,r-l	1
首位	shǒu wèi	5638	ai-ei,ao-ou,s-sh	1
借助	jiè zhù	5641	ia-ie,z-zh,j-q-x	1
和尚	hé shang	5644	an-ang,s-sh,h-f	1
增大	zēng dà	5646	en-eng,z-zh	1
楼房	lóu fáng	5647	an-ang,ao-ou,n-l,h-f,r-l	1
不宜	bù yí	5648		1
人选	rén xuǎn	5649	en-eng,uan-uang,r-l,j-q-x	1
何以	hé yǐ	5650	h-f	1
原子	yuán zǐ	5651	uan-uang,z-zh	1
新春	xīn chūn	5653	in-ing,c-ch,j-q-x	1
合肥	hé féi	5654	ai-ei,h-f	1
疯狂	fēng kuáng	5656	en-eng,uan-uang,h-f	1
生死	shēng sǐ	5657	en-eng,s-sh	1
少爷	shào ye	5658	ao-ou,s-sh	1
债券	zhài quàn	5659	uan-uang,ai-ei,z-zh,j-q-x	1
突发	tū fā	5660	h-f	1
投身	tóu shēn	5661	en-eng,ao-ou,s-sh	1
大致	dà zhì	5662	z-zh	1
供水	gōng shuǐ	5663	s-sh	1
睡着	shuì zháo	5664	ao-ou,z-zh,s-sh	1
打扮	dǎ ban	5665	an-ang	1
朝廷	cháo tíng	5667	in-ing,ao-ou,c-ch	1
查获	chá huò	5668	ua-uo,c-ch,h-f	1
犹如	yóu rú	5671	ao-ou,r-l	1
场合	chǎng hé	5672	an-ang,c-ch,h-f	1
当下	dāng xià	5673	an-ang,ia-ie,j-q-x	1
抵制	dǐ zhì	5677	z-zh	1
真情	zhēn qíng	5678	en-eng,in-ing,z-zh,j-q-x	1
嫂子	sǎo zi	5682	ao-ou,z-zh,s-sh	1
倡议	chàng yì	5683	an-ang,c-ch	1
孙子	sūn zi	5685	z-zh,s-sh	1
输入	shū rù	5686	s-sh,r-l	1
太后	tài hòu	5687	ai-ei,ao-ou,h-f	1
年会	nián huì	5688	ian-iang,n-l,h-f	1
受灾	shòu zāi	5689	ai-ei,ao-ou,z-zh,s-sh	1
哈哈	hā ha	5691	h-f	1
清晨	qīng chén	5694	en-eng,in-ing,c-ch,j-q-x	1
欺骗	qī piàn	5695	ian-iang,j-q-x	1
外边	wài bian	5696	ian-iang,ai-ei	1
风采	fēng cǎi	5697	en-eng,ai-ei,c-ch,h-f	1
黄昏	huáng hūn	5698	uan-uang,h-f	1
提问	tí wèn	5699	en-eng	1
贪污	tān wū	5700	an-ang	1
不绝	bù jué	5701	j-q-x	1
拉萨	lā sà	5703	s-sh,n-l,r-l	1
按时	àn shí	5704	an-ang,s-sh	1
节省	jié shěng	5707	en-eng,ia-ie,s-sh,j-q-x	1
外界	wài jiè	5709	ai-ei,ia-ie,j-q-x	1
地址	dì zhǐ	5710	z-zh	1
痛快	tòng kuài	5711		1
入世	rù shì	5712	s-sh,r-l	1
力求	lì qiú	5714	n-l,r-l,j-q-x	1
常规	cháng guī	5715	an-ang,c-ch	1
震惊	zhèn jīng	5719	en-eng,in-ing,z-zh,j-q-x	1
盼望	pàn wàng	5720	an-ang	1
主编	zhǔ biān	5721	ian-iang,z-zh	1
一眼	yī yǎn	5722	an-ang	1
密度	mì dù	5724		1
揭露	jiē lù	5727	ia-ie,n-l,r-l,j-q-x	1
帷幕	wéi mù	5728	ai-ei	1
赠送	zèng sòng	5729	en-eng,z-zh,s-sh	1
胡同	hú tòng	5730	h-f	1
眼神	yǎn shén	5732	en-eng,an-ang,s-sh	1
创立	chuàng lì	5734	uan-uang,c-ch,n-l,r-l	1
强劲	qiáng jìng	5735	in-ing,ian-iang,j-q-x	1
步入	bù rù	5737	r-l	1
加重	jiā zhòng	5739	ia-ie,z-zh,j-q-x	1
边缘	biān yuán	5741	ian-iang,uan-uang	1
招聘	zhāo pìn	5742	in-ing,ao-ou,z-zh	1
股东	gǔ dōng	5743		1
万一	wàn yī	5744	an-ang	1
隧道	suì dào	5745	ao-ou,s-sh	1
关切	guān qiè	5750	uan-uang,ia-ie,j-q-x	1
京城	jīng chéng	5751	en-eng,in-ing,c-ch,j-q-x	1
欢喜	huān xǐ	5752	uan-uang,h-f,j-q-x	1
考生	kǎo shēng	5753	en-eng,ao-ou,s-sh	1
雕塑	diāo sù	5754	s-sh	1
春秋	chūn qiū	5755	c-ch,j-q-x	1
男人	nán rén	5756	en-eng,an-ang,n-l,r-l	1
显出	xiǎn chū	5757	ian-iang,c-ch,j-q-x	1
父子	fù zǐ	5758	z-zh,h-f	1
倾斜	qīng xié	5759	in-ing,ia-ie,j-q-x	1
忠实	zhōng shí	5760	z-zh,s-sh	1
流传	liú chuán	5762	uan-uang,c-ch,n-l,r-l	1
深夜	shēn yè	5764	en-eng,s-sh	1
烈士	liè shì	5766	ia-ie,s-sh,n-l,r-l	1
进取	jìn qǔ	5767	in-ing,j-q-x	1
持股	chí gǔ	5768	c-ch	1
浓厚	nóng hòu	5769	ao-ou,n-l,h-f	1
借口	jiè kǒu	5771	ao-ou,ia-ie,j-q-x	1
角落	jiǎo luò	5773	ua-uo,n-l,r-l,j-q-x	1
整齐	zhěng qí	5774	en-eng,z-zh,j-q-x	1
要紧	yào jǐn	5775	in-ing,ao-ou,j-q-x	1
级别	jí bié	5776	ia-ie,j-q-x	1
降息	jiàng xī	5777	ian-iang,j-q-x	1
一新	yī xīn	5778	in-ing,j-q-x	1
过多	guò duō	5780	ua-uo	1
任职	rèn zhí	5782	en-eng,z-zh,r-l	1
大娘	dà niáng	5784	ian-iang,n-l	1
刑法	xíng fǎ	5785	in-ing,h-f,j-q-x	1
重重	chóng chóng	5787	c-ch	1
要么	yào me	5791	ao-ou	1
做人	zuò rén	5792	en-eng,ua-uo,z-zh,r-l	1
严打	yán dǎ	5795	an-ang	1
嗓子	sǎng zi	5796	an-ang,z-zh,s-sh	1
一头	yī tóu	5797	ao-ou	1
份额	fèn é	5799	en-eng,h-f	1
逐年	zhú nián	5800	ian-iang,z-zh,n-l	1
打假	dǎ jiǎ	5804	ia-ie,j-q-x	1
仅有	jǐn yǒu	5807	in-ing,ao-ou,j-q-x	1
来往	lái wǎng	5808	an-ang,ai-ei,n-l,r-l	1
印刷	yìn shuā	5809	in-ing,ua-uo,s-sh	1
启发	qǐ fā	5811	h-f,j-q-x	1
跌破	diē pò	5812	ia-ie	1
一举	yī jǔ	5813	j-q-x	1
潜在	qián zài	5814	ian-iang,ai-ei,z-zh,j-q-x	1
中级	zhōng jí	5818	z-zh,j-q-x	1
战后	zhàn hòu	5819	an-ang,ao-ou,z-zh,h-f	1
蓝天	lán tiān	5820	an-ang,ian-iang,n-l,r-l	1
师长	shī zhǎng	5821	an-ang,z-zh,s-sh	1
部位	bù wèi	5822	ai-ei	1
例外	lì wài	5823	ai-ei,n-l,r-l	1
南宁	nán níng	5824	in-ing,an-ang,n-l	1
中年	zhōng nián	5825	ian-iang,z-zh,n-l	1
邮票	yóu piào	5826	ao-ou	1
老鼠	lǎo shǔ	5827	ao-ou,s-sh,n-l,r-l	1
土司	tǔ sī	5828	s-sh	1
达标	dá biāo	5829		1
仍旧	réng jiù	5831	en-eng,r-l,j-q-x	1
迄今	qì jīn	5832	in-ing,j-q-x	1
纪实	jì shí	5833	s-sh,j-q-x	1
病房	bìng fáng	5834	in-ing,an-ang,h-f	1
控股	kòng gǔ	5835		1
心血	xīn xuè	5836	in-ing,j-q-x	1
务工	wù gōng	5839		1
休闲	xiū xián	5840	ian-iang,j-q-x	1
占用	zhàn yòng	5842	an-ang,z-zh	1
充足	chōng zú	5843	z-zh,c-ch	1
饲养	sì yǎng	5844	an-ang,s-sh	1
啤酒	pí jiǔ	5845	j-q-x	1
归来	guī lái	5846	ai-ei,n-l,r-l	1
纯粹	chún cuì	5848	c-ch	1
惩罚	chéng fá	5849	en-eng,c-ch,h-f	1
老区	lǎo qū	5850	ao-ou,n-l,r-l,j-q-x	1
赚钱	zhuàn qián	5851	ian-iang,uan-uang,z-zh,j-q-x	1
完美	wán měi	5852	an-ang,ai-ei	1
效力	xiào lì	5853	n-l,r-l,j-q-x	1
机组	jī zǔ	5855	z-zh,j-q-x	1
打下	dǎ xià	5856	ia-ie,j-q-x	1
再度	zài dù	5857	ai-ei,z-zh	1
见解	jiàn jiě	5858	ian-iang,ia-ie,j-q-x	1
生涯	shēng yá	5861	en-eng,s-sh	1
裁判	cái pàn	5866	an-ang,ai-ei,c-ch	1
强迫	qiǎng pò	5867	ian-iang,j-q-x	1
比分	bǐ fēn	5870	en-eng,h-f	1
大半	dà bàn	5871	an-ang	1
弥补	mí bǔ	5873		1
来临	lái lín	5874	in-ing,ai-ei,n-l,r-l	1
合成	hé chéng	5876	en-eng,c-ch,h-f	1
国旗	guó qí	5877	ua-uo,j-q-x	1
改正	gǎi zhèng	5878	en-eng,ai-ei,z-zh	1
收藏	shōu cáng	5879	an-ang,ao-ou,c-ch,s-sh	1
歌舞	gē wǔ	5880		1
两边	liǎng biān	5881	ian-iang,n-l,r-l	1
物体	wù tǐ	5884		1
维权	wéi quán	5885	uan-uang,ai-ei,j-q-x	1
无聊	wú liáo	5886	n-l,r-l	1
凭借	píng jiè	5888	in-ing,ia-ie,j-q-x	1
集会	jí huì	5889	h-f,j-q-x	1
清除	qīng chú	5890	in-ing,c-ch,j-q-x	1
诸如	zhū rú	5891	z-zh,r-l	1
爱护	ài hù	5892	ai-ei,h-f	1
神话	shén huà	5893	en-eng,ua-uo,s-sh,h-f	1
认同	rèn tóng	5894	en-eng,r-l	1
果断	guǒ duàn	5896	uan-uang,ua-uo	1
有事	yǒu shì	5897	ao-ou,s-sh	1
忍受	rěn shòu	5898	en-eng,ao-ou,s-sh,r-l	1
尸体	shī tǐ	5899	s-sh	1
先行	xiān xíng	5900	in-ing,ian-iang,j-q-x	1
起头	qǐ tóu	5901	ao-ou,j-q-x	1
法子	fǎ zi	5902	z-zh,h-f	1
国庆	guó qìng	5904	in-ing,ua-uo,j-q-x	1
孔子	kǒng zǐ	5907	z-zh	1
香烟	xiāng yān	5908	an-ang,ian-iang,j-q-x	1
生前	shēng qián	5910	en-eng,ian-iang,s-sh,j-q-x	1
尖锐	jiān ruì	5911	ian-iang,r-l,j-q-x	1
神气	shén qì	5912	en-eng,s-sh,j-q-x	1
竞选	jìng xuǎn	5913	in-ing,uan-uang,j-q-x	1
远程	yuǎn chéng	5914	en-eng,uan-uang,c-ch	1
编写	biān xiě	5916	ian-iang,ia-ie,j-q-x	1
多久	duō jiǔ	5917	ua-uo,j-q-x	1
停牌	tíng pái	5918	in-ing,ai-ei	1
一世	yī shì	5919	s-sh	1
瞬间	shùn jiān	5920	ian-iang,s-sh,j-q-x	1
诱惑	yòu huò	5921	ao-ou,ua-uo,h-f	1
古典	gǔ diǎn	5922	ian-iang	1
水电	shuǐ diàn	5924	ian-iang,s-sh	1
暂行	zàn xíng	5925	in-ing,an-ang,z-zh,j-q-x	1
造福	zào fú	5926	ao-ou,z-zh,h-f	1
没事	méi shì	5928	ai-ei,s-sh	1
测绘	cè huì	5929	c-ch,h-f	1
难忘	nán wàng	5930	an-ang,n-l	1
公元	gōng yuán	5931	uan-uang	1
起码	qǐ mǎ	5932	j-q-x	1
提议	tí yì	5933		1
难受	nán shòu	5935	an-ang,ao-ou,s-sh,n-l	1
大豆	dà dòu	5936	ao-ou	1
绝望	jué wàng	5937	an-ang,j-q-x	1
赌博	dǔ bó	5938		1
重任	zhòng rèn	5939	en-eng,z-zh,r-l	1
诚实	chéng shí	5941	en-eng,c-ch,s-sh	1
上台	shàng tái	5942	an-ang,ai-ei,s-sh	1
话说	huà shuō	5943	ua-uo,s-sh,h-f	1
游人	yóu rén	5945	en-eng,ao-ou,r-l	1
涉嫌	shè xián	5948	ian-iang,s-sh,j-q-x	1
好评	hǎo píng	5951	in-ing,ao-ou,h-f	1
淡淡	dàn dàn	5952	an-ang	1
海湾	hǎi wān	5953	an-ang,ai-ei,h-f	1
含义	hán yì	5954	an-ang,h-f	1
在场	zài chǎng	5955	an-ang,ai-ei,z-zh,c-ch	1
邮政	yóu zhèng	5957	en-eng,ao-ou,z-zh	1
出资	chū zī	5958	z-zh,c-ch	1
良心	liáng xīn	5959	in-ing,ian-iang,n-l,r-l,j-q-x	1
植被	zhí bèi	5960	ai-ei,z-zh	1
特困	tè kùn	5961		1
不懈	bù xiè	5962	ia-ie,j-q-x	1
行驶	xíng shǐ	5963	in-ing,s-sh,j-q-x	1
完毕	wán bì	5965	an-ang	1
图案	tú àn	5966	an-ang	1
尊敬	zūn jìng	5967	in-ing,z-zh,j-q-x	1
订单	dìng dān	5968	in-ing,an-ang	1
减免	jiǎn miǎn	5970	ian-iang,j-q-x	1
复苏	fù sū	5972	s-sh,h-f	1
修复	xiū fù	5974	h-f,j-q-x	1
繁殖	fán zhí	5975	an-ang,z-zh,h-f	1
通行	tōng xíng	5976	in-ing,j-q-x	1
报收	bào shōu	5977	ao-ou,s-sh	1
丛书	cóng shū	5978	c-ch,s-sh	1
阴影	yīn yǐng	5979	in-ing	1
双重	shuāng chóng	5981	uan-uang,c-ch,s-sh	1
园林	yuán lín	5982	in-ing,uan-uang,n-l,r-l	1
赞同	zàn tóng	5983	an-ang,z-zh	1
中等	zhōng děng	5984	en-eng,z-zh	1
崇拜	chóng bài	5986	ai-ei,c-ch	1
牌子	pái zi	5987	ai-ei,z-zh	1
筹集	chóu jí	5988	ao-ou,c-ch,j-q-x	1
在座	zài zuò	5990	ai-ei,ua-uo,z-zh	1
畅通	chàng tōng	5992	an-ang,c-ch	1
家门	jiā mén	5994	en-eng,ia-ie,j-q-x	1
挑选	tiāo xuǎn	5995	uan-uang,j-q-x	1
缴纳	jiǎo nà	5999	n-l,j-q-x	1
打仗	dǎ zhàng	6000	an-ang,z-zh	1
遗传	yí chuán	6002	uan-uang,c-ch	1
值班	zhí bān	6003	an-ang,z-zh	1
任期	rèn qī	6005	en-eng,r-l,j-q-x	1
田径	tián jìng	6006	in-ing,ian-iang,j-q-x	1
民企	mín qǐ	6007	in-ing,j-q-x	1
应邀	yìng yāo	6010	in-ing,ao-ou	1
超出	chāo chū	6012	ao-ou,c-ch	1
气味	qì wèi	6013	ai-ei,j-q-x	1
杜绝	dù jué	6015	j-q-x	1
残酷	cán kù	6018	an-ang,c-ch	1
届时	jiè shí	6019	ia-ie,s-sh,j-q-x	1
风情	fēng qíng	6020	en-eng,in-ing,h-f,j-q-x	1
良种	liáng zhǒng	6021	ian-iang,z-zh,n-l,r-l	1
动机	dòng jī	6022	j-q-x	1
关爱	guān ài	6023	uan-uang,ai-ei	1
入学	rù xué	6024	r-l,j-q-x	1
派遣	pài qiǎn	6025	ian-iang,ai-ei,j-q-x	1
难民	nàn mín	6026	in-ing,an-ang,n-l	1
行李	xíng li	6027	in-ing,n-l,r-l,j-q-x	1
二者	èr zhě	6028	z-zh	1
恰恰	qià qià	6030	ia-ie,j-q-x	1
缅甸	miǎn diàn	6032	ian-iang	1
实地	shí dì	6033	s-sh	1
永久	yǒng jiǔ	6035	j-q-x	1
譬如	pì rú	6036	r-l	1
教员	jiào yuán	6037	uan-uang,j-q-x	1
和谈	hé tán	6038	an-ang,h-f	1
部委	bù wěi	6039	ai-ei	1
奉行	fèng xíng	6040	en-eng,in-ing,h-f,j-q-x	1
章程	zhāng chéng	6041	en-eng,an-ang,z-zh,c-ch	1
品格	pǐn gé	6042	in-ing	1
竟是	jìng shì	6043	in-ing,s-sh,j-q-x	1
汗水	hàn shuǐ	6045	an-ang,s-sh,h-f	1
滥用	làn yòng	6046	an-ang,n-l,r-l	1
信誉	xìn yù	6047	in-ing,j-q-x	1
狠狠	hěn hěn	6048	en-eng,h-f	1
抵御	dǐ yù	6049		1
传输	chuán shū	6050	uan-uang,c-ch,s-sh	1
牢记	láo jì	6052	ao-ou,n-l,r-l,j-q-x	1
后人	hòu rén	6054	en-eng,ao-ou,h-f,r-l	1
公交	gōng jiāo	6056	j-q-x	1
净化	jìng huà	6057	in-ing,ua-uo,h-f,j-q-x	1
下旬	xià xún	6060	ia-ie,j-q-x	1
栽培	zāi péi	6061	ai-ei,z-zh	1
再现	zài xiàn	6064	ian-iang,ai-ei,z-zh,j-q-x	1
下令	xià lìng	6065	in-ing,ia-ie,n-l,r-l,j-q-x	1
适时	shì shí	6068	s-sh	1
跳舞	tiào wǔ	6069		1
林木	lín mù	6070	in-ing,n-l,r-l	1
大嫂	dà sǎo	6073	ao-ou,s-sh	1
辖区	xiá qū	6074	ia-ie,j-q-x	1
可笑	kě xiào	6075	j-q-x	1
限期	xiàn qī	6076	ian-iang,j-q-x	1
较量	jiào liàng	6077	ian-iang,n-l,r-l,j-q-x	1
太平	tài píng	6080	in-ing,ai-ei	1
典礼	diǎn lǐ	6081	ian-iang,n-l,r-l	1
造型	zào xíng	6083	in-ing,ao-ou,z-zh,j-q-x	1
庄稼	zhuāng jia	6084	uan-uang,ia-ie,z-zh,j-q-x	1
发送	fā sòng	6086	s-sh,h-f	1
违章	wéi zhāng	6091	an-ang,ai-ei,z-zh	1
车队	chē duì	6092	c-ch	1
形状	xíng zhuàng	6093	in-ing,uan-uang,z-zh,j-q-x	1
不惜	bù xī	6094	j-q-x	1
两侧	liǎng cè	6095	ian-iang,c-ch,n-l,r-l	1
舒适	shū shì	6096	s-sh	1
音像	yīn xiàng	6098	in-ing,ian-iang,j-q-x	1
现任	xiàn rèn	6099	en-eng,ian-iang,r-l,j-q-x	1
得罪	dé zuì	6100	z-zh	1
录取	lù qǔ	6101	n-l,r-l,j-q-x	1
射击	shè jī	6103	s-sh,j-q-x	1
护理	hù lǐ	6104	n-l,h-f,r-l	1
痕迹	hén jì	6105	en-eng,h-f,j-q-x	1
闪烁	shǎn shuò	6107	an-ang,ua-uo,s-sh	1
妇联	fù lián	6108	ian-iang,n-l,h-f,r-l	1
仲裁	zhòng cái	6109	ai-ei,z-zh,c-ch	1
言论	yán lùn	6110	an-ang,n-l,r-l	1
英勇	yīng yǒng	6112	in-ing	1
拆除	chāi chú	6114	ai-ei,c-ch	1
箱子	xiāng zi	6115	ian-iang,z-zh,j-q-x	1
剧目	jù mù	6116	j-q-x	1
不堪	bù kān	6117	an-ang	1
分行	fēn háng	6118	en-eng,an-ang,h-f	1
党性	dǎng xìng	6119	in-ing,an-ang,j-q-x	1
抗旱	kàng hàn	6120	an-ang,h-f	1
东风	dōng fēng	6121	en-eng,h-f	1
实体	shí tǐ	6122	s-sh	1
树林	shù lín	6123	in-ing,s-sh,n-l,r-l	1
昨晚	zuó wǎn	6124	an-ang,ua-uo,z-zh	1
自称	zì chēng	6125	en-eng,z-zh,c-ch	1
肌肉	jī ròu	6126	ao-ou,r-l,j-q-x	1
忧虑	yōu lǜ	6128	ao-ou,n-l,r-l	1
侵权	qīn quán	6131	in-ing,uan-uang,j-q-x	1
务必	wù bì	6132		1
延续	yán xù	6133	an-ang,j-q-x	1
叶子	yè zi	6134	z-zh	1
尤为	yóu wéi	6135	ai-ei,ao-ou	1
折磨	zhé mó	6136	z-zh	1
身材	shēn cái	6137	en-eng,ai-ei,c-ch,s-sh	1
宣告	xuān gào	6138	uan-uang,ao-ou,j-q-x	1
界限	jiè xiàn	6139	ian-iang,ia-ie,j-q-x	1
座位	zuò wèi	6140	ai-ei,ua-uo,z-zh	1
大片	dà piàn	6141	ian-iang	1
进度	jìn dù	6144	in-ing,j-q-x	1
根源	gēn yuán	6145	en-eng,uan-uang	1
听众	tīng zhòng	6146	in-ing,z-zh	1
和解	hé jiě	6147	ia-ie,h-f,j-q-x	1
互助	hù zhù	6148	z-zh,h-f	1
牙齿	yá chǐ	6149	c-ch	1
咖啡	kā fēi	6150	ai-ei,h-f	1
原谅	yuán liàng	6151	ian-iang,uan-uang,n-l,r-l	1
排列	pái liè	6152	ai-ei,ia-ie,n-l,r-l	1
冲动	chōng dòng	6153	c-ch	1
演变	yǎn biàn	6154	an-ang,ian-iang	1
衣裳	yī shang	6155	an-ang,s-sh	1
相处	xiāng chǔ	6157	ian-iang,c-ch,j-q-x	1
靠近	kào jìn	6158	in-ing,ao-ou,j-q-x	1
汇率	huì lǜ	6160	n-l,h-f,r-l	1
热潮	rè cháo	6161	ao-ou,c-ch,r-l	1
范畴	fàn chóu	6163	an-ang,ao-ou,c-ch,h-f	1
通俗	tōng sú	6164	s-sh	1
严禁	yán jìn	6165	in-ing,an-ang,j-q-x	1
鉴于	jiàn yú	6166	ian-iang,j-q-x	1
下游	xià yóu	6167	ao-ou,ia-ie,j-q-x	1
下属	xià shǔ	6168	ia-ie,s-sh,j-q-x	1
振奋	zhèn fèn	6169	en-eng,z-zh,h-f	1
束缚	shù fù	6170	s-sh,h-f	1
困扰	kùn rǎo	6171	ao-ou,r-l	1
月光	yuè guāng	6172	uan-uang	1
封锁	fēng suǒ	6173	en-eng,ua-uo,s-sh,h-f	1
免疫	miǎn yì	6174	ian-iang	1
火星	huǒ xīng	6175	in-ing,ua-uo,h-f,j-q-x	1
以致	yǐ zhì	6176	z-zh	1
报社	bào shè	6177	ao-ou,s-sh	1
岂不	qǐ bù	6178	j-q-x	1
抢险	qiǎng xiǎn	6179	ian-iang,j-q-x	1
电商	diàn shāng	6180	an-ang,ian-iang,s-sh	1
日元	rì yuán	6181	uan-uang,r-l	1
频率	pín lǜ	6182	in-ing,n-l,r-l	1
播种	bō zhǒng	6183	z-zh	1
个个	gè gè	6184		1
数目	shù mù	6185	s-sh	1
前线	qián xiàn	6186	ian-iang,j-q-x	1
歌唱	gē chàng	6187	an-ang,c-ch	1
房门	fáng mén	6188	en-eng,an-ang,h-f	1
心声	xīn shēng	6189	en-eng,in-ing,s-sh,j-q-x	1
进军	jìn jūn	6191	in-ing,j-q-x	1
压缩	yā suō	6192	ua-uo,s-sh	1
灰色	huī sè	6194	s-sh,h-f	1
防护	fáng hù	6196	an-ang,h-f	1
数额	shù é	6197	s-sh	1
职位	zhí wèi	6198	ai-ei,z-zh	1
电报	diàn bào	6199	ian-iang,ao-ou	1
黄土	huáng tǔ	6200	uan-uang,h-f	1
那儿	nà er	6201	n-l	1
银川	yín chuān	6203	in-ing,uan-uang,c-ch	1
厂商	chǎng shāng	6204	an-ang,c-ch,s-sh	1
某个	mǒu gè	6205	ao-ou	1
查询	chá xún	6207	c-ch,j-q-x	1
犹豫	yóu yù	6208	ao-ou	1
做主	zuò zhǔ	6209	ua-uo,z-zh	1
合力	hé lì	6212	n-l,h-f,r-l	1
高等	gāo děng	6213	en-eng,ao-ou	1
人情	rén qíng	6215	en-eng,in-ing,r-l,j-q-x	1
伙子	huǒ zi	6216	ua-uo,z-zh,h-f	1
备案	bèi àn	6217	an-ang,ai-ei	1
频道	pín dào	6218	in-ing,ao-ou	1
罪犯	zuì fàn	6219	an-ang,z-zh,h-f	1
康复	kāng fù	6220	an-ang,h-f	1
疫苗	yì miáo	6221		1
内政	nèi zhèng	6222	en-eng,ai-ei,z-zh,n-l	1
台北	tái běi	6223	ai-ei	1
彩电	cǎi diàn	6224	ian-iang,ai-ei,c-ch	1
门槛	mén kǎn	6225	en-eng,an-ang	1
下班	xià bān	6226	an-ang,ia-ie,j-q-x	1
神奇	shén qí	6228	en-eng,s-sh,j-q-x	1
谈论	tán lùn	6229	an-ang,n-l,r-l	1
团伙	tuán huǒ	6230	uan-uang,ua-uo,h-f	1
供电	gōng diàn	6232	ian-iang	1
舅舅	jiù jiu	6233	j-q-x	1
唱歌	chàng gē	6234	an-ang,c-ch	1
加之	jiā zhī	6235	ia-ie,z-zh,j-q-x	1
巡逻	xún luó	6237	ua-uo,n-l,r-l,j-q-x	1
抢劫	qiǎng jié	6238	ian-iang,ia-ie,j-q-x	1
试行	shì xíng	6242	in-ing,s-sh,j-q-x	1
反思	fǎn sī	6243	an-ang,s-sh,h-f	1
地步	dì bù	6244		1
大雨	dà yǔ	6245		1
滞后	zhì hòu	6248	ao-ou,z-zh,h-f	1
中断	zhōng duàn	6251	uan-uang,z-zh	1
无声	wú shēng	6252	en-eng,s-sh	1
大好	dà hǎo	6253	ao-ou,h-f	1
谨慎	jǐn shèn	6254	en-eng,in-ing,s-sh,j-q-x	1
演唱	yǎn chàng	6258	an-ang,c-ch	1
自发	zì fā	6259	z-zh,h-f	1
郊区	jiāo qū	6260	j-q-x	1
市里	shì lǐ	6262	s-sh,n-l,r-l	1
首长	shǒu zhǎng	6264	an-ang,ao-ou,z-zh,s-sh	1
农资	nóng zī	6265	z-zh,n-l	1
搬迁	bān qiān	6266	an-ang,ian-iang,j-q-x	1
供求	gōng qiú	6267	j-q-x	1
辅导	fǔ dǎo	6270	ao-ou,h-f	1
老虎	lǎo hǔ	6272	ao-ou,n-l,h-f,r-l	1
演奏	yǎn zòu	6273	an-ang,ao-ou,z-zh	1
贵阳	guì yáng	6275	an-ang	1
披露	pī lù	6276	n-l,r-l	1
贫穷	pín qióng	6277	in-ing,j-q-x	1
吸取	xī qǔ	6278	j-q-x	1
屏幕	píng mù	6279	in-ing	1
上空	shàng kōng	6280	an-ang,s-sh	1
打断	dǎ duàn	6283	uan-uang	1
出动	chū dòng	6284	c-ch	1
显现	xiǎn xiàn	6286	ian-iang,j-q-x	1
增持	zēng chí	6287	en-eng,z-zh,c-ch	1
而后	ér hòu	6288	ao-ou,h-f	1
三角	sān jiǎo	6290	an-ang,s-sh,j-q-x	1
假若	jiǎ ruò	6291	ia-ie,ua-uo,r-l,j-q-x	1
索性	suǒ xìng	6294	in-ing,ua-uo,s-sh,j-q-x	1
暗暗	àn àn	6296	an-ang	1
紧迫	jǐn pò	6297	in-ing,j-q-x	1
签名	qiān míng	6298	in-ing,ian-iang,j-q-x	1
波动	bō dòng	6299		1
觉悟	jué wù	6300	j-q-x	1
说服	shuō fú	6301	ua-uo,s-sh,h-f	1
频频	pín pín	6304	in-ing	1
无意	wú yì	6305		1
正月	zhēng yuè	6307	en-eng,z-zh	1
妨碍	fáng ài	6308	an-ang,ai-ei,h-f	1
暗中	àn zhōng	6312	an-ang,z-zh	1
参谋	cān móu	6315	an-ang,ao-ou,c-ch	1
从容	cóng róng	6316	c-ch,r-l	1
山坡	shān pō	6317	an-ang,s-sh	1
田野	tián yě	6321	ian-iang	1
满堂	mǎn táng	6323	an-ang	1
点评	diǎn píng	6324	in-ing,ian-iang	1
未曾	wèi céng	6325	en-eng,ai-ei,c-ch	1
艰辛	jiān xīn	6326	in-ing,ian-iang,j-q-x	1
死刑	sǐ xíng	6328	in-ing,s-sh,j-q-x	1
豪华	háo huá	6329	ao-ou,ua-uo,h-f	1
分成	fēn chéng	6330	en-eng,c-ch,h-f	1
疼痛	téng tòng	6331	en-eng	1
林场	lín chǎng	6332	in-ing,an-ang,c-ch,n-l,r-l	1
曼谷	màn gǔ	6333	an-ang	1
藏族	zàng zú	6335	an-ang,z-zh	1
器官	qì guān	6336	uan-uang,j-q-x	1
头顶	tóu dǐng	6337	in-ing,ao-ou	1
多半	duō bàn	6339	an-ang,ua-uo	1
电池	diàn chí	6340	ian-iang,c-ch	1
烦恼	fán nǎo	6343	an-ang,ao-ou,n-l,h-f	1
港澳	gǎn gào	6345	an-ang,ao-ou	1
转型	zhuǎn xíng	6346	in-ing,uan-uang,z-zh,j-q-x	1
批示	pī shì	6347	s-sh	1
领取	lǐng qǔ	6348	in-ing,n-l,r-l,j-q-x	1
温饱	wēn bǎo	6350	en-eng,ao-ou	1
民国	mín guó	6351	in-ing,ua-uo	1
设有	shè yǒu	6352	ao-ou,s-sh	1
指引	zhǐ yǐn	6354	in-ing,z-zh	1
缓和	huǎn hé	6356	uan-uang,h-f	1
伦理	lún lǐ	6358	n-l,r-l	1
大道	dà dào	6359	ao-ou	1
向往	xiàng wǎng	6360	an-ang,ian-iang,j-q-x	1
登山	dēng shān	6361	en-eng,an-ang,s-sh	1
流血	liú xuè	6363	n-l,r-l,j-q-x	1
风向	fēng xiàng	6364	en-eng,ian-iang,h-f,j-q-x	1
反馈	fǎn kuì	6365	an-ang,h-f	1
撰写	zhuàn xiě	6366	uan-uang,ia-ie,z-zh,j-q-x	1
目录	mù lù	6368	n-l,r-l	1
每逢	měi féng	6369	en-eng,ai-ei,h-f	1
教堂	jiào táng	6370	an-ang,j-q-x	1
不容	bù róng	6373	r-l	1
赛季	sài jì	6374	ai-ei,s-sh,j-q-x	1
半岛	bàn dǎo	6376	an-ang,ao-ou	1
开阔	kāi kuò	6377	ai-ei,ua-uo	1
进场	jìn chǎng	6380	in-ing,an-ang,c-ch,j-q-x	1
粉碎	fěn suì	6381	en-eng,s-sh,h-f	1
抱怨	bào yuàn	6382	uan-uang,ao-ou	1
歧视	qí shì	6385	s-sh,j-q-x	1
下达	xià dá	6386	ia-ie,j-q-x	1
保安	bǎo ān	6387	an-ang,ao-ou	1
永恒	yǒng héng	6388	en-eng,h-f	1
天文	tiān wén	6389	en-eng,ian-iang	1
公报	gōng bào	6390	ao-ou	1
血肉	xuè ròu	6391	ao-ou,r-l,j-q-x	1
罕见	hǎn jiàn	6392	an-ang,ian-iang,h-f,j-q-x	1
医护	yī hù	6394	h-f	1
征集	zhēng jí	6397	en-eng,z-zh,j-q-x	1
年产	nián chǎn	6398	an-ang,ian-iang,c-ch,n-l	1
激光	jī guāng	6399	uan-uang,j-q-x	1
飞跃	fēi yuè	6400	ai-ei,h-f	1
羡慕	xiàn mù	6401	ian-iang,j-q-x	1
男性	nán xìng	6402	in-ing,an-ang,n-l,j-q-x	1
亮点	liàng diǎn	6404	ian-iang,n-l,r-l	1
小声	xiǎo shēng	6409	en-eng,s-sh,j-q-x	1
裤子	kù zi	6410	z-zh	1
向来	xiàng lái	6411	ian-iang,ai-ei,n-l,r-l,j-q-x	1
扭转	niǔ zhuǎn	6413	uan-uang,z-zh,n-l	1
奴隶	nú lì	6414	n-l,r-l	1
无情	wú qíng	6415	in-ing,j-q-x	1
郑重	zhèng zhòng	6416	en-eng,z-zh	1
忙碌	máng lù	6417	an-ang,n-l,r-l	1
震动	zhèn dòng	6418	en-eng,z-zh	1
盗版	dào bǎn	6419	an-ang,ao-ou	1
发帖	fā tiě	6420	ia-ie,h-f	1
驻地	zhù dì	6422	z-zh	1
次日	cì rì	6425	c-ch,r-l	1
提拔	tí bá	6426		1
推翻	tuī fān	6429	an-ang,h-f	1
开车	kāi chē	6430	ai-ei,c-ch	1
童年	tóng nián	6431	ian-iang,n-l	1
颁奖	bān jiǎng	6434	an-ang,ian-iang,j-q-x	1
亮相	liàng xiàng	6436	ian-iang,n-l,r-l,j-q-x	1
携手	xié shǒu	6437	ao-ou,ia-ie,s-sh,j-q-x	1
结算	jié suàn	6438	uan-uang,ia-ie,s-sh,j-q-x	1
高山	gāo shān	6439	an-ang,ao-ou,s-sh	1
先前	xiān qián	6441	ian-iang,j-q-x	1
颤抖	chàn dǒu	6442	an-ang,ao-ou,c-ch	1
仓库	cāng kù	6444	an-ang,c-ch	1
大风	dà fēng	6445	en-eng,h-f	1
迅猛	xùn měng	6446	en-eng,j-q-x	1
提取	tí qǔ	6450	j-q-x	1
年内	nián nèi	6453	ian-iang,ai-ei,n-l	1
客运	kè yùn	6454		1
上诉	shàng sù	6456	an-ang,s-sh	1
体力	tǐ lì	6458	n-l,r-l	1
大部	dà bù	6459		1
墙壁	qiáng bì	6460	ian-iang,j-q-x	1
受过	shòu guò	6461	ao-ou,ua-uo,s-sh	1
尽力	jìn lì	6462	in-ing,n-l,r-l,j-q-x	1
疑问	yí wèn	6463	en-eng	1
永不	yǒng bù	6464		1
学费	xué fèi	6467	ai-ei,h-f,j-q-x	1
大妈	dà mā	6469		1
祝福	zhù fú	6471	z-zh,h-f	1
后期	hòu qī	6472	ao-ou,h-f,j-q-x	1
往事	wǎng shì	6473	an-ang,s-sh	1
两旁	liǎng páng	6474	an-ang,ian-iang,n-l,r-l	1
上山	shàng shān	6475	an-ang,s-sh	1
公示	gōng shì	6477	s-sh	1
防守	fáng shǒu	6478	an-ang,ao-ou,s-sh,h-f	1
贵族	guì zú	6479	z-zh	1
暴雨	bào yǔ	6481	ao-ou	1
无形	wú xíng	6482	in-ing,j-q-x	1
中队	zhōng duì	6484	z-zh	1
指明	zhǐ míng	6485	in-ing,z-zh	1
正气	zhèng qì	6486	en-eng,z-zh,j-q-x	1
武力	wǔ lì	6487	n-l,r-l	1
交代	jiāo dài	6489	ai-ei,j-q-x	1
起初	qǐ chū	6490	c-ch,j-q-x	1
海岸	hǎi àn	6491	an-ang,ai-ei,h-f	1
脆弱	cuì ruò	6492	ua-uo,c-ch,r-l	1
余额	yú é	6494		1
普法	pǔ fǎ	6495	h-f	1
德育	dé yù	6496		1
佩服	pèi fú	6497	ai-ei,h-f	1
出任	chū rèn	6498	en-eng,c-ch,r-l	1
河边	hé biān	6499	ian-iang,h-f	1
美化	měi huà	6500	ai-ei,ua-uo,h-f	1
刻苦	kè kǔ	6501		1
元旦	yuán dàn	6502	an-ang,uan-uang	1
变更	biàn gēng	6504	en-eng,ian-iang	1
侧面	cè miàn	6505	ian-iang,c-ch	1
筷子	kuài zi	6508	z-zh	1
价钱	jià qián	6510	ian-iang,ia-ie,j-q-x	1
分量	fèn liàng	6511	en-eng,ian-iang,n-l,h-f,r-l	1
女足	nǚ zú	6512	z-zh,n-l	1
生成	shēng chéng	6513	en-eng,c-ch,s-sh	1
咳嗽	ké sou	6514	ao-ou,s-sh	1
采集	cǎi jí	6515	ai-ei,c-ch,j-q-x	1
日后	rì hòu	6516	ao-ou,h-f,r-l	1
处境	chǔ jìng	6518	in-ing,c-ch,j-q-x	1
特刊	tè kān	6520	an-ang	1
航班	háng bān	6521	an-ang,h-f	1
家电	jiā diàn	6522	ian-iang,ia-ie,j-q-x	1
漫画	màn huà	6524	an-ang,ua-uo,h-f	1
前期	qián qī	6525	ian-iang,j-q-x	1
克隆	kè lóng	6526	n-l,r-l	1
来回	lái huí	6527	ai-ei,n-l,h-f,r-l	1
子弟	zǐ dì	6529	z-zh	1
从实	cóng shí	6530	c-ch,s-sh	1
峰会	fēng huì	6531	en-eng,h-f	1
评审	píng shěn	6532	en-eng,in-ing,s-sh	1
上演	shàng yǎn	6535	an-ang,s-sh	1
事宜	shì yí	6536	s-sh	1
春季	chūn jì	6537	c-ch,j-q-x	1
接轨	jiē guǐ	6538	ia-ie,j-q-x	1
神色	shén sè	6539	en-eng,s-sh	1
只管	zhǐ guǎn	6540	uan-uang,z-zh	1
定义	dìng yì	6541	in-ing	1
兑现	duì xiàn	6542	ian-iang,j-q-x	1
调度	diào dù	6543		1
问世	wèn shì	6544	en-eng,s-sh	1
散户	sǎn hù	6545	an-ang,s-sh,h-f	1
陶瓷	táo cí	6546	ao-ou,c-ch	1
治沙	zhì shā	6547	z-zh,s-sh	1
挂牌	guà pái	6549	ai-ei,ua-uo	1
攻坚	gōng jiān	6550	ian-iang,j-q-x	1
全会	quán huì	6552	uan-uang,h-f,j-q-x	1
看好	kàn hǎo	6553	an-ang,ao-ou,h-f	1
生育	shēng yù	6554	en-eng,s-sh	1
暗示	àn shì	6556	an-ang,s-sh	1
点燃	diǎn rán	6557	an-ang,ian-iang,r-l	1
医保	yī bǎo	6558	ao-ou	1
感人	gǎn rén	6559	en-eng,an-ang,r-l	1
传销	chuán xiāo	6561	uan-uang,c-ch,j-q-x	1
负有	fù yǒu	6562	ao-ou,h-f	1
踊跃	yǒng yuè	6563		1
案子	àn zi	6565	an-ang,z-zh	1
天真	tiān zhēn	6566	en-eng,ian-iang,z-zh	1
膨胀	péng zhàng	6568	en-eng,an-ang,z-zh	1
版次	bǎn cì	6570	an-ang,c-ch	1
劲儿	jìn er	6571	in-ing,j-q-x	1
上任	shàng rèn	6573	en-eng,an-ang,s-sh,r-l	1
往年	wǎng nián	6574	an-ang,ian-iang,n-l	1
边疆	biān jiāng	6575	ian-iang,j-q-x	1
玩具	wán jù	6576	an-ang,j-q-x	1
聚焦	jù jiāo	6578	j-q-x	1
海口	hǎi kǒu	6580	ai-ei,ao-ou,h-f	1
管制	guǎn zhì	6582	uan-uang,z-zh	1
心愿	xīn yuàn	6583	in-ing,uan-uang,j-q-x	1
优点	yōu diǎn	6584	ian-iang,ao-ou	1
日夜	rì yè	6586	r-l	1
理智	lǐ zhì	6587	z-zh,n-l,r-l	1
预警	yù jǐng	6590	in-ing,j-q-x	1
决不	jué bù	6591	j-q-x	1
征文	zhēng wén	6592	en-eng,z-zh	1
廉洁	lián jié	6593	ian-iang,ia-ie,n-l,r-l,j-q-x	1
介入	jiè rù	6595	ia-ie,r-l,j-q-x	1
电站	diàn zhàn	6596	an-ang,ian-iang,z-zh	1
开除	kāi chú	6598	ai-ei,c-ch	1
起伏	qǐ fú	6599	h-f,j-q-x	1
恰好	qià hǎo	6603	ao-ou,ia-ie,h-f,j-q-x	1
中毒	zhòng dú	6604	z-zh	1
罪恶	zuì è	6607	z-zh	1
共建	gòng jiàn	6608	ian-iang,j-q-x	1
打量	dǎ liang	6609	ian-iang,n-l,r-l	1
嘱咐	zhǔ fù	6612	z-zh,h-f	1
反倒	fǎn dào	6613	an-ang,ao-ou,h-f	1
不服	bù fú	6614	h-f	1
彩色	cǎi sè	6615	ai-ei,c-ch,s-sh	1
有望	yǒu wàng	6617	an-ang,ao-ou	1
赞助	zàn zhù	6619	an-ang,z-zh	1
水位	shuǐ wèi	6620	ai-ei,s-sh	1
以内	yǐ nèi	6621	ai-ei,n-l	1
好奇	hào qí	6622	ao-ou,h-f,j-q-x	1
老家	lǎo jiā	6623	ao-ou,ia-ie,n-l,r-l,j-q-x	1
主角	zhǔ jué	6624	z-zh,j-q-x	1
禁毒	jìn dú	6625	in-ing,j-q-x	1
宣讲	xuān jiǎng	6626	ian-iang,uan-uang,j-q-x	1
后边	hòu bian	6627	ian-iang,ao-ou,h-f	1
识别	shí bié	6628	ia-ie,s-sh	1
相连	xiāng lián	6629	ian-iang,n-l,r-l,j-q-x	1
时而	shí ér	6631	s-sh	1
大棚	dà péng	6632	en-eng	1
半夜	bàn yè	6634	an-ang	1
传媒	chuán méi	6635	uan-uang,ai-ei,c-ch	1
地铁	dì tiě	6636	ia-ie	1
年间	nián jiān	6639	ian-iang,n-l,j-q-x	1
知青	zhī qīng	6642	in-ing,z-zh,j-q-x	1
齐全	qí quán	6643	uan-uang,j-q-x	1
担忧	dān yōu	6645	an-ang,ao-ou	1
有无	yǒu wú	6646	ao-ou	1
物业	wù yè	6647		1
自律	zì lǜ	6648	z-zh,n-l,r-l	1
定点	dìng diǎn	6650	in-ing,ian-iang	1
分流	fēn liú	6651	en-eng,n-l,h-f,r-l	1
党报	dǎng bào	6652	an-ang,ao-ou	1
柏林	bó lín	6653	in-ing,n-l,r-l	1
共计	gòng jì	6654	j-q-x	1
救济	jiù jì	6655	j-q-x	1
示威	shì wēi	6656	ai-ei,s-sh	1
官网	guān wǎng	6657	an-ang,uan-uang	1
挫折	cuò zhé	6659	ua-uo,z-zh,c-ch	1
苦难	kǔ nàn	6660	an-ang,n-l	1
电流	diàn liú	6661	ian-iang,n-l,r-l	1
方才	fāng cái	6662	an-ang,ai-ei,c-ch,h-f	1
为难	wéi nán	6663	an-ang,ai-ei,n-l	1
剥削	bō xuē	6664	j-q-x	1
互补	hù bǔ	6665	h-f	1
垂直	chuí zhí	6666	z-zh,c-ch	1
漏洞	lòu dòng	6667	ao-ou,n-l,r-l	1
探测	tàn cè	6668	an-ang,c-ch	1
外语	wài yǔ	6669	ai-ei	1
子弹	zǐ dàn	6670	an-ang,z-zh	1
无关	wú guān	6671	uan-uang	1
纽带	niǔ dài	6672	ai-ei,n-l	1
有待	yǒu dài	6674	ai-ei,ao-ou	1
天才	tiān cái	6676	ian-iang,ai-ei,c-ch	1
征管	zhēng guǎn	6677	en-eng,uan-uang,z-zh	1
吸纳	xī nà	6678	n-l,j-q-x	1
不准	bù zhǔn	6679	z-zh	1
站住	zhàn zhù	6680	an-ang,z-zh	1
诞辰	dàn chén	6681	en-eng,an-ang,c-ch	1
省份	shěng fèn	6682	en-eng,s-sh,h-f	1
负面	fù miàn	6684	ian-iang,h-f	1
讲解	jiǎng jiě	6685	ian-iang,ia-ie,j-q-x	1
皮鞋	pí xié	6687	ia-ie,j-q-x	1
征服	zhēng fú	6688	en-eng,z-zh,h-f	1
手枪	shǒu qiāng	6692	ian-iang,ao-ou,s-sh,j-q-x	1
宁静	níng jìng	6693	in-ing,n-l,j-q-x	1
死者	sǐ zhě	6694	z-zh,s-sh	1
测定	cè dìng	6695	in-ing,c-ch	1
竞技	jìng jì	6697	in-ing,j-q-x	1
电器	diàn qì	6698	ian-iang,j-q-x	1
迈进	mài jìn	6699	in-ing,ai-ei,j-q-x	1
各处	gè chù	6700	c-ch	1
简化	jiǎn huà	6701	ian-iang,ua-uo,h-f,j-q-x	1
被子	bèi zi	6702	ai-ei,z-zh	1
牲畜	shēng chù	6703	en-eng,c-ch,s-sh	1
耽误	dān wu	6704	an-ang	1
宴会	yàn huì	6705	an-ang,h-f	1
自在	zì zai	6706	ai-ei,z-zh	1
顺应	shùn yìng	6708	in-ing,s-sh	1
展望	zhǎn wàng	6709	an-ang,z-zh	1
航线	háng xiàn	6710	an-ang,ian-iang,h-f,j-q-x	1
水分	shuǐ fèn	6711	en-eng,s-sh,h-f	1
房企	fáng qǐ	6712	an-ang,h-f,j-q-x	1
传授	chuán shòu	6713	uan-uang,ao-ou,c-ch,s-sh	1
钢琴	gāng qín	6714	in-ing,an-ang,j-q-x	1
公寓	gōng yù	6715		1
旋转	xuán zhuǎn	6716	uan-uang,z-zh,j-q-x	1
兵力	bīng lì	6717	in-ing,n-l,r-l	1
骨头	gǔ tou	6718	ao-ou	1
昼夜	zhòu yè	6721	ao-ou,z-zh	1
保守	bǎo shǒu	6722	ao-ou,s-sh	1
祖父	zǔ fù	6724	z-zh,h-f	1
花费	huā fèi	6727	ai-ei,ua-uo,h-f	1
忽略	hū lüè	6729	n-l,h-f,r-l	1
遇见	yù jiàn	6731	ian-iang,j-q-x	1
名将	míng jiàng	6732	in-ing,ian-iang,j-q-x	1
子孙	zǐ sūn	6733	z-zh,s-sh	1
女工	nǚ gōng	6734	n-l	1
夺冠	duó guàn	6735	uan-uang,ua-uo	1
贺电	hè diàn	6736	ian-iang,h-f	1
通车	tōng chē	6738	c-ch	1
奶牛	nǎi niú	6739	ai-ei,n-l	1
亿万	yì wàn	6740	an-ang	1
品德	pǐn dé	6741	in-ing	1
翅膀	chì bǎng	6742	an-ang,c-ch	1
道歉	dào qiàn	6743	ian-iang,ao-ou,j-q-x	1
租赁	zū lìn	6746	in-ing,z-zh,n-l,r-l	1
河道	hé dào	6747	ao-ou,h-f	1
纤维	xiān wéi	6748	ian-iang,ai-ei,j-q-x	1
实物	shí wù	6749	s-sh	1
罪行	zuì xíng	6750	in-ing,z-zh,j-q-x	1
文书	wén shū	6751	en-eng,s-sh	1
辩论	biàn lùn	6752	ian-iang,n-l,r-l	1
柱子	zhù zi	6755	z-zh	1
持有	chí yǒu	6756	ao-ou,c-ch	1
苍白	cāng bái	6758	an-ang,ai-ei,c-ch	1
物种	wù zhǒng	6759	z-zh	1
欣慰	xīn wèi	6760	in-ing,ai-ei,j-q-x	1
春风	chūn fēng	6761	en-eng,c-ch,h-f	1
感叹	gǎn tàn	6762	an-ang	1
凭着	píng zhe	6763	in-ing,z-zh	1
逃避	táo bì	6764	ao-ou	1
掌柜	zhǎng guì	6765	an-ang,z-zh	1
跨国	kuà guó	6766	ua-uo	1
符号	fú hào	6767	ao-ou,h-f	1
移交	yí jiāo	6768	j-q-x	1
华丽	huá lì	6769	ua-uo,n-l,h-f,r-l	1
片面	piàn miàn	6770	ian-iang	1
安宁	ān níng	6771	in-ing,an-ang,n-l	1
抛弃	pāo qì	6772	ao-ou,j-q-x	1
少有	shǎo yǒu	6773	ao-ou,s-sh	1
死人	sǐ rén	6775	en-eng,s-sh,r-l	1
盈利	yíng lì	6776	in-ing,n-l,r-l	1
癌症	ái zhèng	6777	en-eng,ai-ei,z-zh	1
餐厅	cān tīng	6778	in-ing,an-ang,c-ch	1
警示	jǐng shì	6780	in-ing,s-sh,j-q-x	1
对口	duì kǒu	6781	ao-ou	1
落户	luò hù	6782	ua-uo,n-l,h-f,r-l	1
回升	huí shēng	6783	en-eng,s-sh,h-f	1
年年	nián nián	6784	ian-iang,n-l	1
分割	fēn gē	6785	en-eng,h-f	1
当晚	dàng wǎn	6786	an-ang	1
在校	zài xiào	6791	ai-ei,z-zh,j-q-x	1
西瓜	xī guā	6795	ua-uo,j-q-x	1
不忍	bù rěn	6799	en-eng,r-l	1
播放	bō fàng	6801	an-ang,h-f	1
强行	qiáng xíng	6802	in-ing,ian-iang,j-q-x	1
大战	dà zhàn	6805	an-ang,z-zh	1
改编	gǎi biān	6806	ian-iang,ai-ei	1
趣味	qù wèi	6807	ai-ei,j-q-x	1
照样	zhào yàng	6808	an-ang,ao-ou,z-zh	1
富民	fù mín	6810	in-ing,h-f	1
争端	zhēng duān	6811	en-eng,uan-uang,z-zh	1
方略	fāng lüè	6812	an-ang,n-l,h-f,r-l	1
社论	shè lùn	6813	s-sh,n-l,r-l	1
西洋	xī yáng	6814	an-ang,j-q-x	1
阴谋	yīn móu	6815	in-ing,ao-ou	1
散开	sàn kāi	6816	an-ang,ai-ei,s-sh	1
内需	nèi xū	6819	ai-ei,n-l,j-q-x	1
网点	wǎng diǎn	6820	an-ang,ian-iang	1
观光	guān guāng	6821	uan-uang	1
寿命	shòu mìng	6823	in-ing,ao-ou,s-sh	1
老大	lǎo dà	6824	ao-ou,n-l,r-l	1
照例	zhào lì	6826	ao-ou,z-zh,n-l,r-l	1
历经	lì jīng	6827	in-ing,n-l,r-l,j-q-x	1
电灯	diàn dēng	6828	en-eng,ian-iang	1
快活	kuài huo	6830	ua-uo,h-f	1
拨款	bō kuǎn	6831	uan-uang	1
热带	rè dài	6832	ai-ei,r-l	1
极力	jí lì	6834	n-l,r-l,j-q-x	1
怀念	huái niàn	6835	ian-iang,n-l,h-f	1
转阴	zhuǎn yīn	6836	in-ing,uan-uang,z-zh	1
客商	kè shāng	6837	an-ang,s-sh	1
巨额	jù é	6838	j-q-x	1
多方	duō fāng	6840	an-ang,ua-uo,h-f	1
就算	jiù suàn	6841	uan-uang,s-sh,j-q-x	1
饮料	yǐn liào	6842	in-ing,n-l,r-l	1
挪用	nuó yòng	6843	ua-uo,n-l	1
舌头	shé tou	6845	ao-ou,s-sh	1
寒冷	hán lěng	6846	en-eng,an-ang,n-l,h-f,r-l	1
车厢	chē xiāng	6847	ian-iang,c-ch,j-q-x	1
短暂	duǎn zàn	6848	an-ang,uan-uang,z-zh	1
一共	yī gòng	6849		1
护工	hù gōng	6851	h-f	1
门票	mén piào	6852	en-eng	1
盛会	shèng huì	6853	en-eng,s-sh,h-f	1
轰炸	hōng zhà	6854	z-zh,h-f	1
遗留	yí liú	6855	n-l,r-l	1
总的	zǒng de	6856	z-zh	1
三通	sān tōng	6857	an-ang,s-sh	1
楼梯	lóu tī	6858	ao-ou,n-l,r-l	1
水准	shuǐ zhǔn	6859	z-zh,s-sh	1
此地	cǐ dì	6860	c-ch	1
睡眠	shuì mián	6861	ian-iang,s-sh	1
婚礼	hūn lǐ	6862	n-l,h-f,r-l	1
将要	jiāng yào	6863	ian-iang,ao-ou,j-q-x	1
骑兵	qí bīng	6866	in-ing,j-q-x	1
征地	zhēng dì	6868	en-eng,z-zh	1
繁重	fán zhòng	6869	an-ang,z-zh,h-f	1
体操	tǐ cāo	6870	ao-ou,c-ch	1
麦子	mài zi	6871	ai-ei,z-zh	1
世上	shì shàng	6872	an-ang,s-sh	1
风暴	fēng bào	6873	en-eng,ao-ou,h-f	1
真相	zhēn xiàng	6874	en-eng,ian-iang,z-zh,j-q-x	1
南下	nán xià	6875	an-ang,ia-ie,n-l,j-q-x	1
行走	xíng zǒu	6876	in-ing,ao-ou,z-zh,j-q-x	1
降价	jiàng jià	6877	ian-iang,ia-ie,j-q-x	1
乘坐	chéng zuò	6878	en-eng,ua-uo,z-zh,c-ch	1
源泉	yuán quán	6879	uan-uang,j-q-x	1
直线	zhí xiàn	6882	ian-iang,z-zh,j-q-x	1
机电	jī diàn	6883	ian-iang,j-q-x	1
抗洪	kàng hóng	6884	an-ang,h-f	1
讽刺	fěng cì	6885	en-eng,c-ch,h-f	1
本能	běn néng	6886	en-eng,n-l	1
馆长	guǎn cháng	6887	an-ang,uan-uang,c-ch	1
阿姨	ā yí	6888		1
流露	liú lù	6890	n-l,r-l	1
支书	zhī shū	6891	z-zh,s-sh	1
颇为	pō wéi	6893	ai-ei	1
真心	zhēn xīn	6894	en-eng,in-ing,z-zh,j-q-x	1
增值	zēng zhí	6896	en-eng,z-zh	1
辛勤	xīn qín	6900	in-ing,j-q-x	1
常用	cháng yòng	6901	an-ang,c-ch	1
茶叶	chá yè	6902	c-ch	1
剧团	jù tuán	6903	uan-uang,j-q-x	1
柜台	guì tái	6904	ai-ei	1
惊喜	jīng xǐ	6906	in-ing,j-q-x	1
一番	yī fān	6908	an-ang,h-f	1
兼并	jiān bìng	6910	in-ing,ian-iang,j-q-x	1
勤奋	qín fèn	6911	en-eng,in-ing,h-f,j-q-x	1
交管	jiāo guǎn	6912	uan-uang,j-q-x	1
只顾	zhǐ gù	6914	z-zh	1
卡车	kǎ chē	6915	c-ch	1
做饭	zuò fàn	6916	an-ang,ua-uo,z-zh,h-f	1
出面	chū miàn	6917	ian-iang,c-ch	1
天堂	tiān táng	6918	an-ang,ian-iang	1
右派	yòu pài	6919	ai-ei,ao-ou	1
起源	qǐ yuán	6920	uan-uang,j-q-x	1
教会	jiào huì	6921	h-f,j-q-x	1
名词	míng cí	6922	in-ing,c-ch	1
想来	xiǎng lái	6923	ian-iang,ai-ei,n-l,r-l,j-q-x	1
公款	gōng kuǎn	6924	uan-uang	1
尺度	chǐ dù	6925	c-ch	1
女生	nǚ shēng	6926	en-eng,s-sh,n-l	1
分化	fēn huà	6927	en-eng,ua-uo,h-f	1
导师	dǎo shī	6928	ao-ou,s-sh	1
高压	gāo yā	6929	ao-ou	1
用途	yòng tú	6931		1
传奇	chuán qí	6932	uan-uang,c-ch,j-q-x	1
沙滩	shā tān	6933	an-ang,s-sh	1
怕是	pà shì	6934	s-sh	1
经纬	jīng wěi	6935	in-ing,ai-ei,j-q-x	1
牧民	mù mín	6936	in-ing	1
再见	zài jiàn	6938	ian-iang,ai-ei,z-zh,j-q-x	1
储量	chǔ liàng	6939	ian-iang,c-ch,n-l,r-l	1
坚信	jiān xìn	6940	in-ing,ian-iang,j-q-x	1
孤立	gū lì	6941	n-l,r-l	1
油画	yóu huà	6942	ao-ou,ua-uo,h-f	1
互访	hù fǎng	6943	an-ang,h-f	1
双向	shuāng xiàng	6945	ian-iang,uan-uang,s-sh,j-q-x	1
鬼子	guǐ zi	6946	z-zh	1
当面	dāng miàn	6947	an-ang,ian-iang	1
地形	dì xíng	6948	in-ing,j-q-x	1
局限	jú xiàn	6949	ian-iang,j-q-x	1
难怪	nán guài	6950	an-ang,n-l	1
标语	biāo yǔ	6951		1
请问	qǐng wèn	6952	en-eng,in-ing,j-q-x	1
不如	bù rú	6954	r-l	1
干吗	gàn má	6955	an-ang	1
签约	qiān yuē	6956	ian-iang,j-q-x	1
惩治	chéng zhì	6958	en-eng,z-zh,c-ch	1
拳头	quán tóu	6960	uan-uang,ao-ou,j-q-x	1
冰雪	bīng xuě	6961	in-ing,j-q-x	1
驻军	zhù jūn	6962	z-zh,j-q-x	1
浓度	nóng dù	6964	n-l	1
团队	tuán duì	6965	uan-uang	1
网球	wǎng qiú	6966	an-ang,j-q-x	1
连锁	lián suǒ	6967	ian-iang,ua-uo,s-sh,n-l,r-l	1
三国	sān guó	6968	an-ang,ua-uo,s-sh	1
推迟	tuī chí	6969	c-ch	1
田间	tián jiān	6970	ian-iang,j-q-x	1
竭力	jié lì	6971	ia-ie,n-l,r-l,j-q-x	1
后代	hòu dài	6972	ai-ei,ao-ou,h-f	1
图像	tú xiàng	6973	ian-iang,j-q-x	1
简报	jiǎn bào	6975	ian-iang,ao-ou,j-q-x	1
女排	nǚ pái	6976	ai-ei,n-l	1
临近	lín jìn	6978	in-ing,n-l,r-l,j-q-x	1
剥夺	bō duó	6979	ua-uo	1
治病	zhì bìng	6981	in-ing,z-zh	1
专程	zhuān chéng	6982	en-eng,uan-uang,z-zh,c-ch	1
将领	jiàng lǐng	6983	in-ing,ian-iang,n-l,r-l,j-q-x	1
山村	shān cūn	6984	an-ang,c-ch,s-sh	1
再三	zài sān	6986	an-ang,ai-ei,z-zh,s-sh	1
革新	gé xīn	6987	in-ing,j-q-x	1
友人	yǒu rén	6988	en-eng,ao-ou,r-l	1
黑人	hēi rén	6989	en-eng,ai-ei,h-f,r-l	1
幸运	xìng yùn	6990	in-ing,j-q-x	1
华夏	huá xià	6992	ia-ie,ua-uo,h-f,j-q-x	1
平方	píng fāng	6993	in-ing,an-ang,h-f	1
衔接	xián jiē	6994	ian-iang,ia-ie,j-q-x	1
肿瘤	zhǒng liú	6995	z-zh,n-l,r-l	1
密集	mì jí	6996	j-q-x	1
规格	guī gé	6997		1
亲密	qīn mì	6998	in-ing,j-q-x	1
冷笑	lěng xiào	6999	en-eng,n-l,r-l,j-q-x	1
提名	tí míng	7002	in-ing	1
器材	qì cái	7003	ai-ei,c-ch,j-q-x	1
传真	chuán zhēn	7004	en-eng,uan-uang,z-zh,c-ch	1
公务	gōng wù	7005		1
编者	biān zhě	7006	ian-iang,z-zh	1
上千	shàng qiān	7007	an-ang,ian-iang,s-sh,j-q-x	1
社团	shè tuán	7008	uan-uang,s-sh	1
不解	bù jiě	7009	ia-ie,j-q-x	1
输送	shū sòng	7010	s-sh	1
徘徊	pái huái	7011	ai-ei,h-f	1
色情	sè qíng	7012	in-ing,s-sh,j-q-x	1
味儿	wèi er	7014	ai-ei	1
发给	fā gěi	7016	ai-ei,h-f	1
思潮	sī cháo	7017	ao-ou,c-ch,s-sh	1
繁华	fán huá	7018	an-ang,ua-uo,h-f	1
阵容	zhèn róng	7023	en-eng,z-zh,r-l	1
眉头	méi tóu	7024	ai-ei,ao-ou	1
声称	shēng chēng	7025	en-eng,c-ch,s-sh	1
势必	shì bì	7026	s-sh	1
读物	dú wù	7027		1
纯洁	chún jié	7028	ia-ie,c-ch,j-q-x	1
救治	jiù zhì	7029	z-zh,j-q-x	1
奋战	fèn zhàn	7031	en-eng,an-ang,z-zh,h-f	1
剩余	shèng yú	7032	en-eng,s-sh	1
外科	wài kē	7033	ai-ei	1
光线	guāng xiàn	7034	ian-iang,uan-uang,j-q-x	1
获胜	huò shèng	7036	en-eng,ua-uo,s-sh,h-f	1
手臂	shǒu bì	7038	ao-ou,s-sh	1
摧毁	cuī huǐ	7039	c-ch,h-f	1
珍珠	zhēn zhū	7040	en-eng,z-zh	1
挣钱	zhèng qián	7041	en-eng,ian-iang,z-zh,j-q-x	1
低保	dī bǎo	7042	ao-ou	1
同等	tóng děng	7044	en-eng	1
毫米	háo mǐ	7045	ao-ou,h-f	1
改良	gǎi liáng	7046	ian-iang,ai-ei,n-l,r-l	1
招待	zhāo dài	7048	ai-ei,ao-ou,z-zh	1
陆地	lù dì	7049	n-l,r-l	1
一心	yī xīn	7050	in-ing,j-q-x	1
帐篷	zhàng peng	7053	en-eng,an-ang,z-zh	1
申诉	shēn sù	7054	en-eng,s-sh	1
越发	yuè fā	7055	h-f	1
证件	zhèng jiàn	7056	en-eng,ian-iang,z-zh,j-q-x	1
固体	gù tǐ	7058		1
江山	jiāng shān	7059	an-ang,ian-iang,s-sh,j-q-x	1
相声	xiàng sheng	7060	en-eng,ian-iang,s-sh,j-q-x	1
光芒	guāng máng	7061	an-ang,uan-uang	1
揭开	jiē kāi	7062	ai-ei,ia-ie,j-q-x	1
吸烟	xī yān	7063	an-ang,j-q-x	1
心事	xīn shì	7065	in-ing,s-sh,j-q-x	1
硬件	yìng jiàn	7066	in-ing,ian-iang,j-q-x	1
诚意	chéng yì	7067	en-eng,c-ch	1
信赖	xìn lài	7068	in-ing,ai-ei,n-l,r-l,j-q-x	1
沉思	chén sī	7069	en-eng,c-ch,s-sh	1
一连	yī lián	7070	ian-iang,n-l,r-l	1
变迁	biàn qiān	7071	ian-iang,j-q-x	1
进化	jìn huà	7072	in-ing,ua-uo,h-f,j-q-x	1
生效	shēng xiào	7076	en-eng,s-sh,j-q-x	1
美德	měi dé	7077	ai-ei	1
渔民	yú mín	7078	in-ing	1
熟人	shú rén	7080	en-eng,s-sh,r-l	1
源于	yuán yú	7081	uan-uang	1
区分	qū fēn	7083	en-eng,h-f,j-q-x	1
修理	xiū lǐ	7084	n-l,r-l,j-q-x	1
清新	qīng xīn	7085	in-ing,j-q-x	1
雨水	yǔ shuǐ	7086	s-sh	1
理财	lǐ cái	7087	ai-ei,c-ch,n-l,r-l	1
结局	jié jú	7090	ia-ie,j-q-x	1
十足	shí zú	7091	z-zh,s-sh	1
名列	míng liè	7092	in-ing,ia-ie,n-l,r-l	1
更换	gēng huàn	7093	en-eng,uan-uang,h-f	1
审视	shěn shì	7094	en-eng,s-sh	1
削弱	xuē ruò	7095	ua-uo,r-l,j-q-x	1
反腐	fǎn fǔ	7096	an-ang,h-f	1
管辖	guǎn xiá	7097	uan-uang,ia-ie,j-q-x	1
精美	jīng měi	7098	in-ing,ai-ei,j-q-x	1
依次	yī cì	7100	c-ch	1
尽早	jǐn zǎo	7101	in-ing,ao-ou,z-zh,j-q-x	1
芯片	xīn piàn	7103	in-ing,ian-iang,j-q-x	1
告知	gào zhī	7104	ao-ou,z-zh	1
除非	chú fēi	7105	ai-ei,c-ch,h-f	1
借款	jiè kuǎn	7107	uan-uang,ia-ie,j-q-x	1
一角	yī jiǎo	7108	j-q-x	1
参展	cān zhǎn	7111	an-ang,z-zh,c-ch	1
联网	lián wǎng	7112	an-ang,ian-iang,n-l,r-l	1
民用	mín yòng	7113	in-ing	1
投向	tóu xiàng	7114	ian-iang,ao-ou,j-q-x	1
可知	kě zhī	7115	z-zh	1
辅助	fǔ zhù	7116	z-zh,h-f	1
与其	yǔ qí	7117	j-q-x	1
温馨	wēn xīn	7119	en-eng,in-ing,j-q-x	1
都会	dū huì	7120	h-f	1
性命	xìng mìng	7121	in-ing,j-q-x	1
玫瑰	méi gui	7122	ai-ei	1
细菌	xì jūn	7123	j-q-x	1
手下	shǒu xià	7124	ao-ou,ia-ie,s-sh,j-q-x	1
书房	shū fáng	7125	an-ang,s-sh,h-f	1
起床	qǐ chuáng	7126	uan-uang,c-ch,j-q-x	1
明日	míng rì	7128	in-ing,r-l	1
主线	zhǔ xiàn	7129	ian-iang,z-zh,j-q-x	1
扩建	kuò jiàn	7131	ian-iang,ua-uo,j-q-x	1
两地	liǎng dì	7132	ian-iang,n-l,r-l	1
适度	shì dù	7133	s-sh	1
汉族	hàn zú	7135	an-ang,z-zh,h-f	1
排队	pái duì	7136	ai-ei	1
视线	shì xiàn	7137	ian-iang,s-sh,j-q-x	1
白云	bái yún	7138	ai-ei	1
削减	xuē jiǎn	7140	ian-iang,j-q-x	1
绿地	lǜ dì	7141	n-l,r-l	1
温室	wēn shì	7143	en-eng,s-sh	1
语气	yǔ qì	7145	j-q-x	1
流泪	liú lèi	7146	ai-ei,n-l,r-l	1
祖先	zǔ xiān	7147	ian-iang,z-zh,j-q-x	1
剧场	jù chǎng	7148	an-ang,c-ch,j-q-x	1
屋顶	wū dǐng	7149	in-ing	1
故障	gù zhàng	7152	an-ang,z-zh	1
动荡	dòng dàng	7154	an-ang	1
性别	xìng bié	7155	in-ing,ia-ie,j-q-x	1
模仿	mó fǎng	7156	an-ang,h-f	1
预定	yù dìng	7157	in-ing	1
入驻	rù zhù	7158	z-zh,r-l	1
常识	cháng shí	7159	an-ang,c-ch,s-sh	1
将近	jiāng jìn	7160	in-ing,ian-iang,j-q-x	1
疲劳	pí láo	7161	ao-ou,n-l,r-l	1
拥挤	yōng jǐ	7162	j-q-x	1
拥抱	yōng bào	7163	ao-ou	1
位居	wèi jū	7164	ai-ei,j-q-x	1
特种	tè zhǒng	7165	z-zh	1
经商	jīng shāng	7166	in-ing,an-ang,s-sh,j-q-x	1
语文	yǔ wén	7169	en-eng	1
出自	chū zì	7172	z-zh,c-ch	1
通关	tōng guān	7173	uan-uang	1
夺金	duó jīn	7174	in-ing,ua-uo,j-q-x	1
谋求	móu qiú	7175	ao-ou,j-q-x	1
明朝	míng zhāo	7177	in-ing,ao-ou,z-zh	1
这般	zhè bān	7178	an-ang,z-zh	1
出院	chū yuàn	7180	uan-uang,c-ch	1
酝酿	yùn niàng	7181	ian-iang,n-l	1
嫌犯	xián fàn	7182	an-ang,ian-iang,h-f,j-q-x	1
疑惑	yí huò	7183	ua-uo,h-f	1
离去	lí qù	7184	n-l,r-l,j-q-x	1
献给	xiàn gěi	7186	ian-iang,ai-ei,j-q-x	1
激起	jī qǐ	7187	j-q-x	1
朝阳	zhāo yáng	7189	an-ang,ao-ou,z-zh	1
要务	yào wù	7190	ao-ou	1
平壤	píng rǎng	7191	in-ing,an-ang,r-l	1
邮件	yóu jiàn	7192	ian-iang,ao-ou,j-q-x	1
外人	wài rén	7193	en-eng,ai-ei,r-l	1
高档	gāo dàng	7194	an-ang,ao-ou	1
储存	chǔ cún	7195	c-ch	1
鲜血	xiān xuè	7197	ian-iang,j-q-x	1
学期	xué qī	7198	j-q-x	1
头儿	tóu er	7200	ao-ou	1
日渐	rì jiàn	7204	ian-iang,r-l,j-q-x	1
摸索	mō suǒ	7206	ua-uo,s-sh	1
献策	xiàn cè	7208	ian-iang,c-ch,j-q-x	1
如一	rú yī	7209	r-l	1
联手	lián shǒu	7211	ian-iang,ao-ou,s-sh,n-l,r-l	1
猛然	měng rán	7212	en-eng,an-ang,r-l	1
超级	chāo jí	7213	ao-ou,c-ch,j-q-x	1
歹徒	dǎi tú	7214	ai-ei	1
取向	qǔ xiàng	7215	ian-iang,j-q-x	1
高产	gāo chǎn	7216	an-ang,ao-ou,c-ch	1
村长	cūn cháng	7218	an-ang,c-ch	1
溶液	róng yè	7219	r-l	1
离子	lí zǐ	7220	z-zh,n-l,r-l	1
民情	mín qíng	7221	in-ing,j-q-x	1
构造	gòu zào	7222	ao-ou,z-zh	1
好久	hǎo jiǔ	7223	ao-ou,h-f,j-q-x	1
残疾	cán jí	7224	an-ang,c-ch,j-q-x	1
称呼	chēng hu	7227	en-eng,c-ch,h-f	1
挽救	wǎn jiù	7228	an-ang,j-q-x	1
洗澡	xǐ zǎo	7229	ao-ou,z-zh,j-q-x	1
乡里	xiāng lǐ	7231	ian-iang,n-l,r-l,j-q-x	1
悬挂	xuán guà	7232	uan-uang,ua-uo,j-q-x	1
法案	fǎ àn	7233	an-ang,h-f	1
案例	àn lì	7234	an-ang,n-l,r-l	1
投放	tóu fàng	7235	an-ang,ao-ou,h-f	1
亲身	qīn shēn	7238	en-eng,in-ing,s-sh,j-q-x	1
厂房	chǎng fáng	7239	an-ang,c-ch,h-f	1
急剧	jí jù	7240	j-q-x	1
正值	zhèng zhí	7242	en-eng,z-zh	1
大为	dà wéi	7243	ai-ei	1
丫头	yā tou	7245	ao-ou	1
西宁	xī níng	7246	in-ing,n-l,j-q-x	1
少儿	shào ér	7247	ao-ou,s-sh	1
本科	běn kē	7248	en-eng	1
勘探	kān tàn	7252	an-ang	1
扰乱	rǎo luàn	7255	uan-uang,ao-ou,n-l,r-l	1
伙计	huǒ ji	7256	ua-uo,h-f,j-q-x	1
惯例	guàn lì	7257	uan-uang,n-l,r-l	1
兵团	bīng tuán	7258	in-ing,uan-uang	1
军营	jūn yíng	7259	in-ing,j-q-x	1
精确	jīng què	7260	in-ing,j-q-x	1
回馈	huí kuì	7264	h-f	1
下雨	xià yǔ	7267	ia-ie,j-q-x	1
建材	jiàn cái	7268	ian-iang,ai-ei,c-ch,j-q-x	1
出境	chū jìng	7269	in-ing,c-ch,j-q-x	1
行径	xíng jìng	7272	in-ing,j-q-x	1
四面	sì miàn	7273	ian-iang,s-sh	1
改组	gǎi zǔ	7274	ai-ei,z-zh	1
打倒	dǎ dǎo	7275	ao-ou	1
停火	tíng huǒ	7277	in-ing,ua-uo,h-f	1
查办	chá bàn	7278	an-ang,c-ch	1
像素	xiàng sù	7279	ian-iang,s-sh,j-q-x	1
下跌	xià diē	7280	ia-ie,j-q-x	1
午饭	wǔ fàn	7282	an-ang,h-f	1
小品	xiǎo pǐn	7286	in-ing,j-q-x	1
场景	chǎng jǐng	7287	in-ing,an-ang,c-ch,j-q-x	1
接见	jiē jiàn	7288	ian-iang,ia-ie,j-q-x	1
军阀	jūn fá	7289	h-f,j-q-x	1
笼罩	lǒng zhào	7291	ao-ou,z-zh,n-l,r-l	1
招商	zhāo shāng	7293	an-ang,ao-ou,z-zh,s-sh	1
备战	bèi zhàn	7294	an-ang,ai-ei,z-zh	1
全长	quán cháng	7295	an-ang,uan-uang,c-ch,j-q-x	1
对应	duì yìng	7296	in-ing	1
必需	bì xū	7298	j-q-x	1
大脑	dà nǎo	7299	ao-ou,n-l	1
气势	qì shì	7303	s-sh,j-q-x	1
破获	pò huò	7304	ua-uo,h-f	1
在线	zài xiàn	7305	ian-iang,ai-ei,z-zh,j-q-x	1
核算	hé suàn	7307	uan-uang,s-sh,h-f	1
使劲	shǐ jìn	7309	in-ing,s-sh,j-q-x	1
苦恼	kǔ nǎo	7310	ao-ou,n-l	1
正规	zhèng guī	7311	en-eng,z-zh	1
全程	quán chéng	7313	en-eng,uan-uang,c-ch,j-q-x	1
表态	biǎo tài	7314	ai-ei	1
海底	hǎi dǐ	7315	ai-ei,h-f	1
追赶	zhuī gǎn	7318	an-ang,z-zh	1
民政	mín zhèng	7319	en-eng,in-ing,z-zh	1
全资	quán zī	7320	uan-uang,z-zh,j-q-x	1
解难	jiě nàn	7321	an-ang,ia-ie,n-l,j-q-x	1
春运	chūn yùn	7322	c-ch	1
车型	chē xíng	7323	in-ing,c-ch,j-q-x	1
曝光	bào guāng	7324	uan-uang,ao-ou	1
沿线	yán xiàn	7325	an-ang,ian-iang,j-q-x	1
销毁	xiāo huǐ	7326	h-f,j-q-x	1
提请	tí qǐng	7327	in-ing,j-q-x	1
春耕	chūn gēng	7328	en-eng,c-ch	1
情愿	qíng yuàn	7329	in-ing,uan-uang,j-q-x	1
档次	dàng cì	7330	an-ang,c-ch	1
困惑	kùn huò	7332	ua-uo,h-f	1
弥漫	mí màn	7333	an-ang	1
免得	miǎn de	7334	ian-iang	1
书画	shū huà	7335	ua-uo,s-sh,h-f	1
稍稍	shāo shāo	7336	ao-ou,s-sh	1
开业	kāi yè	7337	ai-ei	1
雄厚	xióng hòu	7338	ao-ou,h-f,j-q-x	1
往日	wǎng rì	7339	an-ang,r-l	1
挽回	wǎn huí	7340	an-ang,h-f	1
抢断	qiǎng duàn	7341	ian-iang,uan-uang,j-q-x	1
内战	nèi zhàn	7342	an-ang,ai-ei,z-zh,n-l	1
官司	guān si	7343	uan-uang,s-sh	1
矿山	kuàng shān	7346	an-ang,uan-uang,s-sh	1
开花	kāi huā	7348	ai-ei,ua-uo,h-f	1
一经	yī jīng	7349	in-ing,j-q-x	1
许久	xǔ jiǔ	7351	j-q-x	1
集资	jí zī	7352	z-zh,j-q-x	1
坦克	tǎn kè	7353	an-ang	1
立体	lì tǐ	7354	n-l,r-l	1
公证	gōng zhèng	7356	en-eng,z-zh	1
入境	rù jìng	7357	in-ing,r-l,j-q-x	1
诚恳	chéng kěn	7358	en-eng,c-ch	1
商议	shāng yì	7360	an-ang,s-sh	1
序幕	xù mù	7361	j-q-x	1
分享	fēn xiǎng	7362	en-eng,ian-iang,h-f,j-q-x	1
部落	bù luò	7364	ua-uo,n-l,r-l	1
开学	kāi xué	7365	ai-ei,j-q-x	1
书写	shū xiě	7366	ia-ie,s-sh,j-q-x	1
服饰	fú shì	7367	s-sh,h-f	1
气质	qì zhì	7368	z-zh,j-q-x	1
陆军	lù jūn	7369	n-l,r-l,j-q-x	1
限于	xiàn yú	7370	ian-iang,j-q-x	1
台下	tái xià	7371	ai-ei,ia-ie,j-q-x	1
以免	yǐ miǎn	7372	ian-iang	1
知情	zhī qíng	7373	in-ing,z-zh,j-q-x	1
指南	zhǐ nán	7374	an-ang,z-zh,n-l	1
多元	duō yuán	7375	uan-uang,ua-uo	1
属性	shǔ xìng	7377	in-ing,s-sh,j-q-x	1
充当	chōng dāng	7378	an-ang,c-ch	1
排斥	pái chì	7380	ai-ei,c-ch	1
聚会	jù huì	7381	h-f,j-q-x	1
泥土	ní tǔ	7383	n-l	1
彩票	cǎi piào	7385	ai-ei,c-ch	1
挂钩	guà gōu	7386	ao-ou,ua-uo	1
岩石	yán shí	7387	an-ang,s-sh	1
职员	zhí yuán	7388	uan-uang,z-zh	1
而今	ér jīn	7389	in-ing,j-q-x	1
成才	chéng cái	7391	en-eng,ai-ei,c-ch	1
专职	zhuān zhí	7392	uan-uang,z-zh	1
卧室	wò shì	7393	s-sh	1
剧院	jù yuàn	7395	uan-uang,j-q-x	1
文本	wén běn	7396	en-eng	1
重量	zhòng liàng	7397	ian-iang,z-zh,n-l,r-l	1
无穷	wú qióng	7398	j-q-x	1
电路	diàn lù	7399	ian-iang,n-l,r-l	1
灾民	zāi mín	7400	in-ing,ai-ei,z-zh	1
市政	shì zhèng	7401	en-eng,z-zh,s-sh	1
均衡	jūn héng	7402	en-eng,h-f,j-q-x	1
好些	hǎo xiē	7403	ao-ou,ia-ie,h-f,j-q-x	1
职称	zhí chēng	7404	en-eng,z-zh,c-ch	1
税款	shuì kuǎn	7406	uan-uang,s-sh	1
品位	pǐn wèi	7407	in-ing,ai-ei	1
神仙	shén xiān	7408	en-eng,ian-iang,s-sh,j-q-x	1
帝国	dì guó	7410	ua-uo	1
动静	dòng jing	7412	in-ing,j-q-x	1
朦胧	méng lóng	7413	en-eng,n-l,r-l	1
震撼	zhèn hàn	7414	en-eng,an-ang,z-zh,h-f	1
国营	guó yíng	7415	in-ing,ua-uo	1
利害	lì hài	7416	ai-ei,n-l,h-f,r-l	1
蝴蝶	hú dié	7417	ia-ie,h-f	1
惊奇	jīng qí	7418	in-ing,j-q-x	1
喇叭	lǎ ba	7419	n-l,r-l	1
保姆	bǎo mǔ	7420	ao-ou	1
风俗	fēng sú	7421	en-eng,s-sh,h-f	1
周到	zhōu dào	7422	ao-ou,z-zh	1
出访	chū fǎng	7423	an-ang,c-ch,h-f	1
液体	yè tǐ	7424		1
公仆	gōng pú	7425		1
寡妇	guǎ fu	7426	ua-uo,h-f	1
疲倦	pí juàn	7427	uan-uang,j-q-x	1
命题	mìng tí	7428	in-ing	1
观赏	guān shǎng	7429	an-ang,uan-uang,s-sh	1
站立	zhàn lì	7431	an-ang,z-zh,n-l,r-l	1
眉毛	méi mao	7434	ai-ei,ao-ou	1
抽调	chōu diào	7435	ao-ou,c-ch	1
练兵	liàn bīng	7436	in-ing,ian-iang,n-l,r-l	1
食用	shí yòng	7437	s-sh	1
发病	fā bìng	7438	in-ing,h-f	1
急于	jí yú	7439	j-q-x	1
心底	xīn dǐ	7440	in-ing,j-q-x	1
慎重	shèn zhòng	7442	en-eng,z-zh,s-sh	1
打动	dǎ dòng	7445		1
场馆	chǎng guǎn	7447	an-ang,uan-uang,c-ch	1
理顺	lǐ shùn	7448	s-sh,n-l,r-l	1
火炬	huǒ jù	7449	ua-uo,h-f,j-q-x	1
棺材	guān cai	7450	uan-uang,ai-ei,c-ch	1
严谨	yán jǐn	7451	in-ing,an-ang,j-q-x	1
王国	wáng guó	7452	an-ang,ua-uo	1
议程	yì chéng	7454	en-eng,c-ch	1
稿子	gǎo zi	7455	ao-ou,z-zh	1
时报	shí bào	7456	ao-ou,s-sh	1
打的	dǎ dī	7457		1
出租	chū zū	7458	z-zh,c-ch	1
汉字	hàn zì	7459	an-ang,z-zh,h-f	1
南极	nán jí	7460	an-ang,n-l,j-q-x	1
雪花	xuě huā	7463	ua-uo,h-f,j-q-x	1
夸张	kuā zhāng	7464	an-ang,ua-uo,z-zh	1
亚军	yà jūn	7465	j-q-x	1
致辞	zhì cí	7466	z-zh,c-ch	1
果树	guǒ shù	7468	ua-uo,s-sh	1
前方	qián fāng	7470	an-ang,ian-iang,h-f,j-q-x	1
饥饿	jī è	7471	j-q-x	1
口头	kǒu tóu	7472	ao-ou	1
测评	cè píng	7473	in-ing,c-ch	1
购销	gòu xiāo	7476	ao-ou,j-q-x	1
门诊	mén zhěn	7477	en-eng,z-zh	1
终止	zhōng zhǐ	7478	z-zh	1
宝贝	bǎo bèi	7479	ai-ei,ao-ou	1
伪造	wěi zào	7480	ai-ei,ao-ou,z-zh	1
足迹	zú jì	7481	z-zh,j-q-x	1
台风	tái fēng	7482	en-eng,ai-ei,h-f	1
欣喜	xīn xǐ	7483	in-ing,j-q-x	1
巧妙	qiǎo miào	7485	j-q-x	1
曲线	qū xiàn	7487	ian-iang,j-q-x	1
贿赂	huì lù	7488	n-l,h-f,r-l	1
盗窃	dào qiè	7489	ao-ou,ia-ie,j-q-x	1
集合	jí hé	7490	h-f,j-q-x	1
心目	xīn mù	7492	in-ing,j-q-x	1
餐馆	cān guǎn	7493	an-ang,uan-uang,c-ch	1
言语	yán yu	7494	an-ang	1
得益	dé yì	7496		1
不平	bù píng	7498	in-ing	1
敬意	jìng yì	7500	in-ing,j-q-x	1
转为	zhuǎn wéi	7501	uan-uang,ai-ei,z-zh	1
歌剧	gē jù	7502	j-q-x	1
坚守	jiān shǒu	7503	ian-iang,ao-ou,s-sh,j-q-x	1
旺盛	wàng shèng	7504	en-eng,an-ang,s-sh	1
旋律	xuán lǜ	7505	uan-uang,n-l,r-l,j-q-x	1
总长	zǒng zhǎng	7506	an-ang,z-zh	1
分管	fēn guǎn	7509	en-eng,uan-uang,h-f	1
慈善	cí shàn	7510	an-ang,c-ch,s-sh	1
浓郁	nóng yù	7511	n-l	1
做梦	zuò mèng	7512	en-eng,ua-uo,z-zh	1
穷人	qióng rén	7513	en-eng,r-l,j-q-x	1
草根	cǎo gēn	7514	en-eng,ao-ou,c-ch	1
远方	yuǎn fāng	7515	an-ang,uan-uang,h-f	1
揭晓	jiē xiǎo	7517	ia-ie,j-q-x	1
军方	jūn fāng	7518	an-ang,h-f,j-q-x	1
牵头	qiān tóu	7519	ian-iang,ao-ou,j-q-x	1
林区	lín qū	7520	in-ing,n-l,r-l,j-q-x	1
优异	yōu yì	7521	ao-ou	1
取胜	qǔ shèng	7522	en-eng,s-sh,j-q-x	1
着想	zhuó xiǎng	7523	ian-iang,ua-uo,z-zh,j-q-x	1
流水	liú shuǐ	7524	s-sh,n-l,r-l	1
生于	shēng yú	7525	en-eng,s-sh	1
别墅	bié shù	7526	ia-ie,s-sh	1
股权	gǔ quán	7529	uan-uang,j-q-x	1
选票	xuǎn piào	7530	uan-uang,j-q-x	1
歌手	gē shǒu	7532	ao-ou,s-sh	1
完备	wán bèi	7533	an-ang,ai-ei	1
弟子	dì zǐ	7534	z-zh	1
富于	fù yú	7535	h-f	1
光盘	guāng pán	7537	an-ang,uan-uang	1
全线	quán xiàn	7538	ian-iang,uan-uang,j-q-x	1
女婿	nǚ xu	7539	n-l,j-q-x	1
料到	liào dào	7540	ao-ou,n-l,r-l	1
往后	wǎng hòu	7541	an-ang,ao-ou,h-f	1
捍卫	hàn wèi	7542	an-ang,ai-ei,h-f	1
美洲	měi zhōu	7543	ai-ei,ao-ou,z-zh	1
鸟类	niǎo lèi	7544	ai-ei,n-l,r-l	1
任意	rèn yì	7545	en-eng,r-l	1
智能	zhì néng	7546	en-eng,z-zh,n-l	1
丰硕	fēng shuò	7548	en-eng,ua-uo,s-sh,h-f	1
购置	gòu zhì	7550	ao-ou,z-zh	1
业已	yè yǐ	7551		1
迫使	pò shǐ	7553	s-sh	1
用心	yòng xīn	7554	in-ing,j-q-x	1
精简	jīng jiǎn	7557	in-ing,ian-iang,j-q-x	1
胸脯	xiōng pú	7558	j-q-x	1
长度	cháng dù	7559	an-ang,c-ch	1
架子	jià zi	7560	ia-ie,z-zh,j-q-x	1
牛奶	niú nǎi	7561	ai-ei,n-l	1
填补	tián bǔ	7562	ian-iang	1
误解	wù jiě	7563	ia-ie,j-q-x	1
小路	xiǎo lù	7564	n-l,r-l,j-q-x	1
爆料	bào liào	7565	ao-ou,n-l,r-l	1
入侵	rù qīn	7566	in-ing,r-l,j-q-x	1
骆驼	luò tuo	7567	ua-uo,n-l,r-l	1
预料	yù liào	7568	n-l,r-l	1
执业	zhí yè	7569	z-zh	1
利税	lì shuì	7570	s-sh,n-l,r-l	1
直属	zhí shǔ	7571	z-zh,s-sh	1
视角	shì jiǎo	7572	s-sh,j-q-x	1
视觉	shì jué	7574	s-sh,j-q-x	1
奋力	fèn lì	7575	en-eng,n-l,h-f,r-l	1
新颖	xīn yǐng	7576	in-ing,j-q-x	1
轮流	lún liú	7578	n-l,r-l	1
身心	shēn xīn	7580	en-eng,in-ing,s-sh,j-q-x	1
富余	fù yu	7581	h-f	1
海啸	hǎi xiào	7582	ai-ei,h-f,j-q-x	1
商贸	shāng mào	7583	an-ang,ao-ou,s-sh	1
捐助	juān zhù	7584	uan-uang,z-zh,j-q-x	1
嘴角	zuǐ jiǎo	7585	z-zh,j-q-x	1
角逐	jué zhú	7586	z-zh,j-q-x	1
交涉	jiāo shè	7587	s-sh,j-q-x	1
大体	dà tǐ	7588		1
敏锐	mǐn ruì	7589	in-ing,r-l	1
置于	zhì yú	7590	z-zh	1
久久	jiǔ jiǔ	7593	j-q-x	1
掩饰	yǎn shì	7594	an-ang,s-sh	1
冒险	mào xiǎn	7595	ian-iang,ao-ou,j-q-x	1
慌忙	huāng máng	7596	an-ang,uan-uang,h-f	1
妹子	mèi zi	7598	ai-ei,z-zh	1
喜庆	xǐ qìng	7599	in-ing,j-q-x	1
声响	shēng xiǎng	7600	en-eng,ian-iang,s-sh,j-q-x	1
改为	gǎi wéi	7601	ai-ei	1
火焰	huǒ yàn	7602	an-ang,ua-uo,h-f	1
亲眼	qīn yǎn	7605	in-ing,an-ang,j-q-x	1
转晴	zhuǎn qíng	7606	in-ing,uan-uang,z-zh,j-q-x	1
右翼	yòu yì	7607	ao-ou	1
喉咙	hóu lóng	7608	ao-ou,n-l,h-f,r-l	1
如期	rú qī	7609	r-l,j-q-x	1
土匪	tǔ fěi	7610	ai-ei,h-f	1
兼顾	jiān gù	7612	ian-iang,j-q-x	1
器械	qì xiè	7613	ia-ie,j-q-x	1
瞄准	miáo zhǔn	7614	z-zh	1
天生	tiān shēng	7615	en-eng,ian-iang,s-sh	1
东海	dōng hǎi	7617	ai-ei,h-f	1
搜集	sōu jí	7619	ao-ou,s-sh,j-q-x	1
献身	xiàn shēn	7620	en-eng,ian-iang,s-sh,j-q-x	1
专访	zhuān fǎng	7621	an-ang,uan-uang,z-zh,h-f	1
论断	lùn duàn	7622	uan-uang,n-l,r-l	1
堪称	kān chēng	7623	en-eng,an-ang,c-ch	1
荒山	huāng shān	7624	an-ang,uan-uang,s-sh,h-f	1
文体	wén tǐ	7625	en-eng	1
结晶	jié jīng	7626	in-ing,ia-ie,j-q-x	1
细心	xì xīn	7628	in-ing,j-q-x	1
杀害	shā hài	7630	ai-ei,s-sh,h-f	1
苦笑	kǔ xiào	7632	j-q-x	1
老将	lǎo jiàng	7633	ian-iang,ao-ou,n-l,r-l,j-q-x	1
假冒	jiǎ mào	7634	ao-ou,ia-ie,j-q-x	1
上报	shàng bào	7635	an-ang,ao-ou,s-sh	1
卓越	zhuó yuè	7636	ua-uo,z-zh	1
驾驭	jià yù	7637	ia-ie,j-q-x	3
路面	lù miàn	7638	ian-iang,n-l,r-l	1
焦急	jiāo jí	7639	j-q-x	1
引用	yǐn yòng	7641	in-ing	1
收缴	shōu jiǎo	7642	ao-ou,s-sh,j-q-x	1
推销	tuī xiāo	7643	j-q-x	1
出入	chū rù	7644	c-ch,r-l	1
面包	miàn bāo	7646	ian-iang,ao-ou	1
有用	yǒu yòng	7647	ao-ou	1
台商	tái shāng	7650	an-ang,ai-ei,s-sh	1
亲情	qīn qíng	7653	in-ing,j-q-x	1
猛烈	měng liè	7654	en-eng,ia-ie,n-l,r-l	1
缺口	quē kǒu	7655	ao-ou,j-q-x	1
农机	nóng jī	7662	n-l,j-q-x	1
绑架	bǎng jià	7663	an-ang,ia-ie,j-q-x	1
劳力	láo lì	7665	ao-ou,n-l,r-l	1
散步	sàn bù	7666	an-ang,s-sh	1
暑假	shǔ jià	7667	ia-ie,s-sh,j-q-x	1
熟练	shú liàn	7668	ian-iang,s-sh,n-l,r-l	1
致以	zhì yǐ	7669	z-zh	1
忧郁	yōu yù	7671	ao-ou	1
抽烟	chōu yān	7672	an-ang,ao-ou,c-ch	1
情怀	qíng huái	7673	in-ing,h-f,j-q-x	1
烟草	yān cǎo	7674	an-ang,ao-ou,c-ch	1
发作	fā zuò	7675	ua-uo,z-zh,h-f	1
狮子	shī zi	7676	z-zh,s-sh	1
通往	tōng wǎng	7677	an-ang	1
乡长	xiāng cháng	7678	an-ang,ian-iang,c-ch,j-q-x	1
指望	zhǐ wàng	7679	an-ang,z-zh	1
表述	biǎo shù	7680	s-sh	1
销量	xiāo liàng	7683	ian-iang,n-l,r-l,j-q-x	1
本文	běn wén	7684	en-eng	1
甘心	gān xīn	7685	in-ing,an-ang,j-q-x	1
打架	dǎ jià	7687	ia-ie,j-q-x	1
闻名	wén míng	7690	en-eng,in-ing	1
可贵	kě guì	7691		1
失踪	shī zōng	7692	z-zh,s-sh	1
署名	shǔ míng	7693	in-ing,s-sh	1
南亚	nán yà	7694	an-ang,n-l	1
稳健	wěn jiàn	7695	en-eng,ian-iang,j-q-x	1
语音	yǔ yīn	7696	in-ing	1
由衷	yóu zhōng	7697	ao-ou,z-zh	1
北风	běi fēng	7698	en-eng,ai-ei,h-f	1
卫士	wèi shì	7700	ai-ei,s-sh	1
掩盖	yǎn gài	7701	an-ang,ai-ei	1
游览	yóu lǎn	7702	an-ang,ao-ou,n-l,r-l	1
名城	míng chéng	7703	en-eng,in-ing,c-ch	1
蓝图	lán tú	7704	an-ang,n-l,r-l	1
权限	quán xiàn	7705	ian-iang,uan-uang,j-q-x	1
风沙	fēng shā	7708	en-eng,s-sh,h-f	1
滚滚	gǔn gǔn	7711		1
名片	míng piàn	7712	in-ing,ian-iang	1
退市	tuì shì	7713	s-sh	1
生病	shēng bìng	7714	en-eng,in-ing,s-sh	1
头目	tóu mù	7715	ao-ou	1
迟疑	chí yí	7716	c-ch	1
人质	rén zhì	7717	en-eng,z-zh,r-l	1
情人	qíng rén	7718	en-eng,in-ing,r-l,j-q-x	1
剧烈	jù liè	7719	ia-ie,n-l,r-l,j-q-x	1
隐藏	yǐn cáng	7721	in-ing,an-ang,c-ch	1
奈何	nài hé	7722	ai-ei,n-l,h-f	1
过硬	guò yìng	7724	in-ing,ua-uo	1
高声	gāo shēng	7725	en-eng,ao-ou,s-sh	1
集成	jí chéng	7726	en-eng,c-ch,j-q-x	1
树枝	shù zhī	7727	z-zh,s-sh	1
一味	yī wèi	7728	ai-ei	1
次数	cì shù	7729	c-ch,s-sh	1
万物	wàn wù	7731	an-ang	1
老乡	lǎo xiāng	7732	ian-iang,ao-ou,n-l,r-l,j-q-x	1
无辜	wú gū	7733		1
雪白	xuě bái	7735	ai-ei,j-q-x	1
海面	hǎi miàn	7736	ian-iang,ai-ei,h-f	1
压抑	yā yì	7737		1
前年	qián nián	7738	ian-iang,n-l,j-q-x	1
不光	bù guāng	7739	uan-uang	1
好比	hǎo bǐ	7740	ao-ou,h-f	1
期盼	qī pàn	7742	an-ang,j-q-x	1
玩笑	wán xiào	7745	an-ang,j-q-x	1
评定	píng dìng	7746	in-ing	1
不比	bù bǐ	7747		1
热议	rè yì	7748	r-l	1
迹象	jì xiàng	7750	ian-iang,j-q-x	1
肉体	ròu tǐ	7751	ao-ou,r-l	1
保密	bǎo mì	7753	ao-ou	1
纳米	nà mǐ	7754	n-l	1
双拥	shuāng yōng	7755	uan-uang,s-sh	1
瓶颈	píng jǐng	7756	in-ing,j-q-x	1
天子	tiān zǐ	7757	ian-iang,z-zh	1
赤字	chì zì	7758	z-zh,c-ch	1
兴办	xīng bàn	7761	in-ing,an-ang,j-q-x	1
寂静	jì jìng	7762	in-ing,j-q-x	1
拿下	ná xià	7764	ia-ie,n-l,j-q-x	1
潇洒	xiāo sǎ	7765	s-sh,j-q-x	1
渔船	yú chuán	7767	uan-uang,c-ch	1
典范	diǎn fàn	7769	an-ang,ian-iang,h-f	1
全文	quán wén	7771	en-eng,uan-uang,j-q-x	1
受贿	shòu huì	7772	ao-ou,s-sh,h-f	1
汽油	qì yóu	7774	ao-ou,j-q-x	1
宽阔	kuān kuò	7775	uan-uang,ua-uo	1
超标	chāo biāo	7777	ao-ou,c-ch	1
自强	zì qiáng	7778	ian-iang,z-zh,j-q-x	1
衰退	shuāi tuì	7779	s-sh	1
响亮	xiǎng liàng	7781	ian-iang,n-l,r-l,j-q-x	1
湖泊	hú pō	7783	h-f	1
流氓	liú máng	7784	an-ang,n-l,r-l	1
升华	shēng huá	7785	en-eng,ua-uo,s-sh,h-f	1
白宫	bái gōng	7786	ai-ei	1
长足	cháng zú	7787	an-ang,z-zh,c-ch	1
公子	gōng zǐ	7788	z-zh	1
吃苦	chī kǔ	7790	c-ch	1
朴素	pǔ sù	7792	s-sh	1
趋于	qū yú	7793	j-q-x	1
星星	xīng xīng	7794	in-ing,j-q-x	1
亲友	qīn yǒu	7795	in-ing,ao-ou,j-q-x	1
不力	bù lì	7797	n-l,r-l	1
稳妥	wěn tuǒ	7798	en-eng,ua-uo	1
直径	zhí jìng	7800	in-ing,z-zh,j-q-x	1
绳子	shéng zi	7801	en-eng,z-zh,s-sh	1
阐明	chǎn míng	7802	in-ing,an-ang,c-ch	1
监视	jiān shì	7803	ian-iang,s-sh,j-q-x	1
解答	jiě dá	7804	ia-ie,j-q-x	1
手脚	shǒu jiǎo	7805	ao-ou,s-sh,j-q-x	1
巡警	xún jǐng	7806	in-ing,j-q-x	1
船只	chuán zhī	7807	uan-uang,z-zh,c-ch	1
上马	shàng mǎ	7808	an-ang,s-sh	1
债权	zhài quán	7811	uan-uang,ai-ei,z-zh,j-q-x	1
导航	dǎo háng	7813	an-ang,ao-ou,h-f	1
赞美	zàn měi	7814	an-ang,ai-ei,z-zh	1
多层	duō céng	7815	en-eng,ua-uo,c-ch	1
历任	lì rèn	7816	en-eng,n-l,r-l	1
抚摸	fǔ mō	7818	h-f	1
回应	huí yìng	7819	in-ing,h-f	1
欢呼	huān hū	7820	uan-uang,h-f	1
豆腐	dòu fu	7821	ao-ou,h-f	1
山地	shān dì	7822	an-ang,s-sh	1
眼珠	yǎn zhū	7823	an-ang,z-zh	1
银子	yín zi	7824	in-ing,z-zh	1
防洪	fáng hóng	7825	an-ang,h-f	1
效能	xiào néng	7826	en-eng,n-l,j-q-x	1
核实	hé shí	7827	s-sh,h-f	1
大米	dà mǐ	7831		1
特地	tè dì	7838		1
提示	tí shì	7839	s-sh	1
长效	cháng xiào	7840	an-ang,c-ch,j-q-x	1
党派	dǎng pài	7843	an-ang,ai-ei	1
期刊	qī kān	7844	an-ang,j-q-x	1
发觉	fā jué	7845	h-f,j-q-x	1
折腾	zhē teng	7846	en-eng,z-zh	1
水产	shuǐ chǎn	7848	an-ang,c-ch,s-sh	1
习俗	xí sú	7849	s-sh,j-q-x	1
核电	hé diàn	7850	ian-iang,h-f	1
在家	zài jiā	7851	ai-ei,ia-ie,z-zh,j-q-x	1
高涨	gāo zhǎng	7854	an-ang,ao-ou,z-zh	1
暂停	zàn tíng	7856	in-ing,an-ang,z-zh	1
放宽	fàng kuān	7857	an-ang,uan-uang,h-f	1
伟业	wěi yè	7860	ai-ei	1
陈旧	chén jiù	7861	en-eng,c-ch,j-q-x	1
菊花	jú huā	7862	ua-uo,h-f,j-q-x	1
碰撞	pèng zhuàng	7863	en-eng,uan-uang,z-zh	1
退回	tuì huí	7864	h-f	1
种族	zhǒng zú	7865	z-zh	1
看台	kàn tái	7866	an-ang,ai-ei	1
小将	xiǎo jiàng	7867	ian-iang,j-q-x	1
动用	dòng yòng	7868		1
复制	fù zhì	7869	z-zh,h-f	1
情操	qíng cāo	7871	in-ing,ao-ou,c-ch,j-q-x	1
告诫	gào jiè	7873	ao-ou,ia-ie,j-q-x	1
好吃	hǎo chī	7875	ao-ou,c-ch,h-f	1
专栏	zhuān lán	7876	an-ang,uan-uang,z-zh,n-l,r-l	1
药店	yào diàn	7877	ian-iang,ao-ou	1
亲热	qīn rè	7878	in-ing,r-l,j-q-x	1
商会	shāng huì	7879	an-ang,s-sh,h-f	1
华南	huá nán	7880	an-ang,ua-uo,n-l,h-f	1
高手	gāo shǒu	7881	ao-ou,s-sh	1
山川	shān chuān	7882	an-ang,uan-uang,c-ch,s-sh	1
茫茫	máng máng	7884	an-ang	1
看重	kàn zhòng	7885	an-ang,z-zh	1
趋向	qū xiàng	7886	ian-iang,j-q-x	1
黎明	lí míng	7888	in-ing,n-l,r-l	1
便民	biàn mín	7889	in-ing,ian-iang	1
国道	guó dào	7892	ao-ou,ua-uo	1
衙门	yá men	7893	en-eng	1
运送	yùn sòng	7894	s-sh	1
果实	guǒ shí	7895	ua-uo,s-sh	1
理应	lǐ yīng	7896	in-ing,n-l,r-l	1
秋季	qiū jì	7897	j-q-x	1
伟人	wěi rén	7898	en-eng,ai-ei,r-l	1
失联	shī lián	7899	ian-iang,s-sh,n-l,r-l	1
亲手	qīn shǒu	7900	in-ing,ao-ou,s-sh,j-q-x	1
亲爱	qīn ài	7901	in-ing,ai-ei,j-q-x	1
守法	shǒu fǎ	7902	ao-ou,s-sh,h-f	1
富强	fù qiáng	7903	ian-iang,h-f,j-q-x	1
查明	chá míng	7904	in-ing,c-ch	1
注定	zhù dìng	7905	in-ing,z-zh	1
干群	gàn qún	7906	an-ang,j-q-x	1
解读	jiě dú	7907	ia-ie,j-q-x	1
客车	kè chē	7908	c-ch	1
隔壁	gé bì	7909		1
防线	fáng xiàn	7910	an-ang,ian-iang,h-f,j-q-x	1
生殖	shēng zhí	7911	en-eng,z-zh,s-sh	1
悲痛	bēi tòng	7913	ai-ei	1
高明	gāo míng	7916	in-ing,ao-ou	1
寄托	jì tuō	7917	ua-uo,j-q-x	1
气愤	qì fèn	7918	en-eng,h-f,j-q-x	1
热量	rè liàng	7919	ian-iang,n-l,r-l	1
备受	bèi shòu	7922	ai-ei,ao-ou,s-sh	1
好似	hǎo sì	7923	ao-ou,s-sh,h-f	1
轻声	qīng shēng	7924	en-eng,in-ing,s-sh,j-q-x	1
系数	xì shù	7925	s-sh,j-q-x	1
营长	yíng cháng	7926	in-ing,an-ang,c-ch	1
腊月	là yuè	7927	n-l,r-l	1
洋溢	yáng yì	7928	an-ang	1
优越	yōu yuè	7929	ao-ou	1
浪潮	làng cháo	7930	an-ang,ao-ou,c-ch,n-l,r-l	1
周密	zhōu mì	7932	ao-ou,z-zh	1
淹没	yān mò	7933	an-ang	1
电厂	diàn chǎng	7934	an-ang,ian-iang,c-ch	1
下滑	xià huá	7935	ia-ie,ua-uo,h-f,j-q-x	1
恶性	è xìng	7936	in-ing,j-q-x	1
胸怀	xiōng huái	7937	h-f,j-q-x	1
君子	jūn zǐ	7938	z-zh,j-q-x	1
重返	chóng fǎn	7943	an-ang,c-ch,h-f	1
句子	jù zi	7944	z-zh,j-q-x	1
长篇	cháng piān	7945	an-ang,ian-iang,c-ch	1
军用	jūn yòng	7947	j-q-x	1
可观	kě guān	7948	uan-uang	1
四方	sì fāng	7951	an-ang,s-sh,h-f	1
巡视	xún shì	7952	s-sh,j-q-x	1
用工	yòng gōng	7953		1
古怪	gǔ guài	7954		1
大坝	dà bà	7956		1
前边	qián bian	7957	ian-iang,j-q-x	1
跟随	gēn suí	7958	en-eng,s-sh	1
关联	guān lián	7959	ian-iang,uan-uang,n-l,r-l	1
雷达	léi dá	7960	ai-ei,n-l,r-l	1
得失	dé shī	7961	s-sh	1
当真	dàng zhēn	7962	en-eng,an-ang,z-zh	1
绅士	shēn shì	7964	en-eng,s-sh	1
分手	fēn shǒu	7965	en-eng,ao-ou,s-sh,h-f	1
用药	yòng yào	7966	ao-ou	1
库存	kù cún	7968	c-ch	1
肥料	féi liào	7969	ai-ei,n-l,h-f,r-l	1
汲取	jí qǔ	7970	j-q-x	3
反正	fǎn zhèng	7972	en-eng,an-ang,z-zh,h-f	1
附加	fù jiā	7973	ia-ie,h-f,j-q-x	1
采纳	cǎi nà	7974	ai-ei,c-ch,n-l	1
水域	shuǐ yù	7975	s-sh	1
总督	zǒng dū	7976	z-zh	1
何等	hé děng	7978	en-eng,h-f	1
晶体	jīng tǐ	7979	in-ing,j-q-x	1
宣誓	xuān shì	7983	uan-uang,s-sh,j-q-x	1
寻常	xún cháng	7984	an-ang,c-ch,j-q-x	1
谣言	yáo yán	7985	an-ang,ao-ou	1
迷人	mí rén	7986	en-eng,r-l	1
勤劳	qín láo	7987	in-ing,ao-ou,n-l,r-l,j-q-x	1
深沉	shēn chén	7988	en-eng,c-ch,s-sh	1
二战	èr zhàn	7991	an-ang,z-zh	1
逃走	táo zǒu	7992	ao-ou,z-zh	1
怀抱	huái bào	7994	ao-ou,h-f	1
转动	zhuàn dòng	7995	uan-uang,z-zh	1
落地	luò dì	7996	ua-uo,n-l,r-l	1
时装	shí zhuāng	7997	uan-uang,z-zh,s-sh	1
遇难	yù nàn	7999	an-ang,n-l	1
忠于	zhōng yú	8000	z-zh	1
网购	wǎng gòu	8001	an-ang,ao-ou	1
冰箱	bīng xiāng	8004	in-ing,ian-iang,j-q-x	1
神社	shén shè	8005	en-eng,s-sh	1
流程	liú chéng	8006	en-eng,c-ch,n-l,r-l	1
并举	bìng jǔ	8007	in-ing,j-q-x	1
弹性	tán xìng	8009	in-ing,an-ang,j-q-x	1
大洋	dà yáng	8010	an-ang	1
作文	zuò wén	8011	en-eng,ua-uo,z-zh	1
美妙	měi miào	8012	ai-ei	1
踏实	tā shi	8014	s-sh	1
参拜	cān bài	8015	an-ang,ai-ei,c-ch	1
畜牧	xù mù	8016	j-q-x	1
新娘	xīn niáng	8019	in-ing,ian-iang,n-l,j-q-x	1
埋怨	mán yuàn	8020	an-ang,uan-uang	1
神态	shén tài	8021	en-eng,ai-ei,s-sh	1
侮辱	wǔ rǔ	8022	r-l	1
体积	tǐ jī	8023	j-q-x	1
递交	dì jiāo	8024	j-q-x	1
窗子	chuāng zi	8025	uan-uang,z-zh,c-ch	1
顺手	shùn shǒu	8026	ao-ou,s-sh	1
泛滥	fàn làn	8027	an-ang,n-l,h-f,r-l	1
名家	míng jiā	8028	in-ing,ia-ie,j-q-x	1
毅然	yì rán	8029	an-ang,r-l	1
阵阵	zhèn zhèn	8030	en-eng,z-zh	1
担子	dàn zi	8032	an-ang,z-zh	1
鱼类	yú lèi	8034	ai-ei,n-l,r-l	1
样品	yàng pǐn	8035	in-ing,an-ang	1
堵塞	dǔ sè	8036	s-sh	1
发财	fā cái	8038	ai-ei,c-ch,h-f	1
出场	chū chǎng	8039	an-ang,c-ch	1
特务	tè wu	8041		1
相差	xiāng chà	8042	ian-iang,c-ch,j-q-x	1
校区	xiào qū	8043	j-q-x	1
体面	tǐ miàn	8045	ian-iang	1
祖宗	zǔ zong	8046	z-zh	1
滋生	zī shēng	8047	en-eng,z-zh,s-sh	1
招收	zhāo shōu	8048	ao-ou,z-zh,s-sh	1
断定	duàn dìng	8050	in-ing,uan-uang	1
脱贫	tuō pín	8052	in-ing,ua-uo	1
枕头	zhěn tou	8053	en-eng,ao-ou,z-zh	1
裁决	cái jué	8054	ai-ei,c-ch,j-q-x	1
选用	xuǎn yòng	8057	uan-uang,j-q-x	1
演绎	yǎn yì	8058	an-ang	1
弊端	bì duān	8059	uan-uang	1
偿还	cháng huán	8060	an-ang,uan-uang,c-ch,h-f	1
地板	dì bǎn	8061	an-ang	1
翻身	fān shēn	8062	en-eng,an-ang,s-sh,h-f	1
分支	fēn zhī	8063	en-eng,z-zh,h-f	1
面目	miàn mù	8065	ian-iang	1
助手	zhù shǒu	8066	ao-ou,z-zh,s-sh	1
制假	zhì jiǎ	8068	ia-ie,z-zh,j-q-x	1
总得	zǒng děi	8069	ai-ei,z-zh	1
税率	shuì lǜ	8070	s-sh,n-l,r-l	1
点心	diǎn xīn	8072	in-ing,ian-iang,j-q-x	1
出差	chū chāi	8073	ai-ei,c-ch	1
容忍	róng rěn	8074	en-eng,r-l	1
弱点	ruò diǎn	8075	ian-iang,ua-uo,r-l	1
地道	dì dao	8076	ao-ou	1
解散	jiě sàn	8077	an-ang,ia-ie,s-sh,j-q-x	1
月底	yuè dǐ	8078		1
富贵	fù guì	8081	h-f	1
操纵	cāo zòng	8082	ao-ou,z-zh,c-ch	1
后腰	hòu yāo	8083	ao-ou,h-f	1
感冒	gǎn mào	8084	an-ang,ao-ou	1
追问	zhuī wèn	8085	en-eng,z-zh	1
童话	tóng huà	8087	ua-uo,h-f	1
转入	zhuǎn rù	8088	uan-uang,z-zh,r-l	1
端正	duān zhèng	8089	en-eng,uan-uang,z-zh	1
的当	dí dàng	8090	an-ang	1
集训	jí xùn	8091	j-q-x	1
合影	hé yǐng	8093	in-ing,h-f	1
风筝	fēng zheng	8094	en-eng,z-zh,h-f	1
明知	míng zhī	8095	in-ing,z-zh	1
送行	sòng xíng	8096	in-ing,s-sh,j-q-x	1
意图	yì tú	8097		1
毛巾	máo jīn	8098	in-ing,ao-ou,j-q-x	1
体质	tǐ zhì	8099	z-zh	1
晚年	wǎn nián	8100	an-ang,ian-iang,n-l	1
筹资	chóu zī	8101	ao-ou,z-zh,c-ch	1
南海	nán hǎi	8103	an-ang,ai-ei,n-l,h-f	1
表率	biǎo shuài	8104	s-sh	1
误会	wù huì	8106	h-f	1
可行	kě xíng	8107	in-ing,j-q-x	1
乐趣	lè qù	8108	n-l,r-l,j-q-x	1
外婆	wài pó	8109	ai-ei	1
有毒	yǒu dú	8110	ao-ou	1
恰当	qià dàng	8112	an-ang,ia-ie,j-q-x	1
言行	yán xíng	8113	in-ing,an-ang,j-q-x	1
人户	rén hù	8114	en-eng,h-f,r-l	1
反之	fǎn zhī	8115	an-ang,z-zh,h-f	1
心疼	xīn téng	8116	en-eng,in-ing,j-q-x	1
谅解	liàng jiě	8118	ian-iang,ia-ie,n-l,r-l,j-q-x	1
上边	shàng bian	8119	an-ang,ian-iang,s-sh	1
本色	běn sè	8121	en-eng,s-sh	1
公然	gōng rán	8122	an-ang,r-l	1
种田	zhòng tián	8123	ian-iang,z-zh	1
路上	lù shang	8124	an-ang,s-sh,n-l,r-l	1
反射	fǎn shè	8125	an-ang,s-sh,h-f	1
防汛	fáng xùn	8126	an-ang,h-f,j-q-x	1
象棋	xiàng qí	8127	ian-iang,j-q-x	1
认知	rèn zhī	8129	en-eng,z-zh,r-l	1
等到	děng dào	8130	en-eng,ao-ou	1
就职	jiù zhí	8131	z-zh,j-q-x	1
遗体	yí tǐ	8132		1
毁灭	huǐ miè	8133	ia-ie,h-f	1
减弱	jiǎn ruò	8134	ian-iang,ua-uo,r-l,j-q-x	1
文凭	wén píng	8136	en-eng,in-ing	1
协同	xié tóng	8137	ia-ie,j-q-x	1
相遇	xiāng yù	8140	ian-iang,j-q-x	1
抽屉	chōu ti	8143	ao-ou,c-ch	1
涨停	zhǎng tíng	8144	in-ing,an-ang,z-zh	1
裁定	cái dìng	8145	in-ing,ai-ei,c-ch	1
惊醒	jīng xǐng	8146	in-ing,j-q-x	1
汇集	huì jí	8147	h-f,j-q-x	1
相识	xiāng shí	8148	ian-iang,s-sh,j-q-x	1
收紧	shōu jǐn	8149	in-ing,ao-ou,s-sh,j-q-x	1
官僚	guān liáo	8151	uan-uang,n-l,r-l	1
一早	yī zǎo	8152	ao-ou,z-zh	1
订阅	dìng yuè	8154	in-ing	1
哀悼	āi dào	8155	ai-ei,ao-ou	1
出让	chū ràng	8156	an-ang,c-ch,r-l	1
孤儿	gū ér	8157		1
猴子	hóu zi	8158	ao-ou,z-zh,h-f	1
山路	shān lù	8160	an-ang,s-sh,n-l,r-l	1
站长	zhàn cháng	8161	an-ang,z-zh,c-ch	1
山顶	shān dǐng	8163	in-ing,an-ang,s-sh	1
投标	tóu biāo	8164	ao-ou	1
下级	xià jí	8165	ia-ie,j-q-x	1
虚拟	xū nǐ	8167	n-l,j-q-x	1
运气	yùn qi	8168	j-q-x	1
转业	zhuǎn yè	8169	uan-uang,z-zh	1
钻研	zuān yán	8170	an-ang,uan-uang,z-zh	1
相见	xiāng jiàn	8173	ian-iang,j-q-x	1
注资	zhù zī	8174	z-zh	1
见识	jiàn shi	8175	ian-iang,s-sh,j-q-x	1
突击	tū jī	8176	j-q-x	1
上当	shàng dàng	8177	an-ang,s-sh	1
歪曲	wāi qū	8178	ai-ei,j-q-x	1
出击	chū jī	8179	c-ch,j-q-x	1
地段	dì duàn	8180	uan-uang	1
诗词	shī cí	8181	c-ch,s-sh	1
退化	tuì huà	8182	ua-uo,h-f	1
侦察	zhēn chá	8183	en-eng,z-zh,c-ch	1
正经	zhèng jīng	8184	en-eng,in-ing,z-zh,j-q-x	1
宪章	xiàn zhāng	8186	an-ang,ian-iang,z-zh,j-q-x	1
疑心	yí xīn	8187	in-ing,j-q-x	1
防疫	fáng yì	8188	an-ang,h-f	1
交际	jiāo jì	8189	j-q-x	1
出土	chū tǔ	8190	c-ch	1
新房	xīn fáng	8191	in-ing,an-ang,h-f,j-q-x	1
孕育	yùn yù	8192		1
背影	bèi yǐng	8193	in-ing,ai-ei	1
驱动	qū dòng	8194	j-q-x	1
笑脸	xiào liǎn	8195	ian-iang,n-l,r-l,j-q-x	1
促成	cù chéng	8196	en-eng,c-ch	1
无烟	wú yān	8197	an-ang	1
钢材	gāng cái	8198	an-ang,ai-ei,c-ch	1
好听	hǎo tīng	8199	in-ing,ao-ou,h-f	1
双赢	shuāng yíng	8200	in-ing,uan-uang,s-sh	1
理会	lǐ huì	8201	n-l,h-f,r-l	1
不法	bù fǎ	8202	h-f	1
撤出	chè chū	8203	c-ch	1
敬业	jìng yè	8204	in-ing,j-q-x	1
忍耐	rěn nài	8205	en-eng,ai-ei,n-l,r-l	1
西欧	xī ōu	8206	ao-ou,j-q-x	1
下边	xià bian	8207	ian-iang,ia-ie,j-q-x	1
地毯	dì tǎn	8208	an-ang	1
侵蚀	qīn shí	8210	in-ing,s-sh,j-q-x	1
报销	bào xiāo	8212	ao-ou,j-q-x	1
机动	jī dòng	8214	j-q-x	1
吃亏	chī kuī	8215	c-ch	1
运河	yùn hé	8216	h-f	1
涵盖	hán gài	8217	an-ang,ai-ei,h-f	1
后备	hòu bèi	8218	ai-ei,ao-ou,h-f	1
眼皮	yǎn pí	8219	an-ang	1
均匀	jūn yún	8220	j-q-x	1
督办	dū bàn	8221	an-ang	1
大衣	dà yī	8223		1
但愿	dàn yuàn	8224	an-ang,uan-uang	1
深知	shēn zhī	8225	en-eng,z-zh,s-sh	1
时髦	shí máo	8226	ao-ou,s-sh	3
特权	tè quán	8227	uan-uang,j-q-x	1
随手	suí shǒu	8228	ao-ou,s-sh	1
姿势	zī shì	8229	z-zh,s-sh	1
两清	liǎng qīng	8230	in-ing,ian-iang,n-l,r-l,j-q-x	1
党史	dǎng shǐ	8231	an-ang,s-sh	1
发光	fā guāng	8232	uan-uang,h-f	1
阁下	gé xià	8233	ia-ie,j-q-x	1
才华	cái huá	8234	ai-ei,ua-uo,c-ch,h-f	1
花生	huā shēng	8235	en-eng,ua-uo,s-sh,h-f	1
声誉	shēng yù	8236	en-eng,s-sh	1
唯有	wéi yǒu	8237	ai-ei,ao-ou	1
好坏	hǎo huài	8238	ao-ou,h-f	1
物力	wù lì	8239	n-l,r-l	1
造反	zào fǎn	8241	an-ang,ao-ou,z-zh,h-f	1
界定	jiè dìng	8244	in-ing,ia-ie,j-q-x	1
损伤	sǔn shāng	8245	an-ang,s-sh	1
江河	jiāng hé	8246	ian-iang,h-f,j-q-x	1
赶忙	gǎn máng	8247	an-ang	1
红火	hóng huo	8248	ua-uo,h-f	1
茫然	máng rán	8249	an-ang,r-l	1
表扬	biǎo yáng	8250	an-ang	1
沿途	yán tú	8252	an-ang	1
粒子	lì zǐ	8253	z-zh,n-l,r-l	1
裙子	qún zi	8254	z-zh,j-q-x	1
闺女	guī nü	8255	n-l	1
细则	xì zé	8256	z-zh,j-q-x	1
定额	dìng é	8257	in-ing	1
媒介	méi jiè	8258	ai-ei,ia-ie,j-q-x	1
完工	wán gōng	8259	an-ang	1
比喻	bǐ yù	8260		1
大字	dà zì	8261	z-zh	1
公式	gōng shì	8263	s-sh	1
处方	chǔ fāng	8265	an-ang,c-ch,h-f	1
攀登	pān dēng	8268	en-eng,an-ang	1
被捕	bèi bǔ	8269	ai-ei	1
部下	bù xià	8270	ia-ie,j-q-x	1
体重	tǐ zhòng	8272	z-zh	1
沿岸	yán àn	8273	an-ang	1
醒目	xǐng mù	8274	in-ing,j-q-x	1
自立	zì lì	8276	z-zh,n-l,r-l	1
总共	zǒng gòng	8279	z-zh	1
开水	kāi shuǐ	8281	ai-ei,s-sh	1
木头	mù tou	8282	ao-ou	1
水量	shuǐ liàng	8283	ian-iang,s-sh,n-l,r-l	1
文坛	wén tán	8284	en-eng,an-ang	1
佳节	jiā jié	8285	ia-ie,j-q-x	1
连夜	lián yè	8286	ian-iang,n-l,r-l	1
亲近	qīn jìn	8287	in-ing,j-q-x	1
时分	shí fēn	8288	en-eng,s-sh,h-f	1
证照	zhèng zhào	8289	en-eng,ao-ou,z-zh	1
住处	zhù chù	8291	z-zh,c-ch	1
本土	běn tǔ	8292	en-eng	1
路过	lù guò	8294	ua-uo,n-l,r-l	1
情趣	qíng qù	8295	in-ing,j-q-x	1
请教	qǐng jiào	8296	in-ing,j-q-x	1
信封	xìn fēng	8297	en-eng,in-ing,h-f,j-q-x	1
开局	kāi jú	8299	ai-ei,j-q-x	1
专机	zhuān jī	8300	uan-uang,z-zh,j-q-x	1
快捷	kuài jié	8301	ia-ie,j-q-x	1
月球	yuè qiú	8302	j-q-x	1
评比	píng bǐ	8303	in-ing	1
前人	qián rén	8304	en-eng,ian-iang,r-l,j-q-x	1
草坪	cǎo píng	8305	in-ing,ao-ou,c-ch	1
馒头	mán tou	8306	an-ang,ao-ou	1
堕落	duò luò	8308	ua-uo,n-l,r-l	1
滑雪	huá xuě	8311	ua-uo,h-f,j-q-x	1
顺序	shùn xù	8314	s-sh,j-q-x	1
钟头	zhōng tóu	8315	ao-ou,z-zh	1
惊异	jīng yì	8316	in-ing,j-q-x	1
图画	tú huà	8317	ua-uo,h-f	1
行程	xíng chéng	8318	en-eng,in-ing,c-ch,j-q-x	1
杂交	zá jiāo	8319	z-zh,j-q-x	1
娘家	niáng jiā	8321	ian-iang,ia-ie,n-l,j-q-x	1
素养	sù yǎng	8322	an-ang,s-sh	1
指头	zhǐ tou	8323	ao-ou,z-zh	1
餐饮	cān yǐn	8326	in-ing,an-ang,c-ch	1
撤军	chè jūn	8327	c-ch,j-q-x	1
换届	huàn jiè	8329	uan-uang,ia-ie,h-f,j-q-x	1
地貌	dì mào	8330	ao-ou	1
干啥	gàn shá	8332	an-ang,s-sh	1
残留	cán liú	8334	an-ang,c-ch,n-l,r-l	1
进驻	jìn zhù	8336	in-ing,z-zh,j-q-x	1
容纳	róng nà	8337	n-l,r-l	1
作案	zuò àn	8338	an-ang,ua-uo,z-zh	1
降落	jiàng luò	8340	ian-iang,ua-uo,n-l,r-l,j-q-x	1
王朝	wáng cháo	8342	an-ang,ao-ou,c-ch	1
本就	běn jiù	8343	en-eng,j-q-x	1
温和	wēn hé	8344	en-eng,h-f	1
审定	shěn dìng	8345	en-eng,in-ing,s-sh	1
题词	tí cí	8346	c-ch	1
反感	fǎn gǎn	8348	an-ang,h-f	1
空虚	kōng xū	8349	j-q-x	1
礼貌	lǐ mào	8350	ao-ou,n-l,r-l	1
能手	néng shǒu	8351	en-eng,ao-ou,s-sh,n-l	1
冶金	yě jīn	8352	in-ing,j-q-x	1
医治	yī zhì	8353	z-zh	1
遍布	biàn bù	8354	ian-iang	1
树叶	shù yè	8355	s-sh	1
鲜艳	xiān yàn	8357	an-ang,ian-iang,j-q-x	1
字样	zì yàng	8358	an-ang,z-zh	1
定价	dìng jià	8359	in-ing,ia-ie,j-q-x	1
变相	biàn xiàng	8360	ian-iang,j-q-x	1
打发	dǎ fa	8361	h-f	1
金色	jīn sè	8363	in-ing,s-sh,j-q-x	1
冷战	lěng zhàn	8364	en-eng,an-ang,z-zh,n-l,r-l	1
请客	qǐng kè	8365	in-ing,j-q-x	1
狭窄	xiá zhǎi	8366	ai-ei,ia-ie,z-zh,j-q-x	1
出卖	chū mài	8367	ai-ei,c-ch	1
发热	fā rè	8368	h-f,r-l	1
航行	háng xíng	8369	in-ing,an-ang,h-f,j-q-x	1
稍微	shāo wēi	8370	ai-ei,ao-ou,s-sh	1
统领	tǒng lǐng	8371	in-ing,n-l,r-l	1
伺候	cì hou	8373	ao-ou,c-ch,h-f	1
直播	zhí bō	8375	z-zh	1
少量	shǎo liàng	8376	ian-iang,ao-ou,s-sh,n-l,r-l	1
干燥	gān zào	8377	an-ang,ao-ou,z-zh	1
城堡	chéng bǎo	8378	en-eng,ao-ou,c-ch	1
光景	guāng jǐng	8379	in-ing,uan-uang,j-q-x	1
并存	bìng cún	8380	in-ing,c-ch	1
功课	gōng kè	8382		1
正视	zhèng shì	8383	en-eng,z-zh,s-sh	1
黑夜	hēi yè	8384	ai-ei,h-f	1
路口	lù kǒu	8385	ao-ou,n-l,r-l	1
搭建	dā jiàn	8386	ian-iang,j-q-x	1
兵士	bīng shì	8387	in-ing,s-sh	1
脱困	tuō kùn	8388	ua-uo	1
蓄水	xù shuǐ	8390	s-sh,j-q-x	1
选派	xuǎn pài	8391	uan-uang,ai-ei,j-q-x	1
入选	rù xuǎn	8392	uan-uang,r-l,j-q-x	1
报警	bào jǐng	8393	in-ing,ao-ou,j-q-x	1
教导	jiào dǎo	8394	ao-ou,j-q-x	1
嘲笑	cháo xiào	8395	ao-ou,c-ch,j-q-x	1
如实	rú shí	8397	s-sh,r-l	1
诈骗	zhà piàn	8399	ian-iang,z-zh	1
精华	jīng huá	8400	in-ing,ua-uo,h-f,j-q-x	1
老是	lǎo shì	8401	ao-ou,s-sh,n-l,r-l	1
青山	qīng shān	8402	in-ing,an-ang,s-sh,j-q-x	1
过剩	guò shèng	8405	en-eng,ua-uo,s-sh	1
听证	tīng zhèng	8406	en-eng,in-ing,z-zh	1
终生	zhōng shēng	8409	en-eng,z-zh,s-sh	1
登陆	dēng lù	8410	en-eng,n-l,r-l	1
攻克	gōng kè	8411		1
宽敞	kuān chang	8412	an-ang,uan-uang,c-ch	1
没用	méi yòng	8413	ai-ei	1
青睐	qīng lài	8414	in-ing,ai-ei,n-l,r-l,j-q-x	1
满怀	mǎn huái	8415	an-ang,h-f	1
妥协	tuǒ xié	8416	ia-ie,ua-uo,j-q-x	1
微观	wēi guān	8417	uan-uang,ai-ei	1
镇长	zhèn cháng	8418	en-eng,an-ang,z-zh,c-ch	1
里头	lǐ tou	8419	ao-ou,n-l,r-l	1
并重	bìng zhòng	8420	in-ing,z-zh	1
筹措	chóu cuò	8421	ao-ou,ua-uo,c-ch	1
防火	fáng huǒ	8422	an-ang,ua-uo,h-f	1
神州	shén zhōu	8423	en-eng,ao-ou,z-zh,s-sh	1
方言	fāng yán	8424	an-ang,h-f	1
填写	tián xiě	8426	ian-iang,ia-ie,j-q-x	1
老兵	lǎo bīng	8427	in-ing,ao-ou,n-l,r-l	1
笔记	bǐ jì	8429	j-q-x	1
礼仪	lǐ yí	8430	n-l,r-l	1
桃花	táo huā	8431	ao-ou,ua-uo,h-f	1
梆子	bāng zi	8432	an-ang,z-zh	1
新区	xīn qū	8433	in-ing,j-q-x	1
导游	dǎo yóu	8434	ao-ou	1
庆典	qìng diǎn	8435	in-ing,ian-iang,j-q-x	1
信托	xìn tuō	8436	in-ing,ua-uo,j-q-x	1
顾虑	gù lǜ	8437	n-l,r-l	1
山头	shān tóu	8438	an-ang,ao-ou,s-sh	1
失利	shī lì	8439	s-sh,n-l,r-l	1
下山	xià shān	8440	an-ang,ia-ie,s-sh,j-q-x	1
饺子	jiǎo zi	8441	z-zh,j-q-x	1
可望	kě wàng	8442	an-ang	1
扎根	zhā gēn	8443	en-eng,z-zh	1
参照	cān zhào	8444	an-ang,ao-ou,z-zh,c-ch	1
诗意	shī yì	8445	s-sh	1
学业	xué yè	8447	j-q-x	1
恍惚	huǎng hū	8448	uan-uang,h-f	3
何不	hé bù	8449	h-f	1
任免	rèn miǎn	8450	en-eng,ian-iang,r-l	1
故居	gù jū	8451	j-q-x	1
改建	gǎi jiàn	8452	ian-iang,ai-ei,j-q-x	1
放映	fàng yìng	8453	in-ing,an-ang,h-f	1
确切	què qiè	8454	ia-ie,j-q-x	1
行事	xíng shì	8455	in-ing,s-sh,j-q-x	1
不乏	bù fá	8456	h-f	1
领略	lǐng lüè	8458	in-ing,n-l,r-l	1
剖析	pōu xī	8459	ao-ou,j-q-x	1
同伴	tóng bàn	8460	an-ang	1
除去	chú qù	8461	c-ch,j-q-x	1
星子	xīng zi	8465	in-ing,z-zh,j-q-x	1
话筒	huà tǒng	8467	ua-uo,h-f	1
健儿	jiàn ér	8469	ian-iang,j-q-x	1
议事	yì shì	8471	s-sh	1
倒霉	dǎo méi	8473	ai-ei,ao-ou	1
看似	kàn sì	8474	an-ang,s-sh	1
名额	míng é	8475	in-ing	1
红娘	hóng niáng	8477	ian-iang,n-l,h-f	1
测算	cè suàn	8478	uan-uang,c-ch,s-sh	1
巡回	xún huí	8479	h-f,j-q-x	1
林地	lín dì	8480	in-ing,n-l,r-l	1
乐器	yuè qì	8481	j-q-x	1
版本	bǎn běn	8482	en-eng,an-ang	1
大雪	dà xuě	8483	j-q-x	1
鼓吹	gǔ chuī	8484	c-ch	1
花朵	huā duǒ	8485	ua-uo,h-f	1
挥手	huī shǒu	8486	ao-ou,s-sh,h-f	1
精致	jīng zhì	8487	in-ing,z-zh,j-q-x	1
宽松	kuān sōng	8488	uan-uang,s-sh	1
有如	yǒu rú	8489	ao-ou,r-l	1
风云	fēng yún	8490	en-eng,h-f	1
要不	yào bù	8491	ao-ou	1
在意	zài yì	8492	ai-ei,z-zh	1
保全	bǎo quán	8493	uan-uang,ao-ou,j-q-x	1
歌颂	gē sòng	8495	s-sh	1
迁移	qiān yí	8496	ian-iang,j-q-x	1
日程	rì chéng	8497	en-eng,c-ch,r-l	1
朴实	pǔ shí	8498	s-sh	1
首期	shǒu qī	8499	ao-ou,s-sh,j-q-x	1
书包	shū bāo	8502	ao-ou,s-sh	1
诉说	sù shuō	8503	ua-uo,s-sh	1
景色	jǐng sè	8505	in-ing,s-sh,j-q-x	1
仆人	pú rén	8507	en-eng,r-l	1
胖子	pàng zi	8508	an-ang,z-zh	1
学风	xué fēng	8510	en-eng,h-f,j-q-x	1
钞票	chāo piào	8511	ao-ou,c-ch	1
饭碗	fàn wǎn	8512	an-ang,h-f	1
修正	xiū zhèng	8513	en-eng,z-zh,j-q-x	1
猜想	cāi xiǎng	8514	ian-iang,ai-ei,c-ch,j-q-x	1
性情	xìng qíng	8515	in-ing,j-q-x	1
也罢	yě bà	8516		1
驻扎	zhù zhā	8517	z-zh	1
境地	jìng dì	8518	in-ing,j-q-x	1
宽容	kuān róng	8519	uan-uang,r-l	1
连年	lián nián	8520	ian-iang,n-l,r-l	1
泡沫	pào mò	8521	ao-ou	1
秀美	xiù měi	8523	ai-ei,j-q-x	1
有偿	yǒu cháng	8524	an-ang,ao-ou,c-ch	1
念书	niàn shū	8525	ian-iang,s-sh,n-l	1
哎呀	āi yā	8526	ai-ei	1
崇尚	chóng shàng	8527	an-ang,c-ch,s-sh	1
归纳	guī nà	8528	n-l	1
过错	guò cuò	8529	ua-uo,c-ch	1
检讨	jiǎn tǎo	8530	ian-iang,ao-ou,j-q-x	1
招牌	zhāo pai	8532	ai-ei,ao-ou,z-zh	1
密码	mì mǎ	8533		1
期货	qī huò	8534	ua-uo,h-f,j-q-x	1
人道	rén dào	8535	en-eng,ao-ou,r-l	1
简陋	jiǎn lòu	8536	ian-iang,ao-ou,n-l,r-l,j-q-x	1
厌恶	yàn wù	8537	an-ang	1
祖母	zǔ mǔ	8538	z-zh	1
射线	shè xiàn	8539	ian-iang,s-sh,j-q-x	1
摘编	zhāi biān	8540	ian-iang,ai-ei,z-zh	1
扣篮	kòu lán	8541	an-ang,ao-ou,n-l,r-l	1
预案	yù àn	8542	an-ang	1
沙化	shā huà	8544	ua-uo,s-sh,h-f	1
谱写	pǔ xiě	8545	ia-ie,j-q-x	1
核准	hé zhǔn	8546	z-zh,h-f	1
标本	biāo běn	8547	en-eng	1
劳工	láo gōng	8548	ao-ou,n-l,r-l	1
指点	zhǐ diǎn	8550	ian-iang,z-zh	1
责备	zé bèi	8551	ai-ei,z-zh	1
旁人	páng rén	8552	en-eng,an-ang,r-l	1
敦促	dūn cù	8553	c-ch	1
票价	piào jià	8555	ia-ie,j-q-x	1
穿越	chuān yuè	8556	uan-uang,c-ch	1
敌对	dí duì	8557		1
上场	shàng chǎng	8558	an-ang,c-ch,s-sh	1
奔赴	bēn fù	8559	en-eng,h-f	1
捕捉	bǔ zhuō	8560	ua-uo,z-zh	1
录用	lù yòng	8561	n-l,r-l	1
手工	shǒu gōng	8562	ao-ou,s-sh	1
急切	jí qiè	8563	ia-ie,j-q-x	1
促销	cù xiāo	8564	c-ch,j-q-x	1
业态	yè tài	8565	ai-ei	1
立项	lì xiàng	8566	ian-iang,n-l,r-l,j-q-x	1
构想	gòu xiǎng	8567	ian-iang,ao-ou,j-q-x	1
海滨	hǎi bīn	8568	in-ing,ai-ei,h-f	1
步行	bù xíng	8569	in-ing,j-q-x	1
丰厚	fēng hòu	8571	en-eng,ao-ou,h-f	1
赞叹	zàn tàn	8573	an-ang,z-zh	1
儒家	rú jiā	8575	ia-ie,r-l,j-q-x	1
伤口	shāng kǒu	8576	an-ang,ao-ou,s-sh	1
在职	zài zhí	8579	ai-ei,z-zh	1
礼品	lǐ pǐn	8580	in-ing,n-l,r-l	1
喜剧	xǐ jù	8583	j-q-x	1
足额	zú é	8584	z-zh	1
体检	tǐ jiǎn	8586	ian-iang,j-q-x	1
征用	zhēng yòng	8587	en-eng,z-zh	1
奖章	jiǎng zhāng	8588	an-ang,ian-iang,z-zh,j-q-x	1
学子	xué zǐ	8589	z-zh,j-q-x	1
质疑	zhì yí	8590	z-zh	1
乘车	chéng chē	8591	en-eng,c-ch	1
参军	cān jūn	8596	an-ang,c-ch,j-q-x	1
沉浸	chén jìn	8597	en-eng,in-ing,c-ch,j-q-x	1
额头	é tóu	8599	ao-ou	1
流量	liú liàng	8601	ian-iang,n-l,r-l	1
乐团	yuè tuán	8603	uan-uang	1
蛋白	dàn bái	8604	an-ang,ai-ei	1
回族	huí zú	8606	z-zh,h-f	1
马车	mǎ chē	8607	c-ch	1
柔软	róu ruǎn	8608	uan-uang,ao-ou,r-l	1
诚挚	chéng zhì	8609	en-eng,z-zh,c-ch	1
艺人	yì rén	8612	en-eng,r-l	1
战事	zhàn shì	8613	an-ang,z-zh,s-sh	1
总和	zǒng hé	8614	z-zh,h-f	1
传染	chuán rǎn	8615	an-ang,uan-uang,c-ch,r-l	1
反省	fǎn xǐng	8616	in-ing,an-ang,h-f,j-q-x	1
欢快	huān kuài	8617	uan-uang,h-f	1
起飞	qǐ fēi	8618	ai-ei,h-f,j-q-x	1
有理	yǒu lǐ	8620	ao-ou,n-l,r-l	1
回落	huí luò	8621	ua-uo,n-l,h-f,r-l	1
排污	pái wū	8623	ai-ei	1
惩处	chéng chǔ	8624	en-eng,c-ch	1
寒风	hán fēng	8625	en-eng,an-ang,h-f	1
极限	jí xiàn	8626	ian-iang,j-q-x	1
腐朽	fǔ xiǔ	8628	h-f,j-q-x	1
实业	shí yè	8631	s-sh	1
泰山	tài shān	8632	an-ang,ai-ei,s-sh	1
早点	zǎo diǎn	8633	ian-iang,ao-ou,z-zh	1
菩萨	pú sà	8636	s-sh	1
省城	shěng chéng	8637	en-eng,c-ch,s-sh	1
思念	sī niàn	8638	ian-iang,s-sh,n-l	1
减负	jiǎn fù	8639	ian-iang,h-f,j-q-x	1
中雨	zhōng yǔ	8640	z-zh	1
告辞	gào cí	8641	ao-ou,c-ch	1
把关	bǎ guān	8642	uan-uang	1
制药	zhì yào	8644	ao-ou,z-zh	1
工伤	gōng shāng	8645	an-ang,s-sh	1
猜测	cāi cè	8646	ai-ei,c-ch	1
鲜活	xiān huó	8648	ian-iang,ua-uo,h-f,j-q-x	1
乐意	lè yì	8649	n-l,r-l	1
下水	xià shuǐ	8651	ia-ie,s-sh,j-q-x	1
演说	yǎn shuō	8652	an-ang,ua-uo,s-sh	1
繁忙	fán máng	8653	an-ang,h-f	1
历代	lì dài	8654	ai-ei,n-l,r-l	1
指令	zhǐ lìng	8655	in-ing,z-zh,n-l,r-l	1
疑似	yí sì	8656	s-sh	1
治本	zhì běn	8657	en-eng,z-zh	1
禁令	jìn lìng	8658	in-ing,n-l,r-l,j-q-x	1
轮船	lún chuán	8659	uan-uang,c-ch,n-l,r-l	1
其后	qí hòu	8660	ao-ou,h-f,j-q-x	1
木板	mù bǎn	8663	an-ang	1
吸毒	xī dú	8664	j-q-x	1
哭泣	kū qì	8666	j-q-x	1
印发	yìn fā	8667	in-ing,h-f	1
壁垒	bì lěi	8668	ai-ei,n-l,r-l	1
信箱	xìn xiāng	8669	in-ing,ian-iang,j-q-x	1
秀才	xiù cai	8670	ai-ei,c-ch,j-q-x	1
阳台	yáng tái	8673	an-ang,ai-ei	1
在手	zài shǒu	8675	ai-ei,ao-ou,z-zh,s-sh	1
餐桌	cān zhuō	8676	an-ang,ua-uo,z-zh,c-ch	1
地狱	dì yù	8677		1
威力	wēi lì	8678	ai-ei,n-l,r-l	1
无私	wú sī	8679	s-sh	1
平面	píng miàn	8683	in-ing,ian-iang	1
焕发	huàn fā	8685	uan-uang,h-f	1
交付	jiāo fù	8686	h-f,j-q-x	1
上缴	shàng jiǎo	8687	an-ang,s-sh,j-q-x	1
杯子	bēi zi	8690	ai-ei,z-zh	1
不快	bù kuài	8691		1
难堪	nán kān	8692	an-ang,n-l	1
售价	shòu jià	8693	ao-ou,ia-ie,s-sh,j-q-x	1
仇恨	chóu hèn	8694	en-eng,ao-ou,c-ch,h-f	1
回想	huí xiǎng	8696	ian-iang,h-f,j-q-x	1
热血	rè xuè	8698	r-l,j-q-x	1
史料	shǐ liào	8699	s-sh,n-l,r-l	1
大奖	dà jiǎng	8700	ian-iang,j-q-x	1
地委	dì wěi	8702	ai-ei	1
腐蚀	fǔ shí	8703	s-sh,h-f	1
统统	tǒng tǒng	8705		1
侦破	zhēn pò	8706	en-eng,z-zh	1
动情	dòng qíng	8707	in-ing,j-q-x	1
预先	yù xiān	8708	ian-iang,j-q-x	1
风电	fēng diàn	8709	en-eng,ian-iang,h-f	1
壮观	zhuàng guān	8710	uan-uang,z-zh	1
鼓掌	gǔ zhǎng	8711	an-ang,z-zh	1
宣称	xuān chēng	8712	en-eng,uan-uang,c-ch,j-q-x	1
宣扬	xuān yáng	8713	an-ang,uan-uang,j-q-x	1
相等	xiāng děng	8715	en-eng,ian-iang,j-q-x	1
路段	lù duàn	8716	uan-uang,n-l,r-l	1
风尚	fēng shàng	8717	en-eng,an-ang,s-sh,h-f	1
隐隐	yǐn yǐn	8718	in-ing	1
撤离	chè lí	8719	c-ch,n-l,r-l	1
陈述	chén shù	8720	en-eng,c-ch,s-sh	1
奉命	fèng mìng	8721	en-eng,in-ing,h-f	1
用以	yòng yǐ	8722		1
专人	zhuān rén	8723	en-eng,uan-uang,z-zh,r-l	1
通红	tōng hóng	8725	h-f	1
便道	biàn dào	8726	ian-iang,ao-ou	1
躲避	duǒ bì	8729	ua-uo	1
犯人	fàn rén	8730	en-eng,an-ang,h-f,r-l	1
讲课	jiǎng kè	8731	ian-iang,j-q-x	1
绝杀	jué shā	8733	s-sh,j-q-x	1
收官	shōu guān	8734	uan-uang,ao-ou,s-sh	1
早饭	zǎo fàn	8737	an-ang,ao-ou,z-zh,h-f	1
抵押	dǐ yā	8738		1
地头	dì tóu	8739	ao-ou	1
姊妹	zǐ mèi	8744	ai-ei,z-zh	1
半数	bàn shù	8745	an-ang,s-sh	1
隐瞒	yǐn mán	8747	in-ing,an-ang	1
制服	zhì fú	8748	z-zh,h-f	1
配额	pèi é	8749	ai-ei	1
假期	jià qī	8753	ia-ie,j-q-x	1
上街	shàng jiē	8754	an-ang,ia-ie,s-sh,j-q-x	1
阻力	zǔ lì	8755	z-zh,n-l,r-l	1
出头	chū tóu	8756	ao-ou,c-ch	1
得力	dé lì	8757	n-l,r-l	1
停车	tíng chē	8759	in-ing,c-ch	1
资质	zī zhì	8763	z-zh	1
腾飞	téng fēi	8764	en-eng,ai-ei,h-f	1
坏事	huài shì	8765	s-sh,h-f	1
顽固	wán gù	8767	an-ang	1
严惩	yán chéng	8768	en-eng,an-ang,c-ch	1
教书	jiāo shū	8770	s-sh,j-q-x	1
轻视	qīng shì	8771	in-ing,s-sh,j-q-x	1
网友	wǎng yǒu	8773	an-ang,ao-ou	1
变形	biàn xíng	8775	in-ing,ian-iang,j-q-x	1
标兵	biāo bīng	8776	in-ing	1
宁可	nìng kě	8778	in-ing,n-l	1
草场	cǎo chǎng	8780	an-ang,ao-ou,c-ch	1
萝卜	luó bo	8781	ua-uo,n-l,r-l	1
停顿	tíng dùn	8783	in-ing	1
野外	yě wài	8784	ai-ei	1
单调	dān diào	8785	an-ang	1
年终	nián zhōng	8786	ian-iang,z-zh,n-l	1
首次	shǒu cì	8787	ao-ou,c-ch,s-sh	1
功臣	gōng chén	8789	en-eng,c-ch	1
流浪	liú làng	8790	an-ang,n-l,r-l	1
相近	xiāng jìn	8791	in-ing,ian-iang,j-q-x	1
大同	dà tóng	8792		1
进出	jìn chū	8793	in-ing,c-ch,j-q-x	1
询价	xún jià	8795	ia-ie,j-q-x	1
拯救	zhěng jiù	8796	en-eng,z-zh,j-q-x	1
反击	fǎn jī	8798	an-ang,h-f,j-q-x	1
筛选	shāi xuǎn	8799	uan-uang,ai-ei,s-sh,j-q-x	1
未有	wèi yǒu	8800	ai-ei,ao-ou	1
编织	biān zhī	8802	ian-iang,z-zh	1
回首	huí shǒu	8804	ao-ou,s-sh,h-f	1
笔墨	bǐ mò	8805		1
即日	jí rì	8806	r-l,j-q-x	1
监理	jiān lǐ	8809	ian-iang,n-l,r-l,j-q-x	1
停产	tíng chǎn	8811	in-ing,an-ang,c-ch	1
轰动	hōng dòng	8812	h-f	1
连声	lián shēng	8813	en-eng,ian-iang,s-sh,n-l,r-l	1
篇章	piān zhāng	8814	an-ang,ian-iang,z-zh	1
亲王	qīn wáng	8815	in-ing,an-ang,j-q-x	1
理事	lǐ shì	8816	s-sh,n-l,r-l	1
巴掌	bā zhang	8817	an-ang,z-zh	1
低温	dī wēn	8819	en-eng	1
欺诈	qī zhà	8820	z-zh,j-q-x	1
下楼	xià lóu	8821	ao-ou,ia-ie,n-l,r-l,j-q-x	1
含糊	hán hu	8822	an-ang,h-f	1
钦佩	qīn pèi	8824	in-ing,ai-ei,j-q-x	1
未尝	wèi cháng	8825	an-ang,ai-ei,c-ch	1
难看	nán kàn	8827	an-ang,n-l	1
跳动	tiào dòng	8828		1
如意	rú yì	8830	r-l	1
生平	shēng píng	8831	en-eng,in-ing,s-sh	1
注射	zhù shè	8832	z-zh,s-sh	1
科协	kē xié	8834	ia-ie,j-q-x	1
序列	xù liè	8835	ia-ie,n-l,r-l,j-q-x	1
别处	bié chù	8836	ia-ie,c-ch	1
名著	míng zhù	8839	in-ing,z-zh	1
沉着	chén zhuó	8840	en-eng,ua-uo,z-zh,c-ch	1
公公	gōng gong	8841		1
少见	shǎo jiàn	8842	ian-iang,ao-ou,s-sh,j-q-x	1
无知	wú zhī	8844	z-zh	1
保管	bǎo guǎn	8845	uan-uang,ao-ou	1
胆子	dǎn zi	8846	an-ang,z-zh	1
上书	shàng shū	8849	an-ang,s-sh	1
下放	xià fàng	8850	an-ang,ia-ie,h-f,j-q-x	1
述职	shù zhí	8851	z-zh,s-sh	1
城门	chéng mén	8853	en-eng,c-ch	1
航运	háng yùn	8854	an-ang,h-f	1
在学	zài xué	8855	ai-ei,z-zh,j-q-x	1
重心	zhòng xīn	8856	in-ing,z-zh,j-q-x	1
精细	jīng xì	8857	in-ing,j-q-x	1
自学	zì xué	8858	z-zh,j-q-x	1
担当	dān dāng	8859	an-ang	1
民歌	mín gē	8860	in-ing	1
迎面	yíng miàn	8861	in-ing,ian-iang	1
大意	dà yi	8862		1
加盟	jiā méng	8864	en-eng,ia-ie,j-q-x	1
词汇	cí huì	8865	c-ch,h-f	1
古国	gǔ guó	8866	ua-uo	1
录像	lù xiàng	8867	ian-iang,n-l,r-l,j-q-x	1
天色	tiān sè	8868	ian-iang,s-sh	1
新近	xīn jìn	8869	in-ing,j-q-x	1
所致	suǒ zhì	8870	ua-uo,z-zh,s-sh	1
以求	yǐ qiú	8871	j-q-x	1
奖牌	jiǎng pái	8873	ian-iang,ai-ei,j-q-x	1
退役	tuì yì	8874		1
度假	dù jià	8876	ia-ie,j-q-x	1
拘留	jū liú	8877	n-l,r-l,j-q-x	1
中西	zhōng xī	8878	z-zh,j-q-x	1
俘虏	fú lǔ	8879	n-l,h-f,r-l	1
陈列	chén liè	8880	en-eng,ia-ie,c-ch,n-l,r-l	1
当兵	dāng bīng	8882	in-ing,an-ang	1
时下	shí xià	8883	ia-ie,s-sh,j-q-x	1
疑虑	yí lǜ	8884	n-l,r-l	1
新风	xīn fēng	8885	en-eng,in-ing,h-f,j-q-x	1
杯赛	bēi sài	8886	ai-ei,s-sh	1
辫子	biàn zi	8889	ian-iang,z-zh	1
对称	duì chèn	8890	en-eng,c-ch	1
脑海	nǎo hǎi	8891	ai-ei,ao-ou,n-l,h-f	1
盛大	shèng dà	8893	en-eng,s-sh	1
创汇	chuàng huì	8895	uan-uang,c-ch,h-f	1
叮嘱	dīng zhǔ	8896	in-ing,z-zh	1
非要	fēi yào	8897	ai-ei,ao-ou,h-f	1
解脱	jiě tuō	8898	ia-ie,ua-uo,j-q-x	1
灵感	líng gǎn	8899	in-ing,an-ang,n-l,r-l	1
强硬	qiáng yìng	8900	in-ing,ian-iang,j-q-x	1
深思	shēn sī	8901	en-eng,s-sh	1
整洁	zhěng jié	8902	en-eng,ia-ie,z-zh,j-q-x	1
恪守	kè shǒu	8903	ao-ou,s-sh	3
出事	chū shì	8904	c-ch,s-sh	1
固有	gù yǒu	8905	ao-ou	1
置身	zhì shēn	8907	en-eng,z-zh,s-sh	1
电梯	diàn tī	8908	ian-iang	1
辜负	gū fù	8909	h-f	1
战绩	zhàn jì	8911	an-ang,z-zh,j-q-x	1
出钱	chū qián	8912	ian-iang,c-ch,j-q-x	1
蚂蚁	mǎ yǐ	8914		1
洽谈	qià tán	8915	an-ang,ia-ie,j-q-x	1
闲话	xián huà	8916	ian-iang,ua-uo,h-f,j-q-x	1
响声	xiǎng shēng	8917	en-eng,ian-iang,s-sh,j-q-x	1
选定	xuǎn dìng	8918	in-ing,uan-uang,j-q-x	1
余地	yú dì	8919		1
京师	jīng shī	8921	in-ing,s-sh,j-q-x	1
白白	bái bái	8922	ai-ei	1
出具	chū jù	8923	c-ch,j-q-x	1
焦虑	jiāo lǜ	8926	n-l,r-l,j-q-x	1
损坏	sǔn huài	8927	s-sh,h-f	1
报考	bào kǎo	8928	ao-ou	1
疙瘩	gē da	8930		1
身高	shēn gāo	8932	en-eng,ao-ou,s-sh	1
施肥	shī féi	8933	ai-ei,s-sh,h-f	1
夕阳	xī yáng	8934	an-ang,j-q-x	1
皱纹	zhòu wén	8935	en-eng,ao-ou,z-zh	1
常驻	cháng zhù	8936	an-ang,z-zh,c-ch	1
版权	bǎn quán	8937	an-ang,uan-uang,j-q-x	1
单元	dān yuán	8938	an-ang,uan-uang	1
阴阳	yīn yáng	8940	in-ing,an-ang	1
在外	zài wài	8941	ai-ei,z-zh	1
瞩目	zhǔ mù	8942	z-zh	1
筹建	chóu jiàn	8943	ian-iang,ao-ou,c-ch,j-q-x	1
粗糙	cū cāo	8944	ao-ou,c-ch	1
呻吟	shēn yín	8945	en-eng,in-ing,s-sh	1
洋人	yáng rén	8946	en-eng,an-ang,r-l	1
悲惨	bēi cǎn	8947	an-ang,ai-ei,c-ch	1
大计	dà jì	8948	j-q-x	1
多余	duō yú	8949	ua-uo	1
可疑	kě yí	8951		1
凄凉	qī liáng	8952	ian-iang,n-l,r-l,j-q-x	1
生怕	shēng pà	8953	en-eng,s-sh	1
目睹	mù dǔ	8958		1
曲艺	qǔ yì	8959	j-q-x	1
见证	jiàn zhèng	8962	en-eng,ian-iang,z-zh,j-q-x	1
排球	pái qiú	8963	ai-ei,j-q-x	1
特长	tè cháng	8964	an-ang,c-ch	1
出征	chū zhēng	8966	en-eng,z-zh,c-ch	1
灯火	dēng huǒ	8967	en-eng,ua-uo,h-f	1
锅炉	guō lú	8968	ua-uo,n-l,r-l	1
洁净	jié jìng	8969	in-ing,ia-ie,j-q-x	1
闪闪	shǎn shǎn	8970	an-ang,s-sh	1
氧气	yǎng qì	8971	an-ang,j-q-x	1
链接	liàn jiē	8972	ian-iang,ia-ie,n-l,r-l,j-q-x	1
慷慨	kāng kǎi	8974	an-ang,ai-ei	1
莫非	mò fēi	8975	ai-ei,h-f	1
伤员	shāng yuán	8976	an-ang,uan-uang,s-sh	1
验证	yàn zhèng	8977	en-eng,an-ang,z-zh	1
远大	yuǎn dà	8979	uan-uang	1
计较	jì jiào	8980	j-q-x	1
左边	zuǒ bian	8981	ian-iang,ua-uo,z-zh	1
稽查	jī chá	8982	c-ch,j-q-x	1
侨胞	qiáo bāo	8984	ao-ou,j-q-x	1
后方	hòu fāng	8986	an-ang,ao-ou,h-f	1
凭证	píng zhèng	8987	en-eng,in-ing,z-zh	1
忧患	yōu huàn	8988	uan-uang,ao-ou,h-f	1
早年	zǎo nián	8989	ian-iang,ao-ou,z-zh,n-l	1
阻挡	zǔ dǎng	8991	an-ang,z-zh	1
丢失	diū shī	8992	s-sh	1
极度	jí dù	8993	j-q-x	1
摩擦	mó cā	8994	c-ch	1
悄然	qiǎo rán	8995	an-ang,r-l,j-q-x	1
围墙	wéi qiáng	8996	ian-iang,ai-ei,j-q-x	1
葫芦	hú lu	8997	n-l,h-f,r-l	1
盛行	shèng xíng	8999	en-eng,in-ing,s-sh,j-q-x	1
实话	shí huà	9000	ua-uo,s-sh,h-f	1
振动	zhèn dòng	9002	en-eng,z-zh	1
查找	chá zhǎo	9004	ao-ou,z-zh,c-ch	1
冰川	bīng chuān	9005	in-ing,uan-uang,c-ch	1
指控	zhǐ kòng	9007	z-zh	1
单打	dān dǎ	9008	an-ang	1
野蛮	yě mán	9010	an-ang	1
专政	zhuān zhèng	9011	en-eng,uan-uang,z-zh	1
追踪	zhuī zōng	9012	z-zh	1
大潮	dà cháo	9013	ao-ou,c-ch	1
店铺	diàn pù	9014	ian-iang	1
洁白	jié bái	9015	ai-ei,ia-ie,j-q-x	1
便捷	biàn jié	9016	ian-iang,ia-ie,j-q-x	1
果园	guǒ yuán	9017	uan-uang,ua-uo	1
事例	shì lì	9018	s-sh,n-l,r-l	1
舞剧	wǔ jù	9019	j-q-x	1
心跳	xīn tiào	9020	in-ing,j-q-x	1
罚单	fá dān	9021	an-ang,h-f	1
专员	zhuān yuán	9022	uan-uang,z-zh	1
操心	cāo xīn	9023	in-ing,ao-ou,c-ch,j-q-x	1
邮局	yóu jú	9024	ao-ou,j-q-x	1
猖獗	chāng jué	9026	an-ang,c-ch,j-q-x	3
动向	dòng xiàng	9027	ian-iang,j-q-x	1
决战	jué zhàn	9029	an-ang,z-zh,j-q-x	1
配送	pèi sòng	9031	ai-ei,s-sh	1
立方	lì fāng	9033	an-ang,n-l,h-f,r-l	1
贩毒	fàn dú	9034	an-ang,h-f	1
放大	fàng dà	9035	an-ang,h-f	1
贺信	hè xìn	9036	in-ing,h-f,j-q-x	1
后退	hòu tuì	9037	ao-ou,h-f	1
立马	lì mǎ	9039	n-l,r-l	1
执勤	zhí qín	9040	in-ing,z-zh,j-q-x	1
总值	zǒng zhí	9041	z-zh	1
屏障	píng zhàng	9044	in-ing,an-ang,z-zh	1
晚报	wǎn bào	9045	an-ang,ao-ou	1
折射	zhé shè	9046	z-zh,s-sh	1
积蓄	jī xù	9047	j-q-x	1
电源	diàn yuán	9049	ian-iang,uan-uang	1
因子	yīn zǐ	9050	in-ing,z-zh	1
北上	běi shàng	9051	an-ang,ai-ei,s-sh	1
城墙	chéng qiáng	9052	en-eng,ian-iang,c-ch,j-q-x	1
冷淡	lěng dàn	9054	en-eng,an-ang,n-l,r-l	1
凝视	níng shì	9055	in-ing,s-sh,n-l	1
前头	qián tou	9056	ian-iang,ao-ou,j-q-x	1
搜索	sōu suǒ	9057	ao-ou,ua-uo,s-sh	1
鸦片	yā piàn	9059	ian-iang	1
一侧	yī cè	9060	c-ch	1
平和	píng hé	9062	in-ing,h-f	1
飞速	fēi sù	9066	ai-ei,s-sh,h-f	1
流转	liú zhuǎn	9067	uan-uang,z-zh,n-l,r-l	1
外援	wài yuán	9068	uan-uang,ai-ei	1
追逐	zhuī zhú	9070	z-zh	1
技艺	jì yì	9071	j-q-x	1
成败	chéng bài	9072	en-eng,ai-ei,c-ch	1
麻木	má mù	9073		1
硬是	yìng shì	9074	in-ing,s-sh	1
矿业	kuàng yè	9075	uan-uang	1
认得	rèn de	9076	en-eng,r-l	1
中巴	zhōng bā	9077	z-zh	1
免去	miǎn qù	9078	ian-iang,j-q-x	1
信件	xìn jiàn	9079	in-ing,ian-iang,j-q-x	1
独资	dú zī	9080	z-zh	1
恶意	è yì	9081		1
回合	huí hé	9082	h-f	1
破旧	pò jiù	9083	j-q-x	1
枢纽	shū niǔ	9084	s-sh,n-l	1
吆喝	yāo he	9086	ao-ou,h-f	1
月饼	yuè bing	9087	in-ing	1
考研	kǎo yán	9088	an-ang,ao-ou	1
笔下	bǐ xià	9089	ia-ie,j-q-x	1
废水	fèi shuǐ	9090	ai-ei,s-sh,h-f	1
荒唐	huāng táng	9091	an-ang,uan-uang,h-f	1
师资	shī zī	9093	z-zh,s-sh	1
新任	xīn rèn	9094	en-eng,in-ing,r-l,j-q-x	1
王爷	wáng ye	9095	an-ang	1
户籍	hù jí	9096	h-f,j-q-x	1
传承	chuán chéng	9097	en-eng,uan-uang,c-ch	1
法则	fǎ zé	9098	z-zh,h-f	1
顺便	shùn biàn	9099	ian-iang,s-sh	1
壮丽	zhuàng lì	9100	uan-uang,z-zh,n-l,r-l	1
辈子	bèi zi	9101	ai-ei,z-zh	1
奔波	bēn bō	9102	en-eng	1
打扫	dǎ sǎo	9103	ao-ou,s-sh	1
氧化	yǎng huà	9105	an-ang,ua-uo,h-f	1
初次	chū cì	9106	c-ch	1
学堂	xué táng	9108	an-ang,j-q-x	1
真切	zhēn qiè	9110	en-eng,ia-ie,z-zh,j-q-x	1
单项	dān xiàng	9111	an-ang,ian-iang,j-q-x	1
现出	xiàn chū	9113	ian-iang,c-ch,j-q-x	1
乐曲	yuè qǔ	9114	j-q-x	1
近乎	jìn hū	9115	in-ing,h-f,j-q-x	1
纠缠	jiū chán	9116	an-ang,c-ch,j-q-x	1
跳水	tiào shuǐ	9117	s-sh	1
就医	jiù yī	9118	j-q-x	1
茶馆	chá guǎn	9120	uan-uang,c-ch	1
成交	chéng jiāo	9121	en-eng,c-ch,j-q-x	1
冻结	dòng jié	9124	ia-ie,j-q-x	1
供需	gōng xū	9125	j-q-x	1
欺负	qī fu	9126	h-f,j-q-x	1
乐队	yuè duì	9128		1
花样	huā yàng	9129	an-ang,ua-uo,h-f	1
货车	huò chē	9130	ua-uo,c-ch,h-f	1
揭发	jiē fā	9131	ia-ie,h-f,j-q-x	1
难关	nán guān	9132	an-ang,uan-uang,n-l	1
手掌	shǒu zhǎng	9133	an-ang,ao-ou,z-zh,s-sh	1
镇压	zhèn yā	9135	en-eng,z-zh	1
正派	zhèng pài	9136	en-eng,ai-ei,z-zh	1
提速	tí sù	9138	s-sh	1
几何	jǐ hé	9139	h-f,j-q-x	1
不计	bù jì	9140	j-q-x	1
唤起	huàn qǐ	9141	uan-uang,h-f,j-q-x	1
降临	jiàng lín	9142	in-ing,ian-iang,n-l,r-l,j-q-x	1
清算	qīng suàn	9143	in-ing,uan-uang,s-sh,j-q-x	1
驱逐	qū zhú	9144	z-zh,j-q-x	1
相距	xiāng jù	9145	ian-iang,j-q-x	1
周岁	zhōu suì	9146	ao-ou,z-zh,s-sh	1
饱满	bǎo mǎn	9147	an-ang,ao-ou	1
供销	gōng xiāo	9148	j-q-x	1
构思	gòu sī	9149	ao-ou,s-sh	1
交织	jiāo zhī	9150	z-zh,j-q-x	1
禁区	jìn qū	9151	in-ing,j-q-x	1
里程	lǐ chéng	9152	en-eng,c-ch,n-l,r-l	1
胚胎	pēi tāi	9153	ai-ei	1
柔和	róu hé	9154	ao-ou,h-f,r-l	1
土豆	tǔ dòu	9155	ao-ou	1
危及	wēi jí	9156	ai-ei,j-q-x	1
微弱	wēi ruò	9157	ai-ei,ua-uo,r-l	1
罪名	zuì míng	9158	in-ing,z-zh	1
丑恶	chǒu è	9159	ao-ou,c-ch	1
痛哭	tòng kū	9162		1
悠悠	yōu yōu	9163	ao-ou	1
头痛	tóu tòng	9165	ao-ou	1
献血	xiàn xiě	9166	ian-iang,ia-ie,j-q-x	1
隐蔽	yǐn bì	9167	in-ing	1
风度	fēng dù	9173	en-eng,h-f	1
名声	míng shēng	9174	en-eng,in-ing,s-sh	1
往返	wǎng fǎn	9175	an-ang,h-f	1
赞誉	zàn yù	9176	an-ang,z-zh	1
罢免	bà miǎn	9177	ian-iang	1
宏大	hóng dà	9178	h-f	1
入伍	rù wǔ	9179	r-l	1
鸭子	yā zi	9180	z-zh	1
积分	jī fēn	9181	en-eng,h-f,j-q-x	1
母子	mǔ zǐ	9183	z-zh	1
牡丹	mǔ dan	9184	an-ang	1
往常	wǎng cháng	9185	an-ang,c-ch	1
检索	jiǎn suǒ	9186	ian-iang,ua-uo,s-sh,j-q-x	1
出行	chū xíng	9187	in-ing,c-ch,j-q-x	1
疾苦	jí kǔ	9188	j-q-x	1
医师	yī shī	9190	s-sh	1
纸条	zhǐ tiáo	9191	z-zh	1
劣质	liè zhì	9193	ia-ie,z-zh,n-l,r-l	1
热门	rè mén	9194	en-eng,r-l	1
细腻	xì nì	9195	n-l,j-q-x	1
潮湿	cháo shī	9196	ao-ou,c-ch,s-sh	1
简易	jiǎn yì	9197	ian-iang,j-q-x	1
冷漠	lěng mò	9198	en-eng,n-l,r-l	1
姥姥	lǎo lao	9199	ao-ou,n-l,r-l	1
曙光	shǔ guāng	9200	uan-uang,s-sh	1
无视	wú shì	9201	s-sh	1
催促	cuī cù	9202	c-ch	1
沸腾	fèi téng	9203	en-eng,ai-ei,h-f	1
下回	xià huí	9207	ia-ie,h-f,j-q-x	1
假设	jiǎ shè	9209	ia-ie,s-sh,j-q-x	1
火山	huǒ shān	9210	an-ang,ua-uo,s-sh,h-f	1
酒杯	jiǔ bēi	9211	ai-ei,j-q-x	1
终究	zhōng jiū	9212	z-zh,j-q-x	1
士气	shì qì	9215	s-sh,j-q-x	1
外表	wài biǎo	9216	ai-ei	1
威信	wēi xìn	9217	in-ing,ai-ei,j-q-x	1
一二	yī èr	9219		1
辩护	biàn hù	9220	ian-iang,h-f	1
饭菜	fàn cài	9221	an-ang,ai-ei,c-ch,h-f	1
饭馆	fàn guǎn	9222	an-ang,uan-uang,h-f	1
敷衍	fū yǎn	9223	an-ang,h-f	1
民调	mín diào	9224	in-ing	1
素有	sù yǒu	9225	ao-ou,s-sh	1
噪声	zào shēng	9226	en-eng,ao-ou,z-zh,s-sh	1
排查	pái chá	9227	ai-ei,c-ch	1
滚动	gǔn dòng	9229		1
课本	kè běn	9230	en-eng	1
手表	shǒu biǎo	9231	ao-ou,s-sh	1
崩溃	bēng kuì	9232	en-eng	1
送礼	sòng lǐ	9233	s-sh,n-l,r-l	1
骤然	zhòu rán	9235	an-ang,ao-ou,z-zh,r-l	1
坐落	zuò luò	9236	ua-uo,z-zh,n-l,r-l	1
老总	lǎo zǒng	9238	ao-ou,z-zh,n-l,r-l	1
手持	shǒu chí	9239	ao-ou,c-ch,s-sh	1
私下	sī xià	9240	ia-ie,s-sh,j-q-x	1
下落	xià luò	9241	ia-ie,ua-uo,n-l,r-l,j-q-x	1
意向	yì xiàng	9242	ian-iang,j-q-x	1
加热	jiā rè	9243	ia-ie,r-l,j-q-x	1
无须	wú xū	9246	j-q-x	1
西装	xī zhuāng	9247	uan-uang,z-zh,j-q-x	1
给力	gěi lì	9248	ai-ei,n-l,r-l	1
出兵	chū bīng	9249	in-ing,c-ch	1
恐慌	kǒng huāng	9250	uan-uang,h-f	1
奇特	qí tè	9252	j-q-x	1
软弱	ruǎn ruò	9253	uan-uang,ua-uo,r-l	1
席位	xí wèi	9254	ai-ei,j-q-x	1
祥和	xiáng hé	9255	ian-iang,h-f,j-q-x	1
尽情	jìn qíng	9257	in-ing,j-q-x	1
退还	tuì huán	9258	uan-uang,h-f	1
历届	lì jiè	9260	ia-ie,n-l,r-l,j-q-x	1
闪光	shǎn guāng	9261	an-ang,uan-uang,s-sh	1
商定	shāng dìng	9262	in-ing,an-ang,s-sh	1
财物	cái wù	9263	ai-ei,c-ch	1
甲醛	jiǎ quán	9264	uan-uang,ia-ie,j-q-x	3
大腿	dà tuǐ	9265		1
归宿	guī sù	9266	s-sh	1
黑白	hēi bái	9267	ai-ei,h-f	1
人头	rén tóu	9268	en-eng,ao-ou,r-l	1
圈子	quān zi	9269	uan-uang,z-zh,j-q-x	1
人流	rén liú	9270	en-eng,n-l,r-l	1
综述	zōng shù	9271	z-zh,s-sh	1
蒸发	zhēng fā	9273	en-eng,z-zh,h-f	1
大炮	dà pào	9274	ao-ou	1
兼任	jiān rèn	9275	en-eng,ian-iang,r-l,j-q-x	1
落成	luò chéng	9277	en-eng,ua-uo,c-ch,n-l,r-l	1
交纳	jiāo nà	9280	n-l,j-q-x	1
露天	lù tiān	9281	ian-iang,n-l,r-l	1
轮廓	lún kuò	9282	ua-uo,n-l,r-l	1
上旬	shàng xún	9283	an-ang,s-sh,j-q-x	1
与否	yǔ fǒu	9284	ao-ou,h-f	1
大方	dà fāng	9285	an-ang,h-f	1
归还	guī huán	9287	uan-uang,h-f	1
好笑	hǎo xiào	9288	ao-ou,h-f,j-q-x	1
骗取	piàn qǔ	9289	ian-iang,j-q-x	1
收受	shōu shòu	9290	ao-ou,s-sh	1
铲除	chǎn chú	9291	an-ang,c-ch	1
大红	dà hóng	9292	h-f	1
国务	guó wù	9293	ua-uo	1
疗效	liáo xiào	9294	n-l,r-l,j-q-x	1
胜负	shèng fù	9295	en-eng,s-sh,h-f	1
扫描	sǎo miáo	9297	ao-ou,s-sh	1
打牌	dǎ pái	9298	ai-ei	1
凤凰	fèng huáng	9299	en-eng,uan-uang,h-f	1
心境	xīn jìng	9300	in-ing,j-q-x	1
支行	zhī háng	9301	an-ang,z-zh,h-f	1
到手	dào shǒu	9303	ao-ou,s-sh	1
火光	huǒ guāng	9304	uan-uang,ua-uo,h-f	1
书本	shū běn	9306	en-eng,s-sh	1
大纲	dà gāng	9308	an-ang	1
高雅	gāo yǎ	9309	ao-ou	1
关头	guān tóu	9310	uan-uang,ao-ou	1
舰队	jiàn duì	9311	ian-iang,j-q-x	1
瓦斯	wǎ sī	9312	s-sh	1
异议	yì yì	9313		1
大肆	dà sì	9315	s-sh	1
双开	shuāng kāi	9318	uan-uang,ai-ei,s-sh	1
昆虫	kūn chóng	9321	c-ch	1
参数	cān shù	9322	an-ang,c-ch,s-sh	1
警务	jǐng wù	9323	in-ing,j-q-x	1
产出	chǎn chū	9324	an-ang,c-ch	1
光亮	guāng liàng	9325	ian-iang,uan-uang,n-l,r-l	1
奇异	qí yì	9326	j-q-x	1
宣读	xuān dú	9328	uan-uang,j-q-x	1
杂技	zá jì	9329	z-zh,j-q-x	1
迟迟	chí chí	9330	c-ch	1
前行	qián xíng	9332	in-ing,ian-iang,j-q-x	1
上将	shàng jiàng	9333	an-ang,ian-iang,s-sh,j-q-x	1
身亡	shēn wáng	9334	en-eng,an-ang,s-sh	1
边远	biān yuǎn	9335	ian-iang,uan-uang	1
打响	dǎ xiǎng	9336	ian-iang,j-q-x	1
开启	kāi qǐ	9337	ai-ei,j-q-x	1
蜡烛	là zhú	9338	z-zh,n-l,r-l	1
苍蝇	cāng ying	9341	in-ing,an-ang,c-ch	1
跳跃	tiào yuè	9343		1
兔子	tù zi	9344	z-zh	1
一通	yī tòng	9346		1
口吻	kǒu wěn	9349	en-eng,ao-ou	1
碰见	pèng jiàn	9350	en-eng,ian-iang,j-q-x	1
热泪	rè lèi	9351	ai-ei,n-l,r-l	1
使者	shǐ zhě	9352	z-zh,s-sh	1
特使	tè shǐ	9353	s-sh	1
急救	jí jiù	9354	j-q-x	1
就任	jiù rèn	9355	en-eng,r-l,j-q-x	1
山谷	shān gǔ	9356	an-ang,s-sh	1
政局	zhèng jú	9357	en-eng,z-zh,j-q-x	1
电压	diàn yā	9358	ian-iang	1
平行	píng xíng	9359	in-ing,j-q-x	1
提及	tí jí	9363	j-q-x	1
峡谷	xiá gǔ	9365	ia-ie,j-q-x	1
冤枉	yuān wang	9366	an-ang,uan-uang	1
地表	dì biǎo	9367		1
辣椒	là jiāo	9368	n-l,r-l,j-q-x	1
谈心	tán xīn	9369	in-ing,an-ang,j-q-x	1
意境	yì jìng	9370	in-ing,j-q-x	1
亟待	jí dài	9371	ai-ei,j-q-x	3
当天	dàng tiān	9373	an-ang,ian-iang	1
功率	gōng lǜ	9374	n-l,r-l	1
海边	hǎi biān	9375	ian-iang,ai-ei,h-f	1
尽头	jìn tóu	9376	in-ing,ao-ou,j-q-x	1
侵占	qīn zhàn	9377	in-ing,an-ang,z-zh,j-q-x	1
烟花	yān huā	9378	an-ang,ua-uo,h-f	1
团员	tuán yuán	9379	uan-uang	1
本子	běn zi	9380	en-eng,z-zh	1
门类	mén lèi	9382	en-eng,ai-ei,n-l,r-l	1
门路	mén lu	9383	en-eng,n-l,r-l	1
双双	shuāng shuāng	9384	uan-uang,s-sh	1
同乡	tóng xiāng	9385	ian-iang,j-q-x	1
跻身	jī shēn	9387	en-eng,s-sh,j-q-x	3
老龄	lǎo líng	9388	in-ing,ao-ou,n-l,r-l	1
过问	guò wèn	9389	en-eng,ua-uo	1
误区	wù qū	9390	j-q-x	1
眼界	yǎn jiè	9391	an-ang,ia-ie,j-q-x	1
云云	yún yún	9392		1
踌躇	chóu chú	9393	ao-ou,c-ch	2
村镇	cūn zhèn	9394	en-eng,z-zh,c-ch	1
得分	dé fēn	9395	en-eng,h-f	1
留心	liú xīn	9396	in-ing,n-l,r-l,j-q-x	1
庭院	tíng yuàn	9397	in-ing,uan-uang	1
走动	zǒu dòng	9398	ao-ou,z-zh	1
察看	chá kàn	9399	an-ang,c-ch	1
坏人	huài rén	9400	en-eng,h-f,r-l	1
连同	lián tóng	9401	ian-iang,n-l,r-l	1
在建	zài jiàn	9403	ian-iang,ai-ei,z-zh,j-q-x	1
照料	zhào liào	9404	ao-ou,z-zh,n-l,r-l	1
丞相	chéng xiàng	9405	en-eng,ian-iang,c-ch,j-q-x	3
接纳	jiē nà	9406	ia-ie,n-l,j-q-x	1
军委	jūn wěi	9407	ai-ei,j-q-x	1
签证	qiān zhèng	9408	en-eng,ian-iang,z-zh,j-q-x	1
所属	suǒ shǔ	9409	ua-uo,s-sh	1
新兵	xīn bīng	9410	in-ing,j-q-x	1
样式	yàng shì	9411	an-ang,s-sh	1
废除	fèi chú	9413	ai-ei,c-ch,h-f	1
泥沙	ní shā	9414	s-sh,n-l	1
围攻	wéi gōng	9415	ai-ei	1
公用	gōng yòng	9416		1
脸红	liǎn hóng	9417	ian-iang,n-l,h-f,r-l	1
用处	yòng chù	9418	c-ch	1
产销	chǎn xiāo	9419	an-ang,c-ch,j-q-x	1
否决	fǒu jué	9420	ao-ou,h-f,j-q-x	1
华东	huá dōng	9421	ua-uo,h-f	1
货运	huò yùn	9422	ua-uo,h-f	1
吉利	jí lì	9423	n-l,r-l,j-q-x	1
礼堂	lǐ táng	9424	an-ang,n-l,r-l	1
文武	wén wǔ	9425	en-eng	1
幼儿	yòu ér	9426	ao-ou	1
壁画	bì huà	9427	ua-uo,h-f	1
风波	fēng bō	9428	en-eng,h-f	1
盒子	hé zi	9429	z-zh,h-f	1
缩影	suō yǐng	9430	in-ing,ua-uo,s-sh	1
天亮	tiān liàng	9431	ian-iang,n-l,r-l	1
万万	wàn wàn	9432	an-ang	1
流向	liú xiàng	9434	ian-iang,n-l,r-l,j-q-x	1
偏见	piān jiàn	9435	ian-iang,j-q-x	1
颗粒	kē lì	9436	n-l,r-l	1
反弹	fǎn tán	9437	an-ang,h-f	1
确诊	què zhěn	9439	en-eng,z-zh,j-q-x	1
制售	zhì shòu	9440	ao-ou,z-zh,s-sh	1
拜年	bài nián	9441	ian-iang,ai-ei,n-l	1
党章	dǎng zhāng	9442	an-ang,z-zh	1
配偶	pèi ǒu	9444	ai-ei,ao-ou	1
后天	hòu tiān	9445	ian-iang,ao-ou,h-f	1
某某	mǒu mǒu	9446	ao-ou	1
疲惫	pí bèi	9447	ai-ei	1
现成	xiàn chéng	9449	en-eng,ian-iang,c-ch,j-q-x	1
照明	zhào míng	9451	in-ing,ao-ou,z-zh	1
昨日	zuó rì	9452	ua-uo,z-zh,r-l	1
蛋糕	dàn gāo	9454	an-ang,ao-ou	1
枪声	qiāng shēng	9455	en-eng,ian-iang,s-sh,j-q-x	1
蕴藏	yùn cáng	9456	an-ang,c-ch	1
客机	kè jī	9458	j-q-x	1
核定	hé dìng	9460	in-ing,h-f	1
惊叹	jīng tàn	9461	in-ing,an-ang,j-q-x	1
粗暴	cū bào	9462	ao-ou,c-ch	1
号称	hào chēng	9463	en-eng,ao-ou,c-ch,h-f	1
外事	wài shì	9466	ai-ei,s-sh	1
迎春	yíng chūn	9467	in-ing,c-ch	1
对接	duì jiē	9468	ia-ie,j-q-x	1
瀑布	pù bù	9469		1
前天	qián tiān	9470	ian-iang,j-q-x	1
行军	xíng jūn	9471	in-ing,j-q-x	1
幸亏	xìng kuī	9472	in-ing,j-q-x	1
预言	yù yán	9473	an-ang	1
天体	tiān tǐ	9474	ian-iang	1
点子	diǎn zi	9475	ian-iang,z-zh	1
附属	fù shǔ	9476	s-sh,h-f	1
警报	jǐng bào	9477	in-ing,ao-ou,j-q-x	1
量化	liàng huà	9479	ian-iang,ua-uo,n-l,h-f,r-l	1
牵动	qiān dòng	9481	ian-iang,j-q-x	1
捐献	juān xiàn	9484	ian-iang,uan-uang,j-q-x	1
房产	fáng chǎn	9485	an-ang,c-ch,h-f	1
高龄	gāo líng	9486	in-ing,ao-ou,n-l,r-l	1
缅怀	miǎn huái	9487	ian-iang,h-f	1
提炼	tí liàn	9488	ian-iang,n-l,r-l	1
专著	zhuān zhù	9489	uan-uang,z-zh	1
演化	yǎn huà	9493	an-ang,ua-uo,h-f	1
爆竹	bào zhú	9494	ao-ou,z-zh	1
官吏	guān lì	9496	uan-uang,n-l,r-l	1
管控	guǎn kòng	9497	uan-uang	1
设定	shè dìng	9498	in-ing,s-sh	1
质检	zhì jiǎn	9499	ian-iang,z-zh,j-q-x	1
好人	hǎo rén	9500	en-eng,ao-ou,h-f,r-l	1
逃跑	táo pǎo	9501	ao-ou	1
大专	dà zhuān	9502	uan-uang,z-zh	1
哆嗦	duō suo	9503	ua-uo,s-sh	1
火爆	huǒ bào	9504	ao-ou,ua-uo,h-f	1
借用	jiè yòng	9505	ia-ie,j-q-x	1
亩产	mǔ chǎn	9506	an-ang,c-ch	1
超载	chāo zài	9507	ai-ei,ao-ou,z-zh,c-ch	1
津贴	jīn tiē	9508	in-ing,ia-ie,j-q-x	1
绿洲	lǜ zhōu	9509	ao-ou,z-zh,n-l,r-l	1
世俗	shì sú	9510	s-sh	1
终端	zhōng duān	9512	uan-uang,z-zh	1
全然	quán rán	9517	an-ang,uan-uang,r-l,j-q-x	1
树种	shù zhǒng	9518	z-zh,s-sh	1
四海	sì hǎi	9519	ai-ei,s-sh,h-f	1
温泉	wēn quán	9520	en-eng,uan-uang,j-q-x	1
引向	yǐn xiàng	9522	in-ing,ian-iang,j-q-x	1
应酬	yìng chou	9523	in-ing,ao-ou,c-ch	1
原定	yuán dìng	9524	in-ing,uan-uang	1
精度	jīng dù	9525	in-ing,j-q-x	1
奖项	jiǎng xiàng	9526	ian-iang,j-q-x	1
古今	gǔ jīn	9528	in-ing,j-q-x	1
客场	kè chǎng	9529	an-ang,c-ch	1
迫害	pò hài	9532	ai-ei,h-f	1
热水	rè shuǐ	9533	s-sh,r-l	1
阻挠	zǔ náo	9535	ao-ou,z-zh,n-l	1
环球	huán qiú	9536	uan-uang,h-f,j-q-x	1
家务	jiā wù	9537	ia-ie,j-q-x	1
萎缩	wěi suō	9538	ai-ei,ua-uo,s-sh	1
影像	yǐng xiàng	9539	in-ing,ian-iang,j-q-x	1
诧异	chà yì	9541	c-ch	3
飞快	fēi kuài	9542	ai-ei,h-f	1
不许	bù xǔ	9543	j-q-x	1
抗拒	kàng jù	9545	an-ang,j-q-x	1
虐待	nüè dài	9547	ai-ei,n-l	1
偏远	piān yuǎn	9548	ian-iang,uan-uang	1
要命	yào mìng	9549	in-ing,ao-ou	1
长途	cháng tú	9550	an-ang,c-ch	1
关节	guān jié	9551	uan-uang,ia-ie,j-q-x	1
喃喃	nán nán	9552	an-ang,n-l	2
非凡	fēi fán	9554	an-ang,ai-ei,h-f	1
据此	jù cǐ	9555	c-ch,j-q-x	1
攀升	pān shēng	9556	en-eng,an-ang,s-sh	1
搬家	bān jiā	9557	an-ang,ia-ie,j-q-x	1
明珠	míng zhū	9558	in-ing,z-zh	1
疫病	yì bìng	9560	in-ing	1
防空	fáng kōng	9561	an-ang,h-f	1
喊叫	hǎn jiào	9562	an-ang,h-f,j-q-x	1
滑稽	huá jī	9563	ua-uo,h-f,j-q-x	1
侥幸	jiǎo xìng	9564	in-ing,j-q-x	1
旁听	páng tīng	9566	in-ing,an-ang	1
右边	yòu bian	9568	ian-iang,ao-ou	1
专制	zhuān zhì	9569	uan-uang,z-zh	1
超额	chāo é	9570	ao-ou,c-ch	1
后门	hòu mén	9573	en-eng,ao-ou,h-f	1
天黑	tiān hēi	9574	ian-iang,ai-ei,h-f	1
耀眼	yào yǎn	9576	an-ang,ao-ou	1
一概	yī gài	9577	ai-ei	1
捕捞	bǔ lāo	9578	ao-ou,n-l,r-l	1
关门	guān mén	9579	en-eng,uan-uang	1
干线	gàn xiàn	9583	an-ang,ian-iang,j-q-x	1
煤气	méi qì	9584	ai-ei,j-q-x	1
眼角	yǎn jiǎo	9585	an-ang,j-q-x	1
共鸣	gòng míng	9586	in-ing	1
高贵	gāo guì	9588	ao-ou	1
汉奸	hàn jiān	9589	an-ang,ian-iang,h-f,j-q-x	1
施展	shī zhǎn	9590	an-ang,z-zh,s-sh	1
嫌疑	xián yí	9591	ian-iang,j-q-x	1
早晚	zǎo wǎn	9592	an-ang,ao-ou,z-zh	1
小于	xiǎo yú	9593	j-q-x	1
稿件	gǎo jiàn	9594	ian-iang,ao-ou,j-q-x	1
乐得	lè dé	9595	n-l,r-l	1
评奖	píng jiǎng	9596	in-ing,ian-iang,j-q-x	1
轻微	qīng wēi	9597	in-ing,ai-ei,j-q-x	1
增至	zēng zhì	9598	en-eng,z-zh	1
包机	bāo jī	9599	ao-ou,j-q-x	1
沧桑	cāng sāng	9600	an-ang,c-ch,s-sh	1
固执	gù zhi	9601	z-zh	1
火柴	huǒ chái	9602	ai-ei,ua-uo,c-ch,h-f	1
肩头	jiān tóu	9603	ian-iang,ao-ou,j-q-x	1
破除	pò chú	9604	c-ch	1
民生	mín shēng	9606	en-eng,in-ing,s-sh	1
拖延	tuō yán	9608	an-ang,ua-uo	1
且说	qiě shuō	9609	ia-ie,ua-uo,s-sh,j-q-x	1
语法	yǔ fǎ	9611	h-f	1
交替	jiāo tì	9612	j-q-x	1
精明	jīng míng	9613	in-ing,j-q-x	1
情谊	qíng yì	9614	in-ing,j-q-x	1
陶醉	táo zuì	9615	ao-ou,z-zh	1
血管	xuè guǎn	9616	uan-uang,j-q-x	1
同盟	tóng méng	9618	en-eng	1
袜子	wà zi	9619	z-zh	1
淫秽	yín huì	9620	in-ing,h-f	1
拥军	yōng jūn	9621	j-q-x	1
城建	chéng jiàn	9622	en-eng,ian-iang,c-ch,j-q-x	1
金子	jīn zi	9623	in-ing,z-zh,j-q-x	1
遥感	yáo gǎn	9624	an-ang,ao-ou	1
珠峰	zhū fēng	9625	en-eng,z-zh,h-f	1
归根	guī gēn	9626	en-eng	1
苦闷	kǔ mèn	9627	en-eng	1
修路	xiū lù	9628	n-l,r-l,j-q-x	1
元帅	yuán shuài	9629	uan-uang,s-sh	1
直觉	zhí jué	9630	z-zh,j-q-x	1
酒吧	jiǔ bā	9633	j-q-x	1
钱财	qián cái	9634	ian-iang,ai-ei,c-ch,j-q-x	1
奔跑	bēn pǎo	9635	en-eng,ao-ou	1
茶杯	chá bēi	9636	ai-ei,c-ch	1
即刻	jí kè	9637	j-q-x	1
流派	liú pài	9638	ai-ei,n-l,r-l	1
随机	suí jī	9640	s-sh,j-q-x	1
兴致	xìng zhì	9641	in-ing,z-zh,j-q-x	1
磁场	cí chǎng	9642	an-ang,c-ch	1
沉吟	chén yín	9644	en-eng,in-ing,c-ch	1
带队	dài duì	9646	ai-ei	1
十佳	shí jiā	9647	ia-ie,s-sh,j-q-x	1
转折	zhuǎn zhé	9648	uan-uang,z-zh	1
递增	dì zēng	9649	en-eng,z-zh	1
魔鬼	mó guǐ	9650		1
下手	xià shǒu	9652	ao-ou,ia-ie,s-sh,j-q-x	1
显露	xiǎn lù	9653	ian-iang,n-l,r-l,j-q-x	1
育种	yù zhǒng	9654	z-zh	1
昨夜	zuó yè	9655	ua-uo,z-zh	1
后续	hòu xù	9656	ao-ou,h-f,j-q-x	1
梅花	méi huā	9657	ai-ei,ua-uo,h-f	1
瘫痪	tān huàn	9658	an-ang,uan-uang,h-f	1
休假	xiū jià	9659	ia-ie,j-q-x	1
央行	yāng háng	9661	an-ang,h-f	1
嘿嘿	hēi hēi	9662	ai-ei,h-f	1
患有	huàn yǒu	9663	uan-uang,ao-ou,h-f	1
铺子	pù zi	9664	z-zh	1
忘却	wàng què	9666	an-ang,j-q-x	1
线条	xiàn tiáo	9667	ian-iang,j-q-x	1
窑洞	yáo dòng	9668	ao-ou	1
遗迹	yí jì	9669	j-q-x	1
奋进	fèn jìn	9670	en-eng,in-ing,h-f,j-q-x	1
军装	jūn zhuāng	9672	uan-uang,z-zh,j-q-x	1
日出	rì chū	9673	c-ch,r-l	1
山林	shān lín	9674	in-ing,an-ang,s-sh,n-l,r-l	1
预赛	yù sài	9677	ai-ei,s-sh	1
沼气	zhǎo qì	9678	ao-ou,z-zh,j-q-x	1
奔驰	bēn chí	9679	en-eng,c-ch	1
稻田	dào tián	9680	ian-iang,ao-ou	1
高楼	gāo lóu	9681	ao-ou,n-l,r-l	1
气派	qì pài	9682	ai-ei,j-q-x	1
清查	qīng chá	9683	in-ing,c-ch,j-q-x	1
手势	shǒu shì	9684	ao-ou,s-sh	1
外籍	wài jí	9685	ai-ei,j-q-x	1
国门	guó mén	9687	en-eng,ua-uo	1
搜寻	sōu xún	9689	ao-ou,s-sh,j-q-x	1
未知	wèi zhī	9690	ai-ei,z-zh	1
着实	zhuó shí	9691	ua-uo,z-zh,s-sh	1
拜访	bài fǎng	9692	an-ang,ai-ei,h-f	1
地名	dì míng	9693	in-ing	1
风流	fēng liú	9694	en-eng,n-l,h-f,r-l	1
搞活	gǎo huó	9695	ao-ou,ua-uo,h-f	1
苦苦	kǔ kǔ	9696		1
矿工	kuàng gōng	9697	uan-uang	1
体温	tǐ wēn	9698	en-eng	1
邪恶	xié è	9700	ia-ie,j-q-x	1
幼稚	yòu zhì	9701	ao-ou,z-zh	1
废止	fèi zhǐ	9702	ai-ei,z-zh,h-f	1
合乎	hé hū	9704	h-f	1
议政	yì zhèng	9706	en-eng,z-zh	1
创刊	chuàng kān	9708	an-ang,uan-uang,c-ch	1
音响	yīn xiǎng	9709	in-ing,ian-iang,j-q-x	1
大叔	dà shū	9710	s-sh	1
对子	duì zi	9711	z-zh	1
勾结	gōu jié	9712	ao-ou,ia-ie,j-q-x	1
精英	jīng yīng	9714	in-ing,j-q-x	1
酒精	jiǔ jīng	9715	in-ing,j-q-x	1
灭亡	miè wáng	9716	an-ang,ia-ie	1
使节	shǐ jié	9717	ia-ie,s-sh,j-q-x	1
首创	shǒu chuàng	9718	uan-uang,ao-ou,c-ch,s-sh	1
网民	wǎng mín	9719	in-ing,an-ang	1
相传	xiāng chuán	9720	ian-iang,uan-uang,c-ch,j-q-x	1
岳父	yuè fù	9721	h-f	1
灯笼	dēng long	9722	en-eng,n-l,r-l	1
多变	duō biàn	9723	ian-iang,ua-uo	1
乐园	lè yuán	9724	uan-uang,n-l,r-l	1
让步	ràng bù	9725	an-ang,r-l	1
世代	shì dài	9726	ai-ei,s-sh	1
体能	tǐ néng	9727	en-eng,n-l	1
万分	wàn fēn	9728	en-eng,an-ang,h-f	1
中止	zhōng zhǐ	9729	z-zh	1
悲观	bēi guān	9730	uan-uang,ai-ei	1
宽广	kuān guǎng	9731	uan-uang	1
纳粹	nà cuì	9732	c-ch,n-l	1
上路	shàng lù	9733	an-ang,s-sh,n-l,r-l	1
到期	dào qī	9734	ao-ou,j-q-x	1
队友	duì yǒu	9735	ao-ou	1
麻将	má jiàng	9736	ian-iang,j-q-x	1
深层	shēn céng	9737	en-eng,c-ch,s-sh	1
闲置	xián zhì	9739	ian-iang,z-zh,j-q-x	1
易于	yì yú	9740		1
别看	bié kàn	9741	an-ang,ia-ie	1
门户	mén hù	9744	en-eng,h-f	1
投保	tóu bǎo	9745	ao-ou	1
望见	wàng jiàn	9746	an-ang,ian-iang,j-q-x	1
惭愧	cán kuì	9747	an-ang,c-ch	1
过时	guò shí	9749	ua-uo,s-sh	1
散布	sàn bù	9750	an-ang,s-sh	1
实说	shí shuō	9751	ua-uo,s-sh	1
住宿	zhù sù	9752	z-zh,s-sh	1
精准	jīng zhǔn	9753	in-ing,z-zh,j-q-x	1
已知	yǐ zhī	9755	z-zh	1
淡水	dàn shuǐ	9756	an-ang,s-sh	1
庄子	zhuāng zi	9758	uan-uang,z-zh	1
流淌	liú tǎng	9763	an-ang,n-l,r-l	1
现存	xiàn cún	9765	ian-iang,c-ch,j-q-x	1
到会	dào huì	9768	ao-ou,h-f	1
懂事	dǒng shì	9769	s-sh	1
田地	tián dì	9771	ian-iang	1
总计	zǒng jì	9772	z-zh,j-q-x	1
出力	chū lì	9773	c-ch,n-l,r-l	1
妓女	jì nǚ	9776	n-l,j-q-x	1
军政	jūn zhèng	9777	en-eng,z-zh,j-q-x	1
条文	tiáo wén	9778	en-eng	1
陷阱	xiàn jǐng	9779	in-ing,ian-iang,j-q-x	3
叙事	xù shì	9780	s-sh,j-q-x	1
悲伤	bēi shāng	9781	an-ang,ai-ei,s-sh	1
警力	jǐng lì	9785	in-ing,n-l,r-l,j-q-x	1
刻画	kè huà	9786	ua-uo,h-f	1
联欢	lián huān	9787	ian-iang,uan-uang,n-l,h-f,r-l	1
请示	qǐng shì	9788	in-ing,s-sh,j-q-x	1
村官	cūn guān	9789	uan-uang,c-ch	1
兴旺	xīng wàng	9790	in-ing,an-ang,j-q-x	1
养活	yǎng huo	9791	an-ang,ua-uo,h-f	1
公道	gōng dao	9793	ao-ou	1
求助	qiú zhù	9794	z-zh,j-q-x	1
谈及	tán jí	9796	an-ang,j-q-x	1
总署	zǒng shǔ	9797	z-zh,s-sh	1
堡垒	bǎo lěi	9798	ai-ei,ao-ou,n-l,r-l	1
宽大	kuān dà	9799	uan-uang	1
下场	xià chǎng	9800	an-ang,ia-ie,c-ch,j-q-x	1
相通	xiāng tōng	9801	ian-iang,j-q-x	1
印制	yìn zhì	9802	in-ing,z-zh	1
百官	bǎi guān	9803	uan-uang,ai-ei	1
故宫	gù gōng	9804		1
布满	bù mǎn	9805	an-ang	1
改观	gǎi guān	9808	uan-uang,ai-ei	1
真挚	zhēn zhì	9809	en-eng,z-zh	1
珠江	zhū jiāng	9810	ian-iang,z-zh,j-q-x	1
自费	zì fèi	9811	ai-ei,z-zh,h-f	1
溶解	róng jiě	9812	ia-ie,r-l,j-q-x	1
后劲	hòu jìn	9813	in-ing,ao-ou,h-f,j-q-x	1
音频	yīn pín	9814	in-ing	1
滑坡	huá pō	9815	ua-uo,h-f	1
军士	jūn shì	9816	s-sh,j-q-x	1
品尝	pǐn cháng	9817	in-ing,an-ang,c-ch	1
痛心	tòng xīn	9818	in-ing,j-q-x	1
雪山	xuě shān	9819	an-ang,s-sh,j-q-x	1
再造	zài zào	9820	ai-ei,ao-ou,z-zh	1
自焚	zì fén	9821	en-eng,z-zh,h-f	1
鞭炮	biān pào	9822	ian-iang,ao-ou	1
截止	jié zhǐ	9824	ia-ie,z-zh,j-q-x	1
轮胎	lún tāi	9825	ai-ei,n-l,r-l	1
能耗	néng hào	9826	en-eng,ao-ou,n-l,h-f	1
胡说	hú shuō	9827	ua-uo,s-sh,h-f	1
花草	huā cǎo	9828	ao-ou,ua-uo,c-ch,h-f	1
灰尘	huī chén	9829	en-eng,c-ch,h-f	1
启迪	qǐ dí	9830	j-q-x	1
热气	rè qì	9831	r-l,j-q-x	1
秀丽	xiù lì	9832	n-l,r-l,j-q-x	1
丢掉	diū diào	9833		1
分外	fèn wài	9834	en-eng,ai-ei,h-f	1
惊慌	jīng huāng	9836	in-ing,uan-uang,h-f,j-q-x	1
矿井	kuàng jǐng	9837	in-ing,uan-uang,j-q-x	1
限额	xiàn é	9838	ian-iang,j-q-x	1
操场	cāo chǎng	9840	an-ang,ao-ou,c-ch	1
结实	jiē shí	9841	ia-ie,s-sh,j-q-x	1
沮丧	jǔ sàng	9842	an-ang,s-sh,j-q-x	1
复牌	fù pái	9843	ai-ei,h-f	1
看守	kān shǒu	9844	an-ang,ao-ou,s-sh	1
少于	shǎo yú	9845	ao-ou,s-sh	1
镇静	zhèn jìng	9846	en-eng,in-ing,z-zh,j-q-x	1
不朽	bù xiǔ	9848	j-q-x	1
发抖	fā dǒu	9849	ao-ou,h-f	1
既定	jì dìng	9850	in-ing,j-q-x	1
接力	jiē lì	9851	ia-ie,n-l,r-l,j-q-x	1
耗时	hào shí	9852	ao-ou,s-sh,h-f	1
开端	kāi duān	9853	uan-uang,ai-ei	1
面粉	miàn fěn	9855	en-eng,ian-iang,h-f	1
平息	píng xī	9856	in-ing,j-q-x	1
枪支	qiāng zhī	9857	ian-iang,z-zh,j-q-x	1
诸位	zhū wèi	9858	ai-ei,z-zh	1
定律	dìng lǜ	9859	in-ing,n-l,r-l	1
董事	dǒng shì	9860	s-sh	1
恶心	ě xin	9861	in-ing,j-q-x	1
家家	jiā jiā	9862	ia-ie,j-q-x	1
科室	kē shì	9863	s-sh	1
赛区	sài qū	9864	ai-ei,s-sh,j-q-x	1
通向	tōng xiàng	9865	ian-iang,j-q-x	1
战国	zhàn guó	9866	an-ang,ua-uo,z-zh	1
吊销	diào xiāo	9868	j-q-x	1
减灾	jiǎn zāi	9869	ian-iang,ai-ei,z-zh,j-q-x	1
空洞	kōng dòng	9870		1
飘扬	piāo yáng	9871	an-ang	1
前锋	qián fēng	9872	en-eng,ian-iang,h-f,j-q-x	1
手册	shǒu cè	9873	ao-ou,c-ch,s-sh	1
相机	xiàng jī	9874	ian-iang,j-q-x	1
增设	zēng shè	9875	en-eng,z-zh,s-sh	1
