缠磨	chán mo	46806	an-ang,c-ch	1
衬裤	chèn kù	46808	en-eng,c-ch	1
匙子	chí zi	46809	z-zh,c-ch	1
齿冷	chǐ lěng	46810	en-eng,c-ch,n-l,r-l	1
酬答	chóu dá	46811	ao-ou,c-ch	1
筹借	chóu jiè	46812	ao-ou,ia-ie,c-ch,j-q-x	1
出典	chū diǎn	46814	ian-iang,c-ch	1
传艺	chuán yì	46815	uan-uang,c-ch	1
纯良	chún liáng	46816	ian-iang,c-ch,n-l,r-l	1
弹壳	dàn ké	46820	an-ang	1
道姑	dào gū	46823	ao-ou	1
稻秧	dào yāng	46824	an-ang,ao-ou	1
涤棉	dí mián	46826	ian-iang	1
抵销	dǐ xiāo	46827	j-q-x	1
地核	dì hé	46828	h-f	1
点收	diǎn shōu	46831	ian-iang,ao-ou,s-sh	1
雕版	diāo bǎn	46833	an-ang	1
吊祭	diào jì	46834	j-q-x	1
冻馁	dòng něi	46836	ai-ei,n-l	1
抖搂	dǒu lou	46837	ao-ou,n-l,r-l	1
毒牙	dú yá	46838		1
短打	duǎn dǎ	46839	uan-uang	1
堆叠	duī dié	46840	ia-ie	1
堆集	duī jí	46841	j-q-x	1
对换	duì huàn	46842	uan-uang,h-f	1
蹲坑	dūn kēng	46845	en-eng	1
躲懒	duǒ lǎn	46847	an-ang,ua-uo,n-l,r-l	1
耳福	ěr fú	46849	h-f	1
发苦	fā kǔ	46851	h-f	1
犯困	fàn kùn	46855	an-ang,h-f	1
肥嫩	féi nèn	46856	en-eng,ai-ei,n-l,h-f	1
坟山	fén shān	46858	en-eng,an-ang,s-sh,h-f	1
俯允	fǔ yǔn	46861	h-f	1
复航	fù háng	46862	an-ang,h-f	1
复会	fù huì	46863	h-f	1
腹肌	fù jī	46864	h-f,j-q-x	1
概说	gài shuō	46865	ai-ei,ua-uo,s-sh	1
钢鞭	gāng biān	46866	an-ang,ian-iang	1
搞鬼	gǎo guǐ	46867	ao-ou	1
告倒	gào dǎo	46868	ao-ou	1
葛藤	gé téng	46870	en-eng	1
姑丈	gū zhàng	46871	an-ang,z-zh	1
鼓气	gǔ qì	46872	j-q-x	1
寡情	guǎ qíng	46873	in-ing,ua-uo,j-q-x	1
挂牵	guà qiān	46874	ian-iang,ua-uo,j-q-x	1
乖张	guāi zhāng	46875	an-ang,z-zh	1
闺阁	guī gé	46877		1
滚珠	gǔn zhū	46878	z-zh	1
海货	hǎi huò	46879	ai-ei,ua-uo,h-f	1
含怒	hán nù	46880	an-ang,n-l,h-f	1
蒿子	hāo zi	46881	ao-ou,z-zh,h-f	3
合脚	hé jiǎo	46882	h-f,j-q-x	1
横直	héng zhí	46883	en-eng,z-zh,h-f	1
红棉	hóng mián	46885	ian-iang,h-f	1
花菜	huā cài	46888	ai-ei,ua-uo,c-ch,h-f	1
花绸	huā chóu	46889	ao-ou,ua-uo,c-ch,h-f	1
踝骨	huái gǔ	46893	h-f	3
黄教	huáng jiào	46894	uan-uang,h-f,j-q-x	1
鳇鱼	huáng yú	46895	uan-uang,h-f	3
彗核	huì hé	46897	h-f	3
经意	jīng yì	46901	in-ing,j-q-x	1
劲风	jìng fēng	46904	en-eng,in-ing,h-f,j-q-x	1
举步	jǔ bù	46906	j-q-x	1
聚光	jù guāng	46907	uan-uang,j-q-x	1
遽然	jù rán	46908	an-ang,r-l,j-q-x	3
军犬	jūn quǎn	46909	uan-uang,j-q-x	1
开涮	kāi shuàn	46910	uan-uang,ai-ei,s-sh	1
渴念	kě niàn	46911	ian-iang,n-l	1
坑木	kēng mù	46912	en-eng	1
快照	kuài zhào	46915	ao-ou,z-zh	1
魁伟	kuí wěi	46916	ai-ei	1
懒虫	lǎn chóng	46918	an-ang,c-ch,n-l,r-l	1
浪谷	làng gǔ	46919	an-ang,n-l,r-l	1
累年	lěi nián	46921	ian-iang,ai-ei,n-l,r-l	1
泪液	lèi yè	46922	ai-ei,n-l,r-l	1
料及	liào jí	46923	n-l,r-l,j-q-x	1
零卖	líng mài	46924	in-ing,ai-ei,n-l,r-l	1
令郎	lìng láng	46925	in-ing,an-ang,n-l,r-l	1
留职	liú zhí	46927	z-zh,n-l,r-l	1
垄沟	lǒng gōu	46928	ao-ou,n-l,r-l	1
卖好	mài hǎo	46930	ai-ei,ao-ou,h-f	1
名产	míng chǎn	46932	in-ing,an-ang,c-ch	1
冥府	míng fǔ	46935	in-ing,h-f	1
年资	nián zī	46938	ian-iang,z-zh,n-l	1
念诵	niàn sòng	46939	ian-iang,s-sh,n-l	1
排忧	pái yōu	46943	ai-ei,ao-ou	1
陪床	péi chuáng	46944	uan-uang,ai-ei,c-ch	1
佩饰	pèi shì	46945	ai-ei,s-sh	1
破网	pò wǎng	46946	an-ang	1
奇案	qí àn	46947	an-ang,j-q-x	1
气口	qì kǒu	46948	ao-ou,j-q-x	1
抢亲	qiǎng qīn	46949	in-ing,ian-iang,j-q-x	1
琴弓	qín gōng	46950	in-ing,j-q-x	1
囚服	qiú fú	46951	h-f,j-q-x	1
权杖	quán zhàng	46952	an-ang,uan-uang,z-zh,j-q-x	1
入赘	rù zhuì	46954	z-zh,r-l	1
软话	ruǎn huà	46956	uan-uang,ua-uo,h-f,r-l	1
赛点	sài diǎn	46957	ian-iang,ai-ei,s-sh	1
色度	sè dù	46958	s-sh	1
色拉	sè lā	46959	s-sh,n-l,r-l	1
砂纸	shā zhǐ	46960	z-zh,s-sh	1
山嘴	shān zuǐ	46962	an-ang,z-zh,s-sh	1
上冻	shàng dòng	46963	an-ang,s-sh	1
设障	shè zhàng	46965	an-ang,z-zh,s-sh	1
收车	shōu chē	46969	ao-ou,c-ch,s-sh	1
熟化	shú huà	46970	ua-uo,s-sh,h-f	1
甩脱	shuǎi tuō	46972	ua-uo,s-sh	1
栓子	shuān zi	46973	uan-uang,z-zh,s-sh	1
四旁	sì páng	46976	an-ang,s-sh	1
素常	sù cháng	46977	an-ang,c-ch,s-sh	1
索价	suǒ jià	46978	ia-ie,ua-uo,s-sh,j-q-x	1
讨价	tǎo jià	46980	ao-ou,ia-ie,j-q-x	1
套服	tào fú	46981	ao-ou,h-f	1
套购	tào gòu	46982	ao-ou	1
提调	tí diào	46984		1
填房	tián fáng	46987	an-ang,ian-iang,h-f	1
跳闸	tiào zhá	46988	z-zh	1
铜币	tóng bì	46990		1
统属	tǒng shǔ	46991	s-sh	1
涂饰	tú shì	46992	s-sh	1
土造	tǔ zào	46994	ao-ou,z-zh	1
官微	guān wēi	46996	uan-uang,ai-ei	1
文戏	wén xì	46998	en-eng,j-q-x	1
下操	xià cāo	47000	ao-ou,ia-ie,c-ch,j-q-x	1
线袜	xiàn wà	47002	ian-iang,j-q-x	1
相乘	xiāng chéng	47003	en-eng,ian-iang,c-ch,j-q-x	1
相瞒	xiāng mán	47004	an-ang,ian-iang,j-q-x	1
像话	xiàng huà	47006	ian-iang,ua-uo,h-f,j-q-x	1
淆乱	xiáo luàn	47007	uan-uang,n-l,r-l,j-q-x	1
小产	xiǎo chǎn	47008	an-ang,c-ch,j-q-x	1
小满	xiǎo mǎn	47009	an-ang,j-q-x	1
心黑	xīn hēi	47010	in-ing,ai-ei,h-f,j-q-x	1
绣制	xiù zhì	47012	z-zh,j-q-x	1
血块	xuè kuài	47014	j-q-x	1
寻见	xún jiàn	47016	ian-iang,j-q-x	1
寻声	xún shēng	47017	en-eng,s-sh,j-q-x	1
寻踪	xún zōng	47018	z-zh,j-q-x	1
驯兽	xùn shòu	47019	ao-ou,s-sh,j-q-x	1
压腿	yā tuǐ	47020		1
烟霞	yān xiá	47021	an-ang,ia-ie,j-q-x	1
鼹鼠	yǎn shǔ	47022	an-ang,s-sh	3
艳装	yàn zhuāng	47023	an-ang,uan-uang,z-zh	1
夷灭	yí miè	47026	ia-ie	1
佚名	yì míng	47028	in-ing	3
译注	yì zhù	47029	z-zh	1
银矿	yín kuàng	47031	in-ing,uan-uang	1
引语	yǐn yǔ	47032	in-ing	1
影后	yǐng hòu	47034	in-ing,ao-ou,h-f	1
硬伤	yìng shāng	47035	in-ing,an-ang,s-sh	1
泳道	yǒng dào	47036	ao-ou	1
优容	yōu róng	47037	ao-ou,r-l	1
幽门	yōu mén	47038	en-eng,ao-ou	1
幽僻	yōu pì	47039	ao-ou	1
油香	yóu xiang	47040	ian-iang,ao-ou,j-q-x	1
鱼卵	yú luǎn	47041	uan-uang,n-l,r-l	1
语速	yǔ sù	47042	s-sh	1
原值	yuán zhí	47043	uan-uang,z-zh	1
愿心	yuàn xīn	47046	in-ing,uan-uang,j-q-x	1
杂品	zá pǐn	47047	in-ing,z-zh	1
脏污	zāng wū	47048	an-ang,z-zh	1
战刀	zhàn dāo	47049	an-ang,ao-ou,z-zh	1
知照	zhī zhào	47050	ao-ou,z-zh	1
重孝	zhòng xiào	47054	z-zh,j-q-x	1
朱批	zhū pī	47055	z-zh	1
属意	zhǔ yì	47056	z-zh	1
助研	zhù yán	47057	an-ang,z-zh	1
转调	zhuǎn diào	47058	uan-uang,z-zh	1
锥体	zhuī tǐ	47060	z-zh	1
桌案	zhuō àn	47061	an-ang,ua-uo,z-zh	1
字库	zì kù	47062	z-zh	1
走步	zǒu bù	47063	ao-ou,z-zh	1
做亲	zuò qīn	47065	in-ing,ua-uo,z-zh,j-q-x	1
哀恸	āi tòng	47066	ai-ei	3
傲岸	ào àn	47067	an-ang,ao-ou	1
拔擢	bá zhuó	47068	ua-uo,z-zh	3
白鲢	bái lián	47069	ian-iang,ai-ei,n-l,r-l	3
绑缚	bǎng fù	47073	an-ang,h-f	1
暴突	bào tū	47074	ao-ou	1
杯盏	bēi zhǎn	47075	an-ang,ai-ei,z-zh	1
碑亭	bēi tíng	47076	in-ing,ai-ei	1
鄙陋	bǐ lòu	47077	ao-ou,n-l,r-l	1
闭卷	bì juàn	47078	uan-uang,j-q-x	1
壁柜	bì guì	47079		1
壁毯	bì tǎn	47080	an-ang	1
别集	bié jí	47081	ia-ie,j-q-x	1
补记	bǔ jì	47082	j-q-x	1
补休	bǔ xiū	47083	j-q-x	1
簿记	bù jì	47084	j-q-x	1
菜品	cài pǐn	47085	in-ing,ai-ei,c-ch	1
草约	cǎo yuē	47086	ao-ou,c-ch	1
潮剧	cháo jù	47088	ao-ou,c-ch,j-q-x	1
尘雾	chén wù	47091	en-eng,c-ch	1
尘缘	chén yuán	47092	en-eng,uan-uang,c-ch	1
冲要	chōng yào	47094	ao-ou,c-ch	1
出镜	chū jìng	47095	in-ing,c-ch,j-q-x	1
船桨	chuán jiǎng	47097	ian-iang,uan-uang,c-ch,j-q-x	1
春药	chūn yào	47099	ao-ou,c-ch	1
辞赋	cí fù	47101	c-ch,h-f	1
葱头	cōng tóu	47102	ao-ou,c-ch	1
从俗	cóng sú	47103	c-ch,s-sh	1
大媒	dà méi	47104	ai-ei	1
大油	dà yóu	47106	ao-ou	1
带话	dài huà	47107	ai-ei,ua-uo,h-f	1
怠惰	dài duò	47108	ai-ei,ua-uo	1
戴孝	dài xiào	47109	ai-ei,j-q-x	1
单幅	dān fú	47110	an-ang,h-f	1
当午	dāng wǔ	47112	an-ang	1
倒班	dǎo bān	47115	an-ang,ao-ou	1
得劲	dé jìn	47116	in-ing,j-q-x	1
电函	diàn hán	47118	an-ang,ian-iang,h-f	1
垫支	diàn zhī	47120	ian-iang,z-zh	1
肚兜	dù dōu	47122	ao-ou	1
镀锌	dù xīn	47123	in-ing,j-q-x	1
断航	duàn háng	47124	an-ang,uan-uang,h-f	1
对家	duì jiā	47126	ia-ie,j-q-x	1
耳背	ěr bèi	47127	ai-ei	1
翻搅	fān jiǎo	47129	an-ang,h-f,j-q-x	1
翻毛	fān máo	47130	an-ang,ao-ou,h-f	1
凡响	fán xiǎng	47131	an-ang,ian-iang,h-f,j-q-x	1
返利	fǎn lì	47132	an-ang,n-l,h-f,r-l	1
仿生	fǎng shēng	47133	en-eng,an-ang,s-sh,h-f	1
访查	fǎng chá	47134	an-ang,c-ch,h-f	1
飞掠	fēi lüè	47135	ai-ei,n-l,h-f,r-l	1
奉祀	fèng sì	47137	en-eng,s-sh,h-f	1
改年	gǎi nián	47138	ian-iang,ai-ei,n-l	1
钙片	gài piàn	47139	ian-iang,ai-ei	1
胳肢	gé zhi	47140	z-zh	1
更动	gēng dòng	47141	en-eng	1
古藤	gǔ téng	47144	en-eng	1
牯牛	gǔ niú	47145	n-l	3
怪才	guài cái	47146	ai-ei,c-ch	1
官迷	guān mí	47148	uan-uang	1
光面	guāng miàn	47150	ian-iang,uan-uang	1
贵干	guì gàn	47151	an-ang	1
哈喇	hā la	47153	n-l,h-f,r-l	1
好脸	hǎo liǎn	47154	ian-iang,ao-ou,n-l,h-f,r-l	1
胡吹	hú chuī	47156	c-ch,h-f	1
花卷	huā juǎn	47157	uan-uang,ua-uo,h-f,j-q-x	1
花眼	huā yǎn	47158	an-ang,ua-uo,h-f	1
花烛	huā zhú	47159	ua-uo,z-zh,h-f	1
华年	huá nián	47160	ian-iang,ua-uo,n-l,h-f	1
画轴	huà zhóu	47161	ao-ou,ua-uo,z-zh,h-f	1
桦木	huà mù	47162	ua-uo,h-f	1
怀乡	huái xiāng	47163	ian-iang,h-f,j-q-x	1
换工	huàn gōng	47164	uan-uang,h-f	1
换马	huàn mǎ	47165	uan-uang,h-f	1
荒乱	huāng luàn	47166	uan-uang,n-l,h-f,r-l	1
皇储	huáng chǔ	47167	uan-uang,c-ch,h-f	1
黄毒	huáng dú	47168	uan-uang,h-f	1
慧心	huì xīn	47169	in-ing,h-f,j-q-x	1
羁留	jī liú	47170	n-l,r-l,j-q-x	3
寄食	jì shí	47172	s-sh,j-q-x	1
寄售	jì shòu	47173	ao-ou,s-sh,j-q-x	1
夹生	jiā shēng	47174	en-eng,ia-ie,s-sh,j-q-x	1
兼爱	jiān ài	47175	ian-iang,ai-ei,j-q-x	1
简慢	jiǎn màn	47176	an-ang,ian-iang,j-q-x	1
酱园	jiàng yuán	47178	ian-iang,uan-uang,j-q-x	1
绞索	jiǎo suǒ	47179	ua-uo,s-sh,j-q-x	1
刊头	kān tóu	47185	an-ang,ao-ou	1
烤鸡	kǎo jī	47187	ao-ou,j-q-x	1
肯于	kěn yú	47188	en-eng	1
空勤	kōng qín	47189	in-ing,j-q-x	1
口形	kǒu xíng	47191	in-ing,ao-ou,j-q-x	1
口译	kǒu yì	47192	ao-ou	1
奎宁	kuí níng	47194	in-ing,n-l	3
篮筐	lán kuāng	47196	an-ang,uan-uang,n-l,r-l	1
空仓	kōng cāng	47197	an-ang,c-ch	1
了局	liǎo jú	47199	n-l,r-l,j-q-x	1
溜滑	liū huá	47202	ua-uo,n-l,h-f,r-l	1
鎏金	liú jīn	47203	in-ing,n-l,r-l,j-q-x	3
鸬鹚	lú cí	47204	c-ch,n-l,r-l	2
毛躁	máo zao	47206	ao-ou,z-zh	1
苗期	miáo qī	47208	j-q-x	1
秒表	miǎo biǎo	47209		1
篾片	miè piàn	47210	ian-iang,ia-ie	3
明鉴	míng jiàn	47212	in-ing,ian-iang,j-q-x	1
牧畜	mù xù	47215	j-q-x	1
拿办	ná bàn	47217	an-ang,n-l	1
南音	nán yīn	47218	in-ing,an-ang,n-l	1
逆党	nì dǎng	47220	an-ang,n-l	1
娘亲	niáng qīn	47221	in-ing,ian-iang,n-l,j-q-x	1
女气	nǚ qì	47222	n-l,j-q-x	1
赖婚	lài hūn	47223	ai-ei,n-l,h-f,r-l	1
啪嗒	pā dā	47224		3
判词	pàn cí	47225	an-ang,c-ch	1
陪绑	péi bǎng	47226	an-ang,ai-ei	1
配属	pèi shǔ	47227	ai-ei,s-sh	1
硼酸	péng suān	47228	en-eng,uan-uang,s-sh	3
皮糖	pí táng	47230	an-ang	1
皮相	pí xiàng	47231	ian-iang,j-q-x	1
飘悠	piāo you	47233	ao-ou	1
哭灵	kū líng	47235	in-ing,n-l,r-l	1
铺叙	pū xù	47236	j-q-x	1
奇志	qí zhì	47238	z-zh,j-q-x	1
棋风	qí fēng	47239	en-eng,h-f,j-q-x	1
起夜	qǐ yè	47240	j-q-x	1
枪机	qiāng jī	47242	ian-iang,j-q-x	1
请援	qǐng yuán	47244	in-ing,uan-uang,j-q-x	1
曲尺	qū chǐ	47245	c-ch,j-q-x	1
绕路	rào lù	47247	ao-ou,n-l,r-l	1
认生	rèn shēng	47249	en-eng,s-sh,r-l	1
乳酪	rǔ lào	47251	ao-ou,n-l,r-l	1
软蛋	ruǎn dàn	47252	an-ang,uan-uang,r-l	1
闰年	rùn nián	47254	ian-iang,n-l,r-l	1
潸潸	shān shān	47258	an-ang,s-sh	2
商酌	shāng zhuó	47259	an-ang,ua-uo,z-zh,s-sh	1
生漆	shēng qī	47262	en-eng,s-sh,j-q-x	1
声辩	shēng biàn	47264	en-eng,ian-iang,s-sh	1
失检	shī jiǎn	47265	ian-iang,s-sh,j-q-x	1
誓愿	shì yuàn	47268	uan-uang,s-sh	1
授命	shòu mìng	47269	in-ing,ao-ou,s-sh	1
兽行	shòu xíng	47270	in-ing,ao-ou,s-sh,j-q-x	1
束装	shù zhuāng	47271	uan-uang,z-zh,s-sh	1
四则	sì zé	47273	z-zh,s-sh	1
送灶	sòng zào	47275	ao-ou,z-zh,s-sh	1
素淡	sù dàn	47277	an-ang,s-sh	1
随迁	suí qiān	47278	ian-iang,s-sh,j-q-x	1
探雷	tàn léi	47280	an-ang,ai-ei,n-l,r-l	1
淌汗	tǎng hàn	47281	an-ang,h-f	1
鹈鹕	tí hú	47283	h-f	2
体认	tǐ rèn	47284	en-eng,r-l	1
天葬	tiān zàng	47285	an-ang,ian-iang,z-zh	1
田舍	tián shè	47286	ian-iang,s-sh	1
听诊	tīng zhěn	47287	en-eng,in-ing,z-zh	1
同门	tóng mén	47288	en-eng	1
推子	tuī zi	47292	z-zh	1
托子	tuō zi	47293	ua-uo,z-zh	1
拖布	tuō bù	47294	ua-uo	1
顽敌	wán dí	47295	an-ang	1
晚班	wǎn bān	47296	an-ang	1
晚场	wǎn chǎng	47297	an-ang,c-ch	1
妄谈	wàng tán	47298	an-ang	1
威迫	wēi pò	47299	ai-ei	1
洗濯	xǐ zhuó	47303	ua-uo,z-zh,j-q-x	3
小聚	xiǎo jù	47305	j-q-x	1
小考	xiǎo kǎo	47306	ao-ou,j-q-x	1
小令	xiǎo lìng	47307	in-ing,n-l,r-l,j-q-x	1
孝廉	xiào lián	47308	ian-iang,n-l,r-l,j-q-x	1
欣幸	xīn xìng	47309	in-ing,j-q-x	1
信从	xìn cóng	47311	in-ing,c-ch,j-q-x	1
虚掷	xū zhì	47314	z-zh,j-q-x	1
掩鼻	yǎn bí	47315	an-ang	1
宴客	yàn kè	47316	an-ang	1
要津	yào jīn	47317	in-ing,ao-ou,j-q-x	1
一者	yī zhě	47320	z-zh	1
移防	yí fáng	47322	an-ang,h-f	1
益虫	yì chóng	47323	c-ch	1
应诺	yìng nuò	47325	in-ing,ua-uo,n-l	1
柚木	yóu mù	47327	ao-ou	3
园陵	yuán líng	47329	in-ing,uan-uang,n-l,r-l	1
园圃	yuán pǔ	47330	uan-uang	1
约数	yuē shù	47331	s-sh	1
谵语	zhān yǔ	47335	an-ang,z-zh	3
着数	zhāo shù	47336	ao-ou,z-zh,s-sh	1
照临	zhào lín	47337	in-ing,ao-ou,z-zh,n-l,r-l	1
鸩毒	zhèn dú	47338	en-eng,z-zh	3
政制	zhèng zhì	47340	en-eng,z-zh	1
指画	zhǐ huà	47342	ua-uo,z-zh,h-f	1
指证	zhǐ zhèng	47343	en-eng,z-zh	1
衷曲	zhōng qū	47344	z-zh,j-q-x	1
周延	zhōu yán	47345	an-ang,ao-ou,z-zh	1
主唱	zhǔ chàng	47346	an-ang,z-zh,c-ch	1
准数	zhǔn shù	47348	z-zh,s-sh	1
宗谱	zōng pǔ	47349	z-zh	1
总校	zǒng xiào	47350	z-zh,j-q-x	1
坐具	zuò jù	47353	ua-uo,z-zh,j-q-x	1
哀戚	āi qī	47355	ai-ei,j-q-x	1
爱称	ài chēng	47356	en-eng,ai-ei,c-ch	1
把盏	bǎ zhǎn	47358	an-ang,z-zh	1
拜服	bài fú	47361	ai-ei,h-f	1
稗草	bài cǎo	47362	ai-ei,ao-ou,c-ch	3
包场	bāo chǎng	47364	an-ang,ao-ou,c-ch	1
悲啼	bēi tí	47366	ai-ei	1
备品	bèi pǐn	47368	in-ing,ai-ei	1
庇佑	bì yòu	47369	ao-ou	1
波谱	bō pǔ	47370		1
播扬	bō yáng	47371	an-ang	1
苍郁	cāng yù	47373	an-ang,c-ch	1
糙米	cāo mǐ	47374	ao-ou,c-ch	1
柴垛	chái duò	47375	ai-ei,ua-uo,c-ch	1
谄笑	chǎn xiào	47376	an-ang,c-ch,j-q-x	3
唱盘	chàng pán	47378	an-ang,c-ch	1
抄报	chāo bào	47379	ao-ou,c-ch	1
炒汇	chǎo huì	47380	ao-ou,c-ch,h-f	1
沉冤	chén yuān	47381	en-eng,uan-uang,c-ch	1
持球	chí qiú	47382	c-ch,j-q-x	1
冲程	chōng chéng	47383	en-eng,c-ch	1
冲抵	chōng dǐ	47384	c-ch	1
冲销	chōng xiāo	47385	c-ch,j-q-x	1
冲澡	chōng zǎo	47386	ao-ou,z-zh,c-ch	1
重檐	chóng yán	47387	an-ang,c-ch	1
触痛	chù tòng	47389	c-ch	1
穿孝	chuān xiào	47390	uan-uang,c-ch,j-q-x	1
垂吊	chuí diào	47391	c-ch	1
词源	cí yuán	47392	uan-uang,c-ch	1
丛山	cóng shān	47393	an-ang,c-ch,s-sh	1
粗粝	cū lì	47394	c-ch,n-l,r-l	3
崔嵬	cuī wéi	47395	ai-ei,c-ch	3
大本	dà běn	47398	en-eng	1
代培	dài péi	47401	ai-ei	1
蛋清	dàn qīng	47402	in-ing,an-ang,j-q-x	1
导购	dǎo gòu	47403	ao-ou	1
灯管	dēng guǎn	47404	en-eng,uan-uang	1
点炮	diǎn pào	47405	ian-iang,ao-ou	1
点穴	diǎn xué	47406	ian-iang,j-q-x	1
电钻	diàn zuàn	47408	ian-iang,uan-uang,z-zh	1
调职	diào zhí	47411	z-zh	1
丁零	dīng líng	47412	in-ing,n-l,r-l	1
陡直	dǒu zhí	47416	ao-ou,z-zh	1
垛口	duǒ kǒu	47418	ao-ou,ua-uo	1
腭裂	è liè	47419	ia-ie,n-l,r-l	3
发水	fā shuǐ	47421	s-sh,h-f	1
发胶	fà jiāo	47422	h-f,j-q-x	1
发妻	fà qī	47423	h-f,j-q-x	1
翻沉	fān chén	47424	en-eng,an-ang,c-ch,h-f	1
飞弹	fēi dàn	47428	an-ang,ai-ei,h-f	1
飞舟	fēi zhōu	47429	ai-ei,ao-ou,z-zh,h-f	1
拂尘	fú chén	47432	en-eng,c-ch,h-f	1
服膺	fú yīng	47433	in-ing,h-f	3
俘敌	fú dí	47434	h-f	1
杠头	gàng tóu	47435	an-ang,ao-ou	1
高栏	gāo lán	47436	an-ang,ao-ou,n-l,r-l	1
膏血	gāo xuè	47438	ao-ou,j-q-x	1
膏腴	gāo yú	47439	ao-ou	3
歌诀	gē jué	47440	j-q-x	1
隔房	gé fáng	47441	an-ang,h-f	1
工巧	gōng qiǎo	47442	j-q-x	1
共居	gòng jū	47444	j-q-x	1
刮刀	guā dāo	47446	ao-ou,ua-uo	1
寡淡	guǎ dàn	47447	an-ang,ua-uo	1
灌酒	guàn jiǔ	47448	uan-uang,j-q-x	1
柜房	guì fáng	47452	an-ang,h-f	1
滚翻	gǔn fān	47453	an-ang,h-f	1
杭育	háng yō	47456	an-ang,h-f	1
横心	héng xīn	47459	en-eng,in-ing,h-f,j-q-x	1
哄闹	hōng nào	47462	ao-ou,n-l,h-f	1
后儿	hòu er	47463	ao-ou,h-f	1
后周	hòu zhōu	47464	ao-ou,z-zh,h-f	1
画具	huà jù	47465	ua-uo,h-f,j-q-x	1
宦海	huàn hǎi	47466	uan-uang,ai-ei,h-f	1
荒疏	huāng shū	47468	uan-uang,s-sh,h-f	1
回绕	huí rào	47471	ao-ou,h-f,r-l	1
汇展	huì zhǎn	47472	an-ang,z-zh,h-f	1
火辣	huǒ là	47473	ua-uo,n-l,h-f,r-l	1
火网	huǒ wǎng	47474	an-ang,ua-uo,h-f	1
鸡瘟	jī wēn	47475	en-eng,j-q-x	1
记认	jì rèn	47476	en-eng,r-l,j-q-x	1
歼击	jiān jī	47478	ian-iang,j-q-x	1
鉴戒	jiàn jiè	47483	ian-iang,ia-ie,j-q-x	1
胶着	jiāo zhuó	47484	ua-uo,z-zh,j-q-x	1
缴款	jiǎo kuǎn	47485	uan-uang,j-q-x	1
界说	jiè shuō	47487	ia-ie,ua-uo,s-sh,j-q-x	1
浸蚀	jìn shí	47489	in-ing,s-sh,j-q-x	1
经卷	jīng juàn	47490	in-ing,uan-uang,j-q-x	1
惊觉	jīng jué	47491	in-ing,j-q-x	1
竟至	jìng zhì	47492	in-ing,z-zh,j-q-x	1
境域	jìng yù	47493	in-ing,j-q-x	1
酒具	jiǔ jù	47495	j-q-x	1
居处	jū chǔ	47496	c-ch,j-q-x	1
橘红	jú hóng	47497	h-f,j-q-x	1
剧评	jù píng	47498	in-ing,j-q-x	1
均沾	jūn zhān	47500	an-ang,z-zh,j-q-x	1
哭腔	kū qiāng	47501	ian-iang,j-q-x	1
块垒	kuài lěi	47503	ai-ei,n-l,r-l	1
快手	kuài shǒu	47504	ao-ou,s-sh	1
宽畅	kuān chàng	47505	an-ang,uan-uang,c-ch	1
宽待	kuān dài	47506	uan-uang,ai-ei	1
矿场	kuàng chǎng	47507	an-ang,uan-uang,c-ch	1
泪腺	lèi xiàn	47512	ian-iang,ai-ei,n-l,r-l,j-q-x	1
羚牛	líng niú	47516	in-ing,n-l,r-l	1
芦荡	lú dàng	47517	an-ang,n-l,r-l	1
落第	luò dì	47522	ua-uo,n-l,r-l	1
卖劲	mài jìn	47523	in-ing,ai-ei,j-q-x	1
漫说	màn shuō	47524	an-ang,ua-uo,s-sh	1
冒泡	mào pào	47525	ao-ou	1
米黄	mǐ huáng	47526	uan-uang,h-f	1
密级	mì jí	47527	j-q-x	1
明瓦	míng wǎ	47529	in-ing	1
螟蛉	míng líng	47530	in-ing,n-l,r-l	2
男乒	nán pīng	47531	in-ing,an-ang,n-l	1
内急	nèi jí	47533	ai-ei,n-l,j-q-x	1
内景	nèi jǐng	47534	in-ing,ai-ei,n-l,j-q-x	1
内秀	nèi xiù	47535	ai-ei,n-l,j-q-x	1
泥胎	ní tāi	47537	ai-ei,n-l	1
拟古	nǐ gǔ	47539	n-l	1
尿酸	niào suān	47540	uan-uang,s-sh,n-l	1
凝目	níng mù	47541	in-ing,n-l	1
判罪	pàn zuì	47545	an-ang,z-zh	1
跑鞋	pǎo xié	47546	ao-ou,ia-ie,j-q-x	1
喷管	pēn guǎn	47547	en-eng,uan-uang	1
聘金	pìn jīn	47548	in-ing,j-q-x	1
凭单	píng dān	47549	in-ing,an-ang	1
萍踪	píng zōng	47550	in-ing,z-zh	1
铺筑	pū zhù	47551	z-zh	1
气窗	qì chuāng	47552	uan-uang,c-ch,j-q-x	1
墙垣	qiáng yuán	47554	ian-iang,uan-uang,j-q-x	3
祛风	qū fēng	47560	en-eng,h-f,j-q-x	3
全份	quán fèn	47562	en-eng,uan-uang,h-f,j-q-x	1
润笔	rùn bǐ	47567	r-l	1
腮腺	sāi xiàn	47568	ian-iang,ai-ei,s-sh,j-q-x	1
善忘	shàn wàng	47572	an-ang,s-sh	1
韶华	sháo huá	47574	ao-ou,ua-uo,s-sh,h-f	3
神算	shén suàn	47576	en-eng,uan-uang,s-sh	1
审度	shěn duó	47577	en-eng,ua-uo,s-sh	1
试听	shì tīng	47579	in-ing,s-sh	1
手紧	shǒu jǐn	47580	in-ing,ao-ou,s-sh,j-q-x	1
受洗	shòu xǐ	47582	ao-ou,s-sh,j-q-x	1
数九	shǔ jiǔ	47583	s-sh,j-q-x	1
塑封	sù fēng	47585	en-eng,s-sh,h-f	1
烫头	tàng tóu	47586	an-ang,ao-ou	1
特护	tè hù	47587	h-f	1
特准	tè zhǔn	47588	z-zh	1
誊清	téng qīng	47589	en-eng,in-ing,j-q-x	1
提灌	tí guàn	47590	uan-uang	1
替考	tì kǎo	47591	ao-ou	1
嚏喷	tì pen	47592	en-eng	3
田坎	tián kǎn	47593	an-ang,ian-iang	1
痛风	tòng fēng	47596	en-eng,h-f	1
透底	tòu dǐ	47597	ao-ou	1
退赃	tuì zāng	47598	an-ang,z-zh	1
瓦当	wǎ dāng	47599	an-ang	1
网管	wǎng guǎn	47600	an-ang,uan-uang	1
魏碑	wèi bēi	47601	ai-ei	1
文竹	wén zhú	47604	en-eng,z-zh	1
下首	xià shǒu	47606	ao-ou,ia-ie,s-sh,j-q-x	1
下弦	xià xián	47607	ian-iang,ia-ie,j-q-x	1
闲愁	xián chóu	47608	ian-iang,ao-ou,c-ch,j-q-x	1
显圣	xiǎn shèng	47609	en-eng,ian-iang,s-sh,j-q-x	1
现房	xiàn fáng	47610	an-ang,ian-iang,h-f,j-q-x	1
消食	xiāo shí	47611	s-sh,j-q-x	1
销纳	xiāo nà	47612	n-l,j-q-x	1
销行	xiāo xíng	47613	in-ing,j-q-x	1
小写	xiǎo xiě	47615	ia-ie,j-q-x	1
孝悌	xiào tì	47616	j-q-x	3
协奏	xié zòu	47617	ao-ou,ia-ie,z-zh,j-q-x	1
谢忱	xiè chén	47618	en-eng,ia-ie,c-ch,j-q-x	1
绪论	xù lùn	47620	n-l,r-l,j-q-x	1
训词	xùn cí	47622	c-ch,j-q-x	1
徇情	xùn qíng	47623	in-ing,j-q-x	3
盐工	yán gōng	47624	an-ang	1
盐矿	yán kuàng	47625	an-ang,uan-uang	1
邀赏	yāo shǎng	47628	an-ang,ao-ou,s-sh	1
要账	yào zhàng	47629	an-ang,ao-ou,z-zh	1
夜场	yè chǎng	47630	an-ang,c-ch	1
依顺	yī shùn	47633	s-sh	1
异趣	yì qù	47635	j-q-x	1
银狐	yín hú	47636	in-ing,h-f	1
颖悟	yǐng wù	47637	in-ing	1
悠游	yōu yóu	47639	ao-ou	1
迂缓	yū huǎn	47642	uan-uang,h-f	1
玉佩	yù pèi	47645	ai-ei	1
裕如	yù rú	47646	r-l	1
冤孽	yuān niè	47647	uan-uang,ia-ie,n-l	1
远途	yuǎn tú	47648	uan-uang	1
月令	yuè lìng	47649	in-ing,n-l,r-l	1
栽秧	zāi yāng	47650	an-ang,ai-ei,z-zh	1
宰人	zǎi rén	47651	en-eng,ai-ei,z-zh,r-l	1
在聘	zài pìn	47652	in-ing,ai-ei,z-zh	1
折皱	zhé zhòu	47653	ao-ou,z-zh	1
正字	zhèng zì	47656	en-eng,z-zh	1
证婚	zhèng hūn	47657	en-eng,z-zh,h-f	1
脂膏	zhī gāo	47658	ao-ou,z-zh	1
志哀	zhì āi	47659	ai-ei,z-zh	1
周波	zhōu bō	47661	ao-ou,z-zh	1
竹席	zhú xí	47662	z-zh,j-q-x	1
壮阳	zhuàng yáng	47665	an-ang,uan-uang,z-zh	1
自馁	zì něi	47668	ai-ei,z-zh,n-l	1
钻杆	zuàn gǎn	47670	an-ang,uan-uang,z-zh	1
嘴直	zuǐ zhí	47671	z-zh	1
坐商	zuò shāng	47672	an-ang,ua-uo,z-zh,s-sh	1
暗房	àn fáng	47675	an-ang,h-f	1
暗泣	àn qì	47676	an-ang,j-q-x	1
拜客	bài kè	47678	ai-ei	1
板条	bǎn tiáo	47680	an-ang	1
包换	bāo huàn	47681	uan-uang,ao-ou,h-f	1
倍率	bèi lǜ	47686	ai-ei,n-l,r-l	1
比及	bǐ jí	47688	j-q-x	1
贬官	biǎn guān	47689	ian-iang,uan-uang	1
表盘	biǎo pán	47691	an-ang	1
闪离	shǎn lí	47696	an-ang,s-sh,n-l,r-l	1
采择	cǎi zé	47697	ai-ei,z-zh,c-ch	1
蚕子	cán zǐ	47698	an-ang,z-zh,c-ch	1
柴鸡	chái jī	47700	ai-ei,c-ch,j-q-x	1
馋猫	chán māo	47701	an-ang,ao-ou,c-ch	1
厂纪	chǎng jì	47702	an-ang,c-ch,j-q-x	1
伛偻	yǔ lǚ	47703	n-l,r-l	2
裸退	luǒ tuì	47706	ua-uo,n-l,r-l	1
成寐	chéng mèi	47707	en-eng,ai-ei,c-ch	3
把晤	bǎ wù	47708		3
吃荤	chī hūn	47709	c-ch,h-f	1
驰誉	chí yù	47710	c-ch	1
愁人	chóu rén	47712	en-eng,ao-ou,c-ch,r-l	1
筹商	chóu shāng	47713	an-ang,ao-ou,c-ch,s-sh	1
出赛	chū sài	47715	ai-ei,c-ch,s-sh	1
传译	chuán yì	47717	uan-uang,c-ch	1
床子	chuáng zi	47718	uan-uang,z-zh,c-ch	1
捶击	chuí jī	47719	c-ch,j-q-x	1
次等	cì děng	47720	en-eng,c-ch	1
刺字	cì zì	47721	z-zh,c-ch	1
粗哑	cū yǎ	47722	c-ch	1
矬子	cuó zi	47723	ua-uo,z-zh,c-ch	3
打拱	dǎ gǒng	47724		1
大端	dà duān	47726	uan-uang	1
待建	dài jiàn	47727	ian-iang,ai-ei,j-q-x	1
单弱	dān ruò	47728	an-ang,ua-uo,r-l	1
弹痕	dàn hén	47730	en-eng,an-ang,h-f	1
垫肩	diàn jiān	47734	ian-iang,j-q-x	1
拒聘	jù pìn	47737	in-ing,j-q-x	1
顶针	dǐng zhēn	47738	en-eng,in-ing,z-zh	1
冬烘	dōng hōng	47739	h-f	1
笃实	dǔ shí	47740	s-sh	3
发糕	fā gāo	47743	ao-ou,h-f	1
发困	fā kùn	47744	h-f	1
发薪	fā xīn	47745	in-ing,h-f,j-q-x	1
反方	fǎn fāng	47746	an-ang,h-f	1
反骨	fǎn gǔ	47747	an-ang,h-f	1
伏旱	fú hàn	47751	an-ang,h-f	1
复壮	fù zhuàng	47753	uan-uang,z-zh,h-f	1
干呕	gān ǒu	47754	an-ang,ao-ou	1
钢印	gāng yìn	47756	in-ing,an-ang	1
耿介	gěng jiè	47759	en-eng,ia-ie,j-q-x	1
瘌痢	là lì	47760	n-l,r-l	3
勾销	gōu xiāo	47762	ao-ou,j-q-x	1
孤悬	gū xuán	47764	uan-uang,j-q-x	1
姑表	gū biǎo	47765		1
挂花	guà huā	47766	ua-uo,h-f	1
拐带	guǎi dài	47767	ai-ei	1
闺门	guī mén	47768	en-eng	1
果核	guǒ hé	47769	ua-uo,h-f	1
果枝	guǒ zhī	47770	ua-uo,z-zh	1
嗨哟	hāi yō	47771	ai-ei,h-f	3
悍妇	hàn fù	47773	an-ang,h-f	1
横排	héng pái	47774	en-eng,ai-ei,h-f	1
訇然	hōng rán	47775	an-ang,h-f,r-l	3
后坐	hòu zuò	47776	ao-ou,ua-uo,z-zh,h-f	1
滑润	huá rùn	47780	ua-uo,h-f,r-l	1
灰浆	huī jiāng	47781	ian-iang,h-f,j-q-x	1
回撤	huí chè	47783	c-ch,h-f	1
回单	huí dān	47784	an-ang,h-f	1
回请	huí qǐng	47785	in-ing,h-f,j-q-x	1
会通	huì tōng	47786	h-f	1
火绳	huǒ shéng	47787	en-eng,ua-uo,s-sh,h-f	1
货箱	huò xiāng	47788	ian-iang,ua-uo,h-f,j-q-x	1
奇数	jī shù	47789	s-sh,j-q-x	1
稽征	jī zhēng	47790	en-eng,z-zh,j-q-x	1
技穷	jì qióng	47791	j-q-x	1
奸计	jiān jì	47794	ian-iang,j-q-x	1
减省	jiǎn shěng	47796	en-eng,ian-iang,s-sh,j-q-x	1
椒盐	jiāo yán	47798	an-ang,j-q-x	1
金器	jīn qì	47799	in-ing,j-q-x	1
浸淫	jìn yín	47801	in-ing,j-q-x	1
净胜	jìng shèng	47802	en-eng,in-ing,s-sh,j-q-x	1
酒醉	jiǔ zuì	47804	z-zh,j-q-x	1
雎鸠	jū jiū	47805	j-q-x	2
卷轴	juàn zhóu	47806	uan-uang,ao-ou,z-zh,j-q-x	1
戡乱	kān luàn	47807	an-ang,uan-uang,n-l,r-l	3
考订	kǎo dìng	47809	in-ing,ao-ou	1
坑口	kēng kǒu	47810	en-eng,ao-ou	1
空炮	kōng pào	47811	ao-ou	1
拉杂	lā zá	47813	z-zh,n-l,r-l	1
离席	lí xí	47817	n-l,r-l,j-q-x	1
礼佛	lǐ fó	47818	n-l,h-f,r-l	1
了了	liǎo liǎo	47819	n-l,r-l	1
灵台	líng tái	47820	in-ing,ai-ei,n-l,r-l	1
芦柴	lú chái	47824	ai-ei,c-ch,n-l,r-l	1
伦常	lún cháng	47825	an-ang,c-ch,n-l,r-l	1
马圈	mǎ quān	47828	uan-uang,j-q-x	1
满期	mǎn qī	47830	an-ang,j-q-x	1
幔帐	màn zhàng	47831	an-ang,z-zh	3
棉桃	mián táo	47835	ian-iang,ao-ou	1
冥币	míng bì	47836	in-ing	1
摸高	mō gāo	47837	ao-ou	1
魔杖	mó zhàng	47838	an-ang,z-zh	1
木模	mù mú	47839		1
偶合	ǒu hé	47843	ao-ou,h-f	1
庖厨	páo chú	47847	ao-ou,c-ch	3
捧腹	pěng fù	47849	en-eng,h-f	1
扑粉	pū fěn	47852	en-eng,h-f	1
扑满	pū mǎn	47853	an-ang	1
期年	qī nián	47855	ian-iang,n-l,j-q-x	1
欺生	qī shēng	47856	en-eng,s-sh,j-q-x	1
耆宿	qí sù	47857	s-sh,j-q-x	3
棋路	qí lù	47858	n-l,r-l,j-q-x	1
千赫	qiān hè	47859	ian-iang,h-f,j-q-x	1
迁离	qiān lí	47860	ian-iang,n-l,r-l,j-q-x	1
轻侮	qīng wǔ	47862	in-ing,j-q-x	1
清样	qīng yàng	47863	in-ing,an-ang,j-q-x	1
清逸	qīng yì	47864	in-ing,j-q-x	1
求签	qiú qiān	47866	ian-iang,j-q-x	1
趋时	qū shí	47867	s-sh,j-q-x	1
权宜	quán yí	47869	uan-uang,j-q-x	1
入伏	rù fú	47871	h-f,r-l	1
软席	ruǎn xí	47872	uan-uang,r-l,j-q-x	1
赛球	sài qiú	47874	ai-ei,s-sh,j-q-x	1
散亡	sàn wáng	47877	an-ang,s-sh	1
色笔	sè bǐ	47878	s-sh	1
疝气	shàn qì	47879	an-ang,s-sh,j-q-x	3
奢谈	shē tán	47881	an-ang,s-sh	1
石锁	shí suǒ	47883	ua-uo,s-sh	1
时文	shí wén	47884	en-eng,s-sh	1
手黑	shǒu hēi	47887	ai-ei,ao-ou,s-sh,h-f	1
疏懒	shū lǎn	47888	an-ang,s-sh,n-l,r-l	1
逃婚	táo hūn	47889	ao-ou,h-f	1
陶土	táo tǔ	47890	ao-ou	1
藤子	téng zi	47892	en-eng,z-zh	1
题型	tí xíng	47893	in-ing,j-q-x	1
天壤	tiān rǎng	47895	an-ang,ian-iang,r-l	1
彤红	tóng hóng	47898	h-f	1
统编	tǒng biān	47899	ian-iang	1
偷空	tōu kòng	47900	ao-ou	1
头纱	tóu shā	47901	ao-ou,s-sh	1
推普	tuī pǔ	47904		1
托庇	tuō bì	47905	ua-uo	1
坨子	tuó zi	47907	ua-uo,z-zh	3
驼色	tuó sè	47908	ua-uo,s-sh	1
圩堤	wéi dī	47911	ai-ei	3
温酒	wēn jiǔ	47912	en-eng,j-q-x	1
文蛤	wén gé	47913	en-eng	1
稳拿	wěn ná	47914	en-eng,n-l	1
习尚	xí shàng	47917	an-ang,s-sh,j-q-x	1
险固	xiǎn gù	47919	ian-iang,j-q-x	1
详略	xiáng lüè	47922	ian-iang,n-l,r-l,j-q-x	1
小修	xiǎo xiū	47923	j-q-x	1
鞋样	xié yàng	47924	an-ang,ia-ie,j-q-x	1
休书	xiū shū	47927	s-sh,j-q-x	1
徐缓	xú huǎn	47929	uan-uang,h-f,j-q-x	1
续会	xù huì	47930	h-f,j-q-x	1
续聘	xù pìn	47931	in-ing,j-q-x	1
选辑	xuǎn jí	47932	uan-uang,j-q-x	1
血尿	xuè niào	47934	n-l,j-q-x	1
寻味	xún wèi	47935	ai-ei,j-q-x	1
酽茶	yàn chá	47936	an-ang,c-ch	3
燕雀	yàn què	47937	an-ang,j-q-x	1
杨木	yáng mù	47938	an-ang	1
养汉	yǎng hàn	47939	an-ang,h-f	1
哟嗬	yō hē	47941	h-f	3
遥祝	yáo zhù	47942	ao-ou,z-zh	1
药补	yào bǔ	47943	ao-ou	1
夜曲	yè qǔ	47944	j-q-x	1
怡人	yí rén	47946	en-eng,r-l	1
译码	yì mǎ	47947		1
音程	yīn chéng	47948	en-eng,in-ing,c-ch	1
音画	yīn huà	47949	in-ing,ua-uo,h-f	1
印泥	yìn ní	47950	in-ing,n-l	1
应诊	yìng zhěn	47952	en-eng,in-ing,z-zh	1
用典	yòng diǎn	47954	ian-iang	1
幼师	yòu shī	47955	ao-ou,s-sh	1
余毒	yú dú	47956		1
杂用	zá yòng	47958	z-zh	1
仗势	zhàng shì	47960	an-ang,z-zh,s-sh	1
招风	zhāo fēng	47961	en-eng,ao-ou,z-zh,h-f	1
招灾	zhāo zāi	47962	ai-ei,ao-ou,z-zh	1
照护	zhào hù	47964	ao-ou,z-zh,h-f	1
罩袍	zhào páo	47965	ao-ou,z-zh	1
遮断	zhē duàn	47966	uan-uang,z-zh	1
蒸锅	zhēng guō	47968	en-eng,ua-uo,z-zh	1
织品	zhī pǐn	47970	in-ing,z-zh	1
滞胀	zhì zhàng	47972	an-ang,z-zh	1
种痘	zhòng dòu	47975	ao-ou,z-zh	1
主粮	zhǔ liáng	47976	ian-iang,z-zh,n-l,r-l	1
赘言	zhuì yán	47977	an-ang,z-zh	1
擢用	zhuó yòng	47978	ua-uo,z-zh	3
龇牙	zī yá	47979	z-zh	3
紫貂	zǐ diāo	47980	z-zh	3
棕红	zōng hóng	47983	z-zh,h-f	1
祖庙	zǔ miào	47985	z-zh	1
佐餐	zuǒ cān	47987	an-ang,ua-uo,z-zh,c-ch	1
吧唧	bā jī	47991	j-q-x	1
拔步	bá bù	47992		1
白板	bái bǎn	47993	an-ang,ai-ei	1
膀臂	bǎng bì	47994	an-ang	1
报单	bào dān	47995	an-ang,ao-ou	1
被覆	bèi fù	47997	ai-ei,h-f	1
摈斥	bìn chì	47998	in-ing,c-ch	3
冰袋	bīng dài	47999	in-ing,ai-ei	1
兵谏	bīng jiàn	48000	in-ing,ian-iang,j-q-x	3
兵制	bīng zhì	48001	in-ing,z-zh	1
播散	bō sàn	48002	an-ang,s-sh	1
薄礼	bó lǐ	48003	n-l,r-l	1
卜辞	bǔ cí	48004	c-ch	1
苍绿	cāng lǜ	48006	an-ang,c-ch,n-l,r-l	1
产床	chǎn chuáng	48008	an-ang,uan-uang,c-ch	1
长缨	cháng yīng	48009	in-ing,an-ang,c-ch	3
唱名	chàng míng	48010	in-ing,an-ang,c-ch	1
车筐	chē kuāng	48011	uan-uang,c-ch	1
尘烟	chén yān	48012	en-eng,an-ang,c-ch	1
承传	chéng chuán	48013	en-eng,uan-uang,c-ch	1
初交	chū jiāo	48015	c-ch,j-q-x	1
初绽	chū zhàn	48016	an-ang,z-zh,c-ch	1
词根	cí gēn	48018	en-eng,c-ch	1
葱翠	cōng cuì	48019	c-ch	1
丛集	cóng jí	48020	c-ch,j-q-x	1
蹿升	cuān shēng	48021	en-eng,uan-uang,c-ch,s-sh	3
打鬼	dǎ guǐ	48023		1
打旗	dǎ qí	48024	j-q-x	1
大刑	dà xíng	48026	in-ing,j-q-x	1
单恋	dān liàn	48029	an-ang,ian-iang,n-l,r-l	1
流调	liú diào	48032	n-l,r-l	1
嫡派	dí pài	48033	ai-ei	3
吊带	diào dài	48035	ai-ei	1
蹀躞	dié xiè	48037	ia-ie,j-q-x	2
肚带	dù dài	48038	ai-ei	1
短寿	duǎn shòu	48039	uan-uang,ao-ou,s-sh	1
断魂	duàn hún	48040	uan-uang,h-f	1
对半	duì bàn	48042	an-ang	1
扼死	è sǐ	48043	s-sh	1
耳轮	ěr lún	48044	n-l,r-l	1
发飘	fā piāo	48045	h-f	1
发套	fà tào	48046	ao-ou,h-f	1
敷用	fū yòng	48049	h-f	1
扶犁	fú lí	48050	n-l,h-f,r-l	1
付现	fù xiàn	48051	ian-iang,h-f,j-q-x	1
改业	gǎi yè	48053	ai-ei	1
高崖	gāo yá	48054	ao-ou	1
高腰	gāo yāo	48055	ao-ou	1
公产	gōng chǎn	48057	an-ang,c-ch	1
巩膜	gǒng mó	48058		1
鼓板	gǔ bǎn	48059	an-ang	1
瓜片	guā piàn	48061	ian-iang,ua-uo	1
光腚	guāng dìng	48062	in-ing,uan-uang	3
龟头	guī tóu	48063	ao-ou	1
憨实	hān shi	48065	an-ang,s-sh,h-f	1
航拍	háng pāi	48066	an-ang,ai-ei,h-f	1
豪雨	háo yǔ	48067	ao-ou,h-f	1
豪猪	háo zhū	48068	ao-ou,z-zh,h-f	1
合心	hé xīn	48069	in-ing,h-f,j-q-x	1
和易	hé yì	48071	h-f	1
黑枣	hēi zǎo	48072	ai-ei,ao-ou,z-zh,h-f	1
桁架	héng jià	48073	en-eng,ia-ie,h-f,j-q-x	3
横越	héng yuè	48074	en-eng,h-f	1
慌神	huāng shén	48077	en-eng,uan-uang,s-sh,h-f	1
黄道	huáng dào	48078	uan-uang,ao-ou,h-f	1
会操	huì cāo	48080	ao-ou,c-ch,h-f	1
婚庆	hūn qìng	48081	in-ing,h-f,j-q-x	1
祸胎	huò tāi	48084	ai-ei,ua-uo,h-f	1
祸心	huò xīn	48085	in-ing,ua-uo,h-f,j-q-x	1
饥饱	jī bǎo	48087	ao-ou,j-q-x	1
激灵	jī ling	48088	in-ing,n-l,r-l,j-q-x	1
即食	jí shí	48089	s-sh,j-q-x	1
寄赠	jì zèng	48090	en-eng,z-zh,j-q-x	1
江米	jiāng mǐ	48093	ian-iang,j-q-x	1
娇儿	jiāo ér	48095	j-q-x	1
绞盘	jiǎo pán	48096	an-ang,j-q-x	1
剿除	jiǎo chú	48097	c-ch,j-q-x	1
界桩	jiè zhuāng	48100	uan-uang,ia-ie,z-zh,j-q-x	1
警铃	jǐng líng	48102	in-ing,n-l,r-l,j-q-x	1
竞答	jìng dá	48103	in-ing,j-q-x	1
旧年	jiù nián	48105	ian-iang,n-l,j-q-x	1
居间	jū jiān	48106	ian-iang,j-q-x	1
咔嗒	kā dā	48107		2
溘然	kè rán	48108	an-ang,r-l	3
苦雨	kǔ yǔ	48109		1
匡扶	kuāng fú	48110	uan-uang,h-f	3
滥觞	làn shāng	48113	an-ang,s-sh,n-l,r-l	3
老相	lǎo xiang	48114	ian-iang,ao-ou,n-l,r-l,j-q-x	1
冷峭	lěng qiào	48115	en-eng,n-l,r-l,j-q-x	1
列阵	liè zhèn	48118	en-eng,ia-ie,z-zh,n-l,r-l	1
令牌	lìng pái	48119	in-ing,ai-ei,n-l,r-l	1
令堂	lìng táng	48120	in-ing,an-ang,n-l,r-l	1
罗致	luó zhì	48123	ua-uo,z-zh,n-l,r-l	1
麦茬	mài chá	48124	ai-ei,c-ch	1
蟒袍	mǎng páo	48125	an-ang,ao-ou	3
谜面	mí miàn	48127	ian-iang	1
明言	míng yán	48130	in-ing,an-ang	1
磨床	mó chuáng	48131	uan-uang,c-ch	1
魔怪	mó guài	48133		1
拿人	ná rén	48134	en-eng,n-l,r-l	1
纳福	nà fú	48135	n-l,h-f	1
耐穿	nài chuān	48136	uan-uang,ai-ei,c-ch,n-l	1
赧颜	nǎn yán	48137	an-ang,n-l	3
内耳	nèi ěr	48138	ai-ei,n-l	1
能效	néng xiào	48139	en-eng,n-l,j-q-x	1
藕色	ǒu sè	48143	ao-ou,s-sh	1
叛匪	pàn fěi	48144	an-ang,ai-ei,h-f	1
赔情	péi qíng	48145	in-ing,ai-ei,j-q-x	1
奇诡	qí guǐ	48147	j-q-x	1
骑墙	qí qiáng	48149	ian-iang,j-q-x	1
弃绝	qì jué	48151	j-q-x	1
洽商	qià shāng	48152	an-ang,ia-ie,s-sh,j-q-x	1
强酸	qiáng suān	48155	ian-iang,uan-uang,s-sh,j-q-x	1
切题	qiè tí	48156	ia-ie,j-q-x	1
情海	qíng hǎi	48157	in-ing,ai-ei,h-f,j-q-x	1
屈节	qū jié	48161	ia-ie,j-q-x	1
全食	quán shí	48162	uan-uang,s-sh,j-q-x	1
任从	rèn cóng	48164	en-eng,c-ch,r-l	1
日班	rì bān	48165	an-ang,r-l	1
儒商	rú shāng	48167	an-ang,s-sh,r-l	1
溽暑	rù shǔ	48169	s-sh,r-l	3
闰月	rùn yuè	48172	r-l	1
纱帐	shā zhàng	48175	an-ang,z-zh,s-sh	1
上相	shàng xiàng	48177	an-ang,ian-iang,s-sh,j-q-x	1
失着	shī zhāo	48181	ao-ou,z-zh,s-sh	1
事略	shì lüè	48185	s-sh,n-l,r-l	1
收转	shōu zhuǎn	48186	uan-uang,ao-ou,z-zh,s-sh	1
树挂	shù guà	48191	ua-uo,s-sh	1
庶出	shù chū	48192	c-ch,s-sh	1
水痘	shuǐ dòu	48196	ao-ou,s-sh	1
睡相	shuì xiàng	48199	ian-iang,s-sh,j-q-x	1
顺产	shùn chǎn	48200	an-ang,c-ch,s-sh	1
暗疮	àn chuāng	48202	an-ang,uan-uang,c-ch	1
韬晦	tāo huì	48204	ao-ou,h-f	3
逃票	táo piào	48205	ao-ou	1
讨巧	tǎo qiǎo	48206	ao-ou,j-q-x	1
藤牌	téng pái	48207	en-eng,ai-ei	1
提盒	tí hé	48208	h-f	1
题意	tí yì	48209		1
添补	tiān bu	48210	ian-iang	1
田垄	tián lǒng	48211	ian-iang,n-l,r-l	1
填鸭	tián yā	48212	ian-iang	1
贴画	tiē huà	48213	ia-ie,ua-uo,h-f	1
铁杉	tiě shān	48214	an-ang,ia-ie,s-sh	1
铁砧	tiě zhēn	48215	en-eng,ia-ie,z-zh	3
停摆	tíng bǎi	48216	in-ing,ai-ei	1
头钱	tóu qián	48217	ian-iang,ao-ou,j-q-x	1
土鳖	tǔ biē	48218	ia-ie	1
拖斗	tuō dǒu	48220	ao-ou,ua-uo	1
碗橱	wǎn chú	48222	an-ang,c-ch	1
苇荡	wěi dàng	48225	an-ang,ai-ei	1
未时	wèi shí	48226	ai-ei,s-sh	1
畏寒	wèi hán	48227	an-ang,ai-ei,h-f	1
畏途	wèi tú	48228	ai-ei	1
翁姑	wēng gū	48229	en-eng	1
乌梅	wū méi	48230	ai-ei	1
西法	xī fǎ	48232	h-f,j-q-x	1
戏路	xì lù	48234	n-l,r-l,j-q-x	1
细布	xì bù	48235	j-q-x	1
细点	xì diǎn	48236	ian-iang,j-q-x	1
仙方	xiān fāng	48237	an-ang,ian-iang,h-f,j-q-x	1
纤瘦	xiān shòu	48239	ian-iang,ao-ou,s-sh,j-q-x	1
相斥	xiāng chì	48240	ian-iang,c-ch,j-q-x	1
小宗	xiǎo zōng	48242	z-zh,j-q-x	1
凶兆	xiōng zhào	48247	ao-ou,z-zh,j-q-x	1
雄劲	xióng jìng	48248	in-ing,j-q-x	1
修书	xiū shū	48249	s-sh,j-q-x	1
熏肉	xūn ròu	48252	ao-ou,r-l,j-q-x	1
雅静	yǎ jìng	48253	in-ing,j-q-x	1
延请	yán qǐng	48254	in-ing,an-ang,j-q-x	1
厌恨	yàn hèn	48256	en-eng,an-ang,h-f	1
阳寿	yáng shòu	48259	an-ang,ao-ou,s-sh	1
狺狺	yín yín	48264	in-ing	2
引航	yǐn háng	48265	in-ing,an-ang,h-f	1
荫庇	yìn bì	48267	in-ing	1
应招	yìng zhāo	48268	in-ing,ao-ou,z-zh	1
油膏	yóu gāo	48269	ao-ou	1
游程	yóu chéng	48270	en-eng,ao-ou,c-ch	1
游春	yóu chūn	48271	ao-ou,c-ch	1
育雏	yù chú	48273	c-ch	1
韵白	yùn bái	48274	ai-ei	1
崽儿	zǎi er	48275	ai-ei,z-zh	3
照登	zhào dēng	48277	en-eng,ao-ou,z-zh	1
争艳	zhēng yàn	48280	en-eng,an-ang,z-zh	1
正堂	zhèng táng	48281	en-eng,an-ang,z-zh	1
织染	zhī rǎn	48282	an-ang,z-zh,r-l	1
挂挡	guà dǎng	48286	an-ang,ua-uo	1
中技	zhōng jì	48288	z-zh,j-q-x	1
转引	zhuǎn yǐn	48291	in-ing,uan-uang,z-zh	1
拙著	zhuō zhù	48292	ua-uo,z-zh	1
自恋	zì liàn	48293	ian-iang,z-zh,n-l,r-l	1
罢演	bà yǎn	48297	an-ang	1
白梨	bái lí	48298	ai-ei,n-l,r-l	1
白熊	bái xióng	48299	ai-ei,j-q-x	1
包金	bāo jīn	48302	in-ing,ao-ou,j-q-x	1
宝殿	bǎo diàn	48303	ian-iang,ao-ou	1
崩盘	bēng pán	48305	en-eng,an-ang	1
鼻翅	bí chì	48306	c-ch	1
笔势	bǐ shì	48307	s-sh	1
边检	biān jiǎn	48308	ian-iang,j-q-x	1
编结	biān jié	48309	ian-iang,ia-ie,j-q-x	1
辩诬	biàn wū	48310	ian-iang	1
薄利	bó lì	48313	n-l,r-l	1
补台	bǔ tái	48314	ai-ei	1
残旧	cán jiù	48315	an-ang,c-ch,j-q-x	1
惨变	cǎn biàn	48316	an-ang,ian-iang,c-ch	1
苍莽	cāng mǎng	48317	an-ang,c-ch	1
草寇	cǎo kòu	48319	ao-ou,c-ch	1
草窝	cǎo wō	48320	ao-ou,c-ch	1
杈子	chà zi	48321	z-zh,c-ch	3
长吟	cháng yín	48324	in-ing,an-ang,c-ch	1
场屋	cháng wū	48325	an-ang,c-ch	1
吵人	chǎo rén	48327	en-eng,ao-ou,c-ch,r-l	1
成服	chéng fú	48328	en-eng,c-ch,h-f	1
澄碧	chéng bì	48331	en-eng,c-ch	1
重出	chóng chū	48332	c-ch	1
抽吸	chōu xī	48333	ao-ou,c-ch,j-q-x	1
传种	chuán zhǒng	48335	uan-uang,z-zh,c-ch	1
船桅	chuán wéi	48336	uan-uang,ai-ei,c-ch	3
垂爱	chuí ài	48337	ai-ei,c-ch	1
蹙额	cù é	48340	c-ch	3
村夫	cūn fū	48341	c-ch,h-f	1
痤疮	cuó chuāng	48342	uan-uang,ua-uo,c-ch	3
错讹	cuò é	48343	ua-uo,c-ch	1
大我	dà wǒ	48347		1
倒垂	dào chuí	48348	ao-ou,c-ch	1
得便	dé biàn	48349	ian-iang	1
低利	dī lì	48351	n-l,r-l	1
垫背	diàn bèi	48355	ian-iang,ai-ei	1
动粗	dòng cū	48356	c-ch	1
端砚	duān yàn	48357	an-ang,uan-uang	1
躲债	duǒ zhài	48358	ai-ei,ua-uo,z-zh	1
饿殍	è piǎo	48360		3
耳孔	ěr kǒng	48362		1
二副	èr fù	48363	h-f	1
法衣	fǎ yī	48364	h-f	1
翻拍	fān pāi	48365	an-ang,ai-ei,h-f	1
凡尘	fán chén	48366	en-eng,an-ang,c-ch,h-f	1
分群	fēn qún	48367	en-eng,h-f,j-q-x	1
服丧	fú sāng	48370	an-ang,s-sh,h-f	1
俯察	fǔ chá	48371	c-ch,h-f	1
赶海	gǎn hǎi	48372	an-ang,ai-ei,h-f	1
缸盖	gāng gài	48374	an-ang,ai-ei	1
跟从	gēn cóng	48377	en-eng,c-ch	1
攻擂	gōng lèi	48378	ai-ei,n-l,r-l	1
宫刑	gōng xíng	48380	in-ing,j-q-x	1
诟骂	gòu mà	48383	ao-ou	3
古谚	gǔ yàn	48384	an-ang	1
骨刺	gǔ cì	48385	c-ch	1
瓜瓤	guā ráng	48386	an-ang,ua-uo,r-l	1
怪论	guài lùn	48388	n-l,r-l	1
官差	guān chāi	48389	uan-uang,ai-ei,c-ch	1
官倒	guān dǎo	48390	uan-uang,ao-ou	1
光标	guāng biāo	48391	uan-uang	1
果仁	guǒ rén	48392	en-eng,ua-uo,r-l	1
号头	hào tóu	48395	ao-ou,h-f	1
浩叹	hào tàn	48396	an-ang,ao-ou,h-f	1
和婉	hé wǎn	48397	an-ang,h-f	1
黑竹	hēi zhú	48399	ai-ei,z-zh,h-f	1
横队	héng duì	48400	en-eng,h-f	1
红运	hóng yùn	48401	h-f	1
坏种	huài zhǒng	48403	z-zh,h-f	1
欢闹	huān nào	48404	uan-uang,ao-ou,n-l,h-f	1
缉凶	jī xiōng	48408	j-q-x	1
吉星	jí xīng	48409	in-ing,j-q-x	1
冀望	jì wàng	48410	an-ang,j-q-x	1
奸恶	jiān è	48413	ian-iang,j-q-x	1
简谱	jiǎn pǔ	48415	ian-iang,j-q-x	1
剑锋	jiàn fēng	48417	en-eng,ian-iang,h-f,j-q-x	1
江豚	jiāng tún	48418	ian-iang,j-q-x	1
节礼	jié lǐ	48419	ia-ie,n-l,r-l,j-q-x	1
解疑	jiě yí	48421	ia-ie,j-q-x	1
仅够	jǐn gòu	48422	in-ing,ao-ou,j-q-x	1
禁售	jìn shòu	48424	in-ing,ao-ou,s-sh,j-q-x	1
净重	jìng zhòng	48425	in-ing,z-zh,j-q-x	1
静园	jìng yuán	48426	in-ing,uan-uang,j-q-x	1
酒劲	jiǔ jìn	48427	in-ing,j-q-x	1
军姿	jūn zī	48431	z-zh,j-q-x	1
卡其	kǎ qí	48433	j-q-x	1
考绩	kǎo jì	48434	ao-ou,j-q-x	1
空幻	kōng huàn	48435	uan-uang,h-f	1
空载	kōng zài	48436	ai-ei,z-zh	1
空暇	kòng xiá	48437	ia-ie,j-q-x	1
苦脸	kǔ liǎn	48439	ian-iang,n-l,r-l	1
酷寒	kù hán	48440	an-ang,h-f	1
狂野	kuáng yě	48442	uan-uang	1
矿务	kuàng wù	48443	uan-uang	1
溃灭	kuì miè	48444	ia-ie	1
蜡台	là tái	48446	ai-ei,n-l,r-l	1
来使	lái shǐ	48447	ai-ei,s-sh,n-l,r-l	1
拦洪	lán hóng	48448	an-ang,n-l,h-f,r-l	1
拦劫	lán jié	48449	an-ang,ia-ie,n-l,r-l,j-q-x	1
览胜	lǎn shèng	48450	en-eng,an-ang,s-sh,n-l,r-l	1
联销	lián xiāo	48457	ian-iang,n-l,r-l,j-q-x	1
量具	liáng jù	48459	ian-iang,n-l,r-l,j-q-x	1
六腑	liù fǔ	48461	n-l,h-f,r-l	3
落拓	luò tuò	48466	ua-uo,n-l,r-l	1
马球	mǎ qiú	48467	j-q-x	1
脉象	mài xiàng	48469	ian-iang,ai-ei,j-q-x	1
颟顸	mān hān	48470	an-ang,h-f	2
蛮劲	mán jìn	48471	in-ing,an-ang,j-q-x	1
面商	miàn shāng	48473	an-ang,ian-iang,s-sh	1
蔑称	miè chēng	48474	en-eng,ia-ie,c-ch	1
闽剧	mǐn jù	48475	in-ing,j-q-x	1
敏慧	mǐn huì	48476	in-ing,h-f	1
末儿	mò er	48480		1
卑陋	bēi lòu	48481	ai-ei,ao-ou,n-l,r-l	1
牛筋	niú jīn	48485	in-ing,n-l,j-q-x	1
旁及	páng jí	48486	an-ang,j-q-x	1
炮塔	pào tǎ	48487	ao-ou	1
皮黄	pí huáng	48488	uan-uang,h-f	1
姘居	pīn jū	48490	in-ing,j-q-x	3
奇技	qí jì	48491	j-q-x	1
起首	qǐ shǒu	48493	ao-ou,s-sh,j-q-x	1
枪术	qiāng shù	48495	ian-iang,s-sh,j-q-x	1
桥孔	qiáo kǒng	48496	j-q-x	1
轻忽	qīng hū	48497	in-ing,h-f,j-q-x	1
轻判	qīng pàn	48498	in-ing,an-ang,j-q-x	1
权门	quán mén	48500	en-eng,uan-uang,j-q-x	1
攘夺	rǎng duó	48502	an-ang,ua-uo,r-l	3
热敷	rè fū	48503	h-f,r-l	1
热和	rè huo	48504	ua-uo,h-f,r-l	1
高汤	gāo tāng	48505	an-ang,ao-ou	1
柔婉	róu wǎn	48506	an-ang,ao-ou,r-l	1
肉红	ròu hóng	48507	ao-ou,h-f,r-l	1
乳牙	rǔ yá	48509	r-l	1
褥单	rù dān	48510	an-ang,r-l	1
三围	sān wéi	48513	an-ang,ai-ei,s-sh	1
上上	shàng shàng	48515	an-ang,s-sh	1
社群	shè qún	48516	s-sh,j-q-x	1
赦令	shè lìng	48517	in-ing,s-sh,n-l,r-l	1
深透	shēn tòu	48518	en-eng,ao-ou,s-sh	1
神聊	shén liáo	48520	en-eng,s-sh,n-l,r-l	1
石方	shí fāng	48522	an-ang,s-sh,h-f	1
守丧	shǒu sāng	48524	an-ang,ao-ou,s-sh	1
受病	shòu bìng	48525	in-ing,ao-ou,s-sh	1
受寒	shòu hán	48526	an-ang,ao-ou,s-sh,h-f	1
水警	shuǐ jǐng	48527	in-ing,s-sh,j-q-x	1
私吞	sī tūn	48529	s-sh	1
速溶	sù róng	48532	s-sh,r-l	1
他年	tā nián	48533	ian-iang,n-l	1
套色	tào shǎi	48534	ai-ei,ao-ou,s-sh	1
腾越	téng yuè	48535	en-eng	1
踢蹬	tī deng	48536	en-eng	1
天候	tiān hòu	48537	ian-iang,ao-ou,h-f	1
铁灰	tiě huī	48538	ia-ie,h-f	1
通票	tōng piào	48539		1
头年	tóu nián	48540	ian-iang,ao-ou,n-l	1
投药	tóu yào	48541	ao-ou	1
臀围	tún wéi	48543	ai-ei	1
脱党	tuō dǎng	48544	an-ang,ua-uo	1
伪币	wěi bì	48546	ai-ei	1
悉力	xī lì	48549	n-l,r-l,j-q-x	1
喜雨	xǐ yǔ	48551	j-q-x	1
献演	xiàn yǎn	48554	an-ang,ian-iang,j-q-x	1
香波	xiāng bō	48555	ian-iang,j-q-x	1
香囊	xiāng náng	48556	an-ang,ian-iang,n-l,j-q-x	1
香纸	xiāng zhǐ	48557	ian-iang,z-zh,j-q-x	1
详密	xiáng mì	48558	ian-iang,j-q-x	1
响鼻	xiǎng bí	48559	ian-iang,j-q-x	1
销差	xiāo chāi	48560	ai-ei,c-ch,j-q-x	1
小注	xiǎo zhù	48565	z-zh,j-q-x	1
斜度	xié dù	48566	ia-ie,j-q-x	1
醒脑	xǐng nǎo	48568	in-ing,ao-ou,n-l,j-q-x	1
胸章	xiōng zhāng	48569	an-ang,z-zh,j-q-x	1
秀逸	xiù yì	48570	j-q-x	1
许婚	xǔ hūn	48571	h-f,j-q-x	1
寻事	xún shì	48573	s-sh,j-q-x	1
巡天	xún tiān	48574	ian-iang,j-q-x	1
迅跑	xùn pǎo	48575	ao-ou,j-q-x	1
芽子	yá zi	48577	z-zh	1
以远	yǐ yuǎn	48582	uan-uang	1
义母	yì mǔ	48583		1
阴司	yīn sī	48584	in-ing,s-sh	1
印张	yìn zhāng	48585	in-ing,an-ang,z-zh	1
葬仪	zàng yí	48589	an-ang,z-zh	1
枣泥	zǎo ní	48590	ao-ou,z-zh,n-l	1
赠礼	zèng lǐ	48591	en-eng,z-zh,n-l,r-l	1
占卦	zhān guà	48592	an-ang,ua-uo,z-zh	1
仗恃	zhàng shì	48593	an-ang,z-zh,s-sh	1
谪居	zhé jū	48595	z-zh,j-q-x	3
振幅	zhèn fú	48596	en-eng,z-zh,h-f	1
镇反	zhèn fǎn	48597	en-eng,an-ang,z-zh,h-f	1
仲冬	zhòng dōng	48601	z-zh	1
珠花	zhū huā	48603	ua-uo,z-zh,h-f	1
装填	zhuāng tián	48606	ian-iang,uan-uang,z-zh	1
坠楼	zhuì lóu	48608	ao-ou,z-zh,n-l,r-l	1
自测	zì cè	48609	z-zh,c-ch	1
自珍	zì zhēn	48611	en-eng,z-zh	1
字书	zì shū	48612	z-zh,s-sh	1
租子	zū zi	48613	z-zh	1
足月	zú yuè	48614	z-zh	1
左近	zuǒ jìn	48615	in-ing,ua-uo,z-zh,j-q-x	1
左轮	zuǒ lún	48616	ua-uo,z-zh,n-l,r-l	1
阿门	ā mén	48618	en-eng	1
耙地	bà dì	48621		1
罢战	bà zhàn	48622	an-ang,z-zh	1
白卷	bái juàn	48624	uan-uang,ai-ei,j-q-x	1
板胡	bǎn hú	48625	an-ang,h-f	1
绊儿	bàn er	48626	an-ang	1
保真	bǎo zhēn	48628	en-eng,ao-ou,z-zh	1
报验	bào yàn	48629	an-ang,ao-ou	1
庇荫	bì yìn	48630	in-ing	1
表册	biǎo cè	48633	c-ch	1
薄酒	bó jiǔ	48635	j-q-x	1
补液	bǔ yè	48636		1
草字	cǎo zì	48638	ao-ou,z-zh,c-ch	1
茬口	chá kǒu	48639	ao-ou,c-ch	1
豺狗	chái gǒu	48640	ai-ei,ao-ou,c-ch	1
吵骂	chǎo mà	48641	ao-ou,c-ch	1
澄净	chéng jìng	48642	en-eng,in-ing,c-ch,j-q-x	1
虫眼	chóng yǎn	48643	an-ang,c-ch	1
酬酢	chóu zuò	48644	ao-ou,ua-uo,z-zh,c-ch	3
出芽	chū yá	48646	c-ch	1
串演	chuàn yǎn	48647	an-ang,uan-uang,c-ch	1
床榻	chuáng tà	48648	uan-uang,c-ch	3
从难	cóng nán	48649	an-ang,c-ch,n-l	1
锉刀	cuò dāo	48650	ao-ou,ua-uo,c-ch	3
错车	cuò chē	48651	ua-uo,c-ch	1
错待	cuò dài	48652	ai-ei,ua-uo,c-ch	1
搭帮	dā bāng	48653	an-ang	1
大治	dà zhì	48656	z-zh	1
单相	dān xiāng	48659	an-ang,ian-iang,j-q-x	1
导诊	dǎo zhěn	48660	en-eng,ao-ou,z-zh	1
捣鼓	dǎo gu	48661	ao-ou	1
倒账	dǎo zhàng	48662	an-ang,ao-ou,z-zh	1
滴漏	dī lòu	48664	ao-ou,n-l,r-l	1
地脉	dì mài	48665	ai-ei	1
点射	diǎn shè	48666	ian-iang,s-sh	1
踮脚	diǎn jiǎo	48667	ian-iang,j-q-x	3
动刑	dòng xíng	48670	in-ing,j-q-x	1
度荒	dù huāng	48671	uan-uang,h-f	1
钝器	dùn qì	48673	j-q-x	1
娥眉	é méi	48675	ai-ei	1
发喘	fā chuǎn	48677	uan-uang,c-ch,h-f	1
发蒙	fā méng	48678	en-eng,h-f	1
凡间	fán jiān	48679	an-ang,ian-iang,h-f,j-q-x	1
繁缛	fán rù	48680	an-ang,h-f,r-l	3
泛论	fàn lùn	48681	an-ang,n-l,h-f,r-l	1
飞贼	fēi zéi	48683	ai-ei,z-zh,h-f	1
榧子	fěi zi	48686	ai-ei,z-zh,h-f	3
粉盒	fěn hé	48687	en-eng,h-f	1
风疹	fēng zhěn	48689	en-eng,z-zh,h-f	1
凤梨	fèng lí	48690	en-eng,n-l,h-f,r-l	1
改扮	gǎi bàn	48691	an-ang,ai-ei	1
改线	gǎi xiàn	48692	ian-iang,ai-ei,j-q-x	1
盖印	gài yìn	48693	in-ing,ai-ei	1
干酪	gān lào	48694	an-ang,ao-ou,n-l,r-l	1
赶会	gǎn huì	48695	an-ang,h-f	1
搞臭	gǎo chòu	48696	ao-ou,c-ch	1
勾连	gōu lián	48697	ian-iang,ao-ou,n-l,r-l	1
钩虫	gōu chóng	48698	ao-ou,c-ch	1
苟合	gǒu hé	48699	ao-ou,h-f	1
股评	gǔ píng	48702	in-ing	1
广柑	guǎng gān	48704	an-ang,uan-uang	1
硅藻	guī zǎo	48706	ao-ou,z-zh	1
果糖	guǒ táng	48708	an-ang,ua-uo	1
和洽	hé qià	48710	ia-ie,h-f,j-q-x	1
狠话	hěn huà	48711	en-eng,ua-uo,h-f	1
猴戏	hóu xì	48712	ao-ou,h-f,j-q-x	1
花俏	huā qiào	48713	ua-uo,h-f,j-q-x	1
花饰	huā shì	48714	ua-uo,s-sh,h-f	1
花砖	huā zhuān	48715	uan-uang,ua-uo,z-zh,h-f	1
唤头	huàn tou	48717	uan-uang,ao-ou,h-f	1
昏话	hūn huà	48718	ua-uo,h-f	1
混子	hùn zǐ	48719	z-zh,h-f	1
祸殃	huò yāng	48720	an-ang,ua-uo,h-f	1
惑乱	huò luàn	48721	uan-uang,ua-uo,n-l,h-f,r-l	1
容姿	róng zī	48722	z-zh,r-l	1
机心	jī xīn	48723	in-ing,j-q-x	1
记时	jì shí	48725	s-sh,j-q-x	1
发贱	fā jiàn	48727	ian-iang,h-f,j-q-x	1
奸猾	jiān huá	48728	ian-iang,ua-uo,h-f,j-q-x	1
浆汁	jiāng zhī	48729	ian-iang,z-zh,j-q-x	1
焦煤	jiāo méi	48730	ai-ei,j-q-x	1
角钢	jiǎo gāng	48731	an-ang,j-q-x	1
狡赖	jiǎo lài	48732	ai-ei,n-l,r-l,j-q-x	1
教民	jiào mín	48733	in-ing,j-q-x	1
接火	jiē huǒ	48734	ia-ie,ua-uo,h-f,j-q-x	1
接转	jiē zhuǎn	48735	uan-uang,ia-ie,z-zh,j-q-x	1
街垒	jiē lěi	48736	ai-ei,ia-ie,n-l,r-l,j-q-x	1
节略	jié lüè	48737	ia-ie,n-l,r-l,j-q-x	1
结仇	jié chóu	48740	ao-ou,ia-ie,c-ch,j-q-x	1
借方	jiè fāng	48741	an-ang,ia-ie,h-f,j-q-x	1
冒认	mào rèn	48742	en-eng,ao-ou,r-l	1
具保	jù bǎo	48743	ao-ou,j-q-x	1
金桂	jīn guì	48745	in-ing,j-q-x	1
紧追	jǐn zhuī	48747	in-ing,z-zh,j-q-x	1
京白	jīng bái	48748	in-ing,ai-ei,j-q-x	1
军棋	jūn qí	48751	j-q-x	1
苦境	kǔ jìng	48752	in-ing,j-q-x	1
丢份	diū fèn	48754	en-eng,h-f	1
聘约	pìn yuē	48755	in-ing	1
蓝靛	lán diàn	48758	an-ang,ian-iang,n-l,r-l	3
凉面	liáng miàn	48762	ian-iang,n-l,r-l	1
临风	lín fēng	48763	en-eng,in-ing,n-l,h-f,r-l	1
灵塔	líng tǎ	48764	in-ing,n-l,r-l	1
网关	wǎng guān	48765	an-ang,uan-uang	1
书眉	shū méi	48766	ai-ei,s-sh	1
溜索	liū suǒ	48767	ua-uo,s-sh,n-l,r-l	1
笼养	lóng yǎng	48770	an-ang,n-l,r-l	1
炉具	lú jù	48771	n-l,r-l,j-q-x	1
路遇	lù yù	48772	n-l,r-l	1
乱伦	luàn lún	48773	uan-uang,n-l,r-l	1
落英	luò yīng	48774	in-ing,ua-uo,n-l,r-l	1
毛衫	máo shān	48776	an-ang,ao-ou,s-sh	1
眉笔	méi bǐ	48777	ai-ei	1
魅惑	mèi huò	48779	ai-ei,ua-uo,h-f	1
门岗	mén gǎng	48780	en-eng,an-ang	1
蒙师	méng shī	48781	en-eng,s-sh	1
名讳	míng huì	48784	in-ing,h-f	1
明断	míng duàn	48785	in-ing,uan-uang	1
明沟	míng gōu	48786	in-ing,ao-ou	1
明面	míng miàn	48787	in-ing,ian-iang	1
哲言	zhé yán	48788	an-ang,z-zh	1
磨叨	mò dao	48789	ao-ou	1
木樨	mù xi	48790	j-q-x	3
内胎	nèi tāi	48794	ai-ei,n-l	1
排挡	pái dǎng	48795	an-ang,ai-ei	1
排毒	pái dú	48796	ai-ei	1
旁支	páng zhī	48797	an-ang,z-zh	1
捧哏	pěng gén	48800	en-eng	3
偏劳	piān láo	48801	ian-iang,ao-ou,n-l,r-l	1
妄议	wàng yì	48802	an-ang	1
难侨	nàn qiáo	48804	an-ang,n-l,j-q-x	1
平年	píng nián	48805	in-ing,ian-iang,n-l	1
冗官	rǒng guān	48806	uan-uang,r-l	1
评标	píng biāo	48807	in-ing	1
铺砌	pū qì	48808	j-q-x	1
铺保	pù bǎo	48809	ao-ou	1
妻舅	qī jiù	48811	j-q-x	1
欺哄	qī hǒng	48812	h-f,j-q-x	1
荞面	qiáo miàn	48814	ian-iang,j-q-x	3
巧匠	qiǎo jiàng	48815	ian-iang,j-q-x	1
轻贱	qīng jiàn	48816	in-ing,ian-iang,j-q-x	1
轻扬	qīng yáng	48817	in-ing,an-ang,j-q-x	1
清平	qīng píng	48818	in-ing,j-q-x	1
囚衣	qiú yī	48819	j-q-x	1
犬儒	quǎn rú	48820	uan-uang,r-l,j-q-x	1
犬牙	quǎn yá	48821	uan-uang,j-q-x	1
缺勤	quē qín	48822	in-ing,j-q-x	1
群婚	qún hūn	48823	h-f,j-q-x	1
人精	rén jīng	48825	en-eng,in-ing,r-l,j-q-x	1
稔熟	rěn shú	48826	en-eng,s-sh,r-l	3
扔弃	rēng qì	48827	en-eng,r-l,j-q-x	1
撒赖	sā lài	48829	ai-ei,s-sh,n-l,r-l	1
臊子	sào zi	48830	ao-ou,z-zh,s-sh	1
删削	shān xuē	48834	an-ang,s-sh,j-q-x	1
苫布	shàn bù	48835	an-ang,s-sh	3
折本	shé běn	48836	en-eng,s-sh	1
摄生	shè shēng	48838	en-eng,s-sh	1
深翻	shēn fān	48839	en-eng,an-ang,s-sh,h-f	1
生土	shēng tǔ	48841	en-eng,s-sh	1
失密	shī mì	48842	s-sh	1
施威	shī wēi	48844	ai-ei,s-sh	1
食补	shí bǔ	48845	s-sh	1
收口	shōu kǒu	48848	ao-ou,s-sh	1
受听	shòu tīng	48849	in-ing,ao-ou,s-sh	1
舒卷	shū juǎn	48850	uan-uang,s-sh,j-q-x	1
刷拉	shuā lā	48852	ua-uo,s-sh,n-l,r-l	1
顺次	shùn cì	48856	c-ch,s-sh	1
死胎	sǐ tāi	48861	ai-ei,s-sh	1
耸身	sǒng shēn	48864	en-eng,s-sh	1
酥麻	sū má	48865	s-sh	1
塑钢	sù gāng	48866	an-ang,s-sh	1
天青	tiān qīng	48870	in-ing,ian-iang,j-q-x	1
田契	tián qì	48872	ian-iang,j-q-x	1
庭训	tíng xùn	48875	in-ing,j-q-x	1
同犯	tóng fàn	48877	an-ang,h-f	1
彤云	tóng yún	48878		1
土包	tǔ bāo	48880	ao-ou	1
伪钞	wěi chāo	48883	ai-ei,ao-ou,c-ch	1
瘟病	wēn bìng	48884	en-eng,in-ing	1
文场	wén chǎng	48885	en-eng,an-ang,c-ch	1
屋基	wū jī	48886	j-q-x	1
嘻闹	xī nào	48890	ao-ou,n-l,j-q-x	1
下箸	xià zhù	48891	ia-ie,z-zh,j-q-x	3
下装	xià zhuāng	48892	uan-uang,ia-ie,z-zh,j-q-x	1
纤毫	xiān háo	48893	ian-iang,ao-ou,h-f,j-q-x	1
鲜货	xiān huò	48894	ian-iang,ua-uo,h-f,j-q-x	1
现况	xiàn kuàng	48896	ian-iang,uan-uang,j-q-x	1
线毯	xiàn tǎn	48897	an-ang,ian-iang,j-q-x	1
响晴	xiǎng qíng	48898	in-ing,ian-iang,j-q-x	1
相术	xiàng shù	48899	ian-iang,s-sh,j-q-x	1
小篆	xiǎo zhuàn	48905	uan-uang,z-zh,j-q-x	3
邪乎	xié hu	48906	ia-ie,h-f,j-q-x	1
斜角	xié jiǎo	48907	ia-ie,j-q-x	1
欣悉	xīn xī	48910	in-ing,j-q-x	1
羞恼	xiū nǎo	48912	ao-ou,n-l,j-q-x	1
畜养	xù yǎng	48913	an-ang,j-q-x	1
勋劳	xūn láo	48916	ao-ou,n-l,r-l,j-q-x	1
勋业	xūn yè	48917	j-q-x	1
寻获	xún huò	48918	ua-uo,h-f,j-q-x	1
雅气	yǎ qì	48920	j-q-x	1
烟贩	yān fàn	48921	an-ang,h-f	1
药面	yào miàn	48923	ian-iang,ao-ou	1
遗缺	yí quē	48926	j-q-x	1
易帜	yì zhì	48927	z-zh	1
银粉	yín fěn	48928	en-eng,in-ing,h-f	1
引论	yǐn lùn	48929	in-ing,n-l,r-l	1
瘾头	yǐn tóu	48932	in-ing,ao-ou	1
缨子	yīng zi	48934	in-ing,z-zh	3
蝇子	yíng zi	48935	in-ing,z-zh	1
影带	yǐng dài	48936	in-ing,ai-ei	1
油花	yóu huā	48938	ao-ou,ua-uo,h-f	1
诱拐	yòu guǎi	48940	ao-ou	1
余剩	yú shèng	48941	en-eng,s-sh	1
杂项	zá xiàng	48944	ian-iang,z-zh,j-q-x	1
栽插	zāi chā	48945	ai-ei,z-zh,c-ch	1
糟糠	zāo kāng	48946	an-ang,ao-ou,z-zh	1
糟心	zāo xīn	48947	in-ing,ao-ou,z-zh,j-q-x	1
早车	zǎo chē	48948	ao-ou,z-zh,c-ch	1
诈取	zhà qǔ	48949	z-zh,j-q-x	1
招式	zhāo shì	48951	ao-ou,z-zh,s-sh	1
正犯	zhèng fàn	48955	en-eng,an-ang,z-zh,h-f	1
支渠	zhī qú	48956	z-zh,j-q-x	1
支应	zhī yìng	48957	in-ing,z-zh	1
直书	zhí shū	48959	z-zh,s-sh	1
重办	zhòng bàn	48962	an-ang,z-zh	1
伫候	zhù hòu	48963	ao-ou,z-zh,h-f	3
注文	zhù wén	48964	en-eng,z-zh	1
篆文	zhuàn wén	48965	en-eng,uan-uang,z-zh	3
追歼	zhuī jiān	48966	ian-iang,z-zh,j-q-x	1
灼见	zhuó jiàn	48967	ian-iang,ua-uo,z-zh,j-q-x	1
浊世	zhuó shì	48968	ua-uo,z-zh,s-sh	1
祖产	zǔ chǎn	48969	an-ang,z-zh,c-ch	1
坐探	zuò tàn	48971	an-ang,ua-uo,z-zh	1
暗记	àn jì	48973	an-ang,j-q-x	1
暗器	àn qì	48974	an-ang,j-q-x	1
白食	bái shí	48976	ai-ei,s-sh	1
拜领	bài lǐng	48977	in-ing,ai-ei,n-l,r-l	1
帮佣	bāng yōng	48978	an-ang	1
绑带	bǎng dài	48979	an-ang,ai-ei	1
包退	bāo tuì	48980	ao-ou	1
保媒	bǎo méi	48981	ai-ei,ao-ou	1
悖谬	bèi miù	48983	ai-ei	1
鄙意	bǐ yì	48985		1
箅子	bì zi	48986	z-zh	3
臂肘	bì zhǒu	48987	ao-ou,z-zh	1
飙车	biāo chē	48988	c-ch	3
操琴	cāo qín	48991	in-ing,ao-ou,c-ch,j-q-x	1
草酸	cǎo suān	48992	uan-uang,ao-ou,c-ch,s-sh	1
策励	cè lì	48993	c-ch,n-l,r-l	1
茶油	chá yóu	48994	ao-ou,c-ch	1
禅机	chán jī	48995	an-ang,c-ch,j-q-x	1
颤悠	chàn you	48996	an-ang,ao-ou,c-ch	1
长策	cháng cè	48997	an-ang,c-ch	1
陈尸	chén shī	48999	en-eng,c-ch,s-sh	1
筹募	chóu mù	49004	ao-ou,c-ch	1
初会	chū huì	49006	c-ch,h-f	1
楚剧	chǔ jù	49008	c-ch,j-q-x	1
创税	chuàng shuì	49009	uan-uang,c-ch,s-sh	1
醇美	chún měi	49011	ai-ei,c-ch	1
刺痒	cì yang	49012	an-ang,c-ch	1
猝发	cù fā	49014	c-ch,h-f	3
打呃	dǎ è	49017		3
打卡	dǎ kǎ	49018		1
带菌	dài jūn	49023	ai-ei,j-q-x	1
待查	dài chá	49024	ai-ei,c-ch	1
待续	dài xù	49025	ai-ei,j-q-x	1
到庭	dào tíng	49030	in-ing,ao-ou	1
低幼	dī yòu	49032	ao-ou	1
吊床	diào chuáng	49034	uan-uang,c-ch	1
吊兰	diào lán	49035	an-ang,n-l,r-l	1
顶班	dǐng bān	49036	in-ing,an-ang	1
动兵	dòng bīng	49037	in-ing	1
豆绿	dòu lǜ	49039	ao-ou,n-l,r-l	1
逗哏	dòu gén	49040	en-eng,ao-ou	3
髑髅	dú lóu	49041	ao-ou,n-l,r-l	2
堵心	dǔ xīn	49042	in-ing,j-q-x	1
断顿	duàn dùn	49044	uan-uang	1
遁词	dùn cí	49045	c-ch	3
翻刻	fān kè	49047	an-ang,h-f	1
芳馨	fāng xīn	49048	in-ing,an-ang,h-f,j-q-x	1
放怀	fàng huái	49049	an-ang,h-f	1
飞泻	fēi xiè	49050	ai-ei,ia-ie,h-f,j-q-x	1
丰歉	fēng qiàn	49052	en-eng,ian-iang,h-f,j-q-x	1
风烟	fēng yān	49053	en-eng,an-ang,h-f	1
风钻	fēng zuàn	49054	en-eng,uan-uang,z-zh,h-f	1
奉令	fèng lìng	49056	en-eng,in-ing,n-l,h-f,r-l	1
抚琴	fǔ qín	49057	in-ing,h-f,j-q-x	1
妇产	fù chǎn	49058	an-ang,c-ch,h-f	1
感戴	gǎn dài	49061	an-ang,ai-ei	1
钢圈	gāng quān	49063	an-ang,uan-uang,j-q-x	1
高阁	gāo gé	49064	ao-ou	1
搞头	gǎo tou	49065	ao-ou	1
工价	gōng jià	49067	ia-ie,j-q-x	1
宫颈	gōng jǐng	49070	in-ing,j-q-x	1
故世	gù shì	49072	s-sh	1
挂虑	guà lǜ	49073	ua-uo,n-l,r-l	1
乖谬	guāi miù	49074		1
逛荡	guàng dang	49077	an-ang,uan-uang	1
归回	guī huí	49078	h-f	1
归置	guī zhi	49079	z-zh	1
柜橱	guì chú	49081	c-ch	1
过账	guò zhàng	49082	an-ang,ua-uo,z-zh	1
嗨呀	hāi ya	49083	ai-ei,h-f	3
海草	hǎi cǎo	49084	ai-ei,ao-ou,c-ch,h-f	1
河港	hé gǎng	49089	an-ang,h-f	1
后爹	hòu diē	49091	ao-ou,ia-ie,h-f	1
虎步	hǔ bù	49092	h-f	1
护养	hù yǎng	49093	an-ang,h-f	1
秽土	huì tǔ	49095	h-f	1
混饭	hùn fàn	49096	an-ang,h-f	1
饥色	jī sè	49097	s-sh,j-q-x	1
机变	jī biàn	49098	ian-iang,j-q-x	1
机织	jī zhī	49099	z-zh,j-q-x	1
机座	jī zuò	49100	ua-uo,z-zh,j-q-x	1
积愤	jī fèn	49101	en-eng,h-f,j-q-x	1
技痒	jì yǎng	49102	an-ang,j-q-x	1
甲亢	jiǎ kàng	49104	an-ang,ia-ie,j-q-x	1
茧丝	jiǎn sī	49105	ian-iang,s-sh,j-q-x	1
简况	jiǎn kuàng	49106	ian-iang,uan-uang,j-q-x	1
糨糊	jiàng hu	49107	ian-iang,h-f,j-q-x	3
姣美	jiāo měi	49108	ai-ei,j-q-x	3
胶纸	jiāo zhǐ	49109	z-zh,j-q-x	1
接缝	jiē fèng	49110	en-eng,ia-ie,h-f,j-q-x	1
结痂	jié jiā	49111	ia-ie,j-q-x	3
金工	jīn gōng	49112	in-ing,j-q-x	1
进抵	jìn dǐ	49115	in-ing,j-q-x	1
精编	jīng biān	49116	in-ing,ian-iang,j-q-x	1
卷尺	juǎn chǐ	49117	uan-uang,c-ch,j-q-x	1
看青	kān qīng	49119	in-ing,an-ang,j-q-x	1
客饭	kè fàn	49120	an-ang,h-f	1
空翻	kōng fān	49122	an-ang,h-f	1
空拳	kōng quán	49123	uan-uang,j-q-x	1
口杯	kǒu bēi	49124	ai-ei,ao-ou	1
旷世	kuàng shì	49126	uan-uang,s-sh	1
扩印	kuò yìn	49127	in-ing,ua-uo	1
老境	lǎo jìng	49128	in-ing,ao-ou,n-l,r-l,j-q-x	1
礼制	lǐ zhì	49131	z-zh,n-l,r-l	1
理喻	lǐ yù	49132	n-l,r-l	1
联保	lián bǎo	49133	ian-iang,ao-ou,n-l,r-l	1
绫子	líng zi	49135	in-ing,z-zh,n-l,r-l	3
零嘴	líng zuǐ	49136	in-ing,z-zh,n-l,r-l	1
留居	liú jū	49137	n-l,r-l,j-q-x	1
路警	lù jǐng	49138	in-ing,n-l,r-l,j-q-x	1
戮力	lù lì	49139	n-l,r-l	3
挛缩	luán suō	49141	uan-uang,ua-uo,s-sh,n-l,r-l	3
麦客	mài kè	49144	ai-ei	1
卖俏	mài qiào	49145	ai-ei,j-q-x	1
满额	mǎn é	49146	an-ang	1
漫流	màn liú	49147	an-ang,n-l,r-l	1
锚链	máo liàn	49148	ian-iang,ao-ou,n-l,r-l	1
没羞	méi xiū	49149	ai-ei,j-q-x	1
蠓虫	měng chóng	49152	en-eng,c-ch	3
迷彩	mí cǎi	49153	ai-ei,c-ch	1
靡靡	mǐ mǐ	49154		1
蜜色	mì sè	49156	s-sh	1
棉球	mián qiú	49158	ian-iang,j-q-x	1
面谢	miàn xiè	49159	ian-iang,ia-ie,j-q-x	1
苗语	miáo yǔ	49160		1
妙方	miào fāng	49162	an-ang,h-f	1
妙论	miào lùn	49163	n-l,r-l	1
妙算	miào suàn	49164	uan-uang,s-sh	1
庙祝	miào zhù	49165	z-zh	1
名物	míng wù	49166	in-ing	1
明黄	míng huáng	49167	in-ing,uan-uang,h-f	1
魔障	mó zhàng	49168	an-ang,z-zh	1
木栓	mù shuān	49169	uan-uang,s-sh	1
纳降	nà xiáng	49171	ian-iang,n-l,j-q-x	1
凝想	níng xiǎng	49173	in-ing,ian-iang,n-l,j-q-x	1
派任	pài rèn	49174	en-eng,ai-ei,r-l	1
盘底	pán dǐ	49175	an-ang	1
偏生	piān shēng	49177	en-eng,ian-iang,s-sh	1
票选	piào xuǎn	49178	uan-uang,j-q-x	1
坪坝	píng bà	49180	in-ing	1
奇秀	qí xiù	49181	j-q-x	1
起稿	qǐ gǎo	49182	ao-ou,j-q-x	1
起网	qǐ wǎng	49183	an-ang,j-q-x	1
气脉	qì mài	49184	ai-ei,j-q-x	1
弃世	qì shì	49185	s-sh,j-q-x	1
砌筑	qì zhù	49186	z-zh,j-q-x	1
憩息	qì xī	49187	j-q-x	3
前赵	qián zhào	49188	ian-iang,ao-ou,z-zh,j-q-x	1
撬棍	qiào gùn	49192	j-q-x	1
倾侧	qīng cè	49193	in-ing,c-ch,j-q-x	1
饶人	ráo rén	49196	en-eng,ao-ou,r-l	1
忍冬	rěn dōng	49198	en-eng,r-l	1
肉松	ròu sōng	49201	ao-ou,s-sh,r-l	1
嚅动	rú dòng	49203	r-l	3
濡染	rú rǎn	49204	an-ang,r-l	3
软驱	ruǎn qū	49205	uan-uang,r-l,j-q-x	1
沙害	shā hài	49206	ai-ei,s-sh,h-f	1
商洽	shāng qià	49207	an-ang,ia-ie,s-sh,j-q-x	1
上色	shàng shǎi	49208	an-ang,ai-ei,s-sh	1
上世	shàng shì	49209	an-ang,s-sh	1
烧卖	shāo mài	49210	ai-ei,ao-ou,s-sh	1
绍剧	shào jù	49212	ao-ou,s-sh,j-q-x	1
神效	shén xiào	49213	en-eng,s-sh,j-q-x	1
生油	shēng yóu	49214	en-eng,ao-ou,s-sh	1
失宜	shī yí	49215	s-sh	1
失准	shī zhǔn	49216	z-zh,s-sh	1
试映	shì yìng	49218	in-ing,s-sh	1
受事	shòu shì	49219	ao-ou,s-sh	1
叔母	shū mǔ	49220	s-sh	1
树胶	shù jiāo	49221	s-sh,j-q-x	1
按金	àn jīn	49222	in-ing,an-ang,j-q-x	1
街雕	jiē diāo	49224	ia-ie,j-q-x	1
孀居	shuāng jū	49225	uan-uang,s-sh,j-q-x	3
爽约	shuǎng yuē	49226	uan-uang,s-sh	1
睡姿	shuì zī	49227	z-zh,s-sh	1
顺脚	shùn jiǎo	49228	s-sh,j-q-x	1
死记	sǐ jì	49230	s-sh,j-q-x	1
索求	suǒ qiú	49233	ua-uo,s-sh,j-q-x	1
锁头	suǒ tóu	49234	ao-ou,ua-uo,s-sh	1
炭窑	tàn yáo	49236	an-ang,ao-ou	1
探案	tàn àn	49237	an-ang	1
探伤	tàn shāng	49238	an-ang,s-sh	1
糖瓜	táng guā	49239	an-ang,ua-uo	1
套筒	tào tǒng	49240	ao-ou	1
体念	tǐ niàn	49241	ian-iang,n-l	1
田赛	tián sài	49242	ian-iang,ai-ei,s-sh	1
甜椒	tián jiāo	49243	ian-iang,j-q-x	1
铁幕	tiě mù	49245	ia-ie	1
屯积	tún jī	49247	j-q-x	1
亡失	wáng shī	49248	an-ang,s-sh	1
枉自	wǎng zì	49249	an-ang,z-zh	1
桅灯	wéi dēng	49251	en-eng,ai-ei	3
窝赃	wō zāng	49253	an-ang,z-zh	1
五伦	wǔ lún	49257	n-l,r-l	1
舞弄	wǔ nòng	49258	n-l	1
物主	wù zhǔ	49259	z-zh	1
痦子	wù zi	49260	z-zh	3
下集	xià jí	49262	ia-ie,j-q-x	1
纤小	xiān xiǎo	49263	ian-iang,j-q-x	1
鲜绿	xiān lǜ	49264	ian-iang,n-l,r-l,j-q-x	1
闲荡	xián dàng	49265	an-ang,ian-iang,j-q-x	1
险象	xiǎn xiàng	49267	ian-iang,j-q-x	1
消磁	xiāo cí	49269	c-ch,j-q-x	1
霄汉	xiāo hàn	49270	an-ang,h-f,j-q-x	1
小暑	xiǎo shǔ	49271	s-sh,j-q-x	1
笑窝	xiào wō	49272	j-q-x	1
歇凉	xiē liáng	49274	ian-iang,ia-ie,n-l,r-l,j-q-x	1
卸责	xiè zé	49275	ia-ie,z-zh,j-q-x	1
蟹肉	xiè ròu	49276	ao-ou,ia-ie,r-l,j-q-x	1
胸膜	xiōng mó	49277	j-q-x	1
胸像	xiōng xiàng	49278	ian-iang,j-q-x	1
宣明	xuān míng	49279	in-ing,uan-uang,j-q-x	1
学号	xué hào	49280	ao-ou,h-f,j-q-x	1
血球	xuè qiú	49282	j-q-x	1
旬日	xún rì	49283	r-l,j-q-x	1
压台	yā tái	49284	ai-ei	1
鸭苗	yā miáo	49285		1
牙具	yá jù	49286	j-q-x	1
牙印	yá yìn	49288	in-ing	1
雅意	yǎ yì	49289		1
盐商	yán shāng	49292	an-ang,s-sh	1
遗业	yí yè	49295		1
义学	yì xué	49296	j-q-x	1
迂阔	yū kuò	49302	ua-uo	1
愚拙	yú zhuō	49304	ua-uo,z-zh	1
匀整	yún zhěng	49307	en-eng,z-zh	1
摘译	zhāi yì	49308	ai-ei,z-zh	1
肇祸	zhào huò	49311	ao-ou,ua-uo,z-zh,h-f	1
指骨	zhǐ gǔ	49313	z-zh	1
制热	zhì rè	49314	z-zh,r-l	1
中缝	zhōng fèng	49316	en-eng,z-zh,h-f	1
终老	zhōng lǎo	49318	ao-ou,z-zh,n-l,r-l	1
竹帛	zhú bó	49320	z-zh	3
籽粒	zǐ lì	49323	z-zh,n-l,r-l	1
卒年	zú nián	49324	ian-iang,z-zh,n-l	1
钻塔	zuàn tǎ	49325	uan-uang,z-zh	1
尊奉	zūn fèng	49326	en-eng,z-zh,h-f	1
阿飞	ā fēi	49327	ai-ei,h-f	1
案牍	àn dú	49329	an-ang	3
白饶	bái ráo	49332	ai-ei,ao-ou,r-l	1
宝蓝	bǎo lán	49336	an-ang,ao-ou,n-l,r-l	1
报务	bào wù	49338	ao-ou	1
悲楚	bēi chǔ	49340	ai-ei,c-ch	1
北曲	běi qǔ	49341	ai-ei,j-q-x	1
闭气	bì qì	49344	j-q-x	1
篦子	bì zi	49345	z-zh	3
鞭梢	biān shāo	49347	ian-iang,ao-ou,s-sh	1
冰道	bīng dào	49350	in-ing,ao-ou	1
冰片	bīng piàn	49351	in-ing,ian-iang	1
薄幸	bó xìng	49356	in-ing,j-q-x	1
捕拿	bǔ ná	49357	n-l	1
不逞	bù chěng	49358	en-eng,c-ch	1
采育	cǎi yù	49364	ai-ei,c-ch	1
餐券	cān quàn	49366	an-ang,uan-uang,c-ch,j-q-x	1
惭色	cán sè	49368	an-ang,c-ch,s-sh	1
藏拙	cáng zhuō	49369	an-ang,ua-uo,z-zh,c-ch	1
侧击	cè jī	49370	c-ch,j-q-x	1
禅堂	chán táng	49371	an-ang,c-ch	1
超等	chāo děng	49373	en-eng,ao-ou,c-ch	1
潮位	cháo wèi	49375	ai-ei,ao-ou,c-ch	1
吵翻	chǎo fān	49376	an-ang,ao-ou,c-ch,h-f	1
炒家	chǎo jiā	49377	ao-ou,ia-ie,c-ch,j-q-x	1
车检	chē jiǎn	49378	ian-iang,c-ch,j-q-x	1
陈粮	chén liáng	49379	en-eng,ian-iang,c-ch,n-l,r-l	1
衬垫	chèn diàn	49380	en-eng,ian-iang,c-ch	1
趁便	chèn biàn	49381	en-eng,ian-iang,c-ch	1
称绝	chēng jué	49382	en-eng,c-ch,j-q-x	1
成章	chéng zhāng	49383	en-eng,an-ang,z-zh,c-ch	1
秤盘	chèng pán	49384	en-eng,an-ang,c-ch	1
尺蠖	chǐ huò	49385	ua-uo,c-ch,h-f	3
冲犯	chōng fàn	49386	an-ang,c-ch,h-f	1
雏菊	chú jú	49390	c-ch,j-q-x	1
垂髫	chuí tiáo	49391	c-ch	3
春宵	chūn xiāo	49392	c-ch,j-q-x	1
蠢物	chǔn wù	49393	c-ch	1
戳记	chuō jì	49394	ua-uo,c-ch,j-q-x	1
辞岁	cí suì	49395	c-ch,s-sh	1
促请	cù qǐng	49397	in-ing,c-ch,j-q-x	1
村学	cūn xué	49398	c-ch,j-q-x	1
存期	cún qī	49399	c-ch,j-q-x	1
单发	dān fā	49405	an-ang,h-f	1
当路	dāng lù	49406	an-ang,n-l,r-l	1
盗案	dào àn	49407	an-ang,ao-ou	1
道情	dào qíng	49408	in-ing,ao-ou,j-q-x	1
敌友	dí yǒu	49410	ao-ou	1
锭子	dìng zi	49414	in-ing,z-zh	3
伐区	fá qū	49415	h-f,j-q-x	1
发带	fà dài	49417	ai-ei,h-f	1
反派	fǎn pài	49418	an-ang,ai-ei,h-f	1
方糖	fāng táng	49420	an-ang,h-f	1
纺锭	fǎng dìng	49422	in-ing,an-ang,h-f	3
纺丝	fǎng sī	49423	an-ang,s-sh,h-f	1
股迷	gǔ mí	49424		1
飞眼	fēi yǎn	49426	an-ang,ai-ei,h-f	1
分针	fēn zhēn	49427	en-eng,z-zh,h-f	1
奋臂	fèn bì	49428	en-eng,h-f	1
风道	fēng dào	49429	en-eng,ao-ou,h-f	1
风灯	fēng dēng	49430	en-eng,h-f	1
风斗	fēng dǒu	49431	en-eng,ao-ou,h-f	1
封镜	fēng jìng	49432	en-eng,in-ing,h-f,j-q-x	1
缝线	féng xiàn	49433	en-eng,ian-iang,h-f,j-q-x	1
佛号	fó hào	49434	ao-ou,h-f	1
赋有	fù yǒu	49436	ao-ou,h-f	1
钢窗	gāng chuāng	49437	an-ang,uan-uang,c-ch	1
高爽	gāo shuǎng	49438	uan-uang,ao-ou,s-sh	1
歌谱	gē pǔ	49440		1
格纸	gé zhǐ	49441	z-zh	1
贡缎	gòng duàn	49443	uan-uang	1
贡酒	gòng jiǔ	49444	j-q-x	1
勾留	gōu liú	49445	ao-ou,n-l,r-l	1
狗胆	gǒu dǎn	49446	an-ang,ao-ou	1
够数	gòu shù	49447	ao-ou,s-sh	1
股利	gǔ lì	49448	n-l,r-l	1
骨殖	gǔ shi	49449	s-sh	1
挂碍	guà ài	49450	ai-ei,ua-uo	1
挂记	guà jì	49451	ua-uo,j-q-x	1
乖僻	guāi pì	49452		1
归向	guī xiàng	49453	ian-iang,j-q-x	1
憨直	hān zhí	49454	an-ang,z-zh,h-f	1
寒苦	hán kǔ	49455	an-ang,h-f	1
焊枪	hàn qiāng	49457	an-ang,ian-iang,h-f,j-q-x	1
衡器	héng qì	49461	en-eng,h-f,j-q-x	1
红狐	hóng hú	49462	h-f	1
鸿儒	hóng rú	49464	h-f,r-l	1
护持	hù chí	49467	c-ch,h-f	1
回锅	huí guō	49469	ua-uo,h-f	1
火碱	huǒ jiǎn	49471	ian-iang,ua-uo,h-f,j-q-x	1
火性	huǒ xìng	49472	in-ing,ua-uo,h-f,j-q-x	1
货样	huò yàng	49473	an-ang,ua-uo,h-f	1
继嗣	jì sì	49477	s-sh,j-q-x	3
寄递	jì dì	49478	j-q-x	1
尖椒	jiān jiāo	49480	ian-iang,j-q-x	1
减薪	jiǎn xīn	49482	in-ing,ian-iang,j-q-x	1
箭楼	jiàn lóu	49484	ian-iang,ao-ou,n-l,r-l,j-q-x	1
界标	jiè biāo	49485	ia-ie,j-q-x	1
精要	jīng yào	49488	in-ing,ao-ou,j-q-x	1
胫骨	jìng gǔ	49489	in-ing,j-q-x	3
酒浆	jiǔ jiāng	49491	ian-iang,j-q-x	1
具结	jù jié	49493	ia-ie,j-q-x	1
决死	jué sǐ	49494	s-sh,j-q-x	1
绝学	jué xué	49495	j-q-x	1
军徽	jūn huī	49496	h-f,j-q-x	1
楷体	kǎi tǐ	49497	ai-ei	1
科盲	kē máng	49499	an-ang	1
渴慕	kě mù	49500		1
酷虐	kù nüè	49501	n-l	1
胯下	kuà xià	49502	ia-ie,ua-uo,j-q-x	3
宽体	kuān tǐ	49503	uan-uang	1
馈送	kuì sòng	49504	s-sh	1
揽储	lǎn chǔ	49506	an-ang,c-ch,n-l,r-l	1
老汤	lǎo tāng	49507	an-ang,ao-ou,n-l,r-l	1
冷菜	lěng cài	49508	en-eng,ai-ei,c-ch,n-l,r-l	1
冷敷	lěng fū	49509	en-eng,n-l,h-f,r-l	1
利爪	lì zhǎo	49510	ao-ou,z-zh,n-l,r-l	1
连冠	lián guàn	49511	ian-iang,uan-uang,n-l,r-l	1
廉正	lián zhèng	49512	en-eng,ian-iang,z-zh,n-l,r-l	1
撩逗	liáo dòu	49514	ao-ou,n-l,r-l	1
猎食	liè shí	49515	ia-ie,s-sh,n-l,r-l	1
凌波	líng bō	49516	in-ing,n-l,r-l	1
埋名	mái míng	49519	in-ing,ai-ei	1
漫话	màn huà	49521	an-ang,ua-uo,h-f	1
孟春	mèng chūn	49523	en-eng,c-ch	1
面塑	miàn sù	49524	ian-iang,s-sh	1
末座	mò zuò	49525	ua-uo,z-zh	1
墨线	mò xiàn	49526	ian-iang,j-q-x	1
磨扇	mò shàn	49527	an-ang,s-sh	1
木锨	mù xiān	49528	ian-iang,j-q-x	3
男模	nán mó	49530	an-ang,n-l	1
赧然	nǎn rán	49532	an-ang,n-l,r-l	3
脑室	nǎo shì	49533	ao-ou,s-sh,n-l	1
内退	nèi tuì	49534	ai-ei,n-l	1
内兄	nèi xiōng	49535	ai-ei,n-l,j-q-x	1
黏糊	nián hu	49537	ian-iang,n-l,h-f	3
尿急	niào jí	49538	n-l,j-q-x	1
捏弄	niē nòng	49539	ia-ie,n-l	1
扭摆	niǔ bǎi	49540	ai-ei,n-l	1
怒族	nù zú	49541	z-zh,n-l	1
女车	nǚ chē	49542	c-ch,n-l	1
俳句	pái jù	49543	ai-ei,j-q-x	3
盘费	pán fèi	49544	an-ang,ai-ei,h-f	1
配货	pèi huò	49547	ai-ei,ua-uo,h-f	1
皮件	pí jiàn	49548	ian-iang,j-q-x	1
平装	píng zhuāng	49549	in-ing,uan-uang,z-zh	1
凭仗	píng zhàng	49550	in-ing,an-ang,z-zh	1
牵系	qiān xì	49553	ian-iang,j-q-x	1
签筒	qiān tǒng	49554	ian-iang,j-q-x	1
浅白	qiǎn bái	49556	ian-iang,ai-ei,j-q-x	1
跄踉	qiàng liàng	49557	ian-iang,n-l,r-l,j-q-x	2
雀子	qiāo zi	49558	z-zh,j-q-x	1
清醇	qīng chún	49561	in-ing,c-ch,j-q-x	1
清口	qīng kǒu	49562	in-ing,ao-ou,j-q-x	1
情痴	qíng chī	49563	in-ing,c-ch,j-q-x	1
球操	qiú cāo	49565	ao-ou,c-ch,j-q-x	1
祛斑	qū bān	49566	an-ang,j-q-x	3
权变	quán biàn	49569	ian-iang,uan-uang,j-q-x	1
权欲	quán yù	49570	uan-uang,j-q-x	1
荣归	róng guī	49573	r-l	1
散学	sàn xué	49575	an-ang,s-sh,j-q-x	1
善类	shàn lèi	49578	an-ang,ai-ei,s-sh,n-l,r-l	1
擅入	shàn rù	49579	an-ang,s-sh,r-l	1
上家	shàng jiā	49580	an-ang,ia-ie,s-sh,j-q-x	1
舍弟	shè dì	49583	s-sh	1
市两	shì liǎng	49589	ian-iang,s-sh,n-l,r-l	1
侍应	shì yìng	49591	in-ing,s-sh	1
谥号	shì hào	49593	ao-ou,s-sh,h-f	3
手戳	shǒu chuō	49594	ao-ou,ua-uo,c-ch,s-sh	1
手生	shǒu shēng	49595	en-eng,ao-ou,s-sh	1
守孝	shǒu xiào	49597	ao-ou,s-sh,j-q-x	1
殊勋	shū xūn	49598	s-sh,j-q-x	1
水垢	shuǐ gòu	49601	ao-ou,s-sh	1
私念	sī niàn	49604	ian-iang,s-sh,n-l	1
酥糖	sū táng	49606	an-ang,s-sh	1
塔松	tǎ sōng	49609	s-sh	1
摊放	tān fàng	49610	an-ang,h-f	1
叨光	tāo guāng	49612	uan-uang,ao-ou	1
特行	tè háng	49614	an-ang,h-f	1
踢腾	tī teng	49616	en-eng	1
天车	tiān chē	49618	ian-iang,c-ch	1
帮贴	bāng tiē	49619	an-ang,ia-ie	1
停妥	tíng tuǒ	49621	in-ing,ua-uo	1
投喂	tóu wèi	49622	ai-ei,ao-ou	1
推挤	tuī jǐ	49627	j-q-x	1
脱位	tuō wèi	49628	ai-ei,ua-uo	1
外财	wài cái	49629	ai-ei,c-ch	1
晚春	wǎn chūn	49630	an-ang,c-ch	1
帷帐	wéi zhàng	49633	an-ang,ai-ei,z-zh	1
侮慢	wǔ màn	49637	an-ang	1
息肩	xī jiān	49638	ian-iang,j-q-x	1
惜力	xī lì	49639	n-l,r-l,j-q-x	1
犀角	xī jiǎo	49640	j-q-x	1
喜帖	xǐ tiě	49641	ia-ie,j-q-x	1
喜筵	xǐ yán	49642	an-ang,j-q-x	3
细柔	xì róu	49645	ao-ou,r-l,j-q-x	1
下辈	xià bèi	49647	ai-ei,ia-ie,j-q-x	1
下乘	xià chéng	49648	en-eng,ia-ie,c-ch,j-q-x	1
下奶	xià nǎi	49650	ai-ei,ia-ie,n-l,j-q-x	1
鲜润	xiān rùn	49651	ian-iang,r-l,j-q-x	1
香醇	xiāng chún	49653	ian-iang,c-ch,j-q-x	1
响鞭	xiǎng biān	49654	ian-iang,j-q-x	1
相纸	xiāng zhǐ	49655	ian-iang,z-zh,j-q-x	1
橡子	xiàng zi	49656	ian-iang,z-zh,j-q-x	1
凶案	xiōng àn	49660	an-ang,j-q-x	1
雄文	xióng wén	49661	en-eng,j-q-x	1
绣房	xiù fáng	49662	an-ang,h-f,j-q-x	1
寻隙	xún xì	49665	j-q-x	1
烟酸	yān suān	49666	an-ang,uan-uang,s-sh	1
艳史	yàn shǐ	49668	an-ang,s-sh	1
雁行	yàn háng	49669	an-ang,h-f	1
腰果	yāo guǒ	49670	ao-ou,ua-uo	1
药饵	yào ěr	49671	ao-ou	1
药械	yào xiè	49672	ao-ou,ia-ie,j-q-x	1
遗毒	yí dú	49673		1
遗照	yí zhào	49674	ao-ou,z-zh	1
幽寂	yōu jì	49676	ao-ou,j-q-x	1
悠荡	yōu dàng	49677	an-ang,ao-ou	1
油鸡	yóu jī	49679	ao-ou,j-q-x	1
雨意	yǔ yì	49681		1
狱医	yù yī	49684		1
渊深	yuān shēn	49685	en-eng,uan-uang,s-sh	1
原棉	yuán mián	49686	ian-iang,uan-uang	1
约言	yuē yán	49688	an-ang	1
月轮	yuè lún	49689	n-l,r-l	1
韵母	yùn mǔ	49691		1
咂舌	zā shé	49692	z-zh,s-sh	3
择期	zé qī	49693	z-zh,j-q-x	1
债户	zhài hù	49696	ai-ei,z-zh,h-f	1
展宽	zhǎn kuān	49697	an-ang,uan-uang,z-zh	1
站票	zhàn piào	49698	an-ang,z-zh	1
招办	zhāo bàn	49700	an-ang,ao-ou,z-zh	1
折纸	zhé zhǐ	49701	z-zh	1
针法	zhēn fǎ	49702	en-eng,z-zh,h-f	1
雉鸡	zhì jī	49703	z-zh,j-q-x	3
中耳	zhōng ěr	49704	z-zh	1
忠骨	zhōng gǔ	49705	z-zh	1
中彩	zhōng cǎi	49706	ai-ei,z-zh,c-ch	1
主枝	zhǔ zhī	49708	z-zh	1
砖茶	zhuān chá	49710	uan-uang,z-zh,c-ch	1
准假	zhǔn jià	49712	ia-ie,z-zh,j-q-x	1
棕熊	zōng xióng	49714	z-zh,j-q-x	1
族权	zú quán	49715	uan-uang,z-zh,j-q-x	1
醉乡	zuì xiāng	49716	ian-iang,z-zh,j-q-x	1
碍难	ài nán	49718	an-ang,ai-ei,n-l	1
按例	àn lì	49720	an-ang,n-l,r-l	1
摆荡	bǎi dàng	49722	an-ang,ai-ei	1
败火	bài huǒ	49723	ai-ei,ua-uo,h-f	1
班期	bān qī	49724	an-ang,j-q-x	1
伴郎	bàn láng	49725	an-ang,n-l,r-l	1
认床	rèn chuáng	49726	en-eng,uan-uang,c-ch,r-l	1
伴同	bàn tóng	49727	an-ang	1
盘店	pán diàn	49728	an-ang,ian-iang	1
抱恨	bào hèn	49729	en-eng,ao-ou,h-f	1
暴毙	bào bì	49730	ao-ou	1
备注	bèi zhù	49731	ai-ei,z-zh	1
绷子	bēng zi	49732	en-eng,z-zh	1
便帽	biàn mào	49734	ian-iang,ao-ou	1
嘴稳	zuǐ wěn	49735	en-eng,z-zh	1
便桶	biàn tǒng	49736	ian-iang	1
遍于	biàn yú	49737	ian-iang	1
别情	bié qíng	49738	in-ing,ia-ie,j-q-x	1
伯劳	bó láo	49741	ao-ou,n-l,r-l	1
补漏	bǔ lòu	49742	ao-ou,n-l,r-l	1
部类	bù lèi	49743	ai-ei,n-l,r-l	1
簿册	bù cè	49744	c-ch	1
参拍	cān pāi	49745	an-ang,ai-ei,c-ch	1
参悟	cān wù	49746	an-ang,c-ch	1
蚕蛾	cán é	49747	an-ang,c-ch	1
测光	cè guāng	49748	uan-uang,c-ch	1
插叙	chā xù	49749	c-ch,j-q-x	1
缠扰	chán rǎo	49750	an-ang,ao-ou,c-ch,r-l	1
长物	cháng wù	49751	an-ang,c-ch	1
长斋	cháng zhāi	49752	an-ang,ai-ei,z-zh,c-ch	1
常量	cháng liàng	49754	an-ang,ian-iang,c-ch,n-l,r-l	1
陈酿	chén niàng	49756	en-eng,ian-iang,c-ch,n-l	1
成约	chéng yuē	49757	en-eng,c-ch	1
痴笑	chī xiào	49758	c-ch,j-q-x	1
重样	chóng yàng	49759	an-ang,c-ch	1
刊授	kān shòu	49760	an-ang,ao-ou,s-sh	1
丑相	chǒu xiàng	49761	ian-iang,ao-ou,c-ch,j-q-x	1
出脱	chū tuō	49765	ua-uo,c-ch	1
储金	chǔ jīn	49766	in-ing,c-ch,j-q-x	1
窗扇	chuāng shàn	49767	an-ang,uan-uang,c-ch,s-sh	1
休市	xiū shì	49768	s-sh,j-q-x	1
辞让	cí ràng	49769	an-ang,c-ch,r-l	1
蹿跳	cuān tiào	49770	uan-uang,c-ch	3
窜改	cuàn gǎi	49771	uan-uang,ai-ei,c-ch	1
错漏	cuò lòu	49772	ao-ou,ua-uo,c-ch,n-l,r-l	1
淫邪	yín xié	49774	in-ing,ia-ie,j-q-x	1
打夯	dǎ hāng	49775	an-ang,h-f	1
打呼	dǎ hū	49776	h-f	1
呆痴	dāi chī	49780	ai-ei,c-ch	1
待考	dài kǎo	49782	ai-ei,ao-ou	1
丹砂	dān shā	49783	an-ang,s-sh	1
单轨	dān guǐ	49784	an-ang	1
单过	dān guò	49785	an-ang,ua-uo	1
单挑	dān tiǎo	49786	an-ang	1
党证	dǎng zhèng	49789	en-eng,an-ang,z-zh	1
导轨	dǎo guǐ	49790	ao-ou	1
倒换	dǎo huàn	49792	uan-uang,ao-ou,h-f	1
倒替	dǎo tì	49793	ao-ou	1
倒锁	dào suǒ	49794	ao-ou,ua-uo,s-sh	1
抵近	dǐ jìn	49796	in-ing,j-q-x	1
底襟	dǐ jīn	49797	in-ing,j-q-x	1
电示	diàn shì	49800	ian-iang,s-sh	1
刁滑	diāo huá	49802	ua-uo,h-f	1
凋残	diāo cán	49803	an-ang,c-ch	3
钉耙	dīng pá	49804	in-ing	1
冬储	dōng chǔ	49805	c-ch	1
冻肉	dòng ròu	49806	ao-ou,r-l	1
豆蔻	dòu kòu	49807	ao-ou	3
独女	dú nǚ	49809	n-l	1
队日	duì rì	49810	r-l	1
恶疾	è jí	49811	j-q-x	1
放话	fàng huà	49815	an-ang,ua-uo,h-f	1
肥差	féi chāi	49816	ai-ei,c-ch,h-f	1
分肥	fēn féi	49817	en-eng,ai-ei,h-f	1
复业	fù yè	49820	h-f	1
腹诽	fù fěi	49821	ai-ei,h-f	1
甘雨	gān yǔ	49822	an-ang	1
钢渣	gāng zhā	49824	an-ang,z-zh	1
槁木	gǎo mù	49827	ao-ou	3
蛤蚧	gé jiè	49828	ia-ie,j-q-x	3
工细	gōng xì	49829	j-q-x	1
关厢	guān xiāng	49830	ian-iang,uan-uang,j-q-x	1
灌制	guàn zhì	49831	uan-uang,z-zh	1
滚沸	gǔn fèi	49832	ai-ei,h-f	1
国色	guó sè	49833	ua-uo,s-sh	1
海菜	hǎi cài	49834	ai-ei,c-ch,h-f	1
海况	hǎi kuàng	49835	uan-uang,ai-ei,h-f	1
汗腺	hàn xiàn	49836	an-ang,ian-iang,h-f,j-q-x	1
旱獭	hàn tǎ	49837	an-ang,h-f	3
合手	hé shǒu	49838	ao-ou,s-sh,h-f	1
红榜	hóng bǎng	49840	an-ang,h-f	1
护渔	hù yú	49842	h-f	1
花信	huā xìn	49843	in-ing,ua-uo,h-f,j-q-x	1
换亲	huàn qīn	49844	in-ing,uan-uang,h-f,j-q-x	1
灰泥	huī ní	49848	n-l,h-f	1
回生	huí shēng	49849	en-eng,s-sh,h-f	1
秽亵	huì xiè	49850	ia-ie,h-f,j-q-x	3
浑朴	hún pǔ	49851	h-f	1
吉言	jí yán	49854	an-ang,j-q-x	1
急湍	jí tuān	49855	uan-uang,j-q-x	3
健朗	jiàn lǎng	49860	an-ang,ian-iang,n-l,r-l,j-q-x	1
渐显	jiàn xiǎn	49861	ian-iang,j-q-x	1
绛紫	jiàng zǐ	49862	ian-iang,z-zh,j-q-x	3
娇宠	jiāo chǒng	49863	c-ch,j-q-x	1
胶靴	jiāo xuē	49864	j-q-x	1
绞架	jiǎo jià	49865	ia-ie,j-q-x	1
校场	jiào chǎng	49866	an-ang,c-ch,j-q-x	1
教本	jiào běn	49867	en-eng,j-q-x	1
教习	jiào xí	49868	j-q-x	1
接骨	jiē gǔ	49869	ia-ie,j-q-x	1
金砖	jīn zhuān	49871	in-ing,uan-uang,z-zh,j-q-x	1
筋络	jīn luò	49872	in-ing,ua-uo,n-l,r-l,j-q-x	1
尽孝	jìn xiào	49873	in-ing,j-q-x	1
进谏	jìn jiàn	49874	in-ing,ian-iang,j-q-x	3
精义	jīng yì	49875	in-ing,j-q-x	1
酒酿	jiǔ niàng	49876	ian-iang,n-l,j-q-x	1
酒曲	jiǔ qū	49877	j-q-x	1
旧地	jiù dì	49878	j-q-x	1
就里	jiù lǐ	49880	n-l,r-l,j-q-x	1
卡尺	kǎ chǐ	49881	c-ch	1
快事	kuài shì	49883	s-sh	1
旷远	kuàng yuǎn	49884	uan-uang	1
类聚	lèi jù	49887	ai-ei,n-l,r-l,j-q-x	1
离岛	lí dǎo	49888	ao-ou,n-l,r-l	1
里手	lǐ shǒu	49889	ao-ou,s-sh,n-l,r-l	1
力荐	lì jiàn	49890	ian-iang,n-l,r-l,j-q-x	1
恋战	liàn zhàn	49891	an-ang,ian-iang,z-zh,n-l,r-l	1
粮囤	liáng dùn	49892	ian-iang,n-l,r-l	1
料酒	liào jiǔ	49893	n-l,r-l,j-q-x	1
猎装	liè zhuāng	49895	uan-uang,ia-ie,z-zh,n-l,r-l	1
楼船	lóu chuán	49897	uan-uang,ao-ou,c-ch,n-l,r-l	1
绿篱	lǜ lí	49900	n-l,r-l	1
霉斑	méi bān	49905	an-ang,ai-ei	1
蒙医	měng yī	49907	en-eng	1
迷误	mí wù	49908		1
迷阵	mí zhèn	49909	en-eng,z-zh	1
密函	mì hán	49910	an-ang,h-f	1
妙年	miào nián	49913	ian-iang,n-l	1
民校	mín xiào	49914	in-ing,j-q-x	1
内愧	nèi kuì	49917	ai-ei,n-l	1
尿检	niào jiǎn	49919	ian-iang,n-l,j-q-x	1
奴化	nú huà	49920	ua-uo,n-l,h-f	1
女墙	nǚ qiáng	49921	ian-iang,n-l,j-q-x	1
女优	nǚ yōu	49922	ao-ou,n-l	1
叛离	pàn lí	49924	an-ang,n-l,r-l	1
炮位	pào wèi	49925	ai-ei,ao-ou	1
平权	píng quán	49926	in-ing,uan-uang,j-q-x	1
评阅	píng yuè	49927	in-ing	1
氆氇	pǔ lu	49929	n-l,r-l	2
起灵	qǐ líng	49931	in-ing,n-l,r-l,j-q-x	1
蜣螂	qiāng láng	49934	an-ang,ian-iang,n-l,r-l,j-q-x	2
青虾	qīng xiā	49938	in-ing,ia-ie,j-q-x	1
肉刑	ròu xíng	49940	in-ing,ao-ou,r-l,j-q-x	1
入仓	rù cāng	49941	an-ang,c-ch,r-l	1
入档	rù dàng	49942	an-ang,r-l	1
软糖	ruǎn táng	49943	an-ang,uan-uang,r-l	1
软梯	ruǎn tī	49944	uan-uang,r-l	1
撒种	sǎ zhǒng	49946	z-zh,s-sh	1
飒爽	sà shuǎng	49947	uan-uang,s-sh	3
散曲	sǎn qǔ	49948	an-ang,s-sh,j-q-x	1
散闷	sàn mèn	49949	en-eng,an-ang,s-sh	1
色子	shǎi zi	49950	ai-ei,z-zh,s-sh	1
设摊	shè tān	49952	an-ang,s-sh	1
升压	shēng yā	49953	en-eng,s-sh	1
失责	shī zé	49956	z-zh,s-sh	1
师门	shī mén	49957	en-eng,s-sh	1
试讲	shì jiǎng	49958	ian-iang,s-sh,j-q-x	1
手谈	shǒu tán	49960	an-ang,ao-ou,s-sh	1
守擂	shǒu lèi	49961	ai-ei,ao-ou,s-sh,n-l,r-l	1
叔祖	shū zǔ	49962	z-zh,s-sh	1
熟手	shú shǒu	49963	ao-ou,s-sh	1
鼠辈	shǔ bèi	49964	ai-ei,s-sh	1
要钱	yào qián	49965	ian-iang,ao-ou,j-q-x	1
爽脆	shuǎng cuì	49966	uan-uang,c-ch,s-sh	1
水床	shuǐ chuáng	49967	uan-uang,c-ch,s-sh	1
私邸	sī dǐ	49968	s-sh	3
素餐	sù cān	49971	an-ang,c-ch,s-sh	1
踏空	tà kōng	49972		1
套红	tào hóng	49975	ao-ou,h-f	1
套语	tào yǔ	49976	ao-ou	1
替工	tì gōng	49978		1
添丁	tiān dīng	49979	in-ing,ian-iang	1
铁工	tiě gōng	49980	ia-ie	1
听便	tīng biàn	49982	in-ing,ian-iang	1
停灵	tíng líng	49983	in-ing,n-l,r-l	1
通便	tōng biàn	49984	ian-iang	1
图卷	tú juàn	49986	uan-uang,j-q-x	1
土货	tǔ huò	49987	ua-uo,h-f	1
团徽	tuán huī	49988	uan-uang,h-f	1
推及	tuī jí	49989	j-q-x	1
挽幛	wǎn zhàng	49992	an-ang,z-zh	3
婉谢	wǎn xiè	49993	an-ang,ia-ie,j-q-x	1
妄说	wàng shuō	49994	an-ang,ua-uo,s-sh	1
萎谢	wěi xiè	49996	ai-ei,ia-ie,j-q-x	1
五岭	wǔ lǐng	50000	in-ing,n-l,r-l	1
细菜	xì cài	50002	ai-ei,c-ch,j-q-x	1
细润	xì rùn	50003	r-l,j-q-x	1
纤秀	xiān xiù	50004	ian-iang,j-q-x	1
籼米	xiān mǐ	50005	ian-iang,j-q-x	3
闲篇	xián piān	50006	ian-iang,j-q-x	1
乡谊	xiāng yì	50007	ian-iang,j-q-x	1
响板	xiǎng bǎn	50008	an-ang,ian-iang,j-q-x	1
向午	xiàng wǔ	50009	ian-iang,j-q-x	1
下套	xià tào	50010	ao-ou,ia-ie,j-q-x	1
形声	xíng shēng	50013	en-eng,in-ing,s-sh,j-q-x	1
雄蜂	xióng fēng	50015	en-eng,h-f,j-q-x	1
修读	xiū dú	50017	j-q-x	1
须子	xū zi	50018	z-zh,j-q-x	1
虚言	xū yán	50019	an-ang,j-q-x	1
喧噪	xuān zào	50020	uan-uang,ao-ou,z-zh,j-q-x	1
训条	xùn tiáo	50023	j-q-x	1
训责	xùn zé	50024	z-zh,j-q-x	1
雅思	yǎ sī	50025	s-sh	1
延搁	yán gē	50027	an-ang	1
言欢	yán huān	50028	an-ang,uan-uang,h-f	1
扬程	yáng chéng	50030	en-eng,an-ang,c-ch	1
羊毫	yáng háo	50031	an-ang,ao-ou,h-f	1
佯言	yáng yán	50032	an-ang	3
要图	yào tú	50033	ao-ou	1
阴平	yīn píng	50039	in-ing	1
应敌	yìng dí	50040	in-ing	1
涌潮	yǒng cháo	50043	ao-ou,c-ch	1
游伴	yóu bàn	50045	an-ang,ao-ou	1
诱供	yòu gòng	50047	ao-ou	1
羽扇	yǔ shàn	50048	an-ang,s-sh	1
雨刷	yǔ shuā	50049	ua-uo,s-sh	1
雨燕	yǔ yàn	50050	an-ang	1
杂糅	zá róu	50054	ao-ou,z-zh,r-l	3
择交	zé jiāo	50056	z-zh,j-q-x	1
轧机	zhá jī	50058	z-zh,j-q-x	1
宅邸	zhái dǐ	50059	ai-ei,z-zh	3
择菜	zhái cài	50060	ai-ei,z-zh,c-ch	1
战勤	zhàn qín	50062	in-ing,an-ang,z-zh,j-q-x	1
招干	zhāo gān	50063	an-ang,ao-ou,z-zh	1
招赘	zhāo zhuì	50064	ao-ou,z-zh	1
照付	zhào fù	50065	ao-ou,z-zh,h-f	1
珍异	zhēn yì	50066	en-eng,z-zh	1
蒸饺	zhēng jiǎo	50068	en-eng,z-zh,j-q-x	1
整枝	zhěng zhī	50069	en-eng,z-zh	1
纸版	zhǐ bǎn	50072	an-ang,z-zh	1
中伏	zhōng fú	50073	z-zh,h-f	1
中装	zhōng zhuāng	50074	uan-uang,z-zh	1
种蛋	zhǒng dàn	50075	an-ang,z-zh	1
抓饭	zhuā fàn	50078	an-ang,ua-uo,z-zh,h-f	1
卓立	zhuó lì	50080	ua-uo,z-zh,n-l,r-l	1
资力	zī lì	50081	z-zh,n-l,r-l	1
纵目	zòng mù	50083	z-zh	1
嘴甜	zuǐ tián	50084	ian-iang,z-zh	1
搬移	bān yí	50086	an-ang	1
板式	bǎn shì	50087	an-ang,s-sh	1
板刷	bǎn shuā	50088	an-ang,ua-uo,s-sh	1
伴音	bàn yīn	50089	in-ing,an-ang	1
包赔	bāo péi	50090	ai-ei,ao-ou	1
包票	bāo piào	50091	ao-ou	1
报审	bào shěn	50092	en-eng,ao-ou,s-sh	1
暴尸	bào shī	50094	ao-ou,s-sh	1
编订	biān dìng	50097	in-ing,ian-iang	1
便笺	biàn jiān	50098	ian-iang,j-q-x	3
便鞋	biàn xié	50099	ian-iang,ia-ie,j-q-x	1
辩难	biàn nàn	50100	an-ang,ian-iang,n-l	1
辩手	biàn shǒu	50101	ian-iang,ao-ou,s-sh	1
标图	biāo tú	50102		1
冰坨	bīng tuó	50103	in-ing,ua-uo	3
屏除	bǐng chú	50104	in-ing,c-ch	1
驳议	bó yì	50105		1
菜瓜	cài guā	50109	ai-ei,ua-uo,c-ch	1
菜式	cài shì	50110	ai-ei,c-ch,s-sh	1
插条	chā tiáo	50111	c-ch	1
查寻	chá xún	50112	c-ch,j-q-x	1
常轨	cháng guǐ	50115	an-ang,c-ch	1
超绝	chāo jué	50116	ao-ou,c-ch,j-q-x	1
抻面	chēn miàn	50117	en-eng,ian-iang,c-ch	3
尘俗	chén sú	50118	en-eng,c-ch,s-sh	1
衬裙	chèn qún	50119	en-eng,c-ch,j-q-x	1
承情	chéng qíng	50120	en-eng,in-ing,c-ch,j-q-x	1
冲泡	chōng pào	50123	ao-ou,c-ch	1
抽选	chōu xuǎn	50124	uan-uang,ao-ou,c-ch,j-q-x	1
除湿	chú shī	50126	c-ch,s-sh	1
丛杂	cóng zá	50128	z-zh,c-ch	1
凑手	còu shǒu	50129	ao-ou,c-ch,s-sh	1
打闪	dǎ shǎn	50130	an-ang,s-sh	1
呆笨	dāi bèn	50133	en-eng,ai-ei	1
掸子	dǎn zi	50135	an-ang,z-zh	3
倒手	dǎo shǒu	50137	ao-ou,s-sh	1
倒装	dào zhuāng	50138	uan-uang,ao-ou,z-zh	1
盗运	dào yùn	50139	ao-ou	1
等差	děng chā	50140	en-eng,c-ch	1
垫儿	diàn er	50142	ian-iang	1
吊打	diào dǎ	50143		1
钓饵	diào ěr	50144		1
豆秸	dòu jiē	50145	ao-ou,ia-ie,j-q-x	1
渡桥	dù qiáo	50146	j-q-x	1
堆栈	duī zhàn	50147	an-ang,z-zh	1
遁世	dùn shì	50148	s-sh	3
饿饭	è fàn	50149	an-ang,h-f	1
二婚	èr hūn	50150	h-f	1
坟冢	fén zhǒng	50155	en-eng,z-zh,h-f	3
蜂胶	fēng jiāo	50156	en-eng,h-f,j-q-x	1
奉赠	fèng zèng	50157	en-eng,z-zh,h-f	1
服式	fú shì	50158	s-sh,h-f	1
浮滑	fú huá	50159	ua-uo,h-f	1
浮尸	fú shī	50160	s-sh,h-f	1
辅修	fǔ xiū	50161	h-f,j-q-x	1
附白	fù bái	50162	ai-ei,h-f	1
歌本	gē běn	50164	en-eng	1
个位	gè wèi	50165	ai-ei	1
官运	guān yùn	50169	uan-uang	1
贵体	guì tǐ	50172		1
滚梯	gǔn tī	50173		1
国丧	guó sāng	50174	an-ang,ua-uo,s-sh	1
海蛇	hǎi shé	50176	ai-ei,s-sh,h-f	1
海獭	hǎi tǎ	50177	ai-ei,h-f	3
寒暖	hán nuǎn	50178	an-ang,uan-uang,n-l,h-f	1
旱稻	hàn dào	50179	an-ang,ao-ou,h-f	1
和乐	hé lè	50182	n-l,h-f,r-l	1
河运	hé yùn	50183	h-f	1
黑陶	hēi táo	50185	ai-ei,ao-ou,h-f	1
横列	héng liè	50186	en-eng,ia-ie,n-l,h-f,r-l	1
烘焙	hōng bèi	50187	ai-ei,h-f	3
虎钳	hǔ qián	50191	ian-iang,h-f,j-q-x	1
互见	hù jiàn	50192	ian-iang,h-f,j-q-x	1
化瘀	huà yū	50195	ua-uo,h-f	5
黄书	huáng shū	50197	uan-uang,s-sh,h-f	1
诨号	hùn hào	50200	ao-ou,h-f	3
混编	hùn biān	50201	ian-iang,h-f	1
火柱	huǒ zhù	50204	ua-uo,z-zh,h-f	1
机轮	jī lún	50206	n-l,r-l,j-q-x	1
机运	jī yùn	50207	j-q-x	1
急件	jí jiàn	50208	ian-iang,j-q-x	1
嘉勉	jiā miǎn	50210	ian-iang,ia-ie,j-q-x	1
岬角	jiǎ jiǎo	50211	ia-ie,j-q-x	3
剪票	jiǎn piào	50212	ian-iang,j-q-x	1
简装	jiǎn zhuāng	50213	ian-iang,uan-uang,z-zh,j-q-x	1
溅落	jiàn luò	50214	ian-iang,ua-uo,n-l,r-l,j-q-x	1
僭越	jiàn yuè	50215	ian-iang,j-q-x	3
交恶	jiāo wù	50216	j-q-x	1
交账	jiāo zhàng	50217	an-ang,z-zh,j-q-x	1
娇嗔	jiāo chēn	50218	en-eng,c-ch,j-q-x	3
接产	jiē chǎn	50219	an-ang,ia-ie,c-ch,j-q-x	1
借支	jiè zhī	50221	ia-ie,z-zh,j-q-x	1
禁果	jìn guǒ	50222	in-ing,ua-uo,j-q-x	1
剧务	jù wù	50223	j-q-x	1
绝艺	jué yì	50225	j-q-x	1
蕨菜	jué cài	50226	ai-ei,c-ch,j-q-x	3
扛活	káng huó	50228	an-ang,ua-uo,h-f	1
烤制	kǎo zhì	50229	ao-ou,z-zh	1
刻痕	kè hén	50231	en-eng,h-f	1
经停	jīng tíng	50232	in-ing,j-q-x	1
空乏	kōng fá	50234	h-f	1
空口	kōng kǒu	50235	ao-ou	1
叩拜	kòu bài	50236	ai-ei,ao-ou	1
宽舒	kuān shū	50237	uan-uang,s-sh	1
宽余	kuān yú	50238	uan-uang	1
亏负	kuī fù	50239	h-f	1
喟然	kuì rán	50240	an-ang,r-l	3
劳乏	láo fá	50241	ao-ou,n-l,h-f,r-l	1
冷餐	lěng cān	50243	en-eng,an-ang,c-ch,n-l,r-l	1
愣怔	lèng zheng	50244	en-eng,z-zh,n-l,r-l	1
离弃	lí qì	50245	n-l,r-l,j-q-x	1
例句	lì jù	50247	n-l,r-l,j-q-x	1
连坐	lián zuò	50248	ian-iang,ua-uo,z-zh,n-l,r-l	1
霖雨	lín yǔ	50252	in-ing,n-l,r-l	3
领舞	lǐng wǔ	50253	in-ing,n-l,r-l	1
陆运	lù yùn	50255	n-l,r-l	1
路堤	lù dī	50256	n-l,r-l	1
缕述	lǚ shù	50257	s-sh,n-l,r-l	1
落霞	luò xiá	50260	ia-ie,ua-uo,n-l,r-l,j-q-x	1
麻酱	má jiàng	50261	ian-iang,j-q-x	1
盲棋	máng qí	50262	an-ang,j-q-x	1
毛糙	máo cao	50263	ao-ou,c-ch	1
毛贼	máo zéi	50264	ai-ei,ao-ou,z-zh	1
门警	mén jǐng	50266	en-eng,in-ing,j-q-x	1
秘本	mì běn	50267	en-eng	1
密件	mì jiàn	50268	ian-iang,j-q-x	1
妙境	miào jìng	50269	in-ing,j-q-x	1
沫儿	mò er	50272		1
木莲	mù lián	50273	ian-iang,n-l,r-l	1
泥垢	ní gòu	50277	ao-ou,n-l	1
匿迹	nì jì	50278	n-l,j-q-x	1
年利	nián lì	50279	ian-iang,n-l,r-l	1
牛饮	niú yǐn	50280	in-ing,n-l	1
跑街	pǎo jiē	50282	ao-ou,ia-ie,j-q-x	1
烹煮	pēng zhǔ	50283	en-eng,z-zh	1
飘电	piāo diàn	50284	ian-iang	1
姘妇	pīn fù	50286	in-ing,h-f	3
平服	píng fú	50287	in-ing,h-f	1
平光	píng guāng	50288	in-ing,uan-uang	1
破戒	pò jiè	50289	ia-ie,j-q-x	1
蒲剧	pú jù	50290	j-q-x	1
谱子	pǔ zi	50291	z-zh	1
起旱	qǐ hàn	50293	an-ang,h-f,j-q-x	1
潜隐	qián yǐn	50297	in-ing,ian-iang,j-q-x	1
欠安	qiàn ān	50298	an-ang,ian-iang,j-q-x	1
纤绳	qiàn shéng	50299	en-eng,ian-iang,s-sh,j-q-x	1
峭拔	qiào bá	50300	j-q-x	1
清规	qīng guī	50301	in-ing,j-q-x	1
驱寒	qū hán	50302	an-ang,h-f,j-q-x	1
惹气	rě qì	50303	r-l,j-q-x	1
荣退	róng tuì	50305	r-l	1
柔细	róu xì	50307	ao-ou,r-l,j-q-x	1
肉汁	ròu zhī	50308	ao-ou,z-zh,r-l	1
赛期	sài qī	50309	ai-ei,s-sh,j-q-x	1
色带	sè dài	50312	ai-ei,s-sh	1
杀青	shā qīng	50313	in-ing,s-sh,j-q-x	1
煞尾	shā wěi	50314	ai-ei,s-sh	1
膳宿	shàn sù	50315	an-ang,s-sh	3
上代	shàng dài	50316	an-ang,ai-ei,s-sh	1
手勤	shǒu qín	50320	in-ing,ao-ou,s-sh,j-q-x	1
首度	shǒu dù	50322	ao-ou,s-sh	1
寿酒	shòu jiǔ	50323	ao-ou,s-sh,j-q-x	1
寿面	shòu miàn	50324	ian-iang,ao-ou,s-sh	1
寿筵	shòu yán	50325	an-ang,ao-ou,s-sh	3
疏理	shū lǐ	50326	s-sh,n-l,r-l	1
颂诗	sòng shī	50332	s-sh	1
踏春	tà chūn	50335	c-ch	1
胎动	tāi dòng	50336	ai-ei	1
台盘	tái pán	50337	an-ang,ai-ei	1
太婆	tài pó	50338	ai-ei	1
贪占	tān zhàn	50340	an-ang,z-zh	1
特惠	tè huì	50342	h-f	1
添色	tiān sè	50343	ian-iang,s-sh	1
调幅	tiáo fú	50344	h-f	1
痛恶	tòng wù	50347		1
投亲	tóu qīn	50348	in-ing,ao-ou,j-q-x	1
退亲	tuì qīn	50349	in-ing,j-q-x	1
吞金	tūn jīn	50350	in-ing,j-q-x	1
外功	wài gōng	50351	ai-ei	1
违逆	wéi nì	50354	ai-ei,n-l	1
围屏	wéi píng	50355	in-ing,ai-ei	1
尉官	wèi guān	50356	uan-uang,ai-ei	1
温书	wēn shū	50357	en-eng,s-sh	1
乌鱼	wū yú	50359		1
锡剧	xī jù	50362	j-q-x	1
侠气	xiá qì	50364	ia-ie,j-q-x	1
相扰	xiāng rǎo	50368	ian-iang,ao-ou,r-l,j-q-x	1
香茗	xiāng míng	50369	in-ing,ian-iang,j-q-x	3
小炒	xiǎo chǎo	50371	ao-ou,c-ch,j-q-x	1
谢客	xiè kè	50375	ia-ie,j-q-x	1
星散	xīng sàn	50376	in-ing,an-ang,s-sh,j-q-x	1
星图	xīng tú	50377	in-ing,j-q-x	1
腥膻	xīng shān	50379	in-ing,an-ang,s-sh,j-q-x	3
行劫	xíng jié	50380	in-ing,ia-ie,j-q-x	1
省察	xǐng chá	50381	in-ing,c-ch,j-q-x	1
轩敞	xuān chǎng	50383	an-ang,uan-uang,c-ch,j-q-x	1
言笑	yán xiào	50386	an-ang,j-q-x	1
眼压	yǎn yā	50388	an-ang	1
要诀	yào jué	50389	ao-ou,j-q-x	1
衣钩	yī gōu	50393	ao-ou	1
医理	yī lǐ	50394	n-l,r-l	1
议购	yì gòu	50396	ao-ou	1
异文	yì wén	50397	en-eng	1
银须	yín xū	50400	in-ing,j-q-x	1
硬顶	yìng dǐng	50401	in-ing	1
幽径	yōu jìng	50402	in-ing,ao-ou,j-q-x	1
邮袋	yóu dài	50403	ai-ei,ao-ou	1
诱引	yòu yǐn	50406	in-ing,ao-ou	1
郁愤	yù fèn	50408	en-eng,h-f	1
预征	yù zhēng	50409	en-eng,z-zh	1
瘴疠	zhàng lì	50412	an-ang,z-zh,n-l,r-l	2
蔗农	zhè nóng	50413	z-zh,n-l	1
珍摄	zhēn shè	50414	en-eng,z-zh,s-sh	1
征发	zhēng fā	50415	en-eng,z-zh,h-f	1
整月	zhěng yuè	50416	en-eng,z-zh	1
正手	zhèng shǒu	50417	en-eng,ao-ou,z-zh,s-sh	1
汁水	zhī shui	50418	z-zh,s-sh	1
炙烤	zhì kǎo	50421	ao-ou,z-zh	3
挚诚	zhì chéng	50422	en-eng,z-zh,c-ch	1
轴距	zhóu jù	50423	ao-ou,z-zh,j-q-x	1
主婚	zhǔ hūn	50424	z-zh,h-f	1
追叙	zhuī xù	50426	z-zh,j-q-x	1
准尉	zhǔn wèi	50427	ai-ei,z-zh	1
自贬	zì biǎn	50428	ian-iang,z-zh	1
自拍	zì pāi	50430	ai-ei,z-zh	1
暗潮	àn cháo	50434	an-ang,ao-ou,c-ch	1
扒皮	bā pí	50435		1
把家	bǎ jiā	50436	ia-ie,j-q-x	1
白芷	bái zhǐ	50437	ai-ei,z-zh	3
板房	bǎn fáng	50438	an-ang,h-f	1
宝书	bǎo shū	50440	ao-ou,s-sh	1
刨冰	bào bīng	50441	in-ing,ao-ou	1
备货	bèi huò	50442	ai-ei,ua-uo,h-f	1
蹦高	bèng gāo	50443	en-eng,ao-ou	1
比美	bǐ měi	50444	ai-ei	1
笔顺	bǐ shùn	50445	s-sh	1
编派	biān pai	50449	ian-iang,ai-ei	1
贬词	biǎn cí	50450	ian-iang,c-ch	1
变工	biàn gōng	50451	ian-iang	1
表带	biǎo dài	50452	ai-ei	1
冰炭	bīng tàn	50453	in-ing,an-ang	1
帛画	bó huà	50454	ua-uo,h-f	3
菜点	cài diǎn	50456	ian-iang,ai-ei,c-ch	1
参谒	cān yè	50457	an-ang,c-ch	3
查检	chá jiǎn	50458	ian-iang,c-ch,j-q-x	1
查收	chá shōu	50459	ao-ou,c-ch,s-sh	1
柴薪	chái xīn	50460	in-ing,ai-ei,c-ch,j-q-x	1
场记	chǎng jì	50461	an-ang,c-ch,j-q-x	1
车照	chē zhào	50463	ao-ou,z-zh,c-ch	1
彻查	chè chá	50464	c-ch	1
沉滞	chén zhì	50465	en-eng,z-zh,c-ch	1
弛缓	chí huǎn	50467	uan-uang,c-ch,h-f	1
重睹	chóng dǔ	50469	c-ch	1
抽缩	chōu suō	50470	ao-ou,ua-uo,c-ch,s-sh	1
抽芽	chōu yá	50471	ao-ou,c-ch	1
初度	chū dù	50472	c-ch	1
串铃	chuàn líng	50475	in-ing,uan-uang,c-ch,n-l,r-l	1
磁疗	cí liáo	50477	c-ch,n-l,r-l	1
催迫	cuī pò	50478	c-ch	1
催芽	cuī yá	50479	c-ch	1
村史	cūn shǐ	50480	c-ch,s-sh	1
打底	dǎ dǐ	50483		1
打票	dǎ piào	50484		1
打弯	dǎ wān	50485	an-ang	1
贷方	dài fāng	50487	an-ang,ai-ei,h-f	1
低哑	dī yǎ	50490		1
低智	dī zhì	50491	z-zh	1
底舱	dǐ cāng	50492	an-ang,c-ch	1
地极	dì jí	50493	j-q-x	1
地龙	dì lóng	50494	n-l,r-l	1
电唁	diàn yàn	50496	an-ang,ian-iang	1
玷辱	diàn rǔ	50499	ian-iang,r-l	1
鼎新	dǐng xīn	50501	in-ing,j-q-x	1
冻雨	dòng yǔ	50502		1
钝角	dùn jiǎo	50503	j-q-x	1
翻浆	fān jiāng	50506	an-ang,ian-iang,h-f,j-q-x	1
方尺	fāng chǐ	50508	an-ang,c-ch,h-f	1
芳姿	fāng zī	50509	an-ang,z-zh,h-f	1
封笔	fēng bǐ	50515	en-eng,h-f	1
付酬	fù chóu	50517	ao-ou,c-ch,h-f	1
钢瓶	gāng píng	50521	in-ing,an-ang	1
驻村	zhù cūn	50522	z-zh,c-ch	1
工料	gōng liào	50523	n-l,r-l	1
公出	gōng chū	50524	c-ch	1
公伤	gōng shāng	50525	an-ang,s-sh	1
供案	gòng àn	50526	an-ang	1
咕隆	gū lōng	50527	n-l,r-l	1
孤愤	gū fèn	50528	en-eng,h-f	1
骨针	gǔ zhēn	50529	en-eng,z-zh	1
估衣	gù yi	50530		1
瓜秧	guā yāng	50531	an-ang,ua-uo	1
挂零	guà líng	50532	in-ing,ua-uo,n-l,r-l	1
冠子	guān zi	50534	uan-uang,z-zh	1
管界	guǎn jiè	50535	uan-uang,ia-ie,j-q-x	1
罐笼	guàn lóng	50536	uan-uang,n-l,r-l	1
龟背	guī bèi	50537	ai-ei	1
含片	hán piàn	50538	an-ang,ian-iang,h-f	1
行款	háng kuǎn	50539	an-ang,uan-uang,h-f	1
好惹	hǎo rě	50540	ao-ou,h-f,r-l	1
和局	hé jú	50542	h-f,j-q-x	1
横笛	héng dí	50544	en-eng,h-f	1
厚谊	hòu yì	50547	ao-ou,h-f	1
荒寂	huāng jì	50549	uan-uang,h-f,j-q-x	1
惶悚	huáng sǒng	50552	uan-uang,s-sh,h-f	3
回驳	huí bó	50553	h-f	1
婚假	hūn jià	50554	ia-ie,h-f,j-q-x	1
火拼	huǒ pīn	50557	in-ing,ua-uo,h-f	1
货流	huò liú	50559	ua-uo,n-l,h-f,r-l	1
齑粉	jī fěn	50561	en-eng,h-f,j-q-x	3
极顶	jí dǐng	50562	in-ing,j-q-x	1
疾进	jí jìn	50563	in-ing,j-q-x	1
祭器	jì qì	50565	j-q-x	1
髻子	jì zi	50566	z-zh,j-q-x	3
家祠	jiā cí	50567	ia-ie,c-ch,j-q-x	1
煎炒	jiān chǎo	50569	ian-iang,ao-ou,c-ch,j-q-x	1
间苗	jiàn miáo	50571	ian-iang,j-q-x	1
胶轮	jiāo lún	50573	n-l,r-l,j-q-x	1
接穗	jiē suì	50574	ia-ie,s-sh,j-q-x	1
金橘	jīn jú	50576	in-ing,j-q-x	1
近战	jìn zhàn	50578	in-ing,an-ang,z-zh,j-q-x	1
九族	jiǔ zú	50580	z-zh,j-q-x	1
开光	kāi guāng	50581	uan-uang,ai-ei	1
课表	kè biǎo	50582		1
空论	kōng lùn	50583	n-l,r-l	1
口蘑	kǒu mó	50585	ao-ou	1
块根	kuài gēn	50586	en-eng	1
溃堤	kuì dī	50587		1
浪峰	làng fēng	50589	en-eng,an-ang,n-l,h-f,r-l	1
老窝	lǎo wō	50590	ao-ou,n-l,r-l	1
冷傲	lěng ào	50592	en-eng,ao-ou,n-l,r-l	1
冷荤	lěng hūn	50594	en-eng,n-l,h-f,r-l	1
里层	lǐ céng	50595	en-eng,c-ch,n-l,r-l	1
炼乳	liàn rǔ	50597	ian-iang,n-l,r-l	1
寥落	liáo luò	50598	ua-uo,n-l,r-l	1
燎泡	liáo pào	50599	ao-ou,n-l,r-l	3
劣种	liè zhǒng	50600	ia-ie,z-zh,n-l,r-l	1
灵慧	líng huì	50601	in-ing,n-l,h-f,r-l	1
留底	liú dǐ	50604	n-l,r-l	1
溜子	liù zi	50605	z-zh,n-l,r-l	1
闾里	lǘ lǐ	50607	n-l,r-l	3
冒号	mào hào	50609	ao-ou,h-f	1
糜子	méi zi	50611	ai-ei,z-zh	3
媚气	mèi qì	50612	ai-ei,j-q-x	1
门墩	mén dūn	50613	en-eng	1
迷航	mí háng	50615	an-ang,h-f	1
绵纸	mián zhǐ	50616	ian-iang,z-zh	1
妙品	miào pǐn	50617	in-ing	1
民贼	mín zéi	50618	in-ing,ai-ei,z-zh	1
鸣啭	míng zhuàn	50619	in-ing,uan-uang,z-zh	3
磨烦	mò fan	50622	an-ang,h-f	1
谋虑	móu lǜ	50623	ao-ou,n-l,r-l	1
囊虫	náng chóng	50626	an-ang,c-ch,n-l	1
孽债	niè zhài	50629	ai-ei,ia-ie,z-zh,n-l	1
农谚	nóng yàn	50630	an-ang,n-l	1
排炮	pái pào	50631	ai-ei,ao-ou	1
排箫	pái xiāo	50632	ai-ei,j-q-x	1
炮艇	pào tǐng	50633	in-ing,ao-ou	1
喷饭	pēn fàn	50634	en-eng,an-ang,h-f	1
硼砂	péng shā	50635	en-eng,s-sh	3
披巾	pī jīn	50636	in-ing,j-q-x	1
霹雷	pī léi	50637	ai-ei,n-l,r-l	1
评注	píng zhù	50639	in-ing,z-zh	1
扑噜	pū lū	50641	n-l,r-l	3
起货	qǐ huò	50643	ua-uo,h-f,j-q-x	1
铅弹	qiān dàn	50646	an-ang,ian-iang,j-q-x	1
切糕	qiē gāo	50648	ao-ou,ia-ie,j-q-x	1
怯阵	qiè zhèn	50649	en-eng,ia-ie,z-zh,j-q-x	1
琴谱	qín pǔ	50650	in-ing,j-q-x	1
青黛	qīng dài	50651	in-ing,ai-ei,j-q-x	3
青涩	qīng sè	50652	in-ing,s-sh,j-q-x	1
青蒜	qīng suàn	50653	in-ing,uan-uang,s-sh,j-q-x	1
轻吟	qīng yín	50654	in-ing,j-q-x	1
倾洒	qīng sǎ	50655	in-ing,s-sh,j-q-x	1
清册	qīng cè	50656	in-ing,c-ch,j-q-x	1
求师	qiú shī	50657	s-sh,j-q-x	1
驱迫	qū pò	50658	j-q-x	1
绕嘴	rào zuǐ	50659	ao-ou,z-zh,r-l	1
热毒	rè dú	50660	r-l	1
日工	rì gōng	50662	r-l	1
乳剂	rǔ jì	50663	r-l,j-q-x	1
入邪	rù xié	50664	ia-ie,r-l,j-q-x	1
褥套	rù tào	50665	ao-ou,r-l	1
丧志	sàng zhì	50668	an-ang,z-zh,s-sh	1
臊气	sāo qì	50669	ao-ou,s-sh,j-q-x	1
煞车	shā chē	50671	c-ch,s-sh	1
删定	shān dìng	50673	in-ing,an-ang,s-sh	1
筲箕	shāo jī	50675	ao-ou,s-sh,j-q-x	3
深幽	shēn yōu	50676	en-eng,ao-ou,s-sh	1
哂笑	shěn xiào	50677	en-eng,s-sh,j-q-x	3
升班	shēng bān	50678	en-eng,an-ang,s-sh	1
声母	shēng mǔ	50681	en-eng,s-sh	1
失序	shī xù	50682	s-sh,j-q-x	1
施粉	shī fěn	50683	en-eng,s-sh,h-f	1
试读	shì dú	50684	s-sh	1
舒爽	shū shuǎng	50685	uan-uang,s-sh	1
霜叶	shuāng yè	50688	uan-uang,s-sh	1
水涝	shuǐ lào	50690	ao-ou,s-sh,n-l,r-l	1
水疱	shuǐ pào	50692	ao-ou,s-sh	3
水纹	shuǐ wén	50693	en-eng,s-sh	1
水葬	shuǐ zàng	50694	an-ang,z-zh,s-sh	1
顺服	shùn fú	50695	s-sh,h-f	1
死棋	sǐ qí	50697	s-sh,j-q-x	1
死钱	sǐ qián	50698	ian-iang,s-sh,j-q-x	1
四近	sì jìn	50699	in-ing,s-sh,j-q-x	1
送呈	sòng chéng	50700	en-eng,c-ch,s-sh	1
酸胀	suān zhàng	50701	an-ang,uan-uang,z-zh,s-sh	1
贪求	tān qiú	50702	an-ang,j-q-x	1
逃席	táo xí	50703	ao-ou,j-q-x	1
套袖	tào xiù	50704	ao-ou,j-q-x	1
提词	tí cí	50706	c-ch	1
提手	tí shǒu	50707	ao-ou,s-sh	1
恬适	tián shì	50708	ian-iang,s-sh	1
调级	tiáo jí	50709	j-q-x	1
调弄	tiáo nòng	50710	n-l	1
童女	tóng nǚ	50711	n-l	1
童山	tóng shān	50712	an-ang,s-sh	1
头油	tóu yóu	50714	ao-ou	1
推见	tuī jiàn	50715	ian-iang,j-q-x	1
托身	tuō shēn	50716	en-eng,ua-uo,s-sh	1
婉劝	wǎn quàn	50717	an-ang,uan-uang,j-q-x	1
王水	wáng shuǐ	50722	an-ang,s-sh	1
文员	wén yuán	50725	en-eng,uan-uang	1
狎昵	xiá nì	50730	ia-ie,n-l,j-q-x	2
下塌	xià tā	50732	ia-ie,j-q-x	1
贤哲	xián zhé	50733	ian-iang,z-zh,j-q-x	1
县界	xiàn jiè	50734	ian-iang,ia-ie,j-q-x	1
陷身	xiàn shēn	50735	en-eng,ian-iang,s-sh,j-q-x	1
乡邮	xiāng yóu	50736	ian-iang,ao-ou,j-q-x	1
详解	xiáng jiě	50737	ian-iang,ia-ie,j-q-x	1
消蚀	xiāo shí	50738	s-sh,j-q-x	1
小影	xiǎo yǐng	50740	in-ing,j-q-x	1
校官	xiào guān	50741	uan-uang,j-q-x	1
薪给	xīn jǐ	50742	in-ing,j-q-x	1
行抢	xíng qiǎng	50744	in-ing,ian-iang,j-q-x	1
熊罴	xióng pí	50745	j-q-x	3
羞人	xiū rén	50746	en-eng,r-l,j-q-x	1
虚悬	xū xuán	50747	uan-uang,j-q-x	1
叙别	xù bié	50748	ia-ie,j-q-x	1
光网	guāng wǎng	50749	an-ang,uan-uang	1
蓄发	xù fà	50750	h-f,j-q-x	1
悬想	xuán xiǎng	50751	ian-iang,uan-uang,j-q-x	1
雪恨	xuě hèn	50754	en-eng,h-f,j-q-x	1
巡弋	xún yì	50755	j-q-x	3
仰承	yǎng chéng	50757	en-eng,an-ang,c-ch	1
养廉	yǎng lián	50758	an-ang,ian-iang,n-l,r-l	1
夜阑	yè lán	50759	an-ang,n-l,r-l	3
贻患	yí huàn	50762	uan-uang,h-f	1
重话	zhòng huà	50763	ua-uo,z-zh,h-f	1
义齿	yì chǐ	50764	c-ch	1
艺妓	yì jì	50765	j-q-x	1
音变	yīn biàn	50766	in-ing,ian-iang	1
银杉	yín shān	50768	in-ing,an-ang,s-sh	1
叨陪	tāo péi	50769	ai-ei,ao-ou	1
印刻	yìn kè	50770	in-ing	1
萦怀	yíng huái	50771	in-ing,h-f	3
影帝	yǐng dì	50772	in-ing	1
幽冥	yōu míng	50773	in-ing,ao-ou	1
邮亭	yóu tíng	50774	in-ing,ao-ou	1
援用	yuán yòng	50778	uan-uang	1
月钱	yuè qián	50779	ian-iang,j-q-x	1
蕴意	yùn yì	50782		1
藏香	zàng xiāng	50784	an-ang,ian-iang,z-zh,j-q-x	1
减挡	jiǎn dǎng	50785	an-ang,ian-iang,j-q-x	1
宅地	zhái dì	50786	ai-ei,z-zh	1
掌嘴	zhǎng zuǐ	50787	an-ang,z-zh	1
照墙	zhào qiáng	50788	ian-iang,ao-ou,z-zh,j-q-x	1
争战	zhēng zhàn	50789	en-eng,an-ang,z-zh	1
正骨	zhèng gǔ	50790	en-eng,z-zh	1
直尺	zhí chǐ	50792	z-zh,c-ch	1
炙热	zhì rè	50793	z-zh,r-l	3
中频	zhōng pín	50795	in-ing,z-zh	1
重荷	zhòng hè	50796	z-zh,h-f	1
重听	zhòng tīng	50797	in-ing,z-zh	1
主裁	zhǔ cái	50799	ai-ei,z-zh,c-ch	1
趑趄	zī jū	50801	z-zh,j-q-x	2
子堤	zǐ dī	50802	z-zh	1
总合	zǒng hé	50805	z-zh,h-f	1
租约	zū yuē	50806	z-zh	1
左袒	zuǒ tǎn	50807	an-ang,ua-uo,z-zh	3
奥援	ào yuán	50810	uan-uang,ao-ou	1
跋文	bá wén	50811	en-eng	1
把舵	bǎ duò	50812	ua-uo	1
拜官	bài guān	50813	uan-uang,ai-ei	1
板脸	bǎn liǎn	50814	an-ang,ian-iang,n-l,r-l	1
板油	bǎn yóu	50815	an-ang,ao-ou	1
板滞	bǎn zhì	50816	an-ang,z-zh	1
饱胀	bǎo zhàng	50817	an-ang,ao-ou,z-zh	1
备置	bèi zhì	50819	ai-ei,z-zh	1
笔译	bǐ yì	50822		1
鳊鱼	biān yú	50823	ian-iang	3
变声	biàn shēng	50824	en-eng,ian-iang,s-sh	1
兵痞	bīng pǐ	50825	in-ing	3
病象	bìng xiàng	50826	in-ing,ian-iang,j-q-x	1
擦边	cā biān	50828	ian-iang,c-ch	1
彩釉	cǎi yòu	50829	ai-ei,ao-ou,c-ch	3
操典	cāo diǎn	50830	ian-iang,ao-ou,c-ch	1
草灰	cǎo huī	50831	ao-ou,c-ch,h-f	1
侧室	cè shì	50833	c-ch,s-sh	1
侧枝	cè zhī	50834	z-zh,c-ch	1
测速	cè sù	50835	c-ch,s-sh	1
插孔	chā kǒng	50837	c-ch	1
蟾宫	chán gōng	50838	an-ang,c-ch	3
鲳鱼	chāng yú	50839	an-ang,c-ch	3
长性	cháng xìng	50840	in-ing,an-ang,c-ch,j-q-x	1
敞车	chǎng chē	50841	an-ang,c-ch	1
潮汛	cháo xùn	50842	ao-ou,c-ch,j-q-x	1
撤防	chè fáng	50843	an-ang,c-ch,h-f	1
吃重	chī zhòng	50846	z-zh,c-ch	1
池沼	chí zhǎo	50847	ao-ou,z-zh,c-ch	1
彳亍	chì chù	50848	c-ch	4
出亡	chū wáng	50850	an-ang,c-ch	1
雏妓	chú jì	50851	c-ch,j-q-x	1
船位	chuán wèi	50853	uan-uang,ai-ei,c-ch	1
串供	chuàn gòng	50854	uan-uang,c-ch	1
春景	chūn jǐng	50855	in-ing,c-ch,j-q-x	1
词频	cí pín	50856	in-ing,c-ch	1
刺参	cì shēn	50857	en-eng,c-ch,s-sh	1
脆嫩	cuì nèn	50858	en-eng,c-ch,n-l	1
大秋	dà qiū	50863	j-q-x	1
大尉	dà wèi	50864	ai-ei	1
倒阁	dǎo gé	50867	ao-ou	1
敌酋	dí qiú	50869	j-q-x	3
抵补	dǐ bǔ	50870		1
点种	diǎn zhòng	50873	ian-iang,z-zh	1
电疗	diàn liáo	50875	ian-iang,n-l,r-l	1
调包	diào bāo	50876	ao-ou	1
定销	dìng xiāo	50877	in-ing,j-q-x	1
定影	dìng yǐng	50878	in-ing	1
定准	dìng zhǔn	50879	in-ing,z-zh	1
冬寒	dōng hán	50882	an-ang,h-f	1
冻冰	dòng bīng	50883	in-ing	1
毒菌	dú jūn	50884	j-q-x	1
毒焰	dú yàn	50885	an-ang	1
蠹虫	dù chóng	50886	c-ch	3
端重	duān zhòng	50887	uan-uang,z-zh	1
翻覆	fān fù	50893	an-ang,h-f	1
凡庸	fán yōng	50894	an-ang,h-f	1
反坐	fǎn zuò	50895	an-ang,ua-uo,z-zh,h-f	1
返聘	fǎn pìn	50896	in-ing,an-ang,h-f	1
匪患	fěi huàn	50898	uan-uang,ai-ei,h-f	1
狒狒	fèi fèi	50899	ai-ei,h-f	2
分利	fēn lì	50900	en-eng,n-l,h-f,r-l	1
浮子	fú zi	50901	z-zh,h-f	1
干连	gān lián	50905	an-ang,ian-iang,n-l,r-l	1
感愤	gǎn fèn	50908	en-eng,an-ang,h-f	1
耕织	gēng zhī	50911	en-eng,z-zh	1
羹匙	gēng chí	50912	en-eng,c-ch	1
哽噎	gěng yē	50913	en-eng	2
公方	gōng fāng	50914	an-ang,h-f	1
故技	gù jì	50919	j-q-x	1
瓜藤	guā téng	50921	en-eng,ua-uo	1
挂表	guà biǎo	50923	ua-uo	1
挂锁	guà suǒ	50924	ua-uo,s-sh	1
光控	guāng kòng	50925	uan-uang	1
光溜	guāng liu	50926	uan-uang,n-l,r-l	1
海禁	hǎi jìn	50927	in-ing,ai-ei,h-f,j-q-x	1
海蓝	hǎi lán	50928	an-ang,ai-ei,n-l,h-f,r-l	1
含怨	hán yuàn	50930	an-ang,uan-uang,h-f	1
寒蝉	hán chán	50931	an-ang,c-ch,h-f	1
寒鸦	hán yā	50932	an-ang,h-f	1
豪语	háo yǔ	50933	ao-ou,h-f	1
合口	hé kǒu	50934	ao-ou,h-f	1
红焖	hóng mèn	50937	en-eng,h-f	3
洪炉	hóng lú	50938	n-l,h-f,r-l	1
后魏	hòu wèi	50939	ai-ei,ao-ou,h-f	1
胡蜂	hú fēng	50940	en-eng,h-f	1
虎气	hǔ qì	50941	h-f,j-q-x	1
花托	huā tuō	50943	ua-uo,h-f	1
华胄	huá zhòu	50944	ao-ou,ua-uo,z-zh,h-f	3
华族	huá zú	50945	ua-uo,z-zh,h-f	1
画苑	huà yuàn	50946	uan-uang,ua-uo,h-f	1
缓办	huǎn bàn	50947	an-ang,uan-uang,h-f	1
黄灯	huáng dēng	50949	en-eng,uan-uang,h-f	1
黄酱	huáng jiàng	50950	ian-iang,uan-uang,h-f,j-q-x	1
黄梨	huáng lí	50951	uan-uang,n-l,h-f,r-l	1
黄鼬	huáng yòu	50952	uan-uang,ao-ou,h-f	3
惶遽	huáng jù	50953	uan-uang,h-f,j-q-x	3
惠顾	huì gù	50956	h-f	1
活罪	huó zuì	50958	ua-uo,z-zh,h-f	1
家景	jiā jǐng	50960	in-ing,ia-ie,j-q-x	1
犍牛	jiān niú	50963	ian-iang,n-l,j-q-x	3
简括	jiǎn kuò	50964	ian-iang,ua-uo,j-q-x	1
箭镞	jiàn zú	50965	ian-iang,z-zh,j-q-x	3
交电	jiāo diàn	50966	ian-iang,j-q-x	1
借词	jiè cí	50968	ia-ie,c-ch,j-q-x	1
借势	jiè shì	50969	ia-ie,s-sh,j-q-x	1
进益	jìn yì	50970	in-ing,j-q-x	1
精忠	jīng zhōng	50971	in-ing,z-zh,j-q-x	1
净利	jìng lì	50972	in-ing,n-l,r-l,j-q-x	1
净心	jìng xīn	50973	in-ing,j-q-x	1
捐弃	juān qì	50974	uan-uang,j-q-x	1
军运	jūn yùn	50975	j-q-x	1
开戒	kāi jiè	50976	ai-ei,ia-ie,j-q-x	1
磕打	kē da	50978		1
空文	kōng wén	50979	en-eng	1
口快	kǒu kuài	50980	ao-ou	1
寇仇	kòu chóu	50982	ao-ou,c-ch	1
款爷	kuǎn yé	50984	uan-uang	1
筐子	kuāng zi	50985	uan-uang,z-zh	1
喟叹	kuì tàn	50986	an-ang	3
腊味	là wèi	50988	ai-ei,n-l,r-l	1
癞子	lài zi	50989	ai-ei,z-zh,n-l,r-l	3
俚俗	lǐ sú	50991	s-sh,n-l,r-l	3
邻人	lín rén	50994	en-eng,in-ing,n-l,r-l	1
临帖	lín tiè	50995	in-ing,ia-ie,n-l,r-l	1
柳杉	liǔ shān	50996	an-ang,s-sh,n-l,r-l	1
隆盛	lóng shèng	50998	en-eng,s-sh,n-l,r-l	1
卤肉	lǔ ròu	50999	ao-ou,n-l,r-l	1
律例	lǜ lì	51000	n-l,r-l	1
轮盘	lún pán	51001	an-ang,n-l,r-l	1
瞒哄	mán hǒng	51005	an-ang,h-f	1
门镜	mén jìng	51008	en-eng,in-ing,j-q-x	1
孟秋	mèng qiū	51009	en-eng,j-q-x	1
米尺	mǐ chǐ	51010	c-ch	1
棉铃	mián líng	51011	in-ing,ian-iang,n-l,r-l	1
灭杀	miè shā	51013	ia-ie,s-sh	1
明抢	míng qiǎng	51014	in-ing,ian-iang,j-q-x	1
铭感	míng gǎn	51016	in-ing,an-ang	1
模压	mó yā	51017		1
磨具	mó jù	51018	j-q-x	1
磨洗	mó xǐ	51019	j-q-x	1
木简	mù jiǎn	51020	ian-iang,j-q-x	1
墓表	mù biǎo	51021		1
挠痒	náo yǎng	51023	an-ang,ao-ou,n-l	1
脓肿	nóng zhǒng	51026	z-zh,n-l	1
排尾	pái wěi	51027	ai-ei	1
陪房	péi fang	51028	an-ang,ai-ei,h-f	1
配载	pèi zài	51030	ai-ei,z-zh	1
皮脂	pí zhī	51031	z-zh	1
漂染	piǎo rǎn	51033	an-ang,r-l	1
蒲柳	pú liǔ	51034	n-l,r-l	1
漆匠	qī jiang	51036	ian-iang,j-q-x	1
企管	qǐ guǎn	51037	uan-uang,j-q-x	1
起端	qǐ duān	51038	uan-uang,j-q-x	1
气筒	qì tǒng	51040	j-q-x	1
牵念	qiān niàn	51042	ian-iang,n-l,j-q-x	1
潜泳	qián yǒng	51044	ian-iang,j-q-x	1
噙泪	qín lèi	51045	in-ing,ai-ei,n-l,r-l,j-q-x	3
清火	qīng huǒ	51047	in-ing,ua-uo,h-f,j-q-x	1
冷链	lěng liàn	51048	en-eng,ian-iang,n-l,r-l	1
屈才	qū cái	51049	ai-ei,c-ch,j-q-x	1
去声	qù shēng	51050	en-eng,s-sh,j-q-x	1
任随	rèn suí	51051	en-eng,s-sh,r-l	1
容光	róng guāng	51052	uan-uang,r-l	1
肉案	ròu àn	51053	an-ang,ao-ou,r-l	1
乳臭	rǔ xiù	51055	r-l,j-q-x	1
入超	rù chāo	51056	ao-ou,c-ch,r-l	1
沙参	shā shēn	51060	en-eng,s-sh	1
山岚	shān lán	51061	an-ang,s-sh,n-l,r-l	3
山桃	shān táo	51062	an-ang,ao-ou,s-sh	1
商借	shāng jiè	51063	an-ang,ia-ie,s-sh,j-q-x	1
上腰	shàng yāo	51064	an-ang,ao-ou,s-sh	1
上刑	shàng xíng	51065	in-ing,an-ang,s-sh,j-q-x	1
上账	shàng zhàng	51066	an-ang,z-zh,s-sh	1
神品	shén pǐn	51067	en-eng,in-ing,s-sh	1
声门	shēng mén	51068	en-eng,s-sh	1
失时	shī shí	51069	s-sh	1
师训	shī xùn	51070	s-sh,j-q-x	1
试手	shì shǒu	51072	ao-ou,s-sh	1
嗜欲	shì yù	51073	s-sh	1
手札	shǒu zhá	51075	ao-ou,z-zh,s-sh	3
守职	shǒu zhí	51076	ao-ou,z-zh,s-sh	1
松脆	sōng cuì	51078	c-ch,s-sh	1
松气	sōng qì	51079	s-sh,j-q-x	1
素洁	sù jié	51080	ia-ie,s-sh,j-q-x	1
炭化	tàn huà	51081	an-ang,ua-uo,h-f	1
炭盆	tàn pén	51082	en-eng,an-ang	1
糖弹	táng dàn	51083	an-ang	1
糖稀	táng xī	51084	an-ang,j-q-x	1
桃符	táo fú	51085	ao-ou,h-f	1
添堵	tiān dǔ	51088	ian-iang	1
条绒	tiáo róng	51089	r-l	1
贴合	tiē hé	51090	ia-ie,h-f	1
贴水	tiē shuǐ	51091	ia-ie,s-sh	1
痛经	tòng jīng	51094	in-ing,j-q-x	1
头名	tóu míng	51095	in-ing,ao-ou	1
外域	wài yù	51100	ai-ei	1
挽词	wǎn cí	51101	an-ang,c-ch	1
蔓儿	wàn er	51103	an-ang	1
萎蔫	wěi niān	51104	ian-iang,ai-ei,n-l	3
误餐	wù cān	51109	an-ang,c-ch	1
喜联	xǐ lián	51110	ian-iang,n-l,r-l,j-q-x	1
虾皮	xiā pí	51111	ia-ie,j-q-x	1
夏衣	xià yī	51112	ia-ie,j-q-x	1
显耀	xiǎn yào	51113	ian-iang,ao-ou,j-q-x	1
险毒	xiǎn dú	51114	ian-iang,j-q-x	1
县治	xiàn zhì	51115	ian-iang,z-zh,j-q-x	1
蝎虎	xiē hǔ	51118	ia-ie,h-f,j-q-x	1
卸除	xiè chú	51120	ia-ie,c-ch,j-q-x	1
心裁	xīn cái	51121	in-ing,ai-ei,c-ch,j-q-x	1
行猎	xíng liè	51124	in-ing,ia-ie,n-l,r-l,j-q-x	1
修明	xiū míng	51125	in-ing,j-q-x	1
袖套	xiù tào	51126	ao-ou,j-q-x	1
虚耗	xū hào	51127	ao-ou,h-f,j-q-x	1
虚胖	xū pàng	51128	an-ang,j-q-x	1
虚热	xū rè	51129	r-l,j-q-x	1
喧笑	xuān xiào	51130	uan-uang,j-q-x	1
旋绕	xuán rào	51131	uan-uang,ao-ou,r-l,j-q-x	1
血仇	xuè chóu	51132	ao-ou,c-ch,j-q-x	1
熏风	xūn fēng	51133	en-eng,h-f,j-q-x	1
牙雕	yá diāo	51134		1
牙口	yá kou	51135	ao-ou	1
烟霭	yān ǎi	51136	an-ang,ai-ei	3
延后	yán hòu	51137	an-ang,ao-ou,h-f	1
延性	yán xìng	51138	in-ing,an-ang,j-q-x	1
眼拙	yǎn zhuō	51139	an-ang,ua-uo,z-zh	1
仰给	yǎng jǐ	51141	an-ang,j-q-x	1
吆呼	yāo hu	51142	ao-ou,h-f	1
鹞鹰	yào yīng	51144	in-ing,ao-ou	3
依凭	yī píng	51153	in-ing	1
艺林	yì lín	51155	in-ing,n-l,r-l	1
阴面	yīn miàn	51156	in-ing,ian-iang	1
阴囊	yīn náng	51157	in-ing,an-ang,n-l	1
银婚	yín hūn	51160	in-ing,h-f	1
鹰洋	yīng yáng	51161	in-ing,an-ang	1
迎迓	yíng yà	51162	in-ing	3
勇将	yǒng jiàng	51163	ian-iang,j-q-x	1
用项	yòng xiàng	51164	ian-iang,j-q-x	1
优遇	yōu yù	51165	ao-ou	1
幽闭	yōu bì	51166	ao-ou	1
雨披	yǔ pī	51169		1
圆雕	yuán diāo	51170	uan-uang	1
月晕	yuè yùn	51171		1
芸香	yún xiāng	51172	ian-iang,j-q-x	3
孕穗	yùn suì	51173	s-sh	1
灾患	zāi huàn	51174	uan-uang,ai-ei,z-zh,h-f	1
灾殃	zāi yāng	51175	an-ang,ai-ei,z-zh	1
脏土	zāng tǔ	51176	an-ang,z-zh	1
斋饭	zhāi fàn	51177	an-ang,ai-ei,z-zh,h-f	1
毡帐	gū zhàng	51178	an-ang,z-zh	1
幛子	zhàng zi	51179	an-ang,z-zh	3
招亲	zhāo qīn	51180	in-ing,ao-ou,z-zh,j-q-x	1
找头	zhǎo tou	51181	ao-ou,z-zh	1
整宿	zhěng xiǔ	51184	en-eng,z-zh,j-q-x	1
支差	zhī chāi	51185	ai-ei,z-zh,c-ch	1
窒闷	zhì mèn	51188	en-eng,z-zh	1
置喙	zhì huì	51189	z-zh,h-f	3
竹鸡	zhú jī	51190	z-zh,j-q-x	1
竹荪	zhú sūn	51191	z-zh,s-sh	3
烛花	zhú huā	51192	ua-uo,z-zh,h-f	1
主理	zhǔ lǐ	51193	z-zh,n-l,r-l	1
助词	zhù cí	51194	z-zh,c-ch	1
抓点	zhuā diǎn	51195	ian-iang,ua-uo,z-zh	1
抓赌	zhuā dǔ	51196	ua-uo,z-zh	1
转托	zhuǎn tuō	51197	uan-uang,ua-uo,z-zh	1
转筋	zhuàn jīn	51198	in-ing,uan-uang,z-zh,j-q-x	1
转门	zhuàn mén	51199	en-eng,uan-uang,z-zh	1
转台	zhuàn tái	51200	uan-uang,ai-ei,z-zh	1
赘疣	zhuì yóu	51201	ao-ou,z-zh	3
足跟	zú gēn	51204	en-eng,z-zh	1
坐守	zuò shǒu	51205	ao-ou,ua-uo,z-zh,s-sh	1
柞木	zuò mù	51206	ua-uo,z-zh	3
岸然	àn rán	51207	an-ang,r-l	1
暗沟	àn gōu	51208	an-ang,ao-ou	1
把尿	bǎ niào	51209	n-l	1
白带	bái dài	51210	ai-ei	1
伴读	bàn dú	51213	an-ang	1
榜书	bǎng shū	51214	an-ang,s-sh	1
榜文	bǎng wén	51215	en-eng,an-ang	1
碑碣	bēi jié	51217	ai-ei,ia-ie,j-q-x	3
碑座	bēi zuò	51218	ai-ei,ua-uo,z-zh	1
闭经	bì jīng	51219	in-ing,j-q-x	1
编列	biān liè	51220	ian-iang,ia-ie,n-l,r-l	1
标金	biāo jīn	51221	in-ing,j-q-x	1
兵蚁	bīng yǐ	51222	in-ing	1
博识	bó shí	51223	s-sh	1
薄田	bó tián	51224	ian-iang	1
裁并	cái bìng	51225	in-ing,ai-ei,c-ch	1
采制	cǎi zhì	51226	ai-ei,z-zh,c-ch	1
苍空	cāng kōng	51227	an-ang,c-ch	1
草标	cǎo biāo	51228	ao-ou,c-ch	1
蟾酥	chán sū	51229	an-ang,c-ch,s-sh	3
长鼓	cháng gǔ	51230	an-ang,c-ch	1
畅怀	chàng huái	51231	an-ang,c-ch,h-f	1
超俗	chāo sú	51233	ao-ou,c-ch,s-sh	1
沉雷	chén léi	51235	en-eng,ai-ei,c-ch,n-l,r-l	1
呈正	chéng zhèng	51238	en-eng,z-zh,c-ch	1
吃劲	chī jìn	51240	in-ing,c-ch,j-q-x	1
抽成	chōu chéng	51242	en-eng,ao-ou,c-ch	1
黜免	chù miǎn	51244	ian-iang,c-ch	3
传告	chuán gào	51246	uan-uang,ao-ou,c-ch	1
窗沿	chuāng yán	51247	an-ang,uan-uang,c-ch	1
锤打	chuí dǎ	51248	c-ch	1
疵点	cī diǎn	51249	ian-iang,c-ch	3
词锋	cí fēng	51250	en-eng,c-ch,h-f	1
脆亮	cuì liàng	51251	ian-iang,c-ch,n-l,r-l	1
翠蓝	cuì lán	51252	an-ang,c-ch,n-l,r-l	1
撮要	cuō yào	51253	ao-ou,ua-uo,c-ch	1
错爱	cuò ài	51254	ai-ei,ua-uo,c-ch	1
打晃	dǎ huàng	51256	uan-uang,h-f	1
大料	dà liào	51257	n-l,r-l	1
大篆	dà zhuàn	51258	uan-uang,z-zh	3
淡入	dàn rù	51260	an-ang,r-l	1
倒刺	dào cì	51262	ao-ou,c-ch	1
抵交	dǐ jiāo	51263	j-q-x	1
抵账	dǐ zhàng	51264	an-ang,z-zh	1
底墒	dǐ shāng	51265	an-ang,s-sh	3
底薪	dǐ xīn	51266	in-ing,j-q-x	1
骶骨	dǐ gǔ	51267		3
滇剧	diān jù	51268	ian-iang,j-q-x	1
雕漆	diāo qī	51270	j-q-x	1
掉色	diào shǎi	51271	ai-ei,s-sh	1
顶岗	dǐng gǎng	51272	in-ing,an-ang	1
顶罪	dǐng zuì	51273	in-ing,z-zh	1
豆渣	dòu zhā	51275	ao-ou,z-zh	1
毒刺	dú cì	51276	c-ch	1
毒腺	dú xiàn	51277	ian-iang,j-q-x	1
赌鬼	dǔ guǐ	51278		1
端丽	duān lì	51279	uan-uang,n-l,r-l	1
队礼	duì lǐ	51280	n-l,r-l	1
遁迹	dùn jì	51281	j-q-x	3
发排	fā pái	51282	ai-ei,h-f	1
发哑	fā yǎ	51283	h-f	1
飞跨	fēi kuà	51284	ai-ei,ua-uo,h-f	1
非独	fēi dú	51285	ai-ei,h-f	1
肥实	féi shi	51287	ai-ei,s-sh,h-f	1
粉蝶	fěn dié	51289	en-eng,ia-ie,h-f	1
风圈	fēng quān	51291	en-eng,uan-uang,h-f,j-q-x	1
封河	fēng hé	51292	en-eng,h-f	1
麸子	fū zi	51294	z-zh,h-f	3
幅宽	fú kuān	51295	uan-uang,h-f	1
辅币	fǔ bì	51296	h-f	1
父训	fù xùn	51297	h-f,j-q-x	1
高知	gāo zhī	51299	ao-ou,z-zh	1
搁放	gē fàng	51300	an-ang,h-f	1
工本	gōng běn	51302	en-eng	1
公余	gōng yú	51305		1
估产	gū chǎn	51306	an-ang,c-ch	1
孤峰	gū fēng	51307	en-eng,h-f	1
古奥	gǔ ào	51308	ao-ou	1
谷糠	gǔ kāng	51309	an-ang	1
呱唧	guā ji	51310	ua-uo,j-q-x	3
挂件	guà jiàn	51311	ian-iang,ua-uo,j-q-x	1
关碍	guān ài	51312	uan-uang,ai-ei	1
官称	guān chēng	51315	en-eng,uan-uang,c-ch	1
广货	guǎng huò	51316	uan-uang,ua-uo,h-f	1
广求	guǎng qiú	51317	uan-uang,j-q-x	1
滚雷	gǔn léi	51319	ai-ei,n-l,r-l	1
果酸	guǒ suān	51320	uan-uang,ua-uo,s-sh	1
酣醉	hān zuì	51321	an-ang,z-zh,h-f	1
号筒	hào tǒng	51323	ao-ou,h-f	1
合当	hé dāng	51324	an-ang,h-f	1
河防	hé fáng	51325	an-ang,h-f	1
黑米	hēi mǐ	51327	ai-ei,h-f	1
哼哧	hēng chī	51328	en-eng,c-ch,h-f	3
洪量	hóng liàng	51330	ian-iang,n-l,h-f,r-l	1
瘊子	hóu zi	51331	ao-ou,z-zh,h-f	3
互勉	hù miǎn	51332	ian-iang,h-f	1
回神	huí shén	51335	en-eng,s-sh,h-f	1
回文	huí wén	51336	en-eng,h-f	1
惠临	huì lín	51337	in-ing,n-l,h-f,r-l	1
或然	huò rán	51339	an-ang,ua-uo,h-f,r-l	1
偈语	jì yǔ	51341	j-q-x	3
夹墙	jiā qiáng	51342	ian-iang,ia-ie,j-q-x	1
肩窝	jiān wō	51343	ian-iang,j-q-x	1
交合	jiāo hé	51344	h-f,j-q-x	1
交运	jiāo yùn	51345	j-q-x	1
交杂	jiāo zá	51346	z-zh,j-q-x	1
脚链	jiǎo liàn	51348	ian-iang,n-l,r-l,j-q-x	1
节欲	jié yù	51350	ia-ie,j-q-x	1
金匾	jīn biǎn	51351	in-ing,ian-iang,j-q-x	1
金粉	jīn fěn	51352	en-eng,in-ing,h-f,j-q-x	1
锯条	jù tiáo	51355	j-q-x	1
坎子	kǎn zi	51356	an-ang,z-zh	1
空挡	kōng dǎng	51359	an-ang	1
裤线	kù xiàn	51363	ian-iang,j-q-x	1
矿脉	kuàng mài	51365	uan-uang,ai-ei	1
昆腔	kūn qiāng	51366	ian-iang,j-q-x	1
蓝鲸	lán jīng	51369	in-ing,an-ang,n-l,r-l,j-q-x	1
离情	lí qíng	51373	in-ing,n-l,r-l,j-q-x	1
立户	lì hù	51374	n-l,h-f,r-l	1
潋滟	liàn yàn	51375	an-ang,ian-iang,n-l,r-l	2
粮荒	liáng huāng	51376	ian-iang,uan-uang,n-l,h-f,r-l	1
领读	lǐng dú	51378	in-ing,n-l,r-l	1
流布	liú bù	51380	n-l,r-l	1
柳笛	liǔ dí	51381	n-l,r-l	1
龙柏	lóng bǎi	51382	ai-ei,n-l,r-l	1
轮毂	lún gǔ	51385	n-l,r-l	3
马枪	mǎ qiāng	51386	ian-iang,j-q-x	1
脉息	mài xī	51387	ai-ei,j-q-x	1
猫步	māo bù	51389	ao-ou	1
毛呢	máo ní	51390	ao-ou,n-l	1
煤饼	méi bǐng	51391	in-ing,ai-ei	1
觅取	mì qǔ	51393	j-q-x	1
蜜橘	mì jú	51394	j-q-x	1
面巾	miàn jīn	51396	in-ing,ian-iang,j-q-x	1
默读	mò dú	51398		1
牧笛	mù dí	51399		1
耐饥	nài jī	51400	ai-ei,n-l,j-q-x	1
内径	nèi jìng	51401	in-ing,ai-ei,n-l,j-q-x	1
黏液	nián yè	51403	ian-iang,n-l	3
佞人	nìng rén	51405	en-eng,in-ing,n-l,r-l	3
牛瘟	niú wēn	51406	en-eng,n-l	1
暖炕	nuǎn kàng	51407	an-ang,uan-uang,n-l	1
趴窝	pā wō	51408		1
扒鸡	pá jī	51409	j-q-x	1
跑肚	pǎo dù	51410	ao-ou	1
捧红	pěng hóng	51413	en-eng,h-f	1
劈杀	pī shā	51414	s-sh	1
品赏	pǐn shǎng	51417	in-ing,an-ang,s-sh	1
品题	pǐn tí	51418	in-ing	1
聘问	pìn wèn	51419	en-eng,in-ing	1
蒲草	pú cǎo	51423	ao-ou,c-ch	1
凄冷	qī lěng	51425	en-eng,n-l,r-l,j-q-x	1
期票	qī piào	51426	j-q-x	1
旗语	qí yǔ	51427	j-q-x	1
起兴	qǐ xìng	51428	in-ing,j-q-x	1
迁葬	qiān zàng	51431	an-ang,ian-iang,z-zh,j-q-x	1
荨麻	qián má	51432	ian-iang,j-q-x	3
歉年	qiàn nián	51433	ian-iang,n-l,j-q-x	1
翘望	qiáo wàng	51435	an-ang,j-q-x	1
切脉	qiè mài	51436	ai-ei,ia-ie,j-q-x	1
窃案	qiè àn	51437	an-ang,ia-ie,j-q-x	1
清越	qīng yuè	51438	in-ing,j-q-x	1
劝募	quàn mù	51439	uan-uang,j-q-x	1
群殴	qún ōu	51440	ao-ou,j-q-x	1
热战	rè zhàn	51441	an-ang,z-zh,r-l	1
人瑞	rén ruì	51442	en-eng,r-l	1
润饰	rùn shì	51444	s-sh,r-l	1
散板	sǎn bǎn	51445	an-ang,s-sh	1
闪念	shǎn niàn	51450	an-ang,ian-iang,s-sh,n-l	1
闪眼	shǎn yǎn	51451	an-ang,s-sh	1
善款	shàn kuǎn	51452	an-ang,uan-uang,s-sh	1
设局	shè jú	51453	s-sh,j-q-x	1
射精	shè jīng	51454	in-ing,s-sh,j-q-x	1
慎密	shèn mì	51455	en-eng,s-sh	1
时俗	shí sú	51456	s-sh	1
蚀刻	shí kè	51457	s-sh	1
收报	shōu bào	51458	ao-ou,s-sh	1
说嘴	shuō zuǐ	51463	ua-uo,z-zh,s-sh	1
思古	sī gǔ	51464	s-sh	1
死牢	sǐ láo	51465	ao-ou,s-sh,n-l,r-l	1
蒜泥	suàn ní	51468	uan-uang,s-sh,n-l	1
遂愿	suì yuàn	51469	uan-uang,s-sh	1
莎草	suō cǎo	51470	ao-ou,ua-uo,c-ch,s-sh	3
他伤	tā shāng	51471	an-ang,s-sh	1
胎气	tāi qì	51472	ai-ei,j-q-x	1
汤勺	tāng sháo	51474	an-ang,ao-ou,s-sh	1
藤球	téng qiú	51475	en-eng,j-q-x	1
提讯	tí xùn	51476	j-q-x	1
铜活	tóng huó	51477	ua-uo,h-f	1
筒裙	tǒng qún	51478	j-q-x	1
投师	tóu shī	51479	ao-ou,s-sh	1
图版	tú bǎn	51480	an-ang	1
土埂	tǔ gěng	51481	en-eng	1
外货	wài huò	51484	ai-ei,ua-uo,h-f	1
葳蕤	wēi ruí	51485	ai-ei,r-l	2
嬉游	xī yóu	51491	ao-ou,j-q-x	3
戏本	xì běn	51492	en-eng,j-q-x	1
细工	xì gōng	51493	j-q-x	1
下市	xià shì	51494	ia-ie,s-sh,j-q-x	1
纤柔	xiān róu	51496	ian-iang,ao-ou,r-l,j-q-x	1
衔命	xián mìng	51497	in-ing,ian-iang,j-q-x	1
险地	xiǎn dì	51498	ian-iang,j-q-x	1
险诈	xiǎn zhà	51499	ian-iang,z-zh,j-q-x	1
香会	xiāng huì	51501	ian-iang,h-f,j-q-x	1
香脂	xiāng zhī	51502	ian-iang,z-zh,j-q-x	1
校旗	xiào qí	51506	j-q-x	1
歇宿	xiē sù	51507	ia-ie,s-sh,j-q-x	1
邪心	xié xīn	51508	in-ing,ia-ie,j-q-x	1
谢礼	xiè lǐ	51509	ia-ie,n-l,r-l,j-q-x	1
新义	xīn yì	51510	in-ing,j-q-x	1
凶人	xiōng rén	51513	en-eng,r-l,j-q-x	1
凶信	xiōng xìn	51514	in-ing,j-q-x	1
胸透	xiōng tòu	51515	ao-ou,j-q-x	1
雄图	xióng tú	51516	j-q-x	1
虚字	xū zì	51517	z-zh,j-q-x	1
选收	xuǎn shōu	51518	uan-uang,ao-ou,s-sh,j-q-x	1
雪冤	xuě yuān	51519	uan-uang,j-q-x	1
训诲	xùn huì	51521	h-f,j-q-x	1
阉鸡	yān jī	51522	an-ang,j-q-x	3
腌肉	yān ròu	51523	an-ang,ao-ou,r-l	3
盐井	yán jǐng	51524	in-ing,an-ang,j-q-x	1
阳文	yáng wén	51526	en-eng,an-ang	1
腰花	yāo huā	51527	ao-ou,ua-uo,h-f	1
瑶民	yáo mín	51528	in-ing,ao-ou	3
遗教	yí jiào	51532	j-q-x	1
义冢	yì zhǒng	51534	z-zh	3
阴毛	yīn máo	51535	in-ing,ao-ou	1
寅时	yín shí	51536	in-ing,s-sh	1
饮宴	yǐn yàn	51537	in-ing,an-ang	1
硬结	yìng jié	51538	in-ing,ia-ie,j-q-x	1
莜麦	yóu mài	51540	ai-ei,ao-ou	3
愚陋	yú lòu	51543	ao-ou,n-l,r-l	1
遇救	yù jiù	51544	j-q-x	1
冤苦	yuān kǔ	51545	uan-uang	1
怨尤	yuàn yóu	51546	uan-uang,ao-ou	1
乐池	yuè chí	51547	c-ch	1
赃证	zāng zhèng	51549	en-eng,an-ang,z-zh	1
炸酱	zhá jiàng	51551	ian-iang,z-zh,j-q-x	1
占理	zhàn lǐ	51552	an-ang,z-zh,n-l,r-l	1
长男	cháng nán	51554	an-ang,c-ch,n-l	1
涨风	zhǎng fēng	51555	en-eng,an-ang,z-zh,h-f	1
招纳	zhāo nà	51556	ao-ou,z-zh,n-l	1
侦听	zhēn tīng	51561	en-eng,in-ing,z-zh	1
侦讯	zhēn xùn	51562	en-eng,z-zh,j-q-x	1
整饰	zhěng shì	51564	en-eng,z-zh,s-sh	1
支绌	zhī chù	51567	z-zh,c-ch	3
值当	zhí dàng	51568	an-ang,z-zh	1
稚童	zhì tóng	51569	z-zh	1
驻屯	zhù tún	51574	z-zh	1
转年	zhuǎn nián	51576	ian-iang,uan-uang,z-zh,n-l	1
孜然	zī rán	51578	an-ang,z-zh,r-l	3
租钱	zū qian	51579	ian-iang,z-zh,j-q-x	1
阻绝	zǔ jué	51580	z-zh,j-q-x	1
鳟鱼	zūn yú	51581	z-zh	3
作死	zuò sǐ	51583	ua-uo,z-zh,s-sh	1
坐果	zuò guǒ	51584	ua-uo,z-zh	1
鲅鱼	bà yú	51588		3
白狐	bái hú	51589	ai-ei,h-f	1
搬兵	bān bīng	51591	in-ing,an-ang	1
半袖	bàn xiù	51593	an-ang,j-q-x	1
拌种	bàn zhǒng	51595	an-ang,z-zh	1
包孕	bāo yùn	51598	ao-ou	1
薄脆	báo cuì	51599	ao-ou,c-ch	1
备员	bèi yuán	51600	uan-uang,ai-ei	1
锛子	bēn zi	51601	en-eng,z-zh	3
兵工	bīng gōng	51604	in-ing	1
拨子	bō zi	51605	z-zh	1
钵盂	bō yú	51606		2
彩门	cǎi mén	51611	en-eng,ai-ei,c-ch	1
彩棚	cǎi péng	51612	en-eng,ai-ei,c-ch	1
菜金	cài jīn	51613	in-ing,ai-ei,c-ch,j-q-x	1
菜牛	cài niú	51614	ai-ei,c-ch,n-l	1
苍鹭	cāng lù	51615	an-ang,c-ch,n-l,r-l	3
测查	cè chá	51617	c-ch	1
拆改	chāi gǎi	51618	ai-ei,c-ch	1
拆字	chāi zì	51619	ai-ei,z-zh,c-ch	1
禅院	chán yuàn	51620	an-ang,uan-uang,c-ch	1
禅杖	chán zhàng	51621	an-ang,z-zh,c-ch	1
炒勺	chǎo sháo	51624	ao-ou,c-ch,s-sh	1
尘寰	chén huán	51625	en-eng,uan-uang,c-ch,h-f	3
呈子	chéng zi	51626	en-eng,z-zh,c-ch	1
痴愚	chī yú	51631	c-ch	1
痴醉	chī zuì	51632	z-zh,c-ch	1
重张	chóng zhāng	51633	an-ang,z-zh,c-ch	1
冲床	chòng chuáng	51634	uan-uang,c-ch	1
除锈	chú xiù	51639	c-ch,j-q-x	1
穿帮	chuān bāng	51640	an-ang,uan-uang,c-ch	1
垂问	chuí wèn	51641	en-eng,c-ch	1
春麦	chūn mài	51642	ai-ei,c-ch	1
莼菜	chún cài	51643	ai-ei,c-ch	3
瓷雕	cí diāo	51644	c-ch	1
催索	cuī suǒ	51645	ua-uo,c-ch,s-sh	1
错时	cuò shí	51646	ua-uo,c-ch,s-sh	1
大溜	dà liù	51649	n-l,r-l	1
倒叙	dào xù	51650	ao-ou,j-q-x	1
得时	dé shí	51652	s-sh	1
低盐	dī yán	51653	an-ang	1
敌台	dí tái	51654	ai-ei	1
抵缴	dǐ jiǎo	51655	j-q-x	1
地磅	dì bàng	51657	an-ang	1
靛蓝	diàn lán	51663	an-ang,ian-iang,n-l,r-l	3
靛青	diàn qīng	51664	in-ing,ian-iang,j-q-x	3
钉锤	dīng chuí	51666	in-ing,c-ch	1
陡变	dǒu biàn	51669	ian-iang,ao-ou	1
陡峻	dǒu jùn	51670	ao-ou,j-q-x	1
豆苗	dòu miáo	51671	ao-ou	1
镀铬	dù gè	51672		3
讹误	é wù	51673		1
发憷	fā chù	51675	c-ch,h-f	5
法螺	fǎ luó	51676	ua-uo,n-l,h-f,r-l	1
翻录	fān lù	51677	an-ang,n-l,h-f,r-l	1
翻晒	fān shài	51678	an-ang,ai-ei,s-sh,h-f	1
反间	fǎn jiàn	51679	an-ang,ian-iang,h-f,j-q-x	1
佛徒	fó tú	51682	h-f	1
府绸	fǔ chóu	51684	ao-ou,c-ch,h-f	1
复句	fù jù	51685	h-f,j-q-x	1
复排	fù pái	51686	ai-ei,h-f	1
干白	gān bái	51687	an-ang,ai-ei	1
干贝	gān bèi	51688	an-ang,ai-ei	1
干花	gān huā	51689	an-ang,ua-uo,h-f	1
感愧	gǎn kuì	51690	an-ang	1
钢花	gāng huā	51691	an-ang,ua-uo,h-f	1
钢珠	gāng zhū	51692	an-ang,z-zh	1
港汊	gǎng chà	51693	an-ang,c-ch	3
拱坝	gǒng bà	51697		1
苟全	gǒu quán	51698	uan-uang,ao-ou,j-q-x	1
古远	gǔ yuǎn	51699	uan-uang	1
观风	guān fēng	51702	en-eng,uan-uang,h-f	1
光雾	guāng wù	51703	uan-uang	1
桂皮	guì pí	51705		1
海兽	hǎi shòu	51708	ai-ei,ao-ou,s-sh,h-f	1
海蟹	hǎi xiè	51709	ai-ei,ia-ie,h-f,j-q-x	1
害眼	hài yǎn	51710	an-ang,ai-ei,h-f	1
蚶子	hān zi	51711	an-ang,z-zh,h-f	3
行帮	háng bāng	51713	an-ang,h-f	1
和畅	hé chàng	51715	an-ang,c-ch,h-f	1
河系	hé xì	51716	h-f,j-q-x	1
恒产	héng chǎn	51718	en-eng,an-ang,c-ch,h-f	1
后账	hòu zhàng	51721	an-ang,ao-ou,z-zh,h-f	1
胡侃	hú kǎn	51722	an-ang,h-f	3
湖绿	hú lǜ	51724	n-l,h-f,r-l	1
画帖	huà tiè	51726	ia-ie,ua-uo,h-f	1
还情	huán qíng	51727	in-ing,uan-uang,h-f,j-q-x	1
宦途	huàn tú	51728	uan-uang,h-f	1
汇寄	huì jì	51731	h-f,j-q-x	1
暗渠	àn qú	51736	an-ang,j-q-x	1
记诵	jì sòng	51743	s-sh,j-q-x	1
机杼	jī zhù	51744	z-zh,j-q-x	3
忌辰	jì chén	51745	en-eng,c-ch,j-q-x	1
减缩	jiǎn suō	51747	ian-iang,ua-uo,s-sh,j-q-x	1
简笔	jiǎn bǐ	51748	ian-iang,j-q-x	1
娇纵	jiāo zòng	51749	z-zh,j-q-x	1
胶合	jiāo hé	51750	h-f,j-q-x	1
结垢	jié gòu	51751	ao-ou,ia-ie,j-q-x	1
劲升	jìng shēng	51754	en-eng,in-ing,s-sh,j-q-x	1
旧迹	jiù jì	51756	j-q-x	1
救赎	jiù shú	51757	s-sh,j-q-x	1
就席	jiù xí	51758	j-q-x	1
倨傲	jù ào	51759	ao-ou,j-q-x	3
均摊	jūn tān	51760	an-ang,j-q-x	1
刊用	kān yòng	51763	an-ang	1
看跌	kàn diē	51764	an-ang,ia-ie	1
客死	kè sǐ	51768	s-sh	1
空驶	kōng shǐ	51769	s-sh	1
空额	kòng é	51772		1
口疮	kǒu chuāng	51773	uan-uang,ao-ou,c-ch	1
口误	kǒu wù	51775	ao-ou	1
枯荣	kū róng	51776	r-l	1
苦短	kǔ duǎn	51777	uan-uang	1
库藏	kù cáng	51778	an-ang,c-ch	1
款型	kuǎn xíng	51779	in-ing,uan-uang,j-q-x	1
坤包	kūn bāo	51780	ao-ou	1
烂账	làn zhàng	51783	an-ang,z-zh,n-l,r-l	1
雷场	léi chǎng	51788	an-ang,ai-ei,c-ch,n-l,r-l	1
嘴松	zuǐ sōng	51790	z-zh,s-sh	1
离宫	lí gōng	51791	n-l,r-l	1
里脊	lǐ ji	51792	n-l,r-l,j-q-x	1
利齿	lì chǐ	51793	c-ch,n-l,r-l	1
例举	lì jǔ	51794	n-l,r-l,j-q-x	1
连番	lián fān	51795	an-ang,ian-iang,n-l,h-f,r-l	1
鬣狗	liè gǒu	51796	ao-ou,ia-ie,n-l,r-l	3
鲮鱼	líng yú	51797	in-ing,n-l,r-l	3
领命	lǐng mìng	51798	in-ing,n-l,r-l	1
流注	liú zhù	51799	z-zh,n-l,r-l	1
镏金	liú jīn	51800	in-ing,n-l,r-l,j-q-x	3
柳琴	liǔ qín	51801	in-ing,n-l,r-l,j-q-x	1
隆胸	lóng xiōng	51802	n-l,r-l,j-q-x	1
漏失	lòu shī	51803	ao-ou,s-sh,n-l,r-l	1
卤鸡	lǔ jī	51804	n-l,r-l,j-q-x	1
铆工	mǎo gōng	51807	ao-ou	3
貌相	mào xiàng	51808	ian-iang,ao-ou,j-q-x	1
孟冬	mèng dōng	51809	en-eng	1
蜜供	mì gòng	51810		1
棉签	mián qiān	51811	ian-iang,j-q-x	1
免刑	miǎn xíng	51812	in-ing,ian-iang,j-q-x	1
面肥	miàn féi	51813	ian-iang,ai-ei,h-f	1
描图	miáo tú	51814		1
没世	mò shì	51818	s-sh	1
木琴	mù qín	51819	in-ing,j-q-x	1
募股	mù gǔ	51820		1
奶品	nǎi pǐn	51821	in-ing,ai-ei,n-l	1
男厕	nán cè	51822	an-ang,c-ch,n-l	1
内眷	nèi juàn	51823	uan-uang,ai-ei,n-l,j-q-x	1
呢料	ní liào	51824	n-l,r-l	1
尿频	niào pín	51825	in-ing,n-l	1
女监	nǚ jiān	51826	ian-iang,n-l,j-q-x	1
旁路	páng lù	51827	an-ang,n-l,r-l	1
炮烙	páo luò	51829	ao-ou,ua-uo,n-l,r-l	1
票根	piào gēn	51834	en-eng	1
平畴	píng chóu	51835	in-ing,ao-ou,c-ch	1
杞柳	qǐ liǔ	51837	n-l,r-l,j-q-x	3
气焊	qì hàn	51838	an-ang,h-f,j-q-x	1
牵缠	qiān chán	51839	an-ang,ian-iang,c-ch,j-q-x	1
浅表	qiǎn biǎo	51841	ian-iang,j-q-x	1
浅露	qiǎn lù	51842	ian-iang,n-l,r-l,j-q-x	1
清甜	qīng tián	51845	in-ing,ian-iang,j-q-x	1
穷期	qióng qī	51846	j-q-x	1
琼剧	qióng jù	51847	j-q-x	1
秋菜	qiū cài	51848	ai-ei,c-ch,j-q-x	1
全休	quán xiū	51849	uan-uang,j-q-x	1
认头	rèn tóu	51852	en-eng,ao-ou,r-l	1
乳燕	rǔ yàn	51853	an-ang,r-l	1
沙果	shā guǒ	51856	ua-uo,s-sh	1
伤生	shāng shēng	51858	en-eng,an-ang,s-sh	1
奢想	shē xiǎng	51860	ian-iang,s-sh,j-q-x	1
设使	shè shǐ	51861	s-sh	1
参商	shēn shāng	51862	en-eng,an-ang,s-sh	1
渗流	shèn liú	51863	en-eng,s-sh,n-l,r-l	1
失欢	shī huān	51866	uan-uang,s-sh,h-f	1
诗律	shī lǜ	51868	s-sh,n-l,r-l	1
石版	shí bǎn	51869	an-ang,s-sh	1
时调	shí diào	51870	s-sh	1
试养	shì yǎng	51873	an-ang,s-sh	1
收音	shōu yīn	51874	in-ing,ao-ou,s-sh	1
受看	shòu kàn	51876	an-ang,ao-ou,s-sh	1
赎当	shú dàng	51877	an-ang,s-sh	1
蜀锦	shǔ jǐn	51878	in-ing,s-sh,j-q-x	1
水疗	shuǐ liáo	51882	s-sh,n-l,r-l	1
水靴	shuǐ xuē	51883	s-sh,j-q-x	1
顺和	shùn he	51884	s-sh,h-f	1
死信	sǐ xìn	51886	in-ing,s-sh,j-q-x	1
琐闻	suǒ wén	51888	en-eng,ua-uo,s-sh	1
胎位	tāi wèi	51889	ai-ei	1
堂侄	táng zhí	51891	an-ang,z-zh	1
烫面	tàng miàn	51892	an-ang,ian-iang	1
提婚	tí hūn	51894	h-f	1
屉子	tì zi	51895	z-zh	1
天姿	tiān zī	51896	ian-iang,z-zh	1
通解	tōng jiě	51898	ia-ie,j-q-x	1
筒裤	tǒng kù	51900		1
外嫁	wài jià	51902	ai-ei,ia-ie,j-q-x	1
危情	wēi qíng	51904	in-ing,ai-ei,j-q-x	1
窝气	wō qì	51906	j-q-x	1
污痕	wū hén	51907	en-eng,h-f	1
息影	xī yǐng	51910	in-ing,j-q-x	1
喜幛	xǐ zhàng	51912	an-ang,z-zh,j-q-x	3
咸盐	xián yán	51914	an-ang,ian-iang,j-q-x	1
线板	xiàn bǎn	51915	an-ang,ian-iang,j-q-x	1
湘莲	xiāng lián	51916	ian-iang,n-l,r-l,j-q-x	1
镶牙	xiāng yá	51917	ian-iang,j-q-x	1
详图	xiáng tú	51918	ian-iang,j-q-x	1
笑剧	xiào jù	51923	j-q-x	1
斜路	xié lù	51924	ia-ie,n-l,r-l,j-q-x	1
谐声	xié shēng	51925	en-eng,ia-ie,s-sh,j-q-x	1
心毒	xīn dú	51927	in-ing,j-q-x	1
刑庭	xíng tíng	51930	in-ing,j-q-x	1
雄杰	xióng jié	51931	ia-ie,j-q-x	1
休耕	xiū gēng	51932	en-eng,j-q-x	1
虚飘	xū piāo	51933	j-q-x	1
恤金	xù jīn	51934	in-ing,j-q-x	1
岩盐	yán yán	51936	an-ang	1
验讫	yàn qì	51937	an-ang,j-q-x	3
舀子	yǎo zi	51939	ao-ou,z-zh	1
药浴	yào yù	51940	ao-ou	1
姨妹	yí mèi	51946	ai-ei	1
胰脏	yí zàng	51947	an-ang,z-zh	1
易姓	yì xìng	51949	in-ing,j-q-x	1
淫书	yín shū	51950	in-ing,s-sh	1
淫猥	yín wěi	51951	in-ing,ai-ei	3
油迹	yóu jì	51952	ao-ou,j-q-x	1
油篓	yóu lǒu	51953	ao-ou,n-l,r-l	1
油饰	yóu shì	51954	ao-ou,s-sh	1
雨脚	yǔ jiǎo	51956	j-q-x	1
语料	yǔ liào	51957	n-l,r-l	1
鸢尾	yuān wěi	51958	uan-uang,ai-ei	3
匀净	yún jing	51961	in-ing,j-q-x	1
杂凑	zá còu	51963	ao-ou,z-zh,c-ch	1
藏蓝	zàng lán	51965	an-ang,z-zh,n-l,r-l	1
赠券	zèng quàn	51966	en-eng,uan-uang,z-zh,j-q-x	1
炸糕	zhá gāo	51967	ao-ou,z-zh	1
折页	zhé yè	51968	z-zh	1
整复	zhěng fù	51970	en-eng,z-zh,h-f	1
整纪	zhěng jì	51971	en-eng,z-zh,j-q-x	1
正片	zhèng piàn	51973	en-eng,ian-iang,z-zh	1
正音	zhèng yīn	51974	en-eng,in-ing,z-zh	1
支棱	zhī leng	51975	en-eng,z-zh,n-l,r-l	1
止泻	zhǐ xiè	51978	ia-ie,z-zh,j-q-x	1
钟鼎	zhōng dǐng	51980	in-ing,z-zh	1
绉纱	zhòu shā	51984	ao-ou,z-zh,s-sh	3
竹刻	zhú kè	51985	z-zh	1
竹笠	zhú lì	51986	z-zh,n-l,r-l	3
蛀牙	zhù yá	51988	z-zh	1
专座	zhuān zuò	51989	uan-uang,ua-uo,z-zh	1
追魂	zhuī hún	51990	z-zh,h-f	1
赘婿	zhuì xù	51991	z-zh,j-q-x	1
走水	zǒu shuǐ	51992	ao-ou,z-zh,s-sh	1
走眼	zǒu yǎn	51993	an-ang,ao-ou,z-zh	1
坐蜡	zuò là	51994	ua-uo,z-zh,n-l,r-l	1
暗伤	àn shāng	51996	an-ang,s-sh	1
板铺	bǎn pù	51998	an-ang	1
板障	bǎn zhàng	51999	an-ang,z-zh	1
办差	bàn chāi	52000	an-ang,ai-ei,c-ch	1
半子	bàn zǐ	52001	an-ang,z-zh	1
帮主	bāng zhǔ	52002	an-ang,z-zh	1
宝眷	bǎo juàn	52003	uan-uang,ao-ou,j-q-x	1
背债	bēi zhài	52005	ai-ei,z-zh	1
贲门	bēn mén	52006	en-eng	3
本岛	běn dǎo	52007	en-eng,ao-ou	1
鼻窦	bí dòu	52008	ao-ou	3
笔债	bǐ zhài	52009	ai-ei,z-zh	1
笔战	bǐ zhàn	52010	an-ang,z-zh	1
便宴	biàn yàn	52012	an-ang,ian-iang	1
殡殓	bìn liàn	52013	in-ing,ian-iang,n-l,r-l	2
鬓毛	bìn máo	52014	in-ing,ao-ou	1
病句	bìng jù	52015	in-ing,j-q-x	1
薄葬	bó zàng	52016	an-ang,z-zh	1
卜居	bǔ jū	52017	j-q-x	1
步犁	bù lí	52018	n-l,r-l	1
菜板	cài bǎn	52019	an-ang,ai-ei,c-ch	1
参校	cān jiào	52020	an-ang,c-ch,j-q-x	1
惨况	cǎn kuàng	52022	an-ang,uan-uang,c-ch	1
藏富	cáng fù	52023	an-ang,c-ch,h-f	1
槽牙	cáo yá	52024	ao-ou,c-ch	1
禅门	chán mén	52026	en-eng,an-ang,c-ch	1
炒货	chǎo huò	52027	ao-ou,ua-uo,c-ch,h-f	1
尘暴	chén bào	52029	en-eng,ao-ou,c-ch	1
沉底	chén dǐ	52030	en-eng,c-ch	1
称说	chēng shuō	52032	en-eng,ua-uo,c-ch,s-sh	1
城雕	chéng diāo	52033	en-eng,c-ch	1
痴肥	chī féi	52036	ai-ei,c-ch,h-f	1
痴话	chī huà	52037	ua-uo,c-ch,h-f	1
痴狂	chī kuáng	52038	uan-uang,c-ch	1
池座	chí zuò	52039	ua-uo,z-zh,c-ch	1
叱问	chì wèn	52040	en-eng,c-ch	3
宠用	chǒng yòng	52042	c-ch	1
仇外	chóu wài	52044	ai-ei,ao-ou,c-ch	1
出乘	chū chéng	52045	en-eng,c-ch	1
出圈	chū juàn	52046	uan-uang,c-ch,j-q-x	1
出展	chū zhǎn	52047	an-ang,z-zh,c-ch	1
黜退	chù tuì	52048	c-ch	3
船埠	chuán bù	52051	uan-uang,c-ch	1
船龄	chuán líng	52052	in-ing,uan-uang,c-ch,n-l,r-l	1
吹拍	chuī pāi	52053	ai-ei,c-ch	1
春困	chūn kùn	52054	c-ch	1
唇线	chún xiàn	52055	ian-iang,c-ch,j-q-x	1
慈姑	cí gu	52056	c-ch	1
磁针	cí zhēn	52057	en-eng,z-zh,c-ch	1
刺梅	cì méi	52058	ai-ei,c-ch	1
搓澡	cuō zǎo	52059	ao-ou,ua-uo,z-zh,c-ch	1
打杈	dǎ chà	52060	c-ch	3
打横	dǎ héng	52061	en-eng,h-f	1
得济	dé jì	52066	j-q-x	1
灯蛾	dēng é	52067	en-eng	1
等速	děng sù	52068	en-eng,s-sh	1
低限	dī xiàn	52070	ian-iang,j-q-x	1
嫡出	dí chū	52071	c-ch	3
抵牾	dǐ wǔ	52072		3
递解	dì jiè	52073	ia-ie,j-q-x	1
点唱	diǎn chàng	52074	an-ang,ian-iang,c-ch	1
电刑	diàn xíng	52079	in-ing,ian-iang,j-q-x	1
钓具	diào jù	52080	j-q-x	1
冬练	dōng liàn	52084	ian-iang,n-l,r-l	1
冬贮	dōng zhù	52085	z-zh	1
洞府	dòng fǔ	52086	h-f	1
斗富	dòu fù	52087	ao-ou,h-f	1
读秒	dú miǎo	52089		1
断口	duàn kǒu	52090	uan-uang,ao-ou	1
断命	duàn mìng	52091	in-ing,uan-uang	1
对眼	duì yǎn	52092	an-ang	1
堕马	duò mǎ	52093	ua-uo	1
耳尖	ěr jiān	52095	ian-iang,j-q-x	1
耳生	ěr shēng	52096	en-eng,s-sh	1
犯贱	fàn jiàn	52099	an-ang,ian-iang,h-f,j-q-x	1
放账	fàng zhàng	52101	an-ang,z-zh,h-f	1
飞泉	fēi quán	52102	uan-uang,ai-ei,h-f,j-q-x	1
鲱鱼	fēi yú	52103	ai-ei,h-f	3
匪盗	fěi dào	52104	ai-ei,ao-ou,h-f	1
匪祸	fěi huò	52105	ai-ei,ua-uo,h-f	1
奋激	fèn jī	52107	en-eng,h-f,j-q-x	1
逢集	féng jí	52109	en-eng,h-f,j-q-x	1
复诵	fù sòng	52111	s-sh,h-f	1
改调	gǎi diào	52113	ai-ei	1
甘醇	gān chún	52115	an-ang,c-ch	1
干仗	gàn zhàng	52116	an-ang,z-zh	1
割弃	gē qì	52118	j-q-x	1
阁僚	gé liáo	52119	n-l,r-l	1
跟脚	gēn jiǎo	52120	en-eng,j-q-x	1
工尺	gōng chě	52121	c-ch	1
工运	gōng yùn	52122		1
供果	gòng guǒ	52123	ua-uo	1
孤孀	gū shuāng	52125	uan-uang,s-sh	3
官瘾	guān yǐn	52127	in-ing,uan-uang	1
灌洗	guàn xǐ	52128	uan-uang,j-q-x	1
归田	guī tián	52129	ian-iang	1
贵庚	guì gēng	52130	en-eng	1
滚轴	gǔn zhóu	52131	ao-ou,z-zh	1
果盒	guǒ hé	52132	ua-uo,h-f	1
海损	hǎi sǔn	52133	ai-ei,s-sh,h-f	1
行货	háng huò	52135	an-ang,ua-uo,h-f	1
豪族	háo zú	52136	ao-ou,z-zh,h-f	1
河鱼	hé yú	52138	h-f	1
黑牢	hēi láo	52140	ai-ei,ao-ou,n-l,h-f,r-l	1
轰赶	hōng gǎn	52144	an-ang,h-f	1
鸿运	hóng yùn	52147	h-f	1
花糕	huā gāo	52148	ao-ou,ua-uo,h-f	1
化冻	huà dòng	52149	ua-uo,h-f	1
淮剧	huái jù	52150	h-f,j-q-x	1
缓气	huǎn qì	52151	uan-uang,h-f,j-q-x	1
换手	huàn shǒu	52152	uan-uang,ao-ou,s-sh,h-f	1
徽剧	huī jù	52153	h-f,j-q-x	1
回跌	huí diē	52154	ia-ie,h-f	1
会阴	huì yīn	52156	in-ing,h-f	1
贿金	huì jīn	52157	in-ing,h-f,j-q-x	1
火暴	huǒ bào	52159	ao-ou,ua-uo,h-f	1
火漆	huǒ qī	52160	ua-uo,h-f,j-q-x	1
祭灵	jì líng	52166	in-ing,n-l,r-l,j-q-x	1
夹具	jiā jù	52168	ia-ie,j-q-x	1
家学	jiā xué	52170	ia-ie,j-q-x	1
驾辕	jià yuán	52171	uan-uang,ia-ie,j-q-x	3
监票	jiān piào	52173	ian-iang,j-q-x	1
简省	jiǎn shěng	52174	en-eng,ian-iang,s-sh,j-q-x	1
谏言	jiàn yán	52176	an-ang,ian-iang,j-q-x	3
讲桌	jiǎng zhuō	52177	ian-iang,ua-uo,z-zh,j-q-x	1
娇客	jiāo kè	52178	j-q-x	1
胶丸	jiāo wán	52179	an-ang,j-q-x	1
界内	jiè nèi	52181	ai-ei,ia-ie,n-l,j-q-x	1
精米	jīng mǐ	52182	in-ing,j-q-x	1
景慕	jǐng mù	52183	in-ing,j-q-x	1
究办	jiū bàn	52185	an-ang,j-q-x	1
酒瘾	jiǔ yǐn	52186	in-ing,j-q-x	1
就擒	jiù qín	52187	in-ing,j-q-x	1
拒毒	jù dú	52189	j-q-x	1
绝户	jué hu	52190	h-f,j-q-x	1
开犁	kāi lí	52191	ai-ei,n-l,r-l	1
刻花	kè huā	52193	ua-uo,h-f	1
孔眼	kǒng yǎn	52194	an-ang	1
苦胆	kǔ dǎn	52196	an-ang	1
蜡炬	là jù	52197	n-l,r-l,j-q-x	1
狼毫	láng háo	52198	an-ang,ao-ou,n-l,h-f,r-l	1
廊檐	láng yán	52199	an-ang,n-l,r-l	1
里巷	lǐ xiàng	52202	ian-iang,n-l,r-l,j-q-x	1
力行	lì xíng	52203	in-ing,n-l,r-l,j-q-x	1
历世	lì shì	52204	s-sh,n-l,r-l	1
励志	lì zhì	52205	z-zh,n-l,r-l	1
连亘	lián gèn	52206	en-eng,ian-iang,n-l,r-l	3
淋淋	lín lín	52208	in-ing,n-l,r-l	1
留鸟	liú niǎo	52210	n-l,r-l	1
卤菜	lǔ cài	52212	ai-ei,c-ch,n-l,r-l	1
麻纺	má fǎng	52216	an-ang,h-f	1
蔓生	màn shēng	52219	en-eng,an-ang,s-sh	1
毛蚶	máo hān	52220	an-ang,ao-ou,h-f	3
媚骨	mèi gǔ	52223	ai-ei	1
命大	mìng dà	52224	in-ing	1
命门	mìng mén	52225	en-eng,in-ing	1
摹绘	mó huì	52226	h-f	1
男科	nán kē	52230	an-ang,n-l	1
嫩红	nèn hóng	52233	en-eng,n-l,h-f	1
嫩弱	nèn ruò	52234	en-eng,ua-uo,n-l,r-l	1
凝冻	níng dòng	52237	in-ing,n-l	1
派款	pài kuǎn	52240	uan-uang,ai-ei	1
盘弄	pán nòng	52241	an-ang,n-l	1
炮竹	pào zhú	52244	ao-ou,z-zh	1
喷壶	pēn hú	52245	en-eng,h-f	1
篷布	péng bù	52246	en-eng	1
坯布	pī bù	52247		1
凭恃	píng shì	52251	in-ing,s-sh	1
奇勋	qí xūn	52254	j-q-x	1
起获	qǐ huò	52255	ua-uo,h-f,j-q-x	1
谦辞	qiān cí	52256	ian-iang,c-ch,j-q-x	1
轻省	qīng sheng	52259	en-eng,in-ing,s-sh,j-q-x	1
清漆	qīng qī	52261	in-ing,j-q-x	1
穹隆	qióng lóng	52263	n-l,r-l,j-q-x	3
球果	qiú guǒ	52265	ua-uo,j-q-x	1
屈驾	qū jià	52266	ia-ie,j-q-x	1
去势	qù shì	52267	s-sh,j-q-x	1
刃口	rèn kǒu	52271	en-eng,ao-ou,r-l	1
日场	rì chǎng	52272	an-ang,c-ch,r-l	1
荣任	róng rèn	52274	en-eng,r-l	1
蝾螈	róng yuán	52275	uan-uang,r-l	2
肉脯	ròu fǔ	52276	ao-ou,h-f,r-l	1
入列	rù liè	52278	ia-ie,n-l,r-l	1
溽热	rù rè	52279	r-l	3
软座	ruǎn zuò	52281	uan-uang,ua-uo,z-zh,r-l	1
煞气	shà qì	52282	s-sh,j-q-x	1
设岗	shè gǎng	52286	an-ang,s-sh	1
深壑	shēn hè	52288	en-eng,s-sh,h-f	3
审订	shěn dìng	52289	en-eng,in-ing,s-sh	1
慎言	shèn yán	52290	en-eng,an-ang,s-sh	1
手硬	shǒu yìng	52292	in-ing,ao-ou,s-sh	1
淑静	shū jìng	52293	in-ing,s-sh,j-q-x	1
黍子	shǔ zi	52294	z-zh,s-sh	3
双数	shuāng shù	52296	uan-uang,s-sh	1
双薪	shuāng xīn	52297	in-ing,uan-uang,s-sh,j-q-x	1
水滨	shuǐ bīn	52298	in-ing,s-sh	1
水泽	shuǐ zé	52300	z-zh,s-sh	1
讼案	sòng àn	52301	an-ang,s-sh	1
送站	sòng zhàn	52302	an-ang,z-zh,s-sh	1
素装	sù zhuāng	52303	uan-uang,z-zh,s-sh	1
汤料	tāng liào	52306	an-ang,n-l,r-l	1
陶陶	táo táo	52307	ao-ou	1
套裤	tào kù	52308	ao-ou	1
题解	tí jiě	52309	ia-ie,j-q-x	1
替手	tì shǒu	52310	ao-ou,s-sh	1
田猎	tián liè	52312	ian-iang,ia-ie,n-l,r-l	1
填发	tián fā	52313	ian-iang,h-f	1
铁笔	tiě bǐ	52315	ia-ie	1
听写	tīng xiě	52316	in-ing,ia-ie,j-q-x	1
停付	tíng fù	52317	in-ing,h-f	1
挺尸	tǐng shī	52318	in-ing,s-sh	1
通条	tōng tiáo	52319		1
茼蒿	tóng hāo	52320	ao-ou,h-f	2
头帕	tóu pà	52321	ao-ou	1
头癣	tóu xuǎn	52322	uan-uang,ao-ou,j-q-x	1
透汗	tòu hàn	52324	an-ang,ao-ou,h-f	1
涂片	tú piàn	52325	ian-iang	1
推求	tuī qiú	52326	j-q-x	1
屯粮	tún liáng	52327	ian-iang,n-l,r-l	1
托底	tuō dǐ	52328	ua-uo	1
拖腔	tuō qiāng	52329	ian-iang,ua-uo,j-q-x	1
脱靶	tuō bǎ	52330	ua-uo	1
瓦灰	wǎ huī	52331	h-f	1
婉词	wǎn cí	52332	an-ang,c-ch	1
妄求	wàng qiú	52334	an-ang,j-q-x	1
违碍	wéi ài	52335	ai-ei	1
畏避	wèi bì	52336	ai-ei	1
西元	xī yuán	52341	uan-uang,j-q-x	1
习染	xí rǎn	52342	an-ang,r-l,j-q-x	1
洗冤	xǐ yuān	52343	uan-uang,j-q-x	1
下处	xià chù	52344	ia-ie,c-ch,j-q-x	1
险隘	xiǎn ài	52345	ian-iang,ai-ei,j-q-x	1
香袋	xiāng dài	52346	ian-iang,ai-ei,j-q-x	1
削面	xiāo miàn	52349	ian-iang,j-q-x	1
销蚀	xiāo shí	52350	s-sh,j-q-x	1
晓市	xiǎo shì	52352	s-sh,j-q-x	1
晓事	xiǎo shì	52353	s-sh,j-q-x	1
泻肚	xiè dù	52354	ia-ie,j-q-x	1
凶气	xiōng qì	52356	j-q-x	1
雄威	xióng wēi	52358	ai-ei,j-q-x	1
熊胆	xióng dǎn	52359	an-ang,j-q-x	1
羞臊	xiū sào	52360	ao-ou,s-sh,j-q-x	1
锈斑	xiù bān	52361	an-ang,j-q-x	1
絮烦	xù fan	52362	an-ang,h-f,j-q-x	1
喧扰	xuān rǎo	52363	uan-uang,ao-ou,r-l,j-q-x	1
玄鸟	xuán niǎo	52364	uan-uang,n-l,j-q-x	1
穴道	xué dào	52365	ao-ou,j-q-x	1
雪藏	xuě cáng	52367	an-ang,c-ch,j-q-x	1
血证	xuè zhèng	52368	en-eng,z-zh,j-q-x	1
熏鸡	xūn jī	52369	j-q-x	1
哑场	yǎ chǎng	52371	an-ang,c-ch	1
眼生	yǎn shēng	52374	en-eng,an-ang,s-sh	1
艳闻	yàn wén	52375	en-eng,an-ang	1
妖法	yāo fǎ	52378	ao-ou,h-f	1
要目	yào mù	52379	ao-ou	1
要则	yào zé	52380	ao-ou,z-zh	1
遗害	yí hài	52384	ai-ei,h-f	1
遗墨	yí mò	52385		1
译电	yì diàn	52386	ian-iang	1
音区	yīn qū	52389	in-ing,j-q-x	1
隐疾	yǐn jí	52391	in-ing,j-q-x	1
萤石	yíng shí	52392	in-ing,s-sh	1
佣钱	yòng qián	52393	ian-iang,j-q-x	1
幽咽	yōu yè	52394	ao-ou	1
油酥	yóu sū	52395	ao-ou,s-sh	1
鱼漂	yú piāo	52396		1
原案	yuán àn	52398	an-ang,uan-uang	1
圆房	yuán fáng	52399	an-ang,uan-uang,h-f	1
月工	yuè gōng	52400		1
杂肥	zá féi	52401	ai-ei,z-zh,h-f	1
藻井	zǎo jǐng	52403	in-ing,ao-ou,z-zh,j-q-x	1
贼窝	zéi wō	52404	ai-ei,z-zh	1
扎啤	zhā pí	52405	z-zh	1
展柜	zhǎn guì	52407	an-ang,z-zh	1
折冲	zhé chōng	52409	z-zh,c-ch	1
赭石	zhě shí	52411	z-zh,s-sh	3
针管	zhēn guǎn	52412	en-eng,uan-uang,z-zh	1
珍闻	zhēn wén	52413	en-eng,z-zh	1
整垮	zhěng kuǎ	52414	en-eng,ua-uo,z-zh	1
正座	zhèng zuò	52415	en-eng,ua-uo,z-zh	1
脂油	zhī yóu	52417	ao-ou,z-zh	1
直溜	zhí liu	52419	z-zh,n-l,r-l	1
置辩	zhì biàn	52421	ian-iang,z-zh	1
珠蚌	zhū bàng	52423	an-ang,z-zh	1
贮量	zhù liàng	52424	ian-iang,z-zh,n-l,r-l	1
铸工	zhù gōng	52425	z-zh	1
壮工	zhuàng gōng	52427	uan-uang,z-zh	1
籽实	zǐ shí	52428	z-zh,s-sh	1
字模	zì mú	52430	z-zh	1
嘴紧	zuǐ jǐn	52432	in-ing,z-zh,j-q-x	1
柞蚕	zuò cán	52434	an-ang,ua-uo,z-zh,c-ch	3
座号	zuò hào	52435	ao-ou,ua-uo,z-zh,h-f	1
暗锁	àn suǒ	52437	an-ang,ua-uo,s-sh	1
把风	bǎ fēng	52439	en-eng,h-f	1
把牢	bǎ láo	52440	ao-ou,n-l,r-l	1
白厅	bái tīng	52443	in-ing,ai-ei	1
拌料	bàn liào	52446	an-ang,n-l,r-l	1
胞衣	bāo yī	52447	ao-ou	1
悲咽	bēi yè	52449	ai-ei	1
背静	bèi jing	52450	in-ing,ai-ei,j-q-x	1
髌骨	bìn gǔ	52452	in-ing	3
冰砖	bīng zhuān	52453	in-ing,uan-uang,z-zh	1
丙纶	bǐng lún	52455	in-ing,n-l,r-l	3
簸荡	bǒ dàng	52457	an-ang	1
簸箩	bǒ luo	52458	ua-uo,n-l,r-l	1
补剂	bǔ jì	52459	j-q-x	1
裁断	cái duàn	52463	uan-uang,ai-ei,c-ch	1
彩扩	cǎi kuò	52464	ai-ei,ua-uo,c-ch	1
残棋	cán qí	52465	an-ang,c-ch,j-q-x	1
草驴	cǎo lǘ	52467	ao-ou,c-ch,n-l,r-l	1
插空	chā kòng	52469	c-ch	1
插身	chā shēn	52470	en-eng,c-ch,s-sh	1
查哨	chá shào	52471	ao-ou,c-ch,s-sh	1
炒青	chǎo qīng	52474	in-ing,ao-ou,c-ch,j-q-x	1
衬映	chèn yìng	52477	en-eng,in-ing,c-ch	1
称便	chēng biàn	52478	en-eng,ian-iang,c-ch	1
称述	chēng shù	52479	en-eng,c-ch,s-sh	1
诚笃	chéng dǔ	52480	en-eng,c-ch	3
诚招	chéng zhāo	52481	en-eng,ao-ou,z-zh,c-ch	1
丑星	chǒu xīng	52484	in-ing,ao-ou,c-ch,j-q-x	1
初诊	chū zhěn	52485	en-eng,z-zh,c-ch	1
传名	chuán míng	52486	in-ing,uan-uang,c-ch	1
春汛	chūn xùn	52489	c-ch,j-q-x	1
蠢材	chǔn cái	52490	ai-ei,c-ch	1
村容	cūn róng	52492	c-ch,r-l	1
存照	cún zhào	52493	ao-ou,z-zh,c-ch	1
歹念	dǎi niàn	52495	ian-iang,ai-ei,n-l	1
丹毒	dān dú	52496	an-ang	1
党票	dǎng piào	52498	an-ang	1
导因	dǎo yīn	52500	in-ing,ao-ou	1
盗劫	dào jié	52501	ao-ou,ia-ie,j-q-x	1
等份	děng fèn	52502	en-eng,h-f	1
敌境	dí jìng	52503	in-ing,j-q-x	1
涤除	dí chú	52504	c-ch	1
底册	dǐ cè	52505	c-ch	1
底端	dǐ duān	52506	uan-uang	1
底火	dǐ huǒ	52507	ua-uo,h-f	1
电磨	diàn mò	52509	ian-iang	1
殿军	diàn jūn	52510	ian-iang,j-q-x	1
冬藏	dōng cáng	52513	an-ang,c-ch	1
皮癣	pí xuǎn	52514	uan-uang,j-q-x	1
冬菇	dōng gū	52515		1
豆粉	dòu fěn	52517	en-eng,ao-ou,h-f	1
短装	duǎn zhuāng	52518	uan-uang,z-zh	1
对举	duì jǔ	52519	j-q-x	1
耳屎	ěr shǐ	52521	s-sh	1
烦请	fán qǐng	52523	in-ing,an-ang,h-f,j-q-x	1
繁冗	fán rǒng	52524	an-ang,h-f,r-l	1
犯急	fàn jí	52525	an-ang,h-f,j-q-x	1
访寻	fǎng xún	52527	an-ang,h-f,j-q-x	1
肥土	féi tǔ	52529	ai-ei,h-f	1
分句	fēn jù	52531	en-eng,h-f,j-q-x	1
风镜	fēng jìng	52532	en-eng,in-ing,h-f,j-q-x	1
封火	fēng huǒ	52533	en-eng,ua-uo,h-f	1
敷陈	fū chén	52534	en-eng,c-ch,h-f	1
浮名	fú míng	52537	in-ing,h-f	1
改嘴	gǎi zuǐ	52538	ai-ei,z-zh	1
概观	gài guān	52539	uan-uang,ai-ei	1
干馏	gān liú	52540	an-ang,n-l,r-l	1
钢锭	gāng dìng	52542	in-ing,an-ang	3
岗警	gǎng jǐng	52543	in-ing,an-ang,j-q-x	1
高限	gāo xiàn	52544	ian-iang,ao-ou,j-q-x	1
告贷	gào dài	52545	ai-ei,ao-ou	1
肱骨	gōng gǔ	52548		3
咕叽	gū jī	52550	j-q-x	1
呱嗒	guā dā	52551	ua-uo	2
寡合	guǎ hé	52552	ua-uo,h-f	1
挂怀	guà huái	52553	ua-uo,h-f	1
挂靴	guà xuē	52554	ua-uo,j-q-x	1
棺柩	guān jiù	52556	uan-uang,j-q-x	3
惯偷	guàn tōu	52557	uan-uang,ao-ou	1
光艳	guāng yàn	52558	an-ang,uan-uang	1
瑰奇	guī qí	52559	j-q-x	1
过慢	guò màn	52562	an-ang,ua-uo	1
合该	hé gāi	52564	ai-ei,h-f	1
黑貂	hēi diāo	52565	ai-ei,h-f	3
悔婚	huǐ hūn	52571	h-f	1
会账	huì zhàng	52572	an-ang,z-zh,h-f	1
混充	hùn chōng	52573	c-ch,h-f	1
豁子	huō zi	52574	ua-uo,z-zh,h-f	1
活结	huó jié	52575	ia-ie,ua-uo,h-f,j-q-x	1
火棒	huǒ bàng	52576	an-ang,ua-uo,h-f	1
击发	jī fā	52577	h-f,j-q-x	1
积垢	jī gòu	52578	ao-ou,j-q-x	1
极昼	jí zhòu	52579	ao-ou,z-zh,j-q-x	1
加试	jiā shì	52581	ia-ie,s-sh,j-q-x	1
家祭	jiā jì	52582	ia-ie,j-q-x	1
犟劲	jiàng jìn	52587	in-ing,ian-iang,j-q-x	3
交验	jiāo yàn	52589	an-ang,j-q-x	1
娇痴	jiāo chī	52590	c-ch,j-q-x	1
脚注	jiǎo zhù	52591	z-zh,j-q-x	1
诘难	jié nàn	52593	an-ang,ia-ie,n-l,j-q-x	3
解酒	jiě jiǔ	52594	ia-ie,j-q-x	1
界址	jiè zhǐ	52596	ia-ie,z-zh,j-q-x	1
借景	jiè jǐng	52597	in-ing,ia-ie,j-q-x	1
进献	jìn xiàn	52599	in-ing,ian-iang,j-q-x	1
经售	jīng shòu	52600	in-ing,ao-ou,s-sh,j-q-x	1
惊艳	jīng yàn	52601	in-ing,an-ang,j-q-x	1
晶石	jīng shí	52602	in-ing,s-sh,j-q-x	1
敬上	jìng shàng	52604	in-ing,an-ang,s-sh,j-q-x	1
旧业	jiù yè	52605	j-q-x	1
拒载	jù zài	52606	ai-ei,z-zh,j-q-x	1
隽语	juàn yǔ	52607	uan-uang,j-q-x	3
军阶	jūn jiē	52608	ia-ie,j-q-x	1
开锣	kāi luó	52609	ai-ei,ua-uo,n-l,r-l	1
口条	kǒu tiáo	52613	ao-ou	1
匡济	kuāng jì	52616	uan-uang,j-q-x	3
诓骗	kuāng piàn	52617	ian-iang,uan-uang	3
愧悔	kuì huǐ	52618	h-f	1
揽权	lǎn quán	52619	an-ang,uan-uang,n-l,r-l,j-q-x	1
礼毕	lǐ bì	52621	n-l,r-l	1
礼聘	lǐ pìn	52622	in-ing,n-l,r-l	1
连串	lián chuàn	52625	ian-iang,uan-uang,c-ch,n-l,r-l	1
联体	lián tǐ	52630	ian-iang,n-l,r-l	1
恋慕	liàn mù	52631	ian-iang,n-l,r-l	1
晾台	liàng tái	52632	ian-iang,ai-ei,n-l,r-l	1
僚机	liáo jī	52633	n-l,r-l,j-q-x	1
撂倒	liào dǎo	52634	ao-ou,n-l,r-l	3
猎具	liè jù	52635	ia-ie,n-l,r-l,j-q-x	1
临空	lín kōng	52636	in-ing,n-l,r-l	1
零蛋	líng dàn	52637	in-ing,an-ang,n-l,r-l	1
炉门	lú mén	52638	en-eng,n-l,r-l	1
路卡	lù qiǎ	52639	ia-ie,n-l,r-l,j-q-x	1
露酒	lù jiǔ	52640	n-l,r-l,j-q-x	1
落点	luò diǎn	52641	ian-iang,ua-uo,n-l,r-l	1
马槽	mǎ cáo	52643	ao-ou,c-ch	1
妹婿	mèi xù	52645	ai-ei,j-q-x	1
门钉	mén dīng	52646	en-eng,in-ing	1
秘传	mì chuán	52649	uan-uang,c-ch	1
面砖	miàn zhuān	52652	ian-iang,uan-uang,z-zh	1
鸣禽	míng qín	52654	in-ing,j-q-x	1
募化	mù huà	52657	ua-uo,h-f	1
难字	nán zì	52658	an-ang,z-zh,n-l	1
嫩滑	nèn huá	52659	en-eng,ua-uo,n-l,h-f	1
溺婴	nì yīng	52660	in-ing,n-l	1
尿血	niào xiě	52661	ia-ie,n-l,j-q-x	1
纽子	niǔ zi	52663	z-zh,n-l	1
拍花	pāi huā	52665	ai-ei,ua-uo,h-f	1
抛离	pāo lí	52667	ao-ou,n-l,r-l	1
批点	pī diǎn	52670	ian-iang	1
皮试	pí shì	52671	s-sh	1
品红	pǐn hóng	52672	in-ing,h-f	1
气泵	qì bèng	52676	en-eng,j-q-x	1
谦词	qiān cí	52678	ian-iang,c-ch,j-q-x	1
前仇	qián chóu	52679	ian-iang,ao-ou,c-ch,j-q-x	1
黔剧	qián jù	52681	ian-iang,j-q-x	1
羌笛	qiāng dí	52682	ian-iang,j-q-x	3
强梁	qiáng liáng	52683	ian-iang,n-l,r-l,j-q-x	1
墙裙	qiáng qún	52684	ian-iang,j-q-x	1
抢墒	qiǎng shāng	52685	an-ang,ian-iang,s-sh,j-q-x	3
桥桩	qiáo zhuāng	52686	uan-uang,z-zh,j-q-x	1
翘企	qiáo qǐ	52687	j-q-x	1
青杨	qīng yáng	52688	in-ing,an-ang,j-q-x	1
清炒	qīng chǎo	52689	in-ing,ao-ou,c-ch,j-q-x	1
穹庐	qióng lú	52691	n-l,r-l,j-q-x	3
求售	qiú shòu	52692	ao-ou,s-sh,j-q-x	1
黢黑	qū hēi	52693	ai-ei,h-f,j-q-x	3
去火	qù huǒ	52694	ua-uo,h-f,j-q-x	1
圈阅	quān yuè	52695	uan-uang,j-q-x	1
缺漏	quē lòu	52696	ao-ou,n-l,r-l,j-q-x	1
人丹	rén dān	52698	en-eng,an-ang,r-l	1
散工	sǎn gōng	52700	an-ang,s-sh	1
馓子	sǎn zi	52701	an-ang,z-zh,s-sh	3
僧帽	sēng mào	52704	en-eng,ao-ou,s-sh	1
砂眼	shā yǎn	52705	an-ang,s-sh	1
膻味	shān wèi	52706	an-ang,ai-ei,s-sh	3
膳费	shàn fèi	52707	an-ang,ai-ei,s-sh,h-f	3
上颚	shàng è	52708	an-ang,s-sh	3
上粪	shàng fèn	52709	en-eng,an-ang,s-sh,h-f	1
韶光	sháo guāng	52710	uan-uang,ao-ou,s-sh	3
设或	shè huò	52712	ua-uo,s-sh,h-f	1
生恐	shēng kǒng	52713	en-eng,s-sh	1
声符	shēng fú	52715	en-eng,s-sh,h-f	1
失盗	shī dào	52716	ao-ou,s-sh	1
失脚	shī jiǎo	52717	s-sh,j-q-x	1
石舫	shí fǎng	52718	an-ang,s-sh,h-f	3
实词	shí cí	52720	c-ch,s-sh	1
试播	shì bō	52723	s-sh	1
受胎	shòu tāi	52724	ai-ei,ao-ou,s-sh	1
熟菜	shú cài	52725	ai-ei,c-ch,s-sh	1
顺情	shùn qíng	52727	in-ing,s-sh,j-q-x	1
死面	sǐ miàn	52728	ian-iang,s-sh	1
抬爱	tái ài	52729	ai-ei	1
坦直	tǎn zhí	52733	an-ang,z-zh	1
汤池	tāng chí	52734	an-ang,c-ch	1
塘泥	táng ní	52735	an-ang,n-l	1
塘堰	táng yàn	52737	an-ang	1
讨账	tǎo zhàng	52738	an-ang,ao-ou,z-zh	1
誊录	téng lù	52740	en-eng,n-l,r-l	1
替班	tì bān	52742	an-ang	1
甜橙	tián chéng	52743	en-eng,ian-iang,c-ch	1
童蒙	tóng méng	52748	en-eng	1
图典	tú diǎn	52749	ian-iang	1
文卷	wén juàn	52756	en-eng,uan-uang,j-q-x	1
纹身	wén shēn	52757	en-eng,s-sh	1
问难	wèn nàn	52758	en-eng,an-ang,n-l	1
赊售	shē shòu	52759	ao-ou,s-sh	3
卧佛	wò fó	52760	h-f	1
屋架	wū jià	52761	ia-ie,j-q-x	1
误期	wù qī	52764	j-q-x	1
西晒	xī shài	52766	ai-ei,s-sh,j-q-x	1
喷子	pēn zi	52767	en-eng,z-zh	1
肉弹	ròu dàn	52769	an-ang,ao-ou,r-l	1
习好	xí hào	52770	ao-ou,h-f,j-q-x	1
喜钱	xǐ qián	52771	ian-iang,j-q-x	1
喜丧	xǐ sāng	52772	an-ang,s-sh,j-q-x	1
过气	guò qì	52773	ua-uo,j-q-x	1
蹭饭	cèng fàn	52774	en-eng,an-ang,c-ch,h-f	1
戏服	xì fú	52775	h-f,j-q-x	1
瞎聊	xiā liáo	52776	ia-ie,n-l,r-l,j-q-x	1
闲职	xián zhí	52779	ian-iang,z-zh,j-q-x	1
显豁	xiǎn huò	52780	ian-iang,ua-uo,h-f,j-q-x	1
线呢	xiàn ní	52781	ian-iang,n-l,j-q-x	1
小市	xiǎo shì	52786	s-sh,j-q-x	1
谐剧	xié jù	52787	ia-ie,j-q-x	1
谢仪	xiè yí	52788	ia-ie,j-q-x	1
新历	xīn lì	52790	in-ing,n-l,r-l,j-q-x	1
芯子	xìn zi	52791	in-ing,z-zh,j-q-x	1
腥臊	xīng sāo	52792	in-ing,ao-ou,s-sh,j-q-x	1
行诈	xíng zhà	52793	in-ing,z-zh,j-q-x	1
形胜	xíng shèng	52794	en-eng,in-ing,s-sh,j-q-x	1
凶蛮	xiōng mán	52796	an-ang,j-q-x	1
凶年	xiōng nián	52797	ian-iang,n-l,j-q-x	1
胸椎	xiōng zhuī	52799	z-zh,j-q-x	1
熊包	xióng bāo	52800	ao-ou,j-q-x	1
休刊	xiū kān	52801	an-ang,j-q-x	1
虚数	xū shù	52802	s-sh,j-q-x	1
悬梯	xuán tī	52804	uan-uang,j-q-x	1
悬心	xuán xīn	52805	in-ing,uan-uang,j-q-x	1
选发	xuǎn fā	52806	uan-uang,h-f,j-q-x	1
选载	xuǎn zǎi	52807	uan-uang,ai-ei,z-zh,j-q-x	1
学衔	xué xián	52808	ian-iang,j-q-x	1
醺然	xūn rán	52809	an-ang,r-l,j-q-x	3
牙碜	yá chen	52810	en-eng,c-ch	3
牙慧	yá huì	52811	h-f	1
牙轮	yá lún	52812	n-l,r-l	1
芫荽	yán suī	52814	an-ang,s-sh	2
盐花	yán huā	52815	an-ang,ua-uo,h-f	1
盐卤	yán lǔ	52816	an-ang,n-l,r-l	1
艳情	yàn qíng	52817	in-ing,an-ang,j-q-x	1
艳冶	yàn yě	52818	an-ang	1
衣摆	yī bǎi	52829	ai-ei	1
遗祸	yí huò	52830	ua-uo,h-f	1
临考	lín kǎo	52831	in-ing,ao-ou,n-l,r-l	1
义捐	yì juān	52832	uan-uang,j-q-x	1
异才	yì cái	52834	ai-ei,c-ch	1
阴功	yīn gōng	52836	in-ing	1
饮弹	yǐn dàn	52838	in-ing,an-ang	1
荧幕	yíng mù	52839	in-ing	1
泳镜	yǒng jìng	52841	in-ing,j-q-x	1
勇毅	yǒng yì	52842		1
忧苦	yōu kǔ	52843	ao-ou	1
幽邃	yōu suì	52844	ao-ou,s-sh	3
邮集	yóu jí	52845	ao-ou,j-q-x	1
渔妇	yú fù	52847	h-f	1
渔鼓	yú gǔ	52848		1
愚鲁	yú lǔ	52849	n-l,r-l	1
元夜	yuán yè	52851	uan-uang	1
圆凳	yuán dèng	52852	en-eng,uan-uang	1
圆谎	yuán huǎng	52853	uan-uang,h-f	1
运数	yùn shù	52855	s-sh	1
栽绒	zāi róng	52856	ai-ei,z-zh,r-l	1
沾手	zhān shǒu	52858	an-ang,ao-ou,z-zh,s-sh	1
针药	zhēn yào	52860	en-eng,ao-ou,z-zh	1
征募	zhēng mù	52861	en-eng,z-zh	1
正体	zhèng tǐ	52862	en-eng,z-zh	1
中允	zhōng yǔn	52864	z-zh	1
茱萸	zhū yú	52867	z-zh	2
主文	zhǔ wén	52868	en-eng,z-zh	1
柱廊	zhù láng	52869	an-ang,z-zh,n-l,r-l	1
抓斗	zhuā dǒu	52870	ao-ou,ua-uo,z-zh	1
专名	zhuān míng	52871	in-ing,uan-uang,z-zh	1
篆体	zhuàn tǐ	52872	uan-uang,z-zh	3
子息	zǐ xī	52873	z-zh,j-q-x	1
自肥	zì féi	52875	ai-ei,z-zh,h-f	1
棕黑	zōng hēi	52876	ai-ei,z-zh,h-f	1
遵嘱	zūn zhǔ	52877	z-zh	1
佐理	zuǒ lǐ	52878	ua-uo,z-zh,n-l,r-l	1
按脉	àn mài	52880	an-ang,ai-ei	1
凹版	āo bǎn	52881	an-ang,ao-ou	1
梆硬	bāng yìng	52883	in-ing,an-ang	1
备饭	bèi fàn	52888	an-ang,ai-ei,h-f	1
本字	běn zì	52889	en-eng,z-zh	1
笔体	bǐ tǐ	52891		1
笔洗	bǐ xǐ	52892	j-q-x	1
边务	biān wù	52895	ian-iang	1
砭骨	biān gǔ	52896	ian-iang	3
表记	biǎo jì	52900	j-q-x	1
别绪	bié xù	52901	ia-ie,j-q-x	1
秉正	bǐng zhèng	52902	en-eng,in-ing,z-zh	1
拨发	bō fā	52903	h-f	1
部头	bù tóu	52904	ao-ou	1
踩道	cǎi dào	52905	ai-ei,ao-ou,c-ch	1
藏掖	cáng yē	52906	an-ang,c-ch	3
草菇	cǎo gū	52907	ao-ou,c-ch	1
缠结	chán jié	52908	an-ang,ia-ie,c-ch,j-q-x	1
抄件	chāo jiàn	52910	ian-iang,ao-ou,c-ch,j-q-x	1
车模	chē mó	52913	c-ch	1
成精	chéng jīng	52914	en-eng,in-ing,c-ch,j-q-x	1
吃儿	chī er	52915	c-ch	1
赤露	chì lù	52917	c-ch,n-l,r-l	1
重影	chóng yǐng	52918	in-ing,c-ch	1
处暑	chǔ shǔ	52919	c-ch,s-sh	1
川贝	chuān bèi	52920	uan-uang,ai-ei,c-ch	1
串讲	chuàn jiǎng	52921	ian-iang,uan-uang,c-ch,j-q-x	1
准入	zhǔn rù	52922	z-zh,r-l	1
串游	chuàn you	52923	uan-uang,ao-ou,c-ch	1
唇吻	chún wěn	52924	en-eng,c-ch	1
词牌	cí pái	52925	ai-ei,c-ch	1
瓷窑	cí yáo	52926	ao-ou,c-ch	1
辞章	cí zhāng	52927	an-ang,z-zh,c-ch	1
慈颜	cí yán	52928	an-ang,c-ch	1
凑拢	còu lǒng	52929	ao-ou,c-ch,n-l,r-l	1
搭扣	dā kòu	52930	ao-ou	1
打食	dǎ shí	52931	s-sh	1
待聘	dài pìn	52935	in-ing,ai-ei	1
单句	dān jù	52936	an-ang,j-q-x	1
倒找	dào zhǎo	52938	ao-ou,z-zh	1
得亏	děi kuī	52939	ai-ei	1
地埂	dì gěng	52942	en-eng	1
地脚	dì jiǎo	52943	j-q-x	1
递变	dì biàn	52945	ian-iang	1
递升	dì shēng	52946	en-eng,s-sh	1
顶数	dǐng shù	52947	in-ing,s-sh	1
赌瘾	dǔ yǐn	52949	in-ing	1
断狱	duàn yù	52951	uan-uang	1
锻工	duàn gōng	52952	uan-uang	1
对词	duì cí	52953	c-ch	1
对火	duì huǒ	52954	ua-uo,h-f	1
夺杯	duó bēi	52955	ai-ei,ua-uo	1
发物	fā wù	52959	h-f	1
发屋	fà wū	52960	h-f	1
烦愁	fán chóu	52961	an-ang,ao-ou,c-ch,h-f	1
饭勺	fàn sháo	52962	an-ang,ao-ou,s-sh,h-f	1
飞盘	fēi pán	52964	an-ang,ai-ei,h-f	1
奋勉	fèn miǎn	52967	en-eng,ian-iang,h-f	1
烽燧	fēng suì	52968	en-eng,s-sh,h-f	2
蜂腰	fēng yāo	52969	en-eng,ao-ou,h-f	1
附寄	fù jì	52971	h-f,j-q-x	1
改锥	gǎi zhuī	52974	ai-ei,z-zh	1
芥蓝	jiè lán	52975	an-ang,ia-ie,n-l,r-l,j-q-x	1
刚勇	gāng yǒng	52977	an-ang	1
根芽	gēn yá	52980	en-eng	1
工稳	gōng wěn	52981	en-eng	1
公制	gōng zhì	52982	z-zh	1
骨胶	gǔ jiāo	52985	j-q-x	1
鼓弄	gǔ nong	52986	n-l	1
瓜蔓	guā wàn	52987	an-ang,ua-uo	1
犷悍	guǎng hàn	52991	an-ang,uan-uang,h-f	3
过谦	guò qiān	52993	ian-iang,ua-uo,j-q-x	1
过筛	guò shāi	52994	ai-ei,ua-uo,s-sh	1
海钓	hǎi diào	52995	ai-ei,h-f	1
函复	hán fù	52997	an-ang,h-f	1
豪举	háo jǔ	52998	ao-ou,h-f,j-q-x	1
何许	hé xǔ	52999	h-f,j-q-x	1
黑货	hēi huò	53002	ai-ei,ua-uo,h-f	1
横轴	héng zhóu	53004	en-eng,ao-ou,z-zh,h-f	1
红案	hóng àn	53005	an-ang,h-f	1
红壤	hóng rǎng	53006	an-ang,h-f,r-l	1
洪帮	hóng bāng	53007	an-ang,h-f	1
哄劝	hǒng quàn	53008	uan-uang,h-f,j-q-x	1
狐裘	hú qiú	53010	h-f,j-q-x	3
胡搅	hú jiǎo	53012	h-f,j-q-x	1
湖笔	hú bǐ	53013	h-f	1
户型	hù xíng	53015	in-ing,h-f,j-q-x	1
滑爽	huá shuǎng	53016	uan-uang,ua-uo,s-sh,h-f	1
话旧	huà jiù	53017	ua-uo,h-f,j-q-x	1
幻视	huàn shì	53018	uan-uang,s-sh,h-f	1
换肩	huàn jiān	53019	ian-iang,uan-uang,h-f,j-q-x	1
晃摇	huàng yao	53021	uan-uang,ao-ou,h-f	1
灰分	huī fèn	53022	en-eng,h-f	1
徽墨	huī mò	53023	h-f	1
回火	huí huǒ	53024	ua-uo,h-f	1
汇费	huì fèi	53027	ai-ei,h-f	1
活靶	huó bǎ	53028	ua-uo,h-f	1
唧筒	jī tǒng	53029	j-q-x	1
稽考	jī kǎo	53030	ao-ou,j-q-x	1
家燕	jiā yàn	53033	an-ang,ia-ie,j-q-x	1
夹被	jiá bèi	53034	ai-ei,ia-ie,j-q-x	1
奸险	jiān xiǎn	53035	ian-iang,j-q-x	1
监押	jiān yā	53036	ian-iang,j-q-x	1
兼施	jiān shī	53037	ian-iang,s-sh,j-q-x	1
笺注	jiān zhù	53038	ian-iang,z-zh,j-q-x	3
缣帛	jiān bó	53039	ian-iang,j-q-x	2
犟嘴	jiàng zuǐ	53040	ian-iang,z-zh,j-q-x	3
娇妻	jiāo qī	53041	j-q-x	1
娇声	jiāo shēng	53042	en-eng,s-sh,j-q-x	1
焦干	jiāo gān	53043	an-ang,j-q-x	1
节减	jié jiǎn	53045	ian-iang,ia-ie,j-q-x	1
结疤	jié bā	53046	ia-ie,j-q-x	1
尽然	jìn rán	53050	in-ing,an-ang,r-l,j-q-x	1
惊鸿	jīng hóng	53051	in-ing,h-f,j-q-x	1
竞投	jìng tóu	53053	in-ing,ao-ou,j-q-x	1
举兵	jǔ bīng	53054	in-ing,j-q-x	1
绢本	juàn běn	53055	en-eng,uan-uang,j-q-x	1
绝经	jué jīng	53056	in-ing,j-q-x	1
菌肥	jūn féi	53059	ai-ei,h-f,j-q-x	1
俊雅	jùn yǎ	53060	j-q-x	1
开笔	kāi bǐ	53061	ai-ei	1
考期	kǎo qī	53062	ao-ou,j-q-x	1
可鉴	kě jiàn	53064	ian-iang,j-q-x	1
髋骨	kuān gǔ	53069	uan-uang	3
狂徒	kuáng tú	53070	uan-uang	1
老土	lǎo tǔ	53073	ao-ou,n-l,r-l	1
垒砌	lěi qì	53074	ai-ei,n-l,r-l,j-q-x	1
垒墙	lěi qiáng	53075	ian-iang,ai-ei,n-l,r-l,j-q-x	1
例题	lì tí	53079	n-l,r-l	1
帘幕	lián mù	53082	ian-iang,n-l,r-l	1
粮行	liáng háng	53083	an-ang,ian-iang,n-l,h-f,r-l	1
流萤	liú yíng	53085	in-ing,n-l,r-l	1
漏夜	lòu yè	53087	ao-ou,n-l,r-l	1
露底	lòu dǐ	53088	ao-ou,n-l,r-l	1
炉温	lú wēn	53089	en-eng,n-l,r-l	1
落发	luò fà	53091	ua-uo,n-l,h-f,r-l	1
麦糠	mài kāng	53092	an-ang,ai-ei	1
魅人	mèi rén	53097	en-eng,ai-ei,r-l	1
门匾	mén biǎn	53098	en-eng,ian-iang	1
门派	mén pài	53099	en-eng,ai-ei	1
米醋	mǐ cù	53100	c-ch	1
面告	miàn gào	53101	ian-iang,ao-ou	1
面洽	miàn qià	53102	ian-iang,ia-ie,j-q-x	1
名帖	míng tiě	53103	in-ing,ia-ie	1
摸彩	mō cǎi	53104	ai-ei,c-ch	1
木槿	mù jǐn	53105	in-ing,j-q-x	3
暮景	mù jǐng	53106	in-ing,j-q-x	1
奶名	nǎi míng	53107	in-ing,ai-ei,n-l	1
闹戏	nào xì	53110	ao-ou,n-l,j-q-x	1
内详	nèi xiáng	53113	ian-iang,ai-ei,n-l,j-q-x	1
凝缩	níng suō	53116	in-ing,ua-uo,s-sh,n-l	1
旁出	páng chū	53119	an-ang,c-ch	1
跑题	pǎo tí	53120	ao-ou	1
配膳	pèi shàn	53123	an-ang,ai-ei,s-sh	3
蓬散	péng sǎn	53124	en-eng,an-ang,s-sh	1
篷车	péng chē	53125	en-eng,c-ch	1
膨化	péng huà	53126	en-eng,ua-uo,h-f	1
癖性	pǐ xìng	53130	in-ing,j-q-x	3
蹁跹	pián xiān	53131	ian-iang,j-q-x	2
贫油	pín yóu	53132	in-ing,ao-ou	1
屏条	píng tiáo	53133	in-ing	1
破陋	pò lòu	53135	ao-ou,n-l,r-l	1
破相	pò xiàng	53136	ian-iang,j-q-x	1
起笔	qǐ bǐ	53138	j-q-x	1
芊芊	qiān qiān	53141	ian-iang,j-q-x	2
侨属	qiáo shǔ	53146	s-sh,j-q-x	1
窃密	qiè mì	53147	ia-ie,j-q-x	1
清盘	qīng pán	53148	in-ing,an-ang,j-q-x	1
曲霉	qū méi	53150	ai-ei,j-q-x	1
拳棒	quán bàng	53152	an-ang,uan-uang,j-q-x	1
让价	ràng jià	53153	an-ang,ia-ie,r-l,j-q-x	1
热饮	rè yǐn	53154	in-ing,r-l	1
肉丁	ròu dīng	53156	in-ing,ao-ou,r-l	1
肉头	ròu tóu	53157	ao-ou,r-l	1
乳儿	rǔ ér	53158	r-l	1
赛船	sài chuán	53160	uan-uang,ai-ei,c-ch,s-sh	1
色魔	sè mó	53162	s-sh	1
沙金	shā jīn	53163	in-ing,s-sh,j-q-x	1
沙灾	shā zāi	53164	ai-ei,z-zh,s-sh	1
纱笼	shā lóng	53165	s-sh,n-l,r-l	1
商路	shāng lù	53166	an-ang,s-sh,n-l,r-l	1
上肥	shàng féi	53167	an-ang,ai-ei,s-sh,h-f	1
上颌	shàng hé	53168	an-ang,s-sh,h-f	3
赊购	shē gòu	53169	ao-ou,s-sh	3
审处	shěn chǔ	53172	en-eng,c-ch,s-sh	1
实益	shí yì	53173	s-sh	1
矢量	shǐ liàng	53174	ian-iang,s-sh,n-l,r-l	1
饰词	shì cí	53175	c-ch,s-sh	1
枢要	shū yào	53176	ao-ou,s-sh	1
疏略	shū lüè	53178	s-sh,n-l,r-l	1
树墩	shù dūn	53179	s-sh	1
耍奸	shuǎ jiān	53180	ian-iang,ua-uo,s-sh,j-q-x	1
爽目	shuǎng mù	53181	uan-uang,s-sh	1
水葱	shuǐ cōng	53182	c-ch,s-sh	1
水碾	shuǐ niǎn	53183	ian-iang,s-sh,n-l	1
税单	shuì dān	53184	an-ang,s-sh	1
吮咂	shǔn zā	53185	z-zh,s-sh	3
厮熟	sī shú	53186	s-sh	3
死机	sǐ jī	53187	s-sh,j-q-x	1
死球	sǐ qiú	53189	s-sh,j-q-x	1
送展	sòng zhǎn	53190	an-ang,z-zh,s-sh	1
蒜黄	suàn huáng	53192	uan-uang,s-sh,h-f	1
岁初	suì chū	53193	c-ch,s-sh	1
索讨	suǒ tǎo	53196	ao-ou,ua-uo,s-sh	1
探胜	tàn shèng	53197	en-eng,an-ang,s-sh	1
桃仁	táo rén	53199	en-eng,ao-ou,r-l	1
天头	tiān tóu	53202	ian-iang,ao-ou	1
条播	tiáo bō	53203		1
铁柜	tiě guì	53206	ia-ie	1
同庚	tóng gēng	53209	en-eng	1
筒瓦	tǒng wǎ	53210		1
徒孙	tú sūn	53212	s-sh	1
团歌	tuán gē	53214	uan-uang	1
团章	tuán zhāng	53215	an-ang,uan-uang,z-zh	1
挖补	wā bǔ	53216		1
蛙人	wā rén	53217	en-eng,r-l	1
外沿	wài yán	53219	an-ang,ai-ei	1
顽民	wán mín	53220	in-ing,an-ang	1
晚车	wǎn chē	53221	an-ang,c-ch	1
圩子	wéi zi	53224	ai-ei,z-zh	3
苇箔	wěi bó	53225	ai-ei	3
尾骨	wěi gǔ	53226	ai-ei	1
污名	wū míng	53227	in-ing	1
诬害	wū hài	53228	ai-ei,h-f	1
西乐	xī yuè	53233	j-q-x	1
锡器	xī qì	53234	j-q-x	1
洗烫	xǐ tàng	53235	an-ang,j-q-x	1
细故	xì gù	53239	j-q-x	1
狎妓	xiá jì	53240	ia-ie,j-q-x	3
限止	xiàn zhǐ	53242	ian-iang,z-zh,j-q-x	1
腺瘤	xiàn liú	53243	ian-iang,n-l,r-l,j-q-x	1
些个	xiē ge	53244	ia-ie,j-q-x	1
歇夏	xiē xià	53245	ia-ie,j-q-x	1
新寡	xīn guǎ	53248	in-ing,ua-uo,j-q-x	1
新禧	xīn xǐ	53249	in-ing,j-q-x	3
星汉	xīng hàn	53250	in-ing,an-ang,h-f,j-q-x	1
行笔	xíng bǐ	53251	in-ing,j-q-x	1
秀慧	xiù huì	53253	h-f,j-q-x	1
虚造	xū zào	53254	ao-ou,z-zh,j-q-x	1
序目	xù mù	53255	j-q-x	1
续貂	xù diāo	53256	j-q-x	3
蓄志	xù zhì	53257	z-zh,j-q-x	1
悬揣	xuán chuǎi	53258	uan-uang,c-ch,j-q-x	1
选场	xuǎn chǎng	53260	an-ang,uan-uang,c-ch,j-q-x	1
削壁	xuē bì	53261	j-q-x	1
巡守	xún shǒu	53263	ao-ou,s-sh,j-q-x	1
严命	yán mìng	53264	in-ing,an-ang	1
眼库	yǎn kù	53265	an-ang	1
眼跳	yǎn tiào	53266	an-ang	1
验核	yàn hé	53267	an-ang,h-f	1
阳电	yáng diàn	53270	an-ang,ian-iang	1
佯败	yáng bài	53271	an-ang,ai-ei	3
妖物	yāo wù	53273	ao-ou	1
妖雾	yāo wù	53274	ao-ou	1
窑坑	yáo kēng	53275	en-eng,ao-ou	1
疟子	yào zi	53276	ao-ou,z-zh	1
药皂	yào zào	53277	ao-ou,z-zh	1
药渣	yào zhā	53278	ao-ou,z-zh	1
椰汁	yē zhī	53280	z-zh	1
业师	yè shī	53281	s-sh	1
怡悦	yí yuè	53285		1
姨表	yí biǎo	53286		1
疑阵	yí zhèn	53287	en-eng,z-zh	1
彝文	yí wén	53288	en-eng	3
役畜	yì chù	53290	c-ch	1
癔病	yì bìng	53291	in-ing	3
阴惨	yīn cǎn	53292	in-ing,an-ang,c-ch	1
阴宅	yīn zhái	53293	in-ing,ai-ei,z-zh	1
淫巧	yín qiǎo	53294	in-ing,j-q-x	1
应门	yìng mén	53295	en-eng,in-ing	1
硬充	yìng chōng	53296	in-ing,c-ch	1
优渥	yōu wò	53298	ao-ou	3
酉时	yǒu shí	53299	ao-ou,s-sh	1
迂论	yū lùn	53300	n-l,r-l	1
余利	yú lì	53301	n-l,r-l	1
愚蒙	yú méng	53304	en-eng	1
远谋	yuǎn móu	53305	uan-uang,ao-ou	1
远缘	yuǎn yuán	53306	uan-uang	1
月尾	yuè wěi	53309	ai-ei	1
月终	yuè zhōng	53310	z-zh	1
暂用	zàn yòng	53311	an-ang,z-zh	1
甑子	zèng zi	53312	en-eng,z-zh	3
扎花	zhā huā	53313	ua-uo,z-zh,h-f	1
掌班	zhǎng bān	53314	an-ang,z-zh	1
蔗田	zhè tián	53318	ian-iang,z-zh	1
震波	zhèn bō	53319	en-eng,z-zh	1
知友	zhī yǒu	53320	ao-ou,z-zh	1
治装	zhì zhuāng	53322	uan-uang,z-zh	1
置评	zhì píng	53324	in-ing,z-zh	1
中幡	zhōng fān	53325	an-ang,z-zh,h-f	3
竹纸	zhú zhǐ	53327	z-zh	1
主厨	zhǔ chú	53328	z-zh,c-ch	1
转注	zhuǎn zhù	53330	uan-uang,z-zh	1
庄院	zhuāng yuàn	53331	uan-uang,z-zh	1
追补	zhuī bǔ	53332	z-zh	1
赘肉	zhuì ròu	53333	ao-ou,z-zh,r-l	1
资材	zī cái	53334	ai-ei,z-zh,c-ch	1
自爆	zì bào	53335	ao-ou,z-zh	1
棕绳	zōng shéng	53337	en-eng,z-zh,s-sh	1
族亲	zú qīn	53339	in-ing,z-zh,j-q-x	1
组办	zǔ bàn	53340	an-ang,z-zh	1
钻工	zuàn gōng	53342	uan-uang,z-zh	1
作速	zuò sù	53343	ua-uo,z-zh,s-sh	1
作秀	zuò xiù	53344	ua-uo,z-zh,j-q-x	1
坐夜	zuò yè	53346	ua-uo,z-zh	1
坐赃	zuò zāng	53347	an-ang,ua-uo,z-zh	1
拔取	bá qǔ	53350	j-q-x	1
把揽	bǎ lǎn	53351	an-ang,n-l,r-l	1
白醋	bái cù	53352	ai-ei,c-ch	1
棒糖	bàng táng	53354	an-ang	1
包蕴	bāo yùn	53355	ao-ou	1
抱窝	bào wō	53358	ao-ou	1
爆棚	bào péng	53359	en-eng,ao-ou	1
鼻儿	bí er	53360		1
毕剥	bì bō	53361		1
边锋	biān fēng	53363	en-eng,ian-iang,h-f	1
别体	bié tǐ	53364	ia-ie	1
摈除	bìn chú	53366	in-ing,c-ch	3
病征	bìng zhēng	53368	en-eng,in-ing,z-zh	1
拨叫	bō jiào	53369	j-q-x	1
波荡	bō dàng	53370	an-ang	1
布菜	bù cài	53372	ai-ei,c-ch	1
猜枚	cāi méi	53373	ai-ei,c-ch	1
裁处	cái chǔ	53374	ai-ei,c-ch	1
彩券	cǎi quàn	53375	uan-uang,ai-ei,c-ch,j-q-x	1
参检	cān jiǎn	53377	an-ang,ian-iang,c-ch,j-q-x	1
参量	cān liàng	53378	an-ang,ian-iang,c-ch,n-l,r-l	1
惨毒	cǎn dú	53379	an-ang,c-ch	1
惨境	cǎn jìng	53380	in-ing,an-ang,c-ch,j-q-x	1
策问	cè wèn	53381	en-eng,c-ch	1
差数	chā shù	53382	c-ch,s-sh	1
茶盏	chá zhǎn	53383	an-ang,z-zh,c-ch	1
谗害	chán hài	53385	an-ang,ai-ei,c-ch,h-f	3
超逸	chāo yì	53386	ao-ou,c-ch	1
撤免	chè miǎn	53388	ian-iang,c-ch	1
趁空	chèn kòng	53389	en-eng,c-ch	1
成丁	chéng dīng	53390	en-eng,in-ing,c-ch	1
承修	chéng xiū	53391	en-eng,c-ch,j-q-x	1
秤星	chèng xīng	53392	en-eng,in-ing,c-ch,j-q-x	1
痴傻	chī shǎ	53393	c-ch,s-sh	1
侈靡	chǐ mí	53394	c-ch	1
冲服	chōng fú	53395	c-ch,h-f	1
储积	chǔ jī	53396	c-ch,j-q-x	1
醇和	chún hé	53398	c-ch,h-f	1
辍笔	chuò bǐ	53399	ua-uo,c-ch	3
词法	cí fǎ	53400	c-ch,h-f	1
汆子	cuān zi	53403	uan-uang,z-zh,c-ch	3
存底	cún dǐ	53404	c-ch	1
错谬	cuò miù	53406	ua-uo,c-ch	1
沓子	dá zi	53407	z-zh	3
待产	dài chǎn	53413	an-ang,ai-ei,c-ch	1
胆虚	dǎn xū	53415	an-ang,j-q-x	1
蛋鸭	dàn yā	53416	an-ang	1
倒嚼	dǎo jiào	53417	ao-ou,j-q-x	1
倒座	dào zuò	53418	ao-ou,ua-uo,z-zh	1
低糖	dī táng	53419	an-ang	1
点穿	diǎn chuān	53421	ian-iang,uan-uang,c-ch	1
东床	dōng chuáng	53426	uan-uang,c-ch	1
煅烧	duàn shāo	53431	uan-uang,ao-ou,s-sh	3
敦睦	dūn mù	53432		1
额骨	é gǔ	53434		1
耳顺	ěr shùn	53435	s-sh	1
发蜡	fà là	53437	n-l,h-f,r-l	1
发油	fà yóu	53438	ao-ou,h-f	1
翻牌	fān pái	53439	an-ang,ai-ei,h-f	1
犯浑	fàn hún	53441	an-ang,h-f	1
泛酸	fàn suān	53442	an-ang,uan-uang,s-sh,h-f	1
防涝	fáng lào	53445	an-ang,ao-ou,n-l,h-f,r-l	1
放榜	fàng bǎng	53446	an-ang,h-f	1
放私	fàng sī	53447	an-ang,s-sh,h-f	1
风源	fēng yuán	53451	en-eng,uan-uang,h-f	1
封港	fēng gǎng	53452	en-eng,an-ang,h-f	1
敷料	fū liào	53453	n-l,h-f,r-l	1
扶病	fú bìng	53454	in-ing,h-f	1
浮漂	fú piāo	53455	h-f	1
斧正	fǔ zhèng	53457	en-eng,z-zh,h-f	1
腐旧	fǔ jiù	53458	h-f,j-q-x	1
付邮	fù yóu	53459	ao-ou,h-f	1
负屈	fù qū	53460	h-f,j-q-x	1
妇婴	fù yīng	53461	in-ing,h-f	1
附载	fù zǎi	53462	ai-ei,z-zh,h-f	1
复本	fù běn	53463	en-eng,h-f	1
复演	fù yǎn	53464	an-ang,h-f	1
改产	gǎi chǎn	53465	an-ang,ai-ei,c-ch	1
肝气	gān qì	53467	an-ang,j-q-x	1
膏粱	gāo liáng	53468	ian-iang,ao-ou,n-l,r-l	1
箍儿	gū er	53470		3
瓜架	guā jià	53471	ia-ie,ua-uo,j-q-x	1
刮宫	guā gōng	53473	ua-uo	1
冠词	guān cí	53474	uan-uang,c-ch	1
归总	guī zǒng	53477	z-zh	1
锅饼	guō bing	53478	in-ing,ua-uo	1
海米	hǎi mǐ	53480	ai-ei,h-f	1
合共	hé gòng	53481	h-f	1
盒式	hé shì	53482	s-sh,h-f	1
烘炉	hōng lú	53485	n-l,h-f,r-l	1
喉炎	hóu yán	53486	an-ang,ao-ou,h-f	1
虎胆	hǔ dǎn	53488	an-ang,h-f	1
护从	hù cóng	53489	c-ch,h-f	1
护膝	hù xī	53490	h-f,j-q-x	1
画页	huà yè	53491	ua-uo,h-f	1
换挡	huàn dǎng	53495	an-ang,uan-uang,h-f	1
换约	huàn yuē	53496	uan-uang,h-f	1
黄熟	huáng shú	53497	uan-uang,s-sh,h-f	1
挥斥	huī chì	53498	c-ch,h-f	1
会籍	huì jí	53499	h-f,j-q-x	1
豁嘴	huō zuǐ	53500	ua-uo,z-zh,h-f	1
火蛇	huǒ shé	53502	ua-uo,s-sh,h-f	1
鸡胸	jī xiōng	53506	j-q-x	1
激将	jī jiàng	53507	ian-iang,j-q-x	1
级任	jí rèn	53508	en-eng,r-l,j-q-x	1
家鼠	jiā shǔ	53510	ia-ie,s-sh,j-q-x	1
建置	jiàn zhì	53512	ian-iang,z-zh,j-q-x	1
剑舞	jiàn wǔ	53513	ian-iang,j-q-x	1
交欢	jiāo huān	53515	uan-uang,h-f,j-q-x	1
交迫	jiāo pò	53516	j-q-x	1
胶乳	jiāo rǔ	53517	r-l,j-q-x	1
角铁	jiǎo tiě	53518	ia-ie,j-q-x	1
搅浑	jiǎo hún	53519	h-f,j-q-x	1
接客	jiē kè	53520	ia-ie,j-q-x	1
劫案	jié àn	53522	an-ang,ia-ie,j-q-x	1
疥癣	jiè xuǎn	53523	uan-uang,ia-ie,j-q-x	3
缙绅	jìn shēn	53526	en-eng,in-ing,s-sh,j-q-x	3
经年	jīng nián	53527	in-ing,ian-iang,n-l,j-q-x	1
晶片	jīng piàn	53529	in-ing,ian-iang,j-q-x	1
竞卖	jìng mài	53531	in-ing,ai-ei,j-q-x	1
敬挽	jìng wǎn	53532	in-ing,an-ang,j-q-x	1
窘促	jiǒng cù	53533	c-ch,j-q-x	1
救荒	jiù huāng	53536	uan-uang,h-f,j-q-x	1
举哀	jǔ āi	53537	ai-ei,j-q-x	1
绢画	juàn huà	53540	uan-uang,ua-uo,h-f,j-q-x	1
绝色	jué sè	53541	s-sh,j-q-x	1
军婚	jūn hūn	53542	h-f,j-q-x	1
开仗	kāi zhàng	53544	an-ang,ai-ei,z-zh	1
刊本	kān běn	53545	en-eng,an-ang	1
炕梢	kàng shāo	53546	an-ang,ao-ou,s-sh	1
考妣	kǎo bǐ	53547	ao-ou	3
刻工	kè gōng	53549		1
客舍	kè shè	53550	s-sh	1
课室	kè shì	53551	s-sh	1
空耗	kōng hào	53552	ao-ou,h-f	1
空言	kōng yán	53553	an-ang	1
口称	kǒu chēng	53554	en-eng,ao-ou,c-ch	1
酷肖	kù xiào	53555	j-q-x	1
夸饰	kuā shì	53556	ua-uo,s-sh	1
揽胜	lǎn shèng	53558	en-eng,an-ang,s-sh,n-l,r-l	1
络子	lào zi	53560	ao-ou,z-zh,n-l,r-l	1
落枕	lào zhěn	53561	en-eng,ao-ou,z-zh,n-l,r-l	1
冷泉	lěng quán	53562	en-eng,uan-uang,n-l,r-l,j-q-x	1
力点	lì diǎn	53564	ian-iang,n-l,r-l	1
敛钱	liǎn qián	53566	ian-iang,n-l,r-l,j-q-x	1
亮分	liàng fēn	53568	en-eng,ian-iang,n-l,h-f,r-l	1
亮牌	liàng pái	53569	ian-iang,ai-ei,n-l,r-l	1
撩动	liáo dòng	53570	n-l,r-l	1
料器	liào qì	53571	n-l,r-l,j-q-x	1
猎猎	liè liè	53572	ia-ie,n-l,r-l	1
领巾	lǐng jīn	53573	in-ing,n-l,r-l,j-q-x	1
流气	liú qì	53574	n-l,r-l,j-q-x	1
流徙	liú xǐ	53575	n-l,r-l,j-q-x	1
陋规	lòu guī	53578	ao-ou,n-l,r-l	1
漏检	lòu jiǎn	53579	ian-iang,ao-ou,n-l,r-l,j-q-x	1
录放	lù fàng	53580	an-ang,n-l,h-f,r-l	1
缕析	lǚ xī	53581	n-l,r-l,j-q-x	1
绿阴	lǜ yīn	53582	in-ing,n-l,r-l	1
乱码	luàn mǎ	53583	uan-uang,n-l,r-l	1
落槌	luò chuí	53585	ua-uo,c-ch,n-l,r-l	3
落墨	luò mò	53587	ua-uo,n-l,r-l	1
麦秋	mài qiū	53588	ai-ei,j-q-x	1
没缘	méi yuán	53589	uan-uang,ai-ei	1
门额	mén é	53593	en-eng	1
面斥	miàn chì	53595	ian-iang,c-ch	1
明补	míng bǔ	53597	in-ing	1
抹子	mǒ zi	53599	z-zh	1
奶罩	nǎi zhào	53601	ai-ei,ao-ou,z-zh,n-l	1
奶嘴	nǎi zuǐ	53602	ai-ei,z-zh,n-l	1
铙钹	náo bó	53604	ao-ou,n-l	2
内宾	nèi bīn	53606	in-ing,ai-ei,n-l	1
内痔	nèi zhì	53608	ai-ei,z-zh,n-l	3
浓阴	nóng yīn	53611	in-ing,n-l	1
驽钝	nú dùn	53612	n-l	3
沤肥	òu féi	53614	ai-ei,ao-ou,h-f	3
盘货	pán huò	53616	an-ang,ua-uo,h-f	1
炮膛	pào táng	53618	an-ang,ao-ou	1
陪祭	péi jì	53619	ai-ei,j-q-x	1
喷枪	pēn qiāng	53620	en-eng,ian-iang,j-q-x	1
皮垫	pí diàn	53623	ian-iang	1
皮筏	pí fá	53624	h-f	1
疲沓	pí ta	53625		3
劈叉	pǐ chà	53626	c-ch	1
偏科	piān kē	53627	ian-iang	1
凭依	píng yī	53628	in-ing	1
旗装	qí zhuāng	53630	uan-uang,z-zh,j-q-x	1
企慕	qǐ mù	53631	j-q-x	1
潜返	qián fǎn	53634	an-ang,ian-iang,h-f,j-q-x	1
侵越	qīn yuè	53637	in-ing,j-q-x	1
亲聆	qīn líng	53638	in-ing,n-l,r-l,j-q-x	1
倾动	qīng dòng	53640	in-ing,j-q-x	1
倾塌	qīng tā	53641	in-ing,j-q-x	1
清肺	qīng fèi	53642	in-ing,ai-ei,h-f,j-q-x	1
清涟	qīng lián	53643	in-ing,ian-iang,n-l,r-l,j-q-x	3
全勤	quán qín	53649	in-ing,uan-uang,j-q-x	1
然诺	rán nuò	53651	an-ang,ua-uo,n-l,r-l	1
肉鸽	ròu gē	53655	ao-ou,r-l	1
肉丸	ròu wán	53656	an-ang,ao-ou,r-l	1
如次	rú cì	53657	c-ch,r-l	1
入镜	rù jìng	53658	in-ing,r-l,j-q-x	1
箬笠	ruò lì	53659	ua-uo,n-l,r-l	2
散置	sǎn zhì	53660	an-ang,z-zh,s-sh	1
刹把	shā bǎ	53661	s-sh	1
山荒	shān huāng	53662	an-ang,uan-uang,s-sh,h-f	1
上蜡	shàng là	53663	an-ang,s-sh,n-l,r-l	1
少礼	shǎo lǐ	53666	ao-ou,s-sh,n-l,r-l	1
肾盂	shèn yú	53670	en-eng,s-sh	3
生词	shēng cí	53671	en-eng,c-ch,s-sh	1
时行	shí xíng	53675	in-ing,s-sh,j-q-x	1
使役	shǐ yì	53676	s-sh	1
试机	shì jī	53678	s-sh,j-q-x	1
收悉	shōu xī	53680	ao-ou,s-sh,j-q-x	1
书迷	shū mí	53681	s-sh	1
耍人	shuǎ rén	53683	en-eng,ua-uo,s-sh,r-l	1
涮洗	shuàn xǐ	53686	uan-uang,s-sh,j-q-x	1
睡裤	shuì kù	53688	s-sh	1
私学	sī xué	53691	s-sh,j-q-x	1
锁边	suǒ biān	53695	ian-iang,ua-uo,s-sh	1
踏看	tà kàn	53696	an-ang	1
胎毛	tāi máo	53697	ai-ei,ao-ou	1
胎衣	tāi yī	53698	ai-ei	1
台扇	tái shàn	53699	an-ang,ai-ei,s-sh	1
坍陷	tān xiàn	53702	an-ang,ian-iang,j-q-x	3
滩羊	tān yáng	53703	an-ang	1
糖包	táng bāo	53704	an-ang,ao-ou	1
桃酥	táo sū	53705	ao-ou,s-sh	1
陶文	táo wén	53706	en-eng,ao-ou	1
套绳	tào shéng	53707	en-eng,ao-ou,s-sh	1
提挈	tí qiè	53709	ia-ie,j-q-x	3
听装	tīng zhuāng	53711	in-ing,uan-uang,z-zh	1
停板	tíng bǎn	53712	in-ing,an-ang	1
铜绿	tóng lǜ	53714	n-l,r-l	1
童便	tóng biàn	53715	ian-iang	1
偷嘴	tōu zuǐ	53716	ao-ou,z-zh	1
吐穗	tǔ suì	53718	s-sh	1
退庭	tuì tíng	53719	in-ing	1
退团	tuì tuán	53720	uan-uang	1
吞灭	tūn miè	53721	ia-ie	1
吞蚀	tūn shí	53722	s-sh	1
屯聚	tún jù	53723	j-q-x	1
臀尖	tún jiān	53724	ian-iang,j-q-x	1
脱兔	tuō tù	53726	ua-uo	1
脱盐	tuō yán	53727	an-ang,ua-uo	1
外存	wài cún	53728	ai-ei,c-ch	1
外港	wài gǎng	53729	an-ang,ai-ei	1
妄断	wàng duàn	53731	an-ang,uan-uang	1
忘性	wàng xìng	53732	in-ing,an-ang,j-q-x	1
微火	wēi huǒ	53733	ai-ei,ua-uo,h-f	1
围击	wéi jī	53735	ai-ei,j-q-x	1
畏友	wèi yǒu	53736	ai-ei,ao-ou	1
做绝	zuò jué	53737	ua-uo,z-zh,j-q-x	1
武丑	wǔ chǒu	53744	ao-ou,c-ch	1
舞星	wǔ xīng	53745	in-ing,j-q-x	1
晤见	wù jiàn	53746	ian-iang,j-q-x	3
细挑	xì tiao	53748	j-q-x	1
瞎诌	xiā zhōu	53749	ao-ou,ia-ie,z-zh,j-q-x	3
辖制	xiá zhì	53750	ia-ie,z-zh,j-q-x	1
销势	xiāo shì	53754	s-sh,j-q-x	1
小疵	xiǎo cī	53755	c-ch,j-q-x	3
谐美	xié měi	53758	ai-ei,ia-ie,j-q-x	1
鞋刷	xié shuā	53759	ia-ie,ua-uo,s-sh,j-q-x	1
薪饷	xīn xiǎng	53762	in-ing,ian-iang,j-q-x	3
熬冬	áo dōng	53764	ao-ou	1
行时	xíng shí	53766	in-ing,s-sh,j-q-x	1
满地	mǎn dì	53768	an-ang	1
胸花	xiōng huā	53769	ua-uo,h-f,j-q-x	1
修盖	xiū gài	53771	ai-ei,j-q-x	1
朽烂	xiǔ làn	53772	an-ang,n-l,r-l,j-q-x	1
续稿	xù gǎo	53773	ao-ou,j-q-x	1
续假	xù jià	53774	ia-ie,j-q-x	1
玄青	xuán qīng	53775	in-ing,uan-uang,j-q-x	1
悬腕	xuán wàn	53776	an-ang,uan-uang,j-q-x	1
炫示	xuàn shì	53777	uan-uang,s-sh,j-q-x	1
雪暴	xuě bào	53778	ao-ou,j-q-x	1
局点	jú diǎn	53781	ian-iang,j-q-x	1
巡风	xún fēng	53782	en-eng,h-f,j-q-x	1
烟色	yān sè	53783	an-ang,s-sh	1
颜容	yán róng	53784	an-ang,r-l	1
檐口	yán kǒu	53785	an-ang,ao-ou	1
偷巧	tōu qiǎo	53786	ao-ou,j-q-x	1
扬场	yáng cháng	53787	an-ang,c-ch	1
要端	yào duān	53789	uan-uang,ao-ou	1
移用	yí yòng	53791		1
义项	yì xiàng	53792	ian-iang,j-q-x	1
异见	yì jiàn	53793	ian-iang,j-q-x	1
逸趣	yì qù	53794	j-q-x	1
阴干	yīn gān	53795	in-ing,an-ang	1
印玺	yìn xǐ	53797	in-ing,j-q-x	3
邮售	yóu shòu	53801	ao-ou,s-sh	1
油星	yóu xīng	53802	in-ing,ao-ou,j-q-x	1
娱悦	yú yuè	53804		1
雨景	yǔ jǐng	53805	in-ing,j-q-x	1
雨帽	yǔ mào	53806	ao-ou	1
郁热	yù rè	53807	r-l	1
御苑	yù yuàn	53808	uan-uang	1
帮冬	bāng dōng	53809	an-ang	1
原宥	yuán yòu	53810	uan-uang,ao-ou	3
远因	yuǎn yīn	53811	in-ing,uan-uang	1
云汉	yún hàn	53812	an-ang,h-f	1
韵调	yùn diào	53813		1
韵书	yùn shū	53814	s-sh	1
杂税	zá shuì	53815	z-zh,s-sh	1
枣糕	zǎo gāo	53816	ao-ou,z-zh	1
赠别	zèng bié	53818	en-eng,ia-ie,z-zh	1
诈唬	zhà hu	53819	z-zh,h-f	1
诈尸	zhà shī	53820	z-zh,s-sh	1
毡靴	zhān xuē	53821	an-ang,z-zh,j-q-x	1
站哨	zhàn shào	53822	an-ang,ao-ou,z-zh,s-sh	1
绽露	zhàn lù	53823	an-ang,z-zh,n-l,r-l	1
枕骨	zhěn gǔ	53825	en-eng,z-zh	1
阵式	zhèn shì	53826	en-eng,z-zh,s-sh	1
口惠	kǒu huì	53829	ao-ou,h-f	1
正凶	zhèng xiōng	53830	en-eng,z-zh,j-q-x	1
职大	zhí dà	53832	z-zh	1
鸷鸟	zhì niǎo	53833	z-zh,n-l	3
智擒	zhì qín	53834	in-ing,z-zh,j-q-x	1
珠兰	zhū lán	53835	an-ang,z-zh,n-l,r-l	1
猪窝	zhū wō	53836	z-zh	1
竹雕	zhú diāo	53837	z-zh	1
主责	zhǔ zé	53839	z-zh	1
专才	zhuān cái	53841	uan-uang,ai-ei,z-zh,c-ch	1
专差	zhuān chāi	53842	uan-uang,ai-ei,z-zh,c-ch	1
装裹	zhuāng guo	53843	uan-uang,ua-uo,z-zh	1
酌减	zhuó jiǎn	53844	ian-iang,ua-uo,z-zh,j-q-x	1
棕树	zōng shù	53846	z-zh,s-sh	1
走避	zǒu bì	53848	ao-ou,z-zh	1
走棋	zǒu qí	53849	ao-ou,z-zh,j-q-x	1
租种	zū zhòng	53850	z-zh	1
过数	guò shù	53851	ua-uo,s-sh	1
组雕	zǔ diāo	53852	z-zh	1
钻床	zuàn chuáng	53853	uan-uang,z-zh,c-ch	1
长销	cháng xiāo	53855	an-ang,c-ch,j-q-x	1
钻台	zuàn tái	53856	uan-uang,ai-ei,z-zh	1
嘴严	zuǐ yán	53857	an-ang,z-zh	1
暗补	àn bǔ	53861	an-ang	1
澳抗	ào kàng	53862	an-ang,ao-ou	1
拔锚	bá máo	53864	ao-ou	1
坝基	bà jī	53865	j-q-x	1
白矾	bái fán	53866	an-ang,ai-ei,h-f	1
白汤	bái tāng	53867	an-ang,ai-ei	1
摆件	bǎi jiàn	53868	ian-iang,ai-ei,j-q-x	1
败象	bài xiàng	53869	ian-iang,ai-ei,j-q-x	1
扳道	bān dào	53870	an-ang,ao-ou	1
扳子	bān zi	53871	an-ang,z-zh	1
办罪	bàn zuì	53872	an-ang,z-zh	1
爆仗	bào zhang	53876	an-ang,ao-ou,z-zh	1
碑身	bēi shēn	53877	en-eng,ai-ei,s-sh	1
贝雕	bèi diāo	53878	ai-ei	1
本籍	běn jí	53879	en-eng,j-q-x	1
崩落	bēng luò	53880	en-eng,ua-uo,n-l,r-l	1
进流	jìn liú	53881	in-ing,n-l,r-l,j-q-x	1
痹症	bì zhèng	53882	en-eng,z-zh	1
变例	biàn lì	53883	ian-iang,n-l,r-l	1
辨正	biàn zhèng	53884	en-eng,ian-iang,z-zh	1
别业	bié yè	53885	ia-ie	1
冰船	bīng chuán	53886	in-ing,uan-uang,c-ch	1
不才	bù cái	53888	ai-ei,c-ch	1
才赋	cái fù	53891	ai-ei,c-ch,h-f	1
财界	cái jiè	53892	ai-ei,ia-ie,c-ch,j-q-x	1
仓位	cāng wèi	53893	an-ang,ai-ei,c-ch	1
苍耳	cāng ěr	53894	an-ang,c-ch	1
草体	cǎo tǐ	53895	ao-ou,c-ch	1
侧根	cè gēn	53896	en-eng,c-ch	1
茶碱	chá jiǎn	53897	ian-iang,c-ch,j-q-x	1
碴口	chá kǒu	53898	ao-ou,c-ch	3
岔气	chà qì	53899	c-ch,j-q-x	1
差派	chāi pài	53900	ai-ei,c-ch	1
常性	cháng xìng	53902	in-ing,an-ang,c-ch,j-q-x	1
唱碟	chàng dié	53903	an-ang,ia-ie,c-ch	1
唱针	chàng zhēn	53904	en-eng,an-ang,z-zh,c-ch	1
车险	chē xiǎn	53905	ian-iang,c-ch,j-q-x	1
扯腿	chě tuǐ	53906	c-ch	1
陈货	chén huò	53907	en-eng,ua-uo,c-ch,h-f	1
蛏子	chēng zi	53908	en-eng,z-zh,c-ch	3
呈阅	chéng yuè	53909	en-eng,c-ch	1
承购	chéng gòu	53910	en-eng,ao-ou,c-ch	1
吃准	chī zhǔn	53911	z-zh,c-ch	1
痴恋	chī liàn	53912	ian-iang,c-ch,n-l,r-l	1
抽换	chōu huàn	53913	uan-uang,ao-ou,c-ch,h-f	1
愁怀	chóu huái	53914	ao-ou,c-ch,h-f	1
筹算	chóu suàn	53915	uan-uang,ao-ou,c-ch,s-sh	1
初潮	chū cháo	53916	ao-ou,c-ch	1
除垢	chú gòu	53917	ao-ou,c-ch	1
传代	chuán dài	53918	uan-uang,ai-ei,c-ch	1
窗扉	chuāng fēi	53919	uan-uang,ai-ei,c-ch,h-f	3
纯钢	chún gāng	53923	an-ang,c-ch	1
唇裂	chún liè	53924	ia-ie,c-ch,n-l,r-l	1
刺啦	cī lā	53925	c-ch,n-l,r-l	1
苁蓉	cōng róng	53927	c-ch,r-l	3
粗厚	cū hòu	53928	ao-ou,c-ch,h-f	1
崔巍	cuī wēi	53929	ai-ei,c-ch	1
催情	cuī qíng	53930	in-ing,c-ch,j-q-x	1
搓弄	cuō nòng	53931	ua-uo,c-ch,n-l	1
错动	cuò dòng	53932	ua-uo,c-ch	1
戴胜	dài shèng	53937	en-eng,ai-ei,s-sh	1
单摆	dān bǎi	53938	an-ang,ai-ei	1
刀豆	dāo dòu	53941	ao-ou	1
低质	dī zhì	53942	z-zh	1
堤堰	dī yàn	53943	an-ang	1
地漏	dì lòu	53944	ao-ou,n-l,r-l	1
电椅	diàn yǐ	53948	ian-iang	1
佃客	diàn kè	53949	ian-iang	1
刁顽	diāo wán	53950	an-ang	1
凋萎	diāo wěi	53951	ai-ei	3
吊球	diào qiú	53952	j-q-x	1
叠韵	dié yùn	53953	ia-ie	1
解严	jiě yán	53956	an-ang,ia-ie,j-q-x	1
豆酱	dòu jiàng	53957	ian-iang,ao-ou,j-q-x	1
笃厚	dǔ hòu	53958	ao-ou,h-f	3
赌本	dǔ běn	53959	en-eng	1
赌窝	dǔ wō	53960		1
端量	duān liang	53961	ian-iang,uan-uang,n-l,r-l	1
断种	duàn zhǒng	53962	uan-uang,z-zh	1
锻件	duàn jiàn	53963	ian-iang,uan-uang,j-q-x	1
舵工	duò gōng	53965	ua-uo	1
恶徒	è tú	53966		1
儿化	ér huà	53967	ua-uo,h-f	1
鸸鹋	ér miáo	53968		2
耳饰	ěr shì	53969	s-sh	1
发标	fā biāo	53970	h-f	1
发躁	fā zào	53972	ao-ou,z-zh,h-f	1
翻斗	fān dǒu	53973	an-ang,ao-ou,h-f	1
凡例	fán lì	53974	an-ang,n-l,h-f,r-l	1
返迁	fǎn qiān	53976	an-ang,ian-iang,h-f,j-q-x	1
放情	fàng qíng	53981	in-ing,an-ang,h-f,j-q-x	1
粉团	fěn tuán	53984	en-eng,uan-uang,h-f	1
风磨	fēng mò	53985	en-eng,h-f	1
风墙	fēng qiáng	53986	en-eng,ian-iang,h-f,j-q-x	1
复市	fù shì	53988	s-sh,h-f	1
复视	fù shì	53989	s-sh,h-f	1
覆被	fù bèi	53991	ai-ei,h-f	1
干薪	gān xīn	53993	in-ing,an-ang,j-q-x	1
缸瓦	gāng wǎ	53995	an-ang	1
割治	gē zhì	53996	z-zh	1
汞柱	gǒng zhù	53999	z-zh	1
骨膜	gǔ mó	54000		1
关饷	guān xiǎng	54001	ian-iang,uan-uang,j-q-x	3
轨枕	guǐ zhěn	54002	en-eng,z-zh	1
聒耳	guō ěr	54003	ua-uo	3
汉显	hàn xiǎn	54006	an-ang,ian-iang,h-f,j-q-x	1
夯歌	hāng gē	54007	an-ang,h-f	1
夯土	hāng tǔ	54008	an-ang,h-f	1
蚝油	háo yóu	54009	ao-ou,h-f	3
壕堑	háo qiàn	54010	ian-iang,ao-ou,h-f,j-q-x	2
合闸	hé zhá	54012	z-zh,h-f	1
黑管	hēi guǎn	54014	uan-uang,ai-ei,h-f	1
红麻	hóng má	54015	h-f	1
红区	hóng qū	54016	h-f,j-q-x	1
后步	hòu bù	54018	ao-ou,h-f	1
湖蓝	hú lán	54020	an-ang,n-l,h-f,r-l	1
湖泽	hú zé	54021	z-zh,h-f	1
花盘	huā pán	54022	an-ang,ua-uo,h-f	1
荒瘠	huāng jí	54023	uan-uang,h-f,j-q-x	3
回翔	huí xiáng	54026	ian-iang,h-f,j-q-x	1
回涨	huí zhǎng	54028	an-ang,z-zh,h-f	1
汇拢	huì lǒng	54029	n-l,h-f,r-l	1
秽闻	huì wén	54030	en-eng,h-f	1
秽行	huì xíng	54031	in-ing,h-f,j-q-x	1
鸡奸	jī jiān	54033	ian-iang,j-q-x	1
基价	jī jià	54035	ia-ie,j-q-x	1
缉查	jī chá	54036	c-ch,j-q-x	1
稽留	jī liú	54037	n-l,r-l,j-q-x	1
忌食	jì shí	54039	s-sh,j-q-x	1
蛱蝶	jiá dié	54040	ia-ie,j-q-x	3
拣择	jiǎn zé	54041	ian-iang,z-zh,j-q-x	1
简编	jiǎn biān	54042	ian-iang,j-q-x	1
简表	jiǎn biǎo	54043	ian-iang,j-q-x	1
简图	jiǎn tú	54044	ian-iang,j-q-x	1
间壁	jiàn bì	54045	ian-iang,j-q-x	1
降尘	jiàng chén	54046	en-eng,ian-iang,c-ch,j-q-x	1
骄慢	jiāo màn	54047	an-ang,j-q-x	1
骄纵	jiāo zòng	54048	z-zh,j-q-x	1
焦煳	jiāo hú	54049	h-f,j-q-x	3
焦枯	jiāo kū	54050	j-q-x	1
铰链	jiǎo liàn	54052	ian-iang,n-l,r-l,j-q-x	3
缴租	jiǎo zū	54053	z-zh,j-q-x	1
教旨	jiào zhǐ	54054	z-zh,j-q-x	1
解套	jiě tào	54055	ao-ou,ia-ie,j-q-x	1
金饰	jīn shì	54056	in-ing,s-sh,j-q-x	1
紧忙	jǐn máng	54057	in-ing,an-ang,j-q-x	1
特藏	tè cáng	54058	an-ang,c-ch	1
紧实	jǐn shí	54059	in-ing,s-sh,j-q-x	1
紧着	jǐn zhe	54060	in-ing,z-zh,j-q-x	1
荆榛	jīng zhēn	54061	en-eng,in-ing,z-zh,j-q-x	3
未几	wèi jǐ	54062	ai-ei,j-q-x	1
景深	jǐng shēn	54063	en-eng,in-ing,s-sh,j-q-x	1
劲歌	jìng gē	54064	in-ing,j-q-x	1
竟日	jìng rì	54065	in-ing,r-l,j-q-x	1
敬赠	jìng zèng	54066	en-eng,in-ing,z-zh,j-q-x	1
旧人	jiù rén	54068	en-eng,r-l,j-q-x	1
救场	jiù chǎng	54069	an-ang,c-ch,j-q-x	1
举事	jǔ shì	54070	s-sh,j-q-x	1
绝代	jué dài	54071	ai-ei,j-q-x	1
绝命	jué mìng	54072	in-ing,j-q-x	1
军列	jūn liè	54073	ia-ie,n-l,r-l,j-q-x	1
军史	jūn shǐ	54074	s-sh,j-q-x	1
门店	mén diàn	54075	en-eng,ian-iang	1
峻拔	jùn bá	54076	j-q-x	1
开罪	kāi zuì	54077	ai-ei,z-zh	1
揩拭	kāi shì	54078	ai-ei,s-sh	1
空际	kōng jì	54080	j-q-x	1
窥看	kuī kàn	54082	an-ang	1
烂醉	làn zuì	54083	an-ang,z-zh,n-l,r-l	1
累次	lěi cì	54084	ai-ei,c-ch,n-l,r-l	1
理家	lǐ jiā	54085	ia-ie,n-l,r-l,j-q-x	1
利权	lì quán	54086	uan-uang,n-l,r-l,j-q-x	1
粮区	liáng qū	54087	ian-iang,n-l,r-l,j-q-x	1
列位	liè wèi	54089	ai-ei,ia-ie,n-l,r-l	1
零担	líng dàn	54090	in-ing,an-ang,n-l,r-l	1
领花	lǐng huā	54091	in-ing,ua-uo,n-l,h-f,r-l	1
领水	lǐng shuǐ	54092	in-ing,s-sh,n-l,r-l	1
流盼	liú pàn	54094	an-ang,n-l,r-l	1
满仓	mǎn cāng	54095	an-ang,c-ch	1
流食	liú shí	54097	s-sh,n-l,r-l	1
碌碡	liù zhou	54098	ao-ou,z-zh,n-l,r-l	3
拢共	lǒng gòng	54099	n-l,r-l	1
露富	lòu fù	54100	ao-ou,n-l,h-f,r-l	1
略图	lüè tú	54102	n-l,r-l	1
瘰疬	luǒ lì	54103	ua-uo,n-l,r-l	2
毛蓝	máo lán	54105	an-ang,ao-ou,n-l,r-l	1
锚泊	máo bó	54106	ao-ou	1
锚固	máo gù	54107	ao-ou	1
门斗	mén dǒu	54108	en-eng,ao-ou	1
蒙哄	méng hǒng	54109	en-eng,h-f	1
盟书	méng shū	54110	en-eng,s-sh	1
猛男	měng nán	54111	en-eng,an-ang,n-l	1
米糕	mǐ gāo	54112	ao-ou	1
秘宝	mì bǎo	54113	ao-ou	1
面软	miàn ruǎn	54114	ian-iang,uan-uang,r-l	1
邈远	miǎo yuǎn	54115	uan-uang	3
摸奖	mō jiǎng	54117	ian-iang,j-q-x	1
墨晶	mò jīng	54120	in-ing,j-q-x	1
墨渍	mò zì	54121	z-zh	3
牧主	mù zhǔ	54122	z-zh	1
闹灾	nào zāi	54123	ai-ei,ao-ou,z-zh,n-l	1
黏度	nián dù	54127	ian-iang,n-l	3
黏着	nián zhuó	54128	ian-iang,ua-uo,z-zh,n-l	3
镍币	niè bì	54129	ia-ie,n-l	3
挪借	nuó jiè	54132	ia-ie,ua-uo,n-l,j-q-x	1
糯稻	nuò dào	54133	ao-ou,ua-uo,n-l	1
攀扯	pān chě	54134	an-ang,c-ch	1
捧杀	pěng shā	54135	en-eng,s-sh	1
品第	pǐn dì	54137	in-ing	1
普快	pǔ kuài	54138		1
气根	qì gēn	54140	en-eng,j-q-x	1
契据	qì jù	54141	j-q-x	1
峭立	qiào lì	54143	n-l,r-l,j-q-x	1
青冢	qīng zhǒng	54144	in-ing,z-zh,j-q-x	3
清馨	qīng xīn	54146	in-ing,j-q-x	1
秋游	qiū yóu	54147	ao-ou,j-q-x	1
缺门	quē mén	54152	en-eng,j-q-x	1
溶蚀	róng shí	54155	s-sh,r-l	1
锐眼	ruì yǎn	54159	an-ang,r-l	1
塞牙	sāi yá	54161	ai-ei,s-sh	1
沙碛	shā qì	54164	s-sh,j-q-x	3
扇坠	shàn zhuì	54166	an-ang,z-zh,s-sh	1
烧心	shāo xīn	54167	in-ing,ao-ou,s-sh,j-q-x	1
蛇蜕	shé tuì	54169	s-sh	1
绳墨	shéng mò	54172	en-eng,s-sh	1
失墒	shī shāng	54173	an-ang,s-sh	3
失贞	shī zhēn	54174	en-eng,z-zh,s-sh	1
石笔	shí bǐ	54175	s-sh	1
市制	shì zhì	54176	z-zh,s-sh	1
试场	shì chǎng	54177	an-ang,c-ch,s-sh	1
柿霜	shì shuāng	54178	uan-uang,s-sh	1
熟土	shú tǔ	54180	s-sh	1
暑伏	shǔ fú	54181	s-sh,h-f	1
数词	shù cí	54182	c-ch,s-sh	1
双响	shuāng xiǎng	54184	ian-iang,uan-uang,s-sh,j-q-x	1
税案	shuì àn	54186	an-ang,s-sh	1
顺意	shùn yì	54187	s-sh	1
司库	sī kù	54188	s-sh	1
司药	sī yào	54189	ao-ou,s-sh	1
官媒	guān méi	54190	uan-uang,ai-ei	1
松烟	sōng yān	54193	an-ang,s-sh	1
素愿	sù yuàn	54194	uan-uang,s-sh	1
胎发	tāi fà	54196	ai-ei,h-f	1
台鉴	tái jiàn	54197	ian-iang,ai-ei,j-q-x	1
碳黑	tàn hēi	54200	an-ang,ai-ei,h-f	1
填方	tián fāng	54202	an-ang,ian-iang,h-f	1
通览	tōng lǎn	54207	an-ang,n-l,r-l	1
偷营	tōu yíng	54209	in-ing,ao-ou	1
土名	tǔ míng	54211	in-ing	1
兔唇	tù chún	54213	c-ch	1
团籍	tuán jí	54214	uan-uang,j-q-x	1
颓靡	tuí mǐ	54216		1
拖堂	tuō táng	54217	an-ang,ua-uo	1
脱胶	tuō jiāo	54218	ua-uo,j-q-x	1
脱漏	tuō lòu	54219	ao-ou,ua-uo,n-l,r-l	1
脱卸	tuō xiè	54220	ia-ie,ua-uo,j-q-x	1
袜筒	wà tǒng	54221		1
弯度	wān dù	54222	an-ang	1
弯头	wān tóu	54223	an-ang,ao-ou	1
丸剂	wán jì	54224	an-ang,j-q-x	1
婉顺	wǎn shùn	54226	an-ang,s-sh	1
委培	wěi péi	54228	ai-ei	1
温课	wēn kè	54229	en-eng	1
文契	wén qì	54230	en-eng,j-q-x	1
文胸	wén xiōng	54231	en-eng,j-q-x	1
窝工	wō gōng	54232		1
诬指	wū zhǐ	54233	z-zh	1
芜菁	wú jīng	54235	in-ing,j-q-x	3
舞迷	wǔ mí	54237		1
析疑	xī yí	54241	j-q-x	1
下聘	xià pìn	54244	in-ing,ia-ie,j-q-x	1
衔冤	xián yuān	54245	ian-iang,uan-uang,j-q-x	1
香橙	xiāng chéng	54248	en-eng,ian-iang,c-ch,j-q-x	1
香肚	xiāng dǔ	54249	ian-iang,j-q-x	1
湘菜	xiāng cài	54250	ian-iang,ai-ei,c-ch,j-q-x	1
消歇	xiāo xiē	54252	ia-ie,j-q-x	1
小别	xiǎo bié	54254	ia-ie,j-q-x	1
写家	xiě jiā	54256	ia-ie,j-q-x	1
信筒	xìn tǒng	54259	in-ing,j-q-x	1
醒木	xǐng mù	54261	in-ing,j-q-x	1
凶耗	xiōng hào	54262	ao-ou,h-f,j-q-x	1
凶宅	xiōng zhái	54263	ai-ei,z-zh,j-q-x	1
雄视	xióng shì	54265	s-sh,j-q-x	1
休怪	xiū guài	54266	j-q-x	1
秀挺	xiù tǐng	54267	in-ing,j-q-x	1
削肩	xuē jiān	54271	ian-iang,j-q-x	1
穴播	xué bō	54272	j-q-x	1
压车	yā chē	54274	c-ch	1
妍丽	yán lì	54276	an-ang,n-l,r-l	3
盐滩	yán tān	54277	an-ang	1
演期	yǎn qī	54278	an-ang,j-q-x	1
唁函	yàn hán	54279	an-ang,h-f	1
养眼	yǎng yǎn	54281	an-ang	1
妖风	yāo fēng	54282	en-eng,ao-ou,h-f	1
咬舌	yǎo shé	54285	ao-ou,s-sh	1
异日	yì rì	54290	r-l	1
薏米	yì mǐ	54291		3
殷富	yīn fù	54292	in-ing,h-f	1
撞脸	zhuàng liǎn	54293	ian-iang,uan-uang,z-zh,n-l,r-l	1
淫亵	yín xiè	54294	in-ing,ia-ie,j-q-x	3
荫翳	yīn yì	54295	in-ing	3
英年	yīng nián	54296	in-ing,ian-iang,n-l	1
痈疽	yōng jū	54297	j-q-x	2
幽婉	yōu wǎn	54298	an-ang,ao-ou	1
余风	yú fēng	54299	en-eng,h-f	1
羽纱	yǔ shā	54301	s-sh	1
驭手	yù shǒu	54302	ao-ou,s-sh	3
圆钢	yuán gāng	54304	an-ang,uan-uang	1
云崖	yún yá	54305		1
臧否	zāng pǐ	54306	an-ang,z-zh	3
藏袍	cáng páo	54307	an-ang,ao-ou,c-ch	1
早搏	zǎo bó	54308	ao-ou,z-zh	1
早造	zǎo zào	54309	ao-ou,z-zh	1
藻饰	zǎo shì	54310	ao-ou,z-zh,s-sh	1
择友	zé yǒu	54311	ao-ou,z-zh	1
谵妄	zhān wàng	54313	an-ang,z-zh	3
招眼	zhāo yǎn	54315	an-ang,ao-ou,z-zh	1
找平	zhǎo píng	54317	in-ing,ao-ou,z-zh	1
争嘴	zhēng zuǐ	54321	en-eng,z-zh	1
征引	zhēng yǐn	54322	en-eng,in-ing,z-zh	1
旨要	zhǐ yào	54324	ao-ou,z-zh	1
竹箱	zhú xiāng	54328	ian-iang,z-zh,j-q-x	1
抓差	zhuā chāi	54331	ai-ei,ua-uo,z-zh,c-ch	1
撞骗	zhuàng piàn	54332	ian-iang,uan-uang,z-zh	1
撞针	zhuàng zhēn	54333	en-eng,uan-uang,z-zh	1
追缉	zhuī jī	54334	z-zh,j-q-x	1
濯濯	zhuó zhuó	54335	ua-uo,z-zh	2
滋蔓	zī màn	54336	an-ang,z-zh	1
子囊	zǐ náng	54337	an-ang,z-zh,n-l	1
自咎	zì jiù	54338	z-zh,j-q-x	3
自况	zì kuàng	54339	uan-uang,z-zh	1
足金	zú jīn	54342	in-ing,z-zh,j-q-x	1
嘴碎	zuǐ suì	54344	z-zh,s-sh	1
尊驾	zūn jià	54345	ia-ie,z-zh,j-q-x	1
作脸	zuò liǎn	54346	ian-iang,ua-uo,z-zh,n-l,r-l	1
笆斗	bā dǒu	54349	ao-ou	3
罢教	bà jiào	54350	j-q-x	1
白案	bái àn	54351	an-ang,ai-ei	1
白道	bái dào	54352	ai-ei,ao-ou	1
帮补	bāng bǔ	54354	an-ang	1
宝号	bǎo hào	54356	ao-ou,h-f	1
报失	bào shī	54357	ao-ou,s-sh	1
报站	bào zhàn	54358	an-ang,ao-ou,z-zh	1
背筐	bēi kuāng	54359	uan-uang,ai-ei	1
悲思	bēi sī	54360	ai-ei,s-sh	1
碑额	bēi é	54361	ai-ei	1
备悉	bèi xī	54362	ai-ei,j-q-x	1
绷脸	běng liǎn	54364	en-eng,ian-iang,n-l,r-l	1
迸飞	bèng fēi	54365	en-eng,ai-ei,h-f	3
笔套	bǐ tào	54366	ao-ou	1
笔形	bǐ xíng	54367	in-ing,j-q-x	1
辩诉	biàn sù	54370	ian-iang,s-sh	1
表针	biǎo zhēn	54371	en-eng,z-zh	1
裱褙	biǎo bèi	54372	ai-ei	2
冰床	bīng chuáng	54373	in-ing,uan-uang,c-ch	1
驳岸	bó àn	54374	an-ang	1
擘划	bò huà	54376	ua-uo,h-f	3
簿籍	bù jí	54382	j-q-x	1
彩饰	cǎi shì	54383	ai-ei,c-ch,s-sh	1
菜店	cài diàn	54384	ian-iang,ai-ei,c-ch	1
残卷	cán juàn	54386	an-ang,uan-uang,c-ch,j-q-x	1
苍哑	cāng yǎ	54387	an-ang,c-ch	1
查铺	chá pù	54389	c-ch	1
拆零	chāi líng	54390	in-ing,ai-ei,c-ch,n-l,r-l	1
拆卖	chāi mài	54391	ai-ei,c-ch	1
馋鬼	chán guǐ	54392	an-ang,c-ch	1
长法	cháng fǎ	54393	an-ang,c-ch,h-f	1
常套	cháng tào	54394	an-ang,ao-ou,c-ch	1
超假	chāo jià	54395	ao-ou,ia-ie,c-ch,j-q-x	1
车闸	chē zhá	54397	z-zh,c-ch	1
嗔怨	chēn yuàn	54398	en-eng,uan-uang,c-ch	3
晨霜	chén shuāng	54399	en-eng,uan-uang,c-ch,s-sh	1
承允	chéng yǔn	54401	en-eng,c-ch	1
臭椿	chòu chūn	54407	ao-ou,c-ch	1
出徒	chū tú	54410	c-ch	1
出位	chū wèi	54411	ai-ei,c-ch	1
出掌	chū zhǎng	54412	an-ang,z-zh,c-ch	1
厨工	chú gōng	54413	c-ch	1
畜圈	chù juàn	54414	uan-uang,c-ch,j-q-x	1
传粉	chuán fěn	54416	en-eng,uan-uang,c-ch,h-f	1
传技	chuán jì	54417	uan-uang,c-ch,j-q-x	1
戳儿	chuō er	54420	ua-uo,c-ch	1
磁暴	cí bào	54421	ao-ou,c-ch	1
次货	cì huò	54422	ua-uo,c-ch,h-f	1
枞树	cōng shù	54423	c-ch,s-sh	3
簇生	cù shēng	54424	en-eng,c-ch,s-sh	1
攒聚	cuán jù	54425	uan-uang,c-ch,j-q-x	3
存案	cún àn	54426	an-ang,c-ch	1
搭肩	dā jiān	54428	ian-iang,j-q-x	1
答数	dá shù	54429	s-sh	1
打样	dǎ yàng	54431	an-ang	1
大月	dà yuè	54434		1
但书	dàn shū	54435	an-ang,s-sh	1
蛋品	dàn pǐn	54436	in-ing,an-ang	1
蛋青	dàn qīng	54437	in-ing,an-ang,j-q-x	1
当子	dāng zi	54439	an-ang,z-zh	1
导板	dǎo bǎn	54440	an-ang,ao-ou	1
倒彩	dào cǎi	54441	ai-ei,ao-ou,c-ch	1
得脸	dé liǎn	54443	ian-iang,n-l,r-l	1
迪吧	dí bā	54444		1
笛膜	dí mó	54445		1
地政	dì zhèng	54447	en-eng,z-zh	1
颠茄	diān qié	54448	ian-iang,ia-ie,j-q-x	1
点卯	diǎn mǎo	54449	ian-iang,ao-ou	1
吊楼	diào lóu	54456	ao-ou,n-l,r-l	1
吊线	diào xiàn	54457	ian-iang,j-q-x	1
调干	diào gàn	54458	an-ang	1
调函	diào hán	54459	an-ang,h-f	1
调休	tiáo xiū	54460	j-q-x	1
兜销	dōu xiāo	54463	ao-ou,j-q-x	1
陡立	dǒu lì	54464	ao-ou,n-l,r-l	1
舵轮	duò lún	54467	ua-uo,n-l,r-l	1
厄难	è nàn	54468	an-ang,n-l	3
耳子	ěr zi	54469	z-zh	1
发凡	fā fán	54471	an-ang,h-f	1
发市	fā shì	54473	s-sh,h-f	1
发露	fà lù	54475	n-l,h-f,r-l	1
犯戒	fàn jiè	54476	an-ang,ia-ie,h-f,j-q-x	1
方领	fāng lǐng	54477	in-ing,an-ang,n-l,h-f,r-l	1
仿建	fǎng jiàn	54479	an-ang,ian-iang,h-f,j-q-x	1
飞洒	fēi sǎ	54480	ai-ei,s-sh,h-f	1
肥肠	féi cháng	54481	an-ang,ai-ei,c-ch,h-f	1
肥腻	féi nì	54482	ai-ei,n-l,h-f	1
风镐	fēng gǎo	54484	en-eng,ao-ou,h-f	1
风派	fēng pài	54485	en-eng,ai-ei,h-f	1
蜂蜡	fēng là	54486	en-eng,n-l,h-f,r-l	1
缝穷	féng qióng	54487	en-eng,h-f,j-q-x	1
讽诵	fěng sòng	54488	en-eng,s-sh,h-f	1
芙蕖	fú qú	54489	h-f,j-q-x	3
辐条	fú tiáo	54490	h-f	1
福运	fú yùn	54491	h-f	1
改辙	gǎi zhé	54493	ai-ei,z-zh	1
干股	gān gǔ	54494	an-ang	1
甘洌	gān liè	54495	an-ang,ia-ie,n-l,r-l	3
钢锯	gāng jù	54498	an-ang,j-q-x	1
钢钻	gāng zuàn	54499	an-ang,uan-uang,z-zh	1
高胡	gāo hú	54500	ao-ou,h-f	1
膏剂	gāo jì	54502	ao-ou,j-q-x	1
稿源	gǎo yuán	54503	uan-uang,ao-ou	1
耕畜	gēng chù	54504	en-eng,c-ch	1
公了	gōng liǎo	54506	n-l,r-l	1
姑舅	gū jiù	54510	j-q-x	1
骨感	gǔ gǎn	54512	an-ang	1
鼓舌	gǔ shé	54514	s-sh	1
诡奇	guǐ qí	54517	j-q-x	1
贵恙	guì yàng	54519	an-ang	3
海狸	hǎi lí	54520	ai-ei,n-l,h-f,r-l	1
酣梦	hān mèng	54521	en-eng,an-ang,h-f	1
毫末	háo mò	54524	ao-ou,h-f	1
浩茫	hào máng	54526	an-ang,ao-ou,h-f	1
横披	héng pī	54530	en-eng,h-f	1
呼扇	hū shan	54531	an-ang,s-sh,h-f	1
换购	huàn gòu	54533	uan-uang,ao-ou,h-f	1
荒古	huāng gǔ	54534	uan-uang,h-f	1
荟集	huì jí	54535	h-f,j-q-x	3
彗尾	huì wěi	54536	ai-ei,h-f	3
荤油	hūn yóu	54537	ao-ou,h-f	1
活似	huó sì	54538	ua-uo,s-sh,h-f	1
积食	jī shí	54542	s-sh,j-q-x	1
亟亟	jí jí	54544	j-q-x	2
棘刺	jí cì	54545	c-ch,j-q-x	1
集刊	jí kān	54546	an-ang,j-q-x	1
几曾	jǐ céng	54547	en-eng,c-ch,j-q-x	1
忌口	jì kǒu	54548	ao-ou,j-q-x	1
简本	jiǎn běn	54551	en-eng,ian-iang,j-q-x	1
贱价	jiàn jià	54554	ian-iang,ia-ie,j-q-x	1
酱瓜	jiàng guā	54555	ian-iang,ua-uo,j-q-x	1
胶版	jiāo bǎn	54556	an-ang,j-q-x	1
叫阵	jiào zhèn	54557	en-eng,z-zh,j-q-x	1
校点	jiào diǎn	54558	ian-iang,j-q-x	1
校注	jiào zhù	54559	z-zh,j-q-x	1
接车	jiē chē	54560	ia-ie,c-ch,j-q-x	1
接防	jiē fáng	54561	an-ang,ia-ie,h-f,j-q-x	1
结义	jié yì	54562	ia-ie,j-q-x	1
解暑	jiě shǔ	54564	ia-ie,s-sh,j-q-x	1
经穴	jīng xué	54567	in-ing,j-q-x	1
惊风	jīng fēng	54568	en-eng,in-ing,h-f,j-q-x	1
敬服	jìng fú	54569	in-ing,h-f,j-q-x	1
厩肥	jiù féi	54570	ai-ei,h-f,j-q-x	3
拘传	jū chuán	54571	uan-uang,c-ch,j-q-x	1
卷逃	juǎn táo	54573	uan-uang,ao-ou,j-q-x	1
开金	kāi jīn	54574	in-ing,ai-ei,j-q-x	1
开斋	kāi zhāi	54577	ai-ei,z-zh	1
堪当	kān dāng	54579	an-ang	1
抗热	kàng rè	54580	an-ang,r-l	1
缂丝	kè sī	54582	s-sh	3
口彩	kǒu cǎi	54584	ai-ei,ao-ou,c-ch	1
块茎	kuài jīng	54585	in-ing,j-q-x	1
宽幅	kuān fú	54586	uan-uang,h-f	1
矿源	kuàng yuán	54587	uan-uang	1
盔头	kuī tou	54588	ao-ou	1
葵扇	kuí shàn	54589	an-ang,s-sh	1
腊八	là bā	54591	n-l,r-l	1
揽货	lǎn huò	54592	an-ang,ua-uo,n-l,h-f,r-l	1
老派	lǎo pài	54594	ai-ei,ao-ou,n-l,r-l	1
累犯	lěi fàn	54596	an-ang,ai-ei,n-l,h-f,r-l	1
理屈	lǐ qū	54597	n-l,r-l,j-q-x	1
厉色	lì sè	54598	s-sh,n-l,r-l	1
呖呖	lì lì	54599	n-l,r-l	2
利导	lì dǎo	54600	ao-ou,n-l,r-l	1
檩子	lǐn zi	54604	in-ing,z-zh,n-l,r-l	3
灵异	líng yì	54605	in-ing,n-l,r-l	1
柳体	liǔ tǐ	54607	n-l,r-l	1
六书	liù shū	54608	s-sh,n-l,r-l	1
漏光	lòu guāng	54609	uan-uang,ao-ou,n-l,r-l	1
漏勺	lòu sháo	54610	ao-ou,s-sh,n-l,r-l	1
鲁钝	lǔ dùn	54611	n-l,r-l	1
螺母	luó mǔ	54613	ua-uo,n-l,r-l	1
裸眼	luǒ yǎn	54614	an-ang,ua-uo,n-l,r-l	1
麻刀	má dao	54616	ao-ou	1
脉案	mài àn	54620	an-ang,ai-ei	1
瞒产	mán chǎn	54621	an-ang,c-ch	1
慢火	màn huǒ	54622	an-ang,ua-uo,h-f	1
毛片	máo piàn	54624	ian-iang,ao-ou	1
迷眩	mí xuàn	54626	uan-uang,j-q-x	3
免验	miǎn yàn	54628	an-ang,ian-iang	1
娩出	miǎn chū	54629	ian-iang,c-ch	3
面门	miàn mén	54630	en-eng,ian-iang	1
冥钞	míng chāo	54631	in-ing,ao-ou,c-ch	1
冥器	míng qì	54632	in-ing,j-q-x	1
墨斗	mò dǒu	54633	ao-ou	1
默片	mò piàn	54634	ian-iang	1
奶酒	nǎi jiǔ	54635	ai-ei,n-l,j-q-x	1
拟态	nǐ tài	54637	ai-ei,n-l	1
疟蚊	nüè wén	54640	en-eng,n-l	1
排笔	pái bǐ	54641	ai-ei	1
朋辈	péng bèi	54643	en-eng,ai-ei	1
蚍蜉	pí fú	54644	h-f	2
僻巷	pì xiàng	54645	ian-iang,j-q-x	1
片约	piàn yuē	54646	ian-iang	1
贫矿	pín kuàng	54647	in-ing,uan-uang	1
牝牡	pìn mǔ	54649	in-ing	3
平列	píng liè	54650	in-ing,ia-ie,n-l,r-l	1
平纹	píng wén	54651	en-eng,in-ing	1
坡跟	pō gēn	54652	en-eng	1
畦田	qí tián	54654	ian-iang,j-q-x	3
裸捐	luǒ juān	54655	uan-uang,ua-uo,n-l,r-l,j-q-x	1
起岸	qǐ àn	54656	an-ang,j-q-x	1
津要	jīn yào	54657	in-ing,ao-ou,j-q-x	1
气胸	qì xiōng	54658	j-q-x	1
欠伸	qiàn shēn	54661	en-eng,ian-iang,s-sh,j-q-x	1
镪水	qiāng shuǐ	54662	ian-iang,s-sh,j-q-x	3
翘盼	qiáo pàn	54663	an-ang,j-q-x	1
撬杠	qiào gàng	54664	an-ang,j-q-x	1
青茶	qīng chá	54665	in-ing,c-ch,j-q-x	1
罄尽	qìng jìn	54669	in-ing,j-q-x	3
穷乏	qióng fá	54670	h-f,j-q-x	1
秋裤	qiū kù	54671	j-q-x	1
曲笔	qū bǐ	54672	j-q-x	1
屈心	qū xīn	54673	in-ing,j-q-x	1
取齐	qǔ qí	54674	j-q-x	1
燃爆	rán bào	54675	an-ang,ao-ou,r-l	1
熔断	róng duàn	54677	uan-uang,r-l	1
乳齿	rǔ chǐ	54679	c-ch,r-l	1
辱命	rǔ mìng	54680	in-ing,r-l	1
软片	ruǎn piàn	54682	ian-iang,uan-uang,r-l	1
山险	shān xiǎn	54686	an-ang,ian-iang,s-sh,j-q-x	1
山魈	shān xiāo	54687	an-ang,s-sh,j-q-x	3
少相	shào xiang	54688	ian-iang,ao-ou,s-sh,j-q-x	1
蛇足	shé zú	54689	z-zh,s-sh	1
申时	shēn shí	54690	en-eng,s-sh	1
审看	shěn kàn	54691	en-eng,an-ang,s-sh	1
生俘	shēng fú	54692	en-eng,s-sh,h-f	1
绳梯	shéng tī	54693	en-eng,s-sh	1
失群	shī qún	54694	s-sh,j-q-x	1
失收	shī shōu	54695	ao-ou,s-sh	1
石坊	shí fāng	54697	an-ang,s-sh,h-f	1
试工	shì gōng	54698	s-sh	1
视唱	shì chàng	54699	an-ang,c-ch,s-sh	1
手技	shǒu jì	54700	ao-ou,s-sh,j-q-x	1
手炉	shǒu lú	54701	ao-ou,s-sh,n-l,r-l	1
兽环	shòu huán	54704	uan-uang,ao-ou,s-sh,h-f	1
瘦瘠	shòu jí	54705	ao-ou,s-sh,j-q-x	3
叔婆	shū pó	54706	s-sh	1
水貂	shuǐ diāo	54708	s-sh	3
水牢	shuǐ láo	54709	ao-ou,s-sh,n-l,r-l	1
水松	shuǐ sōng	54710	s-sh	1
水锈	shuǐ xiù	54711	s-sh,j-q-x	1
睡容	shuì róng	54712	s-sh,r-l	1
思春	sī chūn	54713	c-ch,s-sh	1
死性	sǐ xing	54714	in-ing,s-sh,j-q-x	1
宿仇	sù chóu	54716	ao-ou,c-ch,s-sh	1
榫头	sǔn tou	54719	ao-ou,s-sh	3
缩印	suō yìn	54721	in-ing,ua-uo,s-sh	1
炭画	tàn huà	54723	an-ang,ua-uo,h-f	1
糖蒜	táng suàn	54725	an-ang,uan-uang,s-sh	1
套票	tào piào	54726	ao-ou	1
套衫	tào shān	54727	an-ang,ao-ou,s-sh	1
藤箱	téng xiāng	54729	en-eng,ian-iang,j-q-x	1
蹄筋	tí jīn	54730	in-ing,j-q-x	1
贴边	tiē biān	54733	ian-iang,ia-ie	1
铁纱	tiě shā	54734	ia-ie,s-sh	1
通分	tōng fēn	54735	en-eng,h-f	1
统招	tǒng zhāo	54737	ao-ou,z-zh	1
透漏	tòu lòu	54740	ao-ou,n-l,r-l	1
凸轮	tū lún	54741	n-l,r-l	1
图例	tú lì	54742	n-l,r-l	1
土温	tǔ wēn	54744	en-eng	1
土药	tǔ yào	54745	ao-ou	1
脱坯	tuō pī	54746	ua-uo	1
驼毛	tuó máo	54748	ao-ou,ua-uo	1
网迷	wǎng mí	54752	an-ang	1
蕹菜	wèng cài	54756	en-eng,ai-ei,c-ch	5
物候	wù hòu	54758	ao-ou,h-f	1
物态	wù tài	54759	ai-ei	1
夕烟	xī yān	54760	an-ang,j-q-x	1
戏单	xì dān	54762	an-ang,j-q-x	1
虾酱	xiā jiàng	54765	ian-iang,ia-ie,j-q-x	1
下劲	xià jìn	54766	in-ing,ia-ie,j-q-x	1
限界	xiàn jiè	54769	ian-iang,ia-ie,j-q-x	1
献旗	xiàn qí	54770	ian-iang,j-q-x	1
湘剧	xiāng jù	54771	ian-iang,j-q-x	1
响锣	xiǎng luó	54773	ian-iang,ua-uo,n-l,r-l,j-q-x	1
硝盐	xiāo yán	54776	an-ang,j-q-x	1
枪替	qiāng tì	54777	ian-iang,j-q-x	1
销号	xiāo hào	54778	ao-ou,h-f,j-q-x	1
歇班	xiē bān	54780	an-ang,ia-ie,j-q-x	1
邪祟	xié suì	54781	ia-ie,s-sh,j-q-x	1
欣慕	xīn mù	54783	in-ing,j-q-x	1
新巧	xīn qiǎo	54784	in-ing,j-q-x	1
星号	xīng hào	54785	in-ing,ao-ou,h-f,j-q-x	1
凶狂	xiōng kuáng	54786	uan-uang,j-q-x	1
休班	xiū bān	54787	an-ang,j-q-x	1
修面	xiū miàn	54789	ian-iang,j-q-x	1
许亲	xǔ qīn	54790	in-ing,j-q-x	1
绪言	xù yán	54791	an-ang,j-q-x	1
续后	xù hòu	54792	ao-ou,h-f,j-q-x	1
喧叫	xuān jiào	54794	uan-uang,j-q-x	1
穴头	xué tóu	54797	ao-ou,j-q-x	1
血痂	xuè jiā	54798	ia-ie,j-q-x	3
巡街	xún jiē	54799	ia-ie,j-q-x	1
压港	yā gǎng	54800	an-ang	1
崖刻	yá kè	54801		1
沿例	yán lì	54802	an-ang,n-l,r-l	1
艳诗	yàn shī	54804	an-ang,s-sh	1
验算	yàn suàn	54806	an-ang,uan-uang,s-sh	1
验照	yàn zhào	54807	an-ang,ao-ou,z-zh	1
嘴损	zuǐ sǔn	54809	z-zh,s-sh	1
要子	yào zi	54812	ao-ou,z-zh	1
海基	hǎi jī	54817	ai-ei,h-f,j-q-x	1
艺徒	yì tú	54818		1
忆述	yì shù	54819	s-sh	1
译述	yì shù	54820	s-sh	1
阴门	yīn mén	54822	en-eng,in-ing	1
音序	yīn xù	54823	in-ing,j-q-x	1
淫棍	yín gùn	54824	in-ing	1
隐避	yǐn bì	54825	in-ing	1
英制	yīng zhì	54826	in-ing,z-zh	1
油渣	yóu zhā	54829	ao-ou,z-zh	1
谬奖	miù jiǎng	54830	ian-iang,j-q-x	1
诱迫	yòu pò	54831	ao-ou	1
釉陶	yòu táo	54832	ao-ou	3
拙稿	zhuō gǎo	54833	ao-ou,ua-uo,z-zh	1
鱼汛	yú xùn	54834	j-q-x	1
渔霸	yú bà	54835		1
愚妄	yú wàng	54836	an-ang	1
喻示	yù shì	54838	s-sh	1
原汤	yuán tāng	54840	an-ang,uan-uang	1
月俸	yuè fèng	54841	en-eng,h-f	3
月历	yuè lì	54842	n-l,r-l	1
早霜	zǎo shuāng	54844	uan-uang,ao-ou,z-zh,s-sh	1
早泄	zǎo xiè	54845	ao-ou,ia-ie,z-zh,j-q-x	1
增编	zēng biān	54846	en-eng,ian-iang,z-zh	1
增调	zēng diào	54847	en-eng,z-zh	1
摘记	zhāi jì	54849	ai-ei,z-zh,j-q-x	1
禅悟	chán wù	54851	an-ang,c-ch	1
长腰	zhǎng yāo	54852	an-ang,ao-ou,z-zh	1
折福	zhé fú	54854	z-zh,h-f	1
折寿	zhé shòu	54855	ao-ou,z-zh,s-sh	1
诊视	zhěn shì	54859	en-eng,z-zh,s-sh	1
整点	zhěng diǎn	54860	en-eng,ian-iang,z-zh	1
靡费	mí fèi	54861	ai-ei,h-f	1
直快	zhí kuài	54864	z-zh	1
植苗	zhí miáo	54865	z-zh	1
纸样	zhǐ yàng	54866	an-ang,z-zh	1
至好	zhì hǎo	54867	ao-ou,z-zh,h-f	1
忠恕	zhōng shù	54869	z-zh,s-sh	1
皱痕	zhòu hén	54871	en-eng,ao-ou,z-zh,h-f	1
株距	zhū jù	54872	z-zh,j-q-x	1
潴留	zhū liú	54873	z-zh,n-l,r-l	3
烛泪	zhú lèi	54874	ai-ei,z-zh,n-l,r-l	1
祝颂	zhù sòng	54876	z-zh,s-sh	1
抓髻	zhuā ji	54877	ua-uo,z-zh,j-q-x	3
茁实	zhuó shi	54879	ua-uo,z-zh,s-sh	1
自疚	zì jiù	54881	z-zh,j-q-x	1
恣睢	zì suī	54883	z-zh,s-sh	2
足本	zú běn	54884	en-eng,z-zh	1
尊口	zūn kǒu	54885	ao-ou,z-zh	1
安养	ān yǎng	54887	an-ang	1
傲世	ào shì	54888	ao-ou,s-sh	1
吧女	bā nǚ	54889	n-l	1
拔丝	bá sī	54890	s-sh	1
拜请	bài qǐng	54894	in-ing,ai-ei,j-q-x	1
斑蝥	bān máo	54895	an-ang,ao-ou	3
半休	bàn xiū	54896	an-ang,j-q-x	1
扮酷	bàn kù	54897	an-ang	1
扮装	bàn zhuāng	54898	an-ang,uan-uang,z-zh	1
胞姐	bāo jiě	54899	ao-ou,ia-ie,j-q-x	1
保胎	bǎo tāi	54900	ai-ei,ao-ou	1
鸨儿	bǎo er	54902	ao-ou	3
刨床	bào chuáng	54903	uan-uang,ao-ou,c-ch	1
逼婚	bī hūn	54904	h-f	1
笔算	bǐ suàn	54905	uan-uang,s-sh	1
鄙见	bǐ jiàn	54906	ian-iang,j-q-x	1
壁饰	bì shì	54907	s-sh	1
便函	biàn hán	54908	an-ang,ian-iang,h-f	1
便签	biàn qiān	54909	ian-iang,j-q-x	1
冰挂	bīng guà	54910	in-ing,ua-uo	1
冰室	bīng shì	54911	in-ing,s-sh	1
冰硬	bīng yìng	54912	in-ing	1
屏弃	bǐng qì	54914	in-ing,j-q-x	1
院线	yuàn xiàn	54915	ian-iang,uan-uang,j-q-x	1
剥取	bō qǔ	54916	j-q-x	1
泊地	bó dì	54917		1
测震	cè zhèn	54923	en-eng,z-zh,c-ch	1
茶晶	chá jīng	54925	in-ing,c-ch,j-q-x	1
查岗	chá gǎng	54926	an-ang,c-ch	1
谗佞	chán nìng	54927	in-ing,an-ang,c-ch,n-l	2
超升	chāo shēng	54928	en-eng,ao-ou,c-ch,s-sh	1
车圈	chē quān	54929	uan-uang,c-ch,j-q-x	1
车种	chē zhǒng	54930	z-zh,c-ch	1
陈账	chén zhàng	54932	en-eng,an-ang,z-zh,c-ch	1
衬领	chèn lǐng	54933	en-eng,in-ing,c-ch,n-l,r-l	1
斥力	chì lì	54937	c-ch,n-l,r-l	1
抽考	chōu kǎo	54938	ao-ou,c-ch	1
出圃	chū pǔ	54941	c-ch	1
船籍	chuán jí	54943	uan-uang,c-ch,j-q-x	1
疮口	chuāng kǒu	54944	uan-uang,ao-ou,c-ch	1
床帷	chuáng wéi	54945	uan-uang,ai-ei,c-ch	1
闯练	chuǎng liàn	54946	ian-iang,uan-uang,c-ch,n-l,r-l	1
词谱	cí pǔ	54947	c-ch	1
词性	cí xìng	54948	in-ing,c-ch,j-q-x	1
词序	cí xù	54949	c-ch,j-q-x	1
雌蜂	cí fēng	54950	en-eng,c-ch,h-f	1
粗实	cū shi	54951	c-ch,s-sh	1
寸阴	cùn yīn	54953	in-ing,c-ch	1
打泡	dǎ pào	54955	ao-ou	1
待办	dài bàn	54960	an-ang,ai-ei	1
单帮	dān bāng	54961	an-ang	1
单被	dān bèi	54962	an-ang,ai-ei	1
单利	dān lì	54964	an-ang,n-l,r-l	1
导尿	dǎo niào	54966	ao-ou,n-l	1
祷文	dǎo wén	54967	en-eng,ao-ou	1
倒赔	dào péi	54968	ai-ei,ao-ou	1
稻糠	dào kāng	54970	an-ang,ao-ou	1
灯标	dēng biāo	54971	en-eng	1
低湿	dī shī	54972	s-sh	1
地垄	dì lǒng	54973	n-l,r-l	1
典卖	diǎn mài	54974	ian-iang,ai-ei	1
点发	diǎn fā	54975	ian-iang,h-f	1
电料	diàn liào	54977	ian-iang,n-l,r-l	1
调档	diào dàng	54979	an-ang	1
掉膘	diào biāo	54980		3
顶账	dǐng zhàng	54983	in-ing,an-ang,z-zh	1
定礼	dìng lǐ	54984	in-ing,n-l,r-l	1
洞彻	dòng chè	54986	c-ch	1
斗子	dǒu zi	54987	ao-ou,z-zh	1
豆青	dòu qīng	54988	in-ing,ao-ou,j-q-x	1
对焦	duì jiāo	54990	j-q-x	1
俄延	é yán	54995	an-ang	1
发付	fā fù	54996	h-f	1
发蔫	fā niān	54997	ian-iang,n-l,h-f	3
矾土	fán tǔ	54999	an-ang,h-f	1
烦神	fán shén	55000	en-eng,an-ang,s-sh,h-f	1
繁乱	fán luàn	55001	an-ang,uan-uang,n-l,h-f,r-l	1
反口	fǎn kǒu	55002	an-ang,ao-ou,h-f	1
泛读	fàn dú	55005	an-ang,h-f	1
防皱	fáng zhòu	55007	an-ang,ao-ou,z-zh,h-f	1
放青	fàng qīng	55008	in-ing,an-ang,h-f,j-q-x	1
飞递	fēi dì	55009	ai-ei,h-f	1
肥腴	féi yú	55011	ai-ei,h-f	3
腓骨	féi gǔ	55012	ai-ei,h-f	3
沸热	fèi rè	55013	ai-ei,h-f,r-l	1
风瘫	fēng tān	55016	en-eng,an-ang,h-f	1
锋快	fēng kuài	55017	en-eng,h-f	1
蜂乳	fēng rǔ	55018	en-eng,h-f,r-l	1
佛会	fó huì	55019	h-f	1
嘎噔	gā dēng	55021	en-eng	2
歌带	gē dài	55024	ai-ei	1
工力	gōng lì	55025	n-l,r-l	1
孤证	gū zhèng	55027	en-eng,z-zh	1
顾恋	gù liàn	55029	ian-iang,n-l,r-l	1
顾绣	gù xiù	55030	j-q-x	1
挂锄	guà chú	55031	ua-uo,c-ch	1
挂甲	guà jiǎ	55032	ia-ie,ua-uo,j-q-x	1
惯窃	guàn qiè	55035	uan-uang,ia-ie,j-q-x	1
规诫	guī jiè	55036	ia-ie,j-q-x	1
桂剧	guì jù	55037	j-q-x	1
海鳗	hǎi mán	55040	an-ang,ai-ei,h-f	3
旱魔	hàn mó	55043	an-ang,h-f	1
耗神	hào shén	55044	en-eng,ao-ou,s-sh,h-f	1
河鲜	hé xiān	55046	ian-iang,h-f,j-q-x	1
花簇	huā cù	55055	ua-uo,c-ch,h-f	1
花线	huā xiàn	55056	ian-iang,ua-uo,h-f,j-q-x	1
滑嫩	huá nèn	55057	en-eng,ua-uo,n-l,h-f	1
谎骗	huǎng piàn	55059	ian-iang,uan-uang,h-f	1
徽调	huī diào	55061	h-f	1
回窜	huí cuàn	55062	uan-uang,c-ch,h-f	1
回销	huí xiāo	55063	h-f,j-q-x	1
悔约	huǐ yuē	55064	h-f	1
毁证	huǐ zhèng	55065	en-eng,z-zh,h-f	1
讳忌	huì jì	55066	h-f,j-q-x	1
惠存	huì cún	55067	c-ch,h-f	1
惠赠	huì zèng	55068	en-eng,z-zh,h-f	1
混声	hùn shēng	55069	en-eng,s-sh,h-f	1
货检	huò jiǎn	55072	ian-iang,ua-uo,h-f,j-q-x	1
货位	huò wèi	55073	ai-ei,ua-uo,h-f	1
急火	jí huǒ	55079	ua-uo,h-f,j-q-x	1
辑要	jí yào	55082	ao-ou,j-q-x	1
瘠瘦	jí shòu	55083	ao-ou,s-sh,j-q-x	3
价签	jià qiān	55085	ian-iang,ia-ie,j-q-x	1
监规	jiān guī	55087	ian-iang,j-q-x	1
简古	jiǎn gǔ	55088	ian-iang,j-q-x	1
见告	jiàn gào	55089	ian-iang,ao-ou,j-q-x	1
见礼	jiàn lǐ	55090	ian-iang,n-l,r-l,j-q-x	1
降调	jiàng diào	55091	ian-iang,j-q-x	1
绛红	jiàng hóng	55092	ian-iang,h-f,j-q-x	3
交寄	jiāo jì	55093	j-q-x	1
娇娆	jiāo ráo	55094	ao-ou,r-l,j-q-x	3
校本	jiào běn	55095	en-eng,j-q-x	1
接驾	jiē jià	55096	ia-ie,j-q-x	1
筋道	jīn dao	55097	in-ing,ao-ou,j-q-x	1
近古	jìn gǔ	55098	in-ing,j-q-x	1
禁律	jìn lǜ	55101	in-ing,n-l,r-l,j-q-x	1
觐见	jìn jiàn	55102	in-ing,ian-iang,j-q-x	3
经闭	jīng bì	55103	in-ing,j-q-x	1
精肉	jīng ròu	55104	in-ing,ao-ou,r-l,j-q-x	1
敬候	jìng hòu	55105	in-ing,ao-ou,h-f,j-q-x	1
酒力	jiǔ lì	55106	n-l,r-l,j-q-x	1
巨奖	jù jiǎng	55107	ian-iang,j-q-x	1
具文	jù wén	55108	en-eng,j-q-x	1
聚谈	jù tán	55109	an-ang,j-q-x	1
绢丝	juàn sī	55110	uan-uang,s-sh,j-q-x	1
鸽派	gē pài	55111	ai-ei	1
眷眷	juàn juàn	55112	uan-uang,j-q-x	1
俊伟	jùn wěi	55113	ai-ei,j-q-x	1
开印	kāi yìn	55115	in-ing,ai-ei	1
看扁	kàn biǎn	55116	an-ang,ian-iang	1
抗涝	kàng lào	55117	an-ang,ao-ou,n-l,r-l	1
抗凝	kàng níng	55118	in-ing,an-ang,n-l	1
男妓	nán jì	55119	an-ang,n-l,j-q-x	1
骒马	kè mǎ	55120		3
馈线	kuì xiàn	55122	ian-iang,j-q-x	1
坤表	kūn biǎo	55123		1
来件	lái jiàn	55125	ian-iang,ai-ei,n-l,r-l,j-q-x	1
连词	lián cí	55131	ian-iang,c-ch,n-l,r-l	1
练笔	liàn bǐ	55132	ian-iang,n-l,r-l	1
恋乡	liàn xiāng	55133	ian-iang,n-l,r-l,j-q-x	1
失偶	shī ǒu	55134	ao-ou,s-sh	1
良才	liáng cái	55135	ian-iang,ai-ei,c-ch,n-l,r-l	1
凉帽	liáng mào	55137	ian-iang,ao-ou,n-l,r-l	1
疗救	liáo jiù	55139	n-l,r-l,j-q-x	1
聊表	liáo biǎo	55140	n-l,r-l	1
劣马	liè mǎ	55141	ia-ie,n-l,r-l	1
绫罗	líng luó	55144	in-ing,ua-uo,n-l,r-l	3
路霸	lù bà	55147	n-l,r-l	1
略语	lüè yǔ	55151	n-l,r-l	1
买价	mǎi jià	55154	ai-ei,ia-ie,j-q-x	1
卖嘴	mài zuǐ	55155	ai-ei,z-zh	1
满师	mǎn shī	55156	an-ang,s-sh	1
螨虫	mǎn chóng	55157	an-ang,c-ch	3
毛布	máo bù	55158	ao-ou	1
铆焊	mǎo hàn	55160	an-ang,ao-ou,h-f	3
铆接	mǎo jiē	55161	ao-ou,ia-ie,j-q-x	3
没臊	méi sào	55162	ai-ei,ao-ou,s-sh	1
霉天	méi tiān	55163	ian-iang,ai-ei	1
蒙药	méng yào	55165	en-eng,ao-ou	1
泯没	mǐn mò	55169	in-ing	3
木立	mù lì	55172	n-l,r-l	1
墓冢	mù zhǒng	55173	z-zh	3
奶腥	nǎi xīng	55176	in-ing,ai-ei,n-l,j-q-x	1
挠钩	náo gōu	55177	ao-ou,n-l	1
拈阄	niān jiū	55180	ian-iang,n-l,j-q-x	2
尿壶	niào hú	55181	n-l,h-f	1
盘空	pán kōng	55184	an-ang	1
判读	pàn dú	55186	an-ang	1
判分	pàn fēn	55187	en-eng,an-ang,h-f	1
跑反	pǎo fǎn	55188	an-ang,ao-ou,h-f	1
偏饭	piān fàn	55191	an-ang,ian-iang,h-f	1
偏题	piān tí	55192	ian-iang	1
朴厚	pǔ hòu	55194	ao-ou,h-f	1
期考	qī kǎo	55195	ao-ou,j-q-x	1
漆布	qī bù	55196	j-q-x	1
乞巧	qǐ qiǎo	55197	j-q-x	1
器用	qì yòng	55198	j-q-x	1
潜踪	qián zōng	55199	ian-iang,z-zh,j-q-x	1
浅说	qiǎn shuō	55200	ian-iang,ua-uo,s-sh,j-q-x	1
欠火	qiàn huǒ	55202	ian-iang,ua-uo,h-f,j-q-x	1
欠资	qiàn zī	55203	ian-iang,z-zh,j-q-x	1
强击	qiáng jī	55204	ian-iang,j-q-x	1
乔扮	qiáo bàn	55205	an-ang,j-q-x	1
断市	duàn shì	55206	uan-uang,s-sh	1
桥基	qiáo jī	55207	j-q-x	1
轻油	qīng yóu	55209	in-ing,ao-ou,j-q-x	1
清润	qīng rùn	55210	in-ing,r-l,j-q-x	1
清挖	qīng wā	55211	in-ing,j-q-x	1
清誉	qīng yù	55212	in-ing,j-q-x	1
秋装	qiū zhuāng	55213	uan-uang,z-zh,j-q-x	1
球坛	qiú tán	55214	an-ang,j-q-x	1
祛痰	qū tán	55215	an-ang,j-q-x	3
劬劳	qú láo	55216	ao-ou,n-l,r-l,j-q-x	3
劝让	quàn ràng	55219	an-ang,uan-uang,r-l,j-q-x	1
群氓	qún méng	55221	en-eng,j-q-x	1
日晕	rì yùn	55224	r-l	1
冗杂	rǒng zá	55226	z-zh,r-l	1
伞骨	sǎn gǔ	55231	an-ang,s-sh	1
丧假	sāng jià	55233	an-ang,ia-ie,s-sh,j-q-x	1
杀熟	shā shú	55234	s-sh	1
砂罐	shā guàn	55235	uan-uang,s-sh	1
色酒	shǎi jiǔ	55237	ai-ei,s-sh,j-q-x	1
伤耗	shāng hao	55239	an-ang,ao-ou,s-sh,h-f	1
商约	shāng yuē	55240	an-ang,s-sh	1
申讨	shēn tǎo	55241	en-eng,ao-ou,s-sh	1
审校	shěn jiào	55242	en-eng,s-sh,j-q-x	1
拾物	shí wù	55244	s-sh	1
收方	shōu fāng	55247	an-ang,ao-ou,s-sh,h-f	1
寿斑	shòu bān	55249	an-ang,ao-ou,s-sh	1
寿幛	shòu zhàng	55250	an-ang,ao-ou,z-zh,s-sh	3
受粉	shòu fěn	55251	en-eng,ao-ou,s-sh,h-f	1
疏狂	shū kuáng	55252	uan-uang,s-sh	1
栓剂	shuān jì	55255	uan-uang,s-sh,j-q-x	1
顺叙	shùn xù	55257	s-sh,j-q-x	1
私愤	sī fèn	55259	en-eng,s-sh,h-f	1
宿疾	sù jí	55261	s-sh,j-q-x	1
算尺	suàn chǐ	55262	uan-uang,c-ch,s-sh	1
遂意	suì yì	55264	s-sh	1
索酬	suǒ chóu	55265	ao-ou,ua-uo,c-ch,s-sh	1
炭笔	tàn bǐ	55269	an-ang	1
来事	lái shì	55270	ai-ei,s-sh,n-l,r-l	1
棠棣	táng dì	55272	an-ang	3
躺柜	tǎng guì	55273	an-ang	1
逃敌	táo dí	55274	ao-ou	1
陶塑	táo sù	55275	ao-ou,s-sh	1
淘神	táo shén	55276	en-eng,ao-ou,s-sh	1
套索	tào suǒ	55277	ao-ou,ua-uo,s-sh	1
特体	tè tǐ	55278		1
提梁	tí liáng	55280	ian-iang,n-l,r-l	1
调唆	tiáo suō	55281	ua-uo,s-sh	1
通假	tōng jiǎ	55283	ia-ie,j-q-x	1
投映	tóu yìng	55287	in-ing,ao-ou	1
吐絮	tǔ xù	55288	j-q-x	1
退礼	tuì lǐ	55289	n-l,r-l	1
拖运	tuō yùn	55291	ua-uo	1
袜带	wà dài	55292	ai-ei	1
外耳	wài ěr	55293	ai-ei	1
网绳	wǎng shéng	55295	en-eng,an-ang,s-sh	1
枉驾	wǎng jià	55296	an-ang,ia-ie,j-q-x	1
妄取	wàng qǔ	55297	an-ang,j-q-x	1
稳便	wěn biàn	55301	en-eng,ian-iang	1
钨丝	wū sī	55302	s-sh	3
喜娘	xǐ niáng	55305	ian-iang,n-l,j-q-x	1
戏衣	xì yī	55306	j-q-x	1
线裤	xiàn kù	55309	ian-iang,j-q-x	1
相烦	xiāng fán	55310	an-ang,ian-iang,h-f,j-q-x	1
叶韵	xié yùn	55317	ia-ie,j-q-x	1
新正	xīn zhēng	55320	en-eng,in-ing,z-zh,j-q-x	1
杏脯	xìng fǔ	55322	in-ing,h-f,j-q-x	1
杏红	xìng hóng	55323	in-ing,h-f,j-q-x	1
凶死	xiōng sǐ	55325	s-sh,j-q-x	1
雄峙	xióng zhì	55326	z-zh,j-q-x	3
修眉	xiū méi	55327	ai-ei,j-q-x	1
朽坏	xiǔ huài	55329	h-f,j-q-x	1
袖箍	xiù gū	55330	j-q-x	3
续借	xù jiè	55332	ia-ie,j-q-x	1
悬望	xuán wàng	55333	an-ang,uan-uang,j-q-x	1
选留	xuǎn liú	55334	uan-uang,n-l,r-l,j-q-x	1
学阀	xué fá	55335	h-f,j-q-x	1
血沉	xuè chén	55337	en-eng,c-ch,j-q-x	1
寻摸	xún mo	55339	j-q-x	1
巡哨	xún shào	55340	ao-ou,s-sh,j-q-x	1
压仓	yā cāng	55341	an-ang,c-ch	1
鸭肫	yā zhūn	55342	z-zh	3
岩羊	yán yáng	55343	an-ang	1
炎暑	yán shǔ	55344	an-ang,s-sh	1
掩泣	yǎn qì	55345	an-ang,j-q-x	1
验查	yàn chá	55346	an-ang,c-ch	1
扬波	yáng bō	55347	an-ang	1
谣谚	yáo yàn	55349	an-ang,ao-ou	1
椰蓉	yē róng	55351	r-l	1
医案	yī àn	55354	an-ang	1
异读	yì dú	55356		1
臆说	yì shuō	55358	ua-uo,s-sh	3
阴电	yīn diàn	55359	in-ing,ian-iang	1
阴笑	yīn xiào	55360	in-ing,j-q-x	1
银红	yín hóng	55361	in-ing,h-f	1
银楼	yín lóu	55362	in-ing,ao-ou,n-l,r-l	1
引座	yǐn zuò	55363	in-ing,ua-uo,z-zh	1
咏怀	yǒng huái	55365	h-f	1
迂曲	yū qū	55370	j-q-x	1
逾常	yú cháng	55372	an-ang,c-ch	1
预考	yù kǎo	55375	ao-ou	1
原唱	yuán chàng	55376	an-ang,uan-uang,c-ch	1
辕马	yuán mǎ	55377	uan-uang	3
杂食	zá shí	55380	z-zh,s-sh	1
闸刀	zhá dāo	55381	ao-ou,z-zh	1
掌灶	zhǎng zào	55382	an-ang,ao-ou,z-zh	1
遮护	zhē hù	55384	z-zh,h-f	1
争强	zhēng qiáng	55386	en-eng,ian-iang,z-zh,j-q-x	1
征聘	zhēng pìn	55387	en-eng,in-ing,z-zh	1
正编	zhèng biān	55388	en-eng,ian-iang,z-zh	1
正课	zhèng kè	55389	en-eng,z-zh	1
正途	zhèng tú	55390	en-eng,z-zh	1
值星	zhí xīng	55392	in-ing,z-zh,j-q-x	1
趾骨	zhǐ gǔ	55393	z-zh	1
治印	zhì yìn	55394	in-ing,z-zh	1
朱鹦	zhū yīng	55397	in-ing,z-zh	1
蛀蚀	zhù shí	55399	z-zh,s-sh	1
转文	zhuǎi wén	55400	en-eng,z-zh	1
准话	zhǔn huà	55401	ua-uo,z-zh,h-f	1
走风	zǒu fēng	55403	en-eng,ao-ou,z-zh,h-f	1
走油	zǒu yóu	55404	ao-ou,z-zh	1
作伐	zuò fá	55406	ua-uo,z-zh,h-f	1
作俑	zuò yǒng	55407	ua-uo,z-zh	3
阿嚏	ā tì	55409		3
碍口	ài kǒu	55410	ai-ei,ao-ou	1
暗哨	àn shào	55411	an-ang,ao-ou,s-sh	1
暗线	àn xiàn	55412	an-ang,ian-iang,j-q-x	1
扒车	bā chē	55416	c-ch	1
斑秃	bān tū	55421	an-ang	1
帮规	bāng guī	55423	an-ang	1
傍依	bàng yī	55424	an-ang	1
宝刹	bǎo chà	55425	ao-ou,c-ch	1
保种	bǎo zhǒng	55426	ao-ou,z-zh	1
报呈	bào chéng	55427	en-eng,ao-ou,c-ch	1
奔逐	bēn zhú	55430	en-eng,z-zh	1
崩坍	bēng tān	55431	en-eng,an-ang	3
笔友	bǐ yǒu	55432	ao-ou	1
壁钟	bì zhōng	55434	z-zh	1
编录	biān lù	55435	ian-iang,n-l,r-l	1
编内	biān nèi	55436	ian-iang,ai-ei,n-l	1
便步	biàn bù	55437	ian-iang	1
辩词	biàn cí	55438	ian-iang,c-ch	1
表报	biǎo bào	55440	ao-ou	1
表解	biǎo jiě	55441	ia-ie,j-q-x	1
冰镐	bīng gǎo	55443	in-ing,ao-ou	1
摒绝	bìng jué	55444	in-ing,j-q-x	3
驳论	bó lùn	55445	n-l,r-l	1
驳运	bó yùn	55446		1
薄技	bó jì	55447	j-q-x	1
补假	bǔ jià	55448	ia-ie,j-q-x	1
采景	cǎi jǐng	55451	in-ing,ai-ei,c-ch,j-q-x	1
彩旦	cǎi dàn	55452	an-ang,ai-ei,c-ch	1
彩管	cǎi guǎn	55453	uan-uang,ai-ei,c-ch	1
彩像	cǎi xiàng	55454	ian-iang,ai-ei,c-ch,j-q-x	1
菜案	cài àn	55455	an-ang,ai-ei,c-ch	1
餐位	cān wèi	55456	an-ang,ai-ei,c-ch	1
蚕室	cán shì	55458	an-ang,c-ch,s-sh	1
藏奸	cáng jiān	55459	an-ang,ian-iang,c-ch,j-q-x	1
草写	cǎo xiě	55460	ao-ou,ia-ie,c-ch,j-q-x	1
侧视	cè shì	55461	c-ch,s-sh	1
插脚	chā jiǎo	55462	c-ch,j-q-x	1
插屏	chā píng	55463	in-ing,c-ch	1
察勘	chá kān	55465	an-ang,c-ch	1
察验	chá yàn	55466	an-ang,c-ch	1
产院	chǎn yuàn	55467	an-ang,uan-uang,c-ch	1
羼杂	chàn zá	55468	an-ang,z-zh,c-ch	3
长款	cháng kuǎn	55469	an-ang,uan-uang,c-ch	1
倡办	chàng bàn	55470	an-ang,c-ch	1
唱头	chàng tóu	55472	an-ang,ao-ou,c-ch	1
车条	chē tiáo	55473	c-ch	1
车贴	chē tiē	55474	ia-ie,c-ch	1
承望	chéng wàng	55475	en-eng,an-ang,c-ch	1
吃货	chī huò	55476	ua-uo,c-ch,h-f	1
赤忱	chì chén	55478	en-eng,c-ch	1
虫牙	chóng yá	55479	c-ch	1
重霄	chóng xiāo	55480	c-ch,j-q-x	1
重映	chóng yìng	55481	in-ing,c-ch	1
抽纱	chōu shā	55483	ao-ou,c-ch,s-sh	1
酬唱	chóu chàng	55484	an-ang,ao-ou,c-ch	1
除服	chú fú	55485	c-ch,h-f	1
炊饼	chuī bǐng	55489	in-ing,c-ch	1
瓷土	cí tǔ	55490	c-ch	1
从俭	cóng jiǎn	55491	ian-iang,c-ch,j-q-x	1
醋精	cù jīng	55492	in-ing,c-ch,j-q-x	1
窜逃	cuàn táo	55493	uan-uang,ao-ou,c-ch	1
催产	cuī chǎn	55494	an-ang,c-ch	1
村貌	cūn mào	55495	ao-ou,c-ch	1
皴裂	cūn liè	55496	ia-ie,c-ch,n-l,r-l	3
打春	dǎ chūn	55498	c-ch	1
打钩	dǎ gōu	55499	ao-ou	1
打斜	dǎ xié	55501	ia-ie,j-q-x	1
打皱	dǎ zhòu	55502	ao-ou,z-zh	1
单号	dān hào	55505	an-ang,ao-ou,h-f	1
单鞋	dān xié	55506	an-ang,ia-ie,j-q-x	1
党棍	dǎng gùn	55507	an-ang	1
荡除	dàng chú	55508	an-ang,c-ch	1
滴淌	dī tǎng	55510	an-ang	1
底样	dǐ yàng	55511	an-ang	1
地线	dì xiàn	55512	ian-iang,j-q-x	1
递降	dì jiàng	55513	ian-iang,j-q-x	1
典册	diǎn cè	55514	ian-iang,c-ch	1
典押	diǎn yā	55515	ian-iang	1
垫补	diàn bu	55519	ian-iang	1
吊钩	diào gōu	55520	ao-ou	1
吊子	diào zi	55521	z-zh	1
丁克	dīng kè	55523	in-ing	1
顶角	dǐng jiǎo	55524	in-ing,j-q-x	1
定刑	dìng xíng	55525	in-ing,j-q-x	1
对心	duì xīn	55526	in-ing,j-q-x	1
鹅掌	é zhǎng	55527	an-ang,z-zh	1
遏阻	è zǔ	55528	z-zh	1
耳音	ěr yīn	55530	in-ing	1
发横	fā hèng	55531	en-eng,h-f	1
仿皮	fǎng pí	55533	an-ang,h-f	1
访旧	fǎng jiù	55534	an-ang,h-f,j-q-x	1
匪巢	fěi cháo	55535	ai-ei,ao-ou,c-ch,h-f	1
粉坊	fěn fáng	55537	en-eng,an-ang,h-f	1
封航	fēng háng	55539	en-eng,an-ang,h-f	1
伏贴	fú tiē	55540	ia-ie,h-f	1
附笔	fù bǐ	55542	h-f	1
附后	fù hòu	55543	ao-ou,h-f	1
改样	gǎi yàng	55544	an-ang,ai-ei	1
盖帘	gài lián	55545	ian-iang,ai-ei,n-l,r-l	1
干结	gān jié	55546	an-ang,ia-ie,j-q-x	1
赶前	gǎn qián	55547	an-ang,ian-iang,j-q-x	1
隔心	gé xīn	55548	in-ing,j-q-x	1
共时	gòng shí	55549	s-sh	1
贡奉	gòng fèng	55550	en-eng,h-f	1
狗刨	gǒu páo	55551	ao-ou	1
挂斗	guà dǒu	55552	ao-ou,ua-uo	1
关塞	guān sài	55554	uan-uang,ai-ei,s-sh	1
管押	guǎn yā	55555	uan-uang	1
龟板	guī bǎn	55557	an-ang	1
寒毛	hán máo	55561	an-ang,ao-ou,h-f	1
旱伞	hàn sǎn	55562	an-ang,s-sh,h-f	1
核账	hé zhàng	55564	an-ang,z-zh,h-f	1
狠辣	hěn là	55566	en-eng,n-l,h-f,r-l	1
烩饼	huì bǐng	55573	in-ing,h-f	3
浑话	hún huà	55574	ua-uo,h-f	1
忌嘴	jì zuǐ	55579	z-zh,j-q-x	1
寄费	jì fèi	55580	ai-ei,h-f,j-q-x	1
家慈	jiā cí	55582	ia-ie,c-ch,j-q-x	1
简政	jiǎn zhèng	55584	en-eng,ian-iang,z-zh,j-q-x	1
僵卧	jiāng wò	55586	ian-iang,j-q-x	1
交臂	jiāo bì	55587	j-q-x	1
胶木	jiāo mù	55588	j-q-x	1
脚蹼	jiǎo pǔ	55589	j-q-x	3
接机	jiē jī	55591	ia-ie,j-q-x	1
结彩	jié cǎi	55592	ai-ei,ia-ie,c-ch,j-q-x	1
界外	jiè wài	55593	ai-ei,ia-ie,j-q-x	1
解运	jiè yùn	55594	ia-ie,j-q-x	1
金锭	jīn dìng	55595	in-ing,j-q-x	3
疗饥	liáo jī	55596	n-l,r-l,j-q-x	1
金瓜	jīn guā	55597	in-ing,ua-uo,j-q-x	1
噤声	jìn shēng	55599	en-eng,in-ing,s-sh,j-q-x	3
竞购	jìng gòu	55600	in-ing,ao-ou,j-q-x	1
阄儿	jiū er	55601	j-q-x	3
救驾	jiù jià	55602	ia-ie,j-q-x	1
绝早	jué zǎo	55605	ao-ou,z-zh,j-q-x	1
军援	jūn yuán	55606	uan-uang,j-q-x	1
菌苗	jūn miáo	55607	j-q-x	1
开衩	kāi chà	55608	ai-ei,c-ch	3
开伙	kāi huǒ	55609	ai-ei,ua-uo,h-f	1
开溜	kāi liū	55610	ai-ei,n-l,r-l	1
抗皱	kàng zhòu	55611	an-ang,ao-ou,z-zh	1
炕几	kàng jǐ	55612	an-ang,j-q-x	1
孔穴	kǒng xué	55614	j-q-x	1
口谕	kǒu yù	55615	ao-ou	3
叩见	kòu jiàn	55616	ian-iang,ao-ou,j-q-x	1
款留	kuǎn liú	55617	uan-uang,n-l,r-l	1
矿层	kuàng céng	55618	en-eng,uan-uang,c-ch	1
捞饭	lāo fàn	55623	an-ang,ao-ou,n-l,h-f,r-l	1
里院	lǐ yuàn	55625	uan-uang,n-l,r-l	1
俚歌	lǐ gē	55626	n-l,r-l	3
敛迹	liǎn jì	55628	ian-iang,n-l,r-l,j-q-x	1
鲁菜	lǔ cài	55634	ai-ei,c-ch,n-l,r-l	1
乱党	luàn dǎng	55635	an-ang,uan-uang,n-l,r-l	1
论敌	lùn dí	55636	n-l,r-l	1
抹脸	mā liǎn	55638	ian-iang,n-l,r-l	1
满勤	mǎn qín	55640	in-ing,an-ang,j-q-x	1
霉雨	méi yǔ	55644	ai-ei	1
棉绒	mián róng	55646	ian-iang,r-l	1
棉套	mián tào	55647	ian-iang,ao-ou	1
面晤	miàn wù	55648	ian-iang	3
名嘴	míng zuǐ	55649	in-ing,z-zh	1
冥寿	míng shòu	55650	in-ing,ao-ou,s-sh	1
纳罕	nà hǎn	55651	an-ang,n-l,h-f	1
南式	nán shì	55652	an-ang,s-sh,n-l	1
内亲	nèi qīn	55654	in-ing,ai-ei,n-l,j-q-x	1
蔫巴	niān ba	55655	ian-iang,n-l	3
黏附	nián fù	55656	ian-iang,n-l,h-f	3
地秤	dì chèng	55657	en-eng,c-ch	1
排号	pái hào	55658	ai-ei,ao-ou,h-f	1
刨除	páo chú	55660	ao-ou,c-ch	1
配楼	pèi lóu	55663	ai-ei,ao-ou,n-l,r-l	1
偏护	piān hù	55666	ian-iang,h-f	1
姘夫	pīn fū	55668	in-ing,h-f	3
平角	píng jiǎo	55671	in-ing,j-q-x	1
谱表	pǔ biǎo	55674		1
漆树	qī shù	55675	s-sh,j-q-x	1
棋苑	qí yuàn	55677	uan-uang,j-q-x	1
起讫	qǐ qì	55678	j-q-x	3
气锤	qì chuí	55679	c-ch,j-q-x	1
弃舍	qì shě	55680	s-sh,j-q-x	1
岩茶	yán chá	55681	an-ang,c-ch	1
芡实	qiàn shí	55683	ian-iang,s-sh,j-q-x	3
茜草	qiàn cǎo	55684	ian-iang,ao-ou,c-ch,j-q-x	3
抢嘴	qiǎng zuǐ	55686	ian-iang,z-zh,j-q-x	1
桥拱	qiáo gǒng	55687	j-q-x	1
寝具	qǐn jù	55688	in-ing,j-q-x	1
清神	qīng shén	55689	en-eng,in-ing,s-sh,j-q-x	1
祛暑	qū shǔ	55690	s-sh,j-q-x	3
韧度	rèn dù	55691	en-eng,r-l	1
上感	shàng gǎn	55698	an-ang,s-sh	1
涉讼	shè sòng	55700	s-sh	1
麝牛	shè niú	55701	s-sh,n-l	3
失音	shī yīn	55703	in-ing,s-sh	1
食积	shí jī	55705	s-sh,j-q-x	1
示例	shì lì	55706	s-sh,n-l,r-l	1
收讫	shōu qì	55707	ao-ou,s-sh,j-q-x	3
收文	shōu wén	55708	en-eng,ao-ou,s-sh	1
舒散	shū sàn	55710	an-ang,s-sh	1
树丫	shù yā	55711	s-sh	1
苏剧	sū jù	55715	s-sh,j-q-x	1
俗尚	sú shàng	55716	an-ang,s-sh	1
汤泉	tāng quán	55720	an-ang,uan-uang,j-q-x	1
陶工	táo gōng	55721	ao-ou	1
停食	tíng shí	55723	in-ing,s-sh	1
铜绣	tóng xiù	55724	j-q-x	1
凸版	tū bǎn	55726	an-ang	1
图鉴	tú jiàn	55727	ian-iang,j-q-x	1
土俗	tǔ sú	55728	s-sh	1
土性	tǔ xìng	55729	in-ing,j-q-x	1
推头	tuī tóu	55730	ao-ou	1
外钞	wài chāo	55731	ai-ei,ao-ou,c-ch	1
外径	wài jìng	55732	in-ing,ai-ei,j-q-x	1
王浆	wáng jiāng	55734	an-ang,ian-iang,j-q-x	1
微末	wēi mò	55737	ai-ei	1
帏幕	wéi mù	55738	ai-ei	3
尾椎	wěi zhuī	55739	ai-ei,z-zh	1
畏光	wèi guāng	55743	uan-uang,ai-ei	1
窝主	wō zhǔ	55746	z-zh	1
鼯鼠	wú shǔ	55748	s-sh	3
婺剧	wù jù	55750	j-q-x	3
嬉耍	xī shuǎ	55752	ua-uo,s-sh,j-q-x	3
戏侮	xì wǔ	55755	j-q-x	1
下存	xià cún	55758	ia-ie,c-ch,j-q-x	1
下账	xià zhàng	55759	an-ang,ia-ie,z-zh,j-q-x	1
显能	xiǎn néng	55761	en-eng,ian-iang,n-l,j-q-x	1
歇伏	xiē fú	55763	ia-ie,h-f,j-q-x	1
邪财	xié cái	55764	ai-ei,ia-ie,c-ch,j-q-x	1
邪行	xié xíng	55765	in-ing,ia-ie,j-q-x	1
行楷	xíng kǎi	55769	in-ing,ai-ei,j-q-x	1
炸窝	zhà wō	55770	z-zh	1
脸嫩	liǎn nèn	55771	en-eng,ian-iang,n-l,r-l	1
胸饰	xiōng shì	55772	s-sh,j-q-x	1
虚礼	xū lǐ	55773	n-l,r-l,j-q-x	1
序论	xù lùn	55774	n-l,r-l,j-q-x	1
旋梯	xuán tī	55775	uan-uang,j-q-x	1
押题	yā tí	55776		1
牙缸	yá gāng	55777	an-ang	1
雅正	yǎ zhèng	55780	en-eng,z-zh	1
严控	yán kòng	55781	an-ang	1
羊羹	yáng gēng	55782	en-eng,an-ang	1
药茶	yào chá	55785	ao-ou,c-ch	1
冶铸	yě zhù	55787	z-zh	1
野雉	yě zhì	55789	z-zh	3
腋毛	yè máo	55790	ao-ou	1
饴糖	yí táng	55796	an-ang	3
蚁后	yǐ hòu	55798	ao-ou,h-f	1
矿苗	kuàng miáo	55801	uan-uang	1
音控	yīn kòng	55802	in-ing	1
印色	yìn se	55803	in-ing,s-sh	1
印油	yìn yóu	55804	in-ing,ao-ou	1
影写	yǐng xiě	55805	in-ing,ia-ie,j-q-x	1
硬席	yìng xí	55806	in-ing,j-q-x	1
泳帽	yǒng mào	55807	ao-ou	1
有辙	yǒu zhé	55809	ao-ou,z-zh	1
幼雏	yòu chú	55810	ao-ou,c-ch	1
幼畜	yòu chù	55811	ao-ou,c-ch	1
釉质	yòu zhì	55812	ao-ou,z-zh	3
釉子	yòu zi	55813	ao-ou,z-zh	3
鱼花	yú huā	55814	ua-uo,h-f	1
月例	yuè lì	55817	n-l,r-l	1
暂缺	zàn quē	55822	an-ang,z-zh,j-q-x	1
贼星	zéi xīng	55823	in-ing,ai-ei,z-zh,j-q-x	1
炸锅	zhà guō	55824	ua-uo,z-zh	1
掌鞭	zhǎng biān	55827	an-ang,ian-iang,z-zh	1
仗胆	zhàng dǎn	55828	an-ang,z-zh	1
障蔽	zhàng bì	55829	an-ang,z-zh	1
贞烈	zhēn liè	55831	en-eng,ia-ie,z-zh,n-l,r-l	1
蒸饼	zhēng bǐng	55833	en-eng,in-ing,z-zh	1
支店	zhī diàn	55835	ian-iang,z-zh	1
支子	zhī zi	55837	z-zh	1
织补	zhī bǔ	55838	z-zh	1
中楷	zhōng kǎi	55840	ai-ei,z-zh	1
转写	zhuǎn xiě	55845	uan-uang,ia-ie,z-zh,j-q-x	1
籽棉	zǐ mián	55848	ian-iang,z-zh	1
字谜	zì mí	55849	z-zh	1
走嘴	zǒu zuǐ	55850	ao-ou,z-zh	1
暗疾	àn jí	55854	an-ang,j-q-x	1
暗转	àn zhuǎn	55855	an-ang,uan-uang,z-zh	1
凹面	āo miàn	55856	ian-iang,ao-ou	1
坝身	bà shēn	55859	en-eng,s-sh	1
棒操	bàng cāo	55864	an-ang,ao-ou,c-ch	1
包伙	bāo huǒ	55865	ao-ou,ua-uo,h-f	1
龅牙	bāo yá	55866	ao-ou	3
背鳍	bèi qí	55867	ai-ei,j-q-x	1
被絮	bèi xù	55868	ai-ei,j-q-x	1
本愿	běn yuàn	55869	en-eng,uan-uang	1
蹦床	bèng chuáng	55870	en-eng,uan-uang,c-ch	1
秕谷	bǐ gǔ	55871		3
笔立	bǐ lì	55872	n-l,r-l	1
贬称	biǎn chēng	55874	en-eng,ian-iang,c-ch	1
贬职	biǎn zhí	55875	ian-iang,z-zh	1
便览	biàn lǎn	55877	an-ang,ian-iang,n-l,r-l	1
便人	biàn rén	55878	en-eng,ian-iang,r-l	1
标量	biāo liàng	55879	ian-iang,n-l,r-l	1
标卖	biāo mài	55880	ai-ei	1
标样	biāo yàng	55881	an-ang	1
冰坝	bīng bà	55884	in-ing	1
冰车	bīng chē	55885	in-ing,c-ch	1
冰溜	bīng liù	55886	in-ing,n-l,r-l	1
补酒	bǔ jiǔ	55887	j-q-x	1
擦子	cā zǐ	55889	z-zh,c-ch	1
彩卷	cǎi juǎn	55890	uan-uang,ai-ei,c-ch,j-q-x	1
槽钢	cáo gāng	55892	an-ang,ao-ou,c-ch	1
茶炊	chá chuī	55893	c-ch	1
拆兑	chāi duì	55894	ai-ei,c-ch	1
缠手	chán shǒu	55895	an-ang,ao-ou,c-ch,s-sh	1
常礼	cháng lǐ	55896	an-ang,c-ch,n-l,r-l	1
抄收	chāo shōu	55897	ao-ou,c-ch,s-sh	1
车带	chē dài	55898	ai-ei,c-ch	1
车市	chē shì	55900	c-ch,s-sh	1
衬纸	chèn zhǐ	55901	en-eng,z-zh,c-ch	1
诚聘	chéng pìn	55902	en-eng,in-ing,c-ch	1
齿龈	chǐ yín	55905	in-ing,c-ch	3
赤痢	chì lì	55906	c-ch,n-l,r-l	1
冲腾	chōng téng	55907	en-eng,c-ch	1
酬对	chóu duì	55909	ao-ou,c-ch	1
丑时	chǒu shí	55910	ao-ou,c-ch,s-sh	1
出账	chū zhàng	55911	an-ang,z-zh,c-ch	1
初伏	chū fú	55912	c-ch,h-f	1
初愿	chū yuàn	55913	uan-uang,c-ch	1
雏燕	chú yàn	55914	an-ang,c-ch	1
舛误	chuǎn wù	55916	uan-uang,c-ch	3
串戏	chuàn xì	55917	uan-uang,c-ch,j-q-x	1
窗机	chuāng jī	55918	uan-uang,c-ch,j-q-x	1
垂念	chuí niàn	55919	ian-iang,c-ch,n-l	1
春令	chūn lìng	55920	in-ing,c-ch,n-l,r-l	1
纯品	chún pǐn	55922	in-ing,c-ch	1
雌花	cí huā	55923	ua-uo,c-ch,h-f	1
粗盐	cū yán	55927	an-ang,c-ch	1
粗拙	cū zhuō	55928	ua-uo,z-zh,c-ch	1
催肥	cuī féi	55929	ai-ei,c-ch,h-f	1
打总	dǎ zǒng	55931	z-zh	1
大要	dà yào	55932	ao-ou	1
带操	dài cāo	55933	ai-ei,ao-ou,c-ch	1
待承	dài cheng	55934	en-eng,ai-ei,c-ch	1
淡话	dàn huà	55936	an-ang,ua-uo,h-f	1
蛋粉	dàn fěn	55937	en-eng,an-ang,h-f	1
倒汇	dǎo huì	55938	ao-ou,h-f	1
倒休	dǎo xiū	55939	ao-ou,j-q-x	1
低陷	dī xiàn	55941	ian-iang,j-q-x	1
滴管	dī guǎn	55942	uan-uang	1
敌区	dí qū	55943	j-q-x	1
电灌	diàn guàn	55946	ian-iang,uan-uang	1
电灶	diàn zào	55947	ian-iang,ao-ou,z-zh	1
电钟	diàn zhōng	55948	ian-iang,z-zh	1
垫板	diàn bǎn	55950	an-ang,ian-iang	1
吊杆	diào gān	55952	an-ang	1
吊铺	diào pù	55953		1
跌足	diē zú	55954	ia-ie,z-zh	1
冻儿	dòng er	55957		1
兜捕	dōu bǔ	55958	ao-ou	1
兜卖	dōu mài	55959	ai-ei,ao-ou	1
斗箕	dǒu ji	55960	ao-ou,j-q-x	1
豆乳	dòu rǔ	55961	ao-ou,r-l	1
笃深	dǔ shēn	55962	en-eng,s-sh	3
笃守	dǔ shǒu	55963	ao-ou,s-sh	3
端线	duān xiàn	55965	ian-iang,uan-uang,j-q-x	1
躲风	duǒ fēng	55967	en-eng,ua-uo,h-f	1
躲让	duǒ ràng	55968	an-ang,ua-uo,r-l	1
讹谬	é miù	55969		1
耳针	ěr zhēn	55970	en-eng,z-zh	1
法帖	fǎ tiè	55973	ia-ie,h-f	1
发网	fà wǎng	55974	an-ang,h-f	1
翻胃	fān wèi	55976	an-ang,ai-ei,h-f	1
凡心	fán xīn	55977	in-ing,an-ang,h-f,j-q-x	1
反特	fǎn tè	55978	an-ang,h-f	1
返潮	fǎn cháo	55979	an-ang,ao-ou,c-ch,h-f	1
泛化	fàn huà	55980	an-ang,ua-uo,h-f	1
放刁	fàng diāo	55981	an-ang,h-f	1
放排	fàng pái	55982	an-ang,ai-ei,h-f	1
肥源	féi yuán	55984	uan-uang,ai-ei,h-f	1
分米	fēn mǐ	55985	en-eng,h-f	1
粉肠	fěn cháng	55986	en-eng,an-ang,c-ch,h-f	1
粪筐	fèn kuāng	55987	en-eng,uan-uang,h-f	1
缝缀	féng zhuì	55988	en-eng,z-zh,h-f	1
孵育	fū yù	55990	h-f	1
浮词	fú cí	55991	c-ch,h-f	1
浮石	fú shí	55992	s-sh,h-f	1
辅音	fǔ yīn	55994	in-ing,h-f	1
干松	gān song	55995	an-ang,s-sh	1
刚玉	gāng yù	55996	an-ang	1
岗地	gǎng dì	55997	an-ang	1
高纯	gāo chún	55998	ao-ou,c-ch	1
告缺	gào quē	55999	ao-ou,j-q-x	1
拆账	chāi zhàng	56001	an-ang,ai-ei,z-zh,c-ch	1
哽塞	gěng sè	56002	en-eng,s-sh	3
勾脸	gōu liǎn	56004	ian-iang,ao-ou,n-l,r-l	1
鼓包	gǔ bāo	56005	ao-ou	1
刮削	guā xuē	56007	ua-uo,j-q-x	1
挂屏	guà píng	56008	in-ing,ua-uo	1
挂轴	guà zhóu	56009	ao-ou,ua-uo,z-zh	1
观阵	guān zhèn	56010	en-eng,uan-uang,z-zh	1
惯贼	guàn zéi	56011	uan-uang,ai-ei,z-zh	1
果胶	guǒ jiāo	56015	ua-uo,j-q-x	1
果料	guǒ liào	56016	ua-uo,n-l,r-l	1
过电	guò diàn	56017	ian-iang,ua-uo	1
亥时	hài shí	56019	ai-ei,s-sh,h-f	1
寒腿	hán tuǐ	56021	an-ang,h-f	1
汗斑	hàn bān	56022	an-ang,h-f	1
薅草	hāo cǎo	56024	ao-ou,c-ch,h-f	3
耗散	hào sàn	56025	an-ang,ao-ou,s-sh,h-f	1
合数	hé shù	56026	s-sh,h-f	1
核审	hé shěn	56027	en-eng,s-sh,h-f	1
横联	héng lián	56029	en-eng,ian-iang,n-l,h-f,r-l	1
烘制	hōng zhì	56031	z-zh,h-f	1
红曲	hóng qū	56033	h-f,j-q-x	1
红参	hóng shēn	56034	en-eng,s-sh,h-f	1
后景	hòu jǐng	56035	in-ing,ao-ou,h-f,j-q-x	1
花肥	huā féi	56039	ai-ei,ua-uo,h-f	1
画堂	huà táng	56042	an-ang,ua-uo,h-f	1
环靶	huán bǎ	56043	uan-uang,h-f	1
换样	huàn yàng	56044	an-ang,uan-uang,h-f	1
黄壤	huáng rǎng	56045	an-ang,uan-uang,h-f,r-l	1
悔棋	huǐ qí	56047	h-f,j-q-x	1
贿买	huì mǎi	56048	ai-ei,h-f	1
活门	huó mén	56049	en-eng,ua-uo,h-f	1
基色	jī sè	56051	s-sh,j-q-x	1
吉剧	jí jù	56052	j-q-x	1
寄怀	jì huái	56056	h-f,j-q-x	1
加洗	jiā xǐ	56057	ia-ie,j-q-x	1
见老	jiàn lǎo	56060	ian-iang,ao-ou,n-l,r-l,j-q-x	1
僵蚕	jiāng cán	56062	an-ang,ian-iang,c-ch,j-q-x	1
奖旗	jiǎng qí	56063	ian-iang,j-q-x	1
降等	jiàng děng	56064	en-eng,ian-iang,j-q-x	1
娇好	jiāo hǎo	56065	ao-ou,h-f,j-q-x	1
娇养	jiāo yǎng	56066	an-ang,j-q-x	1
脚灯	jiǎo dēng	56069	en-eng,j-q-x	1
脚垫	jiǎo diàn	56070	ian-iang,j-q-x	1
脚腕	jiǎo wàn	56072	an-ang,j-q-x	1
教正	jiào zhèng	56073	en-eng,z-zh,j-q-x	1
揭底	jiē dǐ	56075	ia-ie,j-q-x	1
洁肤	jié fū	56076	ia-ie,h-f,j-q-x	1
禁毁	jìn huǐ	56081	in-ing,h-f,j-q-x	1
禁例	jìn lì	56082	in-ing,n-l,r-l,j-q-x	1
井栏	jǐng lán	56083	in-ing,an-ang,n-l,r-l,j-q-x	1
警花	jǐng huā	56084	in-ing,ua-uo,h-f,j-q-x	1
净得	jìng dé	56085	in-ing,j-q-x	1
敬颂	jìng sòng	56086	in-ing,s-sh,j-q-x	1
啾啾	jiū jiū	56088	j-q-x	2
救穷	jiù qióng	56090	j-q-x	1
橘汁	jú zhī	56092	z-zh,j-q-x	1
举火	jǔ huǒ	56093	ua-uo,h-f,j-q-x	1
拒敌	jù dí	56094	j-q-x	1
卷缩	juǎn suō	56095	uan-uang,ua-uo,s-sh,j-q-x	1
开颜	kāi yán	56096	an-ang,ai-ei	1
考释	kǎo shì	56098	ao-ou,s-sh	1
拷绸	kǎo chóu	56099	ao-ou,c-ch	1
可着	kě zhe	56101	z-zh	1
空名	kōng míng	56102	in-ing	1
空嫂	kōng sǎo	56103	ao-ou,s-sh	1
口算	kǒu suàn	56104	uan-uang,ao-ou,s-sh	1
枯朽	kū xiǔ	56105	j-q-x	1
宽旷	kuān kuàng	56106	uan-uang	1
宽宥	kuān yòu	56107	uan-uang,ao-ou	3
款步	kuǎn bù	56108	uan-uang	1
狂气	kuáng qi	56109	uan-uang,j-q-x	1
诳语	kuáng yǔ	56110	uan-uang	3
框定	kuàng dìng	56111	in-ing,uan-uang	1
灌录	guàn lù	56112	uan-uang,n-l,r-l	1
扩权	kuò quán	56113	uan-uang,ua-uo,j-q-x	1
拉脚	lā jiǎo	56114	n-l,r-l,j-q-x	1
懒鬼	lǎn guǐ	56115	an-ang,n-l,r-l	1
烂糊	làn hu	56116	an-ang,n-l,h-f,r-l	1
滥交	làn jiāo	56117	an-ang,n-l,r-l,j-q-x	1
朗照	lǎng zhào	56118	an-ang,ao-ou,z-zh,n-l,r-l	1
老几	lǎo jǐ	56120	ao-ou,n-l,r-l,j-q-x	1
老拳	lǎo quán	56121	uan-uang,ao-ou,n-l,r-l,j-q-x	1
冷布	lěng bù	56124	en-eng,n-l,r-l	1
冷冽	lěng liè	56125	en-eng,ia-ie,n-l,r-l	3
利市	lì shì	56130	s-sh,n-l,r-l	1
利嘴	lì zuǐ	56131	z-zh,n-l,r-l	1
莅会	lì huì	56132	n-l,h-f,r-l	3
莲心	lián xīn	56133	in-ing,ian-iang,n-l,r-l,j-q-x	1
脸热	liǎn rè	56134	ian-iang,n-l,r-l	1
量杯	liáng bēi	56135	ian-iang,ai-ei,n-l,r-l	1
烈风	liè fēng	56136	en-eng,ia-ie,n-l,h-f,r-l	1
零数	líng shù	56139	in-ing,s-sh,n-l,r-l	1
领工	lǐng gōng	56140	in-ing,n-l,r-l	1
搂钱	lǒu qián	56143	ian-iang,ao-ou,n-l,r-l,j-q-x	1
露白	lòu bái	56144	ai-ei,ao-ou,n-l,r-l	1
露丑	lòu chǒu	56145	ao-ou,c-ch,n-l,r-l	1
芦柑	lú gān	56146	an-ang,n-l,r-l	1
炉瓦	lú wǎ	56147	n-l,r-l	1
卵翼	luǎn yì	56149	uan-uang,n-l,r-l	1
落价	lào jià	56150	ao-ou,ia-ie,n-l,r-l,j-q-x	1
马弁	mǎ biàn	56151	ian-iang	3
鳗鲡	mán lí	56153	an-ang,n-l,r-l	2
芒草	máng cǎo	56154	an-ang,ao-ou,c-ch	1
毛重	máo zhòng	56155	ao-ou,z-zh	1
梦遗	mèng yí	56157	en-eng	1
绵绸	mián chóu	56160	ian-iang,ao-ou,c-ch	1
棉绸	mián chóu	56161	ian-iang,ao-ou,c-ch	1
明器	míng qì	56163	in-ing,j-q-x	1
明喻	míng yù	56164	in-ing	1
抹墙	mǒ qiáng	56166	ian-iang,j-q-x	1
墨菊	mò jú	56167	j-q-x	1
默算	mò suàn	56168	uan-uang,s-sh	1
卷纸	juǎn zhǐ	56169	uan-uang,z-zh,j-q-x	1
内陷	nèi xiàn	56174	ian-iang,ai-ei,n-l,j-q-x	1
孽根	niè gēn	56176	en-eng,ia-ie,n-l	1
啪嚓	pā chā	56179	c-ch	3
排椅	pái yǐ	56181	ai-ei	1
盘存	pán cún	56184	an-ang,c-ch	1
盘香	pán xiāng	56185	an-ang,ian-iang,j-q-x	1
片酬	piàn chóu	56187	ian-iang,ao-ou,c-ch	1
铺衬	pū chen	56189	en-eng,c-ch	1
漆雕	qī diāo	56191	j-q-x	1
启碇	qǐ dìng	56192	in-ing,j-q-x	3
气眼	qì yǎn	56194	an-ang,j-q-x	1
汽锤	qì chuí	56195	c-ch,j-q-x	1
牵记	qiān jì	56196	ian-iang,j-q-x	1
巧辩	qiǎo biàn	56199	ian-iang,j-q-x	1
秋衣	qiū yī	56204	j-q-x	1
缺员	quē yuán	56205	uan-uang,j-q-x	1
裙裤	qún kù	56207	j-q-x	1
日戳	rì chuō	56209	ua-uo,c-ch,r-l	1
散剂	sǎn jì	56211	an-ang,s-sh,j-q-x	1
杉篙	shā gāo	56212	ao-ou,s-sh	3
闪道	shǎn dào	56214	an-ang,ao-ou,s-sh	1
伤悼	shāng dào	56215	an-ang,ao-ou,s-sh	1
商计	shāng jì	56216	an-ang,s-sh,j-q-x	1
审题	shěn tí	56218	en-eng,s-sh	1
肾亏	shèn kuī	56219	en-eng,s-sh	1
庆生	qìng shēng	56221	en-eng,in-ing,s-sh,j-q-x	1
生荒	shēng huāng	56222	en-eng,uan-uang,s-sh,h-f	1
生皮	shēng pí	56223	en-eng,s-sh	1
声卡	shēng kǎ	56224	en-eng,s-sh	1
试表	shì biǎo	56226	s-sh	1
熟铁	shú tiě	56230	ia-ie,s-sh	1
涮肉	shuàn ròu	56232	uan-uang,ao-ou,s-sh,r-l	1
睡帽	shuì mào	56235	ao-ou,s-sh	1
丝糕	sī gāo	56236	ao-ou,s-sh	1
松包	sōng bāo	56238	ao-ou,s-sh	1
搜缴	sōu jiǎo	56240	ao-ou,s-sh,j-q-x	1
搜拿	sōu ná	56241	ao-ou,s-sh,n-l	1
素油	sù yóu	56243	ao-ou,s-sh	1
嗉囊	sù náng	56244	an-ang,s-sh,n-l	3
算草	suàn cǎo	56245	uan-uang,ao-ou,c-ch,s-sh	1
汤剂	tāng jì	56249	an-ang,j-q-x	1
藤编	téng biān	56251	en-eng,ian-iang	1
通窍	tōng qiào	56254	j-q-x	1
沱茶	tuó chá	56256	ua-uo,c-ch	3
外胎	wài tāi	56257	ai-ei	1
外痔	wài zhì	56258	ai-ei,z-zh	3
温乎	wēn hu	56261	en-eng,h-f	1
武师	wǔ shī	56265	s-sh	1
下欠	xià qiàn	56268	ian-iang,ia-ie,j-q-x	1
闲员	xián yuán	56270	ian-iang,uan-uang,j-q-x	1
险局	xiǎn jú	56271	ian-iang,j-q-x	1
险峭	xiǎn qiào	56272	ian-iang,j-q-x	1
现丑	xiàn chǒu	56273	ian-iang,ao-ou,c-ch,j-q-x	1
乡谈	xiāng tán	56274	an-ang,ian-iang,j-q-x	1
香醋	xiāng cù	56276	ian-iang,c-ch,j-q-x	1
详备	xiáng bèi	56277	ian-iang,ai-ei,j-q-x	1
销子	xiāo zi	56279	z-zh,j-q-x	1
谢却	xiè què	56282	ia-ie,j-q-x	1
蟹青	xiè qīng	56283	in-ing,ia-ie,j-q-x	1
信汇	xìn huì	56286	in-ing,h-f,j-q-x	1
凶讯	xiōng xùn	56287	j-q-x	1
秀俊	xiù jùn	56288	j-q-x	1
戌时	xū shí	56289	s-sh,j-q-x	1
煦煦	xù xù	56291	j-q-x	2
雪盲	xuě máng	56292	an-ang,j-q-x	1
血虚	xuè xū	56293	j-q-x	1
压场	yā chǎng	56294	an-ang,c-ch	1
衍文	yǎn wén	56296	en-eng,an-ang	1
眼浅	yǎn qiǎn	56297	an-ang,ian-iang,j-q-x	1
验伤	yàn shāng	56298	an-ang,s-sh	1
腰袋	yāo dài	56300	ai-ei,ao-ou	1
姨丈	yí zhàng	56304	an-ang,z-zh	1
佚失	yì shī	56307	s-sh	3
阴文	yīn wén	56308	en-eng,in-ing	1
应季	yìng jì	56310	in-ing,j-q-x	1
硬话	yìng huà	56311	in-ing,ua-uo,h-f	1
语序	yǔ xù	56314	j-q-x	1
圆实	yuán shi	56315	uan-uang,s-sh	1
乐律	yuè lǜ	56316	n-l,r-l	1
窄幅	zhǎi fú	56317	ai-ei,z-zh,h-f	1
毡笠	zhān lì	56318	an-ang,z-zh,n-l,r-l	3
镇尺	zhèn chǐ	56320	en-eng,z-zh,c-ch	1
争脸	zhēng liǎn	56321	en-eng,ian-iang,z-zh,n-l,r-l	1
纸媒	zhǐ méi	56323	ai-ei,z-zh	1
痔漏	zhì lòu	56324	ao-ou,z-zh,n-l,r-l	3
终席	zhōng xí	56326	z-zh,j-q-x	1
种仁	zhǒng rén	56327	en-eng,z-zh,r-l	1
周遍	zhōu biàn	56328	ian-iang,ao-ou,z-zh	1
肘窝	zhǒu wō	56329	ao-ou,z-zh	1
祝告	zhù gào	56330	ao-ou,z-zh	1
拙见	zhuō jiàn	56331	ian-iang,ua-uo,z-zh,j-q-x	1
棕毛	zōng máo	56333	ao-ou,z-zh	1
租佃	zū diàn	56335	ian-iang,z-zh	1
谙练	ān liàn	56337	an-ang,ian-iang,n-l,r-l	3
暗场	àn chǎng	56338	an-ang,c-ch	1
暗盒	àn hé	56339	an-ang,h-f	1
白痢	bái lì	56340	ai-ei,n-l,r-l	1
棒针	bàng zhēn	56344	en-eng,an-ang,z-zh	1
傍午	bàng wǔ	56345	an-ang	1
碑拓	bēi tà	56350	ai-ei	1
备忘	bèi wàng	56353	an-ang,ai-ei	1
焙干	bèi gān	56354	an-ang,ai-ei	3
边卡	biān qiǎ	56356	ian-iang,ia-ie,j-q-x	1
便路	biàn lù	56357	ian-iang,n-l,r-l	1
便中	biàn zhōng	56358	ian-iang,z-zh	1
彪悍	biāo hàn	56359	an-ang,h-f	1
鹁鸪	bó gū	56362		2
补苗	bǔ miáo	56363		1
菜薹	cài tái	56366	ai-ei,c-ch	3
餐点	cān diǎn	56367	an-ang,ian-iang,c-ch	1
衬布	chèn bù	56372	en-eng,c-ch	1
成宿	chéng xiǔ	56373	en-eng,c-ch,j-q-x	1
承做	chéng zuò	56374	en-eng,ua-uo,z-zh,c-ch	1
耻骨	chǐ gǔ	56376	c-ch	1
抽杀	chōu shā	56377	ao-ou,c-ch,s-sh	1
醇正	chún zhèng	56380	en-eng,z-zh,c-ch	1
刺溜	cī liū	56381	c-ch,n-l,r-l	1
瓷釉	cí yòu	56382	ao-ou,c-ch	3
伺弄	cì nòng	56383	c-ch,n-l	1
凑乎	còu hū	56384	ao-ou,c-ch,h-f	1
粗纺	cū fǎng	56385	an-ang,c-ch,h-f	1
催奶	cuī nǎi	56386	ai-ei,c-ch,n-l	1
脆枣	cuì zǎo	56387	ao-ou,z-zh,c-ch	1
大楷	dà kǎi	56389	ai-ei	1
弹膛	dàn táng	56391	an-ang	1
蛋羹	dàn gēng	56392	en-eng,an-ang	1
倒序	dào xù	56394	ao-ou,j-q-x	1
道钉	dào dīng	56395	in-ing,ao-ou	1
等距	děng jù	56396	en-eng,j-q-x	1
滴虫	dī chóng	56397	c-ch	1
缔交	dì jiāo	56398	j-q-x	1
电键	diàn jiàn	56399	ian-iang,j-q-x	1
电烫	diàn tàng	56400	an-ang,ian-iang	1
电珠	diàn zhū	56401	ian-iang,z-zh	1
垫话	diàn huà	56402	ian-iang,ua-uo,h-f	1
叮问	dīng wèn	56403	en-eng,in-ing	1
顶格	dǐng gé	56404	in-ing	1
丢荒	diū huāng	56405	uan-uang,h-f	1
冬汛	dōng xùn	56406	j-q-x	1
洞晓	dòng xiǎo	56407	j-q-x	1
笃爱	dǔ ài	56408	ai-ei	3
笃诚	dǔ chéng	56409	en-eng,c-ch	3
笃志	dǔ zhì	56410	z-zh	3
镀层	dù céng	56411	en-eng,c-ch	1
短秤	duǎn chèng	56412	en-eng,uan-uang,c-ch	1
短袜	duǎn wà	56413	uan-uang	1
断垄	duàn lǒng	56414	uan-uang,n-l,r-l	1
锻制	duàn zhì	56415	uan-uang,z-zh	1
对译	duì yì	56417		1
儿男	ér nán	56419	an-ang,n-l	1
发懒	fā lǎn	56421	an-ang,n-l,h-f,r-l	1
发刷	fà shuā	56422	ua-uo,s-sh,h-f	1
翻改	fān gǎi	56423	an-ang,ai-ei,h-f	1
翻造	fān zào	56424	an-ang,ao-ou,z-zh,h-f	1
饭口	fàn kǒu	56425	an-ang,ao-ou,h-f	1
饭囊	fàn náng	56426	an-ang,n-l,h-f	1
分杈	fēn chà	56428	en-eng,c-ch,h-f	3
分厘	fēn lí	56429	en-eng,n-l,h-f,r-l	1
分式	fēn shì	56430	en-eng,s-sh,h-f	1
仔畜	zǐ chù	56431	z-zh,c-ch	1
蜂毒	fēng dú	56432	en-eng,h-f	1
干煸	gān biān	56434	an-ang,ian-iang	3
干号	gān háo	56435	an-ang,ao-ou,h-f	1
干急	gān jí	56436	an-ang,j-q-x	1
宫扇	gōng shàn	56438	an-ang,s-sh	1
勾绘	gōu huì	56439	ao-ou,h-f	1
挂累	guà lěi	56441	ai-ei,ua-uo,n-l,r-l	1
官风	guān fēng	56442	en-eng,uan-uang,h-f	1
海程	hǎi chéng	56446	en-eng,ai-ei,c-ch,h-f	1
函购	hán gòu	56448	an-ang,ao-ou,h-f	1
寒症	hán zhèng	56449	en-eng,an-ang,z-zh,h-f	1
汉姓	hàn xìng	56450	in-ing,an-ang,h-f,j-q-x	1
旱道	hàn dào	56451	an-ang,ao-ou,h-f	1
悍勇	hàn yǒng	56452	an-ang,h-f	1
焊锡	hàn xī	56453	an-ang,h-f,j-q-x	1
禾谷	hé gǔ	56454	h-f	1
贺仪	hè yí	56455	h-f	1
褐煤	hè méi	56456	ai-ei,h-f	1
横街	héng jiē	56457	en-eng,ia-ie,h-f,j-q-x	1
烘房	hōng fáng	56459	an-ang,h-f	1
烘染	hōng rǎn	56460	an-ang,h-f,r-l	1
红汞	hóng gǒng	56461	h-f	1
宏才	hóng cái	56462	ai-ei,c-ch,h-f	1
猴拳	hóu quán	56463	uan-uang,ao-ou,h-f,j-q-x	1
湖汊	hú chà	56464	c-ch,h-f	3
湖田	hú tián	56465	ian-iang,h-f	1
护具	hù jù	56468	h-f,j-q-x	1
护腕	hù wàn	56469	an-ang,h-f	1
护胸	hù xiōng	56470	h-f,j-q-x	1
瓠子	hù zi	56471	z-zh,h-f	3
换茬	huàn chá	56473	uan-uang,c-ch,h-f	1
回纥	huí hé	56474	h-f	3
火捻	huǒ niǎn	56477	ian-iang,ua-uo,n-l,h-f	1
捡漏	jiǎn lòu	56481	ian-iang,ao-ou,n-l,r-l,j-q-x	1
减号	jiǎn hào	56482	ian-iang,ao-ou,h-f,j-q-x	1
嚼子	jiáo zi	56484	z-zh,j-q-x	1
叫春	jiào chūn	56485	c-ch,j-q-x	1
惊怪	jīng guài	56486	in-ing,j-q-x	1
精料	jīng liào	56487	in-ing,n-l,r-l,j-q-x	1
警探	jǐng tàn	56488	in-ing,an-ang,j-q-x	1
净手	jìng shǒu	56490	in-ing,ao-ou,s-sh,j-q-x	1
酒药	jiǔ yào	56492	ao-ou,j-q-x	1
旧恶	jiù è	56493	j-q-x	1
旧说	jiù shuō	56494	ua-uo,s-sh,j-q-x	1
旧知	jiù zhī	56495	z-zh,j-q-x	1
句读	jù dòu	56496	ao-ou,j-q-x	1
绝产	jué chǎn	56497	an-ang,c-ch,j-q-x	1
开冻	kāi dòng	56500	ai-ei	1
开胶	kāi jiāo	56501	ai-ei,j-q-x	1
开镜	kāi jìng	56502	in-ing,ai-ei,j-q-x	1
开台	kāi tái	56503	ai-ei	1
开线	kāi xiàn	56504	ian-iang,ai-ei,j-q-x	1
开言	kāi yán	56505	an-ang,ai-ei	1
客籍	kè jí	56507	j-q-x	1
空荡	kōng dàng	56509	an-ang	1
空身	kōng shēn	56510	en-eng,s-sh	1
口紧	kǒu jǐn	56511	in-ing,ao-ou,j-q-x	1
叩打	kòu dǎ	56512	ao-ou	1
苦夏	kǔ xià	56513	ia-ie,j-q-x	1
宽和	kuān hé	56515	uan-uang,h-f	1
宽展	kuān zhǎn	56516	an-ang,uan-uang,z-zh	1
狂烈	kuáng liè	56517	uan-uang,ia-ie,n-l,r-l	1
窥察	kuī chá	56519	c-ch	1
利口	lì kǒu	56522	ao-ou,n-l,r-l	1
联奏	lián zòu	56524	ian-iang,ao-ou,z-zh,n-l,r-l	1
零吃	líng chī	56528	in-ing,c-ch,n-l,r-l	1
遛鸟	liù niǎo	56529	n-l,r-l	3
卤味	lǔ wèi	56530	ai-ei,n-l,r-l	1
啰唆	luō suo	56532	ua-uo,s-sh,n-l,r-l	1
螺号	luó hào	56533	ao-ou,ua-uo,n-l,h-f,r-l	1
落锁	luò suǒ	56534	ua-uo,s-sh,n-l,r-l	1
浪笑	làng xiào	56539	an-ang,n-l,r-l,j-q-x	1
麦酒	mài jiǔ	56540	ai-ei,j-q-x	1
煤末	méi mò	56543	ai-ei	1
面茶	miàn chá	56548	ian-iang,c-ch	1
面瘫	miàn tān	56549	an-ang,ian-iang	1
妙诀	miào jué	56550	j-q-x	1
篾篓	miè lǒu	56551	ao-ou,ia-ie,n-l,r-l	3
目次	mù cì	56553	c-ch	1
牧放	mù fàng	56554	an-ang,h-f	1
拿大	ná dà	56555	n-l	1
拿乔	ná qiáo	56556	n-l,j-q-x	1
奶糕	nǎi gāo	56559	ai-ei,ao-ou,n-l	1
蛲虫	náo chóng	56560	ao-ou,c-ch,n-l	3
匿报	nì bào	56561	ao-ou,n-l	1
黏米	nián mǐ	56562	ian-iang,n-l	3
牛扒	niú pá	56565	n-l	1
派购	pài gòu	56566	ai-ei,ao-ou	1
跑电	pǎo diàn	56567	ian-iang,ao-ou	1
陪住	péi zhù	56569	ai-ei,z-zh	1
喷灯	pēn dēng	56571	en-eng	1
拼读	pīn dú	56573	in-ing	1
瓶胆	píng dǎn	56574	in-ing,an-ang	1
棋具	qí jù	56575	j-q-x	1
谦称	qiān chēng	56576	en-eng,ian-iang,c-ch,j-q-x	1
潜航	qián háng	56578	an-ang,ian-iang,h-f,j-q-x	1
欠产	qiàn chǎn	56579	an-ang,ian-iang,c-ch,j-q-x	1
抢工	qiǎng gōng	56581	ian-iang,j-q-x	1
戗面	qiàng miàn	56582	ian-iang,j-q-x	3
日薪	rì xīn	56587	in-ing,r-l,j-q-x	1
软水	ruǎn shuǐ	56589	uan-uang,s-sh,r-l	1
沙浴	shā yù	56590	s-sh	1
晒图	shài tú	56591	ai-ei,s-sh	1
石女	shí nǚ	56593	s-sh,n-l	1
粟子	sù zi	56594	z-zh,s-sh	1
台秤	tái chèng	56595	en-eng,ai-ei,c-ch	1
叹词	tàn cí	56596	an-ang,c-ch	1
探风	tàn fēng	56597	en-eng,an-ang,h-f	1
甜品	tián pǐn	56598	in-ing,ian-iang	1
头伏	tóu fú	56599	ao-ou,h-f	1
绿盘	lǜ pán	56600	an-ang,n-l,r-l	1
完败	wán bài	56601	an-ang,ai-ei	1
破处	pò chù	56603	c-ch	1
行房	xíng fáng	56609	in-ing,an-ang,h-f,j-q-x	1
颜值	yán zhí	56610	an-ang,z-zh	1
牙垢	yá gòu	56611	ao-ou	1
蝇拍	yíng pāi	56613	in-ing,ai-ei	1
喻义	yù yì	56615		1
允当	yǔn dàng	56616	an-ang	1
晕机	yùn jī	56617	j-q-x	1
孳乳	zī rǔ	56619	z-zh,r-l	3
走账	zǒu zhàng	56620	an-ang,ao-ou,z-zh	1
败毒	bài dú	56622	ai-ei	1
褒词	bāo cí	56623	ao-ou,c-ch	1
便壶	biàn hú	56624	ian-iang,h-f	1
残品	cán pǐn	56625	in-ing,an-ang,c-ch	1
脆骨	cuì gǔ	56628	c-ch	1
单姓	dān xìng	56630	in-ing,an-ang,j-q-x	1
倒牙	dǎo yá	56631	ao-ou	1
耳垢	ěr gòu	56634	ao-ou	1
二伏	èr fú	56635	h-f	1
公亩	gōng mǔ	56637		1
钩针	gōu zhēn	56638	en-eng,ao-ou,z-zh	1
过录	guò lù	56640	ua-uo,n-l,r-l	1
荤食	hūn shí	56646	s-sh,h-f	1
搅局	jiǎo jú	56647	j-q-x	1
借喻	jiè yù	56648	ia-ie,j-q-x	1
惧内	jù nèi	56650	ai-ei,n-l,j-q-x	1
抗上	kàng shàng	56651	an-ang,s-sh	1
舞盲	wǔ máng	56653	an-ang	1
癞疮	lài chuāng	56654	uan-uang,ai-ei,c-ch,n-l,r-l	3
卯榫	mǎo sǔn	56658	ao-ou,s-sh	3
末伏	mò fú	56659	h-f	1
黏性	nián xìng	56660	in-ing,ian-iang,n-l,j-q-x	3
苤蓝	piě lan	56662	an-ang,ia-ie,n-l,r-l	3
骑缝	qí fèng	56663	en-eng,h-f,j-q-x	1
顺嘴	shùn zuǐ	56664	z-zh,s-sh	1
市尺	shì chǐ	56665	c-ch,s-sh	1
首尔	shǒu ěr	56666	ao-ou,s-sh	1
舒松	shū sōng	56667	s-sh	1
熟语	shú yǔ	56668	s-sh	1
松仁	sōng rén	56670	en-eng,s-sh,r-l	1
叩关	kòu guān	56674	uan-uang,ao-ou	1
鲜啤	xiān pí	56676	ian-iang,j-q-x	1
小舌	xiǎo shé	56677	s-sh,j-q-x	1
谢顶	xiè dǐng	56679	in-ing,ia-ie,j-q-x	1
血崩	xuè bēng	56681	en-eng,j-q-x	1
腋臭	yè chòu	56682	ao-ou,c-ch	1
中魔	zhòng mó	56684	z-zh	1
仔鸡	zǐ jī	56685	z-zh,j-q-x	1
凹镜	āo jìng	56686	in-ing,ao-ou,j-q-x	1
抽测	chōu cè	56688	ao-ou,c-ch	1
电笔	diàn bǐ	56689	ian-iang	1
刁横	diāo hèng	56690	en-eng,h-f	1
凋败	diāo bài	56691	ai-ei	3
房贴	fáng tiē	56693	an-ang,ia-ie,h-f	1
概数	gài shù	56694	ai-ei,s-sh	1
勾芡	gōu qiàn	56695	ian-iang,ao-ou,j-q-x	3
拐棒	guǎi bàng	56696	an-ang	1
害鸟	hài niǎo	56697	ai-ei,n-l,h-f	1
敬语	jìng yǔ	56701	in-ing,j-q-x	1
勘误	kān wù	56703	an-ang	1
懒怠	lǎn dai	56704	an-ang,ai-ei,n-l,r-l	1
亮底	liàng dǐ	56705	ian-iang,n-l,r-l	1
了账	liǎo zhàng	56706	an-ang,z-zh,n-l,r-l	1
路考	lù kǎo	56707	ao-ou,n-l,r-l	1
骂架	mà jià	56711	ia-ie,j-q-x	1
买醉	mǎi zuì	56712	ai-ei,z-zh	1
鸣谢	míng xiè	56713	in-ing,ia-ie,j-q-x	1
悬臂	xuán bì	56714	uan-uang,j-q-x	1
泥子	nì zi	56715	z-zh,n-l	1
盘账	pán zhàng	56716	an-ang,z-zh	1
盆浴	pén yù	56717	en-eng	1
团粉	tuán fěn	56721	en-eng,uan-uang,h-f	1
销账	xiāo zhàng	56724	an-ang,z-zh,j-q-x	1
晕血	yùn xiě	56725	ia-ie,j-q-x	1
步测	bù cè	56727	c-ch	1
词类	cí lèi	56731	ai-ei,c-ch,n-l,r-l	1
汗脚	hàn jiǎo	56735	an-ang,h-f,j-q-x	1
借代	jiè dài	56737	ai-ei,ia-ie,j-q-x	1
焗油	jú yóu	56739	ao-ou,j-q-x	3
均价	jūn jià	56740	ia-ie,j-q-x	1
路规	lù guī	56742	n-l,r-l	1
盲打	máng dǎ	56744	an-ang	1
盘秤	pán chèng	56745	en-eng,an-ang,c-ch	1
软尺	ruǎn chǐ	56746	uan-uang,c-ch,r-l	1
市升	shì shēng	56748	en-eng,s-sh	1
唯一	wéi yī	56750	ai-ei	1
样稿	yàng gǎo	56752	an-ang,ao-ou	1
优盘	yōu pán	56753	an-ang,ao-ou	1
悼唁	dào yàn	56757	an-ang,ao-ou	1
垦复	kěn fù	56759	en-eng,h-f	1
至孝	zhì xiào	56760	z-zh,j-q-x	1
介词	jiè cí	56764	ia-ie,c-ch,j-q-x	1
酒刺	jiǔ cì	56766	c-ch,j-q-x	1
瞭望	liào wàng	56768	an-ang,n-l,r-l	1
手信	shǒu xìn	56771	in-ing,ao-ou,s-sh,j-q-x	1
领罪	lǐng zuì	56772	in-ing,z-zh,n-l,r-l	1
拢总	lǒng zǒng	56773	z-zh,n-l,r-l	1
喽啰	lóu luo	56774	ao-ou,ua-uo,n-l,r-l	3
落市	luò shì	56775	ua-uo,s-sh,n-l,r-l	1
陆基	lù jī	56779	n-l,r-l,j-q-x	1
平月	píng yuè	56780	in-ing	1
鲸饮	jīng yǐn	56781	in-ing,j-q-x	1
胸徽	xiōng huī	56782	h-f,j-q-x	1
血晕	xiě yùn	56786	ia-ie,j-q-x	1
晕针	yùn zhēn	56788	en-eng,z-zh	1
