骁骑	xiāo qí	36743	j-q-x	3
挟制	xié zhì	36744	ia-ie,z-zh,j-q-x	1
行窃	xíng qiè	36746	in-ing,ia-ie,j-q-x	1
凶暴	xiōng bào	36747	ao-ou,j-q-x	1
絮叨	xù dao	36749	ao-ou,j-q-x	1
悬梁	xuán liáng	36750	ian-iang,uan-uang,n-l,r-l,j-q-x	1
洋灰	yáng huī	36754	an-ang,h-f	1
异言	yì yán	36755	an-ang	1
译介	yì jiè	36756	ia-ie,j-q-x	1
音高	yīn gāo	36757	in-ing,ao-ou	1
用饭	yòng fàn	36758	an-ang,h-f	1
用刑	yòng xíng	36759	in-ing,j-q-x	1
游逛	yóu guàng	36760	uan-uang,ao-ou	1
游医	yóu yī	36761	ao-ou	1
渔利	yú lì	36762	n-l,r-l	1
元曲	yuán qǔ	36764	uan-uang,j-q-x	1
云气	yún qì	36765	j-q-x	1
早衰	zǎo shuāi	36766	ao-ou,z-zh,s-sh	1
皂白	zào bái	36767	ai-ei,ao-ou,z-zh	1
增拨	zēng bō	36768	en-eng,z-zh	1
增压	zēng yā	36769	en-eng,z-zh	1
瞻望	zhān wàng	36770	an-ang,z-zh	1
振臂	zhèn bì	36771	en-eng,z-zh	1
征象	zhēng xiàng	36772	en-eng,ian-iang,z-zh,j-q-x	1
止息	zhǐ xī	36773	z-zh,j-q-x	1
终局	zhōng jú	36775	z-zh,j-q-x	1
转体	zhuǎn tǐ	36778	uan-uang,z-zh	1
追诉	zhuī sù	36779	z-zh,s-sh	1
坠子	zhuì zi	36780	z-zh	1
悲切	bēi qiè	36782	ai-ei,ia-ie,j-q-x	1
本日	běn rì	36783	en-eng,r-l	1
猜谜	cāi mí	36787	ai-ei,c-ch	1
撑持	chēng chí	36788	en-eng,c-ch	1
雏鸡	chú jī	36789	c-ch,j-q-x	1
代庖	dài páo	36793	ai-ei,ao-ou	3
带班	dài bān	36794	an-ang,ai-ei	1
当啷	dāng lāng	36795	an-ang,n-l,r-l	3
党徒	dǎng tú	36796	an-ang	1
灯市	dēng shì	36797	en-eng,s-sh	1
垫款	diàn kuǎn	36798	ian-iang,uan-uang	1
定情	dìng qíng	36799	in-ing,j-q-x	1
对角	duì jiǎo	36800	j-q-x	1
翻地	fān dì	36801	an-ang,h-f	1
菲薄	fěi bó	36803	ai-ei,h-f	1
分拨	fēn bō	36804	en-eng,h-f	1
粉白	fěn bái	36805	en-eng,ai-ei,h-f	1
丰姿	fēng zī	36806	en-eng,z-zh,h-f	1
高妙	gāo miào	36809	ao-ou	1
工件	gōng jiàn	36810	ian-iang,j-q-x	1
公假	gōng jià	36811	ia-ie,j-q-x	1
公诸	gōng zhū	36812	z-zh	1
诟病	gòu bìng	36813	in-ing,ao-ou	3
寡言	guǎ yán	36816	an-ang,ua-uo	1
管保	guǎn bǎo	36817	uan-uang,ao-ou	1
管账	guǎn zhàng	36818	an-ang,uan-uang,z-zh	1
归位	guī wèi	36819	ai-ei	1
归葬	guī zàng	36820	an-ang,z-zh	1
鬼魅	guǐ mèi	36821	ai-ei	1
蒿草	hāo cǎo	36822	ao-ou,c-ch,h-f	3
合刊	hé kān	36823	an-ang,h-f	1
皇朝	huáng cháo	36825	uan-uang,ao-ou,c-ch,h-f	1
毁誉	huǐ yù	36826	h-f	1
荤腥	hūn xīng	36827	in-ing,h-f,j-q-x	1
肌腱	jī jiàn	36829	ian-iang,j-q-x	3
尖细	jiān xì	36832	ian-iang,j-q-x	1
教友	jiào yǒu	36833	ao-ou,j-q-x	1
解馋	jiě chán	36835	an-ang,ia-ie,c-ch,j-q-x	1
警棍	jǐng gùn	36836	in-ing,j-q-x	1
酒钱	jiǔ qián	36837	ian-iang,j-q-x	1
开胃	kāi wèi	36839	ai-ei	1
考分	kǎo fēn	36841	en-eng,ao-ou,h-f	1
窥测	kuī cè	36842	c-ch	1
困守	kùn shǒu	36843	ao-ou,s-sh	1
老鸨	lǎo bǎo	36845	ao-ou,n-l,r-l	3
立誓	lì shì	36847	s-sh,n-l,r-l	1
连用	lián yòng	36848	ian-iang,n-l,r-l	1
领航	lǐng háng	36849	in-ing,an-ang,n-l,h-f,r-l	1
令旗	lìng qí	36850	in-ing,n-l,r-l,j-q-x	1
流年	liú nián	36851	ian-iang,n-l,r-l	1
露营	lù yíng	36852	in-ing,n-l,r-l	1
旅伴	lǚ bàn	36853	an-ang,n-l,r-l	1
木片	mù piàn	36856	ian-iang	1
奶汁	nǎi zhī	36858	ai-ei,z-zh,n-l	1
男工	nán gōng	36859	an-ang,n-l	1
巨贾	jù gǔ	36860	j-q-x	1
暖棚	nuǎn péng	36861	en-eng,uan-uang,n-l	1
偶遇	ǒu yù	36862	ao-ou	1
排字	pái zì	36864	ai-ei,z-zh	1
狍子	páo zi	36866	ao-ou,z-zh	3
扑闪	pū shan	36867	an-ang,s-sh	1
谱曲	pǔ qǔ	36868	j-q-x	1
汽配	qì pèi	36873	ai-ei,j-q-x	1
掮客	qián kè	36875	ian-iang,j-q-x	3
强压	qiáng yā	36876	ian-iang,j-q-x	1
切近	qiè jìn	36878	in-ing,ia-ie,j-q-x	1
勤恳	qín kěn	36879	en-eng,in-ing,j-q-x	1
穷鬼	qióng guǐ	36880	j-q-x	1
曲直	qū zhí	36881	z-zh,j-q-x	1
曲牌	qǔ pái	36882	ai-ei,j-q-x	1
去病	qù bìng	36883	in-ing,j-q-x	1
人证	rén zhèng	36884	en-eng,z-zh,r-l	1
仁政	rén zhèng	36885	en-eng,z-zh,r-l	1
散佚	sàn yì	36887	an-ang,s-sh	3
食道	shí dào	36892	ao-ou,s-sh	1
帅印	shuài yìn	36893	in-ing,s-sh	1
睡莲	shuì lián	36895	ian-iang,s-sh,n-l,r-l	1
速算	sù suàn	36897	uan-uang,s-sh	1
通论	tōng lùn	36899	n-l,r-l	1
退隐	tuì yǐn	36900	in-ing	1
卧车	wò chē	36901	c-ch	1
西皮	xī pí	36903	j-q-x	1
淅沥	xī lì	36904	n-l,r-l,j-q-x	3
稀落	xī luò	36905	ua-uo,n-l,r-l,j-q-x	1
稀松	xī sōng	36906	s-sh,j-q-x	1
抓狂	zhuā kuáng	36911	uan-uang,ua-uo,z-zh	1
行乞	xíng qǐ	36913	in-ing,j-q-x	1
胸腺	xiōng xiàn	36914	ian-iang,j-q-x	1
勋爵	xūn jué	36915	j-q-x	1
样带	yàng dài	36916	an-ang,ai-ei	1
夜壶	yè hú	36917	h-f	1
仪礼	yí lǐ	36921	n-l,r-l	1
隐退	yǐn tuì	36924	in-ing	1
饮马	yìn mǎ	36925	in-ing	1
硬木	yìng mù	36926	in-ing	1
用茶	yòng chá	36927	c-ch	1
约谈	yuē tán	36928	an-ang	1
照排	zhào pái	36929	ai-ei,ao-ou,z-zh	1
震级	zhèn jí	36931	en-eng,z-zh,j-q-x	1
征粮	zhēng liáng	36932	en-eng,ian-iang,z-zh,n-l,r-l	1
正眼	zhèng yǎn	36934	en-eng,an-ang,z-zh	1
指环	zhǐ huán	36935	uan-uang,z-zh,h-f	1
竹楼	zhú lóu	36936	ao-ou,z-zh,n-l,r-l	1
组画	zǔ huà	36940	ua-uo,z-zh,h-f	1
祖业	zǔ yè	36941	z-zh	1
坐大	zuò dà	36942	ua-uo,z-zh	1
哀告	āi gào	36943	ai-ei,ao-ou	1
拔除	bá chú	36944	c-ch	1
拔营	bá yíng	36945	in-ing	1
棒喝	bàng hè	36950	an-ang,h-f	1
壁立	bì lì	36952	n-l,r-l	1
拨冗	bō rǒng	36954	r-l	1
侧翼	cè yì	36955	c-ch	1
叉车	chā chē	36956	c-ch	1
娼妇	chāng fù	36958	an-ang,c-ch,h-f	3
酬报	chóu bào	36961	ao-ou,c-ch	1
初民	chū mín	36962	in-ing,c-ch	1
春荒	chūn huāng	36963	uan-uang,c-ch,h-f	1
存疑	cún yí	36964	c-ch	1
大姓	dà xìng	36966	in-ing,j-q-x	1
等温	děng wēn	36968	en-eng	1
刁民	diāo mín	36972	in-ing	1
跌跤	diē jiāo	36973	ia-ie,j-q-x	1
段长	duàn cháng	36974	an-ang,uan-uang,c-ch	1
断崖	duàn yá	36975	uan-uang	1
飞逝	fēi shì	36977	ai-ei,s-sh,h-f	1
风传	fēng chuán	36979	en-eng,uan-uang,c-ch,h-f	1
负罪	fù zuì	36981	z-zh,h-f	1
干面	gān miàn	36982	an-ang,ian-iang	1
稿本	gǎo běn	36983	en-eng,ao-ou	1
告罄	gào qìng	36984	in-ing,ao-ou,j-q-x	3
谷粒	gǔ lì	36986	n-l,r-l	1
官腔	guān qiāng	36988	ian-iang,uan-uang,j-q-x	1
河坝	hé bà	36991	h-f	1
河曲	hé qū	36992	h-f,j-q-x	1
核资	hé zī	36993	z-zh,h-f	1
后金	hòu jīn	36994	in-ing,ao-ou,h-f,j-q-x	1
化痰	huà tán	36996	an-ang,ua-uo,h-f	1
幻境	huàn jìng	36998	in-ing,uan-uang,h-f,j-q-x	1
火枪	huǒ qiāng	37000	ian-iang,ua-uo,h-f,j-q-x	1
简章	jiǎn zhāng	37003	an-ang,ian-iang,z-zh,j-q-x	1
剑术	jiàn shù	37004	ian-iang,s-sh,j-q-x	1
践诺	jiàn nuò	37005	ian-iang,ua-uo,n-l,j-q-x	1
鉴证	jiàn zhèng	37006	en-eng,ian-iang,z-zh,j-q-x	1
交好	jiāo hǎo	37007	ao-ou,h-f,j-q-x	1
光伏	guāng fú	37008	uan-uang,h-f	1
角楼	jiǎo lóu	37009	ao-ou,n-l,r-l,j-q-x	1
京胡	jīng hú	37011	in-ing,h-f,j-q-x	1
就位	jiù wèi	37012	ai-ei,j-q-x	1
角力	jué lì	37013	n-l,r-l,j-q-x	1
绝世	jué shì	37014	s-sh,j-q-x	1
开腔	kāi qiāng	37015	ian-iang,ai-ei,j-q-x	1
拦蓄	lán xù	37016	an-ang,n-l,r-l,j-q-x	1
羸弱	léi ruò	37017	ai-ei,ua-uo,n-l,r-l	3
黧黑	lí hēi	37018	ai-ei,n-l,h-f,r-l	3
礼俗	lǐ sú	37019	s-sh,n-l,r-l	1
俚语	lǐ yǔ	37020	n-l,r-l	3
劣等	liè děng	37021	en-eng,ia-ie,n-l,r-l	1
鲈鱼	lú yú	37023	n-l,r-l	3
论道	lùn dào	37024	ao-ou,n-l,r-l	1
螺栓	luó shuān	37025	uan-uang,ua-uo,s-sh,n-l,r-l	1
蜜饯	mì jiàn	37026	ian-iang,j-q-x	3
墨笔	mò bǐ	37028		1
耐劳	nài láo	37029	ai-ei,ao-ou,n-l,r-l	1
弄权	nòng quán	37031	uan-uang,n-l,j-q-x	1
牌价	pái jià	37032	ai-ei,ia-ie,j-q-x	1
盘绕	pán rào	37033	an-ang,ao-ou,r-l	1
抛洒	pāo sǎ	37034	ao-ou,s-sh	1
陪审	péi shěn	37036	en-eng,ai-ei,s-sh	1
七夕	qī xī	37038	j-q-x	1
汽缸	qì gāng	37039	an-ang,j-q-x	1
桥涵	qiáo hán	37040	an-ang,h-f,j-q-x	1
青麻	qīng má	37041	in-ing,j-q-x	1
秋播	qiū bō	37043	j-q-x	1
热菜	rè cài	37044	ai-ei,c-ch,r-l	1
人梯	rén tī	37045	en-eng,r-l	1
茸茸	róng róng	37046	r-l	1
肉猪	ròu zhū	37047	ao-ou,z-zh,r-l	1
如上	rú shàng	37048	an-ang,s-sh,r-l	1
儒林	rú lín	37049	in-ing,n-l,r-l	1
瑟缩	sè suō	37050	ua-uo,s-sh	1
捎话	shāo huà	37052	ao-ou,ua-uo,s-sh,h-f	1
涉世	shè shì	37053	s-sh	1
神游	shén yóu	37054	en-eng,ao-ou,s-sh	1
收罗	shōu luó	37058	ao-ou,ua-uo,s-sh,n-l,r-l	1
首犯	shǒu fàn	37059	an-ang,ao-ou,s-sh,h-f	1
私了	sī liǎo	37061	s-sh,n-l,r-l	1
坦承	tǎn chéng	37063	en-eng,an-ang,c-ch	1
探井	tàn jǐng	37064	in-ing,an-ang,j-q-x	1
烫金	tàng jīn	37065	in-ing,an-ang,j-q-x	1
天棚	tiān péng	37067	en-eng,ian-iang	1
田鼠	tián shǔ	37068	ian-iang,s-sh	1
铜臭	tóng xiù	37069	j-q-x	1
推重	tuī zhòng	37070	z-zh	1
蛙鸣	wā míng	37071	in-ing	1
外亲	wài qīn	37072	in-ing,ai-ei,j-q-x	1
晚秋	wǎn qiū	37073	an-ang,j-q-x	1
旺销	wàng xiāo	37075	an-ang,j-q-x	1
瞎闹	xiā nào	37076	ao-ou,ia-ie,n-l,j-q-x	1
下作	xià zuo	37077	ia-ie,ua-uo,z-zh,j-q-x	1
限产	xiàn chǎn	37078	an-ang,ian-iang,c-ch,j-q-x	1
胁从	xié cóng	37080	ia-ie,c-ch,j-q-x	1
心火	xīn huǒ	37081	in-ing,ua-uo,h-f,j-q-x	1
嫣红	yān hóng	37085	an-ang,h-f	3
严办	yán bàn	37086	an-ang	1
严词	yán cí	37087	an-ang,c-ch	1
验资	yàn zī	37088	an-ang,z-zh	1
洋奴	yáng nú	37089	an-ang,n-l	1
译员	yì yuán	37092	uan-uang	1
隐晦	yǐn huì	37093	in-ing,h-f	1
印鉴	yìn jiàn	37094	in-ing,ian-iang,j-q-x	1
有喜	yǒu xǐ	37095	ao-ou,j-q-x	1
域外	yù wài	37096	ai-ei	1
原职	yuán zhí	37097	uan-uang,z-zh	1
远祖	yuǎn zǔ	37098	uan-uang,z-zh	1
云母	yún mǔ	37099		1
再植	zài zhí	37100	ai-ei,z-zh	1
早安	zǎo ān	37101	an-ang,ao-ou,z-zh	1
轧辊	zhá gǔn	37102	z-zh	3
照发	zhào fā	37103	ao-ou,z-zh,h-f	1
折返	zhé fǎn	37105	an-ang,z-zh,h-f	1
质对	zhì duì	37107	z-zh	1
致用	zhì yòng	37108	z-zh	1
舟楫	zhōu jí	37110	ao-ou,z-zh,j-q-x	3
转车	zhuǎn chē	37111	uan-uang,z-zh,c-ch	1
紫竹	zǐ zhú	37113	z-zh	1
字汇	zì huì	37114	z-zh,h-f	1
坐班	zuò bān	37115	an-ang,ua-uo,z-zh	1
坐庄	zuò zhuāng	37117	uan-uang,ua-uo,z-zh	1
做鬼	zuò guǐ	37118	ua-uo,z-zh	1
艾蒿	ài hāo	37119	ai-ei,ao-ou,h-f	3
安好	ān hǎo	37120	an-ang,ao-ou,h-f	1
白垩	bái è	37122	ai-ei	3
白药	bái yào	37123	ai-ei,ao-ou	1
报偿	bào cháng	37124	an-ang,ao-ou,c-ch	1
报亭	bào tíng	37125	in-ing,ao-ou	1
冰峰	bīng fēng	37129	en-eng,in-ing,h-f	1
惨祸	cǎn huò	37133	an-ang,ua-uo,c-ch,h-f	1
茶盘	chá pán	37134	an-ang,c-ch	1
沉香	chén xiāng	37135	en-eng,ian-iang,c-ch,j-q-x	1
充数	chōng shù	37137	c-ch,s-sh	1
出猎	chū liè	37138	ia-ie,c-ch,n-l,r-l	1
船运	chuán yùn	37139	uan-uang,c-ch	1
窗洞	chuāng dòng	37140	uan-uang,c-ch	1
盗掘	dào jué	37145	ao-ou,j-q-x	1
盗取	dào qǔ	37146	ao-ou,j-q-x	1
敌寇	dí kòu	37149	ao-ou	1
电贺	diàn hè	37151	ian-iang,h-f	1
订户	dìng hù	37153	in-ing,h-f	1
动土	dòng tǔ	37154		1
斗智	dòu zhì	37155	ao-ou,z-zh	1
反调	fǎn diào	37156	an-ang,h-f	1
饭粒	fàn lì	37157	an-ang,n-l,h-f,r-l	1
夫权	fū quán	37159	uan-uang,h-f,j-q-x	1
复学	fù xué	37160	h-f,j-q-x	1
干菜	gān cài	37161	an-ang,ai-ei,c-ch	1
港货	gǎng huò	37162	an-ang,ua-uo,h-f	1
共赴	gòng fù	37163	h-f	1
官气	guān qì	37164	uan-uang,j-q-x	1
滚筒	gǔn tǒng	37167		1
黑斑	hēi bān	37168	an-ang,ai-ei,h-f	1
横溢	héng yì	37171	en-eng,h-f	1
后效	hòu xiào	37172	ao-ou,h-f,j-q-x	1
还俗	huán sú	37173	uan-uang,s-sh,h-f	1
挥拳	huī quán	37174	uan-uang,h-f,j-q-x	1
激变	jī biàn	37177	ian-iang,j-q-x	1
寄情	jì qíng	37179	in-ing,j-q-x	1
肩挑	jiān tiāo	37180	ian-iang,j-q-x	1
娇贵	jiāo guì	37183	j-q-x	1
劲射	jìng shè	37185	in-ing,s-sh,j-q-x	1
锯子	jù zi	37186	z-zh,j-q-x	1
坷垃	kē la	37187	n-l,r-l	1
拉稀	lā xī	37190	n-l,r-l,j-q-x	1
烈酒	liè jiǔ	37194	ia-ie,n-l,r-l,j-q-x	1
猎获	liè huò	37195	ia-ie,ua-uo,n-l,h-f,r-l	1
笼头	lóng tou	37197	ao-ou,n-l,r-l	1
炉渣	lú zhā	37199	z-zh,n-l,r-l	1
膂力	lǚ lì	37200	n-l,r-l	3
沦亡	lún wáng	37201	an-ang,n-l,r-l	1
麦浪	mài làng	37203	an-ang,ai-ei,n-l,r-l	1
盲动	máng dòng	37204	an-ang	1
美工	měi gōng	37205	ai-ei	1
美玉	měi yù	37206	ai-ei	1
门环	mén huán	37207	en-eng,uan-uang,h-f	1
呢子	ní zi	37209	z-zh,n-l	1
泥炭	ní tàn	37210	an-ang,n-l	1
排空	pái kōng	37212	ai-ei	1
劈面	pī miàn	37214	ian-iang	1
凄迷	qī mí	37216	j-q-x	1
乞食	qǐ shí	37217	s-sh,j-q-x	1
气阀	qì fá	37219	h-f,j-q-x	1
气虚	qì xū	37221	j-q-x	1
摆拍	bǎi pāi	37222	ai-ei	1
牵累	qiān lěi	37223	ian-iang,ai-ei,n-l,r-l,j-q-x	1
翘楚	qiáo chǔ	37225	c-ch,j-q-x	1
染坊	rǎn fáng	37226	an-ang,h-f,r-l	1
日晒	rì shài	37229	ai-ei,s-sh,r-l	1
三伏	sān fú	37230	an-ang,s-sh,h-f	1
色鬼	sè guǐ	37231	s-sh	1
上药	shàng yào	37232	an-ang,ao-ou,s-sh	1
上载	shàng zài	37233	an-ang,ai-ei,z-zh,s-sh	1
深耕	shēn gēng	37234	en-eng,s-sh	1
婶母	shěn mǔ	37235	en-eng,s-sh	1
寿终	shòu zhōng	37236	ao-ou,z-zh,s-sh	1
疏落	shū luò	37237	ua-uo,s-sh,n-l,r-l	1
水烟	shuǐ yān	37239	an-ang,s-sh	1
私法	sī fǎ	37240	s-sh,h-f	1
送亲	sòng qīn	37241	in-ing,s-sh,j-q-x	1
拓片	tà piàn	37243	ian-iang	1
探病	tàn bìng	37244	in-ing,an-ang	1
田庄	tián zhuāng	37245	ian-iang,uan-uang,z-zh	1
铁腕	tiě wàn	37246	an-ang,ia-ie	1
铜壶	tóng hú	37247	h-f	1
外教	wài jiào	37250	ai-ei,j-q-x	1
围捕	wéi bǔ	37251	ai-ei	1
温软	wēn ruǎn	37252	en-eng,uan-uang,r-l	1
五毒	wǔ dú	37255		1
误用	wù yòng	37256		1
细弱	xì ruò	37258	ua-uo,r-l,j-q-x	1
现形	xiàn xíng	37260	in-ing,ian-iang,j-q-x	1
相沿	xiāng yán	37261	an-ang,ian-iang,j-q-x	1
行旅	xíng lǚ	37265	in-ing,n-l,r-l,j-q-x	1
续弦	xù xián	37266	ian-iang,j-q-x	1
熏染	xūn rǎn	37267	an-ang,r-l,j-q-x	1
药典	yào diǎn	37268	ian-iang,ao-ou	1
药粉	yào fěn	37269	en-eng,ao-ou,h-f	1
野驴	yě lǘ	37270	n-l,r-l	1
夜车	yè chē	37271	c-ch	1
衣扣	yī kòu	37273	ao-ou	1
遗训	yí xùn	37274	j-q-x	1
爆表	bào biǎo	37276	ao-ou	1
意想	yì xiǎng	37278	ian-iang,j-q-x	1
因由	yīn yóu	37279	in-ing,ao-ou	1
郁结	yù jié	37282	ia-ie,j-q-x	1
猿猴	yuán hóu	37284	uan-uang,ao-ou,h-f	1
月食	yuè shí	37285	s-sh	1
着慌	zháo huāng	37289	uan-uang,ao-ou,z-zh,h-f	1
着忙	zháo máng	37290	an-ang,ao-ou,z-zh	1
找错	zhǎo cuò	37291	ao-ou,ua-uo,z-zh,c-ch	1
执棒	zhí bàng	37292	an-ang,z-zh	1
竹筷	zhú kuài	37294	z-zh	1
筑堤	zhù dī	37295	z-zh	1
紫薇	zǐ wēi	37296	ai-ei,z-zh	1
安谧	ān mì	37297	an-ang	3
谙熟	ān shú	37298	an-ang,s-sh	3
拔脚	bá jiǎo	37299	j-q-x	1
白地	bái dì	37300	ai-ei	1
摆子	bǎi zi	37301	ai-ei,z-zh	1
败军	bài jūn	37302	ai-ei,j-q-x	1
拜堂	bài táng	37303	an-ang,ai-ei	1
编校	biān jiào	37304	ian-iang,j-q-x	1
兵戈	bīng gē	37305	in-ing	1
揣度	chuǎi duó	37307	ua-uo,c-ch	1
雌蕊	cí ruǐ	37309	c-ch,r-l	1
催命	cuī mìng	37310	in-ing,c-ch	1
大课	dà kè	37312		1
担待	dān dài	37316	an-ang,ai-ei	1
淡妆	dàn zhuāng	37317	an-ang,uan-uang,z-zh	1
底本	dǐ běn	37320	en-eng	1
断喝	duàn hè	37322	uan-uang,h-f	1
发条	fā tiáo	37323	h-f	1
飞沫	fēi mò	37325	ai-ei,h-f	1
符咒	fú zhòu	37326	ao-ou,z-zh,h-f	1
吸储	xī chǔ	37327	c-ch,j-q-x	1
干爽	gān shuǎng	37329	an-ang,uan-uang,s-sh	1
膏肓	gāo huāng	37335	uan-uang,ao-ou,h-f	3
公历	gōng lì	37337	n-l,r-l	1
躬亲	gōng qīn	37338	in-ing,j-q-x	1
怪道	guài dào	37340	ao-ou	1
喉结	hóu jié	37341	ao-ou,ia-ie,h-f,j-q-x	1
回手	huí shǒu	37345	ao-ou,s-sh,h-f	1
畸变	jī biàn	37348	ian-iang,j-q-x	1
祭拜	jì bài	37349	ai-ei,j-q-x	1
假唱	jiǎ chàng	37350	an-ang,ia-ie,c-ch,j-q-x	1
假造	jiǎ zào	37351	ao-ou,ia-ie,z-zh,j-q-x	1
疆界	jiāng jiè	37352	ian-iang,ia-ie,j-q-x	1
焦土	jiāo tǔ	37353	j-q-x	1
接地	jiē dì	37355	ia-ie,j-q-x	1
节烈	jié liè	37356	ia-ie,n-l,r-l,j-q-x	1
金箔	jīn bó	37357	in-ing,j-q-x	3
巨富	jù fù	37360	h-f,j-q-x	1
聚积	jù jī	37361	j-q-x	1
考风	kǎo fēng	37362	en-eng,ao-ou,h-f	1
磕碰	kē pèng	37363	en-eng	1
联翩	lián piān	37365	ian-iang,n-l,r-l	1
领章	lǐng zhāng	37367	in-ing,an-ang,z-zh,n-l,r-l	1
论罪	lùn zuì	37368	z-zh,n-l,r-l	1
马鹿	mǎ lù	37369	n-l,r-l	1
骂名	mà míng	37370	in-ing	1
蛮子	mán zi	37371	an-ang,z-zh	1
盟员	méng yuán	37372	en-eng,uan-uang	1
孟浪	mèng làng	37373	en-eng,an-ang,n-l,r-l	1
迷漫	mí màn	37374	an-ang	1
面壁	miàn bì	37375	ian-iang	1
耐火	nài huǒ	37377	ai-ei,ua-uo,n-l,h-f	1
囊肿	náng zhǒng	37379	an-ang,z-zh,n-l	1
鲇鱼	nián yú	37381	ian-iang,n-l	3
黏膜	nián mó	37382	ian-iang,n-l	3
旁落	páng luò	37383	an-ang,ua-uo,n-l,r-l	1
抛撒	pāo sǎ	37384	ao-ou,s-sh	1
陪练	péi liàn	37386	ian-iang,ai-ei,n-l,r-l	1
睥睨	pì nì	37387	n-l	2
票款	piào kuǎn	37388	uan-uang	1
平乱	píng luàn	37389	in-ing,uan-uang,n-l,r-l	1
情韵	qíng yùn	37392	in-ing,j-q-x	1
取决	qǔ jué	37393	j-q-x	1
肉饼	ròu bǐng	37395	in-ing,ao-ou,r-l	1
肉瘤	ròu liú	37396	ao-ou,n-l,r-l	1
入眼	rù yǎn	37398	an-ang,r-l	1
软体	ruǎn tǐ	37399	uan-uang,r-l	1
沙坑	shā kēng	37400	en-eng,s-sh	1
射杀	shè shā	37402	s-sh	1
赦罪	shè zuì	37403	z-zh,s-sh	1
诗体	shī tǐ	37405	s-sh	1
赎金	shú jīn	37406	in-ing,s-sh,j-q-x	1
述怀	shù huái	37407	s-sh,h-f	1
甩卖	shuǎi mài	37408	ai-ei,s-sh	1
帅才	shuài cái	37409	ai-ei,c-ch,s-sh	1
硬笔	yìng bǐ	37411	in-ing	1
酸苦	suān kǔ	37413	uan-uang,s-sh	1
叹号	tàn hào	37415	an-ang,ao-ou,h-f	1
体式	tǐ shì	37416	s-sh	1
团扇	tuán shàn	37419	an-ang,uan-uang,s-sh	1
脱皮	tuō pí	37420	ua-uo	1
驼铃	tuó líng	37421	in-ing,ua-uo,n-l,r-l	1
外勤	wài qín	37422	in-ing,ai-ei,j-q-x	1
外扬	wài yáng	37423	an-ang,ai-ei	1
乌鸡	wū jī	37425	j-q-x	1
误食	wù shí	37427	s-sh	1
雾凇	wù sōng	37428	s-sh	3
贤弟	xián dì	37431	ian-iang,j-q-x	1
相违	xiāng wéi	37432	ian-iang,ai-ei,j-q-x	1
笑星	xiào xīng	37433	in-ing,j-q-x	1
修士	xiū shì	37435	s-sh,j-q-x	1
蓄能	xù néng	37437	en-eng,n-l,j-q-x	1
雪耻	xuě chǐ	37438	c-ch,j-q-x	1
雅人	yǎ rén	37440	en-eng,r-l	1
湮灭	yān miè	37441	an-ang,ia-ie	3
眼泡	yǎn pāo	37442	an-ang,ao-ou	1
医道	yī dào	37445	ao-ou	1
乙脑	yǐ nǎo	37446	ao-ou,n-l	1
淫乱	yín luàn	37447	in-ing,uan-uang,n-l,r-l	1
用度	yòng dù	37449		1
用膳	yòng shàn	37450	an-ang,s-sh	3
优等	yōu děng	37451	en-eng,ao-ou	1
余党	yú dǎng	37452	an-ang	1
原任	yuán rèn	37453	en-eng,uan-uang,r-l	1
残币	cán bì	37454	an-ang,c-ch	1
砸锅	zá guō	37455	ua-uo,z-zh	1
灾变	zāi biàn	37456	ian-iang,ai-ei,z-zh	1
早操	zǎo cāo	37457	ao-ou,z-zh,c-ch	1
枕木	zhěn mù	37459	en-eng,z-zh	1
中班	zhōng bān	37463	an-ang,z-zh	1
字义	zì yì	37467	z-zh	1
总汇	zǒng huì	37468	z-zh,h-f	1
作呕	zuò ǒu	37469	ao-ou,ua-uo,z-zh	1
作色	zuò sè	37470	ua-uo,z-zh,s-sh	1
挨揍	āi zòu	37471	ai-ei,ao-ou,z-zh	1
爱河	ài hé	37472	ai-ei,h-f	1
安营	ān yíng	37473	in-ing,an-ang	1
半酣	bàn hān	37474	an-ang,h-f	1
扮作	bàn zuò	37475	an-ang,ua-uo,z-zh	1
包皮	bāo pí	37476	ao-ou	1
保人	bǎo ren	37478	en-eng,ao-ou,r-l	1
报头	bào tóu	37479	ao-ou	1
奔突	bēn tū	37481	en-eng	1
鼻炎	bí yán	37482	an-ang	1
毕露	bì lù	37483	n-l,r-l	1
扁豆	biǎn dòu	37484	ian-iang,ao-ou	1
兵船	bīng chuán	37485	in-ing,uan-uang,c-ch	1
不遂	bù suì	37486	s-sh	1
财帛	cái bó	37487	ai-ei,c-ch	3
彩绸	cǎi chóu	37488	ai-ei,ao-ou,c-ch	1
侧卧	cè wò	37489	c-ch	1
橙黄	chéng huáng	37490	en-eng,uan-uang,c-ch,h-f	1
虫灾	chóng zāi	37491	ai-ei,z-zh,c-ch	1
重圆	chóng yuán	37492	uan-uang,c-ch	1
愁肠	chóu cháng	37493	an-ang,ao-ou,c-ch	1
初识	chū shí	37494	c-ch,s-sh	1
错杂	cuò zá	37498	ua-uo,z-zh,c-ch	1
搭界	dā jiè	37499	ia-ie,j-q-x	1
打烊	dǎ yàng	37500	an-ang	3
倒悬	dào xuán	37503	uan-uang,ao-ou,j-q-x	1
盗猎	dào liè	37504	ao-ou,ia-ie,n-l,r-l	1
得空	dé kòng	37505		1
喋血	dié xuè	37506	ia-ie,j-q-x	3
定数	dìng shù	37507	in-ing,s-sh	1
豆粒	dòu lì	37508	ao-ou,n-l,r-l	1
鹅蛋	é dàn	37510	an-ang	1
奋争	fèn zhēng	37515	en-eng,z-zh,h-f	1
疯话	fēng huà	37516	en-eng,ua-uo,h-f	1
疯长	fēng zhǎng	37517	en-eng,an-ang,z-zh,h-f	1
浮浅	fú qiǎn	37518	ian-iang,h-f,j-q-x	1
父系	fù xì	37519	h-f,j-q-x	1
覆舟	fù zhōu	37520	ao-ou,z-zh,h-f	1
港府	gǎng fǔ	37524	an-ang,h-f	1
高寿	gāo shòu	37525	ao-ou,s-sh	1
笔芯	bǐ xīn	37529	in-ing,j-q-x	1
怪癖	guài pǐ	37530		3
局麻	jú má	37531	j-q-x	1
结帮	jié bāng	37532	an-ang,ia-ie,j-q-x	1
拦击	lán jī	37533	an-ang,n-l,r-l,j-q-x	1
陪聊	péi liáo	37534	ai-ei,n-l,r-l	1
果肉	guǒ ròu	37537	ao-ou,ua-uo,r-l	1
裹脚	guǒ jiǎo	37538	ua-uo,j-q-x	1
骇然	hài rán	37539	an-ang,ai-ei,h-f,r-l	1
毫发	háo fà	37540	ao-ou,h-f	1
核糖	hé táng	37541	an-ang,h-f	1
护院	hù yuàn	37543	uan-uang,h-f	1
回填	huí tián	37545	ian-iang,h-f	1
洄游	huí yóu	37546	ao-ou,h-f	3
火炭	huǒ tàn	37547	an-ang,ua-uo,h-f	1
货郎	huò láng	37548	an-ang,ua-uo,n-l,h-f,r-l	1
践行	jiàn xíng	37549	in-ing,ian-iang,j-q-x	1
精读	jīng dú	37551	in-ing,j-q-x	1
净菜	jìng cài	37552	in-ing,ai-ei,c-ch,j-q-x	1
纠察	jiū chá	37553	c-ch,j-q-x	1
揪斗	jiū dòu	37554	ao-ou,j-q-x	1
绝后	jué hòu	37555	ao-ou,h-f,j-q-x	1
扣压	kòu yā	37556	ao-ou	1
宽绰	kuān chuo	37557	uan-uang,ua-uo,c-ch	1
宽窄	kuān zhǎi	37558	uan-uang,ai-ei,z-zh	1
溃逃	kuì táo	37559	ao-ou	1
扩版	kuò bǎn	37560	an-ang,ua-uo	1
立交	lì jiāo	37562	n-l,r-l,j-q-x	1
漏子	lòu zi	37564	ao-ou,z-zh,n-l,r-l	1
门径	mén jìng	37565	en-eng,in-ing,j-q-x	1
渺渺	miǎo miǎo	37567		1
妙笔	miào bǐ	37568		1
民家	mín jiā	37569	in-ing,ia-ie,j-q-x	1
民谚	mín yàn	37570	in-ing,an-ang	1
漠漠	mò mò	37573		1
内伤	nèi shāng	37574	an-ang,ai-ei,s-sh,n-l	1
泥塘	ní táng	37575	an-ang,n-l	1
腻烦	nì fan	37576	an-ang,n-l,h-f	1
牛圈	niú juàn	37577	uan-uang,n-l,j-q-x	1
扁舟	piān zhōu	37579	ian-iang,ao-ou,z-zh	1
期房	qī fáng	37581	an-ang,h-f,j-q-x	1
青灯	qīng dēng	37582	en-eng,in-ing,j-q-x	1
清库	qīng kù	37585	in-ing,j-q-x	1
丘八	qiū bā	37586	j-q-x	1
求购	qiú gòu	37587	ao-ou,j-q-x	1
曲径	qū jìng	37588	in-ing,j-q-x	1
权且	quán qiě	37589	uan-uang,ia-ie,j-q-x	1
蜷伏	quán fú	37590	uan-uang,h-f,j-q-x	3
绒花	róng huā	37591	ua-uo,h-f,r-l	1
色盲	sè máng	37593	an-ang,s-sh	1
砂轮	shā lún	37595	s-sh,n-l,r-l	1
鳝鱼	shàn yú	37596	an-ang,s-sh	3
生光	shēng guāng	37598	en-eng,uan-uang,s-sh	1
失宠	shī chǒng	37600	c-ch,s-sh	1
失身	shī shēn	37601	en-eng,s-sh	1
诗会	shī huì	37602	s-sh,h-f	1
首场	shǒu chǎng	37604	an-ang,ao-ou,c-ch,s-sh	1
酸涩	suān sè	37609	uan-uang,s-sh	1
蒜头	suàn tóu	37610	uan-uang,ao-ou,s-sh	1
抬轿	tái jiào	37611	ai-ei,j-q-x	1
探戈	tàn gē	37613	an-ang	1
糖浆	táng jiāng	37615	an-ang,ian-iang,j-q-x	1
特需	tè xū	37616	j-q-x	1
通才	tōng cái	37617	ai-ei,c-ch	1
童真	tóng zhēn	37618	en-eng,z-zh	1
投寄	tóu jì	37619	ao-ou,j-q-x	1
文牍	wén dú	37620	en-eng	3
涡流	wō liú	37622	n-l,r-l	1
细粮	xì liáng	37624	ian-iang,n-l,r-l,j-q-x	1
夏令	xià lìng	37626	in-ing,ia-ie,n-l,r-l,j-q-x	1
先父	xiān fù	37627	ian-iang,h-f,j-q-x	1
贤达	xián dá	37628	ian-iang,j-q-x	1
现价	xiàn jià	37629	ian-iang,ia-ie,j-q-x	1
相较	xiāng jiào	37630	ian-iang,j-q-x	1
小坐	xiǎo zuò	37632	ua-uo,z-zh,j-q-x	1
新贵	xīn guì	37634	in-ing,j-q-x	1
牙床	yá chuáng	37635	uan-uang,c-ch	1
厌弃	yàn qì	37637	an-ang,j-q-x	1
厌学	yàn xué	37638	an-ang,j-q-x	1
阳痿	yáng wěi	37639	an-ang,ai-ei	3
谒见	yè jiàn	37640	ian-iang,j-q-x	3
异香	yì xiāng	37644	ian-iang,j-q-x	1
渔人	yú rén	37645	en-eng,r-l	1
圆寂	yuán jì	37646	uan-uang,j-q-x	1
熨贴	yùn tiē	37648	ia-ie	3
杂务	zá wù	37649	z-zh	1
择偶	zé ǒu	37650	ao-ou,z-zh	1
朝晖	zhāo huī	37651	ao-ou,z-zh,h-f	5
整装	zhěng zhuāng	37654	en-eng,uan-uang,z-zh	1
正品	zhèng pǐn	37655	en-eng,in-ing,z-zh	1
重头	zhòng tóu	37659	ao-ou,z-zh	1
按压	àn yā	37662	an-ang	1
暗恋	àn liàn	37663	an-ang,ian-iang,n-l,r-l	1
扳倒	bān dǎo	37664	an-ang,ao-ou	1
半坡	bàn pō	37665	an-ang	1
保票	bǎo piào	37666	ao-ou	1
被里	bèi lǐ	37667	ai-ei,n-l,r-l	1
被头	bèi tóu	37668	ai-ei,ao-ou	1
鞭笞	biān chī	37669	ian-iang,c-ch	3
贬斥	biǎn chì	37670	ian-iang,c-ch	1
病退	bìng tuì	37671	in-ing	1
补益	bǔ yì	37672		1
残冬	cán dōng	37677	an-ang,c-ch	1
充填	chōng tián	37679	ian-iang,c-ch	1
出溜	chū liu	37680	c-ch,n-l,r-l	1
初探	chū tàn	37681	an-ang,c-ch	1
导言	dǎo yán	37685	an-ang,ao-ou	1
灯台	dēng tái	37686	en-eng,ai-ei	1
底牌	dǐ pái	37688	ai-ei	1
貂皮	diāo pí	37691		3
定规	dìng guī	37692	in-ing	1
独院	dú yuàn	37695	uan-uang	1
兑取	duì qǔ	37698	j-q-x	1
发虚	fā xū	37700	h-f,j-q-x	1
分册	fēn cè	37701	en-eng,c-ch,h-f	1
蜂房	fēng fáng	37704	en-eng,an-ang,h-f	1
付账	fù zhàng	37705	an-ang,z-zh,h-f	1
钙化	gài huà	37706	ai-ei,ua-uo,h-f	1
告老	gào lǎo	37708	ao-ou,n-l,r-l	1
公侯	gōng hóu	37710	ao-ou,h-f	1
公审	gōng shěn	37711	en-eng,s-sh	1
锅铲	guō chǎn	37713	an-ang,ua-uo,c-ch	1
旱船	hàn chuán	37714	an-ang,uan-uang,c-ch,h-f	1
划拳	huá quán	37719	uan-uang,ua-uo,h-f,j-q-x	1
伙夫	huǒ fū	37720	ua-uo,h-f	1
激奋	jī fèn	37721	en-eng,h-f,j-q-x	1
急症	jí zhèng	37722	en-eng,z-zh,j-q-x	1
记工	jì gōng	37724	j-q-x	1
家兄	jiā xiōng	37726	ia-ie,j-q-x	1
夹衣	jiá yī	37727	ia-ie,j-q-x	1
减数	jiǎn shù	37728	ian-iang,s-sh,j-q-x	1
讲情	jiǎng qíng	37729	in-ing,ian-iang,j-q-x	1
结肠	jié cháng	37730	an-ang,ia-ie,c-ch,j-q-x	1
届期	jiè qī	37731	ia-ie,j-q-x	1
九天	jiǔ tiān	37732	ian-iang,j-q-x	1
拉纤	lā qiàn	37733	ian-iang,n-l,r-l,j-q-x	1
理疗	lǐ liáo	37735	n-l,r-l	1
练达	liàn dá	37736	ian-iang,n-l,r-l	1
凉席	liáng xí	37737	ian-iang,n-l,r-l,j-q-x	1
码子	mǎ zi	37740	z-zh	1
卖价	mài jià	37741	ai-ei,ia-ie,j-q-x	1
盟约	méng yuē	37743	en-eng	1
弥撒	mí sa	37744	s-sh	1
冥思	míng sī	37747	in-ing,s-sh	1
脑瘤	nǎo liú	37749	ao-ou,n-l,r-l	1
牛虻	niú méng	37750	en-eng,n-l	3
派发	pài fā	37751	ai-ei,h-f	1
胚芽	pēi yá	37752	ai-ei	1
赔罪	péi zuì	37753	ai-ei,z-zh	1
碰击	pèng jī	37754	en-eng,j-q-x	1
聘礼	pìn lǐ	37755	in-ing,n-l,r-l	1
凭栏	píng lán	37756	in-ing,an-ang,n-l,r-l	1
期许	qī xǔ	37757	j-q-x	1
起价	qǐ jià	37758	ia-ie,j-q-x	1
千伏	qiān fú	37759	ian-iang,h-f,j-q-x	1
球菌	qiú jūn	37761	j-q-x	1
驱邪	qū xié	37762	ia-ie,j-q-x	1
仁厚	rén hòu	37763	en-eng,ao-ou,h-f,r-l	1
容情	róng qíng	37764	in-ing,r-l,j-q-x	1
塞子	sāi zi	37766	ai-ei,z-zh,s-sh	1
散播	sàn bō	37768	an-ang,s-sh	1
神位	shén wèi	37772	en-eng,ai-ei,s-sh	1
尸检	shī jiǎn	37773	ian-iang,s-sh,j-q-x	1
事机	shì jī	37774	s-sh,j-q-x	1
手包	shǒu bāo	37775	ao-ou,s-sh	1
受邀	shòu yāo	37776	ao-ou,s-sh	1
顺溜	shùn liu	37778	s-sh,n-l,r-l	1
顺延	shùn yán	37779	an-ang,s-sh	1
酥软	sū ruǎn	37781	uan-uang,s-sh,r-l	1
碎步	suì bù	37783	s-sh	1
胎生	tāi shēng	37785	en-eng,ai-ei,s-sh	1
调资	tiáo zī	37787	z-zh	1
童车	tóng chē	37788	c-ch	1
投胎	tóu tāi	37789	ai-ei,ao-ou	1
外家	wài jiā	37790	ai-ei,ia-ie,j-q-x	1
网眼	wǎng yǎn	37792	an-ang	1
胃镜	wèi jìng	37793	in-ing,ai-ei,j-q-x	1
无日	wú rì	37795	r-l	1
袭取	xí qǔ	37798	j-q-x	1
洗练	xǐ liàn	37799	ian-iang,n-l,r-l,j-q-x	1
镶边	xiāng biān	37801	ian-iang,j-q-x	1
新芽	xīn yá	37802	in-ing,j-q-x	1
阉割	yān gē	37803	an-ang	3
言重	yán zhòng	37804	an-ang,z-zh	1
仰脖	yǎng bó	37809	an-ang	1
银杯	yín bēi	37812	in-ing,ai-ei	1
饮恨	yǐn hèn	37813	en-eng,in-ing,h-f	1
应否	yìng fǒu	37814	in-ing,ao-ou,h-f	1
鹦哥	yīng ge	37815	in-ing	1
影迷	yǐng mí	37816	in-ing	1
庸碌	yōng lù	37817	n-l,r-l	1
幽情	yōu qíng	37818	in-ing,ao-ou,j-q-x	1
鱼粉	yú fěn	37821	en-eng,h-f	1
玉成	yù chéng	37823	en-eng,c-ch	1
郁积	yù jī	37824	j-q-x	1
御侮	yù wǔ	37826		1
圆熟	yuán shú	37828	uan-uang,s-sh	1
岳庙	yuè miào	37830		1
杂工	zá gōng	37831	z-zh	1
毡子	zhān zi	37832	an-ang,z-zh	1
真传	zhēn chuán	37833	en-eng,uan-uang,z-zh,c-ch	1
真确	zhēn què	37834	en-eng,z-zh,j-q-x	1
治下	zhì xià	37837	ia-ie,z-zh,j-q-x	1
竹篱	zhú lí	37838	z-zh,n-l,r-l	1
贮备	zhù bèi	37840	ai-ei,z-zh	1
转院	zhuǎn yuàn	37841	uan-uang,z-zh	1
装裱	zhuāng biǎo	37842	uan-uang,z-zh	3
滋扰	zī rǎo	37843	ao-ou,z-zh,r-l	1
子代	zǐ dài	37844	ai-ei,z-zh	1
自经	zì jīng	37845	in-ing,z-zh,j-q-x	1
白胖	bái pàng	37850	an-ang,ai-ei	1
半世	bàn shì	37852	an-ang,s-sh	1
宝典	bǎo diǎn	37853	ian-iang,ao-ou	1
保举	bǎo jǔ	37854	ao-ou,j-q-x	1
卑怯	bēi qiè	37855	ai-ei,ia-ie,j-q-x	1
闭锁	bì suǒ	37856	ua-uo,s-sh	1
驳船	bó chuán	37857	uan-uang,c-ch	1
财礼	cái lǐ	37862	ai-ei,c-ch,n-l,r-l	1
测报	cè bào	37863	ao-ou,c-ch	1
插管	chā guǎn	37864	uan-uang,c-ch	1
查票	chá piào	37865	c-ch	1
炒米	chǎo mǐ	37867	ao-ou,c-ch	1
成法	chéng fǎ	37869	en-eng,c-ch,h-f	1
秤砣	chèng tuó	37870	en-eng,ua-uo,c-ch	3
愁思	chóu sī	37871	ao-ou,c-ch,s-sh	1
出航	chū háng	37872	an-ang,c-ch,h-f	1
磁极	cí jí	37874	c-ch,j-q-x	1
存粮	cún liáng	37875	ian-iang,c-ch,n-l,r-l	1
大灶	dà zào	37877	ao-ou,z-zh	1
挡驾	dǎng jià	37878	an-ang,ia-ie,j-q-x	1
悍匪	hàn fěi	37879	an-ang,ai-ei,h-f	1
嘀嗒	dī dā	37880		3
电耗	diàn hào	37881	ian-iang,ao-ou,h-f	1
飞渡	fēi dù	37885	ai-ei,h-f	1
飞临	fēi lín	37886	in-ing,ai-ei,n-l,h-f,r-l	1
废人	fèi rén	37887	en-eng,ai-ei,h-f,r-l	1
分秒	fēn miǎo	37888	en-eng,h-f	1
焚掠	fén lüè	37889	en-eng,n-l,h-f,r-l	1
缝子	fèng zi	37891	en-eng,z-zh,h-f	1
附会	fù huì	37892	h-f	1
改色	gǎi sè	37893	ai-ei,s-sh	1
构陷	gòu xiàn	37894	ian-iang,ao-ou,j-q-x	1
关涉	guān shè	37895	uan-uang,s-sh	1
罐车	guàn chē	37896	uan-uang,c-ch	1
过惯	guò guàn	37898	uan-uang,ua-uo	1
航测	háng cè	37899	an-ang,c-ch,h-f	1
号兵	hào bīng	37900	in-ing,ao-ou,h-f	1
还价	huán jià	37904	uan-uang,ia-ie,h-f,j-q-x	1
荒村	huāng cūn	37905	uan-uang,c-ch,h-f	1
胶带	jiāo dài	37907	ai-ei,j-q-x	1
绞车	jiǎo chē	37908	c-ch,j-q-x	1
叫板	jiào bǎn	37909	an-ang,j-q-x	1
仅此	jǐn cǐ	37911	in-ing,c-ch,j-q-x	1
粳稻	jīng dào	37913	in-ing,ao-ou,j-q-x	3
眷念	juàn niàn	37914	ian-iang,uan-uang,n-l,j-q-x	1
勘定	kān dìng	37915	in-ing,an-ang	1
垦殖	kěn zhí	37916	en-eng,z-zh	1
吭哧	kēng chi	37917	en-eng,c-ch	3
狂舞	kuáng wǔ	37918	uan-uang	1
蓝藻	lán zǎo	37920	an-ang,ao-ou,z-zh,n-l,r-l	1
愣是	lèng shì	37922	en-eng,s-sh,n-l,r-l	1
律令	lǜ lìng	37924	in-ing,n-l,r-l	1
马靴	mǎ xuē	37926	j-q-x	1
美餐	měi cān	37927	an-ang,ai-ei,c-ch	1
绵薄	mián bó	37930	ian-iang	1
奶娘	nǎi niáng	37932	ian-iang,ai-ei,n-l	1
内贸	nèi mào	37934	ai-ei,ao-ou,n-l	1
叛贼	pàn zéi	37935	an-ang,ai-ei,z-zh	1
喷薄	pēn bó	37936	en-eng	1
棚圈	péng juàn	37937	en-eng,uan-uang,j-q-x	1
片头	piàn tóu	37938	ian-iang,ao-ou	1
浅谈	qiǎn tán	37940	an-ang,ian-iang,j-q-x	1
枪栓	qiāng shuān	37941	ian-iang,uan-uang,s-sh,j-q-x	1
强撑	qiáng chēng	37942	en-eng,ian-iang,c-ch,j-q-x	1
青豆	qīng dòu	37944	in-ing,ao-ou,j-q-x	1
人墙	rén qiáng	37945	en-eng,ian-iang,r-l,j-q-x	1
卡奴	kǎ nú	37948	n-l	1
森然	sēn rán	37949	en-eng,an-ang,s-sh,r-l	1
盛年	shèng nián	37952	en-eng,ian-iang,s-sh,n-l	1
失敬	shī jìng	37953	in-ing,s-sh,j-q-x	1
师法	shī fǎ	37954	s-sh,h-f	1
石笋	shí sǔn	37956	s-sh	1
受潮	shòu cháo	37959	ao-ou,c-ch,s-sh	1
受窘	shòu jiǒng	37960	ao-ou,s-sh,j-q-x	1
授衔	shòu xián	37961	ian-iang,ao-ou,s-sh,j-q-x	1
书证	shū zhèng	37963	en-eng,z-zh,s-sh	1
蒜苗	suàn miáo	37965	uan-uang,s-sh	1
探秘	tàn mì	37966	an-ang	1
挑眼	tiāo yǎn	37968	an-ang	1
条陈	tiáo chén	37969	en-eng,c-ch	1
头功	tóu gōng	37970	ao-ou	1
突遇	tū yù	37971		1
推拿	tuī ná	37972	n-l	1
驼绒	tuó róng	37973	ua-uo,r-l	1
瓦匠	wǎ jiàng	37974	ian-iang,j-q-x	1
网卡	wǎng kǎ	37975	an-ang	1
微贱	wēi jiàn	37976	ian-iang,ai-ei,j-q-x	1
西历	xī lì	37978	n-l,r-l,j-q-x	1
习见	xí jiàn	37979	ian-iang,j-q-x	1
席面	xí miàn	37980	ian-iang,j-q-x	1
夏布	xià bù	37982	ia-ie,j-q-x	1
闲饭	xián fàn	37983	an-ang,ian-iang,h-f,j-q-x	1
贤才	xián cái	37984	ian-iang,ai-ei,c-ch,j-q-x	1
萧索	xiāo suǒ	37985	ua-uo,s-sh,j-q-x	1
小葱	xiǎo cōng	37986	c-ch,j-q-x	1
心慈	xīn cí	37987	in-ing,c-ch,j-q-x	1
新约	xīn yuē	37988	in-ing,j-q-x	1
信札	xìn zhá	37989	in-ing,z-zh,j-q-x	3
修脚	xiū jiǎo	37990	j-q-x	1
虚浮	xū fú	37991	h-f,j-q-x	1
熏蒸	xūn zhēng	37992	en-eng,z-zh,j-q-x	1
洋油	yáng yóu	37994	an-ang,ao-ou	1
野趣	yě qù	37995	j-q-x	1
仪容	yí róng	37997	r-l	1
用费	yòng fèi	37999	ai-ei,h-f	1
余兴	yú xìng	38003	in-ing,j-q-x	1
渔翁	yú wēng	38004	en-eng	1
原主	yuán zhǔ	38005	uan-uang,z-zh	1
载誉	zài yù	38006	ai-ei,z-zh	1
早班	zǎo bān	38007	an-ang,ao-ou,z-zh	1
轧制	zhá zhì	38009	z-zh	1
蛰居	zhé jū	38011	z-zh,j-q-x	3
诤友	zhèng yǒu	38012	en-eng,ao-ou,z-zh	3
骤变	zhòu biàn	38015	ian-iang,ao-ou,z-zh	1
铸币	zhù bì	38016	z-zh	1
转赠	zhuǎn zèng	38017	en-eng,uan-uang,z-zh	1
装设	zhuāng shè	38018	uan-uang,z-zh,s-sh	1
追讨	zhuī tǎo	38019	ao-ou,z-zh	1
自外	zì wài	38020	ai-ei,z-zh	1
座子	zuò zi	38022	ua-uo,z-zh	1
挨整	ái zhěng	38023	en-eng,ai-ei,z-zh	1
暗道	àn dào	38025	an-ang,ao-ou	1
暗含	àn hán	38026	an-ang,h-f	1
保底	bǎo dǐ	38027	ao-ou	1
报人	bào rén	38028	en-eng,ao-ou,r-l	1
备办	bèi bàn	38030	an-ang,ai-ei	1
备查	bèi chá	38031	ai-ei,c-ch	1
壁橱	bì chú	38033	c-ch	1
便池	biàn chí	38034	ian-iang,c-ch	1
波谷	bō gǔ	38035		1
堡子	bǔ zi	38036	z-zh	1
不睦	bù mù	38037		1
彩塑	cǎi sù	38038	ai-ei,c-ch,s-sh	1
草芥	cǎo jiè	38039	ao-ou,ia-ie,c-ch,j-q-x	1
陈说	chén shuō	38040	en-eng,ua-uo,c-ch,s-sh	1
称病	chēng bìng	38041	en-eng,in-ing,c-ch	1
敕令	chì lìng	38044	in-ing,c-ch,n-l,r-l	3
橱柜	chú guì	38046	c-ch	1
纯然	chún rán	38047	an-ang,c-ch,r-l	1
打伞	dǎ sǎn	38049	an-ang,s-sh	1
大副	dà fù	38051	h-f	1
大印	dà yìn	38053	in-ing	1
歹毒	dǎi dú	38054	ai-ei	1
歹人	dǎi rén	38055	en-eng,ai-ei,r-l	1
代词	dài cí	38056	ai-ei,c-ch	1
低贱	dī jiàn	38057	ian-iang,j-q-x	1
陡增	dǒu zēng	38059	en-eng,ao-ou,z-zh	1
对饮	duì yǐn	38060	in-ing	1
翻盖	fān gài	38062	an-ang,ai-ei,h-f	1
翻领	fān lǐng	38063	in-ing,an-ang,n-l,h-f,r-l	1
烦扰	fán rǎo	38064	an-ang,ao-ou,h-f,r-l	1
饭票	fàn piào	38065	an-ang,h-f	1
方步	fāng bù	38066	an-ang,h-f	1
粉刺	fěn cì	38067	en-eng,c-ch,h-f	1
浮冰	fú bīng	38068	in-ing,h-f	1
棺椁	guān guǒ	38072	uan-uang,ua-uo	3
馆所	guǎn suǒ	38073	uan-uang,ua-uo,s-sh	1
管材	guǎn cái	38074	uan-uang,ai-ei,c-ch	1
光润	guāng rùn	38075	uan-uang,r-l	1
归政	guī zhèng	38076	en-eng,z-zh	1
诡诈	guǐ zhà	38077	z-zh	1
鬼才	guǐ cái	38078	ai-ei,c-ch	1
国贼	guó zéi	38079	ai-ei,ua-uo,z-zh	1
汗液	hàn yè	38080	an-ang,h-f	1
豪强	háo qiáng	38083	ian-iang,ao-ou,h-f,j-q-x	1
弧度	hú dù	38087	h-f	1
护堤	hù dī	38088	h-f	1
花茶	huā chá	38089	ua-uo,c-ch,h-f	1
缓行	huǎn xíng	38090	in-ing,uan-uang,h-f,j-q-x	1
混纺	hùn fǎng	38093	an-ang,h-f	1
煎药	jiān yào	38095	ian-iang,ao-ou,j-q-x	1
教规	jiào guī	38098	j-q-x	1
借光	jiè guāng	38099	uan-uang,ia-ie,j-q-x	1
旧观	jiù guān	38101	uan-uang,j-q-x	1
开屏	kāi píng	38102	in-ing,ai-ei	1
廊子	láng zi	38105	an-ang,z-zh,n-l,r-l	1
离题	lí tí	38107	n-l,r-l	1
囹圄	líng yǔ	38109	in-ing,n-l,r-l	2
履带	lǚ dài	38111	ai-ei,n-l,r-l	1
掠取	lüè qǔ	38112	n-l,r-l,j-q-x	1
满文	mǎn wén	38113	en-eng,an-ang	1
毛虫	máo chóng	38114	ao-ou,c-ch	1
年假	nián jià	38116	ian-iang,ia-ie,n-l,j-q-x	1
牛气	niú qi	38117	n-l,j-q-x	1
刨食	páo shí	38118	ao-ou,s-sh	1
喷香	pèn xiāng	38119	en-eng,ian-iang,j-q-x	1
劈手	pī shǒu	38121	ao-ou,s-sh	1
坡道	pō dào	38122	ao-ou	1
朴质	pǔ zhì	38124	z-zh	1
气浪	qì làng	38126	an-ang,n-l,r-l,j-q-x	1
契税	qì shuì	38127	s-sh,j-q-x	1
前爪	qián zhǎo	38128	ian-iang,ao-ou,z-zh,j-q-x	1
浅近	qiǎn jìn	38129	in-ing,ian-iang,j-q-x	1
枪把	qiāng bà	38130	ian-iang,j-q-x	1
清障	qīng zhàng	38133	in-ing,an-ang,z-zh,j-q-x	1
缺额	quē é	38134	j-q-x	1
入药	rù yào	38135	ao-ou,r-l	1
散养	sǎn yǎng	38138	an-ang,s-sh	1
山冈	shān gāng	38139	an-ang,s-sh	1
删减	shān jiǎn	38140	an-ang,ian-iang,s-sh,j-q-x	1
善行	shàn xíng	38141	in-ing,an-ang,s-sh,j-q-x	1
上寿	shàng shòu	38142	an-ang,ao-ou,s-sh	1
上算	shàng suàn	38143	an-ang,uan-uang,s-sh	1
烧锅	shāo guō	38144	ao-ou,ua-uo,s-sh	1
深冬	shēn dōng	38145	en-eng,s-sh	1
诗境	shī jìng	38147	in-ing,s-sh,j-q-x	1
熟谙	shú ān	38149	an-ang,s-sh	3
恕罪	shù zuì	38150	z-zh,s-sh	1
朔日	shuò rì	38151	ua-uo,s-sh,r-l	3
搜求	sōu qiú	38152	ao-ou,s-sh,j-q-x	1
套裙	tào qún	38153	ao-ou,j-q-x	1
填空	tián kòng	38155	ian-iang	1
挑夫	tiāo fū	38156	h-f	1
跳神	tiào shén	38157	en-eng,s-sh	1
通铺	tōng pù	38158		1
偷换	tōu huàn	38159	uan-uang,ao-ou,h-f	1
违拗	wéi ào	38164	ai-ei,ao-ou	1
尾追	wěi zhuī	38165	ai-ei,z-zh	1
问诊	wèn zhěn	38166	en-eng,z-zh	1
西魏	xī wèi	38167	ai-ei,j-q-x	1
闲空	xián kòng	38168	ian-iang,j-q-x	1
贤淑	xián shū	38169	ian-iang,s-sh,j-q-x	1
相与	xiāng yǔ	38171	ian-iang,j-q-x	1
香片	xiāng piàn	38172	ian-iang,j-q-x	1
校医	xiào yī	38174	j-q-x	1
行迹	xíng jì	38176	in-ing,j-q-x	1
眼梢	yǎn shāo	38177	an-ang,ao-ou,s-sh	1
药膏	yào gāo	38179	ao-ou	1
咿呀	yī yā	38181		3
异邦	yì bāng	38182	an-ang	1
殷鉴	yīn jiàn	38185	in-ing,ian-iang,j-q-x	1
喑哑	yīn yǎ	38186	in-ing	3
萤火	yíng huǒ	38189	in-ing,ua-uo,h-f	1
邮轮	yóu lún	38190	ao-ou,n-l,r-l	1
鱼刺	yú cì	38191	c-ch	1
原封	yuán fēng	38193	en-eng,uan-uang,h-f	1
原种	yuán zhǒng	38194	uan-uang,z-zh	1
远虑	yuǎn lǜ	38195	uan-uang,n-l,r-l	1
远足	yuǎn zú	38196	uan-uang,z-zh	1
乐感	yuè gǎn	38197	an-ang	1
愠色	yùn sè	38198	s-sh	3
樟脑	zhāng nǎo	38200	an-ang,ao-ou,z-zh,n-l	1
肇始	zhào shǐ	38201	ao-ou,z-zh,s-sh	1
征调	zhēng diào	38202	en-eng,z-zh	1
忠烈	zhōng liè	38204	ia-ie,z-zh,n-l,r-l	1
专号	zhuān hào	38205	uan-uang,ao-ou,z-zh,h-f	1
装货	zhuāng huò	38206	uan-uang,ua-uo,z-zh,h-f	1
总台	zǒng tái	38209	ai-ei,z-zh	1
走卒	zǒu zú	38211	ao-ou,z-zh	1
做寿	zuò shòu	38212	ao-ou,ua-uo,z-zh,s-sh	1
标高	biāo gāo	38214	ao-ou	1
博雅	bó yǎ	38215		1
菜摊	cài tān	38217	an-ang,ai-ei,c-ch	1
餐巾	cān jīn	38218	in-ing,an-ang,c-ch,j-q-x	1
灿然	càn rán	38219	an-ang,c-ch,r-l	1
潮气	cháo qì	38220	ao-ou,c-ch,j-q-x	1
城防	chéng fáng	38222	en-eng,an-ang,c-ch,h-f	1
除弊	chú bì	38223	c-ch	1
揣想	chuǎi xiǎng	38224	ian-iang,c-ch,j-q-x	1
词形	cí xíng	38226	in-ing,c-ch,j-q-x	1
代偿	dài cháng	38228	an-ang,ai-ei,c-ch	1
到点	dào diǎn	38230	ian-iang,ao-ou	1
豆沙	dòu shā	38231	ao-ou,s-sh	1
断片	duàn piàn	38232	ian-iang,uan-uang	1
法统	fǎ tǒng	38233	h-f	1
防锈	fáng xiù	38234	an-ang,h-f,j-q-x	1
粉彩	fěn cǎi	38235	en-eng,ai-ei,c-ch,h-f	1
富矿	fù kuàng	38237	uan-uang,h-f	1
馥郁	fù yù	38238	h-f	3
高倍	gāo bèi	38241	ai-ei,ao-ou	1
弓形	gōng xíng	38243	in-ing,j-q-x	1
躬行	gōng xíng	38244	in-ing,j-q-x	1
关隘	guān ài	38246	uan-uang,ai-ei	1
国格	guó gé	38247	ua-uo	1
喊醒	hǎn xǐng	38248	in-ing,an-ang,h-f,j-q-x	1
合演	hé yǎn	38249	an-ang,h-f	1
黑鱼	hēi yú	38252	ai-ei,h-f	1
哼唧	hēng ji	38253	en-eng,h-f,j-q-x	1
狐媚	hú mèi	38254	ai-ei,h-f	1
机件	jī jiàn	38258	ian-iang,j-q-x	1
记仇	jì chóu	38260	ao-ou,c-ch,j-q-x	1
继室	jì shì	38261	s-sh,j-q-x	1
剪除	jiǎn chú	38262	ian-iang,c-ch,j-q-x	1
经心	jīng xīn	38266	in-ing,j-q-x	1
军权	jūn quán	38268	uan-uang,j-q-x	1
客舱	kè cāng	38270	an-ang,c-ch	1
客居	kè jū	38271	j-q-x	1
空竹	kōng zhú	38272	z-zh	1
旷课	kuàng kè	38273	uan-uang	1
厉行	lì xíng	38274	in-ing,n-l,r-l,j-q-x	1
量力	liàng lì	38275	ian-iang,n-l,r-l	1
了无	liǎo wú	38276	n-l,r-l	1
林苑	lín yuàn	38277	in-ing,uan-uang,n-l,r-l	1
另案	lìng àn	38278	in-ing,an-ang,n-l,r-l	1
芦席	lú xí	38280	n-l,r-l,j-q-x	1
卤素	lǔ sù	38281	s-sh,n-l,r-l	1
麦粒	mài lì	38283	ai-ei,n-l,r-l	1
茅棚	máo péng	38284	en-eng,ao-ou	1
密探	mì tàn	38285	an-ang	1
灭口	miè kǒu	38286	ao-ou,ia-ie	1
默祷	mò dǎo	38288	ao-ou	1
磨坊	mò fáng	38289	an-ang,h-f	1
男家	nán jiā	38291	an-ang,ia-ie,n-l,j-q-x	1
难说	nán shuō	38292	an-ang,ua-uo,s-sh,n-l	1
脑膜	nǎo mó	38293	ao-ou,n-l	1
派饭	pài fàn	38294	an-ang,ai-ei,h-f	1
砒霜	pī shuāng	38295	uan-uang,s-sh	3
皮具	pí jù	38296	j-q-x	1
偏狭	piān xiá	38298	ian-iang,ia-ie,j-q-x	1
签子	qiān zi	38300	ian-iang,z-zh,j-q-x	1
钦敬	qīn jìng	38302	in-ing,j-q-x	1
权柄	quán bǐng	38307	in-ing,uan-uang,j-q-x	1
权位	quán wèi	38308	uan-uang,ai-ei,j-q-x	1
群集	qún jí	38309	j-q-x	1
上唇	shàng chún	38312	an-ang,c-ch,s-sh	1
尚武	shàng wǔ	38313	an-ang,s-sh	1
深恐	shēn kǒng	38314	en-eng,s-sh	1
式子	shì zi	38316	z-zh,s-sh	1
适意	shì yì	38317	s-sh	1
手快	shǒu kuài	38318	ao-ou,s-sh	1
过秤	guò chèng	38320	en-eng,ua-uo,c-ch	1
率性	shuài xìng	38321	in-ing,s-sh,j-q-x	1
水害	shuǐ hài	38323	ai-ei,s-sh,h-f	1
说合	shuō he	38324	ua-uo,s-sh,h-f	1
随俗	suí sú	38325	s-sh	1
糖精	táng jīng	38326	in-ing,an-ang,j-q-x	1
特批	tè pī	38327		1
痛悔	tòng huǐ	38330	h-f	1
吐沫	tù mo	38332		1
团校	tuán xiào	38333	uan-uang,j-q-x	1
拖把	tuō bǎ	38336	ua-uo	1
外缘	wài yuán	38337	uan-uang,ai-ei	1
苇席	wěi xí	38338	ai-ei,j-q-x	1
咸鱼	xián yú	38344	ian-iang,j-q-x	1
献词	xiàn cí	38345	ian-iang,c-ch,j-q-x	1
相认	xiāng rèn	38346	en-eng,ian-iang,r-l,j-q-x	1
小楷	xiǎo kǎi	38349	ai-ei,j-q-x	1
校徽	xiào huī	38350	h-f,j-q-x	1
心浮	xīn fú	38352	in-ing,h-f,j-q-x	1
心算	xīn suàn	38353	in-ing,uan-uang,s-sh,j-q-x	1
星河	xīng hé	38354	in-ing,h-f,j-q-x	1
学力	xué lì	38356	n-l,r-l,j-q-x	1
邀宠	yāo chǒng	38360	ao-ou,c-ch	1
夜工	yè gōng	38362		1
疑窦	yí dòu	38363	ao-ou	3
引动	yǐn dòng	38365	in-ing	1
油桶	yóu tǒng	38366	ao-ou	1
余威	yú wēi	38367	ai-ei	1
鱼钩	yú gōu	38368	ao-ou	1
玉簪	yù zān	38369	an-ang,z-zh	3
云雨	yún yǔ	38371		1
运单	yùn dān	38372	an-ang	1
赠阅	zèng yuè	38374	en-eng,z-zh	1
折光	zhé guāng	38375	uan-uang,z-zh	1
值夜	zhí yè	38376	z-zh	1
至圣	zhì shèng	38377	en-eng,z-zh,s-sh	1
装殓	zhuāng liàn	38379	ian-iang,uan-uang,z-zh,n-l,r-l	3
卓绝	zhuó jué	38380	ua-uo,z-zh,j-q-x	1
字词	zì cí	38382	z-zh,c-ch	1
鬃毛	zōng máo	38383	ao-ou,z-zh	3
走兽	zǒu shòu	38384	ao-ou,z-zh,s-sh	1
嘴馋	zuǐ chán	38385	an-ang,z-zh,c-ch	1
容错	róng cuò	38386	ua-uo,c-ch,r-l	1
坐监	zuò jiān	38387	ian-iang,ua-uo,z-zh,j-q-x	1
伴娘	bàn niáng	38388	an-ang,ian-iang,n-l	1
绑腿	bǎng tuǐ	38389	an-ang	1
嘴刁	zuǐ diāo	38391	z-zh	1
备荒	bèi huāng	38392	uan-uang,ai-ei,h-f	1
被罩	bèi zhào	38393	ai-ei,ao-ou,z-zh	1
荸荠	bí qi	38394	j-q-x	2
蓖麻	bì má	38395		3
壁纸	bì zhǐ	38396	z-zh	1
卜卦	bǔ guà	38398	ua-uo	1
菜饭	cài fàn	38400	an-ang,ai-ei,c-ch,h-f	1
昌明	chāng míng	38401	in-ing,an-ang,c-ch	1
长虫	cháng chong	38402	an-ang,c-ch	1
肠炎	cháng yán	38403	an-ang,c-ch	1
陈醋	chén cù	38404	en-eng,c-ch	1
呈递	chéng dì	38405	en-eng,c-ch	1
持家	chí jiā	38406	ia-ie,c-ch,j-q-x	1
创面	chuāng miàn	38408	ian-iang,uan-uang,c-ch	1
蠢笨	chǔn bèn	38409	en-eng,c-ch	1
粗笨	cū bèn	38410	en-eng,c-ch	1
存身	cún shēn	38411	en-eng,c-ch,s-sh	1
当胸	dāng xiōng	38415	an-ang,j-q-x	1
道破	dào pò	38417	ao-ou	1
递送	dì sòng	38420	s-sh	1
兜底	dōu dǐ	38422	ao-ou	1
驮子	duò zi	38424	ua-uo,z-zh	1
分晓	fēn xiǎo	38426	en-eng,h-f,j-q-x	1
粉状	fěn zhuàng	38427	en-eng,uan-uang,z-zh,h-f	1
钢水	gāng shuǐ	38429	an-ang,s-sh	1
告警	gào jǐng	38430	in-ing,ao-ou,j-q-x	1
蛤蜊	gé lí	38431	n-l,r-l	3
孤本	gū běn	38433	en-eng	1
反水	fǎn shuǐ	38435	an-ang,s-sh,h-f	1
故交	gù jiāo	38436	j-q-x	1
管乐	guǎn yuè	38438	uan-uang	1
罐装	guàn zhuāng	38439	uan-uang,z-zh	1
贵妇	guì fù	38440	h-f	1
好懂	hǎo dǒng	38442	ao-ou,h-f	1
后学	hòu xué	38446	ao-ou,h-f,j-q-x	1
滑板	huá bǎn	38447	an-ang,ua-uo,h-f	1
怀古	huái gǔ	38449	h-f	1
怀恋	huái liàn	38450	ian-iang,n-l,h-f,r-l	1
蝗灾	huáng zāi	38451	uan-uang,ai-ei,z-zh,h-f	1
霍然	huò rán	38452	an-ang,ua-uo,h-f,r-l	1
加劲	jiā jìn	38454	in-ing,ia-ie,j-q-x	1
见天	jiàn tiān	38456	ian-iang,j-q-x	1
舰只	jiàn zhī	38457	ian-iang,z-zh,j-q-x	1
娇柔	jiāo róu	38459	ao-ou,r-l,j-q-x	1
校准	jiào zhǔn	38461	z-zh,j-q-x	1
结膜	jié mó	38462	ia-ie,j-q-x	1
荆条	jīng tiáo	38464	in-ing,j-q-x	1
角斗	jué dòu	38467	ao-ou,j-q-x	1
均势	jūn shì	38468	s-sh,j-q-x	1
空格	kòng gé	38470		1
拉票	lā piào	38471	n-l,r-l	1
老巢	lǎo cháo	38473	ao-ou,c-ch,n-l,r-l	1
猎户	liè hù	38474	ia-ie,n-l,h-f,r-l	1
零工	líng gōng	38475	in-ing,n-l,r-l	1
领结	lǐng jié	38476	in-ing,ia-ie,n-l,r-l,j-q-x	1
溜光	liū guāng	38477	uan-uang,n-l,r-l	1
瘤子	liú zi	38478	z-zh,n-l,r-l	1
马镫	mǎ dèng	38480	en-eng	3
闷棍	mèn gùn	38481	en-eng	1
盟誓	méng shì	38482	en-eng,s-sh	1
绵亘	mián gèn	38483	en-eng,ian-iang	3
灭门	miè mén	38484	en-eng,ia-ie	1
内勤	nèi qín	38488	in-ing,ai-ei,n-l,j-q-x	1
虐杀	nüè shā	38493	s-sh,n-l	1
抛光	pāo guāng	38494	uan-uang,ao-ou	1
炮口	pào kǒu	38495	ao-ou	1
疱疹	pào zhěn	38496	en-eng,ao-ou,z-zh	3
陪侍	péi shì	38497	ai-ei,s-sh	1
皮蛋	pí dàn	38498	an-ang	1
迫降	pò jiàng	38500	ian-iang,j-q-x	1
奇巧	qí qiǎo	38502	j-q-x	1
岂知	qǐ zhī	38503	z-zh,j-q-x	1
去岁	qù suì	38506	s-sh,j-q-x	1
劝诫	quàn jiè	38507	uan-uang,ia-ie,j-q-x	1
却步	què bù	38508	j-q-x	1
容人	róng rén	38510	en-eng,r-l	1
肉色	ròu sè	38511	ao-ou,s-sh,r-l	1
入流	rù liú	38512	n-l,r-l	1
骚货	sāo huò	38513	ao-ou,ua-uo,s-sh,h-f	1
晒台	shài tái	38514	ai-ei,s-sh	1
上装	shàng zhuāng	38515	an-ang,uan-uang,z-zh,s-sh	1
蛇胆	shé dǎn	38516	an-ang,s-sh	1
生水	shēng shuǐ	38519	en-eng,s-sh	1
盛举	shèng jǔ	38520	en-eng,s-sh,j-q-x	1
释怀	shì huái	38522	s-sh,h-f	1
双拐	shuāng guǎi	38523	uan-uang,s-sh	1
死敌	sǐ dí	38526	s-sh	1
松香	sōng xiāng	38529	ian-iang,s-sh,j-q-x	1
酸软	suān ruǎn	38530	uan-uang,s-sh,r-l	1
岁首	suì shǒu	38532	ao-ou,s-sh	1
藤条	téng tiáo	38533	en-eng	1
完人	wán rén	38537	en-eng,an-ang,r-l	1
万籁	wàn lài	38538	an-ang,ai-ei,n-l,r-l	3
亡友	wáng yǒu	38539	an-ang,ao-ou	1
莴苣	wō jù	38540	j-q-x	2
务使	wù shǐ	38543	s-sh	1
戏词	xì cí	38545	c-ch,j-q-x	1
戏装	xì zhuāng	38546	uan-uang,z-zh,j-q-x	1
下等	xià děng	38548	en-eng,ia-ie,j-q-x	1
刊误	kān wù	38549	an-ang	1
夏种	xià zhòng	38550	ia-ie,z-zh,j-q-x	1
线衣	xiàn yī	38551	ian-iang,j-q-x	1
相偕	xiāng xié	38552	ian-iang,ia-ie,j-q-x	3
笑纳	xiào nà	38553	n-l,j-q-x	1
偕同	xié tóng	38554	ia-ie,j-q-x	3
修史	xiū shǐ	38556	s-sh,j-q-x	1
玄武	xuán wǔ	38557	uan-uang,j-q-x	1
雁阵	yàn zhèn	38559	en-eng,an-ang,z-zh	1
要地	yào dì	38560	ao-ou	1
夜战	yè zhàn	38561	an-ang,z-zh	1
遗孤	yí gū	38562		1
遗少	yí shào	38563	ao-ou,s-sh	1
银灰	yín huī	38565	in-ing,h-f	1
引流	yǐn liú	38566	in-ing,n-l,r-l	1
印信	yìn xìn	38567	in-ing,j-q-x	1
英魂	yīng hún	38568	in-ing,h-f	1
营部	yíng bù	38569	in-ing	1
营帐	yíng zhàng	38570	in-ing,an-ang,z-zh	1
硬卧	yìng wò	38571	in-ing	1
用印	yòng yìn	38573	in-ing	1
鱼跃	yú yuè	38575		1
渔歌	yú gē	38576		1
愚钝	yú dùn	38577		1
圆弧	yuán hú	38580	uan-uang,h-f	1
载波	zài bō	38581	ai-ei,z-zh	1
侦缉	zhēn jī	38583	en-eng,z-zh,j-q-x	1
正身	zhèng shēn	38584	en-eng,z-zh,s-sh	1
重彩	zhòng cǎi	38585	ai-ei,z-zh,c-ch	1
逐鹿	zhú lù	38586	z-zh,n-l,r-l	1
转行	zhuǎn háng	38588	an-ang,uan-uang,z-zh,h-f	1
撰述	zhuàn shù	38589	uan-uang,z-zh,s-sh	1
宗祠	zōng cí	38591	z-zh,c-ch	1
安歇	ān xiē	38595	an-ang,ia-ie,j-q-x	1
暗合	àn hé	38596	an-ang,h-f	1
邦联	bāng lián	38599	an-ang,ian-iang,n-l,r-l	1
包罗	bāo luó	38600	ao-ou,ua-uo,n-l,r-l	1
笔架	bǐ jià	38601	ia-ie,j-q-x	1
臂章	bì zhāng	38602	an-ang,z-zh	1
编年	biān nián	38603	ian-iang,n-l	1
贬义	biǎn yì	38604	ian-iang	1
变天	biàn tiān	38605	ian-iang	1
屏退	bǐng tuì	38607	in-ing	1
裁撤	cái chè	38608	ai-ei,c-ch	1
冲力	chōng lì	38611	c-ch,n-l,r-l	1
窗框	chuāng kuàng	38614	uan-uang,c-ch	1
大侠	dà xiá	38615	ia-ie,j-q-x	1
党参	dǎng shēn	38617	en-eng,an-ang,s-sh	1
导语	dǎo yǔ	38618	ao-ou	1
凋落	diāo luò	38620	ua-uo,n-l,r-l	3
吊丧	diào sāng	38621	an-ang,s-sh	1
叠嶂	dié zhàng	38622	an-ang,ia-ie,z-zh	3
动口	dòng kǒu	38623	ao-ou	1
断粮	duàn liáng	38626	ian-iang,uan-uang,n-l,r-l	1
二房	èr fáng	38627	an-ang,h-f	1
二线	èr xiàn	38628	ian-iang,j-q-x	1
发闷	fā mèn	38629	en-eng,h-f	1
罚酒	fá jiǔ	38630	h-f,j-q-x	1
翻检	fān jiǎn	38631	an-ang,ian-iang,h-f,j-q-x	1
反身	fǎn shēn	38632	en-eng,an-ang,s-sh,h-f	1
飞散	fēi sàn	38633	an-ang,ai-ei,s-sh,h-f	1
悱恻	fěi cè	38634	ai-ei,c-ch,h-f	2
分母	fēn mǔ	38636	en-eng,h-f	1
锋刃	fēng rèn	38637	en-eng,h-f,r-l	1
佛手	fó shǒu	38638	ao-ou,s-sh,h-f	1
浮泛	fú fàn	38639	an-ang,h-f	1
港资	gǎng zī	38641	an-ang,z-zh	1
公干	gōng gàn	38643	an-ang	1
行间	háng jiān	38646	an-ang,ian-iang,h-f,j-q-x	1
护身	hù shēn	38648	en-eng,s-sh,h-f	1
华表	huá biǎo	38649	ua-uo,h-f	1
毁约	huǐ yuē	38650	h-f	1
火墙	huǒ qiáng	38651	ian-iang,ua-uo,h-f,j-q-x	1
叽咕	jī gu	38652	j-q-x	1
骄矜	jiāo jīn	38654	in-ing,j-q-x	3
角质	jiǎo zhì	38655	z-zh,j-q-x	1
禁药	jìn yào	38658	in-ing,ao-ou,j-q-x	1
竞逐	jìng zhú	38659	in-ing,z-zh,j-q-x	1
酒缸	jiǔ gāng	38660	an-ang,j-q-x	1
旧宅	jiù zhái	38661	ai-ei,z-zh,j-q-x	1
枯骨	kū gǔ	38662		1
狂傲	kuáng ào	38663	uan-uang,ao-ou	1
老例	lǎo lì	38665	ao-ou,n-l,r-l	1
历朝	lì cháo	38666	ao-ou,c-ch,n-l,r-l	1
联唱	lián chàng	38667	an-ang,ian-iang,c-ch,n-l,r-l	1
良缘	liáng yuán	38668	ian-iang,uan-uang,n-l,r-l	1
令狐	líng hú	38669	in-ing,n-l,h-f,r-l	1
美差	měi chāi	38672	ai-ei,c-ch	1
媚外	mèi wài	38673	ai-ei	1
末节	mò jié	38674	ia-ie,j-q-x	1
年礼	nián lǐ	38676	ian-iang,n-l,r-l	1
浓艳	nóng yàn	38679	an-ang,n-l	1
偶发	ǒu fā	38682	ao-ou,h-f	1
排班	pái bān	38683	an-ang,ai-ei	1
牌儿	pái er	38684	ai-ei	1
皮炎	pí yán	38688	an-ang	1
婆子	pó zi	38690	z-zh	1
起敬	qǐ jìng	38692	in-ing,j-q-x	1
气动	qì dòng	38693	j-q-x	1
汽船	qì chuán	38694	uan-uang,c-ch,j-q-x	1
前例	qián lì	38695	ian-iang,n-l,r-l,j-q-x	1
琴键	qín jiàn	38696	in-ing,ian-iang,j-q-x	1
绕场	rào chǎng	38697	an-ang,ao-ou,c-ch,r-l	1
孺子	rú zǐ	38699	z-zh,r-l	3
洒泪	sǎ lèi	38700	ai-ei,s-sh,n-l,r-l	1
山径	shān jìng	38701	in-ing,an-ang,s-sh,j-q-x	1
山炮	shān pào	38702	an-ang,ao-ou,s-sh	1
山系	shān xì	38703	an-ang,s-sh,j-q-x	1
生分	shēng fen	38705	en-eng,s-sh,h-f	1
生猛	shēng měng	38706	en-eng,s-sh	1
盛意	shèng yì	38707	en-eng,s-sh	1
施教	shī jiào	38708	s-sh,j-q-x	1
熟记	shú jì	38709	s-sh,j-q-x	1
蜀汉	shǔ hàn	38710	an-ang,s-sh,h-f	1
帅哥	shuài gē	38711	s-sh	1
太虚	tài xū	38714	ai-ei,j-q-x	1
题旨	tí zhǐ	38715	z-zh	1
图板	tú bǎn	38719	an-ang	1
蜕皮	tuì pí	38720		1
文案	wén àn	38722	en-eng,an-ang	1
戏耍	xì shuǎ	38724	ua-uo,s-sh,j-q-x	1
细纱	xì shā	38725	s-sh,j-q-x	1
县立	xiàn lì	38726	ian-iang,n-l,r-l,j-q-x	1
香菜	xiāng cài	38727	ian-iang,ai-ei,c-ch,j-q-x	1
小月	xiǎo yuè	38728	j-q-x	1
卸职	xiè zhí	38729	ia-ie,z-zh,j-q-x	1
驯良	xùn liáng	38730	ian-iang,n-l,r-l,j-q-x	1
压轴	yā zhòu	38731	ao-ou,z-zh	1
筵宴	yán yàn	38733	an-ang	3
演播	yǎn bō	38734	an-ang	1
鹰犬	yīng quǎn	38736	in-ing,uan-uang,j-q-x	1
速配	sù pèi	38737	ai-ei,s-sh	1
泳衣	yǒng yī	38738		1
邮筒	yóu tǒng	38739	ao-ou	1
有劳	yǒu láo	38741	ao-ou,n-l,r-l	1
余暇	yú xiá	38742	ia-ie,j-q-x	1
远扬	yuǎn yáng	38746	an-ang,uan-uang	1
月华	yuè huá	38747	ua-uo,h-f	1
月琴	yuè qín	38748	in-ing,j-q-x	1
跃马	yuè mǎ	38749		1
早婚	zǎo hūn	38750	ao-ou,z-zh,h-f	1
灶膛	zào táng	38751	an-ang,ao-ou,z-zh	1
招贤	zhāo xián	38752	ian-iang,ao-ou,z-zh,j-q-x	1
争胜	zhēng shèng	38753	en-eng,z-zh,s-sh	1
知命	zhī mìng	38754	in-ing,z-zh	1
至迟	zhì chí	38755	z-zh,c-ch	1
忠直	zhōng zhí	38756	z-zh	1
祝酒	zhù jiǔ	38757	z-zh,j-q-x	1
专擅	zhuān shàn	38758	an-ang,uan-uang,z-zh,s-sh	1
总集	zǒng jí	38762	z-zh,j-q-x	1
裸聊	luǒ liáo	38763	ua-uo,n-l,r-l	1
暗室	àn shì	38766	an-ang,s-sh	1
扳手	bān shou	38767	an-ang,ao-ou,s-sh	1
避邪	bì xié	38769	ia-ie,j-q-x	1
病弱	bìng ruò	38771	in-ing,ua-uo,r-l	1
波形	bō xíng	38772	in-ing,j-q-x	1
采蜜	cǎi mì	38774	ai-ei,c-ch	1
草编	cǎo biān	38776	ian-iang,ao-ou,c-ch	1
称羡	chēng xiàn	38780	en-eng,ian-iang,c-ch,j-q-x	1
侈谈	chǐ tán	38782	an-ang,c-ch	1
叱责	chì zé	38783	z-zh,c-ch	3
宠信	chǒng xìn	38784	in-ing,c-ch,j-q-x	1
冲压	chòng yā	38787	c-ch	1
雏鸟	chú niǎo	38788	c-ch,n-l	1
春茶	chūn chá	38790	c-ch	1
辞谢	cí xiè	38791	ia-ie,c-ch,j-q-x	1
粗劣	cū liè	38793	ia-ie,c-ch,n-l,r-l	1
萃取	cuì qǔ	38794	c-ch,j-q-x	3
打药	dǎ yào	38798	ao-ou	1
点歌	diǎn gē	38800	ian-iang	1
逗引	dòu yǐn	38802	in-ing,ao-ou	1
独生	dú shēng	38803	en-eng,s-sh	1
对折	duì zhé	38804	z-zh	1
兑奖	duì jiǎng	38805	ian-iang,j-q-x	1
多云	duō yún	38806	ua-uo	1
繁密	fán mì	38808	an-ang,h-f	1
封套	fēng tào	38809	en-eng,ao-ou,h-f	1
怫然	fú rán	38810	an-ang,h-f,r-l	3
附小	fù xiǎo	38811	h-f,j-q-x	1
附注	fù zhù	38812	z-zh,h-f	1
复刊	fù kān	38813	an-ang,h-f	1
富婆	fù pó	38814	h-f	1
干冷	gān lěng	38815	en-eng,an-ang,n-l,r-l	1
钩沉	gōu chén	38818	en-eng,ao-ou,c-ch	1
股肱	gǔ gōng	38819		3
挂车	guà chē	38820	ua-uo,c-ch	1
寒带	hán dài	38821	an-ang,ai-ei,h-f	1
航务	háng wù	38822	an-ang,h-f	1
视距	shì jù	38824	s-sh,j-q-x	1
物语	wù yǔ	38827		1
互市	hù shì	38828	s-sh,h-f	1
花蜜	huā mì	38830	ua-uo,h-f	1
茴香	huí xiāng	38832	ian-iang,h-f,j-q-x	3
毁容	huǐ róng	38833	h-f,r-l	1
击穿	jī chuān	38834	uan-uang,c-ch,j-q-x	1
积郁	jī yù	38835	j-q-x	1
缉获	jī huò	38836	ua-uo,h-f,j-q-x	1
奸佞	jiān nìng	38838	in-ing,ian-iang,n-l,j-q-x	3
江畔	jiāng pàn	38839	an-ang,ian-iang,j-q-x	1
讲好	jiǎng hǎo	38840	ian-iang,ao-ou,h-f,j-q-x	1
交工	jiāo gōng	38841	j-q-x	1
交尾	jiāo wěi	38842	ai-ei,j-q-x	1
结节	jié jié	38845	ia-ie,j-q-x	1
近路	jìn lù	38846	in-ing,n-l,r-l,j-q-x	1
敬告	jìng gào	38848	in-ing,ao-ou,j-q-x	1
旧习	jiù xí	38849	j-q-x	1
开球	kāi qiú	38851	ai-ei,j-q-x	1
旷达	kuàng dá	38854	uan-uang	1
良港	liáng gǎng	38856	an-ang,ian-iang,n-l,r-l	1
靓女	liàng nǚ	38857	ian-iang,n-l,r-l	3
了断	liǎo duàn	38858	uan-uang,n-l,r-l	1
流芳	liú fāng	38860	an-ang,n-l,h-f,r-l	1
柳眉	liǔ méi	38861	ai-ei,n-l,r-l	1
柳丝	liǔ sī	38862	s-sh,n-l,r-l	1
马帮	mǎ bāng	38863	an-ang	1
蒙语	méng yǔ	38864	en-eng	1
迷幻	mí huàn	38865	uan-uang,h-f	1
米糠	mǐ kāng	38866	an-ang	1
免俗	miǎn sú	38868	ian-iang,s-sh	1
面陈	miàn chén	38869	en-eng,ian-iang,c-ch	1
灭族	miè zú	38870	ia-ie,z-zh	1
泥淖	ní nào	38872	ao-ou,n-l	3
念珠	niàn zhū	38873	ian-iang,z-zh,n-l	1
喷头	pēn tóu	38874	en-eng,ao-ou	1
平顺	píng shùn	38876	in-ing,s-sh	1
祈盼	qí pàn	38879	an-ang,j-q-x	1
签到	qiān dào	38880	ian-iang,ao-ou,j-q-x	1
潜行	qián xíng	38881	in-ing,ian-iang,j-q-x	1
浅陋	qiǎn lòu	38882	ian-iang,ao-ou,n-l,r-l,j-q-x	1
乔装	qiáo zhuāng	38883	uan-uang,z-zh,j-q-x	1
琴曲	qín qǔ	38885	in-ing,j-q-x	1
清蒸	qīng zhēng	38886	en-eng,in-ing,z-zh,j-q-x	1
裘皮	qiú pí	38887	j-q-x	3
热炒	rè chǎo	38889	ao-ou,c-ch,r-l	1
认亲	rèn qīn	38891	en-eng,in-ing,r-l,j-q-x	1
茸毛	róng máo	38892	ao-ou,r-l	1
熔炼	róng liàn	38893	ian-iang,n-l,r-l	1
乳牛	rǔ niú	38894	n-l,r-l	1
三节	sān jié	38896	an-ang,ia-ie,s-sh,j-q-x	1
三陪	sān péi	38897	an-ang,ai-ei,s-sh	1
桑田	sāng tián	38898	an-ang,ian-iang,s-sh	1
沙田	shā tián	38899	ian-iang,s-sh	1
纱锭	shā dìng	38900	in-ing,s-sh	3
麝香	shè xiāng	38902	ian-iang,s-sh,j-q-x	3
生色	shēng sè	38903	en-eng,s-sh	1
胜券	shèng quàn	38904	en-eng,uan-uang,s-sh,j-q-x	1
失口	shī kǒu	38905	ao-ou,s-sh	1
时区	shí qū	38906	s-sh,j-q-x	1
热裤	rè kù	38907	r-l	1
手慢	shǒu màn	38909	an-ang,ao-ou,s-sh	1
书社	shū shè	38911	s-sh	1
竖子	shù zǐ	38912	z-zh,s-sh	1
水剂	shuǐ jì	38913	s-sh,j-q-x	1
水藻	shuǐ zǎo	38914	ao-ou,z-zh,s-sh	1
苏打	sū dá	38916	s-sh	1
酸梅	suān méi	38917	uan-uang,ai-ei,s-sh	1
酸味	suān wèi	38918	uan-uang,ai-ei,s-sh	1
汤面	tāng miàn	38919	an-ang,ian-iang	1
逃债	táo zhài	38920	ai-ei,ao-ou,z-zh	1
讨还	tǎo huán	38921	uan-uang,ao-ou,h-f	1
天帝	tiān dì	38924	ian-iang	1
甜酒	tián jiǔ	38925	ian-iang,j-q-x	1
甜润	tián rùn	38926	ian-iang,r-l	1
跳崖	tiào yá	38927		1
铁锈	tiě xiù	38928	ia-ie,j-q-x	1
同人	tóng rén	38930	en-eng,r-l	1
痛痒	tòng yǎng	38931	an-ang	1
纨绔	wán kù	38933	an-ang	2
无由	wú yóu	38935	ao-ou	1
武库	wǔ kù	38937		1
务须	wù xū	38938	j-q-x	1
西子	xī zǐ	38939	z-zh,j-q-x	1
细究	xì jiū	38940	j-q-x	1
陷坑	xiàn kēng	38942	en-eng,ian-iang,j-q-x	1
相帮	xiāng bāng	38943	an-ang,ian-iang,j-q-x	1
须生	xū shēng	38947	en-eng,s-sh,j-q-x	1
眩目	xuàn mù	38948	uan-uang,j-q-x	3
血洗	xuè xǐ	38949	j-q-x	1
验尸	yàn shī	38950	an-ang,s-sh	1
妖媚	yāo mèi	38952	ai-ei,ao-ou	1
药工	yào gōng	38953	ao-ou	1
夜餐	yè cān	38954	an-ang,c-ch	1
夜话	yè huà	38955	ua-uo,h-f	1
渔火	yú huǒ	38961	ua-uo,h-f	1
雨布	yǔ bù	38962		1
预习	yù xí	38964	j-q-x	1
遭逢	zāo féng	38967	en-eng,ao-ou,z-zh,h-f	1
占先	zhàn xiān	38968	an-ang,ian-iang,z-zh,j-q-x	1
掌印	zhǎng yìn	38969	in-ing,an-ang,z-zh	1
褶子	zhě zi	38970	z-zh	3
震感	zhèn gǎn	38971	en-eng,an-ang,z-zh	1
旨趣	zhǐ qù	38972	z-zh,j-q-x	1
至宝	zhì bǎo	38973	ao-ou,z-zh	1
捉奸	zhuō jiān	38976	ian-iang,ua-uo,z-zh,j-q-x	1
纵令	zòng lìng	38978	in-ing,z-zh,n-l,r-l	1
闭关	bì guān	38981	uan-uang	1
边幅	biān fú	38982	ian-iang,h-f	1
贬损	biǎn sǔn	38983	ian-iang,s-sh	1
残本	cán běn	38986	en-eng,an-ang,c-ch	1
蝉翼	chán yì	38987	an-ang,c-ch	1
长圆	cháng yuán	38988	an-ang,uan-uang,c-ch	1
潮润	cháo rùn	38989	ao-ou,c-ch,r-l	1
尘垢	chén gòu	38990	en-eng,ao-ou,c-ch	1
成眠	chéng mián	38991	en-eng,ian-iang,c-ch	1
承重	chéng zhòng	38992	en-eng,z-zh,c-ch	1
筹组	chóu zǔ	38994	ao-ou,z-zh,c-ch	1
出操	chū cāo	38995	ao-ou,c-ch	1
初犯	chū fàn	38996	an-ang,c-ch,h-f	1
春假	chūn jià	38997	ia-ie,c-ch,j-q-x	1
蠢动	chǔn dòng	38998	c-ch	1
惊羡	jīng xiàn	39000	in-ing,ian-iang,j-q-x	1
亮剑	liàng jiàn	39002	ian-iang,n-l,r-l,j-q-x	1
打火	dǎ huǒ	39003	ua-uo,h-f	1
盗名	dào míng	39005	in-ing,ao-ou	1
得闲	dé xián	39006	ian-iang,j-q-x	1
顶灯	dǐng dēng	39007	en-eng,in-ing	1
短见	duǎn jiàn	39008	ian-iang,uan-uang,j-q-x	1
发疼	fā téng	39013	en-eng,h-f	1
飞花	fēi huā	39014	ai-ei,ua-uo,h-f	1
飞驶	fēi shǐ	39015	ai-ei,s-sh,h-f	1
粉黛	fěn dài	39016	en-eng,ai-ei,h-f	3
风凉	fēng liáng	39017	en-eng,ian-iang,n-l,h-f,r-l	1
风习	fēng xí	39018	en-eng,h-f,j-q-x	1
复课	fù kè	39019	h-f	1
复评	fù píng	39020	in-ing,h-f	1
腹稿	fù gǎo	39021	ao-ou,h-f	1
概貌	gài mào	39022	ai-ei,ao-ou	1
公爹	gōng diē	39024	ia-ie	1
恭请	gōng qǐng	39025	in-ing,j-q-x	1
狗命	gǒu mìng	39026	in-ing,ao-ou	1
骨粉	gǔ fěn	39028	en-eng,h-f	1
灌顶	guàn dǐng	39032	in-ing,uan-uang	1
过礼	guò lǐ	39034	ua-uo,n-l,r-l	1
过堂	guò táng	39035	an-ang,ua-uo	1
行距	háng jù	39036	an-ang,h-f,j-q-x	1
后嗣	hòu sì	39039	ao-ou,s-sh,h-f	3
花镜	huā jìng	39040	in-ing,ua-uo,h-f,j-q-x	1
华盖	huá gài	39042	ai-ei,ua-uo,h-f	1
还政	hái zhèng	39043	en-eng,ai-ei,z-zh,h-f	1
微号	wēi hào	39044	ai-ei,ao-ou,h-f	1
佳境	jiā jìng	39048	in-ing,ia-ie,j-q-x	1
艰涩	jiān sè	39049	ian-iang,s-sh,j-q-x	1
交班	jiāo bān	39050	an-ang,j-q-x	1
接合	jiē hé	39051	ia-ie,h-f,j-q-x	1
纠结	jiū jié	39052	ia-ie,j-q-x	1
就手	jiù shǒu	39053	ao-ou,s-sh,j-q-x	1
踽踽	jǔ jǔ	39056	j-q-x	2
菌落	jūn luò	39057	ua-uo,n-l,r-l,j-q-x	1
刊印	kān yìn	39058	in-ing,an-ang	1
口试	kǒu shì	39059	ao-ou,s-sh	1
老泪	lǎo lèi	39061	ai-ei,ao-ou,n-l,r-l	1
溜圆	liū yuán	39067	uan-uang,n-l,r-l	1
六甲	liù jiǎ	39068	ia-ie,n-l,r-l,j-q-x	1
龙套	lóng tào	39070	ao-ou,n-l,r-l	1
芦荟	lú huì	39071	n-l,h-f,r-l	3
满门	mǎn mén	39074	en-eng,an-ang	1
芒刺	máng cì	39075	an-ang,c-ch	1
媚笑	mèi xiào	39076	ai-ei,j-q-x	1
乜斜	miē xie	39077	ia-ie,j-q-x	3
木棉	mù mián	39079	ian-iang	1
念白	niàn bái	39080	ian-iang,ai-ei,n-l	1
念旧	niàn jiù	39081	ian-iang,n-l,j-q-x	1
鸟枪	niǎo qiāng	39082	ian-iang,n-l,j-q-x	1
攀附	pān fù	39083	an-ang,h-f	1
攀亲	pān qīn	39084	in-ing,an-ang,j-q-x	1
炮舰	pào jiàn	39085	ian-iang,ao-ou,j-q-x	1
陪都	péi dū	39086	ai-ei	1
篷船	péng chuán	39087	en-eng,uan-uang,c-ch	1
披甲	pī jiǎ	39088	ia-ie,j-q-x	1
平叛	píng pàn	39089	in-ing,an-ang	1
脯子	pú zi	39090	z-zh	1
奇丽	qí lì	39091	n-l,r-l,j-q-x	1
警嫂	jǐng sǎo	39092	in-ing,ao-ou,s-sh,j-q-x	1
签押	qiān yā	39093	ian-iang,j-q-x	1
纤手	qiàn shǒu	39094	ian-iang,ao-ou,s-sh,j-q-x	1
枪眼	qiāng yǎn	39095	an-ang,ian-iang,j-q-x	1
巧取	qiǎo qǔ	39096	j-q-x	1
情种	qíng zhǒng	39099	in-ing,z-zh,j-q-x	1
秋意	qiū yì	39100	j-q-x	1
缺货	quē huò	39101	ua-uo,h-f,j-q-x	1
让贤	ràng xián	39102	an-ang,ian-iang,r-l,j-q-x	1
入骨	rù gǔ	39104	r-l	1
锐角	ruì jiǎo	39105	r-l,j-q-x	1
散席	sàn xí	39106	an-ang,s-sh,j-q-x	1
丧服	sāng fú	39107	an-ang,s-sh,h-f	1
时宜	shí yí	39112	s-sh	1
试航	shì háng	39113	an-ang,s-sh,h-f	1
手令	shǒu lìng	39115	in-ing,ao-ou,s-sh,n-l,r-l	1
鼠窜	shǔ cuàn	39117	uan-uang,c-ch,s-sh	1
束腰	shù yāo	39118	ao-ou,s-sh	1
蒜薹	suàn tái	39120	uan-uang,ai-ei,s-sh	3
缩手	suō shǒu	39122	ao-ou,ua-uo,s-sh	1
谈资	tán zī	39123	an-ang,z-zh	1
体位	tǐ wèi	39124	ai-ei	1
铁定	tiě dìng	39127	in-ing,ia-ie	1
通例	tōng lì	39128	n-l,r-l	1
同好	tóng hào	39129	ao-ou,h-f	1
统收	tǒng shōu	39130	ao-ou,s-sh	1
投缘	tóu yuán	39131	uan-uang,ao-ou	1
徒工	tú gōng	39132		1
外轮	wài lún	39133	ai-ei,n-l,r-l	1
完稿	wán gǎo	39134	an-ang,ao-ou	1
晚景	wǎn jǐng	39135	in-ing,an-ang,j-q-x	1
亡魂	wáng hún	39136	an-ang,h-f	1
枉费	wǎng fèi	39137	an-ang,ai-ei,h-f	1
芜杂	wú zá	39139	z-zh	1
五音	wǔ yīn	39140	in-ing	1
锡矿	xī kuàng	39141	uan-uang,j-q-x	1
戏票	xì piào	39142	j-q-x	1
想望	xiǎng wàng	39143	an-ang,ian-iang,j-q-x	1
鞋帮	xié bāng	39144	an-ang,ia-ie,j-q-x	1
信笔	xìn bǐ	39145	in-ing,j-q-x	1
血渍	xuè zì	39147	z-zh,j-q-x	3
眼高	yǎn gāo	39148	an-ang,ao-ou	1
眼影	yǎn yǐng	39149	in-ing,an-ang	1
腰子	yāo zi	39150	ao-ou,z-zh	1
要言	yào yán	39151	an-ang,ao-ou	1
椰枣	yē zǎo	39152	ao-ou,z-zh	1
液氮	yè dàn	39153	an-ang	1
遗事	yí shì	39158	s-sh	1
义旗	yì qí	39159	j-q-x	1
影踪	yǐng zōng	39161	in-ing,z-zh	1
幽美	yōu měi	39162	ai-ei,ao-ou	1
油黑	yóu hēi	39163	ai-ei,ao-ou,h-f	1
预收	yù shōu	39166	ao-ou,s-sh	1
渊薮	yuān sǒu	39167	uan-uang,ao-ou,s-sh	3
元音	yuán yīn	39168	in-ing,uan-uang	1
悦服	yuè fú	39169	h-f	1
攒钱	zǎn qián	39171	an-ang,ian-iang,z-zh,j-q-x	3
贼船	zéi chuán	39172	uan-uang,ai-ei,z-zh,c-ch	1
展评	zhǎn píng	39173	in-ing,an-ang,z-zh	1
战歌	zhàn gē	39174	an-ang,z-zh	1
重炮	zhòng pào	39179	ao-ou,z-zh	1
重责	zhòng zé	39180	z-zh	1
珠算	zhū suàn	39181	uan-uang,z-zh,s-sh	1
猪崽	zhū zǎi	39182	ai-ei,z-zh	3
酌定	zhuó dìng	39183	in-ing,ua-uo,z-zh	1
自销	zì xiāo	39184	z-zh,j-q-x	1
租税	zū shuì	39186	z-zh,s-sh	1
坐垫	zuò diàn	39187	ian-iang,ua-uo,z-zh	1
鞍子	ān zi	39188	an-ang,z-zh	1
坝地	bà dì	39190		1
白刃	bái rèn	39191	en-eng,ai-ei,r-l	1
败将	bài jiàng	39192	ian-iang,ai-ei,j-q-x	1
保苗	bǎo miáo	39193	ao-ou	1
碑帖	bēi tiè	39196	ai-ei,ia-ie	1
编演	biān yǎn	39198	an-ang,ian-iang	1
变节	biàn jié	39199	ian-iang,ia-ie,j-q-x	1
病夫	bìng fū	39200	in-ing,h-f	1
苍龙	cāng lóng	39203	an-ang,c-ch,n-l,r-l	1
呈献	chéng xiàn	39206	en-eng,ian-iang,c-ch,j-q-x	1
褫夺	chǐ duó	39207	ua-uo,c-ch	3
船底	chuán dǐ	39208	uan-uang,c-ch	1
船艇	chuán tǐng	39209	in-ing,uan-uang,c-ch	1
纯棉	chún mián	39210	ian-iang,c-ch	1
慈父	cí fù	39211	c-ch,h-f	1
打场	dǎ cháng	39212	an-ang,c-ch	1
大数	dà shù	39213	s-sh	1
等身	děng shēn	39215	en-eng,s-sh	1
敌舰	dí jiàn	39216	ian-iang,j-q-x	1
黄片	huáng piàn	39217	ian-iang,uan-uang,h-f	1
电瓶	diàn píng	39219	in-ing,ian-iang	1
定亲	dìng qīn	39222	in-ing,j-q-x	1
冬笋	dōng sǔn	39223	s-sh	1
鹅毛	é máo	39224	ao-ou	1
发花	fā huā	39225	ua-uo,h-f	1
飞转	fēi zhuàn	39228	uan-uang,ai-ei,z-zh,h-f	1
肺叶	fèi yè	39229	ai-ei,h-f	1
腹水	fù shuǐ	39231	s-sh,h-f	1
嘎子	gǎ zi	39232	z-zh	3
纲目	gāng mù	39233	an-ang	1
岗子	gǎng zi	39234	an-ang,z-zh	1
杠夫	gàng fū	39235	an-ang,h-f	1
根由	gēn yóu	39236	en-eng,ao-ou	1
共聚	gòng jù	39237	j-q-x	1
孤雁	gū yàn	39238	an-ang	1
古拙	gǔ zhuō	39239	ua-uo,z-zh	1
谷仓	gǔ cāng	39240	an-ang,c-ch	1
龟缩	guī suō	39243	ua-uo,s-sh	1
硅片	guī piàn	39244	ian-iang	1
函电	hán diàn	39245	an-ang,ian-iang,h-f	1
洪福	hóng fú	39247	h-f	1
狐皮	hú pí	39250	h-f	1
怀表	huái biǎo	39251	h-f	1
换货	huàn huò	39253	uan-uang,ua-uo,h-f	1
机种	jī zhǒng	39256	z-zh,j-q-x	1
家宅	jiā zhái	39258	ai-ei,ia-ie,z-zh,j-q-x	1
嘉许	jiā xǔ	39259	ia-ie,j-q-x	1
剪切	jiǎn qiē	39261	ian-iang,ia-ie,j-q-x	1
焦黑	jiāo hēi	39264	ai-ei,h-f,j-q-x	1
叫屈	jiào qū	39265	j-q-x	1
芥菜	jiè cài	39266	ai-ei,ia-ie,c-ch,j-q-x	1
精悍	jīng hàn	39268	in-ing,an-ang,h-f,j-q-x	1
静心	jìng xīn	39269	in-ing,j-q-x	1
眷顾	juàn gù	39270	uan-uang,j-q-x	1
勘验	kān yàn	39271	an-ang	1
看客	kàn kè	39272	an-ang	1
可鄙	kě bǐ	39273		1
客位	kè wèi	39274	ai-ei	1
孔洞	kǒng dòng	39275		1
蜡染	là rǎn	39276	an-ang,n-l,r-l	1
流云	liú yún	39278	n-l,r-l	1
满员	mǎn yuán	39281	an-ang,uan-uang	1
没治	méi zhì	39282	ai-ei,z-zh	1
门阀	mén fá	39283	en-eng,h-f	1
灭迹	miè jì	39284	ia-ie,j-q-x	1
佞臣	nìng chén	39287	en-eng,in-ing,c-ch,n-l	3
裸考	luǒ kǎo	39288	ao-ou,ua-uo,n-l,r-l	1
偏废	piān fèi	39289	ian-iang,ai-ei,h-f	1
平正	píng zheng	39290	en-eng,in-ing,z-zh	1
怯场	qiè chǎng	39296	an-ang,ia-ie,c-ch,j-q-x	1
秋波	qiū bō	39298	j-q-x	1
僧俗	sēng sú	39301	en-eng,s-sh	1
商办	shāng bàn	39302	an-ang,s-sh	1
赏金	shǎng jīn	39303	in-ing,an-ang,s-sh,j-q-x	1
上峰	shàng fēng	39304	en-eng,an-ang,s-sh,h-f	1
省却	shěng què	39308	en-eng,s-sh,j-q-x	1
圣战	shèng zhàn	39309	en-eng,an-ang,z-zh,s-sh	1
手辣	shǒu là	39311	ao-ou,s-sh,n-l,r-l	1
疏朗	shū lǎng	39312	an-ang,s-sh,n-l,r-l	1
水肥	shuǐ féi	39314	ai-ei,s-sh,h-f	1
宿敌	sù dí	39315	s-sh	1
锁骨	suǒ gǔ	39316	ua-uo,s-sh	1
塔台	tǎ tái	39317	ai-ei	1
挞伐	tà fá	39318	h-f	3
台步	tái bù	39319	ai-ei	1
台柱	tái zhù	39320	ai-ei,z-zh	1
拉架	lā jià	39322	ia-ie,n-l,r-l,j-q-x	1
特优	tè yōu	39323	ao-ou	1
誊写	téng xiě	39324	en-eng,ia-ie,j-q-x	1
跳脚	tiào jiǎo	39326	j-q-x	1
同上	tóng shàng	39327	an-ang,s-sh	1
图示	tú shì	39329	s-sh	1
推却	tuī què	39330	j-q-x	1
退婚	tuì hūn	39331	h-f	1
脱脂	tuō zhī	39332	ua-uo,z-zh	1
外泄	wài xiè	39334	ai-ei,ia-ie,j-q-x	1
外罩	wài zhào	39335	ai-ei,ao-ou,z-zh	1
卫戍	wèi shù	39338	ai-ei,s-sh	3
蔚然	wèi rán	39339	an-ang,ai-ei,r-l	1
瓮城	wèng chéng	39340	en-eng,c-ch	3
乌贼	wū zéi	39341	ai-ei,z-zh	1
夏初	xià chū	39345	ia-ie,c-ch,j-q-x	1
纤尘	xiān chén	39346	en-eng,ian-iang,c-ch,j-q-x	1
香精	xiāng jīng	39347	in-ing,ian-iang,j-q-x	1
香艳	xiāng yàn	39348	an-ang,ian-iang,j-q-x	1
星象	xīng xiàng	39351	in-ing,ian-iang,j-q-x	1
雄居	xióng jū	39353	j-q-x	1
锈病	xiù bìng	39354	in-ing,j-q-x	1
畜产	xù chǎn	39355	an-ang,c-ch,j-q-x	1
旋钮	xuán niǔ	39356	uan-uang,n-l,j-q-x	1
选料	xuǎn liào	39357	uan-uang,n-l,r-l,j-q-x	1
削价	xuē jià	39358	ia-ie,j-q-x	1
血海	xuè hǎi	39359	ai-ei,h-f,j-q-x	1
牙医	yá yī	39360		1
厌战	yàn zhàn	39361	an-ang,z-zh	1
仰靠	yǎng kào	39362	an-ang,ao-ou	1
易损	yì sǔn	39365	s-sh	1
音域	yīn yù	39366	in-ing	1
银针	yín zhēn	39367	en-eng,in-ing,z-zh	1
隐逸	yǐn yì	39369	in-ing	1
有请	yǒu qǐng	39370	in-ing,ao-ou,j-q-x	1
原粮	yuán liáng	39371	ian-iang,uan-uang,n-l,r-l	1
栽赃	zāi zāng	39372	an-ang,ai-ei,z-zh	1
灶神	zào shén	39373	en-eng,ao-ou,z-zh,s-sh	1
斩获	zhǎn huò	39374	an-ang,ua-uo,z-zh,h-f	1
占线	zhàn xiàn	39375	an-ang,ian-iang,z-zh,j-q-x	1
账务	zhàng wù	39376	an-ang,z-zh	1
昭彰	zhāo zhāng	39377	an-ang,ao-ou,z-zh	1
照壁	zhào bì	39378	ao-ou,z-zh	1
侦办	zhēn bàn	39380	en-eng,an-ang,z-zh	1
争购	zhēng gòu	39381	en-eng,ao-ou,z-zh	1
吱扭	zhī niū	39383	z-zh,n-l	1
直肠	zhí cháng	39384	an-ang,z-zh,c-ch	1
置备	zhì bèi	39385	ai-ei,z-zh	1
朱雀	zhū què	39386	z-zh,j-q-x	1
主从	zhǔ cóng	39387	z-zh,c-ch	1
主课	zhǔ kè	39388	z-zh	1
转道	zhuǎn dào	39390	uan-uang,ao-ou,z-zh	1
自沉	zì chén	39391	en-eng,z-zh,c-ch	1
自戕	zì qiāng	39392	ian-iang,z-zh,j-q-x	3
白铜	bái tóng	39395	ai-ei	1
败叶	bài yè	39396	ai-ei	1
包饭	bāo fàn	39397	an-ang,ao-ou,h-f	1
背篼	bēi dōu	39398	ai-ei,ao-ou	3
背时	bèi shí	39399	ai-ei,s-sh	1
悖逆	bèi nì	39400	ai-ei,n-l	1
别家	bié jiā	39403	ia-ie,j-q-x	1
兵车	bīng chē	39404	in-ing,c-ch	1
屏气	bǐng qì	39405	in-ing,j-q-x	1
博引	bó yǐn	39407	in-ing	1
彩印	cǎi yìn	39409	in-ing,ai-ei,c-ch	1
彩纸	cǎi zhǐ	39410	ai-ei,z-zh,c-ch	1
残年	cán nián	39411	an-ang,ian-iang,c-ch,n-l	1
茶盅	chá zhōng	39412	z-zh,c-ch	3
城郭	chéng guō	39413	en-eng,ua-uo,c-ch	1
乘兴	chéng xìng	39414	en-eng,in-ing,c-ch,j-q-x	1
重名	chóng míng	39416	in-ing,c-ch	1
愁绪	chóu xù	39417	ao-ou,c-ch,j-q-x	1
攒动	cuán dòng	39418	uan-uang,c-ch	3
翠柏	cuì bǎi	39419	ai-ei,c-ch	1
刀伤	dāo shāng	39421	an-ang,ao-ou,s-sh	1
抵死	dǐ sǐ	39423	s-sh	1
冬衣	dōng yī	39424		1
队旗	duì qí	39426	j-q-x	1
凡俗	fán sú	39429	an-ang,s-sh,h-f	1
纺绸	fǎng chóu	39431	an-ang,ao-ou,c-ch,h-f	1
放线	fàng xiàn	39433	an-ang,ian-iang,h-f,j-q-x	1
费话	fèi huà	39434	ai-ei,ua-uo,h-f	1
佛龛	fó kān	39436	an-ang,h-f	3
浮土	fú tǔ	39438	h-f	1
蝮蛇	fù shé	39439	s-sh,h-f	3
改过	gǎi guò	39440	ai-ei,ua-uo	1
割爱	gē ài	39442	ai-ei	1
骨血	gǔ xuè	39443	j-q-x	1
故知	gù zhī	39444	z-zh	1
归隐	guī yǐn	39447	in-ing	1
国乐	guó yuè	39448	ua-uo	1
包桌	bāo zhuō	39450	ao-ou,ua-uo,z-zh	1
断码	duàn mǎ	39451	uan-uang	1
号脉	hào mài	39452	ai-ei,ao-ou,h-f	1
核计	hé jì	39453	h-f,j-q-x	1
荒年	huāng nián	39457	ian-iang,uan-uang,n-l,h-f	1
黄斑	huáng bān	39458	an-ang,uan-uang,h-f	1
急务	jí wù	39462	j-q-x	1
己方	jǐ fāng	39463	an-ang,h-f,j-q-x	1
忌日	jì rì	39464	r-l,j-q-x	1
叫劲	jiào jìn	39467	in-ing,j-q-x	1
嫁祸	jià huò	39468	ia-ie,ua-uo,h-f,j-q-x	1
剑麻	jiàn má	39471	ian-iang,j-q-x	1
奖掖	jiǎng yè	39472	ian-iang,j-q-x	3
交口	jiāo kǒu	39473	ao-ou,j-q-x	1
结怨	jié yuàn	39474	uan-uang,ia-ie,j-q-x	1
精气	jīng qì	39478	in-ing,j-q-x	1
九霄	jiǔ xiāo	39479	j-q-x	1
军籍	jūn jí	39480	j-q-x	1
康宁	kāng níng	39481	in-ing,an-ang,n-l	1
阔佬	kuò lǎo	39484	ao-ou,ua-uo,n-l,r-l	3
拉屎	lā shǐ	39485	s-sh,n-l,r-l	1
类同	lèi tóng	39486	ai-ei,n-l,r-l	1
冷场	lěng chǎng	39487	en-eng,an-ang,c-ch,n-l,r-l	1
连珠	lián zhū	39489	ian-iang,z-zh,n-l,r-l	1
劣绅	liè shēn	39490	en-eng,ia-ie,s-sh,n-l,r-l	1
翎子	líng zi	39491	in-ing,z-zh,n-l,r-l	3
六艺	liù yì	39492	n-l,r-l	1
美事	měi shì	39493	ai-ei,s-sh	1
梦寐	mèng mèi	39494	en-eng,ai-ei	3
名实	míng shí	39495	in-ing,s-sh	1
木梳	mù shū	39497	s-sh	1
脑髓	nǎo suǐ	39501	ao-ou,s-sh,n-l	1
捻子	niǎn zi	39503	ian-iang,z-zh,n-l	1
怒喝	nù hè	39504	n-l,h-f	1
怒涛	nù tāo	39505	ao-ou,n-l	1
抛射	pāo shè	39506	ao-ou,s-sh	1
排比	pái bǐ	39508	ai-ei	1
判明	pàn míng	39509	in-ing,an-ang	1
旁证	páng zhèng	39510	en-eng,an-ang,z-zh	1
朋党	péng dǎng	39511	en-eng,an-ang	1
偏食	piān shí	39513	ian-iang,s-sh	1
漂洗	piǎo xǐ	39514	j-q-x	1
齐唱	qí chàng	39516	an-ang,c-ch,j-q-x	1
启封	qǐ fēng	39518	en-eng,h-f,j-q-x	1
掐指	qiā zhǐ	39520	ia-ie,z-zh,j-q-x	1
千卡	qiān kǎ	39521	ian-iang,j-q-x	1
缱绻	qiǎn quǎn	39522	ian-iang,uan-uang,j-q-x	2
枪伤	qiāng shāng	39523	an-ang,ian-iang,s-sh,j-q-x	1
青梅	qīng méi	39524	in-ing,ai-ei,j-q-x	1
轻狂	qīng kuáng	39525	in-ing,uan-uang,j-q-x	1
请赏	qǐng shǎng	39526	in-ing,an-ang,s-sh,j-q-x	1
全本	quán běn	39527	en-eng,uan-uang,j-q-x	1
散架	sǎn jià	39529	an-ang,ia-ie,s-sh,j-q-x	1
丧钟	sāng zhōng	39530	an-ang,z-zh,s-sh	1
扫尾	sǎo wěi	39531	ai-ei,ao-ou,s-sh	1
煞住	shā zhù	39532	z-zh,s-sh	1
蛇蝎	shé xiē	39534	ia-ie,s-sh,j-q-x	1
涉险	shè xiǎn	39536	ian-iang,s-sh,j-q-x	1
神职	shén zhí	39537	en-eng,z-zh,s-sh	1
声速	shēng sù	39538	en-eng,s-sh	1
师娘	shī niáng	39539	ian-iang,s-sh,n-l	1
诗史	shī shǐ	39540	s-sh	1
鲥鱼	shí yú	39541	s-sh	3
试销	shì xiāo	39542	s-sh,j-q-x	1
受援	shòu yuán	39545	uan-uang,ao-ou,s-sh	1
书皮	shū pí	39546	s-sh	1
书箱	shū xiāng	39547	ian-iang,s-sh,j-q-x	1
水红	shuǐ hóng	39548	s-sh,h-f	1
水门	shuǐ mén	39549	en-eng,s-sh	1
水榭	shuǐ xiè	39550	ia-ie,s-sh,j-q-x	3
私囊	sī náng	39551	an-ang,s-sh,n-l	1
陶俑	táo yǒng	39552	ao-ou	3
体腔	tǐ qiāng	39553	ian-iang,j-q-x	1
铁马	tiě mǎ	39554	ia-ie	1
偷闲	tōu xián	39556	ian-iang,ao-ou,j-q-x	1
团拜	tuán bài	39558	uan-uang,ai-ei	1
胃酸	wèi suān	39561	uan-uang,ai-ei,s-sh	1
文气	wén qì	39562	en-eng,j-q-x	1
问讯	wèn xùn	39563	en-eng,j-q-x	1
握别	wò bié	39564	ia-ie	1
物耗	wù hào	39567	ao-ou,h-f	1
希求	xī qiú	39569	j-q-x	1
蒙眬	méng lóng	39570	en-eng,n-l,r-l	3
音障	yīn zhàng	39571	in-ing,an-ang,z-zh	1
力畜	lì chù	39572	c-ch,n-l,r-l	1
拘审	jū shěn	39573	en-eng,s-sh,j-q-x	1
拎包	līn bāo	39574	in-ing,ao-ou,n-l,r-l	1
破局	pò jú	39575	j-q-x	1
赔话	péi huà	39576	ai-ei,ua-uo,h-f	1
铣床	xǐ chuáng	39578	uan-uang,c-ch,j-q-x	3
仙逝	xiān shì	39579	ian-iang,s-sh,j-q-x	1
消暑	xiāo shǔ	39580	s-sh,j-q-x	1
宵夜	xiāo yè	39581	j-q-x	1
哑谜	yǎ mí	39584		1
延时	yán shí	39586	an-ang,s-sh	1
义师	yì shī	39590	s-sh	1
阴曹	yīn cáo	39591	in-ing,ao-ou,c-ch	1
引桥	yǐn qiáo	39592	in-ing,j-q-x	1
余钱	yú qián	39593	ian-iang,j-q-x	1
御笔	yù bǐ	39594		1
原色	yuán sè	39595	uan-uang,s-sh	1
增白	zēng bái	39597	en-eng,ai-ei,z-zh	1
窄狭	zhǎi xiá	39598	ai-ei,ia-ie,z-zh,j-q-x	1
正理	zhèng lǐ	39599	en-eng,z-zh,n-l,r-l	1
舟桥	zhōu qiáo	39602	ao-ou,z-zh,j-q-x	1
猪娃	zhū wá	39603	z-zh	1
壮心	zhuàng xīn	39605	in-ing,uan-uang,z-zh,j-q-x	1
着床	zhuó chuáng	39607	uan-uang,ua-uo,z-zh,c-ch	1
自叙	zì xù	39609	z-zh,j-q-x	1
作料	zuò liao	39610	ua-uo,z-zh,n-l,r-l	1
安泰	ān tài	39612	an-ang,ai-ei	1
败阵	bài zhèn	39613	en-eng,ai-ei,z-zh	1
搬用	bān yòng	39614	an-ang	1
躺枪	tǎng qiāng	39615	an-ang,ian-iang,j-q-x	1
伴唱	bàn chàng	39616	an-ang,c-ch	1
帮会	bāng huì	39617	an-ang,h-f	1
悲愁	bēi chóu	39618	ai-ei,ao-ou,c-ch	1
蓓蕾	bèi lěi	39619	ai-ei,n-l,r-l	3
壁灯	bì dēng	39620	en-eng	1
伯仲	bó zhòng	39621	z-zh	1
搏战	bó zhàn	39623	an-ang,z-zh	1
彩蛋	cǎi dàn	39626	an-ang,ai-ei,c-ch	1
舱位	cāng wèi	39627	an-ang,ai-ei,c-ch	1
长生	cháng shēng	39629	en-eng,an-ang,c-ch,s-sh	1
成命	chéng mìng	39630	en-eng,in-ing,c-ch	1
痴想	chī xiǎng	39631	ian-iang,c-ch,j-q-x	1
醇酒	chún jiǔ	39633	c-ch,j-q-x	1
大牌	dà pái	39635	ai-ei	1
大虾	dà xiā	39636	ia-ie,j-q-x	1
丹桂	dān guì	39638	an-ang	1
刀山	dāo shān	39639	an-ang,ao-ou,s-sh	1
灯头	dēng tóu	39640	en-eng,ao-ou	1
底边	dǐ biān	39642	ian-iang	1
店东	diàn dōng	39644	ian-iang	1
珐琅	fà láng	39647	an-ang,n-l,h-f,r-l	3
伪娘	wěi niáng	39648	ian-iang,ai-ei,n-l	1
反胃	fǎn wèi	39650	an-ang,ai-ei,h-f	1
飞地	fēi dì	39651	ai-ei,h-f	1
痱子	fèi zi	39652	ai-ei,z-zh,h-f	3
风华	fēng huá	39653	en-eng,ua-uo,h-f	1
疯癫	fēng diān	39654	en-eng,ian-iang,h-f	3
奉养	fèng yǎng	39656	en-eng,an-ang,h-f	1
凫水	fú shuǐ	39657	s-sh,h-f	3
改型	gǎi xíng	39658	in-ing,ai-ei,j-q-x	1
嘟哝	dū nong	39659	n-l	2
镐头	gǎo tou	39661	ao-ou	1
寡欲	guǎ yù	39667	ua-uo	1
挂账	guà zhàng	39668	an-ang,ua-uo,z-zh	1
官印	guān yìn	39670	in-ing,uan-uang	1
灌渠	guàn qú	39671	uan-uang,j-q-x	1
果盘	guǒ pán	39672	an-ang,ua-uo	1
海景	hǎi jǐng	39673	in-ing,ai-ei,h-f,j-q-x	1
海涂	hǎi tú	39675	ai-ei,h-f	1
寒门	hán mén	39676	en-eng,an-ang,h-f	1
黑面	hēi miàn	39677	ian-iang,ai-ei,h-f	1
厚禄	hòu lù	39678	ao-ou,n-l,h-f,r-l	1
滑腻	huá nì	39679	ua-uo,n-l,h-f	1
欢唱	huān chàng	39680	an-ang,uan-uang,c-ch,h-f	1
婚变	hūn biàn	39681	ian-iang,h-f	1
吉兆	jí zhào	39682	ao-ou,z-zh,j-q-x	1
麂子	jǐ zi	39683	z-zh,j-q-x	3
际会	jì huì	39684	h-f,j-q-x	1
祭告	jì gào	39685	ao-ou,j-q-x	1
间杂	jiàn zá	39686	ian-iang,z-zh,j-q-x	1
脚力	jiǎo lì	39687	n-l,r-l,j-q-x	1
今译	jīn yì	39689	in-ing,j-q-x	1
劲舞	jìng wǔ	39692	in-ing,j-q-x	1
开打	kāi dǎ	39696	ai-ei	1
苦刑	kǔ xíng	39697	in-ing,j-q-x	1
冷光	lěng guāng	39699	en-eng,uan-uang,n-l,r-l	1
利钱	lì qián	39700	ian-iang,n-l,r-l,j-q-x	1
留步	liú bù	39702	n-l,r-l	1
麻包	má bāo	39703	ao-ou	1
民夫	mín fū	39705	in-ing,h-f	1
命笔	mìng bǐ	39707	in-ing	1
魔掌	mó zhǎng	39708	an-ang,z-zh	1
墨家	mò jiā	39709	ia-ie,j-q-x	1
默诵	mò sòng	39710	s-sh	1
嫩黄	nèn huáng	39712	en-eng,uan-uang,n-l,h-f	1
排量	pái liàng	39713	ian-iang,ai-ei,n-l,r-l	1
派定	pài dìng	39714	in-ing,ai-ei	1
披风	pī fēng	39716	en-eng,h-f	1
屁话	pì huà	39717	ua-uo,h-f	1
娉婷	pīng tíng	39719	in-ing	2
岸基	àn jī	39720	an-ang,j-q-x	1
凄切	qī qiè	39722	ia-ie,j-q-x	1
强直	qiáng zhí	39723	ian-iang,z-zh,j-q-x	1
亲随	qīn suí	39724	in-ing,s-sh,j-q-x	1
轻淡	qīng dàn	39725	in-ing,an-ang,j-q-x	1
秋蝉	qiū chán	39726	an-ang,c-ch,j-q-x	1
圈点	quān diǎn	39727	ian-iang,uan-uang,j-q-x	1
鹊桥	què qiáo	39728	j-q-x	1
绒衣	róng yī	39729	r-l	1
软和	ruǎn huo	39730	uan-uang,ua-uo,h-f,r-l	1
商调	shāng diào	39732	an-ang,s-sh	1
烧灼	shāo zhuó	39733	ao-ou,ua-uo,z-zh,s-sh	1
舌根	shé gēn	39734	en-eng,s-sh	1
神妙	shén miào	39735	en-eng,s-sh	1
使坏	shǐ huài	39741	s-sh,h-f	1
柿饼	shì bǐng	39742	in-ing,s-sh	1
售后	shòu hòu	39743	ao-ou,s-sh,h-f	1
属国	shǔ guó	39744	ua-uo,s-sh	1
水龙	shuǐ lóng	39745	s-sh,n-l,r-l	1
顺气	shùn qì	39746	s-sh,j-q-x	1
朔望	shuò wàng	39747	an-ang,ua-uo,s-sh	3
私刑	sī xíng	39749	in-ing,s-sh,j-q-x	1
私宅	sī zhái	39750	ai-ei,z-zh,s-sh	1
嗾使	sǒu shǐ	39751	ao-ou,s-sh	3
岁暮	suì mù	39753	s-sh	1
昙花	tán huā	39755	an-ang,ua-uo,h-f	3
题库	tí kù	39756		1
通亮	tōng liàng	39757	ian-iang,n-l,r-l	1
投井	tóu jǐng	39758	in-ing,ao-ou,j-q-x	1
投料	tóu liào	39759	ao-ou,n-l,r-l	1
退烧	tuì shāo	39760	ao-ou,s-sh	1
脱轨	tuō guǐ	39761	ua-uo	1
虾子	xiā zǐ	39764	ia-ie,z-zh,j-q-x	1
项背	xiàng bèi	39765	ian-iang,ai-ei,j-q-x	1
项圈	xiàng quān	39766	ian-iang,uan-uang,j-q-x	1
孝女	xiào nǚ	39767	n-l,j-q-x	1
校刊	xiào kān	39768	an-ang,j-q-x	1
协理	xié lǐ	39769	ia-ie,n-l,r-l,j-q-x	1
鞋面	xié miàn	39770	ian-iang,ia-ie,j-q-x	1
省亲	xǐng qīn	39772	in-ing,j-q-x	1
喧腾	xuān téng	39774	en-eng,uan-uang,j-q-x	1
学社	xué shè	39775	s-sh,j-q-x	1
驯顺	xùn shùn	39776	s-sh,j-q-x	1
眼线	yǎn xiàn	39779	an-ang,ian-iang,j-q-x	1
养神	yǎng shén	39780	en-eng,an-ang,s-sh	1
药力	yào lì	39781	ao-ou,n-l,r-l	1
吟哦	yín é	39785	in-ing	1
银号	yín hào	39787	in-ing,ao-ou,h-f	1
视域	shì yù	39788	s-sh	1
迎娶	yíng qǔ	39789	in-ing,j-q-x	1
硬拼	yìng pīn	39790	in-ing	1
邮展	yóu zhǎn	39791	an-ang,ao-ou,z-zh	1
余味	yú wèi	39792	ai-ei	1
余韵	yú yùn	39793		1
与闻	yù wén	39794	en-eng	1
浴盆	yù pén	39795	en-eng	1
赞语	zàn yǔ	39797	an-ang,z-zh	1
枣木	zǎo mù	39798	ao-ou,z-zh	1
昭然	zhāo rán	39799	an-ang,ao-ou,z-zh,r-l	1
照直	zhào zhí	39801	ao-ou,z-zh	1
针砭	zhēn biān	39802	en-eng,ian-iang,z-zh	3
诊察	zhěn chá	39803	en-eng,z-zh,c-ch	1
正方	zhèng fāng	39804	en-eng,an-ang,z-zh,h-f	1
职掌	zhí zhǎng	39806	an-ang,z-zh	1
致贺	zhì hè	39807	z-zh,h-f	1
种禽	zhǒng qín	39808	in-ing,z-zh,j-q-x	1
朱门	zhū mén	39809	en-eng,z-zh	1
砖雕	zhuān diāo	39810	uan-uang,z-zh	1
篆书	zhuàn shū	39811	uan-uang,z-zh,s-sh	3
浊浪	zhuó làng	39812	an-ang,ua-uo,z-zh,n-l,r-l	1
包修	bāo xiū	39818	ao-ou,j-q-x	1
抱憾	bào hàn	39819	an-ang,ao-ou,h-f	1
奔命	bēn mìng	39820	en-eng,in-ing	1
病休	bìng xiū	39821	in-ing,j-q-x	1
薄情	bó qíng	39822	in-ing,j-q-x	1
补票	bǔ piào	39823		1
部首	bù shǒu	39825	ao-ou,s-sh	1
菜畦	cài qí	39826	ai-ei,c-ch,j-q-x	3
称赏	chēng shǎng	39827	en-eng,an-ang,c-ch,s-sh	1
崇奉	chóng fèng	39828	en-eng,c-ch,h-f	1
船台	chuán tái	39829	uan-uang,ai-ei,c-ch	1
春梦	chūn mèng	39830	en-eng,c-ch	1
答词	dá cí	39833	c-ch	1
打制	dǎ zhì	39835	z-zh	1
道统	dào tǒng	39838	ao-ou	1
滴翠	dī cuì	39839	c-ch	1
谍报	dié bào	39841	ao-ou,ia-ie	1
顶事	dǐng shì	39842	in-ing,s-sh	1
赌球	dǔ qiú	39843	j-q-x	1
段位	duàn wèi	39844	uan-uang,ai-ei	1
发面	fā miàn	39849	ian-iang,h-f	1
法会	fǎ huì	39850	h-f	1
翻涌	fān yǒng	39851	an-ang,h-f	1
访客	fǎng kè	39852	an-ang,h-f	1
丰茂	fēng mào	39853	en-eng,ao-ou,h-f	1
丰裕	fēng yù	39854	en-eng,h-f	1
峰巅	fēng diān	39856	en-eng,ian-iang,h-f	1
福相	fú xiàng	39857	ian-iang,h-f,j-q-x	1
复现	fù xiàn	39858	ian-iang,h-f,j-q-x	1
钙质	gài zhì	39859	ai-ei,z-zh	1
敢保	gǎn bǎo	39862	an-ang,ao-ou	1
高足	gāo zú	39863	ao-ou,z-zh	1
公判	gōng pàn	39865	an-ang	1
公升	gōng shēng	39866	en-eng,s-sh	1
公猪	gōng zhū	39868	z-zh	1
顾惜	gù xī	39870	j-q-x	1
雇农	gù nóng	39872	n-l	1
怪胎	guài tāi	39873	ai-ei	1
豪饮	háo yǐn	39874	in-ing,ao-ou,h-f	1
横暴	hèng bào	39878	en-eng,ao-ou,h-f	1
哄人	hǒng rén	39879	en-eng,h-f,r-l	1
画板	huà bǎn	39880	an-ang,ua-uo,h-f	1
怀想	huái xiǎng	39881	ian-iang,h-f,j-q-x	1
换防	huàn fáng	39882	an-ang,uan-uang,h-f	1
回还	huí huán	39883	uan-uang,h-f	1
昏君	hūn jūn	39884	h-f,j-q-x	1
活现	huó xiàn	39885	ian-iang,ua-uo,h-f,j-q-x	1
肌理	jī lǐ	39886	n-l,r-l,j-q-x	1
家母	jiā mǔ	39889	ia-ie,j-q-x	1
假手	jiǎ shǒu	39890	ao-ou,ia-ie,s-sh,j-q-x	1
界石	jiè shí	39891	ia-ie,s-sh,j-q-x	1
敬奉	jìng fèng	39893	en-eng,in-ing,h-f,j-q-x	1
军功	jūn gōng	39896	j-q-x	1
孔道	kǒng dào	39897	ao-ou	1
口臭	kǒu chòu	39898	ao-ou,c-ch	1
苦功	kǔ gōng	39899		1
力拼	lì pīn	39902	in-ing,n-l,r-l	1
恋歌	liàn gē	39904	ian-iang,n-l,r-l	1
凉粉	liáng fěn	39905	en-eng,ian-iang,n-l,h-f,r-l	1
亮儿	liàng er	39906	ian-iang,n-l,r-l	1
另册	lìng cè	39907	in-ing,c-ch,n-l,r-l	1
柳编	liǔ biān	39908	ian-iang,n-l,r-l	1
冒名	mào míng	39910	in-ing,ao-ou	1
蒙羞	méng xiū	39911	en-eng,j-q-x	1
迷梦	mí mèng	39912	en-eng	1
密实	mì shi	39913	s-sh	1
欢跃	huān yuè	39914	uan-uang,h-f	1
蜜桃	mì táo	39915	ao-ou	1
拿捏	ná niē	39917	ia-ie,n-l	1
闹气	nào qì	39919	ao-ou,n-l,j-q-x	1
批件	pī jiàn	39924	ian-iang,j-q-x	1
皮帽	pí mào	39925	ao-ou	1
欺辱	qī rǔ	39927	r-l,j-q-x	1
前臂	qián bì	39929	ian-iang,j-q-x	1
前贤	qián xián	39930	ian-iang,j-q-x	1
钱款	qián kuǎn	39931	ian-iang,uan-uang,j-q-x	1
浅笑	qiǎn xiào	39932	ian-iang,j-q-x	1
侨资	qiáo zī	39933	z-zh,j-q-x	1
清油	qīng yóu	39934	in-ing,ao-ou,j-q-x	1
权奸	quán jiān	39935	ian-iang,uan-uang,j-q-x	1
全速	quán sù	39936	uan-uang,s-sh,j-q-x	1
裙带	qún dài	39937	ai-ei,j-q-x	1
群雕	qún diāo	39938	j-q-x	1
溶合	róng hé	39939	h-f,r-l	1
三秋	sān qiū	39941	an-ang,s-sh,j-q-x	1
煽情	shān qíng	39943	in-ing,an-ang,s-sh,j-q-x	1
上供	shàng gòng	39944	an-ang,s-sh	1
伸腿	shēn tuǐ	39946	en-eng,s-sh	1
胜迹	shèng jì	39947	en-eng,s-sh,j-q-x	1
失物	shī wù	39948	s-sh	1
施主	shī zhǔ	39949	z-zh,s-sh	1
石蕊	shí ruǐ	39950	s-sh,r-l	1
适口	shì kǒu	39952	ao-ou,s-sh	1
栓塞	shuān sè	39954	uan-uang,s-sh	1
说辞	shuō cí	39955	ua-uo,c-ch,s-sh	1
肆行	sì xíng	39956	in-ing,s-sh,j-q-x	1
松子	sōng zǐ	39958	z-zh,s-sh	1
送风	sòng fēng	39959	en-eng,s-sh,h-f	1
桫椤	suō luó	39960	ua-uo,s-sh,n-l,r-l	2
拓本	tà běn	39961	en-eng	1
谈兴	tán xìng	39962	in-ing,an-ang,j-q-x	1
体貌	tǐ mào	39964	ao-ou	1
天伦	tiān lún	39965	ian-iang,n-l,r-l	1
调治	tiáo zhì	39966	z-zh	1
铁砂	tiě shā	39967	ia-ie,s-sh	1
统合	tǒng hé	39969	h-f	1
推知	tuī zhī	39970	z-zh	1
丸药	wán yào	39971	an-ang,ao-ou	1
网具	wǎng jù	39972	an-ang,j-q-x	1
苇丛	wěi cóng	39973	ai-ei,c-ch	1
温良	wēn liáng	39974	en-eng,ian-iang,n-l,r-l	1
沃野	wò yě	39975		1
戏水	xì shuǐ	39980	s-sh,j-q-x	1
瞎火	xiā huǒ	39982	ia-ie,ua-uo,h-f,j-q-x	1
下颚	xià è	39983	ia-ie,j-q-x	3
仙丹	xiān dān	39985	an-ang,ian-iang,j-q-x	1
响雷	xiǎng léi	39986	ian-iang,ai-ei,n-l,r-l,j-q-x	1
小头	xiǎo tóu	39989	ao-ou,j-q-x	1
型钢	xíng gāng	39991	in-ing,an-ang,j-q-x	1
胸卡	xiōng kǎ	39993	j-q-x	1
血肿	xuè zhǒng	39995	z-zh,j-q-x	1
旬刊	xún kān	39996	an-ang,j-q-x	1
巡察	xún chá	39997	c-ch,j-q-x	1
延绵	yán mián	39998	an-ang,ian-iang	1
言状	yán zhuàng	39999	an-ang,uan-uang,z-zh	1
阳间	yáng jiān	40001	an-ang,ian-iang,j-q-x	1
药害	yào hài	40003	ai-ei,ao-ou,h-f	1
一径	yī jìng	40006	in-ing,j-q-x	1
阴虚	yīn xū	40010	in-ing,j-q-x	1
引号	yǐn hào	40011	in-ing,ao-ou,h-f	1
饮誉	yǐn yù	40012	in-ing	1
庸才	yōng cái	40014	ai-ei,c-ch	1
壅塞	yōng sè	40015	s-sh	3
勇武	yǒng wǔ	40016		1
淤塞	yū sè	40017	s-sh	1
鱼虫	yú chóng	40018	c-ch	1
远涉	yuǎn shè	40019	uan-uang,s-sh	1
扎针	zhā zhēn	40020	en-eng,z-zh	1
指认	zhǐ rèn	40024	en-eng,z-zh,r-l	1
钟馗	zhōng kuí	40025	z-zh	3
皱折	zhòu zhé	40026	ao-ou,z-zh	1
珠帘	zhū lián	40028	ian-iang,z-zh,n-l,r-l	1
主祭	zhǔ jì	40029	z-zh,j-q-x	1
追逼	zhuī bī	40030	z-zh	1
隘口	ài kǒu	40035	ai-ei,ao-ou	1
暗河	àn hé	40036	an-ang,h-f	1
白夜	bái yè	40039	ai-ei	1
败兵	bài bīng	40041	in-ing,ai-ei	1
蚌壳	bàng ké	40042	an-ang	1
编目	biān mù	40045	ian-iang	1
彩笔	cǎi bǐ	40050	ai-ei,c-ch	1
残损	cán sǔn	40051	an-ang,c-ch,s-sh	1
插销	chā xiāo	40052	c-ch,j-q-x	1
禅房	chán fáng	40053	an-ang,c-ch,h-f	1
晨昏	chén hūn	40054	en-eng,c-ch,h-f	1
嗤笑	chī xiào	40055	c-ch,j-q-x	3
拍击	pāi jī	40056	ai-ei,j-q-x	1
冲决	chōng jué	40057	c-ch,j-q-x	1
穿堂	chuān táng	40058	an-ang,uan-uang,c-ch	1
纯水	chún shuǐ	40060	c-ch,s-sh	1
次于	cì yú	40061	c-ch	1
答题	dá tí	40062		1
大票	dà piào	40063		1
代沟	dài gōu	40064	ai-ei,ao-ou	1
胆道	dǎn dào	40065	an-ang,ao-ou	1
形貌	xíng mào	40066	in-ing,ao-ou,j-q-x	1
胆壮	dǎn zhuàng	40067	an-ang,uan-uang,z-zh	1
低频	dī pín	40069	in-ing	1
底漆	dǐ qī	40070	j-q-x	1
顶板	dǐng bǎn	40073	in-ing,an-ang	1
逗弄	dòu nong	40075	ao-ou,n-l	1
短少	duǎn shǎo	40077	uan-uang,ao-ou,s-sh	1
反战	fǎn zhàn	40079	an-ang,z-zh,h-f	1
犯忌	fàn jì	40080	an-ang,h-f,j-q-x	1
方框	fāng kuàng	40081	an-ang,uan-uang,h-f	1
废黜	fèi chù	40083	ai-ei,c-ch,h-f	3
敬词	jìng cí	40085	in-ing,c-ch,j-q-x	1
惯匪	guàn fěi	40086	uan-uang,ai-ei,h-f	1
风灾	fēng zāi	40087	en-eng,ai-ei,z-zh,h-f	1
佛珠	fó zhū	40088	z-zh,h-f	1
夫婿	fū xù	40089	h-f,j-q-x	1
负极	fù jí	40090	h-f,j-q-x	1
附送	fù sòng	40091	s-sh,h-f	1
港务	gǎng wù	40093	an-ang	1
高踞	gāo jù	40094	ao-ou,j-q-x	3
隔扇	gé shàn	40095	an-ang,s-sh	1
公派	gōng pài	40096	ai-ei	1
故友	gù yǒu	40098	ao-ou	1
怪僻	guài pì	40099		1
官窑	guān yáo	40100	uan-uang,ao-ou	1
光身	guāng shēn	40101	en-eng,uan-uang,s-sh	1
归巢	guī cháo	40102	ao-ou,c-ch	1
果茶	guǒ chá	40103	ua-uo,c-ch	1
毫厘	háo lí	40104	ao-ou,n-l,h-f,r-l	1
和悦	hé yuè	40106	h-f	1
黑麦	hēi mài	40108	ai-ei,h-f	1
横遭	hèng zāo	40109	en-eng,ao-ou,z-zh,h-f	1
呼气	hū qì	40113	h-f,j-q-x	1
换季	huàn jì	40114	uan-uang,h-f,j-q-x	1
晃眼	huǎng yǎn	40115	an-ang,uan-uang,h-f	1
祸水	huò shuǐ	40116	ua-uo,s-sh,h-f	1
机宜	jī yí	40117	j-q-x	1
稼穑	jià sè	40118	ia-ie,s-sh,j-q-x	3
缴枪	jiǎo qiāng	40120	ian-iang,j-q-x	1
洁癖	jié pǐ	40122	ia-ie,j-q-x	3
金店	jīn diàn	40123	in-ing,ian-iang,j-q-x	1
军龄	jūn líng	40124	in-ing,n-l,r-l,j-q-x	1
窥破	kuī pò	40126		1
立冬	lì dōng	40129	n-l,r-l	1
廉明	lián míng	40130	in-ing,ian-iang,n-l,r-l	1
凉菜	liáng cài	40131	ian-iang,ai-ei,c-ch,n-l,r-l	1
梁柱	liáng zhù	40134	ian-iang,z-zh,n-l,r-l	1
落潮	luò cháo	40135	ao-ou,ua-uo,c-ch,n-l,r-l	1
落聘	luò pìn	40136	in-ing,ua-uo,n-l,r-l	1
麻药	má yào	40138	ao-ou	1
麦垛	mài duò	40139	ai-ei,ua-uo	1
莽汉	mǎng hàn	40140	an-ang,h-f	1
昧心	mèi xīn	40141	in-ing,ai-ei,j-q-x	1
免冠	miǎn guān	40142	ian-iang,uan-uang	1
面议	miàn yì	40143	ian-iang	1
摹写	mó xiě	40144	ia-ie,j-q-x	1
拟作	nǐ zuò	40147	ua-uo,z-zh,n-l	1
牛毛	niú máo	40148	ao-ou,n-l	1
偏安	piān ān	40151	an-ang,ian-iang	1
偏移	piān yí	40152	ian-iang	1
弃官	qì guān	40154	uan-uang,j-q-x	1
卡口	qiǎ kǒu	40155	ao-ou,ia-ie,j-q-x	1
扦插	qiān chā	40156	ian-iang,c-ch,j-q-x	3
枪膛	qiāng táng	40157	an-ang,ian-iang,j-q-x	1
秋凉	qiū liáng	40159	ian-iang,n-l,r-l,j-q-x	1
囚笼	qiú lóng	40160	n-l,r-l,j-q-x	1
龋齿	qǔ chǐ	40161	c-ch,j-q-x	3
权臣	quán chén	40162	en-eng,uan-uang,c-ch,j-q-x	1
全才	quán cái	40163	uan-uang,ai-ei,c-ch,j-q-x	1
认罚	rèn fá	40165	en-eng,h-f,r-l	1
任选	rèn xuǎn	40166	en-eng,uan-uang,r-l,j-q-x	1
融解	róng jiě	40167	ia-ie,r-l,j-q-x	1
肉铺	ròu pù	40168	ao-ou,r-l	1
儒术	rú shù	40169	s-sh,r-l	1
蠕蠕	rú rú	40170	r-l	1
山陵	shān líng	40172	in-ing,an-ang,s-sh,n-l,r-l	1
山塘	shān táng	40173	an-ang,s-sh	1
生丝	shēng sī	40177	en-eng,s-sh	1
圣灵	shèng líng	40178	en-eng,in-ing,s-sh,n-l,r-l	1
时鲜	shí xiān	40181	ian-iang,s-sh,j-q-x	1
时新	shí xīn	40182	in-ing,s-sh,j-q-x	1
市花	shì huā	40183	ua-uo,s-sh,h-f	1
受领	shòu lǐng	40184	in-ing,ao-ou,s-sh,n-l,r-l	1
受虐	shòu nüè	40185	ao-ou,s-sh,n-l	1
书简	shū jiǎn	40186	ian-iang,s-sh,j-q-x	1
衰颓	shuāi tuí	40187	s-sh	1
死灭	sǐ miè	40189	ia-ie,s-sh	1
四至	sì zhì	40190	z-zh,s-sh	1
索桥	suǒ qiáo	40191	ua-uo,s-sh,j-q-x	1
糖纸	táng zhǐ	40192	an-ang,z-zh	1
田鸡	tián jī	40193	ian-iang,j-q-x	1
听书	tīng shū	40194	in-ing,s-sh	1
挺秀	tǐng xiù	40195	in-ing,j-q-x	1
统配	tǒng pèi	40196	ai-ei	1
屠城	tú chéng	40197	en-eng,c-ch	1
微行	wēi xíng	40201	in-ing,ai-ei,j-q-x	1
慰勉	wèi miǎn	40203	ian-iang,ai-ei	1
艳舞	yàn wǔ	40204	an-ang	1
纹样	wén yàng	40205	en-eng,an-ang	1
忤逆	wǔ nì	40206	n-l	3
瞎吹	xiā chuī	40209	ia-ie,c-ch,j-q-x	1
向学	xiàng xué	40211	ian-iang,j-q-x	1
心宽	xīn kuān	40214	in-ing,uan-uang,j-q-x	1
凶相	xiōng xiàng	40215	ian-iang,j-q-x	1
玄乎	xuán hu	40216	uan-uang,h-f,j-q-x	1
选读	xuǎn dú	40217	uan-uang,j-q-x	1
血印	xuè yìn	40219	in-ing,j-q-x	1
验看	yàn kàn	40222	an-ang	1
妖言	yāo yán	40224	an-ang,ao-ou	1
野物	yě wù	40225		1
一总	yī zǒng	40226	z-zh	1
乙醚	yǐ mí	40227		3
易主	yì zhǔ	40229	z-zh	1
引致	yǐn zhì	40230	in-ing,z-zh	1
余烬	yú jìn	40231	in-ing,j-q-x	3
渔舟	yú zhōu	40232	ao-ou,z-zh	1
玉立	yù lì	40233	n-l,r-l	1
乐句	yuè jù	40234	j-q-x	1
章句	zhāng jù	40236	an-ang,z-zh,j-q-x	1
涨跌	zhǎng diē	40237	an-ang,ia-ie,z-zh	1
遮光	zhē guāng	40238	uan-uang,z-zh	1
枕席	zhěn xí	40239	en-eng,z-zh,j-q-x	1
政区	zhèng qū	40240	en-eng,z-zh,j-q-x	1
直感	zhí gǎn	40241	an-ang,z-zh	1
烛火	zhú huǒ	40242	ua-uo,z-zh,h-f	1
转借	zhuǎn jiè	40244	uan-uang,ia-ie,z-zh,j-q-x	1
自裁	zì cái	40245	ai-ei,z-zh,c-ch	1
自检	zì jiǎn	40246	ian-iang,z-zh,j-q-x	1
拜金	bài jīn	40251	in-ing,ai-ei,j-q-x	1
暴病	bào bìng	40254	in-ing,ao-ou	1
变调	biàn diào	40256	ian-iang	1
博彩	bó cǎi	40257	ai-ei,c-ch	1
补养	bǔ yǎng	40258	an-ang	1
不虞	bù yú	40260		3
测度	cè duó	40261	ua-uo,c-ch	1
查核	chá hé	40262	c-ch,h-f	1
禅学	chán xué	40263	an-ang,c-ch,j-q-x	1
成仙	chéng xiān	40264	en-eng,ian-iang,c-ch,j-q-x	1
代金	dài jīn	40268	in-ing,ai-ei,j-q-x	1
弹道	dàn dào	40269	an-ang,ao-ou	1
倒灌	dào guàn	40270	uan-uang,ao-ou	1
定见	dìng jiàn	40272	in-ing,ian-iang,j-q-x	1
反戈	fǎn gē	40276	an-ang,h-f	1
房契	fáng qì	40277	an-ang,h-f,j-q-x	1
楼花	lóu huā	40278	ao-ou,ua-uo,n-l,h-f,r-l	1
分号	fēn hào	40279	en-eng,ao-ou,h-f	1
俯卧	fǔ wò	40282	h-f	1
干粉	gān fěn	40283	en-eng,an-ang,h-f	1
关防	guān fáng	40286	an-ang,uan-uang,h-f	1
过冷	guò lěng	40288	en-eng,ua-uo,n-l,r-l	1
海塘	hǎi táng	40289	an-ang,ai-ei,h-f	1
函告	hán gào	40291	an-ang,ao-ou,h-f	1
寒舍	hán shè	40292	an-ang,s-sh,h-f	1
焊条	hàn tiáo	40293	an-ang,h-f	1
浩气	hào qì	40295	ao-ou,h-f,j-q-x	1
河汊	hé chà	40296	c-ch,h-f	3
河渠	hé qú	40297	h-f,j-q-x	1
贺函	hè hán	40298	an-ang,h-f	1
恨晚	hèn wǎn	40300	en-eng,an-ang,h-f	1
后妈	hòu mā	40301	ao-ou,h-f	1
狐仙	hú xiān	40302	ian-iang,h-f,j-q-x	1
滑水	huá shuǐ	40303	ua-uo,s-sh,h-f	1
回返	huí fǎn	40305	an-ang,h-f	1
瘠薄	jí bó	40309	j-q-x	3
佳酿	jiā niàng	40310	ian-iang,ia-ie,n-l,j-q-x	1
嫁娶	jià qǔ	40312	ia-ie,j-q-x	1
间架	jiān jià	40313	ian-iang,ia-ie,j-q-x	1
剪接	jiǎn jiē	40314	ian-iang,ia-ie,j-q-x	1
娇憨	jiāo hān	40316	an-ang,h-f,j-q-x	1
解码	jiě mǎ	40319	ia-ie,j-q-x	1
酒徒	jiǔ tú	40320	j-q-x	1
救应	jiù ying	40321	in-ing,j-q-x	1
开间	kāi jiān	40322	ian-iang,ai-ei,j-q-x	1
可叹	kě tàn	40323	an-ang	1
酷吏	kù lì	40325	n-l,r-l	1
矿砂	kuàng shā	40326	uan-uang,s-sh	1
睽睽	kuí kuí	40327		2
溃决	kuì jué	40328	j-q-x	1
拉线	lā xiàn	40329	ian-iang,n-l,r-l,j-q-x	1
来文	lái wén	40330	en-eng,ai-ei,n-l,r-l	1
老底	lǎo dǐ	40331	ao-ou,n-l,r-l	1
良医	liáng yī	40333	ian-iang,n-l,r-l	1
猎场	liè chǎng	40334	an-ang,ia-ie,c-ch,n-l,r-l	1
门廊	mén láng	40338	en-eng,an-ang,n-l,r-l	1
蜜糖	mì táng	40339	an-ang	1
民望	mín wàng	40340	in-ing,an-ang	1
陌路	mò lù	40342	n-l,r-l	1
派对	pài duì	40347	ai-ei	1
皮囊	pí náng	40349	an-ang,n-l	1
偏巧	piān qiǎo	40350	ian-iang,j-q-x	1
偏瘫	piān tān	40351	an-ang,ian-iang	1
奇绝	qí jué	40352	j-q-x	1
奇伟	qí wěi	40353	ai-ei,j-q-x	1
气滞	qì zhì	40354	z-zh,j-q-x	1
潜回	qián huí	40355	ian-iang,h-f,j-q-x	1
求告	qiú gào	40357	ao-ou,j-q-x	1
权谋	quán móu	40358	uan-uang,ao-ou,j-q-x	1
劝诱	quàn yòu	40359	uan-uang,ao-ou,j-q-x	1
劝止	quàn zhǐ	40360	uan-uang,z-zh,j-q-x	1
如来	rú lái	40361	ai-ei,n-l,r-l	1
乳胶	rǔ jiāo	40362	r-l,j-q-x	1
撒落	sǎ luò	40363	ua-uo,s-sh,n-l,r-l	1
纱帽	shā mào	40366	ao-ou,s-sh	1
山茶	shān chá	40367	an-ang,c-ch,s-sh	1
善报	shàn bào	40368	an-ang,ao-ou,s-sh	1
稍逊	shāo xùn	40369	ao-ou,s-sh,j-q-x	1
赊销	shē xiāo	40370	s-sh,j-q-x	3
诗抄	shī chāo	40371	ao-ou,c-ch,s-sh	1
实像	shí xiàng	40374	ian-iang,s-sh,j-q-x	1
拾趣	shí qù	40375	s-sh,j-q-x	1
树阴	shù yīn	40377	in-ing,s-sh	1
漱洗	shù xǐ	40378	s-sh,j-q-x	1
送气	sòng qì	40380	s-sh,j-q-x	1
随缘	suí yuán	40383	uan-uang,s-sh	1
琐细	suǒ xì	40384	ua-uo,s-sh,j-q-x	1
逃奔	táo bèn	40386	en-eng,ao-ou	1
填料	tián liào	40388	ian-iang,n-l,r-l	1
同房	tóng fáng	40390	an-ang,h-f	1
头羊	tóu yáng	40392	an-ang,ao-ou	1
托生	tuō shēng	40393	en-eng,ua-uo,s-sh	1
外道	wài dào	40394	ai-ei,ao-ou	1
晚生	wǎn shēng	40395	en-eng,an-ang,s-sh	1
围场	wéi chǎng	40396	an-ang,ai-ei,c-ch	1
围聚	wéi jù	40397	ai-ei,j-q-x	1
文火	wén huǒ	40399	en-eng,ua-uo,h-f	1
窝心	wō xīn	40401	in-ing,j-q-x	1
无上	wú shàng	40403	an-ang,s-sh	1
五味	wǔ wèi	40404	ai-ei	1
熹微	xī wēi	40406	ai-ei,j-q-x	3
暇时	xiá shí	40407	ia-ie,s-sh,j-q-x	1
下江	xià jiāng	40409	ian-iang,ia-ie,j-q-x	1
闲钱	xián qián	40410	ian-iang,j-q-x	1
闲杂	xián zá	40411	ian-iang,z-zh,j-q-x	1
献丑	xiàn chǒu	40412	ian-iang,ao-ou,c-ch,j-q-x	1
献技	xiàn jì	40413	ian-iang,j-q-x	1
相托	xiāng tuō	40414	ian-iang,ua-uo,j-q-x	1
胸骨	xiōng gǔ	40416	j-q-x	1
胸围	xiōng wéi	40417	ai-ei,j-q-x	1
穴居	xué jū	40418	j-q-x	1
押车	yā chē	40419	c-ch	1
烟馆	yān guǎn	40420	an-ang,uan-uang	1
延展	yán zhǎn	40421	an-ang,z-zh	1
甬路	yǒng lù	40425	n-l,r-l	3
邮车	yóu chē	40427	ao-ou,c-ch	1
油泥	yóu ní	40428	ao-ou,n-l	1
右方	yòu fāng	40431	an-ang,ao-ou,h-f	1
幼弱	yòu ruò	40432	ao-ou,ua-uo,r-l	1
幼芽	yòu yá	40433	ao-ou	1
语病	yǔ bìng	40434	in-ing	1
玉兔	yù tù	40435		1
园田	yuán tián	40436	ian-iang,uan-uang	1
圆规	yuán guī	40437	uan-uang	1
云头	yún tóu	40438	ao-ou	1
簪子	zān zi	40439	an-ang,z-zh	3
招认	zhāo rèn	40440	en-eng,ao-ou,z-zh,r-l	1
针眼	zhēn yǎn	40441	en-eng,an-ang,z-zh	1
震灾	zhèn zāi	40442	en-eng,ai-ei,z-zh	1
知交	zhī jiāo	40443	z-zh,j-q-x	1
直拨	zhí bō	40444	z-zh	1
猪栏	zhū lán	40446	an-ang,z-zh,n-l,r-l	1
猪猡	zhū luó	40447	ua-uo,z-zh,n-l,r-l	3
砖坯	zhuān pī	40449	uan-uang,z-zh	1
转存	zhuǎn cún	40450	uan-uang,z-zh,c-ch	1
着笔	zhuó bǐ	40451	ua-uo,z-zh	1
资望	zī wàng	40452	an-ang,z-zh	1
作保	zuò bǎo	40454	ao-ou,ua-uo,z-zh	1
暗语	àn yǔ	40456	an-ang	1
半票	bàn piào	40458	an-ang	1
鸨母	bǎo mǔ	40459	ao-ou	3
笔伐	bǐ fá	40460	h-f	1
菜油	cài yóu	40462	ai-ei,ao-ou,c-ch	1
茶汤	chá tāng	40463	an-ang,c-ch	1
畅达	chàng dá	40464	an-ang,c-ch	1
沉疴	chén kē	40465	en-eng,c-ch	3
晨星	chén xīng	40466	en-eng,in-ing,c-ch,j-q-x	1
称快	chēng kuài	40467	en-eng,c-ch	1
成药	chéng yào	40469	en-eng,ao-ou,c-ch	1
承当	chéng dāng	40470	en-eng,an-ang,c-ch	1
重版	chóng bǎn	40472	an-ang,c-ch	1
除法	chú fǎ	40473	c-ch,h-f	1
川菜	chuān cài	40474	uan-uang,ai-ei,c-ch	1
船篷	chuán péng	40475	en-eng,uan-uang,c-ch	1
垂老	chuí lǎo	40476	ao-ou,c-ch,n-l,r-l	1
春灌	chūn guàn	40477	uan-uang,c-ch	1
从征	cóng zhēng	40479	en-eng,z-zh,c-ch	1
粗硬	cū yìng	40480	in-ing,c-ch	1
寸心	cùn xīn	40482	in-ing,c-ch,j-q-x	1
答问	dá wèn	40483	en-eng	1
单字	dān zì	40486	an-ang,z-zh	1
叨念	dāo niàn	40487	ian-iang,ao-ou,n-l	1
低耗	dī hào	40488	ao-ou,h-f	1
涤荡	dí dàng	40489	an-ang	1
地支	dì zhī	40491	z-zh	1
殿宇	diàn yǔ	40492	ian-iang	1
盯梢	dīng shāo	40494	in-ing,ao-ou,s-sh	1
独苗	dú miáo	40495		1
短句	duǎn jù	40496	uan-uang,j-q-x	1
多向	duō xiàng	40497	ian-iang,ua-uo,j-q-x	1
讹传	é chuán	40498	uan-uang,c-ch	1
房脊	fáng jǐ	40500	an-ang,h-f,j-q-x	1
废弛	fèi chí	40501	ai-ei,c-ch,h-f	1
奉迎	fèng yíng	40503	en-eng,in-ing,h-f	1
干货	gān huò	40504	an-ang,ua-uo,h-f	1
干支	gān zhī	40505	an-ang,z-zh	1
钢梁	gāng liáng	40506	an-ang,ian-iang,n-l,r-l	1
告吹	gào chuī	40507	ao-ou,c-ch	1
公国	gōng guó	40508	ua-uo	1
骨子	gǔ zi	40510	z-zh	1
汗渍	hàn zì	40512	an-ang,z-zh,h-f	3
旱田	hàn tián	40513	an-ang,ian-iang,h-f	1
河身	hé shēn	40514	en-eng,s-sh,h-f	1
唬人	hǔ rén	40516	en-eng,h-f,r-l	1
花房	huā fáng	40517	an-ang,ua-uo,h-f	1
花架	huā jià	40518	ia-ie,ua-uo,h-f,j-q-x	1
黄鹂	huáng lí	40521	uan-uang,n-l,h-f,r-l	3
回水	huí shuǐ	40523	s-sh,h-f	1
活字	huó zì	40524	ua-uo,z-zh,h-f	1
机率	jī lǜ	40526	n-l,r-l,j-q-x	1
假案	jiǎ àn	40529	an-ang,ia-ie,j-q-x	1
奸雄	jiān xióng	40530	ian-iang,j-q-x	1
贱货	jiàn huò	40532	ian-iang,ua-uo,h-f,j-q-x	1
浆果	jiāng guǒ	40533	ian-iang,ua-uo,j-q-x	1
浆洗	jiāng xǐ	40534	ian-iang,j-q-x	1
交公	jiāo gōng	40536	j-q-x	1
狡狯	jiǎo kuài	40537	j-q-x	3
校订	jiào dìng	40538	in-ing,j-q-x	1
校阅	jiào yuè	40539	j-q-x	1
节操	jié cāo	40540	ao-ou,ia-ie,c-ch,j-q-x	1
金丹	jīn dān	40541	in-ing,an-ang,j-q-x	1
绝笔	jué bǐ	40542	j-q-x	1
开架	kāi jià	40543	ai-ei,ia-ie,j-q-x	1
开释	kāi shì	40544	ai-ei,s-sh	1
叩击	kòu jī	40546	ao-ou,j-q-x	1
岿然	kuī rán	40549	an-ang,r-l	3
冷然	lěng rán	40551	en-eng,an-ang,n-l,r-l	1
力挫	lì cuò	40552	ua-uo,c-ch,n-l,r-l	1
榴弹	liú dàn	40554	an-ang,n-l,r-l	1
漏电	lòu diàn	40555	ian-iang,ao-ou,n-l,r-l	1
路轨	lù guǐ	40556	n-l,r-l	1
绵密	mián mì	40560	ian-iang	1
面筋	miàn jin	40561	in-ing,ian-iang,j-q-x	1
木屐	mù jī	40563	j-q-x	3
逆水	nì shuǐ	40565	s-sh,n-l	1
排头	pái tóu	40566	ai-ei,ao-ou	1
牌局	pái jú	40567	ai-ei,j-q-x	1
判案	pàn àn	40568	an-ang	1
配伍	pèi wǔ	40570	ai-ei	1
批办	pī bàn	40571	an-ang	1
骈文	pián wén	40572	en-eng,ian-iang	3
嫔妃	pín fēi	40573	in-ing,ai-ei,h-f	3
祈望	qí wàng	40576	an-ang,j-q-x	1
窃国	qiè guó	40578	ia-ie,ua-uo,j-q-x	1
琴师	qín shī	40579	in-ing,s-sh,j-q-x	1
情夫	qíng fū	40580	in-ing,h-f,j-q-x	1
情郎	qíng láng	40581	in-ing,an-ang,n-l,r-l,j-q-x	1
雪雕	xuě diāo	40585	j-q-x	1
僧徒	sēng tú	40586	en-eng,s-sh	1
伤悲	shāng bēi	40588	an-ang,ai-ei,s-sh	1
伤神	shāng shén	40589	en-eng,an-ang,s-sh	1
身架	shēn jià	40590	en-eng,ia-ie,s-sh,j-q-x	1
神怪	shén guài	40591	en-eng,s-sh	1
接龙	jiē lóng	40592	ia-ie,n-l,r-l,j-q-x	1
生冷	shēng lěng	40593	en-eng,s-sh,n-l,r-l	1
逆天	nì tiān	40594	ian-iang,n-l	1
声腔	shēng qiāng	40596	en-eng,ian-iang,s-sh,j-q-x	1
笙歌	shēng gē	40597	en-eng,s-sh	1
石臼	shí jiù	40598	s-sh,j-q-x	1
实职	shí zhí	40599	z-zh,s-sh	1
拾取	shí qǔ	40600	s-sh,j-q-x	1
史话	shǐ huà	40601	ua-uo,s-sh,h-f	1
示爱	shì ài	40602	ai-ei,s-sh	1
事功	shì gōng	40603	s-sh	1
熟路	shú lù	40604	s-sh,n-l,r-l	1
属相	shǔ xiang	40606	ian-iang,s-sh,j-q-x	1
闪躲	shǎn duǒ	40607	an-ang,ua-uo,s-sh	1
燧石	suì shí	40609	s-sh	3
索还	suǒ huán	40610	uan-uang,ua-uo,s-sh,h-f	1
台基	tái jī	40611	ai-ei,j-q-x	1
谈锋	tán fēng	40613	en-eng,an-ang,h-f	1
绦虫	tāo chóng	40615	ao-ou,c-ch	3
套套	tào tao	40616	ao-ou	1
猎艳	liè yàn	40618	an-ang,ia-ie,n-l,r-l	1
停航	tíng háng	40621	in-ing,an-ang,h-f	1
偷越	tōu yuè	40622	ao-ou	1
投拍	tóu pāi	40623	ai-ei,ao-ou	1
外借	wài jiè	40625	ai-ei,ia-ie,j-q-x	1
晚育	wǎn yù	40626	an-ang	1
温煦	wēn xù	40627	en-eng,j-q-x	3
溪涧	xī jiàn	40629	ian-iang,j-q-x	1
洗煤	xǐ méi	40630	ai-ei,j-q-x	1
上照	shàng zhào	40631	an-ang,ao-ou,z-zh,s-sh	1
喜乐	xǐ lè	40632	n-l,r-l,j-q-x	1
脸厚	liǎn hòu	40633	ian-iang,ao-ou,n-l,h-f,r-l	1
喜信	xǐ xìn	40634	in-ing,j-q-x	1
闲逸	xián yì	40635	ian-iang,j-q-x	1
贤臣	xián chén	40636	en-eng,ian-iang,c-ch,j-q-x	1
弦歌	xián gē	40637	ian-iang,j-q-x	1
向隅	xiàng yú	40638	ian-iang,j-q-x	1
小账	xiǎo zhàng	40640	an-ang,z-zh,j-q-x	1
小卒	xiǎo zú	40641	z-zh,j-q-x	1
斜线	xié xiàn	40642	ian-iang,ia-ie,j-q-x	1
薪资	xīn zī	40643	in-ing,z-zh,j-q-x	1
信史	xìn shǐ	40644	in-ing,s-sh,j-q-x	1
星团	xīng tuán	40645	in-ing,uan-uang,j-q-x	1
行商	xíng shāng	40647	in-ing,an-ang,s-sh,j-q-x	1
杏黄	xìng huáng	40648	in-ing,uan-uang,h-f,j-q-x	1
胸片	xiōng piàn	40649	ian-iang,j-q-x	1
雪梨	xuě lí	40651	n-l,r-l,j-q-x	1
扬旗	yáng qí	40653	an-ang,j-q-x	1
扬琴	yáng qín	40654	in-ing,an-ang,j-q-x	1
羊水	yáng shuǐ	40655	an-ang,s-sh	1
腰刀	yāo dāo	40656	ao-ou	1
耀目	yào mù	40657	ao-ou	1
倚赖	yǐ lài	40659	ai-ei,n-l,r-l	1
佣工	yōng gōng	40661		1
勇悍	yǒng hàn	40662	an-ang,h-f	1
游侠	yóu xiá	40663	ao-ou,ia-ie,j-q-x	1
瑜伽	yú jiā	40664	ia-ie,j-q-x	2
殒命	yǔn mìng	40665	in-ing	3
运笔	yùn bǐ	40666		1
贼胆	zéi dǎn	40667	an-ang,ai-ei,z-zh	1
征候	zhēng hòu	40669	en-eng,ao-ou,z-zh,h-f	1
脏钱	zàng qián	40670	an-ang,ian-iang,z-zh,j-q-x	1
正极	zhèng jí	40671	en-eng,z-zh,j-q-x	1
指靠	zhǐ kào	40672	ao-ou,z-zh	1
舟车	zhōu chē	40673	ao-ou,z-zh,c-ch	1
自忖	zì cǔn	40677	z-zh,c-ch	3
自许	zì xǔ	40678	z-zh,j-q-x	1
摆列	bǎi liè	40681	ai-ei,ia-ie,n-l,r-l	1
绑扎	bǎng zā	40682	an-ang,z-zh	1
报修	bào xiū	40684	ao-ou,j-q-x	1
卑污	bēi wū	40685	ai-ei	1
被套	bèi tào	40686	ai-ei,ao-ou	1
迸射	bèng shè	40687	en-eng,s-sh	3
边门	biān mén	40688	en-eng,ian-iang	1
编舞	biān wǔ	40689	ian-iang	1
扁圆	biǎn yuán	40690	ian-iang,uan-uang	1
表亲	biǎo qīn	40691	in-ing,j-q-x	1
跛脚	bǒ jiǎo	40693	j-q-x	1
参禅	cān chán	40694	an-ang,c-ch	1
苍松	cāng sōng	40695	an-ang,c-ch,s-sh	1
草野	cǎo yě	40697	ao-ou,c-ch	1
产儿	chǎn ér	40698	an-ang,c-ch	1
产婆	chǎn pó	40699	an-ang,c-ch	1
车况	chē kuàng	40702	uan-uang,c-ch	1
彻悟	chè wù	40704	c-ch	1
陈请	chén qǐng	40705	en-eng,in-ing,c-ch,j-q-x	1
呈祥	chéng xiáng	40706	en-eng,ian-iang,c-ch,j-q-x	1
秤杆	chèng gǎn	40707	en-eng,an-ang,c-ch	1
持械	chí xiè	40708	ia-ie,c-ch,j-q-x	1
虫蛀	chóng zhù	40709	z-zh,c-ch	1
初小	chū xiǎo	40711	c-ch,j-q-x	1
串珠	chuàn zhū	40712	uan-uang,z-zh,c-ch	1
此致	cǐ zhì	40713	z-zh,c-ch	1
打滑	dǎ huá	40714	ua-uo,h-f	1
叨咕	dáo gu	40717	ao-ou	1
盗墓	dào mù	40718	ao-ou	1
电声	diàn shēng	40720	en-eng,ian-iang,s-sh	1
独门	dú mén	40722	en-eng	1
断路	duàn lù	40723	uan-uang,n-l,r-l	1
翻供	fān gòng	40724	an-ang,h-f	1
挂拍	guà pāi	40726	ai-ei,ua-uo	1
附上	fù shàng	40729	an-ang,s-sh,h-f	1
副手	fù shǒu	40730	ao-ou,s-sh,h-f	1
高士	gāo shì	40733	ao-ou,s-sh	1
告病	gào bìng	40734	in-ing,ao-ou	1
嗝儿	gé er	40735		3
恭谨	gōng jǐn	40737	in-ing,j-q-x	1
骨盆	gǔ pén	40738	en-eng	1
鼓槌	gǔ chuí	40739	c-ch	3
挂齿	guà chǐ	40740	ua-uo,c-ch	1
关张	guān zhāng	40741	an-ang,uan-uang,z-zh	1
观览	guān lǎn	40742	an-ang,uan-uang,n-l,r-l	1
管饭	guǎn fàn	40743	an-ang,uan-uang,h-f	1
哈腰	hā yāo	40744	ao-ou,h-f	1
喊冤	hǎn yuān	40745	an-ang,uan-uang,h-f	1
呵叱	hē chì	40746	c-ch,h-f	3
合子	hé zǐ	40747	z-zh,h-f	1
和数	hé shù	40748	s-sh,h-f	1
盒带	hé dài	40750	ai-ei,h-f	1
后手	hòu shǒu	40752	ao-ou,s-sh,h-f	1
滑竿	huá gān	40754	an-ang,ua-uo,h-f	1
环海	huán hǎi	40755	uan-uang,ai-ei,h-f	1
黄雀	huáng què	40757	uan-uang,h-f,j-q-x	1
混事	hùn shì	40759	s-sh,h-f	1
蒺藜	jí li	40763	n-l,r-l,j-q-x	2
家蚕	jiā cán	40764	an-ang,ia-ie,c-ch,j-q-x	1
茭白	jiāo bái	40766	ai-ei,j-q-x	3
绞死	jiǎo sǐ	40767	s-sh,j-q-x	1
缴付	jiǎo fù	40768	h-f,j-q-x	1
胯骨	kuà gǔ	40770	ua-uo	3
凉意	liáng yì	40773	ian-iang,n-l,r-l	1
林涛	lín tāo	40774	in-ing,ao-ou,n-l,r-l	1
鹿茸	lù róng	40775	n-l,r-l	1
漫溢	màn yì	40776	an-ang	1
毛裤	máo kù	40777	ao-ou	1
房补	fáng bǔ	40778	an-ang,h-f	1
帽徽	mào huī	40779	ao-ou,h-f	1
煤耗	méi hào	40780	ai-ei,ao-ou,h-f	1
妙策	miào cè	40781	c-ch	1
明达	míng dá	40783	in-ing	1
抹灰	mǒ huī	40784	h-f	1
沫子	mò zi	40785	z-zh	1
脑汁	nǎo zhī	40787	ao-ou,z-zh,n-l	1
内服	nèi fú	40788	ai-ei,n-l,h-f	1
孽种	niè zhǒng	40790	ia-ie,z-zh,n-l	1
呕血	ǒu xuè	40791	ao-ou,j-q-x	1
盘坐	pán zuò	40792	an-ang,ua-uo,z-zh	1
配比	pèi bǐ	40793	ai-ei	1
僻远	pì yuǎn	40795	uan-uang	1
骈体	pián tǐ	40796	ian-iang	3
汽灯	qì dēng	40798	en-eng,j-q-x	1
巧言	qiǎo yán	40799	an-ang,j-q-x	1
倾巢	qīng cháo	40800	in-ing,ao-ou,c-ch,j-q-x	1
求雨	qiú yǔ	40802	j-q-x	1
去皮	qù pí	40803	j-q-x	1
犬马	quǎn mǎ	40804	uan-uang,j-q-x	1
人妖	rén yāo	40807	en-eng,ao-ou,r-l	1
容身	róng shēn	40808	en-eng,s-sh,r-l	1
溶血	róng xuè	40809	r-l,j-q-x	1
入定	rù dìng	40810	in-ing,r-l	1
撒播	sǎ bō	40811	s-sh	1
建账	jiàn zhàng	40812	an-ang,ian-iang,z-zh,j-q-x	1
桑葚	sāng shèn	40813	en-eng,an-ang,s-sh	3
瘙痒	sào yǎng	40814	an-ang,ao-ou,s-sh	3
绳套	shéng tào	40816	en-eng,ao-ou,s-sh	1
失计	shī jì	40817	s-sh,j-q-x	1
什锦	shí jǐn	40818	in-ing,s-sh,j-q-x	1
世仇	shì chóu	40820	ao-ou,c-ch,s-sh	1
收殓	shōu liàn	40822	ian-iang,ao-ou,s-sh,n-l,r-l	3
受业	shòu yè	40823	ao-ou,s-sh	1
耍笑	shuǎ xiào	40824	ua-uo,s-sh,j-q-x	1
霜期	shuāng qī	40825	uan-uang,s-sh,j-q-x	1
睡袍	shuì páo	40826	ao-ou,s-sh	1
撕打	sī dǎ	40827	s-sh	1
汤水	tāng shuǐ	40829	an-ang,s-sh	1
特首	tè shǒu	40830	ao-ou,s-sh	1
通栏	tōng lán	40831	an-ang,n-l,r-l	1
头雁	tóu yàn	40832	an-ang,ao-ou	1
投合	tóu hé	40833	ao-ou,h-f	1
托病	tuō bìng	40834	in-ing,ua-uo	1
脱发	tuō fà	40835	ua-uo,h-f	1
脱色	tuō sè	40836	ua-uo,s-sh	1
驼峰	tuó fēng	40837	en-eng,ua-uo,h-f	1
外溢	wài yì	40839	ai-ei	1
外引	wài yǐn	40840	in-ing,ai-ei	1
万福	wàn fú	40841	an-ang,h-f	1
万贯	wàn guàn	40842	an-ang,uan-uang	1
望月	wàng yuè	40843	an-ang	1
围腰	wéi yāo	40844	ai-ei,ao-ou	1
蜗居	wō jū	40847	j-q-x	1
污渍	wū zì	40849	z-zh	3
五爱	wǔ ài	40851	ai-ei	1
造地	zào dì	40852	ao-ou,z-zh	1
晤面	wù miàn	40854	ian-iang	3
贤能	xián néng	40859	en-eng,ian-iang,n-l,j-q-x	1
小过	xiǎo guò	40860	ua-uo,j-q-x	1
幸会	xìng huì	40862	in-ing,h-f,j-q-x	1
凶横	xiōng hèng	40863	en-eng,h-f,j-q-x	1
虚岁	xū suì	40864	s-sh,j-q-x	1
压顶	yā dǐng	40866	in-ing	1
烟具	yān jù	40869	an-ang,j-q-x	1
盐巴	yán bā	40870	an-ang	1
洋化	yáng huà	40872	an-ang,ua-uo,h-f	1
徭役	yáo yì	40873	ao-ou	3
臆测	yì cè	40876	c-ch	3
隐衷	yǐn zhōng	40877	in-ing,z-zh	1
庸医	yōng yī	40879		1
淤血	yū xuè	40880	j-q-x	1
鱼油	yú yóu	40881	ao-ou	1
渔猎	yú liè	40882	ia-ie,n-l,r-l	1
愚见	yú jiàn	40883	ian-iang,j-q-x	1
远视	yuǎn shì	40885	uan-uang,s-sh	1
杂陈	zá chén	40887	en-eng,z-zh,c-ch	1
皂角	zào jiǎo	40888	ao-ou,z-zh,j-q-x	1
诈降	zhà xiáng	40889	ian-iang,z-zh,j-q-x	1
枝蔓	zhī màn	40890	an-ang,z-zh	1
治服	zhì fú	40891	z-zh,h-f	1
啁啾	zhōu jiū	40893	ao-ou,z-zh,j-q-x	2
追怀	zhuī huái	40896	z-zh,h-f	1
追尾	zhuī wěi	40897	ai-ei,z-zh	1
身教	shēn jiào	40899	en-eng,s-sh,j-q-x	1
白肉	bái ròu	40901	ai-ei,ao-ou,r-l	1
白事	bái shì	40902	ai-ei,s-sh	1
摆阔	bǎi kuò	40904	ai-ei,ua-uo	1
拜辞	bài cí	40905	ai-ei,c-ch	1
板床	bǎn chuáng	40906	an-ang,uan-uang,c-ch	1
半腰	bàn yāo	40907	an-ang,ao-ou	1
暴死	bào sǐ	40909	ao-ou,s-sh	1
爆炒	bào chǎo	40910	ao-ou,c-ch	1
悲号	bēi háo	40911	ai-ei,ao-ou,h-f	1
背人	bèi rén	40912	en-eng,ai-ei,r-l	1
本埠	běn bù	40913	en-eng	1
变价	biàn jià	40914	ian-iang,ia-ie,j-q-x	1
兵械	bīng xiè	40915	in-ing,ia-ie,j-q-x	1
波束	bō shù	40916	s-sh	1
草民	cǎo mín	40917	in-ing,ao-ou,c-ch	1
拆穿	chāi chuān	40918	uan-uang,ai-ei,c-ch	1
长逝	cháng shì	40919	an-ang,c-ch,s-sh	1
呈交	chéng jiāo	40924	en-eng,c-ch,j-q-x	1
城垛	chéng duǒ	40925	en-eng,ua-uo,c-ch	1
逞凶	chěng xiōng	40926	en-eng,c-ch,j-q-x	1
从戎	cóng róng	40930	c-ch,r-l	1
粗通	cū tōng	40931	c-ch	1
寸断	cùn duàn	40932	uan-uang,c-ch	1
寸土	cùn tǔ	40933	c-ch	1
单用	dān yòng	40936	an-ang	1
倒运	dǎo yùn	40938	ao-ou	1
电汇	diàn huì	40940	ian-iang,h-f	1
斗拱	dǒu gǒng	40941	ao-ou	1
短讯	duǎn xùn	40942	uan-uang,j-q-x	1
堆肥	duī féi	40943	ai-ei,h-f	1
发报	fā bào	40944	ao-ou,h-f	1
发绿	fā lǜ	40945	n-l,h-f,r-l	1
反绑	fǎn bǎng	40946	an-ang,h-f	1
反扒	fǎn pá	40947	an-ang,h-f	1
反诉	fǎn sù	40948	an-ang,s-sh,h-f	1
粪车	fèn chē	40952	en-eng,c-ch,h-f	1
概略	gài lüè	40956	ai-ei,n-l,r-l	1
敢是	gǎn shì	40957	an-ang,s-sh	1
刚正	gāng zhèng	40958	en-eng,an-ang,z-zh	1
工于	gōng yú	40960		1
公举	gōng jǔ	40961	j-q-x	1
勾魂	gōu hún	40962	ao-ou,h-f	1
刮痧	guā shā	40965	ua-uo,s-sh	3
寡居	guǎ jū	40966	ua-uo,j-q-x	1
挂冠	guà guān	40967	uan-uang,ua-uo	1
光火	guāng huǒ	40968	uan-uang,ua-uo,h-f	1
归程	guī chéng	40969	en-eng,c-ch	1
归化	guī huà	40970	ua-uo,h-f	1
果腹	guǒ fù	40974	ua-uo,h-f	1
酣战	hān zhàn	40975	an-ang,z-zh,h-f	1
皓齿	hào chǐ	40976	ao-ou,c-ch,h-f	1
荷载	hè zài	40977	ai-ei,z-zh,h-f	1
宏论	hóng lùn	40980	n-l,h-f,r-l	1
厚意	hòu yì	40981	ao-ou,h-f	1
花腔	huā qiāng	40983	ian-iang,ua-uo,h-f,j-q-x	1
还账	huán zhàng	40984	an-ang,uan-uang,z-zh,h-f	1
毁谤	huǐ bàng	40986	an-ang,h-f	1
婚俗	hūn sú	40987	s-sh,h-f	1
纪纲	jì gāng	40988	an-ang,j-q-x	1
家鸽	jiā gē	40989	ia-ie,j-q-x	1
拣选	jiǎn xuǎn	40990	ian-iang,uan-uang,j-q-x	1
贱人	jiàn rén	40991	en-eng,ian-iang,r-l,j-q-x	1
姜汤	jiāng tāng	40992	an-ang,ian-iang,j-q-x	1
金针	jīn zhēn	40994	en-eng,in-ing,z-zh,j-q-x	1
进款	jìn kuǎn	40995	in-ing,uan-uang,j-q-x	1
禁食	jìn shí	40996	in-ing,s-sh,j-q-x	1
警徽	jǐng huī	40997	in-ing,h-f,j-q-x	1
竞拍	jìng pāi	40998	in-ing,ai-ei,j-q-x	1
救险	jiù xiǎn	40999	ian-iang,j-q-x	1
空喊	kōng hǎn	41002	an-ang,h-f	1
苦差	kǔ chāi	41005	ai-ei,c-ch	1
来潮	lái cháo	41007	ai-ei,ao-ou,c-ch,n-l,r-l	1
老旦	lǎo dàn	41009	an-ang,ao-ou,n-l,r-l	1
两可	liǎng kě	41011	ian-iang,n-l,r-l	1
两全	liǎng quán	41012	ian-iang,uan-uang,n-l,r-l,j-q-x	1
落魄	luò pò	41015	ua-uo,n-l,r-l	1
漫卷	màn juǎn	41017	an-ang,uan-uang,j-q-x	1
明春	míng chūn	41020	in-ing,c-ch	1
耙子	pá zi	41022	z-zh	1
旁门	páng mén	41023	en-eng,an-ang	1
翩跹	piān xiān	41025	ian-iang,j-q-x	3
片剂	piàn jì	41026	ian-iang,j-q-x	1
飘移	piāo yí	41027		1
瓢虫	piáo chóng	41028	c-ch	1
瓶塞	píng sāi	41030	in-ing,ai-ei,s-sh	1
妻弟	qī dì	41031	j-q-x	1
欺瞒	qī mán	41032	an-ang,j-q-x	1
漆画	qī huà	41033	ua-uo,h-f,j-q-x	1
奇趣	qí qù	41034	j-q-x	1
铅印	qiān yìn	41035	in-ing,ian-iang,j-q-x	1
强辩	qiǎng biàn	41037	ian-iang,j-q-x	1
软椅	ruǎn yǐ	41041	uan-uang,r-l	1
山景	shān jǐng	41042	in-ing,an-ang,s-sh,j-q-x	1
上税	shàng shuì	41044	an-ang,s-sh	1
梢头	shāo tóu	41045	ao-ou,s-sh	1
深交	shēn jiāo	41046	en-eng,s-sh,j-q-x	1
时点	shí diǎn	41047	ian-iang,s-sh	1
实价	shí jià	41048	ia-ie,s-sh,j-q-x	1
实足	shí zú	41049	z-zh,s-sh	1
食管	shí guǎn	41050	uan-uang,s-sh	1
守势	shǒu shì	41052	ao-ou,s-sh	1
守业	shǒu yè	41053	ao-ou,s-sh	1
糖醋	táng cù	41056	an-ang,c-ch	1
拖网	tuō wǎng	41060	an-ang,ua-uo	1
顽劣	wán liè	41061	an-ang,ia-ie,n-l,r-l	1
下家	xià jiā	41067	ia-ie,j-q-x	1
下卷	xià juǎn	41068	uan-uang,ia-ie,j-q-x	1
显达	xiǎn dá	41069	ian-iang,j-q-x	1
限速	xiàn sù	41070	ian-iang,s-sh,j-q-x	1
乡俗	xiāng sú	41071	ian-iang,s-sh,j-q-x	1
降表	xiáng biǎo	41072	ian-iang,j-q-x	1
消夜	xiāo yè	41073	j-q-x	1
小我	xiǎo wǒ	41074	j-q-x	1
孝服	xiào fú	41075	h-f,j-q-x	1
斜睨	xié nì	41076	ia-ie,n-l,j-q-x	3
泄愤	xiè fèn	41077	en-eng,ia-ie,h-f,j-q-x	1
行令	xíng lìng	41081	in-ing,n-l,r-l,j-q-x	1
续篇	xù piān	41083	ian-iang,j-q-x	1
血衣	xuè yī	41084	j-q-x	1
巡访	xún fǎng	41085	an-ang,h-f,j-q-x	1
压级	yā jí	41086	j-q-x	1
厌食	yàn shí	41087	an-ang,s-sh	1
药草	yào cǎo	41089	ao-ou,c-ch	1
幽远	yōu yuǎn	41091	uan-uang,ao-ou	1
油绿	yóu lǜ	41092	ao-ou,n-l,r-l	1
又及	yòu jí	41093	ao-ou,j-q-x	1
瘀血	yū xuè	41094	j-q-x	5
鱼叉	yú chā	41095	c-ch	1
浴衣	yù yī	41096		1
岳家	yuè jiā	41097	ia-ie,j-q-x	1
胀痛	zhàng tòng	41100	an-ang,z-zh	1
正餐	zhèng cān	41101	en-eng,an-ang,z-zh,c-ch	1
证物	zhèng wù	41102	en-eng,z-zh	1
指印	zhǐ yìn	41103	in-ing,z-zh	1
至交	zhì jiāo	41104	z-zh,j-q-x	1
终岁	zhōng suì	41105	z-zh,s-sh	1
松果	sōng guǒ	41106	ua-uo,s-sh	1
猪瘟	zhū wēn	41107	en-eng,z-zh	1
祝捷	zhù jié	41108	ia-ie,z-zh,j-q-x	1
铸件	zhù jiàn	41109	ian-iang,z-zh,j-q-x	1
装蒜	zhuāng suàn	41110	uan-uang,z-zh,s-sh	1
自量	zì liàng	41111	ian-iang,z-zh,n-l,r-l	1
嘴快	zuǐ kuài	41112	z-zh	1
左首	zuǒ shǒu	41113	ao-ou,ua-uo,z-zh,s-sh	1
哀歌	āi gē	41115	ai-ei	1
板书	bǎn shū	41116	an-ang,s-sh	1
帮厨	bāng chú	41117	an-ang,c-ch	1
保命	bǎo mìng	41118	in-ing,ao-ou	1
抱养	bào yǎng	41119	an-ang,ao-ou	1
比量	bǐ liang	41120	ian-iang,n-l,r-l	1
笔意	bǐ yì	41121		1
币制	bì zhì	41122	z-zh	1
贬抑	biǎn yì	41123	ian-iang	1
表功	biǎo gōng	41125		1
补缀	bǔ zhuì	41126	z-zh	1
才略	cái lüè	41127	ai-ei,c-ch,n-l,r-l	1
仓容	cāng róng	41130	an-ang,c-ch,r-l	1
操刀	cāo dāo	41131	ao-ou,c-ch	1
差池	chā chí	41132	c-ch	1
肠衣	cháng yī	41133	an-ang,c-ch	1
炒饭	chǎo fàn	41134	an-ang,ao-ou,c-ch,h-f	1
尘嚣	chén xiāo	41135	en-eng,c-ch,j-q-x	1
称许	chēng xǔ	41137	en-eng,c-ch,j-q-x	1
冲凉	chōng liáng	41140	ian-iang,c-ch,n-l,r-l	1
出缺	chū quē	41141	c-ch,j-q-x	1
闯劲	chuǎng jìn	41142	in-ing,uan-uang,c-ch,j-q-x	1
存根	cún gēn	41144	en-eng,c-ch	1
大率	dà shuài	41145	s-sh	1
代步	dài bù	41147	ai-ei	1
倒爷	dǎo yé	41148	ao-ou	1
道袍	dào páo	41149	ao-ou	1
电弧	diàn hú	41151	ian-iang,h-f	1
回游	huí yóu	41152	ao-ou,h-f	1
掉价	diào jià	41153	ia-ie,j-q-x	1
冬月	dōng yuè	41154		1
肚量	dù liàng	41155	ian-iang,n-l,r-l	1
多舛	duō chuǎn	41156	uan-uang,ua-uo,c-ch	3
文眉	wén méi	41157	en-eng,ai-ei	1
恶仗	è zhàng	41158	an-ang,z-zh	1
发懵	fā měng	41159	en-eng,h-f	3
反转	fǎn zhuǎn	41160	an-ang,uan-uang,z-zh,h-f	1
房费	fáng fèi	41161	an-ang,ai-ei,h-f	1
匪帮	fěi bāng	41162	an-ang,ai-ei,h-f	1
赴死	fù sǐ	41166	s-sh,h-f	1
工房	gōng fáng	41168	an-ang,h-f	1
工蚁	gōng yǐ	41169		1
公断	gōng duàn	41170	uan-uang	1
灌装	guàn zhuāng	41171	uan-uang,z-zh	1
归公	guī gōng	41172		1
过手	guò shǒu	41174	ao-ou,ua-uo,s-sh	1
寒星	hán xīng	41175	in-ing,an-ang,h-f,j-q-x	1
浩渺	hào miǎo	41176	ao-ou,h-f	1
合称	hé chēng	41177	en-eng,c-ch,h-f	1
猴头	hóu tóu	41181	ao-ou,h-f	1
厚葬	hòu zàng	41182	an-ang,ao-ou,z-zh,h-f	1
话梅	huà méi	41185	ai-ei,ua-uo,h-f	1
火并	huǒ bìng	41187	in-ing,ua-uo,h-f	1
货栈	huò zhàn	41188	an-ang,ua-uo,z-zh,h-f	1
唧哝	jī nong	41189	n-l,j-q-x	3
祭灶	jì zào	41192	ao-ou,z-zh,j-q-x	1
加餐	jiā cān	41193	an-ang,ia-ie,c-ch,j-q-x	1
简写	jiǎn xiě	41194	ian-iang,ia-ie,j-q-x	1
嚼舌	jiáo shé	41195	s-sh,j-q-x	1
桔梗	jié gěng	41197	en-eng,ia-ie,j-q-x	1
窘况	jiǒng kuàng	41199	uan-uang,j-q-x	1
纠偏	jiū piān	41200	ian-iang,j-q-x	1
酒窖	jiǔ jiào	41201	j-q-x	1
酒气	jiǔ qì	41202	j-q-x	1
绢花	juàn huā	41203	uan-uang,ua-uo,h-f,j-q-x	1
绝版	jué bǎn	41204	an-ang,j-q-x	1
开禁	kāi jìn	41205	in-ing,ai-ei,j-q-x	1
恳挚	kěn zhì	41206	en-eng,z-zh	1
宽衣	kuān yī	41208	uan-uang	1
辣酱	là jiàng	41210	ian-iang,n-l,r-l,j-q-x	1
冷艳	lěng yàn	41211	en-eng,an-ang,n-l,r-l	1
林莽	lín mǎng	41212	in-ing,an-ang,n-l,r-l	1
伶仃	líng dīng	41213	in-ing,n-l,r-l	3
领有	lǐng yǒu	41214	in-ing,ao-ou,n-l,r-l	1
论辩	lùn biàn	41215	ian-iang,n-l,r-l	1
蚂蟥	mǎ huáng	41216	uan-uang,h-f	3
夹克	jiā kè	41217	ia-ie,j-q-x	1
蛮缠	mán chán	41218	an-ang,c-ch	1
美言	měi yán	41220	an-ang,ai-ei	1
蒙尘	méng chén	41222	en-eng,c-ch	1
面呈	miàn chéng	41223	en-eng,ian-iang,c-ch	1
灭种	miè zhǒng	41225	ia-ie,z-zh	1
鸣冤	míng yuān	41226	in-ing,uan-uang	1
陪读	péi dú	41228	ai-ei	1
拼合	pīn hé	41230	in-ing,h-f	1
屏藩	píng fān	41232	in-ing,an-ang,h-f	3
泼皮	pō pí	41233		1
棋赛	qí sài	41237	ai-ei,s-sh,j-q-x	1
起锚	qǐ máo	41238	ao-ou,j-q-x	1
轻闲	qīng xián	41241	in-ing,ian-iang,j-q-x	1
清账	qīng zhàng	41242	in-ing,an-ang,z-zh,j-q-x	1
全日	quán rì	41245	uan-uang,r-l,j-q-x	1
拳拳	quán quán	41246	uan-uang,j-q-x	1
褥疮	rù chuāng	41248	uan-uang,c-ch,r-l	1
盛暑	shèng shǔ	41253	en-eng,s-sh	1
实诚	shí cheng	41254	en-eng,c-ch,s-sh	1
拾荒	shí huāng	41255	uan-uang,s-sh,h-f	1
示警	shì jǐng	41256	in-ing,s-sh,j-q-x	1
鼠类	shǔ lèi	41257	ai-ei,s-sh,n-l,r-l	1
水绿	shuǐ lǜ	41258	s-sh,n-l,r-l	1
税票	shuì piào	41259	s-sh	1
说项	shuō xiàng	41260	ian-iang,ua-uo,s-sh,j-q-x	1
私方	sī fāng	41261	an-ang,s-sh,h-f	1
啼鸣	tí míng	41262	in-ing	1
田畴	tián chóu	41264	ian-iang,ao-ou,c-ch	1
头路	tóu lù	41266	ao-ou,n-l,r-l	1
外聘	wài pìn	41267	in-ing,ai-ei	1
围猎	wéi liè	41268	ai-ei,ia-ie,n-l,r-l	1
尾音	wěi yīn	41269	in-ing,ai-ei	1
委顿	wěi dùn	41270	ai-ei	1
位卑	wèi bēi	41272	ai-ei	1
西经	xī jīng	41274	in-ing,j-q-x	1
试婚	shì hūn	41275	s-sh,h-f	1
吸湿	xī shī	41276	s-sh,j-q-x	1
昔年	xī nián	41277	ian-iang,n-l,j-q-x	1
洗印	xǐ yìn	41279	in-ing,j-q-x	1
下注	xià zhù	41281	ia-ie,z-zh,j-q-x	1
线型	xiàn xíng	41282	in-ing,ian-iang,j-q-x	1
乡思	xiāng sī	41283	ian-iang,s-sh,j-q-x	1
相商	xiāng shāng	41284	an-ang,ian-iang,s-sh,j-q-x	1
向晚	xiàng wǎn	41285	an-ang,ian-iang,j-q-x	1
小教	xiǎo jiào	41286	j-q-x	1
邪火	xié huǒ	41287	ia-ie,ua-uo,h-f,j-q-x	1
牙粉	yá fěn	41289	en-eng,h-f	1
仰躺	yǎng tǎng	41291	an-ang	1
养兵	yǎng bīng	41292	in-ing,an-ang	1
咬嘴	yǎo zuǐ	41293	ao-ou,z-zh	1
疑兵	yí bīng	41299	in-ing	1
艺校	yì xiào	41300	j-q-x	1
音速	yīn sù	41301	in-ing,s-sh	1
蝇头	yíng tóu	41302	in-ing,ao-ou	1
语流	yǔ liú	41306	n-l,r-l	1
玉女	yù nǚ	41307	n-l	1
原话	yuán huà	41310	uan-uang,ua-uo,h-f	1
凿凿	záo záo	41313	ao-ou,z-zh	1
责打	zé dǎ	41314	z-zh	1
闸口	zhá kǒu	41315	ao-ou,z-zh	1
正误	zhèng wù	41316	en-eng,z-zh	1
支路	zhī lù	41317	z-zh,n-l,r-l	1
转乘	zhuǎn chéng	41321	en-eng,uan-uang,z-zh,c-ch	1
转干	zhuǎn gàn	41322	an-ang,uan-uang,z-zh	1
传略	zhuàn lüè	41323	uan-uang,z-zh,n-l,r-l	1
篆字	zhuàn zì	41324	uan-uang,z-zh	3
撞墙	zhuàng qiáng	41325	ian-iang,uan-uang,z-zh,j-q-x	1
追想	zhuī xiǎng	41326	ian-iang,z-zh,j-q-x	1
子规	zǐ guī	41327	z-zh	1
纵酒	zòng jiǔ	41331	z-zh,j-q-x	1
座钟	zuò zhōng	41332	ua-uo,z-zh	1
暗箭	àn jiàn	41333	an-ang,ian-iang,j-q-x	1
凹凸	āo tū	41334	ao-ou	1
罢赛	bà sài	41335	ai-ei,s-sh	1
磅秤	bàng chèng	41336	en-eng,an-ang,c-ch	1
北头	běi tóu	41337	ai-ei,ao-ou	1
奔窜	bēn cuàn	41338	en-eng,uan-uang,c-ch	1
逼使	bī shǐ	41339	s-sh	1
比附	bǐ fù	41340	h-f	1
膘肥	biāo féi	41343	ai-ei,h-f	3
埠头	bù tóu	41346	ao-ou	1
苍鹰	cāng yīng	41347	in-ing,an-ang,c-ch	1
操演	cāo yǎn	41348	an-ang,ao-ou,c-ch	1
册页	cè yè	41349	c-ch	1
策反	cè fǎn	41350	an-ang,c-ch,h-f	1
层叠	céng dié	41351	en-eng,ia-ie,c-ch	1
查体	chá tǐ	41352	c-ch	1
叱骂	chì mà	41355	c-ch	3
憧憧	chōng chōng	41356	c-ch	2
蠢人	chǔn rén	41358	en-eng,c-ch,r-l	1
搓洗	cuō xǐ	41360	ua-uo,c-ch,j-q-x	1
打嘴	dǎ zuǐ	41362	z-zh	1
大儒	dà rú	41363	r-l	1
代职	dài zhí	41365	ai-ei,z-zh	1
单数	dān shù	41367	an-ang,s-sh	1
胆魄	dǎn pò	41369	an-ang	1
弹坑	dàn kēng	41370	en-eng,an-ang	1
批售	pī shòu	41371	ao-ou,s-sh	1
党魁	dǎng kuí	41372	an-ang	1
跌势	diē shì	41375	ia-ie,s-sh	1
订金	dìng jīn	41376	in-ing,j-q-x	1
毒刑	dú xíng	41379	in-ing,j-q-x	1
渡槽	dù cáo	41380	ao-ou,c-ch	1
对证	duì zhèng	41382	en-eng,z-zh	1
乏术	fá shù	41384	s-sh,h-f	1
樊篱	fán lí	41385	an-ang,n-l,h-f,r-l	3
坊间	fāng jiān	41386	an-ang,ian-iang,h-f,j-q-x	1
防凌	fáng líng	41387	in-ing,an-ang,n-l,h-f,r-l	1
废油	fèi yóu	41388	ai-ei,ao-ou,h-f	1
风挡	fēng dǎng	41389	en-eng,an-ang,h-f	1
风致	fēng zhì	41390	en-eng,z-zh,h-f	1
佛典	fó diǎn	41391	ian-iang,h-f	1
佛牙	fó yá	41392	h-f	1
腐臭	fǔ chòu	41393	ao-ou,c-ch,h-f	1
柑子	gān zi	41394	an-ang,z-zh	1
高看	gāo kàn	41396	an-ang,ao-ou	1
公设	gōng shè	41397	s-sh	1
古来	gǔ lái	41398	ai-ei,n-l,r-l	1
关子	guān zi	41399	uan-uang,z-zh	1
国故	guó gù	41402	ua-uo	1
耗油	hào yóu	41404	ao-ou,h-f	1
后轮	hòu lún	41408	ao-ou,n-l,h-f,r-l	1
花苞	huā bāo	41410	ao-ou,ua-uo,h-f	1
毁伤	huǐ shāng	41412	an-ang,s-sh,h-f	1
货舱	huò cāng	41415	an-ang,ua-uo,c-ch,h-f	1
加急	jiā jí	41417	ia-ie,j-q-x	1
家贼	jiā zéi	41418	ai-ei,ia-ie,z-zh,j-q-x	1
剑眉	jiàn méi	41419	ian-iang,ai-ei,j-q-x	1
将令	jiàng lìng	41420	in-ing,ian-iang,n-l,r-l,j-q-x	1
节食	jié shí	41422	ia-ie,s-sh,j-q-x	1
禁欲	jìn yù	41424	in-ing,j-q-x	1
净是	jìng shì	41425	in-ing,s-sh,j-q-x	1
绝育	jué yù	41427	j-q-x	1
苦酒	kǔ jiǔ	41429	j-q-x	1
旷古	kuàng gǔ	41430	uan-uang	1
离愁	lí chóu	41434	ao-ou,c-ch,n-l,r-l	1
立新	lì xīn	41435	in-ing,n-l,r-l,j-q-x	1
例假	lì jià	41437	ia-ie,n-l,r-l,j-q-x	1
栗色	lì sè	41438	s-sh,n-l,r-l	1
粒状	lì zhuàng	41439	uan-uang,z-zh,n-l,r-l	1
令弟	lìng dì	41441	in-ing,n-l,r-l	1
龙钟	lóng zhōng	41443	z-zh,n-l,r-l	1
漏风	lòu fēng	41444	en-eng,ao-ou,n-l,h-f,r-l	1
论价	lùn jià	41446	ia-ie,n-l,r-l,j-q-x	1
密告	mì gào	41449	ao-ou	1
棉籽	mián zǐ	41450	ian-iang,z-zh	1
面善	miàn shàn	41451	an-ang,ian-iang,s-sh	1
明灭	míng miè	41452	in-ing,ia-ie	1
闹病	nào bìng	41454	in-ing,ao-ou,n-l	1
黏稠	nián chóu	41456	ian-iang,ao-ou,c-ch,n-l	3
娘胎	niáng tāi	41457	ian-iang,ai-ei,n-l	1
牛蛙	niú wā	41458	n-l	1
攀越	pān yuè	41459	an-ang	1
炮眼	pào yǎn	41461	an-ang,ao-ou	1
频度	pín dù	41463	in-ing	1
启口	qǐ kǒu	41464	ao-ou,j-q-x	1
起止	qǐ zhǐ	41465	z-zh,j-q-x	1
青虫	qīng chóng	41467	in-ing,c-ch,j-q-x	1
轻慢	qīng màn	41468	in-ing,an-ang,j-q-x	1
泅渡	qiú dù	41470	j-q-x	3
球台	qiú tái	41471	ai-ei,j-q-x	1
祛除	qū chú	41472	c-ch,j-q-x	3
热肠	rè cháng	41473	an-ang,c-ch,r-l	1
柔肠	róu cháng	41474	an-ang,ao-ou,c-ch,r-l	1
软管	ruǎn guǎn	41475	uan-uang,r-l	1
三鲜	sān xiān	41477	an-ang,ian-iang,s-sh,j-q-x	1
沙眼	shā yǎn	41478	an-ang,s-sh	1
上弦	shàng xián	41481	an-ang,ian-iang,s-sh,j-q-x	1
申说	shēn shuō	41482	en-eng,ua-uo,s-sh	1
申冤	shēn yuān	41483	en-eng,uan-uang,s-sh	1
生僻	shēng pì	41485	en-eng,s-sh	1
水冷	shuǐ lěng	41489	en-eng,s-sh,n-l,r-l	1
寺观	sì guàn	41490	uan-uang,s-sh	1
索解	suǒ jiě	41491	ia-ie,ua-uo,s-sh,j-q-x	1
汤团	tāng tuán	41492	an-ang,uan-uang	1
挑花	tiǎo huā	41493	ua-uo,h-f	1
听会	tīng huì	41495	in-ing,h-f	1
投枪	tóu qiāng	41497	ian-iang,ao-ou,j-q-x	1
拖带	tuō dài	41498	ai-ei,ua-uo	1
帷幄	wéi wò	41500	ai-ei	3
纬线	wěi xiàn	41501	ian-iang,ai-ei,j-q-x	1
胃液	wèi yè	41502	ai-ei	1
文身	wén shēn	41504	en-eng,s-sh	1
文饰	wén shì	41505	en-eng,s-sh	1
西菜	xī cài	41511	ai-ei,c-ch,j-q-x	1
淅淅	xī xī	41512	j-q-x	2
下泻	xià xiè	41513	ia-ie,j-q-x	1
嫌烦	xián fán	41514	an-ang,ian-iang,h-f,j-q-x	1
踩雷	cǎi léi	41515	ai-ei,c-ch,n-l,r-l	1
线绳	xiàn shéng	41516	en-eng,ian-iang,s-sh,j-q-x	1
相顾	xiāng gù	41517	ian-iang,j-q-x	1
箱笼	xiāng lǒng	41519	ian-iang,n-l,r-l,j-q-x	1
新欢	xīn huān	41523	in-ing,uan-uang,h-f,j-q-x	1
压气	yā qì	41525	j-q-x	1
言志	yán zhì	41526	an-ang,z-zh	1
羊奶	yáng nǎi	41527	an-ang,ai-ei,n-l	1
要得	yào dé	41529	ao-ou	1
业大	yè dà	41530		1
医士	yī shì	41534	s-sh	1
异人	yì rén	41538	en-eng,r-l	1
音标	yīn biāo	41539	in-ing	1
诱降	yòu xiáng	41541	ian-iang,ao-ou,j-q-x	1
藏青	zàng qīng	41543	in-ing,an-ang,z-zh,j-q-x	1
造字	zào zì	41544	ao-ou,z-zh	1
增建	zēng jiàn	41546	en-eng,ian-iang,z-zh,j-q-x	1
战表	zhàn biǎo	41547	an-ang,z-zh	1
终久	zhōng jiǔ	41554	z-zh,j-q-x	1
周知	zhōu zhī	41555	ao-ou,z-zh	1
竹笼	zhú lóng	41556	z-zh,n-l,r-l	1
座机	zuò jī	41559	ua-uo,z-zh,j-q-x	1
挨次	āi cì	41560	ai-ei,c-ch	1
白饭	bái fàn	41561	an-ang,ai-ei,h-f	1
半饱	bàn bǎo	41562	an-ang,ao-ou	1
薄饼	báo bǐng	41563	in-ing,ao-ou	1
报童	bào tóng	41564	ao-ou	1
抱屈	bào qū	41565	ao-ou,j-q-x	1
逼和	bī hé	41566	h-f	1
鄙俗	bǐ sú	41567	s-sh	1
别称	bié chēng	41568	en-eng,ia-ie,c-ch	1
残迹	cán jì	41571	an-ang,c-ch,j-q-x	1
粲然	càn rán	41572	an-ang,c-ch,r-l	3
抽斗	chōu dǒu	41575	ao-ou,c-ch	1
抽税	chōu shuì	41576	ao-ou,c-ch,s-sh	1
出榜	chū bǎng	41577	an-ang,c-ch	1
出货	chū huò	41578	ua-uo,c-ch,h-f	1
刍议	chú yì	41579	c-ch	3
厨具	chú jù	41580	c-ch,j-q-x	1
触媒	chù méi	41581	ai-ei,c-ch	1
穿凿	chuān záo	41582	uan-uang,ao-ou,z-zh,c-ch	1
垂询	chuí xún	41584	c-ch,j-q-x	1
磁头	cí tóu	41585	ao-ou,c-ch	1
忖度	cǔn duó	41587	ua-uo,c-ch	3
错愕	cuò è	41588	ua-uo,c-ch	1
打旋	dǎ xuán	41589	uan-uang,j-q-x	1
大族	dà zú	41591	z-zh	1
当堂	dāng táng	41593	an-ang	1
挡板	dǎng bǎn	41594	an-ang	1
倒弄	dǎo nong	41595	ao-ou,n-l	1
祷祝	dǎo zhù	41596	ao-ou,z-zh	1
道藏	dào zàng	41597	an-ang,ao-ou,z-zh	1
灯芯	dēng xīn	41598	en-eng,in-ing,j-q-x	1
地权	dì quán	41599	uan-uang,j-q-x	1
冬麦	dōng mài	41602	ai-ei	1
督学	dū xué	41603	j-q-x	1
恶少	è shào	41604	ao-ou,s-sh	1
发祥	fā xiáng	41605	ian-iang,h-f,j-q-x	1
法名	fǎ míng	41606	in-ing,h-f	1
放空	fàng kōng	41609	an-ang,h-f	1
浮荡	fú dàng	41612	an-ang,h-f	1
复写	fù xiě	41613	ia-ie,h-f,j-q-x	1
拱卫	gǒng wèi	41616	ai-ei	1
脱瘾	tuō yǐn	41617	in-ing,ua-uo	1
古钱	gǔ qián	41619	ian-iang,j-q-x	1
归依	guī yī	41622		1
海胆	hǎi dǎn	41623	an-ang,ai-ei,h-f	1
汗臭	hàn chòu	41625	an-ang,ao-ou,c-ch,h-f	1
号数	hào shù	41626	ao-ou,s-sh,h-f	1
合击	hé jī	41627	h-f,j-q-x	1
河泥	hé ní	41629	n-l,h-f	1
核儿	hú er	41633	h-f	1
花匠	huā jiàng	41634	ian-iang,ua-uo,h-f,j-q-x	1
画谱	huà pǔ	41636	ua-uo,h-f	1
活宝	huó bǎo	41637	ao-ou,ua-uo,h-f	1
机巧	jī qiǎo	41638	j-q-x	1
即如	jí rú	41639	r-l,j-q-x	1
家计	jiā jì	41640	ia-ie,j-q-x	1
假寐	jiǎ mèi	41641	ai-ei,ia-ie,j-q-x	3
价目	jià mù	41643	ia-ie,j-q-x	1
奸贼	jiān zéi	41645	ian-iang,ai-ei,z-zh,j-q-x	1
俭省	jiǎn shěng	41646	en-eng,ian-iang,s-sh,j-q-x	1
减损	jiǎn sǔn	41647	ian-iang,s-sh,j-q-x	1
健旺	jiàn wàng	41648	an-ang,ian-iang,j-q-x	1
进尺	jìn chǐ	41650	in-ing,c-ch,j-q-x	1
近世	jìn shì	41651	in-ing,s-sh,j-q-x	1
旧例	jiù lì	41652	n-l,r-l,j-q-x	1
绝响	jué xiǎng	41653	ian-iang,j-q-x	1
咯血	kǎ xiě	41654	ia-ie,j-q-x	3
开锅	kāi guō	41655	ai-ei,ua-uo	1
看押	kān yā	41656	an-ang	1
苦读	kǔ dú	41657		1
犁铧	lí huá	41659	ua-uo,n-l,h-f,r-l	3
沥沥	lì lì	41660	n-l,r-l	1
陋巷	lòu xiàng	41664	ian-iang,ao-ou,n-l,r-l,j-q-x	1
慢待	màn dài	41666	an-ang,ai-ei	1
媚态	mèi tài	41669	ai-ei	1
门风	mén fēng	41670	en-eng,h-f	1
闷雷	mèn léi	41671	en-eng,ai-ei,n-l,r-l	1
猛士	měng shì	41672	en-eng,s-sh	1
面点	miàn diǎn	41673	ian-iang	1
魔方	mó fāng	41675	an-ang,h-f	1
墨竹	mò zhú	41676	z-zh	1
逆光	nì guāng	41678	uan-uang,n-l	1
爬升	pá shēng	41679	en-eng,s-sh	1
陪酒	péi jiǔ	41680	ai-ei,j-q-x	1
劈山	pī shān	41681	an-ang,s-sh	1
频带	pín dài	41682	in-ing,ai-ei	1
棋谱	qí pǔ	41684	j-q-x	1
起皱	qǐ zhòu	41685	ao-ou,z-zh,j-q-x	1
强将	qiáng jiàng	41687	ian-iang,j-q-x	1
清汤	qīng tāng	41688	in-ing,an-ang,j-q-x	1
权能	quán néng	41690	en-eng,uan-uang,n-l,j-q-x	1
扫平	sǎo píng	41692	in-ing,ao-ou,s-sh	1
伤怀	shāng huái	41693	an-ang,s-sh,h-f	1
烧杯	shāo bēi	41694	ai-ei,ao-ou,s-sh	1
神探	shén tàn	41697	en-eng,an-ang,s-sh	1
生客	shēng kè	41698	en-eng,s-sh	1
失聪	shī cōng	41699	c-ch,s-sh	1
始创	shǐ chuàng	41700	uan-uang,c-ch,s-sh	1
适销	shì xiāo	41702	s-sh,j-q-x	1
手松	shǒu sōng	41703	ao-ou,s-sh	1
寿桃	shòu táo	41704	ao-ou,s-sh	1
受阅	shòu yuè	41705	ao-ou,s-sh	1
耍滑	shuǎ huá	41706	ua-uo,s-sh,h-f	1
水袖	shuǐ xiù	41708	s-sh,j-q-x	1
丝弦	sī xián	41710	ian-iang,s-sh,j-q-x	1
素色	sù sè	41711	s-sh	1
锁国	suǒ guó	41712	ua-uo,s-sh	1
叹赏	tàn shǎng	41714	an-ang,s-sh	1
陶然	táo rán	41716	an-ang,ao-ou,r-l	1
题跋	tí bá	41718		1
吸管	xī guǎn	41728	uan-uang,j-q-x	1
袭用	xí yòng	41729	j-q-x	1
隙地	xì dì	41730	j-q-x	1
下药	xià yào	41732	ao-ou,ia-ie,j-q-x	1
夏装	xià zhuāng	41733	uan-uang,ia-ie,z-zh,j-q-x	1
歇气	xiē qì	41734	ia-ie,j-q-x	1
心音	xīn yīn	41735	in-ing,j-q-x	1
幸喜	xìng xǐ	41737	in-ing,j-q-x	1
凶光	xiōng guāng	41739	uan-uang,j-q-x	1
殉情	xùn qíng	41741	in-ing,j-q-x	1
压延	yā yán	41742	an-ang	1
鸭绒	yā róng	41743	r-l	1
养心	yǎng xīn	41744	in-ing,an-ang,j-q-x	1
野炊	yě chuī	41745	c-ch	1
油质	yóu zhì	41747	ao-ou,z-zh	1
玉液	yù yè	41750		1
欲壑	yù hè	41752	h-f	3
援款	yuán kuǎn	41753	uan-uang	1
月产	yuè chǎn	41754	an-ang,c-ch	1
晕车	yùn chē	41757	c-ch	1
韵脚	yùn jiǎo	41758	j-q-x	1
糌粑	zān ba	41760	an-ang,z-zh	2
凿子	záo zi	41761	ao-ou,z-zh	1
增删	zēng shān	41763	en-eng,an-ang,z-zh,s-sh	1
帐幕	zhàng mù	41764	an-ang,z-zh	1
瘴气	zhàng qì	41765	an-ang,z-zh,j-q-x	3
找补	zhǎo bu	41767	ao-ou,z-zh	1
珍玩	zhēn wán	41769	en-eng,an-ang,z-zh	1
珍馐	zhēn xiū	41770	en-eng,z-zh,j-q-x	3
枕套	zhěn tào	41771	en-eng,ao-ou,z-zh	1
职司	zhí sī	41773	z-zh,s-sh	1
稚拙	zhì zhuō	41774	ua-uo,z-zh	1
肘腋	zhǒu yè	41775	ao-ou,z-zh	1
朱文	zhū wén	41776	en-eng,z-zh	1
助产	zhù chǎn	41777	an-ang,z-zh,c-ch	1
桩子	zhuāng zi	41778	uan-uang,z-zh	1
尊长	zūn zhǎng	41780	an-ang,z-zh	1
拗口	ào kǒu	41782	ao-ou	1
霸业	bà yè	41783		1
斑纹	bān wén	41786	en-eng,an-ang	1
搬弄	bān nòng	41787	an-ang,n-l	1
板球	bǎn qiú	41788	an-ang,j-q-x	1
背头	bēi tóu	41793	ai-ei,ao-ou	1
崩裂	bēng liè	41794	en-eng,ia-ie,n-l,r-l	1
闭馆	bì guǎn	41795	uan-uang	1
弊政	bì zhèng	41796	en-eng,z-zh	1
濒死	bīn sǐ	41797	in-ing,s-sh	1
鹁鸽	bó gē	41798		3
财阀	cái fá	41800	ai-ei,c-ch,h-f	1
馋涎	chán xián	41802	an-ang,ian-iang,c-ch,j-q-x	3
撤资	chè zī	41803	z-zh,c-ch	1
陈言	chén yán	41804	en-eng,an-ang,c-ch	1
撑死	chēng sǐ	41805	en-eng,c-ch,s-sh	1
诚邀	chéng yāo	41806	en-eng,ao-ou,c-ch	1
垂范	chuí fàn	41810	an-ang,c-ch,h-f	1
套货	tào huò	41811	ao-ou,ua-uo,h-f	1
粗陋	cū lòu	41812	ao-ou,c-ch,n-l,r-l	1
粗莽	cū mǎng	41813	an-ang,c-ch	1
单名	dān míng	41820	in-ing,an-ang	1
胆管	dǎn guǎn	41821	an-ang,uan-uang	1
灯草	dēng cǎo	41822	en-eng,ao-ou,c-ch	1
等式	děng shì	41823	en-eng,s-sh	1
地角	dì jiǎo	41824	j-q-x	1
地陷	dì xiàn	41825	ian-iang,j-q-x	1
跌价	diē jià	41826	ia-ie,j-q-x	1
逗号	dòu hào	41828	ao-ou,h-f	1
毒饵	dú ěr	41829		1
额数	é shù	41831	s-sh	1
贰臣	èr chén	41832	en-eng,c-ch	1
发僵	fā jiāng	41833	ian-iang,h-f,j-q-x	1
法盲	fǎ máng	41834	an-ang,h-f	1
翻建	fān jiàn	41835	an-ang,ian-iang,h-f,j-q-x	1
脱岗	tuō gǎng	41837	an-ang,ua-uo	1
犯上	fàn shàng	41838	an-ang,s-sh,h-f	1
芒硝	máng xiāo	41839	an-ang,j-q-x	1
犯疑	fàn yí	41840	an-ang,h-f	1
放血	fàng xiě	41841	an-ang,ia-ie,h-f,j-q-x	1
放债	fàng zhài	41842	an-ang,ai-ei,z-zh,h-f	1
焚尸	fén shī	41843	en-eng,s-sh,h-f	1
凤蝶	fèng dié	41844	en-eng,ia-ie,h-f	1
奉告	fèng gào	41845	en-eng,ao-ou,h-f	1
孵卵	fū luǎn	41846	uan-uang,n-l,h-f,r-l	1
服软	fú ruǎn	41847	uan-uang,h-f,r-l	1
改容	gǎi róng	41849	ai-ei,r-l	1
干硬	gān yìng	41850	in-ing,an-ang	1
坩埚	gān guō	41851	an-ang,ua-uo	2
高徒	gāo tú	41855	ao-ou	1
功罪	gōng zuì	41858	z-zh	1
国花	guó huā	41862	ua-uo,h-f	1
海子	hǎi zi	41865	ai-ei,z-zh,h-f	1
航校	háng xiào	41866	an-ang,h-f,j-q-x	1
后福	hòu fú	41867	ao-ou,h-f	1
婚书	hūn shū	41871	s-sh,h-f	1
加刑	jiā xíng	41874	in-ing,ia-ie,j-q-x	1
减色	jiǎn sè	41875	ian-iang,s-sh,j-q-x	1
碱化	jiǎn huà	41876	ian-iang,ua-uo,h-f,j-q-x	1
践约	jiàn yuē	41877	ian-iang,j-q-x	1
洁具	jié jù	41879	ia-ie,j-q-x	1
解愁	jiě chóu	41880	ao-ou,ia-ie,c-ch,j-q-x	1
解构	jiě gòu	41881	ao-ou,ia-ie,j-q-x	1
进击	jìn jī	41883	in-ing,j-q-x	1
菁菁	jīng jīng	41884	in-ing,j-q-x	2
巨擘	jù bò	41887	j-q-x	3
拒捕	jù bǔ	41888	j-q-x	1
剧社	jù shè	41889	s-sh,j-q-x	1
开诊	kāi zhěn	41891	en-eng,ai-ei,z-zh	1
狂草	kuáng cǎo	41892	uan-uang,ao-ou,c-ch	1
劳神	láo shén	41893	en-eng,ao-ou,s-sh,n-l,r-l	1
磷脂	lín zhī	41894	in-ing,z-zh,n-l,r-l	1
滤波	lǜ bō	41896	n-l,r-l	1
落草	luò cǎo	41898	ao-ou,ua-uo,c-ch,n-l,r-l	1
麻线	má xiàn	41899	ian-iang,j-q-x	1
毛毡	máo zhān	41901	an-ang,ao-ou,z-zh	1
棉线	mián xiàn	41904	ian-iang,j-q-x	1
秒针	miǎo zhēn	41905	en-eng,z-zh	1
末流	mò liú	41906	n-l,r-l	1
年夜	nián yè	41908	ian-iang,n-l	1
孽障	niè zhàng	41909	an-ang,ia-ie,z-zh,n-l	1
排险	pái xiǎn	41910	ian-iang,ai-ei,j-q-x	1
泡制	pào zhì	41912	ao-ou,z-zh	1
披阅	pī yuè	41913		1
飘溢	piāo yì	41915		1
品貌	pǐn mào	41916	in-ing,ao-ou	1
钎子	qiān zi	41921	ian-iang,z-zh,j-q-x	3
悭吝	qiān lìn	41922	in-ing,ian-iang,n-l,r-l,j-q-x	3
收阴	shōu yīn	41923	in-ing,ao-ou,s-sh	1
墙纸	qiáng zhǐ	41925	ian-iang,z-zh,j-q-x	1
抢攻	qiǎng gōng	41926	ian-iang,j-q-x	1
切分	qiē fēn	41927	en-eng,ia-ie,h-f,j-q-x	1
清道	qīng dào	41928	in-ing,ao-ou,j-q-x	1
情丝	qíng sī	41929	in-ing,s-sh,j-q-x	1
劝谏	quàn jiàn	41930	ian-iang,uan-uang,j-q-x	3
确非	què fēi	41931	ai-ei,h-f,j-q-x	1
任便	rèn biàn	41932	en-eng,ian-iang,r-l	1
儒将	rú jiàng	41933	ian-iang,r-l,j-q-x	1
入戏	rù xì	41934	r-l,j-q-x	1
撒泼	sā pō	41935	s-sh	1
慑服	shè fú	41936	s-sh,h-f	3
视盘	shì pán	41938	an-ang,s-sh	1
手卷	shǒu juàn	41940	uan-uang,ao-ou,s-sh,j-q-x	1
授旗	shòu qí	41941	ao-ou,s-sh,j-q-x	1
熟地	shú dì	41942	s-sh	1
暑天	shǔ tiān	41943	ian-iang,s-sh	1
顺带	shùn dài	41944	ai-ei,s-sh	1
私见	sī jiàn	41945	ian-iang,s-sh,j-q-x	1
松明	sōng míng	41947	in-ing,s-sh	1
抬价	tái jià	41948	ai-ei,ia-ie,j-q-x	1
套管	tào guǎn	41950	uan-uang,ao-ou	1
网虫	wǎng chóng	41953	an-ang,c-ch	1
童音	tóng yīn	41955	in-ing	1
透雨	tòu yǔ	41956	ao-ou	1
退党	tuì dǎng	41957	an-ang	1
瓦蓝	wǎ lán	41960	an-ang,n-l,r-l	1
伪作	wěi zuò	41963	ai-ei,ua-uo,z-zh	1
巫医	wū yī	41964		1
误传	wù chuán	41967	uan-uang,c-ch	1
洗涮	xǐ shuàn	41968	uan-uang,s-sh,j-q-x	1
下世	xià shì	41969	ia-ie,s-sh,j-q-x	1
衔恨	xián hèn	41971	en-eng,ian-iang,h-f,j-q-x	1
小量	xiǎo liàng	41973	ian-iang,n-l,r-l,j-q-x	1
孝衣	xiào yī	41975	j-q-x	1
熊市	xióng shì	41976	s-sh,j-q-x	1
蓄养	xù yǎng	41977	an-ang,j-q-x	1
削瘦	xuē shòu	41978	ao-ou,s-sh,j-q-x	1
循例	xún lì	41980	n-l,r-l,j-q-x	1
压惊	yā jīng	41981	in-ing,j-q-x	1
雅量	yǎ liàng	41982	ian-iang,n-l,r-l	1
烟波	yān bō	41983	an-ang	1
妖孽	yāo niè	41984	ao-ou,ia-ie,n-l	1
腰眼	yāo yǎn	41985	an-ang,ao-ou	1
叶轮	yè lún	41986	n-l,r-l	1
遗稿	yí gǎo	41988	ao-ou	1
遗作	yí zuò	41989	ua-uo,z-zh	1
驿道	yì dào	41993	ao-ou	3
应分	yīng fèn	41994	en-eng,in-ing,h-f	1
油毡	yóu zhān	41995	an-ang,ao-ou,z-zh	1
云图	yún tú	41997		1
责编	zé biān	41999	ian-iang,z-zh	1
扎堆	zhā duī	42000	z-zh	1
渣土	zhā tǔ	42001	z-zh	1
宅第	zhái dì	42002	ai-ei,z-zh	1
砧板	zhēn bǎn	42004	en-eng,an-ang,z-zh	3
治黄	zhì huáng	42007	uan-uang,z-zh,h-f	1
重利	zhòng lì	42010	z-zh,n-l,r-l	1
助选	zhù xuǎn	42011	uan-uang,z-zh,j-q-x	1
自奉	zì fèng	42013	en-eng,z-zh,h-f	1
醉态	zuì tài	42015	ai-ei,z-zh	1
坐像	zuò xiàng	42016	ian-iang,ua-uo,z-zh,j-q-x	1
哀哭	āi kū	42017	ai-ei	1
暗喜	àn xǐ	42018	an-ang,j-q-x	1
敖包	áo bāo	42019	ao-ou	3
百叶	bǎi yè	42020	ai-ei	1
摆酒	bǎi jiǔ	42021	ai-ei,j-q-x	1
半道	bàn dào	42022	an-ang,ao-ou	1
帮衬	bāng chèn	42023	en-eng,an-ang,c-ch	1
臂力	bì lì	42025	n-l,r-l	1
布面	bù miàn	42027	ian-iang	1
布票	bù piào	42028		1
苍黄	cāng huáng	42029	an-ang,uan-uang,c-ch,h-f	1
嗔怒	chēn nù	42031	en-eng,c-ch,n-l	3
成规	chéng guī	42032	en-eng,c-ch	1
成数	chéng shù	42033	en-eng,c-ch,s-sh	1
重犯	chóng fàn	42034	an-ang,c-ch,h-f	1
抽丝	chōu sī	42035	ao-ou,c-ch,s-sh	1
出界	chū jiè	42036	ia-ie,c-ch,j-q-x	1
初晴	chū qíng	42038	in-ing,c-ch,j-q-x	1
初雪	chū xuě	42039	c-ch,j-q-x	1
处子	chǔ zǐ	42041	z-zh,c-ch	1
春饼	chūn bǐng	42042	in-ing,c-ch	1
纯碱	chún jiǎn	42043	ian-iang,c-ch,j-q-x	1
纯美	chún měi	42044	ai-ei,c-ch	1
凑数	còu shù	42045	ao-ou,c-ch,s-sh	1
单传	dān chuán	42049	an-ang,uan-uang,c-ch	1
刀兵	dāo bīng	42050	in-ing,ao-ou	1
低度	dī dù	42051		1
对光	duì guāng	42056	uan-uang	1
恶斗	è dòu	42057	ao-ou	1
恶浊	è zhuó	42058	ua-uo,z-zh	1
发窘	fā jiǒng	42059	h-f,j-q-x	1
罚跪	fá guì	42060	h-f	1
防旱	fáng hàn	42061	an-ang,h-f	1
访古	fǎng gǔ	42062	an-ang,h-f	1
访求	fǎng qiú	42063	an-ang,h-f,j-q-x	1
肥田	féi tián	42064	ian-iang,ai-ei,h-f	1
封门	fēng mén	42065	en-eng,h-f	1
改错	gǎi cuò	42067	ai-ei,ua-uo,c-ch	1
赶工	gǎn gōng	42068	an-ang	1
高领	gāo lǐng	42069	in-ing,ao-ou,n-l,r-l	1
告饶	gào ráo	42070	ao-ou,r-l	1
乖戾	guāi lì	42072	n-l,r-l	3
裹胁	guǒ xié	42075	ia-ie,ua-uo,j-q-x	1
海沟	hǎi gōu	42076	ai-ei,ao-ou,h-f	1
寒士	hán shì	42077	an-ang,s-sh,h-f	1
旱路	hàn lù	42078	an-ang,n-l,h-f,r-l	1
河网	hé wǎng	42079	an-ang,h-f	1
盒装	hé zhuāng	42081	uan-uang,z-zh,h-f	1
虎威	hǔ wēi	42083	ai-ei,h-f	1
花插	huā chā	42084	ua-uo,c-ch,h-f	1
黄杨	huáng yáng	42085	an-ang,uan-uang,h-f	1
辉光	huī guāng	42087	uan-uang,h-f	1
徽记	huī jì	42088	h-f,j-q-x	1
火石	huǒ shí	42090	ua-uo,s-sh,h-f	1
夹心	jiā xīn	42094	in-ing,ia-ie,j-q-x	1
解送	jiè sòng	42095	ia-ie,s-sh,j-q-x	1
金婚	jīn hūn	42096	in-ing,h-f,j-q-x	1
浸种	jìn zhǒng	42097	in-ing,z-zh,j-q-x	1
精进	jīng jìn	42099	in-ing,j-q-x	1
警语	jǐng yǔ	42100	in-ing,j-q-x	1
窘困	jiǒng kùn	42101	j-q-x	1
拒贿	jù huì	42104	h-f,j-q-x	1
军规	jūn guī	42105	j-q-x	1
可人	kě rén	42106	en-eng,r-l	1
可意	kě yì	42107		1
坑骗	kēng piàn	42108	en-eng,ian-iang	1
苦相	kǔ xiàng	42110	ian-iang,j-q-x	1
扩编	kuò biān	42111	ian-iang,ua-uo	1
老气	lǎo qì	42112	ao-ou,n-l,r-l,j-q-x	1
联检	lián jiǎn	42114	ian-iang,n-l,r-l,j-q-x	1
留利	liú lì	42117	n-l,r-l	1
榴莲	liú lián	42118	ian-iang,n-l,r-l	1
蝼蚁	lóu yǐ	42120	ao-ou,n-l,r-l	3
路风	lù fēng	42121	en-eng,n-l,h-f,r-l	1
螺钉	luó dīng	42123	in-ing,ua-uo,n-l,r-l	1
蜜枣	mì zǎo	42126	ao-ou,z-zh	1
命薄	mìng bó	42128	in-ing	1
闹房	nào fáng	42130	an-ang,ao-ou,n-l,h-f	1
牛痘	niú dòu	42132	ao-ou,n-l	1
奴性	nú xìng	42133	in-ing,n-l,j-q-x	1
暖色	nuǎn sè	42134	uan-uang,s-sh,n-l	1
胚子	pēi zi	42135	ai-ei,z-zh	1
陪送	péi sòng	42136	ai-ei,s-sh	1
篷子	péng zi	42138	en-eng,z-zh	1
偏房	piān fáng	42139	an-ang,ian-iang,h-f	1
剽掠	piāo lüè	42140	n-l,r-l	3
妻小	qī xiǎo	42141	j-q-x	1
卡壳	qiǎ ké	42143	ia-ie,j-q-x	1
强震	qiáng zhèn	42145	en-eng,ian-iang,z-zh,j-q-x	1
清仓	qīng cāng	42147	in-ing,an-ang,c-ch,j-q-x	1
秋分	qiū fēn	42149	en-eng,h-f,j-q-x	1
犬齿	quǎn chǐ	42151	uan-uang,c-ch,j-q-x	1
劝善	quàn shàn	42152	an-ang,uan-uang,s-sh,j-q-x	1
劝退	quàn tuì	42153	uan-uang,j-q-x	1
濡湿	rú shī	42154	s-sh,r-l	3
软缎	ruǎn duàn	42155	uan-uang,r-l	1
沙鸥	shā ōu	42157	ao-ou,s-sh	1
炝锅	qiàng guō	42158	ian-iang,ua-uo,j-q-x	3
商法	shāng fǎ	42159	an-ang,s-sh,h-f	1
神异	shén yì	42160	en-eng,s-sh	1
甥女	shēng nǚ	42162	en-eng,s-sh,n-l	1
胜境	shèng jìng	42163	en-eng,in-ing,s-sh,j-q-x	1
师哥	shī gē	42165	s-sh	1
石墩	shí dūn	42166	s-sh	1
世兄	shì xiōng	42167	s-sh,j-q-x	1
手鼓	shǒu gǔ	42169	ao-ou,s-sh	1
熟客	shú kè	42170	s-sh	1
爽气	shuǎng qì	42172	uan-uang,s-sh,j-q-x	1
水笔	shuǐ bǐ	42173	s-sh	1
水酒	shuǐ jiǔ	42174	s-sh,j-q-x	1
送检	sòng jiǎn	42176	ian-iang,s-sh,j-q-x	1
颂词	sòng cí	42177	c-ch,s-sh	1
干政	gān zhèng	42178	en-eng,an-ang,z-zh	1
诉冤	sù yuān	42180	uan-uang,s-sh	1
尿泡	suī pao	42181	ao-ou,s-sh	1
台属	tái shǔ	42182	ai-ei,s-sh	1
天梯	tiān tī	42186	ian-iang	1
通敌	tōng dí	42187		1
同路	tóng lù	42188	n-l,r-l	1
退席	tuì xí	42191	j-q-x	1
拖曳	tuō yè	42192	ua-uo	3
网膜	wǎng mó	42196	an-ang	1
围裹	wéi guǒ	42197	ai-ei,ua-uo	1
尾翼	wěi yì	42199	ai-ei	1
诬赖	wū lài	42201	ai-ei,n-l,r-l	1
瞎忙	xiā máng	42206	an-ang,ia-ie,j-q-x	1
下品	xià pǐn	42207	in-ing,ia-ie,j-q-x	1
相恋	xiāng liàn	42208	ian-iang,n-l,r-l,j-q-x	1
镶金	xiāng jīn	42209	in-ing,ian-iang,j-q-x	1
歇手	xiē shǒu	42210	ao-ou,ia-ie,s-sh,j-q-x	1
罢黜	bà chù	42211	c-ch	3
心善	xīn shàn	42212	in-ing,an-ang,s-sh,j-q-x	1
新姿	xīn zī	42213	in-ing,z-zh,j-q-x	1
绣品	xiù pǐn	42215	in-ing,j-q-x	1
虚火	xū huǒ	42216	ua-uo,h-f,j-q-x	1
验光	yàn guāng	42221	an-ang,uan-uang	1
阳伞	yáng sǎn	42222	an-ang,s-sh	1
样书	yàng shū	42224	an-ang,s-sh	1
妖气	yāo qì	42225	ao-ou,j-q-x	1
药味	yào wèi	42227	ai-ei,ao-ou	1
倚势	yǐ shì	42232	s-sh	1
意兴	yì xìng	42233	in-ing,j-q-x	1
幽微	yōu wēi	42234	ai-ei,ao-ou	1
邮册	yóu cè	42235	ao-ou,c-ch	1
圆领	yuán lǐng	42238	in-ing,uan-uang,n-l,r-l	1
云际	yún jì	42239	j-q-x	1
张挂	zhāng guà	42240	an-ang,ua-uo,z-zh	1
榛子	zhēn zi	42243	en-eng,z-zh	3
正业	zhèng yè	42245	en-eng,z-zh	1
助跑	zhù pǎo	42249	ao-ou,z-zh	1
准点	zhǔn diǎn	42250	ian-iang,z-zh	1
滋阴	zī yīn	42251	in-ing,z-zh	1
自斟	zì zhēn	42255	en-eng,z-zh	1
租户	zū hù	42257	z-zh,h-f	1
祖居	zǔ jū	42258	z-zh,j-q-x	1
氨气	ān qì	42259	an-ang,j-q-x	1
白蜡	bái là	42260	ai-ei,n-l,r-l	1
包租	bāo zū	42263	ao-ou,z-zh	1
报时	bào shí	42264	ao-ou,s-sh	1
备马	bèi mǎ	42265	ai-ei	1
本名	běn míng	42266	en-eng,in-ing	1
比丘	bǐ qiū	42267	j-q-x	1
病疫	bìng yì	42268	in-ing	1
布帛	bù bó	42270		3
才思	cái sī	42271	ai-ei,c-ch,s-sh	1
残虐	cán nüè	42272	an-ang,c-ch,n-l	1
舱室	cāng shì	42273	an-ang,c-ch,s-sh	1
超拔	chāo bá	42274	ao-ou,c-ch	1
成说	chéng shuō	42275	en-eng,ua-uo,c-ch,s-sh	1
橙汁	chéng zhī	42276	en-eng,z-zh,c-ch	1
驰驱	chí qū	42277	c-ch,j-q-x	1
尺码	chǐ mǎ	42278	c-ch	1
厨艺	chú yì	42279	c-ch	1
垂首	chuí shǒu	42282	ao-ou,c-ch,s-sh	1
春情	chūn qíng	42283	in-ing,c-ch,j-q-x	1
检录	jiǎn lù	42284	ian-iang,n-l,r-l,j-q-x	1
次女	cì nǚ	42285	c-ch,n-l	1
赐教	cì jiào	42286	c-ch,j-q-x	1
单科	dān kē	42291	an-ang	1
悼亡	dào wáng	42294	an-ang,ao-ou	1
低热	dī rè	42295	r-l	1
钉鞋	dīng xié	42299	in-ing,ia-ie,j-q-x	1
丢丑	diū chǒu	42300	ao-ou,c-ch	1
冬装	dōng zhuāng	42301	uan-uang,z-zh	1
黩武	dú wǔ	42302		3
断断	duàn duàn	42303	uan-uang	1
客服	kè fú	42304	h-f	1
恩准	ēn zhǔn	42305	en-eng,z-zh	1
发涩	fā sè	42306	s-sh,h-f	1
发硬	fā yìng	42307	in-ing,h-f	1
纺锤	fǎng chuí	42308	an-ang,c-ch,h-f	1
飞虫	fēi chóng	42309	ai-ei,c-ch,h-f	1
凤眼	fèng yǎn	42310	en-eng,an-ang,h-f	1
奉使	fèng shǐ	42311	en-eng,s-sh,h-f	1
甘休	gān xiū	42313	an-ang,j-q-x	1
各别	gè bié	42316	ia-ie	1
后起	hòu qǐ	42324	ao-ou,h-f,j-q-x	1
忽悠	hū you	42325	ao-ou,h-f	1
弧光	hú guāng	42326	uan-uang,h-f	1
胡人	hú rén	42327	en-eng,h-f,r-l	1
虎骨	hǔ gǔ	42329	h-f	1
划水	huá shuǐ	42330	ua-uo,s-sh,h-f	1
画夹	huà jiā	42332	ia-ie,ua-uo,h-f,j-q-x	1
换汇	huàn huì	42333	uan-uang,h-f	1
回采	huí cǎi	42335	ai-ei,c-ch,h-f	1
浑名	hún míng	42336	in-ing,h-f	1
积善	jī shàn	42337	an-ang,s-sh,j-q-x	1
积雨	jī yǔ	42338	j-q-x	1
基干	jī gàn	42339	an-ang,j-q-x	1
假钞	jiǎ chāo	42341	ao-ou,ia-ie,c-ch,j-q-x	1
剑侠	jiàn xiá	42343	ian-iang,ia-ie,j-q-x	1
绞杀	jiǎo shā	42345	s-sh,j-q-x	1
节录	jié lù	42347	ia-ie,n-l,r-l,j-q-x	1
借据	jiè jù	42348	ia-ie,j-q-x	1
金笔	jīn bǐ	42349	in-ing,j-q-x	1
锦标	jǐn biāo	42350	in-ing,j-q-x	1
聚齐	jù qí	42351	j-q-x	1
开航	kāi háng	42352	an-ang,ai-ei,h-f	1
开镰	kāi lián	42353	ian-iang,ai-ei,n-l,r-l	1
课税	kè shuì	42354	s-sh	1
枯寂	kū jì	42355	j-q-x	1
老粗	lǎo cū	42357	ao-ou,c-ch,n-l,r-l	1
老辣	lǎo là	42358	ao-ou,n-l,r-l	1
曼声	màn shēng	42364	en-eng,an-ang,s-sh	1
猫眼	māo yǎn	42365	an-ang,ao-ou	1
蒙混	méng hùn	42367	en-eng,h-f	1
米线	mǐ xiàn	42368	ian-iang,j-q-x	1
面生	miàn shēng	42370	en-eng,ian-iang,s-sh	1
内涝	nèi lào	42372	ai-ei,ao-ou,n-l,r-l	1
内迁	nèi qiān	42373	ian-iang,ai-ei,n-l,j-q-x	1
年根	nián gēn	42374	en-eng,ian-iang,n-l	1
年息	nián xī	42375	ian-iang,n-l,j-q-x	1
凝脂	níng zhī	42377	in-ing,z-zh,n-l	1
捧读	pěng dú	42378	en-eng	1
皮疹	pí zhěn	42379	en-eng,z-zh	1
均富	jūn fù	42380	h-f,j-q-x	1
平底	píng dǐ	42381	in-ing	1
评理	píng lǐ	42382	in-ing,n-l,r-l	1
剖白	pōu bái	42383	ai-ei,ao-ou	1
起吊	qǐ diào	42384	j-q-x	1
气层	qì céng	42386	en-eng,c-ch,j-q-x	1
弃儿	qì ér	42387	j-q-x	1
求诊	qiú zhěn	42389	en-eng,z-zh,j-q-x	1
拳师	quán shī	42390	uan-uang,s-sh,j-q-x	1
洒扫	sǎ sǎo	42394	ao-ou,s-sh	1
丧乱	sāng luàn	42397	an-ang,uan-uang,s-sh,n-l,r-l	1
商亭	shāng tíng	42399	in-ing,an-ang,s-sh	1
上货	shàng huò	42400	an-ang,ua-uo,s-sh,h-f	1
上镜	shàng jìng	42401	in-ing,an-ang,s-sh,j-q-x	1
烧碱	shāo jiǎn	42402	ian-iang,ao-ou,s-sh,j-q-x	1
审读	shěn dú	42403	en-eng,s-sh	1
升势	shēng shì	42404	en-eng,s-sh	1
声扬	shēng yáng	42405	en-eng,an-ang,s-sh	1
石竹	shí zhú	42406	z-zh,s-sh	1
释文	shì wén	42407	en-eng,s-sh	1
数说	shǔ shuō	42409	ua-uo,s-sh	1
水战	shuǐ zhàn	42410	an-ang,z-zh,s-sh	1
睡袋	shuì dài	42411	ai-ei,s-sh	1
说白	shuō bái	42412	ai-ei,ua-uo,s-sh	1
厮磨	sī mó	42413	s-sh	3
苏绣	sū xiù	42414	s-sh,j-q-x	1
探察	tàn chá	42418	an-ang,c-ch	1
堂妹	táng mèi	42419	an-ang,ai-ei	1
提花	tí huā	42420	ua-uo,h-f	1
天干	tiān gān	42421	an-ang,ian-iang	1
条案	tiáo àn	42423	an-ang	1
跳级	tiào jí	42424	j-q-x	1
贴面	tiē miàn	42425	ian-iang,ia-ie	1
挺括	tǐng kuò	42426	in-ing,ua-uo	1
通观	tōng guān	42427	uan-uang	1
统摄	tǒng shè	42429	s-sh	1
投医	tóu yī	42430	ao-ou	1
脱壳	tuō ké	42432	ua-uo	1
乌木	wū mù	42434		1
收阳	shōu yáng	42439	an-ang,ao-ou,s-sh	1
下力	xià lì	42440	ia-ie,n-l,r-l,j-q-x	1
险遭	xiǎn zāo	42442	ian-iang,ao-ou,z-zh,j-q-x	1
相许	xiāng xǔ	42444	ian-iang,j-q-x	1
饷银	xiǎng yín	42445	in-ing,ian-iang,j-q-x	3
小解	xiǎo jiě	42446	ia-ie,j-q-x	1
小可	xiǎo kě	42447	j-q-x	1
小酌	xiǎo zhuó	42450	ua-uo,z-zh,j-q-x	1
啸聚	xiào jù	42451	j-q-x	1
薪俸	xīn fèng	42452	en-eng,in-ing,h-f,j-q-x	3
袖管	xiù guǎn	42453	uan-uang,j-q-x	1
绣像	xiù xiàng	42454	ian-iang,j-q-x	1
押宝	yā bǎo	42455	ao-ou	1
押赴	yā fù	42456	h-f	1
烟道	yān dào	42457	an-ang,ao-ou	1
眼眉	yǎn méi	42458	an-ang,ai-ei	1
扬花	yáng huā	42459	an-ang,ua-uo,h-f	1
仰首	yǎng shǒu	42460	an-ang,ao-ou,s-sh	1
鹞子	yào zi	42462	ao-ou,z-zh	3
音系	yīn xì	42465	in-ing,j-q-x	1
引产	yǐn chǎn	42466	in-ing,an-ang,c-ch	1
印儿	yìn er	42468	in-ing	1
用武	yòng wǔ	42469		1
右首	yòu shǒu	42471	ao-ou,s-sh	1
再世	zài shì	42473	ai-ei,z-zh,s-sh	1
藏戏	zàng xì	42474	an-ang,z-zh,j-q-x	1
展卖	zhǎn mài	42475	an-ang,ai-ei,z-zh	1
征尘	zhēng chén	42476	en-eng,z-zh,c-ch	1
枝丫	zhī yā	42477	z-zh	1
直待	zhí dài	42478	ai-ei,z-zh	1
植皮	zhí pí	42479	z-zh	1
猪蹄	zhū tí	42482	z-zh	1
竹节	zhú jié	42483	ia-ie,z-zh,j-q-x	1
主根	zhǔ gēn	42484	en-eng,z-zh	1
状语	zhuàng yǔ	42485	uan-uang,z-zh	1
准头	zhǔn tou	42486	ao-ou,z-zh	1
紫铜	zǐ tóng	42487	z-zh	1
字帖	zì tiè	42489	ia-ie,z-zh	1
阻遏	zǔ è	42491	z-zh	1
暗探	àn tàn	42492	an-ang	1
碑记	bēi jì	42494	ai-ei,j-q-x	1
碑铭	bēi míng	42495	in-ing,ai-ei	1
毙伤	bì shāng	42496	an-ang,s-sh	1
秉烛	bǐng zhú	42498	in-ing,z-zh	1
不端	bù duān	42500	uan-uang	1
草虫	cǎo chóng	42501	ao-ou,c-ch	1
测字	cè zì	42502	z-zh,c-ch	1
常例	cháng lì	42504	an-ang,c-ch,n-l,r-l	1
车胎	chē tāi	42505	ai-ei,c-ch	1
辰时	chén shí	42506	en-eng,c-ch,s-sh	1
谶语	chèn yǔ	42507	en-eng,c-ch	3
城厢	chéng xiāng	42508	en-eng,ian-iang,c-ch,j-q-x	1
哧溜	chī liū	42510	c-ch,n-l,r-l	3
赤豆	chì dòu	42511	ao-ou,c-ch	1
重光	chóng guāng	42512	uan-uang,c-ch	1
初旬	chū xún	42514	c-ch,j-q-x	1
雏儿	chú er	42515	c-ch	1
搐动	chù dòng	42516	c-ch	3
传本	chuán běn	42517	en-eng,uan-uang,c-ch	1
垂成	chuí chéng	42518	en-eng,c-ch	1
呆傻	dāi shǎ	42521	ai-ei,s-sh	1
淡青	dàn qīng	42523	in-ing,an-ang,j-q-x	1
挡路	dǎng lù	42524	an-ang,n-l,r-l	1
当票	dàng piào	42526	an-ang	1
灯彩	dēng cǎi	42528	en-eng,ai-ei,c-ch	1
垫圈	diàn juàn	42529	ian-iang,uan-uang,j-q-x	1
调派	diào pài	42530	ai-ei	1
定息	dìng xī	42531	in-ing,j-q-x	1
毒计	dú jì	42532	j-q-x	1
犊子	dú zi	42535	z-zh	3
赌棍	dǔ gùn	42536		1
恶狗	è gǒu	42540	ao-ou	1
恶言	è yán	42541	an-ang	1
犯事	fàn shì	42543	an-ang,s-sh,h-f	1
肥瘦	féi shòu	42544	ai-ei,ao-ou,s-sh,h-f	1
奋飞	fèn fēi	42545	en-eng,ai-ei,h-f	1
蜂群	fēng qún	42548	en-eng,h-f,j-q-x	1
讽喻	fěng yù	42549	en-eng,h-f	1
佛光	fó guāng	42550	uan-uang,h-f	1
扶疏	fú shū	42551	s-sh,h-f	1
服罪	fú zuì	42552	z-zh,h-f	1
浮财	fú cái	42553	ai-ei,c-ch,h-f	1
复音	fù yīn	42554	in-ing,h-f	1
钢索	gāng suǒ	42558	an-ang,ua-uo,s-sh	1
隔板	gé bǎn	42560	an-ang	1
工日	gōng rì	42561	r-l	1
工长	gōng cháng	42562	an-ang,c-ch	1
姑子	gū zi	42565	z-zh	1
惯犯	guàn fàn	42566	an-ang,uan-uang,h-f	1
规整	guī zhěng	42567	en-eng,z-zh	1
滚水	gǔn shuǐ	42568	s-sh	1
磙子	gǔn zi	42569	z-zh	3
骇异	hài yì	42570	ai-ei,h-f	1
汉民	hàn mín	42571	in-ing,an-ang,h-f	1
河蚌	hé bàng	42572	an-ang,h-f	1
核弹	hé dàn	42573	an-ang,h-f	1
鸿毛	hóng máo	42575	ao-ou,h-f	1
简体	jiǎn tǐ	42579	ian-iang,j-q-x	1
见教	jiàn jiào	42580	ian-iang,j-q-x	1
见诸	jiàn zhū	42582	ian-iang,z-zh,j-q-x	1
叫号	jiào hào	42583	ao-ou,h-f,j-q-x	1
孑遗	jié yí	42585	ia-ie,j-q-x	3
节选	jié xuǎn	42586	uan-uang,ia-ie,j-q-x	1
井绳	jǐng shéng	42592	en-eng,in-ing,s-sh,j-q-x	1
警纪	jǐng jì	42593	in-ing,j-q-x	1
旧学	jiù xué	42594	j-q-x	1
砍价	kǎn jià	42595	an-ang,ia-ie,j-q-x	1
苛政	kē zhèng	42597	en-eng,z-zh	1
空门	kōng mén	42600	en-eng	1
空档	kòng dàng	42601	an-ang	1
困厄	kùn è	42602		3
老窖	lǎo jiào	42605	ao-ou,n-l,r-l,j-q-x	1
累加	lěi jiā	42606	ai-ei,ia-ie,n-l,r-l,j-q-x	1
冷箭	lěng jiàn	42607	en-eng,ian-iang,n-l,r-l,j-q-x	1
厉鬼	lì guǐ	42608	n-l,r-l	1
鲢鱼	lián yú	42609	ian-iang,n-l,r-l	3
镂花	lòu huā	42610	ao-ou,ua-uo,n-l,h-f,r-l	3
马裤	mǎ kù	42611		1
曼妙	màn miào	42612	an-ang	1
曼舞	màn wǔ	42613	an-ang	1
眉峰	méi fēng	42615	en-eng,ai-ei,h-f	1
猛禽	měng qín	42616	en-eng,in-ing,j-q-x	1
苗情	miáo qíng	42618	in-ing,j-q-x	1
明矾	míng fán	42620	in-ing,an-ang,h-f	1
母带	mǔ dài	42621	ai-ei	1
拿获	ná huò	42622	ua-uo,n-l,h-f	1
拿问	ná wèn	42623	en-eng,n-l	1
讣文	fù wén	42624	en-eng,h-f	3
拟稿	nǐ gǎo	42625	ao-ou,n-l	1
年刊	nián kān	42626	an-ang,ian-iang,n-l	1
烦琐	fán suǒ	42627	an-ang,ua-uo,s-sh,h-f	1
轮替	lún tì	42628	n-l,r-l	1
年事	nián shì	42629	ian-iang,s-sh,n-l	1
女家	nǚ jiā	42630	ia-ie,n-l,j-q-x	1
副修	fù xiū	42631	h-f,j-q-x	1
藕荷	ǒu hé	42632	ao-ou,h-f	1
拼图	pīn tú	42634	in-ing	1
棋圣	qí shèng	42636	en-eng,s-sh,j-q-x	1
泣诉	qì sù	42637	s-sh,j-q-x	1
抢点	qiǎng diǎn	42638	ian-iang,j-q-x	1
抢渡	qiǎng dù	42639	ian-iang,j-q-x	1
巧干	qiǎo gàn	42640	an-ang,j-q-x	1
情杀	qíng shā	42641	in-ing,s-sh,j-q-x	1
情知	qíng zhī	42642	in-ing,z-zh,j-q-x	1
请功	qǐng gōng	42643	in-ing,j-q-x	1
取景	qǔ jǐng	42644	in-ing,j-q-x	1
商队	shāng duì	42654	an-ang,s-sh	1
摄录	shè lù	42657	s-sh,n-l,r-l	1
升位	shēng wèi	42661	en-eng,ai-ei,s-sh	1
诗韵	shī yùn	42662	s-sh	1
血象	xuè xiàng	42663	ian-iang,j-q-x	1
收账	shōu zhàng	42665	an-ang,ao-ou,z-zh,s-sh	1
寿材	shòu cái	42667	ai-ei,ao-ou,c-ch,s-sh	1
受礼	shòu lǐ	42668	ao-ou,s-sh,n-l,r-l	1
赎身	shú shēn	42669	en-eng,s-sh	1
数列	shù liè	42671	ia-ie,s-sh,n-l,r-l	1
水蛇	shuǐ shé	42672	s-sh	1
睡椅	shuì yǐ	42673	s-sh	1
顺遂	shùn suì	42674	s-sh	1
提级	tí jí	42677	j-q-x	1
提职	tí zhí	42678	z-zh	1
通共	tōng gòng	42679		1
通夜	tōng yè	42680		1
瞳仁	tóng rén	42681	en-eng,r-l	1
头彩	tóu cǎi	42682	ai-ei,ao-ou,c-ch	1
头胎	tóu tāi	42683	ai-ei,ao-ou	1
图钉	tú dīng	42685	in-ing	1
涂写	tú xiě	42686	ia-ie,j-q-x	1
托故	tuō gù	42687	ua-uo	1
驮运	tuó yùn	42688	ua-uo	1
王族	wáng zú	42690	an-ang,z-zh	1
网袋	wǎng dài	42691	an-ang,ai-ei	1
网篮	wǎng lán	42692	an-ang,n-l,r-l	1
帷幔	wéi màn	42694	an-ang,ai-ei	3
小童	xiǎo tóng	42697	j-q-x	1
小样	xiǎo yàng	42698	an-ang,j-q-x	1
缢死	yì sǐ	42699	s-sh	3
省视	xǐng shì	42701	in-ing,s-sh,j-q-x	1
玄想	xuán xiǎng	42702	ian-iang,uan-uang,j-q-x	1
旋儿	xuán er	42703	uan-uang,j-q-x	1
削职	xuē zhí	42704	z-zh,j-q-x	1
雪青	xuě qīng	42705	in-ing,j-q-x	1
奄奄	yǎn yǎn	42708	an-ang	2
眼晕	yǎn yùn	42709	an-ang	1
佯称	yáng chēng	42710	en-eng,an-ang,c-ch	3
洋财	yáng cái	42711	an-ang,ai-ei,c-ch	1
仰赖	yǎng lài	42712	an-ang,ai-ei,n-l,r-l	1
瑶池	yáo chí	42714	ao-ou,c-ch	3
遗精	yí jīng	42716	in-ing,j-q-x	1
遗赠	yí zèng	42717	en-eng,z-zh	1
遗族	yí zú	42718	z-zh	1
易位	yì wèi	42720	ai-ei	1
跌份	diē fèn	42721	en-eng,ia-ie,h-f	1
音容	yīn róng	42723	in-ing,r-l	1
银饰	yín shì	42724	in-ing,s-sh	1
油性	yóu xìng	42728	in-ing,ao-ou,j-q-x	1
有底	yǒu dǐ	42729	ao-ou	1
样刊	yàng kān	42731	an-ang	1
渔轮	yú lún	42735	n-l,r-l	1
雨幕	yǔ mù	42736		1
雨云	yǔ yún	42737		1
造市	zào shì	42740	ao-ou,z-zh,s-sh	1
咋呼	zhā hu	42741	z-zh,h-f	1
招股	zhāo gǔ	42742	ao-ou,z-zh	1
遮丑	zhē chǒu	42743	ao-ou,z-zh,c-ch	1
针孔	zhēn kǒng	42744	en-eng,z-zh	1
栀子	zhī zi	42746	z-zh	3
中策	zhōng cè	42747	z-zh,c-ch	1
竹筏	zhú fá	42749	z-zh,h-f	1
主修	zhǔ xiū	42750	z-zh,j-q-x	1
祝祷	zhù dǎo	42751	ao-ou,z-zh	1
抓拍	zhuā pāi	42753	ai-ei,ua-uo,z-zh	1
撞钟	zhuàng zhōng	42754	uan-uang,z-zh	1
自矜	zì jīn	42755	in-ing,z-zh,j-q-x	3
暗绿	àn lǜ	42757	an-ang,n-l,r-l	1
白丁	bái dīng	42758	in-ing,ai-ei	1
瘢痕	bān hén	42761	en-eng,an-ang,h-f	3
卑琐	bēi suǒ	42764	ai-ei,ua-uo,s-sh	1
义仓	yì cāng	42765	an-ang,c-ch	1
边寨	biān zhài	42767	ian-iang,ai-ei,z-zh	1
编次	biān cì	42768	ian-iang,c-ch	1
便溺	biàn niào	42769	ian-iang,n-l	1
便血	biàn xiě	42770	ian-iang,ia-ie,j-q-x	1
兵祸	bīng huò	42771	in-ing,ua-uo,h-f	1
兵源	bīng yuán	42772	in-ing,uan-uang	1
薄地	bó dì	42774		1
步哨	bù shào	42775	ao-ou,s-sh	1
财运	cái yùn	42776	ai-ei,c-ch	1
采录	cǎi lù	42777	ai-ei,c-ch,n-l,r-l	1
菜窖	cài jiào	42778	ai-ei,c-ch,j-q-x	1
草垫	cǎo diàn	42780	ian-iang,ao-ou,c-ch	1
唱机	chàng jī	42783	an-ang,c-ch,j-q-x	1
陈放	chén fàng	42785	en-eng,an-ang,c-ch,h-f	1
抽搭	chōu da	42786	ao-ou,c-ch	1
初夜	chū yè	42787	c-ch	1
吹灯	chuī dēng	42788	en-eng,c-ch	1
春宫	chūn gōng	42789	c-ch	1
从商	cóng shāng	42790	an-ang,c-ch,s-sh	1
打拐	dǎ guǎi	42792		1
打结	dǎ jié	42794	ia-ie,j-q-x	1
歹心	dǎi xīn	42795	in-ing,ai-ei,j-q-x	1
党规	dǎng guī	42797	an-ang	1
低分	dī fēn	42798	en-eng,h-f	1
砥柱	dǐ zhù	42799	z-zh	3
吊孝	diào xiào	42800	j-q-x	1
调调	diào diao	42801		1
叠合	dié hé	42802	ia-ie,h-f	1
断句	duàn jù	42804	uan-uang,j-q-x	1
敦实	dūn shi	42806	s-sh	1
儿马	ér mǎ	42807		1
发刊	fā kān	42810	an-ang,h-f	1
发愿	fā yuàn	42811	uan-uang,h-f	1
法器	fǎ qì	42812	h-f,j-q-x	1
防地	fáng dì	42814	an-ang,h-f	1
放工	fàng gōng	42815	an-ang,h-f	1
拂拭	fú shì	42819	s-sh,h-f	1
腐儒	fǔ rú	42821	h-f,r-l	1
腐竹	fǔ zhú	42822	z-zh,h-f	1
复诊	fù zhěn	42823	en-eng,z-zh,h-f	1
复种	fù zhòng	42824	z-zh,h-f	1
钢枪	gāng qiāng	42825	an-ang,ian-iang,j-q-x	1
钢条	gāng tiáo	42826	an-ang	1
隔行	gé háng	42828	an-ang,h-f	1
毫秒	háo miǎo	42834	ao-ou,h-f	1
合缝	hé fèng	42836	en-eng,h-f	1
合练	hé liàn	42837	ian-iang,n-l,h-f,r-l	1
黑户	hēi hù	42838	ai-ei,h-f	1
亨通	hēng tōng	42839	en-eng,h-f	3
胡话	hú huà	42841	ua-uo,h-f	1
样报	yàng bào	42843	an-ang,ao-ou	1
幻景	huàn jǐng	42844	in-ing,uan-uang,h-f,j-q-x	1
回嘴	huí zuǐ	42845	z-zh,h-f	1
祸端	huò duān	42847	uan-uang,ua-uo,h-f	1
极目	jí mù	42850	j-q-x	1
急弯	jí wān	42851	an-ang,j-q-x	1
集群	jí qún	42852	j-q-x	1
家资	jiā zī	42853	ia-ie,z-zh,j-q-x	1
假条	jià tiáo	42854	ia-ie,j-q-x	1
检定	jiǎn dìng	42855	in-ing,ian-iang,j-q-x	1
浆液	jiāng yè	42856	ian-iang,j-q-x	1
降旗	jiàng qí	42857	ian-iang,j-q-x	1
窖藏	jiào cáng	42858	an-ang,c-ch,j-q-x	1
接办	jiē bàn	42859	an-ang,ia-ie,j-q-x	1
接货	jiē huò	42860	ia-ie,ua-uo,h-f,j-q-x	1
借住	jiè zhù	42862	ia-ie,z-zh,j-q-x	1
锦鸡	jǐn jī	42863	in-ing,j-q-x	1
警容	jǐng róng	42864	in-ing,r-l,j-q-x	1
剧终	jù zhōng	42865	z-zh,j-q-x	1
聚散	jù sàn	42866	an-ang,s-sh,j-q-x	1
烤箱	kǎo xiāng	42868	ian-iang,ao-ou,j-q-x	1
空寂	kōng jì	42869	j-q-x	1
扣杀	kòu shā	42870	ao-ou,s-sh	1
宽宏	kuān hóng	42871	uan-uang,h-f	1
匡算	kuāng suàn	42872	uan-uang,s-sh	3
亏欠	kuī qiàn	42873	ian-iang,j-q-x	1
拉锯	lā jù	42874	n-l,r-l,j-q-x	1
劳损	láo sǔn	42876	ao-ou,s-sh,n-l,r-l	1
冷盘	lěng pán	42880	en-eng,an-ang,n-l,r-l	1
早慧	zǎo huì	42881	ao-ou,z-zh,h-f	1
列兵	liè bīng	42886	in-ing,ia-ie,n-l,r-l	1
灵机	líng jī	42887	in-ing,n-l,r-l,j-q-x	1
翎毛	líng máo	42888	in-ing,ao-ou,n-l,r-l	3
六亲	liù qīn	42889	in-ing,n-l,r-l,j-q-x	1
轮转	lún zhuàn	42890	uan-uang,z-zh,n-l,r-l	1
毛边	máo biān	42892	ian-iang,ao-ou	1
毛票	máo piào	42893	ao-ou	1
煤火	méi huǒ	42895	ai-ei,ua-uo,h-f	1
魔窟	mó kū	42898		1
年来	nián lái	42900	ian-iang,ai-ei,n-l,r-l	1
牛市	niú shì	42901	s-sh,n-l	1
拍发	pāi fā	42902	ai-ei,h-f	1
判例	pàn lì	42903	an-ang,n-l,r-l	1
泡子	pào zi	42904	ao-ou,z-zh	1
蓬蒿	péng hāo	42905	en-eng,ao-ou,h-f	3
偏殿	piān diàn	42908	ian-iang	1
平辈	píng bèi	42909	in-ing,ai-ei	1
期终	qī zhōng	42910	z-zh,j-q-x	1
企划	qǐ huà	42911	ua-uo,h-f,j-q-x	1
亲故	qīn gù	42912	in-ing,j-q-x	1
求亲	qiú qīn	42913	in-ing,j-q-x	1
缺课	quē kè	42915	j-q-x	1
戎机	róng jī	42919	r-l,j-q-x	1
杀掠	shā lüè	42921	s-sh,n-l,r-l	1
蛇形	shé xíng	42922	in-ing,s-sh,j-q-x	1
失陪	shī péi	42924	ai-ei,s-sh	1
石磙	shí gǔn	42925	s-sh	3
收服	shōu fú	42926	ao-ou,s-sh,h-f	1
手巧	shǒu qiǎo	42927	ao-ou,s-sh,j-q-x	1
疏解	shū jiě	42928	ia-ie,s-sh,j-q-x	1
赎买	shú mǎi	42929	ai-ei,s-sh	1
树敌	shù dí	42930	s-sh	1
丝棉	sī mián	42933	ian-iang,s-sh	1
掏心	tāo xīn	42936	in-ing,ao-ou,j-q-x	1
提任	tí rèn	42937	en-eng,r-l	1
剃度	tì dù	42938		1
条石	tiáo shí	42939	s-sh	1
铁心	tiě xīn	42940	in-ing,ia-ie,j-q-x	1
通经	tōng jīng	42941	in-ing,j-q-x	1
通同	tōng tóng	42942		1
铜匠	tóng jiàng	42943	ian-iang,j-q-x	1
统观	tǒng guān	42944	uan-uang	1
团日	tuán rì	42945	uan-uang,r-l	1
外姓	wài xìng	42946	in-ing,ai-ei,j-q-x	1
围网	wéi wǎng	42947	an-ang,ai-ei	1
闻见	wén jiàn	42949	en-eng,ian-iang,j-q-x	1
卧具	wò jù	42950	j-q-x	1
下任	xià rèn	42953	en-eng,ia-ie,r-l,j-q-x	1
纤毛	xiān máo	42954	ian-iang,ao-ou,j-q-x	1
校歌	xiào gē	42956	j-q-x	1
心尖	xīn jiān	42959	in-ing,ian-iang,j-q-x	1
信实	xìn shí	42962	in-ing,s-sh,j-q-x	1
悻然	xìng rán	42963	in-ing,an-ang,r-l,j-q-x	3
秀雅	xiù yǎ	42964	j-q-x	1
絮聒	xù guō	42965	ua-uo,j-q-x	3
严父	yán fù	42968	an-ang,h-f	1
衍化	yǎn huà	42969	an-ang,ua-uo,h-f	1
摇橹	yáo lǔ	42970	ao-ou,n-l,r-l	3
遥指	yáo zhǐ	42971	ao-ou,z-zh	1
咬字	yǎo zì	42972	ao-ou,z-zh	1
要事	yào shì	42973	ao-ou,s-sh	1
艺名	yì míng	42979	in-ing	1
起赃	qǐ zāng	42980	an-ang,z-zh,j-q-x	1
阴茎	yīn jīng	42981	in-ing,j-q-x	1
引咎	yǐn jiù	42982	in-ing,j-q-x	3
勇夫	yǒng fū	42984	h-f	1
玉碎	yù suì	42986	s-sh	1
熨帖	yù tiē	42988	ia-ie	3
约计	yuē jì	42989	j-q-x	1
月半	yuè bàn	42990	an-ang	1
熨斗	yùn dǒu	42992	ao-ou	3
杂家	zá jiā	42993	ia-ie,z-zh,j-q-x	1
战云	zhàn yún	42996	an-ang,z-zh	1
怔忡	zhēng chōng	42998	en-eng,z-zh,c-ch	3
知会	zhī hui	42999	z-zh,h-f	1
中波	zhōng bō	43002	z-zh	1
螽斯	zhōng sī	43003	z-zh,s-sh	3
背囊	bēi náng	43011	an-ang,ai-ei,n-l	1
悲秋	bēi qiū	43012	ai-ei,j-q-x	1
备料	bèi liào	43014	ai-ei,n-l,r-l	1
壁挂	bì guà	43017	ua-uo	1
边线	biān xiàn	43018	ian-iang,j-q-x	1
冰释	bīng shì	43019	in-ing,s-sh	1
兵灾	bīng zāi	43021	in-ing,ai-ei,z-zh	1
病患	bìng huàn	43022	in-ing,uan-uang,h-f	1
拨转	bō zhuǎn	43023	uan-uang,z-zh	1
卜筮	bǔ shì	43024	s-sh	3
补血	bǔ xuè	43025	j-q-x	1
茶庄	chá zhuāng	43027	uan-uang,z-zh,c-ch	1
查点	chá diǎn	43028	ian-iang,c-ch	1
拆装	chāi zhuāng	43029	uan-uang,ai-ei,z-zh,c-ch	1
阐扬	chǎn yáng	43030	an-ang,c-ch	1
常服	cháng fú	43031	an-ang,c-ch,h-f	1
敞口	chǎng kǒu	43032	an-ang,ao-ou,c-ch	1
承欢	chéng huān	43033	en-eng,uan-uang,c-ch,h-f	1
承印	chéng yìn	43034	en-eng,in-ing,c-ch	1
斥骂	chì mà	43035	c-ch	1
筹谋	chóu móu	43036	ao-ou,c-ch	1
出超	chū chāo	43037	ao-ou,c-ch	1
船帮	chuán bāng	43039	an-ang,uan-uang,c-ch	1
催熟	cuī shú	43041	c-ch,s-sh	1
代称	dài chēng	43043	en-eng,ai-ei,c-ch	1
荡妇	dàng fù	43044	an-ang,h-f	1
得宜	dé yí	43045		1
灯座	dēng zuò	43046	en-eng,ua-uo,z-zh	1
蹬腿	dēng tuǐ	43047	en-eng	1
嫡亲	dí qīn	43048	in-ing,j-q-x	3
底版	dǐ bǎn	43049	an-ang	1
电算	diàn suàn	43050	ian-iang,uan-uang,s-sh	1
叠印	dié yìn	43051	in-ing,ia-ie	1
定则	dìng zé	43052	in-ing,z-zh	1
兜揽	dōu lǎn	43053	an-ang,ao-ou,n-l,r-l	1
毒虫	dú chóng	43054	c-ch	1
毒犯	dú fàn	43055	an-ang,h-f	1
毒箭	dú jiàn	43056	ian-iang,j-q-x	1
短剧	duǎn jù	43057	uan-uang,j-q-x	1
烦忧	fán yōu	43060	an-ang,ao-ou,h-f	1
犯案	fàn àn	43061	an-ang,h-f	1
房车	fáng chē	43062	an-ang,c-ch,h-f	1
肺脏	fèi zàng	43064	an-ang,ai-ei,z-zh,h-f	1
分神	fēn shén	43065	en-eng,s-sh,h-f	1
干冰	gān bīng	43068	in-ing,an-ang	1
赶巧	gǎn qiǎo	43069	an-ang,j-q-x	1
钢缆	gāng lǎn	43070	an-ang,n-l,r-l	1
羔皮	gāo pí	43071	ao-ou	1
根苗	gēn miáo	43073	en-eng	1
弓背	gōng bèi	43075	ai-ei	1
公马	gōng mǎ	43076		1
鼓膜	gǔ mó	43077		1
国脉	guó mài	43080	ai-ei,ua-uo	1
豪富	háo fù	43081	ao-ou,h-f	1
何曾	hé céng	43082	en-eng,c-ch,h-f	1
河狸	hé lí	43083	n-l,h-f,r-l	1
河塘	hé táng	43084	an-ang,h-f	1
黑枪	hēi qiāng	43086	ian-iang,ai-ei,h-f,j-q-x	1
洪钟	hóng zhōng	43088	z-zh,h-f	1
候诊	hòu zhěn	43089	en-eng,ao-ou,z-zh,h-f	1
花缎	huā duàn	43090	uan-uang,ua-uo,h-f	1
坏水	huài shuǐ	43092	s-sh,h-f	1
黄麻	huáng má	43093	uan-uang,h-f	1
回车	huí chē	43094	c-ch,h-f	1
荤菜	hūn cài	43095	ai-ei,c-ch,h-f	1
火炽	huǒ chì	43097	ua-uo,c-ch,h-f	3
几案	jī àn	43099	an-ang,j-q-x	1
机位	jī wèi	43100	ai-ei,j-q-x	1
鸡心	jī xīn	43102	in-ing,j-q-x	1
忌恨	jì hèn	43103	en-eng,h-f,j-q-x	1
佳期	jiā qī	43104	ia-ie,j-q-x	1
见谅	jiàn liàng	43105	ian-iang,n-l,r-l,j-q-x	1
豇豆	jiāng dòu	43106	ian-iang,ao-ou,j-q-x	3
胶泥	jiāo ní	43107	n-l,j-q-x	1
教龄	jiào líng	43108	in-ing,n-l,r-l,j-q-x	1
锦纶	jǐn lún	43110	in-ing,n-l,r-l,j-q-x	3
进香	jìn xiāng	43111	in-ing,ian-iang,j-q-x	1
旧都	jiù dū	43113	j-q-x	1
橘黄	jú huáng	43114	uan-uang,h-f,j-q-x	1
聚赌	jù dǔ	43115	j-q-x	1
枯涩	kū sè	43118	s-sh	1
蜡纸	là zhǐ	43120	z-zh,n-l,r-l	1
阑珊	lán shān	43121	an-ang,s-sh,n-l,r-l	3
冷杉	lěng shān	43122	en-eng,an-ang,s-sh,n-l,r-l	1
连写	lián xiě	43124	ian-iang,ia-ie,n-l,r-l,j-q-x	1
联署	lián shǔ	43125	ian-iang,s-sh,n-l,r-l	1
凌汛	líng xùn	43126	in-ing,n-l,r-l,j-q-x	1
炉台	lú tái	43130	ai-ei,n-l,r-l	1
马掌	mǎ zhǎng	43131	an-ang,z-zh	1
买账	mǎi zhàng	43132	an-ang,ai-ei,z-zh	1
慢车	màn chē	43133	an-ang,c-ch	1
免役	miǎn yì	43134	ian-iang	1
冥顽	míng wán	43135	in-ing,an-ang	1
抹粉	mǒ fěn	43136	en-eng,h-f	1
男宾	nán bīn	43139	in-ing,an-ang,n-l	1
炮车	pào chē	43142	ao-ou,c-ch	1
炮灰	pào huī	43143	ao-ou,h-f	1
喷墨	pēn mò	43144	en-eng	1
禀性	bǐng xìng	43146	in-ing,j-q-x	1
飘逝	piāo shì	43147	s-sh	1
评功	píng gōng	43149	in-ing	1
骑楼	qí lóu	43151	ao-ou,n-l,r-l,j-q-x	1
强似	qiáng sì	43153	ian-iang,s-sh,j-q-x	1
倾囊	qīng náng	43155	in-ing,an-ang,n-l,j-q-x	1
丘壑	qiū hè	43156	h-f,j-q-x	3
求乞	qiú qǐ	43157	j-q-x	1
祛病	qū bìng	43158	in-ing,j-q-x	3
全价	quán jià	43159	uan-uang,ia-ie,j-q-x	1
劝学	quàn xué	43160	uan-uang,j-q-x	1
确当	què dàng	43161	an-ang,j-q-x	1
染发	rǎn fà	43162	an-ang,h-f,r-l	1
热卖	rè mài	43163	ai-ei,r-l	1
人鱼	rén yú	43164	en-eng,r-l	1
丧亡	sàng wáng	43167	an-ang,s-sh	1
社戏	shè xì	43170	s-sh,j-q-x	1
神驰	shén chí	43171	en-eng,c-ch,s-sh	1
神物	shén wù	43172	en-eng,s-sh	1
圣手	shèng shǒu	43173	en-eng,ao-ou,s-sh	1
石槽	shí cáo	43174	ao-ou,c-ch,s-sh	1
食疗	shí liáo	43175	s-sh,n-l,r-l	1
蚀本	shí běn	43176	en-eng,s-sh	1
收存	shōu cún	43177	ao-ou,c-ch,s-sh	1
寿礼	shòu lǐ	43179	ao-ou,s-sh,n-l,r-l	1
售罄	shòu qìng	43180	in-ing,ao-ou,s-sh,j-q-x	3
书亭	shū tíng	43181	in-ing,s-sh	1
私章	sī zhāng	43184	an-ang,z-zh,s-sh	1
四郊	sì jiāo	43185	s-sh,j-q-x	1
松脂	sōng zhī	43186	z-zh,s-sh	1
苏铁	sū tiě	43187	ia-ie,s-sh	1
酸臭	suān chòu	43188	uan-uang,ao-ou,c-ch,s-sh	1
套牢	tào láo	43190	ao-ou,n-l,r-l	1
特出	tè chū	43191	c-ch	1
题签	tí qiān	43192	ian-iang,j-q-x	1
挑食	tiāo shí	43193	s-sh	1
调羹	tiáo gēng	43194	en-eng	1
铁臂	tiě bì	43195	ia-ie	1
童星	tóng xīng	43196	in-ing,j-q-x	1
童贞	tóng zhēn	43197	en-eng,z-zh	1
外感	wài gǎn	43199	an-ang,ai-ei	1
危楼	wēi lóu	43200	ai-ei,ao-ou,n-l,r-l	1
文德	wén dé	43201	en-eng	1
握拳	wò quán	43203	uan-uang,j-q-x	1
误杀	wù shā	43205	s-sh	1
系念	xì niàn	43207	ian-iang,n-l,j-q-x	1
闲步	xián bù	43209	ian-iang,j-q-x	1
贤士	xián shì	43210	ian-iang,s-sh,j-q-x	1
显影	xiǎn yǐng	43211	in-ing,ian-iang,j-q-x	1
香灰	xiāng huī	43212	ian-iang,h-f,j-q-x	1
详明	xiáng míng	43213	in-ing,ian-iang,j-q-x	1
削球	xiāo qiú	43214	j-q-x	1
小豆	xiǎo dòu	43215	ao-ou,j-q-x	1
校花	xiào huā	43216	ua-uo,h-f,j-q-x	1
兴学	xīng xué	43217	in-ing,j-q-x	1
行状	xíng zhuàng	43218	in-ing,uan-uang,z-zh,j-q-x	1
杏眼	xìng yǎn	43219	in-ing,an-ang,j-q-x	1
玄色	xuán sè	43220	uan-uang,s-sh,j-q-x	1
押款	yā kuǎn	43222	uan-uang	1
烟子	yān zi	43223	an-ang,z-zh	1
严师	yán shī	43224	an-ang,s-sh	1
严霜	yán shuāng	43225	an-ang,uan-uang,s-sh	1
眼袋	yǎn dài	43226	an-ang,ai-ei	1
摇椅	yáo yǐ	43229	ao-ou	1
遗著	yí zhù	43232	z-zh	1
奕奕	yì yì	43233		2
引逗	yǐn dòu	43234	in-ing,ao-ou	1
引信	yǐn xìn	43235	in-ing,j-q-x	1
印堂	yìn táng	43236	in-ing,an-ang	1
应许	yīng xǔ	43237	in-ing,j-q-x	1
鹰隼	yīng sǔn	43238	in-ing,s-sh	3
油层	yóu céng	43239	en-eng,ao-ou,c-ch	1
油子	yóu zi	43240	ao-ou,z-zh	1
榆钱	yú qián	43243	ian-iang,j-q-x	1
语源	yǔ yuán	43244	uan-uang	1
狱警	yù jǐng	43245	in-ing,j-q-x	1
御制	yù zhì	43246	z-zh	1
远海	yuǎn hǎi	43247	uan-uang,ai-ei,h-f	1
扎染	zā rǎn	43248	an-ang,z-zh,r-l	1
灾星	zāi xīng	43249	in-ing,ai-ei,z-zh,j-q-x	1
在教	zài jiào	43250	ai-ei,z-zh,j-q-x	1
战书	zhàn shū	43251	an-ang,z-zh,s-sh	1
站相	zhàn xiàng	43252	an-ang,ian-iang,z-zh,j-q-x	1
招领	zhāo lǐng	43253	in-ing,ao-ou,z-zh,n-l,r-l	1
招租	zhāo zū	43254	ao-ou,z-zh	1
重判	zhòng pàn	43259	an-ang,z-zh	1
竹器	zhú qì	43260	z-zh,j-q-x	1
竹榻	zhú tà	43261	z-zh	3
转译	zhuǎn yì	43263	uan-uang,z-zh	1
转轴	zhuàn zhóu	43264	uan-uang,ao-ou,z-zh	1
准星	zhǔn xīng	43265	in-ing,z-zh,j-q-x	1
自供	zì gòng	43266	z-zh	1
嘴尖	zuǐ jiān	43267	ian-iang,z-zh,j-q-x	1
嘴头	zuǐ tóu	43268	ao-ou,z-zh	1
做东	zuò dōng	43270	ua-uo,z-zh	1
阿斗	ā dǒu	43271	ao-ou	1
白文	bái wén	43273	en-eng,ai-ei	1
败絮	bài xù	43274	ai-ei,j-q-x	1
板鸭	bǎn yā	43276	an-ang	1
避世	bì shì	43278	s-sh	1
冰镇	bīng zhèn	43279	en-eng,in-ing,z-zh	1
不忿	bù fèn	43281	en-eng,h-f	1
不果	bù guǒ	43282	ua-uo	1
才貌	cái mào	43284	ai-ei,ao-ou,c-ch	1
操行	cāo xíng	43285	in-ing,ao-ou,c-ch,j-q-x	1
草鸡	cǎo jī	43286	ao-ou,c-ch,j-q-x	1
插页	chā yè	43287	c-ch	1
柴刀	chái dāo	43288	ai-ei,ao-ou,c-ch	1
铲车	chǎn chē	43289	an-ang,c-ch	1
车技	chē jì	43292	c-ch,j-q-x	1
舂米	chōng mǐ	43293	c-ch	3
抽头	chōu tóu	43294	ao-ou,c-ch	1
窗帷	chuāng wéi	43296	uan-uang,ai-ei,c-ch	1
备胎	bèi tāi	43297	ai-ei	1
床架	chuáng jià	43298	uan-uang,ia-ie,c-ch,j-q-x	1
床罩	chuáng zhào	43299	uan-uang,ao-ou,z-zh,c-ch	1
从师	cóng shī	43300	c-ch,s-sh	1
搓揉	cuō róu	43301	ao-ou,ua-uo,c-ch,r-l	1
打诨	dǎ hùn	43302	h-f	3
带累	dài lěi	43303	ai-ei,n-l,r-l	1
得数	dé shù	43305	s-sh	1
底肥	dǐ féi	43306	ai-ei,h-f	1
底账	dǐ zhàng	43307	an-ang,z-zh	1
定评	dìng píng	43308	in-ing	1
动嘴	dòng zuǐ	43309	z-zh	1
断指	duàn zhǐ	43311	uan-uang,z-zh	1
二茬	èr chá	43314	c-ch	1
发汗	fā hàn	43316	an-ang,h-f	1
发际	fà jì	43317	h-f,j-q-x	1
樊笼	fán lóng	43318	an-ang,n-l,h-f,r-l	3
返修	fǎn xiū	43320	an-ang,h-f,j-q-x	1
芳容	fāng róng	43321	an-ang,h-f,r-l	1
妨事	fáng shì	43322	an-ang,s-sh,h-f	1
风压	fēng yā	43323	en-eng,h-f	1
敷药	fū yào	43324	ao-ou,h-f	1
赴难	fù nàn	43326	an-ang,n-l,h-f	1
改订	gǎi dìng	43327	in-ing,ai-ei	1
鸽哨	gē shào	43328	ao-ou,s-sh	1
更鼓	gēng gǔ	43331	en-eng	1
归期	guī qī	43337	j-q-x	1
鬼蜮	guǐ yù	43338		3
国药	guó yào	43339	ao-ou,ua-uo	1
国优	guó yōu	43341	ao-ou,ua-uo	1
海鱼	hǎi yú	43343	ai-ei,h-f	1
酣饮	hān yǐn	43344	in-ing,an-ang,h-f	1
好赖	hǎo lài	43346	ai-ei,ao-ou,n-l,h-f,r-l	1
皓首	hào shǒu	43347	ao-ou,s-sh,h-f	1
河汉	hé hàn	43348	an-ang,h-f	1
厚利	hòu lì	43349	ao-ou,n-l,h-f,r-l	1
华发	huá fà	43350	ua-uo,h-f	1
画架	huà jià	43352	ia-ie,ua-uo,h-f,j-q-x	1
回炉	huí lú	43354	n-l,h-f,r-l	1
活页	huó yè	43355	ua-uo,h-f	1
货单	huò dān	43357	an-ang,ua-uo,h-f	1
积欠	jī qiàn	43358	ian-iang,j-q-x	1
基坑	jī kēng	43359	en-eng,j-q-x	1
加号	jiā hào	43360	ao-ou,ia-ie,h-f,j-q-x	1
金牙	jīn yá	43361	in-ing,j-q-x	1
晋剧	jìn jù	43362	in-ing,j-q-x	1
浸渍	jìn zì	43363	in-ing,z-zh,j-q-x	3
精纺	jīng fǎng	43364	in-ing,an-ang,h-f,j-q-x	1
空疏	kōng shū	43365	s-sh	1
空转	kōng zhuàn	43366	uan-uang,z-zh	1
狂跌	kuáng diē	43368	uan-uang,ia-ie	1
拦挡	lán dǎng	43371	an-ang,n-l,r-l	1
连襟	lián jīn	43378	in-ing,ian-iang,n-l,r-l,j-q-x	1
凉台	liáng tái	43379	ian-iang,ai-ei,n-l,r-l	1
轮次	lún cì	43381	c-ch,n-l,r-l	1
卖笑	mài xiào	43382	ai-ei,j-q-x	1
芒种	máng zhòng	43385	an-ang,z-zh	1
煤屑	méi xiè	43387	ai-ei,ia-ie,j-q-x	1
蒙难	méng nàn	43389	en-eng,an-ang,n-l	1
棉区	mián qū	43390	ian-iang,j-q-x	1
面汤	miàn tāng	43391	an-ang,ian-iang	1
名宿	míng sù	43392	in-ing,s-sh	1
明文	míng wén	43393	en-eng,in-ing	1
明艳	míng yàn	43394	in-ing,an-ang	1
纳粮	nà liáng	43397	ian-iang,n-l,r-l	1
南纬	nán wěi	43398	an-ang,ai-ei,n-l	1
昵称	nì chēng	43399	en-eng,c-ch,n-l	3
牛蒡	niú bàng	43402	an-ang,n-l	3
排阵	pái zhèn	43403	en-eng,ai-ei,z-zh	1
抛却	pāo què	43404	ao-ou,j-q-x	1
跑光	pǎo guāng	43405	uan-uang,ao-ou	1
棚户	péng hù	43406	en-eng,h-f	1
漆皮	qī pí	43410	j-q-x	1
歧异	qí yì	43411	j-q-x	1
桥身	qiáo shēn	43412	en-eng,s-sh,j-q-x	1
屈身	qū shēn	43414	en-eng,s-sh,j-q-x	1
趋奉	qū fèng	43415	en-eng,h-f,j-q-x	1
阙如	quē rú	43417	r-l,j-q-x	3
仁儿	rén er	43418	en-eng,r-l	1
柔润	róu rùn	43419	ao-ou,r-l	1
肉酱	ròu jiàng	43420	ian-iang,ao-ou,r-l,j-q-x	1
肉禽	ròu qín	43421	in-ing,ao-ou,r-l,j-q-x	1
砂浆	shā jiāng	43422	ian-iang,s-sh,j-q-x	1
深通	shēn tōng	43424	en-eng,s-sh	1
水蛭	shuǐ zhì	43428	z-zh,s-sh	3
顺访	shùn fǎng	43429	an-ang,s-sh,h-f	1
堂客	táng kè	43431	an-ang	1
提箱	tí xiāng	43432	ian-iang,j-q-x	1
天足	tiān zú	43434	ian-iang,z-zh	1
通兑	tōng duì	43436		1
同调	tóng diào	43438		1
托孤	tuō gū	43440	ua-uo	1
歪道	wāi dào	43441	ai-ei,ao-ou	1
乌金	wū jīn	43443	in-ing,j-q-x	1
污损	wū sǔn	43444	s-sh	1
洗雪	xǐ xuě	43446	j-q-x	1
隙缝	xì fèng	43447	en-eng,h-f,j-q-x	1
贤德	xián dé	43449	ian-iang,j-q-x	1
晓畅	xiǎo chàng	43451	an-ang,c-ch,j-q-x	1
幸臣	xìng chén	43453	en-eng,in-ing,c-ch,j-q-x	1
胸牌	xiōng pái	43454	ai-ei,j-q-x	1
徐图	xú tú	43456	j-q-x	1
寻欢	xún huān	43457	uan-uang,h-f,j-q-x	1
寻机	xún jī	43458	j-q-x	1
艳遇	yàn yù	43459	an-ang	1
养气	yǎng qì	43461	an-ang,j-q-x	1
腋窝	yè wō	43462		1
屹然	yì rán	43464	an-ang,r-l	1
影楼	yǐng lóu	43465	in-ing,ao-ou,n-l,r-l	1
优柔	yōu róu	43466	ao-ou,r-l	1
油纸	yóu zhǐ	43468	ao-ou,z-zh	1
育婴	yù yīng	43469	in-ing	1
造势	zào shì	43471	ao-ou,z-zh,s-sh	1
摘报	zhāi bào	43472	ai-ei,ao-ou,z-zh	1
长门	zhǎng mén	43475	en-eng,an-ang,z-zh	1
阵法	zhèn fǎ	43477	en-eng,z-zh,h-f	1
周天	zhōu tiān	43480	ian-iang,ao-ou,z-zh	1
珠玑	zhū jī	43482	z-zh,j-q-x	3
捉刀	zhuō dāo	43483	ao-ou,ua-uo,z-zh	1
纵马	zòng mǎ	43486	z-zh	1
族类	zú lèi	43487	ai-ei,z-zh,n-l,r-l	1
安设	ān shè	43488	an-ang,s-sh	1
暗害	àn hài	43489	an-ang,ai-ei,h-f	1
轨距	guǐ jù	43491	j-q-x	1
白鹳	bái guàn	43493	uan-uang,ai-ei	3
暴敛	bào liǎn	43495	ian-iang,ao-ou,n-l,r-l	1
本利	běn lì	43496	en-eng,n-l,r-l	1
本业	běn yè	43497	en-eng	1
笔管	bǐ guǎn	43498	uan-uang	1
贬谪	biǎn zhé	43499	ian-iang,z-zh	3
便桥	biàn qiáo	43500	ian-iang,j-q-x	1
兵饷	bīng xiǎng	43502	in-ing,ian-iang,j-q-x	3
病况	bìng kuàng	43503	in-ing,uan-uang	1
猜透	cāi tòu	43506	ai-ei,ao-ou,c-ch	1
菜系	cài xì	43507	ai-ei,c-ch,j-q-x	1
槽头	cáo tóu	43509	ao-ou,c-ch	1
插班	chā bān	43510	an-ang,c-ch	1
产需	chǎn xū	43511	an-ang,c-ch,j-q-x	1
长亭	cháng tíng	43512	in-ing,an-ang,c-ch	1
长项	cháng xiàng	43513	an-ang,ian-iang,c-ch,j-q-x	1
耻于	chǐ yú	43514	c-ch	1
赤金	chì jīn	43515	in-ing,c-ch,j-q-x	1
仇怨	chóu yuàn	43516	uan-uang,ao-ou,c-ch	1
酬宾	chóu bīn	43517	in-ing,ao-ou,c-ch	1
畜类	chù lei	43518	ai-ei,c-ch,n-l,r-l	1
大钞	dà chāo	43521	ao-ou,c-ch	1
大卡	dà kǎ	43522		1
地勤	dì qín	43525	in-ing,j-q-x	1
甸子	diàn zi	43526	ian-iang,z-zh	1
吊扣	diào kòu	43527	ao-ou	1
冬灌	dōng guàn	43529	uan-uang	1
豆包	dòu bāo	43530	ao-ou	1
豆豉	dòu chǐ	43531	ao-ou,c-ch	3
赌局	dǔ jú	43532	j-q-x	1
墩布	dūn bù	43533		1
二胎	èr tāi	43535	ai-ei	1
梵语	fàn yǔ	43537	an-ang,h-f	3
防老	fáng lǎo	43538	an-ang,ao-ou,n-l,h-f,r-l	1
风帽	fēng mào	43540	en-eng,ao-ou,h-f	1
风门	fēng mén	43542	en-eng,h-f	1
疯魔	fēng mó	43543	en-eng,h-f	1
扶掖	fú yè	43544	h-f	3
复姓	fù xìng	43547	in-ing,h-f,j-q-x	1
富态	fù tai	43548	ai-ei,h-f	1
钢叉	gāng chā	43550	an-ang,c-ch	1
根究	gēn jiū	43551	en-eng,j-q-x	1
弓腰	gōng yāo	43552	ao-ou	1
孤高	gū gāo	43555	ao-ou	1
鬼祟	guǐ suì	43557	s-sh	1
过速	guò sù	43559	ua-uo,s-sh	1
含恨	hán hèn	43560	en-eng,an-ang,h-f	1
寒食	hán shí	43562	an-ang,s-sh,h-f	1
汉剧	hàn jù	43563	an-ang,h-f,j-q-x	1
悍将	hàn jiàng	43564	an-ang,ian-iang,h-f,j-q-x	1
豪壮	háo zhuàng	43565	uan-uang,ao-ou,z-zh,h-f	1
环行	huán xíng	43568	in-ing,uan-uang,h-f,j-q-x	1
回礼	huí lǐ	43569	n-l,h-f,r-l	1
火烫	huǒ tàng	43571	an-ang,ua-uo,h-f	1
鸡眼	jī yǎn	43572	an-ang,j-q-x	1
坚果	jiān guǒ	43574	ian-iang,ua-uo,j-q-x	1
缄口	jiān kǒu	43575	ian-iang,ao-ou,j-q-x	3
讲价	jiǎng jià	43576	ian-iang,ia-ie,j-q-x	1
狡计	jiǎo jì	43577	j-q-x	1
节哀	jié āi	43578	ai-ei,ia-ie,j-q-x	1
桀纣	jié zhòu	43579	ao-ou,ia-ie,z-zh,j-q-x	2
浸没	jìn mò	43583	in-ing,j-q-x	1
经传	jīng zhuàn	43584	in-ing,uan-uang,z-zh,j-q-x	1
井然	jǐng rán	43585	in-ing,an-ang,r-l,j-q-x	1
镜台	jìng tái	43586	in-ing,ai-ei,j-q-x	1
居功	jū gōng	43588	j-q-x	1
军制	jūn zhì	43589	z-zh,j-q-x	1
均分	jūn fēn	43590	en-eng,h-f,j-q-x	1
峻峭	jùn qiào	43591	j-q-x	1
开审	kāi shěn	43592	en-eng,ai-ei,s-sh	1
可怖	kě bù	43594		1
刻刀	kè dāo	43596	ao-ou	1
宽限	kuān xiàn	43597	ian-iang,uan-uang,j-q-x	1
拉锁	lā suǒ	43598	ua-uo,s-sh,n-l,r-l	1
离乱	lí luàn	43603	uan-uang,n-l,r-l	1
净身	jìng shēn	43605	en-eng,in-ing,s-sh,j-q-x	1
烈度	liè dù	43606	ia-ie,n-l,r-l	1
猎鹰	liè yīng	43607	in-ing,ia-ie,n-l,r-l	1
灵床	líng chuáng	43608	in-ing,uan-uang,c-ch,n-l,r-l	1
绿藻	lǜ zǎo	43610	ao-ou,z-zh,n-l,r-l	1
麻糖	má táng	43611	an-ang	1
码放	mǎ fàng	43612	an-ang,h-f	1
冒头	mào tóu	43613	ao-ou	1
闷酒	mèn jiǔ	43614	en-eng,j-q-x	1
蒙文	méng wén	43615	en-eng	1
谋算	móu suàn	43618	uan-uang,ao-ou,s-sh	1
欧化	ōu huà	43620	ao-ou,ua-uo,h-f	1
偶数	ǒu shù	43621	ao-ou,s-sh	1
派送	pài sòng	43622	ai-ei,s-sh	1
配殿	pèi diàn	43623	ian-iang,ai-ei	1
捧杯	pěng bēi	43624	en-eng,ai-ei	1
疲弱	pí ruò	43625	ua-uo,r-l	1
频传	pín chuán	43628	in-ing,uan-uang,c-ch	1
品酒	pǐn jiǔ	43629	in-ing,j-q-x	1
萋萋	qī qī	43631	j-q-x	2
齐奏	qí zòu	43632	ao-ou,z-zh,j-q-x	1
奇谈	qí tán	43633	an-ang,j-q-x	1
启行	qǐ xíng	43634	in-ing,j-q-x	1
起拍	qǐ pāi	43635	ai-ei,j-q-x	1
强固	qiáng gù	43637	ian-iang,j-q-x	1
强横	qiáng hèng	43638	en-eng,ian-iang,h-f,j-q-x	1
墙围	qiáng wéi	43640	ian-iang,ai-ei,j-q-x	1
愀然	qiǎo rán	43641	an-ang,r-l,j-q-x	3
青葱	qīng cōng	43642	in-ing,c-ch,j-q-x	1
清还	qīng huán	43643	in-ing,uan-uang,h-f,j-q-x	1
穷愁	qióng chóu	43645	ao-ou,c-ch,j-q-x	1
求偶	qiú ǒu	43646	ao-ou,j-q-x	1
分餐	fēn cān	43650	en-eng,an-ang,c-ch,h-f	1
全职	quán zhí	43651	uan-uang,z-zh,j-q-x	1
认捐	rèn juān	43652	en-eng,uan-uang,r-l,j-q-x	1
灾险	zāi xiǎn	43654	ian-iang,ai-ei,z-zh,j-q-x	1
荣升	róng shēng	43655	en-eng,s-sh,r-l	1
臭棋	chòu qí	43658	ao-ou,c-ch,j-q-x	1
散光	sǎn guāng	43660	an-ang,uan-uang,s-sh	1
散座	sǎn zuò	43661	an-ang,ua-uo,z-zh,s-sh	1
色差	sè chā	43662	c-ch,s-sh	1
纱灯	shā dēng	43665	en-eng,s-sh	1
纱线	shā xiàn	43666	ian-iang,s-sh,j-q-x	1
脱档	tuō dàng	43667	an-ang,ua-uo	1
禅让	shàn ràng	43668	an-ang,s-sh,r-l	1
上光	shàng guāng	43669	an-ang,uan-uang,s-sh	1
上情	shàng qíng	43670	in-ing,an-ang,s-sh,j-q-x	1
蛇行	shé xíng	43671	in-ing,s-sh,j-q-x	1
射流	shè liú	43673	s-sh,n-l,r-l	1
正高	zhèng gāo	43675	en-eng,ao-ou,z-zh	1
声控	shēng kòng	43676	en-eng,s-sh	1
收手	shōu shǒu	43677	ao-ou,s-sh	1
守墓	shǒu mù	43678	ao-ou,s-sh	1
叔嫂	shū sǎo	43679	ao-ou,s-sh	1
庶子	shù zǐ	43680	z-zh,s-sh	1
对奖	duì jiǎng	43685	ian-iang,j-q-x	1
睡裙	shuì qún	43686	s-sh,j-q-x	1
溃脓	huì nóng	43688	n-l,h-f	1
丝光	sī guāng	43690	uan-uang,s-sh	1
私怨	sī yuàn	43691	uan-uang,s-sh	1
酥脆	sū cuì	43694	c-ch,s-sh	1
夙夜	sù yè	43695	s-sh	3
拓印	tà yìn	43696	in-ing	1
糖衣	táng yī	43698	an-ang	1
套车	tào chē	43699	ao-ou,c-ch	1
论难	lùn nàn	43700	an-ang,n-l,r-l	1
调护	tiáo hù	43703	h-f	1
托梦	tuō mèng	43707	en-eng,ua-uo	1
外路	wài lù	43708	ai-ei,n-l,r-l	1
往时	wǎng shí	43710	an-ang,s-sh	1
尾灯	wěi dēng	43712	en-eng,ai-ei	1
温驯	wēn xùn	43714	en-eng,j-q-x	1
习字	xí zì	43716	z-zh,j-q-x	1
戏评	xì píng	43719	in-ing,j-q-x	1
下款	xià kuǎn	43720	uan-uang,ia-ie,j-q-x	1
谐趣	xié qù	43724	ia-ie,j-q-x	1
心重	xīn zhòng	43725	in-ing,z-zh,j-q-x	1
羞赧	xiū nǎn	43726	an-ang,n-l,j-q-x	3
虚词	xū cí	43727	c-ch,j-q-x	1
虚夸	xū kuā	43728	ua-uo,j-q-x	1
叙功	xù gōng	43729	j-q-x	1
殉道	xùn dào	43730	ao-ou,j-q-x	1
嫣然	yān rán	43731	an-ang,r-l	3
佯动	yáng dòng	43732	an-ang	3
眼风	yǎn fēng	43733	en-eng,an-ang,h-f	1
卡位	kǎ wèi	43736	ai-ei	1
异教	yì jiào	43741	j-q-x	1
异型	yì xíng	43742	in-ing,j-q-x	1
认股	rèn gǔ	43743	en-eng,r-l	1
阴私	yīn sī	43745	in-ing,s-sh	1
银燕	yín yàn	43746	in-ing,an-ang	1
萦回	yíng huí	43747	in-ing,h-f	3
忧惧	yōu jù	43748	ao-ou,j-q-x	1
余悸	yú jì	43750	j-q-x	3
谨此	jǐn cǐ	43751	in-ing,c-ch,j-q-x	1
路肩	lù jiān	43752	ian-iang,n-l,r-l,j-q-x	1
鱼肚	yú dǔ	43753		1
鱼鹰	yú yīng	43754	in-ing	1
雨鞋	yǔ xié	43755	ia-ie,j-q-x	1
语感	yǔ gǎn	43756	an-ang	1
捉对	zhuō duì	43757	ua-uo,z-zh	1
御赐	yù cì	43758	c-ch	1
原盐	yuán yán	43760	an-ang,uan-uang	1
圆号	yuán hào	43761	uan-uang,ao-ou,h-f	1
援例	yuán lì	43762	uan-uang,n-l,r-l	1
杂毛	zá máo	43763	ao-ou,z-zh	1
高聘	gāo pìn	43764	in-ing,ao-ou	1
灶君	zào jūn	43765	ao-ou,z-zh,j-q-x	1
择吉	zé jí	43766	z-zh,j-q-x	1
罩衫	zhào shān	43767	an-ang,ao-ou,z-zh,s-sh	1
真凶	zhēn xiōng	43769	en-eng,z-zh,j-q-x	1
侄孙	zhí sūn	43772	z-zh,s-sh	1
逐次	zhú cì	43773	z-zh,c-ch	1
逐句	zhú jù	43774	z-zh,j-q-x	1
注疏	zhù shū	43775	z-zh,s-sh	1
谢词	xiè cí	43776	ia-ie,c-ch,j-q-x	1
专宠	zhuān chǒng	43777	uan-uang,z-zh,c-ch	1
妆奁	zhuāng lián	43779	ian-iang,uan-uang,z-zh,n-l,r-l	3
装假	zhuāng jiǎ	43780	uan-uang,ia-ie,z-zh,j-q-x	1
总账	zǒng zhàng	43784	an-ang,z-zh	1
拜别	bài bié	43786	ai-ei,ia-ie	1
背阴	bèi yīn	43787	in-ing,ai-ei	1
迸裂	bèng liè	43789	en-eng,ia-ie,n-l,r-l	3
碧草	bì cǎo	43790	ao-ou,c-ch	1
便车	biàn chē	43791	ian-iang,c-ch	1
采种	cǎi zhǒng	43792	ai-ei,z-zh,c-ch	1
层林	céng lín	43794	en-eng,in-ing,c-ch,n-l,r-l	1
重弹	zhòng dàn	43796	an-ang,z-zh	1
丑行	chǒu xíng	43797	in-ing,ao-ou,c-ch,j-q-x	1
初婚	chū hūn	43798	c-ch,h-f	1
触雷	chù léi	43799	ai-ei,c-ch,n-l,r-l	1
垂暮	chuí mù	43802	c-ch	1
凑集	còu jí	43804	ao-ou,c-ch,j-q-x	1
打蜡	dǎ là	43805	n-l,r-l	1
挡车	dǎng chē	43807	an-ang,c-ch	1
荡舟	dàng zhōu	43808	an-ang,ao-ou,z-zh	1
低平	dī píng	43809	in-ing	1
地牢	dì láo	43810	ao-ou,n-l,r-l	1
碘酒	diǎn jiǔ	43812	ian-iang,j-q-x	1
电门	diàn mén	43813	en-eng,ian-iang	1
雕凿	diāo záo	43816	ao-ou,z-zh	1
迭次	dié cì	43817	ia-ie,c-ch	1
鼎足	dǐng zú	43818	in-ing,z-zh	1
定例	dìng lì	43819	in-ing,n-l,r-l	1
陡壁	dǒu bì	43821	ao-ou	1
独夫	dú fū	43822	h-f	1
独酌	dú zhuó	43823	ua-uo,z-zh	1
断肢	duàn zhī	43824	uan-uang,z-zh	1
反诘	fǎn jié	43827	an-ang,ia-ie,h-f,j-q-x	3
泛称	fàn chēng	43828	en-eng,an-ang,c-ch,h-f	1
贩私	fàn sī	43829	an-ang,s-sh,h-f	1
方音	fāng yīn	43830	in-ing,an-ang,h-f	1
分机	fēn jī	43834	en-eng,h-f,j-q-x	1
纷杂	fēn zá	43835	en-eng,z-zh,h-f	1
坟丘	fén qiū	43836	en-eng,h-f,j-q-x	1
服老	fú lǎo	43837	ao-ou,n-l,h-f,r-l	1
服色	fú sè	43838	s-sh,h-f	1
付梓	fù zǐ	43839	z-zh,h-f	3
甘为	gān wéi	43840	an-ang,ai-ei	1
秆儿	gǎn er	43841	an-ang	1
搞法	gǎo fǎ	43842	ao-ou,h-f	1
工潮	gōng cháo	43843	ao-ou,c-ch	1
孤胆	gū dǎn	43844	an-ang	1
姑婆	gū pó	43845		1
谷穗	gǔ suì	43846	s-sh	1
国葬	guó zàng	43848	an-ang,ua-uo,z-zh	1
过磅	guò bàng	43849	an-ang,ua-uo	1
过誉	guò yù	43850	ua-uo	1
寒微	hán wēi	43851	an-ang,ai-ei,h-f	1
寒衣	hán yī	43852	an-ang,h-f	1
号手	hào shǒu	43853	ao-ou,s-sh,h-f	1
恒山	héng shān	43854	en-eng,an-ang,s-sh,h-f	1
湖沼	hú zhǎo	43855	ao-ou,z-zh,h-f	1
护岸	hù àn	43857	an-ang,h-f	1
画舫	huà fǎng	43858	an-ang,ua-uo,h-f	3
秽语	huì yǔ	43861	h-f	1
机谋	jī móu	43863	ao-ou,j-q-x	1
基线	jī xiàn	43864	ian-iang,j-q-x	1
集束	jí shù	43865	s-sh,j-q-x	1
假死	jiǎ sǐ	43866	ia-ie,s-sh,j-q-x	1
箭竹	jiàn zhú	43868	ian-iang,z-zh,j-q-x	1
检束	jiǎn shù	43869	ian-iang,s-sh,j-q-x	1
江轮	jiāng lún	43870	ian-iang,n-l,r-l,j-q-x	1
讲和	jiǎng hé	43871	ian-iang,h-f,j-q-x	1
酱色	jiàng sè	43873	ian-iang,s-sh,j-q-x	1
矫形	jiǎo xíng	43875	in-ing,j-q-x	1
疖子	jiē zi	43876	ia-ie,z-zh,j-q-x	3
接站	jiē zhàn	43877	an-ang,ia-ie,z-zh,j-q-x	1
揭秘	jiē mì	43878	ia-ie,j-q-x	1
鲸吞	jīng tūn	43879	in-ing,j-q-x	1
警号	jǐng hào	43880	in-ing,ao-ou,h-f,j-q-x	1
炕洞	kàng dòng	43883	an-ang	1
刻写	kè xiě	43884	ia-ie,j-q-x	1
揽客	lǎn kè	43887	an-ang,n-l,r-l	1
劳军	láo jūn	43889	ao-ou,n-l,r-l,j-q-x	1
立柜	lì guì	43891	n-l,r-l	1
磷光	lín guāng	43893	in-ing,uan-uang,n-l,r-l	1
鳞甲	lín jiǎ	43894	in-ing,ia-ie,n-l,r-l,j-q-x	1
灵牌	líng pái	43895	in-ing,ai-ei,n-l,r-l	1
流溢	liú yì	43896	n-l,r-l	1
流质	liú zhì	43897	z-zh,n-l,r-l	1
拢岸	lǒng àn	43898	an-ang,n-l,r-l	1
麦芒	mài máng	43900	an-ang,ai-ei	1
麦芽	mài yá	43901	ai-ei	1
茅庐	máo lú	43903	ao-ou,n-l,r-l	1
冒死	mào sǐ	43904	ao-ou,s-sh	1
名模	míng mó	43906	in-ing	1
摸头	mō tóu	43907	ao-ou	1
谋臣	móu chén	43908	en-eng,ao-ou,c-ch	1
匿藏	nì cáng	43910	an-ang,c-ch,n-l	1
怒号	nù háo	43911	ao-ou,n-l,h-f	1
炮战	pào zhàn	43912	an-ang,ao-ou,z-zh	1
签单	qiān dān	43915	an-ang,ian-iang,j-q-x	1
切点	qiē diǎn	43917	ian-iang,ia-ie,j-q-x	1
侵夺	qīn duó	43918	in-ing,ua-uo,j-q-x	1
擒敌	qín dí	43919	in-ing,j-q-x	1
清寒	qīng hán	43920	in-ing,an-ang,h-f,j-q-x	1
清心	qīng xīn	43921	in-ing,j-q-x	1
荣枯	róng kū	43924	r-l	1
入港	rù gǎng	43926	an-ang,r-l	1
商圈	shāng quān	43929	an-ang,uan-uang,s-sh,j-q-x	1
神交	shén jiāo	43930	en-eng,s-sh,j-q-x	1
诗友	shī yǒu	43931	ao-ou,s-sh	1
势态	shì tài	43932	ai-ei,s-sh	1
事假	shì jià	43933	ia-ie,s-sh,j-q-x	1
试演	shì yǎn	43934	an-ang,s-sh	1
收审	shōu shěn	43935	en-eng,ao-ou,s-sh	1
竖井	shù jǐng	43937	in-ing,s-sh,j-q-x	1
私车	sī chē	43938	c-ch,s-sh	1
思恋	sī liàn	43939	ian-iang,s-sh,n-l,r-l	1
死沉	sǐ chén	43940	en-eng,c-ch,s-sh	1
巳时	sì shí	43941	s-sh	1
速记	sù jì	43942	s-sh,j-q-x	1
速决	sù jué	43943	s-sh,j-q-x	1
粟米	sù mǐ	43944	s-sh	1
缩微	suō wēi	43945	ai-ei,ua-uo,s-sh	1
贪色	tān sè	43947	an-ang,s-sh	1
逃课	táo kè	43948	ao-ou	1
通勤	tōng qín	43949	in-ing,j-q-x	1
痛觉	tòng jué	43950	j-q-x	1
头寸	tóu cùn	43951	ao-ou,c-ch	1
透骨	tòu gǔ	43954	ao-ou	1
图录	tú lù	43955	n-l,r-l	1
拖船	tuō chuán	43956	uan-uang,ua-uo,c-ch	1
脱氧	tuō yǎng	43957	an-ang,ua-uo	1
莴笋	wō sǔn	43963	s-sh	3
务期	wù qī	43966	j-q-x	1
夏播	xià bō	43967	ia-ie,j-q-x	1
消释	xiāo shì	43969	s-sh,j-q-x	1
小锣	xiǎo luó	43970	ua-uo,n-l,r-l,j-q-x	1
小食	xiǎo shí	43971	s-sh,j-q-x	1
挟嫌	xié xián	43972	ian-iang,ia-ie,j-q-x	1
修业	xiū yè	43976	j-q-x	1
逊位	xùn wèi	43982	ai-ei,j-q-x	1
压阵	yā zhèn	43983	en-eng,z-zh	1
哑语	yǎ yǔ	43984		1
烟灯	yān dēng	43985	en-eng,an-ang	1
烟煤	yān méi	43986	an-ang,ai-ei	1
眼屎	yǎn shǐ	43987	an-ang,s-sh	1
阳面	yáng miàn	43988	an-ang,ian-iang	1
阳坡	yáng pō	43989	an-ang	1
爷娘	yé niáng	43992	ian-iang,n-l	1
佚文	yì wén	43998	en-eng	3
易手	yì shǒu	43999	ao-ou,s-sh	1
阴毒	yīn dú	44000	in-ing	1
银票	yín piào	44001	in-ing	1
忧闷	yōu mèn	44003	en-eng,ao-ou	1
幽居	yōu jū	44004	ao-ou,j-q-x	1
雨情	yǔ qíng	44006	in-ing,j-q-x	1
语体	yǔ tǐ	44007		1
月桂	yuè guì	44010		1
云鬓	yún bìn	44011	in-ing	1
芸豆	yún dòu	44012	ao-ou	3
杂面	zá miàn	44013	ian-iang,z-zh	1
灶头	zào tou	44014	ao-ou,z-zh	1
增订	zēng dìng	44015	en-eng,in-ing,z-zh	1
獐子	zhāng zi	44016	an-ang,z-zh	3
朝暮	cháo mù	44017	ao-ou,c-ch	1
笊篱	zhào li	44019	ao-ou,z-zh,n-l,r-l	3
整衣	zhěng yī	44020	en-eng,z-zh	1
忠顺	zhōng shùn	44024	z-zh,s-sh	1
种畜	zhǒng chù	44025	z-zh,c-ch	1
装相	zhuāng xiàng	44026	ian-iang,uan-uang,z-zh,j-q-x	1
自乘	zì chéng	44027	en-eng,z-zh,c-ch	1
组诗	zǔ shī	44028	z-zh,s-sh	1
伴游	bàn yóu	44032	an-ang,ao-ou	1
报数	bào shù	44034	ao-ou,s-sh	1
抱愧	bào kuì	44035	ao-ou	1
变局	biàn jú	44036	ian-iang,j-q-x	1
变型	biàn xíng	44037	in-ing,ian-iang,j-q-x	1
兵卒	bīng zú	44040	in-ing,z-zh	1
帛书	bó shū	44041	s-sh	3
才具	cái jù	44043	ai-ei,c-ch,j-q-x	1
残毒	cán dú	44044	an-ang,c-ch	1
惨厉	cǎn lì	44045	an-ang,c-ch,n-l,r-l	1
唱功	chàng gōng	44047	an-ang,c-ch	1
沉毅	chén yì	44048	en-eng,c-ch	1
陈皮	chén pí	44049	en-eng,c-ch	1
成癖	chéng pǐ	44050	en-eng,c-ch	3
橙子	chéng zi	44052	en-eng,z-zh,c-ch	1
叱令	chì lìng	44053	in-ing,c-ch,n-l,r-l	3
冲印	chōng yìn	44054	in-ing,c-ch	1
重聚	chóng jù	44055	c-ch,j-q-x	1
窗幔	chuāng màn	44056	an-ang,uan-uang,c-ch	3
篡权	cuàn quán	44057	uan-uang,c-ch,j-q-x	1
歹意	dǎi yì	44059	ai-ei	1
低烧	dī shāo	44061	ao-ou,s-sh	1
敌特	dí tè	44062		1
叠放	dié fàng	44063	an-ang,ia-ie,h-f	1
动火	dòng huǒ	44066	ua-uo,h-f	1
断炊	duàn chuī	44067	uan-uang,c-ch	1
垛子	duǒ zi	44068	ua-uo,z-zh	1
法号	fǎ hào	44070	ao-ou,h-f	1
浮生	fú shēng	44072	en-eng,s-sh,h-f	1
扛鼎	gāng dǐng	44073	in-ing,an-ang	1
根瘤	gēn liú	44075	en-eng,n-l,r-l	1
鳏夫	guān fū	44078	uan-uang,h-f	3
规谏	guī jiàn	44079	ian-iang,j-q-x	3
滚木	gǔn mù	44080		1
果脯	guǒ fǔ	44081	ua-uo,h-f	1
寒露	hán lù	44082	an-ang,n-l,h-f,r-l	1
航站	háng zhàn	44083	an-ang,z-zh,h-f	1
呵责	hē zé	44085	z-zh,h-f	1
合度	hé dù	44086	h-f	1
合辙	hé zhé	44087	z-zh,h-f	1
横是	héng shi	44089	en-eng,s-sh,h-f	1
烘烘	hōng hōng	44091	h-f	1
互爱	hù ài	44093	ai-ei,h-f	1
沪剧	hù jù	44094	h-f,j-q-x	1
还嘴	huán zuǐ	44095	uan-uang,z-zh,h-f	1
淡市	dàn shì	44096	an-ang,s-sh	1
回见	huí jiàn	44097	ian-iang,h-f,j-q-x	1
货价	huò jià	44100	ia-ie,ua-uo,h-f,j-q-x	1
祸祟	huò suì	44101	ua-uo,s-sh,h-f	1
骄气	jiāo qì	44105	j-q-x	1
近景	jìn jǐng	44109	in-ing,j-q-x	1
京族	jīng zú	44110	in-ing,z-zh,j-q-x	1
惊厥	jīng jué	44111	in-ing,j-q-x	3
精诚	jīng chéng	44112	en-eng,in-ing,c-ch,j-q-x	1
敬祝	jìng zhù	44113	in-ing,z-zh,j-q-x	1
韭黄	jiǔ huáng	44114	uan-uang,h-f,j-q-x	1
旧交	jiù jiāo	44116	j-q-x	1
旧梦	jiù mèng	44117	en-eng,j-q-x	1
苛责	kē zé	44120	z-zh	1
快书	kuài shū	44123	s-sh	1
狂饮	kuáng yǐn	44125	in-ing,uan-uang	1
矿坑	kuàng kēng	44126	en-eng,uan-uang	1
亏心	kuī xīn	44127	in-ing,j-q-x	1
涝灾	lào zāi	44128	ai-ei,ao-ou,z-zh,n-l,r-l	1
离世	lí shì	44129	s-sh,n-l,r-l	1
陋俗	lòu sú	44133	ao-ou,s-sh,n-l,r-l	1
履新	lǚ xīn	44134	in-ing,n-l,r-l,j-q-x	1
乱搞	luàn gǎo	44135	uan-uang,ao-ou,n-l,r-l	1
麦冬	mài dōng	44136	ai-ei	1
卖座	mài zuò	44137	ai-ei,ua-uo,z-zh	1
忙音	máng yīn	44138	in-ing,an-ang	1
魔影	mó yǐng	44142	in-ing	1
默写	mò xiě	44143	ia-ie,j-q-x	1
内债	nèi zhài	44144	ai-ei,z-zh,n-l	1
尿床	niào chuáng	44145	uan-uang,c-ch,n-l	1
女奴	nǚ nú	44146	n-l	1
殴斗	ōu dòu	44149	ao-ou	1
排枪	pái qiāng	44150	ian-iang,ai-ei,j-q-x	1
泡饭	pào fàn	44151	an-ang,ao-ou,h-f	1
喷溅	pēn jiàn	44152	en-eng,ian-iang,j-q-x	1
期冀	qī jì	44154	j-q-x	1
奇计	qí jì	44155	j-q-x	1
前秦	qián qín	44157	in-ing,ian-iang,j-q-x	1
炒手	chǎo shǒu	44158	ao-ou,c-ch,s-sh	1
抢拍	qiǎng pāi	44159	ian-iang,ai-ei,j-q-x	1
轻身	qīng shēn	44161	en-eng,in-ing,s-sh,j-q-x	1
穷寇	qióng kòu	44164	ao-ou,j-q-x	1
求稳	qiú wěn	44165	en-eng,j-q-x	1
球艺	qiú yì	44166	j-q-x	1
权作	quán zuò	44167	uan-uang,ua-uo,z-zh,j-q-x	1
拳手	quán shǒu	44168	uan-uang,ao-ou,s-sh,j-q-x	1
群聚	qún jù	44169	j-q-x	1
人渣	rén zhā	44171	en-eng,z-zh,r-l	1
撒气	sā qì	44174	s-sh,j-q-x	1
沙弥	shā mí	44175	s-sh	1
商请	shāng qǐng	44176	in-ing,an-ang,s-sh,j-q-x	1
上辈	shàng bèi	44177	an-ang,ai-ei,s-sh	1
上膛	shàng táng	44178	an-ang,s-sh	1
蛇毒	shé dú	44179	s-sh	1
深涧	shēn jiàn	44180	en-eng,ian-iang,s-sh,j-q-x	1
时世	shí shì	44181	s-sh	1
世传	shì chuán	44182	uan-uang,c-ch,s-sh	1
受赏	shòu shǎng	44183	an-ang,ao-ou,s-sh	1
输氧	shū yǎng	44184	an-ang,s-sh	1
霜花	shuāng huā	44186	uan-uang,ua-uo,s-sh,h-f	1
速射	sù shè	44188	s-sh	1
算式	suàn shì	44189	uan-uang,s-sh	1
趿拉	tā la	44190	n-l,r-l	3
叨扰	tāo rǎo	44191	ao-ou,r-l	1
套数	tào shù	44192	ao-ou,s-sh	1
铁汉	tiě hàn	44193	an-ang,ia-ie,h-f	1
土墩	tǔ dūn	44196		1
退热	tuì rè	44197	r-l	1
豚鼠	tún shǔ	44198	s-sh	1
碗柜	wǎn guì	44199	an-ang	1
腕儿	wàn er	44200	an-ang	1
显效	xiǎn xiào	44205	ian-iang,j-q-x	1
险棋	xiǎn qí	44206	ian-iang,j-q-x	1
现下	xiàn xià	44207	ian-iang,ia-ie,j-q-x	1
骁悍	xiāo hàn	44209	an-ang,h-f,j-q-x	3
消愁	xiāo chóu	44210	ao-ou,c-ch,j-q-x	1
小睡	xiǎo shuì	44211	s-sh,j-q-x	1
兴兵	xīng bīng	44212	in-ing,j-q-x	1
兴废	xīng fèi	44213	in-ing,ai-ei,h-f,j-q-x	1
杏核	xìng hé	44214	in-ing,h-f,j-q-x	1
雄兵	xióng bīng	44215	in-ing,j-q-x	1
玄奥	xuán ào	44216	uan-uang,ao-ou,j-q-x	1
冲账	chōng zhàng	44217	an-ang,z-zh,c-ch	1
悬垂	xuán chuí	44218	uan-uang,c-ch,j-q-x	1
严令	yán lìng	44220	in-ing,an-ang,n-l,r-l	1
爷儿	yé er	44225		1
椅垫	yǐ diàn	44227	ian-iang	1
荫蔽	yīn bì	44228	in-ing	1
应募	yìng mù	44231	in-ing	1
硬实	yìng shi	44232	in-ing,s-sh	1
犹大	yóu dà	44234	ao-ou	1
油垢	yóu gòu	44235	ao-ou	1
查私	chá sī	44237	c-ch,s-sh	1
乐理	yuè lǐ	44239	n-l,r-l	1
杂木	zá mù	44240	z-zh	1
赞礼	zàn lǐ	44241	an-ang,z-zh,n-l,r-l	1
展映	zhǎn yìng	44243	in-ing,an-ang,z-zh	1
罩衣	zhào yī	44244	ao-ou,z-zh	1
折损	zhé sǔn	44245	z-zh,s-sh	1
针脚	zhēn jiǎo	44246	en-eng,z-zh,j-q-x	1
中听	zhōng tīng	44249	in-ing,z-zh	1
珠翠	zhū cuì	44250	z-zh,c-ch	1
瞩望	zhǔ wàng	44251	an-ang,z-zh	1
注塑	zhù sù	44252	z-zh,s-sh	1
椎骨	zhuī gǔ	44253	z-zh	1
拙作	zhuō zuò	44255	ua-uo,z-zh	1
卓识	zhuó shí	44256	ua-uo,z-zh,s-sh	1
阻抗	zǔ kàng	44258	an-ang,z-zh	1
作兴	zuò xing	44259	in-ing,ua-uo,z-zh,j-q-x	1
拜贺	bài hè	44263	ai-ei,h-f	1
饱学	bǎo xué	44264	ao-ou,j-q-x	1
本旨	běn zhǐ	44266	en-eng,z-zh	1
逼债	bī zhài	44267	ai-ei,z-zh	1
边患	biān huàn	44268	ian-iang,uan-uang,h-f	1
变色	biàn sè	44270	ian-iang,s-sh	1
憋屈	biē qū	44271	ia-ie,j-q-x	1
秉政	bǐng zhèng	44273	en-eng,in-ing,z-zh	1
病家	bìng jiā	44274	in-ing,ia-ie,j-q-x	1
摒除	bìng chú	44275	in-ing,c-ch	3
裁夺	cái duó	44277	ai-ei,ua-uo,c-ch	1
蚕农	cán nóng	44278	an-ang,c-ch,n-l	1
惨象	cǎn xiàng	44279	an-ang,ian-iang,c-ch,j-q-x	1
舱面	cāng miàn	44280	an-ang,ian-iang,c-ch	1
槽子	cáo zi	44281	ao-ou,z-zh,c-ch	1
茶镜	chá jìng	44283	in-ing,c-ch,j-q-x	1
抄送	chāo sòng	44285	ao-ou,c-ch,s-sh	1
超值	chāo zhí	44286	ao-ou,z-zh,c-ch	1
沉潜	chén qián	44287	en-eng,ian-iang,c-ch,j-q-x	1
陈情	chén qíng	44288	en-eng,in-ing,c-ch,j-q-x	1
乘方	chéng fāng	44289	en-eng,an-ang,c-ch,h-f	1
重孙	chóng sūn	44291	c-ch,s-sh	1
抽风	chōu fēng	44292	en-eng,ao-ou,c-ch,h-f	1
船户	chuán hù	44294	uan-uang,c-ch,h-f	1
纯毛	chún máo	44295	ao-ou,c-ch	1
存世	cún shì	44296	c-ch,s-sh	1
寸头	cùn tóu	44297	ao-ou,c-ch	1
搭手	dā shǒu	44298	ao-ou,s-sh	1
打擂	dǎ lèi	44300	ai-ei,n-l,r-l	1
待批	dài pī	44303	ai-ei	1
到职	dào zhí	44304	ao-ou,z-zh	1
盗汗	dào hàn	44305	an-ang,ao-ou,h-f	1
电锯	diàn jù	44307	ian-iang,j-q-x	1
兜子	dōu zi	44309	ao-ou,z-zh	1
赌具	dǔ jù	44313	j-q-x	1
赌债	dǔ zhài	44314	ai-ei,z-zh	1
短笛	duǎn dí	44315	uan-uang	1
断想	duàn xiǎng	44316	ian-iang,uan-uang,j-q-x	1
屙屎	ē shǐ	44317	s-sh	3
恶念	è niàn	44318	ian-iang,n-l	1
饿鬼	è guǐ	44319		1
防弹	fáng dàn	44320	an-ang,h-f	1
费工	fèi gōng	44321	ai-ei,h-f	1
丰足	fēng zú	44322	en-eng,z-zh,h-f	1
斧凿	fǔ záo	44324	ao-ou,z-zh,h-f	1
高参	gāo cān	44326	an-ang,ao-ou,c-ch	1
各半	gè bàn	44330	an-ang	1
工读	gōng dú	44331		1
共犯	gòng fàn	44334	an-ang,h-f	1
谷草	gǔ cǎo	44336	ao-ou,c-ch	1
旱冰	hàn bīng	44338	in-ing,an-ang,h-f	1
豪兴	háo xìng	44339	in-ing,ao-ou,h-f,j-q-x	1
横蛮	hèng mán	44340	en-eng,an-ang,h-f	1
胡笳	hú jiā	44345	ia-ie,h-f,j-q-x	3
花斑	huā bān	44346	an-ang,ua-uo,h-f	1
花拳	huā quán	44347	uan-uang,ua-uo,h-f,j-q-x	1
欢跳	huān tiào	44350	uan-uang,h-f	1
皇历	huáng li	44351	uan-uang,n-l,h-f,r-l	1
昏聩	hūn kuì	44352	h-f	3
疾书	jí shū	44356	s-sh,j-q-x	1
碱地	jiǎn dì	44358	ian-iang,j-q-x	1
绞刑	jiǎo xíng	44360	in-ing,j-q-x	1
解约	jiě yuē	44361	ia-ie,j-q-x	1
戒尺	jiè chǐ	44362	ia-ie,c-ch,j-q-x	1
芥末	jiè mo	44363	ia-ie,j-q-x	1
井场	jǐng chǎng	44364	in-ing,an-ang,c-ch,j-q-x	1
巨细	jù xì	44365	j-q-x	1
考区	kǎo qū	44369	ao-ou,j-q-x	1
哭穷	kū qióng	44370	j-q-x	1
腊肠	là cháng	44371	an-ang,c-ch,n-l,r-l	1
蜡笔	là bǐ	44372	n-l,r-l	1
劳绩	láo jì	44373	ao-ou,n-l,r-l,j-q-x	1
立等	lì děng	44375	en-eng,n-l,r-l	1
粮秣	liáng mò	44376	ian-iang,n-l,r-l	3
咧咧	liē liē	44377	ia-ie,n-l,r-l	1
灵药	líng yào	44378	in-ing,ao-ou,n-l,r-l	1
龙舞	lóng wǔ	44380	n-l,r-l	1
辘辘	lù lù	44381	n-l,r-l	2
麻纱	má shā	44382	s-sh	1
马粪	mǎ fèn	44383	en-eng,h-f	1
铆钉	mǎo dīng	44385	in-ing,ao-ou	3
描眉	miáo méi	44387	ai-ei	1
摩丝	mó sī	44388	s-sh	1
磨人	mó rén	44389	en-eng,r-l	1
闹心	nào xīn	44391	in-ing,ao-ou,n-l,j-q-x	1
内里	nèi lǐ	44392	ai-ei,n-l,r-l	1
黏土	nián tǔ	44393	ian-iang,n-l	3
弄鬼	nòng guǐ	44394	n-l	1
怒色	nù sè	44395	s-sh,n-l	1
怕生	pà shēng	44396	en-eng,s-sh	1
拼力	pīn lì	44397	in-ing,n-l,r-l	1
奇文	qí wén	44398	en-eng,j-q-x	1
骑术	qí shù	44399	s-sh,j-q-x	1
起意	qǐ yì	44400	j-q-x	1
起子	qǐ zi	44401	z-zh,j-q-x	1
铅封	qiān fēng	44402	en-eng,ian-iang,h-f,j-q-x	1
前站	qián zhàn	44403	an-ang,ian-iang,z-zh,j-q-x	1
遣词	qiǎn cí	44404	ian-iang,c-ch,j-q-x	1
桥栏	qiáo lán	44405	an-ang,n-l,r-l,j-q-x	1
青帮	qīng bāng	44406	in-ing,an-ang,j-q-x	1
球路	qiú lù	44407	n-l,r-l,j-q-x	1
上臂	shàng bì	44412	an-ang,s-sh	1
伸腰	shēn yāo	44413	en-eng,ao-ou,s-sh	1
升力	shēng lì	44415	en-eng,s-sh,n-l,r-l	1
施暴	shī bào	44417	ao-ou,s-sh	1
施救	shī jiù	44418	s-sh,j-q-x	1
手板	shǒu bǎn	44420	an-ang,ao-ou,s-sh	1
守约	shǒu yuē	44421	ao-ou,s-sh	1
戍守	shù shǒu	44422	ao-ou,s-sh	3
双生	shuāng shēng	44423	en-eng,uan-uang,s-sh	1
水暖	shuǐ nuǎn	44424	uan-uang,s-sh,n-l	1
贪杯	tān bēi	44427	an-ang,ai-ei	1
谈开	tán kāi	44428	an-ang,ai-ei	1
汤锅	tāng guō	44429	an-ang,ua-uo	1
堂房	táng fáng	44430	an-ang,h-f	1
糖化	táng huà	44431	an-ang,ua-uo,h-f	1
停驶	tíng shǐ	44434	in-ing,s-sh	1
秃鹰	tū yīng	44436	in-ing	1
团旗	tuán qí	44437	uan-uang,j-q-x	1
推究	tuī jiū	44438	j-q-x	1
瓦刀	wà dāo	44439	ao-ou	1
外心	wài xīn	44440	in-ing,ai-ei,j-q-x	1
微雕	wēi diāo	44445	ai-ei	1
伪称	wěi chēng	44446	en-eng,ai-ei,c-ch	1
伪托	wěi tuō	44447	ai-ei,ua-uo	1
吻别	wěn bié	44448	en-eng,ia-ie	1
窝铺	wō pù	44449		1
误听	wù tīng	44450	in-ing	1
下潜	xià qián	44451	ian-iang,ia-ie,j-q-x	1
下渗	xià shèn	44452	en-eng,ia-ie,s-sh,j-q-x	1
娴雅	xián yǎ	44453	ian-iang,j-q-x	3
献宝	xiàn bǎo	44454	ian-iang,ao-ou,j-q-x	1
箱体	xiāng tǐ	44456	ian-iang,j-q-x	1
晓示	xiǎo shì	44458	s-sh,j-q-x	1
新异	xīn yì	44459	in-ing,j-q-x	1
旋舞	xuán wǔ	44460	uan-uang,j-q-x	1
窑顶	yáo dǐng	44464	in-ing,ao-ou	1
叶芽	yè yá	44465		1
夜叉	yè cha	44466	c-ch	1
易货	yì huò	44471	ua-uo,h-f	1
邮船	yóu chuán	44472	uan-uang,ao-ou,c-ch	1
油桐	yóu tóng	44473	ao-ou	1
原配	yuán pèi	44476	uan-uang,ai-ei	1
月老	yuè lǎo	44477	ao-ou,n-l,r-l	1
皂荚	zào jiá	44478	ao-ou,ia-ie,z-zh,j-q-x	3
债款	zhài kuǎn	44480	uan-uang,ai-ei,z-zh	1
争宠	zhēng chǒng	44485	en-eng,z-zh,c-ch	1
至当	zhì dàng	44488	an-ang,z-zh	1
终天	zhōng tiān	44489	ian-iang,z-zh	1
住读	zhù dú	44490	z-zh	1
贮运	zhù yùn	44491	z-zh	1
转递	zhuǎn dì	44492	uan-uang,z-zh	1
卓见	zhuó jiàn	44494	ian-iang,ua-uo,z-zh,j-q-x	1
醉话	zuì huà	44495	ua-uo,z-zh,h-f	1
作准	zuò zhǔn	44496	ua-uo,z-zh	1
碍眼	ài yǎn	44497	an-ang,ai-ei	1
巴巴	bā bā	44498		1
逼抢	bī qiǎng	44505	ian-iang,j-q-x	1
便餐	biàn cān	44506	an-ang,ian-iang,c-ch	1
跛足	bǒ zú	44507	z-zh	1
裁兵	cái bīng	44508	in-ing,ai-ei,c-ch	1
蚕蛹	cán yǒng	44509	an-ang,c-ch	3
察访	chá fǎng	44511	an-ang,c-ch,h-f	1
尝鲜	cháng xiān	44513	an-ang,ian-iang,c-ch,j-q-x	1
常压	cháng yā	44514	an-ang,c-ch	1
车铃	chē líng	44515	in-ing,c-ch,n-l,r-l	1
斥逐	chì zhú	44516	z-zh,c-ch	1
出列	chū liè	44519	ia-ie,c-ch,n-l,r-l	1
葱白	cōng bái	44520	ai-ei,c-ch	1
葱葱	cōng cōng	44521	c-ch	1
从良	cóng liáng	44522	ian-iang,c-ch,n-l,r-l	1
摧折	cuī zhé	44523	z-zh,c-ch	1
大站	dà zhàn	44528	an-ang,z-zh	1
待定	dài dìng	44529	in-ing,ai-ei	1
点兵	diǎn bīng	44532	in-ing,ian-iang	1
殿试	diàn shì	44534	ian-iang,s-sh	1
兜兜	dōu dou	44536	ao-ou	1
督阵	dū zhèn	44537	en-eng,z-zh	1
短浅	duǎn qiǎn	44538	ian-iang,uan-uang,j-q-x	1
遁形	dùn xíng	44539	in-ing,j-q-x	3
翻砂	fān shā	44542	an-ang,s-sh,h-f	1
反剪	fǎn jiǎn	44543	an-ang,ian-iang,h-f,j-q-x	1
反噬	fǎn shì	44544	an-ang,s-sh,h-f	3
方外	fāng wài	44545	an-ang,ai-ei,h-f	1
肥缺	féi quē	44548	ai-ei,h-f,j-q-x	1
讽谏	fěng jiàn	44549	en-eng,ian-iang,h-f,j-q-x	3
秆子	gǎn zi	44550	an-ang,z-zh	1
供状	gòng zhuàng	44552	uan-uang,z-zh	1
沟坎	gōu kǎn	44553	an-ang,ao-ou	1
够受	gòu shòu	44554	ao-ou,s-sh	1
媾和	gòu hé	44555	ao-ou,h-f	3
故纵	gù zòng	44557	z-zh	1
管段	guǎn duàn	44558	uan-uang	1
柜上	guì shang	44559	an-ang,s-sh	1
果酒	guǒ jiǔ	44560	ua-uo,j-q-x	1
含悲	hán bēi	44561	an-ang,ai-ei,h-f	1
豪侠	háo xiá	44563	ao-ou,ia-ie,h-f,j-q-x	1
耗损	hào sǔn	44564	ao-ou,s-sh,h-f	1
虹膜	hóng mó	44565	h-f	1
后赵	hòu zhào	44566	ao-ou,z-zh,h-f	1
花墙	huā qiáng	44568	ian-iang,ua-uo,h-f,j-q-x	1
滑车	huá chē	44569	ua-uo,c-ch,h-f	1
划价	huà jià	44571	ia-ie,ua-uo,h-f,j-q-x	1
还口	huán kǒu	44572	uan-uang,ao-ou,h-f	1
环子	huán zi	44573	uan-uang,z-zh,h-f	1
秽气	huì qì	44576	h-f,j-q-x	1
昏眩	hūn xuàn	44577	uan-uang,h-f,j-q-x	3
混养	hùn yǎng	44578	an-ang,h-f	1
火眼	huǒ yǎn	44579	an-ang,ua-uo,h-f	1
家严	jiā yán	44580	an-ang,ia-ie,j-q-x	1
江天	jiāng tiān	44581	ian-iang,j-q-x	1
酱肉	jiàng ròu	44582	ian-iang,ao-ou,r-l,j-q-x	1
脚盆	jiǎo pén	44583	en-eng,j-q-x	1
金印	jīn yìn	44584	in-ing,j-q-x	1
经期	jīng qī	44585	in-ing,j-q-x	1
救难	jiù nán	44586	an-ang,n-l,j-q-x	1
狂想	kuáng xiǎng	44590	ian-iang,uan-uang,j-q-x	1
鲲鹏	kūn péng	44591	en-eng	3
蜡人	là rén	44592	en-eng,n-l,r-l	1
犁杖	lí zhang	44595	an-ang,z-zh,n-l,r-l	1
立约	lì yuē	44597	n-l,r-l	1
獠牙	liáo yá	44598	n-l,r-l	3
令爱	lìng ài	44599	in-ing,ai-ei,n-l,r-l	1
流俗	liú sú	44600	s-sh,n-l,r-l	1
楼区	lóu qū	44602	ao-ou,n-l,r-l,j-q-x	1
锚地	máo dì	44605	ao-ou	1
弥陀	mí tuó	44606	ua-uo	3
秘闻	mì wén	44607	en-eng	1
名儒	míng rú	44609	in-ing,r-l	1
明志	míng zhì	44610	in-ing,z-zh	1
磨制	mó zhì	44611	z-zh	1
魔头	mó tóu	44612	ao-ou	1
纳新	nà xīn	44614	in-ing,n-l,j-q-x	1
南货	nán huò	44615	an-ang,ua-uo,n-l,h-f	1
睨视	nì shì	44617	s-sh,n-l	3
年庚	nián gēng	44618	en-eng,ian-iang,n-l	1
农友	nóng yǒu	44619	ao-ou,n-l	1
偶感	ǒu gǎn	44620	an-ang,ao-ou	1
藕粉	ǒu fěn	44621	en-eng,ao-ou,h-f	1
配餐	pèi cān	44622	an-ang,ai-ei,c-ch	1
批条	pī tiáo	44623		1
皮尺	pí chǐ	44624	c-ch	1
疲态	pí tài	44625	ai-ei	1
破财	pò cái	44627	ai-ei,c-ch	1
浅见	qiǎn jiàn	44630	ian-iang,j-q-x	1
琴书	qín shū	44631	in-ing,s-sh,j-q-x	1
勤谨	qín jin	44632	in-ing,j-q-x	1
趣话	qù huà	44634	ua-uo,h-f,j-q-x	1
劝勉	quàn miǎn	44635	ian-iang,uan-uang,j-q-x	1
溶溶	róng róng	44637	r-l	1
柔滑	róu huá	44638	ao-ou,ua-uo,h-f,r-l	1
入汛	rù xùn	44639	r-l,j-q-x	1
三副	sān fù	44640	an-ang,s-sh,h-f	1
少陪	shǎo péi	44642	ai-ei,ao-ou,s-sh	1
赊欠	shē qiàn	44644	ian-iang,s-sh,j-q-x	3
射猎	shè liè	44645	ia-ie,s-sh,n-l,r-l	1
深湛	shēn zhàn	44646	en-eng,an-ang,z-zh,s-sh	3
生造	shēng zào	44647	en-eng,ao-ou,z-zh,s-sh	1
实据	shí jù	44648	s-sh,j-q-x	1
世族	shì zú	44650	z-zh,s-sh	1
收心	shōu xīn	44651	in-ing,ao-ou,s-sh,j-q-x	1
守敌	shǒu dí	44652	ao-ou,s-sh	1
属员	shǔ yuán	44655	uan-uang,s-sh	1
帅旗	shuài qí	44656	s-sh,j-q-x	1
息讼	xī sòng	44657	s-sh,j-q-x	1
孀妇	shuāng fù	44658	uan-uang,s-sh,h-f	3
思凡	sī fán	44660	an-ang,s-sh,h-f	1
撕票	sī piào	44661	s-sh	1
死硬	sǐ yìng	44662	in-ing,s-sh	1
缩编	suō biān	44663	ian-iang,ua-uo,s-sh	1
贪嘴	tān zuǐ	44664	an-ang,z-zh	1
掏摸	tāo mō	44665	ao-ou	1
天火	tiān huǒ	44667	ian-iang,ua-uo,h-f	1
天球	tiān qiú	44668	ian-iang,j-q-x	1
跳梁	tiào liáng	44669	ian-iang,n-l,r-l	1
劫杀	jié shā	44670	ia-ie,s-sh,j-q-x	1
蛾眉	é méi	44671	ai-ei	1
停薪	tíng xīn	44672	in-ing,j-q-x	1
停学	tíng xué	44673	in-ing,j-q-x	1
缴交	jiǎo jiāo	44674	j-q-x	1
通牒	tōng dié	44675	ia-ie	3
秃笔	tū bǐ	44676		1
外敷	wài fū	44677	ai-ei,h-f	1
魍魉	wǎng liǎng	44678	an-ang,ian-iang,n-l,r-l	2
尾数	wěi shù	44680	ai-ei,s-sh	1
乌青	wū qīng	44682	in-ing,j-q-x	1
席次	xí cì	44686	c-ch,j-q-x	1
细瓷	xì cí	44687	c-ch,j-q-x	1
厨柜	chú guì	44689	c-ch	1
现眼	xiàn yǎn	44690	an-ang,ian-iang,j-q-x	1
线香	xiàn xiāng	44691	ian-iang,j-q-x	1
详谈	xiáng tán	44692	an-ang,ian-iang,j-q-x	1
萧墙	xiāo qiáng	44693	ian-iang,j-q-x	1
萧疏	xiāo shū	44694	s-sh,j-q-x	1
笑貌	xiào mào	44696	ao-ou,j-q-x	1
泄恨	xiè hèn	44697	en-eng,ia-ie,h-f,j-q-x	1
卸妆	xiè zhuāng	44698	uan-uang,ia-ie,z-zh,j-q-x	1
兴替	xīng tì	44700	in-ing,j-q-x	1
雄黄	xióng huáng	44701	uan-uang,h-f,j-q-x	1
修治	xiū zhì	44702	z-zh,j-q-x	1
修竹	xiū zhú	44703	z-zh,j-q-x	1
续订	xù dìng	44704	in-ing,j-q-x	1
学舌	xué shé	44705	s-sh,j-q-x	1
寻亲	xún qīn	44706	in-ing,j-q-x	1
巡夜	xún yè	44707	j-q-x	1
压库	yā kù	44708		1
验货	yàn huò	44709	an-ang,ua-uo,h-f	1
验血	yàn xiě	44710	an-ang,ia-ie,j-q-x	1
洋红	yáng hóng	44711	an-ang,h-f	1
药农	yào nóng	44713	ao-ou,n-l	1
以次	yǐ cì	44714	c-ch	1
意表	yì biǎo	44715		1
意态	yì tài	44716	ai-ei	1
银质	yín zhì	44717	in-ing,z-zh	1
咏唱	yǒng chàng	44719	an-ang,c-ch	1
挂单	guà dān	44720	an-ang,ua-uo	1
游勇	yóu yǒng	44721	ao-ou	1
有顷	yǒu qǐng	44723	in-ing,ao-ou,j-q-x	1
诱捕	yòu bǔ	44725	ao-ou	1
愚顽	yú wán	44726	an-ang	1
愚忠	yú zhōng	44727	z-zh	1
则声	zé shēng	44729	en-eng,z-zh,s-sh	1
贼眼	zéi yǎn	44730	an-ang,ai-ei,z-zh	1
曾祖	zēng zǔ	44731	en-eng,z-zh	1
摘发	zhāi fā	44732	ai-ei,z-zh,h-f	1
栈房	zhàn fáng	44734	an-ang,z-zh,h-f	1
知底	zhī dǐ	44736	z-zh	1
种马	zhǒng mǎ	44738	z-zh	1
主脑	zhǔ nǎo	44739	ao-ou,z-zh,n-l	1
浊水	zhuó shuǐ	44741	ua-uo,z-zh,s-sh	1
走板	zǒu bǎn	44744	an-ang,ao-ou,z-zh	1
卒业	zú yè	44746	z-zh	1
癌肿	ái zhǒng	44748	ai-ei,z-zh	1
靶心	bǎ xīn	44749	in-ing,j-q-x	1
稗子	bài zi	44751	ai-ei,z-zh	3
板牙	bǎn yá	44752	an-ang	1
胞妹	bāo mèi	44754	ai-ei,ao-ou	1
笔误	bǐ wù	44756		1
边框	biān kuàng	44757	ian-iang,uan-uang	1
冰刀	bīng dāo	44758	in-ing,ao-ou	1
冰花	bīng huā	44759	in-ing,ua-uo,h-f	1
哺养	bǔ yǎng	44760	an-ang	1
拆封	chāi fēng	44763	en-eng,ai-ei,c-ch,h-f	1
谄谀	chǎn yú	44764	an-ang,c-ch	2
扯平	chě píng	44766	in-ing,c-ch	1
辰光	chén guāng	44767	en-eng,uan-uang,c-ch	1
成日	chéng rì	44768	en-eng,c-ch,r-l	1
承想	chéng xiǎng	44769	en-eng,ian-iang,c-ch,j-q-x	1
吃客	chī kè	44770	c-ch	1
持论	chí lùn	44771	c-ch,n-l,r-l	1
创痕	chuāng hén	44773	en-eng,uan-uang,c-ch,h-f	1
创演	chuàng yǎn	44774	an-ang,uan-uang,c-ch	1
蠢话	chǔn huà	44776	ua-uo,c-ch,h-f	1
翠玉	cuì yù	44777	c-ch	1
大样	dà yàng	44781	an-ang	1
盗卖	dào mài	44782	ai-ei,ao-ou	1
嫡传	dí chuán	44783	uan-uang,c-ch	3
抵罪	dǐ zuì	44784	z-zh	1
地峡	dì xiá	44785	ia-ie,j-q-x	1
冬宫	dōng gōng	44787		1
动问	dòng wèn	44788	en-eng	1
夺占	duó zhàn	44790	an-ang,ua-uo,z-zh	1
发饷	fā xiǎng	44791	ian-iang,h-f,j-q-x	3
繁体	fán tǐ	44792	an-ang,h-f	1
反话	fǎn huà	44793	an-ang,ua-uo,h-f	1
芳邻	fāng lín	44794	in-ing,an-ang,n-l,h-f,r-l	1
废票	fèi piào	44796	ai-ei,h-f	1
疯人	fēng rén	44799	en-eng,h-f,r-l	1
蜂箱	fēng xiāng	44800	en-eng,ian-iang,h-f,j-q-x	1
蜉蝣	fú yóu	44801	ao-ou,h-f	2
赶脚	gǎn jiǎo	44802	an-ang,j-q-x	1
高堂	gāo táng	44804	an-ang,ao-ou	1
割胶	gē jiāo	44805	j-q-x	1
珙桐	gǒng tóng	44806		3
焊缝	hàn fèng	44810	en-eng,an-ang,h-f	1
禾场	hé cháng	44811	an-ang,c-ch,h-f	1
横匾	héng biǎn	44813	en-eng,ian-iang,h-f	1
后晋	hòu jìn	44814	in-ing,ao-ou,h-f,j-q-x	1
呼隆	hū lōng	44815	n-l,h-f,r-l	1
胡麻	hú má	44817	h-f	1
护佑	hù yòu	44818	ao-ou,h-f	1
荒丘	huāng qiū	44819	uan-uang,h-f,j-q-x	1
挥鞭	huī biān	44820	ian-iang,h-f	1
获选	huò xuǎn	44822	uan-uang,ua-uo,h-f,j-q-x	1
讥嘲	jī cháo	44823	ao-ou,c-ch,j-q-x	1
继业	jì yè	44824	j-q-x	1
减震	jiǎn zhèn	44825	en-eng,ian-iang,z-zh,j-q-x	1
酱缸	jiàng gāng	44827	an-ang,ian-iang,j-q-x	1
交底	jiāo dǐ	44828	j-q-x	1
接听	jiē tīng	44830	in-ing,ia-ie,j-q-x	1
街角	jiē jiǎo	44831	ia-ie,j-q-x	1
劫狱	jié yù	44832	ia-ie,j-q-x	1
截稿	jié gǎo	44834	ao-ou,ia-ie,j-q-x	1
解乏	jiě fá	44835	ia-ie,h-f,j-q-x	1
经纶	jīng lún	44837	in-ing,n-l,r-l,j-q-x	3
旧案	jiù àn	44839	an-ang,j-q-x	1
抗暴	kàng bào	44840	an-ang,ao-ou	1
口型	kǒu xíng	44841	in-ing,ao-ou,j-q-x	1
叩问	kòu wèn	44842	en-eng,ao-ou	1
酷烈	kù liè	44843	ia-ie,n-l,r-l	1
连翘	lián qiáo	44848	ian-iang,n-l,r-l,j-q-x	1
磷火	lín huǒ	44850	in-ing,ua-uo,n-l,h-f,r-l	1
陵寝	líng qǐn	44851	in-ing,n-l,r-l,j-q-x	1
霉气	méi qì	44858	ai-ei,j-q-x	1
民变	mín biàn	44859	in-ing,ian-iang	1
南拳	nán quán	44860	an-ang,uan-uang,n-l,j-q-x	1
嫩白	nèn bái	44862	en-eng,ai-ei,n-l	1
脓包	nóng bāo	44863	ao-ou,n-l	1
挪步	nuó bù	44864	ua-uo,n-l	1
泡吧	pào bā	44866	ao-ou	1
皮纸	pí zhǐ	44867	z-zh	1
偏信	piān xìn	44868	in-ing,ian-iang,j-q-x	1
平绒	píng róng	44869	in-ing,r-l	1
弃学	qì xué	44872	j-q-x	1
铅丝	qiān sī	44873	ian-iang,s-sh,j-q-x	1
侨汇	qiáo huì	44874	h-f,j-q-x	1
琴瑟	qín sè	44876	in-ing,s-sh,j-q-x	1
倾耳	qīng ěr	44878	in-ing,j-q-x	1
请调	qǐng diào	44879	in-ing,j-q-x	1
囚牢	qiú láo	44881	ao-ou,n-l,r-l,j-q-x	1
求欢	qiú huān	44882	uan-uang,h-f,j-q-x	1
驱策	qū cè	44883	c-ch,j-q-x	1
全托	quán tuō	44884	uan-uang,ua-uo,j-q-x	1
缺编	quē biān	44885	ian-iang,j-q-x	1
色狼	sè láng	44888	an-ang,s-sh,n-l,r-l	1
沙荒	shā huāng	44889	uan-uang,s-sh,h-f	1
沙枣	shā zǎo	44890	ao-ou,z-zh,s-sh	1
设色	shè sè	44893	s-sh	1
神勇	shén yǒng	44894	en-eng,s-sh	1
审察	shěn chá	44895	en-eng,c-ch,s-sh	1
审改	shěn gǎi	44896	en-eng,ai-ei,s-sh	1
声源	shēng yuán	44897	en-eng,uan-uang,s-sh	1
师传	shī chuán	44898	uan-uang,c-ch,s-sh	1
湿疹	shī zhěn	44899	en-eng,z-zh,s-sh	1
嗜血	shì xuè	44901	s-sh,j-q-x	1
收揽	shōu lǎn	44902	an-ang,ao-ou,s-sh,n-l,r-l	1
手柄	shǒu bǐng	44903	in-ing,ao-ou,s-sh	1
手链	shǒu liàn	44904	ian-iang,ao-ou,s-sh,n-l,r-l	1
手痒	shǒu yǎng	44905	an-ang,ao-ou,s-sh	1
首级	shǒu jí	44906	ao-ou,s-sh,j-q-x	1
嘶喊	sī hǎn	44908	an-ang,s-sh,h-f	1
送丧	sòng sāng	44909	an-ang,s-sh	1
素白	sù bái	44911	ai-ei,s-sh	1
素日	sù rì	44912	s-sh,r-l	1
遂心	suì xīn	44913	in-ing,s-sh,j-q-x	1
瘫子	tān zi	44915	an-ang,z-zh	1
套曲	tào qǔ	44916	ao-ou,j-q-x	1
套印	tào yìn	44917	in-ing,ao-ou	1
天趣	tiān qù	44918	ian-iang,j-q-x	1
通性	tōng xìng	44921	in-ing,j-q-x	1
统包	tǒng bāo	44922	ao-ou	1
统销	tǒng xiāo	44923	j-q-x	1
投生	tóu shēng	44924	en-eng,ao-ou,s-sh	1
图利	tú lì	44925	n-l,r-l	1
土坝	tǔ bà	44926		1
脱盲	tuō máng	44928	an-ang,ua-uo	1
温湿	wēn shī	44930	en-eng,s-sh	1
翁婿	wēng xù	44932	en-eng,j-q-x	1
习艺	xí yì	44935	j-q-x	1
细目	xì mù	44936	j-q-x	1
罅隙	xià xì	44937	ia-ie,j-q-x	3
线圈	xiàn quān	44938	ian-iang,uan-uang,j-q-x	1
湘绣	xiāng xiù	44941	ian-iang,j-q-x	1
斜街	xié jiē	44942	ia-ie,j-q-x	1
斜井	xié jǐng	44943	in-ing,ia-ie,j-q-x	1
信女	xìn nǚ	44944	in-ing,n-l,j-q-x	1
续娶	xù qǔ	44947	j-q-x	1
续约	xù yuē	44948	j-q-x	1
选录	xuǎn lù	44949	uan-uang,n-l,r-l,j-q-x	1
烟膏	yān gāo	44950	an-ang,ao-ou	1
岩心	yán xīn	44951	in-ing,an-ang,j-q-x	1
阳世	yáng shì	44953	an-ang,s-sh	1
咬合	yǎo hé	44954	ao-ou,h-f	1
药棉	yào mián	44955	ian-iang,ao-ou	1
要略	yào lüè	44956	ao-ou,n-l,r-l	1
益寿	yì shòu	44961	ao-ou,s-sh	1
益友	yì yǒu	44962	ao-ou	1
阴德	yīn dé	44963	in-ing	1
淫欲	yín yù	44964	in-ing	1
硬功	yìng gōng	44965	in-ing	1
优价	yōu jià	44967	ao-ou,ia-ie,j-q-x	1
幽魂	yōu hún	44968	ao-ou,h-f	1
油矿	yóu kuàng	44969	uan-uang,ao-ou	1
油嘴	yóu zuǐ	44970	ao-ou,z-zh	1
友邻	yǒu lín	44971	in-ing,ao-ou,n-l,r-l	1
有染	yǒu rǎn	44972	an-ang,ao-ou,r-l	1
浴液	yù yè	44974		1
陨星	yǔn xīng	44975	in-ing,j-q-x	1
杂处	zá chǔ	44976	z-zh,c-ch	1
杂牌	zá pái	44977	ai-ei,z-zh	1
杂书	zá shū	44978	z-zh,s-sh	1
枣核	zǎo hé	44979	ao-ou,z-zh,h-f	1
账款	zhàng kuǎn	44981	an-ang,uan-uang,z-zh	1
整训	zhěng xùn	44983	en-eng,z-zh,j-q-x	1
支派	zhī pài	44984	ai-ei,z-zh	1
纸捻	zhǐ niǎn	44986	ian-iang,z-zh,n-l	1
治山	zhì shān	44987	an-ang,z-zh,s-sh	1
竹凳	zhú dèng	44988	en-eng,z-zh	1
妆饰	zhuāng shì	44990	uan-uang,z-zh,s-sh	1
拙笨	zhuō bèn	44992	en-eng,ua-uo,z-zh	1
纵论	zòng lùn	44993	z-zh,n-l,r-l	1
卒子	zú zi	44995	z-zh	1
哀泣	āi qì	44998	ai-ei,j-q-x	1
安寝	ān qǐn	45000	in-ing,an-ang,j-q-x	1
白热	bái rè	45002	ai-ei,r-l	1
白头	bái tóu	45003	ai-ei,ao-ou	1
办货	bàn huò	45004	an-ang,ua-uo,h-f	1
报幕	bào mù	45005	ao-ou	1
崩解	bēng jiě	45006	en-eng,ia-ie,j-q-x	1
冰排	bīng pái	45008	in-ing,ai-ei	1
痴爱	chī ài	45009	ai-ei,c-ch	1
补差	bǔ chā	45010	c-ch	1
参试	cān shì	45012	an-ang,c-ch,s-sh	1
残败	cán bài	45013	an-ang,ai-ei,c-ch	1
残照	cán zhào	45014	an-ang,ao-ou,z-zh,c-ch	1
惨景	cǎn jǐng	45016	in-ing,an-ang,c-ch,j-q-x	1
茶匙	chá chí	45017	c-ch	1
拆线	chāi xiàn	45018	ian-iang,ai-ei,c-ch,j-q-x	1
长号	cháng hào	45019	an-ang,ao-ou,c-ch,h-f	1
抄没	chāo mò	45021	ao-ou,c-ch	1
车辕	chē yuán	45023	uan-uang,c-ch	3
成夜	chéng yè	45024	en-eng,c-ch	1
迟慢	chí màn	45027	an-ang,c-ch	1
翅子	chì zi	45028	z-zh,c-ch	1
崇洋	chóng yáng	45029	an-ang,c-ch	1
丑类	chǒu lèi	45030	ai-ei,ao-ou,c-ch,n-l,r-l	1
触网	chù wǎng	45031	an-ang,c-ch	1
串案	chuàn àn	45032	an-ang,uan-uang,c-ch	1
串换	chuàn huàn	45033	uan-uang,c-ch,h-f	1
创议	chuàng yì	45034	uan-uang,c-ch	1
粗率	cū shuài	45035	c-ch,s-sh	1
翠微	cuì wēi	45036	ai-ei,c-ch	1
搭班	dā bān	45037	an-ang	1
答允	dā yǔn	45038		1
代耕	dài gēng	45042	en-eng,ai-ei	1
刀架	dāo jià	45045	ao-ou,ia-ie,j-q-x	1
嫡子	dí zǐ	45048	z-zh	3
抵命	dǐ mìng	45049	in-ing	1
电闸	diàn zhá	45050	ian-iang,z-zh	1
吊顶	diào dǐng	45051	in-ing	1
吊桶	diào tǒng	45052		1
妒火	dù huǒ	45054	ua-uo,h-f	1
屙尿	ē niào	45056	n-l	3
恶骂	è mà	45057		1
耳塞	ěr sāi	45058	ai-ei,s-sh	1
发轫	fā rèn	45059	en-eng,h-f,r-l	3
发夹	fà jiā	45060	ia-ie,h-f,j-q-x	1
发奶	fā nǎi	45061	ai-ei,n-l,h-f	1
繁难	fán nán	45062	an-ang,n-l,h-f	1
犯禁	fàn jìn	45063	in-ing,an-ang,h-f,j-q-x	1
芳泽	fāng zé	45064	an-ang,z-zh,h-f	1
防蛀	fáng zhù	45065	an-ang,z-zh,h-f	1
房事	fáng shì	45066	an-ang,s-sh,h-f	1
非特	fēi tè	45067	ai-ei,h-f	1
服众	fú zhòng	45069	z-zh,h-f	1
微轿	wēi jiào	45070	ai-ei,j-q-x	1
腐乳	fǔ rǔ	45071	h-f,r-l	1
复验	fù yàn	45072	an-ang,h-f	1
改期	gǎi qī	45073	ai-ei,j-q-x	1
概览	gài lǎn	45074	an-ang,ai-ei,n-l,r-l	1
干尸	gān shī	45075	an-ang,s-sh	1
高腔	gāo qiāng	45076	ian-iang,ao-ou,j-q-x	1
告罪	gào zuì	45077	ao-ou,z-zh	1
宫苑	gōng yuàn	45078	uan-uang	1
供称	gòng chēng	45079	en-eng,c-ch	1
狗鱼	gǒu yú	45080	ao-ou	1
估测	gū cè	45081	c-ch	1
股骨	gǔ gǔ	45082		1
怪调	guài diào	45085		1
归拢	guī lǒng	45088	n-l,r-l	1
海象	hǎi xiàng	45091	ian-iang,ai-ei,h-f,j-q-x	1
氦气	hài qì	45092	ai-ei,h-f,j-q-x	3
涵闸	hán zhá	45093	an-ang,z-zh,h-f	1
合照	hé zhào	45095	ao-ou,z-zh,h-f	1
黑店	hēi diàn	45097	ian-iang,ai-ei,h-f	1
横额	héng é	45098	en-eng,h-f	1
横死	hèng sǐ	45099	en-eng,s-sh,h-f	1
宏旨	hóng zhǐ	45100	z-zh,h-f	1
集贸	jí mào	45107	ao-ou,j-q-x	1
佳偶	jiā ǒu	45108	ao-ou,ia-ie,j-q-x	1
家院	jiā yuàn	45109	uan-uang,ia-ie,j-q-x	1
见称	jiàn chēng	45110	en-eng,ian-iang,c-ch,j-q-x	1
结存	jié cún	45112	ia-ie,c-ch,j-q-x	1
金钗	jīn chāi	45114	in-ing,ai-ei,c-ch,j-q-x	3
金曲	jīn qǔ	45115	in-ing,j-q-x	1
仅见	jǐn jiàn	45116	in-ing,ian-iang,j-q-x	1
经略	jīng lüè	45117	in-ing,n-l,r-l,j-q-x	1
竞销	jìng xiāo	45119	in-ing,j-q-x	1
酒令	jiǔ lìng	45120	in-ing,n-l,r-l,j-q-x	1
俊逸	jùn yì	45122	j-q-x	1
开弓	kāi gōng	45123	ai-ei	1
烤炉	kǎo lú	45124	ao-ou,n-l,r-l	1
口腹	kǒu fù	45126	ao-ou,h-f	1
快嘴	kuài zuǐ	45128	z-zh	1
哐啷	kuāng lāng	45129	an-ang,uan-uang,n-l,r-l	2
括弧	kuò hú	45130	ua-uo,h-f	1
狼疮	láng chuāng	45132	an-ang,uan-uang,c-ch,n-l,r-l	1
犁头	lí tóu	45134	ao-ou,n-l,r-l	1
礼单	lǐ dān	45135	an-ang,n-l,r-l	1
立脚	lì jiǎo	45136	n-l,r-l,j-q-x	1
良言	liáng yán	45137	an-ang,ian-iang,n-l,r-l	1
芦根	lú gēn	45140	en-eng,n-l,r-l	1
炉灰	lú huī	45141	n-l,h-f,r-l	1
慢坡	màn pō	45143	an-ang	1
门联	mén lián	45145	en-eng,ian-iang,n-l,r-l	1
免礼	miǎn lǐ	45146	ian-iang,n-l,r-l	1
面馆	miàn guǎn	45147	ian-iang,uan-uang	1
念物	niàn wù	45150	ian-iang,n-l	1
牛劲	niú jìn	45151	in-ing,n-l,j-q-x	1
配搭	pèi dā	45152	ai-ei	1
辔头	pèi tóu	45153	ai-ei,ao-ou	3
皮张	pí zhāng	45155	an-ang,z-zh	1
蒲包	pú bāo	45156	ao-ou	1
奇谋	qí móu	45158	ao-ou,j-q-x	1
起锅	qǐ guō	45159	ua-uo,j-q-x	1
浅淡	qiǎn dàn	45162	an-ang,ian-iang,j-q-x	1
强夺	qiáng duó	45163	ian-iang,ua-uo,j-q-x	1
强记	qiáng jì	45164	ian-iang,j-q-x	1
抢答	qiǎng dá	45165	ian-iang,j-q-x	1
切望	qiè wàng	45167	an-ang,ia-ie,j-q-x	1
清浊	qīng zhuó	45169	in-ing,ua-uo,z-zh,j-q-x	1
秋光	qiū guāng	45170	uan-uang,j-q-x	1
秋汛	qiū xùn	45171	j-q-x	1
染缸	rǎn gāng	45172	an-ang,r-l	1
肉桂	ròu guì	45177	ao-ou,r-l	1
跟车	gēn chē	45178	en-eng,c-ch	1
肉泥	ròu ní	45179	ao-ou,n-l,r-l	1
入保	rù bǎo	45181	ao-ou,r-l	1
入彀	rù gòu	45182	ao-ou,r-l	3
软膏	ruǎn gāo	45183	uan-uang,ao-ou,r-l	1
散戏	sàn xì	45185	an-ang,s-sh,j-q-x	1
闪击	shǎn jī	45186	an-ang,s-sh,j-q-x	1
缮写	shàn xiě	45187	an-ang,ia-ie,s-sh,j-q-x	3
伤号	shāng hào	45188	an-ang,ao-ou,s-sh,h-f	1
奢求	shē qiú	45189	s-sh,j-q-x	1
说亲	shuō qīn	45197	in-ing,ua-uo,s-sh,j-q-x	1
俗谚	sú yàn	45199	an-ang,s-sh	1
胎教	tāi jiào	45200	ai-ei,j-q-x	1
太阴	tài yīn	45201	in-ing,ai-ei	1
汤包	tāng bāo	45202	an-ang,ao-ou	1
堂姐	táng jiě	45203	an-ang,ia-ie,j-q-x	1
提兜	tí dōu	45204	ao-ou	1
跳棋	tiào qí	45206	j-q-x	1
统舱	tǒng cāng	45208	an-ang,c-ch	1
痛悼	tòng dào	45209	ao-ou	1
屯守	tún shǒu	45210	ao-ou,s-sh	1
晚近	wǎn jìn	45211	in-ing,an-ang,j-q-x	1
网子	wǎng zi	45212	an-ang,z-zh	1
妄念	wàng niàn	45213	an-ang,ian-iang,n-l	1
味蕾	wèi lěi	45215	ai-ei,n-l,r-l	1
蓊郁	wěng yù	45216	en-eng	3
污迹	wū jì	45217	j-q-x	1
侮蔑	wǔ miè	45219	ia-ie	1
锡箔	xī bó	45220	j-q-x	3
戏码	xì mǎ	45222	j-q-x	1
相悦	xiāng yuè	45223	ian-iang,j-q-x	1
蟹黄	xiè huáng	45224	uan-uang,ia-ie,h-f,j-q-x	1
行色	xíng sè	45226	in-ing,s-sh,j-q-x	1
袖头	xiù tóu	45229	ao-ou,j-q-x	1
悬吊	xuán diào	45230	uan-uang,j-q-x	1
寻问	xún wèn	45231	en-eng,j-q-x	1
咽炎	yān yán	45233	an-ang	1
俨如	yǎn rú	45234	an-ang,r-l	3
样片	yàng piàn	45236	an-ang,ian-iang	1
吆唤	yāo huàn	45237	uan-uang,ao-ou,h-f	1
页码	yè mǎ	45238		1
义工	yì gōng	45244		1
异闻	yì wén	45245	en-eng	1
鹰爪	yīng zhǎo	45246	in-ing,ao-ou,z-zh	1
萤光	yíng guāng	45247	in-ing,uan-uang	1
油棕	yóu zōng	45248	ao-ou,z-zh	1
鱼饵	yú ěr	45250		1
玉体	yù tǐ	45252		1
预卜	yù bǔ	45253		1
预检	yù jiǎn	45254	ian-iang,j-q-x	1
粤菜	yuè cài	45257	ai-ei,c-ch	1
韵事	yùn shì	45258	s-sh	1
灾年	zāi nián	45259	ian-iang,ai-ei,z-zh,n-l	1
招祸	zhāo huò	45261	ao-ou,ua-uo,z-zh,h-f	1
着魔	zháo mó	45262	ao-ou,z-zh	1
照拂	zhào fú	45263	ao-ou,z-zh,h-f	1
疹子	zhěn zi	45264	en-eng,z-zh	1
正楷	zhèng kǎi	45265	en-eng,ai-ei,z-zh	1
正论	zhèng lùn	45266	en-eng,z-zh,n-l,r-l	1
支脉	zhī mài	45268	ai-ei,z-zh	1
趾甲	zhǐ jiǎ	45271	ia-ie,z-zh,j-q-x	1
众说	zhòng shuō	45273	ua-uo,z-zh,s-sh	1
重残	zhòng cán	45274	an-ang,z-zh,c-ch	1
竹马	zhú mǎ	45275	z-zh	1
助燃	zhù rán	45276	an-ang,z-zh,r-l	1
子爵	zǐ jué	45279	z-zh,j-q-x	1
斑痕	bān hén	45283	en-eng,an-ang,h-f	1
绊子	bàn zi	45284	an-ang,z-zh	1
刨花	bào huā	45286	ao-ou,ua-uo,h-f	1
背光	bèi guāng	45288	uan-uang,ai-ei	1
比兴	bǐ xìng	45289	in-ing,j-q-x	1
避忌	bì jì	45290	j-q-x	1
辩才	biàn cái	45291	ian-iang,ai-ei,c-ch	1
驳杂	bó zá	45294	z-zh	1
财迷	cái mí	45297	ai-ei,c-ch	1
婵娟	chán juān	45298	an-ang,uan-uang,c-ch,j-q-x	3
敞篷	chǎng péng	45299	en-eng,an-ang,c-ch	1
超龄	chāo líng	45300	in-ing,ao-ou,c-ch,n-l,r-l	1
陈诉	chén sù	45301	en-eng,c-ch,s-sh	1
痴望	chī wàng	45304	an-ang,c-ch	1
斥退	chì tuì	45305	c-ch	1
臭美	chòu měi	45306	ai-ei,ao-ou,c-ch	1
出丧	chū sāng	45307	an-ang,c-ch,s-sh	1
初升	chū shēng	45308	en-eng,c-ch,s-sh	1
催讨	cuī tǎo	45313	ao-ou,c-ch	1
存户	cún hù	45314	c-ch,h-f	1
大寒	dà hán	45317	an-ang,h-f	1
弹孔	dàn kǒng	45319	an-ang	1
刀背	dāo bèi	45320	ai-ei,ao-ou	1
稻壳	dào ké	45321	ao-ou	1
稻苗	dào miáo	45322	ao-ou	1
等次	děng cì	45323	en-eng,c-ch	1
点验	diǎn yàn	45327	an-ang,ian-iang	1
碉楼	diāo lóu	45330	ao-ou,n-l,r-l	3
洞见	dòng jiàn	45331	ian-iang,j-q-x	1
斗车	dǒu chē	45332	ao-ou,c-ch	1
豆面	dòu miàn	45333	ian-iang,ao-ou	1
短训	duǎn xùn	45335	uan-uang,j-q-x	1
断乎	duàn hū	45336	uan-uang,h-f	1
对酌	duì zhuó	45337	ua-uo,z-zh	1
蹲守	dūn shǒu	45338	ao-ou,s-sh	1
饿虎	è hǔ	45339	h-f	1
耳廓	ěr kuò	45340	ua-uo	1
房基	fáng jī	45342	an-ang,h-f,j-q-x	1
放毒	fàng dú	45343	an-ang,h-f	1
飞絮	fēi xù	45344	ai-ei,h-f,j-q-x	1
废置	fèi zhì	45346	ai-ei,z-zh,h-f	1
粉嫩	fěn nèn	45348	en-eng,n-l,h-f	1
伏线	fú xiàn	45350	ian-iang,h-f,j-q-x	1
拂逆	fú nì	45351	n-l,h-f	1
附议	fù yì	45352	h-f	1
更生	gēng shēng	45356	en-eng,s-sh	1
工休	gōng xiū	45357	j-q-x	1
工贼	gōng zéi	45358	ai-ei,z-zh	1
顾主	gù zhǔ	45361	z-zh	1
怪相	guài xiàng	45362	ian-iang,j-q-x	1
管见	guǎn jiàn	45364	ian-iang,uan-uang,j-q-x	1
过话	guò huà	45365	ua-uo,h-f	1
罕闻	hǎn wén	45370	en-eng,an-ang,h-f	1
豪宅	háo zhái	45372	ai-ei,ao-ou,z-zh,h-f	1
恨事	hèn shì	45375	en-eng,s-sh,h-f	1
花苗	huā miáo	45379	ua-uo,h-f	1
花枪	huā qiāng	45380	ian-iang,ua-uo,h-f,j-q-x	1
怀春	huái chūn	45383	c-ch,h-f	1
还魂	huán hún	45384	uan-uang,h-f	1
换型	huàn xíng	45386	in-ing,uan-uang,h-f,j-q-x	1
换装	huàn zhuāng	45387	uan-uang,z-zh,h-f	1
火铳	huǒ chòng	45388	ua-uo,c-ch,h-f	3
鸡翅	jī chì	45389	c-ch,j-q-x	1
基肥	jī féi	45390	ai-ei,h-f,j-q-x	1
奸夫	jiān fū	45393	ian-iang,h-f,j-q-x	1
饯别	jiàn bié	45394	ian-iang,ia-ie,j-q-x	3
浇花	jiāo huā	45395	ua-uo,h-f,j-q-x	1
胶印	jiāo yìn	45396	in-ing,j-q-x	1
皎皎	jiǎo jiǎo	45397	j-q-x	2
校改	jiào gǎi	45398	ai-ei,j-q-x	1
解表	jiě biǎo	45399	ia-ie,j-q-x	1
疥疮	jiè chuāng	45400	uan-uang,ia-ie,c-ch,j-q-x	3
尽先	jǐn xiān	45402	in-ing,ian-iang,j-q-x	1
进深	jìn shēn	45404	en-eng,in-ing,s-sh,j-q-x	1
近便	jìn bian	45405	in-ing,ian-iang,j-q-x	1
京畿	jīng jī	45406	in-ing,j-q-x	3
经血	jīng xuè	45407	in-ing,j-q-x	1
径赛	jìng sài	45408	in-ing,ai-ei,s-sh,j-q-x	1
拘礼	jū lǐ	45410	n-l,r-l,j-q-x	1
具名	jù míng	45411	in-ing,j-q-x	1
口技	kǒu jì	45412	ao-ou,j-q-x	1
困局	kùn jú	45415	j-q-x	1
阔少	kuò shào	45416	ao-ou,ua-uo,s-sh	1
雷动	léi dòng	45419	ai-ei,n-l,r-l	1
凌霄	líng xiāo	45421	in-ing,n-l,r-l,j-q-x	1
零花	líng huā	45422	in-ing,ua-uo,n-l,h-f,r-l	1
龙颜	lóng yán	45424	an-ang,n-l,r-l	1
笼屉	lóng tì	45425	n-l,r-l	1
蝼蛄	lóu gū	45426	ao-ou,n-l,r-l	2
镂刻	lòu kè	45427	ao-ou,n-l,r-l	3
路条	lù tiáo	45428	n-l,r-l	1
铝锅	lǚ guō	45429	ua-uo,n-l,r-l	1
马步	mǎ bù	45432		1
漫道	màn dào	45434	an-ang,ao-ou	1
媒妁	méi shuò	45435	ai-ei,ua-uo,s-sh	3
门灯	mén dēng	45437	en-eng	1
门扉	mén fēi	45438	en-eng,ai-ei,h-f	3
蜜柑	mì gān	45442	an-ang	1
默记	mò jì	45444	j-q-x	1
谋职	móu zhí	45445	ao-ou,z-zh	1
母机	mǔ jī	45446	j-q-x	1
奶糖	nǎi táng	45449	an-ang,ai-ei,n-l	1
腻人	nì rén	45454	en-eng,n-l,r-l	1
暖房	nuǎn fáng	45455	an-ang,uan-uang,n-l,h-f	1
旁系	páng xì	45456	an-ang,j-q-x	1
喷嘴	pēn zuǐ	45457	en-eng,z-zh	1
票额	piào é	45459		1
品目	pǐn mù	45460	in-ing	1
耆老	qí lǎo	45463	ao-ou,n-l,r-l,j-q-x	3
铅灰	qiān huī	45464	ian-iang,h-f,j-q-x	1
前房	qián fáng	45465	an-ang,ian-iang,h-f,j-q-x	1
浅析	qiǎn xī	45466	ian-iang,j-q-x	1
强逼	qiǎng bī	45467	ian-iang,j-q-x	1
强使	qiǎng shǐ	45468	ian-iang,s-sh,j-q-x	1
巧计	qiǎo jì	45469	j-q-x	1
清场	qīng chǎng	45470	in-ing,an-ang,c-ch,j-q-x	1
晴明	qíng míng	45471	in-ing,j-q-x	1
琼脂	qióng zhī	45472	z-zh,j-q-x	1
球茎	qiú jīng	45474	in-ing,j-q-x	1
缺位	quē wèi	45475	ai-ei,j-q-x	1
日杂	rì zá	45478	z-zh,r-l	1
入籍	rù jí	45479	r-l,j-q-x	1
杀价	shā jià	45481	ia-ie,s-sh,j-q-x	1
杀戒	shā jiè	45482	ia-ie,s-sh,j-q-x	1
歃血	shà xuè	45483	s-sh,j-q-x	3
上操	shàng cāo	45484	an-ang,ao-ou,c-ch,s-sh	1
试产	shì chǎn	45488	an-ang,c-ch,s-sh	1
受冤	shòu yuān	45489	uan-uang,ao-ou,s-sh	1
胎记	tāi jì	45495	ai-ei,j-q-x	1
特辑	tè jí	45498	j-q-x	1
天兵	tiān bīng	45499	in-ing,ian-iang	1
天条	tiān tiáo	45501	ian-iang	1
添设	tiān shè	45502	ian-iang,s-sh	1
甜点	tián diǎn	45503	ian-iang	1
铁箍	tiě gū	45505	ia-ie	3
头生	tóu shēng	45508	en-eng,ao-ou,s-sh	1
秃鹫	tū jiù	45509	j-q-x	3
突审	tū shěn	45510	en-eng,s-sh	1
土黄	tǔ huáng	45511	uan-uang,h-f	1
拖轮	tuō lún	45513	ua-uo,n-l,r-l	1
脱臼	tuō jiù	45514	ua-uo,j-q-x	1
妄称	wàng chēng	45515	en-eng,an-ang,c-ch	1
妄语	wàng yǔ	45516	an-ang	1
违例	wéi lì	45518	ai-ei,n-l,r-l	1
锡纸	xī zhǐ	45525	z-zh,j-q-x	1
铣工	xǐ gōng	45526	j-q-x	3
夏历	xià lì	45527	ia-ie,n-l,r-l,j-q-x	1
线团	xiàn tuán	45528	ian-iang,uan-uang,j-q-x	1
襄理	xiāng lǐ	45529	ian-iang,n-l,r-l,j-q-x	3
响箭	xiǎng jiàn	45530	ian-iang,j-q-x	1
硝石	xiāo shí	45532	s-sh,j-q-x	1
卸装	xiè zhuāng	45533	uan-uang,ia-ie,z-zh,j-q-x	1
心子	xīn zi	45535	in-ing,z-zh,j-q-x	1
新论	xīn lùn	45537	in-ing,n-l,r-l,j-q-x	1
性征	xìng zhēng	45539	en-eng,in-ing,z-zh,j-q-x	1
凶顽	xiōng wán	45540	an-ang,j-q-x	1
秀媚	xiù mèi	45541	ai-ei,j-q-x	1
徐步	xú bù	45543	j-q-x	1
悬棺	xuán guān	45544	uan-uang,j-q-x	1
旋子	xuán zi	45545	uan-uang,z-zh,j-q-x	1
雪豹	xuě bào	45546	ao-ou,j-q-x	1
熏鱼	xūn yú	45547	j-q-x	1
鸭肉	yā ròu	45548	ao-ou,r-l	1
洋蜡	yáng là	45551	an-ang,n-l,r-l	1
养颜	yǎng yán	45553	an-ang	1
舆图	yú tú	45556		1
雨具	yǔ jù	45558	j-q-x	1
雨区	yǔ qū	45559	j-q-x	1
月息	yuè xī	45560	j-q-x	1
越职	yuè zhí	45561	z-zh	1
云翳	yún yì	45562		3
赞佩	zàn pèi	45564	an-ang,ai-ei,z-zh	1
毡包	zhān bāo	45565	an-ang,ao-ou,z-zh	1
长上	zhǎng shàng	45566	an-ang,z-zh,s-sh	1
甄选	zhēn xuǎn	45568	en-eng,uan-uang,z-zh,j-q-x	3
诊脉	zhěn mài	45569	en-eng,ai-ei,z-zh	1
镇纸	zhèn zhǐ	45570	en-eng,z-zh	1
整流	zhěng liú	45571	en-eng,z-zh,n-l,r-l	1
制表	zhì biǎo	45573	z-zh	1
转呈	zhuǎn chéng	45575	en-eng,uan-uang,z-zh,c-ch	1
壮苗	zhuàng miáo	45577	uan-uang,z-zh	1
足赤	zú chì	45578	z-zh,c-ch	1
柞树	zuò shù	45581	ua-uo,z-zh,s-sh	3
做证	zuò zhèng	45582	en-eng,ua-uo,z-zh	1
扳动	bān dòng	45584	an-ang	1
雹灾	báo zāi	45586	ai-ei,ao-ou,z-zh	1
背约	bèi yuē	45588	ai-ei	1
被难	bèi nàn	45589	an-ang,ai-ei,n-l	1
壁龛	bì kān	45590	an-ang	3
表侄	biǎo zhí	45593	z-zh	1
兵刃	bīng rèn	45595	en-eng,in-ing,r-l	1
补写	bǔ xiě	45596	ia-ie,j-q-x	1
彩头	cǎi tóu	45597	ai-ei,ao-ou,c-ch	1
残生	cán shēng	45598	en-eng,an-ang,c-ch,s-sh	1
拆阅	chāi yuè	45599	ai-ei,c-ch	1
尝新	cháng xīn	45601	in-ing,an-ang,c-ch,j-q-x	1
厂规	chǎng guī	45602	an-ang,c-ch	1
畅行	chàng xíng	45603	in-ing,an-ang,c-ch,j-q-x	1
陈酒	chén jiǔ	45605	en-eng,c-ch,j-q-x	1
踟蹰	chí chú	45609	c-ch	2
尺牍	chǐ dú	45610	c-ch	3
重言	chóng yán	45611	an-ang,c-ch	1
锄奸	chú jiān	45613	ian-iang,c-ch,j-q-x	1
春卷	chūn juǎn	45616	uan-uang,c-ch,j-q-x	1
春心	chūn xīn	45617	in-ing,c-ch,j-q-x	1
蠢猪	chǔn zhū	45618	z-zh,c-ch	1
搭售	dā shòu	45619	ao-ou,s-sh	1
担承	dān chéng	45623	en-eng,an-ang,c-ch	1
帝君	dì jūn	45626	j-q-x	1
洞箫	dòng xiāo	45630	j-q-x	1
杜康	dù kāng	45631	an-ang	1
敦请	dūn qǐng	45632	in-ing,j-q-x	1
堕地	duò de	45634	ua-uo	1
发木	fā mù	45635	h-f	1
贩假	fàn jiǎ	45636	an-ang,ia-ie,h-f,j-q-x	1
芳龄	fāng líng	45637	in-ing,an-ang,n-l,h-f,r-l	1
飞吻	fēi wěn	45638	en-eng,ai-ei,h-f	1
分账	fēn zhàng	45639	en-eng,an-ang,z-zh,h-f	1
分值	fēn zhí	45640	en-eng,z-zh,h-f	1
俯就	fǔ jiù	45645	h-f,j-q-x	1
讣闻	fù wén	45647	en-eng,h-f	3
负约	fù yuē	45648	h-f	1
复利	fù lì	45649	n-l,h-f,r-l	1
副题	fù tí	45650	h-f	1
弓子	gōng zi	45651	z-zh	1
挂毯	guà tǎn	45653	an-ang,ua-uo	1
官价	guān jià	45654	uan-uang,ia-ie,j-q-x	1
规制	guī zhì	45655	z-zh	1
绲边	gǔn biān	45656	ian-iang	3
海涵	hǎi hán	45658	an-ang,ai-ei,h-f	1
憨态	hān tài	45659	an-ang,ai-ei,h-f	1
耗竭	hào jié	45661	ao-ou,ia-ie,h-f,j-q-x	1
河工	hé gōng	45662	h-f	1
宏达	hóng dá	45665	h-f	1
胡搞	hú gǎo	45666	ao-ou,h-f	1
滑道	huá dào	45668	ao-ou,ua-uo,h-f	1
画刊	huà kān	45669	an-ang,ua-uo,h-f	1
患处	huàn chù	45670	uan-uang,c-ch,h-f	1
灰质	huī zhì	45671	z-zh,h-f	1
回拜	huí bài	45672	ai-ei,h-f	1
婚龄	hūn líng	45674	in-ing,n-l,h-f,r-l	1
藿香	huò xiāng	45675	ian-iang,ua-uo,h-f,j-q-x	3
极权	jí quán	45677	uan-uang,j-q-x	1
极盛	jí shèng	45678	en-eng,s-sh,j-q-x	1
急眼	jí yǎn	45679	an-ang,j-q-x	1
奸杀	jiān shā	45681	ian-iang,s-sh,j-q-x	1
兼课	jiān kè	45683	ian-iang,j-q-x	1
姜黄	jiāng huáng	45685	ian-iang,uan-uang,h-f,j-q-x	1
焦心	jiāo xīn	45688	in-ing,j-q-x	1
解热	jiě rè	45690	ia-ie,r-l,j-q-x	1
借问	jiè wèn	45691	en-eng,ia-ie,j-q-x	1
晋谒	jìn yè	45693	in-ing,j-q-x	3
九鼎	jiǔ dǐng	45695	in-ing,j-q-x	1
酒铺	jiǔ pū	45697	j-q-x	1
酒器	jiǔ qì	45698	j-q-x	1
舅子	jiù zi	45699	z-zh,j-q-x	1
据有	jù yǒu	45700	ao-ou,j-q-x	1
空场	kòng chǎng	45702	an-ang,c-ch	1
乡企	xiāng qǐ	45703	ian-iang,j-q-x	1
狂涛	kuáng tāo	45705	uan-uang,ao-ou	1
拉杆	lā gān	45706	an-ang,n-l,r-l	1
狼烟	láng yān	45707	an-ang,n-l,r-l	1
肋条	lèi tiáo	45710	ai-ei,n-l,r-l	1
冷枪	lěng qiāng	45711	en-eng,ian-iang,n-l,r-l,j-q-x	1
力避	lì bì	45713	n-l,r-l	1
丽质	lì zhì	45714	z-zh,n-l,r-l	1
开房	kāi fáng	45715	an-ang,ai-ei,h-f	1
连发	lián fā	45716	ian-iang,n-l,h-f,r-l	1
连枷	lián jiā	45717	ian-iang,ia-ie,n-l,r-l,j-q-x	3
两立	liǎng lì	45718	ian-iang,n-l,r-l	1
邻接	lín jiē	45719	in-ing,ia-ie,n-l,r-l,j-q-x	1
领赏	lǐng shǎng	45720	in-ing,an-ang,s-sh,n-l,r-l	1
买好	mǎi hǎo	45723	ai-ei,ao-ou,h-f	1
满处	mǎn chù	45725	an-ang,c-ch	1
幔子	màn zi	45726	an-ang,z-zh	3
毛囊	máo náng	45727	an-ang,ao-ou,n-l	1
门禁	mén jìn	45729	en-eng,in-ing,j-q-x	1
面膜	miàn mó	45730	ian-iang	1
来气	lái qì	45731	ai-ei,n-l,r-l,j-q-x	1
名厨	míng chú	45732	in-ing,c-ch	1
鸣炮	míng pào	45735	in-ing,ao-ou	1
螟虫	míng chóng	45736	in-ing,c-ch	3
奶羊	nǎi yáng	45738	an-ang,ai-ei,n-l	1
内人	nèi rén	45739	en-eng,ai-ei,n-l,r-l	1
盘诘	pán jié	45740	an-ang,ia-ie,j-q-x	3
配色	pèi sè	45741	ai-ei,s-sh	1
喷口	pēn kǒu	45742	en-eng,ao-ou	1
盆腔	pén qiāng	45743	en-eng,ian-iang,j-q-x	1
僻壤	pì rǎng	45744	an-ang,r-l	1
偏斜	piān xié	45746	ian-iang,ia-ie,j-q-x	1
平信	píng xìn	45747	in-ing,j-q-x	1
诱逼	yòu bī	45748	ao-ou	1
奇珍	qí zhēn	45749	en-eng,z-zh,j-q-x	1
气井	qì jǐng	45751	in-ing,j-q-x	1
抢匪	qiǎng fěi	45753	ian-iang,ai-ei,h-f,j-q-x	1
抢建	qiǎng jiàn	45754	ian-iang,j-q-x	1
巧思	qiǎo sī	45756	s-sh,j-q-x	1
俏货	qiào huò	45757	ua-uo,h-f,j-q-x	1
窃据	qiè jù	45758	ia-ie,j-q-x	1
清夜	qīng yè	45760	in-ing,j-q-x	1
趣谈	qù tán	45761	an-ang,j-q-x	1
热压	rè yā	45764	r-l	1
支使	zhī shi	45766	z-zh,s-sh	1
撒旦	sā dàn	45769	an-ang,s-sh	1
色欲	sè yù	45772	s-sh	1
晒场	shài cháng	45774	an-ang,ai-ei,c-ch,s-sh	1
施与	shī yǔ	45778	s-sh	1
时价	shí jià	45780	ia-ie,s-sh,j-q-x	1
授受	shòu shòu	45783	ao-ou,s-sh	1
书脊	shū jǐ	45784	s-sh,j-q-x	1
束身	shù shēn	45785	en-eng,s-sh	1
松心	sōng xīn	45788	in-ing,s-sh,j-q-x	1
宿怨	sù yuàn	45789	uan-uang,s-sh	1
酸麻	suān má	45790	uan-uang,s-sh	1
塌落	tā luò	45791	ua-uo,n-l,r-l	1
贪睡	tān shuì	45793	an-ang,s-sh	1
套鞋	tào xié	45795	ao-ou,ia-ie,j-q-x	1
调匀	tiáo yún	45801		1
贴钱	tiē qián	45802	ian-iang,ia-ie,j-q-x	1
童男	tóng nán	45803	an-ang,n-l	1
偷安	tōu ān	45804	an-ang,ao-ou	1
推延	tuī yán	45806	an-ang	1
吞服	tūn fú	45807	h-f	1
脱毛	tuō máo	45808	ao-ou,ua-uo	1
外侨	wài qiáo	45809	ai-ei,j-q-x	1
温控	wēn kòng	45811	en-eng	1
闻人	wén rén	45813	en-eng,r-l	1
问案	wèn àn	45814	en-eng,an-ang	1
武旦	wǔ dàn	45816	an-ang	1
吸睛	xī jīng	45817	in-ing,j-q-x	1
惜售	xī shòu	45818	ao-ou,s-sh,j-q-x	1
习用	xí yòng	45819	j-q-x	1
细巧	xì qiǎo	45820	j-q-x	1
闲田	xián tián	45822	ian-iang,j-q-x	1
弦索	xián suǒ	45823	ian-iang,ua-uo,s-sh,j-q-x	1
苋菜	xiàn cài	45824	ian-iang,ai-ei,c-ch,j-q-x	3
线人	xiàn rén	45825	en-eng,ian-iang,r-l,j-q-x	1
香饵	xiāng ěr	45826	ian-iang,j-q-x	1
晓月	xiǎo yuè	45827	j-q-x	1
鞋油	xié yóu	45828	ao-ou,ia-ie,j-q-x	1
欣羡	xīn xiàn	45829	in-ing,ian-iang,j-q-x	1
修枝	xiū zhī	45830	z-zh,j-q-x	1
羞愤	xiū fèn	45831	en-eng,h-f,j-q-x	1
眩惑	xuàn huò	45832	uan-uang,ua-uo,h-f,j-q-x	3
延聘	yán pìn	45833	in-ing,an-ang	1
阳虚	yáng xū	45834	an-ang,j-q-x	1
杳然	yǎo rán	45836	an-ang,ao-ou,r-l	3
叶酸	yè suān	45838	uan-uang,s-sh	1
医方	yī fāng	45840	an-ang,h-f	1
揖让	yī ràng	45841	an-ang,r-l	3
以近	yǐ jìn	45843	in-ing,j-q-x	1
益鸟	yì niǎo	45844	n-l	1
银锭	yín dìng	45846	in-ing	3
银装	yín zhuāng	45848	in-ing,uan-uang,z-zh	1
淫雨	yín yǔ	45849	in-ing	1
隐遁	yǐn dùn	45850	in-ing	3
印件	yìn jiàn	45851	in-ing,ian-iang,j-q-x	1
犹自	yóu zì	45854	ao-ou,z-zh	1
下架	xià jià	45855	ia-ie,j-q-x	1
雨靴	yǔ xuē	45856	j-q-x	1
玉照	yù zhào	45857	ao-ou,z-zh	1
预展	yù zhǎn	45858	an-ang,z-zh	1
杂说	zá shuō	45859	ua-uo,z-zh,s-sh	1
簪花	zān huā	45860	an-ang,ua-uo,z-zh,h-f	3
增盈	zēng yíng	45861	en-eng,in-ing,z-zh	1
增支	zēng zhī	45862	en-eng,z-zh	1
长房	zhǎng fáng	45863	an-ang,z-zh,h-f	1
找零	zhǎo líng	45864	in-ing,ao-ou,z-zh,n-l,r-l	1
震情	zhèn qíng	45865	en-eng,in-ing,z-zh,j-q-x	1
执罚	zhí fá	45866	z-zh,h-f	1
纸型	zhǐ xíng	45867	in-ing,z-zh,j-q-x	1
至友	zhì yǒu	45868	ao-ou,z-zh	1
中邪	zhòng xié	45869	ia-ie,z-zh,j-q-x	1
专诚	zhuān chéng	45870	en-eng,uan-uang,z-zh,c-ch	1
灼痛	zhuó tòng	45872	ua-uo,z-zh	1
恣情	zì qíng	45875	in-ing,z-zh,j-q-x	3
纵谈	zòng tán	45876	an-ang,z-zh	1
嘴软	zuǐ ruǎn	45877	uan-uang,z-zh,r-l	1
哀嚎	āi háo	45879	ai-ei,ao-ou,h-f	1
暗堡	àn bǎo	45880	an-ang,ao-ou	1
鏊子	ào zi	45882	ao-ou,z-zh	3
斑竹	bān zhú	45885	an-ang,z-zh	1
胞兄	bāo xiōng	45886	ao-ou,j-q-x	1
背运	bèi yùn	45888	ai-ei	1
本票	běn piào	45889	en-eng	1
笨伯	bèn bó	45890	en-eng	1
笔帽	bǐ mào	45891	ao-ou	1
避乱	bì luàn	45892	uan-uang,n-l,r-l	1
辩士	biàn shì	45893	ian-iang,s-sh	1
冰鞋	bīng xié	45894	in-ing,ia-ie,j-q-x	1
薄待	bó dài	45895	ai-ei	1
补白	bǔ bái	45896	ai-ei	1
财气	cái qì	45900	ai-ei,c-ch,j-q-x	1
茶炉	chá lú	45901	c-ch,n-l,r-l	1
唱票	chàng piào	45902	an-ang,c-ch	1
炒锅	chǎo guō	45903	ao-ou,ua-uo,c-ch	1
橙红	chéng hóng	45906	en-eng,c-ch,h-f	1
敕封	chì fēng	45907	en-eng,c-ch,h-f	3
除根	chú gēn	45908	en-eng,c-ch	1
春装	chūn zhuāng	45909	uan-uang,z-zh,c-ch	1
瓷缸	cí gāng	45910	an-ang,c-ch	1
搓板	cuō bǎn	45911	an-ang,ua-uo,c-ch	1
单裤	dān kù	45914	an-ang	1
当值	dāng zhí	45915	an-ang,z-zh	1
倒坍	dǎo tān	45916	an-ang,ao-ou	3
低缓	dī huǎn	45919	uan-uang,h-f	1
地亩	dì mǔ	45921		1
电码	diàn mǎ	45922	ian-iang	1
钓钩	diào gōu	45924	ao-ou	1
调防	diào fáng	45925	an-ang,h-f	1
短粗	duǎn cū	45929	uan-uang,c-ch	1
断根	duàn gēn	45930	en-eng,uan-uang	1
顿号	dùn hào	45931	ao-ou,h-f	1
鹅绒	é róng	45932	r-l	1
发榜	fā bǎng	45934	an-ang,h-f	1
发腻	fā nì	45937	n-l,h-f	1
发傻	fā shǎ	45938	s-sh,h-f	1
翻查	fān chá	45941	an-ang,c-ch,h-f	1
翻悔	fān huǐ	45942	an-ang,h-f	1
反古	fǎn gǔ	45943	an-ang,h-f	1
仿行	fǎng xíng	45947	in-ing,an-ang,h-f,j-q-x	1
粪池	fèn chí	45948	en-eng,c-ch,h-f	1
服帖	fú tiē	45951	ia-ie,h-f	1
浮面	fú miàn	45952	ian-iang,h-f	1
幅面	fú miàn	45953	ian-iang,h-f	1
附言	fù yán	45954	an-ang,h-f	1
赋役	fù yì	45955	h-f	1
改稿	gǎi gǎo	45956	ai-ei,ao-ou	1
干才	gàn cái	45958	an-ang,ai-ei,c-ch	1
公筷	gōng kuài	45959		1
公营	gōng yíng	45960	in-ing	1
恭祝	gōng zhù	45962	z-zh	1
躬耕	gōng gēng	45963	en-eng	1
故址	gù zhǐ	45966	z-zh	1
挂红	guà hóng	45967	ua-uo,h-f	1
乖觉	guāi jué	45968	j-q-x	1
管窥	guǎn kuī	45969	uan-uang	1
龟甲	guī jiǎ	45972	ia-ie,j-q-x	1
裹腿	guǒ tui	45975	ua-uo	1
过厅	guò tīng	45976	in-ing,ua-uo	1
哈气	hā qì	45977	h-f,j-q-x	1
鼾睡	hān shuì	45978	an-ang,s-sh,h-f	3
红妆	hóng zhuāng	45979	uan-uang,z-zh,h-f	1
红装	hóng zhuāng	45980	uan-uang,z-zh,h-f	1
湖色	hú sè	45981	s-sh,h-f	1
花萼	huā è	45983	ua-uo,h-f	3
活口	huó kǒu	45985	ao-ou,ua-uo,h-f	1
集日	jí rì	45987	r-l,j-q-x	1
寄放	jì fàng	45988	an-ang,h-f,j-q-x	1
奸笑	jiān xiào	45990	ian-iang,j-q-x	1
揭榜	jiē bǎng	45992	an-ang,ia-ie,j-q-x	1
进补	jìn bǔ	45997	in-ing,j-q-x	1
警世	jǐng shì	45998	in-ing,s-sh,j-q-x	1
锯末	jù mò	45999	j-q-x	1
军管	jūn guǎn	46001	uan-uang,j-q-x	1
谰言	lán yán	46003	an-ang,n-l,r-l	3
老命	lǎo mìng	46006	in-ing,ao-ou,n-l,r-l	1
冷食	lěng shí	46007	en-eng,s-sh,n-l,r-l	1
脸形	liǎn xíng	46011	in-ing,ian-iang,n-l,r-l,j-q-x	1
恋家	liàn jiā	46012	ian-iang,ia-ie,n-l,r-l,j-q-x	1
恋旧	liàn jiù	46013	ian-iang,n-l,r-l,j-q-x	1
寥廓	liáo kuò	46014	ua-uo,n-l,r-l	1
六畜	liù chù	46015	c-ch,n-l,r-l	1
毛刺	máo cì	46017	ao-ou,c-ch	1
孟夏	mèng xià	46019	en-eng,ia-ie,j-q-x	1
秘藏	mì cáng	46020	an-ang,c-ch	1
蜜汁	mì zhī	46021	z-zh	1
面交	miàn jiāo	46022	ian-iang,j-q-x	1
描红	miáo hóng	46024	h-f	1
民约	mín yuē	46025	in-ing	1
末子	mò zi	46029	z-zh	1
目验	mù yàn	46030	an-ang	1
纳贡	nà gòng	46031	n-l	1
鸟铳	niǎo chòng	46033	c-ch,n-l	3
蹑足	niè zú	46034	ia-ie,z-zh,n-l	3
偶或	ǒu huò	46036	ao-ou,ua-uo,h-f	1
旁通	páng tōng	46037	an-ang	1
跑外	pǎo wài	46038	ai-ei,ao-ou	1
皮实	pí shi	46040	s-sh	1
平野	píng yě	46041	in-ing	1
普教	pǔ jiào	46042	j-q-x	1
气枪	qì qiāng	46043	ian-iang,j-q-x	1
气性	qì xing	46044	in-ing,j-q-x	1
弃妇	qì fù	46045	h-f,j-q-x	1
瞧病	qiáo bìng	46046	in-ing,j-q-x	1
轻软	qīng ruǎn	46047	in-ing,uan-uang,r-l,j-q-x	1
倾谈	qīng tán	46048	in-ing,an-ang,j-q-x	1
清炖	qīng dùn	46049	in-ing,j-q-x	3
秋景	qiū jǐng	46050	in-ing,j-q-x	1
求取	qiú qǔ	46051	j-q-x	1
缺嘴	quē zuǐ	46052	z-zh,j-q-x	1
染织	rǎn zhī	46053	an-ang,z-zh,r-l	1
认负	rèn fù	46056	en-eng,h-f,r-l	1
日托	rì tuō	46057	ua-uo,r-l	1
乳猪	rǔ zhū	46058	z-zh,r-l	1
山窝	shān wō	46062	an-ang,s-sh	1
上集	shàng jí	46065	an-ang,s-sh,j-q-x	1
上款	shàng kuǎn	46066	an-ang,uan-uang,s-sh	1
少顷	shǎo qǐng	46067	in-ing,ao-ou,s-sh,j-q-x	1
深望	shēn wàng	46068	en-eng,an-ang,s-sh	1
生手	shēng shǒu	46069	en-eng,ao-ou,s-sh	1
失迎	shī yíng	46070	in-ing,s-sh	1
收执	shōu zhí	46072	ao-ou,z-zh,s-sh	1
兽欲	shòu yù	46073	ao-ou,s-sh	1
书函	shū hán	46074	an-ang,s-sh,h-f	1
刷白	shuà bái	46077	ai-ei,ua-uo,s-sh	1
衰朽	shuāi xiǔ	46078	s-sh,j-q-x	1
私商	sī shāng	46080	an-ang,s-sh	1
肃毒	sù dú	46081	s-sh	1
坦露	tǎn lù	46084	an-ang,n-l,r-l	1
疼惜	téng xī	46086	en-eng,j-q-x	1
挑头	tiǎo tóu	46087	ao-ou	1
铁镐	tiě gǎo	46088	ao-ou,ia-ie	1
通名	tōng míng	46089	in-ing	1
铜版	tóng bǎn	46090	an-ang	1
头角	tóu jiǎo	46092	ao-ou,j-q-x	1
腕力	wàn lì	46093	an-ang,n-l,r-l	1
危城	wēi chéng	46094	en-eng,ai-ei,c-ch	1
诿过	wěi guò	46095	ai-ei,ua-uo	3
位能	wèi néng	46096	en-eng,ai-ei,n-l	1
乌桕	wū jiù	46098	j-q-x	3
五方	wǔ fāng	46100	an-ang,h-f	1
息兵	xī bīng	46102	in-ing,j-q-x	1
息肉	xī ròu	46103	ao-ou,r-l,j-q-x	1
先世	xiān shì	46104	ian-iang,s-sh,j-q-x	1
鲜丽	xiān lì	46105	ian-iang,n-l,r-l,j-q-x	1
咸淡	xián dàn	46106	an-ang,ian-iang,j-q-x	1
显学	xiǎn xué	46107	ian-iang,j-q-x	1
小巴	xiǎo bā	46110	j-q-x	1
校史	xiào shǐ	46112	s-sh,j-q-x	1
歇工	xiē gōng	46113	ia-ie,j-q-x	1
歇腿	xiē tuǐ	46114	ia-ie,j-q-x	1
邪魔	xié mó	46115	ia-ie,j-q-x	1
心定	xīn dìng	46116	in-ing,j-q-x	1
心硬	xīn yìng	46117	in-ing,j-q-x	1
星相	xīng xiàng	46118	in-ing,ian-iang,j-q-x	1
形骸	xíng hái	46120	in-ing,ai-ei,h-f,j-q-x	3
凶煞	xiōng shà	46121	s-sh,j-q-x	1
蓄势	xù shì	46123	s-sh,j-q-x	1
选点	xuǎn diǎn	46124	ian-iang,uan-uang,j-q-x	1
选曲	xuǎn qǔ	46125	uan-uang,j-q-x	1
哑炮	yǎ pào	46128	ao-ou	1
哑嗓	yǎ sǎng	46129	an-ang,s-sh	1
烟柱	yān zhù	46130	an-ang,z-zh	1
炎凉	yán liáng	46131	an-ang,ian-iang,n-l,r-l	1
妖术	yāo shù	46132	ao-ou,s-sh	1
摇把	yáo bà	46133	ao-ou	1
野种	yě zhǒng	46134	z-zh	1
译制	yì zhì	46142	z-zh	1
音带	yīn dài	46144	in-ing,ai-ei	1
硬面	yìng miàn	46146	in-ing,ian-iang	1
油泵	yóu bèng	46147	en-eng,ao-ou	1
游学	yóu xué	46148	ao-ou,j-q-x	1
诱奸	yòu jiān	46149	ian-iang,ao-ou,j-q-x	1
鱼子	yú zǐ	46150	z-zh	1
预行	yù xíng	46153	in-ing,j-q-x	1
预置	yù zhì	46154	z-zh	1
运球	yùn qiú	46156	j-q-x	1
泽国	zé guó	46157	ua-uo,z-zh	1
贼寇	zéi kòu	46158	ai-ei,ao-ou,z-zh	1
找齐	zhǎo qí	46159	ao-ou,z-zh,j-q-x	1
执鞭	zhí biān	46162	ian-iang,z-zh	1
直击	zhí jī	46163	z-zh,j-q-x	1
指法	zhǐ fǎ	46165	z-zh,h-f	1
制件	zhì jiàn	46166	ian-iang,z-zh,j-q-x	1
中端	zhōng duān	46167	uan-uang,z-zh	1
中音	zhōng yīn	46168	in-ing,z-zh	1
衷情	zhōng qíng	46169	in-ing,z-zh,j-q-x	1
重灾	zhòng zāi	46170	ai-ei,z-zh	1
诛杀	zhū shā	46171	z-zh,s-sh	3
猪排	zhū pái	46172	ai-ei,z-zh	1
主调	zhǔ diào	46173	z-zh	1
转生	zhuǎn shēng	46174	en-eng,uan-uang,z-zh,s-sh	1
擢升	zhuó shēng	46176	en-eng,ua-uo,z-zh,s-sh	3
嘴笨	zuǐ bèn	46179	en-eng,z-zh	1
坐禅	zuò chán	46180	an-ang,ua-uo,z-zh,c-ch	1
白班	bái bān	46183	an-ang,ai-ei	1
包养	bāo yǎng	46187	an-ang,ao-ou	1
悲凄	bēi qī	46190	ai-ei,j-q-x	1
悲酸	bēi suān	46191	uan-uang,ai-ei,s-sh	1
病案	bìng àn	46194	in-ing,an-ang	1
补报	bǔ bào	46195	ao-ou	1
彩练	cǎi liàn	46197	ian-iang,ai-ei,c-ch,n-l,r-l	1
踩点	cǎi diǎn	46198	ian-iang,ai-ei,c-ch	1
菜豆	cài dòu	46199	ai-ei,ao-ou,c-ch	1
参酌	cān zhuó	46200	an-ang,ua-uo,z-zh,c-ch	1
草泽	cǎo zé	46202	ao-ou,z-zh,c-ch	1
衬里	chèn lǐ	46206	en-eng,c-ch,n-l,r-l	1
吃相	chī xiàng	46207	ian-iang,c-ch,j-q-x	1
崇仰	chóng yǎng	46208	an-ang,c-ch	1
川资	chuān zī	46211	uan-uang,z-zh,c-ch	1
传抄	chuán chāo	46212	uan-uang,ao-ou,c-ch	1
船帆	chuán fān	46213	an-ang,uan-uang,c-ch,h-f	1
船期	chuán qī	46214	uan-uang,c-ch,j-q-x	1
戳子	chuō zi	46215	ua-uo,z-zh,c-ch	1
促狭	cù xiá	46216	ia-ie,c-ch,j-q-x	1
村野	cūn yě	46217	c-ch	1
存车	cún chē	46218	c-ch	1
搭伴	dā bàn	46220	an-ang	1
打援	dǎ yuán	46224	uan-uang	1
大殓	dà liàn	46225	ian-iang,n-l,r-l	3
大拿	dà ná	46227	n-l	1
丹方	dān fāng	46228	an-ang,h-f	1
倒算	dào suàn	46230	uan-uang,ao-ou,s-sh	1
等外	děng wài	46232	en-eng,ai-ei	1
涤卡	dí kǎ	46233		1
冬菜	dōng cài	46235	ai-ei,c-ch	1
钝化	dùn huà	46236	ua-uo,h-f	1
防暑	fáng shǔ	46241	an-ang,s-sh,h-f	1
放达	fàng dá	46242	an-ang,h-f	1
放送	fàng sòng	46243	an-ang,s-sh,h-f	1
麸皮	fū pí	46244	h-f	3
干亲	gān qīn	46245	in-ing,an-ang,j-q-x	1
赣剧	gàn jù	46246	an-ang,j-q-x	1
高人	gāo rén	46247	en-eng,ao-ou,r-l	1
割除	gē chú	46249	c-ch	1
拱顶	gǒng dǐng	46251	in-ing	1
沟子	gōu zǐ	46252	ao-ou,z-zh	1
管片	guǎn piàn	46255	ian-iang,uan-uang	1
灌肠	guàn cháng	46256	an-ang,uan-uang,c-ch	1
诡称	guǐ chēng	46257	en-eng,c-ch	1
国仇	guó chóu	46258	ao-ou,ua-uo,c-ch	1
过载	guò zài	46259	ai-ei,ua-uo,z-zh	1
海寇	hǎi kòu	46260	ai-ei,ao-ou,h-f	1
旱井	hàn jǐng	46262	in-ing,an-ang,h-f,j-q-x	1
浩浩	hào hào	46263	ao-ou,h-f	1
黑天	hēi tiān	46264	ian-iang,ai-ei,h-f	1
横标	héng biāo	46265	en-eng,h-f	1
后襟	hòu jīn	46266	in-ing,ao-ou,h-f,j-q-x	1
后梁	hòu liáng	46267	ian-iang,ao-ou,n-l,h-f,r-l	1
后唐	hòu táng	46268	an-ang,ao-ou,h-f	1
画屏	huà píng	46269	in-ing,ua-uo,h-f	1
缓征	huǎn zhēng	46270	en-eng,uan-uang,z-zh,h-f	1
幻术	huàn shù	46271	uan-uang,s-sh,h-f	1
挥戈	huī gē	46272	h-f	1
回门	huí mén	46273	en-eng,h-f	1
毁弃	huǐ qì	46274	h-f,j-q-x	1
积久	jī jiǔ	46275	j-q-x	1
急步	jí bù	46276	j-q-x	1
夹峙	jiā zhì	46277	ia-ie,z-zh,j-q-x	3
奸情	jiān qíng	46278	in-ing,ian-iang,j-q-x	1
僵冷	jiāng lěng	46280	en-eng,ian-iang,n-l,r-l,j-q-x	1
交媾	jiāo gòu	46281	ao-ou,j-q-x	3
结汇	jié huì	46284	ia-ie,h-f,j-q-x	1
金兰	jīn lán	46286	in-ing,an-ang,n-l,r-l,j-q-x	1
金瓯	jīn ōu	46287	in-ing,ao-ou,j-q-x	3
筋脉	jīn mài	46288	in-ing,ai-ei,j-q-x	1
谨记	jǐn jì	46290	in-ing,j-q-x	1
近照	jìn zhào	46291	in-ing,ao-ou,z-zh,j-q-x	1
精盐	jīng yán	46293	in-ing,an-ang,j-q-x	1
倦容	juàn róng	46295	uan-uang,r-l,j-q-x	1
橛子	jué zi	46296	z-zh,j-q-x	3
开初	kāi chū	46297	ai-ei,c-ch	1
科贸	kē mào	46298	ao-ou	1
口外	kǒu wài	46299	ai-ei,ao-ou	1
蜡丸	là wán	46303	an-ang,n-l,r-l	1
赖皮	lài pí	46304	ai-ei,n-l,r-l	1
滥调	làn diào	46305	an-ang,n-l,r-l	1
浪迹	làng jì	46306	an-ang,n-l,r-l,j-q-x	1
醪糟	láo zāo	46307	ao-ou,z-zh,n-l,r-l	3
老亲	lǎo qīn	46309	in-ing,ao-ou,n-l,r-l,j-q-x	1
冷柜	lěng guì	46311	en-eng,n-l,r-l	1
冷色	lěng sè	46312	en-eng,s-sh,n-l,r-l	1
怜恤	lián xù	46314	ian-iang,n-l,r-l,j-q-x	1
良辰	liáng chén	46315	en-eng,ian-iang,c-ch,n-l,r-l	1
溜号	liū hào	46318	ao-ou,n-l,h-f,r-l	1
柳梢	liǔ shāo	46319	ao-ou,s-sh,n-l,r-l	1
卵生	luǎn shēng	46321	en-eng,uan-uang,s-sh,n-l,r-l	1
弥缝	mí féng	46328	en-eng,h-f	1
面糊	miàn hù	46329	ian-iang,h-f	1
妙趣	miào qù	46330	j-q-x	1
妙药	miào yào	46331	ao-ou	1
摹本	mó běn	46332	en-eng	1
母畜	mǔ chù	46333	c-ch	1
牧工	mù gōng	46334		1
内侄	nèi zhí	46335	ai-ei,z-zh,n-l	1
泥坯	ní pī	46336	n-l	1
年尾	nián wěi	46337	ian-iang,ai-ei,n-l	1
扭结	niǔ jié	46339	ia-ie,n-l,j-q-x	1
脓疮	nóng chuāng	46340	uan-uang,c-ch,n-l	1
攀折	pān zhé	46341	an-ang,z-zh	1
盘曲	pán qū	46342	an-ang,j-q-x	1
配戏	pèi xì	46343	ai-ei,j-q-x	1
漂游	piāo yóu	46344	ao-ou	1
破五	pò wǔ	46346		1
扑棱	pū lēng	46348	en-eng,n-l,r-l	1
墙基	qiáng jī	46349	ian-iang,j-q-x	1
侨商	qiáo shāng	46350	an-ang,s-sh,j-q-x	1
钦慕	qīn mù	46352	in-ing,j-q-x	1
亲眷	qīn juàn	46353	in-ing,uan-uang,j-q-x	1
清寂	qīng jì	46354	in-ing,j-q-x	1
丘疹	qiū zhěn	46355	en-eng,z-zh,j-q-x	1
求战	qiú zhàn	46356	an-ang,z-zh,j-q-x	1
区徽	qū huī	46357	h-f,j-q-x	1
屈就	qū jiù	46359	j-q-x	1
燃点	rán diǎn	46360	an-ang,ian-iang,r-l	1
丧身	sàng shēn	46364	en-eng,an-ang,s-sh	1
杀伐	shā fá	46365	s-sh,h-f	1
砂糖	shā táng	46366	an-ang,s-sh	1
商誉	shāng yù	46368	an-ang,s-sh	1
烧化	shāo huà	46370	ao-ou,ua-uo,s-sh,h-f	1
烧荒	shāo huāng	46371	uan-uang,ao-ou,s-sh,h-f	1
猞猁	shē lì	46373	s-sh,n-l,r-l	2
时人	shí rén	46376	en-eng,s-sh,r-l	1
时态	shí tài	46377	ai-ei,s-sh	1
收监	shōu jiān	46379	ian-iang,ao-ou,s-sh,j-q-x	1
寿诞	shòu dàn	46380	an-ang,ao-ou,s-sh	1
书札	shū zhá	46381	z-zh,s-sh	3
思慕	sī mù	46384	s-sh	1
缩略	suō lüè	46386	ua-uo,s-sh,n-l,r-l	1
锁钥	suǒ yuè	46387	ua-uo,s-sh	1
摊档	tān dàng	46389	an-ang	1
探幽	tàn yōu	46390	an-ang,ao-ou	1
糖食	táng shí	46391	an-ang,s-sh	1
讨饶	tǎo ráo	46392	ao-ou,r-l	1
讨嫌	tǎo xián	46393	ian-iang,ao-ou,j-q-x	1
腾达	téng dá	46394	en-eng	1
通存	tōng cún	46395	c-ch	1
透辟	tòu pì	46396	ao-ou	1
图籍	tú jí	46397	j-q-x	1
途程	tú chéng	46398	en-eng,c-ch	1
托收	tuō shōu	46401	ao-ou,ua-uo,s-sh	1
瓦楞	wǎ léng	46402	en-eng,n-l,r-l	5
外寇	wài kòu	46403	ai-ei,ao-ou	1
网巾	wǎng jīn	46404	in-ing,an-ang,j-q-x	1
危言	wēi yán	46406	an-ang,ai-ei	1
围桌	wéi zhuō	46407	ai-ei,ua-uo,z-zh	1
伪饰	wěi shì	46408	ai-ei,s-sh	1
问卜	wèn bǔ	46409	en-eng	1
卧底	wò dǐ	46410		1
握力	wò lì	46411	n-l,r-l	1
怃然	wǔ rán	46413	an-ang,r-l	3
雾化	wù huà	46414	ua-uo,h-f	1
洗染	xǐ rǎn	46415	an-ang,r-l,j-q-x	1
先决	xiān jué	46416	ian-iang,j-q-x	1
现卖	xiàn mài	46417	ian-iang,ai-ei,j-q-x	1
箱式	xiāng shì	46419	ian-iang,s-sh,j-q-x	1
响器	xiǎng qì	46420	ian-iang,j-q-x	1
销价	xiāo jià	46423	ia-ie,j-q-x	1
小照	xiǎo zhào	46424	ao-ou,z-zh,j-q-x	1
邪道	xié dào	46425	ao-ou,ia-ie,j-q-x	1
谐谑	xié xuè	46426	ia-ie,j-q-x	3
泻药	xiè yào	46427	ao-ou,ia-ie,j-q-x	1
醒酒	xǐng jiǔ	46428	in-ing,j-q-x	1
凶焰	xiōng yàn	46429	an-ang,j-q-x	1
续航	xù háng	46431	an-ang,h-f,j-q-x	1
煊赫	xuān hè	46432	uan-uang,h-f,j-q-x	3
泫然	xuàn rán	46433	an-ang,uan-uang,r-l,j-q-x	3
学乖	xué guāi	46435	j-q-x	1
雅趣	yǎ qù	46438	j-q-x	1
雅言	yǎ yán	46439	an-ang	1
扬剧	yáng jù	46440	an-ang,j-q-x	1
夭亡	yāo wáng	46441	an-ang,ao-ou	1
药石	yào shí	46442	ao-ou,s-sh	1
阴部	yīn bù	46446	in-ing	1
阴晦	yīn huì	46447	in-ing,h-f	1
璎珞	yīng luò	46448	in-ing,ua-uo,n-l,r-l	2
幽思	yōu sī	46450	ao-ou,s-sh	1
援手	yuán shǒu	46452	uan-uang,ao-ou,s-sh	1
熨烫	yùn tàng	46454	an-ang	3
再会	zài huì	46455	ai-ei,z-zh,h-f	1
灶屋	zào wū	46458	ao-ou,z-zh	1
兆赫	zhào hè	46462	ao-ou,z-zh,h-f	1
正数	zhèng shù	46463	en-eng,z-zh,s-sh	1
置放	zhì fàng	46465	an-ang,z-zh,h-f	1
终夜	zhōng yè	46467	z-zh	1
猪鬃	zhū zōng	46468	z-zh	3
主项	zhǔ xiàng	46469	ian-iang,z-zh,j-q-x	1
壮硕	zhuàng shuò	46470	uan-uang,ua-uo,z-zh,s-sh	1
状纸	zhuàng zhǐ	46471	uan-uang,z-zh	1
走台	zǒu tái	46476	ai-ei,ao-ou,z-zh	1
族规	zú guī	46477	z-zh	1
安抵	ān dǐ	46481	an-ang	1
暗喻	àn yù	46483	an-ang	1
白铁	bái tiě	46486	ai-ei,ia-ie	1
绊脚	bàn jiǎo	46488	an-ang,j-q-x	1
雹子	báo zi	46489	ao-ou,z-zh	1
贝母	bèi mǔ	46492	ai-ei	1
迸溅	bèng jiàn	46494	en-eng,ian-iang,j-q-x	3
鼻塞	bí sè	46495	s-sh	1
弊害	bì hài	46497	ai-ei,h-f	1
便盆	biàn pén	46498	en-eng,ian-iang	1
播讲	bō jiǎng	46500	ian-iang,j-q-x	1
参透	cān tòu	46502	an-ang,ao-ou,c-ch	1
残敌	cán dí	46503	an-ang,c-ch	1
查夜	chá yè	46506	c-ch	1
拆建	chāi jiàn	46507	ian-iang,ai-ei,c-ch,j-q-x	1
蝉蜕	chán tuì	46508	an-ang,c-ch	1
车帮	chē bāng	46509	an-ang,c-ch	1
车篷	chē péng	46510	en-eng,c-ch	1
诚朴	chéng pǔ	46511	en-eng,c-ch	1
仇隙	chóu xì	46513	ao-ou,c-ch,j-q-x	1
处身	chǔ shēn	46515	en-eng,c-ch,s-sh	1
垂怜	chuí lián	46517	ian-iang,c-ch,n-l,r-l	1
瓷实	cí shi	46518	c-ch,s-sh	1
忖量	cǔn liàng	46519	ian-iang,c-ch,n-l,r-l	3
寸草	cùn cǎo	46520	ao-ou,c-ch	1
嵯峨	cuó é	46521	ua-uo,c-ch	3
搭盖	dā gài	46522	ai-ei	1
打卦	dǎ guà	46523	ua-uo	1
大过	dà guò	46526	ua-uo	1
大暑	dà shǔ	46527	s-sh	1
胆力	dǎn lì	46528	an-ang,n-l,r-l	1
刀笔	dāo bǐ	46529	ao-ou	1
导源	dǎo yuán	46530	uan-uang,ao-ou	1
电复	diàn fù	46531	ian-iang,h-f	1
刁蛮	diāo mán	46532	an-ang	1
吊扇	diào shàn	46533	an-ang,s-sh	1
定钱	dìng qián	46534	in-ing,ian-iang,j-q-x	1
定心	dìng xīn	46536	in-ing,j-q-x	1
毒汁	dú zhī	46537	z-zh	1
蹲伏	dūn fú	46539	h-f	1
儿郎	ér láng	46541	an-ang,n-l,r-l	1
烦劳	fán láo	46543	an-ang,ao-ou,n-l,h-f,r-l	1
反诬	fǎn wū	46544	an-ang,h-f	1
反语	fǎn yǔ	46545	an-ang,h-f	1
返祖	fǎn zǔ	46546	an-ang,z-zh,h-f	1
纺机	fǎng jī	46547	an-ang,h-f,j-q-x	1
风色	fēng sè	46548	en-eng,s-sh,h-f	1
风涛	fēng tāo	46549	en-eng,ao-ou,h-f	1
赴敌	fù dí	46550	h-f	1
咖喱	gā lí	46551	n-l,r-l	3
改向	gǎi xiàng	46552	ian-iang,ai-ei,j-q-x	1
干爸	gān bà	46553	an-ang	1
袼褙	gē bei	46556	ai-ei	6
根绝	gēn jué	46558	en-eng,j-q-x	1
够本	gòu běn	46559	en-eng,ao-ou	1
挂机	guà jī	46561	ua-uo,j-q-x	1
归西	guī xī	46563	j-q-x	1
国医	guó yī	46564	ua-uo	1
海葬	hǎi zàng	46565	an-ang,ai-ei,z-zh,h-f	1
旱象	hàn xiàng	46568	an-ang,ian-iang,h-f,j-q-x	1
好言	hǎo yán	46569	an-ang,ao-ou,h-f	1
红人	hóng rén	46571	en-eng,h-f,r-l	1
后妻	hòu qī	46572	ao-ou,h-f,j-q-x	1
狐臭	hú chòu	46573	ao-ou,c-ch,h-f	1
欢慰	huān wèi	46578	uan-uang,ai-ei,h-f	1
还阳	huán yáng	46579	an-ang,uan-uang,h-f	1
幻听	huàn tīng	46580	in-ing,uan-uang,h-f	1
会剿	huì jiǎo	46582	h-f,j-q-x	1
会章	huì zhāng	46583	an-ang,z-zh,h-f	1
活脱	huó tuō	46584	ua-uo,h-f	1
火钳	huǒ qián	46585	ian-iang,ua-uo,h-f,j-q-x	1
货机	huò jī	46587	ua-uo,h-f,j-q-x	1
豁朗	huò lǎng	46588	an-ang,ua-uo,n-l,h-f,r-l	1
矫饰	jiǎo shì	46594	s-sh,j-q-x	1
近道	jìn dào	46597	in-ing,ao-ou,j-q-x	1
近因	jìn yīn	46598	in-ing,j-q-x	1
驹子	jū zi	46599	z-zh,j-q-x	1
聚歼	jù jiān	46600	ian-iang,j-q-x	1
卷须	juǎn xū	46601	uan-uang,j-q-x	1
决绝	jué jué	46602	j-q-x	1
皲裂	jūn liè	46603	ia-ie,n-l,r-l,j-q-x	3
靠泊	kào bó	46604	ao-ou	1
靠垫	kào diàn	46605	ian-iang,ao-ou	1
客满	kè mǎn	46606	an-ang	1
苦撑	kǔ chēng	46607	en-eng,c-ch	1
苦想	kǔ xiǎng	46608	ian-iang,j-q-x	1
快班	kuài bān	46609	an-ang	1
快当	kuài dang	46610	an-ang	1
魁首	kuí shǒu	46611	ao-ou,s-sh	1
老套	lǎo tào	46612	ao-ou,n-l,r-l	1
两便	liǎng biàn	46614	ian-iang,n-l,r-l	1
缭乱	liáo luàn	46615	uan-uang,n-l,r-l	1
料定	liào dìng	46616	in-ing,n-l,r-l	1
临盆	lín pén	46617	en-eng,in-ing,n-l,r-l	1
留传	liú chuán	46619	uan-uang,c-ch,n-l,r-l	1
麦麸	mài fū	46624	ai-ei,h-f	3
毛尖	máo jiān	46627	ian-iang,ao-ou,j-q-x	1
眉睫	méi jié	46628	ai-ei,ia-ie,j-q-x	1
眉批	méi pī	46629	ai-ei	1
迷眼	mí yǎn	46631	an-ang	1
密信	mì xìn	46632	in-ing,j-q-x	1
苗床	miáo chuáng	46633	uan-uang,c-ch	1
暮秋	mù qiū	46636	j-q-x	1
内热	nèi rè	46637	ai-ei,n-l,r-l	1
内争	nèi zhēng	46639	en-eng,ai-ei,z-zh,n-l	1
泥污	ní wū	46640	n-l	1
逆贼	nì zéi	46641	ai-ei,z-zh,n-l	1
捏合	niē hé	46642	ia-ie,n-l,h-f	1
牛倌	niú guān	46644	uan-uang,n-l	3
女厕	nǚ cè	46645	c-ch,n-l	1
票号	piào hào	46647	ao-ou,h-f	1
普度	pǔ dù	46648		1
掐算	qiā suàn	46650	uan-uang,ia-ie,s-sh,j-q-x	1
虔心	qián xīn	46651	in-ing,ian-iang,j-q-x	3
钱柜	qián guì	46652	ian-iang,j-q-x	1
钦羡	qīn xiàn	46655	in-ing,ian-iang,j-q-x	1
亲代	qīn dài	46656	in-ing,ai-ei,j-q-x	1
亲睹	qīn dǔ	46657	in-ing,j-q-x	1
晴和	qíng hé	46658	in-ing,h-f,j-q-x	1
秋毫	qiū háo	46659	ao-ou,h-f,j-q-x	1
球网	qiú wǎng	46660	an-ang,j-q-x	1
驱驰	qū chí	46661	c-ch,j-q-x	1
热狗	rè gǒu	46662	ao-ou,r-l	1
认养	rèn yǎng	46665	en-eng,an-ang,r-l	1
色胆	sè dǎn	46667	an-ang,s-sh	1
纱罩	shā zhào	46669	ao-ou,z-zh,s-sh	1
山果	shān guǒ	46670	an-ang,ua-uo,s-sh	1
商港	shāng gǎng	46672	an-ang,s-sh	1
神笔	shén bǐ	46673	en-eng,s-sh	1
时疫	shí yì	46674	s-sh	1
食具	shí jù	46675	s-sh,j-q-x	1
市斤	shì jīn	46676	in-ing,s-sh,j-q-x	1
誓约	shì yuē	46677	s-sh	1
收押	shōu yā	46678	ao-ou,s-sh	1
手洗	shǒu xǐ	46680	ao-ou,s-sh,j-q-x	1
手重	shǒu zhòng	46681	ao-ou,z-zh,s-sh	1
寿木	shòu mù	46683	ao-ou,s-sh	1
受治	shòu zhì	46684	ao-ou,z-zh,s-sh	1
兽药	shòu yào	46685	ao-ou,s-sh	1
水瓢	shuǐ piáo	46688	s-sh	1
私话	sī huà	46691	ua-uo,s-sh,h-f	1
颂赞	sòng zàn	46693	an-ang,z-zh,s-sh	1
贪小	tān xiǎo	46694	an-ang,j-q-x	1
淌泪	tǎng lèi	46695	an-ang,ai-ei,n-l,r-l	1
恬然	tián rán	46699	an-ang,ian-iang,r-l	1
铁锚	tiě máo	46700	ao-ou,ia-ie	1
听审	tīng shěn	46701	en-eng,in-ing,s-sh	1
停播	tíng bō	46702	in-ing	1
通透	tōng tòu	46703	ao-ou	1
同喜	tóng xǐ	46704	j-q-x	1
枉杀	wǎng shā	46707	an-ang,s-sh	1
伟绩	wěi jì	46708	ai-ei,j-q-x	1
卧轨	wò guǐ	46710		1
五服	wǔ fú	46712	h-f	1
瞎掰	xiā bāi	46713	ai-ei,ia-ie,j-q-x	1
咸肉	xián ròu	46714	ian-iang,ao-ou,r-l,j-q-x	1
显形	xiǎn xíng	46715	in-ing,ian-iang,j-q-x	1
险关	xiǎn guān	46716	ian-iang,uan-uang,j-q-x	1
现买	xiàn mǎi	46718	ian-iang,ai-ei,j-q-x	1
销假	xiāo jià	46720	ia-ie,j-q-x	1
行腔	xíng qiāng	46723	in-ing,ian-iang,j-q-x	1
须根	xū gēn	46725	en-eng,j-q-x	1
玄孙	xuán sūn	46726	uan-uang,s-sh,j-q-x	1
血癌	xuè ái	46727	ai-ei,j-q-x	1
认脚	rèn jiǎo	46728	en-eng,r-l,j-q-x	1
烟农	yān nóng	46729	an-ang,n-l	1
坐失	zuò shī	46730	ua-uo,z-zh,s-sh	1
严处	yán chǔ	46731	an-ang,c-ch	1
严紧	yán jǐn	46732	in-ing,an-ang,j-q-x	1
演武	yǎn wǔ	46733	an-ang	1
砚池	yàn chí	46734	an-ang,c-ch	1
验关	yàn guān	46735	an-ang,uan-uang	1
佯攻	yáng gōng	46736	an-ang	3
折头	zhé tou	46737	ao-ou,z-zh	1
养息	yǎng xī	46738	an-ang,j-q-x	1
妖婆	yāo pó	46739	ao-ou	1
药具	yào jù	46740	ao-ou,j-q-x	1
药膳	yào shàn	46741	an-ang,ao-ou,s-sh	3
药针	yào zhēn	46742	en-eng,ao-ou,z-zh	1
野食	yě shí	46743	s-sh	1
遗患	yí huàn	46746	uan-uang,h-f	1
遗闻	yí wén	46747	en-eng	1
音波	yīn bō	46748	in-ing	1
雨势	yǔ shì	46750	s-sh	1
运道	yùn dao	46751	ao-ou	1
杂烩	zá huì	46752	z-zh,h-f	3
杂症	zá zhèng	46754	en-eng,z-zh	1
赃官	zāng guān	46756	an-ang,uan-uang,z-zh	1
增修	zēng xiū	46757	en-eng,z-zh,j-q-x	1
扎手	zhā shǒu	46758	ao-ou,z-zh,s-sh	1
摘引	zhāi yǐn	46759	in-ing,ai-ei,z-zh	1
征剿	zhēng jiǎo	46761	en-eng,z-zh,j-q-x	1
正宫	zhèng gōng	46762	en-eng,z-zh	1
正牌	zhèng pái	46763	en-eng,ai-ei,z-zh	1
稚子	zhì zǐ	46765	z-zh	1
重价	zhòng jià	46767	ia-ie,z-zh,j-q-x	1
抓瞎	zhuā xiā	46769	ia-ie,ua-uo,z-zh,j-q-x	1
坠马	zhuì mǎ	46770	z-zh	1
子目	zǐ mù	46771	z-zh	1
棕黄	zōng huáng	46772	uan-uang,z-zh,h-f	1
租价	zū jià	46773	ia-ie,z-zh,j-q-x	1
坐化	zuò huà	46775	ua-uo,z-zh,h-f	1
庵堂	ān táng	46776	an-ang	1
巴豆	bā dòu	46777	ao-ou	1
奔泻	bēn xiè	46781	en-eng,ia-ie,j-q-x	1
闭路	bì lù	46783	n-l,r-l	1
编绘	biān huì	46784	ian-iang,h-f	1
表链	biǎo liàn	46785	ian-iang,n-l,r-l	1
冰谷	bīng gǔ	46787	in-ing	1
兵火	bīng huǒ	46788	in-ing,ua-uo,h-f	1
兵戎	bīng róng	46789	in-ing,r-l	1
补编	bǔ biān	46791	ian-iang	1
补遗	bǔ yí	46792		1
不检	bù jiǎn	46794	ian-iang,j-q-x	1
才分	cái fèn	46795	en-eng,ai-ei,c-ch,h-f	1
财势	cái shì	46796	ai-ei,c-ch,s-sh	1
踩水	cǎi shuǐ	46797	ai-ei,c-ch,s-sh	1
菜圃	cài pǔ	46798	ai-ei,c-ch	1
菜心	cài xīn	46800	in-ing,ai-ei,c-ch,j-q-x	1
残次	cán cì	46801	an-ang,c-ch	1
残匪	cán fěi	46802	an-ang,ai-ei,c-ch,h-f	1
惨杀	cǎn shā	46803	an-ang,c-ch,s-sh	1
叉烧	chā shāo	46804	ao-ou,c-ch,s-sh	1
茶食	chá shi	46805	c-ch,s-sh	1
