年老力衰	nián lǎo lì shuāi	43401	ian-iang,ao-ou,s-sh,n-l,r-l	1
品头论足	pǐn tóu lùn zú	43408	in-ing,ao-ou,z-zh,n-l,r-l	1
罄竹难书	qìng zhú nán shū	43413	in-ing,an-ang,z-zh,s-sh,n-l,j-q-x	3
身手不凡	shēn shǒu bù fán	43423	en-eng,an-ang,ao-ou,s-sh,h-f	1
生态旅游	shēng tài lǚ yóu	43425	en-eng,ai-ei,ao-ou,s-sh,n-l,r-l	1
鼠目寸光	shǔ mù cùn guāng	43426	uan-uang,c-ch,s-sh	1
天兵天将	tiān bīng tiān jiàng	43433	in-ing,ian-iang,j-q-x	1
挑肥拣瘦	tiāo féi jiǎn shòu	43435	ian-iang,ai-ei,ao-ou,s-sh,h-f,j-q-x	1
落英缤纷	luò yīng bīn fēn	43437	en-eng,in-ing,ua-uo,n-l,h-f,r-l	1
同室操戈	tóng shì cāo gē	43439	ao-ou,c-ch,s-sh	1
下里巴人	xià lǐ bā rén	43448	en-eng,ia-ie,n-l,r-l,j-q-x	1
小恩小惠	xiǎo ēn xiǎo huì	43450	en-eng,h-f,j-q-x	1
心怀鬼胎	xīn huái guǐ tāi	43452	in-ing,ai-ei,h-f,j-q-x	1
胸无大志	xiōng wú dà zhì	43455	z-zh,j-q-x	1
一言九鼎	yī yán jiǔ dǐng	43463	in-ing,an-ang,j-q-x	1
沾亲带故	zhān qīn dài gù	43474	in-ing,an-ang,ai-ei,z-zh,j-q-x	1
针头线脑	zhēn tóu xiàn nǎo	43476	en-eng,ian-iang,ao-ou,z-zh,n-l,j-q-x	1
治外法权	zhì wài fǎ quán	43479	uan-uang,ai-ei,z-zh,h-f,j-q-x	1
昼伏夜出	zhòu fú yè chū	43481	ao-ou,z-zh,c-ch,h-f	1
资产评估	zī chǎn píng gū	43484	in-ing,an-ang,z-zh,c-ch	1
八面玲珑	bā miàn líng lóng	43492	in-ing,ian-iang,n-l,r-l	3
百折不回	bǎi zhé bù huí	43494	ai-ei,z-zh,h-f	1
兵不血刃	bīng bù xuè rèn	43501	en-eng,in-ing,r-l,j-q-x	1
不绝如缕	bù jué rú lǚ	43504	n-l,r-l,j-q-x	1
打落水狗	dǎ luò shuǐ gǒu	43519	ao-ou,ua-uo,s-sh,n-l,r-l	1
打小报告	dǎ xiǎo bào gào	43520	ao-ou,j-q-x	1
定向培养	dìng xiàng péi yǎng	43528	in-ing,an-ang,ian-iang,ai-ei,j-q-x	1
鹅毛大雪	é máo dà xuě	43534	ao-ou,j-q-x	1
肥头大耳	féi tóu dà ěr	43539	ai-ei,ao-ou,h-f	1
付之一笑	fù zhī yī xiào	43545	z-zh,h-f,j-q-x	1
狗仗人势	gǒu zhàng rén shì	43554	en-eng,an-ang,ao-ou,z-zh,s-sh,r-l	1
鬼迷心窍	guǐ mí xīn qiào	43556	in-ing,j-q-x	1
过街天桥	guò jiē tiān qiáo	43558	ian-iang,ia-ie,ua-uo,j-q-x	1
寒来暑往	hán lái shǔ wǎng	43561	an-ang,ai-ei,s-sh,n-l,h-f,r-l	1
尖酸刻薄	jiān suān kè bó	43573	ian-iang,uan-uang,s-sh,j-q-x	1
金屋藏娇	jīn wū cáng jiāo	43580	in-ing,an-ang,c-ch,j-q-x	1
锦囊妙计	jǐn náng miào jì	43581	in-ing,an-ang,n-l,j-q-x	1
近水楼台	jìn shuǐ lóu tái	43582	in-ing,ai-ei,ao-ou,s-sh,n-l,r-l,j-q-x	1
克勤克俭	kè qín kè jiǎn	43595	in-ing,ian-iang,j-q-x	1
雷霆万钧	léi tíng wàn jūn	43601	in-ing,an-ang,ai-ei,n-l,r-l,j-q-x	3
离乡背井	lí xiāng bèi jǐng	43604	in-ing,ian-iang,ai-ei,n-l,r-l,j-q-x	1
片言只语	piàn yán zhī yǔ	43626	an-ang,ian-iang,z-zh	1
贫病交加	pín bìng jiāo jiā	43627	in-ing,ia-ie,j-q-x	1
七窍生烟	qī qiào shēng yān	43630	en-eng,an-ang,s-sh,j-q-x	1
千娇百媚	qiān jiāo bǎi mèi	43636	ian-iang,ai-ei,j-q-x	1
情窦初开	qíng dòu chū kāi	43644	in-ing,ai-ei,ao-ou,c-ch,j-q-x	3
百无一是	bǎi wú yī shì	43647	ai-ei,s-sh	1
点铁成金	diǎn tiě chéng jīn	43653	en-eng,in-ing,ian-iang,ia-ie,c-ch,j-q-x	1
三六九等	sān liù jiǔ děng	43659	en-eng,an-ang,s-sh,n-l,r-l,j-q-x	1
杀鸡取卵	shā jī qǔ luǎn	43663	uan-uang,s-sh,n-l,r-l,j-q-x	1
沙文主义	shā wén zhǔ yì	43664	en-eng,z-zh,s-sh	1
舍本逐末	shě běn zhú mò	43672	en-eng,z-zh,s-sh	1
身价百倍	shēn jià bǎi bèi	43674	en-eng,ai-ei,ia-ie,s-sh,j-q-x	1
数典忘祖	shǔ diǎn wàng zǔ	43681	an-ang,ian-iang,z-zh,s-sh	1
数九寒天	shǔ jiǔ hán tiān	43682	an-ang,ian-iang,s-sh,h-f,j-q-x	1
死心眼儿	sǐ xīn yǎn er	43692	in-ing,an-ang,s-sh,j-q-x	1
天网恢恢	tiān wǎng huī huī	43701	an-ang,ian-iang,h-f	1
条分缕析	tiáo fēn lǚ xī	43702	en-eng,n-l,h-f,r-l,j-q-x	1
听而不闻	tīng ér bù wén	43704	en-eng,in-ing	1
通存通兑	tōng cún tōng duì	43705	c-ch	1
头疼脑热	tóu téng nǎo rè	43706	en-eng,ao-ou,n-l,r-l	1
外强中干	wài qiáng zhōng gān	43709	an-ang,ian-iang,ai-ei,z-zh,j-q-x	1
嬉笑怒骂	xī xiào nù mà	43715	n-l,j-q-x	3
洗手不干	xǐ shǒu bù gàn	43717	an-ang,ao-ou,s-sh,j-q-x	1
眼明手快	yǎn míng shǒu kuài	43734	in-ing,an-ang,ao-ou,s-sh	1
一定之规	yī dìng zhī guī	43735	in-ing,z-zh	1
一团漆黑	yī tuán qī hēi	43737	uan-uang,ai-ei,h-f,j-q-x	1
以毒攻毒	yǐ dú gōng dú	43739		1
以儆效尤	yǐ jǐng xiào yóu	43740	in-ing,ao-ou,j-q-x	3
有色眼镜	yǒu sè yǎn jìng	43749	in-ing,an-ang,ao-ou,s-sh,j-q-x	1
政治避难	zhèng zhì bìn àn	43770	en-eng,in-ing,an-ang,z-zh	1
追悔莫及	zhuī huǐ mò jí	43781	z-zh,h-f,j-q-x	1
自食其果	zì shí qí guǒ	43783	ua-uo,z-zh,s-sh,j-q-x	1
唇亡齿寒	chún wáng chǐ hán	43803	an-ang,c-ch,h-f	1
大海捞针	dà hǎi lāo zhēn	43806	en-eng,ai-ei,ao-ou,z-zh,n-l,h-f,r-l	1
第三人称	dì sān rén chēng	43811	en-eng,an-ang,c-ch,s-sh,r-l	1
雕虫小技	diāo chóng xiǎo jì	43815	c-ch,j-q-x	1
洞若观火	dòng ruò guān huǒ	43820	uan-uang,ua-uo,h-f,r-l	1
费尽心思	fèi jìn xīn sī	43833	in-ing,ai-ei,s-sh,h-f,j-q-x	1
虎头虎脑	hǔ tóu hǔ nǎo	43856	ao-ou,n-l,h-f	1
交叉科学	jiāo chā kē xué	43874	c-ch,j-q-x	1
酒肉朋友	jiǔ ròu péng you	43881	en-eng,ao-ou,r-l,j-q-x	1
就地正法	jiù dì zhèng fǎ	43882	en-eng,z-zh,h-f,j-q-x	1
拉帮结派	lā bāng jié pài	43885	an-ang,ai-ei,ia-ie,n-l,r-l,j-q-x	1
狼子野心	láng zǐ yě xīn	43888	in-ing,an-ang,z-zh,n-l,r-l,j-q-x	1
离心离德	lí xīn lí dé	43890	in-ing,n-l,r-l,j-q-x	1
立锥之地	lì zhuī zhī dì	43892	z-zh,n-l,r-l	1
凄风苦雨	qī fēng kǔ yǔ	43914	en-eng,h-f,j-q-x	1
前所未见	qián suǒ wèi jiàn	43916	ian-iang,ai-ei,ua-uo,s-sh,j-q-x	1
请君入瓮	qǐng jūn rù wèng	43922	en-eng,in-ing,r-l,j-q-x	3
人微言轻	rén wēi yán qīng	43923	en-eng,in-ing,an-ang,ai-ei,r-l,j-q-x	1
如胶似漆	rú jiāo sì qī	43925	s-sh,r-l,j-q-x	1
手足之情	shǒu zú zhī qíng	43936	in-ing,ao-ou,z-zh,s-sh,j-q-x	1
投石问路	tóu shí wèn lù	43952	en-eng,ao-ou,s-sh,n-l,r-l	1
投鼠忌器	tóu shǔ jì qì	43953	ao-ou,s-sh,j-q-x	1
闻过则喜	wén guò zé xǐ	43961	en-eng,ua-uo,z-zh,j-q-x	1
稳如泰山	wěn rú tài shān	43962	en-eng,an-ang,ai-ei,s-sh,r-l	1
无关宏旨	wú guān hóng zhǐ	43965	uan-uang,z-zh,h-f	1
心明眼亮	xīn míng yǎn liàng	43973	in-ing,an-ang,ian-iang,n-l,r-l,j-q-x	1
腥风血雨	xīng fēng xuè yǔ	43974	en-eng,in-ing,h-f,j-q-x	1
形单影只	xíng dān yǐng zhī	43975	in-ing,an-ang,z-zh,j-q-x	1
秀色可餐	xiù sè kě cān	43977	an-ang,c-ch,s-sh,j-q-x	1
血盆大口	xuè pén dà kǒu	43979	en-eng,ao-ou,j-q-x	1
寻花问柳	xún huā wèn liǔ	43980	en-eng,ua-uo,n-l,h-f,r-l,j-q-x	1
摇尾乞怜	yáo wěi qǐ lián	43991	ian-iang,ai-ei,ao-ou,n-l,r-l,j-q-x	1
一时一刻	yī shí yī kè	43994	s-sh	1
一潭死水	yī tán sǐ shuǐ	43995	an-ang,s-sh	1
一无所得	yī wú suǒ dé	43996	ua-uo,s-sh	1
以少胜多	yǐ shǎo shèng duō	43997	en-eng,ao-ou,ua-uo,s-sh	1
有奖销售	yǒu jiǎng xiāo shòu	44005	ian-iang,ao-ou,s-sh,j-q-x	1
朝三暮四	zhāo sān mù sì	44018	an-ang,ao-ou,z-zh,s-sh	1
安之若素	ān zhī ruò sù	44029	an-ang,ua-uo,z-zh,s-sh,r-l	1
班门弄斧	bān mén nòng fǔ	44031	en-eng,an-ang,n-l,h-f	1
兵贵神速	bīng guì shén sù	44038	en-eng,in-ing,s-sh	1
兵强马壮	bīng qiáng mǎ zhuàng	44039	in-ing,ian-iang,uan-uang,z-zh,j-q-x	1
不可知论	bù kě zhī lùn	44042	z-zh,n-l,r-l	1
沧海横流	cāng hǎi héng liú	44046	en-eng,an-ang,ai-ei,c-ch,n-l,h-f,r-l	1
乘人之危	chéng rén zhī wēi	44051	en-eng,ai-ei,z-zh,c-ch,r-l	1
单身贵族	dān shēn guì zú	44060	en-eng,an-ang,z-zh,s-sh	1
东跑西颠	dōng pǎo xī diān	44064	ian-iang,ao-ou,j-q-x	1
钢筋铁骨	gāng jīn tiě gǔ	44074	in-ing,an-ang,ia-ie,j-q-x	1
官样文章	guān yàng wén zhāng	44077	en-eng,an-ang,uan-uang,z-zh	1
毫无二致	háo wú èr zhì	44084	ao-ou,z-zh,h-f	1
胡子拉碴	hú zi lā chā	44092	z-zh,c-ch,n-l,h-f,r-l	3
急流勇退	jí liú yǒng tuì	44102	n-l,r-l,j-q-x	1
嫁鸡随鸡	jià jī suí jī	44103	ia-ie,s-sh,j-q-x	1
娇小玲珑	jiāo xiǎo líng lóng	44104	in-ing,n-l,r-l,j-q-x	3
金鸡独立	jīn jī dú lì	44108	in-ing,n-l,r-l,j-q-x	1
酒酣耳热	jiǔ hān ěr rè	44115	an-ang,h-f,r-l,j-q-x	1
军令如山	jūn lìng rú shān	44118	in-ing,an-ang,s-sh,n-l,r-l,j-q-x	1
空中小姐	kōng zhōng xiǎo jiě	44121	ia-ie,z-zh,j-q-x	1
口服心服	kǒu fú xīn fú	44122	in-ing,ao-ou,h-f,j-q-x	1
理屈词穷	lǐ qū cí qióng	44130	c-ch,n-l,r-l,j-q-x	1
两性关系	liǎng xìng guān xi	44131	in-ing,ian-iang,uan-uang,n-l,r-l,j-q-x	1
零存整取	líng cún zhěng qǔ	44132	en-eng,in-ing,z-zh,c-ch,n-l,r-l,j-q-x	1
面目一新	miàn mù yī xīn	44139	in-ing,ian-iang,j-q-x	1
妙手回春	miào shǒu huí chūn	44140	ao-ou,c-ch,s-sh,h-f	1
明日黄花	míng rì huáng huā	44141	in-ing,uan-uang,ua-uo,h-f,r-l	1
皮肉之苦	pí ròu zhī kǔ	44153	ao-ou,z-zh,r-l	1
清产核资	qīng chǎn hé zī	44162	in-ing,an-ang,z-zh,c-ch,h-f,j-q-x	1
人老珠黄	rén lǎo zhū huáng	44170	en-eng,uan-uang,ao-ou,z-zh,n-l,h-f,r-l	1
日耳曼人	rì ěr màn rén	44172	en-eng,an-ang,r-l	1
如临深渊	rú lín shēn yuān	44173	en-eng,in-ing,uan-uang,s-sh,n-l,r-l	1
死乞白赖	sǐ qi bái lài	44187	ai-ei,s-sh,n-l,r-l,j-q-x	1
投亲靠友	tóu qīn kào yǒu	44195	in-ing,ao-ou,j-q-x	1
无亲无故	wú qīn wú gù	44202	in-ing,j-q-x	1
相敬如宾	xiāng jìng rú bīn	44208	in-ing,ian-iang,r-l,j-q-x	1
削足适履	xuē zú shì lǚ	44219	z-zh,s-sh,n-l,r-l,j-q-x	1
杳无音讯	yǎo wú yīn xùn	44224	in-ing,ao-ou,j-q-x	3
一面之词	yī miàn zhī cí	44226	ian-iang,z-zh,c-ch	1
莺歌燕舞	yīng gē yàn wǔ	44229	in-ing,an-ang	1
蝇营狗苟	yíng yíng gǒu gǒu	44230	in-ing,ao-ou	1
永生永世	yǒng shēng yǒng shì	44233	en-eng,s-sh	1
油头粉面	yóu tóu fěn miàn	44236	en-eng,ian-iang,ao-ou,h-f	1
啧有烦言	zé yǒu fán yán	44242	an-ang,ao-ou,z-zh,h-f	3
执法犯法	zhí fǎ fàn fǎ	44248	an-ang,z-zh,h-f	1
自高自大	zì gāo zì dà	44257	ao-ou,z-zh	1
插科打诨	chā kē dǎ hùn	44282	c-ch,h-f	3
达斡尔族	dá wò ěr zú	44299	z-zh	3
待价而沽	dài jià ér gū	44302	ai-ei,ia-ie,j-q-x	1
等量齐观	děng liàng qí guān	44306	en-eng,ian-iang,uan-uang,n-l,r-l,j-q-x	1
夫唱妇随	fū chàng fù suí	44323	an-ang,c-ch,s-sh,h-f	1
肝肠寸断	gān cháng cùn duàn	44325	an-ang,uan-uang,c-ch	1
隔岸观火	gé àn guān huǒ	44328	an-ang,uan-uang,ua-uo,h-f	1
隔三岔五	gé sān chà wǔ	44329	an-ang,c-ch,s-sh	1
功败垂成	gōng bài chuí chéng	44333	en-eng,ai-ei,c-ch	1
狗皮膏药	gǒu pí gāo yao	44335	ao-ou	1
后生可畏	hòu shēng kě wèi	44344	en-eng,ai-ei,ao-ou,s-sh,h-f	1
军事管制	jūn shì guǎn zhì	44366	uan-uang,z-zh,s-sh,j-q-x	1
老羞成怒	lǎo xiū chéng nù	44374	en-eng,ao-ou,c-ch,n-l,r-l,j-q-x	1
茹毛饮血	rú máo yǐn xuè	44409	in-ing,ao-ou,r-l,j-q-x	3
伤筋动骨	shāng jīn dòng gǔ	44411	in-ing,an-ang,s-sh,j-q-x	1
生死之交	shēng sǐ zhī jiāo	44416	en-eng,z-zh,s-sh,j-q-x	1
斯拉夫人	sī lā fū rén	44426	en-eng,s-sh,n-l,h-f,r-l	1
体外循环	tǐ wài xún huán	44432	uan-uang,ai-ei,h-f,j-q-x	1
万全之策	wàn quán zhī cè	44443	an-ang,uan-uang,z-zh,c-ch,j-q-x	1
望其项背	wàng qí xiàng bèi	44444	an-ang,ian-iang,ai-ei,j-q-x	1
怏怏不乐	yàng yàng bù lè	44463	an-ang,n-l,r-l	3
一手包办	yī shǒu bāo bàn	44469	an-ang,ao-ou,s-sh	1
以柔克刚	yǐ róu kè gāng	44470	an-ang,ao-ou,r-l	1
油嘴滑舌	yóu zuǐ huá shé	44474	ao-ou,ua-uo,z-zh,s-sh,h-f	1
朝秦暮楚	zhāo qín mù chǔ	44482	in-ing,ao-ou,z-zh,c-ch,j-q-x	1
侦察卫星	zhēn chá wèi xīng	44483	en-eng,in-ing,ai-ei,z-zh,c-ch,j-q-x	1
珍禽异兽	zhēn qín yì shòu	44484	en-eng,in-ing,ao-ou,z-zh,s-sh,j-q-x	1
铮铮铁骨	zhēng zhēng tiě gǔ	44486	en-eng,ia-ie,z-zh	3
指鹿为马	zhǐ lù wéi mǎ	44487	ai-ei,z-zh,n-l,r-l	1
卓尔不群	zhuó ěr bù qún	44493	ua-uo,z-zh,j-q-x	1
白色垃圾	bái sè lā jī	44500	ai-ei,s-sh,n-l,r-l,j-q-x	1
半新不旧	bàn xīn bù jiù	44501	in-ing,an-ang,j-q-x	1
草菅人命	cǎo jiān rén mìng	44510	en-eng,in-ing,ian-iang,ao-ou,c-ch,r-l,j-q-x	3
缠绵悱恻	chán mián fěi cè	44512	an-ang,ian-iang,ai-ei,c-ch,h-f	3
赤膊上阵	chì bó shàng zhèn	44517	en-eng,an-ang,z-zh,c-ch,s-sh	1
大吹大擂	dà chuī dà léi	44524	ai-ei,c-ch,n-l,r-l	1
恶声恶气	è shēng è qì	44540	en-eng,s-sh,j-q-x	1
耳鬓厮磨	ěr bìn sī mó	44541	in-ing,s-sh	3
放荡不羁	fàng dàng bù jī	44546	an-ang,h-f,j-q-x	3
含糊其词	hán hú qí cí	44562	an-ang,c-ch,h-f,j-q-x	1
花边新闻	huā biān xīn wén	44567	en-eng,in-ing,ian-iang,ua-uo,h-f,j-q-x	1
皇天后土	huáng tiān hòu tǔ	44574	ian-iang,uan-uang,ao-ou,h-f	1
老奸巨猾	lǎo jiān jù huá	44594	ian-iang,ao-ou,ua-uo,n-l,h-f,r-l,j-q-x	1
里通外国	lǐ tōng wài guó	44596	ai-ei,ua-uo,n-l,r-l	1
马失前蹄	mǎ shī qián tí	44603	ian-iang,s-sh,j-q-x	1
卖国求荣	mài guó qiú róng	44604	ai-ei,ua-uo,r-l,j-q-x	1
漠然置之	mò rán zhì zhī	44613	an-ang,z-zh,r-l	1
能屈能伸	néng qū néng shēn	44616	en-eng,s-sh,n-l,j-q-x	1
拼命三郎	pīn mìng sān láng	44626	in-ing,an-ang,s-sh,n-l,r-l	1
妻儿老小	qī ér lǎo xiǎo	44629	ao-ou,n-l,r-l,j-q-x	1
轻歌曼舞	qīng gē màn wǔ	44633	in-ing,an-ang,j-q-x	1
食不甘味	shí bù gān wèi	44649	an-ang,ai-ei,s-sh	1
首鼠两端	shǒu shǔ liǎng duān	44654	ian-iang,uan-uang,ao-ou,s-sh,n-l,r-l	1
望洋兴叹	wàng yáng xīng tàn	44679	in-ing,an-ang,j-q-x	1
闻鸡起舞	wén jī qǐ wǔ	44681	en-eng,j-q-x	1
无铅汽油	wú qiān qì yóu	44683	ian-iang,ao-ou,j-q-x	1
五短身材	wǔ duǎn shēn cái	44684	en-eng,uan-uang,ai-ei,c-ch,s-sh	1
心如刀割	xīn rú dāo gē	44699	in-ing,ao-ou,r-l,j-q-x	1
有棱有角	yǒu léng yǒu jiǎo	44722	en-eng,ao-ou,n-l,r-l,j-q-x	1
有眼无珠	yǒu yǎn wú zhū	44724	an-ang,ao-ou,z-zh	1
斩尽杀绝	zhǎn jìn shā jué	44733	in-ing,an-ang,z-zh,s-sh,j-q-x	1
知足常乐	zhī zú cháng lè	44737	an-ang,z-zh,c-ch,n-l,r-l	1
总统套房	zǒng tǒng tào fáng	44743	an-ang,ao-ou,z-zh,h-f	1
半老徐娘	bàn lǎo xú niáng	44753	an-ang,ian-iang,ao-ou,n-l,r-l,j-q-x	1
不是味儿	bù shì wèi er	44762	ai-ei,s-sh	1
常备不懈	cháng bèi bù xiè	44765	an-ang,ai-ei,ia-ie,c-ch,j-q-x	1
春风满面	chūn fēng mǎn miàn	44775	en-eng,an-ang,ian-iang,c-ch,h-f	1
打歼灭战	dǎ jiān miè zhàn	44778	an-ang,ian-iang,ia-ie,z-zh,j-q-x	1
电子汇款	diàn zǐ huì kuǎn	44786	ian-iang,uan-uang,z-zh,h-f	1
感恩图报	gǎn ēn tú bào	44803	en-eng,an-ang,ao-ou	1
关门大吉	guān mén dà jí	44808	en-eng,uan-uang,j-q-x	1
国色天香	guó sè tiān xiāng	44809	ian-iang,ua-uo,s-sh,j-q-x	1
黑咕隆咚	hēi gu lōng dōng	44812	ai-ei,n-l,h-f,r-l	3
狐狸尾巴	hú li wěi ba	44816	ai-ei,n-l,h-f,r-l	1
见所未见	jiàn suǒ wèi jiàn	44826	ian-iang,ai-ei,ua-uo,s-sh,j-q-x	1
骄奢淫逸	jiāo shē yín yì	44829	in-ing,s-sh,j-q-x	1
井底之蛙	jǐng dǐ zhī wā	44838	in-ing,z-zh,j-q-x	1
令人捧腹	lìng rén pěng fǔ	44852	en-eng,in-ing,n-l,h-f,r-l	1
没大没小	méi dà méi xiǎo	44856	ai-ei,j-q-x	1
欺软怕硬	qī ruǎn pà yìng	44870	in-ing,uan-uang,r-l,j-q-x	1
沁人肺腑	qìn rén fèi fǔ	44877	en-eng,in-ing,ai-ei,h-f,r-l,j-q-x	3
人前人后	rén qián rén hòu	44886	en-eng,ian-iang,ao-ou,h-f,r-l,j-q-x	1
人造纤维	rén zào xiān wéi	44887	en-eng,ian-iang,ai-ei,ao-ou,z-zh,r-l,j-q-x	1
少不更事	shào bù gēng shì	44892	en-eng,ao-ou,s-sh	1
食不果腹	shí bù guǒ fù	44900	ua-uo,s-sh,h-f	1
损兵折将	sǔn bīng zhé jiàng	44914	in-ing,ian-iang,z-zh,s-sh,j-q-x	1
拖儿带女	tuō ér dài nǚ	44927	ai-ei,ua-uo,n-l	1
文武双全	wén wǔ shuāng quán	44931	en-eng,uan-uang,s-sh,j-q-x	1
物以类聚	wù yǐ lèi jù	44934	ai-ei,n-l,r-l,j-q-x	1
乡规民约	xiāng guī mín yuē	44939	in-ing,ian-iang,j-q-x	1
相对真理	xiāng duì zhēn lǐ	44940	en-eng,ian-iang,z-zh,n-l,r-l,j-q-x	1
刑事判决	xíng shì pàn jué	44945	in-ing,an-ang,s-sh,j-q-x	1
形神兼备	xíng shén jiān bèi	44946	en-eng,in-ing,ian-iang,ai-ei,s-sh,j-q-x	1
一把好手	yī bǎ hǎo shǒu	44957	ao-ou,s-sh,h-f	1
一笔带过	yī bǐ dài guò	44958	ai-ei,ua-uo	1
一表人才	yī biǎo rén cái	44959	en-eng,ai-ei,c-ch,r-l	1
一语中的	yī yǔ zhōng dì	44960	z-zh	1
增光添彩	zēng guāng tiān cǎi	44980	en-eng,ian-iang,uan-uang,ai-ei,z-zh,c-ch	1
坐而论道	zuò ér lùn dào	44996	ao-ou,ua-uo,z-zh,n-l,r-l	1
鞍前马后	ān qián mǎ hòu	45001	an-ang,ian-iang,ao-ou,h-f,j-q-x	1
别有风味	bié yǒu fēng wèi	45007	en-eng,ai-ei,ao-ou,ia-ie,h-f	1
不足挂齿	bù zú guà chǐ	45011	ua-uo,z-zh,c-ch	1
神神叨叨	shén shen dāo dāo	45015	en-eng,ao-ou,s-sh	1
大而无当	dà ér wú dàng	45039	an-ang	1
大梦初醒	dà mèng chū xǐng	45040	en-eng,in-ing,c-ch,j-q-x	1
胆大心细	dǎn dà xīn xì	45043	in-ing,an-ang,j-q-x	1
调虎离山	diào hǔ lí shān	45053	an-ang,s-sh,n-l,h-f,r-l	1
寡廉鲜耻	guǎ lián xiǎn chǐ	45084	ian-iang,ua-uo,c-ch,n-l,r-l,j-q-x	1
国际公法	guó jì gōng fǎ	45090	ua-uo,h-f,j-q-x	1
合纵连横	hé zòng lián héng	45096	en-eng,ian-iang,z-zh,n-l,h-f,r-l	1
虎背熊腰	hǔ bèi xióng yāo	45101	ai-ei,ao-ou,h-f,j-q-x	1
画地为牢	huà dì wéi láo	45102	ai-ei,ao-ou,ua-uo,n-l,h-f,r-l	1
坏心眼儿	huài xīn yǎn er	45103	in-ing,an-ang,h-f,j-q-x	1
鸡犬升天	jī quǎn shēng tiān	45106	en-eng,ian-iang,uan-uang,s-sh,j-q-x	1
江郎才尽	jiāng láng cái jìn	45111	in-ing,an-ang,ian-iang,ai-ei,c-ch,n-l,r-l,j-q-x	1
解甲归田	jiě jiǎ guī tián	45113	ian-iang,ia-ie,j-q-x	1
君子协定	jūn zǐ xié dìng	45121	in-ing,ia-ie,z-zh,j-q-x	1
口干舌燥	kǒu gān shé zào	45127	an-ang,ao-ou,z-zh,s-sh	1
郎才女貌	láng cái nǚ mào	45131	an-ang,ai-ei,ao-ou,c-ch,n-l,r-l	1
两小无猜	liǎng xiǎo wú cāi	45138	ian-iang,ai-ei,c-ch,n-l,r-l,j-q-x	1
溜须拍马	liū xū pāi mǎ	45139	ai-ei,n-l,r-l,j-q-x	1
马首是瞻	mǎ shǒu shì zhān	45142	an-ang,ao-ou,z-zh,s-sh	1
茫无头绪	máng wú tóu xù	45144	an-ang,ao-ou,j-q-x	1
目不忍睹	mù bù rěn dǔ	45148	en-eng,r-l	1
噼里啪啦	pī li pā lā	45154	n-l,r-l	3
期期艾艾	qī qī ài ài	45157	ai-ei,j-q-x	1
千儿八百	qiān er bā bǎi	45160	ian-iang,ai-ei,j-q-x	1
强人所难	qiǎng rén suǒ nán	45166	en-eng,an-ang,ian-iang,ua-uo,s-sh,n-l,r-l,j-q-x	1
倾国倾城	qīng guó qīng chéng	45168	en-eng,in-ing,ua-uo,c-ch,j-q-x	1
人丁兴旺	rén dīng xīng wàng	45173	en-eng,in-ing,an-ang,r-l,j-q-x	1
人各有志	rén gè yǒu zhì	45174	en-eng,ao-ou,z-zh,r-l	1
忍饥挨饿	rěn jī ái è	45175	en-eng,ai-ei,r-l,j-q-x	1
声色犬马	shēng sè quǎn mǎ	45191	en-eng,uan-uang,s-sh,j-q-x	1
誓不罢休	shì bù bà xiū	45195	s-sh,j-q-x	1
熟门熟路	shú mén shú lù	45196	en-eng,s-sh,n-l,r-l	1
搜索枯肠	sōu suǒ kū cháng	45198	an-ang,ao-ou,ua-uo,c-ch,s-sh	1
威武不屈	wēi wǔ bù qū	45214	ai-ei,j-q-x	1
喜从天降	xǐ cóng tiān jiàng	45221	ian-iang,c-ch,j-q-x	1
压缩饼干	yā suō bǐng gān	45232	in-ing,an-ang,ua-uo,s-sh	1
洋洋大观	yáng yáng dà guān	45235	an-ang,uan-uang	1
一诺千金	yī nuò qiān jīn	45239	in-ing,ian-iang,ua-uo,n-l,j-q-x	1
贻笑大方	yí xiào dà fāng	45241	an-ang,h-f,j-q-x	1
以攻为守	yǐ gōng wéi shǒu	45243	ai-ei,ao-ou,s-sh	1
鱼死网破	yú sǐ wǎng pò	45251	an-ang,s-sh	1
冤家路窄	yuān jiā lù zhǎi	45255	uan-uang,ai-ei,ia-ie,z-zh,n-l,r-l,j-q-x	1
月光如水	yuè guāng rú shuǐ	45256	uan-uang,s-sh,r-l	1
正中下怀	zhèng zhòng xià huái	45267	en-eng,ia-ie,z-zh,h-f,j-q-x	1
吱吱喳喳	zhī zhī chā chā	45269	z-zh,c-ch	1
咫尺天涯	zhǐ chǐ tiān yá	45270	ian-iang,z-zh,c-ch	3
著作等身	zhù zuò děng shēn	45277	en-eng,ua-uo,z-zh,s-sh	1
八面威风	bā miàn wēi fēng	45281	en-eng,ian-iang,ai-ei,h-f	1
兵不厌诈	bīng bù yàn zhà	45292	in-ing,an-ang,z-zh	1
不即不离	bù jí bù lí	45295	n-l,r-l,j-q-x	1
城下之盟	chéng xià zhī méng	45302	en-eng,ia-ie,z-zh,c-ch,j-q-x	1
除旧布新	chú jiù bù xīn	45309	in-ing,c-ch,j-q-x	1
垂帘听政	chuí lián tīng zhèng	45310	en-eng,in-ing,ian-iang,z-zh,c-ch,n-l,r-l	1
唇红齿白	chún hóng chǐ bái	45311	ai-ei,c-ch,h-f	1
戴罪立功	dài zuì lì gōng	45318	ai-ei,z-zh,n-l,r-l	1
肚脐眼儿	dù qí yǎn er	45334	an-ang,j-q-x	1
焚书坑儒	fén shū kēng rú	45347	en-eng,s-sh,h-f,r-l	1
富国强兵	fù guó qiáng bīng	45353	in-ing,ian-iang,ua-uo,h-f,j-q-x	1
改名换姓	gǎi míng huàn xìng	45354	in-ing,uan-uang,ai-ei,h-f,j-q-x	1
各行其道	gè xíng qí dào	45355	in-ing,ao-ou,j-q-x	1
呱呱坠地	gū gū zhuì dì	45360	z-zh	3
官官相护	guān guān xiāng hù	45363	ian-iang,uan-uang,h-f,j-q-x	1
过滤嘴儿	guò lǜ zuǐ er	45366	ua-uo,z-zh,n-l,r-l	1
过眼云烟	guò yǎn yún yān	45367	an-ang,ua-uo	1
过犹不及	guò yóu bù jí	45368	ao-ou,ua-uo,j-q-x	1
孩子头儿	hái zi tóu er	45369	ai-ei,ao-ou,z-zh,h-f	1
好样儿的	hǎo yàng er de	45373	an-ang,ao-ou,h-f	1
黑不溜秋	hēi bu liū qiū	45374	ai-ei,n-l,h-f,r-l,j-q-x	1
横眉冷对	héng méi lěng duì	45376	en-eng,ai-ei,n-l,h-f,r-l	1
花容月貌	huā róng yuè mào	45381	ao-ou,ua-uo,h-f,r-l	1
家庭影院	jiā tíng yǐng yuàn	45392	in-ing,uan-uang,ia-ie,j-q-x	1
金枝玉叶	jīn zhī yù yè	45401	in-ing,z-zh,j-q-x	1
锦衣玉食	jǐn yī yù shí	45403	in-ing,s-sh,j-q-x	1
静脉曲张	jìng mài qū zhāng	45409	in-ing,an-ang,ai-ei,z-zh,j-q-x	1
苦大仇深	kǔ dà chóu shēn	45413	en-eng,ao-ou,c-ch,s-sh	1
苦尽甘来	kǔ jìn gān lái	45414	in-ing,an-ang,ai-ei,n-l,r-l,j-q-x	1
老弱残兵	lǎo ruò cán bīng	45418	in-ing,an-ang,ao-ou,ua-uo,c-ch,n-l,r-l	1
怜香惜玉	lián xiāng xī yù	45420	ian-iang,n-l,r-l,j-q-x	1
落叶归根	luò yè guī gēn	45430	en-eng,ua-uo,n-l,r-l	1
弥天大谎	mí tiān dà huǎng	45440	ian-iang,uan-uang,h-f	1
目无法纪	mù wú fǎ jì	45448	h-f,j-q-x	1
男盗女娼	nán dào nǚ chāng	45450	an-ang,ao-ou,c-ch,n-l	3
泥牛入海	ní niú rù hǎi	45453	ai-ei,n-l,h-f,r-l	1
朋比为奸	péng bǐ wéi jiān	45458	en-eng,ian-iang,ai-ei,j-q-x	1
婆罗门教	pó luó mén jiào	45461	en-eng,ua-uo,n-l,r-l,j-q-x	1
人海战术	rén hǎi zhàn shù	45476	en-eng,an-ang,ai-ei,z-zh,s-sh,h-f,r-l	1
人赃俱获	rén zāng jù huò	45477	en-eng,an-ang,ua-uo,z-zh,h-f,r-l,j-q-x	1
身首异处	shēn shǒu yì chù	45485	en-eng,ao-ou,c-ch,s-sh	1
失道寡助	shī dào guǎ zhù	45487	ao-ou,ua-uo,z-zh,s-sh	1
叔伯兄弟	shū bai xiōng di	45490	ai-ei,s-sh,j-q-x	1
耍嘴皮子	shuǎ zuǐ pí zi	45492	ua-uo,z-zh,s-sh	1
搜肠刮肚	sōu cháng guā dù	45493	an-ang,ao-ou,ua-uo,c-ch,s-sh	1
天高气爽	tiān gāo qì shuǎng	45500	ian-iang,uan-uang,ao-ou,s-sh,j-q-x	1
推己及人	tuī jǐ jí rén	45512	en-eng,r-l,j-q-x	1
蔚为大观	wèi wéi dà guān	45519	uan-uang,ai-ei	1
新婚燕尔	xīn hūn yàn ěr	45536	in-ing,an-ang,h-f,j-q-x	1
秀外慧中	xiù wài huì zhōng	45542	ai-ei,z-zh,h-f,j-q-x	1
烟波浩渺	yān bō hào miǎo	45549	an-ang,ao-ou,h-f	1
仰卧起坐	yǎng wò qǐ zuò	45552	an-ang,ua-uo,z-zh,j-q-x	1
叶公好龙	yè gōng hào lóng	45554	ao-ou,n-l,h-f,r-l	1
颐养天年	yí yǎng tiān nián	45555	an-ang,ian-iang,n-l	3
与民同乐	yǔ mín tóng lè	45557	in-ing,n-l,r-l	1
指甲盖儿	zhǐ jia gài er	45572	ai-ei,ia-ie,z-zh,j-q-x	1
转忧为喜	zhuǎn yōu wéi xǐ	45576	uan-uang,ai-ei,ao-ou,z-zh,j-q-x	1
组合音响	zǔ hé yīn xiǎng	45580	in-ing,ian-iang,z-zh,h-f,j-q-x	1
半斤八两	bàn jīn bā liǎng	45585	in-ing,an-ang,ian-iang,n-l,r-l,j-q-x	1
别有洞天	bié yǒu dòng tiān	45594	ian-iang,ao-ou,ia-ie	1
超然物外	chāo rán wù wài	45604	an-ang,ai-ei,ao-ou,c-ch,r-l	1
成龙配套	chéng lóng pèi tào	45606	en-eng,ai-ei,ao-ou,c-ch,n-l,r-l	1
城市贫民	chéng shì pín mín	45608	en-eng,in-ing,c-ch,s-sh	1
初露锋芒	chū lù fēng máng	45612	en-eng,an-ang,c-ch,n-l,h-f,r-l	1
处之泰然	chǔ zhī tài rán	45615	an-ang,ai-ei,z-zh,c-ch,r-l	1
打预防针	dǎ yù fáng zhēn	45621	en-eng,an-ang,z-zh,h-f	1
道学先生	dào xué xiān sheng	45625	en-eng,ian-iang,ao-ou,s-sh,j-q-x	1
吊民伐罪	diào mín fá zuì	45627	in-ing,z-zh,h-f	1
东施效颦	dōng shī xiào pín	45628	in-ing,s-sh,j-q-x	3
多谋善断	duō móu shàn duàn	45633	an-ang,uan-uang,ao-ou,ua-uo,s-sh	1
风雪交加	fēng xuě jiāo jiā	45641	en-eng,ia-ie,h-f,j-q-x	1
福至心灵	fú zhì xīn líng	45644	in-ing,z-zh,n-l,h-f,r-l,j-q-x	1
含而不露	hán ér bù lù	45660	an-ang,n-l,h-f,r-l	1
鹤发童颜	hè fà tóng yán	45663	an-ang,h-f	1
互谅互让	hù liàng hù ràng	45667	an-ang,ian-iang,n-l,h-f,r-l	1
悔过自新	huǐ guò zì xīn	45673	in-ing,ua-uo,z-zh,h-f,j-q-x	1
机器翻译	jī qì fān yì	45676	an-ang,h-f,j-q-x	1
监守自盗	jiān shǒu zì dào	45682	ian-iang,ao-ou,z-zh,s-sh,j-q-x	1
兼容并包	jiān róng bìng bāo	45684	in-ing,ian-iang,ao-ou,r-l,j-q-x	1
劫富济贫	jié fù jì pín	45689	in-ing,ia-ie,h-f,j-q-x	1
酒囊饭袋	jiǔ náng fàn dài	45696	an-ang,ai-ei,n-l,h-f,j-q-x	1
老调重弹	lǎo diào chóng tán	45708	an-ang,ao-ou,c-ch,n-l,r-l	1
离群索居	lí qún suǒ jū	45712	ua-uo,s-sh,n-l,r-l,j-q-x	1
鸣金收兵	míng jīn shōu bīng	45733	in-ing,ao-ou,s-sh,j-q-x	1
鸣锣开道	míng luó kāi dào	45734	in-ing,ai-ei,ao-ou,ua-uo,n-l,r-l	1
起承转合	qǐ chéng zhuǎn hé	45750	en-eng,uan-uang,z-zh,c-ch,h-f,j-q-x	1
谦谦君子	qiān qiān jūn zǐ	45752	ian-iang,z-zh,j-q-x	1
青面獠牙	qīng miàn liáo yá	45759	in-ing,ian-iang,n-l,r-l,j-q-x	3
缺斤少两	quē jīn shǎo liǎng	45762	in-ing,ian-iang,ao-ou,s-sh,n-l,r-l,j-q-x	1
裙带关系	qún dài guān xì	45763	uan-uang,ai-ei,j-q-x	1
人防工程	rén fáng gōng chéng	45765	en-eng,an-ang,c-ch,h-f,r-l	1
三岔路口	sān chà lù kǒu	45770	an-ang,ao-ou,c-ch,s-sh,n-l,r-l	1
丧魂落魄	sàng hún luò pò	45771	an-ang,ua-uo,s-sh,n-l,h-f,r-l	1
杀一儆百	shā yī jǐng bǎi	45773	in-ing,ai-ei,s-sh,j-q-x	3
身怀六甲	shēn huái liù jiǎ	45777	en-eng,ia-ie,s-sh,n-l,h-f,r-l,j-q-x	1
十年寒窗	shí nián hán chuāng	45779	an-ang,ian-iang,uan-uang,c-ch,s-sh,n-l,h-f	1
识文断字	shí wén duàn zì	45781	en-eng,uan-uang,z-zh,s-sh	1
视若无睹	shì ruò wú dǔ	45782	ua-uo,s-sh,r-l	1
双百方针	shuāng bǎi fāng zhēn	45786	en-eng,an-ang,uan-uang,ai-ei,z-zh,s-sh,h-f	1
韬光养晦	tāo guāng yǎng huì	45794	an-ang,uan-uang,ao-ou,h-f	3
特别快车	tè bié kuài chē	45796	ia-ie,c-ch	1
天诛地灭	tiān zhū dì miè	45799	ian-iang,ia-ie,z-zh	3
添枝加叶	tiān zhī jiā yè	45800	ian-iang,ia-ie,z-zh,j-q-x	1
文如其人	wén rú qí rén	45812	en-eng,r-l,j-q-x	1
一股劲儿	yī gǔ jìn er	45839	in-ing,j-q-x	1
以观后效	yǐ guān hòu xiào	45842	uan-uang,ao-ou,h-f,j-q-x	1
子丑寅卯	zǐ chǒu yín mǎo	45873	in-ing,ao-ou,z-zh,c-ch	1
坐骨神经	zuò gǔ shén jīng	45878	en-eng,in-ing,ua-uo,z-zh,s-sh,j-q-x	1
白日做梦	bái rì zuò mèng	45883	en-eng,ai-ei,ua-uo,z-zh,r-l	1
百孔千疮	bǎi kǒng qiān chuāng	45884	ian-iang,uan-uang,ai-ei,c-ch,j-q-x	1
不知死活	bù zhī sǐ huó	45899	ua-uo,z-zh,s-sh,h-f	1
打家劫舍	dǎ jiā jié shè	45912	ia-ie,s-sh,j-q-x	1
得而复失	dé ér fù shī	45917	s-sh,h-f	1
地方主义	dì fāng zhǔ yì	45920	an-ang,z-zh,h-f	1
豆蔻年华	dòu kòu nián huá	45927	ian-iang,ao-ou,ua-uo,n-l,h-f	3
儿女亲家	ér nǚ qìng jia	45933	in-ing,ia-ie,n-l,j-q-x	1
防患未然	fáng huàn wèi rán	45946	an-ang,uan-uang,ai-ei,h-f,r-l	1
功德圆满	gōng dé yuán mǎn	45961	an-ang,uan-uang	1
故态复萌	gù tài fù méng	45965	en-eng,ai-ei,h-f	1
归心似箭	guī xīn sì jiàn	45971	in-ing,ian-iang,s-sh,j-q-x	1
国富民强	guó fù mín qiáng	45973	in-ing,ian-iang,ua-uo,h-f,j-q-x	1
化学元素	huà xué yuán sù	45984	uan-uang,ua-uo,s-sh,h-f,j-q-x	1
机关算尽	jī guān suàn jìn	45986	in-ing,uan-uang,s-sh,j-q-x	1
解剖麻雀	jiě pōu má què	45994	ao-ou,ia-ie,j-q-x	1
借酒浇愁	jiè jiǔ jiāo chóu	45995	ao-ou,ia-ie,c-ch,j-q-x	1
襟怀坦白	jīn huái tǎn bái	45996	in-ing,an-ang,ai-ei,h-f,j-q-x	1
决一雌雄	jué yī cí xióng	46000	c-ch,j-q-x	1
上合组织	shàng hé zǔ zhī	46004	an-ang,z-zh,s-sh,h-f	1
老老少少	lǎo lǎo shào shào	46005	ao-ou,s-sh,n-l,r-l	1
愣头愣脑	lèng tóu lèng nǎo	46008	en-eng,ao-ou,n-l,r-l	1
联合战线	lián hé zhàn xiàn	46010	an-ang,ian-iang,z-zh,n-l,h-f,r-l,j-q-x	1
貌合神离	mào hé shén lí	46018	en-eng,ao-ou,s-sh,n-l,h-f,r-l	1
面授机宜	miàn shòu jī yí	46023	ian-iang,ao-ou,s-sh,j-q-x	1
民族运动	mín zú yùn dòng	46026	in-ing,z-zh	1
名誉扫地	míng yù sǎo dì	46027	in-ing,ao-ou,s-sh	1
明眸皓齿	míng móu hào chǐ	46028	in-ing,ao-ou,c-ch,h-f	3
人面兽心	rén miàn shòu xīn	46055	en-eng,in-ing,ian-iang,ao-ou,s-sh,r-l,j-q-x	1
傻大黑粗	shǎ dà hēi cū	46059	ai-ei,c-ch,s-sh,h-f	1
傻里傻气	shǎ li shǎ qì	46060	s-sh,n-l,r-l,j-q-x	1
闪烁其词	shǎn shuò qí cí	46063	an-ang,ua-uo,c-ch,s-sh,j-q-x	1
上窜下跳	shàng cuàn xià tiào	46064	an-ang,uan-uang,ia-ie,c-ch,s-sh,j-q-x	1
师出无名	shī chū wú míng	46071	in-ing,c-ch,s-sh	1
缩头缩脑	suō tóu suō nǎo	46082	ao-ou,ua-uo,s-sh,n-l	1
童叟无欺	tóng sǒu wú qī	46091	ao-ou,s-sh,j-q-x	3
文不对题	wén bù duì tí	46097	en-eng	1
五代十国	wǔ dài shí guó	46099	ai-ei,ua-uo,s-sh	1
虚与委蛇	xū yǔ wēi yí	46122	ai-ei,j-q-x	1
以德报怨	yǐ dé bào yuàn	46137	uan-uang,ao-ou	1
以邻为壑	yǐ lín wéi hè	46138	in-ing,ai-ei,n-l,h-f,r-l	3
以怨报德	yǐ yuàn bào dé	46139	uan-uang,ao-ou	1
异端邪说	yì duān xié shuō	46140	uan-uang,ia-ie,ua-uo,s-sh,j-q-x	1
因人制宜	yīn rén zhì yí	46143	en-eng,in-ing,z-zh,r-l	1
英雄气短	yīng xióng qì duǎn	46145	in-ing,uan-uang,j-q-x	1
吱吱嘎嘎	zhī zhī gā gā	46161	z-zh	3
装疯卖傻	zhuāng fēng mài shǎ	46175	en-eng,uan-uang,ai-ei,z-zh,s-sh,h-f	1
锱铢必较	zī zhū bì jiào	46177	z-zh,j-q-x	3
碍手碍脚	ài shǒu ài jiǎo	46181	ai-ei,ao-ou,s-sh,j-q-x	1
百儿八十	bǎi er bā shí	46185	ai-ei,s-sh	1
不知所终	bù zhī suǒ zhōng	46196	ua-uo,z-zh,s-sh	1
沧海一粟	cāng hǎi yī sù	46201	an-ang,ai-ei,c-ch,s-sh,h-f	1
侧目而视	cè mù ér shì	46203	c-ch,s-sh	1
丑态百出	chǒu tài bǎi chū	46209	ai-ei,ao-ou,c-ch	1
等而下之	děng ér xià zhī	46231	en-eng,ia-ie,z-zh,j-q-x	1
翻云覆雨	fān yún fù yǔ	46238	an-ang,h-f	1
反躬自问	fǎn gōng zì wèn	46239	en-eng,an-ang,z-zh,h-f	1
反咬一口	fǎn yǎo yī kǒu	46240	an-ang,ao-ou,h-f	1
功成身退	gōng chéng shēn tuì	46250	en-eng,c-ch,s-sh	1
怪里怪气	guài li guài qì	46254	n-l,r-l,j-q-x	1
海枯石烂	hǎi kū shí làn	46261	an-ang,ai-ei,s-sh,n-l,h-f,r-l	1
间接选举	jiàn jiē xuǎn jǔ	46279	ian-iang,uan-uang,ia-ie,j-q-x	1
教学相长	jiào xué xiāng zhǎng	46282	an-ang,ian-iang,z-zh,j-q-x	1
结党营私	jié dǎng yíng sī	46283	in-ing,an-ang,ia-ie,s-sh,j-q-x	1
解囊相助	jiě náng xiāng zhù	46285	an-ang,ian-iang,ia-ie,z-zh,n-l,j-q-x	1
锦绣前程	jǐn xiù qián chéng	46289	en-eng,in-ing,ian-iang,c-ch,j-q-x	1
困兽犹斗	kùn shòu yóu dòu	46300	ao-ou,s-sh	1
老大不小	lǎo dà bù xiǎo	46308	ao-ou,n-l,r-l,j-q-x	1
乐不思蜀	lè bù sī shǔ	46310	s-sh,n-l,r-l	1
立身处世	lì shēn chǔ shì	46313	en-eng,c-ch,s-sh,n-l,r-l	1
良辰美景	liáng chén měi jǐng	46316	en-eng,in-ing,ian-iang,ai-ei,c-ch,n-l,r-l,j-q-x	1
鹿死谁手	lù sǐ shéi shǒu	46320	ai-ei,ao-ou,s-sh,n-l,r-l	1
毛手毛脚	máo shǒu máo jiǎo	46325	ao-ou,s-sh,j-q-x	1
平步青云	píng bù qīng yún	46345	in-ing,j-q-x	1
破衣烂衫	pò yī làn shān	46347	an-ang,s-sh,n-l,r-l	1
巧言令色	qiǎo yán lìng sè	46351	in-ing,an-ang,s-sh,n-l,r-l,j-q-x	1
屈打成招	qū dǎ chéng zhāo	46358	en-eng,ao-ou,z-zh,c-ch,j-q-x	1
三缄其口	sān jiān qí kǒu	46363	an-ang,ian-iang,ao-ou,s-sh,j-q-x	3
少年老成	shào nián lǎo chéng	46372	en-eng,ian-iang,ao-ou,c-ch,s-sh,n-l,r-l	1
深沟高垒	shēn gōu gāo lěi	46374	en-eng,ai-ei,ao-ou,s-sh,n-l,r-l	1
十冬腊月	shí dōng là yuè	46375	s-sh,n-l,r-l	1
恃强凌弱	shì qiáng líng ruò	46378	in-ing,ian-iang,ua-uo,s-sh,n-l,r-l,j-q-x	1
水性杨花	shuǐ xìng yáng huā	46383	in-ing,an-ang,ua-uo,s-sh,h-f,j-q-x	1
太空垃圾	tài kōng lā jī	46388	ai-ei,n-l,r-l,j-q-x	1
吐故纳新	tǔ gù nà xīn	46399	in-ing,n-l,j-q-x	1
望文生义	wàng wén shēng yì	46405	en-eng,an-ang,s-sh	1
相生相克	xiāng shēng xiāng kè	46418	en-eng,ian-iang,s-sh,j-q-x	1
相机行事	xiàng jī xíng shì	46421	in-ing,ian-iang,s-sh,j-q-x	1
徐娘半老	xú niáng bàn lǎo	46430	an-ang,ian-iang,ao-ou,n-l,r-l,j-q-x	1
学富五车	xué fù wǔ chē	46434	c-ch,h-f,j-q-x	1
寻死觅活	xún sǐ mì huó	46437	ua-uo,s-sh,h-f,j-q-x	1
一望无边	yī wàng wú biān	46444	an-ang,ian-iang	1
以正视听	yǐ zhèng shì tīng	46445	en-eng,in-ing,z-zh,s-sh	1
鹦鹉学舌	yīng wǔ xué shé	46449	in-ing,s-sh,j-q-x	1
月下老人	yuè xià lǎo rén	46453	en-eng,ao-ou,ia-ie,n-l,r-l,j-q-x	1
战而胜之	zhàn ér shèng zhī	46459	en-eng,an-ang,z-zh,s-sh	1
张皇失措	zhāng huáng shī cuò	46460	an-ang,uan-uang,ua-uo,z-zh,c-ch,s-sh,h-f	1
自不量力	zì bù liàng lì	46472	ian-iang,z-zh,n-l,r-l	1
自愧不如	zì kuì bù rú	46473	z-zh,r-l	1
自怨自艾	zì yuàn zì yì	46474	uan-uang,z-zh	1
遵章守纪	zūn zhāng shǒu jì	46479	an-ang,ao-ou,z-zh,s-sh,j-q-x	1
坐卧不宁	zuò wò bù níng	46480	in-ing,ua-uo,z-zh,n-l	1
安民告示	ān mín gào shi	46482	in-ing,an-ang,ao-ou,s-sh	1
摆龙门阵	bǎi lóng mén zhèn	46487	en-eng,ai-ei,z-zh,n-l,r-l	1
保险系数	bǎo xiǎn xì shù	46490	ian-iang,ao-ou,s-sh,j-q-x	1
暴殄天物	bào tiǎn tiān wù	46491	ian-iang,ao-ou	3
不足为训	bù zú wéi xùn	46501	ai-ei,z-zh,j-q-x	1
草莽英雄	cǎo mǎng yīng xióng	46504	in-ing,an-ang,ao-ou,c-ch,j-q-x	1
宠辱不惊	chǒng rǔ bù jīng	46512	in-ing,c-ch,r-l,j-q-x	1
臭名远扬	chòu míng yuǎn yáng	46514	in-ing,an-ang,uan-uang,ao-ou,c-ch	1
打马虎眼	dǎ mǎ hu yǎn	46524	an-ang,h-f	1
大材小用	dà cái xiǎo yòng	46525	ai-ei,c-ch,j-q-x	1
睹物思人	dǔ wù sī rén	46538	en-eng,s-sh,r-l	1
恩将仇报	ēn jiāng chóu bào	46540	en-eng,ian-iang,ao-ou,c-ch,j-q-x	1
格杀勿论	gé shā wù lùn	46557	s-sh,n-l,r-l	1
古道热肠	gǔ dào rè cháng	46560	an-ang,ao-ou,c-ch,r-l	1
含沙射影	hán shā shè yǐng	46566	in-ing,an-ang,s-sh,h-f	1
函授大学	hán shòu dà xué	46567	an-ang,ao-ou,s-sh,h-f,j-q-x	1
花拳绣腿	huā quán xiù tuǐ	46574	uan-uang,ua-uo,h-f,j-q-x	1
花生仁儿	huā shēng rén er	46575	en-eng,ua-uo,s-sh,h-f,r-l	1
急如星火	jí rú xīng huǒ	46589	in-ing,ua-uo,h-f,r-l,j-q-x	1
交通信号	jiāo tōng xìn hào	46593	in-ing,ao-ou,h-f,j-q-x	1
累死累活	lèi sǐ lèi huó	46613	ai-ei,ua-uo,s-sh,n-l,h-f,r-l	1
临终关怀	lín zhōng guān huái	46618	in-ing,uan-uang,z-zh,n-l,h-f,r-l	1
名扬四海	míng yáng sì hǎi	46634	in-ing,an-ang,ai-ei,s-sh,h-f	1
内外夹攻	nèi wài jiā gōng	46638	ai-ei,ia-ie,n-l,j-q-x	1
宁缺毋滥	nìng quē wú làn	46643	in-ing,an-ang,n-l,r-l,j-q-x	3
气贯长虹	qì guàn cháng hóng	46649	an-ang,uan-uang,c-ch,h-f,j-q-x	1
乔迁之喜	qiáo qiān zhī xǐ	46654	ian-iang,z-zh,j-q-x	1
人困马乏	rén kùn mǎ fá	46663	en-eng,h-f,r-l	1
人言可畏	rén yán kě wèi	46664	en-eng,an-ang,ai-ei,r-l	1
如丧考妣	rú sàng kǎo bǐ	46666	an-ang,ao-ou,s-sh,r-l	3
杀人灭口	shā rén miè kǒu	46668	en-eng,ao-ou,ia-ie,s-sh,r-l	1
手到擒来	shǒu dào qín lái	46679	in-ing,ai-ei,ao-ou,s-sh,n-l,r-l,j-q-x	1
顺水人情	shùn shuǐ rén qíng	46689	en-eng,in-ing,s-sh,r-l,j-q-x	1
硕大无朋	shuò dà wú péng	46690	en-eng,ua-uo,s-sh	1
天崩地裂	tiān bēng dì liè	46697	en-eng,ian-iang,ia-ie,n-l,r-l	1
天作之合	tiān zuò zhī hé	46698	ian-iang,ua-uo,z-zh,h-f	1
完全小学	wán quán xiǎo xué	46705	an-ang,uan-uang,j-q-x	1
橡皮图章	xiàng pí tú zhāng	46719	an-ang,ian-iang,z-zh,j-q-x	1
小大人儿	xiǎo dà rén er	46721	en-eng,r-l,j-q-x	1
小人得志	xiǎo rén dé zhì	46722	en-eng,z-zh,r-l,j-q-x	1
一文不名	yī wén bù míng	46745	en-eng,in-ing	1
有口无心	yǒu kǒu wú xīn	46749	in-ing,ao-ou,j-q-x	1
保质保量	bǎo zhì bǎo liàng	46779	ian-iang,ao-ou,z-zh,n-l,r-l	1
杯盘狼藉	bēi pán láng jí	46780	an-ang,ai-ei,n-l,r-l,j-q-x	1
不过尔尔	bù guò ěr ěr	46793	ua-uo	1
臭味相投	chòu wèi xiāng tóu	46813	ian-iang,ai-ei,ao-ou,c-ch,j-q-x	1
得陇望蜀	dé lǒng wàng shǔ	46825	an-ang,s-sh,n-l,r-l	3
地老天荒	dì lǎo tiān huāng	46829	ian-iang,uan-uang,ao-ou,n-l,h-f,r-l	1
第二职业	dì èr zhí yè	46830	z-zh	1
夺门而出	duó mén ér chū	46846	en-eng,ua-uo,c-ch	1
俄罗斯族	é luó sī zú	46848	ua-uo,z-zh,s-sh,n-l,r-l	1
耳提面命	ěr tí miàn mìng	46850	in-ing,ian-iang	1
幡然悔悟	fān rán huǐ wù	46852	an-ang,h-f,r-l	3
反目成仇	fǎn mù chéng chóu	46854	en-eng,an-ang,ao-ou,c-ch,h-f	1
封官许愿	fēng guān xǔ yuàn	46859	en-eng,uan-uang,h-f,j-q-x	1
疯疯癫癫	fēng feng diān diān	46860	en-eng,ian-iang,h-f	3
告老还乡	gào lǎo huán xiāng	46869	ian-iang,uan-uang,ao-ou,n-l,h-f,r-l,j-q-x	1
光可鉴人	guāng kě jiàn rén	46876	en-eng,ian-iang,uan-uang,r-l,j-q-x	1
狐群狗党	hú qún gǒu dǎng	46886	an-ang,ao-ou,h-f,j-q-x	1
虎口拔牙	hǔ kǒu bá yá	46887	ao-ou,h-f	1
化为泡影	huà wéi pào yǐng	46891	in-ing,ai-ei,ao-ou,ua-uo,h-f	1
画饼充饥	huà bǐng chōng jī	46892	in-ing,ua-uo,c-ch,h-f,j-q-x	1
捡破烂儿	jiǎn pò làn er	46899	an-ang,ian-iang,n-l,r-l,j-q-x	1
金蝉脱壳	jīn chán tuō qiào	46900	in-ing,an-ang,ua-uo,c-ch,j-q-x	1
精卫填海	jīng wèi tián hǎi	46903	in-ing,ian-iang,ai-ei,h-f,j-q-x	1
口出狂言	kǒu chū kuáng yán	46914	an-ang,uan-uang,ao-ou,c-ch	1
民脂民膏	mín zhī míng āo	46931	in-ing,ao-ou,z-zh	1
明火执仗	míng huǒ zhí zhàng	46933	in-ing,an-ang,ua-uo,z-zh,h-f	1
鸣冤叫屈	míng yuān jiào qū	46934	in-ing,uan-uang,j-q-x	1
拈花惹草	niān huā rě cǎo	46937	ian-iang,ao-ou,ua-uo,c-ch,n-l,h-f,r-l	3
牛头马面	niú tóu mǎ miàn	46941	ian-iang,ao-ou,n-l	1
帕金森病	pà jīn sēn bìng	46942	en-eng,in-ing,s-sh,j-q-x	1
人定胜天	rén dìng shèng tiān	46953	en-eng,in-ing,ian-iang,s-sh,r-l	1
傻头傻脑	shǎ tóu shǎ nǎo	46961	ao-ou,s-sh,n-l	1
神机妙算	shén jī miào suàn	46966	en-eng,uan-uang,s-sh,j-q-x	1
势不可当	shì bù kě dāng	46968	an-ang,s-sh	1
熟能生巧	shú néng shēng qiǎo	46971	en-eng,s-sh,n-l,j-q-x	1
探囊取物	tàn náng qǔ wù	46979	an-ang,n-l,j-q-x	1
天怒人怨	tiān nù rén yuàn	46985	en-eng,ian-iang,uan-uang,n-l,r-l	1
天外有天	tiān wài yǒu tiān	46986	ian-iang,ai-ei,ao-ou	1
枉费心机	wǎng fèi xīn jī	46995	in-ing,an-ang,ai-ei,h-f,j-q-x	1
先来后到	xiān lái hòu dào	47001	ian-iang,ai-ei,ao-ou,n-l,h-f,r-l,j-q-x	1
新来乍到	xīn lái zhà dào	47011	in-ing,ai-ei,ao-ou,z-zh,n-l,r-l,j-q-x	1
悬崖绝壁	xuán yá jué bì	47013	uan-uang,j-q-x	1
寻根究底	xún gēn jiū dǐ	47015	en-eng,j-q-x	1
以貌取人	yǐ mào qǔ rén	47027	en-eng,ao-ou,r-l,j-q-x	1
易守难攻	yì shǒu nán gōng	47030	an-ang,ao-ou,s-sh,n-l	1
缘木求鱼	yuán mù qiú yú	47045	uan-uang,j-q-x	1
追本溯源	zhuī běn sù yuán	47059	en-eng,uan-uang,z-zh,s-sh	1
左膀右臂	zuǒ bǎng yòu bì	47064	an-ang,ao-ou,ua-uo,z-zh	1
百无禁忌	bǎi wú jìn jì	47071	in-ing,ai-ei,j-q-x	1
斑驳陆离	bān bó lù lí	47072	an-ang,n-l,r-l	1
词不达意	cí bù dá yì	47100	c-ch	1
大田作物	dà tián zuò wù	47105	ian-iang,ua-uo,z-zh	1
旦夕祸福	dàn xī huò fú	47111	an-ang,ua-uo,h-f,j-q-x	1
独立王国	dú lì wáng guó	47121	an-ang,ua-uo,n-l,r-l	1
二道贩子	èr dào fàn zi	47128	an-ang,ao-ou,z-zh,h-f	1
费尽心血	fèi jìn xīn xuè	47136	in-ing,ai-ei,h-f,j-q-x	1
苟且偷生	gǒu qiě tōu shēng	47143	en-eng,ao-ou,ia-ie,s-sh,j-q-x	1
怪声怪气	guài shēng guài qì	47147	en-eng,s-sh,j-q-x	1
鳏寡孤独	guān guǎ gū dú	47149	uan-uang,ua-uo	3
几起几落	jǐ qǐ jǐ luò	47171	ua-uo,n-l,r-l,j-q-x	1
奖勤罚懒	jiǎng qín fá lǎn	47177	in-ing,an-ang,ian-iang,n-l,h-f,r-l,j-q-x	1
借花献佛	jiè huā xiàn fó	47181	ian-iang,ia-ie,ua-uo,h-f,j-q-x	1
精神头儿	jīng shen tóu er	47183	en-eng,in-ing,ao-ou,s-sh,j-q-x	1
九牛一毛	jiǔ niú yī máo	47184	ao-ou,n-l,j-q-x	1
零七八碎	líng qī bā suì	47201	in-ing,s-sh,n-l,r-l,j-q-x	1
慢慢腾腾	màn man tēng tēng	47205	en-eng,an-ang	1
名人效应	míng rén xiào yìng	47211	en-eng,in-ing,r-l,j-q-x	1
秣马厉兵	mò mǎ lì bīng	47213	in-ing,n-l,r-l	3
墨迹未干	mò jì wèi gān	47214	an-ang,ai-ei,j-q-x	1
披麻戴孝	pī má dài xiào	47229	ai-ei,j-q-x	1
黔驴技穷	qián lǘ jì qióng	47241	ian-iang,n-l,r-l,j-q-x	1
清水衙门	qīng shuǐ yá men	47243	en-eng,in-ing,s-sh,j-q-x	1
犬马之劳	quǎn mǎ zhī láo	47246	uan-uang,ao-ou,z-zh,n-l,r-l,j-q-x	1
热岛效应	rè dǎo xiào yìng	47248	in-ing,ao-ou,r-l,j-q-x	1
日上三竿	rì shàng sān gān	47250	an-ang,s-sh,r-l	1
删繁就简	shān fán jiù jiǎn	47257	an-ang,ian-iang,s-sh,h-f,j-q-x	1
生财有道	shēng cái yǒu dào	47261	en-eng,ai-ei,ao-ou,c-ch,s-sh	1
实至名归	shí zhì míng guī	47267	in-ing,z-zh,s-sh	1
树大招风	shù dà zhāo fēng	47272	en-eng,ao-ou,z-zh,s-sh,h-f	1
夙兴夜寐	sù xīng yè mèi	47276	in-ing,ai-ei,s-sh,j-q-x	3
泰山压顶	tài shān yā dǐng	47279	in-ing,an-ang,ai-ei,s-sh	1
桃红柳绿	táo hóng liǔ lǜ	47282	ao-ou,n-l,h-f,r-l	1
透心儿凉	tòu xīn er liáng	47289	in-ing,ian-iang,ao-ou,n-l,r-l,j-q-x	1
徒劳无功	tú láo wú gōng	47290	ao-ou,n-l,r-l	1
物是人非	wù shì rén fēi	47301	en-eng,ai-ei,s-sh,h-f,r-l	1
凶相毕露	xiōng xiàng bì lù	47313	ian-iang,n-l,r-l,j-q-x	1
一脉相传	yī mài xiāng chuán	47319	ian-iang,uan-uang,ai-ei,c-ch,j-q-x	1
优哉游哉	yōu zāi yóu zāi	47326	ai-ei,ao-ou,z-zh	1
造谣中伤	zào yáo zhòng shāng	47333	an-ang,ao-ou,z-zh,s-sh	1
择善而从	zé shàn ér cóng	47334	an-ang,z-zh,c-ch,s-sh	1
走马看花	zǒu mǎ kàn huā	47351	an-ang,ao-ou,ua-uo,z-zh,h-f	1
坐井观天	zuò jǐng guān tiān	47354	in-ing,ian-iang,uan-uang,ua-uo,z-zh,j-q-x	1
不知就里	bù zhī jiù lǐ	47372	z-zh,n-l,r-l,j-q-x	1
长袖善舞	cháng xiù shàn wǔ	47377	an-ang,c-ch,s-sh,j-q-x	1
大放厥词	dà fàng jué cí	47399	an-ang,c-ch,h-f,j-q-x	3
刁钻古怪	diāo zuān gǔ guài	47409	uan-uang,z-zh	1
东挪西借	dōng nuó xī jiè	47413	ia-ie,ua-uo,n-l,j-q-x	1
奉若神明	fèng ruò shén míng	47431	en-eng,in-ing,ua-uo,s-sh,h-f,r-l	1
高视阔步	gāo shì kuò bù	47437	ao-ou,ua-uo,s-sh	1
公之于世	gōng zhī yú shì	47443	z-zh,s-sh	1
哈雷彗星	hā léi huì xīng	47454	in-ing,ai-ei,n-l,h-f,r-l,j-q-x	3
核桃仁儿	hé tao rén er	47457	en-eng,ao-ou,h-f,r-l	1
红杏出墙	hóng xìng chū qiáng	47460	in-ing,ian-iang,c-ch,h-f,j-q-x	1
红颜薄命	hóng yán bó mìng	47461	in-ing,an-ang,h-f	1
灰头土脸	huī tóu tǔ liǎn	47470	ian-iang,ao-ou,n-l,h-f,r-l	1
见风使舵	jiàn fēng shǐ duò	47480	en-eng,ian-iang,ua-uo,s-sh,h-f,j-q-x	1
健步如飞	jiàn bù rú fēi	47481	ian-iang,ai-ei,h-f,r-l,j-q-x	1
卷帙浩繁	juàn zhì hào fán	47499	an-ang,uan-uang,ao-ou,z-zh,h-f,j-q-x	3
老少咸宜	lǎo shào xián yí	47510	ian-iang,ao-ou,s-sh,n-l,r-l,j-q-x	1
屡试不爽	lǚ shì bù shuǎng	47518	uan-uang,s-sh,n-l,r-l	1
略胜一筹	lüè shèng yī chóu	47519	en-eng,ao-ou,c-ch,s-sh,n-l,r-l	1
名满天下	míng mǎn tiān xià	47528	in-ing,an-ang,ian-iang,ia-ie,j-q-x	1
弃暗投明	qì àn tóu míng	47553	in-ing,an-ang,ao-ou,j-q-x	1
亲子鉴定	qīn zǐ jiàn dìng	47555	in-ing,ian-iang,z-zh,j-q-x	1
青出于蓝	qīng chū yú lán	47556	in-ing,an-ang,c-ch,n-l,r-l,j-q-x	1
青云直上	qīng yún zhí shàng	47558	in-ing,an-ang,z-zh,s-sh,j-q-x	1
群众关系	qún zhòng guān xì	47563	uan-uang,z-zh,j-q-x	1
仁义之师	rén yì zhī shī	47564	en-eng,z-zh,s-sh,r-l	1
日薄西山	rì bó xī shān	47565	an-ang,s-sh,r-l,j-q-x	1
塞翁失马	sài wēng shī mǎ	47569	en-eng,ai-ei,s-sh	1
山盟海誓	shān méng hǎi shì	47571	en-eng,an-ang,ai-ei,s-sh,h-f	1
手下败将	shǒu xià bài jiàng	47581	ian-iang,ai-ei,ao-ou,ia-ie,s-sh,j-q-x	1
耍花招儿	shuǎ huā zhāo er	47584	ao-ou,ua-uo,z-zh,s-sh,h-f	1
温故知新	wēn gù zhī xīn	47602	en-eng,in-ing,z-zh,j-q-x	1
文武全才	wén wǔ quán cái	47603	en-eng,uan-uang,ai-ei,c-ch,j-q-x	1
五马分尸	wǔ mǎ fēn shī	47605	en-eng,s-sh,h-f	1
形影相吊	xíng yǐng xiāng diào	47619	in-ing,ian-iang,j-q-x	1
眼高手低	yǎn gāo shǒu dī	47626	an-ang,ao-ou,s-sh	1
验明正身	yàn míng zhèng shēn	47627	en-eng,in-ing,an-ang,z-zh,s-sh	1
一张一弛	yī zhāng yī chí	47632	an-ang,z-zh,c-ch	1
仪态万方	yí tài wàn fāng	47634	an-ang,ai-ei,h-f	1
悠悠忽忽	yōu yōu hū hū	47638	ao-ou,h-f	1
油光水滑	yóu guāng shuǐ huá	47640	uan-uang,ao-ou,ua-uo,s-sh,h-f	1
余音绕梁	yú yīn rào liáng	47643	in-ing,ian-iang,ao-ou,n-l,r-l	1
枕戈待旦	zhěn gē dài dàn	47654	en-eng,an-ang,ai-ei,z-zh	1
争名夺利	zhēng míng duó lì	47655	en-eng,in-ing,ua-uo,z-zh,n-l,r-l	1
众口难调	zhòng kǒu nán tiáo	47660	an-ang,ao-ou,z-zh,n-l	1
注音字母	zhù yīn zì mǔ	47663	in-ing,z-zh	1
追根究底	zhuī gēn jiū dǐ	47666	en-eng,z-zh,j-q-x	1
自行火炮	zì xíng huǒ pào	47669	in-ing,ao-ou,ua-uo,z-zh,h-f,j-q-x	1
安贫乐道	ān pín lè dào	47674	in-ing,an-ang,ao-ou,n-l,r-l	1
百思不解	bǎi sī bù jiě	47677	ai-ei,ia-ie,s-sh,j-q-x	1
卑躬屈膝	bēi gōng qū xī	47685	ai-ei,j-q-x	1
不胜其烦	bù shèng qí fán	47693	en-eng,an-ang,s-sh,h-f,j-q-x	1
才疏学浅	cái shū xué qiǎn	47694	ian-iang,ai-ei,c-ch,s-sh,j-q-x	1
重温旧梦	chóng wēn jiù mèng	47711	en-eng,c-ch,j-q-x	1
触类旁通	chù lèi páng tōng	47716	an-ang,ai-ei,c-ch,n-l,r-l	1
打击乐器	dǎ jī yuè qì	47725	j-q-x	1
形销骨立	xíng xiāo gǔ lì	47733	in-ing,n-l,r-l,j-q-x	1
放虎归山	fàng hǔ guī shān	47748	an-ang,s-sh,h-f	1
飞来横祸	fēi lái hèng huò	47749	en-eng,ai-ei,ua-uo,n-l,h-f,r-l	1
风吹雨淋	fēng chuī yǔ lín	47750	en-eng,in-ing,c-ch,n-l,h-f,r-l	1
负荆请罪	fù jīng qǐng zuì	47752	in-ing,z-zh,h-f,j-q-x	1
花生豆儿	huā shēng dòu er	47779	en-eng,ao-ou,ua-uo,s-sh,h-f	1
灰色收入	huī sè shōu rù	47782	ao-ou,s-sh,h-f,r-l	1
家庭病床	jiā tíng bìng chuáng	47792	in-ing,uan-uang,ia-ie,c-ch,j-q-x	1
家长学校	jiā zhǎng xué xiào	47793	an-ang,ia-ie,z-zh,j-q-x	1
口头文学	kǒu tóu wén xué	47812	en-eng,ao-ou,j-q-x	1
买空卖空	mǎi kōng mài kōng	47829	ai-ei	1
怒形于色	nù xíng yú sè	47842	in-ing,s-sh,n-l,j-q-x	1
排难解纷	pái nàn jiě fēn	47844	en-eng,an-ang,ai-ei,ia-ie,n-l,h-f,j-q-x	1
旁门左道	páng mén zuǒ dào	47845	en-eng,an-ang,ao-ou,ua-uo,z-zh	1
偏听偏信	piān tīng piān xìn	47850	in-ing,ian-iang,j-q-x	1
拼音文字	pīn yīn wén zì	47851	en-eng,in-ing,z-zh	1
七拼八凑	qī pīn bā còu	47854	in-ing,ao-ou,c-ch,j-q-x	1
前俯后仰	qián fǔ hòu yǎng	47861	an-ang,ian-iang,ao-ou,h-f,j-q-x	1
庆大霉素	qìng dà méi sù	47865	in-ing,ai-ei,s-sh,j-q-x	1
软硬不吃	ruǎn yìng bù chī	47873	in-ing,uan-uang,c-ch,r-l	1
上吐下泻	shàng tù xià xiè	47880	an-ang,ia-ie,s-sh,j-q-x	1
尸位素餐	shī wèi sù cān	47882	an-ang,ai-ei,c-ch,s-sh	1
实报实销	shí bào shí xiāo	47885	ao-ou,s-sh,j-q-x	1
实心眼儿	shí xīn yǎn er	47886	in-ing,an-ang,s-sh,j-q-x	1
天塌地陷	tiān tā dì xiàn	47896	ian-iang,j-q-x	1
投桃报李	tóu táo bào lǐ	47902	ao-ou,n-l,r-l	1
图谋不轨	tú móu bù guǐ	47903	ao-ou	1
万儿八千	wàn er bā qiān	47910	an-ang,ian-iang,j-q-x	1
握手言欢	wò shǒu yán huān	47915	an-ang,uan-uang,ao-ou,s-sh,h-f	1
五洲四海	wǔ zhōu sì hǎi	47916	ai-ei,ao-ou,z-zh,s-sh,h-f	1
心怀叵测	xīn huái pǒ cè	47925	in-ing,c-ch,h-f,j-q-x	3
吆五喝六	yāo wǔ hè liù	47940	ao-ou,n-l,h-f,r-l	1
衣冠禽兽	yī guān qín shòu	47945	in-ing,uan-uang,ao-ou,s-sh,j-q-x	1
在所不辞	zài suǒ bù cí	47959	ai-ei,ua-uo,z-zh,c-ch,s-sh	1
朝发夕至	zhāo fā xī zhì	47963	ao-ou,z-zh,h-f,j-q-x	1
这么点儿	zhè me diǎn er	47967	ian-iang,z-zh	1
至善至美	zhì shàn zhì měi	47971	an-ang,ai-ei,z-zh,s-sh	1
忠言逆耳	zhōng yán nì ěr	47973	an-ang,z-zh,n-l	1
众怒难犯	zhòng nù nán fàn	47974	an-ang,z-zh,n-l,h-f	1
自轻自贱	zì qīng zì jiàn	47981	in-ing,ian-iang,z-zh,j-q-x	1
爱屋及乌	ài wū jí wū	47989	ai-ei,j-q-x	1
不二法门	bù èr fǎ mén	48005	en-eng,h-f	1
草台班子	cǎo tái bān zi	48007	an-ang,ai-ei,ao-ou,z-zh,c-ch	1
寸土必争	cùn tǔ bì zhēng	48022	en-eng,z-zh,c-ch	1
大骨节病	dà gǔ jié bìng	48025	in-ing,ia-ie,j-q-x	1
单口相声	dān kǒu xiàng sheng	48028	en-eng,an-ang,ian-iang,ao-ou,s-sh,j-q-x	1
刀枪不入	dāo qiāng bù rù	48030	ian-iang,ao-ou,r-l,j-q-x	1
倒买倒卖	dǎo mǎi dǎo mài	48031	ai-ei,ao-ou	1
地下工厂	dì xià gōng chǎng	48034	an-ang,ia-ie,c-ch,j-q-x	1
断垣残壁	duàn yuán cán bì	48041	an-ang,uan-uang,c-ch	3
分而治之	fēn ér zhì zhī	48048	en-eng,z-zh,h-f	1
伽马射线	gā mǎ shè xiàn	48052	ian-iang,s-sh,j-q-x	3
回头是岸	huí tóu shì àn	48079	an-ang,ao-ou,s-sh,h-f	1
祸从天降	huò cóng tiān jiàng	48083	ian-iang,ua-uo,c-ch,h-f,j-q-x	1
叽里咕噜	jī li gū lū	48086	n-l,r-l,j-q-x	3
江湖骗子	jiāng hú piàn zi	48092	ian-iang,z-zh,h-f,j-q-x	1
将功赎罪	jiāng gōng shú zuì	48094	ian-iang,z-zh,s-sh,j-q-x	1
借鸡生蛋	jiè jī shēng dàn	48101	en-eng,an-ang,ia-ie,s-sh,j-q-x	1
力气活儿	lì qi huó er	48117	ua-uo,n-l,h-f,r-l,j-q-x	1
没头苍蝇	méi tóu cāng ying	48126	in-ing,an-ang,ai-ei,ao-ou,c-ch	1
面如死灰	miàn rú sǐ huī	48128	ian-iang,s-sh,h-f,r-l	1
名实相符	míng shí xiāng fú	48129	in-ing,ian-iang,s-sh,h-f,j-q-x	1
奴颜婢膝	nú yán bì xī	48142	an-ang,n-l,j-q-x	3
奇珍异宝	qí zhēn yì bǎo	48148	en-eng,ao-ou,z-zh,j-q-x	1
千夫所指	qiān fū suǒ zhǐ	48153	ian-iang,ua-uo,z-zh,s-sh,h-f,j-q-x	1
前后脚儿	qián hòu jiǎo er	48154	ian-iang,ao-ou,h-f,j-q-x	1
穷奢极欲	qióng shē jí yù	48159	s-sh,j-q-x	1
琼楼玉宇	qióng lóu yù yǔ	48160	ao-ou,n-l,r-l,j-q-x	1
人多嘴杂	rén duō zuǐ zá	48163	en-eng,ua-uo,z-zh,r-l	1
日暮途穷	rì mù tú qióng	48166	r-l,j-q-x	1
上蹿下跳	shàng cuān xià tiào	48176	an-ang,uan-uang,ia-ie,c-ch,s-sh,j-q-x	3
神神道道	shén shen dāo dāo	48180	en-eng,ao-ou,s-sh	1
石头子儿	shí tou zǐ er	48183	ao-ou,z-zh,s-sh	1
时起时伏	shí qǐ shí fú	48184	s-sh,h-f,j-q-x	1
手疾眼快	shǒu jí yǎn kuài	48187	an-ang,ao-ou,s-sh,j-q-x	1
网络营销	wǎng luò yíng xiāo	48223	in-ing,an-ang,ua-uo,n-l,r-l,j-q-x	1
忘年之交	wàng nián zhī jiāo	48224	an-ang,ian-iang,z-zh,n-l,j-q-x	1
悉听尊便	xī tīng zūn biàn	48233	in-ing,ian-iang,z-zh,j-q-x	1
先礼后兵	xiān lǐ hòu bīng	48238	in-ing,ian-iang,ao-ou,n-l,h-f,r-l,j-q-x	1
楔形文字	xiē xíng wén zì	48243	en-eng,in-ing,ia-ie,z-zh,j-q-x	3
星火燎原	xīng huǒ liáo yuán	48245	in-ing,uan-uang,ua-uo,n-l,h-f,r-l,j-q-x	3
行将就木	xíng jiāng jiù mù	48246	in-ing,ian-iang,j-q-x	1
学有专长	xué yǒu zhuān cháng	48250	an-ang,uan-uang,ao-ou,z-zh,c-ch,j-q-x	1
一面之交	yī miàn zhī jiāo	48260	ian-iang,z-zh,j-q-x	1
一丘之貉	yī qiū zhī hé	48261	z-zh,h-f,j-q-x	3
一争高低	yī zhēng gāo dī	48262	en-eng,ao-ou,z-zh	1
以身许国	yǐ shēn xǔ guó	48263	en-eng,ua-uo,s-sh,j-q-x	1
仗势欺人	zhàng shì qī rén	48276	en-eng,an-ang,z-zh,s-sh,r-l,j-q-x	1
真名实姓	zhēn míng shí xìng	48279	en-eng,in-ing,z-zh,s-sh,j-q-x	1
治国安邦	zhì guó ān bāng	48285	an-ang,ua-uo,z-zh	1
自我吹嘘	zì wǒ chuī xū	48294	z-zh,c-ch,j-q-x	3
巴山蜀水	bā shān shǔ shuǐ	48296	an-ang,s-sh	1
别无二致	bié wú èr zhì	48311	ia-ie,z-zh	1
藏头露尾	cáng tóu lù wěi	48318	an-ang,ai-ei,ao-ou,c-ch,n-l,r-l	1
长话短说	cháng huà duǎn shuō	48322	an-ang,uan-uang,ua-uo,c-ch,s-sh,h-f	1
乘龙快婿	chéng lóng kuài xù	48329	en-eng,c-ch,n-l,r-l,j-q-x	1
程序控制	chéng xù kòng zhì	48330	en-eng,z-zh,c-ch,j-q-x	1
垂暮之年	chuí mù zhī nián	48338	ian-iang,z-zh,c-ch,n-l	1
垂涎欲滴	chuí xián yù dī	48339	ian-iang,c-ch,j-q-x	3
大而化之	dà ér huà zhī	48344	ua-uo,z-zh,h-f	1
大碗儿茶	dà wǎn er chá	48346	an-ang,c-ch	1
低眉顺眼	dī méi shùn yǎn	48352	an-ang,ai-ei,s-sh	1
电子音乐	diàn zǐ yīn yuè	48354	in-ing,ian-iang,z-zh	1
额手称庆	é shǒu chēng qìng	48359	en-eng,in-ing,ao-ou,c-ch,s-sh,j-q-x	1
钢化玻璃	gāng huà bō li	48373	an-ang,ua-uo,n-l,h-f,r-l	1
隔墙有耳	gé qiáng yǒu ěr	48375	ian-iang,ao-ou,j-q-x	1
各持己见	gè chí jǐ jiàn	48376	ian-iang,c-ch,j-q-x	1
狗头军师	gǒu tóu jūn shī	48381	ao-ou,s-sh,j-q-x	1
挂一漏万	guà yī lòu wàn	48387	an-ang,ao-ou,ua-uo,n-l,r-l	1
灰不溜秋	huī bù liū qiū	48405	n-l,h-f,r-l,j-q-x	1
鸡零狗碎	jī líng gǒu suì	48406	in-ing,ao-ou,s-sh,n-l,r-l,j-q-x	1
鸡犬不留	jī quǎn bù liú	48407	uan-uang,n-l,r-l,j-q-x	1
假模假式	jiǎ mo jiǎ shì	48412	ia-ie,s-sh,j-q-x	1
减亏增盈	jiǎn kuī zēng yíng	48414	en-eng,in-ing,ian-iang,z-zh,j-q-x	1
见景生情	jiàn jǐng shēng qíng	48416	en-eng,in-ing,ian-iang,s-sh,j-q-x	1
劫后余生	jié hòu yú shēng	48420	en-eng,ao-ou,ia-ie,s-sh,h-f,j-q-x	1
窟窿眼儿	kū long yǎn er	48438	an-ang,n-l,r-l	1
宽大为怀	kuān dà wéi huái	48441	uan-uang,ai-ei,h-f	1
老白干儿	lǎo bái gān er	48451	an-ang,ai-ei,ao-ou,n-l,r-l	1
乐而忘返	lè ér wàng fǎn	48453	an-ang,n-l,h-f,r-l	1
离弦之箭	lí xián zhī jiàn	48454	ian-iang,z-zh,n-l,r-l,j-q-x	1
立等可取	lì děng kě qǔ	48455	en-eng,n-l,r-l,j-q-x	1
略见一斑	lüè jiàn yī bān	48464	an-ang,ian-iang,n-l,r-l,j-q-x	1
脑满肠肥	nǎo mǎn cháng féi	48483	an-ang,ai-ei,ao-ou,c-ch,n-l,h-f	1
否极泰来	pǐ jí tài lái	48489	ai-ei,n-l,r-l,j-q-x	1
棋逢对手	qí féng duì shǒu	48492	en-eng,ao-ou,s-sh,h-f,j-q-x	1
全科医生	quán kē yī shēng	48501	en-eng,uan-uang,s-sh,j-q-x	1
斯文扫地	sī wén sǎo dì	48530	en-eng,ao-ou,s-sh	1
死无对证	sǐ wú duì zhèng	48531	en-eng,z-zh,s-sh	1
推三阻四	tuī sān zǔ sì	48542	an-ang,z-zh,s-sh	1
唾手可得	tuò shǒu kě dé	48545	ao-ou,ua-uo,s-sh	1
仙风道骨	xiān fēng dào gǔ	48552	en-eng,ian-iang,ao-ou,h-f,j-q-x	1
心存芥蒂	xīn cún jiè dì	48567	in-ing,ia-ie,c-ch,j-q-x	1
揠苗助长	yà miáo zhù zhǎng	48578	an-ang,z-zh	3
言不及义	yán bù jí yì	48579	an-ang,j-q-x	1
言为心声	yán wéi xīn shēng	48580	en-eng,in-ing,an-ang,ai-ei,s-sh,j-q-x	1
影子内阁	yǐng zi nèi gé	48586	in-ing,ai-ei,z-zh,n-l	1
有口难辩	yǒu kǒu nán biàn	48588	an-ang,ian-iang,ao-ou,n-l	1
招之即来	zhāo zhī jí lái	48594	ai-ei,ao-ou,z-zh,n-l,r-l,j-q-x	1
植物群落	zhí wù qún luò	48600	ua-uo,z-zh,n-l,r-l,j-q-x	1
众寡悬殊	zhòng guǎ xuán shū	48602	uan-uang,ua-uo,z-zh,s-sh,j-q-x	1
专横跋扈	zhuān hèng bá hù	48605	en-eng,uan-uang,z-zh,h-f	3
自食其言	zì shí qí yán	48610	an-ang,z-zh,s-sh,j-q-x	1
坐怀不乱	zuò huái bù luàn	48617	uan-uang,ua-uo,z-zh,n-l,h-f,r-l	1
膀大腰圆	bǎng dà yāo yuán	48627	an-ang,uan-uang,ao-ou	1
壁垒森严	bì lěi sēn yán	48631	en-eng,an-ang,ai-ei,s-sh,n-l,r-l	1
鞭辟入里	biān pì rù lǐ	48632	ian-iang,n-l,r-l	1
不时之需	bù shí zhī xū	48637	z-zh,s-sh,j-q-x	1
踌躇不前	chóu chú bù qián	48645	ian-iang,ao-ou,c-ch,j-q-x	3
低等动物	dī děng dòng wù	48663	en-eng	1
恩重如山	ēn zhòng rú shān	48676	en-eng,an-ang,z-zh,s-sh,r-l	1
风雨如磐	fēng yǔ rú pán	48688	en-eng,an-ang,h-f,r-l	3
孤魂野鬼	gū hún yě guǐ	48701	h-f	1
瓜田李下	guā tián lǐ xià	48703	ian-iang,ia-ie,ua-uo,n-l,r-l,j-q-x	1
鸡毛掸子	jī máo dǎn zi	48724	an-ang,ao-ou,z-zh,j-q-x	3
遐迩闻名	xiá ěr wén míng	48738	en-eng,in-ing,ia-ie,j-q-x	3
金融寡头	jīn róng guǎ tóu	48746	in-ing,ao-ou,ua-uo,r-l,j-q-x	1
流里流气	liú li liú qì	48768	n-l,r-l,j-q-x	1
龙争虎斗	lóng zhēng hǔ dòu	48769	en-eng,ao-ou,z-zh,n-l,h-f,r-l	1
目光如炬	mù guāng rú jù	48791	uan-uang,r-l,j-q-x	1
欺人之谈	qī rén zhī tán	48813	en-eng,an-ang,z-zh,r-l,j-q-x	1
人机对话	rén jī duì huà	48824	en-eng,ua-uo,h-f,r-l,j-q-x	1
荣誉军人	róng yù jūn rén	48828	en-eng,r-l,j-q-x	1
杀人如麻	shā rén rú má	48831	en-eng,s-sh,r-l	1
山南海北	shān nán hǎi běi	48833	an-ang,ai-ei,s-sh,n-l,h-f	1
社会工作	shè huì gōng zuò	48837	ua-uo,z-zh,s-sh,h-f	1
食古不化	shí gǔ bù huà	48846	ua-uo,s-sh,h-f	1
恃才傲物	shì cái ào wù	48847	ai-ei,ao-ou,c-ch,s-sh	1
束手束脚	shù shǒu shù jiǎo	48851	ao-ou,s-sh,j-q-x	1
说东道西	shuō dōng dào xī	48857	ao-ou,ua-uo,s-sh,j-q-x	1
硕果仅存	shuò guǒ jǐn cún	48858	in-ing,ua-uo,c-ch,s-sh,j-q-x	1
四大皆空	sì dà jiē kōng	48862	ia-ie,s-sh,j-q-x	1
太阳地儿	tài yáng dì er	48867	an-ang,ai-ei	1
天渊之别	tiān yuān zhī bié	48871	ian-iang,uan-uang,ia-ie,z-zh	1
同出一辙	tóng chū yī zhé	48876	z-zh,c-ch	1
拖家带口	tuō jiā dài kǒu	48881	ai-ei,ao-ou,ia-ie,ua-uo,j-q-x	1
望风而逃	wàng fēng ér táo	48882	en-eng,an-ang,ao-ou,h-f	1
无名之辈	wú míng zhī bèi	48887	in-ing,ai-ei,z-zh	1
物换星移	wù huàn xīng yí	48889	in-ing,uan-uang,h-f,j-q-x	1
闲杂人员	xián zá rén yuán	48895	en-eng,ian-iang,uan-uang,z-zh,r-l,j-q-x	1
硝酸甘油	xiāo suān gān yóu	48900	an-ang,uan-uang,ao-ou,s-sh,j-q-x	1
小本经营	xiǎo běn jīng yíng	48901	en-eng,in-ing,j-q-x	1
小肚鸡肠	xiǎo dù jī cháng	48902	an-ang,c-ch,j-q-x	1
携家带口	xié jiā dài kǒu	48908	ai-ei,ao-ou,ia-ie,j-q-x	1
雄姿英发	xióng zī yīng fā	48911	in-ing,z-zh,h-f,j-q-x	1
蓄势待发	xù shì dài fā	48914	ai-ei,s-sh,h-f,j-q-x	1
血海深仇	xuè hǎi shēn chóu	48915	en-eng,ai-ei,ao-ou,c-ch,s-sh,h-f,j-q-x	1
正经八百	zhèng jīng bā bǎi	48919	en-eng,in-ing,ai-ei,z-zh,j-q-x	1
雁过拔毛	yàn guò bá máo	48922	an-ang,ao-ou,ua-uo	1
夜不闭户	yè bù bì hù	48924	h-f	1
衣不蔽体	yī bù bì tǐ	48925		1
引蛇出洞	yǐn shé chū dòng	48930	in-ing,c-ch,s-sh	1
隐形眼镜	yǐn xíng yǎn jìng	48931	in-ing,an-ang,j-q-x	1
有隙可乘	yǒu xì kě chéng	48939	en-eng,ao-ou,c-ch,j-q-x	1
郁郁苍苍	yù yù cāng cāng	48943	an-ang,c-ch	1
钟灵毓秀	zhōng líng yù xiù	48961	in-ing,z-zh,n-l,r-l,j-q-x	3
罪不容诛	zuì bù róng zhū	48970	z-zh,r-l	3
博古通今	bó gǔ tōng jīn	48989	in-ing,j-q-x	1
博闻强记	bó wén qiáng jì	48990	en-eng,ian-iang,j-q-x	1
承先启后	chéng xiān qǐ hòu	49002	en-eng,ian-iang,ao-ou,c-ch,h-f,j-q-x	1
吃里爬外	chī lǐ pá wài	49003	ai-ei,c-ch,n-l,r-l	1
打入冷宫	dǎ rù lěng gōng	49021	en-eng,n-l,r-l	1
淡而无味	dàn ér wú wèi	49028	an-ang,ai-ei	1
弹无虚发	dàn wú xū fā	49029	an-ang,h-f,j-q-x	1
第二梯队	dì èr tī duì	49033		1
鄂温克族	è wēn kè zú	49046	en-eng,z-zh	1
非同凡响	fēi tóng fán xiǎng	49051	an-ang,ian-iang,ai-ei,h-f,j-q-x	1
攻无不克	gōng wú bù kè	49069		1
怪石嶙峋	guài shí lín xún	49075	in-ing,s-sh,n-l,r-l,j-q-x	3
何罪之有	hé zuì zhī yǒu	49088	ao-ou,z-zh,h-f	1
猴年马月	hóu nián mǎ yuè	49090	ian-iang,ao-ou,n-l,h-f	1
夹七夹八	jiā qī jiā bā	49103	ia-ie,j-q-x	1
金玉良言	jīn yù liáng yán	49114	in-ing,an-ang,ian-iang,n-l,r-l,j-q-x	1
口耳相传	kǒu ěr xiāng chuán	49125	ian-iang,uan-uang,ao-ou,c-ch,j-q-x	1
屡战屡败	lǚ zhàn lǜ bài	49140	an-ang,ai-ei,z-zh,n-l,r-l	1
洛阳纸贵	luò yáng zhǐ guì	49142	an-ang,ua-uo,z-zh,n-l,r-l	1
绵里藏针	mián lǐ cáng zhēn	49157	en-eng,an-ang,ian-iang,z-zh,c-ch,n-l,r-l	1
妙笔生花	miào bǐ shēng huā	49161	en-eng,ua-uo,s-sh,h-f	1
木头木脑	mù tóu mù nǎo	49170	ao-ou,n-l	1
南柯一梦	nán kē yī mèng	49172	en-eng,an-ang,n-l	3
敲山震虎	qiāo shān zhèn hǔ	49190	en-eng,an-ang,z-zh,s-sh,h-f,j-q-x	1
巧舌如簧	qiǎo shé rú huáng	49191	uan-uang,s-sh,h-f,r-l,j-q-x	1
倾巢出动	qīng cháo chū dòng	49194	in-ing,ao-ou,c-ch,j-q-x	1
却之不恭	què zhī bù gōng	49195	z-zh,j-q-x	1
日月如梭	rì yuè rú suō	49200	ua-uo,s-sh,r-l	1
如箭在弦	rú jiàn zài xián	49202	ian-iang,ai-ei,z-zh,r-l,j-q-x	1
少安毋躁	shǎo ān wú zào	49211	an-ang,ao-ou,z-zh,s-sh	3
坦诚相待	tǎn chéng xiāng dài	49235	en-eng,an-ang,ian-iang,ai-ei,c-ch,j-q-x	1
挑三拣四	tiāo sān jiǎn sì	49244	an-ang,ian-iang,s-sh,j-q-x	1
望闻问切	wàng wén wèn qiè	49250	en-eng,an-ang,ia-ie,j-q-x	1
尾大不掉	wěi dà bù diào	49252	ai-ei	1
无机可乘	wú jī kě chéng	49254	en-eng,c-ch,j-q-x	1
五行八作	wǔ háng bā zuō	49256	an-ang,ua-uo,z-zh,h-f	1
细嚼慢咽	xì jiáo màn yàn	49261	an-ang,j-q-x	1
效益工资	xiào yì gōng zī	49273	z-zh,j-q-x	1
牙牙学语	yá yá xué yǔ	49287	j-q-x	1
言者无罪	yán zhě wú zuì	49290	an-ang,z-zh	1
言之有据	yán zhī yǒu jù	49291	an-ang,ao-ou,z-zh,j-q-x	1
偃武修文	yǎn wǔ xiū wén	49293	en-eng,an-ang,j-q-x	3
一鳞半爪	yī lín bàn zhǎo	49294	in-ing,an-ang,ao-ou,z-zh,n-l,r-l	1
引而不发	yǐn ér bù fā	49297	in-ing,h-f	1
渔人之利	yú rén zhī lì	49303	en-eng,z-zh,n-l,r-l	1
仗义疏财	zhàng yì shū cái	49310	an-ang,ai-ei,z-zh,c-ch,s-sh	1
置之脑后	zhì zhī nǎo hòu	49315	ao-ou,z-zh,n-l,h-f	1
鞍马劳顿	ān mǎ láo dùn	49328	an-ang,ao-ou,n-l,r-l	1
百步穿杨	bǎi bù chuān yáng	49333	an-ang,uan-uang,ai-ei,c-ch	1
保税仓库	bǎo shuì cāng kù	49337	an-ang,ao-ou,c-ch,s-sh	1
逼良为娼	bī liáng wéi chāng	49343	an-ang,ian-iang,ai-ei,c-ch,n-l,r-l	3
伯仲之间	bó zhòng zhī jiān	49355	ian-iang,z-zh,j-q-x	1
不揣冒昧	bù chuǎi mào mèi	49359	ai-ei,ao-ou,c-ch	1
不乏其例	bù fá qí lì	49361	n-l,h-f,r-l,j-q-x	1
不尴不尬	bù gān bù gà	49362	an-ang	1
才高八斗	cái gāo bā dǒu	49363	ai-ei,ao-ou,c-ch	1
残兵败将	cán bīng bài jiàng	49367	in-ing,an-ang,ian-iang,ai-ei,c-ch,j-q-x	1
出将入相	chū jiàng rù xiàng	49388	ian-iang,c-ch,r-l,j-q-x	1
粗中有细	cū zhōng yǒu xì	49396	ao-ou,z-zh,c-ch,j-q-x	1
打躬作揖	dǎ gōng zuò yī	49400	ua-uo,z-zh	3
打照面儿	dǎ zhào miàn er	49403	ian-iang,ao-ou,z-zh	1
犯上作乱	fàn shàng zuò luàn	49419	an-ang,uan-uang,ua-uo,z-zh,s-sh,n-l,h-f,r-l	1
飞短流长	fēi duǎn liú cháng	49425	an-ang,uan-uang,ai-ei,c-ch,n-l,h-f,r-l	1
好为人师	hào wéi rén shī	49459	en-eng,ai-ei,ao-ou,s-sh,h-f,r-l	1
核心期刊	hé xīn qī kān	49460	in-ing,an-ang,h-f,j-q-x	1
虎踞龙盘	hǔ jù lóng pán	49466	an-ang,n-l,h-f,r-l,j-q-x	3
婚生子女	hūn shēng zǐ nǚ	49470	en-eng,z-zh,s-sh,n-l,h-f	1
鸡鸣狗盗	jī míng gǒu dào	49474	in-ing,ao-ou,j-q-x	1
畸轻畸重	jī qīng jī zhòng	49475	in-ing,z-zh,j-q-x	1
集腋成裘	jí yè chéng qiú	49476	en-eng,c-ch,j-q-x	3
家大业大	jiā dà yè dà	49479	ia-ie,j-q-x	1
金口玉言	jīn kǒu yù yán	49486	in-ing,an-ang,ao-ou,j-q-x	1
酒逢知己	jiǔ féng zhī jǐ	49490	en-eng,z-zh,h-f,j-q-x	1
拒人千里	jù rén qiān lǐ	49492	en-eng,ian-iang,n-l,r-l,j-q-x	1
拉帮结伙	lā bāng jié huǒ	49505	an-ang,ia-ie,ua-uo,n-l,h-f,r-l,j-q-x	1
零敲碎打	líng qiāo suì dǎ	49517	in-ing,s-sh,n-l,r-l,j-q-x	1
奶油小生	nǎi yóu xiǎo shēng	49529	en-eng,ai-ei,ao-ou,s-sh,n-l,j-q-x	1
七折八扣	qī zhé bā kòu	49551	ao-ou,z-zh,j-q-x	1
奇货可居	qí huò kě jū	49552	ua-uo,h-f,j-q-x	1
箪食壶浆	dān shí hú jiāng	49555	an-ang,ian-iang,s-sh,h-f,j-q-x	3
倾巢而出	qīng cháo ér chū	49560	in-ing,ao-ou,c-ch,j-q-x	1
情急智生	qíng jí zhì shēng	49564	en-eng,in-ing,z-zh,s-sh,j-q-x	1
百废待举	bǎi fèi dài jǔ	49568	ai-ei,h-f,j-q-x	1
任人摆布	rèn rén bǎi bù	49571	en-eng,ai-ei,r-l	1
乳臭未干	rǔ xiù wèi gān	49574	an-ang,ai-ei,r-l,j-q-x	1
山羊胡子	shān yáng hú zi	49577	an-ang,z-zh,s-sh,h-f	1
涉外婚姻	shè wài hūn yīn	49584	in-ing,ai-ei,s-sh,h-f	1
十室九空	shí shì jiǔ kōng	49587	s-sh,j-q-x	1
势利小人	shì li xiǎo rén	49590	en-eng,s-sh,n-l,r-l,j-q-x	1
守望相助	shǒu wàng xiāng zhù	49596	an-ang,ian-iang,ao-ou,z-zh,s-sh,j-q-x	1
水幕电影	shuǐ mù diàn yǐng	49602	in-ing,ian-iang,s-sh	1
司售人员	sī shòu rén yuán	49603	en-eng,uan-uang,ao-ou,s-sh,r-l	1
抱薪救火	bào xīn jiù huǒ	49613	in-ing,ao-ou,ua-uo,h-f,j-q-x	1
醍醐灌顶	tí hú guàn dǐng	49617	in-ing,uan-uang,h-f	3
徒有其表	tú yǒu qí biǎo	49624	ao-ou,j-q-x	1
土头土脑	tǔ tóu tǔ nǎo	49626	ao-ou,n-l	1
微言大义	wēi yán dà yì	49631	an-ang,ai-ei	1
围魏救赵	wéi wèi jiù zhào	49632	ai-ei,ao-ou,z-zh,j-q-x	1
未卜先知	wèi bǔ xiān zhī	49634	ian-iang,ai-ei,z-zh,j-q-x	1
无往不胜	wú wǎng bù shèng	49635	en-eng,an-ang,s-sh	1
细菌武器	xì jūn wǔ qì	49644	j-q-x	1
瑕不掩瑜	xiá bù yǎn yú	49646	an-ang,ia-ie,j-q-x	3
闲云野鹤	xián yún yě hè	49652	ian-iang,h-f,j-q-x	1
笑里藏刀	xiào lǐ cáng dāo	49658	an-ang,ao-ou,c-ch,n-l,r-l,j-q-x	1
虚位以待	xū wèi yǐ dài	49663	ai-ei,j-q-x	1
应付裕如	yìng fù yù rú	49675	in-ing,h-f,r-l	1
语惊四座	yǔ jīng sì zuò	49682	in-ing,ua-uo,z-zh,s-sh,j-q-x	1
玉米花儿	yù mǐ huā er	49683	ua-uo,h-f	1
原子武器	yuán zǐ wǔ qì	49687	uan-uang,z-zh,j-q-x	1
月明星稀	yuè míng xīng xī	49690	in-ing,j-q-x	1
乍暖还寒	zhà nuǎn huán hán	49695	an-ang,uan-uang,z-zh,n-l,h-f	1
自卖自夸	zì mài zì kuā	49713	ai-ei,ua-uo,z-zh	1
闭门思过	bì mén sī guò	49733	en-eng,ua-uo,s-sh	1
唱独角戏	chàng dú jiǎo xì	49755	an-ang,c-ch,j-q-x	1
出口伤人	chū kǒu shāng rén	49762	en-eng,an-ang,ao-ou,c-ch,s-sh,r-l	1
等米下锅	děng mǐ xià guō	49795	en-eng,ia-ie,ua-uo,j-q-x	1
独门独院	dú mén dú yuàn	49808	en-eng,uan-uang	1
风雨如晦	fēng yǔ rú huì	49818	en-eng,h-f,r-l	1
俯首帖耳	fǔ shǒu tiē ěr	49819	ao-ou,ia-ie,s-sh,h-f	1
和气生财	hé qì shēng cái	49839	en-eng,ai-ei,c-ch,s-sh,h-f,j-q-x	1
假仁假义	jiǎ rén jiǎ yì	49858	en-eng,ia-ie,r-l,j-q-x	1
借尸还魂	jiè shī huán hún	49870	uan-uang,ia-ie,s-sh,h-f,j-q-x	1
老牛破车	lǎo niú pò chē	49886	ao-ou,c-ch,n-l,r-l	1
列祖列宗	liè zǔ liè zōng	49894	ia-ie,z-zh,n-l,r-l	1
驴打滚儿	lǘ dǎ gǔn er	49898	n-l,r-l	1
屡战屡胜	lǚ zhàn lǚ shèng	49899	en-eng,an-ang,z-zh,s-sh,n-l,r-l	1
马路牙子	mǎ lù yá zi	49902	z-zh,n-l,r-l	1
闷声闷气	mēn shēng mēn qì	49906	en-eng,s-sh,j-q-x	1
渺无人烟	miǎo wú rén yān	49912	en-eng,an-ang,r-l	1
内查外调	nèi chá wài diào	49916	ai-ei,c-ch,n-l	1
蔫头耷脑	niān tóu dān ǎo	49918	an-ang,ian-iang,ao-ou,n-l	3
偶一为之	ǒu yī wéi zhī	49923	ai-ei,ao-ou,z-zh	1
破罐破摔	pò guàn pò shuāi	49928	uan-uang,s-sh	1
强颜欢笑	qiǎng yán huān xiào	49935	an-ang,ian-iang,uan-uang,h-f,j-q-x	1
秦晋之好	qín jìn zhī hǎo	49937	in-ing,ao-ou,z-zh,h-f,j-q-x	1
缺心眼儿	quē xīn yǎn er	49939	in-ing,an-ang,j-q-x	1
生生世世	shēng shēng shì shì	49955	en-eng,s-sh	1
手到病除	shǒu dào bìng chú	49959	in-ing,ao-ou,c-ch,s-sh	1
死得其所	sǐ dé qí suǒ	49969	ua-uo,s-sh,j-q-x	1
铁骨铮铮	tiě gǔ zhēng zhēng	49981	en-eng,ia-ie,z-zh	3
望梅止渴	wàng méi zhǐ kě	49995	an-ang,ai-ei,z-zh	1
文字改革	wén zì gǎi gé	49998	en-eng,ai-ei,z-zh	1
心中有鬼	xīn zhōng yǒu guǐ	50012	in-ing,ao-ou,z-zh,j-q-x	1
学无止境	xué wú zhǐ jìng	50021	in-ing,z-zh,j-q-x	1
一笔抹杀	yī bǐ mǒ shā	50034	s-sh	1
以身相许	yǐ shēn xiāng xǔ	50035	en-eng,ian-iang,s-sh,j-q-x	1
易货贸易	yì huò mào yì	50036	ao-ou,ua-uo,h-f	1
因人成事	yīn rén chéng shì	50037	en-eng,in-ing,c-ch,s-sh,r-l	1
阴错阳差	yīn cuò yáng chā	50038	in-ing,an-ang,ua-uo,c-ch	1
永志不忘	yǒng zhì bù wàng	50041	an-ang,z-zh	1
由衷之言	yóu zhōng zhī yán	50044	an-ang,ao-ou,z-zh	1
贼头贼脑	zéi tóu zéi nǎo	50057	ai-ei,ao-ou,z-zh,n-l	1
占山为王	zhàn shān wéi wáng	50061	an-ang,ai-ei,z-zh,s-sh	1
作奸犯科	zuò jiān fàn kē	50085	an-ang,ian-iang,ua-uo,z-zh,h-f,j-q-x	1
笔墨官司	bǐ mò guān si	50095	uan-uang,s-sh	1
不忍卒读	bù rěn zú dú	50107	en-eng,z-zh,r-l	1
吃商品粮	chī shāng pǐn liáng	50121	in-ing,an-ang,ian-iang,c-ch,s-sh,n-l,r-l	1
魑魅魍魉	chī mèi wǎng liǎng	50122	an-ang,ian-iang,ai-ei,c-ch,n-l,r-l	3
触目皆是	chù mù jiē shì	50127	ia-ie,c-ch,s-sh,j-q-x	1
戴绿帽子	dài lǜ mào zi	50134	ai-ei,ao-ou,z-zh,n-l,r-l	1
反攻倒算	fǎn gōng dào suàn	50154	an-ang,uan-uang,ao-ou,s-sh,h-f	1
盖棺论定	gài guān lùn dìng	50163	in-ing,uan-uang,ai-ei,n-l,r-l	1
各有所好	gè yǒu suǒ hào	50166	ao-ou,ua-uo,s-sh,h-f	1
勾魂摄魄	gōu hún shè pò	50167	ao-ou,s-sh,h-f	1
管中窥豹	guǎn zhōng kuī bào	50170	uan-uang,ao-ou,z-zh	1
广东音乐	guǎng dōng yīn yuè	50171	in-ing,uan-uang	1
好景不长	hǎo jǐng bù cháng	50180	in-ing,an-ang,ao-ou,c-ch,h-f,j-q-x	1
红衣主教	hóng yī zhǔ jiào	50188	z-zh,h-f,j-q-x	1
胡子工程	hú zi gōng chéng	50190	en-eng,z-zh,c-ch,h-f	1
互敬互爱	hù jìng hù ài	50193	in-ing,ai-ei,h-f,j-q-x	1
花花肠子	huā hua cháng zi	50194	an-ang,ua-uo,z-zh,c-ch,h-f	1
毁家纾难	huǐ jiā shū nàn	50199	an-ang,ia-ie,s-sh,n-l,h-f,j-q-x	3
结缔组织	jié dì zǔ zhī	50220	ia-ie,z-zh,j-q-x	1
聚沙成塔	jù shā chéng tǎ	50224	en-eng,c-ch,s-sh,j-q-x	1
坑蒙拐骗	kēng mēng guǎi piàn	50233	en-eng,ian-iang	1
聊胜于无	liáo shèng yú wú	50250	en-eng,s-sh,n-l,r-l	1
民事法庭	mín shì fǎ tíng	50271	in-ing,s-sh,h-f	1
暮气沉沉	mù qì chén chén	50274	en-eng,c-ch,j-q-x	1
拼音字母	pīn yīn zì mǔ	50285	in-ing,z-zh	1
棋高一着	qí gāo yī zhāo	50292	ao-ou,z-zh,j-q-x	1
阡陌纵横	qiān mò zòng héng	50294	en-eng,ian-iang,z-zh,h-f,j-q-x	3
前思后想	qián sī hòu xiǎng	50296	ian-iang,ao-ou,s-sh,h-f,j-q-x	1
柔肠寸断	róu cháng cùn duàn	50306	an-ang,uan-uang,ao-ou,c-ch,r-l	1
三番两次	sān fān liǎng cì	50310	an-ang,ian-iang,c-ch,s-sh,n-l,h-f,r-l	1
十八罗汉	shí bā luó hàn	50317	an-ang,ua-uo,s-sh,n-l,h-f,r-l	1
甩手掌柜	shuǎi shǒu zhǎng guì	50327	an-ang,ao-ou,z-zh,s-sh	1
同生共死	tóng shēng gòng sǐ	50345	en-eng,s-sh	1
玩火自焚	wán huǒ zì fén	50353	en-eng,an-ang,ua-uo,z-zh,h-f	1
物伤其类	wù shāng qí lèi	50361	an-ang,ai-ei,s-sh,n-l,r-l,j-q-x	1
硝化甘油	xiāo huà gān yóu	50370	an-ang,ao-ou,ua-uo,h-f,j-q-x	1
绣花枕头	xiù huā zhěn tou	50382	en-eng,ao-ou,ua-uo,z-zh,h-f,j-q-x	1
选贤任能	xuǎn xián rèn néng	50384	en-eng,ian-iang,uan-uang,n-l,r-l,j-q-x	1
言之无物	yán zhī wú wù	50387	an-ang,z-zh	1
一清二白	yī qīng èr bái	50390	in-ing,ai-ei,j-q-x	1
一展身手	yī zhǎn shēn shǒu	50392	en-eng,an-ang,ao-ou,z-zh,s-sh	1
以卵击石	yǐ luǎn jī shí	50395	uan-uang,s-sh,n-l,r-l,j-q-x	1
意在言外	yì zài yán wài	50399	an-ang,ai-ei,z-zh	1
有闻必录	yǒu wén bì lù	50405	en-eng,ao-ou,n-l,r-l	1
贼眉鼠眼	zéi méi shǔ yǎn	50410	an-ang,ai-ei,z-zh,s-sh	1
自愧弗如	zì kuì fú rú	50429	z-zh,h-f,r-l	1
自选商场	zì xuǎn shāng chǎng	50431	an-ang,uan-uang,z-zh,c-ch,s-sh,j-q-x	1
尊师重道	zūn shī zhòng dào	50433	ao-ou,z-zh,s-sh	1
笔走龙蛇	bǐ zǒu lóng shé	50446	ao-ou,z-zh,s-sh,n-l,r-l	1
闭目塞听	bì mù sè tīng	50447	in-ing,s-sh	1
不为已甚	bù wéi yǐ shèn	50455	en-eng,ai-ei,s-sh	1
赤日炎炎	chì rì yán yán	50468	an-ang,c-ch,r-l	1
怵目惊心	chù mù jīng xīn	50473	in-ing,c-ch,j-q-x	3
穿云破雾	chuān yún pò wù	50474	uan-uang,c-ch	1
戳脊梁骨	chuō jǐ liang gǔ	50476	ian-iang,ua-uo,c-ch,n-l,r-l,j-q-x	1
打擦边球	dǎ cā biān qiú	50482	ian-iang,c-ch,j-q-x	1
第三梯队	dì sān tī duì	50495	an-ang,s-sh	1
电子货币	diàn zǐ huò bì	50497	ian-iang,ua-uo,z-zh,h-f	1
顿开茅塞	dùn kāi máo sè	50504	ai-ei,ao-ou,s-sh	1
反坦克炮	fǎn tǎn kè pào	50507	an-ang,ao-ou,h-f	1
飞针走线	fēi zhēn zǒu xiàn	50513	en-eng,ian-iang,ai-ei,ao-ou,z-zh,h-f,j-q-x	1
改换门庭	gǎi huàn mén tíng	50518	en-eng,in-ing,uan-uang,ai-ei,h-f	1
盖世太保	gài shì tài bǎo	50519	ai-ei,ao-ou,s-sh	1
关门主义	guān mén zhǔ yì	50533	en-eng,uan-uang,z-zh	1
何足挂齿	hé zú guà chǐ	50541	ua-uo,z-zh,c-ch,h-f	1
横躺竖卧	héng tǎng shù wò	50545	en-eng,an-ang,s-sh,h-f	1
黄口小儿	huáng kǒu xiǎo ér	50550	uan-uang,ao-ou,h-f,j-q-x	1
叽叽嘎嘎	jī ji gā gā	50560	j-q-x	3
假戏真做	jiǎ xì zhēn zuò	50568	en-eng,ia-ie,ua-uo,z-zh,j-q-x	1
结发夫妻	jié fà fū qī	50575	ia-ie,h-f,j-q-x	1
空中管制	kōng zhōng guǎn zhì	50584	uan-uang,z-zh	1
立体绿化	lì tǐ lǜ huà	50596	ua-uo,n-l,h-f,r-l	1
零打碎敲	líng dǎ suì qiāo	50603	in-ing,s-sh,n-l,r-l,j-q-x	1
没皮没脸	méi pí méi liǎn	50610	ian-iang,ai-ei,n-l,r-l	1
弥天大罪	mí tiān dà zuì	50614	ian-iang,z-zh	1
冥顽不灵	míng wán bù líng	50620	in-ing,an-ang,n-l,r-l	1
磨刀霍霍	mó dāo huò huò	50621	ao-ou,ua-uo,h-f	1
暮鼓晨钟	mù gǔ chén zhōng	50624	en-eng,z-zh,c-ch	1
纳米技术	nà mǐ jì shù	50625	s-sh,n-l,j-q-x	1
能者多劳	néng zhě duō láo	50628	en-eng,ao-ou,ua-uo,z-zh,n-l,r-l	1
偏心眼儿	piān xīn yǎn er	50638	in-ing,an-ang,ian-iang,j-q-x	1
破铜烂铁	pò tóng làn tiě	50640	an-ang,ia-ie,n-l,r-l	1
强取豪夺	qiáng qǔ háo duó	50647	ian-iang,ao-ou,ua-uo,h-f,j-q-x	1
色厉内荏	sè lì nèi rěn	50670	en-eng,ai-ei,s-sh,n-l,r-l	3
伤痕文学	shāng hén wén xué	50674	en-eng,an-ang,s-sh,h-f,j-q-x	1
生死未卜	shēng sǐ wèi bǔ	50679	en-eng,ai-ei,s-sh	1
生态科学	shēng tài kē xué	50680	en-eng,ai-ei,s-sh,j-q-x	1
双重人格	shuāng chóng réng é	50687	en-eng,uan-uang,c-ch,s-sh,r-l	1
特遣部队	tè qiǎn bù duì	50705	ian-iang,j-q-x	1
万事亨通	wàn shì hēng tōng	50719	en-eng,an-ang,s-sh,h-f	3
万死不辞	wàn sǐ bù cí	50721	an-ang,c-ch,s-sh	1
文化沙漠	wén huà shā mò	50724	en-eng,ua-uo,s-sh,h-f	1
百废俱兴	bǎi fèi jù xīng	50726	in-ing,ai-ei,h-f,j-q-x	1
无烟工业	wú yān gōng yè	50728	an-ang	1
无以为报	wú yǐ wéi bào	50729	ai-ei,ao-ou	1
旋转餐厅	xuán zhuǎn cān tīng	50752	in-ing,an-ang,uan-uang,z-zh,c-ch,j-q-x	1
严肃音乐	yán sù yīn yuè	50756	in-ing,an-ang,s-sh	1
一时半刻	yī shí bàn kè	50760	an-ang,s-sh	1
一字千金	yī zì qiān jīn	50761	in-ing,ian-iang,z-zh,j-q-x	1
音乐茶座	yīn yuè chá zuò	50767	in-ing,ua-uo,z-zh,c-ch	1
云消雾散	yún xiāo wù sàn	50780	an-ang,s-sh,j-q-x	1
云蒸霞蔚	yún zhēng xiá wèi	50781	en-eng,ai-ei,ia-ie,z-zh,j-q-x	1
装傻充愣	zhuāng shǎ chōng lèng	50800	en-eng,uan-uang,z-zh,c-ch,s-sh,n-l,r-l	1
宝贝疙瘩	bǎo bèi gē da	50818	ai-ei,ao-ou	1
吃闭门羹	chī bì méng ēng	50844	en-eng,c-ch	1
重峦叠嶂	chóng luán dié zhàng	50849	an-ang,uan-uang,ia-ie,z-zh,c-ch,n-l,r-l	3
得其所哉	dé qí suǒ zāi	50868	ai-ei,ua-uo,z-zh,s-sh,j-q-x	1
地灵人杰	dì líng rén jié	50871	en-eng,in-ing,ia-ie,n-l,r-l,j-q-x	1
丢三落四	diū sān là sì	50880	an-ang,s-sh,n-l,r-l	1
丢卒保车	diū zú bǎo jū	50881	ao-ou,z-zh,j-q-x	1
多吃多占	duō chī duō zhàn	50888	an-ang,ua-uo,z-zh,c-ch	1
覆水难收	fù shuǐ nán shōu	50904	an-ang,ao-ou,s-sh,n-l,h-f	1
纲举目张	gāng jǔ mù zhāng	50909	an-ang,z-zh,j-q-x	1
攻城略地	gōng chéng lüè dì	50915	en-eng,c-ch,n-l,r-l	1
呱呱落地	gū gū luò de	50917	ua-uo,n-l,r-l	3
姑妄言之	gū wàng yán zhī	50918	an-ang,z-zh	1
瓜子儿脸	guā zǐ er liǎn	50922	ian-iang,ua-uo,z-zh,n-l,r-l	1
河南梆子	hé nán bāng zi	50935	an-ang,z-zh,n-l,h-f	1
河南坠子	hé nán zhuì zi	50936	an-ang,z-zh,n-l,h-f	1
怙恶不悛	hù è bù quān	50942	uan-uang,h-f,j-q-x	3
荒诞无稽	huāng dàn wú jī	50948	an-ang,uan-uang,h-f,j-q-x	1
尖嘴猴腮	jiān zuǐ hóu sāi	50961	ian-iang,ai-ei,ao-ou,z-zh,s-sh,h-f,j-q-x	1
间不容发	jiān bù róng fà	50962	ian-iang,h-f,r-l,j-q-x	1
狡兔三窟	jiǎo tù sān kū	50967	an-ang,s-sh,j-q-x	1
口蜜腹剑	kǒu mì fù jiàn	50981	ian-iang,ao-ou,h-f,j-q-x	1
哭天抹泪	kū tiān mǒ lèi	50983	ian-iang,ai-ei,n-l,r-l	1
垃圾食品	lā jī shí pǐn	50987	in-ing,s-sh,n-l,r-l,j-q-x	1
勒紧裤带	lè jǐn kù dài	50990	in-ing,ai-ei,n-l,r-l,j-q-x	1
良药苦口	liáng yào kǔ kǒu	50992	ian-iang,ao-ou,n-l,r-l	1
龙潭虎穴	lóng tán hǔ xué	50997	an-ang,n-l,h-f,r-l,j-q-x	1
卖身投靠	mài shēn tóu kào	51004	en-eng,ai-ei,ao-ou,s-sh	1
奶声奶气	nǎi shēng nǎi qì	51022	en-eng,ai-ei,s-sh,n-l,j-q-x	1
七零八碎	qī líng bā suì	51035	in-ing,s-sh,n-l,r-l,j-q-x	1
气冲牛斗	qì chōng niú dǒu	51039	ao-ou,c-ch,n-l,j-q-x	1
气味相投	qì wèi xiāng tóu	51041	ian-iang,ai-ei,ao-ou,j-q-x	1
氢氧化物	qīng yǎng huà wù	51046	in-ing,an-ang,ua-uo,h-f,j-q-x	1
如履平地	rú lǚ píng dì	51054	in-ing,n-l,r-l	1
软磨硬泡	ruǎn mó yìng pào	51057	in-ing,uan-uang,ao-ou,r-l	1
沙里淘金	shā lǐ táo jīn	51059	in-ing,ao-ou,s-sh,n-l,r-l,j-q-x	1
誓不两立	shì bù liǎng lì	51074	ian-iang,s-sh,n-l,r-l	1
捅马蜂窝	tǒng mǎ fēng wō	51093	en-eng,h-f	1
外籍华人	wài jí huá rén	51098	en-eng,ai-ei,ua-uo,h-f,r-l,j-q-x	1
瓮中之鳖	wèng zhōng zhī biē	51105	en-eng,ia-ie,z-zh	3
无尽无休	wú jìn wú xiū	51106	in-ing,j-q-x	1
邪门歪道	xié mén wāi dào	51119	en-eng,ai-ei,ao-ou,ia-ie,j-q-x	1
杳如黄鹤	yǎo rú huáng hè	51143	uan-uang,ao-ou,h-f,r-l	3
业精于勤	yè jīng yú qín	51145	in-ing,j-q-x	1
一呼百诺	yī hū bǎi nuò	51149	ai-ei,ua-uo,n-l,h-f	1
一目十行	yī mù shí háng	51151	an-ang,s-sh,h-f	1
以工代干	yǐ gōng dài gān	51154	an-ang,ai-ei	1
吟风弄月	yín fēng nòng yuè	51159	en-eng,in-ing,n-l,h-f	1
有教无类	yǒu jiào wú lèi	51167	ai-ei,ao-ou,n-l,r-l,j-q-x	1
有始无终	yǒu shǐ wú zhōng	51168	ao-ou,z-zh,s-sh	1
遮天盖地	zhē tiān gài dì	51182	ian-iang,ai-ei,z-zh	1
自寻短见	zì xún duǎn jiàn	51203	ian-iang,uan-uang,z-zh,j-q-x	1
杯弓蛇影	bēi gōng shé yǐng	51216	in-ing,ai-ei,s-sh	1
超凡入圣	chāo fán rù shèng	51232	en-eng,an-ang,ao-ou,c-ch,s-sh,h-f,r-l	1
称孤道寡	chēng gū dào guǎ	51236	en-eng,ao-ou,ua-uo,c-ch	1
赤地千里	chì dì qiān lǐ	51241	ian-iang,c-ch,n-l,r-l,j-q-x	1
初生之犊	chū shēng zhī dú	51243	en-eng,z-zh,c-ch,s-sh	3
穿靴戴帽	chuān xuē dài mào	51245	uan-uang,ai-ei,ao-ou,c-ch,j-q-x	1
非驴非马	fēi lǘ fēi mǎ	51286	ai-ei,n-l,h-f,r-l	1
风流云散	fēng liú yún sàn	51290	en-eng,an-ang,s-sh,n-l,h-f,r-l	1
封妻荫子	fēng qī yìn zǐ	51293	en-eng,in-ing,z-zh,h-f,j-q-x	1
格物致知	gé wù zhì zhī	51301	z-zh	1
工作母机	gōng zuò mǔ jī	51303	ua-uo,z-zh,j-q-x	1
公私兼顾	gōng sī jiān gù	51304	ian-iang,s-sh,j-q-x	1
官逼民反	guān bī mín fǎn	51314	in-ing,an-ang,uan-uang,h-f	1
邯郸学步	hán dān xué bù	51322	an-ang,h-f,j-q-x	3
黄色炸药	huáng sè zhà yào	51334	uan-uang,ao-ou,z-zh,s-sh,h-f	1
混世魔王	hùn shì mó wáng	51338	an-ang,s-sh,h-f	1
祸起萧墙	huò qǐ xiāo qiáng	51340	ian-iang,ua-uo,h-f,j-q-x	1
具体而微	jù tǐ ér wēi	51354	ai-ei,j-q-x	1
看风使舵	kàn fēng shǐ duò	51357	en-eng,an-ang,ua-uo,s-sh,h-f	1
空无所有	kōng wú suǒ yǒu	51361	ao-ou,ua-uo,s-sh	1
拉家带口	lā jiā dài kǒu	51367	ai-ei,ao-ou,ia-ie,n-l,r-l,j-q-x	1
来来去去	lái lái qù qù	51368	ai-ei,n-l,r-l,j-q-x	1
乱作一团	luàn zuò yī tuán	51384	uan-uang,ua-uo,z-zh,n-l,r-l	1
盲人摸象	máng rén mō xiàng	51388	en-eng,an-ang,ian-iang,r-l,j-q-x	1
名垂千古	míng chuí qiān gǔ	51397	in-ing,ian-iang,c-ch,j-q-x	1
黏黏糊糊	nián nián hú hú	51402	ian-iang,n-l,h-f	3
喷云吐雾	pēn yún tǔ wù	51412	en-eng	1
匹夫之勇	pǐ fū zhī yǒng	51415	z-zh,h-f	1
片甲不留	piàn jiǎ bù liú	51416	ian-iang,ia-ie,n-l,r-l,j-q-x	1
破绽百出	pò zhàn bǎi chū	51421	an-ang,ai-ei,z-zh,c-ch	1
七十二行	qī shí èr háng	51424	an-ang,s-sh,h-f,j-q-x	1
掐头去尾	qiā tóu qù wěi	51429	ai-ei,ao-ou,ia-ie,j-q-x	1
千山万壑	qiān shān wàn hè	51430	an-ang,ian-iang,s-sh,h-f,j-q-x	3
杀富济贫	shā fù jì pín	51446	in-ing,s-sh,h-f,j-q-x	1
山东快书	shān dōng kuài shū	51448	an-ang,s-sh	1
山光水色	shān guāng shuǐ sè	51449	an-ang,uan-uang,s-sh	1
水火无情	shuǐ huǒ wú qíng	51461	in-ing,ua-uo,s-sh,h-f,j-q-x	1
送往迎来	sòng wǎng yíng lái	51467	in-ing,an-ang,ai-ei,s-sh,n-l,r-l	1
委决不下	wěi jué bù xià	51486	ai-ei,ia-ie,j-q-x	1
呜噜呜噜	wū lū wū lū	51487	n-l,r-l	3
宵衣旰食	xiāo yī gàn shí	51504	an-ang,s-sh,j-q-x	3
一连气儿	yī lián qì er	51530	ian-iang,n-l,r-l,j-q-x	1
晕头晕脑	yūn tóu yūn nǎo	51548	ao-ou,n-l	1
贼喊捉贼	zéi hǎn zhuō zéi	51550	an-ang,ai-ei,ua-uo,z-zh,h-f	1
正颜厉色	zhèng yán lì sè	51566	en-eng,an-ang,z-zh,s-sh,n-l,r-l	1
众星拱月	zhòng xīng gǒng yuè	51571	in-ing,z-zh,j-q-x	1
珠圆玉润	zhū yuán yù rùn	51573	uan-uang,z-zh,r-l	1
左支右绌	zuǒ zhī yòu chù	51582	ao-ou,ua-uo,z-zh,c-ch	3
暗送秋波	àn sòng qiū bō	51586	an-ang,s-sh,j-q-x	1
半大不小	bàn dà bù xiǎo	51592	an-ang,j-q-x	1
棒打鸳鸯	bàng dǎ yuān yāng	51597	an-ang,uan-uang	1
笨鸟先飞	bèn niǎo xiān fēi	51602	en-eng,ian-iang,ai-ei,n-l,h-f,j-q-x	1
表里不一	biǎo lǐ bù yī	51603	n-l,r-l	1
不咎既往	bù jiù jì wǎng	51607	an-ang,j-q-x	3
不宣而战	bù xuān ér zhàn	51609	an-ang,uan-uang,z-zh,j-q-x	1
不足为凭	bù zú wéi píng	51610	in-ing,ai-ei,z-zh	1
长线产品	cháng xiàn chǎn pǐn	51622	in-ing,an-ang,ian-iang,c-ch,j-q-x	1
吃现成饭	chī xiàn chéng fàn	51629	en-eng,an-ang,ian-iang,c-ch,h-f,j-q-x	1
吃罪不起	chī zuì bù qǐ	51630	z-zh,c-ch,j-q-x	1
愁云惨雾	chóu yún cǎn wù	51635	an-ang,ao-ou,c-ch	1
初露头角	chū lù tóu jiǎo	51638	ao-ou,c-ch,n-l,r-l,j-q-x	1
奋勇当先	fèn yǒng dāng xiān	51681	en-eng,an-ang,ian-iang,h-f,j-q-x	1
福如东海	fú rú dōng hǎi	51683	ai-ei,h-f,r-l	1
骨鲠在喉	gǔ gěng zài hóu	51700	en-eng,ai-ei,ao-ou,z-zh,h-f	3
国富民安	guó fù mín ān	51706	in-ing,an-ang,ua-uo,h-f	1
含血喷人	hán xuè pēn rén	51712	en-eng,an-ang,h-f,r-l,j-q-x	1
横生枝节	héng shēng zhī jié	51719	en-eng,ia-ie,z-zh,s-sh,h-f,j-q-x	1
胡子茬儿	hú zi chá er	51723	z-zh,c-ch,h-f	1
黄金地带	huáng jīn dì dài	51729	in-ing,uan-uang,ai-ei,h-f,j-q-x	1
浑身是胆	hún shēn shì dǎn	51732	en-eng,an-ang,s-sh,h-f	1
火急火燎	huǒ jí huǒ liǎo	51735	ua-uo,n-l,h-f,r-l,j-q-x	3
吉人天相	jí rén tiān xiàng	51738	en-eng,ian-iang,r-l,j-q-x	1
极限运动	jí xiàn yùn dòng	51739	ian-iang,j-q-x	1
金鸡纳霜	jīn jī nà shuāng	51752	in-ing,uan-uang,s-sh,n-l,j-q-x	1
镜花水月	jìng huā shuǐ yuè	51755	in-ing,ua-uo,s-sh,h-f,j-q-x	1
可圈可点	kě quān kě diǎn	51766	ian-iang,uan-uang,j-q-x	1
拉丁字母	lā dīng zì mǔ	51781	in-ing,z-zh,n-l,r-l	1
劳燕分飞	láo yàn fēn fēi	51785	en-eng,an-ang,ai-ei,ao-ou,n-l,h-f,r-l	1
老马识途	lǎo mǎ shí tú	51786	ao-ou,s-sh,n-l,r-l	1
乐天知命	lè tiān zhī mìng	51787	in-ing,ian-iang,z-zh,n-l,r-l	1
芒刺在背	máng cì zài bèi	51805	an-ang,ai-ei,z-zh,c-ch	1
茫然若失	máng rán ruò shī	51806	an-ang,ua-uo,s-sh,r-l	1
明镜高悬	míng jìng gāo xuán	51815	in-ing,uan-uang,ao-ou,j-q-x	1
命令主义	mìng lìng zhǔ yì	51816	in-ing,z-zh,n-l,r-l	1
披红挂绿	pī hóng guà lǜ	51832	ua-uo,n-l,h-f,r-l	1
前所未闻	qián suǒ wèi wén	51840	en-eng,ian-iang,ai-ei,ua-uo,s-sh,j-q-x	1
轻于鸿毛	qīng yú hóng máo	51843	in-ing,ao-ou,h-f,j-q-x	1
人体炸弹	rén tǐ zhà dàn	51851	en-eng,an-ang,z-zh,r-l	1
上下其手	shàng xià qí shǒu	51859	an-ang,ao-ou,ia-ie,s-sh,j-q-x	1
师道尊严	shī dào zūn yán	51867	an-ang,ao-ou,z-zh,s-sh	1
耍笔杆儿	shuǎ bǐ gǎn er	51880	an-ang,ua-uo,s-sh	1
爽然若失	shuǎng rán ruò shī	51881	an-ang,uan-uang,ua-uo,s-sh,r-l	1
土腥味儿	tǔ xīng wèi er	51901	in-ing,ai-ei,j-q-x	1
惘然若失	wǎng rán ruò shī	51903	an-ang,ua-uo,s-sh,r-l	3
无可讳言	wú kě huì yán	51908	an-ang,h-f	1
无以为生	wú yǐ wéi shēng	51909	en-eng,ai-ei,s-sh	1
惜墨如金	xī mò rú jīn	51911	in-ing,r-l,j-q-x	1
霄壤之别	xiāo rǎng zhī bié	51919	an-ang,ia-ie,z-zh,r-l,j-q-x	1
小手小脚	xiǎo shǒu xiǎo jiǎo	51921	ao-ou,s-sh,j-q-x	1
心胆俱裂	xīn dǎn jù liè	51926	in-ing,an-ang,ia-ie,n-l,r-l,j-q-x	1
心心相连	xīn xīn xiāng lián	51928	in-ing,ian-iang,n-l,r-l,j-q-x	1
兴妖作怪	xīng yāo zuò guài	51929	in-ing,ao-ou,ua-uo,z-zh,j-q-x	1
雪里送炭	xuě lǐ sòng tàn	51935	an-ang,s-sh,n-l,r-l,j-q-x	1
妖里妖气	yāo li yāo qì	51938	ao-ou,n-l,r-l,j-q-x	1
一石二鸟	yī shí èr niǎo	51944	s-sh,n-l	1
艺术体操	yì shù tǐ cāo	51948	ao-ou,c-ch,s-sh	1
月白风清	yuè bái fēng qīng	51960	en-eng,in-ing,ai-ei,h-f,j-q-x	1
葬身鱼腹	zàng shēn yū fù	51964	en-eng,an-ang,z-zh,s-sh,h-f	1
知人之明	zhī rén zhī míng	51976	en-eng,in-ing,z-zh,r-l	1
志大才疏	zhì dà cái shū	51979	ai-ei,z-zh,c-ch,s-sh	1
白驹过隙	bái jū guò xì	51997	ai-ei,ua-uo,j-q-x	1
闭月羞花	bì yuè xiū huā	52011	ua-uo,h-f,j-q-x	1
陈陈相因	chén chén xiāng yīn	52031	en-eng,in-ing,ian-iang,c-ch,j-q-x	1
吃哑巴亏	chī yǎ ba kuī	52035	c-ch	1
重修旧好	chóng xiū jiù hǎo	52041	ao-ou,c-ch,h-f,j-q-x	1
留守儿童	liú shǒu ér tóng	52049	ao-ou,s-sh,n-l,r-l	1
大谬不然	dà miù bù rán	52063	an-ang,r-l	1
独具只眼	dú jù zhī yǎn	52088	an-ang,z-zh,j-q-x	1
饿虎扑食	è hǔ pū shí	52094	s-sh,h-f	1
改恶从善	gǎi è cóng shàn	52114	an-ang,ai-ei,c-ch,s-sh	1
河清海晏	hé qīng hǎi yàn	52137	in-ing,an-ang,ai-ei,h-f,j-q-x	3
积贫积弱	jī pín jī ruò	52161	in-ing,ua-uo,r-l,j-q-x	1
急公好义	jí gōng hào yì	52162	ao-ou,h-f,j-q-x	1
嫉贤妒能	jí xián dù néng	52164	en-eng,ian-iang,n-l,j-q-x	1
家庭副业	jiā tíng fù yè	52169	in-ing,ia-ie,h-f,j-q-x	1
见危授命	jiàn wēi shòu mìng	52175	in-ing,ian-iang,ai-ei,ao-ou,s-sh,j-q-x	1
嗟来之食	jiē lái zhī shí	52180	ai-ei,ia-ie,z-zh,s-sh,n-l,r-l,j-q-x	3
敬谢不敏	jìng xiè bù mǐn	52184	in-ing,ia-ie,j-q-x	1
口传心授	kǒu chuán xīn shòu	52195	in-ing,uan-uang,ao-ou,c-ch,s-sh,j-q-x	1
路不拾遗	lù bù shí yí	52213	s-sh,n-l,r-l	1
略逊一筹	lüè xùn yī chóu	52214	ao-ou,c-ch,n-l,r-l,j-q-x	1
卖友求荣	mài yǒu qiú róng	52218	ai-ei,ao-ou,r-l,j-q-x	1
貌不惊人	mào bù jīng rén	52221	en-eng,in-ing,ao-ou,r-l,j-q-x	1
没轻没重	méi qīng méi zhòng	52222	in-ing,ai-ei,z-zh,j-q-x	1
莫此为甚	mò cǐ wéi shèn	52227	en-eng,ai-ei,c-ch,s-sh	1
拿腔拿调	ná qiāng ná diào	52229	ian-iang,n-l,j-q-x	1
胼手胝足	pián shǒu zhī zú	52249	ian-iang,ao-ou,z-zh,s-sh	3
七扭八歪	qī niǔ bā wāi	52252	ai-ei,n-l,j-q-x	1
倾城倾国	qīng chéng qīng guó	52260	en-eng,in-ing,ua-uo,c-ch,j-q-x	1
全知全能	quán zhī quán néng	52268	en-eng,uan-uang,z-zh,n-l,j-q-x	1
人所不齿	rén suǒ bù chǐ	52270	en-eng,ua-uo,c-ch,s-sh,r-l	1
茹苦含辛	rú kǔ hán xīn	52277	in-ing,an-ang,h-f,r-l,j-q-x	3
深耕细作	shēn gēng xì zuò	52287	en-eng,ua-uo,z-zh,s-sh,j-q-x	1
数理统计	shù lǐ tǒng jì	52295	s-sh,n-l,r-l,j-q-x	1
水滴石穿	shuǐ dī shí chuān	52299	uan-uang,c-ch,s-sh	1
弹冠相庆	tán guān xiāng qìng	52305	in-ing,an-ang,ian-iang,uan-uang,j-q-x	1
投井下石	tóu jǐng xià shí	52323	in-ing,ao-ou,ia-ie,s-sh,j-q-x	1
万马齐喑	wàn mǎ qí yīn	52333	in-ing,an-ang,j-q-x	3
瓮中捉鳖	wèng zhōng zhuō biē	52338	en-eng,ia-ie,ua-uo,z-zh	3
无妄之灾	wú wàng zhī zāi	52339	an-ang,ai-ei,z-zh	1
卸磨杀驴	xiè mò shā lǘ	52355	ia-ie,s-sh,n-l,r-l,j-q-x	1
学而不厌	xué ér bù yàn	52366	an-ang,j-q-x	1
言无二价	yán wú èr jià	52373	an-ang,ia-ie,j-q-x	1
仰人鼻息	yǎng rén bí xī	52377	en-eng,an-ang,r-l,j-q-x	1
一心一德	yī xīn yī dé	52383	in-ing,j-q-x	1
意气相投	yì qì xiāng tóu	52388	ian-iang,ao-ou,j-q-x	1
玉洁冰清	yù jié bīng qīng	52397	in-ing,ia-ie,j-q-x	1
在所不计	zài suǒ bù jì	52402	ai-ei,ua-uo,z-zh,s-sh,j-q-x	1
折中主义	zhé zhōng zhǔ yì	52410	z-zh	1
知人论世	zhī rén lùn shì	52416	en-eng,z-zh,s-sh,n-l,r-l	1
直接经验	zhí jiē jīng yàn	52418	in-ing,an-ang,ia-ie,z-zh,j-q-x	1
直眉瞪眼	zhí méi dèng yǎn	52420	en-eng,an-ang,ai-ei,z-zh	1
自流灌溉	zì liú guàng ài	52429	uan-uang,ai-ei,z-zh,n-l,r-l	1
组合家具	zǔ hé jiā jù	52431	ia-ie,z-zh,h-f,j-q-x	1
白璧微瑕	bái bì wēi xiá	52442	ai-ei,ia-ie,j-q-x	3
百口莫辩	bǎi kǒu mò biàn	52444	ian-iang,ai-ei,ao-ou	1
暴饮暴食	bào yǐn bào shí	52448	in-ing,ao-ou,s-sh	1
不对味儿	bù duì wèi er	52460	ai-ei	1
不见经传	bù jiàn jīng zhuàn	52461	in-ing,ian-iang,uan-uang,z-zh,j-q-x	1
财迷心窍	cái mí xīn qiào	52462	in-ing,ai-ei,c-ch,j-q-x	1
残渣余孽	cán zhā yú niè	52466	an-ang,ia-ie,z-zh,c-ch,n-l	1
车轱辘话	chē gū lu huà	52475	ua-uo,c-ch,n-l,h-f,r-l	3
沉鱼落雁	chén yú luò yàn	52476	en-eng,an-ang,ua-uo,c-ch,n-l,r-l	1
重起炉灶	chóng qǐ lú zào	52483	ao-ou,z-zh,c-ch,n-l,r-l,j-q-x	1
疮痍满目	chuāng yí mǎn mù	52487	an-ang,uan-uang,c-ch	3
斗心眼儿	dòu xīn yǎn er	52516	in-ing,an-ang,ao-ou,j-q-x	1
泛泛而谈	fàn fàn ér tán	52526	an-ang,h-f	1
废铜烂铁	fèi tóng làn tiě	52530	an-ang,ai-ei,ia-ie,n-l,h-f,r-l	1
浮动工资	fú dòng gōng zī	52536	z-zh,h-f	1
疙里疙瘩	gē li gē dā	52546	n-l,r-l	1
棺材瓤子	guān cai ráng zi	52555	an-ang,uan-uang,ai-ei,z-zh,c-ch,r-l	1
撼天动地	hàn tiān dòng dì	52563	an-ang,ian-iang,h-f	1
涣然冰释	huàn rán bīng shì	52569	in-ing,an-ang,uan-uang,s-sh,h-f,r-l	1
疾言厉色	jí yán lì sè	52580	an-ang,s-sh,n-l,r-l,j-q-x	1
空谷足音	kōng gǔ zú yīn	52611	in-ing,z-zh	1
枯木逢春	kū mù féng chūn	52614	en-eng,c-ch,h-f	1
冷暖自知	lěng nuǎn zì zhī	52620	en-eng,uan-uang,z-zh,n-l,r-l	1
连鬓胡子	lián bìn hú zi	52624	in-ing,ian-iang,z-zh,n-l,h-f,r-l	1
连跑带跳	lián pǎo dài tiào	52628	ian-iang,ai-ei,ao-ou,n-l,r-l	1
落落寡合	luò luò guǎ hé	52642	ua-uo,n-l,h-f,r-l	1
卖官鬻爵	mài guān yù jué	52644	uan-uang,ai-ei,j-q-x	3
靡靡之音	mǐ mǐ zhī yīn	52648	in-ing,z-zh	1
明枪暗箭	míng qiāng àn jiàn	52653	in-ing,an-ang,ian-iang,j-q-x	1
莫可名状	mò kě míng zhuàng	52655	in-ing,uan-uang,z-zh	1
漠不相关	mò bù xiāng guān	52656	ian-iang,uan-uang,j-q-x	1
牛刀小试	niú dāo xiǎo shì	52662	ao-ou,s-sh,n-l,j-q-x	1
评功摆好	píng gōng bǎi hǎo	52673	in-ing,ai-ei,ao-ou,h-f	1
弃甲曳兵	qì jiǎ yè bīng	52677	in-ing,ia-ie,j-q-x	3
穷年累月	qióng nián lěi yuè	52690	ian-iang,ai-ei,n-l,r-l,j-q-x	1
惹火烧身	rě huǒ shāo shēn	52697	en-eng,ao-ou,ua-uo,s-sh,h-f,r-l	1
生拉硬拽	shēng lā yìng zhuài	52714	en-eng,in-ing,z-zh,s-sh,n-l,r-l	1
拾人牙慧	shí rén yá huì	52721	en-eng,s-sh,h-f,r-l	1
名扬中外	míng yáng zhōng wài	52736	in-ing,an-ang,ai-ei,z-zh	1
特型演员	tè xíng yǎn yuán	52739	in-ing,an-ang,uan-uang,j-q-x	1
啼饥号寒	tí jī háo hán	52741	an-ang,ao-ou,h-f,j-q-x	1
铁腕人物	tiě wàn rén wù	52747	en-eng,an-ang,ia-ie,r-l	1
歪七扭八	wāi qī niǔ bā	52751	ai-ei,n-l,j-q-x	1
网络警察	wǎng luò jǐng chá	52752	in-ing,an-ang,ua-uo,c-ch,n-l,r-l,j-q-x	1
威信扫地	wēi xìn sǎo dì	52753	in-ing,ai-ei,ao-ou,s-sh,j-q-x	1
维吾尔文	wéi wú ěr wén	52755	en-eng,ai-ei	1
无功受禄	wú gōng shòu lù	52762	ao-ou,s-sh,n-l,r-l	1
瞎说八道	xiā shuō bā dào	52777	ao-ou,ia-ie,ua-uo,s-sh,j-q-x	1
侠肝义胆	xiá gān yì dǎn	52778	an-ang,ia-ie,j-q-x	1
相反相成	xiāng fǎn xiāng chéng	52782	en-eng,an-ang,ian-iang,c-ch,h-f,j-q-x	1
心口如一	xīn kǒu rú yī	52789	in-ing,ao-ou,r-l,j-q-x	1
形影相随	xíng yǐng xiāng suí	52795	in-ing,ian-iang,s-sh,j-q-x	1
兄弟阋墙	xiōng dì xì qiáng	52798	ian-iang,j-q-x	3
虚有其表	xū yǒu qí biǎo	52803	ao-ou,j-q-x	1
阳关大道	yáng guān dà dào	52821	an-ang,uan-uang,ao-ou	1
腰肌劳损	yāo jī láo sǔn	52822	ao-ou,s-sh,n-l,r-l,j-q-x	1
一通百通	yī tōng bǎi tōng	52825	ai-ei	1
一无所能	yī wú suǒ néng	52827	en-eng,ua-uo,s-sh,n-l	1
一语破的	yī yǔ pò dì	52828		1
亦庄亦谐	yì zhuāng yì xié	52833	uan-uang,ia-ie,z-zh,j-q-x	1
因事制宜	yīn shì zhì yí	52835	in-ing,z-zh,s-sh	1
远交近攻	yuǎn jiāo jìn gōng	52854	in-ing,uan-uang,j-q-x	1
啧啧称羡	zé zé chēng xiàn	52857	en-eng,ian-iang,z-zh,c-ch,j-q-x	3
赵公元帅	zhào gōng yuán shuài	52859	uan-uang,ao-ou,z-zh,s-sh	1
钟鸣鼎食	zhōng míng dǐng shí	52865	in-ing,z-zh,s-sh	1
坐观成败	zuò guān chéng bài	52879	en-eng,uan-uang,ai-ei,ua-uo,z-zh,c-ch	1
大轰大嗡	dà hōng dà wēng	52933	en-eng,h-f	1
淡妆浓抹	dàn zhuāng nóng mǒ	52937	an-ang,uan-uang,z-zh,n-l	1
浮皮潦草	fú pí liáo cǎo	52970	ao-ou,c-ch,n-l,h-f,r-l	3
富商大贾	fù shāng dà gǔ	52972	an-ang,s-sh,h-f	1
高射机枪	gāo shè jī qiāng	52979	ian-iang,ao-ou,s-sh,j-q-x	1
苟且偷安	gǒu qiě tōu ān	52983	an-ang,ao-ou,ia-ie,j-q-x	1
和光同尘	hé guāng tóng chén	53000	en-eng,uan-uang,c-ch,h-f	1
哼哈二将	hēng hā èr jiàng	53003	en-eng,ian-iang,h-f,j-q-x	1
胡吃海喝	hú chī hǎi hē	53011	ai-ei,c-ch,h-f	1
户枢不蠹	hù shū bù dù	53014	s-sh,h-f	3
悔不当初	huǐ bù dāng chū	53025	an-ang,c-ch,h-f	1
毁誉参半	huǐ yù cān bàn	53026	an-ang,c-ch,h-f	1
几次三番	jǐ cì sān fān	53031	an-ang,c-ch,s-sh,h-f,j-q-x	1
金缕玉衣	jīn lǚ yù yī	53047	in-ing,n-l,r-l,j-q-x	1
绝口不提	jué kǒu bù tí	53057	ao-ou,j-q-x	1
刻舟求剑	kè zhōu qiú jiàn	53066	ian-iang,ao-ou,z-zh,j-q-x	1
空口无凭	kōng kǒu wú píng	53067	in-ing,ao-ou	1
劳师动众	láo shī dòng zhòng	53071	ao-ou,z-zh,s-sh,n-l,r-l	1
立体电影	lì tǐ diàn yǐng	53078	in-ing,ian-iang,n-l,r-l	1
连滚带爬	lián gǔn dài pá	53080	ian-iang,ai-ei,n-l,r-l	1
拈轻怕重	niān qīng pà zhòng	53114	in-ing,ian-iang,z-zh,n-l,j-q-x	3
年高德劭	nián gāo dé shào	53115	ian-iang,ao-ou,s-sh,n-l	3
披沙拣金	pī shā jiǎn jīn	53127	in-ing,ian-iang,s-sh,j-q-x	1
皮里阳秋	pí lǐ yáng qiū	53129	an-ang,n-l,r-l,j-q-x	1
气冲霄汉	qì chōng xiāo hàn	53139	an-ang,c-ch,h-f,j-q-x	1
千瓦小时	qiān wǎ xiǎo shí	53140	ian-iang,s-sh,j-q-x	1
潜滋暗长	qián zī àn zhǎng	53144	an-ang,ian-iang,z-zh,j-q-x	1
人欢马叫	rén huān mǎ jiào	53155	en-eng,uan-uang,h-f,r-l,j-q-x	1
舍身求法	shě shēn qiú fǎ	53170	en-eng,s-sh,h-f,j-q-x	1
社会青年	shè huì qīng nián	53171	in-ing,ian-iang,s-sh,n-l,h-f,j-q-x	1
舒筋活血	shū jīn huó xuè	53177	in-ing,ua-uo,s-sh,h-f,j-q-x	1
螳臂当车	táng bì dāng chē	53198	an-ang,c-ch	3
铁板钉钉	tiě bǎn dìng dīng	53204	in-ing,an-ang,ia-ie	1
铁壁铜墙	tiě bì tóng qiáng	53205	ian-iang,ia-ie,j-q-x	1
通都大邑	tōng dū dà yì	53208		1
投畀豺虎	tóu bì chái hǔ	53211	ai-ei,ao-ou,c-ch,h-f	3
兔死狗烹	tù sǐ gǒu pēng	53213	en-eng,ao-ou,s-sh	1
危如累卵	wēi rú lěi luǎn	53223	uan-uang,ai-ei,n-l,r-l	1
无一是处	wú yī shì chù	53229	c-ch,s-sh	1
细高挑儿	xì gāo tiǎo er	53238	ao-ou,j-q-x	1
心广体胖	xīn guǎng tǐ pán	53247	in-ing,an-ang,uan-uang,j-q-x	1
行成于思	xíng chéng yú sī	53252	en-eng,in-ing,c-ch,s-sh,j-q-x	1
悬灯结彩	xuán dēng jié cǎi	53259	en-eng,uan-uang,ai-ei,ia-ie,c-ch,j-q-x	1
削铁如泥	xuē tiě rú ní	53262	ia-ie,n-l,r-l,j-q-x	1
殃及池鱼	yāng jí chí yú	53268	an-ang,c-ch,j-q-x	1
要言不烦	yào yán bù fán	53279	an-ang,ao-ou,h-f	1
一触即溃	yī chù jí kuì	53282	c-ch,j-q-x	1
一孔之见	yī kǒng zhī jiàn	53284	ian-iang,z-zh,j-q-x	1
亿万斯年	yì wàn sī nián	53289	an-ang,ian-iang,s-sh,n-l	1
榆木疙瘩	yú mù gē da	53303		1
折戟沉沙	zhé jǐ chén shā	53316	en-eng,z-zh,c-ch,s-sh,j-q-x	3
指腹为婚	zhǐ fù wéi hūn	53321	ai-ei,z-zh,h-f	1
坐收渔利	zuò shōu yú lì	53345	ao-ou,ua-uo,z-zh,s-sh,n-l,r-l	1
爱搭不理	ài dā bù lǐ	53348	ai-ei,n-l,r-l	1
敝帚自珍	bì zhǒu zì zhēn	53362	en-eng,ao-ou,z-zh	3
别有天地	bié yǒu tiān dì	53365	ian-iang,ao-ou,ia-ie	1
冰消瓦解	bīng xiāo wǎ jiě	53367	in-ing,ia-ie,j-q-x	1
不负重望	bù fù zhòng wàng	53371	an-ang,z-zh,h-f	1
炒买炒卖	chǎo mǎi chǎo mài	53387	ai-ei,ao-ou,c-ch	1
蹉跎岁月	cuō tuó suì yuè	53405	ua-uo,c-ch,s-sh	3
打光棍儿	dǎ guāng gùn er	53408	uan-uang	1
滴水穿石	dī shuǐ chuān shí	53420	uan-uang,c-ch,s-sh	1
东鳞西爪	dōng lín xī zhǎo	53427	in-ing,ao-ou,z-zh,n-l,r-l,j-q-x	1
洞天福地	dòng tiān fú dì	53429	ian-iang,h-f	1
烦琐哲学	fán suǒ zhé xué	53440	an-ang,ua-uo,z-zh,s-sh,h-f,j-q-x	1
福无双至	fú wú shuāng zhì	53456	uan-uang,z-zh,s-sh,h-f	1
干柴烈火	gān chái liè huǒ	53466	an-ang,ai-ei,ia-ie,ua-uo,c-ch,n-l,h-f,r-l	1
瓜子仁儿	guā zǐ rén er	53472	en-eng,ua-uo,z-zh,r-l	1
过甚其词	guò shèn qí cí	53479	en-eng,ua-uo,c-ch,s-sh,j-q-x	1
横眉怒目	héng méi nù mù	53483	en-eng,ai-ei,n-l,h-f	1
横眉竖目	héng méi shù mù	53484	en-eng,ai-ei,s-sh,h-f	1
火中取栗	huǒ zhōng qǔ lì	53504	ua-uo,z-zh,n-l,h-f,r-l,j-q-x	1
江洋大盗	jiāng yáng dà dào	53514	an-ang,ian-iang,ao-ou,j-q-x	1
酒色财气	jiǔ sè cái qì	53534	ai-ei,c-ch,s-sh,j-q-x	1
举案齐眉	jǔ àn qí méi	53538	an-ang,ai-ei,j-q-x	1
聚讼纷纭	jù sòng fēn yún	53539	en-eng,s-sh,h-f,j-q-x	3
哩哩啦啦	lī li lā lā	53563	n-l,r-l	1
囊空如洗	náng kōng rú xǐ	53603	an-ang,n-l,r-l,j-q-x	1
攀高枝儿	pān gāo zhī er	53615	an-ang,ao-ou,z-zh	1
鹏程万里	péng chéng wàn lǐ	53621	en-eng,an-ang,c-ch,n-l,r-l	1
披坚执锐	pī jiān zhí ruì	53622	ian-iang,z-zh,r-l,j-q-x	1
勤杂人员	qín zá rén yuán	53639	en-eng,in-ing,uan-uang,z-zh,r-l,j-q-x	1
穷极无聊	qióng jí wú liáo	53644	n-l,r-l,j-q-x	1
茕茕孑立	qióng qióng jié lì	53646	ia-ie,n-l,r-l,j-q-x	3
曲意逢迎	qū yì féng yíng	53647	en-eng,in-ing,h-f,j-q-x	1
曲终人散	qǔ zhōng rén sàn	53648	en-eng,an-ang,z-zh,s-sh,r-l,j-q-x	1
群魔乱舞	qún mó luàn wǔ	53650	uan-uang,n-l,r-l,j-q-x	1
人寿年丰	rén shòu nián fēng	53653	en-eng,ian-iang,ao-ou,s-sh,n-l,h-f,r-l	1
仁人君子	rén rén jūn zǐ	53654	en-eng,z-zh,r-l,j-q-x	1
舌敝唇焦	shé bì chún jiāo	53668	c-ch,s-sh,j-q-x	3
生花妙笔	shēng huā miào bǐ	53672	en-eng,ua-uo,s-sh,h-f	1
适逢其会	shì féng qí huì	53679	en-eng,s-sh,h-f,j-q-x	1
述而不作	shù ér bù zuò	53682	ua-uo,z-zh,s-sh	1
水中捞月	shuǐ zhōng lāo yuè	53687	ao-ou,z-zh,s-sh,n-l,r-l	1
数见不鲜	shuò jiàn bù xiān	53690	ian-iang,ua-uo,s-sh,j-q-x	1
太阳电池	tài yáng diàn chí	53700	an-ang,ian-iang,ai-ei,c-ch	1
提线木偶	tí xiàn mù ǒu	53710	ian-iang,ao-ou,j-q-x	1
徒子徒孙	tú zǐ tú sūn	53717	z-zh,s-sh	1
剜肉补疮	wān ròu bǔ chuāng	53730	an-ang,uan-uang,ao-ou,c-ch,r-l	3
违心之论	wéi xīn zhī lùn	53734	in-ing,ai-ei,z-zh,n-l,r-l,j-q-x	1
文不加点	wén bù jiā diǎn	53739	en-eng,ian-iang,ia-ie,j-q-x	1
问来问去	wèn lái wèn qù	53741	en-eng,ai-ei,n-l,r-l,j-q-x	1
无本之木	wú běn zhī mù	53742	en-eng,z-zh	1
无声无臭	wú shēng wú xiù	53743	en-eng,s-sh,j-q-x	1
相辅而行	xiāng fǔ ér xíng	53753	in-ing,ian-iang,h-f,j-q-x	1
小里小气	xiǎo li xiǎo qì	53756	n-l,r-l,j-q-x	1
心到神知	xīn dào shén zhī	53760	en-eng,in-ing,ao-ou,z-zh,s-sh,j-q-x	1
心劳日拙	xīn láo rì zhuō	53761	in-ing,ao-ou,ua-uo,z-zh,n-l,r-l,j-q-x	1
信赏必罚	xìn shǎng bì fá	53763	in-ing,an-ang,s-sh,h-f,j-q-x	1
星移斗转	xīng yí dǒu zhuǎn	53765	in-ing,uan-uang,ao-ou,z-zh,j-q-x	1
兴头儿上	xìng tóu er shang	53767	in-ing,an-ang,ao-ou,s-sh,j-q-x	1
胸无点墨	xiōng wú diǎn mò	53770	ian-iang,j-q-x	1
至死不渝	zhì sǐ bù yú	53780	z-zh,s-sh	1
笨口拙舌	bèn kǒu zhuō shé	53788	en-eng,ao-ou,ua-uo,z-zh,s-sh	1
一片冰心	yī piàn bīng xīn	53790	in-ing,ian-iang,j-q-x	1
隐形飞机	yǐn xíng fēi jī	53796	in-ing,ai-ei,h-f,j-q-x	1
勇冠三军	yǒng guàn sān jūn	53798	an-ang,uan-uang,s-sh,j-q-x	1
悠悠荡荡	yōu yōu dàng dàng	53800	an-ang,ao-ou	1
自相鱼肉	zì xiāng yú ròu	53845	ian-iang,ao-ou,z-zh,r-l,j-q-x	1
哀兵必胜	āi bīng bì shèng	53858	en-eng,in-ing,ai-ei,s-sh	1
安步当车	ān bù dàng chē	53860	an-ang,c-ch	1
抱恨终天	bào hèn zhōng tiān	53875	en-eng,ian-iang,ao-ou,z-zh,h-f	1
冰肌玉骨	bīng jī yù gǔ	53887	in-ing,j-q-x	1
不名一文	bù míng yī wén	53890	en-eng,in-ing	1
春秋笔法	chūn qiū bǐ fǎ	53922	c-ch,h-f,j-q-x	1
刺刺不休	cì cì bù xiū	53926	c-ch,j-q-x	1
第二人称	dì èr rén chēng	53945	en-eng,c-ch,r-l	1
丢盔弃甲	diū kuī qì jiǎ	53955	ia-ie,j-q-x	1
对口相声	duì kǒu xiàng sheng	53964	en-eng,ian-iang,ao-ou,s-sh,j-q-x	1
沸反盈天	fèi fǎn yíng tiān	53982	in-ing,an-ang,ian-iang,ai-ei,h-f	1
各尽其职	gè jìn qí zhí	53997	in-ing,z-zh,j-q-x	1
攻其不备	gōng qí bù bèi	53998	ai-ei,j-q-x	1
好声好气	hǎo shēng hǎo qì	54011	en-eng,ao-ou,s-sh,h-f,j-q-x	1
猴皮筋儿	hóu pí jīn er	54017	in-ing,ao-ou,h-f,j-q-x	1
实体经济	shí tǐ jīng jì	54027	in-ing,s-sh,j-q-x	1
鸡犬相闻	jī quǎn xiāng wén	54034	en-eng,ian-iang,uan-uang,j-q-x	1
命在旦夕	mìng zài dàn xī	54116	in-ing,an-ang,ai-ei,z-zh,j-q-x	1
磨砂玻璃	mó shā bō li	54118	s-sh,n-l,r-l	1
能掐会算	néng qiā huì suàn	54125	en-eng,uan-uang,ia-ie,s-sh,n-l,h-f,j-q-x	1
骑马找马	qí mǎ zhǎo mǎ	54139	ao-ou,z-zh,j-q-x	1
清汤寡水	qīng tāng guǎ shuǐ	54145	in-ing,an-ang,ua-uo,s-sh,j-q-x	1
认贼作父	rèn zéi zuò fù	54154	en-eng,ai-ei,ua-uo,z-zh,h-f,r-l	1
如隔三秋	rú gé sān qiū	54157	an-ang,s-sh,r-l,j-q-x	1
如芒在背	rú máng zài bèi	54158	an-ang,ai-ei,z-zh,r-l	1
傻瓜相机	shǎ guā xiàng jī	54165	ian-iang,ua-uo,s-sh,j-q-x	1
生理盐水	shēng lǐ yán shuǐ	54170	en-eng,an-ang,s-sh,n-l,r-l	1
生荣死哀	shēng róng sǐ āi	54171	en-eng,ai-ei,s-sh,r-l	1
撕肝裂肺	sī gān liè fèi	54191	an-ang,ai-ei,ia-ie,s-sh,n-l,h-f,r-l	1
天差地远	tiān chā dì yuǎn	54201	ian-iang,uan-uang,c-ch	1
跳皮筋儿	tiào pí jīn er	54205	in-ing,j-q-x	1
通权达变	tōng quán dá biàn	54208	ian-iang,uan-uang,j-q-x	1
徒托空言	tú tuō kōng yán	54210	an-ang,ua-uo	1
无头苍蝇	wú tóu cāng ying	54234	in-ing,an-ang,ao-ou,c-ch	1
五方杂处	wǔ fāng zá chǔ	54236	an-ang,z-zh,c-ch,h-f	1
下车伊始	xià chē yī shǐ	54243	ia-ie,c-ch,s-sh,j-q-x	1
萧规曹随	xiāo guī cáo suí	54253	ao-ou,c-ch,s-sh,j-q-x	1
晓以利害	xiǎo yǐ lì hài	54255	ai-ei,n-l,h-f,r-l,j-q-x	1
玄之又玄	xuán zhī yòu xuán	54270	uan-uang,ao-ou,z-zh,j-q-x	1
寻章摘句	xún zhāng zhāi jù	54273	an-ang,ai-ei,z-zh,j-q-x	1
摇笔杆儿	yáo bǐ gǎn er	54283	an-ang,ao-ou	1
摇唇鼓舌	yáo chún gǔ shé	54284	ao-ou,c-ch,s-sh	1
一得之见	yī dé zhī jiàn	54287	ian-iang,z-zh,j-q-x	1
一叶知秋	yī yè zhī qiū	54289	z-zh,j-q-x	1
余勇可贾	yú yǒng kě gǔ	54300		1
欲壑难填	yù hè nán tián	54303	an-ang,ian-iang,n-l,h-f	3
沾花惹草	zhān huā rě cǎo	54312	an-ang,ao-ou,ua-uo,z-zh,c-ch,h-f,r-l	1
战争贩子	zhàn zhēng fàn zi	54314	en-eng,an-ang,z-zh,h-f	1
找米下锅	zhǎo mǐ xià guō	54316	ao-ou,ia-ie,ua-uo,z-zh,j-q-x	1
职务工资	zhí wù gōng zī	54323	z-zh	1
助桀为虐	zhù jié wéi nüè	54329	ai-ei,ia-ie,z-zh,n-l,j-q-x	3
总起来看	zǒng qǐ lái kàn	54341	an-ang,ai-ei,z-zh,n-l,r-l,j-q-x	1
安土重迁	ān tǔ zhòng qiān	54348	an-ang,ian-iang,z-zh,j-q-x	1
笨头笨脑	bèn tóu bèn nǎo	54363	en-eng,ao-ou,n-l	1
不大离儿	bù dà lí er	54378	n-l,r-l	1
步人后尘	bù rén hòu chén	54381	en-eng,ao-ou,c-ch,h-f,r-l	1
插一杠子	chā yī gàng zi	54388	an-ang,z-zh,c-ch	1
车载斗量	chē zài dǒu liáng	54396	ian-iang,ai-ei,ao-ou,z-zh,c-ch,n-l,r-l	1
惩一儆百	chéng yī jǐng bǎi	54402	en-eng,in-ing,ai-ei,c-ch,j-q-x	3
穿凿附会	chuān záo fù huì	54415	uan-uang,ao-ou,z-zh,c-ch,h-f	1
传经送宝	chuán jīng sòng bǎo	54418	in-ing,uan-uang,ao-ou,c-ch,s-sh,j-q-x	1
垂直绿化	chuí zhí lǜ huà	54419	ua-uo,z-zh,c-ch,n-l,h-f,r-l	1
打小算盘	dǎ xiǎo suàn pan	54430	an-ang,uan-uang,s-sh,j-q-x	1
大显神通	dà xiǎn shén tōng	54433	en-eng,ian-iang,s-sh,j-q-x	1
当中间儿	dāng zhōng jiàn er	54438	an-ang,ian-iang,z-zh,j-q-x	1
倒果为因	dào guǒ wéi yīn	54442	in-ing,ai-ei,ao-ou,ua-uo	1
电声乐队	diàn shēng yuè duì	54455	en-eng,ian-iang,s-sh	1
鼎足之势	dǐng zú zhī shì	54461	in-ing,z-zh,s-sh	1
定向培育	dìng xiàng péi yù	54462	in-ing,ian-iang,ai-ei,j-q-x	1
多难兴邦	duō nàn xīng bāng	54466	in-ing,an-ang,ua-uo,n-l,j-q-x	1
二次能源	èr cì néng yuán	54470	en-eng,uan-uang,c-ch,n-l	1
防卫过当	fáng wèi guò dàng	54478	an-ang,ai-ei,ua-uo,h-f	1
公文旅行	gōng wén lǚ xíng	54507	en-eng,in-ing,n-l,r-l,j-q-x	1
公子王孙	gōng zǐ wáng sūn	54508	an-ang,z-zh,s-sh	1
狗尾续貂	gǒu wěi xù diāo	54509	ai-ei,ao-ou,j-q-x	3
观者如堵	guān zhě rú dǔ	54515	uan-uang,z-zh,r-l	1
鬼蜮伎俩	guǐ yù jì liǎng	54518	ian-iang,n-l,r-l,j-q-x	3
含饴弄孙	hán yí nòng sūn	54522	an-ang,s-sh,n-l,h-f	3
豪放不羁	háo fàng bù jī	54525	an-ang,ao-ou,h-f,j-q-x	3
叽里哇啦	jī lǐ wā lā	54539	n-l,r-l,j-q-x	1
诘屈聱牙	jí qū áo yá	54543	ao-ou,j-q-x	3
艰苦备尝	jiān kǔ bèi cháng	54549	an-ang,ian-iang,ai-ei,c-ch,j-q-x	1
监外执行	jiān wài zhí xíng	54550	in-ing,ian-iang,ai-ei,z-zh,j-q-x	1
见财起意	jiàn cái qǐ yì	54552	ian-iang,ai-ei,c-ch,j-q-x	1
截长补短	jié cháng bǔ duǎn	54563	an-ang,uan-uang,ia-ie,c-ch,j-q-x	1
借古讽今	jiè gǔ fěng jīn	54565	en-eng,in-ing,ia-ie,h-f,j-q-x	1
尽其所有	jìn qí suǒ yǒu	54566	in-ing,ao-ou,ua-uo,s-sh,j-q-x	1
开门揖盗	kāi mén yī dào	54575	en-eng,ai-ei,ao-ou	3
连蹦带跳	lián bèng dài tiào	54601	en-eng,ian-iang,ai-ei,n-l,r-l	1
麻袋片儿	má dài piàn er	54615	ian-iang,ai-ei	1
买椟还珠	mǎi dú huán zhū	54618	uan-uang,ai-ei,z-zh,h-f	3
鸟尽弓藏	niǎo jìn gōng cáng	54638	in-ing,an-ang,c-ch,n-l,j-q-x	1
女里女气	nǚ li nǚ qì	54639	n-l,r-l,j-q-x	1
牝鸡司晨	pìn jī sī chén	54648	en-eng,in-ing,c-ch,s-sh,j-q-x	3
气壮如牛	qì zhuàng rú niú	54659	uan-uang,z-zh,n-l,r-l,j-q-x	1
弃旧图新	qì jiù tú xīn	54660	in-ing,j-q-x	1
情随事迁	qíng suí shì qiān	54668	in-ing,ian-iang,s-sh,j-q-x	1
绕梁三日	rào liáng sān rì	54676	an-ang,ian-iang,ao-ou,s-sh,n-l,r-l	1
如鸟兽散	rú niǎo shòu sàn	54678	an-ang,ao-ou,s-sh,n-l,r-l	1
三姑六婆	sān gū liù pó	54683	an-ang,s-sh,n-l,r-l	1
山西梆子	shān xī bāng zi	54685	an-ang,z-zh,s-sh,j-q-x	1
十指连心	shí zhǐ lián xīn	54696	in-ing,ian-iang,z-zh,s-sh,n-l,r-l,j-q-x	1
手眼通天	shǒu yǎn tōng tiān	54702	an-ang,ian-iang,ao-ou,s-sh	1
首尾相应	shǒu wěi xiāng yìng	54703	in-ing,ian-iang,ai-ei,ao-ou,s-sh,j-q-x	1
特种工艺	tè zhǒng gōng yì	54728	z-zh	1
天荒地老	tiān huāng dì lǎo	54731	ian-iang,uan-uang,ao-ou,n-l,h-f,r-l	1
土老帽儿	tǔ lǎo mào er	54743	ao-ou,n-l,r-l	1
外交特权	wài jiāo tè quán	54749	uan-uang,ai-ei,j-q-x	1
外面儿光	wài miàn er guāng	54750	ian-iang,uan-uang,ai-ei	1
万古流芳	wàn gǔ liú fāng	54751	an-ang,n-l,h-f,r-l	1
望风捕影	wàng fēng bǔ yǐng	54753	en-eng,in-ing,an-ang,h-f	1
威风扫地	wēi fēng sǎo dì	54754	en-eng,ai-ei,ao-ou,s-sh,h-f	1
未可厚非	wèi kě hòu fēi	54755	ai-ei,ao-ou,h-f	1
喜眉笑眼	xǐ méi xiào yǎn	54761	an-ang,ai-ei,j-q-x	1
虾兵蟹将	xiā bīng xiè jiàng	54763	in-ing,ian-iang,ia-ie,j-q-x	1
下毛毛雨	xià máo mao yǔ	54767	ao-ou,ia-ie,j-q-x	1
先意承志	xiān yì chéng zhì	54768	en-eng,ian-iang,z-zh,c-ch,j-q-x	1
响遏行云	xiǎng è xíng yún	54772	in-ing,ian-iang,j-q-x	1
心心念念	xīn xīn niàn niàn	54782	in-ing,ian-iang,n-l,j-q-x	1
修旧利废	xiū jiù lì fèi	54788	ai-ei,n-l,h-f,r-l,j-q-x	1
癣疥之疾	xuǎn jiè zhī jí	54795	uan-uang,ia-ie,z-zh,j-q-x	3
穴居野处	xué jū yě chǔ	54796	c-ch,j-q-x	1
马革裹尸	mǎ gé guǒ shī	54805	ua-uo,s-sh	1
扬汤止沸	yáng tāng zhǐ fèi	54808	an-ang,ai-ei,z-zh,h-f	1
要死不活	yào sǐ bù huó	54811	ao-ou,ua-uo,s-sh,h-f	1
一发千钧	yī fà qiān jūn	54814	ian-iang,h-f,j-q-x	1
意马心猿	yì mǎ xīn yuán	54821	in-ing,uan-uang,j-q-x	1
硬笔书法	yìng bǐ shū fǎ	54827	in-ing,s-sh,h-f	1
锃光瓦亮	zèng guāng wǎ liàng	54848	en-eng,ian-iang,uan-uang,z-zh,n-l,r-l	3
彰明较著	zhāng míng jiào zhù	54850	in-ing,an-ang,z-zh,j-q-x	1
折冲樽俎	zhé chōng zūn zǔ	54853	z-zh,c-ch	3
知冷知热	zhī lěng zhī rè	54862	en-eng,z-zh,n-l,r-l	1
知识产业	zhī shi chǎn yè	54863	an-ang,z-zh,c-ch,s-sh	1
置诸高阁	zhì zhū gāo gé	54868	ao-ou,z-zh	1
忠贞不贰	zhōng zhēn bù èr	54870	en-eng,z-zh	1
追奔逐北	zhuī bēn zhú běi	54878	en-eng,ai-ei,z-zh	1
爱财如命	ài cái rú mìng	54886	in-ing,ai-ei,c-ch,r-l	1
把水搅浑	bǎ shuǐ jiǎo hún	54891	s-sh,h-f,j-q-x	1
秉烛夜游	bǐng zhú yè yóu	54913	in-ing,ao-ou,z-zh	1
不哼不哈	bù hēng bù hā	54918	en-eng,h-f	1
不落窠臼	bù luò kē jiù	54919	ua-uo,n-l,r-l,j-q-x	3
不蔓不枝	bù màn bù zhī	54920	an-ang,z-zh	1
不平则鸣	bù píng zé míng	54921	in-ing,z-zh	1
插翅难飞	chā chì nán fēi	54924	an-ang,ai-ei,c-ch,n-l,h-f	1
池鱼之殃	chí yú zhī yāng	54935	an-ang,z-zh,c-ch	1
持之有故	chí zhī yǒu gù	54936	ao-ou,z-zh,c-ch	1
出乖露丑	chū guāi lòu chǒu	54940	ao-ou,c-ch,n-l,r-l	1
寸草不留	cùn cǎo bù liú	54952	ao-ou,c-ch,n-l,r-l	1
大天白日	dà tiān bái rì	54959	ian-iang,ai-ei,r-l	1
道不拾遗	dào bù shí yí	54969	ao-ou,s-sh	1
叠床架屋	dié chuáng jià wū	54981	uan-uang,ia-ie,c-ch,j-q-x	1
东郭先生	dōng guō xiān sheng	54985	en-eng,ian-iang,ua-uo,s-sh,j-q-x	1
独木难支	dú mù nán zhī	54989	an-ang,z-zh,n-l	1
阿谀逢迎	ē yú féng yíng	54994	en-eng,in-ing,h-f	3
反求诸己	fǎn qiú zhū jǐ	55003	an-ang,z-zh,h-f,j-q-x	1
甘之如饴	gān zhī rú yí	55022	an-ang,z-zh,r-l	3
狗胆包天	gǒu dǎn bāo tiān	55026	an-ang,ian-iang,ao-ou	1
怪诞不经	guài dàn bù jīng	55033	in-ing,an-ang,j-q-x	1
涸辙之鲋	hé zhé zhī fù	55047	z-zh,h-f	3
黑更半夜	hēi gēng bàn yè	55049	en-eng,an-ang,ai-ei,h-f	1
鸿鹄之志	hóng hú zhī zhì	55051	z-zh,h-f	3
呼之即来	hū zhī jí lái	55053	ai-ei,z-zh,n-l,h-f,r-l,j-q-x	1
机械运动	jī xiè yùn dòng	55074	ia-ie,j-q-x	1
开山祖师	kāi shān zǔ shī	55114	an-ang,ai-ei,z-zh,s-sh	1
狼奔豕突	láng bēn shǐ tū	55127	en-eng,an-ang,s-sh,n-l,r-l	3
浪迹江湖	làng jì jiāng hú	55128	an-ang,ian-iang,n-l,h-f,r-l,j-q-x	1
两面三刀	liǎng miàn sān dāo	55138	an-ang,ian-iang,ao-ou,s-sh,n-l,r-l	1
临渊羡鱼	lín yuān xiàn yú	55142	in-ing,ian-iang,uan-uang,n-l,r-l,j-q-x	1
屡次三番	lǚ cì sān fān	55148	an-ang,c-ch,s-sh,n-l,h-f,r-l	1
命途多舛	mìng tú duō chuǎn	55170	in-ing,uan-uang,ua-uo,c-ch	3
拿刀动杖	ná dāo dòng zhàng	55175	an-ang,ao-ou,z-zh,n-l	1
脑体倒挂	nǎo tǐ dào guà	55179	ao-ou,ua-uo,n-l	1
盘马弯弓	pán mǎ wān gōng	55185	an-ang	1
遣词造句	qiǎn cí zào jù	55201	ian-iang,ao-ou,z-zh,c-ch,j-q-x	1
去芜存菁	qù wú cún jīng	55217	in-ing,c-ch,j-q-x	3
全始全终	quán shǐ quán zhōng	55218	uan-uang,z-zh,s-sh,j-q-x	1
群口相声	qún kǒu xiàng sheng	55220	en-eng,ian-iang,ao-ou,s-sh,j-q-x	1
日臻完美	rì zhēn wán měi	55225	en-eng,an-ang,ai-ei,z-zh,r-l	3
如花似锦	rú huā sì jǐn	55227	in-ing,ua-uo,s-sh,h-f,r-l,j-q-x	1
孺子可教	rú zǐ kě jiào	55228	z-zh,r-l,j-q-x	3
弱不胜衣	ruò bù shèng yī	55229	en-eng,ua-uo,s-sh,r-l	1
煞费心机	shà fèi xīn jī	55236	in-ing,ai-ei,s-sh,h-f,j-q-x	1
实言相告	shí yán xiāng gào	55243	an-ang,ian-iang,ao-ou,s-sh,j-q-x	1
舐犊情深	shì dú qíng shēn	55246	en-eng,in-ing,s-sh,j-q-x	3
耍心眼儿	shuǎ xīn yǎn er	55254	in-ing,an-ang,ua-uo,s-sh,j-q-x	1
说好说歹	shuō hǎo shuō dǎi	55258	ai-ei,ao-ou,ua-uo,s-sh,h-f	1
死不悔改	sǐ bù huǐ gǎi	55260	ai-ei,s-sh,h-f	1
贪大求洋	tān dà qiú yáng	55267	an-ang,j-q-x	1
贪小失大	tān xiǎo shī dà	55268	an-ang,s-sh,j-q-x	1
特种警察	tè zhǒng jǐng chá	55279	in-ing,z-zh,c-ch,j-q-x	1
铁树开花	tiě shù kāi huā	55282	ai-ei,ia-ie,ua-uo,s-sh,h-f	1
同等学力	tóng děng xué lì	55284	en-eng,n-l,r-l,j-q-x	1
偷天换日	tōu tiān huàn rì	55286	ian-iang,uan-uang,ao-ou,h-f,r-l	1
为人作嫁	wèi rén zuò jià	55299	en-eng,ai-ei,ia-ie,ua-uo,z-zh,r-l,j-q-x	1
畏葸不前	wèi xǐ bù qián	55300	ian-iang,ai-ei,j-q-x	3
物阜民丰	wù fù mín fēng	55303	en-eng,in-ing,h-f	3
惜老怜贫	xī lǎo lián pín	55304	in-ing,ian-iang,ao-ou,n-l,r-l,j-q-x	1
瞎子摸象	xiā zǐ mō xiàng	55307	ian-iang,ia-ie,z-zh,j-q-x	1
涎皮赖脸	xián pí lài liǎn	55308	ian-iang,ai-ei,n-l,r-l,j-q-x	3
小而言之	xiǎo ér yán zhī	55314	an-ang,z-zh,j-q-x	1
挟嫌报复	xié xián bào fù	55318	ian-iang,ao-ou,ia-ie,h-f,j-q-x	1
惺惺作态	xīng xīng zuò tài	55321	in-ing,ai-ei,ua-uo,z-zh,j-q-x	3
羞人答答	xiū rén dā dā	55328	en-eng,r-l,j-q-x	1
雪泥鸿爪	xuě ní hóng zhǎo	55336	ao-ou,z-zh,n-l,h-f,j-q-x	1
养虎遗患	yǎng hǔ yí huàn	55348	an-ang,uan-uang,h-f	1
一唱百和	yī chàng bǎi hè	55352	an-ang,ai-ei,c-ch,h-f	1
以人废言	yǐ rén fèi yán	55355	en-eng,an-ang,ai-ei,h-f,r-l	1
油头滑脑	yóu tóu huá nǎo	55367	ao-ou,ua-uo,n-l,h-f	1
有声读物	yǒu shēng dú wù	55368	en-eng,ao-ou,s-sh	1
震古烁今	zhèn gǔ shuò jīn	55385	en-eng,in-ing,ua-uo,z-zh,s-sh,j-q-x	1
肘腋之患	zhǒu yè zhī huàn	55396	uan-uang,ao-ou,z-zh,h-f	1
助推火箭	zhù tuī huǒ jiàn	55398	ian-iang,ua-uo,z-zh,h-f,j-q-x	1
自我作古	zì wǒ zuò gǔ	55402	ua-uo,z-zh	1
左道旁门	zuǒ dào páng mén	55405	en-eng,an-ang,ao-ou,ua-uo,z-zh	1
坐地分赃	zuò dì fēn zāng	55408	en-eng,an-ang,ua-uo,z-zh,h-f	1
八拜之交	bā bài zhī jiāo	55413	ai-ei,z-zh,j-q-x	1
白璧无瑕	bái bì wú xiá	55418	ai-ei,ia-ie,j-q-x	3
稗官野史	bài guān yě shǐ	55420	uan-uang,ai-ei,s-sh	3
暴戾恣睢	bào lì zì suī	55428	ao-ou,z-zh,s-sh,n-l,r-l	3
碧血丹心	bì xuè dān xīn	55433	in-ing,an-ang,j-q-x	1
别无长物	bié wú cháng wù	55442	an-ang,ia-ie,c-ch	1
不成文法	bù chéng wén fǎ	55449	en-eng,c-ch,h-f	1
不孚众望	bù fú zhòng wàng	55450	an-ang,z-zh,h-f	3
吃开口饭	chī kāi kǒu fàn	55477	an-ang,ai-ei,ao-ou,c-ch,h-f	1
抽肥补瘦	chōu féi bǔ shòu	55482	ai-ei,ao-ou,c-ch,s-sh,h-f	1
吹灯拔蜡	chuī dēng bá là	55488	en-eng,c-ch,n-l,r-l	1
点头之交	diǎn tóu zhī jiāo	55516	ian-iang,ao-ou,z-zh,j-q-x	1
电子玩具	diàn zǐ wán jù	55518	an-ang,ian-iang,z-zh,j-q-x	1
恩断义绝	ēn duàn yì jué	55529	en-eng,uan-uang,j-q-x	1
法不责众	fǎ bù zé zhòng	55532	z-zh,h-f	1
粉雕玉琢	fěn diāo yù zhuó	55536	en-eng,ua-uo,z-zh,h-f	1
风刀霜剑	fēng dāo shuāng jiàn	55538	en-eng,ian-iang,uan-uang,ao-ou,s-sh,h-f,j-q-x	1
含垢忍辱	hán gòu rěn rǔ	55560	en-eng,an-ang,ao-ou,h-f,r-l	1
烘云托月	hōng yún tuō yuè	55567	ua-uo,h-f	1
厚古薄今	hòu gǔ bó jīn	55569	in-ing,ao-ou,h-f,j-q-x	1
胡服骑射	hú fú qí shè	55570	s-sh,h-f,j-q-x	1
慌手慌脚	huāng shǒu huāng jiǎo	55572	uan-uang,ao-ou,s-sh,h-f,j-q-x	1
叽里呱啦	jī li guā lā	55575	ua-uo,n-l,r-l,j-q-x	3
即景生情	jí jǐng shēng qíng	55576	en-eng,in-ing,s-sh,j-q-x	1
疾风骤雨	jí fēng zhòu yǔ	55577	en-eng,ao-ou,z-zh,h-f,j-q-x	1
加油添醋	jiā yóu tiān cù	55581	ian-iang,ao-ou,ia-ie,c-ch,j-q-x	1
克尽职守	kè jìn zhí shǒu	55613	in-ing,ao-ou,z-zh,s-sh,j-q-x	1
梁上君子	liáng shàng jūn zǐ	55629	an-ang,ian-iang,z-zh,s-sh,n-l,r-l,j-q-x	1
两相情愿	liǎng xiāng qíng yuàn	55630	in-ing,ian-iang,uan-uang,n-l,r-l,j-q-x	1
马路新闻	mǎ lù xīn wén	55639	en-eng,in-ing,n-l,r-l,j-q-x	1
片纸只字	piàn zhǐ zhī zì	55667	ian-iang,z-zh	1
颓垣断壁	tuí yuán duàn bì	55672	uan-uang	3
奇光异彩	qí guāng yì cǎi	55676	uan-uang,ai-ei,c-ch,j-q-x	1
三亲六故	sān qīn liù gù	55694	in-ing,an-ang,s-sh,n-l,r-l,j-q-x	1
三灾八难	sān zāi bān àn	55695	an-ang,ai-ei,z-zh,s-sh	1
杀鸡吓猴	shā jī xià hóu	55696	ao-ou,ia-ie,s-sh,h-f,j-q-x	1
伸头探脑	shēn tóu tàn nǎo	55702	en-eng,an-ang,ao-ou,s-sh,n-l	1
死缠硬磨	sǐ chán yìng mó	55712	in-ing,an-ang,c-ch,s-sh	1
四舍五入	sì shě wǔ rù	55713	s-sh,r-l	1
四则运算	sì zé yùn suàn	55714	uan-uang,z-zh,s-sh	1
泰山北斗	tài shān běi dǒu	55717	an-ang,ai-ei,ao-ou,s-sh	1
贪天之功	tān tiān zhī gōng	55718	an-ang,ian-iang,z-zh	1
天公地道	tiān gōng dì dào	55722	ian-iang,ao-ou	1
网络电话	wǎng luò diàn huà	55735	an-ang,ian-iang,ua-uo,n-l,h-f,r-l	1
望风披靡	wàng fēng pī mǐ	55736	en-eng,an-ang,h-f	1
文思泉涌	wén sī quán yǒng	55745	en-eng,uan-uang,s-sh,j-q-x	1
无伤大体	wú shāng dà tǐ	55747	an-ang,s-sh	1
瑕瑜互见	xiá yú hù jiàn	55757	ian-iang,ia-ie,h-f,j-q-x	3
晓行夜宿	xiǎo xíng yè sù	55762	in-ing,s-sh,j-q-x	1
胁肩谄笑	xié jiān chǎn xiào	55766	an-ang,ian-iang,ia-ie,c-ch,j-q-x	3
信而有征	xìn ér yǒu zhēng	55767	en-eng,in-ing,ao-ou,z-zh,j-q-x	1
洋里洋气	yáng lǐ yáng qì	55783	an-ang,n-l,r-l,j-q-x	1
摇鹅毛扇	yáo é máo shàn	55784	an-ang,ao-ou,s-sh	1
一脉相通	yī mài xiāng tōng	55791	ian-iang,ai-ei,j-q-x	1
一无所见	yī wú suǒ jiàn	55793	ian-iang,ua-uo,s-sh,j-q-x	1
一无所求	yī wú suǒ qiú	55794	ua-uo,s-sh,j-q-x	1
衣不解带	yī bù jiě dài	55795	ai-ei,ia-ie,j-q-x	1
以资鼓励	yǐ zī gǔ lì	55797	z-zh,n-l,r-l	1
议而不决	yì ér bù jué	55799	j-q-x	1
油脂麻花	yóu zhi má huā	55808	ao-ou,ua-uo,z-zh,h-f	1
与虎谋皮	yǔ hǔ móu pí	55815	ao-ou,h-f	1
云遮雾障	yún zhē wù zhàng	55818	an-ang,z-zh	1
獐头鼠目	zhāng tóu shǔ mù	55826	an-ang,ao-ou,z-zh,s-sh	3
争长论短	zhēng cháng lùn duǎn	55832	en-eng,an-ang,uan-uang,z-zh,c-ch,n-l,r-l	1
众口铄金	zhòng kǒu shuò jīn	55841	in-ing,ao-ou,ua-uo,z-zh,s-sh,j-q-x	3
爱克斯光	ài kè sī guāng	55852	uan-uang,ai-ei,s-sh	1
安如泰山	ān rú tài shān	55853	an-ang,ai-ei,s-sh,r-l	1
白眼儿狼	bái yǎn er láng	55862	an-ang,ai-ei,n-l,r-l	1
鞭打快牛	biān dǎ kuài niú	55873	ian-iang,n-l	1
别树一帜	bié shù yī zhì	55883	ia-ie,z-zh,s-sh	1
不无小补	bù wú xiǎo bǔ	55888	j-q-x	1
穿连裆裤	chuān lián dāng kù	55915	an-ang,ian-iang,uan-uang,c-ch,n-l,r-l	3
粗手笨脚	cū shǒu bèn jiǎo	55925	en-eng,ao-ou,c-ch,s-sh,j-q-x	1
电磁污染	diàn cí wū rǎn	55945	an-ang,ian-iang,c-ch,r-l	1
电子词典	diàn zǐ cí diǎn	55949	ian-iang,z-zh,c-ch	1
雕梁画柱	diāo liáng huà zhù	55951	ian-iang,ua-uo,z-zh,n-l,h-f,r-l	1
动辄得咎	dòng zhé dé jiù	55956	z-zh,j-q-x	3
睹物伤情	dǔ wù shāng qíng	55964	in-ing,an-ang,s-sh,j-q-x	1
釜底游鱼	fǔ dǐ yóu yú	55993	ao-ou,h-f	3
海底捞月	hǎi dǐ lāo yuè	56018	ai-ei,ao-ou,n-l,h-f,r-l	1
滑头滑脑	huá tóu huá nǎo	56040	ao-ou,ua-uo,n-l,h-f	1
疾风劲草	jí fēng jìng cǎo	56054	en-eng,in-ing,ao-ou,c-ch,h-f,j-q-x	1
坚甲利兵	jiān jiǎ lì bīng	56059	in-ing,ian-iang,ia-ie,n-l,r-l,j-q-x	1
胶柱鼓瑟	jiāo zhù gǔ sè	56067	z-zh,s-sh,j-q-x	1
金盆洗手	jīn pén xǐ shǒu	56079	en-eng,in-ing,ao-ou,s-sh,j-q-x	1
扛大个儿	káng dà gè er	56097	an-ang	1
老于世故	lǎo yú shì gù	56123	ao-ou,s-sh,n-l,r-l	1
临渴掘井	lín kě jué jǐng	56137	in-ing,n-l,r-l,j-q-x	1
绫罗绸缎	líng luó chóu duàn	56138	in-ing,uan-uang,ao-ou,ua-uo,c-ch,n-l,r-l	3
溜之乎也	liū zhī hū yě	56141	z-zh,n-l,h-f,r-l	1
龙吟虎啸	lóng yín hǔ xiào	56142	in-ing,n-l,h-f,r-l,j-q-x	1
没齿不忘	mò chǐ bù wàng	56165	an-ang,c-ch	1
目光如豆	mù guāng rú dòu	56171	uan-uang,ao-ou,r-l	1
拿腔作势	ná qiāng zuò shì	56172	ian-iang,ua-uo,z-zh,s-sh,n-l,j-q-x	1
奴颜媚骨	nú yán mèi gǔ	56177	an-ang,ai-ei,n-l	1
跑跑颠颠	pǎo pǎo diān diān	56186	ian-iang,ao-ou	1
贫病交迫	pín bìng jiāo pò	56188	in-ing,j-q-x	1
青堂瓦舍	qīng táng wǎ shè	56200	in-ing,an-ang,s-sh,j-q-x	1
情深意长	qíng shēn yì cháng	56202	en-eng,in-ing,an-ang,c-ch,s-sh,j-q-x	1
鹊巢鸠占	què cháo jiū zhàn	56206	an-ang,ao-ou,z-zh,c-ch,j-q-x	3
生编硬造	shēng biān yìng zào	56220	en-eng,in-ing,ian-iang,ao-ou,z-zh,s-sh	1
塔塔尔族	tǎ tǎ ěr zú	56246	z-zh	1
胎死腹中	tāi sǐ fù zhōng	56247	ai-ei,z-zh,s-sh,h-f	1
袒胸露臂	tǎn xiōng lù bì	56248	an-ang,n-l,r-l,j-q-x	3
条条块块	tiáo tiáo kuài kuài	56252		1
向隅而泣	xiàng yú ér qì	56278	ian-iang,j-q-x	1
小试锋芒	xiǎo shì fēng máng	56281	en-eng,an-ang,s-sh,h-f,j-q-x	1
新媳妇儿	xīn xí fu er	56284	in-ing,h-f,j-q-x	1
虚应故事	xū yìng gù shì	56290	in-ing,s-sh,j-q-x	1
洋腔洋调	yáng qiāng yáng diào	56299	an-ang,ian-iang,j-q-x	1
一差二错	yī chā èr cuò	56302	ua-uo,c-ch	1
移山倒海	yí shān dǎo hǎi	56305	an-ang,ai-ei,ao-ou,s-sh,h-f	1
隐恶扬善	yǐn è yáng shàn	56309	in-ing,an-ang,s-sh	1
羽扇纶巾	yǔ shàn guān jīn	56313	in-ing,an-ang,uan-uang,s-sh,j-q-x	3
职业大学	zhí yè dà xué	56322	z-zh,j-q-x	1
自动铅笔	zì dòng qiān bǐ	56332	ian-iang,z-zh,j-q-x	1
纵虎归山	zòng hǔ guī shān	56334	an-ang,z-zh,s-sh,h-f	1
半半拉拉	bàn ban lā lā	56342	an-ang,n-l,r-l	1
仓储超市	cāng chǔ chāo shì	56368	an-ang,ao-ou,c-ch,s-sh	1
唱空城计	chàng kōng chéng jì	56370	en-eng,an-ang,c-ch,j-q-x	1
耳软心活	ěr ruǎn xīn huó	56420	in-ing,uan-uang,ua-uo,h-f,r-l,j-q-x	1
海外奇谈	hǎi wài qí tán	56447	an-ang,ai-ei,h-f,j-q-x	1
虎口余生	hǔ kǒu yú shēng	56467	en-eng,ao-ou,s-sh,h-f	1
混合面儿	hùn hé miàn er	56475	ian-iang,h-f	1
积年累月	jī nián lěi yuè	56478	ian-iang,ai-ei,n-l,r-l,j-q-x	1
将功补过	jiāng gōng bǔ guò	56483	ian-iang,ua-uo,j-q-x	1
九九归一	jiǔ jiǔ guī yī	56491	j-q-x	1
靠边儿站	kào biān er zhàn	56506	an-ang,ian-iang,ao-ou,z-zh	1
客家方言	kè jiā fāng yán	56508	an-ang,ia-ie,h-f,j-q-x	1
苦中作乐	kǔ zhōng zuò lè	56514	ua-uo,z-zh,n-l,r-l	1
乱臣贼子	luàn chén zéi zǐ	56531	en-eng,uan-uang,ai-ei,z-zh,c-ch,n-l,r-l	1
没家没业	méi jiā méi yè	56542	ai-ei,ia-ie,j-q-x	1
美猴儿王	měi hóu er wáng	56544	an-ang,ai-ei,ao-ou,h-f	1
明珠暗投	míng zhū àn tóu	56552	in-ing,an-ang,ao-ou,z-zh	1
配套成龙	pèi tào chéng lóng	56570	en-eng,ai-ei,ao-ou,c-ch,n-l,r-l	1
前倨后恭	qián jù hòu gōng	56577	ian-iang,ao-ou,h-f,j-q-x	3
腔肠动物	qiāng cháng dòng wù	56580	an-ang,ian-iang,c-ch,j-q-x	1
轻重倒置	qīng zhòng dào zhì	56584	in-ing,ao-ou,z-zh,j-q-x	1
如牛负重	rú niú fù zhòng	56588	z-zh,n-l,h-f,r-l	1
山高水低	shān gāo shuǐ dī	56592	an-ang,ao-ou,s-sh	1
心宽体胖	xīn kuān tǐ pán	56608	in-ing,an-ang,uan-uang,j-q-x	1
尧天舜日	yáo tiān shùn rì	56612	ian-iang,ao-ou,s-sh,r-l	3
安如磐石	ān rú pán shí	56621	an-ang,s-sh,r-l	3
公报私仇	gōng bào sī chóu	56636	ao-ou,c-ch,s-sh	1
关门打狗	guān mén dǎ gǒu	56639	en-eng,uan-uang,ao-ou	1
过目成诵	guò mù chéng sòng	56641	en-eng,ua-uo,c-ch,s-sh	1
旧调重弹	jiù diào chóng tán	56649	an-ang,c-ch,j-q-x	1
孔武有力	kǒng wǔ yǒu lì	56652	ao-ou,n-l,r-l	1
李代桃僵	lǐ dài táo jiāng	56656	ian-iang,ai-ei,ao-ou,n-l,r-l,j-q-x	1
盘根问底	pán gēn wèn dǐ	56661	en-eng,an-ang	1
呼朋引类	hū péng yǐn lèi	56698	en-eng,in-ing,ai-ei,n-l,h-f,r-l	1
鸠占鹊巢	jiū zhàn què cháo	56702	an-ang,ao-ou,z-zh,c-ch,j-q-x	3
秋后算账	qiū hòu suàn zhàng	56718	an-ang,uan-uang,ao-ou,z-zh,s-sh,h-f,j-q-x	1
条条杠杠	tiáo tiáo gàng gàng	56720	an-ang	1
玩儿不转	wán er bu zhuàn	56722	an-ang,uan-uang,z-zh	1
不容置喙	bù róng zhì huì	56726	z-zh,h-f,r-l	3
龙行虎步	lóng xíng hǔ bù	56741	in-ing,n-l,h-f,r-l,j-q-x	1
罗圈儿腿	luó quān er tuǐ	56743	uan-uang,ua-uo,n-l,r-l,j-q-x	1
紧衣缩食	jǐn yī suō shí	56765	in-ing,ua-uo,s-sh,j-q-x	1
