牵连	qiān lián	7748	ian-iang,n-l,r-l,j-q-x	1
稀罕	xī han	7749	an-ang,h-f,j-q-x	1
道具	dào jù	7750	ao-ou,j-q-x	1
急躁	jí zào	7751	ao-ou,z-zh,j-q-x	1
脊背	jǐ bèi	7752	ai-ei,j-q-x	1
命中	mìng zhòng	7754	in-ing,z-zh	1
出局	chū jú	7756	c-ch,j-q-x	1
公费	gōng fèi	7757	ai-ei,h-f	1
寄生	jì shēng	7758	en-eng,s-sh,j-q-x	1
推算	tuī suàn	7759	uan-uang,s-sh	1
道家	Dào jiā	7761	ao-ou,ia-ie,j-q-x	1
精巧	jīng qiǎo	7762	in-ing,j-q-x	1
飘荡	piāo dàng	7763	an-ang	1
动弹	dòng tan	7764	an-ang	1
志向	zhì xiàng	7766	ian-iang,z-zh,j-q-x	1
精灵	jīng líng	7767	in-ing,n-l,r-l,j-q-x	1
柔情	róu qíng	7768	in-ing,ao-ou,r-l,j-q-x	1
烧毁	shāo huǐ	7769	ao-ou,s-sh,h-f	1
传闻	chuán wén	7770	en-eng,uan-uang,c-ch	1
内疚	nèi jiù	7771	ai-ei,n-l,j-q-x	1
骨骼	gǔ gé	7772		3
艰险	jiān xiǎn	7773	ian-iang,j-q-x	1
修饰	xiū shì	7774	s-sh,j-q-x	1
装配	zhuāng pèi	7775	uan-uang,ai-ei,z-zh	1
行家	háng jia	7776	an-ang,ia-ie,h-f,j-q-x	1
项链	xiàng liàn	7777	ian-iang,n-l,r-l,j-q-x	1
砍伐	kǎn fá	7778	an-ang,h-f	1
生硬	shēng yìng	7779	en-eng,in-ing,s-sh	1
葬礼	zàng lǐ	7780	an-ang,z-zh,n-l,r-l	1
君主	jūn zhǔ	7783	z-zh,j-q-x	1
无赖	wú lài	7784	ai-ei,n-l,r-l	1
掉头	diào tóu	7785	ao-ou	1
肝脏	gān zàng	7786	an-ang,z-zh	1
拐卖	guǎi mài	7787	ai-ei	1
海运	hǎi yùn	7788	ai-ei,h-f	1
推断	tuī duàn	7790	uan-uang	1
候鸟	hòu niǎo	7792	ao-ou,n-l,h-f	1
硕大	shuò dà	7793	ua-uo,s-sh	1
席卷	xí juǎn	7794	uan-uang,j-q-x	1
辛酸	xīn suān	7795	in-ing,uan-uang,s-sh,j-q-x	1
兴隆	xīng lóng	7796	in-ing,n-l,r-l,j-q-x	1
羞涩	xiū sè	7797	s-sh,j-q-x	1
凑合	còu he	7798	ao-ou,c-ch,h-f	1
雇佣	gù yōng	7799		1
裂缝	liè fèng	7800	en-eng,ia-ie,n-l,h-f,r-l	1
商贩	shāng fàn	7801	an-ang,s-sh,h-f	1
订购	dìng gòu	7802	in-ing,ao-ou	1
急速	jí sù	7803	s-sh,j-q-x	1
出没	chū mò	7804	c-ch	1
对头	duì tou	7805	ao-ou	1
动心	dòng xīn	7806	in-ing,j-q-x	1
平生	píng shēng	7807	en-eng,in-ing,s-sh	1
耸立	sǒng lì	7808	s-sh,n-l,r-l	1
宴请	yàn qǐng	7809	in-ing,an-ang,j-q-x	1
埋藏	mái cáng	7810	an-ang,ai-ei,c-ch	1
铭记	míng jì	7811	in-ing,j-q-x	1
身世	shēn shì	7812	en-eng,s-sh	1
苍茫	cāng máng	7813	an-ang,c-ch	1
估量	gū liang	7814	ian-iang,n-l,r-l	1
激昂	jī áng	7815	an-ang,j-q-x	1
决裂	jué liè	7816	ia-ie,n-l,r-l,j-q-x	1
青铜	qīng tóng	7817	in-ing,j-q-x	1
落水	luò shuǐ	7819	ua-uo,s-sh,n-l,r-l	1
坚韧	jiān rèn	7821	en-eng,ian-iang,r-l,j-q-x	1
介意	jiè yì	7822	ia-ie,j-q-x	1
咕噜	gū lū	7823	n-l,r-l	3
凉爽	liáng shuǎng	7824	ian-iang,uan-uang,s-sh,n-l,r-l	1
临终	lín zhōng	7825	in-ing,z-zh,n-l,r-l	1
暗淡	àn dàn	7826	an-ang	1
容貌	róng mào	7827	ao-ou,r-l	1
匹配	pǐ pèi	7828	ai-ei	1
追捕	zhuī bǔ	7829	z-zh	1
歌谣	gē yáo	7830	ao-ou	1
旺季	wàng jì	7831	an-ang,j-q-x	1
充电	chōng diàn	7832	ian-iang,c-ch	1
逃难	táo nàn	7833	an-ang,ao-ou,n-l	1
徒步	tú bù	7834		1
比拟	bǐ nǐ	7835	n-l	1
僵硬	jiāng yìng	7836	in-ing,ian-iang,j-q-x	1
咽喉	yān hóu	7837	an-ang,ao-ou,h-f	1
灌木	guàn mù	7838	uan-uang	1
靠拢	kào lǒng	7839	ao-ou,n-l,r-l	1
收据	shōu jù	7841	ao-ou,s-sh,j-q-x	1
水草	shuǐ cǎo	7842	ao-ou,c-ch,s-sh	1
顺从	shùn cóng	7843	c-ch,s-sh	1
喧哗	xuān huá	7845	uan-uang,ua-uo,h-f,j-q-x	1
良久	liáng jiǔ	7846	ian-iang,n-l,r-l,j-q-x	1
社交	shè jiāo	7847	s-sh,j-q-x	1
忘我	wàng wǒ	7848	an-ang	1
知己	zhī jǐ	7849	z-zh,j-q-x	1
散落	sàn luò	7850	an-ang,ua-uo,s-sh,n-l,r-l	1
抱负	bào fù	7851	ao-ou,h-f	1
纯朴	chún pǔ	7852	c-ch	1
盗贼	dào zéi	7853	ai-ei,ao-ou,z-zh	1
胶囊	jiāo náng	7854	an-ang,n-l,j-q-x	1
外行	wài háng	7855	an-ang,ai-ei,h-f	1
厌烦	yàn fán	7856	an-ang,h-f	1
冲刺	chōng cì	7857	c-ch	1
大款	dà kuǎn	7858	uan-uang	1
看透	kàn tòu	7859	an-ang,ao-ou	1
漫游	màn yóu	7860	an-ang,ao-ou	1
安稳	ān wěn	7861	en-eng,an-ang	1
大作	dà zuò	7862	ua-uo,z-zh	1
情意	qíng yì	7863	in-ing,j-q-x	1
体谅	tǐ liàng	7864	ian-iang,n-l,r-l	1
警醒	jǐng xǐng	7865	in-ing,j-q-x	1
踪迹	zōng jì	7867	z-zh,j-q-x	1
回旋	huí xuán	7868	uan-uang,h-f,j-q-x	1
人气	rén qì	7869	en-eng,r-l,j-q-x	1
草莓	cǎo méi	7870	ai-ei,ao-ou,c-ch	3
浓烈	nóng liè	7871	ia-ie,n-l,r-l	1
心胸	xīn xiōng	7872	in-ing,j-q-x	1
缠绕	chán rào	7873	an-ang,ao-ou,c-ch,r-l	1
悔恨	huǐ hèn	7874	en-eng,h-f	1
紧要	jǐn yào	7875	in-ing,ao-ou,j-q-x	1
值勤	zhí qín	7877	in-ing,z-zh,j-q-x	1
充沛	chōng pèi	7878	ai-ei,c-ch	1
火速	huǒ sù	7879	ua-uo,s-sh,h-f	1
唯独	wéi dú	7880	ai-ei	1
振作	zhèn zuò	7881	en-eng,ua-uo,z-zh	1
特制	tè zhì	7882	z-zh	1
唯恐	wéi kǒng	7883	ai-ei	1
狭义	xiá yì	7884	ia-ie,j-q-x	1
闭塞	bì sè	7885	s-sh	1
提防	dī fang	7886	an-ang,h-f	1
乏味	fá wèi	7887	ai-ei,h-f	1
古朴	gǔ pǔ	7888		1
惊呼	jīng hū	7889	in-ing,h-f,j-q-x	1
老式	lǎo shì	7890	ao-ou,s-sh,n-l,r-l	1
明快	míng kuài	7891	in-ing	1
幽静	yōu jìng	7892	in-ing,ao-ou,j-q-x	1
沉醉	chén zuì	7893	en-eng,z-zh,c-ch	1
淀粉	diàn fěn	7894	en-eng,ian-iang,h-f	1
动脉	dòng mài	7895	ai-ei	1
药方	yào fāng	7896	an-ang,ao-ou,h-f	1
阻拦	zǔ lán	7897	an-ang,z-zh,n-l,r-l	1
睫毛	jié máo	7898	ao-ou,ia-ie,j-q-x	1
开销	kāi xiāo	7899	ai-ei,j-q-x	1
高耸	gāo sǒng	7900	ao-ou,s-sh	1
简朴	jiǎn pǔ	7901	ian-iang,j-q-x	1
叛乱	pàn luàn	7902	an-ang,uan-uang,n-l,r-l	1
算数	suàn shù	7903	uan-uang,s-sh	1
挽留	wǎn liú	7904	an-ang,n-l,r-l	1
训斥	xùn chì	7905	c-ch,j-q-x	1
避暑	bì shǔ	7906	s-sh	1
隔绝	gé jué	7907	j-q-x	1
骏马	jùn mǎ	7908	j-q-x	1
色调	sè diào	7909	s-sh	1
翻滚	fān gǔn	7911	an-ang,h-f	1
接应	jiē yìng	7912	in-ing,ia-ie,j-q-x	1
累积	lěi jī	7913	ai-ei,n-l,r-l,j-q-x	1
吓唬	xià hu	7914	ia-ie,h-f,j-q-x	1
订婚	dìng hūn	7915	in-ing,h-f	1
冲洗	chōng xǐ	7917	c-ch,j-q-x	1
得体	dé tǐ	7918		1
知心	zhī xīn	7919	in-ing,z-zh,j-q-x	1
名贵	míng guì	7920	in-ing	1
虚幻	xū huàn	7921	uan-uang,h-f,j-q-x	1
震荡	zhèn dàng	7922	en-eng,an-ang,z-zh	1
沉睡	chén shuì	7923	en-eng,c-ch,s-sh	1
告示	gào shi	7924	ao-ou,s-sh	1
空隙	kòng xì	7926	j-q-x	1
强者	qiáng zhě	7927	ian-iang,z-zh,j-q-x	1
探寻	tàn xún	7928	an-ang,j-q-x	1
伴侣	bàn lǚ	7929	an-ang,n-l,r-l	1
波及	bō jí	7930	j-q-x	1
善待	shàn dài	7932	an-ang,ai-ei,s-sh	1
登场	dēng chǎng	7933	en-eng,an-ang,c-ch	1
巨幅	jù fú	7934	h-f,j-q-x	1
年岁	nián suì	7935	ian-iang,s-sh,n-l	1
原型	yuán xíng	7936	in-ing,uan-uang,j-q-x	1
锄头	chú tou	7937	ao-ou,c-ch	1
倒卖	dǎo mài	7938	ai-ei,ao-ou	1
锋利	fēng lì	7939	en-eng,n-l,h-f,r-l	1
冷冻	lěng dòng	7940	en-eng,n-l,r-l	1
混杂	hùn zá	7941	z-zh,h-f	1
景致	jǐng zhì	7942	in-ing,z-zh,j-q-x	1
恐吓	kǒng hè	7943	h-f	1
恼火	nǎo huǒ	7944	ao-ou,ua-uo,n-l,h-f	1
宽度	kuān dù	7945	uan-uang	1
哨兵	shào bīng	7946	in-ing,ao-ou,s-sh	1
兴味	xìng wèi	7948	in-ing,ai-ei,j-q-x	1
疼爱	téng ài	7949	en-eng,ai-ei	1
作弊	zuò bì	7950	ua-uo,z-zh	1
恶毒	è dú	7951		1
渴求	kě qiú	7952	j-q-x	1
飘浮	piāo fú	7953	h-f	1
巴结	bā jie	7954	ia-ie,j-q-x	1
略微	lüè wēi	7955	ai-ei,n-l,r-l	1
苗头	miáo tou	7956	ao-ou	1
切割	qiē gē	7957	ia-ie,j-q-x	1
飞奔	fēi bēn	7959	en-eng,ai-ei,h-f	1
渺小	miǎo xiǎo	7960	j-q-x	1
诺言	nuò yán	7961	an-ang,ua-uo,n-l	1
锐利	ruì lì	7962	n-l,r-l	1
安放	ān fàng	7963	an-ang,h-f	1
抵挡	dǐ dǎng	7964	an-ang	1
任性	rèn xìng	7965	en-eng,in-ing,r-l,j-q-x	1
停泊	tíng bó	7966	in-ing	1
憎恨	zēng hèn	7967	en-eng,z-zh,h-f	1
奔放	bēn fàng	7968	en-eng,an-ang,h-f	1
衬托	chèn tuō	7969	en-eng,ua-uo,c-ch	1
开导	kāi dǎo	7970	ai-ei,ao-ou	1
音符	yīn fú	7972	in-ing,h-f	1
残废	cán fèi	7973	an-ang,ai-ei,c-ch,h-f	1
嘹亮	liáo liàng	7974	ian-iang,n-l,r-l	1
落伍	luò wǔ	7975	ua-uo,n-l,r-l	1
门下	mén xià	7976	en-eng,ia-ie,j-q-x	1
回响	huí xiǎng	7977	ian-iang,h-f,j-q-x	1
浇灌	jiāo guàn	7978	uan-uang,j-q-x	1
秘诀	mì jué	7980	j-q-x	1
天涯	tiān yá	7981	ian-iang	1
欢送	huān sòng	7982	uan-uang,s-sh,h-f	1
宽厚	kuān hòu	7983	uan-uang,ao-ou,h-f	1
尸首	shī shou	7984	ao-ou,s-sh	1
畜生	chù sheng	7985	en-eng,c-ch,s-sh	1
根除	gēn chú	7986	en-eng,c-ch	1
静态	jìng tài	7987	in-ing,ai-ei,j-q-x	1
轰鸣	hōng míng	7988	in-ing,h-f	1
追忆	zhuī yì	7990	z-zh	1
苍凉	cāng liáng	7991	an-ang,ian-iang,c-ch,n-l,r-l	1
清贫	qīng pín	7992	in-ing,j-q-x	1
悲凉	bēi liáng	7993	ian-iang,ai-ei,n-l,r-l	1
绳索	shéng suǒ	7994	en-eng,ua-uo,s-sh	1
迟钝	chí dùn	7995	c-ch	1
核对	hé duì	7996	h-f	1
挖苦	wā ku	7997		1
橱窗	chú chuāng	7999	uan-uang,c-ch	1
存活	cún huó	8000	ua-uo,c-ch,h-f	1
翡翠	fěi cuì	8001	ai-ei,c-ch,h-f	3
过期	guò qī	8002	ua-uo,j-q-x	1
作曲	zuò qǔ	8004	ua-uo,z-zh,j-q-x	1
裁缝	cái feng	8005	en-eng,ai-ei,c-ch,h-f	1
收养	shōu yǎng	8006	an-ang,ao-ou,s-sh	1
怒火	nù huǒ	8007	ua-uo,n-l,h-f	1
弱化	ruò huà	8008	ua-uo,h-f,r-l	1
摆弄	bǎi nòng	8009	ai-ei,n-l	1
顶尖	dǐng jiān	8011	in-ing,ian-iang,j-q-x	1
委婉	wěi wǎn	8012	an-ang,ai-ei	1
悉心	xī xīn	8014	in-ing,j-q-x	1
坠落	zhuì luò	8015	ua-uo,z-zh,n-l,r-l	1
搏击	bó jī	8017	j-q-x	1
漫天	màn tiān	8018	an-ang,ian-iang	1
遥望	yáo wàng	8019	an-ang,ao-ou	1
讥讽	jī fěng	8020	en-eng,h-f,j-q-x	1
征途	zhēng tú	8021	en-eng,z-zh	1
周全	zhōu quán	8022	uan-uang,ao-ou,z-zh,j-q-x	1
激怒	jī nù	8023	n-l,j-q-x	1
狂欢	kuáng huān	8024	uan-uang,h-f	1
腔调	qiāng diào	8025	ian-iang,j-q-x	1
轮换	lún huàn	8026	uan-uang,n-l,h-f,r-l	1
央求	yāng qiú	8028	an-ang,j-q-x	1
宠爱	chǒng ài	8029	ai-ei,c-ch	1
连绵	lián mián	8030	ian-iang,n-l,r-l	1
凝望	níng wàng	8031	in-ing,an-ang,n-l	1
相间	xiāng jiàn	8032	ian-iang,j-q-x	1
忠厚	zhōng hòu	8033	ao-ou,z-zh,h-f	1
中型	zhōng xíng	8034	in-ing,z-zh,j-q-x	1
浸润	jìn rùn	8036	in-ing,r-l,j-q-x	1
可敬	kě jìng	8037	in-ing,j-q-x	1
圈套	quān tào	8038	uan-uang,ao-ou,j-q-x	1
映照	yìng zhào	8039	in-ing,ao-ou,z-zh	1
放纵	fàng zòng	8040	an-ang,z-zh,h-f	1
运载	yùn zài	8042	ai-ei,z-zh	1
工匠	gōng jiàng	8043	ian-iang,j-q-x	1
福音	fú yīn	8044	in-ing,h-f	1
密布	mì bù	8045		1
属实	shǔ shí	8046	s-sh	1
妖精	yāo jing	8047	in-ing,ao-ou,j-q-x	1
直立	zhí lì	8048	z-zh,n-l,r-l	1
熟识	shú shi	8049	s-sh	1
捕获	bǔ huò	8050	ua-uo,h-f	1
杜鹃	dù juān	8051	uan-uang,j-q-x	1
浸透	jìn tòu	8052	in-ing,ao-ou,j-q-x	1
试探	shì tàn	8054	an-ang,s-sh	1
俗语	sú yǔ	8055	s-sh	1
凌乱	líng luàn	8056	in-ing,uan-uang,n-l,r-l	1
失常	shī cháng	8057	an-ang,c-ch,s-sh	1
美貌	měi mào	8059	ai-ei,ao-ou	1
清爽	qīng shuǎng	8060	in-ing,uan-uang,s-sh,j-q-x	1
平定	píng dìng	8062	in-ing	1
笨拙	bèn zhuō	8063	en-eng,ua-uo,z-zh	1
矿石	kuàng shí	8064	uan-uang,s-sh	1
落空	luò kōng	8065	ua-uo,n-l,r-l	1
脱身	tuō shēn	8068	en-eng,ua-uo,s-sh	1
栅栏	zhà lan	8069	an-ang,z-zh,n-l,r-l	1
准许	zhǔn xǔ	8070	z-zh,j-q-x	1
横跨	héng kuà	8071	en-eng,ua-uo,h-f	1
依恋	yī liàn	8072	ian-iang,n-l,r-l	1
松散	sōng sǎn	8074	an-ang,s-sh	1
绽放	zhàn fàng	8076	an-ang,z-zh,h-f	1
路途	lù tú	8078	n-l,r-l	1
随从	suí cóng	8079	c-ch,s-sh	1
心虚	xīn xū	8080	in-ing,j-q-x	1
装点	zhuāng diǎn	8081	ian-iang,uan-uang,z-zh	1
分辩	fēn biàn	8082	en-eng,ian-iang,h-f	1
摊点	tān diǎn	8083	an-ang,ian-iang	1
营利	yíng lì	8084	in-ing,n-l,r-l	1
正午	zhèng wǔ	8085	en-eng,z-zh	1
探听	tàn tīng	8086	in-ing,an-ang	1
自理	zì lǐ	8088	z-zh,n-l,r-l	1
致敬	zhì jìng	8090	in-ing,z-zh,j-q-x	1
暗想	àn xiǎng	8091	an-ang,ian-iang,j-q-x	1
牵扯	qiān chě	8092	ian-iang,c-ch,j-q-x	1
知音	zhī yīn	8093	in-ing,z-zh	1
碧波	bì bō	8094		1
操练	cāo liàn	8095	ian-iang,ao-ou,c-ch,n-l,r-l	1
慈爱	cí ài	8096	ai-ei,c-ch	1
环顾	huán gù	8097	uan-uang,h-f	1
袍子	páo zi	8098	ao-ou,z-zh	1
巧合	qiǎo hé	8099	h-f,j-q-x	1
体态	tǐ tài	8100	ai-ei	1
单向	dān xiàng	8103	an-ang,ian-iang,j-q-x	1
敬仰	jìng yǎng	8104	in-ing,an-ang,j-q-x	1
墓碑	mù bēi	8105	ai-ei	1
凯旋	kǎi xuán	8106	uan-uang,ai-ei,j-q-x	1
穷困	qióng kùn	8108	j-q-x	1
变故	biàn gù	8109	ian-iang	1
成见	chéng jiàn	8110	en-eng,ian-iang,c-ch,j-q-x	1
充裕	chōng yù	8113	c-ch	1
滚烫	gǔn tàng	8114	an-ang	1
匕首	bǐ shǒu	8115	ao-ou,s-sh	1
激流	jī liú	8116	n-l,r-l,j-q-x	1
扫兴	sǎo xìng	8118	in-ing,ao-ou,s-sh,j-q-x	1
武艺	wǔ yì	8119		1
消瘦	xiāo shòu	8120	ao-ou,s-sh,j-q-x	1
安抚	ān fǔ	8122	an-ang,h-f	1
红润	hóng rùn	8123	h-f,r-l	1
鹦鹉	yīng wǔ	8124	in-ing	1
装载	zhuāng zài	8125	uan-uang,ai-ei,z-zh	1
菜肴	cài yáo	8126	ai-ei,ao-ou,c-ch	1
沉稳	chén wěn	8127	en-eng,c-ch	1
贴身	tiē shēn	8129	en-eng,ia-ie,s-sh	1
附着	fù zhuó	8130	ua-uo,z-zh,h-f	1
竹竿	zhú gān	8132	an-ang,z-zh	1
塞外	Sài wài	8133	ai-ei,s-sh	1
空缺	kòng quē	8134	j-q-x	1
没劲	méi jìn	8137	in-ing,ai-ei,j-q-x	1
山峦	shān luán	8138	an-ang,uan-uang,s-sh,n-l,r-l	1
拍板	pāi bǎn	8139	an-ang,ai-ei	1
绕道	rào dào	8140	ao-ou,r-l	1
投递	tóu dì	8141	ao-ou	1
陷害	xiàn hài	8142	ian-iang,ai-ei,h-f,j-q-x	1
存亡	cún wáng	8143	an-ang,c-ch	1
荒原	huāng yuán	8144	uan-uang,h-f	1
火种	huǒ zhǒng	8145	ua-uo,z-zh,h-f	1
上天	shàng tiān	8146	an-ang,ian-iang,s-sh	1
端庄	duān zhuāng	8149	uan-uang,z-zh	1
散乱	sǎn luàn	8150	an-ang,uan-uang,s-sh,n-l,r-l	1
隐秘	yǐn mì	8151	in-ing	1
抄袭	chāo xí	8152	ao-ou,c-ch,j-q-x	1
贫寒	pín hán	8153	in-ing,an-ang,h-f	1
斯文	sī wen	8154	en-eng,s-sh	1
天际	tiān jì	8155	ian-iang,j-q-x	1
主干	zhǔ gàn	8156	an-ang,z-zh	1
鄙视	bǐ shì	8157	s-sh	1
蟋蟀	xī shuài	8160	s-sh,j-q-x	1
自责	zì zé	8161	z-zh	1
利索	lì suo	8162	ua-uo,s-sh,n-l,r-l	1
劝解	quàn jiě	8163	uan-uang,ia-ie,j-q-x	1
遥控	yáo kòng	8164	ao-ou	1
结交	jié jiāo	8165	ia-ie,j-q-x	1
劳苦	láo kǔ	8166	ao-ou,n-l,r-l	1
灵性	líng xìng	8167	in-ing,n-l,r-l,j-q-x	1
胜出	shèng chū	8168	en-eng,c-ch,s-sh	1
受难	shòu nàn	8169	an-ang,ao-ou,s-sh,n-l	1
飞驰	fēi chí	8170	ai-ei,c-ch,h-f	1
领地	lǐng dì	8171	in-ing,n-l,r-l	1
小费	xiǎo fèi	8172	ai-ei,h-f,j-q-x	1
便衣	biàn yī	8173	ian-iang	1
错觉	cuò jué	8174	ua-uo,c-ch,j-q-x	1
焦躁	jiāo zào	8175	ao-ou,z-zh,j-q-x	1
冷门	lěng mén	8177	en-eng,n-l,r-l	1
舞姿	wǔ zī	8178	z-zh	1
迷茫	mí máng	8179	an-ang	1
盘问	pán wèn	8180	en-eng,an-ang	1
取笑	qǔ xiào	8181	j-q-x	1
回望	huí wàng	8182	an-ang,h-f	1
约会	yuē huì	8184	h-f	1
富足	fù zú	8185	z-zh,h-f	1
僻静	pì jìng	8186	in-ing,j-q-x	1
天敌	tiān dí	8187	ian-iang	1
动词	dòng cí	8188	c-ch	1
看管	kān guǎn	8191	an-ang,uan-uang	1
旅程	lǚ chéng	8192	en-eng,c-ch,n-l,r-l	1
强健	qiáng jiàn	8193	ian-iang,j-q-x	1
惨白	cǎn bái	8195	an-ang,ai-ei,c-ch	1
冲刷	chōng shuā	8196	ua-uo,c-ch,s-sh	1
积聚	jī jù	8197	j-q-x	1
去路	qù lù	8198	n-l,r-l,j-q-x	1
豪爽	háo shuǎng	8199	uan-uang,ao-ou,s-sh,h-f	1
道谢	dào xiè	8201	ao-ou,ia-ie,j-q-x	1
结伴	jié bàn	8202	an-ang,ia-ie,j-q-x	1
正宗	zhèng zōng	8203	en-eng,z-zh	1
从军	cóng jūn	8204	c-ch,j-q-x	1
皮毛	pí máo	8205	ao-ou	1
探头	tàn tóu	8207	an-ang,ao-ou	1
炊烟	chuī yān	8208	an-ang,c-ch	1
辛劳	xīn láo	8210	in-ing,ao-ou,n-l,r-l,j-q-x	1
满心	mǎn xīn	8212	in-ing,an-ang,j-q-x	1
欢腾	huān téng	8214	en-eng,uan-uang,h-f	1
衰弱	shuāi ruò	8215	ua-uo,s-sh,r-l	1
自负	zì fù	8217	z-zh,h-f	1
传人	chuán rén	8218	en-eng,uan-uang,c-ch,r-l	1
热浪	rè làng	8219	an-ang,n-l,r-l	1
正版	zhèng bǎn	8222	en-eng,an-ang,z-zh	1
公立	gōng lì	8223	n-l,r-l	1
厚实	hòu shi	8224	ao-ou,s-sh,h-f	1
珍宝	zhēn bǎo	8226	en-eng,ao-ou,z-zh	1
烦闷	fán mèn	8227	en-eng,an-ang,h-f	1
哺育	bǔ yù	8230		1
堤坝	dī bà	8231		1
布告	bù gào	8232	ao-ou	1
文雅	wén yǎ	8234	en-eng	1
空心	kōng xīn	8235	in-ing,j-q-x	1
要道	yào dào	8236	ao-ou	1
凑近	còu jìn	8237	in-ing,ao-ou,c-ch,j-q-x	1
俯视	fǔ shì	8238	s-sh,h-f	1
诉苦	sù kǔ	8239	s-sh	1
文笔	wén bǐ	8240	en-eng	1
割裂	gē liè	8241	ia-ie,n-l,r-l	1
勾引	gōu yǐn	8242	in-ing,ao-ou	1
合算	hé suàn	8243	uan-uang,s-sh,h-f	1
怀旧	huái jiù	8245	h-f,j-q-x	1
枯萎	kū wěi	8246	ai-ei	1
平添	píng tiān	8247	in-ing,ian-iang	1
行踪	xíng zōng	8249	in-ing,z-zh,j-q-x	1
定罪	dìng zuì	8250	in-ing,z-zh	1
老练	lǎo liàn	8251	ian-iang,ao-ou,n-l,r-l	1
名流	míng liú	8252	in-ing,n-l,r-l	1
照办	zhào bàn	8253	an-ang,ao-ou,z-zh	1
会意	huì yì	8254	h-f	1
急迫	jí pò	8255	j-q-x	1
郎中	láng zhōng	8256	an-ang,z-zh,n-l,r-l	1
直率	zhí shuài	8257	z-zh,s-sh	1
残缺	cán quē	8258	an-ang,c-ch,j-q-x	1
前台	qián tái	8259	ian-iang,ai-ei,j-q-x	1
纯正	chún zhèng	8260	en-eng,z-zh,c-ch	1
搭乘	dā chéng	8261	en-eng,c-ch	1
顷刻	qǐng kè	8262	in-ing,j-q-x	1
脸颊	liǎn jiá	8263	ian-iang,ia-ie,n-l,r-l,j-q-x	1
内幕	nèi mù	8264	ai-ei,n-l	1
纤细	xiān xì	8266	ian-iang,j-q-x	1
精良	jīng liáng	8269	in-ing,ian-iang,n-l,r-l,j-q-x	1
享福	xiǎng fú	8270	ian-iang,h-f,j-q-x	1
遇险	yù xiǎn	8271	ian-iang,j-q-x	1
私心	sī xīn	8273	in-ing,s-sh,j-q-x	1
隆冬	lóng dōng	8276	n-l,r-l	1
磨炼	mó liàn	8277	ian-iang,n-l,r-l	1
溪流	xī liú	8279	n-l,r-l,j-q-x	1
先辈	xiān bèi	8280	ian-iang,ai-ei,j-q-x	1
延缓	yán huǎn	8281	an-ang,uan-uang,h-f	1
游荡	yóu dàng	8282	an-ang,ao-ou	1
出家	chū jiā	8283	ia-ie,c-ch,j-q-x	1
瞌睡	kē shuì	8285	s-sh	3
躲藏	duǒ cáng	8286	an-ang,ua-uo,c-ch	1
松动	sōng dòng	8287	s-sh	1
发怒	fā nù	8289	n-l,h-f	1
肤浅	fū qiǎn	8290	ian-iang,h-f,j-q-x	1
歌咏	gē yǒng	8291		1
浑浊	hún zhuó	8292	ua-uo,z-zh,h-f	1
品行	pǐn xíng	8293	in-ing,j-q-x	1
小丑	xiǎo chǒu	8294	ao-ou,c-ch,j-q-x	1
高远	gāo yuǎn	8295	uan-uang,ao-ou	1
超常	chāo cháng	8296	an-ang,ao-ou,c-ch	1
遗像	yí xiàng	8297	ian-iang,j-q-x	1
传言	chuán yán	8298	an-ang,uan-uang,c-ch	1
磨损	mó sǔn	8299	s-sh	1
退让	tuì ràng	8301	an-ang,r-l	1
暴躁	bào zào	8302	ao-ou,z-zh	1
噩梦	è mèng	8303	en-eng	1
浮夸	fú kuā	8304	ua-uo,h-f	1
焦炭	jiāo tàn	8305	an-ang,j-q-x	1
内向	nèi xiàng	8306	ian-iang,ai-ei,n-l,j-q-x	1
排挤	pái jǐ	8307	ai-ei,j-q-x	1
焰火	yàn huǒ	8308	an-ang,ua-uo,h-f	1
放飞	fàng fēi	8309	an-ang,ai-ei,h-f	1
禁忌	jìn jì	8310	in-ing,j-q-x	1
沼泽	zhǎo zé	8311	ao-ou,z-zh	1
高深	gāo shēn	8312	en-eng,ao-ou,s-sh	1
精光	jīng guāng	8313	in-ing,uan-uang,j-q-x	1
透支	tòu zhī	8315	ao-ou,z-zh	1
粗略	cū lüè	8317	c-ch,n-l,r-l	1
稿纸	gǎo zhǐ	8318	ao-ou,z-zh	1
伤疤	shāng bā	8319	an-ang,s-sh	1
私立	sī lì	8320	s-sh,n-l,r-l	1
通明	tōng míng	8321	in-ing	1
家事	jiā shì	8323	ia-ie,s-sh,j-q-x	1
冒失	mào shi	8324	ao-ou,s-sh	1
渊博	yuān bó	8325	uan-uang	1
储藏	chǔ cáng	8326	an-ang,c-ch	1
搅拌	jiǎo bàn	8327	an-ang,j-q-x	1
绝妙	jué miào	8328	j-q-x	1
遮盖	zhē gài	8330	ai-ei,z-zh	1
求婚	qiú hūn	8331	h-f,j-q-x	1
坚毅	jiān yì	8332	ian-iang,j-q-x	1
赞歌	zàn gē	8333	an-ang,z-zh	1
底线	dǐ xiàn	8334	ian-iang,j-q-x	1
防盗	fáng dào	8335	an-ang,ao-ou,h-f	1
国语	guó yǔ	8336	ua-uo	1
夺目	duó mù	8338	ua-uo	1
通畅	tōng chàng	8339	an-ang,c-ch	1
笼统	lǒng tǒng	8340	n-l,r-l	1
有劲	yǒu jìn	8341	in-ing,ao-ou,j-q-x	1
捉摸	zhuō mō	8342	ua-uo,z-zh	1
流落	liú luò	8343	ua-uo,n-l,r-l	1
赞颂	zàn sòng	8345	an-ang,z-zh,s-sh	1
更替	gēng tì	8347	en-eng	1
年迈	nián mài	8348	ian-iang,ai-ei,n-l	1
喷射	pēn shè	8352	en-eng,s-sh	1
祈求	qí qiú	8353	j-q-x	1
失足	shī zú	8354	z-zh,s-sh	1
变通	biàn tōng	8357	ian-iang	1
闹市	nào shì	8359	ao-ou,s-sh,n-l	1
侵吞	qīn tūn	8360	in-ing,j-q-x	1
未婚	wèi hūn	8361	ai-ei,h-f	1
长空	cháng kōng	8362	an-ang,c-ch	1
长夜	cháng yè	8363	an-ang,c-ch	1
蒙蒙	méng méng	8364	en-eng	1
声浪	shēng làng	8365	en-eng,an-ang,s-sh,n-l,r-l	1
延迟	yán chí	8366	an-ang,c-ch	1
败仗	bài zhàng	8367	an-ang,ai-ei,z-zh	1
落脚	luò jiǎo	8369	ua-uo,n-l,r-l,j-q-x	1
稳重	wěn zhòng	8371	en-eng,z-zh	1
富饶	fù ráo	8374	ao-ou,h-f,r-l	1
沙哑	shā yǎ	8375	s-sh	1
生来	shēng lái	8376	en-eng,ai-ei,s-sh,n-l,r-l	1
稀有	xī yǒu	8377	ao-ou,j-q-x	1
心田	xīn tián	8378	in-ing,ian-iang,j-q-x	1
勇猛	yǒng měng	8379	en-eng	1
尊贵	zūn guì	8380	z-zh	1
荒野	huāng yě	8382	uan-uang,h-f	1
讥笑	jī xiào	8383	j-q-x	1
简历	jiǎn lì	8384	ian-iang,n-l,r-l,j-q-x	1
怒吼	nù hǒu	8385	ao-ou,n-l,h-f	1
破格	pò gé	8386		1
扑克	pū kè	8387		1
生灵	shēng líng	8388	en-eng,in-ing,s-sh,n-l,r-l	1
短促	duǎn cù	8391	uan-uang,c-ch	1
深浅	shēn qiǎn	8392	en-eng,ian-iang,s-sh,j-q-x	1
转念	zhuǎn niàn	8393	ian-iang,uan-uang,z-zh,n-l	1
登录	dēng lù	8394	en-eng,n-l,r-l	1
顺眼	shùn yǎn	8395	an-ang,s-sh	1
缤纷	bīn fēn	8398	en-eng,in-ing,h-f	1
分摊	fēn tān	8399	en-eng,an-ang,h-f	1
腹泻	fù xiè	8400	ia-ie,h-f,j-q-x	1
起哄	qǐ hòng	8402	h-f,j-q-x	1
温带	wēn dài	8403	en-eng,ai-ei	1
虚荣	xū róng	8405	r-l,j-q-x	1
缘分	yuán fèn	8406	en-eng,uan-uang,h-f	1
环抱	huán bào	8407	uan-uang,ao-ou,h-f	1
烹调	pēng tiáo	8408	en-eng	1
破损	pò sǔn	8409	s-sh	1
体格	tǐ gé	8410		1
传神	chuán shén	8411	en-eng,uan-uang,c-ch,s-sh	1
乞求	qǐ qiú	8414	j-q-x	1
助威	zhù wēi	8415	ai-ei,z-zh	1
瓜分	guā fēn	8416	en-eng,ua-uo,h-f	1
叛变	pàn biàn	8417	an-ang,ian-iang	1
异乡	yì xiāng	8419	ian-iang,j-q-x	1
本分	běn fèn	8420	en-eng,h-f	1
寻思	xún si	8421	s-sh,j-q-x	1
严冬	yán dōng	8422	an-ang	1
费解	fèi jiě	8423	ai-ei,ia-ie,h-f,j-q-x	1
简练	jiǎn liàn	8425	ian-iang,n-l,r-l,j-q-x	1
雷同	léi tóng	8426	ai-ei,n-l,r-l	1
稀薄	xī bó	8428	j-q-x	1
性急	xìng jí	8429	in-ing,j-q-x	1
寒冬	hán dōng	8431	an-ang,h-f	1
悠长	yōu cháng	8432	an-ang,ao-ou,c-ch	1
华美	huá měi	8433	ai-ei,ua-uo,h-f	1
酿造	niàng zào	8434	ian-iang,ao-ou,z-zh,n-l	1
松软	sōng ruǎn	8435	uan-uang,s-sh,r-l	1
映衬	yìng chèn	8437	en-eng,in-ing,c-ch	1
驱赶	qū gǎn	8440	an-ang,j-q-x	1
辱骂	rǔ mà	8441	r-l	1
愈合	yù hé	8442	h-f	1
排泄	pái xiè	8443	ai-ei,ia-ie,j-q-x	1
养料	yǎng liào	8444	an-ang,n-l,r-l	1
费劲	fèi jìn	8445	in-ing,ai-ei,h-f,j-q-x	1
安息	ān xī	8447	an-ang,j-q-x	1
清高	qīng gāo	8449	in-ing,ao-ou,j-q-x	1
幽暗	yōu àn	8450	an-ang,ao-ou	1
清点	qīng diǎn	8451	in-ing,ian-iang,j-q-x	1
驱散	qū sàn	8452	an-ang,s-sh,j-q-x	1
参天	cān tiān	8454	an-ang,ian-iang,c-ch	1
概况	gài kuàng	8455	uan-uang,ai-ei	1
何止	hé zhǐ	8456	z-zh,h-f	1
历尽	lì jìn	8457	in-ing,n-l,r-l,j-q-x	1
拿手	ná shǒu	8458	ao-ou,s-sh,n-l	1
修长	xiū cháng	8459	an-ang,c-ch,j-q-x	1
突起	tū qǐ	8460	j-q-x	1
些许	xiē xǔ	8461	ia-ie,j-q-x	1
账号	zhàng hào	8462	an-ang,ao-ou,z-zh,h-f	1
躲闪	duǒ shǎn	8463	an-ang,ua-uo,s-sh	1
俗气	sú qi	8464	s-sh,j-q-x	1
会心	huì xīn	8465	in-ing,h-f,j-q-x	1
能人	néng rén	8468	en-eng,n-l,r-l	1
轻巧	qīng qiǎo	8469	in-ing,j-q-x	1
吞没	tūn mò	8470		1
折叠	zhé dié	8472	ia-ie,z-zh	1
吹拂	chuī fú	8474	c-ch,h-f	1
清淡	qīng dàn	8475	in-ing,an-ang,j-q-x	1
智商	zhì shāng	8477	an-ang,z-zh,s-sh	1
豪放	háo fàng	8478	an-ang,ao-ou,h-f	1
饥荒	jī huang	8479	uan-uang,h-f,j-q-x	1
安分	ān fèn	8481	en-eng,an-ang,h-f	1
陡峭	dǒu qiào	8482	ao-ou,j-q-x	1
使唤	shǐ huan	8483	uan-uang,s-sh,h-f	1
机警	jī jǐng	8484	in-ing,j-q-x	1
觅食	mì shí	8485	s-sh	1
倾倒	qīng dǎo	8486	in-ing,ao-ou,j-q-x	1
求情	qiú qíng	8487	in-ing,j-q-x	1
铁锹	tiě qiāo	8488	ia-ie,j-q-x	1
苍天	cāng tiān	8490	an-ang,ian-iang,c-ch	1
休想	xiū xiǎng	8491	ian-iang,j-q-x	1
手杖	shǒu zhàng	8492	an-ang,ao-ou,z-zh,s-sh	1
遗失	yí shī	8494	s-sh	1
口碑	kǒu bēi	8495	ai-ei,ao-ou	1
酷似	kù sì	8496	s-sh	1
研读	yán dú	8497	an-ang	1
眼力	yǎn lì	8498	an-ang,n-l,r-l	1
发狂	fā kuáng	8501	uan-uang,h-f	1
俏皮	qiào pí	8503	j-q-x	1
操劳	cāo láo	8505	ao-ou,c-ch,n-l,r-l	1
发愣	fā lèng	8506	en-eng,n-l,h-f,r-l	1
接手	jiē shǒu	8507	ao-ou,ia-ie,s-sh,j-q-x	1
越位	yuè wèi	8508	ai-ei	1
宝藏	bǎo zàng	8509	an-ang,ao-ou,z-zh	1
泥浆	ní jiāng	8510	ian-iang,n-l,j-q-x	1
浓密	nóng mì	8511	n-l	1
腿脚	tuǐ jiǎo	8512	j-q-x	1
阴险	yīn xiǎn	8513	in-ing,ian-iang,j-q-x	1
边际	biān jì	8514	ian-iang,j-q-x	1
疑点	yí diǎn	8515	ian-iang	1
爱抚	ài fǔ	8516	ai-ei,h-f	1
糯米	nuò mǐ	8517	ua-uo,n-l	1
按说	àn shuō	8518	an-ang,ua-uo,s-sh	1
残破	cán pò	8519	an-ang,c-ch	1
恶魔	è mó	8520		1
狭长	xiá cháng	8521	an-ang,ia-ie,c-ch,j-q-x	1
阻隔	zǔ gé	8522	z-zh	1
调换	diào huàn	8523	uan-uang,h-f	1
寒流	hán liú	8524	an-ang,n-l,h-f,r-l	1
划算	huá suàn	8525	uan-uang,ua-uo,s-sh,h-f	1
遵从	zūn cóng	8527	z-zh,c-ch	1
病故	bìng gù	8528	in-ing	1
高亢	gāo kàng	8529	an-ang,ao-ou	1
浩大	hào dà	8530	ao-ou,h-f	1
识破	shí pò	8531	s-sh	1
蔚蓝	wèi lán	8532	an-ang,ai-ei,n-l,r-l	1
粗鲁	cū lǔ	8533	c-ch,n-l,r-l	1
矫健	jiǎo jiàn	8535	ian-iang,j-q-x	1
舒坦	shū tan	8537	an-ang,s-sh	1
潮头	cháo tóu	8538	ao-ou,c-ch	1
荒草	huāng cǎo	8539	uan-uang,ao-ou,c-ch,h-f	1
拖累	tuō lěi	8540	ai-ei,ua-uo,n-l,r-l	1
哭诉	kū sù	8545	s-sh	1
卖弄	mài nong	8547	ai-ei,n-l	1
拼凑	pīn còu	8548	in-ing,ao-ou,c-ch	1
桑拿	sāng ná	8549	an-ang,s-sh,n-l	1
疏松	shū sōng	8550	s-sh	1
投射	tóu shè	8551	ao-ou,s-sh	1
表露	biǎo lù	8552	n-l,r-l	1
动容	dòng róng	8554	r-l	1
海藻	hǎi zǎo	8557	ai-ei,ao-ou,z-zh,h-f	1
僵持	jiāng chí	8558	ian-iang,c-ch,j-q-x	1
假象	jiǎ xiàng	8559	ian-iang,ia-ie,j-q-x	1
平缓	píng huǎn	8560	in-ing,uan-uang,h-f	1
摄取	shè qǔ	8564	s-sh,j-q-x	1
宰杀	zǎi shā	8565	ai-ei,z-zh,s-sh	1
哀伤	āi shāng	8566	an-ang,ai-ei,s-sh	1
急流	jí liú	8567	n-l,r-l,j-q-x	1
离职	lí zhí	8568	z-zh,n-l,r-l	1
衰败	shuāi bài	8569	ai-ei,s-sh	1
凶残	xiōng cán	8570	an-ang,c-ch,j-q-x	1
指教	zhǐ jiào	8571	z-zh,j-q-x	1
嫦娥	Chán gé	8572	an-ang,c-ch	3
充饥	chōng jī	8573	c-ch,j-q-x	1
缰绳	jiāng shéng	8574	en-eng,ian-iang,s-sh,j-q-x	1
韧性	rèn xìng	8576	en-eng,in-ing,r-l,j-q-x	1
船舱	chuán cāng	8579	an-ang,uan-uang,c-ch	1
原貌	yuán mào	8582	uan-uang,ao-ou	1
臂膀	bì bǎng	8583	an-ang	1
饥渴	jī kě	8584	j-q-x	1
角膜	jiǎo mó	8585	j-q-x	1
卖力	mài lì	8586	ai-ei,n-l,r-l	1
悬空	xuán kōng	8589	uan-uang,j-q-x	1
故人	gù rén	8591	en-eng,r-l	1
齐备	qí bèi	8592	ai-ei,j-q-x	1
倾泻	qīng xiè	8593	in-ing,ia-ie,j-q-x	1
仙境	xiān jìng	8594	in-ing,ian-iang,j-q-x	1
刺骨	cì gǔ	8595	c-ch	1
淡季	dàn jì	8596	an-ang,j-q-x	1
割舍	gē shě	8598	s-sh	1
示弱	shì ruò	8599	ua-uo,s-sh,r-l	1
海盗	hǎi dào	8601	ai-ei,ao-ou,h-f	1
幻影	huàn yǐng	8602	in-ing,uan-uang,h-f	1
野性	yě xìng	8603	in-ing,j-q-x	1
低俗	dī sú	8604	s-sh	1
挂念	guà niàn	8605	ian-iang,ua-uo,n-l	1
蛮横	mán hèng	8606	en-eng,an-ang,h-f	1
熔化	róng huà	8607	ua-uo,h-f,r-l	1
上流	shàng liú	8608	an-ang,s-sh,n-l,r-l	1
特异	tè yì	8609		1
温顺	wēn shùn	8610	en-eng,s-sh	1
遗漏	yí lòu	8611	ao-ou,n-l,r-l	1
标注	biāo zhù	8612	z-zh	1
清冷	qīng lěng	8615	en-eng,in-ing,n-l,r-l,j-q-x	1
额角	é jiǎo	8617	j-q-x	1
忘怀	wàng huái	8619	an-ang,h-f	1
垂钓	chuí diào	8620	c-ch	1
挑拨	tiǎo bō	8621		1
污泥	wū ní	8622	n-l	1
褪色	tuì sè	8623	s-sh	1
郁闷	yù mèn	8624	en-eng	1
原意	yuán yì	8625	uan-uang	1
舒缓	shū huǎn	8632	uan-uang,s-sh,h-f	1
外向	wài xiàng	8633	ian-iang,ai-ei,j-q-x	1
浑厚	hún hòu	8634	ao-ou,h-f	1
沉迷	chén mí	8636	en-eng,c-ch	1
呼噜	hū lu	8637	n-l,h-f,r-l	3
情书	qíng shū	8638	in-ing,s-sh,j-q-x	1
珍重	zhēn zhòng	8640	en-eng,z-zh	1
注解	zhù jiě	8642	ia-ie,z-zh,j-q-x	1
欺压	qī yā	8646	j-q-x	1
托运	tuō yùn	8647	ua-uo	1
功用	gōng yòng	8650		1
嫌弃	xián qì	8651	ian-iang,j-q-x	1
淡然	dàn rán	8652	an-ang,r-l	1
狂奔	kuáng bēn	8653	en-eng,uan-uang	1
疗养	liáo yǎng	8654	an-ang,n-l,r-l	1
航程	háng chéng	8655	en-eng,an-ang,c-ch,h-f	1
山崖	shān yá	8656	an-ang,s-sh	1
耸肩	sǒng jiān	8657	ian-iang,s-sh,j-q-x	1
坛子	tán zi	8658	an-ang,z-zh	1
音色	yīn sè	8660	in-ing,s-sh	1
解冻	jiě dòng	8662	ia-ie,j-q-x	1
山洪	shān hóng	8663	an-ang,s-sh,h-f	1
摄像	shè xiàng	8664	ian-iang,s-sh,j-q-x	1
招数	zhāo shù	8665	ao-ou,z-zh,s-sh	1
天灾	tiān zāi	8666	ian-iang,ai-ei,z-zh	1
透亮	tòu liang	8667	ian-iang,ao-ou,n-l,r-l	1
隐居	yǐn jū	8668	in-ing,j-q-x	1
平实	píng shí	8671	in-ing,s-sh	1
痛惜	tòng xī	8672	j-q-x	1
霹雳	pī lì	8674	n-l,r-l	1
破败	pò bài	8675	ai-ei	1
藏品	cáng pǐn	8676	in-ing,an-ang,c-ch	1
柴草	chái cǎo	8677	ai-ei,ao-ou,c-ch	1
校对	jiào duì	8678	j-q-x	1
仁慈	rén cí	8679	en-eng,c-ch,r-l	1
认输	rèn shū	8680	en-eng,s-sh,r-l	1
胆敢	dǎn gǎn	8682	an-ang	1
帆布	fān bù	8683	an-ang,h-f	1
进犯	jìn fàn	8684	in-ing,an-ang,h-f,j-q-x	1
夸耀	kuā yào	8685	ao-ou,ua-uo	1
收留	shōu liú	8688	ao-ou,s-sh,n-l,r-l	1
喜好	xǐ hào	8689	ao-ou,h-f,j-q-x	1
匀称	yún chèn	8691	en-eng,c-ch	1
碰巧	pèng qiǎo	8694	en-eng,j-q-x	1
器皿	qì mǐn	8695	in-ing,j-q-x	1
恰似	qià sì	8696	ia-ie,s-sh,j-q-x	1
铁锤	tiě chuí	8697	ia-ie,c-ch	1
幽深	yōu shēn	8699	en-eng,ao-ou,s-sh	1
捉弄	zhuō nòng	8700	ua-uo,z-zh,n-l	1
施舍	shī shě	8703	s-sh	1
铁链	tiě liàn	8704	ian-iang,ia-ie,n-l,r-l	1
冰冻	bīng dòng	8706	in-ing	1
仇敌	chóu dí	8707	ao-ou,c-ch	1
泄气	xiè qì	8711	ia-ie,j-q-x	1
妒忌	dù jì	8712	j-q-x	1
揭穿	jiē chuān	8713	uan-uang,ia-ie,c-ch,j-q-x	1
鲜嫩	xiān nèn	8714	en-eng,ian-iang,n-l,j-q-x	1
衣料	yī liào	8715	n-l,r-l	1
飞溅	fēi jiàn	8716	ian-iang,ai-ei,h-f,j-q-x	1
贵贱	guì jiàn	8717	ian-iang,j-q-x	1
木雕	mù diāo	8720		1
缩写	suō xiě	8722	ia-ie,ua-uo,s-sh,j-q-x	1
正巧	zhèng qiǎo	8723	en-eng,z-zh,j-q-x	1
刚强	gāng qiáng	8725	an-ang,ian-iang,j-q-x	1
文娱	wén yú	8726	en-eng	1
恩情	ēn qíng	8728	en-eng,in-ing,j-q-x	1
发声	fā shēng	8729	en-eng,s-sh,h-f	1
反叛	fǎn pàn	8735	an-ang,h-f	1
利落	lì luo	8736	ua-uo,n-l,r-l	1
上映	shàng yìng	8738	in-ing,an-ang,s-sh	1
娇艳	jiāo yàn	8740	an-ang,j-q-x	1
叫苦	jiào kǔ	8741	j-q-x	1
清纯	qīng chún	8743	in-ing,c-ch,j-q-x	1
污辱	wū rǔ	8744	r-l	1
细碎	xì suì	8745	s-sh,j-q-x	1
彩绘	cǎi huì	8747	ai-ei,c-ch,h-f	1
懒惰	lǎn duò	8748	an-ang,ua-uo,n-l,r-l	1
攀谈	pān tán	8749	an-ang	1
蓬松	péng sōng	8750	en-eng,s-sh	1
仰慕	yǎng mù	8752	an-ang	1
疾驰	jí chí	8756	c-ch,j-q-x	1
齐整	qí zhěng	8757	en-eng,z-zh,j-q-x	1
淡忘	dàn wàng	8759	an-ang	1
浩荡	hào dàng	8760	an-ang,ao-ou,h-f	1
凌空	líng kōng	8761	in-ing,n-l,r-l	1
零乱	líng luàn	8762	in-ing,uan-uang,n-l,r-l	1
出走	chū zǒu	8765	ao-ou,z-zh,c-ch	1
清闲	qīng xián	8767	in-ing,ian-iang,j-q-x	1
糊弄	hù nong	8768	n-l,h-f	1
搂抱	lǒu bào	8769	ao-ou,n-l,r-l	1
泼辣	pō là	8770	n-l,r-l	1
悟性	wù xìng	8771	in-ing,j-q-x	1
统率	tǒng shuài	8773	s-sh	1
助兴	zhù xìng	8774	in-ing,z-zh,j-q-x	1
贬低	biǎn dī	8777	ian-iang	1
谚语	yàn yǔ	8778	an-ang	1
吟唱	yín chàng	8779	in-ing,an-ang,c-ch	1
致谢	zhì xiè	8780	ia-ie,z-zh,j-q-x	1
枯黄	kū huáng	8781	uan-uang,h-f	1
要塞	yào sài	8784	ai-ei,ao-ou,s-sh	1
广博	guǎng bó	8785	uan-uang	1
伶俐	líng lì	8787	in-ing,n-l,r-l	1
仗义	zhàng yì	8788	an-ang,z-zh	1
串通	chuàn tōng	8790	uan-uang,c-ch	1
平滑	píng huá	8791	in-ing,ua-uo,h-f	1
定神	dìng shén	8795	en-eng,in-ing,s-sh	1
酷热	kù rè	8796	r-l	1
轻便	qīng biàn	8797	in-ing,ian-iang,j-q-x	1
唾液	tuò yè	8798	ua-uo	1
无愧	wú kuì	8799		1
圆润	yuán rùn	8800	uan-uang,r-l	1
明镜	míng jìng	8802	in-ing,j-q-x	1
违抗	wéi kàng	8805	an-ang,ai-ei	1
新绿	xīn lǜ	8806	in-ing,n-l,r-l,j-q-x	1
靴子	xuē zi	8807	z-zh,j-q-x	1
横贯	héng guàn	8810	en-eng,uan-uang,h-f	1
请柬	qǐng jiǎn	8812	in-ing,ian-iang,j-q-x	1
扫视	sǎo shì	8813	ao-ou,s-sh	1
消退	xiāo tuì	8814	j-q-x	1
附和	fù hè	8817	h-f	1
险要	xiǎn yào	8818	ian-iang,ao-ou,j-q-x	1
血泊	xuè pō	8819	j-q-x	1
橄榄	gǎn lǎn	8820	an-ang,n-l,r-l	1
贵客	guì kè	8821		1
胶卷	jiāo juǎn	8822	uan-uang,j-q-x	1
容颜	róng yán	8823	an-ang,r-l	1
山丘	shān qiū	8824	an-ang,s-sh,j-q-x	1
打搅	dǎ jiǎo	8826	j-q-x	1
繁茂	fán mào	8827	an-ang,ao-ou,h-f	1
奖赏	jiǎng shǎng	8828	an-ang,ian-iang,s-sh,j-q-x	1
俊俏	jùn qiào	8829	j-q-x	1
缩水	suō shuǐ	8830	ua-uo,s-sh	1
信使	xìn shǐ	8832	in-ing,s-sh,j-q-x	1
粗野	cū yě	8833	c-ch	1
度量	dù liàng	8834	ian-iang,n-l,r-l	1
对劲	duì jìn	8835	in-ing,j-q-x	1
富豪	fù háo	8836	ao-ou,h-f	1
诡计	guǐ jì	8837	j-q-x	1
连通	lián tōng	8838	ian-iang,n-l,r-l	1
源流	yuán liú	8841	uan-uang,n-l,r-l	1
昌盛	chāng shèng	8842	en-eng,an-ang,c-ch,s-sh	1
主食	zhǔ shí	8843	z-zh,s-sh	1
慈母	cí mǔ	8845	c-ch	1
副食	fù shí	8846	s-sh,h-f	1
交配	jiāo pèi	8847	ai-ei,j-q-x	1
量词	liàng cí	8849	ian-iang,c-ch,n-l,r-l	1
泥鳅	ní qiu	8850	n-l,j-q-x	3
辛辣	xīn là	8852	in-ing,n-l,r-l,j-q-x	1
应战	yìng zhàn	8853	in-ing,an-ang,z-zh	1
苍翠	cāng cuì	8855	an-ang,c-ch	1
聪慧	cōng huì	8856	c-ch,h-f	1
弧形	hú xíng	8857	in-ing,h-f,j-q-x	1
荒废	huāng fèi	8858	uan-uang,ai-ei,h-f	1
晾晒	liàng shài	8859	ian-iang,ai-ei,s-sh,n-l,r-l	1
吹捧	chuī pěng	8862	en-eng,c-ch	1
口舌	kǒu shé	8863	ao-ou,s-sh	1
壮实	zhuàng shi	8865	uan-uang,z-zh,s-sh	1
苦力	kǔ lì	8866	n-l,r-l	1
演技	yǎn jì	8867	an-ang,j-q-x	1
害臊	hài sào	8868	ai-ei,ao-ou,s-sh,h-f	1
守旧	shǒu jiù	8870	ao-ou,s-sh,j-q-x	1
机敏	jī mǐn	8872	in-ing,j-q-x	1
祖辈	zǔ bèi	8875	ai-ei,z-zh	1
梳洗	shū xǐ	8877	s-sh,j-q-x	1
灾祸	zāi huò	8878	ai-ei,ua-uo,z-zh,h-f	1
壮年	zhuàng nián	8882	ian-iang,uan-uang,z-zh,n-l	1
打探	dǎ tàn	8884	an-ang	1
呵斥	hē chì	8885	c-ch,h-f	1
抢眼	qiǎng yǎn	8889	an-ang,ian-iang,j-q-x	1
清瘦	qīng shòu	8890	in-ing,ao-ou,s-sh,j-q-x	1
黑心	hēi xīn	8891	in-ing,ai-ei,h-f,j-q-x	1
弧线	hú xiàn	8892	ian-iang,h-f,j-q-x	1
简略	jiǎn lüè	8893	ian-iang,n-l,r-l,j-q-x	1
喷涌	pēn yǒng	8894	en-eng	1
清丽	qīng lì	8895	in-ing,n-l,r-l,j-q-x	1
现钱	xiàn qián	8897	ian-iang,j-q-x	1
燥热	zào rè	8898	ao-ou,z-zh,r-l	1
浮云	fú yún	8900	h-f	1
乖巧	guāi qiǎo	8901	j-q-x	1
沙场	shā chǎng	8902	an-ang,c-ch,s-sh	1
斜阳	xié yáng	8903	an-ang,ia-ie,j-q-x	1
装订	zhuāng dìng	8905	in-ing,uan-uang,z-zh	1
谋反	móu fǎn	8906	an-ang,ao-ou,h-f	1
数落	shǔ luo	8910	ua-uo,s-sh,n-l,r-l	1
锤子	chuí zi	8912	z-zh,c-ch	1
栋梁	dòng liáng	8913	ian-iang,n-l,r-l	1
路况	lù kuàng	8915	uan-uang,n-l,r-l	1
肃静	sù jìng	8917	in-ing,s-sh,j-q-x	1
柑橘	gān jú	8919	an-ang,j-q-x	1
石匠	shí jiang	8925	ian-iang,s-sh,j-q-x	1
水性	shuǐ xìng	8926	in-ing,s-sh,j-q-x	1
浅显	qiǎn xiǎn	8927	ian-iang,j-q-x	1
租借	zū jiè	8929	ia-ie,z-zh,j-q-x	1
刻板	kè bǎn	8930	an-ang	1
谦和	qiān hé	8931	ian-iang,h-f,j-q-x	1
雄姿	xióng zī	8934	z-zh,j-q-x	1
淑女	shū nǚ	8938	s-sh,n-l	1
尊称	zūn chēng	8940	en-eng,z-zh,c-ch	1
惊扰	jīng rǎo	8942	in-ing,ao-ou,r-l,j-q-x	1
仰视	yǎng shì	8945	an-ang,s-sh	1
粉刷	fěn shuā	8947	en-eng,ua-uo,s-sh,h-f	1
花蕾	huā lěi	8949	ai-ei,ua-uo,n-l,h-f,r-l	1
伸缩	shēn suō	8950	en-eng,ua-uo,s-sh	1
缝制	féng zhì	8953	en-eng,z-zh,h-f	1
冒犯	mào fàn	8954	an-ang,ao-ou,h-f	1
书橱	shū chú	8955	c-ch,s-sh	1
拖拉	tuō lā	8956	ua-uo,n-l,r-l	1
油墨	yóu mò	8957	ao-ou	1
呼救	hū jiù	8960	h-f,j-q-x	1
光洁	guāng jié	8961	uan-uang,ia-ie,j-q-x	1
回敬	huí jìng	8962	in-ing,h-f,j-q-x	1
模板	mú bǎn	8963	an-ang	1
丝线	sī xiàn	8964	ian-iang,s-sh,j-q-x	1
垦荒	kěn huāng	8965	en-eng,uan-uang,h-f	1
创始	chuàng shǐ	8969	uan-uang,c-ch,s-sh	1
清苦	qīng kǔ	8971	in-ing,j-q-x	1
服输	fú shū	8972	s-sh,h-f	1
晃荡	huàng dang	8973	an-ang,uan-uang,h-f	1
卖艺	mài yì	8974	ai-ei	1
磨蹭	mó ceng	8975	en-eng,c-ch	1
五谷	wǔ gǔ	8977		1
低语	dī yǔ	8978		1
混浊	hùn zhuó	8979	ua-uo,z-zh,h-f	1
盘腿	pán tuǐ	8980	an-ang	1
贵姓	guì xìng	8982	in-ing,j-q-x	1
陪衬	péi chèn	8984	en-eng,ai-ei,c-ch	1
停息	tíng xī	8985	in-ing,j-q-x	1
打转	dǎ zhuàn	8986	uan-uang,z-zh	1
回击	huí jī	8987	h-f,j-q-x	1
两栖	liǎng qī	8989	ian-iang,n-l,r-l,j-q-x	1
衰减	shuāi jiǎn	8990	ian-iang,s-sh,j-q-x	1
合拢	hé lǒng	8991	n-l,h-f,r-l	1
怒放	nù fàng	8992	an-ang,n-l,h-f	1
上钩	shàng gōu	8993	an-ang,ao-ou,s-sh	1
吞食	tūn shí	8995	s-sh	1
青苔	qīng tái	8997	in-ing,ai-ei,j-q-x	1
作假	zuò jiǎ	9000	ia-ie,ua-uo,z-zh,j-q-x	1
俘获	fú huò	9001	ua-uo,h-f	1
临摹	lín mó	9003	in-ing,n-l,r-l	1
青翠	qīng cuì	9004	in-ing,c-ch,j-q-x	1
躯壳	qū qiào	9005	j-q-x	1
油腻	yóu nì	9007	ao-ou,n-l	1
前奏	qián zòu	9008	ian-iang,ao-ou,z-zh,j-q-x	1
偷窃	tōu qiè	9009	ao-ou,ia-ie,j-q-x	1
改天	gǎi tiān	9013	ian-iang,ai-ei	1
闲逛	xián guàng	9016	ian-iang,uan-uang,j-q-x	1
魔法	mó fǎ	9018	h-f	1
体形	tǐ xíng	9020	in-ing,j-q-x	1
要价	yào jià	9021	ao-ou,ia-ie,j-q-x	1
烘干	hōng gān	9022	an-ang,h-f	1
训导	xùn dǎo	9027	ao-ou,j-q-x	1
拜见	bài jiàn	9029	ian-iang,ai-ei,j-q-x	1
俭朴	jiǎn pǔ	9032	ian-iang,j-q-x	1
相干	xiāng gān	9033	an-ang,ian-iang,j-q-x	1
伯乐	Bó lè	9035	n-l,r-l	1
笔挺	bǐ tǐng	9036	in-ing	1
凶险	xiōng xiǎn	9039	ian-iang,j-q-x	1
箩筐	luó kuāng	9041	uan-uang,ua-uo,n-l,r-l	1
保修	bǎo xiū	9044	ao-ou,j-q-x	1
掉转	diào zhuǎn	9046	uan-uang,z-zh	1
生锈	shēng xiù	9048	en-eng,s-sh,j-q-x	1
偷袭	tōu xí	9049	ao-ou,j-q-x	1
鲜亮	xiān liang	9051	ian-iang,n-l,r-l,j-q-x	1
纵情	zòng qíng	9053	in-ing,z-zh,j-q-x	1
结余	jié yú	9054	ia-ie,j-q-x	1
逃荒	táo huāng	9058	uan-uang,ao-ou,h-f	1
博学	bó xué	9062	j-q-x	1
告密	gào mì	9063	ao-ou	1
含混	hán hùn	9064	an-ang,h-f	1
求饶	qiú ráo	9065	ao-ou,r-l,j-q-x	1
帮工	bāng gōng	9068	an-ang	1
发霉	fā méi	9069	ai-ei,h-f	1
返程	fǎn chéng	9070	en-eng,an-ang,c-ch,h-f	1
碍事	ài shì	9074	ai-ei,s-sh	1
崩塌	bēng tā	9075	en-eng	1
困倦	kùn juàn	9077	uan-uang,j-q-x	1
傲气	ào qì	9079	ao-ou,j-q-x	1
罗汉	luó hàn	9081	an-ang,ua-uo,n-l,h-f,r-l	1
时令	shí lìng	9082	in-ing,s-sh,n-l,r-l	1
原形	yuán xíng	9083	in-ing,uan-uang,j-q-x	1
繁盛	fán shèng	9086	en-eng,an-ang,s-sh,h-f	1
后辈	hòu bèi	9087	ai-ei,ao-ou,h-f	1
谦卑	qiān bēi	9089	ian-iang,ai-ei,j-q-x	1
引申	yǐn shēn	9090	en-eng,in-ing,s-sh	1
普照	pǔ zhào	9091	ao-ou,z-zh	1
窍门	qiào mén	9093	en-eng,j-q-x	1
特等	tè děng	9095	en-eng	1
壮阔	zhuàng kuò	9096	uan-uang,ua-uo,z-zh	1
拨弄	bō nòng	9098	n-l	1
动漫	dòng màn	9099	an-ang	1
尖刻	jiān kè	9100	ian-iang,j-q-x	1
袖珍	xiù zhēn	9102	en-eng,z-zh,j-q-x	1
默念	mò niàn	9103	ian-iang,n-l	1
巢穴	cháo xué	9109	ao-ou,c-ch,j-q-x	1
仿照	fǎng zhào	9110	an-ang,ao-ou,z-zh,h-f	1
分内	fèn nèi	9111	en-eng,ai-ei,n-l,h-f	1
烂漫	làn màn	9112	an-ang,n-l,r-l	1
齐集	qí jí	9113	j-q-x	1
少时	shǎo shí	9114	ao-ou,s-sh	1
愁容	chóu róng	9117	ao-ou,c-ch,r-l	1
勤勉	qín miǎn	9118	in-ing,ian-iang,j-q-x	1
安闲	ān xián	9120	an-ang,ian-iang,j-q-x	1
审阅	shěn yuè	9121	en-eng,s-sh	1
薄雾	bó wù	9124		1
低微	dī wēi	9125	ai-ei	1
明净	míng jìng	9127	in-ing,j-q-x	1
合奏	hé zòu	9132	ao-ou,z-zh,h-f	1
狠毒	hěn dú	9133	en-eng,h-f	1
裂纹	liè wén	9134	en-eng,ia-ie,n-l,r-l	1
漂移	piāo yí	9135		1
专一	zhuān yī	9139	uan-uang,z-zh	1
调教	tiáo jiào	9144	j-q-x	1
周游	zhōu yóu	9145	ao-ou,z-zh	1
戒心	jiè xīn	9146	in-ing,ia-ie,j-q-x	1
仁爱	ré nài	9147	ai-ei,n-l,r-l	1
妖怪	yāo guài	9149	ao-ou	1
反悔	fǎn huǐ	9153	an-ang,h-f	1
谋害	móu hài	9154	ai-ei,ao-ou,h-f	1
纳凉	nà liáng	9155	ian-iang,n-l,r-l	1
饰品	shì pǐn	9156	in-ing,s-sh	1
湿热	shī rè	9159	s-sh,r-l	1
平易	píng yì	9163	in-ing	1
细嫩	xì nèn	9164	en-eng,n-l,j-q-x	1
掩藏	yǎn cáng	9166	an-ang,c-ch	1
柔顺	róu shùn	9170	ao-ou,s-sh,r-l	1
受累	shòu lèi	9171	ai-ei,ao-ou,s-sh,n-l,r-l	1
至亲	zhì qīn	9173	in-ing,z-zh,j-q-x	1
紧邻	jǐn lín	9176	in-ing,n-l,r-l,j-q-x	1
马鞍	mǎ ān	9177	an-ang	1
情义	qíng yì	9178	in-ing,j-q-x	1
隔断	gé duàn	9182	uan-uang	1
上品	shàng pǐn	9187	in-ing,an-ang,s-sh	1
驾照	jià zhào	9191	ao-ou,ia-ie,z-zh,j-q-x	1
蜈蚣	wú gōng	9192		1
行书	xíng shū	9193	in-ing,s-sh,j-q-x	1
类推	lèi tuī	9195	ai-ei,n-l,r-l	1
省悟	xǐng wù	9197	in-ing,j-q-x	1
花蕊	huā ruǐ	9199	ua-uo,h-f,r-l	1
选修	xuǎn xiū	9201	uan-uang,j-q-x	1
避让	bì ràng	9202	an-ang,r-l	1
春潮	chūn cháo	9204	ao-ou,c-ch	1
搭救	dā jiù	9205	j-q-x	1
皎洁	jiǎo jié	9208	ia-ie,j-q-x	3
污垢	wū gòu	9209	ao-ou	1
监牢	jiān láo	9213	ian-iang,ao-ou,n-l,r-l,j-q-x	1
亮堂	liàng tang	9215	an-ang,ian-iang,n-l,r-l	1
俊秀	jùn xiù	9219	j-q-x	1
直爽	zhí shuǎng	9220	uan-uang,z-zh,s-sh	1
暗算	àn suàn	9221	an-ang,uan-uang,s-sh	1
好胜	hào shèng	9228	en-eng,ao-ou,s-sh,h-f	1
精妙	jīng miào	9230	in-ing,j-q-x	1
润滑	rùn huá	9231	ua-uo,h-f,r-l	1
瓦罐	wǎ guàn	9242	uan-uang	1
熬夜	áo yè	9244	ao-ou	1
飞腾	fēi téng	9245	en-eng,ai-ei,h-f	1
锁链	suǒ liàn	9247	ian-iang,ua-uo,s-sh,n-l,r-l	1
发愤	fā fèn	9251	en-eng,h-f	1
拱桥	gǒng qiáo	9252	j-q-x	1
增光	zēng guāng	9254	en-eng,uan-uang,z-zh	1
萌动	méng dòng	9258	en-eng	1
草书	cǎo shū	9261	ao-ou,c-ch,s-sh	1
倚靠	yǐ kào	9266	ao-ou	1
圆滑	yuán huá	9268	uan-uang,ua-uo,h-f	1
走运	zǒu yùn	9269	ao-ou,z-zh	1
孤苦	gū kǔ	9271		1
轰响	hōng xiǎng	9272	ian-iang,h-f,j-q-x	1
呼号	hū háo	9274	ao-ou,h-f	1
云霞	yún xiá	9278	ia-ie,j-q-x	1
学时	xué shí	9285	s-sh,j-q-x	1
华语	Huá yǔ	9289	ua-uo,h-f	1
明丽	míng lì	9290	in-ing,n-l,r-l	1
要强	yào qiáng	9292	ian-iang,ao-ou,j-q-x	1
追思	zhuī sī	9293	z-zh,s-sh	1
当街	dāng jiē	9295	an-ang,ia-ie,j-q-x	1
通称	tōng chēng	9298	en-eng,c-ch	1
葱绿	cōng lǜ	9301	c-ch,n-l,r-l	1
忽闪	hū shan	9302	an-ang,s-sh,h-f	1
空泛	kōng fàn	9308	an-ang,h-f	1
清亮	qīng liàng	9309	in-ing,ian-iang,n-l,r-l,j-q-x	1
哀痛	āi tòng	9311	ai-ei	1
上苍	shàng cāng	9314	an-ang,c-ch,s-sh	1
牧童	mù tóng	9319		1
歪斜	wāi xié	9325	ai-ei,ia-ie,j-q-x	1
灵秀	líng xiù	9339	in-ing,n-l,r-l,j-q-x	1
整容	zhěng róng	9343	en-eng,z-zh,r-l	1
倒台	dǎo tái	9345	ai-ei,ao-ou	1
酒水	jiǔ shuǐ	9349	s-sh,j-q-x	1
熄火	xī huǒ	9352	ua-uo,h-f,j-q-x	1
遗愿	yí yuàn	9353	uan-uang	1
短视	duǎn shì	9354	uan-uang,s-sh	1
结亲	jié qīn	9356	in-ing,ia-ie,j-q-x	1
楼阁	lóu gé	9357	ao-ou,n-l,r-l	1
终了	zhōng liǎo	9361	z-zh,n-l,r-l	1
钳子	qián zi	9363	ian-iang,z-zh,j-q-x	1
倒映	dào yìng	9364	in-ing,ao-ou	1
先祖	xiān zǔ	9366	ian-iang,z-zh,j-q-x	1
便装	biàn zhuāng	9369	ian-iang,uan-uang,z-zh	1
磁卡	cí kǎ	9370	c-ch	1
改日	gǎi rì	9371	ai-ei,r-l	1
绵软	mián ruǎn	9373	ian-iang,uan-uang,r-l	1
歇脚	xiē jiǎo	9375	ia-ie,j-q-x	1
便秘	biàn mì	9377	ian-iang	1
孔隙	kǒng xì	9379	j-q-x	1
铁索	tiě suǒ	9382	ia-ie,ua-uo,s-sh	1
幽香	yōu xiāng	9383	ian-iang,ao-ou,j-q-x	1
招引	zhāo yǐn	9394	in-ing,ao-ou,z-zh	1
冻疮	dòng chuāng	9395	uan-uang,c-ch	1
绕行	rào xíng	9398	in-ing,ao-ou,r-l,j-q-x	1
倒挂	dào guà	9400	ao-ou,ua-uo	1
健谈	jiàn tán	9401	an-ang,ian-iang,j-q-x	1
飘摇	piāo yáo	9404	ao-ou	1
认领	rèn lǐng	9405	en-eng,in-ing,n-l,r-l	1
涨潮	zhǎng cháo	9407	an-ang,ao-ou,z-zh,c-ch	1
嗷嗷	áo áo	9408	ao-ou	2
饱览	bǎo lǎn	9409	an-ang,ao-ou,n-l,r-l	1
风干	fēng gān	9411	en-eng,an-ang,h-f	1
惜别	xī bié	9413	ia-ie,j-q-x	1
严实	yán shi	9415	an-ang,s-sh	1
必修	bì xiū	9416	j-q-x	1
珍奇	zhēn qí	9425	en-eng,z-zh,j-q-x	1
昏黑	hūn hēi	9427	ai-ei,h-f	1
较劲	jiào jìn	9428	in-ing,j-q-x	1
光碟	guāng dié	9437	uan-uang,ia-ie	1
狡辩	jiǎo biàn	9438	ian-iang,j-q-x	1
禁闭	jìn bì	9439	in-ing,j-q-x	1
楷书	kǎi shū	9441	ai-ei,s-sh	1
隶书	lì shū	9442	s-sh,n-l,r-l	1
吵嚷	chǎo rǎng	9445	an-ang,ao-ou,c-ch,r-l	1
返工	fǎn gōng	9446	an-ang,h-f	1
河沿	hé yán	9447	an-ang,h-f	1
杂念	zá niàn	9452	ian-iang,z-zh,n-l	1
杂色	zá sè	9455	z-zh,s-sh	1
拆散	chāi sàn	9456	an-ang,ai-ei,c-ch,s-sh	1
愁闷	chóu mèn	9457	en-eng,ao-ou,c-ch	1
请帖	qǐng tiě	9461	in-ing,ia-ie,j-q-x	1
根须	gēn xū	9465	en-eng,j-q-x	1
银币	yín bì	9468	in-ing	1
忍让	rěn ràng	9474	en-eng,an-ang,r-l	1
铲子	chǎn zi	9477	an-ang,z-zh,c-ch	1
入神	rù shén	9480	en-eng,s-sh,r-l	1
乐谱	yuè pǔ	9484		1
洗劫	xǐ jié	9487	ia-ie,j-q-x	1
过奖	guò jiǎng	9490	ian-iang,ua-uo,j-q-x	1
刊行	kān xíng	9491	in-ing,an-ang,j-q-x	1
肥美	féi měi	9497	ai-ei,h-f	1
丰润	fēng rùn	9498	en-eng,h-f,r-l	1
讲评	jiǎng píng	9499	in-ing,ian-iang,j-q-x	1
按理	àn lǐ	9503	an-ang,n-l,r-l	1
春蚕	chūn cán	9504	an-ang,c-ch	1
滚圆	gǔn yuán	9506	uan-uang	1
毽子	jiàn zi	9507	ian-iang,z-zh,j-q-x	3
云雀	yún què	9509	j-q-x	1
难为	nán wei	9517	an-ang,ai-ei,n-l	1
漂白	piǎo bái	9518	ai-ei	1
退潮	tuì cháo	9519	ao-ou,c-ch	1
暴跳	bào tiào	9522	ao-ou	1
刚烈	gāng liè	9523	an-ang,ia-ie,n-l,r-l	1
拼接	pīn jiē	9524	in-ing,ia-ie,j-q-x	1
趣闻	qù wén	9525	en-eng,j-q-x	1
食料	shí liào	9526	s-sh,n-l,r-l	1
咽气	yàn qì	9527	an-ang,j-q-x	1
精练	jīng liàn	9533	in-ing,ian-iang,n-l,r-l,j-q-x	1
安适	ān shì	9534	an-ang,s-sh	1
合抱	hé bào	9536	ao-ou,h-f	1
僵直	jiāng zhí	9538	ian-iang,z-zh,j-q-x	1
竹简	zhú jiǎn	9546	ian-iang,z-zh,j-q-x	1
毫毛	háo máo	9548	ao-ou,h-f	1
雄健	xióng jiàn	9550	ian-iang,j-q-x	1
仿造	fǎng zào	9551	an-ang,ao-ou,z-zh,h-f	1
飞旋	fēi xuán	9552	uan-uang,ai-ei,h-f,j-q-x	1
刚劲	gāng jìng	9554	in-ing,an-ang,j-q-x	1
粗重	cū zhòng	9559	z-zh,c-ch	1
疾步	jí bù	9560	j-q-x	1
走漏	zǒu lòu	9563	ao-ou,z-zh,n-l,r-l	1
放晴	fàng qíng	9564	in-ing,an-ang,h-f,j-q-x	1
困乏	kùn fá	9565	h-f	1
锥子	zhuī zi	9566	z-zh	1
房梁	fáng liáng	9570	an-ang,ian-iang,n-l,h-f,r-l	1
结伙	jié huǒ	9572	ia-ie,ua-uo,h-f,j-q-x	1
碧空	bì kōng	9577		1
传情	chuán qíng	9578	in-ing,uan-uang,c-ch,j-q-x	1
丰美	fēng měi	9579	en-eng,ai-ei,h-f	1
好强	hào qiáng	9580	ian-iang,ao-ou,h-f,j-q-x	1
扑腾	pū teng	9581	en-eng	1
巧手	qiǎo shǒu	9582	ao-ou,s-sh,j-q-x	1
花心	huā xīn	9597	in-ing,ua-uo,h-f,j-q-x	1
娇惯	jiāo guàn	9598	uan-uang,j-q-x	1
拱形	gǒng xíng	9602	in-ing,j-q-x	1
草滩	cǎo tān	9610	an-ang,ao-ou,c-ch	1
柔嫩	róu nèn	9613	en-eng,ao-ou,n-l,r-l	1
纤弱	xiān ruò	9615	ian-iang,ua-uo,r-l,j-q-x	1
仪态	yí tài	9616	ai-ei	1
安眠	ān mián	9618	an-ang,ian-iang	1
滑翔	huá xiáng	9627	ian-iang,ua-uo,h-f,j-q-x	1
枯瘦	kū shòu	9628	ao-ou,s-sh	1
幽谷	yōu gǔ	9630	ao-ou	1
高估	gāo gū	9631	ao-ou	1
赴约	fù yuē	9639	h-f	1
腥臭	xīng chòu	9645	in-ing,ao-ou,c-ch,j-q-x	1
血亲	xuè qīn	9646	in-ing,j-q-x	1
纹理	wén lǐ	9651	en-eng,n-l,r-l	1
欢畅	huān chàng	9654	an-ang,uan-uang,c-ch,h-f	1
木屑	mù xiè	9656	ia-ie,j-q-x	1
耐烦	nài fán	9657	an-ang,ai-ei,n-l,h-f	1
错怪	cuò guài	9664	ua-uo,c-ch	1
美艳	měi yàn	9666	an-ang,ai-ei	1
飘洒	piāo sǎ	9667	s-sh	1
操控	cāo kòng	9672	ao-ou,c-ch	1
解恨	jiě hèn	9673	en-eng,ia-ie,h-f,j-q-x	1
吁吁	xū xū	9678	j-q-x	1
高调	gāo diào	9680	ao-ou	1
戒除	jiè chú	9681	ia-ie,c-ch,j-q-x	1
松紧	sōng jǐn	9683	in-ing,s-sh,j-q-x	1
挑拣	tiāo jiǎn	9684	ian-iang,j-q-x	1
息怒	xī nù	9685	n-l,j-q-x	1
浮力	fú lì	9689	n-l,h-f,r-l	1
福星	fú xīng	9690	in-ing,h-f,j-q-x	1
柳絮	liǔ xù	9701	n-l,r-l,j-q-x	1
复旧	fù jiù	9708	h-f,j-q-x	1
荒郊	huāng jiāo	9711	uan-uang,h-f,j-q-x	1
切削	qiē xiāo	9713	ia-ie,j-q-x	1
叛逃	pàn táo	9725	an-ang,ao-ou	1
泉眼	quán yǎn	9727	an-ang,uan-uang,j-q-x	1
少壮	shào zhuàng	9728	uan-uang,ao-ou,z-zh,s-sh	1
细流	xì liú	9730	n-l,r-l,j-q-x	1
耳际	ěr jì	9739	j-q-x	1
智障	zhì zhàng	9746	an-ang,z-zh	1
轻飘	qīng piāo	9748	in-ing,j-q-x	1
轻舟	qīng zhōu	9749	in-ing,ao-ou,z-zh,j-q-x	1
馅儿	xiàn ér	9751	ian-iang,j-q-x	1
正步	zhèng bù	9752	en-eng,z-zh	1
稻穗	dào suì	9753	ao-ou,s-sh	1
奇幻	qí huàn	9756	uan-uang,h-f,j-q-x	1
狂躁	kuáng zào	9766	uan-uang,ao-ou,z-zh	1
拟人	nǐ rén	9768	en-eng,n-l,r-l	1
耍赖	shuǎ lài	9769	ai-ei,ua-uo,s-sh,n-l,r-l	1
凶暴	xiōng bào	9781	ao-ou,j-q-x	1
勤恳	qín kěn	9786	en-eng,in-ing,j-q-x	1
稀松	xī sōng	9790	s-sh,j-q-x	1
安好	ān hǎo	9794	an-ang,ao-ou,h-f	1
充数	chōng shù	9795	c-ch,s-sh	1
锯子	jù zi	9799	z-zh,j-q-x	1
胶带	jiāo dài	9821	ai-ei,j-q-x	1
代词	dài cí	9823	ai-ei,c-ch	1
浅近	qiǎn jìn	9825	in-ing,ian-iang,j-q-x	1
山冈	shān gāng	9827	an-ang,s-sh	1
磨坊	mò fáng	9834	an-ang,h-f	1
奇巧	qí qiǎo	9846	j-q-x	1
贬义	biǎn yì	9851	ian-iang	1
凋落	diāo luò	9852	ua-uo,n-l,r-l	3
分母	fēn mǔ	9853	en-eng,h-f	1
浓艳	nóng yàn	9857	an-ang,n-l	1
寒带	hán dài	9864	an-ang,ai-ei,h-f	1
水藻	shuǐ zǎo	9866	ao-ou,z-zh,s-sh	1
奇丽	qí lì	9871	n-l,r-l,j-q-x	1
脑髓	nǎo suǐ	9885	ao-ou,s-sh,n-l	1
排比	pái bǐ	9886	ai-ei	1
欢唱	huān chàng	9888	an-ang,uan-uang,c-ch,h-f	1
通亮	tōng liàng	9890	ian-iang,n-l,r-l	1
欢跃	huān yuè	9895	uan-uang,h-f	1
欺辱	qī rǔ	9897	r-l,j-q-x	1
全速	quán sù	9898	uan-uang,s-sh,j-q-x	1
圆规	yuán guī	9909	uan-uang	1
漫溢	màn yì	9920	an-ang	1
鱼油	yú yóu	9927	ao-ou	1
刚正	gāng zhèng	9931	en-eng,an-ang,z-zh	1
层叠	céng dié	9945	en-eng,ia-ie,c-ch	1
闷雷	mèn léi	9954	en-eng,ai-ei,n-l,r-l	1
厨艺	chú yì	9970	c-ch	1
枝丫	zhī yā	9975	z-zh	1
赎买	shú mǎi	9991	ai-ei,s-sh	1
佳期	jiā qī	9997	ia-ie,j-q-x	1
明艳	míng yàn	10001	in-ing,an-ang	1
腋窝	yè wō	10004		1
怒号	nù háo	10013	ao-ou,n-l,h-f	1
寒露	hán lù	10020	an-ang,n-l,h-f,r-l	1
戒尺	jiè chǐ	10026	ia-ie,c-ch,j-q-x	1
解乏	jiě fá	10030	ia-ie,h-f,j-q-x	1
神勇	shén yǒng	10031	en-eng,s-sh	1
鱼饵	yú ěr	10038		1
鲜丽	xiān lì	10047	ian-iang,n-l,r-l,j-q-x	1
船桨	chuán jiǎng	10060	ian-iang,uan-uang,c-ch,j-q-x	1
钙片	gài piàn	10061	ian-iang,ai-ei	1
毛躁	máo zao	10063	ao-ou,z-zh	1
陡直	dǒu zhí	10064	ao-ou,z-zh	1
葱翠	cōng cuì	10072	c-ch	1
解疑	jiě yí	10077	ia-ie,j-q-x	1
叛离	pàn lí	10092	an-ang,n-l,r-l	1
游伴	yóu bàn	10093	an-ang,ao-ou	1
珍异	zhēn yì	10095	en-eng,z-zh	1
空乏	kōng fá	10096	h-f	1
农谚	nóng yàn	10099	an-ang,n-l	1
松脆	sōng cuì	10104	c-ch,s-sh	1
数词	shù cí	10120	c-ch,s-sh	1
忌口	jì kǒu	10121	ao-ou,j-q-x	1
漏勺	lòu sháo	10122	ao-ou,s-sh,n-l,r-l	1
啰唆	luō suo	10129	ua-uo,s-sh,n-l,r-l	1
褒义	bāo yì	10133	ao-ou	1
辩说	biàn shuō	10135	ian-iang,ua-uo,s-sh	1
标识	biāo shí	10136	s-sh	1
表浅	biǎo qiǎn	10137	ian-iang,j-q-x	1
敞开	chǎng kāi	10140	an-ang,ai-ei,c-ch	1
低吟	dī yín	10147	in-ing	1
碟片	dié piàn	10148	ian-iang,ia-ie	1
家庙	jiā miào	10157	ia-ie,j-q-x	1
节庆	jié qìng	10158	in-ing,ia-ie,j-q-x	1
老旧	lǎo jiù	10164	ao-ou,n-l,r-l,j-q-x	1
麦穗	mài suì	10166	ai-ei,s-sh	1
秘境	mì jìng	10168	in-ing,j-q-x	1
翩翩	piān piān	10170	ian-iang	1
歉意	qiàn yì	10172	ian-iang,j-q-x	1
秋霜	qiū shuāng	10174	uan-uang,s-sh,j-q-x	1
熔解	róng jiě	10177	ia-ie,r-l,j-q-x	1
升职	shēng zhí	10180	en-eng,z-zh,s-sh	1
碎末	suì mò	10183	s-sh	1
头条	tóu tiáo	10184	ao-ou	1
臀部	tún bù	10185		1
弯转	wān zhuǎn	10186	an-ang,uan-uang,z-zh	1
碗碟	wǎn dié	10188	an-ang,ia-ie	1
文意	wén yì	10189	en-eng	1
无邪	wú xié	10190	ia-ie,j-q-x	1
旋涡	xuán wō	10192	uan-uang,j-q-x	1
印迹	yìn jì	10195	in-ing,j-q-x	1
赢利	yíng lì	10196	in-ing,n-l,r-l	1
通过	tōng guò	10202	ua-uo	1
解决	jiě jué	10203	ia-ie,j-q-x	1
态度	tài dù	10204	ai-ei	1
部门	bù mén	10205	en-eng	1
投资	tóu zī	10206	ao-ou,z-zh	1
机构	jī gòu	10207	ao-ou,j-q-x	1
改造	gǎi zào	10208	ai-ei,ao-ou,z-zh	1
行政	xíng zhèng	10209	en-eng,in-ing,z-zh,j-q-x	1
战略	zhàn lüè	10210	an-ang,z-zh,n-l,r-l	1
必然	bì rán	10211	an-ang,r-l	1
体制	tǐ zhì	10212	z-zh	1
财政	cái zhèng	10213	en-eng,ai-ei,z-zh,c-ch	1
电子	diàn zǐ	10214	ian-iang,z-zh	1
机制	jī zhì	10215	z-zh,j-q-x	1
今日	jīn rì	10216	in-ing,r-l,j-q-x	1
学术	xué shù	10217	s-sh,j-q-x	1
尚未	shàng wèi	10218	an-ang,ai-ei,s-sh	1
究竟	jiū jìng	10219	in-ing,j-q-x	1
金融	jīn róng	10220	in-ing,r-l,j-q-x	1
贷款	dài kuǎn	10221	uan-uang,ai-ei	1
博士	bó shì	10222	s-sh	1
科研	kē yán	10223	an-ang	1
基层	jī céng	10224	en-eng,c-ch,j-q-x	1
武装	wǔ zhuāng	10225	uan-uang,z-zh	1
指标	zhǐ biāo	10226	z-zh	1
气候	qì hòu	10227	ao-ou,h-f,j-q-x	1
部署	bù shǔ	10228	s-sh	1
条例	tiáo lì	10229	n-l,r-l	1
职能	zhí néng	10230	en-eng,z-zh,n-l	1
机遇	jī yù	10231	j-q-x	1
履行	lǚ xíng	10232	in-ing,n-l,r-l,j-q-x	1
谈判	tán pàn	10233	an-ang	1
课题	kè tí	10234		1
简直	jiǎn zhí	10235	ian-iang,z-zh,j-q-x	1
政协	zhèng xié	10236	en-eng,ia-ie,z-zh,j-q-x	1
舆论	yú lùn	10237	n-l,r-l	1
政权	zhèng quán	10238	en-eng,uan-uang,z-zh,j-q-x	1
整顿	zhěng dùn	10239	en-eng,z-zh	1
主管	zhǔ guǎn	10240	uan-uang,z-zh	1
国防	guó fáng	10241	an-ang,ua-uo,h-f	1
宏观	hóng guān	10242	uan-uang,h-f	1
锻炼	duàn liàn	10243	ian-iang,uan-uang,n-l,r-l	1
装备	zhuāng bèi	10244	uan-uang,ai-ei,z-zh	1
草案	cǎo àn	10245	an-ang,ao-ou,c-ch	1
议会	yì huì	10246	h-f	1
审批	shěn pī	10247	en-eng,s-sh	1
纠纷	jiū fēn	10248	en-eng,h-f,j-q-x	1
收购	shōu gòu	10249	ao-ou,s-sh	1
试点	shì diǎn	10250	ian-iang,s-sh	1
当局	dāng jú	10251	an-ang,j-q-x	1
预算	yù suàn	10252	uan-uang,s-sh	1
出台	chū tái	10253	ai-ei,c-ch	1
内涵	nèi hán	10254	an-ang,ai-ei,n-l,h-f	1
宗旨	zōng zhǐ	10255	z-zh	1
签署	qiān shǔ	10256	ian-iang,s-sh,j-q-x	1
大局	dà jú	10258	j-q-x	1
监管	jiān guǎn	10259	ian-iang,uan-uang,j-q-x	1
查处	chá chǔ	10260	c-ch	1
格局	gé jú	10261	j-q-x	1
严峻	yán jùn	10262	an-ang,j-q-x	1
增收	zēng shōu	10264	en-eng,ao-ou,z-zh,s-sh	1
营造	yíng zào	10265	in-ing,ao-ou,z-zh	1
组建	zǔ jiàn	10266	ian-iang,z-zh,j-q-x	1
扶持	fú chí	10267	c-ch,h-f	1
化学	huà xué	10269	ua-uo,h-f,j-q-x	1
专利	zhuān lì	10270	uan-uang,z-zh,n-l,r-l	1
待遇	dài yù	10271	ai-ei	1
主导	zhǔ dǎo	10272	ao-ou,z-zh	1
纵横	zòng héng	10273	en-eng,z-zh,h-f	1
激励	jī lì	10274	n-l,r-l,j-q-x	1
检察	jiǎn chá	10275	ian-iang,c-ch,j-q-x	1
理念	lǐ niàn	10276	ian-iang,n-l,r-l	1
行使	xíng shǐ	10277	in-ing,s-sh,j-q-x	1
信仰	xìn yǎng	10278	in-ing,an-ang,j-q-x	1
诉讼	sù sòng	10279	s-sh	1
据悉	jù xī	10280	j-q-x	1
档案	dàn gàn	10281	an-ang	1
赋予	fù yǔ	10282	h-f	1
颁布	bān bù	10283	an-ang	1
编制	biān zhì	10284	ian-iang,z-zh	1
魅力	mèi lì	10285	ai-ei,n-l,r-l	1
极端	jí duān	10286	uan-uang,j-q-x	1
理性	lǐ xìng	10287	in-ing,n-l,r-l,j-q-x	1
效应	xiào yìng	10288	in-ing,j-q-x	1
院士	yuàn shì	10290	uan-uang,s-sh	1
调研	diào yán	10291	an-ang	1
透露	tòu lù	10292	ao-ou,n-l,r-l	1
统筹	tǒng chóu	10293	ao-ou,c-ch	1
历程	lì chéng	10294	en-eng,c-ch,n-l,r-l	1
评估	píng gū	10295	in-ing	1
通报	tōng bào	10296	ao-ou	1
会晤	huì wù	10297	h-f	3
外汇	wài huì	10298	ai-ei,h-f	1
廉政	lián zhèng	10300	en-eng,ian-iang,z-zh,n-l,r-l	1
表彰	biǎo zhāng	10301	an-ang,z-zh	1
装置	zhuāng zhì	10302	uan-uang,z-zh	1
人文	rén wén	10304	en-eng,r-l	1
招标	zhāo biāo	10305	ao-ou,z-zh	1
论述	lùn shù	10306	s-sh,n-l,r-l	1
纲要	gāng yào	10307	an-ang,ao-ou	1
奠定	diàn dìng	10308	in-ing,ian-iang	1
回归	huí guī	10309	h-f	1
构建	gòu jiàn	10310	ian-iang,ao-ou,j-q-x	1
阐述	chǎn shù	10311	an-ang,c-ch,s-sh	1
议员	yì yuán	10312	uan-uang	1
获悉	huò xī	10313	ua-uo,h-f,j-q-x	1
股票	gǔ piào	10314		1
联邦	lián bāng	10315	an-ang,ian-iang,n-l,r-l	1
遵循	zūn xún	10316	z-zh,j-q-x	1
监察	jiān chá	10317	ian-iang,c-ch,j-q-x	1
信贷	xìn dài	10318	in-ing,ai-ei,j-q-x	1
中介	zhōng jiè	10319	ia-ie,z-zh,j-q-x	1
性能	xìng néng	10320	en-eng,in-ing,n-l,j-q-x	1
遏制	è zhì	10321	z-zh	1
概率	gài lǜ	10322	ai-ei,n-l,r-l	1
致使	zhì shǐ	10323	z-zh,s-sh	1
逻辑	luó jí	10324	ua-uo,n-l,r-l,j-q-x	1
业绩	yè jì	10325	j-q-x	1
论证	lùn zhèng	10326	en-eng,z-zh,n-l,r-l	1
物理	wù lǐ	10327	n-l,r-l	1
释放	shì fàng	10328	an-ang,s-sh,h-f	1
谴责	qiǎn zé	10329	ian-iang,z-zh,j-q-x	1
重申	chóng shēn	10330	en-eng,c-ch,s-sh	1
受理	shòu lǐ	10331	ao-ou,s-sh,n-l,r-l	1
赛事	sài shì	10332	ai-ei,s-sh	1
投诉	tóu sù	10333	ao-ou,s-sh	1
前夕	qián xī	10334	ian-iang,j-q-x	1
妥善	tuǒ shàn	10335	an-ang,ua-uo,s-sh	1
担保	dān bǎo	10336	an-ang,ao-ou	1
高层	gāo céng	10337	en-eng,ao-ou,c-ch	1
运营	yùn yíng	10338	in-ing	1
磋商	cuō shāng	10339	an-ang,ua-uo,c-ch,s-sh	3
财经	cái jīng	10340	in-ing,ai-ei,c-ch,j-q-x	1
纲领	gāng lǐng	10341	in-ing,an-ang,n-l,r-l	1
视察	shì chá	10342	c-ch,s-sh	1
审理	shěn lǐ	10343	en-eng,s-sh,n-l,r-l	1
当即	dāng jí	10344	an-ang,j-q-x	1
评议	píng yì	10345	in-ing	1
转让	zhuǎn ràng	10346	an-ang,uan-uang,z-zh,r-l	1
股份	gǔ fèn	10347	en-eng,h-f	1
整合	zhěng hé	10348	en-eng,z-zh,h-f	1
佛教	Fó jiào	10349	h-f,j-q-x	1
征收	zhēng shōu	10350	en-eng,ao-ou,z-zh,s-sh	1
颁发	bān fā	10351	an-ang,h-f	1
利率	lì lǜ	10352	n-l,r-l	1
学历	xué lì	10353	n-l,r-l,j-q-x	1
船舶	chuán bó	10354	uan-uang,c-ch	1
倘若	tǎng ruò	10355	an-ang,ua-uo,r-l	1
强制	qiáng zhì	10356	ian-iang,z-zh,j-q-x	1
演习	yǎn xí	10357	an-ang,j-q-x	1
被告	bèi gào	10358	ai-ei,ao-ou	1
隐患	yǐn huàn	10359	in-ing,uan-uang,h-f	1
职权	zhí quán	10360	uan-uang,z-zh,j-q-x	1
研发	yán fā	10361	an-ang,h-f	1
基于	jī yú	10362	j-q-x	1
警惕	jǐng tì	10363	in-ing,j-q-x	1
验收	yàn shōu	10364	an-ang,ao-ou,s-sh	1
打造	dǎ zào	10366	ao-ou,z-zh	1
刊登	kān dēng	10367	en-eng,an-ang	1
合资	hé zī	10368	z-zh,h-f	1
意味	yì wèi	10369	ai-ei	1
修养	xiū yǎng	10370	an-ang,j-q-x	1
关税	guān shuì	10371	uan-uang,s-sh	1
攻关	gōng guān	10372	uan-uang	1
帮扶	bāng fú	10373	an-ang,h-f	1
筹备	chóu bèi	10374	ai-ei,ao-ou,c-ch	1
撤销	chè xiāo	10375	c-ch,j-q-x	1
学位	xué wèi	10376	ai-ei,j-q-x	1
制裁	zhì cái	10377	ai-ei,z-zh,c-ch	1
昔日	xī rì	10378	r-l,j-q-x	1
崛起	jué qǐ	10379	j-q-x	1
聘请	pìn qǐng	10380	in-ing,j-q-x	1
症状	zhèng zhuàng	10381	en-eng,uan-uang,z-zh	1
研讨	yán tǎo	10382	an-ang,ao-ou	1
幅度	fú dù	10383	h-f	1
欲望	yù wàng	10384	an-ang	1
擅自	shàn zì	10385	an-ang,z-zh,s-sh	1
短缺	duǎn quē	10386	uan-uang,j-q-x	1
倾销	qīng xiāo	10387	in-ing,j-q-x	1
空白	kòng bái	10388	ai-ei	1
抽象	chōu xiàng	10389	ian-iang,ao-ou,c-ch,j-q-x	1
肩负	jiān fù	10390	ian-iang,h-f,j-q-x	1
同行	tóng háng	10392	an-ang,h-f	1
策划	cè huà	10393	ua-uo,c-ch,h-f	1
契机	qì jī	10394	j-q-x	1
取缔	qǔ dì	10395	j-q-x	1
起诉	qǐ sù	10396	s-sh,j-q-x	1
条款	tiáo kuǎn	10397	uan-uang	1
检疫	jiǎn yì	10398	ian-iang,j-q-x	1
实惠	shí huì	10399	s-sh,h-f	1
审核	shěn hé	10400	en-eng,s-sh,h-f	1
原告	yuán gào	10401	uan-uang,ao-ou	1
硕士	shuò shì	10402	ua-uo,s-sh	1
学说	xué shuō	10403	ua-uo,s-sh,j-q-x	1
从业	cóng yè	10404	c-ch	1
话语	huà yǔ	10405	ua-uo,h-f	1
竣工	jùn gōng	10406	j-q-x	1
历时	lì shí	10407	s-sh,n-l,r-l	1
议题	yì tí	10408		1
首席	shǒu xí	10409	ao-ou,s-sh,j-q-x	1
何以	hé yǐ	10410	h-f	1
朝廷	cháo tíng	10411	in-ing,ao-ou,c-ch	1
查获	chá huò	10412	ua-uo,c-ch,h-f	1
强劲	qiáng jìng	10413	in-ing,ian-iang,j-q-x	1
招聘	zhāo pìn	10414	in-ing,ao-ou,z-zh	1
股东	gǔ dōng	10415		1
雕塑	diāo sù	10416	s-sh	1
春秋	chūn qiū	10417	c-ch,j-q-x	1
迄今	qì jīn	10418	in-ing,j-q-x	1
纯粹	chún cuì	10419	c-ch	1
效力	xiào lì	10420	n-l,r-l,j-q-x	1
古典	gǔ diǎn	10421	ian-iang	1
涉嫌	shè xián	10422	ian-iang,s-sh,j-q-x	1
不懈	bù xiè	10423	ia-ie,j-q-x	1
筹集	chóu jí	10424	ao-ou,c-ch,j-q-x	1
杜绝	dù jué	10425	j-q-x	1
届时	jiè shí	10426	ia-ie,s-sh,j-q-x	1
风情	fēng qíng	10427	en-eng,in-ing,h-f,j-q-x	1
派遣	pài qiǎn	10428	ian-iang,ai-ei,j-q-x	1
难民	nàn mín	10429	in-ing,an-ang,n-l	1
奉行	fèng xíng	10430	en-eng,in-ing,h-f,j-q-x	1
滥用	làn yòng	10431	an-ang,n-l,r-l	1
信誉	xìn yù	10432	in-ing,j-q-x	1
抵御	dǐ yù	10433		1
仲裁	zhòng cái	10434	ai-ei,z-zh,c-ch	1
忧虑	yōu lǜ	10435	ao-ou,n-l,r-l	1
汇率	huì lǜ	10436	n-l,h-f,r-l	1
范畴	fàn chóu	10437	an-ang,ao-ou,c-ch,h-f	1
鉴于	jiàn yú	10438	ian-iang,j-q-x	1
束缚	shù fù	10439	s-sh,h-f	1
免疫	miǎn yì	10440	ian-iang	1
门槛	mén kǎn	10441	en-eng,an-ang	1
滞后	zhì hòu	10442	ao-ou,z-zh,h-f	1
披露	pī lù	10444	n-l,r-l	1
频频	pín pín	10445	in-ing	1
未曾	wèi céng	10446	en-eng,ai-ei,c-ch	1
批示	pī shì	10447	s-sh	1
民国	Mín guó	10448	in-ing,ua-uo	1
伦理	lún lǐ	10449	n-l,r-l	1
大道	dà dào	10450	ao-ou	1
撰写	zhuàn xiě	10451	uan-uang,ia-ie,z-zh,j-q-x	1
征集	zhēng jí	10452	en-eng,z-zh,j-q-x	1
提拔	tí bá	10453		1
亮相	liàng xiàng	10454	ian-iang,n-l,r-l,j-q-x	1
携手	xié shǒu	10455	ao-ou,ia-ie,s-sh,j-q-x	1
迅猛	xùn měng	10456	en-eng,j-q-x	1
提取	tí qǔ	10457	j-q-x	1
上诉	shàng sù	10458	an-ang,s-sh	1
刻苦	kè kǔ	10459		1
处境	chǔ jìng	10460	in-ing,c-ch,j-q-x	1
峰会	fēng huì	10461	en-eng,h-f	1
兑现	duì xiàn	10463	ian-iang,j-q-x	1
调度	diào dù	10464		1
暗示	àn shì	10465	an-ang,s-sh	1
管制	guǎn zhì	10466	uan-uang,z-zh	1
理智	lǐ zhì	10467	z-zh,n-l,r-l	1
预警	yù jǐng	10468	in-ing,j-q-x	1
廉洁	lián jié	10469	ian-iang,ia-ie,n-l,r-l,j-q-x	1
罪恶	zuì è	10470	z-zh	1
传媒	chuán méi	10471	uan-uang,ai-ei,c-ch	1
方才	fāng cái	10472	an-ang,ai-ei,c-ch,h-f	1
吸纳	xī nà	10473	n-l,j-q-x	1
诞辰	dàn chén	10474	en-eng,an-ang,c-ch	1
测定	cè dìng	10475	in-ing,c-ch	1
租赁	zū lìn	10476	in-ing,z-zh,n-l,r-l	1
文书	wén shū	10477	en-eng,s-sh	1
欣慰	xīn wèi	10478	in-ing,ai-ei,j-q-x	1
争端	zhēng duān	10479	en-eng,uan-uang,z-zh	1
方略	fāng lüè	10480	an-ang,n-l,h-f,r-l	1
内需	nèi xū	10481	ai-ei,n-l,j-q-x	1
照例	zhào lì	10482	ao-ou,z-zh,n-l,r-l	1
拨款	bō kuǎn	10483	uan-uang	1
挪用	nuó yòng	10484	ua-uo,n-l	1
源泉	yuán quán	10485	uan-uang,j-q-x	1
兼并	jiān bìng	10486	in-ing,ian-iang,j-q-x	1
尺度	chǐ dù	10487	c-ch	1
剥夺	bō duó	10488	ua-uo	1
革新	gé xīn	10489	in-ing,j-q-x	1
衔接	xián jiē	10490	ian-iang,ia-ie,j-q-x	1
徘徊	pái huái	10491	ai-ei,h-f	1
摧毁	cuī huǐ	10492	c-ch,h-f	1
申诉	shēn sù	10493	en-eng,s-sh	1
变迁	biàn qiān	10494	ian-iang,j-q-x	1
进化	jìn huà	10495	in-ing,ua-uo,h-f,j-q-x	1
生效	shēng xiào	10496	en-eng,s-sh,j-q-x	1
理财	lǐ cái	10497	ai-ei,c-ch,n-l,r-l	1
审视	shěn shì	10498	en-eng,s-sh	1
管辖	guǎn xiá	10499	uan-uang,ia-ie,j-q-x	1
芯片	xīn piàn	10500	in-ing,ian-iang,j-q-x	1
温室	wēn shì	10501	en-eng,s-sh	1
故障	gù zhàng	10502	an-ang,z-zh	1
动荡	dòng dàng	10503	an-ang	1
通关	tōng guān	10504	uan-uang	1
谋求	móu qiú	10505	ao-ou,j-q-x	1
酝酿	yùn niàng	10506	ian-iang,n-l	1
疑惑	yí huò	10507	ua-uo,h-f	1
案例	àn lì	10508	an-ang,n-l,r-l	1
急剧	jí jù	10509	j-q-x	1
本科	běn kē	10510	en-eng	1
勘探	kān tàn	10511	an-ang	1
惯例	guàn lì	10512	uan-uang,n-l,r-l	1
回馈	huí kuì	10513	h-f	1
行径	xíng jìng	10515	in-ing,j-q-x	1
军阀	jūn fá	10516	h-f,j-q-x	1
招商	zhāo shāng	10517	an-ang,ao-ou,z-zh,s-sh	1
破获	pò huò	10518	ua-uo,h-f	1
曝光	bào guāng	10519	uan-uang,ao-ou	1
书画	shū huà	10520	ua-uo,s-sh,h-f	1
集资	jí zī	10521	z-zh,j-q-x	1
公证	gōng zhèng	10522	en-eng,z-zh	1
部落	bù luò	10523	ua-uo,n-l,r-l	1
品位	pǐn wèi	10524	in-ing,ai-ei	1
利害	lì hài	10525	ai-ei,n-l,h-f,r-l	1
公仆	gōng pú	10526		1
寡妇	guǎ fu	10527	ua-uo,h-f	1
命题	mìng tí	10528	in-ing	1
严谨	yán jǐn	10529	in-ing,an-ang,j-q-x	1
议程	yì chéng	10530	en-eng,c-ch	1
致辞	zhì cí	10531	z-zh,c-ch	1
贿赂	huì lù	10532	n-l,h-f,r-l	1
浓郁	nóng yù	10533	n-l	1
揭晓	jiē xiǎo	10534	ia-ie,j-q-x	1
别墅	bié shù	10535	ia-ie,s-sh	1
角逐	jué zhú	10536	z-zh,j-q-x	1
交涉	jiāo shè	10537	s-sh,j-q-x	1
大体	dà tǐ	10538		1
敏锐	mǐn ruì	10539	in-ing,r-l	1
驾驭	jià yù	10540	ia-ie,j-q-x	3
收缴	shōu jiǎo	10541	ao-ou,s-sh,j-q-x	1
绑架	bǎng jià	10542	an-ang,ia-ie,j-q-x	1
忧郁	yōu yù	10543	ao-ou	1
指望	zhǐ wàng	10544	an-ang,z-zh	1
销量	xiāo liàng	10545	ian-iang,n-l,r-l,j-q-x	1
稳健	wěn jiàn	10546	en-eng,ian-iang,j-q-x	1
由衷	yóu zhōng	10547	ao-ou,z-zh	1
权限	quán xiàn	10548	ian-iang,uan-uang,j-q-x	1
情人	qíng rén	10549	en-eng,in-ing,r-l,j-q-x	1
奈何	nài hé	10550	ai-ei,n-l,h-f	1
瓶颈	píng jǐng	10551	in-ing,j-q-x	1
受贿	shòu huì	10552	ao-ou,s-sh,h-f	1
升华	shēng huá	10553	en-eng,ua-uo,s-sh,h-f	1
稳妥	wěn tuǒ	10554	en-eng,ua-uo	1
阐明	chǎn míng	10555	in-ing,an-ang,c-ch	1
种族	zhǒng zú	10557	z-zh	1
动用	dòng yòng	10558		1
情操	qíng cāo	10559	in-ing,ao-ou,c-ch,j-q-x	1
告诫	gào jiè	10560	ao-ou,ia-ie,j-q-x	1
专栏	zhuān lán	10561	an-ang,uan-uang,z-zh,n-l,r-l	1
理应	lǐ yīng	10562	in-ing,n-l,r-l	1
可观	kě guān	10563	uan-uang	1
得失	dé shī	10564	s-sh	1
绅士	shēn shì	10565	en-eng,s-sh	1
汲取	jí qǔ	10566	j-q-x	3
滋生	zī shēng	10567	en-eng,z-zh,s-sh	1
脱贫	tuō pín	10568	in-ing,ua-uo	1
裁决	cái jué	10569	ai-ei,c-ch,j-q-x	1
演绎	yǎn yì	10570	an-ang	1
弊端	bì duān	10571	uan-uang	1
偿还	cháng huán	10572	an-ang,uan-uang,c-ch,h-f	1
表率	biǎo shuài	10573	s-sh	1
本色	běn sè	10574	en-eng,s-sh	1
认知	rèn zhī	10575	en-eng,z-zh,r-l	1
就职	jiù zhí	10576	z-zh,j-q-x	1
文凭	wén píng	10577	en-eng,in-ing	1
官僚	guān liáo	10578	uan-uang,n-l,r-l	1
哀悼	āi dào	10579	ai-ei,ao-ou	1
虚拟	xū nǐ	10580	n-l,j-q-x	1
防疫	fáng yì	10581	an-ang,h-f	1
侵蚀	qīn shí	10582	in-ing,s-sh,j-q-x	1
报销	bào xiāo	10583	ao-ou,j-q-x	1
涵盖	hán gài	10584	an-ang,ai-ei,h-f	1
时髦	shí máo	10585	ao-ou,s-sh	3
特权	tè quán	10586	uan-uang,j-q-x	1
声誉	shēng yù	10587	en-eng,s-sh	1
茫然	máng rán	10588	an-ang,r-l	1
媒介	méi jiè	10589	ai-ei,ia-ie,j-q-x	1
堕落	duò luò	10590	ua-uo,n-l,r-l	1
素养	sù yǎng	10591	an-ang,s-sh	1
冷战	lěng zhàn	10592	en-eng,an-ang,z-zh,n-l,r-l	1
伺候	cì hou	10593	ao-ou,c-ch,h-f	1
直播	zhí bō	10594	z-zh	1
光景	guāng jǐng	10595	in-ing,uan-uang,j-q-x	1
正视	zhèng shì	10596	en-eng,z-zh,s-sh	1
青睐	qīng lài	10597	in-ing,ai-ei,n-l,r-l,j-q-x	1
微观	wēi guān	10598	uan-uang,ai-ei	1
恍惚	huǎng hū	10599	uan-uang,h-f	3
领略	lǐng lüè	10600	in-ing,n-l,r-l	1
境地	jìng dì	10601	in-ing,j-q-x	1
谱写	pǔ xiě	10602	ia-ie,j-q-x	1
标本	biāo běn	10603	en-eng	1
敦促	dūn cù	10604	c-ch	1
奔赴	bēn fù	10605	en-eng,h-f	1
录用	lù yòng	10606	n-l,r-l	1
质疑	zhì yí	10607	z-zh	1
诚挚	chéng zhì	10608	en-eng,z-zh,c-ch	1
排污	pái wū	10609	ai-ei	1
惩处	chéng chǔ	10610	en-eng,c-ch	1
腐朽	fǔ xiǔ	10611	h-f,j-q-x	1
腐蚀	fǔ shí	10613	s-sh,h-f	1
宣称	xuān chēng	10614	en-eng,uan-uang,c-ch,j-q-x	1
风尚	fēng shàng	10615	en-eng,an-ang,s-sh,h-f	1
抵押	dǐ yā	10616		1
隐瞒	yǐn mán	10617	in-ing,an-ang	1
资质	zī zhì	10618	z-zh	1
筛选	shāi xuǎn	10620	uan-uang,ai-ei,s-sh,j-q-x	1
钦佩	qīn pèi	10621	in-ing,ai-ei,j-q-x	1
序列	xù liè	10622	ia-ie,n-l,r-l,j-q-x	1
拘留	jū liú	10623	n-l,r-l,j-q-x	1
疑虑	yí lǜ	10624	n-l,r-l	1
洽谈	qià tán	10625	an-ang,ia-ie,j-q-x	1
疙瘩	gē da	10626		1
瞩目	zhǔ mù	10627	z-zh	1
筹建	chóu jiàn	10628	ian-iang,ao-ou,c-ch,j-q-x	1
呻吟	shēn yín	10629	en-eng,in-ing,s-sh	1
目睹	mù dǔ	10630		1
见证	jiàn zhèng	10631	en-eng,ian-iang,z-zh,j-q-x	1
慷慨	kāng kǎi	10632	an-ang,ai-ei	1
莫非	mò fēi	10633	ai-ei,h-f	1
侨胞	qiáo bāo	10634	ao-ou,j-q-x	1
凭证	píng zhèng	10635	en-eng,in-ing,z-zh	1
忧患	yōu huàn	10636	uan-uang,ao-ou,h-f	1
指控	zhǐ kòng	10637	z-zh	1
专政	zhuān zhèng	10638	en-eng,uan-uang,z-zh	1
猖獗	chāng jué	10639	an-ang,c-ch,j-q-x	3
屏障	píng zhàng	10640	in-ing,an-ang,z-zh	1
枢纽	shū niǔ	10641	s-sh,n-l	1
传承	chuán chéng	10642	en-eng,uan-uang,c-ch	1
法则	fǎ zé	10643	z-zh,h-f	1
纠缠	jiū chán	10644	an-ang,c-ch,j-q-x	1
悠悠	yōu yōu	10645	ao-ou	1
隐蔽	yǐn bì	10646	in-ing	1
赞誉	zàn yù	10647	an-ang,z-zh	1
罢免	bà miǎn	10648	ian-iang	1
检索	jiǎn suǒ	10649	ian-iang,ua-uo,s-sh,j-q-x	1
劣质	liè zhì	10650	ia-ie,z-zh,n-l,r-l	1
细腻	xì nì	10651	n-l,j-q-x	1
曙光	shǔ guāng	10652	uan-uang,s-sh	1
威信	wēi xìn	10653	in-ing,ai-ei,j-q-x	1
敷衍	fū yǎn	10654	an-ang,h-f	1
崩溃	bēng kuì	10655	en-eng	1
骤然	zhòu rán	10656	an-ang,ao-ou,z-zh,r-l	1
祥和	xiáng hé	10657	ian-iang,h-f,j-q-x	1
轮廓	lún kuò	10658	ua-uo,n-l,r-l	1
铲除	chǎn chú	10659	an-ang,c-ch	1
大肆	dà sì	10660	s-sh	1
参数	cān shù	10661	an-ang,c-ch,s-sh	1
功率	gōng lǜ	10662	n-l,r-l	1
踌躇	chóu chú	10663	ao-ou,c-ch	2
接纳	jiē nà	10664	ia-ie,n-l,j-q-x	1
反弹	fǎn tán	10665	an-ang,h-f	1
疲惫	pí bèi	10666	ai-ei	1
缅怀	miǎn huái	10667	ian-iang,h-f	1
专著	zhuān zhù	10668	uan-uang,z-zh	1
官吏	guān lì	10669	uan-uang,n-l,r-l	1
哆嗦	duō suo	10670	ua-uo,s-sh	1
津贴	jīn tiē	10671	in-ing,ia-ie,j-q-x	1
应酬	yìng chou	10672	in-ing,ao-ou,c-ch	1
阻挠	zǔ náo	10673	ao-ou,z-zh,n-l	1
萎缩	wěi suō	10674	ai-ei,ua-uo,s-sh	1
诧异	chà yì	10675	c-ch	3
虐待	nüè dài	10676	ai-ei,n-l	1
滑稽	huá jī	10677	ua-uo,h-f,j-q-x	1
专制	zhuān zhì	10678	uan-uang,z-zh	1
嫌疑	xián yí	10680	ian-iang,j-q-x	1
沧桑	cāng sāng	10681	an-ang,c-ch,s-sh	1
情谊	qíng yì	10682	in-ing,j-q-x	1
兴致	xìng zhì	10683	in-ing,z-zh,j-q-x	1
沉吟	chén yín	10684	en-eng,in-ing,c-ch	1
瘫痪	tān huàn	10685	an-ang,uan-uang,h-f	1
忘却	wàng què	10686	an-ang,j-q-x	1
遗迹	yí jì	10687	j-q-x	1
气派	qì pài	10688	ai-ei,j-q-x	1
风流	fēng liú	10689	en-eng,n-l,h-f,r-l	1
使节	shǐ jié	10690	ia-ie,s-sh,j-q-x	1
门户	mén hù	10691	en-eng,h-f	1
公道	gōng dào	10692	ao-ou	1
堡垒	bǎo lěi	10693	ai-ei,ao-ou,n-l,r-l	1
改观	gǎi guān	10694	uan-uang,ai-ei	1
沮丧	jǔ sàng	10695	an-ang,s-sh,j-q-x	1
战国	Zhàn guó	10696	an-ang,ua-uo,z-zh	1
吊销	diào xiāo	10697	j-q-x	1
负荷	fù hè	10698	h-f	1
贬值	biǎn zhí	10699	ian-iang,z-zh	1
践踏	jiàn tà	10700	ian-iang,j-q-x	1
异样	yì yàng	10701	an-ang	1
出手	chū shǒu	10702	ao-ou,c-ch,s-sh	1
虔诚	qián chéng	10703	en-eng,ian-iang,c-ch,j-q-x	3
演练	yǎn liàn	10704	an-ang,ian-iang,n-l,r-l	1
呐喊	nà hǎn	10705	an-ang,n-l,h-f	1
饱和	bǎo hé	10706	ao-ou,h-f	1
幸而	xìng ér	10707	in-ing,j-q-x	1
派别	pài bié	10708	ai-ei,ia-ie	1
梳理	shū lǐ	10709	s-sh,n-l,r-l	1
怀孕	huái yùn	10710	h-f	1
变异	biàn yì	10711	ian-iang	1
憧憬	chōng jǐng	10712	in-ing,c-ch,j-q-x	2
抉择	jué zé	10713	z-zh,j-q-x	3
愚蠢	yú chǔn	10714	c-ch	1
激活	jī huó	10715	ua-uo,h-f,j-q-x	1
坎坷	kǎn kě	10716	an-ang	1
脉络	mài luò	10717	ai-ei,ua-uo,n-l,r-l	1
热衷	rè zhōng	10718	z-zh,r-l	1
纵然	zòng rán	10719	an-ang,z-zh,r-l	1
诠释	quán shì	10720	uan-uang,s-sh,j-q-x	3
学士	xué shì	10721	s-sh,j-q-x	1
缴获	jiǎo huò	10722	ua-uo,h-f,j-q-x	1
投机	tóu jī	10723	ao-ou,j-q-x	1
解剖	jiě pōu	10724	ao-ou,ia-ie,j-q-x	1
篇幅	piān fú	10725	ian-iang,h-f	1
愤慨	fèn kǎi	10727	en-eng,ai-ei,h-f	1
冷却	lěng què	10728	en-eng,n-l,r-l,j-q-x	1
精髓	jīng suǐ	10729	in-ing,s-sh,j-q-x	1
解体	jiě tǐ	10730	ia-ie,j-q-x	1
初衷	chū zhōng	10731	z-zh,c-ch	1
气概	qì gài	10732	ai-ei,j-q-x	1
晋升	jìn shēng	10733	en-eng,in-ing,s-sh,j-q-x	1
聆听	líng tīng	10735	in-ing,n-l,r-l	1
功勋	gōng xūn	10736	j-q-x	1
俨然	yǎn rán	10737	an-ang,r-l	3
坦率	tǎn shuài	10738	an-ang,s-sh	1
汇聚	huì jù	10739	h-f,j-q-x	1
精湛	jīng zhàn	10740	in-ing,an-ang,z-zh,j-q-x	3
通告	tōng gào	10741	ao-ou	1
怜悯	lián mǐn	10742	in-ing,ian-iang,n-l,r-l	1
赶赴	gǎn fù	10743	an-ang,h-f	1
煽动	shān dòng	10744	an-ang,s-sh	1
惋惜	wǎn xī	10745	an-ang,j-q-x	1
淡薄	dàn bó	10746	an-ang	1
聘用	pìn yòng	10747	in-ing	1
悲壮	bēi zhuàng	10748	uan-uang,ai-ei,z-zh	1
肆虐	sì nüè	10749	s-sh,n-l	1
治愈	zhì yù	10750	z-zh	1
底蕴	dǐ yùn	10751		1
假使	jiǎ shǐ	10753	ia-ie,s-sh,j-q-x	1
张扬	zhāng yáng	10754	an-ang,z-zh	1
匮乏	kuì fá	10755	h-f	3
调配	diào pèi	10756	ai-ei	1
筹划	chóu huà	10757	ao-ou,ua-uo,c-ch,h-f	1
辗转	zhǎn zhuǎn	10758	an-ang,uan-uang,z-zh	1
样本	yàng běn	10759	en-eng,an-ang	1
威严	wēi yán	10760	an-ang,ai-ei	1
治污	zhì wū	10761	z-zh	1
哽咽	gěng yè	10762	en-eng	3
脊梁	jǐ liáng	10763	ian-iang,n-l,r-l,j-q-x	1
勘察	kān chá	10764	an-ang,c-ch	1
濒临	bīn lín	10765	in-ing,n-l,r-l	1
款项	kuǎn xiàng	10766	ian-iang,uan-uang,j-q-x	1
庸俗	yōng sú	10767	s-sh	1
愚昧	yú mèi	10768	ai-ei	1
质问	zhì wèn	10769	en-eng,z-zh	1
桂冠	guì guān	10770	uan-uang	1
行情	háng qíng	10771	in-ing,an-ang,h-f,j-q-x	1
回扣	huí kòu	10772	ao-ou,h-f	1
事态	shì tài	10773	ai-ei,s-sh	1
警戒	jǐng jiè	10774	in-ing,ia-ie,j-q-x	1
关押	guān yā	10775	uan-uang	1
阐释	chǎn shì	10776	an-ang,c-ch,s-sh	1
行贿	xíng huì	10777	in-ing,h-f,j-q-x	1
大抵	dà dǐ	10778		1
审讯	shěn xùn	10779	en-eng,s-sh,j-q-x	1
写照	xiě zhào	10780	ao-ou,ia-ie,z-zh,j-q-x	1
误差	wù chā	10781	c-ch	1
沉寂	chén jì	10782	en-eng,c-ch,j-q-x	1
喘息	chuǎn xī	10783	uan-uang,c-ch,j-q-x	1
后台	hòu tái	10784	ai-ei,ao-ou,h-f	1
勋章	xūn zhāng	10785	an-ang,z-zh,j-q-x	1
考证	kǎo zhèng	10786	en-eng,ao-ou,z-zh	1
围剿	wéi jiǎo	10787	ai-ei,j-q-x	1
耗费	hào fèi	10788	ai-ei,ao-ou,h-f	1
厚重	hòu zhòng	10789	ao-ou,z-zh,h-f	1
贪婪	tān lán	10790	an-ang,n-l,r-l	1
独家	dú jiā	10791	ia-ie,j-q-x	1
祭祀	jì sì	10792	s-sh,j-q-x	1
虚构	xū gòu	10793	ao-ou,j-q-x	1
骚扰	sāo rǎo	10794	ao-ou,s-sh,r-l	1
穿梭	chuān suō	10795	uan-uang,ua-uo,c-ch,s-sh	1
千古	qiān gǔ	10796	ian-iang,j-q-x	1
寻觅	xún mì	10797	j-q-x	1
盘算	pán suan	10798	an-ang,uan-uang,s-sh	1
迎合	yíng hé	10799	in-ing,h-f	1
真空	zhēn kōng	10800	en-eng,z-zh	1
勉励	miǎn lì	10801	ian-iang,n-l,r-l	1
挑衅	tiǎo xìn	10802	in-ing,j-q-x	1
窒息	zhì xī	10803	z-zh,j-q-x	1
终结	zhōng jié	10804	ia-ie,z-zh,j-q-x	1
拱手	gǒng shǒu	10805	ao-ou,s-sh	1
总监	zǒng jiān	10806	ian-iang,z-zh,j-q-x	1
募集	mù jí	10807	j-q-x	1
驱使	qū shǐ	10808	s-sh,j-q-x	1
无端	wú duān	10809	uan-uang	1
呼啸	hū xiào	10810	h-f,j-q-x	1
已然	yǐ rán	10811	an-ang,r-l	1
耕耘	gēng yún	10812	en-eng	1
刑罚	xíng fá	10813	in-ing,h-f,j-q-x	1
动感	dòng gǎn	10814	an-ang	1
情调	qíng diào	10815	in-ing,j-q-x	1
庆幸	qìng xìng	10816	in-ing,j-q-x	1
渲染	xuàn rǎn	10817	an-ang,uan-uang,r-l,j-q-x	1
版面	bǎn miàn	10818	an-ang,ian-iang	1
精辟	jīng pì	10819	in-ing,j-q-x	1
胜任	shèng rèn	10820	en-eng,s-sh,r-l	1
铜钱	tóng qián	10822	ian-iang,j-q-x	1
沐浴	mù yù	10823		1
愈加	yù jiā	10825	ia-ie,j-q-x	1
低迷	dī mí	10826		1
裸露	luǒ lù	10827	ua-uo,n-l,r-l	1
机密	jī mì	10828	j-q-x	1
深邃	shēn suì	10829	en-eng,s-sh	3
憔悴	qiáo cuì	10830	c-ch,j-q-x	1
嫁接	jià jiē	10832	ia-ie,j-q-x	1
深造	shēn zào	10833	en-eng,ao-ou,z-zh,s-sh	1
嘈杂	cáo zá	10834	ao-ou,z-zh,c-ch	3
理睬	lǐ cǎi	10835	ai-ei,c-ch,n-l,r-l	1
严正	yán zhèng	10836	en-eng,an-ang,z-zh	1
扣押	kòu yā	10837	ao-ou	1
款待	kuǎn dài	10838	uan-uang,ai-ei	1
胆怯	dǎn qiè	10839	an-ang,ia-ie,j-q-x	1
凸显	tū xiǎn	10840	ian-iang,j-q-x	1
繁育	fán yù	10841	an-ang,h-f	1
控告	kòng gào	10842	ao-ou	1
松懈	sōng xiè	10843	ia-ie,s-sh,j-q-x	1
包揽	bāo lǎn	10844	an-ang,ao-ou,n-l,r-l	1
好歹	hǎo dǎi	10845	ai-ei,ao-ou,h-f	1
僵局	jiāng jú	10846	ian-iang,j-q-x	1
资深	zī shēn	10847	en-eng,z-zh,s-sh	1
颠倒	diān dǎo	10848	ian-iang,ao-ou	1
潜心	qián xīn	10849	in-ing,ian-iang,j-q-x	1
忏悔	chàn huǐ	10850	an-ang,c-ch,h-f	3
功效	gōng xiào	10851	j-q-x	1
供养	gōng yǎng	10852	an-ang	1
激化	jī huà	10853	ua-uo,h-f,j-q-x	1
面料	miàn liào	10854	ian-iang,n-l,r-l	1
辩解	biàn jiě	10855	ian-iang,ia-ie,j-q-x	1
时事	shí shì	10856	s-sh	1
气魄	qì pò	10857	j-q-x	1
惦记	diàn jì	10858	ian-iang,j-q-x	1
契约	qì yuē	10859	j-q-x	1
摧残	cuī cán	10860	an-ang,c-ch	1
林立	lín lì	10861	in-ing,n-l,r-l	1
造价	zào jià	10862	ao-ou,ia-ie,z-zh,j-q-x	1
苦涩	kǔ sè	10863	s-sh	1
个案	gè àn	10864	an-ang	1
殷勤	yīn qín	10865	in-ing,j-q-x	1
陶冶	táo yě	10866	ao-ou	1
狭隘	xiá ài	10867	ai-ei,ia-ie,j-q-x	1
明晰	míng xī	10868	in-ing,j-q-x	1
誓言	shì yán	10869	an-ang,s-sh	1
默契	mò qì	10870	j-q-x	1
执照	zhí zhào	10871	ao-ou,z-zh	1
触犯	chù fàn	10872	an-ang,c-ch,h-f	1
蜿蜒	wān yán	10873	an-ang	3
单身	dān shēn	10874	en-eng,an-ang,s-sh	1
奠基	diàn jī	10875	ian-iang,j-q-x	1
交情	jiāo qing	10876	in-ing,j-q-x	1
威望	wēi wàng	10877	an-ang,ai-ei	1
能耐	néng nai	10878	en-eng,ai-ei,n-l	1
把戏	bǎ xì	10879	j-q-x	1
铸造	zhù zào	10880	ao-ou,z-zh	1
畸形	jī xíng	10881	in-ing,j-q-x	1
分红	fēn hóng	10882	en-eng,h-f	1
悬殊	xuán shū	10883	uan-uang,s-sh,j-q-x	1
濒危	bīn wēi	10884	in-ing,ai-ei	1
情结	qíng jié	10885	in-ing,ia-ie,j-q-x	1
募捐	mù juān	10886	uan-uang,j-q-x	1
危难	wēi nàn	10887	an-ang,ai-ei,n-l	1
侍候	shì hòu	10888	ao-ou,s-sh,h-f	1
熏陶	xūn táo	10889	ao-ou,j-q-x	1
跋涉	bá shè	10890	s-sh	1
脸庞	liǎn páng	10891	an-ang,ian-iang,n-l,r-l	1
对峙	duì zhì	10892	z-zh	3
辞退	cí tuì	10893	c-ch	1
平庸	píng yōng	10894	in-ing	1
衣着	yī zhuó	10895	ua-uo,z-zh	1
筹办	chóu bàn	10896	an-ang,ao-ou,c-ch	1
尾声	wěi shēng	10897	en-eng,ai-ei,s-sh	1
浓重	nóng zhòng	10898	z-zh,n-l	1
印证	yìn zhèng	10899	en-eng,in-ing,z-zh	1
口径	kǒu jìng	10900	in-ing,ao-ou,j-q-x	1
残余	cán yú	10901	an-ang,c-ch	1
澄清	chéng qīng	10902	en-eng,in-ing,c-ch,j-q-x	1
停滞	tíng zhì	10903	in-ing,z-zh	1
严明	yán míng	10904	in-ing,an-ang	1
纵容	zòng róng	10905	z-zh,r-l	1
悼念	dào niàn	10906	ian-iang,ao-ou,n-l	1
荣幸	róng xìng	10907	in-ing,r-l,j-q-x	1
风范	fēng fàn	10908	en-eng,an-ang,h-f	1
惯性	guàn xìng	10909	in-ing,uan-uang,j-q-x	1
低廉	dī lián	10910	ian-iang,n-l,r-l	1
爆破	bào pò	10911	ao-ou	1
嘀咕	dí gu	10912		1
攻读	gōng dú	10913		1
疏导	shū dǎo	10914	ao-ou,s-sh	1
头衔	tóu xián	10915	ian-iang,ao-ou,j-q-x	1
消遣	xiāo qiǎn	10916	ian-iang,j-q-x	1
硝烟	xiāo yān	10917	an-ang,j-q-x	1
波澜	bō lán	10918	an-ang,n-l,r-l	1
祠堂	cí táng	10919	an-ang,c-ch	1
怨恨	yuàn hèn	10920	en-eng,uan-uang,h-f	1
挑剔	tiāo ti	10921		1
驻足	zhù zú	10922	z-zh	1
惨重	cǎn zhòng	10923	an-ang,z-zh,c-ch	1
道教	Dào jiào	10924	ao-ou,j-q-x	1
松弛	sōng chí	10926	c-ch,s-sh	1
反差	fǎn chā	10927	an-ang,c-ch,h-f	1
透彻	tòu chè	10928	ao-ou,c-ch	1
社稷	shè jì	10929	s-sh,j-q-x	3
供奉	gòng fèng	10930	en-eng,h-f	1
收敛	shōu liǎn	10931	ian-iang,ao-ou,s-sh,n-l,r-l	1
耽搁	dān ge	10932	an-ang	1
妩媚	wǔ mèi	10933	ai-ei	3
整修	zhěng xiū	10934	en-eng,z-zh,j-q-x	1
发酵	fā jiào	10935	h-f,j-q-x	1
糟蹋	zāo tà	10936	ao-ou,z-zh	1
凝重	níng zhòng	10937	in-ing,z-zh,n-l	1
畏惧	wèi jù	10938	ai-ei,j-q-x	1
奢侈	shē chǐ	10939	c-ch,s-sh	1
喧嚣	xuān xiāo	10940	uan-uang,j-q-x	1
编纂	biān zuǎn	10941	ian-iang,uan-uang,z-zh	3
失声	shī shēng	10942	en-eng,s-sh	1
簇拥	cù yōng	10943	c-ch	1
得逞	dé chěng	10944	en-eng,c-ch	1
韵味	yùn wèi	10945	ai-ei	1
调剂	tiáo jì	10946	j-q-x	1
核能	hé néng	10947	en-eng,n-l,h-f	1
巨头	jù tóu	10949	ao-ou,j-q-x	1
瓦解	wǎ jiě	10950	ia-ie,j-q-x	1
华裔	huá yì	10951	ua-uo,h-f	3
滞留	zhì liú	10952	z-zh,n-l,r-l	1
断然	duàn rán	10953	an-ang,uan-uang,r-l	1
尖端	jiān duān	10954	ian-iang,uan-uang,j-q-x	1
颠簸	diān bǒ	10955	ian-iang	1
眺望	tiào wàng	10956	an-ang	3
陡然	dǒu rán	10957	an-ang,ao-ou,r-l	1
集结	jí jié	10958	ia-ie,j-q-x	1
榜首	bǎng shǒu	10959	an-ang,ao-ou,s-sh	1
时日	shí rì	10960	s-sh,r-l	1
收买	shōu mǎi	10961	ai-ei,ao-ou,s-sh	1
呜咽	wū yè	10962		1
渊源	yuān yuán	10963	uan-uang	1
诅咒	zǔ zhòu	10964	ao-ou,z-zh	3
恭维	gōng wéi	10965	ai-ei	1
肖像	xiào xiàng	10966	ian-iang,j-q-x	1
招募	zhāo mù	10967	ao-ou,z-zh	1
借贷	jiè dài	10968	ai-ei,ia-ie,j-q-x	1
动乱	dòng luàn	10970	uan-uang,n-l,r-l	1
镶嵌	xiāng qiàn	10971	ian-iang,j-q-x	1
迁徙	qiān xǐ	10972	ian-iang,j-q-x	1
推崇	tuī chóng	10973	c-ch	1
搀扶	chān fú	10974	an-ang,c-ch,h-f	1
先驱	xiān qū	10975	ian-iang,j-q-x	1
羞愧	xiū kuì	10976	j-q-x	1
佝偻	gōu lóu	10977	ao-ou,n-l,r-l	2
肆意	sì yì	10978	s-sh	1
肃穆	sù mù	10979	s-sh	1
追溯	zhuī sù	10980	z-zh,s-sh	1
管教	guǎn jiào	10982	uan-uang,j-q-x	1
恳切	kěn qiè	10983	en-eng,ia-ie,j-q-x	1
性状	xìng zhuàng	10984	in-ing,uan-uang,z-zh,j-q-x	1
捆绑	kǔn bǎng	10985	an-ang	1
蓦地	mò dì	10986		3
抑郁	yì yù	10987		1
控诉	kòng sù	10988	s-sh	1
推举	tuī jǔ	10989	j-q-x	1
企盼	qǐ pàn	10993	an-ang,j-q-x	1
周旋	zhōu xuán	10994	uan-uang,ao-ou,z-zh,j-q-x	1
摇曳	yáo yè	10995	ao-ou	3
纬度	wěi dù	10996	ai-ei	1
诱导	yòu dǎo	10997	ao-ou	1
惊愕	jīn gè	10998	in-ing,j-q-x	1
震慑	zhèn shè	10999	en-eng,z-zh,s-sh	3
惊诧	jīng chà	11000	in-ing,c-ch,j-q-x	3
容许	róng xǔ	11001	r-l,j-q-x	1
劫持	jié chí	11002	ia-ie,c-ch,j-q-x	1
基准	jī zhǔn	11003	z-zh,j-q-x	1
前卫	qián wèi	11004	ian-iang,ai-ei,j-q-x	1
吞噬	tūn shì	11005	s-sh	3
苛刻	kē kè	11006		1
牢骚	láo sāo	11007	ao-ou,s-sh,n-l,r-l	1
颠覆	diān fù	11008	ian-iang,h-f	1
先人	xiān rén	11009	en-eng,ian-iang,r-l,j-q-x	1
针灸	zhēn jiǔ	11010	en-eng,z-zh,j-q-x	1
史册	shǐ cè	11011	c-ch,s-sh	1
山寨	shān zhài	11012	an-ang,ai-ei,z-zh,s-sh	1
荒谬	huāng miù	11014	uan-uang,h-f	1
硕果	shuò guǒ	11015	ua-uo,s-sh	1
索赔	suǒ péi	11016	ai-ei,ua-uo,s-sh	1
出山	chū shān	11017	an-ang,c-ch,s-sh	1
疏远	shū yuǎn	11018	uan-uang,s-sh	1
淡漠	dàn mò	11019	an-ang	1
干涸	gān hé	11020	an-ang,h-f	3
窟窿	kū long	11021	n-l,r-l	1
逼迫	bī pò	11022		1
消磨	xiāo mó	11024	j-q-x	1
器重	qì zhòng	11025	z-zh,j-q-x	1
阵营	zhèn yíng	11026	en-eng,in-ing,z-zh	1
账目	zhàng mù	11027	an-ang,z-zh	1
搁置	gē zhì	11028	z-zh	1
镰刀	lián dāo	11029	ian-iang,ao-ou,n-l,r-l	1
侵袭	qīn xí	11030	in-ing,j-q-x	1
确凿	què záo	11031	ao-ou,z-zh,j-q-x	1
雇主	gù zhǔ	11032	z-zh	1
惬意	qiè yì	11033	ia-ie,j-q-x	3
战备	zhàn bèi	11034	an-ang,ai-ei,z-zh	1
病症	bìng zhèng	11035	en-eng,in-ing,z-zh	1
境遇	jìng yù	11036	in-ing,j-q-x	1
冶炼	yě liàn	11037	ian-iang,n-l,r-l	1
篱笆	lí ba	11038	n-l,r-l	3
崎岖	qí qū	11039	j-q-x	1
惆怅	chóu chàng	11040	an-ang,ao-ou,c-ch	2
满腔	mǎn qiāng	11041	an-ang,ian-iang,j-q-x	1
抗衡	kàng héng	11042	en-eng,an-ang,h-f	1
泥泞	ní nìng	11043	in-ing,n-l	1
迟缓	chí huǎn	11044	uan-uang,c-ch,h-f	1
怂恿	sǒng yǒng	11045	s-sh	2
屹立	yì lì	11046	n-l,r-l	1
赫然	hè rán	11047	an-ang,h-f,r-l	1
身价	shēn jià	11048	en-eng,ia-ie,s-sh,j-q-x	1
蠕动	rú dòng	11050	r-l	1
骚动	sāo dòng	11051	ao-ou,s-sh	1
流逝	liú shì	11052	s-sh,n-l,r-l	1
信奉	xìn fèng	11053	en-eng,in-ing,h-f,j-q-x	1
渺茫	miǎo máng	11055	an-ang	1
热忱	rè chén	11056	en-eng,c-ch,r-l	1
荣耀	róng yào	11057	ao-ou,r-l	1
军衔	jūn xián	11058	ian-iang,j-q-x	1
惶恐	huáng kǒng	11059	uan-uang,h-f	1
豪迈	háo mài	11060	ai-ei,ao-ou,h-f	1
质地	zhì dì	11061	z-zh	1
魄力	pò lì	11062	n-l,r-l	1
牌照	pái zhào	11063	ai-ei,ao-ou,z-zh	1
萧条	xiāo tiáo	11064	j-q-x	1
有为	yǒu wéi	11065	ai-ei,ao-ou	1
福祉	fú zhǐ	11067	z-zh,h-f	3
孤寂	gū jì	11068	j-q-x	1
浩瀚	hào hàn	11069	an-ang,ao-ou,h-f	3
璀璨	cuǐ càn	11070	an-ang,c-ch	2
阅历	yuè lì	11071	n-l,r-l	1
罪状	zuì zhuàng	11072	uan-uang,z-zh	1
驰骋	chí chěng	11073	en-eng,c-ch	3
诙谐	huī xié	11074	ia-ie,h-f,j-q-x	3
赏赐	shǎng cì	11076	an-ang,c-ch,s-sh	1
推敲	tuī qiāo	11077	j-q-x	1
病菌	bìng jūn	11078	in-ing,j-q-x	1
暮色	mù sè	11079	s-sh	1
牵制	qiān zhì	11080	ian-iang,z-zh,j-q-x	1
掩映	yǎn yìng	11081	in-ing,an-ang	1
沉没	chén mò	11082	en-eng,c-ch	1
估价	gū jià	11083	ia-ie,j-q-x	1
蹂躏	róu lìn	11084	in-ing,ao-ou,n-l,r-l	1
肇事	zhào shì	11085	ao-ou,z-zh,s-sh	1
盟友	méng yǒu	11086	en-eng,ao-ou	1
嘱托	zhǔ tuō	11087	ua-uo,z-zh	1
咆哮	páo xiào	11088	ao-ou,j-q-x	3
稀疏	xī shū	11089	s-sh,j-q-x	1
煎熬	jiā náo	11090	ao-ou,ia-ie,n-l,j-q-x	1
狩猎	shòu liè	11091	ao-ou,ia-ie,s-sh,n-l,r-l	3
审问	shěn wèn	11092	en-eng,s-sh	1
闲暇	xián xiá	11093	ian-iang,ia-ie,j-q-x	1
功底	gōng dǐ	11094		1
绝迹	jué jì	11095	j-q-x	1
懊悔	ào huǐ	11097	ao-ou,h-f	1
神韵	shén yùn	11098	en-eng,s-sh	1
放肆	fàng sì	11099	an-ang,s-sh,h-f	1
赞许	zàn xǔ	11100	an-ang,z-zh,j-q-x	1
勾勒	gōu lè	11101	ao-ou,n-l,r-l	1
应聘	yìng pìn	11102	in-ing	1
自首	zì shǒu	11103	ao-ou,z-zh,s-sh	1
暴动	bào dòng	11104	ao-ou	1
浅薄	qiǎn bó	11106	ian-iang,j-q-x	1
消逝	xiāo shì	11107	s-sh,j-q-x	1
劝慰	quàn wèi	11108	uan-uang,ai-ei,j-q-x	1
鞭策	biān cè	11109	ian-iang,c-ch	1
色泽	sè zé	11110	z-zh,s-sh	1
惨痛	cǎn tòng	11111	an-ang,c-ch	1
声援	shēng yuán	11112	en-eng,uan-uang,s-sh	1
撕裂	sī liè	11113	ia-ie,s-sh,n-l,r-l	1
灌输	guàn shū	11114	uan-uang,s-sh	1
深重	shēn zhòng	11115	en-eng,z-zh,s-sh	1
真谛	zhēn dì	11116	en-eng,z-zh	3
卓著	zhuó zhù	11117	ua-uo,z-zh	1
洒脱	sǎ tuō	11118	ua-uo,s-sh	1
布景	bù jǐng	11119	in-ing,j-q-x	1
离奇	lí qí	11120	n-l,r-l,j-q-x	1
权势	quán shì	11121	uan-uang,s-sh,j-q-x	1
静默	jìng mò	11122	in-ing,j-q-x	1
暂且	zàn qiě	11123	an-ang,ia-ie,z-zh,j-q-x	1
咒骂	zhòu mà	11124	ao-ou,z-zh	1
焦灼	jiāo zhuó	11125	ua-uo,z-zh,j-q-x	1
混沌	hùn dùn	11126	h-f	3
矜持	jīn chí	11127	in-ing,c-ch,j-q-x	3
装束	zhuāng shù	11128	uan-uang,z-zh,s-sh	1
浩然	hào rán	11129	an-ang,ao-ou,h-f,r-l	1
嬉戏	xī xì	11130	j-q-x	3
安顿	ān dùn	11131	an-ang	1
勾当	gòu dàng	11132	an-ang,ao-ou	1
决意	jué yì	11133	j-q-x	1
赡养	shàn yǎng	11134	an-ang,s-sh	1
迷惘	mí wǎng	11135	an-ang	3
斟酌	zhēn zhuó	11136	en-eng,ua-uo,z-zh	1
边陲	biān chuí	11137	ian-iang,c-ch	3
心绪	xīn xù	11138	in-ing,j-q-x	1
飘逸	piāo yì	11140		1
锤炼	chuí liàn	11142	ian-iang,c-ch,n-l,r-l	1
腼腆	miǎn tiǎn	11143	ian-iang	2
清廉	qīng lián	11144	in-ing,ian-iang,n-l,r-l,j-q-x	1
圣洁	shèng jié	11145	en-eng,ia-ie,s-sh,j-q-x	1
绸缎	chóu duàn	11146	uan-uang,ao-ou,c-ch	1
决计	jué jì	11147	j-q-x	1
苦衷	kǔ zhōng	11149	z-zh	1
嘲弄	cháo nòng	11150	ao-ou,c-ch,n-l	1
愕然	è rán	11152	an-ang,r-l	1
审慎	shěn shèn	11153	en-eng,s-sh	1
紊乱	wěn luàn	11154	en-eng,uan-uang,n-l,r-l	1
瞻仰	zhān yǎng	11155	an-ang,z-zh	1
表象	biǎo xiàng	11156	ian-iang,j-q-x	1
端详	duān xiang	11157	ian-iang,uan-uang,j-q-x	1
眼帘	yǎn lián	11158	an-ang,ian-iang,n-l,r-l	1
仿真	fǎng zhēn	11159	en-eng,an-ang,z-zh,h-f	1
广袤	guǎng mào	11160	uan-uang,ao-ou	3
惧怕	jù pà	11161	j-q-x	1
青天	qīng tiān	11162	in-ing,ian-iang,j-q-x	1
底细	dǐ xì	11163	j-q-x	1
厄运	è yùn	11164		3
告急	gào jí	11165	ao-ou,j-q-x	1
注销	zhù xiāo	11166	z-zh,j-q-x	1
宽裕	kuān yù	11169	uan-uang	1
爽朗	shuǎng lǎng	11170	an-ang,uan-uang,s-sh,n-l,r-l	1
幽灵	yōu líng	11171	in-ing,ao-ou,n-l,r-l	1
照应	zhào ying	11172	in-ing,ao-ou,z-zh	1
嘲讽	cháo fěng	11173	en-eng,ao-ou,c-ch,h-f	1
贫瘠	pín jí	11175	in-ing,j-q-x	3
痊愈	quán yù	11176	uan-uang,j-q-x	1
阵亡	zhèn wáng	11177	en-eng,an-ang,z-zh	1
游记	yóu jì	11178	ao-ou,j-q-x	1
原著	yuán zhù	11179	uan-uang,z-zh	1
装卸	zhuāng xiè	11180	uan-uang,ia-ie,z-zh,j-q-x	1
间或	jiàn huò	11181	ian-iang,ua-uo,h-f,j-q-x	1
捏造	niē zào	11182	ao-ou,ia-ie,z-zh,n-l	1
坍塌	tān tā	11183	an-ang	3
无为	wú wéi	11184	ai-ei	1
字画	zì huà	11185	ua-uo,z-zh,h-f	1
步履	bù lǚ	11186	n-l,r-l	1
荒芜	huāng wú	11187	uan-uang,h-f	1
进言	jìn yán	11188	in-ing,an-ang,j-q-x	1
扼杀	è shā	11189	s-sh	1
顾忌	gù jì	11190	j-q-x	1
鼾声	hān shēng	11191	en-eng,an-ang,s-sh,h-f	3
标致	biāo zhì	11192	z-zh	1
迸发	bèng fā	11193	en-eng,h-f	3
惊惶	jīng huáng	11194	in-ing,uan-uang,h-f,j-q-x	1
感伤	gǎn shāng	11196	an-ang,s-sh	1
旷野	kuàng yě	11197	uan-uang	1
荒诞	huāng dàn	11198	an-ang,uan-uang,h-f	1
歼灭	jiān miè	11199	ian-iang,ia-ie,j-q-x	1
恼怒	nǎo nù	11200	ao-ou,n-l	1
妄想	wàng xiǎng	11201	an-ang,ian-iang,j-q-x	1
正色	zhèng sè	11202	en-eng,z-zh,s-sh	1
晨曦	chén xī	11203	en-eng,c-ch,j-q-x	3
气节	qì jié	11204	ia-ie,j-q-x	1
忌讳	jì huì	11205	h-f,j-q-x	1
眷恋	juàn liàn	11206	ian-iang,uan-uang,n-l,r-l,j-q-x	1
琐碎	suǒ suì	11207	ua-uo,s-sh	1
委任	wěi rèn	11209	en-eng,ai-ei,r-l	1
无畏	wú wèi	11210	ai-ei	1
伫立	zhù lì	11211	z-zh,n-l,r-l	3
奏效	zòu xiào	11212	ao-ou,z-zh,j-q-x	1
过瘾	guò yǐn	11213	in-ing,ua-uo	1
投奔	tóu bèn	11214	en-eng,ao-ou	1
往昔	wǎng xī	11215	an-ang,j-q-x	1
寒暄	hán xuān	11216	an-ang,uan-uang,h-f,j-q-x	3
仓皇	cāng huáng	11217	an-ang,uan-uang,c-ch,h-f	1
亵渎	xiè dú	11218	ia-ie,j-q-x	2
信函	xìn hán	11219	in-ing,an-ang,h-f,j-q-x	1
叮咛	dīng níng	11220	in-ing,n-l	3
凄惨	qī cǎn	11222	an-ang,c-ch,j-q-x	1
骚乱	sāo luàn	11223	uan-uang,ao-ou,s-sh,n-l,r-l	1
正统	zhèng tǒng	11224	en-eng,z-zh	1
囊括	náng kuò	11225	an-ang,ua-uo,n-l	1
依稀	yī xī	11226	j-q-x	1
贮藏	zhù cáng	11227	an-ang,z-zh,c-ch	1
刨子	bào zi	11228	ao-ou,z-zh	1
声望	shēng wàng	11229	en-eng,an-ang,s-sh	1
何妨	hé fáng	11230	an-ang,h-f	1
慨然	kǎi rán	11231	an-ang,ai-ei,r-l	1
接管	jiē guǎn	11232	uan-uang,ia-ie,j-q-x	1
气度	qì dù	11233	j-q-x	1
身段	shēn duàn	11234	en-eng,uan-uang,s-sh	1
凝神	níng shén	11235	en-eng,in-ing,s-sh,n-l	1
静寂	jìng jì	11236	in-ing,j-q-x	1
缭绕	liáo rào	11237	ao-ou,n-l,r-l	1
孝顺	xiào shùn	11238	s-sh,j-q-x	1
拥戴	yōng dài	11239	ai-ei	1
抽搐	chōu chù	11240	ao-ou,c-ch	3
澎湃	péng pài	11241	en-eng,ai-ei	1
勘测	kān cè	11243	an-ang,c-ch	1
窘迫	jiǒng pò	11245	j-q-x	1
权衡	quán héng	11246	en-eng,uan-uang,h-f,j-q-x	1
和善	hé shàn	11247	an-ang,s-sh,h-f	1
阻塞	zǔ sè	11248	z-zh,s-sh	1
面颊	miàn jiá	11250	ian-iang,ia-ie,j-q-x	1
念叨	niàn dao	11251	ian-iang,ao-ou,n-l	1
感化	gǎn huà	11252	an-ang,ua-uo,h-f	1
炽热	chì rè	11254	c-ch,r-l	3
漂泊	piāo bó	11255		1
慰藉	wèi jiè	11256	ai-ei,ia-ie,j-q-x	1
裁员	cái yuán	11257	uan-uang,ai-ei,c-ch	1
抽泣	chōu qì	11258	ao-ou,c-ch,j-q-x	1
衰竭	shuāi jié	11259	ia-ie,s-sh,j-q-x	1
显赫	xiǎn hè	11260	ian-iang,h-f,j-q-x	1
粗犷	cū guǎng	11262	uan-uang,c-ch	3
巍峨	wēi é	11263	ai-ei	1
奴役	nú yì	11264	n-l	1
拉拢	lā lǒng	11265	n-l,r-l	1
媲美	pì měi	11266	ai-ei	3
羞耻	xiū chǐ	11267	c-ch,j-q-x	1
处世	chǔ shì	11268	c-ch,s-sh	1
副职	fù zhí	11269	z-zh,h-f	1
刊载	kān zǎi	11270	an-ang,ai-ei,z-zh	1
凭空	píng kōng	11271	in-ing	1
懦弱	nuò ruò	11272	ua-uo,n-l,r-l	1
生疏	shēng shū	11273	en-eng,s-sh	1
残暴	cán bào	11274	an-ang,ao-ou,c-ch	1
教诲	jiào huì	11275	h-f,j-q-x	1
遴选	lín xuǎn	11276	in-ing,uan-uang,n-l,r-l,j-q-x	3
娴熟	xián shú	11277	ian-iang,s-sh,j-q-x	3
憎恶	zēng wù	11279	en-eng,z-zh	1
滋养	zī yǎng	11280	an-ang,z-zh	1
谦逊	qiān xùn	11281	ian-iang,j-q-x	1
翔实	xiáng shí	11282	ian-iang,s-sh,j-q-x	1
装潢	zhuāng huáng	11283	uan-uang,z-zh,h-f	3
标榜	biāo bǎng	11284	an-ang	1
敬畏	jìng wèi	11287	in-ing,ai-ei,j-q-x	1
静谧	jìng mì	11288	in-ing,j-q-x	3
伎俩	jì liǎng	11289	ian-iang,n-l,r-l,j-q-x	3
通宵	tōng xiāo	11290	j-q-x	1
亲昵	qīn nì	11291	in-ing,n-l,j-q-x	3
游说	yóu shuì	11292	ao-ou,s-sh	1
寻访	xún fǎng	11293	an-ang,h-f,j-q-x	1
科举	kē jǔ	11297	j-q-x	1
录制	lù zhì	11298	z-zh,n-l,r-l	1
袅袅	niǎo niǎo	11299	n-l	2
蹒跚	pán shān	11300	an-ang,s-sh	2
憨厚	hān hòu	11301	an-ang,ao-ou,h-f	1
慨叹	kǎi tàn	11302	an-ang,ai-ei	1
淳朴	chún pǔ	11303	c-ch	1
拘谨	jū jǐn	11304	in-ing,j-q-x	1
隔膜	gé mó	11305		1
耷拉	dā la	11306	n-l,r-l	3
义气	yì qi	11307	j-q-x	1
沟壑	gōu hè	11308	ao-ou,h-f	3
破绽	pò zhàn	11309	an-ang,z-zh	1
调侃	tiáo kǎn	11310	an-ang	3
揣摩	chuǎi mó	11311	c-ch	1
稚嫩	zhì nèn	11312	en-eng,z-zh,n-l	1
捷报	jié bào	11313	ao-ou,ia-ie,j-q-x	1
退却	tuì què	11314	j-q-x	1
斥责	chì zé	11315	z-zh,c-ch	1
懊恼	ào nǎo	11316	ao-ou,n-l	1
浮雕	fú diāo	11317	h-f	1
施压	shī yā	11318	s-sh	1
执拗	zhí niù	11319	z-zh,n-l	1
变卖	biàn mài	11320	ian-iang,ai-ei	1
虚名	xū míng	11321	in-ing,j-q-x	1
滋长	zī zhǎng	11322	an-ang,z-zh	1
声讨	shēng tǎo	11324	en-eng,ao-ou,s-sh	1
消沉	xiāo chén	11325	en-eng,c-ch,j-q-x	1
逊色	xùn sè	11326	s-sh,j-q-x	1
安葬	ān zàng	11327	an-ang,z-zh	1
切磋	qiē cuō	11328	ia-ie,ua-uo,c-ch,j-q-x	3
情侣	qíng lǚ	11329	in-ing,n-l,r-l,j-q-x	1
缔造	dì zào	11331	ao-ou,z-zh	1
兼容	jiān róng	11332	ian-iang,r-l,j-q-x	1
烹饪	pēng rèn	11333	en-eng,r-l	3
歇息	xiē xi	11335	ia-ie,j-q-x	1
修辞	xiū cí	11336	c-ch,j-q-x	1
痴呆	chī dāi	11337	ai-ei,c-ch	1
深意	shēn yì	11338	en-eng,s-sh	1
倘使	tǎng shǐ	11339	an-ang,s-sh	1
祷告	dǎo gào	11340	ao-ou	1
积攒	jī zǎn	11341	an-ang,z-zh,j-q-x	3
婉转	wǎn zhuǎn	11342	an-ang,uan-uang,z-zh	1
犄角	jī jiǎo	11343	j-q-x	3
踉跄	liàng qiàng	11344	ian-iang,n-l,r-l,j-q-x	2
淤积	yū jī	11345	j-q-x	1
允诺	yǔn nuò	11346	ua-uo,n-l	1
筋骨	jīn gǔ	11347	in-ing,j-q-x	1
悬赏	xuán shǎng	11348	an-ang,uan-uang,s-sh,j-q-x	1
祭奠	jì diàn	11349	ian-iang,j-q-x	1
推论	tuī lùn	11350	n-l,r-l	1
雄浑	xióng hún	11351	h-f,j-q-x	1
资历	zī lì	11353	z-zh,n-l,r-l	1
体魄	tǐ pò	11354		1
言辞	yán cí	11355	an-ang,c-ch	1
兴许	xīng xǔ	11356	in-ing,j-q-x	1
陨石	yǔn shí	11357	s-sh	1
败诉	bài sù	11358	ai-ei,s-sh	1
粗俗	cū sú	11359	c-ch,s-sh	1
杀戮	shā lù	11360	s-sh,n-l,r-l	3
怪异	guài yì	11361		1
低劣	dī liè	11363	ia-ie,n-l,r-l	1
剧变	jù biàn	11364	ian-iang,j-q-x	1
慰劳	wèi láo	11365	ai-ei,ao-ou,n-l,r-l	1
镇守	zhèn shǒu	11366	en-eng,ao-ou,z-zh,s-sh	1
才智	cái zhì	11367	ai-ei,z-zh,c-ch	1
瑰宝	guī bǎo	11368	ao-ou	1
函授	hán shòu	11369	an-ang,ao-ou,s-sh,h-f	1
岂非	qǐ fēi	11370	ai-ei,h-f,j-q-x	1
赏识	shǎng shí	11372	an-ang,s-sh	1
诬蔑	wū miè	11373	ia-ie	1
正职	zhèng zhí	11374	en-eng,z-zh	1
风韵	fēng yùn	11375	en-eng,h-f	1
淤泥	yū ní	11376	n-l	1
斑驳	bān bó	11377	an-ang	1
待命	dài mìng	11378	in-ing,ai-ei	1
将就	jiāng jiu	11379	ian-iang,j-q-x	1
独身	dú shēn	11380	en-eng,s-sh	1
搁浅	gē qiǎn	11381	ian-iang,j-q-x	1
信服	xìn fú	11382	in-ing,h-f,j-q-x	1
激越	jī yuè	11383	j-q-x	1
迂回	yū huí	11384	h-f	1
彻夜	chè yè	11385	c-ch	1
领教	lǐng jiào	11386	in-ing,n-l,r-l,j-q-x	1
微薄	wēi bó	11387	ai-ei	1
插秧	chā yāng	11388	an-ang,c-ch	1
诽谤	fěi bàng	11389	an-ang,ai-ei,h-f	1
坦荡	tǎn dàng	11390	an-ang	1
稠密	chóu mì	11391	ao-ou,c-ch	1
抚恤	fǔ xù	11392	h-f,j-q-x	1
禁锢	jìn gù	11393	in-ing,j-q-x	3
怜惜	lián xī	11394	ian-iang,n-l,r-l,j-q-x	1
生性	shēng xìng	11395	en-eng,in-ing,s-sh,j-q-x	1
阵势	zhèn shì	11396	en-eng,z-zh,s-sh	1
独裁	dú cái	11398	ai-ei,c-ch	1
宽慰	kuān wèi	11399	uan-uang,ai-ei	1
塌陷	tā xiàn	11400	ian-iang,j-q-x	1
瘦削	shòu xuē	11401	ao-ou,s-sh,j-q-x	1
颓废	tuí fèi	11402	ai-ei,h-f	1
鄙夷	bǐ yí	11403		1
镌刻	juān kè	11405	uan-uang,j-q-x	3
篝火	gōu huǒ	11406	ao-ou,ua-uo,h-f	3
思量	sī liang	11407	ian-iang,s-sh,n-l,r-l	1
戏称	xì chēng	11408	en-eng,c-ch,j-q-x	1
应允	yīng yǔn	11409	in-ing	1
姑且	gū qiě	11410	ia-ie,j-q-x	1
拜会	bài huì	11411	ai-ei,h-f	1
怠慢	dài màn	11412	an-ang,ai-ei	1
厚道	hòu dao	11413	ao-ou,h-f	1
宽恕	kuān shù	11414	uan-uang,s-sh	1
翌日	yì rì	11415	r-l	3
烘托	hōng tuō	11416	ua-uo,h-f	1
睿智	ruì zhì	11417	z-zh,r-l	3
萦绕	yíng rào	11418	in-ing,ao-ou,r-l	3
白鹭	bái lù	11419	ai-ei,n-l,r-l	3
考究	kǎo jiu	11420	ao-ou,j-q-x	1
稚气	zhì qì	11421	z-zh,j-q-x	1
奢望	shē wàng	11422	an-ang,s-sh	1
时兴	shí xīng	11423	in-ing,s-sh,j-q-x	1
终归	zhōng guī	11424	z-zh	1
白皙	bái xī	11425	ai-ei,j-q-x	3
紧凑	jǐn còu	11426	in-ing,ao-ou,c-ch,j-q-x	1
遮挡	zhē dǎng	11429	an-ang,z-zh	1
威慑	wēi shè	11432	ai-ei,s-sh	3
仓促	cāng cù	11433	an-ang,c-ch	1
洞察	dòng chá	11434	c-ch	1
刚毅	gāng yì	11435	an-ang	1
掠过	lüè guò	11437	ua-uo,n-l,r-l	1
臃肿	yōng zhǒng	11439	z-zh	3
脂粉	zhī fěn	11440	en-eng,z-zh,h-f	1
窘境	jiǒng jìng	11441	in-ing,j-q-x	1
私塾	sī shú	11442	s-sh	3
安逸	ān yì	11443	an-ang	1
赤裸	chì luǒ	11444	ua-uo,c-ch,n-l,r-l	1
搭档	dā dàng	11445	an-ang	1
羞怯	xiū qiè	11446	ia-ie,j-q-x	1
只身	zhī shēn	11447	en-eng,z-zh,s-sh	1
白领	bái lǐng	11448	in-ing,ai-ei,n-l,r-l	1
卑劣	bēi liè	11449	ai-ei,ia-ie,n-l,r-l	1
惘然	wǎng rán	11450	an-ang,r-l	3
爱慕	ài mù	11451	ai-ei	1
仿效	fǎng xiào	11452	an-ang,h-f,j-q-x	1
眸子	móu zi	11453	ao-ou,z-zh	3
垂危	chuí wēi	11454	ai-ei,c-ch	1
圣贤	shèng xián	11455	en-eng,ian-iang,s-sh,j-q-x	1
失意	shī yì	11456	s-sh	1
恬静	tián jìng	11458	in-ing,ian-iang,j-q-x	1
信守	xìn shǒu	11459	in-ing,ao-ou,s-sh,j-q-x	1
动因	dòng yīn	11460	in-ing	1
闲散	xián sǎn	11461	an-ang,ian-iang,s-sh,j-q-x	1
掺杂	chān zá	11462	an-ang,z-zh,c-ch	1
尖利	jiān lì	11463	ian-iang,n-l,r-l,j-q-x	1
黝黑	yǒu hēi	11465	ai-ei,ao-ou,h-f	3
解围	jiě wéi	11468	ai-ei,ia-ie,j-q-x	1
今朝	jīn zhāo	11469	in-ing,ao-ou,z-zh,j-q-x	1
吝啬	lìn sè	11470	in-ing,s-sh,n-l,r-l	3
埋没	mái mò	11471	ai-ei	1
逃窜	táo cuàn	11472	uan-uang,ao-ou,c-ch	1
温存	wēn cún	11473	en-eng,c-ch	1
腐化	fǔ huà	11474	ua-uo,h-f	1
豪杰	háo jié	11475	ao-ou,ia-ie,h-f,j-q-x	1
愧疚	kuì jiù	11476	j-q-x	1
隐匿	yǐn nì	11477	in-ing,n-l	1
俯瞰	fǔ kàn	11479	an-ang,h-f	3
换位	huàn wèi	11480	uan-uang,ai-ei,h-f	1
惊骇	jīng hài	11481	in-ing,ai-ei,h-f,j-q-x	1
迷离	mí lí	11482	n-l,r-l	1
匍匐	pú fú	11483	h-f	2
徜徉	cháng yáng	11485	an-ang,c-ch	2
物色	wù sè	11486	s-sh	1
挫败	cuò bài	11487	ai-ei,ua-uo,c-ch	1
冒昧	mào mèi	11488	ai-ei,ao-ou	1
白昼	bái zhòu	11489	ai-ei,ao-ou,z-zh	1
拜托	bài tuō	11491	ai-ei,ua-uo	1
猖狂	chāng kuáng	11492	an-ang,uan-uang,c-ch	1
嘟囔	dū nang	11493	an-ang,n-l	2
过火	guò huǒ	11494	ua-uo,h-f	1
浩劫	hào jié	11495	ao-ou,ia-ie,h-f,j-q-x	1
魁梧	kuí wu	11497		1
自嘲	zì cháo	11498	ao-ou,z-zh,c-ch	1
探访	tàn fǎng	11499	an-ang,h-f	1
雅致	yǎ zhi	11500	z-zh	1
纵使	zòng shǐ	11501	z-zh,s-sh	1
冷峻	lěng jùn	11502	en-eng,n-l,r-l,j-q-x	1
玛瑙	mǎ nǎo	11503	ao-ou,n-l	1
乾坤	qián kūn	11504	ian-iang,j-q-x	1
讲义	jiǎng yì	11506	ian-iang,j-q-x	1
凛冽	lǐn liè	11507	in-ing,ia-ie,n-l,r-l	3
玄机	xuán jī	11508	uan-uang,j-q-x	1
波折	bō zhé	11509	z-zh	1
佳肴	jiā yáo	11511	ao-ou,ia-ie,j-q-x	1
礁石	jiāo shí	11512	s-sh,j-q-x	1
晌午	shǎng wǔ	11513	an-ang,s-sh	1
铁青	tiě qīng	11514	in-ing,ia-ie,j-q-x	1
须臾	xū yú	11515	j-q-x	3
支吾	zhī wu	11517	z-zh	1
瑰丽	guī lì	11518	n-l,r-l	1
消融	xiāo róng	11520	r-l,j-q-x	1
亢奋	kàng fèn	11521	en-eng,an-ang,h-f	1
刻薄	kè bó	11522		1
累赘	léi zhui	11523	ai-ei,z-zh,n-l,r-l	1
工事	gōng shì	11524	s-sh	1
水泵	shuǐ bèng	11525	en-eng,s-sh	1
突兀	tū wù	11526		3
禽兽	qín shòu	11527	in-ing,ao-ou,s-sh,j-q-x	1
倾吐	qīng tǔ	11528	in-ing,j-q-x	1
霎时	shà shí	11529	s-sh	1
呆滞	dāi zhì	11530	ai-ei,z-zh	1
嚣张	xiāo zhāng	11531	an-ang,z-zh,j-q-x	1
葱茏	cōng lóng	11532	c-ch,n-l,r-l	3
鼎盛	dǐng shèng	11533	en-eng,in-ing,s-sh	1
残存	cán cún	11534	an-ang,c-ch	1
狰狞	zhēng níng	11536	en-eng,in-ing,z-zh,n-l	1
悲怆	bēi chuàng	11537	uan-uang,ai-ei,c-ch	3
俯首	fǔ shǒu	11538	ao-ou,s-sh,h-f	1
极致	jí zhì	11539	z-zh,j-q-x	1
原委	yuán wěi	11540	uan-uang,ai-ei	1
震颤	zhèn chàn	11541	en-eng,an-ang,z-zh,c-ch	1
姿色	zī sè	11542	z-zh,s-sh	1
轻率	qīng shuài	11543	in-ing,s-sh,j-q-x	1
笼络	lǒng luò	11545	ua-uo,n-l,r-l	1
诉诸	sù zhū	11546	z-zh,s-sh	1
家眷	jiā juàn	11547	uan-uang,ia-ie,j-q-x	1
沦陷	lún xiàn	11548	ian-iang,n-l,r-l,j-q-x	1
嘶哑	sī yǎ	11549	s-sh	1
下贱	xià jiàn	11550	ian-iang,ia-ie,j-q-x	1
豁达	huò dá	11551	ua-uo,h-f	1
气馁	qì něi	11552	ai-ei,n-l,j-q-x	1
灼热	zhuó rè	11553	ua-uo,z-zh,r-l	1
攫取	jué qǔ	11555	j-q-x	3
把持	bǎ chí	11557	c-ch	1
过激	guò jī	11559	ua-uo,j-q-x	1
排场	pái chǎng	11560	an-ang,ai-ei,c-ch	1
慈悲	cí bēi	11563	ai-ei,c-ch	1
馈赠	kuì zèng	11564	en-eng,z-zh	1
专辑	zhuān jí	11566	uan-uang,z-zh,j-q-x	1
阴霾	yīn mái	11567	in-ing,ai-ei	3
糟粕	zāo pò	11569	ao-ou,z-zh	3
执掌	zhí zhǎng	11570	an-ang,z-zh	1
转载	zhuǎn zǎi	11571	uan-uang,ai-ei,z-zh	1
肃立	sù lì	11572	s-sh,n-l,r-l	1
几率	jī lǜ	11574	n-l,r-l,j-q-x	1
岂止	qǐ zhǐ	11575	z-zh,j-q-x	1
鏖战	áo zhàn	11577	an-ang,ao-ou,z-zh	3
徒劳	tú láo	11578	ao-ou,n-l,r-l	1
戏弄	xì nòng	11579	n-l,j-q-x	1
当铺	dàng pù	11580	an-ang	1
狡黠	jiǎo xiá	11581	ia-ie,j-q-x	3
狂妄	kuáng wàng	11582	an-ang,uan-uang	1
条幅	tiáo fú	11583	h-f	1
绝境	jué jìng	11584	in-ing,j-q-x	1
污浊	wū zhuó	11585	ua-uo,z-zh	1
低调	dī diào	11588		1
流放	liú fàng	11589	an-ang,n-l,h-f,r-l	1
批驳	pī bó	11590		1
偏袒	piān tǎn	11591	an-ang,ian-iang	3
得志	dé zhì	11594	z-zh	1
刁难	diāo nàn	11595	an-ang,n-l	1
焚毁	fén huǐ	11596	en-eng,h-f	1
吹嘘	chuī xū	11597	c-ch,j-q-x	3
翻腾	fān téng	11598	en-eng,an-ang,h-f	1
厚爱	hòu ài	11599	ai-ei,ao-ou,h-f	1
藐视	miǎo shì	11600	s-sh	1
世故	shì gu	11601	s-sh	1
偏颇	piān pō	11602	ian-iang	1
惨烈	cǎn liè	11603	an-ang,ia-ie,c-ch,n-l,r-l	1
翱翔	áo xiáng	11605	ian-iang,ao-ou,j-q-x	3
魂魄	hún pò	11606	h-f	1
随和	suí he	11608	s-sh,h-f	1
袒护	tǎn hù	11609	an-ang,h-f	3
颓然	tuí rán	11610	an-ang,r-l	1
雨露	yǔ lù	11611	n-l,r-l	1
绽开	zhàn kāi	11613	an-ang,ai-ei,z-zh	1
要挟	yāo xié	11614	ao-ou,ia-ie,j-q-x	1
匪徒	fěi tú	11616	ai-ei,h-f	1
捧场	pěng chǎng	11617	en-eng,an-ang,c-ch	1
瓦砾	wǎ lì	11618	n-l,r-l	1
犀利	xī lì	11619	n-l,r-l,j-q-x	1
折服	zhé fú	11620	z-zh,h-f	1
筹码	chóu mǎ	11621	ao-ou,c-ch	1
通融	tōng róng	11623	r-l	1
押解	yā jiè	11624	ia-ie,j-q-x	1
遨游	áo yóu	11626	ao-ou	3
啜泣	chuò qì	11627	ua-uo,c-ch,j-q-x	3
辞行	cí xíng	11628	in-ing,c-ch,j-q-x	1
磨合	mó hé	11629	h-f	1
奢华	shē huá	11630	ua-uo,s-sh,h-f	1
托付	tuō fù	11631	ua-uo,h-f	1
阎王	Yán wang	11632	an-ang	1
痴情	chī qíng	11633	in-ing,c-ch,j-q-x	1
先秦	Xiān Qín	11635	in-ing,ian-iang,j-q-x	1
相宜	xiāng yí	11637	ian-iang,j-q-x	1
惨淡	cǎn dàn	11638	an-ang,c-ch	1
拮据	jié jū	11639	ia-ie,j-q-x	3
萧萧	xiāo xiāo	11640	j-q-x	1
游历	yóu lì	11641	ao-ou,n-l,r-l	1
招徕	zhāo lái	11642	ai-ei,ao-ou,z-zh,n-l,r-l	3
契合	qì hé	11644	h-f,j-q-x	1
融汇	róng huì	11645	h-f,r-l	1
把柄	bǎ bǐng	11646	in-ing	1
离异	lí yì	11647	n-l,r-l	1
叛逆	pàn nì	11650	an-ang,n-l	1
升天	shēng tiān	11651	en-eng,ian-iang,s-sh	1
优厚	yōu hòu	11652	ao-ou,h-f	1
族群	zú qún	11653	z-zh,j-q-x	1
玷污	diàn wū	11654	ian-iang	1
奚落	xī luò	11655	ua-uo,n-l,r-l,j-q-x	3
典当	diǎn dàng	11656	an-ang,ian-iang	1
灰烬	huī jìn	11657	in-ing,h-f,j-q-x	3
冷眼	lěng yǎn	11658	en-eng,an-ang,n-l,r-l	1
撇嘴	piě zuǐ	11659	ia-ie,z-zh	1
谦恭	qiān gōng	11660	ian-iang,j-q-x	1
心扉	xīn fēi	11661	in-ing,ai-ei,h-f,j-q-x	3
称颂	chēng sòng	11662	en-eng,c-ch,s-sh	1
德行	dé xing	11664	in-ing,j-q-x	1
囚禁	qiú jìn	11666	in-ing,j-q-x	1
停当	tíng dang	11667	in-ing,an-ang	1
远眺	yuǎn tiào	11668	uan-uang	3
局促	jú cù	11669	c-ch,j-q-x	1
掂量	diān liang	11671	ian-iang,n-l,r-l	1
风雅	fēng yǎ	11672	en-eng,h-f	1
情面	qíng miàn	11674	in-ing,ian-iang,j-q-x	1
絮语	xù yǔ	11675	j-q-x	1
蹊跷	qī qiao	11676	j-q-x	3
驯服	xùn fú	11677	h-f,j-q-x	1
依偎	yī wēi	11678	ai-ei	1
英武	yīng wǔ	11679	in-ing	1
奉承	fèng cheng	11680	en-eng,c-ch,h-f	1
管束	guǎn shù	11681	uan-uang,s-sh	1
污蔑	wū miè	11683	ia-ie	1
欺凌	qī líng	11684	in-ing,n-l,r-l,j-q-x	1
拜谒	bài yè	11685	ai-ei	3
迷蒙	mí méng	11687	en-eng	1
污秽	wū huì	11688	h-f	1
湛蓝	zhàn lán	11689	an-ang,z-zh,n-l,r-l	3
主顾	zhǔ gù	11690	z-zh	1
硬朗	yìng lang	11691	in-ing,an-ang,n-l,r-l	1
盘踞	pán jù	11694	an-ang,j-q-x	3
条令	tiáo lìng	11695	in-ing,n-l,r-l	1
淡泊	dàn bó	11696	an-ang	1
细密	xì mì	11698	j-q-x	1
邂逅	xiè hòu	11699	ao-ou,ia-ie,h-f,j-q-x	2
招揽	zhāo lǎn	11700	an-ang,ao-ou,z-zh,n-l,r-l	1
阻击	zǔ jī	11701	z-zh,j-q-x	1
诬陷	wū xiàn	11703	ian-iang,j-q-x	1
诋毁	dǐ huǐ	11704	h-f	3
谩骂	màn mà	11705	an-ang	3
武断	wǔ duàn	11707	uan-uang	1
苍穹	cāng qióng	11708	an-ang,c-ch,j-q-x	3
琉璃	liú li	11709	n-l,r-l	1
屋脊	wū jǐ	11710	j-q-x	1
争鸣	zhēng míng	11711	en-eng,in-ing,z-zh	1
谦让	qiān ràng	11713	an-ang,ian-iang,r-l,j-q-x	1
强悍	qiáng hàn	11714	an-ang,ian-iang,h-f,j-q-x	1
冤屈	yuān qū	11716	uan-uang,j-q-x	1
秉性	bǐng xìng	11717	in-ing,j-q-x	1
火候	huǒ hou	11719	ao-ou,ua-uo,h-f	1
赎罪	shú zuì	11721	z-zh,s-sh	1
拜谢	bài xiè	11722	ai-ei,ia-ie,j-q-x	1
回绝	huí jué	11723	h-f,j-q-x	1
祸福	huò fú	11724	ua-uo,h-f	1
陷落	xiàn luò	11725	ian-iang,ua-uo,n-l,r-l,j-q-x	1
干练	gàn liàn	11726	an-ang,ian-iang,n-l,r-l	1
婆娑	pó suō	11727	ua-uo,s-sh	3
伸张	shēn zhāng	11728	en-eng,an-ang,z-zh,s-sh	1
甘苦	gān kǔ	11731	an-ang	1
果敢	guǒ gǎn	11732	an-ang,ua-uo	1
讨伐	tǎo fá	11733	ao-ou,h-f	1
凄厉	qī lì	11737	n-l,r-l,j-q-x	1
造访	zào fǎng	11739	an-ang,ao-ou,z-zh,h-f	1
恩赐	ēn cì	11740	en-eng,c-ch	1
绯红	fēi hóng	11741	ai-ei,h-f	3
遮蔽	zhē bì	11742	z-zh	1
籍贯	jí guàn	11743	uan-uang,j-q-x	1
懒散	lǎn sǎn	11744	an-ang,s-sh,n-l,r-l	1
蜷缩	quán suō	11750	uan-uang,ua-uo,s-sh,j-q-x	3
险峻	xiǎn jùn	11751	ian-iang,j-q-x	1
哮喘	xiào chuǎn	11752	uan-uang,c-ch,j-q-x	1
惦念	diàn niàn	11753	ian-iang,n-l	1
袒露	tǎn lù	11754	an-ang,n-l,r-l	3
挑逗	tiǎo dòu	11755	ao-ou	1
创设	chuàng shè	11759	uan-uang,c-ch,s-sh	1
调遣	diào qiǎn	11760	ian-iang,j-q-x	1
逾越	yú yuè	11762		1
苦楚	kǔ chǔ	11765	c-ch	1
怯懦	qiè nuò	11766	ia-ie,ua-uo,n-l,j-q-x	1
赦免	shè miǎn	11767	ian-iang,s-sh	1
亏空	kuī kong	11768		1
铭刻	míng kè	11769	in-ing	1
行囊	xíng náng	11770	in-ing,an-ang,n-l,j-q-x	1
幽雅	yōu yǎ	11771	ao-ou	1
悠远	yōu yuǎn	11772	uan-uang,ao-ou	1
葬送	zàng sòng	11773	an-ang,z-zh,s-sh	1
丈量	zhàng liáng	11774	an-ang,ian-iang,z-zh,n-l,r-l	1
功德	gōng dé	11775		1
哺乳	bǔ rǔ	11776	r-l	1
结盟	jié méng	11778	en-eng,ia-ie,j-q-x	1
凯歌	kǎi gē	11779	ai-ei	1
窥探	kuī tàn	11780	an-ang	1
阔别	kuò bié	11781	ia-ie,ua-uo	1
涟漪	lián yī	11782	ian-iang,n-l,r-l	2
敲诈	qiāo zhà	11783	z-zh,j-q-x	1
修行	xiū xíng	11784	in-ing,j-q-x	1
开凿	kāi záo	11787	ai-ei,ao-ou,z-zh	1
凛然	lǐn rán	11788	in-ing,an-ang,n-l,r-l	1
文豪	wén háo	11789	en-eng,ao-ou,h-f	1
恢宏	huī hóng	11790	h-f	1
侍奉	shì fèng	11792	en-eng,s-sh,h-f	1
尊崇	zūn chóng	11793	z-zh,c-ch	1
充溢	chōng yì	11794	c-ch	1
伏案	fú àn	11795	an-ang,h-f	1
忠贞	zhōng zhēn	11798	en-eng,z-zh	1
捉拿	zhuō ná	11799	ua-uo,z-zh,n-l	1
噩耗	è hào	11800	ao-ou,h-f	1
叫嚣	jiào xiāo	11801	j-q-x	1
知趣	zhī qù	11802	z-zh,j-q-x	1
辞别	cí bié	11803	ia-ie,c-ch	1
灌注	guàn zhù	11805	uan-uang,z-zh	1
追悼	zhuī dào	11807	ao-ou,z-zh	1
吊唁	diào yàn	11808	an-ang	1
豁免	huò miǎn	11809	ian-iang,ua-uo,h-f	1
宛若	wǎn ruò	11811	an-ang,ua-uo,r-l	1
苛求	kē qiú	11812	j-q-x	1
儒雅	rú yǎ	11813	r-l	1
自诩	zì xǔ	11815	z-zh,j-q-x	3
卑微	bēi wēi	11816	ai-ei	1
褴褛	lán lǚ	11818	an-ang,n-l,r-l	2
梳妆	shū zhuāng	11819	uan-uang,z-zh,s-sh	1
湍急	tuān jí	11820	uan-uang,j-q-x	3
缄默	jiān mò	11821	ian-iang,j-q-x	3
请缨	qǐng yīng	11822	in-ing,j-q-x	3
战栗	zhàn lì	11824	an-ang,z-zh,n-l,r-l	1
攻陷	gōng xiàn	11825	ian-iang,j-q-x	1
诀别	jué bié	11826	ia-ie,j-q-x	1
讯问	xùn wèn	11828	en-eng,j-q-x	1
粉饰	fěn shì	11829	en-eng,s-sh,h-f	1
饶恕	ráo shù	11832	ao-ou,s-sh,r-l	1
无垠	wú yín	11833	in-ing	3
星辰	xīng chén	11834	en-eng,in-ing,c-ch,j-q-x	1
富庶	fù shù	11835	s-sh,h-f	1
淡雅	dàn yǎ	11840	an-ang	1
长眠	cháng mián	11841	an-ang,ian-iang,c-ch	1
径自	jìng zì	11842	in-ing,z-zh,j-q-x	1
就寝	jiù qǐn	11843	in-ing,j-q-x	1
偏激	piān jī	11844	ian-iang,j-q-x	1
发落	fā luò	11845	ua-uo,n-l,h-f,r-l	1
寒酸	hán suān	11846	an-ang,uan-uang,s-sh,h-f	1
放荡	fàng dàng	11847	an-ang,h-f	1
景仰	jǐng yǎng	11848	in-ing,an-ang,j-q-x	1
轻薄	qīng bó	11849	in-ing,j-q-x	1
岩层	yán céng	11850	en-eng,an-ang,c-ch	1
预兆	yù zhào	11851	ao-ou,z-zh	1
痴心	chī xīn	11853	in-ing,c-ch,j-q-x	1
丰腴	fēng yú	11855	en-eng,h-f	3
风骚	fēng sāo	11856	en-eng,ao-ou,s-sh,h-f	1
牡蛎	mǔ lì	11857	n-l,r-l	3
簌簌	sù sù	11858	s-sh	2
擒获	qín huò	11861	in-ing,ua-uo,h-f,j-q-x	1
沟渠	gōu qú	11863	ao-ou,j-q-x	1
羁绊	jī bàn	11864	an-ang,j-q-x	3
酷刑	kù xíng	11865	in-ing,j-q-x	1
狼藉	láng jí	11866	an-ang,n-l,r-l,j-q-x	1
驯化	xùn huà	11867	ua-uo,h-f,j-q-x	1
出使	chū shǐ	11868	c-ch,s-sh	1
牢狱	láo yù	11869	ao-ou,n-l,r-l	1
趔趄	liè qie	11870	ia-ie,n-l,r-l,j-q-x	2
前世	qián shì	11871	ian-iang,s-sh,j-q-x	1
效劳	xiào láo	11872	ao-ou,n-l,r-l,j-q-x	1
准绳	zhǔn shéng	11874	en-eng,z-zh,s-sh	1
傲然	ào rán	11875	an-ang,ao-ou,r-l	1
酣睡	hān shuì	11876	an-ang,s-sh,h-f	1
声波	shēng bō	11878	en-eng,s-sh	1
倒置	dào zhì	11880	ao-ou,z-zh	1
风霜	fēng shuāng	11881	en-eng,uan-uang,s-sh,h-f	1
华贵	huá guì	11882	ua-uo,h-f	1
苔藓	tái xiǎn	11884	ian-iang,ai-ei,j-q-x	3
才气	cái qì	11885	ai-ei,c-ch,j-q-x	1
放逐	fàng zhú	11886	an-ang,z-zh,h-f	1
名望	míng wàng	11888	in-ing,an-ang	1
煞白	shà bái	11890	ai-ei,s-sh	1
托词	tuō cí	11891	ua-uo,c-ch	1
赐予	cì yǔ	11892	c-ch	1
弥留	mí liú	11893	n-l,r-l	1
文采	wén cǎi	11895	en-eng,ai-ei,c-ch	1
织物	zhī wù	11896	z-zh	1
死寂	sǐ jì	11899	s-sh,j-q-x	1
龌龊	wò chuò	11900	ua-uo,c-ch	2
陛下	bì xià	11902	ia-ie,j-q-x	3
恩惠	ēn huì	11903	en-eng,h-f	1
干瘪	gān biě	11904	an-ang,ia-ie	1
涉猎	shè liè	11905	ia-ie,s-sh,n-l,r-l	1
礼遇	lǐ yù	11906	n-l,r-l	1
轻浮	qīng fú	11907	in-ing,h-f,j-q-x	1
蠢事	chǔn shì	11908	c-ch,s-sh	1
体型	tǐ xíng	11910	in-ing,j-q-x	1
经络	jīng luò	11911	in-ing,ua-uo,n-l,r-l,j-q-x	1
颓丧	tuí sàng	11913	an-ang,s-sh	1
哀思	āi sī	11914	ai-ei,s-sh	1
歧途	qí tú	11916	j-q-x	1
冗长	rǒng cháng	11917	an-ang,c-ch,r-l	1
守望	shǒu wàng	11918	an-ang,ao-ou,s-sh	1
动怒	dòng nù	11919	n-l	1
宿营	sù yíng	11920	in-ing,s-sh	1
指摘	zhǐ zhāi	11921	ai-ei,z-zh	1
良多	liáng duō	11923	ian-iang,ua-uo,n-l,r-l	1
描摹	miáo mó	11924		1
招惹	zhāo rě	11925	ao-ou,z-zh,r-l	1
败绩	bài jì	11926	ai-ei,j-q-x	1
坚挺	jiān tǐng	11927	in-ing,ian-iang,j-q-x	1
狡诈	jiǎo zhà	11928	z-zh,j-q-x	1
莽莽	mǎng mǎng	11929	an-ang	1
缉拿	jī ná	11931	n-l,j-q-x	1
洞悉	dòng xī	11933	j-q-x	1
唐突	táng tū	11934	an-ang	1
狞笑	níng xiào	11935	in-ing,n-l,j-q-x	1
倏忽	shū hū	11936	s-sh,h-f	3
志趣	zhì qù	11938	z-zh,j-q-x	1
褒贬	bāo biǎn	11939	ian-iang,ao-ou	1
空灵	kōng líng	11940	in-ing,n-l,r-l	1
桥墩	qiáo dūn	11941	j-q-x	1
泰斗	tài dǒu	11942	ai-ei,ao-ou	1
挽联	wǎn lián	11943	an-ang,ian-iang,n-l,r-l	1
凋零	diāo líng	11945	in-ing,n-l,r-l	3
严整	yán zhěng	11947	en-eng,an-ang,z-zh	1
雕琢	diāo zhuó	11949	ua-uo,z-zh	1
戏谑	xì xuè	11950	j-q-x	3
锃亮	zèng liàng	11951	en-eng,ian-iang,z-zh,n-l,r-l	3
凹陷	āo xiàn	11952	ian-iang,ao-ou,j-q-x	1
解聘	jiě pìn	11955	in-ing,ia-ie,j-q-x	1
强暴	qiáng bào	11956	ian-iang,ao-ou,j-q-x	1
颓唐	tuí táng	11958	an-ang	1
眼睑	yǎn jiǎn	11959	an-ang,ian-iang,j-q-x	3
震怒	zhèn nù	11960	en-eng,z-zh,n-l	1
格斗	gé dòu	11962	ao-ou	1
拙劣	zhuō liè	11966	ia-ie,ua-uo,z-zh,n-l,r-l	1
解忧	jiě yōu	11969	ao-ou,ia-ie,j-q-x	1
丝绒	sī róng	11972	s-sh,r-l	1
剥落	bō luò	11973	ua-uo,n-l,r-l	1
朝拜	cháo bài	11975	ai-ei,ao-ou,c-ch	1
堆砌	duī qì	11976	j-q-x	1
权贵	quán guì	11978	uan-uang,j-q-x	1
绚烂	xuàn làn	11979	an-ang,uan-uang,n-l,r-l,j-q-x	1
醉心	zuì xīn	11980	in-ing,z-zh,j-q-x	1
白痴	bái chī	11981	ai-ei,c-ch	1
猝然	cù rán	11982	an-ang,c-ch,r-l	3
咕哝	gū nong	11983	n-l	3
云霄	yún xiāo	11985	j-q-x	1
答谢	dá xiè	11986	ia-ie,j-q-x	1
骄横	jiāo hèng	11987	en-eng,h-f,j-q-x	1
凌厉	líng lì	11988	in-ing,n-l,r-l	1
转瞬	zhuǎn shùn	11989	uan-uang,z-zh,s-sh	1
参差	cēn cī	11992	en-eng,c-ch	1
聚拢	jù lǒng	11993	n-l,r-l,j-q-x	1
决斗	jué dòu	11994	ao-ou,j-q-x	1
流苏	liú sū	11995	s-sh,n-l,r-l	1
山巅	shān diān	11996	an-ang,ian-iang,s-sh	1
搪瓷	táng cí	11997	an-ang,c-ch	3
洗漱	xǐ shù	11998	s-sh,j-q-x	1
乡愁	xiāng chóu	11999	ian-iang,ao-ou,c-ch,j-q-x	1
畅游	chàng yóu	12000	an-ang,ao-ou,c-ch	1
孤僻	gū pì	12002		1
撕扯	sī chě	12004	c-ch,s-sh	1
瘫软	tān ruǎn	12005	an-ang,uan-uang,r-l	1
嬉笑	xī xiào	12006	j-q-x	3
掌故	zhǎng gù	12007	an-ang,z-zh	1
暴乱	bào luàn	12008	uan-uang,ao-ou,n-l,r-l	1
炽烈	chì liè	12009	ia-ie,c-ch,n-l,r-l	3
戳穿	chuō chuān	12010	uan-uang,ua-uo,c-ch	1
恫吓	dòng hè	12011	h-f	3
举荐	jǔ jiàn	12012	ian-iang,j-q-x	1
窈窕	yǎo tiǎo	12013	ao-ou	2
感念	gǎn niàn	12016	an-ang,ian-iang,n-l	1
驱除	qū chú	12018	c-ch,j-q-x	1
推托	tuī tuō	12021	ua-uo	1
高洁	gāo jié	12024	ao-ou,ia-ie,j-q-x	1
经书	jīng shū	12025	in-ing,s-sh,j-q-x	1
懵懂	měng dǒng	12026	en-eng	3
吮吸	shǔn xī	12027	s-sh,j-q-x	1
险境	xiǎn jìng	12029	in-ing,ian-iang,j-q-x	1
公允	gōng yǔn	12031		1
磅礴	páng bó	12033	an-ang	3
咒语	zhòu yǔ	12034	ao-ou,z-zh	1
猜忌	cāi jì	12035	ai-ei,c-ch,j-q-x	1
吟诵	yín sòng	12041	in-ing,s-sh	1
击溃	jī kuì	12042	j-q-x	1
探询	tàn xún	12043	an-ang,j-q-x	1
筵席	yán xí	12045	an-ang,j-q-x	3
音韵	yīn yùn	12046	in-ing	1
闲适	xián shì	12048	ian-iang,s-sh,j-q-x	1
不羁	bù jī	12050	j-q-x	3
紧俏	jǐn qiào	12051	in-ing,j-q-x	1
提携	tí xié	12054	ia-ie,j-q-x	1
寂寥	jì liáo	12056	n-l,r-l,j-q-x	1
撕毁	sī huǐ	12057	s-sh,h-f	1
挚友	zhì yǒu	12058	ao-ou,z-zh	1
和煦	hé xù	12059	h-f,j-q-x	3
导引	dǎo yǐn	12061	in-ing,ao-ou	1
发髻	fà jì	12062	h-f,j-q-x	3
开窍	kāi qiào	12064	ai-ei,j-q-x	1
忸怩	niǔ ní	12065	n-l	2
蓬乱	péng luàn	12066	en-eng,uan-uang,n-l,r-l	1
软禁	ruǎn jìn	12067	in-ing,uan-uang,r-l,j-q-x	1
逶迤	wēi yí	12070	ai-ei	2
奉陪	fèng péi	12072	en-eng,ai-ei,h-f	1
溺水	nì shuǐ	12073	s-sh,n-l	1
清幽	qīng yōu	12074	in-ing,ao-ou,j-q-x	1
乡绅	xiāng shēn	12076	en-eng,ian-iang,s-sh,j-q-x	1
肢解	zhī jiě	12077	ia-ie,z-zh,j-q-x	1
耻笑	chǐ xiào	12078	c-ch,j-q-x	1
萧瑟	xiāo sè	12080	s-sh,j-q-x	1
垂死	chuí sǐ	12083	c-ch,s-sh	1
俯冲	fǔ chōng	12086	c-ch,h-f	1
叹服	tàn fú	12087	an-ang,h-f	1
怪诞	guài dàn	12089	an-ang	1
上溯	shàng sù	12091	an-ang,s-sh	1
成色	chéng sè	12093	en-eng,c-ch,s-sh	1
夺魁	duó kuí	12094	ua-uo	1
浑圆	hún yuán	12095	uan-uang,h-f	1
困顿	kùn dùn	12096		1
吝惜	lìn xī	12097	in-ing,n-l,r-l,j-q-x	1
猩红	xīng hóng	12099	in-ing,h-f,j-q-x	1
哀叹	āi tàn	12101	an-ang,ai-ei	1
船舷	chuán xián	12102	ian-iang,uan-uang,c-ch,j-q-x	3
解禁	jiě jìn	12103	in-ing,ia-ie,j-q-x	1
压榨	yā zhà	12108	z-zh	1
滋补	zī bǔ	12110	z-zh	1
鄙人	bǐ rén	12111	en-eng,r-l	1
峰峦	fēng luán	12112	en-eng,uan-uang,n-l,h-f,r-l	1
鸟瞰	niǎo kàn	12113	an-ang,n-l	3
上瘾	shàng yǐn	12114	in-ing,an-ang,s-sh	1
阔绰	kuò chuò	12117	ua-uo,c-ch	1
奇缺	qí quē	12118	j-q-x	1
柔媚	róu mèi	12119	ai-ei,ao-ou,r-l	1
酌情	zhuó qíng	12120	in-ing,ua-uo,z-zh,j-q-x	1
蓝领	lán lǐng	12121	in-ing,an-ang,n-l,r-l	1
牢笼	láo lóng	12122	ao-ou,n-l,r-l	1
调戏	tiáo xì	12124	j-q-x	1
殉职	xùn zhí	12125	z-zh,j-q-x	1
守寡	shǒu guǎ	12130	ao-ou,ua-uo,s-sh	1
吟咏	yín yǒng	12132	in-ing	1
干戈	gān gē	12134	an-ang	1
见习	jiàn xí	12135	ian-iang,j-q-x	1
门生	mén shēng	12136	en-eng,s-sh	1
细软	xì ruǎn	12138	uan-uang,r-l,j-q-x	1
失礼	shī lǐ	12140	s-sh,n-l,r-l	1
致歉	zhì qiàn	12141	ian-iang,z-zh,j-q-x	1
苍劲	cāng jìng	12147	in-ing,an-ang,c-ch,j-q-x	1
俏丽	qiào lì	12148	n-l,r-l,j-q-x	1
抖擞	dǒu sǒu	12152	ao-ou,s-sh	3
鲁莽	lǔ mǎng	12153	an-ang,n-l,r-l	1
绮丽	qǐ lì	12154	n-l,r-l,j-q-x	3
小憩	xiǎo qì	12156	j-q-x	3
造化	zào hua	12157	ao-ou,ua-uo,z-zh,h-f	1
宗师	zōng shī	12158	z-zh,s-sh	1
谄媚	chǎn mèi	12159	an-ang,ai-ei,c-ch	3
赤膊	chì bó	12160	c-ch	1
动气	dòng qì	12161	j-q-x	1
敦厚	dūn hòu	12162	ao-ou,h-f	1
蹩脚	bié jiǎo	12165	ia-ie,j-q-x	3
豁然	huò rán	12169	an-ang,ua-uo,h-f,r-l	1
巍然	wēi rán	12173	an-ang,ai-ei,r-l	1
琥珀	hǔ pò	12175	h-f	2
晦涩	huì sè	12176	s-sh,h-f	1
露宿	lù sù	12177	s-sh,n-l,r-l	1
轻佻	qīng tiāo	12178	in-ing,j-q-x	3
润泽	rùn zé	12179	z-zh,r-l	1
山涧	shān jiàn	12180	an-ang,ian-iang,s-sh,j-q-x	1
才艺	cái yì	12182	ai-ei,c-ch	1
排遣	pái qiǎn	12184	ian-iang,ai-ei,j-q-x	1
倾覆	qīng fù	12187	in-ing,h-f,j-q-x	1
身姿	shēn zī	12189	en-eng,z-zh,s-sh	1
贤惠	xián huì	12190	ian-iang,h-f,j-q-x	1
暴虐	bào nüè	12193	ao-ou,n-l	1
放歌	fàng gē	12195	an-ang,h-f	1
教化	jiào huà	12196	ua-uo,h-f,j-q-x	1
悔悟	huǐ wù	12200	h-f	1
颀长	qí cháng	12202	an-ang,c-ch,j-q-x	3
伟岸	wěi àn	12204	an-ang,ai-ei	1
定夺	dìng duó	12206	in-ing,ua-uo	1
斗笠	dǒu lì	12207	ao-ou,n-l,r-l	3
恭顺	gōng shùn	12208	s-sh	1
娇媚	jiāo mèi	12210	ai-ei,j-q-x	1
笤帚	tiáo zhou	12211	ao-ou,z-zh	3
公函	gōng hán	12214	an-ang,h-f	1
邋遢	lā ta	12216	n-l,r-l	2
引见	yǐn jiàn	12218	in-ing,ian-iang,j-q-x	1
哀鸣	āi míng	12219	in-ing,ai-ei	1
始末	shǐ mò	12223	s-sh	1
供认	gòng rèn	12225	en-eng,r-l	1
烘烤	hōng kǎo	12226	ao-ou,h-f	1
欢愉	huān yú	12227	uan-uang,h-f	1
凋谢	diāo xiè	12231	ia-ie,j-q-x	3
久仰	jiǔ yǎng	12232	an-ang,j-q-x	1
飘零	piāo líng	12233	in-ing,n-l,r-l	1
葱郁	cōng yù	12235	c-ch	1
率真	shuài zhēn	12239	en-eng,z-zh,s-sh	1
矍铄	jué shuò	12243	ua-uo,s-sh,j-q-x	2
批阅	pī yuè	12244		1
遣散	qiǎn sàn	12246	an-ang,ian-iang,s-sh,j-q-x	1
衰微	shuāi wēi	12248	ai-ei,s-sh	1
褶皱	zhě zhòu	12249	ao-ou,z-zh	3
节点	jié diǎn	12250	ian-iang,ia-ie,j-q-x	1
孱弱	chán ruò	12251	an-ang,ua-uo,c-ch,r-l	3
经度	jīng dù	12253	in-ing,j-q-x	1
天资	tiān zī	12254	ian-iang,z-zh	1
掳掠	lǔ lüè	12259	n-l,r-l	3
凄苦	qī kǔ	12260	j-q-x	1
柔韧	róu rèn	12261	en-eng,ao-ou,r-l	1
桅杆	wéi gān	12262	an-ang,ai-ei	3
但凡	dàn fán	12265	an-ang,h-f	1
倦怠	juàn dài	12269	uan-uang,ai-ei,j-q-x	1
利诱	lì yòu	12270	ao-ou,n-l,r-l	1
性交	xìng jiāo	12274	in-ing,j-q-x	1
避讳	bì hui	12279	h-f	1
禀赋	bǐng fù	12280	in-ing,h-f	1
发怔	fā zhèng	12282	en-eng,z-zh,h-f	1
殊死	shū sǐ	12283	s-sh	1
玄妙	xuán miào	12284	uan-uang,j-q-x	1
纯熟	chún shú	12287	c-ch,s-sh	1
醇厚	chún hòu	12288	ao-ou,c-ch,h-f	1
泛舟	fàn zhōu	12289	an-ang,ao-ou,z-zh,h-f	1
倾轧	qīng yà	12291	in-ing,j-q-x	1
雄奇	xióng qí	12293	j-q-x	1
遗民	yí mín	12294	in-ing	1
楹联	yíng lián	12296	in-ing,ian-iang,n-l,r-l	3
酬谢	chóu xiè	12299	ao-ou,ia-ie,c-ch,j-q-x	1
溃败	kuì bài	12300	ai-ei	1
落寞	luò mò	12302	ua-uo,n-l,r-l	1
莽撞	mǎng zhuàng	12307	an-ang,uan-uang,z-zh	1
跛子	bǒ zi	12310	z-zh	1
敞亮	chǎng liàng	12311	an-ang,ian-iang,c-ch,n-l,r-l	1
蟾蜍	chán chú	12317	an-ang,c-ch	2
毡帽	zhān mào	12320	an-ang,ao-ou,z-zh	1
返青	fǎn qīng	12323	in-ing,an-ang,h-f,j-q-x	1
告退	gào tuì	12325	ao-ou	1
溃烂	kuì làn	12327	an-ang,n-l,r-l	1
蒙昧	méng mèi	12328	en-eng,ai-ei	1
瑕疵	xiá cī	12330	ia-ie,c-ch,j-q-x	2
啄食	zhuó shí	12332	ua-uo,z-zh,s-sh	1
缥缈	piāo miǎo	12335		2
天险	tiān xiǎn	12338	ian-iang,j-q-x	1
抱拳	bào quán	12340	uan-uang,ao-ou,j-q-x	1
难色	nán sè	12344	an-ang,s-sh,n-l	1
无瑕	wú xiá	12345	ia-ie,j-q-x	3
抽噎	chōu yē	12348	ao-ou,c-ch	3
干涩	gān sè	12349	an-ang,s-sh	1
精微	jīng wēi	12350	in-ing,ai-ei,j-q-x	1
炼狱	liàn yù	12351	ian-iang,n-l,r-l	1
色相	sè xiàng	12352	ian-iang,s-sh,j-q-x	1
顽抗	wán kàng	12353	an-ang	1
奔丧	bēn sāng	12355	en-eng,an-ang,s-sh	1
布施	bù shī	12356	s-sh	1
胡诌	hú zhōu	12357	ao-ou,z-zh,h-f	3
狂暴	kuáng bào	12360	uan-uang,ao-ou	1
凝眸	níng móu	12361	in-ing,ao-ou,n-l	3
盛怒	shèng nù	12362	en-eng,s-sh,n-l	1
依傍	yī bàng	12364	an-ang	1
蛰伏	zhé fú	12365	z-zh,h-f	3
垂青	chuí qīng	12368	in-ing,c-ch,j-q-x	1
忠魂	zhōng hún	12373	z-zh,h-f	1
长啸	cháng xiào	12375	an-ang,c-ch,j-q-x	1
急骤	jí zhòu	12377	ao-ou,z-zh,j-q-x	1
殷红	yān hóng	12381	an-ang,h-f	1
鄙薄	bǐ bó	12383		1
坚忍	jiān rěn	12384	en-eng,ian-iang,r-l,j-q-x	1
困窘	kùn jiǒng	12386	j-q-x	1
劳碌	láo lù	12391	ao-ou,n-l,r-l	1
卑贱	bēi jiàn	12393	ian-iang,ai-ei,j-q-x	1
聪颖	cōng yǐng	12394	in-ing,c-ch	1
恬淡	tián dàn	12398	an-ang,ian-iang	1
暴怒	bào nù	12400	ao-ou,n-l	1
吉日	jí rì	12401	r-l,j-q-x	1
奸诈	jiān zhà	12402	ian-iang,z-zh,j-q-x	1
窥伺	kuī sì	12403	s-sh	1
劳顿	láo dùn	12404	ao-ou,n-l,r-l	1
轻捷	qīng jié	12407	in-ing,ia-ie,j-q-x	1
天穹	tiān qióng	12408	ian-iang,j-q-x	3
休憩	xiū qì	12409	j-q-x	3
解密	jiě mì	12410	ia-ie,j-q-x	1
零落	líng luò	12411	in-ing,ua-uo,n-l,r-l	1
昏庸	hūn yōng	12412	h-f	1
纤夫	qiàn fū	12414	ian-iang,h-f,j-q-x	1
调养	tiáo yǎng	12417	an-ang	1
登临	dēng lín	12420	en-eng,in-ing,n-l,r-l	1
凋敝	diāo bì	12421		2
可憎	kě zēng	12422	en-eng,z-zh	1
蓑衣	suō yī	12424	ua-uo,s-sh	3
消受	xiāo shòu	12426	ao-ou,s-sh,j-q-x	1
迅疾	xùn jí	12428	j-q-x	1
点拨	diǎn bō	12429	ian-iang	1
拖沓	tuō tà	12433	ua-uo	3
天分	tiān fèn	12439	en-eng,ian-iang,h-f	1
显贵	xiǎn guì	12440	ian-iang,j-q-x	1
澄澈	chéng chè	12444	en-eng,c-ch	1
坚贞	jiān zhēn	12447	en-eng,ian-iang,z-zh,j-q-x	1
逃匿	táo nì	12449	ao-ou,n-l	1
熟稔	shú rěn	12455	en-eng,s-sh,r-l	3
凶悍	xiōng hàn	12456	an-ang,h-f,j-q-x	1
陨落	yǔn luò	12458	ua-uo,n-l,r-l	1
造孽	zào niè	12459	ao-ou,ia-ie,z-zh,n-l	1
诡辩	guǐ biàn	12462	ian-iang	1
咂嘴	zā zuǐ	12465	z-zh	3
悼词	dào cí	12466	ao-ou,c-ch	1
决然	jué rán	12468	an-ang,r-l,j-q-x	1
瘸子	qué zi	12471	z-zh,j-q-x	1
松绑	sōng bǎng	12473	an-ang,s-sh	1
外患	wài huàn	12489	uan-uang,ai-ei,h-f	1
婉拒	wǎn jù	12490	an-ang,j-q-x	1
馨香	xīn xiāng	12491	in-ing,ian-iang,j-q-x	1
慵懒	yōng lǎn	12492	an-ang,n-l,r-l	3
姿容	zī róng	12493	z-zh,r-l	1
荒僻	huāng pì	12496	uan-uang,h-f	1
凌迟	líng chí	12497	in-ing,c-ch,n-l,r-l	1
许配	xǔ pèi	12501	ai-ei,j-q-x	1
唇舌	chún shé	12502	c-ch,s-sh	1
凝滞	níng zhì	12504	in-ing,z-zh,n-l	1
剽悍	piāo hàn	12506	an-ang,h-f	3
炫目	xuàn mù	12507	uan-uang,j-q-x	1
肥硕	féi shuò	12510	ai-ei,ua-uo,s-sh,h-f	1
空阔	kōng kuò	12511	ua-uo	1
缆绳	lǎn shéng	12512	en-eng,an-ang,s-sh,n-l,r-l	1
颓败	tuí bài	12513	ai-ei	1
霉变	méi biàn	12516	ian-iang,ai-ei	1
侠客	xiá kè	12519	ia-ie,j-q-x	1
训诫	xùn jiè	12520	ia-ie,j-q-x	1
盘缠	pán chan	12524	an-ang,c-ch	1
温润	wēn rùn	12526	en-eng,r-l	1
臆断	yì duàn	12527	uan-uang	3
帮腔	bāng qiāng	12529	an-ang,ian-iang,j-q-x	1
扒窃	pá qiè	12532	ia-ie,j-q-x	1
舷窗	xián chuāng	12537	ian-iang,uan-uang,c-ch,j-q-x	3
引荐	yǐn jiàn	12539	in-ing,ian-iang,j-q-x	1
专断	zhuān duàn	12540	uan-uang,z-zh	1
温厚	wēn hòu	12544	en-eng,ao-ou,h-f	1
愚笨	yú bèn	12545	en-eng	1
暴烈	bào liè	12546	ao-ou,ia-ie,n-l,r-l	1
探身	tàn shēn	12549	en-eng,an-ang,s-sh	1
枉然	wǎng rán	12551	an-ang,r-l	1
妖艳	yāo yàn	12553	an-ang,ao-ou	1
冤仇	yuān chóu	12554	uan-uang,ao-ou,c-ch	1
作揖	zuò yī	12555	ua-uo,z-zh	3
唱和	chàng hè	12558	an-ang,c-ch,h-f	1
篡夺	cuàn duó	12560	uan-uang,ua-uo,c-ch	1
肃杀	sù shā	12565	s-sh	1
妥帖	tuǒ tiē	12566	ia-ie,ua-uo	1
优裕	yōu yù	12567	ao-ou	1
糟践	zāo jian	12568	ian-iang,ao-ou,z-zh,j-q-x	1
摩挲	mó suō	12571	ua-uo,s-sh	3
残阳	cán yáng	12572	an-ang,c-ch	1
出道	chū dào	12573	ao-ou,c-ch	1
皓月	hào yuè	12575	ao-ou,h-f	1
玩赏	wán shǎng	12576	an-ang,s-sh	1
妖娆	yāo ráo	12578	ao-ou,r-l	3
韵致	yùn zhì	12579	z-zh	1
本家	běn jiā	12581	en-eng,ia-ie,j-q-x	1
刁钻	diāo zuān	12583	uan-uang,z-zh	1
恩德	ēn dé	12584	en-eng	1
厚待	hòu dài	12586	ai-ei,ao-ou,h-f	1
素净	sù jing	12587	in-ing,s-sh,j-q-x	1
绝密	jué mì	12592	j-q-x	1
狂澜	kuáng lán	12593	an-ang,uan-uang,n-l,r-l	1
镣铐	liào kào	12594	ao-ou,n-l,r-l	3
气盛	qì shèng	12596	en-eng,s-sh,j-q-x	1
推搡	tuī sǎng	12597	an-ang,s-sh	3
惺忪	xīng sōng	12598	in-ing,s-sh,j-q-x	2
贞洁	zhēn jié	12600	en-eng,ia-ie,z-zh,j-q-x	1
抵偿	dǐ cháng	12602	an-ang,c-ch	1
光鲜	guāng xiān	12606	ian-iang,uan-uang,j-q-x	1
锦缎	jǐn duàn	12609	in-ing,uan-uang,j-q-x	1
宛然	wǎn rán	12621	an-ang,r-l	1
锈蚀	xiù shí	12622	s-sh,j-q-x	1
刻毒	kè dú	12627		1
老迈	lǎo mài	12628	ai-ei,ao-ou,n-l,r-l	1
飘拂	piāo fú	12630	h-f	1
贤明	xián míng	12631	in-ing,ian-iang,j-q-x	1
聒噪	guō zào	12633	ao-ou,ua-uo,z-zh	3
碾子	niǎn zi	12637	ian-iang,z-zh,n-l	1
娴静	xián jìng	12639	in-ing,ian-iang,j-q-x	3
粗鄙	cū bǐ	12643	c-ch	1
怠工	dài gōng	12644	ai-ei	1
砥砺	dǐ lì	12645	n-l,r-l	2
杠铃	gàng líng	12647	in-ing,an-ang,n-l,r-l	1
败笔	bài bǐ	12650	ai-ei	1
逞能	chěng néng	12651	en-eng,c-ch,n-l	1
醇香	chún xiāng	12652	ian-iang,c-ch,j-q-x	1
赋闲	fù xián	12654	ian-iang,h-f,j-q-x	1
蒙冤	méng yuān	12655	en-eng,uan-uang	1
艄公	shāo gōng	12657	ao-ou,s-sh	3
素雅	sù yǎ	12658	s-sh	1
邀约	yāo yuē	12660	ao-ou	1
纵览	zòng lǎn	12661	an-ang,z-zh,n-l,r-l	1
秉持	bǐng chí	12662	in-ing,c-ch	1
副词	fù cí	12664	c-ch,h-f	1
批注	pī zhù	12668	z-zh	1
雾霭	wù ǎi	12670	ai-ei	3
欢颜	huān yán	12676	an-ang,uan-uang,h-f	1
铠甲	kǎi jiǎ	12690	ai-ei,ia-ie,j-q-x	3
清冽	qīng liè	12692	in-ing,ia-ie,n-l,r-l,j-q-x	3
鼻祖	bí zǔ	12693	z-zh	1
愧色	kuì sè	12695	s-sh	1
癫狂	diān kuáng	12704	ian-iang,uan-uang	3
规约	guī yuē	12705		1
疾速	jí sù	12707	s-sh,j-q-x	1
倒贴	dào tiē	12712	ao-ou,ia-ie	1
恩泽	ēn zé	12713	en-eng,z-zh	1
尖酸	jiān suān	12715	ian-iang,uan-uang,s-sh,j-q-x	1
明澈	míng chè	12717	in-ing,c-ch	1
前兆	qián zhào	12718	ian-iang,ao-ou,z-zh,j-q-x	1
高峻	gāo jùn	12721	ao-ou,j-q-x	1
枯槁	kū gǎo	12722	ao-ou	3
丧偶	sàn gǒu	12726	an-ang,ao-ou,s-sh	1
粗疏	cū shū	12730	c-ch,s-sh	1
豆荚	dòu jiá	12731	ao-ou,ia-ie,j-q-x	3
遒劲	qiú jìng	12734	in-ing,j-q-x	3
笔耕	bǐ gēng	12739	en-eng	1
断案	duàn àn	12741	an-ang,uan-uang	1
行窃	xíng qiè	12744	in-ing,ia-ie,j-q-x	1
游逛	yóu guàng	12746	uan-uang,ao-ou	1
隐退	yǐn tuì	12755	in-ing	1
羸弱	léi ruò	12760	ai-ei,ua-uo,n-l,r-l	3
黧黑	lí hēi	12761	ai-ei,n-l,h-f,r-l	3
隐晦	yǐn huì	12768	in-ing,h-f	1
折返	zhé fǎn	12769	an-ang,z-zh,h-f	1
凄迷	qī mí	12777	j-q-x	1
疏落	shū luò	12778	ua-uo,s-sh,n-l,r-l	1
倒悬	dào xuán	12790	uan-uang,ao-ou,j-q-x	1
践行	jiàn xíng	12795	in-ing,ian-iang,j-q-x	1
权且	quán qiě	12798	uan-uang,ia-ie,j-q-x	1
酸涩	suān sè	12801	uan-uang,s-sh	1
朝晖	zhāo huī	12806	ao-ou,z-zh,h-f	5
练达	liàn dá	12810	ian-iang,n-l,r-l	1
盟约	méng yuē	12811	en-eng	1
仁厚	rén hòu	12812	en-eng,ao-ou,h-f,r-l	1
酥软	sū ruǎn	12814	uan-uang,s-sh,r-l	1
洗练	xǐ liàn	12816	ian-iang,n-l,r-l,j-q-x	1
庸碌	yōng lù	12818	n-l,r-l	1
滋扰	zī rǎo	12820	ao-ou,z-zh,r-l	1
推拿	tuī ná	12826	n-l	1
歹毒	dǎi dú	12829	ai-ei	1
低贱	dī jiàn	12830	ian-iang,j-q-x	1
诡诈	guǐ zhà	12832	z-zh	1
豪强	háo qiáng	12833	ian-iang,ao-ou,h-f,j-q-x	1
愠色	yùn sè	12838	s-sh	3
馥郁	fù yù	12840	h-f	3
率性	shuài xìng	12844	in-ing,s-sh,j-q-x	1
盟誓	méng shì	12851	en-eng,s-sh	1
虐杀	nüè shā	12852	s-sh,n-l	1
愚钝	yú dùn	12857		1
驯良	xùn liáng	12862	ian-iang,n-l,r-l,j-q-x	1
繁密	fán mì	12869	an-ang,h-f	1
旷达	kuàng dá	12873	uan-uang	1
浅陋	qiǎn lòu	12875	ian-iang,ao-ou,n-l,r-l,j-q-x	1
乔装	qiáo zhuāng	12876	uan-uang,z-zh,j-q-x	1
贬损	biǎn sǔn	12883	ian-iang,s-sh	1
惊羡	jīng xiàn	12884	in-ing,ian-iang,j-q-x	1
后嗣	hòu sì	12886	ao-ou,s-sh,h-f	3
艰涩	jiān sè	12888	ian-iang,s-sh,j-q-x	1
龟缩	guī suō	12896	ua-uo,s-sh	1
眷顾	juàn gù	12898	uan-uang,j-q-x	1
可鄙	kě bǐ	12899		1
誊写	téng xiě	12901	en-eng,ia-ie,j-q-x	1
推却	tuī què	12902	j-q-x	1
忌日	jì rì	12905	r-l,j-q-x	1
嘟哝	dū nong	12914	n-l	2
勇武	yǒng wǔ	12923		1
隘口	ài kǒu	12924	ai-ei,ao-ou	1
形貌	xíng mào	12926	in-ing,ao-ou,j-q-x	1
怪僻	guài pì	12929		1
浩气	hào qì	12937	ao-ou,h-f,j-q-x	1
劝诱	quàn yòu	12942	uan-uang,ao-ou,j-q-x	1
节操	jié cāo	12948	ao-ou,ia-ie,c-ch,j-q-x	1
迸射	bèng shè	12951	en-eng,s-sh	3
副手	fù shǒu	12953	ao-ou,s-sh,h-f	1
僻远	pì yuǎn	12957	uan-uang	1
顽劣	wán liè	12968	an-ang,ia-ie,n-l,r-l	1
浩渺	hào miǎo	12974	ao-ou,h-f	1
窘况	jiǒng kuàng	12975	uan-uang,j-q-x	1
冷艳	lěng yàn	12976	en-eng,an-ang,n-l,r-l	1
伶仃	líng dīng	12977	in-ing,n-l,r-l	3
腐臭	fǔ chòu	12983	ao-ou,c-ch,h-f	1
黏稠	nián chóu	12986	ian-iang,ao-ou,c-ch,n-l	3
轻慢	qīng màn	12988	in-ing,an-ang,j-q-x	1
祛除	qū chú	12989	c-ch,j-q-x	3
粗陋	cū lòu	13001	ao-ou,c-ch,n-l,r-l	1
践约	jiàn yuē	13003	ian-iang,j-q-x	1
劝谏	quàn jiàn	13006	ian-iang,uan-uang,j-q-x	3
罢黜	bà chù	13017	c-ch	3
赐教	cì jiào	13021	c-ch,j-q-x	1
讽喻	fěng yù	13029	en-eng,h-f	1
烦琐	fán suǒ	13032	an-ang,ua-uo,s-sh,h-f	1
歹心	dǎi xīn	13041	in-ing,ai-ei,j-q-x	1
拂拭	fú shì	13043	s-sh,h-f	1
浸没	jìn mò	13064	in-ing,j-q-x	1
峻峭	jùn qiào	13065	j-q-x	1
酥脆	sū cuì	13071	c-ch,s-sh	1
温驯	wēn xùn	13074	en-eng,j-q-x	1
迸裂	bèng liè	13076	en-eng,ia-ie,n-l,r-l	3
茅庐	máo lú	13084	ao-ou,n-l,r-l	1
歹意	dǎi yì	13094	ai-ei	1
折损	zhé sǔn	13102	z-zh,s-sh	1
憋屈	biē qū	13103	ia-ie,j-q-x	1
昏聩	hūn kuì	13107	h-f	3
怒色	nù sè	13108	s-sh,n-l	1
劝勉	quàn miǎn	13116	ian-iang,uan-uang,j-q-x	1
叩问	kòu wèn	13122	en-eng,ao-ou	1
遂心	suì xīn	13124	in-ing,s-sh,j-q-x	1
残败	cán bài	13128	an-ang,ai-ei,c-ch	1
俊逸	jùn yì	13134	j-q-x	1
义工	yì gōng	13139		1
驳杂	bó zá	13143	z-zh	1
婵娟	chán juān	13144	an-ang,uan-uang,c-ch,j-q-x	3
支使	zhī shi	13157	z-zh,s-sh	1
推延	tuī yán	13160	an-ang	1
缩略	suō lüè	13180	ua-uo,s-sh,n-l,r-l	1
阴晦	yīn huì	13185	in-ing,h-f	1
壮硕	zhuàng shuò	13187	uan-uang,ua-uo,z-zh,s-sh	1
迸溅	bèng jiàn	13190	en-eng,ian-iang,j-q-x	3
蹲伏	dūn fú	13193	h-f	1
皲裂	jūn liè	13198	ia-ie,n-l,r-l,j-q-x	3
苍郁	cāng yù	13216	an-ang,c-ch	1
哭腔	kū qiāng	13218	ian-iang,j-q-x	1
内秀	nèi xiù	13220	ai-ei,n-l,j-q-x	1
浸淫	jìn yín	13232	in-ing,j-q-x	1
期年	jī nián	13234	ian-iang,n-l,j-q-x	1
添补	tiān bu	13243	ian-iang	1
船桅	chuán wéi	13246	uan-uang,ai-ei,c-ch	3
空暇	kòng xiá	13251	ia-ie,j-q-x	1
颤悠	chàn you	13263	an-ang,ao-ou,c-ch	1
醇美	chún měi	13265	ai-ei,c-ch	1
憨直	hān zhí	13275	an-ang,z-zh,h-f	1
廉正	lián zhèng	13276	en-eng,ian-iang,z-zh,n-l,r-l	1
刁滑	diāo huá	13282	ua-uo,h-f	1
绛紫	jiàng zǐ	13284	ian-iang,z-zh,j-q-x	3
毛糙	máo cao	13291	ao-ou,c-ch	1
幽径	yōu jìng	13293	in-ing,ao-ou,j-q-x	1
冷傲	lěng ào	13295	en-eng,ao-ou,n-l,r-l	1
寥落	liáo luò	13296	ua-uo,n-l,r-l	1
深幽	shēn yōu	13297	en-eng,ao-ou,s-sh	1
巡弋	xún yì	13298	j-q-x	3
炙热	zhì rè	13299	z-zh,r-l	3
潮汛	cháo xùn	13300	ao-ou,c-ch,j-q-x	1
精忠	jīng zhōng	13305	in-ing,z-zh,j-q-x	1
漂染	piǎo rǎn	13308	an-ang,r-l	1
助词	zhù cí	13312	z-zh,c-ch	1
抵牾	dǐ wǔ	13323		3
皮癣	pí xuǎn	13328	uan-uang,j-q-x	1
幽邃	yōu suì	13333	ao-ou,s-sh	3
包蕴	bāo yùn	13340	ao-ou	1
连词	lián cí	13365	ian-iang,c-ch,n-l,r-l	1
重霄	chóng xiāo	13368	c-ch,j-q-x	1
酬唱	chóu chàng	13369	an-ang,ao-ou,c-ch	1
典押	diǎn yā	13370	ian-iang	1
共时	gòng shí	13371	s-sh	1
枯朽	kū xiǔ	13375	j-q-x	1
叹词	tàn cí	13379	an-ang,c-ch	1
懒怠	lǎn dai	13381	an-ang,ai-ei,n-l,r-l	1
介词	jiè cí	13382	ia-ie,c-ch,j-q-x	1
瞭望	liào wàng	13383	an-ang,n-l,r-l	1
黯淡	àn dàn	13385	an-ang	1
谤议	bàng yì	13386	an-ang	1
淡定	dàn dìng	13388	in-ing,an-ang	1
逗趣	dòu qù	13389	ao-ou,j-q-x	1
汗青	hàn qīng	13390	in-ing,an-ang,h-f,j-q-x	1
嚎叫	háo jiào	13391	ao-ou,h-f,j-q-x	1
忌惮	jì dàn	13393	an-ang,j-q-x	3
具象	jù xiàng	13394	ian-iang,j-q-x	1
挪移	nuó yí	13402	ua-uo,n-l	1
牵绊	qiān bàn	13403	an-ang,ian-iang,j-q-x	1
前代	qián dài	13404	ian-iang,ai-ei,j-q-x	1
偌大	ruò dà	13407	ua-uo,r-l	3
溯源	sù yuán	13410	uan-uang,s-sh	1
婉约	wǎn yuē	13412	an-ang	1
魏晋	wèi jìn	13414	in-ing,ai-ei,j-q-x	1
先声	xiān shēng	13416	en-eng,ian-iang,s-sh,j-q-x	1
心颤	xīn chàn	13417	in-ing,an-ang,c-ch,j-q-x	1
杂芜	zá wú	13423	z-zh	1
遭际	zāo jì	13424	ao-ou,z-zh,j-q-x	1
掌控	zhǎng kòng	13425	an-ang,z-zh	1
