我们	wǒ men	1	en-eng	1
他们	tā men	2	en-eng	1
没有	méi yǒu	3	ai-ei,ao-ou	1
自己	zì jǐ	4	z-zh,j-q-x	1
中国	Zhōng guó	5	ua-uo,z-zh	1
可以	kě yǐ	6		1
工作	gōng zuò	7	ua-uo,z-zh	1
这个	zhè ge	8	z-zh	1
生活	shēng huó	9	en-eng,ua-uo,s-sh,h-f	1
这样	zhè yàng	10	an-ang,z-zh	1
已经	yǐ jīng	11	in-ing,j-q-x	1
这些	zhè xiē	12	ia-ie,z-zh,j-q-x	1
一些	yī xiē	13	ia-ie,j-q-x	1
起来	qǐ lái	14	ai-ei,n-l,r-l,j-q-x	1
什么	shén me	15	en-eng,s-sh	1
现在	xiàn zài	16	ian-iang,ai-ei,z-zh,j-q-x	1
第一	dì yī	17		1
因为	yīn wèi	18	in-ing,ai-ei	1
开始	kāi shǐ	19	ai-ei,s-sh	1
许多	xǔ duō	20	ua-uo,j-q-x	1
时间	shí jiān	21	ian-iang,s-sh,j-q-x	1
人们	rén men	22	en-eng,r-l	1
今天	jīn tiān	23	in-ing,ian-iang,j-q-x	1
国家	guó jiā	24	ia-ie,ua-uo,j-q-x	1
一定	yī dìng	25	in-ing	1
如果	rú guǒ	26	ua-uo,r-l	1
重要	zhòng yào	27	ao-ou,z-zh	1
为了	wèi le	28	ai-ei,n-l,r-l	1
就是	jiù shì	29	s-sh,j-q-x	1
成为	chéng wéi	30	en-eng,ai-ei,c-ch	1
北京	Běi jīng	31	in-ing,ai-ei,j-q-x	1
而且	ér qiě	32	ia-ie,j-q-x	1
学生	xué shēng	33	en-eng,s-sh,j-q-x	1
这里	zhè lǐ	34	z-zh,n-l,r-l	1
但是	dàn shì	35	an-ang,s-sh	1
孩子	hái zi	36	ai-ei,z-zh,h-f	1
可能	kě néng	37	en-eng,n-l	1
发生	fā shēng	38	en-eng,s-sh,h-f	1
只有	zhǐ yǒu	39	ao-ou,z-zh	1
要求	yāo qiú	40	ao-ou,j-q-x	1
发现	fā xiàn	41	ian-iang,h-f,j-q-x	1
进行	jìn xíng	42	in-ing,j-q-x	1
得到	dé dào	43	ao-ou	1
发展	fā zhǎn	44	an-ang,z-zh,h-f	1
对于	duì yú	45		1
时候	shí hou	46	ao-ou,s-sh,h-f	1
决定	jué dìng	47	in-ing,j-q-x	1
还是	hái shi	48	ai-ei,s-sh,h-f	1
应该	yīng gāi	49	in-ing,ai-ei	1
干部	gàn bù	50	an-ang	1
出现	chū xiàn	51	ian-iang,c-ch,j-q-x	1
一切	yī qiè	52	ia-ie,j-q-x	1
认识	rèn shi	53	en-eng,s-sh,r-l	1
十分	shí fēn	54	en-eng,s-sh,h-f	1
希望	xī wàng	55	an-ang,j-q-x	1
虽然	suī rán	56	an-ang,s-sh,r-l	1
知道	zhī dào	57	ao-ou,z-zh	1
大家	dà jiā	58	ia-ie,j-q-x	1
学校	xué xiào	59	j-q-x	1
正在	zhèng zài	60	en-eng,ai-ei,z-zh	1
一样	yī yàng	61	an-ang	1
城市	chéng shì	62	en-eng,c-ch,s-sh	1
先生	xiān sheng	63	en-eng,ian-iang,s-sh,j-q-x	1
参加	cān jiā	64	an-ang,ia-ie,c-ch,j-q-x	1
能够	néng gòu	65	en-eng,ao-ou,n-l	1
一直	yī zhí	66	z-zh	1
学习	xué xí	67	j-q-x	1
所以	suǒ yǐ	68	ua-uo,s-sh	1
代表	dài biǎo	69	ai-ei	1
最后	zuì hòu	70	ao-ou,z-zh,h-f	1
一起	yī qǐ	71	j-q-x	1
所有	suǒ yǒu	72	ao-ou,ua-uo,s-sh	1
那么	nà me	73	n-l	1
办法	bàn fǎ	74	an-ang,h-f	1
有些	yǒu xiē	75	ao-ou,ia-ie,j-q-x	1
不断	bù duàn	76	uan-uang	1
以后	yǐ hòu	77	ao-ou,h-f	1
关于	guān yú	78	uan-uang	1
农民	nóng mín	79	in-ing,n-l	1
那些	nà xiē	80	ia-ie,n-l,j-q-x	1
有的	yǒu de	81	ao-ou	1
感到	gǎn dào	82	an-ang,ao-ou	1
准备	zhǔn bèi	83	ai-ei,z-zh	1
比较	bǐ jiào	84	j-q-x	1
今年	jīn nián	85	in-ing,ian-iang,n-l,j-q-x	1
努力	nǔ lì	86	n-l,r-l	1
只要	zhǐ yào	87	ao-ou,z-zh	1
成功	chéng gōng	88	en-eng,c-ch	1
你们	nǐ men	89	en-eng,n-l	1
注意	zhù yì	90	z-zh	1
当然	dāng rán	91	an-ang,r-l	1
进入	jìn rù	92	in-ing,r-l,j-q-x	1
下来	xià lái	93	ai-ei,ia-ie,n-l,r-l,j-q-x	1
事情	shì qing	94	in-ing,s-sh,j-q-x	1
方法	fāng fǎ	95	an-ang,h-f	1
电话	diàn huà	96	ian-iang,ua-uo,h-f	1
全部	quán bù	98	uan-uang,j-q-x	1
帮助	bāng zhù	99	an-ang,z-zh	1
汽车	qì chē	100	c-ch,j-q-x	1
只是	zhǐ shì	101	z-zh,s-sh	1
觉得	jué de	102	j-q-x	1
于是	yú shì	103	s-sh	1
朋友	péng you	104	en-eng,ao-ou	1
这么	zhè me	105	z-zh	1
认真	rèn zhēn	106	en-eng,z-zh,r-l	1
不过	bù guò	107	ua-uo	1
它们	tā men	108	en-eng	1
更加	gèng jiā	109	en-eng,ia-ie,j-q-x	1
机会	jī huì	110	h-f,j-q-x	1
几乎	jī hū	111	h-f,j-q-x	1
可是	kě shì	112	s-sh	1
后来	hòu lái	113	ai-ei,ao-ou,n-l,h-f,r-l	1
劳动	láo dòng	114	ao-ou,n-l,r-l	1
知识	zhī shi	115	z-zh,s-sh	1
母亲	mǔ qīn	116	in-ing,j-q-x	1
保护	bǎo hù	117	ao-ou,h-f	1
医院	yī yuàn	118	uan-uang	1
去年	qù nián	119	ian-iang,n-l,j-q-x	1
改变	gǎi biàn	120	ian-iang,ai-ei	1
那样	nà yàng	121	an-ang,n-l	1
相信	xiāng xìn	122	in-ing,ian-iang,j-q-x	1
老师	lǎo shī	123	ao-ou,s-sh,n-l,r-l	1
终于	zhōng yú	124	z-zh	1
容易	róng yì	125	r-l	1
其实	qí shí	126	s-sh,j-q-x	1
战争	zhàn zhēng	127	en-eng,an-ang,z-zh	1
使用	shǐ yòng	128	s-sh	1
回答	huí dá	129	h-f	1
共同	gòng tóng	130		1
父亲	fù qīn	131	in-ing,h-f,j-q-x	1
高兴	gāo xìng	132	in-ing,ao-ou,j-q-x	1
反对	fǎn duì	133	an-ang,h-f	1
下去	xià qù	134	ia-ie,j-q-x	1
总是	zǒng shì	135	z-zh,s-sh	1
联系	lián xì	136	ian-iang,n-l,r-l,j-q-x	1
伟大	wěi dà	137	ai-ei	1
工人	gōng rén	138	en-eng,r-l	1
小时	xiǎo shí	139	s-sh,j-q-x	1
下午	xià wǔ	140	ia-ie,j-q-x	1
老人	lǎo rén	141	en-eng,ao-ou,n-l,r-l	1
按照	àn zhào	142	an-ang,ao-ou,z-zh	1
离开	lí kāi	143	ai-ei,n-l,r-l	1
身体	shēn tǐ	144	en-eng,s-sh	1
面前	miàn qián	145	ian-iang,j-q-x	1
别人	bié rén	146	en-eng,ia-ie,r-l	1
以前	yǐ qián	147	ian-iang,j-q-x	1
结束	jié shù	148	ia-ie,s-sh,j-q-x	1
儿子	ér zi	149	z-zh	1
那里	nà lǐ	150	n-l,r-l	1
重新	chóng xīn	151	in-ing,c-ch,j-q-x	1
感觉	gǎn jué	152	an-ang,j-q-x	1
不再	bù zài	153	ai-ei,z-zh	1
语言	yǔ yán	154	an-ang	1
巨大	jù dà	155	j-q-x	1
安全	ān quán	156	an-ang,uan-uang,j-q-x	1
发出	fā chū	157	c-ch,h-f	1
身上	shēn shang	158	en-eng,an-ang,s-sh	1
医生	yī shēng	159	en-eng,s-sh	1
突然	tū rán	160	an-ang,r-l	1
一边	yī biān	161	ian-iang	1
永远	yǒng yuǎn	162	uan-uang	1
晚上	wǎn shang	163	an-ang,s-sh	1
喜欢	xǐ huan	164	uan-uang,h-f,j-q-x	1
最近	zuì jìn	165	in-ing,z-zh,j-q-x	1
面对	miàn duì	166	ian-iang	1
声音	shēng yīn	167	en-eng,in-ing,s-sh	1
经常	jīng cháng	168	in-ing,an-ang,c-ch,j-q-x	1
关心	guān xīn	169	in-ing,uan-uang,j-q-x	1
同学	tóng xué	170	j-q-x	1
进步	jìn bù	171	in-ing,j-q-x	1
她们	tā men	172	en-eng	1
回来	huí lái	173	ai-ei,n-l,h-f,r-l	1
也许	yě xǔ	174	j-q-x	1
健康	jiàn kāng	176	an-ang,ian-iang,j-q-x	1
正确	zhèng què	177	en-eng,z-zh,j-q-x	1
眼睛	yǎn jing	178	in-ing,an-ang,j-q-x	1
简单	jiǎn dān	179	an-ang,ian-iang,j-q-x	1
来自	lái zì	180	ai-ei,z-zh,n-l,r-l	1
丰富	fēng fù	181	en-eng,h-f	1
欢迎	huān yíng	182	in-ing,uan-uang,h-f	1
音乐	yīn yuè	183	in-ing	1
过去	guò qù	184	ua-uo,j-q-x	1
比赛	bǐ sài	185	ai-ei,s-sh	1
人口	rén kǒu	186	en-eng,ao-ou,r-l	1
常常	cháng cháng	187	an-ang,c-ch	1
女儿	nǚ ér	188	n-l	1
复杂	fù zá	189	z-zh,h-f	1
以为	yǐ wéi	190	ai-ei	1
广大	guǎng dà	191	uan-uang	1
那个	nà ge	192	n-l	1
父母	fù mǔ	193	h-f	1
哪里	nǎ lǐ	194	n-l,r-l	1
相互	xiāng hù	195	ian-iang,h-f,j-q-x	1
明白	míng bai	196	in-ing,ai-ei	1
祖国	zǔ guó	197	ua-uo,z-zh	1
电视	diàn shì	198	ian-iang,s-sh	1
妈妈	mā ma	199		1
有时	yǒu shí	200	ao-ou,s-sh	1
刚刚	gāng gāng	201	an-ang	1
上午	shàng wǔ	202	an-ang,s-sh	1
失去	shī qù	203	s-sh,j-q-x	1
减少	jiǎn shǎo	204	ian-iang,ao-ou,s-sh,j-q-x	1
过来	guò lái	205	ai-ei,ua-uo,n-l,r-l	1
正常	zhèng cháng	206	en-eng,an-ang,z-zh,c-ch	1
天气	tiān qì	207	ian-iang,j-q-x	1
错误	cuò wù	208	ua-uo,c-ch	1
病人	bìng rén	209	en-eng,in-ing,r-l	1
英雄	yīng xióng	210	in-ing,j-q-x	1
普通	pǔ tōng	211		1
组成	zǔ chéng	212	en-eng,z-zh,c-ch	1
卫生	wèi shēng	213	en-eng,ai-ei,s-sh	1
飞机	fēi jī	214	ai-ei,h-f,j-q-x	1
儿童	ér tóng	215		1
明天	míng tiān	216	in-ing,ian-iang	1
开放	kāi fàng	217	an-ang,ai-ei,h-f	1
出发	chū fā	218	c-ch,h-f	1
优秀	yōu xiù	219	ao-ou,j-q-x	1
动物	dòng wù	220		1
看见	kàn jiàn	221	an-ang,ian-iang,j-q-x	1
加入	jiā rù	222	ia-ie,r-l,j-q-x	1
良好	liáng hǎo	223	ian-iang,ao-ou,n-l,h-f,r-l	1
团结	tuán jié	224	uan-uang,ia-ie,j-q-x	1
姑娘	gū niang	225	ian-iang,n-l	1
比如	bǐ rú	226	r-l	1
名字	míng zi	227	in-ing,z-zh	1
互相	hù xiāng	228	ian-iang,h-f,j-q-x	1
上来	shàng lái	229	an-ang,ai-ei,s-sh,n-l,r-l	1
男子	nán zǐ	230	an-ang,z-zh,n-l	1
出去	chū qu	231	c-ch,j-q-x	1
身边	shēn biān	232	en-eng,ian-iang,s-sh	1
幸福	xìng fú	233	in-ing,h-f,j-q-x	1
说话	shuō huà	234	ua-uo,s-sh,h-f	1
观察	guān chá	235	uan-uang,c-ch	1
体育	tǐ yù	236		1
不管	bù guǎn	237	uan-uang	1
马上	mǎ shàng	238	an-ang,s-sh	1
空气	kōng qì	239	j-q-x	1
周围	zhōu wéi	240	ai-ei,ao-ou,z-zh	1
打开	dǎ kāi	241	ai-ei	1
太阳	tài yáng	242	an-ang,ai-ei	1
接着	jiē zhe	243	ia-ie,z-zh,j-q-x	1
不久	bù jiǔ	244	j-q-x	1
故事	gù shi	245	s-sh	1
阳光	yáng guāng	246	an-ang,uan-uang	1
公路	gōng lù	247	n-l,r-l	1
中间	zhōng jiān	248	ian-iang,z-zh,j-q-x	1
方便	fāng biàn	249	an-ang,ian-iang,h-f	1
成员	chéng yuán	250	en-eng,uan-uang,c-ch	1
美丽	měi lì	251	ai-ei,n-l,r-l	1
再次	zài cì	252	ai-ei,z-zh,c-ch	1
客人	kè rén	253	en-eng,r-l	1
校长	xiào zhǎng	254	an-ang,z-zh,j-q-x	1
亲自	qīn zì	255	in-ing,z-zh,j-q-x	1
只好	zhǐ hǎo	256	ao-ou,z-zh,h-f	1
敌人	dí rén	257	en-eng,r-l	1
房子	fáng zi	258	an-ang,z-zh,h-f	1
读书	dú shū	259	s-sh	1
一半	yī bàn	260	an-ang	1
绿色	lǜ sè	261	s-sh,n-l,r-l	1
里面	lǐ miàn	262	ian-iang,n-l,r-l	1
听说	tīng shuō	263	in-ing,ua-uo,s-sh	1
年龄	nián líng	264	in-ing,ian-iang,n-l,r-l	1
小学	xiǎo xué	265	j-q-x	1
停止	tíng zhǐ	266	in-ing,z-zh	1
电脑	diàn nǎo	267	ian-iang,ao-ou,n-l	1
目光	mù guāng	268	uan-uang	1
小组	xiǎo zǔ	269	z-zh,j-q-x	1
昨天	zuó tiān	270	ian-iang,ua-uo,z-zh	1
照片	zhào piàn	271	ian-iang,ao-ou,z-zh	1
衣服	yī fu	272	h-f	1
担心	dān xīn	273	in-ing,an-ang,j-q-x	1
东西	dōng xi	274	j-q-x	1
爸爸	bà ba	275		1
好像	hǎo xiàng	276	ian-iang,ao-ou,h-f,j-q-x	1
公共	gōng gòng	277		1
感谢	gǎn xiè	278	an-ang,ia-ie,j-q-x	1
相同	xiāng tóng	279	ian-iang,j-q-x	1
地下	dì xia	280	ia-ie,j-q-x	1
决心	jué xīn	281	in-ing,j-q-x	1
将来	jiāng lái	282	ian-iang,ai-ei,n-l,r-l,j-q-x	1
森林	sēn lín	283	en-eng,in-ing,s-sh,n-l,r-l	1
动作	dòng zuò	284	ua-uo,z-zh	1
结果	jié guǒ	285	ia-ie,ua-uo,j-q-x	1
吃饭	chī fàn	286	an-ang,c-ch,h-f	1
食品	shí pǐn	287	in-ing,s-sh	1
似的	shì de	288	s-sh	1
节目	jié mù	289	ia-ie,j-q-x	1
多么	duō me	290	ua-uo	1
足球	zú qiú	291	z-zh,j-q-x	1
思考	sī kǎo	292	ao-ou,s-sh	1
意思	yì si	293	s-sh	1
记得	jì de	294	j-q-x	1
不错	bù cuò	295	ua-uo,c-ch	1
休息	xiū xi	296	j-q-x	1
考试	kǎo shì	297	ao-ou,s-sh	1
地球	dì qiú	298	j-q-x	1
咱们	zán men	299	en-eng,an-ang,z-zh	1
大地	dà dì	300		1
前面	qián miàn	301	ian-iang,j-q-x	1
女人	nǚ rén	302	en-eng,n-l,r-l	1
从来	cóng lái	303	ai-ei,c-ch,n-l,r-l	1
人家	rén jia	304	en-eng,ia-ie,r-l,j-q-x	1
工具	gōng jù	305	j-q-x	1
海洋	hǎi yáng	306	an-ang,ai-ei,h-f	1
北方	běi fāng	307	an-ang,ai-ei,h-f	1
忘记	wàng jì	308	an-ang,j-q-x	1
小姐	xiǎo jiě	309	ia-ie,j-q-x	1
土地	tǔ dì	310		1
例如	lì rú	311	n-l,r-l	1
后面	hòu miàn	312	ian-iang,ao-ou,h-f	1
成长	chéng zhǎng	313	en-eng,an-ang,z-zh,c-ch	1
春节	Chūn jié	314	ia-ie,c-ch,j-q-x	1
家长	jiā zhǎng	315	an-ang,ia-ie,z-zh,j-q-x	1
感动	gǎn dòng	316	an-ang	1
忽然	hū rán	317	an-ang,h-f,r-l	1
白天	bái tiān	318	ian-iang,ai-ei	1
这儿	zhè ér	319	z-zh	1
门口	mén kǒu	320	en-eng,ao-ou	1
工厂	gōng chǎng	321	an-ang,c-ch	1
上去	shàng qù	322	an-ang,s-sh,j-q-x	1
红色	hóng sè	324	s-sh,h-f	1
参观	cān guān	325	an-ang,uan-uang,c-ch	1
反复	fǎn fù	326	an-ang,h-f	1
平时	píng shí	327	in-ing,s-sh	1
主人	zhǔ rén	328	en-eng,z-zh,r-l	1
位于	wèi yú	329	ai-ei	1
南方	nán fāng	330	an-ang,n-l,h-f	1
漂亮	piào liang	331	ian-iang,n-l,r-l	1
公园	gōng yuán	332	uan-uang	1
快乐	kuài lè	333	n-l,r-l	1
春天	chūn tiān	334	ian-iang,c-ch	1
种子	zhǒng zi	335	z-zh	1
队长	duì zhǎng	336	an-ang,z-zh	1
东方	dōng fāng	337	an-ang,h-f	1
进来	jìn lái	338	in-ing,ai-ei,n-l,r-l,j-q-x	1
外面	wài miàn	339	ian-iang,ai-ei	1
地面	dì miàn	340	ian-iang	1
下面	xià miàn	341	ian-iang,ia-ie,j-q-x	1
温暖	wēn nuǎn	342	en-eng,uan-uang,n-l	1
队员	duì yuán	343	uan-uang	1
明年	míng nián	344	in-ing,ian-iang,n-l	1
植物	zhí wù	345	z-zh	1
仔细	zǐ xì	346	z-zh,j-q-x	1
微笑	wēi xiào	348	ai-ei,j-q-x	1
生长	shēng zhǎng	349	en-eng,an-ang,z-zh,s-sh	1
司机	sī jī	350	s-sh,j-q-x	1
见面	jiàn miàn	351	ian-iang,j-q-x	1
古代	gǔ dài	352	ai-ei	1
无数	wú shù	353	s-sh	1
军人	jūn rén	354	en-eng,r-l,j-q-x	1
家乡	jiā xiāng	355	ian-iang,ia-ie,j-q-x	1
伙伴	huǒ bàn	356	an-ang,ua-uo,h-f	1
当时	dāng shí	357	an-ang,s-sh	1
旁边	páng biān	358	an-ang,ian-iang	1
广播	guǎng bō	359	uan-uang	1
广场	guǎng chǎng	360	an-ang,uan-uang,c-ch	1
房屋	fáng wū	361	an-ang,h-f	1
草原	cǎo yuán	362	uan-uang,ao-ou,c-ch	1
刚才	gāng cái	363	an-ang,ai-ei,c-ch	1
兄弟	xiōng di	364	j-q-x	1
哪个	nǎ ge	365	n-l	1
回忆	huí yì	366	h-f	1
石头	shí tou	367	ao-ou,s-sh	1
机场	jī chǎng	368	an-ang,c-ch,j-q-x	1
头发	tóu fa	369	ao-ou,h-f	1
优良	yōu liáng	370	ian-iang,ao-ou,n-l,r-l	1
身子	shēn zi	371	en-eng,z-zh,s-sh	1
地点	dì diǎn	372	ian-iang	1
大胆	dà dǎn	373	an-ang	1
作业	zuò yè	374	ua-uo,z-zh	1
手机	shǒu jī	375	ao-ou,s-sh,j-q-x	1
最好	zuì hǎo	376	ao-ou,z-zh,h-f	1
勇气	yǒng qì	378	j-q-x	1
自从	zì cóng	379	z-zh,c-ch	1
眼泪	yǎn lèi	380	an-ang,ai-ei,n-l,r-l	1
数学	shù xué	381	s-sh,j-q-x	1
窗口	chuāng kǒu	382	uan-uang,ao-ou,c-ch	1
空中	kōng zhōng	383	z-zh	1
节日	jié rì	384	ia-ie,r-l,j-q-x	1
哥哥	gē ge	385		1
中午	zhōng wǔ	386	z-zh	1
要是	yào shi	387	ao-ou,s-sh	1
飞行	fēi xíng	388	in-ing,ai-ei,h-f,j-q-x	1
垃圾	lā jī	389	n-l,r-l,j-q-x	1
奶奶	nǎi nai	390	ai-ei,n-l	1
爷爷	yé ye	391		1
游戏	yóu xì	392	ao-ou,j-q-x	1
新鲜	xīn xiān	393	in-ing,ian-iang,j-q-x	1
早晨	zǎo chen	394	en-eng,ao-ou,z-zh,c-ch	1
热闹	rè nao	395	ao-ou,n-l,r-l	1
热爱	rè ài	396	ai-ei,r-l	1
回头	huí tóu	397	ao-ou,h-f	1
棉花	mián huā	398	ian-iang,ua-uo,h-f	1
火车	huǒ chē	399	ua-uo,c-ch,h-f	1
开会	kāi huì	400	ai-ei,h-f	1
天空	tiān kōng	401	ian-iang	1
发明	fā míng	402	in-ing,h-f	1
日常	rì cháng	403	an-ang,c-ch,r-l	1
上学	shàng xué	404	an-ang,s-sh,j-q-x	1
大夫	dài fu	405	ai-ei,h-f	1
受伤	shòu shāng	406	an-ang,ao-ou,s-sh	1
屋子	wū zi	407	z-zh	1
愉快	yú kuài	408		1
古老	gǔ lǎo	409	ao-ou,n-l,r-l	1
干净	gān jìng	410	in-ing,an-ang,j-q-x	1
害怕	hài pà	411	ai-ei,h-f	1
南北	nán běi	412	an-ang,ai-ei,n-l	1
白色	bái sè	413	ai-ei,s-sh	1
光明	guāng míng	414	in-ing,uan-uang	1
姐姐	jiě jie	415	ia-ie,j-q-x	1
大人	dà ren	416	en-eng,r-l	1
画家	huà jiā	417	ia-ie,ua-uo,h-f,j-q-x	1
院子	yuàn zi	418	uan-uang,z-zh	1
灯光	dēng guāng	419	en-eng,uan-uang	1
冬天	dōng tiān	420	ian-iang	1
呼吸	hū xī	421	h-f,j-q-x	1
肚子	dù zi	422	z-zh	1
玉米	yù mǐ	423		1
校园	xiào yuán	424	uan-uang,j-q-x	1
小麦	xiǎo mài	425	ai-ei,j-q-x	1
出门	chū mén	426	en-eng,c-ch	1
妹妹	mèi mei	427	ai-ei	1
季节	jì jié	428	ia-ie,j-q-x	1
上班	shàng bān	429	an-ang,s-sh	1
浪费	làng fèi	430	an-ang,ai-ei,n-l,h-f,r-l	1
可怜	kě lián	431	ian-iang,n-l,r-l	1
可怕	kě pà	432		1
聪明	cōng míng	433	in-ing,c-ch	1
商店	shāng diàn	434	an-ang,ian-iang,s-sh	1
风景	fēng jǐng	435	en-eng,in-ing,h-f,j-q-x	1
台阶	tái jiē	436	ai-ei,ia-ie,j-q-x	1
夏天	xià tiān	438	ian-iang,ia-ie,j-q-x	1
从前	cóng qián	439	ian-iang,c-ch,j-q-x	1
可爱	kě ài	440	ai-ei	1
马路	mǎ lù	441	n-l,r-l	1
弟弟	dì di	442		1
鼻子	bí zi	443	z-zh	1
桌子	zhuō zi	444	ua-uo,z-zh	1
耳朵	ěr duo	445	ua-uo	1
点头	diǎn tóu	447	ian-iang,ao-ou	1
家人	jiā rén	449	en-eng,ia-ie,r-l,j-q-x	1
赶快	gǎn kuài	450	an-ang	1
处处	chù chù	451	c-ch	1
故乡	gù xiāng	452	ian-iang,j-q-x	1
睡觉	shuì jiào	453	s-sh,j-q-x	1
黑色	hēi sè	454	ai-ei,s-sh,h-f	1
年级	nián jí	455	ian-iang,n-l,j-q-x	1
长城	Cháng chéng	456	en-eng,an-ang,c-ch	1
食物	shí wù	457	s-sh	1
亲人	qīn rén	458	en-eng,in-ing,r-l,j-q-x	1
皮肤	pí fū	459	h-f	1
勇敢	yǒng gǎn	460	an-ang	1
全身	quán shēn	461	en-eng,uan-uang,s-sh,j-q-x	1
连接	lián jiē	462	ian-iang,ia-ie,n-l,r-l,j-q-x	1
欢乐	huān lè	463	uan-uang,n-l,h-f,r-l	1
早上	zǎo shang	464	an-ang,ao-ou,z-zh,s-sh	1
脚步	jiǎo bù	465	j-q-x	1
游泳	yóu yǒng	466	ao-ou	1
脖子	bó zi	467	z-zh	1
好事	hǎo shì	468	ao-ou,s-sh,h-f	1
手指	shǒu zhǐ	469	ao-ou,z-zh,s-sh	1
汉语	Hàn yǔ	470	an-ang,h-f	1
对面	duì miàn	471	ian-iang	1
星期	xīng qī	473	in-ing,j-q-x	1
护士	hù shi	474	s-sh,h-f	1
水果	shuǐ guǒ	475	ua-uo,s-sh	1
教室	jiào shì	476	s-sh,j-q-x	1
小心	xiǎo xīn	477	in-ing,j-q-x	1
好看	hǎo kàn	478	an-ang,ao-ou,h-f	1
舒服	shū fu	479	s-sh,h-f	1
泪水	lèi shuǐ	480	ai-ei,s-sh,n-l,r-l	1
厨房	chú fáng	481	an-ang,c-ch,h-f	1
收拾	shōu shi	482	ao-ou,s-sh	1
椅子	yǐ zi	483	z-zh	1
周末	zhōu mò	484	ao-ou,z-zh	1
单独	dān dú	485	an-ang	1
连忙	lián máng	486	an-ang,ian-iang,n-l,r-l	1
花园	huā yuán	487	uan-uang,ua-uo,h-f	1
谢谢	xiè xie	488	ia-ie,j-q-x	1
四周	sì zhōu	489	ao-ou,z-zh,s-sh	1
生日	shēng rì	490	en-eng,s-sh,r-l	1
邻居	lín jū	491	in-ing,n-l,r-l,j-q-x	1
新年	xīn nián	492	in-ing,ian-iang,n-l,j-q-x	1
尾巴	wěi ba	493	ai-ei	1
夜晚	yè wǎn	494	an-ang	1
歌曲	gē qǔ	495	j-q-x	1
爱心	ài xīn	496	in-ing,ai-ei,j-q-x	1
车站	chē zhàn	498	an-ang,z-zh,c-ch	1
班长	bān zhǎng	499	an-ang,z-zh	1
红旗	hóng qí	500	h-f,j-q-x	1
有趣	yǒu qù	501	ao-ou,j-q-x	1
平安	pín gān	502	in-ing,an-ang	1
课堂	kè táng	503	an-ang	1
便宜	pián yi	504	ian-iang	1
水面	shuǐ miàn	505	ian-iang,s-sh	1
过年	guò nián	506	ian-iang,ua-uo,n-l	1
骄傲	jiāo ào	507	ao-ou,j-q-x	1
胳膊	gē bo	508		1
帽子	mào zi	509	ao-ou,z-zh	1
厕所	cè suǒ	510	ua-uo,c-ch,s-sh	1
底下	dǐ xia	511	ia-ie,j-q-x	1
好多	hǎo duō	512	ao-ou,ua-uo,h-f	1
脚下	jiǎo xià	513	ia-ie,j-q-x	1
树木	shù mù	514	s-sh	1
摇头	yáo tóu	515	ao-ou	1
姓名	xìng míng	516	in-ing,j-q-x	1
公主	gōng zhǔ	517	z-zh	1
远处	yuǎn chù	518	uan-uang,c-ch	1
草地	cǎo dì	520	ao-ou,c-ch	1
有名	yǒu míng	521	in-ing,ao-ou	1
黄色	huáng sè	522	uan-uang,s-sh,h-f	1
少女	shào nǚ	523	ao-ou,s-sh,n-l	1
伤心	shāng xīn	524	in-ing,an-ang,s-sh,j-q-x	1
月亮	yuè liang	525	ian-iang,n-l,r-l	1
眼镜	yǎn jìng	526	in-ing,an-ang,j-q-x	1
蓝色	lán sè	527	an-ang,s-sh,n-l,r-l	1
用品	yòng pǐn	528	in-ing	1
难过	nán guò	529	an-ang,ua-uo,n-l	1
上课	shàng kè	530	an-ang,s-sh	1
练习	liàn xí	531	ian-iang,n-l,r-l,j-q-x	1
力气	lì qi	532	n-l,r-l,j-q-x	1
对比	duì bǐ	533		1
一身	yī shēn	534	en-eng,s-sh	1
一齐	yī qí	535	j-q-x	1
礼物	lǐ wù	536	n-l,r-l	1
例子	lì zi	537	z-zh,n-l,r-l	1
姐妹	jiě mèi	538	ai-ei,ia-ie,j-q-x	1
交警	jiāo jǐng	539	in-ing,j-q-x	1
窗户	chuāng hu	540	uan-uang,c-ch,h-f	1
晚饭	wǎn fàn	541	an-ang,h-f	1
急忙	jí máng	542	an-ang,j-q-x	1
丰收	fēng shōu	543	en-eng,ao-ou,s-sh,h-f	1
客厅	kè tīng	544	in-ing	1
镜子	jìng zi	545	in-ing,z-zh,j-q-x	1
安静	ān jìng	546	in-ing,an-ang,j-q-x	1
古人	gǔ rén	548	en-eng,r-l	1
热心	rè xīn	549	in-ing,r-l,j-q-x	1
家具	jiā jù	550	ia-ie,j-q-x	1
太空	tài kōng	551	ai-ei	1
鸡蛋	jī dàn	552	an-ang,j-q-x	1
颜色	yán sè	553	an-ang,s-sh	1
偷偷	tōu tōu	554	ao-ou	1
苹果	píng guǒ	555	in-ing,ua-uo	1
叔叔	shū shu	556	s-sh	1
题目	tí mù	557		1
答案	dá àn	558	an-ang	1
秋天	qiū tiān	559	ian-iang,j-q-x	1
空调	kōng tiáo	560		1
景点	jǐng diǎn	561	in-ing,ian-iang,j-q-x	1
低头	dī tóu	562	ao-ou	1
明亮	míng liàng	563	in-ing,ian-iang,n-l,r-l	1
四处	sì chù	564	c-ch,s-sh	1
各位	gè wèi	565	ai-ei	1
娃娃	wá wa	566		1
用力	yòng lì	567	n-l,r-l	1
看病	kàn bìng	568	in-ing,an-ang	1
告诉	gào su	569	ao-ou,s-sh	1
食堂	shí táng	570	an-ang,s-sh	1
做事	zuò shì	571	ua-uo,z-zh,s-sh	1
嘴巴	zuǐ ba	572	z-zh	1
一旁	yī páng	573	an-ang	1
葡萄	pú tao	576	ao-ou	1
开心	kāi xīn	577	in-ing,ai-ei,j-q-x	1
连连	lián lián	578	ian-iang,n-l,r-l	1
楼房	lóu fáng	579	an-ang,ao-ou,n-l,h-f,r-l	1
孙子	sūn zi	580	z-zh,s-sh	1
哈哈	hā ha	581	h-f	1
提问	tí wèn	582	en-eng	1
按时	àn shí	583	an-ang,s-sh	1
欢喜	huān xǐ	584	uan-uang,h-f,j-q-x	1
男人	nán rén	585	en-eng,an-ang,n-l,r-l	1
父子	fù zǐ	586	z-zh,h-f	1
一头	yī tóu	587	ao-ou	1
邮票	yóu piào	588	ao-ou	1
老鼠	lǎo shǔ	589	ao-ou,s-sh,n-l,r-l	1
国旗	guó qí	590	ua-uo,j-q-x	1
改正	gǎi zhèng	591	en-eng,ai-ei,z-zh	1
歌舞	gē wǔ	592		1
爱护	ài hù	593	ai-ei,h-f	1
国庆	guó qìng	594	in-ing,ua-uo,j-q-x	1
难忘	nán wàng	595	an-ang,n-l	1
诚实	chéng shí	596	en-eng,c-ch,s-sh	1
汗水	hàn shuǐ	597	an-ang,s-sh,h-f	1
形状	xíng zhuàng	599	in-ing,uan-uang,z-zh,j-q-x	1
箱子	xiāng zi	600	ian-iang,z-zh,j-q-x	1
树林	shù lín	601	in-ing,s-sh,n-l,r-l	1
座位	zuò wèi	602	ai-ei,ua-uo,z-zh	1
牙齿	yá chǐ	603	c-ch	1
月光	yuè guāng	604	uan-uang	1
灰色	huī sè	605	s-sh,h-f	1
那儿	nà ér	606	n-l	1
下班	xià bān	607	an-ang,ia-ie,j-q-x	1
神奇	shén qí	608	en-eng,s-sh,j-q-x	1
舅舅	jiù jiu	609	j-q-x	1
唱歌	chàng gē	610	an-ang,c-ch	1
老虎	lǎo hǔ	611	ao-ou,n-l,h-f,r-l	1
山坡	shān pō	613	an-ang,s-sh	1
头顶	tóu dǐng	614	in-ing,ao-ou	1
裤子	kù zi	617	z-zh	1
童年	tóng nián	618	ian-iang,n-l	1
两旁	liǎng páng	619	an-ang,ian-iang,n-l,r-l	1
元旦	Yuán dàn	620	an-ang,uan-uang	1
感人	gǎn rén	622	en-eng,an-ang,r-l	1
玩具	wán jù	623	an-ang,j-q-x	1
日夜	rì yè	624	r-l	1
彩色	cǎi sè	625	ai-ei,c-ch,s-sh	1
地铁	dì tiě	626	ia-ie	1
被子	bèi zi	627	ai-ei,z-zh	1
骨头	gǔ tou	628	ao-ou	1
祖父	zǔ fù	629	z-zh,h-f	1
子孙	zǐ sūn	630	z-zh,s-sh	1
奶牛	nǎi niú	631	ai-ei,n-l	1
柱子	zhù zi	632	z-zh	1
春风	chūn fēng	633	en-eng,c-ch,h-f	1
西瓜	xī guā	634	ua-uo,j-q-x	1
电灯	diàn dēng	635	en-eng,ian-iang	1
舌头	shé tou	636	ao-ou,s-sh	1
一共	yī gòng	637		1
门票	mén piào	638	en-eng	1
楼梯	lóu tī	639	ao-ou,n-l,r-l	1
将要	jiāng yào	640	ian-iang,ao-ou,j-q-x	1
麦子	mài zi	641	ai-ei,z-zh	1
阿姨	ā yí	642		1
勤奋	qín fèn	643	en-eng,in-ing,h-f,j-q-x	1
再见	zài jiàn	644	ian-iang,ai-ei,z-zh,j-q-x	1
请问	qǐng wèn	645	en-eng,in-ing,j-q-x	1
雨水	yǔ shuǐ	646	s-sh	1
书房	shū fáng	647	an-ang,s-sh,h-f	1
起床	qǐ chuáng	648	uan-uang,c-ch,j-q-x	1
屋顶	wū dǐng	649	in-ing	1
语文	yǔ wén	650	en-eng	1
好久	hǎo jiǔ	651	ao-ou,h-f,j-q-x	1
洗澡	xǐ zǎo	652	ao-ou,z-zh,j-q-x	1
下雨	xià yǔ	653	ia-ie,j-q-x	1
午饭	wǔ fàn	654	an-ang,h-f	1
海底	hǎi dǐ	655	ai-ei,h-f	1
开花	kāi huā	657	ai-ei,ua-uo,h-f	1
开学	kāi xué	658	ai-ei,j-q-x	1
书写	shū xiě	659	ia-ie,s-sh,j-q-x	1
泥土	ní tǔ	660	n-l	1
蝴蝶	hú dié	661	ia-ie,h-f	1
眉毛	méi mao	662	ai-ei,ao-ou	1
汉字	Hàn zì	663	an-ang,z-zh,h-f	1
雪花	xuě huā	664	ua-uo,h-f,j-q-x	1
果树	guǒ shù	665	ua-uo,s-sh	1
宝贝	bǎo bèi	666	ai-ei,ao-ou	1
做梦	zuò mèng	668	en-eng,ua-uo,z-zh	1
穷人	qióng rén	669	en-eng,r-l,j-q-x	1
远方	yuǎn fāng	670	an-ang,uan-uang,h-f	1
用心	yòng xīn	671	in-ing,j-q-x	1
牛奶	niú nǎi	672	ai-ei,n-l	1
亲眼	qīn yǎn	673	in-ing,an-ang,j-q-x	1
细心	xì xīn	675	in-ing,j-q-x	1
路面	lù miàn	676	ian-iang,n-l,r-l	1
面包	miàn bāo	677	ian-iang,ao-ou	1
有用	yǒu yòng	678	ao-ou	1
散步	sàn bù	679	an-ang,s-sh	1
暑假	shǔ jià	680	ia-ie,s-sh,j-q-x	1
狮子	shī zi	681	z-zh,s-sh	1
北风	běi fēng	682	en-eng,ai-ei,h-f	1
生病	shēng bìng	683	en-eng,in-ing,s-sh	1
树枝	shù zhī	684	z-zh,s-sh	1
雪白	xuě bái	685	ai-ei,j-q-x	1
前年	qián nián	686	ian-iang,n-l,j-q-x	1
响亮	xiǎng liàng	687	ian-iang,n-l,r-l,j-q-x	1
星星	xīng xing	689	in-ing,j-q-x	1
菊花	jú huā	690	ua-uo,h-f,j-q-x	1
亲手	qīn shǒu	691	in-ing,ao-ou,s-sh,j-q-x	1
亲爱	qī nài	692	ai-ei,n-l,j-q-x	1
句子	jù zi	693	z-zh,j-q-x	1
勤劳	qín láo	694	in-ing,ao-ou,n-l,r-l,j-q-x	1
冰箱	bīng xiāng	695	in-ing,ian-iang,j-q-x	1
作文	zuò wén	696	en-eng,ua-uo,z-zh	1
枕头	zhěn tou	697	en-eng,ao-ou,z-zh	1
地板	dì bǎn	698	an-ang	1
童话	tóng huà	700	ua-uo,h-f	1
毛巾	máo jīn	701	in-ing,ao-ou,j-q-x	1
外婆	wài pó	702	ai-ei	1
路上	lù shang	703	an-ang,s-sh,n-l,r-l	1
猴子	hóu zi	704	ao-ou,z-zh,h-f	1
笑脸	xiào liǎn	705	ian-iang,n-l,r-l,j-q-x	1
好听	hǎo tīng	706	in-ing,ao-ou,h-f	1
大衣	dà yī	707		1
花生	huā shēng	708	en-eng,ua-uo,s-sh,h-f	1
表扬	biǎo yáng	709	an-ang	1
木头	mù tou	710	ao-ou	1
路过	lù guò	711	ua-uo,n-l,r-l	1
馒头	mán tou	712	an-ang,ao-ou	1
图画	tú huà	713	ua-uo,h-f	1
指头	zhǐ tou	714	ao-ou,z-zh	1
礼貌	lǐ mào	715	ao-ou,n-l,r-l	1
树叶	shù yè	716	s-sh	1
鲜艳	xiān yàn	717	an-ang,ian-iang,j-q-x	1
金色	jīn sè	718	in-ing,s-sh,j-q-x	1
请客	qǐng kè	719	in-ing,j-q-x	1
功课	gōng kè	720		1
青山	qīng shān	721	in-ing,an-ang,s-sh,j-q-x	1
桃花	táo huā	722	ao-ou,ua-uo,h-f	1
饺子	jiǎo zi	723	z-zh,j-q-x	1
同伴	tóng bàn	724	an-ang	1
花朵	huā duǒ	725	ua-uo,h-f	1
书包	shū bāo	726	ao-ou,s-sh	1
祖母	zǔ mǔ	727	z-zh	1
起飞	qǐ fēi	728	ai-ei,h-f,j-q-x	1
寒风	hán fēng	729	en-eng,an-ang,h-f	1
早点	zǎo diǎn	730	ian-iang,ao-ou,z-zh	1
木板	mù bǎn	731	an-ang	1
阳台	yáng tái	732	an-ang,ai-ei	1
杯子	bēi zi	734	ai-ei,z-zh	1
早饭	zǎo fàn	735	an-ang,ao-ou,z-zh,h-f	1
坏事	huài shì	736	s-sh,h-f	1
难看	nán kàn	737	an-ang,n-l	1
电梯	diàn tī	739	ian-iang	1
果园	guǒ yuán	740	uan-uang,ua-uo	1
心跳	xīn tiào	741	in-ing,j-q-x	1
邮局	yóu jú	742	ao-ou,j-q-x	1
后退	hòu tuì	743	ao-ou,h-f	1
月饼	yuè bing	744	in-ing	1
打扫	dǎ sǎo	745	ao-ou,s-sh	1
手掌	shǒu zhǎng	747	an-ang,ao-ou,z-zh,s-sh	1
母子	mǔ zǐ	749	z-zh	1
姥姥	lǎo lao	750	ao-ou,n-l,r-l	1
课本	kè běn	751	en-eng	1
手表	shǒu biǎo	752	ao-ou,s-sh	1
大方	dà fang	753	an-ang,h-f	1
好笑	hǎo xiào	754	ao-ou,h-f,j-q-x	1
大红	dà hóng	755	h-f	1
昆虫	kūn chóng	756	c-ch	1
兔子	tù zi	757	z-zh	1
本子	běn zi	758	en-eng,z-zh	1
坏人	huài rén	759	en-eng,h-f,r-l	1
脸红	liǎn hóng	760	ian-iang,n-l,h-f,r-l	1
用处	yòng chù	761	c-ch	1
盒子	hé zi	762	z-zh,h-f	1
天亮	tiān liàng	763	ian-iang,n-l,r-l	1
后天	hòu tiān	764	ian-iang,ao-ou,h-f	1
前天	qián tiān	765	ian-iang,j-q-x	1
飞快	fēi kuài	766	ai-ei,h-f	1
天黑	tiān hēi	767	ian-iang,ai-ei,h-f	1
梅花	méi huā	768	ai-ei,ua-uo,h-f	1
山林	shān lín	769	in-ing,an-ang,s-sh,n-l,r-l	1
稻田	dào tián	770	ian-iang,ao-ou	1
田地	tián dì	771	ian-iang	1
雪山	xuě shān	772	an-ang,s-sh,j-q-x	1
花草	huā cǎo	773	ao-ou,ua-uo,c-ch,h-f	1
灰尘	huī chén	774	en-eng,c-ch,h-f	1
秀丽	xiù lì	775	n-l,r-l,j-q-x	1
操场	cāo chǎng	776	an-ang,ao-ou,c-ch	1
面粉	miàn fěn	777	en-eng,ian-iang,h-f	1
发烧	fā shāo	778	ao-ou,s-sh,h-f	1
从头	cóng tóu	779	ao-ou,c-ch	1
鸽子	gē zi	780	z-zh	1
放学	fàng xué	781	an-ang,h-f,j-q-x	1
凳子	dèng zi	782	en-eng,z-zh	1
刀子	dāo zi	783	ao-ou,z-zh	1
母女	mǔ nǚ	784	n-l	1
瓶子	píng zi	785	in-ing,z-zh	1
听话	tīng huà	786	in-ing,ua-uo,h-f	1
自私	zì sī	787	z-zh,s-sh	1
分头	fēn tóu	788	en-eng,ao-ou,h-f	1
词典	cí diǎn	789	ian-iang,c-ch	1
大象	dà xiàng	790	ian-iang,j-q-x	1
盘子	pán zi	791	an-ang,z-zh	1
板凳	bǎn dèng	792	en-eng,an-ang	1
肚皮	dù pí	793		1
报到	bào dào	794	ao-ou	1
开头	kāi tóu	795	ai-ei,ao-ou	1
鞋子	xié zi	796	ia-ie,z-zh,j-q-x	1
动画	dòng huà	797	ua-uo,h-f	1
小雪	xiǎo xuě	798	j-q-x	1
奶粉	nǎi fěn	799	en-eng,ai-ei,n-l,h-f	1
个子	gè zi	800	z-zh	1
想念	xiǎng niàn	802	ian-iang,n-l,j-q-x	1
头疼	tóu téng	804	en-eng,ao-ou	1
除夕	chú xī	805	c-ch,j-q-x	1
泉水	quán shuǐ	806	uan-uang,s-sh,j-q-x	1
加油	jiā yóu	807	ao-ou,ia-ie,j-q-x	1
放假	fàng jià	808	an-ang,ia-ie,h-f,j-q-x	1
紫色	zǐ sè	809	z-zh,s-sh	1
心爱	xī nài	811	ai-ei,n-l,j-q-x	1
羽毛	yǔ máo	812	ao-ou	1
夜空	yè kōng	813		1
国歌	guó gē	815	ua-uo	1
铃声	líng shēng	816	en-eng,in-ing,s-sh,n-l,r-l	1
书桌	shū zhuō	817	ua-uo,z-zh,s-sh	1
鼻孔	bí kǒng	818		1
松树	sōng shù	820	s-sh	1
篮子	lán zi	821	an-ang,z-zh,n-l,r-l	1
指甲	zhǐ jia	822	ia-ie,z-zh,j-q-x	1
青蛙	qīng wā	823	in-ing,j-q-x	1
黄瓜	huáng guā	824	uan-uang,ua-uo,h-f	1
姑姑	gū gu	825		1
请假	qǐng jià	826	in-ing,ia-ie,j-q-x	1
乌云	wū yún	827		1
门窗	mén chuāng	828	en-eng,uan-uang,c-ch	1
外衣	wài yī	829	ai-ei	1
荷花	hé huā	830	ua-uo,h-f	1
果子	guǒ zi	831	ua-uo,z-zh	1
铅笔	qiān bǐ	832	ian-iang,j-q-x	1
黑板	hēi bǎn	833	an-ang,ai-ei,h-f	1
伯伯	bó bo	835		1
刚好	gāng hǎo	836	an-ang,ao-ou,h-f	1
蜜蜂	mì fēng	837	en-eng,h-f	1
手套	shǒu tào	838	ao-ou,s-sh	1
准时	zhǔn shí	839	z-zh,s-sh	1
毛衣	máo yī	840	ao-ou	1
船长	chuán zhǎng	841	an-ang,uan-uang,z-zh,c-ch	1
青草	qīng cǎo	842	in-ing,ao-ou,c-ch,j-q-x	1
柳树	liǔ shù	843	s-sh,n-l,r-l	1
浪花	làng huā	844	an-ang,ua-uo,n-l,h-f,r-l	1
班级	bān jí	845	an-ang,j-q-x	1
秋风	qiū fēng	846	en-eng,h-f,j-q-x	1
专心	zhuān xīn	847	in-ing,uan-uang,z-zh,j-q-x	1
绿叶	lǜ yè	848	n-l,r-l	1
棉衣	mián yī	849	ian-iang	1
沙子	shā zi	850	z-zh,s-sh	1
兄妹	xiōng mèi	851	ai-ei,j-q-x	1
菜园	cài yuán	852	uan-uang,ai-ei,c-ch	1
字典	zì diǎn	853	ian-iang,z-zh	1
跑步	pǎo bù	854	ao-ou	1
竹子	zhú zi	855	z-zh	1
动听	dòng tīng	856	in-ing	1
包子	bāo zi	857	ao-ou,z-zh	1
摆动	bǎi dòng	858	ai-ei	1
下课	xià kè	859	ia-ie,j-q-x	1
寒假	hán jià	860	an-ang,ia-ie,h-f,j-q-x	1
复习	fù xí	861	h-f,j-q-x	1
做客	zuò kè	862	ua-uo,z-zh	1
手背	shǒu bèi	863	ai-ei,ao-ou,s-sh	1
调皮	tiáo pí	865		1
欢笑	huān xiào	866	uan-uang,h-f,j-q-x	1
气球	qì qiú	867	j-q-x	1
水池	shuǐ chí	869	c-ch,s-sh	1
钢笔	gāng bǐ	870	an-ang	1
海浪	hǎi làng	871	an-ang,ai-ei,n-l,h-f,r-l	1
晴天	qíng tiān	872	in-ing,ian-iang,j-q-x	1
山洞	shān dòng	873	an-ang,s-sh	1
窗台	chuāng tái	874	uan-uang,ai-ei,c-ch	1
扇子	shàn zi	875	an-ang,z-zh,s-sh	1
公车	gōng chē	877	c-ch	1
胆小	dǎn xiǎo	878	an-ang,j-q-x	1
孙女	sūn nǚ	879	s-sh,n-l	1
发芽	fā yá	880	h-f	1
花白	huā bái	881	ai-ei,ua-uo,h-f	1
清早	qīng zǎo	882	in-ing,ao-ou,z-zh,j-q-x	1
肥皂	féi zào	883	ai-ei,ao-ou,z-zh,h-f	1
南瓜	nán guā	884	an-ang,ua-uo,n-l	1
敬礼	jìng lǐ	885	in-ing,n-l,r-l,j-q-x	1
口水	kǒu shuǐ	886	ao-ou,s-sh	1
乌龟	wū guī	887		1
难听	nán tīng	888	in-ing,an-ang,n-l	1
爱惜	ài xī	889	ai-ei,j-q-x	1
机灵	jī ling	890	in-ing,n-l,r-l,j-q-x	1
班车	bān chē	891	an-ang,c-ch	1
饼干	bǐng gān	892	in-ing,an-ang	1
粉红	fěn hóng	895	en-eng,h-f	1
雨点	yǔ diǎn	896	ian-iang	1
大王	dài wang	897	an-ang,ai-ei	1
金鱼	jīn yú	898	in-ing,j-q-x	1
过冬	guò dōng	900	ua-uo	1
米饭	mǐ fàn	901	an-ang,h-f	1
画儿	huà ér	902	ua-uo,h-f	1
闷热	mēn rè	903	en-eng,r-l	1
荷叶	hé yè	904	h-f	1
冷风	lěng fēng	905	en-eng,n-l,h-f,r-l	1
橡皮	xiàng pí	906	ian-iang,j-q-x	1
皮球	pí qiú	907	j-q-x	1
姥爷	lǎo ye	908	ao-ou,n-l,r-l	1
火红	huǒ hóng	909	ua-uo,h-f	1
猎人	liè rén	910	en-eng,ia-ie,n-l,r-l	1
板子	bǎn zi	911	an-ang,z-zh	1
亭子	tíng zi	912	in-ing,z-zh	1
雨伞	yǔ sǎn	913	an-ang,s-sh	1
棒子	bàng zi	914	an-ang,z-zh	1
刮风	guā fēng	915	en-eng,ua-uo,h-f	1
课文	kè wén	916	en-eng	1
外公	wài gōng	917	ai-ei	1
粉笔	fěn bǐ	918	en-eng,h-f	1
水珠	shuǐ zhū	919	z-zh,s-sh	1
听讲	tīng jiǎng	922	in-ing,ian-iang,j-q-x	1
立正	lì zhèng	923	en-eng,z-zh,n-l,r-l	1
文具	wén jù	925	en-eng,j-q-x	1
朗读	lǎng dú	926	an-ang,n-l,r-l	1
盖子	gài zi	927	ai-ei,z-zh	1
笔画	bǐ huà	929	ua-uo,h-f	1
小气	xiǎo qi	931	j-q-x	1
赛跑	sài pǎo	932	ai-ei,ao-ou,s-sh	1
冬瓜	dōng guā	934	ua-uo	1
汽水	qì shuǐ	935	s-sh,j-q-x	1
爪子	zhuǎ zi	938	ua-uo,z-zh	1
刷牙	shuā yá	939	ua-uo,s-sh	1
饼子	bǐng zi	940	in-ing,z-zh	1
课桌	kè zhuō	941	ua-uo,z-zh	1
果汁	guǒ zhī	943	ua-uo,z-zh	1
阴天	yīn tiān	945	in-ing,ian-iang	1
园丁	yuán dīng	946	in-ing,uan-uang	1
牙刷	yá shuā	948	ua-uo,s-sh	1
零食	líng shí	949	in-ing,s-sh,n-l,r-l	1
尺子	chǐ zi	950	z-zh,c-ch	1
勺子	sháo zi	951	ao-ou,z-zh,s-sh	1
花丛	huā cóng	952	ua-uo,c-ch,h-f	1
生火	shēng huǒ	953	en-eng,ua-uo,s-sh,h-f	1
刷子	shuā zi	954	ua-uo,z-zh,s-sh	1
香皂	xiāng zào	955	ian-iang,ao-ou,z-zh,j-q-x	1
拔河	bá hé	956	h-f	1
纸巾	zhǐ jīn	957	in-ing,z-zh,j-q-x	1
加法	jiā fǎ	958	ia-ie,h-f,j-q-x	1
课间	kè jiān	960	ian-iang,j-q-x	1
笨蛋	bèn dàn	962	en-eng,an-ang	1
午觉	wǔ jiào	963	j-q-x	1
问路	wèn lù	964	en-eng,n-l,r-l	1
册子	cè zi	968	z-zh,c-ch	1
减法	jiǎn fǎ	969	ian-iang,h-f,j-q-x	1
晚安	wǎ nān	971	an-ang,n-l	1
后年	hòu nián	973	ian-iang,ao-ou,n-l,h-f	1
早操	zǎo cāo	974	ao-ou,z-zh,c-ch	1
笔顺	bǐ shùn	976	s-sh	1
父女	fù nǚ	978	n-l,h-f	1
瓜子	guā zǐ	979	ua-uo,z-zh	1
叫作	jiào zuò	980	ua-uo,z-zh,j-q-x	1
姐弟	jiě dì	981	ia-ie,j-q-x	1
进去	jìn qù	982	in-ing,j-q-x	1
上前	shàng qián	984	an-ang,ian-iang,s-sh,j-q-x	1
石块	shí kuài	986	s-sh	1
钟声	zhōng shēng	988	en-eng,z-zh,s-sh	1
社会	shè huì	989	s-sh,h-f	1
关系	guān xì	990	uan-uang,j-q-x	1
思想	sī xiǎng	991	ian-iang,s-sh,j-q-x	1
同时	tóng shí	992	s-sh	1
需要	xū yào	993	ao-ou,j-q-x	1
人民	rén mín	994	en-eng,in-ing,r-l	1
认为	rèn wéi	995	en-eng,ai-ei,r-l	1
历史	lì shǐ	996	s-sh,n-l,r-l	1
方面	fāng miàn	997	an-ang,ian-iang,h-f	1
必须	bì xū	998	j-q-x	1
特别	tè bié	999	ia-ie	1
文化	wén huà	1000	en-eng,ua-uo,h-f	1
同志	tóng zhì	1001	z-zh	1
因此	yīn cǐ	1002	in-ing,c-ch	1
领导	lǐng dǎo	1003	in-ing,ao-ou,n-l,r-l	1
公司	gōng sī	1004	s-sh	1
研究	yán jiū	1005	an-ang,j-q-x	1
之间	zhī jiān	1006	ian-iang,z-zh,j-q-x	1
由于	yóu yú	1007	ao-ou	1
表示	biǎo shì	1008	s-sh	1
如何	rú hé	1009	h-f,r-l	1
教育	jiào yù	1010	j-q-x	1
经济	jīng jì	1011	in-ing,j-q-x	1
以及	yǐ jí	1012	j-q-x	1
影响	yǐng xiǎng	1013	in-ing,ian-iang,j-q-x	1
其中	qí zhōng	1014	z-zh,j-q-x	1
完全	wán quán	1015	an-ang,uan-uang,j-q-x	1
主要	zhǔ yào	1016	ao-ou,z-zh	1
继续	jì xù	1017	j-q-x	1
革命	gé mìng	1018	in-ing	1
之后	zhī hòu	1019	ao-ou,z-zh,h-f	1
上海	Shàng hǎi	1020	an-ang,ai-ei,s-sh,h-f	1
经过	jīng guò	1021	in-ing,ua-uo,j-q-x	1
一般	yī bān	1022	an-ang	1
作品	zuò pǐn	1023	in-ing,ua-uo,z-zh	1
青年	qīng nián	1024	in-ing,ian-iang,n-l,j-q-x	1
其他	qí tā	1025	j-q-x	1
根本	gēn běn	1026	en-eng	1
作者	zuò zhě	1027	ua-uo,z-zh	1
怎么	zěn me	1028	en-eng,z-zh	1
任何	rèn hé	1029	en-eng,h-f,r-l	1
表现	biǎo xiàn	1030	ian-iang,j-q-x	1
存在	cún zài	1031	ai-ei,z-zh,c-ch	1
然而	rán ér	1032	an-ang,r-l	1
单位	dān wèi	1033	an-ang,ai-ei	1
群众	qún zhòng	1034	z-zh,j-q-x	1
应当	yīng dāng	1035	in-ing,an-ang	1
个人	gè rén	1036	en-eng,r-l	1
意义	yì yì	1037		1
条件	tiáo jiàn	1038	ian-iang,j-q-x	1
环境	huán jìng	1039	in-ing,uan-uang,h-f,j-q-x	1
了解	liǎo jiě	1040	ia-ie,n-l,r-l,j-q-x	1
力量	lì liàng	1041	ian-iang,n-l,r-l	1
不仅	bù jǐn	1042	in-ing,j-q-x	1
目前	mù qián	1043	ian-iang,j-q-x	1
经验	jīng yàn	1044	in-ing,an-ang,j-q-x	1
产生	chǎn shēng	1045	en-eng,an-ang,c-ch,s-sh	1
真正	zhēn zhèng	1046	en-eng,z-zh	1
有关	yǒu guān	1047	uan-uang,ao-ou	1
会议	huì yì	1048	h-f	1
生命	shēng mìng	1049	en-eng,in-ing,s-sh	1
意见	yì jiàn	1050	ian-iang,j-q-x	1
民族	mín zú	1051	in-ing,z-zh	1
文学	wén xué	1052	en-eng,j-q-x	1
地区	dì qū	1053	j-q-x	1
家庭	jiā tíng	1054	in-ing,ia-ie,j-q-x	1
原因	yuán yīn	1055	in-ing,uan-uang	1
介绍	jiè shào	1056	ao-ou,ia-ie,s-sh,j-q-x	1
方式	fāng shì	1057	an-ang,s-sh,h-f	1
计划	jì huà	1058	ua-uo,h-f,j-q-x	1
人类	rén lèi	1059	en-eng,ai-ei,n-l,r-l	1
报告	bào gào	1060	ao-ou	1
能力	néng lì	1061	en-eng,n-l,r-l	1
作用	zuò yòng	1062	ua-uo,z-zh	1
如此	rú cǐ	1063	c-ch,r-l	1
困难	kùn nan	1064	an-ang,n-l	1
多少	duō shao	1065	ao-ou,ua-uo,s-sh	1
随着	suí zhe	1066	z-zh,s-sh	1
农村	nóng cūn	1067	c-ch,n-l	1
具有	jù yǒu	1068	ao-ou,j-q-x	1
内容	nèi róng	1069	ai-ei,n-l,r-l	1
文艺	wén yì	1070	en-eng	1
主任	zhǔ rèn	1071	en-eng,z-zh,r-l	1
事业	shì yè	1072	s-sh	1
技术	jì shù	1073	s-sh,j-q-x	1
记者	jì zhě	1074	z-zh,j-q-x	1
人员	rén yuán	1075	en-eng,uan-uang,r-l	1
以来	yǐ lái	1076	ai-ei,n-l,r-l	1
建设	jiàn shè	1077	ian-iang,s-sh,j-q-x	1
利用	lì yòng	1078	n-l,r-l	1
怎样	zěn yàng	1079	en-eng,an-ang,z-zh	1
行为	xíng wéi	1080	in-ing,ai-ei,j-q-x	1
正是	zhèng shì	1081	en-eng,z-zh,s-sh	1
人物	rén wù	1082	en-eng,r-l	1
接受	jiē shòu	1083	ao-ou,ia-ie,s-sh,j-q-x	1
发表	fā biǎo	1084	h-f	1
原来	yuán lái	1085	uan-uang,ai-ei,n-l,r-l	1
生产	shēng chǎn	1086	en-eng,an-ang,c-ch,s-sh	1
大学	dà xué	1087	j-q-x	1
过程	guò chéng	1088	en-eng,ua-uo,c-ch	1
创造	chuàng zào	1089	uan-uang,ao-ou,z-zh,c-ch	1
增加	zēng jiā	1090	en-eng,ia-ie,z-zh,j-q-x	1
时期	shí qī	1091	s-sh,j-q-x	1
传统	chuán tǒng	1092	uan-uang,c-ch	1
支持	zhī chí	1093	z-zh,c-ch	1
根据	gēn jù	1094	en-eng,j-q-x	1
市场	shì chǎng	1095	an-ang,c-ch,s-sh	1
包括	bāo kuò	1096	ao-ou,ua-uo	1
直接	zhí jiē	1097	ia-ie,z-zh,j-q-x	1
政策	zhèng cè	1098	en-eng,z-zh,c-ch	1
科学	kē xué	1099	j-q-x	1
提高	tí gāo	1100	ao-ou	1
坚持	jiān chí	1101	ian-iang,c-ch,j-q-x	1
完成	wán chéng	1102	en-eng,an-ang,c-ch	1
引起	yǐn qǐ	1103	in-ing,j-q-x	1
责任	zé rèn	1104	en-eng,z-zh,r-l	1
任务	rèn wu	1105	en-eng,r-l	1
部队	bù duì	1106		1
部分	bù fen	1107	en-eng,h-f	1
首先	shǒu xiān	1108	ian-iang,ao-ou,s-sh,j-q-x	1
形式	xíng shì	1109	in-ing,s-sh,j-q-x	1
行动	xíng dòng	1110	in-ing,j-q-x	1
仍然	réng rán	1111	en-eng,an-ang,r-l	1
处理	chǔ lǐ	1112	c-ch,n-l,r-l	1
形成	xíng chéng	1113	en-eng,in-ing,c-ch,j-q-x	1
新闻	xīn wén	1114	en-eng,in-ing,j-q-x	1
地位	dì wèi	1115	ai-ei	1
除了	chú le	1116	c-ch,n-l,r-l	1
企业	qǐ yè	1117	j-q-x	1
主席	zhǔ xí	1118	z-zh,j-q-x	1
严重	yán zhòng	1119	an-ang,z-zh	1
法律	fǎ lǜ	1120	n-l,h-f,r-l	1
建立	jiàn lì	1121	ian-iang,n-l,r-l,j-q-x	1
服务	fú wù	1122	h-f	1
自由	zì yóu	1123	ao-ou,z-zh	1
实现	shí xiàn	1124	ian-iang,s-sh,j-q-x	1
达到	dá dào	1125	ao-ou	1
然后	rán hòu	1126	an-ang,ao-ou,h-f,r-l	1
改革	gǎi gé	1127	ai-ei	1
现实	xiàn shí	1128	ian-iang,s-sh,j-q-x	1
规定	guī dìng	1129	in-ing	1
管理	guǎn lǐ	1130	uan-uang,n-l,r-l	1
如今	rú jīn	1131	in-ing,r-l,j-q-x	1
年代	nián dài	1132	ian-iang,ai-ei,n-l	1
中心	zhōng xīn	1133	in-ing,z-zh,j-q-x	1
国际	guó jì	1134	ua-uo,j-q-x	1
理解	lǐ jiě	1135	ia-ie,n-l,r-l,j-q-x	1
保持	bǎo chí	1136	ao-ou,c-ch	1
选择	xuǎn zé	1137	uan-uang,z-zh,j-q-x	1
尽管	jǐn guǎn	1138	in-ing,uan-uang,j-q-x	1
斗争	dòu zhēng	1139	en-eng,ao-ou,z-zh	1
创作	chuàng zuò	1140	uan-uang,ua-uo,z-zh,c-ch	1
造成	zào chéng	1141	en-eng,ao-ou,z-zh,c-ch	1
是否	shì fǒu	1142	ao-ou,s-sh,h-f	1
获得	huò dé	1143	ua-uo,h-f	1
安排	ān pái	1144	an-ang,ai-ei	1
目的	mù dì	1145		1
制度	zhì dù	1146	z-zh	1
精神	jīng shén	1147	en-eng,in-ing,s-sh,j-q-x	1
似乎	sì hū	1148	s-sh,h-f	1
尤其	yóu qí	1149	ao-ou,j-q-x	1
水平	shuǐ píng	1150	in-ing,s-sh	1
价值	jià zhí	1151	ia-ie,z-zh,j-q-x	1
妇女	fù nǚ	1152	n-l,h-f	1
并且	bìng qiě	1153	in-ing,ia-ie,j-q-x	1
方向	fāng xiàng	1154	an-ang,ian-iang,h-f,j-q-x	1
往往	wǎng wǎng	1155	an-ang	1
考虑	kǎo lǜ	1156	ao-ou,n-l,r-l	1
重大	zhòng dà	1157	z-zh	1
人才	rén cái	1158	en-eng,ai-ei,c-ch,r-l	1
总统	zǒng tǒng	1159	z-zh	1
具体	jù tǐ	1160	j-q-x	1
文章	wén zhāng	1161	en-eng,an-ang,z-zh	1
现象	xiàn xiàng	1162	ian-iang,j-q-x	1
立即	lì jí	1163	n-l,r-l,j-q-x	1
材料	cái liào	1164	ai-ei,c-ch,n-l,r-l	1
不得	bù dé	1165		1
证明	zhèng míng	1166	en-eng,in-ing,z-zh	1
年轻	nián qīng	1167	in-ing,ian-iang,n-l,j-q-x	1
事实	shì shí	1168	s-sh	1
分别	fēn bié	1169	en-eng,ia-ie,h-f	1
矛盾	máo dùn	1170	ao-ou	1
积极	jī jí	1171	j-q-x	1
提供	tí gōng	1172		1
讨论	tǎo lùn	1173	ao-ou,n-l,r-l	1
取得	qǔ dé	1174	j-q-x	1
始终	shǐ zhōng	1175	z-zh,s-sh	1
程度	chéng dù	1176	en-eng,c-ch	1
分析	fēn xī	1177	en-eng,h-f,j-q-x	1
消息	xiāo xi	1178	j-q-x	1
检查	jiǎn chá	1179	ian-iang,c-ch,j-q-x	1
宣传	xuān chuán	1180	uan-uang,c-ch,j-q-x	1
合作	hé zuò	1181	ua-uo,z-zh,h-f	1
电影	diàn yǐng	1182	in-ing,ian-iang	1
另外	lìng wài	1183	in-ing,ai-ei,n-l,r-l	1
肯定	kěn dìng	1184	en-eng,in-ing	1
举行	jǔ xíng	1185	in-ing,j-q-x	1
目标	mù biāo	1186		1
反映	fǎn yìng	1187	in-ing,an-ang,h-f	1
成立	chéng lì	1188	en-eng,c-ch,n-l,r-l	1
充分	chōng fèn	1189	en-eng,c-ch,h-f	1
标准	biāo zhǔn	1190	z-zh	1
原则	yuán zé	1191	uan-uang,z-zh	1
同样	tóng yàng	1192	an-ang	1
控制	kòng zhì	1193	z-zh	1
队伍	duì wu	1194		1
结构	jié gòu	1195	ao-ou,ia-ie,j-q-x	1
调查	diào chá	1196	c-ch	1
农业	nóng yè	1197	n-l	1
清楚	qīng chu	1198	in-ing,c-ch,j-q-x	1
采取	cǎi qǔ	1199	ai-ei,c-ch,j-q-x	1
集中	jí zhōng	1200	z-zh,j-q-x	1
明显	míng xiǎn	1202	in-ing,ian-iang,j-q-x	1
粮食	liáng shi	1203	ian-iang,s-sh,n-l,r-l	1
结合	jié hé	1204	ia-ie,h-f,j-q-x	1
保证	bǎo zhèng	1205	en-eng,ao-ou,z-zh	1
收入	shōu rù	1206	ao-ou,s-sh,r-l	1
实行	shí xíng	1207	in-ing,s-sh,j-q-x	1
愿意	yuàn yì	1208	uan-uang	1
形象	xíng xiàng	1209	in-ing,ian-iang,j-q-x	1
人生	rén shēng	1210	en-eng,s-sh,r-l	1
充满	chōng mǎn	1211	an-ang,c-ch	1
负责	fù zé	1212	z-zh,h-f	1
感情	gǎn qíng	1213	in-ing,an-ang,j-q-x	1
利益	lì yì	1214	n-l,r-l	1
和平	hé píng	1215	in-ing,h-f	1
解释	jiě shì	1216	ia-ie,s-sh,j-q-x	1
道德	dào dé	1217	ao-ou	1
教师	jiào shī	1218	s-sh,j-q-x	1
出版	chū bǎn	1219	an-ang,c-ch	1
加强	jiā qiáng	1220	ian-iang,ia-ie,j-q-x	1
道路	dào lù	1221	ao-ou,n-l,r-l	1
迅速	xùn sù	1222	s-sh,j-q-x	1
产品	chǎn pǐn	1223	in-ing,an-ang,c-ch	1
信息	xìn xī	1224	in-ing,j-q-x	1
深入	shēn rù	1225	en-eng,s-sh,r-l	1
胜利	shèng lì	1226	en-eng,s-sh,n-l,r-l	1
发挥	fā huī	1227	h-f	1
读者	dú zhě	1228	z-zh	1
曾经	céng jīng	1229	en-eng,in-ing,c-ch,j-q-x	1
重视	zhòng shì	1230	z-zh,s-sh	1
设计	shè jì	1231	s-sh,j-q-x	1
理想	lǐ xiǎng	1232	ian-iang,n-l,r-l,j-q-x	1
双方	shuāng fāng	1233	an-ang,uan-uang,s-sh,h-f	1
恢复	huī fù	1234	h-f	1
不足	bù zú	1235	z-zh	1
属于	shǔ yú	1236	s-sh	1
工业	gōng yè	1237		1
满足	mǎn zú	1238	an-ang,z-zh	1
质量	zhì liàng	1239	ian-iang,z-zh,n-l,r-l	1
自然	zì rán	1240	an-ang,z-zh,r-l	1
日子	rì zi	1241	z-zh,r-l	1
紧张	jǐn zhāng	1242	in-ing,an-ang,z-zh,j-q-x	1
阶段	jiē duàn	1243	uan-uang,ia-ie,j-q-x	1
开发	kāi fā	1244	ai-ei,h-f	1
范围	fàn wéi	1245	an-ang,ai-ei,h-f	1
大会	dà huì	1246	h-f	1
总理	zǒng lǐ	1247	z-zh,n-l,r-l	1
全面	quán miàn	1248	ian-iang,uan-uang,j-q-x	1
未来	wèi lái	1249	ai-ei,n-l,r-l	1
扩大	kuò dà	1250	ua-uo	1
即使	jí shǐ	1251	s-sh,j-q-x	1
军队	jūn duì	1252	j-q-x	1
难以	nán yǐ	1253	an-ang,n-l	1
外国	wài guó	1254	ai-ei,ua-uo	1
先进	xiān jìn	1255	in-ing,ian-iang,j-q-x	1
银行	yín háng	1256	in-ing,an-ang,h-f	1
事件	shì jiàn	1257	ian-iang,s-sh,j-q-x	1
热情	rè qíng	1258	in-ing,r-l,j-q-x	1
强烈	qiáng liè	1259	ian-iang,ia-ie,n-l,r-l,j-q-x	1
必要	bì yào	1260	ao-ou	1
文明	wén míng	1261	en-eng,in-ing	1
建议	jiàn yì	1262	ian-iang,j-q-x	1
特殊	tè shū	1263	s-sh	1
战士	zhàn shì	1264	an-ang,z-zh,s-sh	1
无论	wú lùn	1265	n-l,r-l	1
讲话	jiǎng huà	1266	ian-iang,ua-uo,h-f,j-q-x	1
同意	tóng yì	1267		1
分子	fèn zǐ	1268	en-eng,z-zh,h-f	1
实践	shí jiàn	1269	ian-iang,s-sh,j-q-x	1
建筑	jiàn zhù	1270	ian-iang,z-zh,j-q-x	1
之前	zhī qián	1271	ian-iang,z-zh,j-q-x	1
长期	cháng qī	1272	an-ang,c-ch,j-q-x	1
专门	zhuān mén	1273	en-eng,uan-uang,z-zh	1
大量	dà liàng	1274	ian-iang,n-l,r-l	1
成绩	chéng jì	1275	en-eng,c-ch,j-q-x	1
培养	péi yǎng	1276	an-ang,ai-ei	1
超过	chāo guò	1277	ao-ou,ua-uo,c-ch	1
正式	zhèng shì	1278	en-eng,z-zh,s-sh	1
著名	zhù míng	1279	in-ing,z-zh	1
批评	pī píng	1280	in-ing	1
稳定	wěn dìng	1281	en-eng,in-ing	1
出口	chū kǒu	1282	ao-ou,c-ch	1
重点	zhòng diǎn	1283	ian-iang,z-zh	1
指导	zhǐ dǎo	1284	ao-ou,z-zh	1
不但	bù dàn	1285	an-ang	1
开展	kāi zhǎn	1286	an-ang,ai-ei,z-zh	1
投入	tóu rù	1287	ao-ou,r-l	1
高度	gāo dù	1288	ao-ou	1
独立	dú lì	1289	n-l,r-l	1
职工	zhí gōng	1290	z-zh	1
增长	zēng zhǎng	1291	en-eng,an-ang,z-zh	1
深刻	shēn kè	1292	en-eng,s-sh	1
以下	yǐ xià	1293	ia-ie,j-q-x	1
主张	zhǔ zhāng	1294	an-ang,z-zh	1
习惯	xí guàn	1295	uan-uang,j-q-x	1
交通	jiāo tōng	1296	j-q-x	1
关键	guān jiàn	1297	ian-iang,uan-uang,j-q-x	1
坚决	jiān jué	1298	ian-iang,j-q-x	1
承认	chéng rèn	1299	en-eng,c-ch,r-l	1
效果	xiào guǒ	1300	ua-uo,j-q-x	1
宣布	xuān bù	1301	uan-uang,j-q-x	1
资源	zī yuán	1303	uan-uang,z-zh	1
先后	xiān hòu	1304	ian-iang,ao-ou,h-f,j-q-x	1
今后	jīn hòu	1305	in-ing,ao-ou,h-f,j-q-x	1
促进	cù jìn	1306	in-ing,c-ch,j-q-x	1
经历	jīng lì	1307	in-ing,n-l,r-l,j-q-x	1
有效	yǒu xiào	1308	ao-ou,j-q-x	1
特点	tè diǎn	1309	ian-iang	1
价格	jià gé	1310	ia-ie,j-q-x	1
观众	guān zhòng	1311	uan-uang,z-zh	1
值得	zhí dé	1312	z-zh	1
地方	dì fāng	1313	an-ang,h-f	1
破坏	pò huài	1314	h-f	1
看来	kàn lái	1315	an-ang,ai-ei,n-l,r-l	1
适应	shì yìng	1316	in-ing,s-sh	1
贡献	gòng xiàn	1317	ian-iang,j-q-x	1
突出	tū chū	1318	c-ch	1
掌握	zhǎng wò	1319	an-ang,z-zh	1
对象	duì xiàng	1320	ian-iang,j-q-x	1
确定	què dìng	1321	in-ing,j-q-x	1
此外	cǐ wài	1322	ai-ei,c-ch	1
满意	mǎn yì	1323	an-ang	1
合理	hé lǐ	1324	n-l,h-f,r-l	1
竞争	jìng zhēng	1325	en-eng,in-ing,z-zh,j-q-x	1
当地	dāng dì	1326	an-ang	1
联合	lián hé	1327	ian-iang,n-l,h-f,r-l	1
训练	xùn liàn	1328	ian-iang,n-l,r-l,j-q-x	1
网络	wǎng luò	1329	an-ang,ua-uo,n-l,r-l	1
前进	qián jìn	1330	in-ing,ian-iang,j-q-x	1
显得	xiǎn de	1331	ian-iang,j-q-x	1
自身	zì shēn	1332	en-eng,z-zh,s-sh	1
指挥	zhǐ huī	1333	z-zh,h-f	1
交流	jiāo liú	1334	n-l,r-l,j-q-x	1
天津	Tiān jīn	1335	in-ing,ian-iang,j-q-x	1
设备	shè bèi	1336	ai-ei,s-sh	1
缺乏	quē fá	1337	h-f,j-q-x	1
真实	zhēn shí	1338	en-eng,z-zh,s-sh	1
体现	tǐ xiàn	1339	ian-iang,j-q-x	1
文字	wén zì	1340	en-eng,z-zh	1
严格	yán gé	1341	an-ang	1
依然	yī rán	1342	an-ang,r-l	1
称为	chēng wéi	1343	en-eng,ai-ei,c-ch	1
资料	zī liào	1344	z-zh,n-l,r-l	1
速度	sù dù	1345	s-sh	1
工资	gōng zī	1346	z-zh	1
至少	zhì shǎo	1347	ao-ou,z-zh,s-sh	1
纷纷	fēn fēn	1348	en-eng,h-f	1
集体	jí tǐ	1349	j-q-x	1
召开	zhào kāi	1350	ai-ei,ao-ou,z-zh	1
小说	xiǎo shuō	1351	ua-uo,s-sh,j-q-x	1
主动	zhǔ dòng	1352	z-zh	1
附近	fù jìn	1353	in-ing,h-f,j-q-x	1
解放	jiě fàng	1354	an-ang,ia-ie,h-f,j-q-x	1
通知	tōng zhī	1355	z-zh	1
广告	guǎng gào	1356	uan-uang,ao-ou	1
当前	dāng qián	1357	an-ang,ian-iang,j-q-x	1
至今	zhì jīn	1358	in-ing,z-zh,j-q-x	1
当年	dàng nián	1359	an-ang,ian-iang,n-l	1
广泛	guǎng fàn	1360	an-ang,uan-uang,h-f	1
及时	jí shí	1361	s-sh,j-q-x	1
普遍	pǔ biàn	1362	ian-iang	1
损失	sǔn shī	1363	s-sh	1
死亡	sǐ wáng	1364	an-ang,s-sh	1
毕业	bì yè	1365		1
职业	zhí yè	1366	z-zh	1
参与	cān yù	1367	an-ang,c-ch	1
符合	fú hé	1368	h-f	1
本来	běn lái	1369	en-eng,ai-ei,n-l,r-l	1
空间	kōng jiān	1370	ian-iang,j-q-x	1
逐渐	zhú jiàn	1371	ian-iang,z-zh,j-q-x	1
犯罪	fàn zuì	1372	an-ang,z-zh,h-f	1
美元	měi yuán	1373	uan-uang,ai-ei	1
打击	dǎ jī	1374	j-q-x	1
危险	wēi xiǎn	1375	ian-iang,ai-ei,j-q-x	1
表演	biǎo yǎn	1376	an-ang	1
报纸	bào zhǐ	1377	ao-ou,z-zh	1
公开	gōng kāi	1378	ai-ei	1
显示	xiǎn shì	1379	ian-iang,s-sh,j-q-x	1
采用	cǎi yòng	1380	ai-ei,c-ch	1
最终	zuì zhōng	1381	z-zh	1
运用	yùn yòng	1382		1
委员	wěi yuán	1383	uan-uang,ai-ei	1
商品	shāng pǐn	1384	in-ing,an-ang,s-sh	1
规律	guī lǜ	1385	n-l,r-l	1
鼓励	gǔ lì	1386	n-l,r-l	1
西方	xī fāng	1387	an-ang,h-f,j-q-x	1
各个	gè gè	1388		1
商业	shāng yè	1389	an-ang,s-sh	1
特色	tè sè	1390	s-sh	1
夫人	fū rén	1391	en-eng,h-f,r-l	1
居民	jū mín	1392	in-ing,j-q-x	1
维护	wéi hù	1393	ai-ei,h-f	1
权力	quán lì	1394	uan-uang,n-l,r-l,j-q-x	1
文件	wén jiàn	1395	en-eng,ian-iang,j-q-x	1
分配	fēn pèi	1396	en-eng,ai-ei,h-f	1
加快	jiā kuài	1397	ia-ie,j-q-x	1
综合	zōng hé	1398	z-zh,h-f	1
铁路	tiě lù	1399	ia-ie,n-l,r-l	1
拥有	yōng yǒu	1400	ao-ou	1
标题	biāo tí	1401		1
到底	dào dǐ	1402	ao-ou	1
平均	píng jūn	1403	in-ing,j-q-x	1
制造	zhì zào	1404	ao-ou,z-zh	1
应用	yìng yòng	1405	in-ing	1
热烈	rè liè	1406	ia-ie,n-l,r-l	1
素质	sù zhì	1407	z-zh,s-sh	1
创新	chuàng xīn	1408	in-ing,uan-uang,c-ch,j-q-x	1
局面	jú miàn	1409	ian-iang,j-q-x	1
观点	guān diǎn	1410	ian-iang,uan-uang	1
功能	gōng néng	1411	en-eng,n-l	1
增强	zēng qiáng	1412	en-eng,ian-iang,z-zh,j-q-x	1
对方	duì fāng	1413	an-ang,h-f	1
公里	gōng lǐ	1414	n-l,r-l	1
全体	quán tǐ	1415	uan-uang,j-q-x	1
反应	fǎn yìng	1416	in-ing,an-ang,h-f	1
因而	yīn ér	1417	in-ing	1
享受	xiǎng shòu	1418	ian-iang,ao-ou,s-sh,j-q-x	1
消费	xiāo fèi	1419	ai-ei,h-f,j-q-x	1
吸引	xī yǐn	1420	in-ing,j-q-x	1
改善	gǎi shàn	1421	an-ang,ai-ei,s-sh	1
尊重	zūn zhòng	1422	z-zh	1
感受	gǎn shòu	1423	an-ang,ao-ou,s-sh	1
构成	gòu chéng	1424	en-eng,ao-ou,c-ch	1
处于	chǔ yú	1425	c-ch	1
战斗	zhàn dòu	1426	an-ang,ao-ou,z-zh	1
逐步	zhú bù	1427	z-zh	1
把握	bǎ wò	1428		1
探索	tàn suǒ	1429	an-ang,ua-uo,s-sh	1
生存	shēng cún	1430	en-eng,c-ch,s-sh	1
访问	fǎng wèn	1431	en-eng,an-ang,h-f	1
展开	zhǎn kāi	1432	an-ang,ai-ei,z-zh	1
早已	zǎo yǐ	1433	ao-ou,z-zh	1
规范	guī fàn	1434	an-ang,h-f	1
相对	xiāng duì	1435	ian-iang,j-q-x	1
舞台	wǔ tái	1436	ai-ei	1
理由	lǐ yóu	1437	ao-ou,n-l,r-l	1
冲突	chōng tū	1438	c-ch	1
压力	yā lì	1439	n-l,r-l	1
中学	zhōng xué	1440	z-zh,j-q-x	1
仿佛	fǎng fú	1441	an-ang,h-f	1
采访	cǎi fǎng	1442	an-ang,ai-ei,c-ch,h-f	1
相关	xiāng guān	1443	ian-iang,uan-uang,j-q-x	1
谈话	tán huà	1444	an-ang,ua-uo,h-f	1
加工	jiā gōng	1445	ia-ie,j-q-x	1
转变	zhuǎn biàn	1446	ian-iang,uan-uang,z-zh	1
评价	píng jià	1447	in-ing,ia-ie,j-q-x	1
大约	dà yuē	1448		1
心情	xīn qíng	1449	in-ing,j-q-x	1
面临	miàn lín	1450	in-ing,ian-iang,n-l,r-l	1
总结	zǒng jié	1451	ia-ie,z-zh,j-q-x	1
百姓	bǎi xìng	1452	in-ing,ai-ei,j-q-x	1
秩序	zhì xù	1453	z-zh,j-q-x	1
道理	dào lǐ	1454	ao-ou,n-l,r-l	1
各自	gè zì	1455	z-zh	1
统计	tǒng jì	1456	j-q-x	1
连续	lián xù	1457	ian-iang,n-l,r-l,j-q-x	1
寻找	xún zhǎo	1458	ao-ou,z-zh,j-q-x	1
武器	wǔ qì	1459	j-q-x	1
限制	xiàn zhì	1460	ian-iang,z-zh,j-q-x	1
整体	zhěng tǐ	1461	en-eng,z-zh	1
大陆	dà lù	1462	n-l,r-l	1
大事	dà shì	1463	s-sh	1
旅游	lǚ yóu	1464	ao-ou,n-l,r-l	1
演员	yǎn yuán	1465	an-ang,uan-uang	1
拒绝	jù jué	1466	j-q-x	1
下降	xià jiàng	1467	ian-iang,ia-ie,j-q-x	1
数量	shù liàng	1468	ian-iang,s-sh,n-l,r-l	1
高级	gāo jí	1469	ao-ou,j-q-x	1
顺利	shùn lì	1470	s-sh,n-l,r-l	1
放心	fàng xīn	1471	in-ing,an-ang,h-f,j-q-x	1
配合	pèi hé	1472	ai-ei,h-f	1
引导	yǐn dǎo	1473	in-ing,ao-ou	1
严肃	yán sù	1474	an-ang,s-sh	1
至于	zhì yú	1475	z-zh	1
成熟	chéng shú	1476	en-eng,c-ch,s-sh	1
痛苦	tòng kǔ	1477		1
主题	zhǔ tí	1479	z-zh	1
举办	jǔ bàn	1480	an-ang,j-q-x	1
降低	jiàng dī	1481	ian-iang,j-q-x	1
此时	cǐ shí	1482	c-ch,s-sh	1
承担	chéng dān	1483	en-eng,an-ang,c-ch	1
落后	luò hòu	1484	ao-ou,ua-uo,n-l,h-f,r-l	1
人士	rén shì	1485	en-eng,s-sh,r-l	1
争取	zhēng qǔ	1486	en-eng,z-zh,j-q-x	1
运输	yùn shū	1487	s-sh	1
日期	rì qī	1488	r-l,j-q-x	1
标志	biāo zhì	1489	z-zh	1
天下	tiān xià	1490	ian-iang,ia-ie,j-q-x	1
警察	jǐng chá	1491	in-ing,c-ch,j-q-x	1
培训	péi xùn	1492	ai-ei,j-q-x	1
避免	bì miǎn	1493	ian-iang	1
接触	jiē chù	1494	ia-ie,c-ch,j-q-x	1
依靠	yī kào	1495	ao-ou	1
想象	xiǎng xiàng	1496	ian-iang,j-q-x	1
友好	yǒu hǎo	1497	ao-ou,h-f	1
老板	lǎo bǎn	1498	an-ang,ao-ou,n-l,r-l	1
允许	yǔn xǔ	1499	j-q-x	1
一生	yī shēng	1500	en-eng,s-sh	1
印象	yìn xiàng	1501	in-ing,ian-iang,j-q-x	1
推广	tuī guǎng	1502	uan-uang	1
突破	tū pò	1503		1
转移	zhuǎn yí	1504	uan-uang,z-zh	1
时刻	shí kè	1505	s-sh	1
现场	xiàn chǎng	1506	an-ang,ian-iang,c-ch,j-q-x	1
大小	dà xiǎo	1507	j-q-x	1
出席	chū xí	1508	c-ch,j-q-x	1
熟悉	shú xi	1509	s-sh,j-q-x	1
公民	gōng mín	1510	in-ing	1
资格	zī gé	1511	z-zh	1
距离	jù lí	1512	n-l,r-l,j-q-x	1
交换	jiāo huàn	1513	uan-uang,h-f,j-q-x	1
激动	jī dòng	1514	j-q-x	1
否则	fǒu zé	1515	ao-ou,z-zh,h-f	1
上升	shàng shēng	1516	en-eng,an-ang,s-sh	1
纪念	jì niàn	1517	ian-iang,n-l,j-q-x	1
亲切	qīn qiè	1518	in-ing,ia-ie,j-q-x	1
义务	yì wù	1519		1
比例	bǐ lì	1520	n-l,r-l	1
办事	bàn shì	1521	an-ang,s-sh	1
试验	shì yàn	1522	an-ang,s-sh	1
品种	pǐn zhǒng	1523	in-ing,z-zh	1
的确	dí què	1524	j-q-x	1
数字	shù zì	1525	z-zh,s-sh	1
选举	xuǎn jǔ	1526	uan-uang,j-q-x	1
设立	shè lì	1527	s-sh,n-l,r-l	1
费用	fèi yong	1528	ai-ei,h-f	1
针对	zhēn duì	1529	en-eng,z-zh	1
街道	jiē dào	1530	ao-ou,ia-ie,j-q-x	1
兴趣	xìng qù	1531	in-ing,j-q-x	1
平等	píng děng	1532	en-eng,in-ing	1
相比	xiāng bǐ	1533	ian-iang,j-q-x	1
重庆	Chóng qìng	1534	in-ing,c-ch,j-q-x	1
办理	bàn lǐ	1535	an-ang,n-l,r-l	1
样子	yàng zi	1536	an-ang,z-zh	1
从此	cóng cǐ	1538	c-ch	1
修改	xiū gǎi	1539	ai-ei,j-q-x	1
背景	bèi jǐng	1540	in-ing,ai-ei,j-q-x	1
美好	měi hǎo	1542	ai-ei,ao-ou,h-f	1
命令	mìng lìng	1543	in-ing,n-l,r-l	1
戏剧	xì jù	1544	j-q-x	1
实验	shí yàn	1545	an-ang,s-sh	1
官员	guān yuán	1546	uan-uang	1
首都	shǒu dū	1547	ao-ou,s-sh	1
信心	xìn xīn	1548	in-ing,j-q-x	1
强大	qiáng dà	1549	ian-iang,j-q-x	1
石油	shí yóu	1550	ao-ou,s-sh	1
防止	fáng zhǐ	1551	an-ang,z-zh,h-f	1
特征	tè zhēng	1552	en-eng,z-zh	1
激烈	jī liè	1553	ia-ie,n-l,r-l,j-q-x	1
贫困	pín kùn	1554	in-ing	1
友谊	yǒu yì	1555	ao-ou	1
快速	kuài sù	1556	s-sh	1
失败	shī bài	1557	ai-ei,s-sh	1
对待	duì dài	1558	ai-ei	1
负担	fù dān	1559	an-ang,h-f	1
风格	fēng gé	1560	en-eng,h-f	1
繁荣	fán róng	1561	an-ang,h-f,r-l	1
将军	jiāng jūn	1562	ian-iang,j-q-x	1
前来	qián lái	1563	ian-iang,ai-ei,n-l,r-l,j-q-x	1
兴奋	xīng fèn	1564	en-eng,in-ing,h-f,j-q-x	1
申请	shēn qǐng	1565	en-eng,in-ing,s-sh,j-q-x	1
才能	cái néng	1566	en-eng,ai-ei,c-ch,n-l	1
仪式	yí shì	1567	s-sh	1
妻子	qī zi	1568	z-zh,j-q-x	1
结婚	jié hūn	1569	ia-ie,h-f,j-q-x	1
看法	kàn fǎ	1570	an-ang,h-f	1
准确	zhǔn què	1571	z-zh,j-q-x	1
带领	dài lǐng	1572	in-ing,ai-ei,n-l,r-l	1
临时	lín shí	1573	in-ing,s-sh,n-l,r-l	1
邀请	yāo qǐng	1574	in-ing,ao-ou,j-q-x	1
以外	yǐ wài	1575	ai-ei	1
巩固	gǒng gù	1576		1
树立	shù lì	1577	s-sh,n-l,r-l	1
渐渐	jiàn jiàn	1578	ian-iang,j-q-x	1
交往	jiāo wǎng	1579	an-ang,j-q-x	1
周年	zhōu nián	1580	ian-iang,ao-ou,z-zh,n-l	1
牺牲	xī shēng	1581	en-eng,s-sh,j-q-x	1
市民	shì mín	1582	in-ing,s-sh	1
疾病	jí bìng	1583	in-ing,j-q-x	1
发达	fā dá	1584	h-f	1
律师	lǜ shī	1585	s-sh,n-l,r-l	1
接近	jiē jìn	1586	in-ing,ia-ie,j-q-x	1
团体	tuán tǐ	1587	uan-uang	1
围绕	wéi rào	1588	ai-ei,ao-ou,r-l	1
中华	Zhōng huá	1589	ua-uo,z-zh,h-f	1
完整	wán zhěng	1590	en-eng,an-ang,z-zh	1
少年	shào nián	1592	ian-iang,ao-ou,s-sh,n-l	1
爱情	ài qíng	1593	in-ing,ai-ei,j-q-x	1
多数	duō shù	1594	ua-uo,s-sh	1
放弃	fàng qì	1595	an-ang,h-f,j-q-x	1
两岸	liǎn gàn	1596	an-ang,ian-iang,n-l,r-l	1
不必	bù bì	1597		1
通信	tōng xìn	1598	in-ing,j-q-x	1
随后	suí hòu	1599	ao-ou,s-sh,h-f	1
公斤	gōng jīn	1600	in-ing,j-q-x	1
尽快	jǐn kuài	1601	in-ing,j-q-x	1
心灵	xīn líng	1602	in-ing,n-l,r-l,j-q-x	1
少数	shǎo shù	1603	ao-ou,s-sh	1
记录	jì lù	1604	n-l,r-l,j-q-x	1
反而	fǎn ér	1605	an-ang,h-f	1
诗人	shī rén	1606	en-eng,s-sh,r-l	1
做法	zuò fǎ	1607	ua-uo,z-zh,h-f	1
大概	dà gài	1608	ai-ei	1
动力	dòng lì	1609	n-l,r-l	1
交易	jiāo yì	1610	j-q-x	1
恐怕	kǒng pà	1611		1
公布	gōng bù	1612		1
一时	yī shí	1613	s-sh	1
众多	zhòng duō	1614	ua-uo,z-zh	1
违法	wéi fǎ	1615	ai-ei,h-f	1
购买	gòu mǎi	1616	ai-ei,ao-ou	1
信任	xìn rèn	1617	en-eng,in-ing,r-l,j-q-x	1
性格	xìng gé	1618	in-ing,j-q-x	1
冠军	guàn jūn	1619	uan-uang,j-q-x	1
国民	guó mín	1620	in-ing,ua-uo	1
立刻	lì kè	1621	n-l,r-l	1
上下	shàng xià	1622	an-ang,ia-ie,s-sh,j-q-x	1
对话	duì huà	1623	ua-uo,h-f	1
眼光	yǎn guāng	1624	an-ang,uan-uang	1
愿望	yuàn wàng	1625	an-ang,uan-uang	1
难道	nán dào	1626	an-ang,ao-ou,n-l	1
其次	qí cì	1627	c-ch,j-q-x	1
天地	tiān dì	1628	ian-iang	1
慢慢	màn màn	1629	an-ang	1
人群	rén qún	1630	en-eng,r-l,j-q-x	1
大众	dà zhòng	1631	z-zh	1
适当	shì dàng	1632	an-ang,s-sh	1
合法	hé fǎ	1633	h-f	1
吸收	xī shōu	1634	ao-ou,s-sh,j-q-x	1
既然	jì rán	1635	an-ang,r-l,j-q-x	1
仅仅	jǐn jǐn	1636	in-ing,j-q-x	1
克服	kè fú	1637	h-f	1
内心	nèi xīn	1638	in-ing,ai-ei,n-l,j-q-x	1
种植	zhòng zhí	1639	z-zh	1
生动	shēng dòng	1640	en-eng,s-sh	1
移动	yí dòng	1641		1
具备	jù bèi	1642	ai-ei,j-q-x	1
操作	cāo zuò	1643	ao-ou,ua-uo,z-zh,c-ch	1
坚定	jiān dìng	1644	in-ing,ian-iang,j-q-x	1
预防	yù fáng	1645	an-ang,h-f	1
流动	liú dòng	1646	n-l,r-l	1
身份	shēn fèn	1647	en-eng,s-sh,h-f	1
展示	zhǎn shì	1648	an-ang,z-zh,s-sh	1
色彩	sè cǎi	1649	ai-ei,c-ch,s-sh	1
教学	jiāo xué	1650	j-q-x	1
进攻	jìn gōng	1651	in-ing,j-q-x	1
取消	qǔ xiāo	1652	j-q-x	1
判断	pàn duàn	1653	an-ang,uan-uang	1
战胜	zhàn shèng	1654	en-eng,an-ang,z-zh,s-sh	1
大批	dà pī	1655		1
登记	dēng jì	1656	en-eng,j-q-x	1
制作	zhì zuò	1657	ua-uo,z-zh	1
栏目	lán mù	1659	an-ang,n-l,r-l	1
背后	bèi hòu	1660	ai-ei,ao-ou,h-f	1
选手	xuǎn shǒu	1661	uan-uang,ao-ou,s-sh,j-q-x	1
迎接	yíng jiē	1662	in-ing,ia-ie,j-q-x	1
蔬菜	shū cài	1663	ai-ei,c-ch,s-sh	1
社区	shè qū	1664	s-sh,j-q-x	1
房间	fáng jiān	1665	an-ang,ian-iang,h-f,j-q-x	1
舞蹈	wǔ dǎo	1666	ao-ou	1
公正	gōng zhèng	1667	en-eng,z-zh	1
事物	shì wù	1669	s-sh	1
积累	jī lěi	1670	ai-ei,n-l,r-l,j-q-x	1
智慧	zhì huì	1671	z-zh,h-f	1
提前	tí qián	1673	ian-iang,j-q-x	1
非法	fēi fǎ	1674	ai-ei,h-f	1
温度	wēn dù	1675	en-eng	1
怀疑	huái yí	1676	h-f	1
消失	xiāo shī	1677	s-sh,j-q-x	1
类似	lèi sì	1678	ai-ei,s-sh,n-l,r-l	1
沉重	chén zhòng	1679	en-eng,z-zh,c-ch	1
等于	děng yú	1680	en-eng	1
等待	děng dài	1681	en-eng,ai-ei	1
子女	zǐ nǚ	1682	z-zh,n-l	1
独特	dú tè	1683		1
随时	suí shí	1684	s-sh	1
打算	dǎ suàn	1685	uan-uang,s-sh	1
纪律	jì lǜ	1686	n-l,r-l,j-q-x	1
答应	dā ying	1687	in-ing	1
收费	shōu fèi	1688	ai-ei,ao-ou,s-sh,h-f	1
无疑	wú yí	1689		1
欣赏	xīn shǎng	1690	in-ing,an-ang,s-sh,j-q-x	1
违反	wéi fǎn	1691	an-ang,ai-ei,h-f	1
表面	biǎo miàn	1692	ian-iang	1
秘密	mì mì	1693		1
服装	fú zhuāng	1694	uan-uang,z-zh,h-f	1
海外	hǎi wài	1695	ai-ei,h-f	1
公平	gōng píng	1696	in-ing	1
记忆	jì yì	1697	j-q-x	1
货币	huò bì	1698	ua-uo,h-f	1
气象	qì xiàng	1699	ian-iang,j-q-x	1
卫星	wèi xīng	1700	in-ing,ai-ei,j-q-x	1
有限	yǒu xiàn	1701	ian-iang,ao-ou,j-q-x	1
好处	hǎo chù	1702	ao-ou,c-ch,h-f	1
评论	píng lùn	1703	in-ing,n-l,r-l	1
损害	sǔn hài	1704	ai-ei,s-sh,h-f	1
汇报	huì bào	1705	ao-ou,h-f	1
紧密	jǐn mì	1706	in-ing,j-q-x	1
对手	duì shǒu	1707	ao-ou,s-sh	1
阶级	jiē jí	1708	ia-ie,j-q-x	1
士兵	shì bīng	1709	in-ing,s-sh	1
玻璃	bō li	1710	n-l,r-l	1
善于	shàn yú	1711	an-ang,s-sh	1
光荣	guāng róng	1712	uan-uang,r-l	1
不良	bù liáng	1713	ian-iang,n-l,r-l	1
手术	shǒu shù	1715	ao-ou,s-sh	1
禁止	jìn zhǐ	1716	in-ing,z-zh,j-q-x	1
个别	gè bié	1717	ia-ie	1
人均	rén jūn	1718	en-eng,r-l,j-q-x	1
车辆	chē liàng	1719	ian-iang,c-ch,n-l,r-l	1
继承	jì chéng	1720	en-eng,c-ch,j-q-x	1
动员	dòng yuán	1721	uan-uang	1
红军	Hóng jūn	1722	h-f,j-q-x	1
率领	shuài lǐng	1723	in-ing,s-sh,n-l,r-l	1
到来	dào lái	1724	ai-ei,ao-ou,n-l,r-l	1
分布	fēn bù	1725	en-eng,h-f	1
危害	wēi hài	1726	ai-ei,h-f	1
暂时	zàn shí	1727	an-ang,z-zh,s-sh	1
不幸	bù xìng	1728	in-ing,j-q-x	1
估计	gū jì	1729	j-q-x	1
环保	huán bǎo	1730	uan-uang,ao-ou,h-f	1
缺少	quē shǎo	1731	ao-ou,s-sh,j-q-x	1
家属	jiā shǔ	1732	ia-ie,s-sh,j-q-x	1
山区	shān qū	1733	an-ang,s-sh,j-q-x	1
角色	jué sè	1734	s-sh,j-q-x	1
医学	yī xué	1735	j-q-x	1
有利	yǒu lì	1736	ao-ou,n-l,r-l	1
流行	liú xíng	1737	in-ing,n-l,r-l,j-q-x	1
品牌	pǐn pái	1738	in-ing,ai-ei	1
轻松	qīng sōng	1739	in-ing,s-sh,j-q-x	1
皇帝	huáng dì	1740	uan-uang,h-f	1
故意	gù yì	1741		1
清理	qīng lǐ	1742	in-ing,n-l,r-l,j-q-x	1
财富	cái fù	1743	ai-ei,c-ch,h-f	1
可见	kě jiàn	1744	ian-iang,j-q-x	1
爆炸	bào zhà	1745	ao-ou,z-zh	1
优质	yōu zhì	1746	ao-ou,z-zh	1
乡村	xiāng cūn	1747	ian-iang,c-ch,j-q-x	1
补充	bǔ chōng	1748	c-ch	1
住房	zhù fáng	1749	an-ang,z-zh,h-f	1
艰难	jiān nán	1750	an-ang,ian-iang,n-l,j-q-x	1
不论	bù lùn	1751	n-l,r-l	1
考核	kǎo hé	1752	ao-ou,h-f	1
体会	tǐ huì	1753	h-f	1
场所	chǎng suǒ	1754	an-ang,ua-uo,c-ch,s-sh	1
节约	jié yuē	1755	ia-ie,j-q-x	1
如同	rú tóng	1756	r-l	1
重复	chóng fù	1757	c-ch,h-f	1
详细	xiáng xì	1758	ian-iang,j-q-x	1
太太	tài tai	1759	ai-ei	1
提醒	tí xǐng	1760	in-ing,j-q-x	1
固定	gù dìng	1762	in-ing	1
差距	chā jù	1763	c-ch,j-q-x	1
青春	qīng chūn	1764	in-ing,c-ch,j-q-x	1
确立	què lì	1765	n-l,r-l,j-q-x	1
适用	shì yòng	1766	s-sh	1
辉煌	huī huáng	1767	uan-uang,h-f	1
预报	yù bào	1768	ao-ou	1
适合	shì hé	1769	s-sh,h-f	1
营养	yíng yǎng	1770	in-ing,an-ang	1
活跃	huó yuè	1771	ua-uo,h-f	1
竟然	jìng rán	1772	in-ing,an-ang,r-l,j-q-x	1
一律	yī lǜ	1773	n-l,r-l	1
最初	zuì chū	1774	z-zh,c-ch	1
想法	xiǎng fǎ	1775	ian-iang,h-f,j-q-x	1
平静	píng jìng	1776	in-ing,j-q-x	1
体验	tǐ yàn	1777	an-ang	1
游客	yóu kè	1778	ao-ou	1
果然	guǒ rán	1779	an-ang,ua-uo,r-l	1
减轻	jiǎn qīng	1780	in-ing,ian-iang,j-q-x	1
整理	zhěng lǐ	1781	en-eng,z-zh,n-l,r-l	1
著作	zhù zuò	1782	ua-uo,z-zh	1
请求	qǐng qiú	1783	in-ing,j-q-x	1
奇怪	qí guài	1784	j-q-x	1
支付	zhī fù	1785	z-zh,h-f	1
发扬	fā yáng	1786	an-ang,h-f	1
艰苦	jiān kǔ	1788	ian-iang,j-q-x	1
一路	yī lù	1789	n-l,r-l	1
丈夫	zhàng fū	1790	an-ang,z-zh,h-f	1
居住	jū zhù	1791	z-zh,j-q-x	1
含量	hán liàng	1792	an-ang,ian-iang,n-l,h-f,r-l	1
合格	hé gé	1793	h-f	1
广阔	guǎng kuò	1794	uan-uang,ua-uo	1
自动	zì dòng	1795	z-zh	1
耕地	gēng dì	1796	en-eng	1
庆祝	qìng zhù	1798	in-ing,z-zh,j-q-x	1
保留	bǎo liú	1799	ao-ou,n-l,r-l	1
极其	jí qí	1800	j-q-x	1
写作	xiě zuò	1801	ia-ie,ua-uo,z-zh,j-q-x	1
攻击	gōng jī	1802	j-q-x	1
祝贺	zhù hè	1803	z-zh,h-f	1
据说	jù shuō	1804	ua-uo,s-sh,j-q-x	1
严厉	yán lì	1805	an-ang,n-l,r-l	1
听取	tīng qǔ	1806	in-ing,j-q-x	1
鲜明	xiān míng	1807	in-ing,ian-iang,j-q-x	1
其余	qí yú	1808	j-q-x	1
进口	jìn kǒu	1809	in-ing,ao-ou,j-q-x	1
展览	zhǎn lǎn	1810	an-ang,z-zh,n-l,r-l	1
抓紧	zhuā jǐn	1811	in-ing,ua-uo,z-zh,j-q-x	1
通常	tōng cháng	1812	an-ang,c-ch	1
奉献	fèng xiàn	1813	en-eng,ian-iang,h-f,j-q-x	1
大多	dà duō	1814	ua-uo	1
不禁	bù jīn	1815	in-ing,j-q-x	1
中外	zhōng wài	1816	ai-ei,z-zh	1
夫妇	fū fù	1817	h-f	1
高原	gāo yuán	1818	uan-uang,ao-ou	1
失业	shī yè	1819	s-sh	1
精心	jīng xīn	1820	in-ing,j-q-x	1
宝贵	bǎo guì	1821	ao-ou	1
货物	huò wù	1822	ua-uo,h-f	1
格外	gé wài	1823	ai-ei	1
示范	shì fàn	1824	an-ang,s-sh,h-f	1
网站	wǎng zhàn	1825	an-ang,z-zh	1
发射	fā shè	1826	s-sh,h-f	1
翻译	fān yì	1827	an-ang,h-f	1
伤害	shāng hài	1828	an-ang,ai-ei,s-sh,h-f	1
模范	mó fàn	1829	an-ang,h-f	1
年度	nián dù	1830	ian-iang,n-l	1
旅客	lǚ kè	1831	n-l,r-l	1
精力	jīng lì	1833	in-ing,n-l,r-l,j-q-x	1
陷入	xiàn rù	1834	ian-iang,r-l,j-q-x	1
相反	xiāng fǎn	1835	an-ang,ian-iang,h-f,j-q-x	1
人次	rén cì	1836	en-eng,c-ch,r-l	1
发放	fā fàng	1837	an-ang,h-f	1
地震	dì zhèn	1838	en-eng,z-zh	1
民警	mín jǐng	1839	in-ing,j-q-x	1
法官	fǎ guān	1840	uan-uang,h-f	1
人体	rén tǐ	1841	en-eng,r-l	1
金牌	jīn pái	1842	in-ing,ai-ei,j-q-x	1
遵守	zūn shǒu	1843	ao-ou,z-zh,s-sh	1
类型	lèi xíng	1844	in-ing,ai-ei,n-l,r-l,j-q-x	1
提倡	tí chàng	1845	an-ang,c-ch	1
夫妻	fū qī	1846	h-f,j-q-x	1
到达	dào dá	1847	ao-ou	1
难得	nán dé	1848	an-ang,n-l	1
课程	kè chéng	1849	en-eng,c-ch	1
细胞	xì bāo	1850	ao-ou,j-q-x	1
分离	fēn lí	1851	en-eng,n-l,h-f,r-l	1
出生	chū shēng	1852	en-eng,c-ch,s-sh	1
纠正	jiū zhèng	1853	en-eng,z-zh,j-q-x	1
倾向	qīng xiàng	1854	in-ing,ian-iang,j-q-x	1
娱乐	yú lè	1855	n-l,r-l	1
轿车	jiào chē	1856	c-ch,j-q-x	1
纪录	jì lù	1857	n-l,r-l,j-q-x	1
成分	chéng fèn	1858	en-eng,c-ch,h-f	1
江南	Jiāng nán	1859	an-ang,ian-iang,n-l,j-q-x	1
麻烦	má fan	1860	an-ang,h-f	1
中文	Zhōng wén	1861	en-eng,z-zh	1
期待	qī dài	1862	ai-ei,j-q-x	1
题材	tí cái	1863	ai-ei,c-ch	1
开幕	kāi mù	1864	ai-ei	1
加速	jiā sù	1865	ia-ie,s-sh,j-q-x	1
凡是	fán shì	1866	an-ang,s-sh,h-f	1
无限	wú xiàn	1867	ian-iang,j-q-x	1
师傅	shī fu	1868	s-sh,h-f	1
教练	jiào liàn	1869	ian-iang,n-l,r-l,j-q-x	1
儿女	ér nǚ	1870	n-l	1
退休	tuì xiū	1871	j-q-x	1
不顾	bù gù	1872		1
员工	yuán gōng	1873	uan-uang	1
美术	měi shù	1874	ai-ei,s-sh	1
调节	tiáo jié	1875	ia-ie,j-q-x	1
夜间	yè jiān	1876	ian-iang,j-q-x	1
决赛	jué sài	1877	ai-ei,s-sh,j-q-x	1
平台	píng tái	1878	in-ing,ai-ei	1
爆发	bào fā	1879	ao-ou,h-f	1
商量	shāng liang	1880	an-ang,ian-iang,s-sh,n-l,r-l	1
总之	zǒng zhī	1881	z-zh	1
电信	diàn xìn	1883	in-ing,ian-iang,j-q-x	1
可惜	kě xī	1884	j-q-x	1
随便	suí biàn	1885	ian-iang,s-sh	1
或是	huò shì	1886	ua-uo,s-sh,h-f	1
振兴	zhèn xīng	1887	en-eng,in-ing,z-zh,j-q-x	1
秘书	mì shū	1888	s-sh	1
奖励	jiǎng lì	1889	ian-iang,n-l,r-l,j-q-x	1
海军	hǎi jūn	1890	ai-ei,h-f,j-q-x	1
真诚	zhēn chéng	1891	en-eng,z-zh,c-ch	1
生意	shēng yi	1892	en-eng,s-sh	1
保存	bǎo cún	1893	ao-ou,c-ch	1
书籍	shū jí	1894	s-sh,j-q-x	1
鲜花	xiān huā	1895	ian-iang,ua-uo,h-f,j-q-x	1
安装	ān zhuāng	1896	an-ang,uan-uang,z-zh	1
总数	zǒng shù	1897	z-zh,s-sh	1
近来	jìn lái	1898	in-ing,ai-ei,n-l,r-l,j-q-x	1
开创	kāi chuàng	1899	uan-uang,ai-ei,c-ch	1
办公	bàn gōng	1900	an-ang	1
图书	tú shū	1901	s-sh	1
宣言	xuān yán	1902	an-ang,uan-uang,j-q-x	1
县城	xiàn chéng	1903	en-eng,ian-iang,c-ch,j-q-x	1
脑袋	nǎo dai	1904	ai-ei,ao-ou,n-l	1
当作	dàng zuò	1905	an-ang,ua-uo,z-zh	1
老婆	lǎo po	1906	ao-ou,n-l,r-l	1
悄悄	qiāo qiāo	1907	j-q-x	1
不时	bù shí	1908	s-sh	1
遭受	zāo shòu	1909	ao-ou,z-zh,s-sh	1
顾客	gù kè	1910		1
观看	guān kàn	1911	an-ang,uan-uang	1
通道	tōng dào	1912	ao-ou	1
占有	zhàn yǒu	1913	an-ang,ao-ou,z-zh	1
侵略	qīn lüè	1914	in-ing,n-l,r-l,j-q-x	1
神秘	shén mì	1915	en-eng,s-sh	1
占领	zhàn lǐng	1916	in-ing,an-ang,z-zh,n-l,r-l	1
富裕	fù yù	1917	h-f	1
概括	gài kuò	1918	ai-ei,ua-uo	1
或许	huò xǔ	1919	ua-uo,h-f,j-q-x	1
沿海	yán hǎi	1921	an-ang,ai-ei,h-f	1
机器	jī qì	1922	j-q-x	1
统治	tǒng zhì	1924	z-zh	1
表情	biǎo qíng	1925	in-ing,j-q-x	1
竞赛	jìng sài	1926	in-ing,ai-ei,s-sh,j-q-x	1
如下	rú xià	1928	ia-ie,r-l,j-q-x	1
同情	tóng qíng	1929	in-ing,j-q-x	1
外来	wài lái	1930	ai-ei,n-l,r-l	1
列车	liè chē	1931	ia-ie,c-ch,n-l,r-l	1
大臣	dà chén	1932	en-eng,c-ch	1
高中	gāo zhōng	1933	ao-ou,z-zh	1
离婚	lí hūn	1934	n-l,h-f,r-l	1
询问	xún wèn	1935	en-eng,j-q-x	1
赞成	zàn chéng	1936	en-eng,an-ang,z-zh,c-ch	1
教材	jiào cái	1937	ai-ei,c-ch,j-q-x	1
大厅	dà tīng	1938	in-ing	1
称号	chēng hào	1939	en-eng,ao-ou,c-ch,h-f	1
代替	dài tì	1940	ai-ei	1
号召	hào zhào	1941	ao-ou,z-zh,h-f	1
黑暗	hēi àn	1942	an-ang,ai-ei,h-f	1
工地	gōng dì	1943		1
支援	zhī yuán	1944	uan-uang,z-zh	1
返回	fǎn huí	1945	an-ang,h-f	1
单纯	dān chún	1946	an-ang,c-ch	1
内外	nèi wài	1947	ai-ei,n-l	1
外地	wài dì	1948	ai-ei	1
名称	míng chēng	1950	en-eng,in-ing,c-ch	1
当选	dāng xuǎn	1951	an-ang,uan-uang,j-q-x	1
主意	zhǔ yi	1952	z-zh	1
处分	chǔ fèn	1953	en-eng,c-ch,h-f	1
后果	hòu guǒ	1954	ao-ou,ua-uo,h-f	1
默默	mò mò	1955		1
沙漠	shā mò	1956	s-sh	1
足够	zú gòu	1957	ao-ou,z-zh	1
季度	jì dù	1958	j-q-x	1
合适	hé shì	1959	s-sh,h-f	1
全力	quán lì	1960	uan-uang,n-l,r-l,j-q-x	1
不安	bù ān	1961	an-ang	1
领土	lǐng tǔ	1962	in-ing,n-l,r-l	1
正好	zhèng hǎo	1963	en-eng,ao-ou,z-zh,h-f	1
口号	kǒu hào	1964	ao-ou,h-f	1
喜爱	xǐ ài	1965	ai-ei,j-q-x	1
航天	háng tiān	1966	an-ang,ian-iang,h-f	1
收获	shōu huò	1967	ao-ou,ua-uo,s-sh,h-f	1
组合	zǔ hé	1968	z-zh,h-f	1
清晰	qīng xī	1969	in-ing,j-q-x	1
国土	guó tǔ	1970	ua-uo	1
坚强	jiān qiáng	1971	ian-iang,j-q-x	1
大都	dà dū	1972		1
宿舍	sù shè	1973	s-sh	1
收集	shōu jí	1975	ao-ou,s-sh,j-q-x	1
年纪	nián jì	1976	ian-iang,n-l,j-q-x	1
从中	cóng zhōng	1977	z-zh,c-ch	1
关怀	guān huái	1978	uan-uang,h-f	1
评选	píng xuǎn	1979	in-ing,uan-uang,j-q-x	1
拥护	yōng hù	1980	h-f	1
约束	yuē shù	1981	s-sh	1
深处	shēn chù	1983	en-eng,c-ch,s-sh	1
为何	wèi hé	1984	ai-ei,h-f	1
议论	yì lùn	1986	n-l,r-l	1
健身	jiàn shēn	1987	en-eng,ian-iang,s-sh,j-q-x	1
黄金	huáng jīn	1988	in-ing,uan-uang,h-f,j-q-x	1
灵活	líng huó	1989	in-ing,ua-uo,n-l,h-f,r-l	1
领先	lǐng xiān	1990	in-ing,ian-iang,n-l,r-l,j-q-x	1
天然	tiān rán	1991	an-ang,ian-iang,r-l	1
金额	jī né	1992	n-l,j-q-x	1
忽视	hū shì	1993	s-sh,h-f	1
保卫	bǎo wèi	1994	ai-ei,ao-ou	1
交谈	jiāo tán	1995	an-ang,j-q-x	1
口气	kǒu qì	1996	ao-ou,j-q-x	1
演讲	yǎn jiǎng	1997	an-ang,ian-iang,j-q-x	1
告别	gào bié	1998	ao-ou,ia-ie	1
圆满	yuán mǎn	1999	an-ang,uan-uang	1
警告	jǐng gào	2000	in-ing,ao-ou,j-q-x	1
民工	mín gōng	2001	in-ing	1
渴望	kě wàng	2002	an-ang	1
钢铁	gāng tiě	2003	an-ang,ia-ie	1
私人	sī rén	2004	en-eng,s-sh,r-l	1
优先	yōu xiān	2005	ian-iang,ao-ou,j-q-x	1
一道	yī dào	2006	ao-ou	1
尽量	jǐn liàng	2007	in-ing,ian-iang,n-l,r-l,j-q-x	1
水泥	shuǐ ní	2008	s-sh,n-l	1
学员	xué yuán	2009	uan-uang,j-q-x	1
本事	běn shi	2010	en-eng,s-sh	1
失望	shī wàng	2011	an-ang,s-sh	1
出色	chū sè	2012	c-ch,s-sh	1
领袖	lǐng xiù	2013	in-ing,n-l,r-l,j-q-x	1
救助	jiù zhù	2014	z-zh,j-q-x	1
带头	dài tóu	2015	ai-ei,ao-ou	1
否定	fǒu dìng	2016	in-ing,ao-ou,h-f	1
赶紧	gǎn jǐn	2017	in-ing,an-ang,j-q-x	1
名单	míng dān	2018	in-ing,an-ang	1
偶然	ǒu rán	2019	an-ang,ao-ou,r-l	1
展现	zhǎn xiàn	2020	an-ang,ian-iang,z-zh,j-q-x	1
信号	xìn hào	2021	in-ing,ao-ou,h-f,j-q-x	1
存款	cún kuǎn	2022	uan-uang,c-ch	1
修建	xiū jiàn	2023	ian-iang,j-q-x	1
有益	yǒu yì	2024	ao-ou	1
外出	wài chū	2025	ai-ei,c-ch	1
宇宙	yǔ zhòu	2026	ao-ou,z-zh	1
平常	píng cháng	2027	in-ing,an-ang,c-ch	1
众人	zhòng rén	2028	en-eng,z-zh,r-l	1
转身	zhuǎn shēn	2029	en-eng,uan-uang,z-zh,s-sh	1
制止	zhì zhǐ	2030	z-zh	1
局部	jú bù	2031	j-q-x	1
人间	rén jiān	2032	en-eng,ian-iang,r-l,j-q-x	1
分散	fēn sàn	2033	en-eng,an-ang,s-sh,h-f	1
开口	kāi kǒu	2034	ai-ei,ao-ou	1
一向	yī xiàng	2035	ian-iang,j-q-x	1
顿时	dùn shí	2036	s-sh	1
酒店	jiǔ diàn	2037	ian-iang,j-q-x	1
高速	gāo sù	2038	ao-ou,s-sh	1
厉害	lì hai	2039	ai-ei,n-l,h-f,r-l	1
商标	shāng biāo	2040	an-ang,s-sh	1
假如	jiǎ rú	2041	ia-ie,r-l,j-q-x	1
包含	bāo hán	2042	an-ang,ao-ou,h-f	1
战场	zhàn chǎng	2043	an-ang,z-zh,c-ch	1
洪水	hóng shuǐ	2044	s-sh,h-f	1
亲戚	qīn qi	2045	in-ing,j-q-x	1
梦想	mèng xiǎng	2046	en-eng,ian-iang,j-q-x	1
浑身	hún shēn	2047	en-eng,s-sh,h-f	1
阅读	yuè dú	2048		1
笑容	xiào róng	2049	r-l,j-q-x	1
相似	xiāng sì	2050	ian-iang,s-sh,j-q-x	1
岁月	suì yuè	2051	s-sh	1
抢救	qiǎng jiù	2052	ian-iang,j-q-x	1
参赛	cān sài	2053	an-ang,ai-ei,c-ch,s-sh	1
一同	yī tóng	2054		1
丧失	sàng shī	2055	an-ang,s-sh	1
有序	yǒu xù	2056	ao-ou,j-q-x	1
安慰	ān wèi	2057	an-ang,ai-ei	1
脸色	liǎn sè	2058	ian-iang,s-sh,n-l,r-l	1
燃烧	rán shāo	2059	an-ang,ao-ou,s-sh,r-l	1
只得	zhǐ dé	2060	z-zh	1
服从	fú cóng	2061	c-ch,h-f	1
开工	kāi gōng	2062	ai-ei	1
关闭	guān bì	2063	uan-uang	1
联想	lián xiǎng	2064	ian-iang,n-l,r-l,j-q-x	1
自信	zì xìn	2065	in-ing,z-zh,j-q-x	1
一再	yī zài	2066	ai-ei,z-zh	1
冬季	dōng jì	2067	j-q-x	1
动手	dòng shǒu	2068	ao-ou,s-sh	1
透明	tòu míng	2069	in-ing,ao-ou	1
水库	shuǐ kù	2070	s-sh	1
精彩	jīng cǎi	2071	in-ing,ai-ei,c-ch,j-q-x	1
预备	yù bèi	2072	ai-ei	1
承受	chéng shòu	2073	en-eng,ao-ou,c-ch,s-sh	1
边境	biān jìng	2074	in-ing,ian-iang,j-q-x	1
戏曲	xì qǔ	2075	j-q-x	1
隆重	lóng zhòng	2076	z-zh,n-l,r-l	1
毫不	háo bù	2077	ao-ou,h-f	1
神经	shén jīng	2078	en-eng,in-ing,s-sh,j-q-x	1
商场	shāng chǎng	2079	an-ang,c-ch,s-sh	1
匆匆	cōng cōng	2080	c-ch	1
过于	guò yú	2081	ua-uo	1
升级	shēng jí	2082	en-eng,s-sh,j-q-x	1
上网	shàng wǎng	2083	an-ang,s-sh	1
晓得	xiǎo de	2084	j-q-x	1
包装	bāo zhuāng	2085	uan-uang,ao-ou,z-zh	1
神圣	shén shèng	2086	en-eng,s-sh	1
散文	sǎn wén	2087	en-eng,an-ang,s-sh	1
投票	tóu piào	2088	ao-ou	1
气温	qì wēn	2089	en-eng,j-q-x	1
问候	wèn hòu	2090	en-eng,ao-ou,h-f	1
野生	yě shēng	2091	en-eng,s-sh	1
杰出	jié chū	2092	ia-ie,c-ch,j-q-x	1
不满	bù mǎn	2093	an-ang	1
打工	dǎ gōng	2094		1
传说	chuán shuō	2095	uan-uang,ua-uo,c-ch,s-sh	1
寂寞	jì mò	2096	j-q-x	1
无不	wú bù	2097		1
模糊	mó hu	2098	h-f	1
消防	xiāo fáng	2099	an-ang,h-f,j-q-x	1
金属	jīn shǔ	2100	in-ing,s-sh,j-q-x	1
军官	jūn guān	2101	uan-uang,j-q-x	1
村庄	cūn zhuāng	2103	uan-uang,z-zh,c-ch	1
诗歌	shī gē	2104	s-sh	1
从小	cóng xiǎo	2105	c-ch,j-q-x	1
嘴唇	zuǐ chún	2106	z-zh,c-ch	1
脑子	nǎo zi	2107	ao-ou,z-zh,n-l	1
智力	zhì lì	2108	z-zh,n-l,r-l	1
名人	míng rén	2109	en-eng,in-ing,r-l	1
空军	kōng jūn	2110	j-q-x	1
为止	wéi zhǐ	2111	ai-ei,z-zh	1
京剧	jīng jù	2112	in-ing,j-q-x	1
大街	dà jiē	2113	ia-ie,j-q-x	1
绘画	huì huà	2114	ua-uo,h-f	1
物品	wù pǐn	2115	in-ing	1
敢于	gǎn yú	2116	an-ang	1
差别	chā bié	2117	ia-ie,c-ch	1
清洁	qīng jié	2118	in-ing,ia-ie,j-q-x	1
剧本	jù běn	2119	en-eng,j-q-x	1
争夺	zhēng duó	2120	en-eng,ua-uo,z-zh	1
补助	bǔ zhù	2121	z-zh	1
码头	mǎ tóu	2122	ao-ou	1
心头	xīn tóu	2123	in-ing,ao-ou,j-q-x	1
高尚	gāo shàng	2124	an-ang,ao-ou,s-sh	1
画面	huà miàn	2125	ian-iang,ua-uo,h-f	1
安心	ān xīn	2126	in-ing,an-ang,j-q-x	1
起身	qǐ shēn	2127	en-eng,s-sh,j-q-x	1
有意	yǒu yì	2128	ao-ou	1
发育	fā yù	2129	h-f	1
加深	jiā shēn	2130	en-eng,ia-ie,s-sh,j-q-x	1
微微	wēi wēi	2131	ai-ei	1
掌声	zhǎng shēng	2132	en-eng,an-ang,z-zh,s-sh	1
初中	chū zhōng	2134	z-zh,c-ch	1
此刻	cǐ kè	2135	c-ch	1
自愿	zì yuàn	2136	uan-uang,z-zh	1
放松	fàng sōng	2137	an-ang,s-sh,h-f	1
不免	bù miǎn	2138	ian-iang	1
模样	mú yàng	2139	an-ang	1
壮大	zhuàng dà	2140	uan-uang,z-zh	1
奇迹	qí jì	2141	j-q-x	1
不便	bù biàn	2142	ian-iang	1
风力	fēng lì	2143	en-eng,n-l,h-f,r-l	1
线路	xiàn lù	2144	ian-iang,n-l,r-l,j-q-x	1
干旱	gān hàn	2145	an-ang,h-f	1
自杀	zì shā	2146	z-zh,s-sh	1
冷静	lěng jìng	2147	en-eng,in-ing,n-l,r-l,j-q-x	1
景象	jǐng xiàng	2148	in-ing,ian-iang,j-q-x	1
耐心	nài xīn	2149	in-ing,ai-ei,n-l,j-q-x	1
优美	yōu měi	2150	ai-ei,ao-ou	1
整整	zhěng zhěng	2151	en-eng,z-zh	1
替代	tì dài	2153	ai-ei	1
本领	běn lǐng	2154	en-eng,in-ing,n-l,r-l	1
金钱	jīn qián	2155	in-ing,ian-iang,j-q-x	1
明星	míng xīng	2156	in-ing,j-q-x	1
引入	yǐn rù	2157	in-ing,r-l	1
时常	shí cháng	2158	an-ang,c-ch,s-sh	1
桥梁	qiáo liáng	2159	ian-iang,n-l,r-l,j-q-x	1
正当	zhèng dāng	2160	en-eng,an-ang,z-zh	1
沙发	shā fā	2161	s-sh,h-f	1
灾难	zāi nàn	2162	an-ang,ai-ei,z-zh,n-l	1
平原	píng yuán	2163	in-ing,uan-uang	1
得意	dé yì	2164		1
水稻	shuǐ dào	2165	ao-ou,s-sh	1
兴起	xīng qǐ	2166	in-ing,j-q-x	1
也好	yě hǎo	2167	ao-ou,h-f	1
招呼	zhāo hu	2168	ao-ou,z-zh,h-f	1
认可	rèn kě	2169	en-eng,r-l	1
宾馆	bīn guǎn	2170	in-ing,uan-uang	1
现金	xiàn jīn	2171	in-ing,ian-iang,j-q-x	1
灿烂	càn làn	2172	an-ang,c-ch,n-l,r-l	1
家伙	jiā huo	2173	ia-ie,ua-uo,h-f,j-q-x	1
报名	bào míng	2174	in-ing,ao-ou	1
边界	biān jiè	2175	ian-iang,ia-ie,j-q-x	1
尝试	cháng shì	2176	an-ang,c-ch,s-sh	1
何时	hé shí	2177	s-sh,h-f	1
节奏	jié zòu	2178	ao-ou,ia-ie,z-zh,j-q-x	1
划分	huà fēn	2179	en-eng,ua-uo,h-f	1
设想	shè xiǎng	2180	ian-iang,s-sh,j-q-x	1
行人	xíng rén	2181	en-eng,in-ing,r-l,j-q-x	1
看待	kàn dài	2182	an-ang,ai-ei	1
庄严	zhuāng yán	2183	an-ang,uan-uang,z-zh	1
等级	děng jí	2184	en-eng,j-q-x	1
延长	yán cháng	2185	an-ang,c-ch	1
着急	zháo jí	2186	ao-ou,z-zh,j-q-x	1
珍贵	zhēn guì	2187	en-eng,z-zh	1
科普	kē pǔ	2188		1
缩小	suō xiǎo	2189	ua-uo,s-sh,j-q-x	1
陌生	mò shēng	2190	en-eng,s-sh	1
救灾	jiù zāi	2191	ai-ei,z-zh,j-q-x	1
动摇	dòng yáo	2192	ao-ou	1
否认	fǒu rèn	2193	en-eng,ao-ou,h-f,r-l	1
港口	gǎng kǒu	2194	an-ang,ao-ou	1
规矩	guī ju	2195	j-q-x	1
分工	fēn gōng	2196	en-eng,h-f	1
农场	nóng chǎng	2197	an-ang,c-ch,n-l	1
帮忙	bāng máng	2198	an-ang	1
去世	qù shì	2199	s-sh,j-q-x	1
饲料	sì liào	2200	s-sh,n-l,r-l	1
味道	wèi dào	2201	ai-ei,ao-ou	1
呼唤	hū huàn	2202	uan-uang,h-f	1
不止	bù zhǐ	2203	z-zh	1
会场	huì chǎng	2204	an-ang,c-ch,h-f	1
凌晨	líng chén	2205	en-eng,in-ing,c-ch,n-l,r-l	1
农田	nóng tián	2206	ian-iang,n-l	1
布置	bù zhì	2208	z-zh	1
跟踪	gēn zōng	2209	en-eng,z-zh	1
艰巨	jiān jù	2210	ian-iang,j-q-x	1
口袋	kǒu dai	2211	ai-ei,ao-ou	1
初级	chū jí	2212	c-ch,j-q-x	1
深度	shēn dù	2213	en-eng,s-sh	1
动人	dòng rén	2214	en-eng,r-l	1
测试	cè shì	2215	c-ch,s-sh	1
地图	dì tú	2216		1
修订	xiū dìng	2217	in-ing,j-q-x	1
毛病	máo bìng	2218	in-ing,ao-ou	1
排除	pái chú	2219	ai-ei,c-ch	1
血液	xuè yè	2220	j-q-x	1
过分	guò fèn	2221	en-eng,ua-uo,h-f	1
影子	yǐng zi	2222	in-ing,z-zh	1
自豪	zì háo	2223	ao-ou,z-zh,h-f	1
月份	yuè fèn	2224	en-eng,h-f	1
恋爱	lià nài	2225	ai-ei,ia-ie,n-l,r-l	1
步骤	bù zhòu	2226	ao-ou,z-zh	1
书面	shū miàn	2227	ian-iang,s-sh	1
简称	jiǎn chēng	2228	en-eng,ian-iang,c-ch,j-q-x	1
面孔	miàn kǒng	2229	ian-iang	1
电台	diàn tái	2230	ian-iang,ai-ei	1
首要	shǒu yào	2231	ao-ou,s-sh	1
抗击	kàng jī	2232	an-ang,j-q-x	1
厂家	chǎng jiā	2233	an-ang,ia-ie,c-ch,j-q-x	1
穿着	chuān zhuó	2234	uan-uang,ua-uo,z-zh,c-ch	1
短期	duǎn qī	2235	uan-uang,j-q-x	1
遗址	yí zhǐ	2236	z-zh	1
夺取	duó qǔ	2237	ua-uo,j-q-x	1
对抗	duì kàng	2238	an-ang	1
伤亡	shāng wáng	2239	an-ang,s-sh	1
家园	jiā yuán	2240	uan-uang,ia-ie,j-q-x	1
假日	jià rì	2241	ia-ie,r-l,j-q-x	1
缓慢	huǎn màn	2242	an-ang,uan-uang,h-f	1
工夫	gōng fu	2243	h-f	1
打听	dǎ ting	2245	in-ing	1
起点	qǐ diǎn	2246	ian-iang,j-q-x	1
回收	huí shōu	2247	ao-ou,s-sh,h-f	1
名牌	míng pái	2248	in-ing,ai-ei	1
营业	yíng yè	2249	in-ing	1
幽默	yōu mò	2250	ao-ou	1
技巧	jì qiǎo	2251	j-q-x	1
球迷	qiú mí	2252	j-q-x	1
叙述	xù shù	2253	s-sh,j-q-x	1
出身	chū shēn	2254	en-eng,c-ch,s-sh	1
夏季	xià jì	2255	ia-ie,j-q-x	1
脾气	pí qi	2256	j-q-x	1
住院	zhù yuàn	2257	uan-uang,z-zh	1
种类	zhǒng lèi	2258	ai-ei,z-zh,n-l,r-l	1
灾区	zāi qū	2259	ai-ei,z-zh,j-q-x	1
火灾	huǒ zāi	2260	ai-ei,ua-uo,z-zh,h-f	1
讲述	jiǎng shù	2261	ian-iang,s-sh,j-q-x	1
惊讶	jīng yà	2262	in-ing,j-q-x	1
低下	dī xià	2263	ia-ie,j-q-x	1
买卖	mǎi mai	2264	ai-ei	1
中药	zhōng yào	2265	ao-ou,z-zh	1
公告	gōng gào	2266	ao-ou	1
风光	fēng guāng	2267	en-eng,uan-uang,h-f	1
何必	hé bì	2268	h-f	1
高考	gāo kǎo	2269	ao-ou	1
战友	zhàn yǒu	2270	an-ang,ao-ou,z-zh	1
河流	hé liú	2271	n-l,h-f,r-l	1
迷信	mí xìn	2272	in-ing,j-q-x	1
平凡	píng fán	2273	in-ing,an-ang,h-f	1
老实	lǎo shi	2274	ao-ou,s-sh,n-l,r-l	1
全新	quán xīn	2275	in-ing,uan-uang,j-q-x	1
热线	rè xiàn	2276	ian-iang,r-l,j-q-x	1
勇于	yǒng yú	2277		1
婴儿	yīng ér	2278	in-ing	1
辛苦	xīn kǔ	2279	in-ing,j-q-x	1
遥远	yáo yuǎn	2280	uan-uang,ao-ou	1
气体	qì tǐ	2281	j-q-x	1
对立	duì lì	2282	n-l,r-l	1
屁股	pì gu	2283		1
同步	tóng bù	2284		1
不料	bù liào	2285	n-l,r-l	1
消极	xiāo jí	2286	j-q-x	1
参考	cān kǎo	2287	an-ang,ao-ou,c-ch	1
无力	wú lì	2288	n-l,r-l	1
超市	chāo shì	2289	ao-ou,c-ch,s-sh	1
话剧	huà jù	2290	ua-uo,h-f,j-q-x	1
难免	nán miǎn	2291	an-ang,ian-iang,n-l	1
海峡	hǎi xiá	2292	ai-ei,ia-ie,h-f,j-q-x	1
喜悦	xǐ yuè	2293	j-q-x	1
珍惜	zhēn xī	2294	en-eng,z-zh,j-q-x	1
等候	děng hòu	2295	en-eng,ao-ou,h-f	1
肩膀	jiān bǎng	2296	an-ang,ian-iang,j-q-x	1
庞大	páng dà	2297	an-ang	1
户口	hù kǒu	2298	ao-ou,h-f	1
阻止	zǔ zhǐ	2299	z-zh	1
扩展	kuò zhǎn	2300	an-ang,ua-uo,z-zh	1
合并	hé bìng	2301	in-ing,h-f	1
中原	Zhōng yuán	2302	uan-uang,z-zh	1
度过	dù guò	2303	ua-uo	1
无比	wú bǐ	2304		1
厘米	lí mǐ	2305	n-l,r-l	1
平民	píng mín	2306	in-ing	1
展出	zhǎn chū	2307	an-ang,z-zh,c-ch	1
独自	dú zì	2308	z-zh	1
特有	tè yǒu	2309	ao-ou	1
停留	tíng liú	2310	in-ing,n-l,r-l	1
包围	bāo wéi	2311	ai-ei,ao-ou	1
排名	pái míng	2312	in-ing,ai-ei	1
吃惊	chī jīng	2314	in-ing,c-ch,j-q-x	1
幻想	huàn xiǎng	2315	ian-iang,uan-uang,h-f,j-q-x	1
挣扎	zhēng zhá	2317	en-eng,z-zh	1
看作	kàn zuò	2318	an-ang,ua-uo,z-zh	1
水土	shuǐ tǔ	2319	s-sh	1
商人	shāng rén	2321	en-eng,an-ang,s-sh,r-l	1
客气	kè qi	2322	j-q-x	1
混合	hùn hé	2323	h-f	1
祝愿	zhù yuàn	2324	uan-uang,z-zh	1
笑话	xiào hua	2325	ua-uo,h-f,j-q-x	1
纺织	fǎng zhī	2326	an-ang,z-zh,h-f	1
场地	chǎng dì	2327	an-ang,c-ch	1
缓缓	huǎn huǎn	2328	uan-uang,h-f	1
封闭	fēng bì	2330	en-eng,h-f	1
高大	gāo dà	2332	ao-ou	1
农家	nóng jiā	2333	ia-ie,n-l,j-q-x	1
孤独	gū dú	2334		1
乡下	xiāng xia	2335	ian-iang,ia-ie,j-q-x	1
饮食	yǐn shí	2336	in-ing,s-sh	1
争论	zhēng lùn	2337	en-eng,z-zh,n-l,r-l	1
缩短	suō duǎn	2338	uan-uang,ua-uo,s-sh	1
高铁	gāo tiě	2339	ao-ou,ia-ie	1
飞船	fēi chuán	2341	uan-uang,ai-ei,c-ch,h-f	1
经受	jīng shòu	2343	in-ing,ao-ou,s-sh,j-q-x	1
压迫	yā pò	2344		1
难点	nán diǎn	2345	an-ang,ian-iang,n-l	1
日记	rì jì	2346	r-l,j-q-x	1
闭幕	bì mù	2347		1
虚假	xū jiǎ	2348	ia-ie,j-q-x	1
委屈	wěi qu	2349	ai-ei,j-q-x	1
乘客	chéng kè	2350	en-eng,c-ch	1
中旬	zhōng xún	2352	z-zh,j-q-x	1
钥匙	yào shi	2353	ao-ou,s-sh	1
产物	chǎn wù	2354	an-ang,c-ch	1
荣获	róng huò	2355	ua-uo,h-f,r-l	1
总算	zǒng suàn	2356	uan-uang,z-zh,s-sh	1
约定	yuē dìng	2357	in-ing	1
心脏	xīn zàng	2358	in-ing,an-ang,z-zh,j-q-x	1
武术	wǔ shù	2359	s-sh	1
启示	qǐ shì	2360	s-sh,j-q-x	1
大厦	dà shà	2362	s-sh	1
后悔	hòu huǐ	2363	ao-ou,h-f	1
缺点	quē diǎn	2364	ian-iang,j-q-x	1
赛场	sài chǎng	2365	an-ang,ai-ei,c-ch,s-sh	1
互动	hù dòng	2366	h-f	1
必定	bì dìng	2367	in-ing	1
反抗	fǎn kàng	2368	an-ang,h-f	1
塑料	sù liào	2369	s-sh,n-l,r-l	1
从不	cóng bù	2370	c-ch	1
过度	guò dù	2371	ua-uo	1
旅馆	lǚ guǎn	2372	uan-uang,n-l,r-l	1
平日	píng rì	2373	in-ing,r-l	1
深情	shēn qíng	2374	en-eng,in-ing,s-sh,j-q-x	1
交叉	jiāo chā	2375	c-ch,j-q-x	1
间接	jiàn jiē	2376	ian-iang,ia-ie,j-q-x	1
亲属	qīn shǔ	2377	in-ing,s-sh,j-q-x	1
起步	qǐ bù	2378	j-q-x	1
傍晚	bàng wǎn	2379	an-ang	1
驾驶	jià shǐ	2380	ia-ie,s-sh,j-q-x	1
消化	xiāo huà	2381	ua-uo,h-f,j-q-x	1
生理	shēng lǐ	2382	en-eng,s-sh,n-l,r-l	1
号码	hào mǎ	2383	ao-ou,h-f	1
旅行	lǚ xíng	2384	in-ing,n-l,r-l,j-q-x	1
围棋	wéi qí	2385	ai-ei,j-q-x	1
无效	wú xiào	2386	j-q-x	1
注视	zhù shì	2387	z-zh,s-sh	1
正面	zhèng miàn	2388	en-eng,ian-iang,z-zh	1
家族	jiā zú	2389	ia-ie,z-zh,j-q-x	1
其间	qí jiān	2391	ian-iang,j-q-x	1
皇后	huáng hòu	2392	uan-uang,ao-ou,h-f	1
握手	wò shǒu	2393	ao-ou,s-sh	1
新人	xīn rén	2394	en-eng,in-ing,r-l,j-q-x	1
悠久	yōu jiǔ	2395	ao-ou,j-q-x	1
婆婆	pó po	2396		1
被动	bèi dòng	2397	ai-ei	1
常年	cháng nián	2398	an-ang,ian-iang,c-ch,n-l	1
没收	mò shōu	2399	ao-ou,s-sh	1
植树	zhí shù	2400	z-zh,s-sh	1
都市	dū shì	2401	s-sh	1
火箭	huǒ jiàn	2402	ian-iang,ua-uo,h-f,j-q-x	1
散发	sàn fā	2403	an-ang,s-sh,h-f	1
篮球	lán qiú	2404	an-ang,n-l,r-l,j-q-x	1
时时	shí shí	2405	s-sh	1
高低	gāo dī	2406	ao-ou	1
长久	cháng jiǔ	2407	an-ang,c-ch,j-q-x	1
漫长	màn cháng	2408	an-ang,c-ch	1
讨厌	tǎo yàn	2409	an-ang,ao-ou	1
榜样	bǎng yàng	2410	an-ang	1
书店	shū diàn	2411	ian-iang,s-sh	1
善良	shàn liáng	2412	an-ang,ian-iang,s-sh,n-l,r-l	1
长征	cháng zhēng	2413	en-eng,an-ang,z-zh,c-ch	1
爱好	ài hào	2414	ai-ei,ao-ou,h-f	1
常见	cháng jiàn	2415	an-ang,ian-iang,c-ch,j-q-x	1
弟兄	dì xiong	2416	j-q-x	1
拼命	pīn mìng	2417	in-ing	1
山水	shān shuǐ	2418	an-ang,s-sh	1
投降	tóu xiáng	2419	ian-iang,ao-ou,j-q-x	1
上游	shàng yóu	2420	an-ang,ao-ou,s-sh	1
爱人	ài ren	2421	en-eng,ai-ei,r-l	1
惊人	jīng rén	2422	en-eng,in-ing,r-l,j-q-x	1
木材	mù cái	2423	ai-ei,c-ch	1
中医	zhōng yī	2424	z-zh	1
对照	duì zhào	2425	ao-ou,z-zh	1
风雨	fēng yǔ	2426	en-eng,h-f	1
拼搏	pīn bó	2428	in-ing	1
糊涂	hú tu	2429	h-f	1
哪怕	nǎ pà	2430	n-l	1
形容	xíng róng	2431	in-ing,r-l,j-q-x	1
过后	guò hòu	2432	ao-ou,ua-uo,h-f	1
走廊	zǒu láng	2433	an-ang,ao-ou,z-zh,n-l,r-l	1
新生	xīn shēng	2434	en-eng,in-ing,s-sh,j-q-x	1
跟前	gēn qián	2435	en-eng,ian-iang,j-q-x	1
温柔	wēn róu	2436	en-eng,ao-ou,r-l	1
炸弹	zhà dàn	2437	an-ang,z-zh	1
浪漫	làng màn	2438	an-ang,n-l,r-l	1
偏偏	piān piān	2439	ian-iang	1
设法	shè fǎ	2440	s-sh,h-f	1
劳模	láo mó	2441	ao-ou,n-l,r-l	1
时光	shí guāng	2442	uan-uang,s-sh	1
借助	jiè zhù	2443	ia-ie,z-zh,j-q-x	1
和尚	hé shang	2444	an-ang,s-sh,h-f	1
新春	xīn chūn	2446	in-ing,c-ch,j-q-x	1
生死	shēng sǐ	2447	en-eng,s-sh	1
打扮	dǎ ban	2448	an-ang	1
场合	chǎng hé	2449	an-ang,c-ch,h-f	1
清晨	qīng chén	2450	en-eng,in-ing,c-ch,j-q-x	1
欺骗	qī piàn	2451	ian-iang,j-q-x	1
黄昏	huáng hūn	2452	uan-uang,h-f	1
节省	jié shěng	2453	en-eng,ia-ie,s-sh,j-q-x	1
地址	dì zhǐ	2454	z-zh	1
痛快	tòng kuài	2455		1
盼望	pàn wàng	2456	an-ang	1
赠送	zèng sòng	2457	en-eng,z-zh,s-sh	1
胡同	hú tòng	2458	h-f	1
眼神	yǎn shén	2459	en-eng,an-ang,s-sh	1
创立	chuàng lì	2460	uan-uang,c-ch,n-l,r-l	1
加重	jiā zhòng	2461	ia-ie,z-zh,j-q-x	1
考生	kǎo shēng	2462	en-eng,ao-ou,s-sh	1
流传	liú chuán	2463	uan-uang,c-ch,n-l,r-l	1
深夜	shēn yè	2464	en-eng,s-sh	1
烈士	liè shì	2465	ia-ie,s-sh,n-l,r-l	1
借口	jiè kǒu	2466	ao-ou,ia-ie,j-q-x	1
角落	jiǎo luò	2467	ua-uo,n-l,r-l,j-q-x	1
整齐	zhěng qí	2468	en-eng,z-zh,j-q-x	1
要么	yào me	2469	ao-ou	1
嗓子	sǎng zi	2470	an-ang,z-zh,s-sh	1
启发	qǐ fā	2471	h-f,j-q-x	1
中级	zhōng jí	2472	z-zh,j-q-x	1
部位	bù wèi	2473	ai-ei	1
中年	zhōng nián	2474	ian-iang,z-zh,n-l	1
病房	bìng fáng	2475	in-ing,an-ang,h-f	1
心血	xīn xuè	2476	in-ing,j-q-x	1
休闲	xiū xián	2477	ian-iang,j-q-x	1
充足	chōng zú	2478	z-zh,c-ch	1
饲养	sì yǎng	2479	an-ang,s-sh	1
归来	guī lái	2480	ai-ei,n-l,r-l	1
完美	wán měi	2481	an-ang,ai-ei	1
裁判	cái pàn	2482	an-ang,ai-ei,c-ch	1
强迫	qiǎng pò	2483	ian-iang,j-q-x	1
比分	bǐ fēn	2484	en-eng,h-f	1
大半	dà bàn	2485	an-ang	1
来临	lái lín	2486	in-ing,ai-ei,n-l,r-l	1
收藏	shōu cáng	2487	an-ang,ao-ou,c-ch,s-sh	1
物体	wù tǐ	2488		1
清除	qīng chú	2489	in-ing,c-ch,j-q-x	1
神话	shén huà	2490	en-eng,ua-uo,s-sh,h-f	1
忍受	rěn shòu	2491	en-eng,ao-ou,s-sh,r-l	1
尸体	shī tǐ	2492	s-sh	1
香烟	xiāng yān	2493	an-ang,ian-iang,j-q-x	1
竞选	jìng xuǎn	2494	in-ing,uan-uang,j-q-x	1
没事	méi shì	2495	ai-ei,s-sh	1
公元	gōng yuán	2496	uan-uang	1
难受	nán shòu	2497	an-ang,ao-ou,s-sh,n-l	1
游人	yóu rén	2498	en-eng,ao-ou,r-l	1
含义	hán yì	2499	an-ang,h-f	1
邮政	yóu zhèng	2500	en-eng,ao-ou,z-zh	1
良心	liáng xīn	2501	in-ing,ian-iang,n-l,r-l,j-q-x	1
图案	tú àn	2502	an-ang	1
尊敬	zūn jìng	2503	in-ing,z-zh,j-q-x	1
通行	tōng xíng	2504	in-ing,j-q-x	1
丛书	cóng shū	2505	c-ch,s-sh	1
阴影	yīn yǐng	2506	in-ing	1
双重	shuāng chóng	2507	uan-uang,c-ch,s-sh	1
园林	yuán lín	2508	in-ing,uan-uang,n-l,r-l	1
中等	zhōng děng	2509	en-eng,z-zh	1
崇拜	chóng bài	2510	ai-ei,c-ch	1
打仗	dǎ zhàng	2511	an-ang,z-zh	1
遗传	yí chuán	2512	uan-uang,c-ch	1
值班	zhí bān	2513	an-ang,z-zh	1
气味	qì wèi	2514	ai-ei,j-q-x	1
关爱	guā nài	2515	ai-ei,ua-uo,n-l	1
行李	xíng li	2516	in-ing,n-l,r-l,j-q-x	1
恰恰	qià qià	2517	ia-ie,j-q-x	1
永久	yǒng jiǔ	2518	j-q-x	1
牢记	láo jì	2519	ao-ou,n-l,r-l,j-q-x	1
下旬	xià xún	2520	ia-ie,j-q-x	1
下令	xià lìng	2521	in-ing,ia-ie,n-l,r-l,j-q-x	1
跳舞	tiào wǔ	2522		1
可笑	kě xiào	2523	j-q-x	1
太平	tài píng	2524	in-ing,ai-ei	1
典礼	diǎn lǐ	2525	ian-iang,n-l,r-l	1
庄稼	zhuāng jia	2526	uan-uang,ia-ie,z-zh,j-q-x	1
发送	fā sòng	2527	s-sh,h-f	1
违章	wéi zhāng	2528	an-ang,ai-ei,z-zh	1
得罪	dé zuì	2529	z-zh	1
射击	shè jī	2530	s-sh,j-q-x	1
闪烁	shǎn shuò	2531	an-ang,ua-uo,s-sh	1
英勇	yīng yǒng	2532	in-ing	1
东风	dōng fēng	2533	en-eng,h-f	1
自称	zì chēng	2534	en-eng,z-zh,c-ch	1
肌肉	jī ròu	2535	ao-ou,r-l,j-q-x	1
身材	shēn cái	2536	en-eng,ai-ei,c-ch,s-sh	1
界限	jiè xiàn	2537	ian-iang,ia-ie,j-q-x	1
听众	tīng zhòng	2538	in-ing,z-zh	1
互助	hù zhù	2539	z-zh,h-f	1
咖啡	kā fēi	2540	ai-ei,h-f	1
原谅	yuán liàng	2541	ian-iang,uan-uang,n-l,r-l	1
排列	pái liè	2542	ai-ei,ia-ie,n-l,r-l	1
衣裳	yī shang	2543	an-ang,s-sh	1
相处	xiāng chǔ	2544	ian-iang,c-ch,j-q-x	1
靠近	kào jìn	2545	in-ing,ao-ou,j-q-x	1
通俗	tōng sú	2546	s-sh	1
严禁	yán jìn	2547	in-ing,an-ang,j-q-x	1
下游	xià yóu	2548	ao-ou,ia-ie,j-q-x	1
振奋	zhèn fèn	2549	en-eng,z-zh,h-f	1
火星	huǒ xīng	2550	in-ing,ua-uo,h-f,j-q-x	1
播种	bō zhǒng	2551	z-zh	1
数目	shù mù	2552	s-sh	1
歌唱	gē chàng	2553	an-ang,c-ch	1
压缩	yā suō	2554	ua-uo,s-sh	1
防护	fáng hù	2555	an-ang,h-f	1
电报	diàn bào	2556	ian-iang,ao-ou	1
厂商	chǎng shāng	2557	an-ang,c-ch,s-sh	1
高等	gāo děng	2558	en-eng,ao-ou	1
频道	pín dào	2559	in-ing,ao-ou	1
罪犯	zuì fàn	2560	an-ang,z-zh,h-f	1
中断	zhōng duàn	2561	uan-uang,z-zh	1
演唱	yǎn chàng	2563	an-ang,c-ch	1
辅导	fǔ dǎo	2564	ao-ou,h-f	1
演奏	yǎn zòu	2565	an-ang,ao-ou,z-zh	1
贫穷	pín qióng	2566	in-ing,j-q-x	1
吸取	xī qǔ	2567	j-q-x	1
上空	shàng kōng	2568	an-ang,s-sh	1
打断	dǎ duàn	2569	uan-uang	1
签名	qiān míng	2571	in-ing,ian-iang,j-q-x	1
说服	shuō fú	2572	ua-uo,s-sh,h-f	1
正月	zhēng yuè	2573	en-eng,z-zh	1
田野	tián yě	2576	ian-iang	1
艰辛	jiān xīn	2577	in-ing,ian-iang,j-q-x	1
疼痛	téng tòng	2578	en-eng	1
器官	qì guān	2579	uan-uang,j-q-x	1
多半	duō bàn	2580	an-ang,ua-uo	1
电池	diàn chí	2581	ian-iang,c-ch	1
烦恼	fán nǎo	2582	an-ang,ao-ou,n-l,h-f	1
领取	lǐng qǔ	2583	in-ing,n-l,r-l,j-q-x	1
向往	xiàng wǎng	2584	an-ang,ian-iang,j-q-x	1
目录	mù lù	2585	n-l,r-l	1
教堂	jiào táng	2586	an-ang,j-q-x	1
保安	bǎo ān	2587	an-ang,ao-ou	1
永恒	yǒng héng	2588	en-eng,h-f	1
羡慕	xiàn mù	2589	ian-iang,j-q-x	1
亮点	liàng diǎn	2590	ian-iang,n-l,r-l	1
奴隶	nú lì	2592	n-l,r-l	1
无情	wú qíng	2593	in-ing,j-q-x	1
震动	zhèn dòng	2594	en-eng,z-zh	1
开车	kāi chē	2596	ai-ei,c-ch	1
仓库	cāng kù	2597	an-ang,c-ch	1
客运	kè yùn	2598		1
体力	tǐ lì	2599	n-l,r-l	1
墙壁	qiáng bì	2600	ian-iang,j-q-x	1
尽力	jìn lì	2601	in-ing,n-l,r-l,j-q-x	1
疑问	yí wèn	2602	en-eng	1
祝福	zhù fú	2603	z-zh,h-f	1
往事	wǎng shì	2604	an-ang,s-sh	1
防守	fáng shǒu	2605	an-ang,ao-ou,s-sh,h-f	1
暴雨	bào yǔ	2606	ao-ou	1
起初	qǐ chū	2607	c-ch,j-q-x	1
海岸	hǎi àn	2608	an-ang,ai-ei,h-f	1
佩服	pèi fú	2610	ai-ei,h-f	1
侧面	cè miàn	2611	ian-iang,c-ch	1
筷子	kuài zi	2613	z-zh	1
价钱	jià qián	2614	ian-iang,ia-ie,j-q-x	1
咳嗽	ké sou	2615	ao-ou,s-sh	1
采集	cǎi jí	2616	ai-ei,c-ch,j-q-x	1
日后	rì hòu	2617	ao-ou,h-f,r-l	1
航班	háng bān	2618	an-ang,h-f	1
家电	jiā diàn	2619	ian-iang,ia-ie,j-q-x	1
漫画	màn huà	2620	an-ang,ua-uo,h-f	1
来回	lái huí	2621	ai-ei,n-l,h-f,r-l	1
春季	chūn jì	2622	c-ch,j-q-x	1
只管	zhǐ guǎn	2623	uan-uang,z-zh	1
定义	dìng yì	2624	in-ing	1
点燃	diǎn rán	2625	an-ang,ian-iang,r-l	1
天真	tiān zhēn	2626	en-eng,ian-iang,z-zh	1
边疆	biān jiāng	2627	ian-iang,j-q-x	1
心愿	xīn yuàn	2628	in-ing,uan-uang,j-q-x	1
优点	yōu diǎn	2629	ian-iang,ao-ou	1
开除	kāi chú	2631	ai-ei,c-ch	1
恰好	qià hǎo	2633	ao-ou,ia-ie,h-f,j-q-x	1
中毒	zhòng dú	2634	z-zh	1
好奇	hào qí	2635	ao-ou,h-f,j-q-x	1
老家	lǎo jiā	2636	ao-ou,ia-ie,n-l,r-l,j-q-x	1
主角	zhǔ jué	2637	z-zh,j-q-x	1
相连	xiāng lián	2638	ian-iang,n-l,r-l,j-q-x	1
齐全	qí quán	2639	uan-uang,j-q-x	1
苦难	kǔ nàn	2640	an-ang,n-l	1
垂直	chuí zhí	2641	z-zh,c-ch	1
外语	wài yǔ	2642	ai-ei	1
子弹	zǐ dàn	2643	an-ang,z-zh	1
无关	wú guān	2644	uan-uang	1
天才	tiān cái	2645	ian-iang,ai-ei,c-ch	1
讲解	jiǎng jiě	2646	ian-iang,ia-ie,j-q-x	1
皮鞋	pí xié	2648	ia-ie,j-q-x	1
手枪	shǒu qiāng	2649	ian-iang,ao-ou,s-sh,j-q-x	1
宁静	níng jìng	2650	in-ing,n-l,j-q-x	1
电器	diàn qì	2651	ian-iang,j-q-x	1
各处	gè chù	2652	c-ch	1
水分	shuǐ fèn	2653	en-eng,s-sh,h-f	1
钢琴	gāng qín	2654	in-ing,an-ang,j-q-x	1
公寓	gōng yù	2655		1
旋转	xuán zhuǎn	2656	uan-uang,z-zh,j-q-x	1
花费	huā fei	2657	ai-ei,ua-uo,h-f	1
忽略	hū lüè	2658	n-l,h-f,r-l	1
遇见	yù jiàn	2659	ian-iang,j-q-x	1
品德	pǐn dé	2660	in-ing	1
翅膀	chì bǎng	2661	an-ang,c-ch	1
道歉	dào qiàn	2662	ian-iang,ao-ou,j-q-x	1
辩论	biàn lùn	2664	ian-iang,n-l,r-l	1
苍白	cāng bái	2665	an-ang,ai-ei,c-ch	1
符号	fú hào	2666	ao-ou,h-f	1
片面	piàn miàn	2667	ian-iang	1
抛弃	pāo qì	2668	ao-ou,j-q-x	1
餐厅	cān tīng	2669	in-ing,an-ang,c-ch	1
当晚	dàng wǎn	2670	an-ang	1
播放	bō fàng	2671	an-ang,h-f	1
趣味	qù wèi	2672	ai-ei,j-q-x	1
照样	zhào yàng	2673	an-ang,ao-ou,z-zh	1
网点	wǎng diǎn	2674	an-ang,ian-iang	1
观光	guān guāng	2675	uan-uang	1
快活	kuài huo	2676	ua-uo,h-f	1
怀念	huái niàn	2677	ian-iang,n-l,h-f	1
饮料	yǐn liào	2678	in-ing,n-l,r-l	1
寒冷	hán lěng	2679	en-eng,an-ang,n-l,h-f,r-l	1
车厢	chē xiāng	2680	ian-iang,c-ch,j-q-x	1
睡眠	shuì mián	2681	ian-iang,s-sh	1
体操	tǐ cāo	2682	ao-ou,c-ch	1
真相	zhēn xiàng	2683	en-eng,ian-iang,z-zh,j-q-x	1
行走	xíng zǒu	2684	in-ing,ao-ou,z-zh,j-q-x	1
乘坐	chéng zuò	2685	en-eng,ua-uo,z-zh,c-ch	1
直线	zhí xiàn	2686	ian-iang,z-zh,j-q-x	1
真心	zhēn xīn	2687	en-eng,in-ing,z-zh,j-q-x	1
辛勤	xīn qín	2688	in-ing,j-q-x	1
柜台	guì tái	2689	ai-ei	1
惊喜	jīng xǐ	2690	in-ing,j-q-x	1
只顾	zhǐ gù	2691	z-zh	1
卡车	kǎ chē	2692	c-ch	1
出面	chū miàn	2693	ian-iang,c-ch	1
天堂	tiān táng	2694	an-ang,ian-iang	1
用途	yòng tú	2695		1
传奇	chuán qí	2696	uan-uang,c-ch,j-q-x	1
沙滩	shā tān	2697	an-ang,s-sh	1
牧民	mù mín	2698	in-ing	1
坚信	jiān xìn	2699	in-ing,ian-iang,j-q-x	1
油画	yóu huà	2700	ao-ou,ua-uo,h-f	1
当面	dāng miàn	2701	an-ang,ian-iang	1
难怪	nán guài	2702	an-ang,n-l	1
标语	biāo yǔ	2703		1
不如	bù rú	2704	r-l	1
拳头	quán tóu	2705	uan-uang,ao-ou,j-q-x	1
冰雪	bīng xuě	2706	in-ing,j-q-x	1
网球	wǎng qiú	2707	an-ang,j-q-x	1
推迟	tuī chí	2708	c-ch	1
田间	tián jiān	2709	ian-iang,j-q-x	1
后代	hòu dài	2710	ai-ei,ao-ou,h-f	1
图像	tú xiàng	2711	ian-iang,j-q-x	1
治病	zhì bìng	2712	in-ing,z-zh	1
山村	shān cūn	2713	an-ang,c-ch,s-sh	1
再三	zài sān	2714	an-ang,ai-ei,z-zh,s-sh	1
友人	yǒu rén	2715	en-eng,ao-ou,r-l	1
黑人	Hēi rén	2716	en-eng,ai-ei,h-f,r-l	1
幸运	xìng yùn	2717	in-ing,j-q-x	1
平方	píng fāng	2718	in-ing,an-ang,h-f	1
亲密	qīn mì	2719	in-ing,j-q-x	1
器材	qì cái	2720	ai-ei,c-ch,j-q-x	1
繁华	fán huá	2721	an-ang,ua-uo,h-f	1
眉头	méi tóu	2722	ai-ei,ao-ou	1
读物	dú wù	2723		1
纯洁	chún jié	2724	ia-ie,c-ch,j-q-x	1
剩余	shèng yú	2725	en-eng,s-sh	1
光线	guāng xiàn	2726	ian-iang,uan-uang,j-q-x	1
手臂	shǒu bì	2727	ao-ou,s-sh	1
珍珠	zhēn zhū	2728	en-eng,z-zh	1
挣钱	zhèng qián	2729	en-eng,ian-iang,z-zh,j-q-x	1
毫米	háo mǐ	2730	ao-ou,h-f	1
招待	zhāo dài	2731	ai-ei,ao-ou,z-zh	1
陆地	lù dì	2732	n-l,r-l	1
一心	yī xīn	2733	in-ing,j-q-x	1
证件	zhèng jiàn	2734	en-eng,ian-iang,z-zh,j-q-x	1
固体	gù tǐ	2735		1
江山	jiāng shān	2736	an-ang,ian-iang,s-sh,j-q-x	1
相声	xiàng sheng	2737	en-eng,ian-iang,s-sh,j-q-x	1
光芒	guāng máng	2738	an-ang,uan-uang	1
心事	xīn shì	2739	in-ing,s-sh,j-q-x	1
一连	yī lián	2740	ian-iang,n-l,r-l	1
美德	měi dé	2741	ai-ei	1
渔民	yú mín	2742	in-ing	1
熟人	shú rén	2743	en-eng,s-sh,r-l	1
区分	qū fēn	2744	en-eng,h-f,j-q-x	1
修理	xiū lǐ	2745	n-l,r-l,j-q-x	1
清新	qīng xīn	2746	in-ing,j-q-x	1
结局	jié jú	2747	ia-ie,j-q-x	1
十足	shí zú	2748	z-zh,s-sh	1
精美	jīng měi	2749	in-ing,ai-ei,j-q-x	1
除非	chú fēi	2750	ai-ei,c-ch,h-f	1
玫瑰	méi gui	2751	ai-ei	1
细菌	xì jūn	2752	j-q-x	1
适度	shì dù	2753	s-sh	1
汉族	Hàn zú	2754	an-ang,z-zh,h-f	1
排队	pái duì	2755	ai-ei	1
绿地	lǜ dì	2756	n-l,r-l	1
语气	yǔ qì	2757	j-q-x	1
祖先	zǔ xiān	2758	ian-iang,z-zh,j-q-x	1
性别	xìng bié	2759	in-ing,ia-ie,j-q-x	1
模仿	mó fǎng	2760	an-ang,h-f	1
预定	yù dìng	2761	in-ing	1
常识	cháng shí	2762	an-ang,c-ch,s-sh	1
疲劳	pí láo	2763	ao-ou,n-l,r-l	1
拥挤	yōng jǐ	2764	j-q-x	1
拥抱	yōng bào	2765	ao-ou	1
朝阳	zhāo yáng	2767	an-ang,ao-ou,z-zh	1
邮件	yóu jiàn	2768	ian-iang,ao-ou,j-q-x	1
外人	wài rén	2769	en-eng,ai-ei,r-l	1
储存	chǔ cún	2770	c-ch	1
鲜血	xiān xuè	2772	ian-iang,j-q-x	1
学期	xué qī	2773	j-q-x	1
联手	lián shǒu	2774	ian-iang,ao-ou,s-sh,n-l,r-l	1
超级	chāo jí	2775	ao-ou,c-ch,j-q-x	1
称呼	chēng hu	2776	en-eng,c-ch,h-f	1
亲身	qīn shēn	2777	en-eng,in-ing,s-sh,j-q-x	1
丫头	yā tou	2778	ao-ou	1
伙计	huǒ ji	2779	ua-uo,h-f,j-q-x	1
四面	sì miàn	2781	ian-iang,s-sh	1
打倒	dǎ dǎo	2782	ao-ou	1
小品	xiǎo pǐn	2784	in-ing,j-q-x	1
全长	quán cháng	2785	an-ang,uan-uang,c-ch,j-q-x	1
对应	duì yìng	2786	in-ing	1
必需	bì xū	2787	j-q-x	1
大脑	dà nǎo	2788	ao-ou,n-l	1
在线	zài xiàn	2789	ian-iang,ai-ei,z-zh,j-q-x	1
使劲	shǐ jìn	2790	in-ing,s-sh,j-q-x	1
苦恼	kǔ nǎo	2791	ao-ou,n-l	1
正规	zhèng guī	2792	en-eng,z-zh	1
全程	quán chéng	2793	en-eng,uan-uang,c-ch,j-q-x	1
追赶	zhuī gǎn	2794	an-ang,z-zh	1
稍稍	shāo shāo	2795	ao-ou,s-sh	1
开业	kāi yè	2796	ai-ei	1
往日	wǎng rì	2797	an-ang,r-l	1
坦克	tǎn kè	2798	an-ang	1
陆军	lù jūn	2799	n-l,r-l,j-q-x	1
指南	zhǐ nán	2800	an-ang,z-zh,n-l	1
聚会	jù huì	2801	h-f,j-q-x	1
彩票	cǎi piào	2802	ai-ei,c-ch	1
岩石	yán shí	2803	an-ang,s-sh	1
职员	zhí yuán	2804	uan-uang,z-zh	1
卧室	wò shì	2805	s-sh	1
重量	zhòng liàng	2806	ian-iang,z-zh,n-l,r-l	1
无穷	wú qióng	2807	j-q-x	1
好些	hǎo xiē	2808	ao-ou,ia-ie,h-f,j-q-x	1
神仙	shén xiān	2809	en-eng,ian-iang,s-sh,j-q-x	1
朦胧	méng lóng	2810	en-eng,n-l,r-l	1
惊奇	jīng qí	2811	in-ing,j-q-x	1
喇叭	lǎ ba	2812	n-l,r-l	1
保姆	bǎo mǔ	2813	ao-ou	1
风俗	fēng sú	2814	en-eng,s-sh,h-f	1
周到	zhōu dào	2815	ao-ou,z-zh	1
液体	yè tǐ	2816		1
观赏	guān shǎng	2817	an-ang,uan-uang,s-sh	1
站立	zhàn lì	2818	an-ang,z-zh,n-l,r-l	1
食用	shí yòng	2819	s-sh	1
发病	fā bìng	2820	in-ing,h-f	1
心底	xīn dǐ	2821	in-ing,j-q-x	1
打动	dǎ dòng	2822		1
火炬	huǒ jù	2823	ua-uo,h-f,j-q-x	1
王国	wáng guó	2824	an-ang,ua-uo	1
稿子	gǎo zi	2825	ao-ou,z-zh	1
出租	chū zū	2826	z-zh,c-ch	1
南极	nán jí	2827	an-ang,n-l,j-q-x	1
夸张	kuā zhāng	2829	an-ang,ua-uo,z-zh	1
亚军	yà jūn	2830	j-q-x	1
前方	qián fāng	2831	an-ang,ian-iang,h-f,j-q-x	1
饥饿	jī è	2832	j-q-x	1
口头	kǒu tóu	2833	ao-ou	1
门诊	mén zhěn	2834	en-eng,z-zh	1
台风	tái fēng	2835	en-eng,ai-ei,h-f	1
巧妙	qiǎo miào	2836	j-q-x	1
曲线	qū xiàn	2837	ian-iang,j-q-x	1
集合	jí hé	2838	h-f,j-q-x	1
餐馆	cān guǎn	2839	an-ang,uan-uang,c-ch	1
言语	yán yǔ	2840	an-ang	1
敬意	jìng yì	2841	in-ing,j-q-x	1
歌剧	gē jù	2842	j-q-x	1
旺盛	wàng shèng	2843	en-eng,an-ang,s-sh	1
优异	yōu yì	2844	ao-ou	1
流水	liú shuǐ	2845	s-sh,n-l,r-l	1
歌手	gē shǒu	2846	ao-ou,s-sh	1
弟子	dì zǐ	2847	z-zh	1
任意	rèn yì	2848	en-eng,r-l	1
胸脯	xiōng pú	2849	j-q-x	1
架子	jià zi	2850	ia-ie,z-zh,j-q-x	1
入侵	rù qīn	2851	in-ing,r-l,j-q-x	1
骆驼	luò tuo	2852	ua-uo,n-l,r-l	1
视觉	shì jué	2853	s-sh,j-q-x	1
奋力	fèn lì	2854	en-eng,n-l,h-f,r-l	1
嘴角	zuǐ jiǎo	2855	z-zh,j-q-x	1
久久	jiǔ jiǔ	2856	j-q-x	1
冒险	mào xiǎn	2857	ian-iang,ao-ou,j-q-x	1
慌忙	huāng máng	2858	an-ang,uan-uang,h-f	1
喜庆	xǐ qìng	2859	in-ing,j-q-x	1
声响	shēng xiǎng	2860	en-eng,ian-iang,s-sh,j-q-x	1
火焰	huǒ yàn	2861	an-ang,ua-uo,h-f	1
喉咙	hóu lóng	2862	ao-ou,n-l,h-f,r-l	1
天生	tiān shēng	2863	en-eng,ian-iang,s-sh	1
荒山	huāng shān	2864	an-ang,uan-uang,s-sh,h-f	1
杀害	shā hài	2865	ai-ei,s-sh,h-f	1
苦笑	kǔ xiào	2866	j-q-x	1
引用	yǐn yòng	2867	in-ing	1
出入	chū rù	2868	c-ch,r-l	1
亲情	qīn qíng	2869	in-ing,j-q-x	1
熟练	shú liàn	2870	ian-iang,s-sh,n-l,r-l	1
甘心	gān xīn	2871	in-ing,an-ang,j-q-x	1
打架	dǎ jià	2872	ia-ie,j-q-x	1
闻名	wén míng	2874	en-eng,in-ing	1
可贵	kě guì	2875		1
失踪	shī zōng	2876	z-zh,s-sh	1
语音	yǔ yīn	2877	in-ing	1
卫士	wèi shì	2878	ai-ei,s-sh	1
滚滚	gǔn gǔn	2880		1
名片	míng piàn	2881	in-ing,ian-iang	1
隐藏	yǐn cáng	2882	in-ing,an-ang,c-ch	1
老乡	lǎo xiāng	2883	ian-iang,ao-ou,n-l,r-l,j-q-x	1
好比	hǎo bǐ	2884	ao-ou,h-f	1
玩笑	wán xiào	2886	an-ang,j-q-x	1
汽油	qì yóu	2887	ao-ou,j-q-x	1
宽阔	kuān kuò	2888	uan-uang,ua-uo	1
湖泊	hú pō	2889	h-f	1
吃苦	chī kǔ	2890	c-ch	1
朴素	pǔ sù	2891	s-sh	1
绳子	shéng zi	2893	en-eng,z-zh,s-sh	1
监视	jiān shì	2894	ian-iang,s-sh,j-q-x	1
解答	jiě dá	2895	ia-ie,j-q-x	1
船只	chuán zhī	2896	uan-uang,z-zh,c-ch	1
赞美	zàn měi	2897	an-ang,ai-ei,z-zh	1
抚摸	fǔ mō	2898	h-f	1
欢呼	huān hū	2899	uan-uang,h-f	1
豆腐	dòu fu	2900	ao-ou,h-f	1
眼珠	yǎn zhū	2901	an-ang,z-zh	1
银子	yín zi	2902	in-ing,z-zh	1
陈旧	chén jiù	2903	en-eng,c-ch,j-q-x	1
看台	kàn tái	2904	an-ang,ai-ei	1
复制	fù zhì	2905	z-zh,h-f	1
山川	shān chuān	2906	an-ang,uan-uang,c-ch,s-sh	1
茫茫	máng máng	2907	an-ang	1
黎明	lí míng	2908	in-ing,n-l,r-l	1
运送	yùn sòng	2909	s-sh	1
果实	guǒ shí	2910	ua-uo,s-sh	1
秋季	qiū jì	2911	j-q-x	1
伟人	wěi rén	2912	en-eng,ai-ei,r-l	1
富强	fù qiáng	2913	ian-iang,h-f,j-q-x	1
隔壁	gé bì	2914		1
气愤	qì fèn	2915	en-eng,h-f,j-q-x	1
淹没	yān mò	2916	an-ang	1
君子	jūn zǐ	2917	z-zh,j-q-x	1
四方	sì fāng	2919	an-ang,s-sh,h-f	1
古怪	gǔ guài	2920		1
当真	dàng zhēn	2921	en-eng,an-ang,z-zh	1
分手	fēn shǒu	2922	en-eng,ao-ou,s-sh,h-f	1
肥料	féi liào	2923	ai-ei,n-l,h-f,r-l	1
附加	fù jiā	2924	ia-ie,h-f,j-q-x	1
迷人	mí rén	2925	en-eng,r-l	1
逃走	táo zǒu	2926	ao-ou,z-zh	1
怀抱	huái bào	2927	ao-ou,h-f	1
转动	zhuǎn dòng	2928	uan-uang,z-zh	1
美妙	měi miào	2929	ai-ei	1
踏实	tā shi	2931	s-sh	1
新娘	xīn niáng	2932	in-ing,ian-iang,n-l,j-q-x	1
样品	yàng pǐn	2934	in-ing,an-ang	1
出场	chū chǎng	2935	an-ang,c-ch	1
相差	xiāng chà	2936	ian-iang,c-ch,j-q-x	1
祖宗	zǔ zong	2937	z-zh	1
选用	xuǎn yòng	2938	uan-uang,j-q-x	1
翻身	fān shēn	2939	en-eng,an-ang,s-sh,h-f	1
助手	zhù shǒu	2940	ao-ou,z-zh,s-sh	1
点心	diǎn xin	2941	in-ing,ian-iang,j-q-x	1
出差	chū chāi	2942	ai-ei,c-ch	1
弱点	ruò diǎn	2943	ian-iang,ua-uo,r-l	1
地道	dì dào	2944	ao-ou	1
解散	jiě sàn	2945	an-ang,ia-ie,s-sh,j-q-x	1
感冒	gǎn mào	2946	an-ang,ao-ou	1
追问	zhuī wèn	2947	en-eng,z-zh	1
端正	duān zhèng	2948	en-eng,uan-uang,z-zh	1
合影	hé yǐng	2950	in-ing,h-f	1
风筝	fēng zheng	2951	en-eng,z-zh,h-f	1
体质	tǐ zhì	2952	z-zh	1
晚年	wǎn nián	2953	an-ang,ian-iang,n-l	1
误会	wù huì	2954	h-f	1
乐趣	lè qù	2955	n-l,r-l,j-q-x	1
恰当	qià dàng	2956	an-ang,ia-ie,j-q-x	1
心疼	xīn téng	2957	en-eng,in-ing,j-q-x	1
种田	zhòng tián	2958	ian-iang,z-zh	1
象棋	xiàng qí	2959	ian-iang,j-q-x	1
毁灭	huǐ miè	2960	ia-ie,h-f	1
减弱	jiǎn ruò	2961	ian-iang,ua-uo,r-l,j-q-x	1
相遇	xiāng yù	2962	ian-iang,j-q-x	1
抽屉	chōu ti	2963	ao-ou,c-ch	1
惊醒	jīng xǐng	2964	in-ing,j-q-x	1
相识	xiāng shí	2965	ian-iang,s-sh,j-q-x	1
一早	yī zǎo	2966	ao-ou,z-zh	1
孤儿	gū ér	2967		1
山顶	shān dǐng	2968	in-ing,an-ang,s-sh	1
运气	yùn qi	2969	j-q-x	1
上当	shàng dàng	2970	an-ang,s-sh	1
歪曲	wāi qū	2971	ai-ei,j-q-x	1
诗词	shī cí	2972	c-ch,s-sh	1
交际	jiāo jì	2973	j-q-x	1
新房	xīn fáng	2974	in-ing,an-ang,h-f,j-q-x	1
背影	bèi yǐng	2975	in-ing,ai-ei	1
忍耐	rěn nài	2976	en-eng,ai-ei,n-l,r-l	1
地毯	dì tǎn	2977	an-ang	1
吃亏	chī kuī	2978	c-ch	1
眼皮	yǎn pí	2979	an-ang	1
均匀	jūn yún	2980	j-q-x	1
随手	suí shǒu	2981	ao-ou,s-sh	1
姿势	zī shì	2982	z-zh,s-sh	1
发光	fā guāng	2983	uan-uang,h-f	1
损伤	sǔn shāng	2984	an-ang,s-sh	1
江河	jiāng hé	2985	ian-iang,h-f,j-q-x	1
赶忙	gǎn máng	2986	an-ang	1
裙子	qún zi	2987	z-zh,j-q-x	1
比喻	bǐ yù	2988		1
公式	gōng shì	2989	s-sh	1
体重	tǐ zhòng	2990	z-zh	1
自立	zì lì	2991	z-zh,n-l,r-l	1
总共	zǒng gòng	2992	z-zh	1
佳节	jiā jié	2993	ia-ie,j-q-x	1
连夜	lián yè	2994	ian-iang,n-l,r-l	1
亲近	qīn jìn	2995	in-ing,j-q-x	1
时分	shí fēn	2996	en-eng,s-sh,h-f	1
住处	zhù chù	2997	z-zh,c-ch	1
请教	qǐng jiào	2998	in-ing,j-q-x	1
信封	xìn fēng	2999	en-eng,in-ing,h-f,j-q-x	1
月球	yuè qiú	3000	j-q-x	1
评比	píng bǐ	3001	in-ing	1
草坪	cǎo píng	3002	in-ing,ao-ou,c-ch	1
顺序	shùn xù	3003	s-sh,j-q-x	1
降落	jiàng luò	3004	ian-iang,ua-uo,n-l,r-l,j-q-x	1
打发	dǎ fa	3005	h-f	1
发热	fā rè	3006	h-f,r-l	1
航行	háng xíng	3007	in-ing,an-ang,h-f,j-q-x	1
稍微	shāo wēi	3008	ai-ei,ao-ou,s-sh	1
干燥	gān zào	3009	an-ang,ao-ou,z-zh	1
黑夜	hēi yè	3010	ai-ei,h-f	1
报警	bào jǐng	3011	in-ing,ao-ou,j-q-x	1
嘲笑	cháo xiào	3012	ao-ou,c-ch,j-q-x	1
老是	lǎo shì	3013	ao-ou,s-sh,n-l,r-l	1
方言	fāng yán	3014	an-ang,h-f	1
填写	tián xiě	3015	ian-iang,ia-ie,j-q-x	1
笔记	bǐ jì	3016	j-q-x	1
礼仪	lǐ yí	3017	n-l,r-l	1
导游	dǎo yóu	3018	ao-ou	1
庆典	qìng diǎn	3019	in-ing,ian-iang,j-q-x	1
山头	shān tóu	3020	an-ang,ao-ou,s-sh	1
何不	hé bù	3021	h-f	1
话筒	huà tǒng	3024	ua-uo,h-f	1
倒霉	dǎo méi	3025	ai-ei,ao-ou	1
名额	mín gé	3026	in-ing	1
乐器	yuè qì	3027	j-q-x	1
大雪	dà xuě	3028	j-q-x	1
宽松	kuān sōng	3029	uan-uang,s-sh	1
要不	yào bù	3030	ao-ou	1
歌颂	gē sòng	3031	s-sh	1
日程	rì chéng	3032	en-eng,c-ch,r-l	1
诉说	sù shuō	3033	ua-uo,s-sh	1
景色	jǐng sè	3034	in-ing,s-sh,j-q-x	1
胖子	pàng zi	3035	an-ang,z-zh	1
学风	xué fēng	3036	en-eng,h-f,j-q-x	1
猜想	cāi xiǎng	3037	ian-iang,ai-ei,c-ch,j-q-x	1
泡沫	pào mò	3038	ao-ou	1
秀美	xiù měi	3039	ai-ei,j-q-x	1
念书	niàn shū	3040	ian-iang,s-sh,n-l	1
密码	mì mǎ	3041		1
责备	zé bèi	3042	ai-ei,z-zh	1
旁人	páng rén	3043	en-eng,an-ang,r-l	1
敌对	dí duì	3044		1
上场	shàng chǎng	3045	an-ang,c-ch,s-sh	1
捕捉	bǔ zhuō	3046	ua-uo,z-zh	1
手工	shǒu gōng	3047	ao-ou,s-sh	1
步行	bù xíng	3048	in-ing,j-q-x	1
伤口	shāng kǒu	3049	an-ang,ao-ou,s-sh	1
礼品	lǐ pǐn	3050	in-ing,n-l,r-l	1
体检	tǐ jiǎn	3051	ian-iang,j-q-x	1
参军	cān jūn	3053	an-ang,c-ch,j-q-x	1
额头	é tóu	3054	ao-ou	1
柔软	róu ruǎn	3055	uan-uang,ao-ou,r-l	1
传染	chuán rǎn	3056	an-ang,uan-uang,c-ch,r-l	1
反省	fǎn xǐng	3057	in-ing,an-ang,h-f,j-q-x	1
欢快	huān kuài	3058	uan-uang,h-f	1
有理	yǒu lǐ	3059	ao-ou,n-l,r-l	1
泰山	tài shān	3060	an-ang,ai-ei,s-sh	1
思念	sī niàn	3061	ian-iang,s-sh,n-l	1
乐意	lè yì	3062	n-l,r-l	1
繁忙	fán máng	3063	an-ang,h-f	1
轮船	lún chuán	3064	uan-uang,c-ch,n-l,r-l	1
哭泣	kū qì	3066	j-q-x	1
信箱	xìn xiāng	3067	in-ing,ian-iang,j-q-x	1
餐桌	cān zhuō	3068	an-ang,ua-uo,z-zh,c-ch	1
无私	wú sī	3069	s-sh	1
平面	píng miàn	3070	in-ing,ian-iang	1
统统	tǒng tǒng	3071		1
预先	yù xiān	3072	ian-iang,j-q-x	1
鼓掌	gǔ zhǎng	3073	an-ang,z-zh	1
相等	xiāng děng	3074	en-eng,ian-iang,j-q-x	1
通红	tōng hóng	3075	h-f	1
犯人	fàn rén	3076	en-eng,an-ang,h-f,r-l	1
讲课	jiǎng kè	3077	ian-iang,j-q-x	1
姊妹	zǐ mèi	3078	ai-ei,z-zh	1
制服	zhì fú	3080	z-zh,h-f	1
假期	jià qī	3081	ia-ie,j-q-x	1
教书	jiāo shū	3082	s-sh,j-q-x	1
轻视	qīng shì	3083	in-ing,s-sh,j-q-x	1
萝卜	luó bo	3084	ua-uo,n-l,r-l	1
野外	yě wài	3085	ai-ei	1
单调	dān diào	3086	an-ang	1
年终	nián zhōng	3087	ian-iang,z-zh,n-l	1
流浪	liú làng	3088	an-ang,n-l,r-l	1
反击	fǎn jī	3089	an-ang,h-f,j-q-x	1
巴掌	bā zhang	3090	an-ang,z-zh	1
跳动	tiào dòng	3091		1
别处	bié chù	3092	ia-ie,c-ch	1
名著	míng zhù	3095	in-ing,z-zh	1
公公	gōng gong	3096		1
少见	shǎo jiàn	3097	ian-iang,ao-ou,s-sh,j-q-x	1
无知	wú zhī	3098	z-zh	1
胆子	dǎn zi	3099	an-ang,z-zh	1
城门	chéng mén	3100	en-eng,c-ch	1
航运	háng yùn	3101	an-ang,h-f	1
民歌	mín gē	3102	in-ing	1
迎面	yíng miàn	3103	in-ing,ian-iang	1
词汇	cí huì	3104	c-ch,h-f	1
度假	dù jià	3106	ia-ie,j-q-x	1
陈列	chén liè	3107	en-eng,ia-ie,c-ch,n-l,r-l	1
对称	duì chèn	3109	en-eng,c-ch	1
脑海	nǎo hǎi	3110	ai-ei,ao-ou,n-l,h-f	1
盛大	shèng dà	3111	en-eng,s-sh	1
整洁	zhěng jié	3112	en-eng,ia-ie,z-zh,j-q-x	1
固有	gù yǒu	3113	ao-ou	1
蚂蚁	mǎ yǐ	3115		1
响声	xiǎng shēng	3116	en-eng,ian-iang,s-sh,j-q-x	1
损坏	sǔn huài	3117	s-sh,h-f	1
报考	bào kǎo	3118	ao-ou	1
身高	shēn gāo	3119	en-eng,ao-ou,s-sh	1
夕阳	xī yáng	3120	an-ang,j-q-x	1
单元	dān yuán	3121	an-ang,uan-uang	1
悲惨	bēi cǎn	3122	an-ang,ai-ei,c-ch	1
多余	duō yú	3123	ua-uo	1
可疑	kě yí	3124		1
生怕	shēng pà	3125	en-eng,s-sh	1
排球	pái qiú	3126	ai-ei,j-q-x	1
特长	tè cháng	3127	an-ang,c-ch	1
灯火	dēng huǒ	3128	en-eng,ua-uo,h-f	1
洁净	jié jìng	3129	in-ing,ia-ie,j-q-x	1
氧气	yǎng qì	3130	an-ang,j-q-x	1
伤员	shāng yuán	3131	an-ang,uan-uang,s-sh	1
远大	yuǎn dà	3132	uan-uang	1
计较	jì jiào	3133	j-q-x	1
后方	hòu fāng	3136	an-ang,ao-ou,h-f	1
丢失	diū shī	3137	s-sh	1
摩擦	mó cā	3138	c-ch	1
围墙	wéi qiáng	3139	ian-iang,ai-ei,j-q-x	1
葫芦	hú lu	3140	n-l,h-f,r-l	1
实话	shí huà	3141	ua-uo,s-sh,h-f	1
查找	chá zhǎo	3142	ao-ou,z-zh,c-ch	1
冰川	bīng chuān	3143	in-ing,uan-uang,c-ch	1
店铺	diàn pù	3144	ian-iang	1
洁白	jié bái	3145	ai-ei,ia-ie,j-q-x	1
操心	cāo xīn	3146	in-ing,ao-ou,c-ch,j-q-x	1
决战	jué zhàn	3147	an-ang,z-zh,j-q-x	1
立方	lì fāng	3148	an-ang,n-l,h-f,r-l	1
飞速	fēi sù	3149	ai-ei,s-sh,h-f	1
信件	xìn jiàn	3150	in-ing,ian-iang,j-q-x	1
破旧	pò jiù	3151	j-q-x	1
顺便	shùn biàn	3152	ian-iang,s-sh	1
壮丽	zhuàng lì	3153	uan-uang,z-zh,n-l,r-l	1
乐曲	yuè qǔ	3154	j-q-x	1
欺负	qī fu	3155	h-f,j-q-x	1
乐队	yuè duì	3156		1
降临	jiàng lín	3157	in-ing,ian-iang,n-l,r-l,j-q-x	1
禁区	jìn qū	3158	in-ing,j-q-x	1
微弱	wēi ruò	3159	ai-ei,ua-uo,r-l	1
丑恶	chǒu è	3160	ao-ou,c-ch	1
痛哭	tòng kū	3161		1
牡丹	mǔ dan	3162	an-ang	1
往常	wǎng cháng	3163	an-ang,c-ch	1
出行	chū xíng	3164	in-ing,c-ch,j-q-x	1
纸条	zhǐ tiáo	3165	z-zh	1
潮湿	cháo shī	3166	ao-ou,c-ch,s-sh	1
火山	huǒ shān	3167	an-ang,ua-uo,s-sh,h-f	1
外表	wài biǎo	3168	ai-ei	1
饭菜	fàn cài	3170	an-ang,ai-ei,c-ch,h-f	1
滚动	gǔn dòng	3171		1
坐落	zuò luò	3173	ua-uo,z-zh,n-l,r-l	1
私下	sī xià	3174	ia-ie,s-sh,j-q-x	1
加热	jiā rè	3175	ia-ie,r-l,j-q-x	1
西装	xī zhuāng	3176	uan-uang,z-zh,j-q-x	1
尽情	jìn qíng	3177	in-ing,j-q-x	1
退还	tuì huán	3178	uan-uang,h-f	1
闪光	shǎn guāng	3179	an-ang,uan-uang,s-sh	1
财物	cái wù	3180	ai-ei,c-ch	1
黑白	hēi bái	3181	ai-ei,h-f	1
大炮	dà pào	3182	ao-ou	1
上旬	shàng xún	3183	an-ang,s-sh,j-q-x	1
归还	guī huán	3184	uan-uang,h-f	1
到手	dào shǒu	3185	ao-ou,s-sh	1
火光	huǒ guāng	3186	uan-uang,ua-uo,h-f	1
书本	shū běn	3187	en-eng,s-sh	1
光亮	guāng liàng	3188	ian-iang,uan-uang,n-l,r-l	1
杂技	zá jì	3189	z-zh,j-q-x	1
前行	qián xíng	3190	in-ing,ian-iang,j-q-x	1
边远	biān yuǎn	3191	ian-iang,uan-uang	1
蜡烛	là zhú	3192	z-zh,n-l,r-l	1
苍蝇	cāng ying	3193	in-ing,an-ang,c-ch	1
跳跃	tiào yuè	3194		1
碰见	pèng jiàn	3195	en-eng,ian-iang,j-q-x	1
急救	jí jiù	3196	j-q-x	1
山谷	shān gǔ	3197	an-ang,s-sh	1
辣椒	là jiāo	3198	n-l,r-l,j-q-x	1
当天	dàng tiān	3199	an-ang,ian-iang	1
尽头	jìn tóu	3200	in-ing,ao-ou,j-q-x	1
侵占	qīn zhàn	3201	in-ing,an-ang,z-zh,j-q-x	1
团员	tuán yuán	3202	uan-uang	1
留心	liú xīn	3203	in-ing,n-l,r-l,j-q-x	1
走动	zǒu dòng	3204	ao-ou,z-zh	1
废除	fèi chú	3205	ai-ei,c-ch,h-f	1
泥沙	ní shā	3206	s-sh,n-l	1
礼堂	lǐ táng	3207	an-ang,n-l,r-l	1
幼儿	yòu ér	3208	ao-ou	1
拜年	bài nián	3209	ian-iang,ai-ei,n-l	1
照明	zhào míng	3210	in-ing,ao-ou,z-zh	1
蛋糕	dàn gāo	3211	an-ang,ao-ou	1
瀑布	pù bù	3212		1
幸亏	xìng kuī	3213	in-ing,j-q-x	1
点子	diǎn zi	3214	ian-iang,z-zh	1
爆竹	bào zhú	3215	ao-ou,z-zh	1
逃跑	táo pǎo	3216	ao-ou	1
绿洲	lǜ zhōu	3217	ao-ou,z-zh,n-l,r-l	1
四海	sì hǎi	3218	ai-ei,s-sh,h-f	1
温泉	wēn quán	3219	en-eng,uan-uang,j-q-x	1
古今	gǔ jīn	3220	in-ing,j-q-x	1
家务	jiā wù	3221	ia-ie,j-q-x	1
不许	bù xǔ	3222	j-q-x	1
偏远	piān yuǎn	3223	ian-iang,uan-uang	1
长途	cháng tú	3224	an-ang,c-ch	1
关节	guān jié	3225	uan-uang,ia-ie,j-q-x	1
喊叫	hǎn jiào	3226	an-ang,h-f,j-q-x	1
耀眼	yào yǎn	3227	an-ang,ao-ou	1
煤气	méi qì	3228	ai-ei,j-q-x	1
轻微	qīng wēi	3229	in-ing,ai-ei,j-q-x	1
火柴	huǒ chái	3230	ai-ei,ua-uo,c-ch,h-f	1
肩头	jiān tóu	3231	ian-iang,ao-ou,j-q-x	1
语法	yǔ fǎ	3233	h-f	1
交替	jiāo tì	3234	j-q-x	1
血管	xuè guǎn	3235	uan-uang,j-q-x	1
袜子	wà zi	3236	z-zh	1
金子	jīn zi	3237	in-ing,z-zh,j-q-x	1
奔跑	bēn pǎo	3238	en-eng,ao-ou	1
魔鬼	mó guǐ	3239		1
显露	xiǎn lù	3240	ian-iang,n-l,r-l,j-q-x	1
休假	xiū jià	3241	ia-ie,j-q-x	1
铺子	pù zi	3242	z-zh	1
线条	xiàn tiáo	3243	ian-iang,j-q-x	1
手势	shǒu shì	3244	ao-ou,s-sh	1
苦苦	kǔ kǔ	3245		1
体温	tǐ wēn	3246	en-eng	1
音响	yīn xiǎng	3247	in-ing,ian-iang,j-q-x	1
灭亡	miè wáng	3248	an-ang,ia-ie	1
网民	wǎng mín	3249	in-ing,an-ang	1
岳父	yuè fù	3250	h-f	1
灯笼	dēng long	3251	en-eng,n-l,r-l	1
乐园	lè yuán	3252	uan-uang,n-l,r-l	1
让步	ràng bù	3253	an-ang,r-l	1
万分	wàn fēn	3254	en-eng,an-ang,h-f	1
中止	zhōng zhǐ	3255	z-zh	1
宽广	kuān guǎng	3256	uan-uang	1
上路	shàng lù	3257	an-ang,s-sh,n-l,r-l	1
惭愧	cán kuì	3258	an-ang,c-ch	1
过时	guò shí	3259	ua-uo,s-sh	1
住宿	zhù sù	3260	z-zh,s-sh	1
懂事	dǒng shì	3261	s-sh	1
悲伤	bēi shāng	3262	an-ang,ai-ei,s-sh	1
养活	yǎng huo	3263	an-ang,ua-uo,h-f	1
求助	qiú zhù	3264	z-zh,j-q-x	1
宽大	kuān dà	3265	uan-uang	1
故宫	gù gōng	3266		1
布满	bù mǎn	3267	an-ang	1
品尝	pǐn cháng	3268	in-ing,an-ang,c-ch	1
鞭炮	biān pào	3269	ian-iang,ao-ou	1
截止	jié zhǐ	3271	ia-ie,z-zh,j-q-x	1
轮胎	lún tāi	3272	ai-ei,n-l,r-l	1
启迪	qǐ dí	3273	j-q-x	1
热气	rè qì	3274	r-l,j-q-x	1
丢掉	diū diào	3275		1
结实	jiē shi	3276	ia-ie,s-sh,j-q-x	1
发抖	fā dǒu	3277	ao-ou,h-f	1
接力	jiē lì	3278	ia-ie,n-l,r-l,j-q-x	1
恶心	ě xin	3279	in-ing,j-q-x	1
空洞	kōng dòng	3280		1
飘扬	piāo yáng	3281	an-ang	1
手册	shǒu cè	3282	ao-ou,c-ch,s-sh	1
相机	xiàng jī	3283	ian-iang,j-q-x	1
随身	suí shēn	3284	en-eng,s-sh	1
动身	dòng shēn	3286	en-eng,s-sh	1
扣除	kòu chú	3287	ao-ou,c-ch	1
争吵	zhēng chǎo	3288	en-eng,ao-ou,z-zh,c-ch	1
讲台	jiǎng tái	3289	ian-iang,ai-ei,j-q-x	1
恐龙	kǒng lóng	3290	n-l,r-l	1
湿润	shī rùn	3291	s-sh,r-l	1
数码	shù mǎ	3292	s-sh	1
自古	zì gǔ	3293	z-zh	1
查看	chá kàn	3295	an-ang,c-ch	1
世间	shì jiān	3296	ian-iang,s-sh,j-q-x	1
水流	shuǐ liú	3297	s-sh,n-l,r-l	1
麻雀	má què	3298	j-q-x	1
每每	měi měi	3299	ai-ei	1
闪电	shǎn diàn	3300	an-ang,ian-iang,s-sh	1
眼眶	yǎn kuàng	3301	an-ang,uan-uang	1
友情	yǒu qíng	3302	in-ing,ao-ou,j-q-x	1
收缩	shōu suō	3303	ao-ou,ua-uo,s-sh	1
傻子	shǎ zi	3304	z-zh,s-sh	1
照相	zhào xiàng	3305	ian-iang,ao-ou,z-zh,j-q-x	1
好心	hǎo xīn	3306	in-ing,ao-ou,h-f,j-q-x	1
摆放	bǎi fàng	3307	an-ang,ai-ei,h-f	1
自尊	zì zūn	3308	z-zh	1
呼喊	hū hǎn	3309	an-ang,h-f	1
劝说	quàn shuō	3310	uan-uang,ua-uo,s-sh,j-q-x	1
路程	lù chéng	3311	en-eng,c-ch,n-l,r-l	1
袖子	xiù zi	3313	z-zh,j-q-x	1
种地	zhòng dì	3314	z-zh	1
发愁	fā chóu	3315	ao-ou,c-ch,h-f	1
膝盖	xī gài	3316	ai-ei,j-q-x	1
吃力	chī lì	3317	c-ch,n-l,r-l	1
四季	sì jì	3318	s-sh,j-q-x	1
眼色	yǎn sè	3319	an-ang,s-sh	1
脂肪	zhī fáng	3320	an-ang,z-zh,h-f	1
病床	bìng chuáng	3321	in-ing,uan-uang,c-ch	1
步子	bù zi	3322	z-zh	1
甜蜜	tián mì	3323	ian-iang	1
侧重	cè zhòng	3325	z-zh,c-ch	1
牲口	shēng kou	3326	en-eng,ao-ou,s-sh	1
长寿	cháng shòu	3327	an-ang,ao-ou,c-ch,s-sh	1
错过	cuò guò	3328	ua-uo,c-ch	1
慌乱	huāng luàn	3329	uan-uang,n-l,h-f,r-l	1
飞翔	fēi xiáng	3330	ian-iang,ai-ei,h-f,j-q-x	1
出名	chū míng	3331	in-ing,c-ch	1
辽阔	liáo kuò	3332	ua-uo,n-l,r-l	1
严寒	yán hán	3333	an-ang,h-f	1
夜色	yè sè	3334	s-sh	1
手艺	shǒu yì	3335	ao-ou,s-sh	1
海滩	hǎi tān	3336	an-ang,ai-ei,h-f	1
看中	kàn zhòng	3337	an-ang,z-zh	1
烟雾	yān wù	3338	an-ang	1
害虫	hài chóng	3339	ai-ei,c-ch,h-f	1
该死	gāi sǐ	3340	ai-ei,s-sh	1
积雪	jī xuě	3341	j-q-x	1
农历	nóng lì	3342	n-l,r-l	1
长年	cháng nián	3343	an-ang,ian-iang,c-ch,n-l	1
摇篮	yáo lán	3344	an-ang,ao-ou,n-l,r-l	1
匆忙	cōng máng	3345	an-ang,c-ch	1
对联	duì lián	3346	ian-iang,n-l,r-l	1
感想	gǎn xiǎng	3348	an-ang,ian-iang,j-q-x	1
长短	cháng duǎn	3349	an-ang,uan-uang,c-ch	1
毅力	yì lì	3350	n-l,r-l	1
诗句	shī jù	3351	s-sh,j-q-x	1
侵入	qīn rù	3352	in-ing,r-l,j-q-x	1
平坦	píng tǎn	3353	in-ing,an-ang	1
可信	kě xìn	3354	in-ing,j-q-x	1
高空	gāo kōng	3355	ao-ou	1
喜事	xǐ shì	3357	s-sh,j-q-x	1
后院	hòu yuàn	3358	uan-uang,ao-ou,h-f	1
墙角	qiáng jiǎo	3360	ian-iang,j-q-x	1
陪伴	péi bàn	3361	an-ang,ai-ei	1
值钱	zhí qián	3362	ian-iang,z-zh,j-q-x	1
油菜	yóu cài	3363	ai-ei,ao-ou,c-ch	1
要点	yào diǎn	3364	ian-iang,ao-ou	1
堆积	duī jī	3365	j-q-x	1
首领	shǒu lǐng	3366	in-ing,ao-ou,s-sh,n-l,r-l	1
鲜红	xiān hóng	3367	ian-iang,h-f,j-q-x	1
古迹	gǔ jì	3368	j-q-x	1
山沟	shān gōu	3369	an-ang,ao-ou,s-sh	1
正中	zhèng zhōng	3370	en-eng,z-zh	1
牧场	mù chǎng	3371	an-ang,c-ch	1
窗帘	chuāng lián	3372	ian-iang,uan-uang,c-ch,n-l,r-l	1
尘土	chén tǔ	3373	en-eng,c-ch	1
抚养	fǔ yǎng	3374	an-ang,h-f	1
红包	hóng bāo	3375	ao-ou,h-f	1
夸大	kuā dà	3376	ua-uo	1
糟糕	zāo gāo	3379	ao-ou,z-zh	1
搏斗	bó dòu	3380	ao-ou	1
诱人	yòu rén	3381	en-eng,ao-ou,r-l	1
手帕	shǒu pà	3382	ao-ou,s-sh	1
合唱	hé chàng	3383	an-ang,c-ch,h-f	1
人造	rén zào	3384	en-eng,ao-ou,z-zh,r-l	1
照射	zhào shè	3385	ao-ou,z-zh,s-sh	1
争相	zhēng xiāng	3386	en-eng,ian-iang,z-zh,j-q-x	1
炉子	lú zi	3387	z-zh,n-l,r-l	1
倒退	dào tuì	3388	ao-ou	1
超前	chāo qián	3389	ian-iang,ao-ou,c-ch,j-q-x	1
巨人	jù rén	3390	en-eng,r-l,j-q-x	1
录音	lù yīn	3391	in-ing,n-l,r-l	1
冰冷	bīng lěng	3392	en-eng,in-ing,n-l,r-l	1
深山	shēn shān	3393	en-eng,an-ang,s-sh	1
桂花	guì huā	3394	ua-uo,h-f	1
远近	yuǎn jìn	3395	in-ing,uan-uang,j-q-x	1
吵架	chǎo jià	3397	ao-ou,ia-ie,c-ch,j-q-x	1
忍心	rěn xīn	3398	en-eng,in-ing,r-l,j-q-x	1
坟墓	fén mù	3399	en-eng,h-f	1
扫除	sǎo chú	3400	ao-ou,c-ch,s-sh	1
四肢	sì zhī	3401	z-zh,s-sh	1
炮弹	pào dàn	3402	an-ang,ao-ou	1
毁坏	huǐ huài	3403	h-f	1
快车	kuài chē	3404	c-ch	1
谦虚	qiān xū	3405	ian-iang,j-q-x	1
受骗	shòu piàn	3406	ian-iang,ao-ou,s-sh	1
长处	cháng chù	3407	an-ang,c-ch	1
受害	shòu hài	3408	ai-ei,ao-ou,s-sh,h-f	1
疯子	fēng zi	3411	en-eng,z-zh,h-f	1
诊所	zhěn suǒ	3412	en-eng,ua-uo,z-zh,s-sh	1
语调	yǔ diào	3413		1
手腕	shǒu wàn	3414	an-ang,ao-ou,s-sh	1
好汉	hǎo hàn	3415	an-ang,ao-ou,h-f	1
火热	huǒ rè	3416	ua-uo,h-f,r-l	1
清脆	qīng cuì	3417	in-ing,c-ch,j-q-x	1
戈壁	gē bì	3418		1
梦幻	mèng huàn	3419	en-eng,uan-uang,h-f	1
原野	yuán yě	3420	uan-uang	1
求学	qiú xué	3421	j-q-x	1
白人	Bái rén	3422	en-eng,ai-ei,r-l	1
谎言	huǎng yán	3423	an-ang,uan-uang,h-f	1
加倍	jiā bèi	3424	ai-ei,ia-ie,j-q-x	1
盲人	máng rén	3426	en-eng,an-ang,r-l	1
书信	shū xìn	3427	in-ing,s-sh,j-q-x	1
手绢	shǒu juàn	3428	uan-uang,ao-ou,s-sh,j-q-x	1
团聚	tuán jù	3429	uan-uang,j-q-x	1
细雨	xì yǔ	3430	j-q-x	1
波浪	bō làng	3431	an-ang,n-l,r-l	1
衰老	shuāi lǎo	3432	ao-ou,s-sh,n-l,r-l	1
吉祥	jí xiáng	3433	ian-iang,j-q-x	1
环绕	huán rào	3434	uan-uang,ao-ou,h-f,r-l	1
雄伟	xióng wěi	3435	ai-ei,j-q-x	1
盛开	shèng kāi	3436	en-eng,ai-ei,s-sh	1
西服	xī fú	3437	h-f,j-q-x	1
功劳	gōng láo	3438	ao-ou,n-l,r-l	1
蚊子	wén zi	3439	en-eng,z-zh	1
动车	dòng chē	3440	c-ch	1
收割	shōu gē	3441	ao-ou,s-sh	1
手心	shǒu xīn	3442	in-ing,ao-ou,s-sh,j-q-x	1
礼拜	lǐ bài	3443	ai-ei,n-l,r-l	1
午后	wǔ hòu	3444	ao-ou,h-f	1
常人	cháng rén	3446	en-eng,an-ang,c-ch,r-l	1
片子	piān zi	3447	ian-iang,z-zh	1
报仇	bào chóu	3448	ao-ou,c-ch	1
好意	hǎo yì	3449	ao-ou,h-f	1
排练	pái liàn	3450	ian-iang,ai-ei,n-l,r-l	1
招手	zhāo shǒu	3452	ao-ou,z-zh,s-sh	1
中秋	Zhōng qiū	3453	z-zh,j-q-x	1
空地	kòng dì	3454		1
丝绸	sī chóu	3455	ao-ou,c-ch,s-sh	1
文盲	wén máng	3456	en-eng,an-ang	1
静止	jìng zhǐ	3457	in-ing,z-zh,j-q-x	1
类别	lèi bié	3458	ai-ei,ia-ie,n-l,r-l	1
虚心	xū xīn	3459	in-ing,j-q-x	1
埋伏	mái fú	3460	ai-ei,h-f	1
字母	zì mǔ	3462	z-zh	1
徒弟	tú dì	3463		1
传送	chuán sòng	3464	uan-uang,c-ch,s-sh	1
星光	xīng guāng	3465	in-ing,uan-uang,j-q-x	1
衬衫	chèn shān	3467	en-eng,an-ang,c-ch,s-sh	1
福气	fú qi	3468	h-f,j-q-x	1
炮火	pào huǒ	3470	ao-ou,ua-uo,h-f	1
遍地	biàn dì	3471	ian-iang	1
破烂	pò làn	3473	an-ang,n-l,r-l	1
回复	huí fù	3474	h-f	1
鞭子	biān zi	3475	ian-iang,z-zh	1
莲花	lián huā	3476	ian-iang,ua-uo,n-l,h-f,r-l	1
欢庆	huān qìng	3477	in-ing,uan-uang,h-f,j-q-x	1
骗子	piàn zi	3478	ian-iang,z-zh	1
光滑	guāng huá	3479	uan-uang,ua-uo,h-f	1
坚硬	jiān yìng	3480	in-ing,ian-iang,j-q-x	1
口音	kǒu yīn	3481	in-ing,ao-ou	1
受苦	shòu kǔ	3482	ao-ou,s-sh	1
相貌	xiàng mào	3483	ian-iang,ao-ou,j-q-x	1
假装	jiǎ zhuāng	3484	uan-uang,ia-ie,z-zh,j-q-x	1
胡乱	hú luàn	3485	uan-uang,n-l,h-f,r-l	1
叫喊	jiào hǎn	3486	an-ang,h-f,j-q-x	1
举止	jǔ zhǐ	3487	z-zh,j-q-x	1
新郎	xīn láng	3488	in-ing,an-ang,n-l,r-l,j-q-x	1
家用	jiā yòng	3489	ia-ie,j-q-x	1
奥秘	ào mì	3490	ao-ou	1
电车	diàn chē	3491	ian-iang,c-ch	1
水手	shuǐ shǒu	3492	ao-ou,s-sh	1
彩虹	cǎi hóng	3493	ai-ei,c-ch,h-f	1
清洗	qīng xǐ	3494	in-ing,j-q-x	1
书架	shū jià	3495	ia-ie,s-sh,j-q-x	1
遗忘	yí wàng	3496	an-ang	1
流畅	liú chàng	3498	an-ang,c-ch,n-l,r-l	1
陷于	xiàn yú	3499	ian-iang,j-q-x	1
炸药	zhà yào	3500	ao-ou,z-zh	1
唤醒	huàn xǐng	3501	in-ing,uan-uang,h-f,j-q-x	1
电线	diàn xiàn	3502	ian-iang,j-q-x	1
车祸	chē huò	3503	ua-uo,c-ch,h-f	1
朗诵	lǎng sòng	3504	an-ang,s-sh,n-l,r-l	1
阴暗	yī nàn	3505	an-ang,n-l	1
钉子	dīng zi	3506	in-ing,z-zh	1
师父	shī fu	3507	s-sh,h-f	1
无名	wú míng	3508	in-ing	1
凶手	xiōng shǒu	3509	ao-ou,s-sh,j-q-x	1
钻石	zuàn shí	3512	uan-uang,z-zh,s-sh	1
解救	jiě jiù	3513	ia-ie,j-q-x	1
逐一	zhú yī	3514	z-zh	1
落叶	luò yè	3515	ua-uo,n-l,r-l	1
池塘	chí táng	3516	an-ang,c-ch	1
沉静	chén jìng	3518	en-eng,in-ing,c-ch,j-q-x	1
简短	jiǎn duǎn	3519	ian-iang,uan-uang,j-q-x	1
私自	sī zì	3521	z-zh,s-sh	1
狡猾	jiǎo huá	3522	ua-uo,h-f,j-q-x	1
亮丽	liàng lì	3523	ian-iang,n-l,r-l	1
正直	zhèng zhí	3524	en-eng,z-zh	1
玩耍	wán shuǎ	3525	an-ang,ua-uo,s-sh	1
换取	huàn qǔ	3526	uan-uang,h-f,j-q-x	1
流感	liú gǎn	3527	an-ang,n-l,r-l	1
搜查	sōu chá	3528	ao-ou,c-ch,s-sh	1
喝彩	hè cǎi	3530	ai-ei,c-ch,h-f	1
开张	kāi zhāng	3531	an-ang,ai-ei,z-zh	1
留言	liú yán	3532	an-ang,n-l,r-l	1
入睡	rù shuì	3533	s-sh,r-l	1
弯曲	wān qū	3534	an-ang,j-q-x	1
短信	duǎn xìn	3535	in-ing,uan-uang,j-q-x	1
树干	shù gàn	3536	an-ang,s-sh	1
出海	chū hǎi	3537	ai-ei,c-ch,h-f	1
简要	jiǎn yào	3538	ian-iang,ao-ou,j-q-x	1
野兽	yě shòu	3539	ao-ou,s-sh	1
天鹅	tiān é	3540	ian-iang	1
开场	kāi chǎng	3541	an-ang,ai-ei,c-ch	1
迟早	chí zǎo	3542	ao-ou,z-zh,c-ch	1
傻瓜	shǎ guā	3543	ua-uo,s-sh	1
盘旋	pán xuán	3544	an-ang,uan-uang,j-q-x	1
口腔	kǒu qiāng	3546	ian-iang,ao-ou,j-q-x	1
高粱	gāo liang	3547	ian-iang,ao-ou,n-l,r-l	1
发亮	fā liàng	3548	ian-iang,n-l,h-f,r-l	1
扁担	biǎn dan	3549	an-ang,ian-iang	1
偶像	ǒu xiàng	3551	ian-iang,ao-ou,j-q-x	1
救命	jiù mìng	3552	in-ing,j-q-x	1
形体	xíng tǐ	3553	in-ing,j-q-x	1
拨打	bō dǎ	3554		1
奋勇	fèn yǒng	3555	en-eng,h-f	1
融化	róng huà	3556	ua-uo,h-f,r-l	1
花圈	huā quān	3557	uan-uang,ua-uo,h-f,j-q-x	1
奇妙	qí miào	3558	j-q-x	1
山野	shān yě	3559	an-ang,s-sh	1
乡间	xiāng jiān	3560	ian-iang,j-q-x	1
冰凉	bīng liáng	3561	in-ing,ian-iang,n-l,r-l	1
美观	měi guān	3562	uan-uang,ai-ei	1
丘陵	qiū líng	3563	in-ing,n-l,r-l,j-q-x	1
预示	yù shì	3564	s-sh	1
过关	guò guān	3565	uan-uang,ua-uo	1
用法	yòng fǎ	3566	h-f	1
国宝	guó bǎo	3568	ao-ou,ua-uo	1
收成	shōu cheng	3569	en-eng,ao-ou,c-ch,s-sh	1
存放	cún fàng	3570	an-ang,c-ch,h-f	1
坚固	jiān gù	3571	ian-iang,j-q-x	1
口罩	kǒu zhào	3572	ao-ou,z-zh	1
居于	jū yú	3573	j-q-x	1
异性	yì xìng	3574	in-ing,j-q-x	1
流星	liú xīng	3575	in-ing,n-l,r-l,j-q-x	1
长辈	zhǎng bèi	3576	an-ang,ai-ei,z-zh	1
当家	dāng jiā	3577	an-ang,ia-ie,j-q-x	1
降温	jiàng wēn	3578	en-eng,ian-iang,j-q-x	1
领带	lǐng dài	3579	in-ing,ai-ei,n-l,r-l	1
内衣	nèi yī	3580	ai-ei,n-l	1
年画	nián huà	3581	ian-iang,ua-uo,n-l,h-f	1
横行	héng xíng	3582	en-eng,in-ing,h-f,j-q-x	1
炎热	yán rè	3583	an-ang,r-l	1
封面	fēng miàn	3584	en-eng,ian-iang,h-f	1
能干	néng gàn	3585	en-eng,an-ang,n-l	1
乌鸦	wū yā	3586		1
标记	biāo jì	3587	j-q-x	1
厨师	chú shī	3588	c-ch,s-sh	1
搭配	dā pèi	3589	ai-ei	1
废话	fèi huà	3590	ai-ei,ua-uo,h-f	1
扑灭	pū miè	3591	ia-ie	1
船员	chuán yuán	3593	uan-uang,c-ch	1
看护	kān hù	3595	an-ang,h-f	1
防备	fáng bèi	3596	an-ang,ai-ei,h-f	1
费力	fèi lì	3597	ai-ei,n-l,h-f,r-l	1
烈日	liè rì	3599	ia-ie,n-l,r-l	1
穿行	chuān xíng	3600	in-ing,uan-uang,c-ch,j-q-x	1
叫好	jiào hǎo	3601	ao-ou,h-f,j-q-x	1
强盛	qiáng shèng	3602	en-eng,ian-iang,s-sh,j-q-x	1
床头	chuáng tóu	3603	uan-uang,ao-ou,c-ch	1
返还	fǎn huán	3604	an-ang,uan-uang,h-f	1
芝麻	zhī ma	3605	z-zh	1
差错	chā cuò	3606	ua-uo,c-ch	1
美景	měi jǐng	3607	in-ing,ai-ei,j-q-x	1
清明	qīng míng	3609	in-ing,j-q-x	1
视力	shì lì	3610	s-sh,n-l,r-l	1
图纸	tú zhǐ	3611	z-zh	1
喜讯	xǐ xùn	3612	j-q-x	1
鼻涕	bí tì	3613		1
入口	rù kǒu	3614	ao-ou,r-l	1
骗人	piàn rén	3615	en-eng,ian-iang,r-l	1
词语	cí yǔ	3616	c-ch	1
狂风	kuáng fēng	3617	en-eng,uan-uang,h-f	1
化验	huà yàn	3621	an-ang,ua-uo,h-f	1
棍子	gùn zi	3622	z-zh	1
随口	suí kǒu	3623	ao-ou,s-sh	1
趁机	chèn jī	3624	en-eng,c-ch,j-q-x	1
夸奖	kuā jiǎng	3625	ian-iang,ua-uo,j-q-x	1
出世	chū shì	3626	c-ch,s-sh	1
稻草	dào cǎo	3627	ao-ou,c-ch	1
网页	wǎng yè	3628	an-ang	1
主演	zhǔ yǎn	3629	an-ang,z-zh	1
采摘	cǎi zhāi	3630	ai-ei,z-zh,c-ch	1
郊外	jiāo wài	3631	ai-ei,j-q-x	1
迟到	chí dào	3632	ao-ou,c-ch	1
反面	fǎn miàn	3633	an-ang,ian-iang,h-f	1
笼子	lóng zi	3634	z-zh,n-l,r-l	1
微风	wēi fēng	3635	en-eng,ai-ei,h-f	1
防卫	fáng wèi	3636	an-ang,ai-ei,h-f	1
飞舞	fēi wǔ	3637	ai-ei,h-f	1
声调	shēng diào	3639	en-eng,s-sh	1
低级	dī jí	3640	j-q-x	1
暖和	nuǎn huo	3641	uan-uang,ua-uo,n-l,h-f	1
竹林	zhú lín	3642	in-ing,z-zh,n-l,r-l	1
订立	dìng lì	3643	in-ing,n-l,r-l	1
额外	é wài	3644	ai-ei	1
粪便	fèn biàn	3645	en-eng,ian-iang,h-f	1
罐头	guàn tou	3646	uan-uang,ao-ou	1
天线	tiān xiàn	3647	ian-iang,j-q-x	1
闪亮	shǎn liàng	3648	an-ang,ian-iang,s-sh,n-l,r-l	1
虚弱	xū ruò	3649	ua-uo,r-l,j-q-x	1
英俊	yīng jùn	3650	in-ing,j-q-x	1
栏杆	lán gān	3651	an-ang,n-l,r-l	1
细小	xì xiǎo	3652	j-q-x	1
宝库	bǎo kù	3654	ao-ou	1
接送	jiē sòng	3655	ia-ie,s-sh,j-q-x	1
客房	kè fáng	3656	an-ang,h-f	1
航海	háng hǎi	3658	an-ang,ai-ei,h-f	1
搬运	bān yùn	3659	an-ang	1
花木	huā mù	3660	ua-uo,h-f	1
惊叫	jīng jiào	3661	in-ing,j-q-x	1
拍照	pāi zhào	3662	ai-ei,ao-ou,z-zh	1
螃蟹	páng xiè	3663	an-ang,ia-ie,j-q-x	1
背心	bèi xīn	3664	in-ing,ai-ei,j-q-x	1
家境	jiā jìng	3665	in-ing,ia-ie,j-q-x	1
打印	dǎ yìn	3666	in-ing	1
当心	dāng xīn	3667	in-ing,an-ang,j-q-x	1
谷子	gǔ zi	3668	z-zh	1
讨好	tǎo hǎo	3669	ao-ou,h-f	1
香蕉	xiāng jiāo	3670	ian-iang,j-q-x	1
北极	běi jí	3671	ai-ei,j-q-x	1
比方	bǐ fang	3673	an-ang,h-f	1
笔直	bǐ zhí	3674	z-zh	1
可恶	kě wù	3675		1
游击	yóu jī	3677	ao-ou,j-q-x	1
肥胖	féi pàng	3678	an-ang,ai-ei,h-f	1
狭小	xiá xiǎo	3679	ia-ie,j-q-x	1
潮水	cháo shuǐ	3680	ao-ou,c-ch,s-sh	1
哗啦	huā lā	3681	ua-uo,n-l,h-f,r-l	1
清香	qīng xiāng	3682	in-ing,ian-iang,j-q-x	1
河岸	hé àn	3683	an-ang,h-f	1
胡闹	hú nào	3684	ao-ou,n-l,h-f	1
草木	cǎo mù	3685	ao-ou,c-ch	1
昏暗	hū nàn	3686	an-ang,n-l,h-f	1
火把	huǒ bǎ	3687	ua-uo,h-f	1
山峰	shān fēng	3688	en-eng,an-ang,s-sh,h-f	1
亲生	qīn shēng	3689	en-eng,in-ing,s-sh,j-q-x	1
搜救	sōu jiù	3690	ao-ou,s-sh,j-q-x	1
久远	jiǔ yuǎn	3691	uan-uang,j-q-x	1
年月	nián yuè	3692	ian-iang,n-l	1
取暖	qǔ nuǎn	3693	uan-uang,n-l,j-q-x	1
撒谎	sā huǎng	3694	uan-uang,s-sh,h-f	1
机智	jī zhì	3695	z-zh,j-q-x	1
景物	jǐng wù	3696	in-ing,j-q-x	1
并列	bìng liè	3698	in-ing,ia-ie,n-l,r-l	1
调子	diào zi	3699	z-zh	1
摇动	yáo dòng	3701	ao-ou	1
火花	huǒ huā	3702	ua-uo,h-f	1
闪耀	shǎn yào	3703	an-ang,ao-ou,s-sh	1
呼叫	hū jiào	3704	h-f,j-q-x	1
油灯	yóu dēng	3705	en-eng,ao-ou	1
波涛	bō tāo	3706	ao-ou	1
稀少	xī shǎo	3707	ao-ou,s-sh,j-q-x	1
简便	jiǎn biàn	3708	ian-iang,j-q-x	1
曲子	qǔ zi	3709	z-zh,j-q-x	1
口味	kǒu wèi	3710	ai-ei,ao-ou	1
失眠	shī mián	3711	ian-iang,s-sh	1
相伴	xiāng bàn	3712	an-ang,ian-iang,j-q-x	1
纸张	zhǐ zhāng	3713	an-ang,z-zh	1
多亏	duō kuī	3714	ua-uo	1
烈火	liè huǒ	3715	ia-ie,ua-uo,n-l,h-f,r-l	1
放牧	fàng mù	3716	an-ang,h-f	1
兰花	lán huā	3717	an-ang,ua-uo,n-l,h-f,r-l	1
吵闹	chǎo nào	3718	ao-ou,c-ch,n-l	1
狐狸	hú li	3719	n-l,h-f,r-l	1
守护	shǒu hù	3720	ao-ou,s-sh,h-f	1
衣袋	yī dài	3721	ai-ei	1
抖动	dǒu dòng	3722	ao-ou	1
挥舞	huī wǔ	3723	h-f	1
闲谈	xián tán	3724	an-ang,ian-iang,j-q-x	1
相聚	xiāng jù	3725	ian-iang,j-q-x	1
救护	jiù hù	3726	h-f,j-q-x	1
打扰	dǎ rǎo	3727	ao-ou,r-l	1
交界	jiāo jiè	3728	ia-ie,j-q-x	1
宾客	bīn kè	3729	in-ing	1
国籍	guó jí	3730	ua-uo,j-q-x	1
叹气	tàn qì	3731	an-ang,j-q-x	1
人品	rén pǐn	3732	en-eng,in-ing,r-l	1
下流	xià liú	3733	ia-ie,n-l,r-l,j-q-x	1
山河	shān hé	3734	an-ang,s-sh,h-f	1
旋风	xuàn fēng	3735	en-eng,uan-uang,h-f,j-q-x	1
翻阅	fān yuè	3736	an-ang,h-f	1
重叠	chóng dié	3737	ia-ie,c-ch	1
蘑菇	mó gu	3738		1
清凉	qīng liáng	3739	in-ing,ian-iang,n-l,r-l,j-q-x	1
害羞	hài xiū	3740	ai-ei,h-f,j-q-x	1
口语	kǒu yǔ	3741	ao-ou	1
野菜	yě cài	3742	ai-ei,c-ch	1
多情	duō qíng	3743	in-ing,ua-uo,j-q-x	1
酱油	jiàng yóu	3744	ian-iang,ao-ou,j-q-x	1
纯净	chún jìng	3745	in-ing,c-ch,j-q-x	1
水田	shuǐ tián	3747	ian-iang,s-sh	1
预约	yù yuē	3748		1
分担	fēn dān	3749	en-eng,an-ang,h-f	1
跑道	pǎo dào	3750	ao-ou	1
名胜	míng shèng	3751	en-eng,in-ing,s-sh	1
剪刀	jiǎn dāo	3752	ian-iang,ao-ou,j-q-x	1
屋檐	wū yán	3753	an-ang	1
稻谷	dào gǔ	3754	ao-ou	1
团圆	tuán yuán	3755	uan-uang	1
国画	guó huà	3757	ua-uo,h-f	1
无能	wú néng	3758	en-eng,n-l	1
相约	xiāng yuē	3759	ian-iang,j-q-x	1
在乎	zài hu	3760	ai-ei,z-zh,h-f	1
健壮	jiàn zhuàng	3761	ian-iang,uan-uang,z-zh,j-q-x	1
橘子	jú zi	3762	z-zh,j-q-x	1
说谎	shuō huǎng	3763	uan-uang,ua-uo,s-sh,h-f	1
下沉	xià chén	3764	en-eng,ia-ie,c-ch,j-q-x	1
像样	xiàng yàng	3766	an-ang,ian-iang,j-q-x	1
眼圈	yǎn quān	3769	an-ang,uan-uang,j-q-x	1
插嘴	chā zuǐ	3770	z-zh,c-ch	1
就餐	jiù cān	3771	an-ang,c-ch,j-q-x	1
违约	wéi yuē	3772	ai-ei	1
马虎	mǎ hu	3773	h-f	1
凶猛	xiōng měng	3775	en-eng,j-q-x	1
芬芳	fēn fāng	3776	en-eng,an-ang,h-f	1
金黄	jīn huáng	3777	in-ing,uan-uang,h-f,j-q-x	1
失效	shī xiào	3778	s-sh,j-q-x	1
咯咯	gē gē	3779		2
更改	gēng gǎi	3780	en-eng,ai-ei	1
发疯	fā fēng	3781	en-eng,h-f	1
半空	bàn kōng	3782	an-ang	1
背包	bēi bāo	3783	ai-ei,ao-ou	1
杀手	shā shǒu	3784	ao-ou,s-sh	1
无故	wú gù	3785		1
行礼	xíng lǐ	3786	in-ing,n-l,r-l,j-q-x	1
养育	yǎng yù	3787	an-ang	1
姓氏	xìng shì	3789	in-ing,s-sh,j-q-x	1
平地	píng dì	3790	in-ing	1
枝叶	zhī yè	3791	z-zh	1
诗文	shī wén	3792	en-eng,s-sh	1
宝石	bǎo shí	3793	ao-ou,s-sh	1
过夜	guò yè	3794	ua-uo	1
喂养	wèi yǎng	3796	an-ang,ai-ei	1
乌黑	wū hēi	3797	ai-ei,h-f	1
春联	chūn lián	3798	ian-iang,c-ch,n-l,r-l	1
回音	huí yīn	3799	in-ing,h-f	1
字眼	zì yǎn	3800	an-ang,z-zh	1
出产	chū chǎn	3801	an-ang,c-ch	1
号令	hào lìng	3802	in-ing,ao-ou,n-l,h-f,r-l	1
夜班	yè bān	3804	an-ang	1
蜘蛛	zhī zhū	3805	z-zh	1
顽皮	wán pí	3809	an-ang	1
会合	huì hé	3810	h-f	1
器具	qì jù	3811	j-q-x	1
发呆	fā dāi	3812	ai-ei,h-f	1
怪物	guài wu	3813		1
化妆	huà zhuāng	3814	uan-uang,ua-uo,z-zh,h-f	1
龙舟	lóng zhōu	3815	ao-ou,z-zh,n-l,r-l	1
打折	dǎ zhé	3816	z-zh	1
火炉	huǒ lú	3817	ua-uo,n-l,h-f,r-l	1
甲板	jiǎ bǎn	3818	an-ang,ia-ie,j-q-x	1
相隔	xiāng gé	3820	ian-iang,j-q-x	1
眨眼	zhǎ yǎn	3821	an-ang,z-zh	1
苍老	cāng lǎo	3822	an-ang,ao-ou,c-ch,n-l,r-l	1
岳母	yuè mǔ	3823		1
罪人	zuì rén	3824	en-eng,z-zh,r-l	1
发火	fā huǒ	3825	ua-uo,h-f	1
风味	fēng wèi	3826	en-eng,ai-ei,h-f	1
家教	jiā jiào	3827	ia-ie,j-q-x	1
珠宝	zhū bǎo	3829	ao-ou,z-zh	1
步枪	bù qiāng	3830	ian-iang,j-q-x	1
美味	měi wèi	3831	ai-ei	1
石灰	shí huī	3832	s-sh,h-f	1
幸好	xìng hǎo	3833	in-ing,ao-ou,h-f,j-q-x	1
结尾	jié wěi	3834	ai-ei,ia-ie,j-q-x	1
细长	xì cháng	3835	an-ang,c-ch,j-q-x	1
小吃	xiǎo chī	3836	c-ch,j-q-x	1
悦耳	yuè ěr	3837		1
成语	chéng yǔ	3838	en-eng,c-ch	1
慌张	huāng zhāng	3839	an-ang,uan-uang,z-zh,h-f	1
开朗	kāi lǎng	3840	an-ang,ai-ei,n-l,r-l	1
壮烈	zhuàng liè	3841	uan-uang,ia-ie,z-zh,n-l,r-l	1
敬爱	jìn gài	3842	in-ing,ai-ei,j-q-x	1
农具	nóng jù	3843	n-l,j-q-x	1
艳丽	yàn lì	3844	an-ang,n-l,r-l	1
强壮	qiáng zhuàng	3845	ian-iang,uan-uang,z-zh,j-q-x	1
碧绿	bì lǜ	3846	n-l,r-l	1
尖叫	jiān jiào	3849	ian-iang,j-q-x	1
解说	jiě shuō	3850	ia-ie,ua-uo,s-sh,j-q-x	1
云雾	yún wù	3851		1
欢度	huān dù	3852	uan-uang,h-f	1
水乡	shuǐ xiāng	3853	ian-iang,s-sh,j-q-x	1
废品	fèi pǐn	3854	in-ing,ai-ei,h-f	1
快餐	kuài cān	3855	an-ang,c-ch	1
深秋	shēn qiū	3856	en-eng,s-sh,j-q-x	1
吓人	xià rén	3858	en-eng,ia-ie,r-l,j-q-x	1
心肠	xīn cháng	3859	in-ing,an-ang,c-ch,j-q-x	1
穿戴	chuān dài	3860	uan-uang,ai-ei,c-ch	1
旅店	lǚ diàn	3862	ian-iang,n-l,r-l	1
晴朗	qíng lǎng	3863	in-ing,an-ang,n-l,r-l,j-q-x	1
上进	shàng jìn	3864	in-ing,an-ang,s-sh,j-q-x	1
血迹	xuè jì	3865	j-q-x	1
骨折	gǔ zhé	3866	z-zh	1
简介	jiǎn jiè	3867	ian-iang,ia-ie,j-q-x	1
试题	shì tí	3868	s-sh	1
瞎子	xiā zi	3869	ia-ie,z-zh,j-q-x	1
天边	tiān biān	3870	ian-iang	1
用功	yòng gōng	3871		1
可悲	kě bēi	3872	ai-ei	1
烟尘	yān chén	3873	en-eng,an-ang,c-ch	1
枝条	zhī tiáo	3874	z-zh	1
攻打	gōng dǎ	3875		1
管用	guǎn yòng	3876	uan-uang	1
举例	jǔ lì	3878	n-l,r-l,j-q-x	1
水灾	shuǐ zāi	3879	ai-ei,z-zh,s-sh	1
园地	yuán dì	3880	uan-uang	1
杨柳	yáng liǔ	3881	an-ang,n-l,r-l	1
归于	guī yú	3882		1
卡片	kǎ piàn	3883	ian-iang	1
万千	wàn qiān	3884	an-ang,ian-iang,j-q-x	1
背诵	bèi sòng	3886	ai-ei,s-sh	1
试用	shì yòng	3887	s-sh	1
挺拔	tǐng bá	3888	in-ing	1
下载	xià zài	3889	ai-ei,ia-ie,z-zh,j-q-x	1
探求	tàn qiú	3891	an-ang,j-q-x	1
分发	fēn fā	3892	en-eng,h-f	1
千米	qiān mǐ	3893	ian-iang,j-q-x	1
好学	hào xué	3894	ao-ou,h-f,j-q-x	1
月色	yuè sè	3895	s-sh	1
故土	gù tǔ	3896		1
淘气	táo qì	3897	ao-ou,j-q-x	1
点名	diǎn míng	3898	in-ing,ian-iang	1
混蛋	hún dàn	3899	an-ang,h-f	1
干粮	gān liang	3900	an-ang,ian-iang,n-l,r-l	1
引力	yǐn lì	3901	in-ing,n-l,r-l	1
床单	chuáng dān	3902	an-ang,uan-uang,c-ch	1
守卫	shǒu wèi	3903	ai-ei,ao-ou,s-sh	1
诚心	chéng xīn	3904	en-eng,in-ing,c-ch,j-q-x	1
述说	shù shuō	3905	ua-uo,s-sh	1
栽种	zāi zhòng	3906	ai-ei,z-zh	1
清扫	qīng sǎo	3907	in-ing,ao-ou,s-sh,j-q-x	1
食指	shí zhǐ	3908	z-zh,s-sh	1
床位	chuáng wèi	3909	uan-uang,ai-ei,c-ch	1
星球	xīng qiú	3910	in-ing,j-q-x	1
糖果	táng guǒ	3911	an-ang,ua-uo	1
汗珠	hàn zhū	3912	an-ang,z-zh,h-f	1
肌肤	jī fū	3913	h-f,j-q-x	1
消亡	xiāo wáng	3914	an-ang,j-q-x	1
杂乱	zá luàn	3915	uan-uang,z-zh,n-l,r-l	1
芳香	fāng xiāng	3916	an-ang,ian-iang,h-f,j-q-x	1
敲打	qiāo dǎ	3917	j-q-x	1
纯真	chún zhēn	3918	en-eng,z-zh,c-ch	1
围观	wéi guān	3919	uan-uang,ai-ei	1
话费	huà fèi	3920	ai-ei,ua-uo,h-f	1
享用	xiǎng yòng	3921	ian-iang,j-q-x	1
野草	yě cǎo	3922	ao-ou,c-ch	1
寒气	hán qì	3923	an-ang,h-f,j-q-x	1
美满	měi mǎn	3924	an-ang,ai-ei	1
奇观	qí guān	3925	uan-uang,j-q-x	1
石碑	shí bēi	3926	ai-ei,s-sh	1
寓言	yù yán	3928	an-ang	1
褐色	hè sè	3930	s-sh,h-f	1
延期	yán qī	3931	an-ang,j-q-x	1
格言	gé yán	3932	an-ang	1
拍打	pāi dǎ	3933	ai-ei	1
哑巴	yǎ ba	3934		1
侄女	zhí nǚ	3935	z-zh,n-l	1
脚跟	jiǎo gēn	3936	en-eng,j-q-x	1
节俭	jié jiǎn	3937	ian-iang,ia-ie,j-q-x	1
丛林	cóng lín	3938	in-ing,c-ch,n-l,r-l	1
游玩	yóu wán	3939	an-ang,ao-ou	1
着火	zháo huǒ	3940	ao-ou,ua-uo,z-zh,h-f	1
慈祥	cí xiáng	3941	ian-iang,c-ch,j-q-x	1
花粉	huā fěn	3942	en-eng,ua-uo,h-f	1
贫苦	pín kǔ	3943	in-ing	1
预订	yù dìng	3944	in-ing	1
番茄	fān qié	3945	an-ang,ia-ie,h-f,j-q-x	1
和蔼	hé ǎi	3946	ai-ei,h-f	1
花纹	huā wén	3947	en-eng,ua-uo,h-f	1
次要	cì yào	3948	ao-ou,c-ch	1
茂密	mào mì	3949	ao-ou	1
扑通	pū tōng	3950		1
伸展	shēn zhǎn	3951	en-eng,an-ang,z-zh,s-sh	1
腰包	yāo bāo	3953	ao-ou	1
春光	chūn guāng	3954	uan-uang,c-ch	1
起先	qǐ xiān	3956	ian-iang,j-q-x	1
责怪	zé guài	3957	z-zh	1
喘气	chuǎn qì	3958	uan-uang,c-ch,j-q-x	1
房租	fáng zū	3959	an-ang,z-zh,h-f	1
核桃	hé tao	3960	ao-ou,h-f	1
输血	shū xuè	3961	s-sh,j-q-x	1
西医	xī yī	3963	j-q-x	1
硬币	yìng bì	3964	in-ing	1
尼姑	ní gū	3965	n-l	1
鼠标	shǔ biāo	3966	s-sh	1
低矮	dī ǎi	3967	ai-ei	1
天平	tiān píng	3968	in-ing,ian-iang	1
孝敬	xiào jìng	3969	in-ing,j-q-x	1
争先	zhēng xiān	3970	en-eng,ian-iang,z-zh,j-q-x	1
花瓶	huā píng	3971	in-ing,ua-uo,h-f	1
可口	kě kǒu	3972	ao-ou	1
启事	qǐ shì	3973	s-sh,j-q-x	1
显眼	xiǎn yǎn	3974	an-ang,ian-iang,j-q-x	1
儿时	ér shí	3975	s-sh	1
拖鞋	tuō xié	3976	ia-ie,ua-uo,j-q-x	1
插图	chā tú	3977	c-ch	1
脚印	jiǎo yìn	3978	in-ing,j-q-x	1
皮带	pí dài	3980	ai-ei	1
说笑	shuō xiào	3981	ua-uo,s-sh,j-q-x	1
听觉	tīng jué	3982	in-ing,j-q-x	1
测验	cè yàn	3984	an-ang,c-ch	1
洞穴	dòng xué	3985	j-q-x	1
杂草	zá cǎo	3986	ao-ou,z-zh,c-ch	1
狠心	hěn xīn	3988	en-eng,in-ing,h-f,j-q-x	1
冷气	lěng qì	3989	en-eng,n-l,r-l,j-q-x	1
丢人	diū rén	3990	en-eng,r-l	1
灰白	huī bái	3991	ai-ei,h-f	1
苏醒	sū xǐng	3992	in-ing,s-sh,j-q-x	1
主妇	zhǔ fù	3993	z-zh,h-f	1
生根	shēng gēn	3995	en-eng,s-sh	1
粗壮	cū zhuàng	3996	uan-uang,z-zh,c-ch	1
反常	fǎn cháng	3997	an-ang,c-ch,h-f	1
肥沃	féi wò	3998	ai-ei,h-f	1
叫唤	jiào huan	3999	uan-uang,h-f,j-q-x	1
茄子	qié zi	4000	ia-ie,z-zh,j-q-x	1
香水	xiāng shuǐ	4001	ian-iang,s-sh,j-q-x	1
房顶	fáng dǐng	4002	in-ing,an-ang,h-f	1
光临	guāng lín	4003	in-ing,uan-uang,n-l,r-l	1
摇摆	yáo bǎi	4004	ai-ei,ao-ou	1
阴雨	yīn yǔ	4005	in-ing	1
清秀	qīng xiù	4007	in-ing,j-q-x	1
外套	wài tào	4008	ai-ei,ao-ou	1
幼小	yòu xiǎo	4009	ao-ou,j-q-x	1
天河	tiān hé	4010	ian-iang,h-f	1
美食	měi shí	4011	ai-ei,s-sh	1
逃亡	táo wáng	4012	an-ang,ao-ou	1
站台	zhàn tái	4013	an-ang,ai-ei,z-zh	1
茂盛	mào shèng	4014	en-eng,ao-ou,s-sh	1
银河	yín hé	4015	in-ing,h-f	1
孤单	gū dān	4016	an-ang	1
句号	jù hào	4017	ao-ou,h-f,j-q-x	1
钱包	qián bāo	4018	ian-iang,ao-ou,j-q-x	1
血缘	xuè yuán	4019	uan-uang,j-q-x	1
晚霞	wǎn xiá	4020	an-ang,ia-ie,j-q-x	1
丰盛	fēng shèng	4021	en-eng,s-sh,h-f	1
及格	jí gé	4024	j-q-x	1
皮革	pí gé	4025		1
取名	qǔ míng	4026	in-ing,j-q-x	1
服药	fú yào	4028	ao-ou,h-f	1
友善	yǒu shàn	4029	an-ang,ao-ou,s-sh	1
山歌	shān gē	4030	an-ang,s-sh	1
减速	jiǎn sù	4032	ian-iang,s-sh,j-q-x	1
惊险	jīng xiǎn	4033	in-ing,ian-iang,j-q-x	1
引路	yǐn lù	4034	in-ing,n-l,r-l	1
住址	zhù zhǐ	4035	z-zh	1
出众	chū zhòng	4036	z-zh,c-ch	1
扣子	kòu zi	4037	ao-ou,z-zh	1
满眼	mǎn yǎn	4039	an-ang	1
礼节	lǐ jié	4042	ia-ie,n-l,r-l,j-q-x	1
亮光	liàng guāng	4043	ian-iang,uan-uang,n-l,r-l	1
凶狠	xiōng hěn	4044	en-eng,h-f,j-q-x	1
保暖	bǎo nuǎn	4045	uan-uang,ao-ou,n-l	1
次序	cì xù	4046	c-ch,j-q-x	1
挤压	jǐ yā	4048	j-q-x	1
仇人	chóu rén	4049	en-eng,ao-ou,c-ch,r-l	1
年长	nián zhǎng	4050	an-ang,ian-iang,z-zh,n-l	1
仙女	xiān nǚ	4052	ian-iang,n-l,j-q-x	1
空闲	kòng xián	4053	ian-iang,j-q-x	1
预告	yù gào	4055	ao-ou	1
赶路	gǎn lù	4057	an-ang,n-l,r-l	1
魔术	mó shù	4058	s-sh	1
瘦弱	shòu ruò	4059	ao-ou,ua-uo,s-sh,r-l	1
纸币	zhǐ bì	4060	z-zh	1
烛光	zhú guāng	4061	uan-uang,z-zh	1
闪动	shǎn dòng	4062	an-ang,s-sh	1
号角	hào jiǎo	4063	ao-ou,h-f,j-q-x	1
偏爱	piān ài	4064	ian-iang,ai-ei	1
扫帚	sào zhou	4066	ao-ou,z-zh,s-sh	1
专长	zhuān cháng	4067	an-ang,uan-uang,z-zh,c-ch	1
词句	cí jù	4068	c-ch,j-q-x	1
富翁	fù wēng	4069	en-eng,h-f	1
纷乱	fēn luàn	4070	en-eng,uan-uang,n-l,h-f,r-l	1
键盘	jiàn pán	4071	an-ang,ian-iang,j-q-x	1
流利	liú lì	4072	n-l,r-l	1
长相	zhǎng xiàng	4073	an-ang,ian-iang,z-zh,j-q-x	1
讲理	jiǎng lǐ	4074	ian-iang,n-l,r-l,j-q-x	1
连环	lián huán	4075	ian-iang,uan-uang,n-l,h-f,r-l	1
求救	qiú jiù	4076	j-q-x	1
帮手	bāng shou	4077	an-ang,ao-ou,s-sh	1
替换	tì huàn	4079	uan-uang,h-f	1
雄性	xióng xìng	4080	in-ing,j-q-x	1
家常	jiā cháng	4081	an-ang,ia-ie,c-ch,j-q-x	1
蚯蚓	qiū yǐn	4082	in-ing,j-q-x	1
特产	tè chǎn	4083	an-ang,c-ch	1
失明	shī míng	4084	in-ing,s-sh	1
夜校	yè xiào	4085	j-q-x	1
积水	jī shuǐ	4086	s-sh,j-q-x	1
干枯	gān kū	4087	an-ang	1
绵羊	mián yáng	4088	an-ang,ian-iang	1
逃生	táo shēng	4089	en-eng,ao-ou,s-sh	1
五官	wǔ guān	4090	uan-uang	1
瘦小	shòu xiǎo	4091	ao-ou,s-sh,j-q-x	1
云彩	yún cai	4092	ai-ei,c-ch	1
刺耳	cì ěr	4093	c-ch	1
挂号	guà hào	4094	ao-ou,ua-uo,h-f	1
花坛	huā tán	4095	an-ang,ua-uo,h-f	1
外号	wài hào	4096	ai-ei,ao-ou,h-f	1
兴盛	xīng shèng	4097	en-eng,in-ing,s-sh,j-q-x	1
花瓣	huā bàn	4098	an-ang,ua-uo,h-f	1
落日	luò rì	4099	ua-uo,n-l,r-l	1
插话	chā huà	4100	ua-uo,c-ch,h-f	1
洪亮	hóng liàng	4101	ian-iang,n-l,h-f,r-l	1
路人	lù rén	4104	en-eng,n-l,r-l	1
玲珑	líng lóng	4106	in-ing,n-l,r-l	3
侄子	zhí zi	4108	z-zh	1
吹牛	chuī niú	4109	c-ch,n-l	1
睡梦	shuì mèng	4110	en-eng,s-sh	1
霞光	xiá guāng	4111	uan-uang,ia-ie,j-q-x	1
早春	zǎo chūn	4112	ao-ou,z-zh,c-ch	1
矮小	ǎi xiǎo	4113	ai-ei,j-q-x	1
发笑	fā xiào	4114	h-f,j-q-x	1
帆船	fān chuán	4115	an-ang,uan-uang,c-ch,h-f	1
毒蛇	dú shé	4116	s-sh	1
复印	fù yìn	4117	in-ing,h-f	1
酷爱	kù ài	4118	ai-ei	1
轻柔	qīng róu	4119	in-ing,ao-ou,r-l,j-q-x	1
灰暗	huī àn	4120	an-ang,h-f	1
熊猫	xióng māo	4121	ao-ou,j-q-x	1
提早	tí zǎo	4122	ao-ou,z-zh	1
围巾	wéi jīn	4123	in-ing,ai-ei,j-q-x	1
并排	bìng pái	4124	in-ing,ai-ei	1
爬行	pá xíng	4126	in-ing,j-q-x	1
外甥	wài sheng	4127	en-eng,ai-ei,s-sh	1
作怪	zuò guài	4128	ua-uo,z-zh	1
茁壮	zhuó zhuàng	4129	uan-uang,ua-uo,z-zh	1
儿孙	ér sūn	4130	s-sh	1
喷泉	pēn quán	4132	en-eng,uan-uang,j-q-x	1
犯规	fàn guī	4134	an-ang,h-f	1
墙根	qiáng gēn	4138	en-eng,ian-iang,j-q-x	1
叫卖	jiào mài	4139	ai-ei,j-q-x	1
财主	cái zhu	4140	ai-ei,z-zh,c-ch	1
斧子	fǔ zi	4142	z-zh,h-f	1
灰心	huī xīn	4143	in-ing,h-f,j-q-x	1
片段	piàn duàn	4145	ian-iang,uan-uang	1
稀奇	xī qí	4146	j-q-x	1
小巧	xiǎo qiǎo	4147	j-q-x	1
露水	lù shui	4148	s-sh,n-l,r-l	1
粗大	cū dà	4150	c-ch	1
火锅	huǒ guō	4151	ua-uo,h-f	1
来年	lái nián	4152	ian-iang,ai-ei,n-l,r-l	1
认错	rèn cuò	4153	en-eng,ua-uo,c-ch,r-l	1
口令	kǒu lìng	4154	in-ing,ao-ou,n-l,r-l	1
删除	shān chú	4155	an-ang,c-ch,s-sh	1
涂抹	tú mǒ	4156		1
网址	wǎng zhǐ	4157	an-ang,z-zh	1
学年	xué nián	4158	ian-iang,n-l,j-q-x	1
母爱	mǔ ài	4159	ai-ei	1
燃放	rán fàng	4160	an-ang,h-f,r-l	1
食欲	shí yù	4161	s-sh	1
竖立	shù lì	4162	s-sh,n-l,r-l	1
蜻蜓	qīng tíng	4163	in-ing,j-q-x	1
撒娇	sā jiāo	4164	s-sh,j-q-x	1
墙头	qiáng tóu	4165	ian-iang,ao-ou,j-q-x	1
赶集	gǎn jí	4166	an-ang,j-q-x	1
化装	huà zhuāng	4167	uan-uang,ua-uo,z-zh,h-f	1
灵巧	líng qiǎo	4168	in-ing,n-l,r-l,j-q-x	1
水渠	shuǐ qú	4169	s-sh,j-q-x	1
丢脸	diū liǎn	4170	ian-iang,n-l,r-l	1
今人	jīn rén	4171	en-eng,in-ing,r-l,j-q-x	1
颜料	yán liào	4172	an-ang,n-l,r-l	1
抢夺	qiǎng duó	4173	ian-iang,ua-uo,j-q-x	1
凶恶	xiōng è	4174	j-q-x	1
记号	jì hao	4175	ao-ou,h-f,j-q-x	1
树丛	shù cóng	4176	c-ch,s-sh	1
喜鹊	xǐ què	4178	j-q-x	1
元宵	yuán xiāo	4179	uan-uang,j-q-x	1
半路	bàn lù	4180	an-ang,n-l,r-l	1
忙乱	máng luàn	4181	an-ang,uan-uang,n-l,r-l	1
滑冰	huá bīng	4182	in-ing,ua-uo,h-f	1
扭动	niǔ dòng	4184	n-l	1
段落	duàn luò	4185	uan-uang,ua-uo,n-l,r-l	1
离别	lí bié	4186	ia-ie,n-l,r-l	1
坏蛋	huài dàn	4189	an-ang,h-f	1
海豚	hǎi tún	4191	ai-ei,h-f	1
弱小	ruò xiǎo	4192	ua-uo,r-l,j-q-x	1
触角	chù jiǎo	4193	c-ch,j-q-x	1
柔弱	róu ruò	4194	ao-ou,ua-uo,r-l	1
照看	zhào kàn	4195	an-ang,ao-ou,z-zh	1
菜单	cài dān	4196	an-ang,ai-ei,c-ch	1
去向	qù xiàng	4197	ian-iang,j-q-x	1
缺席	quē xí	4198	j-q-x	1
头巾	tóu jīn	4199	in-ing,ao-ou,j-q-x	1
过敏	guò mǐn	4200	in-ing,ua-uo	1
哈达	hǎ dá	4201	h-f	1
衣袖	yī xiù	4202	j-q-x	1
比作	bǐ zuò	4203	ua-uo,z-zh	1
贺卡	hè kǎ	4204	h-f	1
树梢	shù shāo	4205	ao-ou,s-sh	1
雷电	léi diàn	4206	ian-iang,ai-ei,n-l,r-l	1
送别	sòng bié	4207	ia-ie,s-sh	1
海鲜	hǎi xiān	4208	ian-iang,ai-ei,h-f,j-q-x	1
蝙蝠	biān fú	4210	ian-iang,h-f	1
碟子	dié zi	4211	ia-ie,z-zh	1
拇指	mǔ zhǐ	4212	z-zh	1
问号	wèn hào	4213	en-eng,ao-ou,h-f	1
比画	bǐ hua	4214	ua-uo,h-f	1
奥妙	ào miào	4217	ao-ou	1
墨水	mò shuǐ	4218	s-sh	1
千克	qiān kè	4219	ian-iang,j-q-x	1
肥大	féi dà	4220	ai-ei,h-f	1
急诊	jí zhěn	4221	en-eng,z-zh,j-q-x	1
作对	zuò duì	4223	ua-uo,z-zh	1
补习	bǔ xí	4224	j-q-x	1
队列	duì liè	4225	ia-ie,n-l,r-l	1
知足	zhī zú	4226	z-zh	1
飘落	piāo luò	4227	ua-uo,n-l,r-l	1
雪亮	xuě liàng	4228	ian-iang,n-l,r-l,j-q-x	1
移居	yí jū	4229	j-q-x	1
银色	yín sè	4230	in-ing,s-sh	1
甜美	tián měi	4232	ian-iang,ai-ei	1
可亲	kě qīn	4233	in-ing,j-q-x	1
飞跑	fēi pǎo	4234	ai-ei,ao-ou,h-f	1
穷苦	qióng kǔ	4235	j-q-x	1
站岗	zhàn gǎng	4236	an-ang,z-zh	1
气管	qì guǎn	4237	uan-uang,j-q-x	1
挺立	tǐng lì	4238	in-ing,n-l,r-l	1
独唱	dú chàng	4239	an-ang,c-ch	1
沙土	shā tǔ	4240	s-sh	1
快递	kuài dì	4241		1
街心	jiē xīn	4242	in-ing,ia-ie,j-q-x	1
包扎	bāo zā	4245	ao-ou,z-zh	1
高傲	gāo ào	4246	ao-ou	1
牙膏	yá gāo	4247	ao-ou	1
棕色	zōng sè	4248	z-zh,s-sh	1
脚底	jiǎo dǐ	4249	j-q-x	1
逐个	zhú gè	4250	z-zh	1
蝗虫	huáng chóng	4251	uan-uang,c-ch,h-f	1
山岭	shān lǐng	4252	in-ing,an-ang,s-sh,n-l,r-l	1
壮美	zhuàng měi	4254	uan-uang,ai-ei,z-zh	1
集邮	jí yóu	4255	ao-ou,j-q-x	1
自助	zì zhù	4256	z-zh	1
海鸥	hǎi ōu	4258	ai-ei,ao-ou,h-f	1
粽子	zòng zi	4260	z-zh	3
翠绿	cuì lǜ	4261	c-ch,n-l,r-l	1
恩人	ēn rén	4262	en-eng,r-l	1
健美	jiàn měi	4263	ian-iang,ai-ei,j-q-x	1
领子	lǐng zi	4265	in-ing,z-zh,n-l,r-l	1
山脚	shān jiǎo	4266	an-ang,s-sh,j-q-x	1
打针	dǎ zhēn	4267	en-eng,z-zh	1
绒毛	róng máo	4268	ao-ou,r-l	1
纱布	shā bù	4269	s-sh	1
生人	shēng rén	4270	en-eng,s-sh,r-l	1
血红	xuè hóng	4271	h-f,j-q-x	1
恭喜	gōng xǐ	4272	j-q-x	1
年幼	nián yòu	4273	ian-iang,ao-ou,n-l	1
嗅觉	xiù jué	4274	j-q-x	1
好客	hào kè	4277	ao-ou,h-f	1
停靠	tíng kào	4279	in-ing,ao-ou	1
白费	bái fèi	4280	ai-ei,h-f	1
停放	tíng fàng	4281	in-ing,an-ang,h-f	1
奖品	jiǎng pǐn	4283	in-ing,ian-iang,j-q-x	1
要好	yào hǎo	4284	ao-ou,h-f	1
语句	yǔ jù	4285	j-q-x	1
苗条	miáo tiao	4286		1
斧头	fǔ tóu	4288	ao-ou,h-f	1
眨巴	zhǎ ba	4292	z-zh	1
吉他	jí tā	4295	j-q-x	1
鸟笼	niǎo lóng	4296	n-l,r-l	1
修剪	xiū jiǎn	4297	ian-iang,j-q-x	1
昏黄	hūn huáng	4298	uan-uang,h-f	1
忙活	máng huo	4299	an-ang,ua-uo,h-f	1
逃命	táo mìng	4300	in-ing,ao-ou	1
笔试	bǐ shì	4301	s-sh	1
口红	kǒu hóng	4302	ao-ou,h-f	1
末日	mò rì	4303	r-l	1
不只	bù zhǐ	4305	z-zh	1
打猎	dǎ liè	4309	ia-ie,n-l,r-l	1
假山	jiǎ shān	4310	an-ang,ia-ie,s-sh,j-q-x	1
木偶	mù ǒu	4311	ao-ou	1
雨衣	yǔ yī	4314		1
在世	zài shì	4315	ai-ei,z-zh,s-sh	1
捕食	bǔ shí	4316	s-sh	1
山腰	shān yāo	4317	an-ang,ao-ou,s-sh	1
船夫	chuán fū	4318	uan-uang,c-ch,h-f	1
得救	dé jiù	4319	j-q-x	1
获救	huò jiù	4320	ua-uo,h-f,j-q-x	1
拐弯	guǎi wān	4321	an-ang	1
养病	yǎng bìng	4322	in-ing,an-ang	1
哈欠	hā qian	4323	ian-iang,h-f,j-q-x	1
乳汁	rǔ zhī	4324	z-zh,r-l	1
牢房	láo fáng	4325	an-ang,ao-ou,n-l,h-f,r-l	1
上等	shàng děng	4326	en-eng,an-ang,s-sh	1
邮编	yóu biān	4327	ian-iang,ao-ou	1
八方	bā fāng	4328	an-ang,h-f	1
耳机	ěr jī	4330	j-q-x	1
霸占	bà zhàn	4331	an-ang,z-zh	1
抽空	chōu kòng	4332	ao-ou,c-ch	1
飘动	piāo dòng	4333		1
诵读	sòng dú	4334	s-sh	1
香甜	xiāng tián	4340	ian-iang,j-q-x	1
坏处	huài chù	4341	c-ch,h-f	1
起舞	qǐ wǔ	4342	j-q-x	1
帐子	zhàng zi	4344	an-ang,z-zh	1
红肿	hóng zhǒng	4347	z-zh,h-f	1
毒药	dú yào	4348	ao-ou	1
衣柜	yī guì	4349		1
晨光	chén guāng	4350	en-eng,uan-uang,c-ch	1
衣领	yī lǐng	4351	in-ing,n-l,r-l	1
霸道	bà dào	4353	ao-ou	1
国徽	guó huī	4354	ua-uo,h-f	1
欢聚	huān jù	4356	uan-uang,h-f,j-q-x	1
节拍	jié pāi	4357	ai-ei,ia-ie,j-q-x	1
呆板	dāi bǎn	4358	an-ang,ai-ei	1
门铃	mén líng	4360	en-eng,in-ing,n-l,r-l	1
偷懒	tōu lǎn	4364	an-ang,ao-ou,n-l,r-l	1
文静	wén jìng	4365	en-eng,in-ing,j-q-x	1
深奥	shē nào	4367	ao-ou,s-sh,n-l	1
舞动	wǔ dòng	4368		1
短处	duǎn chù	4369	uan-uang,c-ch	1
日历	rì lì	4371	n-l,r-l	1
登机	dēng jī	4372	en-eng,j-q-x	1
梧桐	wú tóng	4373		1
安乐	ān lè	4374	an-ang,n-l,r-l	1
夜景	yè jǐng	4377	in-ing,j-q-x	1
抄写	chāo xiě	4378	ao-ou,ia-ie,c-ch,j-q-x	1
乘凉	chéng liáng	4379	en-eng,ian-iang,c-ch,n-l,r-l	1
阴云	yīn yún	4382	in-ing	1
白净	bái jing	4383	in-ing,ai-ei,j-q-x	1
着迷	zháo mí	4385	ao-ou,z-zh	1
柏树	bǎi shù	4386	ai-ei,s-sh	1
笨重	bèn zhòng	4387	en-eng,z-zh	1
童心	tóng xīn	4388	in-ing,j-q-x	1
独白	dú bái	4389	ai-ei	1
礼服	lǐ fú	4391	n-l,h-f,r-l	1
凉快	liáng kuai	4392	ian-iang,n-l,r-l	1
开饭	kāi fàn	4395	an-ang,ai-ei,h-f	1
鲜美	xiān měi	4396	ian-iang,ai-ei,j-q-x	1
香菇	xiāng gū	4398	ian-iang,j-q-x	1
台灯	tái dēng	4399	en-eng,ai-ei	1
零钱	líng qián	4400	in-ing,ian-iang,n-l,r-l,j-q-x	1
粗细	cū xì	4404	c-ch,j-q-x	1
邮箱	yóu xiāng	4405	ian-iang,ao-ou,j-q-x	1
阴冷	yīn lěng	4408	en-eng,in-ing,n-l,r-l	1
农夫	nóng fū	4409	n-l,h-f	1
海绵	hǎi mián	4411	ian-iang,ai-ei,h-f	1
年少	nián shào	4413	ian-iang,ao-ou,s-sh,n-l	1
西药	xī yào	4415	ao-ou,j-q-x	1
俗话	sú huà	4416	ua-uo,s-sh,h-f	1
酸甜	suān tián	4417	ian-iang,uan-uang,s-sh	1
酸痛	suān tòng	4418	uan-uang,s-sh	1
春色	chūn sè	4421	c-ch,s-sh	1
圆圈	yuán quān	4422	uan-uang,j-q-x	1
安检	ān jiǎn	4423	an-ang,ian-iang,j-q-x	1
敲击	qiāo jī	4424	j-q-x	1
连贯	lián guàn	4427	ian-iang,uan-uang,n-l,r-l	1
条理	tiáo lǐ	4428	n-l,r-l	1
看家	kān jiā	4430	an-ang,ia-ie,j-q-x	1
翻越	fān yuè	4433	an-ang,h-f	1
麻利	má li	4434	n-l,r-l	1
勤快	qín kuai	4435	in-ing,j-q-x	1
鸣叫	míng jiào	4437	in-ing,j-q-x	1
咕咚	gū dōng	4438		3
结账	jié zhàng	4439	an-ang,ia-ie,z-zh,j-q-x	1
作废	zuò fèi	4441	ai-ei,ua-uo,z-zh,h-f	1
蜂蜜	fēng mì	4442	en-eng,h-f	1
松鼠	sōng shǔ	4444	s-sh	1
二手	èr shǒu	4445	ao-ou,s-sh	1
堵车	dǔ chē	4446	c-ch	1
磁铁	cí tiě	4447	ia-ie,c-ch	1
花盆	huā pén	4449	en-eng,ua-uo,h-f	1
大雁	dà yàn	4452	an-ang	1
西餐	xī cān	4453	an-ang,c-ch,j-q-x	1
口才	kǒu cái	4454	ai-ei,ao-ou,c-ch	1
桑叶	sāng yè	4455	an-ang,s-sh	1
小寒	xiǎo hán	4456	an-ang,h-f,j-q-x	1
学分	xué fēn	4457	en-eng,h-f,j-q-x	1
趁早	chèn zǎo	4459	en-eng,ao-ou,z-zh,c-ch	1
雌性	cí xìng	4460	in-ing,c-ch,j-q-x	1
猎枪	liè qiāng	4461	ian-iang,ia-ie,n-l,r-l,j-q-x	1
跳伞	tiào sǎn	4463	an-ang,s-sh	1
糕点	gāo diǎn	4464	ian-iang,ao-ou	1
口感	kǒu gǎn	4465	an-ang,ao-ou	1
跳高	tiào gāo	4466	ao-ou	1
安家	ān jiā	4467	an-ang,ia-ie,j-q-x	1
大便	dà biàn	4468	ian-iang	1
耳语	ěr yǔ	4469		1
救星	jiù xīng	4470	in-ing,j-q-x	1
夸赞	kuā zàn	4471	an-ang,ua-uo,z-zh	1
多嘴	duō zuǐ	4472	ua-uo,z-zh	1
毯子	tǎn zi	4475	an-ang,z-zh	1
露珠	lù zhū	4476	z-zh,n-l,r-l	1
秀气	xiù qi	4479	j-q-x	1
感恩	gǎ nēn	4480	en-eng,n-l	1
嫩绿	nèn lǜ	4481	en-eng,n-l,r-l	1
宝物	bǎo wù	4485	ao-ou	1
省略	shěng lüè	4486	en-eng,s-sh,n-l,r-l	1
小便	xiǎo biàn	4487	ian-iang,j-q-x	1
阴历	yīn lì	4491	in-ing,n-l,r-l	1
朝霞	zhāo xiá	4492	ao-ou,ia-ie,z-zh,j-q-x	1
苦命	kǔ mìng	4493	in-ing	1
眼红	yǎn hóng	4494	an-ang,h-f	1
稻子	dào zi	4495	ao-ou,z-zh	1
海报	hǎi bào	4497	ai-ei,ao-ou,h-f	1
播音	bō yīn	4498	in-ing	1
带路	dài lù	4499	ai-ei,n-l,r-l	1
年轮	nián lún	4500	ian-iang,n-l,r-l	1
山泉	shān quán	4501	an-ang,uan-uang,s-sh,j-q-x	1
书柜	shū guì	4502	s-sh	1
巨浪	jù làng	4503	an-ang,n-l,r-l,j-q-x	1
无礼	wú lǐ	4505	n-l,r-l	1
旗杆	qí gān	4508	an-ang,j-q-x	1
道别	dào bié	4509	ao-ou,ia-ie	1
小人	xiǎo rén	4512	en-eng,r-l,j-q-x	1
肠胃	cháng wèi	4514	an-ang,ai-ei,c-ch	1
解渴	jiě kě	4515	ia-ie,j-q-x	1
分隔	fēn gé	4518	en-eng,h-f	1
贝壳	bèi ké	4519	ai-ei	1
甘甜	gān tián	4520	an-ang,ian-iang	1
逃学	táo xué	4524	ao-ou,j-q-x	1
滑行	huá xíng	4525	in-ing,ua-uo,h-f,j-q-x	1
唧唧	jī jī	4526	j-q-x	1
娇小	jiāo xiǎo	4527	j-q-x	1
叉子	chā zi	4528	z-zh,c-ch	1
骑手	qí shǒu	4529	ao-ou,s-sh,j-q-x	1
烧烤	shāo kǎo	4530	ao-ou,s-sh	1
特快	tè kuài	4531		1
把手	bǎ shou	4532	ao-ou,s-sh	1
海参	hǎi shēn	4533	en-eng,ai-ei,s-sh,h-f	1
琴弦	qín xián	4534	in-ing,ian-iang,j-q-x	1
豆浆	dòu jiāng	4535	ian-iang,ao-ou,j-q-x	1
呱呱	gū gū	4536		2
娇嫩	jiāo nèn	4538	en-eng,n-l,j-q-x	1
竹笋	zhú sǔn	4539	z-zh,s-sh	1
恶臭	è chòu	4540	ao-ou,c-ch	1
迷路	mí lù	4542	n-l,r-l	1
猛兽	měng shòu	4543	en-eng,ao-ou,s-sh	1
纽扣	niǔ kòu	4544	ao-ou,n-l	1
椭圆	tuǒ yuán	4545	uan-uang,ua-uo	1
斑点	bān diǎn	4547	an-ang,ian-iang	1
弹奏	tán zòu	4548	an-ang,ao-ou,z-zh	1
楼层	lóu céng	4553	en-eng,ao-ou,c-ch,n-l,r-l	1
上火	shàng huǒ	4554	an-ang,ua-uo,s-sh,h-f	1
冷饮	lěng yǐn	4557	en-eng,in-ing,n-l,r-l	1
蝌蚪	kē dǒu	4560	ao-ou	1
紫红	zǐ hóng	4564	z-zh,h-f	1
铃铛	líng dang	4566	in-ing,an-ang,n-l,r-l	1
闹钟	nào zhōng	4567	ao-ou,z-zh,n-l	1
哨子	shào zi	4568	ao-ou,z-zh,s-sh	1
梦乡	mèng xiāng	4570	en-eng,ian-iang,j-q-x	1
甲鱼	jiǎ yú	4571	ia-ie,j-q-x	1
月夜	yuè yè	4573		1
轰隆	hōng lōng	4575	n-l,h-f,r-l	1
卧铺	wò pù	4576		1
中餐	zhōng cān	4580	an-ang,z-zh,c-ch	1
店面	diàn miàn	4585	ian-iang	1
死板	sǐ bǎn	4588	an-ang,s-sh	1
温习	wēn xí	4589	en-eng,j-q-x	1
季军	jì jūn	4591	j-q-x	1
转学	zhuǎn xué	4592	uan-uang,z-zh,j-q-x	1
粉丝	fěn sī	4594	en-eng,s-sh,h-f	1
脑力	nǎo lì	4596	ao-ou,n-l,r-l	1
窄小	zhǎi xiǎo	4597	ai-ei,z-zh,j-q-x	1
散场	sàn chǎng	4598	an-ang,c-ch,s-sh	1
烤鸭	kǎo yā	4602	ao-ou	1
秋千	qiū qiān	4603	ian-iang,j-q-x	1
遵命	zūn mìng	4605	in-ing,z-zh	1
垫子	diàn zi	4606	ian-iang,z-zh	1
骨气	gǔ qì	4607	j-q-x	1
年糕	nián gāo	4608	ian-iang,ao-ou,n-l	1
柔美	róu měi	4609	ai-ei,ao-ou,r-l	1
暗号	àn hào	4610	an-ang,ao-ou,h-f	1
退步	tuì bù	4611		1
冬眠	dōng mián	4613	ian-iang	1
平米	píng mǐ	4614	in-ing	1
校风	xiào fēng	4615	en-eng,h-f,j-q-x	1
传颂	chuán sòng	4620	uan-uang,c-ch,s-sh	1
傻事	shǎ shì	4624	s-sh	1
血型	xuè xíng	4626	in-ing,j-q-x	1
立秋	lì qiū	4629	n-l,r-l,j-q-x	1
扫墓	sǎo mù	4630	ao-ou,s-sh	1
哇啦	wā lā	4632	n-l,r-l	1
耐性	nài xìng	4633	in-ing,ai-ei,n-l,j-q-x	1
永别	yǒng bié	4636	ia-ie	1
远亲	yuǎn qīn	4637	in-ing,uan-uang,j-q-x	1
聋子	lóng zi	4638	z-zh,n-l,r-l	1
凉鞋	liáng xié	4641	ian-iang,ia-ie,n-l,r-l,j-q-x	1
生姜	shēng jiāng	4642	en-eng,ian-iang,s-sh,j-q-x	1
雪糕	xuě gāo	4643	ao-ou,j-q-x	1
布匹	bù pǐ	4646		1
吹奏	chuī zòu	4647	ao-ou,z-zh,c-ch	1
盒饭	hé fàn	4648	an-ang,h-f	1
借阅	jiè yuè	4649	ia-ie,j-q-x	1
垂柳	chuí liǔ	4650	c-ch,n-l,r-l	1
号子	hào zi	4651	ao-ou,z-zh,h-f	1
跳远	tiào yuǎn	4652	uan-uang	1
触觉	chù jué	4654	c-ch,j-q-x	1
放哨	fàng shào	4655	an-ang,ao-ou,s-sh,h-f	1
粉色	fěn sè	4656	en-eng,s-sh,h-f	1
娇气	jiāo qì	4659	j-q-x	1
阳历	yáng lì	4661	an-ang,n-l,r-l	1
撞见	zhuàng jiàn	4662	ian-iang,uan-uang,z-zh,j-q-x	1
粗心	cū xīn	4663	in-ing,c-ch,j-q-x	1
倒影	dào yǐng	4664	in-ing,ao-ou	1
工整	gōng zhěng	4665	en-eng,z-zh	1
银白	yín bái	4666	in-ing,ai-ei	1
云朵	yún duǒ	4667	ua-uo	1
分心	fēn xīn	4668	en-eng,in-ing,h-f,j-q-x	1
秋色	qiū sè	4669	s-sh,j-q-x	1
套餐	tào cān	4671	an-ang,ao-ou,c-ch	1
阴凉	yīn liáng	4672	in-ing,ian-iang,n-l,r-l	1
钩子	gōu zi	4676	ao-ou,z-zh	1
土气	tǔ qi	4678	j-q-x	1
便饭	biàn fàn	4681	an-ang,ian-iang,h-f	1
短途	duǎn tú	4684	uan-uang	1
冬至	dōng zhì	4689	z-zh	1
出丑	chū chǒu	4698	ao-ou,c-ch	1
钟点	zhōng diǎn	4700	ian-iang,z-zh	1
木柴	mù chái	4702	ai-ei,c-ch	1
套子	tào zi	4704	ao-ou,z-zh	1
胶水	jiāo shuǐ	4709	s-sh,j-q-x	1
着凉	zháo liáng	4710	ian-iang,ao-ou,z-zh,n-l,r-l	1
乘法	chéng fǎ	4711	en-eng,c-ch,h-f	1
入迷	rù mí	4714	r-l	1
土坑	tǔ kēng	4715	en-eng	1
斑白	bān bái	4717	an-ang,ai-ei	1
碧蓝	bì lán	4718	an-ang,n-l,r-l	1
插座	chā zuò	4719	ua-uo,z-zh,c-ch	1
翠竹	cuì zhú	4720	z-zh,c-ch	1
星斗	xīng dǒu	4723	in-ing,ao-ou,j-q-x	1
彩霞	cǎi xiá	4725	ai-ei,ia-ie,c-ch,j-q-x	1
古琴	gǔ qín	4727	in-ing,j-q-x	1
肯干	kěn gàn	4728	en-eng,an-ang	1
端午	Duān wǔ	4729	uan-uang	1
墨绿	mò lǜ	4730	n-l,r-l	1
打雷	dǎ léi	4731	ai-ei,n-l,r-l	1
发炎	fā yán	4732	an-ang,h-f	1
超速	chāo sù	4737	ao-ou,c-ch,s-sh	1
偏心	piān xīn	4744	in-ing,ian-iang,j-q-x	1
汁液	zhī yè	4746	z-zh	1
穴位	xué wèi	4750	ai-ei,j-q-x	1
甲虫	jiǎ chóng	4752	ia-ie,c-ch,j-q-x	1
合身	hé shēn	4756	en-eng,s-sh,h-f	1
橙色	chéng sè	4758	en-eng,c-ch,s-sh	1
味觉	wèi jué	4760	ai-ei,j-q-x	1
重阳	Chóng yáng	4761	an-ang,c-ch	1
郊游	jiāo yóu	4762	ao-ou,j-q-x	1
倒数	dào shù	4764	ao-ou,s-sh	1
奇景	qí jǐng	4765	in-ing,j-q-x	1
牙关	yá guān	4766	uan-uang	1
刺猬	cì wei	4768	ai-ei,c-ch	1
打闹	dǎ nào	4769	ao-ou,n-l	1
洒落	sǎ luò	4771	ua-uo,s-sh,n-l,r-l	1
调料	tiáo liào	4772	n-l,r-l	1
斑马	bān mǎ	4774	an-ang	1
弹弓	dàn gōng	4779	an-ang	1
车位	chē wèi	4782	ai-ei,c-ch	1
禾苗	hé miáo	4783	h-f	1
启航	qǐ háng	4785	an-ang,h-f,j-q-x	1
干渴	gān kě	4788	an-ang	1
俊美	jùn měi	4789	ai-ei,j-q-x	1
喂食	wèi shí	4790	ai-ei,s-sh	1
酸奶	suān nǎi	4793	uan-uang,ai-ei,s-sh,n-l	1
油亮	yóu liàng	4796	ian-iang,ao-ou,n-l,r-l	1
刀叉	dāo chā	4800	ao-ou,c-ch	1
补考	bǔ kǎo	4806	ao-ou	1
春游	chūn yóu	4807	ao-ou,c-ch	1
谜语	mí yǔ	4812		1
汤圆	tāng yuán	4813	an-ang,uan-uang	1
蚂蚱	mà zha	4819	z-zh	3
欠条	qiàn tiáo	4820	ian-iang,j-q-x	1
渔网	yú wǎng	4821	an-ang	1
猎狗	liè gǒu	4828	ao-ou,ia-ie,n-l,r-l	1
借条	jiè tiáo	4833	ia-ie,j-q-x	1
立春	lì chūn	4834	c-ch,n-l,r-l	1
通顺	tōng shùn	4835	s-sh	1
倒车	dào chē	4839	ao-ou,c-ch	1
贪心	tān xīn	4840	in-ing,an-ang,j-q-x	1
轻风	qīng fēng	4845	en-eng,in-ing,h-f,j-q-x	1
素食	sù shí	4846	s-sh	1
旅费	lǚ fèi	4850	ai-ei,n-l,h-f,r-l	1
不和	bù hé	4851	h-f	1
按键	àn jiàn	4854	an-ang,ian-iang,j-q-x	1
暗红	àn hóng	4856	an-ang,h-f	1
叮咚	dīng dōng	4857	in-ing	3
素菜	sù cài	4866	ai-ei,c-ch,s-sh	1
值日	zhí rì	4869	z-zh,r-l	1
拼写	pīn xiě	4870	in-ing,ia-ie,j-q-x	1
野火	yě huǒ	4871	ua-uo,h-f	1
顶楼	dǐng lóu	4875	in-ing,ao-ou,n-l,r-l	1
暴风	bào fēng	4881	en-eng,ao-ou,h-f	1
超车	chāo chē	4882	ao-ou,c-ch	1
滴答	dī dā	4884		1
桥洞	qiáo dòng	4885	j-q-x	1
括号	kuò hào	4886	ao-ou,ua-uo,h-f	1
霜降	shuāng jiàng	4888	ian-iang,uan-uang,s-sh,j-q-x	1
乳白	rǔ bái	4891	ai-ei,r-l	1
书签	shū qiān	4893	ian-iang,s-sh,j-q-x	1
蛋壳	dàn ké	4895	an-ang	1
偏旁	piān páng	4897	an-ang,ian-iang	1
便条	biàn tiáo	4899	ian-iang	1
鹅黄	é huáng	4900	uan-uang,h-f	1
白露	bái lù	4905	ai-ei,n-l,r-l	1
娇美	jiāo měi	4906	ai-ei,j-q-x	1
帅气	shuài qi	4910	s-sh,j-q-x	1
知了	zhī liǎo	4912	z-zh,n-l,r-l	1
春分	chūn fēn	4913	en-eng,c-ch,h-f	1
夏至	xià zhì	4914	ia-ie,z-zh,j-q-x	1
惊蛰	jīng zhé	4916	in-ing,z-zh,j-q-x	3
渔具	yú jù	4919	j-q-x	1
竹排	zhú pái	4920	ai-ei,z-zh	1
立夏	lì xià	4923	ia-ie,n-l,r-l,j-q-x	1
野营	yě yíng	4924	in-ing	1
蛾子	é zi	4926	z-zh	1
谷雨	gǔ yǔ	4927		1
和好	hé hǎo	4928	ao-ou,h-f	1
尖细	jiān xì	4933	ian-iang,j-q-x	1
七夕	qī xī	4935	j-q-x	1
凉席	liáng xí	4943	ian-iang,n-l,r-l,j-q-x	1
旷课	kuàng kè	4952	uan-uang	1
拖把	tuō bǎ	4953	ua-uo	1
鱼钩	yú gōu	4954	ao-ou	1
领结	lǐng jié	4955	in-ing,ia-ie,n-l,r-l,j-q-x	1
下等	xià děng	4956	en-eng,ia-ie,j-q-x	1
银灰	yín huī	4957	in-ing,h-f	1
口试	kǒu shì	4964	ao-ou,s-sh	1
漂洗	piǎo xǐ	4969	j-q-x	1
部首	bù shǒu	4973	ao-ou,s-sh	1
引号	yǐn hào	4977	in-ing,ao-ou,h-f	1
立冬	lì dōng	4979	n-l,r-l	1
分号	fēn hào	4981	en-eng,ao-ou,h-f	1
除法	chú fǎ	4982	c-ch,h-f	1
杏黄	xìng huáng	4985	in-ing,uan-uang,h-f,j-q-x	1
此致	cǐ zhì	4986	z-zh,c-ch	1
花苞	huā bāo	4990	ao-ou,ua-uo,h-f	1
厨具	chú jù	4992	c-ch,j-q-x	1
逗号	dòu hào	4995	ao-ou,h-f	1
秋分	qiū fēn	4996	en-eng,h-f,j-q-x	1
报时	bào shí	4997	ao-ou,s-sh	1
字帖	zì tiè	4998	ia-ie,z-zh	1
荤菜	hūn cài	5003	ai-ei,c-ch,h-f	1
芒种	máng zhòng	5006	an-ang,z-zh	1
变色	biàn sè	5011	ian-iang,s-sh	1
繁体	fán tǐ	5013	an-ang,h-f	1
页码	yè mǎ	5017		1
大寒	dà hán	5018	an-ang,h-f	1
做证	zuò zhèng	5020	en-eng,ua-uo,z-zh	1
顿号	dùn hào	5022	ao-ou,h-f	1
描红	miáo hóng	5023	h-f	1
盘曲	pán qū	5025	an-ang,j-q-x	1
大暑	dà shǔ	5027	s-sh	1
小满	xiǎo mǎn	5030	an-ang,j-q-x	1
益虫	yì chóng	5031	c-ch	1
小暑	xiǎo shǔ	5037	s-sh,j-q-x	1
冒号	mào hào	5042	ao-ou,h-f	1
咕叽	gū ji	5051	j-q-x	1
处暑	chǔ shǔ	5052	c-ch,s-sh	1
分米	fēn mǐ	5055	en-eng,h-f	1
甜品	tián pǐn	5057	in-ing,ian-iang	1
唯一	wéi yī	5058	ai-ei	1
背地	bèi dì	5059	ai-ei	1
餐刀	cān dāo	5063	an-ang,ao-ou,c-ch	1
乘积	chéng jī	5064	en-eng,c-ch,j-q-x	1
辞典	cí diǎn	5065	ian-iang,c-ch	1
打败	dǎ bài	5067	ai-ei	1
电邮	diàn yóu	5070	ian-iang,ao-ou	1
跌倒	diē dǎo	5071	ao-ou,ia-ie	1
父爱	fù ài	5072	ai-ei,h-f	1
嘎嘎	gā gā	5073		2
呵呵	hē hē	5074	h-f	1
解开	jiě kāi	5078	ai-ei,ia-ie,j-q-x	1
肉菜	ròu cài	5084	ai-ei,ao-ou,c-ch,r-l	1
摔倒	shuāi dǎo	5086	ao-ou,s-sh	1
啼叫	tí jiào	5088	j-q-x	1
托举	tuō jǔ	5089	ua-uo,j-q-x	1
碗筷	wǎn kuài	5091	an-ang	1
嗡嗡	wēng wēng	5092	en-eng	1
无趣	wú qù	5095	j-q-x	1
鱼竿	yú gān	5099	an-ang	1
问题	wèn tí	5100	en-eng	1
情况	qíng kuàng	5101	in-ing,uan-uang,j-q-x	1
政府	zhèng fǔ	5102	en-eng,z-zh,h-f	1
政治	zhèng zhì	5103	en-eng,z-zh	1
组织	zǔ zhī	5104	z-zh	1
活动	huó dòng	5105	ua-uo,h-f	1
艺术	yì shù	5106	s-sh	1
非常	fēi cháng	5107	an-ang,ai-ei,c-ch,h-f	1
甚至	shèn zhì	5108	en-eng,z-zh,s-sh	1
或者	huò zhě	5109	ua-uo,z-zh,h-f	1
时代	shí dài	5110	ai-ei,s-sh	1
书记	shū jì	5111	s-sh,j-q-x	1
变化	biàn huà	5112	ian-iang,ua-uo,h-f	1
世纪	shì jì	5113	s-sh,j-q-x	1
现代	xiàn dài	5114	ian-iang,ai-ei,j-q-x	1
运动	yùn dòng	5115		1
中央	zhōng yāng	5116	an-ang,z-zh	1
左右	zuǒ yòu	5117	ao-ou,ua-uo,z-zh	1
无法	wú fǎ	5118	h-f	1
实际	shí jì	5119	s-sh,j-q-x	1
理论	lǐ lùn	5120	n-l,r-l	1
意识	yì shí	5121	s-sh	1
说明	shuō míng	5122	in-ing,ua-uo,s-sh	1
心理	xīn lǐ	5124	in-ing,n-l,r-l,j-q-x	1
所谓	suǒ wèi	5125	ai-ei,ua-uo,s-sh	1
机关	jī guān	5126	uan-uang,j-q-x	1
基础	jī chǔ	5127	c-ch,j-q-x	1
教授	jiào shòu	5128	ao-ou,s-sh,j-q-x	1
军事	jūn shì	5129	s-sh,j-q-x	1
基本	jī běn	5130	en-eng,j-q-x	1
统一	tǒng yī	5131		1
世界	shì jiè	5132	ia-ie,s-sh,j-q-x	1
相当	xiāng dāng	5133	an-ang,ian-iang,j-q-x	1
工程	gōng chéng	5134	en-eng,c-ch	1
系统	xì tǒng	5135	j-q-x	1
观念	guān niàn	5136	ian-iang,uan-uang,n-l	1
经营	jīng yíng	5137	in-ing,j-q-x	1
作家	zuò jiā	5138	ia-ie,ua-uo,z-zh,j-q-x	1
项目	xiàng mù	5139	ian-iang,j-q-x	1
专家	zhuān jiā	5140	uan-uang,ia-ie,z-zh,j-q-x	1
期间	qī jiān	5141	ian-iang,j-q-x	1
手段	shǒu duàn	5142	uan-uang,ao-ou,s-sh	1
作为	zuò wéi	5143	ai-ei,ua-uo,z-zh	1
形势	xíng shì	5144	in-ing,s-sh,j-q-x	1
执行	zhí xíng	5145	in-ing,z-zh,j-q-x	1
科技	kē jì	5146	j-q-x	1
民主	mín zhǔ	5147	in-ing,z-zh	1
强调	qiáng diào	5148	ian-iang,j-q-x	1
资金	zī jīn	5149	in-ing,z-zh,j-q-x	1
状态	zhuàng tài	5150	uan-uang,ai-ei,z-zh	1
报道	bào dào	5151	ao-ou	1
明确	míng què	5152	in-ing,j-q-x	1
调整	tiáo zhěng	5153	en-eng,z-zh	1
因素	yīn sù	5154	in-ing,s-sh	1
追求	zhuī qiú	5155	z-zh,j-q-x	1
措施	cuò shī	5156	ua-uo,c-ch,s-sh	1
领域	lǐng yù	5157	in-ing,n-l,r-l	1
位置	wèi zhì	5158	ai-ei,z-zh	1
实施	shí shī	5160	s-sh	1
宗教	zōng jiào	5161	z-zh,j-q-x	1
物质	wù zhì	5162	z-zh	1
表明	biǎo míng	5163	in-ing	1
一致	yī zhì	5164	z-zh	1
专业	zhuān yè	5165	uan-uang,z-zh	1
权利	quán lì	5166	uan-uang,n-l,r-l,j-q-x	1
成果	chéng guǒ	5167	en-eng,ua-uo,c-ch	1
演出	yǎn chū	5168	an-ang,c-ch	1
哲学	zhé xué	5169	z-zh,j-q-x	1
学者	xué zhě	5170	z-zh,j-q-x	1
产业	chǎn yè	5171	an-ang,c-ch	1
体系	tǐ xì	5172	j-q-x	1
监督	jiān dū	5173	ian-iang,j-q-x	1
从事	cóng shì	5174	c-ch,s-sh	1
从而	cóng ér	5175	c-ch	1
制定	zhì dìng	5176	in-ing,z-zh	1
面积	miàn jī	5177	ian-iang,j-q-x	1
确实	què shí	5178	s-sh,j-q-x	1
状况	zhuàng kuàng	5179	uan-uang,z-zh	1
推动	tuī dòng	5180		1
优势	yōu shì	5181	ao-ou,s-sh	1
大力	dà lì	5182	n-l,r-l	1
自我	zì wǒ	5183	z-zh	1
走向	zǒu xiàng	5184	ian-iang,ao-ou,z-zh,j-q-x	1
合同	hé tóng	5185	h-f	1
给予	jǐ yǔ	5186	j-q-x	1
本身	běn shēn	5187	en-eng,s-sh	1
规模	guī mó	5188		1
实在	shí zài	5189	ai-ei,z-zh,s-sh	1
落实	luò shí	5190	ua-uo,s-sh,n-l,r-l	1
保障	bǎo zhàng	5191	an-ang,ao-ou,z-zh	1
彻底	chè dǐ	5192	c-ch	1
贯彻	guàn chè	5193	uan-uang,c-ch	1
方案	fān gàn	5194	an-ang,h-f	1
成就	chéng jiù	5195	en-eng,c-ch,j-q-x	1
上面	shàng miàn	5196	an-ang,ian-iang,s-sh	1
推进	tuī jìn	5197	in-ing,j-q-x	1
民间	mín jiān	5198	in-ing,ian-iang,j-q-x	1
完善	wán shàn	5199	an-ang,s-sh	1
行业	háng yè	5200	an-ang,h-f	1
情绪	qíng xù	5201	in-ing,j-q-x	1
自觉	zì jué	5202	z-zh,j-q-x	1
规划	guī huà	5203	ua-uo,h-f	1
眼前	yǎn qián	5204	an-ang,ian-iang,j-q-x	1
典型	diǎn xíng	5205	in-ing,ian-iang,j-q-x	1
一旦	yī dàn	5206	an-ang	1
加以	jiā yǐ	5207	ia-ie,j-q-x	1
关注	guān zhù	5208	uan-uang,z-zh	1
方针	fāng zhēn	5209	en-eng,an-ang,z-zh,h-f	1
案件	àn jiàn	5210	an-ang,ian-iang,j-q-x	1
主义	zhǔ yì	5211	z-zh	1
命运	mìng yùn	5212	in-ing	1
集团	jí tuán	5213	uan-uang,j-q-x	1
有力	yǒu lì	5214	ao-ou,n-l,r-l	1
生态	shēng tài	5215	en-eng,ai-ei,s-sh	1
绝对	jué duì	5216	j-q-x	1
协调	xié tiáo	5217	ia-ie,j-q-x	1
治疗	zhì liáo	5218	z-zh,n-l,r-l	1
持续	chí xù	5219	c-ch,j-q-x	1
显然	xiǎn rán	5220	an-ang,ian-iang,r-l,j-q-x	1
密切	mì qiè	5221	ia-ie,j-q-x	1
导致	dǎo zhì	5222	ao-ou,z-zh	1
基地	jī dì	5223	j-q-x	1
批准	pī zhǔn	5224	z-zh	1
客观	kè guān	5225	uan-uang	1
表达	biǎo dá	5226		1
考察	kǎo chá	5227	ao-ou,c-ch	1
需求	xū qiú	5228	j-q-x	1
贸易	mào yì	5229	ao-ou	1
设施	shè shī	5230	s-sh	1
程序	chéng xù	5231	en-eng,c-ch,j-q-x	1
模式	mó shì	5233	s-sh	1
势力	shì lì	5234	s-sh,n-l,r-l	1
生物	shēng wù	5235	en-eng,s-sh	1
性质	xìng zhì	5236	in-ing,z-zh,j-q-x	1
区域	qū yù	5237	j-q-x	1
销售	xiāo shòu	5238	ao-ou,s-sh,j-q-x	1
主体	zhǔ tǐ	5239	z-zh	1
担任	dān rèn	5240	en-eng,an-ang,r-l	1
污染	wū rǎn	5241	an-ang,r-l	1
路线	lù xiàn	5242	ian-iang,n-l,r-l,j-q-x	1
作风	zuò fēng	5243	en-eng,ua-uo,z-zh,h-f	1
大型	dà xíng	5244	in-ing,j-q-x	1
主持	zhǔ chí	5245	z-zh,c-ch	1
协议	xié yì	5246	ia-ie,j-q-x	1
成本	chéng běn	5247	en-eng,c-ch	1
当代	dāng dài	5248	an-ang,ai-ei	1
决策	jué cè	5249	c-ch,j-q-x	1
核心	hé xīn	5250	in-ing,h-f,j-q-x	1
并非	bìng fēi	5251	in-ing,ai-ei,h-f	1
奋斗	fèn dòu	5252	en-eng,ao-ou,h-f	1
情感	qíng gǎn	5253	in-ing,an-ang,j-q-x	1
平衡	píng héng	5254	en-eng,in-ing,h-f	1
国有	guó yǒu	5255	ao-ou,ua-uo	1
医疗	yī liáo	5256	n-l,r-l	1
涉及	shè jí	5257	s-sh,j-q-x	1
保险	bǎo xiǎn	5258	ian-iang,ao-ou,j-q-x	1
财产	cái chǎn	5259	an-ang,ai-ei,c-ch	1
能源	néng yuán	5260	en-eng,uan-uang,n-l	1
趋势	qū shì	5261	s-sh,j-q-x	1
法制	fǎ zhì	5262	z-zh,h-f	1
运行	yùn xíng	5263	in-ing,j-q-x	1
日益	rì yì	5264	r-l	1
患者	huàn zhě	5266	uan-uang,z-zh,h-f	1
进展	jìn zhǎn	5267	in-ing,an-ang,z-zh,j-q-x	1
资本	zī běn	5268	en-eng,z-zh	1
经理	jīng lǐ	5269	in-ing,n-l,r-l,j-q-x	1
改进	gǎi jìn	5270	in-ing,ai-ei,j-q-x	1
挑战	tiǎo zhàn	5271	an-ang,z-zh	1
切实	qiè shí	5272	ia-ie,s-sh,j-q-x	1
威胁	wēi xié	5273	ai-ei,ia-ie,j-q-x	1
系列	xì liè	5274	ia-ie,n-l,r-l,j-q-x	1
事故	shì gù	5275	s-sh	1
即将	jí jiāng	5276	ian-iang,j-q-x	1
作战	zuò zhàn	5277	an-ang,ua-uo,z-zh	1
引进	yǐn jìn	5278	in-ing,j-q-x	1
法规	fǎ guī	5279	h-f	1
数据	shù jù	5280	s-sh,j-q-x	1
效益	xiào yì	5281	j-q-x	1
传播	chuán bō	5282	uan-uang,c-ch	1
进程	jìn chéng	5283	en-eng,in-ing,c-ch,j-q-x	1
气氛	qì fēn	5284	en-eng,h-f,j-q-x	1
效率	xiào lǜ	5285	n-l,r-l,j-q-x	1
女士	nǚ shì	5286	s-sh,n-l	1
用户	yòng hù	5287	h-f	1
执法	zhí fǎ	5288	z-zh,h-f	1
宪法	xiàn fǎ	5289	ian-iang,h-f,j-q-x	1
依据	yī jù	5290	j-q-x	1
相应	xiāng yìng	5291	in-ing,ian-iang,j-q-x	1
显著	xiǎn zhù	5293	ian-iang,z-zh,j-q-x	1
就业	jiù yè	5294	j-q-x	1
情形	qíng xing	5295	in-ing,j-q-x	1
会见	huì jiàn	5296	ian-iang,h-f,j-q-x	1
立场	lì chǎng	5297	an-ang,c-ch,n-l,r-l	1
角度	jiǎo dù	5298	j-q-x	1
日前	rì qián	5299	ian-iang,r-l,j-q-x	1
职务	zhí wù	5300	z-zh	1
实力	shí lì	5301	s-sh,n-l,r-l	1
软件	ruǎn jiàn	5302	ian-iang,uan-uang,r-l,j-q-x	1
发言	fā yán	5303	an-ang,h-f	1
途径	tú jìng	5304	in-ing,j-q-x	1
风险	fēng xiǎn	5305	en-eng,ian-iang,h-f,j-q-x	1
本质	běn zhì	5306	en-eng,z-zh	1
媒体	méi tǐ	5307	ai-ei	1
层次	céng cì	5308	en-eng,c-ch	1
计算	jì suàn	5309	uan-uang,s-sh,j-q-x	1
治理	zhì lǐ	5310	z-zh,n-l,r-l	1
确保	què bǎo	5311	ao-ou,j-q-x	1
岗位	gǎng wèi	5312	an-ang,ai-ei	1
思维	sī wéi	5313	ai-ei,s-sh	1
初步	chū bù	5314	c-ch	1
供应	gōng yìng	5315	in-ing	1
到处	dào chù	5316	ao-ou,c-ch	1
注重	zhù zhòng	5317	z-zh	1
力度	lì dù	5318	n-l,r-l	1
外交	wài jiāo	5319	ai-ei,j-q-x	1
维持	wéi chí	5320	ai-ei,c-ch	1
发行	fā xíng	5321	in-ing,h-f,j-q-x	1
施工	shī gōng	5322	s-sh	1
防治	fáng zhì	5323	an-ang,z-zh,h-f	1
并未	bìng wèi	5324	in-ing,ai-ei	1
声明	shēng míng	5325	en-eng,in-ing,s-sh	1
协会	xié huì	5326	ia-ie,h-f,j-q-x	1
深化	shēn huà	5327	en-eng,ua-uo,s-sh,h-f	1
转化	zhuǎn huà	5328	uan-uang,ua-uo,z-zh,h-f	1
环节	huán jié	5329	uan-uang,ia-ie,h-f,j-q-x	1
灵魂	líng hún	5330	in-ing,n-l,h-f,r-l	1
健全	jiàn quán	5331	ian-iang,uan-uang,j-q-x	1
学科	xué kē	5332	j-q-x	1
毕竟	bì jìng	5333	in-ing,j-q-x	1
恐怖	kǒng bù	5334		1
检验	jiǎn yàn	5335	an-ang,ian-iang,j-q-x	1
彼此	bǐ cǐ	5337	c-ch	1
官兵	guān bīng	5338	in-ing,uan-uang	1
腐败	fǔ bài	5339	ai-ei,h-f	1
概念	gài niàn	5340	ian-iang,ai-ei,n-l	1
研制	yán zhì	5341	an-ang,z-zh	1
编辑	biān jí	5342	ian-iang,j-q-x	1
强化	qiáng huà	5343	ian-iang,ua-uo,h-f,j-q-x	1
发动	fā dòng	5344	h-f	1
事务	shì wù	5345	s-sh	1
危机	wēi jī	5346	ai-ei,j-q-x	1
规则	guī zé	5347	z-zh	1
若干	ruò gān	5348	an-ang,ua-uo,r-l	1
紧急	jǐn jí	5349	in-ing,j-q-x	1
机械	jī xiè	5350	ia-ie,j-q-x	1
和谐	hé xié	5351	ia-ie,h-f,j-q-x	1
治安	zhì ān	5352	an-ang,z-zh	1
利润	lì rùn	5353	n-l,r-l	1
城镇	chéng zhèn	5354	en-eng,z-zh,c-ch	1
文物	wén wù	5357	en-eng	1
资产	zī chǎn	5358	an-ang,z-zh,c-ch	1
思路	sī lù	5359	s-sh,n-l,r-l	1
杂志	zá zhì	5360	z-zh	1
意志	yì zhì	5361	z-zh	1
推行	tuī xíng	5362	in-ing,j-q-x	1
前提	qián tí	5363	ian-iang,j-q-x	1
指示	zhǐ shì	5364	z-zh,s-sh	1
发布	fā bù	5365	h-f	1
新型	xīn xíng	5366	in-ing,j-q-x	1
教训	jiào xùn	5367	j-q-x	1
上级	shàng jí	5368	an-ang,s-sh,j-q-x	1
启动	qǐ dòng	5369	j-q-x	1
活力	huó lì	5370	ua-uo,n-l,h-f,r-l	1
分裂	fēn liè	5371	en-eng,ia-ie,n-l,h-f,r-l	1
调动	diào dòng	5372		1
签订	qiān dìng	5373	in-ing,ian-iang,j-q-x	1
消除	xiāo chú	5374	c-ch,j-q-x	1
接待	jiē dài	5375	ai-ei,ia-ie,j-q-x	1
经费	jīng fèi	5376	in-ing,ai-ei,h-f,j-q-x	1
执政	zhí zhèng	5377	en-eng,z-zh	1
带动	dài dòng	5378	ai-ei	1
职责	zhí zé	5379	z-zh	1
开拓	kāi tuò	5380	ai-ei,ua-uo	1
本人	běn rén	5381	en-eng,r-l	1
制约	zhì yuē	5382	z-zh	1
障碍	zhàn gài	5383	an-ang,ai-ei,z-zh	1
手续	shǒu xù	5384	ao-ou,s-sh,j-q-x	1
培育	péi yù	5385	ai-ei	1
会谈	huì tán	5386	an-ang,h-f	1
说法	shuō fǎ	5387	ua-uo,s-sh,h-f	1
刺激	cì jī	5388	c-ch,j-q-x	1
前后	qián hòu	5389	ian-iang,ao-ou,h-f,j-q-x	1
异常	yì cháng	5390	an-ang,c-ch	1
下岗	xià gǎng	5391	an-ang,ia-ie,j-q-x	1
学院	xué yuàn	5392	uan-uang,j-q-x	1
呈现	chéng xiàn	5393	en-eng,ian-iang,c-ch,j-q-x	1
话题	huà tí	5394	ua-uo,h-f	1
小康	xiǎo kāng	5395	an-ang,j-q-x	1
民众	mín zhòng	5397	in-ing,z-zh	1
富有	fù yǒu	5398	ao-ou,h-f	1
以往	yǐ wǎng	5399	an-ang	1
意外	yì wài	5400	ai-ei	1
步伐	bù fá	5401	h-f	1
证据	zhèng jù	5402	en-eng,z-zh,j-q-x	1
前景	qián jǐng	5403	in-ing,ian-iang,j-q-x	1
城乡	chéng xiāng	5404	en-eng,ian-iang,c-ch,j-q-x	1
清醒	qīng xǐng	5405	in-ing,j-q-x	1
千万	qiān wàn	5406	an-ang,ian-iang,j-q-x	1
渠道	qú dào	5407	ao-ou,j-q-x	1
婚姻	hūn yīn	5408	in-ing,h-f	1
强势	qiáng shì	5409	ian-iang,s-sh,j-q-x	1
同胞	tóng bāo	5410	ao-ou	1
成效	chéng xiào	5411	en-eng,c-ch,j-q-x	1
袭击	xí jī	5412	j-q-x	1
流通	liú tōng	5413	n-l,r-l	1
一手	yī shǒu	5414	ao-ou,s-sh	1
病毒	bìng dú	5415	in-ing	1
海关	hǎi guān	5417	uan-uang,ai-ei,h-f	1
群体	qún tǐ	5418	j-q-x	1
真理	zhēn lǐ	5419	en-eng,z-zh,n-l,r-l	1
当今	dāng jīn	5420	in-ing,an-ang,j-q-x	1
安置	ān zhì	5421	an-ang,z-zh	1
条约	tiáo yuē	5422		1
照顾	zhào gù	5423	ao-ou,z-zh	1
咨询	zī xún	5424	z-zh,j-q-x	1
决议	jué yì	5425	j-q-x	1
区别	qū bié	5426	ia-ie,j-q-x	1
情节	qíng jié	5427	in-ing,ia-ie,j-q-x	1
创建	chuàng jiàn	5428	ian-iang,uan-uang,c-ch,j-q-x	1
探讨	tàn tǎo	5429	an-ang,ao-ou	1
自主	zì zhǔ	5430	z-zh	1
结论	jié lùn	5431	ia-ie,n-l,r-l,j-q-x	1
头脑	tóu nǎo	5432	ao-ou,n-l	1
基因	jī yīn	5433	in-ing,j-q-x	1
援助	yuán zhù	5434	uan-uang,z-zh	1
陆续	lù xù	5435	n-l,r-l,j-q-x	1
信用	xìn yòng	5436	in-ing,j-q-x	1
普及	pǔ jí	5437	j-q-x	1
审查	shěn chá	5438	en-eng,c-ch,s-sh	1
移民	yí mín	5439	in-ing	1
轨道	guǐ dào	5440	ao-ou	1
创业	chuàng yè	5441	uan-uang,c-ch	1
客户	kè hù	5442	h-f	1
承诺	chéng nuò	5443	en-eng,ua-uo,c-ch,n-l	1
呼吁	hū yù	5444	h-f	1
承包	chéng bāo	5445	en-eng,ao-ou,c-ch	1
潜力	qián lì	5446	ian-iang,n-l,r-l,j-q-x	1
配套	pèi tào	5447	ai-ei,ao-ou	1
设置	shè zhì	5448	z-zh,s-sh	1
以便	yǐ biàn	5449	ian-iang	1
摆脱	bǎi tuō	5450	ai-ei,ua-uo	1
地理	dì lǐ	5451	n-l,r-l	1
难题	nán tí	5452	an-ang,n-l	1
感染	gǎn rǎn	5453	an-ang,r-l	1
大使	dà shǐ	5454	s-sh	1
一带	yī dài	5455	ai-ei	1
极为	jí wéi	5456	ai-ei,j-q-x	1
相继	xiāng jì	5457	ian-iang,j-q-x	1
工艺	gōng yì	5458		1
预计	yù jì	5459	j-q-x	1
局势	jú shì	5460	s-sh,j-q-x	1
流域	liú yù	5461	n-l,r-l	1
往来	wǎng lái	5462	an-ang,ai-ei,n-l,r-l	1
摄影	shè yǐng	5463	in-ing,s-sh	1
追究	zhuī jiū	5464	z-zh,j-q-x	1
循环	xún huán	5466	uan-uang,h-f,j-q-x	1
检测	jiǎn cè	5467	ian-iang,c-ch,j-q-x	1
土壤	tǔ rǎng	5468	an-ang,r-l	1
人格	rén gé	5469	en-eng,r-l	1
处罚	chǔ fá	5470	c-ch,h-f	1
人权	rén quán	5471	en-eng,uan-uang,r-l,j-q-x	1
支出	zhī chū	5473	z-zh,c-ch	1
纳入	nà rù	5474	n-l,r-l	1
物资	wù zī	5475	z-zh	1
人心	rén xīn	5476	en-eng,in-ing,r-l,j-q-x	1
权威	quán wēi	5477	uan-uang,ai-ei,j-q-x	1
审判	shěn pàn	5478	en-eng,an-ang,s-sh	1
考验	kǎo yàn	5479	an-ang,ao-ou	1
脱离	tuō lí	5480	ua-uo,n-l,r-l	1
鉴定	jiàn dìng	5481	in-ing,ian-iang,j-q-x	1
冲击	chōng jī	5482	c-ch,j-q-x	1
提升	tí shēng	5483	en-eng,s-sh	1
协商	xié shāng	5484	an-ang,ia-ie,s-sh,j-q-x	1
人工	rén gōng	5485	en-eng,r-l	1
技能	jì néng	5486	en-eng,n-l,j-q-x	1
来源	lái yuán	5487	uan-uang,ai-ei,n-l,r-l	1
居然	jū rán	5488	an-ang,r-l,j-q-x	1
旗帜	qí zhì	5489	z-zh,j-q-x	1
面貌	miàn mào	5490	ian-iang,ao-ou	1
联赛	lián sài	5491	ian-iang,ai-ei,s-sh,n-l,r-l	1
政党	zhèng dǎng	5492	en-eng,an-ang,z-zh	1
预测	yù cè	5493	c-ch	1
现状	xiàn zhuàng	5494	ian-iang,uan-uang,z-zh,j-q-x	1
致富	zhì fù	5495	z-zh,h-f	1
煤矿	méi kuàng	5496	uan-uang,ai-ei	1
赔偿	péi cháng	5497	an-ang,ai-ei,c-ch	1
骨干	gǔ gàn	5498	an-ang	1
沟通	gōu tōng	5499	ao-ou	1
整治	zhěng zhì	5500	en-eng,z-zh	1
着眼	zhuó yǎn	5501	an-ang,ua-uo,z-zh	1
监测	jiān cè	5502	ian-iang,c-ch,j-q-x	1
必将	bì jiāng	5503	ian-iang,j-q-x	1
认定	rèn dìng	5504	en-eng,in-ing,r-l	1
双边	shuāng biān	5505	ian-iang,uan-uang,s-sh	1
主权	zhǔ quán	5506	uan-uang,z-zh,j-q-x	1
依照	yī zhào	5507	ao-ou,z-zh	1
累计	lěi jì	5508	ai-ei,n-l,r-l,j-q-x	1
情景	qíng jǐng	5509	in-ing,j-q-x	1
长远	cháng yuǎn	5510	an-ang,uan-uang,c-ch	1
开辟	kāi pì	5511	ai-ei	1
免费	miǎn fèi	5512	ian-iang,ai-ei,h-f	1
使命	shǐ mìng	5513	in-ing,s-sh	1
优惠	yōu huì	5514	ao-ou,h-f	1
事迹	shì jì	5515	s-sh,j-q-x	1
境界	jìng jiè	5516	in-ing,ia-ie,j-q-x	1
通讯	tōng xùn	5517	j-q-x	1
调控	tiáo kòng	5518		1
注册	zhù cè	5519	z-zh,c-ch	1
倒是	dào shì	5520	ao-ou,s-sh	1
变革	biàn gé	5521	ian-iang	1
混乱	hùn luàn	5522	uan-uang,n-l,h-f,r-l	1
个性	gè xìng	5523	in-ing,j-q-x	1
委托	wěi tuō	5524	ai-ei,ua-uo	1
品质	pǐn zhì	5525	in-ing,z-zh	1
配置	pèi zhì	5526	ai-ei,z-zh	1
崇高	chóng gāo	5527	ao-ou,c-ch	1
借鉴	jiè jiàn	5528	ian-iang,ia-ie,j-q-x	1
信念	xìn niàn	5529	in-ing,ian-iang,n-l,j-q-x	1
推荐	tuī jiàn	5530	ian-iang,j-q-x	1
热点	rè diǎn	5531	ian-iang,r-l	1
养殖	yǎng zhí	5532	an-ang,z-zh	1
导弹	dǎo dàn	5533	an-ang,ao-ou	1
同事	tóng shì	5534	s-sh	1
补贴	bǔ tiē	5535	ia-ie	1
支撑	zhī chēng	5536	en-eng,z-zh,c-ch	1
选拔	xuǎn bá	5537	uan-uang,j-q-x	1
采购	cǎi gòu	5538	ai-ei,ao-ou,c-ch	1
消灭	xiāo miè	5539	ia-ie,j-q-x	1
荣誉	róng yù	5540	r-l	1
原料	yuán liào	5541	uan-uang,n-l,r-l	1
批判	pī pàn	5542	an-ang	1
势头	shì tou	5543	ao-ou,s-sh	1
前途	qián tú	5544	ian-iang,j-q-x	1
共识	gòng shí	5545	s-sh	1
定期	dìng qī	5546	in-ing,j-q-x	1
比重	bǐ zhòng	5547	z-zh	1
诞生	dàn shēng	5548	en-eng,an-ang,s-sh	1
象征	xiàng zhēng	5549	en-eng,ian-iang,z-zh,j-q-x	1
论文	lùn wén	5550	en-eng,n-l,r-l	1
要素	yào sù	5551	ao-ou,s-sh	1
激情	jī qíng	5552	in-ing,j-q-x	1
煤炭	méi tàn	5554	an-ang,ai-ei	1
覆盖	fù gài	5555	ai-ei,h-f	1
描写	miáo xiě	5556	ia-ie,j-q-x	1
国情	guó qíng	5557	in-ing,ua-uo,j-q-x	1
法治	fǎ zhì	5558	z-zh,h-f	1
弘扬	hóng yáng	5559	an-ang,h-f	1
可靠	kě kào	5560	ao-ou	1
更新	gēng xīn	5561	en-eng,in-ing,j-q-x	1
原理	yuán lǐ	5562	uan-uang,n-l,r-l	1
原始	yuán shǐ	5563	uan-uang,s-sh	1
差异	chā yì	5564	c-ch	1
药物	yào wù	5565	ao-ou	1
企图	qǐ tú	5566	j-q-x	1
布局	bù jú	5567	j-q-x	1
鼓舞	gǔ wǔ	5568		1
审美	shěn měi	5569	en-eng,ai-ei,s-sh	1
内在	nèi zài	5570	ai-ei,z-zh,n-l	1
高效	gāo xiào	5571	ao-ou,j-q-x	1
引发	yǐn fā	5572	in-ing,h-f	1
率先	shuài xiān	5573	ian-iang,s-sh,j-q-x	1
媳妇	xí fù	5574	h-f,j-q-x	1
场面	chǎng miàn	5575	an-ang,ian-iang,c-ch	1
生气	shēng qì	5576	en-eng,s-sh,j-q-x	1
协作	xié zuò	5577	ia-ie,ua-uo,z-zh,j-q-x	1
寻求	xún qiú	5578	j-q-x	1
解除	jiě chú	5579	ia-ie,c-ch,j-q-x	1
动态	dòng tài	5580	ai-ei	1
证实	zhèng shí	5581	en-eng,z-zh,s-sh	1
框架	kuàng jià	5583	uan-uang,ia-ie,j-q-x	1
灾害	zāi hài	5584	ai-ei,z-zh,h-f	1
走私	zǒu sī	5585	ao-ou,z-zh,s-sh	1
博客	bó kè	5586		1
着手	zhuó shǒu	5587	ao-ou,ua-uo,z-zh,s-sh	1
补偿	bǔ cháng	5588	an-ang,c-ch	1
判决	pàn jué	5589	an-ang,j-q-x	1
氛围	fēn wéi	5590	en-eng,ai-ei,h-f	1
会计	kuài jì	5591	j-q-x	1
首脑	shǒu nǎo	5592	ao-ou,s-sh,n-l	1
遗憾	yí hàn	5593	an-ang,h-f	1
促使	cù shǐ	5594	c-ch,s-sh	1
名义	míng yì	5595	in-ing	1
导演	dǎo yǎn	5596	an-ang,ao-ou	1
协助	xié zhù	5597	ia-ie,z-zh,j-q-x	1
报刊	bào kān	5598	an-ang,ao-ou	1
用人	yòng rén	5600	en-eng,r-l	1
到位	dào wèi	5601	ai-ei,ao-ou	1
抵达	dǐ dá	5602		1
迫切	pò qiè	5603	ia-ie,j-q-x	1
随即	suí jí	5604	s-sh,j-q-x	1
暴力	bào lì	5605	ao-ou,n-l,r-l	1
联盟	lián méng	5606	en-eng,ian-iang,n-l,r-l	1
防范	fáng fàn	5607	an-ang,h-f	1
侵犯	qīn fàn	5608	in-ing,an-ang,h-f,j-q-x	1
大师	dà shī	5609	s-sh	1
水利	shuǐ lì	5610	s-sh,n-l,r-l	1
高潮	gāo cháo	5611	ao-ou,c-ch	1
慰问	wèi wèn	5612	en-eng,ai-ei	1
证书	zhèng shū	5613	en-eng,z-zh,s-sh	1
封建	fēng jiàn	5614	en-eng,ian-iang,h-f,j-q-x	1
辐射	fú shè	5615	s-sh,h-f	1
过渡	guò dù	5616	ua-uo	1
定位	dìng wèi	5617	in-ing,ai-ei	1
认证	rèn zhèng	5618	en-eng,z-zh,r-l	1
一流	yī liú	5619	n-l,r-l	1
首相	shǒu xiàng	5620	ian-iang,ao-ou,s-sh,j-q-x	1
得知	dé zhī	5621	z-zh	1
处置	chǔ zhì	5622	z-zh,c-ch	1
医药	yī yào	5623	ao-ou	1
沉默	chén mò	5624	en-eng,c-ch	1
创办	chuàng bàn	5625	an-ang,uan-uang,c-ch	1
实质	shí zhì	5626	z-zh,s-sh	1
武警	wǔ jǐng	5627	in-ing,j-q-x	1
光辉	guāng huī	5628	uan-uang,h-f	1
当初	dāng chū	5629	an-ang,c-ch	1
发起	fā qǐ	5630	h-f,j-q-x	1
授予	shòu yǔ	5631	ao-ou,s-sh	1
力争	lì zhēng	5632	en-eng,z-zh,n-l,r-l	1
激发	jī fā	5634	h-f,j-q-x	1
遭遇	zāo yù	5635	ao-ou,z-zh	1
记载	jì zǎi	5637	ai-ei,z-zh,j-q-x	1
近期	jìn qī	5638	in-ing,j-q-x	1
许可	xǔ kě	5639	j-q-x	1
回顾	huí gù	5640	h-f	1
举报	jǔ bào	5641	ao-ou,j-q-x	1
形态	xíng tài	5642	in-ing,ai-ei,j-q-x	1
来访	lái fǎng	5643	an-ang,ai-ei,n-l,h-f,r-l	1
倡导	chàng dǎo	5644	an-ang,ao-ou,c-ch	1
拓展	tuò zhǎn	5645	an-ang,ua-uo,z-zh	1
诚信	chéng xìn	5646	en-eng,in-ing,c-ch,j-q-x	1
资助	zī zhù	5648	z-zh	1
干涉	gān shè	5649	an-ang,s-sh	1
难度	nán dù	5650	an-ang,n-l	1
上帝	Shàng dì	5651	an-ang,s-sh	1
身后	shēn hòu	5652	en-eng,ao-ou,s-sh,h-f	1
塑造	sù zào	5654	ao-ou,z-zh,s-sh	1
眼下	yǎn xià	5655	an-ang,ia-ie,j-q-x	1
建交	jiàn jiāo	5656	ian-iang,j-q-x	1
引领	yǐn lǐng	5657	in-ing,n-l,r-l	1
赞赏	zàn shǎng	5658	an-ang,z-zh,s-sh	1
文献	wén xiàn	5659	en-eng,ian-iang,j-q-x	1
讲究	jiǎng jiu	5660	ian-iang,j-q-x	1
消耗	xiāo hào	5661	ao-ou,h-f,j-q-x	1
代价	dài jià	5662	ai-ei,ia-ie,j-q-x	1
悲剧	bēi jù	5663	ai-ei,j-q-x	1
着力	zhuó lì	5664	ua-uo,z-zh,n-l,r-l	1
法庭	fǎ tíng	5665	in-ing,h-f	1
福利	fú lì	5666	n-l,h-f,r-l	1
盲目	máng mù	5667	an-ang	1
复兴	fù xīng	5668	in-ing,h-f,j-q-x	1
陪同	péi tóng	5669	ai-ei	1
征求	zhēng qiú	5670	en-eng,z-zh,j-q-x	1
任命	rèn mìng	5671	en-eng,in-ing,r-l	1
经典	jīng diǎn	5672	in-ing,ian-iang,j-q-x	1
制订	zhì dìng	5673	in-ing,z-zh	1
精品	jīng pǐn	5674	in-ing,j-q-x	1
凝聚	níng jù	5675	in-ing,n-l,j-q-x	1
限度	xiàn dù	5676	ian-iang,j-q-x	1
随意	suí yì	5677	s-sh	1
依旧	yī jiù	5678	j-q-x	1
诸多	zhū duō	5679	ua-uo,z-zh	1
暴露	bào lù	5680	ao-ou,n-l,r-l	1
上涨	shàng zhǎng	5681	an-ang,z-zh,s-sh	1
指定	zhǐ dìng	5682	in-ing,z-zh	1
潮流	cháo liú	5683	ao-ou,c-ch,n-l,r-l	1
足以	zú yǐ	5684	z-zh	1
垄断	lǒng duàn	5685	uan-uang,n-l,r-l	1
知名	zhī míng	5686	in-ing,z-zh	1
现行	xiàn xíng	5687	in-ing,ian-iang,j-q-x	1
扎实	zhā shi	5688	z-zh,s-sh	1
正义	zhèng yì	5689	en-eng,z-zh	1
时机	shí jī	5690	s-sh,j-q-x	1
敏感	mǐn gǎn	5691	in-ing,an-ang	1
排放	pái fàng	5692	an-ang,ai-ei,h-f	1
延伸	yán shēn	5693	en-eng,an-ang,s-sh	1
公顷	gōng qǐng	5694	in-ing,j-q-x	1
期限	qī xiàn	5695	ian-iang,j-q-x	1
缓解	huǎn jiě	5696	uan-uang,ia-ie,h-f,j-q-x	1
坚实	jiān shí	5697	ian-iang,s-sh,j-q-x	1
深厚	shēn hòu	5698	en-eng,ao-ou,s-sh,h-f	1
住宅	zhù zhái	5699	ai-ei,z-zh	1
视野	shì yě	5700	s-sh	1
功夫	gōng fu	5701	h-f	1
拖欠	tuō qiàn	5702	ian-iang,ua-uo,j-q-x	1
遗产	yí chǎn	5703	an-ang,c-ch	1
抬头	tái tóu	5704	ai-ei,ao-ou	1
逝世	shì shì	5705	s-sh	1
节能	jié néng	5706	en-eng,ia-ie,n-l,j-q-x	1
主观	zhǔ guān	5707	uan-uang,z-zh	1
气息	qì xī	5708	j-q-x	1
致力	zhì lì	5709	z-zh,n-l,r-l	1
不曾	bù céng	5710	en-eng,c-ch	1
看望	kàn wàng	5711	an-ang	1
揭示	jiē shì	5712	ia-ie,s-sh,j-q-x	1
提交	tí jiāo	5713	j-q-x	1
出售	chū shòu	5714	ao-ou,c-ch,s-sh	1
特定	tè dìng	5715	in-ing	1
产值	chǎn zhí	5716	an-ang,z-zh,c-ch	1
频繁	pín fán	5717	in-ing,an-ang,h-f	1
确认	què rèn	5718	en-eng,r-l,j-q-x	1
商务	shāng wù	5719	an-ang,s-sh	1
债务	zhài wù	5720	ai-ei,z-zh	1
后者	hòu zhě	5721	ao-ou,z-zh,h-f	1
申报	shēn bào	5722	en-eng,ao-ou,s-sh	1
农药	nóng yào	5723	ao-ou,n-l	1
周期	zhōu qī	5724	ao-ou,z-zh,j-q-x	1
依赖	yī lài	5725	ai-ei,n-l,r-l	1
监狱	jiān yù	5726	ian-iang,j-q-x	1
期望	qī wàng	5727	an-ang,j-q-x	1
流失	liú shī	5728	s-sh,n-l,r-l	1
开设	kāi shè	5729	ai-ei,s-sh	1
对付	duì fu	5730	h-f	1
原本	yuán běn	5731	en-eng,uan-uang	1
未必	wèi bì	5732	ai-ei	1
导向	dǎo xiàng	5733	ian-iang,ao-ou,j-q-x	1
感激	gǎn jī	5734	an-ang,j-q-x	1
抑制	yì zhì	5735	z-zh	1
无奈	wú nài	5736	ai-ei,n-l	1
高峰	gāo fēng	5737	en-eng,ao-ou,h-f	1
代理	dài lǐ	5739	ai-ei,n-l,r-l	1
公约	gōng yuē	5740		1
毒品	dú pǐn	5741	in-ing	1
违规	wéi guī	5742	ai-ei	1
充实	chōng shí	5743	c-ch,s-sh	1
拍摄	pāi shè	5744	ai-ei,s-sh	1
转换	zhuǎn huàn	5745	uan-uang,z-zh,h-f	1
大气	dà qì	5746	j-q-x	1
破产	pò chǎn	5747	an-ang,c-ch	1
传递	chuán dì	5748	uan-uang,c-ch	1
称赞	chēng zàn	5749	en-eng,an-ang,z-zh,c-ch	1
淘汰	táo tài	5750	ai-ei,ao-ou	1
干脆	gān cuì	5751	an-ang,c-ch	1
测量	cè liáng	5752	ian-iang,c-ch,n-l,r-l	1
干扰	gān rǎo	5753	an-ang,ao-ou,r-l	1
情报	qíng bào	5754	in-ing,ao-ou,j-q-x	1
诊断	zhěn duàn	5755	en-eng,uan-uang,z-zh	1
供给	gōng jǐ	5756	j-q-x	1
牢固	láo gù	5757	ao-ou,n-l,r-l	1
民俗	mín sú	5758	in-ing,s-sh	1
薄弱	bó ruò	5759	ua-uo,r-l	1
丝毫	sī háo	5760	ao-ou,s-sh,h-f	1
源头	yuán tóu	5761	uan-uang,ao-ou	1
转向	zhuǎn xiàng	5762	ian-iang,uan-uang,z-zh,j-q-x	1
聚集	jù jí	5763	j-q-x	1
支柱	zhī zhù	5764	z-zh	1
宏伟	hóng wěi	5765	ai-ei,h-f	1
贴近	tiē jìn	5766	in-ing,ia-ie,j-q-x	1
失误	shī wù	5767	s-sh	1
顽强	wán qiáng	5768	an-ang,ian-iang,j-q-x	1
勉强	miǎn qiǎng	5769	ian-iang,j-q-x	1
分歧	fēn qí	5770	en-eng,h-f,j-q-x	1
使馆	shǐ guǎn	5771	uan-uang,s-sh	1
恶化	è huà	5772	ua-uo,h-f	1
深远	shēn yuǎn	5773	en-eng,uan-uang,s-sh	1
活泼	huó pō	5774	ua-uo,h-f	1
司令	sī lìng	5775	in-ing,s-sh,n-l,r-l	1
融合	róng hé	5776	h-f,r-l	1
固然	gù rán	5777	an-ang,r-l	1
选民	xuǎn mín	5778	in-ing,uan-uang,j-q-x	1
防御	fáng yù	5779	an-ang,h-f	1
依托	yī tuō	5780	ua-uo	1
承办	chéng bàn	5782	en-eng,an-ang,c-ch	1
亏损	kuī sǔn	5783	s-sh	1
分明	fēn míng	5784	en-eng,in-ing,h-f	1
感慨	gǎn kǎi	5785	an-ang,ai-ei	1
隔离	gé lí	5786	n-l,r-l	1
调解	tiáo jiě	5787	ia-ie,j-q-x	1
心态	xīn tài	5788	in-ing,ai-ei,j-q-x	1
便利	biàn lì	5789	ian-iang,n-l,r-l	1
乡亲	xiāng qīn	5790	in-ing,ian-iang,j-q-x	1
留学	liú xué	5791	n-l,r-l,j-q-x	1
应对	yìng duì	5792	in-ing	1
华侨	huá qiáo	5793	ua-uo,h-f,j-q-x	1
细致	xì zhì	5794	z-zh,j-q-x	1
保健	bǎo jiàn	5795	ian-iang,ao-ou,j-q-x	1
化肥	huà féi	5796	ai-ei,ua-uo,h-f	1
模型	mó xíng	5797	in-ing,j-q-x	1
海域	hǎi yù	5798	ai-ei,h-f	1
建造	jiàn zào	5799	ian-iang,ao-ou,z-zh,j-q-x	1
开办	kāi bàn	5800	an-ang,ai-ei	1
渗透	shèn tòu	5801	en-eng,ao-ou,s-sh	1
观测	guān cè	5802	uan-uang,c-ch	1
维修	wéi xiū	5803	ai-ei,j-q-x	1
占据	zhàn jù	5804	an-ang,z-zh,j-q-x	1
出路	chū lù	5805	c-ch,n-l,r-l	1
辞职	cí zhí	5806	z-zh,c-ch	1
扩散	kuò sàn	5807	an-ang,ua-uo,s-sh	1
神情	shén qíng	5808	en-eng,in-ing,s-sh,j-q-x	1
回报	huí bào	5809	ao-ou,h-f	1
答复	dá fù	5810	h-f	1
大选	dà xuǎn	5811	uan-uang,j-q-x	1
人为	rén wéi	5812	en-eng,ai-ei,r-l	1
弱势	ruò shì	5813	ua-uo,s-sh,r-l	1
风气	fēng qì	5814	en-eng,h-f,j-q-x	1
细节	xì jié	5815	ia-ie,j-q-x	1
公益	gōng yì	5816		1
近代	jìn dài	5817	in-ing,ai-ei,j-q-x	1
能量	néng liàng	5818	en-eng,ian-iang,n-l,r-l	1
崭新	zhǎn xīn	5819	in-ing,an-ang,z-zh,j-q-x	1
学问	xué wen	5820	en-eng,j-q-x	1
共享	gòng xiǎng	5821	ian-iang,j-q-x	1
业余	yè yú	5822		1
干预	gān yù	5823	an-ang	1
开支	kāi zhī	5824	ai-ei,z-zh	1
伴随	bàn suí	5825	an-ang,s-sh	1
任用	rèn yòng	5826	en-eng,r-l	1
涌现	yǒng xiàn	5827	ian-iang,j-q-x	1
支配	zhī pèi	5828	ai-ei,z-zh	1
命名	mìng míng	5829	in-ing	1
直至	zhí zhì	5830	z-zh	1
燃料	rán liào	5831	an-ang,n-l,r-l	1
批发	pī fā	5832	h-f	1
地带	dì dài	5833	ai-ei	1
描述	miáo shù	5834	s-sh	1
反恐	fǎn kǒng	5835	an-ang,h-f	1
准则	zhǔn zé	5836	z-zh	1
载体	zài tǐ	5838	ai-ei,z-zh	1
收益	shōu yì	5839	ao-ou,s-sh	1
尊严	zūn yán	5840	an-ang,z-zh	1
湿地	shī dì	5841	s-sh	1
受益	shòu yì	5842	ao-ou,s-sh	1
讲座	jiǎng zuò	5843	ian-iang,ua-uo,z-zh,j-q-x	1
接收	jiē shōu	5844	ao-ou,ia-ie,s-sh,j-q-x	1
授权	shòu quán	5845	uan-uang,ao-ou,s-sh,j-q-x	1
景观	jǐng guān	5846	in-ing,uan-uang,j-q-x	1
劳务	láo wù	5847	ao-ou,n-l,r-l	1
应急	yìng jí	5848	in-ing,j-q-x	1
衡量	héng liáng	5849	en-eng,ian-iang,n-l,h-f,r-l	1
捐款	juān kuǎn	5850	uan-uang,j-q-x	1
指责	zhǐ zé	5851	z-zh	1
灌溉	guàn gài	5852	uan-uang,ai-ei	1
姿态	zī tài	5853	ai-ei,z-zh	1
恶劣	è liè	5854	ia-ie,n-l,r-l	1
层面	céng miàn	5855	en-eng,ian-iang,c-ch	1
反响	fǎn xiǎng	5856	an-ang,ian-iang,h-f,j-q-x	1
扩张	kuò zhāng	5857	an-ang,ua-uo,z-zh	1
废物	fèi wu	5858	ai-ei,h-f	1
入手	rù shǒu	5859	ao-ou,s-sh,r-l	1
拓宽	tuò kuān	5860	uan-uang,ua-uo	1
时节	shí jié	5861	ia-ie,s-sh,j-q-x	1
捐赠	juān zèng	5862	en-eng,uan-uang,z-zh,j-q-x	1
掀起	xiān qǐ	5863	ian-iang,j-q-x	1
贯穿	guàn chuān	5864	uan-uang,c-ch	1
生机	shēng jī	5865	en-eng,s-sh,j-q-x	1
焦点	jiāo diǎn	5866	ian-iang,j-q-x	1
挖掘	wā jué	5867	j-q-x	1
当场	dāng chǎng	5868	an-ang,c-ch	1
愤怒	fèn nù	5869	en-eng,n-l,h-f	1
人马	rén mǎ	5870	en-eng,r-l	1
预期	yù qī	5872	j-q-x	1
督促	dū cù	5873	c-ch	1
民意	mín yì	5874	in-ing	1
平稳	píng wěn	5875	en-eng,in-ing	1
缺陷	quē xiàn	5876	ian-iang,j-q-x	1
书法	shū fǎ	5877	s-sh,h-f	1
矿产	kuàng chǎn	5878	an-ang,uan-uang,c-ch	1
心思	xīn si	5879	in-ing,s-sh,j-q-x	1
获取	huò qǔ	5880	ua-uo,h-f,j-q-x	1
无非	wú fēi	5881	ai-ei,h-f	1
兴建	xīng jiàn	5882	in-ing,ian-iang,j-q-x	1
抗议	kàng yì	5883	an-ang	1
储备	chǔ bèi	5884	ai-ei,c-ch	1
作物	zuò wù	5885	ua-uo,z-zh	1
监控	jiān kòng	5886	ian-iang,j-q-x	1
零售	líng shòu	5887	in-ing,ao-ou,s-sh,n-l,r-l	1
好转	hǎo zhuǎn	5888	uan-uang,ao-ou,z-zh,h-f	1
争议	zhēng yì	5889	en-eng,z-zh	1
困境	kùn jìng	5890	in-ing,j-q-x	1
镜头	jìng tóu	5891	in-ing,ao-ou,j-q-x	1
后勤	hòu qín	5892	in-ing,ao-ou,h-f,j-q-x	1
领会	lǐng huì	5893	in-ing,n-l,h-f,r-l	1
物流	wù liú	5894	n-l,r-l	1
拆迁	chāi qiān	5895	ian-iang,ai-ei,c-ch,j-q-x	1
安定	ān dìng	5896	in-ing,an-ang	1
对策	duì cè	5897	c-ch	1
联络	lián luò	5898	ian-iang,ua-uo,n-l,r-l	1
志愿	zhì yuàn	5899	uan-uang,z-zh	1
乐观	lè guān	5900	uan-uang,n-l,r-l	1
逮捕	dài bǔ	5901	ai-ei	1
海拔	hǎi bá	5902	ai-ei,h-f	1
特性	tè xìng	5903	in-ing,j-q-x	1
小型	xiǎo xíng	5904	in-ing,j-q-x	1
响应	xiǎng yìng	5905	in-ing,ian-iang,j-q-x	1
尴尬	gān gà	5906	an-ang	1
策略	cè lüè	5907	c-ch,n-l,r-l	1
时尚	shí shàng	5908	an-ang,s-sh	1
增添	zēng tiān	5909	en-eng,ian-iang,z-zh	1
主流	zhǔ liú	5910	z-zh,n-l,r-l	1
抵抗	dǐ kàng	5912	an-ang	1
化解	huà jiě	5913	ia-ie,ua-uo,h-f,j-q-x	1
地域	dì yù	5914		1
反动	fǎn dòng	5915	an-ang,h-f	1
传达	chuán dá	5917	uan-uang,c-ch	1
拍卖	pāi mài	5918	ai-ei	1
会同	huì tóng	5919	h-f	1
起草	qǐ cǎo	5920	ao-ou,c-ch,j-q-x	1
消毒	xiāo dú	5921	j-q-x	1
模拟	mó nǐ	5922	n-l	1
事先	shì xiān	5923	ian-iang,s-sh,j-q-x	1
是非	shì fēi	5924	ai-ei,s-sh,h-f	1
意愿	yì yuàn	5925	uan-uang	1
思索	sī suǒ	5926	ua-uo,s-sh	1
蔓延	màn yán	5927	an-ang	1
阻碍	zǔ ài	5928	ai-ei,z-zh	1
终身	zhōng shēn	5929	en-eng,z-zh,s-sh	1
民心	mín xīn	5930	in-ing,j-q-x	1
跨越	kuà yuè	5931	ua-uo	1
沙龙	shā lóng	5932	s-sh,n-l,r-l	1
配备	pèi bèi	5933	ai-ei	1
助理	zhù lǐ	5934	z-zh,n-l,r-l	1
行列	háng liè	5935	an-ang,ia-ie,n-l,h-f,r-l	1
战术	zhàn shù	5936	an-ang,z-zh,s-sh	1
救援	jiù yuán	5937	uan-uang,j-q-x	1
手法	shǒu fǎ	5938	ao-ou,s-sh,h-f	1
何况	hé kuàng	5939	uan-uang,h-f	1
装饰	zhuāng shì	5940	uan-uang,z-zh,s-sh	1
运转	yùn zhuǎn	5941	uan-uang,z-zh	1
主力	zhǔ lì	5942	z-zh,n-l,r-l	1
造就	zào jiù	5943	ao-ou,z-zh,j-q-x	1
元首	yuán shǒu	5944	uan-uang,ao-ou,s-sh	1
世人	shì rén	5945	en-eng,s-sh,r-l	1
发掘	fā jué	5946	h-f,j-q-x	1
阶层	jiē céng	5947	en-eng,ia-ie,c-ch,j-q-x	1
座谈	zuò tán	5948	an-ang,ua-uo,z-zh	1
回避	huí bì	5949	h-f	1
曲折	qū zhé	5950	z-zh,j-q-x	1
担负	dān fù	5951	an-ang,h-f	1
同类	tóng lèi	5952	ai-ei,n-l,r-l	1
试图	shì tú	5953	s-sh	1
蓬勃	péng bó	5954	en-eng	1
助学	zhù xué	5955	z-zh,j-q-x	1
片刻	piàn kè	5956	ian-iang	1
务实	wù shí	5957	s-sh	1
战役	zhàn yì	5958	an-ang,z-zh	1
影视	yǐng shì	5959	in-ing,s-sh	1
上岗	shàng gǎng	5960	an-ang,s-sh	1
报复	bào fù	5961	ao-ou,h-f	1
身影	shēn yǐng	5962	en-eng,in-ing,s-sh	1
忠诚	zhōng chéng	5963	en-eng,z-zh,c-ch	1
滋味	zī wèi	5964	ai-ei,z-zh	1
再生	zài shēng	5965	en-eng,ai-ei,z-zh,s-sh	1
恐惧	kǒng jù	5966	j-q-x	1
成人	chéng rén	5967	en-eng,c-ch,r-l	1
装修	zhuāng xiū	5968	uan-uang,z-zh,j-q-x	1
携带	xié dài	5969	ai-ei,ia-ie,j-q-x	1
加紧	jiā jǐn	5970	in-ing,ia-ie,j-q-x	1
缘故	yuán gù	5971	uan-uang	1
应付	yìng fu	5972	in-ing,h-f	1
仪器	yí qì	5973	j-q-x	1
违背	wéi bèi	5974	ai-ei	1
先锋	xiān fēng	5975	en-eng,ian-iang,h-f,j-q-x	1
物价	wù jià	5976	ia-ie,j-q-x	1
原先	yuán xiān	5977	ian-iang,uan-uang,j-q-x	1
空前	kōng qián	5978	ian-iang,j-q-x	1
游行	yóu xíng	5979	in-ing,ao-ou,j-q-x	1
不觉	bù jué	5980	j-q-x	1
公认	gōng rèn	5981	en-eng,r-l	1
描绘	miáo huì	5982	h-f	1
开采	kāi cǎi	5983	ai-ei,c-ch	1
取代	qǔ dài	5984	ai-ei,j-q-x	1
表决	biǎo jué	5985	j-q-x	1
线索	xiàn suǒ	5986	ian-iang,ua-uo,s-sh,j-q-x	1
名誉	míng yù	5987	in-ing	1
侦查	zhēn chá	5988	en-eng,z-zh,c-ch	1
加剧	jiā jù	5989	ia-ie,j-q-x	1
历来	lì lái	5990	ai-ei,n-l,r-l	1
抓获	zhuā huò	5991	ua-uo,z-zh,h-f	1
面子	miàn zi	5992	ian-iang,z-zh	1
判处	pàn chǔ	5993	an-ang,c-ch	1
人性	rén xìng	5994	en-eng,in-ing,r-l,j-q-x	1
变动	biàn dòng	5995	ian-iang	1
前者	qián zhě	5996	ian-iang,z-zh,j-q-x	1
事后	shì hòu	5997	ao-ou,s-sh,h-f	1
况且	kuàng qiě	5998	uan-uang,ia-ie,j-q-x	1
念头	niàn tou	5999	ian-iang,ao-ou,n-l	1
储蓄	chǔ xù	6000	c-ch,j-q-x	1
病情	bìng qíng	6001	in-ing,j-q-x	1
刊物	kān wù	6002	an-ang	1
收支	shōu zhī	6003	ao-ou,z-zh,s-sh	1
水源	shuǐ yuán	6004	uan-uang,s-sh	1
吩咐	fēn fù	6005	en-eng,h-f	1
被迫	bèi pò	6007	ai-ei	1
接连	jiē lián	6008	ian-iang,ia-ie,n-l,r-l,j-q-x	1
未免	wèi miǎn	6009	ian-iang,ai-ei	1
衷心	zhōng xīn	6010	in-ing,z-zh,j-q-x	1
持久	chí jiǔ	6011	c-ch,j-q-x	1
起义	qǐ yì	6012	j-q-x	1
侵害	qīn hài	6013	in-ing,ai-ei,h-f,j-q-x	1
文人	wén rén	6014	en-eng,r-l	1
严密	yán mì	6015	an-ang	1
扮演	bàn yǎn	6016	an-ang	1
赞扬	zàn yáng	6017	an-ang,z-zh	1
举动	jǔ dòng	6018	j-q-x	1
无从	wú cóng	6019	c-ch	1
分解	fēn jiě	6020	en-eng,ia-ie,h-f,j-q-x	1
适宜	shì yí	6021	s-sh	1
前沿	qián yán	6022	an-ang,ian-iang,j-q-x	1
化石	huà shí	6023	ua-uo,s-sh,h-f	1
申办	shēn bàn	6024	en-eng,an-ang,s-sh	1
转达	zhuǎn dá	6025	uan-uang,z-zh	1
光彩	guāng cǎi	6026	uan-uang,ai-ei,c-ch	1
账户	zhàng hù	6027	an-ang,z-zh,h-f	1
元素	yuán sù	6028	uan-uang,s-sh	1
召集	zhào jí	6029	ao-ou,z-zh,j-q-x	1
无偿	wú cháng	6030	an-ang,c-ch	1
深切	shēn qiè	6031	en-eng,ia-ie,s-sh,j-q-x	1
花卉	huā huì	6032	ua-uo,h-f	1
移植	yí zhí	6033	z-zh	1
风貌	fēng mào	6034	en-eng,ao-ou,h-f	1
即便	jí biàn	6035	ian-iang,j-q-x	1
倾听	qīng tīng	6036	in-ing,j-q-x	1
轻易	qīng yì	6037	in-ing,j-q-x	1
偶尔	ǒu ěr	6038	ao-ou	1
叹息	tàn xī	6039	an-ang,j-q-x	1
悲哀	bēi āi	6040	ai-ei	1
报酬	bào chou	6041	ao-ou,c-ch	1
网吧	wǎng bā	6042	an-ang	1
官方	guān fāng	6043	an-ang,uan-uang,h-f	1
容量	róng liàng	6044	ian-iang,n-l,r-l	1
利息	lì xī	6045	n-l,r-l,j-q-x	1
规章	guī zhāng	6046	an-ang,z-zh	1
不妨	bù fáng	6047	an-ang,h-f	1
包袱	bāo fu	6048	ao-ou,h-f	1
明明	míng míng	6049	in-ing	1
特意	tè yì	6050		1
不宜	bù yí	6051		1
人选	rén xuǎn	6052	en-eng,uan-uang,r-l,j-q-x	1
疯狂	fēng kuáng	6053	en-eng,uan-uang,h-f	1
突发	tū fā	6054	h-f	1
大致	dà zhì	6055	z-zh	1
犹如	yóu rú	6056	ao-ou,r-l	1
当下	dāng xià	6057	an-ang,ia-ie,j-q-x	1
抵制	dǐ zhì	6058	z-zh	1
真情	zhēn qíng	6059	en-eng,in-ing,z-zh,j-q-x	1
倡议	chàng yì	6060	an-ang,c-ch	1
风采	fēng cǎi	6061	en-eng,ai-ei,c-ch,h-f	1
贪污	tān wū	6062	an-ang	1
外界	wài jiè	6063	ai-ei,ia-ie,j-q-x	1
力求	lì qiú	6064	n-l,r-l,j-q-x	1
常规	cháng guī	6065	an-ang,c-ch	1
震惊	zhèn jīng	6067	en-eng,in-ing,z-zh,j-q-x	1
密度	mì dù	6068		1
揭露	jiē lù	6069	ia-ie,n-l,r-l,j-q-x	1
边缘	biān yuán	6070	ian-iang,uan-uang	1
万一	wàn yī	6071	an-ang	1
隧道	suì dào	6072	ao-ou,s-sh	1
关切	guān qiè	6073	uan-uang,ia-ie,j-q-x	1
京城	jīng chéng	6074	en-eng,in-ing,c-ch,j-q-x	1
倾斜	qīng xié	6075	in-ing,ia-ie,j-q-x	1
忠实	zhōng shí	6076	z-zh,s-sh	1
进取	jìn qǔ	6077	in-ing,j-q-x	1
浓厚	nóng hòu	6078	ao-ou,n-l,h-f	1
要紧	yào jǐn	6079	in-ing,ao-ou,j-q-x	1
级别	jí bié	6080	ia-ie,j-q-x	1
任职	rèn zhí	6081	en-eng,z-zh,r-l	1
刑法	xíng fǎ	6082	in-ing,h-f,j-q-x	1
做人	zuò rén	6083	en-eng,ua-uo,z-zh,r-l	1
份额	fèn é	6084	en-eng,h-f	1
逐年	zhú nián	6085	ian-iang,z-zh,n-l	1
来往	lái wǎng	6086	an-ang,ai-ei,n-l,r-l	1
印刷	yìn shuā	6087	in-ing,ua-uo,s-sh	1
潜在	qián zài	6088	ian-iang,ai-ei,z-zh,j-q-x	1
例外	lì wài	6089	ai-ei,n-l,r-l	1
达标	dá biāo	6090		1
仍旧	réng jiù	6091	en-eng,r-l,j-q-x	1
务工	wù gōng	6092		1
啤酒	pí jiǔ	6093	j-q-x	1
惩罚	chéng fá	6094	en-eng,c-ch,h-f	1
见解	jiàn jiě	6095	ian-iang,ia-ie,j-q-x	1
生涯	shēng yá	6096	en-eng,s-sh	1
弥补	mí bǔ	6097		1
合成	hé chéng	6098	en-eng,c-ch,h-f	1
无聊	wú liáo	6099	n-l,r-l	1
凭借	píng jiè	6100	in-ing,ia-ie,j-q-x	1
集会	jí huì	6101	h-f,j-q-x	1
认同	rèn tóng	6102	en-eng,r-l	1
果断	guǒ duàn	6103	uan-uang,ua-uo	1
生前	shēng qián	6104	en-eng,ian-iang,s-sh,j-q-x	1
尖锐	jiān ruì	6105	ian-iang,r-l,j-q-x	1
神气	shén qì	6106	en-eng,s-sh,j-q-x	1
编写	biān xiě	6107	ian-iang,ia-ie,j-q-x	1
瞬间	shùn jiān	6108	ian-iang,s-sh,j-q-x	1
诱惑	yòu huò	6109	ao-ou,ua-uo,h-f	1
造福	zào fú	6110	ao-ou,z-zh,h-f	1
起码	qǐ mǎ	6111	j-q-x	1
提议	tí yì	6112		1
绝望	jué wàng	6113	an-ang,j-q-x	1
赌博	dǔ bó	6114		1
上台	shàng tái	6115	an-ang,ai-ei,s-sh	1
在场	zài chǎng	6116	an-ang,ai-ei,z-zh,c-ch	1
植被	zhí bèi	6117	ai-ei,z-zh	1
行驶	xíng shǐ	6118	in-ing,s-sh,j-q-x	1
完毕	wán bì	6119	an-ang	1
减免	jiǎn miǎn	6120	ian-iang,j-q-x	1
复苏	fù sū	6121	s-sh,h-f	1
修复	xiū fù	6122	h-f,j-q-x	1
繁殖	fán zhí	6123	an-ang,z-zh,h-f	1
赞同	zàn tóng	6124	an-ang,z-zh	1
畅通	chàng tōng	6125	an-ang,c-ch	1
挑选	tiāo xuǎn	6126	uan-uang,j-q-x	1
缴纳	jiǎo nà	6127	n-l,j-q-x	1
田径	tián jìng	6128	in-ing,ian-iang,j-q-x	1
应邀	yìng yāo	6129	in-ing,ao-ou	1
残酷	cán kù	6131	an-ang,c-ch	1
良种	liáng zhǒng	6132	ian-iang,z-zh,n-l,r-l	1
动机	dòng jī	6133	j-q-x	1
实地	shí dì	6134	s-sh	1
譬如	pì rú	6135	r-l	1
和谈	hé tán	6136	an-ang,h-f	1
品格	pǐn gé	6137	in-ing	1
传输	chuán shū	6138	uan-uang,c-ch,s-sh	1
后人	hòu rén	6139	en-eng,ao-ou,h-f,r-l	1
净化	jìng huà	6140	in-ing,ua-uo,h-f,j-q-x	1
栽培	zāi péi	6141	ai-ei,z-zh	1
再现	zài xiàn	6142	ian-iang,ai-ei,z-zh,j-q-x	1
适时	shì shí	6143	s-sh	1
限期	xiàn qī	6144	ian-iang,j-q-x	1
较量	jiào liàng	6145	ian-iang,n-l,r-l,j-q-x	1
造型	zào xíng	6146	in-ing,ao-ou,z-zh,j-q-x	1
不惜	bù xī	6147	j-q-x	1
舒适	shū shì	6148	s-sh	1
现任	xiàn rèn	6149	en-eng,ian-iang,r-l,j-q-x	1
录取	lù qǔ	6150	n-l,r-l,j-q-x	1
护理	hù lǐ	6151	n-l,h-f,r-l	1
痕迹	hén jì	6152	en-eng,h-f,j-q-x	1
言论	yán lùn	6153	an-ang,n-l,r-l	1
拆除	chāi chú	6154	ai-ei,c-ch	1
务必	wù bì	6155		1
延续	yán xù	6156	an-ang,j-q-x	1
尤为	yóu wéi	6157	ai-ei,ao-ou	1
折磨	zhé mó	6158	z-zh	1
宣告	xuān gào	6159	uan-uang,ao-ou,j-q-x	1
进度	jìn dù	6160	in-ing,j-q-x	1
根源	gēn yuán	6161	en-eng,uan-uang	1
和解	hé jiě	6162	ia-ie,h-f,j-q-x	1
冲动	chōng dòng	6163	c-ch	1
演变	yǎn biàn	6164	an-ang,ian-iang	1
热潮	rè cháo	6165	ao-ou,c-ch,r-l	1
困扰	kùn rǎo	6166	ao-ou,r-l	1
封锁	fēng suǒ	6167	en-eng,ua-uo,s-sh,h-f	1
以致	yǐ zhì	6168	z-zh	1
抢险	qiǎng xiǎn	6169	ian-iang,j-q-x	1
频率	pín lǜ	6170	in-ing,n-l,r-l	1
前线	qián xiàn	6171	ian-iang,j-q-x	1
进军	jìn jūn	6172	in-ing,j-q-x	1
数额	shù é	6173	s-sh	1
职位	zhí wèi	6174	ai-ei,z-zh	1
查询	chá xún	6175	c-ch,j-q-x	1
犹豫	yóu yù	6176	ao-ou	1
人情	rén qíng	6177	en-eng,in-ing,r-l,j-q-x	1
康复	kāng fù	6178	an-ang,h-f	1
疫苗	yì miáo	6179		1
谈论	tán lùn	6180	an-ang,n-l,r-l	1
团伙	tuán huǒ	6181	uan-uang,ua-uo,h-f	1
巡逻	xún luó	6182	ua-uo,n-l,r-l,j-q-x	1
抢劫	qiǎng jié	6183	ian-iang,ia-ie,j-q-x	1
试行	shì xíng	6184	in-ing,s-sh,j-q-x	1
反思	fǎn sī	6185	an-ang,s-sh,h-f	1
地步	dì bù	6186		1
谨慎	jǐn shèn	6187	en-eng,in-ing,s-sh,j-q-x	1
首长	shǒu zhǎng	6188	an-ang,ao-ou,z-zh,s-sh	1
搬迁	bān qiān	6189	an-ang,ian-iang,j-q-x	1
供求	gōng qiú	6190	j-q-x	1
屏幕	píng mù	6192	in-ing	1
出动	chū dòng	6193	c-ch	1
显现	xiǎn xiàn	6194	ian-iang,j-q-x	1
而后	ér hòu	6195	ao-ou,h-f	1
假若	jiǎ ruò	6196	ia-ie,ua-uo,r-l,j-q-x	1
索性	suǒ xìng	6197	in-ing,ua-uo,s-sh,j-q-x	1
紧迫	jǐn pò	6198	in-ing,j-q-x	1
觉悟	jué wù	6199	j-q-x	1
无意	wú yì	6200		1
妨碍	fán gài	6201	an-ang,ai-ei,h-f	1
暗中	àn zhōng	6202	an-ang,z-zh	1
参谋	cān móu	6203	an-ang,ao-ou,c-ch	1
从容	cóng róng	6204	c-ch,r-l	1
点评	diǎn píng	6205	in-ing,ian-iang	1
死刑	sǐ xíng	6206	in-ing,s-sh,j-q-x	1
豪华	háo huá	6207	ao-ou,ua-uo,h-f	1
温饱	wēn bǎo	6209	en-eng,ao-ou	1
指引	zhǐ yǐn	6210	in-ing,z-zh	1
缓和	huǎn hé	6211	uan-uang,h-f	1
反馈	fǎn kuì	6212	an-ang,h-f	1
开阔	kāi kuò	6213	ai-ei,ua-uo	1
粉碎	fěn suì	6214	en-eng,s-sh,h-f	1
抱怨	bào yuàn	6215	uan-uang,ao-ou	1
歧视	qí shì	6216	s-sh,j-q-x	1
下达	xià dá	6217	ia-ie,j-q-x	1
天文	tiān wén	6218	en-eng,ian-iang	1
罕见	hǎn jiàn	6219	an-ang,ian-iang,h-f,j-q-x	1
激光	jī guāng	6220	uan-uang,j-q-x	1
飞跃	fēi yuè	6221	ai-ei,h-f	1
向来	xiàng lái	6222	ian-iang,ai-ei,n-l,r-l,j-q-x	1
扭转	niǔ zhuǎn	6223	uan-uang,z-zh,n-l	1
郑重	zhèng zhòng	6224	en-eng,z-zh	1
忙碌	máng lù	6225	an-ang,n-l,r-l	1
盗版	dào bǎn	6226	an-ang,ao-ou	1
次日	cì rì	6227	c-ch,r-l	1
推翻	tuī fān	6228	an-ang,h-f	1
颁奖	bān jiǎng	6229	an-ang,ian-iang,j-q-x	1
先前	xiān qián	6230	ian-iang,j-q-x	1
颤抖	chàn dǒu	6231	an-ang,ao-ou,c-ch	1
公示	gōng shì	6232	s-sh	1
贵族	guì zú	6233	z-zh	1
正气	zhèng qì	6234	en-eng,z-zh,j-q-x	1
武力	wǔ lì	6235	n-l,r-l	1
交代	jiāo dài	6236	ai-ei,j-q-x	1
脆弱	cuì ruò	6237	ua-uo,c-ch,r-l	1
出任	chū rèn	6238	en-eng,c-ch,r-l	1
美化	měi huà	6239	ai-ei,ua-uo,h-f	1
变更	biàn gēng	6240	en-eng,ian-iang	1
分量	fèn liàng	6242	en-eng,ian-iang,n-l,h-f,r-l	1
克隆	kè lóng	6244	n-l,r-l	1
评审	píng shěn	6245	en-eng,in-ing,s-sh	1
上演	shàng yǎn	6246	an-ang,s-sh	1
接轨	jiē guǐ	6247	ia-ie,j-q-x	1
神色	shén sè	6248	en-eng,s-sh	1
问世	wèn shì	6249	en-eng,s-sh	1
陶瓷	táo cí	6250	ao-ou,c-ch	1
生育	shēng yù	6251	en-eng,s-sh	1
踊跃	yǒng yuè	6252		1
膨胀	péng zhàng	6253	en-eng,an-ang,z-zh	1
上任	shàng rèn	6254	en-eng,an-ang,s-sh,r-l	1
往年	wǎng nián	6255	an-ang,ian-iang,n-l	1
征文	zhēng wén	6256	en-eng,z-zh	1
介入	jiè rù	6258	ia-ie,r-l,j-q-x	1
打量	dǎ liang	6259	ian-iang,n-l,r-l	1
嘱咐	zhǔ fù	6260	z-zh,h-f	1
反倒	fǎn dào	6261	an-ang,ao-ou,h-f	1
赞助	zàn zhù	6262	an-ang,z-zh	1
识别	shí bié	6263	ia-ie,s-sh	1
时而	shí ér	6264	s-sh	1
大棚	dà péng	6265	en-eng	1
担忧	dān yōu	6266	an-ang,ao-ou	1
物业	wù yè	6267		1
定点	dìng diǎn	6268	in-ing,ian-iang	1
救济	jiù jì	6269	j-q-x	1
示威	shì wēi	6270	ai-ei,s-sh	1
挫折	cuò zhé	6271	ua-uo,z-zh,c-ch	1
为难	wéi nán	6272	an-ang,ai-ei,n-l	1
剥削	bō xuē	6273	j-q-x	1
互补	hù bǔ	6274	h-f	1
漏洞	lòu dòng	6275	ao-ou,n-l,r-l	1
探测	tàn cè	6276	an-ang,c-ch	1
纽带	niǔ dài	6277	ai-ei,n-l	1
负面	fù miàn	6278	ian-iang,h-f	1
征服	zhēng fú	6279	en-eng,z-zh,h-f	1
竞技	jìng jì	6280	in-ing,j-q-x	1
迈进	mài jìn	6281	in-ing,ai-ei,j-q-x	1
简化	jiǎn huà	6282	ian-iang,ua-uo,h-f,j-q-x	1
牲畜	shēng chù	6283	en-eng,c-ch,s-sh	1
耽误	dān wu	6284	an-ang	1
宴会	yàn huì	6285	an-ang,h-f	1
自在	zì zai	6286	ai-ei,z-zh	1
顺应	shùn yìng	6287	in-ing,s-sh	1
展望	zhǎn wàng	6288	an-ang,z-zh	1
传授	chuán shòu	6289	uan-uang,ao-ou,c-ch,s-sh	1
兵力	bīng lì	6290	in-ing,n-l,r-l	1
昼夜	zhòu yè	6291	ao-ou,z-zh	1
保守	bǎo shǒu	6292	ao-ou,s-sh	1
夺冠	duó guàn	6293	uan-uang,ua-uo	1
贺电	hè diàn	6294	ian-iang,h-f	1
亿万	yì wàn	6295	an-ang	1
河道	hé dào	6296	ao-ou,h-f	1
纤维	xiān wéi	6297	ian-iang,ai-ei,j-q-x	1
罪行	zuì xíng	6298	in-ing,z-zh,j-q-x	1
物种	wù zhǒng	6299	z-zh	1
感叹	gǎn tàn	6300	an-ang	1
逃避	táo bì	6301	ao-ou	1
掌柜	zhǎng guì	6302	an-ang,z-zh	1
移交	yí jiāo	6303	j-q-x	1
华丽	huá lì	6304	ua-uo,n-l,h-f,r-l	1
安宁	ān níng	6305	in-ing,an-ang,n-l	1
盈利	yíng lì	6306	in-ing,n-l,r-l	1
警示	jǐng shì	6307	in-ing,s-sh,j-q-x	1
回升	huí shēng	6308	en-eng,s-sh,h-f	1
分割	fēn gē	6309	en-eng,h-f	1
不忍	bù rěn	6311	en-eng,r-l	1
强行	qiáng xíng	6312	in-ing,ian-iang,j-q-x	1
改编	gǎi biān	6313	ian-iang,ai-ei	1
阴谋	yīn móu	6314	in-ing,ao-ou	1
寿命	shòu mìng	6315	in-ing,ao-ou,s-sh	1
历经	lì jīng	6316	in-ing,n-l,r-l,j-q-x	1
热带	rè dài	6317	ai-ei,r-l	1
极力	jí lì	6318	n-l,r-l,j-q-x	1
巨额	jù é	6319	j-q-x	1
短暂	duǎn zàn	6320	an-ang,uan-uang,z-zh	1
盛会	shèng huì	6321	en-eng,s-sh,h-f	1
轰炸	hōng zhà	6322	z-zh,h-f	1
遗留	yí liú	6323	n-l,r-l	1
水准	shuǐ zhǔn	6324	z-zh,s-sh	1
婚礼	hūn lǐ	6325	n-l,h-f,r-l	1
繁重	fán zhòng	6326	an-ang,z-zh,h-f	1
风暴	fēng bào	6327	en-eng,ao-ou,h-f	1
讽刺	fěng cì	6328	en-eng,c-ch,h-f	1
本能	běn néng	6329	en-eng,n-l	1
流露	liú lù	6330	n-l,r-l	1
增值	zēng zhí	6331	en-eng,z-zh	1
起源	qǐ yuán	6332	uan-uang,j-q-x	1
教会	jiào huì	6333	h-f,j-q-x	1
名词	míng cí	6334	in-ing,c-ch	1
公款	gōng kuǎn	6335	uan-uang	1
分化	fēn huà	6336	en-eng,ua-uo,h-f	1
导师	dǎo shī	6337	ao-ou,s-sh	1
孤立	gū lì	6338	n-l,r-l	1
双向	shuāng xiàng	6340	ian-iang,uan-uang,s-sh,j-q-x	1
地形	dì xíng	6341	in-ing,j-q-x	1
局限	jú xiàn	6342	ian-iang,j-q-x	1
签约	qiān yuē	6343	ian-iang,j-q-x	1
惩治	chéng zhì	6344	en-eng,z-zh,c-ch	1
浓度	nóng dù	6345	n-l	1
连锁	lián suǒ	6346	ian-iang,ua-uo,s-sh,n-l,r-l	1
竭力	jié lì	6347	ia-ie,n-l,r-l,j-q-x	1
临近	lín jìn	6348	in-ing,n-l,r-l,j-q-x	1
专程	zhuān chéng	6349	en-eng,uan-uang,z-zh,c-ch	1
将领	jiàng lǐng	6350	in-ing,ian-iang,n-l,r-l,j-q-x	1
肿瘤	zhǒng liú	6351	z-zh,n-l,r-l	1
密集	mì jí	6352	j-q-x	1
规格	guī gé	6353		1
冷笑	lěng xiào	6354	en-eng,n-l,r-l,j-q-x	1
提名	tí míng	6355	in-ing	1
传真	chuán zhēn	6356	en-eng,uan-uang,z-zh,c-ch	1
公务	gōng wù	6357		1
社团	shè tuán	6358	uan-uang,s-sh	1
输送	shū sòng	6359	s-sh	1
阵容	zhèn róng	6360	en-eng,z-zh,r-l	1
声称	shēng chēng	6361	en-eng,c-ch,s-sh	1
势必	shì bì	6362	s-sh	1
救治	jiù zhì	6363	z-zh,j-q-x	1
外科	wài kē	6364	ai-ei	1
同等	tóng děng	6365	en-eng	1
改良	gǎi liáng	6366	ian-iang,ai-ei,n-l,r-l	1
帐篷	zhàng peng	6367	en-eng,an-ang,z-zh	1
越发	yuè fā	6368	h-f	1
硬件	yìng jiàn	6369	in-ing,ian-iang,j-q-x	1
信赖	xìn lài	6370	in-ing,ai-ei,n-l,r-l,j-q-x	1
沉思	chén sī	6371	en-eng,c-ch,s-sh	1
更换	gēng huàn	6372	en-eng,uan-uang,h-f	1
削弱	xuē ruò	6373	ua-uo,r-l,j-q-x	1
依次	yī cì	6374	c-ch	1
告知	gào zhī	6375	ao-ou,z-zh	1
联网	lián wǎng	6376	an-ang,ian-iang,n-l,r-l	1
民用	mín yòng	6377	in-ing	1
辅助	fǔ zhù	6378	z-zh,h-f	1
与其	yǔ qí	6379	j-q-x	1
温馨	wēn xīn	6380	en-eng,in-ing,j-q-x	1
都会	dū huì	6381	h-f	1
性命	xìng mìng	6382	in-ing,j-q-x	1
手下	shǒu xià	6383	ao-ou,ia-ie,s-sh,j-q-x	1
视线	shì xiàn	6384	ian-iang,s-sh,j-q-x	1
削减	xuē jiǎn	6385	ian-iang,j-q-x	1
剧场	jù chǎng	6386	an-ang,c-ch,j-q-x	1
将近	jiāng jìn	6387	in-ing,ian-iang,j-q-x	1
高档	gāo dàng	6388	an-ang,ao-ou	1
摸索	mō suǒ	6389	ua-uo,s-sh	1
猛然	měng rán	6390	en-eng,an-ang,r-l	1
歹徒	dǎi tú	6391	ai-ei	1
构造	gòu zào	6392	ao-ou,z-zh	1
挽救	wǎn jiù	6393	an-ang,j-q-x	1
悬挂	xuán guà	6394	uan-uang,ua-uo,j-q-x	1
扰乱	rǎo luàn	6395	uan-uang,ao-ou,n-l,r-l	1
军营	jūn yíng	6396	in-ing,j-q-x	1
精确	jīng què	6397	in-ing,j-q-x	1
下跌	xià diē	6398	ia-ie,j-q-x	1
场景	chǎng jǐng	6399	in-ing,an-ang,c-ch,j-q-x	1
接见	jiē jiàn	6400	ian-iang,ia-ie,j-q-x	1
笼罩	lǒng zhào	6401	ao-ou,z-zh,n-l,r-l	1
备战	bèi zhàn	6402	an-ang,ai-ei,z-zh	1
气势	qì shì	6403	s-sh,j-q-x	1
表态	biǎo tài	6404	ai-ei	1
销毁	xiāo huǐ	6405	h-f,j-q-x	1
情愿	qíng yuàn	6406	in-ing,uan-uang,j-q-x	1
档次	dàng cì	6407	an-ang,c-ch	1
困惑	kùn huò	6409	ua-uo,h-f	1
弥漫	mí màn	6410	an-ang	1
免得	miǎn de	6411	ian-iang	1
雄厚	xióng hòu	6412	ao-ou,h-f,j-q-x	1
官司	guān si	6413	uan-uang,s-sh	1
许久	xǔ jiǔ	6414	j-q-x	1
立体	lì tǐ	6415	n-l,r-l	1
诚恳	chéng kěn	6416	en-eng,c-ch	1
商议	shāng yì	6417	an-ang,s-sh	1
序幕	xù mù	6418	j-q-x	1
分享	fēn xiǎng	6419	en-eng,ian-iang,h-f,j-q-x	1
服饰	fú shì	6420	s-sh,h-f	1
气质	qì zhì	6421	z-zh,j-q-x	1
限于	xiàn yú	6422	ian-iang,j-q-x	1
以免	yǐ miǎn	6423	ian-iang	1
充当	chōng dāng	6424	an-ang,c-ch	1
排斥	pái chì	6425	ai-ei,c-ch	1
剧院	jù yuàn	6426	uan-uang,j-q-x	1
均衡	jūn héng	6427	en-eng,h-f,j-q-x	1
动静	dòng jing	6428	in-ing,j-q-x	1
震撼	zhèn hàn	6429	en-eng,an-ang,z-zh,h-f	1
出访	chū fǎng	6430	an-ang,c-ch,h-f	1
疲倦	pí juàn	6431	uan-uang,j-q-x	1
慎重	shèn zhòng	6433	en-eng,z-zh,s-sh	1
场馆	chǎng guǎn	6434	an-ang,uan-uang,c-ch	1
棺材	guān cai	6435	uan-uang,ai-ei,c-ch	1
测评	cè píng	6436	in-ing,c-ch	1
终止	zhōng zhǐ	6438	z-zh	1
伪造	wěi zào	6439	ai-ei,ao-ou,z-zh	1
足迹	zú jì	6440	z-zh,j-q-x	1
欣喜	xīn xǐ	6441	in-ing,j-q-x	1
盗窃	dào qiè	6442	ao-ou,ia-ie,j-q-x	1
心目	xīn mù	6443	in-ing,j-q-x	1
不平	bù píng	6444	in-ing	1
坚守	jiān shǒu	6445	ian-iang,ao-ou,s-sh,j-q-x	1
旋律	xuán lǜ	6446	uan-uang,n-l,r-l,j-q-x	1
慈善	cí shàn	6447	an-ang,c-ch,s-sh	1
牵头	qiān tóu	6448	ian-iang,ao-ou,j-q-x	1
完备	wán bèi	6449	an-ang,ai-ei	1
光盘	guāng pán	6450	an-ang,uan-uang	1
女婿	nǚ xu	6451	n-l,j-q-x	1
往后	wǎng hòu	6452	an-ang,ao-ou,h-f	1
捍卫	hàn wèi	6453	an-ang,ai-ei,h-f	1
丰硕	fēng shuò	6454	en-eng,ua-uo,s-sh,h-f	1
迫使	pò shǐ	6455	s-sh	1
精简	jīng jiǎn	6457	in-ing,ian-iang,j-q-x	1
长度	cháng dù	6458	an-ang,c-ch	1
填补	tián bǔ	6459	ian-iang	1
误解	wù jiě	6460	ia-ie,j-q-x	1
预料	yù liào	6461	n-l,r-l	1
视角	shì jiǎo	6462	s-sh,j-q-x	1
新颖	xīn yǐng	6463	in-ing,j-q-x	1
轮流	lún liú	6464	n-l,r-l	1
身心	shēn xīn	6465	en-eng,in-ing,s-sh,j-q-x	1
富余	fù yu	6466	h-f	1
海啸	hǎi xiào	6467	ai-ei,h-f,j-q-x	1
捐助	juān zhù	6468	uan-uang,z-zh,j-q-x	1
掩饰	yǎn shì	6469	an-ang,s-sh	1
如期	rú qī	6470	r-l,j-q-x	1
土匪	tǔ fěi	6471	ai-ei,h-f	1
兼顾	jiān gù	6472	ian-iang,j-q-x	1
器械	qì xiè	6473	ia-ie,j-q-x	1
瞄准	miáo zhǔn	6474	z-zh	1
搜集	sōu jí	6475	ao-ou,s-sh,j-q-x	1
献身	xiàn shēn	6476	en-eng,ian-iang,s-sh,j-q-x	1
堪称	kān chēng	6477	en-eng,an-ang,c-ch	1
结晶	jié jīng	6478	in-ing,ia-ie,j-q-x	1
假冒	jiǎ mào	6479	ao-ou,ia-ie,j-q-x	1
上报	shàng bào	6480	an-ang,ao-ou,s-sh	1
卓越	zhuó yuè	6481	ua-uo,z-zh	1
焦急	jiāo jí	6482	j-q-x	1
推销	tuī xiāo	6483	j-q-x	1
猛烈	měng liè	6484	en-eng,ia-ie,n-l,r-l	1
缺口	quē kǒu	6485	ao-ou,j-q-x	1
情怀	qíng huái	6486	in-ing,h-f,j-q-x	1
发作	fā zuò	6487	ua-uo,z-zh,h-f	1
署名	shǔ míng	6488	in-ing,s-sh	1
掩盖	yǎn gài	6489	an-ang,ai-ei	1
游览	yóu lǎn	6490	an-ang,ao-ou,n-l,r-l	1
蓝图	lán tú	6491	an-ang,n-l,r-l	1
风沙	fēng shā	6492	en-eng,s-sh,h-f	1
迟疑	chí yí	6493	c-ch	1
人质	rén zhì	6494	en-eng,z-zh,r-l	1
剧烈	jù liè	6495	ia-ie,n-l,r-l,j-q-x	1
过硬	guò yìng	6496	in-ing,ua-uo	1
无辜	wú gū	6497		1
压抑	yā yì	6498		1
期盼	qī pàn	6499	an-ang,j-q-x	1
迹象	jì xiàng	6500	ian-iang,j-q-x	1
寂静	jì jìng	6501	in-ing,j-q-x	1
潇洒	xiāo sǎ	6502	s-sh,j-q-x	1
典范	diǎn fàn	6503	an-ang,ian-iang,h-f	1
超标	chāo biāo	6504	ao-ou,c-ch	1
衰退	shuāi tuì	6505	s-sh	1
流氓	liú máng	6506	an-ang,n-l,r-l	1
直径	zhí jìng	6507	in-ing,z-zh,j-q-x	1
上马	shàng mǎ	6508	an-ang,s-sh	1
导航	dǎo háng	6509	an-ang,ao-ou,h-f	1
回应	huí yìng	6510	in-ing,h-f	1
核实	hé shí	6511	s-sh,h-f	1
特地	tè dì	6512		1
提示	tí shì	6513	s-sh	1
发觉	fā jué	6514	h-f,j-q-x	1
折腾	zhē teng	6515	en-eng,z-zh	1
习俗	xí sú	6516	s-sh,j-q-x	1
高涨	gāo zhǎng	6517	an-ang,ao-ou,z-zh	1
暂停	zàn tíng	6518	in-ing,an-ang,z-zh	1
碰撞	pèng zhuàng	6519	en-eng,uan-uang,z-zh	1
亲热	qīn rè	6520	in-ing,r-l,j-q-x	1
高手	gāo shǒu	6521	ao-ou,s-sh	1
看重	kàn zhòng	6522	an-ang,z-zh	1
查明	chá míng	6523	in-ing,c-ch	1
注定	zhù dìng	6524	in-ing,z-zh	1
解读	jiě dú	6525	ia-ie,j-q-x	1
防线	fáng xiàn	6526	an-ang,ian-iang,h-f,j-q-x	1
悲痛	bēi tòng	6527	ai-ei	1
高明	gāo míng	6528	in-ing,ao-ou	1
寄托	jì tuō	6529	ua-uo,j-q-x	1
热量	rè liàng	6530	ian-iang,n-l,r-l	1
好似	hǎo sì	6531	ao-ou,s-sh,h-f	1
腊月	là yuè	6532	n-l,r-l	1
洋溢	yáng yì	6533	an-ang	1
优越	yōu yuè	6534	ao-ou	1
浪潮	làng cháo	6535	an-ang,ao-ou,c-ch,n-l,r-l	1
周密	zhōu mì	6536	ao-ou,z-zh	1
胸怀	xiōng huái	6537	h-f,j-q-x	1
重返	chóng fǎn	6538	an-ang,c-ch,h-f	1
军用	jūn yòng	6539	j-q-x	1
跟随	gēn suí	6540	en-eng,s-sh	1
关联	guān lián	6541	ian-iang,uan-uang,n-l,r-l	1
雷达	léi dá	6542	ai-ei,n-l,r-l	1
反正	fǎn zhèng	6543	en-eng,an-ang,z-zh,h-f	1
采纳	cǎi nà	6544	ai-ei,c-ch,n-l	1
何等	hé děng	6545	en-eng,h-f	1
宣誓	xuān shì	6546	uan-uang,s-sh,j-q-x	1
寻常	xún cháng	6547	an-ang,c-ch,j-q-x	1
谣言	yáo yán	6548	an-ang,ao-ou	1
深沉	shēn chén	6549	en-eng,c-ch,s-sh	1
落地	luò dì	6550	ua-uo,n-l,r-l	1
时装	shí zhuāng	6551	uan-uang,z-zh,s-sh	1
遇难	yù nàn	6552	an-ang,n-l	1
忠于	zhōng yú	6553	z-zh	1
流程	liú chéng	6554	en-eng,c-ch,n-l,r-l	1
弹性	tán xìng	6555	in-ing,an-ang,j-q-x	1
埋怨	mán yuàn	6556	an-ang,uan-uang	1
神态	shén tài	6557	en-eng,ai-ei,s-sh	1
侮辱	wǔ rǔ	6558	r-l	1
体积	tǐ jī	6559	j-q-x	1
递交	dì jiāo	6560	j-q-x	1
顺手	shùn shǒu	6561	ao-ou,s-sh	1
泛滥	fàn làn	6562	an-ang,n-l,h-f,r-l	1
毅然	yì rán	6563	an-ang,r-l	1
担子	dàn zi	6564	an-ang,z-zh	1
堵塞	dǔ sè	6565	s-sh	1
发财	fā cái	6566	ai-ei,c-ch,h-f	1
特务	tè wu	6567		1
体面	tǐ miàn	6568	ian-iang	1
招收	zhāo shōu	6569	ao-ou,z-zh,s-sh	1
断定	duàn dìng	6570	in-ing,uan-uang	1
面目	miàn mù	6571	ian-iang	1
容忍	róng rěn	6572	en-eng,r-l	1
操纵	cāo zòng	6573	ao-ou,z-zh,c-ch	1
集训	jí xùn	6574	j-q-x	1
送行	sòng xíng	6575	in-ing,s-sh,j-q-x	1
意图	yì tú	6576		1
谅解	liàng jiě	6577	ian-iang,ia-ie,n-l,r-l,j-q-x	1
公然	gōng rán	6578	an-ang,r-l	1
反射	fǎn shè	6579	an-ang,s-sh,h-f	1
遗体	yí tǐ	6580		1
汇集	huì jí	6581	h-f,j-q-x	1
下级	xià jí	6582	ia-ie,j-q-x	1
钻研	zuān yán	6583	an-ang,uan-uang,z-zh	1
见识	jiàn shi	6584	ian-iang,s-sh,j-q-x	1
突击	tū jī	6585	j-q-x	1
退化	tuì huà	6586	ua-uo,h-f	1
侦察	zhēn chá	6587	en-eng,z-zh,c-ch	1
正经	zhèng jing	6588	en-eng,in-ing,z-zh,j-q-x	1
疑心	yí xīn	6589	in-ing,j-q-x	1
出土	chū tǔ	6590	c-ch	1
孕育	yùn yù	6591		1
促成	cù chéng	6592	en-eng,c-ch	1
理会	lǐ huì	6593	n-l,h-f,r-l	1
敬业	jìng yè	6594	in-ing,j-q-x	1
机动	jī dòng	6595	j-q-x	1
运河	yùn hé	6596	h-f	1
但愿	dàn yuàn	6597	an-ang,uan-uang	1
深知	shēn zhī	6598	en-eng,z-zh,s-sh	1
才华	cái huá	6599	ai-ei,ua-uo,c-ch,h-f	1
唯有	wéi yǒu	6600	ai-ei,ao-ou	1
造反	zào fǎn	6601	an-ang,ao-ou,z-zh,h-f	1
红火	hóng huo	6602	ua-uo,h-f	1
沿途	yán tú	6603	an-ang	1
完工	wán gōng	6604	an-ang	1
处方	chǔ fāng	6605	an-ang,c-ch,h-f	1
攀登	pān dēng	6606	en-eng,an-ang	1
醒目	xǐng mù	6607	in-ing,j-q-x	1
文坛	wén tán	6608	en-eng,an-ang	1
本土	běn tǔ	6609	en-eng	1
情趣	qíng qù	6610	in-ing,j-q-x	1
快捷	kuài jié	6611	ia-ie,j-q-x	1
前人	qián rén	6612	en-eng,ian-iang,r-l,j-q-x	1
惊异	jīng yì	6614	in-ing,j-q-x	1
行程	xíng chéng	6615	en-eng,in-ing,c-ch,j-q-x	1
杂交	zá jiāo	6616	z-zh,j-q-x	1
残留	cán liú	6617	an-ang,c-ch,n-l,r-l	1
容纳	róng nà	6618	n-l,r-l	1
温和	wēn hé	6620	en-eng,h-f	1
题词	tí cí	6621	c-ch	1
反感	fǎn gǎn	6622	an-ang,h-f	1
空虚	kōng xū	6623	j-q-x	1
能手	néng shǒu	6624	en-eng,ao-ou,s-sh,n-l	1
医治	yī zhì	6625	z-zh	1
遍布	biàn bù	6626	ian-iang	1
定价	dìng jià	6627	in-ing,ia-ie,j-q-x	1
狭窄	xiá zhǎi	6628	ai-ei,ia-ie,z-zh,j-q-x	1
出卖	chū mài	6629	ai-ei,c-ch	1
城堡	chéng bǎo	6630	en-eng,ao-ou,c-ch	1
搭建	dā jiàn	6631	ian-iang,j-q-x	1
教导	jiào dǎo	6633	ao-ou,j-q-x	1
如实	rú shí	6634	s-sh,r-l	1
诈骗	zhà piàn	6635	ian-iang,z-zh	1
精华	jīng huá	6636	in-ing,ua-uo,h-f,j-q-x	1
过剩	guò shèng	6637	en-eng,ua-uo,s-sh	1
终生	zhōng shēng	6638	en-eng,z-zh,s-sh	1
攻克	gōng kè	6639		1
宽敞	kuān chang	6640	an-ang,uan-uang,c-ch	1
满怀	mǎn huái	6641	an-ang,h-f	1
妥协	tuǒ xié	6642	ia-ie,ua-uo,j-q-x	1
顾虑	gù lǜ	6643	n-l,r-l	1
失利	shī lì	6644	s-sh,n-l,r-l	1
参照	cān zhào	6645	an-ang,ao-ou,z-zh,c-ch	1
诗意	shī yì	6646	s-sh	1
学业	xué yè	6647	j-q-x	1
放映	fàng yìng	6648	in-ing,an-ang,h-f	1
确切	què qiè	6649	ia-ie,j-q-x	1
剖析	pōu xī	6650	ao-ou,j-q-x	1
测算	cè suàn	6651	uan-uang,c-ch,s-sh	1
版本	bǎn běn	6652	en-eng,an-ang	1
精致	jīng zhì	6653	in-ing,z-zh,j-q-x	1
风云	fēng yún	6654	en-eng,h-f	1
在意	zài yì	6655	ai-ei,z-zh	1
迁移	qiān yí	6656	ian-iang,j-q-x	1
朴实	pǔ shí	6657	s-sh	1
钞票	chāo piào	6659	ao-ou,c-ch	1
修正	xiū zhèng	6660	en-eng,z-zh,j-q-x	1
性情	xìng qíng	6661	in-ing,j-q-x	1
驻扎	zhù zhā	6662	z-zh	1
宽容	kuān róng	6663	uan-uang,r-l	1
崇尚	chóng shàng	6664	an-ang,c-ch,s-sh	1
归纳	guī nà	6665	n-l	1
过错	guò cuò	6666	ua-uo,c-ch	1
检讨	jiǎn tǎo	6667	ian-iang,ao-ou,j-q-x	1
招牌	zhāo pai	6668	ai-ei,ao-ou,z-zh	1
简陋	jiǎn lòu	6669	ian-iang,ao-ou,n-l,r-l,j-q-x	1
厌恶	yàn wù	6670	an-ang	1
指点	zhǐ diǎn	6671	ian-iang,z-zh	1
穿越	chuān yuè	6672	uan-uang,c-ch	1
急切	jí qiè	6673	ia-ie,j-q-x	1
促销	cù xiāo	6674	c-ch,j-q-x	1
构想	gòu xiǎng	6675	ian-iang,ao-ou,j-q-x	1
海滨	hǎi bīn	6676	in-ing,ai-ei,h-f	1
丰厚	fēng hòu	6677	en-eng,ao-ou,h-f	1
赞叹	zàn tàn	6678	an-ang,z-zh	1
儒家	Rú jiā	6679	ia-ie,r-l,j-q-x	1
喜剧	xǐ jù	6680	j-q-x	1
奖章	jiǎng zhāng	6681	an-ang,ian-iang,z-zh,j-q-x	1
沉浸	chén jìn	6682	en-eng,in-ing,c-ch,j-q-x	1
流量	liú liàng	6683	ian-iang,n-l,r-l	1
艺人	yì rén	6684	en-eng,r-l	1
回落	huí luò	6685	ua-uo,n-l,h-f,r-l	1
极限	jí xiàn	6686	ian-iang,j-q-x	1
菩萨	pú sà	6687	s-sh	1
告辞	gào cí	6688	ao-ou,c-ch	1
把关	bǎ guān	6689	uan-uang	1
猜测	cāi cè	6690	ai-ei,c-ch	1
鲜活	xiān huó	6691	ian-iang,ua-uo,h-f,j-q-x	1
演说	yǎn shuō	6692	an-ang,ua-uo,s-sh	1
历代	lì dài	6693	ai-ei,n-l,r-l	1
指令	zhǐ lìng	6694	in-ing,z-zh,n-l,r-l	1
地狱	dì yù	6695		1
威力	wēi lì	6696	ai-ei,n-l,r-l	1
交付	jiāo fù	6697	h-f,j-q-x	1
难堪	nán kān	6698	an-ang,n-l	1
仇恨	chóu hèn	6699	en-eng,ao-ou,c-ch,h-f	1
热血	rè xuè	6700	r-l,j-q-x	1
动情	dòng qíng	6701	in-ing,j-q-x	1
壮观	zhuàng guān	6702	uan-uang,z-zh	1
宣扬	xuān yáng	6703	an-ang,uan-uang,j-q-x	1
隐隐	yǐn yǐn	6704	in-ing	1
撤离	chè lí	6705	c-ch,n-l,r-l	1
陈述	chén shù	6706	en-eng,c-ch,s-sh	1
奉命	fèng mìng	6707	en-eng,in-ing,h-f	1
躲避	duǒ bì	6708	ua-uo	1
阻力	zǔ lì	6710	z-zh,n-l,r-l	1
得力	dé lì	6711	n-l,r-l	1
顽固	wán gù	6712	an-ang	1
标兵	biāo bīng	6713	in-ing	1
宁可	nìng kě	6714	in-ing,n-l	1
停顿	tíng dùn	6715	in-ing	1
功臣	gōng chén	6716	en-eng,c-ch	1
拯救	zhěng jiù	6717	en-eng,z-zh,j-q-x	1
编织	biān zhī	6718	ian-iang,z-zh	1
回首	huí shǒu	6719	ao-ou,s-sh,h-f	1
笔墨	bǐ mò	6720		1
轰动	hōng dòng	6722	h-f	1
连声	lián shēng	6723	en-eng,ian-iang,s-sh,n-l,r-l	1
欺诈	qī zhà	6724	z-zh,j-q-x	1
含糊	hán hu	6725	an-ang,h-f	1
生平	shēng píng	6726	en-eng,in-ing,s-sh	1
注射	zhù shè	6727	z-zh,s-sh	1
沉着	chén zhuó	6729	en-eng,ua-uo,z-zh,c-ch	1
保管	bǎo guǎn	6730	uan-uang,ao-ou	1
重心	zhòng xīn	6731	in-ing,z-zh,j-q-x	1
精细	jīng xì	6732	in-ing,j-q-x	1
担当	dān dāng	6733	an-ang	1
大意	dà yì	6734		1
加盟	jiā méng	6735	en-eng,ia-ie,j-q-x	1
退役	tuì yì	6736		1
俘虏	fú lǔ	6737	n-l,h-f,r-l	1
辫子	biàn zi	6738	ian-iang,z-zh	1
叮嘱	dīng zhǔ	6739	in-ing,z-zh	1
解脱	jiě tuō	6740	ia-ie,ua-uo,j-q-x	1
灵感	líng gǎn	6741	in-ing,an-ang,n-l,r-l	1
强硬	qiáng yìng	6742	in-ing,ian-iang,j-q-x	1
出事	chū shì	6743	c-ch,s-sh	1
辜负	gū fù	6744	h-f	1
闲话	xián huà	6745	ian-iang,ua-uo,h-f,j-q-x	1
余地	yú dì	6746		1
焦虑	jiāo lǜ	6747	n-l,r-l,j-q-x	1
皱纹	zhòu wén	6748	en-eng,ao-ou,z-zh	1
粗糙	cū cāo	6749	ao-ou,c-ch	1
凄凉	qī liáng	6750	ian-iang,n-l,r-l,j-q-x	1
出征	chū zhēng	6751	en-eng,z-zh,c-ch	1
锅炉	guō lú	6752	ua-uo,n-l,r-l	1
验证	yàn zhèng	6754	en-eng,an-ang,z-zh	1
早年	zǎo nián	6756	ian-iang,ao-ou,z-zh,n-l	1
阻挡	zǔ dǎng	6757	an-ang,z-zh	1
极度	jí dù	6758	j-q-x	1
悄然	qiǎo rán	6759	an-ang,r-l,j-q-x	1
盛行	shèng xíng	6760	en-eng,in-ing,s-sh,j-q-x	1
野蛮	yě mán	6761	an-ang	1
追踪	zhuī zōng	6762	z-zh	1
大潮	dà cháo	6763	ao-ou,c-ch	1
便捷	biàn jié	6764	ian-iang,ia-ie,j-q-x	1
事例	shì lì	6765	s-sh,n-l,r-l	1
动向	dòng xiàng	6766	ian-iang,j-q-x	1
折射	zhé shè	6767	z-zh,s-sh	1
积蓄	jī xù	6768	j-q-x	1
电源	diàn yuán	6769	ian-iang,uan-uang	1
冷淡	lěng dàn	6770	en-eng,an-ang,n-l,r-l	1
凝视	níng shì	6771	in-ing,s-sh,n-l	1
搜索	sōu suǒ	6772	ao-ou,ua-uo,s-sh	1
平和	píng hé	6773	in-ing,h-f	1
追逐	zhuī zhú	6774	z-zh	1
技艺	jì yì	6775	j-q-x	1
麻木	má mù	6776		1
认得	rèn de	6777	en-eng,r-l	1
恶意	è yì	6778		1
回合	huí hé	6779	h-f	1
吆喝	yāo he	6780	ao-ou,h-f	1
荒唐	huāng táng	6781	an-ang,uan-uang,h-f	1
奔波	bēn bō	6782	en-eng	1
学堂	xué táng	6785	an-ang,j-q-x	1
真切	zhēn qiè	6786	en-eng,ia-ie,z-zh,j-q-x	1
就医	jiù yī	6787	j-q-x	1
成交	chéng jiāo	6788	en-eng,c-ch,j-q-x	1
冻结	dòng jié	6789	ia-ie,j-q-x	1
花样	huā yàng	6790	an-ang,ua-uo,h-f	1
揭发	jiē fā	6791	ia-ie,h-f,j-q-x	1
难关	nán guān	6792	an-ang,uan-uang,n-l	1
镇压	zhèn yā	6793	en-eng,z-zh	1
正派	zhèng pài	6794	en-eng,ai-ei,z-zh	1
提速	tí sù	6795	s-sh	1
驱逐	qū zhú	6796	z-zh,j-q-x	1
饱满	bǎo mǎn	6797	an-ang,ao-ou	1
构思	gòu sī	6798	ao-ou,s-sh	1
交织	jiāo zhī	6799	z-zh,j-q-x	1
胚胎	pēi tāi	6800	ai-ei	1
柔和	róu hé	6801	ao-ou,h-f,r-l	1
危及	wēi jí	6802	ai-ei,j-q-x	1
风度	fēng dù	6805	en-eng,h-f	1
名声	míng shēng	6806	en-eng,in-ing,s-sh	1
往返	wǎng fǎn	6807	an-ang,h-f	1
宏大	hóng dà	6808	h-f	1
疾苦	jí kǔ	6809	j-q-x	1
热门	rè mén	6811	en-eng,r-l	1
简易	jiǎn yì	6812	ian-iang,j-q-x	1
冷漠	lěng mò	6813	en-eng,n-l,r-l	1
催促	cuī cù	6814	c-ch	1
沸腾	fèi téng	6815	en-eng,ai-ei,h-f	1
假设	jiǎ shè	6816	ia-ie,s-sh,j-q-x	1
终究	zhōng jiū	6817	z-zh,j-q-x	1
士气	shì qì	6818	s-sh,j-q-x	1
辩护	biàn hù	6819	ian-iang,h-f	1
下落	xià luò	6820	ia-ie,ua-uo,n-l,r-l,j-q-x	1
无须	wú xū	6821	j-q-x	1
恐慌	kǒng huāng	6822	uan-uang,h-f	1
奇特	qí tè	6823	j-q-x	1
软弱	ruǎn ruò	6824	uan-uang,ua-uo,r-l	1
归宿	guī sù	6825	s-sh	1
圈子	quān zi	6826	uan-uang,z-zh,j-q-x	1
人流	rén liú	6827	en-eng,n-l,r-l	1
蒸发	zhēng fā	6828	en-eng,z-zh,h-f	1
兼任	jiān rèn	6829	en-eng,ian-iang,r-l,j-q-x	1
交纳	jiāo nà	6830	n-l,j-q-x	1
骗取	piàn qǔ	6831	ian-iang,j-q-x	1
胜负	shèng fù	6832	en-eng,s-sh,h-f	1
扫描	sǎo miáo	6833	ao-ou,s-sh	1
心境	xīn jìng	6834	in-ing,j-q-x	1
高雅	gāo yǎ	6836	ao-ou	1
关头	guān tóu	6837	uan-uang,ao-ou	1
异议	yì yì	6838		1
奇异	qí yì	6839	j-q-x	1
宣读	xuān dú	6840	uan-uang,j-q-x	1
开启	kāi qǐ	6841	ai-ei,j-q-x	1
口吻	kǒu wěn	6842	en-eng,ao-ou	1
使者	shǐ zhě	6843	z-zh,s-sh	1
就任	jiù rèn	6844	en-eng,r-l,j-q-x	1
峡谷	xiá gǔ	6845	ia-ie,j-q-x	1
冤枉	yuān wang	6846	an-ang,uan-uang	1
过问	guò wèn	6849	en-eng,ua-uo	1
眼界	yǎn jiè	6850	an-ang,ia-ie,j-q-x	1
庭院	tíng yuàn	6851	in-ing,uan-uang	1
察看	chá kàn	6852	an-ang,c-ch	1
连同	lián tóng	6853	ian-iang,n-l,r-l	1
照料	zhào liào	6854	ao-ou,z-zh,n-l,r-l	1
签证	qiān zhèng	6855	en-eng,ian-iang,z-zh,j-q-x	1
样式	yàng shì	6856	an-ang,s-sh	1
围攻	wéi gōng	6857	ai-ei	1
否决	fǒu jué	6858	ao-ou,h-f,j-q-x	1
货运	huò yùn	6859	ua-uo,h-f	1
吉利	jí lì	6860	n-l,r-l,j-q-x	1
风波	fēng bō	6861	en-eng,h-f	1
偏见	piān jiàn	6862	ian-iang,j-q-x	1
颗粒	kē lì	6863	n-l,r-l	1
确诊	què zhěn	6864	en-eng,z-zh,j-q-x	1
配偶	pèi ǒu	6865	ai-ei,ao-ou	1
蕴藏	yùn cáng	6867	an-ang,c-ch	1
惊叹	jīng tàn	6868	in-ing,an-ang,j-q-x	1
粗暴	cū bào	6869	ao-ou,c-ch	1
号称	hào chēng	6870	en-eng,ao-ou,c-ch,h-f	1
行军	xíng jūn	6871	in-ing,j-q-x	1
预言	yù yán	6872	an-ang	1
天体	tiān tǐ	6873	ian-iang	1
附属	fù shǔ	6874	s-sh,h-f	1
警报	jǐng bào	6875	in-ing,ao-ou,j-q-x	1
捐献	juān xiàn	6876	ian-iang,uan-uang,j-q-x	1
高龄	gāo líng	6877	in-ing,ao-ou,n-l,r-l	1
提炼	tí liàn	6878	ian-iang,n-l,r-l	1
世俗	shì sú	6879	s-sh	1
奖项	jiǎng xiàng	6880	ian-iang,j-q-x	1
迫害	pò hài	6881	ai-ei,h-f	1
抗拒	kàng jù	6882	an-ang,j-q-x	1
要命	yào mìng	6883	in-ing,ao-ou	1
非凡	fēi fán	6884	an-ang,ai-ei,h-f	1
攀升	pān shēng	6885	en-eng,an-ang,s-sh	1
侥幸	jiǎo xìng	6886	in-ing,j-q-x	1
捕捞	bǔ lāo	6889	ao-ou,n-l,r-l	1
共鸣	gòng míng	6890	in-ing	1
高贵	gāo guì	6891	ao-ou	1
施展	shī zhǎn	6892	an-ang,z-zh,s-sh	1
早晚	zǎo wǎn	6893	an-ang,ao-ou,z-zh	1
固执	gù zhi	6894	z-zh	1
拖延	tuō yán	6895	an-ang,ua-uo	1
精明	jīng míng	6896	in-ing,j-q-x	1
陶醉	táo zuì	6897	ao-ou,z-zh	1
苦闷	kǔ mèn	6898	en-eng	1
元帅	yuán shuài	6899	uan-uang,s-sh	1
直觉	zhí jué	6900	z-zh,j-q-x	1
钱财	qián cái	6901	ian-iang,ai-ei,c-ch,j-q-x	1
即刻	jí kè	6902	j-q-x	1
随机	suí jī	6903	s-sh,j-q-x	1
转折	zhuǎn zhé	6904	uan-uang,z-zh	1
下手	xià shǒu	6906	ao-ou,ia-ie,s-sh,j-q-x	1
后续	hòu xù	6907	ao-ou,h-f,j-q-x	1
奔驰	bēn chí	6908	en-eng,c-ch	1
搜寻	sōu xún	6909	ao-ou,s-sh,j-q-x	1
着实	zhuó shí	6910	ua-uo,z-zh,s-sh	1
拜访	bài fǎng	6911	an-ang,ai-ei,h-f	1
邪恶	xié è	6912	ia-ie,j-q-x	1
幼稚	yòu zhì	6913	ao-ou,z-zh	1
勾结	gōu jié	6914	ao-ou,ia-ie,j-q-x	1
精英	jīng yīng	6915	in-ing,j-q-x	1
酒精	jiǔ jīng	6916	in-ing,j-q-x	1
首创	shǒu chuàng	6917	uan-uang,ao-ou,c-ch,s-sh	1
相传	xiāng chuán	6918	ian-iang,uan-uang,c-ch,j-q-x	1
世代	shì dài	6919	ai-ei,s-sh	1
体能	tǐ néng	6920	en-eng,n-l	1
悲观	bēi guān	6921	uan-uang,ai-ei	1
到期	dào qī	6922	ao-ou,j-q-x	1
散布	sàn bù	6923	an-ang,s-sh	1
精准	jīng zhǔn	6924	in-ing,z-zh,j-q-x	1
流淌	liú tǎng	6925	an-ang,n-l,r-l	1
出力	chū lì	6926	c-ch,n-l,r-l	1
条文	tiáo wén	6927	en-eng	1
陷阱	xiàn jǐng	6928	in-ing,ian-iang,j-q-x	3
刻画	kè huà	6930	ua-uo,h-f	1
请示	qǐng shì	6931	in-ing,s-sh,j-q-x	1
兴旺	xīng wàng	6932	in-ing,an-ang,j-q-x	1
下场	xià chǎng	6933	an-ang,ia-ie,c-ch,j-q-x	1
真挚	zhēn zhì	6934	en-eng,z-zh	1
自费	zì fèi	6935	ai-ei,z-zh,h-f	1
溶解	róng jiě	6936	ia-ie,r-l,j-q-x	1
痛心	tòng xīn	6937	in-ing,j-q-x	1
分外	fèn wài	6938	en-eng,ai-ei,h-f	1
惊慌	jīng huāng	6939	in-ing,uan-uang,h-f,j-q-x	1
看守	kān shǒu	6940	an-ang,ao-ou,s-sh	1
镇静	zhèn jìng	6941	en-eng,in-ing,z-zh,j-q-x	1
不朽	bù xiǔ	6942	j-q-x	1
平息	píng xī	6943	in-ing,j-q-x	1
诸位	zhū wèi	6944	ai-ei,z-zh	1
奔走	bēn zǒu	6945	en-eng,ao-ou,z-zh	1
变换	biàn huàn	6946	ian-iang,uan-uang,h-f	1
危急	wēi jí	6947	ai-ei,j-q-x	1
称职	chèn zhí	6948	en-eng,z-zh,c-ch	1
坦然	tǎn rán	6949	an-ang,r-l	1
屠杀	tú shā	6950	s-sh	1
名气	míng qi	6951	in-ing,j-q-x	1
误导	wù dǎo	6952	ao-ou	1
状元	zhuàng yuan	6953	uan-uang,z-zh	1
荒凉	huāng liáng	6954	ian-iang,uan-uang,n-l,h-f,r-l	1
药材	yào cái	6955	ai-ei,ao-ou,c-ch	1
分数	fēn shù	6956	en-eng,s-sh,h-f	1
争执	zhēng zhí	6957	en-eng,z-zh	1
扭曲	niǔ qū	6958	n-l,j-q-x	1
珍视	zhēn shì	6959	en-eng,z-zh,s-sh	1
雕刻	diāo kè	6960		1
行星	xíng xīng	6961	in-ing,j-q-x	1
戒指	jiè zhi	6962	ia-ie,z-zh,j-q-x	1
立功	lì gōng	6963	n-l,r-l	1
用意	yòng yì	6964		1
偏僻	piān pì	6965	ian-iang	1
破案	pò àn	6966	an-ang	1
萌芽	méng yá	6967	en-eng	1
动武	dòng wǔ	6968		1
关照	guān zhào	6969	uan-uang,ao-ou,z-zh	1
嘉宾	jiā bīn	6970	in-ing,ia-ie,j-q-x	1
动工	dòng gōng	6971		1
兼职	jiān zhí	6972	ian-iang,z-zh,j-q-x	1
失职	shī zhí	6973	z-zh,s-sh	1
江湖	jiāng hú	6974	ian-iang,h-f,j-q-x	1
岛屿	dǎo yǔ	6975	ao-ou	1
斗志	dòu zhì	6976	ao-ou,z-zh	1
示意	shì yì	6977	s-sh	1
漫步	màn bù	6978	an-ang	1
橡胶	xiàng jiāo	6979	ian-iang,j-q-x	1
浮动	fú dòng	6980	h-f	1
淡化	dàn huà	6981	an-ang,ua-uo,h-f	1
推测	tuī cè	6982	c-ch	1
善意	shàn yì	6983	an-ang,s-sh	1
抒情	shū qíng	6984	in-ing,s-sh,j-q-x	1
恒星	héng xīng	6985	en-eng,in-ing,h-f,j-q-x	1
伤感	shāng gǎn	6986	an-ang,s-sh	1
虚伪	xū wěi	6987	ai-ei,j-q-x	1
创意	chuàng yì	6988	uan-uang,c-ch	1
鞠躬	jū gōng	6989	j-q-x	1
慢性	màn xìng	6990	in-ing,an-ang,j-q-x	1
尺寸	chǐ cùn	6991	c-ch	1
预见	yù jiàn	6992	ian-iang,j-q-x	1
探亲	tàn qīn	6994	in-ing,an-ang,j-q-x	1
交接	jiāo jiē	6995	ia-ie,j-q-x	1
科目	kē mù	6996		1
中途	zhōng tú	6997	z-zh	1
噪音	zào yīn	6998	in-ing,ao-ou,z-zh	1
照耀	zhào yào	6999	ao-ou,z-zh	1
凝固	níng gù	7000	in-ing,n-l	1
缴费	jiǎo fèi	7001	ai-ei,h-f,j-q-x	1
标签	biāo qiān	7002	ian-iang,j-q-x	1
美容	měi róng	7003	ai-ei,r-l	1
惊动	jīng dòng	7004	in-ing,j-q-x	1
举重	jǔ zhòng	7005	z-zh,j-q-x	1
上层	shàng céng	7006	en-eng,an-ang,c-ch,s-sh	1
新奇	xīn qí	7007	in-ing,j-q-x	1
祈祷	qí dǎo	7008	ao-ou,j-q-x	1
圣人	shèng rén	7009	en-eng,s-sh,r-l	1
服用	fú yòng	7010	h-f	1
包裹	bāo guǒ	7011	ao-ou,ua-uo	1
触动	chù dòng	7012	c-ch	1
急性	jí xìng	7013	in-ing,j-q-x	1
有幸	yǒu xìng	7014	in-ing,ao-ou,j-q-x	1
部件	bù jiàn	7015	ian-iang,j-q-x	1
定居	dìng jū	7016	in-ing,j-q-x	1
继而	jì ér	7017	j-q-x	1
考评	kǎo píng	7018	in-ing,ao-ou	1
气力	qì lì	7019	n-l,r-l,j-q-x	1
强盗	qiáng dào	7020	ian-iang,ao-ou,j-q-x	1
廉价	lián jià	7021	ian-iang,ia-ie,n-l,r-l,j-q-x	1
为人	wéi rén	7022	en-eng,ai-ei,r-l	1
现今	xiàn jīn	7023	in-ing,ian-iang,j-q-x	1
脉搏	mài bó	7024	ai-ei	1
首饰	shǒu shì	7025	ao-ou,s-sh	1
掩护	yǎn hù	7026	an-ang,h-f	1
别扭	biè niu	7027	ia-ie,n-l	1
坦诚	tǎn chéng	7028	en-eng,an-ang,c-ch	1
何尝	hé cháng	7029	an-ang,c-ch,h-f	1
张望	zhāng wàng	7030	an-ang,z-zh	1
按摩	àn mó	7031	an-ang	1
颤动	chàn dòng	7032	an-ang,c-ch	1
耕作	gēng zuò	7033	en-eng,ua-uo,z-zh	1
管家	guǎn jiā	7034	uan-uang,ia-ie,j-q-x	1
庄重	zhuāng zhòng	7035	uan-uang,z-zh	1
压倒	yā dǎo	7036	ao-ou	1
涌动	yǒng dòng	7037		1
新式	xīn shì	7038	in-ing,s-sh,j-q-x	1
乘机	chéng jī	7039	en-eng,c-ch,j-q-x	1
间断	jiàn duàn	7040	ian-iang,uan-uang,j-q-x	1
承载	chéng zài	7042	en-eng,ai-ei,z-zh,c-ch	1
造假	zào jiǎ	7043	ao-ou,ia-ie,z-zh,j-q-x	1
威风	wēi fēng	7044	en-eng,ai-ei,h-f	1
不屑	bù xiè	7045	ia-ie,j-q-x	1
前辈	qián bèi	7046	ian-iang,ai-ei,j-q-x	1
发泄	fā xiè	7047	ia-ie,h-f,j-q-x	1
弹药	dàn yào	7049	an-ang,ao-ou	1
致命	zhì mìng	7050	in-ing,z-zh	1
含笑	hán xiào	7051	an-ang,h-f,j-q-x	1
嫉妒	jí dù	7052	j-q-x	1
就读	jiù dú	7053	j-q-x	1
培植	péi zhí	7054	ai-ei,z-zh	1
探望	tàn wàng	7055	an-ang	1
沉痛	chén tòng	7056	en-eng,c-ch	1
精通	jīng tōng	7057	in-ing,j-q-x	1
美感	měi gǎn	7058	an-ang,ai-ei	1
孵化	fū huà	7059	ua-uo,h-f	1
琢磨	zuó mo	7060	ua-uo,z-zh	1
偏差	piān chā	7061	ian-iang,c-ch	1
行车	xíng chē	7062	in-ing,c-ch,j-q-x	1
畅销	chàng xiāo	7063	an-ang,c-ch,j-q-x	1
风浪	fēng làng	7064	en-eng,an-ang,n-l,h-f,r-l	1
实习	shí xí	7065	s-sh,j-q-x	1
肮脏	āng zāng	7067	an-ang,z-zh	1
克制	kè zhì	7068	z-zh	1
创伤	chuāng shāng	7069	an-ang,uan-uang,c-ch,s-sh	1
及早	jí zǎo	7070	ao-ou,z-zh,j-q-x	1
漆黑	qī hēi	7071	ai-ei,h-f,j-q-x	1
废墟	fèi xū	7072	ai-ei,h-f,j-q-x	1
果真	guǒ zhēn	7073	en-eng,ua-uo,z-zh	1
坦白	tǎn bái	7074	an-ang,ai-ei	1
支流	zhī liú	7075	z-zh,n-l,r-l	1
报废	bào fèi	7076	ai-ei,ao-ou,h-f	1
疗法	liáo fǎ	7077	n-l,h-f,r-l	1
丑闻	chǒu wén	7078	en-eng,ao-ou,c-ch	1
撞击	zhuàng jī	7079	uan-uang,z-zh,j-q-x	1
宁愿	nìng yuàn	7080	in-ing,uan-uang,n-l	1
天性	tiān xìng	7081	in-ing,ian-iang,j-q-x	1
成年	chéng nián	7083	en-eng,ian-iang,c-ch,n-l	1
芦苇	lú wěi	7084	ai-ei,n-l,r-l	1
面容	miàn róng	7085	ian-iang,r-l	1
浮躁	fú zào	7086	ao-ou,z-zh,h-f	1
听从	tīng cóng	7087	in-ing,c-ch	1
许诺	xǔ nuò	7088	ua-uo,n-l,j-q-x	1
摇晃	yáo huàng	7089	uan-uang,ao-ou,h-f	1
察觉	chá jué	7090	c-ch,j-q-x	1
优待	yōu dài	7091	ai-ei,ao-ou	1
点缀	diǎn zhuì	7092	ian-iang,z-zh	1
急促	jí cù	7093	c-ch,j-q-x	1
紧缩	jǐn suō	7094	in-ing,ua-uo,s-sh,j-q-x	1
凝结	níng jié	7095	in-ing,ia-ie,n-l,j-q-x	1
破裂	pò liè	7096	ia-ie,n-l,r-l	1
身躯	shēn qū	7097	en-eng,s-sh,j-q-x	1
人世	rén shì	7098	en-eng,s-sh,r-l	1
想必	xiǎng bì	7099	ian-iang,j-q-x	1
连任	lián rèn	7100	en-eng,ian-iang,n-l,r-l	1
终日	zhōng rì	7101	z-zh,r-l	1
胸膛	xiōng táng	7102	an-ang,j-q-x	1
征程	zhēng chéng	7103	en-eng,z-zh,c-ch	1
思绪	sī xù	7104	s-sh,j-q-x	1
丰满	fēng mǎn	7105	en-eng,an-ang,h-f	1
风声	fēng shēng	7106	en-eng,s-sh,h-f	1
传记	zhuàn jì	7108	uan-uang,z-zh,j-q-x	1
变质	biàn zhì	7109	ian-iang,z-zh	1
残忍	cán rěn	7110	en-eng,an-ang,c-ch,r-l	1
村落	cūn luò	7111	ua-uo,c-ch,n-l,r-l	1
横向	héng xiàng	7112	en-eng,ian-iang,h-f,j-q-x	1
家禽	jiā qín	7113	in-ing,ia-ie,j-q-x	1
微妙	wēi miào	7114	ai-ei	1
归结	guī jié	7115	ia-ie,j-q-x	1
迷惑	mí huò	7116	ua-uo,h-f	1
欣然	xīn rán	7117	in-ing,an-ang,r-l,j-q-x	1
遵照	zūn zhào	7118	ao-ou,z-zh	1
罢工	bà gōng	7119		1
不公	bù gōng	7120		1
登台	dēng tái	7121	en-eng,ai-ei	1
访谈	fǎng tán	7122	an-ang,h-f	1
抗争	kàng zhēng	7123	en-eng,an-ang,z-zh	1
冷落	lěng luò	7124	en-eng,ua-uo,n-l,r-l	1
镇定	zhèn dìng	7125	en-eng,in-ing,z-zh	1
昂贵	áng guì	7126	an-ang	1
家政	jiā zhèng	7127	en-eng,ia-ie,z-zh,j-q-x	1
探险	tàn xiǎn	7128	an-ang,ian-iang,j-q-x	1
放射	fàng shè	7129	an-ang,s-sh,h-f	1
人手	rén shǒu	7130	en-eng,ao-ou,s-sh,r-l	1
私有	sī yǒu	7131	ao-ou,s-sh	1
采伐	cǎi fá	7132	ai-ei,c-ch,h-f	1
蕴含	yùn hán	7133	an-ang,h-f	1
潜艇	qián tǐng	7134	in-ing,ian-iang,j-q-x	1
下台	xià tái	7135	ai-ei,ia-ie,j-q-x	1
印章	yìn zhāng	7136	in-ing,an-ang,z-zh	1
行进	xíng jìn	7138	in-ing,j-q-x	1
归属	guī shǔ	7139	s-sh	1
紧缺	jǐn quē	7140	in-ing,j-q-x	1
磕头	kē tóu	7141	ao-ou	1
清澈	qīng chè	7142	in-ing,c-ch,j-q-x	1
意料	yì liào	7143	n-l,r-l	1
会面	huì miàn	7144	ian-iang,h-f	1
倾注	qīng zhù	7145	in-ing,z-zh,j-q-x	1
激战	jī zhàn	7146	an-ang,z-zh,j-q-x	1
妥当	tuǒ dàng	7147	an-ang,ua-uo	1
非但	fēi dàn	7148	an-ang,ai-ei,h-f	1
炒作	chǎo zuò	7149	ao-ou,ua-uo,z-zh,c-ch	1
激荡	jī dàng	7150	an-ang,j-q-x	1
畅谈	chàng tán	7151	an-ang,c-ch	1
要害	yào hài	7152	ai-ei,ao-ou,h-f	1
知觉	zhī jué	7153	z-zh,j-q-x	1
顾及	gù jí	7154	j-q-x	1
留念	liú niàn	7155	ian-iang,n-l,r-l	1
配件	pèi jiàn	7156	ian-iang,ai-ei,j-q-x	1
列举	liè jǔ	7157	ia-ie,n-l,r-l,j-q-x	1
热切	rè qiè	7158	ia-ie,r-l,j-q-x	1
机车	jī chē	7159	c-ch,j-q-x	1
掠夺	lüè duó	7160	ua-uo,n-l,r-l	1
失信	shī xìn	7161	in-ing,s-sh,j-q-x	1
焚烧	fén shāo	7162	en-eng,ao-ou,s-sh,h-f	1
落幕	luò mù	7163	ua-uo,n-l,r-l	1
无缘	wú yuán	7164	uan-uang	1
诱发	yòu fā	7165	ao-ou,h-f	1
逼近	bī jìn	7166	in-ing,j-q-x	1
难处	nán chù	7168	an-ang,c-ch,n-l	1
分辨	fēn biàn	7169	en-eng,ian-iang,h-f	1
年限	nián xiàn	7170	ian-iang,n-l,j-q-x	1
浮现	fú xiàn	7171	ian-iang,h-f,j-q-x	1
突围	tū wéi	7172	ai-ei	1
感触	gǎn chù	7173	an-ang,c-ch	1
头颅	tóu lú	7174	ao-ou,n-l,r-l	1
信徒	xìn tú	7175	in-ing,j-q-x	1
格式	gé shi	7176	s-sh	1
融洽	róng qià	7177	ia-ie,r-l,j-q-x	1
过失	guò shī	7179	ua-uo,s-sh	1
打捞	dǎ lāo	7180	ao-ou,n-l,r-l	1
辨别	biàn bié	7181	ian-iang,ia-ie	1
耻辱	chǐ rǔ	7182	c-ch,r-l	1
客流	kè liú	7183	n-l,r-l	1
哲理	zhé lǐ	7184	z-zh,n-l,r-l	1
矗立	chù lì	7185	c-ch,n-l,r-l	1
高超	gāo chāo	7187	ao-ou,c-ch	1
骨髓	gǔ suǐ	7188	s-sh	1
敬佩	jìng pèi	7189	in-ing,ai-ei,j-q-x	1
领队	lǐng duì	7190	in-ing,n-l,r-l	1
营救	yíng jiù	7191	in-ing,j-q-x	1
劳累	láo lèi	7192	ai-ei,ao-ou,n-l,r-l	1
邻近	lín jìn	7193	in-ing,n-l,r-l,j-q-x	1
铺设	pū shè	7194	s-sh	1
还原	huán yuán	7195	uan-uang,h-f	1
立志	lì zhì	7196	z-zh,n-l,r-l	1
徐徐	xú xú	7197	j-q-x	1
浏览	liú lǎn	7198	an-ang,n-l,r-l	1
院落	yuàn luò	7199	uan-uang,ua-uo,n-l,r-l	1
鉴别	jiàn bié	7200	ian-iang,ia-ie,j-q-x	1
视频	shì pín	7201	in-ing,s-sh	1
天使	tiān shǐ	7202	ian-iang,s-sh	1
紧跟	jǐn gēn	7203	en-eng,in-ing,j-q-x	1
枯竭	kū jié	7204	ia-ie,j-q-x	1
评判	píng pàn	7205	in-ing,an-ang	1
破碎	pò suì	7206	s-sh	1
沉淀	chén diàn	7207	en-eng,ian-iang,c-ch	1
讲授	jiǎng shòu	7208	ian-iang,ao-ou,s-sh,j-q-x	1
路径	lù jìng	7209	in-ing,n-l,r-l,j-q-x	1
背叛	bèi pàn	7210	an-ang,ai-ei	1
倒塌	dǎo tā	7211	ao-ou	1
放声	fàng shēng	7212	en-eng,an-ang,s-sh,h-f	1
宫殿	gōng diàn	7213	ian-iang	1
节制	jié zhì	7214	ia-ie,z-zh,j-q-x	1
编剧	biān jù	7215	ian-iang,j-q-x	1
断绝	duàn jué	7216	uan-uang,j-q-x	1
索取	suǒ qǔ	7217	ua-uo,s-sh,j-q-x	1
烦躁	fán zào	7218	an-ang,ao-ou,z-zh,h-f	1
稳固	wěn gù	7219	en-eng	1
唾沫	tuò mo	7220	ua-uo	1
并肩	bìng jiān	7221	in-ing,ian-iang,j-q-x	1
观摩	guān mó	7222	uan-uang	1
存储	cún chǔ	7223	c-ch	1
过往	guò wǎng	7224	an-ang,ua-uo	1
漂流	piāo liú	7225	n-l,r-l	1
抱歉	bào qiàn	7226	ian-iang,ao-ou,j-q-x	1
反驳	fǎn bó	7227	an-ang,h-f	1
老化	lǎo huà	7228	ao-ou,ua-uo,n-l,h-f,r-l	1
启程	qǐ chéng	7229	en-eng,c-ch,j-q-x	1
转机	zhuǎn jī	7230	uan-uang,z-zh,j-q-x	1
赤道	chì dào	7231	ao-ou,c-ch	1
质朴	zhì pǔ	7234	z-zh	1
调和	tiáo hé	7235	h-f	1
心意	xīn yì	7236	in-ing,j-q-x	1
就诊	jiù zhěn	7237	en-eng,z-zh,j-q-x	1
清静	qīng jìng	7238	in-ing,j-q-x	1
爽快	shuǎng kuai	7239	uan-uang,s-sh	1
免除	miǎn chú	7240	ian-iang,c-ch	1
珊瑚	shān hú	7241	an-ang,s-sh,h-f	3
生计	shēng jì	7242	en-eng,s-sh,j-q-x	1
兑换	duì huàn	7243	uan-uang,h-f	1
观望	guān wàng	7244	an-ang,uan-uang	1
和睦	hé mù	7245	h-f	1
觉察	jué chá	7247	c-ch,j-q-x	1
呕吐	ǒu tù	7248	ao-ou	1
自如	zì rú	7249	z-zh,r-l	1
名目	míng mù	7250	in-ing	1
完好	wán hǎo	7251	an-ang,ao-ou,h-f	1
珍藏	zhēn cáng	7252	en-eng,an-ang,z-zh,c-ch	1
暗杀	àn shā	7253	an-ang,s-sh	1
汹涌	xiōng yǒng	7254	j-q-x	1
好感	hǎo gǎn	7255	an-ang,ao-ou,h-f	1
就近	jiù jìn	7256	in-ing,j-q-x	1
推理	tuī lǐ	7257	n-l,r-l	1
高额	gāo é	7258	ao-ou	1
绘制	huì zhì	7259	z-zh,h-f	1
脑筋	nǎo jīn	7260	in-ing,ao-ou,n-l,j-q-x	1
宣判	xuān pàn	7261	an-ang,uan-uang,j-q-x	1
延误	yán wù	7262	an-ang	1
复活	fù huó	7263	ua-uo,h-f	1
泄露	xiè lòu	7264	ao-ou,ia-ie,n-l,r-l,j-q-x	1
勇士	yǒng shì	7265	s-sh	1
昏迷	hūn mí	7266	h-f	1
叛徒	pàn tú	7267	an-ang	1
广义	guǎng yì	7268	uan-uang	1
庆贺	qìng hè	7270	in-ing,h-f,j-q-x	1
乳房	rǔ fáng	7271	an-ang,h-f,r-l	1
限定	xiàn dìng	7272	in-ing,ian-iang,j-q-x	1
分泌	fēn mì	7273	en-eng,h-f	1
专注	zhuān zhù	7274	uan-uang,z-zh	1
国事	guó shì	7276	ua-uo,s-sh	1
惊恐	jīng kǒng	7277	in-ing,j-q-x	1
军舰	jūn jiàn	7278	ian-iang,j-q-x	1
见效	jiàn xiào	7279	ian-iang,j-q-x	1
忧伤	yōu shāng	7280	an-ang,ao-ou,s-sh	1
细微	xì wēi	7281	ai-ei,j-q-x	1
荡漾	dàng yàng	7282	an-ang	1
讲演	jiǎng yǎn	7283	an-ang,ian-iang,j-q-x	1
失落	shī luò	7284	ua-uo,s-sh,n-l,r-l	1
演示	yǎn shì	7285	an-ang,s-sh	1
开垦	kāi kěn	7286	en-eng,ai-ei	1
磨难	mó nàn	7287	an-ang,n-l	1
商讨	shāng tǎo	7288	an-ang,ao-ou,s-sh	1
相称	xiāng chèn	7289	en-eng,ian-iang,c-ch,j-q-x	1
留意	liú yì	7290	n-l,r-l	1
张贴	zhāng tiē	7291	an-ang,ia-ie,z-zh	1
简洁	jiǎn jié	7292	ian-iang,ia-ie,j-q-x	1
联结	lián jié	7293	ian-iang,ia-ie,n-l,r-l,j-q-x	1
灭绝	miè jué	7294	ia-ie,j-q-x	1
品味	pǐn wèi	7295	in-ing,ai-ei	1
野心	yě xīn	7296	in-ing,j-q-x	1
雕像	diāo xiàng	7297	ian-iang,j-q-x	1
浓缩	nóng suō	7298	ua-uo,s-sh,n-l	1
压制	yā zhì	7299	z-zh	1
挣脱	zhèng tuō	7300	en-eng,ua-uo,z-zh	1
沉闷	chén mèn	7301	en-eng,c-ch	1
悬念	xuán niàn	7302	ian-iang,uan-uang,n-l,j-q-x	1
结识	jié shí	7303	ia-ie,s-sh,j-q-x	1
学识	xué shí	7304	s-sh,j-q-x	1
隐约	yǐn yuē	7305	in-ing	1
敏捷	mǐn jié	7306	in-ing,ia-ie,j-q-x	1
检阅	jiǎn yuè	7307	ian-iang,j-q-x	1
明朗	míng lǎng	7308	in-ing,an-ang,n-l,r-l	1
方位	fāng wèi	7309	an-ang,ai-ei,h-f	1
毫升	háo shēng	7310	en-eng,ao-ou,s-sh,h-f	1
贵宾	guì bīn	7311	in-ing	1
屈服	qū fú	7312	h-f,j-q-x	1
转播	zhuǎn bō	7313	uan-uang,z-zh	1
珍稀	zhēn xī	7315	en-eng,z-zh,j-q-x	1
住所	zhù suǒ	7316	ua-uo,z-zh,s-sh	1
荒漠	huāng mò	7317	uan-uang,h-f	1
血压	xuè yā	7318	j-q-x	1
鼓动	gǔ dòng	7319		1
领悟	lǐng wù	7320	in-ing,n-l,r-l	1
判定	pàn dìng	7321	in-ing,an-ang	1
启蒙	qǐ méng	7322	en-eng,j-q-x	1
擅长	shàn cháng	7323	an-ang,c-ch,s-sh	1
破解	pò jiě	7324	ia-ie,j-q-x	1
编造	biān zào	7327	ian-iang,ao-ou,z-zh	1
骨肉	gǔ ròu	7328	ao-ou,r-l	1
劝阻	quàn zǔ	7329	uan-uang,z-zh,j-q-x	1
辨认	biàn rèn	7330	en-eng,ian-iang,r-l	1
清白	qīng bái	7331	in-ing,ai-ei,j-q-x	1
天明	tiān míng	7332	in-ing,ian-iang	1
躯体	qū tǐ	7333	j-q-x	1
才干	cái gàn	7334	an-ang,ai-ei,c-ch	1
代谢	dài xiè	7335	ai-ei,ia-ie,j-q-x	1
俗称	sú chēng	7336	en-eng,c-ch,s-sh	1
留恋	liú liàn	7337	ian-iang,n-l,r-l	1
毕生	bì shēng	7338	en-eng,s-sh	1
山脉	shān mài	7339	an-ang,ai-ei,s-sh	1
衣襟	yī jīn	7340	in-ing,j-q-x	1
撤职	chè zhí	7341	z-zh,c-ch	1
出奇	chū qí	7342	c-ch,j-q-x	1
奔腾	bēn téng	7343	en-eng	1
扫荡	sǎo dàng	7344	an-ang,ao-ou,s-sh	1
爱戴	ài dài	7345	ai-ei	1
警觉	jǐng jué	7346	in-ing,j-q-x	1
平淡	píng dàn	7347	in-ing,an-ang	1
估算	gū suàn	7348	uan-uang,s-sh	1
间隔	jiàn gé	7349	ian-iang,j-q-x	1
疑难	yí nán	7350	an-ang,n-l	1
恳求	kěn qiú	7352	en-eng,j-q-x	1
追随	zhuī suí	7353	z-zh,s-sh	1
倾诉	qīng sù	7354	in-ing,s-sh,j-q-x	1
可取	kě qǔ	7356	j-q-x	1
全能	quán néng	7357	en-eng,uan-uang,n-l,j-q-x	1
薄荷	bò he	7359	h-f	1
逃脱	táo tuō	7361	ao-ou,ua-uo	1
见闻	jiàn wén	7362	en-eng,ian-iang,j-q-x	1
驻守	zhù shǒu	7363	ao-ou,z-zh,s-sh	1
狂热	kuáng rè	7364	uan-uang,r-l	1
体贴	tǐ tiē	7365	ia-ie	1
壮举	zhuàng jǔ	7366	uan-uang,z-zh,j-q-x	1
唱片	chàng piàn	7367	an-ang,ian-iang,c-ch	1
放眼	fàng yǎn	7368	an-ang,h-f	1
牵挂	qiān guà	7369	ian-iang,ua-uo,j-q-x	1
熄灭	xī miè	7370	ia-ie,j-q-x	1
愉悦	yú yuè	7371		1
出息	chū xi	7372	c-ch,j-q-x	1
枪毙	qiāng bì	7373	ian-iang,j-q-x	1
崇敬	chóng jìng	7374	in-ing,c-ch,j-q-x	1
咀嚼	jǔ jué	7375	j-q-x	3
隐私	yǐn sī	7376	in-ing,s-sh	1
警卫	jǐng wèi	7378	in-ing,ai-ei,j-q-x	1
推选	tuī xuǎn	7379	uan-uang,j-q-x	1
头号	tóu hào	7380	ao-ou,h-f	1
优雅	yōu yǎ	7381	ao-ou	1
照常	zhào cháng	7382	an-ang,ao-ou,z-zh,c-ch	1
变幻	biàn huàn	7383	ian-iang,uan-uang,h-f	1
护送	hù sòng	7384	s-sh,h-f	1
假定	jiǎ dìng	7385	in-ing,ia-ie,j-q-x	1
绚丽	xuàn lì	7386	uan-uang,n-l,r-l,j-q-x	1
杰作	jié zuò	7387	ia-ie,ua-uo,z-zh,j-q-x	1
遗弃	yí qì	7388	j-q-x	1
报答	bào dá	7389	ao-ou	1
详尽	xiáng jìn	7390	in-ing,ian-iang,j-q-x	1
引诱	yǐn yòu	7391	in-ing,ao-ou	1
夹杂	jiā zá	7393	ia-ie,z-zh,j-q-x	1
明智	míng zhì	7394	in-ing,z-zh	1
木匠	mù jiàng	7395	ian-iang,j-q-x	1
塑像	sù xiàng	7396	ian-iang,s-sh,j-q-x	1
胃口	wèi kǒu	7398	ai-ei,ao-ou	1
著称	zhù chēng	7399	en-eng,z-zh,c-ch	1
伤痕	shāng hén	7400	en-eng,an-ang,s-sh,h-f	1
转眼	zhuǎn yǎn	7401	an-ang,uan-uang,z-zh	1
滋润	zī rùn	7402	z-zh,r-l	1
哀求	āi qiú	7403	ai-ei,j-q-x	1
疏忽	shū hu	7404	s-sh,h-f	1
藏书	cáng shū	7405	an-ang,c-ch,s-sh	1
轮椅	lún yǐ	7406	n-l,r-l	1
围困	wéi kùn	7407	ai-ei	1
撤退	chè tuì	7408	c-ch	1
留神	liú shén	7409	en-eng,s-sh,n-l,r-l	1
调试	tiáo shì	7410	s-sh	1
恋人	liàn rén	7412	en-eng,ian-iang,n-l,r-l	1
英明	yīng míng	7413	in-ing	1
暗自	àn zì	7414	an-ang,z-zh	1
劣势	liè shì	7415	ia-ie,s-sh,n-l,r-l	1
罪过	zuì guo	7416	ua-uo,z-zh	1
近邻	jìn lín	7417	in-ing,n-l,r-l,j-q-x	1
繁衍	fán yǎn	7418	an-ang,h-f	1
自制	zì zhì	7420	z-zh	1
抢先	qiǎng xiān	7421	ian-iang,j-q-x	1
别致	bié zhì	7423	ia-ie,z-zh	1
重担	zhòng dàn	7424	an-ang,z-zh	1
保佑	bǎo yòu	7425	ao-ou	1
成品	chéng pǐn	7426	en-eng,in-ing,c-ch	1
贵重	guì zhòng	7427	z-zh	1
回味	huí wèi	7428	ai-ei,h-f	1
屡次	lǚ cì	7429	c-ch,n-l,r-l	1
知晓	zhī xiǎo	7430	z-zh,j-q-x	1
诚然	chéng rán	7431	en-eng,an-ang,c-ch,r-l	1
当众	dāng zhòng	7432	an-ang,z-zh	1
服气	fú qì	7433	h-f,j-q-x	1
向导	xiàng dǎo	7434	ian-iang,ao-ou,j-q-x	1
高昂	gāo áng	7436	an-ang,ao-ou	1
自卫	zì wèi	7437	ai-ei,z-zh	1
组装	zǔ zhuāng	7438	uan-uang,z-zh	1
枯燥	kū zào	7439	ao-ou,z-zh	1
半径	bàn jìng	7441	in-ing,an-ang,j-q-x	1
低谷	dī gǔ	7442		1
画卷	huà juàn	7443	uan-uang,ua-uo,h-f,j-q-x	1
寺庙	sì miào	7444	s-sh	1
精密	jīng mì	7445	in-ing,j-q-x	1
芭蕾	bā lěi	7446	ai-ei,n-l,r-l	1
晶莹	jīng yíng	7447	in-ing,j-q-x	1
麻醉	má zuì	7448	z-zh	1
幕后	mù hòu	7449	ao-ou,h-f	1
深渊	shēn yuān	7450	en-eng,uan-uang,s-sh	1
冲锋	chōng fēng	7451	en-eng,c-ch,h-f	1
瓷器	cí qì	7452	c-ch,j-q-x	1
光泽	guāng zé	7453	uan-uang,z-zh	1
确信	què xìn	7454	in-ing,j-q-x	1
风趣	fēng qù	7455	en-eng,h-f,j-q-x	1
晃动	huàng dòng	7456	uan-uang,h-f	1
威武	wēi wǔ	7457	ai-ei	1
仪表	yí biǎo	7458		1
共性	gòng xìng	7459	in-ing,j-q-x	1
零件	líng jiàn	7460	in-ing,ian-iang,n-l,r-l,j-q-x	1
脱落	tuō luò	7461	ua-uo,n-l,r-l	1
抵触	dǐ chù	7462	c-ch	1
照搬	zhào bān	7463	an-ang,ao-ou,z-zh	1
倒闭	dǎo bì	7464	ao-ou	1
豪情	háo qíng	7465	in-ing,ao-ou,h-f,j-q-x	1
牵引	qiān yǐn	7466	in-ing,ian-iang,j-q-x	1
踪影	zōng yǐng	7467	in-ing,z-zh	1
繁多	fán duō	7468	an-ang,ua-uo,h-f	1
苦心	kǔ xīn	7469	in-ing,j-q-x	1
忧愁	yōu chóu	7470	ao-ou,c-ch	1
保养	bǎo yǎng	7471	an-ang,ao-ou	1
下马	xià mǎ	7472	ia-ie,j-q-x	1
安详	ān xiáng	7473	an-ang,ian-iang,j-q-x	1
志气	zhì qì	7474	z-zh,j-q-x	1
迷失	mí shī	7475	s-sh	1
修筑	xiū zhù	7476	z-zh,j-q-x	1
饱含	bǎo hán	7477	an-ang,ao-ou,h-f	1
复仇	fù chóu	7478	ao-ou,c-ch,h-f	1
摔跤	shuāi jiāo	7480	s-sh,j-q-x	1
舒畅	shū chàng	7481	an-ang,c-ch,s-sh	1
殿堂	diàn táng	7482	an-ang,ian-iang	1
和气	hé qi	7483	h-f,j-q-x	1
倔强	jué jiàng	7484	ian-iang,j-q-x	1
梦境	mèng jìng	7485	en-eng,in-ing,j-q-x	1
商谈	shāng tán	7486	an-ang,s-sh	1
胜地	shèng dì	7487	en-eng,s-sh	1
小贩	xiǎo fàn	7488	an-ang,h-f,j-q-x	1
回荡	huí dàng	7489	an-ang,h-f	1
雄壮	xióng zhuàng	7490	uan-uang,z-zh,j-q-x	1
方圆	fāng yuán	7492	an-ang,uan-uang,h-f	1
牧草	mù cǎo	7493	ao-ou,c-ch	1
舒展	shū zhǎn	7494	an-ang,z-zh,s-sh	1
温情	wēn qíng	7495	en-eng,in-ing,j-q-x	1
捣乱	dǎo luàn	7496	uan-uang,ao-ou,n-l,r-l	1
主宰	zhǔ zǎi	7497	ai-ei,z-zh	1
钢筋	gāng jīn	7498	in-ing,an-ang,j-q-x	1
旅途	lǚ tú	7499	n-l,r-l	1
银幕	yín mù	7500	in-ing	1
乐章	yuè zhāng	7502	an-ang,z-zh	1
证人	zhèng rén	7503	en-eng,z-zh,r-l	1
痴迷	chī mí	7504	c-ch	1
耕种	gēng zhòng	7505	en-eng,z-zh	1
恭敬	gōng jìng	7506	in-ing,j-q-x	1
接替	jiē tì	7507	ia-ie,j-q-x	1
湿度	shī dù	7508	s-sh	1
不愧	bù kuì	7509		1
张罗	zhāng luo	7510	an-ang,ua-uo,z-zh,n-l,r-l	1
狼狈	láng bèi	7511	an-ang,ai-ei,n-l,r-l	1
时速	shí sù	7512	s-sh	1
殴打	ōu dǎ	7513	ao-ou	1
屈辱	qū rǔ	7514	r-l,j-q-x	1
召唤	zhào huàn	7515	uan-uang,ao-ou,z-zh,h-f	1
欠缺	qiàn quē	7516	ian-iang,j-q-x	1
疏通	shū tōng	7517	s-sh	1
险恶	xiǎ nè	7518	ia-ie,n-l,j-q-x	1
嗓音	sǎng yīn	7519	in-ing,an-ang,s-sh	1
失控	shī kòng	7520	s-sh	1
出神	chū shén	7521	en-eng,c-ch,s-sh	1
答辩	dá biàn	7522	ian-iang	1
胆量	dǎn liàng	7523	an-ang,ian-iang,n-l,r-l	1
乞丐	qǐ gài	7524	ai-ei,j-q-x	1
含蓄	hán xù	7525	an-ang,h-f,j-q-x	1
款式	kuǎn shì	7526	uan-uang,s-sh	1
径直	jìng zhí	7527	in-ing,z-zh,j-q-x	1
谋生	móu shēng	7528	en-eng,ao-ou,s-sh	1
胡须	hú xū	7529	h-f,j-q-x	1
幻觉	huàn jué	7530	uan-uang,h-f,j-q-x	1
困苦	kùn kǔ	7531		1
转交	zhuǎn jiāo	7532	uan-uang,z-zh,j-q-x	1
安康	ān kāng	7533	an-ang	1
间隙	jiàn xì	7534	ian-iang,j-q-x	1
折扣	zhé kòu	7535	ao-ou,z-zh	1
黑客	hēi kè	7536	ai-ei,h-f	1
夜幕	yè mù	7537		1
明媚	míng mèi	7539	in-ing,ai-ei	1
孕妇	yùn fù	7540	h-f	1
面试	miàn shì	7541	ian-iang,s-sh	1
何苦	hé kǔ	7542	h-f	1
冒充	mào chōng	7543	ao-ou,c-ch	1
白酒	bái jiǔ	7545	ai-ei,j-q-x	1
追寻	zhuī xún	7547	z-zh,j-q-x	1
纵向	zòng xiàng	7548	ian-iang,z-zh,j-q-x	1
抚慰	fǔ wèi	7549	ai-ei,h-f	1
悬崖	xuán yá	7550	uan-uang,j-q-x	1
内科	nèi kē	7551	ai-ei,n-l	1
劝告	quàn gào	7552	uan-uang,ao-ou,j-q-x	1
退缩	tuì suō	7553	ua-uo,s-sh	1
心得	xīn dé	7554	in-ing,j-q-x	1
管事	guǎn shì	7555	uan-uang,s-sh	1
贫乏	pín fá	7556	in-ing,h-f	1
无耻	wú chǐ	7558	c-ch	1
厌倦	yàn juàn	7559	an-ang,uan-uang,j-q-x	1
油漆	yóu qī	7560	ao-ou,j-q-x	1
断裂	duàn liè	7561	uan-uang,ia-ie,n-l,r-l	1
本钱	běn qián	7562	en-eng,ian-iang,j-q-x	1
丑陋	chǒu lòu	7563	ao-ou,c-ch,n-l,r-l	1
低估	dī gū	7564		1
放置	fàng zhì	7565	an-ang,z-zh,h-f	1
遗嘱	yí zhǔ	7566	z-zh	1
戒备	jiè bèi	7567	ai-ei,ia-ie,j-q-x	1
劳作	láo zuò	7568	ao-ou,ua-uo,z-zh,n-l,r-l	1
绵延	mián yán	7569	an-ang,ian-iang	1
养护	yǎng hù	7570	an-ang,h-f	1
做工	zuò gōng	7571	ua-uo,z-zh	1
醒悟	xǐng wù	7572	in-ing,j-q-x	1
囚犯	qiú fàn	7573	an-ang,h-f,j-q-x	1
致意	zhì yì	7574	z-zh	1
被褥	bèi rù	7575	ai-ei,r-l	1
河谷	hé gǔ	7576	h-f	1
装扮	zhuāng bàn	7577	an-ang,uan-uang,z-zh	1
灵敏	líng mǐn	7578	in-ing,n-l,r-l	1
轻蔑	qīng miè	7579	in-ing,ia-ie,j-q-x	1
宛如	wǎn rú	7580	an-ang,r-l	1
缺失	quē shī	7581	s-sh,j-q-x	1
预感	yù gǎn	7582	an-ang	1
不凡	bù fán	7583	an-ang,h-f	1
附件	fù jiàn	7584	ian-iang,h-f,j-q-x	1
找寻	zhǎo xún	7585	ao-ou,z-zh,j-q-x	1
欺侮	qī wǔ	7586	j-q-x	1
盛夏	shèng xià	7587	en-eng,ia-ie,s-sh,j-q-x	1
萌发	méng fā	7588	en-eng,h-f	1
露面	lòu miàn	7590	ian-iang,ao-ou,n-l,r-l	1
埋葬	mái zàng	7591	an-ang,ai-ei,z-zh	1
逗留	dòu liú	7592	ao-ou,n-l,r-l	1
栖息	qī xī	7593	j-q-x	1
堆放	duī fàng	7594	an-ang,h-f	1
光顾	guāng gù	7595	uan-uang	1
心地	xīn dì	7596	in-ing,j-q-x	1
潜伏	qián fú	7597	ian-iang,h-f,j-q-x	1
侦探	zhēn tàn	7598	en-eng,an-ang,z-zh	1
痛恨	tòng hèn	7599	en-eng,h-f	1
公事	gōng shì	7600	s-sh	1
呼应	hū yìng	7601	in-ing,h-f	1
伴奏	bàn zòu	7602	an-ang,ao-ou,z-zh	1
触摸	chù mō	7603	c-ch	1
敬重	jìng zhòng	7604	in-ing,z-zh,j-q-x	1
过滤	guò lǜ	7605	ua-uo,n-l,r-l	1
呵护	hē hù	7606	h-f	1
精干	jīng gàn	7607	in-ing,an-ang,j-q-x	1
吻合	wěn hé	7608	en-eng,h-f	1
悲愤	bēi fèn	7609	en-eng,ai-ei,h-f	1
补救	bǔ jiù	7610	j-q-x	1
雷鸣	léi míng	7611	in-ing,ai-ei,n-l,r-l	1
天赋	tiān fù	7612	ian-iang,h-f	1
汇款	huì kuǎn	7613	uan-uang,h-f	1
任凭	rèn píng	7614	en-eng,in-ing,r-l	1
休养	xiū yǎng	7615	an-ang,j-q-x	1
胭脂	yān zhi	7616	an-ang,z-zh	3
典雅	diǎn yǎ	7617	ian-iang	1
警官	jǐng guān	7618	in-ing,uan-uang,j-q-x	1
可耻	kě chǐ	7619	c-ch	1
疏散	shū sàn	7620	an-ang,s-sh	1
推辞	tuī cí	7621	c-ch	1
河床	hé chuáng	7622	uan-uang,c-ch,h-f	1
鉴赏	jiàn shǎng	7623	an-ang,ian-iang,s-sh,j-q-x	1
矿物	kuàng wù	7624	uan-uang	1
着陆	zhuó lù	7625	ua-uo,z-zh,n-l,r-l	1
病魔	bìng mó	7626	in-ing	1
刺刀	cì dāo	7627	ao-ou,c-ch	1
享乐	xiǎng lè	7628	ian-iang,n-l,r-l,j-q-x	1
养分	yǎng fèn	7629	en-eng,an-ang,h-f	1
悠闲	yōu xián	7631	ian-iang,ao-ou,j-q-x	1
补给	bǔ jǐ	7632	j-q-x	1
漫漫	màn màn	7633	an-ang	1
破灭	pò miè	7634	ia-ie	1
冷酷	lěng kù	7635	en-eng,n-l,r-l	1
平整	píng zhěng	7636	en-eng,in-ing,z-zh	1
治水	zhì shuǐ	7637	z-zh,s-sh	1
酷暑	kù shǔ	7638	s-sh	1
琵琶	pí pa	7639		2
尘埃	ché nāi	7640	ai-ei,c-ch,n-l	1
绰号	chuò hào	7641	ao-ou,ua-uo,c-ch,h-f	1
仰望	yǎng wàng	7642	an-ang	1
直达	zhí dá	7643	z-zh	1
公关	gōng guān	7644	uan-uang	1
过头	guò tóu	7645	ao-ou,ua-uo	1
胜仗	shèng zhàng	7646	en-eng,an-ang,z-zh,s-sh	1
河畔	hé pàn	7647	an-ang,h-f	1
谢绝	xiè jué	7649	ia-ie,j-q-x	1
炫耀	xuàn yào	7650	uan-uang,ao-ou,j-q-x	1
守候	shǒu hòu	7651	ao-ou,s-sh,h-f	1
喧闹	xuān nào	7652	uan-uang,ao-ou,n-l,j-q-x	1
终年	zhōng nián	7653	ian-iang,z-zh,n-l	1
调集	diào jí	7655	j-q-x	1
灵通	líng tōng	7656	in-ing,n-l,r-l	1
阴沉	yīn chén	7657	en-eng,in-ing,c-ch	1
赌气	dǔ qì	7658	j-q-x	1
疲乏	pí fá	7659	h-f	1
时辰	shí chen	7660	en-eng,c-ch,s-sh	1
壮士	zhuàng shì	7661	uan-uang,z-zh,s-sh	1
交错	jiāo cuò	7662	ua-uo,c-ch,j-q-x	1
乞讨	qǐ tǎo	7663	ao-ou,j-q-x	1
混淆	hùn xiáo	7665	h-f,j-q-x	1
内行	nèi háng	7666	an-ang,ai-ei,n-l,h-f	1
升值	shēng zhí	7667	en-eng,z-zh,s-sh	1
存折	cún zhé	7668	z-zh,c-ch	1
争辩	zhēng biàn	7670	en-eng,ian-iang,z-zh	1
追击	zhuī jī	7671	z-zh,j-q-x	1
缝隙	fèng xì	7673	en-eng,h-f,j-q-x	1
旱灾	hàn zāi	7674	an-ang,ai-ei,z-zh,h-f	1
了结	liǎo jié	7675	ia-ie,n-l,r-l,j-q-x	1
收复	shōu fù	7676	ao-ou,s-sh,h-f	1
残害	cán hài	7677	an-ang,ai-ei,c-ch,h-f	1
漂浮	piāo fú	7679	h-f	1
来历	lái lì	7680	ai-ei,n-l,r-l	1
傲慢	ào màn	7681	an-ang,ao-ou	1
轻盈	qīng yíng	7682	in-ing,j-q-x	1
闪现	shǎn xiàn	7683	an-ang,ian-iang,s-sh,j-q-x	1
依附	yī fù	7684	h-f	1
照旧	zhào jiù	7685	ao-ou,z-zh,j-q-x	1
伪装	wěi zhuāng	7686	uan-uang,ai-ei,z-zh	1
轻快	qīng kuài	7687	in-ing,j-q-x	1
街坊	jiē fang	7688	an-ang,ia-ie,h-f,j-q-x	1
险些	xiǎn xiē	7689	ian-iang,ia-ie,j-q-x	1
抽签	chōu qiān	7690	ian-iang,ao-ou,c-ch,j-q-x	1
电能	diàn néng	7691	en-eng,ian-iang,n-l	1
拐杖	guǎi zhàng	7692	an-ang,z-zh	1
朝代	cháo dài	7693	ai-ei,ao-ou,c-ch	1
凑巧	còu qiǎo	7694	ao-ou,c-ch,j-q-x	1
起劲	qǐ jìn	7696	in-ing,j-q-x	1
顺畅	shùn chàng	7697	an-ang,c-ch,s-sh	1
唠叨	láo dao	7698	ao-ou,n-l,r-l	1
如愿	rú yuàn	7699	uan-uang,r-l	1
悠扬	yōu yáng	7701	an-ang,ao-ou	1
恰巧	qià qiǎo	7702	ia-ie,j-q-x	1
探究	tàn jiū	7703	an-ang,j-q-x	1
匣子	xiá zi	7704	ia-ie,z-zh,j-q-x	1
衣衫	yī shān	7705	an-ang,s-sh	1
断言	duàn yán	7706	an-ang,uan-uang	1
监护	jiān hù	7707	ian-iang,h-f,j-q-x	1
奋发	fèn fā	7708	en-eng,h-f	1
成名	chéng míng	7709	en-eng,in-ing,c-ch	1
驰名	chí míng	7710	in-ing,c-ch	1
单薄	dān bó	7711	an-ang	1
腐烂	fǔ làn	7712	an-ang,n-l,h-f,r-l	1
情理	qíng lǐ	7713	in-ing,n-l,r-l,j-q-x	1
自卑	zì bēi	7714	ai-ei,z-zh	1
发问	fā wèn	7715	en-eng,h-f	1
衰落	shuāi luò	7716	ua-uo,s-sh,n-l,r-l	1
寺院	sì yuàn	7717	uan-uang,s-sh	1
浸泡	jìn pào	7718	in-ing,ao-ou,j-q-x	1
包容	bāo róng	7719	ao-ou,r-l	1
寓意	yù yì	7720		1
牵涉	qiān shè	7721	ian-iang,s-sh,j-q-x	1
远古	yuǎn gǔ	7722	uan-uang	1
冷清	lěng qing	7723	en-eng,in-ing,n-l,r-l,j-q-x	1
严酷	yán kù	7724	an-ang	1
宠物	chǒng wù	7725	c-ch	1
创举	chuàng jǔ	7726	uan-uang,c-ch,j-q-x	1
拘束	jū shù	7727	s-sh,j-q-x	1
先天	xiān tiān	7728	ian-iang,j-q-x	1
逼真	bī zhēn	7729	en-eng,z-zh	1
乏力	fá lì	7731	n-l,h-f,r-l	1
服侍	fú shi	7732	s-sh,h-f	1
打消	dǎ xiāo	7733	j-q-x	1
空旷	kōng kuàng	7734	uan-uang	1
卑鄙	bēi bǐ	7735	ai-ei	1
光阴	guāng yīn	7736	in-ing,uan-uang	1
迷恋	mí liàn	7737	ian-iang,n-l,r-l	1
遮掩	zhē yǎn	7738	an-ang,z-zh	1
陈设	chén shè	7739	en-eng,c-ch,s-sh	1
反攻	fǎn gōng	7740	an-ang,h-f	1
料理	liào lǐ	7741	n-l,r-l	1
蔑视	miè shì	7742	ia-ie,s-sh	1
学徒	xué tú	7743	j-q-x	1
邮寄	yóu jì	7744	ao-ou,j-q-x	1
磁性	cí xìng	7745	in-ing,c-ch,j-q-x	1
低沉	dī chén	7746	en-eng,c-ch	1
家畜	jiā chù	7747	ia-ie,c-ch,j-q-x	1
