一丁不识	yī dīng bù shí	1	in-ing,s-sh	1
一不小心	yí bù xiǎo xīn	3	in-ing,j-q-x	1
一不扭众	yī bù niǔ zhòng	4	z-zh,n-l	1
一丝不差	yì sī bù chā	7	c-ch,s-sh	1
一丝不紊	yī sī bù wěn	9	en-eng,s-sh	1
一个半个	yī gè bàn gè	13	an-ang	1
一个心眼	yí gè xīn yǎn	15	in-ing,an-ang,j-q-x	1
一举万里	yī jǔ wàn lǐ	18	an-ang,n-l,r-l,j-q-x	1
一之为甚	yī zhī wéi shèn	20	en-eng,ai-ei,z-zh,s-sh	1
一之已甚	yī zhī yǐ shèn	21	en-eng,z-zh,s-sh	1
一之谓甚	yī zhī wèi shèn	22	en-eng,ai-ei,z-zh,s-sh	1
一乱涂地	yī luàn tú dì	23	uan-uang,n-l,r-l	1
一了百当	yī liǎo bǎi dàng	26	an-ang,ai-ei,n-l,r-l	1
一事不知	yī shì bù zhī	28	z-zh,s-sh	1
一些半些	yī xiē bàn xiē	32	an-ang,ia-ie,j-q-x	1
一人有庆	yī rén yǒu qìng	34	en-eng,in-ing,ao-ou,r-l,j-q-x	1
一仆二主	yī pú èr zhǔ	35	z-zh	1
一介不取	yī jiè bù qǔ	36	ia-ie,j-q-x	1
一介不苟	yī jiè bù gǒu	37	ao-ou,ia-ie,j-q-x	1
一代楷模	yī dài kǎi mó	40	ai-ei	1
一代风流	yī dài fēng liú	41	en-eng,ai-ei,n-l,h-f,r-l	1
一以当十	yī yǐ dāng shí	43	an-ang,s-sh	1
一以当百	yī yǐ dāng bǎi	44	an-ang,ai-ei	1
一体两面	yì tǐ liǎng miàn	52	ian-iang,n-l,r-l	1
一体同心	yī tǐ tóng xīn	53	in-ing,j-q-x	1
一佛出世	yī fó chū shì	54	c-ch,s-sh,h-f	1
一倡一和	yī chàng yī hé	57	an-ang,c-ch,h-f	1
一倡三叹	yī chàng sān tàn	58	an-ang,c-ch,s-sh	1
一倡百和	yī chàng bǎi hè	59	an-ang,ai-ei,c-ch,h-f	1
一偏之见	yī piān zhī jiàn	60	ian-iang,z-zh,j-q-x	1
一偏之论	yī piān zhī lùn	61	ian-iang,z-zh,n-l,r-l	1
一元大武	yī yuán dà wǔ	63	uan-uang	1
一分一毫	yī fēn yī háo	70	en-eng,ao-ou,h-f	1
一切万物	yī qiē wàn wù	76	an-ang,ia-ie,j-q-x	1
一切众生	yī qiè zhòng shēng	77	en-eng,ia-ie,z-zh,s-sh,j-q-x	1
一剑之任	yī jiàn zhī rèn	79	en-eng,ian-iang,z-zh,r-l,j-q-x	1
一力承当	yī lì chéng dāng	81	en-eng,an-ang,c-ch,n-l,r-l	1
一包在内	yī bāo zài nèi	85	ai-ei,ao-ou,z-zh,n-l	1
一匡九合	yī kuāng jiǔ hé	86	uan-uang,h-f,j-q-x	3
一卧不起	yī wò bù qǐ	91	j-q-x	1
一双两好	yī shuāng liǎng hǎo	95	ian-iang,uan-uang,ao-ou,s-sh,n-l,h-f,r-l	1
一反其道	yī fǎn qí dào	96	an-ang,ao-ou,h-f,j-q-x	1
一口两匙	yī kǒu liǎng chí	99	ian-iang,ao-ou,c-ch,n-l,r-l	1
一口同声	yī kǒu tóng shēng	100	en-eng,ao-ou,s-sh	1
一口同音	yī kǒu tóng yīn	101	in-ing,ao-ou	1
一口咬定	yì kǒu yǎo dìng	103	in-ing,ao-ou	1
一叶扁舟	yí yè piān zhōu	107	ian-iang,ao-ou,z-zh	1
一叶报秋	yī yè bào qiū	108	ao-ou,j-q-x	1
一叶迷山	yī yè mí shān	111	an-ang,s-sh	1
一叶障目	yī yè zhàng mù	112	an-ang,z-zh	1
一呵而就	yī hē ér jiù	117	h-f,j-q-x	1
一呼再喏	yī hū zài nuò	118	ai-ei,ua-uo,z-zh,n-l,h-f	3
一哭二闹	yì kū èr nào	125	ao-ou,n-l	1
一喷一醒	yī pēn yī xǐng	128	en-eng,in-ing,j-q-x	1
一场春梦	yī chǎng chūn mèng	132	en-eng,an-ang,c-ch	1
一坐尽倾	yī zuò jìn qīng	136	in-ing,ua-uo,z-zh,j-q-x	1
一坐尽惊	yī zuò jìn jīng	137	in-ing,ua-uo,z-zh,j-q-x	1
一声不吭	yī shēng bù kēng	141	en-eng,s-sh	1
一夔一契	yī kuí yī qì	143	j-q-x	3
一夕一朝	yī xī yī zhāo	144	ao-ou,z-zh,j-q-x	1
一夕之间	yì xī zhī jiān	145	ian-iang,z-zh,j-q-x	1
一夜走红	yí yè zǒu hóng	148	ao-ou,z-zh,h-f	1
一天一地	yī tiān yī dì	154	ian-iang	1
一天星斗	yī tiān xīng dǒu	155	in-ing,ian-iang,ao-ou,j-q-x	1
一夫之勇	yī fū zhī yǒng	157	z-zh,h-f	1
一夫之用	yī fū zhī yòng	158	z-zh,h-f	1
一夫当关	yī fū dāng guān	159	an-ang,uan-uang,h-f	1
一孔不达	yī kǒng bù dá	163		1
一字一句	yī zì yī jù	165	z-zh,j-q-x	1
一字不易	yī zì bù yì	166	z-zh	1
一字不苟	yī zì bù gǒu	167	ao-ou,z-zh	1
一字长城	yī zì cháng chéng	168	en-eng,an-ang,z-zh,c-ch	1
一定不易	yī dìng bù yì	171	in-ing	1
一定不移	yī dìng bù yí	172	in-ing	1
一家一火	yī jiā yī huǒ	176	ia-ie,ua-uo,h-f,j-q-x	1
一家一计	yī jiā yī jì	177	ia-ie,j-q-x	1
一家之主	yī jiā zhī zhǔ	178	ia-ie,z-zh,j-q-x	1
一家之作	yī jiā zhī zuò	179	ia-ie,ua-uo,z-zh,j-q-x	1
一家之学	yī jiā zhī xué	180	ia-ie,z-zh,j-q-x	1
一家之计	yī jiā zhī jì	182	ia-ie,z-zh,j-q-x	1
一家之辞	yī jiā zhī cí	183	ia-ie,z-zh,c-ch,j-q-x	1
一家无二	yī jiā wú èr	186	ia-ie,j-q-x	1
一家眷属	yī jiā juàn shǔ	187	uan-uang,ia-ie,s-sh,j-q-x	1
一家老小	yī jiā lǎo xiǎo	188	ao-ou,ia-ie,n-l,r-l,j-q-x	1
一射之地	yī shè zhī dì	190	z-zh,s-sh	1
一尘不到	yī chén bù dào	192	en-eng,ao-ou,c-ch	1
一尘不缁	yī chén bù zī	194	en-eng,z-zh,c-ch	3
一岁载赦	yī suì zài shè	199	ai-ei,z-zh,s-sh	1
一差两讹	yī chà liǎng é	200	ian-iang,c-ch,n-l,r-l	1
一差二误	yī chà èr wù	202	c-ch	1
一差半错	yī chà bàn cuò	204	an-ang,ua-uo,c-ch	1
一己之见	yī jǐ zhī jiàn	205	ian-iang,z-zh,j-q-x	1
一帆顺风	yī fān shùn fēng	206	en-eng,an-ang,s-sh,h-f	1
一干人犯	yī gān rén fàn	213	en-eng,an-ang,h-f,r-l	1
一年一度	yī nián yī dù	214	ian-iang,n-l	1
一床两好	yī chuáng liǎng hǎo	219	ian-iang,uan-uang,ao-ou,c-ch,n-l,h-f,r-l	1
一弹指顷	yī tán zhǐ qǐng	224	in-ing,an-ang,z-zh,j-q-x	1
一彻万融	yī chè wàn róng	225	an-ang,c-ch,r-l	1
一得之功	yī dé zhī gōng	227	z-zh	1
一得之愚	yī dé zhī yú	228	z-zh	1
一心同体	yī xīn tóng tǐ	231	in-ing,j-q-x	1
一心同功	yī xīn tóng gōng	232	in-ing,j-q-x	1
一心同归	yī xīn tóng guī	233	in-ing,j-q-x	1
一心向往	yì xīn xiàng wǎng	234	in-ing,an-ang,ian-iang,j-q-x	1
一念之间	yí niàn zhī jiān	236	ian-iang,z-zh,n-l,j-q-x	1
一怒之下	yí nù zhī xià	237	ia-ie,z-zh,n-l,j-q-x	1
一息奄奄	yī xī yǎn yǎn	239	an-ang,j-q-x	3
一成不易	yī chéng bù yì	243	en-eng,c-ch	1
一把死拿	yī bǎ sǐ ná	252	s-sh,n-l	1
一抔黄沙	yì póu huáng shā	254	uan-uang,ao-ou,s-sh,h-f	3
一掷百万	yī zhì bǎi wàn	260	an-ang,ai-ei,z-zh	1
一支半节	yī zhī bàn jié	262	an-ang,ia-ie,z-zh,j-q-x	1
一方之任	yī fāng zhī rèn	268	en-eng,an-ang,z-zh,h-f,r-l	1
一无可取	yī wú kě qǔ	270	j-q-x	1
一无所长	yī wú suǒ cháng	276	an-ang,ua-uo,c-ch,s-sh	1
一无长物	yī wú cháng wù	278	an-ang,c-ch	1
一日万几	yī rì wàn jǐ	279	an-ang,r-l,j-q-x	1
一日万机	yī rì wàn jī	280	an-ang,r-l,j-q-x	1
一日万里	yī rì wàn lǐ	281	an-ang,n-l,r-l	1
一日三省	yī rì sān xǐng	282	in-ing,an-ang,s-sh,r-l,j-q-x	1
一日三秋	yí rì sān qiū	283	an-ang,s-sh,r-l,j-q-x	1
一日之长	yī rì zhī cháng	284	an-ang,z-zh,c-ch,r-l	1
一时伯仲	yī shí bó zhòng	287	z-zh,s-sh	1
一时千载	yī shí qiān zǎi	288	ian-iang,ai-ei,z-zh,s-sh,j-q-x	1
一时得逞	yì shí dé chěng	290	en-eng,c-ch,s-sh	1
一时疏忽	yì shí shū hū	291	s-sh,h-f	1
一暝不视	yī míng bù shì	297	in-ing,s-sh	3
一暴十寒	yī pù shí hán	298	an-ang,s-sh,h-f	1
一曝十寒	yī pù shí hán	299	an-ang,s-sh,h-f	1
一曲阳关	yī qǔ yáng guān	300	an-ang,uan-uang,j-q-x	1
一望无涯	yí wàng wú yá	305	an-ang	1
一望而知	yī wàng ér zhī	307	an-ang,z-zh	1
一朝之忿	yī zhāo zhī fèn	310	en-eng,ao-ou,z-zh,h-f	1
一朝之患	yī zhāo zhī huàn	311	uan-uang,ao-ou,z-zh,h-f	1
一朝千里	yī zhāo qiān lǐ	312	ian-iang,ao-ou,z-zh,n-l,r-l,j-q-x	1
一木难支	yī mù nán zhī	315	an-ang,z-zh,n-l	1
一本万利	yī běn wàn lì	316	en-eng,an-ang,n-l,r-l	1
一枕南柯	yī zhěn nán kē	321	en-eng,an-ang,z-zh,n-l	3
一枝一栖	yī zhī yī qī	322	z-zh,j-q-x	1
一枝一节	yī zhī yī jié	323	ia-ie,z-zh,j-q-x	1
一枝之栖	yī zhī zhī qī	324	z-zh,j-q-x	1
一栖两雄	yī qī liǎng xióng	326	ian-iang,n-l,r-l,j-q-x	1
一梦华胥	yī mèng huá xū	327	en-eng,ua-uo,h-f,j-q-x	3
一榻横陈	yī tà héng chén	331	en-eng,c-ch,h-f	3
一模二样	yī mó èr yàng	333	an-ang	1
一步一步	yí bù yí bù	336		1
一步一趋	yī bù yī qū	337	j-q-x	1
一步步地	yí bù bù de	339		1
一死了之	yī sǐ liǎo zhī	340	z-zh,s-sh,n-l,r-l	1
一毫不差	yī háo bù chā	342	ao-ou,c-ch,h-f	1
一毫不染	yī háo bù rǎn	343	an-ang,ao-ou,h-f,r-l	1
一毫不苟	yī háo bù gǒu	344	ao-ou,h-f	1
一民同俗	yī mín tóng sú	345	in-ing,s-sh	1
一气之下	yí qì zhī xià	346	ia-ie,z-zh,j-q-x	1
一沓钞票	yì dá chāo piào	350	ao-ou,c-ch	3
一波万波	yī bō wàn bō	351	an-ang	1
一泻万里	yī xiè wàn lǐ	354	an-ang,ia-ie,n-l,r-l,j-q-x	1
一派胡言	yí pài hú yán	356	an-ang,ai-ei,h-f	1
一浆十饼	yī jiāng shí bǐng	359	in-ing,ian-iang,s-sh,j-q-x	1
一清宿弊	yì qīng sù bì	361	in-ing,s-sh,j-q-x	1
一溜歪斜	yī liù wāi xié	364	ai-ei,ia-ie,n-l,r-l,j-q-x	1
一熏一莸	yī xūn yī yóu	370	ao-ou,j-q-x	3
一片丹心	yī piàn dān xīn	372	in-ing,an-ang,ian-iang,j-q-x	1
一片宫商	yī piàn gōng shāng	374	an-ang,ian-iang,s-sh	1
一片散沙	yī piàn sǎn shā	375	an-ang,ian-iang,s-sh	1
一片昏黑	yí piàn hūn hēi	376	ian-iang,ai-ei,h-f	1
一片汪洋	yī piàn wāng yáng	377	an-ang,ian-iang	1
一片混乱	yí piàn hùn luàn	378	ian-iang,uan-uang,n-l,h-f,r-l	1
一片焦土	yī piàn jiāo tǔ	379	ian-iang,j-q-x	1
一片空白	yí piàn kòng bái	380	ian-iang,ai-ei	1
一牛吼地	yī niú hǒu dì	381	ao-ou,n-l,h-f	1
一牛鸣地	yī niú míng dì	382	in-ing,n-l	1
一物不知	yī wù bù zhī	383	z-zh	1
一狐之掖	yī hú zhī yè	385	z-zh,h-f	3
一现昙华	yī xiàn tán huā	386	an-ang,ian-iang,ua-uo,h-f,j-q-x	3
一男半女	yī nán bàn nǚ	388	an-ang,n-l	1
一目五行	yī mù wǔ háng	397	an-ang,h-f	1
一目数行	yī mù shù háng	399	an-ang,s-sh,h-f	1
一相情原	yī xiāng qíng yuán	402	in-ing,ian-iang,uan-uang,j-q-x	1
一相情愿	yī xiāng qíng yuàn	403	in-ing,ian-iang,uan-uang,j-q-x	1
一瞑不视	yī míng bù shì	404	in-ing,s-sh	3
一知半见	yī zhī bàn jiàn	405	an-ang,ian-iang,z-zh,j-q-x	1
一知片解	yī zhī piàn jiě	407	ian-iang,ia-ie,z-zh,j-q-x	1
一碧万顷	yī bì wàn qǐng	411	in-ing,an-ang,j-q-x	1
一秉大公	yī bǐng dà gōng	413	in-ing	1
一空依傍	yī kōng yī bàng	415	an-ang	1
一笑了之	yī xiào liǎo zhī	419	z-zh,n-l,r-l,j-q-x	1
一笑了事	yī xiào le shì	420	s-sh,n-l,r-l,j-q-x	1
一笔不苟	yī bǐ bù gǒu	421	ao-ou	1
一笔勾断	yī bǐ gōu duàn	422	uan-uang,ao-ou	1
一笔勾消	yī bǐ gōu xiāo	423	ao-ou,j-q-x	1
一笔抹煞	yī bǐ mǒ shā	428	s-sh	1
一箭上垛	yī jiàn shàng duò	431	an-ang,ian-iang,ua-uo,s-sh,j-q-x	1
一箭之地	yī jiàn zhī dì	432	ian-iang,z-zh,j-q-x	1
一篇文章	yì piān wén zhāng	433	en-eng,an-ang,ian-iang,z-zh	1
一索得男	yī suǒ dé nán	436	an-ang,ua-uo,s-sh,n-l	1
一线之隔	yí xiàn zhī gé	438	ian-iang,z-zh,j-q-x	1
一缘一会	yī yuán yī huì	439	uan-uang,h-f	1
一网尽扫	yī wǎng jìn sǎo	440	in-ing,an-ang,ao-ou,s-sh,j-q-x	1
一肢一节	yī zhī yī jié	447	ia-ie,z-zh,j-q-x	1
一肢半节	yī zhī bàn jié	448	an-ang,ia-ie,z-zh,j-q-x	1
一脉同气	yī mài tóng qì	449	ai-ei,j-q-x	1
一脉香烟	yī mài xiāng yān	453	an-ang,ian-iang,ai-ei,j-q-x	1
一脚不移	yī jiǎo bù yí	454	j-q-x	1
一苇可航	yī wěi kě háng	461	an-ang,ai-ei,h-f	1
一虎不河	yī hǔ bù hé	463	h-f	1
一蛇两头	yī shé liǎng tóu	464	ian-iang,ao-ou,s-sh,n-l,r-l	1
一行作吏	yī xíng zuò lì	468	in-ing,ua-uo,z-zh,n-l,r-l,j-q-x	1
一见了然	yī jiàn liǎo rán	470	an-ang,ian-iang,n-l,r-l,j-q-x	1
一见如旧	yī jiàn rú jiù	473	ian-iang,r-l,j-q-x	1
一览无遗	yì lǎn wú yí	476	an-ang,n-l,r-l	1
一言不发	yī yán bù fā	482	an-ang,h-f	1
一言两语	yī yán liǎng yǔ	483	an-ang,ian-iang,n-l,r-l	1
一言丧邦	yī yán sàng bāng	484	an-ang,s-sh	1
一言中的	yì yán zhòng dì	485	an-ang,z-zh	1
一言兴邦	yī yán xīng bāng	488	in-ing,an-ang,j-q-x	1
一言半句	yī yán bàn jù	489	an-ang,j-q-x	1
一言半语	yī yán bàn yǔ	490	an-ang	1
一语中人	yī yǔ zhòng rén	492	en-eng,z-zh,r-l	1
一谷不升	yī gǔ bù shēng	498	en-eng,s-sh	1
一谷不登	yī gǔ bù dēng	499	en-eng	1
一跌不振	yī diē bù zhèn	506	en-eng,ia-ie,z-zh	1
一路平安	yí lù píng ān	507	in-ing,an-ang,n-l,r-l	1
一路神祇	yī lù shén qí	508	en-eng,s-sh,n-l,r-l,j-q-x	3
一路风尘	yī lù fēng chén	510	en-eng,c-ch,n-l,h-f,r-l	1
一路风清	yī lù fēng qīng	511	en-eng,in-ing,n-l,h-f,r-l,j-q-x	1
一蹴可几	yī cù kě jǐ	512	c-ch,j-q-x	3
一蹴而得	yī cù ér dé	514	c-ch	3
一蹶不兴	yī juě bù xīng	515	in-ing,j-q-x	3
一身两头	yī shēn liǎng tóu	517	en-eng,ian-iang,ao-ou,s-sh,n-l,r-l	1
一身二任	yī shēn èr rèn	518	en-eng,s-sh,r-l	1
一轨同风	yī guǐ tóng fēng	521	en-eng,h-f	1
一轰而散	yī hōng ér sàn	523	an-ang,s-sh,h-f	1
一辞同轨	yī cí tóng guǐ	524	c-ch	1
一辞莫赞	yī cí mò zàn	525	an-ang,z-zh,c-ch	1
一迎一和	yī yíng yī hé	527	in-ing,h-f	1
一还一报	yī huán yī bào	528	uan-uang,ao-ou,h-f	1
一邱之貉	yī qiū zhī hé	532	z-zh,h-f,j-q-x	3
一重一掩	yī chóng yī yǎn	534	an-ang,c-ch	1
一钱不名	yī qián bù míng	537	in-ing,ian-iang,j-q-x	1
一长一短	yī cháng yī duǎn	540	an-ang,uan-uang,c-ch	1
一长两短	yī cháng liǎng duǎn	541	an-ang,ian-iang,uan-uang,c-ch,n-l,r-l	1
一长二短	yī cháng èr duǎn	543	an-ang,uan-uang,c-ch	1
一长半短	yī cháng bàn duǎn	544	an-ang,uan-uang,c-ch	1
一门同气	yī mén tóng qì	545	en-eng,j-q-x	1
一隅之地	yī yú zhī dì	550	z-zh	1
一隅之见	yī yú zhī jiàn	551	ian-iang,z-zh,j-q-x	1
一隅之说	yī yú zhī shuō	552	ua-uo,z-zh,s-sh	1
一面之缘	yí miàn zhī yuán	555	ian-iang,uan-uang,z-zh	1
一面之识	yī miàn zhī shí	556	ian-iang,z-zh,s-sh	1
一鞭先著	yī biān xiān zhuó	559	ian-iang,ua-uo,z-zh,j-q-x	1
一飞冲天	yī fēi chōng tiān	561	ian-iang,ai-ei,c-ch,h-f	1
一鳞一爪	yī lín yī zhǎo	566	in-ing,ao-ou,z-zh,n-l,r-l	1
一鳞片爪	yī lín piàn zhǎo	568	in-ing,ian-iang,ao-ou,z-zh,n-l,r-l	1
一鳞片甲	yī lín piàn jiǎ	569	in-ing,ian-iang,ia-ie,n-l,r-l,j-q-x	1
一齐众楚	yī qí zhòng chǔ	572	z-zh,c-ch,j-q-x	1
一龙一蛇	yī lóng yī shé	573	s-sh,n-l,r-l	1
丁一卯二	dīng yī mǎo èr	574	in-ing,ao-ou	1
丁一确二	dīng yī què èr	575	in-ing,j-q-x	1
丁丁当当	dīng dīng dāng dāng	577	in-ing,an-ang	1
丁公凿井	dīng gōng záo jǐng	581	in-ing,ao-ou,z-zh,j-q-x	1
丁零当啷	dīng líng dāng lāng	597	in-ing,an-ang,n-l,r-l	3
七上八落	qī shàng bā luò	601	an-ang,ua-uo,s-sh,n-l,r-l,j-q-x	1
七了八当	qī le bā dāng	602	an-ang,n-l,r-l,j-q-x	1
七大八小	qī dà bā xiǎo	607	j-q-x	1
七尺之躯	qī chǐ zhī qū	609	z-zh,c-ch,j-q-x	1
七开八得	qī kāi bā dé	610	ai-ei,j-q-x	1
七担八挪	qī dān bā nuó	613	an-ang,ua-uo,n-l,j-q-x	1
七拉八扯	qī lā bā chě	614	c-ch,n-l,r-l,j-q-x	1
七拱八翘	qī gǒng bā qiào	615	j-q-x	1
七擒七纵	qī qín qī zòng	616	in-ing,z-zh,j-q-x	1
七棱八瓣	qī léng bā bàn	617	en-eng,an-ang,n-l,r-l,j-q-x	1
七横八竖	qī héng bā shù	618	en-eng,s-sh,h-f,j-q-x	1
七步八叉	qī bù bā chā	620	c-ch,j-q-x	1
七病八倒	qī bìng bā dǎo	621	in-ing,ao-ou,j-q-x	1
七相五公	qī xiāng wǔ gōng	622	ian-iang,j-q-x	1
七窍冒火	qī qiào mào huǒ	623	ao-ou,ua-uo,h-f,j-q-x	1
七纵七擒	qī zòng qī qín	624	in-ing,z-zh,j-q-x	1
七纵七禽	qī zòng qī qín	625	in-ing,z-zh,j-q-x	1
七纵八横	qī zòng bā héng	626	en-eng,z-zh,h-f,j-q-x	1
七老八倒	qī lǎo bā dǎo	627	ao-ou,n-l,r-l,j-q-x	1
七行俱下	qī háng jù xià	628	an-ang,ia-ie,h-f,j-q-x	1
七言八语	qī yán bā yǔ	629	an-ang,j-q-x	1
七返还丹	qī fǎn huán dān	630	an-ang,uan-uang,h-f,j-q-x	1
七长八短	qī cháng bā duǎn	631	an-ang,uan-uang,c-ch,j-q-x	1
七颠八倒	qī diān bā dǎo	633	ian-iang,ao-ou,j-q-x	1
万万千千	wàn wàn qiān qiān	636	an-ang,ian-iang,j-q-x	1
万不失一	wàn bù shī yī	640	an-ang,s-sh	1
万世一时	wàn shì yī shí	643	an-ang,s-sh	1
万世不易	wàn shì bù yì	644	an-ang,s-sh	1
万世师表	wàn shì shī biǎo	645	an-ang,s-sh	1
万世无疆	wàn shì wú jiāng	646	an-ang,ian-iang,s-sh,j-q-x	1
万世流芳	wàn shì liú fāng	647	an-ang,s-sh,n-l,h-f,r-l	1
万事俱备	wàn shì jù bèi	650	an-ang,ai-ei,s-sh,j-q-x	1
万人之敌	wàn rén zhī dí	653	en-eng,an-ang,z-zh,r-l	1
万代千秋	wàn dài qiān qiū	656	an-ang,ian-iang,ai-ei,j-q-x	1
万全之计	wàn quán zhī jì	663	an-ang,uan-uang,z-zh,j-q-x	1
万别千差	wàn bié qiān chā	665	an-ang,ian-iang,ia-ie,c-ch,j-q-x	1
万口一词	wàn kǒu yī cí	671	an-ang,ao-ou,c-ch	1
万口一谈	wàn kǒu yī tán	672	an-ang,ao-ou	1
万口一辞	wàn kǒu yī cí	673	an-ang,ao-ou,c-ch	1
万古千秋	wàn gǔ qiān qiū	675	an-ang,ian-iang,j-q-x	1
万古留芳	wàn gǔ liú fāng	677	an-ang,n-l,h-f,r-l	1
万古长存	wàn gǔ cháng cún	678	an-ang,c-ch	1
万古长春	wàn gǔ cháng chūn	679	an-ang,c-ch	1
万壑争流	wàn hè zhēng liú	682	en-eng,an-ang,z-zh,n-l,h-f,r-l	3
万壑千岩	wàn hè qiān yán	683	an-ang,ian-iang,h-f,j-q-x	3
万夫不当	wàn fū bù dāng	684	an-ang,h-f	1
万夫莫当	wàn fū mò dāng	686	an-ang,h-f	1
万头攒动	wàn tóu cuán dòng	687	an-ang,uan-uang,ao-ou,c-ch	3
万家生佛	wàn jiā shēng fó	690	en-eng,an-ang,ia-ie,s-sh,h-f,j-q-x	1
万岁千秋	wàn suì qiān qiū	693	an-ang,ian-iang,s-sh,j-q-x	1
万年无疆	wàn nián wú jiāng	696	an-ang,ian-iang,n-l,j-q-x	1
万应灵丹	wàn yìng líng dān	699	in-ing,an-ang,n-l,r-l	1
万念俱寂	wàn niàn jù jì	701	an-ang,ian-iang,n-l,j-q-x	1
万恨千愁	wàn hèn qiān chóu	703	en-eng,an-ang,ian-iang,ao-ou,c-ch,h-f,j-q-x	1
万户千门	wàn hù qiān mén	706	en-eng,an-ang,ian-iang,h-f,j-q-x	1
万死一生	wàn sǐ yī shēng	713	en-eng,an-ang,s-sh	1
万死犹轻	wàn sǐ yóu qīng	715	in-ing,an-ang,ao-ou,s-sh,j-q-x	1
万民涂炭	wàn mín tú tàn	717	in-ing,an-ang	1
万流景仰	wàn liú jǐng yǎng	719	in-ing,an-ang,n-l,r-l,j-q-x	1
万目睚眦	wàn mù yá zì	723	an-ang,z-zh	3
万目睽睽	wàn mù kuí kuí	724	an-ang	3
万签插架	wàn qiān chā jià	727	an-ang,ian-iang,ia-ie,c-ch,j-q-x	1
万箭攒心	wàn jiàn cuán xīn	728	in-ing,an-ang,ian-iang,uan-uang,c-ch,j-q-x	3
万箭穿心	wàn jiàn chuān xīn	729	in-ing,an-ang,ian-iang,uan-uang,c-ch,j-q-x	1
万籁无声	wàn lài wú shēng	732	en-eng,an-ang,ai-ei,s-sh,n-l,r-l	3
万绪千头	wàn xù qiān tóu	734	an-ang,ian-iang,ao-ou,j-q-x	1
万绪千端	wàn xù qiān duān	735	an-ang,ian-iang,uan-uang,j-q-x	1
万缕千丝	wàn lǚ qiān sī	736	an-ang,ian-iang,s-sh,n-l,r-l,j-q-x	1
万苦千辛	wàn kǔ qiān xīn	741	in-ing,an-ang,ian-iang,j-q-x	1
万语千言	wàn yǔ qiān yán	742	an-ang,ian-iang,j-q-x	1
万象森罗	wàn xiàng sēn luó	745	en-eng,an-ang,ian-iang,ua-uo,s-sh,n-l,r-l,j-q-x	1
万贯家私	wàn guàn jiā sī	747	an-ang,uan-uang,ia-ie,s-sh,j-q-x	1
万贯家财	wàn guàn jiā cái	748	an-ang,uan-uang,ai-ei,ia-ie,c-ch,j-q-x	1
万赖俱寂	wàn lài jù jì	749	an-ang,ai-ei,n-l,r-l,j-q-x	1
万赖无声	wàn lài wú shēng	750	en-eng,an-ang,ai-ei,s-sh,n-l,r-l	1
万载千秋	wàn zài qiān qiū	751	an-ang,ian-iang,ai-ei,z-zh,j-q-x	1
万选青钱	wàn xuǎn qīng qián	752	in-ing,an-ang,ian-iang,uan-uang,j-q-x	1
万里迢迢	wàn lǐ tiáo tiáo	754	an-ang,n-l,r-l	1
万里鹏程	wàn lǐ péng chéng	757	en-eng,an-ang,c-ch,n-l,r-l	1
万里鹏翼	wàn lǐ péng yì	758	en-eng,an-ang,n-l,r-l	1
丈二和尚	zhàng èr hé shàng	765	an-ang,z-zh,s-sh,h-f	1
丈八蛇矛	zhàng bā shé máo	766	an-ang,ao-ou,z-zh,s-sh	1
三不拗六	sān bù niù liù	769	an-ang,s-sh,n-l,r-l	1
三个世界	sān gè shì jiè	772	an-ang,ia-ie,s-sh,j-q-x	1
三个面向	sān gè miàn xiàng	773	an-ang,ian-iang,s-sh,j-q-x	1
三亲六眷	sān qīn liù juàn	776	in-ing,an-ang,uan-uang,s-sh,n-l,r-l,j-q-x	1
三亲四眷	sān qīn sì juàn	777	in-ing,an-ang,uan-uang,s-sh,j-q-x	1
三人为众	sān rén wèi zhòng	778	en-eng,an-ang,ai-ei,z-zh,s-sh,r-l	1
三从四德	sān cóng sì dé	779	an-ang,c-ch,s-sh	1
三余读书	sān yú dú shū	782	an-ang,s-sh	1
三八作风	sān bā zuò fēng	783	en-eng,an-ang,ua-uo,z-zh,s-sh,h-f	1
三分鼎立	sān fēn dǐng lì	788	en-eng,in-ing,an-ang,s-sh,n-l,h-f,r-l	1
三分鼎足	sān fēn dǐng zú	789	en-eng,in-ing,an-ang,z-zh,s-sh,h-f	1
三十六策	sān shí liù cè	794	an-ang,c-ch,s-sh,n-l,r-l	1
三十六行	sān shí liù háng	795	an-ang,s-sh,n-l,h-f,r-l	1
三十六计	sān shí liù jì	796	an-ang,s-sh,n-l,r-l,j-q-x	1
三占从二	sān zhān cóng èr	797	an-ang,z-zh,c-ch,s-sh	1
三台八座	sān tái bā zuò	803	an-ang,ai-ei,ua-uo,z-zh,s-sh	1
三吐三握	sān tǔ sān wò	811	an-ang,s-sh	1
三回九转	sān huí jiǔ zhuǎn	812	an-ang,uan-uang,z-zh,s-sh,h-f,j-q-x	1
三大作风	sān dà zuò fēng	813	en-eng,an-ang,ua-uo,z-zh,s-sh,h-f	1
三大差别	sān dà chā bié	814	an-ang,ia-ie,c-ch,s-sh	1
三大战役	sān dà zhàn yì	815	an-ang,z-zh,s-sh	1
三大政策	sān dà zhèng cè	816	en-eng,an-ang,z-zh,c-ch,s-sh	1
三大法宝	sān dà fǎ bǎo	817	an-ang,ao-ou,s-sh,h-f	1
三天两宿	sān tiān liǎng xiǔ	819	an-ang,ian-iang,s-sh,n-l,r-l,j-q-x	1
三夫之对	sān fū zhī duì	820	an-ang,z-zh,s-sh,h-f	1
三夫之言	sān fū zhī yán	821	an-ang,z-zh,s-sh,h-f	1
三头两日	sān tóu liǎng rì	823	an-ang,ian-iang,ao-ou,s-sh,n-l,r-l	1
三头两绪	sān tóu liǎng xù	824	an-ang,ian-iang,ao-ou,s-sh,n-l,r-l,j-q-x	1
三头两面	sān tóu liǎng miàn	825	an-ang,ian-iang,ao-ou,s-sh,n-l,r-l	1
三头八臂	sān tóu bā bì	826	an-ang,ao-ou,s-sh	1
三头六证	sān tóu liù zhèng	828	en-eng,an-ang,ao-ou,z-zh,s-sh,n-l,r-l	1
三头六面	sān tóu liù miàn	829	an-ang,ian-iang,ao-ou,s-sh,n-l,r-l	1
三头对案	sān tóu duì àn	830	an-ang,ao-ou,s-sh	1
三好两歉	sān hǎo liǎng qiàn	832	an-ang,ian-iang,ao-ou,s-sh,n-l,h-f,r-l,j-q-x	1
三好两歹	sān hǎo liǎng dǎi	833	an-ang,ian-iang,ai-ei,ao-ou,s-sh,n-l,h-f,r-l	1
三好二怯	sān hǎo èr qiè	834	an-ang,ao-ou,ia-ie,s-sh,h-f,j-q-x	1
三妻四妾	sān qī sì qiè	836	an-ang,ia-ie,s-sh,j-q-x	3
三媒六证	sān méi liù zhèng	838	en-eng,an-ang,ai-ei,z-zh,s-sh,n-l,r-l	1
三宫六院	sān gōng liù yuàn	839	an-ang,uan-uang,s-sh,n-l,r-l	1
三对六面	sān duì liù miàn	842	an-ang,ian-iang,s-sh,n-l,r-l	1
三尸暴跳	sān shī bào tiào	843	an-ang,ao-ou,s-sh	1
三差两错	sān chā liǎng cuò	845	an-ang,ian-iang,ua-uo,c-ch,s-sh,n-l,r-l	1
三差五错	sān chā wǔ cuò	846	an-ang,ua-uo,c-ch,s-sh	1
三年五载	sān nián wǔ zǎi	847	an-ang,ian-iang,ai-ei,z-zh,s-sh,n-l	1
三年化碧	sān nián huà bì	848	an-ang,ian-iang,ua-uo,s-sh,n-l,h-f	1
三座大山	sān zuò dà shān	850	an-ang,ua-uo,z-zh,s-sh	1
三徙成都	sān xǐ chéng dōu	851	en-eng,an-ang,ao-ou,c-ch,s-sh,j-q-x	1
三战三北	sān zhàn sān běi	855	an-ang,ai-ei,z-zh,s-sh	1
三户亡秦	sān hù wáng qín	856	in-ing,an-ang,s-sh,h-f,j-q-x	1
三推六问	sān tuī liù wèn	860	en-eng,an-ang,s-sh,n-l,r-l	1
三旨相公	sān zhǐ xiàng gōng	863	an-ang,ian-iang,z-zh,s-sh,j-q-x	1
三旬九食	sān xún jiǔ shí	864	an-ang,s-sh,j-q-x	1
三朝五日	sān cháo wǔ rì	869	an-ang,ao-ou,c-ch,s-sh,r-l	1
三朝元老	sān cháo yuán lǎo	870	an-ang,uan-uang,ao-ou,c-ch,s-sh,n-l,r-l	1
三期贤佞	sān qī xián nìng	871	in-ing,an-ang,ian-iang,s-sh,n-l,j-q-x	3
三权分立	sān quán fēn lì	872	en-eng,an-ang,uan-uang,s-sh,n-l,h-f,r-l,j-q-x	1
三榜定案	sān bǎng dìng àn	875	in-ing,an-ang,s-sh	1
三江七泽	sān jiāng qī zé	876	an-ang,ian-iang,z-zh,s-sh,j-q-x	1
三汤两割	sān tāng liǎng gē	877	an-ang,ian-iang,s-sh,n-l,r-l	1
三汤五割	sān tāng wǔ gē	878	an-ang,s-sh	1
三沐三熏	sān mù sān xūn	879	an-ang,s-sh,j-q-x	1
三灾六难	sān zāi liù nán	881	an-ang,ai-ei,z-zh,s-sh,n-l,r-l	1
三熏三沐	sān xūn sān mù	883	an-ang,s-sh,j-q-x	1
三班六房	sān bān liù fáng	885	an-ang,s-sh,n-l,h-f,r-l	1
三瓦两巷	sān wǎ liǎng xiàng	886	an-ang,ian-iang,s-sh,n-l,r-l,j-q-x	1
三瓦两舍	sān wǎ liǎng shě	887	an-ang,ian-iang,s-sh,n-l,r-l	1
三省吾身	sān xǐng wú shēn	893	en-eng,in-ing,an-ang,s-sh,j-q-x	1
三老五更	sān lǎo wǔ gēng	897	en-eng,an-ang,ao-ou,s-sh,n-l,r-l	1
三老四少	sān lǎo sì shào	898	an-ang,ao-ou,s-sh,n-l,r-l	1
三节两寿	sān jié liǎng shòu	904	an-ang,ian-iang,ao-ou,ia-ie,s-sh,n-l,r-l,j-q-x	1
三茶六礼	sān chá liù lǐ	905	an-ang,c-ch,s-sh,n-l,r-l	1
三茶六饭	sān chá liù fàn	906	an-ang,c-ch,s-sh,n-l,h-f,r-l	1
三蛇七鼠	sān shé qī shǔ	908	an-ang,s-sh,j-q-x	1
三街六巷	sān jiē liù xiàng	910	an-ang,ian-iang,ia-ie,s-sh,n-l,r-l,j-q-x	1
三街六市	sān jiē liù shì	911	an-ang,ia-ie,s-sh,n-l,r-l,j-q-x	1
三角函数	sān jiǎo hán shù	914	an-ang,s-sh,h-f,j-q-x	1
三角裤衩	sān jiǎo kù chǎ	920	an-ang,c-ch,s-sh,j-q-x	3
三言两句	sān yán liǎng jù	922	an-ang,ian-iang,s-sh,n-l,r-l,j-q-x	1
三迁之教	sān qiān zhī jiào	926	an-ang,ian-iang,z-zh,s-sh,j-q-x	1
三长四短	sān cháng sì duǎn	933	an-ang,uan-uang,c-ch,s-sh	1
三面红旗	sān miàn hóng qí	935	an-ang,ian-iang,s-sh,h-f,j-q-x	1
三风十愆	sān fēng shí qiān	936	en-eng,an-ang,ian-iang,s-sh,h-f,j-q-x	3
三首六臂	sān shǒu liù bì	938	an-ang,ao-ou,s-sh,n-l,r-l	1
三马同槽	sān mǎ tóng cáo	939	an-ang,ao-ou,c-ch,s-sh	1
上上下下	shàng shàng xià xià	942	an-ang,ia-ie,s-sh,j-q-x	1
上下一心	shàng xià yī xīn	944	in-ing,an-ang,ia-ie,s-sh,j-q-x	1
上下交困	shàng xià jiāo kùn	945	an-ang,ia-ie,s-sh,j-q-x	1
上下同心	shàng xià tóng xīn	947	in-ing,an-ang,ia-ie,s-sh,j-q-x	1
上下同欲	shàng xià tóng yù	948	an-ang,ia-ie,s-sh,j-q-x	1
上下同门	shàng xià tóng mén	949	en-eng,an-ang,ia-ie,s-sh,j-q-x	1
上交不谄	shàng jiāo bù chǎn	961	an-ang,c-ch,s-sh,j-q-x	3
上兵伐谋	shàng bīng fá móu	973	in-ing,an-ang,ao-ou,s-sh,h-f	1
上勤下顺	shàng qín xià shùn	978	in-ing,an-ang,ia-ie,s-sh,j-q-x	1
上医医国	shàng yī yī guó	979	an-ang,ua-uo,s-sh	1
上南落北	shàng nán luò běi	989	an-ang,ai-ei,ua-uo,s-sh,n-l,r-l	1
上和下睦	shàng hé xià mù	1001	an-ang,ia-ie,s-sh,h-f,j-q-x	1
上天入地	shàng tiān rù dì	1015	an-ang,ian-iang,s-sh,r-l	1
上好下甚	shàng hǎo xià shèn	1020	en-eng,an-ang,ao-ou,ia-ie,s-sh,h-f,j-q-x	1
上嫚下暴	shàng màn xià bào	1021	an-ang,ao-ou,ia-ie,s-sh,j-q-x	3
上层社会	shàng céng shè huì	1032	en-eng,an-ang,c-ch,s-sh,h-f	1
上山下乡	shàng shān xià xiāng	1035	an-ang,ian-iang,ia-ie,s-sh,j-q-x	1
上市公司	shàng shì gōng sī	1041	an-ang,s-sh	1
上当受骗	shàng dàng shòu piàn	1051	an-ang,ian-iang,ao-ou,s-sh	1
上当学乖	shàng dàng xué guāi	1052	an-ang,s-sh,j-q-x	1
上情下达	shàng qíng xià dá	1055	in-ing,an-ang,ia-ie,s-sh,j-q-x	1
上慢下暴	shàng màn xià bào	1057	an-ang,ao-ou,ia-ie,s-sh,j-q-x	1
上推下卸	shàng tuī xià xiè	1061	an-ang,ia-ie,s-sh,j-q-x	1
上援下推	shàng yuán xià tuī	1062	an-ang,uan-uang,ia-ie,s-sh,j-q-x	1
上方宝剑	shàng fāng bǎo jiàn	1067	an-ang,ian-iang,ao-ou,s-sh,h-f,j-q-x	1
上智下愚	shàng zhì xià yú	1070	an-ang,ia-ie,z-zh,s-sh,j-q-x	1
上替下陵	shàng tì xià líng	1071	in-ing,an-ang,ia-ie,s-sh,n-l,r-l,j-q-x	1
上树拔梯	shàng shù bá tī	1077	an-ang,s-sh	1
上根大器	shàng gēn dà qì	1079	en-eng,an-ang,s-sh,j-q-x	1
上楼去梯	shàng lóu qù tī	1083	an-ang,ao-ou,s-sh,n-l,r-l,j-q-x	1
上流社会	shàng liú shè huì	1090	an-ang,s-sh,n-l,h-f,r-l	1
上溢下漏	shàng yì xià lòu	1095	an-ang,ao-ou,ia-ie,s-sh,n-l,r-l,j-q-x	1
上漏下湿	shàng lòu xià shī	1097	an-ang,ao-ou,ia-ie,s-sh,n-l,r-l,j-q-x	1
上烝下报	shàng zhēng xià bào	1100	en-eng,an-ang,ao-ou,ia-ie,z-zh,s-sh,j-q-x	5
上竿掇梯	shàng gān duō tī	1111	an-ang,ua-uo,s-sh	3
上篇上论	shàng piān shàng lùn	1116	an-ang,ian-iang,s-sh,n-l,r-l	1
上蒸下报	shàng zhēng xià bào	1135	en-eng,an-ang,ao-ou,ia-ie,z-zh,s-sh,j-q-x	1
上谄下渎	shàng chǎn xià dú	1148	an-ang,ia-ie,c-ch,s-sh,j-q-x	3
上陵下替	shàng líng xià tì	1173	in-ing,an-ang,ia-ie,s-sh,n-l,r-l,j-q-x	1
上雨旁风	shàng yǔ páng fēng	1175	en-eng,an-ang,s-sh,h-f	1
下不来台	xià bù lái tái	1186	ai-ei,ia-ie,n-l,r-l,j-q-x	1
下井投石	xià jǐng tóu shí	1189	in-ing,ao-ou,ia-ie,s-sh,j-q-x	1
下回分解	xià huí fēn jiě	1202	en-eng,ia-ie,h-f,j-q-x	1
下塞上聋	xià sāi shàng lóng	1207	an-ang,ai-ei,ia-ie,s-sh,n-l,r-l,j-q-x	1
下学上达	xià xué shàng dá	1211	an-ang,ia-ie,s-sh,j-q-x	1
下情上达	xià qíng shàng dá	1218	in-ing,an-ang,ia-ie,s-sh,j-q-x	1
下愚不移	xià yú bù yí	1220	ia-ie,j-q-x	1
下笔有神	xià bǐ yǒu shén	1231	en-eng,ao-ou,ia-ie,s-sh,j-q-x	1
下车之始	xià chē zhī shǐ	1237	ia-ie,z-zh,c-ch,s-sh,j-q-x	1
下车作威	xià chē zuò wēi	1239	ai-ei,ia-ie,ua-uo,z-zh,c-ch,j-q-x	1
下车泣罪	xià chē qì zuì	1240	ia-ie,z-zh,c-ch,j-q-x	1
下逐客令	xià zhú kè lìng	1243	in-ing,ia-ie,z-zh,n-l,r-l,j-q-x	1
下陵上替	xià líng shàng tì	1246	in-ing,an-ang,ia-ie,s-sh,n-l,r-l,j-q-x	1
下马冯妇	xià mǎ féng fù	1251	en-eng,ia-ie,h-f,j-q-x	1
下马看花	xià mǎ kàn huā	1252	an-ang,ia-ie,ua-uo,h-f,j-q-x	1
不一会儿	bù yī huì er	1254	h-f	1
不上不下	bù shàng bù xià	1259	an-ang,ia-ie,s-sh,j-q-x	1
不上不落	bù shàng bù luò	1260	an-ang,ua-uo,s-sh,n-l,r-l	1
不世之业	bù shì zhī yè	1263	z-zh,s-sh	1
不世之功	bù shì zhī gōng	1264	z-zh,s-sh	1
不丰不俭	bù fēng bù jiǎn	1267	en-eng,ian-iang,h-f,j-q-x	1
不丰不杀	bù fēng bù shā	1268	en-eng,s-sh,h-f	1
不为人知	bù wéi rén zhī	1271	en-eng,ai-ei,z-zh,r-l	1
不为瓦全	bù wéi wǎ quán	1274	uan-uang,ai-ei,j-q-x	1
不主故常	bù zhǔ gù cháng	1275	an-ang,z-zh,c-ch	1
不乏先例	bù fá xiān lì	1280	ian-iang,n-l,h-f,r-l,j-q-x	1
不习地土	bù xí dì tǔ	1283	j-q-x	1
不习水土	bù xí shuǐ tǔ	1284	s-sh,j-q-x	1
不了不当	bù liǎo bù dàng	1286	an-ang,n-l,r-l	1
不了而了	bù liǎo ér liǎo	1288	n-l,r-l	1
不事边幅	bù shì biān fú	1291	ian-iang,s-sh,h-f	1
不亢不卑	bù kàng bù bēi	1295	an-ang,ai-ei	1
不亦善夫	bù yì shàn fū	1298	an-ang,s-sh,h-f	1
不亦说乎	bù yì yuè hū	1299	h-f	1
不今不古	bù jīn bù gǔ	1303	in-ing,j-q-x	1
不以为奇	bù yǐ wéi qí	1306	ai-ei,j-q-x	1
不以为耻	bù yǐ wéi chǐ	1309	ai-ei,c-ch	1
不以语人	bù yǐ yù rén	1311	en-eng,r-l	1
不伏烧埋	bù fú shāo mái	1313	ai-ei,ao-ou,s-sh,h-f	1
不伤脾胃	bù shāng pí wèi	1316	an-ang,ai-ei,s-sh	1
不便水土	bù biàn shuǐ tǔ	1326	ian-iang,s-sh	1
不修小节	bù xiū xiǎo jié	1331	ia-ie,j-q-x	1
不值一哂	bù zhí yī shěn	1336	en-eng,z-zh,s-sh	3
不值一笑	bù zhí yī xiào	1338	z-zh,j-q-x	1
不值一钱	bù zhí yī qián	1339	ian-iang,z-zh,j-q-x	1
不值一顾	bù zhí yī gù	1340	z-zh	1
不值一驳	bù zhí yī bó	1341	z-zh	1
不偏不党	bù piān bù dǎng	1346	an-ang,ian-iang	1
不做不休	bù zuò bù xiū	1347	ua-uo,z-zh,j-q-x	1
不僧不俗	bù sēng bù sú	1352	en-eng,s-sh	1
不入时宜	bù rù shí yí	1356	s-sh,r-l	1
不关痛痒	bù guān tòng yǎng	1360	an-ang,uan-uang	1
不关紧要	bù guān jǐn yào	1361	in-ing,uan-uang,ao-ou,j-q-x	1
不冷不热	bù lěng bù rè	1365	en-eng,n-l,r-l	1
不凉不酸	bù liáng bù suān	1368	ian-iang,uan-uang,s-sh,n-l,r-l	1
不分伯仲	bù fēn bó zhòng	1373	en-eng,z-zh,h-f	1
不分彼此	bù fēn bǐ cǐ	1374	en-eng,c-ch,h-f	1
不分玉石	bù fēn yù shí	1375	en-eng,s-sh,h-f	1
不分畛域	bù fēn zhěn yù	1376	en-eng,z-zh,h-f	3
不分皂白	bù fēn zào bái	1377	en-eng,ai-ei,ao-ou,z-zh,h-f	1
不分轩轾	bù fēn xuān zhì	1378	en-eng,uan-uang,z-zh,h-f,j-q-x	3
不分青白	bù fēn qīng bái	1379	en-eng,in-ing,ai-ei,h-f,j-q-x	1
不切实际	bù qiē shí jì	1381	ia-ie,s-sh,j-q-x	1
不刊之书	bù kān zhī shū	1383	an-ang,z-zh,s-sh	1
不刊之典	bù kān zhī diǎn	1384	an-ang,ian-iang,z-zh	1
不刊之论	bù kān zhī lùn	1385	an-ang,z-zh,n-l,r-l	1
不刊之说	bù kān zhī shuō	1386	an-ang,ua-uo,z-zh,s-sh	1
不务空名	bù wù kōng míng	1394	in-ing	1
不劣方头	bù liè fāng tóu	1395	an-ang,ao-ou,ia-ie,n-l,h-f,r-l	1
不动如山	bú dòng rú shān	1398	an-ang,s-sh,r-l	1
不劳而成	bù láo ér chéng	1399	en-eng,ao-ou,c-ch,n-l,r-l	1
不勤而获	bù qín ér huò	1401	in-ing,ua-uo,h-f,j-q-x	1
不厌其烦	bù yàn qí fán	1406	an-ang,h-f,j-q-x	1
不厌其繁	bù yàn qí fán	1407	an-ang,h-f,j-q-x	1
不厌其详	bù yàn qí xiáng	1408	an-ang,ian-iang,j-q-x	1
不及之法	bù jí zhī fǎ	1410	z-zh,h-f,j-q-x	1
不变价格	bù biàn jià gé	1414	ian-iang,ia-ie,j-q-x	1
不变资本	bù biàn zī běn	1415	en-eng,ian-iang,z-zh	1
不古不今	bù gǔ bù jīn	1416	in-ing,j-q-x	1
不可乡迩	bù kě xiāng ěr	1420	ian-iang,j-q-x	3
不可企及	bù kě qǐ jí	1421	j-q-x	1
不可估量	bù kě gū liáng	1422	ian-iang,n-l,r-l	1
不可偏废	bù kě piān fèi	1423	ian-iang,ai-ei,h-f	1
不可动摇	bù kě dòng yáo	1425	ao-ou	1
不可向迩	bù kě xiàng ěr	1428	ian-iang,j-q-x	3
不可多得	bù kě duō dé	1430	ua-uo	1
不可奈何	bù kě nài hé	1431	ai-ei,n-l,h-f	1
不可捉摸	bù kě zhuō mō	1435	ua-uo,z-zh	1
不可揆度	bù kě kuí duó	1436	ua-uo	3
不可摸捉	bù kě mō zhuō	1437	ua-uo,z-zh	1
不可救疗	bù kě jiù liáo	1439	n-l,r-l,j-q-x	1
不可教训	bù kě jiào xùn	1441	j-q-x	1
不可枚举	bù kě méi jǔ	1442	ai-ei,j-q-x	1
不可磨灭	bù kě mó miè	1445	ia-ie	1
不可究诘	bù kě jiū jié	1446	ia-ie,j-q-x	3
不可端倪	bù kě duān ní	1447	uan-uang,n-l	3
不可胜举	bù kě shèng jǔ	1449	en-eng,s-sh,j-q-x	1
不可胜算	bù kě shèng suàn	1451	en-eng,uan-uang,s-sh	1
不可胜纪	bù kě shèng jì	1452	en-eng,s-sh,j-q-x	1
不可胜言	bù kě shèng yán	1453	en-eng,an-ang,s-sh	1
不可胜计	bù kě shèng jì	1454	en-eng,s-sh,j-q-x	1
不可胜记	bù kě shèng jì	1455	en-eng,s-sh,j-q-x	1
不可胜道	bù kě shèng dào	1456	en-eng,ao-ou,s-sh	1
不可言传	bù kě yán chuán	1458	an-ang,uan-uang,c-ch	1
不可言喻	bù kě yán yù	1459	an-ang	1
不可言宣	bù kě yán xuān	1460	an-ang,uan-uang,j-q-x	1
不可言状	bù kě yán zhuàng	1461	an-ang,uan-uang,z-zh	1
不可造次	bù kě zào cì	1462	ao-ou,z-zh,c-ch	1
不可限量	bù kě xiàn liàng	1464	ian-iang,n-l,r-l,j-q-x	1
不合时宜	bù hé shí yí	1468	s-sh,h-f	1
不同戴天	bù tóng dài tiān	1471	ian-iang,ai-ei	1
不同流俗	bù tóng liú sú	1472	s-sh,n-l,r-l	1
不名一格	bù míng yī gé	1474	in-ing	1
不名一钱	bù míng yī qián	1475	in-ing,ian-iang,j-q-x	1
不吐不茹	bù tǔ bù rú	1477	r-l	3
不吝指教	bù lìn zhǐ jiào	1479	in-ing,z-zh,n-l,r-l,j-q-x	1
不吝珠玉	bù lìn zhū yù	1480	in-ing,z-zh,n-l,r-l	1
不吝赐教	bù lìn cì jiào	1481	in-ing,c-ch,n-l,r-l,j-q-x	1
不咸不淡	bù xián bù dàn	1488	an-ang,ian-iang,j-q-x	1
不啻天渊	bù chì tiān yuān	1491	ian-iang,uan-uang,c-ch	3
不因不由	bù yīn bù yóu	1493	in-ing,ao-ou	1
不因人热	bù yīn rén rè	1494	en-eng,in-ing,r-l	1
不堪一击	bù kān yī jī	1502	an-ang,j-q-x	1
不堪入耳	bù kān rù ěr	1504	an-ang,r-l	1
不堪其忧	bù kān qí yōu	1505	an-ang,ao-ou,j-q-x	1
不堪言状	bù kān yán zhuàng	1507	an-ang,uan-uang,z-zh	1
不堪造就	bù kān zào jiù	1509	an-ang,ao-ou,z-zh,j-q-x	1
不声不吭	bù shēng bù kēng	1510	en-eng,s-sh	1
不声不气	bù shēng bù qì	1512	en-eng,s-sh,j-q-x	1
不壹而三	bù yī ér sān	1513	an-ang,s-sh	1
不壹而足	bù yī ér zú	1514	z-zh	1
不复堪命	bù fù kān mìng	1516	in-ing,an-ang,h-f	1
不大方便	bú dà fāng biàn	1521	an-ang,ian-iang,h-f	1
不失圭撮	bù shī guī cuō	1523	ua-uo,c-ch,s-sh	3
不失时机	bù shī shí jī	1524	s-sh,j-q-x	1
不失毫厘	bù shī háo lí	1525	ao-ou,s-sh,n-l,h-f,r-l	1
不夷不惠	bù yí bù huì	1527	h-f	1
不奈之何	bù nài zhī hé	1528	ai-ei,z-zh,n-l,h-f	1
不如归去	bù rú guī qù	1535	r-l,j-q-x	1
不存不济	bù cún bù jì	1542	c-ch,j-q-x	1
不存芥蒂	bù cún jiè dì	1543	ia-ie,c-ch,j-q-x	1
不学无识	bù xué wú shí	1546	s-sh,j-q-x	1
不宁唯是	bù níng wéi shì	1548	in-ing,ai-ei,s-sh,n-l	1
不安于位	bù ān yú wèi	1550	an-ang,ai-ei	1
不安于室	bù ān yú shì	1551	an-ang,s-sh	1
不安其室	bù ān qí shì	1552	an-ang,s-sh,j-q-x	1
不定积分	bù dìng jī fēn	1555	en-eng,in-ing,h-f,j-q-x	1
不实之词	bù shí zhī cí	1558	z-zh,c-ch,s-sh	1
不容置辩	bù róng zhì biàn	1565	ian-iang,z-zh,r-l	1
不对茬儿	bú duì chá ér	1572	c-ch	1
不屑一读	bú xiè yì dú	1580	ia-ie,j-q-x	1
不屑教诲	bù xiè jiào huì	1584	ia-ie,h-f,j-q-x	1
不屑毁誉	bù xiè huǐ yù	1585	ia-ie,h-f,j-q-x	1
不差上下	bù chā shàng xià	1588	an-ang,ia-ie,c-ch,s-sh,j-q-x	1
不差什么	bù chà shén me	1589	en-eng,c-ch,s-sh	1
不差毫厘	bù chā háo lí	1590	ao-ou,c-ch,n-l,h-f,r-l	1
不差毫发	bù chā háo fà	1591	ao-ou,c-ch,h-f	1
不差累黍	bù chā lěi shǔ	1592	ai-ei,c-ch,s-sh,n-l,r-l	3
不干不净	bù gān bù jìng	1596	in-ing,an-ang,j-q-x	1
不废江河	bù fèi jiāng hé	1603	ian-iang,ai-ei,h-f,j-q-x	1
不弃草昧	bù qì cǎo mèi	1605	ai-ei,ao-ou,c-ch,j-q-x	1
不当不正	bù dāng bù zhèng	1608	en-eng,an-ang,z-zh	1
不当人子	bù dāng rén zǐ	1609	en-eng,an-ang,z-zh,r-l	1
不待蓍龟	bù dài shī guī	1611	ai-ei,s-sh	3
不徇私情	bù xùn sī qíng	1612	in-ing,s-sh,j-q-x	3
不徐不疾	bù xú bù jí	1613	j-q-x	1
不得不尔	bù dé bù ěr	1616		1
不得人心	bù dé rén xīn	1618	en-eng,in-ing,r-l,j-q-x	1
不得其所	bù dé qí suǒ	1619	ua-uo,s-sh,j-q-x	1
不得其死	bù dé qí sǐ	1620	s-sh,j-q-x	1
不得善终	bù dé shàn zhōng	1622	an-ang,z-zh,s-sh	1
不得开交	bù dé kāi jiāo	1626	ai-ei,j-q-x	1
不得违误	bù dé wéi wù	1630	ai-ei	1
不忘宿志	bú wàng sù zhì	1634	an-ang,z-zh,s-sh	1
不忘故旧	bù wàng gù jiù	1635	an-ang,j-q-x	1
不忘沟壑	bù wàng gōu hè	1636	an-ang,ao-ou,h-f	3
不忙不暴	bù máng bù bào	1637	an-ang,ao-ou	1
不忮不求	bù zhì bù qiú	1639	z-zh,j-q-x	5
不念旧恶	bù niàn jiù è	1641	ian-iang,n-l,j-q-x	1
不怀好意	bù huái hào yì	1643	ao-ou,h-f	1
不怎么样	bù zěn me yàng	1644	en-eng,an-ang,z-zh	1
不急之务	bù jí zhī wù	1646	z-zh,j-q-x	1
不恤人言	bù xù rén yán	1648	en-eng,an-ang,r-l,j-q-x	1
不恶而严	bù è ér yán	1651	an-ang	1
不悱不发	bù fěi bù fā	1653	ai-ei,h-f	3
不情之请	bù qíng zhī qǐng	1654	in-ing,z-zh,j-q-x	1
不惜工本	bù xī gōng běn	1659	en-eng,j-q-x	1
不愤不启	bù fèn bù qǐ	1663	en-eng,h-f,j-q-x	1
不愧下学	bù kuì xià xué	1665	ia-ie,j-q-x	1
不愧不作	bù kuì bù zuò	1666	ua-uo,z-zh	1
不愧不怍	bù kuì bù zuò	1667	ua-uo,z-zh	3
不愧屋漏	bù kuì wū lòu	1668	ao-ou,n-l,r-l	1
不慌不忙	bù huāng bù máng	1669	an-ang,uan-uang,h-f	1
不懂装懂	bù dǒng zhuāng dǒng	1671	uan-uang,z-zh	1
不成三瓦	bù chéng sān wǎ	1674	en-eng,an-ang,c-ch,s-sh	1
不战而胜	bú zhàn ér shèng	1681	en-eng,an-ang,z-zh,s-sh	1
不战而降	bú zhàn ér xiáng	1682	an-ang,ian-iang,z-zh,j-q-x	1
不抗不卑	bù kàng bù bēi	1688	an-ang,ai-ei	1
不护细行	bù hù xì xíng	1690	in-ing,h-f,j-q-x	1
不拔一毛	bù bá yì máo	1692	ao-ou	1
不拔之志	bù bá zhī zhì	1693	z-zh	1
不拘形迹	bù jū xíng jī	1697	in-ing,j-q-x	1
不拘细节	bù jū xì jié	1698	ia-ie,j-q-x	1
不拘细行	bù jū xì xíng	1699	in-ing,j-q-x	1
不择生冷	bù zé shēng lěng	1701	en-eng,z-zh,s-sh,n-l,r-l	1
不按君臣	bù àn jūn chén	1702	en-eng,an-ang,c-ch,j-q-x	1
不挑之祖	bù tiāo zhī zǔ	1703	z-zh	1
不挠不屈	bù náo bù qū	1704	ao-ou,n-l,j-q-x	1
不挠不折	bù náo bù zhé	1705	ao-ou,z-zh,n-l	1
不揪不睬	bù jiū bù cǎi	1709	ai-ei,c-ch,j-q-x	1
不揪不采	bù jiū bù cǎi	1710	ai-ei,c-ch,j-q-x	1
不擒二毛	bù qín èr máo	1712	in-ing,ao-ou,j-q-x	1
不改其乐	bù gǎi qí lè	1714	ai-ei,n-l,r-l,j-q-x	1
不教之教	bù jiào zhī jiào	1718	z-zh,j-q-x	1
不教而杀	bù jiào ér shā	1719	s-sh,j-q-x	1
不教而诛	bù jiào ér zhū	1720	z-zh,j-q-x	3
不敢后人	bù gǎn hòu rén	1723	en-eng,an-ang,ao-ou,h-f,r-l	1
不敢告劳	bù gǎn gào láo	1724	an-ang,ao-ou,n-l,r-l	1
不敢掠美	bù gǎn lüè měi	1726	an-ang,ai-ei,n-l,r-l	1
不敢旁骛	bù gǎn páng wù	1727	an-ang	3
不敢自专	bù gǎn zì zhuān	1728	an-ang,uan-uang,z-zh	1
不敢苟同	bù gǎn gǒu tóng	1729	an-ang,ao-ou	1
不敢造次	bù gǎn zào cì	1731	an-ang,ao-ou,z-zh,c-ch	1
不敢问津	bù gǎn wèn jīn	1732	en-eng,in-ing,an-ang,j-q-x	1
不敢高攀	bù gǎn gāo pān	1733	an-ang,ao-ou	1
不文不武	bù wén bù wǔ	1736	en-eng	1
不断如带	bù duàn rú dài	1739	uan-uang,ai-ei,r-l	1
不日不月	bù rì bù yuè	1745	r-l	1
不时之须	bù shí zhī xū	1748	z-zh,s-sh,j-q-x	1
不明不白	bù míng bù bái	1750	in-ing,ai-ei	1
不易一字	bù yì yī zì	1752	z-zh	1
不易之典	bù yì zhī diǎn	1753	ian-iang,z-zh	1
不易之论	bù yì zhī lùn	1754	z-zh,n-l,r-l	1
不晓世务	bù xiǎo shì wù	1758	s-sh,j-q-x	1
不服水土	bù fú shuǐ tǔ	1766	s-sh,h-f	1
不期修古	bù qī xiū gǔ	1768	j-q-x	1
不期而会	bù qī ér huì	1770	h-f,j-q-x	1
不期而同	bù qī ér tóng	1771	j-q-x	1
不期而然	bù qī ér rán	1772	an-ang,r-l,j-q-x	1
不染一尘	bù rǎn yī chén	1778	en-eng,an-ang,c-ch,r-l	1
不栉进士	bù zhì jìn shì	1779	in-ing,z-zh,s-sh,j-q-x	3
不根之论	bù gēn zhī lùn	1780	en-eng,z-zh,n-l,r-l	1
不根之谈	bù gēn zhī tán	1781	en-eng,an-ang,z-zh	1
不次之位	bù cì zhī wèi	1783	ai-ei,z-zh,c-ch	1
不次之迁	bù cì zhī qiān	1784	ian-iang,z-zh,c-ch,j-q-x	1
不欺屋漏	bù qī wū lòu	1786	ao-ou,n-l,r-l,j-q-x	1
不欺暗室	bù qī àn shì	1787	an-ang,s-sh,j-q-x	1
不步人脚	bù bù rén jiǎo	1794	en-eng,r-l,j-q-x	1
不死不活	bù sǐ bù huó	1795	ua-uo,s-sh,h-f	1
不求闻达	bù qiú wén dá	1800	en-eng,j-q-x	1
不法常可	bù fǎ cháng kě	1806	an-ang,c-ch,h-f	1
不测之忧	bù cè zhī yōu	1809	ao-ou,z-zh,c-ch	1
不测之祸	bù cè zhī huò	1810	ua-uo,z-zh,c-ch,h-f	1
不测之罪	bù cè zhī zuì	1811	z-zh,c-ch	1
不爽毫发	bù shuǎng háo fā	1822	uan-uang,ao-ou,s-sh,h-f	1
不爽累黍	bù shuǎng lèi shǔ	1823	uan-uang,ai-ei,s-sh,n-l,r-l	3
不牧之地	bù mù zhī dì	1824	z-zh	1
不甘后人	bù gān hòu rén	1831	en-eng,an-ang,ao-ou,h-f,r-l	1
不甘雌伏	bù gān cí fú	1835	an-ang,c-ch,h-f	1
不生不灭	bù shēng bù miè	1838	en-eng,ia-ie,s-sh	1
不留余地	bù liú yú dì	1846	n-l,r-l	1
不疾不徐	bù jí bù xú	1847	j-q-x	1
不痴不聋	bù chī bù lóng	1849	c-ch,n-l,r-l	1
不瘟不火	bù wēn bù huǒ	1850	en-eng,ua-uo,h-f	1
不登大雅	bù dēng dà yǎ	1851	en-eng	1
不直一文	bù zhí yī wén	1854	en-eng,z-zh	1
不直一钱	bù zhí yī qián	1855	ian-iang,z-zh,j-q-x	1
不相为谋	bù xiāng wéi móu	1857	ian-iang,ai-ei,ao-ou,j-q-x	1
不相问闻	bù xiāng wèn wén	1860	en-eng,ian-iang,j-q-x	1
不相闻问	bù xiāng wén wèn	1861	en-eng,ian-iang,j-q-x	1
不着疼热	bù zhuó téng rè	1864	en-eng,ua-uo,z-zh,r-l	1
不瞅不睬	bù chǒu bù cǎi	1866	ai-ei,ao-ou,c-ch	1
不瞽不聋	bù gǔ bù lóng	1867	n-l,r-l	3
不矜不伐	bù jīn bù fá	1868	in-ing,h-f,j-q-x	3
不矜细行	bù jīn xì xíng	1869	in-ing,j-q-x	3
不知丁董	bù zhī dīng dǒng	1870	in-ing,z-zh	1
不知世务	bù zhī shì wù	1872	z-zh,s-sh	1
不知凡几	bù zhī fán jǐ	1874	an-ang,z-zh,h-f,j-q-x	1
不知利害	bù zhī lì hài	1875	ai-ei,z-zh,n-l,h-f,r-l	1
不知去向	bù zhī qù xiàng	1876	ian-iang,z-zh,j-q-x	1
不知头脑	bù zhī tóu nǎo	1878	ao-ou,z-zh,n-l	1
不知好歹	bù zhī hǎo dǎi	1879	ai-ei,ao-ou,z-zh,h-f	1
不知寝食	bù zhī qǐn shí	1880	in-ing,z-zh,s-sh,j-q-x	1
不知所以	bù zhī suǒ yǐ	1883	ua-uo,z-zh,s-sh	1
不知所出	bù zhī suǒ chū	1884	ua-uo,z-zh,c-ch,s-sh	1
不知所厝	bù zhī suǒ cuò	1885	ua-uo,z-zh,c-ch,s-sh	3
不知所可	bù zhī suǒ kě	1886	ua-uo,z-zh,s-sh	1
不知所言	bù zhī suǒ yán	1889	an-ang,ua-uo,z-zh,s-sh	1
不知所错	bù zhī suǒ cuò	1890	ua-uo,z-zh,c-ch,s-sh	1
不知深浅	bù zhī shēn qiǎn	1892	en-eng,ian-iang,z-zh,s-sh,j-q-x	1
不知甘苦	bù zhī gān kǔ	1893	an-ang,z-zh	1
不知疼痒	bù zhī téng yǎng	1894	en-eng,an-ang,z-zh	1
不知痛痒	bù zhī tòng yǎng	1895	an-ang,z-zh	1
不知端倪	bù zhī duān ní	1896	uan-uang,z-zh,n-l	3
不知纪极	bù zhī jì jí	1897	z-zh,j-q-x	1
不知肉味	bù zhī ròu wèi	1900	ai-ei,ao-ou,z-zh,r-l	1
不知自爱	bù zhī zì ài	1901	ai-ei,z-zh	1
不知自量	bù zhī zì liàng	1902	ian-iang,z-zh,n-l,r-l	1
不知起倒	bù zhī qǐ dǎo	1904	ao-ou,z-zh,j-q-x	1
不知轻重	bù zhī qīng zhòng	1905	in-ing,z-zh,j-q-x	1
不知进退	bù zhī jìn tuì	1906	in-ing,z-zh,j-q-x	1
不知颠倒	bù zhī diān dǎo	1907	ian-iang,ao-ou,z-zh	1
不知高下	bù zhī gāo xià	1908	ao-ou,ia-ie,z-zh,j-q-x	1
不知高低	bù zhī gāo dī	1909	ao-ou,z-zh	1
不破不立	bú pò bú lì	1910	n-l,r-l	1
不磷不缁	bù lín bù zī	1913	in-ing,z-zh,n-l,r-l	3
不祥之兆	bù xiáng zhī zhào	1915	ian-iang,ao-ou,z-zh,j-q-x	1
不祧之宗	bù tiāo zhī zōng	1916	z-zh	5
不祧之祖	bù tiāo zhī zǔ	1917	z-zh	5
不禁不由	bù jīn bù yóu	1919	in-ing,ao-ou,j-q-x	1
不稂不莠	bù láng bù yǒu	1920	an-ang,ao-ou,n-l,r-l	3
不稼不穑	bù jià bù sè	1922	ia-ie,s-sh,j-q-x	3
不立文字	bù lì wén zì	1923	en-eng,z-zh,n-l,r-l	1
不管一二	bù guǎn yī èr	1932	uan-uang	1
不管不顾	bù guǎn bù gù	1934	uan-uang	1
不紧不慢	bù jǐn bù màn	1936	in-ing,an-ang,j-q-x	1
不经世故	bù jīng shì gù	1939	in-ing,s-sh,j-q-x	1
不经之语	bù jīng zhī yǔ	1940	in-ing,z-zh,j-q-x	1
不经之说	bù jīng zhī shuō	1941	in-ing,ua-uo,z-zh,s-sh,j-q-x	1
不经之谈	bù jīng zhī tán	1942	in-ing,an-ang,z-zh,j-q-x	1
不绝如发	bù jué rú fà	1947	h-f,r-l,j-q-x	1
不绝如带	bù jué rú dài	1948	ai-ei,r-l,j-q-x	1
不绝如线	bù jué rú xiàn	1949	ian-iang,r-l,j-q-x	1
不绝若线	bù jué ruò xiàn	1951	ian-iang,ua-uo,r-l,j-q-x	1
不置褒贬	bù zhì bāo biǎn	1953	ian-iang,ao-ou,z-zh	1
不羁之才	bù jī zhī cái	1955	ai-ei,z-zh,c-ch,j-q-x	3
不羁之民	bù jī zhī mín	1956	in-ing,z-zh,j-q-x	3
不羞当面	bù xiū dāng miàn	1957	an-ang,ian-iang,j-q-x	1
不耻最后	bù chǐ zuì hòu	1965	ao-ou,z-zh,c-ch,h-f	1
不肖子孙	bù xiào zǐ sūn	1968	z-zh,s-sh,j-q-x	1
不胜其任	bù shèng qí rèn	1972	en-eng,s-sh,r-l,j-q-x	1
不胜其苦	bù shèng qí kǔ	1974	en-eng,s-sh,j-q-x	1
不胜杯杓	bù shèng bēi sháo	1975	en-eng,ai-ei,ao-ou,s-sh	3
不能自己	bù néng zì jǐ	1982	en-eng,z-zh,n-l,j-q-x	1
不脩边幅	bù xiū biān fú	1987	ian-iang,h-f,j-q-x	5
不腆之仪	bù tiǎn zhī yí	1988	ian-iang,z-zh	3
不臣之心	bù chén zhī xīn	1989	en-eng,in-ing,z-zh,c-ch,j-q-x	1
不自满假	bù zì mǎn jiǎ	1991	an-ang,ia-ie,z-zh,j-q-x	1
不舍昼夜	bù shě zhòu yè	1997	ao-ou,z-zh,s-sh	1
不舞之鹤	bù wǔ zhī hè	1999	z-zh,h-f	1
不茶不饭	bù chá bù fàn	2004	an-ang,c-ch,h-f	1
不药而愈	bù yào ér yù	2005	ao-ou	1
不落俗套	bù luò sú tào	2006	ao-ou,ua-uo,s-sh,n-l,r-l	1
不落边际	bù luò biān jì	2008	ian-iang,ua-uo,n-l,r-l,j-q-x	1
不蔓不支	bù màn bù zhī	2009	an-ang,z-zh	1
不虞之誉	bù yú zhī yù	2013	z-zh	3
不衫不履	bù shān bù lǚ	2015	an-ang,s-sh,n-l,r-l	1
不见不散	bú jiàn bú sàn	2022	an-ang,ian-iang,s-sh,j-q-x	1
不见天日	bù jiàn tiān rì	2024	ian-iang,r-l,j-q-x	1
不见舆薪	bú jiàn yú xīn	2029	in-ing,ian-iang,j-q-x	1
不觉技痒	bù jué jì yǎng	2032	an-ang,j-q-x	1
不解之仇	bù jiě zhī chóu	2034	ao-ou,ia-ie,z-zh,c-ch,j-q-x	1
不言不语	bù yán bù yǔ	2036	an-ang	1
不言而信	bù yán ér xìn	2037	in-ing,an-ang,j-q-x	1
不言而谕	bù yán ér yù	2039	an-ang	3
不计得失	bú jì dé shī	2042	s-sh,j-q-x	1
不记前仇	bù jì qián chóu	2044	ian-iang,ao-ou,c-ch,j-q-x	1
不讳之朝	bù huì zhī cháo	2047	ao-ou,z-zh,c-ch,h-f	1
不讳之路	bù huì zhī lù	2048	z-zh,n-l,h-f,r-l	1
不讳之门	bù huì zhī mén	2049	en-eng,z-zh,h-f	1
不论如何	bú lùn rú hé	2052	n-l,h-f,r-l	1
不识一丁	bù shí yī dīng	2053	in-ing,s-sh	1
不识不知	bù shí bù zhī	2054	z-zh,s-sh	1
不识东家	bù shí dōng jiā	2055	ia-ie,s-sh,j-q-x	1
不识之无	bù shí zhī wú	2056	z-zh,s-sh	1
不识大体	bù shí dà tǐ	2058	s-sh	1
不识好歹	bù shí hǎo dǎi	2059	ai-ei,ao-ou,s-sh,h-f	1
不识局面	bù shí jú miàn	2060	ian-iang,s-sh,j-q-x	1
不识泰山	bù shí tài shān	2064	an-ang,ai-ei,s-sh	1
不识起倒	bù shí qǐ dǎo	2065	ao-ou,s-sh,j-q-x	1
不识马肝	bù shí mǎ gān	2066	an-ang,s-sh	1
不识高低	bù shí gāo dī	2067	ao-ou,s-sh	1
不谋同辞	bù móu tóng cí	2070	ao-ou,c-ch	1
不谋而同	bù móu ér tóng	2072	ao-ou	1
不贪为宝	bù tān wéi bǎo	2078	an-ang,ai-ei,ao-ou	1
不费之惠	bù fèi zhī huì	2079	ai-ei,z-zh,h-f	1
不赏之功	bù shǎng zhī gōng	2081	an-ang,z-zh,s-sh	1
不赞一词	bù zàn yī cí	2083	an-ang,z-zh,c-ch	1
不越雷池	bù yuè léi chí	2087	ai-ei,c-ch,n-l,r-l	1
不足为意	bù zú wéi yì	2092	ai-ei,z-zh	1
不足为据	bù zú wéi jù	2093	ai-ei,z-zh,j-q-x	1
不足为法	bù zú wéi fǎ	2094	ai-ei,z-zh,h-f	1
不足介意	bù zú jiè yì	2096	ia-ie,z-zh,j-q-x	1
不足轻重	bù zú qīng zhòng	2099	in-ing,z-zh,j-q-x	1
不足齿数	bù zú chǐ shǔ	2101	z-zh,c-ch,s-sh	1
不轨之徒	bù guǐ zhī tú	2103	z-zh	1
不轻然诺	bù qīng rán nuò	2104	in-ing,an-ang,ua-uo,n-l,r-l,j-q-x	1
不辞劳苦	bù cí láo kǔ	2107	ao-ou,c-ch,n-l,r-l	1
不辟斧钺	bù bì fǔ yuè	2109	h-f	3
不辨真伪	bù biàn zhēn wěi	2110	en-eng,ian-iang,ai-ei,z-zh	1
不辨菽粟	bù biàn shū sù	2111	ian-iang,s-sh	3
不辨菽麦	bù biàn shū mài	2112	ian-iang,ai-ei,s-sh	3
不辩菽麦	bù biàn shū mài	2113	ian-iang,ai-ei,s-sh	3
不迁之庙	bù qiān zhī miào	2115	ian-iang,z-zh,j-q-x	1
不过如此	bù guò rú cǐ	2117	ua-uo,c-ch,r-l	1
不近道理	bù jìn dào lǐ	2121	in-ing,ao-ou,n-l,r-l,j-q-x	1
不进则退	bù jìn zé tuì	2122	in-ing,z-zh,j-q-x	1
不违农时	bù wéi nóng shí	2125	ai-ei,s-sh,n-l	1
不追既往	bù zhuī jì wǎng	2127	an-ang,z-zh,j-q-x	1
不通水火	bù tōng shuǐ huǒ	2133	ua-uo,s-sh,h-f	1
不逞之徒	bù chěng zhī tú	2135	en-eng,z-zh,c-ch	1
不遑启处	bù huáng qǐ chǔ	2140	uan-uang,c-ch,h-f,j-q-x	3
不遑宁处	bù huáng níng chǔ	2141	in-ing,uan-uang,c-ch,n-l,h-f	3
不遑宁息	bù huáng níng xī	2142	in-ing,uan-uang,n-l,h-f,j-q-x	3
不遑暇食	bù huáng xiá shí	2143	uan-uang,ia-ie,s-sh,h-f,j-q-x	3
不遑枚举	bù huáng méi jǔ	2144	uan-uang,ai-ei,h-f,j-q-x	3
不遗寸长	bù yí cùn cháng	2147	an-ang,c-ch	1
不遗巨细	bù yí jù xì	2148	j-q-x	1
不避斧钺	bù bì fǔ yuè	2150	h-f	3
不避水火	bù bì shuǐ huǒ	2151	ua-uo,s-sh,h-f	1
不避汤火	bù bì tāng huǒ	2152	an-ang,ua-uo,h-f	1
不避艰险	bù bì jiān xiǎn	2153	ian-iang,j-q-x	1
不郎不秀	bù láng bù xiù	2154	an-ang,n-l,r-l,j-q-x	1
不问不闻	bù wèn bù wén	2160	en-eng	1
不问皂白	bù wèn zào bái	2164	en-eng,ai-ei,ao-ou,z-zh	1
不间不界	bù jiān bù jiè	2166	ian-iang,ia-ie,j-q-x	1
不阴不阳	bù yīn bù yáng	2168	in-ing,an-ang	1
不随以止	bù suí yǐ zhǐ	2169	z-zh,s-sh	1
不露圭角	bù lù guī jiǎo	2171	n-l,r-l,j-q-x	3
不露声色	bù lù shēng sè	2172	en-eng,s-sh,n-l,r-l	1
不露形色	bù lù xíng sè	2173	in-ing,s-sh,n-l,r-l,j-q-x	1
不露神色	bù lù shén sè	2174	en-eng,s-sh,n-l,r-l	1
不露锋芒	bù lù fēng máng	2175	en-eng,an-ang,n-l,h-f,r-l	1
不顾一切	bù gù yī qiè	2180	ia-ie,j-q-x	1
不顾前后	bù gù qián hòu	2181	ian-iang,ao-ou,h-f,j-q-x	1
不顾大局	bù gù dà jú	2182	j-q-x	1
不顾死活	bù gù sǐ huó	2183	ua-uo,s-sh,h-f	1
不食之地	bù shí zhī dì	2184	z-zh,s-sh	1
不食周粟	bù shí zhōu sù	2185	ao-ou,z-zh,s-sh	1
不食烟火	bù shí yān huǒ	2186	an-ang,ua-uo,s-sh,h-f	1
不食马肝	bù shí mǎ gān	2187	an-ang,s-sh	1
不饥不寒	bù jī bù hán	2188	an-ang,h-f,j-q-x	1
不饮盗泉	bù yǐn dào quán	2189	in-ing,uan-uang,ao-ou,j-q-x	1
不骄不躁	bù jiāo bù zào	2190	ao-ou,z-zh,j-q-x	1
不齿于人	bù chǐ yú rén	2193	en-eng,c-ch,r-l	1
不龟手药	bù guī shǒu yào	2194	ao-ou,s-sh	1
与世俯仰	yǔ shì fǔ yǎng	2195	an-ang,s-sh,h-f	1
与世偃仰	yǔ shì yǎn yǎng	2196	an-ang,s-sh	3
与世推移	yǔ shì tuī yí	2197	s-sh	1
与世沉浮	yǔ shì chén fú	2199	en-eng,c-ch,s-sh,h-f	1
与世浮沉	yǔ shì fú chén	2200	en-eng,c-ch,s-sh,h-f	1
与受同科	yǔ shòu tóng kē	2208	ao-ou,s-sh	1
与时偕行	yǔ shí xié xíng	2210	in-ing,ia-ie,s-sh,j-q-x	3
与时推移	yǔ shí tuī yí	2211	s-sh	1
与时消息	yǔ shí xiāo xī	2212	s-sh,j-q-x	1
与民更始	yǔ mín gēng shǐ	2215	en-eng,in-ing,s-sh	1
与民除害	yǔ mín chú hài	2216	in-ing,ai-ei,c-ch,h-f	1
与物无忤	yǔ wù wú wǔ	2217		3
与物无竞	yǔ wù wú jìng	2218	in-ing,j-q-x	1
与狐谋皮	yǔ hú móu pí	2219	ao-ou,h-f	1
与虎添翼	yǔ hǔ tiān yì	2220	ian-iang,h-f	1
丑声远播	chǒu shēng yuǎn bō	2226	en-eng,uan-uang,ao-ou,c-ch,s-sh	1
丑态毕露	chǒu tài bì lù	2228	ai-ei,ao-ou,c-ch,n-l,r-l	1
丑类恶物	chǒu lèi è wù	2232	ai-ei,ao-ou,c-ch,n-l,r-l	1
专业教育	zhuān yè jiào yù	2235	uan-uang,z-zh,j-q-x	1
专业银行	zhuān yè yín háng	2236	in-ing,an-ang,uan-uang,z-zh,h-f	1
专员公署	zhuān yuán gōng shǔ	2244	uan-uang,z-zh,s-sh	1
专心一致	zhuān xīn yí zhì	2249	in-ing,uan-uang,z-zh,j-q-x	1
专有名词	zhuān yǒu míng cí	2252	in-ing,uan-uang,ao-ou,z-zh,c-ch	1
专栏作家	zhuān lán zuò jiā	2254	an-ang,uan-uang,ia-ie,ua-uo,z-zh,n-l,r-l,j-q-x	1
专欲难成	zhuān yù nán chéng	2257	en-eng,an-ang,uan-uang,z-zh,c-ch,n-l	1
专科学校	zhuān kē xué xiào	2259	uan-uang,z-zh,j-q-x	1
专精覃思	zhuān jīng tán sī	2262	in-ing,an-ang,uan-uang,z-zh,s-sh,j-q-x	3
且住为佳	qiě zhù wéi jiā	2268	ai-ei,ia-ie,z-zh,j-q-x	1
且食蛤蜊	qiě shí há lí	2272	ia-ie,s-sh,n-l,h-f,r-l,j-q-x	3
世俗之见	shì sú zhī jiàn	2279	ian-iang,z-zh,s-sh,j-q-x	1
世掌丝纶	shì zhǎng sī lún	2282	an-ang,z-zh,s-sh,n-l,r-l	3
世济其美	shì jì qí měi	2283	ai-ei,s-sh,j-q-x	1
丙种射线	bǐng zhǒng shè xiàn	2294	in-ing,ian-iang,z-zh,s-sh,j-q-x	1
业业矜矜	yè yè jīn jīn	2296	in-ing,j-q-x	3
业余教育	yè yú jiào yù	2297	j-q-x	1
丛山峻岭	cóng shān jùn lǐng	2300	in-ing,an-ang,c-ch,s-sh,n-l,r-l,j-q-x	1
丛轻折轴	cóng qīng zhé zhóu	2301	in-ing,ao-ou,z-zh,c-ch,j-q-x	1
丛雀渊鱼	cóng què yuān yú	2302	uan-uang,c-ch,j-q-x	1
东京大学	dōng jīng dà xué	2304	in-ing,j-q-x	1
东冲西决	dōng chōng xī jué	2306	c-ch,j-q-x	1
东冲西撞	dōng chōng xī zhuàng	2307	uan-uang,z-zh,c-ch,j-q-x	1
东冲西突	dōng chōng xī tū	2308	c-ch,j-q-x	1
东劳西燕	dōng láo xī yàn	2309	an-ang,ao-ou,n-l,r-l,j-q-x	1
东南之宝	dōng nán zhī bǎo	2315	an-ang,ao-ou,z-zh,n-l	1
东南之秀	dōng nán zhī xiù	2316	an-ang,z-zh,n-l,j-q-x	1
东南之美	dōng nán zhī měi	2317	an-ang,ai-ei,z-zh,n-l	1
东南半壁	dōng nán bàn bì	2320	an-ang,n-l	1
东南竹箭	dōng nán zhú jiàn	2322	an-ang,ian-iang,z-zh,n-l,j-q-x	1
东南雀飞	dōng nán què fēi	2323	an-ang,ai-ei,n-l,h-f,j-q-x	1
东墙处子	dōng qiáng chǔ zǐ	2326	ian-iang,z-zh,c-ch,j-q-x	1
东奔西向	dōng bēn xī xiàng	2328	en-eng,ian-iang,j-q-x	1
东奔西撞	dōng bēn xī zhuàng	2329	en-eng,uan-uang,z-zh,j-q-x	1
东奔西窜	dōng bēn xī cuàn	2330	en-eng,uan-uang,c-ch,j-q-x	1
东奔西逃	dōng bēn xī táo	2333	en-eng,ao-ou,j-q-x	1
东家效颦	dōng jiā xiào pín	2335	in-ing,ia-ie,j-q-x	3
东家西舍	dōng jiā xī shè	2336	ia-ie,s-sh,j-q-x	1
东差西误	dōng chà xī wù	2337	c-ch,j-q-x	1
东市朝衣	dōng shì cháo yī	2338	ao-ou,c-ch,s-sh	1
东床姣婿	dōng chuáng jiāo xù	2339	uan-uang,c-ch,j-q-x	3
东床择对	dōng chuáng zé duì	2340	uan-uang,z-zh,c-ch	1
东张西觑	dōng zhāng xī qù	2341	an-ang,z-zh,j-q-x	3
东扯西拉	dōng chě xī lā	2342	c-ch,n-l,r-l,j-q-x	1
东扯西拽	dōng chě xī zhuāi	2343	z-zh,c-ch,j-q-x	1
东扶西倒	dōng fú xī dǎo	2344	ao-ou,h-f,j-q-x	1
东抹西涂	dōng mò xī tú	2345	j-q-x	1
东挨西撞	dōng āi xī zhuàng	2347	uan-uang,ai-ei,z-zh,j-q-x	1
东挪西撮	dōng nuó xī cuō	2348	ua-uo,c-ch,n-l,j-q-x	1
东撙西节	dōng zǔn xī jié	2349	ia-ie,z-zh,j-q-x	3
东支西吾	dōng zhī xī wú	2350	z-zh,j-q-x	1
东方将白	dōng fāng jiāng bái	2352	an-ang,ian-iang,ai-ei,h-f,j-q-x	1
东方文化	dōng fāng wén huà	2353	en-eng,an-ang,ua-uo,h-f	1
东望西观	dōng wàng xī guān	2354	an-ang,uan-uang,j-q-x	1
东横西倒	dōng héng xī dǎo	2355	en-eng,ao-ou,h-f,j-q-x	1
东歪西倒	dōng wāi xī dǎo	2357	ai-ei,ao-ou,j-q-x	1
东洋大海	dōng yáng dà hǎi	2358	an-ang,ai-ei,h-f	1
东流西上	dōng liú xī shàng	2360	an-ang,s-sh,n-l,r-l,j-q-x	1
东流西落	dōng liú xī luò	2361	ua-uo,n-l,r-l,j-q-x	1
东涂西抹	dōng tú xī mǒ	2362	j-q-x	1
东渐于海	dōng jiān yú hǎi	2363	ian-iang,ai-ei,h-f,j-q-x	1
东猜西揣	dōng cāi xī chuāi	2364	ai-ei,c-ch,j-q-x	1
东猜西疑	dōng cāi xī yí	2365	ai-ei,c-ch,j-q-x	1
东箭南金	dōng jiàn nán jīn	2367	in-ing,an-ang,ian-iang,n-l,j-q-x	1
东萨摩亚	dōng sà mó yà	2369	s-sh	1
东藏西躲	dōng cáng xī duǒ	2370	an-ang,ua-uo,c-ch,j-q-x	1
东西南北	dōng xī nán běi	2371	an-ang,ai-ei,n-l,j-q-x	1
东西南朔	dōng xī nán shuò	2372	an-ang,ua-uo,s-sh,n-l,j-q-x	3
东观之殃	dōng guān zhī yāng	2373	an-ang,uan-uang,z-zh	1
东观续史	dōng guān xù shǐ	2374	uan-uang,s-sh,j-q-x	1
东观西望	dōng guān xī wàng	2375	an-ang,uan-uang,j-q-x	1
东谈西说	dōng tán xī shuō	2376	an-ang,ua-uo,s-sh,j-q-x	1
东趋西步	dōng qū xī bù	2377	j-q-x	1
东踅西倒	dōng xué xī dǎo	2379	ao-ou,j-q-x	3
东躲西藏	dōng duǒ xī cáng	2380	an-ang,ua-uo,c-ch,j-q-x	1
东躲西跑	dōng duǒ xī pǎo	2381	ao-ou,ua-uo,j-q-x	1
东量西折	dōng liàng xī shé	2382	ian-iang,s-sh,n-l,r-l,j-q-x	1
东零西散	dōng líng xī sàn	2384	in-ing,an-ang,s-sh,n-l,r-l,j-q-x	1
东零西落	dōng líng xī luò	2385	in-ing,ua-uo,n-l,r-l,j-q-x	1
东风人面	dōng fēng rén miàn	2387	en-eng,ian-iang,h-f,r-l	1
东风入律	dōng fēng rù lǜ	2388	en-eng,n-l,h-f,r-l	1
东风化雨	dōng fēng huà yǔ	2389	en-eng,ua-uo,h-f	1
东风浩荡	dōng fēng hào dàng	2393	en-eng,an-ang,ao-ou,h-f	1
东风过耳	dōng fēng guò ěr	2394	en-eng,ua-uo,h-f	1
东风马耳	dōng fēng mǎ ěr	2395	en-eng,h-f	1
东飘西泊	dōng piāo xī bó	2396	j-q-x	1
东食西宿	dōng shí xī sù	2397	s-sh,j-q-x	1
东鸣西应	dōng míng xī yīng	2399	in-ing,j-q-x	1
丝发之功	sī fā zhī gōng	2400	z-zh,s-sh,h-f	1
丝恩发怨	sī ēn fà yuàn	2401	en-eng,uan-uang,s-sh,h-f	1
丢三拉四	diū sān lā sì	2407	an-ang,s-sh,n-l,r-l	1
丢魂丧胆	diū hún sàng dǎn	2412	an-ang,s-sh,h-f	1
两世为人	liǎng shì wéi rén	2413	en-eng,ian-iang,ai-ei,s-sh,n-l,r-l	1
两叶掩目	liǎng yè yǎn mù	2421	an-ang,ian-iang,n-l,r-l	1
两头三绪	liǎng tóu sān xù	2424	an-ang,ian-iang,ao-ou,s-sh,n-l,r-l,j-q-x	1
两头三面	liǎng tóu sān miàn	2425	an-ang,ian-iang,ao-ou,s-sh,n-l,r-l	1
两头和番	liǎng tóu hé fān	2426	an-ang,ian-iang,ao-ou,n-l,h-f,r-l	1
两头白面	liǎng tóu bái miàn	2427	ian-iang,ai-ei,ao-ou,n-l,r-l	1
两性生殖	liǎng xìng shēng zhí	2433	en-eng,in-ing,ian-iang,z-zh,s-sh,n-l,r-l,j-q-x	1
两手空空	liǎng shǒu kōng kōng	2434	ian-iang,ao-ou,s-sh,n-l,r-l	1
两极分化	liǎng jí fēn huà	2436	en-eng,ian-iang,ua-uo,n-l,h-f,r-l,j-q-x	1
两栖动物	liǎng qī dòng wù	2438	ian-iang,n-l,r-l,j-q-x	1
两次三番	liǎng cì sān fān	2440	an-ang,ian-iang,c-ch,s-sh,n-l,h-f,r-l	1
两相情原	liǎng xiāng qíng yuán	2443	in-ing,ian-iang,uan-uang,n-l,r-l,j-q-x	1
两瞽相扶	liǎng gǔ xiāng fú	2445	ian-iang,n-l,h-f,r-l,j-q-x	3
两耳塞豆	liǎng ěr sāi dòu	2446	ian-iang,ai-ei,ao-ou,s-sh,n-l,r-l	1
两脚居间	liǎng jiǎo jū jiān	2448	ian-iang,n-l,r-l,j-q-x	1
两虎相斗	liǎng hǔ xiāng dòu	2449	ian-iang,ao-ou,n-l,h-f,r-l,j-q-x	1
两豆塞耳	liǎng dòu sāi ěr	2451	ian-iang,ai-ei,ao-ou,s-sh,n-l,r-l	1
两鼠斗穴	liǎng shǔ dòu xué	2457	ian-iang,ao-ou,s-sh,n-l,r-l,j-q-x	1
严家饿隶	yán jiā è lì	2461	an-ang,ia-ie,n-l,r-l,j-q-x	1
严气正性	yán qì zhèng xìng	2465	en-eng,in-ing,an-ang,z-zh,j-q-x	1
严陈以待	yán chén yǐ dài	2472	en-eng,an-ang,ai-ei,c-ch	1
丧天害理	sàng tiān hài lǐ	2479	an-ang,ian-iang,ai-ei,s-sh,n-l,h-f,r-l	1
丧失殆尽	sàng shī dài jìn	2481	in-ing,an-ang,ai-ei,s-sh,j-q-x	3
丧家之狗	sàng jiā zhī gǒu	2484	an-ang,ao-ou,ia-ie,z-zh,s-sh,j-q-x	1
丧师辱国	sàng shī rǔ guó	2487	an-ang,ua-uo,s-sh,r-l	1
丧明之痛	sàng míng zhī tòng	2490	in-ing,an-ang,z-zh,s-sh	1
丧胆亡魂	sàng dǎn wáng hún	2499	an-ang,s-sh,h-f	1
丧胆游魂	sàng dǎn yóu hún	2500	an-ang,ao-ou,s-sh,h-f	1
丧胆销魂	sàng dǎn xiāo hún	2501	an-ang,s-sh,h-f,j-q-x	1
丧身失节	sàng shēn shī jié	2505	en-eng,an-ang,ia-ie,s-sh,j-q-x	1
丧魂失魄	sàng hún shī pò	2510	an-ang,s-sh,h-f	1
个中妙趣	gè zhōng miào qù	2514	z-zh,j-q-x	1
个中滋味	gè zhōng zī wèi	2515	ai-ei,z-zh	1
个人财产	gè rén cái chǎn	2518	en-eng,an-ang,ai-ei,c-ch,r-l	1
中共中央	zhōng gòng zhōng yāng	2549	an-ang,z-zh	1
中华民国	zhōng huá mín guó	2557	in-ing,ua-uo,z-zh,h-f	1
中原逐鹿	zhōng yuán zhú lù	2561	uan-uang,z-zh,n-l,r-l	1
中国工人	zhōng guó gōng rén	2573	en-eng,ua-uo,z-zh,r-l	1
中国象棋	zhōng guó xiàng qí	2584	ian-iang,ua-uo,z-zh,j-q-x	1
中国青年	zhōng guó qīng nián	2586	in-ing,ian-iang,ua-uo,z-zh,n-l,j-q-x	1
中外合璧	zhōng wài hé bì	2588	ai-ei,z-zh,h-f	1
中层干部	zhōng céng gàn bù	2595	en-eng,an-ang,z-zh,c-ch	1
中心摇摇	zhōng xīn yáo yáo	2603	in-ing,ao-ou,z-zh,j-q-x	1
中流一壶	zhōng liú yī hú	2620	z-zh,n-l,h-f,r-l	1
中流击楫	zhōng liú jī jí	2621	z-zh,n-l,r-l,j-q-x	3
中流底柱	zhōng liú dǐ zhù	2622	z-zh,n-l,r-l	1
中立不倚	zhōng lì bù yǐ	2630	z-zh,n-l,r-l	1
中等教育	zhōng děng jiào yù	2633	en-eng,z-zh,j-q-x	1
中道而废	zhōng dào ér fèi	2651	ai-ei,ao-ou,z-zh,h-f	1
中风瘫痪	zhòng fēng tān huàn	2663	en-eng,an-ang,uan-uang,z-zh,h-f	1
中馈乏人	zhōng kuì fá rén	2668	en-eng,z-zh,h-f,r-l	1
中馈犹虚	zhōng kuì yóu xū	2669	ao-ou,z-zh,j-q-x	1
丰亨豫大	fēng hēng yù dà	2672	en-eng,h-f	3
丰功盛烈	fēng gōng shèng liè	2673	en-eng,ia-ie,s-sh,n-l,h-f,r-l	1
丰功硕德	fēng gōng shuò dé	2674	en-eng,ua-uo,s-sh,h-f	1
丰取刻与	fēng qǔ kè yǔ	2675	en-eng,h-f,j-q-x	1
丰姿冶丽	fēng zī yě lì	2676	en-eng,z-zh,n-l,h-f,r-l	1
丰姿绰约	fēng zī chuò yuē	2677	en-eng,ua-uo,z-zh,c-ch,h-f	1
丰富多采	fēng fù duō cǎi	2678	en-eng,ai-ei,ua-uo,c-ch,h-f	1
丰屋之过	fēng wū zhī guò	2679	en-eng,ua-uo,z-zh,h-f	1
丰屋蔀家	fēng wū bù jiā	2680	en-eng,ia-ie,h-f,j-q-x	5
丰度翩翩	fēng dù piān piān	2681	en-eng,ian-iang,h-f	1
丰标不凡	fēng biāo bù fán	2682	en-eng,an-ang,h-f	1
丰神绰约	fēng shén chuò yuē	2686	en-eng,ua-uo,c-ch,s-sh,h-f	1
丰肌弱骨	fēng jī ruò gǔ	2687	en-eng,ua-uo,h-f,r-l,j-q-x	1
丰肌秀骨	fēng jī xiù gǔ	2688	en-eng,h-f,j-q-x	1
丰草长林	fēng cǎo cháng lín	2689	en-eng,in-ing,an-ang,ao-ou,c-ch,n-l,h-f,r-l	1
串亲访友	chuàn qīn fǎng yǒu	2693	in-ing,an-ang,uan-uang,ao-ou,c-ch,h-f,j-q-x	1
临别赠言	lín bié zèng yán	2701	en-eng,in-ing,an-ang,ia-ie,z-zh,n-l,r-l	1
临别赠语	lín bié zèng yǔ	2702	en-eng,in-ing,ia-ie,z-zh,n-l,r-l	1
临危不挠	lín wēi bù náo	2704	in-ing,ai-ei,ao-ou,n-l,r-l	1
临危不顾	lín wēi bù gù	2705	in-ing,ai-ei,n-l,r-l	1
临崖勒马	lín yá lè mǎ	2708	in-ing,n-l,r-l	1
临敌易将	lín dí yì jiàng	2710	in-ing,ian-iang,n-l,r-l,j-q-x	1
临文不讳	lín wén bù huì	2711	en-eng,in-ing,n-l,h-f,r-l	1
临机应变	lín jī yìng biàn	2715	in-ing,ian-iang,n-l,r-l,j-q-x	1
临深履薄	lín shēn lǚ bó	2716	en-eng,in-ing,s-sh,n-l,r-l	1
临潼斗宝	lín tóng dòu bǎo	2717	in-ing,ao-ou,n-l,r-l	3
临财不苟	lín cái bù gǒu	2721	in-ing,ai-ei,ao-ou,c-ch,n-l,r-l	1
临阵磨刀	lín zhèn mó dāo	2722	en-eng,in-ing,ao-ou,z-zh,n-l,r-l	1
临难不恐	lín nàn bù kǒng	2725	in-ing,an-ang,n-l,r-l	1
临难不惧	lín nàn bù jù	2726	in-ing,an-ang,n-l,r-l,j-q-x	1
临难不避	lín nán bù bì	2727	in-ing,an-ang,n-l,r-l	1
临难无慑	lín nán wú shè	2728	in-ing,an-ang,s-sh,n-l,r-l	3
临难苟免	lín nàn gǒu miǎn	2729	in-ing,an-ang,ian-iang,ao-ou,n-l,r-l	1
临难铸兵	lín nàn zhù bīng	2730	in-ing,an-ang,z-zh,n-l,r-l	1
临风对月	lín fēng duì yuè	2732	en-eng,in-ing,n-l,h-f,r-l	1
丸散膏丹	wán sàn gāo dān	2734	an-ang,ao-ou,s-sh	1
丸泥封关	wán ní fēng guān	2735	en-eng,an-ang,uan-uang,n-l,h-f	1
丹书铁券	dān shū tiě quàn	2737	an-ang,uan-uang,ia-ie,s-sh,j-q-x	1
丹书铁契	dān shū tiě qì	2738	an-ang,ia-ie,s-sh,j-q-x	1
丹凤朝阳	dān fèng cháo yáng	2739	en-eng,an-ang,ao-ou,c-ch,h-f	1
丹心碧血	dān xīn bì xuè	2741	in-ing,an-ang,j-q-x	1
丹铅甲乙	dān qiān jiǎ yǐ	2743	an-ang,ian-iang,ia-ie,j-q-x	1
丹青不渝	dān qīng bù yú	2744	in-ing,an-ang,j-q-x	1
为丛驱雀	wèi cóng qū què	2745	ai-ei,c-ch,j-q-x	1
为之语塞	wéi zhī yǔ sè	2747	ai-ei,z-zh,s-sh	1
为人说项	wèi rén shuō xiàng	2753	en-eng,ian-iang,ai-ei,ua-uo,s-sh,r-l,j-q-x	1
为仁不富	wéi rén bù fù	2755	en-eng,ai-ei,h-f,r-l	1
为善最乐	wéi shàn zuì lè	2759	an-ang,ai-ei,z-zh,s-sh,n-l,r-l	1
为国为民	wèi guó wèi mín	2760	in-ing,ai-ei,ua-uo	1
为好成歉	wéi hǎo chéng qiàn	2762	en-eng,ian-iang,ai-ei,ao-ou,c-ch,h-f,j-q-x	1
为小失大	wèi xiǎo shī dà	2765	ai-ei,s-sh,j-q-x	1
为山止篑	wéi shān zhǐ kuì	2766	an-ang,ai-ei,z-zh,s-sh	3
为德不卒	wéi dé bù zú	2767	ai-ei,z-zh	1
为德不终	wéi dé bù zhōng	2768	ai-ei,z-zh	1
为恶不悛	wéi è bù quān	2769	uan-uang,ai-ei,j-q-x	3
为时过早	wéi shí guò zǎo	2775	ai-ei,ao-ou,ua-uo,z-zh,s-sh	1
为民父母	wéi mín fù mǔ	2780	in-ing,ai-ei,h-f	1
为民除害	wèi mín chú hài	2782	in-ing,ai-ei,c-ch,h-f	1
为法自弊	wéi fǎ zì bì	2783	ai-ei,z-zh,h-f	1
为渊驱鱼	wèi yuān qū yú	2784	uan-uang,ai-ei,j-q-x	1
为虎傅翼	wèi hǔ fù yì	2788	ai-ei,h-f	1
为虎添翼	wèi hǔ tiān yì	2789	ian-iang,ai-ei,h-f	1
为虺弗摧	wéi huǐ fú cuī	2790	ai-ei,c-ch,h-f	3
为蛇添足	wéi shé tiān zú	2791	ian-iang,ai-ei,z-zh,s-sh	1
为蛇画足	wéi shé huà zú	2792	ai-ei,ua-uo,z-zh,s-sh,h-f	1
为裘为箕	wéi qiú wéi jī	2793	ai-ei,j-q-x	3
为非作恶	wéi fēi zuò è	2796	ai-ei,ua-uo,z-zh,h-f	1
为鬼为蜮	wéi guǐ wéi yù	2800	ai-ei	3
主客颠倒	zhǔ kè diān dǎo	2815	ian-iang,ao-ou,z-zh	1
主少国疑	zhǔ shào guó yí	2818	ao-ou,ua-uo,z-zh,s-sh	1
丽句清词	lì jù qīng cí	2854	in-ing,c-ch,n-l,r-l,j-q-x	1
丽句清辞	lì jù qīng cí	2855	in-ing,c-ch,n-l,r-l,j-q-x	1
丽藻春葩	lì zǎo chūn pā	2858	ao-ou,z-zh,c-ch,n-l,r-l	3
举世混浊	jǔ shì hún zhuó	2862	ua-uo,z-zh,s-sh,h-f,j-q-x	1
举世皆知	jǔ shì jiē zhī	2863	ia-ie,z-zh,s-sh,j-q-x	1
举例发凡	jǔ lì fā fán	2864	an-ang,n-l,h-f,r-l,j-q-x	1
举十知九	jǔ shí zhī jiǔ	2865	z-zh,s-sh,j-q-x	1
举国若狂	jǔ guó ruò kuáng	2868	uan-uang,ua-uo,r-l,j-q-x	1
举手相庆	jǔ shǒu xiāng qìng	2870	in-ing,ian-iang,ao-ou,s-sh,j-q-x	1
举措不当	jǔ cuò bù dàng	2872	an-ang,ua-uo,c-ch,j-q-x	1
举措失当	jǔ cuò shī dàng	2873	an-ang,ua-uo,c-ch,s-sh,j-q-x	1
举棋若定	jǔ qí ruò dìng	2876	in-ing,ua-uo,r-l,j-q-x	1
举止不凡	jǔ zhǐ bù fán	2877	an-ang,z-zh,h-f,j-q-x	1
举止大方	jǔ zhǐ dà fāng	2878	an-ang,z-zh,h-f,j-q-x	1
举止自若	jǔ zhǐ zì ruò	2879	ua-uo,z-zh,r-l,j-q-x	1
举步生风	jǔ bù shēng fēng	2880	en-eng,s-sh,h-f,j-q-x	1
举要删芜	jǔ yào shān wú	2884	an-ang,ao-ou,s-sh,j-q-x	1
举贤任能	jǔ xián rèn néng	2885	en-eng,ian-iang,n-l,r-l,j-q-x	1
举贤使能	jǔ xián shǐ néng	2886	en-eng,ian-iang,s-sh,n-l,j-q-x	1
举重若轻	jǔ zhòng ruò qīng	2889	in-ing,ua-uo,z-zh,r-l,j-q-x	1
乃心王室	nǎi xīn wáng shì	2890	in-ing,an-ang,ai-ei,s-sh,n-l,j-q-x	1
久久不忘	jiǔ jiǔ bù wàng	2892	an-ang,j-q-x	1
久假不归	jiǔ jiǎ bù guī	2894	ia-ie,j-q-x	1
久别重逢	jiǔ bié chóng féng	2896	en-eng,ia-ie,c-ch,h-f,j-q-x	1
久历风尘	jiǔ lì fēng chén	2897	en-eng,c-ch,n-l,h-f,r-l,j-q-x	1
久安长治	jiǔ ān cháng zhì	2898	an-ang,z-zh,c-ch,j-q-x	1
久悬不决	jiǔ xuán bù jué	2899	uan-uang,j-q-x	1
久经风霜	jiǔ jīng fēng shuāng	2903	en-eng,in-ing,uan-uang,s-sh,h-f,j-q-x	1
久要不忘	jiǔ yāo bù wàng	2904	an-ang,ao-ou,j-q-x	1
久闻大名	jiǔ wén dà míng	2908	en-eng,in-ing,j-q-x	1
义不反顾	yì bù fǎn gù	2909	an-ang,h-f	1
义不取容	yì bù qǔ róng	2910	r-l,j-q-x	1
义不生财	yì bù shēng cái	2912	en-eng,ai-ei,c-ch,s-sh	1
义愤填胸	yì fèn tián xiōng	2919	en-eng,ian-iang,h-f,j-q-x	1
义无旋踵	yì wú xuán zhǒng	2921	uan-uang,z-zh,j-q-x	3
义正辞严	yì zhèng cí yán	2923	en-eng,an-ang,z-zh,c-ch	1
义正辞约	yì zhèng cí yuē	2924	en-eng,z-zh,c-ch	1
义气相投	yì qì xiāng tóu	2925	ian-iang,ao-ou,j-q-x	1
义浆仁粟	yì jiāng rén sù	2926	en-eng,ian-iang,s-sh,r-l,j-q-x	1
义薄云天	yì bó yún tiān	2927	ian-iang	1
义重恩深	yì zhòng ēn shēn	2929	en-eng,z-zh,s-sh	1
之死不渝	zhī sǐ bù yú	2931	z-zh,s-sh	1
乌天黑地	wū tiān hēi dì	2935	ian-iang,ai-ei,h-f	1
乌头马角	wū tóu mǎ jiǎo	2938	ao-ou,j-q-x	1
乌帽红裙	wū mào hóng qún	2939	ao-ou,h-f,j-q-x	1
乌有先生	wū yǒu xiān shēng	2945	en-eng,ian-iang,ao-ou,s-sh,j-q-x	1
乌白马角	wū bái mǎ jiǎo	2948	ai-ei,j-q-x	1
乌苏里江	wū sū lǐ jiāng	2949	ian-iang,s-sh,n-l,r-l,j-q-x	1
乌衣子弟	wū yī zǐ dì	2950	z-zh	1
乐不可极	lè bù kě jí	2959	n-l,r-l,j-q-x	1
乐不可言	lè bù kě yán	2960	an-ang,n-l,r-l	1
乐不极盘	lè bù jí pán	2962	an-ang,n-l,r-l,j-q-x	1
乐业安居	lè yè ān jū	2964	an-ang,n-l,r-l,j-q-x	1
乐事劝功	lè shì quàn gōng	2966	uan-uang,s-sh,n-l,r-l,j-q-x	1
乐以忘忧	lè yǐ wàng yōu	2970	an-ang,ao-ou,n-l,r-l	1
乐善不倦	lè shàn bù juàn	2974	an-ang,uan-uang,s-sh,n-l,r-l,j-q-x	1
乐善好义	lè shàn hào yì	2975	an-ang,ao-ou,s-sh,n-l,h-f,r-l	1
乐嗟苦咄	lè jiē kǔ duō	2977	ia-ie,ua-uo,n-l,r-l,j-q-x	3
乐在其中	lè zài qí zhōng	2982	ai-ei,z-zh,n-l,r-l,j-q-x	1
乐天任命	lè tiān rèn mìng	2985	en-eng,in-ing,ian-iang,n-l,r-l	1
乐天安命	lè tiān ān mìng	2986	in-ing,an-ang,ian-iang,n-l,r-l	1
乐尽哀生	lè jìn āi shēng	2992	en-eng,in-ing,ai-ei,s-sh,n-l,r-l,j-q-x	1
乐尽悲来	lè jìn bēi lái	2993	in-ing,ai-ei,n-l,r-l,j-q-x	1
乐山乐水	lè shān lè shuǐ	2995	an-ang,s-sh,n-l,r-l	1
乐山爱水	lè shān ài shuǐ	2996	an-ang,ai-ei,s-sh,n-l,r-l	1
乐往哀来	lè wǎng āi lái	3001	an-ang,ai-ei,n-l,r-l	1
乐成人美	lè chéng rén měi	3007	en-eng,ai-ei,c-ch,n-l,r-l	1
乐新厌旧	lè xīn yàn jiù	3010	in-ing,an-ang,n-l,r-l,j-q-x	1
乐昌之镜	lè chāng zhī jìng	3011	in-ing,an-ang,z-zh,c-ch,n-l,r-l,j-q-x	1
乐昌分镜	lè chāng fēn jìng	3012	en-eng,in-ing,an-ang,c-ch,n-l,h-f,r-l,j-q-x	1
乐昌破镜	lè chāng pò jìng	3013	in-ing,an-ang,c-ch,n-l,r-l,j-q-x	1
乐极则忧	lè jí zé yōu	3015	ao-ou,z-zh,n-l,r-l,j-q-x	1
乐极则悲	lè jí zé bēi	3016	ai-ei,z-zh,n-l,r-l,j-q-x	1
乐极哀来	lè jí āi lái	3017	ai-ei,n-l,r-l,j-q-x	1
乐极悲来	lè jí bēi lái	3018	ai-ei,n-l,r-l,j-q-x	1
乐极悲生	lè jí bēi shēng	3019	en-eng,ai-ei,s-sh,n-l,r-l,j-q-x	1
乐极生哀	lè jí shēng āi	3020	en-eng,ai-ei,s-sh,n-l,r-l,j-q-x	1
乐此不倦	lè cǐ bù juàn	3024	uan-uang,c-ch,n-l,r-l,j-q-x	1
乐祸幸灾	lè huò xìng zāi	3031	in-ing,ai-ei,ua-uo,z-zh,n-l,h-f,r-l,j-q-x	1
乐而不厌	lè ér bù yàn	3033	an-ang,n-l,r-l	1
乐而不淫	lè ér bù yín	3034	in-ing,n-l,r-l	1
乐而不荒	lè ér bù huāng	3035	uan-uang,n-l,h-f,r-l	1
乐而忘死	lè ér wàng sǐ	3036	an-ang,s-sh,n-l,r-l	1
乐行忧违	lè xíng yōu wéi	3040	in-ing,ai-ei,ao-ou,n-l,r-l,j-q-x	1
乐退安贫	lè tuì ān pín	3046	in-ing,an-ang,n-l,r-l	1
乐道好古	lè dào hǎo gǔ	3048	ao-ou,n-l,h-f,r-l	1
乐道安命	lè dào ān mìng	3049	in-ing,an-ang,ao-ou,n-l,r-l	1
乐道安贫	lè dào ān pín	3050	in-ing,an-ang,ao-ou,n-l,r-l	1
乐道忘饥	lè dào wàng jī	3051	an-ang,ao-ou,n-l,r-l,j-q-x	1
乐道遗荣	lè dào yí róng	3052	ao-ou,n-l,r-l	1
乔妆打扮	qiáo zhuāng dǎ bàn	3059	an-ang,uan-uang,z-zh,j-q-x	1
乔文假醋	qiáo wén jiǎ cù	3060	en-eng,ia-ie,c-ch,j-q-x	1
乔装打扮	qiáo zhuāng dǎ bàn	3061	an-ang,uan-uang,z-zh,j-q-x	1
乖僻邪谬	guāi pì xié miù	3062	ia-ie,j-q-x	1
乘云行泥	chéng yún xíng ní	3065	en-eng,in-ing,c-ch,n-l,j-q-x	1
乘伪行诈	chéng wěi xíng zhà	3067	en-eng,in-ing,ai-ei,z-zh,c-ch,j-q-x	1
乘兴而来	chéng xìng ér lái	3070	en-eng,in-ing,ai-ei,c-ch,n-l,r-l,j-q-x	1
乘其不备	chéng qí bù bèi	3071	en-eng,ai-ei,c-ch,j-q-x	1
乘其不意	chéng qí bù yì	3072	en-eng,c-ch,j-q-x	1
乘利席胜	chéng lì xí shèng	3074	en-eng,c-ch,s-sh,n-l,r-l,j-q-x	1
乘势使气	chéng shì shǐ qì	3078	en-eng,c-ch,s-sh,j-q-x	1
乘坚策肥	chéng jiān cè féi	3082	en-eng,ian-iang,ai-ei,c-ch,h-f,j-q-x	1
乘坚驱良	chéng jiān qū liáng	3083	en-eng,ian-iang,c-ch,n-l,r-l,j-q-x	1
乘时乘势	chéng shí chéng shì	3089	en-eng,c-ch,s-sh	1
乘机打劫	chéng jī dǎ jié	3091	en-eng,ia-ie,c-ch,j-q-x	1
乘热打铁	chéng rè dǎ tiě	3093	en-eng,ia-ie,c-ch,r-l	1
乘肥衣轻	chéng féi yì qīng	3095	en-eng,in-ing,ai-ei,c-ch,h-f,j-q-x	1
乘胜追击	chéng shèng zhuī jī	3097	en-eng,z-zh,c-ch,s-sh,j-q-x	1
乘胜逐北	chéng shèng zhú běi	3098	en-eng,ai-ei,z-zh,c-ch,s-sh	1
乘舆播越	chéng yú bō yuè	3100	en-eng,c-ch	1
乘虚蹈隙	chéng xū dǎo xì	3103	en-eng,ao-ou,c-ch,j-q-x	1
乘虚迭出	chéng xū dié chū	3104	en-eng,ia-ie,c-ch,j-q-x	1
乘车戴笠	chéng chē dài lì	3107	en-eng,ai-ei,c-ch,n-l,r-l	3
乘轻驱肥	chéng qīng qū féi	3108	en-eng,in-ing,ai-ei,c-ch,h-f,j-q-x	1
乘间伺隙	chéng jiān sì xì	3109	en-eng,ian-iang,c-ch,s-sh,j-q-x	1
乘间投隙	chéng jiān tóu xì	3110	en-eng,ian-iang,ao-ou,c-ch,j-q-x	1
乘间抵隙	chéng jiān dǐ xì	3111	en-eng,ian-iang,c-ch,j-q-x	1
乘险抵巇	chéng xiǎn dǐ xī	3113	en-eng,ian-iang,c-ch,j-q-x	5
乘隙捣虚	chéng xì dǎo xū	3115	en-eng,ao-ou,c-ch,j-q-x	1
乘隙而入	chéng xì ér rù	3116	en-eng,c-ch,r-l,j-q-x	1
乘顺水船	chéng shùn shuǐ chuán	3117	en-eng,uan-uang,c-ch,s-sh	1
乘风兴浪	chéng fēng xīng làng	3119	en-eng,in-ing,an-ang,c-ch,n-l,h-f,r-l,j-q-x	1
乘风转舵	chéng fēng zhuǎn duò	3121	en-eng,uan-uang,ua-uo,z-zh,c-ch,h-f	1
乘高决水	chéng gāo jué shuǐ	3123	en-eng,ao-ou,c-ch,s-sh,j-q-x	1
乘鸾跨凤	chéng luán kuà fèng	3124	en-eng,uan-uang,ua-uo,c-ch,n-l,h-f,r-l	3
乘龙佳婿	chéng lóng jiā xù	3125	en-eng,ia-ie,c-ch,n-l,r-l,j-q-x	1
乘龙配凤	chéng lóng pèi fèng	3127	en-eng,ai-ei,c-ch,n-l,h-f,r-l	1
乙状结肠	yǐ zhuàng jié cháng	3128	an-ang,uan-uang,ia-ie,z-zh,c-ch,j-q-x	1
乙种射线	yǐ zhǒng shè xiàn	3129	ian-iang,z-zh,s-sh,j-q-x	1
乙种粒子	yǐ zhǒng lì zǐ	3130	z-zh,n-l,r-l	1
乜斜缠帐	niè xié chán zhàng	3132	an-ang,ia-ie,z-zh,c-ch,n-l,j-q-x	3
九世之仇	jiǔ shì zhī chóu	3133	ao-ou,z-zh,c-ch,s-sh,j-q-x	1
九原可作	jiǔ yuán kě zuò	3134	uan-uang,ua-uo,z-zh,j-q-x	1
九变十化	jiǔ biàn shí huà	3135	ian-iang,ua-uo,s-sh,h-f,j-q-x	1
九合一匡	jiǔ hé yī kuāng	3136	uan-uang,h-f,j-q-x	3
九品中正	jiǔ pǐn zhōng zhèng	3137	en-eng,in-ing,z-zh,j-q-x	1
九垓八埏	jiǔ gāi bā yán	3139	an-ang,ai-ei,j-q-x	7
九大行星	jiǔ dà xíng xīng	3140	in-ing,j-q-x	1
九天九地	jiǔ tiān jiǔ dì	3141	ian-iang,j-q-x	1
九天仙女	jiǔ tiān xiān nǚ	3142	ian-iang,n-l,j-q-x	1
九故十亲	jiǔ gù shí qīn	3146	in-ing,s-sh,j-q-x	1
九曲回肠	jiǔ qū huí cháng	3147	an-ang,c-ch,h-f,j-q-x	1
九朽一罢	jiǔ xiǔ yī bà	3148	j-q-x	1
九死不悔	jiǔ sǐ bù huǐ	3150	s-sh,h-f,j-q-x	1
九流三教	jiǔ liú sān jiào	3151	an-ang,s-sh,n-l,r-l,j-q-x	1
九流十家	jiǔ liú shí jiā	3152	ia-ie,s-sh,n-l,r-l,j-q-x	1
九流百家	jiǔ liú bǎi jiā	3153	ai-ei,ia-ie,n-l,r-l,j-q-x	1
九行八业	jiǔ háng bā yè	3157	an-ang,h-f,j-q-x	1
九转功成	jiǔ zhuǎn gōng chéng	3158	en-eng,uan-uang,z-zh,c-ch,j-q-x	1
九间大殿	jiǔ jiān dà diàn	3170	ian-iang,j-q-x	1
九间朝殿	jiǔ jiān cháo diàn	3171	ian-iang,ao-ou,c-ch,j-q-x	1
九鼎大吕	jiǔ dǐng dà lǚ	3173	in-ing,n-l,r-l,j-q-x	1
乞儿乘车	qǐ ér chéng chē	3174	en-eng,c-ch,j-q-x	1
乞浆得酒	qǐ jiāng dé jiǔ	3176	ian-iang,j-q-x	1
乞穷俭相	qǐ qióng jiǎn xiāng	3177	ian-iang,j-q-x	1
习与性成	xí yǔ xìng chéng	3184	en-eng,in-ing,c-ch,j-q-x	1
习焉不察	xí yān bù chá	3191	an-ang,c-ch,j-q-x	1
习而不察	xí ér bù chá	3192	c-ch,j-q-x	1
乡书难寄	xiāng shū nán jì	3195	an-ang,ian-iang,s-sh,n-l,j-q-x	1
书不尽意	shū bù jìn yì	3205	in-ing,s-sh,j-q-x	1
书不尽言	shū bù jìn yán	3206	in-ing,an-ang,s-sh,j-q-x	1
书不释手	shū bù shì shǒu	3207	ao-ou,s-sh	1
书囊无底	shū náng wú dǐ	3217	an-ang,s-sh,n-l	1
书归正传	shū guī zhèng zhuàn	3222	en-eng,uan-uang,z-zh,s-sh	1
书生之见	shū shēng zhī jiàn	3225	en-eng,ian-iang,z-zh,s-sh,j-q-x	1
书空咄咄	shū kōng duō duō	3227	ua-uo,s-sh	1
书缺有间	shū quē yǒu jiàn	3228	ian-iang,ao-ou,s-sh,j-q-x	1
书读五车	shū dú wǔ chē	3232	c-ch,s-sh	1
书香世家	shū xiāng shì jiā	3234	ian-iang,ia-ie,s-sh,j-q-x	1
书香人家	shū xiāng rén jiā	3235	en-eng,ian-iang,ia-ie,s-sh,r-l,j-q-x	1
买上告下	mǎi shàng gào xià	3236	an-ang,ai-ei,ao-ou,ia-ie,s-sh,j-q-x	1
买上嘱下	mǎi shàng zhǔ xià	3237	an-ang,ai-ei,ia-ie,z-zh,s-sh,j-q-x	1
买王得羊	mǎi wáng dé yáng	3244	an-ang,ai-ei	1
买笑追欢	mǎi xiào zhuī huān	3246	uan-uang,ai-ei,z-zh,h-f,j-q-x	1
买铁思金	mǎi tiě sī jīn	3247	in-ing,ai-ei,ia-ie,s-sh,j-q-x	1
乱作胡为	luàn zuò hú wéi	3249	uan-uang,ai-ei,ua-uo,z-zh,n-l,h-f,r-l	1
乱头粗服	luàn tóu cū fú	3252	uan-uang,ao-ou,c-ch,n-l,h-f,r-l	1
乱成一团	luàn chéng yì tuán	3255	en-eng,uan-uang,c-ch,n-l,r-l	1
乱箭攒心	luàn jiàn cuán xīn	3259	in-ing,ian-iang,uan-uang,c-ch,n-l,r-l,j-q-x	3
乱语胡言	luàn yǔ hú yán	3260	an-ang,uan-uang,n-l,h-f,r-l	1
乳臭未除	rǔ chòu wèi chú	3270	ai-ei,ao-ou,c-ch,r-l	1
乳间股脚	rǔ jiān gǔ jiǎo	3271	ian-iang,r-l,j-q-x	1
乾乾翼翼	qián qián yì yì	3272	ian-iang,j-q-x	1
乾端坤倪	qián duān kūn ní	3273	ian-iang,uan-uang,n-l,j-q-x	3
了不可见	liǎo bù kě jiàn	3274	ian-iang,n-l,r-l,j-q-x	1
了不长进	liǎo bù zhǎng jìn	3277	in-ing,an-ang,z-zh,n-l,r-l,j-q-x	1
了了可见	liǎo liǎo kě jiàn	3279	ian-iang,n-l,r-l,j-q-x	1
了无惧色	liǎo wú jù sè	3289	s-sh,n-l,r-l,j-q-x	1
了然于胸	liǎo rán yú xiōng	3292	an-ang,n-l,r-l,j-q-x	1
了然无闻	liǎo rán wú wén	3293	en-eng,an-ang,n-l,r-l	1
了若指掌	liǎo ruò zhǐ zhǎng	3295	an-ang,ua-uo,z-zh,n-l,r-l	1
了身脱命	liǎo shēn tuō mìng	3298	en-eng,in-ing,ua-uo,s-sh,n-l,r-l	1
了身达命	liǎo shēn dá mìng	3299	en-eng,in-ing,s-sh,n-l,r-l	1
予人口实	yǔ rén kǒu shí	3300	en-eng,ao-ou,s-sh,r-l	1
予取予夺	yú qǔ yú duó	3302	ua-uo,j-q-x	1
予取予携	yú qǔ yú xié	3303	ia-ie,j-q-x	1
予取予求	yú qǔ yú qiú	3304	j-q-x	1
予夺生杀	yǔ duó shēng shā	3305	en-eng,ua-uo,s-sh	1
予智予雄	yú zhì yú xióng	3306	z-zh,j-q-x	1
予齿去角	yǔ chǐ qù jiǎo	3307	c-ch,j-q-x	1
争多论少	zhēng duō lùn shǎo	3311	en-eng,ao-ou,ua-uo,z-zh,s-sh,n-l,r-l	1
争妍斗艳	zhēng yán dòu yàn	3313	en-eng,an-ang,ao-ou,z-zh	3
争强斗狠	zhēng qiáng dòu hěn	3316	en-eng,ian-iang,ao-ou,z-zh,h-f,j-q-x	1
争强斗胜	zhēng qiáng dòu shèng	3317	en-eng,ian-iang,ao-ou,z-zh,s-sh,j-q-x	1
争强显胜	zhēng qiáng xiǎn shèng	3318	en-eng,ian-iang,z-zh,s-sh,j-q-x	1
争斤论两	zhēng jīn lùn liǎng	3322	en-eng,in-ing,ian-iang,z-zh,n-l,r-l,j-q-x	1
争猫丢牛	zhēng māo diū niú	3323	en-eng,ao-ou,z-zh,n-l	1
争短论长	zhēng duǎn lùn cháng	3324	en-eng,an-ang,uan-uang,z-zh,c-ch,n-l,r-l	1
争长竞短	zhēng cháng jìng duǎn	3326	en-eng,in-ing,an-ang,uan-uang,z-zh,c-ch,j-q-x	1
争鸡失羊	zhēng jī shī yáng	3329	en-eng,an-ang,z-zh,s-sh,j-q-x	1
事不关己	shì bù guān jǐ	3330	uan-uang,s-sh,j-q-x	1
事不师古	shì bù shī gǔ	3332	s-sh	1
事不有余	shì bù yǒu yú	3333	ao-ou,s-sh	1
事不过三	shì bù guò sān	3334	an-ang,ua-uo,s-sh	1
事与原违	shì yǔ yuán wéi	3335	uan-uang,ai-ei,s-sh	1
事与心违	shì yù xīn wéi	3336	in-ing,ai-ei,s-sh,j-q-x	1
事危累卵	shì wēi lèi luǎn	3343	uan-uang,ai-ei,s-sh,n-l,r-l	1
事在必行	shì zài bì xíng	3346	in-ing,ai-ei,z-zh,s-sh,j-q-x	1
事无大小	shì wú dà xiǎo	3350	s-sh,j-q-x	1
事核言直	shì hé yán zhí	3351	an-ang,z-zh,s-sh,h-f	1
事过情迁	shì guò qíng qiān	3353	in-ing,ian-iang,ua-uo,s-sh,j-q-x	1
事过景迁	shì guò jǐng qiān	3354	in-ing,ian-iang,ua-uo,s-sh,j-q-x	1
事齐事楚	shì qí shì chǔ	3355	c-ch,s-sh,j-q-x	1
二三其德	èr sān qí dé	3358	an-ang,s-sh,j-q-x	1
二三其意	èr sān qí yì	3359	an-ang,s-sh,j-q-x	1
二分明月	èr fēn míng yuè	3366	en-eng,in-ing,h-f	1
二十八宿	èr shí bā xiù	3369	s-sh,j-q-x	1
二姓之好	èr xìng zhī hǎo	3372	in-ing,ao-ou,z-zh,h-f,j-q-x	1
二次曲线	èr cì qū xiàn	3375	ian-iang,c-ch,j-q-x	1
二氧化物	èr yǎng huà wù	3377	an-ang,ua-uo,h-f	1
二氧化硅	èr yǎng huà guī	3378	an-ang,ua-uo,h-f	1
二氧化锰	èr yǎng huà měng	3381	en-eng,an-ang,ua-uo,h-f	1
二竖为虐	èr shù wéi nüè	3382	ai-ei,s-sh,n-l	1
二龙戏珠	èr lóng xì zhū	3395	z-zh,n-l,r-l,j-q-x	1
于今为烈	yú jīn wéi liè	3396	in-ing,ai-ei,ia-ie,n-l,r-l,j-q-x	1
于安思危	yú ān sī wēi	3397	an-ang,ai-ei,s-sh	1
于家为国	yú jiā wéi guó	3398	ai-ei,ia-ie,ua-uo,j-q-x	1
于心何忍	yú xīn hé rěn	3399	en-eng,in-ing,h-f,r-l,j-q-x	1
于飞之乐	yú fēi zhī lè	3401	ai-ei,z-zh,n-l,h-f,r-l	1
亏心短行	kuī xīn duǎn xíng	3404	in-ing,uan-uang,j-q-x	1
云中仙鹤	yún zhōng xiān hè	3408	ian-iang,z-zh,h-f,j-q-x	1
云中白鹤	yún zhōng bái hè	3409	ai-ei,z-zh,h-f	1
云交雨合	yún jiāo yǔ hé	3410	h-f,j-q-x	1
云兴霞蔚	yún xīng xiá wèi	3411	in-ing,ai-ei,ia-ie,j-q-x	1
云冈石窟	yún gāng shí kū	3412	an-ang,s-sh	1
云净天空	yún jìng tiān kōng	3413	in-ing,ian-iang,j-q-x	1
云合响应	yún hé xiǎng yìng	3415	in-ing,ian-iang,h-f,j-q-x	1
云合景从	yún hé jǐng cóng	3416	in-ing,c-ch,h-f,j-q-x	1
云合雾集	yún hé wù jí	3417	h-f,j-q-x	1
云天雾地	yún tiān wù dì	3420	ian-iang	1
云屯席卷	yún tún xí juǎn	3423	uan-uang,j-q-x	1
云屯星聚	yún tún xīng jù	3424	in-ing,j-q-x	1
云屯森立	yún tún sēn lì	3425	en-eng,s-sh,n-l,r-l	1
云屯蚁聚	yún tún yǐ jù	3426	j-q-x	1
云屯雨集	yún tún yǔ jí	3427	j-q-x	1
云屯雾散	yún tún wù sàn	3428	an-ang,s-sh	1
云屯雾集	yún tún wù jí	3429	j-q-x	1
云屯飙散	yún tún biāo sàn	3430	an-ang,s-sh	3
云屯鸟散	yún tún niǎo sàn	3431	an-ang,s-sh,n-l	1
云布雨施	yún bù yǔ shī	3434	s-sh	1
云布雨润	yún bù yǔ rùn	3435	r-l	1
云开见天	yún kāi jiàn tiān	3436	ian-iang,ai-ei,j-q-x	1
云开见日	yún kāi jiàn rì	3437	ian-iang,ai-ei,r-l,j-q-x	1
云开雾散	yún kāi wù sàn	3438	an-ang,ai-ei,s-sh	1
云悲海思	yún bēi hǎi sī	3439	ai-ei,s-sh,h-f	1
云情雨意	yún qíng yǔ yì	3440	in-ing,j-q-x	1
云愁海思	yún chóu hǎi sī	3441	ai-ei,ao-ou,c-ch,s-sh,h-f	1
云愁雨怨	yún chóu yǔ yuàn	3442	uan-uang,ao-ou,c-ch	1
云扰幅裂	yún rǎo fú liè	3443	ao-ou,ia-ie,n-l,h-f,r-l	1
云收雨散	yún shōu yǔ sàn	3444	an-ang,ao-ou,s-sh	1
云散风流	yún sàn fēng liú	3446	en-eng,an-ang,s-sh,n-l,h-f,r-l	1
云朝雨暮	yún zhāo yǔ mù	3448	ao-ou,z-zh	1
云期雨信	yún qī yǔ xìn	3449	in-ing,j-q-x	1
云期雨约	yún qī yǔ yuē	3450	j-q-x	1
云树之思	yún shù zhī sī	3451	z-zh,s-sh	1
云泥之别	yún ní zhī bié	3453	ia-ie,z-zh,n-l	1
云泥之差	yún ní zhī chā	3454	z-zh,c-ch,n-l	1
云泥异路	yún ní yì lù	3455	n-l,r-l	1
云泥殊路	yún ní shū lù	3456	s-sh,n-l,r-l	1
云消雨散	yún xiāo yǔ sàn	3457	an-ang,s-sh,j-q-x	1
云涌风飞	yún yǒng fēng fēi	3460	en-eng,ai-ei,h-f	1
云涌飙发	yún yǒng biāo fā	3461	h-f	3
云淡风轻	yún dàn fēng qīng	3462	en-eng,in-ing,an-ang,h-f,j-q-x	1
云烟过眼	yún yān guò yǎn	3463	an-ang,ua-uo	1
云程万里	yún chéng wàn lǐ	3465	en-eng,an-ang,c-ch,n-l,r-l	1
云程发轫	yún chéng fā rèn	3466	en-eng,c-ch,h-f,r-l	3
云窗雾槛	yún chuāng wù jiàn	3467	ian-iang,uan-uang,c-ch,j-q-x	1
云翻雨覆	yún fān yǔ fù	3468	an-ang,h-f	1
云舒霞卷	yún shū xiá juǎn	3469	uan-uang,ia-ie,s-sh,j-q-x	1
云行雨施	yún xíng yǔ shī	3470	in-ing,s-sh,j-q-x	1
云行雨洽	yún xíng yǔ qià	3471	in-ing,ia-ie,j-q-x	1
云趋鹜赴	yún qū wù fù	3472	h-f,j-q-x	3
云过天空	yún guò tiān kōng	3473	ian-iang,ua-uo	1
云阶月地	yún jiē yuè dì	3475	ia-ie,j-q-x	1
云集响应	yún jí xiǎng yìng	3477	in-ing,ian-iang,j-q-x	1
云集景从	yún jí jǐng cóng	3478	in-ing,c-ch,j-q-x	1
云集景附	yún jí jǐng fù	3479	in-ing,h-f,j-q-x	1
云雨巫山	yún yǔ wū shān	3481	an-ang,s-sh	1
云雾迷蒙	yún wù mí méng	3482	en-eng	1
云飞泥沉	yún fēi ní chén	3483	en-eng,ai-ei,c-ch,n-l,h-f	1
云飞雨散	yún fēi yǔ sàn	3484	an-ang,ai-ei,s-sh,h-f	1
云龙风虎	yún lóng fēng hǔ	3485	en-eng,n-l,h-f,r-l	1
互为因果	hù wéi yīn guǒ	3487	in-ing,ai-ei,ua-uo,h-f	1
互为表里	hù wéi biǎo lǐ	3488	ai-ei,n-l,h-f,r-l	1
互剥痛疮	hù bō tòng chuāng	3489	uan-uang,c-ch,h-f	1
互相推诿	hù xiāng tuī wěi	3498	ian-iang,ai-ei,h-f,j-q-x	3
互相标榜	hù xiāng biāo bǎng	3499	an-ang,ian-iang,h-f,j-q-x	1
五世其昌	wǔ shì qí chāng	3506	an-ang,c-ch,s-sh,j-q-x	1
五亲六眷	wǔ qīn liù juàn	3507	in-ing,uan-uang,n-l,r-l,j-q-x	1
五体投诚	wǔ tǐ tóu chéng	3509	en-eng,ao-ou,c-ch	1
五侯七贵	wǔ hóu qī guì	3510	ao-ou,h-f,j-q-x	1
五侯蜡烛	wǔ hòu là zhú	3511	ao-ou,z-zh,n-l,h-f,r-l	1
五内俱崩	wǔ nèi jù bēng	3513	en-eng,ai-ei,n-l,j-q-x	1
五内如焚	wǔ nèi rú fén	3514	en-eng,ai-ei,n-l,h-f,r-l	1
五冬六夏	wǔ dōng liù xià	3515	ia-ie,n-l,r-l,j-q-x	1
五合六聚	wǔ hé liù jù	3521	n-l,h-f,r-l,j-q-x	1
五尺之僮	wǔ chǐ zhī tóng	3525	z-zh,c-ch	3
五尺之童	wǔ chǐ zhī tóng	3526	z-zh,c-ch	1
五尺竖子	wǔ chǐ shù zǐ	3527	z-zh,c-ch,s-sh	1
五尺童子	wǔ chǐ tóng zǐ	3528	z-zh,c-ch	1
五心六意	wǔ xīn liù yì	3530	in-ing,n-l,r-l,j-q-x	1
五抢六夺	wǔ qiǎng liù duó	3531	ian-iang,ua-uo,n-l,r-l,j-q-x	1
五斗折腰	wǔ dǒu zhé yāo	3532	ao-ou,z-zh	1
五毒俱全	wǔ dú jù quán	3542	uan-uang,j-q-x	1
五申三令	wǔ shēn sān lìng	3543	en-eng,in-ing,an-ang,s-sh,n-l,r-l	1
五男二女	wǔ nán èr nǚ	3544	an-ang,n-l	1
五石六鹢	wǔ shí liù yì	3545	s-sh,n-l,r-l	5
五积六受	wǔ jī liù shòu	3546	ao-ou,s-sh,n-l,r-l,j-q-x	1
五经扫地	wǔ jīng sǎo dì	3547	in-ing,ao-ou,s-sh,j-q-x	1
五羖大夫	wǔ gǔ dà fū	3549	h-f	5
五脊六兽	wǔ jǐ liù shòu	3551	ao-ou,s-sh,n-l,r-l,j-q-x	1
五色相宣	wǔ sè xiāng xuān	3553	ian-iang,uan-uang,s-sh,j-q-x	1
五蕴皆空	wǔ yùn jiē kōng	3556	ia-ie,j-q-x	1
五藏六府	wǔ zàng liù fǔ	3557	an-ang,z-zh,n-l,h-f,r-l	1
五虚六耗	wǔ xū liù hào	3558	ao-ou,n-l,h-f,r-l,j-q-x	1
五行俱下	wǔ xíng jù xià	3560	in-ing,ia-ie,j-q-x	1
五行并下	wǔ háng bìng xià	3562	in-ing,an-ang,ia-ie,h-f,j-q-x	1
五行生克	wǔ xíng shēng kè	3563	en-eng,in-ing,s-sh,j-q-x	1
五角六张	wǔ jiǎo liù zhāng	3564	an-ang,z-zh,n-l,r-l,j-q-x	1
五言绝句	wǔ yán jué jù	3566	an-ang,j-q-x	1
五言长城	wǔ yán cháng chéng	3567	en-eng,an-ang,c-ch	1
五谷不分	wǔ gǔ bù fēn	3568	en-eng,h-f	1
五谷不升	wǔ gǔ bù shēng	3569	en-eng,s-sh	1
五车腹笥	wǔ chē fù sì	3571	c-ch,s-sh,h-f	3
五里雾中	wǔ lǐ wù zhōng	3572	z-zh,n-l,r-l	1
五陵年少	wǔ líng nián shào	3574	in-ing,ian-iang,ao-ou,s-sh,n-l,r-l	1
五陵英少	wǔ líng yīng shǎo	3575	in-ing,ao-ou,s-sh,n-l,r-l	1
五雀六燕	wǔ què liù yàn	3576	an-ang,n-l,r-l,j-q-x	1
五零二落	wǔ líng èr luò	3577	in-ing,ua-uo,n-l,r-l	1
五零四散	wǔ líng sì sàn	3578	in-ing,an-ang,s-sh,n-l,r-l	1
五音六律	wǔ yīn liù lǜ	3580	in-ing,n-l,r-l	1
五风十雨	wǔ fēng shí yǔ	3582	en-eng,s-sh,h-f	1
五黄六月	wǔ huáng liù yuè	3584	uan-uang,n-l,h-f,r-l	1
五鼎万钟	wǔ dǐng wàn zhōng	3585	in-ing,an-ang,z-zh	1
井中求火	jǐng zhōng qiú huǒ	3586	in-ing,ua-uo,z-zh,h-f,j-q-x	1
井中视星	jǐng zhōng shì xīng	3587	in-ing,z-zh,s-sh,j-q-x	1
井井有序	jǐng jǐng yǒu xù	3588	in-ing,ao-ou,j-q-x	1
井井有方	jǐng jǐng yǒu fāng	3589	in-ing,an-ang,ao-ou,h-f,j-q-x	1
井井有法	jǐng jǐng yǒu fǎ	3591	in-ing,ao-ou,h-f,j-q-x	1
井井有绪	jǐng jǐng yǒu xù	3592	in-ing,ao-ou,j-q-x	1
井底虾蟆	jǐng dǐ xiā má	3598	in-ing,ia-ie,j-q-x	1
井底蛤蟆	jǐng dǐ há má	3599	in-ing,h-f,j-q-x	1
井底鸣蛙	jǐng dǐ míng wā	3600	in-ing,j-q-x	1
井渫不食	jǐng xiè bù shí	3602	in-ing,ia-ie,s-sh,j-q-x	3
井渫莫食	jǐng xiè mò shí	3603	in-ing,ia-ie,s-sh,j-q-x	3
井然有条	jǐng rán yǒu tiáo	3605	in-ing,an-ang,ao-ou,r-l,j-q-x	1
井管拘墟	jǐng guǎn jū xū	3606	in-ing,uan-uang,j-q-x	1
井臼亲操	jǐng jiù qīn cāo	3607	in-ing,ao-ou,c-ch,j-q-x	1
井蛙之见	jǐng wā zhī jiàn	3608	in-ing,ian-iang,z-zh,j-q-x	1
亘古不灭	gèn gǔ bù miè	3609	en-eng,ia-ie	3
亘古奇闻	gèn gǔ qí wén	3610	en-eng,j-q-x	3
亘古未有	gèn gǔ wèi yǒu	3611	en-eng,ai-ei,ao-ou	3
亚肩叠背	yà jiān dié bèi	3616	ian-iang,ai-ei,ia-ie,j-q-x	1
亚肩迭背	yà jiān dié bèi	3617	ian-iang,ai-ei,ia-ie,j-q-x	1
亚马孙河	yà mǎ sūn hé	3619	s-sh,h-f	1
亟疾苛察	jí jí kē chá	3626	c-ch,j-q-x	3
亡不待夕	wáng bù dài xī	3628	an-ang,ai-ei,j-q-x	1
亡不旋跬	wáng bù xuán kuǐ	3629	an-ang,uan-uang,j-q-x	3
亡不旋踵	wáng bù xuán zhǒng	3630	an-ang,uan-uang,z-zh,j-q-x	3
亡可奈何	wáng kě nài hé	3634	an-ang,ai-ei,n-l,h-f	1
亡国之器	wáng guó zhī qì	3638	an-ang,ua-uo,z-zh,j-q-x	1
亡国之声	wáng guó zhī shēng	3639	en-eng,an-ang,ua-uo,z-zh,s-sh	1
亡国之社	wáng guó zhī shè	3640	an-ang,ua-uo,z-zh,s-sh	1
亡国之音	wáng guó zhī yīn	3641	in-ing,an-ang,ua-uo,z-zh	1
亡国大夫	wáng guó dà fū	3642	an-ang,ua-uo,h-f	1
亡国灭种	wáng guó miè zhǒng	3644	an-ang,ia-ie,ua-uo,z-zh	1
亡国破家	wáng guó pò jiā	3645	an-ang,ia-ie,ua-uo,j-q-x	1
亡戟得矛	wáng jǐ dé máo	3647	an-ang,ao-ou,j-q-x	3
亡猿灾木	wáng yuán zāi mù	3650	an-ang,uan-uang,ai-ei,z-zh	1
亡猿祸木	wáng yuán huò mù	3651	an-ang,uan-uang,ua-uo,h-f	1
亡矢遗镞	wáng shǐ yí zú	3652	an-ang,z-zh,s-sh	3
亡秦三户	wáng qín sān hù	3653	in-ing,an-ang,s-sh,h-f,j-q-x	1
亡羊之叹	wáng yáng zhī tàn	3654	an-ang,z-zh	1
亡羊得牛	wáng yáng dé niú	3655	an-ang,n-l	1
亡魂丧胆	wáng hún sàng dǎn	3658	an-ang,s-sh,h-f	1
亡魂丧魄	wáng hún sàng pò	3659	an-ang,s-sh,h-f	1
亡魂失魄	wáng hún shī pò	3660	an-ang,s-sh,h-f	1
亢龙有悔	kàng lóng yǒu huǐ	3661	an-ang,ao-ou,n-l,h-f,r-l	1
交口同声	jiāo kǒu tóng shēng	3668	en-eng,ao-ou,s-sh,j-q-x	1
交口称誉	jiāo kǒu chēng yù	3669	en-eng,ao-ou,c-ch,j-q-x	1
交口称赞	jiāo kǒu chēng zàn	3670	en-eng,an-ang,ao-ou,z-zh,c-ch,j-q-x	1
交头互耳	jiāo tóu hù ěr	3675	ao-ou,h-f,j-q-x	1
交浅言深	jiāo qiǎn yán shēn	3690	en-eng,an-ang,ian-iang,s-sh,j-q-x	1
交淡若水	jiāo dàn ruò shuǐ	3691	an-ang,ua-uo,s-sh,r-l,j-q-x	1
交能易作	jiāo néng yì zuò	3699	en-eng,ua-uo,z-zh,n-l,j-q-x	1
交臂历指	jiāo bì lì zhǐ	3701	z-zh,n-l,r-l,j-q-x	1
交臂失之	jiāo bì shī zhī	3702	z-zh,s-sh,j-q-x	1
交臂相失	jiāo bì xiāng shī	3703	ian-iang,s-sh,j-q-x	1
交通梗塞	jiāo tōng gěng sè	3710	en-eng,s-sh,j-q-x	1
交颈并头	jiāo jǐng bìng tóu	3713	in-ing,ao-ou,j-q-x	1
亥豕相望	hài shǐ xiāng wàng	3715	an-ang,ian-iang,ai-ei,s-sh,h-f,j-q-x	3
亦趋亦步	yì qū yì bù	3717	j-q-x	1
产业结构	chǎn yè jié gòu	3718	an-ang,ao-ou,ia-ie,c-ch,j-q-x	1
产品质量	chǎn pǐn zhì liàng	3721	in-ing,an-ang,ian-iang,z-zh,c-ch,n-l,r-l	1
亨嘉之会	hēng jiā zhī huì	3728	en-eng,ia-ie,z-zh,h-f,j-q-x	3
享乐主义	xiǎng lè zhǔ yì	3732	ian-iang,z-zh,n-l,r-l,j-q-x	1
京广铁路	jīng guǎng tiě lù	3736	in-ing,uan-uang,ia-ie,n-l,r-l,j-q-x	1
亲上做亲	qīn shàng zuò qīn	3750	in-ing,an-ang,ua-uo,z-zh,s-sh,j-q-x	1
亲上成亲	qīn shàng chéng qīn	3751	en-eng,in-ing,an-ang,c-ch,s-sh,j-q-x	1
亲临其境	qīn lín qí jìng	3753	in-ing,n-l,r-l,j-q-x	1
亲仁善邻	qīn rén shàn lín	3758	en-eng,in-ing,an-ang,s-sh,n-l,r-l,j-q-x	1
亲冒矢石	qīn mào shǐ shí	3763	in-ing,ao-ou,s-sh,j-q-x	1
亲如手足	qīn rú shǒu zú	3774	in-ing,ao-ou,z-zh,s-sh,r-l,j-q-x	1
亲如骨肉	qīn rú gǔ ròu	3775	in-ing,ao-ou,r-l,j-q-x	1
亲当矢石	qīn dāng shǐ shí	3784	in-ing,an-ang,s-sh,j-q-x	1
亲操井臼	qīn cāo jǐng jiù	3789	in-ing,ao-ou,c-ch,j-q-x	1
亲疏贵贱	qīn shū guì jiàn	3801	in-ing,ian-iang,s-sh,j-q-x	1
亲痛仇快	qīn tòng chóu kuài	3802	in-ing,ao-ou,c-ch,j-q-x	1
亲离众叛	qīn lí zhòng pàn	3808	in-ing,an-ang,z-zh,n-l,r-l,j-q-x	1
亲贤远佞	qīn xián yuǎn nìng	3813	in-ing,ian-iang,uan-uang,n-l,j-q-x	3
亹亹不倦	wěi wěi bù juàn	3820	uan-uang,ai-ei,j-q-x	5
人不聊生	rén bù liáo shēng	3826	en-eng,s-sh,n-l,r-l	1
人不自安	rén bù zì ān	3827	en-eng,an-ang,z-zh,r-l	1
人中之龙	rén zhōng zhī lóng	3830	en-eng,z-zh,n-l,r-l	1
人中狮子	rén zhōng shī zǐ	3831	en-eng,z-zh,s-sh,r-l	1
人中骐骥	rén zhōng qí jì	3832	en-eng,z-zh,r-l,j-q-x	3
人中龙虎	rén zhōng lóng hǔ	3833	en-eng,z-zh,n-l,h-f,r-l	1
人为刀俎	rén wéi dāo zǔ	3835	en-eng,ai-ei,ao-ou,z-zh,r-l	3
人事不省	rén shì bù xǐng	3836	en-eng,in-ing,s-sh,r-l,j-q-x	1
人事不知	rén shì bù zhī	3837	en-eng,z-zh,s-sh,r-l	1
人事不醒	rén shì bù xǐng	3838	en-eng,in-ing,s-sh,r-l,j-q-x	1
人亡家破	rén wáng jiā pò	3839	en-eng,an-ang,ia-ie,r-l,j-q-x	1
人亡政息	rén wáng zhèng xī	3840	en-eng,an-ang,z-zh,r-l,j-q-x	1
人亡物在	rén wáng wù zài	3841	en-eng,an-ang,ai-ei,z-zh,r-l	1
人亡邦瘁	rén wáng bāng cuì	3842	en-eng,an-ang,c-ch,r-l	3
人人皆知	rén rén jiē zhī	3844	en-eng,ia-ie,z-zh,r-l,j-q-x	1
人以群分	rén yǐ qún fēn	3845	en-eng,h-f,r-l,j-q-x	1
人千人万	rén qiān rén wàn	3852	en-eng,an-ang,ian-iang,r-l,j-q-x	1
人单势孤	rén dān shì gū	3853	en-eng,an-ang,s-sh,r-l	1
人去楼空	rén qù lóu kōng	3854	en-eng,ao-ou,n-l,r-l,j-q-x	1
人取我与	rén qǔ wǒ yǔ	3857	en-eng,r-l,j-q-x	1
人口密度	rén kǒu mì dù	3858	en-eng,ao-ou,r-l	1
人口总数	rén kǒu zǒng shù	3859	en-eng,ao-ou,z-zh,s-sh,r-l	1
人命危浅	rén mìng wēi qiǎn	3863	en-eng,in-ing,ian-iang,ai-ei,r-l,j-q-x	1
人多阙少	rén duō què shǎo	3866	en-eng,ao-ou,ua-uo,s-sh,r-l,j-q-x	3
人头畜鸣	rén tóu chù míng	3870	en-eng,in-ing,ao-ou,c-ch,r-l	1
人小鬼大	rén xiǎo guǐ dà	3873	en-eng,r-l,j-q-x	1
人工合成	rén gōng hé chéng	3875	en-eng,c-ch,h-f,r-l	1
人强胜天	rén qiáng shèng tiān	3877	en-eng,ian-iang,s-sh,r-l,j-q-x	1
人强马壮	rén qiáng mǎ zhuàng	3878	en-eng,ian-iang,uan-uang,z-zh,r-l,j-q-x	1
人心丧尽	rén xīn sàng jìn	3881	en-eng,in-ing,an-ang,s-sh,r-l,j-q-x	1
人心大快	rén xīn dà kuài	3883	en-eng,in-ing,r-l,j-q-x	1
人心涣散	rén xīn huàn sàn	3884	en-eng,in-ing,an-ang,uan-uang,s-sh,h-f,r-l,j-q-x	1
人心莫测	rén xīn mò cè	3885	en-eng,in-ing,c-ch,r-l,j-q-x	1
人心难测	rén xīn nán cè	3887	en-eng,in-ing,an-ang,c-ch,n-l,r-l,j-q-x	1
人急偎亲	rén jí wēi qīn	3888	en-eng,in-ing,ai-ei,r-l,j-q-x	1
人才难得	rén cái nán dé	3894	en-eng,an-ang,ai-ei,c-ch,n-l,r-l	1
人数众多	rén shù zhòng duō	3896	en-eng,ua-uo,z-zh,s-sh,r-l	1
人欲横流	rén yù héng liú	3902	en-eng,n-l,h-f,r-l	1
人民教师	rén mín jiào shī	3908	en-eng,in-ing,s-sh,r-l,j-q-x	1
人浮于食	rén fú yú shí	3910	en-eng,s-sh,h-f,r-l	1
人涉卬否	rén shè áng fǒu	3912	en-eng,an-ang,ao-ou,s-sh,h-f,r-l	5
人物肖像	rén wù xiào xiàng	3914	en-eng,ian-iang,r-l,j-q-x	1
人琴两亡	rén qín liǎng wáng	3915	en-eng,in-ing,an-ang,ian-iang,n-l,r-l,j-q-x	1
人琴俱亡	rén qín jù wáng	3916	en-eng,in-ing,an-ang,r-l,j-q-x	1
人生朝露	rén shēng cháo lù	3919	en-eng,ao-ou,c-ch,s-sh,n-l,r-l	1
人生若寄	rén shēng ruò jì	3921	en-eng,ua-uo,s-sh,r-l,j-q-x	1
人百其身	rén bǎi qí shēn	3925	en-eng,ai-ei,s-sh,r-l,j-q-x	1
人神共嫉	rén shén gòng jí	3926	en-eng,s-sh,r-l,j-q-x	1
人神共愤	rén shén gòng fèn	3927	en-eng,s-sh,h-f,r-l	1
人神同嫉	rén shén tóng jí	3928	en-eng,s-sh,r-l,j-q-x	1
人约黄昏	rén yuē huáng hūn	3931	en-eng,uan-uang,h-f,r-l	1
人给家足	rén jǐ jiā zú	3932	en-eng,ia-ie,z-zh,r-l,j-q-x	1
人自为战	rén zì wéi zhàn	3933	en-eng,an-ang,ai-ei,z-zh,r-l	1
人自为政	rén zì wéi zhèng	3934	en-eng,ai-ei,z-zh,r-l	1
人莫予毒	rén mò yú dú	3935	en-eng,r-l	1
人言藉藉	rén yán jí jí	3939	en-eng,an-ang,r-l,j-q-x	1
人语马嘶	rén yǔ mǎ sī	3940	en-eng,s-sh,r-l	1
人财两空	rén cái liǎng kōng	3941	en-eng,ian-iang,ai-ei,c-ch,n-l,r-l	1
人足家给	rén zú jiā jǐ	3942	en-eng,ia-ie,z-zh,r-l,j-q-x	1
人造行星	rén zào xíng xīng	3946	en-eng,in-ing,ao-ou,z-zh,r-l,j-q-x	1
人间地狱	rén jiān dì yù	3948	en-eng,ian-iang,r-l,j-q-x	1
人间天上	rén jiān tiān shàng	3949	en-eng,an-ang,ian-iang,s-sh,r-l,j-q-x	1
人间天堂	rén jiān tiān táng	3950	en-eng,an-ang,ian-iang,r-l,j-q-x	1
人际关系	rén jì guān xì	3953	en-eng,uan-uang,r-l,j-q-x	1
人非木石	rén fēi mù shí	3954	en-eng,ai-ei,s-sh,h-f,r-l	1
亿辛万苦	yì xīn wàn kǔ	3957	in-ing,an-ang,j-q-x	1
什么时候	shén me shí hòu	3960	en-eng,ao-ou,s-sh,h-f	1
什伍东西	shí wǔ dōng xī	3963	s-sh,j-q-x	1
什围伍攻	shí wéi wǔ gōng	3964	ai-ei,s-sh	1
什袭以藏	shí xí yǐ cáng	3966	an-ang,c-ch,s-sh,j-q-x	1
什袭珍藏	shí xí zhēn cáng	3967	en-eng,an-ang,z-zh,c-ch,s-sh,j-q-x	1
什袭而藏	shí xí ér cáng	3968	an-ang,c-ch,s-sh,j-q-x	1
仁同一视	rén tóng yī shì	3972	en-eng,s-sh,r-l	1
仁心仁术	rén xīn rén shù	3974	en-eng,in-ing,s-sh,r-l,j-q-x	1
仁浆义粟	rén jiāng yì sù	3976	en-eng,ian-iang,s-sh,r-l,j-q-x	1
仁者能仁	rén zhě néng rén	3977	en-eng,z-zh,n-l,r-l	1
仅以身免	jǐn yǐ shēn miǎn	3980	en-eng,in-ing,ian-iang,s-sh,j-q-x	1
仅容旋马	jǐn róng xuán mǎ	3983	in-ing,uan-uang,r-l,j-q-x	1
仅此而已	jǐn cǐ ér yǐ	3987	in-ing,c-ch,j-q-x	1
仆仆亟拜	pú pú jí bài	3990	ai-ei,j-q-x	3
仆仆道途	pú pú dào tú	3991	ao-ou	1
仆仆风尘	pú pú fēng chén	3992	en-eng,c-ch,h-f	1
今不如昔	jīn bù rú xī	4006	in-ing,r-l,j-q-x	1
今夕何夕	jīn xī hé xī	4008	in-ing,h-f,j-q-x	1
今蝉蜕壳	jīn chán tuì ké	4013	in-ing,an-ang,c-ch,j-q-x	1
今雨新知	jīn yǔ xīn zhī	4014	in-ing,z-zh,j-q-x	1
从中作梗	cóng zhōng zuò gěng	4020	en-eng,ua-uo,z-zh,c-ch	1
从中渔利	cóng zhōng yú lì	4021	z-zh,c-ch,n-l,r-l	1
从井救人	cóng jǐng jiù rén	4023	en-eng,in-ing,c-ch,r-l,j-q-x	1
从从容容	cóng cóng róng róng	4025	c-ch,r-l	1
从令如流	cóng lìng rú liú	4026	in-ing,c-ch,n-l,r-l	1
从俗就简	cóng sú jiù jiǎn	4030	ian-iang,c-ch,s-sh,j-q-x	1
从俗浮沉	cóng sú fú chén	4031	en-eng,c-ch,s-sh,h-f	1
从善如登	cóng shàn rú dēng	4043	en-eng,an-ang,c-ch,s-sh,r-l	1
从善若流	cóng shàn ruò liú	4044	an-ang,ua-uo,c-ch,s-sh,n-l,r-l	1
从壁上观	cóng bì shàng guān	4045	an-ang,uan-uang,c-ch,s-sh	1
从天而下	cóng tiān ér xià	4046	ian-iang,ia-ie,c-ch,j-q-x	1
从头到尾	cóng tóu dào wěi	4049	ai-ei,ao-ou,c-ch	1
从头彻尾	cóng tóu chè wěi	4050	ai-ei,ao-ou,c-ch	1
从头至尾	cóng tóu zhì wěi	4051	ai-ei,ao-ou,z-zh,c-ch	1
从容就义	cóng róng jiù yì	4055	c-ch,r-l,j-q-x	1
从容应对	cóng róng yìng duì	4056	in-ing,c-ch,r-l	1
从容自在	cóng róng zì zài	4057	ai-ei,z-zh,c-ch,r-l	1
从容自如	cóng róng zì rú	4058	z-zh,c-ch,r-l	1
从容自若	cóng róng zì ruò	4059	ua-uo,z-zh,c-ch,r-l	1
从宽发落	cóng kuān fā luò	4060	uan-uang,ua-uo,c-ch,n-l,h-f,r-l	1
从心所欲	cóng xīn suǒ yù	4065	in-ing,ua-uo,c-ch,s-sh,j-q-x	1
从恶如崩	cóng è rú bēng	4066	en-eng,c-ch,r-l	1
从恶是崩	cóng è shì bēng	4067	en-eng,c-ch,s-sh	1
从恶若崩	cóng è ruò bēng	4068	en-eng,ua-uo,c-ch,r-l	1
从流忘反	cóng liú wàng fǎn	4076	an-ang,c-ch,n-l,h-f,r-l	1
从谏如流	cóng jiàn rú liú	4083	ian-iang,c-ch,n-l,r-l,j-q-x	3
从轻发落	cóng qīng fā luò	4084	in-ing,ua-uo,c-ch,n-l,h-f,r-l,j-q-x	1
从长商议	cóng cháng shāng yì	4087	an-ang,c-ch,s-sh	1
从长计较	cóng cháng jì jiào	4089	an-ang,c-ch,j-q-x	1
从风而服	cóng fēng ér fú	4091	en-eng,c-ch,h-f	1
从风而靡	cóng fēng ér mí	4092	en-eng,c-ch,h-f	1
仓卒主人	cāng cù zhǔ rén	4095	en-eng,an-ang,z-zh,c-ch,r-l	1
仓卒之际	cāng cù zhī jì	4096	an-ang,z-zh,c-ch,j-q-x	1
他乡异县	tā xiāng yì xiàn	4108	ian-iang,j-q-x	1
他乡故知	tā xiāng gù zhī	4109	ian-iang,z-zh,j-q-x	1
他们自己	tā men zì jǐ	4114	en-eng,z-zh,j-q-x	1
他山之石	tā shān zhī shí	4118	an-ang,z-zh,s-sh	1
仗节死义	zhàng jié sǐ yì	4120	an-ang,ia-ie,z-zh,s-sh,j-q-x	1
付之丙丁	fù zhī bǐng dīng	4123	in-ing,z-zh,h-f	1
付之度外	fù zhī dù wài	4124	ai-ei,z-zh,h-f	1
仙姿佚貌	xiān zī yì mào	4129	ian-iang,ao-ou,z-zh,j-q-x	3
仙液琼浆	xiān yè qióng jiāng	4131	ian-iang,j-q-x	1
仙露明珠	xiān lù míng zhū	4132	in-ing,ian-iang,z-zh,n-l,r-l,j-q-x	1
仙风道格	xiān fēng dào gé	4133	en-eng,ian-iang,ao-ou,h-f,j-q-x	1
仙风道气	xiān fēng dào qì	4134	en-eng,ian-iang,ao-ou,h-f,j-q-x	1
代为说项	dài wéi shuō xiàng	4138	ian-iang,ai-ei,ua-uo,s-sh,j-q-x	1
代人受过	dài rén shòu guò	4139	en-eng,ai-ei,ao-ou,ua-uo,s-sh,r-l	1
代人说项	dài rén shuō xiàng	4140	en-eng,ian-iang,ai-ei,ua-uo,s-sh,r-l,j-q-x	1
代数方程	dài shù fāng chéng	4150	en-eng,an-ang,ai-ei,c-ch,s-sh,h-f	1
代马依风	dài mǎ yī fēng	4155	en-eng,ai-ei,h-f	1
代马望北	dài mǎ wàng běi	4156	an-ang,ai-ei	1
令不虚行	lìng bù xū xíng	4157	in-ing,n-l,r-l,j-q-x	1
令人切齿	lìng rén qiè chǐ	4161	en-eng,in-ing,ia-ie,c-ch,n-l,r-l,j-q-x	1
令人喷饭	lìng rén pēn fàn	4163	en-eng,in-ing,an-ang,n-l,h-f,r-l	1
令人注目	lìng rén zhù mù	4165	en-eng,in-ing,z-zh,n-l,r-l	1
令人瞩目	lìng rén zhǔ mù	4166	en-eng,in-ing,z-zh,n-l,r-l	1
令人莫测	lìng rén mò cè	4168	en-eng,in-ing,c-ch,n-l,r-l	1
令人起敬	lìng rén qǐ jìng	4169	en-eng,in-ing,n-l,r-l,j-q-x	1
令人齿冷	lìng rén chǐ lěng	4170	en-eng,in-ing,c-ch,n-l,r-l	1
令原之戚	líng yuán zhī qī	4172	in-ing,uan-uang,z-zh,n-l,r-l,j-q-x	1
令箭荷花	lìng jiàn hé huā	4185	in-ing,ian-iang,ua-uo,n-l,h-f,r-l,j-q-x	1
令行如流	lìng xíng rú liú	4187	in-ing,n-l,r-l,j-q-x	1
以一持万	yǐ yī chí wàn	4192	an-ang,c-ch	1
以一知万	yǐ yī zhī wàn	4193	an-ang,z-zh	1
以不济可	yǐ fǒu jì kě	4195	ao-ou,h-f,j-q-x	1
以为后图	yǐ wéi hòu tú	4197	ai-ei,ao-ou,h-f	1
以书为御	yǐ shū wéi yù	4198	ai-ei,s-sh	1
以人为鉴	yǐ rén wéi jiàn	4199	en-eng,ian-iang,ai-ei,r-l,j-q-x	1
以人为镜	yǐ rén wéi jìng	4200	en-eng,in-ing,ai-ei,r-l,j-q-x	1
以人择官	yǐ rén zé guān	4201	en-eng,uan-uang,z-zh,r-l	1
以众暴寡	yǐ zhòng bào guǎ	4202	ao-ou,ua-uo,z-zh	1
以佚待劳	yǐ yì dài láo	4203	ai-ei,ao-ou,n-l,r-l	3
以冠补履	yǐ guān bǔ lǚ	4207	uan-uang,n-l,r-l	1
以利累形	yǐ lì lěi xíng	4208	in-ing,ai-ei,n-l,r-l,j-q-x	1
以力服人	yǐ lì fú rén	4209	en-eng,n-l,h-f,r-l	1
以功补过	yǐ gōng bǔ guò	4210	ua-uo	1
以升量石	yǐ shēng liáng dàn	4211	en-eng,an-ang,ian-iang,s-sh,n-l,r-l	1
以卵投石	yǐ luǎn tóu shí	4213	uan-uang,ao-ou,s-sh,n-l,r-l	1
以卵敌石	yǐ luǎn dí shí	4214	uan-uang,s-sh,n-l,r-l	1
以古为鉴	yǐ gǔ wéi jiàn	4215	ian-iang,ai-ei,j-q-x	1
以古为镜	yǐ gǔ wéi jìng	4216	in-ing,ai-ei,j-q-x	1
以售其奸	yǐ shòu qí jiān	4217	ian-iang,ao-ou,s-sh,j-q-x	1
以夜继朝	yǐ yè jì zhāo	4218	ao-ou,z-zh,j-q-x	1
以大恶细	yǐ dà wù xì	4219	j-q-x	1
以守为攻	yǐ shǒu wéi gōng	4221	ai-ei,ao-ou,s-sh	1
以宫笑角	yǐ gōng xiào jué	4222	j-q-x	1
以己度人	yǐ jǐ duó rén	4225	en-eng,ua-uo,r-l,j-q-x	1
以弱制强	yǐ ruò zhì qiáng	4226	ian-iang,ua-uo,z-zh,r-l,j-q-x	1
以强胜弱	yǐ qiáng shèng ruò	4229	en-eng,ian-iang,ua-uo,s-sh,r-l,j-q-x	1
以微知着	yǐ wēi zhī zhuó	4230	ai-ei,ua-uo,z-zh	1
以微知著	yǐ wēi zhī zhù	4231	ai-ei,z-zh	1
以德服人	yǐ dé fú rén	4232	en-eng,h-f,r-l	1
以德追祸	yǐ dé zhuī huò	4233	ua-uo,z-zh,h-f	1
以心传心	yǐ xīn chuán xīn	4234	in-ing,uan-uang,c-ch,j-q-x	1
以忍为阍	yǐ rěn wéi hūn	4235	en-eng,ai-ei,h-f,r-l	3
以恶报恶	yǐ è bào è	4236	ao-ou	1
以意为之	yǐ yì wéi zhī	4237	ai-ei,z-zh	1
以慎为键	yǐ shèn wéi jiàn	4238	en-eng,ian-iang,ai-ei,s-sh,j-q-x	1
以文会友	yǐ wén huì yǒu	4240	en-eng,ao-ou,h-f	1
以日为年	yǐ rì wéi nián	4241	ian-iang,ai-ei,n-l,r-l	1
以毁为罚	yǐ huǐ wéi fá	4245	ai-ei,h-f	1
以毛相马	yǐ máo xiàng mǎ	4247	ian-iang,ao-ou,j-q-x	1
以水投石	yǐ shuǐ tóu shí	4248	ao-ou,s-sh	1
以水洗血	yǐ shuǐ xǐ xuè	4249	s-sh,j-q-x	1
以水济水	yǐ shuǐ jǐ shuǐ	4250	s-sh,j-q-x	1
以汤止沸	yǐ tāng zhǐ fèi	4251	an-ang,ai-ei,z-zh,h-f	1
以汤沃沸	yǐ tāng wò fèi	4252	an-ang,ai-ei,h-f	1
以汤沃雪	yǐ tāng wò xuě	4253	an-ang,j-q-x	1
以沫相濡	yǐ mò xiāng rú	4254	ian-iang,r-l,j-q-x	3
以法为教	yǐ fǎ wéi jiào	4255	ai-ei,h-f,j-q-x	1
以泽量尸	yǐ zé liáng shī	4256	ian-iang,z-zh,s-sh,n-l,r-l	1
以渴服马	yǐ kě fú mǎ	4257	h-f	1
以火去蛾	yǐ huǒ qù é	4258	ua-uo,h-f,j-q-x	1
以牙还牙	yǐ yá huán yá	4259	uan-uang,h-f	1
以珠弹雀	yǐ zhū tán què	4260	an-ang,z-zh,j-q-x	1
以疏间亲	yǐ shū jiàn qīn	4262	in-ing,ian-iang,s-sh,j-q-x	1
以疑决疑	yǐ yí jué yí	4263	j-q-x	1
以白为黑	yǐ bái wéi hēi	4264	ai-ei,h-f	1
以眼还眼	yǐ yǎn huán yǎn	4265	an-ang,uan-uang,h-f	1
以石投卵	yǐ shí tóu luǎn	4266	uan-uang,ao-ou,s-sh,n-l,r-l	1
以石投水	yǐ shí tóu shuǐ	4267	ao-ou,s-sh	1
以筌为鱼	yǐ quán wéi yú	4269	uan-uang,ai-ei,j-q-x	3
以简御繁	yǐ jiǎn yù fán	4270	an-ang,ian-iang,h-f,j-q-x	1
以简驭繁	yǐ jiǎn yù fán	4271	an-ang,ian-iang,h-f,j-q-x	3
以类相从	yǐ lèi xiāng cóng	4272	ian-iang,ai-ei,c-ch,n-l,r-l,j-q-x	1
以紫为朱	yǐ zǐ wéi zhū	4273	ai-ei,z-zh	1
以紫乱朱	yǐ zǐ luàn zhū	4274	uan-uang,z-zh,n-l,r-l	1
以羊易牛	yǐ yáng yì niú	4275	an-ang,n-l	1
以耳为目	yǐ ěr wéi mù	4276	ai-ei	1
以茶当酒	yǐ chá dàng jiǔ	4277	an-ang,c-ch,j-q-x	1
以螳当车	yǐ táng dāng chē	4278	an-ang,c-ch	3
以蠡测海	yǐ lí cè hǎi	4279	ai-ei,c-ch,n-l,h-f,r-l	3
以血洗血	yǐ xuè xǐ xuè	4280	j-q-x	1
以规为瑱	yǐ guī wéi tiàn	4282	ian-iang,ai-ei	5
以言为讳	yǐ yán wéi huì	4283	an-ang,ai-ei,h-f	1
以誉为赏	yǐ yù wéi shǎng	4284	an-ang,ai-ei,s-sh	1
以誉进能	yǐ yù jìn néng	4285	en-eng,in-ing,n-l,j-q-x	1
以郄视文	yǐ xì shì wén	4296	en-eng,s-sh,j-q-x	3
以酒解酲	yǐ jiǔ jiě chéng	4297	en-eng,ia-ie,c-ch,j-q-x	5
以铢称镒	yǐ zhū chēng yì	4298	en-eng,z-zh,c-ch	3
以锥刺地	yǐ zhuī cì dì	4299	z-zh,c-ch	1
以镒称铢	yǐ yì chēng zhū	4300	en-eng,z-zh,c-ch	3
以骨去蚁	yǐ gǔ qù yǐ	4303	j-q-x	1
以鹿为马	yǐ lù wéi mǎ	4304	ai-ei,n-l,r-l	1
以黑为白	yǐ hēi wéi bái	4305	ai-ei,h-f	1
仪态万千	yí tài wàn qiān	4306	an-ang,ian-iang,ai-ei,j-q-x	1
仪静体闲	yí jìng tǐ xián	4309	in-ing,ian-iang,j-q-x	1
仰不愧天	yǎng bù kuì tiān	4310	an-ang,ian-iang	1
仰之弥高	yǎng zhī mí gāo	4311	an-ang,ao-ou,z-zh	1
仰事俯畜	yǎng shì fǔ xù	4313	an-ang,s-sh,h-f,j-q-x	1
仰事俯育	yǎng shì fǔ yù	4314	an-ang,s-sh,h-f	1
仰人眉睫	yǎng rén méi jié	4315	en-eng,an-ang,ai-ei,ia-ie,r-l,j-q-x	1
仰取俯拾	yǎng qǔ fǔ shí	4322	an-ang,s-sh,h-f,j-q-x	1
仰屋着书	yǎng wū zhuó shū	4324	an-ang,ua-uo,z-zh,s-sh	1
仰屋窃叹	yǎng wū qiè tàn	4325	an-ang,ia-ie,j-q-x	1
仰屋著书	yǎng wū zhù shū	4326	an-ang,z-zh,s-sh	1
仰拾俯取	yǎng shí fǔ qǔ	4329	an-ang,s-sh,h-f,j-q-x	1
仰观俯察	yǎng guān fǔ chá	4334	an-ang,uan-uang,c-ch,h-f	1
仰面唾天	yǎng miàn tuò tiān	4340	an-ang,ian-iang,ua-uo	1
仰面朝天	yǎng miàn cháo tiān	4341	an-ang,ian-iang,ao-ou,c-ch	1
仰韶文化	yǎng sháo wén huà	4342	en-eng,an-ang,ao-ou,ua-uo,s-sh,h-f	3
仰首伸眉	yǎng shǒu shēn méi	4344	en-eng,an-ang,ai-ei,ao-ou,s-sh	1
价增一顾	jià zēng yī gù	4353	en-eng,ia-ie,z-zh,j-q-x	1
价等连城	jià děng lián chéng	4359	en-eng,ian-iang,ia-ie,c-ch,n-l,r-l,j-q-x	1
任其自流	rèn qí zì liú	4370	en-eng,z-zh,n-l,r-l,j-q-x	1
任怨任劳	rèn yuàn rèn láo	4379	en-eng,uan-uang,ao-ou,n-l,r-l	1
任贤使能	rèn xián shǐ néng	4389	en-eng,ian-iang,s-sh,n-l,r-l,j-q-x	1
任达不拘	rèn dá bù jū	4390	en-eng,r-l,j-q-x	1
任重才轻	rèn zhòng cái qīng	4392	en-eng,in-ing,ai-ei,z-zh,c-ch,r-l,j-q-x	1
任重至远	rèn zhòng zhì yuǎn	4393	en-eng,uan-uang,z-zh,r-l	1
任重致远	rèn zhòng zhì yuǎn	4394	en-eng,uan-uang,z-zh,r-l	1
任重道悠	rèn zhòng dào yōu	4395	en-eng,ao-ou,z-zh,r-l	1
仿徨失措	páng huáng shī cuò	4410	an-ang,uan-uang,ua-uo,c-ch,s-sh,h-f	3
企足而待	qǐ zú ér dài	4420	ai-ei,z-zh,j-q-x	1
企踵可待	qǐ zhǒng kě dài	4421	ai-ei,z-zh,j-q-x	3
伊于胡底	yī yú hú dǐ	4422	h-f	1
伊何底止	yī hé dǐ zhǐ	4423	z-zh,h-f	1
伏地圣人	fú dì shèng rén	4429	en-eng,s-sh,h-f,r-l	1
伏虎降龙	fú hǔ xiáng lóng	4433	ian-iang,n-l,h-f,r-l,j-q-x	1
伐冰之家	fá bīng zhī jiā	4434	in-ing,ia-ie,z-zh,h-f,j-q-x	1
伐功矜能	fá gōng jīn néng	4435	en-eng,in-ing,n-l,h-f,j-q-x	3
伐异党同	fá yì dǎng tóng	4437	an-ang,h-f	1
伐毛洗髓	fá máo xǐ suǐ	4438	ao-ou,s-sh,h-f,j-q-x	1
休休有容	xiū xiū yǒu róng	4441	ao-ou,r-l,j-q-x	1
休兵罢战	xiū bīng bà zhàn	4446	in-ing,an-ang,z-zh,j-q-x	1
休声美誉	xiū shēng měi yù	4451	en-eng,ai-ei,s-sh,j-q-x	1
休明盛世	xiū míng shèng shì	4462	en-eng,in-ing,s-sh,j-q-x	1
休牛归马	xiū niú guī mǎ	4466	n-l,j-q-x	1
休牛散马	xiū niú sàn mǎ	4467	an-ang,s-sh,n-l,j-q-x	1
众人广坐	zhòng rén guǎng zuò	4473	en-eng,uan-uang,ua-uo,z-zh,r-l	1
众口交传	zhòng kǒu jiāo chuán	4476	uan-uang,ao-ou,z-zh,c-ch,j-q-x	1
众口同声	zhòng kǒu tóng shēng	4477	en-eng,ao-ou,z-zh,s-sh	1
众口熏天	zhòng kǒu xūn tiān	4478	ian-iang,ao-ou,z-zh,j-q-x	1
众口相传	zhòng kǒu xiāng chuán	4479	ian-iang,uan-uang,ao-ou,z-zh,c-ch,j-q-x	1
众啄同音	zhòng zhuó tóng yīn	4481	in-ing,ua-uo,z-zh	1
众好众恶	zhòng hào zhòng wù	4483	ao-ou,z-zh,h-f	1
众寡不敌	zhòng guǎ bù dí	4484	ua-uo,z-zh	1
众少成多	zhòng shǎo chéng duō	4485	en-eng,ao-ou,ua-uo,z-zh,c-ch,s-sh	1
众怒难任	zhòng nù nán rèn	4486	en-eng,an-ang,z-zh,n-l,r-l	1
众所共知	zhòng suǒ gòng zhī	4488	ua-uo,z-zh,s-sh	1
众星拱北	zhòng xīng gǒng běi	4491	in-ing,ai-ei,z-zh,j-q-x	1
众星攒月	zhòng xīng cuán yuè	4492	in-ing,uan-uang,z-zh,c-ch,j-q-x	3
众毁销骨	zhòng huǐ xiāo gǔ	4493	z-zh,h-f,j-q-x	1
众毛攒裘	zhòng máo cuán qiú	4494	uan-uang,ao-ou,z-zh,c-ch,j-q-x	3
众毛飞骨	zhòng máo fēi gǔ	4495	ai-ei,ao-ou,z-zh,h-f	1
众目共睹	zhòng mù gòng dǔ	4497	z-zh	1
众目共视	zhòng mù gòng shì	4498	z-zh,s-sh	1
众虎同心	zhòng hǔ tóng xīn	4500	in-ing,z-zh,h-f,j-q-x	1
众说纷揉	zhòng shuō fēn róu	4502	en-eng,ao-ou,ua-uo,z-zh,s-sh,h-f,r-l	1
众难群疑	zhòng nán qún yí	4504	an-ang,z-zh,n-l,j-q-x	1
众难群移	zhòng nán qún yí	4505	an-ang,z-zh,n-l,j-q-x	1
优孟衣冠	yōu mèng yī guān	4508	en-eng,uan-uang,ao-ou	1
优惠待遇	yōu huì dài yù	4512	ai-ei,ao-ou,h-f	1
优游不断	yōu yóu bù duàn	4514	uan-uang,ao-ou	1
优游卒岁	yōu yóu zú suì	4515	ao-ou,z-zh,s-sh	1
优游自得	yōu yóu zì dé	4516	ao-ou,z-zh	1
优游自若	yōu yóu zì ruò	4517	ao-ou,ua-uo,z-zh,r-l	1
伙伴关系	huǒ bàn guān xì	4519	an-ang,uan-uang,ua-uo,h-f,j-q-x	1
会家不忙	huì jiā bù máng	4547	an-ang,ia-ie,h-f,j-q-x	1
会少离多	huì shǎo lí duō	4548	ao-ou,ua-uo,s-sh,n-l,h-f,r-l	1
会者不忙	huì zhě bù máng	4569	an-ang,z-zh,h-f	1
会计制度	kuài jì zhì dù	4573	z-zh,j-q-x	1
会逢其适	huì féng qí shì	4585	en-eng,s-sh,h-f,j-q-x	1
会道能说	huì dào néng shuō	4586	en-eng,ao-ou,ua-uo,s-sh,n-l,h-f	1
传为佳话	chuán wéi jiā huà	4604	uan-uang,ai-ei,ia-ie,ua-uo,c-ch,h-f,j-q-x	1
传为笑柄	chuán wéi xiào bǐng	4605	in-ing,uan-uang,ai-ei,c-ch,j-q-x	1
传为笑谈	chuán wéi xiào tán	4606	an-ang,uan-uang,ai-ei,c-ch,j-q-x	1
传为美谈	chuán wéi měi tán	4607	an-ang,uan-uang,ai-ei,c-ch	1
传单炸弹	chuán dān zhà dàn	4617	an-ang,uan-uang,z-zh,c-ch	1
传呼电话	chuán hū diàn huà	4621	ian-iang,uan-uang,ua-uo,c-ch,h-f	1
传圭袭组	chuán guī xí zǔ	4624	uan-uang,z-zh,c-ch,j-q-x	3
传杯弄盏	chuán bēi nòng zhǎn	4649	an-ang,uan-uang,ai-ei,z-zh,c-ch,n-l	1
传杯换盏	chuán bēi huàn zhǎn	4650	an-ang,uan-uang,ai-ei,z-zh,c-ch,h-f	1
传柄移藉	chuán bǐng yí jiè	4651	in-ing,uan-uang,ia-ie,c-ch,j-q-x	1
传檄而定	chuán xí ér dìng	4654	in-ing,uan-uang,c-ch,j-q-x	3
传爵袭紫	chuán jué xí zǐ	4656	uan-uang,z-zh,c-ch,j-q-x	1
传真电报	chuán zhēn diàn bào	4660	en-eng,ian-iang,uan-uang,ao-ou,z-zh,c-ch	1
传神阿堵	chuán shén ē dǔ	4662	en-eng,uan-uang,c-ch,s-sh	1
传诵一时	chuán sòng yī shí	4678	uan-uang,c-ch,s-sh	1
传道受业	chuán dào shòu yè	4687	uan-uang,ao-ou,c-ch,s-sh	1
传闻异辞	chuán wén yì cí	4691	en-eng,uan-uang,c-ch	1
传风扇火	chuán fēng shān huǒ	4694	en-eng,an-ang,uan-uang,ua-uo,c-ch,s-sh,h-f	1
传龟袭紫	chuán guī xí zǐ	4696	uan-uang,z-zh,c-ch,j-q-x	1
伤亡事故	shāng wáng shì gù	4698	an-ang,s-sh	1
伤化败俗	shāng huà bài sú	4699	an-ang,ai-ei,ua-uo,s-sh,h-f	1
伤教败俗	shāng jiào bài sú	4702	an-ang,ai-ei,s-sh,j-q-x	1
伤言扎语	shāng yán zhā yǔ	4707	an-ang,z-zh,s-sh	1
伤风败化	shāng fēng bài huà	4711	en-eng,an-ang,ai-ei,ua-uo,s-sh,h-f	1
伦敦大学	lún dūn dà xué	4713	n-l,r-l,j-q-x	1
伯乐一顾	bó lè yī gù	4719	n-l,r-l	1
伯乐相马	bó lè xiàng mǎ	4720	ian-iang,n-l,r-l,j-q-x	1
伯仲叔季	bó zhòng shū jì	4723	z-zh,s-sh,j-q-x	1
伯劳飞燕	bó láo fēi yàn	4728	an-ang,ai-ei,ao-ou,n-l,h-f,r-l	1
伯埙仲篪	bó xūn zhòng chí	4729	z-zh,c-ch,j-q-x	3
伯歌季舞	bó gē jì wǔ	4733	j-q-x	1
伯玉知非	bó yù zhī fēi	4737	ai-ei,z-zh,h-f	1
伯道无儿	bó dào wú ér	4740	ao-ou	1
伴食中书	bàn shí zhōng shū	4752	an-ang,z-zh,s-sh	1
伴食宰相	bàn shí zǎi xiàng	4753	an-ang,ian-iang,ai-ei,z-zh,s-sh,j-q-x	1
伸头缩颈	shēn tóu suō jǐng	4756	en-eng,in-ing,ao-ou,ua-uo,s-sh,j-q-x	1
伺瑕导隙	sì xiá dǎo xì	4768	ao-ou,ia-ie,s-sh,j-q-x	3
伺瑕抵隙	sì xiá dǐ xì	4770	ia-ie,s-sh,j-q-x	3
似有如无	sì yǒu rú wú	4777	ao-ou,s-sh,r-l	1
似水如鱼	sì shuǐ rú yú	4778	s-sh,r-l	1
似水流年	sì shuǐ liú nián	4779	ian-iang,s-sh,n-l,r-l	1
似漆如胶	sì qī rú jiāo	4780	s-sh,r-l,j-q-x	1
似笑非笑	sì xiào fēi xiào	4782	ai-ei,s-sh,h-f,j-q-x	1
似箭在弦	sì jiàn zài xián	4783	ian-iang,ai-ei,z-zh,s-sh,j-q-x	1
似醉如痴	sì zuì rú chī	4784	z-zh,c-ch,s-sh,r-l	1
似非而是	sì fēi ér shì	4785	ai-ei,s-sh,h-f	1
位不期骄	wèi bù qī jiāo	4796	ai-ei,j-q-x	1
低吟浅唱	dī yín qiǎn chàng	4802	in-ing,an-ang,ian-iang,c-ch,j-q-x	1
低唱浅斟	dī chàng qiǎn zhēn	4804	en-eng,an-ang,ian-iang,z-zh,c-ch,j-q-x	1
低唱浅酌	dī chàng qiǎn zhuó	4805	an-ang,ian-iang,ua-uo,z-zh,c-ch,j-q-x	1
低回不已	dī huí bù yǐ	4806	h-f	1
低声哑气	dī shēng yǎ qì	4808	en-eng,s-sh,j-q-x	1
低声细语	dī shēng xì yǔ	4809	en-eng,s-sh,j-q-x	1
低头丧气	dī tóu sàng qì	4812	an-ang,ao-ou,s-sh,j-q-x	1
低头哈腰	dī tóu hā yāo	4813	ao-ou,h-f	1
低头搭脑	dī tóu dā nǎo	4814	ao-ou,n-l	1
低头耷脑	dī tóu dā nǎo	4815	ao-ou,n-l	3
低情曲意	dī qíng qū yì	4820	in-ing,j-q-x	1
低眉折腰	dī méi zhé yāo	4823	ai-ei,ao-ou,z-zh	1
低级趣味	dī jí qù wèi	4826	ai-ei,j-q-x	1
佐雍得尝	zuǒ yōng dé cháng	4846	an-ang,ua-uo,z-zh,c-ch	3
佐饔得尝	zuǒ yōng dé cháng	4847	an-ang,ua-uo,z-zh,c-ch	3
体制改革	tǐ zhì gǎi gé	4854	ai-ei,z-zh	1
体力劳动	tǐ lì láo dòng	4856	ao-ou,n-l,r-l	1
体国经野	tǐ guó jīng yě	4858	in-ing,ua-uo,j-q-x	1
体外受精	tǐ wài shòu jīng	4861	in-ing,ai-ei,ao-ou,s-sh,j-q-x	1
体大思精	tǐ dà sī jīng	4863	in-ing,s-sh,j-q-x	1
体恤入微	tǐ xù rù wēi	4875	ai-ei,r-l,j-q-x	1
体无完皮	tǐ wú wán pí	4880	an-ang	1
体物缘情	tǐ wù yuán qíng	4890	in-ing,uan-uang,j-q-x	1
体育运动	tǐ yù yùn dòng	4901		1
体育道德	tǐ yù dào dé	4902	ao-ou	1
体胀系数	tǐ zhàng xì shù	4904	an-ang,z-zh,s-sh,j-q-x	1
体规画圆	tǐ guī huà yuán	4909	uan-uang,ua-uo,h-f	1
体贴入妙	tǐ tiē rù miào	4915	ia-ie,r-l	1
何乐不为	hé lè bù wéi	4923	ai-ei,n-l,h-f,r-l	1
何其毒也	hé qí dú yě	4929	h-f,j-q-x	1
何患无辞	hé huàn wú cí	4941	uan-uang,c-ch,h-f	1
何所不为	hé suǒ bù wéi	4942	ai-ei,ua-uo,s-sh,h-f	1
何所不有	hé suǒ bù yǒu	4943	ao-ou,ua-uo,s-sh,h-f	1
何所不至	hé suǒ bù zhì	4944	ua-uo,z-zh,s-sh,h-f	1
何足为奇	hé zú wéi qí	4959	ai-ei,z-zh,h-f,j-q-x	1
何足介意	hé zú jiè yì	4960	ia-ie,z-zh,h-f,j-q-x	1
何足道哉	hé zú dào zāi	4962	ai-ei,ao-ou,z-zh,h-f	1
余光分人	yú guāng fēn rén	4965	en-eng,uan-uang,h-f,r-l	1
余子碌碌	yú zǐ lù lù	4971	z-zh,n-l,r-l	1
余膏剩馥	yú gāo shèng fù	4974	en-eng,ao-ou,s-sh,h-f	3
余霞散绮	yú xiá sàn qǐ	4977	an-ang,ia-ie,s-sh,j-q-x	3
余韵流风	yú yùn liú fēng	4978	en-eng,n-l,h-f,r-l	1
余风遗文	yú fēng yí wén	4980	en-eng,h-f	1
余食赘行	yú shí zhuì xíng	4981	in-ing,z-zh,s-sh,j-q-x	1
佛口蛇心	fó kǒu shé xīn	4990	in-ing,ao-ou,s-sh,h-f,j-q-x	1
佛头加秽	fó tóu jiā huì	4994	ao-ou,ia-ie,h-f,j-q-x	1
佛头着粪	fó tóu zhuó fèn	4995	en-eng,ao-ou,ua-uo,z-zh,h-f	1
佛头著粪	fó tóu zhuó fèn	4996	en-eng,ao-ou,ua-uo,z-zh,h-f	1
佛心蛇口	fó xīn shé kǒu	5003	in-ing,ao-ou,s-sh,h-f,j-q-x	1
佛性禅心	fó xìng chán xīn	5005	in-ing,an-ang,c-ch,h-f,j-q-x	1
佛眼佛心	fó yǎn fó xīn	5016	in-ing,an-ang,h-f,j-q-x	1
佛眼相看	fó yǎn xiāng kàn	5017	an-ang,ian-iang,h-f,j-q-x	1
佛罗伦萨	fó luó lún sà	5021	ua-uo,s-sh,n-l,h-f,r-l	1
佛门弟子	fó mén dì zǐ	5023	en-eng,z-zh,h-f	1
作作有芒	zuò zuò yǒu máng	5029	an-ang,ao-ou,ua-uo,z-zh	1
作古正经	zuò gǔ zhèng jīng	5033	en-eng,in-ing,ua-uo,z-zh,j-q-x	1
作善降祥	zuò shàn jiàng xiáng	5035	an-ang,ian-iang,ua-uo,z-zh,s-sh,j-q-x	1
作困兽斗	zuò kùn shòu dòu	5036	ao-ou,ua-uo,z-zh,s-sh	1
作好作歹	zuò hǎo zuò dǎi	5039	ai-ei,ao-ou,ua-uo,z-zh,h-f	1
作如是观	zuò rú shì guān	5040	uan-uang,ua-uo,z-zh,s-sh,r-l	1
作嫁衣裳	zuò jià yī shang	5041	an-ang,ia-ie,ua-uo,z-zh,s-sh,j-q-x	1
作小服低	zuò xiǎo fú dī	5044	ua-uo,z-zh,h-f,j-q-x	1
作恶多端	zuò è duō duān	5047	uan-uang,ua-uo,z-zh	1
作歹为非	zuò dǎi wéi fēi	5050	ai-ei,ua-uo,z-zh,h-f	1
作浪兴风	zuò làng xīng fēng	5051	en-eng,in-ing,an-ang,ua-uo,z-zh,n-l,h-f,r-l,j-q-x	1
作舍道旁	zuò shě dào páng	5054	an-ang,ao-ou,ua-uo,z-zh,s-sh	1
作言造语	zuò yán zào yǔ	5055	an-ang,ao-ou,ua-uo,z-zh	1
作金石声	zuò jīn shí shēng	5057	en-eng,in-ing,ua-uo,z-zh,s-sh,j-q-x	1
佝偻着腰	gōu lóu zhe yāo	5062	ao-ou,z-zh,n-l,r-l	3
你们自己	nǐ men zì jǐ	5066	en-eng,z-zh,n-l,j-q-x	1
你唱我和	nǐ chàng wǒ hé	5068	an-ang,c-ch,n-l,h-f	1
佣中佼佼	yòng zhōng jiǎo jiǎo	5072	z-zh,j-q-x	3
佯风诈冒	yáng fēng zhà mào	5080	en-eng,an-ang,ao-ou,z-zh,h-f	3
佳人薄命	jiā rén bó mìng	5082	en-eng,in-ing,ia-ie,r-l,j-q-x	1
佳兵不祥	jiā bīng bù xiáng	5083	in-ing,ian-iang,ia-ie,j-q-x	1
使乖弄巧	shǐ guāi nòng qiǎo	5091	s-sh,n-l,j-q-x	1
使心别气	shǐ xīn bié qì	5100	in-ing,ia-ie,s-sh,j-q-x	1
使愚使过	shǐ yú shǐ guò	5102	ua-uo,s-sh	1
使羊将狼	shǐ yáng jiàng láng	5104	an-ang,ian-iang,s-sh,n-l,r-l,j-q-x	1
使臂使指	shǐ bì shǐ zhǐ	5105	z-zh,s-sh	1
使贤任能	shǐ xián rèn néng	5107	en-eng,ian-iang,s-sh,n-l,r-l,j-q-x	1
侈丽闳衍	chǐ lì hóng yǎn	5116	an-ang,c-ch,n-l,h-f,r-l	3
侈人观听	chǐ rén guān tīng	5117	en-eng,in-ing,uan-uang,c-ch,r-l	1
侈侈不休	chǐ chǐ bù xiū	5118	c-ch,j-q-x	1
侈纵偷苟	chǐ zòng tōu gǒu	5119	ao-ou,z-zh,c-ch	1
侈衣美食	chǐ yī měi shí	5120	ai-ei,c-ch,s-sh	1
例直禁简	lì zhí jìn jiǎn	5126	in-ing,ian-iang,z-zh,n-l,r-l,j-q-x	1
例行差事	lì xíng chāi shì	5129	in-ing,ai-ei,c-ch,s-sh,n-l,r-l,j-q-x	1
侍执巾节	shì zhí jīn jié	5134	in-ing,ia-ie,z-zh,s-sh,j-q-x	1
侏儒一节	zhū rú yī jié	5136	ia-ie,z-zh,r-l,j-q-x	3
侏儒观戏	zhū rú guān xì	5138	uan-uang,z-zh,r-l,j-q-x	3
侔色揣称	móu sè chuǎi chèn	5139	en-eng,ao-ou,c-ch,s-sh	3
供求关系	gōng qiú guān xì	5162	uan-uang,j-q-x	1
依头缕当	yī tóu lǚ dàng	5185	an-ang,ao-ou,n-l,r-l	1
依头顺尾	yī tóu shùn wěi	5186	ai-ei,ao-ou,s-sh	1
依法炮制	yī fǎ páo zhì	5189	ao-ou,z-zh,h-f	1
依翠偎红	yī cuì wēi hóng	5191	ai-ei,c-ch,h-f	1
依违两可	yī wéi liǎng kě	5192	ian-iang,ai-ei,n-l,r-l	1
依阿取容	yī ē qǔ róng	5193	r-l,j-q-x	1
侧足而立	cè zú ér lì	5219	z-zh,c-ch,n-l,r-l	1
侯服玉食	hóu fú yù shí	5230	ao-ou,s-sh,h-f	1
侯门似海	hóu mén sì hǎi	5233	en-eng,ai-ei,ao-ou,s-sh,h-f	1
侯门如海	hóu mén rú hǎi	5234	en-eng,ai-ei,ao-ou,h-f,r-l	1
便宜从事	biàn yí cóng shì	5250	ian-iang,c-ch,s-sh	1
便宜施行	biàn yí shī xíng	5251	in-ing,ian-iang,s-sh,j-q-x	1
便辞巧说	biàn cí qiǎo shuō	5280	ian-iang,ua-uo,c-ch,s-sh,j-q-x	1
俎樽折冲	zǔ zūn zhé chōng	5290	z-zh,c-ch	3
俏成俏败	qiào chéng qiào bài	5293	en-eng,ai-ei,c-ch,j-q-x	1
俗不可医	sú bù kě yī	5299	s-sh	1
保外执行	bǎo wài zhí xíng	5319	in-ing,ai-ei,ao-ou,z-zh,j-q-x	1
保家卫国	bǎo jiā wèi guó	5320	ai-ei,ao-ou,ia-ie,ua-uo,j-q-x	1
俟河之清	sì hé zhī qīng	5345	in-ing,z-zh,s-sh,h-f,j-q-x	3
信及豚鱼	xìn jí tún yú	5356	in-ing,j-q-x	1
信口开合	xìn kǒu kāi hé	5358	in-ing,ai-ei,ao-ou,h-f,j-q-x	1
信口开呵	xìn kǒu kāi hē	5359	in-ing,ai-ei,ao-ou,h-f,j-q-x	1
信口开喝	xìn kǒu kāi hē	5360	in-ing,ai-ei,ao-ou,h-f,j-q-x	1
信口胡言	xìn kǒu hú yán	5362	in-ing,an-ang,ao-ou,h-f,j-q-x	1
信守不渝	xìn shǒu bù yú	5376	in-ing,ao-ou,s-sh,j-q-x	1
信步而行	xìn bù ér xíng	5399	in-ing,j-q-x	1
信笔涂鸦	xìn bǐ tú yā	5408	in-ing,j-q-x	1
信而好古	xìn ér hào gǔ	5413	in-ing,ao-ou,h-f,j-q-x	1
信而有证	xìn ér yǒu zhèng	5415	en-eng,in-ing,ao-ou,z-zh,j-q-x	1
信言不美	xìn yán bù měi	5416	in-ing,an-ang,ai-ei,j-q-x	1
俨乎其然	yǎn hū qí rán	5429	an-ang,h-f,r-l,j-q-x	3
俭不中礼	jiǎn bù zhòng lǐ	5431	ian-iang,z-zh,n-l,r-l,j-q-x	1
俭可养廉	jiǎn kě yǎng lián	5432	an-ang,ian-iang,n-l,r-l,j-q-x	1
俭故能广	jiǎn gù néng guǎng	5433	en-eng,ian-iang,uan-uang,n-l,j-q-x	1
修短随化	xiū duǎn suí huà	5443	uan-uang,ua-uo,s-sh,h-f,j-q-x	1
修身洁行	xiū shēn jié xíng	5448	en-eng,in-ing,ia-ie,s-sh,j-q-x	1
修鳞养爪	xiū lín yǎng zhǎo	5450	in-ing,an-ang,ao-ou,z-zh,n-l,r-l,j-q-x	1
修齐治平	xiū qí zhì píng	5451	in-ing,z-zh,j-q-x	1
俯仰之间	fǔ yǎng zhī jiān	5453	an-ang,ian-iang,z-zh,h-f,j-q-x	1
俯仰唯唯	fǔ yǎng wéi wéi	5454	an-ang,ai-ei,h-f	1
俯仰无愧	fǔ yǎng wú kuì	5455	an-ang,h-f	1
俯仰由人	fǔ yǎng yóu rén	5456	en-eng,an-ang,ao-ou,h-f,r-l	1
俯仰随人	fǔ yǎng suí rén	5457	en-eng,an-ang,s-sh,h-f,r-l	1
俯拾仰取	fǔ shí yǎng qǔ	5459	an-ang,s-sh,h-f,j-q-x	1
俯拾地芥	fǔ shí dì jiè	5461	ia-ie,s-sh,h-f,j-q-x	1
俱收并蓄	jù shōu bìng xù	5466	in-ing,ao-ou,s-sh,j-q-x	1
倍日并行	bèi rì bìng xíng	5472	in-ing,ai-ei,r-l,j-q-x	1
倍道兼行	bèi dào jiān xíng	5474	in-ing,ian-iang,ai-ei,ao-ou,j-q-x	1
倍道而行	bèi dào ér xíng	5475	in-ing,ai-ei,ao-ou,j-q-x	1
倏忽之间	shū hū zhī jiān	5478	ian-iang,z-zh,s-sh,h-f,j-q-x	3
倒三颠四	dǎo sān diān sì	5479	an-ang,ian-iang,ao-ou,s-sh	1
倒冠落佩	dǎo guān luò pèi	5492	uan-uang,ai-ei,ao-ou,ua-uo,n-l,r-l	1
倒凤颠鸾	dǎo fèng diān luán	5494	en-eng,ian-iang,uan-uang,ao-ou,n-l,h-f,r-l	3
倒因为果	dǎo yīn wéi guǒ	5512	in-ing,ai-ei,ao-ou,ua-uo	1
倒在地上	dǎo zài dì shàng	5514	an-ang,ai-ei,ao-ou,z-zh,s-sh	1
倒头便睡	dào tóu biàn shuì	5521	ian-iang,ao-ou,s-sh	1
倒屣相迎	dào xǐ xiāng yíng	5524	in-ing,ian-iang,ao-ou,j-q-x	3
倒山倾海	dǎo shān qīng hǎi	5525	in-ing,an-ang,ai-ei,ao-ou,s-sh,h-f,j-q-x	1
倒峡泻河	dǎo xiá xiè hé	5526	ao-ou,ia-ie,h-f,j-q-x	1
倒序词典	dào xù cí diǎn	5530	ian-iang,ao-ou,c-ch,j-q-x	1
倒廪倾囷	dǎo lǐn qīng qūn	5532	in-ing,ao-ou,n-l,r-l,j-q-x	7
倒悬之急	dào xuán zhī jí	5537	uan-uang,ao-ou,z-zh,j-q-x	1
倒悬之苦	dào xuán zhī kǔ	5538	uan-uang,ao-ou,z-zh,j-q-x	1
倒戈卸甲	dǎo gē xiè jiǎ	5541	ao-ou,ia-ie,j-q-x	1
倒戢干戈	dǎo jí gān gē	5542	an-ang,ao-ou,j-q-x	3
倒打一瓦	dào dǎ yī wǎ	5544	ao-ou	1
倒执手版	dǎo zhí shǒu bǎn	5547	an-ang,ao-ou,z-zh,s-sh	1
倒持太阿	dǎo chí tài ā	5551	ai-ei,ao-ou,c-ch	1
倒持干戈	dǎo chí gān gē	5552	an-ang,ao-ou,c-ch	1
倒持戈矛	dǎo chí gē máo	5553	ao-ou,c-ch	1
倒持手板	dǎo chí shǒu bǎn	5554	an-ang,ao-ou,c-ch,s-sh	1
倒持泰阿	dào chí tài ē	5555	ai-ei,ao-ou,c-ch	1
倒挂金钟	dào guà jīn zhōng	5557	in-ing,ao-ou,ua-uo,z-zh,j-q-x	1
倒收付息	dào shōu fù xī	5563	ao-ou,s-sh,h-f,j-q-x	1
倒数计时	dào shǔ jì shí	5568	ao-ou,s-sh,j-q-x	1
倒海翻江	dǎo hǎi fān jiāng	5582	an-ang,ian-iang,ai-ei,ao-ou,h-f,j-q-x	1
倒箧倾囊	dǎo qiè qīng náng	5596	in-ing,an-ang,ao-ou,ia-ie,n-l,j-q-x	3
倒箧倾筐	dǎo qiè qīng kuāng	5597	in-ing,uan-uang,ao-ou,ia-ie,j-q-x	3
倒绷孩儿	dào bēng hái ér	5599	en-eng,ai-ei,ao-ou,h-f	1
倒置干戈	dào zhì gān gē	5601	an-ang,ao-ou,z-zh	1
倒虹吸管	dào hóng xī guǎn	5610	uan-uang,ao-ou,h-f,j-q-x	1
倒街卧巷	dǎo jiē wò xiàng	5613	ian-iang,ao-ou,ia-ie,j-q-x	1
倒装词序	dào zhuāng cí xù	5616	uan-uang,ao-ou,z-zh,c-ch,j-q-x	1
倒裳索领	dào cháng suǒ lǐng	5617	in-ing,an-ang,ao-ou,ua-uo,c-ch,s-sh,n-l,r-l	1
倒账卷逃	dǎo zhàng juǎn táo	5621	an-ang,uan-uang,ao-ou,z-zh,j-q-x	1
倒转来说	dào zhuǎn lái shuō	5627	uan-uang,ai-ei,ao-ou,ua-uo,z-zh,s-sh,n-l,r-l	1
倒载干戈	dào zài gān gē	5629	an-ang,ai-ei,ao-ou,z-zh	1
倒退一步	dào tuì yí bù	5635	ao-ou	1
倒金字塔	dào jīn zì tǎ	5637	in-ing,ao-ou,z-zh,j-q-x	1
倒锁上门	dào suǒ shàng mén	5639	en-eng,an-ang,ao-ou,ua-uo,s-sh	1
倔头倔脑	juè tóu juè nǎo	5646	ao-ou,n-l,j-q-x	1
倔头强脑	juè tóu jiàng nǎo	5647	ian-iang,ao-ou,n-l,j-q-x	1
倔强倨傲	jué jiàng jù ào	5650	ian-iang,ao-ou,j-q-x	3
倘来之物	tǎng lái zhī wù	5655	an-ang,ai-ei,z-zh,n-l,r-l	1
倚天拔地	yǐ tiān bá dì	5664	ian-iang	1
倚姣作媚	yǐ jiāo zuò mèi	5665	ai-ei,ua-uo,z-zh,j-q-x	3
倚官挟势	yǐ guān xié shì	5666	uan-uang,ia-ie,s-sh,j-q-x	1
倚强凌弱	yǐ qiáng líng ruò	5667	in-ing,ian-iang,ua-uo,n-l,r-l,j-q-x	1
倚翠偎红	yǐ cuì wēi hóng	5668	ai-ei,c-ch,h-f	1
倚门卖俏	yǐ mén mài qiào	5670	en-eng,ai-ei,j-q-x	1
倚闾望切	yǐ lǘ wàng qiē	5671	an-ang,ia-ie,n-l,r-l,j-q-x	3
倚马可待	yǐ mǎ kě dài	5672	ai-ei	1
倜傥不羁	tì tǎng bù jī	5673	an-ang,j-q-x	3
倜傥不群	tì tǎng bù qún	5674	an-ang,j-q-x	3
借交报仇	jiè jiāo bào chóu	5676	ao-ou,ia-ie,c-ch,j-q-x	1
借公行私	jiè gōng xíng sī	5677	in-ing,ia-ie,s-sh,j-q-x	1
借客报仇	jiè kè bào chóu	5679	ao-ou,ia-ie,c-ch,j-q-x	1
借尸还阳	jiè shī huán yáng	5681	an-ang,uan-uang,ia-ie,s-sh,h-f,j-q-x	1
借景生情	jiè jǐng shēng qíng	5685	en-eng,in-ing,ia-ie,s-sh,j-q-x	1
借水行舟	jiè shuǐ xíng zhōu	5687	in-ing,ao-ou,ia-ie,z-zh,s-sh,j-q-x	1
借篷使风	jiè péng shǐ fēng	5688	en-eng,ia-ie,s-sh,h-f,j-q-x	1
借身报仇	jiè shēn bào chóu	5692	en-eng,ao-ou,ia-ie,c-ch,s-sh,j-q-x	1
借镜观形	jiè jìng guān xíng	5694	in-ing,uan-uang,ia-ie,j-q-x	1
借面吊丧	jiè miàn diào sāng	5695	an-ang,ian-iang,ia-ie,s-sh,j-q-x	1
借风使船	jiè fēng shǐ chuán	5697	en-eng,uan-uang,ia-ie,c-ch,s-sh,h-f,j-q-x	1
倡情冶思	chàng qíng yě sī	5702	in-ing,an-ang,c-ch,s-sh,j-q-x	1
倡条冶叶	chāng tiáo yě yè	5703	an-ang,c-ch	1
倡而不和	chàng ér bù hè	5704	an-ang,c-ch,h-f	1
倦尾赤色	juàn wěi chì sè	5709	uan-uang,ai-ei,c-ch,s-sh,j-q-x	1
倦鸟知还	juàn niǎo zhī huán	5710	uan-uang,z-zh,n-l,h-f,j-q-x	1
倩女离魂	qiàn nǚ lí hún	5711	ian-iang,n-l,h-f,r-l,j-q-x	3
债务重组	zhài wù chóng zǔ	5715	ai-ei,z-zh,c-ch	1
债多不愁	zhài duō bù chóu	5717	ai-ei,ao-ou,ua-uo,z-zh,c-ch	1
值得一提	zhí dé yì tí	5720	z-zh	1
倾家破产	qīng jiā pò chǎn	5727	in-ing,an-ang,ia-ie,c-ch,j-q-x	1
倾家竭产	qīng jiā jié chǎn	5728	in-ing,an-ang,ia-ie,c-ch,j-q-x	1
倾家败产	qīng jiā bài chǎn	5730	in-ing,an-ang,ai-ei,ia-ie,c-ch,j-q-x	1
倾心吐胆	qīng xīn tǔ dǎn	5731	in-ing,an-ang,j-q-x	1
倾盖如故	qīng gài rú gù	5737	in-ing,ai-ei,r-l,j-q-x	1
倾筐倒庋	qīng kuāng dào guǐ	5738	in-ing,uan-uang,ao-ou,j-q-x	3
倾筐倒箧	qīng kuāng dào qiè	5739	in-ing,uan-uang,ao-ou,ia-ie,j-q-x	3
倾箱倒箧	qīng xiāng dào qiè	5740	in-ing,ian-iang,ao-ou,ia-ie,j-q-x	3
倾肠倒肚	qīng cháng dào dǔ	5741	in-ing,an-ang,ao-ou,c-ch,j-q-x	1
偃旗仆鼓	yǎn qí pú gǔ	5743	an-ang,j-q-x	3
偃武休兵	yǎn wǔ xiū bīng	5744	in-ing,an-ang,j-q-x	3
偃武兴文	yǎn wǔ xīng wén	5745	en-eng,in-ing,an-ang,j-q-x	3
偃武行文	yǎn wǔ xíng wén	5746	en-eng,in-ing,an-ang,j-q-x	3
偃革为轩	yǎn gé wéi xuān	5747	an-ang,uan-uang,ai-ei,j-q-x	3
偃革倒戈	yǎn gé dǎo gē	5748	an-ang,ao-ou	3
假人假义	jiǎ rén jiǎ yì	5749	en-eng,ia-ie,r-l,j-q-x	1
假人辞色	jiǎ rén cí sè	5750	en-eng,ia-ie,c-ch,s-sh,r-l,j-q-x	1
假仁假意	jiǎ rén jiǎ yì	5752	en-eng,ia-ie,r-l,j-q-x	1
假以辞色	jiǎ yǐ cí sè	5753	ia-ie,c-ch,s-sh,j-q-x	1
假公营私	jiǎ gōng yíng sī	5755	in-ing,ia-ie,s-sh,j-q-x	1
假力于人	jiǎ lì yú rén	5757	en-eng,ia-ie,n-l,r-l,j-q-x	1
假名托姓	jiǎ míng tuō xìng	5758	in-ing,ia-ie,ua-uo,j-q-x	1
假手于人	jiǎ shǒu yú rén	5763	en-eng,ao-ou,ia-ie,s-sh,r-l,j-q-x	1
假痴不癫	jiǎ chī bù diān	5772	ian-iang,ia-ie,c-ch,j-q-x	3
假痴假呆	jiǎ chī jiǎ dāi	5773	ai-ei,ia-ie,c-ch,j-q-x	1
假眉三道	jiǎ méi sān dào	5774	an-ang,ai-ei,ao-ou,ia-ie,s-sh,j-q-x	1
假虎张威	jiǎ hǔ zhāng wēi	5775	an-ang,ai-ei,ia-ie,z-zh,h-f,j-q-x	1
假誉驰声	jiǎ yù chí shēng	5777	en-eng,ia-ie,c-ch,s-sh,j-q-x	1
假途灭虢	jiǎ tú miè guó	5779	ia-ie,ua-uo,j-q-x	3
假道灭虢	jiǎ dào miè guó	5781	ao-ou,ia-ie,ua-uo,j-q-x	3
假门假事	jiǎ mén jiǎ shì	5782	en-eng,ia-ie,s-sh,j-q-x	1
假门假氏	jiǎ mén jiǎ shì	5783	en-eng,ia-ie,s-sh,j-q-x	1
偎干就湿	wēi gān jiù shī	5788	an-ang,ai-ei,s-sh,j-q-x	1
偎慵堕懒	wēi yōng duò lǎn	5789	an-ang,ai-ei,ua-uo,n-l,r-l	3
偎红倚翠	wēi hóng yǐ cuì	5790	ai-ei,c-ch,h-f	1
偏信则暗	piān xìn zé àn	5793	in-ing,an-ang,ian-iang,z-zh,j-q-x	1
做好做恶	zuò hǎo zuò è	5810	ao-ou,ua-uo,z-zh,h-f	1
做好做歹	zuò hǎo zuò dǎi	5811	ai-ei,ao-ou,ua-uo,z-zh,h-f	1
停云落月	tíng yún luò yuè	5816	in-ing,ua-uo,n-l,r-l	1
停妻再娶	tíng qī zài qǔ	5818	in-ing,ai-ei,z-zh,j-q-x	1
停滞不前	tíng zhì bù qián	5823	in-ing,ian-iang,z-zh,j-q-x	1
停留长智	tíng liú zhǎng zhì	5824	in-ing,an-ang,z-zh,n-l,r-l	1
偷合取容	tōu hé qǔ róng	5836	ao-ou,h-f,r-l,j-q-x	1
偷合苟从	tōu hé gǒu cóng	5837	ao-ou,c-ch,h-f	1
偷合苟容	tōu hé gǒu róng	5838	ao-ou,h-f,r-l	1
偷狗戏鸡	tōu gǒu xì jī	5839	ao-ou,j-q-x	1
偿其大欲	cháng qí dà yù	5842	an-ang,c-ch,j-q-x	1
傅粉何郎	fù fěn hé láng	5846	en-eng,an-ang,n-l,h-f,r-l	1
傅粉施朱	fù fěn shī zhū	5847	en-eng,z-zh,s-sh,h-f	1
傍人篱落	bàng rén lí luò	5848	en-eng,an-ang,ua-uo,n-l,r-l	1
傍若无人	páng ruò wú rén	5849	en-eng,an-ang,ua-uo,r-l	1
傍观冷眼	bàng guān lěng yǎn	5850	en-eng,an-ang,uan-uang,n-l,r-l	1
傍观者清	bàng guān zhě qīng	5851	in-ing,an-ang,uan-uang,z-zh,j-q-x	1
储蓄银行	chǔ xù yín háng	5858	in-ing,an-ang,c-ch,h-f,j-q-x	1
催化裂化	cuī huà liè huà	5866	ia-ie,ua-uo,c-ch,n-l,h-f,r-l	1
催泪炸弹	cuī lèi zhà dàn	5871	an-ang,ai-ei,z-zh,c-ch,n-l,r-l	1
傲不可长	ào bù kě zhǎng	5875	an-ang,ao-ou,z-zh	1
傲头傲脑	ào tóu ào nǎo	5876	ao-ou,n-l	1
傲慢不逊	ào màn bù xùn	5877	an-ang,ao-ou,j-q-x	1
傲慢少礼	ào màn shǎo lǐ	5878	an-ang,ao-ou,s-sh,n-l,r-l	1
傲睨一切	ào nì yī qiè	5879	ao-ou,ia-ie,n-l,j-q-x	3
傲睨万物	ào nì wàn wù	5880	an-ang,ao-ou,n-l	3
傲睨得志	ào nì dé zhì	5881	ao-ou,z-zh,n-l	3
傲睨自若	ào nì zì ruò	5882	ao-ou,ua-uo,z-zh,n-l,r-l	3
傲霜斗雪	ào shuāng dòu xuě	5883	uan-uang,ao-ou,s-sh,j-q-x	1
傲骨嶙嶙	ào gǔ lín lín	5885	in-ing,ao-ou,n-l,r-l	3
像心称意	xiàng xīn chēng yì	5891	en-eng,in-ing,ian-iang,c-ch,j-q-x	1
僻字涩句	pì zì sè jù	5905	z-zh,s-sh,j-q-x	1
儋石之储	dàn shí zhī chǔ	5908	an-ang,z-zh,c-ch,s-sh	3
儒雅风流	rú yǎ fēng liú	5916	en-eng,n-l,h-f,r-l	1
儿女之情	ér nǚ zhī qíng	5921	in-ing,z-zh,n-l,j-q-x	1
儿女心肠	ér nǚ xīn cháng	5924	in-ing,an-ang,c-ch,n-l,j-q-x	1
儿女成行	ér nǚ chéng háng	5926	en-eng,an-ang,c-ch,n-l,h-f	1
儿童乐园	ér tóng lè yuán	5931	uan-uang,n-l,r-l	1
允执其中	yǔn zhí qí zhōng	5937	z-zh,j-q-x	1
允执厥中	yǔn zhí jué zhōng	5938	z-zh,j-q-x	3
元奸巨恶	yuán jiān jù è	5940	ian-iang,uan-uang,j-q-x	1
元恶大奸	yuán è dà jiān	5941	ian-iang,uan-uang,j-q-x	1
元戎启行	yuán róng qǐ xíng	5943	in-ing,uan-uang,r-l,j-q-x	1
元经秘旨	yuán jīng mì zhǐ	5946	in-ing,uan-uang,z-zh,j-q-x	1
兄弟怡怡	xiōng dì yí yí	5948	j-q-x	1
兄死弟及	xiōng sǐ dì jí	5950	s-sh,j-q-x	1
兄肥弟瘦	xiōng féi dì shòu	5951	ai-ei,ao-ou,s-sh,h-f,j-q-x	1
充天塞地	chōng tiān sāi dì	5958	ian-iang,ai-ei,c-ch,s-sh	1
充栋汗牛	chōng dòng hàn niú	5961	an-ang,c-ch,n-l,h-f	1
充栋盈车	chōng dòng yíng chē	5962	in-ing,c-ch	1
充类至尽	chōng lèi zhì jìn	5963	in-ing,ai-ei,z-zh,c-ch,n-l,r-l,j-q-x	1
兆载永劫	zhào zǎi yǒng jié	5967	ai-ei,ao-ou,ia-ie,z-zh,j-q-x	1
先入之见	xiān rù zhī jiàn	5971	ian-iang,z-zh,r-l,j-q-x	1
先号后庆	xiān hào hòu qìng	5973	in-ing,ian-iang,ao-ou,h-f,j-q-x	1
先号后笑	xiān hào hòu xiào	5974	ian-iang,ao-ou,h-f,j-q-x	1
先得我心	xiān dé wǒ xīn	5978	in-ing,ian-iang,j-q-x	1
先忧后乐	xiān yōu hòu lè	5979	ian-iang,ao-ou,n-l,h-f,r-l,j-q-x	1
先我着鞭	xiān wǒ zhuó biān	5980	ian-iang,ua-uo,z-zh,j-q-x	1
先笑后号	xiān xiào hòu hào	5987	ian-iang,ao-ou,h-f,j-q-x	1
先自隗始	xiān zì wěi shǐ	5988	ian-iang,ai-ei,z-zh,s-sh,j-q-x	3
先行后闻	xiān xíng hòu wén	5990	en-eng,in-ing,ian-iang,ao-ou,h-f,j-q-x	1
先难后获	xiān nán hòu huò	5996	an-ang,ian-iang,ao-ou,ua-uo,n-l,h-f,j-q-x	1
光华夺目	guāng huá duó mù	6000	uan-uang,ua-uo,h-f	1
光焰万丈	guāng yàn wàn zhàng	6026	an-ang,uan-uang,z-zh	1
光纤通信	guāng xiān tōng xìn	6028	in-ing,ian-iang,uan-uang,j-q-x	1
光芒万丈	guāng máng wàn zhàng	6031	an-ang,uan-uang,z-zh	1
光车骏马	guāng chē jùn mǎ	6035	uan-uang,c-ch,j-q-x	1
光采夺目	guāng cǎi duó mù	6037	uan-uang,ai-ei,ua-uo,c-ch	1
光阴似箭	guāng yīn sì jiàn	6038	in-ing,ian-iang,uan-uang,s-sh,j-q-x	1
光风霁月	guāng fēng jì yuè	6039	en-eng,uan-uang,h-f,j-q-x	3
克丁克卯	kè dīng kè mǎo	6041	in-ing,ao-ou	1
克什米尔	kè shí mǐ ěr	6042	s-sh	1
克传弓冶	kè chuán gōng yě	6043	uan-uang,c-ch	1
克尽厥职	kè jìn jué zhí	6045	in-ing,z-zh,j-q-x	3
克己慎行	kè jǐ shèn xíng	6047	en-eng,in-ing,s-sh,j-q-x	1
兔丝燕麦	tù sī yàn mài	6072	an-ang,ai-ei,s-sh	1
兔葵燕麦	tù kuí yàn mài	6076	an-ang,ai-ei	1
兔角牛翼	tù jiǎo niú yì	6077	n-l,j-q-x	1
兔角龟毛	tù jiǎo guī máo	6078	ao-ou,j-q-x	1
兔走鹘落	tù zǒu gǔ luò	6079	ao-ou,ua-uo,z-zh,n-l,r-l	3
兔起鹘落	tù qǐ hú luò	6080	ua-uo,n-l,h-f,r-l,j-q-x	3
党同妒异	dǎng tóng dù yì	6083	an-ang	1
党坚势盛	dǎng jiān shì shèng	6086	en-eng,an-ang,ian-iang,s-sh,j-q-x	1
党恶佑奸	dǎng è yòu jiān	6091	an-ang,ian-iang,ao-ou,j-q-x	1
党政工团	dǎng zhèng gōng tuán	6093	en-eng,an-ang,uan-uang,z-zh	1
党豺为虐	dǎng chái wéi nüè	6101	an-ang,ai-ei,c-ch,n-l	1
党邪丑正	dǎng xié chǒu zhèng	6102	en-eng,an-ang,ao-ou,ia-ie,z-zh,c-ch,j-q-x	1
党邪陷正	dǎng xié xiàn zhèng	6103	en-eng,an-ang,ian-iang,ia-ie,z-zh,j-q-x	1
兜头盖脸	dōu tóu gài liǎn	6105	ian-iang,ai-ei,ao-ou,n-l,r-l	1
兜肚连肠	dōu dǔ lián cháng	6108	an-ang,ian-iang,ao-ou,c-ch,n-l,r-l	1
兢兢乾乾	jīng jīng qián qián	6110	in-ing,ian-iang,j-q-x	1
兢兢干干	jīng jīng gàn gàn	6111	in-ing,an-ang,j-q-x	1
入吾彀中	rù wú gòu zhōng	6118	ao-ou,z-zh,r-l	3
入国问禁	rù guó wèn jìn	6120	en-eng,in-ing,ua-uo,r-l,j-q-x	1
入地无门	rù dì wú mén	6122	en-eng,r-l	1
入境问禁	rù jìng wèn jìn	6125	en-eng,in-ing,r-l,j-q-x	1
入孝出弟	rù xiào chū tì	6126	c-ch,r-l,j-q-x	1
入海算沙	rù hǎi suàn shā	6133	uan-uang,ai-ei,s-sh,h-f,r-l	1
入火赴汤	rù huǒ fù tāng	6135	an-ang,ua-uo,h-f,r-l	1
入理切情	rù lǐ qiē qíng	6136	in-ing,ia-ie,n-l,r-l,j-q-x	1
入竟问禁	rù jìng wèn jìn	6137	en-eng,in-ing,r-l,j-q-x	1
入铁主簿	rù tiě zhǔ bù	6141	ia-ie,z-zh,r-l	1
入骨相思	rù gǔ xiāng sī	6144	ian-iang,s-sh,r-l,j-q-x	1
全军覆没	quán jūn fù mò	6150	uan-uang,h-f,j-q-x	1
全功尽弃	quán gōng jìn qì	6152	in-ing,uan-uang,j-q-x	1
全国人大	quán guó rén dà	6155	en-eng,uan-uang,ua-uo,r-l,j-q-x	1
全智全能	quán zhì quán néng	6164	en-eng,uan-uang,z-zh,n-l,j-q-x	1
全能全智	quán néng quán zhì	6173	en-eng,uan-uang,z-zh,n-l,j-q-x	1
全能冠军	quán néng guàn jūn	6174	en-eng,uan-uang,n-l,j-q-x	1
全能运动	quán néng yùn dòng	6175	en-eng,uan-uang,n-l,j-q-x	1
全身远害	quán shēn yuǎn hài	6178	en-eng,uan-uang,ai-ei,s-sh,h-f,j-q-x	1
八万四千	bā wàn sì qiān	6184	an-ang,ian-iang,s-sh,j-q-x	1
八大山人	bā dà shān rén	6189	en-eng,an-ang,s-sh,r-l	1
八大胡同	bā dà hú tòng	6190	h-f	1
八大行星	bā dà xíng xīng	6191	in-ing,j-q-x	1
八字打开	bā zì dǎ kāi	6192	ai-ei,z-zh	1
八抬大轿	bā tái dà jiào	6196	ai-ei,j-q-x	1
八斗之才	bā dǒu zhī cái	6197	ai-ei,ao-ou,z-zh,c-ch	1
八方呼应	bā fāng hū yìng	6199	in-ing,an-ang,h-f	1
八方风雨	bā fāng fēng yǔ	6200	en-eng,an-ang,h-f	1
八旗子弟	bā qí zi dì	6201	z-zh,j-q-x	1
八珍玉食	bā zhēn yù shí	6203	en-eng,z-zh,s-sh	1
八纮同轨	bā hóng tóng guǐ	6205	h-f	5
八角茴香	bā jiǎo huí xiāng	6210	ian-iang,h-f,j-q-x	3
八难三灾	bā nàn sān zāi	6213	an-ang,ai-ei,z-zh,s-sh,n-l	1
八面见光	bā miàn jiàn guāng	6215	ian-iang,uan-uang,j-q-x	1
八面驶风	bā miàn shǐ fēng	6216	en-eng,ian-iang,s-sh,h-f	1
公共事业	gōng gòng shì yè	6228	s-sh	1
公共交通	gōng gòng jiāo tōng	6229	j-q-x	1
公共卫生	gōng gòng wèi shēng	6231	en-eng,ai-ei,s-sh	1
公共场所	gōng gòng chǎng suǒ	6233	an-ang,ua-uo,c-ch,s-sh	1
公共建筑	gōng gòng jiàn zhù	6234	ian-iang,z-zh,j-q-x	1
公共秩序	gōng gòng zhì xù	6236	z-zh,j-q-x	1
公共积累	gōng gòng jī lěi	6237	ai-ei,n-l,r-l,j-q-x	1
公司债券	gōng sī zhài quàn	6244	uan-uang,ai-ei,z-zh,s-sh,j-q-x	1
公听并观	gōng tīng bìng guān	6245	in-ing,uan-uang	1
公平合理	gōng píng hé lǐ	6254	in-ing,n-l,h-f,r-l	1
公忠体国	gōng zhōng tǐ guó	6257	ua-uo,z-zh	1
公教人员	gōng jiào rén yuán	6260	en-eng,uan-uang,r-l,j-q-x	1
公明正大	gōng míng zhèng dà	6262	en-eng,in-ing,z-zh	1
公正不阿	gōng zhèng bù ē	6266	en-eng,z-zh	1
公正廉明	gōng zhèng lián míng	6267	en-eng,in-ing,ian-iang,z-zh,n-l,r-l	1
公正廉洁	gōng zhèng lián jié	6268	en-eng,ian-iang,ia-ie,z-zh,n-l,r-l,j-q-x	1
公民投票	gōng mín tóu piào	6270	in-ing,ao-ou	1
公私两便	gōng sī liǎng biàn	6274	ian-iang,s-sh,n-l,r-l	1
公私两济	gōng sī liǎng jì	6275	ian-iang,s-sh,n-l,r-l,j-q-x	1
公立学校	gōng lì xué xiào	6278	n-l,r-l,j-q-x	1
公职人员	gōng zhí rén yuán	6282	en-eng,uan-uang,z-zh,r-l	1
公诸同好	gōng zhū tóng hào	6285	ao-ou,z-zh,h-f	1
公道合理	gōng dào hé lǐ	6288	ao-ou,n-l,h-f,r-l	1
六亲无靠	liù qīn wú kào	6296	in-ing,ao-ou,n-l,r-l,j-q-x	1
六出奇计	liù chū qí jì	6298	c-ch,n-l,r-l,j-q-x	1
六出纷飞	liù chū fēn fēi	6299	en-eng,ai-ei,c-ch,n-l,h-f,r-l	1
六合之内	liù hé zhī nèi	6302	ai-ei,z-zh,n-l,h-f,r-l	1
六尘不染	liù chén bù rǎn	6305	en-eng,an-ang,c-ch,n-l,r-l	1
六尺之孤	liù chǐ zhī gū	6306	z-zh,c-ch,n-l,r-l	1
六月飞霜	liù yuè fēi shuāng	6314	uan-uang,ai-ei,s-sh,n-l,h-f,r-l	1
六朝金粉	liù cháo jīn fěn	6316	en-eng,in-ing,ao-ou,c-ch,n-l,h-f,r-l,j-q-x	1
六根清净	liù gēn qīng jìng	6318	en-eng,in-ing,n-l,r-l,j-q-x	1
六根清静	liù gēn qīng jìng	6319	en-eng,in-ing,n-l,r-l,j-q-x	1
六畜不安	liù chù bù ān	6323	an-ang,c-ch,n-l,r-l	1
六畜兴旺	liù chù xīng wàng	6324	in-ing,an-ang,c-ch,n-l,r-l,j-q-x	1
六神不安	liù shén bù ān	6329	en-eng,an-ang,s-sh,n-l,r-l	1
六臂三头	liù bì sān tóu	6334	an-ang,ao-ou,s-sh,n-l,r-l	1
六街三市	liù jiē sān shì	6336	an-ang,ia-ie,s-sh,n-l,r-l,j-q-x	1
六街三陌	liù jiē sān mò	6337	an-ang,ia-ie,s-sh,n-l,r-l,j-q-x	1
六趣轮回	liù qù lún huí	6339	n-l,h-f,r-l,j-q-x	1
六通四辟	liù tōng sì pì	6341	s-sh,n-l,r-l	1
六通四达	liù tōng sì dá	6342	s-sh,n-l,r-l	1
六道轮回	liù dào lún huí	6343	ao-ou,n-l,h-f,r-l	1
六问三推	liù wèn sān tuī	6344	en-eng,an-ang,s-sh,n-l,r-l	1
六韬三略	liù tāo sān lüè	6345	an-ang,ao-ou,s-sh,n-l,r-l	3
六马仰秣	liù mǎ yǎng mò	6346	an-ang,n-l,r-l	3
兰州大学	lán zhōu dà xué	6347	an-ang,ao-ou,z-zh,n-l,r-l,j-q-x	1
兰摧玉折	lán cuī yù zhé	6348	an-ang,z-zh,c-ch,n-l,r-l	1
兰桂齐芳	lán guì qí fāng	6349	an-ang,n-l,h-f,r-l,j-q-x	1
兰熏桂馥	lán xūn guì fù	6350	an-ang,n-l,h-f,r-l,j-q-x	3
兰艾同焚	lán ài tóng fén	6351	en-eng,an-ang,ai-ei,n-l,h-f,r-l	1
兰艾难分	lán ài nán fēn	6352	en-eng,an-ang,ai-ei,n-l,h-f,r-l	1
兰质熏心	lán zhì xūn xīn	6355	in-ing,an-ang,z-zh,n-l,r-l,j-q-x	1
共为唇齿	gòng wéi chún chǐ	6357	ai-ei,c-ch	1
共同富裕	gòng tóng fù yù	6371	h-f	1
共同市场	gòng tóng shì chǎng	6372	an-ang,c-ch,s-sh	1
共同犯罪	gòng tóng fàn zuì	6374	an-ang,z-zh,h-f	1
共同纲领	gòng tóng gāng lǐng	6376	in-ing,an-ang,n-l,r-l	1
共同语言	gòng tóng yǔ yán	6378	an-ang	1
共挽鹿车	gòng wǎn lù chē	6394	an-ang,c-ch,n-l,r-l	1
共枝别干	gòng zhī bié gàn	6396	an-ang,ia-ie,z-zh	1
共贯同条	gòng guàn tóng tiáo	6414	uan-uang	1
关情脉脉	guān qíng mài mài	6430	in-ing,uan-uang,ai-ei,j-q-x	1
关门落闩	guān mén luò shuān	6442	en-eng,uan-uang,ua-uo,s-sh,n-l,r-l	3
关门闭户	guān mén bì hù	6443	en-eng,uan-uang,h-f	1
兴云致雨	xīng yún zhì yǔ	6447	in-ing,z-zh,j-q-x	1
兴亡祸福	xīng wáng huò fú	6449	in-ing,an-ang,ua-uo,h-f,j-q-x	1
兴亡继绝	xīng wáng jì jué	6450	in-ing,an-ang,j-q-x	1
兴会淋漓	xìng huì lín lí	6452	in-ing,n-l,h-f,r-l,j-q-x	1
兴兵动众	xīng bīng dòng zhòng	6455	in-ing,z-zh,j-q-x	1
兴味索然	xìng wèi suǒ rán	6462	in-ing,an-ang,ai-ei,ua-uo,s-sh,r-l,j-q-x	1
兴如嚼蜡	xìng rú jiáo là	6469	in-ing,n-l,r-l,j-q-x	1
兴妖作乱	xīng yāo zuò luàn	6470	in-ing,uan-uang,ao-ou,ua-uo,z-zh,n-l,r-l,j-q-x	1
兴妖作孽	xīng yāo zuò niè	6471	in-ing,ao-ou,ia-ie,ua-uo,z-zh,n-l,j-q-x	1
兴家立业	xīng jiā lì yè	6475	in-ing,ia-ie,n-l,r-l,j-q-x	1
兴废继绝	xīng fèi jì jué	6482	in-ing,ai-ei,h-f,j-q-x	1
兴微继绝	xīng wēi jì jué	6484	in-ing,ai-ei,j-q-x	1
兴灭继绝	xīng miè jì jué	6489	in-ing,ia-ie,j-q-x	1
兴致淋漓	xìng zhì lín lí	6494	in-ing,z-zh,n-l,r-l,j-q-x	1
兴致索然	xìng zhì suǒ rán	6495	in-ing,an-ang,ua-uo,z-zh,s-sh,r-l,j-q-x	1
兴观群怨	xìng guān qún yuàn	6497	in-ing,uan-uang,j-q-x	1
兴讹造讪	xīng é zào shàn	6499	in-ing,an-ang,ao-ou,z-zh,s-sh,j-q-x	3
兴词构讼	xīng cí gòu sòng	6500	in-ing,ao-ou,c-ch,s-sh,j-q-x	1
兴趣盎然	xìng qù àng rán	6503	in-ing,an-ang,r-l,j-q-x	3
兴邦立国	xīng bāng lì guó	6505	in-ing,an-ang,ua-uo,n-l,r-l,j-q-x	1
兴高彩烈	xìng gāo cǎi liè	6509	in-ing,ai-ei,ao-ou,ia-ie,c-ch,n-l,r-l,j-q-x	1
兵不厌权	bīng bù yàn quán	6512	in-ing,an-ang,uan-uang,j-q-x	1
兵不接刃	bīng bù jiē rèn	6514	en-eng,in-ing,ia-ie,r-l,j-q-x	1
兵不污刃	bīng bù wū rèn	6515	en-eng,in-ing,r-l	1
兵不由将	bīng bù yóu jiàng	6516	in-ing,ian-iang,ao-ou,j-q-x	1
兵不雪刃	bīng bù xuě rèn	6518	en-eng,in-ing,r-l,j-q-x	1
兵在其颈	bīng zài qí jǐng	6521	in-ing,ai-ei,z-zh,j-q-x	1
兵多将广	bīng duō jiàng guǎng	6523	in-ing,ian-iang,uan-uang,ua-uo,j-q-x	1
兵强则灭	bīng qiáng zé miè	6527	in-ing,ian-iang,ia-ie,z-zh,j-q-x	1
兵强将勇	bīng qiáng jiàng yǒng	6528	in-ing,ian-iang,j-q-x	1
兵役制度	bīng yì zhì dù	6530	in-ing,z-zh	1
兵微将寡	bīng wēi jiàng guǎ	6531	in-ing,ian-iang,ai-ei,ua-uo,j-q-x	1
兵无血刃	bīng wú xuè rèn	6534	en-eng,in-ing,r-l,j-q-x	1
兵未血刃	bīng wèi xuè rèn	6535	en-eng,in-ing,ai-ei,r-l,j-q-x	1
兵行诡道	bīng xíng guǐ dào	6537	in-ing,ao-ou,j-q-x	1
兵车之会	bīng chē zhī huì	6540	in-ing,z-zh,c-ch,h-f	1
兵连祸结	bīng lián huò jié	6541	in-ing,ian-iang,ia-ie,ua-uo,n-l,h-f,r-l,j-q-x	1
其乐不穷	qí lè bù qióng	6543	n-l,r-l,j-q-x	1
其势汹汹	qí shì xiōng xiōng	6550	s-sh,j-q-x	1
其味无穷	qí wèi wú qióng	6552	ai-ei,j-q-x	1
其应如响	qí yìng rú xiǎng	6555	in-ing,ian-iang,r-l,j-q-x	1
其应若响	qí yìng ruò xiǎng	6556	in-ing,ian-iang,ua-uo,r-l,j-q-x	1
其道亡繇	qí dào wáng yáo	6560	an-ang,ao-ou,j-q-x	3
其道无由	qí dào wú yóu	6561	ao-ou,j-q-x	1
具体劳动	jù tǐ láo dòng	6564	ao-ou,n-l,r-l,j-q-x	1
典妻鬻子	diǎn qī yù zǐ	6569	ian-iang,z-zh,j-q-x	3
兹事体大	zī shì tǐ dà	6571	z-zh,s-sh	1
养家活口	yǎng jiā huó kǒu	6575	an-ang,ao-ou,ia-ie,ua-uo,h-f,j-q-x	1
养生丧死	yǎng shēng sàng sǐ	6582	en-eng,an-ang,s-sh	1
养精畜锐	yǎng jīng xù ruì	6584	in-ing,an-ang,r-l,j-q-x	1
养虎为患	yǎng hǔ wéi huàn	6585	an-ang,uan-uang,ai-ei,h-f	1
养虺成蛇	yǎng huǐ chéng shé	6586	en-eng,an-ang,c-ch,s-sh,h-f	3
养音九皋	yǎng yīn jiǔ gāo	6588	in-ing,an-ang,ao-ou,j-q-x	3
兼包并容	jiān bāo bìng róng	6590	in-ing,ian-iang,ao-ou,r-l,j-q-x	1
兼包并畜	jiān bāo bìng chù	6591	in-ing,ian-iang,ao-ou,c-ch,j-q-x	1
兼听则明	jiān tīng zé míng	6592	in-ing,ian-iang,z-zh,j-q-x	1
兼官重绂	jiān guān zhòng fú	6593	ian-iang,uan-uang,z-zh,h-f,j-q-x	3
兼容并蓄	jiān róng bìng xù	6595	in-ing,ian-iang,r-l,j-q-x	1
兼收博采	jiān shōu bó cǎi	6598	ian-iang,ai-ei,ao-ou,c-ch,s-sh,j-q-x	1
兼收并录	jiān shōu bìng lù	6599	in-ing,ian-iang,ao-ou,s-sh,n-l,r-l,j-q-x	1
兼收并畜	jiān shōu bìng chù	6600	in-ing,ian-iang,ao-ou,c-ch,s-sh,j-q-x	1
兼收并采	jiān shōu bìng cǎi	6602	in-ing,ian-iang,ai-ei,ao-ou,c-ch,s-sh,j-q-x	1
兼朱重紫	jiān zhū zhòng zǐ	6603	ian-iang,z-zh,j-q-x	1
兼程并进	jiān chéng bìng jìn	6604	en-eng,in-ing,ian-iang,c-ch,j-q-x	1
兽聚鸟散	shòu jù niǎo sàn	6607	an-ang,ao-ou,s-sh,n-l,j-q-x	1
内修外攘	nèi xiū wài rǎng	6620	an-ang,ai-ei,n-l,r-l,j-q-x	3
内助之贤	nèi zhù zhī xián	6632	ian-iang,ai-ei,z-zh,n-l,j-q-x	1
内圣外王	nèi shèng wài wáng	6640	en-eng,an-ang,ai-ei,s-sh,n-l	1
内容提要	nèi róng tí yào	6652	ai-ei,ao-ou,n-l,r-l	1
内峻外和	nèi jùn wài hé	6656	ai-ei,n-l,h-f,j-q-x	1
内心世界	nèi xīn shì jiè	6666	in-ing,ai-ei,ia-ie,s-sh,n-l,j-q-x	1
内忧外侮	nèi yōu wài wǔ	6669	ai-ei,ao-ou,n-l	1
内柔外刚	nèi róu wài gāng	6682	an-ang,ai-ei,ao-ou,n-l,r-l	1
内省不疚	nèi xǐng bù jiù	6699	in-ing,ai-ei,n-l,j-q-x	1
内紧外松	nèi jǐn wài sōng	6703	in-ing,ai-ei,s-sh,n-l,j-q-x	1
内视反听	nèi shì fǎn tīng	6716	in-ing,an-ang,ai-ei,s-sh,n-l,h-f	1
内部矛盾	nèi bù máo dùn	6725	ai-ei,ao-ou,n-l	1
内顾之忧	nèi gù zhī yōu	6739	ai-ei,ao-ou,z-zh,n-l	1
再不其然	zài bù qí rán	6743	an-ang,ai-ei,z-zh,r-l,j-q-x	1
再作冯妇	zài zuò féng fù	6746	en-eng,ai-ei,ua-uo,z-zh,h-f	1
再别康桥	zài bié kāng qiáo	6748	an-ang,ai-ei,ia-ie,z-zh,j-q-x	1
再生父母	zài shēng fù mǔ	6755	en-eng,ai-ei,z-zh,s-sh,h-f	1
再衰三涸	zài shuāi sān hé	6757	an-ang,ai-ei,z-zh,s-sh,h-f	3
再衰三竭	zài shuāi sān jié	6758	an-ang,ai-ei,ia-ie,z-zh,s-sh,j-q-x	1
冒冒失失	mào mào shī shī	6764	ao-ou,s-sh	1
冒名接脚	mào míng jiē jiǎo	6768	in-ing,ao-ou,ia-ie,j-q-x	1
冒大不韪	mào dà bù wěi	6770	ai-ei,ao-ou	3
冒起火苗	mào qǐ huǒ miáo	6788	ao-ou,ua-uo,h-f,j-q-x	1
冗词赘句	rǒng cí zhuì jù	6799	z-zh,c-ch,r-l,j-q-x	1
军不血刃	jūn bù xuè rèn	6806	en-eng,r-l,j-q-x	1
军事体育	jūn shì tǐ yù	6811	s-sh,j-q-x	1
军事基地	jūn shì jī dì	6812	s-sh,j-q-x	1
军法从事	jūn fǎ cóng shì	6834	c-ch,s-sh,h-f,j-q-x	1
农民协会	nóng mín xié huì	6859	in-ing,ia-ie,n-l,h-f,j-q-x	1
冠上加冠	guān shàng jiā guān	6869	an-ang,uan-uang,ia-ie,s-sh,j-q-x	1
冠上履下	guān shàng lǚ xià	6870	an-ang,uan-uang,ia-ie,s-sh,n-l,r-l,j-q-x	1
冠履倒易	guān lǚ dào yì	6876	uan-uang,ao-ou,n-l,r-l	1
冠履倒置	guān lǚ dào zhì	6877	uan-uang,ao-ou,z-zh,n-l,r-l	1
冠屦倒施	guàn jù dǎo shī	6878	uan-uang,ao-ou,s-sh,j-q-x	3
冠山戴粒	guàn shān dài lì	6879	an-ang,uan-uang,ai-ei,s-sh,n-l,r-l	1
冠状静脉	guān zhuàng jìng mài	6885	in-ing,uan-uang,ai-ei,z-zh,j-q-x	1
冠盖云集	guān gài yún jí	6888	uan-uang,ai-ei,j-q-x	1
冠盖如云	guān gài rú yún	6889	uan-uang,ai-ei,r-l	1
冠盖相属	guān gài xiāng zhǔ	6890	ian-iang,uan-uang,ai-ei,z-zh,j-q-x	1
冠盖相望	guān gài xiāng wàng	6891	an-ang,ian-iang,uan-uang,ai-ei,j-q-x	1
冠绝一时	guàn jué yī shí	6893	uan-uang,s-sh,j-q-x	1
冠袍带履	guān páo dài lǚ	6894	uan-uang,ai-ei,ao-ou,n-l,r-l	1
冢中枯骨	zhǒng zhōng kū gǔ	6895	z-zh	3
冤冤相报	yuān yuān xiāng bào	6898	ian-iang,uan-uang,ao-ou,j-q-x	1
冤天屈地	yuān tiān qū dì	6900	ian-iang,uan-uang,j-q-x	1
冤家对头	yuān jia duì tóu	6903	uan-uang,ao-ou,ia-ie,j-q-x	1
冤家路狭	yuān jia lù xiá	6904	uan-uang,ia-ie,n-l,r-l,j-q-x	1
冤沉海底	yuān chén hǎi dǐ	6906	en-eng,uan-uang,ai-ei,c-ch,h-f	1
冥思苦索	míng sī kǔ suǒ	6909	in-ing,ua-uo,s-sh	1
冥漠之都	míng mò zhī dōu	6911	in-ing,ao-ou,z-zh	1
冥行擿埴	míng xíng zhì zhí	6913	in-ing,z-zh,j-q-x	7
冥行盲索	míng xíng máng suǒ	6914	in-ing,an-ang,ua-uo,s-sh,j-q-x	1
冥顽不化	míng wán bú huà	6915	in-ing,an-ang,ua-uo,h-f	1
冬扇夏炉	dōng shàn xià lú	6920	an-ang,ia-ie,s-sh,n-l,r-l,j-q-x	1
冬日可爱	dōng rì kě ài	6921	ai-ei,r-l	1
冬烘头脑	dōng hōng tóu nǎo	6922	ao-ou,n-l,h-f	1
冬裘夏葛	dōng qiú xià gě	6927	ia-ie,j-q-x	3
冯唐头白	féng táng tóu bái	6929	en-eng,an-ang,ai-ei,ao-ou,h-f	1
冯唐已老	féng táng yǐ lǎo	6930	en-eng,an-ang,ao-ou,n-l,h-f,r-l	1
冯唐易老	féng táng yì lǎo	6931	en-eng,an-ang,ao-ou,n-l,h-f,r-l	1
冯唐白首	féng táng bái shǒu	6932	en-eng,an-ang,ai-ei,ao-ou,s-sh,h-f	1
冯河暴虎	féng hé bào hǔ	6934	en-eng,ao-ou,h-f	1
冯生弹铗	féng shēng dàn jiá	6935	en-eng,an-ang,ia-ie,s-sh,h-f,j-q-x	3
冰上运动	bīng shàng yùn dòng	6937	in-ing,an-ang,s-sh	1
冰山易倒	bīng shān yì dǎo	6942	in-ing,an-ang,ao-ou,s-sh	1
冰山难靠	bīng shān nán kào	6943	in-ing,an-ang,ao-ou,s-sh,n-l	1
冰心一片	bīng xīn yī piàn	6945	in-ing,ian-iang,j-q-x	1
冰散瓦解	bīng sàn wǎ jiě	6947	in-ing,an-ang,ia-ie,s-sh,j-q-x	1
冰消云散	bīng xiāo yún sàn	6953	in-ing,an-ang,s-sh,j-q-x	1
冰消冻解	bīng xiāo dòng jiě	6954	in-ing,ia-ie,j-q-x	1
冰消雾散	bīng xiāo wù sàn	6956	in-ing,an-ang,s-sh,j-q-x	1
冰炭不投	bīng tàn bù tóu	6961	in-ing,an-ang,ao-ou	1
冰解云散	bīng jiě yún sàn	6965	in-ing,an-ang,ia-ie,s-sh,j-q-x	1
冰解冻释	bīng jiě dòng shì	6966	in-ing,ia-ie,s-sh,j-q-x	1
冰解壤分	bīng jiě rǎng fēn	6967	en-eng,in-ing,an-ang,ia-ie,h-f,r-l,j-q-x	1
冰解的破	bīng jiě dì pò	6968	in-ing,ia-ie,j-q-x	1
冰销叶散	bīng xiāo yè sàn	6971	in-ing,an-ang,s-sh,j-q-x	1
冰销雾散	bīng xiāo wù sàn	6972	in-ing,an-ang,s-sh,j-q-x	1
冲云破雾	chōng yún pò wù	6974	c-ch	1
冲冠发怒	chōng guàn fā nù	6976	uan-uang,c-ch,n-l,h-f	1
冲冠怒发	chōng guàn nù fà	6977	uan-uang,c-ch,n-l,h-f	1
冲冠眦裂	chōng guàn zì liè	6978	uan-uang,ia-ie,z-zh,c-ch,n-l,r-l	3
冲口而出	chōng kǒu ér chū	6993	ao-ou,c-ch	1
冲坚毁锐	chōng jiān huǐ ruì	6995	ian-iang,c-ch,h-f,r-l,j-q-x	1
冲州撞府	chōng zhōu zhuàng fǔ	7001	uan-uang,ao-ou,z-zh,c-ch,h-f	1
冲州过府	chōng zhōu guò fǔ	7002	ao-ou,ua-uo,z-zh,c-ch,h-f	1
冲昏头脑	chōng hūn tóu nǎo	7009	ao-ou,c-ch,n-l,h-f	1
冲锋陷坚	chōng fēng xiàn jiān	7035	en-eng,ian-iang,c-ch,h-f,j-q-x	1
冲锋陷锐	chōng fēng xiàn ruì	7036	en-eng,ian-iang,c-ch,h-f,r-l,j-q-x	1
冲风冒雨	chōng fēng mào yǔ	7040	en-eng,ao-ou,c-ch,h-f	1
冲风破浪	chōng fēng pò làng	7041	en-eng,an-ang,c-ch,n-l,h-f,r-l	1
决不待时	jué bù dài shí	7043	ai-ei,s-sh,j-q-x	1
决疣溃痈	jué yóu kuì yōng	7048	ao-ou,j-q-x	3
冶叶倡条	yě yè chàng tiáo	7052	an-ang,c-ch	1
冷嘲热骂	lěng cháo rè mà	7058	en-eng,ao-ou,c-ch,n-l,r-l	1
冷水浇头	lěng shuǐ jiāo tóu	7064	en-eng,ao-ou,s-sh,n-l,r-l,j-q-x	1
冷水浇背	lěng shuǐ jiāo bèi	7065	en-eng,ai-ei,s-sh,n-l,r-l,j-q-x	1
冷眼相待	lěng yǎn xiāng dài	7069	en-eng,an-ang,ian-iang,ai-ei,n-l,r-l,j-q-x	1
冷眼静看	lěng yǎn jìng kàn	7070	en-eng,in-ing,an-ang,n-l,r-l,j-q-x	1
冷若冰霜	lěng ruò bīng shuāng	7072	en-eng,in-ing,uan-uang,ua-uo,s-sh,n-l,r-l	1
冷血动物	lěng xuè dòng wù	7078	en-eng,n-l,r-l,j-q-x	1
冷言热语	lěng yán rè yǔ	7080	en-eng,an-ang,n-l,r-l	1
冷语冰人	lěng yǔ bīng rén	7082	en-eng,in-ing,n-l,r-l	1
冻解冰释	dòng jiě bīng shì	7089	in-ing,ia-ie,s-sh,j-q-x	1
凄风冷雨	qī fēng lěng yǔ	7116	en-eng,n-l,h-f,r-l,j-q-x	1
凄风寒雨	qī fēng hán yǔ	7117	en-eng,an-ang,h-f,j-q-x	1
凄风楚雨	qī fēng chǔ yǔ	7118	en-eng,c-ch,h-f,j-q-x	1
凉了半截	liáng le bàn jié	7135	an-ang,ian-iang,ia-ie,n-l,r-l,j-q-x	1
凌上虐下	líng shàng nüè xià	7157	in-ing,an-ang,ia-ie,s-sh,n-l,r-l,j-q-x	1
凌云壮志	líng yún zhuàng zhì	7158	in-ing,uan-uang,z-zh,n-l,r-l	1
凌弱暴寡	líng ruò bào guǎ	7159	in-ing,ao-ou,ua-uo,n-l,r-l	1
凛若冰霜	lǐn ruò bīng shuāng	7173	in-ing,uan-uang,ua-uo,s-sh,n-l,r-l	1
凛若秋霜	lǐn ruò qiū shuāng	7174	in-ing,uan-uang,ua-uo,s-sh,n-l,r-l,j-q-x	1
凝瞩不转	níng zhǔ bù zhuǎn	7178	in-ing,uan-uang,z-zh,n-l	1
几不欲生	jī bù yù shēng	7182	en-eng,s-sh,j-q-x	1
凡夫肉眼	fán fū ròu yǎn	7208	an-ang,ao-ou,h-f,r-l	1
凡才浅识	fán cái qiǎn shí	7210	an-ang,ian-iang,ai-ei,c-ch,s-sh,h-f,j-q-x	1
凡胎浊体	fán tāi zhuó tǐ	7211	an-ang,ai-ei,ua-uo,z-zh,h-f	1
凡胎浊骨	fán tāi zhuó gǔ	7212	an-ang,ai-ei,ua-uo,z-zh,h-f	1
凤冠霞帔	fèng guān xiá pèi	7215	en-eng,uan-uang,ai-ei,ia-ie,h-f,j-q-x	3
凤协鸾和	fèng xié luán hé	7216	en-eng,uan-uang,ia-ie,n-l,h-f,r-l,j-q-x	3
凤只鸾孤	fèng zhī luán gū	7217	en-eng,uan-uang,z-zh,n-l,h-f,r-l	3
凤子龙孙	fèng zǐ lóng sūn	7219	en-eng,z-zh,s-sh,n-l,h-f,r-l	1
凤枭同巢	fèng xiāo tóng cháo	7224	en-eng,ao-ou,c-ch,h-f,j-q-x	3
凤楼龙阙	fèng lóu lóng què	7225	en-eng,ao-ou,n-l,h-f,r-l,j-q-x	3
凤毛济美	fèng máo jì měi	7226	en-eng,ai-ei,ao-ou,h-f,j-q-x	1
凤泊鸾漂	fèng bó luán piāo	7228	en-eng,uan-uang,n-l,h-f,r-l	3
凤泊鸾飘	fèng bó luán piāo	7229	en-eng,uan-uang,n-l,h-f,r-l	3
凤采鸾章	fèng cǎi luán zhāng	7231	en-eng,an-ang,uan-uang,ai-ei,z-zh,c-ch,n-l,h-f,r-l	3
凤食鸾栖	fèng shí luán qī	7233	en-eng,uan-uang,s-sh,n-l,h-f,r-l,j-q-x	3
凤骨龙姿	fèng gǔ lóng zī	7234	en-eng,z-zh,n-l,h-f,r-l	1
凤鸣朝阳	fèng míng zhāo yáng	7235	en-eng,in-ing,an-ang,ao-ou,z-zh,h-f	1
凫短鹤长	fú duǎn hè cháng	7236	an-ang,uan-uang,c-ch,h-f	3
凫趋雀跃	fú qū què yuè	7237	h-f,j-q-x	3
凫鹤从方	fú hè cóng fāng	7238	an-ang,c-ch,h-f	3
凭几之诏	píng jǐ zhī zhào	7241	in-ing,ao-ou,z-zh,j-q-x	3
凭几据杖	píng jī jù zhàng	7242	in-ing,an-ang,z-zh,j-q-x	1
凭空捏造	píng kōng niē zào	7246	in-ing,ao-ou,ia-ie,z-zh,n-l	1
凭轼旁观	píng shì páng guān	7248	in-ing,an-ang,uan-uang,s-sh	3
凭轼结辙	píng shì jié zhé	7249	in-ing,ia-ie,z-zh,s-sh,j-q-x	3
凶喘肤汗	xiōng chuǎn fū hàn	7254	an-ang,uan-uang,c-ch,h-f,j-q-x	1
凸版印刷	tū bǎn yìn shuā	7265	in-ing,an-ang,ua-uo,s-sh	1
凹版印刷	āo bǎn yìn shuā	7271	in-ing,an-ang,ao-ou,ua-uo,s-sh	1
出一头地	chū yī tóu dì	7277	ao-ou,c-ch	1
出乖弄丑	chū guāi nòng chǒu	7279	ao-ou,c-ch,n-l	1
出云入泥	chū yún rù ní	7282	c-ch,n-l,r-l	1
出何典记	chū hé diǎn jì	7288	ian-iang,c-ch,h-f,j-q-x	1
出何经典	chū hé jīng diǎn	7289	in-ing,ian-iang,c-ch,h-f,j-q-x	1
出入将相	chū rù jiàng xiàng	7291	ian-iang,c-ch,r-l,j-q-x	1
出入无间	chū rù wú jiān	7292	ian-iang,c-ch,r-l,j-q-x	1
出其不备	chū qí bù bèi	7294	ai-ei,c-ch,j-q-x	1
出其不虞	chū qí bù yú	7296	c-ch,j-q-x	3
出内之吝	chū nèi zhī lìn	7297	in-ing,ai-ei,z-zh,c-ch,n-l,r-l	1
出厂价格	chū chǎng jià gé	7300	an-ang,ia-ie,c-ch,j-q-x	1
出处殊涂	chū chǔ shū tú	7311	c-ch,s-sh	1
出处殊途	chū chǔ shū tú	7312	c-ch,s-sh	1
出处语默	chū chǔ yǔ mò	7313	c-ch	1
出处进退	chū chǔ jìn tuì	7314	in-ing,c-ch,j-q-x	1
出头之日	chū tóu zhī rì	7316	ao-ou,z-zh,c-ch,r-l	1
出奇不穷	chū qí bù qióng	7319	c-ch,j-q-x	1
出奇划策	chū qí huà cè	7320	ua-uo,c-ch,h-f,j-q-x	1
出奇取胜	chū qí qǔ shèng	7322	en-eng,c-ch,s-sh,j-q-x	1
出奇无穷	chū qí wú qióng	7323	c-ch,j-q-x	1
出奇致胜	chū qí zhì shèng	7324	en-eng,z-zh,c-ch,s-sh,j-q-x	1
出尘不染	chū chén bù rǎn	7329	en-eng,an-ang,c-ch,r-l	1
出师不利	chū shī bù lì	7334	c-ch,s-sh,n-l,r-l	1
出师有名	chū shī yǒu míng	7335	in-ing,ao-ou,c-ch,s-sh	1
出手得卢	chū shǒu dé lú	7336	ao-ou,c-ch,s-sh,n-l,r-l	1
出敌不意	chū dí bù yì	7339	c-ch	1
出有入无	chū yǒu rù wú	7340	ao-ou,c-ch,r-l	1
出死断亡	chū sǐ duàn wáng	7344	an-ang,uan-uang,c-ch,s-sh	1
出没不常	chū mò bù cháng	7348	an-ang,c-ch	1
出没无常	chū mò wú cháng	7349	an-ang,c-ch	1
出浅入深	chū qiǎn rù shēn	7352	en-eng,ian-iang,c-ch,s-sh,r-l,j-q-x	1
出言吐气	chū yán tǔ qì	7364	an-ang,c-ch,j-q-x	1
出言吐词	chū yán tǔ cí	7365	an-ang,c-ch	1
出言吐语	chū yán tǔ yǔ	7366	an-ang,c-ch	1
出言有章	chū yán yǒu zhāng	7367	an-ang,ao-ou,z-zh,c-ch	1
出词吐气	chū cí tǔ qì	7368	c-ch,j-q-x	1
出语成章	chū yǔ chéng zhāng	7369	en-eng,an-ang,z-zh,c-ch	1
出门合辙	chū mén hé zhé	7373	en-eng,z-zh,c-ch,h-f	1
出门应辙	chū mén yīng zhé	7374	en-eng,in-ing,z-zh,c-ch	1
击中要害	jī zhòng yào hài	7377	ai-ei,ao-ou,z-zh,h-f,j-q-x	1
击其不意	jī qí bù yì	7378	j-q-x	1
击排冒没	jī pái mào mò	7381	ai-ei,ao-ou,j-q-x	1
击搏挽裂	jī bó wǎn liè	7382	an-ang,ia-ie,n-l,r-l,j-q-x	1
击楫中流	jī jí zhōng liú	7383	z-zh,n-l,r-l,j-q-x	3
击毂摩肩	jī gǔ mó jiān	7384	ian-iang,j-q-x	3
击电奔星	jī diàn bēn xīng	7386	en-eng,in-ing,ian-iang,j-q-x	1
击石弹丝	jī shí tán sī	7387	an-ang,s-sh,j-q-x	1
击筑悲歌	jī zhù bēi gē	7388	ai-ei,z-zh,j-q-x	1
击节叹赏	jī jié tàn shǎng	7390	an-ang,ia-ie,s-sh,j-q-x	1
击节称赏	jī jié chēng shǎng	7391	en-eng,an-ang,ia-ie,c-ch,s-sh,j-q-x	1
击钟鼎食	jī zhōng dǐng shí	7393	in-ing,z-zh,s-sh,j-q-x	1
函授学校	hán shòu xué xiào	7396	an-ang,ao-ou,s-sh,h-f,j-q-x	1
函盖乾坤	hán gài qián kūn	7399	an-ang,ian-iang,ai-ei,h-f,j-q-x	1
函盖充周	hán gài chōng zhōu	7400	an-ang,ai-ei,ao-ou,z-zh,c-ch,h-f	1
函矢相攻	hán shǐ xiāng gōng	7401	an-ang,ian-iang,s-sh,h-f,j-q-x	1
凿凿可据	záo záo kě jù	7402	ao-ou,z-zh,j-q-x	1
凿凿有据	záo záo yǒu jù	7403	ao-ou,z-zh,j-q-x	1
凿坏以遁	záo pī yǐ dùn	7404	ao-ou,z-zh	3
凿坏而遁	záo pī ér dùn	7405	ao-ou,z-zh	3
凿空之论	záo kōng zhī lùn	7406	ao-ou,z-zh,n-l,r-l	1
凿空取办	záo kōng qǔ bàn	7407	an-ang,ao-ou,z-zh,j-q-x	1
凿空投隙	záo kōng tóu xì	7408	ao-ou,z-zh,j-q-x	1
凿饮耕食	záo yǐn gēng shí	7409	en-eng,in-ing,ao-ou,z-zh,s-sh	1
凿骨捣髓	záo gǔ dǎo suǐ	7410	ao-ou,z-zh,s-sh	1
凿龟数策	záo guī shǔ cè	7411	ao-ou,z-zh,c-ch,s-sh	1
刀光血影	dāo guāng xuè yǐng	7412	in-ing,uan-uang,ao-ou,j-q-x	1
刀刀见血	dāo dāo jiàn xiě	7413	ian-iang,ao-ou,ia-ie,j-q-x	1
刀头剑首	dāo tóu jiàn shǒu	7418	ian-iang,ao-ou,s-sh,j-q-x	1
刀头燕尾	dāo tóu yàn wěi	7419	an-ang,ai-ei,ao-ou	1
刀头舔蜜	dāo tóu tiǎn mì	7420	ian-iang,ao-ou	1
刀过竹解	dāo guò zhú jiě	7429	ao-ou,ia-ie,ua-uo,z-zh,j-q-x	1
刁天决地	diāo tiān jué dì	7431	ian-iang,j-q-x	1
刁斗森严	diāo dǒu sēn yán	7432	en-eng,an-ang,ao-ou,s-sh	1
刁钻促狭	diāo zuān cù xiá	7436	uan-uang,ia-ie,z-zh,c-ch,j-q-x	1
刁钻刻薄	diāo zuān kè bó	7437	uan-uang,z-zh	1
刃迎缕解	rèn yíng lǚ jiě	7440	en-eng,in-ing,ia-ie,n-l,r-l,j-q-x	1
分三别两	fēn sān bié liǎng	7441	en-eng,an-ang,ian-iang,ia-ie,s-sh,n-l,h-f,r-l	1
分丝析缕	fēn sī xī lǚ	7442	en-eng,s-sh,n-l,h-f,r-l,j-q-x	1
分内之事	fèn nèi zhī shì	7451	en-eng,ai-ei,z-zh,s-sh,n-l,h-f	1
分别部居	fēn bié bù jū	7458	en-eng,ia-ie,h-f,j-q-x	1
分别门户	fēn bié mén hù	7459	en-eng,ia-ie,h-f	1
分劳赴功	fēn láo fù gōng	7462	en-eng,ao-ou,n-l,h-f,r-l	1
分化瓦解	fēn huà wǎ jiě	7464	en-eng,ia-ie,ua-uo,h-f,j-q-x	1
分厘毫丝	fēn lí háo sī	7468	en-eng,ao-ou,s-sh,n-l,h-f,r-l	1
分外妖娆	fèn wài yāo ráo	7475	en-eng,ai-ei,ao-ou,h-f,r-l	3
分子晶体	fēn zǐ jīng tǐ	7482	en-eng,in-ing,z-zh,h-f,j-q-x	1
分子结构	fēn zǐ jié gòu	7489	en-eng,ao-ou,ia-ie,z-zh,h-f,j-q-x	1
分守要津	fēn shǒu yào jīn	7493	en-eng,in-ing,ao-ou,s-sh,h-f,j-q-x	1
分宵达曙	fēn xiāo dá shǔ	7495	en-eng,s-sh,h-f,j-q-x	1
分家析产	fēn jiā xī chǎn	7497	en-eng,an-ang,ia-ie,c-ch,h-f,j-q-x	1
分寸之末	fēn cùn zhī mò	7499	en-eng,z-zh,c-ch,h-f	1
分居异爨	fēn jū yì cuàn	7503	en-eng,uan-uang,c-ch,h-f,j-q-x	3
分工合作	fēn gōng hé zuò	7508	en-eng,ua-uo,z-zh,h-f	1
分床同梦	fēn chuáng tóng mèng	7510	en-eng,uan-uang,c-ch,h-f	1
分庭伉礼	fēn tíng kàng lǐ	7512	en-eng,in-ing,an-ang,n-l,h-f,r-l	3
分形共气	fēn xíng gòng qì	7517	en-eng,in-ing,h-f,j-q-x	1
分形同气	fēn xíng tóng qì	7518	en-eng,in-ing,h-f,j-q-x	1
分形连气	fēn xíng lián qì	7519	en-eng,in-ing,ian-iang,n-l,h-f,r-l,j-q-x	1
分心挂腹	fēn xīn guà fù	7522	en-eng,in-ing,ua-uo,h-f,j-q-x	1
分情破爱	fēn qíng pò ài	7524	en-eng,in-ing,ai-ei,h-f,j-q-x	1
分我杯羹	fēn wǒ bēi gēng	7526	en-eng,ai-ei,h-f	1
分房减口	fēn fáng jiǎn kǒu	7529	en-eng,an-ang,ian-iang,ao-ou,h-f,j-q-x	1
分散主义	fēn sàn zhǔ yì	7538	en-eng,an-ang,z-zh,s-sh,h-f	1
分散染料	fēn sǎn rǎn liào	7539	en-eng,an-ang,s-sh,n-l,h-f,r-l	1
分文不值	fēn wén bù zhí	7543	en-eng,z-zh,h-f	1
分文不取	fēn wén bù qǔ	7544	en-eng,h-f,j-q-x	1
分文不名	fēn wén bù míng	7545	en-eng,in-ing,h-f	1
分文不直	fēn wén bù zhí	7546	en-eng,z-zh,h-f	1
分文未取	fēn wén wèi qǔ	7547	en-eng,ai-ei,h-f,j-q-x	1
分斤拨两	fēn jīn bō liǎng	7548	en-eng,in-ing,ian-iang,n-l,h-f,r-l,j-q-x	1
分斤掰两	fēn jīn bāi liǎng	7549	en-eng,in-ing,ian-iang,ai-ei,n-l,h-f,r-l,j-q-x	1
分星劈两	fēn xīng pī liǎng	7552	en-eng,in-ing,ian-iang,n-l,h-f,r-l,j-q-x	1
分星拨两	fēn xīng bō liǎng	7553	en-eng,in-ing,ian-iang,n-l,h-f,r-l,j-q-x	1
分星擘两	fēn xīng bò liǎng	7554	en-eng,in-ing,ian-iang,n-l,h-f,r-l,j-q-x	3
分朋引类	fēn péng yǐn lèi	7556	en-eng,in-ing,ai-ei,n-l,h-f,r-l	1
分条析理	fēn tiáo xī lǐ	7561	en-eng,n-l,h-f,r-l,j-q-x	1
分毫不值	fēn háo bù zhí	7571	en-eng,ao-ou,z-zh,h-f	1
分毫不取	fēn háo bù qǔ	7572	en-eng,ao-ou,h-f,j-q-x	1
分毫不差	fēn háo bù chā	7573	en-eng,ao-ou,c-ch,h-f	1
分毫不爽	fēn háo bù shuǎng	7574	en-eng,uan-uang,ao-ou,s-sh,h-f	1
分毫无爽	fēn háo wú shuǎng	7575	en-eng,uan-uang,ao-ou,s-sh,h-f	1
分毫析厘	fēn háo xī lí	7576	en-eng,ao-ou,n-l,h-f,r-l,j-q-x	1
分烟析产	fēn yān xī chǎn	7587	en-eng,an-ang,c-ch,h-f,j-q-x	1
分烟析生	fēn yān xī shēng	7588	en-eng,an-ang,s-sh,h-f,j-q-x	1
分甘共苦	fēn gān gòng kǔ	7593	en-eng,an-ang,h-f	1
分甘同苦	fēn gān tóng kǔ	7594	en-eng,an-ang,h-f	1
分甘绝少	fēn gān jué shǎo	7595	en-eng,an-ang,ao-ou,s-sh,h-f,j-q-x	1
分章析句	fēn zhāng xī jù	7606	en-eng,an-ang,z-zh,h-f,j-q-x	1
分花拂柳	fēn huā fú liǔ	7620	en-eng,ua-uo,n-l,h-f,r-l	1
分花约柳	fēn huā yuē liǔ	7621	en-eng,ua-uo,n-l,h-f,r-l	1
分茅列土	fēn máo liè tǔ	7622	en-eng,ao-ou,ia-ie,n-l,h-f,r-l	1
分茅胙土	fēn máo zuò tǔ	7623	en-eng,ao-ou,ua-uo,z-zh,h-f	3
分茅裂土	fēn máo liè tǔ	7624	en-eng,ao-ou,ia-ie,n-l,h-f,r-l	1
分茅赐土	fēn máo cì tǔ	7625	en-eng,ao-ou,c-ch,h-f	1
分茅锡土	fēn máo xī tǔ	7626	en-eng,ao-ou,h-f,j-q-x	1
分贫振穷	fēn pín zhèn qióng	7639	en-eng,in-ing,z-zh,h-f,j-q-x	1
分路扬镳	fēn lù yáng biāo	7643	en-eng,an-ang,n-l,h-f,r-l	3
分身减口	fēn shēn jiǎn kǒu	7645	en-eng,ian-iang,ao-ou,s-sh,h-f,j-q-x	1
分身无术	fēn shēn wú shù	7646	en-eng,s-sh,h-f	1
分进合击	fēn jìn hé jī	7650	en-eng,in-ing,h-f,j-q-x	1
分金掰两	fēn jīn bāi liǎng	7659	en-eng,in-ing,ian-iang,ai-ei,n-l,h-f,r-l,j-q-x	1
分钗劈凤	fēn chāi pī fèng	7661	en-eng,ai-ei,c-ch,h-f	3
分钗断带	fēn chāi duàn dài	7662	en-eng,uan-uang,ai-ei,c-ch,h-f	3
分钗破镜	fēn chāi pò jìng	7663	en-eng,in-ing,ai-ei,c-ch,h-f,j-q-x	3
分门别户	fēn mén bié hù	7666	en-eng,ia-ie,h-f	1
分鞋破镜	fēn xié pò jìng	7673	en-eng,in-ing,ia-ie,h-f,j-q-x	1
分风劈流	fēn fēng pǐ liú	7675	en-eng,n-l,h-f,r-l	1
分香卖履	fēn xiāng mài lǚ	7680	en-eng,ian-iang,ai-ei,n-l,h-f,r-l,j-q-x	1
切中事理	qiè zhòng shì lǐ	7683	ia-ie,z-zh,s-sh,n-l,r-l,j-q-x	1
切中时弊	qiè zhòng shí bì	7684	ia-ie,z-zh,s-sh,j-q-x	1
切中时病	qiè zhòng shí bìng	7685	in-ing,ia-ie,z-zh,s-sh,j-q-x	1
切中要害	qiè zhòng yào hài	7686	ai-ei,ao-ou,ia-ie,z-zh,h-f,j-q-x	1
切切在心	qiè qiè zài xīn	7690	in-ing,ai-ei,ia-ie,z-zh,j-q-x	1
切切实实	qiè qiè shí shí	7691	ia-ie,s-sh,j-q-x	1
切切此令	qiè qiè cǐ lìng	7692	in-ing,ia-ie,c-ch,n-l,r-l,j-q-x	1
切切此布	qiè qiè cǐ bù	7693	ia-ie,c-ch,j-q-x	1
切切牢记	qiè qiè láo jì	7694	ao-ou,ia-ie,n-l,r-l,j-q-x	1
切切私语	qiè qiè sī yǔ	7695	ia-ie,s-sh,j-q-x	1
切切请求	qiè qiè qǐng qiú	7696	in-ing,ia-ie,j-q-x	1
切力效应	qiē lì xiào yìng	7699	in-ing,ia-ie,n-l,r-l,j-q-x	1
切勿倒置	qiè wù dào zhì	7701	ao-ou,ia-ie,z-zh,j-q-x	1
切勿受潮	qiè wù shòu cháo	7702	ao-ou,ia-ie,c-ch,s-sh,j-q-x	1
切勿吸烟	qiè wù xī yān	7703	an-ang,ia-ie,j-q-x	1
切勿靠近	qiè wù kào jìn	7704	in-ing,ao-ou,ia-ie,j-q-x	1
切勿颠倒	qiè wù diān dǎo	7705	ian-iang,ao-ou,ia-ie,j-q-x	1
切合实际	qiè hé shí jì	7709	ia-ie,s-sh,h-f,j-q-x	1
切树倒根	qiē shù dǎo gēn	7719	en-eng,ao-ou,ia-ie,s-sh,j-q-x	1
切理会心	qiē lǐ huì xīn	7724	in-ing,ia-ie,n-l,h-f,r-l,j-q-x	1
切理厌心	qiē lǐ yàn xīn	7725	in-ing,an-ang,ia-ie,n-l,r-l,j-q-x	1
切理餍心	qiē lǐ yàn xīn	7726	in-ing,an-ang,ia-ie,n-l,r-l,j-q-x	3
切瑳琢磨	qiē cuō zhuó mó	7727	ia-ie,ua-uo,z-zh,c-ch,j-q-x	5
切磋琢磨	qiē cuō zhuó mó	7730	ia-ie,ua-uo,z-zh,c-ch,j-q-x	3
切身体会	qiè shēn tǐ huì	7744	en-eng,ia-ie,s-sh,h-f,j-q-x	1
切身体验	qiè shēn tǐ yàn	7745	en-eng,an-ang,ia-ie,s-sh,j-q-x	1
切身利害	qiè shēn lì hài	7746	en-eng,ai-ei,ia-ie,s-sh,n-l,h-f,r-l,j-q-x	1
切身大事	qiè shēn dà shì	7747	en-eng,ia-ie,s-sh,j-q-x	1
切近的当	qiē jìn de dāng	7749	in-ing,an-ang,ia-ie,j-q-x	1
切骨之仇	qiè gǔ zhī chóu	7756	ao-ou,ia-ie,z-zh,c-ch,j-q-x	1
切骨之寒	qiè gǔ zhī hán	7757	an-ang,ia-ie,z-zh,h-f,j-q-x	1
切骨之恨	qiè gǔ zhī hèn	7758	en-eng,ia-ie,z-zh,h-f,j-q-x	1
切齿咒骂	qiè chǐ zhòu mà	7760	ao-ou,ia-ie,z-zh,c-ch,j-q-x	1
切齿拊心	qiè chǐ fǔ xīn	7761	in-ing,ia-ie,c-ch,h-f,j-q-x	3
切齿痛心	qiè chǐ tòng xīn	7762	in-ing,ia-ie,c-ch,j-q-x	1
切齿痛恨	qiè chǐ tòng hèn	7763	en-eng,ia-ie,c-ch,h-f,j-q-x	1
切齿腐心	qiè chǐ fǔ xīn	7764	in-ing,ia-ie,c-ch,h-f,j-q-x	1
刊心刻骨	kān xīn kè gǔ	7767	in-ing,an-ang,j-q-x	1
刍荛之见	chú ráo zhī jiàn	7771	ian-iang,ao-ou,z-zh,c-ch,r-l,j-q-x	7
刎颈之交	wěn jǐng zhī jiāo	7773	en-eng,in-ing,z-zh,j-q-x	3
刑事责任	xíng shì zé rèn	7776	en-eng,in-ing,z-zh,s-sh,r-l,j-q-x	1
刑于之化	xíng yú zhī huà	7777	in-ing,ua-uo,z-zh,h-f,j-q-x	1
刑措不用	xíng cuò bù yòng	7779	in-ing,ua-uo,c-ch,j-q-x	1
刑期无刑	xíng qī wú xíng	7781	in-ing,j-q-x	1
划一不二	huà yī bù èr	7784	ua-uo,h-f	1
划地为牢	huá dì wéi láo	7789	ai-ei,ao-ou,ua-uo,n-l,h-f,r-l	1
划粥割齑	huà zhōu gē jī	7803	ao-ou,ua-uo,z-zh,h-f,j-q-x	3
列功覆过	liè gōng fù guò	7811	ia-ie,ua-uo,n-l,h-f,r-l	1
列土分茅	liè tǔ fēn máo	7812	en-eng,ao-ou,ia-ie,n-l,h-f,r-l	1
列土封疆	liè tǔ fēng jiāng	7813	en-eng,ian-iang,ia-ie,n-l,h-f,r-l,j-q-x	1
列宁主义	liè níng zhǔ yì	7814	in-ing,ia-ie,z-zh,n-l,r-l	1
列风淫雨	liè fēng yín yǔ	7819	en-eng,in-ing,ia-ie,n-l,h-f,r-l	1
列鼎而食	liè dǐng ér shí	7820	in-ing,ia-ie,s-sh,n-l,r-l	1
刘毅答诏	liú yì dá zhào	7821	ao-ou,z-zh,n-l,r-l	3
刘郎前度	liú láng qián dù	7823	an-ang,ian-iang,n-l,r-l,j-q-x	1
刚中柔外	gāng zhōng róu wài	7825	an-ang,ai-ei,ao-ou,z-zh,r-l	1
刚肠嫉恶	gāng cháng jí è	7836	an-ang,c-ch,j-q-x	1
创业垂统	chuàng yè chuí tǒng	7840	uan-uang,c-ch	1
创业维艰	chuàng yè wéi jiān	7841	ian-iang,uan-uang,ai-ei,c-ch,j-q-x	1
创作方法	chuàng zuò fāng fǎ	7846	an-ang,uan-uang,ua-uo,z-zh,c-ch,h-f	1
创剧痛深	chuàng jù tòng shēn	7853	en-eng,uan-uang,c-ch,s-sh,j-q-x	1
创巨痛仍	chuàng jù tòng réng	7858	en-eng,uan-uang,c-ch,r-l,j-q-x	1
创巨痛深	chuāng jù tòng shēn	7859	en-eng,uan-uang,c-ch,s-sh,j-q-x	1
创意造言	chuàng yì zào yán	7862	an-ang,uan-uang,ao-ou,z-zh,c-ch	1
创钜痛仍	chuàng jù tòng réng	7880	en-eng,uan-uang,c-ch,r-l,j-q-x	5
创钜痛深	chuàng jù tòng shēn	7881	en-eng,uan-uang,c-ch,s-sh,j-q-x	5
初等教育	chū děng jiào yù	7901	en-eng,c-ch,j-q-x	1
初级中学	chū jí zhōng xué	7902	z-zh,c-ch,j-q-x	1
删华就素	shān huá jiù sù	7911	an-ang,ua-uo,s-sh,h-f,j-q-x	1
判然不同	pàn rán bù tóng	7920	an-ang,r-l	1
判若云泥	pàn ruò yún ní	7923	an-ang,ua-uo,n-l,r-l	1
判若天渊	pàn ruò tiān yuān	7924	an-ang,ian-iang,uan-uang,ua-uo,r-l	1
判若水火	pàn ruò shuǐ huǒ	7925	an-ang,ua-uo,s-sh,h-f,r-l	1
判若鸿沟	pàn ruò hóng gōu	7926	an-ang,ao-ou,ua-uo,h-f,r-l	1
刨树搜根	páo shù sōu gēn	7936	en-eng,ao-ou,s-sh	1
刨根究底	páo gēn jiū dǐ	7938	en-eng,ao-ou,j-q-x	1
利不亏义	lì bù kuī yì	7944	n-l,r-l	1
利令志惛	lì lìng zhì hūn	7945	in-ing,z-zh,n-l,h-f,r-l	5
利口捷给	lì kǒu jié jǐ	7947	ao-ou,ia-ie,n-l,r-l,j-q-x	1
利害得失	lì hài dé shī	7948	ai-ei,s-sh,n-l,h-f,r-l	1
利害相关	lì hài xiāng guān	7949	ian-iang,uan-uang,ai-ei,n-l,h-f,r-l,j-q-x	1
利灾乐祸	lì zāi lè huò	7954	ai-ei,ua-uo,z-zh,n-l,h-f,r-l	1
利齿能牙	lì chǐ néng yá	7962	en-eng,c-ch,n-l,r-l	1
别作一眼	bié zuò yī yǎn	7969	an-ang,ia-ie,ua-uo,z-zh	1
别作良图	bié zuò liáng tú	7970	ian-iang,ia-ie,ua-uo,z-zh,n-l,r-l	1
别具只眼	bié jù zhī yǎn	7973	an-ang,ia-ie,z-zh,j-q-x	1
别具心肠	bié jù xīn cháng	7974	in-ing,an-ang,ia-ie,c-ch,j-q-x	1
别具慧眼	bié jù huì yǎn	7975	an-ang,ia-ie,h-f,j-q-x	1
别具手眼	bié jù shǒu yǎn	7976	an-ang,ao-ou,ia-ie,s-sh,j-q-x	1
别具肺肠	bié jù fèi cháng	7977	an-ang,ai-ei,ia-ie,c-ch,h-f,j-q-x	1
别出手眼	bié chū shǒu yǎn	7979	an-ang,ao-ou,ia-ie,c-ch,s-sh	1
别出新意	bié chū xīn yì	7980	in-ing,ia-ie,c-ch,j-q-x	1
别出新裁	bié chū xīn cái	7981	in-ing,ai-ei,ia-ie,c-ch,j-q-x	1
别出机杼	bié chū jī zhù	7982	ia-ie,z-zh,c-ch,j-q-x	3
别创一格	bié chuàng yí gé	7983	uan-uang,ia-ie,c-ch	1
别居异财	bié jū yì cái	7994	ai-ei,ia-ie,c-ch,j-q-x	1
别开一格	bié kāi yí gé	7995	ai-ei,ia-ie	1
别开蹊径	bié kāi xī jìng	7997	in-ing,ai-ei,ia-ie,j-q-x	3
别抱琵琶	bié bào pí pá	8001	ao-ou,ia-ie	3
别无他物	bié wú tā wù	8004	ia-ie	1
别无出路	bié wú chū lù	8005	ia-ie,c-ch,n-l,r-l	1
别无分店	bié wú fēn diàn	8006	en-eng,ian-iang,ia-ie,h-f	1
别有人间	bié yǒu rén jiān	8009	en-eng,ian-iang,ao-ou,ia-ie,r-l,j-q-x	1
别有心肝	bié yǒu xīn gān	8011	in-ing,an-ang,ao-ou,ia-ie,j-q-x	1
别有心肠	bié yǒu xīn cháng	8012	in-ing,an-ang,ao-ou,ia-ie,c-ch,j-q-x	1
别有滋味	bié yǒu zī wèi	8014	ai-ei,ao-ou,ia-ie,z-zh	1
别有肺肠	bié yǒu fèi cháng	8016	an-ang,ai-ei,ao-ou,ia-ie,c-ch,h-f	1
别有风趣	bié yǒu fēng qù	8018	en-eng,ao-ou,ia-ie,h-f,j-q-x	1
别来无恙	bié lái wú yàng	8020	an-ang,ai-ei,ia-ie,n-l,r-l	3
别树一旗	bié shù yī qí	8022	ia-ie,s-sh,j-q-x	1
别生枝节	bié shēng zhī jié	8024	en-eng,ia-ie,z-zh,s-sh,j-q-x	1
别籍异居	bié jí yì jū	8028	ia-ie,j-q-x	1
别籍异财	bié jí yì cái	8029	ai-ei,ia-ie,c-ch,j-q-x	1
别类分门	bié lèi fēn mén	8030	en-eng,ai-ei,ia-ie,n-l,h-f,r-l	1
别置一喙	bié zhì yī huì	8032	ia-ie,z-zh,h-f	3
别财异居	bié cái yì jū	8036	ai-ei,ia-ie,c-ch,j-q-x	1
别风淮雨	bié fēng huái yǔ	8040	en-eng,ia-ie,h-f	1
别饶风致	bié ráo fēng zhì	8041	en-eng,ao-ou,ia-ie,z-zh,h-f,r-l	1
别鹤孤鸾	bié hè gū luán	8043	uan-uang,ia-ie,n-l,h-f,r-l	3
别鹤离鸾	bié hè lí luán	8044	uan-uang,ia-ie,n-l,h-f,r-l	3
刬恶锄奸	chǎn è chú jiān	8045	an-ang,ian-iang,c-ch,j-q-x	5
刬旧谋新	chǎn jiù móu xīn	8046	in-ing,an-ang,ao-ou,c-ch,j-q-x	5
刬草除根	chǎn cǎo chú gēn	8047	en-eng,an-ang,ao-ou,c-ch	5
刮垢磨光	guā gòu mó guāng	8050	uan-uang,ao-ou,ua-uo	1
刮垢磨痕	guā gòu mó hén	8051	en-eng,ao-ou,ua-uo,h-f	1
刮目相待	guā mù xiāng dài	8052	ian-iang,ai-ei,ua-uo,j-q-x	1
刮目相见	guā mù xiāng jiàn	8054	ian-iang,ua-uo,j-q-x	1
刮肠洗胃	guā cháng xǐ wèi	8055	an-ang,ai-ei,ua-uo,c-ch,j-q-x	1
刮野扫地	guā yě sǎo dì	8056	ao-ou,ua-uo,s-sh	1
刮骨去毒	guā gǔ qù dú	8058	ua-uo,j-q-x	1
刮骨抽筋	guā gǔ chōu jīn	8059	in-ing,ao-ou,ua-uo,c-ch,j-q-x	1
到此为止	dào cǐ wéi zhǐ	8070	ai-ei,ao-ou,z-zh,c-ch	1
刳精呕血	kū jīng ǒu xuè	8073	in-ing,ao-ou,j-q-x	3
刳脂剔膏	kū zhī tī gāo	8074	ao-ou,z-zh	3
刺上化下	cì shàng huà xià	8100	an-ang,ia-ie,ua-uo,c-ch,s-sh,h-f,j-q-x	1
刺心切骨	cì xīn qiè gǔ	8112	in-ing,ia-ie,c-ch,j-q-x	1
刺心刻骨	cì xīn kè gǔ	8113	in-ing,c-ch,j-q-x	1
刺心裂肝	cì xīn liè gān	8114	in-ing,an-ang,ia-ie,c-ch,n-l,r-l,j-q-x	1
刺的一声	cī de yī shēng	8128	en-eng,c-ch,s-sh	1
刺股悬梁	cì gǔ xuán liáng	8135	ian-iang,uan-uang,c-ch,n-l,r-l,j-q-x	1
刺股读书	cì gǔ dú shū	8136	c-ch,s-sh	1
刺虎持鹬	cì hǔ chí yù	8137	c-ch,h-f	3
刻不容松	kè bù róng sōng	8142	s-sh,r-l	1
刻不待时	kè bù dài shí	8144	ai-ei,s-sh	1
刻木为吏	kè mù wéi lì	8148	ai-ei,n-l,r-l	1
刻木为鹄	kè mù wéi hú	8149	ai-ei,h-f	3
刻章琢句	kè zhāng zhuó jù	8151	an-ang,ua-uo,z-zh,j-q-x	1
刻翠裁红	kè cuì cái hóng	8152	ai-ei,c-ch,h-f	1
刻肌刻骨	kè jī kè gǔ	8153	j-q-x	1
刻薄寡思	kè bó guǎ sī	8156	ua-uo,s-sh	1
刻雾裁风	kè wù cái fēng	8157	en-eng,ai-ei,c-ch,h-f	1
刻骨仇恨	kè gǔ chóu hèn	8159	en-eng,ao-ou,c-ch,h-f	1
刻骨崩心	kè gǔ bēng xīn	8160	en-eng,in-ing,j-q-x	1
刻骨相思	kè gǔ xiāng sī	8161	ian-iang,s-sh,j-q-x	1
刻骨镂心	kè gǔ lòu xīn	8163	in-ing,ao-ou,n-l,r-l,j-q-x	3
剀切中理	kǎi qiè zhòng lǐ	8166	ai-ei,ia-ie,z-zh,n-l,r-l,j-q-x	3
剀切教导	kǎi qiè jiào dǎo	8167	ai-ei,ao-ou,ia-ie,j-q-x	3
剀切详明	kǎi qiè xiáng míng	8168	in-ing,ian-iang,ai-ei,ia-ie,j-q-x	3
削发披缁	xuē fà pī zī	8179	z-zh,h-f,j-q-x	3
削尖脑袋	xuē jiān nǎo dài	8182	ian-iang,ai-ei,ao-ou,n-l,j-q-x	1
削木为吏	xuē mù wéi lì	8185	ai-ei,n-l,r-l,j-q-x	1
削株掘根	xuē zhū jué gēn	8186	en-eng,z-zh,j-q-x	1
削职为民	xuē zhí wéi mín	8191	in-ing,ai-ei,z-zh,j-q-x	1
削草除根	xuē cǎo chú gēn	8193	en-eng,ao-ou,c-ch,j-q-x	1
削趾适屦	xuē zhǐ shì jù	8195	z-zh,s-sh,j-q-x	3
削铁无声	xuē tiě wú shēng	8197	en-eng,ia-ie,s-sh,j-q-x	1
前仆后踣	qián pú hòu bó	8203	ian-iang,ao-ou,h-f,j-q-x	5
前功尽废	qián gōng jìn fèi	8208	in-ing,ian-iang,ai-ei,h-f,j-q-x	1
前功尽灭	qián gōng jìn miè	8210	in-ing,ian-iang,ia-ie,j-q-x	1
前古未有	qián gǔ wèi yǒu	8211	ian-iang,ai-ei,ao-ou,j-q-x	1
前合后仰	qián hé hòu yǎng	8213	an-ang,ian-iang,ao-ou,h-f,j-q-x	1
前度刘郎	qián dù liú láng	8220	an-ang,ian-iang,n-l,r-l,j-q-x	1
前徒倒戈	qián tú dǎo gē	8221	ian-iang,ao-ou,j-q-x	1
前程万里	qián chéng wàn lǐ	8231	en-eng,an-ang,ian-iang,c-ch,n-l,r-l,j-q-x	1
前街后巷	qián jiē hòu xiàng	8234	ian-iang,ao-ou,ia-ie,h-f,j-q-x	1
前言往行	qián yán wǎng xíng	8236	in-ing,an-ang,ian-iang,j-q-x	1
前跋后疐	qián bá hòu zhì	8237	ian-iang,ao-ou,z-zh,h-f,j-q-x	5
前车可鉴	qián chē kě jiàn	8240	ian-iang,c-ch,j-q-x	1
前辙可鉴	qián zhé kě jiàn	8241	ian-iang,z-zh,j-q-x	1
剔抽秃揣	tī chōu tū chuǎi	8248	ao-ou,c-ch	1
剔蝎撩蜂	tī xiē liáo fēng	8250	en-eng,ia-ie,n-l,h-f,r-l,j-q-x	1
剖心泣血	pōu xīn qì xuè	8251	in-ing,ao-ou,j-q-x	1
剖肝泣血	pōu gān qì xuè	8252	an-ang,ao-ou,j-q-x	1
剖腹藏珠	pōu fù cáng zhū	8253	an-ang,ao-ou,z-zh,c-ch,h-f	1
剖蚌得珠	pōu bàng dé zhū	8254	an-ang,ao-ou,z-zh	1
剖蚌求珠	pōu bàng qiú zhū	8255	an-ang,ao-ou,z-zh,j-q-x	1
剥床及肤	bō chuáng jí fū	8267	uan-uang,c-ch,h-f,j-q-x	1
剥极则复	bō jí zé fù	8268	z-zh,h-f,j-q-x	1
剥极将复	bō jí jiāng fù	8269	ian-iang,h-f,j-q-x	1
剥极必复	bō jí bì fù	8270	h-f,j-q-x	1
剥皮抽筋	bō pí chōu jīn	8272	in-ing,ao-ou,c-ch,j-q-x	1
剥肤之痛	bō fū zhī tòng	8274	z-zh,h-f	1
剥肤及髓	bō fū jí suǐ	8275	s-sh,h-f,j-q-x	1
剥肤椎髓	bō fū chuí suǐ	8276	c-ch,s-sh,h-f	1
剥茧抽丝	bō jiǎn chōu sī	8280	ian-iang,ao-ou,c-ch,s-sh,j-q-x	1
剩余价值	shèng yú jià zhí	8290	en-eng,ia-ie,z-zh,s-sh,j-q-x	1
剩馥残膏	shèng fù cán gāo	8291	en-eng,an-ang,ao-ou,c-ch,s-sh,h-f	3
剪发披缁	jiǎn fā pī zī	8293	ian-iang,z-zh,h-f,j-q-x	3
剪发杜门	jiǎn fà dù mén	8294	en-eng,ian-iang,h-f,j-q-x	1
剪发被褐	jiǎn fā bèi hè	8295	ian-iang,ai-ei,h-f,j-q-x	1
剪恶除奸	jiǎn è chú jiān	8296	ian-iang,c-ch,j-q-x	1
副研究员	fù yán jiū yuán	8311	an-ang,uan-uang,h-f,j-q-x	1
割地求和	gē dì qiú hé	8323	h-f,j-q-x	1
割地称臣	gē dì chēng chén	8324	en-eng,c-ch	1
割席分坐	gē xí fēn zuò	8326	en-eng,ua-uo,z-zh,h-f,j-q-x	1
割据一方	gē jù yī fāng	8328	an-ang,h-f,j-q-x	1
割肚牵肠	gē dù qiān cháng	8329	an-ang,ian-iang,c-ch,j-q-x	1
割股疗亲	gē gǔ liáo qīn	8330	in-ing,n-l,r-l,j-q-x	1
割臂之盟	gē bì zhī méng	8331	en-eng,z-zh	1
割臂盟公	gē bì méng gōng	8332	en-eng	1
割骨疗亲	gē gǔ liáo qīn	8334	in-ing,n-l,r-l,j-q-x	1
劈劈啪啪	pī pī pā pā	8345		1
劈天盖地	pī tiān gài dì	8348	ian-iang,ai-ei	1
劈头劈脑	pī tóu pī nǎo	8350	ao-ou,n-l	1
劈头盖脑	pī tóu gài nǎo	8351	ai-ei,ao-ou,n-l	1
劈荆斩棘	pī jīng zhǎn jí	8362	in-ing,an-ang,z-zh,j-q-x	1
劈里啪啦	pī lǐ pā la	8364	n-l,r-l	1
劈风斩浪	pī fēng zhǎn làng	8366	en-eng,an-ang,z-zh,n-l,h-f,r-l	1
力不胜任	lì bù shèng rèn	8369	en-eng,s-sh,n-l,r-l	1
力不能及	lì bù néng jí	8370	en-eng,n-l,r-l,j-q-x	1
力不能支	lì bù néng zhī	8371	en-eng,z-zh,n-l,r-l	1
力不自胜	lì bù zì shèng	8372	en-eng,z-zh,s-sh,n-l,r-l	1
力可拔山	lì kě bá shān	8374	an-ang,s-sh,n-l,r-l	1
力大无比	lì dà wú bǐ	8376	n-l,r-l	1
力学不倦	lì xué bù juàn	8377	uan-uang,n-l,r-l,j-q-x	1
力学笃行	lì xué dǔ xíng	8378	in-ing,n-l,r-l,j-q-x	3
力小任重	lì xiǎo rèn zhòng	8379	en-eng,z-zh,n-l,r-l,j-q-x	1
力尽筋疲	lì jìn jīn pí	8381	in-ing,n-l,r-l,j-q-x	1
力所不及	lì suǒ bù jí	8383	ua-uo,s-sh,n-l,r-l,j-q-x	1
力有未逮	lì yǒu wèi dài	8387	ai-ei,ao-ou,n-l,r-l	1
力能扛鼎	lì néng gāng dǐng	8389	en-eng,in-ing,an-ang,n-l,r-l	1
力透纸背	lì tòu zhǐ bèi	8392	ai-ei,ao-ou,z-zh,n-l,r-l	1
劝善惩恶	quàn shàn chéng è	8398	en-eng,an-ang,uan-uang,c-ch,s-sh,j-q-x	1
劝善戒恶	quàn shàn jiè è	8399	an-ang,uan-uang,ia-ie,s-sh,j-q-x	1
劝善黜恶	quàn shàn chù è	8400	an-ang,uan-uang,c-ch,s-sh,j-q-x	3
办公会议	bàn gōng huì yì	8408	an-ang,h-f	1
功成不居	gōng chéng bù jū	8420	en-eng,c-ch,j-q-x	1
功成行满	gōng chéng xíng mǎn	8421	en-eng,in-ing,an-ang,c-ch,j-q-x	1
功成骨枯	gōng chéng gǔ kū	8422	en-eng,c-ch	1
功盖天下	gōng gài tiān xià	8425	ian-iang,ai-ei,ia-ie,j-q-x	1
功若丘山	gōng ruò qiū shān	8427	an-ang,ua-uo,s-sh,r-l,j-q-x	1
功薄蝉翼	gōng bó chán yì	8428	an-ang,c-ch	1
功高不赏	gōng gāo bù shǎng	8430	an-ang,ao-ou,s-sh	1
功高望重	gōng gāo wàng zhòng	8431	an-ang,ao-ou,z-zh	1
功高盖世	gōng gāo gài shì	8432	ai-ei,ao-ou,s-sh	1
加减乘除	jiā jiǎn chéng chú	8435	en-eng,ian-iang,ia-ie,c-ch,j-q-x	1
加勒比海	jiā lè bǐ hǎi	8438	ai-ei,ia-ie,n-l,h-f,r-l,j-q-x	1
加尔各答	jiā ěr gè dá	8442	ia-ie,j-q-x	1
加枝添叶	jiā zhī tiān yè	8445	ian-iang,ia-ie,z-zh,j-q-x	1
劣迹昭着	liè jì zhāo zhe	8457	ao-ou,ia-ie,z-zh,n-l,r-l,j-q-x	1
劣迹昭著	liè jì zhāo zhù	8458	ao-ou,ia-ie,z-zh,n-l,r-l,j-q-x	1
动不失时	dòng bù shī shí	8460	s-sh	1
动地惊天	dòng dì jīng tiān	8464	in-ing,ian-iang,j-q-x	1
动如参商	dòng rú shēn shāng	8465	en-eng,an-ang,s-sh,r-l	1
动物纤维	dòng wù xiān wéi	8468	ian-iang,ai-ei,j-q-x	1
动画影片	dòng huà yǐng piān	8469	in-ing,ian-iang,ua-uo,h-f	1
动荡不安	dòng dàng bù ān	8478	an-ang	1
动荡不定	dòng dàng bù dìng	8479	in-ing,an-ang	1
动静有常	dòng jìng yǒu cháng	8483	in-ing,an-ang,ao-ou,c-ch,j-q-x	1
助人下石	zhù rén xià shí	8486	en-eng,ia-ie,z-zh,s-sh,r-l,j-q-x	1
助天为虐	zhù tiān wéi nüè	8492	ian-iang,ai-ei,z-zh,n-l	1
助我张目	zhù wǒ zhāng mù	8497	an-ang,z-zh	1
助桀为恶	zhù jié wéi è	8504	ai-ei,ia-ie,z-zh,j-q-x	3
助桀为暴	zhù jié wéi bào	8505	ai-ei,ao-ou,ia-ie,z-zh,j-q-x	3
助画方略	zhù huà fāng lüè	8511	an-ang,ua-uo,z-zh,n-l,h-f,r-l	1
助边输财	zhù biān shū cái	8518	ian-iang,ai-ei,z-zh,c-ch,s-sh	1
努尔哈赤	nǔ ěr hā chì	8522	c-ch,n-l,h-f	1
劫数难逃	jié shù nán táo	8526	an-ang,ao-ou,ia-ie,s-sh,n-l,j-q-x	1
励精更始	lì jīng gēng shǐ	8529	en-eng,in-ing,s-sh,n-l,r-l,j-q-x	1
劲骨丰肌	jìng gǔ fēng jī	8547	en-eng,in-ing,h-f,j-q-x	1
劳动强度	láo dòng qiáng dù	8552	ian-iang,ao-ou,n-l,r-l,j-q-x	1
劳动教养	láo dòng jiào yǎng	8553	an-ang,ao-ou,n-l,r-l,j-q-x	1
劳动模范	láo dòng mó fàn	8555	an-ang,ao-ou,n-l,h-f,r-l	1
劳师糜饷	láo shī mí xiǎng	8558	ian-iang,ao-ou,s-sh,n-l,r-l,j-q-x	3
劳师袭远	láo shī xí yuǎn	8559	uan-uang,ao-ou,s-sh,n-l,r-l,j-q-x	1
劳心焦思	láo xīn jiāo sī	8560	in-ing,ao-ou,s-sh,n-l,r-l,j-q-x	1
劳心苦思	láo xīn kǔ sī	8561	in-ing,ao-ou,s-sh,n-l,r-l,j-q-x	1
劳思逸淫	láo sī yì yín	8562	in-ing,ao-ou,s-sh,n-l,r-l	1
劳筋苦骨	láo jīn kǔ gǔ	8568	in-ing,ao-ou,n-l,r-l,j-q-x	1
劳身焦思	láo shēn jiāo sī	8570	en-eng,ao-ou,s-sh,n-l,r-l,j-q-x	1
势不两存	shì bù liǎng cún	8572	ian-iang,c-ch,s-sh,n-l,r-l	1
势不可遏	shì bù kě è	8576	s-sh	1
势倾朝野	shì qīng cháo yě	8577	in-ing,ao-ou,c-ch,s-sh,j-q-x	1
势合形离	shì hé xíng lí	8578	in-ing,s-sh,n-l,h-f,r-l,j-q-x	1
势如劈竹	shì rú pī zhú	8581	z-zh,s-sh,r-l	1
势孤力薄	shì gū lì báo	8582	ao-ou,s-sh,n-l,r-l	1
势焰熏天	shì yàn xūn tiān	8583	an-ang,ian-iang,s-sh,j-q-x	1
势若脱兔	shì ruò tuō tù	8585	ua-uo,s-sh,r-l	1
勃然变色	bó rán biàn sè	8591	an-ang,ian-iang,s-sh,r-l	1
勃然奋励	bó rán fèn lì	8593	en-eng,an-ang,n-l,h-f,r-l	1
勇者不惧	yǒng zhě bù jù	8598	z-zh,j-q-x	1
勉勉强强	miǎn miǎn qiǎng qiáng	8600	ian-iang,j-q-x	1
勤学好问	qín xué hǎo wèn	8615	en-eng,in-ing,ao-ou,h-f,j-q-x	1
勤能补拙	qín néng bǔ zhuō	8621	en-eng,in-ing,ua-uo,z-zh,n-l,j-q-x	1
勺状软骨	sháo zhuàng ruǎn gǔ	8622	uan-uang,ao-ou,z-zh,s-sh,r-l	1
勾三搭四	gōu sān dā sì	8623	an-ang,ao-ou,s-sh	1
勾勾搭搭	gōu gōu dā dā	8626	ao-ou	1
勾心斗角	gōu xīn dòu jiǎo	8629	in-ing,ao-ou,j-q-x	1
勾股定理	gōu gǔ dìng lǐ	8638	in-ing,ao-ou,n-l,r-l	1
匀红点翠	yún hóng diǎn cuì	8657	ian-iang,c-ch,h-f	1
匀脂抹粉	yún zhī mǒ fěn	8658	en-eng,z-zh,h-f	1
包举宇内	bāo jǔ yǔ nèi	8659	ai-ei,ao-ou,n-l,j-q-x	1
包罗万有	bāo luó wàn yǒu	8681	an-ang,ao-ou,ua-uo,n-l,r-l	1
包藏奸心	bāo cáng jiān xīn	8685	in-ing,an-ang,ian-iang,ao-ou,c-ch,j-q-x	1
包藏祸心	bāo cáng huò xīn	8686	in-ing,an-ang,ao-ou,ua-uo,c-ch,h-f,j-q-x	1
匏瓜空悬	páo guā kōng xuán	8692	uan-uang,ao-ou,ua-uo,j-q-x	3
匕鬯不惊	bǐ chàng bù jīng	8693	in-ing,an-ang,c-ch,j-q-x	5
化及豚鱼	huà jí tún yú	8701	ua-uo,h-f,j-q-x	1
化外之民	huà wài zhī mín	8707	in-ing,ai-ei,ua-uo,z-zh,h-f	1
化学肥料	huà xué féi liào	8713	ai-ei,ua-uo,n-l,h-f,r-l,j-q-x	1
化性起伪	huà xìng qǐ wěi	8716	in-ing,ai-ei,ua-uo,h-f,j-q-x	1
化敌为友	huà dí wéi yǒu	8718	ai-ei,ao-ou,ua-uo,h-f	1
化日光天	huà rì guāng tiān	8721	ian-iang,uan-uang,ua-uo,h-f,r-l	1
化枭为鸠	huà xiāo wéi jiū	8722	ai-ei,ua-uo,h-f,j-q-x	3
化民成俗	huà mín chéng sú	8723	en-eng,in-ing,ua-uo,c-ch,s-sh,h-f	1
化民易俗	huà mín yì sú	8724	in-ing,ua-uo,s-sh,h-f	1
化腐为奇	huà fǔ wéi qí	8735	ai-ei,ua-uo,h-f,j-q-x	1
化腐成奇	huà fǔ chéng qí	8736	en-eng,ua-uo,c-ch,h-f,j-q-x	1
化若偃草	huà ruò yǎn cǎo	8738	an-ang,ao-ou,ua-uo,c-ch,h-f,r-l	3
化零为整	huà líng wéi zhěng	8745	en-eng,in-ing,ai-ei,ua-uo,z-zh,n-l,h-f,r-l	1
化鸱为凤	huà chī wéi fèng	8749	en-eng,ai-ei,ua-uo,c-ch,h-f	3
北京大学	běi jīng dà xué	8754	in-ing,ai-ei,j-q-x	1
北伐战争	běi fá zhàn zhēng	8766	en-eng,an-ang,ai-ei,z-zh,h-f	1
北叟失马	běi sǒu shī mǎ	8769	ai-ei,ao-ou,s-sh	3
北宫婴儿	běi gōng yīng ér	8775	in-ing,ai-ei	1
北斗七星	běi dǒu qī xīng	8782	in-ing,ai-ei,ao-ou,j-q-x	1
北斗之尊	běi dǒu zhī zūn	8783	ai-ei,ao-ou,z-zh	1
北方方言	běi fāng fāng yán	8788	an-ang,ai-ei,h-f	1
北爱尔兰	běi ài ěr lán	8806	an-ang,ai-ei,n-l,r-l	1
北窗高卧	běi chuāng gāo wò	8809	uan-uang,ai-ei,ao-ou,c-ch	1
北辕适楚	běi yuán shì chǔ	8812	uan-uang,ai-ei,c-ch,s-sh	3
北辕适粤	běi yuán shì yuè	8813	uan-uang,ai-ei,s-sh	3
北辙南辕	běi zhé nán yuán	8814	an-ang,uan-uang,ai-ei,z-zh,n-l	3
北辰星拱	běi chén xīng gǒng	8816	en-eng,in-ing,ai-ei,c-ch,j-q-x	1
北道主人	běi dào zhǔ rén	8818	en-eng,ai-ei,ao-ou,z-zh,r-l	1
北郭先生	běi guō xiān shēng	8822	en-eng,ian-iang,ai-ei,ua-uo,s-sh,j-q-x	1
北鄙之声	běi bǐ zhī shēng	8823	en-eng,ai-ei,z-zh,s-sh	1
北鄙之音	běi bǐ zhī yīn	8824	in-ing,ai-ei,z-zh	1
北门之寄	běi mén zhī jì	8826	en-eng,ai-ei,z-zh,j-q-x	1
北门之管	běi mén zhī guǎn	8827	en-eng,uan-uang,ai-ei,z-zh	1
北门南牙	běi mén nán yá	8828	en-eng,an-ang,ai-ei,n-l	1
北门管钥	běi mén guǎn yuè	8829	en-eng,uan-uang,ai-ei	1
北门锁钥	běi mén suǒ yuè	8830	en-eng,ai-ei,ua-uo,s-sh	1
北面称臣	běi miàn chēng chén	8833	en-eng,ian-iang,ai-ei,c-ch	1
北风之恋	běi fēng zhī liàn	8835	en-eng,ian-iang,ai-ei,z-zh,n-l,h-f,r-l	1
匠石运金	jiàng shí yùn jīn	8841	in-ing,ian-iang,s-sh,j-q-x	1
匡乱反正	kuāng luàn fǎn zhèng	8842	en-eng,an-ang,uan-uang,z-zh,n-l,h-f,r-l	3
匡俗济时	kuāng sú jì shí	8843	uan-uang,s-sh,j-q-x	3
匡其不逮	kuāng qí bù dǎi	8844	uan-uang,ai-ei,j-q-x	3
匡国济时	kuāng guó jì shí	8846	uan-uang,ua-uo,s-sh,j-q-x	3
匡救弥缝	kuāng jiù mí fèng	8847	en-eng,uan-uang,h-f,j-q-x	3
匡时济世	kuāng shí jì shì	8848	uan-uang,s-sh,j-q-x	3
匡时济俗	kuāng shí jì sú	8849	uan-uang,s-sh,j-q-x	3
匡谬正俗	kuāng miù zhèng sú	8852	en-eng,uan-uang,z-zh,s-sh	3
匡鼎解颐	kuāng dǐng jiě yí	8853	in-ing,uan-uang,ia-ie,j-q-x	3
匪伊朝夕	fěi yī zhāo xī	8854	ai-ei,ao-ou,z-zh,h-f,j-q-x	1
匪朝伊夕	fěi cháo yī xī	8857	ai-ei,ao-ou,c-ch,h-f,j-q-x	1
匪石之心	fěi shí zhī xīn	8858	in-ing,ai-ei,z-zh,s-sh,h-f,j-q-x	1
匪石匪席	fěi shí fěi xí	8859	ai-ei,s-sh,h-f,j-q-x	1
匹夫之谅	pǐ fū zhī liàng	8862	ian-iang,z-zh,n-l,h-f,r-l	1
匹夫匹妇	pǐ fū pǐ fù	8863	h-f	1
匹夫小谅	pǐ fū xiǎo liàng	8864	ian-iang,n-l,h-f,r-l,j-q-x	1
匹夫怀璧	pǐ fū huái bì	8865	h-f	1
匹夫无罪	pǐ fū wú zuì	8866	z-zh,h-f	1
匹夫有责	pǐ fū yǒu zé	8867	ao-ou,z-zh,h-f	1
匹夫沟渎	pǐ fū gōu dú	8868	ao-ou,h-f	3
匹妇沟渠	pǐ fù gōu qú	8869	ao-ou,h-f,j-q-x	1
匹马单枪	pǐ mǎ dān qiāng	8870	an-ang,ian-iang,j-q-x	1
匹马只轮	pǐ mǎ zhī lún	8871	z-zh,n-l,r-l	1
匹马当先	pǐ mǎ dāng xiān	8872	an-ang,ian-iang,j-q-x	1
区区之众	qū qū zhī zhòng	8879	z-zh,j-q-x	1
区区小事	qū qū xiǎo shì	8880	s-sh,j-q-x	1
区区此心	qū qū cǐ xīn	8881	in-ing,c-ch,j-q-x	1
区域网路	qū yù wǎng luò	8884	an-ang,ua-uo,n-l,r-l,j-q-x	1
区闻陬见	qū wén zōu jiàn	8890	en-eng,ian-iang,ao-ou,z-zh,j-q-x	3
匿影藏形	nì yǐng cáng xíng	8895	in-ing,an-ang,c-ch,n-l,j-q-x	1
匿迹隐形	nì jì yǐn xíng	8897	in-ing,n-l,j-q-x	1
十一点钟	shí yì diǎn zhōng	8900	ian-iang,z-zh,s-sh	1
十万火速	shí wàn huǒ sù	8904	an-ang,ua-uo,s-sh,h-f	1
十不当一	shí bù dāng yī	8905	an-ang,s-sh	1
十世单传	shí shì dān chuán	8906	an-ang,uan-uang,c-ch,s-sh	1
十二万分	shí èr wàn fēn	8907	en-eng,an-ang,s-sh,h-f	1
十二经脉	shí èr jīng mài	8912	in-ing,ai-ei,s-sh,j-q-x	1
十亲九故	shí qīn jiǔ gù	8913	in-ing,s-sh,j-q-x	1
十亲九眷	shí qīn jiǔ juàn	8914	in-ing,uan-uang,s-sh,j-q-x	1
十六烷值	shí liù wán zhí	8917	an-ang,z-zh,s-sh,n-l,r-l	3
十发十中	shí fā shí zhōng	8920	z-zh,s-sh,h-f	1
十变五化	shí biàn wǔ huà	8921	ian-iang,ua-uo,s-sh,h-f	1
十口相传	shí kǒu xiāng chuán	8922	ian-iang,uan-uang,ao-ou,c-ch,s-sh,j-q-x	1
十四行诗	shí sì háng shī	8923	an-ang,s-sh,h-f	1
十夫桡椎	shí fū ráo zhuī	8924	ao-ou,z-zh,s-sh,h-f,r-l	3
十字路头	shí zì lù tóu	8927	ao-ou,z-zh,s-sh,n-l,r-l	1
十室九匮	shí shì jiǔ kuì	8928	s-sh,j-q-x	3
十寒一暴	shí hán yī bào	8931	an-ang,ao-ou,s-sh,h-f	1
十年内乱	shí nián nèi luàn	8933	ian-iang,uan-uang,ai-ei,s-sh,n-l,r-l	1
十年磨剑	shí nián mó jiàn	8934	ian-iang,s-sh,n-l,j-q-x	1
十年读书	shí nián dú shū	8935	ian-iang,s-sh,n-l	1
十恶五逆	shí è wǔ nì	8937	s-sh,n-l	1
十捉九着	shí zhuō jiǔ zhe	8939	ua-uo,z-zh,s-sh,j-q-x	1
十日并出	shí rì bìng chū	8940	in-ing,c-ch,s-sh,r-l	1
十有八九	shí yǒu bā jiǔ	8941	ao-ou,s-sh,j-q-x	1
十步香车	shí bù xiāng chē	8942	ian-iang,c-ch,s-sh,j-q-x	1
十死不问	shí sǐ bù wèn	8943	en-eng,s-sh	1
十浆五馈	shí jiāng wǔ kuì	8944	ian-iang,s-sh,j-q-x	1
十羊九牧	shí yáng jiǔ mù	8945	an-ang,s-sh,j-q-x	1
十行俱下	shí háng jù xià	8946	an-ang,ia-ie,s-sh,h-f,j-q-x	1
十转九空	shí zhuǎn jiǔ kōng	8947	uan-uang,z-zh,s-sh,j-q-x	1
十载寒窗	shí zǎi hán chuāng	8948	an-ang,uan-uang,ai-ei,z-zh,c-ch,s-sh,h-f	1
十里洋场	shí lǐ yáng chǎng	8950	an-ang,c-ch,s-sh,n-l,r-l	1
十里长亭	shí lǐ cháng tíng	8951	in-ing,an-ang,c-ch,s-sh,n-l,r-l	1
十雨五风	shí yǔ wǔ fēng	8952	en-eng,s-sh,h-f	1
十面埋伏	shí miàn mái fú	8953	ian-iang,ai-ei,s-sh,h-f	1
十风五雨	shí fēng wǔ yǔ	8954	en-eng,s-sh,h-f	1
十魔九难	shí mó jiǔ nàn	8955	an-ang,s-sh,n-l,j-q-x	1
十鼠同穴	shí shǔ tóng xué	8956	s-sh,j-q-x	1
千万买邻	qiān wàn mǎi lín	8958	in-ing,an-ang,ian-iang,ai-ei,n-l,r-l,j-q-x	1
千乘万骑	qiān chéng wàn qí	8960	en-eng,an-ang,ian-iang,c-ch,j-q-x	1
千乘之国	qiān shèng zhī guó	8961	en-eng,ian-iang,ua-uo,z-zh,s-sh,j-q-x	1
千了万当	qiān le wàn dàng	8962	an-ang,ian-iang,n-l,r-l,j-q-x	1
千了百了	qiān liǎo bǎi liǎo	8963	ian-iang,ai-ei,n-l,r-l,j-q-x	1
千了百当	qiān liǎo bǎi dàng	8964	an-ang,ian-iang,ai-ei,n-l,r-l,j-q-x	1
千仇万恨	qiān chóu wàn hèn	8965	en-eng,an-ang,ian-iang,ao-ou,c-ch,h-f,j-q-x	1
千仓万箱	qiān cāng wàn xiāng	8966	an-ang,ian-iang,c-ch,j-q-x	1
千仞无枝	qiān rèn wú zhī	8967	en-eng,ian-iang,z-zh,r-l,j-q-x	3
千依万顺	qiān yī wàn shùn	8968	an-ang,ian-iang,s-sh,j-q-x	1
千兵万马	qiān bīng wàn mǎ	8969	in-ing,an-ang,ian-iang,j-q-x	1
千刀万剁	qiān dāo wàn duò	8971	an-ang,ian-iang,ao-ou,ua-uo,j-q-x	3
千变万状	qiān biàn wàn zhuàng	8977	an-ang,ian-iang,uan-uang,z-zh,j-q-x	1
千变万轸	qiān biàn wàn zhěn	8978	en-eng,an-ang,ian-iang,z-zh,j-q-x	3
千古不朽	qiān gǔ bù xiǔ	8979	ian-iang,j-q-x	1
千古不磨	qiān gǔ bù mó	8980	ian-iang,j-q-x	1
千古奇闻	qiān gǔ qí wén	8981	en-eng,ian-iang,j-q-x	1
千古绝调	qiān gǔ jué diào	8982	ian-iang,j-q-x	1
千叮万嘱	qiān dīng wàn zhǔ	8983	in-ing,an-ang,ian-iang,z-zh,j-q-x	1
千回万转	qiān huí wàn zhuǎn	8985	an-ang,ian-iang,uan-uang,z-zh,h-f,j-q-x	1
千回百折	qiān huí bǎi zhé	8986	ian-iang,ai-ei,z-zh,h-f,j-q-x	1
千回百转	qiān huí bǎi zhuǎn	8987	ian-iang,uan-uang,ai-ei,z-zh,h-f,j-q-x	1
千头万序	qiān tóu wàn xù	8991	an-ang,ian-iang,ao-ou,j-q-x	1
千姿万态	qiān zī wàn tài	8994	an-ang,ian-iang,ai-ei,z-zh,j-q-x	1
千岩万壑	qiān yán wàn hè	8999	an-ang,ian-iang,h-f,j-q-x	3
千峰万壑	qiān fēng wàn hè	9000	en-eng,an-ang,ian-iang,h-f,j-q-x	3
千差万错	qiān chà wàn cuò	9002	an-ang,ian-iang,ua-uo,c-ch,j-q-x	1
千年万载	qiān nián wàn zǎi	9003	an-ang,ian-iang,ai-ei,z-zh,n-l,j-q-x	1
千形万状	qiān xíng wàn zhuàng	9004	in-ing,an-ang,ian-iang,uan-uang,z-zh,j-q-x	1
千态万状	qiān tài wàn zhuàng	9005	an-ang,ian-iang,uan-uang,ai-ei,z-zh,j-q-x	1
千思万想	qiān sī wàn xiǎng	9006	an-ang,ian-iang,s-sh,j-q-x	1
千思万虑	qiān sī wàn lǜ	9007	an-ang,ian-iang,s-sh,n-l,r-l,j-q-x	1
千愁万恨	qiān chóu wàn hèn	9009	en-eng,an-ang,ian-iang,ao-ou,c-ch,h-f,j-q-x	1
千愁万绪	qiān chóu wàn xù	9010	an-ang,ian-iang,ao-ou,c-ch,j-q-x	1
千推万阻	qiān tuī wàn zǔ	9011	an-ang,ian-iang,z-zh,j-q-x	1
千方万计	qiān fāng wàn jì	9012	an-ang,ian-iang,h-f,j-q-x	1
千村万落	qiān cūn wàn luò	9015	an-ang,ian-iang,ua-uo,c-ch,n-l,r-l,j-q-x	1
千条万端	qiān tiáo wàn duān	9016	an-ang,ian-iang,uan-uang,j-q-x	1
千条万绪	qiān tiáo wàn xù	9017	an-ang,ian-iang,j-q-x	1
千条万缕	qiān tiáo wàn lǚ	9018	an-ang,ian-iang,n-l,r-l,j-q-x	1
千水万山	qiān shuǐ wàn shān	9019	an-ang,ian-iang,s-sh,j-q-x	1
千汇万状	qiān huì wàn zhuàng	9020	an-ang,ian-iang,uan-uang,z-zh,h-f,j-q-x	1
千沟万壑	qiān gōu wàn hè	9021	an-ang,ian-iang,ao-ou,h-f,j-q-x	3
千灾百难	qiān zāi bǎi nán	9022	an-ang,ian-iang,ai-ei,z-zh,n-l,j-q-x	1
千状万态	qiān zhuàng wàn tài	9023	an-ang,ian-iang,uan-uang,ai-ei,z-zh,j-q-x	1
千状万端	qiān zhuàng wàn duān	9024	an-ang,ian-iang,uan-uang,z-zh,j-q-x	1
千生万劫	qiān shēng wàn jié	9028	en-eng,an-ang,ian-iang,ia-ie,s-sh,j-q-x	1
千生万死	qiān shēng wàn sǐ	9029	en-eng,an-ang,ian-iang,s-sh,j-q-x	1
千磨百折	qiān mó bǎi shé	9031	ian-iang,ai-ei,s-sh,j-q-x	1
千秋万世	qiān qiū wàn shì	9032	an-ang,ian-iang,s-sh,j-q-x	1
千秋万古	qiān qiū wàn gǔ	9034	an-ang,ian-iang,j-q-x	1
千秋万岁	qiān qiū wàn suì	9035	an-ang,ian-iang,s-sh,j-q-x	1
千章万句	qiān zhāng wàn jù	9036	an-ang,ian-iang,z-zh,j-q-x	1
千端万绪	qiān duān wàn xù	9037	an-ang,ian-iang,uan-uang,j-q-x	1
千红万紫	qiān hóng wàn zǐ	9038	an-ang,ian-iang,z-zh,h-f,j-q-x	1
千绪万端	qiān xù wàn duān	9039	an-ang,ian-iang,uan-uang,j-q-x	1
千虑一得	qiān lǜ yī dé	9040	ian-iang,n-l,r-l,j-q-x	1
千言万说	qiān yán wàn shuō	9042	an-ang,ian-iang,ua-uo,s-sh,j-q-x	1
千语万言	qiān yǔ wàn yán	9043	an-ang,ian-iang,j-q-x	1
千载一会	qiān zǎi yī huì	9044	ian-iang,ai-ei,z-zh,h-f,j-q-x	1
千载一合	qiān zài yī hé	9045	ian-iang,ai-ei,z-zh,h-f,j-q-x	1
千载一圣	qiān zǎi yī shèng	9046	en-eng,ian-iang,ai-ei,z-zh,s-sh,j-q-x	1
千载一弹	qiān zǎi yī dàn	9047	an-ang,ian-iang,ai-ei,z-zh,j-q-x	1
千载一日	qiān zǎi yī rì	9048	ian-iang,ai-ei,z-zh,r-l,j-q-x	1
千载一时	qiān zǎi yī shí	9049	ian-iang,ai-ei,z-zh,s-sh,j-q-x	1
千载一逢	qiān zǎi yī féng	9050	en-eng,ian-iang,ai-ei,z-zh,h-f,j-q-x	1
千载一遇	qiān zǎi yī yù	9051	ian-iang,ai-ei,z-zh,j-q-x	1
千载奇遇	qiān zǎi qí yù	9052	ian-iang,ai-ei,z-zh,j-q-x	1
千载难遇	qiān zǎi nán yù	9054	an-ang,ian-iang,ai-ei,z-zh,n-l,j-q-x	1
千里一曲	qiān lǐ yī qǔ	9056	ian-iang,n-l,r-l,j-q-x	1
千里之任	qiān lǐ zhī rèn	9057	en-eng,ian-iang,z-zh,n-l,r-l,j-q-x	1
千里同风	qiān lǐ tóng fēng	9058	en-eng,ian-iang,n-l,h-f,r-l,j-q-x	1
千里结言	qiān lǐ jié yán	9059	an-ang,ian-iang,ia-ie,n-l,r-l,j-q-x	1
千里骏骨	qiān lǐ jùn gǔ	9060	ian-iang,n-l,r-l,j-q-x	1
千金之家	qiān jīn zhī jiā	9061	in-ing,ian-iang,ia-ie,z-zh,j-q-x	1
千金市骨	qiān jīn shì gǔ	9062	in-ing,ian-iang,s-sh,j-q-x	1
千钧重负	qiān jūn zhòng fù	9064	ian-iang,z-zh,h-f,j-q-x	1
千门万户	qiān mén wàn hù	9065	en-eng,an-ang,ian-iang,h-f,j-q-x	1
千难万苦	qiān nán wàn kǔ	9067	an-ang,ian-iang,n-l,j-q-x	1
千难万难	qiān nán wàn nán	9069	an-ang,ian-iang,n-l,j-q-x	1
千龄万代	qiān líng wàn dài	9070	in-ing,an-ang,ian-iang,ai-ei,n-l,r-l,j-q-x	1
升官发财	shēng guān fā cái	9077	en-eng,uan-uang,ai-ei,c-ch,s-sh,h-f	1
升山采珠	shēng shān cǎi zhū	9078	en-eng,an-ang,ai-ei,z-zh,c-ch,s-sh	1
半三不四	bàn sān bù sì	9088	an-ang,s-sh	1
半上半下	bàn shàng bàn xià	9089	an-ang,ia-ie,s-sh,j-q-x	1
半上落下	bàn shàng luò xià	9090	an-ang,ia-ie,ua-uo,s-sh,n-l,r-l,j-q-x	1
半低不高	bàn dī bù gāo	9095	an-ang,ao-ou	1
半信不信	bàn xìn bù xìn	9096	in-ing,an-ang,j-q-x	1
半吐半露	bàn tǔ bàn lù	9100	an-ang,n-l,r-l	1
半吞半吐	bàn tūn bàn tǔ	9101	an-ang	1
半懂不懂	bàn dǒng bù dǒng	9109	an-ang	1
半文不白	bàn wén bù bái	9113	en-eng,an-ang,ai-ei	1
半机械化	bàn jī xiè huà	9116	an-ang,ia-ie,ua-uo,h-f,j-q-x	1
半涂而罢	bàn tú ér bà	9119	an-ang	1
半疑半信	bàn yí bàn xìn	9122	in-ing,an-ang,j-q-x	1
半痴不颠	bàn chī bù diān	9123	an-ang,ian-iang,c-ch	1
半真半假	bàn zhēn bàn jiǎ	9124	en-eng,an-ang,ia-ie,z-zh,j-q-x	1
半筹不纳	bàn chóu bù nà	9128	an-ang,ao-ou,c-ch,n-l	1
半筹莫展	bàn chóu mò zhǎn	9129	an-ang,ao-ou,z-zh,c-ch	1
半解一知	bàn jiě yī zhī	9131	an-ang,ia-ie,z-zh,j-q-x	1
半路修行	bàn lù xiū xíng	9132	in-ing,an-ang,n-l,r-l,j-q-x	1
半部论语	bàn bù lún yǔ	9136	an-ang,n-l,r-l	1
半间不界	bàn jiān bù jiè	9138	an-ang,ian-iang,ia-ie,j-q-x	1
半间半界	bàn jiān bàn jiè	9139	an-ang,ian-iang,ia-ie,j-q-x	1
半面不忘	bàn miàn bù wàng	9140	an-ang,ian-iang	1
华不再扬	huá bù zài yáng	9141	an-ang,ai-ei,ua-uo,z-zh,h-f	1
华亭鹤唳	huà tíng hè lì	9147	in-ing,ua-uo,n-l,h-f,r-l	3
华冠丽服	huá guān lì fú	9151	uan-uang,ua-uo,n-l,h-f,r-l	1
华北平原	huá běi píng yuán	9153	in-ing,uan-uang,ai-ei,ua-uo,h-f	1
华封三祝	huá fēng sān zhù	9158	en-eng,an-ang,ua-uo,z-zh,s-sh,h-f	1
华屋丘墟	huá wū qiū xū	9161	ua-uo,h-f,j-q-x	1
华屋山丘	huá wū shān qiū	9162	an-ang,ua-uo,s-sh,h-f,j-q-x	1
华屋秋墟	huá wū qiū xū	9163	ua-uo,h-f,j-q-x	1
华星秋月	huá xīng qiū yuè	9170	in-ing,ua-uo,h-f,j-q-x	1
协力同心	xié lì tóng xīn	9193	in-ing,ia-ie,n-l,r-l,j-q-x	1
协力齐心	xié lì qí xīn	9194	in-ing,ia-ie,n-l,r-l,j-q-x	1
协心同力	xié xīn tóng lì	9199	in-ing,ia-ie,n-l,r-l,j-q-x	1
协私罔上	xié sī wǎng shàng	9202	an-ang,ia-ie,s-sh,j-q-x	3
卑不足道	bēi bù zú dào	9206	ai-ei,ao-ou,z-zh	1
卑宫菲食	bēi gōng fěi shí	9209	ai-ei,s-sh,h-f	1
卑谄足恭	bēi chǎn zú gōng	9210	an-ang,ai-ei,z-zh,c-ch	3
卑身屈体	bēi shēn qū tǐ	9211	en-eng,ai-ei,s-sh,j-q-x	1
卑身贱体	bēi shēn jiàn tǐ	9212	en-eng,ian-iang,ai-ei,s-sh,j-q-x	1
卑躬屈节	bēi gōng qū jié	9213	ai-ei,ia-ie,j-q-x	1
卑辞重币	bēi cí zhòng bì	9214	ai-ei,z-zh,c-ch	1
卓乎不群	zhuó hū bù qún	9220	ua-uo,z-zh,h-f,j-q-x	1
卓尔独行	zhuó ěr dú xíng	9222	in-ing,ua-uo,z-zh,j-q-x	1
卓然不群	zhuó rán bù qún	9225	an-ang,ua-uo,z-zh,r-l,j-q-x	1
卓荦不羁	zhuó luò bù jī	9226	ua-uo,z-zh,n-l,r-l,j-q-x	3
单丝不线	dān sī bù xiàn	9232	an-ang,ian-iang,s-sh,j-q-x	1
单人独马	dān rén dú mǎ	9237	en-eng,an-ang,r-l	1
单兵孤城	dān bīng gū chéng	9247	en-eng,in-ing,an-ang,c-ch	1
单刀宜入	dān dāo yí rù	9249	an-ang,ao-ou,r-l	1
单刀赴会	dān dāo fù huì	9251	an-ang,ao-ou,h-f	1
单孑独立	dān jié dú lì	9265	an-ang,ia-ie,n-l,r-l,j-q-x	3
单忧极瘁	dān yōu jí cuì	9277	an-ang,ao-ou,c-ch,j-q-x	3
单文孤证	dān wén gū zhèng	9284	en-eng,an-ang,z-zh	1
单枪独马	dān qiāng dú mǎ	9293	an-ang,ian-iang,j-q-x	1
单见浅闻	dān jiàn qiǎn wén	9315	en-eng,an-ang,ian-iang,j-q-x	1
单门独户	dān mén dú hù	9324	en-eng,an-ang,h-f	1
单鹄寡凫	dān hú guǎ fú	9328	an-ang,ua-uo,h-f	3
卖乖弄俏	mài guāi nòng qiào	9329	ai-ei,n-l,j-q-x	1
卖俏行奸	mài qiào xíng jiān	9332	in-ing,ian-iang,ai-ei,j-q-x	1
卖俏迎奸	mài qiào yíng jiān	9333	in-ing,ian-iang,ai-ei,j-q-x	1
卖儿鬻女	mài ér yù nǚ	9334	ai-ei,n-l	3
卖头卖脚	mài tóu mài jiǎo	9338	ai-ei,ao-ou,j-q-x	1
卖妻鬻子	mài qī yù zǐ	9340	ai-ei,z-zh,j-q-x	3
卖富差贫	mài fù chà pín	9341	in-ing,ai-ei,c-ch,h-f	1
卖履分香	mài lǚ fēn xiāng	9342	en-eng,ian-iang,ai-ei,n-l,h-f,r-l,j-q-x	1
卖文为生	mài wén wéi shēng	9344	en-eng,ai-ei,s-sh	1
卖李钻核	mài lǐ zuān hé	9346	uan-uang,ai-ei,z-zh,n-l,h-f,r-l	1
卖狗悬羊	mài gǒu xuán yáng	9347	an-ang,uan-uang,ai-ei,ao-ou,j-q-x	1
卖男鬻女	mài nán yù nǚ	9349	an-ang,ai-ei,n-l	3
卖空买空	mài kōng mǎi kōng	9352	ai-ei	1
卖笑追欢	mài xiào zhuī huān	9353	uan-uang,ai-ei,z-zh,h-f,j-q-x	1
南冠楚囚	nán guān chǔ qiú	9361	an-ang,uan-uang,c-ch,n-l,j-q-x	1
南南合作	nán nán hé zuò	9367	an-ang,ua-uo,z-zh,n-l,h-f	1
南去北来	nán qù běi lái	9368	an-ang,ai-ei,n-l,r-l,j-q-x	1
南山可移	nán shān kě yí	9379	an-ang,s-sh,n-l	1
南山铁案	nán shān tiě àn	9380	an-ang,ia-ie,s-sh,n-l	1
南州冠冕	nán zhōu guān miǎn	9384	an-ang,ian-iang,uan-uang,ao-ou,z-zh,n-l	3
南征北伐	nán zhēng běi fá	9388	en-eng,an-ang,ai-ei,z-zh,n-l,h-f	1
南征北讨	nán zhēng běi tǎo	9390	en-eng,an-ang,ai-ei,ao-ou,z-zh,n-l	1
南户窥郎	nán hù kuī láng	9392	an-ang,n-l,h-f,r-l	1
南枝北枝	nán zhī běi zhī	9401	an-ang,ai-ei,z-zh,n-l	1
南棹北辕	nán zhào běi yuán	9404	an-ang,uan-uang,ai-ei,ao-ou,z-zh,n-l	3
南橘北枳	nán jú běi zhǐ	9405	an-ang,ai-ei,z-zh,n-l,j-q-x	3
南沙群岛	nán shā qún dǎo	9409	an-ang,ao-ou,s-sh,n-l,j-q-x	1
南箕北斗	nán jī běi dǒu	9421	an-ang,ai-ei,ao-ou,n-l,j-q-x	1
南舣北驾	nán yǐ běi jià	9427	an-ang,ai-ei,ia-ie,n-l,j-q-x	5
南航北骑	nán háng běi qí	9428	an-ang,ai-ei,n-l,h-f,j-q-x	1
南船北车	nán chuán běi chē	9429	an-ang,uan-uang,ai-ei,c-ch,n-l	1
南贩北贾	nán fàn běi gǔ	9435	an-ang,ai-ei,n-l,h-f	1
南郭先生	nán guō xiān shēng	9443	en-eng,an-ang,ian-iang,ua-uo,s-sh,n-l,j-q-x	1
南郭处士	nán guō chǔ shì	9444	an-ang,ua-uo,c-ch,s-sh,n-l	1
南金东箭	nán jīn dōng jiàn	9445	in-ing,an-ang,ian-iang,n-l,j-q-x	1
南阮北阮	nán ruǎn běi ruǎn	9447	an-ang,uan-uang,ai-ei,n-l,r-l	3
南面百城	nán miàn bǎi chéng	9452	en-eng,an-ang,ian-iang,ai-ei,c-ch,n-l	1
南面称孤	nán miàn chēng gū	9453	en-eng,an-ang,ian-iang,c-ch,n-l	1
南风不竞	nán fēng bù jìng	9456	en-eng,in-ing,an-ang,n-l,h-f,j-q-x	1
南鹞北鹰	nán yào běi yīng	9457	in-ing,an-ang,ai-ei,ao-ou,n-l	3
博文约礼	bó wén yuē lǐ	9465	en-eng,n-l,r-l	1
博施济众	bó shī jì zhòng	9466	z-zh,s-sh,j-q-x	1
博物学家	bó wù xué jiā	9467	ia-ie,j-q-x	1
博硕肥腯	bó shuò féi tú	9468	ai-ei,ua-uo,s-sh,h-f	5
博而不精	bó ér bù jīng	9469	in-ing,j-q-x	1
博而寡要	bó ér guǎ yào	9470	ao-ou,ua-uo	1
博茨瓦纳	bó cí wǎ nà	9471	c-ch,n-l	3
博览五车	bó lǎn wǔ chē	9472	an-ang,c-ch,n-l,r-l	1
博识多通	bó shí duō tōng	9475	ua-uo,s-sh	1
博识洽闻	bó shí qià wén	9476	en-eng,ia-ie,s-sh,j-q-x	1
博采众议	bó cǎi zhòng yì	9478	ai-ei,z-zh,c-ch	1
博闻多识	bó wén duō shí	9480	en-eng,ua-uo,s-sh	1
博闻强志	bó wén qiáng zhì	9481	en-eng,ian-iang,z-zh,j-q-x	1
博闻强识	bó wén qiáng zhì	9483	en-eng,ian-iang,z-zh,j-q-x	1
卜夜卜昼	bǔ yè bǔ zhòu	9485	ao-ou,z-zh	1
卜昼卜夜	bǔ zhòu bǔ yè	9487	ao-ou,z-zh	1
占风使帆	zhān fēng shǐ fān	9516	en-eng,an-ang,z-zh,s-sh,h-f	1
占风望气	zhān fēng wàng qì	9517	en-eng,an-ang,z-zh,h-f,j-q-x	1
卤莽灭裂	lǔ mǎng miè liè	9539	an-ang,ia-ie,n-l,r-l	1
卧不安席	wò bù ān xí	9541	an-ang,j-q-x	1
卧床不起	wò chuáng bù qǐ	9544	uan-uang,c-ch,j-q-x	1
卧虎藏龙	wò hǔ cáng lóng	9546	an-ang,c-ch,n-l,h-f,r-l	1
卬头阔步	áng tóu kuò bù	9557	an-ang,ao-ou,ua-uo	5
卬首信眉	áng shǒu shēn méi	9558	en-eng,an-ang,ai-ei,ao-ou,s-sh	5
印累绶若	yìn léi shòu ruò	9578	in-ing,ai-ei,ao-ou,ua-uo,s-sh,n-l,r-l	3
危于累卵	wēi yú lěi luǎn	9582	uan-uang,ai-ei,n-l,r-l	1
危如朝露	wēi rú zhāo lù	9586	ai-ei,ao-ou,z-zh,n-l,r-l	1
危急存亡	wēi jí cún wáng	9588	an-ang,ai-ei,c-ch,j-q-x	1
危机四伏	wēi jī sì fú	9591	ai-ei,s-sh,h-f,j-q-x	1
危机重重	wēi jī chóng chóng	9592	ai-ei,c-ch,j-q-x	1
危而不持	wēi ér bù chí	9593	ai-ei,c-ch	1
危若朝露	wēi ruò zhāo lù	9594	ai-ei,ao-ou,ua-uo,z-zh,n-l,r-l	1
危言危行	wēi yán wēi xíng	9596	in-ing,an-ang,ai-ei,j-q-x	1
危言核论	wēi yán hé lùn	9597	an-ang,ai-ei,n-l,h-f,r-l	1
危言正色	wēi yán zhèng sè	9598	en-eng,an-ang,ai-ei,z-zh,s-sh	1
危言竦论	wēi yán sǒng lùn	9599	an-ang,ai-ei,s-sh,n-l,r-l	3
危言高论	wēi yán gāo lùn	9601	an-ang,ai-ei,ao-ou,n-l,r-l	1
危迫利诱	wēi pò lì yòu	9602	ai-ei,ao-ou,n-l,r-l	1
即兴之作	jí xìng zhī zuò	9608	in-ing,ua-uo,z-zh,j-q-x	1
即小见大	jí xiǎo jiàn dà	9610	ian-iang,j-q-x	1
却老还童	què lǎo huán tóng	9617	uan-uang,ao-ou,n-l,h-f,r-l,j-q-x	1
却行求前	què xíng qiú qián	9618	in-ing,ian-iang,j-q-x	1
卵与石斗	luǎn yǔ shí dòu	9620	uan-uang,ao-ou,s-sh,n-l,r-l	1
卵石不敌	luǎn shí bù dí	9623	uan-uang,s-sh,n-l,r-l	1
卷席而居	juàn xí ér jū	9638	uan-uang,j-q-x	1
卷席而葬	juǎn xí ér zàng	9639	an-ang,uan-uang,z-zh,j-q-x	1
卷旗息鼓	juǎn qí xī gǔ	9643	uan-uang,j-q-x	1
卷甲倍道	juǎn jiǎ bèi dào	9647	uan-uang,ai-ei,ao-ou,ia-ie,j-q-x	1
卷甲束兵	juǎn jiǎ shù bīng	9648	in-ing,uan-uang,ia-ie,s-sh,j-q-x	1
卷甲衔枚	juǎn jiǎ xián méi	9649	ian-iang,uan-uang,ai-ei,ia-ie,j-q-x	1
卷甲韬戈	juǎn jiǎ tāo gē	9650	uan-uang,ao-ou,ia-ie,j-q-x	3
卷舌元音	juǎn shé yuán yīn	9656	in-ing,uan-uang,s-sh,j-q-x	1
历世摩钝	lì shì mó dùn	9682	s-sh,n-l,r-l	1
历世磨钝	lì shì mó dùn	9683	s-sh,n-l,r-l	1
历久弥坚	lì jiǔ mí jiān	9684	ian-iang,n-l,r-l,j-q-x	1
历历可数	lì lì kě shǔ	9686	s-sh,n-l,r-l	1
历历可考	lì lì kě kǎo	9687	ao-ou,n-l,r-l	1
历历可见	lì lì kě jiàn	9688	ian-iang,n-l,r-l,j-q-x	1
历历可辨	lì lì kě biàn	9689	ian-iang,n-l,r-l	1
历历落落	lì lì luò luò	9690	ua-uo,n-l,r-l	1
历史小说	lì shǐ xiǎo shuō	9691	ua-uo,s-sh,n-l,r-l,j-q-x	1
历精为治	lì jīng wéi zhì	9695	in-ing,ai-ei,z-zh,n-l,r-l,j-q-x	1
历精更始	lì jīng gèng shǐ	9696	en-eng,in-ing,s-sh,n-l,r-l,j-q-x	1
厉世摩钝	lì shì mó dùn	9697	s-sh,n-l,r-l	1
厉精更始	lì jīng gēng shǐ	9698	en-eng,in-ing,s-sh,n-l,r-l,j-q-x	1
厉行节约	lì xíng jié yuē	9700	in-ing,ia-ie,n-l,r-l,j-q-x	1
压倒元白	yā dǎo yuán bái	9705	uan-uang,ai-ei,ao-ou	1
压卷之作	yā juàn zhī zuò	9712	uan-uang,ua-uo,z-zh,j-q-x	1
压寨夫人	yā zhài fū rén	9719	en-eng,ai-ei,z-zh,h-f,r-l	1
压肩叠背	yā jiān dié bèi	9742	ian-iang,ai-ei,ia-ie,j-q-x	1
压肩迭背	yā jiān dié bèi	9743	ian-iang,ai-ei,ia-ie,j-q-x	1
压良为贱	yā liáng wéi jiàn	9746	ian-iang,ai-ei,n-l,r-l,j-q-x	1
压雪求油	yā xuě qiú yóu	9756	ao-ou,j-q-x	1
厌难折冲	yàn nán zhé chōng	9760	an-ang,z-zh,c-ch,n-l	1
厕足其间	cè zú qí jiān	9761	ian-iang,z-zh,c-ch,j-q-x	1
厕身其间	cè shēn qí jiān	9762	en-eng,ian-iang,c-ch,s-sh,j-q-x	1
厚今薄古	hòu jīn bó gǔ	9764	in-ing,ao-ou,h-f,j-q-x	1
厚味腊毒	hòu wèi xī dú	9766	ai-ei,ao-ou,h-f,j-q-x	1
厚往薄来	hòu wǎng báo lái	9768	an-ang,ai-ei,ao-ou,n-l,h-f,r-l	1
厚德载物	hòu dé zài wù	9770	ai-ei,ao-ou,z-zh,h-f	1
厚德载福	hòu dé zǎi fú	9771	ai-ei,ao-ou,z-zh,h-f	1
厝火燎原	cuò huǒ liǎo yuán	9778	uan-uang,ua-uo,c-ch,n-l,h-f,r-l	3
原原委委	yuán yuán wěi wěi	9783	uan-uang,ai-ei	1
原始要终	yuán shǐ yào zhōng	9790	uan-uang,ao-ou,z-zh,s-sh	1
原始见终	yuán shǐ jiàn zhōng	9791	ian-iang,uan-uang,z-zh,s-sh,j-q-x	1
原形败露	yuán xíng bài lù	9799	in-ing,uan-uang,ai-ei,n-l,r-l,j-q-x	1
去住两难	qù zhù liǎng nán	9811	an-ang,ian-iang,z-zh,n-l,r-l,j-q-x	1
去天尺五	qù tiān chǐ wǔ	9813	ian-iang,c-ch,j-q-x	1
去太去甚	qù tài qù shèn	9814	en-eng,ai-ei,s-sh,j-q-x	1
去就之分	qù jiù zhī fēn	9815	en-eng,z-zh,h-f,j-q-x	1
去本趋末	qù běn qū mò	9816	en-eng,j-q-x	1
去泰去甚	qù tài qù shèn	9817	en-eng,ai-ei,s-sh,j-q-x	1
去甚去泰	qù shèn qù tài	9818	en-eng,ai-ei,s-sh,j-q-x	1
去邪归正	qù xié guī zhèng	9821	en-eng,ia-ie,z-zh,j-q-x	1
去食存信	qù shí cún xìn	9822	in-ing,c-ch,s-sh,j-q-x	1
参伍错纵	cān wǔ cuò zòng	9838	an-ang,ua-uo,z-zh,c-ch	1
参伍错综	cēn wǔ cuò zōng	9839	en-eng,ua-uo,z-zh,c-ch	1
参前倚衡	cān qián yǐ héng	9841	en-eng,an-ang,ian-iang,c-ch,h-f,j-q-x	1
参商之虞	shēn shāng zhī yú	9847	en-eng,an-ang,z-zh,s-sh	3
参回斗转	shēn huí dǒu zhuǎn	9848	en-eng,uan-uang,ao-ou,z-zh,s-sh,h-f	1
参天两地	cān tiān liǎng dì	9850	an-ang,ian-iang,c-ch,n-l,r-l	1
参天贰地	cān tiān èr dì	9851	an-ang,ian-iang,c-ch	1
参差不一	cēn cī bù yī	9854	en-eng,c-ch	1
参差错落	cēn cī cuò luò	9856	en-eng,ua-uo,c-ch,n-l,r-l	1
参政议政	cān zhèng yì zhèng	9864	en-eng,an-ang,z-zh,c-ch	1
参横斗转	shēn héng dǒu zhuǎn	9869	en-eng,uan-uang,ao-ou,z-zh,s-sh,h-f	1
参辰卯酉	shēn chén mǎo yǒu	9895	en-eng,ao-ou,c-ch,s-sh	1
参辰日月	shēn chén rì yuè	9896	en-eng,c-ch,s-sh,r-l	1
参透机关	cān tòu jī guān	9899	an-ang,uan-uang,ao-ou,c-ch,j-q-x	1
又作别论	yòu zuò bié lùn	9905	ao-ou,ia-ie,ua-uo,z-zh,n-l,r-l	1
又吐又泻	yòu tù yòu xiè	9906	ao-ou,ia-ie,j-q-x	1
又弱一个	yòu ruò yī gè	9907	ao-ou,ua-uo,r-l	1
又当别论	yòu dāng bié lùn	9908	an-ang,ao-ou,ia-ie,n-l,r-l	1
又细又长	yòu xì yòu cháng	9910	an-ang,ao-ou,c-ch,j-q-x	1
叉开双腿	chǎ kāi shuāng tuǐ	9914	uan-uang,ai-ei,c-ch,s-sh	1
及宾有鱼	jí bīn yǒu yú	9920	in-ing,ao-ou,j-q-x	1
及时行乐	jí shí xíng lè	9921	in-ing,s-sh,n-l,r-l,j-q-x	1
及溺呼船	jí nì hū chuán	9923	uan-uang,c-ch,n-l,h-f,j-q-x	1
及笄年华	jí jī nián huá	9924	ian-iang,ua-uo,n-l,h-f,j-q-x	3
友风子雨	yǒu fēng zǐ yǔ	9927	en-eng,ao-ou,z-zh,h-f	1
双宿双飞	shuāng sù shuāng fēi	9932	uan-uang,ai-ei,s-sh,h-f	1
双柑斗酒	shuāng gān dǒu jiǔ	9939	an-ang,uan-uang,ao-ou,s-sh,j-q-x	1
双栖双宿	shuāng qī shuāng sù	9941	uan-uang,s-sh,j-q-x	1
双足重茧	shuāng zú chóng jiǎn	9945	ian-iang,uan-uang,z-zh,c-ch,s-sh,j-q-x	1
反动分子	fǎn dòng fèn zi	9958	en-eng,an-ang,z-zh,h-f	1
反劳为逸	fǎn láo wéi yì	9959	an-ang,ai-ei,ao-ou,n-l,h-f,r-l	1
反听内视	fǎn tīng nèi shì	9961	in-ing,an-ang,ai-ei,s-sh,n-l,h-f	1
反唇相稽	fǎn chún xiāng jī	9962	an-ang,ian-iang,c-ch,h-f,j-q-x	1
反射定律	fǎn shè dìng lǜ	9968	in-ing,an-ang,s-sh,n-l,h-f,r-l	1
反应两极	fǎn yìng liǎng jí	9972	in-ing,an-ang,ian-iang,n-l,h-f,r-l,j-q-x	1
反应过度	fǎn yìng guò dù	9976	in-ing,an-ang,ua-uo,h-f	1
反应过渡	fǎn yìng guò dù	9977	in-ing,an-ang,ua-uo,h-f	1
反戈相向	fǎn gē xiāng xiàng	9980	an-ang,ian-iang,h-f,j-q-x	1
反战分子	fǎn zhàn fèn zi	9981	en-eng,an-ang,z-zh,h-f	1
反手可得	fǎn shǒu kě dé	9982	an-ang,ao-ou,s-sh,h-f	1
反朴归真	fǎn pǔ guī zhēn	9987	en-eng,an-ang,z-zh,h-f	1
反朴还淳	fǎn pǔ huán chún	9988	an-ang,uan-uang,c-ch,h-f	1
反正拨乱	fǎn zhèng bō luàn	9990	en-eng,an-ang,uan-uang,z-zh,n-l,h-f,r-l	1
反正还淳	fǎn zhèng huán chún	9991	en-eng,an-ang,uan-uang,z-zh,c-ch,h-f	1
反水不收	fǎn shuǐ bù shōu	9993	an-ang,ao-ou,s-sh,h-f	1
反治其身	fǎn zhì qí shēn	9994	en-eng,an-ang,z-zh,s-sh,h-f,j-q-x	1
反眼不识	fǎn yǎn bù shí	9997	an-ang,s-sh,h-f	1
反经合义	fǎn jīng hé yì	9998	in-ing,an-ang,h-f,j-q-x	1
反经合道	fǎn jīng hé dào	9999	in-ing,an-ang,ao-ou,h-f,j-q-x	1
反经行权	fǎn jīng xíng quán	10000	in-ing,an-ang,uan-uang,h-f,j-q-x	1
反老还童	fǎn lǎo huán tóng	10001	an-ang,uan-uang,ao-ou,n-l,h-f,r-l	1
反躬自省	fǎn gōng zì xǐng	10007	in-ing,an-ang,z-zh,h-f,j-q-x	1
反间之计	fǎn jiàn zhī jì	10011	an-ang,ian-iang,z-zh,h-f,j-q-x	1
反面教员	fǎn miàn jiào yuán	10014	an-ang,ian-iang,uan-uang,h-f,j-q-x	1
反风灭火	fǎn fēng miè huǒ	10015	en-eng,an-ang,ia-ie,ua-uo,h-f	1
发上冲冠	fà shàng chōng guān	10017	an-ang,uan-uang,c-ch,s-sh,h-f	1
发上指冠	fà shàng zhǐ guān	10018	an-ang,uan-uang,z-zh,s-sh,h-f	1
发凡起例	fā fán qǐ lì	10035	an-ang,n-l,h-f,r-l,j-q-x	1
发奋图强	fā fèn tú qiáng	10061	en-eng,ian-iang,h-f,j-q-x	1
发奸擿伏	fā jiān tī fú	10064	ian-iang,h-f,j-q-x	5
发宪布令	fā xiàn bù lìng	10067	in-ing,ian-iang,n-l,h-f,r-l,j-q-x	1
发屋求狸	fā wū qiú lí	10074	n-l,h-f,r-l,j-q-x	1
发展速度	fā zhǎn sù dù	10078	an-ang,z-zh,s-sh,h-f	1
发引千钧	fà yǐn qiān jūn	10085	in-ing,ian-iang,h-f,j-q-x	1
发怒冲冠	fà nù chōng guān	10087	uan-uang,c-ch,n-l,h-f	1
发怒穿冠	fà nù chuān guān	10088	uan-uang,c-ch,n-l,h-f	1
发愤忘食	fā fèn wàng shí	10097	en-eng,an-ang,s-sh,h-f	1
发扬踔厉	fā yáng chuō lì	10105	an-ang,ua-uo,c-ch,n-l,h-f,r-l	3
发扬蹈厉	fā yáng dǎo lì	10106	an-ang,ao-ou,n-l,h-f,r-l	1
发指眦裂	fà zhǐ zì liè	10111	ia-ie,z-zh,n-l,h-f,r-l	3
发政施仁	fā zhèng shī rén	10116	en-eng,z-zh,s-sh,h-f,r-l	1
发棠之请	fā táng zhī qǐng	10130	in-ing,an-ang,z-zh,h-f,j-q-x	1
发植穿冠	fà zhí chuān guān	10131	uan-uang,z-zh,c-ch,h-f	1
发短心长	fà duǎn xīn cháng	10175	in-ing,an-ang,uan-uang,c-ch,h-f,j-q-x	1
发硎新试	fā xíng xīn shì	10176	in-ing,s-sh,h-f,j-q-x	3
发秃齿豁	fà tū chǐ huò	10183	ua-uo,c-ch,h-f	1
发科打诨	fā kē dǎ hùn	10184	h-f	3
发策决科	fā cè jué kē	10190	c-ch,h-f,j-q-x	1
发纵指使	fā zòng zhǐ shǐ	10196	z-zh,s-sh,h-f	1
发纵指示	fā zòng zhǐ shì	10197	z-zh,s-sh,h-f	1
发综指示	fā zōng zhǐ shì	10199	z-zh,s-sh,h-f	1
发聋振聩	fā lóng zhèn kuì	10202	en-eng,z-zh,n-l,h-f,r-l	3
发蒙振聩	fā méng zhèn kuì	10217	en-eng,z-zh,h-f	3
发蒙振落	fā méng zhèn luò	10218	en-eng,ua-uo,z-zh,n-l,h-f,r-l	1
发蒙解惑	fā méng jiě huò	10219	en-eng,ia-ie,ua-uo,h-f,j-q-x	1
发蒙解缚	fā méng jiě fù	10220	en-eng,ia-ie,h-f,j-q-x	1
发言盈庭	fā yán yíng tíng	10233	in-ing,an-ang,h-f	1
发财致富	fā cái zhì fù	10238	ai-ei,z-zh,c-ch,h-f	1
发踊冲冠	fà yǒng chōng guān	10243	uan-uang,c-ch,h-f	1
发踪指使	fā zōng zhǐ shǐ	10244	z-zh,s-sh,h-f	1
发踪指示	fā zōng zhǐ shì	10245	z-zh,s-sh,h-f	1
发隐擿伏	fā yǐn tī fú	10265	in-ing,h-f	5
发音器官	fā yīn qì guān	10272	in-ing,uan-uang,h-f,j-q-x	1
叔度陂湖	shū dù bēi hú	10285	ai-ei,s-sh,h-f	3
取之不尽	qǔ zhī bù jìn	10287	in-ing,z-zh,j-q-x	1
取乱侮亡	qǔ luàn wǔ wáng	10289	an-ang,uan-uang,n-l,r-l,j-q-x	1
取乱存亡	qǔ luàn cún wáng	10290	an-ang,uan-uang,c-ch,n-l,r-l,j-q-x	1
取予有节	qǔ yǔ yǒu jié	10291	ao-ou,ia-ie,j-q-x	1
取信于人	qǔ xìn yú rén	10293	en-eng,in-ing,r-l,j-q-x	1
取巧图便	qǔ qiǎo tú biàn	10295	ian-iang,j-q-x	1
取诸宫中	qǔ zhū gōng zhōng	10302	z-zh,j-q-x	1
取长弃短	qǔ cháng qì duǎn	10303	an-ang,uan-uang,c-ch,j-q-x	1
取青妃白	qǔ qīng fēi bái	10305	in-ing,ai-ei,h-f,j-q-x	1
变俗易教	biàn sú yì jiào	10326	ian-iang,s-sh,j-q-x	1
变动不居	biàn dòng bù jū	10328	ian-iang,j-q-x	1
变化不测	biàn huà bù cè	10330	ian-iang,ua-uo,c-ch,h-f	1
变化不穷	biàn huà bù qióng	10331	ian-iang,ua-uo,h-f,j-q-x	1
变化多端	biàn huà duō duān	10332	ian-iang,uan-uang,ua-uo,h-f	1
变化如神	biàn huà rú shén	10333	en-eng,ian-iang,ua-uo,s-sh,h-f,r-l	1
变化无穷	biàn huà wú qióng	10335	ian-iang,ua-uo,h-f,j-q-x	1
变化莫测	biàn huà mò cè	10336	ian-iang,ua-uo,c-ch,h-f	1
变危为安	biàn wēi wéi ān	10337	an-ang,ian-iang,ai-ei	1
变古乱常	biàn gǔ luàn cháng	10340	an-ang,ian-iang,uan-uang,c-ch,n-l,r-l	1
变幻不测	biàn huàn bù cè	10345	ian-iang,uan-uang,c-ch,h-f	1
变态反应	biàn tài fǎn yìng	10347	in-ing,an-ang,ian-iang,ai-ei,h-f	1
变生不测	biàn shēng bù cè	10351	en-eng,ian-iang,c-ch,s-sh	1
变贪厉薄	biàn tān lì bó	10357	an-ang,ian-iang,n-l,r-l	1
变风改俗	biàn fēng gǎi sú	10359	en-eng,ian-iang,ai-ei,s-sh,h-f	1
变风易俗	biàn fēng yì sú	10360	en-eng,ian-iang,s-sh,h-f	1
叠矩重规	dié jǔ chóng guī	10366	ia-ie,c-ch,j-q-x	1
口不二价	kǒu bù èr jià	10367	ao-ou,ia-ie,j-q-x	1
口不应心	kǒu bù yìng xīn	10368	in-ing,ao-ou,j-q-x	1
口不择言	kǒu bù zé yán	10369	an-ang,ao-ou,z-zh	1
口中蚤虱	kǒu zhōng zǎo shī	10370	ao-ou,z-zh,s-sh	3
口中雌黄	kǒu zhōng cí huáng	10371	uan-uang,ao-ou,z-zh,c-ch,h-f	1
口似悬河	kǒu sì xuán hé	10375	uan-uang,ao-ou,s-sh,h-f,j-q-x	1
口出不逊	kǒu chū bù xùn	10378	ao-ou,c-ch,j-q-x	1
口出大言	kǒu chū dà yán	10379	an-ang,ao-ou,c-ch	1
口口相传	kǒu kǒu xiāng chuán	10381	ian-iang,uan-uang,ao-ou,c-ch,j-q-x	1
口吐珠玑	kǒu tǔ zhū jī	10383	ao-ou,z-zh,j-q-x	3
口壅若川	kǒu yōng ruò chuān	10384	uan-uang,ao-ou,ua-uo,c-ch,r-l	3
口多食寡	kǒu duō shí guǎ	10385	ao-ou,ua-uo,s-sh	1
口尚乳臭	kǒu shàng rǔ xiù	10391	an-ang,ao-ou,s-sh,r-l,j-q-x	1
口干舌焦	kǒu gān shé jiāo	10392	an-ang,ao-ou,s-sh,j-q-x	1
口无择言	kǒu wú zé yán	10395	an-ang,ao-ou,z-zh	1
口燥唇干	kǒu zào chún gān	10401	an-ang,ao-ou,z-zh,c-ch	1
口碑载道	kǒu bēi zài dào	10402	ai-ei,ao-ou,z-zh	1
口耳并重	kǒu ěr bìng zhòng	10405	in-ing,ao-ou,z-zh	1
口耳相承	kǒu ěr xiāng chéng	10407	en-eng,ian-iang,ao-ou,c-ch,j-q-x	1
口腹之累	kǒu fù zhī lěi	10408	ai-ei,ao-ou,z-zh,n-l,h-f,r-l	1
口血未干	kǒu xuè wèi gān	10411	an-ang,ai-ei,ao-ou,j-q-x	1
口角春风	kǒu jiǎo chūn fēng	10414	en-eng,ao-ou,c-ch,h-f,j-q-x	1
口角生风	kǒu jiǎo shēng fēng	10416	en-eng,ao-ou,s-sh,h-f,j-q-x	1
口角风情	kǒu jiǎo fēng qíng	10417	en-eng,in-ing,ao-ou,h-f,j-q-x	1
口说无凭	kǒu shuō wú píng	10420	in-ing,ao-ou,ua-uo,s-sh	1
口谐辞给	kǒu xié cí gěi	10421	ai-ei,ao-ou,ia-ie,c-ch,j-q-x	1
口轻舌薄	kǒu qīng shé bó	10422	in-ing,ao-ou,s-sh,j-q-x	1
古井不波	gǔ jǐng bù bō	10426	in-ing,j-q-x	1
古典音乐	gǔ diǎn yīn yuè	10430	in-ing,ian-iang	1
古地理学	gǔ dì lǐ xué	10433	n-l,r-l,j-q-x	1
古木参天	gǔ mù cān tiān	10439	an-ang,ian-iang,c-ch	1
古细菌域	gǔ xì jùn yù	10443	j-q-x	1
古细菌界	gǔ xì jùn jiè	10444	ia-ie,j-q-x	1
古调不弹	gǔ diào bù tán	10448	an-ang	1
古调单弹	gǔ diào dān tán	10449	an-ang	1
句子成分	jù zi chéng fèn	10458	en-eng,z-zh,c-ch,h-f,j-q-x	1
句斟字酌	jù zhēn zì zhuó	10460	en-eng,ua-uo,z-zh,j-q-x	1
句栉字比	jù zhì zì bǐ	10461	z-zh,j-q-x	3
句比字栉	jù bǐ zì zhì	10462	z-zh,j-q-x	3
另一方面	lìng yì fāng miàn	10466	in-ing,an-ang,ian-iang,n-l,h-f,r-l	1
另有洞天	lìng yǒu dòng tiān	10469	in-ing,ian-iang,ao-ou,n-l,r-l	1
另眼相待	lìng yǎn xiāng dài	10470	in-ing,an-ang,ian-iang,ai-ei,n-l,r-l,j-q-x	1
另眼看戏	lìng yǎn kàn xì	10473	in-ing,an-ang,n-l,r-l,j-q-x	1
叨在知己	tāo zài zhī jǐ	10480	ai-ei,ao-ou,z-zh,j-q-x	1
叨陪末座	tāo péi mò zuò	10485	ai-ei,ao-ou,ua-uo,z-zh	1
叩心泣血	kòu xīn qì xuè	10487	in-ing,ao-ou,j-q-x	1
叩源推委	kòu yuán tuī wěi	10489	uan-uang,ai-ei,ao-ou	1
叩石垦壤	kòu shí kěn rǎng	10490	en-eng,an-ang,ao-ou,s-sh,r-l	1
只争旦夕	zhǐ zhēng dàn xī	10493	en-eng,an-ang,z-zh,j-q-x	1
只欠东风	zhǐ qiàn dōng fēng	10504	en-eng,ian-iang,z-zh,h-f,j-q-x	1
只身孤影	zhī shēn gū yǐng	10515	en-eng,in-ing,z-zh,s-sh	1
只轮不反	zhī lún bù fǎn	10516	an-ang,z-zh,n-l,h-f,r-l	1
只轮不返	zhī lún bù fǎn	10517	an-ang,z-zh,n-l,h-f,r-l	1
只轮无反	zhī lún wú fǎn	10518	an-ang,z-zh,n-l,h-f,r-l	1
只骑不反	zhī qí bù fǎn	10521	an-ang,z-zh,h-f,j-q-x	1
只鸡斗酒	zhī jī dǒu jiǔ	10522	ao-ou,z-zh,j-q-x	1
只鸡樽酒	zhī jī zūn jiǔ	10523	z-zh,j-q-x	3
只鸡絮酒	zhī jī xù jiǔ	10524	z-zh,j-q-x	1
召之即来	zhào zhī jí lái	10534	ai-ei,ao-ou,z-zh,n-l,r-l,j-q-x	1
叮叮当当	dīng dīng dāng dāng	10542	in-ing,an-ang	1
可乘之隙	kě chéng zhī xì	10549	en-eng,z-zh,c-ch,j-q-x	1
可发一噱	kě fā yī jué	10557	h-f,j-q-x	3
可心如意	kě xīn rú yì	10573	in-ing,r-l,j-q-x	1
可操左券	kě cāo zuǒ quàn	10590	uan-uang,ao-ou,ua-uo,z-zh,c-ch,j-q-x	1
可泣可歌	kě qì kě gē	10603	j-q-x	1
可见一斑	kě jiàn yī bān	10616	an-ang,ian-iang,j-q-x	1
台阁生风	tái gé shēng fēng	10662	en-eng,ai-ei,s-sh,h-f	1
叱嗟风云	chì jiē fēng yún	10671	en-eng,ia-ie,c-ch,h-f,j-q-x	3
史不绝书	shǐ bù jué shū	10672	s-sh,j-q-x	1
叶瘦花残	yè shòu huā cán	10694	an-ang,ao-ou,ua-uo,c-ch,s-sh,h-f	1
叶落知秋	yè luò zhī qiū	10702	ua-uo,z-zh,n-l,r-l,j-q-x	1
号令如山	hào lìng rú shān	10712	in-ing,an-ang,ao-ou,s-sh,n-l,h-f,r-l	1
号啕大哭	háo táo dà kū	10719	ao-ou,h-f	3
号天扣地	hào tiān kòu dì	10722	ian-iang,ao-ou,h-f	1
号寒啼饥	háo hán tí jī	10725	an-ang,ao-ou,h-f,j-q-x	1
司农仰屋	sī nóng yǎng wū	10744	an-ang,s-sh,n-l	1
司马称好	sī mǎ chēng hǎo	10752	en-eng,ao-ou,c-ch,s-sh,h-f	1
叹观止矣	tàn guān zhǐ yǐ	10755	an-ang,uan-uang,z-zh	1
叽哩咕噜	jī lǐ gū lū	10758	n-l,r-l,j-q-x	3
吁天呼地	yù tiān hū dì	10763	ian-iang,h-f	1
吃喝玩乐	chī hē wán lè	10786	an-ang,c-ch,n-l,h-f,r-l	1
吃着不尽	chī zhuó bù jìn	10804	in-ing,ua-uo,z-zh,c-ch,j-q-x	1
吃穿用度	chī chuān yòng dù	10808	uan-uang,c-ch	1
吃苦受累	chī kǔ shòu lèi	10811	ai-ei,ao-ou,c-ch,s-sh,n-l,r-l	1
吃里扒外	chī lǐ pá wài	10815	ai-ei,c-ch,n-l,r-l	1
各不相让	gè bù xiāng ràng	10820	an-ang,ian-iang,r-l,j-q-x	1
各不相谋	gè bù xiāng móu	10821	ian-iang,ao-ou,j-q-x	1
各为其主	gè wèi qí zhǔ	10824	ai-ei,z-zh,j-q-x	1
各从其志	gè cóng qí zhì	10827	z-zh,c-ch,j-q-x	1
各取所长	gè qǔ suǒ cháng	10831	an-ang,ua-uo,c-ch,s-sh,j-q-x	1
各司其事	gè sī qí shì	10833	s-sh,j-q-x	1
各安生业	gè ān shēng yè	10837	en-eng,an-ang,s-sh	1
各得其宜	gè dé qí yí	10843	j-q-x	1
各执己见	gè zhí jǐ jiàn	10846	ian-iang,z-zh,j-q-x	1
各抒所见	gè shū suǒ jiàn	10848	ian-iang,ua-uo,s-sh,j-q-x	1
各有所短	gè yǒu suǒ duǎn	10852	uan-uang,ao-ou,ua-uo,s-sh	1
各有所职	gè yǒu suǒ zhí	10853	ao-ou,ua-uo,z-zh,s-sh	1
各色人等	gè sè rén děng	10864	en-eng,s-sh,r-l	1
各色各样	gè sè gè yàng	10865	an-ang,s-sh	1
各色名样	gè sè míng yàng	10866	in-ing,an-ang,s-sh	1
各行其事	gè xíng qí shì	10867	in-ing,s-sh,j-q-x	1
各行其志	gè xíng qí zhì	10868	in-ing,z-zh,j-q-x	1
合两为一	hé liǎng wéi yī	10878	ian-iang,ai-ei,n-l,h-f,r-l	1
合从连衡	hé zòng lián héng	10883	en-eng,ian-iang,z-zh,n-l,h-f,r-l	1
合成橡胶	hé chéng xiàng jiāo	10925	en-eng,ian-iang,c-ch,h-f,j-q-x	1
合浦珠还	hé pǔ zhū huán	10942	uan-uang,z-zh,h-f	1
合浦还珠	hé pǔ huán zhū	10943	uan-uang,z-zh,h-f	1
合盘托出	hé pán tuō chū	10950	an-ang,ua-uo,c-ch,h-f	1
合眼摸象	hé yǎn mō xiàng	10952	an-ang,ian-iang,h-f,j-q-x	1
合胆同心	hé dǎn tóng xīn	10964	in-ing,an-ang,h-f,j-q-x	1
合衷共济	hé zhōng gòng jì	10969	z-zh,h-f,j-q-x	1
吉光片羽	jí guāng piàn yǔ	10988	ian-iang,uan-uang,j-q-x	1
吉光片裘	jí guāng piàn qiú	10989	ian-iang,uan-uang,j-q-x	3
吉凶未卜	jí xiōng wèi bǔ	10990	ai-ei,j-q-x	1
吊尔郎当	diào ěr láng dāng	10997	an-ang,n-l,r-l	1
吊胆提心	diào dǎn tí xīn	11002	in-ing,an-ang,j-q-x	1
同业相仇	tóng yè xiāng chóu	11011	ian-iang,ao-ou,c-ch,j-q-x	1
同仇敌慨	tóng chóu dí kǎi	11023	ai-ei,ao-ou,c-ch	1
同休共戚	tóng xiū gòng qī	11024	j-q-x	1
同休等戚	tóng xiū děng qī	11025	en-eng,j-q-x	1
同利相死	tóng lì xiāng sǐ	11035	ian-iang,s-sh,n-l,r-l,j-q-x	1
同力协契	tóng lì xié qì	11037	ia-ie,n-l,r-l,j-q-x	1
同功一体	tóng gōng yī tǐ	11038		1
同化作用	tóng huà zuò yòng	11040	ua-uo,z-zh,h-f	1
同化政策	tóng huà zhèng cè	11041	en-eng,ua-uo,z-zh,c-ch,h-f	1
同垂不朽	tóng chuí bù xiǔ	11046	c-ch,j-q-x	1
同堂兄弟	tóng táng xiōng dì	11048	an-ang,j-q-x	1
同声一辞	tóng shēng yī cí	11050	en-eng,c-ch,s-sh	1
同声共气	tóng shēng gòng qì	11051	en-eng,s-sh,j-q-x	1
同声同气	tóng shēng tóng qì	11052	en-eng,s-sh,j-q-x	1
同声相应	tóng shēng xiāng yìng	11053	en-eng,in-ing,ian-iang,s-sh,j-q-x	1
同声相求	tóng shēng xiāng qiú	11054	en-eng,ian-iang,s-sh,j-q-x	1
同声翻译	tóng shēng fān yì	11055	en-eng,an-ang,s-sh,h-f	1
同尘合污	tóng chén hé wū	11063	en-eng,c-ch,h-f	1
同工异曲	tóng gōng yì qǔ	11068	j-q-x	1
同年而校	tóng nián ér xiào	11070	ian-iang,n-l,j-q-x	1
同年而语	tóng nián ér yǔ	11071	ian-iang,n-l	1
同床共枕	tóng chuáng gòng zhěn	11073	en-eng,uan-uang,z-zh,c-ch	1
同床各梦	tóng chuáng gè mèng	11074	en-eng,uan-uang,c-ch	1
同归殊涂	tóng guī shū tú	11079	s-sh	1
同归殊途	tóng guī shū tú	11080	s-sh	1
同德一心	tóng dé yī xīn	11083	in-ing,j-q-x	1
同德协力	tóng dé xié lì	11084	ia-ie,n-l,r-l,j-q-x	1
同德同心	tóng dé tóng xīn	11085	in-ing,j-q-x	1
同心一力	tóng xīn yī lì	11087	in-ing,n-l,r-l,j-q-x	1
同心一德	tóng xīn yī dé	11088	in-ing,j-q-x	1
同心一意	tóng xīn yī yì	11089	in-ing,j-q-x	1
同心僇力	tóng xīn lù lì	11090	in-ing,n-l,r-l,j-q-x	5
同心共济	tóng xīn gòng jì	11091	in-ing,j-q-x	1
同心共胆	tóng xīn gòng dǎn	11092	in-ing,an-ang,j-q-x	1
同心协德	tóng xīn xié dé	11094	in-ing,ia-ie,j-q-x	1
同心协济	tóng xīn xié jì	11095	in-ing,ia-ie,j-q-x	1
同心叶力	tóng xīn yè lì	11096	in-ing,n-l,r-l,j-q-x	1
同心合力	tóng xīn hé lì	11097	in-ing,n-l,h-f,r-l,j-q-x	1
同心合德	tóng xīn hé dé	11098	in-ing,h-f,j-q-x	1
同心合意	tóng xīn hé yì	11099	in-ing,h-f,j-q-x	1
同心合胆	tóng xīn hé dǎn	11100	in-ing,an-ang,h-f,j-q-x	1
同心并力	tóng xīn bìng lì	11103	in-ing,n-l,r-l,j-q-x	1
同心戮力	tóng xīn lù lì	11104	in-ing,n-l,r-l,j-q-x	3
同心敌忾	tóng xīn dí kài	11105	in-ing,ai-ei,j-q-x	3
同心断金	tóng xīn duàn jīn	11106	in-ing,uan-uang,j-q-x	1
同心毕力	tóng xīn bì lì	11107	in-ing,n-l,r-l,j-q-x	1
同心竭力	tóng xīn jié lì	11108	in-ing,ia-ie,n-l,r-l,j-q-x	1
同忧相救	tóng yōu xiāng jiù	11110	ian-iang,ao-ou,j-q-x	1
同恶共济	tóng è gòng jì	11113	j-q-x	1
同恶相党	tóng è xiāng dǎng	11114	an-ang,ian-iang,j-q-x	1
同恶相助	tóng wù xiāng zhù	11115	ian-iang,z-zh,j-q-x	1
同恶相恤	tóng wù xiāng xù	11116	ian-iang,j-q-x	1
同恶相求	tóng è xiāng qiú	11117	ian-iang,j-q-x	1
同恶相济	tóng è xiāng jì	11118	ian-iang,j-q-x	1
同敝相济	tóng bì xiāng jì	11124	ian-iang,j-q-x	3
同文共规	tóng wén gòng guī	11125	en-eng	1
同文共轨	tóng wén gòng guǐ	11126	en-eng	1
同日而言	tóng rì ér yán	11130	an-ang,r-l	1
同日而论	tóng rì ér lùn	11131	n-l,r-l	1
同日而语	tóng rì ér yǔ	11132	r-l	1
同日而道	tóng rì ér dào	11133	ao-ou,r-l	1
同明相照	tóng míng xiāng zhào	11135	in-ing,ian-iang,ao-ou,z-zh,j-q-x	1
同条共贯	tóng tiáo gòng guàn	11137	uan-uang	1
同气相求	tóng qì xiāng qiú	11144	ian-iang,j-q-x	1
同气连枝	tóng qì lián zhī	11145	ian-iang,z-zh,n-l,r-l,j-q-x	1
同浴讥裸	tóng yù jī luǒ	11149	ua-uo,n-l,r-l,j-q-x	1
同源共流	tóng yuán gòng liú	11152	uan-uang,n-l,r-l	1
同源异派	tóng yuán yì pài	11153	uan-uang,ai-ei	1
同源异流	tóng yuán yì liú	11154	uan-uang,n-l,r-l	1
同然一辞	tóng rán yī cí	11155	an-ang,c-ch,r-l	1
同盘而食	tóng pán ér shí	11161	an-ang,s-sh	1
同符合契	tóng fú hé qì	11169	h-f,j-q-x	1
同等学历	tóng děng xué lì	11172	en-eng,n-l,r-l,j-q-x	1
同类相从	tóng lèi xiāng cóng	11174	ian-iang,ai-ei,c-ch,n-l,r-l,j-q-x	1
同类相妒	tóng lèi xiāng dù	11175	ian-iang,ai-ei,n-l,r-l,j-q-x	1
同类相求	tóng lèi xiāng qiú	11176	ian-iang,ai-ei,n-l,r-l,j-q-x	1
同美相妒	tóng měi xiāng dù	11178	ian-iang,ai-ei,j-q-x	1
同胞共气	tóng bāo gòng qì	11180	ao-ou,j-q-x	1
同舟共命	tóng zhōu gòng mìng	11181	in-ing,ao-ou,z-zh	1
同舟敌国	tóng zhōu dí guó	11183	ao-ou,ua-uo,z-zh	1
同舟遇风	tóng zhōu yù fēng	11184	en-eng,ao-ou,z-zh,h-f	1
同船合命	tóng chuán hé mìng	11185	in-ing,uan-uang,c-ch,h-f	1
同袍同泽	tóng páo tóng zé	11188	ao-ou,z-zh	1
同门异户	tóng mén yì hù	11199	en-eng,h-f	1
同音共律	tóng yīn gòng lǜ	11202	in-ing,n-l,r-l	1
名不符实	míng bù fú shí	11206	in-ing,s-sh,h-f	1
名不虚得	míng bù xū dé	11208	in-ing,j-q-x	1
名不虚立	míng bù xū lì	11209	in-ing,n-l,r-l,j-q-x	1
名从主人	míng cóng zhǔ rén	11212	en-eng,in-ing,z-zh,c-ch,r-l	1
名同实异	míng tóng shí yì	11222	in-ing,s-sh	1
名垂万古	míng chuí wàn gǔ	11223	in-ing,an-ang,c-ch	1
名士风流	míng shì fēng liú	11224	en-eng,in-ing,s-sh,n-l,h-f,r-l	1
名声籍甚	míng shēng jí shèn	11225	en-eng,in-ing,s-sh,j-q-x	1
名声过实	míng shēng guò shí	11226	en-eng,in-ing,ua-uo,s-sh	1
名实相副	míng shí xiāng fù	11229	in-ing,ian-iang,s-sh,h-f,j-q-x	1
名实难副	míng shí nán fù	11231	in-ing,an-ang,s-sh,n-l,h-f	1
名德重望	míng dé zhòng wàng	11237	in-ing,an-ang,z-zh	1
名我固当	míng wǒ gù dāng	11238	in-ing,an-ang	1
名正理顺	míng zhèng lǐ shùn	11242	en-eng,in-ing,z-zh,s-sh,n-l,r-l	1
名目繁多	míng mù fán duō	11246	in-ing,an-ang,ua-uo,h-f	1
名符其实	míng fú qí shí	11248	in-ing,s-sh,h-f,j-q-x	1
名过其实	míng guò qí shí	11256	in-ing,ua-uo,s-sh,j-q-x	1
名重一时	míng zhòng yī shí	11257	in-ing,z-zh,s-sh	1
名高难副	míng gāo nán fù	11258	in-ing,an-ang,ao-ou,n-l,h-f	1
后不巴店	hòu bù bā diàn	11259	ian-iang,ao-ou,h-f	1
后会无期	hòu huì wú qī	11262	ao-ou,h-f,j-q-x	1
后悔不及	hòu huǐ bù jí	11276	ao-ou,h-f,j-q-x	1
后手不接	hòu shǒu bù jiē	11279	ao-ou,ia-ie,s-sh,h-f,j-q-x	1
后福无量	hòu fú wú liàng	11289	ian-iang,ao-ou,n-l,h-f,r-l	1
后继有人	hòu jì yǒu rén	11290	en-eng,ao-ou,h-f,r-l,j-q-x	1
后车之戒	hòu chē zhī jiè	11294	ao-ou,ia-ie,z-zh,c-ch,h-f,j-q-x	1
吐丝自缚	tǔ sī zì fù	11296	z-zh,s-sh,h-f	1
吐刚茹柔	tǔ gāng rú róu	11297	an-ang,ao-ou,r-l	3
吐哺捉发	tǔ bǔ zhuō fā	11300	ua-uo,z-zh,h-f	1
吐哺握发	tǔ bǔ wò fà	11301	h-f	1
吐哺辍洗	tǔ bǔ chuò xǐ	11302	ua-uo,c-ch,j-q-x	3
吐心吐胆	tǔ xīn tǔ dǎn	11306	in-ing,an-ang,j-q-x	1
吐气扬眉	tǔ qì yáng méi	11309	an-ang,ai-ei,j-q-x	1
吐肝露胆	tǔ gān lù dǎn	11315	an-ang,n-l,r-l	1
吐胆倾心	tǔ dǎn qīng xīn	11316	in-ing,an-ang,j-q-x	1
吐露真情	tǔ lù zhēn qíng	11322	en-eng,in-ing,z-zh,n-l,r-l,j-q-x	1
吐食握发	tǔ shí wò fā	11323	s-sh,h-f	1
向上一纵	xiàng shàng yí zòng	11325	an-ang,ian-iang,z-zh,s-sh,j-q-x	1
向上一路	xiàng shàng yī lù	11326	an-ang,ian-iang,s-sh,n-l,r-l,j-q-x	1
向声背实	xiàng shēng bèi shí	11328	en-eng,ian-iang,ai-ei,s-sh,j-q-x	1
向若而叹	xiàng ruò ér tàn	11331	an-ang,ian-iang,ua-uo,r-l,j-q-x	1
向风慕义	xiàng fēng mù yì	11333	en-eng,ian-iang,h-f,j-q-x	1
吓一大跳	xià yí dà tiào	11334	ia-ie,j-q-x	1
吗玩意儿	má wán yì er	11340	an-ang	1
君子好逑	jūn zǐ hǎo qiú	11342	ao-ou,z-zh,h-f,j-q-x	3
吞刀吐火	tūn dāo tǔ huǒ	11345	ao-ou,ua-uo,h-f	1
吞符翕景	tūn fú xī jǐng	11354	in-ing,h-f,j-q-x	3
吞言咽理	tūn yán yān lǐ	11355	an-ang,n-l,r-l	1
吞风饮雨	tūn fēng yǐn yǔ	11356	en-eng,in-ing,h-f	1
吟风咏月	yín fēng yǒng yuè	11359	en-eng,in-ing,h-f	1
吠非其主	fèi fēi qí zhǔ	11361	ai-ei,z-zh,h-f,j-q-x	1
否去泰来	pǐ qù tài lái	11367	ai-ei,n-l,r-l,j-q-x	1
否往泰来	pǐ wǎng tài lái	11369	an-ang,ai-ei,n-l,r-l	1
否极泰回	pǐ jí tài huí	11370	ai-ei,h-f,j-q-x	1
否极阳回	pǐ jí yáng huí	11372	an-ang,h-f,j-q-x	1
否终则泰	pǐ zhōng zé tài	11373	ai-ei,z-zh	1
否终复泰	pǐ zhōng fù tài	11374	ai-ei,z-zh,h-f	1
吧的一声	bā de yī shēng	11380	en-eng,s-sh	1
含冤莫白	hán yuān mò bái	11381	an-ang,uan-uang,ai-ei,h-f	1
含含糊糊	hán hán hū hū	11382	an-ang,h-f	1
含商咀征	hán shāng jǔ zhēng	11383	en-eng,an-ang,z-zh,s-sh,h-f,j-q-x	3
含商咀徵	hán shāng jǔ zhēng	11384	en-eng,an-ang,z-zh,s-sh,h-f,j-q-x	3
含垢藏瑕	hán gòu cáng xiá	11385	an-ang,ao-ou,ia-ie,c-ch,h-f,j-q-x	3
含垢藏疾	hán gòu cáng jí	11386	an-ang,ao-ou,c-ch,h-f,j-q-x	1
含宫咀征	hán gōng jǔ zhēng	11387	en-eng,an-ang,z-zh,h-f,j-q-x	3
含宫咀徵	hán gōng jǔ zhēng	11388	en-eng,an-ang,z-zh,h-f,j-q-x	3
含明隐迹	hán míng yǐn jì	11390	in-ing,an-ang,h-f,j-q-x	1
含牙带角	hán yá dài jiǎo	11397	an-ang,ai-ei,h-f,j-q-x	1
含牙戴角	hán yá dài jiǎo	11398	an-ang,ai-ei,h-f,j-q-x	1
含笑入地	hán xiào rù dì	11400	an-ang,h-f,r-l,j-q-x	1
含糊不明	hán hú bù míng	11402	in-ing,an-ang,h-f	1
含糊不清	hán hú bù qīng	11403	in-ing,an-ang,h-f,j-q-x	1
含糊其辞	hán hú qí cí	11405	an-ang,c-ch,h-f,j-q-x	1
含苞待放	hán bāo dài fàng	11407	an-ang,ai-ei,ao-ou,h-f	1
含英咀华	hán yīng jǔ huá	11408	in-ing,an-ang,ua-uo,h-f,j-q-x	3
含菁咀华	hán jīng jǔ huá	11409	in-ing,an-ang,ua-uo,h-f,j-q-x	3
含蓼问疾	hán liǎo wèn jí	11410	en-eng,an-ang,n-l,h-f,r-l,j-q-x	3
含血噀人	hán xuè xùn rén	11413	en-eng,an-ang,h-f,r-l,j-q-x	5
含齿戴发	hán chǐ dài fā	11418	an-ang,ai-ei,c-ch,h-f	1
听其自流	tīng qí zì liú	11427	in-ing,z-zh,n-l,r-l,j-q-x	1
听风听水	tīng fēng tīng shuǐ	11441	en-eng,in-ing,s-sh,h-f	1
吱哩哇啦	zhī lī wā lā	11452	z-zh,n-l,r-l	1
吴下阿蒙	wú xià ā méng	11456	en-eng,ia-ie,j-q-x	1
吴头楚尾	wú tóu chǔ wěi	11459	ai-ei,ao-ou,c-ch	1
吴带当风	wú dài dāng fēng	11460	en-eng,an-ang,ai-ei,h-f	1
吴越同舟	wú yuè tóng zhōu	11463	ao-ou,z-zh	1
吵吵闹闹	chǎo chǎo nào nào	11466	ao-ou,c-ch,n-l	1
吸新吐故	xī xīn tǔ gù	11474	in-ing,j-q-x	1
吸风饮露	xī fēng yǐn lù	11480	en-eng,in-ing,n-l,h-f,r-l,j-q-x	1
吹叶嚼蕊	chuī yè jiáo ruǐ	11484	c-ch,r-l,j-q-x	1
吹弹得破	chuī tán dé pò	11488	an-ang,c-ch	1
吹弹歌舞	chuī tán gē wǔ	11489	an-ang,c-ch	1
吹毛数睫	chuī máo shù jié	11494	ao-ou,ia-ie,c-ch,s-sh,j-q-x	1
吹毛洗垢	chuī máo xǐ gòu	11495	ao-ou,c-ch,j-q-x	1
吹竹弹丝	chuī zhú tán sī	11497	an-ang,z-zh,c-ch,s-sh	1
吹箫乞食	chuī xiāo qǐ shí	11498	c-ch,s-sh,j-q-x	1
吹篪乞食	chuī chí qǐ shí	11499	c-ch,s-sh,j-q-x	3
吹糠见米	chuī kāng jiàn mǐ	11500	an-ang,ian-iang,c-ch,j-q-x	1
吹花嚼蕊	chuī huā jiáo ruǐ	11501	ua-uo,c-ch,h-f,r-l,j-q-x	1
吹角连营	chuī jiǎo lián yíng	11502	in-ing,ian-iang,c-ch,n-l,r-l,j-q-x	1
吾膝如铁	wú xī rú tiě	11512	ia-ie,r-l,j-q-x	1
吾自有处	wú zì yǒu chǔ	11513	ao-ou,z-zh,c-ch	1
吾谁与归	wú shuí yǔ guī	11514	s-sh	1
呆似木鸡	dāi sì mù jī	11517	ai-ei,s-sh,j-q-x	1
呆里撒奸	dāi lǐ sā jiān	11523	ian-iang,ai-ei,s-sh,n-l,r-l,j-q-x	1
告一段落	gào yí duàn luò	11527	uan-uang,ao-ou,ua-uo,n-l,r-l	1
告往知来	gào wǎng zhī lái	11533	an-ang,ai-ei,ao-ou,z-zh,n-l,r-l	1
告朔饩羊	gù shuò xì yáng	11534	an-ang,ua-uo,s-sh,j-q-x	3
告老在家	gào lǎo zài jiā	11538	ai-ei,ao-ou,ia-ie,z-zh,n-l,r-l,j-q-x	1
告老还家	gào lǎo huán jiā	11540	uan-uang,ao-ou,ia-ie,n-l,h-f,r-l,j-q-x	1
呕心抽肠	ǒu xīn chōu cháng	11553	in-ing,an-ang,ao-ou,c-ch,j-q-x	1
呕心滴血	ǒu xīn dī xuè	11555	in-ing,ao-ou,j-q-x	1
呕心镂骨	ǒu xīn lòu gǔ	11556	in-ing,ao-ou,n-l,r-l,j-q-x	3
呜呜咽咽	wū wū yè yè	11570		1
呢喃细语	ní nán xì yǔ	11574	an-ang,n-l,j-q-x	3
周公吐哺	zhōu gōng tǔ bǔ	11579	ao-ou,z-zh	1
周情孔思	zhōu qíng kǒng sī	11580	in-ing,ao-ou,z-zh,s-sh,j-q-x	1
周穷恤匮	zhōu qióng xù kuì	11587	ao-ou,z-zh,j-q-x	3
周而不比	zhōu ér bù bǐ	11588	ao-ou,z-zh	1
周规折矩	zhōu guī zhé jǔ	11589	ao-ou,z-zh,j-q-x	1
周郎顾曲	zhōu láng gù qǔ	11593	an-ang,ao-ou,z-zh,n-l,r-l,j-q-x	1
呱呱堕地	gū gū duò dì	11598	ua-uo	3
呱嗒板儿	guā dā bǎn ér	11602	an-ang,ua-uo	3
味如嚼蜡	wèi rú jiáo là	11605	ai-ei,n-l,r-l,j-q-x	1
味如鸡肋	wèi rú jī lèi	11606	ai-ei,n-l,r-l,j-q-x	1
呵佛骂祖	hē fó mà zǔ	11609	z-zh,h-f	1
呵壁问天	hē bì wèn tiān	11614	en-eng,ian-iang,h-f	1
呵欠连天	hē qiàn lián tiān	11618	ian-iang,n-l,h-f,r-l,j-q-x	1
呷醋节帅	xiā cù jié shuài	11621	ia-ie,c-ch,s-sh,j-q-x	3
呼不给吸	hū bù jǐ xī	11622	h-f,j-q-x	1
呼卢喝雉	hū lú hè zhì	11623	z-zh,n-l,h-f,r-l	3
呼吸之间	hū xī zhī jiān	11627	ian-iang,z-zh,h-f,j-q-x	1
呼吸相通	hū xī xiāng tōng	11628	ian-iang,h-f,j-q-x	1
呼吸系统	hū xī xì tǒng	11629	h-f,j-q-x	1
呼天叩地	hū tiān kòu dì	11634	ian-iang,ao-ou,h-f	1
呼天叫地	hū tiān jiào dì	11635	ian-iang,h-f,j-q-x	1
呼天号地	hū tiān hào dì	11636	ian-iang,ao-ou,h-f	1
呼天吁地	hū tiān yù dì	11637	ian-iang,h-f	1
呼天唤地	hū tiān huàn dì	11638	ian-iang,uan-uang,h-f	1
呼天钥地	hū tiān yào dì	11640	ian-iang,ao-ou,h-f	1
呼幺喝六	hū yāo hè liù	11641	ao-ou,n-l,h-f,r-l	3
呼来喝去	hū lái hè qù	11644	ai-ei,n-l,h-f,r-l,j-q-x	1
呼群结党	hū qún jié dǎng	11645	an-ang,ia-ie,h-f,j-q-x	1
命若悬丝	mìng ruò xuán sī	11658	in-ing,uan-uang,ua-uo,s-sh,r-l,j-q-x	1
命薄缘悭	mìng báo yuán qiān	11660	in-ing,ian-iang,uan-uang,ao-ou,j-q-x	3
咀嚼英华	jǔ jué yīng huá	11662	in-ing,ua-uo,h-f,j-q-x	3
咂嘴弄唇	zā zuǐ nòng chún	11663	z-zh,c-ch,n-l	3
咂嘴弄舌	zā zuǐ nòng shé	11664	z-zh,s-sh,n-l	3
咄咄书空	duō duō shū kōng	11666	ua-uo,s-sh	1
咄嗟之间	duō jiē zhī jiān	11667	ian-iang,ia-ie,ua-uo,z-zh,j-q-x	3
咄嗟便办	duō jiē biàn bàn	11668	an-ang,ian-iang,ia-ie,ua-uo,j-q-x	3
和如琴瑟	hé rú qín sè	11684	in-ing,s-sh,h-f,r-l,j-q-x	1
和容悦色	hé róng yuè sè	11686	s-sh,h-f,r-l	1
和气致祥	hé qì zhì xiáng	11706	ian-iang,z-zh,h-f,j-q-x	1
和璧隋珠	hé bì suí zhū	11710	z-zh,s-sh,h-f	1
和睦相处	hé mù xiāng chǔ	11714	ian-iang,c-ch,h-f,j-q-x	1
和而不同	hé ér bù tóng	11720	h-f	1
和而不唱	hé ér bù chàng	11721	an-ang,c-ch,h-f	1
和蔼可亲	hé ǎi kě qīn	11724	in-ing,ai-ei,h-f,j-q-x	1
和蔼近人	hé ǎi jìn rén	11725	en-eng,in-ing,ai-ei,h-f,r-l,j-q-x	1
和衣而卧	hé yī ér wò	11727	h-f	1
和颜说色	hé yán yuè sè	11738	an-ang,s-sh,h-f	1
和风丽日	hé fēng lì rì	11740	en-eng,n-l,h-f,r-l	1
咎有应得	jiù yǒu yīng dé	11743	in-ing,ao-ou,j-q-x	3
咏嘲风月	yǒng cháo fēng yuè	11745	en-eng,ao-ou,c-ch,h-f	1
咏月嘲花	yǒng yuè cháo huā	11746	ao-ou,ua-uo,c-ch,h-f	1
咏月嘲风	yǒng yuè cháo fēng	11747	en-eng,ao-ou,c-ch,h-f	1
咒天骂地	zhòu tiān mà dì	11748	ian-iang,ao-ou,z-zh	1
咧着嘴笑	liě zhe zuǐ xiào	11759	ia-ie,z-zh,n-l,r-l,j-q-x	1
咫尺万里	zhǐ chǐ wàn lǐ	11761	an-ang,z-zh,c-ch,n-l,r-l	3
咫尺之书	zhǐ chǐ zhī shū	11762	z-zh,c-ch,s-sh	3
咫尺之功	zhǐ chǐ zhī gōng	11763	z-zh,c-ch	3
咫尺千里	zhǐ chǐ qiān lǐ	11764	ian-iang,z-zh,c-ch,n-l,r-l,j-q-x	3
咫尺天颜	zhǐ chǐ tiān yán	11766	an-ang,ian-iang,z-zh,c-ch	3
咫尺威颜	zhǐ chǐ wēi yán	11767	an-ang,ai-ei,z-zh,c-ch	3
咫角骖驹	zhǐ jiǎo cān jū	11768	an-ang,z-zh,c-ch,j-q-x	3
咬得菜根	yǎo dé cài gēn	11771	en-eng,ai-ei,ao-ou,c-ch	1
咬血为盟	yǎo xuè wéi méng	11774	en-eng,ai-ei,ao-ou,j-q-x	1
咬钉嚼铁	yǎo dīng jiáo tiě	11775	in-ing,ao-ou,ia-ie,j-q-x	1
咳唾成珠	ké tuò chéng zhū	11784	en-eng,ua-uo,z-zh,c-ch	1
咳声叹气	hāi shēng tàn qì	11787	en-eng,an-ang,ai-ei,s-sh,h-f,j-q-x	1
咳珠唾玉	ké zhū tuò yù	11788	ua-uo,z-zh	1
咸与惟新	xián yǔ wéi xīn	11790	in-ing,ian-iang,ai-ei,j-q-x	1
咸与维新	xián yǔ wéi xīn	11791	in-ing,ian-iang,ai-ei,j-q-x	1
咸风蛋雨	xián fēng dàn yǔ	11792	en-eng,an-ang,ian-iang,h-f,j-q-x	1
咽苦吐甘	yàn kǔ tǔ gān	11801	an-ang	1
咽苦吞甘	yàn kǔ tūn gān	11802	an-ang	1
哀告宾服	āi gào bīn fú	11806	in-ing,ai-ei,ao-ou,h-f	1
哀哀父母	āi āi fù mǔ	11807	ai-ei,h-f	1
哀天叫地	āi tiān jiào dì	11808	ian-iang,ai-ei,j-q-x	1
哀思如潮	āi sī rú cháo	11811	ai-ei,ao-ou,c-ch,s-sh,r-l	1
哀感中年	āi gǎn zhōng nián	11812	an-ang,ian-iang,ai-ei,z-zh,n-l	1
哀感天地	āi gǎn tiān dì	11813	an-ang,ian-iang,ai-ei	1
哀梨蒸食	āi lí zhēng shí	11814	en-eng,ai-ei,z-zh,s-sh,n-l,r-l	1
哀毁骨立	āi huǐ gǔ lì	11815	ai-ei,n-l,h-f,r-l	1
哀而不伤	āi ér bù shāng	11818	an-ang,ai-ei,s-sh	1
哀鸿遍地	āi hóng biàn dì	11820	ian-iang,ai-ei,h-f	1
品头评足	pǐn tóu píng zú	11822	in-ing,ao-ou,z-zh	1
品头题足	pǐn tóu tí zú	11823	in-ing,ao-ou,z-zh	1
品竹弹丝	pǐn zhú tán sī	11825	in-ing,an-ang,z-zh,s-sh	1
品竹调丝	pǐn zhú tiáo sī	11826	in-ing,z-zh,s-sh	1
品竹调弦	pǐn zhú diào xián	11827	in-ing,ian-iang,z-zh,j-q-x	1
哄动一时	hōng dòng yī shí	11838	s-sh,h-f	1
响和景从	xiǎng hé jǐng cóng	11876	in-ing,ian-iang,c-ch,h-f,j-q-x	1
响答影随	xiǎng dá yǐng suí	11882	in-ing,ian-iang,s-sh,j-q-x	1
哑口无声	yǎ kǒu wú shēng	11889	en-eng,ao-ou,s-sh	1
哑子做梦	yǎ zǐ zuò mèng	11895	en-eng,ua-uo,z-zh	1
哑子寻梦	yǎ zǐ xún mèng	11897	en-eng,z-zh,j-q-x	1
哑子托梦	yǎ zǐ tuō mèng	11898	en-eng,ua-uo,z-zh	1
哓哓不休	xiāo xiāo bù xiū	11909	j-q-x	3
哗世动俗	huá shì dòng sú	11910	ua-uo,s-sh,h-f	1
哗世取名	huá shì qǔ míng	11911	in-ing,ua-uo,s-sh,h-f,j-q-x	1
哗世取宠	huá shì qǔ chǒng	11912	ua-uo,c-ch,s-sh,h-f,j-q-x	1
哥本哈根	gē běn hā gēn	11927	en-eng,h-f	1
哧哧地笑	chī chī de xiào	11929	c-ch,j-q-x	3
哧的一声	chī de yì shēng	11931	en-eng,c-ch,s-sh	3
哩哩罗罗	li li luō luō	11934	ua-uo,n-l,r-l	1
哭丧着脸	kū sāng zhe liǎn	11949	an-ang,ian-iang,z-zh,s-sh,n-l,r-l	1
哭天喊地	kū tiān hǎn dì	11951	an-ang,ian-iang,h-f	1
哭天抢地	kū tiān qiāng dì	11952	ian-iang,j-q-x	1
哲人其萎	zhé rén qí wěi	11955	en-eng,ai-ei,z-zh,r-l,j-q-x	1
哺糟啜醨	bǔ zāo chuò lí	11958	ao-ou,ua-uo,z-zh,c-ch,n-l,r-l	7
唇不离腮	chún bù lí sāi	11962	ai-ei,c-ch,s-sh,n-l,r-l	1
唇干口燥	chún gān kǒu zào	11964	an-ang,ao-ou,z-zh,c-ch	1
唇揭齿寒	chún jiē chǐ hán	11965	an-ang,ia-ie,c-ch,h-f,j-q-x	1
唇腐齿落	chún fǔ chǐ luò	11968	ua-uo,c-ch,n-l,h-f,r-l	1
唇辅相连	chún fǔ xiāng lián	11971	ian-iang,c-ch,n-l,h-f,r-l,j-q-x	1
唇齿相须	chún chǐ xiāng xū	11973	ian-iang,c-ch,j-q-x	1
唐临晋帖	táng lín jìn tiē	11976	in-ing,an-ang,ia-ie,n-l,r-l,j-q-x	1
唐古拉山	táng gǔ lā shān	11977	an-ang,s-sh,n-l,r-l	1
唠唠叨叨	láo láo dāo dāo	11986	ao-ou,n-l,r-l	1
唧唧喳喳	jī jī zhā zhā	11991	z-zh,j-q-x	1
唯吾独尊	wéi wú dú zūn	11996	ai-ei,z-zh	1
唯唯否否	wěi wěi fǒu fǒu	11998	ai-ei,ao-ou,h-f	1
唯妙唯肖	wéi miào wéi xiāo	11999	ai-ei,j-q-x	1
唯所欲为	wéi suǒ yù wéi	12001	ai-ei,ua-uo,s-sh	1
唯邻是卜	wéi lín shì bǔ	12005	in-ing,ai-ei,s-sh,n-l,r-l	1
唱沙作米	chàng shā zuò mǐ	12011	an-ang,ua-uo,z-zh,c-ch,s-sh	1
唱筹量沙	chàng chóu liáng shā	12014	an-ang,ian-iang,ao-ou,c-ch,s-sh,n-l,r-l	1
唾地成文	tuò dì chéng wén	12017	en-eng,ua-uo,c-ch	1
唾手可取	tuò shǒu kě qǔ	12018	ao-ou,ua-uo,s-sh,j-q-x	1
唾面自干	tuò miàn zì gān	12020	an-ang,ian-iang,ua-uo,z-zh	1
啖以重利	dàn yǐ zhòng lì	12044	an-ang,z-zh,n-l,r-l	3
啜英咀华	chuò yīng jǔ huá	12047	in-ing,ua-uo,c-ch,h-f,j-q-x	3
啜菽饮水	chuò shū yǐn shuǐ	12048	in-ing,ua-uo,c-ch,s-sh	3
啜食吐哺	chuò shí tǔ bǔ	12049	ua-uo,c-ch,s-sh	3
啧啧称赞	zé zé chēng zàn	12052	en-eng,an-ang,z-zh,c-ch	3
啮臂之好	niè bì zhī hǎo	12056	ao-ou,ia-ie,z-zh,n-l,h-f	3
啮血为盟	niè xuè wéi méng	12057	en-eng,ai-ei,ia-ie,n-l,j-q-x	3
啮血沁骨	niè xuè qìn gǔ	12058	in-ing,ia-ie,n-l,j-q-x	3
啸傲风月	xiào ào fēng yuè	12059	en-eng,ao-ou,h-f,j-q-x	1
啸吒风云	xiào zhà fēng yún	12060	en-eng,z-zh,h-f,j-q-x	5
啸咤风云	xiào zhà fēng yún	12061	en-eng,z-zh,h-f,j-q-x	3
啼天哭地	tí tiān kū dì	12062	ian-iang	1
喃喃细语	nán nán xì yǔ	12069	an-ang,n-l,j-q-x	3
喃喃自语	nán nán zì yǔ	12070	an-ang,z-zh,n-l	3
善与人交	shàn yǔ rén jiāo	12071	en-eng,an-ang,s-sh,r-l,j-q-x	1
善为说辞	shàn wéi shuō cí	12073	an-ang,ai-ei,ua-uo,c-ch,s-sh	1
善于应对	shàn yú yìng duì	12074	in-ing,an-ang,s-sh	1
善刀而藏	shàn dāo ér cáng	12075	an-ang,ao-ou,c-ch,s-sh	1
善善从长	shàn shàn cóng cháng	12076	an-ang,c-ch,s-sh	1
善善恶恶	shàn shàn wù è	12077	an-ang,s-sh	1
善始令终	shàn shǐ lìng zhōng	12079	in-ing,an-ang,z-zh,s-sh,n-l,r-l	1
善文能武	shàn wén néng wǔ	12081	en-eng,an-ang,s-sh,n-l	1
善有善报	shàn yǒu shàn bào	12082	an-ang,ao-ou,s-sh	1
善游者溺	shàn yóu zhě nì	12083	an-ang,ao-ou,z-zh,s-sh,n-l	1
善罢干休	shàn bà gān xiū	12085	an-ang,s-sh,j-q-x	1
善自为谋	shàn zì wéi móu	12087	an-ang,ai-ei,ao-ou,z-zh,s-sh	1
善财难舍	shàn cái nán shě	12089	an-ang,ai-ei,c-ch,s-sh,n-l	1
善贾而沽	shàn gǔ ér gū	12090	an-ang,s-sh	1
善门难开	shàn mén nán kāi	12091	en-eng,an-ang,ai-ei,s-sh,n-l	1
善骑者堕	shàn qí zhě duò	12092	an-ang,ua-uo,z-zh,s-sh,j-q-x	1
喉长气短	hóu cháng qì duǎn	12100	an-ang,uan-uang,ao-ou,c-ch,h-f,j-q-x	1
喊倒好儿	hǎn dào hǎo er	12101	an-ang,ao-ou,h-f	1
喊哑嗓子	hǎn yǎ sǎng zi	12103	an-ang,z-zh,s-sh,h-f	1
喏喏连声	nuò nuò lián shēng	12110	en-eng,ian-iang,ua-uo,s-sh,n-l,r-l	3
喘息之间	chuǎn xī zhī jiān	12115	ian-iang,uan-uang,z-zh,c-ch,j-q-x	1
喙长三尺	huì cháng sān chǐ	12116	an-ang,c-ch,s-sh,h-f	3
喜不自胜	xǐ bù zì shèng	12118	en-eng,z-zh,s-sh,j-q-x	1
喜溢眉梢	xǐ yì méi shāo	12130	ai-ei,ao-ou,s-sh,j-q-x	1
喜行于色	xǐ xíng yú sè	12134	in-ing,s-sh,j-q-x	1
喜见于色	xǐ jiàn yú sè	12135	ian-iang,s-sh,j-q-x	1
喟然长叹	kuì rán cháng tàn	12153	an-ang,c-ch,r-l	3
喷云泄雾	pēn yún xiè wù	12157	en-eng,ia-ie,j-q-x	1
喷薄欲出	pēn bó yù chū	12189	en-eng,c-ch	1
喷血自污	pēn xuè zì wū	12190	en-eng,z-zh,j-q-x	1
喷雨嘘云	pēn yǔ xū yún	12191	en-eng,j-q-x	3
嗅觉丧失	xiù jué sàng shī	12203	an-ang,s-sh,j-q-x	1
嗅觉减退	xiù jué jiǎn tuì	12204	ian-iang,j-q-x	1
嗅觉迟钝	xiù jué chí dùn	12205	c-ch,j-q-x	1
嗑牙料嘴	kē yá liào zuǐ	12207	z-zh,n-l,r-l	3
嗒然若丧	tà rán ruò sàng	12211	an-ang,ua-uo,s-sh,r-l	3
嗔目切齿	chēn mù qiē chǐ	12214	en-eng,ia-ie,c-ch,j-q-x	3
嗳声叹气	ài shēng tàn qì	12224	en-eng,an-ang,ai-ei,s-sh,j-q-x	3
嘁哩喀喳	qī lǐ kā chā	12231	c-ch,n-l,r-l,j-q-x	3
嘈嘈切切	cáo cáo qiē qiē	12233	ao-ou,ia-ie,c-ch,j-q-x	3
嘉言善行	jiā yán shàn xíng	12237	in-ing,an-ang,ia-ie,s-sh,j-q-x	1
嘉言懿行	jiā yán yì xíng	12238	in-ing,an-ang,ia-ie,j-q-x	3
嘘枯吹生	xū kū chuī shēng	12252	en-eng,c-ch,s-sh,j-q-x	3
嘲风咏月	cháo fēng yǒng yuè	12260	en-eng,ao-ou,c-ch,h-f	1
嘲风弄月	cháo fēng nòng yuè	12261	en-eng,ao-ou,c-ch,n-l,h-f	1
嘴快舌长	zuǐ kuài shé cháng	12266	an-ang,z-zh,c-ch,s-sh	1
噀玉喷珠	xùn yù pēn zhū	12277	en-eng,z-zh,j-q-x	5
噗哧一声	pū chī yì shēng	12278	en-eng,c-ch,s-sh	3
噙齿戴发	qín chǐ dài fā	12280	in-ing,ai-ei,c-ch,h-f,j-q-x	3
噤口卷舌	jìn kǒu juǎn shé	12282	in-ing,uan-uang,ao-ou,s-sh,j-q-x	3
器二不匮	qì èr bù kuì	12286	j-q-x	3
器宇不凡	qì yǔ bù fán	12287	an-ang,h-f,j-q-x	1
器满将覆	qì mǎn jiāng fù	12289	an-ang,ian-iang,h-f,j-q-x	1
器满意得	qì mǎn yì dé	12290	an-ang,j-q-x	1
噬脐何及	shì qí hé jí	12295	s-sh,h-f,j-q-x	3
噬脐莫及	shì qí mò jí	12296	s-sh,j-q-x	3
嚎啕大哭	háo táo dà kū	12302	ao-ou,h-f	3
嚎天动地	háo tiān dòng dì	12303	ian-iang,ao-ou,h-f	1
嚎天喊地	háo tiān hǎn dì	12304	an-ang,ian-iang,ao-ou,h-f	1
嚼墨喷纸	jué mò pēn zhǐ	12308	en-eng,z-zh,j-q-x	1
嚼穿龈血	jiáo chuān yín xuè	12310	in-ing,uan-uang,c-ch,j-q-x	3
嚼铁咀金	jiáo tiě jǔ jīn	12315	in-ing,ia-ie,j-q-x	3
嚼齿穿龈	jiáo chǐ chuān yín	12316	in-ing,uan-uang,c-ch,j-q-x	3
囊匣如洗	náng xiá rú xǐ	12318	an-ang,ia-ie,n-l,r-l,j-q-x	1
囊漏储中	náng lòu chǔ zhōng	12320	an-ang,ao-ou,z-zh,c-ch,n-l,r-l	1
囊漏贮中	náng lòu zhù zhōng	12321	an-ang,ao-ou,z-zh,n-l,r-l	1
囊萤映雪	náng yíng yìng xuě	12322	in-ing,an-ang,n-l,j-q-x	1
囊萤照书	náng yíng zhào shū	12323	in-ing,an-ang,ao-ou,z-zh,s-sh,n-l	1
囊萤照读	náng yíng zhào dú	12324	in-ing,an-ang,ao-ou,z-zh,n-l	1
囊里盛锥	náng lǐ shèng zhuī	12326	en-eng,an-ang,z-zh,s-sh,n-l,r-l	1
囊锥露颖	náng zhuī lù yǐng	12327	in-ing,an-ang,z-zh,n-l,r-l	1
囚首丧面	qiú shǒu sàng miàn	12333	an-ang,ian-iang,ao-ou,s-sh,j-q-x	1
四不拗六	sì bù niù liù	12335	s-sh,n-l,r-l	1
四亭八当	sì tíng bā dàng	12336	in-ing,an-ang,s-sh	1
四体不勤	sì tǐ bù qín	12339	in-ing,s-sh,j-q-x	1
四体百骸	sì tǐ bǎi hái	12340	ai-ei,s-sh,h-f	3
四停八当	sì tíng bā dāng	12341	in-ing,an-ang,s-sh	1
四冲八达	sì chōng bā dá	12344	c-ch,s-sh	1
四冲六达	sì chōng liù dá	12345	c-ch,s-sh,n-l,r-l	1
四分五剖	sì fēn wǔ pōu	12346	en-eng,ao-ou,s-sh,h-f	1
四分五落	sì fēn wǔ luò	12347	en-eng,ua-uo,s-sh,n-l,h-f,r-l	1
四合院儿	sì hé yuàn ér	12353	uan-uang,s-sh,h-f	1
四大家族	sì dà jiā zú	12356	ia-ie,z-zh,s-sh,j-q-x	1
四战之地	sì zhàn zhī dì	12359	an-ang,z-zh,s-sh	1
四时八节	sì shí bā jié	12362	ia-ie,s-sh,j-q-x	1
四海一家	sì hǎi yī jiā	12363	ai-ei,ia-ie,s-sh,h-f,j-q-x	1
四海承风	sì hǎi chéng fēng	12366	en-eng,ai-ei,c-ch,s-sh,h-f	1
四清六活	sì qīng liù huó	12368	in-ing,ua-uo,s-sh,n-l,h-f,r-l,j-q-x	1
四纷五落	sì fēn wǔ luò	12370	en-eng,ua-uo,s-sh,n-l,h-f,r-l	1
四肢百体	sì zhī bǎi tǐ	12371	ai-ei,z-zh,s-sh	1
四脚朝天	sì jiǎo cháo tiān	12372	ian-iang,ao-ou,c-ch,s-sh,j-q-x	1
四角俱全	sì jiǎo jù quán	12376	uan-uang,s-sh,j-q-x	1
四马攒蹄	sì mǎ cuán tí	12378	uan-uang,c-ch,s-sh	3
回天乏术	huí tiān fá shù	12384	ian-iang,s-sh,h-f	1
回天倒日	huí tiān dǎo rì	12385	ian-iang,ao-ou,h-f,r-l	1
回天转地	huí tiān zhuǎn dì	12386	ian-iang,uan-uang,z-zh,h-f	1
回天运斗	huí tiān yùn dǒu	12387	ian-iang,ao-ou,h-f	1
回家心切	huí jiā xīn qiè	12394	in-ing,ia-ie,h-f,j-q-x	1
回山倒海	huí shān dǎo hǎi	12395	an-ang,ai-ei,ao-ou,s-sh,h-f	1
回山转海	huí shān zhuǎn hǎi	12396	an-ang,uan-uang,ai-ei,z-zh,s-sh,h-f	1
回干就湿	huí gān jiù shī	12398	an-ang,s-sh,h-f,j-q-x	1
回文织锦	huí wén zhī jǐn	12405	en-eng,in-ing,z-zh,h-f,j-q-x	1
回春之术	huí chūn zhī shù	12408	z-zh,c-ch,s-sh,h-f	1
回筹转策	huí chóu zhuǎn cè	12415	uan-uang,ao-ou,z-zh,c-ch,h-f	1
回肠九转	huí cháng jiǔ zhuǎn	12418	an-ang,uan-uang,z-zh,c-ch,h-f,j-q-x	1
回肠百转	huí cháng bǎi zhuǎn	12419	an-ang,uan-uang,ai-ei,z-zh,c-ch,h-f	1
回船转舵	huí chuán zhuǎn duò	12420	uan-uang,ua-uo,z-zh,c-ch,h-f	1
回邪入正	huí xié rù zhèng	12427	en-eng,ia-ie,z-zh,h-f,r-l,j-q-x	1
回黄转绿	huí huáng zhuǎn lǜ	12430	uan-uang,z-zh,n-l,h-f,r-l	1
因任授官	yīn rèn shòu guān	12432	en-eng,in-ing,uan-uang,ao-ou,s-sh,r-l	1
因公假私	yīn gōng jiǎ sī	12433	in-ing,ia-ie,s-sh,j-q-x	1
因公行私	yīn gōng xíng sī	12434	in-ing,s-sh,j-q-x	1
因利乘便	yīn lì chéng biàn	12435	en-eng,in-ing,ian-iang,c-ch,n-l,r-l	1
因循苟且	yīn xún gǒu qiě	12440	in-ing,ao-ou,ia-ie,j-q-x	1
因敌为资	yīn dí wéi zī	12441	in-ing,ai-ei,z-zh	1
因果报应	yīn guǒ bào yìng	12444	in-ing,ao-ou,ua-uo	1
因树为屋	yīn shù wéi wū	12445	in-ing,ai-ei,s-sh	1
因祸为福	yīn huò wéi fú	12446	in-ing,ai-ei,ua-uo,h-f	1
因缘为市	yīn yuán wéi shì	12448	in-ing,uan-uang,ai-ei,s-sh	1
因难见巧	yīn nán jiàn qiǎo	12449	in-ing,an-ang,ian-iang,n-l,j-q-x	1
因风吹火	yīn fēng chuī huǒ	12450	en-eng,in-ing,ua-uo,c-ch,h-f	1
团头聚面	tuán tóu jù miàn	12461	ian-iang,uan-uang,ao-ou,j-q-x	1
团结一致	tuán jié yī zhì	12470	uan-uang,ia-ie,z-zh,j-q-x	1
囫囵半片	hú lún bàn piàn	12476	an-ang,ian-iang,n-l,h-f,r-l	3
困心横虑	kùn xīn héng lǜ	12482	en-eng,in-ing,n-l,h-f,r-l,j-q-x	1
困知勉行	kùn zhī miǎn xíng	12483	in-ing,ian-iang,z-zh,j-q-x	1
困而不学	kùn ér bù xué	12484	j-q-x	1
困难重重	kùn nán chóng chóng	12487	an-ang,c-ch,n-l	1
围城打援	wéi chéng dǎ yuán	12490	en-eng,uan-uang,ai-ei,c-ch	1
围点打援	wéi diǎn dǎ yuán	12492	ian-iang,uan-uang,ai-ei	1
固体燃料	gù tǐ rán liào	12498	an-ang,n-l,r-l	1
固定价格	gù dìng jià gé	12499	in-ing,ia-ie,j-q-x	1
固定汇率	gù dìng huì lǜ	12500	in-ing,n-l,h-f,r-l	1
固执不变	gù zhí bú biàn	12501	ian-iang,z-zh	1
固执己见	gù zhí jǐ jiàn	12502	ian-iang,z-zh,j-q-x	1
固执成见	gù zhí chéng jiàn	12503	en-eng,ian-iang,z-zh,c-ch,j-q-x	1
固有频率	gù yǒu pín lǜ	12505	in-ing,ao-ou,n-l,r-l	1
国之干城	guó zhī gān chéng	12511	en-eng,an-ang,ua-uo,z-zh,c-ch	1
国仇家恨	guó chóu jiā hèn	12515	en-eng,ao-ou,ia-ie,ua-uo,c-ch,h-f,j-q-x	1
国家机器	guó jiā jī qì	12530	ia-ie,ua-uo,j-q-x	1
国家栋梁	guó jiā dòng liáng	12531	ian-iang,ia-ie,ua-uo,n-l,r-l,j-q-x	1
国富兵强	guó fù bīng qiáng	12534	in-ing,ian-iang,ua-uo,h-f,j-q-x	1
国将不国	guó jiāng bù guó	12536	ian-iang,ua-uo,j-q-x	1
国尔忘家	guó ěr wàng jiā	12537	an-ang,ia-ie,ua-uo,j-q-x	1
国无宁日	guó wú níng rì	12543	in-ing,ua-uo,n-l,r-l	1
国步艰难	guó bù jiān nán	12548	an-ang,ian-iang,ua-uo,n-l,j-q-x	1
国而忘家	guó ér wàng jiā	12554	an-ang,ia-ie,ua-uo,j-q-x	1
国耳忘家	guó ěr wàng jiā	12555	an-ang,ia-ie,ua-uo,j-q-x	1
国营经济	guó yíng jīng jì	12558	in-ing,ua-uo,j-q-x	1
国难当头	guó nàn dāng tóu	12569	an-ang,ao-ou,ua-uo,n-l	1
图作不轨	tú zuò bù guǐ	12571	ua-uo,z-zh	1
图穷匕见	tú qióng bǐ xiàn	12576	ian-iang,j-q-x	1
囿于成见	yòu yú chéng jiàn	12583	en-eng,ian-iang,ao-ou,c-ch,j-q-x	3
圈牢养物	juàn láo yǎng wù	12603	an-ang,uan-uang,ao-ou,n-l,r-l,j-q-x	1
土偶蒙金	tǔ ǒu méng jīn	12606	en-eng,in-ing,ao-ou,j-q-x	1
土地规划	tǔ dì guī huà	12613	ua-uo,h-f	1
土地革命	tǔ dì gé mìng	12615	in-ing	1
土壤胶体	tǔ rǎng jiāo tǐ	12619	an-ang,r-l,j-q-x	1
土洋并举	tǔ yáng bìng jǔ	12625	in-ing,an-ang,j-q-x	1
土洋结合	tǔ yáng jié hé	12626	an-ang,ia-ie,h-f,j-q-x	1
土耳其人	tǔ ěr qí rén	12635	en-eng,r-l,j-q-x	1
土鸡瓦犬	tǔ jī wǎ quǎn	12639	uan-uang,j-q-x	1
土鸡瓦狗	tǔ jī wǎ gǒu	12640	ao-ou,j-q-x	1
圣君贤相	shèng jūn xián xiàng	12643	en-eng,ian-iang,s-sh,j-q-x	1
圣帝明王	shèng dì míng wáng	12646	en-eng,in-ing,an-ang,s-sh	1
圣经贤传	shèng jīng xián zhuàn	12647	en-eng,in-ing,ian-iang,uan-uang,z-zh,s-sh,j-q-x	1
在家出家	zài jiā chū jiā	12655	ai-ei,ia-ie,z-zh,c-ch,j-q-x	1
在此期间	zài cǐ qī jiān	12665	ian-iang,ai-ei,z-zh,c-ch,j-q-x	1
圭角不露	guī jiǎo bù lù	12676	n-l,r-l,j-q-x	3
圭角岸然	guī jiǎo àn rán	12677	an-ang,r-l,j-q-x	3
地上天官	dì shàng tiān guān	12680	an-ang,ian-iang,uan-uang,s-sh	1
地上天宫	dì shàng tiān gōng	12681	an-ang,ian-iang,s-sh	1
地下修文	dì xià xiū wén	12684	en-eng,ia-ie,j-q-x	1
地下水库	dì xià shuǐ kù	12689	ia-ie,s-sh,j-q-x	1
地下铁道	dì xià tiě dào	12693	ao-ou,ia-ie,j-q-x	1
地丑力敌	dì chǒu lì dí	12694	ao-ou,c-ch,n-l,r-l	1
地丑德齐	dì chǒu dé qí	12695	ao-ou,c-ch,j-q-x	1
地主之仪	dì zhǔ zhī yí	12699	z-zh	1
地主之谊	dì zhǔ zhī yì	12700	z-zh	1
地主阶级	dì zhǔ jiē jí	12701	ia-ie,z-zh,j-q-x	1
地利人和	dì lì rén hé	12710	en-eng,n-l,h-f,r-l	1
地动山摇	dì dòng shān yáo	12714	an-ang,ao-ou,s-sh	1
地动山摧	dì dòng shān cuī	12715	an-ang,c-ch,s-sh	1
地北天南	dì běi tiān nán	12718	an-ang,ian-iang,ai-ei,n-l	1
地区差价	dì qū chā jià	12720	ia-ie,c-ch,j-q-x	1
地坼天崩	dì chè tiān bēng	12729	en-eng,ian-iang,c-ch	3
地塌天荒	dì tā tiān huāng	12736	ian-iang,uan-uang,h-f	1
地塞米松	dì sāi mǐ sōng	12737	ai-ei,s-sh	1
地壳运动	dì qiào yùn dòng	12739	j-q-x	1
地崩山摧	dì bēng shān cuī	12751	en-eng,an-ang,c-ch,s-sh	1
地平天成	dì píng tiān chéng	12757	en-eng,in-ing,ian-iang,c-ch	1
地广人希	dì guǎng rén xī	12759	en-eng,uan-uang,r-l,j-q-x	1
地心引力	dì xīn yǐn lì	12765	in-ing,n-l,r-l,j-q-x	1
地旷人稀	dì kuàng rén xī	12782	en-eng,uan-uang,r-l,j-q-x	1
地暴十寒	dì pù shí hán	12783	an-ang,s-sh,h-f	1
地棘天荆	dì jí tiān jīng	12792	in-ing,ian-iang,j-q-x	1
地狱变相	dì yù biàn xiàng	12813	ian-iang,j-q-x	1
地球化学	dì qiú huà xué	12816	ua-uo,h-f,j-q-x	1
地理位置	dì lǐ wèi zhì	12820	ai-ei,z-zh,n-l,r-l	1
地理信息	dì lǐ xìn xī	12821	in-ing,n-l,r-l,j-q-x	1
地理环境	dì lǐ huán jìng	12825	in-ing,uan-uang,n-l,h-f,r-l,j-q-x	1
地瘠民贫	dì jí mín pín	12830	in-ing,j-q-x	3
地空导弹	dì kōng dǎo dàn	12842	an-ang,ao-ou	1
地网天罗	dì wǎng tiān luó	12849	an-ang,ian-iang,ua-uo,n-l,r-l	1
地老天昏	dì lǎo tiān hūn	12850	ian-iang,ao-ou,n-l,h-f,r-l	1
地覆天翻	dì fù tiān fān	12861	an-ang,ian-iang,h-f	1
