未了公案	wèi liǎo gōng àn	25018	an-ang,ai-ei,n-l,r-l	1
未敢苟同	wèi gǎn gǒu tóng	25029	an-ang,ai-ei,ao-ou	1
未爆炸弹	wèi bào zhà dàn	25032	an-ang,ai-ei,ao-ou,z-zh	1
未知万一	wèi zhī wàn yī	25033	an-ang,ai-ei,z-zh	1
未能免俗	wèi néng miǎn sú	25036	en-eng,ian-iang,ai-ei,s-sh,n-l	1
未艾方兴	wèi ài fāng xīng	25037	in-ing,an-ang,ai-ei,h-f,j-q-x	1
未识一丁	wèi shí yī dīng	25038	in-ing,ai-ei,s-sh	1
未足轻重	wèi zú qīng zhòng	25040	in-ing,ai-ei,z-zh,j-q-x	1
未达一间	wèi dá yī jiān	25041	ian-iang,ai-ei,j-q-x	1
未风先雨	wèi fēng xiān yǔ	25043	en-eng,ian-iang,ai-ei,h-f,j-q-x	1
末大不掉	mò dà bù diào	25046		1
末大必折	mò dà bì zhé	25047	z-zh	1
末如之何	mò rú zhī hé	25048	z-zh,h-f,r-l	1
末梢神经	mò shāo shén jīng	25052	en-eng,in-ing,ao-ou,s-sh,j-q-x	1
末节细行	mò jié xì xíng	25055	in-ing,ia-ie,j-q-x	1
末路之难	mò lù zhī nán	25056	an-ang,z-zh,n-l,r-l	1
本同末异	běn tóng mò yì	25062	en-eng	1
本同末离	běn tóng mò lí	25063	en-eng,n-l,r-l	1
本固枝荣	běn gù zhī róng	25064	en-eng,z-zh,r-l	1
本固邦宁	běn gù bāng níng	25065	en-eng,in-ing,an-ang,n-l	1
本性难移	běn xìng nán yí	25073	en-eng,in-ing,an-ang,n-l,j-q-x	1
本支百世	běn zhī bǎi shì	25075	en-eng,ai-ei,z-zh,s-sh	1
本本分分	běn běn fèn fēn	25078	en-eng,h-f	1
本枝百世	běn zhī bǎi shì	25080	en-eng,ai-ei,z-zh,s-sh	1
本相毕露	běn xiàng bì lù	25083	en-eng,ian-iang,n-l,r-l,j-q-x	1
朱唇玉面	zhū chún yù miàn	25095	ian-iang,z-zh,c-ch	1
朱唇皓齿	zhū chún hào chǐ	25096	ao-ou,z-zh,c-ch,h-f	1
朱唇粉面	zhū chún fěn miàn	25097	en-eng,ian-iang,z-zh,c-ch,h-f	1
朱干玉戚	zhū gān yù qī	25099	an-ang,z-zh,j-q-x	1
朱弦三叹	zhū xián sān tàn	25100	an-ang,ian-iang,z-zh,s-sh,j-q-x	1
朱楼碧瓦	zhū lóu bì wǎ	25103	ao-ou,z-zh,n-l,r-l	1
朱楼绮户	zhū lóu qǐ hù	25104	ao-ou,z-zh,n-l,h-f,r-l,j-q-x	3
朱槃玉敦	zhū pán yù duì	25105	an-ang,z-zh	5
朱甍碧瓦	zhū méng bì wǎ	25109	en-eng,z-zh	3
朱盘玉敦	zhū pán yù duì	25110	an-ang,z-zh	1
朱衣使者	zhū yī shǐ zhě	25114	z-zh,s-sh	1
朱衣点头	zhū yī diǎn tóu	25115	ian-iang,ao-ou,z-zh	1
朱轮华毂	zhū lún huá gǔ	25119	ua-uo,z-zh,n-l,h-f,r-l	3
朱门绣户	zhū mén xiù hù	25121	en-eng,z-zh,h-f,j-q-x	1
朱阁青楼	zhū gé qīng lóu	25122	in-ing,ao-ou,z-zh,n-l,r-l,j-q-x	1
朱陈之好	zhū chén zhī hǎo	25123	en-eng,ao-ou,z-zh,c-ch,h-f	1
朱雀玄武	zhū què xuán wǔ	25125	uan-uang,z-zh,j-q-x	1
朱颜绿发	zhū yán lǜ fā	25126	an-ang,z-zh,n-l,h-f,r-l	1
朱颜翠发	zhū yán cuì fā	25127	an-ang,z-zh,c-ch,h-f	1
朱颜鹤发	zhū yán hè fā	25128	an-ang,z-zh,h-f	1
朴斫之材	pǔ zhuó zhī cái	25136	ai-ei,ua-uo,z-zh,c-ch	3
朴素无华	pǔ sù wú huá	25140	ua-uo,s-sh,h-f	1
朴讷诚笃	pǔ nè chéng dǔ	25142	en-eng,c-ch,n-l	3
朵颐大嚼	duǒ yí dà jiáo	25145	ua-uo,j-q-x	3
机不容发	jī bù róng fā	25147	h-f,r-l,j-q-x	1
机不旋踵	jī bù xuán zhǒng	25148	uan-uang,z-zh,j-q-x	3
机事不密	jī shì bù mì	25149	s-sh,j-q-x	1
机关用尽	jī guān yòng jìn	25155	in-ing,uan-uang,j-q-x	1
机杼一家	jī zhù yī jiā	25163	ia-ie,z-zh,j-q-x	3
机要秘书	jī yào mì shū	25171	ao-ou,s-sh,j-q-x	1
机难轻失	jī nán qīng shī	25177	in-ing,an-ang,s-sh,n-l,j-q-x	1
朽木不雕	xiǔ mù bù diāo	25180	j-q-x	1
朽木难雕	xiǔ mù nán diāo	25182	an-ang,n-l,j-q-x	1
朽条腐索	xiǔ tiáo fǔ suǒ	25183	ua-uo,s-sh,h-f,j-q-x	1
朽棘不雕	xiǔ jí bù diāo	25185	j-q-x	1
朽骨重肉	xiǔ gǔ zhòng ròu	25186	ao-ou,z-zh,r-l,j-q-x	1
杀伤炸弹	shā shāng zhà dàn	25190	an-ang,z-zh,s-sh	1
杀出重围	shā chū chóng wéi	25191	ai-ei,c-ch,s-sh	1
杀妻求将	shā qī qiú jiàng	25193	ian-iang,s-sh,j-q-x	1
杀彘教子	shā zhì jiào zǐ	25194	z-zh,s-sh,j-q-x	3
杀衣缩食	shā yī suō shí	25199	ua-uo,s-sh	1
杀马毁车	shā mǎ huǐ chē	25201	c-ch,s-sh,h-f	1
杀鸡为黍	shā jī wéi shǔ	25202	ai-ei,s-sh,j-q-x	3
杀鸡抹脖	shā jī mǒ bó	25204	s-sh,j-q-x	1
权倾中外	quán qīng zhōng wài	25220	in-ing,uan-uang,ai-ei,z-zh,j-q-x	1
权均力齐	quán jūn lì qí	25221	uan-uang,n-l,r-l,j-q-x	1
权欲熏心	quán yù xūn xīn	25225	in-ing,uan-uang,j-q-x	1
权衡轻重	quán héng qīng zhòng	25227	en-eng,in-ing,uan-uang,z-zh,h-f,j-q-x	1
权豪势要	quán háo shì yào	25228	uan-uang,ao-ou,s-sh,h-f,j-q-x	1
权重望崇	quán zhòng wàng chóng	25230	an-ang,uan-uang,z-zh,c-ch,j-q-x	1
权重秩卑	quán zhòng zhì bēi	25231	uan-uang,ai-ei,z-zh,j-q-x	1
李广不侯	lǐ guǎng bù hòu	25243	uan-uang,ao-ou,n-l,h-f,r-l	1
李广未封	lǐ guǎng wèi fēng	25244	en-eng,uan-uang,ai-ei,n-l,h-f,r-l	1
李广难封	lǐ guǎng nán fēng	25245	en-eng,an-ang,uan-uang,n-l,h-f,r-l	1
李白桃红	lǐ bái táo hóng	25246	ai-ei,ao-ou,n-l,h-f,r-l	1
李郭同舟	lǐ guō tóng zhōu	25247	ao-ou,ua-uo,z-zh,n-l,r-l	1
李郭同船	lǐ guō tóng chuán	25248	uan-uang,ua-uo,c-ch,n-l,r-l	1
杏花春雨	xìng huā chūn yǔ	25253	in-ing,ua-uo,c-ch,h-f,j-q-x	1
杏雨梨云	xìng yǔ lí yún	25254	in-ing,n-l,r-l,j-q-x	1
材优干济	cái yōu gàn jǐ	25255	an-ang,ai-ei,ao-ou,c-ch,j-q-x	1
材剧志大	cái jù zhì dà	25256	ai-ei,z-zh,c-ch,j-q-x	1
材大难用	cái dà nán yòng	25257	an-ang,ai-ei,c-ch,n-l	1
材朽行秽	cái xiǔ xíng huì	25258	in-ing,ai-ei,c-ch,h-f,j-q-x	1
材疏志大	cái shū zhì dà	25259	ai-ei,z-zh,c-ch,s-sh	1
材能兼备	cái néng jiān bèi	25260	en-eng,ian-iang,ai-ei,c-ch,n-l,j-q-x	1
材茂行洁	cái mào xíng jié	25261	in-ing,ai-ei,ao-ou,ia-ie,c-ch,j-q-x	1
材茂行絜	cái mào xíng jié	25262	in-ing,ai-ei,ao-ou,ia-ie,c-ch,j-q-x	5
材薄质衰	cái bó zhì shuāi	25263	ai-ei,z-zh,c-ch,s-sh	1
材轻德薄	cái qīng dé bó	25264	in-ing,ai-ei,c-ch,j-q-x	1
材高知深	cái gāo zhì shēn	25265	en-eng,ai-ei,ao-ou,z-zh,c-ch,s-sh	1
村夫俗子	cūn fū sú zǐ	25269	z-zh,c-ch,s-sh,h-f	1
村夫野老	cūn fū yě lǎo	25270	ao-ou,c-ch,n-l,h-f,r-l	1
村学究语	cūn xué jiū yǔ	25272	c-ch,j-q-x	1
村生泊长	cūn shēng bó cháng	25274	en-eng,an-ang,c-ch,s-sh	1
村野匹夫	cūn yě pǐ fū	25279	c-ch,h-f	1
杖履相从	zhàng lǚ xiāng cóng	25281	an-ang,ian-iang,z-zh,c-ch,n-l,r-l,j-q-x	1
杖履纵横	zhàng lǚ zòng héng	25282	en-eng,an-ang,z-zh,n-l,h-f,r-l	1
杜口结舌	dù kǒu jié shé	25283	ao-ou,ia-ie,s-sh,j-q-x	1
杜渐防微	dù jiàn fáng wēi	25284	an-ang,ian-iang,ai-ei,h-f,j-q-x	1
杜渐防萌	dù jiàn fáng méng	25285	en-eng,an-ang,ian-iang,h-f,j-q-x	1
杜渐除微	dù jiàn chú wēi	25286	ian-iang,ai-ei,c-ch,j-q-x	1
杜耳恶闻	dù ěr è wén	25287	en-eng	1
杜门不出	dù mén bù chū	25288	en-eng,c-ch	1
杜门却扫	dù mén què sǎo	25289	en-eng,ao-ou,s-sh,j-q-x	1
杜门屏迹	dù mén píng jì	25290	en-eng,in-ing,j-q-x	1
杜鹃啼血	dù juān tí xuè	25291	uan-uang,j-q-x	1
杜默为诗	dù mò wéi shī	25292	ai-ei,s-sh	1
束上起下	shù shàng qǐ xià	25293	an-ang,ia-ie,s-sh,j-q-x	1
束修自好	shù xiū zì hǎo	25294	ao-ou,z-zh,s-sh,h-f,j-q-x	1
束发封帛	shù fā fēng bó	25296	en-eng,s-sh,h-f	3
束带结发	shù dài jié fā	25297	ai-ei,ia-ie,s-sh,h-f,j-q-x	1
束广就狭	shù guǎng jiù xiá	25298	uan-uang,ia-ie,s-sh,j-q-x	1
束戈卷甲	shù gē juàn jiǎ	25299	uan-uang,ia-ie,s-sh,j-q-x	1
束手待死	shù shǒu dài sǐ	25300	ai-ei,ao-ou,s-sh	1
束手旁观	shù shǒu páng guān	25302	an-ang,uan-uang,ao-ou,s-sh	1
束手无术	shù shǒu wú shù	25303	ao-ou,s-sh	1
束教管闻	shù jiào guǎn wén	25304	en-eng,uan-uang,s-sh,j-q-x	1
束椽为柱	shù chuán wéi zhù	25305	uan-uang,ai-ei,z-zh,c-ch,s-sh	3
束缊举火	shù yūn jǔ huǒ	25306	ua-uo,s-sh,h-f,j-q-x	5
束缊请火	shù yùn qǐng huǒ	25307	in-ing,ua-uo,s-sh,h-f,j-q-x	5
束缊还妇	shù yūn huán fù	25308	uan-uang,s-sh,h-f	5
束蒲为脯	shù pú wéi pú	25309	ai-ei,s-sh	1
束身自好	shù shēn zì hào	25310	en-eng,ao-ou,z-zh,s-sh,h-f	1
束马县车	shù mǎ xiàn chē	25311	ian-iang,c-ch,s-sh,j-q-x	1
束马悬车	shù mǎ xuán chē	25312	uan-uang,c-ch,s-sh,j-q-x	1
条三窝四	tiáo sān wō sì	25319	an-ang,s-sh	1
条件刺激	tiáo jiàn cì jī	25322	ian-iang,c-ch,j-q-x	1
条修叶贯	tiáo xiū yè guàn	25325	uan-uang,j-q-x	1
条入叶贯	tiáo rù yè guàn	25326	uan-uang,r-l	1
条分节解	tiáo fēn jié jiě	25330	en-eng,ia-ie,h-f,j-q-x	1
条解支劈	tiáo jiě zhī pī	25355	ia-ie,z-zh,j-q-x	1
条贯部分	tiáo guàn bù fēn	25357	en-eng,uan-uang,h-f	1
来历不明	lái lì bù míng	25365	in-ing,ai-ei,n-l,r-l	1
来去分明	lái qù fēn míng	25366	en-eng,in-ing,ai-ei,n-l,h-f,r-l,j-q-x	1
来处不易	lái chù bù yì	25368	ai-ei,c-ch,n-l,r-l	1
来好息师	lái hǎo xī shī	25370	ai-ei,ao-ou,s-sh,n-l,h-f,r-l,j-q-x	1
来日大难	lái rì dà nàn	25374	an-ang,ai-ei,n-l,r-l	1
来者不善	lái zhě bù shàn	25378	an-ang,ai-ei,z-zh,s-sh,n-l,r-l	1
来者可追	lái zhě kě zhuī	25380	ai-ei,z-zh,n-l,r-l	1
来者居上	lái zhě jū shàng	25381	an-ang,ai-ei,z-zh,s-sh,n-l,r-l,j-q-x	1
来路不明	lái lù bù míng	25384	in-ing,ai-ei,n-l,r-l	1
来鸿去燕	lái hóng qù yàn	25385	an-ang,ai-ei,n-l,h-f,r-l,j-q-x	1
杨朱泣岐	yáng zhū qì qí	25388	an-ang,z-zh,j-q-x	3
杨生黄雀	yáng shēng huáng què	25389	en-eng,an-ang,uan-uang,s-sh,h-f,j-q-x	1
杨穿三叶	yáng chuān sān yè	25390	an-ang,uan-uang,c-ch,s-sh	1
杨雀衔环	yáng què xián huán	25391	an-ang,ian-iang,uan-uang,h-f,j-q-x	1
杯中之物	bēi zhōng zhī wù	25392	ai-ei,z-zh	1
杯中蛇影	bēi zhōng shé yǐng	25394	in-ing,ai-ei,z-zh,s-sh	1
杯影蛇弓	bēi yǐng shé gōng	25397	in-ing,ai-ei,s-sh	1
杯蛇幻影	bēi shé huàn yǐng	25400	in-ing,uan-uang,ai-ei,s-sh,h-f	1
杯蛇鬼车	bēi shé guǐ chē	25401	ai-ei,c-ch,s-sh	1
杯酒解怨	bēi jiǔ jiě yuàn	25402	uan-uang,ai-ei,ia-ie,j-q-x	1
杳不可闻	yǎo bù kě wén	25403	en-eng,ao-ou	3
杳无信息	yǎo wú xìn xī	25404	in-ing,ao-ou,j-q-x	3
杼柚之空	zhù zhóu zhī kōng	25406	ao-ou,z-zh	3
杼柚其空	zhù zhóu qí kōng	25407	ao-ou,z-zh,j-q-x	3
杼柚空虚	zhù zhóu kōng xū	25408	ao-ou,z-zh,j-q-x	3
松形鹤骨	sōng xíng hè gǔ	25413	in-ing,s-sh,h-f,j-q-x	1
松枝挂剑	sōng zhī guà jiàn	25416	ian-iang,ua-uo,z-zh,s-sh,j-q-x	1
松柏之寿	sōng bǎi zhī shòu	25418	ai-ei,ao-ou,z-zh,s-sh	1
松柏之志	sōng bǎi zhī zhì	25419	ai-ei,z-zh,s-sh	1
松柏之茂	sōng bǎi zhī mào	25420	ai-ei,ao-ou,z-zh,s-sh	1
松柏后凋	sōng bǎi hòu diāo	25421	ai-ei,ao-ou,s-sh,h-f	3
松柏寒盟	sōng bǎi hán méng	25422	en-eng,an-ang,ai-ei,s-sh,h-f	1
松筠之节	sōng yún zhī jié	25423	ia-ie,z-zh,s-sh,j-q-x	3
松萝共倚	sōng luó gòng yǐ	25426	ua-uo,s-sh,n-l,r-l	1
板上砸钉	bǎn shàng zá dīng	25427	in-ing,an-ang,z-zh,s-sh	1
极天罔地	jí tiān wǎng dì	25446	an-ang,ian-iang,j-q-x	3
极天蟠地	jí tiān pán dì	25447	an-ang,ian-iang,j-q-x	3
极天际地	jí tiān jì dì	25448	ian-iang,j-q-x	1
极寿无疆	jí shòu wú jiāng	25450	ian-iang,ao-ou,s-sh,j-q-x	1
极往知来	jí wǎng zhī lái	25454	an-ang,ai-ei,z-zh,n-l,r-l,j-q-x	1
极性分子	jí xìng fēn zǐ	25455	en-eng,in-ing,z-zh,h-f,j-q-x	1
极恶不赦	jí è bù shè	25457	s-sh,j-q-x	1
极恶穷凶	jí è qióng xiōng	25458	j-q-x	1
极情尽致	jí qíng jìn zhì	25459	in-ing,z-zh,j-q-x	1
极情纵欲	jí qíng zòng yù	25460	in-ing,z-zh,j-q-x	1
极智穷思	jí zhì qióng sī	25461	z-zh,s-sh,j-q-x	1
极深研几	jí shēn yán jī	25462	en-eng,an-ang,s-sh,j-q-x	1
极目远望	jí mù yuǎn wàng	25465	an-ang,uan-uang,j-q-x	1
极重不反	jí zhòng bù fǎn	25467	an-ang,z-zh,h-f,j-q-x	1
极重难返	jí zhòng nán fǎn	25468	an-ang,z-zh,n-l,h-f,j-q-x	1
构造地震	gòu zào dì zhèn	25473	en-eng,ao-ou,z-zh	1
枇杷门巷	pí pá mén xiàng	25474	en-eng,ian-iang,j-q-x	3
枉口嚼舌	wǎng kǒu jiáo shé	25475	an-ang,ao-ou,s-sh,j-q-x	1
枉墨矫绳	wǎng mò jiǎo shéng	25476	en-eng,an-ang,s-sh,j-q-x	1
枉尺直寻	wǎng chǐ zhí xún	25477	an-ang,z-zh,c-ch,j-q-x	1
枉己正人	wǎng jǐ zhèng rén	25478	en-eng,an-ang,z-zh,r-l,j-q-x	1
枉曲直凑	wǎng qǔ zhí còu	25479	an-ang,ao-ou,z-zh,c-ch,j-q-x	1
枉物难消	wǎng wù nán xiāo	25480	an-ang,n-l,j-q-x	1
枉直同贯	wǎng zhí tóng guàn	25481	an-ang,uan-uang,z-zh	1
枉矫过激	wǎng jiǎo guò jī	25482	an-ang,ua-uo,j-q-x	1
枉费工夫	wǎng fèi gōng fū	25483	an-ang,ai-ei,h-f	1
枉费心思	wǎng fèi xīn sī	25484	in-ing,an-ang,ai-ei,s-sh,h-f,j-q-x	1
析交离亲	xī jiāo lí qīn	25485	in-ing,n-l,r-l,j-q-x	1
析圭儋爵	xī guī dān jué	25486	an-ang,j-q-x	3
析圭分组	xī guī fēn zǔ	25487	en-eng,z-zh,h-f,j-q-x	3
析圭担爵	xī guī dān jué	25488	an-ang,j-q-x	3
析疑匡谬	xī yí kuāng miù	25490	uan-uang,j-q-x	3
析缕分条	xī lǚ fēn tiáo	25491	en-eng,n-l,h-f,r-l,j-q-x	1
析肝吐胆	xī gān tǔ dǎn	25492	an-ang,j-q-x	1
析骨而炊	xī gǔ ér chuī	25493	c-ch,j-q-x	1
枕中鸿宝	zhěn zhōng hóng bǎo	25494	en-eng,ao-ou,z-zh,h-f	1
枕山栖谷	zhěn shān qī gǔ	25497	en-eng,an-ang,z-zh,s-sh,j-q-x	1
枕山臂江	zhěn shān bì jiāng	25498	en-eng,an-ang,ian-iang,z-zh,s-sh,j-q-x	1
枕席过师	zhěn xí guò shī	25499	en-eng,ua-uo,z-zh,s-sh,j-q-x	1
枕席还师	zhěn xí huán shī	25500	en-eng,uan-uang,z-zh,s-sh,h-f,j-q-x	1
枕干之雠	zhěn gàn zhī chóu	25501	en-eng,an-ang,ao-ou,z-zh,c-ch	3
枕戈以待	zhěn gē yǐ dài	25502	en-eng,ai-ei,z-zh	1
枕戈待命	zhěn gē dài mìng	25503	en-eng,in-ing,ai-ei,z-zh	1
枕戈待敌	zhěn gē dài dí	25504	en-eng,ai-ei,z-zh	1
枕戈汗马	zhěn gē hàn mǎ	25506	en-eng,an-ang,z-zh,h-f	1
枕戈泣血	zhěn gē qì xuè	25507	en-eng,z-zh,j-q-x	1
枕戈饮血	zhěn gē yǐn xuè	25508	en-eng,in-ing,z-zh,j-q-x	1
枕曲藉糟	zhěn qū jiè zāo	25509	en-eng,ao-ou,ia-ie,z-zh,j-q-x	1
枕流漱石	zhěn liú shù shí	25510	en-eng,z-zh,s-sh,n-l,r-l	1
枕石嗽流	zhěn shí shù liú	25511	en-eng,z-zh,s-sh,n-l,r-l	1
枕石寝绳	zhěn shí qǐn shéng	25512	en-eng,in-ing,z-zh,s-sh,j-q-x	1
枕石漱流	zhěn shí shù liú	25513	en-eng,z-zh,s-sh,n-l,r-l	1
枕麹藉糟	zhěn qū jiè zāo	25516	en-eng,ao-ou,ia-ie,z-zh,j-q-x	5
林下清风	lín xià qīng fēng	25517	en-eng,in-ing,ia-ie,n-l,h-f,r-l,j-q-x	1
林下风度	lín xià fēng dù	25518	en-eng,in-ing,ia-ie,n-l,h-f,r-l,j-q-x	1
林下风气	lín xià fēng qì	25519	en-eng,in-ing,ia-ie,n-l,h-f,r-l,j-q-x	1
林下风致	lín xià fēng zhì	25520	en-eng,in-ing,ia-ie,z-zh,n-l,h-f,r-l,j-q-x	1
林下风范	lín xià fēng fàn	25521	en-eng,in-ing,an-ang,ia-ie,n-l,h-f,r-l,j-q-x	1
林下风韵	lín xià fēng yùn	25522	en-eng,in-ing,ia-ie,n-l,h-f,r-l,j-q-x	1
林下高风	lín xià gāo fēng	25523	en-eng,in-ing,ao-ou,ia-ie,n-l,h-f,r-l,j-q-x	1
林栖谷隐	lín qī gǔ yǐn	25529	in-ing,n-l,r-l,j-q-x	1
果于自信	guǒ yú zì xìn	25534	in-ing,ua-uo,z-zh,j-q-x	1
果刑信赏	guǒ xíng xìn shǎng	25535	in-ing,an-ang,ua-uo,s-sh,j-q-x	1
果熟蒂落	guǒ shú dì luò	25542	ua-uo,s-sh,n-l,r-l	1
果行育德	guǒ xíng yù dé	25543	in-ing,ua-uo,j-q-x	1
枝分叶散	zhī fēn yè sàn	25545	en-eng,an-ang,z-zh,s-sh,h-f	1
枝分缕解	zhī fēn lǚ jiě	25546	en-eng,ia-ie,z-zh,n-l,h-f,r-l,j-q-x	1
枝别条异	zhī bié tiáo yì	25547	ia-ie,z-zh	1
枝叶扶疏	zhī yè fú shū	25549	z-zh,s-sh,h-f	1
枝叶扶苏	zhī yè fú sū	25550	z-zh,s-sh,h-f	1
枝叶相持	zhī yè xiāng chí	25551	ian-iang,z-zh,c-ch,j-q-x	1
枝外生枝	zhī wài shēng zhī	25552	en-eng,ai-ei,z-zh,s-sh	1
枝大于本	zhī dà yú běn	25553	en-eng,z-zh	1
枝对叶比	zhī duì yè bǐ	25556	z-zh	1
枝布叶分	zhī bù yè fēn	25557	en-eng,z-zh,h-f	1
枝干相持	zhī gàn xiāng chí	25559	an-ang,ian-iang,z-zh,c-ch,j-q-x	1
枝末生根	zhī mò shēng gēn	25561	en-eng,z-zh,s-sh	1
枝枝节节	zhī zhī jié jié	25564	ia-ie,z-zh,j-q-x	1
枝流叶布	zhī liú yè bù	25568	z-zh,n-l,r-l	1
枝源派本	zhī yuán pài běn	25569	en-eng,uan-uang,ai-ei,z-zh	1
枝节横生	zhī jié héng shēng	25572	en-eng,ia-ie,z-zh,s-sh,h-f,j-q-x	1
枝词蔓语	zhī cí màn yǔ	25574	an-ang,z-zh,c-ch	1
枝词蔓说	zhī cí màn shuō	25575	an-ang,ua-uo,z-zh,c-ch,s-sh	1
枝辞蔓语	zhī cí màn yǔ	25576	an-ang,z-zh,c-ch	1
枝附叶从	zhī fù yè cóng	25577	z-zh,c-ch,h-f	1
枝附叶着	zhī fù yè zhuó	25578	ua-uo,z-zh,h-f	1
枝附叶著	zhī fù yè zhuó	25579	ua-uo,z-zh,h-f	1
枝附叶连	zhī fù yè lián	25580	ian-iang,z-zh,n-l,h-f,r-l	1
枝附影从	zhī fù yǐng cóng	25581	in-ing,z-zh,c-ch,h-f	1
枪烟炮雨	qiāng yān pào yǔ	25603	an-ang,ian-iang,ao-ou,j-q-x	1
枭蛇鬼怪	xiāo shé guǐ guài	25607	s-sh,j-q-x	3
枯体灰心	kū tǐ huī xīn	25608	in-ing,h-f,j-q-x	1
枯木发荣	kū mù fā róng	25611	h-f,r-l	1
枯枝再春	kū zhī zài chūn	25613	ai-ei,z-zh,c-ch	1
枯枝败叶	kū zhī bài yè	25614	ai-ei,z-zh	1
枯树生华	kū shù shēng huā	25615	en-eng,ua-uo,s-sh,h-f	1
枯苗望雨	kū miáo wàng yǔ	25616	an-ang	1
枯骨生肉	kū gǔ shēng ròu	25620	en-eng,ao-ou,s-sh,r-l	1
枵腹从公	xiāo fù cóng gōng	25622	c-ch,h-f,j-q-x	3
枵腹终朝	xiāo fù zhōng cháo	25623	ao-ou,z-zh,c-ch,h-f,j-q-x	3
架谎凿空	jià huǎng záo kōng	25631	uan-uang,ao-ou,ia-ie,z-zh,h-f,j-q-x	1
柏舟之节	bǎi zhōu zhī jié	25642	ai-ei,ao-ou,ia-ie,z-zh,j-q-x	1
柏舟之誓	bǎi zhōu zhī shì	25643	ai-ei,ao-ou,z-zh,s-sh	1
染神刻骨	rǎn shén kè gǔ	25649	en-eng,an-ang,s-sh,r-l	1
染须种齿	rǎn xū zhǒng chǐ	25651	an-ang,z-zh,c-ch,r-l,j-q-x	1
染风习俗	rǎn fēng xí sú	25652	en-eng,an-ang,s-sh,h-f,r-l,j-q-x	1
柔心弱骨	róu xīn ruò gǔ	25656	in-ing,ao-ou,ua-uo,r-l,j-q-x	1
柔情侠骨	róu qíng xiá gǔ	25657	in-ing,ao-ou,ia-ie,r-l,j-q-x	1
柔情绰态	róu qíng chuò tài	25658	in-ing,ai-ei,ao-ou,ua-uo,c-ch,r-l,j-q-x	1
柔枝嫩叶	róu zhī nèn yè	25660	en-eng,ao-ou,z-zh,n-l,r-l	1
柔枝嫩条	róu zhī nèn tiáo	25661	en-eng,ao-ou,z-zh,n-l,r-l	1
柔筋脆骨	róu jīn cuì gǔ	25662	in-ing,ao-ou,c-ch,r-l,j-q-x	1
柔而不犯	róu ér bù fàn	25663	an-ang,ao-ou,h-f,r-l	1
柔肠百结	róu cháng bǎi jié	25664	an-ang,ai-ei,ao-ou,ia-ie,c-ch,r-l,j-q-x	1
柔肠百转	róu cháng bǎi zhuǎn	25665	an-ang,uan-uang,ai-ei,ao-ou,z-zh,c-ch,r-l	1
柔肤弱体	róu fū ruò tǐ	25666	ao-ou,ua-uo,h-f,r-l	1
柔能制刚	róu néng zhì gāng	25667	en-eng,an-ang,ao-ou,z-zh,n-l,r-l	1
柔茹刚吐	róu rú gāng tǔ	25668	an-ang,ao-ou,r-l	3
柔远怀来	róu yuǎn huái lái	25669	uan-uang,ai-ei,ao-ou,n-l,h-f,r-l	1
柔远怀迩	róu yuǎn huái ěr	25670	uan-uang,ao-ou,h-f,r-l	3
柔远绥怀	róu yuǎn suí huái	25671	uan-uang,ao-ou,s-sh,h-f,r-l	3
柔远能迩	róu yuǎn néng ěr	25672	en-eng,uan-uang,ao-ou,n-l,r-l	3
柔远镇迩	róu yuǎn zhèn ěr	25673	en-eng,uan-uang,ao-ou,z-zh,r-l	3
查无实据	chá wú shí jù	25706	c-ch,s-sh,j-q-x	1
柱天踏地	zhù tiān tà dì	25734	ian-iang,z-zh	1
柱小倾大	zhù xiǎo qīng dà	25735	in-ing,z-zh,j-q-x	1
柱石之坚	zhù shí zhī jiān	25737	ian-iang,z-zh,s-sh,j-q-x	1
柳夭桃艳	liǔ yāo táo yàn	25741	an-ang,ao-ou,n-l,r-l	1
柳巷花街	liǔ xiàng huā jiē	25744	ian-iang,ia-ie,ua-uo,n-l,h-f,r-l,j-q-x	1
柳折花残	liǔ zhé huā cán	25745	an-ang,ua-uo,z-zh,c-ch,n-l,h-f,r-l	1
柳眉倒竖	liǔ méi dào shù	25750	ai-ei,ao-ou,s-sh,n-l,r-l	1
柳绿桃红	liǔ lǜ táo hóng	25751	ao-ou,n-l,h-f,r-l	1
柳绿花红	liǔ lǜ huā hóng	25752	ua-uo,n-l,h-f,r-l	1
柳莺花燕	liǔ yīng huā yàn	25754	in-ing,an-ang,ua-uo,n-l,h-f,r-l	1
柳街花巷	liǔ jiē huā xiàng	25755	ian-iang,ia-ie,ua-uo,n-l,h-f,r-l,j-q-x	1
柳门竹巷	liǔ mén zhú xiàng	25756	en-eng,ian-iang,z-zh,n-l,r-l,j-q-x	1
柳骨颜筋	liǔ gǔ yán jīn	25757	in-ing,an-ang,n-l,r-l,j-q-x	1
柴毁骨立	chái huǐ gǔ lì	25759	ai-ei,c-ch,n-l,h-f,r-l	1
柴立不阿	chái lì bù ē	25761	ai-ei,c-ch,n-l,r-l	1
柴米夫妻	chái mǐ fū qī	25762	ai-ei,c-ch,h-f,j-q-x	1
标准时区	biāo zhǔn shí qū	25772	z-zh,s-sh,j-q-x	1
标同伐异	biāo tóng fá yì	25775	h-f	1
标情夺趣	biāo qíng duó qù	25779	in-ing,ua-uo,j-q-x	1
标新创异	biāo xīn chuàng yì	25780	in-ing,uan-uang,c-ch,j-q-x	1
标枝野鹿	biāo zhī yě lù	25782	z-zh,n-l,r-l	1
标题音乐	biāo tí yīn yuè	25791	in-ing	1
栉比鳞差	zhì bǐ lín chà	25792	in-ing,z-zh,c-ch,n-l,r-l	3
栉沐风雨	zhì mù fēng yǔ	25793	en-eng,z-zh,h-f	3
栉霜沐露	zhì shuāng mù lù	25794	uan-uang,z-zh,s-sh,n-l,r-l	3
栉风酾雨	zhì fēng shī yǔ	25796	en-eng,z-zh,s-sh,h-f	7
栋折榱坏	dòng shé cuī huài	25797	c-ch,s-sh,h-f	3
栋折榱崩	dòng zhé cuī bēng	25798	en-eng,z-zh,c-ch	3
栎阳雨金	lì yáng yǔ jīn	25801	in-ing,an-ang,n-l,r-l,j-q-x	3
树上开花	shù shàng kāi huā	25806	an-ang,ai-ei,ua-uo,s-sh,h-f	1
树俗立化	shù sú lì huà	25807	ua-uo,s-sh,n-l,h-f,r-l	1
树倒根摧	shù dǎo gēn cuī	25808	en-eng,ao-ou,c-ch,s-sh	1
树同拔异	shù tóng bá yì	25813	s-sh	1
树大根深	shù dà gēn shēn	25815	en-eng,s-sh	1
树高招风	shù gāo zhāo fēng	25828	en-eng,ao-ou,z-zh,s-sh,h-f	1
栖丘饮谷	qī qiū yǐn gǔ	25832	in-ing,j-q-x	1
栖冲业简	qī chōng yè jiǎn	25833	ian-iang,c-ch,j-q-x	1
栖栖遑遑	qī qī huáng huáng	25837	uan-uang,h-f,j-q-x	3
栖风宿雨	qī fēng xiǔ yǔ	25841	en-eng,h-f,j-q-x	1
校短推长	xiào duǎn tuī cháng	25872	an-ang,uan-uang,c-ch,j-q-x	1
校短量长	jiào duǎn liáng cháng	25873	an-ang,ian-iang,uan-uang,c-ch,n-l,r-l,j-q-x	1
株连蔓引	zhū lián màn yǐn	25885	in-ing,an-ang,ian-iang,z-zh,n-l,r-l	1
根壮叶茂	gēn zhuàng yè mào	25936	en-eng,uan-uang,ao-ou,z-zh	1
根孤伎薄	gēn gū jì báo	25937	en-eng,ao-ou,j-q-x	3
根据槃互	gēn jù pán hù	25942	en-eng,an-ang,h-f,j-q-x	5
根据盘互	gēn jù pán hù	25943	en-eng,an-ang,h-f,j-q-x	1
根株结盘	gēn zhū jié pán	25944	en-eng,an-ang,ia-ie,z-zh,j-q-x	1
根株附丽	gēn zhū fù lì	25945	en-eng,z-zh,n-l,h-f,r-l	1
根椽片瓦	gēn chuán piàn wǎ	25946	en-eng,ian-iang,uan-uang,c-ch	3
根深枝茂	gēn shēn zhī mào	25948	en-eng,ao-ou,z-zh,s-sh	1
根深柢固	gēn shēn dǐ gù	25949	en-eng,s-sh	3
根深蒂结	gēn shēn dì jié	25950	en-eng,ia-ie,s-sh,j-q-x	1
根生土长	gēn shēng tǔ zhǎng	25951	en-eng,an-ang,z-zh,s-sh	1
根盘蒂结	gēn pán dì jié	25953	en-eng,an-ang,ia-ie,j-q-x	1
根结盘固	gēn jié pán gù	25955	en-eng,an-ang,ia-ie,j-q-x	1
根结盘据	gēn jié pán jù	25956	en-eng,an-ang,ia-ie,j-q-x	1
根蟠节错	gēn pán jié cuò	25957	en-eng,an-ang,ia-ie,ua-uo,c-ch,j-q-x	3
格不相入	gé bù xiāng rù	25958	ian-iang,r-l,j-q-x	1
格杀不论	gé shā bù lùn	25960	s-sh,n-l,r-l	1
格杀弗论	gé shā fú lùn	25962	s-sh,n-l,h-f,r-l	1
格杀无论	gé shā wú lùn	25963	s-sh,n-l,r-l	1
格格不吐	gē gē bù tǔ	25966		1
格格不纳	gē gē bù nà	25967	n-l	1
格高意远	gé gāo yì yuǎn	25971	uan-uang,ao-ou	1
桀傲不恭	jié ào bù gōng	25976	ao-ou,ia-ie,j-q-x	3
桀傲不驯	jié ào bù xùn	25977	ao-ou,ia-ie,j-q-x	3
桀敖不驯	jié áo bù xùn	25978	ao-ou,ia-ie,j-q-x	3
桀骜不恭	jié ào bù gōng	25979	ao-ou,ia-ie,j-q-x	3
桀骜不逊	jié ào bù xùn	25980	ao-ou,ia-ie,j-q-x	3
桀骜难驯	jié ào nán xùn	25982	an-ang,ao-ou,ia-ie,n-l,j-q-x	3
桂子兰孙	guì zǐ lán sūn	25985	an-ang,z-zh,s-sh,n-l,r-l	1
桂折一枝	guì shé yī zhī	25986	z-zh,s-sh	1
桂折兰摧	guì shé lán cuī	25987	an-ang,c-ch,s-sh,n-l,r-l	1
桂林一枝	guì lín yī zhī	25988	in-ing,z-zh,n-l,r-l	1
桂枝片玉	guì zhī piàn yù	25990	ian-iang,z-zh	1
桂玉之地	guì yù zhī dì	25991	z-zh	1
桂酒椒浆	guì jiǔ jiāo jiāng	25992	ian-iang,j-q-x	1
桃李之教	táo lǐ zhī jiào	25993	ao-ou,z-zh,n-l,r-l,j-q-x	1
桃李春风	táo lǐ chūn fēng	25994	en-eng,ao-ou,c-ch,n-l,h-f,r-l	1
桃来李答	táo lái lǐ dá	25995	ai-ei,ao-ou,n-l,r-l	1
桃蹊柳曲	táo qī liǔ qǔ	26000	ao-ou,n-l,r-l,j-q-x	3
案甲休兵	àn jiǎ xiū bīng	26008	in-ing,an-ang,ia-ie,j-q-x	1
桌面儿上	zhuō miàn ér shàng	26013	an-ang,ian-iang,ua-uo,z-zh,s-sh	1
桑中之喜	sāng zhōng zhī xǐ	26016	an-ang,z-zh,s-sh,j-q-x	1
桑中之约	sāng zhōng zhī yuē	26017	an-ang,z-zh,s-sh	1
桑土绸缪	sāng tǔ chóu miù	26019	an-ang,ao-ou,c-ch,s-sh	3
桑户棬枢	sāng hù juàn shū	26020	an-ang,uan-uang,s-sh,h-f,j-q-x	5
桑榆之景	sāng yú zhī jǐng	26023	in-ing,an-ang,z-zh,s-sh,j-q-x	1
桑榆暮景	sāng yú mù jǐng	26024	in-ing,an-ang,s-sh,j-q-x	1
桑榆末景	sāng yú mò jǐng	26025	in-ing,an-ang,s-sh,j-q-x	1
桑给巴尔	sāng gěi bā ěr	26026	an-ang,ai-ei,s-sh	1
桑荫不徙	sāng yīn bù xǐ	26027	in-ing,an-ang,s-sh,j-q-x	1
桑荫未移	sāng yīn wèi yí	26028	in-ing,an-ang,ai-ei,s-sh	1
桑落瓦解	sāng luò wǎ jiě	26029	an-ang,ia-ie,ua-uo,s-sh,n-l,r-l,j-q-x	1
桑间之咏	sāng jiān zhī yǒng	26032	an-ang,ian-iang,z-zh,s-sh,j-q-x	1
桑间之约	sāng jiān zhī yuē	26033	an-ang,ian-iang,z-zh,s-sh,j-q-x	1
桑间之音	sāng jiān zhī yīn	26034	in-ing,an-ang,ian-iang,z-zh,s-sh,j-q-x	1
桑间濮上	sāng jiān pú shàng	26035	an-ang,ian-iang,s-sh,j-q-x	3
桴鼓相应	fú gǔ xiāng yìng	26050	in-ing,ian-iang,h-f,j-q-x	3
梁孟相敬	liáng mèng xiāng jìng	26052	en-eng,in-ing,ian-iang,n-l,r-l,j-q-x	1
梅妻鹤子	méi qī hè zǐ	26053	ai-ei,z-zh,h-f,j-q-x	1
梗泛萍漂	gěng fàn píng piāo	26059	en-eng,in-ing,an-ang,h-f	1
梗着脖子	gěng zhe bó zi	26060	en-eng,z-zh	1
梗顽不化	gěng wán bù huà	26061	en-eng,an-ang,ua-uo,h-f	1
梦中说梦	mèng zhōng shuō mèng	26062	en-eng,ua-uo,z-zh,s-sh	1
梦幻泡影	mèng huàn pào yǐng	26063	en-eng,in-ing,uan-uang,ao-ou,h-f	1
梦想颠倒	mèng xiǎng diān dǎo	26064	en-eng,ian-iang,ao-ou,j-q-x	1
梦撒寮丁	mèng sā liáo dīng	26065	en-eng,in-ing,s-sh,n-l,r-l	3
梦撒撩丁	mèng sā liáo dīng	26066	en-eng,in-ing,s-sh,n-l,r-l	1
梦见周公	mèng jiàn zhōu gōng	26067	en-eng,ian-iang,ao-ou,z-zh,j-q-x	1
梦里南轲	mèng lǐ nán kē	26068	en-eng,an-ang,n-l,r-l	3
梦魂颠倒	mèng hún diān dǎo	26069	en-eng,ian-iang,ao-ou,h-f	1
梧桐断角	wú tóng duàn jiǎo	26071	uan-uang,j-q-x	1
梨园子弟	lí yuán zǐ dì	26072	uan-uang,z-zh,n-l,r-l	1
梨园弟子	lí yuán dì zǐ	26073	uan-uang,z-zh,n-l,r-l	1
梨眉艾发	lí méi ài fā	26074	ai-ei,n-l,h-f,r-l	1
梨花带雨	lí huā dài yǔ	26075	ai-ei,ua-uo,n-l,h-f,r-l	1
梭天摸地	suō tiān mō dì	26076	ian-iang,ua-uo,s-sh	1
梳妆打扮	shū zhuāng dǎ bàn	26078	an-ang,uan-uang,z-zh,s-sh	1
梵册贝叶	fàn cè bèi yè	26080	an-ang,ai-ei,c-ch,h-f	3
棉红蜘蛛	mián hóng zhī zhū	26088	ian-iang,z-zh,h-f	1
棋布错峙	qí bù cuò zhì	26092	ua-uo,z-zh,c-ch,j-q-x	3
棋输先着	qí shū xiān zhāo	26095	ian-iang,ao-ou,z-zh,s-sh,j-q-x	1
棋输先著	qí shū xiān zhuó	26096	ian-iang,ua-uo,z-zh,s-sh,j-q-x	1
棘地荆天	jí dì jīng tiān	26108	in-ing,ian-iang,j-q-x	1
森罗万象	sēn luó wàn xiàng	26113	en-eng,an-ang,ian-iang,ua-uo,s-sh,n-l,r-l,j-q-x	1
植发冲冠	zhí fà chōng guàn	26121	uan-uang,z-zh,c-ch,h-f	1
植发穿冠	zhí fà chuān guàn	26122	uan-uang,z-zh,c-ch,h-f	1
植善倾恶	zhí shàn qīng è	26123	in-ing,an-ang,z-zh,s-sh,j-q-x	1
椎埋屠狗	chuí mái tú gǒu	26126	ai-ei,ao-ou,c-ch	1
椎埋狗窃	chuí mái gǒu qiè	26127	ai-ei,ao-ou,ia-ie,c-ch,j-q-x	1
椎天抢地	chuí tiān qiǎng dì	26128	ian-iang,c-ch,j-q-x	1
椎心呕血	chuí xīn ǒu xuè	26129	in-ing,ao-ou,c-ch,j-q-x	1
椎心泣血	chuí xīn qì xuè	26130	in-ing,c-ch,j-q-x	1
椎心顿足	chuí xīn dùn zú	26131	in-ing,z-zh,c-ch,j-q-x	1
椎心饮泣	chuí xīn yǐn qì	26132	in-ing,c-ch,j-q-x	1
椎牛发冢	chuí niú fā zhǒng	26133	z-zh,c-ch,n-l,h-f	3
椎牛歃血	chuí niú shà xuè	26134	c-ch,s-sh,n-l,j-q-x	3
椎牛飨士	chuí niú xiǎng shì	26135	ian-iang,c-ch,s-sh,n-l,j-q-x	3
椎肤剥体	chuí fū bō tǐ	26136	c-ch,h-f	1
椎肤剥髓	chuí fū bō suǐ	26137	c-ch,s-sh,h-f	1
椎胸跌足	chuí xiōng diē zú	26138	ia-ie,z-zh,c-ch,j-q-x	1
椎胸顿足	chuí xiōng dùn zú	26139	z-zh,c-ch,j-q-x	1
椎膺顿足	chuí yīng dùn zú	26140	in-ing,z-zh,c-ch	3
椎锋陷阵	chuí fēng xiàn zhèn	26141	en-eng,ian-iang,z-zh,c-ch,h-f,j-q-x	1
椎锋陷陈	chuí fēng xiàn chén	26142	en-eng,ian-iang,c-ch,h-f,j-q-x	1
椎髻布衣	zhuī jì bù yī	26143	z-zh,j-q-x	3
椒焚桂折	jiāo fén guì zhé	26144	en-eng,z-zh,h-f,j-q-x	1
椿萱并茂	chūn xuān bìng mào	26150	in-ing,uan-uang,ao-ou,c-ch,j-q-x	3
楚云湘雨	chǔ yún xiāng yǔ	26152	ian-iang,c-ch,j-q-x	1
楚囊之情	chǔ náng zhī qíng	26154	in-ing,an-ang,z-zh,c-ch,n-l,j-q-x	1
楚囚相对	chǔ qiú xiāng duì	26155	ian-iang,c-ch,j-q-x	1
楚天云雨	chǔ tiān yún yǔ	26156	ian-iang,c-ch	1
楚尾吴头	chǔ wěi wú tóu	26157	ai-ei,ao-ou,c-ch	1
楚弓复得	chǔ gōng fù dé	26158	c-ch,h-f	1
楚弓楚得	chǔ gōng chǔ dé	26159	c-ch	1
楚得楚弓	chǔ dé chǔ gōng	26160	c-ch	1
楚梦云雨	chǔ mèng yún yǔ	26161	en-eng,c-ch	1
楚楚不凡	chǔ chǔ bù fán	26162	an-ang,c-ch,h-f	1
楚楚可人	chǔ chǔ kě rén	26163	en-eng,c-ch,r-l	1
楚楚可怜	chǔ chǔ kě lián	26164	ian-iang,c-ch,n-l,r-l	1
楚楚可爱	chǔ chǔ kě ài	26165	ai-ei,c-ch	1
楚楚有致	chǔ chǔ yǒu zhì	26166	ao-ou,z-zh,c-ch	1
楚歌四合	chǔ gē sì hé	26167	c-ch,s-sh,h-f	1
楚璧隋珍	chǔ bì suí zhēn	26169	en-eng,z-zh,c-ch,s-sh	1
楚腰纤细	chǔ yāo xiān xì	26170	ian-iang,ao-ou,c-ch,j-q-x	1
楚雨巫云	chǔ yǔ wū yún	26171	c-ch	1
楞头呆脑	léng tóu dāi nǎo	26175	en-eng,ai-ei,ao-ou,n-l,r-l	5
楞头楞脑	léng tóu léng nǎo	26176	en-eng,ao-ou,n-l,r-l	5
楞头磕脑	léng tóu kē nǎo	26177	en-eng,ao-ou,n-l,r-l	5
楞眉横眼	lèng méi héng yǎn	26178	en-eng,an-ang,ai-ei,n-l,h-f,r-l	5
楼台亭阁	lóu tái tíng gé	26187	in-ing,ai-ei,ao-ou,n-l,r-l	1
楼阁亭台	lóu gé tíng tái	26192	in-ing,ai-ei,ao-ou,n-l,r-l	1
楼阁台榭	lóu gé tái xiè	26193	ai-ei,ao-ou,ia-ie,n-l,r-l,j-q-x	3
榆木脑壳	yú mù nǎo ké	26212	ao-ou,n-l	1
榆枋之见	yú fāng zhī jiàn	26213	an-ang,ian-iang,z-zh,h-f,j-q-x	3
榆瞑豆重	yú míng dòu zhòng	26214	in-ing,ao-ou,z-zh	3
榜上无名	bǎng shàng wú míng	26217	in-ing,an-ang,s-sh	1
榱崩栋折	cuī bēng dòng shé	26228	en-eng,c-ch,s-sh	3
榱栋崩折	cuī dòng bēng shé	26229	en-eng,c-ch,s-sh	3
槁项没齿	gǎo xiàng mò chǐ	26236	ian-iang,ao-ou,c-ch,j-q-x	3
槃根错节	pán gēn cuò jié	26237	en-eng,an-ang,ia-ie,ua-uo,c-ch,j-q-x	5
槊血满袖	shuò xuè mǎn xiù	26238	an-ang,ua-uo,s-sh,j-q-x	3
槌仁提义	chuí rén tí yì	26239	en-eng,c-ch,r-l	3
槌胸蹋地	chuí xiōng tà dì	26240	c-ch,j-q-x	3
槐南一梦	huái nán yī mèng	26241	en-eng,an-ang,n-l,h-f	1
槛花笼鹤	jiàn huā lóng hè	26243	ian-iang,ua-uo,n-l,h-f,r-l,j-q-x	1
樗栎庸材	chū lì yōng cái	26253	ai-ei,c-ch,n-l,r-l	3
模山范水	mó shān fàn shuǐ	26259	an-ang,s-sh,h-f	1
模式识别	mó shì shí bié	26261	ia-ie,s-sh	1
模棱两端	mó léng liǎng duān	26268	en-eng,ian-iang,uan-uang,n-l,r-l	1
模模糊糊	mó mó hú hú	26269	h-f	1
横三竖四	héng sān shù sì	26274	en-eng,an-ang,s-sh,h-f	1
横三顺四	héng sān shùn sì	26275	en-eng,an-ang,s-sh,h-f	1
横从穿贯	héng cóng chuān guàn	26278	en-eng,uan-uang,c-ch,h-f	1
横倒竖卧	héng dǎo shù wò	26279	en-eng,ao-ou,s-sh,h-f	1
横冲直闯	héng chōng zhí chuǎng	26282	en-eng,uan-uang,z-zh,c-ch,h-f	1
横刀揭斧	héng dāo jiē fǔ	26283	en-eng,ao-ou,ia-ie,h-f,j-q-x	1
横刀跃马	héng dāo yuè mǎ	26284	en-eng,ao-ou,h-f	1
横加梗阻	hèng jiā gěng zǔ	26288	en-eng,ia-ie,z-zh,h-f,j-q-x	1
横峰侧岭	héng fēng cè lǐng	26294	en-eng,in-ing,c-ch,n-l,h-f,r-l	1
横征暴赋	hèng zhēng bào fù	26297	en-eng,ao-ou,z-zh,h-f	1
横征苛役	hèng zhēng kē yì	26298	en-eng,z-zh,h-f	1
横征苛敛	hèng zhēng kē liǎn	26299	en-eng,ian-iang,z-zh,n-l,h-f,r-l	1
横恩滥赏	hèng ēn làn shǎng	26302	en-eng,an-ang,s-sh,n-l,h-f,r-l	1
横戈盘马	héng gē pán mǎ	26303	en-eng,an-ang,h-f	1
横戈跃马	héng gē yuè mǎ	26304	en-eng,h-f	1
横扫千军	héng sǎo qiān jūn	26306	en-eng,ian-iang,ao-ou,s-sh,h-f,j-q-x	1
横抢武夺	hèng qiǎng wǔ duó	26308	en-eng,ian-iang,ua-uo,h-f,j-q-x	1
横抢硬夺	hèng qiǎng yìng duó	26309	en-eng,in-ing,ian-iang,ua-uo,h-f,j-q-x	1
横拖倒扯	héng tuō dào chě	26311	en-eng,ao-ou,ua-uo,c-ch,h-f	1
横拖倒拽	héng tuō dào zhuāi	26312	en-eng,ao-ou,ua-uo,z-zh,h-f	1
横拖竖拉	héng tuō shù lā	26313	en-eng,ua-uo,s-sh,n-l,h-f,r-l	1
横拦竖挡	héng lán shù dǎng	26314	en-eng,an-ang,s-sh,n-l,h-f,r-l	1
横无忌惮	hèng wú jì dàn	26319	en-eng,an-ang,h-f,j-q-x	3
横枪跃马	héng qiāng yuè mǎ	26323	en-eng,ian-iang,h-f,j-q-x	1
横槊赋诗	héng shuò fù shī	26326	en-eng,ua-uo,s-sh,h-f	3
横殃飞祸	hèng yāng fēi huò	26328	en-eng,an-ang,ai-ei,ua-uo,h-f	1
横灾飞祸	hèng zāi fēi huò	26331	en-eng,ai-ei,ua-uo,z-zh,h-f	1
横眉冷目	héng méi lěng mù	26338	en-eng,ai-ei,n-l,h-f,r-l	1
横眉冷眼	héng méi lěng yǎn	26339	en-eng,an-ang,ai-ei,n-l,h-f,r-l	1
横眉努目	héng méi nǔ mù	26340	en-eng,ai-ei,n-l,h-f	1
横眉吐气	héng méi tǔ qì	26341	en-eng,ai-ei,h-f,j-q-x	1
横眉怒视	héng méi nù shì	26343	en-eng,ai-ei,s-sh,n-l,h-f	1
横眉瞪目	héng méi dèng mù	26344	en-eng,ai-ei,h-f	1
横眉瞪眼	héng méi dèng yǎn	26345	en-eng,an-ang,ai-ei,h-f	1
横眉立目	héng méi lì mù	26346	en-eng,ai-ei,n-l,h-f,r-l	1
横眉立眼	héng méi lì yǎn	26347	en-eng,an-ang,ai-ei,n-l,h-f,r-l	1
横眉竖眼	héng méi shù yǎn	26349	en-eng,an-ang,ai-ei,s-sh,h-f	1
横祸非灾	hèng huò fēi zāi	26351	en-eng,ai-ei,ua-uo,z-zh,h-f	1
横祸飞灾	hèng huò fēi zāi	26352	en-eng,ai-ei,ua-uo,z-zh,h-f	1
横科暴敛	hèng kē bào liǎn	26353	en-eng,ian-iang,ao-ou,n-l,h-f,r-l	1
横翔捷出	héng xiáng jié chū	26359	en-eng,ian-iang,ia-ie,c-ch,h-f,j-q-x	1
横草之功	héng cǎo zhī gōng	26362	en-eng,ao-ou,z-zh,c-ch,h-f	1
横蛮无理	hèng mán wú lǐ	26365	en-eng,an-ang,n-l,h-f,r-l	1
横行不法	héng xíng bù fǎ	26367	en-eng,in-ing,h-f,j-q-x	1
横行天下	héng xíng tiān xià	26368	en-eng,in-ing,ian-iang,ia-ie,h-f,j-q-x	1
横行直撞	héng xíng zhí zhuàng	26370	en-eng,in-ing,uan-uang,z-zh,h-f,j-q-x	1
横行直走	héng xíng zhí zǒu	26371	en-eng,in-ing,ao-ou,z-zh,h-f,j-q-x	1
横行逆施	héng xíng nì shī	26372	en-eng,in-ing,s-sh,n-l,h-f,j-q-x	1
横见侧出	héng jiàn cè chū	26375	en-eng,ian-iang,c-ch,h-f,j-q-x	1
横说竖说	héng shuō shù shuō	26378	en-eng,ua-uo,s-sh,h-f	1
横赋暴敛	héng fù bào liǎn	26381	en-eng,ian-iang,ao-ou,n-l,h-f,r-l	1
横遮竖挡	héng zhē shù dǎng	26389	en-eng,an-ang,z-zh,s-sh,h-f	1
横金拖玉	héng jīn tuō yù	26390	en-eng,in-ing,ua-uo,h-f,j-q-x	1
横针竖线	héng zhēn shù xiàn	26391	en-eng,ian-iang,z-zh,s-sh,h-f,j-q-x	1
横驱别骛	héng qū bié wù	26395	en-eng,ia-ie,h-f,j-q-x	3
樵苏不爨	qiáo sū bù cuàn	26397	uan-uang,c-ch,s-sh,j-q-x	3
樵苏失爨	qiáo sū shī cuàn	26398	uan-uang,c-ch,s-sh,j-q-x	3
樽俎折冲	zūn zǔ zhé chōng	26399	z-zh,c-ch	3
樽酒论文	zūn jiǔ lùn wén	26400	en-eng,z-zh,n-l,r-l,j-q-x	3
橘化为枳	jú huà wéi zhǐ	26405	ai-ei,ua-uo,z-zh,h-f,j-q-x	3
橙黄桔绿	chéng huáng jú lǜ	26413	en-eng,uan-uang,c-ch,n-l,h-f,r-l,j-q-x	1
橙黄橘绿	chéng huáng jú lǜ	26414	en-eng,uan-uang,c-ch,n-l,h-f,r-l,j-q-x	1
橡皮钉子	xiàng pí dìng zǐ	26423	in-ing,ian-iang,z-zh,j-q-x	1
檀郎谢女	tán láng xiè nǚ	26427	an-ang,ia-ie,n-l,r-l,j-q-x	1
欢呼雀跃	huān hū què yuè	26443	uan-uang,h-f,j-q-x	1
欢喜冤家	huān xǐ yuān jiā	26444	uan-uang,ia-ie,h-f,j-q-x	1
欢喜若狂	huān xǐ ruò kuáng	26445	uan-uang,ua-uo,h-f,r-l,j-q-x	1
欢欣若狂	huān xīn ruò kuáng	26452	in-ing,uan-uang,ua-uo,h-f,r-l,j-q-x	1
欢若平生	huān ruò píng shēng	26454	en-eng,in-ing,uan-uang,ua-uo,s-sh,h-f,r-l	1
欢迸乱跳	huān bèng luàn tiào	26457	en-eng,uan-uang,n-l,h-f,r-l	3
欣欣自得	xīn xīn zì dé	26459	in-ing,z-zh,j-q-x	1
欣然自得	xīn rán zì dé	26460	in-ing,an-ang,z-zh,r-l,j-q-x	1
欧亚大陆	ōu yà dà lù	26462	ao-ou,n-l,r-l	1
欧风美雨	ōu fēng měi yǔ	26467	en-eng,ai-ei,ao-ou,h-f	1
欲加之罪	yù jiā zhī zuì	26468	ia-ie,z-zh,j-q-x	1
欲取姑予	yù qǔ gū yǔ	26469	j-q-x	1
欲取故予	yù qǔ gù yǔ	26470	j-q-x	1
欲盖而彰	yù gài ér zhāng	26475	an-ang,ai-ei,z-zh	1
欲速不达	yù sù bù dá	26477	s-sh	1
欹嵚历落	qī qīn lì luò	26479	in-ing,ua-uo,n-l,r-l,j-q-x	5
欺三瞒四	qī sān mán sì	26480	an-ang,s-sh,j-q-x	1
欺上罔下	qī shàng wǎng xià	26482	an-ang,ia-ie,s-sh,j-q-x	3
欺上蒙下	qī shàng mēng xià	26483	en-eng,an-ang,ia-ie,s-sh,j-q-x	1
欺君罔上	qī jūn wǎng shàng	26486	an-ang,s-sh,j-q-x	3
欺善怕恶	qī shàn pà è	26488	an-ang,s-sh,j-q-x	1
欺大压小	qī dà yā xiǎo	26489	j-q-x	1
欺天罔地	qī tiān wǎng dì	26490	an-ang,ian-iang,j-q-x	3
欺天诳地	qī tiān kuáng dì	26491	ian-iang,uan-uang,j-q-x	3
款曲周至	kuǎn qǔ zhōu zhì	26498	uan-uang,ao-ou,z-zh,j-q-x	1
款语温言	kuǎn yǔ wēn yán	26501	en-eng,an-ang,uan-uang	1
歃血为盟	shà xuè wéi méng	26503	en-eng,ai-ei,s-sh,j-q-x	3
歌台舞榭	gē tái wǔ xiè	26512	ai-ei,ia-ie,j-q-x	3
歌莺舞燕	gē yīng wǔ yàn	26520	in-ing,an-ang	1
歙漆阿胶	shè qī ē jiāo	26523	s-sh,j-q-x	3
止戈为武	zhǐ gē wéi wǔ	26524	ai-ei,z-zh	1
止戈兴仁	zhǐ gē xīng rén	26525	en-eng,in-ing,z-zh,r-l,j-q-x	1
止戈散马	zhǐ gē sàn mǎ	26526	an-ang,z-zh,s-sh	1
止暴禁非	zhǐ bào jìn fēi	26527	in-ing,ai-ei,ao-ou,z-zh,h-f,j-q-x	1
止渴思梅	zhǐ kě sī méi	26529	ai-ei,z-zh,s-sh	1
止谈风月	zhǐ tán fēng yuè	26532	en-eng,an-ang,z-zh,h-f	1
正中己怀	zhèng zhòng jǐ huái	26536	en-eng,z-zh,h-f,j-q-x	1
正儿巴经	zhèng ér bā jīng	26549	en-eng,in-ing,z-zh,j-q-x	1
正冠李下	zhèng guàn lǐ xià	26551	en-eng,uan-uang,ia-ie,z-zh,n-l,r-l,j-q-x	1
正冠纳履	zhèng guàn nà lǚ	26552	en-eng,uan-uang,z-zh,n-l,r-l	1
正名定分	zhèng míng dìng fēn	26564	en-eng,in-ing,z-zh,h-f	1
正声雅音	zhèng shēng yǎ yīn	26570	en-eng,in-ing,z-zh,s-sh	1
正多边形	zhèng duō biān xíng	26571	en-eng,in-ing,ian-iang,ua-uo,z-zh,j-q-x	1
正多面体	zhèng duō miàn tǐ	26572	en-eng,ian-iang,ua-uo,z-zh	1
正大堂煌	zhèng dà táng huáng	26575	en-eng,an-ang,uan-uang,z-zh,h-f	1
正大堂皇	zhèng dà táng huáng	26576	en-eng,an-ang,uan-uang,z-zh,h-f	1
正始之音	zhèng shǐ zhī yīn	26579	en-eng,in-ing,z-zh,s-sh	1
正容亢色	zhèng róng kàng sè	26586	en-eng,an-ang,z-zh,s-sh,r-l	1
正心诚意	zhèng xīn chéng yì	26600	en-eng,in-ing,z-zh,c-ch,j-q-x	1
正明公道	zhèng míng gōng dào	26612	en-eng,in-ing,ao-ou,z-zh	1
正本澄源	zhèng běn chéng yuán	26618	en-eng,uan-uang,z-zh,c-ch	1
正正之旗	zhèng zhèng zhī qí	26624	en-eng,z-zh,j-q-x	1
正正堂堂	zhèng zhèng táng táng	26625	en-eng,an-ang,z-zh	1
正正气气	zhèng zhèng qì qì	26626	en-eng,z-zh,j-q-x	1
正正经经	zhèng zhèng jīng jīng	26627	en-eng,in-ing,z-zh,j-q-x	1
正法直度	zhèng fǎ zhí dù	26636	en-eng,z-zh,h-f	1
正法眼藏	zhèng fǎ yǎn cáng	26637	en-eng,an-ang,z-zh,c-ch,h-f	1
正理平治	zhèng lǐ píng zhì	26644	en-eng,in-ing,z-zh,n-l,r-l	1
正直无私	zhèng zhí wú sī	26650	en-eng,z-zh,s-sh	1
正直无邪	zhèng zhí wú xié	26651	en-eng,ia-ie,z-zh,j-q-x	1
正经八本	zhèng jīng bā běn	26655	en-eng,in-ing,z-zh,j-q-x	1
正经八板	zhèng jīng bā bǎn	26656	en-eng,in-ing,an-ang,z-zh,j-q-x	1
正色危言	zhèng sè wēi yán	26662	en-eng,an-ang,ai-ei,z-zh,s-sh	1
正色厉声	zhèng sè lì shēng	26663	en-eng,z-zh,s-sh,n-l,r-l	1
正色敢言	zhèng sè gǎn yán	26664	en-eng,an-ang,z-zh,s-sh	1
正色直绳	zhèng sè zhí shéng	26665	en-eng,z-zh,s-sh	1
正色直言	zhèng sè zhí yán	26666	en-eng,an-ang,z-zh,s-sh	1
正视绳行	zhèng shì shéng xíng	26675	en-eng,in-ing,z-zh,s-sh,j-q-x	1
正言不讳	zhèng yán bù huì	26677	en-eng,an-ang,z-zh,h-f	1
正言厉色	zhèng yán lì sè	26678	en-eng,an-ang,z-zh,s-sh,n-l,r-l	1
正言厉颜	zhèng yán lì yán	26679	en-eng,an-ang,z-zh,n-l,r-l	1
正言直谏	zhèng yán zhí jiàn	26680	en-eng,an-ang,ian-iang,z-zh,j-q-x	3
正身明法	zhèng shēn míng fǎ	26688	en-eng,in-ing,z-zh,s-sh,h-f	1
正身清心	zhèng shēn qīng xīn	26689	en-eng,in-ing,z-zh,s-sh,j-q-x	1
正身率下	zhèng shēn shuài xià	26690	en-eng,ia-ie,z-zh,s-sh,j-q-x	1
此中三昧	cǐ zhōng sān mèi	26704	an-ang,ai-ei,z-zh,c-ch,s-sh	1
此事体大	cǐ shì tǐ dà	26705	c-ch,s-sh	1
此动彼应	cǐ dòng bǐ yīng	26707	in-ing,c-ch	1
此发彼应	cǐ fā bǐ yīng	26708	in-ing,c-ch,h-f	1
此呼彼应	cǐ hū bǐ yīng	26709	in-ing,c-ch,h-f	1
此唱彼和	cǐ chàng bǐ hè	26710	an-ang,c-ch,h-f	1
此界彼疆	cǐ jiè bǐ jiāng	26713	ian-iang,ia-ie,c-ch,j-q-x	1
此疆尔界	cǐ jiāng ěr jiè	26714	ian-iang,ia-ie,c-ch,j-q-x	1
此起彼落	cǐ qǐ bǐ luò	26716	ua-uo,c-ch,n-l,r-l,j-q-x	1
此问彼难	cǐ wèn bǐ nán	26717	en-eng,an-ang,c-ch,n-l	1
步履蹒跚	bù lǚ pán shān	26720	an-ang,s-sh,n-l,r-l	3
步斗踏罡	bù dǒu tà gāng	26721	an-ang,ao-ou	3
步线行针	bù xiàn xíng zhēn	26723	en-eng,in-ing,ian-iang,z-zh,j-q-x	1
步罡踏斗	bù gāng tà dǒu	26724	an-ang,ao-ou	3
步调一致	bù diào yī zhì	26727	z-zh	1
步调快速	bù diào kuài sù	26728	s-sh	1
武不善作	wǔ bù shàn zuò	26729	an-ang,ua-uo,z-zh,s-sh	1
武侠小说	wǔ xiá xiǎo shuō	26730	ia-ie,ua-uo,s-sh,j-q-x	1
武断专横	wǔ duàn zhuān héng	26738	en-eng,uan-uang,z-zh,h-f	1
武断乡曲	wǔ duàn xiāng qū	26739	ian-iang,uan-uang,j-q-x	1
武爵武任	wǔ jué wǔ rèn	26741	en-eng,r-l,j-q-x	1
武装力量	wǔ zhuāng lì liàng	26743	ian-iang,uan-uang,z-zh,n-l,r-l	1
歧路亡羊	qí lù wáng yáng	26744	an-ang,n-l,r-l,j-q-x	1
歪不横楞	wāi bù héng léng	26745	en-eng,ai-ei,n-l,h-f,r-l	5
歪嘴和尚	wāi zuǐ hé shàng	26746	an-ang,ai-ei,z-zh,s-sh,h-f	1
歪心邪意	wāi xīn xié yì	26747	in-ing,ai-ei,ia-ie,j-q-x	1
歪歪倒倒	wāi wāi dǎo dǎo	26750	ai-ei,ao-ou	1
死不改悔	sǐ bù gǎi huǐ	26757	ai-ei,s-sh,h-f	1
死不旋踵	sǐ bù xuán zhǒng	26758	uan-uang,z-zh,s-sh,j-q-x	3
死不足惜	sǐ bù zú xī	26760	z-zh,s-sh,j-q-x	1
死且不朽	sǐ qiě bù xiǔ	26761	ia-ie,s-sh,j-q-x	1
死中求活	sǐ zhōng qiú huó	26762	ua-uo,z-zh,s-sh,h-f,j-q-x	1
死中求生	sǐ zhōng qiú shēng	26763	en-eng,z-zh,s-sh,j-q-x	1
死亡无日	sǐ wáng wú rì	26765	an-ang,s-sh,r-l	1
死亡枕藉	sǐ wáng zhěn jiè	26766	en-eng,an-ang,ia-ie,z-zh,s-sh,j-q-x	1
死别生离	sǐ bié shēng lí	26771	en-eng,ia-ie,s-sh,n-l,r-l	1
死心搭地	sǐ xīn dā dì	26780	in-ing,s-sh,j-q-x	1
死心落地	sǐ xīn luò dì	26781	in-ing,ua-uo,s-sh,n-l,r-l,j-q-x	1
死心踏地	sǐ xīn tà dì	26782	in-ing,s-sh,j-q-x	1
死有余僇	sǐ yǒu yú lù	26786	ao-ou,s-sh,n-l,r-l	5
死有余罪	sǐ yǒu yú zuì	26787	ao-ou,z-zh,s-sh	1
死有余诛	sǐ yǒu yú zhū	26788	ao-ou,z-zh,s-sh	3
死有余责	sǐ yǒu yú zé	26789	ao-ou,z-zh,s-sh	1
死模活样	sǐ mó huó yàng	26792	an-ang,ua-uo,s-sh,h-f	1
死生存亡	sǐ shēng cún wáng	26794	en-eng,an-ang,c-ch,s-sh	1
死而不朽	sǐ ér bù xiǔ	26799	s-sh,j-q-x	1
死要面子	sǐ yào miàn zi	26802	ian-iang,ao-ou,z-zh,s-sh	1
死说活说	sǐ shuō huó shuō	26805	ua-uo,s-sh,h-f	1
死败涂地	sǐ bài tú dì	26809	ai-ei,s-sh	1
死重泰山	sǐ zhòng tài shān	26810	an-ang,ai-ei,z-zh,s-sh	1
死骨更肉	sǐ gǔ gèng ròu	26814	en-eng,ao-ou,s-sh,r-l	1
殊功劲节	shū gōng jìng jié	26821	in-ing,ia-ie,s-sh,j-q-x	1
殊方同致	shū fāng tóng zhì	26822	an-ang,z-zh,s-sh,h-f	1
殊涂同会	shū tú tóng huì	26823	s-sh,h-f	1
殊涂同归	shū tú tóng guī	26824	s-sh	1
殊涂同致	shū tú tóng zhì	26825	z-zh,s-sh	1
殊致同归	shū zhì tóng guī	26826	z-zh,s-sh	1
殊言别语	shū yán bié yǔ	26827	an-ang,ia-ie,s-sh	1
殊路同归	shū lù tóng guī	26828	s-sh,n-l,r-l	1
残军败将	cán jūn bài jiàng	26831	an-ang,ian-iang,ai-ei,c-ch,j-q-x	1
残年暮景	cán nián mù jǐng	26834	in-ing,an-ang,ian-iang,c-ch,n-l,j-q-x	1
残暴不仁	cán bào bù rén	26837	en-eng,an-ang,ao-ou,c-ch,r-l	1
残汤剩饭	cán tāng shèng fàn	26840	en-eng,an-ang,c-ch,s-sh,h-f	1
残编裂简	cán biān liè jiǎn	26843	an-ang,ian-iang,ia-ie,c-ch,n-l,r-l,j-q-x	1
残缺不全	cán quē bù quán	26844	an-ang,uan-uang,c-ch,j-q-x	1
残膏剩馥	cán gāo shèng fù	26845	en-eng,an-ang,ao-ou,c-ch,s-sh,h-f	3
殒身不恤	yǔn shēn bú xù	26848	en-eng,s-sh,j-q-x	3
殚思极虑	dān sī jí lǜ	26850	an-ang,s-sh,n-l,r-l,j-q-x	3
殚见洽闻	dān jiàn qià wén	26851	en-eng,an-ang,ian-iang,ia-ie,j-q-x	3
殷天蔽日	yīn tiān bì rì	26863	in-ing,ian-iang,r-l	1
殷殷屯屯	yīn yīn tún tún	26868	in-ing	1
殷民阜财	yīn mín fù cái	26869	in-ing,ai-ei,c-ch,h-f	3
殷浩书空	yīn hào shū kōng	26870	in-ing,ao-ou,s-sh,h-f	1
殷鉴不远	yīn jiàn bù yuǎn	26873	in-ing,ian-iang,uan-uang,j-q-x	1
毁不危身	huǐ bù wēi shēn	26874	en-eng,ai-ei,s-sh,h-f	1
毁不灭性	huǐ bù miè xìng	26875	in-ing,ia-ie,h-f,j-q-x	1
毁冠裂裳	huǐ guān liè cháng	26876	an-ang,uan-uang,ia-ie,c-ch,n-l,h-f,r-l	1
毁家纾国	huǐ jiā shū guó	26878	ia-ie,ua-uo,s-sh,h-f,j-q-x	3
毁方瓦合	huǐ fāng wǎ hé	26880	an-ang,h-f	1
毁瓦画墁	huǐ wǎ huà màn	26881	an-ang,ua-uo,h-f	3
毁舟为杕	huǐ zhōu wéi duò	26883	ai-ei,ao-ou,ua-uo,z-zh,h-f	5
毁誉不一	huǐ yù bù yī	26884	h-f	1
毁车杀马	huǐ chē shā mǎ	26887	c-ch,s-sh,h-f	1
毁钟为铎	huǐ zhōng wéi duó	26888	ai-ei,ua-uo,z-zh,h-f	3
毁风败俗	huǐ fēng bài sú	26889	en-eng,ai-ei,s-sh,h-f	1
毂击肩摩	gǔ jī jiān mó	26890	ian-iang,j-q-x	3
母难之日	mǔ nán zhī rì	26902	an-ang,z-zh,n-l,r-l	1
每饭不忘	měi fàn bù wàng	26904	an-ang,ai-ei,h-f	1
毒手尊前	dú shǒu zūn qián	26913	ian-iang,ao-ou,z-zh,s-sh,j-q-x	1
毒手尊拳	dú shǒu zūn quán	26914	uan-uang,ao-ou,z-zh,s-sh,j-q-x	1
毒气炸弹	dú qì zhà dàn	26919	an-ang,z-zh,j-q-x	1
毒泷恶雾	dú lóng è wù	26921	n-l,r-l	3
毒蛇猛兽	dú shé měng shòu	26939	en-eng,ao-ou,s-sh	1
毒赋剩敛	dú fù shèng liǎn	26943	en-eng,ian-iang,s-sh,n-l,h-f,r-l	1
毒魔狠怪	dú mó hěn guài	26949	en-eng,h-f	1
毓子孕孙	yù zǐ yùn sūn	26951	z-zh,s-sh	3
比众不同	bǐ zhòng bù tóng	26953	z-zh	1
比喻失当	bǐ yù shī dàng	26959	an-ang,s-sh	1
比屋可封	bǐ wū kě fēng	26960	en-eng,h-f	1
比岁不登	bǐ suì bù dēng	26961	en-eng,s-sh	1
比年不登	bǐ nián bù dēng	26963	en-eng,ian-iang,n-l	1
比户可封	bǐ hù kě fēng	26965	en-eng,h-f	1
比手划脚	bǐ shǒu huà jiǎo	26966	ao-ou,ua-uo,s-sh,h-f,j-q-x	1
比权量力	bǐ quán liàng lì	26967	ian-iang,uan-uang,n-l,r-l,j-q-x	1
比物假事	bǐ wù jiǎ shì	26968	ia-ie,s-sh,j-q-x	1
比物属事	bǐ wù zhǔ shì	26969	z-zh,s-sh	1
比目连枝	bǐ mù lián zhī	26971	ian-iang,z-zh,n-l,r-l	1
比类从事	bǐ lèi cóng shì	26972	ai-ei,c-ch,s-sh,n-l,r-l	1
比翼连枝	bǐ yì lián zhī	26973	ian-iang,z-zh,n-l,r-l	1
比肩并起	bǐ jiān bìng qǐ	26975	in-ing,ian-iang,j-q-x	1
比肩系踵	bǐ jiān xì zhǒng	26976	ian-iang,z-zh,j-q-x	3
比肩齐声	bǐ jiān qí shēng	26977	en-eng,ian-iang,s-sh,j-q-x	1
比较价格	bǐ jiào jià gé	26978	ia-ie,j-q-x	1
比量齐观	bǐ liàng qí guān	26982	ian-iang,uan-uang,n-l,r-l,j-q-x	1
毕业论文	bì yè lùn wén	26983	en-eng,n-l,r-l	1
毕力同心	bì lì tóng xīn	26986	in-ing,n-l,r-l,j-q-x	1
毕雨箕风	bì yǔ jī fēng	26989	en-eng,h-f,j-q-x	1
毛发不爽	máo fā bù shuǎng	26997	uan-uang,ao-ou,s-sh,h-f	1
毛发丝粟	máo fà sī sù	26998	ao-ou,s-sh,h-f	1
毛发之功	máo fà zhī gōng	26999	ao-ou,z-zh,h-f	1
毛发倒竖	máo fà dǎo shù	27000	ao-ou,s-sh,h-f	1
毛发悚然	máo fà sǒng rán	27001	an-ang,ao-ou,s-sh,h-f,r-l	3
毛发耸然	máo fà sǒng rán	27002	an-ang,ao-ou,s-sh,h-f,r-l	1
毛头小子	máo tóu xiǎo zi	27007	ao-ou,z-zh,j-q-x	1
毛头毛脑	máo tóu máo nǎo	27008	ao-ou,n-l	1
毛森骨立	máo sēn gǔ lì	27012	en-eng,ao-ou,s-sh,n-l,r-l	1
毛羽零落	máo yǔ líng luò	27025	in-ing,ao-ou,ua-uo,n-l,r-l	1
毛遂堕井	máo suí duò jǐng	27031	in-ing,ao-ou,ua-uo,s-sh,j-q-x	1
毛骨竦然	máo gǔ sǒng rán	27035	an-ang,ao-ou,s-sh,r-l	3
毛骨耸然	máo gǔ sǒng rán	27036	an-ang,ao-ou,s-sh,r-l	1
毡上拖毛	zhān shàng tuō máo	27037	an-ang,ao-ou,ua-uo,z-zh,s-sh	1
毫不介意	háo bù jiè yì	27039	ao-ou,ia-ie,h-f,j-q-x	1
毫不含糊	háo bù hán hú	27040	an-ang,ao-ou,h-f	1
毫不屑意	háo bú xiè yì	27041	ao-ou,ia-ie,h-f,j-q-x	1
毫不讳言	háo bù huì yán	27042	an-ang,ao-ou,h-f	1
毫分缕析	háo fēn lǚ xī	27043	en-eng,ao-ou,n-l,h-f,r-l,j-q-x	1
毫厘不爽	háo lí bù shuǎng	27044	uan-uang,ao-ou,s-sh,n-l,h-f,r-l	1
毫发不爽	háo fà bù shuǎng	27045	uan-uang,ao-ou,s-sh,h-f	1
毫发丝粟	háo fā sī sù	27046	ao-ou,s-sh,h-f	1
毫毛不犯	háo máo bù fàn	27048	an-ang,ao-ou,h-f	1
民不堪命	mín bù kān mìng	27051	in-ing,an-ang	1
民保于信	mín bǎo yú xìn	27060	in-ing,ao-ou,j-q-x	1
民办公助	mín bàn gōng zhù	27061	in-ing,an-ang,z-zh	1
民和年丰	mín hé nián fēng	27062	en-eng,in-ing,ian-iang,n-l,h-f	1
民和年稔	mín hé nián rěn	27063	en-eng,in-ing,ian-iang,n-l,h-f,r-l	3
民富国强	mín fù guó qiáng	27066	in-ing,ian-iang,ua-uo,h-f,j-q-x	1
民心不壹	mín xīn bù yī	27067	in-ing,j-q-x	1
民有菜色	mín yǒu cài sè	27072	in-ing,ai-ei,ao-ou,c-ch,s-sh	1
民殷国富	mín yīn guó fù	27074	in-ing,ua-uo,h-f	1
民殷财阜	mín yīn cái fù	27075	in-ing,ai-ei,c-ch,h-f	3
民淳俗厚	mín chún sú hòu	27076	in-ing,ao-ou,c-ch,s-sh,h-f	1
民穷财匮	mín qióng cái kuì	27077	in-ing,ai-ei,c-ch,j-q-x	3
民穷财尽	mín qióng cái jìn	27078	in-ing,ai-ei,c-ch,j-q-x	1
民胞物与	mín bāo wù yǔ	27080	in-ing,ao-ou	1
民膏民脂	mín gāo mín zhī	27082	in-ing,ao-ou,z-zh	1
民贼独夫	mín zéi dú fū	27083	in-ing,ai-ei,z-zh,h-f	1
民间故事	mín jiān gù shì	27085	in-ing,ian-iang,s-sh,j-q-x	1
民间文学	mín jiān wén xué	27086	en-eng,in-ing,ian-iang,j-q-x	1
民间艺术	mín jiān yì shù	27087	in-ing,ian-iang,s-sh,j-q-x	1
气不忿儿	qì bù fèn ér	27091	en-eng,h-f,j-q-x	1
气义相投	qì yì xiāng tóu	27093	ian-iang,ao-ou,j-q-x	1
气克斗牛	qì kè dǒu niú	27095	ao-ou,n-l,j-q-x	1
气冲斗牛	qì chōng dǒu niú	27097	ao-ou,c-ch,n-l,j-q-x	1
气吞牛斗	qì tūn niú dǒu	27105	ao-ou,n-l,j-q-x	1
气喘吁吁	qì chuǎn xū xū	27107	uan-uang,c-ch,j-q-x	1
气得志满	qì dé zhì mǎn	27113	an-ang,z-zh,j-q-x	1
气急败丧	qì jí bài sàng	27114	an-ang,ai-ei,s-sh,j-q-x	1
气愤填膺	qì fèn tián yīng	27117	en-eng,in-ing,ian-iang,h-f,j-q-x	3
气涌如山	qì yǒng rú shān	27121	an-ang,s-sh,r-l,j-q-x	1
气满志得	qì mǎn zhì dé	27122	an-ang,z-zh,j-q-x	1
气焰熏天	qì yàn xūn tiān	27123	an-ang,ian-iang,j-q-x	1
气血方刚	qì xuè fāng gāng	27128	an-ang,h-f,j-q-x	1
气谊相投	qì yì xiāng tóu	27129	ian-iang,ao-ou,j-q-x	1
氢氧化钾	qīng yǎng huà jiǎ	27138	in-ing,an-ang,ia-ie,ua-uo,h-f,j-q-x	1
水中捉月	shuǐ zhōng zhuō yuè	27152	ua-uo,z-zh,s-sh	1
水中著盐	shuǐ zhōng zhuó yán	27154	an-ang,ua-uo,z-zh,s-sh	1
水佩风裳	shuǐ pèi fēng shang	27155	en-eng,an-ang,ai-ei,s-sh,h-f	1
水净鹅飞	shuǐ jìng é fēi	27157	in-ing,ai-ei,s-sh,h-f,j-q-x	1
水到鱼行	shuǐ dào yú xíng	27160	in-ing,ao-ou,s-sh,j-q-x	1
水力发电	shuǐ lì fā diàn	27163	ian-iang,s-sh,n-l,h-f,r-l	1
水土不服	shuǐ tǔ bù fú	27171	s-sh,h-f	1
水宿山行	shuǐ sù shān xíng	27174	in-ing,an-ang,s-sh,j-q-x	1
水宿风餐	shuǐ sù fēng cān	27175	en-eng,an-ang,c-ch,s-sh,h-f	1
水尽山穷	shuǐ jìn shān qióng	27177	in-ing,an-ang,s-sh,j-q-x	1
水尽鹅飞	shuǐ jìn é fēi	27178	in-ing,ai-ei,s-sh,h-f,j-q-x	1
水底捞月	shuǐ dǐ lāo yuè	27180	ao-ou,s-sh,n-l,r-l	1
水底捞针	shuǐ dǐ lāo zhēn	27181	en-eng,ao-ou,z-zh,s-sh,n-l,r-l	1
水底摸月	shuǐ dǐ mō yuè	27182	s-sh	1
水底纳瓜	shuǐ dǐ nà guā	27183	ua-uo,s-sh,n-l	1
水晶灯笼	shuǐ jīng dēng lóng	27189	en-eng,in-ing,s-sh,n-l,r-l,j-q-x	1
水月观音	shuǐ yuè guān yīn	27193	in-ing,uan-uang,s-sh	1
水木清华	shuǐ mù qīng huá	27194	in-ing,ua-uo,s-sh,h-f,j-q-x	1
水枯石烂	shuǐ kū shí làn	27197	an-ang,s-sh,n-l,r-l	1
水楔不通	shuǐ xiē bù tōng	27201	ia-ie,s-sh,j-q-x	3
水泄不漏	shuǐ xiè bù lòu	27202	ao-ou,ia-ie,s-sh,n-l,r-l,j-q-x	1
水泄不透	shuǐ xiè bù tòu	27203	ao-ou,ia-ie,s-sh,j-q-x	1
水流云散	shuǐ liú yún sàn	27212	an-ang,s-sh,n-l,r-l	1
水流花落	shuǐ liú huā luò	27213	ua-uo,s-sh,n-l,h-f,r-l	1
水火不辞	shuǐ huǒ bù cí	27226	ua-uo,c-ch,s-sh,h-f	1
水火不避	shuǐ huǒ bù bì	27227	ua-uo,s-sh,h-f	1
水火之中	shuǐ huǒ zhī zhōng	27228	ua-uo,z-zh,s-sh,h-f	1
水石清华	shuǐ shí qīng huá	27231	in-ing,ua-uo,s-sh,h-f,j-q-x	1
水磨工夫	shuǐ mó gōng fu	27233	s-sh,h-f	1
水穷山尽	shuǐ qióng shān jìn	27235	in-ing,an-ang,s-sh,j-q-x	1
水米无干	shuǐ mǐ wú gàn	27236	an-ang,s-sh	1
水菜不交	shuǐ cài bù jiāo	27244	ai-ei,c-ch,s-sh,j-q-x	1
水落归槽	shuǐ luò guī cáo	27245	ao-ou,ua-uo,c-ch,s-sh,n-l,r-l	1
水落归漕	shuǐ luò guī cáo	27246	ao-ou,ua-uo,c-ch,s-sh,n-l,r-l	3
水调歌头	shuǐ diào gē tóu	27252	ao-ou,s-sh	1
水过鸭背	shuǐ guò yā bèi	27257	ai-ei,ua-uo,s-sh	1
水远山遥	shuǐ yuǎn shān yáo	27258	an-ang,uan-uang,ao-ou,s-sh	1
水远山长	shuǐ yuǎn shān cháng	27259	an-ang,uan-uang,c-ch,s-sh	1
水长船高	shuǐ zhǎng chuán gāo	27261	an-ang,uan-uang,ao-ou,z-zh,c-ch,s-sh	1
水陆杂陈	shuǐ lù zá chén	27262	en-eng,z-zh,c-ch,s-sh,n-l,r-l	1
永不磨灭	yǒng bù mó miè	27265	ia-ie	1
永无宁日	yǒng wú níng rì	27270	in-ing,n-l,r-l	1
求亲告友	qiú qīn gào yǒu	27276	in-ing,ao-ou,j-q-x	1
求亲靠友	qiú qīn kào yǒu	27277	in-ing,ao-ou,j-q-x	1
求仁得仁	qiú rén dé rén	27279	en-eng,r-l,j-q-x	1
求浆得酒	qiú jiāng dé jiǔ	27287	ian-iang,j-q-x	1
求知若渴	qiú zhī ruò kě	27291	ua-uo,z-zh,r-l,j-q-x	1
求神问卜	qiú shén wèn bǔ	27293	en-eng,s-sh,j-q-x	1
求过于供	qiú guò yú gòng	27300	ua-uo,j-q-x	1
汇丰银行	huì fēng yín háng	27304	en-eng,in-ing,an-ang,h-f	1
汉白玉石	hàn bái yù shí	27318	an-ang,ai-ei,s-sh,h-f	1
汗不敢出	hàn bù gǎn chū	27324	an-ang,c-ch,h-f	1
汗出洽背	hàn chū qià bèi	27325	an-ang,ai-ei,ia-ie,c-ch,h-f,j-q-x	1
汗出浃背	hàn chū jiā bèi	27326	an-ang,ai-ei,ia-ie,c-ch,h-f,j-q-x	3
汗如雨下	hàn rú yǔ xià	27327	an-ang,ia-ie,h-f,r-l,j-q-x	1
汗洽股栗	hàn qià gǔ lì	27332	an-ang,ia-ie,n-l,h-f,r-l,j-q-x	1
汗流夹背	hàn liú jiā bèi	27333	an-ang,ai-ei,ia-ie,n-l,h-f,r-l,j-q-x	1
汗流接踵	hàn liú jiē zhǒng	27334	an-ang,ia-ie,z-zh,n-l,h-f,r-l,j-q-x	3
汗流洽背	hàn liú qià bèi	27335	an-ang,ai-ei,ia-ie,n-l,h-f,r-l,j-q-x	1
汗流洽衣	hàn liú qià yī	27336	an-ang,ia-ie,n-l,h-f,r-l,j-q-x	1
汗流浃体	hàn liú jiā tǐ	27337	an-ang,ia-ie,n-l,h-f,r-l,j-q-x	3
汗流浃肤	hàn liú jiā fū	27338	an-ang,ia-ie,n-l,h-f,r-l,j-q-x	3
汗流浃踵	hàn liú jiā zhǒng	27340	an-ang,ia-ie,z-zh,n-l,h-f,r-l,j-q-x	3
汗流满面	hàn liú mǎn miàn	27341	an-ang,ian-iang,n-l,h-f,r-l	1
汗流至踵	hàn liú zhì zhǒng	27342	an-ang,z-zh,n-l,h-f,r-l	3
汗牛充屋	hàn niú chōng wū	27348	an-ang,c-ch,n-l,h-f	1
汗牛塞栋	hàn niú sāi dòng	27350	an-ang,ai-ei,s-sh,n-l,h-f	1
汗血盐车	hàn xuè yán chē	27356	an-ang,c-ch,h-f,j-q-x	1
汗青头白	hàn qīng tóu bái	27361	in-ing,an-ang,ai-ei,ao-ou,h-f,j-q-x	1
汗颜无地	hàn yán wú dì	27363	an-ang,h-f	1
汗马之功	hàn mǎ zhī gōng	27364	an-ang,z-zh,h-f	1
汗马之劳	hàn mǎ zhī láo	27365	an-ang,ao-ou,z-zh,n-l,h-f,r-l	1
汝南晨鸡	rǔ nán chén jī	27368	en-eng,an-ang,c-ch,n-l,r-l,j-q-x	1
汝成人耶	rǔ chéng rén yé	27369	en-eng,c-ch,r-l	3
江东父老	jiāng dōng fù lǎo	27371	ian-iang,ao-ou,n-l,h-f,r-l,j-q-x	1
江南海北	jiāng nán hǎi běi	27374	an-ang,ian-iang,ai-ei,n-l,h-f,j-q-x	1
江左夷吾	jiāng zuǒ yí wú	27376	ian-iang,ua-uo,z-zh,j-q-x	1
江汉朝宗	jiāng hàn cháo zōng	27378	an-ang,ian-iang,ao-ou,z-zh,c-ch,h-f,j-q-x	1
江河行地	jiāng hé xíng dì	27379	in-ing,ian-iang,h-f,j-q-x	1
江淹才尽	jiāng yān cái jìn	27383	in-ing,an-ang,ian-iang,ai-ei,c-ch,j-q-x	1
江翻海倒	jiāng fān hǎi dǎo	27384	an-ang,ian-iang,ai-ei,ao-ou,h-f,j-q-x	1
江郎才掩	jiāng láng cái yǎn	27388	an-ang,ian-iang,ai-ei,c-ch,n-l,r-l,j-q-x	1
池鱼堂燕	chí yú táng yàn	27391	an-ang,c-ch	1
池鱼幕燕	chí yú mù yàn	27392	an-ang,c-ch	1
池鱼笼鸟	chí yú lóng niǎo	27393	c-ch,n-l,r-l	1
汤去三面	tāng qù sān miàn	27402	an-ang,ian-iang,s-sh,j-q-x	1
汤池铁城	tāng chí tiě chéng	27410	en-eng,an-ang,ia-ie,c-ch	1
汤烧火热	tāng shāo huǒ rè	27412	an-ang,ao-ou,ua-uo,s-sh,h-f,r-l	1
汪洋大海	wāng yáng dà hǎi	27420	an-ang,ai-ei,h-f	1
汪洋大肆	wāng yáng dà sì	27421	an-ang,s-sh	1
汶阳田反	wèn yáng tián fǎn	27423	en-eng,an-ang,ian-iang,h-f	3
汹涌彭湃	xiōng yǒng péng pài	27425	en-eng,ai-ei,j-q-x	1
汹涌淜湃	xiōng yǒng péng pài	27426	en-eng,ai-ei,j-q-x	5
汽车工业	qì chē gōng yè	27433	c-ch,j-q-x	1
沂水春风	yí shuǐ chūn fēng	27435	en-eng,c-ch,s-sh,h-f	3
沅江九肋	yuán jiāng jiǔ lèi	27437	ian-iang,uan-uang,ai-ei,n-l,r-l,j-q-x	3
沈博绝丽	chén bó jué lì	27438	en-eng,c-ch,n-l,r-l,j-q-x	1
沈腰潘鬓	shěn yāo pān bìn	27440	en-eng,in-ing,an-ang,ao-ou,s-sh	1
沈诗任笔	shěn shī rèn bǐ	27441	en-eng,s-sh,r-l	1
沉冤莫白	chén yuān mò bái	27442	en-eng,uan-uang,ai-ei,c-ch	1
沉冤莫雪	chén yuān mò xuě	27443	en-eng,uan-uang,c-ch,j-q-x	1
沉博绝丽	chén bó jué lì	27444	en-eng,c-ch,n-l,r-l,j-q-x	1
沉吟不决	chén yín bù jué	27445	en-eng,in-ing,c-ch,j-q-x	1
沉吟章句	chén yín zhāng jù	27446	en-eng,in-ing,an-ang,z-zh,c-ch,j-q-x	1
沉思熟虑	chén sī shú lǜ	27449	en-eng,c-ch,s-sh,n-l,r-l	1
沉浮俯仰	chén fú fǔ yǎng	27452	en-eng,an-ang,c-ch,h-f	1
沉疴宿疾	chén kē sù jí	27455	en-eng,c-ch,s-sh,j-q-x	3
沉疴难起	chén kē nán qǐ	27456	en-eng,an-ang,c-ch,n-l,j-q-x	3
沉痼自若	chén gù zì ruò	27457	en-eng,ua-uo,z-zh,c-ch,r-l	3
沉着痛快	chén zhuó tòng kuài	27459	en-eng,ua-uo,z-zh,c-ch	1
沉著痛快	chén zhù tòng kuài	27460	en-eng,z-zh,c-ch	1
沉谋研虑	chén móu yán lǜ	27461	en-eng,an-ang,ao-ou,c-ch,n-l,r-l	1
沉谋重虑	chén móu chóng lǜ	27462	en-eng,ao-ou,c-ch,n-l,r-l	1
沉迷不悟	chén mí bù wù	27463	en-eng,c-ch	1
沉重寡言	chén zhòng guǎ yán	27465	en-eng,an-ang,ua-uo,z-zh,c-ch	1
沉重少言	chén zhòng shǎo yán	27466	en-eng,an-ang,ao-ou,z-zh,c-ch,s-sh	1
沐猴而冠	mù hóu ér guàn	27471	uan-uang,ao-ou,h-f	1
沐猴衣冠	mù hóu yī guàn	27472	uan-uang,ao-ou,h-f	1
沐雨栉风	mù yǔ zhì fēng	27473	en-eng,z-zh,h-f	3
沐雨梳风	mù yǔ shū fēng	27474	en-eng,s-sh,h-f	1
沐雨经霜	mù yǔ jīng shuāng	27475	in-ing,uan-uang,s-sh,j-q-x	1
沐露梳风	mù lù shū fēng	27476	en-eng,s-sh,n-l,h-f,r-l	1
沐露沾霜	mù lù zhān shuāng	27477	an-ang,uan-uang,z-zh,s-sh,n-l,r-l	1
沓冈复岭	tà gāng fù lǐng	27478	in-ing,an-ang,n-l,h-f,r-l	3
沓来踵至	tà lái zhǒng zhì	27480	ai-ei,z-zh,n-l,r-l	3
沙鸥翔集	shā ōu xiáng jí	27541	ian-iang,ao-ou,s-sh,j-q-x	1
沛雨甘霖	pèi yǔ gān lín	27543	in-ing,an-ang,ai-ei,n-l,r-l	3
没上没下	méi shàng méi xià	27547	an-ang,ai-ei,ia-ie,s-sh,j-q-x	1
没世不忘	mò shì bù wàng	27549	an-ang,s-sh	1
没世不渝	mò shì bù yú	27550	s-sh	1
没世无称	mò shì wú chēng	27551	en-eng,c-ch,s-sh	1
没世无闻	mò shì wú wén	27552	en-eng,s-sh	1
没世穷年	mò shì qióng nián	27553	ian-iang,s-sh,n-l,j-q-x	1
没世难忘	mò shì nán wàng	27554	an-ang,s-sh,n-l	1
没卫饮羽	méi wèi yǐn yǔ	27564	in-ing,ai-ei	1
没可奈何	méi kě nài hé	27565	ai-ei,n-l,h-f	1
没头没尾	méi tóu mò wěi	27571	ai-ei,ao-ou	1
没头没脸	méi tóu méi liǎn	27573	ian-iang,ai-ei,ao-ou,n-l,r-l	1
没屋架梁	méi wū jià liáng	27581	ian-iang,ai-ei,ia-ie,n-l,r-l,j-q-x	1
没查没利	méi chá méi lì	27595	ai-ei,c-ch,n-l,r-l	1
没毛大虫	méi máo dà chóng	27597	ai-ei,ao-ou,c-ch	1
没没无闻	mò mò wú wén	27598	en-eng	1
没法奈何	méi fǎ nài hé	27600	ai-ei,n-l,h-f	1
没法没天	méi fǎ méi tiān	27601	ian-iang,ai-ei,h-f	1
没深没浅	méi shēn méi qiǎn	27602	en-eng,ian-iang,ai-ei,s-sh,j-q-x	1
没眉没眼	méi méi méi yǎn	27605	an-ang,ai-ei	1
没石饮羽	méi shí yǐn yǔ	27607	in-ing,ai-ei,s-sh	1
没精塌彩	méi jīng tā cǎi	27609	in-ing,ai-ei,c-ch,j-q-x	1
没精打彩	méi jīng dǎ cǎi	27610	in-ing,ai-ei,c-ch,j-q-x	1
没精没彩	méi jīng méi cǎi	27612	in-ing,ai-ei,c-ch,j-q-x	1
没而不朽	méi ér bù xiǔ	27615	ai-ei,j-q-x	1
没衷一是	mò zhōng yī shì	27620	z-zh,s-sh	1
没计奈何	méi jì nài hé	27621	ai-ei,n-l,h-f,j-q-x	1
没里没外	méi lǐ méi wài	27629	ai-ei,n-l,r-l	1
没金铩羽	méi jīn shā yǔ	27630	in-ing,ai-ei,s-sh,j-q-x	3
没金饮羽	mò jīn yǐn yǔ	27631	in-ing,j-q-x	1
没颠没倒	méi diān méi dǎo	27634	ian-iang,ai-ei,ao-ou	1
没齿无怨	mò chǐ wú yuàn	27637	uan-uang,c-ch	1
没齿难忘	mò chǐ nán wàng	27638	an-ang,c-ch,n-l	1
沤沫槿艳	ōu mò jǐn yàn	27639	in-ing,an-ang,ao-ou,j-q-x	3
沤浮泡影	ōu fú pào yǐng	27640	in-ing,ao-ou,h-f	3
沤珠槿艳	ōu zhū jǐn yàn	27641	in-ing,an-ang,ao-ou,z-zh,j-q-x	3
沥胆堕肝	lì dǎn duò gān	27643	an-ang,ua-uo,n-l,r-l	1
沥胆濯肝	lì dǎn zhuó gān	27644	an-ang,ua-uo,z-zh,n-l,r-l	3
沥胆隳肝	lì dǎn huī gān	27645	an-ang,n-l,h-f,r-l	3
沥血叩心	lì xuè kòu xīn	27646	in-ing,ao-ou,n-l,r-l,j-q-x	1
沥血披心	lì xuè pī xīn	27647	in-ing,n-l,r-l,j-q-x	1
沥血披肝	lì xuè pī gān	27648	an-ang,n-l,r-l,j-q-x	1
沦落风尘	lún luò fēng chén	27653	en-eng,ua-uo,c-ch,n-l,h-f,r-l	1
河不出图	hé bù chū tú	27660	c-ch,h-f	1
河伯为患	hé bó wéi huàn	27661	uan-uang,ai-ei,h-f	1
河倾月落	hé qīng yuè luò	27662	in-ing,ua-uo,n-l,h-f,r-l,j-q-x	1
河同水密	hé tóng shuǐ mì	27670	s-sh,h-f	1
河奔海聚	hé bēn hǎi jù	27672	en-eng,ai-ei,h-f,j-q-x	1
河斜月落	hé xié yuè luò	27674	ia-ie,ua-uo,n-l,h-f,r-l,j-q-x	1
河沙世界	hé shā shì jiè	27679	ia-ie,s-sh,h-f,j-q-x	1
河涸海干	hé hé hǎi gān	27682	an-ang,ai-ei,h-f	3
河清难俟	hé qīng nán sì	27683	in-ing,an-ang,s-sh,n-l,h-f,j-q-x	3
河落海干	hé luò hǎi gān	27689	an-ang,ai-ei,ua-uo,n-l,h-f,r-l	1
沸天震地	fèi tiān zhèn dì	27693	en-eng,ian-iang,ai-ei,z-zh,h-f	1
沸沸汤汤	fèi fèi shāng shāng	27694	an-ang,ai-ei,s-sh,h-f	1
油光可鉴	yóu guāng kě jiàn	27695	ian-iang,uan-uang,ao-ou,j-q-x	1
油壁香车	yóu bì xiāng chē	27700	ian-iang,ao-ou,c-ch,j-q-x	1
油头光棍	yóu tóu guāng gùn	27701	uan-uang,ao-ou	1
油头滑脸	yóu tóu huá liǎn	27703	ian-iang,ao-ou,ua-uo,n-l,h-f,r-l	1
油头滑面	yóu tóu huá miàn	27704	ian-iang,ao-ou,ua-uo,h-f	1
油干火尽	yóu gān huǒ jìn	27706	in-ing,an-ang,ao-ou,ua-uo,h-f,j-q-x	1
油干灯尽	yóu gàn dēng jìn	27707	en-eng,in-ing,an-ang,ao-ou,j-q-x	1
油浇火燎	yóu jiāo huǒ liáo	27714	ao-ou,ua-uo,n-l,h-f,r-l,j-q-x	3
油煎火燎	yóu jiān huǒ liáo	27720	ian-iang,ao-ou,ua-uo,n-l,h-f,r-l,j-q-x	3
沽名干誉	gū míng gàn yù	27748	in-ing,an-ang	1
沽名要誉	gū míng yào yù	27749	in-ing,ao-ou	1
沾亲带友	zhān qīn dài yǒu	27751	in-ing,an-ang,ai-ei,ao-ou,z-zh,j-q-x	1
沾沾自好	zhān zhān zì hào	27754	an-ang,ao-ou,z-zh,h-f	1
沾泥带水	zhān ní dài shuǐ	27755	an-ang,ai-ei,z-zh,s-sh,n-l	1
沾风惹草	zhān fēng rě cǎo	27756	en-eng,an-ang,ao-ou,z-zh,c-ch,h-f,r-l	1
泄漏天机	xiè lòu tiān jī	27772	ian-iang,ao-ou,ia-ie,n-l,r-l,j-q-x	1
泄露天机	xiè lòu tiān jī	27774	ian-iang,ao-ou,ia-ie,n-l,r-l,j-q-x	1
泉石膏肓	quán shí gāo huāng	27776	uan-uang,ao-ou,s-sh,h-f,j-q-x	3
泌尿系统	mì niào xì tǒng	27780	n-l,j-q-x	1
法不徇情	fǎ bù xùn qíng	27783	in-ing,h-f,j-q-x	3
法不阿贵	fǎ bù ē guì	27785	h-f	1
法定人数	fǎ dìng rén shù	27792	en-eng,in-ing,s-sh,h-f,r-l	1
法家拂士	fǎ jiā bì shì	27794	ia-ie,s-sh,h-f,j-q-x	1
法律关系	fǎ lǜ guān xì	27797	uan-uang,n-l,h-f,r-l,j-q-x	1
法律制度	fǎ lǜ zhì dù	27798	z-zh,n-l,h-f,r-l	1
法律意识	fǎ lǜ yì shí	27799	s-sh,n-l,h-f,r-l	1
法律行为	fǎ lǜ xíng wéi	27800	in-ing,ai-ei,n-l,h-f,r-l,j-q-x	1
法律责任	fǎ lǜ zé rèn	27801	en-eng,z-zh,n-l,h-f,r-l	1
法无可贷	fǎ wú kě dài	27804	ai-ei,h-f	1
法脉准绳	fǎ mài zhǔn shéng	27809	en-eng,ai-ei,z-zh,s-sh,h-f	1
法轮常转	fǎ lún cháng zhuàn	27811	an-ang,uan-uang,z-zh,c-ch,n-l,h-f,r-l	1
泛宅浮家	fàn zhái fú jiā	27814	an-ang,ai-ei,ia-ie,z-zh,h-f,j-q-x	1
泛应曲当	fàn yīng qǔ dāng	27815	in-ing,an-ang,h-f,j-q-x	1
泛浩摩苍	fàn hào mó cāng	27816	an-ang,ao-ou,c-ch,h-f	1
波属云委	bō zhǔ yún wěi	27841	ai-ei,z-zh	1
波波碌碌	bō bō lù lù	27844	n-l,r-l	1
波涛汹涌	bō tāo xiōng yǒng	27845	ao-ou,j-q-x	1
波罗塞戏	bō luó sāi xì	27847	ai-ei,ua-uo,s-sh,n-l,r-l,j-q-x	1
波罗的海	bō luó dì hǎi	27848	ai-ei,ua-uo,n-l,h-f,r-l	1
波骇云属	bō hài yún zhǔ	27850	ai-ei,z-zh,h-f	1
泣下如雨	qì xià rú yǔ	27851	ia-ie,r-l,j-q-x	1
泣不可仰	qì bù kě yǎng	27852	an-ang,j-q-x	1
泣数行下	qì shù háng xià	27854	an-ang,ia-ie,s-sh,h-f,j-q-x	1
泣涕如雨	qì tì rú yǔ	27855	r-l,j-q-x	1
泣血捶膺	qì xuè chuí yīng	27857	in-ing,c-ch,j-q-x	3
泣血枕戈	qì xuè zhěn gē	27858	en-eng,z-zh,j-q-x	1
泣血稽颡	qì xuè jī sǎng	27859	an-ang,s-sh,j-q-x	3
泥中隐刺	ní zhōng yǐn cì	27860	in-ing,z-zh,c-ch,n-l	1
泥古不化	nì gǔ bù huà	27864	ua-uo,n-l,h-f	1
泥古拘方	nì gǔ jū fāng	27865	an-ang,n-l,h-f,j-q-x	1
泥古非今	nì gǔ fēi jīn	27866	in-ing,ai-ei,n-l,h-f,j-q-x	1
泥名失实	nì míng shī shí	27867	in-ing,s-sh,n-l	1
泥塑木雕	ní sù mù diāo	27873	s-sh,n-l	1
泥多佛大	ní duō fó dà	27875	ua-uo,n-l,h-f	1
泥猪瓦狗	ní zhū wǎ gǒu	27895	ao-ou,z-zh,n-l	1
泥猪疥狗	ní zhū jiè gǒu	27896	ao-ou,ia-ie,z-zh,n-l,j-q-x	3
泥猪癞狗	ní zhū lài gǒu	27897	ai-ei,ao-ou,z-zh,n-l,r-l	3
泥而不滓	niè ér bù zǐ	27901	ia-ie,z-zh,n-l	3
泥船渡河	ní chuán dù hé	27903	uan-uang,c-ch,n-l,h-f	1
泥蟠不滓	ní pán bù zǐ	27906	an-ang,z-zh,n-l	3
泥足巨人	ní zú jù rén	27907	en-eng,z-zh,n-l,r-l,j-q-x	1
泥车瓦马	ní chē wǎ mǎ	27908	c-ch,n-l	1
泥金万点	ní jīn wàn diǎn	27909	in-ing,an-ang,ian-iang,n-l,j-q-x	1
泪如雨下	lèi rú yǔ xià	27918	ai-ei,ia-ie,n-l,r-l,j-q-x	1
泪干肠断	lèi gān cháng duàn	27919	an-ang,uan-uang,ai-ei,c-ch,n-l,r-l	1
泰山其颓	tài shān qí tuí	27924	an-ang,ai-ei,s-sh,j-q-x	1
泰山压卵	tài shān yā luǎn	27926	an-ang,uan-uang,ai-ei,s-sh,n-l,r-l	1
泰山盘石	tài shān pán shí	27928	an-ang,ai-ei,s-sh	1
泰山磐石	tài shān pán shí	27930	an-ang,ai-ei,s-sh	3
泰来否往	tài lái pǐ wǎng	27932	an-ang,ai-ei,n-l,r-l	1
泰来否极	tài lái pǐ jí	27933	ai-ei,n-l,r-l,j-q-x	1
泰极而否	tài jí ér pǐ	27934	ai-ei,j-q-x	1
泱泱大风	yāng yāng dà fēng	27939	en-eng,an-ang,h-f	3
泼天大祸	pō tiān dà huò	27942	ian-iang,ua-uo,h-f	1
泼水难收	pō shuǐ nán shōu	27944	an-ang,ao-ou,s-sh,n-l	1
泽及枯骨	zé jí kū gǔ	27947	z-zh,j-q-x	1
泽吻磨牙	zé wěn mó yá	27948	en-eng,z-zh	1
泽被后世	zé bèi hòu shì	27951	ai-ei,ao-ou,z-zh,s-sh,h-f	1
泾渭不分	jīng wèi bù fēn	27952	en-eng,in-ing,ai-ei,h-f,j-q-x	3
泾渭自分	jīng wèi zì fēn	27954	en-eng,in-ing,ai-ei,z-zh,h-f,j-q-x	3
洁己从公	jié jǐ cóng gōng	27956	ia-ie,c-ch,j-q-x	1
洁身累行	jié shēn lèi xíng	27958	en-eng,in-ing,ai-ei,ia-ie,s-sh,n-l,r-l,j-q-x	1
洒心更始	sǎ xīn gèng shǐ	27979	en-eng,in-ing,s-sh,j-q-x	1
洒扫应对	sǎ sǎo yìng duì	27981	in-ing,ao-ou,s-sh	1
洒洒潇潇	sǎ sǎ xiāo xiāo	27985	s-sh,j-q-x	1
洗兵牧马	xǐ bīng mù mǎ	27990	in-ing,j-q-x	1
洗劫一空	xǐ jié yī kōng	27996	ia-ie,j-q-x	1
洗垢匿瑕	xǐ gòu nì xiá	28000	ao-ou,ia-ie,n-l,j-q-x	3
洗垢求瑕	xǐ gòu qiú xiá	28001	ao-ou,ia-ie,j-q-x	3
洗垢求瘢	xǐ gòu qiú bān	28002	an-ang,ao-ou,j-q-x	3
洗垢索瘢	xǐ gòu suǒ bān	28003	an-ang,ao-ou,ua-uo,s-sh,j-q-x	3
洗心回面	xǐ xīn huí miàn	28006	in-ing,ian-iang,h-f,j-q-x	1
洗心换骨	xǐ xīn huàn gǔ	28007	in-ing,uan-uang,h-f,j-q-x	1
洗心涤虑	xǐ xīn dí lǜ	28008	in-ing,n-l,r-l,j-q-x	1
洗心自新	xǐ xīn zì xīn	28009	in-ing,z-zh,j-q-x	1
洗手奉公	xǐ shǒu fèng gōng	28013	en-eng,ao-ou,s-sh,h-f,j-q-x	1
洗手奉职	xǐ shǒu fèng zhí	28014	en-eng,ao-ou,z-zh,s-sh,h-f,j-q-x	1
洗濯磨淬	xǐ zhuó mó cuì	28026	ua-uo,z-zh,c-ch,j-q-x	3
洗眉刷目	xǐ méi shuā mù	28031	ai-ei,ua-uo,s-sh,j-q-x	1
洗耳拱听	xǐ ěr gǒng tīng	28035	in-ing,j-q-x	1
洗肠涤胃	xǐ cháng dí wèi	28037	an-ang,ai-ei,c-ch,j-q-x	1
洗脚上船	xǐ jiǎo shàng chuán	28039	an-ang,uan-uang,c-ch,s-sh,j-q-x	1
洗雪逋负	xǐ xuě bū fù	28049	h-f,j-q-x	3
洗颈就戮	xǐ jǐng jiù lù	28050	in-ing,n-l,r-l,j-q-x	3
洗髓伐毛	xǐ suǐ fá máo	28051	ao-ou,s-sh,h-f,j-q-x	1
洞中肯綮	dòng zhōng kěn qìng	28053	en-eng,in-ing,z-zh,j-q-x	3
洞如观火	dòng rú guān huǒ	28055	uan-uang,ua-uo,h-f,r-l	1
洞察一切	dòng chá yī qiè	28056	ia-ie,c-ch,j-q-x	1
洞察其奸	dòng chá qí jiān	28057	ian-iang,c-ch,j-q-x	1
洞幽烛远	dòng yōu zhú yuǎn	28058	uan-uang,ao-ou,z-zh	1
洞烛其奸	dòng zhú qí jiān	28059	ian-iang,z-zh,j-q-x	1
洞见症结	dòng jiàn zhèng jié	28062	en-eng,ian-iang,ia-ie,z-zh,j-q-x	1
洞鉴废兴	dòng jiàn fèi xīng	28063	in-ing,ian-iang,ai-ei,h-f,j-q-x	1
洞隐烛微	dòng yǐn zhú wēi	28064	in-ing,ai-ei,z-zh	1
津关险塞	jīn guān xiǎn sài	28065	in-ing,ian-iang,uan-uang,ai-ei,s-sh,j-q-x	1
洪乔捎书	hóng qiáo shāo shū	28069	ao-ou,s-sh,h-f,j-q-x	1
洪水横流	hóng shuǐ héng liú	28071	en-eng,s-sh,n-l,h-f,r-l	1
洪炉燎发	hóng lú liáo fà	28074	n-l,h-f,r-l	3
洪福齐天	hóng fú qí tiān	28075	ian-iang,h-f,j-q-x	1
洪都拉斯	hóng dōu lā sī	28076	ao-ou,s-sh,n-l,h-f,r-l	1
活剥生吞	huó bō shēng tūn	28086	en-eng,ua-uo,s-sh,h-f	1
活动分子	huó dòng fèn zǐ	28087	en-eng,ua-uo,z-zh,h-f	1
活字印刷	huó zì yìn shuā	28095	in-ing,ua-uo,z-zh,s-sh,h-f	1
活期存款	huó qī cún kuǎn	28098	uan-uang,ua-uo,c-ch,h-f,j-q-x	1
活蹦活跳	huó bèng huó tiào	28105	en-eng,ua-uo,h-f	1
活龙鲜健	huó lóng xiān jiàn	28110	ian-iang,ua-uo,n-l,h-f,r-l,j-q-x	1
洽闻强记	qià wén qiáng jì	28113	en-eng,ian-iang,ia-ie,j-q-x	1
流天澈地	liú tiān chè dì	28128	ian-iang,c-ch,n-l,r-l	1
流年不利	liú nián bù lì	28131	ian-iang,n-l,r-l	1
流年似水	liú nián sì shuǐ	28132	ian-iang,s-sh,n-l,r-l	1
流水朝宗	liú shuǐ cháo zōng	28139	ao-ou,z-zh,c-ch,s-sh,n-l,r-l	1
流水落花	liú shuǐ luò huā	28140	ua-uo,s-sh,n-l,h-f,r-l	1
流水行云	liú shuǐ xíng yún	28141	in-ing,s-sh,n-l,r-l,j-q-x	1
流汗浃背	liú hàn jiā bèi	28143	an-ang,ai-ei,ia-ie,n-l,h-f,r-l,j-q-x	3
流溺忘反	liú nì wàng fǎn	28146	an-ang,n-l,h-f,r-l	1
流离琐尾	liú lí suǒ wěi	28147	ai-ei,ua-uo,s-sh,n-l,r-l	1
流离转徙	liú lí zhuǎn xǐ	28148	uan-uang,z-zh,n-l,r-l,j-q-x	1
流离颠疐	liú lí diān zhì	28149	ian-iang,z-zh,n-l,r-l	5
流落他乡	liú luò tā xiāng	28152	ian-iang,ua-uo,n-l,r-l,j-q-x	1
流落天涯	liú luò tiān yá	28153	ian-iang,ua-uo,n-l,r-l	1
流落失所	liú luò shī suǒ	28154	ua-uo,s-sh,n-l,r-l	1
流落江湖	liú luò jiāng hú	28155	ian-iang,ua-uo,n-l,h-f,r-l,j-q-x	1
流落风尘	liú luò fēng chén	28156	en-eng,ua-uo,c-ch,n-l,h-f,r-l	1
流血千里	liú xuè qiān lǐ	28158	ian-iang,n-l,r-l,j-q-x	1
流血漂卤	liú xuè piāo lǔ	28159	n-l,r-l,j-q-x	1
流行坎止	liú xíng kǎn zhǐ	28161	in-ing,an-ang,z-zh,n-l,r-l,j-q-x	1
流行歌曲	liú xíng gē qǔ	28163	in-ing,n-l,r-l,j-q-x	1
流言混话	liú yán hùn huà	28166	an-ang,ua-uo,n-l,h-f,r-l	1
流言风语	liú yán fēng yǔ	28168	en-eng,an-ang,n-l,h-f,r-l	1
流言飞语	liú yán fēi yǔ	28169	an-ang,ai-ei,n-l,h-f,r-l	1
流质食物	liú zhì shí wù	28170	z-zh,s-sh,n-l,r-l	1
流金铄石	liú jīn shuò shí	28175	in-ing,ua-uo,s-sh,n-l,r-l,j-q-x	3
流风余俗	liú fēng yú sú	28178	en-eng,s-sh,n-l,h-f,r-l	1
流风余韵	liú fēng yú yùn	28179	en-eng,n-l,h-f,r-l	1
流风回雪	liú fēng huí xuě	28180	en-eng,n-l,h-f,r-l,j-q-x	1
流风遗迹	liú fēng yí jì	28181	en-eng,n-l,h-f,r-l,j-q-x	1
浃背汗流	jiā bèi hàn liú	28183	an-ang,ai-ei,ia-ie,n-l,h-f,r-l,j-q-x	3
浅希近求	qiǎn xī jìn qiú	28187	in-ing,ian-iang,j-q-x	1
浅斟低唱	qiǎn zhēn dī chàng	28188	en-eng,an-ang,ian-iang,z-zh,c-ch,j-q-x	1
浅见寡闻	qiǎn jiàn guǎ wén	28205	en-eng,ian-iang,ua-uo,j-q-x	1
浆水不交	jiāng shuǐ bù jiāo	28212	ian-iang,s-sh,j-q-x	1
浆酒藿肉	jiāng jiǔ huò ròu	28217	ian-iang,ao-ou,ua-uo,h-f,r-l,j-q-x	3
浆酒霍肉	jiāng jiǔ huò ròu	28218	ian-iang,ao-ou,ua-uo,h-f,r-l,j-q-x	1
浇淳散朴	jiāo chún sàn pǔ	28222	an-ang,c-ch,s-sh,j-q-x	1
浇醇散朴	jiāo chún sàn pǔ	28224	an-ang,c-ch,s-sh,j-q-x	1
浇风薄俗	jiāo fēng bó sú	28225	en-eng,s-sh,h-f,j-q-x	1
浊骨凡胎	zhuó gǔ fán tāi	28229	an-ang,ai-ei,ua-uo,z-zh,h-f	1
济世之才	jì shì zhī cái	28239	ai-ei,z-zh,c-ch,s-sh,j-q-x	1
济世匡时	jì shì kuāng shí	28240	uan-uang,s-sh,j-q-x	3
济世安人	jì shì ān rén	28241	en-eng,an-ang,s-sh,r-l,j-q-x	1
济世安民	jì shì ān mín	28242	in-ing,an-ang,s-sh,j-q-x	1
济世安邦	jì shì ān bāng	28243	an-ang,s-sh,j-q-x	1
济世救人	jì shì jiù rén	28244	en-eng,s-sh,r-l,j-q-x	1
济人利物	jì rén lì wù	28246	en-eng,n-l,r-l,j-q-x	1
济困扶危	jì kùn fú wēi	28251	ai-ei,h-f,j-q-x	1
济寒赈贫	jì hán zhèn pín	28253	en-eng,in-ing,an-ang,z-zh,h-f,j-q-x	3
济弱扶倾	jì ruò fú qīng	28254	in-ing,ua-uo,h-f,r-l,j-q-x	1
济弱锄强	jì ruò chú qiáng	28255	ian-iang,ua-uo,c-ch,r-l,j-q-x	1
济河焚舟	jì hé fén zhōu	28256	en-eng,ao-ou,z-zh,h-f,j-q-x	1
济窍飘风	jì qiào piāo fēng	28260	en-eng,h-f,j-q-x	1
济苦怜贫	jì kǔ lián pín	28261	in-ing,ian-iang,n-l,r-l,j-q-x	1
济贫拔苦	jì pín bá kǔ	28263	in-ing,j-q-x	1
浑俗和光	hún sú hé guāng	28265	uan-uang,s-sh,h-f	1
浑头浑脑	hún tóu hún nǎo	28266	ao-ou,n-l,h-f	1
浑抡吞枣	hún lún tūn zǎo	28268	ao-ou,z-zh,n-l,h-f,r-l	1
浑然无知	hún rán wú zhī	28272	an-ang,z-zh,h-f,r-l	1
浑身冒汗	hún shēn mào hàn	28275	en-eng,an-ang,ao-ou,s-sh,h-f	1
浓妆艳服	nóng zhuāng yàn fú	28280	an-ang,uan-uang,z-zh,n-l,h-f	1
浓抹淡妆	nóng mò dàn zhuāng	28282	an-ang,uan-uang,z-zh,n-l	1
浓荫蔽日	nóng yīn bì rì	28287	in-ing,n-l,r-l	1
浓装艳抹	nóng zhuāng yàn mǒ	28288	an-ang,uan-uang,z-zh,n-l	1
浙江大学	zhè jiāng dà xué	28291	ian-iang,z-zh,j-q-x	1
浩气长存	hào qì cháng cún	28294	an-ang,ao-ou,c-ch,h-f,j-q-x	1
浩浩汤汤	hào hào shāng shāng	28295	an-ang,ao-ou,s-sh,h-f	1
浪子回头	làng zǐ huí tóu	28298	an-ang,ao-ou,z-zh,n-l,h-f,r-l	1
浪子宰相	làng zǐ zǎi xiàng	28300	an-ang,ian-iang,ai-ei,z-zh,n-l,r-l,j-q-x	1
浮一大白	fú yī dà bái	28302	ai-ei,h-f	1
浮云朝露	fú yún zhāo lù	28303	ao-ou,z-zh,n-l,h-f,r-l	1
浮动汇率	fú dòng huì lǜ	28304	n-l,h-f,r-l	1
浮名薄利	fú míng bó lì	28306	in-ing,n-l,h-f,r-l	1
浮声切响	fú shēng qiè xiǎng	28307	en-eng,ian-iang,ia-ie,s-sh,h-f,j-q-x	1
浮头滑脑	fú tóu huá nǎo	28308	ao-ou,ua-uo,n-l,h-f	1
浮家泛宅	fú jiā fàn zhái	28311	an-ang,ai-ei,ia-ie,z-zh,h-f,j-q-x	1
浮收勒折	fú shōu lè shé	28312	ao-ou,s-sh,n-l,h-f,r-l	1
浮收勒索	fú shōu lè suǒ	28313	ao-ou,ua-uo,s-sh,n-l,h-f,r-l	1
浮文巧语	fú wén qiǎo yǔ	28314	en-eng,h-f,j-q-x	1
浮瓜沈李	fú guā shěn lǐ	28317	en-eng,ua-uo,s-sh,n-l,h-f,r-l	1
浮生六记	fú shēng liù jì	28318	en-eng,s-sh,n-l,h-f,r-l,j-q-x	1
浮生切响	fú shēng qiè xiǎng	28319	en-eng,ian-iang,ia-ie,s-sh,h-f,j-q-x	1
浮生若梦	fú shēng ruò mèng	28320	en-eng,ua-uo,s-sh,h-f,r-l	1
浮白载笔	fú bái zǎi bǐ	28321	ai-ei,z-zh,h-f	1
浮石沉木	fú shí chén mù	28324	en-eng,c-ch,s-sh,h-f	1
浮而不实	fú ér bù shí	28325	s-sh,h-f	1
浮语虚辞	fú yǔ xū cí	28326	c-ch,h-f,j-q-x	1
海不扬波	hǎi bù yáng bō	28332	an-ang,ai-ei,h-f	1
海不波溢	hǎi bù bō yì	28333	ai-ei,h-f	1
海中捞月	hǎi zhōng lāo yuè	28334	ai-ei,ao-ou,z-zh,n-l,h-f,r-l	1
海内无双	hǎi nèi wú shuāng	28337	uan-uang,ai-ei,s-sh,n-l,h-f	1
海内鼎沸	hǎi nèi dǐng fèi	28338	in-ing,ai-ei,n-l,h-f	1
海北天南	hǎi běi tiān nán	28340	an-ang,ian-iang,ai-ei,n-l,h-f	1
海底捞针	hǎi dǐ lāo zhēn	28355	en-eng,ai-ei,ao-ou,z-zh,n-l,h-f,r-l	1
海枯见底	hǎi kū jiàn dǐ	28359	ian-iang,ai-ei,h-f,j-q-x	1
海水难量	hǎi shuǐ nán liáng	28362	an-ang,ian-iang,ai-ei,s-sh,n-l,h-f,r-l	1
海沸山裂	hǎi fèi shān liè	28363	an-ang,ai-ei,ia-ie,s-sh,n-l,h-f,r-l	1
海涯天角	hǎi yá tiān jiǎo	28365	ian-iang,ai-ei,h-f,j-q-x	1
海涵地负	hǎi hán dì fù	28366	an-ang,ai-ei,h-f	1
海涸石烂	hǎi hé shí làn	28367	an-ang,ai-ei,s-sh,n-l,h-f,r-l	3
海约山盟	hǎi yuē shān méng	28373	en-eng,an-ang,ai-ei,s-sh,h-f	1
海角天涯	hǎi jiǎo tiān yá	28377	ian-iang,ai-ei,h-f,j-q-x	1
海角天隅	hǎi jiǎo tiān yú	28378	ian-iang,ai-ei,h-f,j-q-x	1
涂歌巷舞	tú gē xiàng wǔ	28393	ian-iang,j-q-x	1
涅而不淄	niè ér bù zī	28396	ia-ie,z-zh,n-l	3
涅而不缁	niè ér bù zī	28397	ia-ie,z-zh,n-l	3
消化不良	xiāo huà bù liáng	28400	ian-iang,ua-uo,n-l,h-f,r-l,j-q-x	1
消化系统	xiāo huà xì tǒng	28401	ua-uo,h-f,j-q-x	1
消息盈冲	xiāo xī yíng chōng	28405	in-ing,c-ch,j-q-x	1
消愁解闷	xiāo chóu jiě mèn	28406	en-eng,ao-ou,ia-ie,c-ch,j-q-x	1
涉笔成趣	shè bǐ chéng qù	28420	en-eng,c-ch,s-sh,j-q-x	1
涎言涎语	xián yán xián yǔ	28430	an-ang,ian-iang,j-q-x	3
涓滴不剩	juān dī bú shèng	28431	en-eng,uan-uang,s-sh,j-q-x	3
涓滴不漏	juān dī bù lòu	28432	uan-uang,ao-ou,n-l,r-l,j-q-x	3
涓滴不遗	juān dī bù yí	28433	uan-uang,j-q-x	3
涕泗横流	tì sì héng liú	28434	en-eng,s-sh,n-l,h-f,r-l	3
涕泗纵横	tì sì zòng héng	28436	en-eng,z-zh,s-sh,h-f	3
涕零如雨	tì líng rú yǔ	28437	in-ing,n-l,r-l	1
涣发大号	huàn fā dà hào	28442	uan-uang,ao-ou,h-f	1
涣汗大号	huàn hàn dà hào	28444	an-ang,uan-uang,ao-ou,h-f	1
涣若冰消	huàn ruò bīng xiāo	28445	in-ing,uan-uang,ua-uo,h-f,r-l,j-q-x	1
涣若冰释	huàn ruò bīng shì	28446	in-ing,uan-uang,ua-uo,s-sh,h-f,r-l	1
涤地无类	dí dì wú lèi	28448	ai-ei,n-l,r-l	1
涤故更新	dí gù gēng xīn	28449	en-eng,in-ing,j-q-x	1
涨红了脸	zhàng hóng le liǎn	28456	an-ang,ian-iang,z-zh,n-l,h-f,r-l	1
涩于言论	sè yú yán lùn	28460	an-ang,s-sh,n-l,r-l	1
液体炸弹	yè tǐ zhà dàn	28464	an-ang,z-zh	1
涸思干虑	hé sī gān lǜ	28466	an-ang,s-sh,n-l,h-f,r-l	3
涸泽而渔	hé zé ér yú	28467	z-zh,h-f	3
涸鱼得水	hé yú dé shuǐ	28468	s-sh,h-f	3
涸鲋得水	hé fù dé shuǐ	28469	s-sh,h-f	3
淘沙取金	táo shā qǔ jīn	28479	in-ing,ao-ou,s-sh,j-q-x	1
淘沙得金	táo shā dé jīn	28480	in-ing,ao-ou,s-sh,j-q-x	1
淡妆轻抹	dàn zhuāng qīng mò	28484	in-ing,an-ang,uan-uang,z-zh,j-q-x	1
淡扫蛾眉	dàn sǎo é méi	28485	an-ang,ai-ei,ao-ou,s-sh	1
淡汝浓抹	dàn rǔ nóng mǒ	28486	an-ang,n-l,r-l	1
淡泊明志	dàn bó míng zhì	28488	in-ing,an-ang,z-zh	1
淡然处之	dàn rán chǔ zhī	28489	an-ang,z-zh,c-ch,r-l	1
淡而不厌	dàn ér bù yàn	28492	an-ang	1
淫心匿行	yín xīn nì xíng	28498	in-ing,n-l,j-q-x	1
淫言狎语	yín yán xiá yǔ	28500	in-ing,an-ang,ia-ie,j-q-x	3
淫言诐行	yín yán bì xíng	28501	in-ing,an-ang,j-q-x	5
淫词亵语	yín cí xiè yǔ	28502	in-ing,ia-ie,c-ch,j-q-x	3
淫词秽语	yín cí huì yǔ	28503	in-ing,c-ch,h-f	1
淫词艳曲	yín cí yàn qǔ	28504	in-ing,an-ang,c-ch,j-q-x	1
淫辞秽语	yín cí huì yǔ	28505	in-ing,c-ch,h-f	1
淫辞邪说	yín cí xié shuō	28506	in-ing,ia-ie,ua-uo,c-ch,s-sh,j-q-x	1
淮南鸡犬	huái nán jī quǎn	28508	an-ang,uan-uang,n-l,h-f,j-q-x	1
淮橘为枳	huái jú wéi zhǐ	28509	ai-ei,z-zh,h-f,j-q-x	3
淮王鸡狗	huái wáng jī gǒu	28510	an-ang,ao-ou,h-f,j-q-x	1
深中笃行	shēn zhōng dǔ xíng	28512	en-eng,in-ing,z-zh,s-sh,j-q-x	3
深中肯綮	shēn zhōng kěn qìng	28513	en-eng,in-ing,z-zh,s-sh,j-q-x	3
深中隐厚	shēn zhōng yǐn hòu	28514	en-eng,in-ing,ao-ou,z-zh,s-sh,h-f	1
深仁厚泽	shēn rén hòu zé	28516	en-eng,ao-ou,z-zh,s-sh,h-f,r-l	1
深仇宿怨	shēn chóu xiǔ yuàn	28518	en-eng,uan-uang,ao-ou,c-ch,s-sh,j-q-x	1
深仇重怨	shēn chóu zhòng yuàn	28519	en-eng,uan-uang,ao-ou,z-zh,c-ch,s-sh	1
深入膏肓	shēn rù gāo huāng	28522	en-eng,uan-uang,ao-ou,s-sh,h-f,r-l	3
深入骨髓	shēn rù gǔ suǐ	28523	en-eng,s-sh,r-l	1
深切着明	shēn qiē zhe míng	28525	en-eng,in-ing,ia-ie,z-zh,s-sh,j-q-x	1
深切着白	shēn qiē zhe bái	28526	en-eng,ai-ei,ia-ie,z-zh,s-sh,j-q-x	1
深切著明	shēn qiè zhù míng	28527	en-eng,in-ing,ia-ie,z-zh,s-sh,j-q-x	1
深切著白	shēn qiè zhù bái	28528	en-eng,ai-ei,ia-ie,z-zh,s-sh,j-q-x	1
深刺腧髓	shēn cì shù suǐ	28529	en-eng,c-ch,s-sh	3
深厉浅揭	shēn lì qiǎn qì	28532	en-eng,ian-iang,s-sh,n-l,r-l,j-q-x	1
深图远算	shēn tú yuǎn suàn	28534	en-eng,uan-uang,s-sh	1
深奥莫测	shēn ào mò cè	28535	en-eng,ao-ou,c-ch,s-sh	1
深山长谷	shēn shān cháng gǔ	28537	en-eng,an-ang,c-ch,s-sh	1
深得人心	shēn dé rén xīn	28541	en-eng,in-ing,s-sh,r-l,j-q-x	1
深思苦索	shēn sī kǔ suǒ	28544	en-eng,ua-uo,s-sh	1
深思远虑	shēn sī yuǎn lǜ	28545	en-eng,uan-uang,s-sh,n-l,r-l	1
深恶痛嫉	shēn wù tòng jí	28547	en-eng,s-sh,j-q-x	1
深恶痛疾	shēn wù tòng jí	28548	en-eng,s-sh,j-q-x	1
深情底理	shēn qíng dǐ lǐ	28550	en-eng,in-ing,s-sh,n-l,r-l,j-q-x	1
深惟重虑	shēn wéi zhòng lǜ	28551	en-eng,ai-ei,z-zh,s-sh,n-l,r-l	1
深扃固钥	shēn jiōng gù yào	28552	en-eng,ao-ou,s-sh,j-q-x	3
深文傅会	shēn wén fù huì	28553	en-eng,s-sh,h-f	1
深文周内	shēn wén zhōu nà	28554	en-eng,ao-ou,z-zh,s-sh,n-l	1
深文大义	shēn wén dà yì	28555	en-eng,s-sh	1
深文曲折	shēn wén qǔ shé	28556	en-eng,s-sh,j-q-x	1
深文附会	shēn wén fù huì	28557	en-eng,s-sh,h-f	1
深根固柢	shēn gēn gù dǐ	28560	en-eng,s-sh	3
深根宁极	shēn gēn níng jí	28561	en-eng,in-ing,s-sh,n-l,j-q-x	1
深根蟠结	shēn gēn pán jié	28562	en-eng,an-ang,ia-ie,s-sh,j-q-x	3
深水炸弹	shēn shuǐ zhà dàn	28563	en-eng,an-ang,z-zh,s-sh	1
深猷远计	shēn yóu yuǎn jì	28565	en-eng,uan-uang,ao-ou,s-sh,j-q-x	3
深知灼见	shēn zhī zhuó jiàn	28567	en-eng,ian-iang,ua-uo,z-zh,s-sh,j-q-x	1
深藏若虚	shēn cáng ruò xū	28569	en-eng,an-ang,ua-uo,c-ch,s-sh,r-l,j-q-x	1
深见远虑	shēn jiàn yuǎn lǜ	28570	en-eng,ian-iang,uan-uang,s-sh,n-l,r-l,j-q-x	1
深计远虑	shēn jì yuǎn lǜ	28571	en-eng,uan-uang,s-sh,n-l,r-l,j-q-x	1
深谋远略	shēn móu yuǎn lüè	28572	en-eng,uan-uang,ao-ou,s-sh,n-l,r-l	1
深谷为陵	shēn gǔ wéi líng	28574	en-eng,in-ing,ai-ei,s-sh,n-l,r-l	1
深雠大恨	shēn chóu dà hèn	28577	en-eng,ao-ou,c-ch,s-sh,h-f	3
混为一体	hùn wéi yì tǐ	28583	ai-ei,h-f	1
混作一谈	hùn zuò yī tán	28585	an-ang,ua-uo,z-zh,h-f	1
混俗和光	hùn sú hé guāng	28586	uan-uang,s-sh,h-f	1
混凝纸浆	hùn níng zhǐ jiàng	28588	in-ing,ian-iang,z-zh,n-l,h-f,j-q-x	1
混应滥应	hùn yīng làn yīng	28595	in-ing,an-ang,n-l,h-f,r-l	1
混战一场	hùn zhàn yì chǎng	28596	an-ang,z-zh,c-ch,h-f	1
混水捞鱼	hùn shuǐ lāo yú	28598	ao-ou,s-sh,n-l,h-f,r-l	1
混水摸鱼	hùn shuǐ mō yú	28599	s-sh,h-f	1
混沌不分	hùn dùn bù fēn	28600	en-eng,h-f	3
混淆是非	hùn xiáo shì fēi	28603	ai-ei,s-sh,h-f,j-q-x	1
混淆黑白	hùn xiáo hēi bái	28605	ai-ei,h-f,j-q-x	1
混混噩噩	hún hún è è	28607	h-f	1
混混沄沄	hùn hùn yún yún	28608	h-f	5
混混沌沌	hùn hùn dùn dùn	28609	h-f	3
混然一体	hún rán yī tǐ	28610	an-ang,h-f,r-l	1
混然天成	hùn rán tiān chéng	28611	en-eng,an-ang,ian-iang,c-ch,h-f,r-l	1
淹会贯通	yān huì guàn tōng	28616	an-ang,uan-uang,h-f	1
添枝增叶	tiān zhī zēng yè	28623	en-eng,ian-iang,z-zh	1
添枝接叶	tiān zhī jiē yè	28624	ian-iang,ia-ie,z-zh,j-q-x	1
添盐着醋	tiān yán zhe cù	28625	an-ang,ian-iang,z-zh,c-ch	1
清净寂灭	qīng jìng jì miè	28628	in-ing,ia-ie,j-q-x	1
清净无为	qīng jìng wú wéi	28629	in-ing,ai-ei,j-q-x	1
清华大学	qīng huá dà xué	28630	in-ing,ua-uo,h-f,j-q-x	1
清廉正直	qīng lián zhèng zhí	28636	en-eng,in-ing,ian-iang,z-zh,n-l,r-l,j-q-x	1
清微淡远	qīng wēi dàn yuǎn	28637	in-ing,an-ang,uan-uang,ai-ei,j-q-x	1
清心少欲	qīng xīn shǎo yù	28638	in-ing,ao-ou,s-sh,j-q-x	1
清洌可鉴	qīng liè kě jiàn	28645	in-ing,ian-iang,ia-ie,n-l,r-l,j-q-x	3
清浊同流	qīng zhuó tóng liú	28646	in-ing,ua-uo,z-zh,n-l,r-l,j-q-x	1
清源正本	qīng yuán zhèng běn	28648	en-eng,in-ing,uan-uang,z-zh,j-q-x	1
清莹秀澈	qīng yíng xiù chè	28650	in-ing,c-ch,j-q-x	1
清词丽句	qīng cí lì jù	28651	in-ing,c-ch,n-l,r-l,j-q-x	1
清贫如洗	qīng pín rú xǐ	28652	in-ing,r-l,j-q-x	1
清辞丽句	qīng cí lì jù	28653	in-ing,c-ch,n-l,r-l,j-q-x	1
清辞丽曲	qīng cí lì qǔ	28654	in-ing,c-ch,n-l,r-l,j-q-x	1
清都紫府	qīng dōu zǐ fǔ	28655	in-ing,ao-ou,z-zh,h-f,j-q-x	1
清都紫微	qīng dōu zǐ wēi	28656	in-ing,ai-ei,ao-ou,z-zh,j-q-x	1
清都绛阙	qīng dōu jiàng què	28657	in-ing,ian-iang,ao-ou,j-q-x	3
清静无为	qīng jìng wú wéi	28659	in-ing,ai-ei,j-q-x	1
清风两袖	qīng fēng liǎng xiù	28660	en-eng,in-ing,ian-iang,n-l,h-f,r-l,j-q-x	1
清风亮节	qīng fēng liàng jié	28661	en-eng,in-ing,ian-iang,ia-ie,n-l,h-f,r-l,j-q-x	1
清风劲节	qīng fēng jìng jié	28662	en-eng,in-ing,ia-ie,h-f,j-q-x	1
清风峻节	qīng fēng jùn jié	28663	en-eng,in-ing,ia-ie,h-f,j-q-x	1
清风明月	qīng fēng míng yuè	28664	en-eng,in-ing,h-f,j-q-x	1
清风朗月	qīng fēng lǎng yuè	28665	en-eng,in-ing,an-ang,n-l,h-f,r-l,j-q-x	1
清风高节	qīng fēng gāo jié	28666	en-eng,in-ing,ao-ou,ia-ie,h-f,j-q-x	1
渊图远算	yuān tú yuǎn suàn	28667	uan-uang,s-sh	1
渊涌风厉	yuān yǒng fēng lì	28668	en-eng,uan-uang,n-l,h-f,r-l	1
渊涓蠖濩	yuān juān huò hù	28669	uan-uang,ua-uo,h-f,j-q-x	7
渊清玉絜	yuān qīng yù jié	28670	in-ing,uan-uang,ia-ie,j-q-x	5
渊渟岳峙	yuān tíng yuè zhì	28671	in-ing,uan-uang,z-zh	7
渊渟岳立	yuān tíng yuè lì	28672	in-ing,uan-uang,n-l,r-l	5
渊渟泽汇	yuān tíng zé huì	28673	in-ing,uan-uang,z-zh,h-f	5
渊源有自	yuān yuán yǒu zì	28674	uan-uang,ao-ou,z-zh	1
渊谋远略	yuān móu yuǎn lüè	28676	uan-uang,ao-ou,n-l,r-l	1
渊鱼丛雀	yuān yú cóng què	28677	uan-uang,c-ch,j-q-x	1
渐不可长	jiàn bù kě zhǎng	28680	an-ang,ian-iang,z-zh,j-q-x	1
渐仁摩义	jiān rén mó yì	28681	en-eng,ian-iang,r-l,j-q-x	1
渐仁摩谊	jiān rén mó yì	28682	en-eng,ian-iang,r-l,j-q-x	1
渐至佳境	jiàn zhì jiā jìng	28688	in-ing,ian-iang,ia-ie,z-zh,j-q-x	1
渑池之功	miǎn chí zhī gōng	28690	ian-iang,z-zh,c-ch	3
渔人得利	yú rén dé lì	28691	en-eng,n-l,r-l	1
渔夺侵牟	yú duó qīn móu	28692	in-ing,ao-ou,ua-uo,j-q-x	3
渔翁得利	yú wēng dé lì	28694	en-eng,n-l,r-l	1
温席扇枕	wēn xí shān zhěn	28703	en-eng,an-ang,z-zh,s-sh,j-q-x	1
温枕扇席	wēn zhěn shān xí	28710	en-eng,an-ang,z-zh,s-sh,j-q-x	1
温柔敦厚	wēn róu dūn hòu	28711	en-eng,ao-ou,h-f,r-l	1
温润而泽	wēn rùn ér zé	28712	en-eng,z-zh,r-l	1
温衾扇枕	wēn qīn shān zhěn	28713	en-eng,in-ing,an-ang,z-zh,s-sh,j-q-x	3
港务监督	gǎng wù jiān dū	28718	an-ang,ian-iang,j-q-x	1
渴尘万斛	kě chén wàn hú	28730	en-eng,an-ang,c-ch,h-f	3
渴骥奔泉	kě jì bēn quán	28733	en-eng,uan-uang,j-q-x	3
游回磨转	yóu huí mó zhuǎn	28738	uan-uang,ao-ou,z-zh,h-f	1
游山玩景	yóu shān wán jǐng	28741	in-ing,an-ang,ao-ou,s-sh,j-q-x	1
游必有方	yóu bì yǒu fāng	28743	an-ang,ao-ou,h-f	1
游思妄想	yóu sī wàng xiǎng	28744	an-ang,ian-iang,ao-ou,s-sh,j-q-x	1
游戏三昧	yóu xì sān mèi	28745	an-ang,ai-ei,ao-ou,s-sh,j-q-x	1
游戏人世	yóu xì rén shì	28746	en-eng,ao-ou,s-sh,r-l,j-q-x	1
游戏人间	yóu xì rén jiān	28747	en-eng,ian-iang,ao-ou,r-l,j-q-x	1
游戏尘寰	yóu xì chén huán	28749	en-eng,uan-uang,ao-ou,c-ch,h-f,j-q-x	3
游戏笔墨	yóu xì bǐ mò	28750	ao-ou,j-q-x	1
游戏翰墨	yóu xì hàn mò	28751	an-ang,ao-ou,h-f,j-q-x	1
游标卡尺	yóu biāo kǎ chǐ	28753	ao-ou,c-ch	1
游泳裤衩	yóu yǒng kù chǎ	28754	ao-ou,c-ch	3
游目骋观	yóu mù chěng guān	28755	en-eng,uan-uang,ao-ou,c-ch	3
游移不定	yóu yí bù dìng	28756	in-ing,ao-ou	1
游荡不羁	yóu dàng bù jī	28759	an-ang,ao-ou,j-q-x	3
游蜂戏蝶	yóu fēng xì dié	28760	en-eng,ao-ou,ia-ie,h-f,j-q-x	1
渺不足道	miǎo bù zú dào	28763	ao-ou,z-zh	1
渺无音信	miǎo wú yīn xìn	28764	in-ing,j-q-x	1
湖北大鼓	hú běi dà gǔ	28770	ai-ei,h-f	1
湮没无闻	yān mò wú wén	28790	en-eng,an-ang	3
溃兵游勇	kuì bīng yóu yǒng	28804	in-ing,ao-ou	1
源头活水	yuán tóu huó shuǐ	28826	uan-uang,ao-ou,ua-uo,s-sh,h-f	1
源泉万斛	yuán quán wàn hú	28827	an-ang,uan-uang,h-f,j-q-x	3
源源不绝	yuán yuán bù jué	28830	uan-uang,j-q-x	1
溘先朝露	kè xiān zhāo lù	28832	ian-iang,ao-ou,z-zh,n-l,r-l,j-q-x	3
溘然长往	kè rán cháng wǎng	28833	an-ang,c-ch,r-l	3
溘然长逝	kè rán cháng shì	28834	an-ang,c-ch,s-sh,r-l	3
溢美之语	yì měi zhī yǔ	28858	ai-ei,z-zh	1
溢美溢恶	yì měi yì wù	28859	ai-ei	1
溥天同庆	pǔ tiān tóng qìng	28860	in-ing,ian-iang,j-q-x	3
溥天率土	pǔ tiān shuài tǔ	28861	ian-iang,s-sh	3
溯水行舟	sù shuǐ xíng zhōu	28863	in-ing,ao-ou,z-zh,s-sh,j-q-x	1
溯流追源	sù liú zhuī yuán	28864	uan-uang,z-zh,s-sh,n-l,r-l	1
溯端竟委	sù duān jìng wěi	28865	in-ing,uan-uang,ai-ei,s-sh,j-q-x	1
溺心灭质	nì xīn miè zhì	28875	in-ing,ia-ie,z-zh,n-l,j-q-x	1
滂沱大雨	pāng tuó dà yǔ	28881	an-ang,ua-uo	3
滋蔓难图	zī màn nán tú	28883	an-ang,z-zh,n-l	1
滑不唧溜	huá bù jī liū	28886	ua-uo,n-l,h-f,r-l,j-q-x	1
滑泥扬波	huá ní yáng bō	28892	an-ang,ua-uo,n-l,h-f	1
滔天大罪	tāo tiān dà zuì	28907	ian-iang,ao-ou,z-zh	1
滔天罪行	tāo tiān zuì xíng	28908	in-ing,ian-iang,ao-ou,z-zh,j-q-x	1
滔滔不尽	tāo tāo bù jìn	28909	in-ing,ao-ou,j-q-x	1
滔滔不断	tāo tāo bù duàn	28910	uan-uang,ao-ou	1
滔滔不竭	tāo tāo bù jié	28911	ao-ou,ia-ie,j-q-x	1
滔滔汩汩	tāo tāo gǔ gǔ	28913	ao-ou	3
滚动轴承	gǔn dòng zhóu chéng	28915	en-eng,ao-ou,z-zh,c-ch	1
滚柱轴承	gǔn zhù zhóu chéng	28917	en-eng,ao-ou,z-zh,c-ch	1
滚珠轴承	gǔn zhū zhóu chéng	28920	en-eng,ao-ou,z-zh,c-ch	1
满不在意	mǎn bù zài yì	28929	an-ang,ai-ei,z-zh	1
满坐风生	mǎn zuò fēng shēng	28933	en-eng,an-ang,ua-uo,z-zh,s-sh,h-f	1
满天星斗	mǎn tiān xīng dǒu	28937	in-ing,an-ang,ian-iang,ao-ou,j-q-x	1
满座风生	mǎn zuò fēng shēng	28938	en-eng,an-ang,ua-uo,z-zh,s-sh,h-f	1
满怀信心	mǎn huái xìn xīn	28939	in-ing,an-ang,h-f,j-q-x	1
满目凄凉	mǎn mù qī liáng	28944	an-ang,ian-iang,n-l,r-l,j-q-x	1
满纸空言	mǎn zhǐ kōng yán	28945	an-ang,z-zh	1
满而不溢	mǎn ér bù yì	28946	an-ang	1
满脸春风	mǎn liǎn chūn fēng	28947	en-eng,an-ang,ian-iang,c-ch,n-l,h-f,r-l	1
满腹牢骚	mǎn fù láo sāo	28948	an-ang,ao-ou,s-sh,n-l,h-f,r-l	1
满腹狐疑	mǎn fù hú yí	28949	an-ang,h-f	1
满腹疑团	mǎn fù yí tuán	28950	an-ang,uan-uang,h-f	1
满袖春风	mǎn xiù chūn fēng	28952	en-eng,an-ang,c-ch,h-f,j-q-x	1
满面红光	mǎn miàn hóng guāng	28957	an-ang,ian-iang,uan-uang,h-f	1
滴水不羼	dī shuǐ bù chàn	28968	an-ang,c-ch,s-sh	3
滴水难消	dī shuǐ nán xiāo	28970	an-ang,s-sh,n-l,j-q-x	1
滴滴答答	dī dī dā dā	28974		1
滴露研朱	dī lù yán zhū	28978	an-ang,z-zh,n-l,r-l	1
滴露研珠	dī lù yán zhū	28979	an-ang,z-zh,n-l,r-l	1
漂母进饭	piāo mǔ jìn fàn	28984	in-ing,an-ang,h-f,j-q-x	1
漂泊无定	piāo bó wú dìng	28986	in-ing	1
漂蓬断梗	piāo péng duàn gěng	28997	en-eng,uan-uang	1
漂零蓬断	piāo líng péng duàn	28998	en-eng,in-ing,uan-uang,n-l,r-l	1
漏卮难满	lòu zhī nán mǎn	29004	an-ang,ao-ou,z-zh,n-l,r-l	3
漏尽更阑	lòu jìn gēng lán	29007	en-eng,in-ing,an-ang,ao-ou,n-l,r-l,j-q-x	3
漏尽钟鸣	lòu jìn zhōng míng	29008	in-ing,ao-ou,z-zh,n-l,r-l,j-q-x	1
漏尽锺鸣	lòu jìn zhōng míng	29009	in-ing,ao-ou,z-zh,n-l,r-l,j-q-x	5
漏泄天机	lòu xiè tiān jī	29014	ian-iang,ao-ou,ia-ie,n-l,r-l,j-q-x	1
漏泄春光	lòu xiè chūn guāng	29015	uan-uang,ao-ou,ia-ie,c-ch,n-l,r-l,j-q-x	1
漫不加意	màn bù jiā yì	29034	an-ang,ia-ie,j-q-x	1
漫不经意	màn bù jīng yì	29036	in-ing,an-ang,j-q-x	1
漫地漫天	màn dì màn tiān	29039	an-ang,ian-iang	1
漫天匝地	màn tiān zā dì	29040	an-ang,ian-iang,z-zh	3
漫天叫价	màn tiān jiào jià	29041	an-ang,ian-iang,ia-ie,j-q-x	1
漫天大谎	màn tiān dà huǎng	29042	an-ang,ian-iang,uan-uang,h-f	1
漫天开价	màn tiān kāi jià	29043	an-ang,ian-iang,ai-ei,ia-ie,j-q-x	1
漫天掩地	màn tiān yǎn dì	29044	an-ang,ian-iang	1
漫天盖地	màn tiān gài dì	29045	an-ang,ian-iang,ai-ei	1
漫天要价	màn tiān yào jià	29046	an-ang,ian-iang,ao-ou,ia-ie,j-q-x	1
漫天过海	màn tiān guò hǎi	29047	an-ang,ian-iang,ai-ei,ua-uo,h-f	1
漫天遍地	màn tiān biàn dì	29048	an-ang,ian-iang	1
漫山塞野	màn shān sāi yě	29049	an-ang,ai-ei,s-sh	1
漫条斯理	màn tiáo sī lǐ	29050	an-ang,s-sh,n-l,r-l	1
漫藏诲盗	màn cáng huì dào	29054	an-ang,ao-ou,c-ch,h-f	1
漱流枕石	shù liú zhěn shí	29062	en-eng,z-zh,s-sh,n-l,r-l	1
漱石枕流	shù shí zhěn liú	29063	en-eng,z-zh,s-sh,n-l,r-l	1
潇洒风流	xiāo sǎ fēng liú	29065	en-eng,s-sh,n-l,h-f,r-l,j-q-x	1
潘文乐旨	pān wén lè zhǐ	29069	en-eng,an-ang,z-zh,n-l,r-l	1
潜休隐德	qián xiū yǐn dé	29071	in-ing,ian-iang,j-q-x	1
潜光隐德	qián guāng yǐn dé	29072	in-ing,ian-iang,uan-uang,j-q-x	1
潜光隐耀	qián guāng yǐn yào	29073	in-ing,ian-iang,uan-uang,ao-ou,j-q-x	1
潜山隐市	qián shān yǐn shì	29076	in-ing,an-ang,ian-iang,s-sh,j-q-x	1
潜德秘行	qián dé mì xíng	29077	in-ing,ian-iang,j-q-x	1
潜德隐行	qián dé yǐn xíng	29078	in-ing,ian-iang,j-q-x	1
潜消默化	qián xiāo mò huà	29083	ian-iang,ua-uo,h-f,j-q-x	1
潜濡默化	qián rú mò huà	29085	ian-iang,ua-uo,h-f,r-l,j-q-x	3
潜濡默被	qián rú mò bèi	29086	ian-iang,ai-ei,r-l,j-q-x	3
潜神嘿规	qián shén hēi guī	29087	en-eng,ian-iang,ai-ei,s-sh,h-f,j-q-x	1
潜移嘿夺	qián yí hēi duó	29088	ian-iang,ai-ei,ua-uo,h-f,j-q-x	1
潜移暗化	qián yí àn huà	29089	an-ang,ian-iang,ua-uo,h-f,j-q-x	1
潜移默转	qián yí mò zhuǎn	29091	ian-iang,uan-uang,z-zh,j-q-x	1
潜精研思	qián jīng yán sī	29092	in-ing,an-ang,ian-iang,s-sh,j-q-x	1
潜精积思	qián jīng jī sī	29093	in-ing,ian-iang,s-sh,j-q-x	1
潜踪隐迹	qián zōng yǐn jì	29099	in-ing,ian-iang,z-zh,j-q-x	1
潢池弄兵	huáng chí nòng bīng	29102	in-ing,uan-uang,c-ch,n-l,h-f	3
潢池盗弄	huáng chí dào nòng	29103	uan-uang,ao-ou,c-ch,n-l,h-f	3
潦原浸天	lǎo yuán jìn tiān	29105	in-ing,ian-iang,uan-uang,ao-ou,n-l,r-l,j-q-x	3
潮涨潮落	cháo zhǎng cháo luò	29113	an-ang,ao-ou,ua-uo,z-zh,c-ch,n-l,r-l	1
澄思渺虑	chéng sī miǎo lǜ	29119	en-eng,c-ch,s-sh,n-l,r-l	1
澄江如练	chéng jiāng rú liàn	29122	en-eng,ian-iang,c-ch,n-l,r-l,j-q-x	1
澄沙汰砾	dèng shā tài lì	29125	en-eng,ai-ei,s-sh,n-l,r-l	1
澄清天下	chéng qīng tiān xià	29127	en-eng,in-ing,ian-iang,ia-ie,c-ch,j-q-x	1
澄神离形	chéng shén lí xíng	29130	en-eng,in-ing,c-ch,s-sh,n-l,r-l,j-q-x	1
澈底澄清	chè dǐ chéng qīng	29133	en-eng,in-ing,c-ch,j-q-x	1
澜倒波随	lán dǎo bō suí	29134	an-ang,ao-ou,s-sh,n-l,r-l	1
澹泊寡欲	dàn bó guǎ yù	29139	an-ang,ua-uo	3
激忿填膺	jī fèn tián yīng	29148	en-eng,in-ing,ian-iang,h-f,j-q-x	3
激薄停浇	jī bó tíng jiāo	29150	in-ing,j-q-x	1
激进分子	jī jìn fèn zǐ	29151	en-eng,in-ing,z-zh,h-f,j-q-x	1
濠梁之上	háo liáng zhī shàng	29153	an-ang,ian-iang,ao-ou,z-zh,s-sh,n-l,h-f,r-l	3
濯污扬清	zhuó wū yáng qīng	29154	in-ing,an-ang,ua-uo,z-zh,j-q-x	3
濯足濯缨	zhuó zú zhuó yīng	29156	in-ing,ua-uo,z-zh	3
灌夫骂坐	guàn fū mà zuò	29162	uan-uang,ua-uo,z-zh,h-f	1
灌夫骂座	guàn fū mà zuò	29163	uan-uang,ua-uo,z-zh,h-f	1
火上加油	huǒ shàng jiā yóu	29171	an-ang,ao-ou,ia-ie,ua-uo,s-sh,h-f,j-q-x	1
火上弄冰	huǒ shàng nòng bīng	29172	in-ing,an-ang,ua-uo,s-sh,n-l,h-f	1
火上添油	huǒ shàng tiān yóu	29174	an-ang,ian-iang,ao-ou,ua-uo,s-sh,h-f	1
火冒三尺	huǒ mào sān chǐ	29177	an-ang,ao-ou,ua-uo,c-ch,s-sh,h-f	1
火妻灰子	huǒ qī huī zǐ	29186	ua-uo,z-zh,h-f,j-q-x	1
火尽灰冷	huǒ jìn huī lěng	29187	en-eng,in-ing,ua-uo,n-l,h-f,r-l,j-q-x	1
火尽薪传	huǒ jìn xīn chuán	29188	in-ing,uan-uang,ua-uo,c-ch,h-f,j-q-x	1
火山汤海	huǒ shān tāng hǎi	29189	an-ang,ai-ei,ua-uo,s-sh,h-f	1
火耕水种	huǒ gēng shuǐ zhòng	29208	en-eng,ua-uo,z-zh,s-sh,h-f	1
火耕流种	huǒ gēng liú zhǒng	29209	en-eng,ua-uo,z-zh,n-l,h-f,r-l	1
灭景追风	miè yǐng zhuī fēng	29215	en-eng,in-ing,ia-ie,z-zh,h-f	1
灭此朝食	miè cǐ zhāo shí	29216	ao-ou,ia-ie,z-zh,c-ch,s-sh	1
灯尽油干	dēng jìn yóu gān	29223	en-eng,in-ing,an-ang,ao-ou,j-q-x	1
灯火万家	dēng huǒ wàn jiā	29227	en-eng,an-ang,ia-ie,ua-uo,h-f,j-q-x	1
灯蛾扑火	dēng é pū huǒ	29234	en-eng,ua-uo,h-f	1
灰不溜丢	huī bù liū diū	29237	n-l,h-f,r-l	1
灰头土面	huī tóu tǔ miàn	29241	ian-iang,ao-ou,h-f	1
灰心丧意	huī xīn sàng yì	29242	in-ing,an-ang,s-sh,h-f,j-q-x	1
灰身粉骨	huī shēn fěn gǔ	29251	en-eng,s-sh,h-f	1
灰躯糜骨	huī qū mí gǔ	29252	h-f,j-q-x	3
灵蛇之珠	líng shé zhī zhū	29258	in-ing,z-zh,s-sh,n-l,r-l	1
灸艾分痛	jiǔ ài fēn tòng	29265	en-eng,ai-ei,h-f,j-q-x	1
灼艾分痛	zhuó ài fēn tòng	29266	en-eng,ai-ei,ua-uo,z-zh,h-f	1
灼见真知	zhuó jiàn zhēn zhī	29268	en-eng,ian-iang,ua-uo,z-zh,j-q-x	1
灾难深重	zāi nán shēn zhòng	29271	en-eng,an-ang,ai-ei,z-zh,s-sh,n-l	1
灿若繁星	càn ruò fán xīng	29272	in-ing,an-ang,ua-uo,c-ch,h-f,r-l,j-q-x	1
炊沙作糜	chuī shā zuò mí	29280	ua-uo,z-zh,c-ch,s-sh	3
炊沙作饭	chuī shā zuò fàn	29281	an-ang,ua-uo,z-zh,c-ch,s-sh,h-f	1
炊沙成饭	chuī shā chéng fàn	29282	en-eng,an-ang,c-ch,s-sh,h-f	1
炊沙镂冰	chuī shā lòu bīng	29283	in-ing,ao-ou,c-ch,s-sh,n-l,r-l	3
炊鲜漉清	chuī xiān lù qīng	29284	in-ing,ian-iang,c-ch,n-l,r-l,j-q-x	3
炎凉世态	yán liáng shì tài	29286	an-ang,ian-iang,ai-ei,s-sh,n-l,r-l	1
炫奇争胜	xuàn qí zhēng shèng	29296	en-eng,uan-uang,z-zh,s-sh,j-q-x	1
炫巧斗妍	xuàn qiǎo dòu yán	29297	an-ang,uan-uang,ao-ou,j-q-x	3
炫异争奇	xuàn yì zhēng qí	29298	en-eng,uan-uang,z-zh,j-q-x	1
炫昼缟夜	xuàn zhòu gǎo yè	29300	uan-uang,ao-ou,z-zh,j-q-x	3
炫玉贾石	xuàn yù gǔ shí	29301	uan-uang,s-sh,j-q-x	1
炫石为玉	xuàn shí wéi yù	29302	uan-uang,ai-ei,s-sh,j-q-x	1
炮凤烹龙	páo fèng pēng lóng	29308	en-eng,ao-ou,n-l,h-f,r-l	1
炮火连天	pào huǒ lián tiān	29321	ian-iang,ao-ou,ua-uo,n-l,h-f,r-l	1
炮龙烹凤	pào lóng pēng fèng	29332	en-eng,ao-ou,n-l,h-f,r-l	1
炯炯有神	jiǒng jiǒng yǒu shén	29333	en-eng,ao-ou,s-sh,j-q-x	3
炳如观火	bǐng rú guān huǒ	29335	in-ing,uan-uang,ua-uo,h-f,r-l	3
炳若日星	bǐng ruò rì xīng	29336	in-ing,ua-uo,r-l,j-q-x	3
炳若观火	bǐng ruò guān huǒ	29337	in-ing,uan-uang,ua-uo,h-f,r-l	3
炸土豆条	zhá tǔ dòu tiáo	29340	ao-ou,z-zh	1
炸烹大虾	zhá pēng dà xiā	29346	en-eng,ia-ie,z-zh,j-q-x	1
炸肉丸子	zhá ròu wán zi	29351	an-ang,ao-ou,z-zh,r-l	1
点头会意	diǎn tóu huì yì	29366	ian-iang,ao-ou,h-f	1
点头咂嘴	diǎn tóu zā zuǐ	29367	ian-iang,ao-ou,z-zh	3
点心瓤子	diǎn xīn ráng zi	29371	in-ing,an-ang,ian-iang,z-zh,r-l,j-q-x	1
点手划脚	diǎn shǒu huà jiǎo	29372	ian-iang,ao-ou,ua-uo,s-sh,h-f,j-q-x	1
点指划脚	diǎn zhǐ huá jiǎo	29373	ian-iang,ua-uo,z-zh,h-f,j-q-x	1
点水不漏	diǎn shuǐ bù lòu	29375	ian-iang,ao-ou,s-sh,n-l,r-l	1
点石为金	diǎn shí wéi jīn	29379	in-ing,ian-iang,ai-ei,s-sh,j-q-x	1
点胸洗眼	diǎn xiōng xǐ yǎn	29382	an-ang,ian-iang,j-q-x	1
点金乏术	diǎn jīn fá shù	29383	in-ing,ian-iang,s-sh,h-f,j-q-x	1
点金无术	diǎn jīn wú shù	29384	in-ing,ian-iang,s-sh,j-q-x	1
炼石补天	liàn shí bǔ tiān	29387	ian-iang,s-sh,n-l,r-l	1
烁石流金	shuò shí liú jīn	29391	in-ing,ua-uo,s-sh,n-l,r-l,j-q-x	1
烂若披掌	làn ruò pī zhǎng	29395	an-ang,ua-uo,z-zh,n-l,r-l	1
烂若披锦	làn ruò pī jǐn	29396	in-ing,an-ang,ua-uo,n-l,r-l,j-q-x	1
烂若舒锦	làn ruò shū jǐn	29397	in-ing,an-ang,ua-uo,s-sh,n-l,r-l,j-q-x	1
烂醉如泥	làn zuì rú ní	29398	an-ang,z-zh,n-l,r-l	1
烂额焦头	làn é jiāo tóu	29399	an-ang,ao-ou,n-l,r-l,j-q-x	1
烈火干柴	liè huǒ gān chái	29404	an-ang,ai-ei,ia-ie,ua-uo,c-ch,n-l,h-f,r-l	1
烘堂大笑	hōng táng dà xiào	29407	an-ang,h-f,j-q-x	1
烛照数计	zhú zhào shù jì	29418	ao-ou,z-zh,s-sh,j-q-x	1
烟云过眼	yān yún guò yǎn	29420	an-ang,ua-uo	1
烟消雾散	yān xiāo wù sàn	29432	an-ang,s-sh,j-q-x	1
烟聚波属	yān jù bō shǔ	29436	an-ang,s-sh,j-q-x	1
烟花风月	yān huā fēng yuè	29438	en-eng,an-ang,ua-uo,h-f	1
烟蓑雨笠	yān suō yǔ lì	29439	an-ang,ua-uo,s-sh,n-l,r-l	3
烟视媚行	yān shì mèi xíng	29440	in-ing,an-ang,ai-ei,s-sh,j-q-x	1
烟霏雨散	yān fēi yǔ sàn	29443	an-ang,ai-ei,s-sh,h-f	3
烟飞星散	yān fēi xīng sàn	29444	in-ing,an-ang,ai-ei,s-sh,h-f,j-q-x	1
烧犀观火	shāo xī guān huǒ	29450	uan-uang,ao-ou,ua-uo,s-sh,h-f,j-q-x	1
热功当量	rè gōng dāng liàng	29459	an-ang,ian-iang,n-l,r-l	1
热可炙手	rè kě zhì shǒu	29462	ao-ou,z-zh,s-sh,r-l	3
热核反应	rè hé fǎn yìng	29471	in-ing,an-ang,h-f,r-l	1
热核炸弹	rè hé zhà dàn	29472	an-ang,z-zh,h-f,r-l	1
热熬翻饼	rè áo fān bǐng	29477	in-ing,an-ang,ao-ou,h-f,r-l	1
热血动物	rè xuè dòng wù	29485	r-l,j-q-x	1
热血沸腾	rè xuè fèi téng	29486	en-eng,ai-ei,h-f,r-l,j-q-x	1
烹犬藏弓	pēng quǎn cáng gōng	29493	en-eng,an-ang,uan-uang,c-ch,j-q-x	1
烹狗藏弓	pēng gǒu cáng gōng	29494	en-eng,an-ang,ao-ou,c-ch	1
烹龙炮凤	pēng lóng páo fèng	29496	en-eng,ao-ou,n-l,h-f,r-l	1
烽火相连	fēng huǒ xiāng lián	29498	en-eng,ian-iang,ua-uo,n-l,h-f,r-l,j-q-x	3
烽鼓不息	fēng gǔ bù xī	29499	en-eng,h-f,j-q-x	3
焚林竭泽	fén lín jié zé	29504	en-eng,in-ing,ia-ie,z-zh,n-l,h-f,r-l,j-q-x	1
焚枯食淡	fén kū shí dàn	29505	en-eng,an-ang,s-sh,h-f	1
焚膏继晷	fén gāo jì guǐ	29506	en-eng,ao-ou,h-f,j-q-x	3
焚香扫地	fén xiāng sǎo dì	29508	en-eng,ian-iang,ao-ou,s-sh,h-f,j-q-x	1
焚骨扬灰	fén gǔ yáng huī	29509	en-eng,an-ang,h-f	1
焦唇干肺	jiāo chún gān fèi	29511	an-ang,ai-ei,c-ch,h-f,j-q-x	1
焦唇干舌	jiāo chún gān shé	29512	an-ang,c-ch,s-sh,j-q-x	1
焦心劳思	jiāo xīn láo sī	29516	in-ing,ao-ou,s-sh,n-l,r-l,j-q-x	1
焦心热中	jiāo xīn rè zhōng	29517	in-ing,z-zh,r-l,j-q-x	1
焦思苦虑	jiāo sī kǔ lǜ	29519	s-sh,n-l,r-l,j-q-x	1
焦沙烂石	jiāo shā làn shí	29520	an-ang,s-sh,n-l,r-l,j-q-x	1
焦熬投石	jiāo áo tóu shí	29522	ao-ou,s-sh,j-q-x	1
焦金流石	jiāo jīn liú shí	29524	in-ing,s-sh,n-l,r-l,j-q-x	1
焦金烁石	jiāo jīn shuò shí	29525	in-ing,ua-uo,s-sh,j-q-x	1
然荻读书	rán dí dú shū	29527	an-ang,s-sh,r-l	3
照功行赏	zhào gōng xíng shǎng	29553	in-ing,an-ang,ao-ou,z-zh,s-sh,j-q-x	1
煨干就湿	wēi gān jiù shī	29574	an-ang,ai-ei,s-sh,j-q-x	3
煨干避湿	wēi gān bì shī	29575	an-ang,ai-ei,s-sh	3
煮粥焚须	zhǔ zhōu fén xū	29576	en-eng,ao-ou,z-zh,h-f,j-q-x	1
熊据虎跱	xióng jù hǔ zhì	29578	z-zh,h-f,j-q-x	5
熊罴百万	xióng pí bǎi wàn	29581	an-ang,ai-ei,j-q-x	3
熊腰虎背	xióng yāo hǔ bèi	29582	ai-ei,ao-ou,h-f,j-q-x	1
熏天赫地	xūn tiān hè dì	29585	ian-iang,h-f,j-q-x	1
熏莸同器	xūn yóu tóng qì	29590	ao-ou,j-q-x	3
熏陶成性	xūn táo chéng xìng	29597	en-eng,in-ing,ao-ou,c-ch,j-q-x	1
熏风解愠	xūn fēng jiě yùn	29599	en-eng,ia-ie,h-f,j-q-x	3
熟思审处	shú sī shěn chǔ	29609	en-eng,c-ch,s-sh	1
熟读深思	shú dú shēn sī	29616	en-eng,s-sh	1
熟路轻车	shú lù qīng chē	29617	in-ing,c-ch,s-sh,n-l,r-l,j-q-x	1
熬姜呷醋	áo jiāng xiā cù	29624	ian-iang,ao-ou,ia-ie,c-ch,j-q-x	3
熬心费力	áo xīn fèi lì	29626	in-ing,ai-ei,ao-ou,n-l,h-f,r-l,j-q-x	1
熬更守夜	áo gēng shǒu yè	29627	en-eng,ao-ou,s-sh	1
熬枯受淡	áo kū shòu dàn	29628	an-ang,ao-ou,s-sh	1
熬油费火	áo yóu fèi huǒ	29629	ai-ei,ao-ou,ua-uo,h-f	1
熬清受淡	áo qīng shòu dàn	29630	in-ing,an-ang,ao-ou,s-sh,j-q-x	1
熬清守淡	áo qīng shǒu dàn	29631	in-ing,an-ang,ao-ou,s-sh,j-q-x	1
熬清守谈	áo qīng shǒu tán	29632	in-ing,an-ang,ao-ou,s-sh,j-q-x	1
熬肠刮肚	áo cháng guā dù	29635	an-ang,ao-ou,ua-uo,c-ch	1
燃烧炸弹	rán shāo zhà dàn	29638	an-ang,ao-ou,z-zh,s-sh,r-l	1
燋头烂额	jiāo tóu làn é	29639	an-ang,ao-ou,n-l,r-l,j-q-x	5
燋金烁石	jiāo jīn shuò shí	29640	in-ing,ua-uo,s-sh,j-q-x	5
燎原烈火	liáo yuán liè huǒ	29642	uan-uang,ia-ie,ua-uo,n-l,h-f,r-l	3
燎发摧枯	liǎo fà cuī kū	29643	c-ch,n-l,h-f,r-l	3
燎如观火	liǎo rú guān huǒ	29644	uan-uang,ua-uo,n-l,h-f,r-l	3
燎若观火	liáo ruò guān huǒ	29646	uan-uang,ua-uo,n-l,h-f,r-l	3
燕侣莺俦	yàn lǚ yīng chóu	29648	in-ing,an-ang,ao-ou,c-ch,n-l,r-l	3
燕俦莺侣	yàn chóu yīng lǚ	29649	in-ing,an-ang,ao-ou,c-ch,n-l,r-l	3
燕处危巢	yàn chǔ wēi cháo	29651	an-ang,ai-ei,ao-ou,c-ch	1
燕处焚巢	yàn chǔ fén cháo	29652	en-eng,an-ang,ao-ou,c-ch,h-f	1
燕妒莺惭	yàn dù yīng cán	29653	in-ing,an-ang,c-ch	1
燕子衔食	yàn zǐ xián shí	29655	an-ang,ian-iang,z-zh,s-sh,j-q-x	1
燕安鸩毒	yàn ān zhèn dú	29657	en-eng,an-ang,z-zh	3
燕尔新婚	yàn ěr xīn hūn	29659	in-ing,an-ang,h-f,j-q-x	1
燕岱之石	yān dài zhī shí	29664	an-ang,ai-ei,z-zh,s-sh	3
燕巢于幕	yàn cháo yú mù	29665	an-ang,ao-ou,c-ch	1
燕巢卫幕	yàn cháo wèi mù	29666	an-ang,ai-ei,ao-ou,c-ch	1
燕巢危幕	yàn cháo wēi mù	29667	an-ang,ai-ei,ao-ou,c-ch	1
燕巢幕上	yàn cháo mù shàng	29668	an-ang,ao-ou,c-ch,s-sh	1
燕巢飞幕	yàn cháo fēi mù	29670	an-ang,ai-ei,ao-ou,c-ch,h-f	1
燕市悲歌	yān shì bēi gē	29671	an-ang,ai-ei,s-sh	1
燕幕自安	yàn mù zì ān	29672	an-ang,z-zh	1
燕昭好马	yān zhāo hǎo mǎ	29673	an-ang,ao-ou,z-zh,h-f	1
燕昭市骏	yān zhāo shì jùn	29674	an-ang,ao-ou,z-zh,s-sh,j-q-x	1
燕歌赵舞	yān gē zhào wǔ	29675	an-ang,ao-ou,z-zh	1
燕燕于归	yàn yàn yú guī	29676	an-ang	1
燕燕莺莺	yàn yàn yīng yīng	29677	in-ing,an-ang	1
燕瘦环肥	yàn shòu huán féi	29678	an-ang,uan-uang,ai-ei,ao-ou,s-sh,h-f	1
燕石妄珍	yān shí wàng zhēn	29679	en-eng,an-ang,z-zh,s-sh	1
燕约莺期	yàn yuē yīng qī	29681	in-ing,an-ang,j-q-x	1
燕翼贻谋	yàn yì yí móu	29682	an-ang,ao-ou	1
燕舞莺啼	yàn wǔ yīng tí	29683	in-ing,an-ang	1
燕舞莺歌	yàn wǔ yīng gē	29684	in-ing,an-ang	1
燕语莺啼	yàn yǔ yīng tí	29685	in-ing,an-ang	1
燕语莺声	yàn yǔ yīng shēng	29686	en-eng,in-ing,an-ang,s-sh	1
燕跃鹄踊	yàn yuè hú yǒng	29688	an-ang,h-f	3
燕金募秀	yān jīn mù xiù	29689	in-ing,an-ang,j-q-x	1
燕雀之居	yàn què zhī jū	29691	an-ang,z-zh,j-q-x	1
燕雀之见	yàn què zhī jiàn	29692	an-ang,ian-iang,z-zh,j-q-x	1
燕雀处堂	yàn què chǔ táng	29693	an-ang,c-ch,j-q-x	1
燕雀处屋	yàn què chǔ wū	29694	an-ang,c-ch,j-q-x	1
燕雀相贺	yàn què xiāng hè	29698	an-ang,ian-iang,h-f,j-q-x	1
燕雁代飞	yàn yàn dài fēi	29699	an-ang,ai-ei,h-f	1
燕颔书生	yàn hàn shū shēng	29700	en-eng,an-ang,s-sh,h-f	3
燕颔儒生	yàn hàn rú shēng	29701	en-eng,an-ang,s-sh,h-f,r-l	3
燕颔虎头	yàn hàn hǔ tóu	29702	an-ang,ao-ou,h-f	3
燕颔虎须	yàn hàn hǔ xū	29703	an-ang,h-f,j-q-x	3
燕颔虎颈	yàn hàn hǔ jǐng	29704	in-ing,an-ang,h-f,j-q-x	3
燕颔虬须	yàn hàn qiú xū	29705	an-ang,h-f,j-q-x	3
燕额虎头	yàn é hǔ tóu	29706	an-ang,ao-ou,h-f	1
燕驾越毂	yān jià yuè gū	29707	an-ang,ia-ie,j-q-x	3
燕骏千金	yān jùn qiān jīn	29708	in-ing,an-ang,ian-iang,j-q-x	1
爆破炸弹	bào pò zhà dàn	29717	an-ang,ao-ou,z-zh	1
爆跳如雷	bào tiào rú léi	29719	ai-ei,ao-ou,n-l,r-l	1
爬梳洗剔	pá shū xǐ tī	29726	s-sh,j-q-x	1
爬行动物	pá xíng dòng wù	29728	in-ing,j-q-x	1
爱不忍释	ài bù rěn shì	29729	en-eng,ai-ei,s-sh,r-l	1
爱丽舍宫	ài lì shè gōng	29731	ai-ei,s-sh,n-l,r-l	1
爱人好士	ài rén hào shì	29733	en-eng,ai-ei,ao-ou,s-sh,h-f,r-l	1
爱别离苦	ài bié lí kǔ	29734	ai-ei,ia-ie,n-l,r-l	1
爱国如家	ài guó rú jiā	29736	ai-ei,ia-ie,ua-uo,r-l,j-q-x	1
爱才若渴	ài cái ruò kě	29739	ai-ei,ua-uo,c-ch,r-l	1
爱生恶死	ài shēng wù sǐ	29742	en-eng,ai-ei,s-sh	1
爱礼存羊	ài lǐ cún yáng	29743	an-ang,ai-ei,c-ch,n-l,r-l	1
爱答不理	ài dá bù lǐ	29745	ai-ei,n-l,r-l	1
爱素好古	ài sù hào gǔ	29746	ai-ei,ao-ou,s-sh,h-f	1
爱莫之助	ài mò zhī zhù	29747	ai-ei,z-zh	1
爵士音乐	jué shì yīn yuè	29751	in-ing,s-sh,j-q-x	1
父严子孝	fù yán zǐ xiào	29753	an-ang,z-zh,h-f,j-q-x	1
父为子隐	fù wéi zǐ yǐn	29754	in-ing,ai-ei,z-zh,h-f	1
父债子还	fù zhài zǐ huán	29757	uan-uang,ai-ei,z-zh,h-f	1
父慈子孝	fù cí zǐ xiào	29760	z-zh,c-ch,h-f,j-q-x	1
父析子荷	fù xī zǐ hé	29765	z-zh,h-f,j-q-x	1
父母之邦	fù mǔ zhī bāng	29767	an-ang,z-zh,h-f	1
父母恩勤	fù mǔ ēn qín	29769	en-eng,in-ing,h-f,j-q-x	1
爽心豁目	shuǎng xīn huō mù	29774	in-ing,uan-uang,ua-uo,s-sh,h-f,j-q-x	1
片云遮顶	piàn yún zhē dǐng	29776	in-ing,ian-iang,z-zh	1
片光零羽	piàn guāng líng yǔ	29780	in-ing,ian-iang,uan-uang,n-l,r-l	1
片接寸附	piàn jiē cùn fù	29785	ian-iang,ia-ie,c-ch,h-f,j-q-x	1
片文只事	piàn wén zhī shì	29786	en-eng,ian-iang,z-zh,s-sh	1
片瓦不留	piàn wǎ bù liú	29791	ian-iang,n-l,r-l	1
片瓦无存	piàn wǎ wú cún	29792	ian-iang,c-ch	1
片甲不回	piàn jiǎ bù huí	29793	ian-iang,ia-ie,h-f,j-q-x	1
片甲不存	piàn jiǎ bù cún	29794	ian-iang,ia-ie,c-ch,j-q-x	1
片甲不还	piàn jiǎ bù huán	29796	ian-iang,uan-uang,ia-ie,h-f,j-q-x	1
片甲无存	piàn jiǎ wú cún	29797	ian-iang,ia-ie,c-ch,j-q-x	1
片言一字	piàn yán yī zì	29800	an-ang,ian-iang,z-zh	1
片言只字	piàn yán zhī zì	29801	an-ang,ian-iang,z-zh	1
片言折狱	piàn yán zhé yù	29803	an-ang,ian-iang,z-zh	1
片词只句	piàn cí zhī jù	29804	ian-iang,z-zh,c-ch,j-q-x	1
片语只辞	piàn yǔ zhǐ cí	29806	ian-iang,z-zh,c-ch	1
片长末技	piàn cháng mò jì	29808	an-ang,ian-iang,c-ch,j-q-x	1
片长薄技	piàn cháng bó jì	29809	an-ang,ian-iang,c-ch,j-q-x	1
片鳞半爪	piàn lín bàn zhǎo	29812	in-ing,an-ang,ian-iang,ao-ou,z-zh,n-l,r-l	1
片鳞只甲	piàn lín zhī jiǎ	29813	in-ing,ian-iang,ia-ie,z-zh,n-l,r-l,j-q-x	1
片鳞残甲	piàn lín cán jiǎ	29814	in-ing,an-ang,ian-iang,ia-ie,c-ch,n-l,r-l,j-q-x	1
片鳞碎甲	piàn lín suì jiǎ	29815	in-ing,ian-iang,ia-ie,s-sh,n-l,r-l,j-q-x	1
版筑饭牛	bǎn zhù fàn niú	29818	an-ang,z-zh,n-l,h-f	1
牖中窥日	yǒu zhōng kuī rì	29825	ao-ou,z-zh,r-l	3
牙签万轴	yá qiān wàn zhóu	29830	an-ang,ian-iang,ao-ou,z-zh,j-q-x	1
牙签犀轴	yá qiān xī zhóu	29831	ian-iang,ao-ou,z-zh,j-q-x	1
牙签玉轴	yá qiān yù zhóu	29832	ian-iang,ao-ou,z-zh,j-q-x	1
牙签锦轴	yá qiān jǐn zhóu	29833	in-ing,ian-iang,ao-ou,z-zh,j-q-x	1
牛听弹琴	niú tīng tán qín	29843	in-ing,an-ang,n-l,j-q-x	1
牛星织女	niú xīng zhī nǚ	29852	in-ing,z-zh,n-l,j-q-x	1
牛毛细雨	niú máo xì yǔ	29853	ao-ou,n-l,j-q-x	1
牛溲马勃	niú sōu mǎ bó	29855	ao-ou,s-sh,n-l	3
牛羊勿践	niú yáng wù jiàn	29858	an-ang,ian-iang,n-l,j-q-x	1
牛角之歌	niú jiǎo zhī gē	29862	z-zh,n-l,j-q-x	1
牛角书生	niú jiǎo shū shēng	29863	en-eng,s-sh,n-l,j-q-x	1
牛角挂书	niú jiǎo guà shū	29865	ua-uo,s-sh,n-l,j-q-x	1
牛蹄中鱼	niú tí zhōng yú	29866	z-zh,n-l	1
牛骥共牢	niú jì gòng láo	29872	ao-ou,n-l,r-l,j-q-x	3
牛骥同槽	niú jì tóng cáo	29873	ao-ou,c-ch,n-l,j-q-x	3
牛骥同皂	niú jì tóng zào	29875	ao-ou,z-zh,n-l,j-q-x	3
牛高马大	niú gāo mǎ dà	29876	ao-ou,n-l	1
牢什古子	láo shí gǔ zi	29883	ao-ou,z-zh,s-sh,n-l,r-l	1
牢骚满腹	láo sāo mǎn fù	29887	an-ang,ao-ou,s-sh,n-l,h-f,r-l	1
牧猪奴戏	mù zhū nú xì	29891	z-zh,n-l,j-q-x	1
物以群分	wù yǐ qún fēn	29897	en-eng,h-f,j-q-x	1
物华天宝	wù huá tiān bǎo	29903	ian-iang,ao-ou,ua-uo,h-f	1
物在人亡	wù zài rén wáng	29904	en-eng,an-ang,ai-ei,z-zh,r-l	1
物极将返	wù jí jiāng fǎn	29906	an-ang,ian-iang,h-f,j-q-x	1
物殷俗阜	wù yīn sú fù	29907	in-ing,s-sh,h-f	3
物理化学	wù lǐ huà xué	29908	ua-uo,n-l,h-f,r-l,j-q-x	1
物理变化	wù lǐ biàn huà	29909	ian-iang,ua-uo,n-l,h-f,r-l	1
物稀为贵	wù xī wéi guì	29912	ai-ei,j-q-x	1
牵合傅会	qiān hé fù huì	29919	ian-iang,h-f,j-q-x	1
牵合附会	qiān hé fù huì	29920	ian-iang,h-f,j-q-x	1
牵引附会	qiān yǐn fù huì	29922	in-ing,ian-iang,h-f,j-q-x	1
牵强附合	qiān qiǎng fù hé	29925	ian-iang,h-f,j-q-x	1
牵牛织女	qiān niú zhī nǚ	29927	ian-iang,z-zh,n-l,j-q-x	1
牵羊担酒	qiān yáng dān jiǔ	29932	an-ang,ian-iang,j-q-x	1
牵肠割肚	qiān cháng gē dù	29933	an-ang,ian-iang,c-ch,j-q-x	1
牵萝莫补	qiān luó mò bǔ	29935	ian-iang,ua-uo,n-l,r-l,j-q-x	1
牵衣肘见	qiān yī zhǒu jiàn	29936	ian-iang,ao-ou,z-zh,j-q-x	1
牵鬼上剑	qiān guǐ shàng jiàn	29937	an-ang,ian-iang,s-sh,j-q-x	1
特殊教育	tè shū jiào yù	29956	s-sh,j-q-x	1
特立独行	tè lì dú xíng	29961	in-ing,n-l,r-l,j-q-x	1
犀角烛怪	xī jiǎo zhú guài	29970	z-zh,j-q-x	1
犀顶龟文	xī dǐng guī wén	29971	en-eng,in-ing,j-q-x	1
犁庭扫穴	lí tíng sǎo xué	29972	in-ing,ao-ou,s-sh,n-l,r-l,j-q-x	1
犁庭扫闾	lí tíng sǎo lǘ	29973	in-ing,ao-ou,s-sh,n-l,r-l	3
犁牛骍角	lí niú xīng jiǎo	29975	in-ing,n-l,r-l,j-q-x	5
犁生骍角	lí shēng xīng jiǎo	29976	en-eng,in-ing,s-sh,n-l,r-l,j-q-x	5
犊牧采薪	dú mù cǎi xīn	29979	in-ing,ai-ei,c-ch,j-q-x	3
犬兔俱毙	quǎn tù jù bì	29983	uan-uang,j-q-x	1
犬牙盘石	quǎn yá pán shí	29984	an-ang,uan-uang,s-sh,j-q-x	1
犬牙相制	quǎn yá xiāng zhì	29985	ian-iang,uan-uang,z-zh,j-q-x	1
犬牙相错	quǎn yá xiāng cuò	29986	ian-iang,uan-uang,ua-uo,c-ch,j-q-x	1
犬牙鹰爪	quǎn yá yīng zhǎo	29987	in-ing,uan-uang,ao-ou,z-zh,j-q-x	1
犯而不校	fàn ér bù jiào	29998	an-ang,h-f,j-q-x	1
犯而勿校	fàn ér wù xiào	29999	an-ang,h-f,j-q-x	1
犹解倒悬	yóu jiě dào xuán	30007	uan-uang,ao-ou,ia-ie,j-q-x	1
犹豫不决	yóu yù bù jué	30008	ao-ou,j-q-x	1
狂吠狴犴	kuáng fèi bì àn	30009	an-ang,uan-uang,ai-ei,h-f	5
狂妄自大	kuáng wàng zì dà	30011	an-ang,uan-uang,z-zh	1
狂嫖滥赌	kuáng piáo làn dǔ	30012	an-ang,uan-uang,n-l,r-l	3
狂风怒号	kuáng fēng nù háo	30019	en-eng,uan-uang,ao-ou,n-l,h-f	1
狂风恶浪	kuáng fēng è làng	30020	en-eng,an-ang,uan-uang,n-l,h-f,r-l	1
狂风暴雨	kuáng fēng bào yǔ	30021	en-eng,uan-uang,ao-ou,h-f	1
狂风骤雨	kuáng fēng zhòu yǔ	30022	en-eng,uan-uang,ao-ou,z-zh,h-f	1
狐不二雄	hú bù èr xióng	30023	h-f,j-q-x	1
狐假鸱张	hú jiǎ chī zhāng	30025	an-ang,ia-ie,z-zh,c-ch,h-f,j-q-x	3
狐唱枭和	hú chàng xiāo hé	30026	an-ang,c-ch,h-f,j-q-x	3
狐埋狐扬	hú mái hú yáng	30027	an-ang,ai-ei,h-f	1
狐奔鼠窜	hú bēn shǔ cuàn	30029	en-eng,uan-uang,c-ch,s-sh,h-f	1
狐疑不决	hú yí bù jué	30032	h-f,j-q-x	1
狐藉虎威	hú jiè hǔ wēi	30036	ai-ei,ia-ie,h-f,j-q-x	1
狐裘尨茸	hú qiú méng róng	30037	en-eng,h-f,r-l,j-q-x	7
狐裘蒙戎	hú qiú méng róng	30038	en-eng,h-f,r-l,j-q-x	3
狐裘蒙茸	hú qiú méng róng	30039	en-eng,h-f,r-l,j-q-x	3
狐鸣篝中	hú míng gōu zhōng	30040	in-ing,ao-ou,z-zh,h-f	3
狗吠不惊	gǒu fèi bù jīng	30043	in-ing,ai-ei,ao-ou,h-f,j-q-x	1
狗头鼠脑	gǒu tóu shǔ nǎo	30048	ao-ou,s-sh,n-l	1
狗尾貂续	gǒu wěi diāo xù	30051	ai-ei,ao-ou,j-q-x	3
狗屁不通	gǒu pì bù tōng	30052	ao-ou	1
狗彘不如	gǒu zhì bù rú	30053	ao-ou,z-zh,r-l	3
狗彘不若	gǒu zhì bù ruò	30054	ao-ou,ua-uo,z-zh,r-l	3
狗彘不食	gǒu zhì bù shí	30055	ao-ou,z-zh,s-sh	3
狗心狗行	gǒu xīn gǒu xíng	30057	in-ing,ao-ou,j-q-x	1
狗恶酒酸	gǒu è jiǔ suān	30059	uan-uang,ao-ou,s-sh,j-q-x	1
狗眼看人	gǒu yǎn kàn rén	30062	en-eng,an-ang,ao-ou,r-l	1
狗续侯冠	gǒu xù hòu guàn	30063	uan-uang,ao-ou,h-f,j-q-x	1
狗续貂尾	gǒu xù diāo wěi	30064	ai-ei,ao-ou,j-q-x	3
狗血淋头	gǒu xuè lín tóu	30067	in-ing,ao-ou,n-l,r-l,j-q-x	1
狗行狼心	gǒu xíng láng xīn	30068	in-ing,an-ang,ao-ou,n-l,r-l,j-q-x	1
狗追耗子	gǒu zhuī hào zǐ	30069	ao-ou,z-zh,h-f	1
狡焉思启	jiǎo yān sī qǐ	30075	an-ang,s-sh,j-q-x	1
狡焉思肆	jiǎo yān sī sì	30076	an-ang,s-sh,j-q-x	1
狡焉思逞	jiǎo yān sī chěng	30077	en-eng,an-ang,c-ch,s-sh,j-q-x	1
独出己见	dú chū jǐ jiàn	30083	ian-iang,c-ch,j-q-x	1
独善吾身	dú shàn wú shēn	30089	en-eng,an-ang,s-sh	1
独夫民贼	dú fū mín zéi	30092	in-ing,ai-ei,z-zh,h-f	1
独得之见	dú dé zhī jiàn	30097	ian-iang,z-zh,j-q-x	1
独揽大权	dú lǎn dà quán	30098	an-ang,uan-uang,n-l,r-l,j-q-x	1
独断独行	dú duàn dú xíng	30100	in-ing,uan-uang,j-q-x	1
独有千古	dú yǒu qiān gǔ	30102	ian-iang,ao-ou,j-q-x	1
独有千秋	dú yǒu qiān qiū	30103	ian-iang,ao-ou,j-q-x	1
独木不林	dú mù bù lín	30105	in-ing,n-l,r-l	1
独步当世	dú bù dāng shì	30107	an-ang,s-sh	1
独步当时	dú bù dāng shí	30108	an-ang,s-sh	1
独清独醒	dú qīng dú xǐng	30109	in-ing,j-q-x	1
独行其是	dú xíng qí shì	30115	in-ing,s-sh,j-q-x	1
独行其道	dú xíng qí dào	30116	in-ing,ao-ou,j-q-x	1
独行独断	dú xíng dú duàn	30117	in-ing,uan-uang,j-q-x	1
独行踽踽	dú xíng jǔ jǔ	30118	in-ing,j-q-x	3
狼号鬼哭	láng háo guǐ kū	30137	an-ang,ao-ou,n-l,h-f,r-l	1
狼吃幞头	láng chī fú tóu	30138	an-ang,ao-ou,c-ch,n-l,h-f,r-l	3
狼多肉少	láng duō ròu shǎo	30140	an-ang,ao-ou,ua-uo,s-sh,n-l,r-l	1
狼奔兔脱	láng bēn tù tuō	30142	en-eng,an-ang,ua-uo,n-l,r-l	1
狼奔鼠偷	láng bēn shǔ tōu	30144	en-eng,an-ang,ao-ou,s-sh,n-l,r-l	1
狼奔鼠窜	láng bēn shǔ cuàn	30145	en-eng,an-ang,uan-uang,c-ch,s-sh,n-l,r-l	1
狼心狗行	láng xīn gǒu xíng	30146	in-ing,an-ang,ao-ou,n-l,r-l,j-q-x	1
狼烟大话	láng yān dà huà	30148	an-ang,ua-uo,n-l,h-f,r-l	1
狼狈万状	láng bèi wàn zhuàng	30149	an-ang,uan-uang,ai-ei,z-zh,n-l,r-l	1
狼猛蜂毒	láng měng fēng dú	30152	en-eng,an-ang,n-l,h-f,r-l	1
狼羊同饲	láng yáng tóng sì	30153	an-ang,s-sh,n-l,r-l	1
狼艰狈蹶	láng jiān bèi juě	30154	an-ang,ian-iang,ai-ei,n-l,r-l,j-q-x	3
狼顾狐疑	láng gù hú yí	30156	an-ang,n-l,h-f,r-l	1
狼飧虎咽	láng sūn hǔ yàn	30159	an-ang,s-sh,n-l,h-f,r-l	3
狼餐虎咽	láng cān hǔ yàn	30160	an-ang,c-ch,n-l,h-f,r-l	1
猜拳行令	cāi quán xíng lìng	30166	in-ing,uan-uang,ai-ei,c-ch,n-l,r-l,j-q-x	1
猜枚行令	cāi méi xíng lìng	30167	in-ing,ai-ei,c-ch,n-l,r-l,j-q-x	1
猜闷葫芦	cāi mèn hú lú	30170	en-eng,ai-ei,c-ch,n-l,h-f,r-l	1
猫哭老鼠	māo kū lǎo shǔ	30182	ao-ou,s-sh,n-l,r-l	1
猫哭耗子	māo kū hào zi	30183	ao-ou,z-zh,h-f	1
猫噬鹦鹉	māo shì yīng wǔ	30184	in-ing,ao-ou,s-sh	3
猫鼠同乳	māo shǔ tóng rǔ	30188	ao-ou,s-sh,r-l	1
猫鼠同处	māo shǔ tóng chǔ	30189	ao-ou,c-ch,s-sh	1
猫鼠同眠	māo shǔ tóng mián	30190	ian-iang,ao-ou,s-sh	1
献可替否	xiàn kě tì fǒu	30192	ian-iang,ao-ou,h-f,j-q-x	1
献曝之忱	xiàn pù zhī chén	30193	en-eng,ian-iang,z-zh,c-ch,j-q-x	1
献替可否	xiàn tì kě fǒu	30194	ian-iang,ao-ou,h-f,j-q-x	1
猴头猴脑	hóu tóu hóu nǎo	30201	ao-ou,n-l,h-f	1
猿穴坏山	yuán xué huài shān	30206	an-ang,uan-uang,s-sh,h-f,j-q-x	1
猿鹤沙虫	yuán hè shā chóng	30207	uan-uang,c-ch,s-sh,h-f	1
猿鹤虫沙	yuán hè chóng shā	30208	uan-uang,c-ch,s-sh,h-f	1
獐麇马鹿	zhāng jūn mǎ lù	30211	an-ang,z-zh,n-l,r-l,j-q-x	3
玄妙莫测	xuán miào mò cè	30215	uan-uang,c-ch,j-q-x	1
玄辞冷语	xuán cí lěng yǔ	30219	en-eng,uan-uang,c-ch,n-l,r-l,j-q-x	1
率以为常	shuài yǐ wéi cháng	30221	an-ang,ai-ei,c-ch,s-sh	1
率兽食人	shuài shòu shí rén	30223	en-eng,ao-ou,s-sh,r-l	1
率土同庆	shuài tǔ tóng qìng	30225	in-ing,s-sh,j-q-x	1
率土宅心	shuài tǔ zhái xīn	30226	in-ing,ai-ei,z-zh,s-sh,j-q-x	1
率土归心	shuài tǔ guī xīn	30227	in-ing,s-sh,j-q-x	1
率尔成章	shuài ěr chéng zhāng	30229	en-eng,an-ang,z-zh,c-ch,s-sh	1
率尔操觚	shuài ěr cāo gū	30230	ao-ou,c-ch,s-sh	3
率由旧则	shuài yóu jiù zé	30233	ao-ou,z-zh,s-sh,j-q-x	1
率由旧章	shuài yóu jiù zhāng	30234	an-ang,ao-ou,z-zh,s-sh,j-q-x	1
率马以骥	shuài mǎ yǐ jì	30240	s-sh,j-q-x	3
玉卮无当	yù zhī wú dàng	30244	an-ang,z-zh	3
玉叶金枝	yù yè jīn zhī	30245	in-ing,z-zh,j-q-x	1
玉尺量才	yù chǐ liáng cái	30247	ian-iang,ai-ei,c-ch,n-l,r-l	1
玉成其事	yù chéng qí shì	30248	en-eng,c-ch,s-sh,j-q-x	1
玉成其美	yù chéng qí měi	30249	en-eng,ai-ei,c-ch,j-q-x	1
玉树临风	yù shù lín fēng	30250	en-eng,in-ing,s-sh,n-l,h-f,r-l	1
玉树琼枝	yù shù qióng zhī	30251	z-zh,s-sh,j-q-x	1
玉楼赴召	yù lóu fù zhào	30252	ao-ou,z-zh,n-l,h-f,r-l	1
玉毁椟中	yù huǐ dú zhōng	30253	z-zh,h-f	3
玉液琼浆	yù yè qióng jiāng	30254	ian-iang,j-q-x	1
玉液金浆	yù yè jīn jiāng	30255	in-ing,ian-iang,j-q-x	1
玉燕投怀	yù yàn tóu huái	30256	an-ang,ao-ou,h-f	1
玉石不分	yù shí bù fēn	30259	en-eng,s-sh,h-f	1
玉石俱摧	yù shí jù cuī	30260	c-ch,s-sh,j-q-x	1
玉石俱碎	yù shí jù suì	30262	s-sh,j-q-x	1
玉石同沉	yù shí tóng chén	30263	en-eng,c-ch,s-sh	1
玉石同碎	yù shí tóng suì	30264	s-sh	1
玉石杂糅	yù shí zá róu	30265	ao-ou,z-zh,s-sh,r-l	3
玉石混淆	yù shí hùn xiáo	30266	s-sh,h-f,j-q-x	1
玉石皆碎	yù shí jiē suì	30267	ia-ie,s-sh,j-q-x	1
玉石相揉	yù shí xiāng róu	30268	ian-iang,ao-ou,s-sh,r-l,j-q-x	1
玉砌雕阑	yù qì diāo lán	30269	an-ang,n-l,r-l,j-q-x	3
玉质金相	yù zhì jīn xiàng	30275	in-ing,ian-iang,z-zh,j-q-x	1
玉食锦衣	yù shí jǐn yī	30278	in-ing,s-sh,j-q-x	1
玉骨冰肌	yù gǔ bīng jī	30279	in-ing,j-q-x	1
王不留行	wáng bù liú xíng	30280	in-ing,an-ang,n-l,r-l,j-q-x	1
王佐之才	wáng zuǒ zhī cái	30282	an-ang,ai-ei,ua-uo,z-zh,c-ch	1
王侯将相	wáng hóu jiàng xiàng	30284	an-ang,ian-iang,ao-ou,h-f,j-q-x	1
王八羔子	wáng bā gāo zǐ	30287	an-ang,ao-ou,z-zh	1
王公大人	wáng gōng dà rén	30290	en-eng,an-ang,r-l	1
王公贵戚	wáng gōng guì qī	30291	an-ang,j-q-x	1
王后卢前	wáng hòu lú qián	30295	an-ang,ian-iang,ao-ou,n-l,h-f,r-l,j-q-x	1
王孙公子	wáng sūn gōng zǐ	30301	an-ang,z-zh,s-sh	1
王孙贵戚	wáng sūn guì qī	30302	an-ang,s-sh,j-q-x	1
王祥卧冰	wáng xiáng wò bīng	30318	in-ing,an-ang,ian-iang,j-q-x	1
王贡弹冠	wáng gòng dàn guàn	30323	an-ang,uan-uang	1
玩人丧德	wán rén sàng dé	30328	en-eng,an-ang,s-sh,r-l	1
环肥燕瘦	huán féi yàn shòu	30346	an-ang,uan-uang,ai-ei,ao-ou,s-sh,h-f	1
现世现报	xiàn shì xiàn bào	30350	ian-iang,ao-ou,s-sh,j-q-x	1
现在为止	xiàn zài wéi zhǐ	30358	ian-iang,ai-ei,z-zh,j-q-x	1
现钟不打	xiàn zhōng bù dǎ	30372	ian-iang,z-zh,j-q-x	1
现钟弗打	xiàn zhōng fú dǎ	30373	ian-iang,z-zh,h-f,j-q-x	1
珍禽奇兽	zhēn qín qí shòu	30385	en-eng,in-ing,ao-ou,z-zh,s-sh,j-q-x	1
珠宫贝阙	zhū gōng bèi què	30389	ai-ei,z-zh,j-q-x	3
珠槃玉敦	zhū pán yù dūn	30390	an-ang,z-zh	5
珠流璧转	zhū liú bì zhuǎn	30391	uan-uang,z-zh,n-l,r-l	1
珠玉在侧	zhū yù zài cè	30392	ai-ei,z-zh,c-ch	1
珠盘玉敦	zhū pán yù dūn	30393	an-ang,z-zh	1
珠箔银屏	zhū bó yín píng	30394	in-ing,z-zh	3
珠还合浦	zhū huán hé pǔ	30398	uan-uang,z-zh,h-f	1
珠连璧合	zhū lián bì hé	30399	ian-iang,z-zh,n-l,h-f,r-l	1
珠零玉落	zhū líng yù luò	30400	in-ing,ua-uo,z-zh,n-l,r-l	1
班功行赏	bān gōng xíng shǎng	30401	in-ing,an-ang,s-sh,j-q-x	1
班师回朝	bān shī huí cháo	30402	an-ang,ao-ou,c-ch,s-sh,h-f	1
班师得胜	bān shī dé shèng	30403	en-eng,an-ang,s-sh	1
班班可考	bān bān kě kǎo	30405	an-ang,ao-ou	1
班衣戏采	bān yī xì cǎi	30408	an-ang,ai-ei,c-ch,j-q-x	1
琅嬛福地	láng huán fú dì	30416	an-ang,uan-uang,n-l,h-f,r-l	5
琅琅上口	láng láng shàng kǒu	30417	an-ang,ao-ou,s-sh,n-l,r-l	1
理不忘乱	lǐ bù wàng luàn	30418	an-ang,uan-uang,n-l,r-l	1
理不胜辞	lǐ bù shèng cí	30419	en-eng,c-ch,s-sh,n-l,r-l	1
理之当然	lǐ zhī dāng rán	30420	an-ang,z-zh,n-l,r-l	1
理所不容	lǐ suǒ bù róng	30424	ua-uo,s-sh,n-l,r-l	1
理正词直	lǐ zhèng cí zhí	30427	en-eng,z-zh,c-ch,n-l,r-l	1
琐尾流离	suǒ wěi liú lí	30430	ai-ei,ua-uo,s-sh,n-l,r-l	1
琴挑文君	qín tiāo wén jūn	30434	en-eng,in-ing,j-q-x	1
琴断朱弦	qín duàn zhū xián	30435	in-ing,ian-iang,uan-uang,z-zh,j-q-x	1
琴瑟不调	qín sè bù tiáo	30437	in-ing,s-sh,j-q-x	1
琴瑟之好	qín sè zhī hǎo	30438	in-ing,ao-ou,z-zh,s-sh,h-f,j-q-x	1
琴瑟和好	qín sè hé hǎo	30439	in-ing,ao-ou,s-sh,h-f,j-q-x	1
琴瑟失调	qín sè shī tiáo	30440	in-ing,s-sh,j-q-x	1
琴瑟调和	qín sè tiáo hé	30441	in-ing,s-sh,h-f,j-q-x	1
琵琶别弄	pí pá bié nòng	30442	ia-ie,n-l	3
琵琶别抱	pí pá bié bào	30443	ao-ou,ia-ie	3
琵琶旧语	pí pá jiù yǔ	30444	j-q-x	3
琵琶胡语	pí pá hú yǔ	30445	h-f	3
琼堆玉砌	qióng duī yù qì	30448	j-q-x	1
琼枝玉叶	qióng zhī yù yè	30449	z-zh,j-q-x	1
琼枝玉树	qióng zhī yù shù	30450	z-zh,s-sh,j-q-x	1
琼楼金阙	qióng lóu jīn què	30451	in-ing,ao-ou,n-l,r-l,j-q-x	3
琼浆玉液	qióng jiāng yù yè	30453	ian-iang,j-q-x	1
琼浆金液	qióng jiāng jīn yè	30454	in-ing,ian-iang,j-q-x	1
瑜不掩瑕	yú bù yǎn xiá	30459	an-ang,ia-ie,j-q-x	3
瑟弄琴调	sè nòng qín tiáo	30462	in-ing,s-sh,n-l,j-q-x	1
瑟调琴弄	sè tiáo qín nòng	30464	in-ing,s-sh,n-l,j-q-x	1
瑰意奇行	guī yì qí xíng	30467	in-ing,j-q-x	1
瑰意琦行	guī yì qí xíng	30468	in-ing,j-q-x	3
瑶台琼室	yáo tái qióng shì	30469	ai-ei,ao-ou,s-sh,j-q-x	3
瑶台银阙	yáo tái yín què	30470	in-ing,ai-ei,ao-ou,j-q-x	3
瑶池女使	yáo chí nǚ shǐ	30472	ao-ou,c-ch,s-sh,n-l	3
瑶草奇花	yáo cǎo qí huā	30473	ao-ou,ua-uo,c-ch,h-f,j-q-x	3
璇霄丹台	xuán xiāo dān tái	30474	an-ang,uan-uang,ai-ei,j-q-x	3
璇霄丹阙	xuán xiāo dān què	30475	an-ang,uan-uang,j-q-x	3
璧合珠联	bì hé zhū lián	30476	ian-iang,z-zh,n-l,h-f,r-l	1
璧合珠连	bì hé zhū lián	30477	ian-iang,z-zh,n-l,h-f,r-l	1
瓜分豆剖	guā fēn dòu pōu	30480	en-eng,ao-ou,ua-uo,h-f	1
瓜分鼎峙	guā fēn dǐng zhì	30481	en-eng,in-ing,ua-uo,z-zh,h-f	3
瓜剖豆分	guā pōu dòu fēn	30482	en-eng,ao-ou,ua-uo,h-f	1
瓜区豆分	guā qū dòu fēn	30483	en-eng,ao-ou,ua-uo,h-f,j-q-x	1
瓜字初分	guā zì chū fēn	30487	en-eng,ua-uo,z-zh,c-ch,h-f	1
瓜葛相连	guā gé xiāng lián	30494	ian-iang,ua-uo,n-l,r-l,j-q-x	1
瓜连蔓引	guā lián màn yǐn	30497	in-ing,an-ang,ian-iang,ua-uo,n-l,r-l	1
瓦合之卒	wǎ hé zhī zú	30504	z-zh,h-f	1
瓦器蚌盘	wǎ qì bàng pán	30506	an-ang,j-q-x	1
瓦查尿溺	wǎ chá niào nì	30516	c-ch,n-l	1
瓦玉集糅	wǎ yù jí róu	30524	ao-ou,r-l,j-q-x	3
瓦解冰泮	wǎ jiě bīng pàn	30533	in-ing,an-ang,ia-ie,j-q-x	3
瓦解冰消	wǎ jiě bīng xiāo	30534	in-ing,ia-ie,j-q-x	1
瓦解冰销	wǎ jiě bīng xiāo	30535	in-ing,ia-ie,j-q-x	1
瓦解土崩	wǎ jiě tǔ bēng	30536	en-eng,ia-ie,j-q-x	1
瓦解星散	wǎ jiě xīng sàn	30537	in-ing,an-ang,ia-ie,s-sh,j-q-x	1
瓦釜雷鸣	wǎ fǔ léi míng	30538	in-ing,ai-ei,n-l,h-f,r-l	3
瓮天之见	wèng tiān zhī jiàn	30541	en-eng,ian-iang,z-zh,j-q-x	3
瓮尽杯干	wèng jìn bēi gān	30542	en-eng,in-ing,an-ang,ai-ei,j-q-x	3
瓶坠簪折	píng zhuì zān zhé	30543	in-ing,an-ang,z-zh	3
瓶沉簪折	píng chén zān zhé	30546	en-eng,in-ing,an-ang,z-zh,c-ch	3
甄奇录异	zhēn qí lù yì	30553	en-eng,z-zh,n-l,r-l,j-q-x	3
甘之若素	gān zhī ruò sù	30556	an-ang,ua-uo,z-zh,s-sh,r-l	1
甘冒虎口	gān mào hǔ kǒu	30558	an-ang,ao-ou,h-f	1
甘分随时	gān fèn suí shí	30559	en-eng,an-ang,s-sh,h-f	1
甘处下流	gān chǔ xià liú	30560	an-ang,ia-ie,c-ch,n-l,r-l,j-q-x	1
甘油炸药	gān yóu zhà yào	30563	an-ang,ao-ou,z-zh	1
甘苦与共	gān kǔ yǔ gòng	30565	an-ang	1
甘言美语	gān yán měi yǔ	30566	an-ang,ai-ei	1
甘败下风	gān bài xià fēng	30567	en-eng,an-ang,ai-ei,ia-ie,h-f,j-q-x	1
甘贫乐道	gān pín lè dào	30568	in-ing,an-ang,ao-ou,n-l,r-l	1
甘贫守分	gān pín shǒu fēn	30569	en-eng,in-ing,an-ang,ao-ou,s-sh,h-f	1
甘雨随车	gān yǔ suí chē	30572	an-ang,c-ch,s-sh	1
甜言媚语	tián yán mèi yǔ	30587	an-ang,ian-iang,ai-ei	1
甜言美语	tián yán měi yǔ	30588	an-ang,ian-iang,ai-ei	1
甜言软语	tián yán ruǎn yǔ	30590	an-ang,ian-iang,uan-uang,r-l	1
生不逢辰	shēng bù féng chén	30593	en-eng,c-ch,s-sh,h-f	1
生不遇时	shēng bù yù shí	30594	en-eng,s-sh	1
生产能力	shēng chǎn néng lì	30599	en-eng,an-ang,c-ch,s-sh,n-l,r-l	1
生众食寡	shēng zhòng shí guǎ	30601	en-eng,ua-uo,z-zh,s-sh	1
生公说法	shēng gōng shuō fǎ	30602	en-eng,ua-uo,s-sh,h-f	1
生发未燥	shēng fà wèi zào	30606	en-eng,ai-ei,ao-ou,z-zh,s-sh,h-f	1
生态系统	shēng tài xì tǒng	30614	en-eng,ai-ei,s-sh,j-q-x	1
生拉硬扯	shēng lā yìng chě	30615	en-eng,in-ing,c-ch,s-sh,n-l,r-l	1
生拖死拽	shēng tuō sǐ zhuài	30617	en-eng,ua-uo,z-zh,s-sh	1
生死不渝	shēng sǐ bù yú	30620	en-eng,s-sh	1
生死予夺	shēng sǐ yǔ duó	30622	en-eng,ua-uo,s-sh	1
生死关头	shēng sǐ guān tóu	30623	en-eng,uan-uang,ao-ou,s-sh	1
生死有命	shēng sǐ yǒu mìng	30625	en-eng,in-ing,ao-ou,s-sh	1
生死相依	shēng sǐ xiāng yī	30627	en-eng,ian-iang,s-sh,j-q-x	1
生死肉骨	shēng sǐ ròu gǔ	30629	en-eng,ao-ou,s-sh,r-l	1
生灵涂地	shēng líng tú dì	30635	en-eng,in-ing,s-sh,n-l,r-l	1
生物化学	shēng wù huà xué	30637	en-eng,ua-uo,s-sh,h-f,j-q-x	1
生生不已	shēng shēng bù yǐ	30640	en-eng,s-sh	1
生而知之	shēng ér zhī zhī	30648	en-eng,z-zh,s-sh	1
生聚教训	shēng jù jiào xùn	30649	en-eng,s-sh,j-q-x	1
生荣死衰	shēng róng sǐ shuāi	30652	en-eng,s-sh,r-l	1
生长激素	shēng zhǎng jī sù	30660	en-eng,an-ang,z-zh,s-sh,j-q-x	1
生齿日繁	shēng chǐ rì fán	30665	en-eng,an-ang,c-ch,s-sh,h-f,r-l	1
用一当十	yòng yī dāng shí	30667	an-ang,s-sh	1
用之不竭	yòng zhī bù jié	30668	ia-ie,z-zh,j-q-x	1
用人不当	yòng rén bú dàng	30669	en-eng,an-ang,r-l	1
用其所长	yòng qí suǒ cháng	30671	an-ang,ua-uo,c-ch,s-sh,j-q-x	1
用力一搡	yòng lì yì sǎng	30673	an-ang,s-sh,n-l,r-l	3
用天因地	yòng tiān yīn dì	30678	in-ing,ian-iang	1
用尽心机	yòng jìn xīn jī	30679	in-ing,j-q-x	1
用智铺谋	yòng zhì pù móu	30683	ao-ou,z-zh	1
用水和面	yòng shuǐ huò miàn	30687	ian-iang,ua-uo,s-sh,h-f	1
用舍行藏	yòng shě xíng cáng	30688	in-ing,an-ang,c-ch,s-sh,j-q-x	1
用行舍藏	yòng xíng shě cáng	30689	in-ing,an-ang,c-ch,s-sh,j-q-x	1
用词不当	yòng cí bú dàng	30690	an-ang,c-ch	1
用词切当	yòng cí qiè dàng	30691	an-ang,ia-ie,c-ch,j-q-x	1
用逸待劳	yòng yì dài láo	30693	ai-ei,ao-ou,n-l,r-l	1
用非其人	yòng fēi qí rén	30694	en-eng,ai-ei,h-f,r-l,j-q-x	1
田夫野老	tián fū yě lǎo	30697	ian-iang,ao-ou,n-l,h-f,r-l	1
田父之功	tián fǔ zhī gōng	30702	ian-iang,z-zh,h-f	1
田父献曝	tián fǔ xiàn pù	30703	ian-iang,h-f,j-q-x	1
田间管理	tián jiān guǎn lǐ	30706	ian-iang,uan-uang,n-l,r-l,j-q-x	1
由博返约	yóu bó fǎn yuē	30708	an-ang,ao-ou,h-f	1
由浅入深	yóu qiǎn rù shēn	30711	en-eng,ian-iang,ao-ou,s-sh,r-l,j-q-x	1
由近及远	yóu jìn jí yuǎn	30712	in-ing,uan-uang,ao-ou,j-q-x	1
甲冠天下	jiǎ guàn tiān xià	30713	ian-iang,uan-uang,ia-ie,j-q-x	1
申冤吐气	shēn yuān tǔ qì	30718	en-eng,uan-uang,s-sh,j-q-x	1
电光朝露	diàn guāng zhāo lù	30726	ian-iang,uan-uang,ao-ou,z-zh,n-l,r-l	1
电光石火	diàn guāng shí huǒ	30727	ian-iang,uan-uang,ua-uo,s-sh,h-f	1
电力机车	diàn lì jī chē	30731	ian-iang,c-ch,n-l,r-l,j-q-x	1
电力系统	diàn lì xì tǒng	30732	ian-iang,n-l,r-l,j-q-x	1
电化教学	diàn huà jiào xué	30735	ian-iang,ua-uo,h-f,j-q-x	1
电子乐器	diàn zǐ yuè qì	30749	ian-iang,z-zh,j-q-x	1
电子干扰	diàn zǐ gān rǎo	30753	an-ang,ian-iang,ao-ou,z-zh,r-l	1
电子游戏	diàn zǐ yóu xì	30755	ian-iang,ao-ou,z-zh,j-q-x	1
电报挂号	diàn bào guà hào	30766	ian-iang,ao-ou,ua-uo,h-f	1
电掣风驰	diàn chè fēng chí	30767	en-eng,ian-iang,c-ch,h-f	3
电流强度	diàn liú qiáng dù	30778	ian-iang,n-l,r-l,j-q-x	1
电流星散	diàn liú xīng sàn	30780	in-ing,an-ang,ian-iang,s-sh,n-l,r-l,j-q-x	1
电照风行	diàn zhào fēng xíng	30787	en-eng,in-ing,ian-iang,ao-ou,z-zh,h-f,j-q-x	1
电磁感应	diàn cí gǎn yìng	30793	in-ing,an-ang,ian-iang,c-ch	1
电脑病毒	diàn nǎo bìng dú	30803	in-ing,ian-iang,ao-ou,n-l	1
电视会议	diàn shì huì yì	30807	ian-iang,s-sh,h-f	1
电视广播	diàn shì guǎng bō	30811	ian-iang,uan-uang,s-sh	1
电话号码	diàn huà hào mǎ	30820	ian-iang,ao-ou,ua-uo,h-f	1
男唱女随	nán chàng nǚ suí	30834	an-ang,c-ch,s-sh,n-l	1
男大当娶	nán dà dāng qǔ	30835	an-ang,n-l,j-q-x	1
男大当婚	nán dà dāng hūn	30836	an-ang,n-l,h-f	1
男大须婚	nán dà xū hūn	30837	an-ang,n-l,h-f,j-q-x	1
男女平等	nán nǚ píng děng	30839	en-eng,in-ing,an-ang,n-l	1
男女有别	nán nǚ yǒu bié	30841	an-ang,ao-ou,ia-ie,n-l	1
男女老小	nán nǚ lǎo xiǎo	30842	an-ang,ao-ou,n-l,r-l,j-q-x	1
男女老幼	nán nǚ lǎo yòu	30844	an-ang,ao-ou,n-l,r-l	1
男婚女嫁	nán hūn nǚ jià	30845	an-ang,ia-ie,n-l,h-f,j-q-x	1
男婚女聘	nán hūn nǚ pìn	30846	in-ing,an-ang,n-l,h-f	1
男室女家	nán shì nǚ jiā	30849	an-ang,ia-ie,s-sh,n-l,j-q-x	1
男才女貌	nán cái nǚ mào	30855	an-ang,ai-ei,ao-ou,c-ch,n-l	1
男欢女爱	nán huān nǚ ài	30857	an-ang,uan-uang,ai-ei,n-l,h-f	1
男耕女织	nán gēng nǚ zhī	30861	en-eng,an-ang,z-zh,n-l	1
画中有诗	huà zhōng yǒu shī	30863	ao-ou,ua-uo,z-zh,s-sh,h-f	1
画土分疆	huà tǔ fēn jiāng	30866	en-eng,ian-iang,ua-uo,h-f,j-q-x	1
画地为狱	huà dì wéi yù	30868	ai-ei,ua-uo,h-f	1
画地作狱	huà dì zuò yù	30869	ua-uo,z-zh,h-f	1
画地刻木	huà dì kè mù	30870	ua-uo,h-f	1
画地成图	huà dì chéng tú	30871	en-eng,ua-uo,c-ch,h-f	1
画地成牢	huà dì chéng láo	30872	en-eng,ao-ou,ua-uo,c-ch,n-l,h-f,r-l	1
画地而趋	huà dì ér qū	30873	ua-uo,h-f,j-q-x	1
画沙印泥	huà shā yìn ní	30878	in-ing,ua-uo,s-sh,n-l,h-f	1
画沙聚米	huà shā jù mǐ	30879	ua-uo,s-sh,h-f,j-q-x	1
画疆墨守	huà jiāng mò shǒu	30883	ian-iang,ao-ou,ua-uo,s-sh,h-f,j-q-x	1
画荻和丸	huà dí huò wán	30886	an-ang,ua-uo,h-f	3
画荻教子	huà dí jiào zǐ	30887	ua-uo,z-zh,h-f,j-q-x	3
画虎不成	huà hǔ bù chéng	30888	en-eng,ua-uo,c-ch,h-f	1
画蛇著足	huà shé zhuó zú	30893	ua-uo,z-zh,s-sh,h-f	1
画野分疆	huà yě fēn jiāng	30896	en-eng,ian-iang,ua-uo,h-f,j-q-x	1
畅所欲为	chàng suǒ yù wéi	30899	an-ang,ai-ei,ua-uo,c-ch,s-sh	1
畅行无碍	chàng xíng wú ài	30901	in-ing,an-ang,ai-ei,c-ch,j-q-x	1
畅行无阻	chàng xíng wú zǔ	30902	in-ing,an-ang,z-zh,c-ch,j-q-x	1
畏影恶迹	wèi yǐng è jì	30911	in-ing,ai-ei,j-q-x	1
留恋不舍	liú liàn bù shě	30928	ian-iang,s-sh,n-l,r-l	1
留有余地	liú yǒu yú dì	30929	ao-ou,n-l,r-l	1
留连不舍	liú lián bù shě	30933	ian-iang,s-sh,n-l,r-l	1
畜妻养子	xù qī yǎng zǐ	30940	an-ang,z-zh,j-q-x	1
略无忌惮	lüè wú jì dàn	30951	an-ang,n-l,r-l,j-q-x	3
略知皮毛	lüè zhī pí máo	30953	ao-ou,z-zh,n-l,r-l	1
略识之无	lüè shí zhī wú	30955	z-zh,s-sh,n-l,r-l	1
略迹论心	lüè jì lùn xīn	30956	in-ing,n-l,r-l,j-q-x	1
番来覆去	fān lái fù qù	30960	an-ang,ai-ei,n-l,h-f,r-l,j-q-x	1
番窠倒臼	fān kē dǎo jiù	30965	an-ang,ao-ou,h-f,j-q-x	3
畸重畸轻	jī zhòng jī qīng	30972	in-ing,z-zh,j-q-x	1
疏不间亲	shū bù jiàn qīn	30977	in-ing,ian-iang,s-sh,j-q-x	1
疏忽大意	shū hū dà yì	30979	s-sh,h-f	1
疏而不漏	shū ér bù lòu	30983	ao-ou,s-sh,n-l,r-l	1
疏财重义	shū cái zhòng yì	30986	ai-ei,z-zh,c-ch,s-sh	1
疑事无功	yí shì wú gōng	30990	s-sh	1
疑似之间	yí sì zhī jiān	30993	ian-iang,z-zh,s-sh,j-q-x	1
疑信参半	yí xìn cān bàn	30994	in-ing,an-ang,c-ch,j-q-x	1
疑团满腹	yí tuán mǎn fù	30997	an-ang,uan-uang,h-f	1
疑团莫释	yí tuán mò shì	30998	uan-uang,s-sh	1
疑神见鬼	yí shén jiàn guǐ	31009	en-eng,ian-iang,s-sh,j-q-x	1
疑行无成	yí xíng wú chéng	31012	en-eng,in-ing,c-ch,j-q-x	1
疑误天下	yí wù tiān xià	31013	ian-iang,ia-ie,j-q-x	1
疑难杂症	yí nán zá zhèng	31018	en-eng,an-ang,z-zh,n-l	1
疑鬼疑神	yí guǐ yí shén	31019	en-eng,s-sh	1
疲惫不堪	pí bèi bù kān	31036	an-ang,ai-ei	1
疲疲沓沓	pí pí tà tà	31038		3
疾不可为	jí bù kě wéi	31040	ai-ei,j-q-x	1
疾如旋踵	jí rú xuán zhǒng	31041	uan-uang,z-zh,r-l,j-q-x	3
疾恶如雠	jí è rú chóu	31043	ao-ou,c-ch,r-l,j-q-x	3
疾恶如风	jí è rú fēng	31044	en-eng,h-f,r-l,j-q-x	1
疾恶若雠	jí è ruò chóu	31045	ao-ou,ua-uo,c-ch,r-l,j-q-x	3
疾病相扶	jí bìng xiāng fú	31046	in-ing,ian-iang,h-f,j-q-x	1
疾走先得	jí zǒu xiān dé	31048	ian-iang,ao-ou,z-zh,j-q-x	1
疾足先得	jí zú xiān dé	31049	ian-iang,z-zh,j-q-x	1
疾雨暴风	jí yǔ bào fēng	31050	en-eng,ao-ou,h-f,j-q-x	1
疾风暴雨	jí fēng bào yǔ	31059	en-eng,ao-ou,h-f,j-q-x	1
疾风甚雨	jí fēng shèn yǔ	31060	en-eng,s-sh,h-f,j-q-x	1
疾风迅雷	jí fēng xùn léi	31062	en-eng,ai-ei,n-l,h-f,r-l,j-q-x	1
病从口入	bìng cóng kǒu rù	31064	in-ing,ao-ou,c-ch,r-l	1
病入骨髓	bìng rù gǔ suǐ	31069	in-ing,s-sh,r-l	1
病在膏肓	bìng zài gāo huāng	31073	in-ing,uan-uang,ai-ei,ao-ou,z-zh,h-f	3
病染膏肓	bìng rǎn gāo huāng	31074	in-ing,an-ang,uan-uang,ao-ou,h-f,r-l	3
病骨支离	bìng gǔ zhī lí	31081	in-ing,z-zh,n-l,r-l	1
症瘕积聚	zhēng jiǎ jī jù	31085	en-eng,ia-ie,z-zh,j-q-x	5
痛入骨髓	tòng rù gǔ suǐ	31089	s-sh,r-l	1
痛剿穷迫	tòng jiǎo qióng pò	31091	j-q-x	1
痛心入骨	tòng xīn rù gǔ	31094	in-ing,r-l,j-q-x	1
痛心切骨	tòng xīn qiè gǔ	31095	in-ing,ia-ie,j-q-x	1
痛深恶绝	tòng shēn wù jué	31099	en-eng,s-sh,j-q-x	1
痛湔宿垢	tòng jiān sù gòu	31100	ian-iang,ao-ou,s-sh,j-q-x	3
痛痒相关	tòng yǎng xiāng guān	31101	an-ang,ian-iang,uan-uang,j-q-x	1
痛自创艾	tòng zì chuāng yì	31102	uan-uang,z-zh,c-ch	1
痴儿呆女	chī ér dāi nǚ	31109	ai-ei,c-ch,n-l	1
痴男怨女	chī nán yuàn nǚ	31111	an-ang,uan-uang,c-ch,n-l	1
瘗玉埋香	yì yù mái xiāng	31118	ian-iang,ai-ei,j-q-x	5
瘦羊博士	shòu yáng bó shì	31122	an-ang,ao-ou,s-sh	1
瘦骨如柴	shòu gǔ rú chái	31125	ai-ei,ao-ou,c-ch,s-sh,r-l	1
瘦骨嶙嶙	shòu gǔ lín lín	31127	in-ing,ao-ou,s-sh,n-l,r-l	3
瘦骨梭棱	shòu gǔ suō léng	31128	en-eng,ao-ou,ua-uo,s-sh,n-l,r-l	1
瘦高挑儿	shòu gāo tiǎo ér	31129	ao-ou,s-sh	1
瘴乡恶土	zhàng xiāng è tǔ	31131	an-ang,ian-iang,z-zh,j-q-x	3
瘴雨蛮烟	zhàng yǔ mán yān	31133	an-ang,z-zh	3
登台拜将	dēng tái bài jiàng	31143	en-eng,ian-iang,ai-ei,j-q-x	1
登坛拜将	dēng tán bài jiàng	31145	en-eng,an-ang,ian-iang,ai-ei,j-q-x	1
登山越岭	dēng shān yuè lǐng	31147	en-eng,in-ing,an-ang,s-sh,n-l,r-l	1
登山陟岭	dēng shān zhì lǐng	31148	en-eng,in-ing,an-ang,z-zh,s-sh,n-l,r-l	3
登木求鱼	dēng mù qiú yú	31149	en-eng,j-q-x	1
登高望远	dēng gāo wàng yuǎn	31154	en-eng,an-ang,uan-uang,ao-ou	1
白丁俗客	bái dīng sú kè	31156	in-ing,ai-ei,s-sh	1
白不呲咧	bái bù cī liě	31157	ai-ei,ia-ie,c-ch,n-l,r-l	3
白云亲舍	bái yún qīn shè	31158	in-ing,ai-ei,s-sh,j-q-x	1
白华之怨	bái huá zhī yuàn	31168	uan-uang,ai-ei,ua-uo,z-zh,h-f	1
白发丹心	bái fà dān xīn	31171	in-ing,an-ang,ai-ei,h-f,j-q-x	1
白发千丈	bái fà qiān zhàng	31172	an-ang,ian-iang,ai-ei,z-zh,h-f,j-q-x	1
白发朱颜	bái fà zhū yán	31173	an-ang,ai-ei,z-zh,h-f	1
白发红颜	bái fà hóng yán	31174	an-ang,ai-ei,h-f	1
白发苍苍	bái fà cāng cāng	31175	an-ang,ai-ei,c-ch,h-f	1
白发苍颜	bái fà cāng yán	31176	an-ang,ai-ei,c-ch,h-f	1
白发青衫	bái fà qīng shān	31177	in-ing,an-ang,ai-ei,s-sh,h-f,j-q-x	1
白天见鬼	bái tiān jiàn guǐ	31180	ian-iang,ai-ei,j-q-x	1
白头不终	bái tóu bù zhōng	31183	ai-ei,ao-ou,z-zh	1
白头之叹	bái tóu zhī tàn	31184	an-ang,ai-ei,ao-ou,z-zh	1
白头到老	bái tóu dào lǎo	31186	ai-ei,ao-ou,n-l,r-l	1
白头如新	bái tóu rú xīn	31187	in-ing,ai-ei,ao-ou,r-l,j-q-x	1
白头相守	bái tóu xiāng shǒu	31188	ian-iang,ai-ei,ao-ou,s-sh,j-q-x	1
白头相并	bái tóu xiāng bìng	31189	in-ing,ian-iang,ai-ei,ao-ou,j-q-x	1
白头而新	bái tóu ér xīn	31191	in-ing,ai-ei,ao-ou,j-q-x	1
白手成家	bái shǒu chéng jiā	31193	en-eng,ai-ei,ao-ou,ia-ie,c-ch,s-sh,j-q-x	1
白手空拳	bái shǒu kōng quán	31194	uan-uang,ai-ei,ao-ou,s-sh,j-q-x	1
白旄黄钺	bái máo huáng yuè	31196	uan-uang,ai-ei,ao-ou,h-f	3
白日上升	bái rì shàng shēng	31197	en-eng,an-ang,ai-ei,s-sh,r-l	1
白日见鬼	bái rì jiàn guǐ	31198	ian-iang,ai-ei,r-l,j-q-x	1
白白朱朱	bái bái zhū zhū	31210	ai-ei,z-zh	1
白眼相看	bái yǎn xiāng kàn	31213	an-ang,ian-iang,ai-ei,j-q-x	1
白衣卿相	bái yī qīng xiàng	31230	in-ing,ian-iang,ai-ei,j-q-x	1
白衣宰相	bái yī zǎi xiàng	31231	ian-iang,ai-ei,z-zh,j-q-x	1
白袷蓝衫	bái jiá lán shān	31232	an-ang,ai-ei,ia-ie,s-sh,n-l,r-l,j-q-x	3
白雪难和	bái xuě nán hé	31234	an-ang,ai-ei,n-l,h-f,j-q-x	1
白面书郎	bái miàn shū láng	31236	an-ang,ian-iang,ai-ei,s-sh,n-l,r-l	1
白面儒冠	bái miàn rú guān	31237	ian-iang,uan-uang,ai-ei,r-l	1
白首一节	bái shǒu yī jié	31239	ai-ei,ao-ou,ia-ie,s-sh,j-q-x	1
白首不渝	bái shǒu bù yú	31240	ai-ei,ao-ou,s-sh	1
白首为郎	bái shǒu wéi láng	31241	an-ang,ai-ei,ao-ou,s-sh,n-l,r-l	1
白首北面	bái shǒu běi miàn	31242	ian-iang,ai-ei,ao-ou,s-sh	1
白首同归	bái shǒu tóng guī	31243	ai-ei,ao-ou,s-sh	1
白首相庄	bái shǒu xiāng zhuāng	31244	ian-iang,uan-uang,ai-ei,ao-ou,z-zh,s-sh,j-q-x	1
白首相知	bái shǒu xiāng zhī	31245	ian-iang,ai-ei,ao-ou,z-zh,s-sh,j-q-x	1
白首空归	bái shǒu kōng guī	31246	ai-ei,ao-ou,s-sh	1
白首齐眉	bái shǒu qí méi	31247	ai-ei,ao-ou,s-sh,j-q-x	1
白驹空谷	bái jū kōng gǔ	31249	ai-ei,j-q-x	1
白骨再肉	bái gǔ zài ròu	31252	ai-ei,ao-ou,z-zh,r-l	1
白骨露野	bái gǔ lù yě	31254	ai-ei,n-l,r-l	1
白黑不分	bái hēi bù fēn	31256	en-eng,ai-ei,h-f	1
白黑分明	bái hēi fēn míng	31257	en-eng,in-ing,ai-ei,h-f	1
白黑颠倒	bái hēi diān dǎo	31258	ian-iang,ai-ei,ao-ou,h-f	1
白龙鱼服	bái lóng yú fú	31259	ai-ei,n-l,h-f,r-l	1
百万富翁	bǎi wàn fù wēng	31261	en-eng,an-ang,ai-ei,h-f	1
百万雄兵	bǎi wàn xióng bīng	31262	in-ing,an-ang,ai-ei,j-q-x	1
百万雄师	bǎi wàn xióng shī	31263	an-ang,ai-ei,s-sh,j-q-x	1
百丈竿头	bǎi zhàng gān tóu	31264	an-ang,ai-ei,ao-ou,z-zh	1
百下百着	bǎi xià bǎi zháo	31265	ai-ei,ao-ou,ia-ie,z-zh,j-q-x	1
百不一存	bǎi bù yī cún	31266	ai-ei,c-ch	1
百不一贷	bǎi bù yī dài	31267	ai-ei	1
百不一遇	bǎi bù yī yù	31268	ai-ei	1
百不失一	bǎi bù shī yī	31269	ai-ei,s-sh	1
百不当一	bǎi bù dāng yī	31270	an-ang,ai-ei	1
百不获一	bǎi bù huò yī	31271	ai-ei,ua-uo,h-f	1
百世不易	bǎi shì bù yì	31272	ai-ei,s-sh	1
百世不磨	bǎi shì bù mó	31273	ai-ei,s-sh	1
百业萧条	bǎi yè xiāo tiáo	31274	ai-ei,j-q-x	1
百中百发	bǎi zhòng bǎi fā	31275	ai-ei,z-zh,h-f	1
百了千当	bǎi liǎo qiān dāng	31276	an-ang,ian-iang,ai-ei,n-l,r-l,j-q-x	1
百事可乐	bǎi shì kě lè	31277	ai-ei,s-sh,n-l,r-l	1
百事大吉	bǎi shì dà jí	31278	ai-ei,s-sh,j-q-x	1
百代过客	bǎi dài guò kè	31279	ai-ei,ua-uo	1
百依百从	bǎi yī bǎi cóng	31281	ai-ei,c-ch	1
百兽率舞	bǎi shòu shuài wǔ	31282	ai-ei,ao-ou,s-sh	1
百凡待举	bǎi fán dài jǔ	31283	an-ang,ai-ei,h-f,j-q-x	1
百口同声	bǎi kǒu tóng shēng	31292	en-eng,ai-ei,ao-ou,s-sh	1
百口难分	bǎi kǒu nán fēn	31294	en-eng,an-ang,ai-ei,ao-ou,n-l,h-f	1
百品千条	bǎi pǐn qiān tiáo	31300	in-ing,ian-iang,ai-ei,j-q-x	1
百喙莫辩	bǎi huì mò biàn	31302	ian-iang,ai-ei,h-f	3
百喙难辞	bǎi huì nán cí	31303	an-ang,ai-ei,c-ch,n-l,h-f	3
百喙难辩	bǎi huì nán biàn	31304	an-ang,ian-iang,ai-ei,n-l,h-f	3
百堕俱举	bǎi huī jù jǔ	31305	ai-ei,h-f,j-q-x	1
百孔千创	bǎi kǒng qiān chuāng	31307	ian-iang,uan-uang,ai-ei,c-ch,j-q-x	1
百宝万货	bǎi bǎo wàn huò	31308	an-ang,ai-ei,ao-ou,ua-uo,h-f	1
百尺无枝	bǎi chǐ wú zhī	31312	ai-ei,z-zh,c-ch	1
百岁之好	bǎi suì zhī hǎo	31315	ai-ei,ao-ou,z-zh,s-sh,h-f	1
百川朝海	bǎi chuān cháo hǎi	31316	uan-uang,ai-ei,ao-ou,c-ch,h-f	1
百年之好	bǎi nián zhī hǎo	31318	ian-iang,ai-ei,ao-ou,z-zh,n-l,h-f	1
百年之约	bǎi nián zhī yuē	31319	ian-iang,ai-ei,z-zh,n-l	1
百年大业	bǎi nián dà yè	31320	ian-iang,ai-ei,n-l	1
百年好事	bǎi nián hǎo shì	31322	ian-iang,ai-ei,ao-ou,s-sh,n-l,h-f	1
百年好合	bǎi nián hǎo hé	31323	ian-iang,ai-ei,ao-ou,n-l,h-f	1
百年难遇	bǎi nián nán yù	31324	an-ang,ian-iang,ai-ei,n-l	1
百废具兴	bǎi fèi jù xīng	31326	in-ing,ai-ei,h-f,j-q-x	1
百思莫解	bǎi sī mò jiě	31332	ai-ei,ia-ie,s-sh,j-q-x	1
百怪千奇	bǎi guài qiān qí	31333	ian-iang,ai-ei,j-q-x	1
百折不屈	bǎi zhé bù qū	31338	ai-ei,z-zh,j-q-x	1
百折不移	bǎi zhé bù yí	31340	ai-ei,z-zh	1
百折千回	bǎi zhé qiān huí	31341	ian-iang,ai-ei,z-zh,h-f,j-q-x	1
百无一能	bǎi wú yī néng	31342	en-eng,ai-ei,n-l	1
百无是处	bǎi wú shì chù	31343	ai-ei,c-ch,s-sh	1
百炼成钢	bǎi liàn chéng gāng	31347	en-eng,an-ang,ian-iang,ai-ei,c-ch,n-l,r-l	1
百端待举	bǎi duān dài jǔ	31348	uan-uang,ai-ei,j-q-x	1
百紫千红	bǎi zǐ qiān hóng	31349	ian-iang,ai-ei,z-zh,h-f,j-q-x	1
百纵千随	bǎi zòng qiān suí	31350	ian-iang,ai-ei,z-zh,s-sh,j-q-x	1
百结悬鹑	bǎi jié xuán chún	31351	uan-uang,ai-ei,ia-ie,c-ch,j-q-x	3
百结愁肠	bǎi jié chóu cháng	31352	an-ang,ai-ei,ao-ou,ia-ie,c-ch,j-q-x	1
百舍重茧	bǎi shè chóng jiǎn	31353	ian-iang,ai-ei,c-ch,s-sh,j-q-x	1
百舍重趼	bǎi shè chóng jiǎn	31354	ian-iang,ai-ei,c-ch,s-sh,j-q-x	5
百般刁难	bǎi bān diāo nàn	31355	an-ang,ai-ei,n-l	1
百般折磨	bǎi bān zhé mó	31356	an-ang,ai-ei,z-zh	1
百虑攒心	bǎi lǜ zǎn xīn	31358	in-ing,an-ang,ai-ei,z-zh,n-l,r-l,j-q-x	3
百读不厌	bǎi dú bù yàn	31359	an-ang,ai-ei	1
百足不僵	bǎi zú bù jiāng	31360	ian-iang,ai-ei,z-zh,j-q-x	1
百身何赎	bǎi shēn hé shú	31361	en-eng,ai-ei,s-sh,h-f	1
百身莫赎	bǎi shēn mò shú	31362	en-eng,ai-ei,s-sh	1
百载树人	bǎi zǎi shù rén	31363	en-eng,ai-ei,z-zh,s-sh,r-l	1
百辞莫辩	bǎi cí mò biàn	31364	ian-iang,ai-ei,c-ch	1
百鸟朝凤	bǎi niǎo cháo fèng	31367	en-eng,ai-ei,ao-ou,c-ch,n-l,h-f	1
皂白不分	zào bái bù fēn	31369	en-eng,ai-ei,ao-ou,z-zh,h-f	1
的一确二	dí yī què èr	31372	j-q-x	1
皎阳似火	jiǎo yáng shì huǒ	31389	an-ang,ua-uo,s-sh,h-f,j-q-x	3
皓齿蛾眉	hào chǐ é méi	31390	ai-ei,ao-ou,c-ch,h-f	1
皖南事变	wǎn nán shì biàn	31391	an-ang,ian-iang,s-sh,n-l	1
皮下注射	pí xià zhù shè	31392	ia-ie,z-zh,s-sh,j-q-x	1
皮包骨头	pí bāo gú tou	31395	ao-ou	1
皮相之见	pí xiàng zhī jiàn	31408	ian-iang,z-zh,j-q-x	1
皮相之谈	pí xiàng zhī tán	31409	an-ang,ian-iang,z-zh,j-q-x	1
盈千累万	yíng qiān lěi wàn	31422	in-ing,an-ang,ian-iang,ai-ei,n-l,r-l,j-q-x	1
盈篇累牍	yíng piān lěi dú	31423	in-ing,ian-iang,ai-ei,n-l,r-l	3
盎盂相击	àng yú xiāng jī	31426	an-ang,ian-iang,j-q-x	3
盎盂相敲	àng yú xiāng qiāo	31427	an-ang,ian-iang,j-q-x	3
盐梅相成	yán méi xiāng chéng	31431	en-eng,an-ang,ian-iang,ai-ei,c-ch,j-q-x	1
监临自盗	jiān lín zì dào	31436	in-ing,ian-iang,ao-ou,z-zh,n-l,r-l,j-q-x	1
监主自盗	jiān zhǔ zì dào	31437	ian-iang,ao-ou,z-zh,j-q-x	1
盖不由己	gài bù yóu jǐ	31475	ai-ei,ao-ou,j-q-x	1
盖世之才	gài shì zhī cái	31477	ai-ei,z-zh,c-ch,s-sh	1
盖世无双	gài shì wú shuāng	31479	uan-uang,ai-ei,s-sh	1
盖世英雄	gài shì yīng xióng	31480	in-ing,ai-ei,s-sh,j-q-x	1
盖头换面	gài tóu huàn miàn	31482	ian-iang,uan-uang,ai-ei,ao-ou,h-f	1
盖棺事定	gài guān shì dìng	31487	in-ing,uan-uang,ai-ei,s-sh	1
盗亦有道	dào yì yǒu dào	31491	ao-ou	1
盗录行为	dào lù xíng wéi	31492	in-ing,ai-ei,ao-ou,n-l,r-l,j-q-x	1
盗食致饱	dào shí zhì bǎo	31494	ao-ou,z-zh,s-sh	1
盘根究底	pán gēn jiū dǐ	31499	en-eng,an-ang,j-q-x	1
盘游无度	pán yóu wú dù	31503	an-ang,ao-ou	1
盘石桑苞	pán shí sāng bāo	31505	an-ang,ao-ou,s-sh	1
盛况空前	shèng kuàng kōng qián	31506	en-eng,ian-iang,uan-uang,s-sh,j-q-x	1
盛名难副	shèng míng nán fù	31507	en-eng,in-ing,an-ang,s-sh,n-l,h-f	1
盛宴难再	shèng yàn nán zài	31509	en-eng,an-ang,ai-ei,z-zh,s-sh,n-l	1
盛必虑衰	shèng bì lǜ shuāi	31510	en-eng,s-sh,n-l,r-l	1
盛水不漏	chéng shuǐ bù lòu	31514	en-eng,ao-ou,c-ch,s-sh,n-l,r-l	1
盛筵必散	shèng yán bì sàn	31515	en-eng,an-ang,s-sh	3
盛筵难再	shèng yán nán zài	31516	en-eng,an-ang,ai-ei,z-zh,s-sh,n-l	3
盛衰兴废	shèng shuāi xīng fèi	31518	en-eng,in-ing,ai-ei,s-sh,h-f,j-q-x	1
盛衰荣辱	shèng shuāi róng rǔ	31519	en-eng,s-sh,r-l	1
盛食厉兵	shèng shí lì bīng	31520	en-eng,in-ing,s-sh,n-l,r-l	1
目下十行	mù xià shí háng	31527	an-ang,ia-ie,s-sh,h-f,j-q-x	1
目不交睫	mù bù jiāo jié	31528	ia-ie,j-q-x	1
目不别视	mù bù bié shì	31529	ia-ie,s-sh	1
目不忍见	mù bù rěn jiàn	31531	en-eng,ian-iang,r-l,j-q-x	1
目不忍视	mù bù rěn shì	31532	en-eng,s-sh,r-l	1
目不暇给	mù bù xiá jǐ	31535	ia-ie,j-q-x	1
目不知书	mù bù zhī shū	31536	z-zh,s-sh	1
目不窥园	mù bù kuī yuán	31537	uan-uang	1
目不给赏	mù bù gěi shǎng	31538	an-ang,ai-ei,s-sh	1
目不苟视	mù bù gǒu shì	31539	ao-ou,s-sh	1
目不见睫	mù bù jiàn jié	31540	ian-iang,ia-ie,j-q-x	1
目不识书	mù bù shí shū	31542	s-sh	1
目不邪视	mù bù xié shì	31544	ia-ie,s-sh,j-q-x	1
目使颐令	mù shǐ yí lìng	31546	in-ing,s-sh,n-l,r-l	3
目别汇分	mù bié huì fēn	31548	en-eng,ia-ie,h-f	1
目前为止	mù qián wéi zhǐ	31549	ian-iang,ai-ei,z-zh,j-q-x	1
目成心许	mù chéng xīn xǔ	31550	en-eng,in-ing,c-ch,j-q-x	1
目挑心悦	mù tiāo xīn yuè	31551	in-ing,j-q-x	1
目挑心招	mù tiǎo xīn zhāo	31552	in-ing,ao-ou,z-zh,j-q-x	1
目挑眉语	mù tiāo méi yǔ	31553	ai-ei	1
目无三尺	mù wú sān chǐ	31554	an-ang,c-ch,s-sh	1
目无尊长	mù wú zūn zhǎng	31555	an-ang,z-zh	1
目无王法	mù wú wáng fǎ	31557	an-ang,h-f	1
目目相觑	mù mù xiāng qù	31563	ian-iang,j-q-x	3
目眢心忳	mù yuān xīn tún	31564	in-ing,uan-uang,j-q-x	5
目眦尽裂	mù zì jìn liè	31565	in-ing,ia-ie,z-zh,n-l,r-l,j-q-x	3
目眩头昏	mù xuàn tóu hūn	31566	uan-uang,ao-ou,h-f,j-q-x	3
目眩头晕	mù xuàn tóu yūn	31567	uan-uang,ao-ou,j-q-x	3
目睫之论	mù jié zhī lùn	31568	ia-ie,z-zh,n-l,r-l,j-q-x	1
目瞪口结	mù dèng kǒu jié	31569	en-eng,ao-ou,ia-ie,j-q-x	1
目瞪舌强	mù dèng shé qiáng	31570	en-eng,ian-iang,s-sh,j-q-x	1
目知眼见	mù zhī yǎn jiàn	31572	an-ang,ian-iang,z-zh,j-q-x	1
目空一世	mù kōng yī shì	31573	s-sh	1
目空余子	mù kōng yú zǐ	31575	z-zh	1
目窕心与	mù tiǎo xīn yǔ	31576	in-ing,j-q-x	3
目若悬珠	mù ruò xuán zhū	31577	uan-uang,ua-uo,z-zh,r-l,j-q-x	1
目见耳闻	mù jiàn ěr wén	31579	en-eng,ian-iang,j-q-x	1
目语额瞬	mù yǔ é shùn	31582	s-sh	1
目量意营	mù liàng yì yíng	31583	in-ing,ian-iang,n-l,r-l	1
目食耳视	mù shí ěr shì	31584	s-sh	1
盲人把烛	máng rén bǎ zhú	31587	en-eng,an-ang,z-zh,r-l	1
盲人说象	máng rén shuō xiàng	31588	en-eng,an-ang,ian-iang,ua-uo,s-sh,r-l,j-q-x	1
盲翁扪钥	máng wēng mén yào	31592	en-eng,an-ang,ao-ou	3
盲者得镜	máng zhě dé jìng	31593	in-ing,an-ang,z-zh,j-q-x	1
盲风妒雨	máng fēng dù yǔ	31595	en-eng,an-ang,h-f	1
盲风怪云	máng fēng guài yún	31596	en-eng,an-ang,h-f	1
盲风怪雨	máng fēng guài yǔ	31597	en-eng,an-ang,h-f	1
盲风晦雨	máng fēng huì yǔ	31598	en-eng,an-ang,h-f	1
盲风暴雨	máng fēng bào yǔ	31599	en-eng,an-ang,ao-ou,h-f	1
盲风涩雨	máng fēng sè yǔ	31600	en-eng,an-ang,s-sh,h-f	1
直上直下	zhí shàng zhí xià	31601	an-ang,ia-ie,z-zh,s-sh,j-q-x	1
直上青云	zhí shàng qīng yún	31602	in-ing,an-ang,z-zh,s-sh,j-q-x	1
直内方外	zhí nèi fāng wài	31603	an-ang,ai-ei,z-zh,n-l,h-f	1
直情径行	zhí qíng jìng xíng	31611	in-ing,z-zh,j-q-x	1
直扑无华	zhí pū wú huá	31613	ua-uo,z-zh,h-f	1
直抒己见	zhí shū jǐ jiàn	31614	ian-iang,z-zh,s-sh,j-q-x	1
直捷了当	zhí jié liǎo dàng	31617	an-ang,ia-ie,z-zh,n-l,r-l,j-q-x	1
直接了当	zhí jiē liǎo dàng	31618	an-ang,ia-ie,z-zh,n-l,r-l,j-q-x	1
直撞横冲	zhí zhuàng héng chōng	31621	en-eng,uan-uang,z-zh,c-ch,h-f	1
直权无华	zhí quán wú huá	31622	uan-uang,ua-uo,z-zh,h-f,j-q-x	1
直言切谏	zhí yán qiē jiàn	31639	an-ang,ian-iang,ia-ie,z-zh,j-q-x	3
直言无隐	zhí yán wú yǐn	31640	in-ing,an-ang,z-zh	1
直言正色	zhí yán zhèng sè	31641	en-eng,an-ang,z-zh,s-sh	1
直言正论	zhí yán zhèng lùn	31642	en-eng,an-ang,z-zh,n-l,r-l	1
直言正谏	zhí yán zhèng jiàn	31643	en-eng,an-ang,ian-iang,z-zh,j-q-x	3
直言贾祸	zhí yán gǔ huò	31644	an-ang,ua-uo,z-zh,h-f	1
直认不讳	zhí rèn bù huì	31645	en-eng,z-zh,h-f,r-l	1
直道而行	zhí dào ér xíng	31649	in-ing,ao-ou,z-zh,j-q-x	1
相与为一	xiāng yǔ wéi yī	31651	ian-iang,ai-ei,j-q-x	1
相习成风	xiāng xí chéng fēng	31654	en-eng,ian-iang,c-ch,h-f,j-q-x	1
相克相济	xiāng kè xiāng jì	31673	ian-iang,j-q-x	1
相切相磋	xiāng qiē xiāng cuō	31677	ian-iang,ia-ie,ua-uo,c-ch,j-q-x	3
相去几何	xiāng qù jǐ hé	31681	ian-iang,h-f,j-q-x	1
相去悬殊	xiāng qù xuán shū	31682	ian-iang,uan-uang,s-sh,j-q-x	1
相去无几	xiāng qù wú jǐ	31683	ian-iang,j-q-x	1
相因相生	xiāng yīn xiāng shēng	31694	en-eng,in-ing,ian-iang,s-sh,j-q-x	1
相失交臂	xiāng shī jiāo bì	31700	ian-iang,s-sh,j-q-x	1
相女配夫	xiàng nǚ pèi fū	31702	ian-iang,ai-ei,n-l,h-f,j-q-x	1
相安相受	xiāng ān xiāng shòu	31706	an-ang,ian-iang,ao-ou,s-sh,j-q-x	1
相对无言	xiāng duì wú yán	31710	an-ang,ian-iang,j-q-x	1
相差不大	xiāng chā bú dà	31715	ian-iang,c-ch,j-q-x	1
相差无几	xiāng chā wú jǐ	31716	ian-iang,c-ch,j-q-x	1
相差甚远	xiāng chā shèn yuǎn	31717	en-eng,ian-iang,uan-uang,c-ch,s-sh,j-q-x	1
相帅成风	xiāng shuài chéng fēng	31718	en-eng,ian-iang,c-ch,s-sh,h-f,j-q-x	1
相庄如宾	xiāng zhuāng rú bīn	31721	in-ing,ian-iang,uan-uang,z-zh,r-l,j-q-x	1
相形失色	xiāng xíng shī sè	31727	in-ing,ian-iang,s-sh,j-q-x	1
相形见拙	xiāng xíng jiàn zhuō	31728	in-ing,ian-iang,ua-uo,z-zh,j-q-x	1
相待如宾	xiāng dài rú bīn	31731	in-ing,ian-iang,ai-ei,r-l,j-q-x	1
相得甚欢	xiāng dé shèn huān	31733	en-eng,ian-iang,uan-uang,s-sh,h-f,j-q-x	1
相得益章	xiāng dé yì zhāng	31735	an-ang,ian-iang,z-zh,j-q-x	1
相忍为国	xiāng rěn wèi guó	31736	en-eng,ian-iang,ai-ei,ua-uo,r-l,j-q-x	1
相忘形骸	xiāng wàng xíng hái	31737	in-ing,an-ang,ian-iang,ai-ei,h-f,j-q-x	3
相惊伯有	xiāng jīng bó yǒu	31748	in-ing,ian-iang,ao-ou,j-q-x	1
相时而动	xiàng shí ér dòng	31763	ian-iang,s-sh,j-q-x	1
相机而动	xiàng jī ér dòng	31769	ian-iang,j-q-x	1
相沿成习	xiāng yán chéng xí	31773	en-eng,an-ang,ian-iang,c-ch,j-q-x	1
相沿成俗	xiāng yán chéng sú	31774	en-eng,an-ang,ian-iang,c-ch,s-sh,j-q-x	1
相煎何急	xiāng jiān hé jí	31777	ian-iang,h-f,j-q-x	1
相煎太急	xiāng jiān tài jí	31778	ian-iang,ai-ei,j-q-x	1
相生相成	xiāng shēng xiāng chéng	31786	en-eng,ian-iang,c-ch,s-sh,j-q-x	1
相知恨晚	xiāng zhī hèn wǎn	31790	en-eng,an-ang,ian-iang,z-zh,h-f,j-q-x	1
相知有素	xiāng zhī yǒu sù	31791	ian-iang,ao-ou,z-zh,s-sh,j-q-x	1
相视而笑	xiāng shì ér xiào	31806	ian-iang,s-sh,j-q-x	1
相视莫逆	xiāng shì mò nì	31807	ian-iang,s-sh,n-l,j-q-x	1
相貌堂堂	xiàng mào táng táng	31814	an-ang,ian-iang,ao-ou,j-q-x	1
相貌寒碜	xiàng mào hán chěn	31815	en-eng,an-ang,ian-iang,ao-ou,c-ch,h-f,j-q-x	3
相逢恨晚	xiāng féng hèn wǎn	31825	en-eng,an-ang,ian-iang,h-f,j-q-x	1
相逢狭路	xiāng féng xiá lù	31826	en-eng,ian-iang,ia-ie,n-l,h-f,r-l,j-q-x	1
相遗以水	xiāng wèi yǐ shuǐ	31828	ian-iang,ai-ei,s-sh,j-q-x	1
相门有相	xiàng mén yǒu xiàng	31832	en-eng,ian-iang,ao-ou,j-q-x	1
相顾失色	xiāng gù shī sè	31838	ian-iang,s-sh,j-q-x	1
相鼠有皮	xiàng shǔ yǒu pí	31840	ian-iang,ao-ou,s-sh,j-q-x	1
省烦从简	shěng fán cóng jiǎn	31865	en-eng,an-ang,ian-iang,c-ch,s-sh,h-f,j-q-x	1
眉头一皱	méi tou yí zhòu	31874	ai-ei,ao-ou,z-zh	1
眉头不伸	méi tóu bù shēn	31875	en-eng,ai-ei,ao-ou,s-sh	1
眉头眼尾	méi tóu yǎn wěi	31876	an-ang,ai-ei,ao-ou	1
眉目传情	méi mù chuán qíng	31879	in-ing,uan-uang,ai-ei,c-ch,j-q-x	1
眉睫之内	méi jié zhī nèi	31880	ai-ei,ia-ie,z-zh,n-l,j-q-x	1
眉语目笑	méi yǔ mù xiào	31881	ai-ei,j-q-x	1
看不上眼	kàn bù shàng yǎn	31884	an-ang,s-sh	1
看人下菜	kàn rén xià cài	31892	en-eng,an-ang,ai-ei,ia-ie,c-ch,r-l,j-q-x	1
看人眉眼	kàn rén méi yǎn	31894	en-eng,an-ang,ai-ei,r-l	1
看人眉睫	kàn rén méi jié	31895	en-eng,an-ang,ai-ei,ia-ie,r-l,j-q-x	1
看人行事	kàn rén xíng shì	31896	en-eng,in-ing,an-ang,s-sh,r-l,j-q-x	1
看家本事	kān jiā běn shì	31913	en-eng,an-ang,ia-ie,s-sh,j-q-x	1
看家本领	kān jiā běn lǐng	31914	en-eng,in-ing,an-ang,ia-ie,n-l,r-l,j-q-x	1
看景生情	kàn jǐng shēng qíng	31928	en-eng,in-ing,an-ang,s-sh,j-q-x	1
看朱成碧	kàn zhū chéng bì	31930	en-eng,an-ang,z-zh,c-ch	1
看杀卫玠	kàn shā wèi jiè	31931	an-ang,ai-ei,ia-ie,s-sh,j-q-x	3
看破红尘	kàn pò hóng chén	31946	en-eng,an-ang,c-ch,h-f	1
看菜吃饭	kàn cài chī fàn	31951	an-ang,ai-ei,c-ch,h-f	1
看风使帆	kàn fēng shǐ fān	31963	en-eng,an-ang,s-sh,h-f	1
看风使船	kàn fēng shǐ chuán	31965	en-eng,an-ang,uan-uang,c-ch,s-sh,h-f	1
看风驶船	kàn fēng shǐ chuán	31966	en-eng,an-ang,uan-uang,c-ch,s-sh,h-f	1
真伪莫辨	zhēn wěi mò biàn	31971	en-eng,ian-iang,ai-ei,z-zh	1
真枪实弹	zhēn qiāng shí dàn	31980	en-eng,an-ang,ian-iang,z-zh,s-sh,j-q-x	1
真相毕露	zhēn xiàng bì lù	31986	en-eng,ian-iang,z-zh,n-l,r-l,j-q-x	1
真真假假	zhēn zhēn jiǎ jiǎ	31987	en-eng,ia-ie,z-zh,j-q-x	1
真知卓见	zhēn zhī zhuó jiàn	31989	en-eng,ian-iang,ua-uo,z-zh,j-q-x	1
真金不镀	zhēn jīn bù dù	31998	en-eng,in-ing,z-zh,j-q-x	1
眠云卧石	mián yún wò shí	31999	ian-iang,s-sh	1
眠思梦想	mián sī mèng xiǎng	32000	en-eng,ian-iang,s-sh,j-q-x	1
眠花宿柳	mián huā sù liǔ	32001	ian-iang,ua-uo,s-sh,n-l,h-f,r-l	1
眠花藉柳	mián huā jiè liǔ	32002	ian-iang,ia-ie,ua-uo,n-l,h-f,r-l,j-q-x	1
眦裂发指	zì liè fà zhǐ	32003	ia-ie,z-zh,n-l,h-f,r-l	3
眩碧成朱	xuàn bì chéng zhū	32006	en-eng,uan-uang,z-zh,c-ch,j-q-x	3
眷红偎翠	juàn hóng wēi cuì	32007	uan-uang,ai-ei,c-ch,h-f,j-q-x	1
眼中拔钉	yǎn zhōng bá dīng	32010	in-ing,an-ang,z-zh	1
眼中有铁	yǎn zhōng yǒu tiě	32011	an-ang,ao-ou,ia-ie,z-zh	1
眼内无珠	yǎn nèi wú zhū	32013	an-ang,ai-ei,z-zh,n-l	1
眼空四海	yǎn kōng sì hǎi	32016	an-ang,ai-ei,s-sh,h-f	1
眼花撩乱	yǎn huā liáo luàn	32017	an-ang,uan-uang,ua-uo,n-l,h-f,r-l	1
眼花雀乱	yǎn huā què luàn	32018	an-ang,uan-uang,ua-uo,n-l,h-f,r-l,j-q-x	1
眼观六路	yǎn guān liù lù	32021	an-ang,uan-uang,n-l,r-l	1
眼馋肚饱	yǎn chán dù bǎo	32022	an-ang,ao-ou,c-ch	1
着书立说	zhuó shū lì shuō	32024	ua-uo,z-zh,s-sh,n-l,r-l	1
着人先鞭	zhuó rén xiān biān	32025	en-eng,ian-iang,ua-uo,z-zh,r-l,j-q-x	1
着人办理	zhuó rén bàn lǐ	32026	en-eng,an-ang,ua-uo,z-zh,n-l,r-l	1
着手成春	zhuó shǒu chéng chūn	32037	en-eng,ao-ou,ua-uo,z-zh,c-ch,s-sh	1
睡卧不宁	shuì wò bù níng	32058	in-ing,s-sh,n-l	1
睡眼蒙眬	shuì yǎn méng lóng	32064	en-eng,an-ang,s-sh,n-l,r-l	3
睥睨一切	pì nì yī qiè	32070	ia-ie,n-l,j-q-x	3
睹始知终	dǔ shǐ zhī zhōng	32072	z-zh,s-sh	1
睹微知著	dǔ wēi zhī zhù	32073	ai-ei,z-zh	1
睹景伤情	dǔ jǐng shāng qíng	32074	in-ing,an-ang,s-sh,j-q-x	1
睹物兴情	dǔ wù xīng qíng	32075	in-ing,j-q-x	1
睹着知微	dǔ zhe zhī wēi	32077	ai-ei,z-zh	1
睹著知微	dǔ zhù zhī wēi	32078	ai-ei,z-zh	1
瞋目切齿	chēn mù qiè chǐ	32080	en-eng,ia-ie,c-ch,j-q-x	3
瞑思苦想	míng sī kǔ xiǎng	32087	in-ing,ian-iang,s-sh,j-q-x	3
瞒上欺下	mán shàng qī xià	32089	an-ang,ia-ie,s-sh,j-q-x	1
瞒天大谎	mán tiān dà huǎng	32092	an-ang,ian-iang,uan-uang,h-f	1
瞒天昧地	mán tiān mèi dì	32093	an-ang,ian-iang,ai-ei	1
瞒天瞒地	mán tiān mán dì	32094	an-ang,ian-iang	1
瞒天要价	mán tiān yào jià	32095	an-ang,ian-iang,ao-ou,ia-ie,j-q-x	1
瞒天讨价	mán tiān tǎo jià	32096	an-ang,ian-iang,ao-ou,ia-ie,j-q-x	1
瞒心昧己	mán xīn mèi jǐ	32098	in-ing,an-ang,ai-ei,j-q-x	1
瞒神弄鬼	mán shén nòng guǐ	32099	en-eng,an-ang,s-sh,n-l	1
瞠乎其后	chēng hū qí hòu	32100	en-eng,ao-ou,c-ch,h-f,j-q-x	3
瞪目结舌	dèng mù jié shé	32107	en-eng,ia-ie,s-sh,j-q-x	1
瞪眼咋舌	dèng yǎn zé shé	32108	en-eng,an-ang,z-zh,s-sh	1
瞬息之间	shùn xī zhī jiān	32110	ian-iang,z-zh,s-sh,j-q-x	1
瞰瑕伺隙	kàn xiá sì xì	32115	an-ang,ia-ie,s-sh,j-q-x	3
矜功不立	jīn gōng bù lì	32122	in-ing,n-l,r-l,j-q-x	3
矜功伐善	jīn gōng fá shàn	32123	in-ing,an-ang,s-sh,h-f,j-q-x	3
矜功伐能	jīn gōng fá néng	32124	en-eng,in-ing,n-l,h-f,j-q-x	3
矜功恃宠	jīn gōng shì chǒng	32125	in-ing,c-ch,s-sh,j-q-x	3
矜功自伐	jīn gōng zì fá	32126	in-ing,z-zh,h-f,j-q-x	3
矜功负气	jīn gōng fù qì	32127	in-ing,h-f,j-q-x	3
矜名妒能	jīn míng dù néng	32128	en-eng,in-ing,n-l,j-q-x	3
矜名嫉能	jīn míng jí néng	32129	en-eng,in-ing,n-l,j-q-x	3
矜己自饰	jīn jǐ zì shì	32131	in-ing,z-zh,s-sh,j-q-x	3
矜平躁释	jīn píng zào shì	32132	in-ing,ao-ou,z-zh,s-sh,j-q-x	3
矜愚饰智	jīn yú shì zhì	32133	in-ing,z-zh,s-sh,j-q-x	3
矜才使气	jīn cái shǐ qì	32134	in-ing,ai-ei,c-ch,s-sh,j-q-x	3
矜智负能	jīn zhì fù néng	32136	en-eng,in-ing,z-zh,n-l,h-f,j-q-x	3
矜纠收缭	jīn jiū shōu liáo	32137	in-ing,ao-ou,s-sh,n-l,r-l,j-q-x	3
矜能负才	jīn néng fù cái	32138	en-eng,in-ing,ai-ei,c-ch,n-l,h-f,j-q-x	3
矜贫恤独	jīn pín xù dú	32139	in-ing,j-q-x	3
矜贫救厄	jīn pín jiù è	32140	in-ing,j-q-x	3
矢不虚发	shǐ bù xū fā	32142	s-sh,h-f,j-q-x	1
矢口否认	shǐ kǒu fǒu rèn	32143	en-eng,ao-ou,s-sh,h-f,r-l	1
矢在弦上	shǐ zài xián shàng	32144	an-ang,ian-iang,ai-ei,z-zh,s-sh,j-q-x	1
矢尽兵穷	shǐ jìn bīng qióng	32145	in-ing,s-sh,j-q-x	1
矢忠不二	shǐ zhōng bù èr	32148	z-zh,s-sh	1
矢石之难	shǐ shí zhī nán	32150	an-ang,z-zh,s-sh,n-l	1
知一万毕	zhī yī wàn bì	32153	an-ang,z-zh	1
知书达礼	zhī shū dá lǐ	32155	z-zh,s-sh,n-l,r-l	1
知人下士	zhī rén xià shì	32160	en-eng,ia-ie,z-zh,s-sh,r-l,j-q-x	1
知名当世	zhī míng dāng shì	32172	in-ing,an-ang,z-zh,s-sh	1
知命不忧	zhī mìng bù yōu	32174	in-ing,ao-ou,z-zh	1
知命之年	zhī mìng zhī nián	32175	in-ing,ian-iang,z-zh,n-l	1
知命乐天	zhī mìng lè tiān	32176	in-ing,ian-iang,z-zh,n-l,r-l	1
知地知天	zhī dì zhī tiān	32177	ian-iang,z-zh	1
知小谋大	zhī xiǎo móu dà	32179	ao-ou,z-zh,j-q-x	1
知尽能索	zhī jìn néng suǒ	32180	en-eng,in-ing,ua-uo,z-zh,s-sh,n-l,j-q-x	1
知己之遇	zhī jǐ zhī yù	32183	z-zh,j-q-x	1
知彼知己	zhī bǐ zhī jǐ	32187	z-zh,j-q-x	1
知往鉴今	zhī wǎng jiàn jīn	32188	in-ing,an-ang,ian-iang,z-zh,j-q-x	1
知微知彰	zhī wēi zhī zhāng	32189	an-ang,ai-ei,z-zh	1
知恩报德	zhī ēn bào dé	32194	en-eng,ao-ou,z-zh	1
知恩报恩	zhī ēn bào ēn	32195	en-eng,ao-ou,z-zh	1
知情不举	zhī qíng bù jǔ	32198	in-ing,z-zh,j-q-x	1
知情不报	zhī qíng bù bào	32199	in-ing,ao-ou,z-zh,j-q-x	1
知情达理	zhī qíng dá lǐ	32202	in-ing,z-zh,n-l,r-l,j-q-x	1
知我罪我	zhī wǒ zuì wǒ	32203	z-zh	1
知无不言	zhī wú bù yán	32204	an-ang,z-zh	1
知易行难	zhī yì xíng nán	32205	in-ing,an-ang,z-zh,n-l,j-q-x	1
知来藏往	zhī lái cáng wǎng	32207	an-ang,ai-ei,z-zh,c-ch,n-l,r-l	1
知止不殆	zhī zhǐ bù dài	32209	ai-ei,z-zh	3
知疼着热	zhī téng zháo rè	32212	en-eng,ao-ou,z-zh,r-l	1
知疼着痒	zhī téng zháo yǎng	32213	en-eng,an-ang,ao-ou,z-zh	1
知白守黑	zhī bái shǒu hēi	32214	ai-ei,ao-ou,z-zh,s-sh,h-f	1
知羞识廉	zhī xiū shí lián	32215	ian-iang,z-zh,s-sh,n-l,r-l,j-q-x	1
知荣守辱	zhī róng shǒu rǔ	32218	ao-ou,z-zh,s-sh,r-l	1
知行合一	zhī xíng hé yī	32219	in-ing,z-zh,h-f,j-q-x	1
知识宝库	zhī shí bǎo kù	32226	ao-ou,z-zh,s-sh	1
知识工厂	zhī shí gōng chǎng	32229	an-ang,z-zh,c-ch,s-sh	1
知识工程	zhī shí gōng chéng	32230	en-eng,z-zh,c-ch,s-sh	1
知识更新	zhī shí gēng xīn	32232	en-eng,in-ing,z-zh,s-sh,j-q-x	1
知识爆炸	zhī shí bào zhà	32233	ao-ou,z-zh,s-sh	1
知识老化	zhī shí lǎo huà	32236	ao-ou,ua-uo,z-zh,s-sh,n-l,h-f,r-l	1
知识财产	zhī shí cái chǎn	32237	an-ang,ai-ei,z-zh,c-ch,s-sh	1
知识贬值	zhī shí biǎn zhí	32238	ian-iang,z-zh,s-sh	1
知足不辱	zhī zú bù rǔ	32243	z-zh,r-l	1
知足知止	zhī zú zhī zhǐ	32245	z-zh	1
知过必改	zhī guò bì gǎi	32246	ai-ei,ua-uo,z-zh	1
知过能改	zhī guò néng gǎi	32247	en-eng,ai-ei,ua-uo,z-zh,n-l	1
知雄守雌	zhī xióng shǒu cí	32253	ao-ou,z-zh,c-ch,s-sh,j-q-x	1
矩步方行	jǔ bù fāng xíng	32259	in-ing,an-ang,h-f,j-q-x	1
矫世励俗	jiǎo shì lì sú	32260	s-sh,n-l,r-l,j-q-x	1
矫世厉俗	jiǎo shì lì sú	32261	s-sh,n-l,r-l,j-q-x	1
矫世变俗	jiǎo shì biàn sú	32262	ian-iang,s-sh,j-q-x	1
矫国更俗	jiǎo guó gēng sú	32263	en-eng,ua-uo,s-sh,j-q-x	1
矫国革俗	jiǎo guó gé sú	32264	ua-uo,s-sh,j-q-x	1
矫尾厉角	jiǎo wěi lì jiǎo	32265	ai-ei,n-l,r-l,j-q-x	1
矫情干誉	jiǎo qíng gān yù	32266	in-ing,an-ang,j-q-x	1
矫情镇物	jiǎo qíng zhèn wù	32267	en-eng,in-ing,z-zh,j-q-x	1
矫情饰行	jiǎo qíng shì xíng	32268	in-ing,s-sh,j-q-x	1
矫情饰诈	jiǎo qíng shì zhà	32269	in-ing,z-zh,s-sh,j-q-x	1
矫情饰貌	jiǎo qíng shì mào	32270	in-ing,ao-ou,s-sh,j-q-x	1
矫时慢物	jiǎo shí màn wù	32272	an-ang,s-sh,j-q-x	1
矫枉过中	jiǎo wǎng guò zhōng	32273	an-ang,ua-uo,z-zh,j-q-x	1
矫枉过当	jiǎo wǎng guò dāng	32274	an-ang,ua-uo,j-q-x	1
矫枉过直	jiǎo wǎng guò zhí	32276	an-ang,ua-uo,z-zh,j-q-x	1
矫矫不群	jiǎo jiǎo bù qún	32277	j-q-x	1
矫若惊龙	jiǎo ruò jīng lóng	32278	in-ing,ua-uo,n-l,r-l,j-q-x	1
矫若游龙	jiǎo ruò yóu lóng	32279	ao-ou,ua-uo,n-l,r-l,j-q-x	1
矫言伪行	jiǎo yán wěi xíng	32280	in-ing,an-ang,ai-ei,j-q-x	1
矫邪归正	jiǎo xié guī zhèng	32281	en-eng,ia-ie,z-zh,j-q-x	1
短中取长	duǎn zhōng qǔ cháng	32283	an-ang,uan-uang,z-zh,c-ch,j-q-x	1
短叹长吁	duǎn tàn cháng xū	32289	an-ang,uan-uang,c-ch,j-q-x	1
短吃少穿	duǎn chī shǎo chuān	32290	uan-uang,ao-ou,c-ch,s-sh	1
短篇小说	duǎn piān xiǎo shuō	32299	ian-iang,uan-uang,ua-uo,s-sh,j-q-x	1
短褐不完	duǎn hè bù wán	32301	an-ang,uan-uang,h-f	1
短褐穿结	duǎn hè chuān jié	32302	uan-uang,ia-ie,c-ch,h-f,j-q-x	1
短见薄识	duǎn jiàn bó shí	32304	ian-iang,uan-uang,s-sh,j-q-x	1
矮人看场	ǎi rén kàn chǎng	32312	en-eng,an-ang,ai-ei,c-ch,r-l	1
矮人看戏	ǎi rén kàn xì	32313	en-eng,an-ang,ai-ei,r-l,j-q-x	1
矮人观场	ǎi rén guān cháng	32314	en-eng,an-ang,uan-uang,ai-ei,c-ch,r-l	1
矮子看戏	ǎi zǐ kàn xì	32315	an-ang,ai-ei,z-zh,j-q-x	1
矮子观场	ǎi zǐ guān cháng	32316	an-ang,uan-uang,ai-ei,z-zh,c-ch	1
石城汤池	shí chéng tāng chí	32330	en-eng,an-ang,c-ch,s-sh	1
石室金匮	shí shì jīn guì	32342	in-ing,s-sh,j-q-x	3
石心木肠	shí xīn mù cháng	32352	in-ing,an-ang,c-ch,s-sh,j-q-x	1
石沈大海	shí shěn dà hǎi	32375	en-eng,ai-ei,s-sh,h-f	1
石河子市	shí hé zǐ shì	32377	z-zh,s-sh,h-f	1
石泐海枯	shí lè hǎi kū	32381	ai-ei,s-sh,n-l,h-f,r-l	3
石火光阴	shí huǒ guāng yīn	32384	in-ing,uan-uang,ua-uo,s-sh,h-f	1
石火电光	shí huǒ diàn guāng	32385	ian-iang,uan-uang,ua-uo,s-sh,h-f	1
石火风灯	shí huǒ fēng dēng	32386	en-eng,ua-uo,s-sh,h-f	1
石火风烛	shí huǒ fēng zhú	32387	en-eng,ua-uo,z-zh,s-sh,h-f	1
石烂江枯	shí làn jiāng kū	32393	an-ang,ian-iang,s-sh,n-l,r-l,j-q-x	1
石烂海枯	shí làn hǎi kū	32394	an-ang,ai-ei,s-sh,n-l,h-f,r-l	1
石缄金匮	shí jiān jīn kuì	32411	in-ing,ian-iang,s-sh,j-q-x	3
石英玻璃	shí yīng bō lí	32418	in-ing,s-sh,n-l,r-l	1
石蕊试纸	shí ruǐ shì zhǐ	32423	z-zh,s-sh,r-l	1
石赤不夺	shí chì bù duó	32425	ua-uo,c-ch,s-sh	1
砌红堆绿	qì hóng duī lǜ	32455	n-l,h-f,r-l,j-q-x	1
砌词捏控	qì cí niē kòng	32456	ia-ie,c-ch,n-l,j-q-x	1
研京练都	yán jīng liàn dōu	32458	in-ing,an-ang,ian-iang,ao-ou,n-l,r-l,j-q-x	1
研机综微	yán jī zōng wēi	32464	an-ang,ai-ei,z-zh,j-q-x	1
研桑心计	yán sāng xīn jì	32466	in-ing,an-ang,s-sh,j-q-x	1
研精殚力	yán jīng dān lì	32474	in-ing,an-ang,n-l,r-l,j-q-x	3
研精殚思	yán jīng dān sī	32475	in-ing,an-ang,s-sh,j-q-x	3
研精毕智	yán jīng bì zhì	32476	in-ing,an-ang,z-zh,j-q-x	1
研精究微	yán jīng jiū wēi	32477	in-ing,an-ang,ai-ei,j-q-x	1
研精竭虑	yán jīng jié lǜ	32478	in-ing,an-ang,ia-ie,n-l,r-l,j-q-x	1
研精致思	yán jīng zhì sī	32479	in-ing,an-ang,z-zh,s-sh,j-q-x	1
研精苦思	yán jīng kǔ sī	32480	in-ing,an-ang,s-sh,j-q-x	1
研精覃思	yán jīng tán sī	32481	in-ing,an-ang,s-sh,j-q-x	3
研精钩深	yán jīng gōu shēn	32482	en-eng,in-ing,an-ang,ao-ou,s-sh,j-q-x	1
研精阐微	yán jīng chǎn wēi	32483	in-ing,an-ang,ai-ei,c-ch,j-q-x	1
研经铸史	yán jīng zhù shǐ	32484	in-ing,an-ang,z-zh,s-sh,j-q-x	1
砥厉名号	dǐ lì míng hào	32493	in-ing,ao-ou,n-l,h-f,r-l	3
砥志研思	dǐ zhì yán sī	32494	an-ang,z-zh,s-sh	3
砥柱中流	dǐ zhù zhōng liú	32495	z-zh,n-l,r-l	3
砥砺名号	dǐ lì míng hào	32497	in-ing,ao-ou,n-l,h-f,r-l	3
砥砺名节	dǐ lì míng jié	32498	in-ing,ia-ie,n-l,r-l,j-q-x	3
砥砺琢磨	dǐ lì zhuó mó	32499	ua-uo,z-zh,n-l,r-l	3
砥砺风节	dǐ lì fēng jié	32500	en-eng,ia-ie,n-l,h-f,r-l,j-q-x	3
砥节励行	dǐ jié lì xíng	32501	in-ing,ia-ie,n-l,r-l,j-q-x	3
砥节厉行	dǐ jié lì xíng	32502	in-ing,ia-ie,n-l,r-l,j-q-x	3
砥节奉公	dǐ jié fèng gōng	32503	en-eng,ia-ie,h-f,j-q-x	3
砥节砺行	dǐ jié lì xíng	32504	in-ing,ia-ie,n-l,r-l,j-q-x	3
砥行磨名	dǐ xíng mó míng	32505	in-ing,j-q-x	3
砥行立名	dǐ xíng lì míng	32506	in-ing,n-l,r-l,j-q-x	3
砥身砺行	dǐ shēn lì xíng	32507	en-eng,in-ing,s-sh,n-l,r-l,j-q-x	3
破军杀将	pò jūn shā jiāng	32512	ian-iang,s-sh,j-q-x	1
破国亡家	pò guó wáng jiā	32514	an-ang,ia-ie,ua-uo,j-q-x	1
破头烂额	pò tóu làn é	32516	an-ang,ao-ou,n-l,r-l	1
破奸发伏	pò jiān fā fú	32517	ian-iang,h-f,j-q-x	1
破家丧产	pò jiā sàng chǎn	32519	an-ang,ia-ie,c-ch,s-sh,j-q-x	1
破家为国	pò jiā wèi guó	32520	ai-ei,ia-ie,ua-uo,j-q-x	1
破家亡国	pò jiā wáng guó	32521	an-ang,ia-ie,ua-uo,j-q-x	1
破家县令	pò jiā xiàn lìng	32522	in-ing,ian-iang,ia-ie,n-l,r-l,j-q-x	1
破家竭产	pò jiā jié chǎn	32523	an-ang,ia-ie,c-ch,j-q-x	1
破家荡业	pò jiā dàng yè	32524	an-ang,ia-ie,j-q-x	1
破家荡产	pò jiā dàng chǎn	32525	an-ang,ia-ie,c-ch,j-q-x	1
破家败产	pò jiā bài chǎn	32526	an-ang,ai-ei,ia-ie,c-ch,j-q-x	1
破崖绝角	pò yá jué jiǎo	32527	j-q-x	1
破愁为笑	pò chóu wéi xiào	32528	ai-ei,ao-ou,c-ch,j-q-x	1
破桐之叶	pò tóng zhī yè	32530	z-zh	1
破浪乘风	pò làng chéng fēng	32531	en-eng,an-ang,c-ch,n-l,h-f,r-l	1
破烂不堪	pò làn bù kān	32533	an-ang,n-l,r-l	1
破瓦寒窑	pò wǎ hán yáo	32536	an-ang,ao-ou,h-f	1
破瓦颓垣	pò wǎ tuí yuán	32537	uan-uang	3
破甑不顾	pò zèng bù gù	32538	en-eng,z-zh	3
破矩为圆	pò jǔ wéi yuán	32540	uan-uang,ai-ei,j-q-x	1
破肝糜胃	pò gān mí wèi	32543	an-ang,ai-ei	3
破觚为圜	pò gū wéi yuán	32549	uan-uang,ai-ei	3
破釜沈舟	pò fǔ shěn zhōu	32552	en-eng,ao-ou,z-zh,s-sh,h-f	3
破镜分钗	pò jìng fēn chāi	32553	en-eng,in-ing,ai-ei,c-ch,h-f,j-q-x	3
破镜重合	pò jìng chóng hé	32554	in-ing,c-ch,h-f,j-q-x	1
破除迷信	pò chú mí xìn	32556	in-ing,c-ch,j-q-x	1
砺世摩钝	lì shì mó dùn	32557	s-sh,n-l,r-l	3
砺世磨钝	lì shì mó dùn	32558	s-sh,n-l,r-l	3
础泣而雨	chǔ qì ér yǔ	32561	c-ch,j-q-x	1
础润而雨	chǔ rùn ér yǔ	32562	c-ch,r-l	1
硕大无比	shuò dà wú bǐ	32565	ua-uo,s-sh	1
硕望宿德	shuò wàng xiǔ dé	32566	an-ang,ua-uo,s-sh,j-q-x	1
硝云弹雨	xiāo yún dàn yǔ	32569	an-ang,j-q-x	1
硬语盘空	yìng yǔ pán kōng	32580	in-ing,an-ang	1
确乎不拔	què hū bù bá	32584	h-f,j-q-x	1
确凿不移	què záo bù yí	32586	ao-ou,z-zh,j-q-x	1
确切不移	què qiè bù yí	32588	ia-ie,j-q-x	1
确固不拔	què gù bù bá	32589	j-q-x	1
确然不群	què rán bù qún	32591	an-ang,r-l,j-q-x	1
碌碌寡合	lù lù guǎ hé	32597	ua-uo,n-l,h-f,r-l	1
碌碌无为	lù lù wú wéi	32598	ai-ei,n-l,r-l	1
碌碌无奇	lù lù wú qí	32599	n-l,r-l,j-q-x	1
碌碌无能	lù lù wú néng	32600	en-eng,n-l,r-l	1
碌碌无闻	lù lù wú wén	32601	en-eng,n-l,r-l	1
碍口识羞	ài kǒu shí xiū	32603	ai-ei,ao-ou,s-sh,j-q-x	1
碍难从命	ài nán cóng mìng	32605	in-ing,an-ang,ai-ei,c-ch,n-l	1
碎尸万段	suì shī wàn duàn	32606	an-ang,uan-uang,s-sh	1
碎心裂胆	suì xīn liè dǎn	32607	in-ing,an-ang,ia-ie,s-sh,n-l,r-l,j-q-x	1
碎瓦颓垣	suì wǎ tuí yuán	32610	uan-uang,s-sh	3
碎身粉骨	suì shēn fěn gǔ	32613	en-eng,s-sh,h-f	1
碎身糜躯	suì shēn mí qū	32614	en-eng,s-sh,j-q-x	3
碎首糜躯	suì shǒu mí qū	32615	ao-ou,s-sh,j-q-x	3
碎骨粉尸	suì gǔ fěn shī	32616	en-eng,s-sh,h-f	1
碎骨粉身	suì gǔ fěn shēn	32617	en-eng,s-sh,h-f	1
碧空如洗	bì kōng rú xǐ	32633	r-l,j-q-x	1
碧落黄泉	bì luò huáng quán	32635	uan-uang,ua-uo,n-l,h-f,r-l,j-q-x	1
碧鬟红袖	bì huán hóng xiù	32638	uan-uang,h-f,j-q-x	3
磊浪不羁	lěi làng bù jī	32665	an-ang,ai-ei,n-l,r-l,j-q-x	3
磊瑰不羁	lěi guī bù jī	32666	ai-ei,n-l,r-l,j-q-x	3
磊磊落落	lěi lěi luò luò	32667	ai-ei,ua-uo,n-l,r-l	1
磊落不凡	lěi luò bù fán	32669	an-ang,ai-ei,ua-uo,n-l,h-f,r-l	1
磊落不羁	lěi luò bù jī	32670	ai-ei,ua-uo,n-l,r-l,j-q-x	3
磊落光明	lěi luò guāng míng	32671	in-ing,uan-uang,ai-ei,ua-uo,n-l,r-l	1
磊落豪横	lěi luò háo héng	32672	en-eng,ai-ei,ao-ou,ua-uo,n-l,h-f,r-l	1
磊落轶荡	lěi luò yì dàng	32673	an-ang,ai-ei,ua-uo,n-l,r-l	3
磊落飒爽	lěi luò sà shuǎng	32674	uan-uang,ai-ei,ua-uo,s-sh,n-l,r-l	3
磐石之固	pán shí zhī gù	32676	an-ang,z-zh,s-sh	3
磐石之安	pán shí zhī ān	32677	an-ang,z-zh,s-sh	3
磕头如捣	kē tóu rú dǎo	32679	ao-ou,r-l	1
磕头碰脑	kē tóu pèng nǎo	32681	en-eng,ao-ou,n-l	1
磕头礼拜	kē tóu lǐ bài	32682	ai-ei,ao-ou,n-l,r-l	1
磨刀擦枪	mó dāo cā qiāng	32689	ian-iang,ao-ou,c-ch,j-q-x	1
磨厉以须	mó lì yǐ xū	32692	n-l,r-l,j-q-x	1
磨形炼性	mó xíng liàn xìng	32699	in-ing,ian-iang,n-l,r-l,j-q-x	1
磨拳擦掌	mó quán cā zhǎng	32704	an-ang,uan-uang,z-zh,c-ch,j-q-x	1
磨杵作针	mó chǔ zuò zhēn	32708	en-eng,ua-uo,z-zh,c-ch	3
磨杵成针	mó chǔ chéng zhēn	32709	en-eng,z-zh,c-ch	3
磨牙凿齿	mó yá záo chǐ	32717	ao-ou,z-zh,c-ch	1
磨牙吮血	mó yá shǔn xuè	32718	s-sh,j-q-x	1
磨盘两圆	mò pán liǎng yuán	32720	an-ang,ian-iang,uan-uang,n-l,r-l	1
磨盾之暇	mó dùn zhī xiá	32721	ia-ie,z-zh,j-q-x	1
磨砖成镜	mó zhuān chéng jìng	32724	en-eng,in-ing,uan-uang,z-zh,c-ch,j-q-x	1
磨砥刻厉	mó dǐ kè lì	32725	n-l,r-l	3
磨砺以须	mó lì yǐ xū	32727	n-l,r-l,j-q-x	3
磨砻底厉	mó lóng dǐ lì	32728	n-l,r-l	3
磨砻浸灌	mó lóng jìn guàn	32729	in-ing,uan-uang,n-l,r-l,j-q-x	3
磨砻砥砺	mó lóng dǐ lì	32730	n-l,r-l	3
磨砻镌切	mó lóng juān qiē	32731	uan-uang,ia-ie,n-l,r-l,j-q-x	3
磨穿铁砚	mó chuān tiě yàn	32736	an-ang,uan-uang,ia-ie,c-ch	1
磨穿铁鞋	mó chuān tiě xié	32737	uan-uang,ia-ie,c-ch,j-q-x	1
磨踵灭顶	mó zhǒng miè dǐng	32744	in-ing,ia-ie,z-zh	3
磨铅策蹇	mó qiān cè jiǎn	32746	ian-iang,c-ch,j-q-x	3
磬石之固	qìng shí zhī gù	32749	in-ing,z-zh,s-sh,j-q-x	3
磬竹难书	qìng zhú nán shū	32750	in-ing,an-ang,z-zh,s-sh,n-l,j-q-x	3
磬笔难书	qìng bǐ nán shū	32751	in-ing,an-ang,s-sh,n-l,j-q-x	3
礼为情貌	lǐ wéi qíng mào	32755	in-ing,ai-ei,ao-ou,n-l,r-l,j-q-x	1
礼坏乐崩	lǐ huài yuè bēng	32760	en-eng,n-l,h-f,r-l	1
礼奢宁俭	lǐ shē níng jiǎn	32762	in-ing,ian-iang,s-sh,n-l,r-l,j-q-x	1
礼崩乐坏	lǐ bēng yuè huài	32763	en-eng,n-l,h-f,r-l	1
礼无不答	lǐ wú bù dá	32767	n-l,r-l	1
礼让为国	lǐ ràng wéi guó	32771	an-ang,ai-ei,ua-uo,n-l,r-l	1
社会意识	shè huì yì shí	32782	s-sh,h-f	1
社会贤达	shè huì xián dá	32788	ian-iang,s-sh,h-f,j-q-x	1
社燕秋鸿	shè yàn qiū hóng	32793	an-ang,s-sh,h-f,j-q-x	1
祖宗家法	zǔ zōng jiā fǎ	32804	ia-ie,z-zh,h-f,j-q-x	1
祖宗法度	zǔ zōng fǎ dù	32805	z-zh,h-f	1
祝不胜诅	zhù bù shèng zǔ	32816	en-eng,z-zh,s-sh	3
祝发文身	zhù fā wén shēn	32817	en-eng,z-zh,s-sh,h-f	1
祝发空门	zhù fā kōng mén	32818	en-eng,z-zh,h-f	1
祝咽祝哽	zhù yān zhù gěng	32819	en-eng,an-ang,z-zh	3
神不收舍	shén bù shōu shě	32822	en-eng,ao-ou,s-sh	1
神不附体	shén bù fù tǐ	32825	en-eng,s-sh,h-f	1
神丧胆落	shén sàng dǎn luò	32826	en-eng,an-ang,ua-uo,s-sh,n-l,r-l	1
神乎其技	shén hū qí jì	32827	en-eng,s-sh,h-f,j-q-x	1
神仙中人	shén xiān zhōng rén	32829	en-eng,ian-iang,z-zh,s-sh,r-l,j-q-x	1
神会心融	shén huì xīn róng	32832	en-eng,in-ing,s-sh,h-f,r-l,j-q-x	1
神使鬼差	shén shǐ guǐ chà	32835	en-eng,c-ch,s-sh	1
神兵天将	shén bīng tiān jiàng	32836	en-eng,in-ing,ian-iang,s-sh,j-q-x	1
神功圣化	shén gōng shèng huà	32838	en-eng,ua-uo,s-sh,h-f	1
神区鬼奥	shén qū guǐ ào	32840	en-eng,ao-ou,s-sh,j-q-x	1
神号鬼哭	shén háo guǐ kū	32841	en-eng,ao-ou,s-sh,h-f	1
神号鬼泣	shén hào guǐ qì	32842	en-eng,ao-ou,s-sh,h-f,j-q-x	1
神哗鬼叫	shén huá guǐ jiào	32843	en-eng,ua-uo,s-sh,h-f,j-q-x	1
神头鬼脸	shén tóu guǐ liǎn	32844	en-eng,ian-iang,ao-ou,s-sh,n-l,r-l	1
神头鬼面	shén tóu guǐ miàn	32845	en-eng,ian-iang,ao-ou,s-sh	1
神妙莫测	shén miào mò cè	32849	en-eng,c-ch,s-sh	1
神州赤县	shén zhōu chì xiàn	32850	en-eng,ian-iang,ao-ou,z-zh,c-ch,s-sh,j-q-x	1
神差鬼使	shén chāi guǐ shǐ	32851	en-eng,ai-ei,c-ch,s-sh	1
神差鬼遣	shén chà guǐ qiǎn	32852	en-eng,ian-iang,c-ch,s-sh,j-q-x	1
神志不清	shén zhì bù qīng	32853	en-eng,in-ing,z-zh,s-sh,j-q-x	1
神思恍惚	shén sī huǎng hū	32855	en-eng,uan-uang,s-sh,h-f	3
神怿气愉	shén yì qì yú	32856	en-eng,s-sh,j-q-x	3
神情不属	shén qíng bù shǔ	32857	en-eng,in-ing,s-sh,j-q-x	1
神情自若	shén qíng zì ruò	32858	en-eng,in-ing,ua-uo,z-zh,s-sh,r-l,j-q-x	1
神意自若	shén yì zì ruò	32859	en-eng,ua-uo,z-zh,s-sh,r-l	1
神术妙计	shén shù miào jì	32861	en-eng,s-sh,j-q-x	1
神机莫测	shén jī mò cè	32862	en-eng,c-ch,s-sh,j-q-x	1
神枢鬼藏	shén shū guǐ cáng	32863	en-eng,an-ang,c-ch,s-sh	1
神武挂冠	shén wǔ guà guàn	32865	en-eng,uan-uang,ua-uo,s-sh	1
神清骨秀	shén qīng gǔ xiù	32866	en-eng,in-ing,s-sh,j-q-x	1
神湛骨寒	shén zhàn gǔ hán	32867	en-eng,an-ang,z-zh,s-sh,h-f	3
神秘主义	shén mì zhǔ yì	32871	en-eng,z-zh,s-sh	1
神经中枢	shén jīng zhōng shū	32872	en-eng,in-ing,z-zh,s-sh,j-q-x	1
神经末梢	shén jīng mò shāo	32874	en-eng,in-ing,ao-ou,s-sh,j-q-x	1
神经系统	shén jīng xì tǒng	32875	en-eng,in-ing,s-sh,j-q-x	1
神经纤维	shén jīng xiān wéi	32876	en-eng,in-ing,ian-iang,ai-ei,s-sh,j-q-x	1
神色不动	shén sè bù dòng	32879	en-eng,s-sh	1
神色不惊	shén sè bù jīng	32880	en-eng,in-ing,s-sh,j-q-x	1
神色自若	shén sè zì ruò	32881	en-eng,ua-uo,z-zh,s-sh,r-l	1
神藏鬼伏	shén cáng guǐ fú	32882	en-eng,an-ang,c-ch,s-sh,h-f	1
神谟远算	shén mó yuǎn suàn	32883	en-eng,uan-uang,s-sh	3
神道设教	shén dào shè jiào	32885	en-eng,ao-ou,s-sh,j-q-x	1
神采奕然	shén cǎi yì rán	32888	en-eng,an-ang,ai-ei,c-ch,s-sh,r-l	3
神采焕发	shén cǎi huàn fā	32889	en-eng,uan-uang,ai-ei,c-ch,s-sh,h-f	1
神采英拔	shén cǎi yīng bá	32890	en-eng,in-ing,ai-ei,c-ch,s-sh	1
神采飞扬	shén cǎi fēi yáng	32891	en-eng,an-ang,ai-ei,c-ch,s-sh,h-f	1
神霄绛阙	shén xiāo jiàng què	32893	en-eng,ian-iang,s-sh,j-q-x	3
神领意得	shén lǐng yì dé	32894	en-eng,in-ing,s-sh,n-l,r-l	1
神鬼不测	shén guǐ bù cè	32895	en-eng,c-ch,s-sh	1
神鬼莫测	shén guǐ mò cè	32896	en-eng,c-ch,s-sh	1
神鬼难测	shén guǐ nán cè	32897	en-eng,an-ang,c-ch,s-sh,n-l	1
神魂不定	shén hún bú dìng	32898	en-eng,in-ing,s-sh,h-f	1
神龙见首	shén lóng jiàn shǒu	32901	en-eng,ian-iang,ao-ou,s-sh,n-l,r-l,j-q-x	1
祥风时雨	xiáng fēng shí yǔ	32904	en-eng,ian-iang,s-sh,h-f,j-q-x	1
祲威盛容	jìn wēi shèng róng	32908	en-eng,in-ing,ai-ei,s-sh,r-l,j-q-x	5
祸不旋踵	huò bù xuán zhǒng	32910	uan-uang,ua-uo,z-zh,h-f,j-q-x	3
祸中有福	huò zhōng yǒu fú	32911	ao-ou,ua-uo,z-zh,h-f	1
祸为福先	huò wéi fú xiān	32912	ian-iang,ai-ei,ua-uo,h-f,j-q-x	1
祸从口出	huò cóng kǒu chū	32913	ao-ou,ua-uo,c-ch,h-f	1
祸从口生	huò cóng kǒu shēng	32914	en-eng,ao-ou,ua-uo,c-ch,s-sh,h-f	1
祸盈恶稔	huò yíng è rěn	32916	en-eng,in-ing,ua-uo,h-f,r-l	3
祸福同门	huò fú tóng mén	32917	en-eng,ua-uo,h-f	1
祸福有命	huò fú yǒu mìng	32918	in-ing,ao-ou,ua-uo,h-f	1
祸福相依	huò fú xiāng yī	32919	ian-iang,ua-uo,h-f,j-q-x	1
祸福相倚	huò fú xiāng yǐ	32920	ian-iang,ua-uo,h-f,j-q-x	1
祸福相生	huò fú xiāng shēng	32921	en-eng,ian-iang,ua-uo,s-sh,h-f,j-q-x	1
祸稔恶积	huò rěn è jī	32922	en-eng,ua-uo,h-f,r-l,j-q-x	3
祸结兵连	huò jié bīng lián	32923	in-ing,ian-iang,ia-ie,ua-uo,n-l,h-f,r-l,j-q-x	1
祸迫眉睫	huò pò méi jié	32924	ai-ei,ia-ie,ua-uo,h-f,j-q-x	1
禀性难移	bǐng xìng nán yí	32926	in-ing,an-ang,n-l,j-q-x	1
禁中颇牧	jìn zhōng pō mù	32929	in-ing,z-zh,j-q-x	1
禁情割欲	jìn qíng gē yù	32947	in-ing,j-q-x	1
禁攻寝兵	jìn gōng qǐn bīng	32948	in-ing,j-q-x	1
禁暴正乱	jìn bào zhèng luàn	32950	en-eng,in-ing,uan-uang,ao-ou,z-zh,n-l,r-l,j-q-x	1
禁暴诛乱	jìn bào zhū luàn	32951	in-ing,uan-uang,ao-ou,z-zh,n-l,r-l,j-q-x	3
禁止令行	jìn zhǐ lìng xíng	32956	in-ing,z-zh,n-l,r-l,j-q-x	1
禁网疏阔	jìn wǎng shū kuò	32966	in-ing,an-ang,ua-uo,s-sh,j-q-x	1
禁舍开塞	jìn shě kāi sāi	32968	in-ing,ai-ei,s-sh,j-q-x	1
禁鼎一脔	jìn dǐng yī luán	32979	in-ing,uan-uang,n-l,r-l,j-q-x	3
禅世雕龙	chán shì diāo lóng	32980	an-ang,c-ch,s-sh,n-l,r-l	1
禅絮沾泥	chán xù zhān ní	32993	an-ang,z-zh,c-ch,n-l,j-q-x	1
福不盈眦	fú bù yíng zì	32997	in-ing,z-zh,h-f	3
福为祸先	fú wéi huò xiān	32998	ian-iang,ai-ei,ua-uo,h-f,j-q-x	1
福为祸始	fú wéi huò shǐ	32999	ai-ei,ua-uo,s-sh,h-f	1
福地洞天	fú dì dòng tiān	33003	ian-iang,h-f	1
福孙荫子	fú sūn yìn zǐ	33004	in-ing,z-zh,s-sh,h-f	1
福寿康宁	fú shòu kāng níng	33005	in-ing,an-ang,ao-ou,s-sh,n-l,h-f	1
福寿无疆	fú shòu wú jiāng	33006	ian-iang,ao-ou,s-sh,h-f,j-q-x	1
福寿齐天	fú shòu qí tiān	33007	ian-iang,ao-ou,s-sh,h-f,j-q-x	1
福衢寿车	fú qú shòu chē	33011	ao-ou,c-ch,s-sh,h-f,j-q-x	3
福过灾生	fú guò zāi shēng	33012	en-eng,ai-ei,ua-uo,z-zh,s-sh,h-f	1
禹行舜趋	yǔ xíng shùn qū	33013	in-ing,s-sh,j-q-x	3
离世遁上	lí shì dùn shàng	33015	an-ang,s-sh,n-l,r-l	3
离乡别井	lí xiāng bié jǐng	33016	in-ing,ian-iang,ia-ie,n-l,r-l,j-q-x	1
离乡别土	lí xiāng bié tǔ	33017	ian-iang,ia-ie,n-l,r-l,j-q-x	1
离乡背土	lí xiāng bèi tǔ	33019	ian-iang,ai-ei,n-l,r-l,j-q-x	1
离合悲欢	lí hé bēi huān	33025	uan-uang,ai-ei,n-l,h-f,r-l	1
离奇古怪	lí qí gǔ guài	33027	n-l,r-l,j-q-x	1
离山调虎	lí shān diào hǔ	33029	an-ang,s-sh,n-l,h-f,r-l	1
离情别绪	lí qíng bié xù	33033	in-ing,ia-ie,n-l,r-l,j-q-x	1
离本徼末	lí běn yāo mò	33035	en-eng,ao-ou,n-l,r-l	3
离本趣末	lí běn qū mò	33036	en-eng,n-l,r-l,j-q-x	1
离析分崩	lí xī fēn bēng	33037	en-eng,n-l,h-f,r-l,j-q-x	1
离析涣奔	lí xī huàn bēn	33038	en-eng,uan-uang,n-l,h-f,r-l,j-q-x	1
离题万里	lí tí wàn lǐ	33042	an-ang,n-l,r-l	1
离魂倩女	lí hún qiàn nǚ	33044	ian-iang,n-l,h-f,r-l,j-q-x	3
离鸾别凤	lí luán bié fèng	33045	en-eng,uan-uang,ia-ie,n-l,h-f,r-l	3
离鸾别鹄	lí luán bié hú	33046	uan-uang,ia-ie,n-l,h-f,r-l	3
离鸾别鹤	lí luán bié hè	33047	uan-uang,ia-ie,n-l,h-f,r-l	3
禽困覆车	qín kùn fù chē	33048	in-ing,c-ch,h-f,j-q-x	1
秀出班行	xiù chū bān háng	33051	an-ang,c-ch,h-f,j-q-x	1
秀而不实	xiù ér bù shí	33054	s-sh,j-q-x	1
私淑弟子	sī shū dì zǐ	33067	z-zh,s-sh	1
私相授受	sī xiāng shòu shòu	33068	ian-iang,ao-ou,s-sh,j-q-x	1
秉公任直	bǐng gōng rèn zhí	33078	en-eng,in-ing,z-zh,r-l	1
秉正无私	bǐng zhèng wú sī	33081	en-eng,in-ing,z-zh,s-sh	1
秉烛待旦	bǐng zhú dài dàn	33082	in-ing,an-ang,ai-ei,z-zh	1
秉节持重	bǐng jié chí zhòng	33083	in-ing,ia-ie,z-zh,c-ch,j-q-x	1
秉要执本	bǐng yào zhí běn	33084	en-eng,in-ing,ao-ou,z-zh	1
秉钧当轴	bǐng jūn dāng zhóu	33085	in-ing,an-ang,ao-ou,z-zh,j-q-x	1
秉钧持轴	bǐng jūn chí zhóu	33086	in-ing,ao-ou,z-zh,c-ch,j-q-x	1
秋实春华	qiū shí chūn huā	33091	ua-uo,c-ch,s-sh,h-f,j-q-x	1
秋扇见捐	qiū shàn jiàn juān	33092	an-ang,ian-iang,uan-uang,s-sh,j-q-x	1
秋收冬藏	qiū shōu dōng cáng	33093	an-ang,ao-ou,c-ch,s-sh,j-q-x	1
秋月春风	qiū yuè chūn fēng	33095	en-eng,c-ch,h-f,j-q-x	1
秋毫不犯	qiū háo bù fàn	33096	an-ang,ao-ou,h-f,j-q-x	1
秋毫见捐	qiū háo jiàn juān	33097	ian-iang,uan-uang,ao-ou,h-f,j-q-x	1
秋色平分	qiū sè píng fēn	33099	en-eng,in-ing,s-sh,h-f,j-q-x	1
秋行夏令	qiū xíng xià líng	33102	in-ing,ia-ie,n-l,r-l,j-q-x	1
秋风团扇	qiū fēng tuán shàn	33105	en-eng,an-ang,uan-uang,s-sh,h-f,j-q-x	1
秋风扫叶	qiū fēng sǎo yè	33106	en-eng,ao-ou,s-sh,h-f,j-q-x	1
秋风纨扇	qiū fēng wán shàn	33108	en-eng,an-ang,s-sh,h-f,j-q-x	3
秋风落叶	qiū fēng luò yè	33109	en-eng,ua-uo,n-l,h-f,r-l,j-q-x	1
秋风过耳	qiū fēng guò ěr	33110	en-eng,ua-uo,h-f,j-q-x	1
秋高气和	qiū gāo qì hé	33111	ao-ou,h-f,j-q-x	1
种瓜得瓜	zhòng guā dé guā	33128	ua-uo,z-zh	1
种豆得豆	zhòng dòu dé dòu	33145	ao-ou,z-zh	1
科头箕踞	kē tóu jī jù	33150	ao-ou,j-q-x	3
科头跣足	kē tóu xiǎn zú	33151	ian-iang,ao-ou,z-zh,j-q-x	3
秕言谬说	bǐ yán miù shuō	33163	an-ang,ua-uo,s-sh	3
秘而不言	mì ér bù yán	33174	an-ang	1
秘而不露	mì ér bù lù	33175	n-l,r-l	1
秤不离砣	chèng bù lí tuó	33186	en-eng,ua-uo,c-ch,n-l,r-l	3
秤平斗满	chèng píng dǒu mǎn	33187	en-eng,in-ing,an-ang,ao-ou,c-ch	1
秤锤落井	chèng chuí luò jǐng	33190	en-eng,in-ing,ua-uo,c-ch,n-l,r-l,j-q-x	1
秦失其鹿	qín shī qí lù	33191	in-ing,s-sh,n-l,r-l,j-q-x	1
积不相能	jī bù xiāng néng	33196	en-eng,ian-iang,n-l,j-q-x	1
积习难改	jī xí nán gǎi	33197	an-ang,ai-ei,n-l,j-q-x	1
积习难除	jī xí nán chú	33198	an-ang,c-ch,n-l,j-q-x	1
积以为常	jī yǐ wéi cháng	33199	an-ang,ai-ei,c-ch,j-q-x	1
积功兴业	jī gōng xīng yè	33201	in-ing,j-q-x	1
积小成大	jī xiǎo chéng dà	33203	en-eng,c-ch,j-q-x	1
积岁累月	jī suì lěi yuè	33205	ai-ei,s-sh,n-l,r-l,j-q-x	1
积年累岁	jī nián lěi suì	33206	ian-iang,ai-ei,s-sh,n-l,r-l,j-q-x	1
积微成著	jī wēi chéng zhù	33208	en-eng,ai-ei,z-zh,c-ch,j-q-x	1
积德累仁	jī dé lěi rén	33209	en-eng,ai-ei,n-l,r-l,j-q-x	1
积德累功	jī dé lěi gōng	33210	ai-ei,n-l,r-l,j-q-x	1
积德累善	jī dé lěi shàn	33211	an-ang,ai-ei,s-sh,n-l,r-l,j-q-x	1
积思广益	jī sī guǎng yì	33212	uan-uang,s-sh,j-q-x	1
积恶余殃	jī è yú yāng	33213	an-ang,j-q-x	1
积日累久	jī rì lěi jiǔ	33216	ai-ei,n-l,r-l,j-q-x	1
积日累岁	jī rì lěi suì	33217	ai-ei,s-sh,n-l,r-l,j-q-x	1
积日累月	jī rì lěi yuè	33218	ai-ei,n-l,r-l,j-q-x	1
积时累日	jī shí lěi rì	33219	ai-ei,s-sh,n-l,r-l,j-q-x	1
积毁销骨	jī huǐ xiāo gǔ	33221	h-f,j-q-x	1
积沙成塔	jī shā chéng tǎ	33222	en-eng,c-ch,s-sh,j-q-x	1
积沙成滩	jī shā chéng tān	33223	en-eng,an-ang,c-ch,s-sh,j-q-x	1
积甲山齐	jī jiǎ shān qí	33224	an-ang,ia-ie,s-sh,j-q-x	1
积素累旧	jī sù lěi jiù	33225	ai-ei,s-sh,n-l,r-l,j-q-x	1
积草屯粮	jī cǎo tún liáng	33227	ian-iang,ao-ou,c-ch,n-l,r-l,j-q-x	1
积薪候燎	jī xīn hòu liáo	33229	in-ing,ao-ou,n-l,h-f,r-l,j-q-x	3
积谗磨骨	jī chán mó gǔ	33230	an-ang,c-ch,j-q-x	3
积谗糜骨	jī chán méi gǔ	33231	an-ang,ai-ei,c-ch,j-q-x	3
积重不反	jī zhòng bù fǎn	33233	an-ang,z-zh,h-f,j-q-x	1
积重不返	jī zhòng bù fǎn	33234	an-ang,z-zh,h-f,j-q-x	1
积重难反	jī zhòng nán fǎn	33235	an-ang,z-zh,n-l,h-f,j-q-x	1
积金累玉	jī jīn lèi yù	33237	in-ing,ai-ei,n-l,r-l,j-q-x	1
积铢累寸	jī zhū lěi cùn	33238	ai-ei,z-zh,c-ch,n-l,r-l,j-q-x	3
积雪囊萤	jī xuě náng yíng	33241	in-ing,an-ang,n-l,j-q-x	1
积露为波	jī lù wéi bō	33242	ai-ei,n-l,r-l,j-q-x	1
称体裁衣	chèn tǐ cái yī	33245	en-eng,ai-ei,c-ch	1
称体载衣	chèn tǐ zài yī	33246	en-eng,ai-ei,z-zh,c-ch	1
称功颂德	chēng gōng sòng dé	33251	en-eng,c-ch,s-sh	1
称奇道绝	chēng qí dào jué	33256	en-eng,ao-ou,c-ch,j-q-x	1
称家有无	chèn jiā yǒu wú	33258	en-eng,ao-ou,ia-ie,c-ch,j-q-x	1
称德度功	chēng dé duó gōng	33262	en-eng,ua-uo,c-ch	1
称心快意	chèn xīn kuài yì	33265	en-eng,in-ing,c-ch,j-q-x	1
称心满意	chèn xīn mǎn yì	33266	en-eng,in-ing,an-ang,c-ch,j-q-x	1
称柴而爨	chēng chái ér cuàn	33272	en-eng,uan-uang,ai-ei,c-ch	3
称王称霸	chēng wáng chēng bà	33274	en-eng,an-ang,c-ch	1
称臣纳贡	chēng chén nà gòng	33280	en-eng,c-ch,n-l	1
称薪而爨	chēng xīn ér cuàn	33281	en-eng,in-ing,uan-uang,c-ch,j-q-x	3
称贤荐能	chēng xián jiàn néng	33287	en-eng,ian-iang,c-ch,n-l,j-q-x	1
称赏不已	chēng shǎng bù yǐ	33291	en-eng,an-ang,c-ch,s-sh	1
称雨道晴	chēng yǔ dào qíng	33299	en-eng,in-ing,ao-ou,c-ch,j-q-x	1
移孝为忠	yí xiào wéi zhōng	33304	ai-ei,z-zh,j-q-x	1
移山填海	yí shān tián hǎi	33306	an-ang,ian-iang,ai-ei,s-sh,h-f	1
移日卜夜	yí rì bǔ yè	33307	r-l	1
移星换斗	yí xīng huàn dǒu	33308	in-ing,uan-uang,ao-ou,h-f,j-q-x	1
移有足无	yí yǒu zú wú	33309	ao-ou,z-zh	1
移根换叶	yí gēn huàn yè	33310	en-eng,uan-uang,h-f	1
移根接叶	yí gēn jiē yè	33311	en-eng,ia-ie,j-q-x	1
移樽就教	yí zūn jiù jiào	33312	z-zh,j-q-x	3
移气养体	yí qì yǎng tǐ	33313	an-ang,j-q-x	1
移的就箭	yí dì jiù jiàn	33314	ian-iang,j-q-x	1
移风崇教	yí fēng chóng jiào	33316	en-eng,c-ch,h-f,j-q-x	1
移风平俗	yí fēng píng sú	33317	en-eng,in-ing,s-sh,h-f	1
移风振俗	yí fēng zhèn sú	33318	en-eng,z-zh,s-sh,h-f	1
移风改俗	yí fēng gǎi sú	33319	en-eng,ai-ei,s-sh,h-f	1
移风易尚	yí fēng yì shàng	33321	en-eng,an-ang,s-sh,h-f	1
移风革俗	yí fēng gé sú	33322	en-eng,s-sh,h-f	1
秽德垢行	huì dé gòu xíng	33323	in-ing,ao-ou,h-f,j-q-x	1
秽言污语	huì yán wū yǔ	33324	an-ang,h-f	1
稀有元素	xī yǒu yuán sù	33330	uan-uang,ao-ou,s-sh,j-q-x	1
稀稀落落	xī xī luò luò	33335	ua-uo,n-l,r-l,j-q-x	1
稂莠不齐	láng yǒu bù qí	33341	an-ang,ao-ou,n-l,r-l,j-q-x	3
稍胜一筹	shāo shèng yī chóu	33351	en-eng,ao-ou,c-ch,s-sh	1
稍逊一筹	shāo xùn yī chóu	33354	ao-ou,c-ch,s-sh,j-q-x	1
稔恶不悛	rěn è bù quān	33366	en-eng,uan-uang,r-l,j-q-x	3
稔恶盈贯	rěn è yíng guàn	33367	en-eng,in-ing,uan-uang,r-l	3
稔恶藏奸	rěn è cáng jiān	33368	en-eng,an-ang,ian-iang,c-ch,r-l,j-q-x	3
稗官小说	bài guān xiǎo shuō	33372	uan-uang,ai-ei,ua-uo,s-sh,j-q-x	3
稠人广众	chóu rén guǎng zhòng	33374	en-eng,uan-uang,ao-ou,z-zh,c-ch,r-l	1
稠人广坐	chóu rén guǎng zuò	33375	en-eng,uan-uang,ao-ou,ua-uo,z-zh,c-ch,r-l	1
稠人广座	chóu rén guǎng zuò	33376	en-eng,uan-uang,ao-ou,ua-uo,z-zh,c-ch,r-l	1
稳操左券	wěn cāo zuǒ quàn	33383	en-eng,uan-uang,ao-ou,ua-uo,z-zh,c-ch,j-q-x	1
稳稳当当	wěn wěn dāng dāng	33385	en-eng,an-ang	1
稼穑艰难	jià sè jiān nán	33390	an-ang,ian-iang,ia-ie,s-sh,n-l,j-q-x	3
稽古振今	jī gǔ zhèn jīn	33391	en-eng,in-ing,z-zh,j-q-x	1
稽古揆今	jī gǔ kuí jīn	33392	in-ing,j-q-x	3
稽疑送难	jī yí sòng nán	33399	an-ang,s-sh,n-l,j-q-x	1
穆如清风	mù rú qīng fēng	33405	en-eng,in-ing,h-f,r-l,j-q-x	1
穰穰满家	ráng ráng mǎn jiā	33406	an-ang,ia-ie,r-l,j-q-x	3
穷不失义	qióng bù shī yì	33411	s-sh,j-q-x	1
穷且益坚	qióng qiě yì jiān	33412	ian-iang,ia-ie,j-q-x	1
穷原竟委	qióng yuán jìng wěi	33415	in-ing,uan-uang,ai-ei,j-q-x	1
穷困潦倒	qióng kùn liáo dǎo	33416	ao-ou,n-l,r-l,j-q-x	3
穷大失居	qióng dà shī jū	33417	s-sh,j-q-x	1
穷天极地	qióng tiān jí dì	33418	ian-iang,j-q-x	1
穷家富路	qióng jiā fù lù	33419	ia-ie,n-l,h-f,r-l,j-q-x	1
穷寇勿追	qióng kòu wù zhuī	33420	ao-ou,z-zh,j-q-x	1
穷巷陋室	qióng xiàng lòu shì	33423	ian-iang,ao-ou,s-sh,n-l,r-l,j-q-x	1
穷年累世	qióng nián lěi shì	33424	ian-iang,ai-ei,s-sh,n-l,r-l,j-q-x	1
穷当益坚	qióng dāng yì jiān	33426	an-ang,ian-iang,j-q-x	1
穷形尽相	qióng xíng jìn xiàng	33427	in-ing,ian-iang,j-q-x	1
穷愁潦倒	qióng chóu liáo dǎo	33428	ao-ou,c-ch,n-l,r-l,j-q-x	3
穷极思变	qióng jí sī biàn	33430	ian-iang,s-sh,j-q-x	1
穷极要妙	qióng jí yào miào	33431	ao-ou,j-q-x	1
穷根究底	qióng gēn jiū dǐ	33432	en-eng,j-q-x	1
穷源竟委	qióng yuán jìng wěi	33433	in-ing,uan-uang,ai-ei,j-q-x	1
穷猿奔林	qióng yuán bēn lín	33434	en-eng,in-ing,uan-uang,n-l,r-l,j-q-x	1
穷理尽性	qióng lǐ jìn xìng	33435	in-ing,n-l,r-l,j-q-x	1
穷途潦倒	qióng tú liáo dǎo	33437	ao-ou,n-l,r-l,j-q-x	3
空室清野	kōng shì qīng yě	33468	in-ing,s-sh,j-q-x	1
空心吃药	kōng xīn chī yào	33475	in-ing,ao-ou,c-ch,j-q-x	1
空心汤圆	kōng xīn tāng yuán	33476	in-ing,an-ang,uan-uang,j-q-x	1
空气污染	kōng qì wū rǎn	33500	an-ang,r-l,j-q-x	1
空空导弹	kōng kōng dǎo dàn	33517	an-ang,ao-ou	1
空空洞洞	kōng kōng dòng dòng	33518		1
空腹便便	kōng fù pián pián	33525	ian-iang,h-f	1
空腹高心	kōng fù gāo xīn	33526	in-ing,ao-ou,h-f,j-q-x	1
空袭惊报	kōng xí jīng bào	33533	in-ing,ao-ou,j-q-x	1
空话连篇	kōng huà lián piān	33537	ian-iang,ua-uo,n-l,h-f,r-l	1
空谈快意	kōng tán kuài yì	33541	an-ang	1
空谷传声	kōng gǔ chuán shēng	33543	en-eng,uan-uang,c-ch,s-sh	1
空谷幽兰	kōng gǔ yōu lán	33544	an-ang,ao-ou,n-l,r-l	1
空谷白驹	kōng gǔ bái jū	33545	ai-ei,j-q-x	1
空费词说	kōng fèi cí shuō	33547	ai-ei,ua-uo,c-ch,s-sh,h-f	1
穿云裂石	chuān yún liè shí	33566	uan-uang,ia-ie,c-ch,s-sh,n-l,r-l	1
穿井得人	chuān jǐng dé rén	33567	en-eng,in-ing,uan-uang,c-ch,r-l,j-q-x	1
穿着打扮	chuān zhuó dǎ bàn	33574	an-ang,uan-uang,ua-uo,z-zh,c-ch	1
穿红着绿	chuān hóng zhuó lǜ	33575	uan-uang,ua-uo,z-zh,c-ch,n-l,h-f,r-l	1
窃据要津	qiè jù yào jīn	33587	in-ing,ao-ou,ia-ie,j-q-x	1
窈窕淑女	yǎo tiǎo shū nǚ	33591	ao-ou,s-sh,n-l	3
窒碍难行	zhì ài nán xíng	33593	in-ing,an-ang,ai-ei,z-zh,n-l,j-q-x	1
窗间过马	chuāng jiān guò mǎ	33602	ian-iang,uan-uang,ua-uo,c-ch,j-q-x	1
窥见一斑	kuī jiàn yī bān	33619	an-ang,ian-iang,j-q-x	1
窥间伺隙	kuī jiàn sì xì	33620	ian-iang,s-sh,j-q-x	1
立体几何	lì tǐ jǐ hé	33626	n-l,h-f,r-l,j-q-x	1
立地书厨	lì dì shū chú	33632	c-ch,s-sh,n-l,r-l	1
立地书橱	lì dì shū chú	33633	c-ch,s-sh,n-l,r-l	1
立地成佛	lì dì chéng fó	33634	en-eng,c-ch,n-l,h-f,r-l	1
立木南门	lì mù nán mén	33639	en-eng,an-ang,n-l,r-l	1
立谈之间	lì tán zhī jiān	33647	an-ang,ian-iang,z-zh,n-l,r-l,j-q-x	1
立身行己	lì shēn xíng jǐ	33650	en-eng,in-ing,s-sh,n-l,r-l,j-q-x	1
立马万言	lì mǎ wàn yán	33653	an-ang,n-l,r-l	1
竞短争长	jìng duǎn zhēng cháng	33667	en-eng,in-ing,an-ang,uan-uang,z-zh,c-ch,j-q-x	1
章句之徒	zhāng jù zhī tú	33671	an-ang,z-zh,j-q-x	1
章句小儒	zhāng jù xiǎo rú	33672	an-ang,z-zh,r-l,j-q-x	1
章台杨柳	zhāng tái yáng liǔ	33673	an-ang,ai-ei,z-zh,n-l,r-l	1
童山濯濯	tóng shān zhuó zhuó	33677	an-ang,ua-uo,z-zh,s-sh	3
童牛角马	tóng niú jiǎo mǎ	33678	n-l,j-q-x	1
童男童女	tóng nán tóng nǚ	33679	an-ang,n-l	1
童颜鹤发	tóng yán hè fà	33684	an-ang,h-f	1
竭尽全力	jié jìn quán lì	33686	in-ing,uan-uang,ia-ie,n-l,r-l,j-q-x	1
竭尽心力	jié jìn xīn lì	33687	in-ing,ia-ie,n-l,r-l,j-q-x	1
竭忠尽智	jié zhōng jìn zhì	33688	in-ing,ia-ie,z-zh,j-q-x	1
竭智尽力	jié zhì jìn lì	33689	in-ing,ia-ie,z-zh,n-l,r-l,j-q-x	1
竭智尽忠	jié zhì jìn zhōng	33690	in-ing,ia-ie,z-zh,j-q-x	1
竭泽焚薮	jié zé fén sǒu	33691	en-eng,ao-ou,ia-ie,z-zh,s-sh,h-f,j-q-x	3
竭诚尽节	jié chéng jìn jié	33693	en-eng,in-ing,ia-ie,c-ch,j-q-x	1
竭诚相待	jié chéng xiāng dài	33694	en-eng,ian-iang,ai-ei,ia-ie,c-ch,j-q-x	1
端人正士	duān rén zhèng shì	33696	en-eng,uan-uang,z-zh,s-sh,r-l	1
端倪可察	duān ní kě chá	33697	uan-uang,c-ch,n-l	3
端本正源	duān běn zhèng yuán	33699	en-eng,uan-uang,z-zh	1
端本澄源	duān běn chéng yuán	33700	en-eng,uan-uang,c-ch	1
竹头木屑	zhú tóu mù xiè	33711	ao-ou,ia-ie,z-zh,j-q-x	1
竹柏异心	zhú bǎi yì xīn	33717	in-ing,ai-ei,z-zh,j-q-x	1
竹篮打水	zhú lán dá shuǐ	33724	an-ang,z-zh,s-sh,n-l,r-l	1
竿头一步	gān tóu yī bù	33728	an-ang,ao-ou	1
竿头日上	gān tóu rì shàng	33729	an-ang,ao-ou,s-sh,r-l	1
竿头日进	gān tóu rì jìn	33730	in-ing,an-ang,ao-ou,r-l,j-q-x	1
竿头直上	gān tóu zhí shàng	33731	an-ang,ao-ou,z-zh,s-sh	1
笃信好学	dǔ xìn hào xué	33733	in-ing,ao-ou,h-f,j-q-x	3
笃学不倦	dǔ xué bù juàn	33734	uan-uang,j-q-x	3
笃学好古	dǔ xué hào gǔ	33735	ao-ou,h-f,j-q-x	3
笃实好学	dǔ shí hào xué	33736	ao-ou,s-sh,h-f,j-q-x	3
笃志好学	dǔ zhì hǎo xué	33737	ao-ou,z-zh,h-f,j-q-x	3
笃而论之	dǔ ér lùn zhī	33738	z-zh,n-l,r-l	3
笃论高言	dǔ lùn gāo yán	33740	an-ang,ao-ou,n-l,r-l	3
笃近举远	dǔ jìn jǔ yuǎn	33741	in-ing,uan-uang,j-q-x	3
笑不可仰	xiào bù kě yǎng	33745	an-ang,j-q-x	1
笑傲风月	xiào ào fēng yuè	33746	en-eng,ao-ou,h-f,j-q-x	1
笑而不答	xiào ér bù dá	33755	j-q-x	1
笑面夜叉	xiào miàn yè chā	33758	ian-iang,c-ch,j-q-x	1
笔冢研穿	bǐ zhǒng yán chuān	33762	an-ang,uan-uang,z-zh,c-ch	3
笔削褒贬	bǐ xuē bāo biǎn	33765	ian-iang,ao-ou,j-q-x	1
笔墨横姿	bǐ mò héng zī	33766	en-eng,z-zh,h-f	1
笔大如椽	bǐ dà rú chuán	33767	uan-uang,c-ch,r-l	3
笔头生花	bǐ tóu shēng huā	33769	en-eng,ao-ou,ua-uo,s-sh,h-f	1
笔底春风	bǐ dǐ chūn fēng	33771	en-eng,c-ch,h-f	1
笔底生花	bǐ dǐ shēng huā	33772	en-eng,ua-uo,s-sh,h-f	1
笔底超生	bǐ dǐ chāo shēng	33773	en-eng,ao-ou,c-ch,s-sh	1
笔底龙蛇	bǐ dǐ lóng shé	33774	s-sh,n-l,r-l	1
笔扫千军	bǐ sǎo qiān jūn	33775	ian-iang,ao-ou,s-sh,j-q-x	1
笔管条直	bǐ guǎn tiáo zhí	33780	uan-uang,z-zh	1
笙磬同音	shēng qìng tóng yīn	33783	en-eng,in-ing,s-sh,j-q-x	3
第五纵队	dì wǔ zòng duì	33796	z-zh	1
笼中之鸟	lóng zhōng zhī niǎo	33798	z-zh,n-l,r-l	1
笼络人心	lǒng luò rén xīn	33801	en-eng,in-ing,ua-uo,n-l,r-l,j-q-x	1
笼鸟槛猿	lóng niǎo jiàn yuán	33804	ian-iang,uan-uang,n-l,r-l,j-q-x	1
笼鸟池鱼	lóng niǎo chí yú	33805	c-ch,n-l,r-l	1
等价交换	děng jià jiāo huàn	33809	en-eng,uan-uang,ia-ie,h-f,j-q-x	1
等价连城	děng jià lián chéng	33811	en-eng,ian-iang,ia-ie,c-ch,n-l,r-l,j-q-x	1
等差数列	děng chā shù liè	33818	en-eng,ia-ie,c-ch,s-sh,n-l,r-l	1
等差级数	děng chà jí shù	33819	en-eng,c-ch,s-sh,j-q-x	1
等比数列	děng bǐ shù liè	33821	en-eng,ia-ie,s-sh,n-l,r-l	1
等比级数	děng bǐ jí shù	33822	en-eng,s-sh,j-q-x	1
等礼相亢	děng lǐ xiāng kàng	33823	en-eng,an-ang,ian-iang,n-l,r-l,j-q-x	1
等离子体	děng lí zǐ tǐ	33824	en-eng,z-zh,n-l,r-l	1
等而上之	děng ér shàng zhī	33826	en-eng,an-ang,z-zh,s-sh	1
筐箧中物	kuāng qiè zhōng wù	33839	uan-uang,ia-ie,z-zh,j-q-x	3
筑坛拜将	zhù tán bài jiàng	33840	an-ang,ian-iang,ai-ei,z-zh,j-q-x	1
筑室反耕	zhù shì fǎn gēng	33841	en-eng,an-ang,z-zh,s-sh,h-f	1
筑室道谋	zhù shì dào móu	33842	ao-ou,z-zh,s-sh	1
筑舍道傍	zhù shè dào bàng	33844	an-ang,ao-ou,z-zh,s-sh	1
策名委质	cè míng wěi zhì	33871	in-ing,ai-ei,z-zh,c-ch	1
策顽磨钝	cè wán mó dùn	33875	an-ang,c-ch	1
筛锣擂鼓	shāi luó léi gǔ	33880	ai-ei,ua-uo,s-sh,n-l,r-l	1
简丝数米	jiǎn sī shǔ mǐ	33889	ian-iang,s-sh,j-q-x	1
简切了当	jiǎn qiè liǎo dàng	33895	an-ang,ian-iang,ia-ie,n-l,r-l,j-q-x	1
简化汉字	jiǎn huà hàn zì	33898	an-ang,ian-iang,ua-uo,z-zh,h-f,j-q-x	1
简截了当	jiǎn jié liǎo dàng	33904	an-ang,ian-iang,ia-ie,n-l,r-l,j-q-x	1
简捷了当	jiǎn jié liǎo dàng	33906	an-ang,ian-iang,ia-ie,n-l,r-l,j-q-x	1
简明扼要	jiǎn míng è yào	33908	in-ing,ian-iang,ao-ou,j-q-x	1
简约详核	jiǎn yuē xiáng hé	33913	ian-iang,h-f,j-q-x	1
简能而任	jiǎn néng ér rèn	33915	en-eng,ian-iang,n-l,r-l,j-q-x	1
简落狐狸	jiǎn luò hú lí	33916	ian-iang,ua-uo,n-l,h-f,r-l,j-q-x	1
简要不烦	jiǎn yào bù fán	33918	an-ang,ian-iang,ao-ou,h-f,j-q-x	1
简要清通	jiǎn yào qīng tōng	33919	in-ing,ian-iang,ao-ou,j-q-x	1
简贤任能	jiǎn xián rèn néng	33921	en-eng,ian-iang,n-l,r-l,j-q-x	1
箕山之节	jī shān zhī jié	33923	an-ang,ia-ie,z-zh,s-sh,j-q-x	1
箕山之风	jī shān zhī fēng	33924	en-eng,an-ang,z-zh,s-sh,h-f,j-q-x	1
箕裘相继	jī qiú xiāng jì	33926	ian-iang,j-q-x	3
箕风毕雨	jī fēng bì yǔ	33927	en-eng,h-f,j-q-x	1
管中窥天	guǎn zhōng kuī tiān	33933	ian-iang,uan-uang,z-zh	1
管宁割席	guǎn níng gē xí	33940	in-ing,uan-uang,n-l,j-q-x	1
管窥蠡测	guǎn kuī lí cè	33947	uan-uang,c-ch,n-l,r-l	3
管见所及	guǎn jiàn suǒ jí	33949	ian-iang,uan-uang,ua-uo,s-sh,j-q-x	1
管鲍分金	guǎn bào fēn jīn	33951	en-eng,in-ing,uan-uang,ao-ou,h-f,j-q-x	1
箪瓢屡空	dān piáo lǚ kōng	33953	an-ang,n-l,r-l	3
箪豆见色	dān dòu jiàn sè	33954	an-ang,ian-iang,ao-ou,s-sh,j-q-x	3
箪食壶酒	dān sì hú jiǔ	33956	an-ang,s-sh,h-f,j-q-x	3
箪食瓢饮	dān sì piáo yǐn	33957	in-ing,an-ang,s-sh	3
箭不虚发	jiàn bù xū fā	33958	ian-iang,h-f,j-q-x	1
箸长碗短	zhù cháng wǎn duǎn	33968	an-ang,uan-uang,z-zh,c-ch	3
簟纹如水	diàn wén rú shuǐ	33981	en-eng,ian-iang,s-sh,r-l	3
簠簋不饬	fǔ guǐ bù chì	33982	c-ch,h-f	7
簸土扬沙	bǒ tǔ yáng shā	33985	an-ang,s-sh	1
类聚群分	lèi jù qún fēn	34004	en-eng,ai-ei,n-l,h-f,r-l,j-q-x	1
粉妆玉琢	fěn zhuāng yù zhuó	34011	en-eng,uan-uang,ua-uo,z-zh,h-f	1
粉妆玉砌	fěn zhuāng yù qì	34012	en-eng,uan-uang,z-zh,h-f,j-q-x	1
粉白黛绿	fěn bái dài lǜ	34017	en-eng,ai-ei,n-l,h-f,r-l	3
粉装玉琢	fěn zhuāng yù zhuó	34020	en-eng,uan-uang,ua-uo,z-zh,h-f	1
粉身灰骨	fěn shēn huī gǔ	34021	en-eng,s-sh,h-f	1
粉面朱唇	fěn miàn zhū chún	34024	en-eng,ian-iang,z-zh,c-ch,h-f	1
粉面油头	fěn miàn yóu tóu	34025	en-eng,ian-iang,ao-ou,h-f	1
粉骨捐躯	fěn gǔ juān qū	34026	en-eng,uan-uang,h-f,j-q-x	1
粉骨碎身	fěn gǔ suì shēn	34027	en-eng,s-sh,h-f	1
粉骨糜身	fěn gǔ mí shēn	34028	en-eng,s-sh,h-f	3
粉骨糜躯	fěn gǔ mí qū	34029	en-eng,h-f,j-q-x	3
粗服乱头	cū fú luàn tóu	34037	uan-uang,ao-ou,c-ch,n-l,h-f,r-l	1
粗衣恶食	cū yī è shí	34043	c-ch,s-sh	1
粗衣粝食	cū yī lì shí	34044	c-ch,s-sh,n-l,r-l	3
粗袍粝食	cū páo lì shí	34045	ao-ou,c-ch,s-sh,n-l,r-l	3
粗风暴雨	cū fēng bào yǔ	34046	en-eng,ao-ou,c-ch,h-f	1
粘皮带骨	zhān pí dài gǔ	34053	an-ang,ai-ei,z-zh	1
粜风卖雨	tiào fēng mài yǔ	34058	en-eng,ai-ei,h-f	3
粝食粗衣	lì shí cū yī	34059	c-ch,s-sh,n-l,r-l	3
粟红贯朽	sù hóng guàn xiǔ	34061	uan-uang,s-sh,h-f,j-q-x	1
粥少僧多	zhōu shǎo sēng duō	34062	en-eng,ao-ou,ua-uo,z-zh,s-sh	1
粥粥无能	zhōu zhōu wú néng	34063	en-eng,ao-ou,z-zh,n-l	1
粪土不如	fèn tú bù rú	34065	en-eng,h-f,r-l	1
粮多草广	liáng duō cǎo guǎng	34069	ian-iang,uan-uang,ao-ou,ua-uo,c-ch,n-l,r-l	1
粮尽援绝	liáng jìn yuán jué	34070	in-ing,ian-iang,uan-uang,n-l,r-l,j-q-x	1
粮食作物	liáng shí zuò wù	34076	ian-iang,ua-uo,z-zh,s-sh,n-l,r-l	1
粲然可观	càn rán kě guān	34077	an-ang,uan-uang,c-ch,r-l	3
粲花之论	càn huā zhī lùn	34078	an-ang,ua-uo,z-zh,c-ch,n-l,h-f,r-l	3
精强力壮	jīng qiáng lì zhuàng	34088	in-ing,ian-iang,uan-uang,z-zh,n-l,r-l,j-q-x	1
精明能干	jīng míng néng gàn	34092	en-eng,in-ing,an-ang,n-l,j-q-x	1
精神不振	jīng shén bú zhèn	34096	en-eng,in-ing,z-zh,s-sh,j-q-x	1
精神焕发	jīng shén huàn fā	34100	en-eng,in-ing,uan-uang,s-sh,h-f,j-q-x	1
精神衰弱	jīng shén shuāi ruò	34101	en-eng,in-ing,ua-uo,s-sh,r-l,j-q-x	1
精诚团结	jīng chéng tuán jié	34107	en-eng,in-ing,uan-uang,ia-ie,c-ch,j-q-x	1
精采秀发	jīng cǎi xiù fā	34111	in-ing,ai-ei,c-ch,h-f,j-q-x	1
糊口度日	hú kǒu dù rì	34116	ao-ou,h-f,r-l	1
糊糊涂涂	hū hū tú tú	34124	h-f	1
糜躯碎首	mí qū suì shǒu	34144	ao-ou,s-sh,j-q-x	3
糟糠之妻	zāo kāng zhī qī	34145	an-ang,ao-ou,z-zh,j-q-x	1
糠豆不赡	kāng dòu bù shàn	34147	an-ang,ao-ou,s-sh	1
系风捕影	xì fēng bǔ yǐng	34169	en-eng,in-ing,h-f,j-q-x	1
系风捕景	xì fēng bǔ jǐng	34170	en-eng,in-ing,h-f,j-q-x	1
系马埋轮	xì mǎ mái lún	34171	ai-ei,n-l,r-l,j-q-x	1
素不相能	sù bù xiāng néng	34172	en-eng,ian-iang,s-sh,n-l,j-q-x	1
素丝羔羊	sù sī gāo yáng	34174	an-ang,ao-ou,s-sh	1
素车白马	sù chē bái mǎ	34180	ai-ei,c-ch,s-sh	1
素隐行怪	sù yǐn xíng guài	34181	in-ing,s-sh,j-q-x	1
索隐行怪	suǒ yǐn xíng guài	34188	in-ing,ua-uo,s-sh,j-q-x	1
紧打慢敲	jǐn dǎ màn qiāo	34190	in-ing,an-ang,j-q-x	1
紧要关头	jǐn yào guān tóu	34196	in-ing,uan-uang,ao-ou,j-q-x	1
紧跟不舍	jǐn gēn bú shè	34197	en-eng,in-ing,s-sh,j-q-x	1
紧追不舍	jǐn zhuī bù shě	34199	in-ing,z-zh,s-sh,j-q-x	1
累世不仕	lěi shì bú shì	34208	ai-ei,s-sh,n-l,r-l	3
累卵之危	lěi luǎn zhī wēi	34214	uan-uang,ai-ei,z-zh,n-l,r-l	1
累及无辜	lěi jí wú gū	34216	ai-ei,n-l,r-l,j-q-x	1
累土聚沙	lěi tǔ jù shā	34217	ai-ei,s-sh,n-l,r-l,j-q-x	1
累土至山	lěi tǔ zhì shān	34218	an-ang,ai-ei,z-zh,s-sh,n-l,r-l	1
累块积苏	lěi kuài jī sū	34219	ai-ei,s-sh,n-l,r-l,j-q-x	1
累屋重架	lěi wū chóng jià	34221	ai-ei,ia-ie,c-ch,n-l,r-l,j-q-x	1
累建奇功	lěi jiàn qí gōng	34222	ian-iang,ai-ei,n-l,r-l,j-q-x	1
累教不改	lěi jiào bù gǎi	34224	ai-ei,n-l,r-l,j-q-x	1
累月经年	lěi yuè jīng nián	34225	in-ing,ian-iang,ai-ei,n-l,r-l,j-q-x	1
累牍连篇	lěi dú lián piān	34230	ian-iang,ai-ei,n-l,r-l	3
累瓦结绳	lěi wǎ jié shéng	34231	en-eng,ai-ei,ia-ie,s-sh,n-l,r-l,j-q-x	1
累累作案	lěi lěi zuò àn	34235	an-ang,ai-ei,ua-uo,z-zh,n-l,r-l	1
累累失误	lěi lěi shī wù	34236	ai-ei,s-sh,n-l,r-l	1
累累如珠	lěi lěi rú zhū	34237	ai-ei,z-zh,n-l,r-l	1
累苏积块	lěi sū jī kuài	34238	ai-ei,s-sh,n-l,r-l,j-q-x	1
累足成步	lěi zú chéng bù	34241	en-eng,ai-ei,z-zh,c-ch,n-l,r-l	1
絮絮叨叨	xù xù dāo dāo	34244	ao-ou,j-q-x	1
綦溪利跂	qí xī lì qí	34246	n-l,r-l,j-q-x	7
繁刑重赋	fán xíng zhòng fù	34252	in-ing,an-ang,z-zh,h-f,j-q-x	1
繁华损枝	fán huá sǔn zhī	34254	an-ang,ua-uo,z-zh,s-sh,h-f	1
繁弦急管	fán xián jí guǎn	34259	an-ang,ian-iang,uan-uang,h-f,j-q-x	1
繁征博引	fán zhēng bó yǐn	34260	en-eng,in-ing,an-ang,z-zh,h-f	1
繁文末节	fán wén mò jié	34263	en-eng,an-ang,ia-ie,h-f,j-q-x	1
繁文缛礼	fán wén rù lǐ	34264	en-eng,an-ang,n-l,h-f,r-l	3
繁枝细节	fán zhī xì jié	34269	an-ang,ia-ie,z-zh,h-f,j-q-x	1
繁荣兴旺	fán róng xīng wàng	34282	in-ing,an-ang,h-f,r-l,j-q-x	1
繁荣富强	fán róng fù qiáng	34283	an-ang,ian-iang,h-f,r-l,j-q-x	1
纠合之众	jiū hé zhī zhòng	34290	z-zh,h-f,j-q-x	1
纠缠不清	jiū chán bù qīng	34294	in-ing,an-ang,c-ch,j-q-x	1
纡尊降贵	yū zūn jiàng guì	34297	ian-iang,z-zh,j-q-x	3
纡朱怀金	yū zhū huái jīn	34298	in-ing,z-zh,h-f,j-q-x	3
纡朱拖紫	yū zhū tuō zǐ	34299	ua-uo,z-zh	3
纡朱曳紫	yū zhū yè zǐ	34300	z-zh	3
红不棱登	hóng bù lēng dēng	34301	en-eng,n-l,h-f,r-l	1
红光满面	hóng guāng mǎn miàn	34305	an-ang,ian-iang,uan-uang,h-f	1
红口白牙	hóng kǒu bái yá	34313	ai-ei,ao-ou,h-f	1
红叶题诗	hóng yè tí shī	34315	s-sh,h-f	1
红得发紫	hóng de fā zǐ	34334	z-zh,h-f	1
红情绿意	hóng qíng lǜ yì	34336	in-ing,n-l,h-f,r-l,j-q-x	1
红愁绿惨	hóng chóu lǜ cǎn	34337	an-ang,ao-ou,c-ch,n-l,h-f,r-l	1
红新月会	hóng xīn yuè huì	34341	in-ing,h-f,j-q-x	1
红旗报捷	hóng qí bào jié	34344	ao-ou,ia-ie,h-f,j-q-x	1
红日三竿	hóng rì sān gān	34346	an-ang,s-sh,h-f,r-l	1
红粉青楼	hóng fěn qīng lóu	34392	en-eng,in-ing,ao-ou,n-l,h-f,r-l,j-q-x	1
红紫乱朱	hóng zǐ luàn zhū	34394	uan-uang,z-zh,n-l,h-f,r-l	1
红绳系足	hóng shéng jì zú	34399	en-eng,z-zh,s-sh,h-f,j-q-x	1
红腐贯朽	hóng fǔ guàn xiǔ	34404	uan-uang,h-f,j-q-x	1
红衰翠减	hóng shuāi cuì jiǎn	34422	ian-iang,c-ch,s-sh,h-f,j-q-x	1
红豆相思	hóng dòu xiāng sī	34426	ian-iang,ao-ou,s-sh,h-f,j-q-x	1
红飞翠舞	hóng fēi cuì wǔ	34438	ai-ei,c-ch,h-f	1
纤介之失	xiān jiè zhī shī	34441	ian-iang,ia-ie,z-zh,s-sh,j-q-x	1
纤尘不染	xiān chén bù rǎn	34445	en-eng,an-ang,ian-iang,c-ch,r-l,j-q-x	1
纤悉无遗	xiān xī wú yí	34451	ian-iang,j-q-x	1
纤芥之疾	xiān jiè zhī jí	34466	ian-iang,ia-ie,z-zh,j-q-x	1
纪纲人论	jì gāng rén lún	34522	en-eng,an-ang,n-l,r-l,j-q-x	1
纪群之交	jì qún zhī jiāo	34523	z-zh,j-q-x	1
纯一不杂	chún yī bù zá	34527	z-zh,c-ch	1
纯属骗局	chún shǔ piàn jú	34530	ian-iang,c-ch,s-sh,j-q-x	1
纯正无邪	chún zhèng wú xié	34535	en-eng,ia-ie,z-zh,c-ch,j-q-x	1
纲提领挈	gāng tí lǐng qiè	34544	in-ing,an-ang,ia-ie,n-l,r-l,j-q-x	3
纲目不疏	gāng mù bù shū	34545	an-ang,s-sh	1
纲纪废弛	gāng jì fèi chí	34547	an-ang,ai-ei,c-ch,h-f,j-q-x	1
纳垢藏污	nà gòu cáng wū	34550	an-ang,ao-ou,c-ch,n-l	1
纳新吐故	nà xīn tǔ gù	34551	in-ing,n-l,j-q-x	1
纳贡称臣	nà gòng chēng chén	34552	en-eng,c-ch,n-l	1
纵曲枉直	zòng qǔ wǎng zhí	34566	an-ang,z-zh,j-q-x	1
纵横交贯	zòng héng jiāo guàn	34568	en-eng,uan-uang,z-zh,h-f,j-q-x	1
纵横天下	zòng héng tiān xià	34570	en-eng,ian-iang,ia-ie,z-zh,h-f,j-q-x	1
纵横开合	zòng héng kāi hé	34572	en-eng,ai-ei,z-zh,h-f	1
纵横开阖	zòng héng kāi hé	34573	en-eng,ai-ei,z-zh,h-f	3
纵虎出柙	zòng hǔ chū xiá	34584	ia-ie,z-zh,c-ch,h-f,j-q-x	3
纵风止燎	zòng fēng zhǐ liáo	34594	en-eng,z-zh,n-l,h-f,r-l	3
纶巾羽扇	guān jīn yǔ shàn	34597	in-ing,an-ang,uan-uang,s-sh,j-q-x	3
纶音佛语	lún yīn fó yǔ	34598	in-ing,n-l,h-f,r-l	3
纷红骇绿	fēn hóng hài lǜ	34600	en-eng,ai-ei,n-l,h-f,r-l	1
纷纭杂沓	fēn yún zá tà	34601	en-eng,z-zh,h-f	3
纷纷不一	fēn fēn bù yī	34602	en-eng,h-f	1
纸短情长	zhǐ duǎn qíng cháng	34610	in-ing,an-ang,uan-uang,z-zh,c-ch,j-q-x	1
纸落云烟	zhǐ luò yún yān	34612	an-ang,ua-uo,z-zh,n-l,r-l	1
纺织工业	fǎng zhī gōng yè	34626	an-ang,z-zh,h-f	1
组织得当	zǔ zhī dé dàng	34663	an-ang,z-zh	1
组织路线	zǔ zhī lù xiàn	34668	ian-iang,z-zh,n-l,r-l,j-q-x	1
细大不捐	xì dà bù juān	34674	uan-uang,j-q-x	1
细大不逾	xì dà bù yú	34675	j-q-x	1
细微末节	xì wēi mò jié	34677	ai-ei,ia-ie,j-q-x	1
细菌炸弹	xì jùn zhà dàn	34690	an-ang,z-zh,j-q-x	1
织当访婢	zhī dāng fǎng bì	34704	an-ang,z-zh,h-f	3
织楚成门	zhī chǔ chéng mén	34708	en-eng,z-zh,c-ch	1
织白守黑	zhī bái shǒu hēi	34710	ai-ei,ao-ou,z-zh,s-sh,h-f	1
终其天年	zhōng qí tiān nián	34718	ian-iang,z-zh,n-l,j-q-x	1
终南捷径	zhōng nán jié jìng	34719	in-ing,an-ang,ia-ie,z-zh,n-l,j-q-x	1
终始不渝	zhōng shǐ bù yú	34721	z-zh,s-sh	1
终始若一	zhōng shǐ ruò yī	34722	ua-uo,z-zh,s-sh,r-l	1
终成泡影	zhōng chéng pào yǐng	34724	en-eng,in-ing,ao-ou,z-zh,c-ch	1
终身教育	zhōng shēn jiào yù	34728	en-eng,z-zh,s-sh,j-q-x	1
经久不衰	jīng jiǔ bù shuāi	34736	in-ing,s-sh,j-q-x	1
经国大业	jīng guó dà yè	34739	in-ing,ua-uo,j-q-x	1
经天纬地	jīng tiān wěi dì	34740	in-ing,ian-iang,ai-ei,j-q-x	1
经明行修	jīng míng xíng xiū	34745	in-ing,j-q-x	1
经济之才	jīng jì zhī cái	34748	in-ing,ai-ei,z-zh,c-ch,j-q-x	1
经济合同	jīng jì hé tóng	34749	in-ing,h-f,j-q-x	1
经济效益	jīng jì xiào yì	34753	in-ing,j-q-x	1
经济犯罪	jīng jì fàn zuì	34758	in-ing,an-ang,z-zh,h-f,j-q-x	1
经济规律	jīng jì guī lǜ	34759	in-ing,n-l,r-l,j-q-x	1
经纬万端	jīng wěi wàn duān	34762	in-ing,an-ang,uan-uang,ai-ei,j-q-x	1
经纶济世	jīng lún jì shì	34765	in-ing,s-sh,n-l,r-l,j-q-x	3
经纶满腹	jīng lún mǎn fù	34766	in-ing,an-ang,n-l,h-f,r-l,j-q-x	3
经邦论道	jīng bāng lùn dào	34772	in-ing,an-ang,ao-ou,n-l,r-l,j-q-x	1
结不解缘	jié bù jiě yuán	34776	uan-uang,ia-ie,j-q-x	1
结婚证书	jié hūn zhèng shū	34795	en-eng,ia-ie,z-zh,s-sh,h-f,j-q-x	1
结核杆菌	jié hé gǎn jūn	34817	an-ang,ia-ie,h-f,j-q-x	1
结绳而治	jié shéng ér zhì	34831	en-eng,ia-ie,z-zh,s-sh,j-q-x	1
结舌杜口	jié shé dù kǒu	34839	ao-ou,ia-ie,s-sh,j-q-x	1
结草衔环	jié cǎo xián huán	34841	ian-iang,uan-uang,ao-ou,ia-ie,c-ch,h-f,j-q-x	1
结驷连骑	jié sì lián qí	34848	ian-iang,ia-ie,s-sh,n-l,r-l,j-q-x	3
给水工程	jǐ shuǐ gōng chéng	34864	en-eng,c-ch,s-sh,j-q-x	1
绝其本根	jué qí běn gēn	34883	en-eng,j-q-x	1
绝口不道	jué kǒu bù dào	34884	ao-ou,j-q-x	1
绝妙好辞	jué miào hǎo cí	34887	ao-ou,c-ch,h-f,j-q-x	1
绝子绝孙	jué zǐ jué sūn	34888	z-zh,s-sh,j-q-x	1
绝少分甘	jué shǎo fēn gān	34891	en-eng,an-ang,ao-ou,s-sh,h-f,j-q-x	1
绝甘分少	jué gān fēn shǎo	34895	en-eng,an-ang,ao-ou,s-sh,h-f,j-q-x	1
绝长继短	jué cháng jì duǎn	34901	an-ang,uan-uang,c-ch,j-q-x	1
绝长续短	jué cháng xù duǎn	34902	an-ang,uan-uang,c-ch,j-q-x	1
绝长补短	jué cháng bǔ duǎn	34903	an-ang,uan-uang,c-ch,j-q-x	1
继晷焚膏	jì guǐ fén gāo	34930	en-eng,ao-ou,h-f,j-q-x	3
绨袍之义	tì páo zhī yì	34933	ao-ou,z-zh	3
绰有余裕	chuò yǒu yú yù	34939	ao-ou,ua-uo,c-ch	1
绰约多姿	chuò yuē duō zī	34941	ua-uo,z-zh,c-ch	1
绰绰有裕	chuò chuò yǒu yù	34944	ao-ou,ua-uo,c-ch	1
绳其祖武	shéng qí zǔ wǔ	34945	en-eng,z-zh,s-sh,j-q-x	1
绳床瓦灶	shéng chuáng wǎ zào	34947	en-eng,uan-uang,ao-ou,z-zh,c-ch,s-sh	1
绳愆纠缪	shéng qiān jiū miù	34948	en-eng,ian-iang,s-sh,j-q-x	3
绳趋尺步	shéng qū chǐ bù	34949	en-eng,c-ch,s-sh,j-q-x	1
维妙维肖	wéi miào wéi xiào	34950	ai-ei,j-q-x	1
绵力薄材	mián lì bó cái	34951	ian-iang,ai-ei,c-ch,n-l,r-l	1
绵延不断	mián yán bù duàn	34952	an-ang,ian-iang,uan-uang	1
绵绵不断	mián mián bù duàn	34953	ian-iang,uan-uang	1
绵绵不绝	mián mián bù jué	34954	ian-iang,j-q-x	1
绵言细语	mián yán xì yǔ	34955	an-ang,ian-iang,j-q-x	1
绵里薄材	mián lǐ bó cái	34956	ian-iang,ai-ei,c-ch,n-l,r-l	1
绷巴吊拷	bēng bā diào kǎo	34960	en-eng,ao-ou	1
绷扒吊拷	bēng bā diào kǎo	34962	en-eng,ao-ou	1
绷爬吊拷	bēng pá diào kǎo	34963	en-eng,ao-ou	1
绸缪帷幄	chóu móu wéi wò	34967	ai-ei,ao-ou,c-ch	3
绸缪束薪	chóu móu shù xīn	34968	in-ing,ao-ou,c-ch,s-sh,j-q-x	3
综核名实	zōng hé míng shí	34972	in-ing,z-zh,s-sh,h-f	1
绿叶成荫	lǜ yè chéng yīn	34976	en-eng,in-ing,c-ch,n-l,r-l	1
绿叶成阴	lǜ yè chéng yīn	34977	en-eng,in-ing,c-ch,n-l,r-l	1
绿女红男	lǜ nǚ hóng nán	34978	an-ang,n-l,h-f,r-l	1
绿惨红愁	lǜ cǎn hóng chóu	34980	an-ang,ao-ou,c-ch,n-l,h-f,r-l	1
绿惨红销	lǜ cǎn hóng xiāo	34981	an-ang,c-ch,n-l,h-f,r-l,j-q-x	1
绿暗红稀	lǜ àn hóng xī	34982	an-ang,n-l,h-f,r-l,j-q-x	1
绿林大盗	lǜ lín dà dào	34984	in-ing,ao-ou,n-l,r-l	1
绿林好汉	lù lín hǎo hàn	34985	in-ing,an-ang,ao-ou,n-l,h-f,r-l	1
绿林强盗	lù lín qiáng dào	34986	in-ing,ian-iang,ao-ou,n-l,r-l,j-q-x	1
绿林豪士	lù lín háo shì	34987	in-ing,ao-ou,s-sh,n-l,h-f,r-l	1
绿林豪客	lù lín háo kè	34988	in-ing,ao-ou,n-l,h-f,r-l	1
绿林豪杰	lù lín háo jié	34989	in-ing,ao-ou,ia-ie,n-l,h-f,r-l,j-q-x	1
绿水青山	lǜ shuǐ qīng shān	34990	in-ing,an-ang,s-sh,n-l,r-l,j-q-x	1
绿肥红瘦	lǜ féi hóng shòu	34991	ai-ei,ao-ou,s-sh,n-l,h-f,r-l	1
绿草如茵	lǜ cǎo rú yīn	34993	in-ing,ao-ou,c-ch,n-l,r-l	1
绿蓑青笠	lǜ suō qīng lì	34994	in-ing,ua-uo,s-sh,n-l,r-l,j-q-x	3
绿衣使者	lǜ yī shǐ zhě	34995	z-zh,s-sh,n-l,r-l	1
绿衣黄里	lǜ yī huáng lǐ	34996	uan-uang,n-l,h-f,r-l	1
绿酒红灯	lǜ jiǔ hóng dēng	34998	en-eng,n-l,h-f,r-l,j-q-x	1
绿鬓朱颜	lǜ bìn zhū yán	35000	in-ing,an-ang,z-zh,n-l,r-l	1
绿鬓红颜	lǜ bìn hóng yán	35001	in-ing,an-ang,n-l,h-f,r-l	1
缄口不言	jiān kǒu bù yán	35002	an-ang,ian-iang,ao-ou,j-q-x	3
缄口结舌	jiān kǒu jié shé	35003	ian-iang,ao-ou,ia-ie,s-sh,j-q-x	3
缊褐瓢箪	yùn hè piáo dān	35012	an-ang,h-f	7
缓不济急	huǎn bù jì jí	35014	uan-uang,h-f,j-q-x	1
缓急相济	huǎn jí xiāng jì	35018	ian-iang,uan-uang,h-f,j-q-x	1
缓急轻重	huǎn jí qīng zhòng	35019	in-ing,uan-uang,z-zh,h-f,j-q-x	1
缓步代车	huǎn bù dài chē	35021	uan-uang,ai-ei,c-ch,h-f	1
缘情体物	yuán qíng tǐ wù	35045	in-ing,uan-uang,j-q-x	1
缝缝连连	féng féng lián lián	35060	en-eng,ian-iang,n-l,h-f,r-l	1
缝衣浅带	féng yī qiǎn dài	35062	en-eng,ian-iang,ai-ei,h-f,j-q-x	1
缝补衣服	féng bǔ yī fú	35064	en-eng,h-f	1
缠夹不清	chán jiā bù qīng	35068	in-ing,an-ang,ia-ie,c-ch,j-q-x	1
缠绵蕴藉	chán mián yùn jiè	35071	an-ang,ian-iang,ia-ie,c-ch,j-q-x	1
缩地补天	suō dì bǔ tiān	35080	ian-iang,ua-uo,s-sh	1
缩头缩颈	suō tóu suō jǐng	35083	in-ing,ao-ou,ua-uo,s-sh,j-q-x	1
缩成一团	suō chéng yī tuán	35088	en-eng,uan-uang,ua-uo,c-ch,s-sh	1
缩衣啬食	suō yī sè shí	35103	ua-uo,s-sh	3
缩衣节口	suō yī jié kǒu	35104	ao-ou,ia-ie,ua-uo,s-sh,j-q-x	1
缩衣节食	suō yī jié shí	35105	ia-ie,ua-uo,s-sh,j-q-x	1
缪种流传	miù zhǒng liú chuán	35108	uan-uang,z-zh,c-ch,n-l,r-l	3
缺吃少穿	quē chī shǎo chuān	35122	uan-uang,ao-ou,c-ch,s-sh,j-q-x	1
缺心少肺	quē xīn shǎo fèi	35125	in-ing,ai-ei,ao-ou,s-sh,h-f,j-q-x	1
缺衣少食	quē yī shǎo shí	35127	ao-ou,s-sh,j-q-x	1
缺食无衣	quē shí wú yī	35129	s-sh,j-q-x	1
罔知所措	wǎng zhī suǒ cuò	35144	an-ang,ua-uo,z-zh,c-ch,s-sh	3
罕言寡语	hǎn yán guǎ yǔ	35147	an-ang,ua-uo,h-f	1
罗圈儿揖	luó quān ér yī	35151	uan-uang,ua-uo,n-l,r-l,j-q-x	3
罗掘一空	luó jué yī kōng	35155	ua-uo,n-l,r-l,j-q-x	1
罗敷有夫	luó fū yǒu fū	35156	ao-ou,ua-uo,n-l,h-f,r-l	1
罗织构陷	luó zhī gòu xiàn	35160	ian-iang,ao-ou,ua-uo,z-zh,n-l,r-l,j-q-x	1
罗织罪名	luó zhī zuì míng	35161	in-ing,ua-uo,z-zh,n-l,r-l	1
罗雀掘鼠	luó què jué shǔ	35162	ua-uo,s-sh,n-l,r-l,j-q-x	1
罚不当罪	fá bù dāng zuì	35164	an-ang,z-zh,h-f	1
罚不责众	fá bù zé zhòng	35165	z-zh,h-f	1
罢黜百家	bà chù bǎi jiā	35171	ai-ei,ia-ie,c-ch,j-q-x	3
罪不可逭	zuì bù kě huàn	35172	uan-uang,z-zh,h-f	5
罪不胜诛	zuì bù shèng zhū	35174	en-eng,z-zh,s-sh	3
罪业深重	zuì yè shēn zhòng	35175	en-eng,z-zh,s-sh	1
罪人不孥	zuì rén bù nú	35176	en-eng,z-zh,n-l,r-l	3
罪孽深重	zuì niè shēn zhòng	35178	en-eng,ia-ie,z-zh,s-sh,n-l	1
罪应万死	zuì yīng wàn sǐ	35179	in-ing,an-ang,z-zh,s-sh	1
罪当万死	zuì dāng wàn sǐ	35180	an-ang,z-zh,s-sh	1
罪恶昭彰	zuì è zhāo zhāng	35182	an-ang,ao-ou,z-zh	1
罪恶昭著	zuì è zhāo zhù	35183	ao-ou,z-zh	1
罪恶滔天	zuì è tāo tiān	35184	ian-iang,ao-ou,z-zh	1
罪恶贯盈	zuì è guàn yíng	35185	in-ing,uan-uang,z-zh	1
罪有攸归	zuì yǒu yōu guī	35187	ao-ou,z-zh	3
罪行累累	zuì xíng lěi lèi	35189	in-ing,ai-ei,z-zh,n-l,r-l,j-q-x	1
罪责难逃	zuì zé nán táo	35191	an-ang,ao-ou,z-zh,n-l	1
罪逆深重	zuì nì shēn zhòng	35193	en-eng,z-zh,s-sh,n-l	1
置之不顾	zhì zhī bù gù	35195	z-zh	1
置之死地	zhì zhī sǐ dì	35197	z-zh,s-sh	1
置锥之地	zhì zhuī zhī dì	35204	z-zh	1
羊入虎群	yáng rù hǔ qún	35207	an-ang,h-f,r-l,j-q-x	1
羊狠狼贪	yáng hěn láng tān	35220	en-eng,an-ang,n-l,h-f,r-l	1
羊续悬鱼	yáng xù xuán yú	35226	an-ang,uan-uang,j-q-x	1
羊羔美酒	yáng gāo měi jiǔ	35228	an-ang,ai-ei,ao-ou,j-q-x	1
羊肠九曲	yáng cháng jiǔ qǔ	35233	an-ang,c-ch,j-q-x	1
羊肠鸟道	yáng cháng niǎo dào	35236	an-ang,ao-ou,c-ch,n-l	1
羊落虎口	yáng luò hǔ kǒu	35239	an-ang,ao-ou,ua-uo,n-l,h-f,r-l	1
羊触藩篱	yáng chù fān lí	35242	an-ang,c-ch,n-l,h-f,r-l	3
羊质虎皮	yáng zhì hǔ pí	35243	an-ang,z-zh,h-f	1
美女簪花	měi nǚ zān huā	35252	an-ang,ai-ei,ua-uo,z-zh,n-l,h-f	3
美如冠玉	měi rú guān yù	35254	uan-uang,ai-ei,r-l	1
美景良辰	měi jǐng liáng chén	35258	en-eng,in-ing,ian-iang,ai-ei,c-ch,n-l,r-l,j-q-x	1
美言不信	měi yán bù xìn	35268	in-ing,an-ang,ai-ei,j-q-x	1
羚羊挂角	líng yáng guà jiǎo	35273	in-ing,an-ang,ua-uo,n-l,r-l,j-q-x	1
羝羊触藩	dī yáng chù fān	35275	an-ang,c-ch,h-f	7
羞与为伍	xiū yǔ wéi wǔ	35276	ai-ei,j-q-x	1
羞与哙伍	xiū yǔ kuài wǔ	35277	j-q-x	3
羞羞答答	xiū xiū dā dā	35282	j-q-x	1
羞面见人	xiū miàn jiàn rén	35284	en-eng,ian-iang,r-l,j-q-x	1
群居穴处	qún jū xué chǔ	35289	c-ch,j-q-x	1
群空冀北	qún kōng jì běi	35293	ai-ei,j-q-x	1
群而不党	qún ér bù dǎng	35294	an-ang,j-q-x	1
群蚁溃堤	qún yǐ kuì dī	35296	j-q-x	1
群蚁附膻	qún yǐ fù shān	35297	an-ang,s-sh,h-f,j-q-x	3
群轻折轴	qún qīng zhé zhóu	35299	in-ing,ao-ou,z-zh,j-q-x	1
群雌粥粥	qún cí yù yù	35300	c-ch,j-q-x	1
群鸿戏海	qún hóng xì hǎi	35302	ai-ei,h-f,j-q-x	1
羲皇上人	xī huáng shàng rén	35304	en-eng,an-ang,uan-uang,s-sh,h-f,r-l,j-q-x	3
羿射九日	yì shè jiǔ rì	35313	s-sh,r-l,j-q-x	3
翘足引领	qiáo zú yǐn lǐng	35325	in-ing,z-zh,n-l,r-l,j-q-x	1
翘足而待	qiáo zú ér dài	35326	ai-ei,z-zh,j-q-x	1
翘首企足	qiáo shǒu qǐ zú	35329	ao-ou,z-zh,s-sh,j-q-x	1
翘首引领	qiáo shǒu yǐn lǐng	35330	in-ing,ao-ou,s-sh,n-l,r-l,j-q-x	1
翠消红减	cuì xiāo hóng jiǎn	35332	ian-iang,c-ch,h-f,j-q-x	1
翩翩少年	piān piān shào nián	35334	ian-iang,ao-ou,s-sh,n-l	1
翩翩年少	piān piān nián shǎo	35335	ian-iang,ao-ou,s-sh,n-l	1
翩翩风度	piān piān fēng dù	35336	en-eng,ian-iang,h-f	1
翩若惊鸿	piān ruò jīng hóng	35337	in-ing,ian-iang,ua-uo,h-f,r-l,j-q-x	1
翻唇弄舌	fān chún nòng shé	35343	an-ang,c-ch,s-sh,n-l,h-f	1
翻天作地	fān tiān zuò dì	35345	an-ang,ian-iang,ua-uo,z-zh,h-f	1
翻空出奇	fān kōng chū qí	35360	an-ang,c-ch,h-f,j-q-x	1
翻箱倒笼	fān xiāng dǎo lóng	35363	an-ang,ian-iang,ao-ou,n-l,h-f,r-l,j-q-x	1
翻肠倒肚	fān cháng dǎo dù	35364	an-ang,ao-ou,c-ch,h-f	1
翻肠搅肚	fān cháng jiǎo dù	35365	an-ang,c-ch,h-f,j-q-x	1
翻黄倒皂	fān huáng dǎo zào	35373	an-ang,uan-uang,ao-ou,z-zh,h-f	1
老之将至	lǎo zhī jiāng zhì	35377	ian-iang,ao-ou,z-zh,n-l,r-l,j-q-x	1
老大无成	lǎo dà wú chéng	35393	en-eng,ao-ou,c-ch,n-l,r-l	1
老天拔地	lǎo tiān bá dì	35396	ian-iang,ao-ou,n-l,r-l	1
老妪能解	lǎo yù néng jiě	35403	en-eng,ao-ou,ia-ie,n-l,r-l,j-q-x	3
老婆当军	lǎo pó dāng jūn	35405	an-ang,ao-ou,n-l,r-l,j-q-x	1
老师宿儒	lǎo shī xiǔ rú	35412	ao-ou,s-sh,n-l,r-l,j-q-x	1
老成见到	lǎo chéng jiàn dào	35421	en-eng,ian-iang,ao-ou,c-ch,n-l,r-l,j-q-x	1
老有所终	lǎo yǒu suǒ zhōng	35423	ao-ou,ua-uo,z-zh,s-sh,n-l,r-l	1
老朽无能	lǎo xiǔ wú néng	35426	en-eng,ao-ou,n-l,r-l,j-q-x	1
老着脸皮	lǎo zhe liǎn pí	35443	ian-iang,ao-ou,z-zh,n-l,r-l	1
老而不死	lǎo ér bù sǐ	35447	ao-ou,s-sh,n-l,r-l	1
老莱娱亲	lǎo lái yú qīn	35449	in-ing,ai-ei,ao-ou,n-l,r-l,j-q-x	1
老蚌珠胎	lǎo bàng zhū tāi	35453	an-ang,ai-ei,ao-ou,z-zh,n-l,r-l	1
老蚌生珠	lǎo bàng shēng zhū	35454	en-eng,an-ang,ao-ou,z-zh,s-sh,n-l,r-l	1
老调重谈	lǎo diào chóng tán	35457	an-ang,ao-ou,c-ch,n-l,r-l	1
老鼠过街	lǎo shǔ guò jiē	35462	ao-ou,ia-ie,ua-uo,s-sh,n-l,r-l,j-q-x	1
耆年硕德	qí nián shuò dé	35479	ian-iang,ua-uo,s-sh,n-l,j-q-x	3
耆德硕老	qí dé shuò lǎo	35480	ao-ou,ua-uo,s-sh,n-l,r-l,j-q-x	3
耐人咀嚼	nài rén jǔ jué	35493	en-eng,ai-ei,n-l,r-l,j-q-x	3
耕云播雨	gēng yún bō yǔ	35497	en-eng	1
耕当问奴	gēng dāng wèn nú	35499	en-eng,an-ang,n-l	1
耳后生风	ěr hòu shēng fēng	35516	en-eng,ao-ou,s-sh,h-f	1
耳听八方	ěr tīng bā fāng	35517	in-ing,an-ang,h-f	1
耳根清净	ěr gēn qīng jìng	35522	en-eng,in-ing,j-q-x	1
耳熏目染	ěr xūn mù rǎn	35523	an-ang,r-l,j-q-x	1
耳目闭塞	ěr mù bì sāi	35525	ai-ei,s-sh	1
耳红面赤	ěr hóng miàn chì	35527	ian-iang,c-ch,h-f	1
耳视目食	ěr shì mù shí	35529	s-sh	1
耳闻目见	ěr wén mù jiàn	35534	en-eng,ian-iang,j-q-x	1
耳食之言	ěr shí zhī yán	35536	an-ang,z-zh,s-sh	1
耳食之论	ěr shí zhī lùn	35537	z-zh,s-sh,n-l,r-l	1
耳食之谈	ěr shí zhī tán	35538	an-ang,z-zh,s-sh	1
耳鬓撕磨	ěr bìn sī mó	35540	in-ing,s-sh	1
耳鬓斯磨	ěr bìn sī mó	35541	in-ing,s-sh	1
耸肩曲背	sǒng jiān qū bèi	35549	ian-iang,ai-ei,s-sh,j-q-x	1
耸肩缩背	sǒng jiān suō bèi	35550	ian-iang,ai-ei,ua-uo,s-sh,j-q-x	1
耻与哙伍	chǐ yǔ kuài wǔ	35551	c-ch	3
耻居王后	chǐ jū wáng hòu	35553	an-ang,ao-ou,c-ch,h-f,j-q-x	1
耻言人过	chǐ yán rén guò	35554	en-eng,an-ang,ua-uo,c-ch,r-l	1
聊以卒岁	liáo yǐ zú suì	35558	z-zh,s-sh,n-l,r-l	1
聊以塞责	liáo yǐ sè zé	35559	z-zh,s-sh,n-l,r-l	1
聊以解嘲	liáo yǐ jiě cháo	35560	ao-ou,ia-ie,c-ch,n-l,r-l,j-q-x	1
职业教育	zhí yè jiào yù	35565	z-zh,j-q-x	1
联篇累牍	lián piān lěi dú	35590	ian-iang,ai-ei,n-l,r-l	3
聚变反应	jù biàn fǎn yìng	35602	in-ing,an-ang,ian-iang,h-f,j-q-x	1
聚少成多	jù shǎo chéng duō	35605	en-eng,ao-ou,ua-uo,c-ch,s-sh,j-q-x	1
聚米为山	jù mǐ wéi shān	35608	an-ang,ai-ei,s-sh,j-q-x	1
聚米为谷	jù mǐ wéi gǔ	35609	ai-ei,j-q-x	1
聚酰亚胺	jù xiān yà àn	35613	an-ang,ian-iang,j-q-x	3
聪明智能	cōng míng zhì néng	35616	en-eng,in-ing,z-zh,c-ch,n-l	1
聪明正直	cōng míng zhèng zhí	35617	en-eng,in-ing,z-zh,c-ch	1
聱牙诘屈	áo yá jié qū	35618	ao-ou,ia-ie,j-q-x	3
聱牙诘曲	áo yá jié qū	35619	ao-ou,ia-ie,j-q-x	3
肆意妄为	sì yì wàng wéi	35622	an-ang,ai-ei,s-sh	1
肆意横行	sì yì héng xíng	35623	en-eng,in-ing,s-sh,h-f,j-q-x	1
肆虐横行	sì nüè héng xíng	35625	en-eng,in-ing,s-sh,n-l,h-f,j-q-x	1
肆行无忌	sì xíng wú jì	35627	in-ing,s-sh,j-q-x	1
肉眼凡夫	ròu yǎn fán fū	35643	an-ang,ao-ou,h-f,r-l	1
肉薄骨并	ròu bó gǔ bìng	35648	in-ing,ao-ou,r-l	1
肉袒牵羊	ròu tǎn qiān yáng	35649	an-ang,ian-iang,ao-ou,r-l,j-q-x	3
肉跳心惊	ròu tiào xīn jīng	35650	in-ing,ao-ou,r-l,j-q-x	1
肉跳神惊	ròu tiào shén jīng	35651	en-eng,in-ing,ao-ou,s-sh,r-l,j-q-x	1
肉颤心惊	ròu chàn xīn jīng	35653	in-ing,an-ang,ao-ou,c-ch,r-l,j-q-x	1
肉食者鄙	ròu shí zhě bǐ	35655	ao-ou,z-zh,s-sh,r-l	1
肌劈理解	jī pī lǐ jiě	35662	ia-ie,n-l,r-l,j-q-x	1
肘行膝步	zhǒu xíng xī bù	35668	in-ing,ao-ou,z-zh,j-q-x	1
肚里泪下	dù lǐ lèi xià	35680	ai-ei,ia-ie,n-l,r-l,j-q-x	1
肚里蛔虫	dù lǐ huí chóng	35681	c-ch,n-l,h-f,r-l	3
肝心涂地	gān xīn tú dì	35684	in-ing,an-ang,j-q-x	1
肝心若裂	gān xīn ruò liè	35685	in-ing,an-ang,ia-ie,ua-uo,n-l,r-l,j-q-x	1
肝胆涂地	gān dǎn tú dì	35687	an-ang	1
肝胆过人	gān dǎn guò rén	35689	en-eng,an-ang,ua-uo,r-l	1
股份公司	gǔ fèn gōng sī	35695	en-eng,s-sh,h-f	1
股掌之上	gǔ zhǎng zhī shàng	35698	an-ang,z-zh,s-sh	1
肤寸而合	fū cùn ér hé	35706	c-ch,h-f	1
肤皮潦草	fū pí liáo cǎo	35708	ao-ou,c-ch,n-l,h-f,r-l	3
肤见谫识	fū jiàn jiǎn shí	35710	ian-iang,s-sh,h-f,j-q-x	5
肥头大面	féi tóu dà miàn	35714	ian-iang,ai-ei,ao-ou,h-f	1
肥头胖耳	féi tóu pàng ěr	35715	an-ang,ai-ei,ao-ou,h-f	1
肥鱼大肉	féi yú dà ròu	35719	ai-ei,ao-ou,h-f,r-l	1
肩从齿序	jiān cóng chǐ xù	35720	ian-iang,c-ch,j-q-x	1
肩劳任怨	jiān láo rèn yuàn	35721	en-eng,ian-iang,uan-uang,ao-ou,n-l,r-l,j-q-x	1
肩摩毂击	jiān mó gǔ jī	35724	ian-iang,j-q-x	3
肩摩毂接	jiān mó gǔ jiē	35725	ian-iang,ia-ie,j-q-x	3
肩摩袂接	jiān mó mèi jiē	35726	ian-iang,ai-ei,ia-ie,j-q-x	3
肩摩踵接	jiān mó zhǒng jiē	35727	ian-iang,ia-ie,z-zh,j-q-x	3
肩背相望	jiān bèi xiāng wàng	35729	an-ang,ian-iang,ai-ei,j-q-x	1
肩背难望	jiān bèi nán wàng	35730	an-ang,ian-iang,ai-ei,n-l,j-q-x	1
肺石风清	fèi shí fēng qīng	35744	en-eng,in-ing,ai-ei,s-sh,h-f,j-q-x	1
胁不沾席	xié bù zhān xí	35751	an-ang,ia-ie,z-zh,j-q-x	1
胁肩累足	xié jiān lěi zú	35753	ian-iang,ai-ei,ia-ie,z-zh,n-l,r-l,j-q-x	1
胆丧魂惊	dǎn sàng hún jīng	35758	in-ing,an-ang,s-sh,h-f,j-q-x	1
胆丧魂消	dǎn sàng hún xiāo	35759	an-ang,s-sh,h-f,j-q-x	1
胆大于身	dǎn dà yú shēn	35762	en-eng,an-ang,s-sh	1
胆大如斗	dǎn dà rú dǒu	35764	an-ang,ao-ou,r-l	1
胆大心小	dǎn dà xīn xiǎo	35766	in-ing,an-ang,j-q-x	1
胆大心粗	dǎn dà xīn cū	35767	in-ing,an-ang,c-ch,j-q-x	1
胆大心雄	dǎn dà xīn xióng	35769	in-ing,an-ang,j-q-x	1
胆大泼天	dǎn dà pō tiān	35770	an-ang,ian-iang	1
胆寒发竖	dǎn hán fā shù	35772	an-ang,s-sh,h-f	1
胆裂魂飞	dǎn liè hún fēi	35774	an-ang,ai-ei,ia-ie,n-l,h-f,r-l	1
胆颤心惊	dǎn chàn xīn jīng	35777	in-ing,an-ang,c-ch,j-q-x	1
背义忘恩	bèi yì wàng ēn	35779	en-eng,an-ang,ai-ei	1
背义负信	bèi yì fù xìn	35780	in-ing,ai-ei,h-f,j-q-x	1
背义负恩	bèi yì fù ēn	35781	en-eng,ai-ei,h-f	1
背乡离井	bèi xiāng lí jǐng	35782	in-ing,ian-iang,ai-ei,n-l,r-l,j-q-x	1
背公向私	bèi gōng xiàng sī	35791	ian-iang,ai-ei,s-sh,j-q-x	1
背公营私	bèi gōng yíng sī	35792	in-ing,ai-ei,s-sh	1
背前面后	bèi qián miàn hòu	35793	ian-iang,ai-ei,ao-ou,h-f,j-q-x	1
背城一战	bèi chéng yī zhàn	35802	en-eng,an-ang,ai-ei,z-zh,c-ch	1
背城借一	bèi chéng jiè yī	35803	en-eng,ai-ei,ia-ie,c-ch,j-q-x	1
背山起楼	bèi shān qǐ lóu	35805	an-ang,ai-ei,ao-ou,s-sh,n-l,r-l,j-q-x	1
背恩弃义	bèi ēn qì yì	35812	en-eng,ai-ei,j-q-x	1
背恩忘义	bèi ēn wàng yì	35813	en-eng,an-ang,ai-ei	1
背恩负义	bèi ēn fù yì	35814	en-eng,ai-ei,h-f	1
背惠食言	bèi huì shí yán	35815	an-ang,ai-ei,s-sh,h-f	1
背暗投明	bèi àn tóu míng	35820	in-ing,an-ang,ai-ei,ao-ou	1
背曲腰弯	bèi qǔ yāo wān	35821	an-ang,ai-ei,ao-ou,j-q-x	1
背曲腰躬	bèi qǔ yāo gōng	35822	ai-ei,ao-ou,j-q-x	1
背本就末	bèi běn jiù mò	35823	en-eng,ai-ei,j-q-x	1
背本趋末	bèi běn qū mò	35824	en-eng,ai-ei,j-q-x	1
背生芒刺	bèi shēng máng cì	35830	en-eng,an-ang,ai-ei,c-ch,s-sh	1
背盟败约	bèi méng bài yuē	35831	en-eng,ai-ei	1
背碑覆局	bèi bēi fù jú	35833	ai-ei,h-f,j-q-x	1
背腹受敌	bèi fù shòu dí	35840	ai-ei,ao-ou,s-sh,h-f	1
背若芒刺	bèi ruò máng cì	35841	an-ang,ai-ei,ua-uo,c-ch,r-l	1
胜任愉快	shèng rèn yú kuài	35867	en-eng,s-sh,r-l	1
胡作乱为	hú zuò luàn wéi	35881	uan-uang,ai-ei,ua-uo,z-zh,n-l,h-f,r-l	1
胡作胡为	hú zuò hú wéi	35882	ai-ei,ua-uo,z-zh,h-f	1
胡天胡地	hú tiān hú dì	35886	ian-iang,h-f	1
胡思乱量	hú sī luàn liàng	35890	ian-iang,uan-uang,s-sh,n-l,h-f,r-l	1
胡打海摔	hú dǎ hǎi shuāi	35891	ai-ei,s-sh,h-f	1
胡拉乱扯	hú lā luàn chě	35892	uan-uang,c-ch,n-l,h-f,r-l	1
胡支扯叶	hú zhī chě yè	35893	z-zh,c-ch,h-f	1
胡枝扯叶	hú zhī chě yè	35896	z-zh,c-ch,h-f	1
胡行乱为	hú xíng luàn wéi	35899	in-ing,uan-uang,ai-ei,n-l,h-f,r-l,j-q-x	1
胡言汉语	hú yán hàn yǔ	35901	an-ang,h-f	1
胡诌乱说	hú zhōu luàn shuō	35902	uan-uang,ao-ou,ua-uo,z-zh,s-sh,n-l,h-f,r-l	3
胡说乱道	hú shuō luàn dào	35904	uan-uang,ao-ou,ua-uo,s-sh,n-l,h-f,r-l	1
胡说白道	hú shuō bái dào	35906	ai-ei,ao-ou,ua-uo,s-sh,h-f	1
胡越一家	hú yuè yī jiā	35907	ia-ie,h-f,j-q-x	1
胡越同舟	hú yuè tóng zhōu	35908	ao-ou,z-zh,h-f	1
胫大于股	jìng dà yú gǔ	35909	in-ing,j-q-x	3
胳膊肘子	gē bó zhǒu zǐ	35920	ao-ou,z-zh	1
胳膊腕子	gē bó wàn zǐ	35921	an-ang,z-zh	1
胶柱调瑟	jiāo zhù tiáo sè	35930	z-zh,s-sh,j-q-x	1
胶鬲之困	jiāo gé zhī kùn	35936	z-zh,j-q-x	3
胸中万卷	xiōng zhōng wàn juàn	35938	an-ang,uan-uang,z-zh,j-q-x	1
胸中垒块	xiōng zhōng lěi kuài	35939	ai-ei,z-zh,n-l,r-l,j-q-x	1
胸中无数	xiōng zhōng wú shù	35940	z-zh,s-sh,j-q-x	1
胸中有数	xiōng zhōng yǒu shù	35941	ao-ou,z-zh,s-sh,j-q-x	1
胸中甲兵	xiōng zhōng jiǎ bīng	35942	in-ing,ia-ie,z-zh,j-q-x	1
胸中鳞甲	xiōng zhōng lín jiǎ	35943	in-ing,ia-ie,z-zh,n-l,r-l,j-q-x	1
胸怀大志	xiōng huái dà zhì	35946	z-zh,h-f,j-q-x	1
胸怀磊落	xiōng huái lěi luò	35947	ai-ei,ua-uo,n-l,h-f,r-l,j-q-x	1
胸无宿物	xiōng wú sù wù	35949	s-sh,j-q-x	1
胸有丘壑	xiōng yǒu qiū hè	35950	ao-ou,h-f,j-q-x	3
胸有城府	xiōng yǒu chéng fǔ	35951	en-eng,ao-ou,c-ch,h-f,j-q-x	1
胸有悬镜	xiōng yǒu xuán jìng	35952	in-ing,uan-uang,ao-ou,j-q-x	1
胸有成略	xiōng yǒu chéng lüè	35953	en-eng,ao-ou,c-ch,n-l,r-l,j-q-x	1
胸有成算	xiōng yǒu chéng suàn	35955	en-eng,uan-uang,ao-ou,c-ch,s-sh,j-q-x	1
胸有邱壑	xiōng yǒu qiū hè	35956	ao-ou,h-f,j-q-x	3
胸有鳞甲	xiōng yǒu lín jiǎ	35957	in-ing,ao-ou,ia-ie,n-l,r-l,j-q-x	1
胸闷难受	xiōng mēn nán shòu	35964	en-eng,an-ang,ao-ou,s-sh,n-l,j-q-x	1
能不称官	néng bù chèn guān	35968	en-eng,uan-uang,c-ch,n-l	1
能伸能屈	néng shēn néng qū	35971	en-eng,s-sh,n-l,j-q-x	1
能写会算	néng xiě huì suàn	35972	en-eng,uan-uang,ia-ie,s-sh,n-l,h-f,j-q-x	1
能征惯战	néng zhēng guàn zhàn	35981	en-eng,an-ang,uan-uang,z-zh,n-l	1
能文能武	néng wén néng wǔ	35985	en-eng,n-l	1
能牙利齿	néng yá lì chǐ	35987	en-eng,c-ch,n-l,r-l	1
能者为师	néng zhě wéi shī	35988	en-eng,ai-ei,z-zh,s-sh,n-l	1
能言巧辩	néng yán qiǎo biàn	35994	en-eng,an-ang,ian-iang,n-l,j-q-x	1
能言快语	néng yán kuài yǔ	35995	en-eng,an-ang,n-l	1
能言快说	néng yán kuài shuō	35996	en-eng,an-ang,ua-uo,s-sh,n-l	1
能说惯道	néng shuō guàn dào	35998	en-eng,uan-uang,ao-ou,ua-uo,s-sh,n-l	1
能谋善断	néng móu shàn duàn	35999	en-eng,an-ang,uan-uang,ao-ou,s-sh,n-l	1
能近取譬	néng jìn qǔ pì	36000	en-eng,in-ing,n-l,j-q-x	1
脂膏不润	zhī gāo bù rùn	36005	ao-ou,z-zh,r-l	1
脂膏莫润	zhī gāo mò rùn	36006	ao-ou,z-zh,r-l	1
脆而不坚	cuì ér bù jiān	36009	ian-iang,c-ch,j-q-x	1
脉动电流	mài dòng diàn liú	36013	ian-iang,ai-ei,n-l,r-l	1
脉脉含情	mò mò hán qíng	36024	in-ing,an-ang,h-f,j-q-x	1
脉脉相通	mài mài xiāng tōng	36025	ian-iang,ai-ei,j-q-x	1
脏污狼藉	zāng wū láng jí	36037	an-ang,z-zh,n-l,r-l,j-q-x	1
脚不沾地	jiǎo bù zhān dì	36060	an-ang,z-zh,j-q-x	1
脚不点地	jiǎo bù diǎn dì	36061	ian-iang,j-q-x	1
脚心朝天	jiǎo xīn cháo tiān	36062	in-ing,ian-iang,ao-ou,c-ch,j-q-x	1
脱壳金蝉	tuō ké jīn chán	36069	in-ing,an-ang,ua-uo,c-ch,j-q-x	1
脱手弹丸	tuō shǒu dàn wán	36070	an-ang,ao-ou,ua-uo,s-sh	1
脱白挂绿	tuō bái guà lǜ	36071	ai-ei,ua-uo,n-l,r-l	1
脱颖囊锥	tuō yǐng náng zhuī	36075	in-ing,an-ang,ua-uo,z-zh,n-l	1
脸红筋暴	liǎn hóng jīn bào	36078	in-ing,ian-iang,ao-ou,n-l,h-f,r-l,j-q-x	1
脸红筋涨	liǎn hóng jīn zhǎng	36079	in-ing,an-ang,ian-iang,z-zh,n-l,h-f,r-l,j-q-x	1
脸红耳热	liǎn hóng ěr rè	36080	ian-iang,n-l,h-f,r-l	1
脸红耳赤	liǎn hóng ěr chì	36081	ian-iang,c-ch,n-l,h-f,r-l	1
脾气很拗	pí qì hěn niù	36082	en-eng,n-l,h-f,j-q-x	1
腊尽春回	là jìn chūn huí	36087	in-ing,c-ch,n-l,h-f,r-l,j-q-x	1
腥闻在上	xīng wén zài shàng	36111	en-eng,in-ing,an-ang,ai-ei,z-zh,s-sh,j-q-x	1
腰酸背痛	yāo suān bèi tòng	36126	uan-uang,ai-ei,ao-ou,s-sh	1
腰鼓兄弟	yāo gǔ xiōng dì	36127	ao-ou,j-q-x	1
腹中兵甲	fù zhōng bīng jiǎ	36129	in-ing,ia-ie,z-zh,h-f,j-q-x	1
腹心相照	fù xīn xiāng zhào	36132	in-ing,ian-iang,ao-ou,z-zh,h-f,j-q-x	1
腹有鳞甲	fù yǒu lín jiǎ	36133	in-ing,ao-ou,ia-ie,n-l,h-f,r-l,j-q-x	1
腹背之毛	fù bèi zhī máo	36135	ai-ei,ao-ou,z-zh,h-f	1
腹载五车	fù zài wǔ chē	36138	ai-ei,z-zh,c-ch,h-f	1
腹饱万言	fù bǎo wàn yán	36139	an-ang,ao-ou,h-f	1
腼颜事仇	miǎn yán shì chóu	36141	an-ang,ian-iang,ao-ou,c-ch,s-sh	3
膏唇岐舌	gào chún qí shé	36152	ao-ou,c-ch,s-sh,j-q-x	3
膏唇拭舌	gāo chún shì shé	36153	ao-ou,c-ch,s-sh	1
膏唇试舌	gāo chún shì shé	36154	ao-ou,c-ch,s-sh	1
膏唇贩舌	gào chún fàn shé	36155	an-ang,ao-ou,c-ch,s-sh,h-f	1
膏场绣浍	gāo cháng xiù kuài	36156	an-ang,ao-ou,c-ch,j-q-x	3
膏梁锦绣	gāo liáng jǐn xiù	36159	in-ing,ian-iang,ao-ou,n-l,r-l,j-q-x	1
膏泽脂香	gāo zé zhī xiāng	36161	ian-iang,ao-ou,z-zh,j-q-x	1
膏火之费	gāo huǒ zhī fèi	36162	ai-ei,ao-ou,ua-uo,z-zh,h-f	1
膏火自煎	gāo huǒ zì jiān	36163	ian-iang,ao-ou,ua-uo,z-zh,h-f,j-q-x	1
膏粱子弟	gāo liáng zǐ dì	36165	ian-iang,ao-ou,z-zh,n-l,r-l	1
膏粱年少	gāo liáng nián shào	36166	ian-iang,ao-ou,s-sh,n-l,r-l	1
膏粱文绣	gāo liáng wén xiù	36167	en-eng,ian-iang,ao-ou,n-l,r-l,j-q-x	1
膏粱锦绣	gāo liáng jǐn xiù	36169	in-ing,ian-iang,ao-ou,n-l,r-l,j-q-x	1
膏肓之疾	gāo huāng zhī jí	36171	uan-uang,ao-ou,z-zh,h-f,j-q-x	3
膏腴之地	gāo yú zhī dì	36173	ao-ou,z-zh	3
膏腴子弟	gāo yú zǐ dì	36174	ao-ou,z-zh	3
膏腴贵游	gāo yú guì yóu	36175	ao-ou	3
膏车秣马	gào chē mò mǎ	36178	ao-ou,c-ch	3
膝痒搔背	xī yǎng sāo bèi	36182	an-ang,ai-ei,ao-ou,s-sh,j-q-x	1
膝行匍伏	xī xíng pú fú	36186	in-ing,h-f,j-q-x	3
膝行而前	xī xíng ér qián	36187	in-ing,ian-iang,j-q-x	1
膝行肘步	xī xíng zhǒu bù	36188	in-ing,ao-ou,z-zh,j-q-x	1
膝行蒲伏	xī xíng pú fú	36189	in-ing,h-f,j-q-x	1
膝语蛇行	xī yǔ shé xíng	36190	in-ing,s-sh,j-q-x	1
膨胀系数	péng zhàng xì shù	36194	en-eng,an-ang,z-zh,s-sh,j-q-x	1
臂有四肘	bì yǒu sì zhǒu	36203	ao-ou,z-zh,s-sh	1
臧否人物	zāng pǐ rén wù	36216	en-eng,an-ang,z-zh,r-l	3
臧谷亡羊	zāng gǔ wáng yáng	36218	an-ang,z-zh	3
自业自得	zì yè zì dé	36223	z-zh	1
自为阶级	zì wèi jiē jí	36225	ai-ei,ia-ie,z-zh,j-q-x	1
自作解人	zì zuò jiě rén	36233	en-eng,ia-ie,ua-uo,z-zh,r-l,j-q-x	1
自信不疑	zì xìn bù yí	36238	in-ing,z-zh,j-q-x	1
自出一家	zì chū yī jiā	36242	ia-ie,z-zh,c-ch,j-q-x	1
自出机轴	zì chū jī zhóu	36243	ao-ou,z-zh,c-ch,j-q-x	1
自动倒卷	zì dòng dào juǎn	36246	uan-uang,ao-ou,z-zh,j-q-x	1
自动倒带	zì dòng dào dài	36247	ai-ei,ao-ou,z-zh	1
自厝同异	zì cuò tóng yì	36254	ua-uo,z-zh,c-ch	3
自取其咎	zì qǔ qí jiù	36256	z-zh,j-q-x	3
自取其祸	zì qǔ qí huò	36257	ua-uo,z-zh,h-f,j-q-x	1
自取灭亡	zì qǔ miè wáng	36258	an-ang,ia-ie,z-zh,j-q-x	1
自坏长城	zì huài cháng chéng	36264	en-eng,an-ang,z-zh,c-ch,h-f	1
自弃自暴	zì qì zì bào	36273	ao-ou,z-zh,j-q-x	1
自我教育	zì wǒ jiào yù	36285	z-zh,j-q-x	1
自报家门	zì bào jiā mén	36290	en-eng,ao-ou,ia-ie,z-zh,j-q-x	1
自有公论	zì yǒu gōng lùn	36293	ao-ou,z-zh,n-l,r-l	1
自甘堕落	zì gān duò luò	36305	an-ang,ua-uo,z-zh,n-l,r-l	1
自甘暴弃	zì gān bào qì	36306	an-ang,ao-ou,z-zh,j-q-x	1
自由放任	zì yóu fàng rèn	36309	en-eng,an-ang,ao-ou,z-zh,h-f,r-l	1
自相惊忧	zì xiāng jīng yōu	36314	in-ing,ian-iang,ao-ou,z-zh,j-q-x	1
自相惊扰	zì xiāng jīng rǎo	36315	in-ing,ian-iang,ao-ou,z-zh,r-l,j-q-x	1
自相残害	zì xiāng cán hài	36316	an-ang,ian-iang,ai-ei,z-zh,c-ch,h-f,j-q-x	1
自相水火	zì xiāng shuǐ huǒ	36318	ian-iang,ua-uo,z-zh,s-sh,h-f,j-q-x	1
自筹给养	zì chóu jǐ yǎng	36328	an-ang,ao-ou,z-zh,c-ch,j-q-x	1
自背黑锅	zì bèi hēi guō	36332	ai-ei,ua-uo,z-zh,h-f	1
自视甚高	zì shì shèn gāo	36338	en-eng,ao-ou,z-zh,s-sh	1
自觉形秽	zì jué xíng huì	36340	in-ing,z-zh,h-f,j-q-x	1
自觉自愿	zì jué zì yuàn	36342	uan-uang,z-zh,j-q-x	1
自诒伊戚	zì yí yī qī	36346	z-zh,j-q-x	3
自负不凡	zì fù bù fán	36349	an-ang,z-zh,h-f	1
自身难保	zì shēn nán bǎo	36351	en-eng,an-ang,ao-ou,z-zh,s-sh,n-l	1
臭不可当	chòu bù kě dāng	36366	an-ang,ao-ou,c-ch	1
臭不可闻	chòu bù kě wén	36367	en-eng,ao-ou,c-ch	1
臭名昭彰	chòu míng zhāo zhāng	36369	in-ing,an-ang,ao-ou,z-zh,c-ch	1
臭揍一顿	chòu zòu yí dùn	36375	ao-ou,z-zh,c-ch	1
臭肉来蝇	chòu ròu lái yíng	36386	in-ing,ai-ei,ao-ou,c-ch,n-l,r-l	1
至亲好友	zhì qīn hǎo yǒu	36393	in-ing,ao-ou,z-zh,h-f,j-q-x	1
至亲骨肉	zhì qīn gǔ ròu	36394	in-ing,ao-ou,z-zh,r-l,j-q-x	1
至大至刚	zhì dà zhì gāng	36395	an-ang,z-zh	1
至当不易	zhì dàng bù yì	36399	an-ang,z-zh	1
至死不变	zhì sǐ bù biàn	36401	ian-iang,z-zh,s-sh	1
至死不悟	zhì sǐ bù wù	36402	z-zh,s-sh	1
至矣尽矣	zhì yǐ jìn yǐ	36405	in-ing,z-zh,j-q-x	1
至诚高节	zhì chéng gāo jié	36407	en-eng,ao-ou,ia-ie,z-zh,c-ch,j-q-x	1
致远任重	zhì yuǎn rèn zhòng	36410	en-eng,uan-uang,z-zh,r-l	1
臼头深目	jiù tóu shēn mù	36411	en-eng,ao-ou,s-sh,j-q-x	1
舂容大雅	chōng róng dà yǎ	36412	c-ch,r-l	3
舆论哗然	yú lùn huá rán	36416	an-ang,ua-uo,n-l,h-f,r-l	1
舌桥不下	shé qiáo bù xià	36419	ia-ie,s-sh,j-q-x	1
舍己为人	shě jǐ wèi rén	36425	en-eng,ai-ei,s-sh,r-l,j-q-x	1
舍己为公	shě jǐ wèi gōng	36426	ai-ei,s-sh,j-q-x	1
舍己从人	shě jǐ cóng rén	36427	en-eng,c-ch,s-sh,r-l,j-q-x	1
舍我其谁	shě wǒ qí shuí	36430	s-sh,j-q-x	1
舍短取长	shě duǎn qǔ cháng	36432	an-ang,uan-uang,c-ch,s-sh,j-q-x	1
舍策追羊	shě cè zhuī yáng	36433	an-ang,z-zh,c-ch,s-sh	1
舍身为国	shě shēn wéi guó	36434	en-eng,ai-ei,ua-uo,s-sh	1
舍车保帅	shè jū bǎo shuài	36435	ao-ou,s-sh,j-q-x	1
舍近务远	shě jìn wù yuǎn	36436	in-ing,uan-uang,s-sh,j-q-x	1
舍近即远	shě jìn jí yuǎn	36437	in-ing,uan-uang,s-sh,j-q-x	1
舐皮论骨	shì pí lùn gǔ	36439	s-sh,n-l,r-l	3
舒头探脑	shū tóu tàn nǎo	36441	an-ang,ao-ou,s-sh,n-l	1
舞弄文墨	wǔ nòng wén mò	36452	en-eng,n-l	1
舞文弄法	wǔ wén nòng fǎ	36454	en-eng,n-l,h-f	1
舞榭歌台	wǔ xiè gē tái	36457	ai-ei,ia-ie,j-q-x	3
舞爪张牙	wǔ zhǎo zhāng yá	36458	an-ang,ao-ou,z-zh	1
舞笔弄文	wǔ bǐ nòng wén	36459	en-eng,n-l	1
舞衫歌扇	wǔ shān gē shàn	36461	an-ang,s-sh	1
舞裙歌扇	wǔ qún gē shàn	36462	an-ang,s-sh,j-q-x	1
舞词弄札	wǔ cí nòng zhá	36463	z-zh,c-ch,n-l	3
舟中敌国	zhōu zhōng dí guó	36464	ao-ou,ua-uo,z-zh	1
舟车劳顿	zhōu chē láo dùn	36466	ao-ou,z-zh,c-ch,n-l,r-l	1
舳舻相继	zhú lú xiāng jì	36484	ian-iang,z-zh,n-l,r-l,j-q-x	7
船坚炮利	chuán jiān pào lì	36487	ian-iang,uan-uang,ao-ou,c-ch,n-l,r-l,j-q-x	1
良宵好景	liáng xiāo hǎo jǐng	36498	in-ing,ian-iang,ao-ou,n-l,h-f,r-l,j-q-x	1
良宵美景	liáng xiāo měi jǐng	36499	in-ing,ian-iang,ai-ei,n-l,r-l,j-q-x	1
良心发现	liáng xīn fā xiàn	36502	in-ing,ian-iang,n-l,h-f,r-l,j-q-x	1
良时美景	liáng shí měi jǐng	36504	in-ing,ian-iang,ai-ei,s-sh,n-l,r-l,j-q-x	1
良知良能	liáng zhī liáng néng	36506	en-eng,ian-iang,z-zh,n-l,r-l	1
良禽择木	liáng qín zé mù	36507	in-ing,ian-iang,z-zh,n-l,r-l,j-q-x	1
良莠不一	liáng yǒu bù yī	36510	ian-iang,ao-ou,n-l,r-l	3
良莠不分	liáng yǒu bù fēn	36511	en-eng,ian-iang,ao-ou,n-l,h-f,r-l	3
良贾深藏	liáng gǔ shēn cáng	36513	en-eng,an-ang,ian-iang,c-ch,s-sh,n-l,r-l	1
良辰媚景	liáng chén mèi jǐng	36514	en-eng,in-ing,ian-iang,ai-ei,c-ch,n-l,r-l,j-q-x	1
艰苦创业	jiān kǔ chuàng yè	36516	ian-iang,uan-uang,c-ch,j-q-x	1
艰苦奋斗	jiān kǔ fèn dòu	36518	en-eng,ian-iang,ao-ou,h-f,j-q-x	1
艰苦朴素	jiān kǔ pǔ sù	36519	ian-iang,s-sh,j-q-x	1
艰难困苦	jiān nán kùn kǔ	36521	an-ang,ian-iang,n-l,j-q-x	1
艰难曲折	jiān nán qū zhé	36522	an-ang,ian-iang,z-zh,n-l,j-q-x	1
艰难玉成	jiān nán yù chéng	36523	en-eng,an-ang,ian-iang,c-ch,n-l,j-q-x	1
艰难竭蹶	jiān nán jié jué	36524	an-ang,ian-iang,ia-ie,n-l,j-q-x	3
艰难险阻	jiān nán xiǎn zǔ	36525	an-ang,ian-iang,z-zh,n-l,j-q-x	1
色仁行违	sè rén xíng wéi	36526	en-eng,in-ing,ai-ei,s-sh,r-l,j-q-x	1
色厉胆薄	sè lì dǎn bó	36528	an-ang,s-sh,n-l,r-l	1
色授魂与	sè shòu hún yǔ	36534	ao-ou,s-sh,h-f	1
色若死灰	sè ruò sǐ huī	36539	ua-uo,s-sh,h-f,r-l	1
色衰爱弛	sè shuāi ài chí	36540	ai-ei,c-ch,s-sh	1
艳紫妖红	yàn zǐ yāo hóng	36546	an-ang,ao-ou,z-zh,h-f	1
艴然不悦	fú rán bù yuè	36548	an-ang,h-f,r-l	5
艺不压身	yì bù yā shēn	36549	en-eng,s-sh	1
艺高胆大	yì gāo dǎn dà	36558	an-ang,ao-ou	1
节制资本	jié zhì zī běn	36567	en-eng,ia-ie,z-zh,j-q-x	1
节哀顺变	jié āi shùn biàn	36569	ian-iang,ai-ei,ia-ie,s-sh,j-q-x	1
节用爱民	jié yòng ài mín	36594	in-ing,ai-ei,ia-ie,j-q-x	1
节用裕民	jié yòng yù mín	36595	in-ing,ia-ie,j-q-x	1
节肢动物	jié zhī dòng wù	36603	ia-ie,z-zh,j-q-x	1
芒寒色正	máng hán sè zhèng	36616	en-eng,an-ang,z-zh,s-sh,h-f	1
芙蓉并蒂	fú róng bìng dì	36618	in-ing,h-f,r-l	1
芟繁就简	shān fán jiù jiǎn	36620	an-ang,ian-iang,s-sh,h-f,j-q-x	3
花不棱登	huā bù lēng dēng	36635	en-eng,ua-uo,n-l,h-f,r-l	1
花信年华	huā xìn nián huá	36638	in-ing,ian-iang,ua-uo,n-l,h-f,j-q-x	1
花天锦地	huā tiān jǐn dì	36644	in-ing,ian-iang,ua-uo,h-f,j-q-x	1
花好月圆	huā hǎo yuè yuán	36645	uan-uang,ao-ou,ua-uo,h-f	1
花攒锦簇	huā cuán jǐn cù	36647	in-ing,uan-uang,ua-uo,c-ch,h-f,j-q-x	3
花攒锦聚	huā cuán jǐn jù	36648	in-ing,uan-uang,ua-uo,c-ch,h-f,j-q-x	3
花朝月夕	huā zhāo yuè xī	36649	ao-ou,ua-uo,z-zh,h-f,j-q-x	1
花朝月夜	huā zhāo yuè yè	36650	ao-ou,ua-uo,z-zh,h-f	1
花枝招颤	huā zhī zhāo chàn	36653	an-ang,ao-ou,ua-uo,z-zh,c-ch,h-f	1
花簇锦攒	huā cù jǐn cuán	36660	in-ing,uan-uang,ua-uo,c-ch,h-f,j-q-x	3
花红柳绿	huā hóng liǔ lǜ	36663	ua-uo,n-l,h-f,r-l	1
花街柳巷	huā jiē liǔ xiàng	36666	ian-iang,ia-ie,ua-uo,n-l,h-f,r-l,j-q-x	1
花说柳说	huā shuō liǔ shuō	36669	ua-uo,s-sh,n-l,h-f,r-l	1
花遮柳隐	huā zhē liǔ yǐn	36671	in-ing,ua-uo,z-zh,n-l,h-f,r-l	1
花香鸟语	huā xiāng niǎo yǔ	36674	ian-iang,ua-uo,n-l,h-f,j-q-x	1
芳兰竟体	fāng lán jìng tǐ	36678	in-ing,an-ang,n-l,h-f,r-l,j-q-x	1
芳年华月	fāng nián huá yuè	36680	an-ang,ian-iang,ua-uo,n-l,h-f	1
苌弘化碧	cháng hóng huà bì	36685	an-ang,ua-uo,c-ch,h-f	3
苌弘碧血	cháng hóng bì xiě	36686	an-ang,ia-ie,c-ch,h-f,j-q-x	3
苍松翠柏	cāng sōng cuì bǎi	36693	an-ang,ai-ei,c-ch,s-sh	1
苍蝇见血	cāng yíng jiàn xiě	36696	in-ing,an-ang,ian-iang,ia-ie,c-ch,j-q-x	1
苍颜白发	cāng yán bái fà	36697	an-ang,ai-ei,c-ch,h-f	1
苏州码子	sū zhōu mǎ zi	36707	ao-ou,z-zh,s-sh	1
苏海韩潮	sū hǎi hán cháo	36710	an-ang,ai-ei,ao-ou,c-ch,s-sh,h-f	1
苗而不秀	miáo ér bù xiù	36722	j-q-x	1
苞苴竿牍	bāo jū gān dú	36734	an-ang,ao-ou,j-q-x	3
苟且之心	gǒu qiě zhī xīn	36736	in-ing,ao-ou,ia-ie,z-zh,j-q-x	1
苟合取容	gǒu hé qǔ róng	36740	ao-ou,h-f,r-l,j-q-x	1
若丧考妣	ruò sàng kǎo bǐ	36745	an-ang,ao-ou,ua-uo,s-sh,r-l	3
若卵投石	ruò luǎn tóu shí	36748	uan-uang,ao-ou,ua-uo,s-sh,n-l,r-l	1
若合符节	ruò hé fú jié	36749	ia-ie,ua-uo,h-f,r-l,j-q-x	1
若存若亡	ruò cún ruò wáng	36751	an-ang,ua-uo,c-ch,r-l	1
若崩厥角	ruò bēng jué jiǎo	36752	en-eng,ua-uo,r-l,j-q-x	3
若敖之鬼	ruò áo zhī guǐ	36754	ao-ou,ua-uo,z-zh,r-l	3
若敖鬼馁	ruò áo guǐ něi	36755	ai-ei,ao-ou,ua-uo,n-l,r-l	3
若明若昧	ruò míng ruò mèi	36757	in-ing,ai-ei,ua-uo,r-l	1
若有所丧	ruò yǒu suǒ sàng	36760	an-ang,ao-ou,ua-uo,s-sh,r-l	1
若有所亡	ruò yǒu suǒ wáng	36761	an-ang,ao-ou,ua-uo,s-sh,r-l	1
若有若无	ruò yǒu ruò wú	36764	ao-ou,ua-uo,r-l	1
若涉渊冰	ruò shè yuān bīng	36766	in-ing,uan-uang,ua-uo,s-sh,r-l	1
若涉渊水	ruò shè yuān shuǐ	36767	uan-uang,ua-uo,s-sh,r-l	1
若烹小鲜	ruò pēng xiǎo xiān	36768	en-eng,ian-iang,ua-uo,r-l,j-q-x	1
若离若即	ruò lí ruò jí	36769	ua-uo,n-l,r-l,j-q-x	1
若释重负	ruò shì zhòng fù	36770	ua-uo,z-zh,s-sh,h-f,r-l	1
若隐若显	ruò yǐn ruò xiǎn	36771	in-ing,ian-iang,ua-uo,r-l,j-q-x	1
苦不可言	kǔ bù kě yán	36775	an-ang	1
苦乐不均	kǔ lè bù jūn	36778	n-l,r-l,j-q-x	1
苦尽甜来	kǔ jìn tián lái	36785	in-ing,ian-iang,ai-ei,n-l,r-l,j-q-x	1
苦身焦思	kǔ shēn jiāo sī	36800	en-eng,s-sh,j-q-x	1
苦难深重	kǔ nàn shēn zhòng	36803	en-eng,an-ang,z-zh,s-sh,n-l	1
苦雨凄风	kǔ yǔ qī fēng	36805	en-eng,h-f,j-q-x	1
苫眼铺眉	shān yǎn pū méi	36808	an-ang,ai-ei,s-sh	3
英姿勃勃	yīng zī bó bó	36810	in-ing,z-zh	1
英姿勃发	yīng zī bó fā	36811	in-ing,z-zh,h-f	1
英姿焕发	yīng zī huàn fā	36812	in-ing,uan-uang,z-zh,h-f	1
英雄辈出	yīng xióng bèi chū	36821	in-ing,ai-ei,c-ch,j-q-x	1
英风亮节	yīng fēng liàng jié	36822	en-eng,in-ing,ian-iang,ia-ie,n-l,h-f,r-l,j-q-x	1
茁壮成长	zhuó zhuàng chéng zhǎng	36825	en-eng,an-ang,uan-uang,ua-uo,z-zh,c-ch	1
范水模山	fàn shuǐ mó shān	36828	an-ang,s-sh,h-f	1
茅屋采椽	máo wū cǎi chuán	36834	uan-uang,ai-ei,ao-ou,c-ch	3
茜茜公主	xī xī gōng zhǔ	36838	z-zh,j-q-x	3
茫无所知	máng wú suǒ zhī	36841	an-ang,ua-uo,z-zh,s-sh	1
茫然不解	máng rán bù jiě	36842	an-ang,ia-ie,r-l,j-q-x	1
茹柔吐刚	rú róu tǔ gāng	36862	an-ang,ao-ou,r-l	3
荆人涉澭	jīng rén shè yōng	36865	en-eng,in-ing,s-sh,r-l,j-q-x	5
荆天棘地	jīng tiān jí dì	36866	in-ing,ian-iang,j-q-x	1
荆棘塞途	jīng jí sè tú	36868	in-ing,s-sh,j-q-x	1
荆棘载途	jīng jí zài tú	36869	in-ing,ai-ei,z-zh,j-q-x	1
草偃风从	cǎo yǎn fēng cóng	36872	en-eng,an-ang,ao-ou,c-ch,h-f	3
草偃风行	cǎo yǎn fēng xíng	36873	en-eng,in-ing,an-ang,ao-ou,c-ch,h-f,j-q-x	3
草创未就	cǎo chuàng wèi jiù	36875	uan-uang,ai-ei,ao-ou,c-ch,j-q-x	1
草头天子	cǎo tóu tiān zǐ	36880	ian-iang,ao-ou,z-zh,c-ch	1
草木愚夫	cǎo mù yú fū	36885	ao-ou,c-ch,h-f	1
草木知威	cǎo mù zhī wēi	36886	ai-ei,ao-ou,z-zh,c-ch	1
草率从事	cǎo shuài cóng shì	36890	ao-ou,c-ch,s-sh	1
草率将事	cǎo lǜ jiāng shì	36891	ian-iang,ao-ou,c-ch,s-sh,n-l,r-l,j-q-x	1
草率收兵	cǎo shuài shōu bīng	36892	in-ing,ao-ou,c-ch,s-sh	1
草芥人命	cǎo jiè rén mìng	36898	en-eng,in-ing,ao-ou,ia-ie,c-ch,r-l,j-q-x	1
草草了事	cǎo cǎo liǎo shì	36900	ao-ou,c-ch,s-sh,n-l,r-l	1
草蛇灰线	cǎo shé huī xiàn	36901	ian-iang,ao-ou,c-ch,s-sh,h-f,j-q-x	1
草行露宿	cǎo xíng lù sù	36902	in-ing,ao-ou,c-ch,s-sh,n-l,r-l,j-q-x	1
草衣木食	cǎo yī mù shí	36903	ao-ou,c-ch,s-sh	1
草长莺飞	cǎo zhǎng yīng fēi	36904	in-ing,an-ang,ai-ei,ao-ou,z-zh,c-ch,h-f	1
草间求活	cǎo jiān qiú huó	36905	ian-iang,ao-ou,ua-uo,c-ch,h-f,j-q-x	1
草靡风行	cǎo mí fēng xíng	36906	en-eng,in-ing,ao-ou,c-ch,h-f,j-q-x	1
荒唐无稽	huāng táng wú jī	36909	an-ang,uan-uang,h-f,j-q-x	1
荒时暴月	huāng shí bào yuè	36912	uan-uang,ao-ou,s-sh,h-f	1
荒淫无度	huāng yín wú dù	36914	in-ing,uan-uang,h-f	1
荞面饸饹	qiáo miàn hé le	36919	ian-iang,n-l,h-f,r-l,j-q-x	3
荡产倾家	dàng chǎn qīng jiā	36920	in-ing,an-ang,ia-ie,c-ch,j-q-x	1
荡魂摄魄	dàng hún shè pò	36921	an-ang,s-sh,h-f	1
荦荦大端	luò luò dà duān	36931	uan-uang,ua-uo,n-l,r-l	3
荫子封妻	yìn zǐ fēng qī	36938	en-eng,in-ing,z-zh,h-f,j-q-x	1
药剂拌种	yào jì bàn zhǒng	36943	an-ang,ao-ou,z-zh,j-q-x	1
药石之言	yào shí zhī yán	36955	an-ang,ao-ou,z-zh,s-sh	1
药笼中物	yào lóng zhōng wù	36956	ao-ou,z-zh,n-l,r-l	1
荼毒生灵	tú dú shēng líng	36971	en-eng,in-ing,s-sh,n-l,r-l	3
莞尔一笑	wǎn ěr yí xiào	36977	an-ang,j-q-x	3
莞尔而笑	wǎn ěr ér xiào	36978	an-ang,j-q-x	3
莫为已甚	mò wéi yǐ shèn	36984	en-eng,ai-ei,s-sh	1
莫之与京	mò zhī yǔ jīng	36985	in-ing,z-zh,j-q-x	1
莫予毒也	mò yú dú yě	36986		1
莫余毒也	mò yú dú yě	36987		1
莫可奈何	mò kě nài hé	36989	ai-ei,n-l,h-f	1
莫可究诘	mò kě jiū jié	36990	ia-ie,j-q-x	3
莫展一筹	mò zhǎn yī chóu	36995	an-ang,ao-ou,z-zh,c-ch	1
莫敢谁何	mò gǎn shuí hé	36996	an-ang,s-sh,h-f	1
莫桑比克	mò sāng bǐ kè	37000	an-ang,s-sh	1
莫知所为	mò zhī suǒ wéi	37003	ai-ei,ua-uo,z-zh,s-sh	1
莫辨楮叶	mò biàn chǔ yè	37005	ian-iang,c-ch	3
莫逆于心	mò nì yú xīn	37009	in-ing,n-l,j-q-x	1
获隽公车	huò jùn gōng chē	37023	ua-uo,c-ch,h-f,j-q-x	3
莺俦燕侣	yīng chóu yàn lǚ	37024	in-ing,an-ang,ao-ou,c-ch,n-l,r-l	3
莺吟燕舞	yīng yín yàn wǔ	37026	in-ing,an-ang	1
莺啼燕语	yīng tí yàn yǔ	37027	in-ing,an-ang	1
莺声燕语	yīng shēng yàn yǔ	37028	en-eng,in-ing,an-ang,s-sh	1
莺巢燕垒	yīng cháo yàn lěi	37029	in-ing,an-ang,ai-ei,ao-ou,c-ch,n-l,r-l	1
莺期燕约	yīng qī yàn yuē	37030	in-ing,an-ang,j-q-x	1
莺歌燕语	yīng gē yàn yǔ	37032	in-ing,an-ang	1
莺猜燕妒	yīng cāi yàn dù	37033	in-ing,an-ang,ai-ei,c-ch	1
莺闺燕阁	yīng guī yàn gé	37035	in-ing,an-ang	1
莺飞燕舞	yīng fēi yàn wǔ	37036	in-ing,an-ang,ai-ei,h-f	1
莺飞草长	yīng fēi cǎo zhǎng	37037	in-ing,an-ang,ai-ei,ao-ou,z-zh,c-ch,h-f	1
莼鲈之思	chún lú zhī sī	37038	z-zh,c-ch,s-sh,n-l,r-l	3
菲食薄衣	fěi shí bó yī	37055	ai-ei,s-sh,h-f	1
萍飘蓬转	píng piāo péng zhuàn	37057	en-eng,in-ing,uan-uang,z-zh	1
萎靡不振	wěi mǐ bù zhèn	37059	en-eng,ai-ei,z-zh	1
营蝇斐锦	yíng yíng fěi jǐn	37062	in-ing,ai-ei,h-f,j-q-x	3
萧郎陌路	xiāo láng mò lù	37063	an-ang,n-l,r-l,j-q-x	1
落井投石	luò jǐng tóu shí	37069	in-ing,ao-ou,ua-uo,s-sh,n-l,r-l,j-q-x	1
落叶知秋	luò yè zhī qiū	37080	ua-uo,z-zh,n-l,r-l,j-q-x	1
落拓不羁	luò tuò bù jī	37104	ua-uo,n-l,r-l,j-q-x	3
落月屋梁	luò yuè wū liáng	37106	ian-iang,ua-uo,n-l,r-l	1
落汤螃蟹	luò tāng páng xiè	37114	an-ang,ia-ie,ua-uo,n-l,r-l,j-q-x	1
落纸云烟	luò zhǐ yún yān	37126	an-ang,ua-uo,z-zh,n-l,r-l	1
落花无言	luò huā wú yán	37134	an-ang,ua-uo,n-l,h-f,r-l	1
落草为寇	luò cǎo wéi kòu	37140	ai-ei,ao-ou,ua-uo,c-ch,n-l,r-l	1
落荒而走	luò huāng ér zǒu	37142	uan-uang,ao-ou,ua-uo,z-zh,n-l,h-f,r-l	1
落落穆穆	luò luò mù mù	37146	ua-uo,n-l,r-l	1
落落难合	luò luò nán hé	37147	an-ang,ua-uo,n-l,h-f,r-l	1
落阱下石	luò jǐng xià shí	37150	in-ing,ia-ie,ua-uo,s-sh,n-l,r-l,j-q-x	3
落雁沉鱼	luò yàn chén yú	37152	en-eng,an-ang,ua-uo,c-ch,n-l,r-l	1
落魄不偶	luò pò bù ǒu	37157	ao-ou,ua-uo,n-l,r-l	1
落魄不羁	luò pò bù jī	37158	ua-uo,n-l,r-l,j-q-x	3
落魄江湖	luò pò jiāng hú	37159	ian-iang,ua-uo,n-l,h-f,r-l,j-q-x	1
葑菲之采	fēng fēi zhī cǎi	37160	en-eng,ai-ei,z-zh,c-ch,h-f	3
著于竹帛	zhù yú zhú bó	37162	z-zh	3
著作权法	zhù zuò quán fǎ	37164	uan-uang,ua-uo,z-zh,h-f,j-q-x	1
著述等身	zhù shù děng shēn	37167	en-eng,z-zh,s-sh	1
葛屦履霜	gé jù lǚ shuāng	37168	uan-uang,s-sh,n-l,r-l,j-q-x	3
葭莩之亲	jiā fú zhī qīn	37177	in-ing,ia-ie,z-zh,h-f,j-q-x	3
蒙以养正	méng yǐ yǎng zhèng	37185	en-eng,an-ang,z-zh	1
蒙古人种	měng gǔ rén zhǒng	37189	en-eng,z-zh,r-l	1
蒙古大夫	měng gǔ dài fū	37191	en-eng,ai-ei,h-f	1
蒙在鼓里	méng zài gǔ lǐ	37196	en-eng,ai-ei,z-zh,n-l,r-l	1
蒙头转向	mēng tóu zhuàn xiàng	37199	en-eng,ian-iang,uan-uang,ao-ou,z-zh,j-q-x	1
蒙昧主义	méng mèi zhǔ yì	37205	en-eng,ai-ei,z-zh	1
蒙昧无知	méng mèi wú zhī	37206	en-eng,ai-ei,z-zh	1
蒙着锅儿	mēng zhe guō er	37213	en-eng,ua-uo,z-zh	1
蒙蒙细雨	méng méng xì yǔ	37219	en-eng,j-q-x	1
蒙袂辑屦	méng mèi jí jù	37222	en-eng,ai-ei,j-q-x	3
蒸汽机车	zhēng qì jī chē	37235	en-eng,z-zh,c-ch,j-q-x	1
蒸沙为饭	zhēng shā wéi fàn	37237	en-eng,an-ang,ai-ei,z-zh,s-sh,h-f	1
蒸沙成饭	zhēng shā chéng fàn	37238	en-eng,an-ang,z-zh,c-ch,s-sh,h-f	1
蒹葭之思	jiān jiā zhī sī	37245	ian-iang,ia-ie,z-zh,s-sh,j-q-x	3
蓝牙技术	lán yá jì shù	37256	an-ang,s-sh,n-l,r-l,j-q-x	1
蓬头历齿	péng tóu lì chǐ	37260	en-eng,ao-ou,c-ch,n-l,r-l	1
蓬头厉齿	péng tóu lì chǐ	37261	en-eng,ao-ou,c-ch,n-l,r-l	1
蓬头赤脚	péng tóu chì jiǎo	37263	en-eng,ao-ou,c-ch,j-q-x	1
蓬头跣足	péng tóu xiǎn zú	37264	en-eng,ian-iang,ao-ou,z-zh,j-q-x	3
蓬生麻中	péng shēng má zhōng	37266	en-eng,z-zh,s-sh	1
蓼虫忘辛	liǎo chóng wàng xīn	37267	in-ing,an-ang,c-ch,n-l,r-l,j-q-x	3
蔓引株求	màn yǐn zhū qiú	37270	in-ing,an-ang,z-zh,j-q-x	1
蔓生植物	màn shēng zhí wù	37272	en-eng,an-ang,z-zh,s-sh	1
蔓草难除	màn cǎo nán chú	37274	an-ang,ao-ou,c-ch,n-l	1
蔓蔓日茂	màn màn rì mào	37275	an-ang,ao-ou,r-l	1
蔚成风气	wèi chéng fēng qì	37281	en-eng,ai-ei,c-ch,h-f,j-q-x	1
蔼然可亲	ǎi rán kě qīn	37287	in-ing,an-ang,ai-ei,r-l,j-q-x	1
蔽日干云	bì rì gān yún	37289	an-ang,r-l	1
蔽明塞聪	bì míng sè cōng	37290	in-ing,c-ch,s-sh	1
蔽聪塞明	bì cōng sè míng	37291	in-ing,c-ch,s-sh	1
薄命佳人	bó mìng jiā rén	37303	en-eng,in-ing,ia-ie,r-l,j-q-x	1
薄唇轻言	báo chún qīng yán	37304	in-ing,an-ang,ao-ou,c-ch,j-q-x	1
薄寒中人	bó hán zhòng rén	37305	en-eng,an-ang,z-zh,h-f,r-l	1
薄情无义	bó qíng wú yì	37311	in-ing,j-q-x	1
薄技在身	bó jì zài shēn	37313	en-eng,ai-ei,z-zh,s-sh,j-q-x	1
薄暮冥冥	bó mù míng míng	37316	in-ing	1
薄物细故	bó wù xì gù	37319	j-q-x	1
薏苡蒙谤	yì yǐ méng bàng	37334	en-eng,an-ang	3
薪尽火传	xīn jìn huǒ chuán	37336	in-ing,uan-uang,ua-uo,c-ch,h-f,j-q-x	1
薮中荆曲	sǒu zhōng jīng qǔ	37340	in-ing,ao-ou,z-zh,s-sh,j-q-x	3
薰天赫地	xūn tiān hè dì	37344	ian-iang,h-f,j-q-x	3
薰莸同器	xūn yóu tóng qì	37346	ao-ou,j-q-x	3
藉草枕块	jiè cǎo zhěn kuài	37350	en-eng,ao-ou,ia-ie,z-zh,c-ch,j-q-x	1
藏之名山	cáng zhī míng shān	37351	in-ing,an-ang,z-zh,c-ch,s-sh	1
藏器待时	cáng qì dài shí	37357	an-ang,ai-ei,c-ch,s-sh,j-q-x	1
藏垢纳污	cáng gòu nà wū	37358	an-ang,ao-ou,c-ch,n-l	1
藏头亢脑	cáng tóu kàng nǎo	37359	an-ang,ao-ou,c-ch,n-l	1
藏巧于拙	cáng qiǎo yú zhuō	37363	an-ang,ua-uo,z-zh,c-ch,j-q-x	1
藏弓烹狗	cáng gōng pēng gǒu	37365	en-eng,an-ang,ao-ou,c-ch	1
藏形匿影	cáng xíng nì yǐng	37366	in-ing,an-ang,c-ch,n-l,j-q-x	1
藏怒宿怨	cáng nù sù yuàn	37367	an-ang,uan-uang,c-ch,s-sh,n-l	1
藏掖躲闪	cáng yē duǒ shǎn	37371	an-ang,ua-uo,c-ch,s-sh	3
藏诸名山	cáng zhū míng shān	37381	in-ing,an-ang,z-zh,c-ch,s-sh	1
藏踪蹑迹	cáng zōng niè jì	37383	an-ang,ia-ie,z-zh,c-ch,n-l,j-q-x	3
藏锋敛锐	cáng fēng liǎn ruì	37387	en-eng,an-ang,ian-iang,c-ch,n-l,h-f,r-l	1
藏锋敛锷	cáng fēng liǎn è	37388	en-eng,an-ang,ian-iang,c-ch,n-l,h-f,r-l	3
藏锋敛颖	cáng fēng liǎn yǐng	37389	en-eng,in-ing,an-ang,ian-iang,c-ch,n-l,h-f,r-l	1
藩镇割据	fān zhèn gē jù	37406	en-eng,an-ang,z-zh,h-f,j-q-x	3
虎不食儿	hǔ bù shí ér	37410	s-sh,h-f	1
虎体熊腰	hǔ tǐ xióng yāo	37411	ao-ou,h-f,j-q-x	1
虎入羊群	hǔ rù yáng qún	37412	an-ang,h-f,r-l,j-q-x	1
虎卧龙跳	hǔ wò lóng tiào	37414	n-l,h-f,r-l	1
虎啸风生	hǔ xiào fēng shēng	37415	en-eng,s-sh,h-f,j-q-x	1
虎头燕颔	hǔ tóu yàn hàn	37416	an-ang,ao-ou,h-f	3
虎尾春冰	hǔ wěi chūn bīng	37421	in-ing,ai-ei,c-ch,h-f	1
虎据龙蟠	hǔ jù lóng pán	37422	an-ang,n-l,h-f,r-l,j-q-x	3
虎斗龙争	hǔ dòu lóng zhēng	37423	en-eng,ao-ou,z-zh,n-l,h-f,r-l	1
虎步龙行	hǔ bù lóng xíng	37424	in-ing,n-l,h-f,r-l,j-q-x	1
虎珀拾芥	hǔ pò shí jiè	37425	ia-ie,s-sh,h-f,j-q-x	3
