虎荡羊群	hǔ dàng yáng qún	37430	an-ang,h-f,j-q-x	1
虎落平川	hǔ luò píng chuān	37431	in-ing,uan-uang,ua-uo,c-ch,n-l,h-f,r-l	1
虚左以待	xū zuǒ yǐ dài	37440	ai-ei,ua-uo,z-zh,j-q-x	1
虚废词说	xū fèi cí shuō	37442	ai-ei,ua-uo,c-ch,s-sh,h-f,j-q-x	1
虚度年华	xū dù nián huá	37443	ian-iang,ua-uo,n-l,h-f,j-q-x	1
虚晃一枪	xū huǎng yī qiāng	37447	ian-iang,uan-uang,h-f,j-q-x	1
虚舟飘瓦	xū zhōu piāo wǎ	37451	ao-ou,z-zh,j-q-x	1
虚论高议	xū lùn gāo yì	37452	ao-ou,n-l,r-l,j-q-x	1
虚词诡说	xū cí guǐ shuō	37453	ua-uo,c-ch,s-sh,j-q-x	1
虫沙猿鹤	chóng shā yuán hè	37455	uan-uang,c-ch,s-sh,h-f	1
虫臂鼠肝	chóng bì shǔ gān	37456	an-ang,c-ch,s-sh	1
虮虱相吊	jǐ shī xiāng diào	37457	ian-iang,s-sh,j-q-x	3
虱处裈中	shī chǔ kūn zhōng	37458	z-zh,c-ch,s-sh	7
虱多不痒	shī duō bù yǎng	37459	an-ang,ua-uo,s-sh	3
虹销雨霁	hóng xiāo yǔ jì	37461	h-f,j-q-x	3
虽覆能复	suī fù néng fù	37463	en-eng,s-sh,n-l,h-f	1
蚁封穴雨	yǐ fēng xué yǔ	37469	en-eng,h-f,j-q-x	1
蚁拥蜂攒	yǐ yōng fēng cuán	37470	en-eng,uan-uang,c-ch,h-f	3
蚁斗蜗争	yǐ dòu wō zhēng	37471	en-eng,ao-ou,z-zh	1
蚁溃鼠骇	yǐ kuì shǔ hài	37472	ai-ei,s-sh,h-f	1
蚁穴坏堤	yǐ xué huài dī	37474	h-f,j-q-x	1
蚁穴溃堤	yǐ xué kuì dī	37475	j-q-x	1
蚁聚蜂屯	yǐ jù fēng tún	37476	en-eng,h-f,j-q-x	1
蚁聚蜂攒	yǐ jù fēng cuán	37477	en-eng,uan-uang,c-ch,h-f,j-q-x	3
蚁附蜂屯	yǐ fù fēng tún	37478	en-eng,h-f	1
蚁集蜂攒	yǐ jí fēng cuán	37479	en-eng,uan-uang,c-ch,h-f,j-q-x	3
蚂蚁缘槐	mǎ yǐ yuán huái	37483	uan-uang,h-f	1
蚌病成珠	bàng bìng chéng zhū	37493	en-eng,in-ing,an-ang,z-zh,c-ch	1
蚌病生珠	bàng bìng shēng zhū	37494	en-eng,in-ing,an-ang,z-zh,s-sh	1
蚌鹬相持	bàng yù xiāng chí	37495	an-ang,ian-iang,c-ch,j-q-x	3
蚕头燕尾	cán tóu yàn wěi	37497	an-ang,ai-ei,ao-ou,c-ch	1
蚕食鲸吞	cán shí jīng tūn	37502	in-ing,an-ang,c-ch,s-sh,j-q-x	1
蛇口蜂针	shé kǒu fēng zhēn	37505	en-eng,ao-ou,z-zh,s-sh,h-f	1
蛇头鼠眼	shé tóu shǔ yǎn	37506	an-ang,ao-ou,s-sh	1
蛇影杯弓	shé yǐng bēi gōng	37507	in-ing,ai-ei,s-sh	1
蛇心佛口	shé xīn fó kǒu	37508	in-ing,ao-ou,s-sh,h-f,j-q-x	1
蛇欲吞象	shé yù tūn xiàng	37509	ian-iang,s-sh,j-q-x	1
蛇蝎为心	shé xiē wéi xīn	37510	in-ing,ai-ei,ia-ie,s-sh,j-q-x	1
蛇蝎心肠	shé xiē xīn cháng	37511	in-ing,an-ang,ia-ie,c-ch,s-sh,j-q-x	1
蛇食鲸吞	shé shí jīng tūn	37513	in-ing,s-sh,j-q-x	1
蛙蟆胜负	wā má shèng fù	37519	en-eng,s-sh,h-f	1
蛟龙得水	jiāo lóng dé shuǐ	37520	s-sh,n-l,r-l,j-q-x	3
蛟龙戏水	jiāo lóng xì shuǐ	37521	s-sh,n-l,r-l,j-q-x	3
蛮不讲理	mán bù jiǎng lǐ	37528	an-ang,ian-iang,n-l,r-l,j-q-x	1
蛮横无理	mán hèng wú lǐ	37532	en-eng,an-ang,n-l,h-f,r-l	1
蛮烟瘴雨	mán yān zhàng yǔ	37533	an-ang,z-zh	3
蛮触相争	mán chù xiāng zhēng	37534	en-eng,an-ang,ian-iang,z-zh,c-ch,j-q-x	1
蛾眉皓齿	é méi hào chǐ	37539	ai-ei,ao-ou,c-ch,h-f	1
蜂合蚁聚	fēng hé yǐ jù	37541	en-eng,h-f,j-q-x	1
蜂合豕突	fēng hé shǐ tū	37542	en-eng,s-sh,h-f	3
蜂屯乌合	fēng tún wū hé	37543	en-eng,h-f	1
蜂屯蚁杂	fēng tún yǐ zá	37544	en-eng,z-zh,h-f	1
蜂屯蚁聚	fēng tún yǐ jù	37545	en-eng,h-f,j-q-x	1
蜂屯蚁附	fēng tún yǐ fù	37546	en-eng,h-f	1
蜂扇蚁聚	fēng shān yǐ jù	37547	en-eng,an-ang,s-sh,h-f,j-q-x	1
蜂拥蚁屯	fēng yōng yǐ tún	37549	en-eng,h-f	1
蜂攒蚁聚	fēng cuán yǐ jù	37550	en-eng,uan-uang,c-ch,h-f,j-q-x	3
蜂攒蚁集	fēng cuán yǐ jí	37551	en-eng,uan-uang,c-ch,h-f,j-q-x	3
蜂腰削背	fēng yāo xuē bèi	37555	en-eng,ai-ei,ao-ou,h-f,j-q-x	1
蜂腰猿背	fēng yāo yuán bèi	37556	en-eng,uan-uang,ai-ei,ao-ou,h-f	1
蜂虿有毒	fēng chài yǒu dú	37557	en-eng,ai-ei,ao-ou,c-ch,h-f	3
蜂识莺猜	fēng shí yīng cāi	37558	en-eng,in-ing,ai-ei,c-ch,s-sh,h-f	1
蜂起云涌	fēng qǐ yún yǒng	37559	en-eng,h-f,j-q-x	1
蜂趋蚁附	fēng qū yǐ fù	37560	en-eng,h-f,j-q-x	1
蜕化变质	tuì huà biàn zhì	37564	ian-iang,ua-uo,z-zh,h-f	1
蜗行牛步	wō xíng niú bù	37566	in-ing,n-l,j-q-x	1
蜗角之争	wō jiǎo zhī zhēng	37568	en-eng,z-zh,j-q-x	1
蜗角虚名	wō jiǎo xū míng	37569	in-ing,j-q-x	1
蜗角蝇头	wō jiǎo yíng tóu	37570	in-ing,ao-ou,j-q-x	1
蜚瓦拔木	fēi wǎ bá mù	37571	ai-ei,h-f	3
蜚短流长	fēi duǎn liú cháng	37572	an-ang,uan-uang,ai-ei,c-ch,n-l,h-f,r-l	3
蜜里调油	mì lǐ tiáo yóu	37577	ao-ou,n-l,r-l	1
蝇头小利	yíng tóu xiǎo lì	37584	in-ing,ao-ou,n-l,r-l,j-q-x	1
蝇头小楷	yíng tóu xiǎo kǎi	37585	in-ing,ai-ei,ao-ou,j-q-x	1
蝇头微利	yíng tóu wēi lì	37586	in-ing,ai-ei,ao-ou,n-l,r-l	1
蝇头蜗角	yíng tóu wō jiǎo	37587	in-ing,ao-ou,j-q-x	1
蝇攒蚁聚	yíng cuán yǐ jù	37589	in-ing,uan-uang,c-ch,j-q-x	3
蝇攒蚁附	yíng cuán yǐ fù	37590	in-ing,uan-uang,c-ch,h-f	3
蝇随骥尾	yíng suí jì wěi	37592	in-ing,ai-ei,s-sh,j-q-x	3
蝉不知雪	chán bù zhī xuě	37593	an-ang,z-zh,c-ch,j-q-x	1
蝉喘雷干	chán chuǎn léi gān	37594	an-ang,uan-uang,ai-ei,c-ch,n-l,r-l	1
蝉腹龟肠	chán fù guī cháng	37595	an-ang,c-ch,h-f	1
蝎蝎螫螫	xiē xiē zhē zhē	37598	ia-ie,z-zh,j-q-x	3
融会通浃	róng huì tōng jiā	37607	ia-ie,h-f,r-l,j-q-x	3
融洽无间	róng qià wú jiàn	37611	ian-iang,ia-ie,r-l,j-q-x	1
螫手解腕	shì shǒu jiě wàn	37615	an-ang,ao-ou,ia-ie,s-sh,j-q-x	3
螳臂当辙	táng bì dāng zhé	37618	an-ang,z-zh	3
螳臂挡车	táng bì dǎng chē	37619	an-ang,c-ch	3
螳螂奋臂	táng láng fèn bì	37620	en-eng,an-ang,n-l,h-f,r-l	3
螳螂黄雀	táng láng huáng què	37621	an-ang,uan-uang,n-l,h-f,r-l,j-q-x	3
螺丝起子	luó sī qǐ zi	37622	ua-uo,z-zh,s-sh,n-l,r-l,j-q-x	1
蟒袍玉带	mǎng páo yù dài	37634	an-ang,ai-ei,ao-ou	3
蟾宫折桂	chán gōng zhé guì	37638	an-ang,z-zh,c-ch	3
蠖屈不伸	huò qū bù shēn	37640	en-eng,ua-uo,s-sh,h-f,j-q-x	3
蠹众木折	dù zhòng mù zhé	37642	z-zh	3
蠹居棋处	dù jū qí chǔ	37644	c-ch,j-q-x	3
血债累累	xuè zhài lěi lěi	37652	ai-ei,z-zh,n-l,r-l,j-q-x	1
血光之灾	xuè guāng zhī zāi	37653	uan-uang,ai-ei,z-zh,j-q-x	1
血勇之人	xuè yǒng zhī rén	37656	en-eng,z-zh,r-l,j-q-x	1
血压正常	xuè yā zhèng cháng	37659	en-eng,an-ang,z-zh,c-ch,j-q-x	1
血压高升	xuè yā gāo shēng	37661	en-eng,ao-ou,s-sh,j-q-x	1
血吸虫病	xuè xī chóng bìng	37667	in-ing,c-ch,j-q-x	1
血型分类	xuè xíng fēn lèi	37671	en-eng,in-ing,ai-ei,n-l,h-f,r-l,j-q-x	1
血小板病	xuè xiǎo bǎn bìng	37673	in-ing,an-ang,j-q-x	1
血性男儿	xuè xìng nán ér	37681	in-ing,an-ang,n-l,j-q-x	1
血战到底	xuè zhàn dào dǐ	37683	an-ang,ao-ou,z-zh,j-q-x	1
血本无归	xuè běn wú guī	37687	en-eng,j-q-x	1
血染沙场	xuè rǎn shā chǎng	37690	an-ang,c-ch,s-sh,r-l,j-q-x	1
血栓形成	xuè shuān xíng chéng	37692	en-eng,in-ing,uan-uang,c-ch,s-sh,j-q-x	1
血栓栓塞	xuè shuān shuān sè	37694	uan-uang,s-sh,j-q-x	1
血气之勇	xuè qì zhī yǒng	37699	z-zh,j-q-x	1
血汗工厂	xuè hàn gōng chǎng	37703	an-ang,c-ch,h-f,j-q-x	1
血沉实验	xuè chén shí yàn	37706	en-eng,an-ang,c-ch,s-sh,j-q-x	1
血沉淀素	xuè chén diàn sù	37707	en-eng,ian-iang,c-ch,s-sh,j-q-x	1
血泪斑斑	xuè lèi bān bān	37712	an-ang,ai-ei,n-l,r-l,j-q-x	1
血泪盈襟	xuè lèi yíng jīn	37713	in-ing,ai-ei,n-l,r-l,j-q-x	1
血流成河	xuè liú chéng hé	37718	en-eng,c-ch,n-l,h-f,r-l,j-q-x	1
血流成渠	xuè liú chéng qú	37719	en-eng,c-ch,n-l,r-l,j-q-x	1
血流漂杵	xuè liú piāo chǔ	37720	c-ch,n-l,r-l,j-q-x	3
血浆蛋白	xuè jiāng dàn bái	37722	an-ang,ian-iang,ai-ei,j-q-x	1
血浓于水	xuè nóng yú shuǐ	37723	s-sh,n-l,j-q-x	1
血液循环	xuè yè xún huán	37728	uan-uang,h-f,j-q-x	1
血液透析	xuè yè tòu xī	37730	ao-ou,j-q-x	1
血管再造	xuè guǎn zài zào	37752	uan-uang,ai-ei,ao-ou,z-zh,j-q-x	1
血管扩张	xuè guǎn kuò zhāng	37754	an-ang,uan-uang,ua-uo,z-zh,j-q-x	1
血管收缩	xuè guǎn shōu suō	37755	uan-uang,ao-ou,ua-uo,s-sh,j-q-x	1
血管梗阻	xuè guǎn gěng zǔ	37756	en-eng,uan-uang,z-zh,j-q-x	1
血管痉挛	xuè guǎn jìng luán	37759	in-ing,uan-uang,n-l,r-l,j-q-x	3
血管破裂	xuè guǎn pò liè	37761	uan-uang,ia-ie,n-l,r-l,j-q-x	1
血管硬化	xuè guǎn yìng huà	37762	in-ing,uan-uang,ua-uo,h-f,j-q-x	1
血管紧张	xuè guǎn jǐn zhāng	37763	in-ing,an-ang,uan-uang,z-zh,j-q-x	1
血管舒张	xuè guǎn shū zhāng	37765	an-ang,uan-uang,z-zh,s-sh,j-q-x	1
血管造影	xuè guǎn zào yǐng	37766	in-ing,uan-uang,ao-ou,z-zh,j-q-x	1
血缘关系	xuè yuán guān xì	37779	uan-uang,j-q-x	1
血肉模糊	xuè ròu mó hú	37782	ao-ou,h-f,r-l,j-q-x	1
血肉相联	xuè ròu xiāng lián	37784	ian-iang,ao-ou,n-l,r-l,j-q-x	1
血脉不畅	xuè mài bú chàng	37789	an-ang,ai-ei,c-ch,j-q-x	1
血脉相通	xuè mài xiāng tōng	37790	ian-iang,ai-ei,j-q-x	1
血腥屠杀	xuè xīng tú shā	37793	in-ing,s-sh,j-q-x	1
血腥统治	xuè xīng tǒng zhì	37794	in-ing,z-zh,j-q-x	1
血腥镇压	xuè xīng zhèn yā	37795	en-eng,in-ing,z-zh,j-q-x	1
血迹斑斑	xuè jì bān bān	37807	an-ang,j-q-x	1
血风肉雨	xuè fēng ròu yǔ	37812	en-eng,ao-ou,h-f,r-l,j-q-x	1
衅发萧墙	xìn fā xiāo qiáng	37813	in-ing,ian-iang,h-f,j-q-x	1
衅稔恶盈	xìn rěn è yíng	37814	en-eng,in-ing,r-l,j-q-x	3
行不从径	xíng bù cóng jìng	37815	in-ing,c-ch,j-q-x	1
行不副言	xíng bù fù yán	37816	in-ing,an-ang,h-f,j-q-x	1
行不履危	xíng bù lǚ wēi	37817	in-ing,ai-ei,n-l,r-l,j-q-x	1
行不由径	xíng bù yóu jìng	37819	in-ing,ao-ou,j-q-x	1
行不胜衣	xíng bù shèng yī	37820	en-eng,in-ing,s-sh,j-q-x	1
行不苟合	xíng bù gǒu hé	37821	in-ing,ao-ou,h-f,j-q-x	1
行不贰过	xíng bù èr guò	37822	in-ing,ua-uo,j-q-x	1
行不逾方	xíng bù yú fāng	37824	in-ing,an-ang,h-f,j-q-x	1
行住坐卧	xíng zhù zuò wò	37839	in-ing,ua-uo,z-zh,j-q-x	1
行侠好义	xíng xiá hào yì	37841	in-ing,ao-ou,ia-ie,h-f,j-q-x	1
行兵布阵	xíng bīng bù zhèn	37842	en-eng,in-ing,z-zh,j-q-x	1
行动坐卧	xíng dòng zuò wò	37851	in-ing,ua-uo,z-zh,j-q-x	1
行古志今	xíng gǔ zhì jīn	37855	in-ing,z-zh,j-q-x	1
行号卧泣	xíng háo wò qì	37857	in-ing,ao-ou,h-f,j-q-x	1
行号巷哭	xíng háo xiàng kū	37858	in-ing,ian-iang,ao-ou,h-f,j-q-x	1
行合趋同	xíng hé qū tóng	37859	in-ing,h-f,j-q-x	1
行同狗彘	xíng tóng gǒu zhì	37860	in-ing,ao-ou,z-zh,j-q-x	3
行同狗豨	xíng tóng gǒu xī	37861	in-ing,ao-ou,j-q-x	3
行同能偶	xíng tóng néng ǒu	37862	en-eng,in-ing,ao-ou,n-l,j-q-x	1
行吟诗人	xíng yín shī rén	37864	en-eng,in-ing,s-sh,r-l,j-q-x	1
行奸卖俏	xíng jiān mài qiào	37870	in-ing,ian-iang,ai-ei,j-q-x	1
行尸走骨	xíng shī zǒu gǔ	37878	in-ing,ao-ou,z-zh,s-sh,j-q-x	1
行崄侥幸	xíng xiǎn jiǎo xìng	37879	in-ing,ian-iang,j-q-x	5
行己有耻	xíng jǐ yǒu chǐ	37880	in-ing,ao-ou,c-ch,j-q-x	1
行师动众	xíng shī dòng zhòng	37882	in-ing,z-zh,s-sh,j-q-x	1
行思坐忆	xíng sī zuò yì	37887	in-ing,ua-uo,z-zh,s-sh,j-q-x	1
行思坐想	xíng sī zuò xiǎng	37888	in-ing,ian-iang,ua-uo,z-zh,s-sh,j-q-x	1
行思坐筹	xíng sī zuò chóu	37889	in-ing,ao-ou,ua-uo,z-zh,c-ch,s-sh,j-q-x	1
行政处分	xíng zhèng chǔ fèn	37895	en-eng,in-ing,z-zh,c-ch,h-f,j-q-x	1
行易知难	xíng yì zhī nán	37902	in-ing,an-ang,z-zh,n-l,j-q-x	1
行有余力	xíng yǒu yú lì	37904	in-ing,ao-ou,n-l,r-l,j-q-x	1
行步如飞	xíng bù rú fēi	37915	in-ing,ai-ei,h-f,r-l,j-q-x	1
行浊言清	xíng zhuó yán qīng	37916	in-ing,an-ang,ua-uo,z-zh,j-q-x	1
行眠立盹	xíng mián lì dǔn	37923	in-ing,ian-iang,n-l,r-l,j-q-x	1
行者让路	xíng zhě ràng lù	37932	in-ing,an-ang,z-zh,n-l,r-l,j-q-x	1
行若无事	xíng ruò wú shì	37941	in-ing,ua-uo,s-sh,r-l,j-q-x	1
行若狗彘	xíng ruò gǒu zhì	37942	in-ing,ao-ou,ua-uo,z-zh,r-l,j-q-x	3
行藏用舍	xíng cáng yòng shě	37946	in-ing,an-ang,c-ch,s-sh,j-q-x	1
行行蛇蚓	háng háng shé yǐn	37948	in-ing,an-ang,s-sh,h-f	1
行踪无定	xíng zōng wú dìng	37962	in-ing,z-zh,j-q-x	1
行远升高	xíng yuǎn shēng gāo	37968	en-eng,in-ing,uan-uang,ao-ou,s-sh,j-q-x	1
行远自迩	xíng yuǎn zì ěr	37969	in-ing,uan-uang,z-zh,j-q-x	3
行针步线	xíng zhēn bù xiàn	37975	en-eng,in-ing,ian-iang,z-zh,j-q-x	1
行间字里	háng jiān zì lǐ	37979	an-ang,ian-iang,z-zh,n-l,h-f,r-l,j-q-x	1
行险徼幸	xíng xiǎn jiǎo xìng	37980	in-ing,ian-iang,j-q-x	3
行香挂牌	xíng xiāng guà pái	37982	in-ing,ian-iang,ai-ei,ua-uo,j-q-x	1
衒玉贾石	xuàn yù gǔ shí	37986	uan-uang,s-sh,j-q-x	5
衔华佩实	xián huá pèi shí	37987	ian-iang,ai-ei,ua-uo,s-sh,h-f,j-q-x	1
衔尾相随	xián wěi xiāng suí	37988	ian-iang,ai-ei,s-sh,j-q-x	1
衔沙填海	xián shā tián hǎi	37989	ian-iang,ai-ei,s-sh,h-f,j-q-x	1
衔玉贾石	xián yù jiǎ shí	37990	ian-iang,ia-ie,s-sh,j-q-x	1
衔环结草	xián huán jié cǎo	37991	ian-iang,uan-uang,ao-ou,ia-ie,c-ch,h-f,j-q-x	1
衔石填海	xián shí tián hǎi	37992	ian-iang,ai-ei,s-sh,h-f,j-q-x	1
衔胆栖冰	xián dǎn qī bīng	37993	in-ing,an-ang,ian-iang,j-q-x	1
街号巷哭	jiē hào xiàng kū	37996	ian-iang,ao-ou,ia-ie,h-f,j-q-x	1
街坊四邻	jiē fāng sì lín	37998	in-ing,an-ang,ia-ie,s-sh,n-l,h-f,r-l,j-q-x	1
街坊邻里	jiē fāng lín lǐ	37999	in-ing,an-ang,ia-ie,n-l,h-f,r-l,j-q-x	1
街头巷底	jiē tóu xiàng dǐ	38003	ian-iang,ao-ou,ia-ie,j-q-x	1
街巷阡陌	jiē xiàng qiān mò	38006	ian-iang,ia-ie,j-q-x	3
街谈巷语	jiē tán xiàng yǔ	38010	an-ang,ian-iang,ia-ie,j-q-x	1
街谈巷说	jiē tán xiàng shuō	38011	an-ang,ian-iang,ia-ie,ua-uo,s-sh,j-q-x	1
街谈巷谚	jiē tán xiàng yàn	38012	an-ang,ian-iang,ia-ie,j-q-x	1
街谭巷议	jiē tán xiàng yì	38013	an-ang,ian-iang,ia-ie,j-q-x	1
街面儿上	jiē miàn ér shàng	38014	an-ang,ian-iang,ia-ie,s-sh,j-q-x	1
衡短论长	héng duǎn lùn cháng	38016	en-eng,an-ang,uan-uang,c-ch,n-l,h-f,r-l	1
衡石程书	héng shí chéng shū	38017	en-eng,c-ch,s-sh,h-f	1
衡石量书	héng shí liàng shū	38018	en-eng,ian-iang,s-sh,n-l,h-f,r-l	1
衡门深巷	héng mén shēn xiàng	38020	en-eng,ian-iang,s-sh,h-f,j-q-x	1
衣不完采	yī bù wán cǎi	38021	an-ang,ai-ei,c-ch	1
衣冠土枭	yī guān tǔ xiāo	38026	uan-uang,j-q-x	3
衣冠枭獍	yī guān xiāo jìng	38027	in-ing,uan-uang,j-q-x	7
衣冠礼乐	yī guàn lǐ lè	38029	uan-uang,n-l,r-l	1
衣单食薄	yī dān shí bó	38032	an-ang,s-sh	1
衣宵食旰	yī xiāo shí gàn	38033	an-ang,s-sh,j-q-x	3
衣架饭囊	yī jià fàn náng	38037	an-ang,ia-ie,n-l,h-f,j-q-x	1
衣租食税	yì zū shí shuì	38040	z-zh,s-sh	1
衣绣夜行	yī xiù yè xíng	38041	in-ing,j-q-x	1
衣绣昼行	yì xiù zhòu xíng	38042	in-ing,ao-ou,z-zh,j-q-x	1
衣被群生	yì bèi qún shēng	38044	en-eng,ai-ei,s-sh,j-q-x	1
衣裳之会	yī shang zhī huì	38047	an-ang,z-zh,s-sh,h-f	1
衣轻乘肥	yì qīng chéng féi	38048	en-eng,in-ing,ai-ei,c-ch,h-f,j-q-x	1
衣钵相传	yī bō xiāng chuán	38049	ian-iang,uan-uang,c-ch,j-q-x	3
衣锦夜行	yì jǐn yè xíng	38050	in-ing,j-q-x	1
衣锦昼行	yì jǐn zhòu xíng	38051	in-ing,ao-ou,z-zh,j-q-x	1
衣锦过乡	yì jǐn guò xiāng	38052	in-ing,ian-iang,ua-uo,j-q-x	1
衣锦食肉	yì jǐn shí ròu	38054	in-ing,ao-ou,s-sh,r-l,j-q-x	1
衣食不周	yī shí bù zhōu	38056	ao-ou,z-zh,s-sh	1
衣食父母	yī shí fù mǔ	38058	s-sh,h-f	1
衣食税租	yī shí shuì zū	38059	z-zh,s-sh	1
补习学校	bǔ xí xué xiào	38061	j-q-x	1
补天柱地	bǔ tiān zhù dì	38071	ian-iang,z-zh	1
补苴罅漏	bǔ jū xià lòu	38080	ao-ou,ia-ie,n-l,r-l,j-q-x	3
补过拾遗	bǔ guò shí yí	38086	ua-uo,s-sh	1
补过饰非	bǔ guò shì fēi	38087	ai-ei,ua-uo,s-sh,h-f	1
补阙拾遗	bǔ quē shí yí	38090	s-sh,j-q-x	3
补阙挂漏	bǔ quē guà lòu	38091	ao-ou,ua-uo,n-l,r-l,j-q-x	3
补阙灯檠	bǔ quē dēng qíng	38092	en-eng,in-ing,j-q-x	3
表演艺术	biǎo yǎn yì shù	38102	an-ang,s-sh	1
表里为奸	biǎo lǐ wéi jiān	38110	ian-iang,ai-ei,n-l,r-l,j-q-x	1
表里相依	biǎo lǐ xiāng yī	38111	ian-iang,n-l,r-l,j-q-x	1
表里相应	biǎo lǐ xiāng yìng	38112	in-ing,ian-iang,n-l,r-l,j-q-x	1
表里相济	biǎo lǐ xiāng jì	38113	ian-iang,n-l,r-l,j-q-x	1
表里相符	biǎo lǐ xiāng fú	38114	ian-iang,n-l,h-f,r-l,j-q-x	1
衰当益壮	shuāi dāng yì zhuàng	38128	an-ang,uan-uang,z-zh,s-sh	1
袂云汗雨	mèi yún hàn yǔ	38145	an-ang,ai-ei,h-f	3
袅娜娉婷	niǎo nuó pīng tíng	38147	in-ing,ua-uo,n-l	3
袅袅娜娜	niǎo niǎo nuó nuó	38148	ua-uo,n-l	3
袍笏登场	páo hù dēng chǎng	38154	en-eng,an-ang,ao-ou,c-ch,h-f	3
袒胸露背	tǎn xiōng lù bèi	38155	an-ang,ai-ei,n-l,r-l,j-q-x	3
袒臂挥拳	tǎn bì huī quán	38157	an-ang,uan-uang,h-f,j-q-x	3
袒裼裸裎	tǎn xī luǒ chéng	38158	en-eng,an-ang,ua-uo,c-ch,n-l,r-l,j-q-x	7
被发左衽	pī fà zuǒ rèn	38170	en-eng,ua-uo,z-zh,h-f,r-l	3
被发文身	pī fà wén shēn	38171	en-eng,s-sh,h-f	1
被发缨冠	pī fà yīng guàn	38172	in-ing,uan-uang,h-f	3
被子植物	bèi zi zhí wù	38178	ai-ei,z-zh	1
被宠若惊	bèi chǒng ruò jīng	38179	in-ing,ai-ei,ua-uo,c-ch,r-l,j-q-x	1
被山带河	pī shān dài hé	38182	an-ang,ai-ei,s-sh,h-f	1
被泽蒙庥	bèi zé méng xiū	38184	en-eng,ai-ei,z-zh,j-q-x	3
被甲执兵	pī jiǎ zhí bīng	38185	in-ing,ia-ie,z-zh,j-q-x	1
被甲持兵	pī jiǎ chí bīng	38186	in-ing,ia-ie,c-ch,j-q-x	1
被甲据鞍	pī jiǎ jù ān	38187	an-ang,ia-ie,j-q-x	1
被甲枕戈	pī jiǎ zhěn gē	38188	en-eng,ia-ie,z-zh,j-q-x	1
被褐怀玉	pī hè huái yù	38194	h-f	1
被褐怀珠	pī hè huái zhū	38195	z-zh,h-f	1
被选举权	bèi xuǎn jǔ quán	38199	uan-uang,ai-ei,j-q-x	1
裁红点翠	cái hóng diǎn cuì	38211	ian-iang,ai-ei,c-ch,h-f	1
裁长补短	cái cháng bǔ duǎn	38214	an-ang,uan-uang,ai-ei,c-ch	1
裂冠毁冕	liè guàn huǐ miǎn	38215	ian-iang,uan-uang,ia-ie,n-l,h-f,r-l	3
裂土分茅	liè tǔ fēn máo	38218	en-eng,ao-ou,ia-ie,n-l,h-f,r-l	1
裂眦嚼齿	liè zì jiáo chǐ	38225	ia-ie,z-zh,c-ch,n-l,r-l,j-q-x	3
裂石穿云	liè shí chuān yún	38226	uan-uang,ia-ie,c-ch,s-sh,n-l,r-l	1
裂裳衣疮	liè shang yī chuāng	38229	an-ang,uan-uang,ia-ie,c-ch,s-sh,n-l,r-l	1
裂裳裹足	liè cháng guǒ zú	38230	an-ang,ia-ie,ua-uo,z-zh,c-ch,n-l,r-l	1
装潢门面	zhuāng huáng mén miàn	38237	en-eng,ian-iang,uan-uang,z-zh,h-f	3
裘弊金尽	qiú bì jīn jìn	38248	in-ing,j-q-x	3
裙屐少年	qún jī shào nián	38250	ian-iang,ao-ou,s-sh,n-l,j-q-x	3
裸裎袒裼	luǒ chéng tǎn xī	38265	en-eng,an-ang,ua-uo,c-ch,n-l,r-l,j-q-x	7
裹血力战	guǒ xuè lì zhàn	38268	an-ang,ua-uo,z-zh,n-l,r-l,j-q-x	1
褐衣不完	hè yī bù wán	38271	an-ang,h-f	1
褐衣蔬食	hè yī shū shí	38272	s-sh,h-f	1
褒善贬恶	bāo shàn biǎn è	38273	an-ang,ian-iang,ao-ou,s-sh	1
褒衣危冠	bāo yī wēi guān	38274	uan-uang,ai-ei,ao-ou	1
褒贬与夺	bāo biǎn yǔ duó	38275	ian-iang,ao-ou,ua-uo	1
褚小怀大	zhǔ xiǎo huái dà	38276	z-zh,h-f,j-q-x	3
褚小杯大	zhǔ xiǎo bēi dà	38277	ai-ei,z-zh,j-q-x	3
褪后趋前	tuì hòu qū qián	38282	ian-iang,ao-ou,h-f,j-q-x	1
襟怀洒落	jīn huái sǎ luò	38286	in-ing,ua-uo,s-sh,n-l,h-f,r-l,j-q-x	1
襟怀磊落	jīn huái lěi luò	38287	in-ing,ai-ei,ua-uo,n-l,h-f,r-l,j-q-x	1
西伯利亚	xī bó lì yà	38289	n-l,r-l,j-q-x	1
西台痛哭	xī tái tòng kū	38296	ai-ei,j-q-x	1
西山日薄	xī shān rì báo	38298	an-ang,ao-ou,s-sh,r-l,j-q-x	1
西方净国	xī fāng jìng guó	38299	in-ing,an-ang,ua-uo,h-f,j-q-x	1
西方净土	xī fāng jìng tǔ	38300	in-ing,an-ang,h-f,j-q-x	1
西方国家	xī fāng guó jiā	38301	an-ang,ia-ie,ua-uo,h-f,j-q-x	1
西沙群岛	xī shā qún dǎo	38303	ao-ou,s-sh,j-q-x	1
西赆南琛	xī jìn nán chēn	38313	en-eng,in-ing,an-ang,c-ch,n-l,j-q-x	7
西风残照	xī fēng cán zhào	38315	en-eng,an-ang,ao-ou,z-zh,c-ch,h-f,j-q-x	1
西风落叶	xī fēng luò yè	38316	en-eng,ua-uo,n-l,h-f,r-l,j-q-x	1
西食东眠	xī shí dōng mián	38317	ian-iang,s-sh,j-q-x	1
要价还价	yào jià huán jià	38328	uan-uang,ao-ou,ia-ie,h-f,j-q-x	1
要害之地	yào hài zhī dì	38342	ai-ei,ao-ou,z-zh,h-f	1
要死要活	yào sǐ yào huó	38351	ao-ou,ua-uo,s-sh,h-f	1
要而言之	yào ér yán zhī	38362	an-ang,ao-ou,z-zh	1
要而论之	yào ér lùn zhī	38363	ao-ou,z-zh,n-l,r-l	1
要言妙道	yào yán miào dào	38369	an-ang,ao-ou	1
覆亡无日	fù wáng wú rì	38382	an-ang,h-f,r-l	1
覆军杀将	fù jūn shā jiāng	38383	ian-iang,s-sh,h-f,j-q-x	1
覆地翻天	fù dì fān tiān	38384	an-ang,ian-iang,h-f	1
覆盆难照	fù pén nán zhào	38389	en-eng,an-ang,ao-ou,z-zh,n-l,h-f	1
覆车之戒	fù chē zhī jiè	38393	ia-ie,z-zh,c-ch,h-f,j-q-x	1
覆车之轨	fù chē zhī guǐ	38394	z-zh,c-ch,h-f	1
覆车之鉴	fù chē zhī jiàn	38395	ian-iang,z-zh,c-ch,h-f,j-q-x	1
覆雨翻云	fù yǔ fān yún	38396	an-ang,h-f	1
见世生苗	jiàn shì shēng miáo	38399	en-eng,ian-iang,s-sh,j-q-x	1
见义当为	jiàn yì dāng wéi	38402	an-ang,ian-iang,ai-ei,j-q-x	1
见义必为	jiàn yì bì wéi	38403	ian-iang,ai-ei,j-q-x	1
见义敢为	jiàn yì gǎn wéi	38404	an-ang,ian-iang,ai-ei,j-q-x	1
见事生风	jiàn shì shēng fēng	38407	en-eng,ian-iang,s-sh,h-f,j-q-x	1
见事风生	jiàn shì fēng shēng	38408	en-eng,ian-iang,s-sh,h-f,j-q-x	1
见兔放鹰	jiàn tù fàng yīng	38411	in-ing,an-ang,ian-iang,h-f,j-q-x	1
见兔顾犬	jiàn tù gù quǎn	38412	ian-iang,uan-uang,j-q-x	1
见几而作	jiàn jī ér zuò	38414	ian-iang,ua-uo,z-zh,j-q-x	1
见利思义	jiàn lì sī yì	38417	ian-iang,s-sh,n-l,r-l,j-q-x	1
见势不妙	jiàn shì bù miào	38419	ian-iang,s-sh,j-q-x	1
见危致命	jiàn wēi zhì mìng	38421	in-ing,ian-iang,ai-ei,z-zh,j-q-x	1
见卵求鸡	jiàn luǎn qiú jī	38422	ian-iang,uan-uang,n-l,r-l,j-q-x	1
见可而进	jiàn kě ér jìn	38423	in-ing,ian-iang,j-q-x	1
见哭兴悲	jiàn kū xīng bēi	38425	in-ing,ian-iang,ai-ei,j-q-x	1
见善必迁	jiàn shàn bì qiān	38426	an-ang,ian-iang,s-sh,j-q-x	1
见噎废食	jiàn yē fèi shí	38427	ian-iang,ai-ei,s-sh,h-f,j-q-x	3
见墙见羹	jiàn qiáng jiàn gēng	38429	en-eng,ian-iang,j-q-x	1
见始知终	jiàn shǐ zhī zhōng	38434	ian-iang,z-zh,s-sh,j-q-x	1
见小暗大	jiàn xiǎo àn dà	38435	an-ang,ian-iang,j-q-x	1
见弃于人	jiàn qì yú rén	38438	en-eng,ian-iang,r-l,j-q-x	1
见弹求鸮	jiàn dàn qiú xiāo	38439	an-ang,ian-iang,j-q-x	3
见弹求鹗	jiàn dàn qiú è	38440	an-ang,ian-iang,j-q-x	3
见微知萌	jiàn wēi zhī méng	38442	en-eng,ian-iang,ai-ei,z-zh,j-q-x	1
见德思齐	jiàn dé sī qí	38444	ian-iang,s-sh,j-q-x	1
见性成佛	jiàn xìng chéng fó	38445	en-eng,in-ing,ian-iang,c-ch,h-f,j-q-x	1
见怪非怪	jiàn guài fēi guài	38448	ian-iang,ai-ei,h-f,j-q-x	1
见惯不惊	jiàn guàn bù jīng	38449	in-ing,ian-iang,uan-uang,j-q-x	1
见惯司空	jiàn guàn sī kōng	38450	ian-iang,uan-uang,s-sh,j-q-x	1
见所不见	jiàn suǒ bù jiàn	38451	ian-iang,ua-uo,s-sh,j-q-x	1
见时知几	jiàn shí zhī jǐ	38458	ian-iang,z-zh,s-sh,j-q-x	1
见智见仁	jiàn zhì jiàn rén	38460	en-eng,ian-iang,z-zh,r-l,j-q-x	1
见机而作	jiàn jī ér zuò	38462	ian-iang,ua-uo,z-zh,j-q-x	1
见机而行	jiàn jī ér xíng	38463	in-ing,ian-iang,j-q-x	1
见棱见角	jiàn léng jiàn jiǎo	38465	en-eng,ian-iang,n-l,r-l,j-q-x	1
见溺不救	jiàn nì bù jiù	38467	ian-iang,n-l,j-q-x	1
见猎心喜	jiàn liè xīn xǐ	38470	in-ing,ian-iang,ia-ie,n-l,r-l,j-q-x	1
见神见鬼	jiàn shén jiàn guǐ	38472	en-eng,ian-iang,s-sh,j-q-x	1
见笑大方	jiàn xiào dà fāng	38475	an-ang,ian-iang,h-f,j-q-x	1
见精识精	jiàn jīng shí jīng	38476	in-ing,ian-iang,s-sh,j-q-x	1
见素抱朴	xiàn sù bào pǔ	38477	ian-iang,ao-ou,s-sh,j-q-x	1
见经识经	jiàn jīng shí jīng	38478	in-ing,ian-iang,s-sh,j-q-x	1
见缝就钻	jiàn fèng jiù zuān	38479	en-eng,ian-iang,uan-uang,z-zh,h-f,j-q-x	1
见羹见墙	jiàn gēng jiàn qiáng	38482	en-eng,ian-iang,j-q-x	1
见诮大方	jiàn qiào dà fāng	38489	an-ang,ian-iang,h-f,j-q-x	3
见豕负涂	jiàn shǐ fù tú	38492	ian-iang,s-sh,h-f,j-q-x	3
见貌辨色	jiàn mào biàn sè	38493	ian-iang,ao-ou,s-sh,j-q-x	1
见贤思齐	jiàn xián sī qí	38495	ian-iang,s-sh,j-q-x	1
见钱眼红	jiàn qián yǎn hóng	38497	an-ang,ian-iang,h-f,j-q-x	1
见雀张罗	jiàn què zhāng luó	38501	an-ang,ian-iang,ua-uo,z-zh,n-l,r-l,j-q-x	1
见鞍思马	jiàn ān sī mǎ	38504	an-ang,ian-iang,s-sh,j-q-x	1
见风使帆	jiàn fēng shǐ fān	38505	en-eng,an-ang,ian-iang,s-sh,h-f,j-q-x	1
见风使船	jiàn fēng shǐ chuán	38507	en-eng,ian-iang,uan-uang,c-ch,s-sh,h-f,j-q-x	1
见风是雨	jiàn fēng shì yǔ	38508	en-eng,ian-iang,s-sh,h-f,j-q-x	1
见风转篷	jiàn fēng zhuǎn péng	38509	en-eng,ian-iang,uan-uang,z-zh,h-f,j-q-x	1
见风转舵	jiàn fēng zhuǎn duò	38510	en-eng,ian-iang,uan-uang,ua-uo,z-zh,h-f,j-q-x	1
见马克思	jiàn mǎ kè sī	38511	ian-iang,s-sh,j-q-x	1
观化听风	guān huà tīng fēng	38520	en-eng,in-ing,uan-uang,ua-uo,h-f	1
观场矮人	guān chǎng ǎi rén	38521	en-eng,an-ang,uan-uang,ai-ei,c-ch,r-l	1
观山玩水	guān shān wán shuǐ	38530	an-ang,uan-uang,s-sh	1
观形察色	guān xíng chá sè	38531	in-ing,uan-uang,c-ch,s-sh,j-q-x	1
观往知来	guān wǎng zhī lái	38532	an-ang,uan-uang,ai-ei,z-zh,n-l,r-l	1
观念形态	guān niàn xíng tài	38534	in-ing,ian-iang,uan-uang,ai-ei,n-l,j-q-x	1
观望不前	guān wàng bù qián	38540	an-ang,ian-iang,uan-uang,j-q-x	1
观机而作	guān jī ér zuò	38541	uan-uang,ua-uo,z-zh,j-q-x	1
观机而动	guān jī ér dòng	38542	uan-uang,j-q-x	1
观眉说眼	guān méi shuō yǎn	38549	an-ang,uan-uang,ai-ei,ua-uo,s-sh	1
观者云集	guān zhě yún jí	38554	uan-uang,z-zh,j-q-x	1
观者如云	guān zhě rú yún	38555	uan-uang,z-zh,r-l	1
观者如垛	guān zhě rú duǒ	38556	uan-uang,ua-uo,z-zh,r-l	1
观者如市	guān zhě rú shì	38558	uan-uang,z-zh,s-sh,r-l	1
观者如织	guān zhě rú zhī	38559	uan-uang,z-zh,r-l	1
观者成堵	guān zhě chéng dǔ	38560	en-eng,uan-uang,z-zh,c-ch	1
观貌察色	guān mào chá sè	38563	uan-uang,ao-ou,c-ch,s-sh	1
观赏植物	guān shǎng zhí wù	38565	an-ang,uan-uang,z-zh,s-sh	1
观过知仁	guān guò zhī rén	38568	en-eng,uan-uang,ua-uo,z-zh,r-l	1
观隅反三	guān yú fǎn sān	38570	an-ang,uan-uang,s-sh,h-f	1
观风察俗	guān fēng chá sú	38575	en-eng,uan-uang,c-ch,s-sh,h-f	1
规天矩地	guī tiān jǔ dì	38577	ian-iang,j-q-x	1
规旋矩折	guī xuán jǔ shé	38579	uan-uang,s-sh,j-q-x	1
规求无度	guī qiú wú dù	38583	j-q-x	1
规行矩止	guī xíng jǔ zhǐ	38587	in-ing,z-zh,j-q-x	1
规行矩步	guī xíng jǔ bù	38588	in-ing,j-q-x	1
规重矩叠	guī chóng jǔ dié	38589	ia-ie,c-ch,j-q-x	1
规重矩迭	guī zhòng jǔ dié	38590	ia-ie,z-zh,j-q-x	1
视丹如绿	shì dān rú lǜ	38592	an-ang,s-sh,n-l,r-l	1
视为儿戏	shì wéi ér xì	38593	ai-ei,s-sh,j-q-x	1
视为寇雠	shì wéi kòu chóu	38594	ai-ei,ao-ou,c-ch,s-sh	3
视为畏途	shì wéi wèi tú	38595	ai-ei,s-sh	1
视为知己	shì wéi zhī jǐ	38596	ai-ei,z-zh,s-sh,j-q-x	1
视同一律	shì tóng yī lǜ	38597	s-sh,n-l,r-l	1
视同儿戏	shì tóng ér xì	38598	s-sh,j-q-x	1
视同拱璧	shì tóng gǒng bì	38599	s-sh	1
视同秦越	shì tóng qín yuè	38600	in-ing,s-sh,j-q-x	1
视同路人	shì tóng lù rén	38601	en-eng,s-sh,n-l,r-l	1
视同陌路	shì tóng mò lù	38602	s-sh,n-l,r-l	1
视如土芥	shì rú tǔ jiè	38604	ia-ie,s-sh,r-l,j-q-x	1
视如寇仇	shì rú kòu chóu	38605	ao-ou,c-ch,s-sh,r-l	1
视如草芥	shì rú cǎo jiè	38606	ao-ou,ia-ie,c-ch,s-sh,r-l,j-q-x	1
视微知著	shì wēi zhī zhuó	38608	ai-ei,ua-uo,z-zh,s-sh	1
视死若归	shì sǐ ruò guī	38609	ua-uo,s-sh,r-l	1
视死若生	shì sǐ ruò shēng	38610	en-eng,ua-uo,s-sh,r-l	1
视若儿戏	shì ruò ér xì	38613	ua-uo,s-sh,r-l,j-q-x	1
视若路人	shì ruò lù rén	38615	en-eng,ua-uo,s-sh,n-l,r-l	1
视远步高	shì yuǎn bù gāo	38618	uan-uang,ao-ou,s-sh	1
视险若夷	shì xiǎn ruò yí	38619	ian-iang,ua-uo,s-sh,r-l,j-q-x	1
览闻辩见	lǎn wén biàn jiàn	38620	en-eng,an-ang,ian-iang,n-l,r-l,j-q-x	1
觉人觉世	jué rén jué shì	38621	en-eng,s-sh,r-l,j-q-x	1
角巾东路	jiǎo jīn dōng lù	38632	in-ing,n-l,r-l,j-q-x	1
角巾私第	jiǎo jīn sī dì	38633	in-ing,s-sh,j-q-x	1
角户分门	jiǎo hù fēn mén	38635	en-eng,h-f,j-q-x	1
角立杰出	jiǎo lì jié chū	38640	ia-ie,c-ch,n-l,r-l,j-q-x	1
解人难得	jiě rén nán dé	38655	en-eng,an-ang,ia-ie,n-l,r-l,j-q-x	1
解兵释甲	jiě bīng shì jiǎ	38659	in-ing,ia-ie,s-sh,j-q-x	1
解剑拜仇	jiě jiàn bài chóu	38662	ian-iang,ai-ei,ao-ou,ia-ie,c-ch,j-q-x	1
解发佯狂	jiě fà yáng kuáng	38669	an-ang,uan-uang,ia-ie,h-f,j-q-x	3
解弦更张	jiě xián gēng zhāng	38680	en-eng,an-ang,ian-iang,ia-ie,z-zh,j-q-x	1
解放战争	jiě fàng zhàn zhēng	38691	en-eng,an-ang,ia-ie,z-zh,h-f,j-q-x	1
解析几何	jiě xī jǐ hé	38699	ia-ie,h-f,j-q-x	1
解民倒悬	jiě mín dào xuán	38703	in-ing,uan-uang,ao-ou,ia-ie,j-q-x	1
解甲休兵	jiě jiǎ xiū bīng	38710	in-ing,ia-ie,j-q-x	1
解甲休士	jiě jiǎ xiū shì	38711	ia-ie,s-sh,j-q-x	1
解甲倒戈	jiě jiǎ dǎo gē	38712	ao-ou,ia-ie,j-q-x	1
解甲投戈	jiě jiǎ tóu gē	38714	ao-ou,ia-ie,j-q-x	1
解疑释惑	jiě yí shì huò	38716	ia-ie,ua-uo,s-sh,h-f,j-q-x	1
解纷排难	jiě fēn pái nán	38722	en-eng,an-ang,ai-ei,ia-ie,n-l,h-f,j-q-x	1
解衣包火	jiě yī bāo huǒ	38728	ao-ou,ia-ie,ua-uo,h-f,j-q-x	1
解衣卸甲	jiě yī xiè jiǎ	38729	ia-ie,j-q-x	1
解衣抱火	jiě yī bào huǒ	38730	ao-ou,ia-ie,ua-uo,h-f,j-q-x	1
解衣推食	jiě yī tuī shí	38731	ia-ie,s-sh,j-q-x	1
解衣槃磅	jiě yī pán páng	38732	an-ang,ia-ie,j-q-x	5
解衣盘磅	jiě yī pán páng	38733	an-ang,ia-ie,j-q-x	1
解衣盘礴	jiě yī pán bó	38734	an-ang,ia-ie,j-q-x	3
解衣磅礴	jiě yī páng bó	38735	an-ang,ia-ie,j-q-x	3
解衣般礴	jiě yī bān bó	38736	an-ang,ia-ie,j-q-x	3
解衣衣人	jiě yī yī rén	38737	en-eng,ia-ie,r-l,j-q-x	1
解铃系铃	jiě líng xì líng	38749	in-ing,ia-ie,n-l,r-l,j-q-x	1
解骖推食	jiě cān tuī shí	38762	an-ang,ia-ie,c-ch,s-sh,j-q-x	3
解黏去缚	jiě nián qù fù	38763	ian-iang,ia-ie,n-l,h-f,j-q-x	3
触地号天	chù dì hào tiān	38767	ian-iang,ao-ou,c-ch,h-f	1
触处机来	chù chǔ jī lái	38768	ai-ei,c-ch,n-l,r-l,j-q-x	1
触手可及	chù shǒu kě jí	38769	ao-ou,c-ch,s-sh,j-q-x	1
触斗蛮争	chù dòu mán zhēng	38770	en-eng,an-ang,ao-ou,z-zh,c-ch	1
触景伤心	chù jǐng shāng xīn	38771	in-ing,an-ang,c-ch,s-sh,j-q-x	1
触景伤怀	chù jǐng shāng huái	38772	in-ing,an-ang,c-ch,s-sh,h-f,j-q-x	1
触景伤情	chù jǐng shāng qíng	38773	in-ing,an-ang,c-ch,s-sh,j-q-x	1
触机便发	chù jī biàn fā	38775	ian-iang,c-ch,h-f,j-q-x	1
触物兴怀	chù wù xīng huái	38776	in-ing,c-ch,h-f,j-q-x	1
触目兴叹	chù mù xīng tàn	38777	in-ing,an-ang,c-ch,j-q-x	1
触石决木	chù shí jué mù	38778	c-ch,s-sh,j-q-x	1
触类而长	chù lèi ér cháng	38780	an-ang,ai-ei,c-ch,n-l,r-l	1
言三语四	yán sān yǔ sì	38785	an-ang,s-sh	1
言不二价	yán bù èr jià	38786	an-ang,ia-ie,j-q-x	1
言不及行	yán bù jí xíng	38788	in-ing,an-ang,j-q-x	1
言不尽意	yán bù jìn yì	38789	in-ing,an-ang,j-q-x	1
言不由中	yán bù yóu zhōng	38790	an-ang,ao-ou,z-zh	1
言不达意	yán bù dá yì	38792	an-ang	1
言不逮意	yán bù dǎi yì	38793	an-ang,ai-ei	1
言不顾行	yán bù gù xíng	38794	in-ing,an-ang,j-q-x	1
言与心违	yán yǔ xīn wéi	38795	in-ing,an-ang,ai-ei,j-q-x	1
言中事隐	yán zhōng shì yǐn	38797	in-ing,an-ang,z-zh,s-sh	1
言之不预	yán zhī bù yù	38799	an-ang,z-zh	1
言之有序	yán zhī yǒu xù	38800	an-ang,ao-ou,z-zh,j-q-x	1
言之有故	yán zhī yǒu gù	38802	an-ang,ao-ou,z-zh	1
言之有礼	yán zhī yǒu lǐ	38805	an-ang,ao-ou,z-zh,n-l,r-l	1
言之过早	yán zhì guò zǎo	38806	an-ang,ao-ou,ua-uo,z-zh	1
言之过甚	yán zhī guò shèn	38807	en-eng,an-ang,ua-uo,z-zh,s-sh	1
言从计听	yán cóng jì tīng	38808	in-ing,an-ang,c-ch,j-q-x	1
言从计纳	yán cóng jì nà	38809	an-ang,c-ch,n-l,j-q-x	1
言从计行	yán cóng jì xíng	38810	in-ing,an-ang,c-ch,j-q-x	1
言信行果	yán xìn xíng guǒ	38813	in-ing,an-ang,ua-uo,j-q-x	1
言出祸从	yán chū huò cóng	38814	an-ang,ua-uo,c-ch,h-f	1
言发祸随	yán fā huò suí	38815	an-ang,ua-uo,s-sh,h-f	1
言听事行	yán tīng shì xíng	38816	in-ing,an-ang,s-sh,j-q-x	1
言听行从	yán tīng xíng cóng	38817	in-ing,an-ang,c-ch,j-q-x	1
言听计行	yán tīng jì xíng	38819	in-ing,an-ang,j-q-x	1
言和意顺	yán hé yì shùn	38821	an-ang,s-sh,h-f	1
言多伤行	yán duō shāng xíng	38822	in-ing,an-ang,ua-uo,s-sh,j-q-x	1
言多语失	yán duō yǔ shī	38823	an-ang,ua-uo,s-sh	1
言差语错	yán chà yǔ cuò	38824	an-ang,ua-uo,c-ch	1
言归和好	yán guī hé hǎo	38826	an-ang,ao-ou,h-f	1
言必有中	yán bì yǒu zhòng	38828	an-ang,ao-ou,z-zh	1
言必有据	yán bì yǒu jù	38829	an-ang,ao-ou,j-q-x	1
言必有物	yán bì yǒu wù	38830	an-ang,ao-ou	1
言扬行举	yán yáng xíng jǔ	38831	in-ing,an-ang,j-q-x	1
言提其耳	yán tí qí ěr	38832	an-ang,j-q-x	1
言文行远	yán wén xíng yuǎn	38834	en-eng,in-ing,an-ang,uan-uang,j-q-x	1
言方行圆	yán fāng xíng yuán	38835	in-ing,an-ang,uan-uang,h-f,j-q-x	1
言无不尽	yán wú bù jìn	38836	in-ing,an-ang,j-q-x	1
言来语去	yán lái yǔ qù	38838	an-ang,ai-ei,n-l,r-l,j-q-x	1
言清行浊	yán qīng xíng zhuó	38839	in-ing,an-ang,ua-uo,z-zh,j-q-x	1
言笑不苟	yán xiào bù gǒu	38840	an-ang,ao-ou,j-q-x	1
言笑自若	yán xiào zì ruò	38841	an-ang,ua-uo,z-zh,r-l,j-q-x	1
言简意少	yán jiǎn yì shǎo	38842	an-ang,ian-iang,ao-ou,s-sh,j-q-x	1
言约旨远	yán yuē zhǐ yuǎn	38843	an-ang,uan-uang,z-zh	1
言者不知	yán zhě bù zhī	38844	an-ang,z-zh	1
言者弗知	yán zhě fú zhī	38845	an-ang,z-zh,h-f	1
言而不信	yán ér bù xìn	38846	in-ing,an-ang,j-q-x	1
言而有信	yán ér yǒu xìn	38848	in-ing,an-ang,ao-ou,j-q-x	1
言芳行洁	yán fāng xíng jié	38849	in-ing,an-ang,ia-ie,h-f,j-q-x	1
言若悬河	yán ruò xuán hé	38850	an-ang,uan-uang,ua-uo,h-f,r-l,j-q-x	1
言行一致	yán xíng yī zhì	38852	in-ing,an-ang,z-zh,j-q-x	1
言行不一	yán xíng bù yī	38853	in-ing,an-ang,j-q-x	1
言行不符	yán xíng bù fú	38854	in-ing,an-ang,h-f,j-q-x	1
言行不贰	yán xíng bù èr	38855	in-ing,an-ang,j-q-x	1
言行信果	yán xíng xìn guǒ	38856	in-ing,an-ang,ua-uo,j-q-x	1
言行抱一	yán xíng bào yī	38857	in-ing,an-ang,ao-ou,j-q-x	1
言行相副	yán xíng xiāng fù	38858	in-ing,an-ang,ian-iang,h-f,j-q-x	1
言行相悖	yán xíng xiāng bèi	38859	in-ing,an-ang,ian-iang,ai-ei,j-q-x	1
言行相符	yán xíng xiāng fú	38860	in-ing,an-ang,ian-iang,h-f,j-q-x	1
言行相诡	yán xíng xiāng guǐ	38861	in-ing,an-ang,ian-iang,j-q-x	1
言行相顾	yán xíng xiāng gù	38862	in-ing,an-ang,ian-iang,j-q-x	1
言行若一	yán xíng ruò yī	38863	in-ing,an-ang,ua-uo,r-l,j-q-x	1
言行计从	yán xíng jì cóng	38864	in-ing,an-ang,c-ch,j-q-x	1
言论风生	yán lùn fēng shēng	38866	en-eng,an-ang,s-sh,n-l,h-f,r-l	1
言词恳切	yán cí kěn qiè	38867	en-eng,an-ang,ia-ie,c-ch,j-q-x	1
言语路绝	yán yǔ lù jué	38870	an-ang,n-l,r-l,j-q-x	1
言语道断	yán yǔ dào duàn	38871	an-ang,uan-uang,ao-ou	1
言近意远	yán jìn yì yuǎn	38874	in-ing,an-ang,uan-uang,j-q-x	1
言近指远	yán jìn zhǐ yuǎn	38875	in-ing,an-ang,uan-uang,z-zh,j-q-x	1
言近旨远	yán jìn zhǐ yuǎn	38876	in-ing,an-ang,uan-uang,z-zh,j-q-x	1
言重九鼎	yán zhòng jiǔ dǐng	38878	in-ing,an-ang,z-zh,j-q-x	1
言颠语倒	yán diān yǔ dǎo	38879	an-ang,ian-iang,ao-ou	1
言高语低	yán gāo yǔ dī	38880	an-ang,ao-ou	1
詈夷为跖	lì yí wéi zhí	38883	ai-ei,z-zh,n-l,r-l	3
詹言曲说	zhān yán qǔ shuō	38884	an-ang,ua-uo,z-zh,s-sh,j-q-x	3
誉不绝口	yù bù jué kǒu	38885	ao-ou,j-q-x	1
誓同生死	shì tóng shēng sǐ	38889	en-eng,s-sh	1
誓天断发	shì tiān duàn fā	38890	ian-iang,uan-uang,s-sh,h-f	1
誓死不二	shì sǐ bù èr	38891	s-sh	1
誓死不屈	shì sǐ bù qū	38892	s-sh,j-q-x	1
誓死不渝	shì sǐ bù yú	38893	s-sh	1
誓死不贰	shì sǐ bù èr	38894	s-sh	1
警愦觉聋	jǐng kuì jué lóng	38904	in-ing,n-l,r-l,j-q-x	3
计上心头	jì shàng xīn tóu	38916	in-ing,an-ang,ao-ou,s-sh,j-q-x	1
计上心来	jì shàng xīn lái	38917	in-ing,an-ang,ai-ei,s-sh,n-l,r-l,j-q-x	1
计不反顾	jì bù fǎn gù	38918	an-ang,h-f,j-q-x	1
计不旋跬	jì bù xuán kuǐ	38919	uan-uang,j-q-x	3
计不旋踵	jì bù xuán zhǒng	38920	uan-uang,z-zh,j-q-x	3
计不返顾	jì bù fǎn gù	38921	an-ang,h-f,j-q-x	1
计伐称勋	jì fá chēng xūn	38922	en-eng,c-ch,h-f,j-q-x	1
计出万全	jì chū wàn quán	38923	an-ang,uan-uang,c-ch,j-q-x	1
计出万死	jì chū wàn sǐ	38924	an-ang,c-ch,s-sh,j-q-x	1
计功行封	jì gōng xíng fēng	38927	en-eng,in-ing,h-f,j-q-x	1
计功行赏	jì gōng xíng shǎng	38928	in-ing,an-ang,s-sh,j-q-x	1
计功补过	jì gōng bǔ guò	38929	ua-uo,j-q-x	1
计功量罪	jì gōng liàng zuì	38930	ian-iang,z-zh,n-l,r-l,j-q-x	1
计勋行赏	jì xūn xíng shǎng	38931	in-ing,an-ang,s-sh,j-q-x	1
计合谋从	jì hé móu cóng	38932	ao-ou,c-ch,h-f,j-q-x	1
计将安出	jì jiāng ān chū	38933	an-ang,ian-iang,c-ch,j-q-x	1
计尽力穷	jì jìn lì qióng	38934	in-ing,n-l,r-l,j-q-x	1
计斗负才	jì dòu fù cái	38936	ai-ei,ao-ou,c-ch,h-f,j-q-x	1
计日以俟	jì rì yǐ sì	38937	s-sh,r-l,j-q-x	3
计日以待	jì rì yǐ dài	38938	ai-ei,r-l,j-q-x	1
计日以期	jì rì yǐ qī	38939	r-l,j-q-x	1
计日可待	jì rì kě dài	38940	ai-ei,r-l,j-q-x	1
计日可期	jì rì kě qī	38941	r-l,j-q-x	1
计日指期	jì rì zhǐ qī	38942	z-zh,r-l,j-q-x	1
计日而俟	jì rì ér sì	38943	s-sh,r-l,j-q-x	3
计日而待	jì rì ér dài	38944	ai-ei,r-l,j-q-x	1
计深虑远	jì shēn lǜ yuǎn	38945	en-eng,uan-uang,s-sh,n-l,r-l,j-q-x	1
计然之术	jì rán zhī shù	38946	an-ang,z-zh,s-sh,r-l,j-q-x	1
计研心算	jì yán xīn suàn	38947	in-ing,an-ang,uan-uang,s-sh,j-q-x	1
计穷力尽	jì qióng lì jìn	38950	in-ing,n-l,r-l,j-q-x	1
计穷势迫	jì qióng shì pò	38951	s-sh,j-q-x	1
计穷虑尽	jì qióng lǜ jìn	38952	in-ing,n-l,r-l,j-q-x	1
计绌方匮	jì chù fāng kuì	38955	an-ang,c-ch,h-f,j-q-x	3
计行虑义	jì xíng lǜ yì	38956	in-ing,n-l,r-l,j-q-x	1
计行言听	jì xíng yán tīng	38957	in-ing,an-ang,j-q-x	1
计过自讼	jì guò zì sòng	38958	ua-uo,z-zh,s-sh,j-q-x	1
认仇作父	rèn chóu zuò fù	38965	en-eng,ao-ou,ua-uo,z-zh,c-ch,h-f,r-l	1
认奴作郎	rèn nú zuò láng	38970	en-eng,an-ang,ua-uo,z-zh,n-l,r-l	1
认影为头	rèn yǐng wéi tóu	38971	en-eng,in-ing,ai-ei,ao-ou,r-l	1
认影迷头	rèn yǐng mí tóu	38972	en-eng,in-ing,ao-ou,r-l	1
认敌作父	rèn dí zuò fù	38974	en-eng,ua-uo,z-zh,h-f,r-l	1
认知科学	rèn zhī kē xué	38976	en-eng,z-zh,r-l,j-q-x	1
认贼为子	rèn zéi wéi zǐ	38980	en-eng,ai-ei,z-zh,r-l	1
认贼为父	rèn zéi wéi fù	38981	en-eng,ai-ei,z-zh,h-f,r-l	1
讨恶翦暴	tǎo è jiǎn bào	38991	ian-iang,ao-ou,j-q-x	5
讨类知原	tǎo lèi zhī yuán	38993	uan-uang,ai-ei,ao-ou,z-zh,n-l,r-l	1
讪牙闲嗑	shàn yá xián kē	39000	an-ang,ian-iang,s-sh,j-q-x	3
讫情尽意	qì qíng jìn yì	39001	in-ing,j-q-x	3
训练有素	xùn liàn yǒu sù	39004	ian-iang,ao-ou,s-sh,n-l,r-l,j-q-x	1
议不反顾	yì bù fǎn gù	39005	an-ang,h-f	1
议论纷纭	yì lùn fēn yún	39015	en-eng,n-l,h-f,r-l	3
议论纷纷	yì lùn fēn fēn	39016	en-eng,n-l,h-f,r-l	1
议论纷错	yì lùn fēn cuò	39017	en-eng,ua-uo,c-ch,n-l,h-f,r-l	1
议论英发	yì lùn yīng fā	39018	in-ing,n-l,h-f,r-l	1
议论风发	yì lùn fēng fā	39019	en-eng,n-l,h-f,r-l	1
议论风生	yì lùn fēng shēng	39020	en-eng,s-sh,n-l,h-f,r-l	1
记功忘过	jì gōng wàng guò	39026	an-ang,ua-uo,j-q-x	1
讲信修睦	jiǎng xìn xiū mù	39036	in-ing,ian-iang,j-q-x	1
讲古论今	jiǎng gǔ lùn jīn	39037	in-ing,ian-iang,n-l,r-l,j-q-x	1
讲是说非	jiǎng shì shuō fēi	39044	ian-iang,ai-ei,ua-uo,s-sh,h-f,j-q-x	1
讲经说法	jiǎng jīng shuō fǎ	39045	in-ing,ian-iang,ua-uo,s-sh,h-f,j-q-x	1
讳恶不悛	huì è bù quān	39048	uan-uang,h-f,j-q-x	3
讳树数马	huì shù shù mǎ	39049	s-sh,h-f	1
讳莫高深	huì mò gāo shēn	39051	en-eng,ao-ou,s-sh,h-f	1
讷口少言	nè kǒu shǎo yán	39052	an-ang,ao-ou,s-sh,n-l	3
讷言敏行	nè yán mǐn xíng	39053	in-ing,an-ang,n-l,j-q-x	3
讹以传讹	é yǐ chuán é	39067	uan-uang,c-ch	1
论世知人	lùn shì zhī rén	39070	en-eng,z-zh,s-sh,n-l,r-l	1
论今说古	lùn jīn shuō gǔ	39073	in-ing,ua-uo,s-sh,n-l,r-l,j-q-x	1
论列是非	lùn liè shì fēi	39076	ai-ei,ia-ie,s-sh,n-l,h-f,r-l	1
论功受赏	lùn gōng shòu shǎng	39078	an-ang,ao-ou,s-sh,n-l,r-l	1
论功封赏	lùn gōng fēng shǎng	39079	en-eng,an-ang,s-sh,n-l,h-f,r-l	1
论功行封	lùn gōng xíng fēng	39080	en-eng,in-ing,n-l,h-f,r-l,j-q-x	1
论千论万	lùn qiān lùn wàn	39082	an-ang,ian-iang,n-l,r-l,j-q-x	1
论德使能	lùn dé shǐ néng	39086	en-eng,s-sh,n-l,r-l	1
论心定罪	lùn xīn dìng zuì	39087	in-ing,z-zh,n-l,r-l,j-q-x	1
论甘忌辛	lùn gān jì xīn	39096	in-ing,an-ang,n-l,r-l,j-q-x	1
论短道长	lùn duǎn dào cháng	39097	an-ang,uan-uang,ao-ou,c-ch,n-l,r-l	1
论议风生	lùn yì fēng shēng	39100	en-eng,s-sh,n-l,h-f,r-l	1
论辩风生	lùn biàn fēng shēng	39109	en-eng,ian-iang,s-sh,n-l,h-f,r-l	1
论道经邦	lùn dào jīng bāng	39112	in-ing,an-ang,ao-ou,n-l,r-l,j-q-x	1
论长说短	lùn cháng shuō duǎn	39113	an-ang,uan-uang,ua-uo,c-ch,s-sh,n-l,r-l	1
论长道短	lùn cháng dào duǎn	39114	an-ang,uan-uang,ao-ou,c-ch,n-l,r-l	1
论高寡合	lùn gāo guǎ hé	39118	ao-ou,ua-uo,n-l,h-f,r-l	1
论黄数白	lùn huáng shù bái	39119	uan-uang,ai-ei,s-sh,n-l,h-f,r-l	1
论黄数黑	lùn huáng shǔ hēi	39120	uan-uang,ai-ei,s-sh,n-l,h-f,r-l	1
讽多要寡	fěng duō yào guǎ	39123	en-eng,ao-ou,ua-uo,h-f	1
设心处虑	shè xīn chǔ lǜ	39126	in-ing,c-ch,s-sh,n-l,r-l,j-q-x	1
访亲问友	fǎng qīn wèn yǒu	39131	en-eng,in-ing,an-ang,ao-ou,h-f,j-q-x	1
证据确凿	zhèng jù què záo	39139	en-eng,ao-ou,z-zh,j-q-x	1
证龟成鳖	zhèng guī chéng biē	39143	en-eng,ia-ie,z-zh,c-ch	1
诃佛诋巫	hē fó dǐ wū	39144	h-f	3
评头论脚	píng tóu lùn jiǎo	39154	in-ing,ao-ou,n-l,r-l,j-q-x	1
识变从宜	shí biàn cóng yí	39171	ian-iang,c-ch,s-sh	1
识多才广	shí duō cái guǎng	39172	uan-uang,ai-ei,ua-uo,c-ch,s-sh	1
识字知书	shí zì zhī shū	39176	z-zh,s-sh	1
识微知著	shí wēi zhī zhuó	39177	ai-ei,ua-uo,z-zh,s-sh	1
识微见几	shí wēi jiàn jǐ	39178	ian-iang,ai-ei,s-sh,j-q-x	1
识微见远	shí wēi jiàn yuǎn	39179	ian-iang,uan-uang,ai-ei,s-sh,j-q-x	1
识才尊贤	shí cái zūn xián	39181	ian-iang,ai-ei,z-zh,c-ch,s-sh,j-q-x	1
识文谈字	shí wén tán zì	39183	en-eng,an-ang,z-zh,s-sh	1
识时达务	shí shí dá wù	39186	s-sh	1
识时达变	shí shí dá biàn	39187	ian-iang,s-sh	1
识时通变	shí shí tōng biàn	39188	ian-iang,s-sh	1
识明智审	shí míng zhì shěn	39189	en-eng,in-ing,z-zh,s-sh	1
识涂老马	shí tú lǎo mǎ	39190	ao-ou,s-sh,n-l,r-l	1
识礼知书	shí lǐ zhī shū	39193	z-zh,s-sh,n-l,r-l	1
识途老马	shí tú lǎo mǎ	39199	ao-ou,s-sh,n-l,r-l	1
诈哑佯聋	zhà yǎ yáng lóng	39200	an-ang,z-zh,n-l,r-l	3
诈奸不及	zhà jiān bù jí	39202	ian-iang,z-zh,j-q-x	1
诈痴不颠	zhà chī bù diān	39203	ian-iang,z-zh,c-ch	1
诌上抑下	zhōu shàng yì xià	39212	an-ang,ao-ou,ia-ie,z-zh,s-sh,j-q-x	3
词不逮意	cí bù dài yì	39214	ai-ei,c-ch	1
词不逮理	cí bù dài lǐ	39215	ai-ei,c-ch,n-l,r-l	1
词严义正	cí yán yì zhèng	39216	en-eng,an-ang,z-zh,c-ch	1
词华典赡	cí huá diǎn shàn	39218	an-ang,ian-iang,ua-uo,c-ch,s-sh,h-f	1
词无枝叶	cí wú zhī yè	39222	z-zh,c-ch	1
词正理直	cí zhèng lǐ zhí	39225	en-eng,z-zh,c-ch,n-l,r-l	1
词甚切激	cí shèn qiè jī	39226	en-eng,ia-ie,c-ch,s-sh,j-q-x	1
词穷理尽	cí qióng lǐ jìn	39227	in-ing,c-ch,n-l,r-l,j-q-x	1
词约指明	cí yuē zhǐ míng	39228	in-ing,z-zh,c-ch	1
词言义正	cí yán yì zhèng	39229	en-eng,an-ang,z-zh,c-ch	1
诎寸信尺	qū cùn xìn chǐ	39232	in-ing,c-ch,j-q-x	5
诎要桡腘	qū yào ráo guó	39233	ao-ou,ua-uo,r-l,j-q-x	7
诗中有画	shī zhōng yǒu huà	39253	ao-ou,ua-uo,z-zh,s-sh,h-f	1
诗书发冢	shī shū fà zhǒng	39254	z-zh,s-sh,h-f	3
诗家三昧	shī jiā sān mèi	39260	an-ang,ai-ei,ia-ie,s-sh,j-q-x	1
诗礼之家	shī lǐ zhī jiā	39261	ia-ie,z-zh,s-sh,n-l,r-l,j-q-x	1
诗礼人家	shī lǐ rén jiā	39262	en-eng,ia-ie,s-sh,n-l,r-l,j-q-x	1
诗礼传家	shī lǐ chuán jiā	39263	uan-uang,ia-ie,c-ch,s-sh,n-l,r-l,j-q-x	1
诗酒风流	shī jiǔ fēng liú	39267	en-eng,s-sh,n-l,h-f,r-l,j-q-x	1
诘戎治兵	jié róng zhì bīng	39273	in-ing,ia-ie,z-zh,r-l,j-q-x	3
诘曲聱牙	jié qǔ áo yá	39274	ao-ou,ia-ie,j-q-x	3
诘诎聱牙	jié qū áo yá	39276	ao-ou,ia-ie,j-q-x	7
诚心正意	chéng xīn zhèng yì	39281	en-eng,in-ing,z-zh,c-ch,j-q-x	1
诛尽杀绝	zhū jìn shā jué	39286	in-ing,z-zh,s-sh,j-q-x	3
诛心之论	zhū xīn zhī lùn	39287	in-ing,z-zh,n-l,r-l,j-q-x	3
诛暴讨逆	zhū bào tǎo nì	39288	ao-ou,z-zh,n-l	3
诛求不已	zhū qiú bù yǐ	39289	z-zh,j-q-x	3
诛求无度	zhū qiú wú dù	39290	z-zh,j-q-x	3
话不投机	huà bù tóu jī	39291	ao-ou,ua-uo,h-f,j-q-x	1
话不相投	huà bù xiāng tóu	39292	ian-iang,ao-ou,ua-uo,h-f,j-q-x	1
话不虚传	huà bù xū chuán	39293	uan-uang,ua-uo,c-ch,h-f,j-q-x	1
话中有话	huà zhōng yǒu huà	39294	ao-ou,ua-uo,z-zh,h-f	1
话言话语	huà yán huà yǔ	39302	an-ang,ua-uo,h-f	1
话里带刺	huà lǐ dài cì	39305	ai-ei,ua-uo,c-ch,n-l,h-f,r-l	1
话里有刺	huà lǐ yǒu cì	39306	ao-ou,ua-uo,c-ch,n-l,h-f,r-l	1
话里藏阄	huà lǐ cáng jiū	39308	an-ang,ua-uo,c-ch,n-l,h-f,r-l,j-q-x	3
话长说短	huà cháng shuō duǎn	39309	an-ang,uan-uang,ua-uo,c-ch,s-sh,h-f	1
诞妄不经	dàn wàng bù jīng	39310	in-ing,an-ang,j-q-x	1
诞幻不经	dàn huàn bù jīng	39311	in-ing,an-ang,uan-uang,h-f,j-q-x	1
诞罔不经	dàn wǎng bù jīng	39312	in-ing,an-ang,j-q-x	3
诞谩不经	dàn màn bù jīng	39313	in-ing,an-ang,j-q-x	3
诟如不闻	gòu rú bù wén	39314	en-eng,ao-ou,r-l	3
诟龟呼天	gòu guī hū tiān	39315	ian-iang,ao-ou,h-f	3
诡形奇制	guǐ xíng qí zhì	39317	in-ing,z-zh,j-q-x	1
诡秘莫测	guǐ mì mò cè	39319	c-ch	1
诡言浮说	guǐ yán fú shuō	39321	an-ang,ua-uo,s-sh,h-f	1
诡诞不经	guǐ dàn bù jīng	39322	in-ing,an-ang,j-q-x	1
询根问底	xún gēn wèn dǐ	39324	en-eng,j-q-x	1
询谋佥同	xún móu qiān tóng	39325	ian-iang,ao-ou,j-q-x	3
详情度理	xiáng qíng dù lǐ	39337	in-ing,ian-iang,n-l,r-l,j-q-x	1
详星拜斗	xiáng xīng bài dǒu	39339	in-ing,ian-iang,ai-ei,ao-ou,j-q-x	1
诬良为盗	wū liáng wéi dào	39348	ian-iang,ai-ei,ao-ou,n-l,r-l	1
语不惊人	yǔ bù jīng rén	39349	en-eng,in-ing,r-l,j-q-x	1
语不投机	yǔ bù tóu jī	39350	ao-ou,j-q-x	1
语出月胁	yǔ chū yuè xié	39355	ia-ie,c-ch,j-q-x	1
语四言三	yǔ sì yán sān	39358	an-ang,s-sh	1
语妙天下	yǔ miào tiān xià	39362	ian-iang,ia-ie,j-q-x	1
语妙绝伦	yǔ miào jué lún	39363	n-l,r-l,j-q-x	1
语无诠次	yǔ wú quán cì	39372	uan-uang,c-ch,j-q-x	3
语短情长	yǔ duǎn qíng cháng	39382	in-ing,an-ang,uan-uang,c-ch,j-q-x	1
语笑喧呼	yǔ xiào xuān hū	39384	uan-uang,h-f,j-q-x	1
语笑喧哗	yǔ xiào xuān huá	39385	uan-uang,ua-uo,h-f,j-q-x	1
语笑喧阗	yǔ xiào xuān tián	39386	ian-iang,uan-uang,j-q-x	3
语简意赅	yǔ jiǎn yì gāi	39387	ian-iang,ai-ei,j-q-x	3
语言无味	yǔ yán wú wèi	39393	an-ang,ai-ei	1
语近指远	yǔ jìn zhǐ yuǎn	39396	in-ing,uan-uang,z-zh,j-q-x	1
语近词冗	yǔ jìn cí rǒng	39397	in-ing,c-ch,r-l,j-q-x	1
语重心沉	yǔ zhòng xīn chén	39399	en-eng,in-ing,z-zh,c-ch,j-q-x	1
语重情深	yǔ zhòng qíng shēn	39401	en-eng,in-ing,z-zh,s-sh,j-q-x	1
语长心重	yǔ cháng xīn zhòng	39402	in-ing,an-ang,z-zh,c-ch,j-q-x	1
误作非为	wù zuò fēi wéi	39409	ai-ei,ua-uo,z-zh,h-f	1
误打误撞	wù dǎ wù zhuàng	39413	uan-uang,z-zh	1
诱掖后进	yòu yè hòu jìn	39424	in-ing,ao-ou,h-f,j-q-x	3
诱掖奖劝	yòu yè jiǎng quàn	39425	ian-iang,uan-uang,ao-ou,j-q-x	3
说不出口	shuō bù chū kǒu	39434	ao-ou,ua-uo,c-ch,s-sh	1
说东谈西	shuō dōng tán xī	39441	an-ang,ua-uo,s-sh,j-q-x	1
说亲道热	shuō qīn dào rè	39445	in-ing,ao-ou,ua-uo,s-sh,r-l,j-q-x	1
说今道古	shuō jīn dào gǔ	39446	in-ing,ao-ou,ua-uo,s-sh,j-q-x	1
说千说万	shuō qiān shuō wàn	39448	an-ang,ian-iang,ua-uo,s-sh,j-q-x	1
说千道万	shuō qiān dào wàn	39449	an-ang,ian-iang,ao-ou,ua-uo,s-sh,j-q-x	1
说古谈今	shuō gǔ tán jīn	39450	in-ing,an-ang,ua-uo,s-sh,j-q-x	1
说古道今	shuō gǔ dào jīn	39451	in-ing,ao-ou,ua-uo,s-sh,j-q-x	1
说咸道淡	shuō xián dào dàn	39454	an-ang,ian-iang,ao-ou,ua-uo,s-sh,j-q-x	1
说唱文学	shuō chàng wén xué	39456	en-eng,an-ang,ua-uo,c-ch,s-sh,j-q-x	1
说嘴郎中	shuō zuǐ láng zhōng	39458	an-ang,ua-uo,z-zh,s-sh,n-l,r-l	1
说地谈天	shuō dì tán tiān	39459	an-ang,ian-iang,ua-uo,s-sh	1
说好嫌歹	shuō hǎo xián dǎi	39464	ian-iang,ai-ei,ao-ou,ua-uo,s-sh,h-f,j-q-x	1
说文解字	shuō wén jiě zì	39475	en-eng,ia-ie,ua-uo,z-zh,s-sh,j-q-x	1
说是弄非	shuō shì nòng fēi	39480	ai-ei,ua-uo,s-sh,n-l,h-f	1
说是谈非	shuō shì tán fēi	39481	an-ang,ai-ei,ua-uo,s-sh,h-f	1
说是道非	shuō shì dào fēi	39482	ai-ei,ao-ou,ua-uo,s-sh,h-f	1
说来说去	shuō lái shuō qù	39485	ai-ei,ua-uo,s-sh,n-l,r-l,j-q-x	1
说梅止渴	shuō méi zhǐ kě	39486	ai-ei,ua-uo,z-zh,s-sh	1
说漂亮话	shuō piào liàng huà	39491	ian-iang,ua-uo,s-sh,n-l,h-f,r-l	1
说白道绿	shuō bái dào lǜ	39494	ai-ei,ao-ou,ua-uo,s-sh,n-l,r-l	1
说白道黑	shuō bái dào hēi	39495	ai-ei,ao-ou,ua-uo,s-sh,h-f	1
说短论长	shuō duǎn lùn cháng	39498	an-ang,uan-uang,ua-uo,c-ch,s-sh,n-l,r-l	1
说短道长	shuō duǎn dào cháng	39499	an-ang,uan-uang,ao-ou,ua-uo,c-ch,s-sh	1
说长论短	shuō cháng lùn duǎn	39511	an-ang,uan-uang,ua-uo,c-ch,s-sh,n-l,r-l	1
说长话短	shuō cháng huà duǎn	39512	an-ang,uan-uang,ua-uo,c-ch,s-sh,h-f	1
说长说短	shuō cháng shuō duǎn	39513	an-ang,uan-uang,ua-uo,c-ch,s-sh	1
说黄道黑	shuō huáng dào hēi	39517	uan-uang,ai-ei,ao-ou,ua-uo,s-sh,h-f	1
说黑道白	shuō hēi dào bái	39518	ai-ei,ao-ou,ua-uo,s-sh,h-f	1
请自隗始	qǐng zì wěi shǐ	39525	in-ing,ai-ei,z-zh,s-sh,j-q-x	3
诸亲六眷	zhū qīn liù juàn	39529	in-ing,uan-uang,z-zh,n-l,r-l,j-q-x	1
诸亲好友	zhū qīn hǎo yǒu	39530	in-ing,ao-ou,z-zh,h-f,j-q-x	1
诸恶莫作	zhū è mò zuò	39534	ua-uo,z-zh	1
诸有此类	zhū yǒu cǐ lèi	39535	ai-ei,ao-ou,z-zh,c-ch,n-l,r-l	1
诸若此类	zhū ruò cǐ lèi	39536	ai-ei,ua-uo,z-zh,c-ch,n-l,r-l	1
读不舍手	dú bù shě shǒu	39540	ao-ou,s-sh	1
读书三余	dú shū sān yú	39542	an-ang,s-sh	1
读书三到	dú shū sān dào	39543	an-ang,ao-ou,s-sh	1
读书君子	dú shū jūn zǐ	39545	z-zh,s-sh,j-q-x	1
读书得间	dú shū dé jiàn	39546	ian-iang,s-sh,j-q-x	1
读书种子	dú shū zhǒng zǐ	39547	z-zh,s-sh	1
读书笔记	dú shū bǐ jì	39548	s-sh,j-q-x	1
读者文摘	dú zhě wén zhāi	39558	en-eng,ai-ei,z-zh	1
课嘴撩牙	kè zuǐ liáo yá	39562	z-zh,n-l,r-l	1
课语讹言	kè yǔ é yán	39563	an-ang	1
调三惑四	tiáo sān huò sì	39572	an-ang,ua-uo,s-sh,h-f	1
调三斡四	tiáo sān wò sì	39573	an-ang,s-sh	3
调三窝四	tiáo sān wō sì	39574	an-ang,s-sh	1
调丝品竹	tiáo sī pǐn zhú	39575	in-ing,z-zh,s-sh	1
调停两用	tiáo tíng liǎng yòng	39583	in-ing,ian-iang,n-l,r-l	1
调和阴阳	tiáo hé yīn yáng	39602	in-ing,an-ang,h-f	1
调和鼎鼐	tiáo hé dǐng nài	39603	in-ing,ai-ei,n-l,h-f	3
调唇弄舌	tiáo chún nòng shé	39605	c-ch,s-sh,n-l	1
调嘴学舌	tiáo zuǐ xué shé	39606	z-zh,s-sh,j-q-x	1
调嘴弄舌	tiáo zuǐ nòng shé	39607	z-zh,s-sh,n-l	1
调嘴调舌	tiáo zuǐ diào shé	39608	z-zh,s-sh	1
调墨弄笔	tiáo mò nòng bǐ	39610	n-l	1
调弦品竹	diào xián pǐn zhú	39620	in-ing,ian-iang,z-zh,j-q-x	1
调朱傅粉	tiáo zhū fù fěn	39632	en-eng,z-zh,h-f	1
调朱弄粉	tiáo zhū nòng fěn	39633	en-eng,z-zh,n-l,h-f	1
调查研究	diào chá yán jiū	39635	an-ang,c-ch,j-q-x	1
调查结果	diào chá jié guǒ	39637	ia-ie,ua-uo,c-ch,j-q-x	1
调理阴阳	tiáo lǐ yīn yáng	39646	in-ing,an-ang,n-l,r-l	1
调神畅情	tiáo shén chàng qíng	39652	en-eng,in-ing,an-ang,c-ch,s-sh,j-q-x	1
调脂弄粉	tiáo zhī nòng fěn	39659	en-eng,z-zh,n-l,h-f	1
调舌弄唇	tiáo shé nòng chún	39660	c-ch,s-sh,n-l	1
调良稳泛	tiáo liáng wěn fàn	39661	en-eng,an-ang,ian-iang,n-l,h-f,r-l	1
调词架讼	tiáo cí jià sòng	39668	ia-ie,c-ch,s-sh,j-q-x	1
调风变俗	tiáo fēng biàn sú	39686	en-eng,ian-iang,s-sh,h-f	1
调风弄月	tiáo fēng nòng yuè	39687	en-eng,n-l,h-f	1
谄上傲下	chǎn shàng ào xià	39688	an-ang,ao-ou,ia-ie,c-ch,s-sh,j-q-x	3
谄上抑下	chǎn shàng yì xià	39689	an-ang,ia-ie,c-ch,s-sh,j-q-x	3
谄上欺下	chǎn shàng qī xià	39690	an-ang,ia-ie,c-ch,s-sh,j-q-x	3
谄上骄下	chǎn shàng jiāo xià	39691	an-ang,ia-ie,c-ch,s-sh,j-q-x	3
谄词令色	chǎn cí lìng sè	39692	in-ing,an-ang,c-ch,s-sh,n-l,r-l	3
谆谆不倦	zhūn zhūn bù juàn	39694	uan-uang,z-zh,j-q-x	1
谆谆教导	zhūn zhūn jiào dǎo	39695	ao-ou,z-zh,j-q-x	1
谈不容口	tán bù róng kǒu	39697	an-ang,ao-ou,r-l	1
谈今论古	tán jīn lùn gǔ	39698	in-ing,an-ang,n-l,r-l,j-q-x	1
谈古论今	tán gǔ lùn jīn	39702	in-ing,an-ang,n-l,r-l,j-q-x	1
谈古说今	tán gǔ shuō jīn	39703	in-ing,an-ang,ua-uo,s-sh,j-q-x	1
谈吐生风	tán tǔ shēng fēng	39705	en-eng,an-ang,s-sh,h-f	1
谈吐风生	tán tǔ fēng shēng	39706	en-eng,an-ang,s-sh,h-f	1
谈圆说通	tán yuán shuō tōng	39707	an-ang,uan-uang,ua-uo,s-sh	1
谈天论地	tán tiān lùn dì	39708	an-ang,ian-iang,n-l,r-l	1
谈玄说妙	tán xuán shuō miào	39713	an-ang,uan-uang,ua-uo,s-sh,j-q-x	1
谈空说幻	tán kōng shuō huàn	39714	an-ang,uan-uang,ua-uo,s-sh,h-f	1
谈空说有	tán kōng shuō yǒu	39715	an-ang,ao-ou,ua-uo,s-sh	1
谈笑封侯	tán xiào fēng hóu	39716	en-eng,an-ang,ao-ou,h-f,j-q-x	1
谈若悬河	tán ruò xuán hé	39720	an-ang,uan-uang,ua-uo,h-f,r-l,j-q-x	1
谈言微中	tán yán wēi zhòng	39721	an-ang,ai-ei,z-zh	1
谈议风生	tán yì fēng shēng	39722	en-eng,an-ang,s-sh,h-f	1
谈论风生	tán lùn fēng shēng	39724	en-eng,an-ang,s-sh,n-l,h-f,r-l	1
谈过其实	tán guò qí shí	39725	an-ang,ua-uo,s-sh,j-q-x	1
谊不容辞	yì bù róng cí	39726	c-ch,r-l	1
谊不敢辞	yì bù gǎn cí	39727	an-ang,c-ch	1
谊切苔岑	yì qiè tái cén	39728	en-eng,ai-ei,ia-ie,c-ch,j-q-x	3
谋为不轨	móu wéi bù guǐ	39729	ai-ei,ao-ou	1
谋听计行	móu tīng jì xíng	39731	in-ing,ao-ou,j-q-x	1
谋图不轨	móu tú bù guǐ	39732	ao-ou	1
谋夫孔多	móu fū kǒng duō	39733	ao-ou,ua-uo,h-f	1
谋如涌泉	móu rú yǒng quán	39734	uan-uang,ao-ou,r-l,j-q-x	1
谋臣如雨	móu chén rú yǔ	39735	en-eng,ao-ou,c-ch,r-l	1
谋臣武将	móu chén wǔ jiàng	39736	en-eng,ian-iang,ao-ou,c-ch,j-q-x	1
谋臣猛将	móu chén měng jiāng	39737	en-eng,ian-iang,ao-ou,c-ch,j-q-x	1
谑而不虐	xuè ér bù nüè	39740	n-l,j-q-x	3
谓予不信	wèi yú bù xìn	39741	in-ing,ai-ei,j-q-x	1
谗言佞语	chán yán nìng yǔ	39742	in-ing,an-ang,c-ch,n-l	3
谛分审布	dì fēn shěn bù	39743	en-eng,s-sh,h-f	3
谠言嘉论	dǎng yán jiā lùn	39745	an-ang,ia-ie,n-l,r-l,j-q-x	3
谠论侃侃	dǎng lùn kǎn kǎn	39746	an-ang,n-l,r-l	3
谢兰燕桂	xiè lán yàn guì	39747	an-ang,ia-ie,n-l,r-l,j-q-x	1
谢家宝树	xiè jiā bǎo shù	39749	ao-ou,ia-ie,s-sh,j-q-x	1
谢家活计	xiè jiā huó jì	39750	ia-ie,ua-uo,h-f,j-q-x	1
谨本详始	jǐn běn xiáng shǐ	39761	en-eng,in-ing,ian-iang,s-sh,j-q-x	1
谨行俭用	jǐn xíng jiǎn yòng	39762	in-ing,ian-iang,j-q-x	1
谨言慎行	jǐn yán shèn xíng	39763	en-eng,in-ing,an-ang,s-sh,j-q-x	1
谨谢不敏	jǐn xiè bù mǐn	39764	in-ing,ia-ie,j-q-x	1
谨身节用	jǐn shēn jié yòng	39765	en-eng,in-ing,ia-ie,s-sh,j-q-x	1
谩不经意	màn bù jīng yì	39766	in-ing,an-ang,j-q-x	3
谩天昧地	mán tiān mèi dì	39767	an-ang,ian-iang,ai-ei	3
谩天谩地	màn tiān màn dì	39768	an-ang,ian-iang	3
谩藏诲盗	màn cáng huì dào	39769	an-ang,ao-ou,c-ch,h-f	3
谩辞哗说	màn cí huá shuō	39770	an-ang,ua-uo,c-ch,s-sh,h-f	3
谬妄无稽	miù wàng wú jī	39772	an-ang,j-q-x	1
谬托知己	miù tuō zhī jǐ	39773	ua-uo,z-zh,j-q-x	1
谬种流传	miù zhǒng liú chuán	39775	uan-uang,z-zh,c-ch,n-l,r-l	1
谬采虚声	miù cǎi xū shēng	39778	en-eng,ai-ei,c-ch,s-sh,j-q-x	1
谬采虚誉	miù cǎi xū yù	39779	ai-ei,c-ch,j-q-x	1
谭天说地	tán tiān shuō dì	39780	an-ang,ian-iang,ua-uo,s-sh	1
谭言微中	tán yán wēi zhòng	39781	an-ang,ai-ei,z-zh	1
谮下谩上	zèn xià mán shàng	39782	en-eng,an-ang,ia-ie,z-zh,s-sh,j-q-x	3
谲而不正	jué ér bù zhèng	39786	en-eng,z-zh,j-q-x	3
谷父蚕母	gǔ fù cán mǔ	39793	an-ang,c-ch,h-f	1
豁人耳目	huò rén ěr mù	39796	en-eng,ua-uo,h-f,r-l	1
豁口截舌	huō kǒu jié shé	39802	ao-ou,ia-ie,ua-uo,s-sh,h-f,j-q-x	1
豁然大悟	huò rán dà wù	39808	an-ang,ua-uo,h-f,r-l	1
豁然开悟	huò rán kāi wù	39809	an-ang,ai-ei,ua-uo,h-f,r-l	1
豁然省悟	huò rán xǐng wù	39811	in-ing,an-ang,ua-uo,h-f,r-l,j-q-x	1
豁然确斯	huò rán què sī	39812	an-ang,ua-uo,s-sh,h-f,r-l,j-q-x	1
豁然贯通	huò rán guàn tōng	39813	an-ang,uan-uang,ua-uo,h-f,r-l	1
豁然顿悟	huò rán dùn wù	39814	an-ang,ua-uo,h-f,r-l	1
豁达大度	huò dá dà dù	39816	ua-uo,h-f	1
豆分瓜剖	dòu fēn guā pōu	39817	en-eng,ao-ou,ua-uo,h-f	1
豆剖瓜分	dòu pōu guā fēn	39818	en-eng,ao-ou,ua-uo,h-f	1
豆萁相煎	dòu qí xiāng jiān	39828	ian-iang,ao-ou,j-q-x	3
豆重榆瞑	dòu chóng yú míng	39833	in-ing,ao-ou,c-ch	3
豕交兽畜	shǐ jiāo shòu chù	39835	ao-ou,c-ch,s-sh,j-q-x	3
豕分蛇断	shǐ fēn shé duàn	39836	en-eng,uan-uang,s-sh,h-f	3
豕突狼奔	shǐ tū láng bēn	39837	en-eng,an-ang,s-sh,n-l,r-l	3
豕虎传讹	shǐ hǔ chuán é	39838	uan-uang,c-ch,s-sh,h-f	3
豕食丐衣	shǐ shí gài yī	39839	ai-ei,s-sh	3
豪取智笼	háo qǔ zhì lóng	39843	ao-ou,z-zh,n-l,h-f,r-l,j-q-x	1
豪商巨贾	háo shāng jù gǔ	39844	an-ang,ao-ou,s-sh,h-f,j-q-x	1
豪干暴取	háo gàn bào qǔ	39845	an-ang,ao-ou,h-f,j-q-x	1
豪横跋扈	háo héng bá hù	39849	en-eng,ao-ou,h-f	3
豪迈不群	háo mài bù qún	39852	ai-ei,ao-ou,h-f,j-q-x	1
豹头环眼	bào tóu huán yǎn	39855	an-ang,uan-uang,ao-ou,h-f	1
豺狼当涂	chái láng dāng tú	39856	an-ang,ai-ei,c-ch,n-l,r-l	1
豺狼当路	chái láng dāng lù	39857	an-ang,ai-ei,c-ch,n-l,r-l	1
豺狼当道	chái láng dāng dào	39858	an-ang,ai-ei,ao-ou,c-ch,n-l,r-l	1
豺狼横道	chái láng héng dào	39859	en-eng,an-ang,ai-ei,ao-ou,c-ch,n-l,h-f,r-l	1
貂狗相属	diāo gǒu xiāng shǔ	39860	ian-iang,ao-ou,s-sh,j-q-x	3
貌似强大	mào sì qiáng dà	39865	ian-iang,ao-ou,s-sh,j-q-x	1
貌合形离	mào hé xíng lí	39866	in-ing,ao-ou,n-l,h-f,r-l,j-q-x	1
貌合心离	mào hé xīn lí	39867	in-ing,ao-ou,n-l,h-f,r-l,j-q-x	1
貌合情离	mào hé qíng lí	39868	in-ing,ao-ou,n-l,h-f,r-l,j-q-x	1
貌合行离	mào hé xíng lí	39870	in-ing,ao-ou,n-l,h-f,r-l,j-q-x	1
貌离神合	mào lí shén hé	39872	en-eng,ao-ou,s-sh,n-l,h-f,r-l	1
贝阙珠宫	bèi què zhū gōng	39875	ai-ei,z-zh,j-q-x	3
贞不绝俗	zhēn bù jué sú	39876	en-eng,z-zh,s-sh,j-q-x	1
贞元会合	zhēn yuán huì hé	39877	en-eng,uan-uang,z-zh,h-f	1
贞松劲柏	zhēn sōng jìng bǎi	39879	en-eng,in-ing,ai-ei,z-zh,s-sh,j-q-x	1
贞观之治	zhēn guàn zhī zhì	39882	en-eng,uan-uang,z-zh	1
贞风亮节	zhēn fēng liàng jié	39883	en-eng,ian-iang,ia-ie,z-zh,n-l,h-f,r-l,j-q-x	1
负乘斯夺	fù chéng sī duó	39884	en-eng,ua-uo,c-ch,s-sh,h-f	1
负乘致寇	fù chéng zhì kòu	39885	en-eng,ao-ou,z-zh,c-ch,h-f	1
负任蒙劳	fù rèn méng láo	39886	en-eng,ao-ou,n-l,h-f,r-l	1
负俗之累	fù sú zhī lèi	39887	ai-ei,z-zh,s-sh,n-l,h-f,r-l	1
负债累累	fù zhài lěi lěi	39888	ai-ei,z-zh,n-l,h-f,r-l	1
负固不宾	fù gù bù bīn	39890	in-ing,h-f	1
负固不服	fù gù bù fú	39891	h-f	1
负地矜才	fù dì jīn cái	39892	in-ing,ai-ei,c-ch,h-f,j-q-x	3
负德背义	fù dé bèi yì	39893	ai-ei,h-f	1
负恩背义	fù ēn bèi yì	39894	en-eng,ai-ei,h-f	1
负才任气	fù cái rèn qì	39895	en-eng,ai-ei,c-ch,h-f,r-l,j-q-x	1
负材任气	fù cái rèn qì	39898	en-eng,ai-ei,c-ch,h-f,r-l,j-q-x	1
负材矜地	fù cái jīn dì	39899	in-ing,ai-ei,c-ch,h-f,j-q-x	3
负气斗狠	fù qì dǒu hěn	39900	en-eng,ao-ou,h-f,j-q-x	1
负石赴河	fù shí fù hé	39902	s-sh,h-f	1
负老提幼	fù lǎo tí yòu	39905	ao-ou,n-l,h-f,r-l	1
负衡据鼎	fù héng jù dǐng	39907	en-eng,in-ing,h-f,j-q-x	1
负重吞污	fù zhòng tūn wū	39910	z-zh,h-f	1
负重含污	fù zhòng hán wū	39911	an-ang,z-zh,h-f	1
负重涉远	fù zhòng shè yuǎn	39912	uan-uang,z-zh,s-sh,h-f	1
负重致远	fù zhòng zhì yuǎn	39913	uan-uang,z-zh,h-f	1
负阻不宾	fù zǔ bù bīn	39914	in-ing,z-zh,h-f	1
负险不宾	fù xiǎn bù bīn	39915	in-ing,ian-iang,h-f,j-q-x	1
负险不臣	fù xiǎn bù chén	39916	en-eng,ian-iang,c-ch,h-f,j-q-x	1
贡禹弹冠	gòng yǔ tán guān	39917	an-ang,uan-uang	1
财不露白	cái bù lù bái	39919	ai-ei,c-ch,n-l,r-l	1
财匮力绌	cái kuì lì chù	39921	ai-ei,c-ch,n-l,r-l	3
财政寡头	cái zhèng guǎ tóu	39923	en-eng,ai-ei,ao-ou,ua-uo,z-zh,c-ch	1
财殚力尽	cái dān lì jìn	39924	in-ing,an-ang,ai-ei,c-ch,n-l,r-l,j-q-x	3
财竭力尽	cái jié lì jìn	39927	in-ing,ai-ei,ia-ie,c-ch,n-l,r-l,j-q-x	1
财运亨通	cái yùn hēng tōng	39928	en-eng,ai-ei,c-ch,h-f	3
责有所归	zé yǒu suǒ guī	39941	ao-ou,ua-uo,z-zh,s-sh	1
责有攸归	zé yǒu yōu guī	39942	ao-ou,z-zh	3
贤母良妻	xián mǔ liáng qī	39949	ian-iang,n-l,r-l,j-q-x	1
贤良方正	xián liáng fāng zhèng	39951	en-eng,an-ang,ian-iang,z-zh,n-l,h-f,r-l,j-q-x	1
贤身贵体	xián shēn guì tǐ	39952	en-eng,ian-iang,s-sh,j-q-x	1
败不旋踵	bài bù xuán zhǒng	39953	uan-uang,ai-ei,z-zh,j-q-x	3
败俗伤化	bài sú shāng huà	39955	an-ang,ai-ei,ua-uo,s-sh,h-f	1
败俗伤风	bài sú shāng fēng	39956	en-eng,an-ang,ai-ei,s-sh,h-f	1
败兴而归	bài xìng ér guī	39958	in-ing,ai-ei,j-q-x	1
败军之将	bài jūn zhī jiàng	39960	ian-iang,ai-ei,z-zh,j-q-x	1
败则为贼	bài zé wéi zéi	39961	ai-ei,z-zh	1
败化伤风	bài huà shāng fēng	39962	en-eng,an-ang,ai-ei,ua-uo,s-sh,h-f	1
败国丧家	bài guó sàng jiā	39965	an-ang,ai-ei,ia-ie,ua-uo,s-sh,j-q-x	1
败国亡家	bài guó wáng jiā	39966	an-ang,ai-ei,ia-ie,ua-uo,j-q-x	1
败将残兵	bài jiàng cán bīng	39971	in-ing,an-ang,ian-iang,ai-ei,c-ch,j-q-x	1
败德辱行	bài dé rǔ xíng	39972	in-ing,ai-ei,r-l,j-q-x	1
败法乱纪	bài fǎ luàn jì	39974	uan-uang,ai-ei,n-l,h-f,r-l,j-q-x	1
败绩失据	bài jì shī jù	39975	ai-ei,s-sh,j-q-x	1
货而不售	huò ér bù shòu	39996	ao-ou,ua-uo,s-sh,h-f	1
货贿公行	huò huì gōng xíng	39997	in-ing,ua-uo,h-f,j-q-x	1
货赂公行	huò lù gōng xíng	39998	in-ing,ua-uo,n-l,h-f,r-l,j-q-x	1
货赂大行	huò lù dà xíng	39999	in-ing,ua-uo,n-l,h-f,r-l,j-q-x	1
质伛影曲	zhì yǔ yǐng qū	40006	in-ing,z-zh,j-q-x	3
质疑辨惑	zhì yí biàn huò	40014	ian-iang,ua-uo,z-zh,h-f	1
质疑问难	zhì yí wèn nàn	40015	en-eng,an-ang,z-zh,n-l	1
质而不俚	zhì ér bù lǐ	40017	z-zh,n-l,r-l	3
质而不野	zhì ér bù yě	40018	z-zh	1
贩夫俗子	fàn fū sú zǐ	40022	an-ang,z-zh,s-sh,h-f	1
贩夫皂隶	fàn fū zào lì	40024	an-ang,ao-ou,z-zh,n-l,h-f,r-l	1
贩夫贩妇	fàn fū fàn fù	40025	an-ang,h-f	1
贩夫走卒	fàn fū zǒu zú	40026	an-ang,ao-ou,z-zh,h-f	1
贩夫驺卒	fàn fū zōu zú	40027	an-ang,ao-ou,z-zh,h-f	5
贪墨成风	tān mò chéng fēng	40032	en-eng,an-ang,c-ch,h-f	1
贪多务得	tān duō wù dé	40033	an-ang,ua-uo	1
贪夫徇财	tān fū xùn cái	40036	an-ang,ai-ei,c-ch,h-f,j-q-x	3
贪夫殉利	tān fū xùn lì	40037	an-ang,n-l,h-f,r-l,j-q-x	1
贪心不足	tān xīn bù zú	40042	in-ing,an-ang,z-zh,j-q-x	1
贪污狼藉	tān wū láng jí	40045	an-ang,n-l,r-l,j-q-x	1
贪生恶死	tān shēng wù sǐ	40048	en-eng,an-ang,s-sh	1
贪而无信	tān ér wú xìn	40050	in-ing,an-ang,j-q-x	1
贪蛇忘尾	tān shé wàng wěi	40051	an-ang,ai-ei,s-sh	1
贪财好色	tān cái hào sè	40052	an-ang,ai-ei,ao-ou,c-ch,s-sh,h-f	1
贪赃坏法	tān zāng huài fǎ	40053	an-ang,z-zh,h-f	1
贫不学俭	pín bù xué jiǎn	40056	in-ing,ian-iang,j-q-x	1
贫嘴恶舌	pín zuǐ è shé	40058	in-ing,z-zh,s-sh	1
贫嘴薄舌	pín zuǐ bó shé	40059	in-ing,z-zh,s-sh	1
贫困潦倒	pín kùn liáo dǎo	40060	in-ing,ao-ou,n-l,r-l	3
贫富差距	pín fù chā jù	40062	in-ing,c-ch,h-f,j-q-x	1
贫而乐道	pín ér lè dào	40065	in-ing,ao-ou,n-l,r-l	1
贫贱不移	pín jiàn bù yí	40067	in-ing,ian-iang,j-q-x	1
贫贱之知	pín jiàn zhī zhī	40069	in-ing,ian-iang,z-zh,j-q-x	1
购销差价	gòu xiāo chā jià	40074	ao-ou,ia-ie,c-ch,j-q-x	1
贯斗双龙	guàn dòu shuāng lóng	40078	uan-uang,ao-ou,s-sh,n-l,r-l	1
贯朽粟红	guàn xiǔ sù hóng	40079	uan-uang,s-sh,h-f,j-q-x	1
贯盈恶稔	guàn yíng è rěn	40080	en-eng,in-ing,uan-uang,r-l	3
贯穿融会	guàn chuān róng huì	40081	uan-uang,c-ch,h-f,r-l	1
贯通融会	guàn tōng róng huì	40082	uan-uang,h-f,r-l	1
贱敛贵发	jiàn liǎn guì fā	40085	ian-iang,n-l,h-f,r-l,j-q-x	1
贵不召骄	guì bù zhào jiāo	40098	ao-ou,z-zh,j-q-x	1
贵不可言	guì bù kě yán	40099	an-ang	1
贵不期骄	guì bù qī jiāo	40100	j-q-x	1
贵在知心	guì zài zhī xīn	40103	in-ing,ai-ei,z-zh,j-q-x	1
贵少贱老	guì shǎo jiàn lǎo	40106	ian-iang,ao-ou,s-sh,n-l,r-l,j-q-x	1
贵贱无二	guì jiàn wú èr	40108	ian-iang,j-q-x	1
贵远贱近	guì yuǎn jiàn jìn	40109	in-ing,ian-iang,uan-uang,j-q-x	1
贵远鄙近	guì yuǎn bǐ jìn	40110	in-ing,uan-uang,j-q-x	1
贸易逆差	mào yì nì chā	40113	ao-ou,c-ch,n-l	1
贸易顺差	mào yì shùn chā	40114	ao-ou,c-ch,s-sh	1
贸首之仇	mào shǒu zhī chóu	40116	ao-ou,z-zh,c-ch,s-sh	1
贻厥孙谋	yí jué sūn móu	40127	ao-ou,s-sh,j-q-x	3
贻臭万年	yí chòu wàn nián	40130	an-ang,ian-iang,ao-ou,c-ch,n-l	1
贼头狗脑	zéi tóu gǒu nǎo	40131	ai-ei,ao-ou,z-zh,n-l	1
贼头鬼脑	zéi tóu guǐ nǎo	40133	ai-ei,ao-ou,z-zh,n-l	1
贼头鼠脑	zéi tóu shǔ nǎo	40134	ai-ei,ao-ou,z-zh,s-sh,n-l	1
贼心不死	zéi xīn bù sǐ	40135	in-ing,ai-ei,z-zh,s-sh,j-q-x	1
贿货公行	huì huò gōng xíng	40153	in-ing,ua-uo,h-f,j-q-x	1
贿赂公行	huì lù gōng xíng	40154	in-ing,n-l,h-f,r-l,j-q-x	1
贿赂并行	huì lù bìng xíng	40155	in-ing,n-l,h-f,r-l,j-q-x	1
赁耳佣目	lìn ěr yōng mù	40157	in-ing,n-l,r-l	1
赃污狼藉	zāng wū láng jí	40158	an-ang,z-zh,n-l,r-l,j-q-x	1
赃盈恶贯	zāng yíng è guàn	40159	in-ing,an-ang,uan-uang,z-zh	1
赃私狼藉	zāng sī láng jí	40160	an-ang,z-zh,s-sh,n-l,r-l,j-q-x	1
赃秽狼藉	zāng huì láng jí	40161	an-ang,z-zh,n-l,h-f,r-l,j-q-x	1
赃货狼藉	zāng huò láng jí	40162	an-ang,ua-uo,z-zh,n-l,h-f,r-l,j-q-x	1
赃贿狼藉	zāng huì láng jí	40163	an-ang,z-zh,n-l,h-f,r-l,j-q-x	1
资本市场	zī běn shì chǎng	40170	en-eng,an-ang,z-zh,c-ch,s-sh	1
资深望重	zī shēn wàng zhòng	40172	en-eng,an-ang,z-zh,s-sh	1
赌咒发誓	dǔ zhòu fā shì	40176	ao-ou,z-zh,s-sh,h-f	1
赌神发咒	dǔ shén fā zhòu	40180	en-eng,ao-ou,z-zh,s-sh,h-f	1
赌誓发原	dǔ shì fā yuán	40181	uan-uang,s-sh,h-f	1
赌誓发愿	dǔ shì fā yuàn	40182	uan-uang,s-sh,h-f	1
赌长较短	dǔ cháng jiào duǎn	40183	an-ang,uan-uang,c-ch,j-q-x	1
赍志以没	jī zhì yǐ méi	40185	ai-ei,z-zh,j-q-x	3
赍志而没	jī zhì ér mò	40186	z-zh,j-q-x	3
赍粮藉寇	jī liáng jiè kòu	40187	ian-iang,ao-ou,ia-ie,n-l,r-l,j-q-x	3
赏不当功	shǎng bù dāng gōng	40189	an-ang,s-sh	1
赏不逾日	shǎng bù yú rì	40190	an-ang,s-sh,r-l	1
赏不逾时	shǎng bù yú shí	40191	an-ang,s-sh	1
赏信罚必	shǎng xìn fá bì	40192	in-ing,an-ang,s-sh,h-f,j-q-x	1
赏信罚明	shǎng xìn fá míng	40193	in-ing,an-ang,s-sh,h-f,j-q-x	1
赏同罚异	shǎng tóng fá yì	40194	an-ang,s-sh,h-f	1
赏善罚否	shǎng shàn fá fǒu	40195	an-ang,ao-ou,s-sh,h-f	1
赏善罚恶	shǎng shàn fá è	40196	an-ang,s-sh,h-f	1
赏奇析疑	shǎng qí xī yí	40197	an-ang,s-sh,j-q-x	1
赏心乐事	shǎng xīn lè shì	40198	in-ing,an-ang,s-sh,n-l,r-l,j-q-x	1
赏罚不明	shǎng fá bù míng	40199	in-ing,an-ang,s-sh,h-f	1
赏罚信明	shǎng fá xìn míng	40200	in-ing,an-ang,s-sh,h-f,j-q-x	1
赏贤使能	shǎng xián shǐ néng	40204	en-eng,an-ang,ian-iang,s-sh,n-l,j-q-x	1
赏贤罚暴	shǎng xián fá bào	40205	an-ang,ian-iang,ao-ou,s-sh,h-f,j-q-x	1
赖有此耳	lài yǒu cǐ ěr	40212	ai-ei,ao-ou,c-ch,n-l,r-l	1
赘食太仓	zhuì shí tài cāng	40213	an-ang,ai-ei,z-zh,c-ch,s-sh	1
赞口不绝	zàn kǒu bù jué	40230	an-ang,ao-ou,z-zh,j-q-x	1
赞叹不已	zàn tàn bù yǐ	40231	an-ang,z-zh	1
赞声不绝	zàn shēng bù jué	40233	en-eng,an-ang,z-zh,s-sh,j-q-x	1
赢奸卖俏	yíng jiān mài qiào	40243	in-ing,ian-iang,ai-ei,j-q-x	1
赤县神州	chì xiàn shén zhōu	40246	en-eng,ian-iang,ao-ou,z-zh,c-ch,s-sh,j-q-x	1
赤口毒舌	chì kǒu dú shé	40247	ao-ou,c-ch,s-sh	1
赤心相待	chì xīn xiāng dài	40251	in-ing,ian-iang,ai-ei,c-ch,j-q-x	1
赤绳系足	chì shéng jì zú	40256	en-eng,z-zh,c-ch,s-sh,j-q-x	1
赤诚相待	chì chéng xiāng dài	40259	en-eng,ian-iang,ai-ei,c-ch,j-q-x	1
赤贫如洗	chì pín rú xǐ	40260	in-ing,c-ch,r-l,j-q-x	1
赤身露体	chì shēn lù tǐ	40262	en-eng,c-ch,s-sh,n-l,r-l	1
赦过宥罪	shè guò yòu zuì	40264	ao-ou,ua-uo,z-zh,s-sh	3
赧颜汗下	nǎn yán hàn xià	40265	an-ang,ia-ie,n-l,h-f,j-q-x	3
赭衣塞路	zhě yī sè lù	40269	z-zh,s-sh,n-l,r-l	3
走为上着	zǒu wéi shàng zhāo	40271	an-ang,ai-ei,ao-ou,z-zh,s-sh	1
走为上策	zǒu wéi shàng cè	40272	an-ang,ai-ei,ao-ou,z-zh,c-ch,s-sh	1
走为上计	zǒu wéi shàng jì	40273	an-ang,ai-ei,ao-ou,z-zh,s-sh,j-q-x	1
走伏无地	zǒu fú wú dì	40275	ao-ou,z-zh,h-f	1
走头无路	zǒu tóu wú lù	40282	ao-ou,z-zh,n-l,r-l	1
走投没路	zǒu tóu méi lù	40286	ai-ei,ao-ou,z-zh,n-l,r-l	1
走石飞沙	zǒu shí fēi shā	40292	ai-ei,ao-ou,z-zh,s-sh,h-f	1
走花溜冰	zǒu huā liū bīng	40296	in-ing,ao-ou,ua-uo,z-zh,n-l,h-f,r-l	1
走花溜水	zǒu huā liū shuǐ	40297	ao-ou,ua-uo,z-zh,s-sh,n-l,h-f,r-l	1
走马到任	zǒu mǎ dào rèn	40309	en-eng,ao-ou,z-zh,r-l	1
走马章台	zǒu mǎ zhāng tái	40311	an-ang,ai-ei,ao-ou,z-zh	1
走马赴任	zǒu mǎ fù rèn	40313	en-eng,ao-ou,z-zh,h-f,r-l	1
赳赳武夫	jiū jiū wǔ fū	40315	h-f,j-q-x	3
起偃为竖	qǐ yǎn wéi shù	40346	an-ang,ai-ei,s-sh,j-q-x	3
起根发由	qǐ gēn fā yóu	40354	en-eng,ao-ou,h-f,j-q-x	1
趁势落篷	chèn shì luò péng	40374	en-eng,ua-uo,c-ch,s-sh,n-l,r-l	1
趁哄打劫	chèn hōng dǎ jié	40375	en-eng,ia-ie,c-ch,h-f,j-q-x	1
趁水和泥	chèn shuǐ huò ní	40376	en-eng,ua-uo,c-ch,s-sh,n-l,h-f	1
趁火抢劫	chèn huǒ qiǎng jié	40378	en-eng,ian-iang,ia-ie,ua-uo,c-ch,h-f,j-q-x	1
趁风使柁	chèn fēng shǐ duò	40381	en-eng,ua-uo,c-ch,s-sh,h-f	3
超今冠古	chāo jīn guàn gǔ	40384	in-ing,uan-uang,ao-ou,c-ch,j-q-x	1
超凡人圣	chāo fán rén shèng	40387	en-eng,an-ang,ao-ou,c-ch,s-sh,h-f,r-l	1
超度众生	chāo dù zhòng shēng	40394	en-eng,ao-ou,z-zh,c-ch,s-sh	1
超期服役	chāo qī fú yì	40397	ao-ou,c-ch,h-f,j-q-x	1
超然不群	chāo rán bù qún	40399	an-ang,ao-ou,c-ch,r-l,j-q-x	1
超然独处	chāo rán dú chǔ	40400	an-ang,ao-ou,c-ch,r-l	1
超然自得	chāo rán zì dé	40401	an-ang,ao-ou,z-zh,c-ch,r-l	1
超然远举	chāo rán yuǎn jǔ	40402	an-ang,uan-uang,ao-ou,c-ch,r-l,j-q-x	1
超然远引	chāo rán yuǎn yǐn	40403	in-ing,an-ang,uan-uang,ao-ou,c-ch,r-l	1
超级大国	chāo jí dà guó	40404	ao-ou,ua-uo,c-ch,j-q-x	1
超级市场	chāo jí shì chǎng	40405	an-ang,ao-ou,c-ch,s-sh,j-q-x	1
超超玄著	chāo chāo xuán zhù	40408	uan-uang,ao-ou,z-zh,c-ch,j-q-x	1
越鸟南栖	yuè niǎo nán qī	40421	an-ang,n-l,j-q-x	1
趋之若骛	qū zhī ruò wù	40422	ua-uo,z-zh,r-l,j-q-x	3
趋时奉势	qū shí fèng shì	40431	en-eng,s-sh,h-f,j-q-x	1
趋时附势	qū shí fù shì	40432	s-sh,h-f,j-q-x	1
趋权附势	qū quán fù shì	40433	uan-uang,s-sh,h-f,j-q-x	1
趋炎附热	qū yán fù rè	40435	an-ang,h-f,r-l,j-q-x	1
趑趄不前	zī jū bù qián	40441	ian-iang,z-zh,j-q-x	3
足不出门	zú bù chū mén	40452	en-eng,z-zh,c-ch	1
足不履影	zú bù lǚ yǐng	40453	in-ing,z-zh,n-l,r-l	1
足不窥户	zú bù kuī hù	40454	z-zh,h-f	1
足不逾户	zú bù yú hù	40455	z-zh,h-f	1
足兵足食	zú bīng zú shí	40456	in-ing,z-zh,s-sh	1
足尺加二	zú chǐ jiā èr	40457	ia-ie,z-zh,c-ch,j-q-x	1
足衣足食	zú yī zú shí	40459	z-zh,s-sh	1
足足有余	zú zú yǒu yú	40461	ao-ou,z-zh	1
足踏实地	zú tà shí dì	40463	z-zh,s-sh	1
足音空谷	zú yīn kōng gǔ	40464	in-ing,z-zh	1
足食丰衣	zú shí fēng yī	40465	en-eng,z-zh,s-sh,h-f	1
足食足兵	zú shí zú bīng	40466	in-ing,z-zh,s-sh	1
足高气强	zú gāo qì qiáng	40467	ian-iang,ao-ou,z-zh,j-q-x	1
趾踵相接	zhǐ zhǒng xiāng jiē	40469	ian-iang,ia-ie,z-zh,j-q-x	3
趾踵相错	zhǐ zhǒng xiāng cuò	40470	ian-iang,ua-uo,z-zh,c-ch,j-q-x	3
趿拉着鞋	tā la zhe xié	40472	ia-ie,z-zh,n-l,r-l,j-q-x	3
跋前疐后	bá qián zhì hòu	40478	ian-iang,ao-ou,z-zh,h-f,j-q-x	5
跋扈恣睢	bá hù zì suī	40479	z-zh,s-sh,h-f	3
跋胡疐尾	bá hú zhì wěi	40480	ai-ei,z-zh,h-f	5
跌宕不羁	dié dàng bù jī	40484	an-ang,ia-ie,j-q-x	3
跌宕风流	diē dàng fēng liú	40485	en-eng,an-ang,ia-ie,n-l,h-f,r-l	3
跌弹斑鸠	diē dàn bān jiū	40486	an-ang,ia-ie,j-q-x	3
跌打损伤	diē dǎ sǔn shāng	40488	an-ang,ia-ie,s-sh	1
跌荡不拘	diē dàng bù jū	40489	an-ang,ia-ie,j-q-x	1
跌荡不羁	diē dàng bù jī	40490	an-ang,ia-ie,j-q-x	3
跌荡风流	diē dàng fēng liú	40491	en-eng,an-ang,ia-ie,n-l,h-f,r-l	1
跐着门槛	cǐ zhe mén kǎn	40493	en-eng,an-ang,z-zh,c-ch	3
跑跑跳跳	pǎo pǎo tiào tiào	40520	ao-ou	1
跑马卖解	pǎo mǎ mài xiè	40527	ai-ei,ao-ou,ia-ie,j-q-x	1
跑马观花	pǎo mǎ guān huā	40529	uan-uang,ao-ou,ua-uo,h-f	1
跛行千里	bǒ xíng qiān lǐ	40534	in-ing,ian-iang,n-l,r-l,j-q-x	1
跣足科头	xiǎn zú kē tóu	40542	ian-iang,ao-ou,z-zh,j-q-x	3
跨凤乘鸾	kuà fèng chéng luán	40543	en-eng,uan-uang,ua-uo,c-ch,n-l,h-f,r-l	3
跨凤乘龙	kuà fèng chéng lóng	40544	en-eng,ua-uo,c-ch,n-l,h-f,r-l	1
跨山压海	kuà shān yā hǎi	40545	an-ang,ai-ei,ua-uo,s-sh,h-f	1
路人皆知	lù rén jiē zhī	40554	en-eng,ia-ie,z-zh,n-l,r-l,j-q-x	1
路无拾遗	lù wú shí yí	40560	s-sh,n-l,r-l	1
路见不平	lù jiàn bù píng	40564	in-ing,ian-iang,n-l,r-l,j-q-x	1
路远迢迢	lù yuǎn tiáo tiáo	40566	uan-uang,n-l,r-l	1
跳丸日月	tiào wán rì yuè	40568	an-ang,r-l	1
跳梁小丑	tiào liáng xiǎo chǒu	40583	ian-iang,ao-ou,c-ch,n-l,r-l,j-q-x	1
践土食毛	jiàn tǔ shí máo	40614	ian-iang,ao-ou,s-sh,j-q-x	1
践规踏矩	jiàn guī tà jǔ	40617	ian-iang,j-q-x	1
跷足而待	qiāo zú ér dài	40618	ai-ei,z-zh,j-q-x	1
踉踉跄跄	liàng liàng qiàng qiàng	40624	ian-iang,n-l,r-l,j-q-x	2
踌躇不决	chóu chú bù jué	40625	ao-ou,c-ch,j-q-x	3
踔厉奋发	chuō lì fèn fā	40630	en-eng,ua-uo,c-ch,n-l,h-f,r-l	3
踔厉风发	chuō lì fēng fā	40631	en-eng,ua-uo,c-ch,n-l,h-f,r-l	3
踔厉骏发	chuō lì jùn fā	40632	ua-uo,c-ch,n-l,h-f,r-l,j-q-x	3
踔绝之能	chuō jué zhī néng	40633	en-eng,ua-uo,z-zh,c-ch,n-l,j-q-x	3
踞炉炭上	jù lú tàn shàng	40636	an-ang,s-sh,n-l,r-l,j-q-x	3
踟蹰不前	chí chú bù qián	40637	ian-iang,c-ch,j-q-x	3
踢天弄井	tī tiān nòng jǐng	40638	in-ing,ian-iang,n-l,j-q-x	1
踣地呼天	bó dì hū tiān	40640	ian-iang,h-f	5
踵事增华	zhǒng shì zēng huá	40644	en-eng,ua-uo,z-zh,s-sh,h-f	3
踵决肘见	zhǒng jué zhǒu jiàn	40645	ian-iang,ao-ou,z-zh,j-q-x	3
踵接肩摩	zhǒng jiē jiān mó	40646	ian-iang,ia-ie,z-zh,j-q-x	3
踵武相接	zhǒng wǔ xiāng jiē	40647	ian-iang,ia-ie,z-zh,j-q-x	3
踵足相接	zhǒng zú xiāng jiē	40648	ian-iang,ia-ie,z-zh,j-q-x	3
踵趾相接	zhǒng zhǐ xiāng jiē	40649	ian-iang,ia-ie,z-zh,j-q-x	3
踵迹相接	zhǒng jì xiāng jiē	40650	ian-iang,ia-ie,z-zh,j-q-x	3
踽踽凉凉	jǔ jǔ liáng liáng	40652	ian-iang,n-l,r-l,j-q-x	3
踽踽独行	jǔ jǔ dú xíng	40653	in-ing,j-q-x	3
蹀躞不下	dié xiè bù xià	40654	ia-ie,j-q-x	3
蹄间三寻	tí jiān sān xún	40656	an-ang,ian-iang,s-sh,j-q-x	1
蹇人上天	jiǎn rén shàng tiān	40657	en-eng,an-ang,ian-iang,s-sh,r-l,j-q-x	3
蹈其覆辙	dǎo qí fù zhé	40658	ao-ou,z-zh,h-f,j-q-x	1
蹈刃不旋	dǎo rèn bù xuán	40659	en-eng,uan-uang,ao-ou,r-l,j-q-x	1
蹈厉奋发	dǎo lì fèn fā	40660	en-eng,ao-ou,n-l,h-f,r-l	1
蹈汤赴火	dǎo tāng fù huǒ	40661	an-ang,ao-ou,ua-uo,h-f	1
蹈火探汤	dǎo huǒ tàn tāng	40662	an-ang,ao-ou,ua-uo,h-f	1
蹈火赴汤	dǎo huǒ fù tāng	40663	an-ang,ao-ou,ua-uo,h-f	1
蹈节死义	dǎo jié sǐ yì	40664	ao-ou,ia-ie,s-sh,j-q-x	1
蹈赴汤火	dǎo fù tāng huǒ	40665	an-ang,ao-ou,ua-uo,h-f	1
蹈锋饮血	dǎo fēng yǐn xuè	40666	en-eng,in-ing,ao-ou,h-f,j-q-x	1
蹐地局天	jí dì jú tiān	40668	ian-iang,j-q-x	5
蹑影藏形	niè yǐng cáng xíng	40671	in-ing,an-ang,ia-ie,c-ch,n-l,j-q-x	3
蹑影追风	niè yǐng zhuī fēng	40672	en-eng,in-ing,ia-ie,z-zh,n-l,h-f	3
蹑足其间	niè zú qí jiān	40673	ian-iang,ia-ie,z-zh,n-l,j-q-x	3
蹙金结绣	cù jīn jié xiù	40676	in-ing,ia-ie,c-ch,j-q-x	3
蹦蹦跳跳	bèng bèng tiào tiào	40679	en-eng	1
躁言丑句	zào yán chǒu jù	40683	an-ang,ao-ou,z-zh,c-ch,j-q-x	1
身不由主	shēn bù yóu zhǔ	40685	en-eng,ao-ou,z-zh,s-sh	1
身不遇时	shēn bù yù shí	40687	en-eng,s-sh	1
身体发肤	shēn tǐ fà fū	40695	en-eng,s-sh,h-f	1
身做身当	shēn zuò shēn dāng	40696	en-eng,an-ang,ua-uo,z-zh,s-sh	1
身先朝露	shēn xiān zhāo lù	40698	en-eng,ian-iang,ao-ou,z-zh,s-sh,n-l,r-l,j-q-x	1
身兼数职	shēn jiān shù zhí	40699	en-eng,ian-iang,z-zh,s-sh,j-q-x	1
身单力薄	shēn dān lì bó	40702	en-eng,an-ang,s-sh,n-l,r-l	1
身历其境	shēn lì qí jìng	40703	en-eng,in-ing,s-sh,n-l,r-l,j-q-x	1
身后萧条	shēn hòu xiāo tiáo	40704	en-eng,ao-ou,s-sh,h-f,j-q-x	1
身处险境	shēn chǔ xiǎn jìng	40706	en-eng,in-ing,ian-iang,c-ch,s-sh,j-q-x	1
身废名裂	shēn fèi míng liè	40712	en-eng,in-ing,ai-ei,ia-ie,s-sh,n-l,h-f,r-l	1
身当其境	shēn dāng qí jìng	40714	en-eng,in-ing,an-ang,s-sh,j-q-x	1
身当矢石	shēn dāng shǐ shí	40715	en-eng,an-ang,s-sh	1
身微力薄	shēn wēi lì báo	40716	en-eng,ai-ei,ao-ou,s-sh,n-l,r-l	1
身无择行	shēn wú zé xíng	40722	en-eng,in-ing,z-zh,s-sh,j-q-x	1
身无长处	shēn wú cháng chù	40723	en-eng,an-ang,c-ch,s-sh	1
身无长物	shēn wú cháng wù	40724	en-eng,an-ang,c-ch,s-sh	1
身败名隳	shēn bài míng huī	40728	en-eng,in-ing,ai-ei,s-sh,h-f	3
身远心近	shēn yuǎn xīn jìn	40729	en-eng,in-ing,uan-uang,s-sh,j-q-x	1
身非木石	shēn fēi mù shí	40732	en-eng,ai-ei,s-sh,h-f	1
身首异地	shēn shǒu yì dì	40733	en-eng,ao-ou,s-sh	1
躬体力行	gōng tǐ lì xíng	40736	in-ing,n-l,r-l,j-q-x	1
躬先士卒	gōng xiān shì zú	40737	ian-iang,z-zh,s-sh,j-q-x	1
躬冒矢石	gōng mào shǐ shí	40738	ao-ou,s-sh	1
躬耕乐道	gōng gēng lè dào	40739	en-eng,ao-ou,n-l,r-l	1
躬自菲薄	gōng zì fěi bó	40740	ai-ei,z-zh,h-f	1
躬行实践	gōng xíng shí jiàn	40742	in-ing,ian-iang,s-sh,j-q-x	1
躬行节俭	gōng xíng jié jiǎn	40743	in-ing,ian-iang,ia-ie,j-q-x	1
躬蹈矢石	gōng dǎo shǐ shí	40744	ao-ou,s-sh	1
躬逢其盛	gōng féng qí shèng	40745	en-eng,s-sh,h-f,j-q-x	1
车击舟连	chē jī zhōu lián	40759	ian-iang,ao-ou,z-zh,c-ch,n-l,r-l,j-q-x	1
车在马前	chē zài mǎ qián	40768	ian-iang,ai-ei,z-zh,c-ch,j-q-x	1
车填马隘	chē tián mǎ ài	40770	ian-iang,ai-ei,c-ch	1
车尘马足	chē chén mǎ zú	40774	en-eng,z-zh,c-ch	1
车尘马迹	chē chén mǎ jì	40775	en-eng,c-ch,j-q-x	1
车怠马烦	chē dài mǎ fán	40783	an-ang,ai-ei,c-ch,h-f	1
车无退表	chē wú tuì biǎo	40789	c-ch	1
车殆马烦	chē dài mǎ fán	40795	an-ang,ai-ei,c-ch,h-f	3
车烦马毙	chē fán mǎ bì	40799	an-ang,c-ch,h-f	1
车笠之盟	chē lì zhī méng	40809	en-eng,z-zh,c-ch,n-l,r-l	3
车载船装	chē zǎi chuán zhuāng	40829	uan-uang,ai-ei,z-zh,c-ch	1
车辙马迹	chē zhé mǎ jì	40837	z-zh,c-ch,j-q-x	1
车马填门	chē mǎ tián mén	40850	en-eng,ian-iang,c-ch	1
车马盈门	chē mǎ yíng mén	40852	en-eng,in-ing,c-ch	1
车马辐辏	chē mǎ fú còu	40854	ao-ou,c-ch,h-f	3
车马骈阗	chē mǎ pián tián	40855	ian-iang,c-ch	3
车驰马骤	chē chí mǎ zhòu	40856	ao-ou,z-zh,c-ch	1
轩盖如云	xuān gài rú yún	40867	uan-uang,ai-ei,r-l,j-q-x	1
轩轩甚得	xuān xuān shèn dé	40868	en-eng,uan-uang,s-sh,j-q-x	1
轩轾不分	xuān zhì bù fēn	40869	en-eng,uan-uang,z-zh,h-f,j-q-x	3
轩鹤冠猴	xuān hè guàn hóu	40870	uan-uang,ao-ou,h-f,j-q-x	1
转喉触讳	zhuǎn hóu chù huì	40898	uan-uang,ao-ou,z-zh,c-ch,h-f	1
转嗔为喜	zhuǎn chēn wéi xǐ	40899	en-eng,uan-uang,ai-ei,z-zh,c-ch,j-q-x	3
转弯磨角	zhuǎn wān mó jiǎo	40921	an-ang,uan-uang,z-zh,j-q-x	1
转悲为喜	zhuǎn bēi wéi xǐ	40926	uan-uang,ai-ei,z-zh,j-q-x	1
转愁为喜	zhuǎn chóu wéi xǐ	40927	uan-uang,ai-ei,ao-ou,z-zh,c-ch,j-q-x	1
转战千里	zhuǎn zhàn qiān lǐ	40929	an-ang,ian-iang,uan-uang,z-zh,n-l,r-l,j-q-x	1
转斗千里	zhuǎn dòu qiān lǐ	40941	ian-iang,uan-uang,ao-ou,z-zh,n-l,r-l,j-q-x	1
转日回天	zhuǎn rì huí tiān	40942	ian-iang,uan-uang,z-zh,h-f,r-l	1
转来转去	zhuàn lái zhuàn qù	40946	uan-uang,ai-ei,z-zh,n-l,r-l,j-q-x	1
转死沟壑	zhuǎn sǐ gōu hè	40949	uan-uang,ao-ou,z-zh,s-sh,h-f	3
转死沟渠	zhuǎn sǐ gōu qú	40950	uan-uang,ao-ou,z-zh,s-sh,j-q-x	1
转海回天	zhuǎn hǎi huí tiān	40952	ian-iang,uan-uang,ai-ei,z-zh,h-f	1
转湾抹角	zhuǎn wān mò jiǎo	40953	an-ang,uan-uang,z-zh,j-q-x	1
转灾为福	zhuǎn zāi wéi fú	40954	uan-uang,ai-ei,z-zh,h-f	1
转眼之间	zhuǎn yǎn zhī jiān	40959	an-ang,ian-iang,uan-uang,z-zh,j-q-x	1
转瞬之间	zhuǎn shùn zhī jiān	40962	ian-iang,uan-uang,z-zh,s-sh,j-q-x	1
转祸为福	zhuǎn huò wéi fú	40965	uan-uang,ai-ei,ua-uo,z-zh,h-f	1
转败为功	zhuǎn bài wéi gōng	40979	uan-uang,ai-ei,z-zh	1
转败为成	zhuǎn bài wéi chéng	40980	en-eng,uan-uang,ai-ei,z-zh,c-ch	1
转败为胜	zhuǎn bài wéi shèng	40981	en-eng,uan-uang,ai-ei,z-zh,s-sh	1
转轮手枪	zhuàn lún shǒu qiāng	40988	ian-iang,uan-uang,ao-ou,z-zh,s-sh,n-l,r-l,j-q-x	1
转辗反侧	zhuǎn zhǎn fǎn cè	40991	an-ang,uan-uang,z-zh,c-ch,h-f	1
轮扁斫轮	lún biǎn zhuó lún	41005	ian-iang,ua-uo,z-zh,n-l,r-l	3
软体动物	ruǎn tǐ dòng wù	41013	uan-uang,r-l	1
软红十丈	ruǎn hóng shí zhàng	41025	an-ang,uan-uang,z-zh,s-sh,h-f,r-l	1
软红香土	ruǎn hóng xiāng tǔ	41026	ian-iang,uan-uang,h-f,r-l,j-q-x	1
软语温言	ruǎn yǔ wēn yán	41030	en-eng,an-ang,uan-uang,r-l	1
软谈丽语	ruǎn tán lì yǔ	41031	an-ang,uan-uang,n-l,r-l	1
轰堂大笑	hōng táng dà xiào	41040	an-ang,h-f,j-q-x	1
轰天烈地	hōng tiān liè dì	41041	ian-iang,ia-ie,n-l,h-f,r-l	1
轰天裂地	hōng tiān liè dì	41042	ian-iang,ia-ie,n-l,h-f,r-l	1
轹釜待炊	lì fǔ dài chuī	41055	ai-ei,c-ch,n-l,h-f,r-l	7
轻举远游	qīng jǔ yuǎn yóu	41056	in-ing,uan-uang,ao-ou,j-q-x	1
轻卒锐兵	qīng zú ruì bīng	41062	in-ing,z-zh,r-l,j-q-x	1
轻口薄舌	qīng kǒu bó shé	41063	in-ing,ao-ou,s-sh,j-q-x	1
轻吞慢吐	qīng tūn màn tǔ	41064	in-ing,an-ang,j-q-x	1
轻嘴薄舌	qīng zuǐ bó shé	41066	in-ing,z-zh,s-sh,j-q-x	1
轻徭薄税	qīng yáo báo shuì	41069	in-ing,ao-ou,s-sh,j-q-x	3
轻徭薄赋	qīng yáo báo fù	41070	in-ing,ao-ou,h-f,j-q-x	3
轻怜重惜	qīng lián zhòng xī	41071	in-ing,ian-iang,z-zh,n-l,r-l,j-q-x	1
轻才好施	qīng cái hào shī	41072	in-ing,ai-ei,ao-ou,c-ch,s-sh,h-f,j-q-x	1
轻死重义	qīng sǐ zhòng yì	41074	in-ing,z-zh,s-sh,j-q-x	1
轻死重气	qīng sǐ zhòng qì	41075	in-ing,z-zh,s-sh,j-q-x	1
轻生重义	qīng shēng zhòng yì	41077	en-eng,in-ing,z-zh,s-sh,j-q-x	1
轻繇薄赋	qīng yáo báo fù	41080	in-ing,ao-ou,h-f,j-q-x	3
轻若鸿毛	qīng ruò hóng máo	41082	in-ing,ao-ou,ua-uo,h-f,r-l,j-q-x	1
轻薄无知	qīng báo wú zhī	41084	in-ing,ao-ou,z-zh,j-q-x	1
轻薄无礼	qīng báo wú lǐ	41085	in-ing,ao-ou,n-l,r-l,j-q-x	1
轻薄无行	qīng báo wú xíng	41086	in-ing,ao-ou,j-q-x	1
轻虑浅谋	qīng lǜ qiǎn móu	41087	in-ing,ian-iang,ao-ou,n-l,r-l,j-q-x	1
轻装简从	qīng zhuāng jiǎn cóng	41089	in-ing,ian-iang,uan-uang,z-zh,c-ch,j-q-x	1
轻言寡信	qīng yán guǎ xìn	41090	in-ing,an-ang,ua-uo,j-q-x	1
轻言细语	qīng yán xì yǔ	41091	in-ing,an-ang,j-q-x	1
轻言软语	qīng yán ruǎn yǔ	41092	in-ing,an-ang,uan-uang,r-l,j-q-x	1
轻言轻语	qīng yán qīng yǔ	41093	in-ing,an-ang,j-q-x	1
轻诺寡信	qīng nuò guǎ xìn	41094	in-ing,ua-uo,n-l,j-q-x	1
轻财好义	qīng cái hào yì	41095	in-ing,ai-ei,ao-ou,c-ch,h-f,j-q-x	1
轻财好士	qīng cái hǎo shì	41096	in-ing,ai-ei,ao-ou,c-ch,s-sh,h-f,j-q-x	1
轻财好施	qīng cái hào shī	41097	in-ing,ai-ei,ao-ou,c-ch,s-sh,h-f,j-q-x	1
轻财重义	qīng cái zhòng yì	41098	in-ing,ai-ei,z-zh,c-ch,j-q-x	1
轻财重士	qīng cái zhòng shì	41099	in-ing,ai-ei,z-zh,c-ch,s-sh,j-q-x	1
轻赋薄敛	qīng fù báo liǎn	41100	in-ing,ian-iang,ao-ou,n-l,h-f,r-l,j-q-x	1
轻身重义	qīng shēn zhòng yì	41101	en-eng,in-ing,z-zh,s-sh,j-q-x	1
轻车减从	qīng chē jiǎn cóng	41102	in-ing,ian-iang,c-ch,j-q-x	1
轻车熟道	qīng chē shú dào	41104	in-ing,ao-ou,c-ch,s-sh,j-q-x	1
轻重失宜	qīng zhòng shī yí	41108	in-ing,z-zh,s-sh,j-q-x	1
轻重量级	qīng zhòng liàng jí	41110	in-ing,ian-iang,z-zh,n-l,r-l,j-q-x	1
轻骑减从	qīng qí jiǎn cóng	41116	in-ing,ian-iang,c-ch,j-q-x	1
轻骑简从	qīng qí jiǎn cóng	41117	in-ing,ian-iang,c-ch,j-q-x	1
载一抱素	zài yī bào sù	41118	ai-ei,ao-ou,z-zh,s-sh	1
载入史册	zǎi rù shǐ cè	41120	ai-ei,z-zh,c-ch,s-sh,r-l	1
载歌且舞	zài gē qiě wǔ	41122	ai-ei,ia-ie,z-zh,j-q-x	1
载沉载浮	zài chén zài fú	41124	en-eng,ai-ei,z-zh,c-ch,h-f	1
载笑载言	zài xiào zài yán	41126	an-ang,ai-ei,z-zh,j-q-x	1
载舟覆舟	zài zhōu fù zhōu	41127	ai-ei,ao-ou,z-zh,h-f	1
载酒问字	zài jiǔ wèn zì	41132	en-eng,ai-ei,z-zh,j-q-x	1
载驰载驱	zǎi chí zǎi qū	41137	ai-ei,z-zh,c-ch,j-q-x	1
载驱载驰	zài qū zài chí	41138	ai-ei,z-zh,c-ch,j-q-x	1
较德焯勤	jiào dé zhuō qín	41149	in-ing,ua-uo,z-zh,j-q-x	3
较武论文	jiào wǔ lùn wén	41150	en-eng,n-l,r-l,j-q-x	1
较瘦量肥	jiào shòu liàng féi	41151	ian-iang,ai-ei,ao-ou,s-sh,n-l,h-f,r-l,j-q-x	1
较短比长	jiào duǎn bǐ cháng	41152	an-ang,uan-uang,c-ch,j-q-x	1
较短絜长	jiào duǎn xié cháng	41153	an-ang,uan-uang,ia-ie,c-ch,j-q-x	5
较短量长	jiào duǎn liáng cháng	41154	an-ang,ian-iang,uan-uang,c-ch,n-l,r-l,j-q-x	1
较若画一	jiào ruò huà yī	41155	ua-uo,h-f,r-l,j-q-x	1
较长絜短	jiào cháng xié duǎn	41158	an-ang,uan-uang,ia-ie,c-ch,j-q-x	5
辅世长民	fǔ shì zhǎng mín	41159	in-ing,an-ang,z-zh,s-sh,h-f	1
辅牙相倚	fǔ yá xiāng yǐ	41163	ian-iang,h-f,j-q-x	1
辅车唇齿	fǔ chē chún chǐ	41165	c-ch,h-f	1
辅车相依	fǔ chē xiāng yī	41166	ian-iang,c-ch,h-f,j-q-x	1
辅车相将	fǔ chē xiāng jiāng	41167	ian-iang,c-ch,h-f,j-q-x	1
辍毫栖牍	chuò háo qī dú	41174	ao-ou,ua-uo,c-ch,h-f,j-q-x	3
输心服意	shū xīn fú yì	41184	in-ing,s-sh,h-f,j-q-x	1
输财助边	shū cái zhù biān	41186	ian-iang,ai-ei,z-zh,c-ch,s-sh	1
辜恩背义	gū ēn bèi yì	41192	en-eng,ai-ei	1
辞不获命	cí bù huò mìng	41193	in-ing,ua-uo,c-ch,h-f	1
辞不达义	cí bù dá yì	41194	c-ch	1
辞不达意	cí bù dá yì	41195	c-ch	1
辞严义正	cí yán yì zhèng	41196	en-eng,an-ang,z-zh,c-ch	1
辞严意正	cí yán yì zhèng	41197	en-eng,an-ang,z-zh,c-ch	1
辞严气正	cí yán qì zhèng	41198	en-eng,an-ang,z-zh,c-ch,j-q-x	1
辞严谊正	cí yán yì zhèng	41199	en-eng,an-ang,z-zh,c-ch	1
辞多受少	cí duō shòu shǎo	41203	ao-ou,ua-uo,c-ch,s-sh	1
辞微旨远	cí wēi zhǐ yuǎn	41204	uan-uang,ai-ei,z-zh,c-ch	1
辨日炎凉	biàn rì yán liáng	41219	an-ang,ian-iang,n-l,r-l	1
辨若悬河	biàn ruò xuán hé	41221	ian-iang,uan-uang,ua-uo,h-f,r-l,j-q-x	1
辨证论治	biàn zhèng lùn zhì	41222	en-eng,ian-iang,z-zh,n-l,r-l	1
辱国丧师	rǔ guó sàng shī	41231	an-ang,ua-uo,s-sh,r-l	1
边尘不惊	biān chén bù jīng	41239	en-eng,in-ing,ian-iang,c-ch,j-q-x	1
达人知命	dá rén zhī mìng	41247	en-eng,in-ing,z-zh,r-l	1
达地知根	dá dì zhī gēn	41248	en-eng,z-zh	1
达官知命	dá guān zhī mìng	41250	in-ing,uan-uang,z-zh	1
达官要人	dá guān yào rén	41251	en-eng,uan-uang,ao-ou,r-l	1
达官贵要	dá guān guì yào	41252	uan-uang,ao-ou	1
达权知变	dá quán zhī biàn	41255	ian-iang,uan-uang,z-zh,j-q-x	1
达赖喇嘛	dá lài lǎ ma	41257	ai-ei,n-l,r-l	1
迁善去恶	qiān shàn qù è	41259	an-ang,ian-iang,s-sh,j-q-x	1
迁善塞违	qiān shàn sāi wéi	41260	an-ang,ian-iang,ai-ei,s-sh,j-q-x	1
迁善改过	qiān shàn gǎi guò	41261	an-ang,ian-iang,ai-ei,ua-uo,s-sh,j-q-x	1
迁善远罪	qiān shàn yuǎn zuì	41262	an-ang,ian-iang,uan-uang,z-zh,s-sh,j-q-x	1
迁善黜恶	qiān shàn chù è	41263	an-ang,ian-iang,c-ch,s-sh,j-q-x	3
迁客骚人	qiān kè sāo rén	41264	en-eng,ian-iang,ao-ou,s-sh,r-l,j-q-x	1
迁延稽留	qiān yán jī liú	41265	an-ang,ian-iang,n-l,r-l,j-q-x	1
迁延观望	qiān yán guān wàng	41266	an-ang,ian-iang,uan-uang,j-q-x	1
迁思回虑	qiān sī huí lǜ	41267	ian-iang,s-sh,n-l,h-f,r-l,j-q-x	1
迁风移俗	qiān fēng yí sú	41269	en-eng,ian-iang,s-sh,h-f,j-q-x	1
迂回曲折	yū huí qū zhé	41270	z-zh,h-f,j-q-x	1
迂谈阔论	yū tán kuò lùn	41274	an-ang,ua-uo,n-l,r-l	1
迅雷风烈	xùn léi fēng liè	41277	en-eng,ai-ei,ia-ie,n-l,h-f,r-l,j-q-x	1
过为已甚	guò wéi yǐ shèn	41281	en-eng,ai-ei,ua-uo,s-sh	1
过从甚密	guò cóng shèn mì	41287	en-eng,ua-uo,c-ch,s-sh	1
过冬作物	guò dōng zuò wù	41293	ua-uo,z-zh	1
过化存神	guò huà cún shén	41299	en-eng,ua-uo,c-ch,s-sh,h-f	1
过失杀人	guò shī shā rén	41315	en-eng,ua-uo,s-sh,r-l	1
过屠大嚼	guò tú dà jué	41320	ua-uo,j-q-x	1
过市招摇	guò shì zhāo yáo	41322	ao-ou,ua-uo,z-zh,s-sh	1
过府冲州	guò fǔ chōng zhōu	41324	ao-ou,ua-uo,z-zh,c-ch,h-f	1
过庭之训	guò tíng zhī xùn	41326	in-ing,ua-uo,z-zh,j-q-x	1
过敏反应	guò mǐn fǎn yìng	41340	in-ing,an-ang,ua-uo,h-f	1
过时黄花	guò shí huáng huā	41344	uan-uang,ua-uo,s-sh,h-f	1
过桥抽板	guò qiáo chōu bǎn	41350	an-ang,ao-ou,ua-uo,c-ch,j-q-x	1
过桥拆桥	guò qiáo chāi qiáo	41351	ai-ei,ua-uo,c-ch,j-q-x	1
过江之鲫	guò jiāng zhī jì	41355	ian-iang,ua-uo,z-zh,j-q-x	1
过河卒子	guò hé zú zǐ	41356	ua-uo,z-zh,h-f	1
过甚其辞	guò shèn qí cí	41371	en-eng,ua-uo,c-ch,s-sh,j-q-x	1
过目不忘	guò mù bù wàng	41377	an-ang,ua-uo	1
过磷酸钙	guò lín suān gài	41384	in-ing,uan-uang,ai-ei,ua-uo,s-sh,n-l,r-l	1
过而能改	guò ér néng gǎi	41391	en-eng,ai-ei,ua-uo,n-l	1
过路财神	guò lù cái shén	41405	en-eng,ai-ei,ua-uo,c-ch,s-sh,n-l,r-l	1
过都历块	guò dū lì kuài	41409	ua-uo,n-l,r-l	1
过门不入	guò mén bù rù	41415	en-eng,ua-uo,r-l	1
过隙白驹	guò xì bái jū	41418	ai-ei,ua-uo,j-q-x	1
迎刃以解	yíng rèn yǐ jiě	41421	en-eng,in-ing,ia-ie,r-l,j-q-x	1
迎刃冰解	yíng rèn bīng jiě	41422	en-eng,in-ing,ia-ie,r-l,j-q-x	1
迎刃立解	yíng rèn lì jiě	41423	en-eng,in-ing,ia-ie,n-l,r-l,j-q-x	1
迎奸卖俏	yíng jiān mài qiào	41429	in-ing,ian-iang,ai-ei,j-q-x	1
迎神赛会	yíng shén sài huì	41431	en-eng,in-ing,ai-ei,s-sh,h-f	1
迎风冒雪	yíng fēng mào xuě	41433	en-eng,in-ing,ao-ou,h-f,j-q-x	1
迎风待月	yíng fēng dài yuè	41434	en-eng,in-ing,ai-ei,h-f	1
迎风招展	yíng fēng zhāo zhǎn	41435	en-eng,in-ing,an-ang,ao-ou,z-zh,h-f	1
运之掌上	yùn zhī zhǎng shàng	41436	an-ang,z-zh,s-sh	1
运斤如风	yùn jīn rú fēng	41450	en-eng,in-ing,h-f,r-l,j-q-x	1
运斤成风	yùn jīn chéng fēng	41451	en-eng,in-ing,c-ch,h-f,j-q-x	1
运旺时盛	yùn wàng shí shèng	41452	en-eng,an-ang,s-sh	1
运智铺谋	yùn zhì pù móu	41453	ao-ou,z-zh	1
运筹出奇	yùn chóu chū qí	41454	ao-ou,c-ch,j-q-x	1
运计铺谋	yùn jì pù móu	41458	ao-ou,j-q-x	1
运转时来	yùn zhuǎn shí lái	41460	uan-uang,ai-ei,z-zh,s-sh,n-l,r-l	1
近交远攻	jìn jiāo yuǎn gōng	41465	in-ing,uan-uang,j-q-x	1
近墨者黑	jìn mò zhě hēi	41474	in-ing,ai-ei,z-zh,h-f,j-q-x	1
近悦远来	jìn yuè yuǎn lái	41476	in-ing,uan-uang,ai-ei,n-l,r-l,j-q-x	1
近朱者赤	jìn zhū zhě chì	41480	in-ing,z-zh,c-ch,j-q-x	1
近程导弹	jìn chéng dǎo dàn	41483	en-eng,in-ing,an-ang,ao-ou,c-ch,j-q-x	1
返我初服	fǎn wǒ chū fú	41485	an-ang,c-ch,h-f	1
返本朝元	fǎn běn cháo yuán	41486	en-eng,an-ang,uan-uang,ao-ou,c-ch,h-f	1
返本还元	fǎn běn huán yuán	41487	en-eng,an-ang,uan-uang,h-f	1
返本还原	fǎn běn huán yuán	41488	en-eng,an-ang,uan-uang,h-f	1
返本还源	fǎn běn huán yuán	41489	en-eng,an-ang,uan-uang,h-f	1
返朴归真	fǎn pǔ guī zhēn	41490	en-eng,an-ang,z-zh,h-f	1
返朴还淳	fǎn pǔ huán chún	41491	an-ang,uan-uang,c-ch,h-f	1
返朴还真	fǎn pǔ huán zhēn	41492	en-eng,an-ang,uan-uang,z-zh,h-f	1
返观内照	fǎn guān nèi zhào	41495	an-ang,uan-uang,ai-ei,ao-ou,z-zh,n-l,h-f	1
返观内视	fǎn guān nèi shì	41496	an-ang,uan-uang,ai-ei,s-sh,n-l,h-f	1
返视内照	fǎn shì nèi zhào	41497	an-ang,ai-ei,ao-ou,z-zh,s-sh,n-l,h-f	1
返邪归正	fǎn xié guī zhèng	41500	en-eng,an-ang,ia-ie,z-zh,h-f,j-q-x	1
还乡昼锦	huán xiāng zhòu jǐn	41504	in-ing,ian-iang,uan-uang,ao-ou,z-zh,h-f,j-q-x	1
还元返本	huán yuán fǎn běn	41509	en-eng,an-ang,uan-uang,h-f	1
还原反本	huán yuán fǎn běn	41512	en-eng,an-ang,uan-uang,h-f	1
还原染料	huán yuán rǎn liào	41513	an-ang,uan-uang,n-l,h-f,r-l	1
还君明珠	huán jūn míng zhū	41515	in-ing,uan-uang,z-zh,h-f,j-q-x	1
还年却老	huán nián què lǎo	41520	ian-iang,uan-uang,ao-ou,n-l,h-f,r-l,j-q-x	1
还年驻色	huán nián zhù sè	41522	ian-iang,uan-uang,z-zh,s-sh,n-l,h-f	1
还我河山	huán wǒ hé shān	41525	an-ang,uan-uang,s-sh,h-f	1
还朴反古	huán pǔ fǎn gǔ	41531	an-ang,uan-uang,h-f	1
还淳反古	huán chún fǎn gǔ	41533	an-ang,uan-uang,c-ch,h-f	1
还淳反朴	huán chún fǎn pǔ	41534	an-ang,uan-uang,c-ch,h-f	1
还淳反素	huán chún fǎn sù	41535	an-ang,uan-uang,c-ch,s-sh,h-f	1
还淳返朴	huán chún fǎn pǔ	41536	an-ang,uan-uang,c-ch,h-f	1
还珠买椟	huán zhū mǎi dú	41539	uan-uang,ai-ei,z-zh,h-f	3
还珠合浦	huán zhū hé pǔ	41540	uan-uang,z-zh,h-f	1
还珠返璧	huán zhū fǎn bì	41541	an-ang,uan-uang,z-zh,h-f	1
还算不错	hái suàn bú cuò	41545	uan-uang,ai-ei,ua-uo,c-ch,s-sh,h-f	1
还醇返朴	huán chún fǎn pǔ	41549	an-ang,uan-uang,c-ch,h-f	1
进可替不	jìn kě tì bù	41579	in-ing,j-q-x	1
进可替否	jìn kě tì fǒu	41580	in-ing,ao-ou,h-f,j-q-x	1
进善惩恶	jìn shàn chéng è	41581	en-eng,in-ing,an-ang,c-ch,s-sh,j-q-x	1
进善退恶	jìn shàn tuì è	41582	in-ing,an-ang,s-sh,j-q-x	1
进善黜恶	jìn shàn chù è	41583	in-ing,an-ang,c-ch,s-sh,j-q-x	3
进壤广地	jìn rǎng guǎng dì	41585	in-ing,an-ang,uan-uang,r-l,j-q-x	1
进寸退尺	jìn cùn tuì chǐ	41586	in-ing,c-ch,j-q-x	1
进德修业	jìn dé xiū yè	41590	in-ing,j-q-x	1
进种善群	jìn zhǒng shàn qún	41593	in-ing,an-ang,z-zh,s-sh,j-q-x	1
进贤任能	jìn xián rèn néng	41597	en-eng,in-ing,ian-iang,n-l,r-l,j-q-x	1
进贤兴功	jìn xián xīng gōng	41598	in-ing,ian-iang,j-q-x	1
进贤屏恶	jìn xián píng è	41599	in-ing,ian-iang,j-q-x	1
进贤拔能	jìn xián bá néng	41600	en-eng,in-ing,ian-iang,n-l,j-q-x	1
进贤用能	jìn xián yòng néng	41601	en-eng,in-ing,ian-iang,n-l,j-q-x	1
进贤达能	jìn xián dá néng	41602	en-eng,in-ing,ian-iang,n-l,j-q-x	1
进贤进能	jìn xián jìn néng	41603	en-eng,in-ing,ian-iang,n-l,j-q-x	1
进贤黜恶	jìn xián chù è	41604	in-ing,ian-iang,c-ch,j-q-x	3
进退中度	jìn tuì zhòng dù	41606	in-ing,z-zh,j-q-x	1
进退中绳	jìn tuì zhōng shéng	41607	en-eng,in-ing,z-zh,s-sh,j-q-x	1
进退为难	jìn tuì wéi nán	41608	in-ing,an-ang,ai-ei,n-l,j-q-x	1
进退亡据	jìn tuì wáng jù	41609	in-ing,an-ang,j-q-x	1
进退出处	jìn tuì chū chǔ	41610	in-ing,c-ch,j-q-x	1
进退双难	jìn tuì shuāng nán	41611	in-ing,an-ang,uan-uang,s-sh,n-l,j-q-x	1
进退可否	jìn tuì kě fǒu	41612	in-ing,ao-ou,h-f,j-q-x	1
进退可度	jìn tuì kě dù	41613	in-ing,j-q-x	1
进退失据	jìn tuì shī jù	41614	in-ing,s-sh,j-q-x	1
进退存亡	jìn tuì cún wáng	41615	in-ing,an-ang,c-ch,j-q-x	1
进退应矩	jìn tuì yīng jǔ	41616	in-ing,j-q-x	1
进退无据	jìn tuì wú jù	41617	in-ing,j-q-x	1
进退有常	jìn tuì yǒu cháng	41618	in-ing,an-ang,ao-ou,c-ch,j-q-x	1
进退有度	jìn tuì yǒu dù	41619	in-ing,ao-ou,j-q-x	1
进退有节	jìn tuì yǒu jié	41620	in-ing,ao-ou,ia-ie,j-q-x	1
进退消长	jìn tuì xiāo cháng	41621	in-ing,an-ang,c-ch,j-q-x	1
进退狐疑	jìn tuì hú yí	41622	in-ing,h-f,j-q-x	1
进退维亟	jìn tuì wéi jí	41623	in-ing,ai-ei,j-q-x	3
进退跋疐	jìn tuì bá zhì	41625	in-ing,z-zh,j-q-x	5
进道若蜷	jìn dào ruò quán	41626	in-ing,uan-uang,ao-ou,ua-uo,r-l,j-q-x	3
进道若退	jìn dào ruò tuì	41628	in-ing,ao-ou,ua-uo,r-l,j-q-x	1
远不间亲	yuǎn bù jiàn qīn	41630	in-ing,ian-iang,uan-uang,j-q-x	1
远亲近邻	yuǎn qīn jìn lín	41636	in-ing,uan-uang,n-l,r-l,j-q-x	1
远垂不朽	yuǎn chuí bù xiǔ	41641	uan-uang,c-ch,j-q-x	1
远山芙蓉	yuǎn shān fú róng	41646	an-ang,uan-uang,s-sh,h-f,r-l	1
远年近岁	yuǎn nián jìn suì	41647	in-ing,ian-iang,uan-uang,s-sh,n-l,j-q-x	1
远年近日	yuǎn nián jìn rì	41648	in-ing,ian-iang,uan-uang,n-l,r-l,j-q-x	1
远怀近集	yuǎn huái jìn jí	41649	in-ing,uan-uang,h-f,j-q-x	1
远愁近虑	yuǎn chóu jìn lǜ	41650	in-ing,uan-uang,ao-ou,c-ch,n-l,r-l,j-q-x	1
远求骐骥	yuǎn qiú qí jì	41663	uan-uang,j-q-x	3
远溯博索	yuǎn sù bó suǒ	41669	uan-uang,ua-uo,s-sh	1
远瞩高瞻	yuǎn zhǔ gāo zhān	41672	an-ang,uan-uang,ao-ou,z-zh	1
远至迩安	yuǎn zhì ěr ān	41676	an-ang,uan-uang,z-zh	3
远虑深谋	yuǎn lǜ shēn móu	41679	en-eng,uan-uang,ao-ou,s-sh,n-l,r-l	1
远谋深算	yuǎn móu shēn suàn	41687	en-eng,uan-uang,ao-ou,s-sh	1
违信背约	wéi xìn bèi yuē	41702	in-ing,ai-ei,j-q-x	1
违强陵弱	wéi qiáng líng ruò	41704	in-ing,ian-iang,ai-ei,ua-uo,n-l,r-l,j-q-x	1
违条犯法	wéi tiáo fàn fǎ	41707	an-ang,ai-ei,h-f	1
违条舞法	wéi tiáo wǔ fǎ	41708	ai-ei,h-f	1
连三并四	lián sān bìng sì	41715	in-ing,an-ang,ian-iang,s-sh,n-l,r-l	1
连中三元	lián zhòng sān yuán	41716	an-ang,ian-iang,uan-uang,z-zh,s-sh,n-l,r-l	1
连二并三	lián èr bìng sān	41717	in-ing,an-ang,ian-iang,s-sh,n-l,r-l	1
连天匝地	lián tiān zā dì	41721	ian-iang,z-zh,n-l,r-l	3
连山排海	lián shān pái hǎi	41722	an-ang,ian-iang,ai-ei,s-sh,n-l,h-f,r-l	1
连州比县	lián zhōu bǐ xiàn	41723	ian-iang,ao-ou,z-zh,n-l,r-l,j-q-x	1
连帙累牍	lián zhì lèi dú	41724	ian-iang,ai-ei,z-zh,n-l,r-l	3
连更彻夜	lián gēng chè yè	41725	en-eng,ian-iang,c-ch,n-l,r-l	1
连更星夜	lián gēng xīng yè	41726	en-eng,in-ing,ian-iang,n-l,r-l,j-q-x	1
连更晓夜	lián gēng xiǎo yè	41727	en-eng,ian-iang,n-l,r-l,j-q-x	1
连枝共冢	lián zhī gòng zhǒng	41729	ian-iang,z-zh,n-l,r-l	3
连枝分叶	lián zhī fēn yè	41730	en-eng,ian-iang,z-zh,n-l,h-f,r-l	1
连枝同气	lián zhī tóng qì	41731	ian-iang,z-zh,n-l,r-l,j-q-x	1
连枝带叶	lián zhī dài yè	41732	ian-iang,ai-ei,z-zh,n-l,r-l	1
连枝并头	lián zhī bìng tóu	41733	in-ing,ian-iang,ao-ou,z-zh,n-l,r-l	1
连枝比翼	lián zhī bǐ yì	41734	ian-iang,z-zh,n-l,r-l	1
连根带梢	lián gēn dài shāo	41735	en-eng,ian-iang,ai-ei,ao-ou,s-sh,n-l,r-l	1
连汤带水	lián tāng dài shuǐ	41737	an-ang,ian-iang,ai-ei,s-sh,n-l,r-l	1
连珠合璧	lián zhū hé bì	41738	ian-iang,z-zh,n-l,h-f,r-l	1
连理分枝	lián lǐ fēn zhī	41739	en-eng,ian-iang,z-zh,n-l,h-f,r-l	1
连章累牍	lián zhāng lèi dú	41742	an-ang,ian-iang,ai-ei,z-zh,n-l,r-l	3
连篇累册	lián piān lèi cè	41743	ian-iang,ai-ei,c-ch,n-l,r-l	1
连篇累帙	lián piān lèi zhì	41744	ian-iang,ai-ei,z-zh,n-l,r-l	3
连篇累帧	lián piān lèi zhēn	41745	en-eng,ian-iang,ai-ei,z-zh,n-l,r-l	3
连篇累幅	lián piān lèi fú	41746	ian-iang,ai-ei,n-l,h-f,r-l	1
连绵不断	lián mián bù duàn	41752	ian-iang,uan-uang,n-l,r-l	1
连绵不绝	lián mián bù jué	41753	ian-iang,n-l,r-l,j-q-x	1
连编累牍	lián biān lěi dú	41754	ian-iang,ai-ei,n-l,r-l	3
连舆并席	lián yú bìng xí	41756	in-ing,ian-iang,n-l,r-l,j-q-x	1
连街倒巷	lián jiē dǎo xiàng	41757	ian-iang,ao-ou,ia-ie,n-l,r-l,j-q-x	1
连车平斗	lián chē píng dǒu	41760	in-ing,ian-iang,ao-ou,c-ch,n-l,r-l	1
连载小说	lián zǎi xiǎo shuō	41762	ian-iang,ai-ei,ua-uo,z-zh,s-sh,n-l,r-l,j-q-x	1
连镳并轸	lián biāo bìng zhěn	41764	en-eng,in-ing,ian-iang,z-zh,n-l,r-l	3
连镳并驾	lián biāo bìng jià	41765	in-ing,ian-iang,ia-ie,n-l,r-l,j-q-x	3
连阡累陌	lián qiān lèi mò	41767	ian-iang,ai-ei,n-l,r-l,j-q-x	3
连阶累任	lián jiē lèi rèn	41768	en-eng,ian-iang,ai-ei,ia-ie,n-l,r-l,j-q-x	1
迟回观望	chí huí guān wàng	41769	an-ang,uan-uang,c-ch,h-f	1
迟徊不决	chí huái bù jué	41770	c-ch,h-f,j-q-x	1
迟徊观望	chí huái guān wàng	41771	an-ang,uan-uang,c-ch,h-f	1
迟疑不决	chí yí bù jué	41773	c-ch,j-q-x	1
迟疑不定	chí yí bù dìng	41774	in-ing,c-ch	1
迟疑不断	chí yí bù duàn	41775	uan-uang,c-ch	1
迟疑未决	chí yí wèi jué	41776	ai-ei,c-ch,j-q-x	1
迟疑观望	chí yí guān wàng	41777	an-ang,uan-uang,c-ch	1
迟疑顾望	chí yí gù wàng	41778	an-ang,c-ch	1
迟迟吾行	chí chí wú xíng	41779	in-ing,c-ch,j-q-x	1
迥不犹人	jiǒng bù yóu rén	41782	en-eng,ao-ou,r-l,j-q-x	3
迥乎不同	jiǒng hū bù tóng	41783	h-f,j-q-x	3
迥然不群	jiǒng rán bù qún	41785	an-ang,r-l,j-q-x	3
迩安远至	ěr ān yuǎn zhì	41786	an-ang,uan-uang,z-zh	3
迫不可待	pò bù kě dài	41789	ai-ei	1
迫击炮弹	pǎi jī pào dàn	41798	an-ang,ai-ei,ao-ou,j-q-x	1
迭矩重规	dié jǔ chóng guī	41805	ia-ie,c-ch,j-q-x	1
迷天大罪	mí tiān dà zuì	41810	ian-iang,z-zh	1
迷天大谎	mí tiān dà huǎng	41811	ian-iang,uan-uang,h-f	1
迷头认影	mí tóu rèn yǐng	41812	en-eng,in-ing,ao-ou,r-l	1
迷恋骸骨	mí liàn hái gǔ	41813	ian-iang,ai-ei,n-l,h-f,r-l	3
迷惑不解	mí huò bù jiě	41814	ia-ie,ua-uo,h-f,j-q-x	1
迷涂知反	mí tú zhī fǎn	41815	an-ang,z-zh,h-f	1
迷而不反	mí ér bù fǎn	41817	an-ang,h-f	1
迷而不返	mí ér bù fǎn	41818	an-ang,h-f	1
迷而知反	mí ér zhī fǎn	41819	an-ang,z-zh,h-f	1
迷而知返	mí ér zhī fǎn	41820	an-ang,z-zh,h-f	1
迷迷糊糊	mí mí hū hū	41822	h-f	1
迷途知反	mí tú zhī fǎn	41823	an-ang,z-zh,h-f	1
追云逐电	zhuī yún zhú diàn	41831	ian-iang,z-zh	1
追亡逐北	zhuī wáng zhú běi	41832	an-ang,ai-ei,z-zh	1
追亡逐遁	zhuī wáng zhú dùn	41833	an-ang,z-zh	3
追悔何及	zhuī huǐ hé jí	41848	z-zh,h-f,j-q-x	1
追本穷源	zhuī běn qióng yuán	41857	en-eng,uan-uang,z-zh,j-q-x	1
追根寻底	zhuī gēn xún dǐ	41860	en-eng,z-zh,j-q-x	1
追根查源	zhuī gēn chá yuán	41861	en-eng,uan-uang,z-zh,c-ch	1
追根求源	zhuī gēn qiú yuán	41862	en-eng,uan-uang,z-zh,j-q-x	1
追根溯源	zhuī gēn sù yuán	41863	en-eng,uan-uang,z-zh,s-sh	1
追根究蒂	zhuī gēn jiū dì	41865	en-eng,z-zh,j-q-x	1
追根穷源	zhuī gēn qióng yuán	41866	en-eng,uan-uang,z-zh,j-q-x	1
追根问底	zhuī gēn wèn dǐ	41867	en-eng,z-zh	1
追欢买笑	zhuī huān mǎi xiào	41868	uan-uang,ai-ei,z-zh,h-f,j-q-x	1
追欢作乐	zhuī huān zuò lè	41869	uan-uang,ua-uo,z-zh,n-l,h-f,r-l	1
追欢卖笑	zhuī huān mài xiào	41870	uan-uang,ai-ei,z-zh,h-f,j-q-x	1
追欢取乐	zhuī huān qǔ lè	41871	uan-uang,z-zh,n-l,h-f,r-l,j-q-x	1
追趋逐耆	zhuī qū zhú shì	41889	z-zh,s-sh,j-q-x	3
追远慎终	zhuī yuǎn shèn zhōng	41892	en-eng,uan-uang,z-zh,s-sh	1
追风掣电	zhuī fēng chè diàn	41899	en-eng,ian-iang,z-zh,c-ch,h-f	3
追风摄景	zhuī fēng shè jǐng	41900	en-eng,in-ing,z-zh,s-sh,h-f,j-q-x	1
追风蹑影	zhuī fēng niè yǐng	41901	en-eng,in-ing,ia-ie,z-zh,n-l,h-f	3
追风蹑景	zhuī fēng niè jǐng	41902	en-eng,in-ing,ia-ie,z-zh,n-l,h-f,j-q-x	3
追风逐影	zhuī fēng zhú yǐng	41903	en-eng,in-ing,z-zh,h-f	1
追风逐日	zhuī fēng zhú rì	41904	en-eng,z-zh,h-f,r-l	1
追风逐电	zhuī fēng zhú diàn	41905	en-eng,ian-iang,z-zh,h-f	1
追魂夺命	zhuī hún duó mìng	41907	in-ing,ua-uo,z-zh,h-f	1
追魂夺魄	zhuī hún duó pò	41908	ua-uo,z-zh,h-f	1
追魂摄魄	zhuī hún shè pò	41909	z-zh,s-sh,h-f	1
退思补过	tuì sī bǔ guò	41918	ua-uo,s-sh	1
退有后言	tuì yǒu hòu yán	41919	an-ang,ao-ou,h-f	1
退藏于密	tuì cáng yú mì	41924	an-ang,c-ch	1
退食从容	tuì shí cóng róng	41929	c-ch,s-sh,r-l	1
退食自公	tuì shí zì gōng	41930	z-zh,s-sh	1
送子观音	sòng zǐ guān yīn	41938	in-ing,uan-uang,z-zh,s-sh	1
送货上门	sòng huò shàng mén	41943	en-eng,an-ang,ua-uo,s-sh,h-f	1
适以相成	shì yǐ xiāng chéng	41950	en-eng,ian-iang,c-ch,s-sh,j-q-x	1
适如其分	shì rú qí fèn	41954	en-eng,s-sh,h-f,r-l,j-q-x	1
适居其反	shì jū qí fǎn	41955	an-ang,s-sh,h-f,j-q-x	1
适当其冲	shì dāng qí chōng	41960	an-ang,c-ch,s-sh,j-q-x	1
适当其时	shì dāng qí shí	41961	an-ang,s-sh,j-q-x	1
适性任情	shì xìng rèn qíng	41963	en-eng,in-ing,s-sh,r-l,j-q-x	1
适情任欲	shì qíng rèn yù	41964	en-eng,in-ing,s-sh,r-l,j-q-x	1
适情率意	shì qíng shuài yì	41965	in-ing,s-sh,j-q-x	1
适时应务	shì shí yīng wù	41966	in-ing,s-sh	1
适逢其时	shì féng qí shí	41968	en-eng,s-sh,h-f,j-q-x	1
逃之天天	táo zhī tiān tiān	41970	ian-iang,ao-ou,z-zh	1
逃灾避难	táo zāi bì nàn	41975	an-ang,ai-ei,ao-ou,z-zh,n-l	1
逆天暴物	nì tiān bào wù	41979	ian-iang,ao-ou,n-l	1
逆施倒行	nì shī dǎo xíng	41981	in-ing,ao-ou,s-sh,n-l,j-q-x	1
逆耳利行	nì ěr lì xíng	41983	in-ing,n-l,r-l,j-q-x	1
逆行倒施	nì xíng dào shī	41985	in-ing,ao-ou,s-sh,n-l,j-q-x	1
逆风恶浪	nì fēng è làng	41988	en-eng,an-ang,n-l,h-f,r-l	1
选贤与能	xuǎn xián yǔ néng	42001	en-eng,ian-iang,uan-uang,n-l,j-q-x	1
选贤举能	xuǎn xián jǔ néng	42002	en-eng,ian-iang,uan-uang,n-l,j-q-x	1
逍遥自得	xiāo yáo zì dé	42005	ao-ou,z-zh,j-q-x	3
透骨酸心	tòu gǔ suān xīn	42019	in-ing,uan-uang,ao-ou,s-sh,j-q-x	1
逐句逐字	zhú jù zhú zì	42022	z-zh,j-q-x	1
逐名趋势	zhú míng qū shì	42023	in-ing,z-zh,s-sh,j-q-x	1
逐新趣异	zhú xīn qù yì	42027	in-ing,z-zh,j-q-x	1
逐日追风	zhú rì zhuī fēng	42028	en-eng,z-zh,h-f,r-l	1
逐机应变	zhú jī yìng biàn	42029	in-ing,ian-iang,z-zh,j-q-x	1
逐物不还	zhú wù bù huán	42032	uan-uang,z-zh,h-f	1
逐电追风	zhú diàn zhuī fēng	42033	en-eng,ian-iang,z-zh,h-f	1
逐臭之夫	zhú chòu zhī fū	42036	ao-ou,z-zh,c-ch,h-f	1
逐近弃远	zhú jìn qì yuǎn	42037	in-ing,uan-uang,z-zh,j-q-x	1
逐风追电	zhú fēng zhuī diàn	42039	en-eng,ian-iang,z-zh,h-f	1
逐鹿中原	zhú lù zhōng yuán	42040	uan-uang,z-zh,n-l,r-l	1
递兴递废	dì xīng dì fèi	42041	in-ing,ai-ei,h-f,j-q-x	1
逖听远闻	tì tīng yuǎn wén	42046	en-eng,in-ing,uan-uang	3
通上彻下	tōng shàng chè xià	42054	an-ang,ia-ie,c-ch,s-sh,j-q-x	1
通儒硕学	tōng rú shuò xué	42064	ua-uo,s-sh,r-l,j-q-x	1
通儒达识	tōng rú dá shí	42065	s-sh,r-l	1
通元识微	tōng yuán shí wēi	42066	uan-uang,ai-ei,s-sh	1
通共有无	tōng gòng yǒu wú	42069	ao-ou	1
通力合作	tōng lì hé zuò	42072	ua-uo,z-zh,n-l,h-f,r-l	1
通南彻北	tōng nán chè běi	42076	an-ang,ai-ei,c-ch,n-l	1
通同一气	tōng tóng yī qì	42078	j-q-x	1
通同作弊	tōng tóng zuò bì	42079	ua-uo,z-zh	1
通天彻地	tōng tiān chè dì	42080	ian-iang,c-ch	1
通天达地	tōng tiān dá dì	42081	ian-iang	1
通家之好	tōng jiā zhī hǎo	42086	ao-ou,ia-ie,z-zh,h-f,j-q-x	1
通忧共患	tōng yōu gòng huàn	42088	uan-uang,ao-ou,h-f	1
通才硕学	tōng cái shuò xué	42089	ai-ei,ua-uo,c-ch,s-sh,j-q-x	1
通才练识	tōng cái liàn shí	42090	ian-iang,ai-ei,c-ch,s-sh,n-l,r-l	1
通文调武	tōng wén diào wǔ	42091	en-eng	1
通无共有	tōng wú gòng yǒu	42092	ao-ou	1
通时合变	tōng shí hé biàn	42093	ian-iang,s-sh,h-f	1
通材达识	tōng cái dá shí	42094	ai-ei,c-ch,s-sh	1
通衢大邑	tōng qú dà yì	42107	j-q-x	3
通衢广陌	tōng qú guǎng mò	42108	uan-uang,j-q-x	3
通邑大都	tōng yì dà dōu	42117	ao-ou	1
通都大埠	tōng dōu dà bù	42118	ao-ou	1
通都巨邑	tōng dōu jù yì	42120	ao-ou,j-q-x	1
通风报讯	tōng fēng bào xùn	42125	en-eng,ao-ou,h-f,j-q-x	1
通风讨信	tōng fēng tǎo xìn	42127	en-eng,in-ing,ao-ou,h-f,j-q-x	1
通风设备	tōng fēng shè bèi	42128	en-eng,ai-ei,s-sh,h-f	1
通首至尾	tōng shǒu zhì wěi	42129	ai-ei,ao-ou,z-zh,s-sh	1
逝将去汝	shì jiāng qù rǔ	42130	ian-iang,s-sh,r-l,j-q-x	1
逞奇眩异	chěng qí xuàn yì	42131	en-eng,uan-uang,c-ch,j-q-x	3
逞妍斗色	chěng yán dòu sè	42132	en-eng,an-ang,ao-ou,c-ch,s-sh	3
逞娇斗媚	chěng jiāo dòu mèi	42134	en-eng,ai-ei,ao-ou,c-ch,j-q-x	1
逞异夸能	chěng yì kuā néng	42135	en-eng,ua-uo,c-ch,n-l	1
逞强好胜	chěng qiáng hào shèng	42137	en-eng,ian-iang,ao-ou,c-ch,s-sh,h-f,j-q-x	1
逞强称能	chěng qiáng chēng néng	42138	en-eng,ian-iang,c-ch,n-l,j-q-x	1
逞性妄为	chěng xìng wàng wéi	42139	en-eng,in-ing,an-ang,ai-ei,c-ch,j-q-x	1
逞怪披奇	chěng guài pī qí	42140	en-eng,c-ch,j-q-x	1
造作矫揉	zào zuò jiǎo róu	42149	ao-ou,ua-uo,z-zh,r-l,j-q-x	1
造化小儿	zào huà xiǎo ér	42152	ao-ou,ua-uo,z-zh,h-f,j-q-x	1
造因得果	zào yīn dé guǒ	42154	in-ing,ao-ou,ua-uo,z-zh	1
造因结果	zào yīn jié guǒ	42155	in-ing,ao-ou,ia-ie,ua-uo,z-zh,j-q-x	1
造型艺术	zào xíng yì shù	42156	in-ing,ao-ou,z-zh,s-sh,j-q-x	1
造恶不悛	zào è bù quān	42158	uan-uang,ao-ou,z-zh,j-q-x	3
造次行事	zào cì xíng shì	42159	in-ing,ao-ou,z-zh,c-ch,s-sh,j-q-x	1
造端倡始	zào duān chàng shǐ	42160	an-ang,uan-uang,ao-ou,z-zh,c-ch,s-sh	1
造车合辙	zào chē hé zhé	42163	ao-ou,z-zh,c-ch,h-f	1
逢人说项	féng rén shuō xiàng	42164	en-eng,ian-iang,ua-uo,s-sh,h-f,r-l,j-q-x	1
逢吉丁辰	féng jí dīng chén	42166	en-eng,in-ing,c-ch,h-f,j-q-x	1
逢君之恶	féng jūn zhī è	42167	en-eng,z-zh,h-f,j-q-x	1
逢场作乐	féng chǎng zuò lè	42168	en-eng,an-ang,ua-uo,z-zh,c-ch,n-l,h-f,r-l	1
逢场作趣	féng chǎng zuò qù	42170	en-eng,an-ang,ua-uo,z-zh,c-ch,h-f,j-q-x	1
逢场游戏	féng chǎng yóu xì	42171	en-eng,an-ang,ao-ou,c-ch,h-f,j-q-x	1
逢场竿木	féng chǎng gān mù	42172	en-eng,an-ang,c-ch,h-f	1
逢年过节	féng nián guò jié	42173	en-eng,ian-iang,ia-ie,ua-uo,n-l,h-f,j-q-x	1
逢恶导非	féng è dǎo fēi	42174	en-eng,ai-ei,ao-ou,h-f	1
逢时遇节	féng shí yù jié	42175	en-eng,ia-ie,s-sh,h-f,j-q-x	1
逢机遘会	féng jī gòu huì	42176	en-eng,ao-ou,h-f,j-q-x	5
逶迤退食	wēi yí tuì shí	42184	ai-ei,s-sh	3
逸以待劳	yì yǐ dài láo	42187	ai-ei,ao-ou,n-l,r-l	1
逸兴云飞	yì xìng yún fēi	42188	in-ing,ai-ei,h-f,j-q-x	1
逸兴横飞	yì xìng héng fēi	42189	en-eng,in-ing,ai-ei,h-f,j-q-x	1
逸兴遄飞	yì xìng chuán fēi	42190	in-ing,uan-uang,ai-ei,c-ch,h-f,j-q-x	3
逸尘断鞅	yì chén duàn yāng	42191	en-eng,an-ang,uan-uang,c-ch	3
逸态横生	yì tài héng shēng	42192	en-eng,ai-ei,s-sh,h-f	1
逸趣横生	yì qù héng shēng	42193	en-eng,s-sh,h-f,j-q-x	1
逸闻趣事	yì wén qù shì	42194	en-eng,s-sh,j-q-x	1
逼不得已	bī bù dé yǐ	42198		1
逼人太甚	bī rén tài shèn	42199	en-eng,ai-ei,s-sh,r-l	1
逾千越万	yú qiān yuè wàn	42208	an-ang,ian-iang,j-q-x	1
逾墙钻穴	yú qiáng zuàn xué	42209	ian-iang,uan-uang,z-zh,j-q-x	1
逾墙钻隙	yú qiáng zuān xì	42211	ian-iang,uan-uang,z-zh,j-q-x	1
逾沙轶漠	yú shā yì mò	42213	s-sh	3
逾绳越契	yú shéng yuè qì	42214	en-eng,s-sh,j-q-x	1
遁世无闷	dùn shì wú mèn	42215	en-eng,s-sh	3
遁世长往	dùn shì cháng wǎng	42216	an-ang,c-ch,s-sh	3
遁世隐居	dùn shì yǐn jū	42217	in-ing,s-sh,j-q-x	3
遁俗无闷	dùn sú wú mèn	42218	en-eng,s-sh	3
遁入空门	dùn rù kōng mén	42219	en-eng,r-l	3
遁天妄行	dùn tiān wàng xíng	42220	in-ing,an-ang,ian-iang,j-q-x	3
遁形远世	dùn xíng yuǎn shì	42221	in-ing,uan-uang,s-sh,j-q-x	3
遁身远迹	dùn shēn yuǎn jì	42222	en-eng,uan-uang,s-sh,j-q-x	3
遁迹空门	dùn jì kōng mén	42223	en-eng,j-q-x	3
遁迹藏名	dùn jì cáng míng	42224	in-ing,an-ang,c-ch,j-q-x	3
遁迹黄冠	dùn jì huáng guàn	42225	uan-uang,h-f,j-q-x	3
遁逸无闷	dùn yì wú mèn	42226	en-eng	3
遁阴匿景	dùn yīn nì jǐng	42227	in-ing,n-l,j-q-x	3
遂心应手	suì xīn yìng shǒu	42228	in-ing,ao-ou,s-sh,j-q-x	1
遂迷不寤	suí mí bù wù	42230	s-sh	3
遂非文过	suí fēi wén guò	42232	en-eng,ai-ei,ua-uo,s-sh,h-f	1
遇事生风	yù shì shēng fēng	42233	en-eng,s-sh,h-f	1
遇人不淑	yù rén bù shū	42234	en-eng,s-sh,r-l	1
遇难呈祥	yù nàn chéng xiáng	42236	en-eng,an-ang,ian-iang,c-ch,n-l,j-q-x	1
遇难成祥	yù nàn chéng xiáng	42237	en-eng,an-ang,ian-iang,c-ch,n-l,j-q-x	1
遍地开花	biàn dì kāi huā	42242	ian-iang,ai-ei,ua-uo,h-f	1
遏恶扬善	è è yáng shàn	42243	an-ang,s-sh	1
遏渐防萌	è jiàn fáng méng	42244	en-eng,an-ang,ian-iang,h-f,j-q-x	1
遐迩一体	xiá ěr yī tǐ	42246	ia-ie,j-q-x	3
遐迩著闻	xiá ěr zhù wén	42247	en-eng,ia-ie,z-zh,j-q-x	3
道不举遗	dào bù jǔ yí	42249	ao-ou,j-q-x	1
道不掇遗	dào bù duō yí	42252	ao-ou,ua-uo	3
道不相谋	dào bù xiāng móu	42253	ian-iang,ao-ou,j-q-x	1
道东说西	dào dōng shuō xī	42254	ao-ou,ua-uo,s-sh,j-q-x	1
道傍之筑	dào bàng zhī zhù	42255	an-ang,ao-ou,z-zh	1
道傍筑室	dào bàng zhù shì	42256	an-ang,ao-ou,z-zh,s-sh	1
道合志同	dào hé zhì tóng	42259	ao-ou,z-zh,h-f	1
道同义合	dào tóng yì hé	42260	ao-ou,h-f	1
道同契合	dào tóng qì hé	42261	ao-ou,h-f,j-q-x	1
道同志合	dào tóng zhì hé	42262	ao-ou,z-zh,h-f	1
道听涂说	dào tīng tú shuō	42263	in-ing,ao-ou,ua-uo,s-sh	1
道听耳食	dào tīng ěr shí	42264	in-ing,ao-ou,s-sh	1
道在人为	dào zài rén wéi	42266	en-eng,ai-ei,ao-ou,z-zh,r-l	1
道在屎溺	dào zài shǐ nì	42267	ai-ei,ao-ou,z-zh,s-sh,n-l	1
道大莫容	dào dà mò róng	42270	ao-ou,r-l	1
道头会尾	dào tóu huì wěi	42271	ai-ei,ao-ou,h-f	1
道头知尾	dào tóu zhī wěi	42272	ai-ei,ao-ou,z-zh	1
道寡称孤	dào guǎ chēng gū	42274	en-eng,ao-ou,ua-uo,c-ch	1
道尽涂殚	dào jìn tú dān	42275	in-ing,an-ang,ao-ou,j-q-x	3
道尽涂穷	dào jìn tú qióng	42276	in-ing,ao-ou,j-q-x	1
道尽途殚	dào jìn tú dān	42277	in-ing,an-ang,ao-ou,j-q-x	3
道尽途穷	dào jìn tú qióng	42278	in-ing,ao-ou,j-q-x	1
道弟称兄	dào dì chēng xiōng	42279	en-eng,ao-ou,c-ch,j-q-x	1
道微德薄	dào wēi dé báo	42280	ai-ei,ao-ou	1
道德教育	dào dé jiào yù	42281	ao-ou,j-q-x	1
道德行为	dào dé xíng wéi	42282	in-ing,ai-ei,ao-ou,j-q-x	1
道旁苦李	dào páng kǔ lǐ	42284	an-ang,ao-ou,n-l,r-l	1
道无拾遗	dào wú shí yí	42285	ao-ou,s-sh	1
道殣相属	dào jìn xiāng shǔ	42287	in-ing,ian-iang,ao-ou,s-sh,j-q-x	5
道殣相望	dào jìn xiāng wàng	42288	in-ing,an-ang,ian-iang,ao-ou,j-q-x	5
道殣相枕	dào jìn xiāng zhěn	42289	en-eng,in-ing,ian-iang,ao-ou,z-zh,j-q-x	5
道而不径	dào ér bù jìng	42290	in-ing,ao-ou,j-q-x	1
道西说东	dào xī shuō dōng	42293	ao-ou,ua-uo,s-sh,j-q-x	1
道远日暮	dào yuǎn rì mù	42295	uan-uang,ao-ou,r-l	1
道远知骥	dào yuǎn zhī jì	42296	uan-uang,ao-ou,z-zh,j-q-x	3
道道地地	dào dào dì dì	42298	ao-ou	1
道长争短	dào cháng zhēng duǎn	42301	en-eng,an-ang,uan-uang,ao-ou,z-zh,c-ch	1
道长论短	dào cháng lùn duǎn	42302	an-ang,uan-uang,ao-ou,c-ch,n-l,r-l	1
道骨仙风	dào gǔ xiān fēng	42303	en-eng,ian-iang,ao-ou,h-f,j-q-x	1
道高德重	dào gāo dé zhòng	42304	ao-ou,z-zh	1
道高望重	dào gāo wàng zhòng	42305	an-ang,ao-ou,z-zh	1
道高魔重	dào gāo mó zhòng	42306	ao-ou,z-zh	1
遗世忘累	yí shì wàng lěi	42307	an-ang,ai-ei,s-sh,n-l,r-l	1
遗休余烈	yí xiū yú liè	42309	ia-ie,n-l,r-l,j-q-x	1
遗华反质	yí huá fǎn zhì	42318	an-ang,ua-uo,z-zh,h-f	1
遗哂大方	yí shěn dà fāng	42319	en-eng,an-ang,s-sh,h-f	3
遗声余价	yí shēng yú jià	42320	en-eng,ia-ie,s-sh,j-q-x	1
遗大投艰	yí dà tóu jiān	42321	ian-iang,ao-ou,j-q-x	1
遗寝载怀	yí qǐn zài huái	42322	in-ing,ai-ei,z-zh,h-f,j-q-x	1
遗形藏志	yí xíng cáng zhì	42326	in-ing,an-ang,z-zh,c-ch,j-q-x	1
遗德休烈	yí dé xiū liè	42327	ia-ie,n-l,r-l,j-q-x	1
遗惠余泽	yí huì yú zé	42328	z-zh,h-f	1
遗文逸句	yí wén yì jù	42329	en-eng,j-q-x	1
遗物识心	yí wù shí xīn	42331	in-ing,s-sh,j-q-x	1
遗珥堕簪	yí ěr duò zān	42332	an-ang,ua-uo,z-zh	3
遗笑大方	yí xiào dà fāng	42333	an-ang,h-f,j-q-x	1
遗簪堕履	yí zān duò lǚ	42334	an-ang,ua-uo,z-zh,n-l,r-l	3
遗簪堕珥	yí zān duò ěr	42335	an-ang,ua-uo,z-zh	3
遗老遗少	yí lǎo yí shào	42336	ao-ou,s-sh,n-l,r-l	1
遗臭万世	yí chòu wàn shì	42337	an-ang,ao-ou,c-ch,s-sh	1
遗臭万代	yí chòu wàn dài	42338	an-ang,ai-ei,ao-ou,c-ch	1
遗臭万载	yí chòu wàn zǎi	42340	an-ang,ai-ei,ao-ou,z-zh,c-ch	1
遗臭千年	yí chòu qiān nián	42341	ian-iang,ao-ou,c-ch,n-l,j-q-x	1
遗臭千秋	yí chòu qiān qiū	42342	ian-iang,ao-ou,c-ch,j-q-x	1
遗臭无穷	yí chòu wú qióng	42343	ao-ou,c-ch,j-q-x	1
遗艰投大	yí jiān tóu dà	42344	ian-iang,ao-ou,j-q-x	1
遗落世事	yí luò shì shì	42346	ua-uo,s-sh,n-l,r-l	1
遗训余风	yí xùn yú fēng	42347	en-eng,h-f,j-q-x	1
遗风余习	yí fēng yú xí	42349	en-eng,h-f,j-q-x	1
遗风余俗	yí fēng yú sú	42350	en-eng,s-sh,h-f	1
遗风余思	yí fēng yú sī	42351	en-eng,s-sh,h-f	1
遗风余教	yí fēng yú jiào	42352	en-eng,h-f,j-q-x	1
遗风余泽	yí fēng yú zé	42353	en-eng,z-zh,h-f	1
遗风余烈	yí fēng yú liè	42354	en-eng,ia-ie,n-l,h-f,r-l	1
遗风余象	yí fēng yú xiàng	42355	en-eng,ian-iang,h-f,j-q-x	1
遗风余采	yí fēng yú cǎi	42356	en-eng,ai-ei,c-ch,h-f	1
遗风余韵	yí fēng yú yùn	42357	en-eng,h-f	1
遗风古道	yí fēng gǔ dào	42358	en-eng,ao-ou,h-f	1
遗风旧俗	yí fēng jiù sú	42359	en-eng,s-sh,h-f,j-q-x	1
遗风逸尘	yí fēng yì chén	42360	en-eng,c-ch,h-f	1
遗魂亡魄	yí hún wáng pò	42362	an-ang,h-f	1
遣兴陶情	qiǎn xìng táo qíng	42365	in-ing,ian-iang,ao-ou,j-q-x	1
遣兵调将	qiǎn bīng diào jiàng	42366	in-ing,ian-iang,j-q-x	1
遣将征兵	qiǎn jiāng zhēng bīng	42367	en-eng,in-ing,ian-iang,z-zh,j-q-x	1
遣将调兵	qiǎn jiāng diào bīng	42368	in-ing,ian-iang,j-q-x	1
遥呼相应	yáo hū xiāng yìng	42371	in-ing,ian-iang,ao-ou,h-f,j-q-x	1
遥遥华胄	yáo yáo huá zhòu	42374	ao-ou,ua-uo,z-zh,h-f	3
遥遥相对	yáo yáo xiāng duì	42376	ian-iang,ao-ou,j-q-x	1
遨翔自得	áo xiáng zì dé	42377	ian-iang,ao-ou,z-zh,j-q-x	3
遭劫在数	zāo jié zài shù	42378	ai-ei,ao-ou,ia-ie,z-zh,s-sh,j-q-x	1
遭家不造	zāo jiā bù zào	42379	ao-ou,ia-ie,z-zh,j-q-x	1
遭时不偶	zāo shí bù ǒu	42380	ao-ou,z-zh,s-sh	1
遭逢不偶	zāo féng bù ǒu	42381	en-eng,ao-ou,z-zh,h-f	1
遭逢会遇	zāo féng huì yù	42382	en-eng,ao-ou,z-zh,h-f	1
遭逢时会	zāo féng shí huì	42383	en-eng,ao-ou,z-zh,s-sh,h-f	1
遭逢际会	zāo féng jì huì	42384	en-eng,ao-ou,z-zh,h-f,j-q-x	1
遭遇不偶	zāo yù bù ǒu	42385	ao-ou,z-zh	1
遭遇运会	zāo yù yùn huì	42386	ao-ou,z-zh,h-f	1
遭遇际会	zāo yù jì huì	42387	ao-ou,z-zh,h-f,j-q-x	1
遭际不偶	zāo jì bù ǒu	42388	ao-ou,z-zh,j-q-x	1
遭际时会	zāo jì shí huì	42389	ao-ou,z-zh,s-sh,h-f,j-q-x	1
遮三瞒四	zhē sān mán sì	42391	an-ang,z-zh,s-sh	1
遮地漫天	zhē dì màn tiān	42393	an-ang,ian-iang,z-zh	1
遮地盖天	zhē dì gài tiān	42394	ian-iang,ai-ei,z-zh	1
遮天盖日	zhē tiān gài rì	42396	ian-iang,ai-ei,z-zh,r-l	1
遮天迷地	zhē tiān mí dì	42397	ian-iang,z-zh	1
遮空蔽日	zhē kōng bì rì	42401	z-zh,r-l	1
遮风挡雨	zhē fēng dǎng yǔ	42407	en-eng,an-ang,z-zh,h-f	1
遵养待时	zūn yǎng dài shí	42409	an-ang,ai-ei,z-zh,s-sh	1
遵而不失	zūn ér bù shī	42413	z-zh,s-sh	1
避之若浼	bì zhī ruò měi	42415	ai-ei,ua-uo,z-zh,r-l	5
避俗趋新	bì sú qū xīn	42416	in-ing,s-sh,j-q-x	1
避凉附炎	bì liáng fù yán	42417	an-ang,ian-iang,n-l,h-f,r-l	1
避凶趋吉	bì xiōng qū jí	42418	j-q-x	1
避坑落井	bì kēng luò jǐng	42419	en-eng,in-ing,ua-uo,n-l,r-l,j-q-x	1
避强击弱	bì qiáng jī ruò	42420	ian-iang,ua-uo,r-l,j-q-x	1
避强击惰	bì qiáng jī duò	42421	ian-iang,ua-uo,j-q-x	1
避强打弱	bì qiáng dǎ ruò	42422	ian-iang,ua-uo,r-l,j-q-x	1
避毁就誉	bì huǐ jiù yù	42423	h-f,j-q-x	1
避溺山隅	bì nì shān yú	42424	an-ang,s-sh,n-l	1
避烦斗捷	bì fán dòu jié	42425	an-ang,ao-ou,ia-ie,h-f,j-q-x	1
避而不谈	bì ér bù tán	42426	an-ang	1
避迹藏时	bì jì cáng shí	42427	an-ang,c-ch,s-sh,j-q-x	1
避重逐轻	bì zhòng zhú qīng	42430	in-ing,z-zh,j-q-x	1
避阱入坑	bì jǐng rù kēng	42431	en-eng,in-ing,r-l,j-q-x	3
避难就易	bì nán jiù yì	42433	an-ang,n-l,j-q-x	1
避难趋易	bì nán qū yì	42434	an-ang,n-l,j-q-x	1
邀名射利	yāo míng shè lì	42439	in-ing,ao-ou,s-sh,n-l,r-l	1
邂逅不偶	xiè hòu bù ǒu	42442	ao-ou,ia-ie,h-f,j-q-x	3
邂逅相逢	xiè hòu xiāng féng	42443	en-eng,ian-iang,ao-ou,ia-ie,h-f,j-q-x	3
邂逅相遇	xiè hòu xiāng yù	42444	ian-iang,ao-ou,ia-ie,h-f,j-q-x	3
邈若山河	miǎo ruò shān hé	42447	an-ang,ua-uo,s-sh,h-f,r-l	3
邈若河山	miǎo ruò hé shān	42448	an-ang,ua-uo,s-sh,h-f,r-l	3
邈若河汉	miǎo ruò hé hàn	42449	an-ang,ua-uo,h-f,r-l	3
那不勒斯	nà bù lè sī	42454	s-sh,n-l,r-l	1
邪不伐正	xié bù fá zhèng	42473	en-eng,ia-ie,z-zh,h-f,j-q-x	1
邪不压正	xié bù yā zhèng	42474	en-eng,ia-ie,z-zh,j-q-x	1
邪不干正	xié bù gān zhèng	42475	en-eng,an-ang,ia-ie,z-zh,j-q-x	1
邪不敌正	xié bù dí zhèng	42476	en-eng,ia-ie,z-zh,j-q-x	1
邪不犯正	xié bù fàn zhèng	42477	en-eng,an-ang,ia-ie,z-zh,h-f,j-q-x	1
邪不胜正	xié bù shèng zhèng	42478	en-eng,ia-ie,z-zh,s-sh,j-q-x	1
邪魔外祟	xié mó wài suì	42496	ai-ei,ia-ie,s-sh,j-q-x	1
邪魔外道	xié mó wài dào	42497	ai-ei,ao-ou,ia-ie,j-q-x	1
邪魔怪道	xié mó guài dào	42498	ao-ou,ia-ie,j-q-x	1
邪魔歪道	xié mó wāi dào	42499	ai-ei,ao-ou,ia-ie,j-q-x	1
邯郸重步	hán dān zhòng bù	42506	an-ang,z-zh,h-f	3
邹缨齐紫	zōu yīng qí zǐ	42507	in-ing,ao-ou,z-zh,j-q-x	3
邺架之藏	yè jià zhī cáng	42508	an-ang,ia-ie,z-zh,c-ch,j-q-x	3
邻女窥墙	lín nǚ kuī qiáng	42509	in-ing,ian-iang,n-l,r-l,j-q-x	1
邻女詈人	lín nǚ lì rén	42510	en-eng,in-ing,n-l,r-l	3
郁郁不乐	yù yù bù lè	42515	n-l,r-l	1
郁郁累累	yù yù lěi lěi	42516	ai-ei,n-l,r-l	1
郎才女姿	láng cái nǚ zī	42523	an-ang,ai-ei,z-zh,c-ch,n-l,r-l	1
郑重其辞	zhèng zhòng qí cí	42528	en-eng,z-zh,c-ch,j-q-x	1
郢中白雪	yǐng zhōng bái xuě	42532	in-ing,ai-ei,z-zh,j-q-x	3
郢书燕说	yǐng shū yān shuō	42533	in-ing,an-ang,ua-uo,s-sh	3
部分切除	bù fèn qiē chú	42536	en-eng,ia-ie,c-ch,h-f,j-q-x	1
都中纸贵	dū zhōng zhǐ guì	42544	z-zh	1
都头异姓	dū tóu yì xìng	42548	in-ing,ao-ou,j-q-x	1
鄙于不屑	bǐ yú bù xiè	42556	ia-ie,j-q-x	1
鄙俚浅陋	bǐ lǐ qiǎn lòu	42557	ian-iang,ao-ou,n-l,r-l,j-q-x	3
鄙夷不屑	bǐ yí bù xiè	42559	ia-ie,j-q-x	1
酌古参今	zhuó gǔ cān jīn	42565	in-ing,an-ang,ua-uo,z-zh,c-ch,j-q-x	1
酌水知源	zhuó shuǐ zhī yuán	42567	uan-uang,ua-uo,z-zh,s-sh	1
配享从汜	pèi xiǎng cóng sì	42570	ian-iang,ai-ei,c-ch,s-sh,j-q-x	3
配音演员	pèi yīn yǎn yuán	42587	in-ing,an-ang,uan-uang,ai-ei	1
酒囊饭包	jiǔ náng fàn bāo	42595	an-ang,ao-ou,n-l,h-f,j-q-x	1
酒地花天	jiǔ dì huā tiān	42597	ian-iang,ua-uo,h-f,j-q-x	1
酒有别肠	jiǔ yǒu bié cháng	42603	an-ang,ao-ou,ia-ie,c-ch,j-q-x	1
酒瓮饭囊	jiǔ wèng fàn náng	42606	en-eng,an-ang,n-l,h-f,j-q-x	3
酒绿灯红	jiǔ lǜ dēng hóng	42609	en-eng,n-l,h-f,r-l,j-q-x	1
酒肉兄弟	jiǔ ròu xiōng dì	42610	ao-ou,r-l,j-q-x	1
酒酸不售	jiǔ suān bù shòu	42613	uan-uang,ao-ou,s-sh,j-q-x	1
酒阑人散	jiǔ lán rén sàn	42617	en-eng,an-ang,s-sh,n-l,r-l,j-q-x	3
酒食地狱	jiǔ shí dì yù	42619	s-sh,j-q-x	1
酒食征逐	jiǔ shí zhēng zhú	42620	en-eng,z-zh,s-sh,j-q-x	1
酣嬉淋漓	hān xī lín lí	42622	in-ing,an-ang,n-l,h-f,r-l,j-q-x	3
酣畅淋漓	hān chàng lín lí	42623	in-ing,an-ang,c-ch,n-l,h-f,r-l	1
酣痛淋漓	hān tòng lín lí	42624	in-ing,an-ang,n-l,h-f,r-l	1
酩酊烂醉	mǐng dǐng làn zuì	42627	in-ing,an-ang,z-zh,n-l,r-l	3
酬功给效	chóu gōng gěi xiào	42628	ai-ei,ao-ou,c-ch,j-q-x	1
酸不溜丢	suān bù liū diū	42635	uan-uang,s-sh,n-l,r-l	1
酸文假醋	suān wén jiǎ cù	42636	en-eng,uan-uang,ia-ie,c-ch,s-sh,j-q-x	1
醉吐相茵	zuì tǔ xiāng yīn	42648	in-ing,ian-iang,z-zh,j-q-x	1
醉山颓倒	zuì shān tuí dǎo	42649	an-ang,ao-ou,z-zh,s-sh	1
醴酒不设	lǐ jiǔ bù shè	42658	s-sh,n-l,r-l,j-q-x	3
采兰赠芍	cǎi lán zèng sháo	42663	en-eng,an-ang,ai-ei,ao-ou,z-zh,c-ch,s-sh,n-l,r-l	3
采兰赠药	cǎi lán zèng yào	42664	en-eng,an-ang,ai-ei,ao-ou,z-zh,c-ch,n-l,r-l	1
采凤随鸦	cǎi fèng suí yā	42666	en-eng,ai-ei,c-ch,s-sh,h-f	1
采及葑菲	cǎi jí fēng fēi	42670	en-eng,ai-ei,c-ch,h-f,j-q-x	3
采椽不斫	cǎi chuán bù zhuó	42683	uan-uang,ai-ei,ua-uo,z-zh,c-ch	3
采葑采菲	cǎi fēng cǎi fēi	42698	en-eng,ai-ei,c-ch,h-f	3
采薪之忧	cǎi xīn zhī yōu	42699	in-ing,ai-ei,ao-ou,z-zh,c-ch,j-q-x	1
采薪之患	cǎi xīn zhī huàn	42700	in-ing,uan-uang,ai-ei,z-zh,c-ch,h-f,j-q-x	1
采薪之疾	cǎi xīn zhī jí	42701	in-ing,ai-ei,z-zh,c-ch,j-q-x	1
采风问俗	cǎi fēng wèn sú	42711	en-eng,ai-ei,c-ch,s-sh,h-f	1
释知遗形	shì zhī yí xíng	42717	in-ing,z-zh,s-sh,j-q-x	1
里勾外连	lǐ gōu wài lián	42719	ian-iang,ai-ei,ao-ou,n-l,r-l	1
里外夹攻	lǐ wài jiā gōng	42720	ai-ei,ia-ie,n-l,r-l,j-q-x	1
里挑外撅	lǐ tiǎo wài juē	42727	ai-ei,n-l,r-l,j-q-x	3
里谈巷议	lǐ tán xiàng yì	42729	an-ang,ian-iang,n-l,r-l,j-q-x	1
重三叠四	chóng sān dié sì	42732	an-ang,ia-ie,c-ch,s-sh	1
重三迭四	chóng sān dié sì	42733	an-ang,ia-ie,c-ch,s-sh	1
重义轻生	zhòng yì qīng shēng	42734	en-eng,in-ing,z-zh,s-sh,j-q-x	1
重义轻财	zhòng yì qīng cái	42735	in-ing,ai-ei,z-zh,c-ch,j-q-x	1
重九登高	chóng jiǔ dēng gāo	42737	en-eng,ao-ou,c-ch,j-q-x	1
重于泰山	zhòng yú tài shān	42738	an-ang,ai-ei,z-zh,s-sh	1
重作冯妇	chóng zuò féng fù	42742	en-eng,ua-uo,z-zh,c-ch,h-f	1
重光累洽	chóng guāng lèi qià	42747	uan-uang,ai-ei,ia-ie,c-ch,n-l,r-l,j-q-x	1
重关击柝	chóng guān jī tuò	42748	uan-uang,ua-uo,c-ch,j-q-x	3
重兴旗鼓	chóng xīng qí gǔ	42749	in-ing,c-ch,j-q-x	1
重厚寡言	zhòng hòu guǎ yán	42761	an-ang,ao-ou,ua-uo,z-zh,h-f	1
重厚少文	zhòng hòu shǎo wén	42762	en-eng,ao-ou,z-zh,s-sh,h-f	1
重圭叠组	chóng guī dié zǔ	42771	ia-ie,z-zh,c-ch	3
重垣叠锁	chóng yuán dié suǒ	42774	uan-uang,ia-ie,ua-uo,c-ch,s-sh	3
重垣迭锁	chóng yuán dié suǒ	42775	uan-uang,ia-ie,ua-uo,c-ch,s-sh	3
重山复岭	chóng shān fù lǐng	42788	in-ing,an-ang,c-ch,s-sh,n-l,h-f,r-l	1
重山复水	chóng shān fù shuǐ	42789	an-ang,c-ch,s-sh,h-f	1
重山峻岭	chóng shān jùn lǐng	42790	in-ing,an-ang,c-ch,s-sh,n-l,r-l,j-q-x	1
重岩叠嶂	chóng yán dié zhàng	42791	an-ang,ia-ie,z-zh,c-ch	3
重岩迭嶂	zhòng yán dié zhàng	42792	an-ang,ia-ie,z-zh	3
重岩迭障	chóng yán dié zhàng	42793	an-ang,ia-ie,z-zh,c-ch	1
重峦复嶂	chóng luán fù zhàng	42796	an-ang,uan-uang,z-zh,c-ch,n-l,h-f,r-l	3
重峦迭嶂	chóng luán dié zhàng	42797	an-ang,uan-uang,ia-ie,z-zh,c-ch,n-l,r-l	3
重床叠屋	chóng chuáng dié wū	42802	uan-uang,ia-ie,c-ch	1
重床叠架	chóng chuáng dié jià	42803	uan-uang,ia-ie,c-ch,j-q-x	1
重床迭屋	chóng chuáng dié wū	42804	uan-uang,ia-ie,c-ch	1
重床迭架	chóng chuáng dié jià	42805	uan-uang,ia-ie,c-ch,j-q-x	1
重手累足	chóng shǒu lěi zú	42813	ai-ei,ao-ou,z-zh,c-ch,s-sh,n-l,r-l	1
重操旧业	chóng cāo jiù yè	42821	ao-ou,c-ch,j-q-x	1
重明继焰	chóng míng jì yàn	42825	in-ing,an-ang,c-ch,j-q-x	1
重望高名	zhòng wàng gāo míng	42829	in-ing,an-ang,ao-ou,z-zh	1
重气徇命	zhòng qì xùn mìng	42835	in-ing,z-zh,j-q-x	3
重气轻命	zhòng qì qīng mìng	42837	in-ing,z-zh,j-q-x	1
重气轻生	zhòng qì qīng shēng	42838	en-eng,in-ing,z-zh,s-sh,j-q-x	1
重温旧业	chóng wēn jiù yè	42846	en-eng,c-ch,j-q-x	1
重熙累叶	chóng xī lěi yè	42852	ai-ei,c-ch,n-l,r-l,j-q-x	1
重熙累洽	chóng xī lěi qià	42853	ai-ei,ia-ie,c-ch,n-l,r-l,j-q-x	1
重熙累盛	chóng xī lěi shèng	42854	en-eng,ai-ei,c-ch,s-sh,n-l,r-l,j-q-x	1
重熙累绩	chóng xī lěi jì	42855	ai-ei,c-ch,n-l,r-l,j-q-x	1
重珪叠组	chóng guī dié zǔ	42860	ia-ie,z-zh,c-ch	5
重珪迭组	chóng guī dié zǔ	42861	ia-ie,z-zh,c-ch	5
重理旧业	chóng lǐ jiù yè	42862	c-ch,n-l,r-l,j-q-x	1
重生父母	chóng shēng fù mǔ	42864	en-eng,c-ch,s-sh,h-f	1
重生爷娘	chóng shēng yé niáng	42865	en-eng,ian-iang,c-ch,s-sh,n-l	1
重男轻女	zhòng nán qīng nǚ	42867	in-ing,an-ang,z-zh,n-l,j-q-x	1
重睹天日	chóng dǔ tiān rì	42870	ian-iang,c-ch,r-l	1
重纸累札	chóng zhǐ lěi zhá	42873	ai-ei,z-zh,c-ch,n-l,r-l	3
重葩累藻	chóng pā lèi zǎo	42884	ai-ei,ao-ou,z-zh,c-ch,n-l,r-l	3
重规叠矩	chóng guī dié jǔ	42891	ia-ie,c-ch,j-q-x	1
重规沓矩	chóng guī tà jǔ	42892	c-ch,j-q-x	3
重规累矩	chóng guī lèi jǔ	42893	ai-ei,c-ch,n-l,r-l,j-q-x	1
重规袭矩	chóng guī xí jǔ	42894	c-ch,j-q-x	1
重规迭矩	chóng guī dié jǔ	42895	ia-ie,c-ch,j-q-x	1
重财轻义	zhòng cái qīng yì	42903	in-ing,ai-ei,z-zh,c-ch,j-q-x	1
重足一迹	chóng zú yī jì	42907	z-zh,c-ch,j-q-x	1
重足屏息	chóng zú bǐng xī	42908	in-ing,z-zh,c-ch,j-q-x	1
重足屏气	chóng zú bǐng qì	42909	in-ing,z-zh,c-ch,j-q-x	1
重足累息	chóng zú lèi xī	42910	ai-ei,z-zh,c-ch,n-l,r-l,j-q-x	1
重足而立	chóng zú ér lì	42911	z-zh,c-ch,n-l,r-l	1
重迹屏气	chóng jì bǐng qì	42917	in-ing,c-ch,j-q-x	1
重逆无道	zhòng nì wú dào	42918	ao-ou,z-zh,n-l	1
重金兼紫	zhòng jīn jiān zǐ	42924	in-ing,ian-iang,z-zh,j-q-x	1
重金袭汤	chóng jīn xí tāng	42926	in-ing,an-ang,c-ch,j-q-x	1
重铬酸钾	chóng gè suān jiǎ	42927	uan-uang,ia-ie,c-ch,s-sh,j-q-x	3
重门击柝	chóng mén jī tuò	42929	en-eng,ua-uo,c-ch,j-q-x	3
野人奏曝	yě rén zòu pù	42934	en-eng,ao-ou,z-zh,r-l	1
野人献曝	yě rén xiàn pù	42935	en-eng,ian-iang,r-l,j-q-x	1
野没遗贤	yě méi yí xián	42940	ian-iang,ai-ei,j-q-x	1
野调无腔	yě diào wú qiāng	42941	ian-iang,j-q-x	1
量入计出	liàng rù jì chū	42945	ian-iang,c-ch,n-l,r-l,j-q-x	1
量凿正枘	liàng záo zhèng ruì	42947	en-eng,ian-iang,ao-ou,z-zh,n-l,r-l	5
量力度德	liàng lì duó dé	42950	ian-iang,ua-uo,n-l,r-l	1
量力而为	liàng lì ér wéi	42951	ian-iang,ai-ei,n-l,r-l	1
量如江海	liàng rú jiāng hǎi	42955	ian-iang,ai-ei,n-l,h-f,r-l,j-q-x	1
量子力学	liàng zǐ lì xué	42957	ian-iang,z-zh,n-l,r-l,j-q-x	1
量小力微	liàng xiǎo lì wēi	42958	ian-iang,ai-ei,n-l,r-l,j-q-x	1
量己审分	liàng jǐ shěn fēn	42959	en-eng,ian-iang,s-sh,n-l,h-f,r-l,j-q-x	1
量才器使	liàng cái qì shǐ	42961	ian-iang,ai-ei,c-ch,s-sh,n-l,r-l,j-q-x	1
量才录用	liàng cái lù yòng	42962	ian-iang,ai-ei,c-ch,n-l,r-l	1
量才而为	liàng cái ér wéi	42963	ian-iang,ai-ei,c-ch,n-l,r-l	1
量时度力	liàng shí dù lì	42964	ian-iang,s-sh,n-l,r-l	1
量材录用	liàng cái lù yòng	42965	ian-iang,ai-ei,c-ch,n-l,r-l	1
量枘制凿	liàng ruì zhì záo	42967	ian-iang,ao-ou,z-zh,n-l,r-l	5
量能授官	liàng néng shòu guān	42973	en-eng,ian-iang,uan-uang,ao-ou,s-sh,n-l,r-l	1
量金买赋	liàng jīn mǎi fù	42979	in-ing,ian-iang,ai-ei,n-l,h-f,r-l,j-q-x	1
金丹换骨	jīn dān huàn gǔ	42984	in-ing,an-ang,uan-uang,h-f,j-q-x	1
金光盖地	jīn guāng gài dì	42986	in-ing,uan-uang,ai-ei,j-q-x	1
金兰之契	jīn lán zhī qì	42987	in-ing,an-ang,z-zh,n-l,r-l,j-q-x	1
金匮石室	jīn guì shí shì	42992	in-ing,s-sh,j-q-x	3
金台市骏	jīn tái shì jùn	42996	in-ing,ai-ei,s-sh,j-q-x	1
金吾不禁	jīn wú bù jìn	42999	in-ing,j-q-x	1
金城汤池	jīn chéng tāng chí	43001	en-eng,in-ing,an-ang,c-ch,j-q-x	1
金城石室	jīn chéng shí shì	43002	en-eng,in-ing,c-ch,s-sh,j-q-x	1
金声掷地	jīn shēng zhì dì	43003	en-eng,in-ing,z-zh,s-sh,j-q-x	1
金声玉服	jīn shēng yù fú	43004	en-eng,in-ing,s-sh,h-f,j-q-x	1
金尽裘弊	jīn jìn qiú bì	43005	in-ing,j-q-x	3
金尽裘敝	jīn jìn qiú bì	43006	in-ing,j-q-x	3
金属陶瓷	jīn shǔ táo cí	43009	in-ing,ao-ou,c-ch,s-sh,j-q-x	1
金榜挂名	jīn bǎng guà míng	43018	in-ing,an-ang,ua-uo,j-q-x	1
金汤之固	jīn tāng zhī gù	43022	in-ing,an-ang,z-zh,j-q-x	1
金浆玉液	jīn jiāng yù yè	43026	in-ing,ian-iang,j-q-x	1
金浆玉醴	jīn jiāng yù lǐ	43027	in-ing,ian-iang,n-l,r-l,j-q-x	3
金淘沙拣	jīn táo shā jiǎn	43028	in-ing,ian-iang,ao-ou,s-sh,j-q-x	1
金玉其质	jīn yù qí zhì	43029	in-ing,z-zh,j-q-x	1
金瓶落井	jīn píng luò jǐng	43031	in-ing,ua-uo,n-l,r-l,j-q-x	1
金相玉式	jīn xiāng yù shì	43033	in-ing,ian-iang,s-sh,j-q-x	1
金相玉振	jīn xiāng yù zhèn	43034	en-eng,in-ing,ian-iang,z-zh,j-q-x	1
金相玉映	jīn xiāng yù yìng	43035	in-ing,ian-iang,j-q-x	1
金相玉质	jīn xiàng yù zhì	43036	in-ing,ian-iang,z-zh,j-q-x	1
金石不渝	jīn shí bù yú	43039	in-ing,s-sh,j-q-x	1
金石丝竹	jīn shí sī zhú	43040	in-ing,z-zh,s-sh,j-q-x	1
金石之交	jīn shí zhī jiāo	43042	in-ing,z-zh,s-sh,j-q-x	1
金石之功	jīn shí zhī gōng	43043	in-ing,z-zh,s-sh,j-q-x	1
金石之坚	jīn shí zhī jiān	43044	in-ing,ian-iang,z-zh,s-sh,j-q-x	1
金石之策	jīn shí zhī cè	43045	in-ing,z-zh,c-ch,s-sh,j-q-x	1
金石之言	jīn shí zhī yán	43046	in-ing,an-ang,z-zh,s-sh,j-q-x	1
金石之计	jīn shí zhī jì	43047	in-ing,z-zh,s-sh,j-q-x	1
金石交情	jīn shí jiāo qíng	43048	in-ing,s-sh,j-q-x	1
金石可开	jīn shí kě kāi	43049	in-ing,ai-ei,s-sh,j-q-x	1
金石至交	jīn shí zhì jiāo	43051	in-ing,z-zh,s-sh,j-q-x	1
金石良言	jīn shí liáng yán	43052	in-ing,an-ang,ian-iang,s-sh,n-l,r-l,j-q-x	1
金科玉条	jīn kē yù tiáo	43053	in-ing,j-q-x	1
金章玉句	jīn zhāng yù jù	43054	in-ing,an-ang,z-zh,j-q-x	1
金翅擘海	jīn chì bāi hǎi	43056	in-ing,ai-ei,c-ch,h-f,j-q-x	3
金谷酒数	jīn gǔ jiǔ shù	43061	in-ing,s-sh,j-q-x	1
金针度人	jīn zhēn dù rén	43063	en-eng,in-ing,z-zh,r-l,j-q-x	1
金针见血	jīn zhēn jiàn xuè	43064	en-eng,in-ing,ian-iang,z-zh,j-q-x	1
金钗细合	jīn chāi xì hé	43065	in-ing,ai-ei,c-ch,h-f,j-q-x	3
金镳玉络	jīn biāo yù luò	43068	in-ing,ua-uo,n-l,r-l,j-q-x	3
金风玉露	jīn fēng yù lù	43070	en-eng,in-ing,n-l,h-f,r-l,j-q-x	1
金风送爽	jīn fēng sòng shuǎng	43071	en-eng,in-ing,uan-uang,s-sh,h-f,j-q-x	1
金鼓齐鸣	jīn gǔ qí míng	43073	in-ing,j-q-x	1
金龟换酒	jīn guī huàn jiǔ	43077	in-ing,uan-uang,h-f,j-q-x	1
釜中之鱼	fǔ zhōng zhī yú	43078	z-zh,h-f	3
釜中游鱼	fǔ zhōng yóu yú	43079	ao-ou,z-zh,h-f	3
釜中生尘	fǔ zhōng shēng chén	43080	en-eng,z-zh,c-ch,s-sh,h-f	3
釜中生鱼	fǔ zhōng shēng yú	43081	en-eng,z-zh,s-sh,h-f	3
釜底游魂	fǔ dǐ yóu hún	43083	ao-ou,h-f	3
釜鱼幕燕	fǔ yú mù yàn	43085	an-ang,h-f	3
鉴影度形	jiàn yǐng duó xíng	43088	in-ing,ian-iang,ua-uo,j-q-x	1
鉴往知来	jiàn wǎng zhī lái	43089	an-ang,ian-iang,ai-ei,z-zh,n-l,r-l,j-q-x	1
鉴机识变	jiàn jī shí biàn	43090	ian-iang,s-sh,j-q-x	1
鉴空衡平	jiàn kōng héng píng	43091	en-eng,in-ing,ian-iang,h-f,j-q-x	1
针刺麻醉	zhēn cì má zuì	43096	en-eng,z-zh,c-ch	1
针头削铁	zhēn tóu xuē tiě	43100	en-eng,ao-ou,ia-ie,z-zh,j-q-x	1
针头线尾	zhēn tóu xiàn wěi	43101	en-eng,ian-iang,ai-ei,ao-ou,z-zh,j-q-x	1
针芥之合	zhēn jiè zhī hé	43105	en-eng,ia-ie,z-zh,h-f,j-q-x	1
针芥之契	zhēn jiè zhī qì	43106	en-eng,ia-ie,z-zh,j-q-x	1
针芥之投	zhēn jiè zhī tóu	43107	en-eng,ao-ou,ia-ie,z-zh,j-q-x	1
针芥相投	zhēn jiè xiāng tóu	43108	en-eng,ian-iang,ao-ou,ia-ie,z-zh,j-q-x	1
钉嘴铁舌	dīng zuǐ tiě shé	43113	in-ing,ia-ie,z-zh,s-sh	1
钉头磷磷	dīng tóu lín lín	43115	in-ing,ao-ou,n-l,r-l	1
钓名要誉	diào míng yào yù	43130	in-ing,ao-ou	1
钓游之地	diào yóu zhī dì	43131	ao-ou,z-zh	1
钗横鬓乱	chāi héng bìn luàn	43136	en-eng,in-ing,uan-uang,ai-ei,c-ch,n-l,h-f,r-l	3
钜人长德	jù rén cháng dé	43141	en-eng,an-ang,c-ch,r-l,j-q-x	5
钜细靡遗	jù xì mǐ yí	43142	j-q-x	5
钟漏并歇	zhōng lòu bìng xiē	43149	in-ing,ao-ou,ia-ie,z-zh,n-l,r-l,j-q-x	1
钟鸣漏尽	zhōng míng lòu jìn	43150	in-ing,ao-ou,z-zh,n-l,r-l,j-q-x	1
钟鸣鼎重	zhōng míng dǐng zhòng	43151	in-ing,z-zh	1
钟鼎之家	zhōng dǐng zhī jiā	43153	in-ing,ia-ie,z-zh,j-q-x	1
钟鼎人家	zhōng dǐng rén jia	43154	en-eng,in-ing,ia-ie,z-zh,r-l,j-q-x	1
钢浇铁铸	gāng jiāo tiě zhù	43170	an-ang,ia-ie,z-zh,j-q-x	1
钧天广乐	jūn tiān guǎng yuè	43207	ian-iang,uan-uang,j-q-x	1
钩元提要	gōu yuán tí yào	43209	uan-uang,ao-ou	1
钩元摘秘	gōu yuán zhāi mì	43210	uan-uang,ai-ei,ao-ou,z-zh	1
钩深图远	gōu shēn tú yuǎn	43213	en-eng,uan-uang,ao-ou,s-sh	1
钩深极奥	gōu shēn jí ào	43214	en-eng,ao-ou,s-sh,j-q-x	1
钩深索隐	gōu shēn suǒ yǐn	43215	en-eng,in-ing,ao-ou,ua-uo,s-sh	1
钩深致远	gōu shēn zhì yuǎn	43216	en-eng,uan-uang,ao-ou,z-zh,s-sh	1
钩爪锯牙	gōu zhǎo jù yá	43217	ao-ou,z-zh,j-q-x	1
钩玄提要	gōu xuán tí yào	43218	uan-uang,ao-ou,j-q-x	1
钩玄猎秘	gōu xuán liè mì	43219	uan-uang,ao-ou,ia-ie,n-l,r-l,j-q-x	1
钩章棘句	gōu zhāng jí jù	43220	an-ang,ao-ou,z-zh,j-q-x	1
钱可通神	qián kě tōng shén	43221	en-eng,ian-iang,s-sh,j-q-x	1
钳口不言	qián kǒu bù yán	43228	an-ang,ian-iang,ao-ou,j-q-x	1
钳口结舌	qián kǒu jié shé	43229	ian-iang,ao-ou,ia-ie,s-sh,j-q-x	1
钻冰取火	zuàn bīng qǔ huǒ	43234	in-ing,uan-uang,ua-uo,z-zh,h-f,j-q-x	1
钻冰求火	zuān bīng qiú huǒ	43235	in-ing,uan-uang,ua-uo,z-zh,h-f,j-q-x	1
钻冰求酥	zuān bīng qiú sū	43236	in-ing,uan-uang,z-zh,s-sh,j-q-x	1
钻坚仰高	zuàn jiān yǎng gāo	43240	an-ang,ian-iang,uan-uang,ao-ou,z-zh,j-q-x	1
钻坚研微	zuàn jiān yán wēi	43241	an-ang,ian-iang,uan-uang,ai-ei,z-zh,j-q-x	1
钻天打洞	zuān tiān dǎ dòng	43243	ian-iang,uan-uang,z-zh	1
钻天觅缝	zuàn tiān mì féng	43245	en-eng,ian-iang,uan-uang,z-zh,h-f	1
钻头就锁	zuàn tóu jiù suǒ	43247	uan-uang,ao-ou,ua-uo,z-zh,s-sh,j-q-x	1
钻头觅缝	zuān tóu mì fèng	43248	en-eng,uan-uang,ao-ou,z-zh,h-f	1
钻山塞海	zuàn shān sāi hǎi	43250	an-ang,uan-uang,ai-ei,z-zh,s-sh,h-f	1
钻心刺骨	zuàn xīn cì gǔ	43254	in-ing,uan-uang,z-zh,c-ch,j-q-x	1
钻懒帮闲	zuān lǎn bāng xián	43256	an-ang,ian-iang,uan-uang,z-zh,n-l,r-l,j-q-x	1
钻故纸堆	zuàn gù zhǐ duī	43260	uan-uang,z-zh	1
钻木取火	zuān mù qǔ huǒ	43261	uan-uang,ua-uo,z-zh,h-f,j-q-x	1
钻洞觅缝	zuàn dòng mì féng	43265	en-eng,uan-uang,z-zh,h-f	1
钻火得冰	zuān huǒ dé bīng	43266	in-ing,uan-uang,ua-uo,z-zh,h-f	1
钻皮出羽	zuān pí chū yǔ	43269	uan-uang,z-zh,c-ch	1
钻穴逾垣	zuàn xué yú yuán	43272	uan-uang,z-zh,j-q-x	3
钻穴逾墙	zuān xué yú qiáng	43273	ian-iang,uan-uang,z-zh,j-q-x	1
钻穴逾隙	zuān xué yú xì	43274	uan-uang,z-zh,j-q-x	1
钻隙逾墙	zuān xì yú qiáng	43279	ian-iang,uan-uang,z-zh,j-q-x	1
钿合金钗	diàn hé jīn chāi	43280	in-ing,ian-iang,ai-ei,c-ch,h-f,j-q-x	3
铁中铮铮	tiě zhōng zhēng zhēng	43281	en-eng,ia-ie,z-zh	3
铁嘴钢牙	tiě zuǐ gāng yá	43286	an-ang,ia-ie,z-zh	1
铁心石肠	tiě xīn shí cháng	43289	in-ing,an-ang,ia-ie,c-ch,s-sh,j-q-x	1
铁扇公主	tiě shàn gōng zhǔ	43290	an-ang,ia-ie,z-zh,s-sh	1
铁打心肠	tiě dǎ xīn cháng	43292	in-ing,an-ang,ia-ie,c-ch,j-q-x	1
铁打铜铸	tiě dǎ tóng zhù	43293	ia-ie,z-zh	1
铁板不易	tiě bǎn bù yì	43296	an-ang,ia-ie	1
铁树开华	tiě shù kāi huā	43299	ai-ei,ia-ie,ua-uo,s-sh,h-f	1
铁狱铜笼	tiě yù tóng lóng	43305	ia-ie,n-l,r-l	1
铁石心肝	tiě shí xīn gān	43308	in-ing,an-ang,ia-ie,s-sh,j-q-x	1
铁砚磨穿	tiě yàn mó chuān	43311	an-ang,uan-uang,ia-ie,c-ch	1
铁窗风味	tiě chuāng fēng wèi	43312	en-eng,uan-uang,ai-ei,ia-ie,c-ch,h-f	1
铁绰铜琶	tiě chāo tóng pá	43314	ao-ou,ia-ie,c-ch	3
铁肠石心	tiě cháng shí xīn	43316	in-ing,an-ang,ia-ie,c-ch,s-sh,j-q-x	1
铁血政策	tiě xuè zhèng cè	43319	en-eng,ia-ie,z-zh,c-ch,j-q-x	1
铁路车辆	tiě lù chē liàng	43321	ian-iang,ia-ie,c-ch,n-l,r-l	1
铄古切今	shuò gǔ qiē jīn	43329	in-ing,ia-ie,ua-uo,s-sh,j-q-x	3
铄石流金	shuò shí liú jīn	43330	in-ing,ua-uo,s-sh,n-l,r-l,j-q-x	3
铄金毁骨	shuò jīn huǐ gǔ	43331	in-ing,ua-uo,s-sh,h-f,j-q-x	3
铅刀一割	qiān dāo yī gē	43335	ian-iang,ao-ou,j-q-x	1
铜头铁臂	tóng tóu tiě bì	43358	ao-ou,ia-ie	1
铜头铁额	tóng tóu tiě é	43359	ao-ou,ia-ie	1
铜打铁铸	tóng dǎ tiě zhù	43360	ia-ie,z-zh	1
铜盘重肉	tóng pán zhòng ròu	43362	an-ang,ao-ou,z-zh,r-l	1
铜筋铁肋	tóng jīn tiě lèi	43363	in-ing,ai-ei,ia-ie,n-l,r-l,j-q-x	1
铜筋铁骨	tóng jīn tiě gǔ	43364	in-ing,ia-ie,j-q-x	1
铜臭熏天	tóng chòu xūn tiān	43367	ian-iang,ao-ou,c-ch,j-q-x	1
铢两分寸	zhū liǎng fēn cùn	43370	en-eng,ian-iang,z-zh,c-ch,n-l,h-f,r-l	3
铢两悉称	zhū liǎng xī chèn	43371	en-eng,ian-iang,z-zh,c-ch,n-l,r-l,j-q-x	3
铢两相称	zhū liǎng xiāng chèn	43372	en-eng,ian-iang,z-zh,c-ch,n-l,r-l,j-q-x	3
铢分毫析	zhū fēn háo xī	43373	en-eng,ao-ou,z-zh,h-f,j-q-x	3
铢寸累积	zhū cùn lèi jī	43374	ai-ei,z-zh,c-ch,n-l,r-l,j-q-x	3
铢积丝累	zhū jī sī lèi	43375	ai-ei,z-zh,s-sh,n-l,r-l,j-q-x	3
铢积寸累	zhū jī cùn lěi	43376	ai-ei,z-zh,c-ch,n-l,r-l,j-q-x	3
铢积锱累	zhū jī zī lèi	43377	ai-ei,z-zh,n-l,r-l,j-q-x	3
铢称寸量	zhū chēng cùn liáng	43378	en-eng,ian-iang,z-zh,c-ch,n-l,r-l	3
铢累寸积	zhū lèi cùn jī	43379	ai-ei,z-zh,c-ch,n-l,r-l,j-q-x	3
铢量寸度	zhū liáng cùn duó	43380	ian-iang,ua-uo,z-zh,c-ch,n-l,r-l	3
铢铢校量	zhū zhū xiào liàng	43381	ian-iang,z-zh,n-l,r-l,j-q-x	3
铢铢较量	zhū zhū jiào liàng	43382	ian-iang,z-zh,n-l,r-l,j-q-x	3
铤鹿走险	dìng lù zǒu xiǎn	43384	in-ing,ian-iang,ao-ou,z-zh,n-l,r-l,j-q-x	3
铩羽暴鳞	shā yǔ bào lín	43385	in-ing,ao-ou,s-sh,n-l,r-l	3
铭心刻骨	míng xīn kè gǔ	43386	in-ing,j-q-x	1
铭心镂骨	míng xīn lòu gǔ	43387	in-ing,ao-ou,n-l,r-l,j-q-x	3
铭感不忘	míng gǎn bù wàng	43388	in-ing,an-ang	1
铭感五内	míng gǎn wǔ nèi	43389	in-ing,an-ang,ai-ei,n-l	1
铭肌镂骨	míng jī lòu gǔ	43390	in-ing,ao-ou,n-l,r-l,j-q-x	3
铭肤镂骨	míng fū lòu gǔ	43391	in-ing,ao-ou,n-l,h-f,r-l	3
铭记不忘	míng jì bù wàng	43392	in-ing,an-ang,j-q-x	1
铮铮有声	zhēng zhēng yǒu shēng	43393	en-eng,ao-ou,z-zh,s-sh	3
银屏金屋	yín píng jīn wū	43397	in-ing,j-q-x	1
银河倒泻	yín hé dào xiè	43400	in-ing,ao-ou,ia-ie,h-f,j-q-x	1
银行行员	yín háng háng yuán	43403	in-ing,an-ang,uan-uang,h-f	1
银钩虿尾	yín gōu chài wěi	43406	in-ing,ai-ei,ao-ou,c-ch	3
铸剑为犁	zhù jiàn wéi lí	43410	ian-iang,ai-ei,z-zh,n-l,r-l,j-q-x	1
铸成大错	zhù chéng dà cuò	43411	en-eng,ua-uo,z-zh,c-ch	1
铺张扬厉	pū zhāng yáng lì	43423	an-ang,z-zh,n-l,r-l	1
铺眉苫眼	pū méi shàn yǎn	43432	an-ang,ai-ei,s-sh	3
铺眉蒙眼	pū méi méng yǎn	43433	en-eng,an-ang,ai-ei	1
铺胸纳地	pū xiōng nà dì	43436	n-l,j-q-x	1
铺谋定计	pù móu dìng jì	43439	in-ing,ao-ou,j-q-x	1
铺采摛文	pù cǎi chī wén	43443	en-eng,ai-ei,c-ch	5
铺锦列绣	pū jǐn liè xiù	43445	in-ing,ia-ie,n-l,r-l,j-q-x	1
链式反应	liàn shì fǎn yìng	43450	in-ing,an-ang,ian-iang,s-sh,n-l,h-f,r-l	1
销毁骨立	xiāo huǐ gǔ lì	43461	n-l,h-f,r-l,j-q-x	1
锄强扶弱	chú qiáng fú ruò	43474	ian-iang,ua-uo,c-ch,h-f,r-l,j-q-x	1
锅炉给水	guō lú jǐ shuǐ	43479	ua-uo,s-sh,n-l,r-l,j-q-x	1
锋不可当	fēng bù kě dāng	43482	en-eng,an-ang,h-f	1
锋发韵流	fēng fā yùn liú	43483	en-eng,n-l,h-f,r-l	1
锋芒不露	fēng máng bù lù	43484	en-eng,an-ang,n-l,h-f,r-l	1
错节盘根	cuò jié pán gēn	43498	en-eng,an-ang,ia-ie,ua-uo,c-ch,j-q-x	1
错落不齐	cuò luò bù qí	43500	ua-uo,c-ch,n-l,r-l,j-q-x	1
错落高下	cuò luò gāo xià	43502	ao-ou,ia-ie,ua-uo,c-ch,n-l,r-l,j-q-x	1
锥处囊中	zhuī chǔ náng zhōng	43518	an-ang,z-zh,c-ch,n-l	1
锦囊佳制	jǐn náng jiā zhì	43522	in-ing,an-ang,ia-ie,z-zh,n-l,j-q-x	1
锦囊佳句	jǐn náng jiā jù	43523	in-ing,an-ang,ia-ie,n-l,j-q-x	1
锦囊玉轴	jǐn náng yù zhóu	43525	in-ing,an-ang,ao-ou,z-zh,n-l,j-q-x	1
锦囊还矢	jǐn náng huán shǐ	43526	in-ing,an-ang,uan-uang,s-sh,n-l,h-f,j-q-x	1
锦天绣地	jǐn tiān xiù dì	43527	in-ing,ian-iang,j-q-x	1
锦片前程	jǐn piàn qián chéng	43529	en-eng,in-ing,ian-iang,c-ch,j-q-x	1
锦瑟华年	jǐn sè huá nián	43530	in-ing,ian-iang,ua-uo,s-sh,n-l,h-f,j-q-x	1
锦瑟年华	jǐn sè nián huá	43531	in-ing,ian-iang,ua-uo,s-sh,n-l,h-f,j-q-x	1
锦衣肉食	jǐn yī ròu shí	43534	in-ing,ao-ou,s-sh,r-l,j-q-x	1
锦衣行昼	jǐn yī xíng zhòu	43535	in-ing,ao-ou,z-zh,j-q-x	1
键盘乐器	jiàn pán yuè qì	43537	an-ang,ian-iang,j-q-x	1
锯牙钩爪	jù yá gōu zhǎo	43540	ao-ou,z-zh,j-q-x	1
锱铢不爽	zī zhū bù shuǎng	43542	uan-uang,z-zh,s-sh	3
锱铢较量	zī zhū jiào liàng	43543	ian-iang,z-zh,n-l,r-l,j-q-x	3
镂心刻骨	lòu xīn kè gǔ	43551	in-ing,ao-ou,n-l,r-l,j-q-x	3
镂心呕血	lòu xīn ǒu xuè	43552	in-ing,ao-ou,n-l,r-l,j-q-x	3
镂金铺翠	lòu jīn pù cuì	43555	in-ing,ao-ou,c-ch,n-l,r-l,j-q-x	3
镂金错采	lòu jīn cuò cǎi	43556	in-ing,ai-ei,ao-ou,ua-uo,c-ch,n-l,r-l,j-q-x	3
镂骨铭心	lòu gǔ míng xīn	43557	in-ing,ao-ou,n-l,r-l,j-q-x	3
镂骨铭肌	lòu gǔ míng jī	43558	in-ing,ao-ou,n-l,r-l,j-q-x	3
镌心铭骨	juān xīn míng gǔ	43565	in-ing,uan-uang,j-q-x	3
镌空妄实	juān kōng wàng shí	43566	an-ang,uan-uang,s-sh,j-q-x	3
镌脾琢肾	juān pí zhuó shèn	43567	en-eng,uan-uang,ua-uo,z-zh,s-sh,j-q-x	3
镌骨铭心	juān gǔ míng xīn	43568	in-ing,uan-uang,j-q-x	3
镜分鸾凤	jìng fēn luán fèng	43574	en-eng,in-ing,uan-uang,n-l,h-f,r-l,j-q-x	3
镜圆璧合	jìng yuán bì hé	43576	in-ing,uan-uang,h-f,j-q-x	1
镜破钗分	jìng pò chāi fēn	43580	en-eng,in-ing,ai-ei,c-ch,h-f,j-q-x	3
镜里观花	jìng lǐ guān huā	43581	in-ing,uan-uang,ua-uo,n-l,h-f,r-l,j-q-x	1
镜里采花	jìng lǐ cǎi huā	43582	in-ing,ai-ei,ua-uo,c-ch,n-l,h-f,r-l,j-q-x	1
镞砺括羽	zú lì kuò yǔ	43583	ua-uo,z-zh,n-l,r-l	3
长七短八	cháng qī duǎn bā	43588	an-ang,uan-uang,c-ch,j-q-x	1
长久之计	cháng jiǔ zhī jì	43591	an-ang,z-zh,c-ch,j-q-x	1
长乐未央	cháng lè wèi yāng	43593	an-ang,ai-ei,c-ch,n-l,r-l	1
长傲饰非	zhǎng ào shì fēi	43598	an-ang,ai-ei,ao-ou,z-zh,s-sh,h-f	1
长吁短气	cháng xū duǎn qì	43610	an-ang,uan-uang,c-ch,j-q-x	1
长命富贵	cháng mìng fù guì	43614	in-ing,an-ang,c-ch,h-f	1
长嘘短叹	cháng xū duǎn tàn	43618	an-ang,uan-uang,c-ch,j-q-x	3
长夜漫漫	cháng yè màn màn	43625	an-ang,c-ch	1
长夜难明	cháng yè nán míng	43626	in-ing,an-ang,c-ch,n-l	1
长安少年	cháng ān shào nián	43634	an-ang,ian-iang,ao-ou,c-ch,s-sh,n-l	1
长安棋局	cháng ān qí jú	43635	an-ang,c-ch,j-q-x	1
长安道上	cháng ān dào shàng	43636	an-ang,ao-ou,c-ch,s-sh	1
长年三老	zhǎng nián sān lǎo	43645	an-ang,ian-iang,ao-ou,z-zh,s-sh,n-l,r-l	1
长幼尊卑	zhǎng yòu zūn bēi	43648	an-ang,ai-ei,ao-ou,z-zh	1
长幼有叙	zhǎng yòu yǒu xù	43649	an-ang,ao-ou,z-zh,j-q-x	1
长幼有序	zhǎng yòu yǒu xù	43650	an-ang,ao-ou,z-zh,j-q-x	1
长往远引	cháng wǎng yuǎn yǐn	43654	in-ing,an-ang,uan-uang,c-ch	1
长念却虑	cháng niàn què lǜ	43656	an-ang,ian-iang,c-ch,n-l,r-l,j-q-x	1
长恶不悛	cháng è bù quān	43659	an-ang,uan-uang,c-ch,j-q-x	3
长恶靡悛	cháng è mǐ quān	43660	an-ang,uan-uang,c-ch,j-q-x	3
长戟高门	cháng jǐ gāo mén	43662	en-eng,an-ang,ao-ou,c-ch,j-q-x	3
长才广度	cháng cái guǎng dù	43664	an-ang,uan-uang,ai-ei,c-ch	1
长才短驭	cháng cái duǎn yù	43665	an-ang,uan-uang,ai-ei,c-ch	3
长揖不拜	cháng yī bù bài	43668	an-ang,ai-ei,c-ch	3
长斋绣佛	cháng zhāi xiù fó	43670	an-ang,ai-ei,z-zh,c-ch,h-f,j-q-x	1
长春不老	cháng chūn bù lǎo	43677	an-ang,ao-ou,c-ch,n-l,r-l	1
长材小试	cháng cái xiǎo shì	43681	an-ang,ai-ei,c-ch,s-sh,j-q-x	1
长材茂学	cháng cái mào xué	43682	an-ang,ai-ei,ao-ou,c-ch,j-q-x	1
长枕大衾	cháng zhěn dà qīn	43684	en-eng,in-ing,an-ang,z-zh,c-ch,j-q-x	3
长枕大被	cháng zhěn dà bèi	43685	en-eng,an-ang,ai-ei,z-zh,c-ch	1
长林丰草	cháng lín fēng cǎo	43686	en-eng,in-ing,an-ang,ao-ou,c-ch,n-l,h-f,r-l	1
长歌当哭	cháng gē dàng kū	43689	an-ang,c-ch	1
长江三峡	cháng jiāng sān xiá	43696	an-ang,ian-iang,ia-ie,c-ch,s-sh,j-q-x	1
长江天堑	cháng jiāng tiān qiàn	43699	an-ang,ian-iang,c-ch,j-q-x	3
长满荒草	zhǎng mǎn huāng cǎo	43708	an-ang,uan-uang,ao-ou,z-zh,c-ch,h-f	1
长生不死	cháng shēng bù sǐ	43712	en-eng,an-ang,c-ch,s-sh	1
长生不老	cháng shēng bù lǎo	43713	en-eng,an-ang,ao-ou,c-ch,s-sh,n-l,r-l	1
长生久视	cháng shēng jiǔ shì	43714	en-eng,an-ang,c-ch,s-sh,j-q-x	1
长目飞耳	cháng mù fēi ěr	43718	an-ang,ai-ei,c-ch,h-f	1
长相寒碜	zhǎng xiàng hán chěn	43720	en-eng,an-ang,ian-iang,z-zh,c-ch,h-f,j-q-x	3
长眠不起	cháng mián bù qǐ	43722	an-ang,ian-iang,c-ch,j-q-x	1
长算远略	cháng suàn yuǎn lüè	43731	an-ang,uan-uang,c-ch,s-sh,n-l,r-l	1
长篇大套	cháng piān dà tào	43733	an-ang,ian-iang,ao-ou,c-ch	1
长篇大论	cháng piān dà lùn	43734	an-ang,ian-iang,c-ch,n-l,r-l	1
长篇小说	cháng piān xiǎo shuō	43735	an-ang,ian-iang,ua-uo,c-ch,s-sh,j-q-x	1
长篇累牍	cháng piān lěi dú	43736	an-ang,ian-iang,ai-ei,c-ch,n-l,r-l	3
长绳系日	cháng shéng jì rì	43742	en-eng,an-ang,c-ch,s-sh,r-l,j-q-x	1
长绳系景	cháng shéng xì jǐng	43743	en-eng,in-ing,an-ang,c-ch,s-sh,j-q-x	1
长舌之妇	cháng shé zhī fù	43752	an-ang,z-zh,c-ch,s-sh,h-f	1
长虑却顾	cháng lǜ què gù	43754	an-ang,c-ch,n-l,r-l,j-q-x	1
长虑后顾	cháng lǜ hòu gù	43755	an-ang,ao-ou,c-ch,n-l,h-f,r-l	1
长虑顾后	cháng lǜ gù hòu	43756	an-ang,ao-ou,c-ch,n-l,h-f,r-l	1
长虺成蛇	zhǎng huǐ chéng shé	43759	en-eng,an-ang,z-zh,c-ch,s-sh,h-f	3
长蛇封豕	cháng shé fēng shǐ	43760	en-eng,an-ang,c-ch,s-sh,h-f	3
长街短巷	cháng jiē duǎn xiàng	43763	an-ang,ian-iang,uan-uang,ia-ie,c-ch,j-q-x	1
长计远虑	cháng jì yuǎn lǜ	43772	an-ang,uan-uang,c-ch,n-l,r-l,j-q-x	1
长谈阔论	cháng tán kuò lùn	43778	an-ang,ua-uo,c-ch,n-l,r-l	1
长辔远御	cháng pèi yuǎn yù	43783	an-ang,uan-uang,ai-ei,c-ch	3
长辔远驭	cháng pèi yuǎn yù	43784	an-ang,uan-uang,ai-ei,c-ch	3
长途电话	cháng tú diàn huà	43789	an-ang,ian-iang,ua-uo,c-ch,h-f	1
长途跋涉	cháng tú bá shè	43790	an-ang,c-ch,s-sh	1
长长短短	cháng cháng duǎn duǎn	43794	an-ang,uan-uang,c-ch	1
长颈鸟喙	cháng jǐng niǎo huì	43801	in-ing,an-ang,c-ch,n-l,h-f,j-q-x	3
长风破浪	cháng fēng pò làng	43803	en-eng,an-ang,c-ch,n-l,h-f,r-l	1
长驱深入	cháng qū shēn rù	43805	en-eng,an-ang,c-ch,s-sh,r-l,j-q-x	1
长驱直进	cháng qū zhí jìn	43807	in-ing,an-ang,z-zh,c-ch,j-q-x	1
长驾远驭	cháng jià yuǎn yù	43808	an-ang,uan-uang,ia-ie,c-ch,j-q-x	3
长鸣都尉	cháng míng dū wèi	43810	in-ing,an-ang,ai-ei,c-ch	1
门不停宾	mén bù tíng bīn	43815	en-eng,in-ing	1
门不夜关	mén bù yè guān	43816	en-eng,uan-uang	1
门不夜扃	mén bù yè jiōng	43817	en-eng,j-q-x	3
门到户说	mén dào hù shuō	43818	en-eng,ao-ou,ua-uo,s-sh,h-f	1
门单户薄	mén dān hù bó	43820	en-eng,an-ang,h-f	1
门可张罗	mén kě zhāng luó	43821	en-eng,an-ang,ua-uo,z-zh,n-l,r-l	1
门堪罗雀	mén kān luó què	43824	en-eng,an-ang,ua-uo,n-l,r-l,j-q-x	1
门捷列夫	mén jié liè fū	43832	en-eng,ia-ie,n-l,h-f,r-l,j-q-x	1
门殚户尽	mén dān hù jìn	43835	en-eng,in-ing,an-ang,h-f,j-q-x	3
门禁森严	mén jìn sēn yán	43839	en-eng,in-ing,an-ang,s-sh,j-q-x	1
门衰祚薄	mén shuāi zuò báo	43843	en-eng,ao-ou,ua-uo,z-zh,s-sh	3
闪烁其辞	shǎn shuò qí cí	43851	an-ang,ua-uo,c-ch,s-sh,j-q-x	1
闭关却扫	bì guān què sǎo	43854	uan-uang,ao-ou,s-sh,j-q-x	1
闭口不言	bì kǒu bù yán	43856	an-ang,ao-ou	1
闭口结舌	bì kǒu jié shé	43857	ao-ou,ia-ie,s-sh,j-q-x	1
闭口藏舌	bì kǒu cáng shé	43858	an-ang,ao-ou,c-ch,s-sh	1
闭合思过	bì hé sī guò	43860	ua-uo,s-sh,h-f	1
闭合电路	bì hé diàn lù	43861	ian-iang,n-l,h-f,r-l	1
闭合自责	bì hé zì zé	43862	z-zh,h-f	1
闭壁清野	bì bì qīng yě	43865	in-ing,j-q-x	1
闭户读书	bì hù dú shū	43866	s-sh,h-f	1
闭明塞聪	bì míng sè cōng	43867	in-ing,c-ch,s-sh	1
闭目塞耳	bì mù sè ěr	43871	s-sh	1
闭目塞聪	bì mù sāi cōng	43872	ai-ei,c-ch,s-sh	1
闭门不出	bì mén bù chū	43873	en-eng,c-ch	1
闭门不纳	bì mén bù nà	43874	en-eng,n-l	1
闭门却扫	bì mén què sǎo	43875	en-eng,ao-ou,s-sh,j-q-x	1
闭门合辙	bì mén hé zhé	43876	en-eng,z-zh,h-f	1
闭门埽轨	bì mén sào guǐ	43877	en-eng,ao-ou,s-sh	3
闭门塞户	bì mén sè hù	43878	en-eng,s-sh,h-f	1
闭门塞窦	bì mén sè dòu	43879	en-eng,ao-ou,s-sh	3
闭门思愆	bì mén sī qiān	43880	en-eng,ian-iang,s-sh,j-q-x	3
闭门扫轨	bì mén sǎo guǐ	43882	en-eng,ao-ou,s-sh	1
闭门扫迹	bì mén sǎo jì	43883	en-eng,ao-ou,s-sh,j-q-x	1
闭门觅句	bì mén mì jù	43884	en-eng,j-q-x	1
闭门读书	bì mén dú shū	43885	en-eng,s-sh	1
闭阁思过	bì gé sī guò	43887	ua-uo,s-sh	1
问一答十	wèn yī dá shí	43889	en-eng,s-sh	1
问官答花	wèn guān dá huā	43895	en-eng,uan-uang,ua-uo,h-f	1
问牛知马	wèn niú zhī mǎ	43897	en-eng,z-zh,n-l	1
问羊知马	wèn yáng zhī mǎ	43900	en-eng,an-ang,z-zh	1
问鼎中原	wèn dǐng zhōng yuán	43903	en-eng,in-ing,uan-uang,z-zh	1
闯南走北	chuǎng nán zǒu běi	43906	an-ang,uan-uang,ai-ei,ao-ou,z-zh,c-ch,n-l	1
闲情别致	xián qíng bié zhì	43911	in-ing,ian-iang,ia-ie,z-zh,j-q-x	1
闲情逸趣	xián qíng yì qù	43912	in-ing,ian-iang,j-q-x	1
闲愁万种	xián chóu wàn zhǒng	43913	an-ang,ian-iang,ao-ou,z-zh,c-ch,j-q-x	1
闲见层出	xián jiàn céng chū	43917	en-eng,ian-iang,c-ch,j-q-x	1
闲言冷语	xián yán lěng yǔ	43918	en-eng,an-ang,ian-iang,n-l,r-l,j-q-x	1
闲言泼语	xián yán pō yǔ	43919	an-ang,ian-iang,j-q-x	1
闲言淡语	xián yán dàn yǔ	43920	an-ang,ian-iang,j-q-x	1
闲言赘语	xián yán zhuì yǔ	43922	an-ang,ian-iang,z-zh,j-q-x	1
闲言长语	xián yán cháng yǔ	43923	an-ang,ian-iang,c-ch,j-q-x	1
闲言闲语	xián yán xián yǔ	43924	an-ang,ian-iang,j-q-x	1
闲邪存诚	xián xié cún chéng	43925	en-eng,ian-iang,ia-ie,c-ch,j-q-x	1
闳中肆外	hóng zhōng sì wài	43926	ai-ei,z-zh,s-sh,h-f	3
闳侈不经	hóng chǐ bù jīng	43927	in-ing,c-ch,h-f,j-q-x	3
闳大不经	hóng dà bù jīng	43928	in-ing,h-f,j-q-x	3
闳言高论	hóng yán gāo lùn	43929	an-ang,ao-ou,n-l,h-f,r-l	3
闳识孤怀	hóng shí gū huái	43930	s-sh,h-f	3
间不容息	jiàn bù róng xī	43932	ian-iang,r-l,j-q-x	1
间不容瞬	jiān bù róng shùn	43934	ian-iang,s-sh,r-l,j-q-x	1
间不容砺	jiān bù róng lì	43935	ian-iang,n-l,r-l,j-q-x	3
间不容缓	jiān bù róng huǎn	43936	ian-iang,uan-uang,h-f,r-l,j-q-x	1
间不容缕	jiān bù róng lǚ	43937	ian-iang,n-l,r-l,j-q-x	1
间见层出	jiàn xiàn céng chū	43951	en-eng,ian-iang,c-ch,j-q-x	1
闵乱思治	mǐn luàn sī zhì	43958	in-ing,uan-uang,z-zh,s-sh,n-l,r-l	3
闷光玻璃	mèn guāng bō lí	43960	en-eng,uan-uang,n-l,r-l	1
闷在家里	mēn zài jiā lǐ	43961	en-eng,ai-ei,ia-ie,z-zh,n-l,r-l,j-q-x	1
闷在心里	mēn zài xīn lǐ	43962	en-eng,in-ing,ai-ei,z-zh,n-l,r-l,j-q-x	1
闷声不吭	mèn shēng bù kēng	43965	en-eng,s-sh	1
闷头儿干	mēn tóu er gàn	43970	en-eng,an-ang,ao-ou	1
闷得发慌	mèn de fā huāng	43973	en-eng,uan-uang,h-f	1
闷海愁山	mèn hǎi chóu shān	43977	en-eng,an-ang,ai-ei,ao-ou,c-ch,s-sh,h-f	1
闷葫芦罐	mèn hú lú guàn	43982	en-eng,uan-uang,n-l,h-f,r-l	1
闻一知二	wén yī zhī èr	44002	en-eng,z-zh	1
闻一知十	wén yī zhī shí	44003	en-eng,z-zh,s-sh	1
闻名丧胆	wén míng sàng dǎn	44005	en-eng,in-ing,an-ang,s-sh	1
闻噎废食	wén yē fèi shí	44006	en-eng,ai-ei,s-sh,h-f	3
闻声相思	wén shēng xiāng sī	44007	en-eng,ian-iang,s-sh,j-q-x	1
闻宠若惊	wén chǒng ruò jīng	44008	en-eng,in-ing,ua-uo,c-ch,r-l,j-q-x	1
闻所不闻	wén suǒ bù wén	44009	en-eng,ua-uo,s-sh	1
闻融敦厚	wén róng dūn hòu	44011	en-eng,ao-ou,h-f,r-l	1
闻风响应	wén fēng xiǎng yīng	44016	en-eng,in-ing,ian-iang,h-f,j-q-x	1
闻风破胆	wén fēng pò dǎn	44017	en-eng,an-ang,h-f	1
闻风而兴	wén fēng ér xīng	44018	en-eng,in-ing,h-f,j-q-x	1
闻风而至	wén fēng ér zhì	44020	en-eng,z-zh,h-f	1
闻风而起	wén fēng ér qǐ	44021	en-eng,h-f,j-q-x	1
闻风而逃	wén fēng ér táo	44022	en-eng,ao-ou,h-f	1
闻风远扬	wén fēng yuǎn yáng	44023	en-eng,an-ang,uan-uang,h-f	1
闻风远遁	wén fēng yuǎn dùn	44024	en-eng,uan-uang,h-f	3
闾阎扑地	lǘ yán pū dì	44030	an-ang,n-l,r-l	3
阐扬光大	chǎn yáng guāng dà	44037	an-ang,uan-uang,c-ch	1
阑风伏雨	lán fēng fú yǔ	44041	en-eng,an-ang,n-l,h-f,r-l	3
阑风长雨	lán fēng cháng yǔ	44042	en-eng,an-ang,c-ch,n-l,h-f,r-l	3
阒其无人	qù qí wú rén	44043	en-eng,r-l,j-q-x	3
阔论高谈	kuò lùn gāo tán	44049	an-ang,ao-ou,ua-uo,n-l,r-l	1
阙一不可	què yī bù kě	44051	j-q-x	3
阪上走丸	bǎn shàng zǒu wán	44061	an-ang,ao-ou,z-zh,s-sh	3
阮囊羞涩	ruǎn náng xiū sè	44062	an-ang,uan-uang,s-sh,n-l,r-l,j-q-x	3
防不及防	fáng bù jí fáng	44063	an-ang,h-f,j-q-x	1
防城港市	fáng chéng gǎng shì	44072	en-eng,an-ang,c-ch,s-sh,h-f	1
防微虑远	fáng wēi lǜ yuǎn	44075	an-ang,uan-uang,ai-ei,n-l,h-f,r-l	1
防心摄行	fáng xīn shè xíng	44076	in-ing,an-ang,s-sh,h-f,j-q-x	1
防萌杜渐	fáng méng dù jiàn	44092	en-eng,an-ang,ian-iang,h-f,j-q-x	1
阳春有脚	yáng chūn yǒu jiǎo	44100	an-ang,ao-ou,c-ch,j-q-x	1
阳解阴毒	yáng jiě yīn dú	44101	in-ing,an-ang,ia-ie,j-q-x	1
阴山背后	yīn shān bèi hòu	44106	in-ing,an-ang,ai-ei,ao-ou,s-sh,h-f	1
阴曹地府	yīn cáo dì fǔ	44109	in-ing,ao-ou,c-ch,h-f	1
阴服微行	yīn fú wēi xíng	44110	in-ing,ai-ei,h-f,j-q-x	1
阴疑阳战	yīn yí yáng zhàn	44115	in-ing,an-ang,z-zh	1
阴魂不散	yīn hún bù sàn	44122	in-ing,an-ang,s-sh,h-f	1
阵马风樯	zhèn mǎ fēng qiáng	44130	en-eng,ian-iang,z-zh,h-f,j-q-x	3
阶前万里	jiē qián wàn lǐ	44131	an-ang,ian-iang,ia-ie,n-l,r-l,j-q-x	1
阶级斗争	jiē jí dòu zhēng	44133	en-eng,ao-ou,ia-ie,z-zh,j-q-x	1
阶级社会	jiē jí shè huì	44134	ia-ie,s-sh,h-f,j-q-x	1
阿世取容	ē shì qǔ róng	44138	s-sh,r-l,j-q-x	1
阿世媚俗	ē shì mèi sú	44139	ai-ei,s-sh	1
阿世盗名	ē shì dào míng	44140	in-ing,ao-ou,s-sh	1
阿党比周	ē dǎng bǐ zhōu	44141	an-ang,ao-ou,z-zh	1
阿党相为	ē dǎng xiāng wéi	44142	an-ang,ian-iang,ai-ei,j-q-x	1
阿其所好	ē qí suǒ hào	44144	ao-ou,ua-uo,s-sh,h-f,j-q-x	1
阿基米德	ā jī mǐ dé	44147	j-q-x	1
阿塞拜疆	ā sāi bài jiāng	44148	ian-iang,ai-ei,s-sh,j-q-x	1
阿姑阿翁	ā gū ā wēng	44153	en-eng	1
阿娇金屋	ā jiāo jīn wū	44155	in-ing,j-q-x	1
阿家阿翁	ā jiā ā wēng	44157	en-eng,ia-ie,j-q-x	1
阿尔及尔	ā ěr jí ěr	44161	j-q-x	1
阿平绝倒	ā píng jué dǎo	44164	in-ing,ao-ou,j-q-x	1
阿意取容	ē yì qǔ róng	44167	r-l,j-q-x	1
阿拉伯人	ā lā bó rén	44170	en-eng,n-l,r-l	1
阿拉伯海	ā lā bó hǎi	44174	ai-ei,n-l,h-f,r-l	1
阿时趋俗	ē shí qū sú	44178	s-sh,j-q-x	1
阿毗地狱	ā pí dì yù	44184		3
阿狗阿猫	ā gǒu ā māo	44189	ao-ou	1
阿猫阿狗	ā māo ā gǒu	44190	ao-ou	1
阿谀取容	ē yú qǔ róng	44199	r-l,j-q-x	3
阿谀谄媚	ē yú chǎn mèi	44201	an-ang,ai-ei,c-ch	3
阿鲁巴岛	ā lǔ bā dǎo	44207	ao-ou,n-l,r-l	1
阿鼻地狱	ā bí dì yù	44209		1
陂湖禀量	bēi hú bǐng liáng	44213	in-ing,ian-iang,ai-ei,n-l,h-f,r-l	3
附上罔下	fù shàng wǎng xià	44217	an-ang,ia-ie,s-sh,h-f,j-q-x	3
附下罔上	fù xià wǎng shàng	44218	an-ang,ia-ie,s-sh,h-f,j-q-x	3
附会穿凿	fù huì chuān záo	44222	uan-uang,ao-ou,z-zh,c-ch,h-f	1
附势趋炎	fù shì qū yán	44223	an-ang,s-sh,h-f,j-q-x	1
附炎趋热	fù yán qū rè	44230	an-ang,h-f,r-l,j-q-x	1
附耳射声	fù ěr shè shēng	44233	en-eng,s-sh,h-f	1
附肤落毛	fù fū luò máo	44234	ao-ou,ua-uo,n-l,h-f,r-l	1
附膻逐腥	fù shān zhú xīng	44235	in-ing,an-ang,z-zh,s-sh,h-f,j-q-x	3
附赘县疣	fù zhuì xiàn yóu	44238	ian-iang,ao-ou,z-zh,h-f,j-q-x	3
际会风云	jì huì fēng yún	44242	en-eng,h-f,j-q-x	1
际地蟠天	jì dì pán tiān	44243	an-ang,ian-iang,j-q-x	3
际遇风云	jì yù fēng yún	44244	en-eng,h-f,j-q-x	1
陇头音信	lǒng tóu yīn xìn	44254	in-ing,ao-ou,n-l,r-l,j-q-x	3
陈古刺今	chén gǔ cì jīn	44256	en-eng,in-ing,c-ch,j-q-x	1
陈善闭邪	chén shàn bì xié	44257	en-eng,an-ang,ia-ie,c-ch,s-sh,j-q-x	1
陈师鞠旅	chén shī jū lǚ	44258	en-eng,c-ch,s-sh,n-l,r-l,j-q-x	1
陈辞滥调	chén cí làn diào	44261	en-eng,an-ang,c-ch,n-l,r-l	1
陋巷箪瓢	lòu xiàng dān piáo	44266	an-ang,ian-iang,ao-ou,n-l,r-l,j-q-x	3
陌路相逢	mò lù xiāng féng	44267	en-eng,ian-iang,n-l,h-f,r-l,j-q-x	1
降妖捉怪	xiáng yāo zhuō guài	44276	ian-iang,ao-ou,ua-uo,z-zh,j-q-x	1
降尊临卑	jiàng zūn lín bēi	44277	in-ing,ian-iang,ai-ei,z-zh,n-l,r-l,j-q-x	1
降尊纡贵	jiàng zūn yū guì	44278	ian-iang,z-zh,j-q-x	3
降心下气	jiàng xīn xià qì	44279	in-ing,ian-iang,ia-ie,j-q-x	1
降心俯首	jiàng xīn fǔ shǒu	44280	in-ing,ian-iang,ao-ou,s-sh,h-f,j-q-x	1
降心相从	jiàng xīn xiāng cóng	44281	in-ing,ian-iang,c-ch,j-q-x	1
降心顺俗	jiàng xīn shùn sú	44282	in-ing,ian-iang,s-sh,j-q-x	1
降志辱身	jiàng zhì rǔ shēn	44283	en-eng,ian-iang,z-zh,s-sh,r-l,j-q-x	1
降本流末	jiàng běn liú mò	44286	en-eng,ian-iang,n-l,r-l,j-q-x	1
降格以求	jiàng gé yǐ qiú	44288	ian-iang,j-q-x	1
降贵纡尊	jiàng guì yū zūn	44303	ian-iang,z-zh,j-q-x	3
降颜屈体	jiàng yán qū tǐ	44308	an-ang,ian-iang,j-q-x	1
降龙伏虎	xiáng lóng fú hǔ	44311	ian-iang,n-l,h-f,r-l,j-q-x	1
陟罚臧否	zhì fá zāng pǐ	44322	an-ang,z-zh,h-f	3
除害兴利	chú hài xīng lì	44334	in-ing,ai-ei,c-ch,n-l,h-f,r-l,j-q-x	1
除恶务本	chú è wù běn	44338	en-eng,c-ch	1
除患兴利	chú huàn xīng lì	44339	in-ing,uan-uang,c-ch,n-l,h-f,r-l,j-q-x	1
除旧更新	chú jiù gēng xīn	44341	en-eng,in-ing,c-ch,j-q-x	1
除狼得虎	chú láng dé hǔ	44346	an-ang,c-ch,n-l,h-f,r-l	1
除邪惩恶	chú xié chéng è	44348	en-eng,ia-ie,c-ch,j-q-x	1
陨身糜骨	yǔn shēn mí gǔ	44352	en-eng,s-sh	3
险遭不测	xiǎn zāo bù cè	44362	ian-iang,ao-ou,z-zh,c-ch,j-q-x	1
险阻艰难	xiǎn zǔ jiān nán	44363	an-ang,ian-iang,z-zh,n-l,j-q-x	1
陪审制度	péi shěn zhì dù	44365	en-eng,ai-ei,z-zh,s-sh	1
陵劲淬砺	líng jìng cuì lì	44368	in-ing,c-ch,n-l,r-l,j-q-x	3
陵弱暴寡	líng ruò bào guǎ	44369	in-ing,ao-ou,ua-uo,n-l,r-l	1
陶然自得	táo rán zì dé	44371	an-ang,ao-ou,z-zh,r-l	1
陶犬瓦鸡	táo quǎn wǎ jī	44372	uan-uang,ao-ou,j-q-x	1
陷落计中	xiàn luò jì zhōng	44375	ian-iang,ua-uo,z-zh,n-l,r-l,j-q-x	1
隆重庆祝	lóng zhòng qìng zhù	44376	in-ing,z-zh,n-l,r-l,j-q-x	1
隋侯之珠	suí hóu zhī zhū	44377	ao-ou,z-zh,s-sh,h-f	1
隋珠和玉	suí zhū hé yù	44378	z-zh,s-sh,h-f	1
隋珠和璧	suí zhū hé bì	44379	z-zh,s-sh,h-f	1
隋珠弹雀	suí zhū tán què	44380	an-ang,z-zh,s-sh,j-q-x	1
隋珠荆璧	suí zhū jīng bì	44381	in-ing,z-zh,s-sh,j-q-x	1
随人俯仰	suí rén fǔ yǎng	44383	en-eng,an-ang,s-sh,h-f,r-l	1
随地随时	suí dì suí shí	44385	s-sh	1
随声趋和	suí shēng qū hé	44386	en-eng,s-sh,h-f,j-q-x	1
随物应机	suí wù yīng jī	44392	in-ing,s-sh,j-q-x	1
随珠和璧	suí zhū hé bì	44393	z-zh,s-sh,h-f	1
随珠弹雀	suí zhū tán què	44394	an-ang,z-zh,s-sh,j-q-x	1
随缘乐助	suí yuán lè zhù	44395	uan-uang,z-zh,s-sh,n-l,r-l	1
随行逐队	suí xíng zhú duì	44397	in-ing,z-zh,s-sh,j-q-x	1
随车夏雨	suí chē xià yǔ	44398	ia-ie,c-ch,s-sh,j-q-x	1
随车甘雨	suí chē gān yǔ	44399	an-ang,c-ch,s-sh	1
随车致雨	suí chē zhì yǔ	44400	z-zh,c-ch,s-sh	1
随近逐便	suí jìn zhú biàn	44402	in-ing,ian-iang,z-zh,s-sh,j-q-x	1
随风倒舵	suí fēng dǎo duò	44403	en-eng,ao-ou,ua-uo,s-sh,h-f	1
随风而靡	suí fēng ér mǐ	44404	en-eng,s-sh,h-f	1
随风转舵	suí fēng zhuǎn duò	44405	en-eng,uan-uang,ua-uo,z-zh,s-sh,h-f	1
随风逐浪	suí fēng zhú làng	44406	en-eng,an-ang,z-zh,s-sh,n-l,h-f,r-l	1
隐介藏形	yǐn jiè cáng xíng	44407	in-ing,an-ang,ia-ie,c-ch,j-q-x	1
隐占身体	yǐn zhàn shēn tǐ	44408	en-eng,in-ing,an-ang,z-zh,s-sh	1
隐名埋姓	yǐn míng mái xìng	44409	in-ing,ai-ei,j-q-x	1
隐天蔽日	yǐn tiān bì rì	44410	in-ing,ian-iang,r-l	1
隐居求志	yǐn jū qiú zhì	44412	in-ing,z-zh,j-q-x	1
隐忍不发	yǐn rěn bù fā	44414	en-eng,in-ing,h-f,r-l	1
隐忍不言	yǐn rěn bù yán	44415	en-eng,in-ing,an-ang,r-l	1
隐晦曲折	yǐn huì qū zhé	44417	in-ing,z-zh,h-f,j-q-x	1
隐然敌国	yǐn rán dí guó	44418	in-ing,an-ang,ua-uo,r-l	1
隐约其词	yǐn yuē qí cí	44419	in-ing,c-ch,j-q-x	1
隐约其辞	yǐn yuē qí cí	44420	in-ing,c-ch,j-q-x	1
隐若敌国	yǐn ruò dí guó	44421	in-ing,ua-uo,r-l	1
隐迹埋名	yǐn jì mái míng	44423	in-ing,ai-ei,j-q-x	1
隐隐约约	yǐn yǐn yuē yuē	44424	in-ing	1
隐鳞戢羽	yǐn lín jí yǔ	44425	in-ing,n-l,r-l,j-q-x	3
隐鳞戢翼	yǐn lín jí yì	44426	in-ing,n-l,r-l,j-q-x	3
隐鳞藏彩	yǐn lín cáng cǎi	44427	in-ing,an-ang,ai-ei,c-ch,n-l,r-l	1
隔三差五	gé sān chà wǔ	44428	an-ang,c-ch,s-sh	1
隔音符号	gé yīn fú hào	44441	in-ing,ao-ou,h-f	1
隙大墙坏	xì dà qiáng huài	44444	ian-iang,h-f,j-q-x	1
障碍赛跑	zhàng ài sài pǎo	44446	an-ang,ai-ei,ao-ou,z-zh,s-sh	1
隳肝尝胆	huī gān cháng dǎn	44447	an-ang,c-ch,h-f	3
隳肝沥胆	huī gān lì dǎn	44448	an-ang,n-l,h-f,r-l	3
隳胆抽肠	huī dǎn chōu cháng	44449	an-ang,ao-ou,c-ch,h-f	3
隳节败名	huī jié bài míng	44450	in-ing,ai-ei,ia-ie,h-f,j-q-x	3
难上加难	nán shàng jiā nán	44458	an-ang,ia-ie,s-sh,n-l,j-q-x	1
难乎为情	nán hū wéi qíng	44462	in-ing,an-ang,ai-ei,n-l,h-f,j-q-x	1
难乎为继	nán hū wéi jì	44463	an-ang,ai-ei,n-l,h-f,j-q-x	1
难乎其难	nán hū qí nán	44464	an-ang,n-l,h-f,j-q-x	1
难于上天	nán yú shàng tiān	44467	an-ang,ian-iang,s-sh,n-l	1
难以为情	nán yǐ wéi qíng	44472	in-ing,an-ang,ai-ei,n-l,j-q-x	1
难以为继	nán yǐ wéi jì	44473	an-ang,ai-ei,n-l,j-q-x	1
难以预料	nán yǐ yù liào	44475	an-ang,n-l,r-l	1
难分难舍	nán fēn nán shě	44483	en-eng,an-ang,s-sh,n-l,h-f	1
难割难舍	nán gē nán shě	44485	an-ang,s-sh,n-l	1
难弟难兄	nán dì nán xiōng	44495	an-ang,n-l,j-q-x	1
难得糊涂	nán dé hú tú	44498	an-ang,n-l,h-f	1
难更仆数	nán gēng pú shǔ	44504	en-eng,an-ang,s-sh,n-l	1
难进易退	nán jìn yì tuì	44522	in-ing,an-ang,n-l,j-q-x	1
难鸣孤掌	nán míng gū zhǎng	44526	in-ing,an-ang,z-zh,n-l	1
雀喧鸠聚	què xuān jiū jù	44527	uan-uang,j-q-x	3
雀小脏全	què xiǎo zàng quán	44529	an-ang,uan-uang,z-zh,j-q-x	1
雀屏中选	què píng zhòng xuǎn	44530	in-ing,uan-uang,z-zh,j-q-x	1
雀目鼠步	què mù shǔ bù	44531	s-sh,j-q-x	1
雀角鼠牙	què jiǎo shǔ yá	44532	s-sh,j-q-x	1
雀马鱼龙	què mǎ yú lóng	44533	n-l,r-l,j-q-x	1
雀鼠之争	què shǔ zhī zhēng	44534	en-eng,z-zh,s-sh,j-q-x	1
雁南燕北	yàn nán yàn běi	44535	an-ang,ai-ei,n-l	1
雁影分飞	yàn yǐng fēn fēi	44536	en-eng,in-ing,an-ang,ai-ei,h-f	1
雁泊人户	yàn bó rén hù	44538	en-eng,an-ang,h-f,r-l	1
雁过拨毛	yàn guò bō máo	44541	an-ang,ao-ou,ua-uo	1
雁过留声	yàn guò liú shēng	44542	en-eng,an-ang,ua-uo,s-sh,n-l,r-l	1
雄伟壮观	xióng wěi zhuàng guān	44543	uan-uang,ai-ei,z-zh,j-q-x	1
雄唱雌和	xióng chàng cí hé	44545	an-ang,c-ch,h-f,j-q-x	1
雄文大手	xióng wén dà shǒu	44553	en-eng,ao-ou,s-sh,j-q-x	1
雄材大略	xióng cái dà lüè	44554	ai-ei,c-ch,n-l,r-l,j-q-x	1
雄鸡断尾	xióng jī duàn wěi	44556	uan-uang,ai-ei,j-q-x	1
雅量高致	yǎ liàng gāo zhì	44568	ian-iang,ao-ou,z-zh,n-l,r-l	1
雅雀无声	yǎ què wú shēng	44569	en-eng,s-sh,j-q-x	1
集思广议	jí sī guǎng yì	44586	uan-uang,s-sh,j-q-x	1
集腋为裘	jí yè wéi qiú	44594	ai-ei,j-q-x	3
雇佣劳动	gù yōng láo dòng	44598	ao-ou,n-l,r-l	1
雉头狐腋	zhì tóu hú yè	44600	ao-ou,z-zh,h-f	3
雍容不迫	yōng róng bù pò	44602	r-l	3
雍容大度	yōng róng dà dù	44604	r-l	3
雍容大雅	yōng róng dà yǎ	44605	r-l	3
雍荣华贵	yōng róng huá guì	44607	ua-uo,h-f,r-l	3
雕心雁爪	diāo xīn yàn zhǎo	44610	in-ing,an-ang,ao-ou,z-zh,j-q-x	1
雕心鹰爪	diāo xīn yīng zhǎo	44611	in-ing,ao-ou,z-zh,j-q-x	1
雕文织采	diāo wén zhī cǎi	44612	en-eng,ai-ei,z-zh,c-ch	1
雕栏玉砌	diāo lán yù qì	44613	an-ang,n-l,r-l,j-q-x	1
雕楹碧槛	diāo yíng bì kǎn	44615	in-ing,an-ang	3
雕盘绮食	diāo pán qǐ shí	44617	an-ang,s-sh,j-q-x	3
雕章琢句	diāo zhāng zhuó jù	44619	an-ang,ua-uo,z-zh,j-q-x	1
雕章绘句	diāo zhāng huì jù	44620	an-ang,z-zh,h-f,j-q-x	1
雕章镂句	diāo zhāng lòu jù	44621	an-ang,ao-ou,z-zh,n-l,r-l,j-q-x	3
雕肝琢肾	diāo gān zhuó shèn	44622	en-eng,an-ang,ua-uo,z-zh,s-sh	1
雕肝琢膂	diāo gān zhuó lǚ	44623	an-ang,ua-uo,z-zh,n-l,r-l	3
雕虫末伎	diāo chóng mò jì	44624	c-ch,j-q-x	3
雕虫薄技	diāo chóng báo jì	44625	ao-ou,c-ch,j-q-x	1
雕蚶镂蛤	diāo hān lòu gé	44626	an-ang,ao-ou,n-l,h-f,r-l	3
雕阑玉砌	diāo lán yù qì	44627	an-ang,n-l,r-l,j-q-x	3
雕风镂月	diāo fēng lòu yuè	44628	en-eng,ao-ou,n-l,h-f,r-l	3
雨丝风片	yǔ sī fēng piàn	44630	en-eng,ian-iang,s-sh,h-f	1
雨井烟垣	yǔ jǐng yān yuán	44632	in-ing,an-ang,uan-uang,j-q-x	3
雨凑云集	yǔ còu yún jí	44639	ao-ou,c-ch,j-q-x	1
雨卧风餐	yǔ wò fēng cān	44643	en-eng,an-ang,c-ch,h-f	1
雨后送伞	yǔ hòu sòng sǎn	44645	an-ang,ao-ou,s-sh,h-f	1
雨宿风餐	yǔ sù fēng cān	44649	en-eng,an-ang,c-ch,s-sh,h-f	1
雨巾风帽	yǔ jīn fēng mào	44650	en-eng,in-ing,ao-ou,h-f,j-q-x	1
雨帘云栋	yǔ lián yún dòng	44652	ian-iang,n-l,r-l	1
雨恨云愁	yǔ hèn yún chóu	44656	en-eng,ao-ou,c-ch,h-f	1
雨愁烟恨	yǔ chóu yān hèn	44658	en-eng,an-ang,ao-ou,c-ch,h-f	1
雨打风吹	yǔ dǎ fēng chuī	44660	en-eng,c-ch,h-f	1
雨收云散	yǔ shōu yún sàn	44662	an-ang,ao-ou,s-sh	1
雨散云收	yǔ sàn yún shōu	44663	an-ang,ao-ou,s-sh	1
雨散云飞	yǔ sàn yún fēi	44664	an-ang,ai-ei,s-sh,h-f	1
雨散风流	yǔ sàn fēng liú	44665	en-eng,an-ang,s-sh,n-l,h-f,r-l	1
雨断云销	yǔ duàn yún xiāo	44666	uan-uang,j-q-x	1
雨旸时若	yǔ yáng shí ruò	44667	an-ang,ua-uo,s-sh,r-l	3
雨条烟叶	yǔ tiáo yān yè	44669	an-ang	1
雨栋风帘	yǔ dòng fēng lián	44670	en-eng,ian-iang,n-l,h-f,r-l	1
雨歇云收	yǔ xiē yún shōu	44671	ao-ou,ia-ie,s-sh,j-q-x	1
雨沐风餐	yǔ mù fēng cān	44674	en-eng,an-ang,c-ch,h-f	1
雨沾云惹	yǔ zhān yún rě	44675	an-ang,z-zh,r-l	1
雨泣云愁	yǔ qì yún chóu	44676	ao-ou,c-ch,j-q-x	1
雨消云散	yǔ xiāo yún sàn	44677	an-ang,s-sh,j-q-x	1
雨淋日晒	yǔ lín rì shài	44679	in-ing,ai-ei,s-sh,n-l,r-l	1
雨淋日炙	yǔ lín rì zhì	44680	in-ing,z-zh,n-l,r-l	3
雨笠烟蓑	yǔ lì yān suō	44686	an-ang,ua-uo,s-sh,n-l,r-l	3
雨约云期	yǔ yuē yún qī	44687	j-q-x	1
雨膏烟腻	yǔ gāo yān nì	44689	an-ang,ao-ou,n-l	1
雨蓑烟笠	yǔ suō yān lì	44693	an-ang,ua-uo,s-sh,n-l,r-l	3
雨蓑风笠	yǔ suō fēng lì	44694	en-eng,ua-uo,s-sh,n-l,h-f,r-l	3
雨覆云翻	yǔ fù yún fān	44698	an-ang,h-f	1
雨踪云迹	yǔ zōng yún jì	44699	z-zh,j-q-x	1
雨过天青	yǔ guò tiān qīng	44701	in-ing,ian-iang,ua-uo,j-q-x	1
雨迹云踪	yǔ jì yún zōng	44702	z-zh,j-q-x	1
雨零星乱	yǔ líng xīng luàn	44705	in-ing,uan-uang,n-l,r-l,j-q-x	1
雨零星散	yǔ líng xīng sàn	44706	in-ing,an-ang,s-sh,n-l,r-l,j-q-x	1
雨露之恩	yǔ lù zhī ēn	44709	en-eng,z-zh,n-l,r-l	1
雨霾风障	yǔ mái fēng zhàng	44710	en-eng,an-ang,ai-ei,z-zh,h-f	3
雨顺风调	yǔ shùn fēng tiáo	44713	en-eng,s-sh,h-f	1
雨鬓风鬟	yǔ bìn fēng huán	44714	en-eng,in-ing,uan-uang,h-f	3
雨鬣霜蹄	yǔ liè shuāng tí	44715	uan-uang,ia-ie,s-sh,n-l,r-l	3
雪中鸿爪	xuě zhōng hóng zhǎo	44718	ao-ou,z-zh,h-f,j-q-x	1
雪北香南	xuě běi xiāng nán	44719	an-ang,ian-iang,ai-ei,n-l,j-q-x	1
雪月风花	xuě yuè fēng huā	44723	en-eng,ua-uo,h-f,j-q-x	1
雪泥鸿迹	xuě ní hóng jì	44725	n-l,h-f,j-q-x	1
雪窗萤几	xuě chuāng yíng jǐ	44727	in-ing,uan-uang,c-ch,j-q-x	1
雪耻报仇	xuě chǐ bào chóu	44729	ao-ou,c-ch,j-q-x	1
雪胎梅骨	xuě tāi méi gǔ	44730	ai-ei,j-q-x	1
雪虐风饕	xuě nüè fēng tāo	44732	en-eng,ao-ou,n-l,h-f,j-q-x	3
雪鸿指爪	xuě hóng zhǐ zhǎo	44733	ao-ou,z-zh,h-f,j-q-x	1
零丁孤苦	líng dīng gū kǔ	44734	in-ing,n-l,r-l	1
零光片羽	líng guāng piàn yǔ	44735	in-ing,ian-iang,uan-uang,n-l,r-l	1
零零散散	líng líng sǎn sǎn	44750	in-ing,an-ang,s-sh,n-l,r-l	1
零露瀼瀼	líng lù ráng ráng	44751	in-ing,an-ang,n-l,r-l	5
雷令风行	léi lìng fēng xíng	44753	en-eng,in-ing,ai-ei,n-l,h-f,r-l,j-q-x	1
雷动风行	léi dòng fēng xíng	44754	en-eng,in-ing,ai-ei,n-l,h-f,r-l,j-q-x	1
雷厉风飞	léi lì fēng fēi	44756	en-eng,ai-ei,n-l,h-f,r-l	1
雷奔云谲	léi bēn yún jué	44759	en-eng,ai-ei,n-l,r-l,j-q-x	3
雷霆之怒	léi tíng zhī nù	44766	in-ing,ai-ei,z-zh,n-l,r-l	3
雷鸣瓦釜	léi míng wǎ fǔ	44767	in-ing,ai-ei,n-l,h-f,r-l	3
雾兴云涌	wù xīng yún yǒng	44768	in-ing,j-q-x	1
雾散云披	wù sàn yún pī	44770	an-ang,s-sh	1
雾涌云蒸	wù yǒng yún zhēng	44771	en-eng,z-zh	1
雾起云涌	wù qǐ yún yǒng	44772	j-q-x	1
雾集云合	wù jí yún hé	44774	h-f,j-q-x	1
雾鬓风鬟	wù bìn fēng huán	44775	en-eng,in-ing,uan-uang,h-f	3
雾鳞云爪	wù lín yún zhǎo	44776	in-ing,ao-ou,z-zh,n-l,r-l	1
需沙出穴	xū shā chū xué	44777	c-ch,s-sh,j-q-x	1
霁月光风	jì yuè guāng fēng	44779	en-eng,uan-uang,h-f,j-q-x	3
霁风朗月	jì fēng lǎng yuè	44780	en-eng,an-ang,n-l,h-f,r-l,j-q-x	3
霄鱼垂化	xiāo yú chuí huà	44782	ua-uo,c-ch,h-f,j-q-x	1
震天动地	zhèn tiān dòng dì	44786	en-eng,ian-iang,z-zh	1
震聋发聩	zhèn lóng fā kuì	44787	en-eng,z-zh,n-l,h-f,r-l	3
霜凋夏绿	shuāng diāo xià lǜ	44798	uan-uang,ia-ie,s-sh,n-l,r-l,j-q-x	3
霜气横秋	shuāng qì héng qiū	44801	en-eng,uan-uang,s-sh,h-f,j-q-x	1
霜行草宿	shuāng xíng cǎo xiǔ	44803	in-ing,uan-uang,ao-ou,c-ch,s-sh,j-q-x	1
霜露之思	shuāng lù zhī sī	44805	uan-uang,z-zh,s-sh,n-l,r-l	1
霜露之悲	shuāng lù zhī bēi	44806	uan-uang,ai-ei,z-zh,s-sh,n-l,r-l	1
霜露之感	shuāng lù zhī gǎn	44807	an-ang,uan-uang,z-zh,s-sh,n-l,r-l	1
霜露之病	shuāng lù zhī bìng	44808	in-ing,uan-uang,z-zh,s-sh,n-l,r-l	1
霜露之辰	shuāng lù zhī chén	44809	en-eng,uan-uang,z-zh,c-ch,s-sh,n-l,r-l	1
霞光万道	xiá guāng wàn dào	44810	an-ang,uan-uang,ao-ou,ia-ie,j-q-x	1
霞思云想	xiá sī yún xiǎng	44811	ian-iang,ia-ie,s-sh,j-q-x	1
霞思天想	xiá sī tiān xiǎng	44812	ian-iang,ia-ie,s-sh,j-q-x	1
露天开采	lù tiān kāi cǎi	44822	ian-iang,ai-ei,c-ch,n-l,r-l	1
露宿风餐	lù sù fēng cān	44827	en-eng,an-ang,c-ch,s-sh,n-l,h-f,r-l	1
露尾藏头	lù wěi cáng tóu	44829	an-ang,ai-ei,ao-ou,c-ch,n-l,r-l	1
露己扬才	lù jǐ yáng cái	44830	an-ang,ai-ei,c-ch,n-l,r-l,j-q-x	1
露影藏形	lù yǐng cáng xíng	44833	in-ing,an-ang,c-ch,n-l,r-l,j-q-x	1
露往霜来	lù wǎng shuāng lái	44834	an-ang,uan-uang,ai-ei,s-sh,n-l,r-l	1
露才扬己	lù cái yáng jǐ	44836	an-ang,ai-ei,c-ch,n-l,r-l,j-q-x	1
露水夫妻	lù shuǐ fū qī	44838	s-sh,n-l,h-f,r-l,j-q-x	1
露纂雪钞	lù zuǎn xuě chāo	44844	uan-uang,ao-ou,z-zh,c-ch,n-l,r-l,j-q-x	3
露红烟紫	lù hóng yān zǐ	44845	an-ang,z-zh,n-l,h-f,r-l	1
露红烟绿	lù hóng yān lǜ	44846	an-ang,n-l,h-f,r-l	1
露胆披肝	lù dǎn pī gān	44847	an-ang,n-l,r-l	1
露胆披诚	lù dǎn pī chéng	44848	en-eng,an-ang,c-ch,n-l,r-l	1
露钞雪纂	lù chāo xuě zuǎn	44853	uan-uang,ao-ou,z-zh,c-ch,n-l,r-l,j-q-x	3
露面抛头	lù miàn pāo tóu	44855	ian-iang,ao-ou,n-l,r-l	1
露餐风宿	lù cān fēng sù	44857	en-eng,an-ang,c-ch,s-sh,n-l,h-f,r-l	1
霸王别姬	bà wáng bié jī	44863	an-ang,ia-ie,j-q-x	3
霸王风月	bà wáng fēng yuè	44865	en-eng,an-ang,h-f	1
霸道横行	bà dào héng xíng	44866	en-eng,in-ing,ao-ou,h-f,j-q-x	1
霸陵醉尉	bà líng zuì wèi	44867	in-ing,ai-ei,z-zh,n-l,r-l	1
青云万里	qīng yún wàn lǐ	44870	in-ing,an-ang,n-l,r-l,j-q-x	1
青史传名	qīng shǐ chuán míng	44872	in-ing,uan-uang,c-ch,s-sh,j-q-x	1
青山一发	qīng shān yī fà	44875	in-ing,an-ang,s-sh,h-f,j-q-x	1
青山不老	qīng shān bù lǎo	44876	in-ing,an-ang,ao-ou,s-sh,n-l,r-l,j-q-x	1
青州从事	qīng zhōu cóng shì	44878	in-ing,ao-ou,z-zh,c-ch,s-sh,j-q-x	1
青林黑塞	qīng lín hēi sài	44883	in-ing,ai-ei,s-sh,n-l,h-f,r-l,j-q-x	1
青枝绿叶	qīng zhī lǜ yè	44884	in-ing,z-zh,n-l,r-l,j-q-x	1
青灯古佛	qīng dēng gǔ fó	44885	en-eng,in-ing,h-f,j-q-x	1
青灯黄卷	qīng dēng huáng juàn	44886	en-eng,in-ing,uan-uang,h-f,j-q-x	1
青眼相看	qīng yǎn xiāng kàn	44888	in-ing,an-ang,ian-iang,j-q-x	1
青紫被体	qīng zǐ pī tǐ	44891	in-ing,z-zh,j-q-x	1
青肝碧血	qīng gān bì xuè	44897	in-ing,an-ang,j-q-x	1
青藏高原	qīng zàng gāo yuán	44900	in-ing,an-ang,uan-uang,ao-ou,z-zh,j-q-x	1
青过于蓝	qīng guò yú lán	44902	in-ing,an-ang,ua-uo,n-l,r-l,j-q-x	1
青钱万选	qīng qián wàn xuǎn	44903	in-ing,an-ang,ian-iang,uan-uang,j-q-x	1
青霄直上	qīng xiāo zhí shàng	44904	in-ing,an-ang,z-zh,s-sh,j-q-x	1
青鸟殷勤	qīng niǎo yīn qín	44905	in-ing,n-l,j-q-x	1
青龙金匮	qīng lóng jīn kuì	44907	in-ing,n-l,r-l,j-q-x	3
静极思动	jìng jí sī dòng	44919	in-ing,s-sh,j-q-x	1
静电反应	jìng diàn fǎn yìng	44920	in-ing,an-ang,ian-iang,h-f,j-q-x	1
静观默察	jìng guān mò chá	44923	in-ing,uan-uang,c-ch,j-q-x	1
静言令色	jìng yán lìng sè	44924	in-ing,an-ang,s-sh,n-l,r-l,j-q-x	1
非分之念	fēi fèn zhī niàn	44927	en-eng,ian-iang,ai-ei,z-zh,n-l,h-f	1
非分之想	fēi fèn zhī xiǎng	44928	en-eng,ian-iang,ai-ei,z-zh,h-f,j-q-x	1
非分之财	fēi fèn zhī cái	44929	en-eng,ai-ei,z-zh,c-ch,h-f	1
非同儿戏	fēi tóng ér xì	44931	ai-ei,h-f,j-q-x	1
非异人任	fēi yì rén rèn	44934	en-eng,ai-ei,h-f,r-l	1
非意相干	fēi yì xiāng gān	44936	an-ang,ian-iang,ai-ei,h-f,j-q-x	1
非池中物	fēi chí zhōng wù	44940	ai-ei,z-zh,c-ch,h-f	1
非电解质	fēi diàn jiě zhì	44941	ian-iang,ai-ei,ia-ie,z-zh,h-f,j-q-x	1
靡坚不摧	mí jiān bù cuī	44951	ian-iang,c-ch,j-q-x	1
靡所底止	mí suǒ dǐ zhǐ	44952	ua-uo,z-zh,s-sh	1
靡所适从	mí suǒ shì cóng	44953	ua-uo,c-ch,s-sh	1
靡有孑遗	mǐ yǒu jié yí	44954	ao-ou,ia-ie,j-q-x	3
靡然乡风	mí rán xiāng fēng	44955	en-eng,an-ang,ian-iang,h-f,r-l,j-q-x	1
靡然从风	mǐ rán cóng fēng	44956	en-eng,an-ang,c-ch,h-f,r-l	1
靡然向风	mí rán xiàng fēng	44957	en-eng,an-ang,ian-iang,h-f,r-l,j-q-x	1
靡然成风	mí rán chéng fēng	44958	en-eng,an-ang,c-ch,h-f,r-l	1
靡然顺风	mí rán shùn fēng	44959	en-eng,an-ang,s-sh,h-f,r-l	1
靡知所措	mí zhī suǒ cuò	44960	ua-uo,z-zh,c-ch,s-sh	1
靡衣偷食	mǐ yī tōu shí	44961	ao-ou,s-sh	1
靡衣玉食	mí yī yù shí	44963	s-sh	1
靡靡之乐	mǐ mǐ zhī yuè	44965	z-zh	1
面不改容	miàn bù gǎi róng	44968	ian-iang,ai-ei,r-l	1
面不改色	miàn bù gǎi sè	44969	ian-iang,ai-ei,s-sh	1
面争庭论	miàn zhēng tíng lùn	44970	en-eng,in-ing,ian-iang,z-zh,n-l,r-l	1
面从腹诽	miàn cóng fù fěi	44971	ian-iang,ai-ei,c-ch,h-f	1
面似靴皮	miàn sì xuē pí	44972	ian-iang,s-sh,j-q-x	1
面北眉南	miàn běi méi nán	44974	an-ang,ian-iang,ai-ei,n-l	1
面命耳提	miàn mìng ěr tí	44976	in-ing,ian-iang	1
面壁磨砖	miàn bì mó zhuān	44977	ian-iang,uan-uang,z-zh	1
面如冠玉	miàn rú guān yù	44978	ian-iang,uan-uang,r-l	1
面折庭争	miàn shé tíng zhēng	44981	en-eng,in-ing,ian-iang,z-zh,s-sh	1
面折廷争	miàn zhé tíng zhēng	44982	en-eng,in-ing,ian-iang,z-zh	1
面折廷诤	miàn shé tíng zhèng	44983	en-eng,in-ing,ian-iang,z-zh,s-sh	3
面是背非	miàn shì bèi fēi	44984	ian-iang,ai-ei,s-sh,h-f	1
面有菜色	miàn yǒu cài sè	44985	ian-iang,ai-ei,ao-ou,c-ch,s-sh	1
面目可憎	miàn mù kě zēng	44991	en-eng,ian-iang,z-zh	1
面红耳热	miàn hóng ěr rè	44995	ian-iang,h-f,r-l	1
面红面绿	miàn hóng miàn lǜ	44997	ian-iang,n-l,h-f,r-l	1
面红面赤	miàn hóng miàn chì	44998	ian-iang,c-ch,h-f	1
面红颈赤	miàn hóng jǐng chì	44999	in-ing,ian-iang,c-ch,h-f,j-q-x	1
面若死灰	miàn ruò sǐ huī	45000	ian-iang,ua-uo,s-sh,h-f,r-l	1
面誉背毁	miàn yù bèi huǐ	45002	ian-iang,ai-ei,h-f	1
面誉背非	miàn yù bèi fēi	45003	ian-iang,ai-ei,h-f	1
面谀背毁	miàn yú bèi huǐ	45004	ian-iang,ai-ei,h-f	3
面面厮觑	miàn miàn sī qù	45005	ian-iang,s-sh,j-q-x	3
面面相看	miàn miàn xiāng kàn	45006	an-ang,ian-iang,j-q-x	1
面面相睹	miàn miàn xiāng dǔ	45007	ian-iang,j-q-x	1
面面相窥	miàn miàn xiāng kuī	45008	ian-iang,j-q-x	1
革命创制	gé mìng chuàng zhì	45013	in-ing,uan-uang,z-zh,c-ch	1
革命反正	gé mìng fǎn zhèng	45015	en-eng,in-ing,an-ang,z-zh,h-f	1
革奸铲暴	gé jiān chǎn bào	45020	an-ang,ian-iang,ao-ou,c-ch,j-q-x	1
革心易行	gé xīn yì xíng	45021	in-ing,j-q-x	1
革旧从新	gé jiù cóng xīn	45022	in-ing,c-ch,j-q-x	1
革邪反正	gé xié fǎn zhèng	45023	en-eng,an-ang,ia-ie,z-zh,h-f,j-q-x	1
革面敛手	gé miàn liǎn shǒu	45024	ian-iang,ao-ou,s-sh,n-l,r-l	1
革面洗心	gé miàn xǐ xīn	45025	in-ing,ian-iang,j-q-x	1
革风易俗	gé fēng yì sú	45026	en-eng,s-sh,h-f	1
鞅鞅不乐	yāng yāng bù lè	45031	an-ang,n-l,r-l	3
鞋弓袜浅	xié gōng wà qiǎn	45035	ian-iang,ia-ie,j-q-x	1
鞘里藏刀	qiào lǐ cáng dāo	45039	an-ang,ao-ou,c-ch,n-l,r-l,j-q-x	3
鞠为茂草	jū wéi mào cǎo	45040	ai-ei,ao-ou,c-ch,j-q-x	1
鞠躬尽力	jū gōng jìn lì	45041	in-ing,n-l,r-l,j-q-x	1
鞠躬屏气	jū gōng bǐng qì	45043	in-ing,j-q-x	1
鞫为茂草	jū wéi mào cǎo	45044	ai-ei,ao-ou,c-ch,j-q-x	3
鞭不及腹	biān bù jí fù	45045	ian-iang,h-f,j-q-x	1
鞭约近里	biān yuē jìn lǐ	45053	in-ing,ian-iang,n-l,r-l,j-q-x	1
鞭辟向里	biān bì xiàng lǐ	45055	ian-iang,n-l,r-l,j-q-x	1
鞭辟着里	biān bì zhuó lǐ	45056	ian-iang,ua-uo,z-zh,n-l,r-l	1
鞭辟近里	biān pì jìn lǐ	45057	in-ing,ian-iang,n-l,r-l,j-q-x	1
鞭长不及	biān cháng bù jí	45058	an-ang,ian-iang,c-ch,j-q-x	1
鞭长驾远	biān cháng jià yuǎn	45061	an-ang,ian-iang,uan-uang,ia-ie,c-ch,j-q-x	1
韦裤布被	wéi kù bù bèi	45063	ai-ei	3
韩寿分香	hán shòu fēn xiāng	45066	en-eng,an-ang,ian-iang,ao-ou,s-sh,h-f,j-q-x	1
韩海苏潮	hán hǎi sū cháo	45067	an-ang,ai-ei,ao-ou,c-ch,s-sh,h-f	1
韩潮苏海	hán cháo sū hǎi	45068	an-ang,ai-ei,ao-ou,c-ch,s-sh,h-f	1
韫椟而藏	yùn dú ér cáng	45069	an-ang,c-ch	3
韫椟藏珠	yùn dú cáng zhū	45070	an-ang,z-zh,c-ch	3
韬光俟奋	tāo guāng sì fèn	45071	en-eng,uan-uang,ao-ou,s-sh,h-f	3
韬光隐晦	tāo guāng yǐn huì	45072	in-ing,uan-uang,ao-ou,h-f	3
韬光隐迹	tāo guāng yǐn jì	45073	in-ing,uan-uang,ao-ou,j-q-x	3
韬光韫玉	tāo guāng yùn yù	45074	uan-uang,ao-ou	3
韬戈卷甲	tāo gē juǎn jiǎ	45075	uan-uang,ao-ou,ia-ie,j-q-x	3
韬晦待时	tāo huì dài shí	45076	ai-ei,ao-ou,s-sh,h-f	3
韬迹隐智	tāo jì yǐn zhì	45077	in-ing,ao-ou,z-zh,j-q-x	3
音乐老师	yīn yuè lǎo shī	45083	in-ing,ao-ou,s-sh,n-l,r-l	1
音乐频道	yīn yuè pín dào	45085	in-ing,ao-ou	1
音信杳无	yīn xìn yǎo wú	45087	in-ing,ao-ou,j-q-x	3
音容宛在	yīn róng wǎn zài	45091	in-ing,an-ang,ai-ei,z-zh,r-l	1
音节文字	yīn jié wén zì	45098	en-eng,in-ing,ia-ie,z-zh,j-q-x	1
韶华如驶	sháo huá rú shǐ	45109	ao-ou,ua-uo,s-sh,h-f,r-l	3
顶名冒姓	dǐng míng mào xìng	45112	in-ing,ao-ou,j-q-x	1
顶天踵地	dǐng tiān zhǒng dì	45115	in-ing,ian-iang,z-zh	3
顶踵尽捐	dǐng zhǒng jìn juān	45121	in-ing,uan-uang,z-zh,j-q-x	3
顶踵捐糜	dǐng zhǒng juān mí	45122	in-ing,uan-uang,z-zh,j-q-x	3
顶风冒雪	dǐng fēng mào xuě	45125	en-eng,in-ing,ao-ou,h-f,j-q-x	1
项背相望	xiàng bèi xiāng wàng	45129	an-ang,ian-iang,ai-ei,j-q-x	1
顺人应天	shùn rén yìng tiān	45131	en-eng,in-ing,ian-iang,s-sh,r-l	1
顺便一提	shùn biàn yì tí	45134	ian-iang,s-sh	1
顺天从人	shùn tiān cóng rén	45138	en-eng,ian-iang,c-ch,s-sh,r-l	1
顺天应人	shùn tiān yìng rén	45139	en-eng,in-ing,ian-iang,s-sh,r-l	1
顺天应时	shùn tiān yīng shí	45140	in-ing,ian-iang,s-sh	1
顺水行舟	shùn shuǐ xíng zhōu	45146	in-ing,ao-ou,z-zh,s-sh,j-q-x	1
顺水顺风	shùn shuǐ shùn fēng	45147	en-eng,s-sh,h-f	1
顺美匡恶	shùn měi kuāng è	45149	uan-uang,ai-ei,s-sh	3
顺蔓摸瓜	shùn màn mō guā	45150	an-ang,ua-uo,s-sh	1
顺过饰非	shùn guò shì fēi	45151	ai-ei,ua-uo,s-sh,h-f	1
顺非而泽	shùn fēi ér zé	45152	ai-ei,z-zh,s-sh,h-f	1
顺风使帆	shùn fēng shǐ fān	45154	en-eng,an-ang,s-sh,h-f	1
顺风使舵	shùn fēng shǐ duò	45155	en-eng,ua-uo,s-sh,h-f	1
顺风使船	shùn fēng shǐ chuán	45156	en-eng,uan-uang,c-ch,s-sh,h-f	1
顺风吹火	shùn fēng chuī huǒ	45157	en-eng,ua-uo,c-ch,s-sh,h-f	1
顺风张帆	shùn fēng zhāng fān	45158	en-eng,an-ang,z-zh,s-sh,h-f	1
顺风扯帆	shùn fēng chě fān	45159	en-eng,an-ang,c-ch,s-sh,h-f	1
顺风而呼	shùn fēng ér hū	45160	en-eng,s-sh,h-f	1
顺风行船	shùn fēng xíng chuán	45162	en-eng,in-ing,uan-uang,c-ch,s-sh,h-f,j-q-x	1
顺风转舵	shùn fēng zhuǎn duò	45163	en-eng,uan-uang,ua-uo,z-zh,s-sh,h-f	1
顺风驶船	shùn fēng shǐ chuán	45164	en-eng,uan-uang,c-ch,s-sh,h-f	1
须发皆白	xū fà jiē bái	45166	ai-ei,ia-ie,h-f,j-q-x	1
须弥芥子	xū mí jiè zǐ	45168	ia-ie,z-zh,j-q-x	1
顽固不化	wán gù bù huà	45171	an-ang,ua-uo,h-f	1
顽梗不化	wán gěng bù huà	45174	en-eng,an-ang,ua-uo,h-f	1
顽父嚚母	wán fù yín mǔ	45175	in-ing,an-ang,h-f	5
顽皮贼骨	wán pí zéi gǔ	45177	an-ang,ai-ei,z-zh	1
顽皮赖骨	wán pí lài gǔ	45178	an-ang,ai-ei,n-l,r-l	1
顽石点头	wán shí diǎn tóu	45180	an-ang,ian-iang,ao-ou,s-sh	1
顾全大局	gù quán dà jú	45182	uan-uang,j-q-x	1
顾小失大	gù xiǎo shī dà	45187	s-sh,j-q-x	1
顾影弄姿	gù yǐng nòng zī	45188	in-ing,z-zh,n-l	1
顾景惭形	gù yǐng cán xíng	45189	in-ing,an-ang,c-ch,j-q-x	1
顾曲周郎	gù qǔ zhōu láng	45190	an-ang,ao-ou,z-zh,n-l,r-l,j-q-x	1
顿学累功	dùn xué lěi gōng	45193	ai-ei,n-l,r-l,j-q-x	1
顿纲振纪	dùn gāng zhèn jì	45195	en-eng,an-ang,z-zh,j-q-x	1
顿足不前	dùn zú bù qián	45197	ian-iang,z-zh,j-q-x	1
顿足椎胸	dùn zú zhuī xiōng	45198	z-zh,j-q-x	1
颂声载道	sòng shēng zǎi dào	45200	en-eng,ai-ei,ao-ou,z-zh,s-sh	1
预防接种	yù fáng jiē zhòng	45217	an-ang,ia-ie,z-zh,h-f,j-q-x	1
领导得力	lǐng dǎo dé lì	45220	in-ing,ao-ou,n-l,r-l	1
颊上三毛	jiá shàng sān máo	45227	an-ang,ao-ou,ia-ie,s-sh,j-q-x	1
颊上三毫	jiá shàng sān háo	45228	an-ang,ao-ou,ia-ie,s-sh,h-f,j-q-x	1
颊上添毫	jiá shàng tiān háo	45229	an-ang,ian-iang,ao-ou,ia-ie,s-sh,h-f,j-q-x	1
颐指风使	yí zhǐ fēng shǐ	45234	en-eng,z-zh,s-sh,h-f	3
颓垣断堑	tuí yuán duàn qiàn	45249	ian-iang,uan-uang,j-q-x	3
颜丹鬓绿	yán dān bìn lǜ	45254	in-ing,an-ang,n-l,r-l	1
颜筋柳骨	yán jīn liǔ gǔ	45256	in-ing,an-ang,n-l,r-l,j-q-x	1
颜精柳骨	yán jīng liǔ gǔ	45257	in-ing,an-ang,n-l,r-l,j-q-x	1
颜面扫地	yán miàn sǎo dì	45258	an-ang,ian-iang,ao-ou,s-sh	1
颜骨柳筋	yán gǔ liǔ jīn	45259	in-ing,an-ang,n-l,r-l,j-q-x	1
额手相庆	é shǒu xiāng qìng	45262	in-ing,ian-iang,ao-ou,s-sh,j-q-x	1
额手称颂	é shǒu chēng sòng	45264	en-eng,ao-ou,c-ch,s-sh	1
额首称庆	é shǒu chēng qìng	45268	en-eng,in-ing,ao-ou,c-ch,s-sh,j-q-x	1
颠乾倒坤	diān qián dǎo kūn	45272	ian-iang,ao-ou,j-q-x	1
颠仆流离	diān pū liú lí	45273	ian-iang,n-l,r-l	1
颠倒乾坤	diān dǎo qián kūn	45275	ian-iang,ao-ou,j-q-x	1
颠倒干坤	diān dǎo gàn kūn	45276	an-ang,ian-iang,ao-ou	1
颠倒衣裳	diān dǎo yī cháng	45278	an-ang,ian-iang,ao-ou,c-ch	1
颠倒阴阳	diān dǎo yīn yáng	45279	in-ing,an-ang,ian-iang,ao-ou	1
颠唇簸嘴	diān chún bò zuǐ	45281	ian-iang,z-zh,c-ch	1
颠扑不磨	diān pū bù mó	45283	ian-iang	1
颠来簸去	diān lái bǒ qù	45285	ian-iang,ai-ei,n-l,r-l,j-q-x	1
颠毛种种	diān máo zhǒng zhǒng	45286	ian-iang,ao-ou,z-zh	1
颠簸不破	diān bǒ bù pò	45288	ian-iang	1
颠衣到裳	diān yī dào cháng	45289	an-ang,ian-iang,ao-ou,c-ch	1
颠颠倒倒	diān diān dǎo dǎo	45290	ian-iang,ao-ou	1
颠鸾倒凤	diān luán dǎo fèng	45291	en-eng,ian-iang,uan-uang,ao-ou,n-l,h-f,r-l	3
风不鸣条	fēng bù míng tiáo	45302	en-eng,in-ing,h-f	1
风中之烛	fēng zhōng zhī zhú	45303	en-eng,z-zh,h-f	1
风中秉烛	fēng zhōng bǐng zhú	45304	en-eng,in-ing,z-zh,h-f	1
风举云摇	fēng jǔ yún yáo	45305	en-eng,ao-ou,h-f,j-q-x	1
风举云飞	fēng jǔ yún fēi	45306	en-eng,ai-ei,h-f,j-q-x	1
风云不测	fēng yún bù cè	45308	en-eng,c-ch,h-f	1
风云之志	fēng yún zhī zhì	45309	en-eng,z-zh,h-f	1
风云变态	fēng yún biàn tài	45312	en-eng,ian-iang,ai-ei,h-f	1
风云月露	fēng yún yuè lù	45313	en-eng,n-l,h-f,r-l	1
风云际会	fēng yún jì huì	45315	en-eng,h-f,j-q-x	1
风俗习惯	fēng sú xí guàn	45320	en-eng,uan-uang,s-sh,h-f,j-q-x	1
风俗人情	fēng sú rén qíng	45321	en-eng,in-ing,s-sh,h-f,r-l,j-q-x	1
风信年华	fēng xìn nián huá	45324	en-eng,in-ing,ian-iang,ua-uo,n-l,h-f,j-q-x	1
风光月霁	fēng guāng yuè jì	45327	en-eng,uan-uang,h-f,j-q-x	3
风兵草甲	fēng bīng cǎo jiǎ	45329	en-eng,in-ing,ao-ou,ia-ie,c-ch,h-f,j-q-x	1
风前月下	fēng qián yuè xià	45333	en-eng,ian-iang,ia-ie,h-f,j-q-x	1
风前残烛	fēng qián cán zhú	45334	en-eng,an-ang,ian-iang,z-zh,c-ch,h-f,j-q-x	1
风动工具	fēng dòng gōng jù	45337	en-eng,h-f,j-q-x	1
风华绝代	fēng huá jué dài	45342	en-eng,ai-ei,ua-uo,h-f,j-q-x	1
风吹云散	fēng chuī yún sàn	45351	en-eng,an-ang,c-ch,s-sh,h-f	1
风吹浪打	fēng chuī làng dǎ	45353	en-eng,an-ang,c-ch,n-l,h-f,r-l	1
风吹马耳	fēng chuī mǎ ěr	45357	en-eng,c-ch,h-f	1
风和日暄	fēng hé rì xuān	45360	en-eng,uan-uang,h-f,r-l,j-q-x	3
风和日暖	fēng hé rì nuǎn	45361	en-eng,uan-uang,n-l,h-f,r-l	1
风和日美	fēng hé rì měi	45362	en-eng,ai-ei,h-f,r-l	1
风回电激	fēng huí diàn jī	45363	en-eng,ian-iang,h-f,j-q-x	1
风土人情	fēng tǔ rén qíng	45365	en-eng,in-ing,h-f,r-l,j-q-x	1
风尘之会	fēng chén zhī huì	45376	en-eng,z-zh,c-ch,h-f	1
风尘之变	fēng chén zhī biàn	45377	en-eng,ian-iang,z-zh,c-ch,h-f	1
风尘碌碌	fēng chén lù lù	45379	en-eng,c-ch,n-l,h-f,r-l	1
风尘肮脏	fēng chén āng zāng	45380	en-eng,an-ang,z-zh,c-ch,h-f	1
风平波息	fēng píng bō xī	45386	en-eng,in-ing,h-f,j-q-x	1
风影敷衍	fēng yǐng fū yǎn	45391	en-eng,in-ing,an-ang,h-f	1
风急浪高	fēng jí làng gāo	45392	en-eng,an-ang,ao-ou,n-l,h-f,r-l,j-q-x	1
风情月债	fēng qíng yuè zhài	45394	en-eng,in-ing,ai-ei,z-zh,h-f,j-q-x	1
风情月思	fēng qíng yuè sī	45395	en-eng,in-ing,s-sh,h-f,j-q-x	1
风情月意	fēng qíng yuè yì	45396	en-eng,in-ing,h-f,j-q-x	1
风掣雷行	fēng chè léi xíng	45399	en-eng,in-ing,ai-ei,c-ch,n-l,h-f,r-l,j-q-x	3
风旋电掣	fēng xuán diàn chè	45401	en-eng,ian-iang,uan-uang,c-ch,h-f,j-q-x	3
风景不殊	fēng jǐng bù shū	45403	en-eng,in-ing,s-sh,h-f,j-q-x	1
风月无涯	fēng yuè wú yá	45410	en-eng,h-f	1
风月无边	fēng yuè wú biān	45411	en-eng,ian-iang,h-f	1
风木之思	fēng mù zhī sī	45412	en-eng,z-zh,s-sh,h-f	1
风木之悲	fēng mù zhī bēi	45413	en-eng,ai-ei,z-zh,h-f	1
风木含悲	fēng mù hán bēi	45414	en-eng,an-ang,ai-ei,h-f	1
风栉雨沐	fēng zhì yǔ mù	45417	en-eng,z-zh,h-f	3
风樯阵马	fēng qiáng zhèn mǎ	45419	en-eng,ian-iang,z-zh,h-f,j-q-x	3
风水先生	fēng shuǐ xiān shēng	45422	en-eng,ian-iang,s-sh,h-f,j-q-x	1
风流儒雅	fēng liú rú yǎ	45433	en-eng,n-l,h-f,r-l	1
风流冤孽	fēng liú yuān niè	45434	en-eng,uan-uang,ia-ie,n-l,h-f,r-l	1
风流千古	fēng liú qiān gǔ	45435	en-eng,ian-iang,n-l,h-f,r-l,j-q-x	1
风流才子	fēng liú cái zǐ	45436	en-eng,ai-ei,z-zh,c-ch,n-l,h-f,r-l	1
风流潇洒	fēng liú xiāo sǎ	45437	en-eng,s-sh,n-l,h-f,r-l,j-q-x	1
风流罪过	fēng liú zuì guò	45438	en-eng,ua-uo,z-zh,n-l,h-f,r-l	1
风流蕴藉	fēng liú yùn jiè	45439	en-eng,ia-ie,n-l,h-f,r-l,j-q-x	1
风流跌宕	fēng liú diē dàng	45440	en-eng,an-ang,ia-ie,n-l,h-f,r-l	3
风清弊绝	fēng qīng bì jué	45444	en-eng,in-ing,h-f,j-q-x	1
风清月明	fēng qīng yuè míng	45445	en-eng,in-ing,h-f,j-q-x	1
风清月朗	fēng qīng yuè lǎng	45446	en-eng,in-ing,an-ang,n-l,h-f,r-l,j-q-x	1
风清月皎	fēng qīng yuè jiǎo	45447	en-eng,in-ing,h-f,j-q-x	3
风潇雨晦	fēng xiāo yǔ huì	45452	en-eng,h-f,j-q-x	1
风激电飞	fēng jī diàn fēi	45454	en-eng,ian-iang,ai-ei,h-f,j-q-x	1
风激电骇	fēng jī diàn hài	45455	en-eng,ian-iang,ai-ei,h-f,j-q-x	1
风烛之年	fēng zhú zhī nián	45459	en-eng,ian-iang,z-zh,n-l,h-f	1
风烛草露	fēng zhú cǎo lù	45461	en-eng,ao-ou,z-zh,c-ch,n-l,h-f,r-l	1
风禾尽起	fēng hé jìn qǐ	45471	en-eng,in-ing,h-f,j-q-x	1
风花雪夜	fēng huā xuě yè	45481	en-eng,ua-uo,h-f,j-q-x	1
风虎云龙	fēng hǔ yún lóng	45484	en-eng,n-l,h-f,r-l	1
风行一世	fēng xíng yī shì	45487	en-eng,in-ing,s-sh,h-f,j-q-x	1
风行水上	fēng xíng shuǐ shàng	45489	en-eng,in-ing,an-ang,s-sh,h-f,j-q-x	1
风行电击	fēng xíng diàn jī	45490	en-eng,in-ing,ian-iang,h-f,j-q-x	1
风行电扫	fēng xíng diàn sǎo	45491	en-eng,in-ing,ian-iang,ao-ou,s-sh,h-f,j-q-x	1
风行电掣	fēng xíng diàn chè	45492	en-eng,in-ing,ian-iang,c-ch,h-f,j-q-x	3
风行电照	fēng xíng diàn zhào	45493	en-eng,in-ing,ian-iang,ao-ou,z-zh,h-f,j-q-x	1
风行草从	fēng xíng cǎo cóng	45494	en-eng,in-ing,ao-ou,c-ch,h-f,j-q-x	1
风行草偃	fēng xíng cǎo yǎn	45495	en-eng,in-ing,an-ang,ao-ou,c-ch,h-f,j-q-x	3
风行草靡	fēng xíng cǎo mí	45496	en-eng,in-ing,ao-ou,c-ch,h-f,j-q-x	1
风行雨散	fēng xíng yǔ sàn	45497	en-eng,in-ing,an-ang,s-sh,h-f,j-q-x	1
风行雷厉	fēng xíng léi lì	45498	en-eng,in-ing,ai-ei,n-l,h-f,r-l,j-q-x	1
风行革偃	fēng xíng gé yǎn	45499	en-eng,in-ing,an-ang,h-f,j-q-x	3
风言影语	fēng yán yǐng yǔ	45501	en-eng,in-ing,an-ang,h-f	1
风言醋语	fēng yán cù yǔ	45502	en-eng,an-ang,c-ch,h-f	1
风言雾语	fēng yán wù yǔ	45503	en-eng,an-ang,h-f	1
风语不透	fēng yǔ bù tòu	45505	en-eng,ao-ou,h-f	1
风谲云诡	fēng jué yún guǐ	45507	en-eng,h-f,j-q-x	3
风起云蒸	fēng qǐ yún zhēng	45510	en-eng,z-zh,h-f,j-q-x	1
风起水涌	fēng qǐ shuǐ yǒng	45511	en-eng,s-sh,h-f,j-q-x	1
风趣横生	fēng qù héng shēng	45513	en-eng,s-sh,h-f,j-q-x	1
风车云马	fēng chē yún mǎ	45515	en-eng,c-ch,h-f	1
风车雨马	fēng chē yǔ mǎ	45516	en-eng,c-ch,h-f	1
风轻云净	fēng qīng yún jìng	45518	en-eng,in-ing,h-f,j-q-x	1
风门水口	fēng mén shuǐ kǒu	45532	en-eng,ao-ou,s-sh,h-f	1
风雨不改	fēng yǔ bù gǎi	45539	en-eng,ai-ei,h-f	1
风雨不测	fēng yǔ bù cè	45540	en-eng,c-ch,h-f	1
风雨不透	fēng yǔ bù tòu	45541	en-eng,ao-ou,h-f	1
风雨共舟	fēng yǔ gòng zhōu	45543	en-eng,ao-ou,z-zh,h-f	1
风雨凄凄	fēng yǔ qī qī	45544	en-eng,h-f,j-q-x	1
风雨对床	fēng yǔ duì chuáng	45548	en-eng,uan-uang,c-ch,h-f	1
风雨摇摆	fēng yǔ yáo bǎi	45549	en-eng,ai-ei,ao-ou,h-f	1
风雨时若	fēng yǔ shí ruò	45551	en-eng,ua-uo,s-sh,h-f,r-l	1
风雨晦冥	fēng yǔ huì míng	45552	en-eng,in-ing,h-f	1
风雨晦暝	fēng yǔ huì míng	45553	en-eng,in-ing,h-f	3
风雨漂摇	fēng yǔ piāo yáo	45554	en-eng,ao-ou,h-f	1
风雨萧条	fēng yǔ xiāo tiáo	45556	en-eng,h-f,j-q-x	1
风雨连床	fēng yǔ lián chuáng	45558	en-eng,ian-iang,uan-uang,c-ch,n-l,h-f,r-l	1
风雨飘零	fēng yǔ piāo líng	45560	en-eng,in-ing,n-l,h-f,r-l	1
风雷之变	fēng léi zhī biàn	45565	en-eng,ian-iang,ai-ei,z-zh,n-l,h-f,r-l	1
风雷火炮	fēng léi huǒ pào	45566	en-eng,ai-ei,ao-ou,ua-uo,n-l,h-f,r-l	1
风霜雨雪	fēng shuāng yǔ xuě	45568	en-eng,uan-uang,s-sh,h-f,j-q-x	1
风靡一世	fēng mǐ yī shì	45570	en-eng,s-sh,h-f	1
风韵犹存	fēng yùn yóu cún	45573	en-eng,ao-ou,c-ch,h-f	1
风风韵韵	fēng fēng yùn yùn	45576	en-eng,h-f	1
风马不接	fēng mǎ bù jiē	45578	en-eng,ia-ie,h-f,j-q-x	1
风马云车	fēng mǎ yún chē	45579	en-eng,c-ch,h-f	1
风驰云卷	fēng chí yún juǎn	45581	en-eng,uan-uang,c-ch,h-f,j-q-x	1
风驰云走	fēng chí yún zǒu	45582	en-eng,ao-ou,z-zh,c-ch,h-f	1
风驰电击	fēng chí diàn jī	45583	en-eng,ian-iang,c-ch,h-f,j-q-x	1
风驰电卷	fēng chí diàn juǎn	45584	en-eng,ian-iang,uan-uang,c-ch,h-f,j-q-x	1
风驰电赴	fēng chí diàn fù	45586	en-eng,ian-iang,c-ch,h-f	1
风驰电逝	fēng chí diàn shì	45587	en-eng,ian-iang,c-ch,s-sh,h-f	1
风驰电骋	fēng chí diàn chěng	45588	en-eng,ian-iang,c-ch,h-f	3
风驰草靡	fēng chí cǎo mǐ	45589	en-eng,ao-ou,c-ch,h-f	1
风驰雨骤	fēng chí yǔ zhòu	45590	en-eng,ao-ou,z-zh,c-ch,h-f	1
风驰霆击	fēng chí tíng jī	45591	en-eng,in-ing,c-ch,h-f,j-q-x	3
风驱电击	fēng qū diàn jī	45592	en-eng,ian-iang,h-f,j-q-x	1
风驱电扫	fēng qū diàn sǎo	45593	en-eng,ian-iang,ao-ou,s-sh,h-f,j-q-x	1
风骨峭峻	fēng gǔ qiào jùn	45596	en-eng,h-f,j-q-x	1
风鬟雨鬓	fēng huán yǔ bìn	45597	en-eng,in-ing,uan-uang,h-f	3
风鬟雾鬓	fēng huán wù bìn	45598	en-eng,in-ing,uan-uang,h-f	3
飘樊落溷	piāo fán luò hùn	45604	an-ang,ua-uo,n-l,h-f,r-l	3
飘泊无定	piāo bó wú dìng	45606	in-ing	1
飘洋过海	piāo yáng guò hǎi	45607	an-ang,ai-ei,ua-uo,h-f	1
飘瓦虚舟	piāo wǎ xū zhōu	45609	ao-ou,z-zh,j-q-x	1
飘茵堕溷	piāo yīn duò hùn	45611	in-ing,ua-uo,h-f	3
飘茵落溷	piāo yīn luò hùn	45612	in-ing,ua-uo,n-l,h-f,r-l	3
飘风急雨	piāo fēng jí yǔ	45615	en-eng,h-f,j-q-x	1
飘风暴雨	piāo fēng bào yǔ	45616	en-eng,ao-ou,h-f	1
飘风苦雨	piāo fēng kǔ yǔ	45617	en-eng,h-f	1
飘风过耳	piāo fēng guò ěr	45618	en-eng,ua-uo,h-f	1
飘风骤雨	piāo fēng zhòu yǔ	45619	en-eng,ao-ou,z-zh,h-f	1
飙发电举	biāo fā diàn jǔ	45620	ian-iang,h-f,j-q-x	3
飞刍转饷	fēi chú zhuǎn xiǎng	45623	ian-iang,uan-uang,ai-ei,z-zh,c-ch,h-f,j-q-x	3
飞将数奇	fēi jiàng shù jī	45628	ian-iang,ai-ei,s-sh,h-f,j-q-x	1
飞沙扬砾	fēi shā yáng lì	45634	an-ang,ai-ei,s-sh,n-l,h-f,r-l	1
飞沙走砾	fēi shā zǒu lì	45636	ai-ei,ao-ou,z-zh,s-sh,n-l,h-f,r-l	1
飞流短长	fēi liú duǎn cháng	45639	an-ang,uan-uang,ai-ei,c-ch,n-l,h-f,r-l	1
飞灾横祸	fēi zāi hèng huò	45643	en-eng,ai-ei,ua-uo,z-zh,h-f	1
飞珠溅玉	fēi zhū jiàn yù	45645	ian-iang,ai-ei,z-zh,h-f,j-q-x	1
飞眼传情	fēi yǎn chuán qíng	45646	in-ing,an-ang,uan-uang,ai-ei,c-ch,h-f,j-q-x	1
飞砂走石	fēi shā zǒu shí	45649	ai-ei,ao-ou,z-zh,s-sh,h-f	1
飞砂转石	fēi shā zhuǎn shí	45650	uan-uang,ai-ei,z-zh,s-sh,h-f	1
飞米转刍	fēi mǐ zhuǎn chú	45651	uan-uang,ai-ei,z-zh,c-ch,h-f	3
飞蓬随风	fēi péng suí fēng	45654	en-eng,ai-ei,s-sh,h-f	1
飞蛾扑火	fēi é pū huǒ	45656	ai-ei,ua-uo,h-f	1
飞蛾投火	fēi é tóu huǒ	45657	ai-ei,ao-ou,ua-uo,h-f	1
飞蛾赴火	fēi é fù huǒ	45658	ai-ei,ua-uo,h-f	1
飞蛾赴烛	fēi é fù zhú	45659	ai-ei,z-zh,h-f	1
飞蛾赴焰	fēi é fù yàn	45660	an-ang,ai-ei,h-f	1
飞车走壁	fēi chē zǒu bì	45668	ai-ei,ao-ou,z-zh,c-ch,h-f	1
飞霜六月	fēi shuāng liù yuè	45671	uan-uang,ai-ei,s-sh,n-l,h-f,r-l	1
飞鸟惊蛇	fēi niǎo jīng shé	45673	in-ing,ai-ei,s-sh,n-l,h-f,j-q-x	1
飞鸿雪爪	fēi hóng xuě zhǎo	45674	ai-ei,ao-ou,z-zh,h-f,j-q-x	1
飞鹰奔犬	fēi yīng bēn quǎn	45675	en-eng,in-ing,uan-uang,ai-ei,h-f,j-q-x	1
飞龙乘云	fēi lóng chéng yún	45676	en-eng,ai-ei,c-ch,n-l,h-f,r-l	1
食不下咽	shí bù xià yàn	45677	an-ang,ia-ie,s-sh,j-q-x	1
食不二味	shí bù èr wèi	45678	ai-ei,s-sh	1
食不充口	shí bù chōng kǒu	45679	ao-ou,c-ch,s-sh	1
食不充肠	shí bù chōng cháng	45680	an-ang,c-ch,s-sh	1
食不充饥	shí bù chōng jī	45681	c-ch,s-sh,j-q-x	1
食不兼味	shí bù jiān wèi	45682	ian-iang,ai-ei,s-sh,j-q-x	1
食不兼肉	shí bù jiān ròu	45683	ian-iang,ao-ou,s-sh,r-l,j-q-x	1
食不暇饱	shí bù xiá bǎo	45684	ao-ou,ia-ie,s-sh,j-q-x	1
食不求甘	shí bù qiú gān	45686	an-ang,s-sh,j-q-x	1
食不知味	shí bù zhī wèi	45688	ai-ei,z-zh,s-sh	1
食不累味	shí bù lèi wèi	45689	ai-ei,s-sh,n-l,r-l	1
食不终味	shí bù zhōng wèi	45690	ai-ei,z-zh,s-sh	1
食不遑味	shí bù huáng wèi	45691	uan-uang,ai-ei,s-sh,h-f	3
食不重味	shí bù chóng wèi	45692	ai-ei,c-ch,s-sh	1
食不重肉	shí bù chóng ròu	45693	ao-ou,c-ch,s-sh,r-l	1
食为民天	shí wéi mín tiān	45695	in-ing,ian-iang,ai-ei,s-sh	1
食亲财黑	shí qīn cái hēi	45696	in-ing,ai-ei,c-ch,s-sh,h-f,j-q-x	1
食前方丈	shí qián fāng zhàng	45699	an-ang,ian-iang,z-zh,s-sh,h-f,j-q-x	1
食古如鲠	shí gǔ rú gěng	45702	en-eng,s-sh,r-l	3
食味方丈	shí wèi fāng zhàng	45703	an-ang,ai-ei,z-zh,s-sh,h-f	1
食子徇君	shí zǐ xùn jūn	45707	z-zh,s-sh,j-q-x	3
食宿相兼	shí sù xiāng jiān	45710	ian-iang,s-sh,j-q-x	1
食少事烦	shí shǎo shì fán	45711	an-ang,ao-ou,s-sh,h-f	1
食少事繁	shí shǎo shì fán	45712	an-ang,ao-ou,s-sh,h-f	1
食必方丈	shí bì fāng zhàng	45714	an-ang,z-zh,s-sh,h-f	1
食指大动	shí zhǐ dà dòng	45717	z-zh,s-sh	1
食方于前	shí fāng yú qián	45719	an-ang,ian-iang,s-sh,h-f,j-q-x	1
食无求饱	shí wú qiú bǎo	45720	ao-ou,s-sh,j-q-x	1
食日万钱	shí rì wàn qián	45721	an-ang,ian-iang,s-sh,r-l,j-q-x	1
食案方丈	shí àn fāng zhàng	45722	an-ang,z-zh,s-sh,h-f	1
食毛践土	shí máo jiàn tǔ	45726	ian-iang,ao-ou,s-sh,j-q-x	1
食玉炊桂	shí yù chuī guì	45731	c-ch,s-sh	1
食甘寝宁	shí gān qǐn níng	45732	in-ing,an-ang,s-sh,n-l,j-q-x	1
食甘寝安	shí gān qǐn ān	45733	in-ing,an-ang,s-sh,j-q-x	1
食生不化	shí shēng bù huà	45734	en-eng,ua-uo,s-sh,h-f	1
食租衣税	shí zū yī shuì	45741	z-zh,s-sh	1
食箪浆壶	shí dān jiāng hú	45744	an-ang,ian-iang,s-sh,h-f,j-q-x	3
食而不化	shí ér bù huà	45747	ua-uo,s-sh,h-f	1
食肉寝皮	shí ròu qǐn pí	45749	in-ing,ao-ou,s-sh,r-l,j-q-x	1
食荼卧棘	shí tú wò jí	45750	s-sh,j-q-x	3
食藿悬鹑	shí huò xuán chún	45751	uan-uang,ua-uo,c-ch,s-sh,h-f,j-q-x	3
食言而肥	shí yán ér féi	45754	an-ang,ai-ei,s-sh,h-f	1
食辨劳薪	shí biàn láo xīn	45756	in-ing,ian-iang,ao-ou,s-sh,n-l,r-l,j-q-x	1
食饥息劳	shí jī xī láo	45760	ao-ou,s-sh,n-l,r-l,j-q-x	1
食马留肝	shí mǎ liú gān	45762	an-ang,s-sh,n-l,r-l	1
食鱼遇鲭	shí yú yù qīng	45763	in-ing,s-sh,j-q-x	5
餐云卧石	cān yún wò shí	45764	an-ang,c-ch,s-sh	1
餐松啖柏	cān sōng dàn bó	45767	an-ang,c-ch,s-sh	3
餐葩饮露	cān pā yǐn lù	45768	in-ing,an-ang,c-ch,n-l,r-l	3
餐霞吸露	cān xiá xī lù	45770	an-ang,ia-ie,c-ch,n-l,r-l,j-q-x	1
餐霞饮景	cān xiá yǐn jǐng	45771	in-ing,an-ang,ia-ie,c-ch,j-q-x	1
餐风咽露	cān fēng yàn lù	45772	en-eng,an-ang,c-ch,n-l,h-f,r-l	1
餐风啮雪	cān fēng niè xuě	45773	en-eng,an-ang,ia-ie,c-ch,n-l,h-f,j-q-x	3
餐风宿水	cān fēng sù shuǐ	45774	en-eng,an-ang,c-ch,s-sh,h-f	1
餐风宿草	cān fēng sù cǎo	45775	en-eng,an-ang,ao-ou,c-ch,s-sh,h-f	1
餐风宿雨	cān fēng sù yǔ	45776	en-eng,an-ang,c-ch,s-sh,h-f	1
餐风宿露	cān fēng sù lù	45777	en-eng,an-ang,c-ch,s-sh,n-l,h-f,r-l	1
餐风沐雨	cān fēng mù yǔ	45778	en-eng,an-ang,c-ch,h-f	1
餐风茹雪	cān fēng rú xuě	45779	en-eng,an-ang,c-ch,h-f,r-l,j-q-x	3
餐风露宿	cān fēng lù sù	45780	en-eng,an-ang,c-ch,s-sh,n-l,h-f,r-l	1
餐风饮露	cān fēng yǐn lù	45781	en-eng,in-ing,an-ang,c-ch,n-l,h-f,r-l	1
饔飧不济	yōng sūn bù jì	45785	s-sh,j-q-x	3
饔飧不给	yōng sūn bù jǐ	45786	s-sh,j-q-x	3
饔飧不继	yōng sūn bù jì	45787	s-sh,j-q-x	3
饔飧不饱	yōng sūn bù bǎo	45788	ao-ou,s-sh	3
饕风虐雪	tāo fēng nüè xuě	45789	en-eng,ao-ou,n-l,h-f,j-q-x	3
饥不暇食	jī bù xiá shí	45791	ia-ie,s-sh,j-q-x	1
饥不遑食	jī bù huáng shí	45792	uan-uang,s-sh,h-f,j-q-x	3
饥冻交切	jī dòng jiāo qiē	45793	ia-ie,j-q-x	1
饥寒交切	jī hán jiāo qiē	45794	an-ang,ia-ie,h-f,j-q-x	1
饥焰中烧	jī yàn zhōng shāo	45796	an-ang,ao-ou,z-zh,s-sh,j-q-x	1
饫闻厌见	yù wén yàn jiàn	45799	en-eng,an-ang,ian-iang,j-q-x	3
饭囊衣架	fàn náng yī jià	45803	an-ang,ia-ie,n-l,h-f,j-q-x	1
饭囊酒瓮	fàn náng jiǔ wèng	45804	en-eng,an-ang,n-l,h-f,j-q-x	3
饭坑酒囊	fàn kēng jiǔ náng	45806	en-eng,an-ang,n-l,h-f,j-q-x	1
饮冰内热	yǐn bīng nèi rè	45811	in-ing,ai-ei,n-l,r-l	1
饮冰食檗	yǐn bīng shí bò	45812	in-ing,s-sh	3
饮冰食蘖	yǐn bīng shí niè	45813	in-ing,ia-ie,s-sh,n-l	3
饮弹自尽	yǐn dàn zì jìn	45815	in-ing,an-ang,z-zh,j-q-x	1
饮弹身亡	yǐn dàn shēn wáng	45816	en-eng,in-ing,an-ang,s-sh	1
饮水啜菽	yǐn shuǐ chuò shū	45817	in-ing,ua-uo,c-ch,s-sh	3
饮水曲肱	yǐn shuǐ qū gōng	45819	in-ing,s-sh,j-q-x	3
饮水栖衡	yǐn shuǐ qī héng	45820	en-eng,in-ing,s-sh,h-f,j-q-x	1
饮水知源	yǐn shuǐ zhī yuán	45821	in-ing,uan-uang,z-zh,s-sh	1
饮水食菽	yǐn shuǐ shí shū	45822	in-ing,s-sh	3
饮泉清节	yǐn quán qīng jié	45823	in-ing,uan-uang,ia-ie,j-q-x	1
饮灰洗胃	yǐn huī xǐ wèi	45824	in-ing,ai-ei,h-f,j-q-x	1
饮犊上流	yìn dú shàng liú	45827	in-ing,an-ang,s-sh,n-l,r-l	3
饮胆尝血	yǐn dǎn cháng xuè	45828	in-ing,an-ang,c-ch,j-q-x	1
饮血崩心	yǐn xuè bēng xīn	45829	en-eng,in-ing,j-q-x	1
饮血茹毛	yǐn xuè rú máo	45830	in-ing,ao-ou,r-l,j-q-x	3
饮谷栖丘	yǐn gǔ qī qiū	45831	in-ing,j-q-x	1
饮露餐风	yǐn lù cān fēng	45832	en-eng,in-ing,an-ang,c-ch,n-l,h-f,r-l	1
饮风餐露	yǐn fēng cān lù	45833	en-eng,in-ing,an-ang,c-ch,n-l,h-f,r-l	1
饮食男女	yǐn shí nán nǚ	45836	in-ing,an-ang,s-sh,n-l	1
饮食疗法	yǐn shí liáo fǎ	45837	in-ing,s-sh,n-l,h-f,r-l	1
饮食起居	yǐn shí qǐ jū	45838	in-ing,s-sh,j-q-x	1
饮马长江	yìn mǎ cháng jiāng	45839	in-ing,an-ang,ian-iang,c-ch,j-q-x	1
饮鸩解渴	yǐn zhèn jiě kě	45840	en-eng,in-ing,ia-ie,z-zh,j-q-x	3
饰怪装奇	shì guài zhuāng qí	45843	uan-uang,z-zh,s-sh,j-q-x	1
饰情矫行	shì qíng jiǎo xíng	45844	in-ing,s-sh,j-q-x	1
饰智矜愚	shì zhì jīn yú	45845	in-ing,z-zh,s-sh,j-q-x	3
饰非养过	shì fēi yǎng guò	45846	an-ang,ai-ei,ua-uo,s-sh,h-f	1
饰非掩过	shì fēi yǎn guò	45847	an-ang,ai-ei,ua-uo,s-sh,h-f	1
饰非文过	shì fēi wén guò	45848	en-eng,ai-ei,ua-uo,s-sh,h-f	1
饰非遂过	shì fēi suí guò	45849	ai-ei,ua-uo,s-sh,h-f	1
饱和溶液	bǎo hé róng yè	45852	ao-ou,h-f,r-l	1
饱经风雨	bǎo jīng fēng yǔ	45857	en-eng,in-ing,ao-ou,h-f,j-q-x	1
饱食暖衣	bǎo shí nuǎn yī	45861	uan-uang,ao-ou,s-sh,n-l	1
饱食终日	bǎo shí zhōng rì	45862	ao-ou,z-zh,s-sh,r-l	1
饴含抱孙	yí hán bào sūn	45864	an-ang,ao-ou,s-sh,h-f	3
饶有兴趣	ráo yǒu xìng qù	45868	in-ing,ao-ou,r-l,j-q-x	1
饶有风趣	ráo yǒu fēng qù	45869	en-eng,ao-ou,h-f,r-l,j-q-x	1
饶舌调唇	ráo shé tiáo chún	45870	ao-ou,c-ch,s-sh,r-l	1
饿殍枕藉	è piǎo zhěn jí	45876	en-eng,z-zh,j-q-x	3
饿殍载道	è piǎo zài dào	45877	ai-ei,ao-ou,z-zh	3
饿莩载道	è piǎo zǎi dào	45878	ai-ei,ao-ou,z-zh	3
饿莩遍野	è piǎo biàn yě	45879	ian-iang	3
饿虎吞羊	è hǔ tūn yáng	45881	an-ang,h-f	1
饿虎扑羊	è hǔ pū yáng	45882	an-ang,h-f	1
饿虎擒羊	è hǔ qín yáng	45884	in-ing,an-ang,h-f,j-q-x	1
馄饨皮儿	hún tún pí er	45886	h-f	3
首善之地	shǒu shàn zhī dì	45899	an-ang,ao-ou,z-zh,s-sh	1
首尾两端	shǒu wěi liǎng duān	45902	ian-iang,uan-uang,ai-ei,ao-ou,s-sh,n-l,r-l	1
首尾共济	shǒu wěi gòng jì	45903	ai-ei,ao-ou,s-sh,j-q-x	1
首尾相卫	shǒu wěi xiāng wèi	45904	ian-iang,ai-ei,ao-ou,s-sh,j-q-x	1
首尾相援	shǒu wěi xiāng yuán	45906	ian-iang,uan-uang,ai-ei,ao-ou,s-sh,j-q-x	1
首尾相继	shǒu wěi xiāng jì	45907	ian-iang,ai-ei,ao-ou,s-sh,j-q-x	1
首尾相连	shǒu wěi xiāng lián	45908	ian-iang,ai-ei,ao-ou,s-sh,n-l,r-l,j-q-x	1
首足异处	shǒu zú yì chù	45916	ao-ou,z-zh,c-ch,s-sh	1
首身分离	shǒu shēn fēn lí	45917	en-eng,ao-ou,s-sh,n-l,h-f,r-l	1
香培玉琢	xiāng péi yù zhuó	45925	ian-iang,ai-ei,ua-uo,z-zh,j-q-x	1
香格里拉	xiāng gé lǐ lā	45928	ian-iang,n-l,r-l,j-q-x	1
香火不绝	xiāng huǒ bù jué	45933	ian-iang,ua-uo,h-f,j-q-x	1
香花供养	xiāng huā gòng yǎng	45937	an-ang,ian-iang,ua-uo,h-f,j-q-x	1
香车宝马	xiāng chē bǎo mǎ	45938	ian-iang,ao-ou,c-ch,j-q-x	1
马上功成	mǎ shàng gōng chéng	45942	en-eng,an-ang,c-ch,s-sh	1
马上墙头	mǎ shàng qiáng tóu	45943	an-ang,ian-iang,ao-ou,s-sh,j-q-x	1
马上房子	mǎ shàng fáng zi	45945	an-ang,z-zh,s-sh,h-f	1
马上看花	mǎ shàng kàn huā	45946	an-ang,ua-uo,s-sh,h-f	1
马不解鞍	mǎ bù jiě ān	45948	an-ang,ia-ie,j-q-x	1
马中关五	mǎ zhōng guān wǔ	45949	uan-uang,z-zh	1
马仰人翻	mǎ yǎng rén fān	45951	en-eng,an-ang,h-f,r-l	1
马入华山	mǎ rù huà shān	45955	an-ang,ua-uo,s-sh,h-f,r-l	1
马勃牛溲	mǎ bó niú sōu	45960	ao-ou,s-sh,n-l	3
马咽车阗	mǎ yān chē tián	45964	an-ang,ian-iang,c-ch	3
马壮人强	mǎ zhuàng rén qiáng	45966	en-eng,ian-iang,uan-uang,z-zh,r-l,j-q-x	1
马尘不及	mǎ chén bù jí	45972	en-eng,c-ch,j-q-x	1
马尼拉麻	mǎ ní lā má	45973	n-l,r-l	1
马放南山	mǎ fàng nán shān	45984	an-ang,s-sh,n-l,h-f	1
马水车龙	mǎ shuǐ chē lóng	45987	c-ch,s-sh,n-l,r-l	1
马牛其风	mǎ niú qí fēng	45988	en-eng,n-l,h-f,j-q-x	1
马瘦毛长	mǎ shòu máo cháng	45989	an-ang,ao-ou,c-ch,s-sh	1
马空冀北	mǎ kōng jì běi	45990	ai-ei,j-q-x	1
马翻人仰	mǎ fān rén yǎng	45991	en-eng,an-ang,h-f,r-l	1
马耳东风	mǎ ěr dōng fēng	45992	en-eng,h-f	1
马耳春风	mǎ ěr chūn fēng	45993	en-eng,c-ch,h-f	1
马角乌头	mǎ jiǎo wū tóu	45994	ao-ou,j-q-x	1
马角乌白	mǎ jiǎo wū bái	45995	ai-ei,j-q-x	1
马足车尘	mǎ zú chē chén	45997	en-eng,z-zh,c-ch	1
马足龙沙	mǎ zú lóng shā	45998	z-zh,s-sh,n-l,r-l	1
马面牛头	mǎ miàn niú tóu	46001	ian-iang,ao-ou,n-l	1
马革盛尸	mǎ gé shèng shī	46002	en-eng,s-sh	1
马齿徒长	mǎ chǐ tú zhǎng	46004	an-ang,z-zh,c-ch	1
马龙车水	mǎ lóng chē shuǐ	46005	c-ch,s-sh,n-l,r-l	1
驰名当世	chí míng dāng shì	46009	in-ing,an-ang,c-ch,s-sh	1
驰志伊吾	chí zhì yī wú	46010	z-zh,c-ch	1
驰风骋雨	chí fēng chěng yǔ	46011	en-eng,c-ch,h-f	3
驰骋疆场	chí chěng jiāng chǎng	46012	en-eng,an-ang,ian-iang,c-ch,j-q-x	3
驰高鹜远	chí gāo wù yuǎn	46013	uan-uang,ao-ou,c-ch	3
驱羊战狼	qū yáng zhàn láng	46015	an-ang,z-zh,n-l,r-l,j-q-x	1
驱羊攻虎	qū yáng gōng hǔ	46016	an-ang,h-f,j-q-x	1
驴唇马觜	lǘ chún mǎ zī	46026	z-zh,c-ch,n-l,r-l	5
驷不及舌	sì bù jí shé	46030	s-sh,j-q-x	3
驷之过隙	sì zhī guò xì	46032	ua-uo,z-zh,s-sh,j-q-x	3
驷马不追	sì mǎ bù zhuī	46033	z-zh,s-sh	3
驷马仰秣	sì mǎ yǎng mò	46034	an-ang,s-sh	3
驷马莫追	sì mǎ mò zhuī	46035	z-zh,s-sh	3
驷马轩车	sì mǎ xuān chē	46036	uan-uang,c-ch,s-sh,j-q-x	3
驷马难追	sì mǎ nán zhuī	46037	an-ang,z-zh,s-sh,n-l	3
驷马高盖	sì mǎ gāo gài	46038	ai-ei,ao-ou,s-sh	3
驷马高车	sì mǎ gāo chē	46039	ao-ou,c-ch,s-sh	3
驹光过隙	jū guāng guò xì	46040	uan-uang,ua-uo,j-q-x	1
驹留空谷	jū liú kōng gǔ	46041	n-l,r-l,j-q-x	1
驹齿未落	jū chǐ wèi luò	46042	ai-ei,ua-uo,c-ch,n-l,r-l,j-q-x	1
驻红却白	zhù hóng què bái	46046	ai-ei,z-zh,h-f,j-q-x	1
驻颜有术	zhù yán yǒu shù	46047	an-ang,ao-ou,z-zh,s-sh	1
驽马铅刀	nú mǎ qiān dāo	46049	ian-iang,ao-ou,n-l,j-q-x	3
骀背鹤发	dài bèi hè fā	46053	ai-ei,h-f	3
骂不绝口	mà bù jué kǒu	46055	ao-ou,j-q-x	1
骂天咒地	mà tiān zhòu dì	46057	ian-iang,ao-ou,z-zh	1
骂天扯地	mà tiān chě dì	46058	ian-iang,c-ch	1
骄佚奢淫	jiāo yì shē yín	46060	in-ing,s-sh,j-q-x	3
骄侈暴佚	jiāo chǐ bào yì	46061	ao-ou,c-ch,j-q-x	3
骄奢淫佚	jiāo shē yín yì	46063	in-ing,s-sh,j-q-x	3
骆驿不绝	luò yì bù jué	46070	ua-uo,n-l,r-l,j-q-x	3
骇人闻见	hài rén wén jiàn	46071	en-eng,ian-iang,ai-ei,h-f,r-l,j-q-x	1
骇龙走蛇	hài lóng zǒu shé	46072	ai-ei,ao-ou,z-zh,s-sh,n-l,h-f,r-l	1
骈兴错出	pián xīng cuò chū	46074	in-ing,ian-iang,ua-uo,c-ch,j-q-x	3
骈四俪六	pián sì lì liù	46075	ian-iang,s-sh,n-l,r-l	3
骈拇枝指	pián mǔ zhī zhǐ	46076	ian-iang,z-zh	3
骈枝俪叶	pián zhī lì yè	46078	ian-iang,z-zh,n-l,r-l	3
骈肩累足	pián jiān lěi zú	46079	ian-iang,ai-ei,z-zh,n-l,r-l,j-q-x	3
骈肩累踵	pián jiān lèi zhǒng	46080	ian-iang,ai-ei,z-zh,n-l,r-l,j-q-x	3
骈肩累迹	pián jiān lěi jì	46081	ian-iang,ai-ei,n-l,r-l,j-q-x	3
骈首就系	pián shǒu jiù xì	46082	ian-iang,ao-ou,s-sh,j-q-x	3
骋嗜奔欲	chěng shì bēn yù	46083	en-eng,c-ch,s-sh	3
骋耆奔欲	chěng qí bēn yù	46084	en-eng,c-ch,j-q-x	3
骏骨牵盐	jùn gǔ qiān yán	46093	an-ang,ian-iang,j-q-x	1
骐骥过隙	qí jì guò xì	46095	ua-uo,j-q-x	3
骑者善堕	qí zhě shàn duò	46104	an-ang,ua-uo,z-zh,s-sh,j-q-x	1
骑驴倒堕	qí lǘ dǎo duò	46106	ao-ou,ua-uo,n-l,r-l,j-q-x	1
骑驴索句	qí lǘ suǒ jù	46108	ua-uo,s-sh,n-l,r-l,j-q-x	1
骑鹤上扬	qí hè shàng yáng	46110	an-ang,s-sh,h-f,j-q-x	1
骑龙弄凤	qí lóng nòng fèng	46113	en-eng,n-l,h-f,r-l,j-q-x	1
骖风驷霞	cān fēng sì xiá	46114	en-eng,an-ang,ia-ie,c-ch,s-sh,h-f,j-q-x	3
骚人墨士	sāo rén mò shì	46119	en-eng,ao-ou,s-sh,r-l	1
骚人墨客	sāo rén mò kè	46120	en-eng,ao-ou,s-sh,r-l	1
骚人词客	sāo rén cí kè	46121	en-eng,ao-ou,c-ch,s-sh,r-l	1
骚人逸客	sāo rén yì kè	46122	en-eng,ao-ou,s-sh,r-l	1
骚人雅士	sāo rén yǎ shì	46123	en-eng,ao-ou,s-sh,r-l	1
骚情赋骨	sāo qíng fù gǔ	46127	in-ing,ao-ou,s-sh,h-f,j-q-x	1
骚翁墨客	sāo wēng mò kè	46130	en-eng,ao-ou,s-sh	1
骤不及防	zhòu bù jí fáng	46135	an-ang,ao-ou,z-zh,h-f,j-q-x	1
骤雨暴风	zhòu yǔ bào fēng	46140	en-eng,ao-ou,z-zh,h-f	1
骤雨狂风	zhòu yǔ kuáng fēng	46141	en-eng,uan-uang,ao-ou,z-zh,h-f	1
骤风急雨	zhòu fēng jí yǔ	46142	en-eng,ao-ou,z-zh,h-f,j-q-x	1
骤风暴雨	zhòu fēng bào yǔ	46143	en-eng,ao-ou,z-zh,h-f	1
骥伏盐车	jì fú yán chē	46144	an-ang,c-ch,h-f,j-q-x	3
骥服盐车	jì fú yán chē	46145	an-ang,c-ch,h-f,j-q-x	3
骨化形销	gǔ huà xíng xiāo	46149	in-ing,ua-uo,h-f,j-q-x	1
骨化风成	gǔ huà fēng chéng	46150	en-eng,ua-uo,c-ch,h-f	1
骨头架子	gú tou jià zi	46152	ao-ou,ia-ie,z-zh,j-q-x	1
骨寒毛竖	gǔ hán máo shù	46156	an-ang,ao-ou,s-sh,h-f	1
骨瘦如豺	gǔ shòu rú chái	46172	ai-ei,ao-ou,c-ch,s-sh,r-l	1
骨瘦形销	gǔ shòu xíng xiāo	46173	in-ing,ao-ou,s-sh,j-q-x	1
骨肉团圆	gǔ ròu tuán yuán	46182	uan-uang,ao-ou,r-l	1
骨肉未寒	gǔ ròu wèi hán	46183	an-ang,ai-ei,ao-ou,h-f,r-l	1
骨肉相残	gǔ ròu xiāng cán	46184	an-ang,ian-iang,ao-ou,c-ch,r-l,j-q-x	1
骨肉相连	gǔ ròu xiāng lián	46185	ian-iang,ao-ou,n-l,r-l,j-q-x	1
骨肉离散	gǔ ròu lí sàn	46186	an-ang,ao-ou,s-sh,n-l,r-l	1
骨肉至亲	gǔ ròu zhì qīn	46187	in-ing,ao-ou,z-zh,r-l,j-q-x	1
骨腾肉飞	gǔ téng ròu fēi	46189	en-eng,ai-ei,ao-ou,h-f,r-l	1
骨软筋酥	gǔ ruǎn jīn sū	46195	in-ing,uan-uang,s-sh,r-l,j-q-x	1
骨软筋麻	gǔ ruǎn jīn má	46196	in-ing,uan-uang,r-l,j-q-x	1
骨软肉酥	gǔ ruǎn ròu sū	46197	uan-uang,ao-ou,s-sh,r-l	1
骨鲠之臣	gǔ gěng zhī chén	46202	en-eng,z-zh,c-ch	3
高下任心	gāo xià rèn xīn	46210	en-eng,in-ing,ao-ou,ia-ie,r-l,j-q-x	1
高下其手	gāo xià qí shǒu	46211	ao-ou,ia-ie,s-sh,j-q-x	1
高不可登	gāo bù kě dēng	46214	en-eng,ao-ou	1
高举深藏	gāo jǔ shēn cáng	46224	en-eng,an-ang,ao-ou,c-ch,s-sh,j-q-x	1
高举远蹈	gāo jǔ yuǎn dǎo	46225	uan-uang,ao-ou,j-q-x	1
高义薄云	gāo yì bó yún	46226	ao-ou	1
高位重禄	gāo wèi zhòng lù	46230	ai-ei,ao-ou,z-zh,n-l,r-l	1
高傲自大	gāo ào zì dà	46232	ao-ou,z-zh	1
高冠博带	gāo guān bó dài	46235	uan-uang,ai-ei,ao-ou	1
高名大姓	gāo míng dà xìng	46248	in-ing,ao-ou,j-q-x	1
高堂大厦	gāo táng dà shà	46251	an-ang,ao-ou,s-sh	1
高天厚地	gāo tiān hòu dì	46254	ian-iang,ao-ou,h-f	1
高头讲章	gāo tóu jiǎng zhāng	46256	an-ang,ian-iang,ao-ou,z-zh,j-q-x	1
高姓大名	gāo xìng dà míng	46257	in-ing,ao-ou,j-q-x	1
高官重禄	gāo guān zhòng lù	46258	uan-uang,ao-ou,z-zh,n-l,r-l	1
高层建筑	gāo céng jiàn zhù	46261	en-eng,ian-iang,ao-ou,z-zh,c-ch,j-q-x	1
高山仰之	gāo shān yǎng zhī	46262	an-ang,ao-ou,z-zh,s-sh	1
高山峻岭	gāo shān jùn lǐng	46265	in-ing,an-ang,ao-ou,s-sh,n-l,r-l,j-q-x	1
高山景行	gāo shān jǐng xíng	46266	in-ing,an-ang,ao-ou,s-sh,j-q-x	1
高情远意	gāo qíng yuǎn yì	46277	in-ing,uan-uang,ao-ou,j-q-x	1
高情远致	gāo qíng yuǎn zhì	46278	in-ing,uan-uang,ao-ou,z-zh,j-q-x	1
高情远韵	gāo qíng yuǎn yùn	46279	in-ing,uan-uang,ao-ou,j-q-x	1
高情逸兴	gāo qíng yì xīng	46280	in-ing,ao-ou,j-q-x	1
高才卓识	gāo cái zhuó shí	46281	ai-ei,ao-ou,ua-uo,z-zh,c-ch,s-sh	1
高才大学	gāo cái dà xué	46282	ai-ei,ao-ou,c-ch,j-q-x	1
高才远识	gāo cái yuǎn shí	46283	uan-uang,ai-ei,ao-ou,c-ch,s-sh	1
高掌远跖	gāo zhǎng yuǎn zhí	46287	an-ang,uan-uang,ao-ou,z-zh	3
高文大册	gāo wén dà cè	46291	en-eng,ao-ou,c-ch	1
高明远识	gāo míng yuǎn shí	46292	in-ing,uan-uang,ao-ou,s-sh	1
高楼大厦	gāo lóu dà shà	46297	ao-ou,s-sh,n-l,r-l	1
高爵重禄	gāo jué zhòng lù	46301	ao-ou,z-zh,n-l,r-l,j-q-x	1
高牙大纛	gāo yá dà dào	46302	ao-ou	3
高睨大谈	gāo nì dà tán	46306	an-ang,ao-ou,n-l	3
高空作业	gāo kōng zuò yè	46312	ao-ou,ua-uo,z-zh	1
高级中学	gāo jí zhōng xué	46318	ao-ou,z-zh,j-q-x	1
高翔远引	gāo xiáng yuǎn yǐn	46321	in-ing,ian-iang,uan-uang,ao-ou,j-q-x	1
高而不危	gāo ér bù wēi	46322	ai-ei,ao-ou	1
高节清风	gāo jié qīng fēng	46325	en-eng,in-ing,ao-ou,ia-ie,h-f,j-q-x	1
高见远识	gāo jiàn yuǎn shí	46330	ian-iang,uan-uang,ao-ou,s-sh,j-q-x	1
高识远见	gāo shí yuǎn jiàn	46332	ian-iang,uan-uang,ao-ou,s-sh,j-q-x	1
高谈大论	gāo tán dà lùn	46334	an-ang,ao-ou,n-l,r-l	1
高谈弘论	gāo tán hóng lùn	46335	an-ang,ao-ou,n-l,h-f,r-l	1
高谈虚论	gāo tán xū lùn	46336	an-ang,ao-ou,n-l,r-l,j-q-x	1
高足弟子	gāo zú dì zǐ	46338	ao-ou,z-zh	1
高蹈远举	gāo dǎo yuǎn jǔ	46340	uan-uang,ao-ou,j-q-x	1
高车驷马	gāo chē sì mǎ	46341	ao-ou,c-ch,s-sh	3
高遏行云	gāo è xíng yún	46344	in-ing,ao-ou,j-q-x	1
高门大屋	gāo mén dà wū	46345	en-eng,ao-ou	1
高门大户	gāo mén dà hù	46346	en-eng,ao-ou,h-f	1
高风劲节	gāo fēng jìng jié	46352	en-eng,in-ing,ao-ou,ia-ie,h-f,j-q-x	1
高风峻节	gāo fēng jùn jié	46353	en-eng,ao-ou,ia-ie,h-f,j-q-x	1
高飞远举	gāo fēi yuǎn jǔ	46354	uan-uang,ai-ei,ao-ou,h-f,j-q-x	1
高飞远翔	gāo fēi yuǎn xiáng	46355	ian-iang,uan-uang,ai-ei,ao-ou,h-f,j-q-x	1
高飞远走	gāo fēi yuǎn zǒu	46356	uan-uang,ai-ei,ao-ou,z-zh,h-f	1
高飞远遁	gāo fēi yuǎn dùn	46357	uan-uang,ai-ei,ao-ou,h-f	3
高飞远集	gāo fēi yuǎn jí	46358	uan-uang,ai-ei,ao-ou,h-f,j-q-x	1
高高兴兴	gāo gāo xìng xìng	46359	in-ing,ao-ou,j-q-x	1
鬓乱钗横	bìn luàn chāi héng	46364	en-eng,in-ing,uan-uang,ai-ei,c-ch,n-l,h-f,r-l	3
鬻儿卖女	yù ér mài nǚ	46367	ai-ei,n-l	3
鬻文为生	yù wén wéi shēng	46368	en-eng,ai-ei,s-sh	3
鬻矛誉楯	yù máo yù dùn	46369	ao-ou	3
鬻驽窃价	yù nú qiè jià	46370	ia-ie,n-l,j-q-x	3
鬻鸡为凤	yù jī wéi fèng	46371	en-eng,ai-ei,h-f,j-q-x	3
鬼吒狼嚎	guǐ zhà láng háo	46374	an-ang,ao-ou,z-zh,n-l,h-f,r-l	5
鬼哭神号	guǐ kū shén háo	46375	en-eng,ao-ou,s-sh,h-f	1
鬼头滑脑	guǐ tóu huá nǎo	46377	ao-ou,ua-uo,n-l,h-f	1
鬼怕恶人	guǐ pà è rén	46379	en-eng,r-l	1
鬼泣神号	guǐ qì shén hào	46382	en-eng,ao-ou,s-sh,h-f,j-q-x	1
鬼瞰其室	guǐ kàn qí shì	46384	an-ang,s-sh,j-q-x	3
鬼神不测	guǐ shén bù cè	46385	en-eng,c-ch,s-sh	1
鬼神莫测	guǐ shén mò cè	46386	en-eng,c-ch,s-sh	1
鬼魅伎俩	guǐ mèi jì liǎng	46389	ian-iang,ai-ei,n-l,r-l,j-q-x	3
魁梧奇伟	kuí wú qí wěi	46391	ai-ei,j-q-x	1
魂不守宅	hún bù shǒu zhái	46392	ai-ei,ao-ou,z-zh,s-sh,h-f	1
魂不着体	hún bù zhuó tǐ	46394	ua-uo,z-zh,h-f	1
魂不著体	hún bù zhuó tǐ	46395	ua-uo,z-zh,h-f	1
魂不负体	hún bù fù tǐ	46396	h-f	1
魂不赴体	hún bù fù tǐ	46397	h-f	1
魂丧神夺	hún sàng shén duó	46399	en-eng,an-ang,ua-uo,s-sh,h-f	1
魂亡胆落	hún wáng dǎn luò	46400	an-ang,ua-uo,n-l,h-f,r-l	1
魂亡魄失	hún wáng pò shī	46401	an-ang,s-sh,h-f	1
魂惊胆落	hún jīng dǎn luò	46402	in-ing,an-ang,ua-uo,n-l,h-f,r-l,j-q-x	1
魂惊胆颤	hún jīng dǎn chàn	46403	in-ing,an-ang,c-ch,h-f,j-q-x	1
魂惊魄落	hún jīng pò luò	46404	in-ing,ua-uo,n-l,h-f,r-l,j-q-x	1
魂慑色沮	hún shè sè jǔ	46405	s-sh,h-f,j-q-x	3
魂消胆丧	hún xiāo dǎn sàng	46407	an-ang,s-sh,h-f,j-q-x	1
魂消魄丧	hún xiāo pò sàng	46408	an-ang,s-sh,h-f,j-q-x	1
魂耗魄丧	hún hào pò sàng	46409	an-ang,ao-ou,s-sh,h-f	1
魂颠梦倒	hún diān mèng dǎo	46410	en-eng,ian-iang,ao-ou,h-f	1
魂飘魄散	hún piāo pò sàn	46411	an-ang,s-sh,h-f	1
魂飞神丧	hún fēi shén sàng	46412	en-eng,an-ang,ai-ei,s-sh,h-f	1
魂飞胆丧	hún fēi dǎn sàng	46413	an-ang,ai-ei,s-sh,h-f	1
魂飞胆落	hún fēi dǎn luò	46414	an-ang,ai-ei,ua-uo,n-l,h-f,r-l	1
魂飞胆裂	hún fēi dǎn liè	46415	an-ang,ai-ei,ia-ie,n-l,h-f,r-l	1
魂飞胆颤	hún fēi dǎn chàn	46416	an-ang,ai-ei,c-ch,h-f	1
魂飞魄丧	hún fēi pò sāng	46417	an-ang,ai-ei,s-sh,h-f	1
魄散魂消	pò sàn hún xiāo	46419	an-ang,s-sh,h-f,j-q-x	1
魄散魂飘	pò sàn hún piāo	46420	an-ang,s-sh,h-f	1
魄散魂飞	pò sàn hún fēi	46421	an-ang,ai-ei,s-sh,h-f	1
魄消魂散	pò xiāo hún sàn	46422	an-ang,s-sh,h-f,j-q-x	1
魆风骤雨	xū fēng zhòu yǔ	46423	en-eng,ao-ou,z-zh,h-f,j-q-x	3
魏颗结草	wèi kē jié cǎo	46425	ai-ei,ao-ou,ia-ie,c-ch,j-q-x	1
魏鹊无枝	wèi què wú zhī	46426	ai-ei,z-zh,j-q-x	1
魔高一丈	mó gāo yí zhàng	46434	an-ang,ao-ou,z-zh	1
鱼与熊掌	yú yǔ xióng zhǎng	46435	an-ang,z-zh,j-q-x	1
鱼丽于罶	yú lí yú liǔ	46436	n-l,r-l	5
鱼书雁信	yú shū yàn xìn	46437	in-ing,an-ang,s-sh,j-q-x	1
鱼书雁帖	yú shū yàn tiě	46438	an-ang,ia-ie,s-sh	1
鱼传尺素	yú chuán chǐ sù	46439	uan-uang,c-ch,s-sh	1
鱼县鸟窜	yú xiàn niǎo cuàn	46441	ian-iang,uan-uang,c-ch,n-l,j-q-x	1
鱼大水小	yú dà shuǐ xiǎo	46443	s-sh,j-q-x	1
鱼封雁帖	yú fēng yàn tiē	46445	en-eng,an-ang,ia-ie,h-f	1
鱼尾雁行	yú wěi yàn xíng	46448	in-ing,an-ang,ai-ei,j-q-x	1
鱼惊鸟散	yú jīng niǎo sàn	46449	in-ing,an-ang,s-sh,n-l,j-q-x	1
鱼水和谐	yú shuǐ hé xié	46450	ia-ie,s-sh,h-f,j-q-x	1
鱼水相投	yú shuǐ xiāng tóu	46451	ian-iang,ao-ou,s-sh,j-q-x	1
鱼水相欢	yú shuǐ xiāng huān	46452	ian-iang,uan-uang,s-sh,h-f,j-q-x	1
鱼沉雁落	yú chén yàn luò	46454	en-eng,an-ang,ua-uo,c-ch,n-l,r-l	1
鱼游濠上	yú yóu háo shàng	46455	an-ang,ao-ou,s-sh,h-f	3
鱼游燋釜	yú yóu zhuó fǔ	46456	ao-ou,ua-uo,z-zh,h-f	7
鱼游釜中	yú yóu fǔ zhōng	46457	ao-ou,z-zh,h-f	3
鱼游釜内	yú yóu fǔ nèi	46458	ai-ei,ao-ou,n-l,h-f	3
鱼游釜底	yú yóu fǔ dǐ	46459	ao-ou,h-f	3
鱼溃鸟散	yú kuì niǎo sàn	46460	an-ang,s-sh,n-l	1
鱼溃鸟离	yú kuì niǎo lí	46461	n-l,r-l	1
鱼烂取亡	yú làn qǔ wáng	46463	an-ang,n-l,r-l,j-q-x	1
鱼烂瓦解	yú làn wǎ jiě	46464	an-ang,ia-ie,n-l,r-l,j-q-x	1
鱼烂而亡	yú làn ér wáng	46465	an-ang,n-l,r-l	1
鱼生空釜	yú shēng kōng fǔ	46468	en-eng,s-sh,h-f	3
鱼目混珍	yú mù hùn zhēn	46469	en-eng,z-zh,h-f	1
鱼目间珠	yú mù jiān zhū	46472	ian-iang,z-zh,j-q-x	1
鱼米之地	yú mǐ zhī dì	46475	z-zh	1
鱼肠尺素	yú cháng chǐ sù	46478	an-ang,c-ch,s-sh	1
鱼贯而行	yú guàn ér xíng	46479	in-ing,uan-uang,j-q-x	1
鱼贯雁行	yú guàn yàn xíng	46480	in-ing,an-ang,uan-uang,j-q-x	1
鱼龙变化	yú lóng biàn huà	46482	ian-iang,ua-uo,n-l,h-f,r-l	1
鲁斤燕削	lǔ jīn yàn xuē	46484	in-ing,an-ang,n-l,r-l,j-q-x	1
鲁莽灭裂	lǔ mǎng miè liè	46485	an-ang,ia-ie,n-l,r-l	1
鲂鱼赪尾	fáng yú chēng wěi	46486	en-eng,an-ang,ai-ei,c-ch,h-f	7
鲇鱼上竹	nián yú shàng zhú	46487	an-ang,ian-iang,z-zh,s-sh,n-l	3
鲇鱼上竿	nián yú shàng gān	46489	an-ang,ian-iang,s-sh,n-l	3
鲍子知我	bào zǐ zhī wǒ	46490	ao-ou,z-zh	1
鲜廉寡耻	xiǎn lián guǎ chǐ	46500	ian-iang,ua-uo,c-ch,n-l,r-l,j-q-x	1
鲜眉亮眼	xiān méi liàng yǎn	46508	an-ang,ian-iang,ai-ei,n-l,r-l,j-q-x	1
鲜艳夺目	xiān yàn duó mù	46514	an-ang,ian-iang,ua-uo,j-q-x	1
鲜血淋漓	xiān xuè lín lí	46518	in-ing,ian-iang,n-l,r-l,j-q-x	1
鲜衣怒马	xiān yī nù mǎ	46519	ian-iang,n-l,j-q-x	1
鲜衣美食	xiān yī měi shí	46520	ian-iang,ai-ei,s-sh,j-q-x	1
鲜衣良马	xiān yī liáng mǎ	46521	ian-iang,n-l,r-l,j-q-x	1
鲜蹦活跳	xiān bèng huó tiào	46524	en-eng,ian-iang,ua-uo,h-f,j-q-x	1
鲜车健马	xiān chē jiàn mǎ	46525	ian-iang,c-ch,j-q-x	1
鲜车怒马	xiān chē nù mǎ	46526	ian-iang,c-ch,n-l,j-q-x	1
鲸吞蚕食	jīng tūn cán shí	46530	in-ing,an-ang,c-ch,s-sh,j-q-x	1
鲸吞蛇噬	jīng tūn shé shì	46531	in-ing,s-sh,j-q-x	3
鲽离鹣背	dié lí jiān bèi	46532	ian-iang,ai-ei,ia-ie,n-l,r-l,j-q-x	7
鳌头独占	áo tóu dú zhàn	46536	an-ang,ao-ou,z-zh	3
鳌鸣鳖应	áo míng biē yīng	46537	in-ing,ao-ou,ia-ie	3
鳞次相比	lín cì xiāng bǐ	46539	in-ing,ian-iang,c-ch,n-l,r-l,j-q-x	1
鳞集仰流	lín jí yǎng liú	46542	in-ing,an-ang,n-l,r-l,j-q-x	1
鸟入樊笼	niǎo rù fán lóng	46546	an-ang,n-l,h-f,r-l	3
鸟啼花落	niǎo tí huā luò	46548	ua-uo,n-l,h-f,r-l	1
鸟得弓藏	niǎo dé gōng cáng	46550	an-ang,c-ch,n-l	1
鸟惊鱼散	niǎo jīng yú sàn	46551	in-ing,an-ang,s-sh,n-l,j-q-x	1
鸟惊鱼溃	niǎo jīng yú kuì	46552	in-ing,n-l,j-q-x	1
鸟散鱼溃	niǎo sàn yú kuì	46553	an-ang,s-sh,n-l	1
鸟道羊肠	niǎo dào yáng cháng	46557	an-ang,ao-ou,c-ch,n-l	1
鸠车竹马	jiū chē zhú mǎ	46562	z-zh,c-ch,j-q-x	3
鸡不及凤	jī bù jí fèng	46564	en-eng,h-f,j-q-x	1
鸡争鹅斗	jī zhēng é dòu	46565	en-eng,ao-ou,z-zh,j-q-x	1
鸡声鹅斗	jī shēng é dòu	46570	en-eng,ao-ou,s-sh,j-q-x	1
鸡头鱼刺	jī tóu yú cì	46572	ao-ou,c-ch,j-q-x	1
鸡尸牛从	jī shī niú cóng	46573	c-ch,s-sh,n-l,j-q-x	1
鸡尾酒会	jī wěi jiǔ huì	46575	ai-ei,h-f,j-q-x	1
鸡栖凤巢	jī qī fèng cháo	46576	en-eng,ao-ou,c-ch,h-f,j-q-x	1
鸡犬不安	jī quǎn bù ān	46583	an-ang,uan-uang,j-q-x	1
鸡犬不惊	jī quǎn bù jīng	46584	in-ing,uan-uang,j-q-x	1
鸡犬不闻	jī quǎn bù wén	46586	en-eng,uan-uang,j-q-x	1
鸡皮鹤发	jī pí hè fà	46589	h-f,j-q-x	1
鸡肠狗肚	jī cháng gǒu dù	46593	an-ang,ao-ou,c-ch,j-q-x	1
鸡肤鹤发	jī fū hè fà	46594	h-f,j-q-x	1
鸡胸龟背	jī xiōng guī bèi	46595	ai-ei,j-q-x	1
鸡虫得丧	jī chóng dé sàng	46596	an-ang,c-ch,s-sh,j-q-x	1
鸡虫得失	jī chóng dé shī	46597	c-ch,s-sh,j-q-x	1
鸡骨支床	jī gǔ zhī chuáng	46603	uan-uang,z-zh,c-ch,j-q-x	1
鸡鹜争食	jī wù zhēng shí	46604	en-eng,z-zh,s-sh,j-q-x	3
鸡鹜相争	jī wù xiāng zhēng	46605	en-eng,ian-iang,z-zh,j-q-x	3
鸢肩鹄颈	yuān jiān hú jǐng	46607	in-ing,ian-iang,uan-uang,h-f,j-q-x	3
鸣凤朝阳	míng fèng zhāo yáng	46609	en-eng,in-ing,an-ang,ao-ou,z-zh,h-f	1
鸣野食苹	míng yě shí píng	46611	in-ing,s-sh	1
鸣钟食鼎	míng zhōng shí dǐng	46612	in-ing,z-zh,s-sh	1
鸣锣喝道	míng luó hè dào	46613	in-ing,ao-ou,ua-uo,n-l,h-f,r-l	1
鸣鹤之应	míng hè zhī yìng	46614	in-ing,z-zh,h-f	1
鸥水相依	ōu shuǐ xiāng yī	46615	ian-iang,ao-ou,s-sh,j-q-x	1
鸦没鹊静	yā méi què jìng	46616	in-ing,ai-ei,j-q-x	1
鸦雀无闻	yā què wú wén	46620	en-eng,j-q-x	1
鸦飞雀乱	yā fēi què luàn	46621	uan-uang,ai-ei,n-l,h-f,r-l,j-q-x	1
鸦默雀静	yā mò què jìng	46622	in-ing,j-q-x	1
鸭步鹅行	yā bù é xíng	46625	in-ing,j-q-x	1
鸭行鹅步	yā xíng é bù	46630	in-ing,j-q-x	1
鸮鸣鼠暴	xiāo míng shǔ bào	46631	in-ing,ao-ou,s-sh,j-q-x	3
鸱鸮弄舌	chī xiāo nòng shé	46633	c-ch,s-sh,n-l,j-q-x	3
鸾停鹄峙	luán tíng hú zhì	46637	in-ing,uan-uang,z-zh,n-l,h-f,r-l	3
鸾凤分飞	luán fèng fēn fēi	46638	en-eng,uan-uang,ai-ei,n-l,h-f,r-l	3
鸾凤和鸣	luán fèng hè míng	46639	en-eng,in-ing,uan-uang,n-l,h-f,r-l	3
鸾分凤离	luán fēn fèng lí	46640	en-eng,uan-uang,n-l,h-f,r-l	3
鸾只凤单	luán zhī fèng dān	46641	en-eng,an-ang,uan-uang,z-zh,n-l,h-f,r-l	3
鸾孤凤只	luán gū fèng zhī	46642	en-eng,uan-uang,z-zh,n-l,h-f,r-l	3
鸾漂凤泊	luán piāo fèng bó	46643	en-eng,uan-uang,n-l,h-f,r-l	3
鸾跂鸿惊	luán qí hóng jīng	46644	in-ing,uan-uang,n-l,h-f,r-l,j-q-x	7
鸾音鹤信	luán yīn hè xìn	46645	in-ing,uan-uang,n-l,h-f,r-l,j-q-x	3
鸾颠凤倒	luán diān fèng dǎo	46646	en-eng,ian-iang,uan-uang,ao-ou,n-l,h-f,r-l	3
鸾飘凤泊	luán piāo fèng bó	46647	en-eng,uan-uang,n-l,h-f,r-l	3
鸾鹄停峙	luán hú tíng zhì	46648	in-ing,uan-uang,z-zh,n-l,h-f,r-l	3
鸿业远图	hóng yè yuǎn tú	46649	uan-uang,h-f	1
鸿儒硕学	hóng rú shuò xué	46650	ua-uo,s-sh,h-f,r-l,j-q-x	1
鸿商富贾	hóng shāng fù gǔ	46651	an-ang,s-sh,h-f	1
鸿图华构	hóng tú huá gòu	46652	ao-ou,ua-uo,h-f	1
鸿案相庄	hóng àn xiāng zhuāng	46653	an-ang,ian-iang,uan-uang,z-zh,h-f,j-q-x	1
鸿案鹿车	hóng àn lù chē	46654	an-ang,c-ch,n-l,h-f,r-l	1
鸿泥雪爪	hóng ní xuě zhǎo	46655	ao-ou,z-zh,n-l,h-f,j-q-x	1
鸿渐之仪	hóng jiàn zhī yí	46656	ian-iang,z-zh,h-f,j-q-x	1
鸿渐之翼	hóng jiàn zhī yì	46657	ian-iang,z-zh,h-f,j-q-x	1
鸿渐于干	hóng jiàn yú gàn	46658	an-ang,ian-iang,h-f,j-q-x	1
鸿爪春泥	hóng zhǎo chūn ní	46660	ao-ou,z-zh,c-ch,n-l,h-f	1
鸿爪留泥	hóng zhǎo liú ní	46661	ao-ou,z-zh,n-l,h-f,r-l	1
鸿爪雪泥	hóng zhǎo xuě ní	46662	ao-ou,z-zh,n-l,h-f,j-q-x	1
鸿笔丽藻	hóng bǐ lì zǎo	46663	ao-ou,z-zh,n-l,h-f,r-l	1
鸿篇巨着	hóng piān jù zhe	46664	ian-iang,z-zh,h-f,j-q-x	1
鸿篇巨著	hóng piān jù zhù	46665	ian-iang,z-zh,h-f,j-q-x	1
鸿蒙初辟	hóng méng chū pì	46667	en-eng,c-ch,h-f	1
鸿衣羽裳	hóng yī yǔ cháng	46668	an-ang,c-ch,h-f	1
鸿都买第	hóng dōu mǎi dì	46669	ai-ei,ao-ou,h-f	1
鸿隐凤伏	hóng yǐn fèng fú	46670	en-eng,in-ing,h-f	1
鸿飞雪爪	hóng fēi xuě zhǎo	46671	ai-ei,ao-ou,z-zh,h-f,j-q-x	1
鸿飞霜降	hóng fēi shuāng jiàng	46672	ian-iang,uan-uang,ai-ei,s-sh,h-f,j-q-x	1
鸿鹄将至	hóng hú jiāng zhì	46673	ian-iang,z-zh,h-f,j-q-x	3
鹄峙鸾停	hú zhì luán tíng	46674	in-ing,uan-uang,z-zh,n-l,h-f,r-l	3
鹄峙鸾翔	hú zhì luán xiáng	46675	ian-iang,uan-uang,z-zh,n-l,h-f,r-l,j-q-x	3
鹅不食草	é bù shí cǎo	46677	ao-ou,c-ch,s-sh	1
鹅湖之会	é hú zhī huì	46682	z-zh,h-f	1
鹅王择乳	é wáng zé rǔ	46683	an-ang,z-zh,r-l	1
鹅行鸭步	é xíng yā bù	46685	in-ing,j-q-x	1
鹊巢鸠据	què cháo jiū jù	46687	ao-ou,c-ch,j-q-x	3
鹏霄万里	péng xiāo wàn lǐ	46689	en-eng,an-ang,n-l,r-l,j-q-x	1
鹑衣百结	chún yī bǎi jié	46691	ai-ei,ia-ie,c-ch,j-q-x	3
鹤发松姿	hè fà sōng zī	46693	z-zh,s-sh,h-f	1
鹤发鸡皮	hè fà jī pí	46695	h-f,j-q-x	1
鹤唳华亭	hè lì huá tíng	46696	in-ing,ua-uo,n-l,h-f,r-l	3
鹤唳风声	hè lì fēng shēng	46697	en-eng,s-sh,n-l,h-f,r-l	3
鹤处鸡群	hè chǔ jī qún	46698	c-ch,h-f,j-q-x	1
鹤子梅妻	hè zǐ méi qī	46699	ai-ei,z-zh,h-f,j-q-x	1
鹤归华表	hè guī huá biǎo	46700	ua-uo,h-f	1
鹤知夜半	hè zhī yè bàn	46701	an-ang,z-zh,h-f	1
鹤短凫长	hè duǎn fú cháng	46702	an-ang,uan-uang,c-ch,h-f	3
鹤背扬州	hè bèi yáng zhōu	46703	an-ang,ai-ei,ao-ou,z-zh,h-f	1
鹤行鸡群	hè xíng jī qún	46704	in-ing,h-f,j-q-x	1
鹤长凫短	hè cháng fú duǎn	46705	an-ang,uan-uang,c-ch,h-f	3
鹤骨松姿	hè gǔ sōng zī	46706	z-zh,s-sh,h-f	1
鹤骨松筋	hè gǔ sōng jīn	46707	in-ing,s-sh,h-f,j-q-x	1
鹤骨霜髯	hè gǔ shuāng rán	46708	an-ang,uan-uang,s-sh,h-f,r-l	3
鹤骨鸡肤	hè gǔ jī fū	46709	h-f,j-q-x	1
鹤骨龙筋	hè gǔ lóng jīn	46710	in-ing,n-l,h-f,r-l,j-q-x	1
鹤鸣九皋	hè míng jiǔ gāo	46711	in-ing,ao-ou,h-f,j-q-x	3
鹦鹉学语	yīng wǔ xué yǔ	46712	in-ing,j-q-x	1
鹪鹩一枝	jiāo liáo yī zhī	46713	z-zh,n-l,r-l,j-q-x	3
鹬蚌相争	yù bàng xiāng zhēng	46714	en-eng,an-ang,ian-iang,z-zh,j-q-x	3
鹬蚌相危	yù bàng xiāng wēi	46715	an-ang,ian-iang,ai-ei,j-q-x	3
鹬蚌相持	yù bàng xiāng chí	46716	an-ang,ian-iang,c-ch,j-q-x	3
鹬蚌相斗	yù bàng xiāng dòu	46717	an-ang,ian-iang,ao-ou,j-q-x	3
鹭序鸳行	lù xù yuān xíng	46718	in-ing,uan-uang,n-l,r-l,j-q-x	3
鹭约鸥盟	lù yuē ōu méng	46720	en-eng,ao-ou,n-l,r-l	3
鹰击长空	yīng jī cháng kōng	46721	in-ing,an-ang,c-ch,j-q-x	1
鹰头雀脑	yīng tóu què nǎo	46722	in-ing,ao-ou,n-l,j-q-x	1
鹰心雁爪	yīng xīn yàn zhǎo	46723	in-ing,an-ang,ao-ou,z-zh,j-q-x	1
鹰拿燕雀	yīng ná yàn què	46724	in-ing,an-ang,n-l,j-q-x	1
鹰挚狼食	yīng zhì láng shí	46725	in-ing,an-ang,z-zh,s-sh,n-l,r-l	1
鹰撮霆击	yīng cuō tíng jī	46726	in-ing,ua-uo,c-ch,j-q-x	3
鹰犬塞途	yīng quǎn sāi tú	46729	in-ing,uan-uang,ai-ei,s-sh,j-q-x	1
鹰觑鹘望	yīng qù hú wàng	46730	in-ing,an-ang,h-f,j-q-x	3
鹿裘不完	lù qiú bù wán	46735	an-ang,n-l,r-l,j-q-x	3
鹿走苏台	lù zǒu sū tái	46737	ai-ei,ao-ou,z-zh,s-sh,n-l,r-l	1
鹿车共挽	lù chē gòng wǎn	46738	an-ang,c-ch,n-l,r-l	1
鹿驯豕暴	lù xùn shǐ bào	46739	ao-ou,s-sh,n-l,r-l,j-q-x	3
麇至沓来	qún zhì tà lái	46740	ai-ei,z-zh,n-l,r-l,j-q-x	3
麇骇雉伏	jūn hài zhì fú	46741	ai-ei,z-zh,h-f,j-q-x	3
麈尾之诲	zhǔ wěi zhī huì	46742	ai-ei,z-zh,h-f	3
麟凤龟龙	lín fèng guī lóng	46743	en-eng,in-ing,n-l,h-f,r-l	3
麟角凤嘴	lín jiǎo fèng zuǐ	46744	en-eng,in-ing,z-zh,n-l,h-f,r-l,j-q-x	3
麟角凤毛	lín jiǎo fèng máo	46745	en-eng,in-ing,ao-ou,n-l,h-f,r-l,j-q-x	3
麟角凤觜	lín jiǎo fèng zuǐ	46746	en-eng,in-ing,z-zh,n-l,h-f,r-l,j-q-x	7
麟角凤距	lín jiǎo fèng jù	46747	en-eng,in-ing,n-l,h-f,r-l,j-q-x	3
麟角虎翅	lín jiǎo hǔ chì	46748	in-ing,c-ch,n-l,h-f,r-l,j-q-x	3
麻痹不仁	má bì bù rén	46762	en-eng,r-l	1
麻痹大意	má bì dà yì	46763		1
黄冠草履	huáng guàn cǎo lǚ	46769	uan-uang,ao-ou,c-ch,n-l,h-f,r-l	1
黄冠草服	huáng guàn cǎo fú	46770	uan-uang,ao-ou,c-ch,h-f	1
黄冠野服	huáng guàn yě fú	46771	uan-uang,h-f	1
黄卷幼妇	huáng juàn yòu fù	46772	uan-uang,ao-ou,h-f,j-q-x	1
黄卷青灯	huáng juàn qīng dēng	46773	en-eng,in-ing,uan-uang,h-f,j-q-x	1
黄发儿齿	huáng fà ér chǐ	46774	uan-uang,c-ch,h-f	1
黄发台背	huáng fā tái bèi	46775	uan-uang,ai-ei,h-f	1
黄发垂髫	huáng fà chuí tiáo	46776	uan-uang,c-ch,h-f	3
黄发骀背	huáng fā dài bèi	46777	uan-uang,ai-ei,h-f	3
黄发鲐背	huáng fā tái bèi	46778	uan-uang,ai-ei,h-f	3
黄台之瓜	huáng tái zhī guā	46779	uan-uang,ai-ei,ua-uo,z-zh,h-f	1
黄干黑廋	huáng gān hēi sōu	46783	an-ang,uan-uang,ai-ei,ao-ou,s-sh,h-f	5
黄梁一梦	huáng liáng yí mèng	46784	en-eng,ian-iang,uan-uang,n-l,h-f,r-l	1
黄汤淡水	huáng tāng dàn shuǐ	46786	an-ang,uan-uang,s-sh,h-f	1
黄汤辣水	huáng tāng là shuǐ	46787	an-ang,uan-uang,s-sh,n-l,h-f,r-l	1
黄耳传书	huáng ěr chuán shū	46795	uan-uang,c-ch,s-sh,h-f	1
黄花晚节	huáng huā wǎn jié	46796	an-ang,uan-uang,ia-ie,ua-uo,h-f,j-q-x	1
黄袍加体	huáng páo jiā tǐ	46797	uan-uang,ao-ou,ia-ie,h-f,j-q-x	1
黄钟大吕	huáng zhōng dà lǚ	46801	uan-uang,z-zh,n-l,h-f,r-l	1
黄钟瓦釜	huáng zhōng wǎ fǔ	46802	uan-uang,z-zh,h-f	3
黄钟长弃	huáng zhōng cháng qì	46803	an-ang,uan-uang,z-zh,c-ch,h-f,j-q-x	1
黄锺瓦缶	huáng zhōng wǎ fǒu	46804	uan-uang,ao-ou,z-zh,h-f	7
黄雀伺蝉	huáng què sì chán	46807	an-ang,uan-uang,c-ch,s-sh,h-f,j-q-x	1
黄雀在后	huáng què zài hòu	46808	uan-uang,ai-ei,ao-ou,z-zh,h-f,j-q-x	1
黄雀衔环	huáng què xián huán	46809	ian-iang,uan-uang,h-f,j-q-x	1
黄风雾罩	huáng fēng wù zhào	46810	en-eng,uan-uang,ao-ou,z-zh,h-f	1
黄麻紫泥	huáng má zǐ ní	46812	uan-uang,z-zh,n-l,h-f	1
黏吝缴绕	nián lìn jiǎo rào	46814	in-ing,ian-iang,ao-ou,n-l,r-l,j-q-x	3
黏皮带骨	nián pí dài gǔ	46816	ian-iang,ai-ei,n-l	3
黏皮着骨	nián pí zhuó gǔ	46817	ian-iang,ua-uo,z-zh,n-l	3
黑价白日	hēi jià bái rì	46824	ai-ei,ia-ie,h-f,r-l,j-q-x	1
黑地昏天	hēi dì hūn tiān	46835	ian-iang,ai-ei,h-f	1
黑天墨地	hēi tiān mò dì	46836	ian-iang,ai-ei,h-f	1
黑天摸地	hēi tiān mō dì	46837	ian-iang,ai-ei,h-f	1
黑家白日	hēi jiā bái rì	46839	ai-ei,ia-ie,h-f,r-l,j-q-x	1
黑白分明	hēi bái fēn míng	46847	en-eng,in-ing,ai-ei,h-f	1
黑白混淆	hēi bái hùn xiáo	46848	ai-ei,h-f,j-q-x	1
黑白相间	hēi bái xiāng jiàn	46850	ian-iang,ai-ei,h-f,j-q-x	1
黑色金属	hēi sè jīn shǔ	46858	in-ing,ai-ei,s-sh,h-f,j-q-x	1
黑言诳语	hēi yán kuáng yǔ	46861	an-ang,uan-uang,ai-ei,h-f	3
黑陶文化	hēi táo wén huà	46864	en-eng,ai-ei,ao-ou,ua-uo,h-f	1
黑风孽海	hēi fēng niè hǎi	46869	en-eng,ai-ei,ia-ie,n-l,h-f	1
默化潜移	mò huà qián yí	46872	ian-iang,ua-uo,h-f,j-q-x	1
默契神会	mò qì shén huì	46874	en-eng,s-sh,h-f,j-q-x	1
默而识之	mò ér shí zhī	46876	z-zh,s-sh	1
默转潜移	mò zhuǎn qián yí	46879	ian-iang,uan-uang,z-zh,j-q-x	1
黜衣缩食	chù yī suō shí	46881	ua-uo,c-ch,s-sh	3
黜邪崇正	chù xié chóng zhèng	46882	en-eng,ia-ie,z-zh,c-ch,j-q-x	3
黼国黻家	fǔ guó fú jiā	46883	ia-ie,ua-uo,h-f,j-q-x	3
黼蔀黻纪	fǔ bù fú jì	46884	h-f,j-q-x	7
黾穴鸲巢	měng xué qú cháo	46886	en-eng,ao-ou,c-ch,j-q-x	3
鼋鸣鳖应	yuán míng biē yìng	46887	in-ing,uan-uang,ia-ie	3
鼎分三足	dǐng fēn sān zú	46888	en-eng,in-ing,an-ang,z-zh,s-sh,h-f	1
鼎玉龟符	dǐng yù guī fú	46892	in-ing,h-f	1
鼎足三分	dǐng zú sān fēn	46894	en-eng,in-ing,an-ang,z-zh,s-sh,h-f	1
鼎铛有耳	dǐng chēng yǒu ěr	46895	en-eng,in-ing,ao-ou,c-ch	1
鼎铛玉石	dǐng chēng yù shí	46896	en-eng,in-ing,c-ch,s-sh	1
鼎食钟鸣	dǐng shí zhōng míng	46897	in-ing,z-zh,s-sh	1
鼎食鸣钟	dǐng shí míng zhōng	46898	in-ing,z-zh,s-sh	1
鼎食鸣锺	dǐng shí míng zhōng	46899	in-ing,z-zh,s-sh	5
鼎鱼幕燕	dǐng yú mù yàn	46900	in-ing,an-ang	1
鼎鼎有名	dǐng dǐng yǒu míng	46902	in-ing,ao-ou	1
鼎鼐调和	dǐng nài tiáo hé	46903	in-ing,ai-ei,n-l,h-f	3
鼓乐喧天	gǔ yuè xuān tiān	46905	ian-iang,uan-uang,j-q-x	1
鼓乐齐鸣	gǔ yuè qí míng	46906	in-ing,j-q-x	1
鼓吻奋爪	gǔ wěn fèn zhǎo	46908	en-eng,ao-ou,z-zh,h-f	1
鼓吻弄舌	gǔ wěn nòng shé	46909	en-eng,s-sh,n-l	1
鼓唇咋舌	gǔ chún zǎ shé	46910	z-zh,c-ch,s-sh	1
鼓唇弄舌	gǔ chún nòng shé	46911	c-ch,s-sh,n-l	1
鼓旗相当	gǔ qí xiāng dāng	46914	an-ang,ian-iang,j-q-x	1
鼓睛暴眼	gǔ jīng bào yǎn	46915	in-ing,an-ang,ao-ou,j-q-x	1
鼓脑争头	gǔ nǎo zhēng tóu	46916	en-eng,ao-ou,z-zh,n-l	1
鼓腹含和	gǔ fù hán hé	46917	an-ang,h-f	1
鼓衰力尽	gǔ shuāi lì jìn	46918	in-ing,s-sh,n-l,r-l,j-q-x	1
鼓角齐鸣	gǔ jiǎo qí míng	46920	in-ing,j-q-x	1
鼠入牛角	shǔ rù niú jiǎo	46925	s-sh,n-l,r-l,j-q-x	1
鼠牙雀角	shǔ yá què jiǎo	46927	s-sh,j-q-x	1
鼠目獐头	shǔ mù zhāng tóu	46928	an-ang,ao-ou,z-zh,s-sh	3
鼠穴寻羊	shǔ xué xún yáng	46930	an-ang,s-sh,j-q-x	1
鼠窜狼奔	shǔ cuàn láng bēn	46931	en-eng,an-ang,uan-uang,c-ch,s-sh,n-l,r-l	1
鼠肚鸡肠	shǔ dù jī cháng	46933	an-ang,c-ch,s-sh,j-q-x	1
鼠肝虫臂	shǔ gān chóng bì	46934	an-ang,c-ch,s-sh	1
鼠臂虮肝	shǔ bì jǐ gān	46935	an-ang,s-sh,j-q-x	3
鼠雀之牙	shǔ què zhī yá	46936	z-zh,s-sh,j-q-x	1
鼠雀之辈	shǔ què zhī bèi	46937	ai-ei,z-zh,s-sh,j-q-x	1
鼷腹鹪枝	xī fù jiāo zhī	46938	z-zh,h-f,j-q-x	7
鼻头出火	bí tóu chū huǒ	46943	ao-ou,ua-uo,c-ch,h-f	1
鼻孔撩天	bí kǒng liáo tiān	46945	ian-iang,n-l,r-l	1
鼻孔朝天	bí kǒng cháo tiān	46946	ian-iang,ao-ou,c-ch	1
齐东野语	qí dōng yě yǔ	46949	j-q-x	1
齐人攫金	qí rén jué jīn	46951	en-eng,in-ing,r-l,j-q-x	3
齐名并价	qí míng bìng jià	46956	in-ing,ia-ie,j-q-x	1
齐大非偶	qí dà fēi ǒu	46960	ai-ei,ao-ou,h-f,j-q-x	1
齐大非耦	qí dà fēi ǒu	46961	ai-ei,ao-ou,h-f,j-q-x	3
齐天大圣	qí tiān dà shèng	46963	en-eng,ian-iang,s-sh,j-q-x	1
齐天洪福	qí tiān hóng fú	46964	ian-iang,h-f,j-q-x	1
齐家治国	qí jiā zhì guó	46969	ia-ie,ua-uo,z-zh,j-q-x	1
齐心一力	qí xīn yī lì	46972	in-ing,n-l,r-l,j-q-x	1
齐心合力	qí xīn hé lì	46975	in-ing,n-l,h-f,r-l,j-q-x	1
齐心同力	qí xīn tóng lì	46976	in-ing,n-l,r-l,j-q-x	1
齐心并力	qí xīn bìng lì	46977	in-ing,n-l,r-l,j-q-x	1
齐心戮力	qí xīn lù lì	46978	in-ing,n-l,r-l,j-q-x	3
齐心涤虑	qí xīn dí lǜ	46979	in-ing,n-l,r-l,j-q-x	1
齐烟九点	qí yān jiǔ diǎn	46987	an-ang,ian-iang,j-q-x	1
齐王舍牛	qí wáng shě niú	46988	an-ang,s-sh,n-l,j-q-x	1
齐眉举案	qí méi jǔ àn	46990	an-ang,ai-ei,j-q-x	1
齐纨鲁缟	qí wán lǔ gǎo	46991	an-ang,ao-ou,n-l,r-l,j-q-x	3
齐趋并驾	qí qū bìng jià	46994	in-ing,ia-ie,j-q-x	1
齐足并驱	qí zú bìng qū	46995	in-ing,z-zh,j-q-x	1
齐轨连辔	qí guǐ lián pèi	46996	ian-iang,ai-ei,n-l,r-l,j-q-x	3
齐量等观	qí liàng děng guān	46997	en-eng,ian-iang,uan-uang,n-l,r-l,j-q-x	1
齐镳并驱	qí biāo bìng qū	46998	in-ing,j-q-x	3
齐驱并进	qí qū bìng jìn	47000	in-ing,j-q-x	1
齐驱并驾	qí qū bìng jià	47001	in-ing,ia-ie,j-q-x	1
齐驱并骤	qí qū bìng zhòu	47002	in-ing,ao-ou,z-zh,j-q-x	1
齐齐整整	qí qí zhěng zhěng	47004	en-eng,z-zh,j-q-x	1
齑身粉骨	jī shēn fěn gǔ	47005	en-eng,s-sh,h-f,j-q-x	3
齿亡舌存	chǐ wáng shé cún	47006	an-ang,c-ch,s-sh	1
齿危发秀	chǐ wēi fā xiù	47008	ai-ei,c-ch,h-f,j-q-x	1
齿如齐贝	chǐ rú qí bèi	47009	ai-ei,c-ch,r-l,j-q-x	1
齿少心锐	chǐ shǎo xīn ruì	47010	in-ing,ao-ou,c-ch,s-sh,r-l,j-q-x	1
齿少气锐	chǐ shǎo qì ruì	47011	ao-ou,c-ch,s-sh,r-l,j-q-x	1
齿牙为猾	chǐ yá wéi huá	47013	ai-ei,ua-uo,c-ch,h-f	1
齿牙为祸	chǐ yá wéi huò	47014	ai-ei,ua-uo,c-ch,h-f	1
齿牙余论	chǐ yá yú lùn	47015	c-ch,n-l,r-l	1
齿甘乘肥	chǐ gān chéng féi	47017	en-eng,an-ang,ai-ei,c-ch,h-f	1
齿白唇红	chǐ bái chún hóng	47018	ai-ei,c-ch,h-f	1
齿若编贝	chǐ ruò biān bèi	47019	ian-iang,ai-ei,ua-uo,c-ch,r-l	1
齿落舌钝	chǐ luò shé dùn	47020	ua-uo,c-ch,s-sh,n-l,r-l	1
齿豁头童	chǐ huō tóu tóng	47021	ao-ou,ua-uo,c-ch,h-f	1
齿过肩随	chǐ guò jiān suí	47022	ian-iang,ua-uo,c-ch,s-sh,j-q-x	1
龃龉不合	jǔ yǔ bù hé	47024	h-f,j-q-x	3
龇牙裂嘴	zī yá liè zuǐ	47027	ia-ie,z-zh,n-l,r-l	3
龈齿弹舌	yín chǐ dàn shé	47028	in-ing,an-ang,c-ch,s-sh	3
龈龈计较	yín yín jì jiào	47029	in-ing,j-q-x	3
龙举云兴	lóng jǔ yún xīng	47030	in-ing,n-l,r-l,j-q-x	1
龙举云属	lóng jǔ yún shǔ	47031	s-sh,n-l,r-l,j-q-x	1
龙兴云属	lóng xīng yún shǔ	47034	in-ing,s-sh,n-l,r-l,j-q-x	1
龙兴凤举	lóng xīng fèng jǔ	47035	en-eng,in-ing,n-l,h-f,r-l,j-q-x	1
龙凤呈样	lóng fèng chéng yàng	47036	en-eng,an-ang,c-ch,n-l,h-f,r-l	1
龙化虎变	lóng huà hǔ biàn	47037	ian-iang,ua-uo,n-l,h-f,r-l	1
龙口夺食	lóng kǒu duó shí	47041	ao-ou,ua-uo,s-sh,n-l,r-l	1
龙头蛇尾	lóng tóu shé wěi	47043	ai-ei,ao-ou,s-sh,n-l,r-l	1
龙头锯角	lóng tóu jù jiǎo	47044	ao-ou,n-l,r-l,j-q-x	1
龙姿凤采	lóng zī fèng cǎi	47045	en-eng,ai-ei,z-zh,c-ch,n-l,h-f,r-l	1
龙威燕颔	lóng wēi yàn hàn	47046	an-ang,ai-ei,n-l,h-f,r-l	3
龙屈蛇伸	lóng qū shé shēn	47047	en-eng,s-sh,n-l,r-l,j-q-x	1
龙山文化	lóng shān wén huà	47048	en-eng,an-ang,ua-uo,s-sh,n-l,h-f,r-l	1
龙御上宾	lóng yù shàng bīn	47049	in-ing,an-ang,s-sh,n-l,r-l	1
龙断可登	lóng duàn kě dēng	47051	en-eng,uan-uang,n-l,r-l	1
龙楼凤阙	lóng lóu fèng què	47053	en-eng,ao-ou,n-l,h-f,r-l,j-q-x	3
龙游曲沼	lóng yóu qū zhǎo	47054	ao-ou,z-zh,n-l,r-l,j-q-x	1
龙潜凤采	lóng qián fèng cǎi	47055	en-eng,ian-iang,ai-ei,c-ch,n-l,h-f,r-l,j-q-x	1
龙生九种	lóng shēng jiǔ zhǒng	47060	en-eng,z-zh,s-sh,n-l,r-l,j-q-x	1
龙眉豹颈	lóng méi bào jǐng	47061	in-ing,ai-ei,ao-ou,n-l,r-l,j-q-x	1
龙章秀骨	lóng zhāng xiù gǔ	47062	an-ang,z-zh,n-l,r-l,j-q-x	1
龙章麟角	lóng zhāng lín jiǎo	47063	in-ing,an-ang,z-zh,n-l,r-l,j-q-x	3
龙荒蛮甸	lóng huāng mán diàn	47064	an-ang,ian-iang,uan-uang,n-l,h-f,r-l	1
龙虎风云	lóng hǔ fēng yún	47067	en-eng,n-l,h-f,r-l	1
龙蛇混杂	lóng shé hùn zá	47068	z-zh,s-sh,n-l,h-f,r-l	1
龙蛇飞动	lóng shé fēi dòng	47069	ai-ei,s-sh,n-l,h-f,r-l	1
龙蛇飞舞	lóng shé fēi wǔ	47070	ai-ei,s-sh,n-l,h-f,r-l	1
龙蟠虬结	lóng pán qiú jié	47071	an-ang,ia-ie,n-l,r-l,j-q-x	3
龙血凤髓	lóng xuè fèng suǐ	47072	en-eng,s-sh,n-l,h-f,r-l,j-q-x	1
龙血玄黄	lóng xuè xuán huáng	47073	uan-uang,n-l,h-f,r-l,j-q-x	1
龙行虎变	lóng xíng hǔ biàn	47074	in-ing,ian-iang,n-l,h-f,r-l,j-q-x	1
龙言凤语	lóng yán fèng yǔ	47076	en-eng,an-ang,n-l,h-f,r-l	1
龙跃鸿矫	lóng yuè hóng jiǎo	47077	n-l,h-f,r-l,j-q-x	1
龙跳虎伏	lóng tiào hǔ fú	47078	n-l,h-f,r-l	1
龙跳虎卧	lóng tiào hǔ wò	47079	n-l,h-f,r-l	1
龙雏凤种	lóng chú fèng zhǒng	47081	en-eng,z-zh,c-ch,n-l,h-f,r-l	1
龙雕凤咀	lóng diāo fèng jǔ	47082	en-eng,n-l,h-f,r-l,j-q-x	3
龙飞虎跳	lóng fēi hǔ tiào	47083	ai-ei,n-l,h-f,r-l	1
龙飞风舞	lóng fēi fēng wǔ	47084	en-eng,ai-ei,n-l,h-f,r-l	1
龙驭上宾	lóng yù shàng bīn	47085	in-ing,an-ang,s-sh,n-l,r-l	3
龙骧凤矫	lóng xiāng fèng jiǎo	47086	en-eng,ian-iang,n-l,h-f,r-l,j-q-x	3
龙鬼蛇神	lóng guǐ shé shén	47088	en-eng,s-sh,n-l,r-l	1
龚行天罚	gōng xíng tiān fá	47089	in-ing,ian-iang,h-f,j-q-x	3
龟冷支床	guī lěng zhī chuáng	47092	en-eng,uan-uang,z-zh,c-ch,n-l,r-l	1
龟厌不告	guī yàn bù gào	47093	an-ang,ao-ou	1
龟年鹤寿	guī nián hè shòu	47095	ian-iang,ao-ou,s-sh,n-l,h-f	1
龟年鹤算	guī nián hè suàn	47096	ian-iang,uan-uang,s-sh,n-l,h-f	1
龟文鸟迹	guī wén niǎo jì	47097	en-eng,n-l,j-q-x	1
龟毛兔角	guī máo tù jiǎo	47099	ao-ou,j-q-x	1
龟玉毁椟	guī yù huǐ dú	47100	h-f	3
龟鹤遐寿	guī hè xiá shòu	47106	ao-ou,ia-ie,s-sh,h-f,j-q-x	3
龟鹤遐龄	guī hè xiá líng	47107	in-ing,ia-ie,n-l,h-f,r-l,j-q-x	3
龟龄鹤算	guī líng hè suàn	47108	in-ing,uan-uang,s-sh,n-l,h-f,r-l	1
龟龙片甲	guī lóng piàn jiǎ	47109	ian-iang,ia-ie,n-l,r-l,j-q-x	1
龟龙鳞凤	guī lóng lín fèng	47110	en-eng,in-ing,n-l,h-f,r-l	1
龟龙麟凤	guī lóng lín fèng	47111	en-eng,in-ing,n-l,h-f,r-l	3
