越来越	yuè lái yuè	13440	ai-ei,n-l,r-l	1
委员会	wěi yuán huì	13464	uan-uang,ai-ei,h-f	1
中国梦	zhōng guó mèng	13467	en-eng,ua-uo,z-zh	1
实际上	shí jì shàng	13468	an-ang,s-sh,j-q-x	1
国务院	guó wù yuàn	13476	uan-uang,ua-uo	1
一部分	yī bù fen	13484	en-eng,h-f	1
大学生	dà xué shēng	13493	en-eng,s-sh,j-q-x	1
是不是	shì bù shì	13503	s-sh	1
老百姓	lǎo bǎi xìng	13507	in-ing,ai-ei,ao-ou,n-l,r-l,j-q-x	1
俄罗斯	é luó sī	13510	ua-uo,s-sh,n-l,r-l	1
一方面	yī fāng miàn	13511	an-ang,ian-iang,h-f	1
负责人	fù zé rén	13512	en-eng,z-zh,h-f,r-l	1
党中央	dǎng zhōng yāng	13518	an-ang,z-zh	1
农民工	nóng mín gōng	13536	in-ing,n-l	1
青少年	qīng shào nián	13537	in-ing,ian-iang,ao-ou,s-sh,n-l,j-q-x	1
国民党	guó mín dǎng	13545	in-ing,an-ang,ua-uo	1
积极性	jī jí xìng	13567	in-ing,j-q-x	1
座谈会	zuò tán huì	13574	an-ang,ua-uo,z-zh,h-f	1
艺术家	yì shù jiā	13576	ia-ie,s-sh,j-q-x	1
本主儿	běn zhǔ er	13581	en-eng,z-zh	1
意大利	yì dà lì	13584	n-l,r-l	1
自治区	zì zhì qū	13590	z-zh,j-q-x	1
奥运会	ào yùn huì	13599	ao-ou,h-f	1
总书记	zǒng shū ji	13601	z-zh,s-sh,j-q-x	1
总经理	zǒng jīng lǐ	13614	in-ing,z-zh,n-l,r-l,j-q-x	1
秘书长	mì shū zhǎng	13642	an-ang,z-zh,s-sh	1
党支部	dǎng zhī bù	13649	an-ang,z-zh	1
什么样	shén me yàng	13661	en-eng,an-ang,s-sh	1
党组织	dǎng zǔ zhī	13667	an-ang,z-zh	1
产业化	chǎn yè huà	13675	an-ang,ua-uo,c-ch,h-f	1
研讨会	yán tǎo huì	13677	an-ang,ao-ou,h-f	1
劳动者	láo dòng zhě	13679	ao-ou,z-zh,n-l,r-l	1
加拿大	jiā ná dà	13682	ia-ie,n-l,j-q-x	1
竞争力	jìng zhēng lì	13688	en-eng,in-ing,z-zh,n-l,r-l,j-q-x	1
创造性	chuàng zào xìng	13694	in-ing,uan-uang,ao-ou,z-zh,c-ch,j-q-x	1
哈尔滨	hā ěr bīn	13709	in-ing,h-f	1
保护区	bǎo hù qū	13720	ao-ou,h-f,j-q-x	1
信息化	xìn xī huà	13732	in-ing,ua-uo,h-f,j-q-x	1
莫斯科	mò sī kē	13736	s-sh	1
派出所	pài chū suǒ	13741	ai-ei,ua-uo,c-ch,s-sh	1
可以说	kě yǐ shuō	13751	ua-uo,s-sh	1
上半年	shàng bàn nián	13759	an-ang,ian-iang,s-sh,n-l	1
研究所	yán jiū suǒ	13763	an-ang,ua-uo,s-sh,j-q-x	1
检察院	jiǎn chá yuàn	13770	ian-iang,uan-uang,c-ch,j-q-x	1
华盛顿	huá shèng dùn	13772	en-eng,ua-uo,s-sh,h-f	1
阿富汗	ā fù hàn	13780	an-ang,h-f	1
贸易战	mào yì zhàn	13788	an-ang,ao-ou,z-zh	1
董事长	dǒng shì zhǎng	13800	an-ang,z-zh,s-sh	1
工业化	gōng yè huà	13803	ua-uo,h-f	1
企业家	qǐ yè jiā	13804	ia-ie,j-q-x	1
招待会	zhāo dài huì	13805	ai-ei,ao-ou,z-zh,h-f	1
有助于	yǒu zhù yú	13807	ao-ou,z-zh	1
一辈子	yī bèi zi	13821	ai-ei,z-zh	1
百分点	bǎi fēn diǎn	13824	en-eng,ian-iang,ai-ei,h-f	1
成员国	chéng yuán guó	13839	en-eng,uan-uang,ua-uo,c-ch	1
再就业	zài jiù yè	13841	ai-ei,z-zh,j-q-x	1
内蒙古	nèi méng gǔ	13844	en-eng,ai-ei,n-l	1
黑龙江	hēi lóng jiāng	13847	ian-iang,ai-ei,n-l,h-f,r-l,j-q-x	1
责任制	zé rèn zhì	13849	en-eng,z-zh,r-l	1
锦标赛	jǐn biāo sài	13850	in-ing,ai-ei,s-sh,j-q-x	1
新加坡	xīn jiā pō	13851	in-ing,ia-ie,j-q-x	1
二维码	èr wéi mǎ	13865	ai-ei	1
世界杯	shì jiè bēi	13868	ai-ei,ia-ie,s-sh,j-q-x	1
责任感	zé rèn gǎn	13877	en-eng,an-ang,z-zh,r-l	1
女孩儿	nǚ hái er	13883	ai-ei,n-l,h-f	1
一体化	yī tǐ huà	13895	ua-uo,h-f	1
公务员	gōng wù yuán	13902	uan-uang	1
进出口	jìn chū kǒu	13908	in-ing,ao-ou,c-ch,j-q-x	1
产业链	chǎn yè liàn	13927	an-ang,ian-iang,c-ch,n-l,r-l	1
老年人	lǎo nián rén	13945	en-eng,ian-iang,ao-ou,n-l,r-l	1
规范化	guī fàn huà	13946	an-ang,ua-uo,h-f	1
致力于	zhì lì yú	13950	z-zh,n-l,r-l	1
社会化	shè huì huà	13958	ua-uo,s-sh,h-f	1
一大批	yī dà pī	13963		1
共和国	gòng hé guó	13978	ua-uo,h-f	1
没什么	méi shén me	13991	en-eng,ai-ei,s-sh	1
旅游业	lǚ yóu yè	14013	ao-ou,n-l,r-l	1
许可证	xǔ kě zhèng	14018	en-eng,z-zh,j-q-x	1
候选人	hòu xuǎn rén	14028	en-eng,uan-uang,ao-ou,h-f,r-l,j-q-x	1
不仅仅	bù jǐn jǐn	14034	in-ing,j-q-x	1
博览会	bó lǎn huì	14035	an-ang,n-l,h-f,r-l	1
世界观	shì jiè guān	14039	uan-uang,ia-ie,s-sh,j-q-x	1
前不久	qián bù jiǔ	14042	ian-iang,j-q-x	1
办公厅	bàn gōng tīng	14069	in-ing,an-ang	1
安理会	ān lǐ huì	14072	an-ang,n-l,h-f,r-l	1
房地产	fáng dì chǎn	14073	an-ang,c-ch,h-f	1
服务业	fú wù yè	14074	h-f	1
太平洋	tài píng yáng	14083	in-ing,an-ang,ai-ei	1
所有制	suǒ yǒu zhì	14086	ao-ou,ua-uo,z-zh,s-sh	1
理事会	lǐ shì huì	14090	s-sh,n-l,h-f,r-l	1
办事处	bàn shì chù	14091	an-ang,c-ch,s-sh	1
凝聚力	níng jù lì	14104	in-ing,n-l,r-l,j-q-x	1
价值观	jià zhí guān	14106	uan-uang,ia-ie,z-zh,j-q-x	1
想不到	xiǎng bu dào	14107	ian-iang,ao-ou,j-q-x	1
无人机	wú rén jī	14122	en-eng,r-l,j-q-x	1
奥斯卡	ào sī kǎ	14135	ao-ou,s-sh	1
多元化	duō yuán huà	14140	uan-uang,ua-uo,h-f	1
一句话	yī jù huà	14149	ua-uo,h-f,j-q-x	1
中学生	zhōng xué shēng	14152	en-eng,z-zh,s-sh,j-q-x	1
菲律宾	fěi lǜ bīn	14166	in-ing,ai-ei,n-l,h-f,r-l	1
工作组	gōng zuò zǔ	14169	ua-uo,z-zh	1
组委会	zǔ wěi huì	14176	ai-ei,z-zh,h-f	1
增长率	zēng zhǎng lǜ	14180	en-eng,an-ang,z-zh,n-l,r-l	1
主教练	zhǔ jiào liàn	14182	ian-iang,z-zh,n-l,r-l,j-q-x	1
禽流感	qín liú gǎn	14183	in-ing,an-ang,n-l,r-l,j-q-x	1
发布会	fā bù huì	14185	h-f	1
国家队	guó jiā duì	14188	ia-ie,ua-uo,j-q-x	1
基金会	jī jīn huì	14200	in-ing,h-f,j-q-x	1
受害人	shòu hài rén	14217	en-eng,ai-ei,ao-ou,s-sh,h-f,r-l	1
纯收入	chún shōu rù	14218	ao-ou,c-ch,s-sh,r-l	1
海内外	hǎi nèi wài	14219	ai-ei,n-l,h-f	1
经济学	jīng jì xué	14228	in-ing,j-q-x	1
多样化	duō yàng huà	14234	an-ang,ua-uo,h-f	1
研究员	yán jiū yuán	14239	an-ang,uan-uang,j-q-x	1
标准化	biāo zhǔn huà	14250	ua-uo,z-zh,h-f	1
石家庄	shí jiā zhuāng	14252	uan-uang,ia-ie,z-zh,s-sh,j-q-x	1
专案组	zhuā nàn zǔ	14254	an-ang,ua-uo,z-zh,n-l	1
发动机	fā dòng jī	14262	h-f,j-q-x	1
如果说	rú guǒ shuō	14263	ua-uo,s-sh,r-l	1
称之为	chēng zhī wéi	14268	en-eng,ai-ei,z-zh,c-ch	1
共青团	gòng qīng tuán	14274	in-ing,uan-uang,j-q-x	1
中科院	zhōng kē yuàn	14280	uan-uang,z-zh	1
男孩儿	nán hái er	14283	an-ang,ai-ei,n-l,h-f	1
一家人	yī jiā rén	14285	en-eng,ia-ie,r-l,j-q-x	1
强有力	qiáng yǒu lì	14291	ian-iang,ao-ou,n-l,r-l,j-q-x	1
冷空气	lěng kōng qì	14295	en-eng,n-l,r-l,j-q-x	1
柬埔寨	jiǎn bù zhài	14299	ian-iang,ai-ei,z-zh,j-q-x	3
畜牧业	xù mù yè	14301	j-q-x	1
吸引力	xī yǐn lì	14304	in-ing,n-l,r-l,j-q-x	1
指导员	zhǐ dǎo yuán	14305	uan-uang,ao-ou,z-zh	1
合作社	hé zuò shè	14307	ua-uo,z-zh,s-sh,h-f	1
所在地	suǒ zài dì	14310	ai-ei,ua-uo,z-zh,s-sh	1
中医药	zhōng yī yào	14314	ao-ou,z-zh	1
股份制	gǔ fèn zhì	14322	en-eng,z-zh,h-f	1
一把手	yī bǎ shǒu	14326	ao-ou,s-sh	1
着眼于	zhuó yǎn yú	14330	an-ang,ua-uo,z-zh	1
国际化	guó jì huà	14348	ua-uo,h-f,j-q-x	1
公有制	gōng yǒu zhì	14351	ao-ou,z-zh	1
东南亚	dōng nán yà	14353	an-ang,n-l	1
保障房	bǎo zhàng fáng	14358	an-ang,ao-ou,z-zh,h-f	1
报告会	bào gào huì	14362	ao-ou,h-f	1
音乐会	yīn yuè huì	14363	in-ing,h-f	1
下半年	xià bàn nián	14367	an-ang,ian-iang,ia-ie,n-l,j-q-x	1
执政党	zhí zhèng dǎng	14369	en-eng,an-ang,z-zh	1
一次性	yī cì xìng	14372	in-ing,c-ch,j-q-x	1
总产值	zǒng chǎn zhí	14374	an-ang,z-zh,c-ch	1
专业化	zhuān yè huà	14377	uan-uang,ua-uo,z-zh,h-f	1
中国画	zhōng guó huà	14387	ua-uo,z-zh,h-f	1
手续费	shǒu xù fèi	14391	ai-ei,ao-ou,s-sh,h-f,j-q-x	1
来不及	lái bu jí	14395	ai-ei,n-l,r-l,j-q-x	1
信用社	xìn yòng shè	14397	in-ing,s-sh,j-q-x	1
电视机	diàn shì jī	14405	ian-iang,s-sh,j-q-x	1
老头子	lǎo tóu zi	14406	ao-ou,z-zh,n-l,r-l	1
五星级	wǔ xīng jí	14410	in-ing,j-q-x	1
责任人	zé rèn rén	14421	en-eng,z-zh,r-l	1
大使馆	dà shǐ guǎn	14432	uan-uang,s-sh	1
生产线	shēng chǎn xiàn	14437	en-eng,an-ang,ian-iang,c-ch,s-sh,j-q-x	1
指挥部	zhǐ huī bù	14440	z-zh,h-f	1
不要紧	bù yào jǐn	14446	in-ing,ao-ou,j-q-x	1
覆盖率	fù gài lǜ	14449	ai-ei,n-l,h-f,r-l	1
自觉性	zì jué xìng	14452	in-ing,z-zh,j-q-x	1
司令员	sī lìng yuán	14453	in-ing,uan-uang,s-sh,n-l,r-l	1
城市化	chéng shì huà	14458	en-eng,ua-uo,c-ch,s-sh,h-f	1
人生观	rén shēng guān	14460	en-eng,uan-uang,s-sh,r-l	1
亚运会	yà yùn huì	14468	h-f	1
销售额	xiāo shòu é	14471	ao-ou,s-sh,j-q-x	1
什么的	shén me de	14475	en-eng,s-sh	1
普通人	pǔ tōng rén	14476	en-eng,r-l	1
建筑物	jiàn zhù wù	14479	ian-iang,z-zh,j-q-x	1
原材料	yuán cái liào	14489	uan-uang,ai-ei,c-ch,n-l,r-l	1
数据库	shù jù kù	14491	s-sh,j-q-x	1
反革命	fǎn gé mìng	14496	in-ing,an-ang,h-f	1
基本法	jī běn fǎ	14500	en-eng,h-f,j-q-x	1
代表性	dài biǎo xìng	14501	in-ing,ai-ei,j-q-x	1
四人帮	sì rén bāng	14504	en-eng,an-ang,s-sh,r-l	1
总公司	zǒng gōng sī	14528	z-zh,s-sh	1
离退休	lí tuì xiū	14536	n-l,r-l,j-q-x	1
事务所	shì wù suǒ	14538	ua-uo,s-sh	1
根据地	gēn jù dì	14541	en-eng,j-q-x	1
工商局	gōng shāng jú	14551	an-ang,s-sh,j-q-x	1
集装箱	jí zhuāng xiāng	14553	ian-iang,uan-uang,z-zh,j-q-x	1
风景区	fēng jǐng qū	14558	en-eng,in-ing,h-f,j-q-x	1
拖拉机	tuō lā jī	14564	ua-uo,n-l,r-l,j-q-x	1
突破口	tū pò kǒu	14571	ao-ou	1
反倾销	fǎn qīng xiāo	14572	in-ing,an-ang,h-f,j-q-x	1
政治家	zhèng zhì jiā	14573	en-eng,ia-ie,z-zh,j-q-x	1
核电站	hé diàn zhàn	14577	an-ang,ian-iang,z-zh,h-f	1
消费品	xiāo fèi pǐn	14578	in-ing,ai-ei,h-f,j-q-x	1
下一步	xià yī bù	14584	ia-ie,j-q-x	1
司令部	sī lìng bù	14588	in-ing,s-sh,n-l,r-l	1
研究室	yán jiū shì	14594	an-ang,s-sh,j-q-x	1
青年人	qīng nián rén	14596	en-eng,in-ing,ian-iang,n-l,r-l,j-q-x	1
透明度	tòu míng dù	14597	in-ing,ao-ou	1
参谋长	cān móu cháng	14598	an-ang,ao-ou,c-ch	1
国务卿	guó wù qīng	14604	in-ing,ua-uo,j-q-x	1
半决赛	bàn jué sài	14606	an-ang,ai-ei,s-sh,j-q-x	1
直升机	zhí shēng jī	14611	en-eng,z-zh,s-sh,j-q-x	1
农业税	nóng yè shuì	14617	s-sh,n-l	1
老爷子	lǎo yé zi	14627	ao-ou,z-zh,n-l,r-l	1
第一线	dì yī xiàn	14628	ian-iang,j-q-x	1
纪念馆	jì niàn guǎn	14632	ian-iang,uan-uang,n-l,j-q-x	1
心目中	xīn mù zhōng	14647	in-ing,z-zh,j-q-x	1
数字化	shù zì huà	14652	ua-uo,z-zh,s-sh,h-f	1
修正案	xiū zhèng àn	14654	en-eng,an-ang,z-zh,j-q-x	1
自来水	zì lái shuǐ	14662	ai-ei,z-zh,s-sh,n-l,r-l	1
团中央	tuán zhōng yāng	14665	an-ang,uan-uang,z-zh	1
因特网	yīn tè wǎng	14674	in-ing,an-ang	1
体育场	tǐ yù chǎng	14677	an-ang,c-ch	1
资本家	zī běn jiā	14681	en-eng,ia-ie,z-zh,j-q-x	1
企事业	qǐ shì yè	14684	s-sh,j-q-x	1
企业界	qǐ yè jiè	14685	ia-ie,j-q-x	1
机械化	jī xiè huà	14689	ia-ie,ua-uo,h-f,j-q-x	1
主席团	zhǔ xí tuán	14692	uan-uang,z-zh,j-q-x	1
失业率	shī yè lǜ	14696	s-sh,n-l,r-l	1
检察官	jiǎn chá guān	14699	ian-iang,uan-uang,c-ch,j-q-x	1
自动化	zì dòng huà	14700	ua-uo,z-zh,h-f	1
养老金	yǎng lǎo jīn	14718	in-ing,an-ang,ao-ou,n-l,r-l,j-q-x	1
理论上	lǐ lùn shàng	14741	an-ang,s-sh,n-l,r-l	1
市中心	shì zhōng xīn	14744	in-ing,z-zh,s-sh,j-q-x	1
私家车	sī jiā chē	14749	ia-ie,c-ch,s-sh,j-q-x	1
新能源	xīn néng yuán	14750	en-eng,in-ing,uan-uang,n-l,j-q-x	1
增值税	zēng zhí shuì	14766	en-eng,z-zh,s-sh	1
出版物	chū bǎn wù	14775	an-ang,c-ch	1
下决心	xià jué xīn	14789	in-ing,ia-ie,j-q-x	1
地下水	dì xià shuǐ	14793	ia-ie,s-sh,j-q-x	1
停车位	tíng chē wèi	14828	in-ing,ai-ei,c-ch	1
新西兰	xīn xī lán	14833	in-ing,an-ang,n-l,r-l,j-q-x	1
增长点	zēng zhǎng diǎn	14835	en-eng,an-ang,ian-iang,z-zh	1
董事会	dǒng shì huì	14837	s-sh,h-f	1
科学院	kē xué yuàn	14838	uan-uang,j-q-x	1
带头人	dài tóu rén	14839	en-eng,ai-ei,ao-ou,r-l	1
一回事	yī huí shì	14843	s-sh,h-f	1
面对面	miàn duì miàn	14850	ian-iang	1
受不了	shòu bu liǎo	14853	ao-ou,s-sh,n-l,r-l	1
老一辈	lǎo yī bèi	14854	ai-ei,ao-ou,n-l,r-l	1
监督员	jiān dū yuán	14857	ian-iang,uan-uang,j-q-x	1
著作权	zhù zuò quán	14874	uan-uang,ua-uo,z-zh,j-q-x	1
主动性	zhǔ dòng xìng	14878	in-ing,z-zh,j-q-x	1
小朋友	xiǎo péng yǒu	14880	en-eng,ao-ou,j-q-x	1
研究院	yán jiū yuàn	14891	an-ang,uan-uang,j-q-x	1
国际法	guó jì fǎ	14898	ua-uo,h-f,j-q-x	1
微生物	wēi shēng wù	14899	en-eng,ai-ei,s-sh	1
八路军	bā lù jūn	14901	n-l,r-l,j-q-x	1
议定书	yì dìng shū	14903	in-ing,s-sh	1
火车站	huǒ chē zhàn	14914	an-ang,ua-uo,z-zh,c-ch,h-f	1
犹太人	yóu tài rén	14915	en-eng,ai-ei,ao-ou,r-l	1
所有权	suǒ yǒu quán	14930	uan-uang,ao-ou,ua-uo,s-sh,j-q-x	1
尼泊尔	ní bó ěr	14931	n-l	1
干活儿	gàn huó er	14932	an-ang,ua-uo,h-f	1
主旋律	zhǔ xuán lǜ	14944	uan-uang,z-zh,n-l,r-l,j-q-x	1
穆斯林	mù sī lín	14949	in-ing,s-sh,n-l,r-l	1
编者按	biān zhě àn	14953	an-ang,ian-iang,z-zh	1
洽谈会	qià tán huì	14954	an-ang,ia-ie,h-f,j-q-x	1
中青年	zhōng qīng nián	14956	in-ing,ian-iang,z-zh,n-l,j-q-x	1
糖尿病	táng niào bìng	14967	in-ing,an-ang,n-l	1
大奖赛	dà jiǎng sài	14970	ian-iang,ai-ei,s-sh,j-q-x	1
革命家	gé mìng jiā	14979	in-ing,ia-ie,j-q-x	1
原子能	yuán zǐ néng	14985	en-eng,uan-uang,z-zh,n-l	1
节假日	jié jià rì	15005	ia-ie,r-l,j-q-x	1
年头儿	nián tóu er	15020	ian-iang,ao-ou,n-l	1
共同体	gòng tóng tǐ	15035		1
技术员	jì shù yuán	15036	uan-uang,s-sh,j-q-x	1
零部件	líng bù jiàn	15039	in-ing,ian-iang,n-l,r-l,j-q-x	1
注意力	zhù yì lì	15044	z-zh,n-l,r-l	1
天然林	tiān rán lín	15047	in-ing,an-ang,ian-iang,n-l,r-l	1
总收入	zǒng shōu rù	15049	ao-ou,z-zh,s-sh,r-l	1
利用率	lì yòng lǜ	15051	n-l,r-l	1
出入境	chū rù jìng	15053	in-ing,c-ch,r-l,j-q-x	1
自驾游	zì jià yóu	15056	ao-ou,ia-ie,z-zh,j-q-x	1
供销社	gōng xiāo shè	15061	s-sh,j-q-x	1
驾驶员	jià shǐ yuán	15067	uan-uang,ia-ie,s-sh,j-q-x	1
法西斯	fǎ xī sī	15071	s-sh,h-f,j-q-x	1
服务区	fú wù qū	15081	h-f,j-q-x	1
优越性	yōu yuè xìng	15082	in-ing,ao-ou,j-q-x	1
游击队	yóu jī duì	15083	ao-ou,j-q-x	1
新德里	xīn dé lǐ	15110	in-ing,n-l,r-l,j-q-x	1
少奶奶	shào nǎi nai	15123	ai-ei,ao-ou,s-sh,n-l	1
心脏病	xīn zàng bìng	15143	in-ing,an-ang,z-zh,j-q-x	1
接下来	jiē xià lái	15144	ai-ei,ia-ie,n-l,r-l,j-q-x	1
备忘录	bèi wàng lù	15145	an-ang,ai-ei,n-l,r-l	1
下一代	xià yī dài	15150	ai-ei,ia-ie,j-q-x	1
调查组	diào chá zǔ	15153	z-zh,c-ch	1
荒漠化	huāng mò huà	15158	uan-uang,ua-uo,h-f	1
强制性	qiáng zhì xìng	15161	in-ing,ian-iang,z-zh,j-q-x	1
知名度	zhī míng dù	15171	in-ing,z-zh	1
经营权	jīng yíng quán	15174	in-ing,uan-uang,j-q-x	1
乡下人	xiāng xia rén	15177	en-eng,ian-iang,ia-ie,r-l,j-q-x	1
人影儿	rén yǐng er	15184	en-eng,in-ing,r-l	1
加油站	jiā yóu zhàn	15197	an-ang,ao-ou,ia-ie,z-zh,j-q-x	1
支付宝	zhī fù bǎo	15201	ao-ou,z-zh,h-f	1
公开赛	gōng kāi sài	15202	ai-ei,s-sh	1
一时间	yī shí jiān	15205	ian-iang,s-sh,j-q-x	1
生活费	shēng huó fèi	15209	en-eng,ai-ei,ua-uo,s-sh,h-f	1
落脚点	luò jiǎo diǎn	15216	ian-iang,ua-uo,n-l,r-l,j-q-x	1
班主任	bān zhǔ rèn	15217	en-eng,an-ang,z-zh,r-l	1
化妆品	huà zhuāng pǐn	15227	in-ing,uan-uang,ua-uo,z-zh,h-f	1
通知书	tōng zhī shū	15262	z-zh,s-sh	1
老先生	lǎo xiān sheng	15264	en-eng,ian-iang,ao-ou,s-sh,n-l,r-l,j-q-x	1
纪念碑	jì niàn bēi	15272	ian-iang,ai-ei,n-l,j-q-x	1
学术界	xué shù jiè	15273	ia-ie,s-sh,j-q-x	1
沙尘暴	shā chén bào	15274	en-eng,ao-ou,c-ch,s-sh	1
总工会	zǒng gōng huì	15275	z-zh,h-f	1
养殖业	yǎng zhí yè	15277	an-ang,z-zh	1
附加值	fù jiā zhí	15288	ia-ie,z-zh,h-f,j-q-x	1
覆盖面	fù gài miàn	15302	ian-iang,ai-ei,h-f	1
说起来	shuō qǐ lái	15311	ai-ei,ua-uo,s-sh,n-l,r-l,j-q-x	1
博士生	bó shì shēng	15326	en-eng,s-sh	1
大家庭	dà jiā tíng	15328	in-ing,ia-ie,j-q-x	1
水电站	shuǐ diàn zhàn	15330	an-ang,ian-iang,z-zh,s-sh	1
老头儿	lǎo tóu er	15345	ao-ou,n-l,r-l	1
独联体	dú lián tǐ	15346	ian-iang,n-l,r-l	1
老太婆	lǎo tài pó	15347	ai-ei,ao-ou,n-l,r-l	1
死亡率	sǐ wáng lǜ	15351	an-ang,s-sh,n-l,r-l	1
办公楼	bàn gōng lóu	15357	an-ang,ao-ou,n-l,r-l	1
职业病	zhí yè bìng	15364	in-ing,z-zh	1
文学家	wén xué jiā	15369	en-eng,ia-ie,j-q-x	1
方法论	fāng fǎ lùn	15374	an-ang,n-l,h-f,r-l	1
旧社会	jiù shè huì	15382	s-sh,h-f,j-q-x	1
大熊猫	dà xióng māo	15384	ao-ou,j-q-x	1
反动派	fǎn dòng pài	15387	an-ang,ai-ei,h-f	1
卫生院	wèi shēng yuàn	15397	en-eng,uan-uang,ai-ei,s-sh	1
化合物	huà hé wù	15399	ua-uo,h-f	1
复杂性	fù zá xìng	15403	in-ing,z-zh,h-f,j-q-x	1
姨太太	yí tài tai	15407	ai-ei	1
一阵子	yī zhèn zǐ	15409	en-eng,z-zh	1
工农业	gōng nóng yè	15415	n-l	1
众议院	zhòng yì yuàn	15438	uan-uang,z-zh	1
防护林	fáng hù lín	15454	in-ing,an-ang,n-l,h-f,r-l	1
岂不是	qǐ bù shì	15460	s-sh,j-q-x	1
道道儿	dào dao er	15462	ao-ou	1
相当于	xiāng dāng yú	15464	an-ang,ian-iang,j-q-x	1
黄金周	huáng jīn zhōu	15465	in-ing,uan-uang,ao-ou,z-zh,h-f,j-q-x	1
方面军	fāng miàn jūn	15477	an-ang,ian-iang,h-f,j-q-x	1
先锋队	xiān fēng duì	15480	en-eng,ian-iang,h-f,j-q-x	1
年收入	nián shōu rù	15484	ian-iang,ao-ou,s-sh,n-l,r-l	1
半导体	bàn dǎo tǐ	15489	an-ang,ao-ou	1
商品房	shāng pǐn fáng	15492	in-ing,an-ang,s-sh,h-f	1
加工厂	jiā gōng chǎng	15504	an-ang,ia-ie,c-ch,j-q-x	1
服务器	fú wù qì	15515	h-f,j-q-x	1
中长期	zhōng cháng qī	15518	an-ang,z-zh,c-ch,j-q-x	1
歌舞团	gē wǔ tuán	15527	uan-uang	1
新四军	xīn sì jūn	15545	in-ing,s-sh,j-q-x	1
一整套	yī zhěng tào	15546	en-eng,ao-ou,z-zh	1
外交官	wài jiāo guān	15558	uan-uang,ai-ei,j-q-x	1
好日子	hǎo rì zi	15560	ao-ou,z-zh,h-f,r-l	1
艺术品	yì shù pǐn	15562	in-ing,s-sh	1
婚姻法	hūn yīn fǎ	15567	in-ing,h-f	1
放射性	fàng shè xìng	15576	in-ing,an-ang,s-sh,h-f,j-q-x	1
可行性	kě xíng xìng	15577	in-ing,j-q-x	1
全球性	quán qiú xìng	15583	in-ing,uan-uang,j-q-x	1
组织上	zǔ zhī shang	15585	an-ang,z-zh,s-sh	1
交易会	jiāo yì huì	15586	h-f,j-q-x	1
评论员	píng lùn yuán	15587	in-ing,uan-uang,n-l,r-l	1
经销商	jīng xiāo shāng	15612	in-ing,an-ang,s-sh,j-q-x	1
自由化	zì yóu huà	15617	ao-ou,ua-uo,z-zh,h-f	1
总司令	zǒng sī lìng	15628	in-ing,z-zh,s-sh,n-l,r-l	1
传染性	chuán rǎn xìng	15637	in-ing,an-ang,uan-uang,c-ch,r-l,j-q-x	1
规律性	guī lǜ xìng	15638	in-ing,n-l,r-l,j-q-x	1
不用说	bù yòng shuō	15641	ua-uo,s-sh	1
实质上	shí zhì shàng	15643	an-ang,z-zh,s-sh	1
说到底	shuō dào dǐ	15654	ao-ou,ua-uo,s-sh	1
一大早	yī dà zǎo	15656	ao-ou,z-zh	1
责任心	zé rèn xīn	15667	en-eng,in-ing,z-zh,r-l,j-q-x	1
瓜子儿	guā zǐ er	15673	ua-uo,z-zh	1
服务费	fú wù fèi	15679	ai-ei,h-f	1
必要性	bì yào xìng	15687	in-ing,ao-ou,j-q-x	1
所得税	suǒ dé shuì	15691	ua-uo,s-sh	1
男朋友	nán péng you	15700	en-eng,an-ang,ao-ou,n-l	1
形式上	xíng shì shàng	15702	in-ing,an-ang,s-sh,j-q-x	1
个性化	gè xìng huà	15724	in-ing,ua-uo,h-f,j-q-x	1
课题组	kè tí zǔ	15754	z-zh	1
规模化	guī mó huà	15781	ua-uo,h-f	1
感染力	gǎn rǎn lì	15792	an-ang,n-l,r-l	1
病虫害	bìng chóng hài	15799	in-ing,ai-ei,c-ch,h-f	1
行政区	xíng zhèng qū	15805	en-eng,in-ing,z-zh,j-q-x	1
好容易	hǎo róng yì	15807	ao-ou,h-f,r-l	1
要不然	yào bù rán	15814	an-ang,ao-ou,r-l	1
俗话说	sú huà shuō	15828	ua-uo,s-sh,h-f	1
印度洋	yìn dù yáng	15829	in-ing,an-ang	1
不作声	bù zuò shēng	15830	en-eng,ua-uo,z-zh,s-sh	1
大西洋	dà xī yáng	15835	an-ang,j-q-x	1
主动权	zhǔ dòng quán	15838	uan-uang,z-zh,j-q-x	1
普遍性	pǔ biàn xìng	15840	in-ing,ian-iang,j-q-x	1
工商联	gōng shāng lián	15843	an-ang,ian-iang,s-sh,n-l,r-l	1
被窝儿	bèi wō er	15853	ai-ei	1
单方面	dān fāng miàn	15860	an-ang,ian-iang,h-f	1
经纪人	jīng jì rén	15862	en-eng,in-ing,r-l,j-q-x	1
文化馆	wén huà guǎn	15868	en-eng,uan-uang,ua-uo,h-f	1
天文台	tiān wén tái	15871	en-eng,ian-iang,ai-ei	1
邀请赛	yāo qǐng sài	15874	in-ing,ai-ei,ao-ou,s-sh,j-q-x	1
工作日	gōng zuò rì	15880	ua-uo,z-zh,r-l	1
一条龙	yī tiáo lóng	15884	n-l,r-l	1
庄稼人	zhuāng jia rén	15885	en-eng,uan-uang,ia-ie,z-zh,r-l,j-q-x	1
编辑部	biān jí bù	15899	ian-iang,j-q-x	1
想象力	xiǎng xiàng lì	15907	ian-iang,n-l,r-l,j-q-x	1
天主教	tiān zhǔ jiào	15917	ian-iang,z-zh,j-q-x	1
自主权	zì zhǔ quán	15918	uan-uang,z-zh,j-q-x	1
顾不得	gù bù dé	15925		1
全运会	quán yùn huì	15927	uan-uang,h-f,j-q-x	1
空间站	kōng jiān zhàn	15932	an-ang,ian-iang,z-zh,j-q-x	1
说服力	shuō fú lì	15933	ua-uo,s-sh,n-l,h-f,r-l	1
总指挥	zǒng zhǐ huī	15936	z-zh,h-f	1
免不了	miǎn bu liǎo	15939	ian-iang,n-l,r-l	1
个体户	gè tǐ hù	15943	h-f	1
特殊性	tè shū xìng	15946	in-ing,s-sh,j-q-x	1
作曲家	zuò qǔ jiā	15949	ia-ie,ua-uo,z-zh,j-q-x	1
纪录片	jì lù piàn	15954	ian-iang,n-l,r-l,j-q-x	1
喀布尔	kā bù ěr	15955		3
殖民地	zhí mín dì	15961	in-ing,z-zh	1
辩证法	biàn zhèng fǎ	15965	en-eng,ian-iang,z-zh,h-f	1
保有量	bǎo yǒu liàng	15966	ian-iang,ao-ou,n-l,r-l	1
说了算	shuō le suàn	15969	uan-uang,ua-uo,s-sh,n-l,r-l	1
志愿军	zhì yuàn jūn	15979	uan-uang,z-zh,j-q-x	1
真实性	zhēn shí xìng	15987	en-eng,in-ing,z-zh,s-sh,j-q-x	1
成年人	chéng nián rén	16008	en-eng,ian-iang,c-ch,n-l,r-l	1
下意识	xià yì shí	16019	ia-ie,s-sh,j-q-x	1
主人翁	zhǔ rén wēng	16025	en-eng,z-zh,r-l	1
冬奥会	dōng ào huì	16028	ao-ou,h-f	1
医疗队	yī liáo duì	16034	n-l,r-l	1
做文章	zuò wén zhāng	16037	en-eng,an-ang,ua-uo,z-zh	1
思想家	sī xiǎng jiā	16038	ian-iang,ia-ie,s-sh,j-q-x	1
苏维埃	sū wéi āi	16050	ai-ei,s-sh	1
正能量	zhèng néng liàng	16064	en-eng,ian-iang,z-zh,n-l,r-l	1
网络化	wǎng luò huà	16066	an-ang,ua-uo,n-l,h-f,r-l	1
国产化	guó chǎn huà	16069	an-ang,ua-uo,c-ch,h-f	1
黑社会	hēi shè huì	16074	ai-ei,s-sh,h-f	1
指挥员	zhǐ huī yuán	16075	uan-uang,z-zh,h-f	1
主席台	zhǔ xí tái	16077	ai-ei,z-zh,j-q-x	1
会计师	kuài jì shī	16096	s-sh,j-q-x	1
雅加达	yǎ jiā dá	16104	ia-ie,j-q-x	1
博士后	bó shì hòu	16115	ao-ou,s-sh,h-f	1
通讯社	tōng xùn shè	16122	s-sh,j-q-x	1
云计算	yún jì suàn	16125	uan-uang,s-sh,j-q-x	1
办公桌	bàn gōng zhuō	16127	an-ang,ua-uo,z-zh	1
心里话	xīn lǐ huà	16128	in-ing,ua-uo,n-l,h-f,r-l,j-q-x	1
中药材	zhōng yào cái	16136	ai-ei,ao-ou,z-zh,c-ch	1
三轮车	sān lún chē	16141	an-ang,c-ch,s-sh,n-l,r-l	1
国际性	guó jì xìng	16150	in-ing,ua-uo,j-q-x	1
两口子	liǎng kǒu zi	16159	ian-iang,ao-ou,z-zh,n-l,r-l	1
半点儿	bàn diǎn er	16165	an-ang,ian-iang	1
金字塔	jīn zì tǎ	16170	in-ing,z-zh,j-q-x	1
反对党	fǎn duì dǎng	16177	an-ang,h-f	1
航站楼	háng zhàn lóu	16179	an-ang,ao-ou,z-zh,n-l,h-f,r-l	1
工业品	gōng yè pǐn	16193	in-ing	1
工业区	gōng yè qū	16194	j-q-x	1
小分队	xiǎo fēn duì	16198	en-eng,h-f,j-q-x	1
专利权	zhuān lì quán	16201	uan-uang,z-zh,n-l,r-l,j-q-x	1
老太爷	lǎo tài yé	16206	ai-ei,ao-ou,n-l,r-l	1
自治县	zì zhì xiàn	16208	ian-iang,z-zh,j-q-x	1
大字报	dà zì bào	16211	ao-ou,z-zh	1
招待所	zhāo dài suǒ	16216	ai-ei,ao-ou,ua-uo,z-zh,s-sh	1
音乐家	yīn yuè jiā	16222	in-ing,ia-ie,j-q-x	1
大婶儿	dà shěn er	16225	en-eng,s-sh	1
连续性	lián xù xìng	16227	in-ing,ian-iang,n-l,r-l,j-q-x	1
无条件	wú tiáo jiàn	16229	ian-iang,j-q-x	1
这会儿	zhè huì er	16233	z-zh,h-f	1
经得起	jīng de qǐ	16240	in-ing,j-q-x	1
降水量	jiàng shuǐ liàng	16261	ian-iang,s-sh,n-l,r-l,j-q-x	1
秘书处	mì shū chǔ	16262	c-ch,s-sh	1
工艺品	gōng yì pǐn	16265	in-ing	1
营业额	yíng yè é	16272	in-ing	1
说实话	shuō shí huà	16273	ua-uo,s-sh,h-f	1
甚至于	shèn zhì yú	16275	en-eng,z-zh,s-sh	1
中年人	zhōng nián rén	16289	en-eng,ian-iang,z-zh,n-l,r-l	1
顾不上	gù bu shàng	16306	an-ang,s-sh	1
习惯于	xí guàn yú	16313	uan-uang,j-q-x	1
思想性	sī xiǎng xìng	16326	in-ing,ian-iang,s-sh,j-q-x	1
副教授	fù jiào shòu	16331	ao-ou,s-sh,h-f,j-q-x	1
军分区	jūn fēn qū	16332	en-eng,h-f,j-q-x	1
对得起	duì de qǐ	16338	j-q-x	1
读书人	dú shū rén	16347	en-eng,s-sh,r-l	1
艺术性	yì shù xìng	16354	in-ing,s-sh,j-q-x	1
不景气	bù jǐng qì	16371	in-ing,j-q-x	1
解放区	jiě fàng qū	16375	an-ang,ia-ie,h-f,j-q-x	1
少不了	shǎo bu liǎo	16403	ao-ou,s-sh,n-l,r-l	1
特派员	tè pài yuán	16410	uan-uang,ai-ei	1
广场舞	guǎng chǎng wǔ	16427	an-ang,uan-uang,c-ch	1
小院儿	xiǎo yuàn er	16430	uan-uang,j-q-x	1
主力军	zhǔ lì jūn	16432	z-zh,n-l,r-l,j-q-x	1
专业户	zhuān yè hù	16433	uan-uang,z-zh,h-f	1
没法儿	méi fǎ er	16467	ai-ei,h-f	1
收音机	shōu yīn jī	16468	in-ing,ao-ou,s-sh,j-q-x	1
邮政局	yóu zhèng jú	16489	en-eng,ao-ou,z-zh,j-q-x	1
照相机	zhào xiàng jī	16491	ian-iang,ao-ou,z-zh,j-q-x	1
手工业	shǒu gōng yè	16493	ao-ou,s-sh	1
交易所	jiāo yì suǒ	16500	ua-uo,s-sh,j-q-x	1
小汽车	xiǎo qì chē	16503	c-ch,j-q-x	1
一卡通	yī kǎ tōng	16504		1
一肚子	yī dù zi	16507	z-zh	1
有空儿	yǒu kōng er	16514	ao-ou	1
说明书	shuō míng shū	16527	in-ing,ua-uo,s-sh	1
建筑业	jiàn zhù yè	16542	ian-iang,z-zh,j-q-x	1
工作站	gōng zuò zhàn	16545	an-ang,ua-uo,z-zh	1
不失为	bù shī wéi	16555	ai-ei,s-sh	1
联谊会	lián yì huì	16557	ian-iang,n-l,h-f,r-l	1
红卫兵	hóng wèi bīng	16562	in-ing,ai-ei,h-f	1
心血管	xīn xuè guǎn	16567	in-ing,uan-uang,j-q-x	1
子公司	zǐ gōng sī	16568	z-zh,s-sh	1
对抗赛	duì kàng sài	16573	an-ang,ai-ei,s-sh	1
时间表	shí jiān biǎo	16577	ian-iang,s-sh,j-q-x	1
三角洲	sān jiǎo zhōu	16584	an-ang,ao-ou,z-zh,s-sh,j-q-x	1
所有者	suǒ yǒu zhě	16589	ao-ou,ua-uo,z-zh,s-sh	1
停车场	tíng chē chǎng	16592	in-ing,an-ang,c-ch	1
慰安妇	wèi ān fù	16596	an-ang,ai-ei,h-f	1
安全感	ān quán gǎn	16598	an-ang,uan-uang,j-q-x	1
爷们儿	yé men er	16610	en-eng	1
团体赛	tuán tǐ sài	16628	uan-uang,ai-ei,s-sh	1
工作量	gōng zuò liàng	16633	ian-iang,ua-uo,z-zh,n-l,r-l	1
农家乐	nóng jiā lè	16640	ia-ie,n-l,r-l,j-q-x	1
党总支	dǎng zǒng zhī	16641	an-ang,z-zh	1
申请书	shēn qǐng shū	16646	en-eng,in-ing,s-sh,j-q-x	1
做工作	zuò gōng zuò	16653	ua-uo,z-zh	1
气象台	qì xiàng tái	16681	ian-iang,ai-ei,j-q-x	1
代表作	dài biǎo zuò	16707	ai-ei,ua-uo,z-zh	1
说清楚	shuō qīng chǔ	16730	in-ing,ua-uo,c-ch,s-sh,j-q-x	1
大拇指	dà mǔ zhǐ	16734	z-zh	1
升班马	shēng bān mǎ	16765	en-eng,an-ang,s-sh	1
蒙古族	měng gǔ zú	16766	en-eng,z-zh	1
政府军	zhèng fǔ jūn	16768	en-eng,z-zh,h-f,j-q-x	1
监事会	jiān shì huì	16771	ian-iang,s-sh,h-f,j-q-x	1
发病率	fā bìng lǜ	16786	in-ing,n-l,h-f,r-l	1
国庆节	guó qìng jié	16795	in-ing,ia-ie,ua-uo,j-q-x	1
理论家	lǐ lùn jiā	16798	ia-ie,n-l,r-l,j-q-x	1
战斗机	zhàn dòu jī	16807	an-ang,ao-ou,z-zh,j-q-x	1
必然性	bì rán xìng	16833	in-ing,an-ang,r-l,j-q-x	1
大跃进	dà yuè jìn	16835	in-ing,j-q-x	1
精神病	jīng shén bìng	16837	en-eng,in-ing,s-sh,j-q-x	1
检查站	jiǎn chá zhàn	16842	an-ang,ian-iang,z-zh,c-ch,j-q-x	1
宗教界	zōng jiào jiè	16857	ia-ie,z-zh,j-q-x	1
资金链	zī jīn liàn	16858	in-ing,ian-iang,z-zh,n-l,r-l,j-q-x	1
未成年	wèi chéng nián	16866	en-eng,ian-iang,ai-ei,c-ch,n-l	1
菜篮子	cài lán zi	16867	an-ang,ai-ei,z-zh,c-ch,n-l,r-l	1
高峰期	gāo fēng qī	16879	en-eng,ao-ou,h-f,j-q-x	1
保证金	bǎo zhèng jīn	16886	en-eng,in-ing,ao-ou,z-zh,j-q-x	1
东北亚	dōng běi yà	16888	ai-ei	1
裁判员	cái pàn yuán	16891	an-ang,uan-uang,ai-ei,c-ch	1
活生生	huó shēng shēng	16892	en-eng,ua-uo,s-sh,h-f	1
劳动法	láo dòng fǎ	16893	ao-ou,n-l,h-f,r-l	1
保护伞	bǎo hù sǎn	16902	an-ang,ao-ou,s-sh,h-f	1
第三者	dì sān zhě	16930	an-ang,z-zh,s-sh	1
流行病	liú xíng bìng	16932	in-ing,n-l,r-l,j-q-x	1
潜规则	qián guī zé	16939	ian-iang,z-zh,j-q-x	1
指战员	zhǐ zhàn yuán	16942	an-ang,uan-uang,z-zh	1
莫须有	mò xū yǒu	16946	ao-ou,j-q-x	1
养殖场	yǎng zhí chǎng	16953	an-ang,z-zh,c-ch	1
自由泳	zì yóu yǒng	16960	ao-ou,z-zh	1
原则上	yuán zé shang	16975	an-ang,uan-uang,z-zh,s-sh	1
观察员	guān chá yuán	16978	uan-uang,c-ch	1
热水器	rè shuǐ qì	16980	s-sh,r-l,j-q-x	1
疯牛病	fēng niú bìng	16991	en-eng,in-ing,n-l,h-f	1
本科生	běn kē shēng	17002	en-eng,s-sh	1
连锁店	lián suǒ diàn	17005	ian-iang,ua-uo,s-sh,n-l,r-l	1
倒好儿	dào hǎo er	17016	ao-ou,h-f	1
国宾馆	guó bīn guǎn	17018	in-ing,uan-uang,ua-uo	1
有味儿	yǒu wèi er	17033	ai-ei,ao-ou	1
看样子	kàn yàng zi	17034	an-ang,z-zh	1
职业化	zhí yè huà	17040	ua-uo,z-zh,h-f	1
成个儿	chéng gè er	17041	en-eng,c-ch	1
探测器	tàn cè qì	17052	an-ang,c-ch,j-q-x	1
独立性	dú lì xìng	17062	in-ing,n-l,r-l,j-q-x	1
年产值	nián chǎn zhí	17068	an-ang,ian-iang,z-zh,c-ch,n-l	1
港澳台	gǎn gào tái	17071	an-ang,ai-ei,ao-ou	1
协议书	xié yì shū	17081	ia-ie,s-sh,j-q-x	1
预备役	yù bèi yì	17091	ai-ei	1
入场券	rù chǎng quàn	17096	an-ang,uan-uang,c-ch,r-l,j-q-x	1
工商业	gōng shāng yè	17099	an-ang,s-sh	1
再生产	zài shēng chǎn	17103	en-eng,an-ang,ai-ei,z-zh,c-ch,s-sh	1
添加剂	tiān jiā jì	17117	ian-iang,ia-ie,j-q-x	1
一伙儿	yī huǒ er	17118	ua-uo,h-f	1
脸蛋儿	liǎn dàn er	17121	an-ang,ian-iang,n-l,r-l	1
自信心	zì xìn xīn	17130	in-ing,z-zh,j-q-x	1
过不去	guò bu qù	17135	ua-uo,j-q-x	1
执委会	zhí wěi huì	17140	ai-ei,z-zh,h-f	1
债权人	zhài quán rén	17155	en-eng,uan-uang,ai-ei,z-zh,r-l,j-q-x	1
居民区	jū mín qū	17159	in-ing,j-q-x	1
制高点	zhì gāo diǎn	17162	ian-iang,ao-ou,z-zh	1
一刹那	yī chà nà	17174	c-ch,n-l	1
电话机	diàn huà jī	17181	ian-iang,ua-uo,h-f,j-q-x	1
成功率	chéng gōng lǜ	17187	en-eng,c-ch,n-l,r-l	1
双休日	shuāng xiū rì	17190	uan-uang,s-sh,r-l,j-q-x	1
突击队	tū jī duì	17196	j-q-x	1
到头来	dào tóu lái	17201	ai-ei,ao-ou,n-l,r-l	1
打火机	dǎ huǒ jī	17203	ua-uo,h-f,j-q-x	1
手指头	shǒu zhǐ tou	17209	ao-ou,z-zh,s-sh	1
眼珠子	yǎn zhū zi	17220	an-ang,z-zh	1
科技界	kē jì jiè	17222	ia-ie,j-q-x	1
吉普车	jí pǔ chē	17226	c-ch,j-q-x	1
诸葛亮	zhū gě liàng	17240	ian-iang,z-zh,n-l,r-l	1
管理员	guǎn lǐ yuán	17261	uan-uang,n-l,r-l	1
集约化	jí yuē huà	17263	ua-uo,h-f,j-q-x	1
怎么着	zěn me zhe	17271	en-eng,z-zh	1
联合体	lián hé tǐ	17277	ian-iang,n-l,h-f,r-l	1
攻坚战	gōng jiān zhàn	17283	an-ang,ian-iang,z-zh,j-q-x	1
全天候	quán tiān hòu	17303	ian-iang,uan-uang,ao-ou,h-f,j-q-x	1
机顶盒	jī dǐng hé	17311	in-ing,h-f,j-q-x	1
歌唱家	gē chàng jiā	17326	an-ang,ia-ie,c-ch,j-q-x	1
马尼拉	mǎ ní lā	17331	n-l,r-l	1
企业主	qǐ yè zhǔ	17337	z-zh,j-q-x	1
生命线	shēng mìng xiàn	17338	en-eng,in-ing,ian-iang,s-sh,j-q-x	1
清真寺	qīng zhēn sì	17350	en-eng,in-ing,z-zh,s-sh,j-q-x	1
公积金	gōng jī jīn	17355	in-ing,j-q-x	1
头头儿	tóu tou er	17361	ao-ou	1
堪培拉	kān péi lā	17363	an-ang,ai-ei,n-l,r-l	1
中世纪	zhōng shì jì	17375	z-zh,s-sh,j-q-x	1
餐饮业	cān yǐn yè	17383	in-ing,an-ang,c-ch	1
成活率	chéng huó lǜ	17386	en-eng,ua-uo,c-ch,n-l,h-f,r-l	1
老干部	lǎo gàn bù	17400	an-ang,ao-ou,n-l,r-l	1
自治州	zì zhì zhōu	17407	ao-ou,z-zh	1
打折扣	dǎ zhé kòu	17411	ao-ou,z-zh	1
保健品	bǎo jiàn pǐn	17417	in-ing,ian-iang,ao-ou,j-q-x	1
小册子	xiǎo cè zǐ	17420	z-zh,c-ch,j-q-x	1
玩意儿	wán yì er	17435	an-ang	1
海洛因	hǎi luò yīn	17437	in-ing,ai-ei,ua-uo,n-l,h-f,r-l	1
营业员	yíng yè yuán	17442	in-ing,uan-uang	1
责任书	zé rèn shū	17446	en-eng,z-zh,s-sh,r-l	1
老祖宗	lǎo zǔ zong	17452	ao-ou,z-zh,n-l,r-l	1
通讯员	tōng xùn yuán	17471	uan-uang,j-q-x	1
华尔街	huá ěr jiē	17491	ia-ie,ua-uo,h-f,j-q-x	1
外向型	wài xiàng xíng	17494	in-ing,ian-iang,ai-ei,j-q-x	1
学习班	xué xí bān	17495	an-ang,j-q-x	1
多功能	duō gōng néng	17509	en-eng,ua-uo,n-l	1
称得上	chēng dé shàng	17515	en-eng,an-ang,c-ch,s-sh	1
小轿车	xiǎo jiào chē	17518	c-ch,j-q-x	1
有机物	yǒu jī wù	17524	ao-ou,j-q-x	1
智能化	zhì néng huà	17525	en-eng,ua-uo,z-zh,n-l,h-f	1
画画儿	huà huà er	17526	ua-uo,h-f	1
现场会	xiàn chǎng huì	17531	an-ang,ian-iang,c-ch,h-f,j-q-x	1
革命化	gé mìng huà	17536	in-ing,ua-uo,h-f	1
大元帅	dà yuán shuài	17551	uan-uang,s-sh	1
渥太华	wò tài huá	17558	ai-ei,ua-uo,h-f	3
发电机	fā diàn jī	17561	ian-iang,h-f,j-q-x	1
换个儿	huàn gè er	17569	uan-uang,h-f	1
普及率	pǔ jí lǜ	17580	n-l,r-l,j-q-x	1
戏剧性	xì jù xìng	17595	in-ing,j-q-x	1
传教士	chuán jiào shì	17610	uan-uang,c-ch,s-sh,j-q-x	1
催化剂	cuī huà jì	17611	ua-uo,c-ch,h-f,j-q-x	1
马铃薯	mǎ líng shǔ	17634	in-ing,s-sh,n-l,r-l	1
白皮书	bái pí shū	17637	ai-ei,s-sh	1
没奈何	mò nài hé	17640	ai-ei,n-l,h-f	1
时不时	shí bù shí	17644	s-sh	1
全球化	quán qiú huà	17648	uan-uang,ua-uo,h-f,j-q-x	1
热身赛	rè shēn sài	17673	en-eng,ai-ei,s-sh,r-l	1
通行证	tōng xíng zhèng	17679	en-eng,in-ing,z-zh,j-q-x	1
主渠道	zhǔ qú dào	17682	ao-ou,z-zh,j-q-x	1
有意识	yǒu yì shí	17695	ao-ou,s-sh	1
参议员	cān yì yuán	17703	an-ang,uan-uang,c-ch	1
女主人	nǚ zhǔ rén	17720	en-eng,z-zh,n-l,r-l	1
重工业	zhòng gōng yè	17721	z-zh	1
走过场	zǒu guò chǎng	17722	an-ang,ao-ou,ua-uo,z-zh,c-ch	1
全身心	quán shēn xīn	17739	en-eng,in-ing,uan-uang,s-sh,j-q-x	1
购买力	gòu mǎi lì	17771	ai-ei,ao-ou,n-l,r-l	1
局域网	jú yù wǎng	17772	an-ang,j-q-x	1
那会儿	nà huì er	17774	n-l,h-f	1
紫外线	zǐ wài xiàn	17796	ian-iang,ai-ei,z-zh,j-q-x	1
大少爷	dà shào ye	17798	ao-ou,s-sh	1
免不得	miǎn bu de	17804	ian-iang	1
马拉松	mǎ lā sōng	17821	s-sh,n-l,r-l	1
掌柜的	zhǎng guì de	17827	an-ang,z-zh	1
结核病	jié hé bìng	17850	in-ing,ia-ie,h-f,j-q-x	1
侦察机	zhēn chá jī	17862	en-eng,z-zh,c-ch,j-q-x	1
可不是	kě bù shi	17866	s-sh	1
排行榜	pái háng bǎng	17868	an-ang,ai-ei,h-f	1
首付款	shǒu fù kuǎn	17881	uan-uang,ao-ou,s-sh,h-f	1
电气化	diàn qì huà	17896	ian-iang,ua-uo,h-f,j-q-x	1
芭蕾舞	bā lěi wǔ	17904	ai-ei,n-l,r-l	1
发言权	fā yán quán	17905	an-ang,uan-uang,h-f,j-q-x	1
看起来	kàn qǐ lai	17907	an-ang,ai-ei,n-l,r-l,j-q-x	1
事业心	shì yè xīn	17910	in-ing,s-sh,j-q-x	1
生力军	shēng lì jūn	17932	en-eng,s-sh,n-l,r-l,j-q-x	1
吞吐量	tūn tǔ liàng	17934	ian-iang,n-l,r-l	1
奥委会	ào wěi huì	17947	ai-ei,ao-ou,h-f	1
蛐蛐儿	qū qu er	17962	j-q-x	3
冠军赛	guàn jūn sài	17970	uan-uang,ai-ei,s-sh,j-q-x	1
高技术	gāo jì shù	18014	ao-ou,s-sh,j-q-x	1
文化站	wén huà zhàn	18018	en-eng,an-ang,ua-uo,z-zh,h-f	1
合理化	hé lǐ huà	18023	ua-uo,n-l,h-f,r-l	1
技术性	jì shù xìng	18030	in-ing,s-sh,j-q-x	1
烟卷儿	yān juǎn er	18052	an-ang,uan-uang,j-q-x	1
中小型	zhōng xiǎo xíng	18055	in-ing,z-zh,j-q-x	1
大本营	dà běn yíng	18057	en-eng,in-ing	1
工农兵	gōng nóng bīng	18058	in-ing,n-l	1
莫过于	mò guò yú	18063	ua-uo	1
有赖于	yǒu lài yú	18064	ai-ei,ao-ou,n-l,r-l	1
不起眼	bù qǐ yǎn	18066	an-ang,j-q-x	1
具体化	jù tǐ huà	18073	ua-uo,h-f,j-q-x	1
系统性	xì tǒng xìng	18074	in-ing,j-q-x	1
有效期	yǒu xiào qī	18097	ao-ou,j-q-x	1
畜产品	xù chǎn pǐn	18114	in-ing,an-ang,c-ch,j-q-x	1
大环境	dà huán jìng	18129	in-ing,uan-uang,h-f,j-q-x	1
陪审员	péi shěn yuán	18131	en-eng,uan-uang,ai-ei,s-sh	1
看守所	kān shǒu suǒ	18139	an-ang,ao-ou,ua-uo,s-sh	1
演唱会	yǎn chàng huì	18142	an-ang,c-ch,h-f	1
麦当劳	mài dāng láo	18155	an-ang,ai-ei,ao-ou,n-l,r-l	1
宣传队	xuān chuán duì	18159	uan-uang,c-ch,j-q-x	1
巴不得	bā bu dé	18161		1
面人儿	miàn rén er	18174	en-eng,ian-iang,r-l	1
航空器	háng kōng qì	18188	an-ang,h-f,j-q-x	1
泥石流	ní shí liú	18193	s-sh,n-l,r-l	1
验证码	yàn zhèng mǎ	18194	en-eng,an-ang,z-zh	1
原则性	yuán zé xìng	18210	in-ing,uan-uang,z-zh,j-q-x	1
交响曲	jiāo xiǎng qǔ	18230	ian-iang,j-q-x	1
划时代	huà shí dài	18262	ai-ei,ua-uo,s-sh,h-f	1
老婆子	lǎo pó zi	18264	ao-ou,z-zh,n-l,r-l	1
不要脸	bù yào liǎn	18275	ian-iang,ao-ou,n-l,r-l	1
经济林	jīng jì lín	18278	in-ing,n-l,r-l,j-q-x	1
太阳系	tài yáng xì	18283	an-ang,ai-ei,j-q-x	1
海岸线	hǎi àn xiàn	18286	an-ang,ian-iang,ai-ei,h-f,j-q-x	1
公务卡	gōng wù kǎ	18288		1
唯物论	wéi wù lùn	18294	ai-ei,n-l,r-l	1
心连心	xīn lián xīn	18296	in-ing,ian-iang,n-l,r-l,j-q-x	1
结合部	jié hé bù	18304	ia-ie,h-f,j-q-x	1
海平面	hǎi píng miàn	18313	in-ing,ian-iang,ai-ei,h-f	1
火车头	huǒ chē tóu	18314	ao-ou,ua-uo,c-ch,h-f	1
目击者	mù jī zhě	18316	z-zh,j-q-x	1
自豪感	zì háo gǎn	18319	an-ang,ao-ou,z-zh,h-f	1
第一手	dì yī shǒu	18327	ao-ou,s-sh	1
方便面	fāng biàn miàn	18328	an-ang,ian-iang,h-f	1
理事国	lǐ shì guó	18349	ua-uo,s-sh,n-l,r-l	1
赶不上	gǎn bu shàng	18357	an-ang,s-sh	1
光棍儿	guāng gùn er	18358	uan-uang	1
回忆录	huí yì lù	18359	n-l,h-f,r-l	1
空荡荡	kōng dàng dàng	18361	an-ang	1
研讨班	yán tǎo bān	18364	an-ang,ao-ou	1
呼吸道	hū xī dào	18370	ao-ou,h-f,j-q-x	1
季节性	jì jié xìng	18371	in-ing,ia-ie,j-q-x	1
老板娘	lǎo bǎn niáng	18415	an-ang,ian-iang,ao-ou,n-l,r-l	1
商品化	shāng pǐn huà	18416	in-ing,an-ang,ua-uo,s-sh,h-f	1
原子核	yuán zǐ hé	18420	uan-uang,z-zh,h-f	1
归功于	guī gōng yú	18423		1
宅基地	zhái jī dì	18430	ai-ei,z-zh,j-q-x	1
专卖店	zhuān mài diàn	18432	ian-iang,uan-uang,ai-ei,z-zh	1
大团结	dà tuán jié	18436	uan-uang,ia-ie,j-q-x	1
游泳池	yóu yǒng chí	18445	ao-ou,c-ch	1
筹委会	chóu wěi huì	18450	ai-ei,ao-ou,c-ch,h-f	1
临时工	lín shí gōng	18452	in-ing,s-sh,n-l,r-l	1
密集型	mì jí xíng	18453	in-ing,j-q-x	1
面包车	miàn bāo chē	18454	ian-iang,ao-ou,c-ch	1
小行星	xiǎo xíng xīng	18456	in-ing,j-q-x	1
共同点	gòng tóng diǎn	18463	ian-iang	1
轻工业	qīng gōng yè	18465	in-ing,j-q-x	1
救护车	jiù hù chē	18476	c-ch,h-f,j-q-x	1
吉隆坡	jí lóng pō	18489	n-l,r-l,j-q-x	1
私有制	sī yǒu zhì	18499	ao-ou,z-zh,s-sh	1
一刀切	yī dāo qiē	18501	ao-ou,ia-ie,j-q-x	1
发源地	fā yuán dì	18507	uan-uang,h-f	1
理论界	lǐ lùn jiè	18514	ia-ie,n-l,r-l,j-q-x	1
保护价	bǎo hù jià	18529	ao-ou,ia-ie,h-f,j-q-x	1
出主意	chū zhǔ yi	18556	z-zh,c-ch	1
氨基酸	ān jī suān	18565	an-ang,uan-uang,s-sh,j-q-x	1
文化宫	wén huà gōng	18573	en-eng,ua-uo,h-f	1
比不上	bǐ bù shàng	18577	an-ang,s-sh	1
教研室	jiào yán shì	18586	an-ang,s-sh,j-q-x	1
集中营	jí zhōng yíng	18592	in-ing,z-zh,j-q-x	1
追悼会	zhuī dào huì	18599	ao-ou,z-zh,h-f	1
包干儿	bāo gān er	18614	an-ang,ao-ou	1
反应堆	fǎn yìng duī	18617	in-ing,an-ang,h-f	1
录音机	lù yīn jī	18619	in-ing,n-l,r-l,j-q-x	1
审判长	shěn pàn zhǎng	18621	en-eng,an-ang,z-zh,s-sh	1
企业化	qǐ yè huà	18632	ua-uo,h-f,j-q-x	1
利润率	lì rùn lǜ	18642	n-l,r-l	1
大革命	dà gé mìng	18648	in-ing	1
人世间	rén shì jiān	18664	en-eng,ian-iang,s-sh,r-l,j-q-x	1
沉积物	chén jī wù	18679	en-eng,c-ch,j-q-x	1
行不通	xíng bu tōng	18685	in-ing,j-q-x	1
加速度	jiā sù dù	18690	ia-ie,s-sh,j-q-x	1
涉及面	shè jí miàn	18693	ian-iang,s-sh,j-q-x	1
首发式	shǒu fā shì	18695	ao-ou,s-sh,h-f	1
血吸虫	xuè xī chóng	18707	c-ch,j-q-x	1
约束力	yuē shù lì	18709	s-sh,n-l,r-l	1
食用菌	shí yòng jūn	18722	s-sh,j-q-x	1
无形中	wú xíng zhōng	18724	in-ing,z-zh,j-q-x	1
一揽子	yī lǎn zi	18725	an-ang,z-zh,n-l,r-l	1
紫禁城	zǐ jìn chéng	18737	en-eng,in-ing,z-zh,c-ch,j-q-x	1
敬老院	jìng lǎo yuàn	18738	in-ing,uan-uang,ao-ou,n-l,r-l,j-q-x	1
拉力赛	lā lì sài	18740	ai-ei,s-sh,n-l,r-l	1
白血病	bái xuè bìng	18746	in-ing,ai-ei,j-q-x	1
大众化	dà zhòng huà	18747	ua-uo,z-zh,h-f	1
机关报	jī guān bào	18762	uan-uang,ao-ou,j-q-x	1
过招儿	guò zhāo er	18782	ao-ou,ua-uo,z-zh	1
山水画	shān shuǐ huà	18784	an-ang,ua-uo,s-sh,h-f	1
大人物	dà rén wù	18795	en-eng,r-l	1
哥们儿	gē men er	18799	en-eng	1
保税区	bǎo shuì qū	18809	ao-ou,s-sh,j-q-x	1
不亚于	bù yà yú	18810		1
立足点	lì zú diǎn	18816	ian-iang,z-zh,n-l,r-l	1
青年团	qīng nián tuán	18819	in-ing,ian-iang,uan-uang,n-l,j-q-x	1
封闭式	fēng bì shì	18832	en-eng,s-sh,h-f	1
老龄化	lǎo líng huà	18834	in-ing,ao-ou,ua-uo,n-l,h-f,r-l	1
新娘子	xīn niáng zǐ	18846	in-ing,ian-iang,z-zh,n-l,j-q-x	1
继承人	jì chéng rén	18852	en-eng,c-ch,r-l,j-q-x	1
进行曲	jìn xíng qǔ	18853	in-ing,j-q-x	1
重头戏	zhòng tóu xì	18857	ao-ou,z-zh,j-q-x	1
复合型	fù hé xíng	18861	in-ing,h-f,j-q-x	1
奴隶主	nú lì zhǔ	18865	z-zh,n-l,r-l	1
联欢会	lián huān huì	18873	ian-iang,uan-uang,n-l,h-f,r-l	1
专题片	zhuān tí piàn	18896	ian-iang,uan-uang,z-zh	1
老两口	lǎo liǎng kǒu	18919	ian-iang,ao-ou,n-l,r-l	1
表现力	biǎo xiàn lì	18926	ian-iang,n-l,r-l,j-q-x	1
一席话	yī xí huà	18932	ua-uo,h-f,j-q-x	1
不锈钢	bù xiù gāng	18934	an-ang,j-q-x	1
南美洲	nán měi zhōu	18943	an-ang,ai-ei,ao-ou,z-zh,n-l	1
信得过	xìn de guò	18957	in-ing,ua-uo,j-q-x	1
退休金	tuì xiū jīn	18973	in-ing,j-q-x	1
保龄球	bǎo líng qiú	18976	in-ing,ao-ou,n-l,r-l,j-q-x	1
一星儿	yī xīng er	18993	in-ing,j-q-x	1
核潜艇	hé qián tǐng	18998	in-ing,ian-iang,h-f,j-q-x	1
经不起	jīng bu qǐ	18999	in-ing,j-q-x	1
快车道	kuài chē dào	19001	ao-ou,c-ch	1
录像带	lù xiàng dài	19015	ian-iang,ai-ei,n-l,r-l,j-q-x	1
经常化	jīng cháng huà	19036	in-ing,an-ang,ua-uo,c-ch,h-f,j-q-x	1
象征性	xiàng zhēng xìng	19038	en-eng,in-ing,ian-iang,z-zh,j-q-x	1
中草药	zhōng cǎo yào	19040	ao-ou,z-zh,c-ch	1
对不住	duì bu zhù	19043	z-zh	1
士大夫	shì dà fū	19052	s-sh,h-f	1
大不了	dà bu liǎo	19059	n-l,r-l	1
集团军	jí tuán jūn	19062	uan-uang,j-q-x	1
被害人	bèi hài rén	19068	en-eng,ai-ei,h-f,r-l	1
记忆力	jì yì lì	19069	n-l,r-l,j-q-x	1
难民营	nàn mín yíng	19071	in-ing,an-ang,n-l	1
掉过儿	diào guò er	19081	ua-uo	1
动脑筋	dòng nǎo jīn	19082	in-ing,ao-ou,n-l,j-q-x	1
老大难	lǎo dà nán	19088	an-ang,ao-ou,n-l,r-l	1
电冰箱	diàn bīng xiāng	19136	in-ing,ian-iang,j-q-x	1
生产率	shēng chǎn lǜ	19143	en-eng,an-ang,c-ch,s-sh,n-l,r-l	1
新常态	xīn cháng tài	19147	in-ing,an-ang,ai-ei,c-ch,j-q-x	1
半封建	bàn fēng jiàn	19176	en-eng,an-ang,ian-iang,h-f,j-q-x	1
故事片	gù shi piàn	19179	ian-iang,s-sh	1
介绍信	jiè shào xìn	19181	in-ing,ao-ou,ia-ie,s-sh,j-q-x	1
推土机	tuī tǔ jī	19187	j-q-x	1
指挥官	zhǐ huī guān	19208	uan-uang,z-zh,h-f	1
白内障	bái nèi zhàng	19209	an-ang,ai-ei,z-zh,n-l	1
骨子里	gǔ zi lǐ	19213	z-zh,n-l,r-l	1
富二代	fù èr dài	19218	ai-ei,h-f	1
新生儿	xīn shēng ér	19221	en-eng,in-ing,s-sh,j-q-x	1
取款机	qǔ kuǎn jī	19240	uan-uang,j-q-x	1
免疫力	miǎn yì lì	19242	ian-iang,n-l,r-l	1
青春期	qīng chūn qī	19245	in-ing,c-ch,j-q-x	1
守门员	shǒu mén yuán	19275	en-eng,uan-uang,ao-ou,s-sh	1
清一色	qīng yī sè	19298	in-ing,s-sh,j-q-x	1
说不上	shuō bu shàng	19313	an-ang,ua-uo,s-sh	1
变压器	biàn yā qì	19319	ian-iang,j-q-x	1
自然村	zì rán cūn	19335	an-ang,z-zh,c-ch,r-l	1
大气层	dà qì céng	19337	en-eng,c-ch,j-q-x	1
幸存者	xìng cún zhě	19344	in-ing,z-zh,c-ch,j-q-x	1
财产权	cái chǎn quán	19353	an-ang,uan-uang,ai-ei,c-ch,j-q-x	1
茶话会	chá huà huì	19354	ua-uo,c-ch,h-f	1
极少数	jí shǎo shù	19359	ao-ou,s-sh,j-q-x	1
集散地	jí sàn dì	19371	an-ang,s-sh,j-q-x	1
党代会	dǎng dài huì	19384	an-ang,ai-ei,h-f	1
建筑群	jiàn zhù qún	19405	ian-iang,z-zh,j-q-x	1
选举权	xuǎn jǔ quán	19410	uan-uang,j-q-x	1
明摆着	míng bǎi zhe	19422	in-ing,ai-ei,z-zh	1
总领事	zǒng lǐng shì	19440	in-ing,z-zh,s-sh,n-l,r-l	1
好意思	hǎo yì si	19446	ao-ou,s-sh,h-f	1
收视率	shōu shì lǜ	19454	ao-ou,s-sh,n-l,r-l	1
活动室	huó dòng shì	19479	ua-uo,s-sh,h-f	1
简单化	jiǎn dān huà	19480	an-ang,ian-iang,ua-uo,h-f,j-q-x	1
营业税	yíng yè shuì	19484	in-ing,s-sh	1
地下室	dì xià shì	19487	ia-ie,s-sh,j-q-x	1
在野党	zài yě dǎng	19496	an-ang,ai-ei,z-zh	1
度假村	dù jià cūn	19497	ia-ie,c-ch,j-q-x	1
小商品	xiǎo shāng pǐn	19503	in-ing,an-ang,s-sh,j-q-x	1
学杂费	xué zá fèi	19505	ai-ei,z-zh,h-f,j-q-x	1
分辨率	fēn biàn lǜ	19511	en-eng,ian-iang,n-l,h-f,r-l	1
中秋节	zhōng qiū jié	19522	ia-ie,z-zh,j-q-x	1
老大爷	lǎo dà ye	19529	ao-ou,n-l,r-l	1
显示屏	xiǎn shì píng	19536	in-ing,ian-iang,s-sh,j-q-x	1
转眼间	zhuǎn yǎn jiān	19555	an-ang,ian-iang,uan-uang,z-zh,j-q-x	1
科学界	kē xué jiè	19563	ia-ie,j-q-x	1
美术馆	měi shù guǎn	19566	uan-uang,ai-ei,s-sh	1
殊不知	shū bù zhī	19585	z-zh,s-sh	1
大西北	dà xī běi	19590	ai-ei,j-q-x	1
广交会	guǎng jiāo huì	19592	uan-uang,h-f,j-q-x	1
跆拳道	tái quán dào	19602	uan-uang,ai-ei,ao-ou,j-q-x	3
铜子儿	tóng zǐ er	19603	z-zh	1
暗地里	àn dì lǐ	19611	an-ang,n-l,r-l	1
工作服	gōng zuò fú	19614	ua-uo,z-zh,h-f	1
国有股	guó yǒu gǔ	19616	ao-ou,ua-uo	1
高中生	gāo zhōng shēng	19625	en-eng,ao-ou,z-zh,s-sh	1
党代表	dǎng dài biǎo	19640	an-ang,ai-ei	1
文工团	wén gōng tuán	19647	en-eng,uan-uang	1
传感器	chuán gǎn qì	19654	an-ang,uan-uang,c-ch,j-q-x	1
平均值	píng jūn zhí	19668	in-ing,z-zh,j-q-x	1
储备粮	chǔ bèi liáng	19689	ian-iang,ai-ei,c-ch,n-l,r-l	1
黑名单	hēi míng dān	19693	in-ing,an-ang,ai-ei,h-f	1
机关枪	jī guān qiāng	19695	ian-iang,uan-uang,j-q-x	1
商业街	shāng yè jiē	19698	an-ang,ia-ie,s-sh,j-q-x	1
主战场	zhǔ zhàn chǎng	19703	an-ang,z-zh,c-ch	1
建筑师	jiàn zhù shī	19708	ian-iang,z-zh,s-sh,j-q-x	1
判决书	pàn jué shū	19713	an-ang,s-sh,j-q-x	1
较真儿	jiào zhēn er	19719	en-eng,z-zh,j-q-x	1
冠心病	guān xīn bìng	19727	in-ing,uan-uang,j-q-x	1
成交额	chéng jiāo é	19747	en-eng,c-ch,j-q-x	1
千瓦时	qiān wǎ shí	19754	ian-iang,s-sh,j-q-x	1
商品粮	shāng pǐn liáng	19755	in-ing,an-ang,ian-iang,s-sh,n-l,r-l	1
电线杆	diàn xiàn gān	19765	an-ang,ian-iang,j-q-x	1
年龄段	nián líng duàn	19770	in-ing,ian-iang,uan-uang,n-l,r-l	1
霓虹灯	ní hóng dēng	19791	en-eng,n-l,h-f	3
微电子	wēi diàn zǐ	19796	ian-iang,ai-ei,z-zh	1
姑奶奶	gū nǎi nai	19804	ai-ei,n-l	1
排头兵	pái tóu bīng	19806	in-ing,ai-ei,ao-ou	1
下半时	xià bàn shí	19810	an-ang,ia-ie,s-sh,j-q-x	1
真面目	zhēn miàn mù	19812	en-eng,ian-iang,z-zh	1
关键词	guān jiàn cí	19817	ian-iang,uan-uang,c-ch,j-q-x	1
矿务局	kuàng wù jú	19821	uan-uang,j-q-x	1
老师傅	lǎo shī fu	19823	ao-ou,s-sh,n-l,h-f,r-l	1
打印机	dǎ yìn jī	19861	in-ing,j-q-x	1
大锅饭	dà guō fàn	19862	an-ang,ua-uo,h-f	1
咖啡馆	kā fēi guǎn	19868	uan-uang,ai-ei,h-f	1
靠不住	kào bu zhù	19869	ao-ou,z-zh	1
助学金	zhù xué jīn	19882	in-ing,z-zh,j-q-x	1
寄生虫	jì shēng chóng	19888	en-eng,c-ch,s-sh,j-q-x	1
评委会	píng wěi huì	19910	in-ing,ai-ei,h-f	1
偶然性	ǒu rán xìng	19930	in-ing,an-ang,ao-ou,r-l,j-q-x	1
汽车站	qì chē zhàn	19932	an-ang,z-zh,c-ch,j-q-x	1
小金库	xiǎo jīn kù	19938	in-ing,j-q-x	1
公开信	gōng kāi xìn	19953	in-ing,ai-ei,j-q-x	1
义和团	yì hé tuán	19964	uan-uang,h-f	1
倾向性	qīng xiàng xìng	19978	in-ing,ian-iang,j-q-x	1
十字架	shí zì jià	19979	ia-ie,z-zh,s-sh,j-q-x	1
手术室	shǒu shù shì	19980	ao-ou,s-sh	1
文化界	wén huà jiè	19992	en-eng,ia-ie,ua-uo,h-f,j-q-x	1
朝鲜族	cháo xiǎn zú	19999	ian-iang,ao-ou,z-zh,c-ch,j-q-x	1
无记名	wú jì míng	20007	in-ing,j-q-x	1
夜总会	yè zǒng huì	20026	z-zh,h-f	1
胡萝卜	hú luó bo	20034	ua-uo,n-l,h-f,r-l	1
佼佼者	jiǎo jiǎo zhě	20052	z-zh,j-q-x	3
现代派	xiàn dài pài	20060	ian-iang,ai-ei,j-q-x	1
中医院	zhōng yī yuàn	20062	uan-uang,z-zh	1
售票员	shòu piào yuán	20076	uan-uang,ao-ou,s-sh	1
顺口溜	shùn kǒu liū	20077	ao-ou,s-sh,n-l,r-l	1
现代戏	xiàn dài xì	20080	ian-iang,ai-ei,j-q-x	1
电视片	diàn shì piàn	20085	ian-iang,s-sh	1
换言之	huàn yán zhī	20087	an-ang,uan-uang,z-zh,h-f	1
网约车	wǎng yuē chē	20091	an-ang,c-ch	1
装甲车	zhuāng jiǎ chē	20111	uan-uang,ia-ie,z-zh,c-ch,j-q-x	1
并发症	bìng fā zhèng	20112	en-eng,in-ing,z-zh,h-f	1
大踏步	dà tà bù	20114		1
广告牌	guǎng gào pái	20117	uan-uang,ai-ei,ao-ou	1
审判员	shěn pàn yuán	20154	en-eng,an-ang,uan-uang,s-sh	1
收割机	shōu gē jī	20155	ao-ou,s-sh,j-q-x	1
责任田	zé rèn tián	20162	en-eng,ian-iang,z-zh,r-l	1
临时性	lín shí xìng	20173	in-ing,s-sh,n-l,r-l,j-q-x	1
肺结核	fèi jié hé	20186	ai-ei,ia-ie,h-f,j-q-x	1
铁丝网	tiě sī wǎng	20192	an-ang,ia-ie,s-sh	1
责任状	zé rèn zhuàng	20195	en-eng,uan-uang,z-zh,r-l	1
臭味儿	chòu wèi er	20196	ai-ei,ao-ou,c-ch	1
播音员	bō yīn yuán	20219	in-ing,uan-uang	1
土家族	tǔ jiā zú	20230	ia-ie,z-zh,j-q-x	1
电磁波	diàn cí bō	20235	ian-iang,c-ch	1
选拔赛	xuǎn bá sài	20248	uan-uang,ai-ei,s-sh,j-q-x	1
债务人	zhài wù rén	20250	en-eng,ai-ei,z-zh,r-l	1
自留地	zì liú dì	20252	z-zh,n-l,r-l	1
儿童节	ér tóng jié	20258	ia-ie,j-q-x	1
臭氧层	chòu yǎng céng	20275	en-eng,an-ang,ao-ou,c-ch	1
小妞儿	xiǎo niū er	20284	n-l,j-q-x	3
不规则	bù guī zé	20291	z-zh	1
靠得住	kào de zhù	20299	ao-ou,z-zh	1
擂台赛	lèi tái sài	20301	ai-ei,s-sh,n-l,r-l	1
小人物	xiǎo rén wù	20308	en-eng,r-l,j-q-x	1
北半球	běi bàn qiú	20313	an-ang,ai-ei,j-q-x	1
口蹄疫	kǒu tí yì	20321	ao-ou	1
军代表	jūn dài biǎo	20343	ai-ei,j-q-x	1
工商界	gōng shāng jiè	20350	an-ang,ia-ie,s-sh,j-q-x	1
学生会	xué shēng huì	20351	en-eng,s-sh,h-f,j-q-x	1
主干线	zhǔ gàn xiàn	20353	an-ang,ian-iang,z-zh,j-q-x	1
神经病	shén jīng bìng	20362	en-eng,in-ing,s-sh,j-q-x	1
五保户	wǔ bǎo hù	20366	ao-ou,h-f	1
交换机	jiāo huàn jī	20376	uan-uang,h-f,j-q-x	1
辩护人	biàn hù rén	20395	en-eng,ian-iang,h-f,r-l	1
大小姐	dà xiǎo jiě	20398	ia-ie,j-q-x	1
协奏曲	xié zòu qǔ	20412	ao-ou,ia-ie,z-zh,j-q-x	1
桌面上	zhuō miàn shàng	20416	an-ang,ian-iang,ua-uo,z-zh,s-sh	1
不作为	bù zuò wéi	20460	ai-ei,ua-uo,z-zh	1
农运会	nóng yùn huì	20469	n-l,h-f	1
压根儿	yà gēn er	20477	en-eng	1
零售额	líng shòu é	20487	in-ing,ao-ou,s-sh,n-l,r-l	1
宣传品	xuān chuán pǐn	20491	in-ing,uan-uang,c-ch,j-q-x	1
以利于	yǐ lì yú	20493	n-l,r-l	1
全日制	quán rì zhì	20510	uan-uang,z-zh,r-l,j-q-x	1
真善美	zhēn shàn měi	20517	en-eng,an-ang,ai-ei,z-zh,s-sh	1
自然人	zì rán rén	20518	en-eng,an-ang,z-zh,r-l	1
女朋友	nǚ péng you	20533	en-eng,ao-ou,n-l	1
花岗岩	huā gāng yán	20546	an-ang,ua-uo,h-f	1
人缘儿	rén yuán er	20554	en-eng,uan-uang,r-l	1
小家伙	xiǎo jiā huo	20560	ia-ie,ua-uo,h-f,j-q-x	1
炊事员	chuī shì yuán	20569	uan-uang,c-ch,s-sh	1
航空兵	háng kōng bīng	20572	in-ing,an-ang,h-f	1
四边形	sì biān xíng	20578	in-ing,ian-iang,s-sh,j-q-x	1
说真的	shuō zhēn de	20593	en-eng,ua-uo,z-zh,s-sh	1
液化气	yè huà qì	20596	ua-uo,h-f,j-q-x	1
客观性	kè guān xìng	20607	in-ing,uan-uang,j-q-x	1
煤油灯	méi yóu dēng	20609	en-eng,ai-ei,ao-ou	1
摄影师	shè yǐng shī	20612	in-ing,s-sh	1
发祥地	fā xiáng dì	20619	ian-iang,h-f,j-q-x	1
会员国	huì yuán guó	20622	uan-uang,ua-uo,h-f	1
先天性	xiān tiān xìng	20632	in-ing,ian-iang,j-q-x	1
黑压压	hēi yā yā	20645	ai-ei,h-f	1
看得起	kàn de qǐ	20650	an-ang,j-q-x	1
新纪元	xīn jì yuán	20657	in-ing,uan-uang,j-q-x	1
乘务员	chéng wù yuán	20662	en-eng,uan-uang,c-ch	1
怎么的	zěn me dì	20687	en-eng,z-zh	1
看不惯	kàn bù guàn	20710	an-ang,uan-uang	1
一家子	yī jiā zi	20717	ia-ie,z-zh,j-q-x	1
值班室	zhí bān shì	20718	an-ang,z-zh,s-sh	1
充电桩	chōng diàn zhuāng	20723	ian-iang,uan-uang,z-zh,c-ch	1
手电筒	shǒu diàn tǒng	20750	ian-iang,ao-ou,s-sh	1
演奏家	yǎn zòu jiā	20758	an-ang,ao-ou,ia-ie,z-zh,j-q-x	1
职代会	zhí dài huì	20759	ai-ei,z-zh,h-f	1
不消说	bù xiāo shuō	20775	ua-uo,s-sh,j-q-x	1
加速器	jiā sù qì	20778	ia-ie,s-sh,j-q-x	1
农业社	nóng yè shè	20782	s-sh,n-l	1
试用期	shì yòng qī	20785	s-sh,j-q-x	1
仪仗队	yí zhàng duì	20786	an-ang,z-zh	1
关节炎	guān jié yán	20811	an-ang,uan-uang,ia-ie,j-q-x	1
监护人	jiān hù rén	20813	en-eng,ian-iang,h-f,r-l,j-q-x	1
绿化带	lǜ huà dài	20815	ai-ei,ua-uo,n-l,h-f,r-l	1
羽绒服	yǔ róng fú	20821	h-f,r-l	1
航天器	háng tiān qì	20826	an-ang,ian-iang,h-f,j-q-x	1
眼见得	yǎn jiàn de	20855	an-ang,ian-iang,j-q-x	1
代理商	dài lǐ shāng	20866	an-ang,ai-ei,s-sh,n-l,r-l	1
老家伙	lǎo jiā huo	20875	ao-ou,ia-ie,ua-uo,n-l,h-f,r-l,j-q-x	1
联络员	lián luò yuán	20876	ian-iang,uan-uang,ua-uo,n-l,r-l	1
无神论	wú shén lùn	20904	en-eng,s-sh,n-l,r-l	1
现实性	xiàn shí xìng	20905	in-ing,ian-iang,s-sh,j-q-x	1
得人心	dé rén xīn	20918	en-eng,in-ing,r-l,j-q-x	1
高消费	gāo xiāo fèi	20920	ai-ei,ao-ou,h-f,j-q-x	1
亮晶晶	liàng jīng jīng	20923	in-ing,ian-iang,n-l,r-l,j-q-x	1
流星雨	liú xīng yǔ	20926	in-ing,n-l,r-l,j-q-x	1
时代感	shí dài gǎn	20931	an-ang,ai-ei,s-sh	1
电动机	diàn dòng jī	20935	ian-iang,j-q-x	1
缝纫机	féng rèn jī	20936	en-eng,h-f,r-l,j-q-x	1
复杂化	fù zá huà	20937	ua-uo,z-zh,h-f	1
见证人	jiàn zhèng rén	20938	en-eng,ian-iang,z-zh,r-l,j-q-x	1
决定权	jué dìng quán	20940	in-ing,uan-uang,j-q-x	1
氧化物	yǎng huà wù	20951	an-ang,ua-uo,h-f	1
柏油路	bǎi yóu lù	20955	ai-ei,ao-ou,n-l,r-l	1
陆战队	lù zhàn duì	20968	an-ang,z-zh,n-l,r-l	1
清明节	qīng míng jié	20971	in-ing,ia-ie,j-q-x	1
同位素	tóng wèi sù	20975	ai-ei,s-sh	1
业务员	yè wù yuán	20980	uan-uang	1
活动家	huó dòng jiā	20984	ia-ie,ua-uo,h-f,j-q-x	1
进化论	jìn huà lùn	20987	in-ing,ua-uo,n-l,h-f,r-l,j-q-x	1
零容忍	líng róng rěn	20989	en-eng,in-ing,n-l,r-l	1
地球村	dì qiú cūn	20994	c-ch,j-q-x	1
葡萄糖	pú tao táng	20998	an-ang,ao-ou	1
掏腰包	tāo yāo bāo	20999	ao-ou	1
制片厂	zhì piàn chǎng	21005	an-ang,ian-iang,z-zh,c-ch	1
癌细胞	ái xì bāo	21007	ai-ei,ao-ou,j-q-x	1
柴油机	chái yóu jī	21009	ai-ei,ao-ou,c-ch,j-q-x	1
地表水	dì biǎo shuǐ	21013	s-sh	1
合议庭	hé yì tíng	21015	in-ing,h-f	1
仙人掌	xiān rén zhǎng	21043	en-eng,an-ang,ian-iang,z-zh,r-l,j-q-x	1
小媳妇	xiǎo xí fu	21044	h-f,j-q-x	1
门市部	mén shì bù	21057	en-eng,s-sh	1
大丈夫	dà zhàng fu	21069	an-ang,z-zh,h-f	1
甲骨文	jiǎ gǔ wén	21076	en-eng,ia-ie,j-q-x	1
劳教所	láo jiào suǒ	21077	ao-ou,ua-uo,s-sh,n-l,r-l,j-q-x	1
亲和力	qīn hé lì	21081	in-ing,n-l,h-f,r-l,j-q-x	1
说笑话	shuō xiào hua	21083	ua-uo,s-sh,h-f,j-q-x	1
休息室	xiū xi shì	21089	s-sh,j-q-x	1
零距离	líng jù lí	21095	in-ing,n-l,r-l,j-q-x	1
荷尔蒙	hé ěr méng	21105	en-eng,h-f	1
公证处	gōng zhèng chù	21111	en-eng,z-zh,c-ch	1
激光器	jī guāng qì	21116	uan-uang,j-q-x	1
聘任制	pìn rèn zhì	21123	en-eng,in-ing,z-zh,r-l	1
音乐厅	yīn yuè tīng	21129	in-ing	1
大礼堂	dà lǐ táng	21155	an-ang,n-l,r-l	1
垃圾箱	lā jī xiāng	21181	ian-iang,n-l,r-l,j-q-x	1
必修课	bì xiū kè	21196	j-q-x	1
分界线	fēn jiè xiàn	21200	en-eng,ian-iang,ia-ie,h-f,j-q-x	1
殖民者	zhí mín zhě	21210	in-ing,z-zh	1
决议案	jué yì àn	21219	an-ang,j-q-x	1
老大娘	lǎo dà niáng	21220	ian-iang,ao-ou,n-l,r-l	1
青铜器	qīng tóng qì	21223	in-ing,j-q-x	1
盐碱地	yán jiǎn dì	21230	an-ang,ian-iang,j-q-x	1
含金量	hán jīn liàng	21239	in-ing,an-ang,ian-iang,n-l,h-f,r-l,j-q-x	1
疗养院	liáo yǎng yuàn	21243	an-ang,uan-uang,n-l,r-l	1
人力车	rén lì chē	21247	en-eng,c-ch,n-l,r-l	1
这一阵	zhè yī zhèn	21257	en-eng,z-zh	1
主心骨	zhǔ xīn gǔ	21258	in-ing,z-zh,j-q-x	1
必需品	bì xū pǐn	21260	in-ing,j-q-x	1
城运会	chéng yùn huì	21264	en-eng,c-ch,h-f	1
妇产科	fù chǎn kē	21268	an-ang,c-ch,h-f	1
有你的	yǒu nǐ de	21281	ao-ou,n-l	1
于是乎	yú shì hū	21282	s-sh,h-f	1
展销会	zhǎn xiāo huì	21284	an-ang,z-zh,h-f,j-q-x	1
服务台	fú wù tái	21288	ai-ei,h-f	1
牛仔裤	niú zǎi kù	21294	ai-ei,z-zh,n-l	1
这么着	zhè me zhe	21307	z-zh	1
步行街	bù xíng jiē	21308	in-ing,ia-ie,j-q-x	1
充其量	chōng qí liàng	21309	ian-iang,c-ch,n-l,r-l,j-q-x	1
第一流	dì yī liú	21310	n-l,r-l	1
无意识	wú yì shí	21327	s-sh	1
系统化	xì tǒng huà	21329	ua-uo,h-f,j-q-x	1
显身手	xiǎn shēn shǒu	21330	en-eng,ian-iang,ao-ou,s-sh,j-q-x	1
小青年	xiǎo qīng nián	21333	in-ing,ian-iang,n-l,j-q-x	1
超负荷	chāo fù hè	21338	ao-ou,c-ch,h-f	1
奠基人	diàn jī rén	21343	en-eng,ian-iang,r-l,j-q-x	1
花生米	huā shēng mǐ	21347	en-eng,ua-uo,s-sh,h-f	1
出活儿	chū huó er	21371	ua-uo,c-ch,h-f	1
大白菜	dà bái cài	21373	ai-ei,c-ch	1
孩子气	hái zi qì	21378	ai-ei,z-zh,h-f,j-q-x	1
轰炸机	hōng zhà jī	21405	z-zh,h-f,j-q-x	1
明信片	míng xìn piàn	21407	in-ing,ian-iang,j-q-x	1
农机具	nóng jī jù	21408	n-l,j-q-x	1
升学率	shēng xué lǜ	21410	en-eng,s-sh,n-l,r-l,j-q-x	1
代名词	dài míng cí	21426	in-ing,ai-ei,c-ch	1
单行本	dān xíng běn	21427	en-eng,in-ing,an-ang,j-q-x	1
供给侧	gōng jǐ cè	21439	c-ch,j-q-x	1
手把手	shǒu bǎ shǒu	21442	ao-ou,s-sh	1
同龄人	tóng líng rén	21448	en-eng,in-ing,n-l,r-l	1
义勇军	yì yǒng jūn	21454	j-q-x	1
大合唱	dà hé chàng	21459	an-ang,c-ch,h-f	1
高个子	gāo gè zi	21463	ao-ou,z-zh	1
国防军	guó fáng jūn	21464	an-ang,ua-uo,h-f,j-q-x	1
可读性	kě dú xìng	21473	in-ing,j-q-x	1
安全带	ān quán dài	21478	an-ang,uan-uang,ai-ei,j-q-x	1
复印件	fù yìn jiàn	21483	in-ing,ian-iang,h-f,j-q-x	1
推销员	tuī xiāo yuán	21497	uan-uang,j-q-x	1
微波炉	wēi bō lú	21500	ai-ei,n-l,r-l	1
不外乎	bù wài hū	21507	ai-ei,h-f	1
磁悬浮	cí xuán fú	21510	uan-uang,c-ch,h-f,j-q-x	1
椭圆形	tuǒ yuán xíng	21520	in-ing,uan-uang,ua-uo,j-q-x	1
飞行器	fēi xíng qì	21532	in-ing,ai-ei,h-f,j-q-x	1
金刚石	jīn gāng shí	21536	in-ing,an-ang,s-sh,j-q-x	1
贺岁档	hè suì dàng	21550	an-ang,s-sh,h-f	1
牺牲品	xī shēng pǐn	21554	en-eng,in-ing,s-sh,j-q-x	1
硬骨头	yìng gǔ tou	21556	in-ing,ao-ou	1
观察家	guān chá jiā	21564	uan-uang,ia-ie,c-ch,j-q-x	1
储蓄所	chǔ xù suǒ	21578	ua-uo,c-ch,s-sh,j-q-x	1
毁灭性	huǐ miè xìng	21584	in-ing,ia-ie,h-f,j-q-x	1
罗锅儿	luó guō er	21586	ua-uo,n-l,r-l	1
地形图	dì xíng tú	21599	in-ing,j-q-x	1
老婆婆	lǎo pó po	21606	ao-ou,n-l,r-l	1
贴心人	tiē xīn rén	21611	en-eng,in-ing,ia-ie,r-l,j-q-x	1
开盘价	kāi pán jià	21612	an-ang,ai-ei,ia-ie,j-q-x	1
候车室	hòu chē shì	21625	ao-ou,c-ch,s-sh,h-f	1
旅游团	lǚ yóu tuán	21630	uan-uang,ao-ou,n-l,r-l	1
胰岛素	yí dǎo sù	21642	ao-ou,s-sh	1
气呼呼	qì hū hū	21655	h-f,j-q-x	1
驱逐舰	qū zhú jiàn	21656	ian-iang,z-zh,j-q-x	1
示意图	shì yì tú	21659	s-sh	1
书呆子	shū dāi zi	21661	ai-ei,z-zh,s-sh	1
做买卖	zuò mǎi mai	21665	ai-ei,ua-uo,z-zh	1
白细胞	bái xì bāo	21666	ai-ei,ao-ou,j-q-x	1
暴风雪	bào fēng xuě	21667	en-eng,ao-ou,h-f,j-q-x	1
大手笔	dà shǒu bǐ	21672	ao-ou,s-sh	1
回娘家	huí niáng jia	21702	ian-iang,ia-ie,n-l,h-f,j-q-x	1
警卫员	jǐng wèi yuán	21705	in-ing,uan-uang,ai-ei,j-q-x	1
未婚妻	wèi hūn qī	21713	ai-ei,h-f,j-q-x	1
文化人	wén huà rén	21714	en-eng,ua-uo,h-f,r-l	1
血汗钱	xuè hàn qián	21719	an-ang,ian-iang,h-f,j-q-x	1
野战军	yě zhàn jūn	21720	an-ang,z-zh,j-q-x	1
这么些	zhè me xiē	21721	ia-ie,z-zh,j-q-x	1
侦察员	zhēn chá yuán	21722	en-eng,uan-uang,z-zh,c-ch	1
指挥家	zhǐ huī jiā	21723	ia-ie,z-zh,h-f,j-q-x	1
子系统	zǐ xì tǒng	21724	z-zh,j-q-x	1
处方药	chǔ fāng yào	21731	an-ang,ao-ou,c-ch,h-f	1
戈壁滩	gē bì tān	21734	an-ang	1
混合泳	hùn hé yǒng	21739	h-f	1
明白人	míng bai rén	21746	en-eng,in-ing,ai-ei,r-l	1
总路线	zǒng lù xiàn	21757	ian-iang,z-zh,n-l,r-l,j-q-x	1
兵马俑	bīng mǎ yǒng	21760	in-ing	3
好天儿	hǎo tiān er	21764	ian-iang,ao-ou,h-f	1
合同制	hé tóng zhì	21765	z-zh,h-f	1
大肚子	dà dù zi	21782	z-zh	1
话把儿	huà bà er	21786	ua-uo,h-f	1
大动脉	dà dòng mài	21805	ai-ei	1
灯亮儿	dēng liàng er	21807	en-eng,ian-iang,n-l,r-l	1
缔约国	dì yuē guó	21808	ua-uo	1
那阵儿	nà zhèn er	21822	en-eng,z-zh,n-l	1
生物圈	shēng wù quān	21824	en-eng,uan-uang,s-sh,j-q-x	1
不动产	bù dòng chǎn	21835	an-ang,c-ch	1
所以然	suǒ yǐ rán	21856	an-ang,ua-uo,s-sh,r-l	1
大卖场	dà mài chǎng	21871	an-ang,ai-ei,c-ch	1
三部曲	sān bù qǔ	21881	an-ang,s-sh,j-q-x	1
众议员	zhòng yì yuán	21898	uan-uang,z-zh	1
先行者	xiān xíng zhě	21923	in-ing,ian-iang,z-zh,j-q-x	1
管辖权	guǎn xiá quán	21924	uan-uang,ia-ie,j-q-x	1
隐私权	yǐn sī quán	21927	in-ing,uan-uang,s-sh,j-q-x	1
半月刊	bàn yuè kān	21930	an-ang	1
诉讼法	sù sòng fǎ	21948	s-sh,h-f	1
嫌疑犯	xián yí fàn	21970	an-ang,ian-iang,h-f,j-q-x	1
登记表	dēng jì biǎo	21977	en-eng,j-q-x	1
历史剧	lì shǐ jù	21986	s-sh,n-l,r-l,j-q-x	1
上半时	shàng bàn shí	21990	an-ang,s-sh	1
担保人	dān bǎo rén	21998	en-eng,an-ang,ao-ou,r-l	1
非金属	fēi jīn shǔ	22000	in-ing,ai-ei,s-sh,h-f,j-q-x	1
哥儿们	gē er men	22004	en-eng	1
零配件	líng pèi jiàn	22008	in-ing,ian-iang,ai-ei,n-l,r-l,j-q-x	1
提意见	tí yì jiàn	22042	ian-iang,j-q-x	1
信号灯	xìn hào dēng	22045	en-eng,in-ing,ao-ou,h-f,j-q-x	1
打基础	dǎ jī chǔ	22056	c-ch,j-q-x	1
起跑线	qǐ pǎo xiàn	22064	ian-iang,ao-ou,j-q-x	1
铁饭碗	tiě fàn wǎn	22071	an-ang,ia-ie,h-f	1
绿油油	lǜ yóu yóu	22087	ao-ou,n-l,r-l	1
美术家	měi shù jiā	22089	ai-ei,ia-ie,s-sh,j-q-x	1
脑勺儿	nǎo sháo er	22090	ao-ou,s-sh,n-l	1
十二分	shí èr fēn	22097	en-eng,s-sh,h-f	1
地块儿	dì kuài er	22109		1
隔离带	gé lí dài	22113	ai-ei,n-l,r-l	1
染色体	rǎn sè tǐ	22126	an-ang,s-sh,r-l	1
地方官	dì fāng guān	22147	an-ang,uan-uang,h-f	1
委托人	wěi tuō rén	22157	en-eng,ai-ei,ua-uo,r-l	1
黄包车	huáng bāo chē	22174	uan-uang,ao-ou,c-ch,h-f	1
居民楼	jū mín lóu	22177	in-ing,ao-ou,n-l,r-l,j-q-x	1
润滑油	rùn huá yóu	22209	ao-ou,ua-uo,h-f,r-l	1
小灵通	xiǎo líng tōng	22215	in-ing,n-l,r-l,j-q-x	1
硬环境	yìng huán jìng	22218	in-ing,uan-uang,h-f,j-q-x	1
教师节	jiào shī jié	22235	ia-ie,s-sh,j-q-x	1
能见度	néng jiàn dù	22238	en-eng,ian-iang,n-l,j-q-x	1
中高档	zhōng gāo dàng	22252	an-ang,ao-ou,z-zh	1
老前辈	lǎo qián bèi	22270	ian-iang,ai-ei,ao-ou,n-l,r-l,j-q-x	1
流水线	liú shuǐ xiàn	22272	ian-iang,s-sh,n-l,r-l,j-q-x	1
少不得	shǎo bu dé	22277	ao-ou,s-sh	1
淘汰赛	táo tài sài	22279	ai-ei,ao-ou,s-sh	1
白花花	bái huā huā	22287	ai-ei,ua-uo,h-f	1
涨停板	zhǎng tíng bǎn	22291	in-ing,an-ang,z-zh	1
不好说	bù hǎo shuō	22296	ao-ou,ua-uo,s-sh,h-f	1
世界语	shì jiè yǔ	22312	ia-ie,s-sh,j-q-x	1
重金属	zhòng jīn shǔ	22325	in-ing,z-zh,s-sh,j-q-x	1
爆炸物	bào zhà wù	22326	ao-ou,z-zh	1
胆固醇	dǎn gù chún	22332	an-ang,c-ch	1
定心丸	dìng xīn wán	22333	in-ing,an-ang,j-q-x	1
感谢信	gǎn xiè xìn	22336	in-ing,an-ang,ia-ie,j-q-x	1
红旗手	hóng qí shǒu	22338	ao-ou,s-sh,h-f,j-q-x	1
花架子	huā jià zi	22339	ia-ie,ua-uo,z-zh,h-f,j-q-x	1
下水道	xià shuǐ dào	22350	ao-ou,ia-ie,s-sh,j-q-x	1
有心人	yǒu xīn rén	22351	en-eng,in-ing,ao-ou,r-l,j-q-x	1
同性恋	tóng xìng liàn	22367	in-ing,ian-iang,n-l,r-l,j-q-x	1
大篷车	dà péng chē	22377	en-eng,c-ch	1
开门红	kāi mén hóng	22383	en-eng,ai-ei,h-f	1
乱糟糟	luàn zāo zāo	22387	uan-uang,ao-ou,z-zh,n-l,r-l	1
饲养员	sì yǎng yuán	22399	an-ang,uan-uang,s-sh	1
包工头	bāo gōng tóu	22409	ao-ou	1
使领馆	shǐ lǐng guǎn	22425	in-ing,uan-uang,s-sh,n-l,r-l	1
总领馆	zǒng lǐng guǎn	22437	in-ing,uan-uang,z-zh,n-l,r-l	1
殡仪馆	bìn yí guǎn	22468	in-ing,uan-uang	3
托儿所	tuō ér suǒ	22514	ua-uo,s-sh	1
宣传画	xuān chuán huà	22517	uan-uang,ua-uo,c-ch,h-f,j-q-x	1
作业本	zuò yè běn	22521	en-eng,ua-uo,z-zh	1
炊事班	chuī shì bān	22528	an-ang,c-ch,s-sh	1
副标题	fù biāo tí	22530	h-f	1
核燃料	hé rán liào	22532	an-ang,n-l,h-f,r-l	1
凑热闹	còu rè nao	22556	ao-ou,c-ch,n-l,r-l	1
高年级	gāo nián jí	22561	ian-iang,ao-ou,n-l,j-q-x	1
摇钱树	yáo qián shù	22577	ian-iang,ao-ou,s-sh,j-q-x	1
做学问	zuò xué wen	22583	en-eng,ua-uo,z-zh,j-q-x	1
二手车	èr shǒu chē	22589	ao-ou,c-ch,s-sh	1
发射场	fā shè chǎng	22590	an-ang,c-ch,s-sh,h-f	1
运动量	yùn dòng liàng	22608	ian-iang,n-l,r-l	1
走后门	zǒu hòu mén	22611	en-eng,ao-ou,z-zh,h-f	1
独创性	dú chuàng xìng	22616	in-ing,uan-uang,c-ch,j-q-x	1
基本点	jī běn diǎn	22618	en-eng,ian-iang,j-q-x	1
由不得	yóu bu de	22632	ao-ou	1
正义感	zhèng yì gǎn	22636	en-eng,an-ang,z-zh	1
大陆架	dà lù jià	22643	ia-ie,n-l,r-l,j-q-x	1
旮旯儿	gā lá er	22646	n-l,r-l	3
过得去	guò de qù	22650	ua-uo,j-q-x	1
好端端	hǎo duān duān	22651	uan-uang,ao-ou,h-f	1
黑洞洞	hēi dòng dòng	22652	ai-ei,h-f	1
娘儿们	niáng er men	22660	en-eng,ian-iang,n-l	1
试验田	shì yàn tián	22665	an-ang,ian-iang,s-sh	1
重量级	zhòng liàng jí	22676	ian-iang,z-zh,n-l,r-l,j-q-x	1
中老年	zhōng lǎo nián	22708	ian-iang,ao-ou,z-zh,n-l,r-l	1
半成品	bàn chéng pǐn	22711	en-eng,in-ing,an-ang,c-ch	1
没问题	méi wèn tí	22728	en-eng,ai-ei	1
啄木鸟	zhuó mù niǎo	22752	ua-uo,z-zh,n-l	1
东道国	dōng dào guó	22762	ao-ou,ua-uo	1
好家伙	hǎo jiā huo	22768	ao-ou,ia-ie,ua-uo,h-f,j-q-x	1
合作化	hé zuò huà	22769	ua-uo,z-zh,h-f	1
篮板球	lán bǎn qiú	22774	an-ang,n-l,r-l,j-q-x	1
丹顶鹤	dān dǐng hè	22791	in-ing,an-ang,h-f	1
见不得	jiàn bu dé	22801	ian-iang,j-q-x	1
铝合金	lǚ hé jīn	22807	in-ing,n-l,h-f,r-l,j-q-x	1
内分泌	nèi fēn mì	22809	en-eng,ai-ei,n-l,h-f	1
消防队	xiāo fáng duì	22819	an-ang,h-f,j-q-x	1
洋鬼子	yáng guǐ zi	22822	an-ang,z-zh	1
不屑于	bù xiè yú	22825	ia-ie,j-q-x	1
城隍庙	chéng huáng miào	22826	en-eng,uan-uang,c-ch,h-f	3
管闲事	guǎn xián shì	22835	ian-iang,uan-uang,s-sh,j-q-x	1
黄梅戏	huáng méi xì	22837	uan-uang,ai-ei,h-f,j-q-x	1
联系人	lián xì rén	22840	en-eng,ian-iang,n-l,r-l,j-q-x	1
接地气	jiē dì qì	22842	ia-ie,j-q-x	1
脑血管	nǎo xuè guǎn	22881	uan-uang,ao-ou,n-l,j-q-x	1
无产者	wú chǎn zhě	22890	an-ang,z-zh,c-ch	1
新生代	xīn shēng dài	22893	en-eng,in-ing,ai-ei,s-sh,j-q-x	1
冲击波	chōng jī bō	22898	c-ch,j-q-x	1
军兵种	jūn bīng zhǒng	22906	in-ing,z-zh,j-q-x	1
拉关系	lā guān xi	22907	uan-uang,n-l,r-l,j-q-x	1
一小撮	yī xiǎo cuō	22924	ua-uo,c-ch,j-q-x	1
印刷品	yìn shuā pǐn	22926	in-ing,ua-uo,s-sh	1
越野车	yuè yě chē	22928	c-ch	1
半辈子	bàn bèi zi	22930	an-ang,ai-ei,z-zh	1
附加费	fù jiā fèi	22935	ai-ei,ia-ie,h-f,j-q-x	1
干休所	gàn xiū suǒ	22936	an-ang,ua-uo,s-sh,j-q-x	1
护城河	hù chéng hé	22939	en-eng,c-ch,h-f	1
口头禅	kǒu tóu chán	22942	an-ang,ao-ou,c-ch	1
票贩子	piào fàn zi	22948	an-ang,z-zh,h-f	1
笑吟吟	xiào yín yín	22956	in-ing,j-q-x	1
麦穗儿	mài suì er	22977	ai-ei,s-sh	1
唐人街	táng rén jiē	22988	en-eng,an-ang,ia-ie,r-l,j-q-x	1
伪科学	wěi kē xué	22991	ai-ei,j-q-x	1
窝囊废	wō nang fèi	22992	an-ang,ai-ei,n-l,h-f	1
白话文	bái huà wén	23003	en-eng,ai-ei,ua-uo,h-f	1
大西南	dà xī nán	23009	an-ang,n-l,j-q-x	1
对抗性	duì kàng xìng	23012	in-ing,an-ang,j-q-x	1
孵化器	fū huà qì	23015	ua-uo,h-f,j-q-x	1
洗衣粉	xǐ yī fěn	23032	en-eng,h-f,j-q-x	1
写字楼	xiě zì lóu	23033	ao-ou,ia-ie,z-zh,n-l,r-l,j-q-x	1
用材林	yòng cái lín	23034	in-ing,ai-ei,c-ch,n-l,r-l	1
舆论界	yú lùn jiè	23035	ia-ie,n-l,r-l,j-q-x	1
障碍物	zhàng ài wù	23037	an-ang,ai-ei,z-zh	1
大洋洲	dà yáng zhōu	23045	an-ang,ao-ou,z-zh	1
忙不迭	máng bù dié	23057	an-ang,ia-ie	1
压缩机	yā suō jī	23068	ua-uo,s-sh,j-q-x	1
再利用	zài lì yòng	23071	ai-ei,z-zh,n-l,r-l	1
蒸汽机	zhēng qì jī	23072	en-eng,z-zh,j-q-x	1
补助金	bǔ zhù jīn	23081	in-ing,z-zh,j-q-x	1
电饭煲	diàn fàn bāo	23113	an-ang,ian-iang,ao-ou,h-f	3
北美洲	běi měi zhōu	23114	ai-ei,ao-ou,z-zh	1
动手术	dòng shǒu shù	23117	ao-ou,s-sh	1
私下里	sī xià lǐ	23132	ia-ie,s-sh,n-l,r-l,j-q-x	1
有机肥	yǒu jī féi	23138	ai-ei,ao-ou,h-f,j-q-x	1
脂肪酸	zhī fáng suān	23140	an-ang,uan-uang,z-zh,s-sh,h-f	1
白大褂	bái dà guà	23142	ai-ei,ua-uo	1
边缘化	biān yuán huà	23144	ian-iang,uan-uang,ua-uo,h-f	1
串门儿	chuàn mén er	23149	en-eng,uan-uang,c-ch	1
儿童剧	ér tóng jù	23151	j-q-x	1
犯不着	fàn bu zháo	23152	an-ang,ao-ou,z-zh,h-f	1
后半夜	hòu bàn yè	23161	an-ang,ao-ou,h-f	1
统一体	tǒng yī tǐ	23177		1
原动力	yuán dòng lì	23186	uan-uang,n-l,r-l	1
劳动节	láo dòng jié	23204	ao-ou,ia-ie,n-l,r-l,j-q-x	1
小丫头	xiǎo yā tou	23217	ao-ou,j-q-x	1
办事员	bàn shì yuán	23226	an-ang,uan-uang,s-sh	1
灰蒙蒙	huī méng méng	23240	en-eng,h-f	1
期望值	qī wàng zhí	23253	an-ang,z-zh,j-q-x	1
试金石	shì jīn shí	23257	in-ing,s-sh,j-q-x	1
卫生员	wèi shēng yuán	23261	en-eng,uan-uang,ai-ei,s-sh	1
大清早	dà qīng zǎo	23279	in-ing,ao-ou,z-zh,j-q-x	1
提款机	tí kuǎn jī	23286	uan-uang,j-q-x	1
泪汪汪	lèi wāng wāng	23291	an-ang,ai-ei,n-l,r-l	1
流行性	liú xíng xìng	23292	in-ing,n-l,r-l,j-q-x	1
青霉素	qīng méi sù	23297	in-ing,ai-ei,s-sh,j-q-x	1
超声波	chāo shēng bō	23312	en-eng,ao-ou,c-ch,s-sh	1
起诉书	qǐ sù shū	23324	s-sh,j-q-x	1
小兄弟	xiǎo xiōng di	23329	j-q-x	1
制片人	zhì piàn rén	23334	en-eng,ian-iang,z-zh,r-l	1
人贩子	rén fàn zi	23348	en-eng,an-ang,z-zh,h-f,r-l	1
元器件	yuán qì jiàn	23364	ian-iang,uan-uang,j-q-x	1
运输机	yùn shū jī	23366	s-sh,j-q-x	1
冷不防	lěng bu fáng	23385	en-eng,an-ang,n-l,h-f,r-l	1
书记员	shū jì yuán	23392	uan-uang,s-sh,j-q-x	1
双刃剑	shuāng rèn jiàn	23394	en-eng,ian-iang,uan-uang,s-sh,r-l,j-q-x	1
外国语	wài guó yǔ	23396	ai-ei,ua-uo	1
小老婆	xiǎo lǎo po	23399	ao-ou,n-l,r-l,j-q-x	1
作用力	zuò yòng lì	23403	ua-uo,z-zh,n-l,r-l	1
背地里	bèi dì lǐ	23407	ai-ei,n-l,r-l	1
分水岭	fēn shuǐ lǐng	23412	en-eng,in-ing,s-sh,n-l,h-f,r-l	1
冬小麦	dōng xiǎo mài	23440	ai-ei,j-q-x	1
快板儿	kuài bǎn er	23447	an-ang	1
日记本	rì jì běn	23455	en-eng,r-l,j-q-x	1
书画展	shū huà zhǎn	23459	an-ang,ua-uo,z-zh,s-sh,h-f	1
土特产	tǔ tè chǎn	23464	an-ang,c-ch	1
小家庭	xiǎo jiā tíng	23468	in-ing,ia-ie,j-q-x	1
吃不上	chī bu shàng	23474	an-ang,c-ch,s-sh	1
论证会	lùn zhèng huì	23487	en-eng,z-zh,n-l,h-f,r-l	1
认同感	rèn tóng gǎn	23488	en-eng,an-ang,r-l	1
团团转	tuán tuán zhuàn	23490	uan-uang,z-zh	1
优越感	yōu yuè gǎn	23495	an-ang,ao-ou	1
欧共体	ōu gòng tǐ	23514	ao-ou	1
培养基	péi yǎng jī	23515	an-ang,ai-ei,j-q-x	1
皮划艇	pí huá tǐng	23516	in-ing,ua-uo,h-f	1
消费税	xiāo fèi shuì	23524	ai-ei,s-sh,h-f,j-q-x	1
有机体	yǒu jī tǐ	23534	ao-ou,j-q-x	1
中成药	zhōng chéng yào	23536	en-eng,ao-ou,z-zh,c-ch	1
晶体管	jīng tǐ guǎn	23554	in-ing,uan-uang,j-q-x	1
无意间	wú yì jiān	23568	ian-iang,j-q-x	1
传达室	chuán dá shì	23582	uan-uang,c-ch,s-sh	1
说闲话	shuō xián huà	23601	ian-iang,ua-uo,s-sh,h-f,j-q-x	1
慰问品	wèi wèn pǐn	23607	en-eng,in-ing,ai-ei	1
意向书	yì xiàng shū	23611	ian-iang,s-sh,j-q-x	1
百分比	bǎi fēn bǐ	23617	en-eng,ai-ei,h-f	1
好心人	hǎo xīn rén	23625	en-eng,in-ing,ao-ou,h-f,r-l,j-q-x	1
警戒线	jǐng jiè xiàn	23629	in-ing,ian-iang,ia-ie,j-q-x	1
开幕词	kāi mù cí	23632	ai-ei,c-ch	1
太阳穴	tài yáng xué	23648	an-ang,ai-ei,j-q-x	1
游击战	yóu jī zhàn	23653	an-ang,ao-ou,z-zh,j-q-x	1
否决权	fǒu jué quán	23661	uan-uang,ao-ou,h-f,j-q-x	1
终身制	zhōng shēn zhì	23693	en-eng,z-zh,s-sh	1
打瞌睡	dǎ kē shuì	23695	s-sh	3
驾驶室	jià shǐ shì	23700	ia-ie,s-sh,j-q-x	1
孔夫子	kǒng fū zǐ	23701	z-zh,h-f	1
灵敏度	líng mǐn dù	23703	in-ing,n-l,r-l	1
慢性病	màn xìng bìng	23705	in-ing,an-ang,j-q-x	1
天底下	tiān dǐ xià	23718	ian-iang,ia-ie,j-q-x	1
地方病	dì fāng bìng	23728	in-ing,an-ang,h-f	1
不对劲	bù duì jìn	23730	in-ing,j-q-x	1
会客室	huì kè shì	23737	s-sh,h-f	1
未婚夫	wèi hūn fū	23756	ai-ei,h-f	1
想得到	xiǎng de dào	23759	ian-iang,ao-ou,j-q-x	1
一条心	yī tiáo xīn	23761	in-ing,j-q-x	1
赤条条	chì tiáo tiáo	23773	c-ch	1
反作用	fǎn zuò yòng	23777	an-ang,ua-uo,z-zh,h-f	1
高招儿	gāo zhāo er	23778	ao-ou,z-zh	1
黑板报	hēi bǎn bào	23781	an-ang,ai-ei,ao-ou,h-f	1
老东西	lǎo dōng xī	23789	ao-ou,n-l,r-l,j-q-x	1
迫击炮	pǎi jī pào	23825	ai-ei,ao-ou,j-q-x	1
全自动	quán zì dòng	23828	uan-uang,z-zh,j-q-x	1
话匣子	huà xiá zi	23848	ia-ie,ua-uo,z-zh,h-f,j-q-x	1
说不准	shuō bu zhǔn	23859	ua-uo,z-zh,s-sh	1
幽默感	yōu mò gǎn	23864	an-ang,ao-ou	1
命中率	mìng zhòng lǜ	23892	in-ing,z-zh,n-l,r-l	1
白热化	bái rè huà	23910	ai-ei,ua-uo,h-f,r-l	1
比例尺	bǐ lì chǐ	23911	c-ch,n-l,r-l	1
高密度	gāo mì dù	23915	ao-ou	1
小广告	xiǎo guǎng gào	23935	uan-uang,ao-ou,j-q-x	1
循环赛	xún huán sài	23936	uan-uang,ai-ei,s-sh,h-f,j-q-x	1
易拉罐	yì lā guàn	23942	uan-uang,n-l,r-l	1
补习班	bǔ xí bān	23951	an-ang,j-q-x	1
出毛病	chū máo bìng	23953	in-ing,ao-ou,c-ch	1
流浪汉	liú làng hàn	23964	an-ang,n-l,h-f,r-l	1
新名词	xīn míng cí	23975	in-ing,c-ch,j-q-x	1
荧光屏	yíng guāng píng	23978	in-ing,uan-uang	1
冤枉钱	yuān wang qián	23995	an-ang,ian-iang,uan-uang,j-q-x	1
黑匣子	hēi xiá zi	23997	ai-ei,ia-ie,z-zh,h-f,j-q-x	1
红外线	hóng wài xiàn	23998	ian-iang,ai-ei,h-f,j-q-x	1
通信员	tōng xìn yuán	24052	in-ing,uan-uang,j-q-x	1
修道院	xiū dào yuàn	24058	uan-uang,ao-ou,j-q-x	1
做活儿	zuò huó er	24062	ua-uo,z-zh,h-f	1
城关镇	chéng guān zhèn	24068	en-eng,uan-uang,z-zh,c-ch	1
等不及	děng bu jí	24070	en-eng,j-q-x	1
老夫子	lǎo fū zǐ	24084	ao-ou,z-zh,n-l,h-f,r-l	1
筒子楼	tǒng zi lóu	24096	ao-ou,z-zh,n-l,r-l	1
游戏机	yóu xì jī	24102	ao-ou,j-q-x	1
丁点儿	dīng diǎn er	24110	in-ing,ian-iang	1
公诉人	gōng sù rén	24116	en-eng,s-sh,r-l	1
局外人	jú wài rén	24125	en-eng,ai-ei,r-l,j-q-x	1
自个儿	zì gě er	24127	z-zh	1
神经质	shén jīng zhì	24132	en-eng,in-ing,z-zh,s-sh,j-q-x	1
外乡人	wài xiāng rén	24134	en-eng,ian-iang,ai-ei,r-l,j-q-x	1
银河系	yín hé xì	24140	in-ing,h-f,j-q-x	1
卵细胞	luǎn xì bāo	24167	uan-uang,ao-ou,n-l,r-l,j-q-x	1
生长期	shēng zhǎng qī	24175	en-eng,an-ang,z-zh,s-sh,j-q-x	1
起步价	qǐ bù jià	24184	ia-ie,j-q-x	1
核裁军	hé cái jūn	24205	ai-ei,c-ch,h-f,j-q-x	1
满天飞	mǎn tiān fēi	24213	an-ang,ian-iang,ai-ei,h-f	1
茉莉花	mò lì huā	24214	ua-uo,n-l,h-f,r-l	1
深加工	shēn jiā gōng	24222	en-eng,ia-ie,s-sh,j-q-x	1
变电站	biàn diàn zhàn	24236	an-ang,ian-iang,z-zh	1
拆迁户	chāi qiān hù	24240	ian-iang,ai-ei,c-ch,h-f,j-q-x	1
好玩儿	hǎo wán er	24247	an-ang,ao-ou,h-f	1
老大哥	lǎo dà gē	24253	ao-ou,n-l,r-l	1
贫困线	pín kùn xiàn	24257	in-ing,ian-iang,j-q-x	1
摄影机	shè yǐng jī	24260	in-ing,s-sh,j-q-x	1
习惯性	xí guàn xìng	24264	in-ing,uan-uang,j-q-x	1
系列化	xì liè huà	24265	ia-ie,ua-uo,n-l,h-f,r-l,j-q-x	1
知识面	zhī shi miàn	24269	ian-iang,z-zh,s-sh	1
中山装	zhōng shān zhuāng	24270	an-ang,uan-uang,z-zh,s-sh	1
承包商	chéng bāo shāng	24274	en-eng,an-ang,ao-ou,c-ch,s-sh	1
冲锋枪	chōng fēng qiāng	24275	en-eng,ian-iang,c-ch,h-f,j-q-x	1
端午节	duān wǔ jié	24281	uan-uang,ia-ie,j-q-x	1
讲师团	jiǎng shī tuán	24286	ian-iang,uan-uang,s-sh,j-q-x	1
教学法	jiào xué fǎ	24288	h-f,j-q-x	1
接力赛	jiē lì sài	24289	ai-ei,ia-ie,s-sh,n-l,r-l,j-q-x	1
开场白	kāi chǎng bái	24292	an-ang,ai-ei,c-ch	1
热烘烘	rè hōng hōng	24301	h-f,r-l	1
安全套	ān quán tào	24323	an-ang,uan-uang,ao-ou,j-q-x	1
八仙桌	bā xiān zhuō	24324	ian-iang,ua-uo,z-zh,j-q-x	1
吃不消	chī bu xiāo	24328	c-ch,j-q-x	1
电信局	diàn xìn jú	24331	in-ing,ian-iang,j-q-x	1
分数线	fēn shù xiàn	24334	en-eng,ian-iang,s-sh,h-f,j-q-x	1
人样儿	rén yàng er	24350	en-eng,an-ang,r-l	1
打工仔	dǎ gōng zǎi	24368	ai-ei,z-zh	1
工作面	gōng zuò miàn	24369	ian-iang,ua-uo,z-zh	1
煤矸石	méi gān shí	24380	an-ang,ai-ei,s-sh	3
向心力	xiàng xīn lì	24393	in-ing,ian-iang,n-l,r-l,j-q-x	1
保险法	bǎo xiǎn fǎ	24405	ian-iang,ao-ou,h-f,j-q-x	1
持久战	chí jiǔ zhàn	24409	an-ang,z-zh,c-ch,j-q-x	1
脚手架	jiǎo shǒu jià	24418	ao-ou,ia-ie,s-sh,j-q-x	1
抒情诗	shū qíng shī	24428	in-ing,s-sh,j-q-x	1
未知数	wèi zhī shù	24433	ai-ei,z-zh,s-sh	1
传染源	chuán rǎn yuán	24448	an-ang,uan-uang,c-ch,r-l	1
电风扇	diàn fēng shàn	24450	en-eng,an-ang,ian-iang,s-sh,h-f	1
防空洞	fáng kōng dòng	24452	an-ang,h-f	1
黑猩猩	hēi xīng xing	24459	in-ing,ai-ei,h-f,j-q-x	1
麦克风	mài kè fēng	24466	en-eng,ai-ei,h-f	1
猕猴桃	mí hóu táo	24468	ao-ou,h-f	3
消化道	xiāo huà dào	24483	ao-ou,ua-uo,h-f,j-q-x	1
占便宜	zhàn pián yi	24489	an-ang,ian-iang,z-zh	1
庄稼地	zhuāng jia dì	24492	uan-uang,ia-ie,z-zh,j-q-x	1
玻璃钢	bō li gāng	24497	an-ang,n-l,r-l	1
豆腐渣	dòu fu zhā	24509	ao-ou,z-zh,h-f	1
拉家常	lā jiā cháng	24515	an-ang,ia-ie,c-ch,n-l,r-l,j-q-x	1
小清新	xiǎo qīng xīn	24546	in-ing,j-q-x	1
笔杆儿	bǐ gǎn er	24549	an-ang	1
地方戏	dì fāng xì	24558	an-ang,h-f,j-q-x	1
飞机场	fēi jī chǎng	24560	an-ang,ai-ei,c-ch,h-f,j-q-x	1
婚外恋	hūn wài liàn	24565	ian-iang,ai-ei,n-l,h-f,r-l	1
老伴儿	lǎo bàn er	24571	an-ang,ao-ou,n-l,r-l	1
皮大衣	pí dà yī	24573		1
亚运村	yà yùn cūn	24587	c-ch	1
除夕夜	chú xī yè	24605	c-ch,j-q-x	1
大小便	dà xiǎo biàn	24609	ian-iang,j-q-x	1
带好儿	dài hǎo er	24610	ai-ei,ao-ou,h-f	1
拘留所	jū liú suǒ	24624	ua-uo,s-sh,n-l,r-l,j-q-x	1
理发店	lǐ fà diàn	24629	ian-iang,n-l,h-f,r-l	1
夜来香	yè lái xiāng	24649	ian-iang,ai-ei,n-l,r-l,j-q-x	1
低年级	dī nián jí	24662	ian-iang,n-l,j-q-x	1
高利贷	gāo lì dài	24674	ai-ei,ao-ou,n-l,r-l	1
豁出去	huō chu qu	24677	ua-uo,c-ch,h-f,j-q-x	1
目的性	mù dì xìng	24681	in-ing,j-q-x	1
前列腺	qián liè xiàn	24685	ian-iang,ia-ie,n-l,r-l,j-q-x	1
笑呵呵	xiào hē hē	24696	h-f,j-q-x	1
核弹头	hé dàn tóu	24729	an-ang,ao-ou,h-f	1
列车员	liè chē yuán	24736	uan-uang,ia-ie,c-ch,n-l,r-l	1
梅花奖	méi huā jiǎng	24737	ian-iang,ai-ei,ua-uo,h-f,j-q-x	1
水墨画	shuǐ mò huà	24746	ua-uo,s-sh,h-f	1
现代舞	xiàn dài wǔ	24750	ian-iang,ai-ei,j-q-x	1
主客观	zhǔ kè guān	24756	uan-uang,z-zh	1
妇女节	fù nǚ jié	24762	ia-ie,n-l,h-f,j-q-x	1
视网膜	shì wǎng mó	24783	an-ang,s-sh	1
收录机	shōu lù jī	24784	ao-ou,s-sh,n-l,r-l,j-q-x	1
水汪汪	shuǐ wāng wāng	24786	an-ang,s-sh	1
一眨眼	yī zhǎ yǎn	24795	an-ang,z-zh	1
照面儿	zhào miàn er	24800	ian-iang,ao-ou,z-zh	1
着力于	zhuó lì yú	24803	ua-uo,z-zh,n-l,r-l	1
不对头	bù duì tóu	24807	ao-ou	1
复印机	fù yìn jī	24814	in-ing,h-f,j-q-x	1
知识界	zhī shi jiè	24836	ia-ie,z-zh,s-sh,j-q-x	1
地下党	dì xià dǎng	24847	an-ang,ia-ie,j-q-x	1
官本位	guān běn wèi	24850	en-eng,uan-uang,ai-ei	1
甲状腺	jiǎ zhuàng xiàn	24852	ian-iang,uan-uang,ia-ie,z-zh,j-q-x	1
跨行业	kuà háng yè	24853	an-ang,ua-uo,h-f	1
慰问电	wèi wèn diàn	24865	en-eng,ian-iang,ai-ei	1
消防车	xiāo fáng chē	24870	an-ang,c-ch,h-f,j-q-x	1
冬运会	dōng yùn huì	24884	h-f	1
金钥匙	jīn yào shi	24895	in-ing,ao-ou,s-sh,j-q-x	1
内燃机	nèi rán jī	24899	an-ang,ai-ei,n-l,r-l,j-q-x	1
暴发户	bào fā hù	24918	ao-ou,h-f	1
独木桥	dú mù qiáo	24923	j-q-x	1
高压线	gāo yā xiàn	24924	ian-iang,ao-ou,j-q-x	1
娘子军	niáng zǐ jūn	24933	ian-iang,z-zh,n-l,j-q-x	1
养老院	yǎng lǎo yuàn	24956	an-ang,uan-uang,ao-ou,n-l,r-l	1
工程队	gōng chéng duì	24971	en-eng,c-ch	1
公益金	gōng yì jīn	24972	in-ing,j-q-x	1
金银花	jīn yín huā	24977	in-ing,ua-uo,h-f,j-q-x	1
咖啡厅	kā fēi tīng	24979	in-ing,ai-ei,h-f	1
美术界	měi shù jiè	24988	ai-ei,ia-ie,s-sh,j-q-x	1
四下里	sì xià li	24994	ia-ie,s-sh,n-l,r-l,j-q-x	1
夕阳红	xī yáng hóng	24999	an-ang,h-f,j-q-x	1
一盘棋	yī pán qí	25002	an-ang,j-q-x	1
一清早	yī qīng zǎo	25003	in-ing,ao-ou,z-zh,j-q-x	1
郁金香	yù jīn xiāng	25007	in-ing,ian-iang,j-q-x	1
丈母娘	zhàng mu niáng	25008	an-ang,ian-iang,z-zh,n-l	1
干巴巴	gān bā bā	25019	an-ang	1
工本费	gōng běn fèi	25020	en-eng,ai-ei,h-f	1
蝈蝈儿	guō guo er	25023	ua-uo	3
混混儿	hùn hun er	25028	h-f	1
留声机	liú shēng jī	25034	en-eng,s-sh,n-l,r-l,j-q-x	1
牡丹花	mǔ dān huā	25037	an-ang,ua-uo,h-f	1
农转非	nóng zhuǎn fēi	25038	uan-uang,ai-ei,z-zh,n-l,h-f	1
选修课	xuǎn xiū kè	25054	uan-uang,j-q-x	1
照相馆	zhào xiàng guǎn	25061	ian-iang,uan-uang,ao-ou,z-zh,j-q-x	1
注射液	zhù shè yè	25063	z-zh,s-sh	1
保不住	bǎo bu zhù	25065	ao-ou,z-zh	1
混合物	hùn hé wù	25077	h-f	1
抢手货	qiǎng shǒu huò	25089	ian-iang,ao-ou,ua-uo,s-sh,h-f,j-q-x	1
屠宰场	tú zǎi chǎng	25100	an-ang,ai-ei,z-zh,c-ch	1
庄稼汉	zhuāng jia hàn	25108	an-ang,uan-uang,ia-ie,z-zh,h-f,j-q-x	1
自家人	zì jiā rén	25109	en-eng,ia-ie,z-zh,r-l,j-q-x	1
大杂院	dà zá yuàn	25115	uan-uang,z-zh	1
多边形	duō biān xíng	25120	in-ing,ian-iang,ua-uo,j-q-x	1
抚恤金	fǔ xù jīn	25123	in-ing,h-f,j-q-x	1
酋长国	qiú zhǎng guó	25137	an-ang,ua-uo,z-zh,j-q-x	3
手提包	shǒu tí bāo	25139	ao-ou,s-sh	1
小生产	xiǎo shēng chǎn	25149	en-eng,an-ang,c-ch,s-sh,j-q-x	1
保证人	bǎo zhèng rén	25156	en-eng,ao-ou,z-zh,r-l	1
近视眼	jìn shì yǎn	25176	in-ing,an-ang,s-sh,j-q-x	1
旅行包	lǚ xíng bāo	25180	in-ing,ao-ou,n-l,r-l,j-q-x	1
命根子	mìng gēn zi	25184	en-eng,in-ing,z-zh	1
软着陆	ruǎn zhuó lù	25187	uan-uang,ua-uo,z-zh,n-l,r-l	1
洗手间	xǐ shǒu jiān	25196	ian-iang,ao-ou,s-sh,j-q-x	1
走弯路	zǒu wān lù	25206	an-ang,ao-ou,z-zh,n-l,r-l	1
工程兵	gōng chéng bīng	25218	en-eng,in-ing,c-ch	1
合法化	hé fǎ huà	25221	ua-uo,h-f	1
南半球	nán bàn qiú	25236	an-ang,n-l,j-q-x	1
上不去	shàng bù qù	25240	an-ang,s-sh,j-q-x	1
上档次	shàng dàng cì	25241	an-ang,c-ch,s-sh	1
实业家	shí yè jiā	25246	ia-ie,s-sh,j-q-x	1
亡国奴	wáng guó nú	25251	an-ang,ua-uo,n-l	1
知情人	zhī qíng rén	25259	en-eng,in-ing,z-zh,r-l,j-q-x	1
助推器	zhù tuī qì	25261	z-zh,j-q-x	1
女汉子	nǚ hàn zi	25267	an-ang,z-zh,n-l,h-f	1
红细胞	hóng xì bāo	25273	ao-ou,h-f,j-q-x	1
信息库	xìn xī kù	25295	in-ing,j-q-x	1
底朝天	dǐ cháo tiān	25296	ian-iang,ao-ou,c-ch	1
义务兵	yì wù bīng	25298	in-ing	1
中华鲟	zhōng huá xún	25306	ua-uo,z-zh,h-f,j-q-x	3
大白天	dà bái tiān	25315	ian-iang,ai-ei	1
姑太太	gū tài tai	25321	ai-ei	1
基督徒	jī dū tú	25325	j-q-x	1
判断力	pàn duàn lì	25329	an-ang,uan-uang,n-l,r-l	1
潜水员	qián shuǐ yuán	25334	ian-iang,uan-uang,s-sh,j-q-x	1
乳制品	rǔ zhì pǐn	25335	in-ing,z-zh,r-l	1
腮帮子	sāi bāng zi	25337	an-ang,ai-ei,z-zh,s-sh	1
无人区	wú rén qū	25345	en-eng,r-l,j-q-x	1
腥味儿	xīng wèi er	25346	in-ing,ai-ei,j-q-x	1
穿山甲	chuān shān jiǎ	25358	an-ang,uan-uang,ia-ie,c-ch,s-sh,j-q-x	1
脊梁骨	jǐ liáng gǔ	25365	ian-iang,n-l,r-l,j-q-x	1
金丝猴	jīn sī hóu	25368	in-ing,ao-ou,s-sh,h-f,j-q-x	1
拍桌子	pāi zhuō zǐ	25376	ai-ei,ua-uo,z-zh	1
无休止	wú xiū zhǐ	25390	z-zh,j-q-x	1
脏乱差	zāng luàn chà	25398	an-ang,uan-uang,z-zh,c-ch,n-l,r-l	1
公众号	gōng zhòng hào	25403	ao-ou,z-zh,h-f	1
边界线	biān jiè xiàn	25405	ian-iang,ia-ie,j-q-x	1
便携式	biàn xié shì	25406	ian-iang,ia-ie,s-sh,j-q-x	1
打工妹	dǎ gōng mèi	25412	ai-ei	1
军事化	jūn shì huà	25431	ua-uo,s-sh,h-f,j-q-x	1
客运站	kè yùn zhàn	25434	an-ang,z-zh	1
通缉令	tōng jī lìng	25447	in-ing,n-l,r-l,j-q-x	1
中国话	zhōng guó huà	25458	ua-uo,z-zh,h-f	1
装饰品	zhuāng shì pǐn	25459	in-ing,uan-uang,z-zh,s-sh	1
防火墙	fáng huǒ qiáng	25465	an-ang,ian-iang,ua-uo,h-f,j-q-x	1
健身房	jiàn shēn fáng	25478	en-eng,an-ang,ian-iang,s-sh,h-f,j-q-x	1
老丈人	lǎo zhàng ren	25481	en-eng,an-ang,ao-ou,z-zh,n-l,r-l	1
浏览器	liú lǎn qì	25483	an-ang,n-l,r-l,j-q-x	1
手术台	shǒu shù tái	25488	ai-ei,ao-ou,s-sh	1
学术性	xué shù xìng	25495	in-ing,s-sh,j-q-x	1
医务室	yī wù shì	25496	s-sh	1
有悖于	yǒu bèi yú	25498	ai-ei,ao-ou	1
制成品	zhì chéng pǐn	25500	en-eng,in-ing,z-zh,c-ch	1
白兰地	bái lán dì	25505	an-ang,ai-ei,n-l,r-l	1
蒙古包	měng gǔ bāo	25525	en-eng,ao-ou	1
蓄水池	xù shuǐ chí	25543	c-ch,s-sh,j-q-x	1
单人滑	dān rén huá	25556	en-eng,an-ang,ua-uo,h-f,r-l	1
基础课	jī chǔ kè	25563	c-ch,j-q-x	1
门诊部	mén zhěn bù	25573	en-eng,z-zh	1
响当当	xiǎng dāng dāng	25589	an-ang,ian-iang,j-q-x	1
消毒剂	xiāo dú jì	25591	j-q-x	1
吊脚楼	diào jiǎo lóu	25611	ao-ou,n-l,r-l,j-q-x	1
花招儿	huā zhāo er	25616	ao-ou,ua-uo,z-zh,h-f	1
录像机	lù xiàng jī	25628	ian-iang,n-l,r-l,j-q-x	1
荣誉感	róng yù gǎn	25635	an-ang,r-l	1
天知道	tiān zhī dào	25644	ian-iang,ao-ou,z-zh	1
阴沉沉	yīn chén chén	25652	en-eng,in-ing,c-ch	1
音乐界	yīn yuè jiè	25653	in-ing,ia-ie,j-q-x	1
杂货店	zá huò diàn	25656	ian-iang,ua-uo,z-zh,h-f	1
走马灯	zǒu mǎ dēng	25663	en-eng,ao-ou,z-zh	1
变戏法	biàn xì fǎ	25665	ian-iang,h-f,j-q-x	1
超音速	chāo yīn sù	25669	in-ing,ao-ou,c-ch,s-sh	1
豆制品	dòu zhì pǐn	25675	in-ing,ao-ou,z-zh	1
喊口号	hǎn kǒu hào	25681	an-ang,ao-ou,h-f	1
救世主	jiù shì zhǔ	25690	z-zh,s-sh,j-q-x	1
刹那间	chà nà jiān	25703	ian-iang,c-ch,n-l,j-q-x	1
亚健康	yà jiàn kāng	25715	an-ang,ian-iang,j-q-x	1
边境线	biān jìng xiàn	25726	in-ing,ian-iang,j-q-x	1
公检法	gōng jiǎn fǎ	25735	ian-iang,h-f,j-q-x	1
聚宝盆	jù bǎo pén	25741	en-eng,ao-ou,j-q-x	1
闹市区	nào shì qū	25750	ao-ou,s-sh,n-l,j-q-x	1
水浇地	shuǐ jiāo dì	25761	s-sh,j-q-x	1
土石方	tǔ shí fāng	25766	an-ang,s-sh,h-f	1
性生活	xìng shēng huó	25773	en-eng,in-ing,ua-uo,s-sh,h-f,j-q-x	1
平衡木	píng héng mù	25802	en-eng,in-ing,h-f	1
蒲公英	pú gōng yīng	25803	in-ing	1
卫生纸	wèi shēng zhǐ	25822	en-eng,ai-ei,z-zh,s-sh	1
营养素	yíng yǎng sù	25827	in-ing,an-ang,s-sh	1
当口儿	dāng kou er	25843	an-ang,ao-ou	1
骨灰盒	gǔ huī hé	25853	h-f	1
军乐队	jūn yuè duì	25862	j-q-x	1
快餐店	kuài cān diàn	25864	an-ang,ian-iang,c-ch	1
杂院儿	zá yuàn er	25888	uan-uang,z-zh	1
植物油	zhí wù yóu	25889	ao-ou,z-zh	1
白天鹅	bái tiān é	25892	ian-iang,ai-ei	1
保守派	bǎo shǒu pài	25894	ai-ei,ao-ou,s-sh	1
参考书	cān kǎo shū	25897	an-ang,ao-ou,c-ch,s-sh	1
大力士	dà lì shì	25898	s-sh,n-l,r-l	1
风景画	fēng jǐng huà	25956	en-eng,in-ing,ua-uo,h-f,j-q-x	1
复制品	fù zhì pǐn	25957	in-ing,z-zh,h-f	1
共同语	gòng tóng yǔ	25958		1
广播站	guǎng bō zhàn	25960	an-ang,uan-uang,z-zh	1
客运量	kè yùn liàng	25966	ian-iang,n-l,r-l	1
卖国贼	mài guó zéi	25968	ai-ei,ua-uo,z-zh	1
亲切感	qīn qiè gǎn	25974	in-ing,an-ang,ia-ie,j-q-x	1
珊瑚礁	shān hú jiāo	25978	an-ang,s-sh,h-f,j-q-x	3
影剧院	yǐng jù yuàn	25991	in-ing,uan-uang,j-q-x	1
床头柜	chuáng tóu guì	25996	uan-uang,ao-ou,c-ch	1
豆花儿	dòu huā er	25998	ao-ou,ua-uo,h-f	1
发明家	fā míng jiā	26000	in-ing,ia-ie,h-f,j-q-x	1
聚合物	jù hé wù	26012	h-f,j-q-x	1
腰板儿	yāo bǎn er	26031	an-ang,ao-ou	1
再教育	zài jiào yù	26033	ai-ei,z-zh,j-q-x	1
总动员	zǒng dòng yuán	26037	uan-uang,z-zh	1
唱主角	chàng zhǔ jué	26038	an-ang,z-zh,c-ch,j-q-x	1
打天下	dǎ tiān xià	26043	ian-iang,ia-ie,j-q-x	1
多发性	duō fā xìng	26048	in-ing,ua-uo,h-f,j-q-x	1
辅导班	fǔ dǎo bān	26051	an-ang,ao-ou,h-f	1
进修班	jìn xiū bān	26059	in-ing,an-ang,j-q-x	1
绝对化	jué duì huà	26061	ua-uo,h-f,j-q-x	1
上下级	shàng xià jí	26073	an-ang,ia-ie,s-sh,j-q-x	1
水彩画	shuǐ cǎi huà	26075	ai-ei,ua-uo,c-ch,s-sh,h-f	1
性行为	xìng xíng wéi	26082	in-ing,ai-ei,j-q-x	1
邮递员	yóu dì yuán	26085	uan-uang,ao-ou	1
自然美	zì rán měi	26093	an-ang,ai-ei,z-zh,r-l	1
走着瞧	zǒu zhe qiáo	26094	ao-ou,z-zh,j-q-x	1
绊脚石	bàn jiǎo shí	26096	an-ang,s-sh,j-q-x	1
导火索	dǎo huǒ suǒ	26101	ao-ou,ua-uo,s-sh,h-f	1
东方人	dōng fāng rén	26104	en-eng,an-ang,h-f,r-l	1
公信力	gōng xìn lì	26109	in-ing,n-l,r-l,j-q-x	1
警惕性	jǐng tì xìng	26120	in-ing,j-q-x	1
理想化	lǐ xiǎng huà	26125	ian-iang,ua-uo,n-l,h-f,r-l,j-q-x	1
晴雨表	qíng yǔ biǎo	26134	in-ing,j-q-x	1
印花税	yìn huā shuì	26151	in-ing,ua-uo,s-sh,h-f	1
真格的	zhēn gé de	26154	en-eng,z-zh	1
花鸟画	huā niǎo huà	26177	ua-uo,n-l,h-f	1
狂犬病	kuáng quǎn bìng	26183	in-ing,uan-uang,j-q-x	1
留言簿	liú yán bù	26184	an-ang,n-l,r-l	1
热水瓶	rè shuǐ píng	26193	in-ing,s-sh,r-l	1
叶绿素	yè lǜ sù	26208	s-sh,n-l,r-l	1
寒暑假	hán shǔ jià	26227	an-ang,ia-ie,s-sh,h-f,j-q-x	1
接收机	jiē shōu jī	26234	ao-ou,ia-ie,s-sh,j-q-x	1
雷达站	léi dá zhàn	26239	an-ang,ai-ei,z-zh,n-l,r-l	1
零售价	líng shòu jià	26242	in-ing,ao-ou,ia-ie,s-sh,n-l,r-l,j-q-x	1
那达慕	nà dá mù	26247	n-l	1
求知欲	qiú zhī yù	26249	z-zh,j-q-x	1
三字经	sān zì jīng	26250	in-ing,an-ang,z-zh,s-sh,j-q-x	1
数目字	shù mù zì	26252	z-zh,s-sh	1
蓄电池	xù diàn chí	26265	ian-iang,c-ch,j-q-x	1
一边倒	yī biān dǎo	26270	ian-iang,ao-ou	1
奏鸣曲	zòu míng qǔ	26282	in-ing,ao-ou,z-zh,j-q-x	1
德智体	dé zhì tǐ	26289	z-zh	1
豆角儿	dòu jiǎo er	26290	ao-ou,j-q-x	1
货运量	huò yùn liàng	26298	ian-iang,ua-uo,n-l,h-f,r-l	1
计算器	jì suàn qì	26299	uan-uang,s-sh,j-q-x	1
慢悠悠	màn yōu yōu	26305	an-ang,ao-ou	1
肉制品	ròu zhì pǐn	26313	in-ing,ao-ou,z-zh,r-l	1
乌纱帽	wū shā mào	26326	ao-ou,s-sh	1
迪斯科	dí sī kē	26341	s-sh	1
及时雨	jí shí yǔ	26351	s-sh,j-q-x	1
怯生生	qiè shēng shēng	26364	en-eng,ia-ie,s-sh,j-q-x	1
太上皇	tài shàng huáng	26373	an-ang,uan-uang,ai-ei,s-sh,h-f	1
五粮液	wǔ liáng yè	26376	ian-iang,n-l,r-l	1
明眼人	míng yǎn rén	26405	en-eng,in-ing,an-ang,r-l	1
皮肤病	pí fū bìng	26407	in-ing,h-f	1
飘飘然	piāo piāo rán	26408	an-ang,r-l	1
全家福	quán jiā fú	26414	uan-uang,ia-ie,h-f,j-q-x	1
日全食	rì quán shí	26416	uan-uang,s-sh,r-l,j-q-x	1
少年宫	shào nián gōng	26417	ian-iang,ao-ou,s-sh,n-l	1
小卖部	xiǎo mài bù	26430	ai-ei,j-q-x	1
边防军	biān fáng jūn	26444	an-ang,ian-iang,h-f,j-q-x	1
防疫站	fáng yì zhàn	26453	an-ang,z-zh,h-f	1
父母官	fù mǔ guān	26456	uan-uang,h-f	1
盖帽儿	gài mào er	26458	ai-ei,ao-ou	1
果子狸	guǒ zi lí	26462	ua-uo,z-zh,n-l,r-l	1
纠察队	jiū chá duì	26469	c-ch,j-q-x	1
杀伤力	shā shāng lì	26474	an-ang,s-sh,n-l,r-l	1
伤病员	shāng bìng yuán	26475	in-ing,an-ang,uan-uang,s-sh	1
食物链	shí wù liàn	26480	ian-iang,s-sh,n-l,r-l	1
一骨碌	yī gū lu	26492	n-l,r-l	1
抱不平	bào bù píng	26498	in-ing,ao-ou	1
发电站	fā diàn zhàn	26504	an-ang,ian-iang,z-zh,h-f	1
简言之	jiǎn yán zhī	26515	an-ang,ian-iang,z-zh,j-q-x	1
螺丝钉	luó sī dīng	26523	in-ing,ua-uo,s-sh,n-l,r-l	1
小动作	xiǎo dòng zuò	26537	ua-uo,z-zh,j-q-x	1
打杂儿	dǎ zá er	26549	z-zh	1
公文包	gōng wén bāo	26554	en-eng,ao-ou	1
古时候	gǔ shí hòu	26555	ao-ou,s-sh,h-f	1
农工商	nóng gōng shāng	26573	an-ang,s-sh,n-l	1
平均数	píng jūn shù	26576	in-ing,s-sh,j-q-x	1
入海口	rù hǎi kǒu	26580	ai-ei,ao-ou,h-f,r-l	1
顽固派	wán gù pài	26590	an-ang,ai-ei	1
半边天	bàn biān tiān	26606	an-ang,ian-iang	1
概念化	gài niàn huà	26617	ian-iang,ai-ei,ua-uo,n-l,h-f	1
过路人	guò lù rén	26619	en-eng,ua-uo,n-l,r-l	1
金刚钻	jīn gāng zuàn	26625	in-ing,an-ang,uan-uang,z-zh,j-q-x	1
礼拜天	lǐ bài tiān	26633	ian-iang,ai-ei,n-l,r-l	1
扫描仪	sǎo miáo yí	26648	ao-ou,s-sh	1
塑料布	sù liào bù	26650	s-sh,n-l,r-l	1
小人儿	xiǎo rén er	26661	en-eng,r-l,j-q-x	1
样板戏	yàng bǎn xì	26663	an-ang,j-q-x	1
一转眼	yī zhuǎn yǎn	26664	an-ang,uan-uang,z-zh	1
占上风	zhàn shàng fēng	26670	en-eng,an-ang,z-zh,s-sh,h-f	1
真心话	zhēn xīn huà	26672	en-eng,in-ing,ua-uo,z-zh,h-f,j-q-x	1
成问题	chéng wèn tí	26679	en-eng,c-ch	1
劳务费	láo wù fèi	26696	ai-ei,ao-ou,n-l,h-f,r-l	1
卖力气	mài lì qi	26699	ai-ei,n-l,r-l,j-q-x	1
桥头堡	qiáo tóu bǎo	26704	ao-ou,j-q-x	1
杀手锏	shā shǒu jiǎn	26708	ian-iang,ao-ou,s-sh,j-q-x	3
梳妆台	shū zhuāng tái	26712	uan-uang,ai-ei,z-zh,s-sh	1
外星人	wài xīng rén	26716	en-eng,in-ing,ai-ei,r-l,j-q-x	1
小摊儿	xiǎo tān er	26719	an-ang,j-q-x	1
眼中钉	yǎn zhōng dīng	26722	in-ing,an-ang,z-zh	1
保险柜	bǎo xiǎn guì	26729	ian-iang,ao-ou,j-q-x	1
标语牌	biāo yǔ pái	26731	ai-ei	1
出生率	chū shēng lǜ	26735	en-eng,c-ch,s-sh,n-l,r-l	1
打字机	dǎ zì jī	26736	z-zh,j-q-x	1
拉拉队	lā lā duì	26754	n-l,r-l	1
名誉权	míng yù quán	26758	in-ing,uan-uang,j-q-x	1
伤脑筋	shāng nǎo jīn	26763	in-ing,an-ang,ao-ou,s-sh,n-l,j-q-x	1
小圈子	xiǎo quān zi	26770	uan-uang,z-zh,j-q-x	1
巡洋舰	xún yáng jiàn	26771	an-ang,ian-iang,j-q-x	1
油气田	yóu qì tián	26773	ian-iang,ao-ou,j-q-x	1
不尽然	bù jìn rán	26785	in-ing,an-ang,r-l,j-q-x	1
工作证	gōng zuò zhèng	26802	en-eng,ua-uo,z-zh	1
黄鼠狼	huáng shǔ láng	26806	an-ang,uan-uang,s-sh,n-l,h-f,r-l	1
接力棒	jiē lì bàng	26813	an-ang,ia-ie,n-l,r-l,j-q-x	1
救济金	jiù jì jīn	26815	in-ing,j-q-x	1
老中青	lǎo zhōng qīng	26817	in-ing,ao-ou,z-zh,n-l,r-l,j-q-x	1
牛皮癣	niú pí xuǎn	26820	uan-uang,n-l,j-q-x	1
纤维素	xiān wéi sù	26835	ian-iang,ai-ei,s-sh,j-q-x	1
纪念章	jì niàn zhāng	26860	an-ang,ian-iang,z-zh,n-l,j-q-x	1
纳西族	nà xī zú	26867	z-zh,n-l,j-q-x	1
手术刀	shǒu shù dāo	26876	ao-ou,s-sh	1
晚香玉	wǎn xiāng yù	26878	an-ang,ian-iang,j-q-x	1
暂住证	zàn zhù zhèng	26892	en-eng,an-ang,z-zh	1
沼泽地	zhǎo zé dì	26893	ao-ou,z-zh	1
肝硬化	gān yìng huà	26913	in-ing,an-ang,ua-uo,h-f	1
关系网	guān xì wǎng	26916	an-ang,uan-uang,j-q-x	1
火箭弹	huǒ jiàn dàn	26923	an-ang,ian-iang,ua-uo,h-f,j-q-x	1
曲棍球	qū gùn qiú	26940	j-q-x	1
傻乎乎	shǎ hū hū	26943	s-sh,h-f	1
注射器	zhù shè qì	26963	z-zh,s-sh,j-q-x	1
保质期	bǎo zhì qī	26965	ao-ou,z-zh,j-q-x	1
核扩散	hé kuò sàn	26975	an-ang,ua-uo,s-sh,h-f	1
经济法	jīng jì fǎ	26978	in-ing,h-f,j-q-x	1
落叶松	luò yè sōng	26988	ua-uo,s-sh,n-l,r-l	1
拿不准	ná bu zhǔn	26990	z-zh,n-l	1
拍卖行	pāi mài háng	26991	an-ang,ai-ei,h-f	1
起重机	qǐ zhòng jī	26995	z-zh,j-q-x	1
俏皮话	qiào pí huà	26998	ua-uo,h-f,j-q-x	1
手风琴	shǒu fēng qín	27003	en-eng,in-ing,ao-ou,s-sh,h-f,j-q-x	1
主攻手	zhǔ gōng shǒu	27021	ao-ou,z-zh,s-sh	1
保护人	bǎo hù rén	27024	en-eng,ao-ou,h-f,r-l	1
出远门	chū yuǎn mén	27030	en-eng,uan-uang,c-ch	1
可见光	kě jiàn guāng	27041	ian-iang,uan-uang,j-q-x	1
省辖市	shěng xiá shì	27059	en-eng,ia-ie,s-sh,j-q-x	1
十三陵	shí sān líng	27060	in-ing,an-ang,s-sh,n-l,r-l	1
下不来	xià bu lái	27067	ai-ei,ia-ie,n-l,r-l,j-q-x	1
小辫子	xiǎo biàn zi	27069	ian-iang,z-zh,j-q-x	1
走亲戚	zǒu qīn qi	27080	in-ing,ao-ou,z-zh,j-q-x	1
最惠国	zuì huì guó	27081	ua-uo,z-zh,h-f	1
红绿灯	hóng lǜ dēng	27097	en-eng,n-l,h-f,r-l	1
剧中人	jù zhōng rén	27106	en-eng,z-zh,r-l,j-q-x	1
南极洲	nán jí zhōu	27115	an-ang,ao-ou,z-zh,n-l,j-q-x	1
跑腿儿	pǎo tuǐ er	27116	ao-ou	1
生长点	shēng zhǎng diǎn	27128	en-eng,an-ang,ian-iang,z-zh,s-sh	1
同义词	tóng yì cí	27135	c-ch	1
小伙计	xiǎo huǒ jì	27137	ua-uo,h-f,j-q-x	1
形象化	xíng xiàng huà	27140	in-ing,ian-iang,ua-uo,h-f,j-q-x	1
意见箱	yì jiàn xiāng	27148	ian-iang,j-q-x	1
指挥棒	zhǐ huī bàng	27151	an-ang,z-zh,h-f	1
装甲兵	zhuāng jiǎ bīng	27153	in-ing,uan-uang,ia-ie,z-zh,j-q-x	1
残运会	cán yùn huì	27160	an-ang,c-ch,h-f	1
侧重点	cè zhòng diǎn	27161	ian-iang,z-zh,c-ch	1
除草剂	chú cǎo jì	27165	ao-ou,c-ch,j-q-x	1
东三省	dōng sān shěng	27166	en-eng,an-ang,s-sh	1
敢死队	gǎn sǐ duì	27170	an-ang,s-sh	1
古铜色	gǔ tóng sè	27171	s-sh	1
花岗石	huā gāng shí	27176	an-ang,ua-uo,s-sh,h-f	1
架子车	jià zi chē	27177	ia-ie,z-zh,c-ch,j-q-x	1
弄潮儿	nòng cháo ér	27185	ao-ou,c-ch,n-l	1
奢侈品	shē chǐ pǐn	27193	in-ing,c-ch,s-sh	1
想不开	xiǎng bu kāi	27203	ian-iang,ai-ei,j-q-x	1
典型性	diǎn xíng xìng	27223	in-ing,ian-iang,j-q-x	1
二人转	èr rén zhuàn	27225	en-eng,uan-uang,z-zh,r-l	1
二手房	èr shǒu fáng	27226	an-ang,ao-ou,s-sh,h-f	1
扩大化	kuò dà huà	27243	ua-uo,h-f	1
潜伏期	qián fú qī	27250	ian-iang,h-f,j-q-x	1
死胡同	sǐ hú tòng	27260	s-sh,h-f	1
亭子间	tíng zi jiān	27264	in-ing,ian-iang,z-zh,j-q-x	1
营养品	yíng yǎng pǐn	27269	in-ing,an-ang	1
主题歌	zhǔ tí gē	27276	z-zh	1
对讲机	duì jiǎng jī	27288	ian-iang,j-q-x	1
高山族	gāo shān zú	27290	an-ang,ao-ou,z-zh,s-sh	1
火葬场	huǒ zàng chǎng	27296	an-ang,ua-uo,z-zh,c-ch,h-f	1
老北京	lǎo běi jīng	27310	in-ing,ai-ei,ao-ou,n-l,r-l,j-q-x	1
螺旋桨	luó xuán jiǎng	27314	ian-iang,uan-uang,ua-uo,n-l,r-l,j-q-x	1
书摊儿	shū tān er	27327	an-ang,s-sh	1
唯心论	wéi xīn lùn	27332	in-ing,ai-ei,n-l,r-l,j-q-x	1
戏园子	xì yuán zi	27334	uan-uang,z-zh,j-q-x	1
眼罩儿	yǎn zhào er	27340	an-ang,ao-ou,z-zh	1
姨奶奶	yí nǎi nai	27341	ai-ei,n-l	1
猪八戒	zhū bā jiè	27348	ia-ie,z-zh,j-q-x	1
光闪闪	guāng shǎn shǎn	27365	an-ang,uan-uang,s-sh	1
黑沉沉	hēi chén chén	27369	en-eng,ai-ei,c-ch,h-f	1
旧体诗	jiù tǐ shī	27375	s-sh,j-q-x	1
太师椅	tài shī yǐ	27392	ai-ei,s-sh	1
喜滋滋	xǐ zī zī	27397	z-zh,j-q-x	1
阅兵式	yuè bīng shì	27405	in-ing,s-sh	1
祖父母	zǔ fù mǔ	27408	z-zh,h-f	1
比得上	bǐ dé shàng	27411	an-ang,s-sh	1
共同性	gòng tóng xìng	27424	in-ing,j-q-x	1
纪律性	jì lǜ xìng	27430	in-ing,n-l,r-l,j-q-x	1
龙井茶	lóng jǐng chá	27434	in-ing,c-ch,n-l,r-l,j-q-x	1
农副业	nóng fù yè	27440	n-l,h-f	1
不成文	bù chéng wén	27474	en-eng,c-ch	1
电影片	diàn yǐng piàn	27483	in-ing,ian-iang	1
方向性	fāng xiàng xìng	27485	in-ing,an-ang,ian-iang,h-f,j-q-x	1
高挑儿	gāo tiǎo er	27488	ao-ou	1
大数据	dà shù jù	27498	s-sh,j-q-x	1
拦路虎	lán lù hǔ	27503	an-ang,n-l,h-f,r-l	1
聋哑人	lóng yǎ rén	27506	en-eng,n-l,r-l	1
热电厂	rè diàn chǎng	27515	an-ang,ian-iang,c-ch,r-l	1
委托书	wěi tuō shū	27521	ai-ei,ua-uo,s-sh	1
卫星城	wèi xīng chéng	27522	en-eng,in-ing,ai-ei,c-ch,j-q-x	1
文化课	wén huà kè	27523	en-eng,ua-uo,h-f	1
小皇帝	xiǎo huáng dì	27527	uan-uang,h-f,j-q-x	1
小商贩	xiǎo shāng fàn	27528	an-ang,s-sh,h-f,j-q-x	1
心电图	xīn diàn tú	27529	in-ing,ian-iang,j-q-x	1
信贷员	xìn dài yuán	27530	in-ing,uan-uang,ai-ei,j-q-x	1
滞纳金	zhì nà jīn	27541	in-ing,z-zh,n-l,j-q-x	1
存储器	cún chǔ qì	27557	c-ch,j-q-x	1
电话亭	diàn huà tíng	27562	in-ing,ian-iang,ua-uo,h-f	1
红宝石	hóng bǎo shí	27574	ao-ou,s-sh,h-f	1
护身符	hù shēn fú	27576	en-eng,s-sh,h-f	1
居民点	jū mín diǎn	27585	in-ing,ian-iang,j-q-x	1
摩擦力	mó cā lì	27590	c-ch,n-l,r-l	1
奶制品	nǎi zhì pǐn	27593	in-ing,ai-ei,z-zh,n-l	1
农家肥	nóng jiā féi	27594	ai-ei,ia-ie,n-l,h-f,j-q-x	1
小意思	xiǎo yì si	27609	s-sh,j-q-x	1
自由度	zì yóu dù	27617	ao-ou,z-zh	1
白面儿	bái miàn er	27618	ian-iang,ai-ei	1
财神爷	cái shén yé	27622	en-eng,ai-ei,c-ch,s-sh	1
创刊号	chuàng kān hào	27624	an-ang,uan-uang,ao-ou,c-ch,h-f	1
农艺师	nóng yì shī	27646	s-sh,n-l	1
汽轮机	qì lún jī	27648	n-l,r-l,j-q-x	1
外孙女	wài sūn nǚ	27659	ai-ei,s-sh,n-l	1
洗涤剂	xǐ dí jì	27660	j-q-x	1
肖像画	xiào xiàng huà	27662	ian-iang,ua-uo,h-f,j-q-x	1
找麻烦	zhǎo má fan	27675	an-ang,ao-ou,z-zh,h-f	1
证交所	zhèng jiāo suǒ	27678	en-eng,ua-uo,z-zh,s-sh,j-q-x	1
变味儿	biàn wèi er	27682	ian-iang,ai-ei	1
灯下黑	dēng xià hēi	27711	en-eng,ai-ei,ia-ie,h-f,j-q-x	1
热处理	rè chǔ lǐ	27713	c-ch,n-l,r-l	1
上座率	shàng zuò lǜ	27716	an-ang,ua-uo,z-zh,s-sh,n-l,r-l	1
水仙花	shuǐ xiān huā	27720	ian-iang,ua-uo,s-sh,h-f,j-q-x	1
托拉斯	tuō lā sī	27727	ua-uo,s-sh,n-l,r-l	1
羊毛衫	yáng máo shān	27732	an-ang,ao-ou,s-sh	1
印度教	yìn dù jiào	27736	in-ing,j-q-x	1
圆珠笔	yuán zhū bǐ	27738	uan-uang,z-zh	1
处女作	chǔ nǚ zuò	27749	ua-uo,z-zh,c-ch,n-l	1
烈军属	liè jūn shǔ	27770	ia-ie,s-sh,n-l,r-l,j-q-x	1
那阵子	nà zhèn zǐ	27775	en-eng,z-zh,n-l	1
女人家	nǚ rén jia	27777	en-eng,ia-ie,n-l,r-l,j-q-x	1
性骚扰	xìng sāo rǎo	27792	in-ing,ao-ou,s-sh,r-l,j-q-x	1
中下旬	zhōng xià xún	27802	ia-ie,z-zh,j-q-x	1
白开水	bái kāi shuǐ	27807	ai-ei,s-sh	1
参照系	cān zhào xì	27813	an-ang,ao-ou,z-zh,c-ch,j-q-x	1
抽水机	chōu shuǐ jī	27814	ao-ou,c-ch,s-sh,j-q-x	1
二传手	èr chuán shǒu	27823	uan-uang,ao-ou,c-ch,s-sh	1
红扑扑	hóng pū pū	27831	h-f	1
户口簿	hù kǒu bù	27832	ao-ou,h-f	1
闹别扭	nào biè niu	27847	ao-ou,ia-ie,n-l	1
穷光蛋	qióng guāng dàn	27852	an-ang,uan-uang,j-q-x	1
双人舞	shuāng rén wǔ	27857	en-eng,uan-uang,s-sh,r-l	1
动员令	dòng yuán lìng	27886	in-ing,uan-uang,n-l,r-l	1
枪杆子	qiāng gǎn zi	27911	an-ang,ian-iang,z-zh,j-q-x	1
枪子儿	qiāng zǐ er	27913	ian-iang,z-zh,j-q-x	1
说大话	shuō dà huà	27922	ua-uo,s-sh,h-f	1
杜鹃花	dù juān huā	27950	uan-uang,ua-uo,h-f,j-q-x	1
火山灰	huǒ shān huī	27958	an-ang,ua-uo,s-sh,h-f	1
叫花子	jiào huā zi	27961	ua-uo,z-zh,h-f,j-q-x	1
售票处	shòu piào chǔ	27983	ao-ou,c-ch,s-sh	1
研修班	yán xiū bān	28001	an-ang,j-q-x	1
邮电局	yóu diàn jú	28004	ian-iang,ao-ou,j-q-x	1
钟点工	zhōng diǎn gōng	28008	ian-iang,z-zh	1
半透明	bàn tòu míng	28010	in-ing,an-ang,ao-ou	1
歌舞剧	gē wǔ jù	28027	j-q-x	1
怪样儿	guài yàng er	28029	an-ang	1
活化石	huó huà shí	28035	ua-uo,s-sh,h-f	1
歼击机	jiān jī jī	28037	ian-iang,j-q-x	1
结对子	jié duì zi	28039	ia-ie,z-zh,j-q-x	1
拿主意	ná zhǔ yi	28047	z-zh,n-l	1
脑溢血	nǎo yì xuè	28048	ao-ou,n-l,j-q-x	1
使眼色	shǐ yǎn sè	28060	an-ang,s-sh	1
违约金	wéi yuē jīn	28066	in-ing,ai-ei,j-q-x	1
摇头丸	yáo tóu wán	28075	an-ang,ao-ou	1
义务工	yì wù gōng	28078		1
再认识	zài rèn shi	28083	en-eng,ai-ei,z-zh,s-sh,r-l	1
正规军	zhèng guī jūn	28085	en-eng,z-zh,j-q-x	1
知青点	zhī qīng diǎn	28086	in-ing,ian-iang,z-zh,j-q-x	1
臭豆腐	chòu dòu fu	28097	ao-ou,c-ch,h-f	1
硫化氢	liú huà qīng	28124	in-ing,ua-uo,n-l,h-f,r-l,j-q-x	1
人造革	rén zào gé	28134	en-eng,ao-ou,z-zh,r-l	1
市辖区	shì xiá qū	28137	ia-ie,s-sh,j-q-x	1
首映式	shǒu yìng shì	28139	in-ing,ao-ou,s-sh	1
水烟袋	shuǐ yān dài	28141	an-ang,ai-ei,s-sh	1
私生活	sī shēng huó	28142	en-eng,ua-uo,s-sh,h-f	1
桃花源	táo huā yuán	28147	uan-uang,ao-ou,ua-uo,h-f	1
通知单	tōng zhī dān	28148	an-ang,z-zh	1
万元户	wàn yuán hù	28153	an-ang,uan-uang,h-f	1
要面子	yào miàn zi	28162	ian-iang,ao-ou,z-zh	1
专业课	zhuān yè kè	28170	uan-uang,z-zh	1
败家子	bài jiā zǐ	28172	ai-ei,ia-ie,z-zh,j-q-x	1
断崖式	duàn yá shì	28174	uan-uang,s-sh	1
产供销	chǎn gōng xiāo	28179	an-ang,c-ch,j-q-x	1
传家宝	chuán jiā bǎo	28181	uan-uang,ao-ou,ia-ie,c-ch,j-q-x	1
犯不上	fàn bu shàng	28189	an-ang,s-sh,h-f	1
高蛋白	gāo dàn bái	28192	an-ang,ai-ei,ao-ou	1
可塑性	kě sù xìng	28202	in-ing,s-sh,j-q-x	1
可信度	kě xìn dù	28203	in-ing,j-q-x	1
乌托邦	wū tuō bāng	28223	an-ang,ua-uo	1
氧化剂	yǎng huà jì	28231	an-ang,ua-uo,h-f,j-q-x	1
大牲畜	dà shēng chù	28253	en-eng,c-ch,s-sh	1
古兰经	gǔ lán jīng	28264	in-ing,an-ang,n-l,r-l,j-q-x	1
来不得	lái bu de	28270	ai-ei,n-l,r-l	1
冷不丁	lěng bu dīng	28272	en-eng,in-ing,n-l,r-l	1
两回事	liǎng huí shì	28273	ian-iang,s-sh,n-l,h-f,r-l	1
拗不过	niù bu guò	28280	ua-uo,n-l	1
人味儿	rén wèi er	28283	en-eng,ai-ei,r-l	1
少年犯	shào nián fàn	28287	an-ang,ian-iang,ao-ou,s-sh,n-l,h-f	1
系列片	xì liè piàn	28298	ian-iang,ia-ie,n-l,r-l,j-q-x	1
小曲儿	xiǎo qǔ er	28300	j-q-x	1
游乐场	yóu lè chǎng	28303	an-ang,ao-ou,c-ch,n-l,r-l	1
凑趣儿	còu qù er	28320	ao-ou,c-ch,j-q-x	1
打油诗	dǎ yóu shī	28321	ao-ou,s-sh	1
单人床	dān rén chuáng	28322	en-eng,an-ang,uan-uang,c-ch,r-l	1
旱烟袋	hàn yān dài	28336	an-ang,ai-ei,h-f	1
狂欢节	kuáng huān jié	28353	uan-uang,ia-ie,h-f,j-q-x	1
脑膜炎	nǎo mó yán	28358	an-ang,ao-ou,n-l	1
下半场	xià bàn chǎng	28378	an-ang,ia-ie,c-ch,j-q-x	1
要不得	yào bu de	28385	ao-ou	1
猪肝儿	zhū gān er	28391	an-ang,z-zh	1
自耕农	zì gēng nóng	28393	en-eng,z-zh,n-l	1
保管员	bǎo guǎn yuán	28396	uan-uang,ao-ou	1
吹鼓手	chuī gǔ shǒu	28401	ao-ou,c-ch,s-sh	1
电视网	diàn shì wǎng	28408	an-ang,ian-iang,s-sh	1
基因库	jī yīn kù	28423	in-ing,j-q-x	1
马尾松	mǎ wěi sōng	28432	ai-ei,s-sh	1
尿毒症	niào dú zhèng	28435	en-eng,z-zh,n-l	1
时间差	shí jiān chā	28454	ian-iang,c-ch,s-sh,j-q-x	1
遥控器	yáo kòng qì	28466	ao-ou,j-q-x	1
一溜儿	yī liù er	28467	n-l,r-l	1
阅报栏	yuè bào lán	28469	an-ang,ao-ou,n-l,r-l	1
自顾自	zì gù zì	28474	z-zh	1
地面站	dì miàn zhàn	28491	an-ang,ian-iang,z-zh	1
建军节	jiàn jūn jié	28516	ian-iang,ia-ie,j-q-x	1
孟加拉	mèng jiā lā	28524	en-eng,ia-ie,n-l,r-l,j-q-x	1
木乃伊	mù nǎi yī	28525	ai-ei,n-l	1
青年节	qīng nián jié	28529	in-ing,ian-iang,ia-ie,n-l,j-q-x	1
雄赳赳	xióng jiū jiū	28546	j-q-x	3
战利品	zhàn lì pǐn	28555	in-ing,an-ang,z-zh,n-l,r-l	1
中转站	zhōng zhuǎn zhàn	28556	an-ang,uan-uang,z-zh	1
大提琴	dà tí qín	28569	in-ing,j-q-x	1
高个儿	gāo gè er	28577	ao-ou	1
锅炉房	guō lú fáng	28580	an-ang,ua-uo,n-l,h-f,r-l	1
节能灯	jié néng dēng	28590	en-eng,ia-ie,n-l,j-q-x	1
奇招儿	qí zhāo er	28598	ao-ou,z-zh,j-q-x	1
农活儿	nóng huó er	28602	ua-uo,n-l,h-f	1
起名儿	qǐ míng er	28605	in-ing,j-q-x	1
日光灯	rì guāng dēng	28609	en-eng,uan-uang,r-l	1
软科学	ruǎn kē xué	28610	uan-uang,r-l,j-q-x	1
兔崽子	tù zǎi zi	28619	ai-ei,z-zh	3
有头脑	yǒu tóu nǎo	28631	ao-ou,n-l	1
钻井队	zuàn jǐng duì	28637	in-ing,uan-uang,z-zh,j-q-x	1
表演赛	biǎo yǎn sài	28642	an-ang,ai-ei,s-sh	1
不足道	bù zú dào	28644	ao-ou,z-zh	1
大满贯	dà mǎn guàn	28653	an-ang,uan-uang	1
戴帽子	dài mào zi	28654	ai-ei,ao-ou,z-zh	1
健身操	jiàn shēn cāo	28671	en-eng,ian-iang,ao-ou,c-ch,s-sh,j-q-x	1
讲排场	jiǎng pái chǎng	28672	an-ang,ian-iang,ai-ei,c-ch,j-q-x	1
乃至于	nǎi zhì yú	28683	ai-ei,z-zh,n-l	1
扭秧歌	niǔ yāng ge	28684	an-ang,n-l	1
使不得	shǐ bu de	28692	s-sh	1
停机坪	tíng jī píng	28697	in-ing,j-q-x	1
文明人	wén míng rén	28698	en-eng,in-ing,r-l	1
小伙儿	xiǎo huǒ er	28702	ua-uo,h-f,j-q-x	1
蓄水量	xù shuǐ liàng	28704	ian-iang,s-sh,n-l,r-l,j-q-x	1
演职员	yǎn zhí yuán	28706	an-ang,uan-uang,z-zh	1
坐标系	zuò biāo xì	28720	ua-uo,z-zh,j-q-x	1
北冰洋	běi bīng yáng	28725	in-ing,an-ang,ai-ei	1
奔头儿	bèn tou er	28726	en-eng,ao-ou	1
跟班儿	gēn bān er	28734	en-eng,an-ang	1
老革命	lǎo gé mìng	28749	in-ing,ao-ou,n-l,r-l	1
亮闪闪	liàng shǎn shǎn	28752	an-ang,ian-iang,s-sh,n-l,r-l	1
梅花鹿	méi huā lù	28753	ai-ei,ua-uo,n-l,h-f,r-l	1
沙发椅	shā fā yǐ	28757	s-sh,h-f	1
小而全	xiǎo ér quán	28774	uan-uang,j-q-x	1
一般化	yī bān huà	28778	an-ang,ua-uo,h-f	1
成气候	chéng qì hòu	28793	en-eng,ao-ou,c-ch,h-f,j-q-x	1
大事记	dà shì jì	28796	s-sh,j-q-x	1
大团圆	dà tuán yuán	28797	uan-uang	1
二百五	èr bǎi wǔ	28802	ai-ei	1
干女儿	gān nǚ ér	28806	an-ang,n-l	1
过来人	guò lái rén	28813	en-eng,ai-ei,ua-uo,n-l,r-l	1
活性炭	huó xìng tàn	28820	in-ing,an-ang,ua-uo,h-f,j-q-x	1
节奏感	jié zòu gǎn	28825	an-ang,ao-ou,ia-ie,z-zh,j-q-x	1
那么些	nà me xiē	28836	ia-ie,n-l,j-q-x	1
水文站	shuǐ wén zhàn	28855	en-eng,an-ang,z-zh,s-sh	1
土政策	tǔ zhèng cè	28863	en-eng,z-zh,c-ch	1
有情人	yǒu qíng rén	28874	en-eng,in-ing,ao-ou,r-l,j-q-x	1
运动服	yùn dòng fú	28879	h-f	1
召集人	zhào jí rén	28882	en-eng,ao-ou,z-zh,r-l,j-q-x	1
蜘蛛网	zhī zhū wǎng	28883	an-ang,z-zh	1
助听器	zhù tīng qì	28886	in-ing,z-zh,j-q-x	1
出人命	chū rén mìng	28899	en-eng,in-ing,c-ch,r-l	1
高纬度	gāo wěi dù	28914	ai-ei,ao-ou	1
纪念币	jì niàn bì	28924	ian-iang,n-l,j-q-x	1
生物钟	shēng wù zhōng	28944	en-eng,z-zh,s-sh	1
心上人	xīn shàng rén	28956	en-eng,in-ing,an-ang,s-sh,r-l,j-q-x	1
一把抓	yī bǎ zhuā	28961	ua-uo,z-zh	1
圆舞曲	yuán wǔ qǔ	28968	uan-uang,j-q-x	1
直勾勾	zhí gōu gōu	28972	ao-ou,z-zh	1
带刺儿	dài cì er	28990	ai-ei,c-ch	1
更年期	gēng nián qī	29000	en-eng,ian-iang,n-l,j-q-x	1
公式化	gōng shì huà	29001	ua-uo,s-sh,h-f	1
坎儿井	kǎn er jǐng	29010	in-ing,an-ang,j-q-x	1
老一套	lǎo yī tào	29012	ao-ou,n-l,r-l	1
两面性	liǎng miàn xìng	29014	in-ing,ian-iang,n-l,r-l,j-q-x	1
满负荷	mǎn fù hè	29018	an-ang,h-f	1
气管炎	qì guǎn yán	29025	an-ang,uan-uang,j-q-x	1
政治犯	zhèng zhì fàn	29058	en-eng,an-ang,z-zh,h-f	1
装糊涂	zhuāng hú tu	29061	uan-uang,z-zh,h-f	1
传真机	chuán zhēn jī	29077	en-eng,uan-uang,z-zh,c-ch,j-q-x	1
老鼠仓	lǎo shǔ cāng	29079	an-ang,ao-ou,c-ch,s-sh,n-l,r-l	1
大而全	dà ér quán	29081	uan-uang,j-q-x	1
地方志	dì fāng zhì	29084	an-ang,z-zh,h-f	1
花果山	huā guǒ shān	29095	an-ang,ua-uo,s-sh,h-f	1
肩并肩	jiān bìng jiān	29101	in-ing,ian-iang,j-q-x	1
经济师	jīng jì shī	29109	in-ing,s-sh,j-q-x	1
碰运气	pèng yùn qi	29118	en-eng,j-q-x	1
小市民	xiǎo shì mín	29135	in-ing,s-sh,j-q-x	1
衍生物	yǎn shēng wù	29139	en-eng,an-ang,s-sh	1
硬指标	yìng zhǐ biāo	29145	in-ing,z-zh	1
娱乐城	yú lè chéng	29148	en-eng,c-ch,n-l,r-l	1
侦察兵	zhēn chá bīng	29155	en-eng,in-ing,z-zh,c-ch	1
闯红灯	chuǎng hóng dēng	29171	en-eng,uan-uang,c-ch,h-f	1
赶明儿	gǎn míng er	29180	in-ing,an-ang	1
国库券	guó kù quàn	29181	uan-uang,ua-uo,j-q-x	1
好处费	hǎo chù fèi	29182	ai-ei,ao-ou,c-ch,h-f	1
狐狸精	hú li jīng	29183	in-ing,n-l,h-f,r-l,j-q-x	1
美人鱼	měi rén yú	29199	en-eng,ai-ei,r-l	1
蒙蒙亮	mēng mēng liàng	29201	en-eng,ian-iang,n-l,r-l	1
信天游	xìn tiān yóu	29222	in-ing,ian-iang,ao-ou,j-q-x	1
伊甸园	yī diàn yuán	29227	ian-iang,uan-uang	1
犹太教	yóu tài jiào	29232	ai-ei,ao-ou,j-q-x	1
杂货铺	zá huò pù	29235	ua-uo,z-zh,h-f	1
真本事	zhēn běn shi	29238	en-eng,z-zh,s-sh	1
穿透力	chuān tòu lì	29252	uan-uang,ao-ou,c-ch,n-l,r-l	1
打游击	dǎ yóu jī	29258	ao-ou,j-q-x	1
刀把儿	dāo bà er	29260	ao-ou	1
抵押金	dǐ yā jīn	29262	in-ing,j-q-x	1
科技城	kē jì chéng	29278	en-eng,c-ch,j-q-x	1
空落落	kōng luò luò	29280	ua-uo,n-l,r-l	1
两张皮	liǎng zhāng pí	29285	an-ang,ian-iang,z-zh,n-l,r-l	1
兵工厂	bīng gōng chǎng	29338	in-ing,an-ang,c-ch	1
夹竹桃	jiā zhú táo	29366	ao-ou,ia-ie,z-zh,j-q-x	1
两重性	liǎng chóng xìng	29376	in-ing,ian-iang,c-ch,n-l,r-l,j-q-x	1
实打实	shí dǎ shí	29393	s-sh	1
手工艺	shǒu gōng yì	29394	ao-ou,s-sh	1
水平线	shuǐ píng xiàn	29395	in-ing,ian-iang,s-sh,j-q-x	1
小褂儿	xiǎo guà er	29403	ua-uo,j-q-x	1
新大陆	xīn dà lù	29405	in-ing,n-l,r-l,j-q-x	1
新闻纸	xīn wén zhǐ	29406	en-eng,in-ing,z-zh,j-q-x	1
怪招儿	guài zhāo er	29407	ao-ou,z-zh	1
野心家	yě xīn jiā	29412	in-ing,ia-ie,j-q-x	1
油菜籽	yóu cài zǐ	29414	ai-ei,ao-ou,z-zh,c-ch	1
蒸馏水	zhēng liú shuǐ	29422	en-eng,z-zh,s-sh,n-l,r-l	1
自卑感	zì bēi gǎn	29427	an-ang,ai-ei,z-zh	1
大老远	dà lǎo yuǎn	29437	uan-uang,ao-ou,n-l,r-l	1
大气压	dà qì yā	29438	j-q-x	1
当家人	dāng jiā rén	29440	en-eng,an-ang,ia-ie,r-l,j-q-x	1
亏心事	kuī xīn shì	29460	in-ing,s-sh,j-q-x	1
形而上	xíng ér shàng	29477	in-ing,an-ang,s-sh,j-q-x	1
威士忌	wēi shì jì	29485	ai-ei,s-sh,j-q-x	1
政务院	zhèng wù yuàn	29506	en-eng,uan-uang,z-zh	1
布依族	bù yī zú	29512	z-zh	1
大气候	dà qì hòu	29520	ao-ou,h-f,j-q-x	1
大前提	dà qián tí	29522	ian-iang,j-q-x	1
对角线	duì jiǎo xiàn	29525	ian-iang,j-q-x	1
吨公里	dūn gōng lǐ	29526	n-l,r-l	1
光通信	guāng tōng xìn	29533	in-ing,uan-uang,j-q-x	1
国际歌	guó jì gē	29535	ua-uo,j-q-x	1
继承权	jì chéng quán	29541	en-eng,uan-uang,c-ch,j-q-x	1
开绿灯	kāi lǜ dēng	29546	en-eng,ai-ei,n-l,r-l	1
凯旋门	kǎi xuán mén	29547	en-eng,uan-uang,ai-ei,j-q-x	1
老伙计	lǎo huǒ jì	29549	ao-ou,ua-uo,n-l,h-f,r-l,j-q-x	1
牛鼻子	niú bí zi	29559	z-zh,n-l	1
女招待	nǚ zhāo dài	29560	ai-ei,ao-ou,z-zh,n-l	1
土地庙	tǔ di miào	29576		1
无机物	wú jī wù	29581	j-q-x	1
无止境	wú zhǐ jìng	29582	in-ing,z-zh,j-q-x	1
月全食	yuè quán shí	29596	uan-uang,s-sh,j-q-x	1
安全帽	ān quán mào	29604	an-ang,uan-uang,ao-ou,j-q-x	1
报警器	bào jǐng qì	29607	in-ing,ao-ou,j-q-x	1
采购员	cǎi gòu yuán	29610	uan-uang,ai-ei,ao-ou,c-ch	1
当权派	dāng quán pài	29621	an-ang,uan-uang,ai-ei,j-q-x	1
独生子	dú shēng zǐ	29624	en-eng,z-zh,s-sh	1
抗菌素	kàng jūn sù	29649	an-ang,s-sh,j-q-x	1
没门儿	méi mén er	29654	en-eng,ai-ei	1
散文诗	sǎn wén shī	29667	en-eng,an-ang,s-sh	1
献殷勤	xiàn yīn qín	29674	in-ing,ian-iang,j-q-x	1
小型张	xiǎo xíng zhāng	29677	in-ing,an-ang,z-zh,j-q-x	1
越野赛	yuè yě sài	29686	ai-ei,s-sh	1
再不然	zài bu rán	29688	an-ang,ai-ei,z-zh,r-l	1
自助餐	zì zhù cān	29695	an-ang,z-zh,c-ch	1
笔头儿	bǐ tóu er	29698	ao-ou	1
混日子	hùn rì zi	29723	z-zh,h-f,r-l	1
紧箍咒	jǐn gū zhòu	29728	in-ing,ao-ou,z-zh,j-q-x	3
枯水期	kū shuǐ qī	29737	s-sh,j-q-x	1
理工科	lǐ gōng kē	29739	n-l,r-l	1
脸盘儿	liǎn pán er	29741	an-ang,ian-iang,n-l,r-l	1
摩托艇	mó tuō tǐng	29743	in-ing,ua-uo	1
脑神经	nǎo shén jīng	29744	en-eng,in-ing,ao-ou,s-sh,n-l,j-q-x	1
牵牛花	qiān niú huā	29747	ian-iang,ua-uo,n-l,h-f,j-q-x	1
太平间	tài píng jiān	29757	in-ing,ian-iang,ai-ei,j-q-x	1
甜味儿	tián wèi er	29759	ian-iang,ai-ei	1
信任感	xìn rèn gǎn	29769	en-eng,in-ing,an-ang,r-l,j-q-x	1
养路费	yǎng lù fèi	29772	an-ang,ai-ei,n-l,h-f,r-l	1
摇滚乐	yáo gǔn yuè	29774	ao-ou	1
智囊团	zhì náng tuán	29788	an-ang,uan-uang,z-zh,n-l	1
保证书	bǎo zhèng shū	29793	en-eng,ao-ou,z-zh,s-sh	1
旦角儿	dàn jué er	29803	an-ang,j-q-x	1
风湿病	fēng shī bìng	29810	en-eng,in-ing,s-sh,h-f	1
工业国	gōng yè guó	29812	ua-uo	1
汇款单	huì kuǎn dān	29823	an-ang,uan-uang,h-f	1
癞蛤蟆	lài há ma	29834	ai-ei,n-l,h-f,r-l	3
美男子	měi nán zǐ	29839	an-ang,ai-ei,z-zh,n-l	1
聘用制	pìn yòng zhì	29844	in-ing,z-zh	1
平行线	píng xíng xiàn	29845	in-ing,ian-iang,j-q-x	1
闪光灯	shǎn guāng dēng	29852	en-eng,an-ang,uan-uang,s-sh	1
双人床	shuāng rén chuáng	29856	en-eng,uan-uang,c-ch,s-sh,r-l	1
幸运儿	xìng yùn ér	29871	in-ing,j-q-x	1
主人家	zhǔ rén jiā	29885	en-eng,ia-ie,z-zh,r-l,j-q-x	1
组织性	zǔ zhī xìng	29889	in-ing,z-zh,j-q-x	1
钻空子	zuān kòng zi	29890	uan-uang,z-zh	1
承包制	chéng bāo zhì	29900	en-eng,ao-ou,z-zh,c-ch	1
鬼门关	guǐ mén guān	29916	en-eng,uan-uang	1
进口额	jìn kǒu é	29924	in-ing,ao-ou,j-q-x	1
琉璃瓦	liú li wǎ	29933	n-l,r-l	1
贫民窟	pín mín kū	29940	in-ing	1
上班族	shàng bān zú	29946	an-ang,z-zh,s-sh	1
生殖器	shēng zhí qì	29949	en-eng,z-zh,s-sh,j-q-x	1
冤枉路	yuān wang lù	29953	an-ang,uan-uang,n-l,r-l	1
信不过	xìn bu guò	29965	in-ing,ua-uo,j-q-x	1
行得通	xíng de tōng	29966	in-ing,j-q-x	1
半圆形	bàn yuán xíng	29980	in-ing,an-ang,uan-uang,j-q-x	1
差旅费	chāi lǚ fèi	29985	ai-ei,c-ch,n-l,h-f,r-l	1
打圆场	dǎ yuán chǎng	29989	an-ang,uan-uang,c-ch	1
大嫂子	dà sǎo zǐ	29990	ao-ou,z-zh,s-sh	1
花名册	huā míng cè	30005	in-ing,ua-uo,c-ch,h-f	1
火山口	huǒ shān kǒu	30006	an-ang,ao-ou,ua-uo,s-sh,h-f	1
灭火器	miè huǒ qì	30018	ia-ie,ua-uo,h-f,j-q-x	1
拍胸脯	pāi xiōng pú	30022	ai-ei,j-q-x	1
小便宜	xiǎo pián yi	30047	ian-iang,j-q-x	1
学生证	xué sheng zhèng	30050	en-eng,z-zh,s-sh,j-q-x	1
垃圾股	lā jī gǔ	30054	n-l,r-l,j-q-x	1
油菜花	yóu cài huā	30056	ai-ei,ao-ou,ua-uo,c-ch,h-f	1
游乐园	yóu lè yuán	30058	uan-uang,ao-ou,n-l,r-l	1
撰稿人	zhuàn gǎo rén	30067	en-eng,uan-uang,ao-ou,z-zh,r-l	1
概括性	gài kuò xìng	30082	in-ing,ai-ei,ua-uo,j-q-x	1
坏东西	huài dōng xi	30088	h-f,j-q-x	1
纪念塔	jì niàn tǎ	30094	ian-iang,n-l,j-q-x	1
见分晓	jiàn fēn xiǎo	30095	en-eng,ian-iang,h-f,j-q-x	1
金枪鱼	jīn qiāng yú	30098	in-ing,ian-iang,j-q-x	1
抗干扰	kàng gān rǎo	30101	an-ang,ao-ou,r-l	1
空白点	kòng bái diǎn	30102	ian-iang,ai-ei	1
老花镜	lǎo huā jìng	30104	in-ing,ao-ou,ua-uo,n-l,h-f,r-l,j-q-x	1
两码事	liǎng mǎ shì	30106	ian-iang,s-sh,n-l,r-l	1
匿名信	nì míng xìn	30110	in-ing,n-l,j-q-x	1
皮夹克	pí jiā kè	30111	ia-ie,j-q-x	1
三月三	sān yuè sān	30119	an-ang,s-sh	1
天文馆	tiān wén guǎn	30127	en-eng,ian-iang,uan-uang	1
血小板	xuè xiǎo bǎn	30140	an-ang,j-q-x	1
大动作	dà dòng zuò	30155	ua-uo,z-zh	1
高精尖	gāo jīng jiān	30165	in-ing,ian-iang,ao-ou,j-q-x	1
可卡因	kě kǎ yīn	30183	in-ing	1
慢腾腾	màn téng téng	30193	en-eng,an-ang	1
出乱子	chū luàn zi	30255	uan-uang,z-zh,c-ch,n-l,r-l	1
丢面子	diū miàn zi	30261	ian-iang,z-zh	1
纪念封	jì niàn fēng	30286	en-eng,ian-iang,n-l,h-f,j-q-x	1
交汇点	jiāo huì diǎn	30288	ian-iang,h-f,j-q-x	1
聚光灯	jù guāng dēng	30293	en-eng,uan-uang,j-q-x	1
毛毛虫	máo mao chóng	30299	ao-ou,c-ch	1
没影儿	méi yǐng er	30300	in-ing,ai-ei	1
惹不起	rě bu qǐ	30312	r-l,j-q-x	1
下辈子	xià bèi zi	30321	ai-ei,ia-ie,z-zh,j-q-x	1
县太爷	xiàn tài yé	30323	ian-iang,ai-ei,j-q-x	1
综合征	zōng hé zhēng	30344	en-eng,z-zh,h-f	1
高低杠	gāo dī gàng	30375	an-ang,ao-ou	1
姑娘家	gū niang jiā	30377	ian-iang,ia-ie,n-l,j-q-x	1
管弦乐	guǎn xián yuè	30379	ian-iang,uan-uang,j-q-x	1
合同工	hé tóng gōng	30381	h-f	1
红烧肉	hóng shāo ròu	30383	ao-ou,s-sh,h-f,r-l	1
轻音乐	qīng yīn yuè	30409	in-ing,j-q-x	1
童养媳	tóng yǎng xí	30420	an-ang,j-q-x	1
头盖骨	tóu gài gǔ	30421	ai-ei,ao-ou	1
烟灰缸	yān huī gāng	30432	an-ang,h-f	1
沿边儿	yán biān er	30434	an-ang,ian-iang	1
中间人	zhōng jiān rén	30451	en-eng,ian-iang,z-zh,r-l,j-q-x	1
爆炸性	bào zhà xìng	30454	in-ing,ao-ou,z-zh,j-q-x	1
党团员	dǎng tuán yuán	30462	an-ang,uan-uang	1
电视塔	diàn shì tǎ	30463	ian-iang,s-sh	1
对得住	duì de zhù	30467	z-zh	1
多年生	duō nián shēng	30468	en-eng,ian-iang,ua-uo,s-sh,n-l	1
过得硬	guò dé yìng	30478	in-ing,ua-uo	1
话茬儿	huà chá er	30481	ua-uo,c-ch,h-f	1
火药味	huǒ yào wèi	30483	ai-ei,ao-ou,ua-uo,h-f	1
脑血栓	nǎo xuè shuān	30497	uan-uang,ao-ou,s-sh,n-l,j-q-x	1
下半夜	xià bàn yè	30531	an-ang,ia-ie,j-q-x	1
小天地	xiǎo tiān dì	30536	ian-iang,j-q-x	1
影碟机	yǐng dié jī	30542	in-ing,ia-ie,j-q-x	1
游园会	yóu yuán huì	30543	uan-uang,ao-ou,h-f	1
玉米面	yù mǐ miàn	30544	ian-iang	1
摆架子	bǎi jià zi	30559	ai-ei,ia-ie,z-zh,j-q-x	1
包围圈	bāo wéi quān	30561	uan-uang,ai-ei,ao-ou,j-q-x	1
编织袋	biān zhī dài	30562	ian-iang,ai-ei,z-zh	1
分税制	fēn shuì zhì	30576	en-eng,z-zh,s-sh,h-f	1
扩音器	kuò yīn qì	30592	in-ing,ua-uo,j-q-x	1
露一手	lòu yī shǒu	30597	ao-ou,s-sh,n-l,r-l	1
绿茵场	lǜ yīn chǎng	30598	in-ing,an-ang,c-ch,n-l,r-l	1
青纱帐	qīng shā zhàng	30609	in-ing,an-ang,z-zh,s-sh,j-q-x	1
探照灯	tàn zhào dēng	30618	en-eng,an-ang,ao-ou,z-zh	1
小聪明	xiǎo cōng ming	30636	in-ing,c-ch,j-q-x	1
寻呼机	xún hū jī	30638	h-f,j-q-x	1
洋娃娃	yáng wá wa	30641	an-ang	1
夜猫子	yè māo zi	30642	ao-ou,z-zh	1
占领军	zhàn lǐng jūn	30650	in-ing,an-ang,z-zh,n-l,r-l,j-q-x	1
中长跑	zhōng cháng pǎo	30655	an-ang,ao-ou,z-zh,c-ch	1
种植园	zhòng zhí yuán	30656	uan-uang,z-zh	1
自然力	zì rán lì	30660	an-ang,z-zh,n-l,r-l	1
大黄鱼	dà huáng yú	30670	uan-uang,h-f	1
二锅头	èr guō tóu	30674	ao-ou,ua-uo	1
孤儿院	gū ér yuàn	30677	uan-uang	1
黑漆漆	hēi qī qī	30680	ai-ei,h-f,j-q-x	1
象牙塔	xiàng yá tǎ	30721	ian-iang,j-q-x	1
新长征	xīn cháng zhēng	30722	en-eng,in-ing,an-ang,z-zh,c-ch,j-q-x	1
眨眼间	zhǎ yǎn jiān	30736	an-ang,ian-iang,z-zh,j-q-x	1
折子戏	zhé zi xì	30737	z-zh,j-q-x	1
嘴皮子	zuǐ pí zi	30744	z-zh	1
爱面子	ài miàn zi	30745	ian-iang,ai-ei,z-zh	1
百合花	bǎi hé huā	30747	ai-ei,ua-uo,h-f	1
表面积	biǎo miàn jī	30748	ian-iang,j-q-x	1
打哆嗦	dǎ duō suo	30757	ua-uo,s-sh	1
防腐剂	fáng fǔ jì	30766	an-ang,h-f,j-q-x	1
光荣感	guāng róng gǎn	30775	an-ang,uan-uang,r-l	1
口服液	kǒu fú yè	30784	ao-ou,h-f	1
老黄牛	lǎo huáng niú	30786	uan-uang,ao-ou,n-l,h-f,r-l	1
淋巴结	lín bā jié	30789	in-ing,ia-ie,n-l,r-l,j-q-x	1
排他性	pái tā xìng	30793	in-ing,ai-ei,j-q-x	1
碰钉子	pèng dīng zi	30795	en-eng,in-ing,z-zh	1
千里眼	qiān lǐ yǎn	30796	an-ang,ian-iang,n-l,r-l,j-q-x	1
收容所	shōu róng suǒ	30803	ao-ou,ua-uo,s-sh,r-l	1
下毒手	xià dú shǒu	30818	ao-ou,ia-ie,s-sh,j-q-x	1
以致于	yǐ zhì yú	30826	z-zh	1
运输线	yùn shū xiàn	30831	ian-iang,s-sh,j-q-x	1
证明书	zhèng míng shū	30837	en-eng,in-ing,z-zh,s-sh	1
自决权	zì jué quán	30841	uan-uang,z-zh,j-q-x	1
大个儿	dà gè er	30858		1
大农业	dà nóng yè	30860	n-l	1
兜圈子	dōu quān zi	30864	uan-uang,ao-ou,z-zh,j-q-x	1
独轮车	dú lún chē	30865	c-ch,n-l,r-l	1
肥皂泡	féi zào pào	30869	ai-ei,ao-ou,z-zh,h-f	1
挂起来	guà qǐ lái	30873	ai-ei,ua-uo,n-l,r-l,j-q-x	1
和平鸽	hé píng gē	30877	in-ing,h-f	1
闹哄哄	nào hōng hōng	30898	ao-ou,n-l,h-f	1
实体店	shí tǐ diàn	30901	ian-iang,s-sh	1
听诊器	tīng zhěn qì	30921	en-eng,in-ing,z-zh,j-q-x	1
先遣队	xiān qiǎn duì	30929	ian-iang,j-q-x	1
一元化	yī yuán huà	30939	uan-uang,ua-uo,h-f	1
咏叹调	yǒng tàn diào	30941	an-ang	1
责权利	zé quán lì	30943	uan-uang,z-zh,n-l,r-l,j-q-x	1
出家人	chū jiā rén	30962	en-eng,ia-ie,c-ch,r-l,j-q-x	1
电灯泡	diàn dēng pào	30967	en-eng,ian-iang,ao-ou	1
汉白玉	hàn bái yù	30978	an-ang,ai-ei,h-f	1
核战争	hé zhàn zhēng	30980	en-eng,an-ang,z-zh,h-f	1
爵士乐	jué shì yuè	30990	s-sh,j-q-x	1
类人猿	lèi rén yuán	30994	en-eng,uan-uang,ai-ei,n-l,r-l	1
米老鼠	mǐ lǎo shǔ	30996	ao-ou,s-sh,n-l,r-l	1
牛皮纸	niú pí zhǐ	31000	z-zh,n-l	1
女强人	nǚ qiáng rén	31002	en-eng,ian-iang,n-l,r-l,j-q-x	1
万花筒	wàn huā tǒng	31015	an-ang,ua-uo,h-f	1
卫戍区	wèi shù qū	31016	ai-ei,s-sh,j-q-x	3
细菌战	xì jūn zhàn	31019	an-ang,z-zh,j-q-x	1
小气候	xiǎo qì hòu	31021	ao-ou,h-f,j-q-x	1
宇宙观	yǔ zhòu guān	31031	uan-uang,ao-ou,z-zh	1
参观团	cān guān tuán	31047	an-ang,uan-uang,c-ch	1
大出血	dà chū xuè	31051	c-ch,j-q-x	1
多动症	duō dòng zhèng	31055	en-eng,ua-uo,z-zh	1
拐棍儿	guǎi gùn er	31062		1
归罪于	guī zuì yú	31063	z-zh	1
交通线	jiāo tōng xiàn	31073	ian-iang,j-q-x	1
精确度	jīng què dù	31079	in-ing,j-q-x	1
军烈属	jūn liè shǔ	31082	ia-ie,s-sh,n-l,r-l,j-q-x	1
空城计	kōng chéng jì	31084	en-eng,c-ch,j-q-x	1
空降兵	kōng jiàng bīng	31085	in-ing,ian-iang,j-q-x	1
连珠炮	lián zhū pào	31086	ian-iang,ao-ou,z-zh,n-l,r-l	1
识大体	shí dà tǐ	31108	s-sh	1
手推车	shǒu tuī chē	31109	ao-ou,c-ch,s-sh	1
同学会	tóng xué huì	31117	h-f,j-q-x	1
西洋画	xī yáng huà	31124	an-ang,ua-uo,h-f,j-q-x	1
硬邦邦	yìng bāng bāng	31134	in-ing,an-ang	1
造物主	zào wù zhǔ	31139	ao-ou,z-zh	1
出线权	chū xiàn quán	31160	ian-iang,uan-uang,c-ch,j-q-x	1
多发病	duō fā bìng	31171	in-ing,ua-uo,h-f	1
更衣室	gēng yī shì	31178	en-eng,s-sh	1
哈尼族	hā ní zú	31183	z-zh,n-l,h-f	1
户口本	hù kǒu běn	31188	en-eng,ao-ou,h-f	1
阴历年	yīn lì nián	31195	in-ing,ian-iang,n-l,r-l	1
假惺惺	jiǎ xīng xīng	31200	in-ing,ia-ie,j-q-x	3
交流电	jiāo liú diàn	31201	ian-iang,n-l,r-l,j-q-x	1
蓝宝石	lán bǎo shí	31210	an-ang,ao-ou,s-sh,n-l,r-l	1
旅游鞋	lǚ yóu xié	31213	ao-ou,ia-ie,n-l,r-l,j-q-x	1
逻辑性	luó ji xìng	31214	in-ing,ua-uo,n-l,r-l,j-q-x	1
棚户区	péng hù qū	31221	en-eng,h-f,j-q-x	1
潜水艇	qián shuǐ tǐng	31224	in-ing,ian-iang,s-sh,j-q-x	1
驱动器	qū dòng qì	31227	j-q-x	1
说得上	shuō de shàng	31239	an-ang,ua-uo,s-sh	1
文史馆	wén shǐ guǎn	31246	en-eng,uan-uang,s-sh	1
小吃店	xiǎo chī diàn	31250	ian-iang,c-ch,j-q-x	1
亚非拉	yà fēi lā	31254	ai-ei,n-l,h-f,r-l	1
避孕套	bì yùn tào	31271	ao-ou	1
兵役法	bīng yì fǎ	31272	in-ing,h-f	1
重阳节	chóng yáng jié	31280	an-ang,ia-ie,c-ch,j-q-x	1
大师傅	dà shī fu	31282	s-sh,h-f	1
复活节	fù huó jié	31293	ia-ie,ua-uo,h-f,j-q-x	1
干儿子	gān ér zi	31294	an-ang,z-zh	1
赶时髦	gǎn shí máo	31295	an-ang,ao-ou,s-sh	3
哈密瓜	hā mì guā	31300	ua-uo,h-f	1
核废料	hé fèi liào	31302	ai-ei,n-l,h-f,r-l	1
裤腰带	kù yāo dài	31314	ai-ei,ao-ou	1
鸣不平	míng bù píng	31322	in-ing	1
上议院	shàng yì yuàn	31338	an-ang,uan-uang,s-sh	1
弹钢琴	tán gāng qín	31344	in-ing,an-ang,j-q-x	1
挑大梁	tiǎo dà liáng	31346	ian-iang,n-l,r-l	1
小姨子	xiǎo yí zi	31350	z-zh,j-q-x	1
夜生活	yè shēng huó	31358	en-eng,ua-uo,s-sh,h-f	1
一多半	yī duō bàn	31359	an-ang,ua-uo	1
一言堂	yī yán táng	31360	an-ang	1
百家姓	bǎi jiā xìng	31371	in-ing,ai-ei,ia-ie,j-q-x	1
保险箱	bǎo xiǎn xiāng	31372	ian-iang,ao-ou,j-q-x	1
场面上	chǎng miàn shang	31379	an-ang,ian-iang,c-ch,s-sh	1
电磁场	diàn cí chǎng	31389	an-ang,ian-iang,c-ch	1
多党制	duō dǎng zhì	31395	an-ang,ua-uo,z-zh	1
假面具	jiǎ miàn jù	31412	ian-iang,ia-ie,j-q-x	1
见面礼	jiàn miàn lǐ	31413	ian-iang,n-l,r-l,j-q-x	1
介绍人	jiè shào rén	31414	en-eng,ao-ou,ia-ie,s-sh,r-l,j-q-x	1
抗药性	kàng yào xìng	31416	in-ing,an-ang,ao-ou,j-q-x	1
零增长	líng zēng zhǎng	31423	en-eng,in-ing,an-ang,z-zh,n-l,r-l	1
毛细管	máo xì guǎn	31426	uan-uang,ao-ou,j-q-x	1
脑门子	nǎo mén zǐ	31430	en-eng,ao-ou,z-zh,n-l	1
气咻咻	qì xiū xiū	31438	j-q-x	3
三角债	sān jiǎo zhài	31444	an-ang,ai-ei,z-zh,s-sh,j-q-x	1
神枪手	shén qiāng shǒu	31447	en-eng,ian-iang,ao-ou,s-sh,j-q-x	1
水葫芦	shuǐ hú lu	31450	s-sh,n-l,h-f,r-l	1
水族馆	shuǐ zú guǎn	31451	uan-uang,z-zh,s-sh	1
同盟军	tóng méng jūn	31455	en-eng,j-q-x	1
无名指	wú míng zhǐ	31460	in-ing,z-zh	1
下星期	xià xīng qī	31463	in-ing,ia-ie,j-q-x	1
线装书	xiàn zhuāng shū	31464	ian-iang,uan-uang,z-zh,s-sh,j-q-x	1
小儿科	xiǎo ér kē	31467	j-q-x	1
英联邦	yīng lián bāng	31476	in-ing,an-ang,ian-iang,n-l,r-l	1
爆发力	bào fā lì	31492	ao-ou,n-l,h-f,r-l	1
边防站	biān fáng zhàn	31495	an-ang,ian-iang,z-zh,h-f	1
不成话	bù chéng huà	31497	en-eng,ua-uo,c-ch,h-f	1
大后方	dà hòu fāng	31506	an-ang,ao-ou,h-f	1
胆小鬼	dǎn xiǎo guǐ	31507	an-ang,j-q-x	1
独生女	dú shēng nǚ	31508	en-eng,s-sh,n-l	1
好一阵	hǎo yī zhèn	31517	en-eng,ao-ou,z-zh,h-f	1
脚后跟	jiǎo hòu gen	31528	en-eng,ao-ou,h-f,j-q-x	1
立体感	lì tǐ gǎn	31536	an-ang,n-l,r-l	1
石油气	shí yóu qì	31559	ao-ou,s-sh,j-q-x	1
同路人	tóng lù rén	31568	en-eng,n-l,r-l	1
无底洞	wú dǐ dòng	31575		1
小白菜	xiǎo bái cài	31577	ai-ei,c-ch,j-q-x	1
保险单	bǎo xiǎn dān	31598	an-ang,ian-iang,ao-ou,j-q-x	1
边防线	biān fáng xiàn	31601	an-ang,ian-iang,h-f,j-q-x	1
餐巾纸	cān jīn zhǐ	31607	in-ing,an-ang,z-zh,c-ch,j-q-x	1
大盖帽	dà gài mào	31618	ai-ei,ao-ou	1
调门儿	diào mén er	31622	en-eng	1
感受器	gǎn shòu qì	31629	an-ang,ao-ou,s-sh,j-q-x	1
搞对象	gǎo duì xiàng	31630	ian-iang,ao-ou,j-q-x	1
瘦肉型	shòu ròu xíng	31673	in-ing,ao-ou,s-sh,r-l,j-q-x	1
水淋淋	shuǐ lín lín	31674	in-ing,s-sh,n-l,r-l	1
伪君子	wěi jūn zǐ	31682	ai-ei,z-zh,j-q-x	1
雪花膏	xuě huā gāo	31687	ao-ou,ua-uo,h-f,j-q-x	1
有损于	yǒu sǔn yú	31692	ao-ou,s-sh	1
阻击战	zǔ jī zhàn	31700	an-ang,z-zh,j-q-x	1
表决权	biǎo jué quán	31705	uan-uang,j-q-x	1
驳壳枪	bó ké qiāng	31709	ian-iang,j-q-x	1
大半夜	dà bàn yè	31720	an-ang	1
干着急	gān zháo jí	31727	an-ang,ao-ou,z-zh,j-q-x	1
核动力	hé dòng lì	31739	n-l,h-f,r-l	1
回顾展	huí gù zhǎn	31741	an-ang,z-zh,h-f	1
巨无霸	jù wú bà	31748	j-q-x	1
开小差	kāi xiǎo chāi	31749	ai-ei,c-ch,j-q-x	1
录像片	lù xiàng piàn	31755	ian-iang,n-l,r-l,j-q-x	1
棉铃虫	mián líng chóng	31759	in-ing,ian-iang,c-ch,n-l,r-l	1
抹脖子	mǒ bó zi	31760	z-zh	1
喷雾器	pēn wù qì	31762	en-eng,j-q-x	1
漂白粉	piǎo bái fěn	31764	en-eng,ai-ei,h-f	1
潜台词	qián tái cí	31767	ian-iang,ai-ei,c-ch,j-q-x	1
日程表	rì chéng biǎo	31771	en-eng,c-ch,r-l	1
深呼吸	shēn hū xī	31774	en-eng,s-sh,h-f,j-q-x	1
四周围	sì zhōu wéi	31783	ai-ei,ao-ou,z-zh,s-sh	1
特殊化	tè shū huà	31786	ua-uo,s-sh,h-f	1
西半球	xī bàn qiú	31795	an-ang,j-q-x	1
一场空	yī cháng kōng	31808	an-ang,c-ch	1
大猩猩	dà xīng xing	31826	in-ing,j-q-x	1
大一统	dà yī tǒng	31827		1
歼灭战	jiān miè zhàn	31856	an-ang,ian-iang,ia-ie,z-zh,j-q-x	1
有分寸	yǒu fēn cùn	31857	en-eng,ao-ou,c-ch,h-f	1
警报器	jǐng bào qì	31859	in-ing,ao-ou,j-q-x	1
拉肚子	lā dù zi	31866	z-zh,n-l,r-l	1
麻醉剂	má zuì jì	31874	z-zh,j-q-x	1
剖腹产	pōu fù chǎn	31882	an-ang,ao-ou,c-ch,h-f	1
生意经	shēng yi jīng	31893	en-eng,in-ing,s-sh,j-q-x	1
石灰石	shí huī shí	31894	s-sh,h-f	1
收发室	shōu fā shì	31897	ao-ou,s-sh,h-f	1
说梦话	shuō mèng huà	31900	en-eng,ua-uo,s-sh,h-f	1
团圆饭	tuán yuán fàn	31904	an-ang,uan-uang,h-f	1
席梦思	xí mèng sī	31910	en-eng,s-sh,j-q-x	1
小宝宝	xiǎo bǎo bao	31912	ao-ou,j-q-x	1
小舅子	xiǎo jiù zi	31913	z-zh,j-q-x	1
曾祖父	zēng zǔ fù	31930	en-eng,z-zh,h-f	1
植物人	zhí wù rén	31932	en-eng,z-zh,r-l	1
紫罗兰	zǐ luó lán	31936	an-ang,ua-uo,z-zh,n-l,r-l	1
赤卫队	chì wèi duì	31943	ai-ei,c-ch	1
惠灵顿	huì líng dùn	31962	in-ing,n-l,h-f,r-l	1
鸡尾酒	jī wěi jiǔ	31963	ai-ei,j-q-x	1
结束语	jié shù yǔ	31966	ia-ie,s-sh,j-q-x	1
军管会	jūn guǎn huì	31968	uan-uang,h-f,j-q-x	1
开后门	kāi hòu mén	31969	en-eng,ai-ei,ao-ou,h-f	1
康乃馨	kāng nǎi xīn	31971	in-ing,an-ang,ai-ei,n-l,j-q-x	1
泥水匠	ní shuǐ jiàng	31980	ian-iang,s-sh,n-l,j-q-x	1
气哼哼	qì hēng hēng	31985	en-eng,h-f,j-q-x	1
人工湖	rén gōng hú	31986	en-eng,h-f,r-l	1
三轮儿	sān lún er	31987	an-ang,s-sh,n-l,r-l	1
射击场	shè jī chǎng	31990	an-ang,c-ch,s-sh,j-q-x	1
十字军	shí zì jūn	31993	z-zh,s-sh,j-q-x	1
六合彩	liù hé cǎi	31995	ai-ei,c-ch,n-l,h-f,r-l	1
糖葫芦	táng hú lu	32000	an-ang,n-l,h-f,r-l	1
半文盲	bàn wén máng	32024	en-eng,an-ang	1
冲劲儿	chòng jìn er	32031	in-ing,c-ch,j-q-x	1
地球仪	dì qiú yí	32038	j-q-x	1
封锁线	fēng suǒ xiàn	32040	en-eng,ian-iang,ua-uo,s-sh,h-f,j-q-x	1
花生油	huā shēng yóu	32051	en-eng,ao-ou,ua-uo,s-sh,h-f	1
化验室	huà yàn shì	32052	an-ang,ua-uo,s-sh,h-f	1
客户端	kè hù duān	32057	uan-uang,h-f	1
大计算	dà jì suàn	32058	uan-uang,s-sh,j-q-x	1
理发师	lǐ fà shī	32069	s-sh,n-l,h-f,r-l	1
内陆河	nèi lù hé	32077	ai-ei,n-l,h-f,r-l	1
气昂昂	qì áng áng	32080	an-ang,j-q-x	1
土专家	tǔ zhuān jiā	32097	uan-uang,ia-ie,z-zh,j-q-x	1
豆腐块	dòu fǔ kuài	32098	ao-ou,h-f	1
西王母	xī wáng mǔ	32100	an-ang,j-q-x	1
预备队	yù bèi duì	32115	ai-ei	1
走极端	zǒu jí duān	32128	uan-uang,ao-ou,z-zh,j-q-x	1
白鳍豚	bái qí tún	32130	ai-ei,j-q-x	1
代用品	dài yòng pǐn	32139	in-ing,ai-ei	1
挡箭牌	dǎng jiàn pái	32141	an-ang,ian-iang,ai-ei,j-q-x	1
调研员	diào yán yuán	32143	an-ang,uan-uang	1
翻白眼	fān bái yǎn	32145	an-ang,ai-ei,h-f	1
防盗门	fáng dào mén	32148	en-eng,an-ang,ao-ou,h-f	1
放射源	fàng shè yuán	32149	an-ang,uan-uang,s-sh,h-f	1
橄榄枝	gǎn lǎn zhī	32154	an-ang,z-zh,n-l,r-l	1
贵金属	guì jīn shǔ	32159	in-ing,s-sh,j-q-x	1
教职员	jiào zhí yuán	32174	uan-uang,z-zh,j-q-x	1
明后天	míng hòu tiān	32183	in-ing,ian-iang,ao-ou,h-f	1
拍马屁	pāi mǎ pì	32184	ai-ei	1
破伤风	pò shāng fēng	32186	en-eng,an-ang,s-sh,h-f	1
热气球	rè qì qiú	32190	r-l,j-q-x	1
肉片儿	ròu piàn er	32191	ian-iang,ao-ou,r-l	1
统计表	tǒng jì biǎo	32208	j-q-x	1
小算盘	xiǎo suàn pan	32218	an-ang,uan-uang,s-sh,j-q-x	1
学分制	xué fēn zhì	32222	en-eng,z-zh,h-f,j-q-x	1
遗产税	yí chǎn shuì	32228	an-ang,c-ch,s-sh	1
巴比伦	bā bǐ lún	32243	n-l,r-l	1
白日梦	bái rì mèng	32244	en-eng,ai-ei,r-l	1
布谷鸟	bù gǔ niǎo	32252	n-l	1
超自然	chāo zì rán	32257	an-ang,ao-ou,z-zh,c-ch,r-l	1
处女地	chǔ nǚ dì	32259	c-ch,n-l	1
吹风会	chuī fēng huì	32261	en-eng,c-ch,h-f	1
打哈哈	dǎ hā ha	32262	h-f	1
风凉话	fēng liáng huà	32272	en-eng,ian-iang,ua-uo,n-l,h-f,r-l	1
观世音	guān shì yīn	32277	in-ing,uan-uang,s-sh	1
滚雪球	gǔn xuě qiú	32280	j-q-x	1
合同书	hé tong shū	32284	s-sh,h-f	1
架不住	jià bu zhù	32290	ia-ie,z-zh,j-q-x	1
看头儿	kàn tou er	32294	an-ang,ao-ou	1
连根拔	lián gēn bá	32298	en-eng,ian-iang,n-l,r-l	1
龙王庙	lóng wáng miào	32300	an-ang,n-l,r-l	1
数量级	shù liàng jí	32322	ian-iang,s-sh,n-l,r-l,j-q-x	1
无怪乎	wú guài hū	32335	h-f	1
下台阶	xià tái jiē	32339	ai-ei,ia-ie,j-q-x	1
猪头肉	zhū tóu ròu	32361	ao-ou,z-zh,r-l	1
悲喜剧	bēi xǐ jù	32366	ai-ei,j-q-x	1
北极星	běi jí xīng	32368	in-ing,ai-ei,j-q-x	1
大循环	dà xún huán	32378	uan-uang,h-f,j-q-x	1
二房东	èr fáng dōng	32382	an-ang,h-f	1
放射线	fàng shè xiàn	32385	an-ang,ian-iang,s-sh,h-f,j-q-x	1
橄榄球	gǎn lǎn qiú	32388	an-ang,n-l,r-l,j-q-x	1
军大衣	jūn dà yī	32404	j-q-x	1
老资格	lǎo zī gé	32408	ao-ou,z-zh,n-l,r-l	1
旅行袋	lǚ xíng dài	32410	in-ing,ai-ei,n-l,r-l,j-q-x	1
闷头儿	mēn tóu er	32412	en-eng,ao-ou	1
泼水节	pō shuǐ jié	32418	ia-ie,s-sh,j-q-x	1
热心肠	rè xīn cháng	32420	in-ing,an-ang,c-ch,r-l,j-q-x	1
丝织品	sī zhī pǐn	32430	in-ing,z-zh,s-sh	1
死亡线	sǐ wáng xiàn	32431	an-ang,ian-iang,s-sh,j-q-x	1
腿肚子	tuǐ dù zi	32433	z-zh	1
炸药包	zhà yào bāo	32460	ao-ou,z-zh	1
白炽灯	bái chì dēng	32467	en-eng,ai-ei,c-ch	3
笔杆子	bǐ gǎn zi	32472	an-ang,z-zh	1
擦边球	cā biān qiú	32476	ian-iang,c-ch,j-q-x	1
大路货	dà lù huò	32483	ua-uo,n-l,h-f,r-l	1
顶梁柱	dǐng liáng zhù	32486	in-ing,ian-iang,z-zh,n-l,r-l	1
副产品	fù chǎn pǐn	32492	in-ing,an-ang,c-ch,h-f	1
解说词	jiě shuō cí	32510	ia-ie,ua-uo,c-ch,s-sh,j-q-x	1
金鸡奖	jīn jī jiǎng	32511	in-ing,ian-iang,j-q-x	1
金钱豹	jīn qián bào	32512	in-ing,ian-iang,ao-ou,j-q-x	1
惊叹号	jīng tàn hào	32513	in-ing,an-ang,ao-ou,h-f,j-q-x	1
没说的	méi shuō de	32523	ai-ei,ua-uo,s-sh	1
煤核儿	méi hú er	32524	ai-ei,h-f	1
菩提树	pú tí shù	32530	s-sh	1
手掌心	shǒu zhǎng xīn	32540	in-ing,an-ang,ao-ou,z-zh,s-sh,j-q-x	1
小品文	xiǎo pǐn wén	32561	en-eng,in-ing,j-q-x	1
鞋跟儿	xié gēn er	32562	en-eng,ia-ie,j-q-x	1
飞毛腿	fēi máo tuǐ	32591	ai-ei,ao-ou,h-f	1
高才生	gāo cái shēng	32594	en-eng,ai-ei,ao-ou,c-ch,s-sh	1
监视器	jiān shì qì	32602	ian-iang,s-sh,j-q-x	1
阔叶林	kuò yè lín	32608	in-ing,ua-uo,n-l,r-l	1
理解力	lǐ jiě lì	32609	ia-ie,n-l,r-l,j-q-x	1
煤气灶	méi qì zào	32615	ai-ei,ao-ou,z-zh,j-q-x	1
睡懒觉	shuì lǎn jiào	32632	an-ang,s-sh,n-l,r-l,j-q-x	1
天晓得	tiān xiǎo de	32637	ian-iang,j-q-x	1
团体操	tuán tǐ cāo	32638	uan-uang,ao-ou,c-ch	1
下议院	xià yì yuàn	32646	uan-uang,ia-ie,j-q-x	1
小叔子	xiǎo shū zi	32649	z-zh,s-sh,j-q-x	1
心绞痛	xīn jiǎo tòng	32651	in-ing,j-q-x	1
阴谋家	yīn móu jiā	32656	in-ing,ao-ou,ia-ie,j-q-x	1
影视界	yǐng shì jiè	32659	in-ing,ia-ie,s-sh,j-q-x	1
脂肪肝	zhī fáng gān	32663	an-ang,z-zh,h-f	1
终点站	zhōng diǎn zhàn	32664	an-ang,ian-iang,z-zh	1
主动脉	zhǔ dòng mài	32665	ai-ei,z-zh	1
包片儿	bāo piàn er	32675	ian-iang,ao-ou	1
传帮带	chuán bāng dài	32684	an-ang,uan-uang,ai-ei,c-ch	1
负增长	fù zēng zhǎng	32701	en-eng,an-ang,z-zh,h-f	1
够意思	gòu yì si	32707	ao-ou,s-sh	1
后备军	hòu bèi jūn	32716	ai-ei,ao-ou,h-f,j-q-x	1
脚丫子	jiǎo yā zi	32723	z-zh,j-q-x	1
精加工	jīng jiā gōng	32726	in-ing,ia-ie,j-q-x	1
可耕地	kě gēng dì	32727	en-eng	1
甲天下	jiǎ tiān xià	32730	ian-iang,ia-ie,j-q-x	1
两下子	liǎng xià zi	32731	ian-iang,ia-ie,z-zh,n-l,r-l,j-q-x	1
门外汉	mén wài hàn	32736	en-eng,an-ang,ai-ei,h-f	1
蒙太奇	méng tài qí	32737	en-eng,ai-ei,j-q-x	1
球蛋白	qiú dàn bái	32749	an-ang,ai-ei,j-q-x	1
套近乎	tào jìn hu	32763	in-ing,ao-ou,h-f,j-q-x	1
安家费	ān jiā fèi	32773	an-ang,ai-ei,ia-ie,h-f,j-q-x	1
肖像权	xiào xiàng quán	32774	ian-iang,uan-uang,j-q-x	1
信号弹	xìn hào dàn	32776	in-ing,an-ang,ao-ou,h-f,j-q-x	1
智能型	zhì néng xíng	32790	en-eng,in-ing,z-zh,n-l,j-q-x	1
中低档	zhōng dī dàng	32791	an-ang,z-zh	1
追星族	zhuī xīng zú	32796	in-ing,z-zh,j-q-x	1
避难所	bì nàn suǒ	32803	an-ang,ua-uo,s-sh,n-l	1
博物院	bó wù yuàn	32804	uan-uang	1
残奥会	cán ào huì	32807	an-ang,ao-ou,c-ch,h-f	1
大主教	dà zhǔ jiào	32815	z-zh,j-q-x	1
风向标	fēng xiàng biāo	32827	en-eng,ian-iang,h-f,j-q-x	1
国境线	guó jìng xiàn	32833	in-ing,ian-iang,ua-uo,j-q-x	1
苦日子	kǔ rì zi	32847	z-zh,r-l	1
烂摊子	làn tān zi	32848	an-ang,z-zh,n-l,r-l	1
赔不是	péi bù shi	32862	ai-ei,s-sh	1
润滑剂	rùn huá jì	32873	ua-uo,h-f,r-l,j-q-x	1
少管所	shào guǎn suǒ	32880	uan-uang,ao-ou,ua-uo,s-sh	1
实习生	shí xí shēng	32882	en-eng,s-sh,j-q-x	1
挑担子	tiāo dàn zi	32912	an-ang,z-zh	1
白玉兰	bái yù lán	32923	an-ang,ai-ei,n-l,r-l	1
船老大	chuán lǎo dà	32936	uan-uang,ao-ou,c-ch,n-l,r-l	1
大扫除	dà sǎo chú	32940	ao-ou,c-ch,s-sh	1
滑稽戏	huá jī xì	32963	ua-uo,h-f,j-q-x	1
纪念册	jì niàn cè	32966	ian-iang,c-ch,n-l,j-q-x	1
立体声	lì tǐ shēng	32972	en-eng,s-sh,n-l,r-l	1
冒风险	mào fēng xiǎn	32975	en-eng,ian-iang,ao-ou,h-f,j-q-x	1
喷气式	pēn qì shì	32981	en-eng,s-sh,j-q-x	1
人格化	rén gé huà	32986	en-eng,ua-uo,h-f,r-l	1
闪光点	shǎn guāng diǎn	32987	an-ang,ian-iang,uan-uang,s-sh	1
水晶宫	shuǐ jīng gōng	32991	in-ing,s-sh,j-q-x	1
宿营地	sù yíng dì	32997	in-ing,s-sh	1
中间商	zhōng jiān shāng	33034	an-ang,ian-iang,z-zh,s-sh,j-q-x	1
重机枪	zhòng jī qiāng	33035	ian-iang,z-zh,j-q-x	1
装卸工	zhuāng xiè gōng	33036	uan-uang,ia-ie,z-zh,j-q-x	1
走神儿	zǒu shén er	33037	en-eng,ao-ou,z-zh,s-sh	1
做针线	zuò zhēn xian	33038	en-eng,ian-iang,ua-uo,z-zh,j-q-x	1
血常规	xuè cháng guī	33075	an-ang,c-ch,j-q-x	1
继承法	jì chéng fǎ	33077	en-eng,c-ch,h-f,j-q-x	1
见世面	jiàn shì miàn	33080	ian-iang,s-sh,j-q-x	1
军乐团	jūn yuè tuán	33082	uan-uang,j-q-x	1
开斋节	kāi zhāi jié	33084	ai-ei,ia-ie,z-zh,j-q-x	1
流线型	liú xiàn xíng	33090	in-ing,ian-iang,n-l,r-l,j-q-x	1
勤杂工	qín zá gōng	33104	in-ing,z-zh,j-q-x	1
上年纪	shàng nián ji	33109	an-ang,ian-iang,s-sh,n-l,j-q-x	1
实干家	shí gàn jiā	33112	an-ang,ia-ie,s-sh,j-q-x	1
铁道兵	tiě dào bīng	33117	in-ing,ao-ou,ia-ie	1
下中农	xià zhōng nóng	33126	ia-ie,z-zh,n-l,j-q-x	1
显像管	xiǎn xiàng guǎn	33127	ian-iang,uan-uang,j-q-x	1
一团糟	yī tuán zāo	33136	uan-uang,ao-ou,z-zh	1
饮食业	yǐn shí yè	33139	in-ing,s-sh	1
硬功夫	yìng gōng fu	33140	in-ing,h-f	1
长镜头	cháng jìng tóu	33160	in-ing,an-ang,ao-ou,c-ch,j-q-x	1
传呼机	chuán hū jī	33163	uan-uang,c-ch,h-f,j-q-x	1
豆腐干	dòu fu gān	33171	an-ang,ao-ou,h-f	1
独裁者	dú cái zhě	33172	ai-ei,z-zh,c-ch	1
翻个儿	fān gè er	33175	an-ang,h-f	1
钢丝绳	gāng sī shéng	33179	en-eng,an-ang,s-sh	1
满世界	mǎn shì jie	33183	an-ang,ia-ie,s-sh,j-q-x	1
够朋友	gòu péng you	33184	en-eng,ao-ou	1
蝴蝶结	hú dié jié	33190	ia-ie,h-f,j-q-x	1
画外音	huà wài yīn	33191	in-ing,ai-ei,ua-uo,h-f	1
急刹车	jí shā chē	33196	c-ch,s-sh,j-q-x	1
君子兰	jūn zǐ lán	33202	an-ang,z-zh,n-l,r-l,j-q-x	1
两面派	liǎng miàn pài	33206	ian-iang,ai-ei,n-l,r-l	1
亲家公	qìng jia gōng	33228	in-ing,ia-ie,j-q-x	1
说瞎话	shuō xiā huà	33242	ia-ie,ua-uo,s-sh,h-f,j-q-x	1
替罪羊	tì zuì yáng	33246	an-ang,z-zh	1
外活儿	wài huó er	33251	ai-ei,ua-uo,h-f	1
意中人	yì zhōng rén	33268	en-eng,z-zh,r-l	1
优缺点	yōu quē diǎn	33272	ian-iang,ao-ou,j-q-x	1
志愿兵	zhì yuàn bīng	33278	in-ing,uan-uang,z-zh	1
闭门羹	bì mén gēng	33286	en-eng	1
导火线	dǎo huǒ xiàn	33300	ian-iang,ao-ou,ua-uo,h-f,j-q-x	1
滴溜溜	dī liū liū	33302	n-l,r-l	1
负离子	fù lí zǐ	33312	z-zh,n-l,h-f,r-l	1
公交车	gōng jiāo chē	33316	c-ch,j-q-x	1
家长制	jiā zhǎng zhì	33331	an-ang,ia-ie,z-zh,j-q-x	1
军转民	jūn zhuǎn mín	33338	in-ing,uan-uang,z-zh,j-q-x	1
远光灯	yuǎn guāng dēng	33346	en-eng,uan-uang	1
煤气罐	méi qì guàn	33353	uan-uang,ai-ei,j-q-x	1
末班车	mò bān chē	33354	an-ang,c-ch	1
泥瓦匠	ní wǎ jiàng	33355	ian-iang,n-l,j-q-x	1
软组织	ruǎn zǔ zhī	33364	uan-uang,z-zh,r-l	1
贴现率	tiē xiàn lǜ	33371	ian-iang,ia-ie,n-l,r-l,j-q-x	1
下眼皮	xià yǎn pí	33378	an-ang,ia-ie,j-q-x	1
小夫妻	xiǎo fū qī	33380	h-f,j-q-x	1
硬碰硬	yìng pèng yìng	33387	en-eng,in-ing	1
庄户人	zhuāng hù rén	33400	en-eng,uan-uang,z-zh,h-f,r-l	1
穿衣镜	chuān yī jìng	33426	in-ing,uan-uang,c-ch,j-q-x	1
传送带	chuán sòng dài	33427	uan-uang,ai-ei,c-ch,s-sh	1
打算盘	dǎ suàn pán	33432	an-ang,uan-uang,s-sh	1
端阳节	duān yáng jié	33438	an-ang,uan-uang,ia-ie,j-q-x	1
断头台	duàn tóu tái	33439	uan-uang,ai-ei,ao-ou	1
二郎腿	èr láng tuǐ	33440	an-ang,n-l,r-l	1
好半天	hǎo bàn tiān	33452	an-ang,ian-iang,ao-ou,h-f	1
好气儿	hǎo qì er	33453	ao-ou,h-f,j-q-x	1
核反应	hé fǎn yìng	33457	in-ing,an-ang,h-f	1
幻灯片	huàn dēng piàn	33460	en-eng,ian-iang,uan-uang,h-f	1
急行军	jí xíng jūn	33465	in-ing,j-q-x	1
决心书	jué xīn shū	33480	in-ing,s-sh,j-q-x	1
乱纷纷	luàn fēn fēn	33488	en-eng,uan-uang,n-l,h-f,r-l	1
密码箱	mì mǎ xiāng	33490	ian-iang,j-q-x	1
尼姑庵	ní gū ān	33492	an-ang,n-l	1
输卵管	shū luǎn guǎn	33509	uan-uang,s-sh,n-l,r-l	1
踢踏舞	tī tà wǔ	33514		1
天鹅绒	tiān é róng	33515	ian-iang,r-l	1
调色板	tiáo sè bǎn	33516	an-ang,s-sh	1
微循环	wēi xún huán	33517	uan-uang,ai-ei,h-f,j-q-x	1
膝关节	xī guān jié	33518	uan-uang,ia-ie,j-q-x	1
阴暗面	yīn àn miàn	33530	in-ing,an-ang,ian-iang	1
字纸篓	zì zhǐ lǒu	33546	ao-ou,z-zh,n-l,r-l	1
钉子户	dīng zi hù	33567	in-ing,z-zh,h-f	1
罚没款	fá mò kuǎn	33576	uan-uang,h-f	1
肺气肿	fèi qì zhǒng	33580	ai-ei,z-zh,h-f,j-q-x	1
高帽子	gāo mào zi	33584	ao-ou,z-zh	1
观光客	guān guāng kè	33587	uan-uang	1
国有化	guó yǒu huà	33589	ao-ou,ua-uo,h-f	1
合得来	hé de lái	33591	ai-ei,n-l,h-f,r-l	1
候机楼	hòu jī lóu	33595	ao-ou,n-l,h-f,r-l,j-q-x	1
黄花菜	huáng huā cài	33597	uan-uang,ai-ei,ua-uo,c-ch,h-f	1
缉私艇	jī sī tǐng	33599	in-ing,s-sh,j-q-x	1
阑尾炎	lán wěi yán	33610	an-ang,ai-ei,n-l,r-l	3
文言文	wén yán wén	33657	en-eng,an-ang	1
眼皮子	yǎn pí zi	33672	an-ang,z-zh	1
眼前亏	yǎn qián kuī	33673	an-ang,ian-iang,j-q-x	1
掌门人	zhǎng mén rén	33688	en-eng,an-ang,z-zh,r-l	1
招贴画	zhāo tiē huà	33689	ao-ou,ia-ie,ua-uo,z-zh,h-f	1
致命伤	zhì mìng shāng	33693	in-ing,an-ang,z-zh,s-sh	1
策源地	cè yuán dì	33706	uan-uang,c-ch	1
岔道儿	chà dào er	33707	ao-ou,c-ch	1
干电池	gān diàn chí	33723	an-ang,ian-iang,c-ch	1
给面子	gěi miàn zi	33725	ian-iang,ai-ei,z-zh	1
口头语	kǒu tóu yǔ	33751	ao-ou	1
捞一把	lāo yī bǎ	33753	ao-ou,n-l,r-l	1
老古董	lǎo gǔ dǒng	33754	ao-ou,n-l,r-l	1
排水量	pái shuǐ liàng	33768	ian-iang,ai-ei,s-sh,n-l,r-l	1
说白了	shuō bái le	33781	ai-ei,ua-uo,s-sh,n-l,r-l	1
小把戏	xiǎo bǎ xì	33785	j-q-x	1
无名火	wú míng huǒ	33792	in-ing,ua-uo,h-f	1
预应力	yù yìng lì	33809	in-ing,n-l,r-l	1
远郊区	yuǎn jiāo qū	33810	uan-uang,j-q-x	1
支委会	zhī wěi huì	33812	ai-ei,z-zh,h-f	1
超水平	chāo shuǐ píng	33823	in-ing,ao-ou,c-ch,s-sh	1
出版商	chū bǎn shāng	33826	an-ang,c-ch,s-sh	1
肥胖症	féi pàng zhèng	33833	en-eng,an-ang,ai-ei,z-zh,h-f	1
狗腿子	gǒu tuǐ zi	33838	ao-ou,z-zh	1
老大妈	lǎo dà mā	33858	ao-ou,n-l,r-l	1
喷水池	pēn shuǐ chí	33866	en-eng,c-ch,s-sh	1
碰头会	pèng tóu huì	33867	en-eng,ao-ou,h-f	1
文件夹	wén jiàn jiā	33894	en-eng,ian-iang,ia-ie,j-q-x	1
文字狱	wén zì yù	33895	en-eng,z-zh	1
洗衣店	xǐ yī diàn	33898	ian-iang,j-q-x	1
斜拉桥	xié lā qiáo	33905	ia-ie,n-l,r-l,j-q-x	1
心劲儿	xīn jìn er	33906	in-ing,j-q-x	1
信息论	xìn xī lùn	33908	in-ing,n-l,r-l,j-q-x	1
选择题	xuǎn zé tí	33913	uan-uang,z-zh,j-q-x	1
指挥刀	zhǐ huī dāo	33925	ao-ou,z-zh,h-f	1
保险丝	bǎo xiǎn sī	33935	ian-iang,ao-ou,s-sh,j-q-x	1
不成器	bù chéng qì	33943	en-eng,c-ch,j-q-x	1
不过意	bù guò yì	33944	ua-uo	1
出点子	chū diǎn zi	33950	ian-iang,z-zh,c-ch	1
二流子	èr liú zi	33960	z-zh,n-l,r-l	1
分餐制	fēn cān zhì	33964	en-eng,an-ang,z-zh,c-ch,h-f	1
贺年卡	hè nián kǎ	33974	ian-iang,n-l,h-f	1
急先锋	jí xiān fēng	33984	en-eng,ian-iang,h-f,j-q-x	1
讲习班	jiǎng xí bān	33988	an-ang,ian-iang,j-q-x	1
跨院儿	kuà yuàn er	33997	uan-uang,ua-uo	1
螺旋藻	luó xuán zǎo	34006	uan-uang,ao-ou,ua-uo,z-zh,n-l,r-l,j-q-x	1
玫瑰红	méi gui hóng	34009	ai-ei,h-f	1
上下文	shàng xià wén	34030	en-eng,an-ang,ia-ie,s-sh,j-q-x	1
拓荒者	tuò huāng zhě	34047	uan-uang,ua-uo,z-zh,h-f	1
无名氏	wú míng shì	34049	in-ing,s-sh	1
贤内助	xián nèi zhù	34051	ian-iang,ai-ei,z-zh,n-l,j-q-x	1
坐月子	zuò yuè zi	34079	ua-uo,z-zh	1
舶来品	bó lái pǐn	34081	in-ing,ai-ei,n-l,r-l	1
沉住气	chén zhù qì	34084	en-eng,z-zh,c-ch,j-q-x	1
出纳员	chū nà yuán	34086	uan-uang,c-ch,n-l	1
打字员	dǎ zì yuán	34089	uan-uang,z-zh	1
待会儿	dāi huì er	34092	ai-ei,h-f	1
封闭性	fēng bì xìng	34110	en-eng,in-ing,h-f,j-q-x	1
肝功能	gān gōng néng	34112	en-eng,an-ang,n-l	1
弓弩手	gōng nǔ shǒu	34113	ao-ou,s-sh,n-l	3
观礼台	guān lǐ tái	34114	uan-uang,ai-ei,n-l,r-l	1
盒子枪	hé zi qiāng	34115	ian-iang,z-zh,h-f,j-q-x	1
呼吁书	hū yù shū	34118	s-sh,h-f	1
军功章	jūn gōng zhāng	34130	an-ang,z-zh,j-q-x	1
连贯性	lián guàn xìng	34133	in-ing,ian-iang,uan-uang,n-l,r-l,j-q-x	1
连阴天	lián yīn tiān	34134	in-ing,ian-iang,n-l,r-l	1
毛白杨	máo bái yáng	34140	an-ang,ai-ei,ao-ou	1
米袋子	mǐ dài zi	34143	ai-ei,z-zh	1
怒冲冲	nù chōng chōng	34147	c-ch,n-l	1
起征点	qǐ zhēng diǎn	34152	en-eng,ian-iang,z-zh,j-q-x	1
亲家母	qìng jia mǔ	34157	in-ing,ia-ie,j-q-x	1
三伏天	sān fú tiān	34160	an-ang,ian-iang,s-sh,h-f	1
上进心	shàng jìn xīn	34165	in-ing,an-ang,s-sh,j-q-x	1
闲工夫	xián gōng fu	34180	ian-iang,h-f,j-q-x	1
协约国	xié yuē guó	34181	ia-ie,ua-uo,j-q-x	1
写字间	xiě zì jiān	34182	ian-iang,ia-ie,z-zh,j-q-x	1
烟嘴儿	yān zuǐ er	34188	an-ang,z-zh	1
眼面前	yǎn miàn qián	34189	an-ang,ian-iang,j-q-x	1
意识流	yì shí liú	34192	s-sh,n-l,r-l	1
映山红	yìng shān hóng	34194	in-ing,an-ang,s-sh,h-f	1
运动战	yùn dòng zhàn	34198	an-ang,z-zh	1
知心话	zhī xīn huà	34203	in-ing,ua-uo,z-zh,h-f,j-q-x	1
重武器	zhòng wǔ qì	34204	z-zh,j-q-x	1
避风港	bì fēng gǎng	34213	en-eng,an-ang,h-f	1
大部头	dà bù tóu	34221	ao-ou	1
大帽子	dà mào zi	34222	ao-ou,z-zh	1
电子琴	diàn zǐ qín	34224	in-ing,ian-iang,z-zh,j-q-x	1
高跟儿	gāo gēn er	34233	en-eng,ao-ou	1
高射炮	gāo shè pào	34234	ao-ou,s-sh	1
格式化	gé shì huà	34236	ua-uo,s-sh,h-f	1
光膀子	guāng bǎng zi	34241	an-ang,uan-uang,z-zh	1
汉堡包	hàn bǎo bāo	34243	an-ang,ao-ou,h-f	1
鉴赏力	jiàn shǎng lì	34255	an-ang,ian-iang,s-sh,n-l,r-l,j-q-x	1
交学费	jiāo xué fèi	34256	ai-ei,h-f,j-q-x	1
军火库	jūn huǒ kù	34259	ua-uo,h-f,j-q-x	1
可怜虫	kě lián chóng	34261	ian-iang,c-ch,n-l,r-l	1
美食家	měi shí jiā	34271	ai-ei,ia-ie,s-sh,j-q-x	1
识时务	shí shí wù	34292	s-sh	1
太空人	tài kōng rén	34298	en-eng,ai-ei,r-l	1
特种兵	tè zhǒng bīng	34300	in-ing,z-zh	1
小家电	xiǎo jiā diàn	34312	ian-iang,ia-ie,j-q-x	1
扬声器	yáng shēng qì	34317	en-eng,an-ang,s-sh,j-q-x	1
折旧费	zhé jiù fèi	34339	ai-ei,z-zh,h-f,j-q-x	1
着重点	zhuó zhòng diǎn	34344	ian-iang,ua-uo,z-zh	1
总方针	zǒng fāng zhēn	34345	en-eng,an-ang,z-zh,h-f	1
打击乐	dǎ jī yuè	34364	j-q-x	1
底下人	dǐ xia rén	34366	en-eng,ia-ie,r-l,j-q-x	1
蜂窝煤	fēng wō méi	34379	en-eng,ai-ei,h-f	1
钢琴曲	gāng qín qǔ	34381	in-ing,an-ang,j-q-x	1
何首乌	hé shǒu wū	34383	ao-ou,s-sh,h-f	1
坏分子	huài fèn zǐ	34386	en-eng,z-zh,h-f	1
惶惶然	huáng huáng rán	34389	an-ang,uan-uang,h-f,r-l	1
颈椎病	jǐng zhuī bìng	34396	in-ing,z-zh,j-q-x	1
景泰蓝	jǐng tài lán	34397	in-ing,an-ang,ai-ei,n-l,r-l,j-q-x	1
连轴转	lián zhóu zhuàn	34402	ian-iang,uan-uang,ao-ou,z-zh,n-l,r-l	1
毛笔字	máo bǐ zì	34405	ao-ou,z-zh	1
门脸儿	mén liǎn er	34406	en-eng,ian-iang,n-l,r-l	1
弥勒佛	mí lè fó	34407	n-l,h-f,r-l	1
拿一把	ná yī bǎ	34411	n-l	1
破冰船	pò bīng chuán	34417	in-ing,uan-uang,c-ch	1
喜洋洋	xǐ yáng yáng	34442	an-ang,j-q-x	1
瞎指挥	xiā zhǐ huī	34443	ia-ie,z-zh,h-f,j-q-x	1
向钱看	xiàng qián kàn	34447	an-ang,ian-iang,j-q-x	1
叙事诗	xù shì shī	34454	s-sh,j-q-x	1
巡逻艇	xún luó tǐng	34457	in-ing,ua-uo,n-l,r-l,j-q-x	1
忧郁症	yōu yù zhèng	34462	en-eng,ao-ou,z-zh	1
载重量	zài zhòng liàng	34465	ian-iang,ai-ei,z-zh,n-l,r-l	1
制空权	zhì kōng quán	34473	uan-uang,z-zh,j-q-x	1
芭蕉扇	bā jiāo shàn	34486	an-ang,s-sh,j-q-x	1
百花奖	bǎi huā jiǎng	34487	ian-iang,ai-ei,ua-uo,h-f,j-q-x	1
抱佛脚	bào fó jiǎo	34488	ao-ou,h-f,j-q-x	1
裁判长	cái pàn cháng	34492	an-ang,ai-ei,c-ch	1
胆结石	dǎn jié shí	34506	an-ang,ia-ie,s-sh,j-q-x	1
淡水鱼	dàn shuǐ yú	34507	an-ang,s-sh	1
电影周	diàn yǐng zhōu	34510	in-ing,ian-iang,ao-ou,z-zh	1
儿童团	ér tóng tuán	34515	uan-uang	1
粉碎机	fěn suì jī	34516	en-eng,s-sh,h-f,j-q-x	1
广播剧	guǎng bō jù	34525	uan-uang,j-q-x	1
归纳法	guī nà fǎ	34526	n-l,h-f	1
急转弯	jí zhuǎn wān	34532	an-ang,uan-uang,z-zh,j-q-x	1
老姑娘	lǎo gū niang	34543	ian-iang,ao-ou,n-l,r-l	1
上半天	shàng bàn tiān	34563	an-ang,ian-iang,s-sh	1
充电宝	chōng diàn bǎo	34600	ian-iang,ao-ou,c-ch	1
子午线	zǐ wǔ xiàn	34619	ian-iang,z-zh,j-q-x	1
庇护所	bì hù suǒ	34625	ua-uo,s-sh,h-f	1
编年史	biān nián shǐ	34626	ian-iang,s-sh,n-l	1
不信邪	bù xìn xié	34627	in-ing,ia-ie,j-q-x	1
擦黑儿	cā hēi er	34628	ai-ei,c-ch,h-f	1
长明灯	cháng míng dēng	34629	en-eng,in-ing,an-ang,c-ch	1
高架桥	gāo jià qiáo	34660	ao-ou,ia-ie,j-q-x	1
根本法	gēn běn fǎ	34662	en-eng,h-f	1
合不来	hé bu lái	34665	ai-ei,n-l,h-f,r-l	1
后视镜	hòu shì jìng	34669	in-ing,ao-ou,s-sh,h-f,j-q-x	1
环形山	huán xíng shān	34671	in-ing,an-ang,uan-uang,s-sh,h-f,j-q-x	1
留把柄	liú bǎ bǐng	34679	in-ing,n-l,r-l	1
客套话	kè tào huà	34682	ao-ou,ua-uo,h-f	1
旅游车	lǚ yóu chē	34691	ao-ou,c-ch,n-l,r-l	1
没商量	méi shāng liang	34693	an-ang,ian-iang,ai-ei,s-sh,n-l,r-l	1
生闷气	shēng mèn qì	34713	en-eng,s-sh,j-q-x	1
乌龙茶	wū lóng chá	34729	c-ch,n-l,r-l	1
歇后语	xiē hòu yǔ	34733	ao-ou,ia-ie,h-f,j-q-x	1
驻在国	zhù zài guó	34757	ai-ei,ua-uo,z-zh	1
做礼拜	zuò lǐ bài	34759	ai-ei,ua-uo,z-zh,n-l,r-l	1
白话诗	bái huà shī	34761	ai-ei,ua-uo,s-sh,h-f	1
不足取	bù zú qǔ	34768	z-zh,j-q-x	1
长臂猿	cháng bì yuán	34771	an-ang,uan-uang,c-ch	1
打头阵	dǎ tóu zhèn	34777	en-eng,ao-ou,z-zh	1
大烟鬼	dà yān guǐ	34778	an-ang	1
东正教	dōng zhèng jiào	34785	en-eng,z-zh,j-q-x	1
独角戏	dú jiǎo xì	34786	j-q-x	1
荷包蛋	hé bāo dàn	34801	an-ang,ao-ou,h-f	1
回头客	huí tóu kè	34807	ao-ou,h-f	1
寄宿生	jì sù shēng	34811	en-eng,s-sh,j-q-x	1
简化字	jiǎn huà zì	34813	ian-iang,ua-uo,z-zh,h-f,j-q-x	1
引水渠	yǐn shuǐ qú	34819	in-ing,s-sh,j-q-x	1
老好人	lǎo hǎo rén	34820	en-eng,ao-ou,n-l,h-f,r-l	1
链球菌	liàn qiú jūn	34824	ian-iang,n-l,r-l,j-q-x	1
毛巾被	máo jīn bèi	34831	in-ing,ai-ei,ao-ou,j-q-x	1
没事人	méi shì rén	34832	en-eng,ai-ei,s-sh,r-l	1
门面房	mén mian fáng	34833	en-eng,an-ang,ian-iang,h-f	1
闹脾气	nào pí qi	34838	ao-ou,n-l,j-q-x	1
钱眼儿	qián yǎn er	34848	an-ang,ian-iang,j-q-x	1
亲骨肉	qīn gǔ ròu	34849	in-ing,ao-ou,r-l,j-q-x	1
时间性	shí jiān xìng	34857	in-ing,ian-iang,s-sh,j-q-x	1
手抄本	shǒu chāo běn	34859	en-eng,ao-ou,c-ch,s-sh	1
橡皮筋	xiàng pí jīn	34873	in-ing,ian-iang,j-q-x	1
行李箱	xíng li xiāng	34876	in-ing,ian-iang,n-l,r-l,j-q-x	1
眼镜蛇	yǎn jìng shé	34880	in-ing,an-ang,s-sh,j-q-x	1
羊绒衫	yáng róng shān	34881	an-ang,s-sh,r-l	1
中专生	zhōng zhuān shēng	34900	en-eng,uan-uang,z-zh,s-sh	1
住院部	zhù yuàn bù	34902	uan-uang,z-zh	1
不下于	bù xià yú	34909	ia-ie,j-q-x	1
打白条	dǎ bái tiáo	34914	ai-ei	1
烽火台	fēng huǒ tái	34929	en-eng,ai-ei,ua-uo,h-f	3
古装戏	gǔ zhuāng xì	34936	uan-uang,z-zh,j-q-x	1
活受罪	huó shòu zuì	34949	ao-ou,ua-uo,z-zh,s-sh,h-f	1
咖啡因	kā fēi yīn	34957	in-ing,ai-ei,h-f	1
爬山虎	pá shān hǔ	34980	an-ang,s-sh,h-f	1
气象站	qì xiàng zhàn	34986	an-ang,ian-iang,z-zh,j-q-x	1
器质性	qì zhì xìng	34988	in-ing,z-zh,j-q-x	1
敲门砖	qiāo mén zhuān	34991	en-eng,uan-uang,z-zh,j-q-x	1
山药蛋	shān yao dàn	35000	an-ang,ao-ou,s-sh	1
水果刀	shuǐ guǒ dāo	35004	ao-ou,ua-uo,s-sh	1
五角星	wǔ jiǎo xīng	35010	in-ing,j-q-x	1
心理战	xīn lǐ zhàn	35016	in-ing,an-ang,z-zh,n-l,r-l,j-q-x	1
这么样	zhè me yàng	35034	an-ang,z-zh	1
自鸣钟	zì míng zhōng	35040	in-ing,z-zh	1
板蓝根	bǎn lán gēn	35050	en-eng,an-ang,n-l,r-l	1
北极圈	běi jí quān	35052	uan-uang,ai-ei,j-q-x	1
长颈鹿	cháng jǐng lù	35058	in-ing,an-ang,c-ch,n-l,r-l,j-q-x	1
超高速	chāo gāo sù	35059	ao-ou,c-ch,s-sh	1
大行星	dà xíng xīng	35064	in-ing,j-q-x	1
地头蛇	dì tóu shé	35067	ao-ou,s-sh	1
第一性	dì yī xìng	35068	in-ing,j-q-x	1
电离层	diàn lí céng	35069	en-eng,ian-iang,c-ch,n-l,r-l	1
骨碌碌	gū lū lū	35082	n-l,r-l	1
挂不住	guà bu zhù	35084	ua-uo,z-zh	1
后来人	hòu lái rén	35092	en-eng,ai-ei,ao-ou,n-l,h-f,r-l	1
记事本	jì shì běn	35098	en-eng,s-sh,j-q-x	1
夹克衫	jiā kè shān	35099	an-ang,ia-ie,s-sh,j-q-x	1
教练机	jiào liàn jī	35107	ian-iang,n-l,r-l,j-q-x	1
抛物线	pāo wù xiàn	35129	ian-iang,ao-ou,j-q-x	1
平板车	píng bǎn chē	35131	in-ing,an-ang,c-ch	1
狮子头	shī zi tóu	35146	ao-ou,z-zh,s-sh	1
书卷气	shū juàn qì	35149	uan-uang,s-sh,j-q-x	1
晚自习	wǎn zì xí	35162	an-ang,z-zh,j-q-x	1
小夜曲	xiǎo yè qǔ	35167	j-q-x	1
寻短见	xún duǎn jiàn	35171	ian-iang,uan-uang,j-q-x	1
鸭舌帽	yā shé mào	35172	ao-ou,s-sh	1
一锅粥	yī guō zhōu	35178	ao-ou,ua-uo,z-zh	1
壮劳力	zhuàng láo lì	35197	uan-uang,ao-ou,z-zh,n-l,r-l	1
爆冷门	bào lěng mén	35208	en-eng,ao-ou,n-l,r-l	1
鼻烟壶	bí yān hú	35209	an-ang,h-f	1
不好惹	bù hǎo rě	35212	ao-ou,h-f,r-l	1
吃闲饭	chī xián fàn	35216	an-ang,ian-iang,c-ch,h-f,j-q-x	1
闯世界	chuǎng shì jiè	35220	uan-uang,ia-ie,c-ch,s-sh,j-q-x	1
滴滴涕	dī dī tì	35223		1
的确良	dí què liáng	35224	ian-iang,n-l,r-l,j-q-x	1
光荣榜	guāng róng bǎng	35239	an-ang,uan-uang,r-l	1
黑油油	hēi yóu yóu	35242	ai-ei,ao-ou,h-f	1
活雷锋	huó léi fēng	35247	en-eng,ai-ei,ua-uo,n-l,h-f,r-l	1
鉴定书	jiàn dìng shū	35251	in-ing,ian-iang,s-sh,j-q-x	1
交接班	jiāo jiē bān	35252	an-ang,ia-ie,j-q-x	1
胶合板	jiāo hé bǎn	35254	an-ang,h-f,j-q-x	1
哭鼻子	kū bí zi	35257	z-zh	1
快速路	kuài sù lù	35258	s-sh,n-l,r-l	1
乐滋滋	lè zī zī	35261	z-zh,n-l,r-l	1
离心机	lí xīn jī	35262	in-ing,n-l,r-l,j-q-x	1
买卖人	mǎi mai rén	35270	en-eng,ai-ei,r-l	1
迷彩服	mí cǎi fú	35276	ai-ei,c-ch,h-f	1
刨根儿	páo gēn er	35280	en-eng,ao-ou	1
气不过	qì bù guò	35283	ua-uo,j-q-x	1
气头上	qì tóu shàng	35285	an-ang,ao-ou,s-sh,j-q-x	1
抢时间	qiǎng shí jiān	35289	ian-iang,s-sh,j-q-x	1
双眼皮	shuāng yǎn pí	35302	an-ang,uan-uang,s-sh	1
馊主意	sōu zhǔ yi	35306	ao-ou,z-zh,s-sh	3
推进器	tuī jìn qì	35312	in-ing,j-q-x	1
吸尘器	xī chén qì	35320	en-eng,c-ch,j-q-x	1
下半天	xià bàn tiān	35322	an-ang,ian-iang,ia-ie,j-q-x	1
小拇指	xiǎo mǔ zhǐ	35325	z-zh,j-q-x	1
小日子	xiǎo rì zi	35326	z-zh,r-l,j-q-x	1
艺术片	yì shù piàn	35338	ian-iang,s-sh	1
预付款	yù fù kuǎn	35343	uan-uang,h-f	1
遭遇战	zāo yù zhàn	35347	an-ang,ao-ou,z-zh	1
灶王爷	zào wáng yé	35348	an-ang,ao-ou,z-zh	1
志愿书	zhì yuàn shū	35353	uan-uang,z-zh,s-sh	1
储藏室	chǔ cáng shì	35366	an-ang,c-ch,s-sh	1
打呼噜	dǎ hū lu	35370	n-l,h-f,r-l	3
大排档	dà pái dàng	35372	an-ang,ai-ei	1
戴高帽	dài gāo mào	35374	ai-ei,ao-ou	1
稻草人	dào cǎo rén	35377	en-eng,ao-ou,c-ch,r-l	1
翻身仗	fān shēn zhàng	35381	en-eng,an-ang,z-zh,s-sh,h-f	1
胳肢窝	gā zhi wō	35385	z-zh	1
橄榄油	gǎn lǎn yóu	35387	an-ang,ao-ou,n-l,r-l	1
高血脂	gāo xuè zhī	35389	ao-ou,z-zh,j-q-x	1
高压锅	gāo yā guō	35390	ao-ou,ua-uo	1
还乡团	hái xiāng tuán	35397	ian-iang,uan-uang,ai-ei,h-f,j-q-x	1
经纬度	jīng wěi dù	35408	in-ing,ai-ei,j-q-x	1
离心力	lí xīn lì	35413	in-ing,n-l,r-l,j-q-x	1
泥腿子	ní tuǐ zi	35428	z-zh,n-l	1
启示录	qǐ shì lù	35437	s-sh,n-l,r-l,j-q-x	1
孺子牛	rú zǐ niú	35442	z-zh,n-l,r-l	3
圣诞树	shèng dàn shù	35448	en-eng,an-ang,s-sh	1
土地爷	tǔ di yé	35460		1
斜刺里	xié cì lǐ	35474	ia-ie,c-ch,n-l,r-l,j-q-x	1
绣花鞋	xiù huā xié	35476	ia-ie,ua-uo,h-f,j-q-x	1
迎春花	yíng chūn huā	35487	in-ing,ua-uo,c-ch,h-f	1
遮阳伞	zhē yáng sǎn	35496	an-ang,z-zh,s-sh	1
致病菌	zhì bìng jūn	35499	in-ing,z-zh,j-q-x	1
包装纸	bāo zhuāng zhǐ	35514	uan-uang,ao-ou,z-zh	1
北极熊	běi jí xióng	35517	ai-ei,j-q-x	1
粗线条	cū xiàn tiáo	35534	ian-iang,c-ch,j-q-x	1
大老粗	dà lǎo cū	35539	ao-ou,c-ch,n-l,r-l	1
发射台	fā shè tái	35546	ai-ei,s-sh,h-f	1
反光镜	fǎn guāng jìng	35547	in-ing,an-ang,uan-uang,h-f,j-q-x	1
犯嘀咕	fàn dí gu	35548	an-ang,h-f	1
古汉语	gǔ hàn yǔ	35558	an-ang,h-f	1
穷开心	qióng kāi xīn	35565	in-ing,ai-ei,j-q-x	1
普天下	pǔ tiān xià	35604	ian-iang,ia-ie,j-q-x	1
轻武器	qīng wǔ qì	35607	in-ing,j-q-x	1
清教徒	qīng jiào tú	35608	in-ing,j-q-x	1
首日封	shǒu rì fēng	35626	en-eng,ao-ou,s-sh,h-f,r-l	1
输油管	shū yóu guǎn	35627	uan-uang,ao-ou,s-sh	1
探亲假	tàn qīn jià	35632	in-ing,an-ang,ia-ie,j-q-x	1
下半截	xià bàn jié	35641	an-ang,ia-ie,j-q-x	1
小水电	xiǎo shuǐ diàn	35647	ian-iang,s-sh,j-q-x	1
阵地战	zhèn dì zhàn	35666	en-eng,an-ang,z-zh	1
支气管	zhī qì guǎn	35669	uan-uang,z-zh,j-q-x	1
重活儿	zhòng huó er	35671	ua-uo,z-zh,h-f	1
抓典型	zhuā diǎn xíng	35673	in-ing,ian-iang,ua-uo,z-zh,j-q-x	1
参谋部	cān móu bù	35686	an-ang,ao-ou,c-ch	1
参照物	cān zhào wù	35687	an-ang,ao-ou,z-zh,c-ch	1
吃官司	chī guān si	35689	uan-uang,c-ch,s-sh	1
大方向	dà fāng xiàng	35693	an-ang,ian-iang,h-f,j-q-x	1
大轿车	dà jiào chē	35694	c-ch,j-q-x	1
电话局	diàn huà jú	35698	ian-iang,ua-uo,h-f,j-q-x	1
电信号	diàn xìn hào	35699	in-ing,ian-iang,ao-ou,h-f,j-q-x	1
毒气弹	dú qì dàn	35703	an-ang,j-q-x	1
短平快	duǎn píng kuài	35705	in-ing,uan-uang	1
二重性	èr chóng xìng	35708	in-ing,c-ch,j-q-x	1
风俗画	fēng sú huà	35712	en-eng,ua-uo,s-sh,h-f	1
够不着	gòu bu zháo	35720	ao-ou,z-zh	1
黑木耳	hēi mù ěr	35724	ai-ei,h-f	1
糊涂虫	hú tu chóng	35726	c-ch,h-f	1
集体舞	jí tǐ wǔ	35731	j-q-x	1
临界点	lín jiè diǎn	35743	in-ing,ian-iang,ia-ie,n-l,r-l,j-q-x	1
美容师	měi róng shī	35746	ai-ei,s-sh,r-l	1
三不管	sān bù guǎn	35766	an-ang,uan-uang,s-sh	1
煞风景	shā fēng jǐng	35768	en-eng,in-ing,s-sh,h-f,j-q-x	1
涮羊肉	shuàn yáng ròu	35774	an-ang,uan-uang,ao-ou,s-sh,r-l	1
私生子	sī shēng zǐ	35777	en-eng,z-zh,s-sh	1
酥油茶	sū yóu chá	35778	ao-ou,c-ch,s-sh	1
探测仪	tàn cè yí	35782	an-ang,c-ch	1
盐碱滩	yán jiǎn tān	35797	an-ang,ian-iang,j-q-x	1
议会制	yì huì zhì	35801	z-zh,h-f	1
月亮门	yuè liang mén	35815	en-eng,ian-iang,n-l,r-l	1
逐客令	zhú kè lìng	35823	in-ing,z-zh,n-l,r-l	1
祖师爷	zǔ shī yé	35829	z-zh,s-sh	1
超一流	chāo yī liú	35847	ao-ou,c-ch,n-l,r-l	1
打哈欠	dǎ hā qian	35856	ian-iang,h-f,j-q-x	1
调度员	diào dù yuán	35862	uan-uang	1
发大水	fā dà shuǐ	35863	s-sh,h-f	1
放大器	fàng dà qì	35864	an-ang,h-f,j-q-x	1
花鼓戏	huā gǔ xì	35881	ua-uo,h-f,j-q-x	1
假想敌	jiǎ xiǎng dí	35884	ian-iang,ia-ie,j-q-x	1
紧巴巴	jǐn bā bā	35888	in-ing,j-q-x	1
老糊涂	lǎo hú tu	35897	ao-ou,n-l,h-f,r-l	1
连阴雨	lián yīn yǔ	35899	in-ing,ian-iang,n-l,r-l	1
绿宝石	lǜ bǎo shí	35901	ao-ou,s-sh,n-l,r-l	1
美人计	měi rén jì	35904	en-eng,ai-ei,r-l,j-q-x	1
迷魂阵	mí hún zhèn	35905	en-eng,z-zh,h-f	1
气鼓鼓	qì gǔ gǔ	35914	j-q-x	1
强硬派	qiáng yìng pài	35918	in-ing,ian-iang,ai-ei,j-q-x	1
生长素	shēng zhǎng sù	35923	en-eng,an-ang,z-zh,s-sh	1
师兄弟	shī xiōng dì	35927	s-sh,j-q-x	1
石英钟	shí yīng zhōng	35929	in-ing,z-zh,s-sh	1
收摊儿	shōu tān er	35930	an-ang,ao-ou,s-sh	1
书生气	shū shēng qì	35934	en-eng,s-sh,j-q-x	1
剃须刀	tì xū dāo	35938	ao-ou,j-q-x	1
五一节	wǔ yī jié	35947	ia-ie,j-q-x	1
眼睫毛	yǎn jié máo	35963	an-ang,ao-ou,ia-ie,j-q-x	1
一览表	yī lǎn biǎo	35966	an-ang,n-l,r-l	1
照明弹	zhào míng dàn	35979	in-ing,an-ang,ao-ou,z-zh	1
政论家	zhèng lùn jiā	35982	en-eng,ia-ie,z-zh,n-l,r-l,j-q-x	1
指示灯	zhǐ shì dēng	35983	en-eng,z-zh,s-sh	1
安乐窝	ān lè wō	35992	an-ang,n-l,r-l	1
堰塞湖	yàn sè hú	35997	an-ang,s-sh,h-f	1
次大陆	cì dà lù	36014	c-ch,n-l,r-l	1
大白话	dà bái huà	36016	ai-ei,ua-uo,h-f	1
大忙人	dà máng rén	36018	en-eng,an-ang,r-l	1
发烧友	fā shāo yǒu	36024	ao-ou,s-sh,h-f	1
航标灯	háng biāo dēng	36041	en-eng,an-ang,h-f	1
航空港	háng kōng gǎng	36042	an-ang,h-f	1
悔不该	huǐ bù gāi	36049	ai-ei,h-f	1
健身器	jiàn shēn qì	36052	en-eng,ian-iang,s-sh,j-q-x	1
搅拌机	jiǎo bàn jī	36053	an-ang,j-q-x	1
老掉牙	lǎo diào yá	36062	ao-ou,n-l,r-l	1
礼拜堂	lǐ bài táng	36064	an-ang,ai-ei,n-l,r-l	1
留守处	liú shǒu chǔ	36066	ao-ou,c-ch,s-sh,n-l,r-l	1
气垫船	qì diàn chuán	36080	ian-iang,uan-uang,c-ch,j-q-x	1
手提箱	shǒu tí xiāng	36099	ian-iang,ao-ou,s-sh,j-q-x	1
县级市	xiàn jí shì	36117	ian-iang,s-sh,j-q-x	1
校友会	xiào yǒu huì	36121	ao-ou,h-f,j-q-x	1
扬子鳄	yáng zǐ è	36124	an-ang,z-zh	1
荧光灯	yíng guāng dēng	36132	en-eng,in-ing,uan-uang	1
雨花石	yǔ huā shí	36136	ua-uo,s-sh,h-f	1
准考证	zhǔn kǎo zhèng	36149	en-eng,ao-ou,z-zh	1
百分制	bǎi fēn zhì	36155	en-eng,ai-ei,z-zh,h-f	1
传声筒	chuán shēng tǒng	36166	en-eng,uan-uang,c-ch,s-sh	1
单眼皮	dān yǎn pí	36169	an-ang	1
感恩节	gǎn ēn jié	36179	en-eng,an-ang,ia-ie,j-q-x	1
刮胡子	guā hú zi	36183	ua-uo,z-zh,h-f	1
黑手党	hēi shǒu dǎng	36188	an-ang,ai-ei,ao-ou,s-sh,h-f	1
计程车	jì chéng chē	36193	en-eng,c-ch,j-q-x	1
酵母菌	jiào mǔ jūn	36199	j-q-x	1
开阔地	kāi kuò dì	36202	ai-ei,ua-uo	1
摸黑儿	mō hēi er	36219	ai-ei,h-f	1
那么着	nà me zhe	36221	z-zh,n-l	1
皮影戏	pí yǐng xì	36228	in-ing,j-q-x	1
瞧得起	qiáo de qǐ	36232	j-q-x	1
轻量级	qīng liàng jí	36235	in-ing,ian-iang,n-l,r-l,j-q-x	1
三班倒	sān bān dǎo	36240	an-ang,ao-ou,s-sh	1
钉书机	dìng shū jī	36248	in-ing,s-sh,j-q-x	1
同案犯	tóng àn fàn	36255	an-ang,h-f	1
退堂鼓	tuì táng gǔ	36259	an-ang	1
下狠心	xià hěn xīn	36264	en-eng,in-ing,ia-ie,h-f,j-q-x	1
下脚料	xià jiǎo liào	36265	ia-ie,n-l,r-l,j-q-x	1
想得开	xiǎng de kāi	36269	ian-iang,ai-ei,j-q-x	1
消火栓	xiāo huǒ shuān	36270	uan-uang,ua-uo,s-sh,h-f,j-q-x	1
性解放	xìng jiě fàng	36276	in-ing,an-ang,ia-ie,h-f,j-q-x	1
压轴戏	yā zhòu xì	36278	ao-ou,z-zh,j-q-x	1
烟袋锅	yān dài guō	36279	an-ang,ai-ei,ua-uo	1
预防针	yù fáng zhēn	36288	en-eng,an-ang,z-zh,h-f	1
打下手	dǎ xià shǒu	36328	ao-ou,ia-ie,s-sh,j-q-x	1
大后天	dà hòu tiān	36329	ian-iang,ao-ou,h-f	1
稻瘟病	dào wēn bìng	36333	en-eng,in-ing,ao-ou	1
电火花	diàn huǒ huā	36335	ian-iang,ua-uo,h-f	1
对着干	duì zhe gàn	36337	an-ang,z-zh	1
管风琴	guǎn fēng qín	36349	en-eng,in-ing,uan-uang,h-f,j-q-x	1
海王星	hǎi wáng xīng	36353	in-ing,an-ang,ai-ei,h-f,j-q-x	1
贺年片	hè nián piàn	36355	ian-iang,n-l,h-f	1
黑黢黢	hēi qū qū	36357	ai-ei,h-f,j-q-x	3
话语权	huà yǔ quán	36360	uan-uang,ua-uo,h-f,j-q-x	1
激进派	jī jìn pài	36365	in-ing,ai-ei,j-q-x	1
价目表	jià mù biǎo	36367	ia-ie,j-q-x	1
交通量	jiāo tōng liàng	36370	ian-iang,n-l,r-l,j-q-x	1
脚脖子	jiǎo bó zi	36372	z-zh,j-q-x	1
金銮殿	jīn luán diàn	36375	in-ing,ian-iang,uan-uang,n-l,r-l,j-q-x	3
精确性	jīng què xìng	36377	in-ing,j-q-x	1
卷心菜	juǎn xīn cài	36378	in-ing,uan-uang,ai-ei,c-ch,j-q-x	1
氯霉素	lǜ méi sù	36389	ai-ei,s-sh,n-l,r-l	1
母亲节	mǔ qīn jié	36394	in-ing,ia-ie,j-q-x	1
那么样	nà me yàng	36395	an-ang,n-l	1
闹情绪	nào qíng xù	36396	in-ing,ao-ou,n-l,j-q-x	1
农业国	nóng yè guó	36398	ua-uo,n-l	1
暖水瓶	nuǎn shuǐ píng	36399	in-ing,uan-uang,s-sh,n-l	1
水平面	shuǐ píng miàn	36426	in-ing,ian-iang,s-sh	1
水循环	shuǐ xún huán	36427	uan-uang,s-sh,h-f,j-q-x	1
四重奏	sì chóng zòu	36429	ao-ou,z-zh,c-ch,s-sh	1
算盘珠	suàn pán zhū	36432	an-ang,uan-uang,z-zh,s-sh	1
同乡会	tóng xiāng huì	36435	ian-iang,h-f,j-q-x	1
赶热闹	gǎn rè nao	36447	an-ang,ao-ou,n-l,r-l	1
玉兰花	yù lán huā	36472	an-ang,ua-uo,n-l,h-f,r-l	1
主观性	zhǔ guān xìng	36479	in-ing,uan-uang,z-zh,j-q-x	1
走形式	zǒu xíng shì	36484	in-ing,ao-ou,z-zh,s-sh,j-q-x	1
安乐死	ān lè sǐ	36485	an-ang,s-sh,n-l,r-l	1
白种人	bái zhǒng rén	36488	en-eng,ai-ei,z-zh,r-l	1
百叶窗	bǎi yè chuāng	36489	uan-uang,ai-ei,c-ch	1
差不离	chà bu lí	36500	c-ch,n-l,r-l	1
臭烘烘	chòu hōng hōng	36502	ao-ou,c-ch,h-f	1
当家的	dāng jiā de	36505	an-ang,ia-ie,j-q-x	1
电报局	diàn bào jú	36508	ian-iang,ao-ou,j-q-x	1
高效能	gāo xiào néng	36527	en-eng,ao-ou,n-l,j-q-x	1
计价器	jì jià qì	36536	ia-ie,j-q-x	1
金不换	jīn bu huàn	36540	in-ing,uan-uang,h-f,j-q-x	1
流行色	liú xíng sè	36552	in-ing,s-sh,n-l,r-l,j-q-x	1
马车夫	mǎ chē fū	36553	c-ch,h-f	1
柠檬酸	níng méng suān	36559	en-eng,in-ing,uan-uang,s-sh,n-l	1
陪审团	péi shěn tuán	36565	en-eng,uan-uang,ai-ei,s-sh	1
皮包骨	pí bāo gǔ	36566	ao-ou	1
平面图	píng miàn tú	36568	in-ing,ian-iang	1
死对头	sǐ duì tou	36590	ao-ou,s-sh	1
宿命论	sù mìng lùn	36591	in-ing,s-sh,n-l,r-l	1
条形码	tiáo xíng mǎ	36594	in-ing,j-q-x	1
移动靶	yí dòng bǎ	36610		1
油嘴儿	yóu zuǐ er	36615	ao-ou,z-zh	1
预言家	yù yán jiā	36618	an-ang,ia-ie,j-q-x	1
圆滚滚	yuán gǔn gǔn	36619	uan-uang	1
自由港	zì yóu gǎng	36634	an-ang,ao-ou,z-zh	1
安琪儿	ān qí ér	36637	an-ang,j-q-x	3
超低空	chāo dī kōng	36645	ao-ou,c-ch	1
纪念牌	jì niàn pái	36650	ian-iang,ai-ei,n-l,j-q-x	1
粗加工	cū jiā gōng	36655	ia-ie,c-ch,j-q-x	1
打摆子	dǎ bǎi zi	36658	ai-ei,z-zh	1
打鸣儿	dǎ míng er	36659	in-ing	1
倒胃口	dǎo wèi kou	36661	ai-ei,ao-ou	1
红果儿	hóng guǒ er	36683	ua-uo,h-f	1
回马枪	huí mǎ qiāng	36688	ian-iang,h-f,j-q-x	1
家常菜	jiā cháng cài	36694	an-ang,ai-ei,ia-ie,c-ch,j-q-x	1
阶下囚	jiē xià qiú	36700	ia-ie,j-q-x	1
接收器	jiē shōu qì	36701	ao-ou,ia-ie,s-sh,j-q-x	1
靠背椅	kào bèi yǐ	36708	ai-ei,ao-ou	1
脑电波	nǎo diàn bō	36724	ian-iang,ao-ou,n-l	1
皮筋儿	pí jīn er	36728	in-ing,j-q-x	1
葡萄干	pú tao gān	36730	an-ang,ao-ou	1
室内乐	shì nèi yuè	36755	ai-ei,s-sh,n-l	1
手腕子	shǒu wàn zi	36757	an-ang,ao-ou,z-zh,s-sh	1
讨生活	tǎo shēng huó	36768	en-eng,ao-ou,ua-uo,s-sh,h-f	1
向上爬	xiàng shàng pá	36787	an-ang,ian-iang,s-sh,j-q-x	1
小姑子	xiǎo gū zi	36788	z-zh,j-q-x	1
行军床	xíng jūn chuáng	36789	in-ing,uan-uang,c-ch,j-q-x	1
氧气瓶	yǎng qì píng	36794	in-ing,an-ang,j-q-x	1
鱼肝油	yú gān yóu	36801	an-ang,ao-ou	1
鱼水情	yú shuǐ qíng	36802	in-ing,s-sh,j-q-x	1
赞美诗	zàn měi shī	36806	an-ang,ai-ei,z-zh,s-sh	1
智多星	zhì duō xīng	36814	in-ing,ua-uo,z-zh,j-q-x	1
紫丁香	zǐ dīng xiāng	36817	in-ing,ian-iang,z-zh,j-q-x	1
包装箱	bāo zhuāng xiāng	36819	ian-iang,uan-uang,ao-ou,z-zh,j-q-x	1
存活率	cún huó lǜ	36837	ua-uo,c-ch,n-l,h-f,r-l	1
多面手	duō miàn shǒu	36845	ian-iang,ao-ou,ua-uo,s-sh	1
发射塔	fā shè tǎ	36847	s-sh,h-f	1
擀面杖	gǎn miàn zhàng	36858	an-ang,ian-iang,z-zh	3
姑老爷	gū lǎo ye	36862	ao-ou,n-l,r-l	1
瓜皮帽	guā pí mào	36864	ao-ou,ua-uo	1
呱呱叫	guā guā jiào	36865	ua-uo,j-q-x	3
管家婆	guǎn jiā pó	36866	uan-uang,ia-ie,j-q-x	1
过劲儿	guò jìn er	36868	in-ing,ua-uo,j-q-x	1
划不来	huá bu lái	36875	ai-ei,ua-uo,n-l,h-f,r-l	1
回音壁	huí yīn bì	36879	in-ing,h-f	1
机械师	jī xiè shī	36880	ia-ie,s-sh,j-q-x	1
居留证	jū liú zhèng	36886	en-eng,z-zh,n-l,r-l,j-q-x	1
老寿星	lǎo shòu xing	36892	in-ing,ao-ou,s-sh,n-l,r-l,j-q-x	1
理发馆	lǐ fà guǎn	36893	uan-uang,n-l,h-f,r-l	1
罗非鱼	luó fēi yú	36898	ai-ei,ua-uo,n-l,h-f,r-l	1
马蜂窝	mǎ fēng wō	36899	en-eng,h-f	1
母老虎	mǔ lǎo hǔ	36904	ao-ou,n-l,h-f,r-l	1
青光眼	qīng guāng yǎn	36922	in-ing,an-ang,uan-uang,j-q-x	1
绕圈子	rào quān zi	36928	uan-uang,ao-ou,z-zh,r-l,j-q-x	1
收银员	shōu yín yuán	36936	in-ing,uan-uang,ao-ou,s-sh	1
寿山石	shòu shān shí	36938	an-ang,ao-ou,s-sh	1
水蜜桃	shuǐ mì táo	36941	ao-ou,s-sh	1
孙媳妇	sūn xí fu	36943	s-sh,h-f,j-q-x	1
体温计	tǐ wēn jì	36947	en-eng,j-q-x	1
玉蜀黍	yù shǔ shǔ	36984	s-sh	3
直流电	zhí liú diàn	36995	ian-iang,z-zh,n-l,r-l	1
保育员	bǎo yù yuán	37010	uan-uang,ao-ou	1
背靠背	bèi kào bèi	37013	ai-ei,ao-ou	1
藏书票	cáng shū piào	37019	an-ang,c-ch,s-sh	1
电路板	diàn lù bǎn	37032	an-ang,ian-iang,n-l,r-l	1
挂号信	guà hào xìn	37052	in-ing,ao-ou,ua-uo,h-f,j-q-x	1
广播操	guǎng bō cāo	37053	uan-uang,ao-ou,c-ch	1
红缨枪	hóng yīng qiāng	37056	in-ing,ian-iang,h-f,j-q-x	3
纪念物	jì niàn wù	37064	ian-iang,n-l,j-q-x	1
假小子	jiǎ xiǎo zi	37067	ia-ie,z-zh,j-q-x	1
交白卷	jiāo bái juàn	37070	uan-uang,ai-ei,j-q-x	1
紧绷绷	jǐn bēng bēng	37074	en-eng,in-ing,j-q-x	1
老实人	lǎo shí rén	37082	en-eng,ao-ou,s-sh,n-l,r-l	1
履历表	lǚ lì biǎo	37084	n-l,r-l	1
珞巴族	luò bā zú	37085	ua-uo,z-zh,n-l,r-l	3
冥王星	míng wáng xīng	37090	in-ing,an-ang,j-q-x	1
铺摊子	pū tān zi	37096	an-ang,z-zh	1
双职工	shuāng zhí gōng	37115	uan-uang,z-zh,s-sh	1
特长生	tè cháng shēng	37123	en-eng,an-ang,c-ch,s-sh	1
天王星	tiān wáng xīng	37126	in-ing,an-ang,ian-iang,j-q-x	1
外来语	wài lái yǔ	37132	ai-ei,n-l,r-l	1
伪政权	wěi zhèng quán	37136	en-eng,uan-uang,ai-ei,z-zh,j-q-x	1
喜剧片	xǐ jù piàn	37142	ian-iang,j-q-x	1
小数点	xiǎo shù diǎn	37148	ian-iang,s-sh,j-q-x	1
行道树	xíng dào shù	37150	in-ing,ao-ou,s-sh,j-q-x	1
养路工	yǎng lù gōng	37161	an-ang,n-l,r-l	1
照明灯	zhào míng dēng	37176	en-eng,in-ing,ao-ou,z-zh	1
注目礼	zhù mù lǐ	37185	z-zh,n-l,r-l	1
把兄弟	bǎ xiōng dì	37190	j-q-x	1
憋得慌	biē de huāng	37198	uan-uang,ia-ie,h-f	1
拨浪鼓	bō lang gǔ	37202	an-ang,n-l,r-l	1
吃败仗	chī bài zhàng	37211	an-ang,ai-ei,z-zh,c-ch	1
大妹子	dà mèi zi	37216	ai-ei,z-zh	1
登陆舰	dēng lù jiàn	37218	en-eng,ian-iang,n-l,r-l,j-q-x	1
二把手	èr bǎ shǒu	37224	ao-ou,s-sh	1
防洪堤	fáng hóng dī	37226	an-ang,h-f	1
放牛娃	fàng niú wá	37228	an-ang,n-l,h-f	1
关系户	guān xì hù	37239	uan-uang,h-f,j-q-x	1
话务员	huà wù yuán	37248	uan-uang,ua-uo,h-f	1
婚外情	hūn wài qíng	37251	in-ing,ai-ei,h-f,j-q-x	1
工兵铲	gōng bīng chǎn	37254	in-ing,an-ang,c-ch	1
打冷枪	dǎ lěng qiāng	37255	en-eng,ian-iang,n-l,r-l,j-q-x	1
尖锐化	jiān ruì huà	37258	ian-iang,ua-uo,h-f,r-l,j-q-x	1
金饭碗	jīn fàn wǎn	37264	in-ing,an-ang,h-f,j-q-x	1
金刚经	jīn gāng jīng	37265	in-ing,an-ang,j-q-x	1
客运段	kè yùn duàn	37270	uan-uang	1
傈僳族	lì sù zú	37276	z-zh,s-sh,n-l,r-l	3
脑电图	nǎo diàn tú	37287	ian-iang,ao-ou,n-l	1
尼古丁	ní gǔ dīng	37288	in-ing,n-l	1
暖气片	nuǎn qì piàn	37293	ian-iang,uan-uang,n-l,j-q-x	1
起落架	qǐ luò jià	37300	ia-ie,ua-uo,n-l,r-l,j-q-x	1
铁索桥	tiě suǒ qiáo	37335	ia-ie,ua-uo,s-sh,j-q-x	1
投递员	tóu dì yuán	37337	uan-uang,ao-ou	1
小业主	xiǎo yè zhǔ	37361	z-zh,j-q-x	1
寻呼台	xún hū tái	37362	ai-ei,h-f,j-q-x	1
烟屁股	yān pì gu	37364	an-ang	1
知情权	zhī qíng quán	37378	in-ing,uan-uang,z-zh,j-q-x	1
主航道	zhǔ háng dào	37382	an-ang,ao-ou,z-zh,h-f	1
脖梗儿	bó gěng er	37399	en-eng	1
不开眼	bù kāi yǎn	37401	an-ang,ai-ei	1
擦屁股	cā pì gu	37402	c-ch	1
茶叶蛋	chá yè dàn	37405	an-ang,c-ch	1
大专生	dà zhuān shēng	37414	en-eng,uan-uang,z-zh,s-sh	1
低血糖	dī xuè táng	37418	an-ang,j-q-x	1
多会儿	duō huì er	37422	ua-uo,h-f	1
反间计	fǎn jiàn jì	37425	an-ang,ian-iang,h-f,j-q-x	1
公民权	gōng mín quán	37437	in-ing,uan-uang,j-q-x	1
供应站	gōng yìng zhàn	37438	in-ing,an-ang,z-zh	1
海棠花	hǎi táng huā	37447	an-ang,ai-ei,ua-uo,h-f	1
禁不起	jīn bu qǐ	37463	in-ing,j-q-x	1
居留权	jū liú quán	37466	uan-uang,n-l,r-l,j-q-x	1
老狐狸	lǎo hú li	37469	ao-ou,n-l,h-f,r-l	1
劣根性	liè gēn xìng	37472	en-eng,in-ing,ia-ie,n-l,r-l,j-q-x	1
没好气	méi hǎo qì	37475	ai-ei,ao-ou,h-f,j-q-x	1
脑死亡	nǎo sǐ wáng	37481	an-ang,ao-ou,s-sh,n-l	1
泡泡糖	pào pao táng	37485	an-ang,ao-ou	1
泼冷水	pō lěng shuǐ	37491	en-eng,s-sh,n-l,r-l	1
生石灰	shēng shí huī	37507	en-eng,s-sh,h-f	1
私房钱	sī fang qián	37518	an-ang,ian-iang,s-sh,h-f,j-q-x	1
酸梅汤	suān méi tāng	37522	an-ang,uan-uang,ai-ei,s-sh	1
梭子蟹	suō zi xiè	37524	ia-ie,ua-uo,z-zh,s-sh,j-q-x	1
围脖儿	wéi bó er	37531	ai-ei	1
心肌炎	xīn jī yán	37540	in-ing,an-ang,j-q-x	1
羞答答	xiū dā dā	37542	j-q-x	1
压担子	yā dàn zi	37546	an-ang,z-zh	1
怨不得	yuàn bu de	37564	uan-uang	1
芝麻官	zhī ma guān	37573	uan-uang,z-zh	1
春小麦	chūn xiǎo mài	37596	ai-ei,c-ch,j-q-x	1
大兵团	dà bīng tuán	37600	in-ing,uan-uang	1
单相思	dān xiāng sī	37601	an-ang,ian-iang,s-sh,j-q-x	1
耳刮子	ěr guā zi	37608	ua-uo,z-zh	1
二重唱	èr chóng chàng	37609	an-ang,c-ch	1
二进宫	èr jìn gōng	37610	in-ing,j-q-x	1
赶得上	gǎn de shàng	37622	an-ang,s-sh	1
公证人	gōng zhèng rén	37627	en-eng,z-zh,r-l	1
沟沿儿	gōu yán er	37629	an-ang,ao-ou	1
核威慑	hé wēi shè	37635	ai-ei,s-sh,h-f	3
急性子	jí xìng zi	37645	in-ing,z-zh,j-q-x	1
救生衣	jiù shēng yī	37651	en-eng,s-sh,j-q-x	1
绝缘体	jué yuán tǐ	37652	uan-uang,j-q-x	1
拉下马	lā xià mǎ	37657	ia-ie,n-l,r-l,j-q-x	1
练习本	liàn xí běn	37659	en-eng,ian-iang,n-l,r-l,j-q-x	1
闹肚子	nào dù zi	37672	ao-ou,z-zh,n-l	1
闹意见	nào yì jiàn	37674	ian-iang,ao-ou,n-l,j-q-x	1
卡脖子	qiǎ bó zi	37680	ia-ie,z-zh,j-q-x	1
软木塞	ruǎn mù sāi	37691	uan-uang,ai-ei,s-sh,r-l	1
色眯眯	sè mī mī	37693	s-sh	1
耍猴儿	shuǎ hóu er	37702	ao-ou,ua-uo,s-sh,h-f	1
松口气	sōng kǒu qì	37706	ao-ou,s-sh,j-q-x	1
堂兄弟	táng xiōng di	37712	an-ang,j-q-x	1
乌溜溜	wū liū liū	37726	n-l,r-l	1
武昌鱼	wǔ chāng yú	37728	an-ang,c-ch	1
小百货	xiǎo bǎi huò	37735	ai-ei,ua-uo,h-f,j-q-x	1
小小说	xiǎo xiǎo shuō	37737	ua-uo,s-sh,j-q-x	1
性激素	xìng jī sù	37739	in-ing,s-sh,j-q-x	1
选民证	xuǎn mín zhèng	37741	en-eng,in-ing,uan-uang,z-zh,j-q-x	1
移动式	yí dòng shì	37752	s-sh	1
战斗员	zhàn dòu yuán	37762	an-ang,uan-uang,ao-ou,z-zh	1
黑天鹅	hēi tiān é	37768	ian-iang,ai-ei,h-f	1
左右手	zuǒ yòu shǒu	37773	ao-ou,ua-uo,z-zh,s-sh	1
白生生	bái shēng shēng	37778	en-eng,ai-ei,s-sh	1
避雷针	bì léi zhēn	37783	en-eng,ai-ei,z-zh,n-l,r-l	1
标准时	biāo zhǔn shí	37785	z-zh,s-sh	1
不粘锅	bù zhān guō	37787	an-ang,ua-uo,z-zh	1
闯天下	chuǎng tiān xià	37797	ian-iang,uan-uang,ia-ie,c-ch,j-q-x	1
电话簿	diàn huà bù	37807	ian-iang,ua-uo,h-f	1
丁香花	dīng xiāng huā	37808	in-ing,ian-iang,ua-uo,h-f,j-q-x	1
冬令营	dōng lìng yíng	37810	in-ing,n-l,r-l	1
发令枪	fā lìng qiāng	37814	in-ing,ian-iang,n-l,h-f,r-l,j-q-x	1
放映机	fàng yìng jī	37818	in-ing,an-ang,h-f,j-q-x	1
够味儿	gòu wèi er	37832	ai-ei,ao-ou	1
合金钢	hé jīn gāng	37839	in-ing,an-ang,h-f,j-q-x	1
核辐射	hé fú shè	37841	s-sh,h-f	1
红帽子	hóng mào zi	37844	ao-ou,z-zh,h-f	1
红血球	hóng xuè qiú	37845	h-f,j-q-x	1
交响诗	jiāo xiǎng shī	37853	ian-iang,s-sh,j-q-x	1
接线员	jiē xiàn yuán	37855	ian-iang,uan-uang,ia-ie,j-q-x	1
课程表	kè chéng biǎo	37859	en-eng,c-ch	1
拉赞助	lā zàn zhù	37861	an-ang,z-zh,n-l,r-l	1
老年病	lǎo nián bìng	37862	in-ing,ian-iang,ao-ou,n-l,r-l	1
冷色调	lěng sè diào	37865	en-eng,s-sh,n-l,r-l	1
落汤鸡	luò tāng jī	37869	an-ang,ua-uo,n-l,r-l,j-q-x	1
闹嚷嚷	nào rāng rāng	37877	an-ang,ao-ou,n-l,r-l	1
泥菩萨	ní pú sà	37878	s-sh,n-l	1
跑龙套	pǎo lóng tào	37881	ao-ou,n-l,r-l	1
披肩发	pī jiān fà	37882	ian-iang,h-f,j-q-x	1
热带鱼	rè dài yú	37894	ai-ei,r-l	1
伸懒腰	shēn lǎn yāo	37905	en-eng,an-ang,ao-ou,s-sh,n-l,r-l	1
时刻表	shí kè biǎo	37908	s-sh	1
顺风耳	shùn fēng ěr	37916	en-eng,s-sh,h-f	1
晚礼服	wǎn lǐ fú	37927	an-ang,n-l,h-f,r-l	1
胃溃疡	wèi kuì yáng	37930	an-ang,ai-ei	3
西葫芦	xī hú lu	37935	n-l,h-f,r-l,j-q-x	1
戏曲界	xì qǔ jiè	37936	ia-ie,j-q-x	1
现行法	xiàn xíng fǎ	37938	in-ing,ian-iang,h-f,j-q-x	1
血细胞	xuè xì bāo	37945	ao-ou,j-q-x	1
寻开心	xún kāi xīn	37947	in-ing,ai-ei,j-q-x	1
压力锅	yā lì guō	37948	ua-uo,n-l,r-l	1
羊肉串	yáng ròu chuàn	37950	an-ang,uan-uang,ao-ou,c-ch,r-l	1
早早儿	zǎo zǎo er	37962	ao-ou,z-zh	1
走捷径	zǒu jié jìng	37973	in-ing,ao-ou,ia-ie,z-zh,j-q-x	1
败血症	bài xuè zhèng	37974	en-eng,ai-ei,z-zh,j-q-x	1
饱嗝儿	bǎo gé er	37976	ao-ou	3
不济事	bù jì shì	37981	s-sh,j-q-x	1
吃得开	chī de kāi	37987	ai-ei,c-ch	1
出圈儿	chū quān er	37988	uan-uang,c-ch,j-q-x	1
敌敌畏	dí dí wèi	37992	ai-ei	1
发刊词	fā kān cí	37996	an-ang,c-ch,h-f	1
辐射源	fú shè yuán	38001	uan-uang,s-sh,h-f	1
供给制	gōng jǐ zhì	38005	z-zh,j-q-x	1
管教所	guǎn jiào suǒ	38007	uan-uang,ua-uo,s-sh,j-q-x	1
黑森森	hēi sēn sēn	38016	en-eng,ai-ei,s-sh,h-f	1
黄花鱼	huáng huā yú	38021	uan-uang,ua-uo,h-f	1
火烧云	huǒ shāo yún	38023	ao-ou,ua-uo,s-sh,h-f	1
交际花	jiāo jì huā	38029	ua-uo,h-f,j-q-x	1
教书匠	jiāo shū jiàng	38031	ian-iang,s-sh,j-q-x	1
解放鞋	jiě fàng xié	38032	an-ang,ia-ie,h-f,j-q-x	1
苦行僧	kǔ xíng sēng	38038	en-eng,in-ing,s-sh,j-q-x	1
莲花落	lián huā lào	38046	ian-iang,ao-ou,ua-uo,n-l,h-f,r-l	1
零售店	líng shòu diàn	38049	in-ing,ian-iang,ao-ou,s-sh,n-l,r-l	1
螺旋体	luó xuán tǐ	38050	uan-uang,ua-uo,n-l,r-l,j-q-x	1
有门道	yǒu mén dào	38054	en-eng,ao-ou	1
脑出血	nǎo chū xuè	38056	ao-ou,c-ch,n-l,j-q-x	1
农奴主	nóng nú zhǔ	38058	z-zh,n-l	1
三明治	sān míng zhì	38075	in-ing,an-ang,z-zh,s-sh	1
嫂夫人	sǎo fū ren	38076	en-eng,ao-ou,s-sh,h-f,r-l	1
石拱桥	shí gǒng qiáo	38083	s-sh,j-q-x	1
收款机	shōu kuǎn jī	38086	uan-uang,ao-ou,s-sh,j-q-x	1
四不像	sì bù xiàng	38089	ian-iang,s-sh,j-q-x	1
随身听	suí shēn tīng	38091	en-eng,in-ing,s-sh	1
田园诗	tián yuán shī	38095	ian-iang,uan-uang,s-sh	1
铜版纸	tóng bǎn zhǐ	38099	an-ang,z-zh	1
窝囊气	wō nang qì	38108	an-ang,n-l,j-q-x	1
雾蒙蒙	wù méng méng	38112	en-eng	1
下馆子	xià guǎn zǐ	38115	uan-uang,ia-ie,z-zh,j-q-x	1
悠悠然	yōu yōu rán	38132	an-ang,ao-ou,r-l	1
游艺会	yóu yì huì	38135	ao-ou,h-f	1
纸老虎	zhǐ lǎo hǔ	38149	ao-ou,z-zh,n-l,h-f,r-l	1
竹叶青	zhú yè qīng	38152	in-ing,z-zh,j-q-x	1
自费生	zì fèi shēng	38157	en-eng,ai-ei,z-zh,s-sh,h-f	1
百宝箱	bǎi bǎo xiāng	38160	ian-iang,ai-ei,ao-ou,j-q-x	1
表面化	biǎo miàn huà	38164	ian-iang,ua-uo,h-f	1
吃不住	chī bu zhù	38173	z-zh,c-ch	1
抵押品	dǐ yā pǐn	38190	in-ing	1
疯人院	fēng rén yuàn	38200	en-eng,uan-uang,h-f,r-l	1
骨朵儿	gū duo er	38207	ua-uo	1
罐头盒	guàn tou hé	38209	uan-uang,ao-ou,h-f	1
火罐儿	huǒ guàn er	38221	uan-uang,ua-uo,h-f	1
集大成	jí dà chéng	38224	en-eng,c-ch,j-q-x	1
讲情面	jiǎng qíng miàn	38230	in-ing,ian-iang,j-q-x	1
勘探队	kān tàn duì	38239	an-ang	1
扣帽子	kòu mào zi	38241	ao-ou,z-zh	1
卖关子	mài guān zi	38250	uan-uang,ai-ei,z-zh	1
闹笑话	nào xiào hua	38255	ao-ou,ua-uo,n-l,h-f,j-q-x	1
胖墩儿	pàng dūn er	38260	an-ang	1
齐步走	qí bù zǒu	38266	ao-ou,z-zh,j-q-x	1
强心剂	qiáng xīn jì	38268	in-ing,ian-iang,j-q-x	1
一家言	yī jiā yán	38273	an-ang,ia-ie,j-q-x	1
沙丁鱼	shā dīng yú	38278	in-ing,s-sh	1
打闷棍	dǎ mèn gùn	38295	en-eng	1
太空船	tài kōng chuán	38301	uan-uang,ai-ei,c-ch	1
调节税	tiáo jié shuì	38306	ia-ie,s-sh,j-q-x	1
血友病	xuè yǒu bìng	38339	in-ing,ao-ou,j-q-x	1
印花布	yìn huā bù	38346	in-ing,ua-uo,h-f	1
站柜台	zhàn guì tái	38354	an-ang,ai-ei,z-zh	1
专科生	zhuān kē shēng	38361	en-eng,uan-uang,z-zh,s-sh	1
转运站	zhuǎn yùn zhàn	38362	an-ang,uan-uang,z-zh	1
走钢丝	zǒu gāng sī	38365	an-ang,ao-ou,z-zh,s-sh	1
棒子面	bàng zi miàn	38368	an-ang,ian-iang,z-zh	1
抄近儿	chāo jìn er	38383	in-ing,ao-ou,c-ch,j-q-x	1
车把式	chē bǎ shi	38384	c-ch,s-sh	1
车前子	chē qián zǐ	38386	ian-iang,z-zh,c-ch,j-q-x	1
出洋相	chū yáng xiàng	38393	an-ang,ian-iang,c-ch,j-q-x	1
大实话	dà shí huà	38397	ua-uo,s-sh,h-f	1
地方税	dì fāng shuì	38400	an-ang,s-sh,h-f	1
风景点	fēng jǐng diǎn	38407	en-eng,in-ing,ian-iang,h-f,j-q-x	1
辐射能	fú shè néng	38408	en-eng,s-sh,n-l,h-f	1
高粱米	gāo liang mǐ	38410	ian-iang,ao-ou,n-l,r-l	1
工作餐	gōng zuò cān	38415	an-ang,ua-uo,z-zh,c-ch	1
核电厂	hé diàn chǎng	38428	an-ang,ian-iang,c-ch,h-f	1
机械手	jī xiè shǒu	38436	ao-ou,ia-ie,s-sh,j-q-x	1
看医生	kàn yī shēng	38442	en-eng,an-ang,s-sh	1
老相识	lǎo xiāng shí	38444	ian-iang,ao-ou,s-sh,n-l,r-l,j-q-x	1
类固醇	lèi gù chún	38445	ai-ei,c-ch,n-l,r-l	1
摄影棚	shè yǐng péng	38481	en-eng,in-ing,s-sh	1
外孙子	wài sūn zi	38504	ai-ei,z-zh,s-sh	1
五线谱	wǔ xiàn pǔ	38518	ian-iang,j-q-x	1
系铃人	xì líng rén	38521	en-eng,in-ing,n-l,r-l,j-q-x	1
字母词	zì mǔ cí	38530	z-zh,c-ch	1
压路机	yā lù jī	38531	n-l,r-l,j-q-x	1
眼角膜	yǎn jiǎo mó	38534	an-ang,j-q-x	1
影视圈	yǐng shì quān	38539	in-ing,uan-uang,s-sh,j-q-x	1
运动衣	yùn dòng yī	38546		1
周转金	zhōu zhuǎn jīn	38552	in-ing,uan-uang,ao-ou,z-zh,j-q-x	1
白血球	bái xuè qiú	38561	ai-ei,j-q-x	1
报春花	bào chūn huā	38566	ao-ou,ua-uo,c-ch,h-f	1
唱高调	chàng gāo diào	38578	an-ang,ao-ou,c-ch	1
成名作	chéng míng zuò	38579	en-eng,in-ing,ua-uo,z-zh,c-ch	1
成文法	chéng wén fǎ	38580	en-eng,c-ch,h-f	1
吃不准	chī bu zhǔn	38584	z-zh,c-ch	1
吃老本	chī lǎo běn	38585	en-eng,ao-ou,c-ch,n-l,r-l	1
大集体	dà jí tǐ	38591	j-q-x	1
大前天	dà qián tiān	38592	ian-iang,j-q-x	1
防寒服	fáng hán fú	38606	an-ang,h-f	1
氟利昂	fú lì áng	38610	an-ang,n-l,h-f,r-l	3
工笔画	gōng bǐ huà	38613	ua-uo,h-f	1
狗崽子	gǒu zǎi zi	38617	ai-ei,ao-ou,z-zh	3
鼓风机	gǔ fēng jī	38618	en-eng,h-f,j-q-x	1
横断面	héng duàn miàn	38631	en-eng,ian-iang,uan-uang,h-f	1
结婚照	jié hūn zhào	38644	ao-ou,ia-ie,z-zh,h-f,j-q-x	1
开裆裤	kāi dāng kù	38651	an-ang,ai-ei	3
空架子	kōng jià zi	38653	ia-ie,z-zh,j-q-x	1
髋关节	kuān guān jié	38655	uan-uang,ia-ie,j-q-x	3
劳改犯	láo gǎi fàn	38657	an-ang,ai-ei,ao-ou,n-l,h-f,r-l	1
冷板凳	lěng bǎn dèng	38659	en-eng,an-ang,n-l,r-l	1
马赛克	mǎ sài kè	38664	ai-ei,s-sh	1
没着落	méi zhuó luò	38666	ai-ei,ua-uo,z-zh,n-l,r-l	1
木偶戏	mù ǒu xì	38668	ao-ou,j-q-x	1
轻机枪	qīng jī qiāng	38684	in-ing,ian-iang,j-q-x	1
土包子	tǔ bāo zi	38700	ao-ou,z-zh	1
土拨鼠	tǔ bō shǔ	38701	s-sh	1
兔儿爷	tù er yé	38702		1
万金油	wàn jīn yóu	38704	in-ing,an-ang,ao-ou,j-q-x	1
猩红热	xīng hóng rè	38718	in-ing,h-f,r-l,j-q-x	1
修订本	xiū dìng běn	38720	en-eng,in-ing,j-q-x	1
变速器	biàn sù qì	38760	ian-iang,s-sh,j-q-x	1
踩高跷	cǎi gāo qiāo	38764	ai-ei,ao-ou,c-ch,j-q-x	1
陈世美	chén shì měi	38771	en-eng,ai-ei,c-ch,s-sh	1
吃得消	chī de xiāo	38773	c-ch,j-q-x	1
吃喝风	chī hē fēng	38774	en-eng,c-ch,h-f	1
吹喇叭	chuī lǎ ba	38778	c-ch,n-l,r-l	1
附加税	fù jiā shuì	38798	ia-ie,s-sh,h-f,j-q-x	1
正经事	zhèng jīng shì	38801	en-eng,in-ing,z-zh,s-sh,j-q-x	1
合订本	hé dìng běn	38810	en-eng,in-ing,h-f	1
画圈儿	huà quān er	38816	uan-uang,ua-uo,h-f,j-q-x	1
计时器	jì shí qì	38823	s-sh,j-q-x	1
物联网	wù lián wǎng	38828	an-ang,ian-iang,n-l,r-l	1
金龟子	jīn guī zǐ	38830	in-ing,z-zh,j-q-x	1
空对空	kōng duì kōng	38838		1
喇叭花	lǎ ba huā	38840	ua-uo,n-l,h-f,r-l	1
毛孩子	máo hái zi	38848	ai-ei,ao-ou,z-zh,h-f	1
闷葫芦	mèn hú lu	38850	en-eng,n-l,h-f,r-l	1
面面观	miàn miàn guān	38853	ian-iang,uan-uang	1
轻骑兵	qīng qí bīng	38866	in-ing,j-q-x	1
三角裤	sān jiǎo kù	38873	an-ang,s-sh,j-q-x	1
社交圈	shè jiāo quān	38874	uan-uang,s-sh,j-q-x	1
文具盒	wén jù hé	38894	en-eng,h-f,j-q-x	1
习惯法	xí guàn fǎ	38899	uan-uang,h-f,j-q-x	1
下坡路	xià pō lù	38901	ia-ie,n-l,r-l,j-q-x	1
殉葬品	xùn zàng pǐn	38909	in-ing,an-ang,z-zh,j-q-x	1
应用文	yìng yòng wén	38921	en-eng,in-ing	1
雨蒙蒙	yǔ méng méng	38922	en-eng	1
御花园	yù huā yuán	38925	uan-uang,ua-uo,h-f	1
冤大头	yuān dà tóu	38926	uan-uang,ao-ou	1
宰牲节	zǎi shēng jié	38928	en-eng,ai-ei,ia-ie,z-zh,s-sh,j-q-x	1
中子弹	zhōng zǐ dàn	38935	an-ang,z-zh	1
闭幕词	bì mù cí	38956	c-ch	1
变色龙	biàn sè lóng	38957	ian-iang,s-sh,n-l,r-l	1
唱反调	chàng fǎn diào	38966	an-ang,c-ch,h-f	1
吃苦头	chī kǔ tou	38967	ao-ou,c-ch	1
丑小鸭	chǒu xiǎo yā	38970	ao-ou,c-ch,j-q-x	1
大头针	dà tóu zhēn	38977	en-eng,ao-ou,z-zh	1
单元房	dān yuán fáng	38981	an-ang,uan-uang,h-f	1
电子表	diàn zǐ biǎo	38986	ian-iang,z-zh	1
逗趣儿	dòu qù er	38990	ao-ou,j-q-x	1
耳旁风	ěr páng fēng	38995	en-eng,an-ang,h-f	1
高脚杯	gāo jiǎo bēi	39006	ai-ei,ao-ou,j-q-x	1
锅贴儿	guō tiē er	39011	ia-ie,ua-uo	1
和事佬	hé shì lǎo	39015	ao-ou,s-sh,n-l,h-f,r-l	3
盒子炮	hé zi pào	39016	ao-ou,z-zh,h-f	1
红霉素	hóng méi sù	39017	ai-ei,s-sh,h-f	1
花籽儿	huā zǐ er	39020	ua-uo,z-zh,h-f	1
混血儿	hùn xuè ér	39023	h-f,j-q-x	1
激将法	jī jiàng fǎ	39025	ian-iang,h-f,j-q-x	1
开倒车	kāi dào chē	39035	ai-ei,ao-ou,c-ch	1
类风湿	lèi fēng shī	39038	en-eng,ai-ei,s-sh,n-l,h-f,r-l	1
冷藏车	lěng cáng chē	39039	en-eng,an-ang,c-ch,n-l,r-l	1
流浪儿	liú làng er	39048	an-ang,n-l,r-l	1
麻麻亮	má ma liàng	39053	ian-iang,n-l,r-l	1
毛丫头	máo yā tou	39054	ao-ou	1
明星队	míng xīng duì	39059	in-ing,j-q-x	1
秋海棠	qiū hǎi táng	39070	an-ang,ai-ei,h-f,j-q-x	1
守财奴	shǒu cái nú	39085	ai-ei,ao-ou,c-ch,s-sh,n-l	1
文化衫	wén huà shān	39100	en-eng,an-ang,ua-uo,s-sh,h-f	1
无花果	wú huā guǒ	39104	ua-uo,h-f	1
五里雾	wǔ lǐ wù	39105	n-l,r-l	1
小肚子	xiǎo dù zi	39114	z-zh,j-q-x	1
小字辈	xiǎo zì bèi	39115	ai-ei,z-zh,j-q-x	1
刑事犯	xíng shì fàn	39118	in-ing,an-ang,s-sh,h-f,j-q-x	1
窑姐儿	yáo jiě er	39122	ao-ou,ia-ie,j-q-x	1
一半天	yī bàn tiān	39125	an-ang,ian-iang	1
岳父母	yuè fù mǔ	39134	h-f	1
增白剂	zēng bái jì	39137	en-eng,ai-ei,z-zh,j-q-x	1
找门路	zhǎo mén lù	39142	en-eng,ao-ou,z-zh,n-l,r-l	1
织女星	zhī nǚ xīng	39143	in-ing,z-zh,n-l,j-q-x	1
中医师	zhōng yī shī	39145	z-zh,s-sh	1
走江湖	zǒu jiāng hú	39149	ian-iang,ao-ou,z-zh,h-f,j-q-x	1
肠梗阻	cháng gěng zǔ	39163	en-eng,an-ang,z-zh,c-ch	1
超短裙	chāo duǎn qún	39164	uan-uang,ao-ou,c-ch,j-q-x	1
吹牛皮	chuī niú pí	39172	c-ch,n-l	1
催眠曲	cuī mián qǔ	39175	ian-iang,c-ch,j-q-x	1
大头鱼	dà tóu yú	39179	ao-ou	1
单打一	dān dǎ yī	39181	an-ang	1
盥洗室	guàn xǐ shì	39205	uan-uang,s-sh,j-q-x	3
海水浴	hǎi shuǐ yù	39209	ai-ei,s-sh,h-f	1
黑色素	hēi sè sù	39215	ai-ei,s-sh,h-f	1
老搭档	lǎo dā dàng	39242	an-ang,ao-ou,n-l,r-l	1
领航员	lǐng háng yuán	39245	in-ing,an-ang,uan-uang,n-l,h-f,r-l	1
流转税	liú zhuǎn shuì	39247	uan-uang,z-zh,s-sh,n-l,r-l	1
落花生	luò huā shēng	39249	en-eng,ua-uo,s-sh,n-l,h-f,r-l	1
冒失鬼	mào shi guǐ	39251	ao-ou,s-sh	1
美术片	měi shù piàn	39252	ian-iang,ai-ei,s-sh	1
牵引力	qiān yǐn lì	39269	in-ing,ian-iang,n-l,r-l,j-q-x	1
热效应	rè xiào yìng	39273	in-ing,r-l,j-q-x	1
势利眼	shì li yǎn	39283	an-ang,s-sh,n-l,r-l	1
水果糖	shuǐ guǒ táng	39289	an-ang,ua-uo,s-sh	1
说得来	shuō de lái	39291	ai-ei,ua-uo,s-sh,n-l,r-l	1
贪污犯	tān wū fàn	39295	an-ang,h-f	1
唐三彩	táng sān cǎi	39297	an-ang,ai-ei,c-ch,s-sh	1
讨人嫌	tǎo rén xián	39299	en-eng,ian-iang,ao-ou,r-l,j-q-x	1
同盟者	tóng méng zhě	39301	en-eng,z-zh	1
挖泥船	wā ní chuán	39302	uan-uang,c-ch,n-l	1
文绉绉	wén zhōu zhōu	39305	en-eng,ao-ou,z-zh	3
武士道	wǔ shì dào	39307	ao-ou,s-sh	1
下本儿	xià běn er	39311	en-eng,ia-ie,j-q-x	1
性器官	xìng qì guān	39317	in-ing,uan-uang,j-q-x	1
宣言书	xuān yán shū	39319	an-ang,uan-uang,s-sh,j-q-x	1
迎宾馆	yíng bīn guǎn	39325	in-ing,uan-uang	1
预备期	yù bèi qī	39329	ai-ei,j-q-x	1
遮羞布	zhē xiū bù	39345	z-zh,j-q-x	1
芝麻酱	zhī ma jiàng	39349	ian-iang,z-zh,j-q-x	1
摆样子	bǎi yàng zi	39360	an-ang,ai-ei,z-zh	1
包打听	bāo dǎ tīng	39364	in-ing,ao-ou	1
保不定	bǎo bu dìng	39365	in-ing,ao-ou	1
爆米花	bào mǐ huā	39366	ao-ou,ua-uo,h-f	1
丑八怪	chǒu bā guài	39381	ao-ou,c-ch	1
出岔子	chū chà zi	39382	z-zh,c-ch	1
脆生生	cuì shēng shēng	39386	en-eng,c-ch,s-sh	1
村公所	cūn gōng suǒ	39387	ua-uo,c-ch,s-sh	1
打嗝儿	dǎ gé er	39388		3
大杂烩	dà zá huì	39390	z-zh,h-f	3
斗牛士	dòu niú shì	39398	ao-ou,s-sh,n-l	1
独木舟	dú mù zhōu	39400	ao-ou,z-zh	1
反义词	fǎn yì cí	39406	an-ang,c-ch,h-f	1
复读机	fù dú jī	39418	h-f,j-q-x	1
高粱面	gāo liang miàn	39423	ian-iang,ao-ou,n-l,r-l	1
工青妇	gōng qīng fù	39425	in-ing,h-f,j-q-x	1
鬼点子	guǐ diǎn zi	39429	ian-iang,z-zh	1
过家家	guò jiā jiā	39432	ia-ie,ua-uo,j-q-x	1
火箭炮	huǒ jiàn pào	39439	ian-iang,ao-ou,ua-uo,h-f,j-q-x	1
基诺族	jī nuò zú	39440	ua-uo,z-zh,n-l,j-q-x	1
叫座儿	jiào zuò er	39444	ua-uo,z-zh,j-q-x	1
景颇族	jǐng pō zú	39451	in-ing,z-zh,j-q-x	1
流水账	liú shuǐ zhàng	39461	an-ang,z-zh,s-sh,n-l,r-l	1
乱弹琴	luàn tán qín	39463	in-ing,an-ang,uan-uang,n-l,r-l,j-q-x	1
麻醉品	má zuì pǐn	39466	in-ing,z-zh	1
铺路石	pū lù shí	39481	s-sh,n-l,r-l	1
千斤顶	qiān jīn dǐng	39482	in-ing,ian-iang,j-q-x	1
前奏曲	qián zòu qǔ	39486	ian-iang,ao-ou,z-zh,j-q-x	1
手底下	shǒu dǐ xià	39499	ao-ou,ia-ie,s-sh,j-q-x	1
四环素	sì huán sù	39506	uan-uang,s-sh,h-f	1
天狼星	tiān láng xīng	39510	in-ing,an-ang,ian-iang,n-l,r-l,j-q-x	1
娃娃脸	wá wa liǎn	39515	ian-iang,n-l,r-l	1
娃娃鱼	wá wa yú	39516		1
无烟煤	wú yān méi	39522	an-ang,ai-ei	1
小五金	xiǎo wǔ jīn	39528	in-ing,j-q-x	1
夜明珠	yè míng zhū	39541	in-ing,z-zh	1
雨珠儿	yǔ zhū er	39549	z-zh	1
栽跟头	zāi gēn tou	39551	en-eng,ai-ei,ao-ou,z-zh	1
折旧率	zhé jiù lǜ	39556	z-zh,n-l,r-l,j-q-x	1
镇静剂	zhèn jìng jì	39558	en-eng,in-ing,z-zh,j-q-x	1
自然段	zì rán duàn	39567	an-ang,uan-uang,z-zh,r-l	1
不归路	bù guī lù	39579	n-l,r-l	1
产成品	chǎn chéng pǐn	39583	en-eng,in-ing,an-ang,c-ch	1
除尘器	chú chén qì	39593	en-eng,c-ch,j-q-x	1
打保票	dǎ bǎo piào	39599	ao-ou	1
打砸抢	dǎ zá qiǎng	39600	ian-iang,z-zh,j-q-x	1
抵不上	dǐ bu shàng	39604	an-ang,s-sh	1
顶牛儿	dǐng niú er	39606	in-ing,n-l	1
断裂带	duàn liè dài	39607	uan-uang,ai-ei,ia-ie,n-l,r-l	1
俯卧撑	fǔ wò chēng	39618	en-eng,c-ch,h-f	1
光灿灿	guāng càn càn	39624	an-ang,uan-uang,c-ch	1
果干儿	guǒ gān er	39625	an-ang,ua-uo	1
核大国	hé dà guó	39631	ua-uo,h-f	1
机帆船	jī fān chuán	39641	an-ang,uan-uang,c-ch,h-f,j-q-x	1
继电器	jì diàn qì	39642	ian-iang,j-q-x	1
晶状体	jīng zhuàng tǐ	39647	in-ing,uan-uang,z-zh,j-q-x	1
救生艇	jiù shēng tǐng	39651	en-eng,in-ing,s-sh,j-q-x	1
苦丁茶	kǔ dīng chá	39657	in-ing,c-ch	1
练习簿	liàn xí bù	39663	ian-iang,n-l,r-l,j-q-x	1
遛弯儿	liù wān er	39666	an-ang,n-l,r-l	3
绿莹莹	lǜ yíng yíng	39669	in-ing,n-l,r-l	1
马头琴	mǎ tóu qín	39671	in-ing,ao-ou,j-q-x	1
年三十	nián sān shí	39678	an-ang,ian-iang,s-sh,n-l	1
蓬松松	péng sōng sōng	39684	en-eng,s-sh	1
启明星	qǐ míng xīng	39689	in-ing,j-q-x	1
敲竹杠	qiāo zhú gàng	39693	an-ang,z-zh,j-q-x	1
软件包	ruǎn jiàn bāo	39700	ian-iang,uan-uang,ao-ou,r-l,j-q-x	1
生鱼片	shēng yú piàn	39705	en-eng,ian-iang,s-sh	1
视神经	shì shén jīng	39712	en-eng,in-ing,s-sh,j-q-x	1
双关语	shuāng guān yǔ	39715	uan-uang,s-sh	1
俗文学	sú wén xué	39722	en-eng,s-sh,j-q-x	1
太湖石	tài hú shí	39726	ai-ei,s-sh,h-f	1
太极图	tài jí tú	39727	ai-ei,j-q-x	1
白菜价	bái cài jià	39744	ai-ei,ia-ie,c-ch,j-q-x	1
雾腾腾	wù téng téng	39745	en-eng	1
洗发水	xǐ fà shuǐ	39746	s-sh,h-f,j-q-x	1
血液病	xuè yè bìng	39756	in-ing,j-q-x	1
轧花机	yà huā jī	39758	ua-uo,h-f,j-q-x	1
胰腺炎	yí xiàn yán	39768	an-ang,ian-iang,j-q-x	1
油汪汪	yóu wāng wāng	39774	an-ang,ao-ou	1
鱼肚白	yú dù bái	39775	ai-ei	1
招笑儿	zhāo xiào er	39780	ao-ou,z-zh,j-q-x	1
诊断书	zhěn duàn shū	39782	en-eng,uan-uang,z-zh,s-sh	1
钟乳石	zhōng rǔ shí	39785	z-zh,s-sh,r-l	1
自画像	zì huà xiàng	39790	ian-iang,ua-uo,z-zh,h-f,j-q-x	1
宗主国	zōng zhǔ guó	39792	ua-uo,z-zh	1
半身像	bàn shēn xiàng	39797	en-eng,an-ang,ian-iang,s-sh,j-q-x	1
喘吁吁	chuǎn xū xū	39813	uan-uang,c-ch,j-q-x	1
催眠术	cuī mián shù	39818	ian-iang,c-ch,s-sh	1
打挺儿	dǎ tǐng er	39819	in-ing	1
大不敬	dà bù jìng	39820	in-ing,j-q-x	1
丹凤眼	dān fèng yǎn	39821	en-eng,an-ang,h-f	1
敌占区	dí zhàn qū	39825	an-ang,z-zh,j-q-x	1
故纸堆	gù zhǐ duī	39845	z-zh	1
官架子	guān jià zi	39846	uan-uang,ia-ie,z-zh,j-q-x	1
糊涂账	hú tu zhàng	39853	an-ang,z-zh,h-f	1
脊椎骨	jǐ zhuī gǔ	39864	z-zh,j-q-x	1
讲交情	jiǎng jiāo qíng	39868	in-ing,ian-iang,j-q-x	1
绞刑架	jiǎo xíng jià	39870	in-ing,ia-ie,j-q-x	1
拉祜族	lā hù zú	39880	z-zh,n-l,h-f,r-l	3
冷处理	lěng chǔ lǐ	39883	en-eng,c-ch,n-l,r-l	1
离合器	lí hé qì	39884	n-l,h-f,r-l,j-q-x	1
螺丝刀	luó sī dāo	39885	ao-ou,ua-uo,s-sh,n-l,r-l	1
落地窗	luò dì chuāng	39886	uan-uang,ua-uo,c-ch,n-l,r-l	1
美人蕉	měi rén jiāo	39889	en-eng,ai-ei,r-l,j-q-x	1
面片儿	miàn piàn er	39892	ian-iang	1
蘑菇云	mó gu yún	39894		1
起居室	qǐ jū shì	39908	s-sh,j-q-x	1
清凉油	qīng liáng yóu	39911	in-ing,ian-iang,ao-ou,n-l,r-l,j-q-x	1
肉馅儿	ròu xiàn er	39915	ian-iang,ao-ou,r-l,j-q-x	1
瘦猴儿	shòu hóu er	39929	ao-ou,s-sh,h-f	1
天灵盖	tiān líng gài	39942	in-ing,ian-iang,ai-ei,n-l,r-l	1
同心圆	tóng xīn yuán	39948	in-ing,uan-uang,j-q-x	1
突击手	tū jī shǒu	39951	ao-ou,s-sh,j-q-x	1
下半旗	xià bàn qí	39958	an-ang,ia-ie,j-q-x	1
涎着脸	xián zhe liǎn	39961	ian-iang,z-zh,n-l,r-l,j-q-x	3
现大洋	xiàn dà yáng	39963	an-ang,ian-iang,j-q-x	1
小崽子	xiǎo zǎi zi	39968	ai-ei,z-zh,j-q-x	3
咬耳朵	yǎo ěr duo	39980	ao-ou,ua-uo	1
耶和华	yē hé huá	39982	ua-uo,h-f	3
瘾君子	yǐn jūn zǐ	39986	in-ing,z-zh,j-q-x	1
游艺机	yóu yì jī	39989	ao-ou,j-q-x	1
原发性	yuán fā xìng	39991	in-ing,uan-uang,h-f,j-q-x	1
制动器	zhì dòng qì	39998	z-zh,j-q-x	1
中上层	zhōng shàng céng	39999	en-eng,an-ang,z-zh,c-ch,s-sh	1
棕榈油	zōng lǘ yóu	40007	ao-ou,z-zh,n-l,r-l	3
摆谱儿	bǎi pǔ er	40010	ai-ei	1
长毛兔	cháng máo tù	40019	an-ang,ao-ou,c-ch	1
吃派饭	chī pài fàn	40025	an-ang,ai-ei,c-ch,h-f	1
催泪弹	cuī lèi dàn	40035	an-ang,ai-ei,c-ch,n-l,r-l	1
大换血	dà huàn xiě	40036	uan-uang,ia-ie,h-f,j-q-x	1
独个儿	dú gè er	40047		1
独幕剧	dú mù jù	40048	j-q-x	1
度量衡	dù liàng héng	40051	en-eng,ian-iang,n-l,h-f,r-l	1
鹅蛋脸	é dàn liǎn	40053	an-ang,ian-iang,n-l,r-l	1
翻跟头	fān gēn tou	40056	en-eng,an-ang,ao-ou,h-f	1
富贵病	fù guì bìng	40066	in-ing,h-f	1
干打垒	gān dǎ lěi	40067	an-ang,ai-ei,n-l,r-l	1
干瞪眼	gān dèng yǎn	40068	en-eng,an-ang	1
核军备	hé jūn bèi	40082	ai-ei,h-f,j-q-x	1
鸿门宴	hóng mén yàn	40084	en-eng,an-ang,h-f	1
惊堂木	jīng táng mù	40096	in-ing,an-ang,j-q-x	1
看笑话	kàn xiào hua	40101	an-ang,ua-uo,h-f,j-q-x	1
课间操	kè jiān cāo	40103	ian-iang,ao-ou,c-ch,j-q-x	1
喇叭裤	lǎ ba kù	40108	n-l,r-l	1
冒牌货	mào pái huò	40119	ai-ei,ao-ou,ua-uo,h-f	1
爬格子	pá gé zi	40135	z-zh	1
燃烧弹	rán shāo dàn	40148	an-ang,ao-ou,s-sh,r-l	1
散热器	sàn rè qì	40151	an-ang,s-sh,r-l,j-q-x	1
泼脏水	pō zāng shuǐ	40153	an-ang,z-zh,s-sh	1
桃花运	táo huā yùn	40170	ao-ou,ua-uo,h-f	1
投影仪	tóu yǐng yí	40178	in-ing,ao-ou	1
忘年交	wàng nián jiāo	40186	an-ang,ian-iang,n-l,j-q-x	1
薪炭林	xīn tàn lín	40193	in-ing,an-ang,n-l,r-l,j-q-x	1
邀请信	yāo qǐng xìn	40205	in-ing,ao-ou,j-q-x	1
药剂师	yào jì shī	40207	ao-ou,s-sh,j-q-x	1
议论文	yì lùn wén	40211	en-eng,n-l,r-l	1
鱼尾纹	yú wěi wén	40224	en-eng,ai-ei	1
预警机	yù jǐng jī	40228	in-ing,j-q-x	1
知心人	zhī xīn rén	40234	en-eng,in-ing,z-zh,r-l,j-q-x	1
抓阄儿	zhuā jiū er	40241	ua-uo,z-zh,j-q-x	3
白皮松	bái pí sōng	40248	ai-ei,s-sh	1
保健操	bǎo jiàn cāo	40252	ian-iang,ao-ou,c-ch,j-q-x	1
博士点	bó shì diǎn	40261	ian-iang,s-sh	1
车轱辘	chē gū lu	40271	c-ch,n-l,r-l	3
打谷场	dǎ gǔ cháng	40278	an-ang,c-ch	1
打官腔	dǎ guān qiāng	40280	ian-iang,uan-uang,j-q-x	1
单簧管	dān huáng guǎn	40282	an-ang,uan-uang,h-f	1
读后感	dú hòu gǎn	40289	an-ang,ao-ou,h-f	1
二元论	èr yuán lùn	40293	uan-uang,n-l,r-l	1
发包人	fā bāo rén	40294	en-eng,ao-ou,h-f,r-l	1
公使馆	gōng shǐ guǎn	40312	uan-uang,s-sh	1
固沙林	gù shā lín	40313	in-ing,s-sh,n-l,r-l	1
哈巴狗	hǎ ba gǒu	40314	ao-ou,h-f	1
活钱儿	huó qián er	40326	ian-iang,ua-uo,h-f,j-q-x	1
芨芨草	jī jī cǎo	40328	ao-ou,c-ch,j-q-x	3
卷铺盖	juǎn pū gai	40346	uan-uang,ai-ei,j-q-x	1
老半天	lǎo bàn tiān	40355	an-ang,ian-iang,ao-ou,n-l,r-l	1
冷凝器	lěng níng qì	40357	en-eng,in-ing,n-l,r-l,j-q-x	1
凉丝丝	liáng sī sī	40361	ian-iang,s-sh,n-l,r-l	1
毛线衣	máo xiàn yī	40371	ian-iang,ao-ou,j-q-x	1
密匝匝	mì zā zā	40374	z-zh	3
批条子	pī tiáo zi	40383	z-zh	1
惹是非	rě shì fēi	40392	ai-ei,s-sh,h-f,r-l	1
摔跟头	shuāi gēn tou	40404	en-eng,ao-ou,s-sh	1
四季豆	sì jì dòu	40407	ao-ou,s-sh,j-q-x	1
太阳镜	tài yáng jìng	40408	in-ing,an-ang,ai-ei,j-q-x	1
武工队	wǔ gōng duì	40423		1
吸血鬼	xī xuè guǐ	40424	j-q-x	1
笑哈哈	xiào hā hā	40429	h-f,j-q-x	1
协理员	xié lǐ yuán	40430	uan-uang,ia-ie,n-l,r-l,j-q-x	1
欣欣然	xīn xīn rán	40432	in-ing,an-ang,r-l,j-q-x	1
悬索桥	xuán suǒ qiáo	40437	uan-uang,ua-uo,s-sh,j-q-x	1
学前班	xué qián bān	40438	an-ang,ian-iang,j-q-x	1
一程子	yī chéng zi	40445	en-eng,z-zh,c-ch	1
硬纸板	yìng zhǐ bǎn	40453	in-ing,an-ang,z-zh	1
预制板	yù zhì bǎn	40456	an-ang,z-zh	1
冷暴力	lěng bào lì	40460	en-eng,ao-ou,n-l,r-l	1
早产儿	zǎo chǎn ér	40464	an-ang,ao-ou,z-zh,c-ch	1
竹签儿	zhú qiān er	40472	ian-iang,z-zh,j-q-x	1
挨个儿	āi gè er	40476	ai-ei	1
安全门	ān quán mén	40477	en-eng,an-ang,uan-uang,j-q-x	1
保温瓶	bǎo wēn píng	40478	en-eng,in-ing,ao-ou	1
贝雷帽	bèi léi mào	40481	ai-ei,ao-ou,n-l,r-l	1
比基尼	bǐ jī ní	40483	n-l,j-q-x	1
比目鱼	bǐ mù yú	40484		1
草木灰	cǎo mù huī	40493	ao-ou,c-ch,h-f	1
打群架	dǎ qún jià	40509	ia-ie,j-q-x	1
浮夸风	fú kuā fēng	40532	en-eng,ua-uo,h-f	1
隔离室	gé lí shì	40537	s-sh,n-l,r-l	1
国产片	guó chǎn piàn	40544	an-ang,ian-iang,ua-uo,c-ch	1
赫哲族	hè zhé zú	40550	z-zh,h-f	1
华尔兹	huá ěr zī	40555	ua-uo,z-zh,h-f	1
活见鬼	huó jiàn guǐ	40559	ian-iang,ua-uo,h-f,j-q-x	1
火力点	huǒ lì diǎn	40561	ian-iang,ua-uo,n-l,h-f,r-l	1
接合部	jiē hé bù	40570	ia-ie,h-f,j-q-x	1
军火商	jūn huǒ shāng	40577	an-ang,ua-uo,s-sh,h-f,j-q-x	1
开眼界	kāi yǎn jiè	40578	an-ang,ai-ei,ia-ie,j-q-x	1
狂想曲	kuáng xiǎng qǔ	40580	ian-iang,uan-uang,j-q-x	1
子母弹	zǐ mǔ dàn	40588	an-ang,z-zh	1
鸟兽散	niǎo shòu sàn	40599	an-ang,ao-ou,s-sh,n-l	1
普米族	pǔ mǐ zú	40606	z-zh	1
启发式	qǐ fā shì	40608	s-sh,h-f,j-q-x	1
窃听器	qiè tīng qì	40610	in-ing,ia-ie,j-q-x	1
三好生	sān hǎo shēng	40621	en-eng,an-ang,ao-ou,s-sh,h-f	1
耍贫嘴	shuǎ pín zuǐ	40637	in-ing,ua-uo,z-zh,s-sh	1
糖块儿	táng kuài er	40644	an-ang	1
土地证	tǔ dì zhèng	40653	en-eng,z-zh	1
文献片	wén xiàn piàn	40657	en-eng,ian-iang,j-q-x	1
西洋参	xī yáng shēn	40661	en-eng,an-ang,s-sh,j-q-x	1
演兵场	yǎn bīng chǎng	40682	in-ing,an-ang,c-ch	1
演播厅	yǎn bō tīng	40683	in-ing,an-ang	1
正当时	zhèng dāng shí	40709	en-eng,an-ang,z-zh,s-sh	1
栀子花	zhī zǐ huā	40710	ua-uo,z-zh,h-f	3
中国通	zhōng guó tōng	40711	ua-uo,z-zh	1
主题词	zhǔ tí cí	40716	z-zh,c-ch	1
拜天地	bài tiān dì	40729	ian-iang,ai-ei	1
玻璃纸	bō li zhǐ	40733	z-zh,n-l,r-l	1
不自量	bù zì liàng	40736	ian-iang,z-zh,n-l,r-l	1
超低温	chāo dī wēn	40744	en-eng,ao-ou,c-ch	1
豆芽菜	dòu yá cài	40761	ai-ei,ao-ou,c-ch	1
辅导站	fǔ dǎo zhàn	40774	an-ang,ao-ou,z-zh,h-f	1
功夫茶	gōng fu chá	40780	c-ch,h-f	1
光污染	guāng wū rǎn	40784	an-ang,uan-uang,r-l	1
汗津津	hàn jīn jīn	40792	in-ing,an-ang,h-f,j-q-x	1
化粪池	huà fèn chí	40798	en-eng,ua-uo,c-ch,h-f	1
跨年度	kuà nián dù	40814	ian-iang,ua-uo,n-l	1
拉郎配	lā láng pèi	40816	an-ang,ai-ei,n-l,r-l	1
拉下水	lā xià shuǐ	40817	ia-ie,s-sh,n-l,r-l,j-q-x	1
老面孔	lǎo miàn kǒng	40819	ian-iang,ao-ou,n-l,r-l	1
梨园戏	lí yuán xì	40820	uan-uang,n-l,r-l,j-q-x	1
龙门阵	lóng mén zhèn	40824	en-eng,z-zh,n-l,r-l	1
满堂红	mǎn táng hóng	40827	an-ang,h-f	1
慢镜头	màn jìng tóu	40828	in-ing,an-ang,ao-ou,j-q-x	1
昧良心	mèi liáng xīn	40831	in-ing,ian-iang,ai-ei,n-l,r-l,j-q-x	1
木呆呆	mù dāi dāi	40838	ai-ei	1
逆时针	nì shí zhēn	40842	en-eng,z-zh,s-sh,n-l	1
漂亮话	piào liang huà	40849	ian-iang,ua-uo,n-l,h-f,r-l	1
苹果绿	píng guǒ lǜ	40851	in-ing,ua-uo,n-l,r-l	1
全活儿	quán huó er	40858	uan-uang,ua-uo,h-f,j-q-x	1
双轨制	shuāng guǐ zhì	40868	uan-uang,z-zh,s-sh	1
撕破脸	sī pò liǎn	40871	ian-iang,s-sh,n-l,r-l	1
外来户	wài lái hù	40880	ai-ei,n-l,h-f,r-l	1
西洋景	xī yáng jǐng	40883	in-ing,an-ang,j-q-x	1
养父母	yǎng fù mǔ	40898	an-ang,h-f	1
油漆匠	yóu qī jiàng	40904	ian-iang,ao-ou,j-q-x	1
在押犯	zài yā fàn	40907	an-ang,ai-ei,z-zh,h-f	1
摘帽子	zhāi mào zi	40910	ai-ei,ao-ou,z-zh	1
证婚人	zhèng hūn rén	40915	en-eng,z-zh,h-f,r-l	1
子宫颈	zǐ gōng jǐng	40922	in-ing,z-zh,j-q-x	1
八辈子	bā bèi zi	40927	ai-ei,z-zh	1
不孕症	bù yùn zhèng	40940	en-eng,z-zh	1
参议会	cān yì huì	40943	an-ang,c-ch,h-f	1
蛋白尿	dàn bái niào	40958	an-ang,ai-ei,n-l	1
抵得上	dǐ de shàng	40959	an-ang,s-sh	1
损招儿	sǔn zhāo er	40975	ao-ou,z-zh,s-sh	1
附着力	fù zhuó lì	40980	ua-uo,z-zh,n-l,h-f,r-l	1
公平秤	gōng píng chèng	40986	en-eng,in-ing,c-ch	1
划得来	huá de lái	40996	ai-ei,ua-uo,n-l,h-f,r-l	1
滑稽剧	huá jī jù	40997	ua-uo,h-f,j-q-x	1
火箭筒	huǒ jiàn tǒng	41000	ian-iang,ua-uo,h-f,j-q-x	1
救火车	jiù huǒ chē	41014	ua-uo,c-ch,h-f,j-q-x	1
开天窗	kāi tiān chuāng	41019	ian-iang,uan-uang,ai-ei,c-ch	1
老爷车	lǎo ye chē	41024	ao-ou,c-ch,n-l,r-l	1
乐融融	lè róng róng	41025	n-l,r-l	1
留余地	liú yú dì	41032	n-l,r-l	1
明细表	míng xì biǎo	41039	in-ing,j-q-x	1
闹饥荒	nào jī huang	41041	uan-uang,ao-ou,n-l,h-f,j-q-x	1
强心针	qiáng xīn zhēn	41060	en-eng,in-ing,ian-iang,z-zh,j-q-x	1
丁字尺	dīng zì chǐ	41069	in-ing,z-zh,c-ch	1
曲线美	qū xiàn měi	41070	ian-iang,ai-ei,j-q-x	1
撒拉族	sā lā zú	41077	z-zh,s-sh,n-l,r-l	1
三点式	sān diǎn shì	41078	an-ang,ian-iang,s-sh	1
双月刊	shuāng yuè kān	41101	an-ang,uan-uang,s-sh	1
水轮机	shuǐ lún jī	41102	s-sh,n-l,r-l,j-q-x	1
捞外快	lāo wài kuài	41105	ai-ei,ao-ou,n-l,r-l	1
说不来	shuō bu lái	41107	ai-ei,ua-uo,s-sh,n-l,r-l	1
找碴儿	zhǎo chá er	41111	ao-ou,z-zh,c-ch	3
太极剑	tài jí jiàn	41114	ian-iang,ai-ei,j-q-x	1
威胁性	wēi xié xìng	41125	in-ing,ai-ei,ia-ie,j-q-x	1
委任状	wěi rèn zhuàng	41127	en-eng,uan-uang,ai-ei,z-zh,r-l	1
洗碗机	xǐ wǎn jī	41131	an-ang,j-q-x	1
小九九	xiǎo jiǔ jiǔ	41134	j-q-x	1
小卧车	xiǎo wò chē	41135	c-ch,j-q-x	1
邪门儿	xié mén er	41136	en-eng,ia-ie,j-q-x	1
一席谈	yī xí tán	41151	an-ang,j-q-x	1
小本票	xiǎo běn piào	41156	en-eng,j-q-x	1
裕固族	yù gù zú	41171	z-zh	1
针织品	zhēn zhī pǐn	41180	en-eng,in-ing,z-zh	1
直瞪瞪	zhí dèng dèng	41183	en-eng,z-zh	1
转播台	zhuǎn bō tái	41190	uan-uang,ai-ei,z-zh	1
滋补品	zī bǔ pǐn	41194	in-ing,z-zh	1
白皑皑	bái ái ái	41196	ai-ei	3
本命年	běn mìng nián	41199	en-eng,in-ing,ian-iang,n-l	1
闯关东	chuǎng guān dōng	41208	uan-uang,c-ch	1
电热毯	diàn rè tǎn	41219	an-ang,ian-iang,r-l	1
发横财	fā hèng cái	41228	en-eng,ai-ei,c-ch,h-f	1
发酒疯	fā jiǔ fēng	41229	en-eng,h-f,j-q-x	1
防弹衣	fáng dàn yī	41234	an-ang,h-f	1
防风林	fáng fēng lín	41235	en-eng,in-ing,an-ang,n-l,h-f,r-l	1
鬼把戏	guǐ bǎ xì	41250	j-q-x	1
黄曲霉	huáng qū méi	41261	uan-uang,ai-ei,h-f,j-q-x	1
回教徒	huí jiào tú	41262	h-f,j-q-x	1
贱骨头	jiàn gǔ tou	41268	ian-iang,ao-ou,j-q-x	1
拉皮条	lā pí tiáo	41286	n-l,r-l	1
满堂彩	mǎn táng cǎi	41298	an-ang,ai-ei,c-ch	1
煤油炉	méi yóu lú	41300	ai-ei,ao-ou,n-l,r-l	1
脑震荡	nǎo zhèn dàng	41304	en-eng,an-ang,ao-ou,z-zh,n-l	1
色拉油	sè lā yóu	41317	ao-ou,s-sh,n-l,r-l	1
珊瑚岛	shān hú dǎo	41318	an-ang,ao-ou,s-sh,h-f	3
太空站	tài kōng zhàn	41336	an-ang,ai-ei,z-zh	1
外行话	wài háng huà	41348	an-ang,ai-ei,ua-uo,h-f	1
外来人	wài lái rén	41349	en-eng,ai-ei,n-l,r-l	1
卫生巾	wèi shēng jīn	41350	en-eng,in-ing,ai-ei,s-sh,j-q-x	1
窝里斗	wō li dòu	41352	ao-ou,n-l,r-l	1
橡皮艇	xiàng pí tǐng	41356	in-ing,ian-iang,j-q-x	1
绣花针	xiù huā zhēn	41363	en-eng,ua-uo,z-zh,h-f,j-q-x	1
荨麻疹	xún má zhěn	41365	en-eng,z-zh,j-q-x	3
洋味儿	yáng wèi er	41374	an-ang,ai-ei	1
一贯性	yī guàn xìng	41376	in-ing,uan-uang,j-q-x	1
用心思	yòng xīn si	41385	in-ing,s-sh,j-q-x	1
玉米秸	yù mǐ jiē	41391	ia-ie,j-q-x	1
月产量	yuè chǎn liàng	41392	an-ang,ian-iang,c-ch,n-l,r-l	1
证明人	zhèng míng rén	41403	en-eng,in-ing,z-zh,r-l	1
指甲油	zhǐ jia yóu	41404	ao-ou,ia-ie,z-zh,j-q-x	1
中山服	zhōng shān fú	41405	an-ang,z-zh,s-sh,h-f	1
白茬儿	bái chá er	41411	ai-ei,c-ch	1
保护国	bǎo hù guó	41413	ao-ou,ua-uo,h-f	1
打牙祭	dǎ yá jì	41436	j-q-x	1
动肝火	dòng gān huǒ	41442	an-ang,ua-uo,h-f	1
耳坠子	ěr zhuì zǐ	41446	z-zh	1
费口舌	fèi kǒu shé	41448	ai-ei,ao-ou,s-sh,h-f	1
狗尾草	gǒu wěi cǎo	41453	ai-ei,ao-ou,c-ch	1
合众国	hé zhòng guó	41463	ua-uo,z-zh,h-f	1
自媒体	zì méi tǐ	41465	ai-ei,z-zh	1
会员证	huì yuán zhèng	41473	en-eng,uan-uang,z-zh,h-f	1
活火山	huó huǒ shān	41474	an-ang,ua-uo,s-sh,h-f	1
教养院	jiào yǎng yuàn	41481	an-ang,uan-uang,j-q-x	1
戒严令	jiè yán lìng	41482	in-ing,an-ang,ia-ie,n-l,r-l,j-q-x	1
开户行	kāi hù xíng	41494	in-ing,ai-ei,h-f,j-q-x	1
宽银幕	kuān yín mù	41499	in-ing,uan-uang	1
疟原虫	nüè yuán chóng	41519	uan-uang,c-ch,n-l	1
挪窝儿	nuó wō er	41520	ua-uo,n-l	1
千层底	qiān céng dǐ	41528	en-eng,ian-iang,c-ch,j-q-x	1
青春痘	qīng chūn dòu	41532	in-ing,ao-ou,c-ch,j-q-x	1
清道夫	qīng dào fū	41535	in-ing,ao-ou,h-f,j-q-x	1
数来宝	shǔ lái bǎo	41557	ai-ei,ao-ou,s-sh,n-l,r-l	1
统帅部	tǒng shuài bù	41566	s-sh	1
违禁品	wéi jìn pǐn	41573	in-ing,ai-ei,j-q-x	1
下半月	xià bàn yuè	41575	an-ang,ia-ie,j-q-x	1
下礼拜	xià lǐ bài	41576	ai-ei,ia-ie,n-l,r-l,j-q-x	1
研修生	yán xiū shēng	41591	en-eng,an-ang,s-sh,j-q-x	1
眼眶子	yǎn kuàng zǐ	41592	an-ang,uan-uang,z-zh	1
摇篮曲	yáo lán qǔ	41593	an-ang,ao-ou,n-l,r-l,j-q-x	1
圆周率	yuán zhōu lǜ	41605	uan-uang,ao-ou,z-zh,n-l,r-l	1
睁眼瞎	zhēng yǎn xiā	41613	en-eng,an-ang,ia-ie,z-zh,j-q-x	1
椎间盘	zhuī jiān pán	41620	an-ang,ian-iang,z-zh,j-q-x	1
白兰花	bái lán huā	41625	an-ang,ai-ei,ua-uo,n-l,h-f,r-l	1
百褶裙	bǎi zhě qún	41626	ai-ei,z-zh,j-q-x	3
保健站	bǎo jiàn zhàn	41629	an-ang,ian-iang,ao-ou,z-zh,j-q-x	1
扁桃体	biǎn táo tǐ	41633	ian-iang,ao-ou	1
别动队	bié dòng duì	41634	ia-ie	1
步话机	bù huà jī	41638	ua-uo,h-f,j-q-x	1
吃回扣	chī huí kòu	41651	ao-ou,c-ch,h-f	1
出栏率	chū lán lǜ	41654	an-ang,c-ch,n-l,r-l	1
大块头	dà kuài tóu	41662	ao-ou	1
动脑子	dòng nǎo zǐ	41667	ao-ou,z-zh,n-l	1
豆瓣儿	dòu bàn er	41669	an-ang,ao-ou	1
独眼龙	dú yǎn lóng	41670	an-ang,n-l,r-l	1
搁不住	gé bu zhù	41683	z-zh	1
工商税	gōng shāng shuì	41687	an-ang,s-sh	1
滚动式	gǔn dòng shì	41692	s-sh	1
红眼病	hóng yǎn bìng	41696	in-ing,an-ang,h-f	1
红药水	hóng yào shuǐ	41697	ao-ou,s-sh,h-f	1
后悔药	hòu huǐ yào	41698	ao-ou,h-f	1
滑翔机	huá xiáng jī	41702	ian-iang,ua-uo,h-f,j-q-x	1
滑雪板	huá xuě bǎn	41703	an-ang,ua-uo,h-f,j-q-x	1
混交林	hùn jiāo lín	41706	in-ing,n-l,h-f,r-l,j-q-x	1
鸡冠花	jī guān huā	41707	uan-uang,ua-uo,h-f,j-q-x	1
鸡毛信	jī máo xìn	41708	in-ing,ao-ou,j-q-x	1
纪传体	jì zhuàn tǐ	41710	uan-uang,z-zh,j-q-x	1
交通壕	jiāo tōng háo	41712	ao-ou,h-f,j-q-x	3
开小灶	kāi xiǎo zào	41719	ai-ei,ao-ou,z-zh,j-q-x	1
流程图	liú chéng tú	41730	en-eng,c-ch,n-l,r-l	1
马蹄莲	mǎ tí lián	41735	ian-iang,n-l,r-l	1
没边儿	méi biān er	41737	ian-iang,ai-ei	1
绕弯子	rào wān zi	41757	an-ang,ao-ou,z-zh,r-l	1
洒水车	sǎ shuǐ chē	41759	c-ch,s-sh	1
审计师	shěn jì shī	41763	en-eng,s-sh,j-q-x	1
试营业	shì yíng yè	41768	in-ing,s-sh	1
水溶性	shuǐ róng xìng	41774	in-ing,s-sh,r-l,j-q-x	1
通信兵	tōng xìn bīng	41783	in-ing,j-q-x	1
玩儿命	wán er mìng	41789	in-ing,an-ang	1
万年青	wàn nián qīng	41790	in-ing,an-ang,ian-iang,n-l,j-q-x	1
相思病	xiāng sī bìng	41803	in-ing,ian-iang,s-sh,j-q-x	1
消毒柜	xiāo dú guì	41805	j-q-x	1
学生装	xué sheng zhuāng	41809	en-eng,uan-uang,z-zh,s-sh,j-q-x	1
洋泾浜	yáng jīng bāng	41810	in-ing,an-ang,j-q-x	3
一码事	yī mǎ shì	41815	s-sh	1
有一手	yǒu yī shǒu	41821	ao-ou,s-sh	1
曾祖母	zēng zǔ mǔ	41825	en-eng,z-zh	1
掌勺儿	zhǎng sháo er	41827	an-ang,ao-ou,z-zh,s-sh	1
白骨精	bái gǔ jīng	41842	in-ing,ai-ei,j-q-x	1
半月形	bàn yuè xíng	41845	in-ing,an-ang,j-q-x	1
保护色	bǎo hù sè	41846	ao-ou,s-sh,h-f	1
报务员	bào wù yuán	41847	uan-uang,ao-ou	1
重孙子	chóng sūn zi	41860	z-zh,c-ch,s-sh	1
大年夜	dà nián yè	41867	ian-iang,n-l	1
大前年	dà qián nián	41868	ian-iang,n-l,j-q-x	1
大头菜	dà tóu cài	41869	ai-ei,ao-ou,c-ch	1
胆囊炎	dǎn náng yán	41872	an-ang,n-l	1
等价物	děng jià wù	41873	en-eng,ia-ie,j-q-x	1
电度表	diàn dù biǎo	41875	ian-iang	1
东半球	dōng bàn qiú	41877	an-ang,j-q-x	1
飞天奖	fēi tiān jiǎng	41889	ian-iang,ai-ei,h-f,j-q-x	1
工艺师	gōng yì shī	41893	s-sh	1
古文字	gǔ wén zì	41898	en-eng,z-zh	1
化验员	huà yàn yuán	41912	an-ang,uan-uang,ua-uo,h-f	1
回归线	huí guī xiàn	41917	ian-iang,h-f,j-q-x	1
开口子	kāi kǒu zi	41929	ai-ei,ao-ou,z-zh	1
空心砖	kōng xīn zhuān	41930	in-ing,uan-uang,z-zh,j-q-x	1
劳动权	láo dòng quán	41934	uan-uang,ao-ou,n-l,r-l,j-q-x	1
龙舌兰	lóng shé lán	41941	an-ang,s-sh,n-l,r-l	1
免税店	miǎn shuì diàn	41947	ian-iang,s-sh	1
破落户	pò luò hù	41967	ua-uo,n-l,h-f,r-l	1
绕口令	rào kǒu lìng	41973	in-ing,ao-ou,n-l,r-l	1
山核桃	shān hé tao	41978	an-ang,ao-ou,s-sh,h-f	1
少壮派	shào zhuàng pài	41980	uan-uang,ai-ei,ao-ou,z-zh,s-sh	1
守旧派	shǒu jiù pài	41989	ai-ei,ao-ou,s-sh,j-q-x	1
司号员	sī hào yuán	41994	uan-uang,ao-ou,s-sh,h-f	1
提货单	tí huò dān	42001	an-ang,ua-uo,h-f	1
稀巴烂	xī ba làn	42018	an-ang,n-l,r-l,j-q-x	1
下酒菜	xià jiǔ cài	42021	ai-ei,ia-ie,c-ch,j-q-x	1
小集团	xiǎo jí tuán	42028	uan-uang,j-q-x	1
药罐子	yào guàn zi	42044	uan-uang,ao-ou,z-zh	1
应用题	yìng yòng tí	42050	in-ing	1
找茬儿	zhǎo chá er	42066	ao-ou,z-zh,c-ch	1
庄稼院	zhuāng jià yuàn	42071	uan-uang,ia-ie,z-zh,j-q-x	1
自由民	zì yóu mín	42073	in-ing,ao-ou,z-zh	1
租借地	zū jiè dì	42076	ia-ie,z-zh,j-q-x	1
尊夫人	zūn fū rén	42078	en-eng,z-zh,h-f,r-l	1
白晃晃	bái huǎng huǎng	42081	uan-uang,ai-ei,h-f	1
刨花板	bào huā bǎn	42086	an-ang,ao-ou,ua-uo,h-f	1
不更事	bù gēng shì	42092	en-eng,s-sh	1
灌唱片	guàn chàng piàn	42103	an-ang,ian-iang,uan-uang,c-ch	1
打屁股	dǎ pì gu	42110		1
大舅子	dà jiù zi	42111	z-zh,j-q-x	1
动窝儿	dòng wō er	42120		1
房管所	fáng guǎn suǒ	42125	an-ang,uan-uang,ua-uo,s-sh,h-f	1
粉碎性	fěn suì xìng	42127	en-eng,in-ing,s-sh,h-f,j-q-x	1
风纪扣	fēng jì kòu	42128	en-eng,ao-ou,h-f,j-q-x	1
挂号处	guà hào chǔ	42137	ao-ou,ua-uo,c-ch,h-f	1
悔过书	huǐ guò shū	42150	ua-uo,s-sh,h-f	1
结核菌	jié hé jūn	42161	ia-ie,h-f,j-q-x	1
金箍棒	jīn gū bàng	42163	in-ing,an-ang,j-q-x	3
葵花籽	kuí huā zǐ	42169	ua-uo,z-zh,h-f	1
傀儡戏	kuǐ lěi xì	42170	ai-ei,n-l,r-l,j-q-x	3
老皇历	lǎo huáng li	42171	uan-uang,ao-ou,n-l,h-f,r-l	1
老套子	lǎo tào zi	42172	ao-ou,z-zh,n-l,r-l	1
链霉素	liàn méi sù	42174	ian-iang,ai-ei,s-sh,n-l,r-l	1
溜冰场	liū bīng chǎng	42178	in-ing,an-ang,c-ch,n-l,r-l	1
没词儿	méi cí er	42179	ai-ei,c-ch	1
煤气灯	méi qì dēng	42181	en-eng,ai-ei,j-q-x	1
闹洞房	nào dòng fáng	42185	an-ang,ao-ou,n-l,h-f	1
旁听生	páng tīng shēng	42189	en-eng,in-ing,an-ang,s-sh	1
翘尾巴	qiào wěi ba	42197	ai-ei,j-q-x	1
秋老虎	qiū lǎo hǔ	42202	ao-ou,n-l,h-f,r-l,j-q-x	1
上半夜	shàng bàn yè	42213	an-ang,s-sh	1
输尿管	shū niào guǎn	42227	uan-uang,s-sh,n-l	1
送一程	sòng yī chéng	42230	en-eng,c-ch,s-sh	1
铁观音	tiě guān yīn	42238	in-ing,uan-uang,ia-ie	1
铁将军	tiě jiāng jūn	42239	ian-iang,ia-ie,j-q-x	1
万人坑	wàn rén kēng	42248	en-eng,an-ang,r-l	1
五月节	wǔ yuè jié	42252	ia-ie,j-q-x	1
燕尾服	yàn wěi fú	42270	an-ang,ai-ei,h-f	1
硬着陆	yìng zhuó lù	42284	in-ing,ua-uo,z-zh,n-l,r-l	1
宇航服	yǔ háng fú	42291	an-ang,h-f	1
织锦缎	zhī jǐn duàn	42302	in-ing,uan-uang,z-zh,j-q-x	1
主婚人	zhǔ hūn rén	42306	en-eng,z-zh,h-f,r-l	1
庄园主	zhuāng yuán zhǔ	42308	uan-uang,z-zh	1
走老路	zǒu lǎo lù	42311	ao-ou,z-zh,n-l,r-l	1
座上客	zuò shàng kè	42313	an-ang,ua-uo,z-zh,s-sh	1
安乐椅	ān lè yǐ	42315	an-ang,n-l,r-l	1
常备军	cháng bèi jūn	42334	an-ang,ai-ei,c-ch,j-q-x	1
炒鱿鱼	chǎo yóu yú	42336	ao-ou,c-ch	3
吃不开	chī bu kāi	42339	ai-ei,c-ch	1
吃皇粮	chī huáng liáng	42340	ian-iang,uan-uang,c-ch,n-l,h-f,r-l	1
大檐帽	dà yán mào	42354	an-ang,ao-ou	1
党八股	dǎng bā gǔ	42357	an-ang	1
德昂族	dé áng zú	42359	an-ang,z-zh	1
灯芯绒	dēng xīn róng	42360	en-eng,in-ing,r-l,j-q-x	1
断代史	duàn dài shǐ	42367	uan-uang,ai-ei,s-sh	1
肺水肿	fèi shuǐ zhǒng	42380	ai-ei,z-zh,s-sh,h-f	1
刮地皮	guā dì pí	42395	ua-uo	1
观后感	guān hòu gǎn	42397	an-ang,uan-uang,ao-ou,h-f	1
观象台	guān xiàng tái	42398	ian-iang,uan-uang,ai-ei,j-q-x	1
活教材	huó jiào cái	42411	ai-ei,ua-uo,c-ch,h-f,j-q-x	1
火头上	huǒ tóu shàng	42412	an-ang,ao-ou,ua-uo,s-sh,h-f	1
经手人	jīng shǒu rén	42422	en-eng,in-ing,ao-ou,s-sh,r-l,j-q-x	1
抠门儿	kōu mén er	42428	en-eng,ao-ou	1
乐天派	lè tiān pài	42434	ian-iang,ai-ei,n-l,r-l	1
耐火砖	nài huǒ zhuān	42448	uan-uang,ai-ei,ua-uo,z-zh,n-l,h-f	1
前半夜	qián bàn yè	42460	an-ang,ian-iang,j-q-x	1
日光浴	rì guāng yù	42474	uan-uang,r-l	1
肉中刺	ròu zhōng cì	42478	ao-ou,z-zh,c-ch,r-l	1
三重奏	sān chóng zòu	42482	an-ang,ao-ou,z-zh,c-ch,s-sh	1
升降机	shēng jiàng jī	42488	en-eng,ian-iang,s-sh,j-q-x	1
石榴裙	shí liu qún	42489	s-sh,n-l,r-l,j-q-x	1
使性子	shǐ xìng zi	42490	in-ing,z-zh,s-sh,j-q-x	1
甜滋滋	tián zī zī	42501	ian-iang,z-zh	1
通讯网	tōng xùn wǎng	42503	an-ang,j-q-x	1
行李车	xíng li chē	42520	in-ing,c-ch,n-l,r-l,j-q-x	1
性变态	xìng biàn tài	42522	in-ing,ian-iang,ai-ei,j-q-x	1
休止符	xiū zhǐ fú	42523	z-zh,h-f,j-q-x	1
遗腹子	yí fù zǐ	42533	z-zh,h-f	1
有眉目	yǒu méi mù	42539	ai-ei,ao-ou	1
枣红色	zǎo hóng sè	42548	ao-ou,z-zh,s-sh,h-f	1
中立国	zhōng lì guó	42559	ua-uo,z-zh,n-l,r-l	1
装配线	zhuāng pèi xiàn	42565	ian-iang,uan-uang,ai-ei,z-zh,j-q-x	1
坐天下	zuò tiān xià	42567	ian-iang,ia-ie,ua-uo,z-zh,j-q-x	1
百日咳	bǎi rì ké	42569	ai-ei,r-l	1
保鲜剂	bǎo xiān jì	42572	ian-iang,ao-ou,j-q-x	1
北极光	běi jí guāng	42574	uan-uang,ai-ei,j-q-x	1
波斯猫	bō sī māo	42579	ao-ou,s-sh	1
布朗族	bù lǎng zú	42581	an-ang,z-zh,n-l,r-l	1
吃馆子	chī guǎn zi	42586	uan-uang,z-zh,c-ch	1
刺儿头	cì er tóu	42594	ao-ou,c-ch	1
打工族	dǎ gōng zú	42597	z-zh	1
打内战	dǎ nèi zhàn	42598	an-ang,ai-ei,z-zh,n-l	1
等级制	děng jí zhì	42605	en-eng,z-zh,j-q-x	1
地震波	dì zhèn bō	42606	en-eng,z-zh	1
地震带	dì zhèn dài	42607	en-eng,ai-ei,z-zh	1
电子眼	diàn zǐ yǎn	42609	an-ang,ian-iang,z-zh	1
垫脚石	diàn jiǎo shí	42610	ian-iang,s-sh,j-q-x	1
二踢脚	èr tī jiǎo	42622	j-q-x	1
车公里	chē gōng lǐ	42626	c-ch,n-l,r-l	1
封建主	fēng jiàn zhǔ	42630	en-eng,ian-iang,z-zh,h-f,j-q-x	1
够得着	gòu de zháo	42640	ao-ou,z-zh	1
汗珠子	hàn zhū zi	42650	an-ang,z-zh,h-f	1
花骨朵	huā gū duo	42656	ua-uo,h-f	1
花露水	huā lù shuǐ	42657	ua-uo,s-sh,n-l,h-f,r-l	1
画等号	huà děng hào	42660	en-eng,ao-ou,ua-uo,h-f	1
幻想曲	huàn xiǎng qǔ	42663	ian-iang,uan-uang,h-f,j-q-x	1
季节工	jì jié gōng	42669	ia-ie,j-q-x	1
拉下脸	lā xià liǎn	42693	ian-iang,ia-ie,n-l,r-l,j-q-x	1
流口水	liú kǒu shuǐ	42699	ao-ou,s-sh,n-l,r-l	1
麻秆儿	má gǎn er	42707	an-ang	1
麦乳精	mài rǔ jīng	42709	in-ing,ai-ei,r-l,j-q-x	1
猛不防	měng bu fáng	42714	en-eng,an-ang,h-f	1
迷魂汤	mí hún tāng	42715	an-ang,h-f	1
明细账	míng xì zhàng	42717	in-ing,an-ang,z-zh,j-q-x	1
母夜叉	mǔ yè chā	42721	c-ch	1
内向型	nèi xiàng xíng	42725	in-ing,ian-iang,ai-ei,n-l,j-q-x	1
尼龙绳	ní lóng shéng	42726	en-eng,s-sh,n-l,r-l	1
七言诗	qī yán shī	42736	an-ang,s-sh,j-q-x	1
秋庄稼	qiū zhuāng jia	42747	uan-uang,ia-ie,z-zh,j-q-x	1
三只手	sān zhī shǒu	42754	an-ang,ao-ou,z-zh,s-sh	1
身条儿	shēn tiáo er	42760	en-eng,s-sh	1
耍威风	shuǎ wēi fēng	42765	en-eng,ai-ei,ua-uo,s-sh,h-f	1
速成班	sù chéng bān	42768	en-eng,an-ang,c-ch,s-sh	1
太空舱	tài kōng cāng	42770	an-ang,ai-ei,c-ch	1
糖人儿	táng rén er	42771	en-eng,an-ang,r-l	1
铁公鸡	tiě gōng jī	42778	ia-ie,j-q-x	1
通关节	tōng guān jié	42780	uan-uang,ia-ie,j-q-x	1
同音字	tóng yīn zì	42781	in-ing,z-zh	1
微血管	wēi xuè guǎn	42790	uan-uang,ai-ei,j-q-x	1
五味子	wǔ wèi zǐ	42793	ai-ei,z-zh	1
武装带	wǔ zhuāng dài	42794	uan-uang,ai-ei,z-zh	1
吸水性	xī shuǐ xìng	42795	in-ing,s-sh,j-q-x	1
响尾蛇	xiǎng wěi shé	42802	ian-iang,ai-ei,s-sh,j-q-x	1
心头肉	xīn tóu ròu	42805	in-ing,ao-ou,r-l,j-q-x	1
性虐待	xìng nüè dài	42809	in-ing,ai-ei,n-l,j-q-x	1
阎王殿	yán wang diàn	42820	an-ang,ian-iang	1
运动衫	yùn dòng shān	42832	an-ang,s-sh	1
折叠椅	zhé dié yǐ	42836	ia-ie,z-zh	1
专门家	zhuān mén jiā	42843	en-eng,uan-uang,ia-ie,z-zh,j-q-x	1
组合式	zǔ hé shì	42848	z-zh,s-sh,h-f	1
白干儿	bái gān er	42851	an-ang,ai-ei	1
北京鸭	běi jīng yā	42854	in-ing,ai-ei,j-q-x	1
标准件	biāo zhǔn jiàn	42858	ian-iang,z-zh,j-q-x	1
表演唱	biǎo yǎn chàng	42859	an-ang,c-ch	1
长方脸	cháng fāng liǎn	42867	an-ang,ian-iang,c-ch,n-l,h-f,r-l	1
城市病	chéng shì bìng	42874	en-eng,in-ing,c-ch,s-sh	1
打短工	dǎ duǎn gōng	42886	uan-uang	1
大花脸	dà huā liǎn	42888	ian-iang,ua-uo,n-l,h-f,r-l	1
倒插门	dào chā mén	42890	en-eng,ao-ou,c-ch	1
动作片	dòng zuò piàn	42894	ian-iang,ua-uo,z-zh	1
凤仙花	fèng xiān huā	42906	en-eng,ian-iang,ua-uo,h-f,j-q-x	1
夫妻店	fū qī diàn	42907	ian-iang,h-f,j-q-x	1
腐蚀剂	fǔ shí jì	42910	s-sh,h-f,j-q-x	1
枸杞子	gǒu qǐ zǐ	42916	ao-ou,z-zh,j-q-x	3
孩子王	hái zi wáng	42921	an-ang,ai-ei,z-zh,h-f	1
黑面包	hēi miàn bāo	42927	ian-iang,ai-ei,ao-ou,h-f	1
集成化	jí chéng huà	42943	en-eng,ua-uo,c-ch,h-f,j-q-x	1
酱豆腐	jiàng dòu fu	42949	ian-iang,ao-ou,h-f,j-q-x	1
交杯酒	jiāo bēi jiǔ	42950	ai-ei,j-q-x	1
进度表	jìn dù biǎo	42955	in-ing,j-q-x	1
经济舱	jīng jì cāng	42957	in-ing,an-ang,c-ch,j-q-x	1
咖啡豆	kā fēi dòu	42963	ai-ei,ao-ou,h-f	1
乐陶陶	lè táo táo	42970	ao-ou,n-l,r-l	1
马前卒	mǎ qián zú	42981	ian-iang,z-zh,j-q-x	1
麦秆儿	mài gǎn er	42983	an-ang,ai-ei	1
镁光灯	měi guāng dēng	42987	en-eng,uan-uang,ai-ei	3
拿手戏	ná shǒu xì	42996	ao-ou,s-sh,n-l,j-q-x	1
偏头痛	piān tóu tòng	43004	ian-iang,ao-ou	1
敲边鼓	qiāo biān gǔ	43013	ian-iang,j-q-x	1
人情债	rén qíng zhài	43024	en-eng,in-ing,ai-ei,z-zh,r-l,j-q-x	1
人造丝	rén zào sī	43025	en-eng,ao-ou,z-zh,s-sh,r-l	1
伤残人	shāng cán rén	43031	en-eng,an-ang,c-ch,s-sh,r-l	1
上轨道	shàng guǐ dào	43032	an-ang,ao-ou,s-sh	1
说不得	shuō bu de	43043	ua-uo,s-sh	1
钛合金	tài hé jīn	43048	in-ing,ai-ei,h-f,j-q-x	3
踢皮球	tī pí qiú	43052	j-q-x	1
剃光头	tì guāng tóu	43053	uan-uang,ao-ou	1
投诉率	tóu sù lǜ	43060	ao-ou,s-sh,n-l,r-l	1
未亡人	wèi wáng rén	43064	en-eng,an-ang,ai-ei,r-l	1
无霜期	wú shuāng qī	43069	uan-uang,s-sh,j-q-x	1
先行官	xiān xíng guān	43075	in-ing,ian-iang,uan-uang,j-q-x	1
腰杆子	yāo gǎn zi	43089	an-ang,ao-ou,z-zh	1
野汉子	yě hàn zǐ	43091	an-ang,z-zh,h-f	1
意见簿	yì jiàn bù	43099	ian-iang,j-q-x	1
银质奖	yín zhì jiǎng	43101	in-ing,ian-iang,z-zh,j-q-x	1
印刷体	yìn shuā tǐ	43106	in-ing,ua-uo,s-sh	1
影印本	yǐng yìn běn	43107	en-eng,in-ing	1
装门面	zhuāng mén mian	43125	en-eng,ian-iang,uan-uang,z-zh	1
姊妹篇	zǐ mèi piān	43128	ian-iang,ai-ei,z-zh	1
背包袱	bēi bāo fu	43139	ai-ei,ao-ou,h-f	1
补给线	bǔ jǐ xiàn	43149	ian-iang,j-q-x	1
不倒翁	bù dǎo wēng	43150	en-eng,ao-ou	1
车老板	chē lǎo bǎn	43156	an-ang,ao-ou,c-ch,n-l,r-l	1
车辆段	chē liàng duàn	43157	ian-iang,uan-uang,c-ch,n-l,r-l	1
大立柜	dà lì guì	43164	n-l,r-l	1
登记册	dēng jì cè	43169	en-eng,c-ch,j-q-x	1
冬不拉	dōng bù lā	43176	n-l,r-l	1
独龙族	dú lóng zú	43177	z-zh,n-l,r-l	1
发报机	fā bào jī	43183	ao-ou,h-f,j-q-x	1
发明权	fā míng quán	43184	in-ing,uan-uang,h-f,j-q-x	1
发神经	fā shén jīng	43187	en-eng,in-ing,s-sh,h-f,j-q-x	1
翻本儿	fān běn er	43188	en-eng,an-ang,h-f	1
犯得着	fàn de zháo	43192	an-ang,ao-ou,z-zh,h-f	1
防波堤	fáng bō dī	43193	an-ang,h-f	1
蜂王浆	fēng wáng jiāng	43196	en-eng,an-ang,ian-iang,h-f,j-q-x	1
凤凰琴	fèng huáng qín	43197	en-eng,in-ing,uan-uang,h-f,j-q-x	1
赶庙会	gǎn miào huì	43204	an-ang,h-f	1
佝偻病	gōu lóu bìng	43211	in-ing,ao-ou,n-l,r-l	3
光板儿	guāng bǎn er	43216	an-ang,uan-uang	1
裹脚布	guǒ jiǎo bù	43220	ua-uo,j-q-x	1
户籍警	hù jí jǐng	43228	in-ing,h-f,j-q-x	1
假大空	jiǎ dà kōng	43235	ia-ie,j-q-x	1
肩胛骨	jiān jiǎ gǔ	43237	ian-iang,ia-ie,j-q-x	3
结膜炎	jié mó yán	43239	an-ang,ia-ie,j-q-x	1
开房间	kāi fáng jiān	43248	an-ang,ian-iang,ai-ei,h-f,j-q-x	1
礼拜日	lǐ bài rì	43255	ai-ei,n-l,r-l	1
滤波器	lǜ bō qì	43262	n-l,r-l,j-q-x	1
尼龙袜	ní lóng wà	43276	n-l,r-l	1
牛角尖	niú jiǎo jiān	43279	ian-iang,n-l,j-q-x	1
皮褥子	pí rù zi	43283	z-zh,r-l	1
热水袋	rè shuǐ dài	43298	ai-ei,s-sh,r-l	1
山大王	shān dài wang	43304	an-ang,ai-ei,s-sh	1
梳辫子	shū biàn zi	43317	ian-iang,z-zh,s-sh	1
水银灯	shuǐ yín dēng	43320	en-eng,in-ing,s-sh	1
抬轿子	tái jiào zi	43324	ai-ei,z-zh,j-q-x	1
五言诗	wǔ yán shī	43340	an-ang,s-sh	1
乡下佬	xiāng xià lǎo	43346	ian-iang,ao-ou,ia-ie,n-l,r-l,j-q-x	3
橡皮膏	xiàng pí gāo	43347	ian-iang,ao-ou,j-q-x	1
小小子	xiǎo xiǎo zi	43349	z-zh,j-q-x	1
行李架	xíng li jià	43357	in-ing,ia-ie,n-l,r-l,j-q-x	1
雪莲花	xuě lián huā	43364	ian-iang,ua-uo,n-l,h-f,r-l,j-q-x	1
哑巴亏	yǎ ba kuī	43365		1
异体字	yì tǐ zì	43375	z-zh	1
虞美人	yú měi rén	43385	en-eng,ai-ei,r-l	3
育婴堂	yù yīng táng	43386	in-ing,an-ang	1
原始林	yuán shǐ lín	43389	in-ing,uan-uang,s-sh,n-l,r-l	1
遮阳帽	zhē yáng mào	43394	an-ang,ao-ou,z-zh	1
指不定	zhǐ bu dìng	43398	in-ing,z-zh	1
自留山	zì liú shān	43410	an-ang,z-zh,s-sh,n-l,r-l	1
八月节	bā yuè jié	43413	ia-ie,j-q-x	1
白粉病	bái fěn bìng	43415	en-eng,in-ing,ai-ei,h-f	1
半自动	bàn zì dòng	43417	an-ang,z-zh	1
饱眼福	bǎo yǎn fú	43419	an-ang,ao-ou,h-f	1
背黑锅	bēi hēi guō	43420	ai-ei,ua-uo,h-f	1
边角料	biān jiǎo liào	43423	ian-iang,n-l,r-l,j-q-x	1
编年体	biān nián tǐ	43424	ian-iang,n-l	1
长蛇阵	cháng shé zhèn	43434	en-eng,an-ang,z-zh,c-ch,s-sh	1
敞篷车	chǎng péng chē	43435	en-eng,an-ang,c-ch	1
臭架子	chòu jià zi	43440	ao-ou,ia-ie,z-zh,c-ch,j-q-x	1
存款单	cún kuǎn dān	43449	an-ang,uan-uang,c-ch	1
打比方	dǎ bǐ fang	43451	an-ang,h-f	1
打蔫儿	dǎ niān er	43452	ian-iang,n-l	3
打前站	dǎ qián zhàn	43453	an-ang,ian-iang,z-zh,j-q-x	1
大拇哥	dà mǔ gē	43456		1
单弦儿	dān xián er	43459	an-ang,ian-iang,j-q-x	1
吊死鬼	diào sǐ guǐ	43464	s-sh	1
二进制	èr jìn zhì	43467	in-ing,z-zh,j-q-x	1
疙瘩汤	gē da tāng	43476	an-ang	1
谷氨酸	gǔ ān suān	43481	an-ang,uan-uang,s-sh	1
经销点	jīng xiāo diǎn	43517	in-ing,ian-iang,j-q-x	1
精装本	jīng zhuāng běn	43519	en-eng,in-ing,uan-uang,z-zh,j-q-x	1
喇嘛教	lǎ ma jiào	43525	n-l,r-l,j-q-x	1
腊八粥	là bā zhōu	43526	ao-ou,z-zh,n-l,r-l	1
吝啬鬼	lìn sè guǐ	43539	in-ing,s-sh,n-l,r-l	3
麻豆腐	má dòu fu	43544	ao-ou,h-f	1
麦芽糖	mài yá táng	43545	an-ang,ai-ei	1
盲肠炎	máng cháng yán	43546	an-ang,c-ch	1
毛织品	máo zhī pǐn	43548	in-ing,ao-ou,z-zh	1
牛仔服	niú zǎi fú	43559	ai-ei,z-zh,n-l,h-f	1
染发剂	rǎn fà jì	43578	an-ang,h-f,r-l,j-q-x	1
软刀子	ruǎn dāo zi	43579	uan-uang,ao-ou,z-zh,r-l	1
山里红	shān li hóng	43583	an-ang,s-sh,n-l,h-f,r-l	1
上辈子	shàng bèi zi	43585	an-ang,ai-ei,z-zh,s-sh	1
数得着	shǔ de zháo	43597	ao-ou,z-zh,s-sh	1
酸辣汤	suān là tāng	43599	an-ang,uan-uang,s-sh,n-l,r-l	1
托老所	tuō lǎo suǒ	43612	ao-ou,ua-uo,s-sh,n-l,r-l	1
乌油油	wū yóu yóu	43623	ao-ou	1
消防栓	xiāo fáng shuān	43632	an-ang,uan-uang,s-sh,h-f,j-q-x	1
血压计	xuè yā jì	43645	j-q-x	1
耶稣教	yē sū jiào	43651	s-sh,j-q-x	3
有谱儿	yǒu pǔ er	43657	ao-ou	1
脏字儿	zāng zì er	43662	an-ang,z-zh	1
早自习	zǎo zì xí	43663	ao-ou,z-zh,j-q-x	1
障眼法	zhàng yǎn fǎ	43667	an-ang,z-zh,h-f	1
制海权	zhì hǎi quán	43670	uan-uang,ai-ei,z-zh,h-f,j-q-x	1
中间派	zhōng jiān pài	43672	ian-iang,ai-ei,z-zh,j-q-x	1
走私犯	zǒu sī fàn	43679	an-ang,ao-ou,z-zh,s-sh,h-f	1
组合柜	zǔ hé guì	43682	z-zh,h-f	1
八字胡	bā zì hú	43688	z-zh,h-f	1
把口儿	bǎ kǒu er	43689	ao-ou	1
背对背	bèi duì bèi	43696	ai-ei	1
碧螺春	bì luó chūn	43698	ua-uo,c-ch,n-l,r-l	1
冰碴儿	bīng chá er	43701	in-ing,c-ch	3
插秧机	chā yāng jī	43706	an-ang,c-ch,j-q-x	1
吹风机	chuī fēng jī	43715	en-eng,c-ch,h-f,j-q-x	1
定向生	dìng xiàng shēng	43732	en-eng,in-ing,ian-iang,s-sh,j-q-x	1
耳边风	ěr biān fēng	43737	en-eng,ian-iang,h-f	1
钢丝床	gāng sī chuáng	43749	an-ang,uan-uang,c-ch,s-sh	1
高压电	gāo yā diàn	43750	ian-iang,ao-ou	1
观赏鱼	guān shǎng yú	43756	an-ang,uan-uang,s-sh	1
合家欢	hé jiā huān	43763	uan-uang,ia-ie,h-f,j-q-x	1
滑冰场	huá bīng chǎng	43769	in-ing,an-ang,ua-uo,c-ch,h-f	1
滑石粉	huá shí fěn	43770	en-eng,ua-uo,s-sh,h-f	1
黄热病	huáng rè bìng	43774	in-ing,uan-uang,h-f,r-l	1
和稀泥	huò xī ní	43779	ua-uo,n-l,h-f,j-q-x	1
加塞儿	jiā sāi er	43782	ai-ei,ia-ie,s-sh,j-q-x	1
假道学	jiǎ dào xué	43783	ao-ou,ia-ie,j-q-x	1
交通车	jiāo tōng chē	43784	c-ch,j-q-x	1
芥子气	jiè zǐ qì	43787	ia-ie,z-zh,j-q-x	1
紧身衣	jǐn shēn yī	43788	en-eng,in-ing,s-sh,j-q-x	1
龙虎斗	lóng hǔ dòu	43811	ao-ou,n-l,h-f,r-l	1
落水狗	luò shuǐ gǒu	43812	ao-ou,ua-uo,s-sh,n-l,r-l	1
麻酥酥	má sū sū	43813	s-sh	1
马齿苋	mǎ chǐ xiàn	43814	ian-iang,c-ch,j-q-x	3
慢车道	màn chē dào	43816	an-ang,ao-ou,c-ch	1
毛背心	máo bèi xīn	43817	in-ing,ai-ei,ao-ou,j-q-x	1
迷幻药	mí huàn yào	43821	uan-uang,ao-ou,h-f	1
抹不开	mò bu kāi	43826	ai-ei	1
跑调儿	pǎo diào er	43837	ao-ou	1
潜望镜	qián wàng jìng	43843	in-ing,an-ang,ian-iang,j-q-x	1
守活寡	shǒu huó guǎ	43870	ao-ou,ua-uo,s-sh,h-f	1
耍流氓	shuǎ liú máng	43874	an-ang,ua-uo,s-sh,n-l,r-l	1
水磨石	shuǐ mó shí	43875	s-sh	1
死老虎	sǐ lǎo hǔ	43880	ao-ou,s-sh,n-l,h-f,r-l	1
替死鬼	tì sǐ guǐ	43884	s-sh	1
零首付	líng shǒu fù	43893	in-ing,ao-ou,s-sh,n-l,h-f,r-l	1
卫生筷	wèi shēng kuài	43896	en-eng,ai-ei,s-sh	1
无核区	wú hé qū	43898	h-f,j-q-x	1
气门芯	qì mén xīn	43904	en-eng,in-ing,j-q-x	1
休养所	xiū yǎng suǒ	43911	an-ang,ua-uo,s-sh,j-q-x	1
一根筋	yī gēn jīn	43931	en-eng,in-ing,j-q-x	1
杂活儿	zá huó er	43940	ua-uo,z-zh,h-f	1
在逃犯	zài táo fàn	43942	an-ang,ai-ei,ao-ou,z-zh,h-f	1
折叠式	zhé dié shì	43947	ia-ie,z-zh,s-sh	1
侄媳妇	zhí xí fu	43951	z-zh,h-f,j-q-x	1
钟鼓楼	zhōng gǔ lóu	43953	ao-ou,z-zh,n-l,r-l	1
助产士	zhù chǎn shì	43955	an-ang,z-zh,c-ch,s-sh	1
左撇子	zuǒ piě zi	43961	ia-ie,ua-uo,z-zh	1
拜把子	bài bǎ zi	43965	ai-ei,z-zh	1
比丘尼	bǐ qiū ní	43968	n-l,j-q-x	1
勃朗宁	bó lǎng níng	43975	in-ing,an-ang,n-l,r-l	1
菜团子	cài tuán zi	43984	uan-uang,ai-ei,z-zh,c-ch	1
车马费	chē mǎ fèi	43992	ai-ei,c-ch,h-f	1
葱白儿	cōng bái er	44001	ai-ei,c-ch	1
打包票	dǎ bāo piào	44002	ao-ou	1
大老婆	dà lǎo po	44003	ao-ou,n-l,r-l	1
倒春寒	dào chūn hán	44005	an-ang,ao-ou,c-ch,h-f	1
电脉冲	diàn mài chōng	44014	ian-iang,ai-ei,c-ch	1
动力机	dòng lì jī	44017	n-l,r-l,j-q-x	1
对台戏	duì tái xì	44025	ai-ei,j-q-x	1
反击战	fǎn jī zhàn	44033	an-ang,z-zh,h-f,j-q-x	1
肺心病	fèi xīn bìng	44037	in-ing,ai-ei,h-f,j-q-x	1
红灯区	hóng dēng qū	44064	en-eng,h-f,j-q-x	1
花大姐	huā dà jiě	44069	ia-ie,ua-uo,h-f,j-q-x	1
回头路	huí tóu lù	44074	ao-ou,n-l,h-f,r-l	1
假正经	jiǎ zhèng jing	44076	en-eng,in-ing,ia-ie,z-zh,j-q-x	1
精品店	jīng pǐn diàn	44079	in-ing,ian-iang,j-q-x	1
菊花茶	jú huā chá	44081	ua-uo,c-ch,h-f,j-q-x	1
空心菜	kōng xīn cài	44089	in-ing,ai-ei,c-ch,j-q-x	1
辣椒酱	là jiāo jiàng	44093	ian-iang,n-l,r-l,j-q-x	1
老豆腐	lǎo dòu fu	44096	ao-ou,n-l,h-f,r-l	1
留一手	liú yī shǒu	44102	ao-ou,s-sh,n-l,r-l	1
马口铁	mǎ kǒu tiě	44105	ao-ou,ia-ie	1
仫佬族	mù lǎo zú	44112	ao-ou,z-zh,n-l,r-l	3
娘娘腔	niáng niang qiāng	44116	ian-iang,n-l,j-q-x	1
软乎乎	ruǎn hū hū	44130	uan-uang,h-f,r-l	1
上中农	shàng zhōng nóng	44139	an-ang,z-zh,s-sh,n-l	1
始发站	shǐ fā zhàn	44141	an-ang,z-zh,s-sh,h-f	1
死脑筋	sǐ nǎo jīn	44147	in-ing,ao-ou,s-sh,n-l,j-q-x	1
四方脸	sì fāng liǎn	44148	an-ang,ian-iang,s-sh,n-l,h-f,r-l	1
铁交椅	tiě jiāo yǐ	44159	ia-ie,j-q-x	1
土皇帝	tǔ huáng dì	44163	uan-uang,h-f	1
细活儿	xì huó er	44168	ua-uo,h-f,j-q-x	1
湘妃竹	xiāng fēi zhú	44174	ian-iang,ai-ei,z-zh,h-f,j-q-x	1
野蔷薇	yě qiáng wēi	44192	ian-iang,ai-ei,j-q-x	3
一品红	yī pǐn hóng	44193	in-ing,h-f	1
荧光粉	yíng guāng fěn	44201	en-eng,in-ing,uan-uang,h-f	1
圆鼓鼓	yuán gǔ gǔ	44212	uan-uang	1
植树节	zhí shù jié	44218	ia-ie,z-zh,s-sh,j-q-x	1
中继站	zhōng jì zhàn	44219	an-ang,z-zh,j-q-x	1
中介人	zhōng jiè rén	44220	en-eng,ia-ie,z-zh,r-l,j-q-x	1
白眼珠	bái yǎn zhū	44236	an-ang,ai-ei,z-zh	1
长绒棉	cháng róng mián	44251	an-ang,ian-iang,c-ch,r-l	1
车轮战	chē lún zhàn	44253	an-ang,z-zh,c-ch,n-l,r-l	1
高新区	gāo xīn qū	44254	in-ing,ao-ou,j-q-x	1
吃食堂	chī shí táng	44257	an-ang,c-ch,s-sh	1
处女膜	chǔ nǚ mó	44260	c-ch,n-l	1
串亲戚	chuàn qīn qi	44261	in-ing,uan-uang,c-ch,j-q-x	1
刀斧手	dāo fǔ shǒu	44276	ao-ou,s-sh,h-f	1
导航台	dǎo háng tái	44277	an-ang,ai-ei,ao-ou,h-f	1
等距离	děng jù lí	44280	en-eng,n-l,r-l,j-q-x	1
电子管	diàn zǐ guǎn	44282	ian-iang,uan-uang,z-zh	1
对比度	duì bǐ dù	44288		1
工薪族	gōng xīn zú	44304	in-ing,z-zh,j-q-x	1
过山车	guò shān chē	44314	an-ang,ua-uo,c-ch,s-sh	1
核黄素	hé huáng sù	44317	uan-uang,s-sh,h-f	1
结晶体	jié jīng tǐ	44342	in-ing,ia-ie,j-q-x	1
京味儿	jīng wèi er	44343	in-ing,ai-ei,j-q-x	1
看得上	kàn dé shàng	44346	an-ang,s-sh	1
恐怖片	kǒng bù piàn	44350	ian-iang	1
苦活儿	kǔ huó er	44353	ua-uo,h-f	1
喇叭口	lǎ ba kǒu	44355	ao-ou,n-l,r-l	1
老骨头	lǎo gǔ tou	44358	ao-ou,n-l,r-l	1
零活儿	líng huó er	44360	in-ing,ua-uo,n-l,h-f,r-l	1
门巴族	mén bā zú	44366	en-eng,z-zh	1
牧羊犬	mù yáng quǎn	44375	an-ang,uan-uang,j-q-x	1
内窥镜	nèi kuī jìng	44378	in-ing,ai-ei,n-l,j-q-x	1
啤酒花	pí jiǔ huā	44391	ua-uo,h-f,j-q-x	1
破烂儿	pò làn er	44393	an-ang,n-l,r-l	1
普洱茶	pǔ ěr chá	44396	c-ch	3
软指标	ruǎn zhǐ biāo	44411	uan-uang,z-zh,r-l	1
三合板	sān hé bǎn	44413	an-ang,s-sh,h-f	1
傻呵呵	shǎ hē hē	44414	s-sh,h-f	1
上座儿	shàng zuò er	44417	an-ang,ua-uo,z-zh,s-sh	1
生物链	shēng wù liàn	44420	en-eng,ian-iang,s-sh,n-l,r-l	1
石棉瓦	shí mián wǎ	44423	ian-iang,s-sh	1
松节油	sōng jié yóu	44431	ao-ou,ia-ie,s-sh,j-q-x	1
土坷垃	tǔ kē la	44448	n-l,r-l	1
窝边草	wō biān cǎo	44457	ian-iang,ao-ou,c-ch	1
锡伯族	xī bó zú	44459	z-zh,j-q-x	1
纤维板	xiān wéi bǎn	44461	an-ang,ian-iang,ai-ei,j-q-x	1
信天翁	xìn tiān wēng	44468	en-eng,in-ing,ian-iang,j-q-x	1
衣冠冢	yī guān zhǒng	44475	uan-uang,z-zh	3
鹦鹉螺	yīng wǔ luó	44477	in-ing,ua-uo,n-l,r-l	1
预产期	yù chǎn qī	44481	an-ang,c-ch,j-q-x	1
杂牌军	zá pái jūn	44485	ai-ei,z-zh,j-q-x	1
镇流器	zhèn liú qì	44492	en-eng,z-zh,n-l,r-l,j-q-x	1
芝麻油	zhī ma yóu	44494	ao-ou,z-zh	1
坐江山	zuò jiāng shān	44504	an-ang,ian-iang,ua-uo,z-zh,s-sh,j-q-x	1
八字步	bā zì bù	44508	z-zh	1
白兰瓜	bái lán guā	44510	an-ang,ai-ei,ua-uo,n-l,r-l	1
摆摊儿	bǎi tān er	44511	an-ang,ai-ei	1
帮倒忙	bāng dào máng	44514	an-ang,ao-ou	1
保温杯	bǎo wēn bēi	44516	en-eng,ai-ei,ao-ou	1
北方话	běi fāng huà	44518	an-ang,ai-ei,ua-uo,h-f	1
处理品	chǔ lǐ pǐn	44537	in-ing,c-ch,n-l,r-l	1
打点滴	dǎ diǎn dī	44545	ian-iang	1
打桩机	dǎ zhuāng jī	44546	uan-uang,z-zh,j-q-x	1
大姑子	dà gū zi	44549	z-zh	1
电子秤	diàn zǐ chèng	44556	en-eng,ian-iang,z-zh,c-ch	1
钓鱼竿	diào yú gān	44559	an-ang	1
东乡族	dōng xiāng zú	44563	ian-iang,z-zh,j-q-x	1
动迁户	dòng qiān hù	44564	ian-iang,h-f,j-q-x	1
对味儿	duì wèi er	44565	ai-ei	1
二拇指	èr mǔ zhǐ	44568	z-zh	1
防化兵	fáng huà bīng	44573	in-ing,an-ang,ua-uo,h-f	1
防空壕	fáng kōng háo	44574	an-ang,ao-ou,h-f	3
防疫针	fáng yì zhēn	44575	en-eng,an-ang,z-zh,h-f	1
分列式	fēn liè shì	44578	en-eng,ia-ie,s-sh,n-l,h-f,r-l	1
够受的	gòu shòu de	44593	ao-ou,s-sh	1
光杆儿	guāng gǎn er	44597	an-ang,uan-uang	1
广播台	guǎng bō tái	44598	uan-uang,ai-ei	1
鬼主意	guǐ zhǔ yi	44599	z-zh	1
旱鸭子	hàn yā zi	44603	an-ang,z-zh,h-f	1
黑材料	hēi cái liào	44606	ai-ei,c-ch,n-l,h-f,r-l	1
换脑筋	huàn nǎo jīn	44615	in-ing,uan-uang,ao-ou,n-l,h-f,j-q-x	1
黄表纸	huáng biǎo zhǐ	44617	uan-uang,z-zh,h-f	1
加湿器	jiā shī qì	44624	ia-ie,s-sh,j-q-x	1
减震器	jiǎn zhèn qì	44626	en-eng,ian-iang,z-zh,j-q-x	1
接茬儿	jiē chá er	44631	ia-ie,c-ch,j-q-x	1
借东风	jiè dōng fēng	44633	en-eng,ia-ie,h-f,j-q-x	1
苦肉计	kǔ ròu jì	44645	ao-ou,r-l,j-q-x	1
老虎凳	lǎo hǔ dèng	44651	en-eng,ao-ou,n-l,h-f,r-l	1
老虎机	lǎo hǔ jī	44652	ao-ou,n-l,h-f,r-l,j-q-x	1
老顽固	lǎo wán gù	44654	an-ang,ao-ou,n-l,r-l	1
冷兵器	lěng bīng qì	44656	en-eng,in-ing,n-l,r-l,j-q-x	1
两重天	liǎng chóng tiān	44657	ian-iang,c-ch,n-l,r-l	1
聊天室	liáo tiān shì	44658	ian-iang,s-sh,n-l,r-l	1
萝卜花	luó bo huā	44662	ua-uo,n-l,h-f,r-l	1
落地灯	luò dì dēng	44663	en-eng,ua-uo,n-l,r-l	1
闹新房	nào xīn fáng	44674	in-ing,an-ang,ao-ou,n-l,h-f,j-q-x	1
尼龙网	ní lóng wǎng	44677	an-ang,n-l,r-l	1
泥瓦工	ní wǎ gōng	44679	n-l	1
女公子	nǚ gōng zǐ	44683	z-zh,n-l	1
排练场	pái liàn chǎng	44684	an-ang,ian-iang,ai-ei,c-ch,n-l,r-l	1
派活儿	pài huó er	44685	ai-ei,ua-uo,h-f	1
青饲料	qīng sì liào	44697	in-ing,s-sh,n-l,r-l,j-q-x	1
穷棒子	qióng bàng zi	44698	an-ang,z-zh,j-q-x	1
软包装	ruǎn bāo zhuāng	44703	uan-uang,ao-ou,z-zh,r-l	1
商业界	shāng yè jiè	44707	an-ang,ia-ie,s-sh,j-q-x	1
少林拳	shào lín quán	44709	in-ing,uan-uang,ao-ou,s-sh,n-l,r-l,j-q-x	1
生死观	shēng sǐ guān	44712	en-eng,uan-uang,s-sh	1
甜味剂	tián wèi jì	44728	ian-iang,ai-ei,j-q-x	1
铜管乐	tóng guǎn yuè	44729	uan-uang	1
小萝卜	xiǎo luó bo	44748	ua-uo,n-l,r-l,j-q-x	1
学习机	xué xí jī	44754	j-q-x	1
一闪念	yī shǎn niàn	44763	an-ang,ian-iang,s-sh,n-l	1
油毛毡	yóu máo zhān	44773	an-ang,ao-ou,z-zh	1
愚人节	yú rén jié	44775	en-eng,ia-ie,r-l,j-q-x	1
转圈子	zhuàn quān zǐ	44795	uan-uang,z-zh,j-q-x	1
紫云英	zǐ yún yīng	44798	in-ing,z-zh	1
挨肩儿	āi jiān er	44804	ian-iang,ai-ei,j-q-x	1
板擦儿	bǎn cā er	44809	an-ang,c-ch	1
保险期	bǎo xiǎn qī	44812	ian-iang,ao-ou,j-q-x	1
保育院	bǎo yù yuàn	44813	uan-uang,ao-ou	1
爆肚儿	bào dǔ er	44814	ao-ou	1
鼻窦炎	bí dòu yán	44816	an-ang,ao-ou	3
表决器	biǎo jué qì	44819	j-q-x	1
玻璃丝	bō li sī	44821	s-sh,n-l,r-l	1
采茶戏	cǎi chá xì	44822	ai-ei,c-ch,j-q-x	1
草垫子	cǎo diàn zi	44826	ian-iang,ao-ou,z-zh,c-ch	1
唱诗班	chàng shī bān	44831	an-ang,c-ch,s-sh	1
车份儿	chē fèn er	44832	en-eng,c-ch,h-f	1
出气筒	chū qì tǒng	44841	c-ch,j-q-x	1
单行线	dān xíng xiàn	44855	in-ing,an-ang,ian-iang,j-q-x	1
刀马旦	dāo mǎ dàn	44857	an-ang,ao-ou	1
电瓶车	diàn píng chē	44858	in-ing,ian-iang,c-ch	1
奠基石	diàn jī shí	44861	ian-iang,s-sh,j-q-x	1
顶呱呱	dǐng guā guā	44862	in-ing,ua-uo	3
踱方步	duó fāng bù	44867	an-ang,ua-uo,h-f	1
再生稻	zài shēng dào	44868	en-eng,ai-ei,ao-ou,z-zh,s-sh	1
赶不及	gǎn bu jí	44879	an-ang,j-q-x	1
高保真	gāo bǎo zhēn	44881	en-eng,ao-ou,z-zh	1
高甲戏	gāo jiǎ xì	44882	ao-ou,ia-ie,j-q-x	1
共和制	gòng hé zhì	44885	z-zh,h-f	1
够瞧的	gòu qiáo de	44887	ao-ou,j-q-x	1
寒暑表	hán shǔ biǎo	44896	an-ang,s-sh,h-f	1
厚墩墩	hòu dūn dūn	44901	ao-ou,h-f	1
弧圈球	hú quān qiú	44902	uan-uang,h-f,j-q-x	1
肩周炎	jiān zhōu yán	44919	an-ang,ian-iang,ao-ou,z-zh,j-q-x	1
交际舞	jiāo jì wǔ	44921	j-q-x	1
进修生	jìn xiū shēng	44924	en-eng,in-ing,s-sh,j-q-x	1
九头鸟	jiǔ tóu niǎo	44926	ao-ou,n-l,j-q-x	1
侃大山	kǎn dà shān	44931	an-ang,s-sh	3
癞皮狗	lài pí gǒu	44937	ai-ei,ao-ou,n-l,r-l	3
劳动布	láo dòng bù	44938	ao-ou,n-l,r-l	1
老熟人	lǎo shú rén	44939	en-eng,ao-ou,s-sh,n-l,r-l	1
灵长目	líng zhǎng mù	44944	in-ing,an-ang,z-zh,n-l,r-l	1
刘海儿	liú hǎi er	44945	ai-ei,n-l,h-f,r-l	1
露马脚	lòu mǎ jiǎo	44946	ao-ou,n-l,r-l,j-q-x	1
螺纹钢	luó wén gāng	44949	en-eng,an-ang,ua-uo,n-l,r-l	1
螺旋式	luó xuán shì	44950	uan-uang,ua-uo,s-sh,n-l,r-l,j-q-x	1
毛玻璃	máo bō li	44955	ao-ou,n-l,r-l	1
没谱儿	méi pǔ er	44956	ai-ei	1
盟兄弟	méng xiōng dì	44957	en-eng,j-q-x	1
捏把汗	niē bǎ hàn	44963	an-ang,ia-ie,n-l,h-f	1
胖嘟嘟	pàng dū dū	44967	an-ang	3
跑买卖	pǎo mǎi mai	44969	ai-ei,ao-ou	1
乳胶漆	rǔ jiāo qī	44988	r-l,j-q-x	1
三叉戟	sān chā jǐ	44993	an-ang,c-ch,s-sh,j-q-x	3
三脚架	sān jiǎo jià	44994	an-ang,ia-ie,s-sh,j-q-x	1
剃头刀	tì tóu dāo	45010	ao-ou	1
贴饼子	tiē bǐng zi	45013	in-ing,ia-ie,z-zh	1
挖土机	wā tǔ jī	45022	j-q-x	1
细腰蜂	xì yāo fēng	45031	en-eng,ao-ou,h-f,j-q-x	1
线路板	xiàn lù bǎn	45033	an-ang,ian-iang,n-l,r-l,j-q-x	1
线路图	xiàn lù tú	45034	ian-iang,n-l,r-l,j-q-x	1
新郎官	xīn láng guān	45039	in-ing,an-ang,uan-uang,n-l,r-l,j-q-x	1
学生腔	xué sheng qiāng	45045	en-eng,ian-iang,s-sh,j-q-x	1
应声虫	yìng shēng chóng	45062	en-eng,in-ing,c-ch,s-sh	1
硬任务	yìng rèn wù	45064	en-eng,in-ing,r-l	1
杂拌儿	zá bàn er	45068	an-ang,z-zh	1
证明信	zhèng míng xìn	45079	en-eng,in-ing,z-zh,j-q-x	1
字符集	zì fú jí	45091	z-zh,h-f,j-q-x	1
祖母绿	zǔ mǔ lǜ	45094	z-zh,n-l,r-l	1
做人情	zuò rén qíng	45096	en-eng,in-ing,ua-uo,z-zh,r-l,j-q-x	1
八宝饭	bā bǎo fàn	45097	an-ang,ao-ou,h-f	1
北极狐	běi jí hú	45103	ai-ei,h-f,j-q-x	1
抽冷子	chōu lěng zi	45121	en-eng,ao-ou,z-zh,c-ch,n-l,r-l	1
储油罐	chǔ yóu guàn	45124	uan-uang,ao-ou,c-ch	1
带徒弟	dài tú di	45133	ai-ei	1
吊嗓子	diào sǎng zi	45142	an-ang,z-zh,s-sh	1
帆布包	fān bù bāo	45153	an-ang,ao-ou,h-f	1
高姿态	gāo zī tài	45162	ai-ei,ao-ou,z-zh	1
顾不及	gù bù jí	45166	j-q-x	1
鬼打墙	guǐ dǎ qiáng	45170	ian-iang,j-q-x	1
和尚头	hé shang tóu	45176	an-ang,ao-ou,s-sh,h-f	1
后尾儿	hòu yǐ er	45181	ao-ou,h-f	1
坏血病	huài xuè bìng	45182	in-ing,h-f,j-q-x	1
火星子	huǒ xīng zǐ	45187	in-ing,ua-uo,z-zh,h-f,j-q-x	1
减压阀	jiǎn yā fá	45195	ian-iang,h-f,j-q-x	1
教师爷	jiào shī yé	45202	s-sh,j-q-x	1
接生婆	jiē shēng pó	45203	en-eng,ia-ie,s-sh,j-q-x	1
旧框框	jiù kuàng kuàng	45208	uan-uang,j-q-x	1
矿物油	kuàng wù yóu	45215	uan-uang,ao-ou	1
揽活儿	lǎn huó er	45216	an-ang,ua-uo,n-l,h-f,r-l	1
冷森森	lěng sēn sēn	45220	en-eng,s-sh,n-l,r-l	1
露天矿	lù tiān kuàng	45225	ian-iang,uan-uang,n-l,r-l	1
罗曼史	luó màn shǐ	45226	an-ang,ua-uo,s-sh,n-l,r-l	1
磨洋工	mó yáng gōng	45236	an-ang	1
牛郎星	niú láng xīng	45244	in-ing,an-ang,n-l,r-l,j-q-x	1
牛脾气	niú pí qi	45245	n-l,j-q-x	1
平滑肌	píng huá jī	45250	in-ing,ua-uo,h-f,j-q-x	1
气汹汹	qì xiōng xiōng	45253	j-q-x	1
请假条	qǐng jià tiáo	45261	in-ing,ia-ie,j-q-x	1
入场式	rù chǎng shì	45269	an-ang,c-ch,s-sh,r-l	1
软钉子	ruǎn dīng zi	45271	in-ing,uan-uang,z-zh,r-l	1
软骨头	ruǎn gǔ tou	45272	uan-uang,ao-ou,r-l	1
腮腺炎	sāi xiàn yán	45274	an-ang,ian-iang,ai-ei,s-sh,j-q-x	1
三合土	sān hé tǔ	45275	an-ang,s-sh,h-f	1
少掌柜	shào zhǎng guì	45279	an-ang,ao-ou,z-zh,s-sh	1
神农氏	shén nóng shì	45280	en-eng,s-sh,n-l	1
湿乎乎	shī hū hū	45283	s-sh,h-f	1
手头紧	shǒu tóu jǐn	45289	in-ing,ao-ou,s-sh,j-q-x	1
受气包	shòu qì bāo	45290	ao-ou,s-sh,j-q-x	1
输精管	shū jīng guǎn	45291	in-ing,uan-uang,s-sh,j-q-x	1
耍滑头	shuǎ huá tóu	45294	ao-ou,ua-uo,s-sh,h-f	1
双季稻	shuāng jì dào	45295	uan-uang,ao-ou,s-sh,j-q-x	1
双生子	shuāng shēng zǐ	45296	en-eng,uan-uang,z-zh,s-sh	1
水粉画	shuǐ fěn huà	45298	en-eng,ua-uo,s-sh,h-f	1
水银柱	shuǐ yín zhù	45299	in-ing,z-zh,s-sh	1
酸牛奶	suān niú nǎi	45302	uan-uang,ai-ei,s-sh,n-l	1
檀香木	tán xiāng mù	45304	an-ang,ian-iang,j-q-x	1
托人情	tuō rén qíng	45319	en-eng,in-ing,ua-uo,r-l,j-q-x	1
歪点子	wāi diǎn zi	45321	ian-iang,ai-ei,z-zh	1
五斗橱	wǔ dǒu chú	45331	ao-ou,c-ch	1
小熊猫	xiǎo xióng māo	45341	ao-ou,j-q-x	1
信息战	xìn xī zhàn	45344	in-ing,an-ang,z-zh,j-q-x	1
血色素	xuè sè sù	45349	s-sh,j-q-x	1
阎王债	yán wang zhài	45353	an-ang,ai-ei,z-zh	1
扬水站	yáng shuǐ zhàn	45355	an-ang,z-zh,s-sh	1
阳历年	yáng lì nián	45356	an-ang,ian-iang,n-l,r-l	1
印把子	yìn bà zi	45364	in-ing,z-zh	1
鱼片儿	yú piàn er	45370	ian-iang	1
照妖镜	zhào yāo jìng	45375	in-ing,ao-ou,z-zh,j-q-x	1
值日生	zhí rì shēng	45380	en-eng,z-zh,s-sh,r-l	1
止痛片	zhǐ tòng piàn	45381	ian-iang,z-zh	1
中耳炎	zhōng ěr yán	45384	an-ang,z-zh	1
猪肚儿	zhū dǔ er	45386	z-zh	1
竹帘子	zhú lián zǐ	45387	ian-iang,z-zh,n-l,r-l	1
做生日	zuò shēng ri	45392	en-eng,ua-uo,z-zh,s-sh,r-l	1
版权页	bǎn quán yè	45397	an-ang,uan-uang,j-q-x	1
半官方	bàn guān fāng	45398	an-ang,uan-uang,h-f	1
报话机	bào huà jī	45401	ao-ou,ua-uo,h-f,j-q-x	1
菠萝蜜	bō luó mì	45409	ua-uo,n-l,r-l	1
长舌妇	cháng shé fù	45419	an-ang,c-ch,s-sh,h-f	1
超豪华	chāo háo huá	45422	ao-ou,ua-uo,c-ch,h-f	1
穿小鞋	chuān xiǎo xié	45430	uan-uang,ia-ie,c-ch,j-q-x	1
大呼隆	dà hū long	45439	n-l,h-f,r-l	1
登陆艇	dēng lù tǐng	45444	en-eng,in-ing,n-l,r-l	1
递条子	dì tiáo zi	45447	z-zh	1
粉扑儿	fěn pū er	45461	en-eng,h-f	1
风油精	fēng yóu jīng	45462	en-eng,in-ing,ao-ou,h-f,j-q-x	1
供应点	gōng yìng diǎn	45472	in-ing,ian-iang	1
狗咬狗	gǒu yǎo gǒu	45475	ao-ou	1
好人家	hǎo rén jiā	45485	en-eng,ao-ou,ia-ie,h-f,r-l,j-q-x	1
好说话	hǎo shuō huà	45486	ao-ou,ua-uo,s-sh,h-f	1
黑热病	hēi rè bìng	45490	in-ing,ai-ei,h-f,r-l	1
花柳病	huā liǔ bìng	45494	in-ing,ua-uo,n-l,h-f,r-l	1
加时赛	jiā shí sài	45502	ai-ei,ia-ie,s-sh,j-q-x	1
禁忌症	jìn jì zhèng	45512	en-eng,in-ing,z-zh,j-q-x	1
狙击手	jū jī shǒu	45517	ao-ou,s-sh,j-q-x	3
卷扬机	juǎn yáng jī	45518	an-ang,uan-uang,j-q-x	1
掘墓人	jué mù rén	45519	en-eng,r-l,j-q-x	1
卡介苗	kǎ jiè miáo	45521	ia-ie,j-q-x	1
扩音机	kuò yīn jī	45533	in-ing,ua-uo,j-q-x	1
老框框	lǎo kuàng kuang	45540	uan-uang,ao-ou,n-l,r-l	1
立脚点	lì jiǎo diǎn	45544	ian-iang,n-l,r-l,j-q-x	1
凉冰冰	liáng bīng bīng	45546	in-ing,ian-iang,n-l,r-l	1
榴弹炮	liú dàn pào	45548	an-ang,ao-ou,n-l,r-l	1
绿帽子	lǜ mào zi	45550	ao-ou,z-zh,n-l,r-l	1
罗汉松	luó hàn sōng	45552	an-ang,ua-uo,s-sh,n-l,h-f,r-l	1
买路钱	mǎi lù qián	45555	ian-iang,ai-ei,n-l,r-l,j-q-x	1
没挑儿	méi tiāo er	45559	ai-ei	1
名利场	míng lì chǎng	45564	in-ing,an-ang,c-ch,n-l,r-l	1
摩托化	mó tuō huà	45565	ua-uo,h-f	1
磨刀石	mó dāo shí	45566	ao-ou,s-sh	1
脑瓜儿	nǎo guā er	45569	ao-ou,ua-uo,n-l	1
内在美	nèi zài měi	45570	ai-ei,z-zh,n-l	1
起诉状	qǐ sù zhuàng	45579	uan-uang,z-zh,s-sh,j-q-x	1
氰化物	qíng huà wù	45584	in-ing,ua-uo,h-f,j-q-x	3
肉乎乎	ròu hū hū	45593	ao-ou,h-f,r-l	1
撒手锏	sā shǒu jiǎn	45596	ian-iang,ao-ou,s-sh,j-q-x	3
三九天	sān jiǔ tiān	45597	an-ang,ian-iang,s-sh,j-q-x	1
扫帚星	sào zhou xīng	45599	in-ing,ao-ou,z-zh,s-sh,j-q-x	1
神经痛	shén jīng tòng	45604	en-eng,in-ing,s-sh,j-q-x	1
生啤酒	shēng pí jiǔ	45606	en-eng,s-sh,j-q-x	1
守空房	shǒu kōng fáng	45608	an-ang,ao-ou,s-sh,h-f	1
水压机	shuǐ yā jī	45613	s-sh,j-q-x	1
五倍子	wǔ bèi zǐ	45631	ai-ei,z-zh	1
洗面奶	xǐ miàn nǎi	45633	ian-iang,ai-ei,n-l,j-q-x	1
仙人球	xiān rén qiú	45636	en-eng,ian-iang,r-l,j-q-x	1
小黄鱼	xiǎo huáng yú	45644	uan-uang,h-f,j-q-x	1
小客车	xiǎo kè chē	45645	c-ch,j-q-x	1
小平头	xiǎo píng tóu	45646	in-ing,ao-ou,j-q-x	1
小阳春	xiǎo yáng chūn	45647	an-ang,c-ch,j-q-x	1
旋转门	xuán zhuàn mén	45655	en-eng,uan-uang,z-zh,j-q-x	1
牙周病	yá zhōu bìng	45659	in-ing,ao-ou,z-zh	1
夜光杯	yè guāng bēi	45664	uan-uang,ai-ei	1
优抚金	yōu fǔ jīn	45670	in-ing,ao-ou,h-f,j-q-x	1
知更鸟	zhī gèng niǎo	45681	en-eng,z-zh,n-l	1
主河道	zhǔ hé dào	45686	ao-ou,z-zh,h-f	1
装样子	zhuāng yàng zi	45689	an-ang,uan-uang,z-zh	1
熬出头	áo chū tóu	45700	ao-ou,c-ch	1
八角形	bā jiǎo xíng	45701	in-ing,j-q-x	1
白癜风	bái diàn fēng	45704	en-eng,ian-iang,ai-ei,h-f	3
兵役制	bīng yì zhì	45714	in-ing,z-zh	1
大晴天	dà qíng tiān	45734	in-ing,ian-iang,j-q-x	1
大舌头	dà shé tou	45735	ao-ou,s-sh	1
代销店	dài xiāo diàn	45737	ian-iang,ai-ei,j-q-x	1
代议制	dài yì zhì	45738	ai-ei,z-zh	1
电力线	diàn lì xiàn	45748	ian-iang,n-l,r-l,j-q-x	1
多一半	duō yī bàn	45752	an-ang,ua-uo	1
纺织娘	fǎng zhī niáng	45759	an-ang,ian-iang,z-zh,n-l,h-f	1
非婚生	fēi hūn shēng	45761	en-eng,ai-ei,s-sh,h-f	1
肥皂剧	féi zào jù	45762	ai-ei,ao-ou,z-zh,h-f,j-q-x	1
够劲儿	gòu jìn er	45777	in-ing,ao-ou,j-q-x	1
广寒宫	guǎng hán gōng	45782	an-ang,uan-uang,h-f	1
裙带风	qún dài fēng	45784	en-eng,ai-ei,h-f,j-q-x	1
汗淋淋	hàn lín lín	45786	in-ing,an-ang,n-l,h-f,r-l	1
话家常	huà jiā cháng	45793	an-ang,ia-ie,ua-uo,c-ch,h-f,j-q-x	1
家常饭	jiā cháng fàn	45803	an-ang,ia-ie,c-ch,h-f,j-q-x	1
老交情	lǎo jiāo qíng	45816	in-ing,ao-ou,n-l,r-l,j-q-x	1
金本位	jīn běn wèi	45821	en-eng,in-ing,ai-ei,j-q-x	1
精密度	jīng mì dù	45826	in-ing,j-q-x	1
绝命书	jué mìng shū	45827	in-ing,s-sh,j-q-x	1
阔叶树	kuò yè shù	45830	ua-uo,s-sh	1
拉丁舞	lā dīng wǔ	45833	in-ing,n-l,r-l	1
辣椒油	là jiāo yóu	45834	ao-ou,n-l,r-l,j-q-x	1
老虎灶	lǎo hǔ zào	45836	ao-ou,z-zh,n-l,h-f,r-l	1
老脑筋	lǎo nǎo jīn	45837	in-ing,ao-ou,n-l,r-l,j-q-x	1
冷水澡	lěng shuǐ zǎo	45838	en-eng,ao-ou,z-zh,s-sh,n-l,r-l	1
麻醉师	má zuì shī	45851	z-zh,s-sh	1
美术字	měi shù zì	45854	ai-ei,z-zh,s-sh	1
棉织品	mián zhī pǐn	45858	in-ing,ian-iang,z-zh	1
面包房	miàn bāo fáng	45859	an-ang,ian-iang,ao-ou,h-f	1
拿架子	ná jià zi	45867	ia-ie,z-zh,n-l,j-q-x	1
三级片	sān jí piàn	45868	an-ang,ian-iang,s-sh,j-q-x	1
胖墩墩	pàng dūn dūn	45873	an-ang	1
跑单帮	pǎo dān bāng	45874	an-ang,ao-ou	1
平底鞋	píng dǐ xié	45878	in-ing,ia-ie,j-q-x	1
七巧板	qī qiǎo bǎn	45885	an-ang,j-q-x	1
沙发床	shā fā chuáng	45907	uan-uang,c-ch,s-sh,h-f	1
肾结石	shèn jié shí	45915	en-eng,ia-ie,s-sh,j-q-x	1
狮子狗	shī zi gǒu	45918	ao-ou,z-zh,s-sh	1
耍无赖	shuǎ wú lài	45926	ai-ei,ua-uo,s-sh,n-l,r-l	1
双氧水	shuāng yǎng shuǐ	45927	an-ang,uan-uang,s-sh	1
水浮莲	shuǐ fú lián	45928	ian-iang,s-sh,n-l,h-f,r-l	1
私房话	sī fang huà	45932	an-ang,ua-uo,s-sh,h-f	1
死火山	sǐ huǒ shān	45933	an-ang,ua-uo,s-sh,h-f	1
松花蛋	sōng huā dàn	45936	an-ang,ua-uo,s-sh,h-f	1
炭火盆	tàn huǒ pén	45941	en-eng,an-ang,ua-uo,h-f	1
套马杆	tào mǎ gān	45942	an-ang,ao-ou	1
铁蚕豆	tiě cán dòu	45946	an-ang,ao-ou,ia-ie,c-ch	1
头班车	tóu bān chē	45951	an-ang,ao-ou,c-ch	1
无奈何	wú nài hé	45959	ai-ei,n-l,h-f	1
小钢炮	xiǎo gāng pào	45974	an-ang,ao-ou,j-q-x	1
小气鬼	xiǎo qì guǐ	45975	j-q-x	1
辛苦费	xīn kǔ fèi	45980	in-ing,ai-ei,h-f,j-q-x	1
印欧语	yì nōu yǔ	46002	ao-ou,n-l	1
硬通货	yìng tōng huò	46006	in-ing,ua-uo,h-f	1
鱼腥草	yú xīng cǎo	46011	in-ing,ao-ou,c-ch,j-q-x	1
站台票	zhàn tái piào	46019	an-ang,ai-ei,z-zh	1
针叶树	zhēn yè shù	46021	en-eng,z-zh,s-sh	1
正当年	zhèng dāng nián	46022	en-eng,an-ang,ian-iang,z-zh,n-l	1
正经话	zhèng jīng huà	46023	en-eng,in-ing,ua-uo,z-zh,h-f,j-q-x	1
直肠子	zhí cháng zi	46027	an-ang,z-zh,c-ch	1
中继线	zhōng jì xiàn	46029	ian-iang,z-zh,j-q-x	1
安全阀	ān quán fá	46041	an-ang,uan-uang,h-f,j-q-x	1
霸王鞭	bà wáng biān	46044	an-ang,ian-iang	1
保险带	bǎo xiǎn dài	46051	ian-iang,ai-ei,ao-ou,j-q-x	1
车前草	chē qián cǎo	46063	ian-iang,ao-ou,c-ch,j-q-x	1
撑门面	chēng mén mian	46065	en-eng,ian-iang,c-ch	1
出摊儿	chū tān er	46068	an-ang,c-ch	1
除虫菊	chú chóng jú	46070	c-ch,j-q-x	1
垂直线	chuí zhí xiàn	46073	ian-iang,z-zh,c-ch,j-q-x	1
凑份子	còu fèn zi	46075	en-eng,ao-ou,z-zh,c-ch,h-f	1
醋劲儿	cù jìn er	46077	in-ing,c-ch,j-q-x	1
打擂台	dǎ lèi tái	46080	ai-ei,n-l,r-l	1
打拍子	dǎ pāi zi	46081	ai-ei,z-zh	1
打印纸	dǎ yìn zhǐ	46083	in-ing,z-zh	1
戴绿帽	dài lǜ mào	46087	ai-ei,ao-ou,n-l,r-l	1
单元门	dān yuán mén	46088	en-eng,an-ang,uan-uang	1
倒栽葱	dào zāi cōng	46092	ai-ei,ao-ou,z-zh,c-ch	1
抖威风	dǒu wēi fēng	46099	en-eng,ai-ei,ao-ou,h-f	1
短不了	duǎn bu liǎo	46104	uan-uang,n-l,r-l	1
凤尾竹	fèng wěi zhú	46116	en-eng,ai-ei,z-zh,h-f	1
干亲家	gān qìng jia	46120	in-ing,an-ang,ia-ie,j-q-x	1
赶任务	gǎn rèn wù	46121	en-eng,an-ang,r-l	1
歌咏队	gē yǒng duì	46126		1
工间操	gōng jiān cāo	46128	ian-iang,ao-ou,c-ch,j-q-x	1
古文献	gǔ wén xiàn	46130	en-eng,ian-iang,j-q-x	1
管乐器	guǎn yuè qì	46135	uan-uang,j-q-x	1
鬼画符	guǐ huà fú	46139	ua-uo,h-f	1
汗背心	hàn bèi xīn	46144	in-ing,an-ang,ai-ei,h-f,j-q-x	1
汗涔涔	hàn cén cén	46145	en-eng,an-ang,c-ch,h-f	3
耗子药	hào zǐ yào	46146	ao-ou,z-zh,h-f	1
华达呢	huá dá ní	46153	ua-uo,n-l,h-f	1
金丝雀	jīn sī què	46172	in-ing,s-sh,j-q-x	1
喀斯特	kā sī tè	46177	s-sh	3
区块链	qū kuài liàn	46180	ian-iang,n-l,r-l,j-q-x	1
老样子	lǎo yàng zǐ	46188	an-ang,ao-ou,z-zh,n-l,r-l	1
雷达兵	léi dá bīng	46189	in-ing,ai-ei,n-l,r-l	1
亮光光	liàng guāng guāng	46193	ian-iang,uan-uang,n-l,r-l	1
马大哈	mǎ dà hā	46202	h-f	1
煤气炉	méi qì lú	46209	ai-ei,n-l,r-l,j-q-x	1
蒙汗药	méng hàn yào	46210	en-eng,an-ang,ao-ou,h-f	1
密麻麻	mì má má	46214		1
跑码头	pǎo mǎ tou	46232	ao-ou	1
强击机	qiáng jī jī	46244	ian-iang,j-q-x	1
热门货	rè mén huò	46251	en-eng,ua-uo,h-f,r-l	1
认死理	rèn sǐ lǐ	46253	en-eng,s-sh,n-l,r-l	1
石斑鱼	shí bān yú	46270	an-ang,s-sh	1
双簧管	shuāng huáng guǎn	46276	uan-uang,s-sh,h-f	1
说头儿	shuō tou er	46282	ao-ou,ua-uo,s-sh	1
四言诗	sì yán shī	46284	an-ang,s-sh	1
蒜瓣儿	suàn bàn er	46285	an-ang,uan-uang,s-sh	1
通风口	tōng fēng kǒu	46298	en-eng,ao-ou,h-f	1
无头案	wú tóu àn	46306	an-ang,ao-ou	1
冷笑话	lěng xiào hua	46317	en-eng,ua-uo,n-l,h-f,r-l,j-q-x	1
相思鸟	xiāng sī niǎo	46319	ian-iang,s-sh,n-l,j-q-x	1
学徒工	xué tú gōng	46331	j-q-x	1
引火线	yǐn huǒ xiàn	46347	in-ing,ian-iang,ua-uo,h-f,j-q-x	1
印子钱	yìn zi qián	46348	in-ing,ian-iang,z-zh,j-q-x	1
优选法	yōu xuǎn fǎ	46349	uan-uang,ao-ou,h-f,j-q-x	1
有日子	yǒu rì zi	46350	ao-ou,z-zh,r-l	1
原子钟	yuán zǐ zhōng	46354	uan-uang,z-zh	1
圆白菜	yuán bái cài	46355	uan-uang,ai-ei,c-ch	1
战列舰	zhàn liè jiàn	46358	an-ang,ian-iang,ia-ie,z-zh,n-l,r-l,j-q-x	1
执牛耳	zhí niú ěr	46360	z-zh,n-l	1
中晚期	zhōng wǎn qī	46365	an-ang,z-zh,j-q-x	1
肘关节	zhǒu guān jié	46367	uan-uang,ao-ou,ia-ie,z-zh,j-q-x	1
竹制品	zhú zhì pǐn	46369	in-ing,z-zh	1
八宝粥	bā bǎo zhōu	46377	ao-ou,z-zh	1
白蒙蒙	bái méng méng	46378	en-eng,ai-ei	1
摆擂台	bǎi lèi tái	46380	ai-ei,n-l,r-l	1
包活儿	bāo huó er	46381	ao-ou,ua-uo,h-f	1
杯中物	bēi zhōng wù	46385	ai-ei,z-zh	1
辈数儿	bèi shù er	46388	ai-ei,s-sh	1
壁挂式	bì guà shì	46392	ua-uo,s-sh	1
辩护权	biàn hù quán	46394	ian-iang,uan-uang,h-f,j-q-x	1
标准音	biāo zhǔn yīn	46395	in-ing,z-zh	1
并蒂莲	bìng dì lián	46398	in-ing,ian-iang,n-l,r-l	1
病包儿	bìng bāo er	46399	in-ing,ao-ou	1
播音室	bō yīn shì	46400	in-ing,s-sh	1
不点儿	bù diǎn er	46406	ian-iang	1
菜帮子	cài bāng zi	46411	an-ang,ai-ei,z-zh,c-ch	1
肠胃病	cháng wèi bìng	46418	in-ing,an-ang,ai-ei,c-ch	1
超高温	chāo gāo wēn	46420	en-eng,ao-ou,c-ch	1
抽水站	chōu shuǐ zhàn	46433	an-ang,ao-ou,z-zh,c-ch,s-sh	1
出勤率	chū qín lǜ	46434	in-ing,c-ch,n-l,r-l,j-q-x	1
打伙儿	dǎ huǒ er	46446	ua-uo,h-f	1
打掩护	dǎ yǎn hù	46447	an-ang,h-f	1
大伯子	dà bǎi zi	46449	ai-ei,z-zh	1
灯笼裤	dēng long kù	46454	en-eng,n-l,r-l	1
地板砖	dì bǎn zhuān	46456	an-ang,uan-uang,z-zh	1
递眼色	dì yǎn sè	46457	an-ang,s-sh	1
法兰绒	fǎ lán róng	46460	an-ang,n-l,h-f,r-l	1
防护罩	fáng hù zhào	46465	an-ang,ao-ou,z-zh,h-f	1
复写纸	fù xiě zhǐ	46478	ia-ie,z-zh,h-f,j-q-x	1
仡佬族	gē lǎo zú	46482	ao-ou,z-zh,n-l,r-l	3
工装裤	gōng zhuāng kù	46485	uan-uang,z-zh	1
旱冰鞋	hàn bīng xié	46498	in-ing,an-ang,ia-ie,h-f,j-q-x	1
航天服	háng tiān fú	46500	an-ang,ian-iang,h-f	1
红皮书	hóng pí shū	46504	s-sh,h-f	1
后脊梁	hòu jǐ liang	46506	ian-iang,ao-ou,n-l,h-f,r-l,j-q-x	1
花生酱	huā shēng jiàng	46509	en-eng,ian-iang,ua-uo,s-sh,h-f,j-q-x	1
尖溜溜	jiān liū liū	46521	ian-iang,n-l,r-l,j-q-x	1
间接税	jiàn jiē shuì	46523	ian-iang,ia-ie,s-sh,j-q-x	1
金丝绒	jīn sī róng	46527	in-ing,s-sh,r-l,j-q-x	1
看不上	kàn bù shàng	46538	an-ang,s-sh	1
两院制	liǎng yuàn zhì	46552	ian-iang,uan-uang,z-zh,n-l,r-l	1
录取线	lù qǔ xiàn	46557	ian-iang,n-l,r-l,j-q-x	1
卖身契	mài shēn qì	46559	en-eng,ai-ei,s-sh,j-q-x	1
毛边纸	máo biān zhǐ	46561	ian-iang,ao-ou,z-zh	1
内装修	nèi zhuāng xiū	46574	uan-uang,ai-ei,z-zh,n-l,j-q-x	1
跑旱船	pǎo hàn chuán	46583	an-ang,uan-uang,ao-ou,c-ch,h-f	1
跑江湖	pǎo jiāng hú	46584	ian-iang,ao-ou,h-f,j-q-x	1
青年宫	qīng nián gōng	46597	in-ing,ian-iang,n-l,j-q-x	1
取暖器	qǔ nuǎn qì	46605	uan-uang,n-l,j-q-x	1
日偏食	rì piān shí	46610	ian-iang,s-sh,r-l	1
色情狂	sè qíng kuáng	46614	in-ing,uan-uang,s-sh,j-q-x	1
上岁数	shàng suì shu	46619	an-ang,s-sh	1
烧高香	shāo gāo xiāng	46620	ian-iang,ao-ou,s-sh,j-q-x	1
生物电	shēng wù diàn	46623	en-eng,ian-iang,s-sh	1
狮子舞	shī zi wǔ	46624	z-zh,s-sh	1
石钟乳	shí zhōng rǔ	46626	z-zh,s-sh,r-l	1
柿子椒	shì zi jiāo	46630	z-zh,s-sh,j-q-x	1
耍脾气	shuǎ pí qi	46637	ua-uo,s-sh,j-q-x	1
拴马桩	shuān mǎ zhuāng	46638	uan-uang,z-zh,s-sh	1
送人情	sòng rén qíng	46643	en-eng,in-ing,s-sh,r-l,j-q-x	1
燧人氏	suì rén shì	46645	en-eng,s-sh,r-l	3
坏招儿	huài zhāo er	46646	ao-ou,z-zh,h-f	1
弹簧床	tán huáng chuáng	46649	an-ang,uan-uang,c-ch,h-f	1
特赦令	tè shè lìng	46652	in-ing,s-sh,n-l,r-l	1
填鸭式	tián yā shì	46657	ian-iang,s-sh	1
秃瓢儿	tū piáo er	46660		1
土霉素	tǔ méi sù	46662	ai-ei,s-sh	1
五斗柜	wǔ dǒu guì	46670	ao-ou	1
喜盈盈	xǐ yíng yíng	46677	in-ing,j-q-x	1
下九流	xià jiǔ liú	46683	ia-ie,n-l,r-l,j-q-x	1
小同乡	xiǎo tóng xiāng	46691	ian-iang,j-q-x	1
斜纹布	xié wén bù	46692	en-eng,ia-ie,j-q-x	1
叙家常	xù jiā cháng	46696	an-ang,ia-ie,c-ch,j-q-x	1
油橄榄	yóu gǎn lǎn	46709	an-ang,ao-ou,n-l,r-l	1
鱼雷艇	yú léi tǐng	46711	in-ing,ai-ei,n-l,r-l	1
贼溜溜	zéi liū liū	46725	ai-ei,z-zh,n-l,r-l	1
章回体	zhāng huí tǐ	46730	an-ang,z-zh,h-f	1
祝酒歌	zhù jiǔ gē	46739	z-zh,j-q-x	1
转氨酶	zhuǎn ān méi	46741	an-ang,uan-uang,ai-ei,z-zh	3
做鬼脸	zuò guǐ liǎn	46747	ian-iang,ua-uo,z-zh,n-l,r-l	1
安全岛	ān quán dǎo	46749	an-ang,uan-uang,ao-ou,j-q-x	1
白头翁	bái tóu wēng	46751	en-eng,ai-ei,ao-ou	1
病号饭	bìng hào fàn	46768	in-ing,an-ang,ao-ou,h-f	1
病恹恹	bìng yān yān	46769	in-ing,an-ang	3
常春藤	cháng chūn téng	46782	en-eng,an-ang,c-ch	1
出入证	chū rù zhèng	46792	en-eng,z-zh,c-ch,r-l	1
练嗓子	liàn sǎng zi	46793	an-ang,ian-iang,z-zh,s-sh,n-l,r-l	1
搭架子	dā jià zi	46802	ia-ie,z-zh,j-q-x	1
知己话	zhī jǐ huà	46806	ua-uo,z-zh,h-f,j-q-x	1
打老虎	dǎ lǎo hǔ	46807	ao-ou,n-l,h-f,r-l	1
大礼服	dà lǐ fú	46808	n-l,h-f,r-l	1
代办处	dài bàn chǔ	46810	an-ang,ai-ei,c-ch	1
蛋卷儿	dàn juǎn er	46816	an-ang,uan-uang,j-q-x	1
当不起	dāng bu qǐ	46817	an-ang,j-q-x	1
导航员	dǎo háng yuán	46820	an-ang,uan-uang,ao-ou,h-f	1
典型化	diǎn xíng huà	46827	in-ing,ian-iang,ua-uo,h-f,j-q-x	1
电热器	diàn rè qì	46828	ian-iang,r-l,j-q-x	1
电影厅	diàn yǐng tīng	46830	in-ing,ian-iang	1
儿童村	ér tóng cūn	46840	c-ch	1
