抽斗	chōu dǒu	39165	ao-ou,c-ch	1
抽税	chōu shuì	39166	ao-ou,c-ch,s-sh	1
出榜	chū bǎng	39167	an-ang,c-ch	1
出货	chū huò	39168	ua-uo,c-ch,h-f	1
刍议	chú yì	39169	c-ch	3
触媒	chù méi	39170	ai-ei,c-ch	1
穿凿	chuān záo	39171	uan-uang,ao-ou,z-zh,c-ch	1
垂询	chuí xún	39173	c-ch,j-q-x	1
磁头	cí tóu	39174	ao-ou,c-ch	1
忖度	cǔn duó	39176	ua-uo,c-ch	3
错愕	cuò è	39177	ua-uo,c-ch	1
打旋	dǎ xuán	39178	uan-uang,j-q-x	1
大族	dà zú	39180	z-zh	1
当堂	dāng táng	39182	an-ang	1
挡板	dǎng bǎn	39183	an-ang	1
倒弄	dǎo nong	39184	ao-ou,n-l	1
祷祝	dǎo zhù	39185	ao-ou,z-zh	1
道藏	dào zàng	39186	an-ang,ao-ou,z-zh	1
灯芯	dēng xīn	39187	en-eng,in-ing,j-q-x	1
地权	dì quán	39188	uan-uang,j-q-x	1
冬麦	dōng mài	39190	ai-ei	1
督学	dū xué	39191	j-q-x	1
恶少	è shào	39192	ao-ou,s-sh	1
发祥	fā xiáng	39193	ian-iang,h-f,j-q-x	1
法名	fǎ míng	39194	in-ing,h-f	1
放空	fàng kōng	39195	an-ang,h-f	1
浮荡	fú dàng	39198	an-ang,h-f	1
复写	fù xiě	39199	ia-ie,h-f,j-q-x	1
拱卫	gǒng wèi	39201	ai-ei	1
脱瘾	tuō yǐn	39202	in-ing,ua-uo	1
古钱	gǔ qián	39204	ian-iang,j-q-x	1
归依	guī yī	39207		1
海胆	hǎi dǎn	39208	an-ang,ai-ei,h-f	1
汗臭	hàn chòu	39210	an-ang,ao-ou,c-ch,h-f	1
号数	hào shù	39211	ao-ou,s-sh,h-f	1
合击	hé jī	39212	h-f,j-q-x	1
河泥	hé ní	39214	n-l,h-f	1
核儿	hú er	39218	h-f	1
花匠	huā jiàng	39219	ian-iang,ua-uo,h-f,j-q-x	1
画谱	huà pǔ	39221	ua-uo,h-f	1
活宝	huó bǎo	39222	ao-ou,ua-uo,h-f	1
机巧	jī qiǎo	39223	j-q-x	1
即如	jí rú	39224	r-l,j-q-x	1
家计	jiā jì	39225	ia-ie,j-q-x	1
假寐	jiǎ mèi	39226	ai-ei,ia-ie,j-q-x	3
价目	jià mù	39228	ia-ie,j-q-x	1
奸贼	jiān zéi	39230	ian-iang,ai-ei,z-zh,j-q-x	1
俭省	jiǎn shěng	39231	en-eng,ian-iang,s-sh,j-q-x	1
减损	jiǎn sǔn	39232	ian-iang,s-sh,j-q-x	1
健旺	jiàn wàng	39233	an-ang,ian-iang,j-q-x	1
进尺	jìn chǐ	39234	in-ing,c-ch,j-q-x	1
近世	jìn shì	39235	in-ing,s-sh,j-q-x	1
旧例	jiù lì	39236	n-l,r-l,j-q-x	1
绝响	jué xiǎng	39237	ian-iang,j-q-x	1
咯血	kǎ xiě	39238	ia-ie,j-q-x	3
开锅	kāi guō	39239	ai-ei,ua-uo	1
看押	kān yā	39240	an-ang	1
苦读	kǔ dú	39241		1
犁铧	lí huá	39243	ua-uo,n-l,h-f,r-l	3
沥沥	lì lì	39244	n-l,r-l	1
陋巷	lòu xiàng	39248	ian-iang,ao-ou,n-l,r-l,j-q-x	1
慢待	màn dài	39250	an-ang,ai-ei	1
媚态	mèi tài	39253	ai-ei	1
门风	mén fēng	39254	en-eng,h-f	1
猛士	měng shì	39255	en-eng,s-sh	1
面点	miàn diǎn	39256	ian-iang	1
魔方	mó fāng	39258	an-ang,h-f	1
墨竹	mò zhú	39259	z-zh	1
逆光	nì guāng	39261	uan-uang,n-l	1
爬升	pá shēng	39262	en-eng,s-sh	1
陪酒	péi jiǔ	39263	ai-ei,j-q-x	1
劈山	pī shān	39264	an-ang,s-sh	1
频带	pín dài	39265	in-ing,ai-ei	1
棋谱	qí pǔ	39267	j-q-x	1
起皱	qǐ zhòu	39268	ao-ou,z-zh,j-q-x	1
强将	qiáng jiàng	39270	ian-iang,j-q-x	1
清汤	qīng tāng	39271	in-ing,an-ang,j-q-x	1
权能	quán néng	39272	en-eng,uan-uang,n-l,j-q-x	1
扫平	sǎo píng	39274	in-ing,ao-ou,s-sh	1
伤怀	shāng huái	39275	an-ang,s-sh,h-f	1
烧杯	shāo bēi	39276	ai-ei,ao-ou,s-sh	1
神探	shén tàn	39279	en-eng,an-ang,s-sh	1
生客	shēng kè	39280	en-eng,s-sh	1
失聪	shī cōng	39281	c-ch,s-sh	1
始创	shǐ chuàng	39282	uan-uang,c-ch,s-sh	1
适销	shì xiāo	39284	s-sh,j-q-x	1
手松	shǒu sōng	39285	ao-ou,s-sh	1
寿桃	shòu táo	39286	ao-ou,s-sh	1
受阅	shòu yuè	39287	ao-ou,s-sh	1
耍滑	shuǎ huá	39288	ua-uo,s-sh,h-f	1
水袖	shuǐ xiù	39290	s-sh,j-q-x	1
丝弦	sī xián	39292	ian-iang,s-sh,j-q-x	1
素色	sù sè	39293	s-sh	1
锁国	suǒ guó	39294	ua-uo,s-sh	1
叹赏	tàn shǎng	39296	an-ang,s-sh	1
陶然	táo rán	39298	an-ang,ao-ou,r-l	1
题跋	tí bá	39300		1
吸管	xī guǎn	39308	uan-uang,j-q-x	1
袭用	xí yòng	39309	j-q-x	1
隙地	xì dì	39310	j-q-x	1
下药	xià yào	39312	ao-ou,ia-ie,j-q-x	1
夏装	xià zhuāng	39313	uan-uang,ia-ie,z-zh,j-q-x	1
歇气	xiē qì	39314	ia-ie,j-q-x	1
心音	xīn yīn	39315	in-ing,j-q-x	1
幸喜	xìng xǐ	39316	in-ing,j-q-x	1
凶光	xiōng guāng	39318	uan-uang,j-q-x	1
殉情	xùn qíng	39320	in-ing,j-q-x	1
压延	yā yán	39321	an-ang	1
鸭绒	yā róng	39322	r-l	1
养心	yǎng xīn	39323	in-ing,an-ang,j-q-x	1
野炊	yě chuī	39324	c-ch	1
油质	yóu zhì	39326	ao-ou,z-zh	1
玉液	yù yè	39328		1
欲壑	yù hè	39330	h-f	3
援款	yuán kuǎn	39331	uan-uang	1
月产	yuè chǎn	39332	an-ang,c-ch	1
晕车	yùn chē	39335	c-ch	1
韵脚	yùn jiǎo	39336	j-q-x	1
糌粑	zān ba	39338	an-ang,z-zh	2
凿子	záo zi	39339	ao-ou,z-zh	1
增删	zēng shān	39341	en-eng,an-ang,z-zh,s-sh	1
帐幕	zhàng mù	39342	an-ang,z-zh	1
瘴气	zhàng qì	39343	an-ang,z-zh,j-q-x	3
找补	zhǎo bu	39344	ao-ou,z-zh	1
珍玩	zhēn wán	39346	en-eng,an-ang,z-zh	1
珍馐	zhēn xiū	39347	en-eng,z-zh,j-q-x	3
枕套	zhěn tào	39348	en-eng,ao-ou,z-zh	1
职司	zhí sī	39350	z-zh,s-sh	1
稚拙	zhì zhuō	39351	ua-uo,z-zh	1
肘腋	zhǒu yè	39352	ao-ou,z-zh	1
朱文	zhū wén	39353	en-eng,z-zh	1
助产	zhù chǎn	39354	an-ang,z-zh,c-ch	1
桩子	zhuāng zi	39355	uan-uang,z-zh	1
尊长	zūn zhǎng	39357	an-ang,z-zh	1
拗口	ào kǒu	39358	ao-ou	1
霸业	bà yè	39359		1
斑纹	bān wén	39361	en-eng,an-ang	1
搬弄	bān nòng	39362	an-ang,n-l	1
板球	bǎn qiú	39363	an-ang,j-q-x	1
背头	bēi tóu	39367	ai-ei,ao-ou	1
崩裂	bēng liè	39368	en-eng,ia-ie,n-l,r-l	1
闭馆	bì guǎn	39369	uan-uang	1
弊政	bì zhèng	39370	en-eng,z-zh	1
濒死	bīn sǐ	39371	in-ing,s-sh	1
鹁鸽	bó gē	39372		3
财阀	cái fá	39373	ai-ei,c-ch,h-f	1
馋涎	chán xián	39375	an-ang,ian-iang,c-ch,j-q-x	3
撤资	chè zī	39376	z-zh,c-ch	1
陈言	chén yán	39377	en-eng,an-ang,c-ch	1
撑死	chēng sǐ	39378	en-eng,c-ch,s-sh	1
诚邀	chéng yāo	39379	en-eng,ao-ou,c-ch	1
垂范	chuí fàn	39383	an-ang,c-ch,h-f	1
套货	tào huò	39384	ao-ou,ua-uo,h-f	1
粗莽	cū mǎng	39385	an-ang,c-ch	1
单名	dān míng	39391	in-ing,an-ang	1
胆管	dǎn guǎn	39392	an-ang,uan-uang	1
灯草	dēng cǎo	39393	en-eng,ao-ou,c-ch	1
等式	děng shì	39394	en-eng,s-sh	1
地角	dì jiǎo	39395	j-q-x	1
地陷	dì xiàn	39396	ian-iang,j-q-x	1
跌价	diē jià	39397	ia-ie,j-q-x	1
毒饵	dú ěr	39399		1
额数	é shù	39401	s-sh	1
贰臣	èr chén	39402	en-eng,c-ch	1
发僵	fā jiāng	39403	ian-iang,h-f,j-q-x	1
法盲	fǎ máng	39404	an-ang,h-f	1
翻建	fān jiàn	39405	an-ang,ian-iang,h-f,j-q-x	1
脱岗	tuō gǎng	39407	an-ang,ua-uo	1
犯上	fàn shàng	39408	an-ang,s-sh,h-f	1
芒硝	máng xiāo	39409	an-ang,j-q-x	1
犯疑	fàn yí	39410	an-ang,h-f	1
放血	fàng xiě	39411	an-ang,ia-ie,h-f,j-q-x	1
放债	fàng zhài	39412	an-ang,ai-ei,z-zh,h-f	1
焚尸	fén shī	39413	en-eng,s-sh,h-f	1
凤蝶	fèng dié	39414	en-eng,ia-ie,h-f	1
奉告	fèng gào	39415	en-eng,ao-ou,h-f	1
孵卵	fū luǎn	39416	uan-uang,n-l,h-f,r-l	1
服软	fú ruǎn	39417	uan-uang,h-f,r-l	1
改容	gǎi róng	39419	ai-ei,r-l	1
干硬	gān yìng	39420	in-ing,an-ang	1
坩埚	gān guō	39421	an-ang,ua-uo	2
高徒	gāo tú	39424	ao-ou	1
功罪	gōng zuì	39427	z-zh	1
国花	guó huā	39430	ua-uo,h-f	1
海子	hǎi zi	39433	ai-ei,z-zh,h-f	1
航校	háng xiào	39434	an-ang,h-f,j-q-x	1
后福	hòu fú	39435	ao-ou,h-f	1
婚书	hūn shū	39438	s-sh,h-f	1
加刑	jiā xíng	39441	in-ing,ia-ie,j-q-x	1
减色	jiǎn sè	39442	ian-iang,s-sh,j-q-x	1
碱化	jiǎn huà	39443	ian-iang,ua-uo,h-f,j-q-x	1
洁具	jié jù	39445	ia-ie,j-q-x	1
解愁	jiě chóu	39446	ao-ou,ia-ie,c-ch,j-q-x	1
解构	jiě gòu	39447	ao-ou,ia-ie,j-q-x	1
进击	jìn jī	39449	in-ing,j-q-x	1
菁菁	jīng jīng	39450	in-ing,j-q-x	2
巨擘	jù bò	39453	j-q-x	3
拒捕	jù bǔ	39454	j-q-x	1
剧社	jù shè	39455	s-sh,j-q-x	1
开诊	kāi zhěn	39457	en-eng,ai-ei,z-zh	1
狂草	kuáng cǎo	39458	uan-uang,ao-ou,c-ch	1
劳神	láo shén	39459	en-eng,ao-ou,s-sh,n-l,r-l	1
磷脂	lín zhī	39460	in-ing,z-zh,n-l,r-l	1
滤波	lǜ bō	39462	n-l,r-l	1
落草	luò cǎo	39464	ao-ou,ua-uo,c-ch,n-l,r-l	1
麻线	má xiàn	39465	ian-iang,j-q-x	1
毛毡	máo zhān	39467	an-ang,ao-ou,z-zh	1
棉线	mián xiàn	39469	ian-iang,j-q-x	1
秒针	miǎo zhēn	39470	en-eng,z-zh	1
末流	mò liú	39471	n-l,r-l	1
年夜	nián yè	39473	ian-iang,n-l	1
孽障	niè zhàng	39474	an-ang,ia-ie,z-zh,n-l	1
排险	pái xiǎn	39475	ian-iang,ai-ei,j-q-x	1
泡制	pào zhì	39476	ao-ou,z-zh	1
披阅	pī yuè	39477		1
飘溢	piāo yì	39478		1
品貌	pǐn mào	39479	in-ing,ao-ou	1
钎子	qiān zi	39483	ian-iang,z-zh,j-q-x	3
悭吝	qiān lìn	39484	in-ing,ian-iang,n-l,r-l,j-q-x	3
收阴	shōu yīn	39485	in-ing,ao-ou,s-sh	1
墙纸	qiáng zhǐ	39487	ian-iang,z-zh,j-q-x	1
抢攻	qiǎng gōng	39488	ian-iang,j-q-x	1
切分	qiē fēn	39489	en-eng,ia-ie,h-f,j-q-x	1
清道	qīng dào	39490	in-ing,ao-ou,j-q-x	1
情丝	qíng sī	39491	in-ing,s-sh,j-q-x	1
确非	què fēi	39492	ai-ei,h-f,j-q-x	1
任便	rèn biàn	39493	en-eng,ian-iang,r-l	1
儒将	rú jiàng	39494	ian-iang,r-l,j-q-x	1
入戏	rù xì	39495	r-l,j-q-x	1
撒泼	sā pō	39496	s-sh	1
慑服	shè fú	39497	s-sh,h-f	3
视盘	shì pán	39498	an-ang,s-sh	1
手卷	shǒu juàn	39500	uan-uang,ao-ou,s-sh,j-q-x	1
授旗	shòu qí	39501	ao-ou,s-sh,j-q-x	1
熟地	shú dì	39502	s-sh	1
暑天	shǔ tiān	39503	ian-iang,s-sh	1
顺带	shùn dài	39504	ai-ei,s-sh	1
私见	sī jiàn	39505	ian-iang,s-sh,j-q-x	1
松明	sōng míng	39507	in-ing,s-sh	1
抬价	tái jià	39508	ai-ei,ia-ie,j-q-x	1
套管	tào guǎn	39509	uan-uang,ao-ou	1
网虫	wǎng chóng	39511	an-ang,c-ch	1
童音	tóng yīn	39512	in-ing	1
透雨	tòu yǔ	39513	ao-ou	1
退党	tuì dǎng	39514	an-ang	1
瓦蓝	wǎ lán	39517	an-ang,n-l,r-l	1
伪作	wěi zuò	39519	ai-ei,ua-uo,z-zh	1
巫医	wū yī	39520		1
误传	wù chuán	39523	uan-uang,c-ch	1
洗涮	xǐ shuàn	39524	uan-uang,s-sh,j-q-x	1
下世	xià shì	39525	ia-ie,s-sh,j-q-x	1
衔恨	xián hèn	39526	en-eng,ian-iang,h-f,j-q-x	1
小量	xiǎo liàng	39527	ian-iang,n-l,r-l,j-q-x	1
孝衣	xiào yī	39529	j-q-x	1
熊市	xióng shì	39530	s-sh,j-q-x	1
蓄养	xù yǎng	39531	an-ang,j-q-x	1
削瘦	xuē shòu	39532	ao-ou,s-sh,j-q-x	1
循例	xún lì	39534	n-l,r-l,j-q-x	1
压惊	yā jīng	39535	in-ing,j-q-x	1
雅量	yǎ liàng	39536	ian-iang,n-l,r-l	1
烟波	yān bō	39537	an-ang	1
妖孽	yāo niè	39538	ao-ou,ia-ie,n-l	1
腰眼	yāo yǎn	39539	an-ang,ao-ou	1
叶轮	yè lún	39540	n-l,r-l	1
遗稿	yí gǎo	39542	ao-ou	1
遗作	yí zuò	39543	ua-uo,z-zh	1
驿道	yì dào	39546	ao-ou	3
应分	yīng fèn	39547	en-eng,in-ing,h-f	1
油毡	yóu zhān	39548	an-ang,ao-ou,z-zh	1
云图	yún tú	39550		1
责编	zé biān	39552	ian-iang,z-zh	1
扎堆	zhā duī	39553	z-zh	1
渣土	zhā tǔ	39554	z-zh	1
宅第	zhái dì	39555	ai-ei,z-zh	1
砧板	zhēn bǎn	39557	en-eng,an-ang,z-zh	3
治黄	zhì huáng	39560	uan-uang,z-zh,h-f	1
重利	zhòng lì	39563	z-zh,n-l,r-l	1
助选	zhù xuǎn	39564	uan-uang,z-zh,j-q-x	1
自奉	zì fèng	39566	en-eng,z-zh,h-f	1
醉态	zuì tài	39568	ai-ei,z-zh	1
坐像	zuò xiàng	39569	ian-iang,ua-uo,z-zh,j-q-x	1
哀哭	āi kū	39570	ai-ei	1
暗喜	àn xǐ	39571	an-ang,j-q-x	1
敖包	áo bāo	39572	ao-ou	3
百叶	bǎi yè	39573	ai-ei	1
摆酒	bǎi jiǔ	39574	ai-ei,j-q-x	1
半道	bàn dào	39575	an-ang,ao-ou	1
帮衬	bāng chèn	39576	en-eng,an-ang,c-ch	1
臂力	bì lì	39578	n-l,r-l	1
布面	bù miàn	39580	ian-iang	1
布票	bù piào	39581		1
苍黄	cāng huáng	39582	an-ang,uan-uang,c-ch,h-f	1
嗔怒	chēn nù	39584	en-eng,c-ch,n-l	3
成规	chéng guī	39585	en-eng,c-ch	1
成数	chéng shù	39586	en-eng,c-ch,s-sh	1
重犯	chóng fàn	39587	an-ang,c-ch,h-f	1
抽丝	chōu sī	39588	ao-ou,c-ch,s-sh	1
出界	chū jiè	39589	ia-ie,c-ch,j-q-x	1
初晴	chū qíng	39591	in-ing,c-ch,j-q-x	1
初雪	chū xuě	39592	c-ch,j-q-x	1
处子	chǔ zǐ	39594	z-zh,c-ch	1
春饼	chūn bǐng	39595	in-ing,c-ch	1
纯碱	chún jiǎn	39596	ian-iang,c-ch,j-q-x	1
纯美	chún měi	39597	ai-ei,c-ch	1
凑数	còu shù	39598	ao-ou,c-ch,s-sh	1
单传	dān chuán	39601	an-ang,uan-uang,c-ch	1
刀兵	dāo bīng	39602	in-ing,ao-ou	1
低度	dī dù	39603		1
对光	duì guāng	39608	uan-uang	1
恶斗	è dòu	39609	ao-ou	1
恶浊	è zhuó	39610	ua-uo,z-zh	1
发窘	fā jiǒng	39611	h-f,j-q-x	1
罚跪	fá guì	39612	h-f	1
防旱	fáng hàn	39613	an-ang,h-f	1
访古	fǎng gǔ	39614	an-ang,h-f	1
访求	fǎng qiú	39615	an-ang,h-f,j-q-x	1
肥田	féi tián	39616	ian-iang,ai-ei,h-f	1
封门	fēng mén	39617	en-eng,h-f	1
改错	gǎi cuò	39619	ai-ei,ua-uo,c-ch	1
赶工	gǎn gōng	39620	an-ang	1
高领	gāo lǐng	39621	in-ing,ao-ou,n-l,r-l	1
告饶	gào ráo	39622	ao-ou,r-l	1
乖戾	guāi lì	39623	n-l,r-l	3
裹胁	guǒ xié	39626	ia-ie,ua-uo,j-q-x	1
海沟	hǎi gōu	39627	ai-ei,ao-ou,h-f	1
寒士	hán shì	39628	an-ang,s-sh,h-f	1
旱路	hàn lù	39629	an-ang,n-l,h-f,r-l	1
河网	hé wǎng	39630	an-ang,h-f	1
盒装	hé zhuāng	39632	uan-uang,z-zh,h-f	1
虎威	hǔ wēi	39634	ai-ei,h-f	1
花插	huā chā	39635	ua-uo,c-ch,h-f	1
黄杨	huáng yáng	39636	an-ang,uan-uang,h-f	1
辉光	huī guāng	39638	uan-uang,h-f	1
徽记	huī jì	39639	h-f,j-q-x	1
火石	huǒ shí	39640	ua-uo,s-sh,h-f	1
夹心	jiā xīn	39643	in-ing,ia-ie,j-q-x	1
解送	jiè sòng	39644	ia-ie,s-sh,j-q-x	1
金婚	jīn hūn	39645	in-ing,h-f,j-q-x	1
浸种	jìn zhǒng	39646	in-ing,z-zh,j-q-x	1
精进	jīng jìn	39648	in-ing,j-q-x	1
警语	jǐng yǔ	39649	in-ing,j-q-x	1
窘困	jiǒng kùn	39650	j-q-x	1
拒贿	jù huì	39652	h-f,j-q-x	1
军规	jūn guī	39653	j-q-x	1
可人	kě rén	39654	en-eng,r-l	1
可意	kě yì	39655		1
坑骗	kēng piàn	39656	en-eng,ian-iang	1
苦相	kǔ xiàng	39658	ian-iang,j-q-x	1
扩编	kuò biān	39659	ian-iang,ua-uo	1
老气	lǎo qì	39660	ao-ou,n-l,r-l,j-q-x	1
联检	lián jiǎn	39662	ian-iang,n-l,r-l,j-q-x	1
留利	liú lì	39664	n-l,r-l	1
榴莲	liú lián	39665	ian-iang,n-l,r-l	1
蝼蚁	lóu yǐ	39667	ao-ou,n-l,r-l	3
路风	lù fēng	39668	en-eng,n-l,h-f,r-l	1
螺钉	luó dīng	39670	in-ing,ua-uo,n-l,r-l	1
蜜枣	mì zǎo	39673	ao-ou,z-zh	1
命薄	mìng bó	39675	in-ing	1
闹房	nào fáng	39677	an-ang,ao-ou,n-l,h-f	1
牛痘	niú dòu	39679	ao-ou,n-l	1
奴性	nú xìng	39680	in-ing,n-l,j-q-x	1
暖色	nuǎn sè	39681	uan-uang,s-sh,n-l	1
胚子	pēi zi	39682	ai-ei,z-zh	1
陪送	péi sòng	39683	ai-ei,s-sh	1
篷子	péng zi	39685	en-eng,z-zh	1
偏房	piān fáng	39686	an-ang,ian-iang,h-f	1
剽掠	piāo lüè	39687	n-l,r-l	3
妻小	qī xiǎo	39688	j-q-x	1
卡壳	qiǎ ké	39690	ia-ie,j-q-x	1
强震	qiáng zhèn	39692	en-eng,ian-iang,z-zh,j-q-x	1
清仓	qīng cāng	39694	in-ing,an-ang,c-ch,j-q-x	1
犬齿	quǎn chǐ	39695	uan-uang,c-ch,j-q-x	1
劝善	quàn shàn	39696	an-ang,uan-uang,s-sh,j-q-x	1
劝退	quàn tuì	39697	uan-uang,j-q-x	1
濡湿	rú shī	39698	s-sh,r-l	3
软缎	ruǎn duàn	39699	uan-uang,r-l	1
沙鸥	shā ōu	39701	ao-ou,s-sh	1
炝锅	qiàng guō	39702	ian-iang,ua-uo,j-q-x	3
商法	shāng fǎ	39703	an-ang,s-sh,h-f	1
神异	shén yì	39704	en-eng,s-sh	1
甥女	shēng nǚ	39706	en-eng,s-sh,n-l	1
胜境	shèng jìng	39707	en-eng,in-ing,s-sh,j-q-x	1
师哥	shī gē	39709	s-sh	1
石墩	shí dūn	39710	s-sh	1
世兄	shì xiōng	39711	s-sh,j-q-x	1
手鼓	shǒu gǔ	39713	ao-ou,s-sh	1
熟客	shú kè	39714	s-sh	1
爽气	shuǎng qì	39716	uan-uang,s-sh,j-q-x	1
水笔	shuǐ bǐ	39717	s-sh	1
水酒	shuǐ jiǔ	39718	s-sh,j-q-x	1
送检	sòng jiǎn	39719	ian-iang,s-sh,j-q-x	1
颂词	sòng cí	39720	c-ch,s-sh	1
干政	gān zhèng	39721	en-eng,an-ang,z-zh	1
诉冤	sù yuān	39723	uan-uang,s-sh	1
尿泡	suī pao	39724	ao-ou,s-sh	1
台属	tái shǔ	39725	ai-ei,s-sh	1
天梯	tiān tī	39728	ian-iang	1
通敌	tōng dí	39729		1
同路	tóng lù	39730	n-l,r-l	1
退席	tuì xí	39733	j-q-x	1
拖曳	tuō yè	39734	ua-uo	3
网膜	wǎng mó	39737	an-ang	1
围裹	wéi guǒ	39738	ai-ei,ua-uo	1
尾翼	wěi yì	39740	ai-ei	1
诬赖	wū lài	39742	ai-ei,n-l,r-l	1
瞎忙	xiā máng	39747	an-ang,ia-ie,j-q-x	1
下品	xià pǐn	39748	in-ing,ia-ie,j-q-x	1
相恋	xiāng liàn	39749	ian-iang,n-l,r-l,j-q-x	1
镶金	xiāng jīn	39750	in-ing,ian-iang,j-q-x	1
歇手	xiē shǒu	39751	ao-ou,ia-ie,s-sh,j-q-x	1
心善	xīn shàn	39752	in-ing,an-ang,s-sh,j-q-x	1
新姿	xīn zī	39753	in-ing,z-zh,j-q-x	1
绣品	xiù pǐn	39754	in-ing,j-q-x	1
虚火	xū huǒ	39755	ua-uo,h-f,j-q-x	1
验光	yàn guāng	39760	an-ang,uan-uang	1
阳伞	yáng sǎn	39761	an-ang,s-sh	1
样书	yàng shū	39763	an-ang,s-sh	1
妖气	yāo qì	39764	ao-ou,j-q-x	1
药味	yào wèi	39766	ai-ei,ao-ou	1
倚势	yǐ shì	39770	s-sh	1
意兴	yì xìng	39771	in-ing,j-q-x	1
幽微	yōu wēi	39772	ai-ei,ao-ou	1
邮册	yóu cè	39773	ao-ou,c-ch	1
圆领	yuán lǐng	39776	in-ing,uan-uang,n-l,r-l	1
云际	yún jì	39777	j-q-x	1
张挂	zhāng guà	39778	an-ang,ua-uo,z-zh	1
榛子	zhēn zi	39781	en-eng,z-zh	3
正业	zhèng yè	39783	en-eng,z-zh	1
助跑	zhù pǎo	39786	ao-ou,z-zh	1
准点	zhǔn diǎn	39787	ian-iang,z-zh	1
滋阴	zī yīn	39788	in-ing,z-zh	1
自斟	zì zhēn	39791	en-eng,z-zh	1
租户	zū hù	39793	z-zh,h-f	1
祖居	zǔ jū	39794	z-zh,j-q-x	1
氨气	ān qì	39795	an-ang,j-q-x	1
白蜡	bái là	39796	ai-ei,n-l,r-l	1
包租	bāo zū	39798	ao-ou,z-zh	1
备马	bèi mǎ	39799	ai-ei	1
本名	běn míng	39800	en-eng,in-ing	1
比丘	bǐ qiū	39801	j-q-x	1
病疫	bìng yì	39802	in-ing	1
布帛	bù bó	39804		3
才思	cái sī	39805	ai-ei,c-ch,s-sh	1
残虐	cán nüè	39806	an-ang,c-ch,n-l	1
舱室	cāng shì	39807	an-ang,c-ch,s-sh	1
超拔	chāo bá	39808	ao-ou,c-ch	1
成说	chéng shuō	39809	en-eng,ua-uo,c-ch,s-sh	1
橙汁	chéng zhī	39810	en-eng,z-zh,c-ch	1
驰驱	chí qū	39811	c-ch,j-q-x	1
尺码	chǐ mǎ	39812	c-ch	1
垂首	chuí shǒu	39814	ao-ou,c-ch,s-sh	1
春情	chūn qíng	39815	in-ing,c-ch,j-q-x	1
检录	jiǎn lù	39816	ian-iang,n-l,r-l,j-q-x	1
次女	cì nǚ	39817	c-ch,n-l	1
单科	dān kē	39822	an-ang	1
悼亡	dào wáng	39823	an-ang,ao-ou	1
低热	dī rè	39824	r-l	1
钉鞋	dīng xié	39827	in-ing,ia-ie,j-q-x	1
丢丑	diū chǒu	39828	ao-ou,c-ch	1
冬装	dōng zhuāng	39829	uan-uang,z-zh	1
黩武	dú wǔ	39830		3
断断	duàn duàn	39831	uan-uang	1
客服	kè fú	39832	h-f	1
恩准	ēn zhǔn	39833	en-eng,z-zh	1
发涩	fā sè	39834	s-sh,h-f	1
发硬	fā yìng	39835	in-ing,h-f	1
纺锤	fǎng chuí	39836	an-ang,c-ch,h-f	1
飞虫	fēi chóng	39837	ai-ei,c-ch,h-f	1
凤眼	fèng yǎn	39838	en-eng,an-ang,h-f	1
奉使	fèng shǐ	39839	en-eng,s-sh,h-f	1
甘休	gān xiū	39841	an-ang,j-q-x	1
各别	gè bié	39843	ia-ie	1
后起	hòu qǐ	39849	ao-ou,h-f,j-q-x	1
忽悠	hū you	39850	ao-ou,h-f	1
弧光	hú guāng	39851	uan-uang,h-f	1
胡人	hú rén	39852	en-eng,h-f,r-l	1
虎骨	hǔ gǔ	39854	h-f	1
划水	huá shuǐ	39855	ua-uo,s-sh,h-f	1
画夹	huà jiā	39857	ia-ie,ua-uo,h-f,j-q-x	1
换汇	huàn huì	39858	uan-uang,h-f	1
回采	huí cǎi	39859	ai-ei,c-ch,h-f	1
浑名	hún míng	39860	in-ing,h-f	1
积善	jī shàn	39861	an-ang,s-sh,j-q-x	1
积雨	jī yǔ	39862	j-q-x	1
基干	jī gàn	39863	an-ang,j-q-x	1
假钞	jiǎ chāo	39865	ao-ou,ia-ie,c-ch,j-q-x	1
剑侠	jiàn xiá	39867	ian-iang,ia-ie,j-q-x	1
绞杀	jiǎo shā	39869	s-sh,j-q-x	1
节录	jié lù	39871	ia-ie,n-l,r-l,j-q-x	1
借据	jiè jù	39872	ia-ie,j-q-x	1
金笔	jīn bǐ	39873	in-ing,j-q-x	1
锦标	jǐn biāo	39874	in-ing,j-q-x	1
聚齐	jù qí	39875	j-q-x	1
开航	kāi háng	39876	an-ang,ai-ei,h-f	1
开镰	kāi lián	39877	ian-iang,ai-ei,n-l,r-l	1
课税	kè shuì	39878	s-sh	1
枯寂	kū jì	39879	j-q-x	1
老粗	lǎo cū	39881	ao-ou,c-ch,n-l,r-l	1
老辣	lǎo là	39882	ao-ou,n-l,r-l	1
曼声	màn shēng	39887	en-eng,an-ang,s-sh	1
猫眼	māo yǎn	39888	an-ang,ao-ou	1
蒙混	méng hùn	39890	en-eng,h-f	1
米线	mǐ xiàn	39891	ian-iang,j-q-x	1
面生	miàn shēng	39893	en-eng,ian-iang,s-sh	1
内涝	nèi lào	39895	ai-ei,ao-ou,n-l,r-l	1
内迁	nèi qiān	39896	ian-iang,ai-ei,n-l,j-q-x	1
年根	nián gēn	39897	en-eng,ian-iang,n-l	1
年息	nián xī	39898	ian-iang,n-l,j-q-x	1
凝脂	níng zhī	39900	in-ing,z-zh,n-l	1
捧读	pěng dú	39901	en-eng	1
皮疹	pí zhěn	39902	en-eng,z-zh	1
均富	jūn fù	39903	h-f,j-q-x	1
平底	píng dǐ	39904	in-ing	1
评理	píng lǐ	39905	in-ing,n-l,r-l	1
剖白	pōu bái	39906	ai-ei,ao-ou	1
起吊	qǐ diào	39907	j-q-x	1
气层	qì céng	39909	en-eng,c-ch,j-q-x	1
弃儿	qì ér	39910	j-q-x	1
求诊	qiú zhěn	39912	en-eng,z-zh,j-q-x	1
拳师	quán shī	39913	uan-uang,s-sh,j-q-x	1
洒扫	sǎ sǎo	39916	ao-ou,s-sh	1
丧乱	sāng luàn	39919	an-ang,uan-uang,s-sh,n-l,r-l	1
商亭	shāng tíng	39920	in-ing,an-ang,s-sh	1
上货	shàng huò	39921	an-ang,ua-uo,s-sh,h-f	1
上镜	shàng jìng	39922	in-ing,an-ang,s-sh,j-q-x	1
烧碱	shāo jiǎn	39923	ian-iang,ao-ou,s-sh,j-q-x	1
审读	shěn dú	39924	en-eng,s-sh	1
升势	shēng shì	39925	en-eng,s-sh	1
声扬	shēng yáng	39926	en-eng,an-ang,s-sh	1
石竹	shí zhú	39927	z-zh,s-sh	1
释文	shì wén	39928	en-eng,s-sh	1
数说	shǔ shuō	39930	ua-uo,s-sh	1
水战	shuǐ zhàn	39931	an-ang,z-zh,s-sh	1
睡袋	shuì dài	39932	ai-ei,s-sh	1
说白	shuō bái	39933	ai-ei,ua-uo,s-sh	1
厮磨	sī mó	39934	s-sh	3
苏绣	sū xiù	39935	s-sh,j-q-x	1
探察	tàn chá	39938	an-ang,c-ch	1
堂妹	táng mèi	39939	an-ang,ai-ei	1
提花	tí huā	39940	ua-uo,h-f	1
天干	tiān gān	39941	an-ang,ian-iang	1
条案	tiáo àn	39943	an-ang	1
跳级	tiào jí	39944	j-q-x	1
贴面	tiē miàn	39945	ian-iang,ia-ie	1
挺括	tǐng kuò	39946	in-ing,ua-uo	1
通观	tōng guān	39947	uan-uang	1
统摄	tǒng shè	39949	s-sh	1
投医	tóu yī	39950	ao-ou	1
脱壳	tuō ké	39952	ua-uo	1
乌木	wū mù	39954		1
收阳	shōu yáng	39959	an-ang,ao-ou,s-sh	1
下力	xià lì	39960	ia-ie,n-l,r-l,j-q-x	1
险遭	xiǎn zāo	39962	ian-iang,ao-ou,z-zh,j-q-x	1
相许	xiāng xǔ	39964	ian-iang,j-q-x	1
饷银	xiǎng yín	39965	in-ing,ian-iang,j-q-x	3
小解	xiǎo jiě	39966	ia-ie,j-q-x	1
小可	xiǎo kě	39967	j-q-x	1
小酌	xiǎo zhuó	39969	ua-uo,z-zh,j-q-x	1
啸聚	xiào jù	39970	j-q-x	1
薪俸	xīn fèng	39971	en-eng,in-ing,h-f,j-q-x	3
袖管	xiù guǎn	39972	uan-uang,j-q-x	1
绣像	xiù xiàng	39973	ian-iang,j-q-x	1
押宝	yā bǎo	39974	ao-ou	1
押赴	yā fù	39975	h-f	1
烟道	yān dào	39976	an-ang,ao-ou	1
眼眉	yǎn méi	39977	an-ang,ai-ei	1
扬花	yáng huā	39978	an-ang,ua-uo,h-f	1
仰首	yǎng shǒu	39979	an-ang,ao-ou,s-sh	1
鹞子	yào zi	39981	ao-ou,z-zh	3
音系	yīn xì	39984	in-ing,j-q-x	1
引产	yǐn chǎn	39985	in-ing,an-ang,c-ch	1
印儿	yìn er	39987	in-ing	1
用武	yòng wǔ	39988		1
右首	yòu shǒu	39990	ao-ou,s-sh	1
再世	zài shì	39992	ai-ei,z-zh,s-sh	1
藏戏	zàng xì	39993	an-ang,z-zh,j-q-x	1
展卖	zhǎn mài	39994	an-ang,ai-ei,z-zh	1
征尘	zhēng chén	39995	en-eng,z-zh,c-ch	1
直待	zhí dài	39996	ai-ei,z-zh	1
植皮	zhí pí	39997	z-zh	1
猪蹄	zhū tí	40000	z-zh	1
竹节	zhú jié	40001	ia-ie,z-zh,j-q-x	1
主根	zhǔ gēn	40002	en-eng,z-zh	1
状语	zhuàng yǔ	40003	uan-uang,z-zh	1
准头	zhǔn tou	40004	ao-ou,z-zh	1
紫铜	zǐ tóng	40005	z-zh	1
阻遏	zǔ è	40008	z-zh	1
暗探	àn tàn	40009	an-ang	1
碑记	bēi jì	40011	ai-ei,j-q-x	1
碑铭	bēi míng	40012	in-ing,ai-ei	1
毙伤	bì shāng	40013	an-ang,s-sh	1
秉烛	bǐng zhú	40015	in-ing,z-zh	1
不端	bù duān	40016	uan-uang	1
草虫	cǎo chóng	40017	ao-ou,c-ch	1
测字	cè zì	40018	z-zh,c-ch	1
常例	cháng lì	40020	an-ang,c-ch,n-l,r-l	1
车胎	chē tāi	40021	ai-ei,c-ch	1
辰时	chén shí	40022	en-eng,c-ch,s-sh	1
谶语	chèn yǔ	40023	en-eng,c-ch	3
城厢	chéng xiāng	40024	en-eng,ian-iang,c-ch,j-q-x	1
哧溜	chī liū	40026	c-ch,n-l,r-l	3
赤豆	chì dòu	40027	ao-ou,c-ch	1
重光	chóng guāng	40028	uan-uang,c-ch	1
初旬	chū xún	40030	c-ch,j-q-x	1
雏儿	chú er	40031	c-ch	1
搐动	chù dòng	40032	c-ch	3
传本	chuán běn	40033	en-eng,uan-uang,c-ch	1
垂成	chuí chéng	40034	en-eng,c-ch	1
呆傻	dāi shǎ	40037	ai-ei,s-sh	1
淡青	dàn qīng	40038	in-ing,an-ang,j-q-x	1
挡路	dǎng lù	40039	an-ang,n-l,r-l	1
当票	dàng piào	40040	an-ang	1
灯彩	dēng cǎi	40042	en-eng,ai-ei,c-ch	1
垫圈	diàn juàn	40043	ian-iang,uan-uang,j-q-x	1
调派	diào pài	40044	ai-ei	1
定息	dìng xī	40045	in-ing,j-q-x	1
毒计	dú jì	40046	j-q-x	1
犊子	dú zi	40049	z-zh	3
赌棍	dǔ gùn	40050		1
恶狗	è gǒu	40054	ao-ou	1
恶言	è yán	40055	an-ang	1
犯事	fàn shì	40057	an-ang,s-sh,h-f	1
肥瘦	féi shòu	40058	ai-ei,ao-ou,s-sh,h-f	1
奋飞	fèn fēi	40059	en-eng,ai-ei,h-f	1
蜂群	fēng qún	40060	en-eng,h-f,j-q-x	1
佛光	fó guāng	40061	uan-uang,h-f	1
扶疏	fú shū	40062	s-sh,h-f	1
服罪	fú zuì	40063	z-zh,h-f	1
浮财	fú cái	40064	ai-ei,c-ch,h-f	1
复音	fù yīn	40065	in-ing,h-f	1
钢索	gāng suǒ	40069	an-ang,ua-uo,s-sh	1
隔板	gé bǎn	40070	an-ang	1
工日	gōng rì	40071	r-l	1
工长	gōng cháng	40072	an-ang,c-ch	1
姑子	gū zi	40073	z-zh	1
惯犯	guàn fàn	40074	an-ang,uan-uang,h-f	1
规整	guī zhěng	40075	en-eng,z-zh	1
滚水	gǔn shuǐ	40076	s-sh	1
磙子	gǔn zi	40077	z-zh	3
骇异	hài yì	40078	ai-ei,h-f	1
汉民	hàn mín	40079	in-ing,an-ang,h-f	1
河蚌	hé bàng	40080	an-ang,h-f	1
核弹	hé dàn	40081	an-ang,h-f	1
鸿毛	hóng máo	40083	ao-ou,h-f	1
简体	jiǎn tǐ	40087	ian-iang,j-q-x	1
见教	jiàn jiào	40088	ian-iang,j-q-x	1
见诸	jiàn zhū	40089	ian-iang,z-zh,j-q-x	1
叫号	jiào hào	40090	ao-ou,h-f,j-q-x	1
孑遗	jié yí	40091	ia-ie,j-q-x	3
节选	jié xuǎn	40092	uan-uang,ia-ie,j-q-x	1
井绳	jǐng shéng	40097	en-eng,in-ing,s-sh,j-q-x	1
警纪	jǐng jì	40098	in-ing,j-q-x	1
旧学	jiù xué	40099	j-q-x	1
砍价	kǎn jià	40100	an-ang,ia-ie,j-q-x	1
苛政	kē zhèng	40102	en-eng,z-zh	1
空门	kōng mén	40105	en-eng	1
空档	kòng dàng	40106	an-ang	1
困厄	kùn è	40107		3
老窖	lǎo jiào	40110	ao-ou,n-l,r-l,j-q-x	1
累加	lěi jiā	40111	ai-ei,ia-ie,n-l,r-l,j-q-x	1
冷箭	lěng jiàn	40112	en-eng,ian-iang,n-l,r-l,j-q-x	1
厉鬼	lì guǐ	40113	n-l,r-l	1
鲢鱼	lián yú	40114	ian-iang,n-l,r-l	3
镂花	lòu huā	40115	ao-ou,ua-uo,n-l,h-f,r-l	3
马裤	mǎ kù	40116		1
曼妙	màn miào	40117	an-ang	1
曼舞	màn wǔ	40118	an-ang	1
眉峰	méi fēng	40120	en-eng,ai-ei,h-f	1
猛禽	měng qín	40121	en-eng,in-ing,j-q-x	1
苗情	miáo qíng	40122	in-ing,j-q-x	1
明矾	míng fán	40123	in-ing,an-ang,h-f	1
母带	mǔ dài	40124	ai-ei	1
拿获	ná huò	40125	ua-uo,n-l,h-f	1
拿问	ná wèn	40126	en-eng,n-l	1
讣文	fù wén	40127	en-eng,h-f	3
拟稿	nǐ gǎo	40128	ao-ou,n-l	1
年刊	nián kān	40129	an-ang,ian-iang,n-l	1
轮替	lún tì	40130	n-l,r-l	1
年事	nián shì	40131	ian-iang,s-sh,n-l	1
女家	nǚ jiā	40132	ia-ie,n-l,j-q-x	1
副修	fù xiū	40133	h-f,j-q-x	1
藕荷	ǒu hé	40134	ao-ou,h-f	1
拼图	pīn tú	40136	in-ing	1
棋圣	qí shèng	40138	en-eng,s-sh,j-q-x	1
泣诉	qì sù	40139	s-sh,j-q-x	1
抢点	qiǎng diǎn	40140	ian-iang,j-q-x	1
抢渡	qiǎng dù	40141	ian-iang,j-q-x	1
巧干	qiǎo gàn	40142	an-ang,j-q-x	1
情杀	qíng shā	40143	in-ing,s-sh,j-q-x	1
情知	qíng zhī	40144	in-ing,z-zh,j-q-x	1
请功	qǐng gōng	40145	in-ing,j-q-x	1
取景	qǔ jǐng	40146	in-ing,j-q-x	1
商队	shāng duì	40152	an-ang,s-sh	1
摄录	shè lù	40154	s-sh,n-l,r-l	1
升位	shēng wèi	40156	en-eng,ai-ei,s-sh	1
诗韵	shī yùn	40157	s-sh	1
血象	xuè xiàng	40158	ian-iang,j-q-x	1
收账	shōu zhàng	40160	an-ang,ao-ou,z-zh,s-sh	1
寿材	shòu cái	40162	ai-ei,ao-ou,c-ch,s-sh	1
受礼	shòu lǐ	40163	ao-ou,s-sh,n-l,r-l	1
赎身	shú shēn	40164	en-eng,s-sh	1
数列	shù liè	40165	ia-ie,s-sh,n-l,r-l	1
水蛇	shuǐ shé	40166	s-sh	1
睡椅	shuì yǐ	40167	s-sh	1
顺遂	shùn suì	40168	s-sh	1
提级	tí jí	40171	j-q-x	1
提职	tí zhí	40172	z-zh	1
通共	tōng gòng	40173		1
通夜	tōng yè	40174		1
瞳仁	tóng rén	40175	en-eng,r-l	1
头彩	tóu cǎi	40176	ai-ei,ao-ou,c-ch	1
头胎	tóu tāi	40177	ai-ei,ao-ou	1
图钉	tú dīng	40179	in-ing	1
涂写	tú xiě	40180	ia-ie,j-q-x	1
托故	tuō gù	40181	ua-uo	1
驮运	tuó yùn	40182	ua-uo	1
王族	wáng zú	40183	an-ang,z-zh	1
网袋	wǎng dài	40184	an-ang,ai-ei	1
网篮	wǎng lán	40185	an-ang,n-l,r-l	1
帷幔	wéi màn	40187	an-ang,ai-ei	3
小童	xiǎo tóng	40190	j-q-x	1
小样	xiǎo yàng	40191	an-ang,j-q-x	1
缢死	yì sǐ	40192	s-sh	3
省视	xǐng shì	40194	in-ing,s-sh,j-q-x	1
玄想	xuán xiǎng	40195	ian-iang,uan-uang,j-q-x	1
旋儿	xuán er	40196	uan-uang,j-q-x	1
削职	xuē zhí	40197	z-zh,j-q-x	1
雪青	xuě qīng	40198	in-ing,j-q-x	1
奄奄	yǎn yǎn	40200	an-ang	2
眼晕	yǎn yùn	40201	an-ang	1
佯称	yáng chēng	40202	en-eng,an-ang,c-ch	3
洋财	yáng cái	40203	an-ang,ai-ei,c-ch	1
仰赖	yǎng lài	40204	an-ang,ai-ei,n-l,r-l	1
瑶池	yáo chí	40206	ao-ou,c-ch	3
遗精	yí jīng	40208	in-ing,j-q-x	1
遗赠	yí zèng	40209	en-eng,z-zh	1
遗族	yí zú	40210	z-zh	1
易位	yì wèi	40212	ai-ei	1
跌份	diē fèn	40213	en-eng,ia-ie,h-f	1
音容	yīn róng	40215	in-ing,r-l	1
银饰	yín shì	40216	in-ing,s-sh	1
油性	yóu xìng	40219	in-ing,ao-ou,j-q-x	1
有底	yǒu dǐ	40220	ao-ou	1
样刊	yàng kān	40222	an-ang	1
渔轮	yú lún	40225	n-l,r-l	1
雨幕	yǔ mù	40226		1
雨云	yǔ yún	40227		1
造市	zào shì	40229	ao-ou,z-zh,s-sh	1
咋呼	zhā hu	40230	z-zh,h-f	1
招股	zhāo gǔ	40231	ao-ou,z-zh	1
遮丑	zhē chǒu	40232	ao-ou,z-zh,c-ch	1
针孔	zhēn kǒng	40233	en-eng,z-zh	1
栀子	zhī zi	40235	z-zh	3
中策	zhōng cè	40236	z-zh,c-ch	1
竹筏	zhú fá	40238	z-zh,h-f	1
主修	zhǔ xiū	40239	z-zh,j-q-x	1
祝祷	zhù dǎo	40240	ao-ou,z-zh	1
抓拍	zhuā pāi	40242	ai-ei,ua-uo,z-zh	1
撞钟	zhuàng zhōng	40243	uan-uang,z-zh	1
自矜	zì jīn	40244	in-ing,z-zh,j-q-x	3
暗绿	àn lǜ	40246	an-ang,n-l,r-l	1
白丁	bái dīng	40247	in-ing,ai-ei	1
瘢痕	bān hén	40250	en-eng,an-ang,h-f	3
卑琐	bēi suǒ	40253	ai-ei,ua-uo,s-sh	1
义仓	yì cāng	40254	an-ang,c-ch	1
边寨	biān zhài	40255	ian-iang,ai-ei,z-zh	1
编次	biān cì	40256	ian-iang,c-ch	1
便溺	biàn niào	40257	ian-iang,n-l	1
便血	biàn xiě	40258	ian-iang,ia-ie,j-q-x	1
兵祸	bīng huò	40259	in-ing,ua-uo,h-f	1
兵源	bīng yuán	40260	in-ing,uan-uang	1
薄地	bó dì	40262		1
步哨	bù shào	40263	ao-ou,s-sh	1
财运	cái yùn	40264	ai-ei,c-ch	1
采录	cǎi lù	40265	ai-ei,c-ch,n-l,r-l	1
菜窖	cài jiào	40266	ai-ei,c-ch,j-q-x	1
草垫	cǎo diàn	40267	ian-iang,ao-ou,c-ch	1
唱机	chàng jī	40270	an-ang,c-ch,j-q-x	1
陈放	chén fàng	40272	en-eng,an-ang,c-ch,h-f	1
抽搭	chōu da	40273	ao-ou,c-ch	1
初夜	chū yè	40274	c-ch	1
吹灯	chuī dēng	40275	en-eng,c-ch	1
春宫	chūn gōng	40276	c-ch	1
从商	cóng shāng	40277	an-ang,c-ch,s-sh	1
打拐	dǎ guǎi	40279		1
打结	dǎ jié	40281	ia-ie,j-q-x	1
党规	dǎng guī	40283	an-ang	1
低分	dī fēn	40284	en-eng,h-f	1
砥柱	dǐ zhù	40285	z-zh	3
吊孝	diào xiào	40286	j-q-x	1
调调	diào diao	40287		1
叠合	dié hé	40288	ia-ie,h-f	1
断句	duàn jù	40290	uan-uang,j-q-x	1
敦实	dūn shi	40291	s-sh	1
儿马	ér mǎ	40292		1
发刊	fā kān	40295	an-ang,h-f	1
发愿	fā yuàn	40296	uan-uang,h-f	1
法器	fǎ qì	40297	h-f,j-q-x	1
防地	fáng dì	40298	an-ang,h-f	1
放工	fàng gōng	40299	an-ang,h-f	1
腐儒	fǔ rú	40304	h-f,r-l	1
腐竹	fǔ zhú	40305	z-zh,h-f	1
复诊	fù zhěn	40306	en-eng,z-zh,h-f	1
复种	fù zhòng	40307	z-zh,h-f	1
钢枪	gāng qiāng	40308	an-ang,ian-iang,j-q-x	1
钢条	gāng tiáo	40309	an-ang	1
隔行	gé háng	40311	an-ang,h-f	1
毫秒	háo miǎo	40315	ao-ou,h-f	1
合缝	hé fèng	40316	en-eng,h-f	1
合练	hé liàn	40317	ian-iang,n-l,h-f,r-l	1
黑户	hēi hù	40318	ai-ei,h-f	1
亨通	hēng tōng	40319	en-eng,h-f	3
胡话	hú huà	40321	ua-uo,h-f	1
样报	yàng bào	40323	an-ang,ao-ou	1
幻景	huàn jǐng	40324	in-ing,uan-uang,h-f,j-q-x	1
回嘴	huí zuǐ	40325	z-zh,h-f	1
祸端	huò duān	40327	uan-uang,ua-uo,h-f	1
极目	jí mù	40330	j-q-x	1
急弯	jí wān	40331	an-ang,j-q-x	1
集群	jí qún	40332	j-q-x	1
家资	jiā zī	40333	ia-ie,z-zh,j-q-x	1
假条	jià tiáo	40334	ia-ie,j-q-x	1
检定	jiǎn dìng	40335	in-ing,ian-iang,j-q-x	1
浆液	jiāng yè	40336	ian-iang,j-q-x	1
降旗	jiàng qí	40337	ian-iang,j-q-x	1
窖藏	jiào cáng	40338	an-ang,c-ch,j-q-x	1
接办	jiē bàn	40339	an-ang,ia-ie,j-q-x	1
接货	jiē huò	40340	ia-ie,ua-uo,h-f,j-q-x	1
借住	jiè zhù	40341	ia-ie,z-zh,j-q-x	1
锦鸡	jǐn jī	40342	in-ing,j-q-x	1
警容	jǐng róng	40343	in-ing,r-l,j-q-x	1
剧终	jù zhōng	40344	z-zh,j-q-x	1
聚散	jù sàn	40345	an-ang,s-sh,j-q-x	1
烤箱	kǎo xiāng	40347	ian-iang,ao-ou,j-q-x	1
空寂	kōng jì	40348	j-q-x	1
扣杀	kòu shā	40349	ao-ou,s-sh	1
宽宏	kuān hóng	40350	uan-uang,h-f	1
匡算	kuāng suàn	40351	uan-uang,s-sh	3
亏欠	kuī qiàn	40352	ian-iang,j-q-x	1
拉锯	lā jù	40353	n-l,r-l,j-q-x	1
劳损	láo sǔn	40354	ao-ou,s-sh,n-l,r-l	1
冷盘	lěng pán	40358	en-eng,an-ang,n-l,r-l	1
早慧	zǎo huì	40359	ao-ou,z-zh,h-f	1
列兵	liè bīng	40363	in-ing,ia-ie,n-l,r-l	1
灵机	líng jī	40364	in-ing,n-l,r-l,j-q-x	1
翎毛	líng máo	40365	in-ing,ao-ou,n-l,r-l	3
六亲	liù qīn	40366	in-ing,n-l,r-l,j-q-x	1
轮转	lún zhuàn	40367	uan-uang,z-zh,n-l,r-l	1
毛边	máo biān	40369	ian-iang,ao-ou	1
毛票	máo piào	40370	ao-ou	1
煤火	méi huǒ	40372	ai-ei,ua-uo,h-f	1
魔窟	mó kū	40375		1
年来	nián lái	40377	ian-iang,ai-ei,n-l,r-l	1
牛市	niú shì	40378	s-sh,n-l	1
拍发	pāi fā	40379	ai-ei,h-f	1
判例	pàn lì	40380	an-ang,n-l,r-l	1
泡子	pào zi	40381	ao-ou,z-zh	1
蓬蒿	péng hāo	40382	en-eng,ao-ou,h-f	3
偏殿	piān diàn	40384	ian-iang	1
平辈	píng bèi	40385	in-ing,ai-ei	1
期终	qī zhōng	40386	z-zh,j-q-x	1
企划	qǐ huà	40387	ua-uo,h-f,j-q-x	1
亲故	qīn gù	40388	in-ing,j-q-x	1
求亲	qiú qīn	40389	in-ing,j-q-x	1
缺课	quē kè	40391	j-q-x	1
戎机	róng jī	40394	r-l,j-q-x	1
杀掠	shā lüè	40395	s-sh,n-l,r-l	1
蛇形	shé xíng	40396	in-ing,s-sh,j-q-x	1
失陪	shī péi	40398	ai-ei,s-sh	1
石磙	shí gǔn	40399	s-sh	3
收服	shōu fú	40400	ao-ou,s-sh,h-f	1
手巧	shǒu qiǎo	40401	ao-ou,s-sh,j-q-x	1
疏解	shū jiě	40402	ia-ie,s-sh,j-q-x	1
树敌	shù dí	40403	s-sh	1
丝棉	sī mián	40406	ian-iang,s-sh	1
掏心	tāo xīn	40409	in-ing,ao-ou,j-q-x	1
提任	tí rèn	40410	en-eng,r-l	1
剃度	tì dù	40411		1
条石	tiáo shí	40412	s-sh	1
铁心	tiě xīn	40413	in-ing,ia-ie,j-q-x	1
通经	tōng jīng	40414	in-ing,j-q-x	1
通同	tōng tóng	40415		1
铜匠	tóng jiàng	40416	ian-iang,j-q-x	1
统观	tǒng guān	40417	uan-uang	1
团日	tuán rì	40418	uan-uang,r-l	1
外姓	wài xìng	40419	in-ing,ai-ei,j-q-x	1
围网	wéi wǎng	40420	an-ang,ai-ei	1
闻见	wén jiàn	40421	en-eng,ian-iang,j-q-x	1
卧具	wò jù	40422	j-q-x	1
下任	xià rèn	40425	en-eng,ia-ie,r-l,j-q-x	1
纤毛	xiān máo	40426	ian-iang,ao-ou,j-q-x	1
校歌	xiào gē	40428	j-q-x	1
心尖	xīn jiān	40431	in-ing,ian-iang,j-q-x	1
信实	xìn shí	40433	in-ing,s-sh,j-q-x	1
悻然	xìng rán	40434	in-ing,an-ang,r-l,j-q-x	3
秀雅	xiù yǎ	40435	j-q-x	1
絮聒	xù guō	40436	ua-uo,j-q-x	3
严父	yán fù	40439	an-ang,h-f	1
衍化	yǎn huà	40440	an-ang,ua-uo,h-f	1
摇橹	yáo lǔ	40441	ao-ou,n-l,r-l	3
遥指	yáo zhǐ	40442	ao-ou,z-zh	1
咬字	yǎo zì	40443	ao-ou,z-zh	1
要事	yào shì	40444	ao-ou,s-sh	1
艺名	yì míng	40449	in-ing	1
起赃	qǐ zāng	40450	an-ang,z-zh,j-q-x	1
阴茎	yīn jīng	40451	in-ing,j-q-x	1
引咎	yǐn jiù	40452	in-ing,j-q-x	3
勇夫	yǒng fū	40454	h-f	1
玉碎	yù suì	40455	s-sh	1
熨帖	yù tiē	40457	ia-ie	3
约计	yuē jì	40458	j-q-x	1
月半	yuè bàn	40459	an-ang	1
熨斗	yùn dǒu	40461	ao-ou	3
杂家	zá jiā	40462	ia-ie,z-zh,j-q-x	1
战云	zhàn yún	40465	an-ang,z-zh	1
怔忡	zhēng chōng	40466	en-eng,z-zh,c-ch	3
知会	zhī hui	40467	z-zh,h-f	1
中波	zhōng bō	40470	z-zh	1
螽斯	zhōng sī	40471	z-zh,s-sh	3
背囊	bēi náng	40479	an-ang,ai-ei,n-l	1
悲秋	bēi qiū	40480	ai-ei,j-q-x	1
备料	bèi liào	40482	ai-ei,n-l,r-l	1
壁挂	bì guà	40485	ua-uo	1
边线	biān xiàn	40486	ian-iang,j-q-x	1
冰释	bīng shì	40487	in-ing,s-sh	1
兵灾	bīng zāi	40488	in-ing,ai-ei,z-zh	1
病患	bìng huàn	40489	in-ing,uan-uang,h-f	1
拨转	bō zhuǎn	40490	uan-uang,z-zh	1
卜筮	bǔ shì	40491	s-sh	3
补血	bǔ xuè	40492	j-q-x	1
茶庄	chá zhuāng	40494	uan-uang,z-zh,c-ch	1
查点	chá diǎn	40495	ian-iang,c-ch	1
拆装	chāi zhuāng	40496	uan-uang,ai-ei,z-zh,c-ch	1
阐扬	chǎn yáng	40497	an-ang,c-ch	1
常服	cháng fú	40498	an-ang,c-ch,h-f	1
敞口	chǎng kǒu	40499	an-ang,ao-ou,c-ch	1
承欢	chéng huān	40500	en-eng,uan-uang,c-ch,h-f	1
承印	chéng yìn	40501	en-eng,in-ing,c-ch	1
斥骂	chì mà	40502	c-ch	1
筹谋	chóu móu	40503	ao-ou,c-ch	1
出超	chū chāo	40504	ao-ou,c-ch	1
船帮	chuán bāng	40506	an-ang,uan-uang,c-ch	1
催熟	cuī shú	40508	c-ch,s-sh	1
代称	dài chēng	40510	en-eng,ai-ei,c-ch	1
荡妇	dàng fù	40511	an-ang,h-f	1
得宜	dé yí	40512		1
灯座	dēng zuò	40513	en-eng,ua-uo,z-zh	1
蹬腿	dēng tuǐ	40514	en-eng	1
嫡亲	dí qīn	40515	in-ing,j-q-x	3
底版	dǐ bǎn	40516	an-ang	1
电算	diàn suàn	40517	ian-iang,uan-uang,s-sh	1
叠印	dié yìn	40518	in-ing,ia-ie	1
定则	dìng zé	40519	in-ing,z-zh	1
兜揽	dōu lǎn	40520	an-ang,ao-ou,n-l,r-l	1
毒虫	dú chóng	40521	c-ch	1
毒犯	dú fàn	40522	an-ang,h-f	1
毒箭	dú jiàn	40523	ian-iang,j-q-x	1
短剧	duǎn jù	40524	uan-uang,j-q-x	1
烦忧	fán yōu	40526	an-ang,ao-ou,h-f	1
犯案	fàn àn	40527	an-ang,h-f	1
房车	fáng chē	40528	an-ang,c-ch,h-f	1
肺脏	fèi zàng	40530	an-ang,ai-ei,z-zh,h-f	1
分神	fēn shén	40531	en-eng,s-sh,h-f	1
干冰	gān bīng	40533	in-ing,an-ang	1
赶巧	gǎn qiǎo	40534	an-ang,j-q-x	1
钢缆	gāng lǎn	40535	an-ang,n-l,r-l	1
羔皮	gāo pí	40536	ao-ou	1
根苗	gēn miáo	40538	en-eng	1
弓背	gōng bèi	40540	ai-ei	1
公马	gōng mǎ	40541		1
鼓膜	gǔ mó	40542		1
国脉	guó mài	40545	ai-ei,ua-uo	1
豪富	háo fù	40546	ao-ou,h-f	1
何曾	hé céng	40547	en-eng,c-ch,h-f	1
河狸	hé lí	40548	n-l,h-f,r-l	1
河塘	hé táng	40549	an-ang,h-f	1
黑枪	hēi qiāng	40551	ian-iang,ai-ei,h-f,j-q-x	1
洪钟	hóng zhōng	40552	z-zh,h-f	1
候诊	hòu zhěn	40553	en-eng,ao-ou,z-zh,h-f	1
花缎	huā duàn	40554	uan-uang,ua-uo,h-f	1
坏水	huài shuǐ	40556	s-sh,h-f	1
黄麻	huáng má	40557	uan-uang,h-f	1
回车	huí chē	40558	c-ch,h-f	1
火炽	huǒ chì	40560	ua-uo,c-ch,h-f	3
几案	jī àn	40562	an-ang,j-q-x	1
机位	jī wèi	40563	ai-ei,j-q-x	1
鸡心	jī xīn	40564	in-ing,j-q-x	1
忌恨	jì hèn	40565	en-eng,h-f,j-q-x	1
见谅	jiàn liàng	40566	ian-iang,n-l,r-l,j-q-x	1
豇豆	jiāng dòu	40567	ian-iang,ao-ou,j-q-x	3
胶泥	jiāo ní	40568	n-l,j-q-x	1
教龄	jiào líng	40569	in-ing,n-l,r-l,j-q-x	1
锦纶	jǐn lún	40571	in-ing,n-l,r-l,j-q-x	3
进香	jìn xiāng	40572	in-ing,ian-iang,j-q-x	1
旧都	jiù dū	40574	j-q-x	1
橘黄	jú huáng	40575	uan-uang,h-f,j-q-x	1
聚赌	jù dǔ	40576	j-q-x	1
枯涩	kū sè	40579	s-sh	1
蜡纸	là zhǐ	40581	z-zh,n-l,r-l	1
阑珊	lán shān	40582	an-ang,s-sh,n-l,r-l	3
冷杉	lěng shān	40583	en-eng,an-ang,s-sh,n-l,r-l	1
连写	lián xiě	40584	ian-iang,ia-ie,n-l,r-l,j-q-x	1
联署	lián shǔ	40585	ian-iang,s-sh,n-l,r-l	1
凌汛	líng xùn	40586	in-ing,n-l,r-l,j-q-x	1
炉台	lú tái	40589	ai-ei,n-l,r-l	1
马掌	mǎ zhǎng	40590	an-ang,z-zh	1
买账	mǎi zhàng	40591	an-ang,ai-ei,z-zh	1
慢车	màn chē	40592	an-ang,c-ch	1
免役	miǎn yì	40593	ian-iang	1
冥顽	míng wán	40594	in-ing,an-ang	1
抹粉	mǒ fěn	40595	en-eng,h-f	1
男宾	nán bīn	40598	in-ing,an-ang,n-l	1
炮车	pào chē	40600	ao-ou,c-ch	1
炮灰	pào huī	40601	ao-ou,h-f	1
喷墨	pēn mò	40602	en-eng	1
禀性	bǐng xìng	40603	in-ing,j-q-x	1
飘逝	piāo shì	40604	s-sh	1
评功	píng gōng	40605	in-ing	1
骑楼	qí lóu	40607	ao-ou,n-l,r-l,j-q-x	1
强似	qiáng sì	40609	ian-iang,s-sh,j-q-x	1
倾囊	qīng náng	40611	in-ing,an-ang,n-l,j-q-x	1
丘壑	qiū hè	40612	h-f,j-q-x	3
求乞	qiú qǐ	40613	j-q-x	1
祛病	qū bìng	40614	in-ing,j-q-x	3
全价	quán jià	40615	uan-uang,ia-ie,j-q-x	1
劝学	quàn xué	40616	uan-uang,j-q-x	1
确当	què dàng	40617	an-ang,j-q-x	1
染发	rǎn fà	40618	an-ang,h-f,r-l	1
热卖	rè mài	40619	ai-ei,r-l	1
人鱼	rén yú	40620	en-eng,r-l	1
丧亡	sàng wáng	40623	an-ang,s-sh	1
社戏	shè xì	40625	s-sh,j-q-x	1
神驰	shén chí	40626	en-eng,c-ch,s-sh	1
神物	shén wù	40627	en-eng,s-sh	1
圣手	shèng shǒu	40628	en-eng,ao-ou,s-sh	1
石槽	shí cáo	40629	ao-ou,c-ch,s-sh	1
食疗	shí liáo	40630	s-sh,n-l,r-l	1
蚀本	shí běn	40631	en-eng,s-sh	1
收存	shōu cún	40632	ao-ou,c-ch,s-sh	1
寿礼	shòu lǐ	40634	ao-ou,s-sh,n-l,r-l	1
售罄	shòu qìng	40635	in-ing,ao-ou,s-sh,j-q-x	3
书亭	shū tíng	40636	in-ing,s-sh	1
私章	sī zhāng	40639	an-ang,z-zh,s-sh	1
四郊	sì jiāo	40640	s-sh,j-q-x	1
松脂	sōng zhī	40641	z-zh,s-sh	1
苏铁	sū tiě	40642	ia-ie,s-sh	1
酸臭	suān chòu	40643	uan-uang,ao-ou,c-ch,s-sh	1
套牢	tào láo	40645	ao-ou,n-l,r-l	1
特出	tè chū	40646	c-ch	1
题签	tí qiān	40647	ian-iang,j-q-x	1
挑食	tiāo shí	40648	s-sh	1
调羹	tiáo gēng	40649	en-eng	1
铁臂	tiě bì	40650	ia-ie	1
童星	tóng xīng	40651	in-ing,j-q-x	1
童贞	tóng zhēn	40652	en-eng,z-zh	1
外感	wài gǎn	40654	an-ang,ai-ei	1
危楼	wēi lóu	40655	ai-ei,ao-ou,n-l,r-l	1
文德	wén dé	40656	en-eng	1
握拳	wò quán	40658	uan-uang,j-q-x	1
误杀	wù shā	40660	s-sh	1
系念	xì niàn	40662	ian-iang,n-l,j-q-x	1
闲步	xián bù	40664	ian-iang,j-q-x	1
贤士	xián shì	40665	ian-iang,s-sh,j-q-x	1
显影	xiǎn yǐng	40666	in-ing,ian-iang,j-q-x	1
香灰	xiāng huī	40667	ian-iang,h-f,j-q-x	1
详明	xiáng míng	40668	in-ing,ian-iang,j-q-x	1
削球	xiāo qiú	40669	j-q-x	1
小豆	xiǎo dòu	40670	ao-ou,j-q-x	1
校花	xiào huā	40671	ua-uo,h-f,j-q-x	1
兴学	xīng xué	40672	in-ing,j-q-x	1
行状	xíng zhuàng	40673	in-ing,uan-uang,z-zh,j-q-x	1
杏眼	xìng yǎn	40674	in-ing,an-ang,j-q-x	1
玄色	xuán sè	40675	uan-uang,s-sh,j-q-x	1
押款	yā kuǎn	40677	uan-uang	1
烟子	yān zi	40678	an-ang,z-zh	1
严师	yán shī	40679	an-ang,s-sh	1
严霜	yán shuāng	40680	an-ang,uan-uang,s-sh	1
眼袋	yǎn dài	40681	an-ang,ai-ei	1
摇椅	yáo yǐ	40684	ao-ou	1
遗著	yí zhù	40686	z-zh	1
奕奕	yì yì	40687		2
引逗	yǐn dòu	40688	in-ing,ao-ou	1
引信	yǐn xìn	40689	in-ing,j-q-x	1
印堂	yìn táng	40690	in-ing,an-ang	1
应许	yīng xǔ	40691	in-ing,j-q-x	1
鹰隼	yīng sǔn	40692	in-ing,s-sh	3
油层	yóu céng	40693	en-eng,ao-ou,c-ch	1
油子	yóu zi	40694	ao-ou,z-zh	1
榆钱	yú qián	40697	ian-iang,j-q-x	1
语源	yǔ yuán	40698	uan-uang	1
狱警	yù jǐng	40699	in-ing,j-q-x	1
御制	yù zhì	40700	z-zh	1
远海	yuǎn hǎi	40701	uan-uang,ai-ei,h-f	1
扎染	zā rǎn	40702	an-ang,z-zh,r-l	1
灾星	zāi xīng	40703	in-ing,ai-ei,z-zh,j-q-x	1
在教	zài jiào	40704	ai-ei,z-zh,j-q-x	1
战书	zhàn shū	40705	an-ang,z-zh,s-sh	1
站相	zhàn xiàng	40706	an-ang,ian-iang,z-zh,j-q-x	1
招领	zhāo lǐng	40707	in-ing,ao-ou,z-zh,n-l,r-l	1
招租	zhāo zū	40708	ao-ou,z-zh	1
重判	zhòng pàn	40713	an-ang,z-zh	1
竹器	zhú qì	40714	z-zh,j-q-x	1
竹榻	zhú tà	40715	z-zh	3
转译	zhuǎn yì	40717	uan-uang,z-zh	1
转轴	zhuàn zhóu	40718	uan-uang,ao-ou,z-zh	1
准星	zhǔn xīng	40719	in-ing,z-zh,j-q-x	1
自供	zì gòng	40720	z-zh	1
嘴尖	zuǐ jiān	40721	ian-iang,z-zh,j-q-x	1
嘴头	zuǐ tóu	40722	ao-ou,z-zh	1
做东	zuò dōng	40724	ua-uo,z-zh	1
阿斗	ā dǒu	40725	ao-ou	1
白文	bái wén	40727	en-eng,ai-ei	1
败絮	bài xù	40728	ai-ei,j-q-x	1
板鸭	bǎn yā	40730	an-ang	1
避世	bì shì	40731	s-sh	1
冰镇	bīng zhèn	40732	en-eng,in-ing,z-zh	1
不忿	bù fèn	40734	en-eng,h-f	1
不果	bù guǒ	40735	ua-uo	1
才貌	cái mào	40737	ai-ei,ao-ou,c-ch	1
操行	cāo xíng	40738	in-ing,ao-ou,c-ch,j-q-x	1
草鸡	cǎo jī	40739	ao-ou,c-ch,j-q-x	1
插页	chā yè	40740	c-ch	1
柴刀	chái dāo	40741	ai-ei,ao-ou,c-ch	1
铲车	chǎn chē	40742	an-ang,c-ch	1
车技	chē jì	40745	c-ch,j-q-x	1
舂米	chōng mǐ	40746	c-ch	3
抽头	chōu tóu	40747	ao-ou,c-ch	1
窗帷	chuāng wéi	40748	uan-uang,ai-ei,c-ch	1
备胎	bèi tāi	40749	ai-ei	1
床架	chuáng jià	40750	uan-uang,ia-ie,c-ch,j-q-x	1
床罩	chuáng zhào	40751	uan-uang,ao-ou,z-zh,c-ch	1
从师	cóng shī	40752	c-ch,s-sh	1
搓揉	cuō róu	40753	ao-ou,ua-uo,c-ch,r-l	1
打诨	dǎ hùn	40754	h-f	3
带累	dài lěi	40755	ai-ei,n-l,r-l	1
得数	dé shù	40756	s-sh	1
底肥	dǐ féi	40757	ai-ei,h-f	1
底账	dǐ zhàng	40758	an-ang,z-zh	1
定评	dìng píng	40759	in-ing	1
动嘴	dòng zuǐ	40760	z-zh	1
断指	duàn zhǐ	40762	uan-uang,z-zh	1
二茬	èr chá	40764	c-ch	1
发汗	fā hàn	40765	an-ang,h-f	1
发际	fà jì	40766	h-f,j-q-x	1
樊笼	fán lóng	40767	an-ang,n-l,h-f,r-l	3
返修	fǎn xiū	40769	an-ang,h-f,j-q-x	1
芳容	fāng róng	40770	an-ang,h-f,r-l	1
妨事	fáng shì	40771	an-ang,s-sh,h-f	1
风压	fēng yā	40772	en-eng,h-f	1
敷药	fū yào	40773	ao-ou,h-f	1
赴难	fù nàn	40775	an-ang,n-l,h-f	1
改订	gǎi dìng	40776	in-ing,ai-ei	1
鸽哨	gē shào	40777	ao-ou,s-sh	1
更鼓	gēng gǔ	40779	en-eng	1
归期	guī qī	40785	j-q-x	1
鬼蜮	guǐ yù	40786		3
国药	guó yào	40787	ao-ou,ua-uo	1
国优	guó yōu	40788	ao-ou,ua-uo	1
海鱼	hǎi yú	40790	ai-ei,h-f	1
酣饮	hān yǐn	40791	in-ing,an-ang,h-f	1
好赖	hǎo lài	40793	ai-ei,ao-ou,n-l,h-f,r-l	1
皓首	hào shǒu	40794	ao-ou,s-sh,h-f	1
河汉	hé hàn	40795	an-ang,h-f	1
厚利	hòu lì	40796	ao-ou,n-l,h-f,r-l	1
华发	huá fà	40797	ua-uo,h-f	1
画架	huà jià	40799	ia-ie,ua-uo,h-f,j-q-x	1
回炉	huí lú	40801	n-l,h-f,r-l	1
活页	huó yè	40802	ua-uo,h-f	1
货单	huò dān	40804	an-ang,ua-uo,h-f	1
积欠	jī qiàn	40805	ian-iang,j-q-x	1
基坑	jī kēng	40806	en-eng,j-q-x	1
加号	jiā hào	40807	ao-ou,ia-ie,h-f,j-q-x	1
金牙	jīn yá	40808	in-ing,j-q-x	1
晋剧	jìn jù	40809	in-ing,j-q-x	1
浸渍	jìn zì	40810	in-ing,z-zh,j-q-x	3
精纺	jīng fǎng	40811	in-ing,an-ang,h-f,j-q-x	1
空疏	kōng shū	40812	s-sh	1
空转	kōng zhuàn	40813	uan-uang,z-zh	1
狂跌	kuáng diē	40815	uan-uang,ia-ie	1
拦挡	lán dǎng	40818	an-ang,n-l,r-l	1
连襟	lián jīn	40822	in-ing,ian-iang,n-l,r-l,j-q-x	1
凉台	liáng tái	40823	ian-iang,ai-ei,n-l,r-l	1
轮次	lún cì	40825	c-ch,n-l,r-l	1
卖笑	mài xiào	40826	ai-ei,j-q-x	1
煤屑	méi xiè	40830	ai-ei,ia-ie,j-q-x	1
蒙难	méng nàn	40832	en-eng,an-ang,n-l	1
棉区	mián qū	40833	ian-iang,j-q-x	1
面汤	miàn tāng	40834	an-ang,ian-iang	1
名宿	míng sù	40835	in-ing,s-sh	1
明文	míng wén	40836	en-eng,in-ing	1
纳粮	nà liáng	40839	ian-iang,n-l,r-l	1
南纬	nán wěi	40840	an-ang,ai-ei,n-l	1
昵称	nì chēng	40841	en-eng,c-ch,n-l	3
牛蒡	niú bàng	40844	an-ang,n-l	3
排阵	pái zhèn	40845	en-eng,ai-ei,z-zh	1
抛却	pāo què	40846	ao-ou,j-q-x	1
跑光	pǎo guāng	40847	uan-uang,ao-ou	1
棚户	péng hù	40848	en-eng,h-f	1
漆皮	qī pí	40852	j-q-x	1
歧异	qí yì	40853	j-q-x	1
桥身	qiáo shēn	40854	en-eng,s-sh,j-q-x	1
屈身	qū shēn	40856	en-eng,s-sh,j-q-x	1
趋奉	qū fèng	40857	en-eng,h-f,j-q-x	1
阙如	quē rú	40859	r-l,j-q-x	3
仁儿	rén er	40860	en-eng,r-l	1
柔润	róu rùn	40861	ao-ou,r-l	1
肉酱	ròu jiàng	40862	ian-iang,ao-ou,r-l,j-q-x	1
肉禽	ròu qín	40863	in-ing,ao-ou,r-l,j-q-x	1
砂浆	shā jiāng	40864	ian-iang,s-sh,j-q-x	1
深通	shēn tōng	40866	en-eng,s-sh	1
水蛭	shuǐ zhì	40869	z-zh,s-sh	3
顺访	shùn fǎng	40870	an-ang,s-sh,h-f	1
堂客	táng kè	40872	an-ang	1
提箱	tí xiāng	40873	ian-iang,j-q-x	1
天足	tiān zú	40875	ian-iang,z-zh	1
通兑	tōng duì	40876		1
同调	tóng diào	40877		1
托孤	tuō gū	40878	ua-uo	1
歪道	wāi dào	40879	ai-ei,ao-ou	1
乌金	wū jīn	40881	in-ing,j-q-x	1
污损	wū sǔn	40882	s-sh	1
洗雪	xǐ xuě	40884	j-q-x	1
隙缝	xì fèng	40885	en-eng,h-f,j-q-x	1
贤德	xián dé	40887	ian-iang,j-q-x	1
晓畅	xiǎo chàng	40889	an-ang,c-ch,j-q-x	1
幸臣	xìng chén	40891	en-eng,in-ing,c-ch,j-q-x	1
胸牌	xiōng pái	40892	ai-ei,j-q-x	1
徐图	xú tú	40894	j-q-x	1
寻欢	xún huān	40895	uan-uang,h-f,j-q-x	1
寻机	xún jī	40896	j-q-x	1
艳遇	yàn yù	40897	an-ang	1
养气	yǎng qì	40899	an-ang,j-q-x	1
屹然	yì rán	40901	an-ang,r-l	1
影楼	yǐng lóu	40902	in-ing,ao-ou,n-l,r-l	1
优柔	yōu róu	40903	ao-ou,r-l	1
油纸	yóu zhǐ	40905	ao-ou,z-zh	1
育婴	yù yīng	40906	in-ing	1
造势	zào shì	40908	ao-ou,z-zh,s-sh	1
摘报	zhāi bào	40909	ai-ei,ao-ou,z-zh	1
长门	zhǎng mén	40912	en-eng,an-ang,z-zh	1
阵法	zhèn fǎ	40914	en-eng,z-zh,h-f	1
周天	zhōu tiān	40917	ian-iang,ao-ou,z-zh	1
珠玑	zhū jī	40919	z-zh,j-q-x	3
捉刀	zhuō dāo	40920	ao-ou,ua-uo,z-zh	1
纵马	zòng mǎ	40923	z-zh	1
族类	zú lèi	40924	ai-ei,z-zh,n-l,r-l	1
安设	ān shè	40925	an-ang,s-sh	1
暗害	àn hài	40926	an-ang,ai-ei,h-f	1
轨距	guǐ jù	40928	j-q-x	1
白鹳	bái guàn	40930	uan-uang,ai-ei	3
暴敛	bào liǎn	40932	ian-iang,ao-ou,n-l,r-l	1
本利	běn lì	40933	en-eng,n-l,r-l	1
本业	běn yè	40934	en-eng	1
笔管	bǐ guǎn	40935	uan-uang	1
贬谪	biǎn zhé	40936	ian-iang,z-zh	3
便桥	biàn qiáo	40937	ian-iang,j-q-x	1
兵饷	bīng xiǎng	40938	in-ing,ian-iang,j-q-x	3
病况	bìng kuàng	40939	in-ing,uan-uang	1
猜透	cāi tòu	40941	ai-ei,ao-ou,c-ch	1
菜系	cài xì	40942	ai-ei,c-ch,j-q-x	1
槽头	cáo tóu	40944	ao-ou,c-ch	1
插班	chā bān	40945	an-ang,c-ch	1
产需	chǎn xū	40946	an-ang,c-ch,j-q-x	1
长亭	cháng tíng	40947	in-ing,an-ang,c-ch	1
长项	cháng xiàng	40948	an-ang,ian-iang,c-ch,j-q-x	1
耻于	chǐ yú	40949	c-ch	1
赤金	chì jīn	40950	in-ing,c-ch,j-q-x	1
仇怨	chóu yuàn	40951	uan-uang,ao-ou,c-ch	1
酬宾	chóu bīn	40952	in-ing,ao-ou,c-ch	1
畜类	chù lei	40953	ai-ei,c-ch,n-l,r-l	1
大钞	dà chāo	40956	ao-ou,c-ch	1
大卡	dà kǎ	40957		1
地勤	dì qín	40960	in-ing,j-q-x	1
甸子	diàn zi	40961	ian-iang,z-zh	1
吊扣	diào kòu	40962	ao-ou	1
冬灌	dōng guàn	40964	uan-uang	1
豆包	dòu bāo	40965	ao-ou	1
豆豉	dòu chǐ	40966	ao-ou,c-ch	3
赌局	dǔ jú	40967	j-q-x	1
墩布	dūn bù	40968		1
二胎	èr tāi	40970	ai-ei	1
梵语	fàn yǔ	40971	an-ang,h-f	3
防老	fáng lǎo	40972	an-ang,ao-ou,n-l,h-f,r-l	1
风帽	fēng mào	40974	en-eng,ao-ou,h-f	1
风门	fēng mén	40976	en-eng,h-f	1
疯魔	fēng mó	40977	en-eng,h-f	1
扶掖	fú yè	40978	h-f	3
复姓	fù xìng	40981	in-ing,h-f,j-q-x	1
富态	fù tai	40982	ai-ei,h-f	1
钢叉	gāng chā	40983	an-ang,c-ch	1
根究	gēn jiū	40984	en-eng,j-q-x	1
弓腰	gōng yāo	40985	ao-ou	1
孤高	gū gāo	40987	ao-ou	1
鬼祟	guǐ suì	40988	s-sh	1
过速	guò sù	40990	ua-uo,s-sh	1
含恨	hán hèn	40991	en-eng,an-ang,h-f	1
寒食	hán shí	40992	an-ang,s-sh,h-f	1
汉剧	hàn jù	40993	an-ang,h-f,j-q-x	1
悍将	hàn jiàng	40994	an-ang,ian-iang,h-f,j-q-x	1
豪壮	háo zhuàng	40995	uan-uang,ao-ou,z-zh,h-f	1
环行	huán xíng	40998	in-ing,uan-uang,h-f,j-q-x	1
回礼	huí lǐ	40999	n-l,h-f,r-l	1
火烫	huǒ tàng	41001	an-ang,ua-uo,h-f	1
鸡眼	jī yǎn	41002	an-ang,j-q-x	1
坚果	jiān guǒ	41004	ian-iang,ua-uo,j-q-x	1
缄口	jiān kǒu	41005	ian-iang,ao-ou,j-q-x	3
讲价	jiǎng jià	41006	ian-iang,ia-ie,j-q-x	1
狡计	jiǎo jì	41007	j-q-x	1
节哀	jié āi	41008	ai-ei,ia-ie,j-q-x	1
桀纣	jié zhòu	41009	ao-ou,ia-ie,z-zh,j-q-x	2
经传	jīng zhuàn	41011	in-ing,uan-uang,z-zh,j-q-x	1
井然	jǐng rán	41012	in-ing,an-ang,r-l,j-q-x	1
镜台	jìng tái	41013	in-ing,ai-ei,j-q-x	1
居功	jū gōng	41015	j-q-x	1
军制	jūn zhì	41016	z-zh,j-q-x	1
均分	jūn fēn	41017	en-eng,h-f,j-q-x	1
开审	kāi shěn	41018	en-eng,ai-ei,s-sh	1
可怖	kě bù	41020		1
刻刀	kè dāo	41021	ao-ou	1
宽限	kuān xiàn	41022	ian-iang,uan-uang,j-q-x	1
拉锁	lā suǒ	41023	ua-uo,s-sh,n-l,r-l	1
离乱	lí luàn	41026	uan-uang,n-l,r-l	1
净身	jìng shēn	41028	en-eng,in-ing,s-sh,j-q-x	1
烈度	liè dù	41029	ia-ie,n-l,r-l	1
猎鹰	liè yīng	41030	in-ing,ia-ie,n-l,r-l	1
灵床	líng chuáng	41031	in-ing,uan-uang,c-ch,n-l,r-l	1
绿藻	lǜ zǎo	41033	ao-ou,z-zh,n-l,r-l	1
麻糖	má táng	41034	an-ang	1
码放	mǎ fàng	41035	an-ang,h-f	1
冒头	mào tóu	41036	ao-ou	1
闷酒	mèn jiǔ	41037	en-eng,j-q-x	1
蒙文	méng wén	41038	en-eng	1
谋算	móu suàn	41040	uan-uang,ao-ou,s-sh	1
欧化	ōu huà	41042	ao-ou,ua-uo,h-f	1
偶数	ǒu shù	41043	ao-ou,s-sh	1
派送	pài sòng	41044	ai-ei,s-sh	1
配殿	pèi diàn	41045	ian-iang,ai-ei	1
捧杯	pěng bēi	41046	en-eng,ai-ei	1
疲弱	pí ruò	41047	ua-uo,r-l	1
频传	pín chuán	41050	in-ing,uan-uang,c-ch	1
品酒	pǐn jiǔ	41051	in-ing,j-q-x	1
萋萋	qī qī	41052	j-q-x	2
齐奏	qí zòu	41053	ao-ou,z-zh,j-q-x	1
奇谈	qí tán	41054	an-ang,j-q-x	1
启行	qǐ xíng	41055	in-ing,j-q-x	1
起拍	qǐ pāi	41056	ai-ei,j-q-x	1
强固	qiáng gù	41058	ian-iang,j-q-x	1
强横	qiáng hèng	41059	en-eng,ian-iang,h-f,j-q-x	1
墙围	qiáng wéi	41061	ian-iang,ai-ei,j-q-x	1
愀然	qiǎo rán	41062	an-ang,r-l,j-q-x	3
青葱	qīng cōng	41063	in-ing,c-ch,j-q-x	1
清还	qīng huán	41064	in-ing,uan-uang,h-f,j-q-x	1
穷愁	qióng chóu	41066	ao-ou,c-ch,j-q-x	1
求偶	qiú ǒu	41067	ao-ou,j-q-x	1
分餐	fēn cān	41071	en-eng,an-ang,c-ch,h-f	1
全职	quán zhí	41072	uan-uang,z-zh,j-q-x	1
认捐	rèn juān	41073	en-eng,uan-uang,r-l,j-q-x	1
灾险	zāi xiǎn	41075	ian-iang,ai-ei,z-zh,j-q-x	1
荣升	róng shēng	41076	en-eng,s-sh,r-l	1
臭棋	chòu qí	41079	ao-ou,c-ch,j-q-x	1
散光	sǎn guāng	41080	an-ang,uan-uang,s-sh	1
散座	sǎn zuò	41081	an-ang,ua-uo,z-zh,s-sh	1
色差	sè chā	41082	c-ch,s-sh	1
纱灯	shā dēng	41084	en-eng,s-sh	1
纱线	shā xiàn	41085	ian-iang,s-sh,j-q-x	1
脱档	tuō dàng	41086	an-ang,ua-uo	1
禅让	shàn ràng	41087	an-ang,s-sh,r-l	1
上光	shàng guāng	41088	an-ang,uan-uang,s-sh	1
上情	shàng qíng	41089	in-ing,an-ang,s-sh,j-q-x	1
蛇行	shé xíng	41090	in-ing,s-sh,j-q-x	1
射流	shè liú	41091	s-sh,n-l,r-l	1
正高	zhèng gāo	41093	en-eng,ao-ou,z-zh	1
声控	shēng kòng	41094	en-eng,s-sh	1
收手	shōu shǒu	41095	ao-ou,s-sh	1
守墓	shǒu mù	41096	ao-ou,s-sh	1
叔嫂	shū sǎo	41097	ao-ou,s-sh	1
庶子	shù zǐ	41098	z-zh,s-sh	1
对奖	duì jiǎng	41103	ian-iang,j-q-x	1
睡裙	shuì qún	41104	s-sh,j-q-x	1
溃脓	huì nóng	41106	n-l,h-f	1
丝光	sī guāng	41108	uan-uang,s-sh	1
私怨	sī yuàn	41109	uan-uang,s-sh	1
夙夜	sù yè	41112	s-sh	3
拓印	tà yìn	41113	in-ing	1
糖衣	táng yī	41115	an-ang	1
套车	tào chē	41116	ao-ou,c-ch	1
论难	lùn nàn	41117	an-ang,n-l,r-l	1
调护	tiáo hù	41118	h-f	1
托梦	tuō mèng	41122	en-eng,ua-uo	1
外路	wài lù	41123	ai-ei,n-l,r-l	1
往时	wǎng shí	41124	an-ang,s-sh	1
尾灯	wěi dēng	41126	en-eng,ai-ei	1
习字	xí zì	41129	z-zh,j-q-x	1
戏评	xì píng	41132	in-ing,j-q-x	1
下款	xià kuǎn	41133	uan-uang,ia-ie,j-q-x	1
谐趣	xié qù	41137	ia-ie,j-q-x	1
心重	xīn zhòng	41138	in-ing,z-zh,j-q-x	1
羞赧	xiū nǎn	41139	an-ang,n-l,j-q-x	3
虚词	xū cí	41140	c-ch,j-q-x	1
虚夸	xū kuā	41141	ua-uo,j-q-x	1
叙功	xù gōng	41142	j-q-x	1
殉道	xùn dào	41143	ao-ou,j-q-x	1
嫣然	yān rán	41144	an-ang,r-l	3
佯动	yáng dòng	41145	an-ang	3
眼风	yǎn fēng	41146	en-eng,an-ang,h-f	1
卡位	kǎ wèi	41149	ai-ei	1
异教	yì jiào	41153	j-q-x	1
异型	yì xíng	41154	in-ing,j-q-x	1
认股	rèn gǔ	41155	en-eng,r-l	1
阴私	yīn sī	41157	in-ing,s-sh	1
银燕	yín yàn	41158	in-ing,an-ang	1
萦回	yíng huí	41159	in-ing,h-f	3
忧惧	yōu jù	41160	ao-ou,j-q-x	1
余悸	yú jì	41162	j-q-x	3
谨此	jǐn cǐ	41163	in-ing,c-ch,j-q-x	1
路肩	lù jiān	41164	ian-iang,n-l,r-l,j-q-x	1
鱼肚	yú dǔ	41165		1
鱼鹰	yú yīng	41166	in-ing	1
雨鞋	yǔ xié	41167	ia-ie,j-q-x	1
语感	yǔ gǎn	41168	an-ang	1
捉对	zhuō duì	41169	ua-uo,z-zh	1
御赐	yù cì	41170	c-ch	1
原盐	yuán yán	41172	an-ang,uan-uang	1
圆号	yuán hào	41173	uan-uang,ao-ou,h-f	1
援例	yuán lì	41174	uan-uang,n-l,r-l	1
杂毛	zá máo	41175	ao-ou,z-zh	1
高聘	gāo pìn	41176	in-ing,ao-ou	1
灶君	zào jūn	41177	ao-ou,z-zh,j-q-x	1
择吉	zé jí	41178	z-zh,j-q-x	1
罩衫	zhào shān	41179	an-ang,ao-ou,z-zh,s-sh	1
真凶	zhēn xiōng	41181	en-eng,z-zh,j-q-x	1
侄孙	zhí sūn	41184	z-zh,s-sh	1
逐次	zhú cì	41185	z-zh,c-ch	1
逐句	zhú jù	41186	z-zh,j-q-x	1
注疏	zhù shū	41187	z-zh,s-sh	1
谢词	xiè cí	41188	ia-ie,c-ch,j-q-x	1
专宠	zhuān chǒng	41189	uan-uang,z-zh,c-ch	1
妆奁	zhuāng lián	41191	ian-iang,uan-uang,z-zh,n-l,r-l	3
装假	zhuāng jiǎ	41192	uan-uang,ia-ie,z-zh,j-q-x	1
总账	zǒng zhàng	41195	an-ang,z-zh	1
拜别	bài bié	41197	ai-ei,ia-ie	1
背阴	bèi yīn	41198	in-ing,ai-ei	1
碧草	bì cǎo	41200	ao-ou,c-ch	1
便车	biàn chē	41201	ian-iang,c-ch	1
采种	cǎi zhǒng	41202	ai-ei,z-zh,c-ch	1
层林	céng lín	41203	en-eng,in-ing,c-ch,n-l,r-l	1
重弹	zhòng dàn	41204	an-ang,z-zh	1
丑行	chǒu xíng	41205	in-ing,ao-ou,c-ch,j-q-x	1
初婚	chū hūn	41206	c-ch,h-f	1
触雷	chù léi	41207	ai-ei,c-ch,n-l,r-l	1
垂暮	chuí mù	41209	c-ch	1
凑集	còu jí	41210	ao-ou,c-ch,j-q-x	1
打蜡	dǎ là	41211	n-l,r-l	1
挡车	dǎng chē	41212	an-ang,c-ch	1
荡舟	dàng zhōu	41213	an-ang,ao-ou,z-zh	1
低平	dī píng	41214	in-ing	1
地牢	dì láo	41215	ao-ou,n-l,r-l	1
碘酒	diǎn jiǔ	41217	ian-iang,j-q-x	1
电门	diàn mén	41218	en-eng,ian-iang	1
雕凿	diāo záo	41220	ao-ou,z-zh	1
迭次	dié cì	41221	ia-ie,c-ch	1
鼎足	dǐng zú	41222	in-ing,z-zh	1
定例	dìng lì	41223	in-ing,n-l,r-l	1
陡壁	dǒu bì	41224	ao-ou	1
独夫	dú fū	41225	h-f	1
独酌	dú zhuó	41226	ua-uo,z-zh	1
断肢	duàn zhī	41227	uan-uang,z-zh	1
反诘	fǎn jié	41230	an-ang,ia-ie,h-f,j-q-x	3
泛称	fàn chēng	41231	en-eng,an-ang,c-ch,h-f	1
贩私	fàn sī	41232	an-ang,s-sh,h-f	1
方音	fāng yīn	41233	in-ing,an-ang,h-f	1
分机	fēn jī	41237	en-eng,h-f,j-q-x	1
纷杂	fēn zá	41238	en-eng,z-zh,h-f	1
坟丘	fén qiū	41239	en-eng,h-f,j-q-x	1
服老	fú lǎo	41240	ao-ou,n-l,h-f,r-l	1
服色	fú sè	41241	s-sh,h-f	1
付梓	fù zǐ	41242	z-zh,h-f	3
甘为	gān wéi	41243	an-ang,ai-ei	1
秆儿	gǎn er	41244	an-ang	1
搞法	gǎo fǎ	41245	ao-ou,h-f	1
工潮	gōng cháo	41246	ao-ou,c-ch	1
孤胆	gū dǎn	41247	an-ang	1
姑婆	gū pó	41248		1
谷穗	gǔ suì	41249	s-sh	1
国葬	guó zàng	41251	an-ang,ua-uo,z-zh	1
过磅	guò bàng	41252	an-ang,ua-uo	1
过誉	guò yù	41253	ua-uo	1
寒微	hán wēi	41254	an-ang,ai-ei,h-f	1
寒衣	hán yī	41255	an-ang,h-f	1
号手	hào shǒu	41256	ao-ou,s-sh,h-f	1
恒山	héng shān	41257	en-eng,an-ang,s-sh,h-f	1
湖沼	hú zhǎo	41258	ao-ou,z-zh,h-f	1
护岸	hù àn	41259	an-ang,h-f	1
画舫	huà fǎng	41260	an-ang,ua-uo,h-f	3
秽语	huì yǔ	41263	h-f	1
机谋	jī móu	41264	ao-ou,j-q-x	1
基线	jī xiàn	41265	ian-iang,j-q-x	1
集束	jí shù	41266	s-sh,j-q-x	1
假死	jiǎ sǐ	41267	ia-ie,s-sh,j-q-x	1
箭竹	jiàn zhú	41269	ian-iang,z-zh,j-q-x	1
检束	jiǎn shù	41270	ian-iang,s-sh,j-q-x	1
江轮	jiāng lún	41271	ian-iang,n-l,r-l,j-q-x	1
讲和	jiǎng hé	41272	ian-iang,h-f,j-q-x	1
酱色	jiàng sè	41273	ian-iang,s-sh,j-q-x	1
矫形	jiǎo xíng	41275	in-ing,j-q-x	1
疖子	jiē zi	41276	ia-ie,z-zh,j-q-x	3
接站	jiē zhàn	41277	an-ang,ia-ie,z-zh,j-q-x	1
揭秘	jiē mì	41278	ia-ie,j-q-x	1
鲸吞	jīng tūn	41279	in-ing,j-q-x	1
警号	jǐng hào	41280	in-ing,ao-ou,h-f,j-q-x	1
炕洞	kàng dòng	41283	an-ang	1
刻写	kè xiě	41284	ia-ie,j-q-x	1
揽客	lǎn kè	41287	an-ang,n-l,r-l	1
劳军	láo jūn	41288	ao-ou,n-l,r-l,j-q-x	1
立柜	lì guì	41289	n-l,r-l	1
磷光	lín guāng	41290	in-ing,uan-uang,n-l,r-l	1
鳞甲	lín jiǎ	41291	in-ing,ia-ie,n-l,r-l,j-q-x	1
灵牌	líng pái	41292	in-ing,ai-ei,n-l,r-l	1
流溢	liú yì	41293	n-l,r-l	1
流质	liú zhì	41294	z-zh,n-l,r-l	1
拢岸	lǒng àn	41295	an-ang,n-l,r-l	1
麦芒	mài máng	41296	an-ang,ai-ei	1
麦芽	mài yá	41297	ai-ei	1
冒死	mào sǐ	41299	ao-ou,s-sh	1
名模	míng mó	41301	in-ing	1
摸头	mō tóu	41302	ao-ou	1
谋臣	móu chén	41303	en-eng,ao-ou,c-ch	1
匿藏	nì cáng	41305	an-ang,c-ch,n-l	1
炮战	pào zhàn	41306	an-ang,ao-ou,z-zh	1
签单	qiān dān	41307	an-ang,ian-iang,j-q-x	1
切点	qiē diǎn	41309	ian-iang,ia-ie,j-q-x	1
侵夺	qīn duó	41310	in-ing,ua-uo,j-q-x	1
擒敌	qín dí	41311	in-ing,j-q-x	1
清寒	qīng hán	41312	in-ing,an-ang,h-f,j-q-x	1
清心	qīng xīn	41313	in-ing,j-q-x	1
荣枯	róng kū	41315	r-l	1
入港	rù gǎng	41316	an-ang,r-l	1
商圈	shāng quān	41319	an-ang,uan-uang,s-sh,j-q-x	1
神交	shén jiāo	41320	en-eng,s-sh,j-q-x	1
诗友	shī yǒu	41321	ao-ou,s-sh	1
势态	shì tài	41322	ai-ei,s-sh	1
事假	shì jià	41323	ia-ie,s-sh,j-q-x	1
试演	shì yǎn	41324	an-ang,s-sh	1
收审	shōu shěn	41325	en-eng,ao-ou,s-sh	1
竖井	shù jǐng	41327	in-ing,s-sh,j-q-x	1
私车	sī chē	41328	c-ch,s-sh	1
思恋	sī liàn	41329	ian-iang,s-sh,n-l,r-l	1
死沉	sǐ chén	41330	en-eng,c-ch,s-sh	1
巳时	sì shí	41331	s-sh	1
速记	sù jì	41332	s-sh,j-q-x	1
速决	sù jué	41333	s-sh,j-q-x	1
粟米	sù mǐ	41334	s-sh	1
缩微	suō wēi	41335	ai-ei,ua-uo,s-sh	1
贪色	tān sè	41337	an-ang,s-sh	1
逃课	táo kè	41338	ao-ou	1
通勤	tōng qín	41339	in-ing,j-q-x	1
痛觉	tòng jué	41340	j-q-x	1
头寸	tóu cùn	41341	ao-ou,c-ch	1
透骨	tòu gǔ	41344	ao-ou	1
图录	tú lù	41345	n-l,r-l	1
拖船	tuō chuán	41346	uan-uang,ua-uo,c-ch	1
脱氧	tuō yǎng	41347	an-ang,ua-uo	1
莴笋	wō sǔn	41351	s-sh	3
务期	wù qī	41354	j-q-x	1
夏播	xià bō	41355	ia-ie,j-q-x	1
消释	xiāo shì	41357	s-sh,j-q-x	1
小锣	xiǎo luó	41358	ua-uo,n-l,r-l,j-q-x	1
小食	xiǎo shí	41359	s-sh,j-q-x	1
挟嫌	xié xián	41360	ian-iang,ia-ie,j-q-x	1
修业	xiū yè	41362	j-q-x	1
逊位	xùn wèi	41366	ai-ei,j-q-x	1
压阵	yā zhèn	41367	en-eng,z-zh	1
哑语	yǎ yǔ	41368		1
烟灯	yān dēng	41369	en-eng,an-ang	1
烟煤	yān méi	41370	an-ang,ai-ei	1
眼屎	yǎn shǐ	41371	an-ang,s-sh	1
阳面	yáng miàn	41372	an-ang,ian-iang	1
阳坡	yáng pō	41373	an-ang	1
爷娘	yé niáng	41375	ian-iang,n-l	1
佚文	yì wén	41381	en-eng	3
易手	yì shǒu	41382	ao-ou,s-sh	1
阴毒	yīn dú	41383	in-ing	1
银票	yín piào	41384	in-ing	1
忧闷	yōu mèn	41386	en-eng,ao-ou	1
幽居	yōu jū	41387	ao-ou,j-q-x	1
雨情	yǔ qíng	41389	in-ing,j-q-x	1
语体	yǔ tǐ	41390		1
月桂	yuè guì	41393		1
云鬓	yún bìn	41394	in-ing	1
芸豆	yún dòu	41395	ao-ou	3
杂面	zá miàn	41396	ian-iang,z-zh	1
灶头	zào tou	41397	ao-ou,z-zh	1
增订	zēng dìng	41398	en-eng,in-ing,z-zh	1
獐子	zhāng zi	41399	an-ang,z-zh	3
朝暮	cháo mù	41400	ao-ou,c-ch	1
笊篱	zhào li	41401	ao-ou,z-zh,n-l,r-l	3
整衣	zhěng yī	41402	en-eng,z-zh	1
忠顺	zhōng shùn	41406	z-zh,s-sh	1
种畜	zhǒng chù	41407	z-zh,c-ch	1
装相	zhuāng xiàng	41408	ian-iang,uan-uang,z-zh,j-q-x	1
自乘	zì chéng	41409	en-eng,z-zh,c-ch	1
组诗	zǔ shī	41410	z-zh,s-sh	1
伴游	bàn yóu	41412	an-ang,ao-ou	1
报数	bào shù	41414	ao-ou,s-sh	1
抱愧	bào kuì	41415	ao-ou	1
变局	biàn jú	41416	ian-iang,j-q-x	1
变型	biàn xíng	41417	in-ing,ian-iang,j-q-x	1
兵卒	bīng zú	41419	in-ing,z-zh	1
帛书	bó shū	41420	s-sh	3
才具	cái jù	41422	ai-ei,c-ch,j-q-x	1
残毒	cán dú	41423	an-ang,c-ch	1
惨厉	cǎn lì	41424	an-ang,c-ch,n-l,r-l	1
唱功	chàng gōng	41426	an-ang,c-ch	1
沉毅	chén yì	41427	en-eng,c-ch	1
陈皮	chén pí	41428	en-eng,c-ch	1
成癖	chéng pǐ	41429	en-eng,c-ch	3
橙子	chéng zi	41430	en-eng,z-zh,c-ch	1
叱令	chì lìng	41431	in-ing,c-ch,n-l,r-l	3
冲印	chōng yìn	41432	in-ing,c-ch	1
重聚	chóng jù	41433	c-ch,j-q-x	1
窗幔	chuāng màn	41434	an-ang,uan-uang,c-ch	3
篡权	cuàn quán	41435	uan-uang,c-ch,j-q-x	1
低烧	dī shāo	41438	ao-ou,s-sh	1
敌特	dí tè	41439		1
叠放	dié fàng	41440	an-ang,ia-ie,h-f	1
动火	dòng huǒ	41443	ua-uo,h-f	1
断炊	duàn chuī	41444	uan-uang,c-ch	1
垛子	duǒ zi	41445	ua-uo,z-zh	1
法号	fǎ hào	41447	ao-ou,h-f	1
浮生	fú shēng	41449	en-eng,s-sh,h-f	1
扛鼎	gāng dǐng	41450	in-ing,an-ang	1
根瘤	gēn liú	41452	en-eng,n-l,r-l	1
鳏夫	guān fū	41455	uan-uang,h-f	3
规谏	guī jiàn	41456	ian-iang,j-q-x	3
滚木	gǔn mù	41457		1
果脯	guǒ fǔ	41458	ua-uo,h-f	1
航站	háng zhàn	41459	an-ang,z-zh,h-f	1
呵责	hē zé	41460	z-zh,h-f	1
合度	hé dù	41461	h-f	1
合辙	hé zhé	41462	z-zh,h-f	1
横是	héng shi	41464	en-eng,s-sh,h-f	1
烘烘	hōng hōng	41466	h-f	1
互爱	hù ài	41468	ai-ei,h-f	1
沪剧	hù jù	41469	h-f,j-q-x	1
还嘴	huán zuǐ	41470	uan-uang,z-zh,h-f	1
淡市	dàn shì	41471	an-ang,s-sh	1
回见	huí jiàn	41472	ian-iang,h-f,j-q-x	1
货价	huò jià	41475	ia-ie,ua-uo,h-f,j-q-x	1
祸祟	huò suì	41476	ua-uo,s-sh,h-f	1
骄气	jiāo qì	41480	j-q-x	1
近景	jìn jǐng	41484	in-ing,j-q-x	1
京族	jīng zú	41485	in-ing,z-zh,j-q-x	1
惊厥	jīng jué	41486	in-ing,j-q-x	3
精诚	jīng chéng	41487	en-eng,in-ing,c-ch,j-q-x	1
敬祝	jìng zhù	41488	in-ing,z-zh,j-q-x	1
韭黄	jiǔ huáng	41489	uan-uang,h-f,j-q-x	1
旧交	jiù jiāo	41491	j-q-x	1
旧梦	jiù mèng	41492	en-eng,j-q-x	1
苛责	kē zé	41495	z-zh	1
快书	kuài shū	41498	s-sh	1
狂饮	kuáng yǐn	41500	in-ing,uan-uang	1
矿坑	kuàng kēng	41501	en-eng,uan-uang	1
亏心	kuī xīn	41502	in-ing,j-q-x	1
涝灾	lào zāi	41503	ai-ei,ao-ou,z-zh,n-l,r-l	1
离世	lí shì	41504	s-sh,n-l,r-l	1
陋俗	lòu sú	41507	ao-ou,s-sh,n-l,r-l	1
履新	lǚ xīn	41508	in-ing,n-l,r-l,j-q-x	1
乱搞	luàn gǎo	41509	uan-uang,ao-ou,n-l,r-l	1
麦冬	mài dōng	41510	ai-ei	1
卖座	mài zuò	41511	ai-ei,ua-uo,z-zh	1
忙音	máng yīn	41512	in-ing,an-ang	1
魔影	mó yǐng	41514	in-ing	1
默写	mò xiě	41515	ia-ie,j-q-x	1
内债	nèi zhài	41516	ai-ei,z-zh,n-l	1
尿床	niào chuáng	41517	uan-uang,c-ch,n-l	1
女奴	nǚ nú	41518	n-l	1
殴斗	ōu dòu	41521	ao-ou	1
排枪	pái qiāng	41522	ian-iang,ai-ei,j-q-x	1
泡饭	pào fàn	41523	an-ang,ao-ou,h-f	1
喷溅	pēn jiàn	41524	en-eng,ian-iang,j-q-x	1
期冀	qī jì	41526	j-q-x	1
奇计	qí jì	41527	j-q-x	1
前秦	qián qín	41529	in-ing,ian-iang,j-q-x	1
炒手	chǎo shǒu	41530	ao-ou,c-ch,s-sh	1
抢拍	qiǎng pāi	41531	ian-iang,ai-ei,j-q-x	1
轻身	qīng shēn	41533	en-eng,in-ing,s-sh,j-q-x	1
穷寇	qióng kòu	41536	ao-ou,j-q-x	1
求稳	qiú wěn	41537	en-eng,j-q-x	1
球艺	qiú yì	41538	j-q-x	1
权作	quán zuò	41539	uan-uang,ua-uo,z-zh,j-q-x	1
拳手	quán shǒu	41540	uan-uang,ao-ou,s-sh,j-q-x	1
群聚	qún jù	41541	j-q-x	1
人渣	rén zhā	41543	en-eng,z-zh,r-l	1
撒气	sā qì	41546	s-sh,j-q-x	1
沙弥	shā mí	41547	s-sh	1
商请	shāng qǐng	41548	in-ing,an-ang,s-sh,j-q-x	1
上辈	shàng bèi	41549	an-ang,ai-ei,s-sh	1
上膛	shàng táng	41550	an-ang,s-sh	1
蛇毒	shé dú	41551	s-sh	1
深涧	shēn jiàn	41552	en-eng,ian-iang,s-sh,j-q-x	1
时世	shí shì	41553	s-sh	1
世传	shì chuán	41554	uan-uang,c-ch,s-sh	1
受赏	shòu shǎng	41555	an-ang,ao-ou,s-sh	1
输氧	shū yǎng	41556	an-ang,s-sh	1
霜花	shuāng huā	41558	uan-uang,ua-uo,s-sh,h-f	1
速射	sù shè	41560	s-sh	1
算式	suàn shì	41561	uan-uang,s-sh	1
趿拉	tā la	41562	n-l,r-l	3
叨扰	tāo rǎo	41563	ao-ou,r-l	1
套数	tào shù	41564	ao-ou,s-sh	1
铁汉	tiě hàn	41565	an-ang,ia-ie,h-f	1
土墩	tǔ dūn	41568		1
退热	tuì rè	41569	r-l	1
豚鼠	tún shǔ	41570	s-sh	1
碗柜	wǎn guì	41571	an-ang	1
腕儿	wàn er	41572	an-ang	1
显效	xiǎn xiào	41577	ian-iang,j-q-x	1
险棋	xiǎn qí	41578	ian-iang,j-q-x	1
现下	xiàn xià	41579	ian-iang,ia-ie,j-q-x	1
骁悍	xiāo hàn	41580	an-ang,h-f,j-q-x	3
消愁	xiāo chóu	41581	ao-ou,c-ch,j-q-x	1
小睡	xiǎo shuì	41582	s-sh,j-q-x	1
兴兵	xīng bīng	41583	in-ing,j-q-x	1
兴废	xīng fèi	41584	in-ing,ai-ei,h-f,j-q-x	1
杏核	xìng hé	41585	in-ing,h-f,j-q-x	1
雄兵	xióng bīng	41586	in-ing,j-q-x	1
玄奥	xuán ào	41587	uan-uang,ao-ou,j-q-x	1
冲账	chōng zhàng	41588	an-ang,z-zh,c-ch	1
悬垂	xuán chuí	41589	uan-uang,c-ch,j-q-x	1
严令	yán lìng	41590	in-ing,an-ang,n-l,r-l	1
爷儿	yé er	41595		1
椅垫	yǐ diàn	41596	ian-iang	1
荫蔽	yīn bì	41597	in-ing	1
应募	yìng mù	41598	in-ing	1
硬实	yìng shi	41599	in-ing,s-sh	1
犹大	yóu dà	41601	ao-ou	1
油垢	yóu gòu	41602	ao-ou	1
查私	chá sī	41604	c-ch,s-sh	1
乐理	yuè lǐ	41606	n-l,r-l	1
杂木	zá mù	41607	z-zh	1
赞礼	zàn lǐ	41608	an-ang,z-zh,n-l,r-l	1
展映	zhǎn yìng	41610	in-ing,an-ang,z-zh	1
罩衣	zhào yī	41611	ao-ou,z-zh	1
针脚	zhēn jiǎo	41612	en-eng,z-zh,j-q-x	1
中听	zhōng tīng	41615	in-ing,z-zh	1
珠翠	zhū cuì	41616	z-zh,c-ch	1
瞩望	zhǔ wàng	41617	an-ang,z-zh	1
注塑	zhù sù	41618	z-zh,s-sh	1
椎骨	zhuī gǔ	41619	z-zh	1
拙作	zhuō zuò	41621	ua-uo,z-zh	1
卓识	zhuó shí	41622	ua-uo,z-zh,s-sh	1
阻抗	zǔ kàng	41623	an-ang,z-zh	1
作兴	zuò xing	41624	in-ing,ua-uo,z-zh,j-q-x	1
拜贺	bài hè	41627	ai-ei,h-f	1
饱学	bǎo xué	41628	ao-ou,j-q-x	1
本旨	běn zhǐ	41630	en-eng,z-zh	1
逼债	bī zhài	41631	ai-ei,z-zh	1
边患	biān huàn	41632	ian-iang,uan-uang,h-f	1
秉政	bǐng zhèng	41635	en-eng,in-ing,z-zh	1
病家	bìng jiā	41636	in-ing,ia-ie,j-q-x	1
摒除	bìng chú	41637	in-ing,c-ch	3
裁夺	cái duó	41639	ai-ei,ua-uo,c-ch	1
蚕农	cán nóng	41640	an-ang,c-ch,n-l	1
惨象	cǎn xiàng	41641	an-ang,ian-iang,c-ch,j-q-x	1
舱面	cāng miàn	41642	an-ang,ian-iang,c-ch	1
槽子	cáo zi	41643	ao-ou,z-zh,c-ch	1
茶镜	chá jìng	41645	in-ing,c-ch,j-q-x	1
抄送	chāo sòng	41646	ao-ou,c-ch,s-sh	1
超值	chāo zhí	41647	ao-ou,z-zh,c-ch	1
沉潜	chén qián	41648	en-eng,ian-iang,c-ch,j-q-x	1
陈情	chén qíng	41649	en-eng,in-ing,c-ch,j-q-x	1
乘方	chéng fāng	41650	en-eng,an-ang,c-ch,h-f	1
重孙	chóng sūn	41652	c-ch,s-sh	1
抽风	chōu fēng	41653	en-eng,ao-ou,c-ch,h-f	1
船户	chuán hù	41655	uan-uang,c-ch,h-f	1
纯毛	chún máo	41656	ao-ou,c-ch	1
存世	cún shì	41657	c-ch,s-sh	1
寸头	cùn tóu	41658	ao-ou,c-ch	1
搭手	dā shǒu	41659	ao-ou,s-sh	1
打擂	dǎ lèi	41661	ai-ei,n-l,r-l	1
待批	dài pī	41663	ai-ei	1
到职	dào zhí	41664	ao-ou,z-zh	1
盗汗	dào hàn	41665	an-ang,ao-ou,h-f	1
电锯	diàn jù	41666	ian-iang,j-q-x	1
兜子	dōu zi	41668	ao-ou,z-zh	1
赌具	dǔ jù	41671	j-q-x	1
赌债	dǔ zhài	41672	ai-ei,z-zh	1
短笛	duǎn dí	41673	uan-uang	1
断想	duàn xiǎng	41674	ian-iang,uan-uang,j-q-x	1
屙屎	ē shǐ	41675	s-sh	3
恶念	è niàn	41676	ian-iang,n-l	1
饿鬼	è guǐ	41677		1
防弹	fáng dàn	41678	an-ang,h-f	1
费工	fèi gōng	41679	ai-ei,h-f	1
丰足	fēng zú	41680	en-eng,z-zh,h-f	1
斧凿	fǔ záo	41681	ao-ou,z-zh,h-f	1
高参	gāo cān	41682	an-ang,ao-ou,c-ch	1
各半	gè bàn	41685	an-ang	1
工读	gōng dú	41686		1
共犯	gòng fàn	41689	an-ang,h-f	1
谷草	gǔ cǎo	41691	ao-ou,c-ch	1
旱冰	hàn bīng	41693	in-ing,an-ang,h-f	1
豪兴	háo xìng	41694	in-ing,ao-ou,h-f,j-q-x	1
横蛮	hèng mán	41695	en-eng,an-ang,h-f	1
胡笳	hú jiā	41699	ia-ie,h-f,j-q-x	3
花斑	huā bān	41700	an-ang,ua-uo,h-f	1
花拳	huā quán	41701	uan-uang,ua-uo,h-f,j-q-x	1
欢跳	huān tiào	41704	uan-uang,h-f	1
皇历	huáng li	41705	uan-uang,n-l,h-f,r-l	1
疾书	jí shū	41709	s-sh,j-q-x	1
碱地	jiǎn dì	41711	ian-iang,j-q-x	1
绞刑	jiǎo xíng	41713	in-ing,j-q-x	1
解约	jiě yuē	41714	ia-ie,j-q-x	1
芥末	jiè mo	41715	ia-ie,j-q-x	1
井场	jǐng chǎng	41716	in-ing,an-ang,c-ch,j-q-x	1
巨细	jù xì	41717	j-q-x	1
考区	kǎo qū	41720	ao-ou,j-q-x	1
哭穷	kū qióng	41721	j-q-x	1
腊肠	là cháng	41722	an-ang,c-ch,n-l,r-l	1
蜡笔	là bǐ	41723	n-l,r-l	1
劳绩	láo jì	41724	ao-ou,n-l,r-l,j-q-x	1
立等	lì děng	41726	en-eng,n-l,r-l	1
粮秣	liáng mò	41727	ian-iang,n-l,r-l	3
咧咧	liē liē	41728	ia-ie,n-l,r-l	1
灵药	líng yào	41729	in-ing,ao-ou,n-l,r-l	1
龙舞	lóng wǔ	41731	n-l,r-l	1
辘辘	lù lù	41732	n-l,r-l	2
麻纱	má shā	41733	s-sh	1
马粪	mǎ fèn	41734	en-eng,h-f	1
铆钉	mǎo dīng	41736	in-ing,ao-ou	3
描眉	miáo méi	41738	ai-ei	1
摩丝	mó sī	41739	s-sh	1
磨人	mó rén	41740	en-eng,r-l	1
闹心	nào xīn	41741	in-ing,ao-ou,n-l,j-q-x	1
内里	nèi lǐ	41742	ai-ei,n-l,r-l	1
黏土	nián tǔ	41743	ian-iang,n-l	3
弄鬼	nòng guǐ	41744	n-l	1
怕生	pà shēng	41745	en-eng,s-sh	1
拼力	pīn lì	41746	in-ing,n-l,r-l	1
奇文	qí wén	41747	en-eng,j-q-x	1
骑术	qí shù	41748	s-sh,j-q-x	1
起意	qǐ yì	41749	j-q-x	1
起子	qǐ zi	41750	z-zh,j-q-x	1
铅封	qiān fēng	41751	en-eng,ian-iang,h-f,j-q-x	1
前站	qián zhàn	41752	an-ang,ian-iang,z-zh,j-q-x	1
遣词	qiǎn cí	41753	ian-iang,c-ch,j-q-x	1
桥栏	qiáo lán	41754	an-ang,n-l,r-l,j-q-x	1
青帮	qīng bāng	41755	in-ing,an-ang,j-q-x	1
球路	qiú lù	41756	n-l,r-l,j-q-x	1
上臂	shàng bì	41761	an-ang,s-sh	1
伸腰	shēn yāo	41762	en-eng,ao-ou,s-sh	1
升力	shēng lì	41764	en-eng,s-sh,n-l,r-l	1
施暴	shī bào	41766	ao-ou,s-sh	1
施救	shī jiù	41767	s-sh,j-q-x	1
手板	shǒu bǎn	41769	an-ang,ao-ou,s-sh	1
守约	shǒu yuē	41770	ao-ou,s-sh	1
戍守	shù shǒu	41771	ao-ou,s-sh	3
双生	shuāng shēng	41772	en-eng,uan-uang,s-sh	1
水暖	shuǐ nuǎn	41773	uan-uang,s-sh,n-l	1
贪杯	tān bēi	41776	an-ang,ai-ei	1
谈开	tán kāi	41777	an-ang,ai-ei	1
汤锅	tāng guō	41778	an-ang,ua-uo	1
堂房	táng fáng	41779	an-ang,h-f	1
糖化	táng huà	41780	an-ang,ua-uo,h-f	1
停驶	tíng shǐ	41782	in-ing,s-sh	1
秃鹰	tū yīng	41784	in-ing	1
团旗	tuán qí	41785	uan-uang,j-q-x	1
推究	tuī jiū	41786	j-q-x	1
瓦刀	wà dāo	41787	ao-ou	1
外心	wài xīn	41788	in-ing,ai-ei,j-q-x	1
微雕	wēi diāo	41793	ai-ei	1
伪称	wěi chēng	41794	en-eng,ai-ei,c-ch	1
伪托	wěi tuō	41795	ai-ei,ua-uo	1
吻别	wěn bié	41796	en-eng,ia-ie	1
窝铺	wō pù	41797		1
误听	wù tīng	41798	in-ing	1
下潜	xià qián	41799	ian-iang,ia-ie,j-q-x	1
下渗	xià shèn	41800	en-eng,ia-ie,s-sh,j-q-x	1
娴雅	xián yǎ	41801	ian-iang,j-q-x	3
献宝	xiàn bǎo	41802	ian-iang,ao-ou,j-q-x	1
箱体	xiāng tǐ	41804	ian-iang,j-q-x	1
晓示	xiǎo shì	41806	s-sh,j-q-x	1
新异	xīn yì	41807	in-ing,j-q-x	1
旋舞	xuán wǔ	41808	uan-uang,j-q-x	1
窑顶	yáo dǐng	41812	in-ing,ao-ou	1
叶芽	yè yá	41813		1
夜叉	yè cha	41814	c-ch	1
易货	yì huò	41818	ua-uo,h-f	1
邮船	yóu chuán	41819	uan-uang,ao-ou,c-ch	1
油桐	yóu tóng	41820	ao-ou	1
原配	yuán pèi	41822	uan-uang,ai-ei	1
月老	yuè lǎo	41823	ao-ou,n-l,r-l	1
皂荚	zào jiá	41824	ao-ou,ia-ie,z-zh,j-q-x	3
债款	zhài kuǎn	41826	uan-uang,ai-ei,z-zh	1
争宠	zhēng chǒng	41830	en-eng,z-zh,c-ch	1
至当	zhì dàng	41832	an-ang,z-zh	1
终天	zhōng tiān	41833	ian-iang,z-zh	1
住读	zhù dú	41834	z-zh	1
贮运	zhù yùn	41835	z-zh	1
转递	zhuǎn dì	41836	uan-uang,z-zh	1
卓见	zhuó jiàn	41837	ian-iang,ua-uo,z-zh,j-q-x	1
醉话	zuì huà	41838	ua-uo,z-zh,h-f	1
作准	zuò zhǔn	41839	ua-uo,z-zh	1
碍眼	ài yǎn	41840	an-ang,ai-ei	1
巴巴	bā bā	41841		1
逼抢	bī qiǎng	41848	ian-iang,j-q-x	1
便餐	biàn cān	41849	an-ang,ian-iang,c-ch	1
跛足	bǒ zú	41850	z-zh	1
裁兵	cái bīng	41851	in-ing,ai-ei,c-ch	1
蚕蛹	cán yǒng	41852	an-ang,c-ch	3
察访	chá fǎng	41853	an-ang,c-ch,h-f	1
尝鲜	cháng xiān	41855	an-ang,ian-iang,c-ch,j-q-x	1
常压	cháng yā	41856	an-ang,c-ch	1
车铃	chē líng	41857	in-ing,c-ch,n-l,r-l	1
斥逐	chì zhú	41858	z-zh,c-ch	1
出列	chū liè	41861	ia-ie,c-ch,n-l,r-l	1
葱白	cōng bái	41862	ai-ei,c-ch	1
葱葱	cōng cōng	41863	c-ch	1
从良	cóng liáng	41864	ian-iang,c-ch,n-l,r-l	1
摧折	cuī zhé	41865	z-zh,c-ch	1
大站	dà zhàn	41870	an-ang,z-zh	1
待定	dài dìng	41871	in-ing,ai-ei	1
点兵	diǎn bīng	41874	in-ing,ian-iang	1
殿试	diàn shì	41876	ian-iang,s-sh	1
兜兜	dōu dou	41878	ao-ou	1
督阵	dū zhèn	41879	en-eng,z-zh	1
短浅	duǎn qiǎn	41880	ian-iang,uan-uang,j-q-x	1
遁形	dùn xíng	41881	in-ing,j-q-x	3
翻砂	fān shā	41884	an-ang,s-sh,h-f	1
反剪	fǎn jiǎn	41885	an-ang,ian-iang,h-f,j-q-x	1
反噬	fǎn shì	41886	an-ang,s-sh,h-f	3
方外	fāng wài	41887	an-ang,ai-ei,h-f	1
肥缺	féi quē	41890	ai-ei,h-f,j-q-x	1
讽谏	fěng jiàn	41891	en-eng,ian-iang,h-f,j-q-x	3
秆子	gǎn zi	41892	an-ang,z-zh	1
供状	gòng zhuàng	41894	uan-uang,z-zh	1
沟坎	gōu kǎn	41895	an-ang,ao-ou	1
够受	gòu shòu	41896	ao-ou,s-sh	1
媾和	gòu hé	41897	ao-ou,h-f	3
故纵	gù zòng	41899	z-zh	1
管段	guǎn duàn	41900	uan-uang	1
柜上	guì shang	41901	an-ang,s-sh	1
果酒	guǒ jiǔ	41902	ua-uo,j-q-x	1
含悲	hán bēi	41903	an-ang,ai-ei,h-f	1
豪侠	háo xiá	41905	ao-ou,ia-ie,h-f,j-q-x	1
耗损	hào sǔn	41906	ao-ou,s-sh,h-f	1
虹膜	hóng mó	41907	h-f	1
后赵	hòu zhào	41908	ao-ou,z-zh,h-f	1
花墙	huā qiáng	41910	ian-iang,ua-uo,h-f,j-q-x	1
滑车	huá chē	41911	ua-uo,c-ch,h-f	1
划价	huà jià	41913	ia-ie,ua-uo,h-f,j-q-x	1
还口	huán kǒu	41914	uan-uang,ao-ou,h-f	1
环子	huán zi	41915	uan-uang,z-zh,h-f	1
秽气	huì qì	41918	h-f,j-q-x	1
昏眩	hūn xuàn	41919	uan-uang,h-f,j-q-x	3
混养	hùn yǎng	41920	an-ang,h-f	1
火眼	huǒ yǎn	41921	an-ang,ua-uo,h-f	1
家严	jiā yán	41922	an-ang,ia-ie,j-q-x	1
江天	jiāng tiān	41923	ian-iang,j-q-x	1
酱肉	jiàng ròu	41924	ian-iang,ao-ou,r-l,j-q-x	1
脚盆	jiǎo pén	41925	en-eng,j-q-x	1
金印	jīn yìn	41926	in-ing,j-q-x	1
经期	jīng qī	41927	in-ing,j-q-x	1
救难	jiù nán	41928	an-ang,n-l,j-q-x	1
狂想	kuáng xiǎng	41931	ian-iang,uan-uang,j-q-x	1
鲲鹏	kūn péng	41932	en-eng	3
蜡人	là rén	41933	en-eng,n-l,r-l	1
犁杖	lí zhang	41935	an-ang,z-zh,n-l,r-l	1
立约	lì yuē	41937	n-l,r-l	1
獠牙	liáo yá	41938	n-l,r-l	3
令爱	lìng ài	41939	in-ing,ai-ei,n-l,r-l	1
流俗	liú sú	41940	s-sh,n-l,r-l	1
楼区	lóu qū	41942	ao-ou,n-l,r-l,j-q-x	1
锚地	máo dì	41944	ao-ou	1
弥陀	mí tuó	41945	ua-uo	3
秘闻	mì wén	41946	en-eng	1
名儒	míng rú	41948	in-ing,r-l	1
明志	míng zhì	41949	in-ing,z-zh	1
磨制	mó zhì	41950	z-zh	1
魔头	mó tóu	41951	ao-ou	1
纳新	nà xīn	41953	in-ing,n-l,j-q-x	1
南货	nán huò	41954	an-ang,ua-uo,n-l,h-f	1
睨视	nì shì	41956	s-sh,n-l	3
年庚	nián gēng	41957	en-eng,ian-iang,n-l	1
农友	nóng yǒu	41958	ao-ou,n-l	1
偶感	ǒu gǎn	41959	an-ang,ao-ou	1
藕粉	ǒu fěn	41960	en-eng,ao-ou,h-f	1
配餐	pèi cān	41961	an-ang,ai-ei,c-ch	1
批条	pī tiáo	41962		1
皮尺	pí chǐ	41963	c-ch	1
疲态	pí tài	41964	ai-ei	1
破财	pò cái	41966	ai-ei,c-ch	1
浅见	qiǎn jiàn	41969	ian-iang,j-q-x	1
琴书	qín shū	41970	in-ing,s-sh,j-q-x	1
勤谨	qín jin	41971	in-ing,j-q-x	1
趣话	qù huà	41972	ua-uo,h-f,j-q-x	1
溶溶	róng róng	41974	r-l	1
柔滑	róu huá	41975	ao-ou,ua-uo,h-f,r-l	1
入汛	rù xùn	41976	r-l,j-q-x	1
三副	sān fù	41977	an-ang,s-sh,h-f	1
少陪	shǎo péi	41979	ai-ei,ao-ou,s-sh	1
赊欠	shē qiàn	41981	ian-iang,s-sh,j-q-x	3
射猎	shè liè	41982	ia-ie,s-sh,n-l,r-l	1
深湛	shēn zhàn	41983	en-eng,an-ang,z-zh,s-sh	3
生造	shēng zào	41984	en-eng,ao-ou,z-zh,s-sh	1
实据	shí jù	41985	s-sh,j-q-x	1
世族	shì zú	41986	z-zh,s-sh	1
收心	shōu xīn	41987	in-ing,ao-ou,s-sh,j-q-x	1
守敌	shǒu dí	41988	ao-ou,s-sh	1
属员	shǔ yuán	41990	uan-uang,s-sh	1
帅旗	shuài qí	41991	s-sh,j-q-x	1
息讼	xī sòng	41992	s-sh,j-q-x	1
孀妇	shuāng fù	41993	uan-uang,s-sh,h-f	3
思凡	sī fán	41995	an-ang,s-sh,h-f	1
撕票	sī piào	41996	s-sh	1
死硬	sǐ yìng	41997	in-ing,s-sh	1
缩编	suō biān	41998	ian-iang,ua-uo,s-sh	1
贪嘴	tān zuǐ	41999	an-ang,z-zh	1
掏摸	tāo mō	42000	ao-ou	1
天火	tiān huǒ	42002	ian-iang,ua-uo,h-f	1
天球	tiān qiú	42003	ian-iang,j-q-x	1
跳梁	tiào liáng	42004	ian-iang,n-l,r-l	1
劫杀	jié shā	42005	ia-ie,s-sh,j-q-x	1
蛾眉	é méi	42006	ai-ei	1
停薪	tíng xīn	42007	in-ing,j-q-x	1
停学	tíng xué	42008	in-ing,j-q-x	1
缴交	jiǎo jiāo	42009	j-q-x	1
通牒	tōng dié	42010	ia-ie	3
秃笔	tū bǐ	42011		1
外敷	wài fū	42012	ai-ei,h-f	1
魍魉	wǎng liǎng	42013	an-ang,ian-iang,n-l,r-l	2
尾数	wěi shù	42014	ai-ei,s-sh	1
乌青	wū qīng	42015	in-ing,j-q-x	1
席次	xí cì	42019	c-ch,j-q-x	1
细瓷	xì cí	42020	c-ch,j-q-x	1
厨柜	chú guì	42022	c-ch	1
现眼	xiàn yǎn	42023	an-ang,ian-iang,j-q-x	1
线香	xiàn xiāng	42024	ian-iang,j-q-x	1
详谈	xiáng tán	42025	an-ang,ian-iang,j-q-x	1
萧墙	xiāo qiáng	42026	ian-iang,j-q-x	1
萧疏	xiāo shū	42027	s-sh,j-q-x	1
笑貌	xiào mào	42029	ao-ou,j-q-x	1
泄恨	xiè hèn	42030	en-eng,ia-ie,h-f,j-q-x	1
卸妆	xiè zhuāng	42031	uan-uang,ia-ie,z-zh,j-q-x	1
兴替	xīng tì	42032	in-ing,j-q-x	1
雄黄	xióng huáng	42033	uan-uang,h-f,j-q-x	1
修治	xiū zhì	42034	z-zh,j-q-x	1
修竹	xiū zhú	42035	z-zh,j-q-x	1
续订	xù dìng	42036	in-ing,j-q-x	1
学舌	xué shé	42037	s-sh,j-q-x	1
寻亲	xún qīn	42038	in-ing,j-q-x	1
巡夜	xún yè	42039	j-q-x	1
压库	yā kù	42040		1
验货	yàn huò	42041	an-ang,ua-uo,h-f	1
验血	yàn xiě	42042	an-ang,ia-ie,j-q-x	1
洋红	yáng hóng	42043	an-ang,h-f	1
药农	yào nóng	42045	ao-ou,n-l	1
以次	yǐ cì	42046	c-ch	1
意表	yì biǎo	42047		1
意态	yì tài	42048	ai-ei	1
银质	yín zhì	42049	in-ing,z-zh	1
咏唱	yǒng chàng	42051	an-ang,c-ch	1
挂单	guà dān	42052	an-ang,ua-uo	1
游勇	yóu yǒng	42053	ao-ou	1
有顷	yǒu qǐng	42055	in-ing,ao-ou,j-q-x	1
诱捕	yòu bǔ	42057	ao-ou	1
愚顽	yú wán	42058	an-ang	1
愚忠	yú zhōng	42059	z-zh	1
则声	zé shēng	42060	en-eng,z-zh,s-sh	1
贼眼	zéi yǎn	42061	an-ang,ai-ei,z-zh	1
曾祖	zēng zǔ	42062	en-eng,z-zh	1
摘发	zhāi fā	42063	ai-ei,z-zh,h-f	1
栈房	zhàn fáng	42065	an-ang,z-zh,h-f	1
知底	zhī dǐ	42067	z-zh	1
种马	zhǒng mǎ	42069	z-zh	1
主脑	zhǔ nǎo	42070	ao-ou,z-zh,n-l	1
浊水	zhuó shuǐ	42072	ua-uo,z-zh,s-sh	1
走板	zǒu bǎn	42075	an-ang,ao-ou,z-zh	1
卒业	zú yè	42077	z-zh	1
癌肿	ái zhǒng	42079	ai-ei,z-zh	1
靶心	bǎ xīn	42080	in-ing,j-q-x	1
稗子	bài zi	42082	ai-ei,z-zh	3
板牙	bǎn yá	42083	an-ang	1
胞妹	bāo mèi	42085	ai-ei,ao-ou	1
笔误	bǐ wù	42087		1
边框	biān kuàng	42088	ian-iang,uan-uang	1
冰刀	bīng dāo	42089	in-ing,ao-ou	1
冰花	bīng huā	42090	in-ing,ua-uo,h-f	1
哺养	bǔ yǎng	42091	an-ang	1
拆封	chāi fēng	42094	en-eng,ai-ei,c-ch,h-f	1
谄谀	chǎn yú	42095	an-ang,c-ch	2
扯平	chě píng	42097	in-ing,c-ch	1
辰光	chén guāng	42098	en-eng,uan-uang,c-ch	1
成日	chéng rì	42099	en-eng,c-ch,r-l	1
承想	chéng xiǎng	42100	en-eng,ian-iang,c-ch,j-q-x	1
吃客	chī kè	42101	c-ch	1
持论	chí lùn	42102	c-ch,n-l,r-l	1
创痕	chuāng hén	42104	en-eng,uan-uang,c-ch,h-f	1
创演	chuàng yǎn	42105	an-ang,uan-uang,c-ch	1
蠢话	chǔn huà	42107	ua-uo,c-ch,h-f	1
翠玉	cuì yù	42108	c-ch	1
大样	dà yàng	42112	an-ang	1
盗卖	dào mài	42113	ai-ei,ao-ou	1
嫡传	dí chuán	42114	uan-uang,c-ch	3
抵罪	dǐ zuì	42115	z-zh	1
地峡	dì xiá	42116	ia-ie,j-q-x	1
冬宫	dōng gōng	42118		1
动问	dòng wèn	42119	en-eng	1
夺占	duó zhàn	42121	an-ang,ua-uo,z-zh	1
发饷	fā xiǎng	42122	ian-iang,h-f,j-q-x	3
反话	fǎn huà	42123	an-ang,ua-uo,h-f	1
芳邻	fāng lín	42124	in-ing,an-ang,n-l,h-f,r-l	1
废票	fèi piào	42126	ai-ei,h-f	1
疯人	fēng rén	42129	en-eng,h-f,r-l	1
蜂箱	fēng xiāng	42130	en-eng,ian-iang,h-f,j-q-x	1
蜉蝣	fú yóu	42131	ao-ou,h-f	2
赶脚	gǎn jiǎo	42132	an-ang,j-q-x	1
高堂	gāo táng	42134	an-ang,ao-ou	1
割胶	gē jiāo	42135	j-q-x	1
珙桐	gǒng tóng	42136		3
焊缝	hàn fèng	42139	en-eng,an-ang,h-f	1
禾场	hé cháng	42140	an-ang,c-ch,h-f	1
横匾	héng biǎn	42142	en-eng,ian-iang,h-f	1
后晋	hòu jìn	42143	in-ing,ao-ou,h-f,j-q-x	1
呼隆	hū lōng	42144	n-l,h-f,r-l	1
胡麻	hú má	42146	h-f	1
护佑	hù yòu	42147	ao-ou,h-f	1
荒丘	huāng qiū	42148	uan-uang,h-f,j-q-x	1
挥鞭	huī biān	42149	ian-iang,h-f	1
获选	huò xuǎn	42151	uan-uang,ua-uo,h-f,j-q-x	1
讥嘲	jī cháo	42152	ao-ou,c-ch,j-q-x	1
继业	jì yè	42153	j-q-x	1
减震	jiǎn zhèn	42154	en-eng,ian-iang,z-zh,j-q-x	1
酱缸	jiàng gāng	42156	an-ang,ian-iang,j-q-x	1
交底	jiāo dǐ	42157	j-q-x	1
接听	jiē tīng	42158	in-ing,ia-ie,j-q-x	1
街角	jiē jiǎo	42159	ia-ie,j-q-x	1
劫狱	jié yù	42160	ia-ie,j-q-x	1
截稿	jié gǎo	42162	ao-ou,ia-ie,j-q-x	1
经纶	jīng lún	42164	in-ing,n-l,r-l,j-q-x	3
旧案	jiù àn	42165	an-ang,j-q-x	1
抗暴	kàng bào	42166	an-ang,ao-ou	1
口型	kǒu xíng	42167	in-ing,ao-ou,j-q-x	1
酷烈	kù liè	42168	ia-ie,n-l,r-l	1
连翘	lián qiáo	42173	ian-iang,n-l,r-l,j-q-x	1
磷火	lín huǒ	42175	in-ing,ua-uo,n-l,h-f,r-l	1
陵寝	líng qǐn	42176	in-ing,n-l,r-l,j-q-x	1
霉气	méi qì	42182	ai-ei,j-q-x	1
民变	mín biàn	42183	in-ing,ian-iang	1
南拳	nán quán	42184	an-ang,uan-uang,n-l,j-q-x	1
嫩白	nèn bái	42186	en-eng,ai-ei,n-l	1
脓包	nóng bāo	42187	ao-ou,n-l	1
挪步	nuó bù	42188	ua-uo,n-l	1
泡吧	pào bā	42190	ao-ou	1
皮纸	pí zhǐ	42191	z-zh	1
偏信	piān xìn	42192	in-ing,ian-iang,j-q-x	1
平绒	píng róng	42193	in-ing,r-l	1
弃学	qì xué	42194	j-q-x	1
铅丝	qiān sī	42195	ian-iang,s-sh,j-q-x	1
侨汇	qiáo huì	42196	h-f,j-q-x	1
琴瑟	qín sè	42198	in-ing,s-sh,j-q-x	1
倾耳	qīng ěr	42200	in-ing,j-q-x	1
请调	qǐng diào	42201	in-ing,j-q-x	1
囚牢	qiú láo	42203	ao-ou,n-l,r-l,j-q-x	1
求欢	qiú huān	42204	uan-uang,h-f,j-q-x	1
驱策	qū cè	42205	c-ch,j-q-x	1
全托	quán tuō	42206	uan-uang,ua-uo,j-q-x	1
缺编	quē biān	42207	ian-iang,j-q-x	1
色狼	sè láng	42210	an-ang,s-sh,n-l,r-l	1
沙荒	shā huāng	42211	uan-uang,s-sh,h-f	1
沙枣	shā zǎo	42212	ao-ou,z-zh,s-sh	1
设色	shè sè	42214	s-sh	1
审察	shěn chá	42215	en-eng,c-ch,s-sh	1
审改	shěn gǎi	42216	en-eng,ai-ei,s-sh	1
声源	shēng yuán	42217	en-eng,uan-uang,s-sh	1
师传	shī chuán	42218	uan-uang,c-ch,s-sh	1
湿疹	shī zhěn	42219	en-eng,z-zh,s-sh	1
嗜血	shì xuè	42221	s-sh,j-q-x	1
收揽	shōu lǎn	42222	an-ang,ao-ou,s-sh,n-l,r-l	1
手柄	shǒu bǐng	42223	in-ing,ao-ou,s-sh	1
手链	shǒu liàn	42224	ian-iang,ao-ou,s-sh,n-l,r-l	1
手痒	shǒu yǎng	42225	an-ang,ao-ou,s-sh	1
首级	shǒu jí	42226	ao-ou,s-sh,j-q-x	1
嘶喊	sī hǎn	42228	an-ang,s-sh,h-f	1
送丧	sòng sāng	42229	an-ang,s-sh	1
素白	sù bái	42231	ai-ei,s-sh	1
素日	sù rì	42232	s-sh,r-l	1
瘫子	tān zi	42234	an-ang,z-zh	1
套曲	tào qǔ	42235	ao-ou,j-q-x	1
套印	tào yìn	42236	in-ing,ao-ou	1
天趣	tiān qù	42237	ian-iang,j-q-x	1
通性	tōng xìng	42240	in-ing,j-q-x	1
统包	tǒng bāo	42241	ao-ou	1
统销	tǒng xiāo	42242	j-q-x	1
投生	tóu shēng	42243	en-eng,ao-ou,s-sh	1
图利	tú lì	42244	n-l,r-l	1
土坝	tǔ bà	42245		1
脱盲	tuō máng	42247	an-ang,ua-uo	1
温湿	wēn shī	42249	en-eng,s-sh	1
翁婿	wēng xù	42251	en-eng,j-q-x	1
习艺	xí yì	42253	j-q-x	1
细目	xì mù	42254	j-q-x	1
罅隙	xià xì	42255	ia-ie,j-q-x	3
线圈	xiàn quān	42256	ian-iang,uan-uang,j-q-x	1
湘绣	xiāng xiù	42259	ian-iang,j-q-x	1
斜街	xié jiē	42260	ia-ie,j-q-x	1
斜井	xié jǐng	42261	in-ing,ia-ie,j-q-x	1
信女	xìn nǚ	42262	in-ing,n-l,j-q-x	1
续娶	xù qǔ	42265	j-q-x	1
续约	xù yuē	42266	j-q-x	1
选录	xuǎn lù	42267	uan-uang,n-l,r-l,j-q-x	1
烟膏	yān gāo	42268	an-ang,ao-ou	1
岩心	yán xīn	42269	in-ing,an-ang,j-q-x	1
阳世	yáng shì	42271	an-ang,s-sh	1
咬合	yǎo hé	42272	ao-ou,h-f	1
药棉	yào mián	42273	ian-iang,ao-ou	1
要略	yào lüè	42274	ao-ou,n-l,r-l	1
益寿	yì shòu	42279	ao-ou,s-sh	1
益友	yì yǒu	42280	ao-ou	1
阴德	yīn dé	42281	in-ing	1
淫欲	yín yù	42282	in-ing	1
硬功	yìng gōng	42283	in-ing	1
优价	yōu jià	42285	ao-ou,ia-ie,j-q-x	1
幽魂	yōu hún	42286	ao-ou,h-f	1
油矿	yóu kuàng	42287	uan-uang,ao-ou	1
油嘴	yóu zuǐ	42288	ao-ou,z-zh	1
友邻	yǒu lín	42289	in-ing,ao-ou,n-l,r-l	1
有染	yǒu rǎn	42290	an-ang,ao-ou,r-l	1
浴液	yù yè	42292		1
陨星	yǔn xīng	42293	in-ing,j-q-x	1
杂处	zá chǔ	42294	z-zh,c-ch	1
杂牌	zá pái	42295	ai-ei,z-zh	1
杂书	zá shū	42296	z-zh,s-sh	1
枣核	zǎo hé	42297	ao-ou,z-zh,h-f	1
账款	zhàng kuǎn	42299	an-ang,uan-uang,z-zh	1
整训	zhěng xùn	42300	en-eng,z-zh,j-q-x	1
支派	zhī pài	42301	ai-ei,z-zh	1
纸捻	zhǐ niǎn	42303	ian-iang,z-zh,n-l	1
治山	zhì shān	42304	an-ang,z-zh,s-sh	1
竹凳	zhú dèng	42305	en-eng,z-zh	1
妆饰	zhuāng shì	42307	uan-uang,z-zh,s-sh	1
拙笨	zhuō bèn	42309	en-eng,ua-uo,z-zh	1
纵论	zòng lùn	42310	z-zh,n-l,r-l	1
卒子	zú zi	42312	z-zh	1
哀泣	āi qì	42314	ai-ei,j-q-x	1
安寝	ān qǐn	42316	in-ing,an-ang,j-q-x	1
白热	bái rè	42318	ai-ei,r-l	1
白头	bái tóu	42319	ai-ei,ao-ou	1
办货	bàn huò	42320	an-ang,ua-uo,h-f	1
报幕	bào mù	42321	ao-ou	1
崩解	bēng jiě	42322	en-eng,ia-ie,j-q-x	1
冰排	bīng pái	42324	in-ing,ai-ei	1
痴爱	chī ài	42325	ai-ei,c-ch	1
补差	bǔ chā	42326	c-ch	1
参试	cān shì	42327	an-ang,c-ch,s-sh	1
残照	cán zhào	42328	an-ang,ao-ou,z-zh,c-ch	1
惨景	cǎn jǐng	42330	in-ing,an-ang,c-ch,j-q-x	1
茶匙	chá chí	42331	c-ch	1
拆线	chāi xiàn	42332	ian-iang,ai-ei,c-ch,j-q-x	1
长号	cháng hào	42333	an-ang,ao-ou,c-ch,h-f	1
抄没	chāo mò	42335	ao-ou,c-ch	1
车辕	chē yuán	42337	uan-uang,c-ch	3
成夜	chéng yè	42338	en-eng,c-ch	1
迟慢	chí màn	42341	an-ang,c-ch	1
翅子	chì zi	42342	z-zh,c-ch	1
崇洋	chóng yáng	42343	an-ang,c-ch	1
丑类	chǒu lèi	42344	ai-ei,ao-ou,c-ch,n-l,r-l	1
触网	chù wǎng	42345	an-ang,c-ch	1
串案	chuàn àn	42346	an-ang,uan-uang,c-ch	1
串换	chuàn huàn	42347	uan-uang,c-ch,h-f	1
创议	chuàng yì	42348	uan-uang,c-ch	1
粗率	cū shuài	42349	c-ch,s-sh	1
翠微	cuì wēi	42350	ai-ei,c-ch	1
搭班	dā bān	42351	an-ang	1
答允	dā yǔn	42352		1
代耕	dài gēng	42355	en-eng,ai-ei	1
刀架	dāo jià	42358	ao-ou,ia-ie,j-q-x	1
嫡子	dí zǐ	42361	z-zh	3
抵命	dǐ mìng	42362	in-ing	1
电闸	diàn zhá	42363	ian-iang,z-zh	1
吊顶	diào dǐng	42364	in-ing	1
吊桶	diào tǒng	42365		1
妒火	dù huǒ	42366	ua-uo,h-f	1
屙尿	ē niào	42368	n-l	3
恶骂	è mà	42369		1
耳塞	ěr sāi	42370	ai-ei,s-sh	1
发轫	fā rèn	42371	en-eng,h-f,r-l	3
发夹	fà jiā	42372	ia-ie,h-f,j-q-x	1
发奶	fā nǎi	42373	ai-ei,n-l,h-f	1
繁难	fán nán	42374	an-ang,n-l,h-f	1
犯禁	fàn jìn	42375	in-ing,an-ang,h-f,j-q-x	1
芳泽	fāng zé	42376	an-ang,z-zh,h-f	1
防蛀	fáng zhù	42377	an-ang,z-zh,h-f	1
房事	fáng shì	42378	an-ang,s-sh,h-f	1
非特	fēi tè	42379	ai-ei,h-f	1
服众	fú zhòng	42381	z-zh,h-f	1
微轿	wēi jiào	42382	ai-ei,j-q-x	1
腐乳	fǔ rǔ	42383	h-f,r-l	1
复验	fù yàn	42384	an-ang,h-f	1
改期	gǎi qī	42385	ai-ei,j-q-x	1
概览	gài lǎn	42386	an-ang,ai-ei,n-l,r-l	1
干尸	gān shī	42387	an-ang,s-sh	1
高腔	gāo qiāng	42388	ian-iang,ao-ou,j-q-x	1
告罪	gào zuì	42389	ao-ou,z-zh	1
宫苑	gōng yuàn	42390	uan-uang	1
供称	gòng chēng	42391	en-eng,c-ch	1
狗鱼	gǒu yú	42392	ao-ou	1
估测	gū cè	42393	c-ch	1
股骨	gǔ gǔ	42394		1
怪调	guài diào	42396		1
归拢	guī lǒng	42399	n-l,r-l	1
海象	hǎi xiàng	42401	ian-iang,ai-ei,h-f,j-q-x	1
氦气	hài qì	42402	ai-ei,h-f,j-q-x	3
涵闸	hán zhá	42403	an-ang,z-zh,h-f	1
合照	hé zhào	42404	ao-ou,z-zh,h-f	1
黑店	hēi diàn	42406	ian-iang,ai-ei,h-f	1
横额	héng é	42407	en-eng,h-f	1
横死	hèng sǐ	42408	en-eng,s-sh,h-f	1
宏旨	hóng zhǐ	42409	z-zh,h-f	1
集贸	jí mào	42413	ao-ou,j-q-x	1
佳偶	jiā ǒu	42414	ao-ou,ia-ie,j-q-x	1
家院	jiā yuàn	42415	uan-uang,ia-ie,j-q-x	1
见称	jiàn chēng	42416	en-eng,ian-iang,c-ch,j-q-x	1
结存	jié cún	42417	ia-ie,c-ch,j-q-x	1
金钗	jīn chāi	42418	in-ing,ai-ei,c-ch,j-q-x	3
金曲	jīn qǔ	42419	in-ing,j-q-x	1
仅见	jǐn jiàn	42420	in-ing,ian-iang,j-q-x	1
经略	jīng lüè	42421	in-ing,n-l,r-l,j-q-x	1
竞销	jìng xiāo	42423	in-ing,j-q-x	1
酒令	jiǔ lìng	42424	in-ing,n-l,r-l,j-q-x	1
开弓	kāi gōng	42426	ai-ei	1
烤炉	kǎo lú	42427	ao-ou,n-l,r-l	1
口腹	kǒu fù	42429	ao-ou,h-f	1
快嘴	kuài zuǐ	42430	z-zh	1
哐啷	kuāng lāng	42431	an-ang,uan-uang,n-l,r-l	2
括弧	kuò hú	42432	ua-uo,h-f	1
狼疮	láng chuāng	42433	an-ang,uan-uang,c-ch,n-l,r-l	1
犁头	lí tóu	42435	ao-ou,n-l,r-l	1
礼单	lǐ dān	42436	an-ang,n-l,r-l	1
立脚	lì jiǎo	42437	n-l,r-l,j-q-x	1
良言	liáng yán	42438	an-ang,ian-iang,n-l,r-l	1
芦根	lú gēn	42440	en-eng,n-l,r-l	1
炉灰	lú huī	42441	n-l,h-f,r-l	1
慢坡	màn pō	42442	an-ang	1
门联	mén lián	42444	en-eng,ian-iang,n-l,r-l	1
免礼	miǎn lǐ	42445	ian-iang,n-l,r-l	1
面馆	miàn guǎn	42446	ian-iang,uan-uang	1
念物	niàn wù	42449	ian-iang,n-l	1
牛劲	niú jìn	42450	in-ing,n-l,j-q-x	1
配搭	pèi dā	42451	ai-ei	1
辔头	pèi tóu	42452	ai-ei,ao-ou	3
皮张	pí zhāng	42454	an-ang,z-zh	1
蒲包	pú bāo	42455	ao-ou	1
奇谋	qí móu	42457	ao-ou,j-q-x	1
起锅	qǐ guō	42458	ua-uo,j-q-x	1
浅淡	qiǎn dàn	42461	an-ang,ian-iang,j-q-x	1
强夺	qiáng duó	42462	ian-iang,ua-uo,j-q-x	1
强记	qiáng jì	42463	ian-iang,j-q-x	1
抢答	qiǎng dá	42464	ian-iang,j-q-x	1
切望	qiè wàng	42465	an-ang,ia-ie,j-q-x	1
清浊	qīng zhuó	42467	in-ing,ua-uo,z-zh,j-q-x	1
秋光	qiū guāng	42468	uan-uang,j-q-x	1
秋汛	qiū xùn	42469	j-q-x	1
染缸	rǎn gāng	42470	an-ang,r-l	1
肉桂	ròu guì	42475	ao-ou,r-l	1
跟车	gēn chē	42476	en-eng,c-ch	1
肉泥	ròu ní	42477	ao-ou,n-l,r-l	1
入保	rù bǎo	42479	ao-ou,r-l	1
入彀	rù gòu	42480	ao-ou,r-l	3
软膏	ruǎn gāo	42481	uan-uang,ao-ou,r-l	1
散戏	sàn xì	42483	an-ang,s-sh,j-q-x	1
闪击	shǎn jī	42484	an-ang,s-sh,j-q-x	1
缮写	shàn xiě	42485	an-ang,ia-ie,s-sh,j-q-x	3
伤号	shāng hào	42486	an-ang,ao-ou,s-sh,h-f	1
奢求	shē qiú	42487	s-sh,j-q-x	1
说亲	shuō qīn	42493	in-ing,ua-uo,s-sh,j-q-x	1
俗谚	sú yàn	42495	an-ang,s-sh	1
胎教	tāi jiào	42496	ai-ei,j-q-x	1
太阴	tài yīn	42497	in-ing,ai-ei	1
汤包	tāng bāo	42498	an-ang,ao-ou	1
堂姐	táng jiě	42499	an-ang,ia-ie,j-q-x	1
提兜	tí dōu	42500	ao-ou	1
跳棋	tiào qí	42502	j-q-x	1
统舱	tǒng cāng	42504	an-ang,c-ch	1
痛悼	tòng dào	42505	ao-ou	1
屯守	tún shǒu	42506	ao-ou,s-sh	1
晚近	wǎn jìn	42507	in-ing,an-ang,j-q-x	1
网子	wǎng zi	42508	an-ang,z-zh	1
妄念	wàng niàn	42509	an-ang,ian-iang,n-l	1
味蕾	wèi lěi	42511	ai-ei,n-l,r-l	1
蓊郁	wěng yù	42512	en-eng	3
污迹	wū jì	42513	j-q-x	1
侮蔑	wǔ miè	42514	ia-ie	1
锡箔	xī bó	42515	j-q-x	3
戏码	xì mǎ	42517	j-q-x	1
相悦	xiāng yuè	42518	ian-iang,j-q-x	1
蟹黄	xiè huáng	42519	uan-uang,ia-ie,h-f,j-q-x	1
行色	xíng sè	42521	in-ing,s-sh,j-q-x	1
袖头	xiù tóu	42524	ao-ou,j-q-x	1
悬吊	xuán diào	42525	uan-uang,j-q-x	1
寻问	xún wèn	42526	en-eng,j-q-x	1
咽炎	yān yán	42528	an-ang	1
俨如	yǎn rú	42529	an-ang,r-l	3
样片	yàng piàn	42531	an-ang,ian-iang	1
吆唤	yāo huàn	42532	uan-uang,ao-ou,h-f	1
异闻	yì wén	42535	en-eng	1
鹰爪	yīng zhǎo	42536	in-ing,ao-ou,z-zh	1
萤光	yíng guāng	42537	in-ing,uan-uang	1
油棕	yóu zōng	42538	ao-ou,z-zh	1
玉体	yù tǐ	42541		1
预卜	yù bǔ	42542		1
预检	yù jiǎn	42543	ian-iang,j-q-x	1
粤菜	yuè cài	42545	ai-ei,c-ch	1
韵事	yùn shì	42546	s-sh	1
灾年	zāi nián	42547	ian-iang,ai-ei,z-zh,n-l	1
招祸	zhāo huò	42549	ao-ou,ua-uo,z-zh,h-f	1
着魔	zháo mó	42550	ao-ou,z-zh	1
照拂	zhào fú	42551	ao-ou,z-zh,h-f	1
疹子	zhěn zi	42552	en-eng,z-zh	1
正楷	zhèng kǎi	42553	en-eng,ai-ei,z-zh	1
正论	zhèng lùn	42554	en-eng,z-zh,n-l,r-l	1
支脉	zhī mài	42555	ai-ei,z-zh	1
趾甲	zhǐ jiǎ	42558	ia-ie,z-zh,j-q-x	1
众说	zhòng shuō	42560	ua-uo,z-zh,s-sh	1
重残	zhòng cán	42561	an-ang,z-zh,c-ch	1
竹马	zhú mǎ	42562	z-zh	1
助燃	zhù rán	42563	an-ang,z-zh,r-l	1
子爵	zǐ jué	42566	z-zh,j-q-x	1
斑痕	bān hén	42570	en-eng,an-ang,h-f	1
绊子	bàn zi	42571	an-ang,z-zh	1
刨花	bào huā	42573	ao-ou,ua-uo,h-f	1
背光	bèi guāng	42575	uan-uang,ai-ei	1
比兴	bǐ xìng	42576	in-ing,j-q-x	1
避忌	bì jì	42577	j-q-x	1
辩才	biàn cái	42578	ian-iang,ai-ei,c-ch	1
财迷	cái mí	42582	ai-ei,c-ch	1
敞篷	chǎng péng	42583	en-eng,an-ang,c-ch	1
超龄	chāo líng	42584	in-ing,ao-ou,c-ch,n-l,r-l	1
陈诉	chén sù	42585	en-eng,c-ch,s-sh	1
痴望	chī wàng	42587	an-ang,c-ch	1
斥退	chì tuì	42588	c-ch	1
臭美	chòu měi	42589	ai-ei,ao-ou,c-ch	1
出丧	chū sāng	42590	an-ang,c-ch,s-sh	1
初升	chū shēng	42591	en-eng,c-ch,s-sh	1
催讨	cuī tǎo	42595	ao-ou,c-ch	1
存户	cún hù	42596	c-ch,h-f	1
弹孔	dàn kǒng	42600	an-ang	1
刀背	dāo bèi	42601	ai-ei,ao-ou	1
稻壳	dào ké	42602	ao-ou	1
稻苗	dào miáo	42603	ao-ou	1
等次	děng cì	42604	en-eng,c-ch	1
点验	diǎn yàn	42608	an-ang,ian-iang	1
碉楼	diāo lóu	42611	ao-ou,n-l,r-l	3
洞见	dòng jiàn	42612	ian-iang,j-q-x	1
斗车	dǒu chē	42613	ao-ou,c-ch	1
豆面	dòu miàn	42614	ian-iang,ao-ou	1
短训	duǎn xùn	42616	uan-uang,j-q-x	1
断乎	duàn hū	42617	uan-uang,h-f	1
对酌	duì zhuó	42618	ua-uo,z-zh	1
蹲守	dūn shǒu	42619	ao-ou,s-sh	1
饿虎	è hǔ	42620	h-f	1
耳廓	ěr kuò	42621	ua-uo	1
房基	fáng jī	42623	an-ang,h-f,j-q-x	1
放毒	fàng dú	42624	an-ang,h-f	1
飞絮	fēi xù	42625	ai-ei,h-f,j-q-x	1
废置	fèi zhì	42627	ai-ei,z-zh,h-f	1
粉嫩	fěn nèn	42629	en-eng,n-l,h-f	1
伏线	fú xiàn	42631	ian-iang,h-f,j-q-x	1
拂逆	fú nì	42632	n-l,h-f	1
附议	fù yì	42633	h-f	1
更生	gēng shēng	42637	en-eng,s-sh	1
工休	gōng xiū	42638	j-q-x	1
工贼	gōng zéi	42639	ai-ei,z-zh	1
顾主	gù zhǔ	42642	z-zh	1
怪相	guài xiàng	42643	ian-iang,j-q-x	1
管见	guǎn jiàn	42645	ian-iang,uan-uang,j-q-x	1
过话	guò huà	42646	ua-uo,h-f	1
罕闻	hǎn wén	42649	en-eng,an-ang,h-f	1
豪宅	háo zhái	42651	ai-ei,ao-ou,z-zh,h-f	1
恨事	hèn shì	42654	en-eng,s-sh,h-f	1
花苗	huā miáo	42658	ua-uo,h-f	1
花枪	huā qiāng	42659	ian-iang,ua-uo,h-f,j-q-x	1
怀春	huái chūn	42661	c-ch,h-f	1
还魂	huán hún	42662	uan-uang,h-f	1
换型	huàn xíng	42664	in-ing,uan-uang,h-f,j-q-x	1
换装	huàn zhuāng	42665	uan-uang,z-zh,h-f	1
火铳	huǒ chòng	42666	ua-uo,c-ch,h-f	3
鸡翅	jī chì	42667	c-ch,j-q-x	1
基肥	jī féi	42668	ai-ei,h-f,j-q-x	1
奸夫	jiān fū	42671	ian-iang,h-f,j-q-x	1
饯别	jiàn bié	42672	ian-iang,ia-ie,j-q-x	3
浇花	jiāo huā	42673	ua-uo,h-f,j-q-x	1
胶印	jiāo yìn	42674	in-ing,j-q-x	1
皎皎	jiǎo jiǎo	42675	j-q-x	2
校改	jiào gǎi	42676	ai-ei,j-q-x	1
解表	jiě biǎo	42677	ia-ie,j-q-x	1
疥疮	jiè chuāng	42678	uan-uang,ia-ie,c-ch,j-q-x	3
尽先	jǐn xiān	42679	in-ing,ian-iang,j-q-x	1
进深	jìn shēn	42681	en-eng,in-ing,s-sh,j-q-x	1
近便	jìn bian	42682	in-ing,ian-iang,j-q-x	1
京畿	jīng jī	42683	in-ing,j-q-x	3
经血	jīng xuè	42684	in-ing,j-q-x	1
径赛	jìng sài	42685	in-ing,ai-ei,s-sh,j-q-x	1
拘礼	jū lǐ	42687	n-l,r-l,j-q-x	1
具名	jù míng	42688	in-ing,j-q-x	1
口技	kǒu jì	42689	ao-ou,j-q-x	1
困局	kùn jú	42691	j-q-x	1
阔少	kuò shào	42692	ao-ou,ua-uo,s-sh	1
雷动	léi dòng	42695	ai-ei,n-l,r-l	1
凌霄	líng xiāo	42697	in-ing,n-l,r-l,j-q-x	1
零花	líng huā	42698	in-ing,ua-uo,n-l,h-f,r-l	1
龙颜	lóng yán	42700	an-ang,n-l,r-l	1
笼屉	lóng tì	42701	n-l,r-l	1
蝼蛄	lóu gū	42702	ao-ou,n-l,r-l	2
镂刻	lòu kè	42703	ao-ou,n-l,r-l	3
路条	lù tiáo	42704	n-l,r-l	1
铝锅	lǚ guō	42705	ua-uo,n-l,r-l	1
马步	mǎ bù	42708		1
漫道	màn dào	42710	an-ang,ao-ou	1
媒妁	méi shuò	42711	ai-ei,ua-uo,s-sh	3
门灯	mén dēng	42712	en-eng	1
门扉	mén fēi	42713	en-eng,ai-ei,h-f	3
蜜柑	mì gān	42716	an-ang	1
默记	mò jì	42718	j-q-x	1
谋职	móu zhí	42719	ao-ou,z-zh	1
母机	mǔ jī	42720	j-q-x	1
奶糖	nǎi táng	42723	an-ang,ai-ei,n-l	1
腻人	nì rén	42728	en-eng,n-l,r-l	1
暖房	nuǎn fáng	42729	an-ang,uan-uang,n-l,h-f	1
旁系	páng xì	42730	an-ang,j-q-x	1
喷嘴	pēn zuǐ	42731	en-eng,z-zh	1
票额	piào é	42733		1
品目	pǐn mù	42734	in-ing	1
耆老	qí lǎo	42737	ao-ou,n-l,r-l,j-q-x	3
铅灰	qiān huī	42738	ian-iang,h-f,j-q-x	1
前房	qián fáng	42739	an-ang,ian-iang,h-f,j-q-x	1
浅析	qiǎn xī	42740	ian-iang,j-q-x	1
强逼	qiǎng bī	42741	ian-iang,j-q-x	1
强使	qiǎng shǐ	42742	ian-iang,s-sh,j-q-x	1
巧计	qiǎo jì	42743	j-q-x	1
清场	qīng chǎng	42744	in-ing,an-ang,c-ch,j-q-x	1
晴明	qíng míng	42745	in-ing,j-q-x	1
琼脂	qióng zhī	42746	z-zh,j-q-x	1
球茎	qiú jīng	42748	in-ing,j-q-x	1
缺位	quē wèi	42749	ai-ei,j-q-x	1
日杂	rì zá	42752	z-zh,r-l	1
入籍	rù jí	42753	r-l,j-q-x	1
杀价	shā jià	42755	ia-ie,s-sh,j-q-x	1
杀戒	shā jiè	42756	ia-ie,s-sh,j-q-x	1
歃血	shà xuè	42757	s-sh,j-q-x	3
上操	shàng cāo	42758	an-ang,ao-ou,c-ch,s-sh	1
试产	shì chǎn	42762	an-ang,c-ch,s-sh	1
受冤	shòu yuān	42763	uan-uang,ao-ou,s-sh	1
胎记	tāi jì	42769	ai-ei,j-q-x	1
特辑	tè jí	42772	j-q-x	1
天兵	tiān bīng	42773	in-ing,ian-iang	1
天条	tiān tiáo	42775	ian-iang	1
添设	tiān shè	42776	ian-iang,s-sh	1
甜点	tián diǎn	42777	ian-iang	1
铁箍	tiě gū	42779	ia-ie	3
头生	tóu shēng	42782	en-eng,ao-ou,s-sh	1
秃鹫	tū jiù	42783	j-q-x	3
突审	tū shěn	42784	en-eng,s-sh	1
土黄	tǔ huáng	42785	uan-uang,h-f	1
拖轮	tuō lún	42786	ua-uo,n-l,r-l	1
脱臼	tuō jiù	42787	ua-uo,j-q-x	1
妄称	wàng chēng	42788	en-eng,an-ang,c-ch	1
妄语	wàng yǔ	42789	an-ang	1
违例	wéi lì	42791	ai-ei,n-l,r-l	1
锡纸	xī zhǐ	42796	z-zh,j-q-x	1
铣工	xǐ gōng	42797	j-q-x	3
夏历	xià lì	42798	ia-ie,n-l,r-l,j-q-x	1
线团	xiàn tuán	42799	ian-iang,uan-uang,j-q-x	1
襄理	xiāng lǐ	42800	ian-iang,n-l,r-l,j-q-x	3
响箭	xiǎng jiàn	42801	ian-iang,j-q-x	1
硝石	xiāo shí	42803	s-sh,j-q-x	1
卸装	xiè zhuāng	42804	uan-uang,ia-ie,z-zh,j-q-x	1
心子	xīn zi	42806	in-ing,z-zh,j-q-x	1
新论	xīn lùn	42808	in-ing,n-l,r-l,j-q-x	1
性征	xìng zhēng	42810	en-eng,in-ing,z-zh,j-q-x	1
凶顽	xiōng wán	42811	an-ang,j-q-x	1
秀媚	xiù mèi	42812	ai-ei,j-q-x	1
徐步	xú bù	42813	j-q-x	1
悬棺	xuán guān	42814	uan-uang,j-q-x	1
旋子	xuán zi	42815	uan-uang,z-zh,j-q-x	1
雪豹	xuě bào	42816	ao-ou,j-q-x	1
熏鱼	xūn yú	42817	j-q-x	1
鸭肉	yā ròu	42818	ao-ou,r-l	1
洋蜡	yáng là	42821	an-ang,n-l,r-l	1
养颜	yǎng yán	42823	an-ang	1
舆图	yú tú	42825		1
雨具	yǔ jù	42827	j-q-x	1
雨区	yǔ qū	42828	j-q-x	1
月息	yuè xī	42829	j-q-x	1
越职	yuè zhí	42830	z-zh	1
云翳	yún yì	42831		3
赞佩	zàn pèi	42833	an-ang,ai-ei,z-zh	1
毡包	zhān bāo	42834	an-ang,ao-ou,z-zh	1
长上	zhǎng shàng	42835	an-ang,z-zh,s-sh	1
甄选	zhēn xuǎn	42837	en-eng,uan-uang,z-zh,j-q-x	3
诊脉	zhěn mài	42838	en-eng,ai-ei,z-zh	1
镇纸	zhèn zhǐ	42839	en-eng,z-zh	1
整流	zhěng liú	42840	en-eng,z-zh,n-l,r-l	1
制表	zhì biǎo	42842	z-zh	1
转呈	zhuǎn chéng	42844	en-eng,uan-uang,z-zh,c-ch	1
壮苗	zhuàng miáo	42846	uan-uang,z-zh	1
足赤	zú chì	42847	z-zh,c-ch	1
柞树	zuò shù	42850	ua-uo,z-zh,s-sh	3
扳动	bān dòng	42852	an-ang	1
雹灾	báo zāi	42853	ai-ei,ao-ou,z-zh	1
背约	bèi yuē	42855	ai-ei	1
被难	bèi nàn	42856	an-ang,ai-ei,n-l	1
壁龛	bì kān	42857	an-ang	3
表侄	biǎo zhí	42860	z-zh	1
兵刃	bīng rèn	42862	en-eng,in-ing,r-l	1
补写	bǔ xiě	42863	ia-ie,j-q-x	1
彩头	cǎi tóu	42864	ai-ei,ao-ou,c-ch	1
残生	cán shēng	42865	en-eng,an-ang,c-ch,s-sh	1
拆阅	chāi yuè	42866	ai-ei,c-ch	1
尝新	cháng xīn	42868	in-ing,an-ang,c-ch,j-q-x	1
厂规	chǎng guī	42869	an-ang,c-ch	1
畅行	chàng xíng	42870	in-ing,an-ang,c-ch,j-q-x	1
陈酒	chén jiǔ	42872	en-eng,c-ch,j-q-x	1
踟蹰	chí chú	42876	c-ch	2
尺牍	chǐ dú	42877	c-ch	3
重言	chóng yán	42878	an-ang,c-ch	1
锄奸	chú jiān	42880	ian-iang,c-ch,j-q-x	1
春卷	chūn juǎn	42882	uan-uang,c-ch,j-q-x	1
春心	chūn xīn	42883	in-ing,c-ch,j-q-x	1
蠢猪	chǔn zhū	42884	z-zh,c-ch	1
搭售	dā shòu	42885	ao-ou,s-sh	1
担承	dān chéng	42889	en-eng,an-ang,c-ch	1
帝君	dì jūn	42892	j-q-x	1
洞箫	dòng xiāo	42895	j-q-x	1
杜康	dù kāng	42896	an-ang	1
敦请	dūn qǐng	42897	in-ing,j-q-x	1
堕地	duò de	42899	ua-uo	1
发木	fā mù	42900	h-f	1
贩假	fàn jiǎ	42901	an-ang,ia-ie,h-f,j-q-x	1
芳龄	fāng líng	42902	in-ing,an-ang,n-l,h-f,r-l	1
飞吻	fēi wěn	42903	en-eng,ai-ei,h-f	1
分账	fēn zhàng	42904	en-eng,an-ang,z-zh,h-f	1
分值	fēn zhí	42905	en-eng,z-zh,h-f	1
俯就	fǔ jiù	42909	h-f,j-q-x	1
讣闻	fù wén	42911	en-eng,h-f	3
负约	fù yuē	42912	h-f	1
复利	fù lì	42913	n-l,h-f,r-l	1
副题	fù tí	42914	h-f	1
弓子	gōng zi	42915	z-zh	1
挂毯	guà tǎn	42917	an-ang,ua-uo	1
官价	guān jià	42918	uan-uang,ia-ie,j-q-x	1
规制	guī zhì	42919	z-zh	1
绲边	gǔn biān	42920	ian-iang	3
海涵	hǎi hán	42922	an-ang,ai-ei,h-f	1
憨态	hān tài	42923	an-ang,ai-ei,h-f	1
耗竭	hào jié	42925	ao-ou,ia-ie,h-f,j-q-x	1
河工	hé gōng	42926	h-f	1
宏达	hóng dá	42928	h-f	1
胡搞	hú gǎo	42929	ao-ou,h-f	1
滑道	huá dào	42931	ao-ou,ua-uo,h-f	1
画刊	huà kān	42932	an-ang,ua-uo,h-f	1
患处	huàn chù	42933	uan-uang,c-ch,h-f	1
灰质	huī zhì	42934	z-zh,h-f	1
回拜	huí bài	42935	ai-ei,h-f	1
婚龄	hūn líng	42937	in-ing,n-l,h-f,r-l	1
藿香	huò xiāng	42938	ian-iang,ua-uo,h-f,j-q-x	3
极权	jí quán	42940	uan-uang,j-q-x	1
极盛	jí shèng	42941	en-eng,s-sh,j-q-x	1
急眼	jí yǎn	42942	an-ang,j-q-x	1
奸杀	jiān shā	42944	ian-iang,s-sh,j-q-x	1
兼课	jiān kè	42946	ian-iang,j-q-x	1
姜黄	jiāng huáng	42948	ian-iang,uan-uang,h-f,j-q-x	1
焦心	jiāo xīn	42951	in-ing,j-q-x	1
解热	jiě rè	42953	ia-ie,r-l,j-q-x	1
借问	jiè wèn	42954	en-eng,ia-ie,j-q-x	1
晋谒	jìn yè	42956	in-ing,j-q-x	3
九鼎	jiǔ dǐng	42958	in-ing,j-q-x	1
酒铺	jiǔ pū	42959	j-q-x	1
酒器	jiǔ qì	42960	j-q-x	1
舅子	jiù zi	42961	z-zh,j-q-x	1
据有	jù yǒu	42962	ao-ou,j-q-x	1
空场	kòng chǎng	42964	an-ang,c-ch	1
乡企	xiāng qǐ	42965	ian-iang,j-q-x	1
狂涛	kuáng tāo	42966	uan-uang,ao-ou	1
拉杆	lā gān	42967	an-ang,n-l,r-l	1
狼烟	láng yān	42968	an-ang,n-l,r-l	1
肋条	lèi tiáo	42971	ai-ei,n-l,r-l	1
冷枪	lěng qiāng	42972	en-eng,ian-iang,n-l,r-l,j-q-x	1
力避	lì bì	42973	n-l,r-l	1
丽质	lì zhì	42974	z-zh,n-l,r-l	1
开房	kāi fáng	42975	an-ang,ai-ei,h-f	1
连发	lián fā	42976	ian-iang,n-l,h-f,r-l	1
连枷	lián jiā	42977	ian-iang,ia-ie,n-l,r-l,j-q-x	3
两立	liǎng lì	42978	ian-iang,n-l,r-l	1
邻接	lín jiē	42979	in-ing,ia-ie,n-l,r-l,j-q-x	1
领赏	lǐng shǎng	42980	in-ing,an-ang,s-sh,n-l,r-l	1
买好	mǎi hǎo	42982	ai-ei,ao-ou,h-f	1
满处	mǎn chù	42984	an-ang,c-ch	1
幔子	màn zi	42985	an-ang,z-zh	3
毛囊	máo náng	42986	an-ang,ao-ou,n-l	1
门禁	mén jìn	42988	en-eng,in-ing,j-q-x	1
面膜	miàn mó	42989	ian-iang	1
来气	lái qì	42990	ai-ei,n-l,r-l,j-q-x	1
名厨	míng chú	42991	in-ing,c-ch	1
鸣炮	míng pào	42994	in-ing,ao-ou	1
螟虫	míng chóng	42995	in-ing,c-ch	3
奶羊	nǎi yáng	42997	an-ang,ai-ei,n-l	1
内人	nèi rén	42998	en-eng,ai-ei,n-l,r-l	1
盘诘	pán jié	42999	an-ang,ia-ie,j-q-x	3
配色	pèi sè	43000	ai-ei,s-sh	1
喷口	pēn kǒu	43001	en-eng,ao-ou	1
盆腔	pén qiāng	43002	en-eng,ian-iang,j-q-x	1
僻壤	pì rǎng	43003	an-ang,r-l	1
偏斜	piān xié	43005	ian-iang,ia-ie,j-q-x	1
平信	píng xìn	43006	in-ing,j-q-x	1
诱逼	yòu bī	43007	ao-ou	1
奇珍	qí zhēn	43008	en-eng,z-zh,j-q-x	1
气井	qì jǐng	43009	in-ing,j-q-x	1
抢匪	qiǎng fěi	43011	ian-iang,ai-ei,h-f,j-q-x	1
抢建	qiǎng jiàn	43012	ian-iang,j-q-x	1
巧思	qiǎo sī	43014	s-sh,j-q-x	1
俏货	qiào huò	43015	ua-uo,h-f,j-q-x	1
窃据	qiè jù	43016	ia-ie,j-q-x	1
清夜	qīng yè	43018	in-ing,j-q-x	1
趣谈	qù tán	43019	an-ang,j-q-x	1
热压	rè yā	43022	r-l	1
撒旦	sā dàn	43026	an-ang,s-sh	1
色欲	sè yù	43029	s-sh	1
晒场	shài cháng	43030	an-ang,ai-ei,c-ch,s-sh	1
施与	shī yǔ	43034	s-sh	1
时价	shí jià	43036	ia-ie,s-sh,j-q-x	1
授受	shòu shòu	43039	ao-ou,s-sh	1
书脊	shū jǐ	43040	s-sh,j-q-x	1
束身	shù shēn	43041	en-eng,s-sh	1
松心	sōng xīn	43044	in-ing,s-sh,j-q-x	1
宿怨	sù yuàn	43045	uan-uang,s-sh	1
酸麻	suān má	43046	uan-uang,s-sh	1
塌落	tā luò	43047	ua-uo,n-l,r-l	1
贪睡	tān shuì	43049	an-ang,s-sh	1
套鞋	tào xié	43050	ao-ou,ia-ie,j-q-x	1
调匀	tiáo yún	43056		1
贴钱	tiē qián	43057	ian-iang,ia-ie,j-q-x	1
童男	tóng nán	43058	an-ang,n-l	1
偷安	tōu ān	43059	an-ang,ao-ou	1
吞服	tūn fú	43061	h-f	1
脱毛	tuō máo	43062	ao-ou,ua-uo	1
外侨	wài qiáo	43063	ai-ei,j-q-x	1
温控	wēn kòng	43065	en-eng	1
闻人	wén rén	43067	en-eng,r-l	1
问案	wèn àn	43068	en-eng,an-ang	1
武旦	wǔ dàn	43070	an-ang	1
吸睛	xī jīng	43071	in-ing,j-q-x	1
惜售	xī shòu	43072	ao-ou,s-sh,j-q-x	1
习用	xí yòng	43073	j-q-x	1
细巧	xì qiǎo	43074	j-q-x	1
闲田	xián tián	43076	ian-iang,j-q-x	1
弦索	xián suǒ	43077	ian-iang,ua-uo,s-sh,j-q-x	1
苋菜	xiàn cài	43078	ian-iang,ai-ei,c-ch,j-q-x	3
线人	xiàn rén	43079	en-eng,ian-iang,r-l,j-q-x	1
香饵	xiāng ěr	43080	ian-iang,j-q-x	1
晓月	xiǎo yuè	43081	j-q-x	1
鞋油	xié yóu	43082	ao-ou,ia-ie,j-q-x	1
欣羡	xīn xiàn	43083	in-ing,ian-iang,j-q-x	1
修枝	xiū zhī	43084	z-zh,j-q-x	1
羞愤	xiū fèn	43085	en-eng,h-f,j-q-x	1
眩惑	xuàn huò	43086	uan-uang,ua-uo,h-f,j-q-x	3
延聘	yán pìn	43087	in-ing,an-ang	1
阳虚	yáng xū	43088	an-ang,j-q-x	1
杳然	yǎo rán	43090	an-ang,ao-ou,r-l	3
叶酸	yè suān	43092	uan-uang,s-sh	1
医方	yī fāng	43094	an-ang,h-f	1
揖让	yī ràng	43095	an-ang,r-l	3
以近	yǐ jìn	43097	in-ing,j-q-x	1
益鸟	yì niǎo	43098	n-l	1
银锭	yín dìng	43100	in-ing	3
银装	yín zhuāng	43102	in-ing,uan-uang,z-zh	1
淫雨	yín yǔ	43103	in-ing	1
隐遁	yǐn dùn	43104	in-ing	3
印件	yìn jiàn	43105	in-ing,ian-iang,j-q-x	1
犹自	yóu zì	43108	ao-ou,z-zh	1
下架	xià jià	43109	ia-ie,j-q-x	1
雨靴	yǔ xuē	43110	j-q-x	1
玉照	yù zhào	43111	ao-ou,z-zh	1
预展	yù zhǎn	43112	an-ang,z-zh	1
杂说	zá shuō	43113	ua-uo,z-zh,s-sh	1
簪花	zān huā	43114	an-ang,ua-uo,z-zh,h-f	3
增盈	zēng yíng	43115	en-eng,in-ing,z-zh	1
增支	zēng zhī	43116	en-eng,z-zh	1
长房	zhǎng fáng	43117	an-ang,z-zh,h-f	1
找零	zhǎo líng	43118	in-ing,ao-ou,z-zh,n-l,r-l	1
震情	zhèn qíng	43119	en-eng,in-ing,z-zh,j-q-x	1
执罚	zhí fá	43120	z-zh,h-f	1
纸型	zhǐ xíng	43121	in-ing,z-zh,j-q-x	1
至友	zhì yǒu	43122	ao-ou,z-zh	1
中邪	zhòng xié	43123	ia-ie,z-zh,j-q-x	1
专诚	zhuān chéng	43124	en-eng,uan-uang,z-zh,c-ch	1
灼痛	zhuó tòng	43126	ua-uo,z-zh	1
恣情	zì qíng	43129	in-ing,z-zh,j-q-x	3
纵谈	zòng tán	43130	an-ang,z-zh	1
嘴软	zuǐ ruǎn	43131	uan-uang,z-zh,r-l	1
哀嚎	āi háo	43133	ai-ei,ao-ou,h-f	1
暗堡	àn bǎo	43134	an-ang,ao-ou	1
鏊子	ào zi	43135	ao-ou,z-zh	3
斑竹	bān zhú	43137	an-ang,z-zh	1
胞兄	bāo xiōng	43138	ao-ou,j-q-x	1
背运	bèi yùn	43140	ai-ei	1
本票	běn piào	43141	en-eng	1
笨伯	bèn bó	43142	en-eng	1
笔帽	bǐ mào	43143	ao-ou	1
避乱	bì luàn	43144	uan-uang,n-l,r-l	1
辩士	biàn shì	43145	ian-iang,s-sh	1
冰鞋	bīng xié	43146	in-ing,ia-ie,j-q-x	1
薄待	bó dài	43147	ai-ei	1
补白	bǔ bái	43148	ai-ei	1
财气	cái qì	43152	ai-ei,c-ch,j-q-x	1
茶炉	chá lú	43153	c-ch,n-l,r-l	1
唱票	chàng piào	43154	an-ang,c-ch	1
炒锅	chǎo guō	43155	ao-ou,ua-uo,c-ch	1
橙红	chéng hóng	43158	en-eng,c-ch,h-f	1
敕封	chì fēng	43159	en-eng,c-ch,h-f	3
除根	chú gēn	43160	en-eng,c-ch	1
春装	chūn zhuāng	43161	uan-uang,z-zh,c-ch	1
瓷缸	cí gāng	43162	an-ang,c-ch	1
搓板	cuō bǎn	43163	an-ang,ua-uo,c-ch	1
单裤	dān kù	43165	an-ang	1
当值	dāng zhí	43166	an-ang,z-zh	1
倒坍	dǎo tān	43167	an-ang,ao-ou	3
低缓	dī huǎn	43170	uan-uang,h-f	1
地亩	dì mǔ	43172		1
电码	diàn mǎ	43173	ian-iang	1
钓钩	diào gōu	43174	ao-ou	1
调防	diào fáng	43175	an-ang,h-f	1
短粗	duǎn cū	43178	uan-uang,c-ch	1
断根	duàn gēn	43179	en-eng,uan-uang	1
鹅绒	é róng	43180	r-l	1
发榜	fā bǎng	43182	an-ang,h-f	1
发腻	fā nì	43185	n-l,h-f	1
发傻	fā shǎ	43186	s-sh,h-f	1
翻查	fān chá	43189	an-ang,c-ch,h-f	1
翻悔	fān huǐ	43190	an-ang,h-f	1
反古	fǎn gǔ	43191	an-ang,h-f	1
仿行	fǎng xíng	43194	in-ing,an-ang,h-f,j-q-x	1
粪池	fèn chí	43195	en-eng,c-ch,h-f	1
服帖	fú tiē	43198	ia-ie,h-f	1
浮面	fú miàn	43199	ian-iang,h-f	1
幅面	fú miàn	43200	ian-iang,h-f	1
附言	fù yán	43201	an-ang,h-f	1
赋役	fù yì	43202	h-f	1
改稿	gǎi gǎo	43203	ai-ei,ao-ou	1
干才	gàn cái	43205	an-ang,ai-ei,c-ch	1
公筷	gōng kuài	43206		1
公营	gōng yíng	43207	in-ing	1
恭祝	gōng zhù	43209	z-zh	1
躬耕	gōng gēng	43210	en-eng	1
故址	gù zhǐ	43212	z-zh	1
挂红	guà hóng	43213	ua-uo,h-f	1
乖觉	guāi jué	43214	j-q-x	1
管窥	guǎn kuī	43215	uan-uang	1
龟甲	guī jiǎ	43218	ia-ie,j-q-x	1
裹腿	guǒ tui	43221	ua-uo	1
过厅	guò tīng	43222	in-ing,ua-uo	1
哈气	hā qì	43223	h-f,j-q-x	1
鼾睡	hān shuì	43224	an-ang,s-sh,h-f	3
红妆	hóng zhuāng	43225	uan-uang,z-zh,h-f	1
红装	hóng zhuāng	43226	uan-uang,z-zh,h-f	1
湖色	hú sè	43227	s-sh,h-f	1
花萼	huā è	43229	ua-uo,h-f	3
活口	huó kǒu	43231	ao-ou,ua-uo,h-f	1
集日	jí rì	43233	r-l,j-q-x	1
寄放	jì fàng	43234	an-ang,h-f,j-q-x	1
奸笑	jiān xiào	43236	ian-iang,j-q-x	1
揭榜	jiē bǎng	43238	an-ang,ia-ie,j-q-x	1
进补	jìn bǔ	43243	in-ing,j-q-x	1
警世	jǐng shì	43244	in-ing,s-sh,j-q-x	1
锯末	jù mò	43245	j-q-x	1
军管	jūn guǎn	43247	uan-uang,j-q-x	1
谰言	lán yán	43249	an-ang,n-l,r-l	3
老命	lǎo mìng	43252	in-ing,ao-ou,n-l,r-l	1
冷食	lěng shí	43253	en-eng,s-sh,n-l,r-l	1
脸形	liǎn xíng	43257	in-ing,ian-iang,n-l,r-l,j-q-x	1
恋家	liàn jiā	43258	ian-iang,ia-ie,n-l,r-l,j-q-x	1
恋旧	liàn jiù	43259	ian-iang,n-l,r-l,j-q-x	1
寥廓	liáo kuò	43260	ua-uo,n-l,r-l	1
六畜	liù chù	43261	c-ch,n-l,r-l	1
毛刺	máo cì	43263	ao-ou,c-ch	1
孟夏	mèng xià	43264	en-eng,ia-ie,j-q-x	1
秘藏	mì cáng	43265	an-ang,c-ch	1
蜜汁	mì zhī	43266	z-zh	1
面交	miàn jiāo	43267	ian-iang,j-q-x	1
民约	mín yuē	43269	in-ing	1
末子	mò zi	43273	z-zh	1
目验	mù yàn	43274	an-ang	1
纳贡	nà gòng	43275	n-l	1
鸟铳	niǎo chòng	43277	c-ch,n-l	3
蹑足	niè zú	43278	ia-ie,z-zh,n-l	3
偶或	ǒu huò	43280	ao-ou,ua-uo,h-f	1
旁通	páng tōng	43281	an-ang	1
跑外	pǎo wài	43282	ai-ei,ao-ou	1
皮实	pí shi	43284	s-sh	1
平野	píng yě	43285	in-ing	1
普教	pǔ jiào	43286	j-q-x	1
气枪	qì qiāng	43287	ian-iang,j-q-x	1
气性	qì xing	43288	in-ing,j-q-x	1
弃妇	qì fù	43289	h-f,j-q-x	1
瞧病	qiáo bìng	43290	in-ing,j-q-x	1
轻软	qīng ruǎn	43291	in-ing,uan-uang,r-l,j-q-x	1
倾谈	qīng tán	43292	in-ing,an-ang,j-q-x	1
清炖	qīng dùn	43293	in-ing,j-q-x	3
秋景	qiū jǐng	43294	in-ing,j-q-x	1
求取	qiú qǔ	43295	j-q-x	1
缺嘴	quē zuǐ	43296	z-zh,j-q-x	1
染织	rǎn zhī	43297	an-ang,z-zh,r-l	1
认负	rèn fù	43299	en-eng,h-f,r-l	1
日托	rì tuō	43300	ua-uo,r-l	1
乳猪	rǔ zhū	43301	z-zh,r-l	1
山窝	shān wō	43305	an-ang,s-sh	1
上集	shàng jí	43308	an-ang,s-sh,j-q-x	1
上款	shàng kuǎn	43309	an-ang,uan-uang,s-sh	1
少顷	shǎo qǐng	43310	in-ing,ao-ou,s-sh,j-q-x	1
深望	shēn wàng	43311	en-eng,an-ang,s-sh	1
生手	shēng shǒu	43312	en-eng,ao-ou,s-sh	1
失迎	shī yíng	43313	in-ing,s-sh	1
收执	shōu zhí	43314	ao-ou,z-zh,s-sh	1
兽欲	shòu yù	43315	ao-ou,s-sh	1
书函	shū hán	43316	an-ang,s-sh,h-f	1
刷白	shuà bái	43318	ai-ei,ua-uo,s-sh	1
衰朽	shuāi xiǔ	43319	s-sh,j-q-x	1
私商	sī shāng	43321	an-ang,s-sh	1
肃毒	sù dú	43322	s-sh	1
坦露	tǎn lù	43325	an-ang,n-l,r-l	1
疼惜	téng xī	43326	en-eng,j-q-x	1
挑头	tiǎo tóu	43327	ao-ou	1
铁镐	tiě gǎo	43328	ao-ou,ia-ie	1
通名	tōng míng	43329	in-ing	1
铜版	tóng bǎn	43330	an-ang	1
头角	tóu jiǎo	43332	ao-ou,j-q-x	1
腕力	wàn lì	43333	an-ang,n-l,r-l	1
危城	wēi chéng	43334	en-eng,ai-ei,c-ch	1
诿过	wěi guò	43335	ai-ei,ua-uo	3
位能	wèi néng	43336	en-eng,ai-ei,n-l	1
乌桕	wū jiù	43337	j-q-x	3
五方	wǔ fāng	43339	an-ang,h-f	1
息兵	xī bīng	43341	in-ing,j-q-x	1
息肉	xī ròu	43342	ao-ou,r-l,j-q-x	1
先世	xiān shì	43343	ian-iang,s-sh,j-q-x	1
咸淡	xián dàn	43344	an-ang,ian-iang,j-q-x	1
显学	xiǎn xué	43345	ian-iang,j-q-x	1
小巴	xiǎo bā	43348	j-q-x	1
校史	xiào shǐ	43350	s-sh,j-q-x	1
歇工	xiē gōng	43351	ia-ie,j-q-x	1
歇腿	xiē tuǐ	43352	ia-ie,j-q-x	1
邪魔	xié mó	43353	ia-ie,j-q-x	1
心定	xīn dìng	43354	in-ing,j-q-x	1
心硬	xīn yìng	43355	in-ing,j-q-x	1
星相	xīng xiàng	43356	in-ing,ian-iang,j-q-x	1
形骸	xíng hái	43358	in-ing,ai-ei,h-f,j-q-x	3
凶煞	xiōng shà	43359	s-sh,j-q-x	1
蓄势	xù shì	43361	s-sh,j-q-x	1
选点	xuǎn diǎn	43362	ian-iang,uan-uang,j-q-x	1
选曲	xuǎn qǔ	43363	uan-uang,j-q-x	1
哑炮	yǎ pào	43366	ao-ou	1
哑嗓	yǎ sǎng	43367	an-ang,s-sh	1
烟柱	yān zhù	43368	an-ang,z-zh	1
炎凉	yán liáng	43369	an-ang,ian-iang,n-l,r-l	1
妖术	yāo shù	43370	ao-ou,s-sh	1
摇把	yáo bà	43371	ao-ou	1
野种	yě zhǒng	43372	z-zh	1
译制	yì zhì	43376	z-zh	1
音带	yīn dài	43378	in-ing,ai-ei	1
硬面	yìng miàn	43380	in-ing,ian-iang	1
油泵	yóu bèng	43381	en-eng,ao-ou	1
游学	yóu xué	43382	ao-ou,j-q-x	1
诱奸	yòu jiān	43383	ian-iang,ao-ou,j-q-x	1
鱼子	yú zǐ	43384	z-zh	1
预行	yù xíng	43387	in-ing,j-q-x	1
预置	yù zhì	43388	z-zh	1
运球	yùn qiú	43390	j-q-x	1
泽国	zé guó	43391	ua-uo,z-zh	1
贼寇	zéi kòu	43392	ai-ei,ao-ou,z-zh	1
找齐	zhǎo qí	43393	ao-ou,z-zh,j-q-x	1
执鞭	zhí biān	43396	ian-iang,z-zh	1
直击	zhí jī	43397	z-zh,j-q-x	1
指法	zhǐ fǎ	43399	z-zh,h-f	1
制件	zhì jiàn	43400	ian-iang,z-zh,j-q-x	1
中端	zhōng duān	43401	uan-uang,z-zh	1
中音	zhōng yīn	43402	in-ing,z-zh	1
衷情	zhōng qíng	43403	in-ing,z-zh,j-q-x	1
重灾	zhòng zāi	43404	ai-ei,z-zh	1
诛杀	zhū shā	43405	z-zh,s-sh	3
猪排	zhū pái	43406	ai-ei,z-zh	1
主调	zhǔ diào	43407	z-zh	1
转生	zhuǎn shēng	43408	en-eng,uan-uang,z-zh,s-sh	1
擢升	zhuó shēng	43409	en-eng,ua-uo,z-zh,s-sh	3
嘴笨	zuǐ bèn	43411	en-eng,z-zh	1
坐禅	zuò chán	43412	an-ang,ua-uo,z-zh,c-ch	1
白班	bái bān	43414	an-ang,ai-ei	1
包养	bāo yǎng	43418	an-ang,ao-ou	1
悲凄	bēi qī	43421	ai-ei,j-q-x	1
悲酸	bēi suān	43422	uan-uang,ai-ei,s-sh	1
病案	bìng àn	43425	in-ing,an-ang	1
补报	bǔ bào	43426	ao-ou	1
彩练	cǎi liàn	43428	ian-iang,ai-ei,c-ch,n-l,r-l	1
踩点	cǎi diǎn	43429	ian-iang,ai-ei,c-ch	1
菜豆	cài dòu	43430	ai-ei,ao-ou,c-ch	1
参酌	cān zhuó	43431	an-ang,ua-uo,z-zh,c-ch	1
草泽	cǎo zé	43432	ao-ou,z-zh,c-ch	1
衬里	chèn lǐ	43436	en-eng,c-ch,n-l,r-l	1
吃相	chī xiàng	43437	ian-iang,c-ch,j-q-x	1
崇仰	chóng yǎng	43438	an-ang,c-ch	1
川资	chuān zī	43441	uan-uang,z-zh,c-ch	1
传抄	chuán chāo	43442	uan-uang,ao-ou,c-ch	1
船帆	chuán fān	43443	an-ang,uan-uang,c-ch,h-f	1
船期	chuán qī	43444	uan-uang,c-ch,j-q-x	1
戳子	chuō zi	43445	ua-uo,z-zh,c-ch	1
促狭	cù xiá	43446	ia-ie,c-ch,j-q-x	1
村野	cūn yě	43447	c-ch	1
存车	cún chē	43448	c-ch	1
搭伴	dā bàn	43450	an-ang	1
打援	dǎ yuán	43454	uan-uang	1
大殓	dà liàn	43455	ian-iang,n-l,r-l	3
大拿	dà ná	43457	n-l	1
丹方	dān fāng	43458	an-ang,h-f	1
倒算	dào suàn	43460	uan-uang,ao-ou,s-sh	1
等外	děng wài	43462	en-eng,ai-ei	1
涤卡	dí kǎ	43463		1
冬菜	dōng cài	43465	ai-ei,c-ch	1
钝化	dùn huà	43466	ua-uo,h-f	1
防暑	fáng shǔ	43469	an-ang,s-sh,h-f	1
放达	fàng dá	43470	an-ang,h-f	1
放送	fàng sòng	43471	an-ang,s-sh,h-f	1
麸皮	fū pí	43472	h-f	3
干亲	gān qīn	43473	in-ing,an-ang,j-q-x	1
赣剧	gàn jù	43474	an-ang,j-q-x	1
高人	gāo rén	43475	en-eng,ao-ou,r-l	1
割除	gē chú	43477	c-ch	1
拱顶	gǒng dǐng	43479	in-ing	1
沟子	gōu zǐ	43480	ao-ou,z-zh	1
管片	guǎn piàn	43483	ian-iang,uan-uang	1
灌肠	guàn cháng	43484	an-ang,uan-uang,c-ch	1
诡称	guǐ chēng	43485	en-eng,c-ch	1
国仇	guó chóu	43486	ao-ou,ua-uo,c-ch	1
过载	guò zài	43487	ai-ei,ua-uo,z-zh	1
海寇	hǎi kòu	43488	ai-ei,ao-ou,h-f	1
旱井	hàn jǐng	43489	in-ing,an-ang,h-f,j-q-x	1
浩浩	hào hào	43490	ao-ou,h-f	1
黑天	hēi tiān	43491	ian-iang,ai-ei,h-f	1
横标	héng biāo	43492	en-eng,h-f	1
后襟	hòu jīn	43493	in-ing,ao-ou,h-f,j-q-x	1
后梁	hòu liáng	43494	ian-iang,ao-ou,n-l,h-f,r-l	1
后唐	hòu táng	43495	an-ang,ao-ou,h-f	1
画屏	huà píng	43496	in-ing,ua-uo,h-f	1
缓征	huǎn zhēng	43497	en-eng,uan-uang,z-zh,h-f	1
幻术	huàn shù	43498	uan-uang,s-sh,h-f	1
挥戈	huī gē	43499	h-f	1
回门	huí mén	43500	en-eng,h-f	1
毁弃	huǐ qì	43501	h-f,j-q-x	1
积久	jī jiǔ	43502	j-q-x	1
急步	jí bù	43503	j-q-x	1
夹峙	jiā zhì	43504	ia-ie,z-zh,j-q-x	3
奸情	jiān qíng	43505	in-ing,ian-iang,j-q-x	1
僵冷	jiāng lěng	43507	en-eng,ian-iang,n-l,r-l,j-q-x	1
交媾	jiāo gòu	43508	ao-ou,j-q-x	3
结汇	jié huì	43510	ia-ie,h-f,j-q-x	1
金兰	jīn lán	43512	in-ing,an-ang,n-l,r-l,j-q-x	1
金瓯	jīn ōu	43513	in-ing,ao-ou,j-q-x	3
筋脉	jīn mài	43514	in-ing,ai-ei,j-q-x	1
谨记	jǐn jì	43515	in-ing,j-q-x	1
近照	jìn zhào	43516	in-ing,ao-ou,z-zh,j-q-x	1
精盐	jīng yán	43518	in-ing,an-ang,j-q-x	1
倦容	juàn róng	43520	uan-uang,r-l,j-q-x	1
橛子	jué zi	43521	z-zh,j-q-x	3
开初	kāi chū	43522	ai-ei,c-ch	1
科贸	kē mào	43523	ao-ou	1
口外	kǒu wài	43524	ai-ei,ao-ou	1
蜡丸	là wán	43527	an-ang,n-l,r-l	1
赖皮	lài pí	43528	ai-ei,n-l,r-l	1
滥调	làn diào	43529	an-ang,n-l,r-l	1
浪迹	làng jì	43530	an-ang,n-l,r-l,j-q-x	1
醪糟	láo zāo	43531	ao-ou,z-zh,n-l,r-l	3
老亲	lǎo qīn	43533	in-ing,ao-ou,n-l,r-l,j-q-x	1
冷柜	lěng guì	43534	en-eng,n-l,r-l	1
冷色	lěng sè	43535	en-eng,s-sh,n-l,r-l	1
怜恤	lián xù	43537	ian-iang,n-l,r-l,j-q-x	1
良辰	liáng chén	43538	en-eng,ian-iang,c-ch,n-l,r-l	1
溜号	liū hào	43540	ao-ou,n-l,h-f,r-l	1
柳梢	liǔ shāo	43541	ao-ou,s-sh,n-l,r-l	1
卵生	luǎn shēng	43543	en-eng,uan-uang,s-sh,n-l,r-l	1
弥缝	mí féng	43549	en-eng,h-f	1
面糊	miàn hù	43550	ian-iang,h-f	1
妙趣	miào qù	43551	j-q-x	1
妙药	miào yào	43552	ao-ou	1
摹本	mó běn	43553	en-eng	1
母畜	mǔ chù	43554	c-ch	1
牧工	mù gōng	43555		1
内侄	nèi zhí	43556	ai-ei,z-zh,n-l	1
泥坯	ní pī	43557	n-l	1
年尾	nián wěi	43558	ian-iang,ai-ei,n-l	1
扭结	niǔ jié	43560	ia-ie,n-l,j-q-x	1
脓疮	nóng chuāng	43561	uan-uang,c-ch,n-l	1
攀折	pān zhé	43562	an-ang,z-zh	1
配戏	pèi xì	43563	ai-ei,j-q-x	1
漂游	piāo yóu	43564	ao-ou	1
破五	pò wǔ	43565		1
扑棱	pū lēng	43567	en-eng,n-l,r-l	1
墙基	qiáng jī	43568	ian-iang,j-q-x	1
侨商	qiáo shāng	43569	an-ang,s-sh,j-q-x	1
钦慕	qīn mù	43570	in-ing,j-q-x	1
亲眷	qīn juàn	43571	in-ing,uan-uang,j-q-x	1
清寂	qīng jì	43572	in-ing,j-q-x	1
丘疹	qiū zhěn	43573	en-eng,z-zh,j-q-x	1
求战	qiú zhàn	43574	an-ang,z-zh,j-q-x	1
区徽	qū huī	43575	h-f,j-q-x	1
屈就	qū jiù	43576	j-q-x	1
燃点	rán diǎn	43577	an-ang,ian-iang,r-l	1
丧身	sàng shēn	43580	en-eng,an-ang,s-sh	1
杀伐	shā fá	43581	s-sh,h-f	1
砂糖	shā táng	43582	an-ang,s-sh	1
商誉	shāng yù	43584	an-ang,s-sh	1
烧化	shāo huà	43586	ao-ou,ua-uo,s-sh,h-f	1
烧荒	shāo huāng	43587	uan-uang,ao-ou,s-sh,h-f	1
猞猁	shē lì	43588	s-sh,n-l,r-l	2
时人	shí rén	43591	en-eng,s-sh,r-l	1
时态	shí tài	43592	ai-ei,s-sh	1
收监	shōu jiān	43594	ian-iang,ao-ou,s-sh,j-q-x	1
寿诞	shòu dàn	43595	an-ang,ao-ou,s-sh	1
书札	shū zhá	43596	z-zh,s-sh	3
思慕	sī mù	43598	s-sh	1
锁钥	suǒ yuè	43600	ua-uo,s-sh	1
摊档	tān dàng	43602	an-ang	1
探幽	tàn yōu	43603	an-ang,ao-ou	1
糖食	táng shí	43604	an-ang,s-sh	1
讨饶	tǎo ráo	43605	ao-ou,r-l	1
讨嫌	tǎo xián	43606	ian-iang,ao-ou,j-q-x	1
腾达	téng dá	43607	en-eng	1
通存	tōng cún	43608	c-ch	1
透辟	tòu pì	43609	ao-ou	1
图籍	tú jí	43610	j-q-x	1
途程	tú chéng	43611	en-eng,c-ch	1
托收	tuō shōu	43613	ao-ou,ua-uo,s-sh	1
瓦楞	wǎ léng	43614	en-eng,n-l,r-l	5
外寇	wài kòu	43615	ai-ei,ao-ou	1
网巾	wǎng jīn	43616	in-ing,an-ang,j-q-x	1
危言	wēi yán	43617	an-ang,ai-ei	1
围桌	wéi zhuō	43618	ai-ei,ua-uo,z-zh	1
伪饰	wěi shì	43619	ai-ei,s-sh	1
问卜	wèn bǔ	43620	en-eng	1
卧底	wò dǐ	43621		1
握力	wò lì	43622	n-l,r-l	1
怃然	wǔ rán	43624	an-ang,r-l	3
雾化	wù huà	43625	ua-uo,h-f	1
洗染	xǐ rǎn	43626	an-ang,r-l,j-q-x	1
先决	xiān jué	43627	ian-iang,j-q-x	1
现卖	xiàn mài	43628	ian-iang,ai-ei,j-q-x	1
箱式	xiāng shì	43629	ian-iang,s-sh,j-q-x	1
响器	xiǎng qì	43630	ian-iang,j-q-x	1
销价	xiāo jià	43633	ia-ie,j-q-x	1
小照	xiǎo zhào	43634	ao-ou,z-zh,j-q-x	1
邪道	xié dào	43635	ao-ou,ia-ie,j-q-x	1
谐谑	xié xuè	43636	ia-ie,j-q-x	3
泻药	xiè yào	43637	ao-ou,ia-ie,j-q-x	1
醒酒	xǐng jiǔ	43638	in-ing,j-q-x	1
凶焰	xiōng yàn	43639	an-ang,j-q-x	1
续航	xù háng	43641	an-ang,h-f,j-q-x	1
煊赫	xuān hè	43642	uan-uang,h-f,j-q-x	3
泫然	xuàn rán	43643	an-ang,uan-uang,r-l,j-q-x	3
学乖	xué guāi	43644	j-q-x	1
雅趣	yǎ qù	43646	j-q-x	1
雅言	yǎ yán	43647	an-ang	1
扬剧	yáng jù	43648	an-ang,j-q-x	1
夭亡	yāo wáng	43649	an-ang,ao-ou	1
药石	yào shí	43650	ao-ou,s-sh	1
阴部	yīn bù	43654	in-ing	1
璎珞	yīng luò	43655	in-ing,ua-uo,n-l,r-l	2
幽思	yōu sī	43656	ao-ou,s-sh	1
援手	yuán shǒu	43658	uan-uang,ao-ou,s-sh	1
熨烫	yùn tàng	43660	an-ang	3
再会	zài huì	43661	ai-ei,z-zh,h-f	1
灶屋	zào wū	43664	ao-ou,z-zh	1
兆赫	zhào hè	43668	ao-ou,z-zh,h-f	1
正数	zhèng shù	43669	en-eng,z-zh,s-sh	1
置放	zhì fàng	43671	an-ang,z-zh,h-f	1
终夜	zhōng yè	43673	z-zh	1
猪鬃	zhū zōng	43674	z-zh	3
主项	zhǔ xiàng	43675	ian-iang,z-zh,j-q-x	1
状纸	zhuàng zhǐ	43676	uan-uang,z-zh	1
走台	zǒu tái	43680	ai-ei,ao-ou,z-zh	1
族规	zú guī	43681	z-zh	1
安抵	ān dǐ	43685	an-ang	1
暗喻	àn yù	43687	an-ang	1
白铁	bái tiě	43690	ai-ei,ia-ie	1
绊脚	bàn jiǎo	43692	an-ang,j-q-x	1
雹子	báo zi	43693	ao-ou,z-zh	1
贝母	bèi mǔ	43695	ai-ei	1
鼻塞	bí sè	43697	s-sh	1
弊害	bì hài	43699	ai-ei,h-f	1
便盆	biàn pén	43700	en-eng,ian-iang	1
播讲	bō jiǎng	43702	ian-iang,j-q-x	1
参透	cān tòu	43703	an-ang,ao-ou,c-ch	1
残敌	cán dí	43704	an-ang,c-ch	1
查夜	chá yè	43707	c-ch	1
拆建	chāi jiàn	43708	ian-iang,ai-ei,c-ch,j-q-x	1
蝉蜕	chán tuì	43709	an-ang,c-ch	1
车帮	chē bāng	43710	an-ang,c-ch	1
车篷	chē péng	43711	en-eng,c-ch	1
诚朴	chéng pǔ	43712	en-eng,c-ch	1
仇隙	chóu xì	43713	ao-ou,c-ch,j-q-x	1
处身	chǔ shēn	43714	en-eng,c-ch,s-sh	1
垂怜	chuí lián	43716	ian-iang,c-ch,n-l,r-l	1
瓷实	cí shi	43717	c-ch,s-sh	1
忖量	cǔn liàng	43718	ian-iang,c-ch,n-l,r-l	3
寸草	cùn cǎo	43719	ao-ou,c-ch	1
嵯峨	cuó é	43720	ua-uo,c-ch	3
搭盖	dā gài	43721	ai-ei	1
打卦	dǎ guà	43722	ua-uo	1
大过	dà guò	43724	ua-uo	1
胆力	dǎn lì	43725	an-ang,n-l,r-l	1
刀笔	dāo bǐ	43726	ao-ou	1
导源	dǎo yuán	43727	uan-uang,ao-ou	1
电复	diàn fù	43728	ian-iang,h-f	1
刁蛮	diāo mán	43729	an-ang	1
吊扇	diào shàn	43730	an-ang,s-sh	1
定钱	dìng qián	43731	in-ing,ian-iang,j-q-x	1
定心	dìng xīn	43733	in-ing,j-q-x	1
毒汁	dú zhī	43734	z-zh	1
儿郎	ér láng	43736	an-ang,n-l,r-l	1
烦劳	fán láo	43738	an-ang,ao-ou,n-l,h-f,r-l	1
反诬	fǎn wū	43739	an-ang,h-f	1
反语	fǎn yǔ	43740	an-ang,h-f	1
返祖	fǎn zǔ	43741	an-ang,z-zh,h-f	1
纺机	fǎng jī	43742	an-ang,h-f,j-q-x	1
风色	fēng sè	43743	en-eng,s-sh,h-f	1
风涛	fēng tāo	43744	en-eng,ao-ou,h-f	1
赴敌	fù dí	43745	h-f	1
咖喱	gā lí	43746	n-l,r-l	3
改向	gǎi xiàng	43747	ian-iang,ai-ei,j-q-x	1
干爸	gān bà	43748	an-ang	1
袼褙	gē bei	43751	ai-ei	6
根绝	gēn jué	43753	en-eng,j-q-x	1
够本	gòu běn	43754	en-eng,ao-ou	1
挂机	guà jī	43755	ua-uo,j-q-x	1
归西	guī xī	43757	j-q-x	1
国医	guó yī	43758	ua-uo	1
海葬	hǎi zàng	43759	an-ang,ai-ei,z-zh,h-f	1
旱象	hàn xiàng	43761	an-ang,ian-iang,h-f,j-q-x	1
好言	hǎo yán	43762	an-ang,ao-ou,h-f	1
红人	hóng rén	43764	en-eng,h-f,r-l	1
后妻	hòu qī	43765	ao-ou,h-f,j-q-x	1
狐臭	hú chòu	43766	ao-ou,c-ch,h-f	1
欢慰	huān wèi	43771	uan-uang,ai-ei,h-f	1
还阳	huán yáng	43772	an-ang,uan-uang,h-f	1
幻听	huàn tīng	43773	in-ing,uan-uang,h-f	1
会剿	huì jiǎo	43775	h-f,j-q-x	1
会章	huì zhāng	43776	an-ang,z-zh,h-f	1
活脱	huó tuō	43777	ua-uo,h-f	1
火钳	huǒ qián	43778	ian-iang,ua-uo,h-f,j-q-x	1
货机	huò jī	43780	ua-uo,h-f,j-q-x	1
豁朗	huò lǎng	43781	an-ang,ua-uo,n-l,h-f,r-l	1
矫饰	jiǎo shì	43786	s-sh,j-q-x	1
近道	jìn dào	43789	in-ing,ao-ou,j-q-x	1
近因	jìn yīn	43790	in-ing,j-q-x	1
驹子	jū zi	43791	z-zh,j-q-x	1
聚歼	jù jiān	43792	ian-iang,j-q-x	1
卷须	juǎn xū	43793	uan-uang,j-q-x	1
决绝	jué jué	43794	j-q-x	1
靠泊	kào bó	43795	ao-ou	1
靠垫	kào diàn	43796	ian-iang,ao-ou	1
客满	kè mǎn	43797	an-ang	1
苦撑	kǔ chēng	43798	en-eng,c-ch	1
苦想	kǔ xiǎng	43799	ian-iang,j-q-x	1
快班	kuài bān	43800	an-ang	1
快当	kuài dang	43801	an-ang	1
魁首	kuí shǒu	43802	ao-ou,s-sh	1
老套	lǎo tào	43803	ao-ou,n-l,r-l	1
两便	liǎng biàn	43805	ian-iang,n-l,r-l	1
缭乱	liáo luàn	43806	uan-uang,n-l,r-l	1
料定	liào dìng	43807	in-ing,n-l,r-l	1
临盆	lín pén	43808	en-eng,in-ing,n-l,r-l	1
留传	liú chuán	43810	uan-uang,c-ch,n-l,r-l	1
麦麸	mài fū	43815	ai-ei,h-f	3
毛尖	máo jiān	43818	ian-iang,ao-ou,j-q-x	1
眉睫	méi jié	43819	ai-ei,ia-ie,j-q-x	1
眉批	méi pī	43820	ai-ei	1
迷眼	mí yǎn	43822	an-ang	1
密信	mì xìn	43823	in-ing,j-q-x	1
苗床	miáo chuáng	43824	uan-uang,c-ch	1
暮秋	mù qiū	43827	j-q-x	1
内热	nèi rè	43828	ai-ei,n-l,r-l	1
内争	nèi zhēng	43830	en-eng,ai-ei,z-zh,n-l	1
泥污	ní wū	43831	n-l	1
逆贼	nì zéi	43832	ai-ei,z-zh,n-l	1
捏合	niē hé	43833	ia-ie,n-l,h-f	1
牛倌	niú guān	43835	uan-uang,n-l	3
女厕	nǚ cè	43836	c-ch,n-l	1
票号	piào hào	43838	ao-ou,h-f	1
普度	pǔ dù	43839		1
掐算	qiā suàn	43840	uan-uang,ia-ie,s-sh,j-q-x	1
虔心	qián xīn	43841	in-ing,ian-iang,j-q-x	3
钱柜	qián guì	43842	ian-iang,j-q-x	1
钦羡	qīn xiàn	43845	in-ing,ian-iang,j-q-x	1
亲代	qīn dài	43846	in-ing,ai-ei,j-q-x	1
亲睹	qīn dǔ	43847	in-ing,j-q-x	1
晴和	qíng hé	43848	in-ing,h-f,j-q-x	1
秋毫	qiū háo	43849	ao-ou,h-f,j-q-x	1
球网	qiú wǎng	43850	an-ang,j-q-x	1
驱驰	qū chí	43851	c-ch,j-q-x	1
热狗	rè gǒu	43852	ao-ou,r-l	1
认养	rèn yǎng	43854	en-eng,an-ang,r-l	1
色胆	sè dǎn	43856	an-ang,s-sh	1
纱罩	shā zhào	43858	ao-ou,z-zh,s-sh	1
山果	shān guǒ	43859	an-ang,ua-uo,s-sh	1
商港	shāng gǎng	43860	an-ang,s-sh	1
神笔	shén bǐ	43861	en-eng,s-sh	1
时疫	shí yì	43862	s-sh	1
食具	shí jù	43863	s-sh,j-q-x	1
市斤	shì jīn	43864	in-ing,s-sh,j-q-x	1
誓约	shì yuē	43865	s-sh	1
收押	shōu yā	43866	ao-ou,s-sh	1
手洗	shǒu xǐ	43868	ao-ou,s-sh,j-q-x	1
手重	shǒu zhòng	43869	ao-ou,z-zh,s-sh	1
寿木	shòu mù	43871	ao-ou,s-sh	1
受治	shòu zhì	43872	ao-ou,z-zh,s-sh	1
兽药	shòu yào	43873	ao-ou,s-sh	1
水瓢	shuǐ piáo	43876	s-sh	1
私话	sī huà	43879	ua-uo,s-sh,h-f	1
颂赞	sòng zàn	43881	an-ang,z-zh,s-sh	1
贪小	tān xiǎo	43882	an-ang,j-q-x	1
淌泪	tǎng lèi	43883	an-ang,ai-ei,n-l,r-l	1
恬然	tián rán	43886	an-ang,ian-iang,r-l	1
铁锚	tiě máo	43887	ao-ou,ia-ie	1
听审	tīng shěn	43888	en-eng,in-ing,s-sh	1
停播	tíng bō	43889	in-ing	1
通透	tōng tòu	43890	ao-ou	1
同喜	tóng xǐ	43891	j-q-x	1
枉杀	wǎng shā	43894	an-ang,s-sh	1
伟绩	wěi jì	43895	ai-ei,j-q-x	1
卧轨	wò guǐ	43897		1
五服	wǔ fú	43899	h-f	1
瞎掰	xiā bāi	43900	ai-ei,ia-ie,j-q-x	1
咸肉	xián ròu	43901	ian-iang,ao-ou,r-l,j-q-x	1
显形	xiǎn xíng	43902	in-ing,ian-iang,j-q-x	1
险关	xiǎn guān	43903	ian-iang,uan-uang,j-q-x	1
现买	xiàn mǎi	43905	ian-iang,ai-ei,j-q-x	1
销假	xiāo jià	43907	ia-ie,j-q-x	1
行腔	xíng qiāng	43910	in-ing,ian-iang,j-q-x	1
须根	xū gēn	43912	en-eng,j-q-x	1
玄孙	xuán sūn	43913	uan-uang,s-sh,j-q-x	1
血癌	xuè ái	43914	ai-ei,j-q-x	1
认脚	rèn jiǎo	43915	en-eng,r-l,j-q-x	1
烟农	yān nóng	43916	an-ang,n-l	1
坐失	zuò shī	43917	ua-uo,z-zh,s-sh	1
严处	yán chǔ	43918	an-ang,c-ch	1
严紧	yán jǐn	43919	in-ing,an-ang,j-q-x	1
演武	yǎn wǔ	43920	an-ang	1
砚池	yàn chí	43921	an-ang,c-ch	1
验关	yàn guān	43922	an-ang,uan-uang	1
佯攻	yáng gōng	43923	an-ang	3
折头	zhé tou	43924	ao-ou,z-zh	1
养息	yǎng xī	43925	an-ang,j-q-x	1
妖婆	yāo pó	43926	ao-ou	1
药具	yào jù	43927	ao-ou,j-q-x	1
药膳	yào shàn	43928	an-ang,ao-ou,s-sh	3
药针	yào zhēn	43929	en-eng,ao-ou,z-zh	1
野食	yě shí	43930	s-sh	1
遗患	yí huàn	43933	uan-uang,h-f	1
遗闻	yí wén	43934	en-eng	1
音波	yīn bō	43935	in-ing	1
雨势	yǔ shì	43937	s-sh	1
运道	yùn dao	43938	ao-ou	1
杂烩	zá huì	43939	z-zh,h-f	3
杂症	zá zhèng	43941	en-eng,z-zh	1
赃官	zāng guān	43943	an-ang,uan-uang,z-zh	1
增修	zēng xiū	43944	en-eng,z-zh,j-q-x	1
扎手	zhā shǒu	43945	ao-ou,z-zh,s-sh	1
摘引	zhāi yǐn	43946	in-ing,ai-ei,z-zh	1
征剿	zhēng jiǎo	43948	en-eng,z-zh,j-q-x	1
正宫	zhèng gōng	43949	en-eng,z-zh	1
正牌	zhèng pái	43950	en-eng,ai-ei,z-zh	1
稚子	zhì zǐ	43952	z-zh	1
重价	zhòng jià	43954	ia-ie,z-zh,j-q-x	1
抓瞎	zhuā xiā	43956	ia-ie,ua-uo,z-zh,j-q-x	1
坠马	zhuì mǎ	43957	z-zh	1
子目	zǐ mù	43958	z-zh	1
棕黄	zōng huáng	43959	uan-uang,z-zh,h-f	1
租价	zū jià	43960	ia-ie,z-zh,j-q-x	1
坐化	zuò huà	43962	ua-uo,z-zh,h-f	1
庵堂	ān táng	43963	an-ang	1
巴豆	bā dòu	43964	ao-ou	1
奔泻	bēn xiè	43967	en-eng,ia-ie,j-q-x	1
闭路	bì lù	43969	n-l,r-l	1
编绘	biān huì	43970	ian-iang,h-f	1
表链	biǎo liàn	43971	ian-iang,n-l,r-l	1
冰谷	bīng gǔ	43972	in-ing	1
兵火	bīng huǒ	43973	in-ing,ua-uo,h-f	1
兵戎	bīng róng	43974	in-ing,r-l	1
补编	bǔ biān	43976	ian-iang	1
补遗	bǔ yí	43977		1
不检	bù jiǎn	43979	ian-iang,j-q-x	1
才分	cái fèn	43980	en-eng,ai-ei,c-ch,h-f	1
财势	cái shì	43981	ai-ei,c-ch,s-sh	1
踩水	cǎi shuǐ	43982	ai-ei,c-ch,s-sh	1
菜圃	cài pǔ	43983	ai-ei,c-ch	1
菜心	cài xīn	43985	in-ing,ai-ei,c-ch,j-q-x	1
残次	cán cì	43986	an-ang,c-ch	1
残匪	cán fěi	43987	an-ang,ai-ei,c-ch,h-f	1
惨杀	cǎn shā	43988	an-ang,c-ch,s-sh	1
叉烧	chā shāo	43989	ao-ou,c-ch,s-sh	1
茶食	chá shi	43990	c-ch,s-sh	1
缠磨	chán mo	43991	an-ang,c-ch	1
衬裤	chèn kù	43993	en-eng,c-ch	1
匙子	chí zi	43994	z-zh,c-ch	1
齿冷	chǐ lěng	43995	en-eng,c-ch,n-l,r-l	1
酬答	chóu dá	43996	ao-ou,c-ch	1
筹借	chóu jiè	43997	ao-ou,ia-ie,c-ch,j-q-x	1
出典	chū diǎn	43998	ian-iang,c-ch	1
传艺	chuán yì	43999	uan-uang,c-ch	1
纯良	chún liáng	44000	ian-iang,c-ch,n-l,r-l	1
弹壳	dàn ké	44004	an-ang	1
道姑	dào gū	44006	ao-ou	1
稻秧	dào yāng	44007	an-ang,ao-ou	1
涤棉	dí mián	44008	ian-iang	1
抵销	dǐ xiāo	44009	j-q-x	1
地核	dì hé	44010	h-f	1
点收	diǎn shōu	44013	ian-iang,ao-ou,s-sh	1
雕版	diāo bǎn	44015	an-ang	1
吊祭	diào jì	44016	j-q-x	1
冻馁	dòng něi	44018	ai-ei,n-l	1
抖搂	dǒu lou	44019	ao-ou,n-l,r-l	1
毒牙	dú yá	44020		1
短打	duǎn dǎ	44021	uan-uang	1
堆叠	duī dié	44022	ia-ie	1
堆集	duī jí	44023	j-q-x	1
对换	duì huàn	44024	uan-uang,h-f	1
蹲坑	dūn kēng	44026	en-eng	1
躲懒	duǒ lǎn	44028	an-ang,ua-uo,n-l,r-l	1
耳福	ěr fú	44030	h-f	1
发苦	fā kǔ	44031	h-f	1
犯困	fàn kùn	44035	an-ang,h-f	1
肥嫩	féi nèn	44036	en-eng,ai-ei,n-l,h-f	1
坟山	fén shān	44038	en-eng,an-ang,s-sh,h-f	1
俯允	fǔ yǔn	44041	h-f	1
复航	fù háng	44042	an-ang,h-f	1
复会	fù huì	44043	h-f	1
腹肌	fù jī	44044	h-f,j-q-x	1
概说	gài shuō	44045	ai-ei,ua-uo,s-sh	1
钢鞭	gāng biān	44046	an-ang,ian-iang	1
搞鬼	gǎo guǐ	44047	ao-ou	1
告倒	gào dǎo	44048	ao-ou	1
葛藤	gé téng	44050	en-eng	1
姑丈	gū zhàng	44051	an-ang,z-zh	1
鼓气	gǔ qì	44052	j-q-x	1
寡情	guǎ qíng	44053	in-ing,ua-uo,j-q-x	1
挂牵	guà qiān	44054	ian-iang,ua-uo,j-q-x	1
乖张	guāi zhāng	44055	an-ang,z-zh	1
闺阁	guī gé	44057		1
滚珠	gǔn zhū	44058	z-zh	1
海货	hǎi huò	44059	ai-ei,ua-uo,h-f	1
含怒	hán nù	44060	an-ang,n-l,h-f	1
蒿子	hāo zi	44061	ao-ou,z-zh,h-f	3
合脚	hé jiǎo	44062	h-f,j-q-x	1
横直	héng zhí	44063	en-eng,z-zh,h-f	1
红棉	hóng mián	44065	ian-iang,h-f	1
花菜	huā cài	44067	ai-ei,ua-uo,c-ch,h-f	1
花绸	huā chóu	44068	ao-ou,ua-uo,c-ch,h-f	1
踝骨	huái gǔ	44071	h-f	3
黄教	huáng jiào	44072	uan-uang,h-f,j-q-x	1
鳇鱼	huáng yú	44073	uan-uang,h-f	3
彗核	huì hé	44075	h-f	3
经意	jīng yì	44078	in-ing,j-q-x	1
劲风	jìng fēng	44080	en-eng,in-ing,h-f,j-q-x	1
举步	jǔ bù	44082	j-q-x	1
聚光	jù guāng	44083	uan-uang,j-q-x	1
遽然	jù rán	44084	an-ang,r-l,j-q-x	3
军犬	jūn quǎn	44085	uan-uang,j-q-x	1
开涮	kāi shuàn	44086	uan-uang,ai-ei,s-sh	1
渴念	kě niàn	44087	ian-iang,n-l	1
坑木	kēng mù	44088	en-eng	1
快照	kuài zhào	44091	ao-ou,z-zh	1
魁伟	kuí wěi	44092	ai-ei	1
懒虫	lǎn chóng	44094	an-ang,c-ch,n-l,r-l	1
浪谷	làng gǔ	44095	an-ang,n-l,r-l	1
累年	lěi nián	44097	ian-iang,ai-ei,n-l,r-l	1
泪液	lèi yè	44098	ai-ei,n-l,r-l	1
料及	liào jí	44099	n-l,r-l,j-q-x	1
零卖	líng mài	44100	in-ing,ai-ei,n-l,r-l	1
令郎	lìng láng	44101	in-ing,an-ang,n-l,r-l	1
留职	liú zhí	44103	z-zh,n-l,r-l	1
垄沟	lǒng gōu	44104	ao-ou,n-l,r-l	1
卖好	mài hǎo	44106	ai-ei,ao-ou,h-f	1
名产	míng chǎn	44108	in-ing,an-ang,c-ch	1
冥府	míng fǔ	44111	in-ing,h-f	1
年资	nián zī	44114	ian-iang,z-zh,n-l	1
念诵	niàn sòng	44115	ian-iang,s-sh,n-l	1
排忧	pái yōu	44119	ai-ei,ao-ou	1
陪床	péi chuáng	44120	uan-uang,ai-ei,c-ch	1
佩饰	pèi shì	44121	ai-ei,s-sh	1
破网	pò wǎng	44122	an-ang	1
奇案	qí àn	44123	an-ang,j-q-x	1
气口	qì kǒu	44124	ao-ou,j-q-x	1
抢亲	qiǎng qīn	44125	in-ing,ian-iang,j-q-x	1
琴弓	qín gōng	44126	in-ing,j-q-x	1
囚服	qiú fú	44127	h-f,j-q-x	1
权杖	quán zhàng	44128	an-ang,uan-uang,z-zh,j-q-x	1
入赘	rù zhuì	44129	z-zh,r-l	1
软话	ruǎn huà	44131	uan-uang,ua-uo,h-f,r-l	1
赛点	sài diǎn	44132	ian-iang,ai-ei,s-sh	1
色度	sè dù	44133	s-sh	1
色拉	sè lā	44134	s-sh,n-l,r-l	1
砂纸	shā zhǐ	44135	z-zh,s-sh	1
山嘴	shān zuǐ	44137	an-ang,z-zh,s-sh	1
上冻	shàng dòng	44138	an-ang,s-sh	1
设障	shè zhàng	44140	an-ang,z-zh,s-sh	1
收车	shōu chē	44143	ao-ou,c-ch,s-sh	1
熟化	shú huà	44144	ua-uo,s-sh,h-f	1
甩脱	shuǎi tuō	44145	ua-uo,s-sh	1
栓子	shuān zi	44146	uan-uang,z-zh,s-sh	1
四旁	sì páng	44149	an-ang,s-sh	1
素常	sù cháng	44150	an-ang,c-ch,s-sh	1
索价	suǒ jià	44151	ia-ie,ua-uo,s-sh,j-q-x	1
讨价	tǎo jià	44152	ao-ou,ia-ie,j-q-x	1
套服	tào fú	44153	ao-ou,h-f	1
套购	tào gòu	44154	ao-ou	1
提调	tí diào	44155		1
填房	tián fáng	44157	an-ang,ian-iang,h-f	1
跳闸	tiào zhá	44158	z-zh	1
铜币	tóng bì	44160		1
统属	tǒng shǔ	44161	s-sh	1
涂饰	tú shì	44162	s-sh	1
土造	tǔ zào	44164	ao-ou,z-zh	1
官微	guān wēi	44166	uan-uang,ai-ei	1
文戏	wén xì	44167	en-eng,j-q-x	1
下操	xià cāo	44169	ao-ou,ia-ie,c-ch,j-q-x	1
线袜	xiàn wà	44171	ian-iang,j-q-x	1
相乘	xiāng chéng	44172	en-eng,ian-iang,c-ch,j-q-x	1
相瞒	xiāng mán	44173	an-ang,ian-iang,j-q-x	1
像话	xiàng huà	44175	ian-iang,ua-uo,h-f,j-q-x	1
淆乱	xiáo luàn	44176	uan-uang,n-l,r-l,j-q-x	1
小产	xiǎo chǎn	44177	an-ang,c-ch,j-q-x	1
心黑	xīn hēi	44178	in-ing,ai-ei,h-f,j-q-x	1
绣制	xiù zhì	44180	z-zh,j-q-x	1
血块	xuè kuài	44182	j-q-x	1
寻见	xún jiàn	44184	ian-iang,j-q-x	1
寻声	xún shēng	44185	en-eng,s-sh,j-q-x	1
寻踪	xún zōng	44186	z-zh,j-q-x	1
驯兽	xùn shòu	44187	ao-ou,s-sh,j-q-x	1
压腿	yā tuǐ	44188		1
烟霞	yān xiá	44189	an-ang,ia-ie,j-q-x	1
鼹鼠	yǎn shǔ	44190	an-ang,s-sh	3
艳装	yàn zhuāng	44191	an-ang,uan-uang,z-zh	1
夷灭	yí miè	44194	ia-ie	1
佚名	yì míng	44196	in-ing	3
译注	yì zhù	44197	z-zh	1
银矿	yín kuàng	44199	in-ing,uan-uang	1
引语	yǐn yǔ	44200	in-ing	1
影后	yǐng hòu	44202	in-ing,ao-ou,h-f	1
硬伤	yìng shāng	44203	in-ing,an-ang,s-sh	1
泳道	yǒng dào	44204	ao-ou	1
优容	yōu róng	44205	ao-ou,r-l	1
幽门	yōu mén	44206	en-eng,ao-ou	1
幽僻	yōu pì	44207	ao-ou	1
油香	yóu xiang	44208	ian-iang,ao-ou,j-q-x	1
鱼卵	yú luǎn	44209	uan-uang,n-l,r-l	1
语速	yǔ sù	44210	s-sh	1
原值	yuán zhí	44211	uan-uang,z-zh	1
愿心	yuàn xīn	44213	in-ing,uan-uang,j-q-x	1
杂品	zá pǐn	44214	in-ing,z-zh	1
脏污	zāng wū	44215	an-ang,z-zh	1
战刀	zhàn dāo	44216	an-ang,ao-ou,z-zh	1
知照	zhī zhào	44217	ao-ou,z-zh	1
重孝	zhòng xiào	44221	z-zh,j-q-x	1
朱批	zhū pī	44222	z-zh	1
属意	zhǔ yì	44223	z-zh	1
助研	zhù yán	44224	an-ang,z-zh	1
转调	zhuǎn diào	44225	uan-uang,z-zh	1
锥体	zhuī tǐ	44226	z-zh	1
桌案	zhuō àn	44227	an-ang,ua-uo,z-zh	1
字库	zì kù	44228	z-zh	1
走步	zǒu bù	44229	ao-ou,z-zh	1
做亲	zuò qīn	44231	in-ing,ua-uo,z-zh,j-q-x	1
哀恸	āi tòng	44232	ai-ei	3
傲岸	ào àn	44233	an-ang,ao-ou	1
拔擢	bá zhuó	44234	ua-uo,z-zh	3
白鲢	bái lián	44235	ian-iang,ai-ei,n-l,r-l	3
绑缚	bǎng fù	44237	an-ang,h-f	1
暴突	bào tū	44238	ao-ou	1
杯盏	bēi zhǎn	44239	an-ang,ai-ei,z-zh	1
碑亭	bēi tíng	44240	in-ing,ai-ei	1
鄙陋	bǐ lòu	44241	ao-ou,n-l,r-l	1
闭卷	bì juàn	44242	uan-uang,j-q-x	1
壁柜	bì guì	44243		1
壁毯	bì tǎn	44244	an-ang	1
别集	bié jí	44245	ia-ie,j-q-x	1
补记	bǔ jì	44246	j-q-x	1
补休	bǔ xiū	44247	j-q-x	1
簿记	bù jì	44248	j-q-x	1
菜品	cài pǐn	44249	in-ing,ai-ei,c-ch	1
草约	cǎo yuē	44250	ao-ou,c-ch	1
潮剧	cháo jù	44252	ao-ou,c-ch,j-q-x	1
尘雾	chén wù	44255	en-eng,c-ch	1
尘缘	chén yuán	44256	en-eng,uan-uang,c-ch	1
冲要	chōng yào	44258	ao-ou,c-ch	1
出镜	chū jìng	44259	in-ing,c-ch,j-q-x	1
春药	chūn yào	44262	ao-ou,c-ch	1
辞赋	cí fù	44264	c-ch,h-f	1
葱头	cōng tóu	44265	ao-ou,c-ch	1
从俗	cóng sú	44266	c-ch,s-sh	1
大媒	dà méi	44267	ai-ei	1
大油	dà yóu	44269	ao-ou	1
带话	dài huà	44270	ai-ei,ua-uo,h-f	1
怠惰	dài duò	44271	ai-ei,ua-uo	1
戴孝	dài xiào	44272	ai-ei,j-q-x	1
单幅	dān fú	44273	an-ang,h-f	1
当午	dāng wǔ	44275	an-ang	1
倒班	dǎo bān	44278	an-ang,ao-ou	1
得劲	dé jìn	44279	in-ing,j-q-x	1
电函	diàn hán	44281	an-ang,ian-iang,h-f	1
垫支	diàn zhī	44283	ian-iang,z-zh	1
肚兜	dù dōu	44285	ao-ou	1
镀锌	dù xīn	44286	in-ing,j-q-x	1
断航	duàn háng	44287	an-ang,uan-uang,h-f	1
对家	duì jiā	44289	ia-ie,j-q-x	1
耳背	ěr bèi	44290	ai-ei	1
翻搅	fān jiǎo	44292	an-ang,h-f,j-q-x	1
翻毛	fān máo	44293	an-ang,ao-ou,h-f	1
凡响	fán xiǎng	44294	an-ang,ian-iang,h-f,j-q-x	1
返利	fǎn lì	44295	an-ang,n-l,h-f,r-l	1
仿生	fǎng shēng	44296	en-eng,an-ang,s-sh,h-f	1
访查	fǎng chá	44297	an-ang,c-ch,h-f	1
飞掠	fēi lüè	44298	ai-ei,n-l,h-f,r-l	1
奉祀	fèng sì	44300	en-eng,s-sh,h-f	1
改年	gǎi nián	44301	ian-iang,ai-ei,n-l	1
胳肢	gé zhi	44302	z-zh	1
更动	gēng dòng	44303	en-eng	1
古藤	gǔ téng	44306	en-eng	1
牯牛	gǔ niú	44307	n-l	3
怪才	guài cái	44308	ai-ei,c-ch	1
官迷	guān mí	44310	uan-uang	1
光面	guāng miàn	44312	ian-iang,uan-uang	1
贵干	guì gàn	44313	an-ang	1
哈喇	hā la	44315	n-l,h-f,r-l	1
好脸	hǎo liǎn	44316	ian-iang,ao-ou,n-l,h-f,r-l	1
胡吹	hú chuī	44318	c-ch,h-f	1
花卷	huā juǎn	44319	uan-uang,ua-uo,h-f,j-q-x	1
花眼	huā yǎn	44320	an-ang,ua-uo,h-f	1
花烛	huā zhú	44321	ua-uo,z-zh,h-f	1
华年	huá nián	44322	ian-iang,ua-uo,n-l,h-f	1
画轴	huà zhóu	44323	ao-ou,ua-uo,z-zh,h-f	1
桦木	huà mù	44324	ua-uo,h-f	1
怀乡	huái xiāng	44325	ian-iang,h-f,j-q-x	1
换工	huàn gōng	44326	uan-uang,h-f	1
换马	huàn mǎ	44327	uan-uang,h-f	1
荒乱	huāng luàn	44328	uan-uang,n-l,h-f,r-l	1
皇储	huáng chǔ	44329	uan-uang,c-ch,h-f	1
黄毒	huáng dú	44330	uan-uang,h-f	1
慧心	huì xīn	44331	in-ing,h-f,j-q-x	1
羁留	jī liú	44332	n-l,r-l,j-q-x	3
寄食	jì shí	44334	s-sh,j-q-x	1
寄售	jì shòu	44335	ao-ou,s-sh,j-q-x	1
夹生	jiā shēng	44336	en-eng,ia-ie,s-sh,j-q-x	1
兼爱	jiān ài	44337	ian-iang,ai-ei,j-q-x	1
简慢	jiǎn màn	44338	an-ang,ian-iang,j-q-x	1
酱园	jiàng yuán	44340	ian-iang,uan-uang,j-q-x	1
绞索	jiǎo suǒ	44341	ua-uo,s-sh,j-q-x	1
刊头	kān tóu	44345	an-ang,ao-ou	1
烤鸡	kǎo jī	44347	ao-ou,j-q-x	1
肯于	kěn yú	44348	en-eng	1
空勤	kōng qín	44349	in-ing,j-q-x	1
口形	kǒu xíng	44351	in-ing,ao-ou,j-q-x	1
口译	kǒu yì	44352	ao-ou	1
奎宁	kuí níng	44354	in-ing,n-l	3
篮筐	lán kuāng	44356	an-ang,uan-uang,n-l,r-l	1
空仓	kōng cāng	44357	an-ang,c-ch	1
了局	liǎo jú	44359	n-l,r-l,j-q-x	1
溜滑	liū huá	44362	ua-uo,n-l,h-f,r-l	1
鎏金	liú jīn	44363	in-ing,n-l,r-l,j-q-x	3
鸬鹚	lú cí	44364	c-ch,n-l,r-l	2
苗期	miáo qī	44367	j-q-x	1
秒表	miǎo biǎo	44368		1
篾片	miè piàn	44369	ian-iang,ia-ie	3
明鉴	míng jiàn	44371	in-ing,ian-iang,j-q-x	1
牧畜	mù xù	44374	j-q-x	1
拿办	ná bàn	44376	an-ang,n-l	1
南音	nán yīn	44377	in-ing,an-ang,n-l	1
逆党	nì dǎng	44379	an-ang,n-l	1
娘亲	niáng qīn	44380	in-ing,ian-iang,n-l,j-q-x	1
女气	nǚ qì	44381	n-l,j-q-x	1
赖婚	lài hūn	44382	ai-ei,n-l,h-f,r-l	1
啪嗒	pā dā	44383		3
判词	pàn cí	44384	an-ang,c-ch	1
陪绑	péi bǎng	44385	an-ang,ai-ei	1
配属	pèi shǔ	44386	ai-ei,s-sh	1
硼酸	péng suān	44387	en-eng,uan-uang,s-sh	3
皮糖	pí táng	44389	an-ang	1
皮相	pí xiàng	44390	ian-iang,j-q-x	1
飘悠	piāo you	44392	ao-ou	1
哭灵	kū líng	44394	in-ing,n-l,r-l	1
铺叙	pū xù	44395	j-q-x	1
奇志	qí zhì	44397	z-zh,j-q-x	1
棋风	qí fēng	44398	en-eng,h-f,j-q-x	1
起夜	qǐ yè	44399	j-q-x	1
枪机	qiāng jī	44400	ian-iang,j-q-x	1
请援	qǐng yuán	44402	in-ing,uan-uang,j-q-x	1
曲尺	qū chǐ	44403	c-ch,j-q-x	1
绕路	rào lù	44405	ao-ou,n-l,r-l	1
认生	rèn shēng	44407	en-eng,s-sh,r-l	1
乳酪	rǔ lào	44409	ao-ou,n-l,r-l	1
软蛋	ruǎn dàn	44410	an-ang,uan-uang,r-l	1
闰年	rùn nián	44412	ian-iang,n-l,r-l	1
潸潸	shān shān	44415	an-ang,s-sh	2
商酌	shāng zhuó	44416	an-ang,ua-uo,z-zh,s-sh	1
生漆	shēng qī	44419	en-eng,s-sh,j-q-x	1
声辩	shēng biàn	44421	en-eng,ian-iang,s-sh	1
失检	shī jiǎn	44422	ian-iang,s-sh,j-q-x	1
誓愿	shì yuàn	44425	uan-uang,s-sh	1
授命	shòu mìng	44426	in-ing,ao-ou,s-sh	1
兽行	shòu xíng	44427	in-ing,ao-ou,s-sh,j-q-x	1
束装	shù zhuāng	44428	uan-uang,z-zh,s-sh	1
四则	sì zé	44430	z-zh,s-sh	1
送灶	sòng zào	44432	ao-ou,z-zh,s-sh	1
素淡	sù dàn	44434	an-ang,s-sh	1
随迁	suí qiān	44435	ian-iang,s-sh,j-q-x	1
探雷	tàn léi	44437	an-ang,ai-ei,n-l,r-l	1
淌汗	tǎng hàn	44438	an-ang,h-f	1
鹈鹕	tí hú	44440	h-f	2
体认	tǐ rèn	44441	en-eng,r-l	1
天葬	tiān zàng	44442	an-ang,ian-iang,z-zh	1
田舍	tián shè	44443	ian-iang,s-sh	1
听诊	tīng zhěn	44444	en-eng,in-ing,z-zh	1
同门	tóng mén	44445	en-eng	1
推子	tuī zi	44449	z-zh	1
托子	tuō zi	44450	ua-uo,z-zh	1
拖布	tuō bù	44451	ua-uo	1
顽敌	wán dí	44452	an-ang	1
晚班	wǎn bān	44453	an-ang	1
晚场	wǎn chǎng	44454	an-ang,c-ch	1
妄谈	wàng tán	44455	an-ang	1
威迫	wēi pò	44456	ai-ei	1
洗濯	xǐ zhuó	44460	ua-uo,z-zh,j-q-x	3
小聚	xiǎo jù	44462	j-q-x	1
小考	xiǎo kǎo	44463	ao-ou,j-q-x	1
小令	xiǎo lìng	44464	in-ing,n-l,r-l,j-q-x	1
孝廉	xiào lián	44465	ian-iang,n-l,r-l,j-q-x	1
欣幸	xīn xìng	44466	in-ing,j-q-x	1
信从	xìn cóng	44467	in-ing,c-ch,j-q-x	1
虚掷	xū zhì	44469	z-zh,j-q-x	1
掩鼻	yǎn bí	44470	an-ang	1
宴客	yàn kè	44471	an-ang	1
要津	yào jīn	44472	in-ing,ao-ou,j-q-x	1
一者	yī zhě	44474	z-zh	1
移防	yí fáng	44476	an-ang,h-f	1
应诺	yìng nuò	44478	in-ing,ua-uo,n-l	1
柚木	yóu mù	44480	ao-ou	3
园陵	yuán líng	44482	in-ing,uan-uang,n-l,r-l	1
园圃	yuán pǔ	44483	uan-uang	1
约数	yuē shù	44484	s-sh	1
谵语	zhān yǔ	44488	an-ang,z-zh	3
着数	zhāo shù	44489	ao-ou,z-zh,s-sh	1
照临	zhào lín	44490	in-ing,ao-ou,z-zh,n-l,r-l	1
鸩毒	zhèn dú	44491	en-eng,z-zh	3
政制	zhèng zhì	44493	en-eng,z-zh	1
指画	zhǐ huà	44495	ua-uo,z-zh,h-f	1
指证	zhǐ zhèng	44496	en-eng,z-zh	1
衷曲	zhōng qū	44497	z-zh,j-q-x	1
周延	zhōu yán	44498	an-ang,ao-ou,z-zh	1
主唱	zhǔ chàng	44499	an-ang,z-zh,c-ch	1
准数	zhǔn shù	44500	z-zh,s-sh	1
宗谱	zōng pǔ	44501	z-zh	1
总校	zǒng xiào	44502	z-zh,j-q-x	1
坐具	zuò jù	44505	ua-uo,z-zh,j-q-x	1
哀戚	āi qī	44506	ai-ei,j-q-x	1
爱称	ài chēng	44507	en-eng,ai-ei,c-ch	1
把盏	bǎ zhǎn	44509	an-ang,z-zh	1
拜服	bài fú	44512	ai-ei,h-f	1
稗草	bài cǎo	44513	ai-ei,ao-ou,c-ch	3
包场	bāo chǎng	44515	an-ang,ao-ou,c-ch	1
悲啼	bēi tí	44517	ai-ei	1
备品	bèi pǐn	44519	in-ing,ai-ei	1
庇佑	bì yòu	44520	ao-ou	1
波谱	bō pǔ	44521		1
播扬	bō yáng	44522	an-ang	1
糙米	cāo mǐ	44524	ao-ou,c-ch	1
柴垛	chái duò	44525	ai-ei,ua-uo,c-ch	1
谄笑	chǎn xiào	44526	an-ang,c-ch,j-q-x	3
唱盘	chàng pán	44527	an-ang,c-ch	1
抄报	chāo bào	44528	ao-ou,c-ch	1
炒汇	chǎo huì	44529	ao-ou,c-ch,h-f	1
沉冤	chén yuān	44530	en-eng,uan-uang,c-ch	1
持球	chí qiú	44531	c-ch,j-q-x	1
冲程	chōng chéng	44532	en-eng,c-ch	1
冲抵	chōng dǐ	44533	c-ch	1
冲销	chōng xiāo	44534	c-ch,j-q-x	1
冲澡	chōng zǎo	44535	ao-ou,z-zh,c-ch	1
重檐	chóng yán	44536	an-ang,c-ch	1
触痛	chù tòng	44538	c-ch	1
穿孝	chuān xiào	44539	uan-uang,c-ch,j-q-x	1
垂吊	chuí diào	44540	c-ch	1
词源	cí yuán	44541	uan-uang,c-ch	1
丛山	cóng shān	44542	an-ang,c-ch,s-sh	1
粗粝	cū lì	44543	c-ch,n-l,r-l	3
崔嵬	cuī wéi	44544	ai-ei,c-ch	3
大本	dà běn	44547	en-eng	1
代培	dài péi	44550	ai-ei	1
蛋清	dàn qīng	44551	in-ing,an-ang,j-q-x	1
导购	dǎo gòu	44552	ao-ou	1
灯管	dēng guǎn	44553	en-eng,uan-uang	1
点炮	diǎn pào	44554	ian-iang,ao-ou	1
点穴	diǎn xué	44555	ian-iang,j-q-x	1
电钻	diàn zuàn	44557	ian-iang,uan-uang,z-zh	1
调职	diào zhí	44560	z-zh	1
丁零	dīng líng	44561	in-ing,n-l,r-l	1
垛口	duǒ kǒu	44566	ao-ou,ua-uo	1
腭裂	è liè	44567	ia-ie,n-l,r-l	3
发水	fā shuǐ	44569	s-sh,h-f	1
发胶	fà jiāo	44570	h-f,j-q-x	1
发妻	fà qī	44571	h-f,j-q-x	1
翻沉	fān chén	44572	en-eng,an-ang,c-ch,h-f	1
飞弹	fēi dàn	44576	an-ang,ai-ei,h-f	1
飞舟	fēi zhōu	44577	ai-ei,ao-ou,z-zh,h-f	1
拂尘	fú chén	44580	en-eng,c-ch,h-f	1
服膺	fú yīng	44581	in-ing,h-f	3
俘敌	fú dí	44582	h-f	1
杠头	gàng tóu	44583	an-ang,ao-ou	1
高栏	gāo lán	44584	an-ang,ao-ou,n-l,r-l	1
膏血	gāo xuè	44586	ao-ou,j-q-x	1
膏腴	gāo yú	44587	ao-ou	3
歌诀	gē jué	44588	j-q-x	1
隔房	gé fáng	44589	an-ang,h-f	1
工巧	gōng qiǎo	44590	j-q-x	1
共居	gòng jū	44592	j-q-x	1
刮刀	guā dāo	44594	ao-ou,ua-uo	1
寡淡	guǎ dàn	44595	an-ang,ua-uo	1
灌酒	guàn jiǔ	44596	uan-uang,j-q-x	1
柜房	guì fáng	44600	an-ang,h-f	1
滚翻	gǔn fān	44601	an-ang,h-f	1
杭育	háng yō	44604	an-ang,h-f	1
横心	héng xīn	44607	en-eng,in-ing,h-f,j-q-x	1
哄闹	hōng nào	44610	ao-ou,n-l,h-f	1
后儿	hòu er	44611	ao-ou,h-f	1
后周	hòu zhōu	44612	ao-ou,z-zh,h-f	1
画具	huà jù	44613	ua-uo,h-f,j-q-x	1
宦海	huàn hǎi	44614	uan-uang,ai-ei,h-f	1
荒疏	huāng shū	44616	uan-uang,s-sh,h-f	1
回绕	huí rào	44618	ao-ou,h-f,r-l	1
汇展	huì zhǎn	44619	an-ang,z-zh,h-f	1
火辣	huǒ là	44620	ua-uo,n-l,h-f,r-l	1
火网	huǒ wǎng	44621	an-ang,ua-uo,h-f	1
鸡瘟	jī wēn	44622	en-eng,j-q-x	1
记认	jì rèn	44623	en-eng,r-l,j-q-x	1
歼击	jiān jī	44625	ian-iang,j-q-x	1
鉴戒	jiàn jiè	44628	ian-iang,ia-ie,j-q-x	1
胶着	jiāo zhuó	44629	ua-uo,z-zh,j-q-x	1
缴款	jiǎo kuǎn	44630	uan-uang,j-q-x	1
界说	jiè shuō	44632	ia-ie,ua-uo,s-sh,j-q-x	1
浸蚀	jìn shí	44634	in-ing,s-sh,j-q-x	1
经卷	jīng juàn	44635	in-ing,uan-uang,j-q-x	1
惊觉	jīng jué	44636	in-ing,j-q-x	1
竟至	jìng zhì	44637	in-ing,z-zh,j-q-x	1
境域	jìng yù	44638	in-ing,j-q-x	1
酒具	jiǔ jù	44639	j-q-x	1
居处	jū chǔ	44640	c-ch,j-q-x	1
橘红	jú hóng	44641	h-f,j-q-x	1
剧评	jù píng	44642	in-ing,j-q-x	1
均沾	jūn zhān	44644	an-ang,z-zh,j-q-x	1
块垒	kuài lěi	44646	ai-ei,n-l,r-l	1
快手	kuài shǒu	44647	ao-ou,s-sh	1
宽畅	kuān chàng	44648	an-ang,uan-uang,c-ch	1
宽待	kuān dài	44649	uan-uang,ai-ei	1
矿场	kuàng chǎng	44650	an-ang,uan-uang,c-ch	1
泪腺	lèi xiàn	44655	ian-iang,ai-ei,n-l,r-l,j-q-x	1
羚牛	líng niú	44659	in-ing,n-l,r-l	1
芦荡	lú dàng	44660	an-ang,n-l,r-l	1
落第	luò dì	44664	ua-uo,n-l,r-l	1
卖劲	mài jìn	44665	in-ing,ai-ei,j-q-x	1
漫说	màn shuō	44666	an-ang,ua-uo,s-sh	1
冒泡	mào pào	44667	ao-ou	1
米黄	mǐ huáng	44668	uan-uang,h-f	1
密级	mì jí	44669	j-q-x	1
明瓦	míng wǎ	44671	in-ing	1
螟蛉	míng líng	44672	in-ing,n-l,r-l	2
男乒	nán pīng	44673	in-ing,an-ang,n-l	1
内急	nèi jí	44675	ai-ei,n-l,j-q-x	1
内景	nèi jǐng	44676	in-ing,ai-ei,n-l,j-q-x	1
泥胎	ní tāi	44678	ai-ei,n-l	1
拟古	nǐ gǔ	44680	n-l	1
尿酸	niào suān	44681	uan-uang,s-sh,n-l	1
凝目	níng mù	44682	in-ing,n-l	1
判罪	pàn zuì	44686	an-ang,z-zh	1
跑鞋	pǎo xié	44687	ao-ou,ia-ie,j-q-x	1
喷管	pēn guǎn	44688	en-eng,uan-uang	1
聘金	pìn jīn	44689	in-ing,j-q-x	1
凭单	píng dān	44690	in-ing,an-ang	1
萍踪	píng zōng	44691	in-ing,z-zh	1
铺筑	pū zhù	44692	z-zh	1
气窗	qì chuāng	44693	uan-uang,c-ch,j-q-x	1
墙垣	qiáng yuán	44694	ian-iang,uan-uang,j-q-x	3
祛风	qū fēng	44699	en-eng,h-f,j-q-x	3
全份	quán fèn	44700	en-eng,uan-uang,h-f,j-q-x	1
润笔	rùn bǐ	44704	r-l	1
腮腺	sāi xiàn	44705	ian-iang,ai-ei,s-sh,j-q-x	1
善忘	shàn wàng	44706	an-ang,s-sh	1
韶华	sháo huá	44708	ao-ou,ua-uo,s-sh,h-f	3
神算	shén suàn	44710	en-eng,uan-uang,s-sh	1
审度	shěn duó	44711	en-eng,ua-uo,s-sh	1
试听	shì tīng	44713	in-ing,s-sh	1
手紧	shǒu jǐn	44714	in-ing,ao-ou,s-sh,j-q-x	1
受洗	shòu xǐ	44716	ao-ou,s-sh,j-q-x	1
数九	shǔ jiǔ	44717	s-sh,j-q-x	1
塑封	sù fēng	44719	en-eng,s-sh,h-f	1
烫头	tàng tóu	44720	an-ang,ao-ou	1
特护	tè hù	44721	h-f	1
特准	tè zhǔn	44722	z-zh	1
誊清	téng qīng	44723	en-eng,in-ing,j-q-x	1
提灌	tí guàn	44724	uan-uang	1
替考	tì kǎo	44725	ao-ou	1
嚏喷	tì pen	44726	en-eng	3
田坎	tián kǎn	44727	an-ang,ian-iang	1
痛风	tòng fēng	44730	en-eng,h-f	1
透底	tòu dǐ	44731	ao-ou	1
退赃	tuì zāng	44732	an-ang,z-zh	1
瓦当	wǎ dāng	44733	an-ang	1
网管	wǎng guǎn	44734	an-ang,uan-uang	1
魏碑	wèi bēi	44735	ai-ei	1
文竹	wén zhú	44738	en-eng,z-zh	1
下首	xià shǒu	44740	ao-ou,ia-ie,s-sh,j-q-x	1
下弦	xià xián	44741	ian-iang,ia-ie,j-q-x	1
闲愁	xián chóu	44742	ian-iang,ao-ou,c-ch,j-q-x	1
显圣	xiǎn shèng	44743	en-eng,ian-iang,s-sh,j-q-x	1
现房	xiàn fáng	44744	an-ang,ian-iang,h-f,j-q-x	1
消食	xiāo shí	44745	s-sh,j-q-x	1
销纳	xiāo nà	44746	n-l,j-q-x	1
销行	xiāo xíng	44747	in-ing,j-q-x	1
小写	xiǎo xiě	44749	ia-ie,j-q-x	1
孝悌	xiào tì	44750	j-q-x	3
协奏	xié zòu	44751	ao-ou,ia-ie,z-zh,j-q-x	1
谢忱	xiè chén	44752	en-eng,ia-ie,c-ch,j-q-x	1
绪论	xù lùn	44753	n-l,r-l,j-q-x	1
训词	xùn cí	44755	c-ch,j-q-x	1
徇情	xùn qíng	44756	in-ing,j-q-x	3
盐工	yán gōng	44757	an-ang	1
盐矿	yán kuàng	44758	an-ang,uan-uang	1
邀赏	yāo shǎng	44760	an-ang,ao-ou,s-sh	1
要账	yào zhàng	44761	an-ang,ao-ou,z-zh	1
夜场	yè chǎng	44762	an-ang,c-ch	1
依顺	yī shùn	44765	s-sh	1
异趣	yì qù	44767	j-q-x	1
银狐	yín hú	44768	in-ing,h-f	1
颖悟	yǐng wù	44769	in-ing	1
悠游	yōu yóu	44771	ao-ou	1
迂缓	yū huǎn	44774	uan-uang,h-f	1
玉佩	yù pèi	44776	ai-ei	1
裕如	yù rú	44777	r-l	1
冤孽	yuān niè	44778	uan-uang,ia-ie,n-l	1
远途	yuǎn tú	44779	uan-uang	1
月令	yuè lìng	44780	in-ing,n-l,r-l	1
栽秧	zāi yāng	44781	an-ang,ai-ei,z-zh	1
宰人	zǎi rén	44782	en-eng,ai-ei,z-zh,r-l	1
在聘	zài pìn	44783	in-ing,ai-ei,z-zh	1
折皱	zhé zhòu	44784	ao-ou,z-zh	1
正字	zhèng zì	44787	en-eng,z-zh	1
证婚	zhèng hūn	44788	en-eng,z-zh,h-f	1
脂膏	zhī gāo	44789	ao-ou,z-zh	1
志哀	zhì āi	44790	ai-ei,z-zh	1
周波	zhōu bō	44792	ao-ou,z-zh	1
竹席	zhú xí	44793	z-zh,j-q-x	1
壮阳	zhuàng yáng	44796	an-ang,uan-uang,z-zh	1
自馁	zì něi	44799	ai-ei,z-zh,n-l	1
钻杆	zuàn gǎn	44801	an-ang,uan-uang,z-zh	1
嘴直	zuǐ zhí	44802	z-zh	1
坐商	zuò shāng	44803	an-ang,ua-uo,z-zh,s-sh	1
暗房	àn fáng	44805	an-ang,h-f	1
暗泣	àn qì	44806	an-ang,j-q-x	1
拜客	bài kè	44808	ai-ei	1
板条	bǎn tiáo	44810	an-ang	1
包换	bāo huàn	44811	uan-uang,ao-ou,h-f	1
倍率	bèi lǜ	44815	ai-ei,n-l,r-l	1
比及	bǐ jí	44817	j-q-x	1
贬官	biǎn guān	44818	ian-iang,uan-uang	1
表盘	biǎo pán	44820	an-ang	1
闪离	shǎn lí	44823	an-ang,s-sh,n-l,r-l	1
采择	cǎi zé	44824	ai-ei,z-zh,c-ch	1
蚕子	cán zǐ	44825	an-ang,z-zh,c-ch	1
柴鸡	chái jī	44827	ai-ei,c-ch,j-q-x	1
馋猫	chán māo	44828	an-ang,ao-ou,c-ch	1
厂纪	chǎng jì	44829	an-ang,c-ch,j-q-x	1
伛偻	yǔ lǚ	44830	n-l,r-l	2
裸退	luǒ tuì	44833	ua-uo,n-l,r-l	1
成寐	chéng mèi	44834	en-eng,ai-ei,c-ch	3
把晤	bǎ wù	44835		3
吃荤	chī hūn	44836	c-ch,h-f	1
驰誉	chí yù	44837	c-ch	1
愁人	chóu rén	44839	en-eng,ao-ou,c-ch,r-l	1
筹商	chóu shāng	44840	an-ang,ao-ou,c-ch,s-sh	1
出赛	chū sài	44842	ai-ei,c-ch,s-sh	1
传译	chuán yì	44843	uan-uang,c-ch	1
床子	chuáng zi	44844	uan-uang,z-zh,c-ch	1
捶击	chuí jī	44845	c-ch,j-q-x	1
次等	cì děng	44846	en-eng,c-ch	1
刺字	cì zì	44847	z-zh,c-ch	1
粗哑	cū yǎ	44848	c-ch	1
矬子	cuó zi	44849	ua-uo,z-zh,c-ch	3
打拱	dǎ gǒng	44850		1
大端	dà duān	44852	uan-uang	1
待建	dài jiàn	44853	ian-iang,ai-ei,j-q-x	1
单弱	dān ruò	44854	an-ang,ua-uo,r-l	1
弹痕	dàn hén	44856	en-eng,an-ang,h-f	1
垫肩	diàn jiān	44860	ian-iang,j-q-x	1
拒聘	jù pìn	44863	in-ing,j-q-x	1
顶针	dǐng zhēn	44864	en-eng,in-ing,z-zh	1
冬烘	dōng hōng	44865	h-f	1
笃实	dǔ shí	44866	s-sh	3
发糕	fā gāo	44869	ao-ou,h-f	1
发困	fā kùn	44870	h-f	1
发薪	fā xīn	44871	in-ing,h-f,j-q-x	1
反方	fǎn fāng	44872	an-ang,h-f	1
反骨	fǎn gǔ	44873	an-ang,h-f	1
伏旱	fú hàn	44876	an-ang,h-f	1
复壮	fù zhuàng	44877	uan-uang,z-zh,h-f	1
干呕	gān ǒu	44878	an-ang,ao-ou	1
钢印	gāng yìn	44880	in-ing,an-ang	1
耿介	gěng jiè	44883	en-eng,ia-ie,j-q-x	1
瘌痢	là lì	44884	n-l,r-l	3
勾销	gōu xiāo	44886	ao-ou,j-q-x	1
孤悬	gū xuán	44888	uan-uang,j-q-x	1
姑表	gū biǎo	44889		1
挂花	guà huā	44890	ua-uo,h-f	1
拐带	guǎi dài	44891	ai-ei	1
闺门	guī mén	44892	en-eng	1
果核	guǒ hé	44893	ua-uo,h-f	1
果枝	guǒ zhī	44894	ua-uo,z-zh	1
嗨哟	hāi yō	44895	ai-ei,h-f	3
悍妇	hàn fù	44897	an-ang,h-f	1
横排	héng pái	44898	en-eng,ai-ei,h-f	1
訇然	hōng rán	44899	an-ang,h-f,r-l	3
后坐	hòu zuò	44900	ao-ou,ua-uo,z-zh,h-f	1
滑润	huá rùn	44904	ua-uo,h-f,r-l	1
灰浆	huī jiāng	44905	ian-iang,h-f,j-q-x	1
回撤	huí chè	44907	c-ch,h-f	1
回单	huí dān	44908	an-ang,h-f	1
回请	huí qǐng	44909	in-ing,h-f,j-q-x	1
会通	huì tōng	44910	h-f	1
火绳	huǒ shéng	44911	en-eng,ua-uo,s-sh,h-f	1
货箱	huò xiāng	44912	ian-iang,ua-uo,h-f,j-q-x	1
奇数	jī shù	44913	s-sh,j-q-x	1
稽征	jī zhēng	44914	en-eng,z-zh,j-q-x	1
技穷	jì qióng	44915	j-q-x	1
奸计	jiān jì	44918	ian-iang,j-q-x	1
减省	jiǎn shěng	44920	en-eng,ian-iang,s-sh,j-q-x	1
椒盐	jiāo yán	44922	an-ang,j-q-x	1
金器	jīn qì	44923	in-ing,j-q-x	1
净胜	jìng shèng	44925	en-eng,in-ing,s-sh,j-q-x	1
酒醉	jiǔ zuì	44927	z-zh,j-q-x	1
雎鸠	jū jiū	44928	j-q-x	2
卷轴	juàn zhóu	44929	uan-uang,ao-ou,z-zh,j-q-x	1
戡乱	kān luàn	44930	an-ang,uan-uang,n-l,r-l	3
考订	kǎo dìng	44932	in-ing,ao-ou	1
坑口	kēng kǒu	44933	en-eng,ao-ou	1
空炮	kōng pào	44934	ao-ou	1
拉杂	lā zá	44936	z-zh,n-l,r-l	1
离席	lí xí	44940	n-l,r-l,j-q-x	1
礼佛	lǐ fó	44941	n-l,h-f,r-l	1
了了	liǎo liǎo	44942	n-l,r-l	1
灵台	líng tái	44943	in-ing,ai-ei,n-l,r-l	1
芦柴	lú chái	44947	ai-ei,c-ch,n-l,r-l	1
伦常	lún cháng	44948	an-ang,c-ch,n-l,r-l	1
马圈	mǎ quān	44951	uan-uang,j-q-x	1
满期	mǎn qī	44953	an-ang,j-q-x	1
幔帐	màn zhàng	44954	an-ang,z-zh	3
棉桃	mián táo	44958	ian-iang,ao-ou	1
冥币	míng bì	44959	in-ing	1
摸高	mō gāo	44960	ao-ou	1
魔杖	mó zhàng	44961	an-ang,z-zh	1
木模	mù mú	44962		1
偶合	ǒu hé	44965	ao-ou,h-f	1
庖厨	páo chú	44968	ao-ou,c-ch	3
捧腹	pěng fù	44970	en-eng,h-f	1
扑粉	pū fěn	44973	en-eng,h-f	1
扑满	pū mǎn	44974	an-ang	1
欺生	qī shēng	44976	en-eng,s-sh,j-q-x	1
耆宿	qí sù	44977	s-sh,j-q-x	3
棋路	qí lù	44978	n-l,r-l,j-q-x	1
千赫	qiān hè	44979	ian-iang,h-f,j-q-x	1
迁离	qiān lí	44980	ian-iang,n-l,r-l,j-q-x	1
轻侮	qīng wǔ	44981	in-ing,j-q-x	1
清样	qīng yàng	44982	in-ing,an-ang,j-q-x	1
清逸	qīng yì	44983	in-ing,j-q-x	1
求签	qiú qiān	44985	ian-iang,j-q-x	1
趋时	qū shí	44986	s-sh,j-q-x	1
权宜	quán yí	44987	uan-uang,j-q-x	1
入伏	rù fú	44989	h-f,r-l	1
软席	ruǎn xí	44990	uan-uang,r-l,j-q-x	1
赛球	sài qiú	44992	ai-ei,s-sh,j-q-x	1
散亡	sàn wáng	44995	an-ang,s-sh	1
色笔	sè bǐ	44996	s-sh	1
疝气	shàn qì	44997	an-ang,s-sh,j-q-x	3
奢谈	shē tán	44999	an-ang,s-sh	1
石锁	shí suǒ	45000	ua-uo,s-sh	1
时文	shí wén	45001	en-eng,s-sh	1
手黑	shǒu hēi	45004	ai-ei,ao-ou,s-sh,h-f	1
疏懒	shū lǎn	45005	an-ang,s-sh,n-l,r-l	1
逃婚	táo hūn	45006	ao-ou,h-f	1
陶土	táo tǔ	45007	ao-ou	1
藤子	téng zi	45008	en-eng,z-zh	1
题型	tí xíng	45009	in-ing,j-q-x	1
天壤	tiān rǎng	45011	an-ang,ian-iang,r-l	1
彤红	tóng hóng	45014	h-f	1
统编	tǒng biān	45015	ian-iang	1
偷空	tōu kòng	45016	ao-ou	1
头纱	tóu shā	45017	ao-ou,s-sh	1
推普	tuī pǔ	45018		1
托庇	tuō bì	45019	ua-uo	1
坨子	tuó zi	45020	ua-uo,z-zh	3
驼色	tuó sè	45021	ua-uo,s-sh	1
圩堤	wéi dī	45024	ai-ei	3
温酒	wēn jiǔ	45025	en-eng,j-q-x	1
文蛤	wén gé	45026	en-eng	1
稳拿	wěn ná	45027	en-eng,n-l	1
习尚	xí shàng	45030	an-ang,s-sh,j-q-x	1
险固	xiǎn gù	45032	ian-iang,j-q-x	1
详略	xiáng lüè	45035	ian-iang,n-l,r-l,j-q-x	1
小修	xiǎo xiū	45036	j-q-x	1
鞋样	xié yàng	45037	an-ang,ia-ie,j-q-x	1
休书	xiū shū	45040	s-sh,j-q-x	1
徐缓	xú huǎn	45041	uan-uang,h-f,j-q-x	1
续会	xù huì	45042	h-f,j-q-x	1
续聘	xù pìn	45043	in-ing,j-q-x	1
选辑	xuǎn jí	45044	uan-uang,j-q-x	1
血尿	xuè niào	45046	n-l,j-q-x	1
寻味	xún wèi	45047	ai-ei,j-q-x	1
酽茶	yàn chá	45048	an-ang,c-ch	3
燕雀	yàn què	45049	an-ang,j-q-x	1
杨木	yáng mù	45050	an-ang	1
养汉	yǎng hàn	45051	an-ang,h-f	1
哟嗬	yō hē	45053	h-f	3
遥祝	yáo zhù	45054	ao-ou,z-zh	1
药补	yào bǔ	45055	ao-ou	1
夜曲	yè qǔ	45056	j-q-x	1
怡人	yí rén	45057	en-eng,r-l	1
译码	yì mǎ	45058		1
音程	yīn chéng	45059	en-eng,in-ing,c-ch	1
音画	yīn huà	45060	in-ing,ua-uo,h-f	1
印泥	yìn ní	45061	in-ing,n-l	1
应诊	yìng zhěn	45063	en-eng,in-ing,z-zh	1
用典	yòng diǎn	45065	ian-iang	1
幼师	yòu shī	45066	ao-ou,s-sh	1
余毒	yú dú	45067		1
杂用	zá yòng	45069	z-zh	1
仗势	zhàng shì	45071	an-ang,z-zh,s-sh	1
招风	zhāo fēng	45072	en-eng,ao-ou,z-zh,h-f	1
招灾	zhāo zāi	45073	ai-ei,ao-ou,z-zh	1
照护	zhào hù	45074	ao-ou,z-zh,h-f	1
罩袍	zhào páo	45075	ao-ou,z-zh	1
遮断	zhē duàn	45076	uan-uang,z-zh	1
蒸锅	zhēng guō	45078	en-eng,ua-uo,z-zh	1
织品	zhī pǐn	45080	in-ing,z-zh	1
滞胀	zhì zhàng	45082	an-ang,z-zh	1
种痘	zhòng dòu	45084	ao-ou,z-zh	1
主粮	zhǔ liáng	45085	ian-iang,z-zh,n-l,r-l	1
赘言	zhuì yán	45086	an-ang,z-zh	1
擢用	zhuó yòng	45087	ua-uo,z-zh	3
龇牙	zī yá	45088	z-zh	3
紫貂	zǐ diāo	45089	z-zh	3
棕红	zōng hóng	45092	z-zh,h-f	1
祖庙	zǔ miào	45093	z-zh	1
佐餐	zuǒ cān	45095	an-ang,ua-uo,z-zh,c-ch	1
吧唧	bā jī	45098	j-q-x	1
拔步	bá bù	45099		1
白板	bái bǎn	45100	an-ang,ai-ei	1
膀臂	bǎng bì	45101	an-ang	1
报单	bào dān	45102	an-ang,ao-ou	1
被覆	bèi fù	45104	ai-ei,h-f	1
摈斥	bìn chì	45105	in-ing,c-ch	3
冰袋	bīng dài	45106	in-ing,ai-ei	1
兵谏	bīng jiàn	45107	in-ing,ian-iang,j-q-x	3
兵制	bīng zhì	45108	in-ing,z-zh	1
播散	bō sàn	45109	an-ang,s-sh	1
薄礼	bó lǐ	45110	n-l,r-l	1
卜辞	bǔ cí	45111	c-ch	1
苍绿	cāng lǜ	45113	an-ang,c-ch,n-l,r-l	1
产床	chǎn chuáng	45115	an-ang,uan-uang,c-ch	1
长缨	cháng yīng	45116	in-ing,an-ang,c-ch	3
唱名	chàng míng	45117	in-ing,an-ang,c-ch	1
车筐	chē kuāng	45118	uan-uang,c-ch	1
尘烟	chén yān	45119	en-eng,an-ang,c-ch	1
承传	chéng chuán	45120	en-eng,uan-uang,c-ch	1
初交	chū jiāo	45122	c-ch,j-q-x	1
初绽	chū zhàn	45123	an-ang,z-zh,c-ch	1
词根	cí gēn	45125	en-eng,c-ch	1
丛集	cóng jí	45126	c-ch,j-q-x	1
蹿升	cuān shēng	45127	en-eng,uan-uang,c-ch,s-sh	3
打鬼	dǎ guǐ	45129		1
打旗	dǎ qí	45130	j-q-x	1
大刑	dà xíng	45132	in-ing,j-q-x	1
单恋	dān liàn	45135	an-ang,ian-iang,n-l,r-l	1
流调	liú diào	45138	n-l,r-l	1
嫡派	dí pài	45139	ai-ei	3
吊带	diào dài	45141	ai-ei	1
蹀躞	dié xiè	45143	ia-ie,j-q-x	2
肚带	dù dài	45144	ai-ei	1
短寿	duǎn shòu	45145	uan-uang,ao-ou,s-sh	1
断魂	duàn hún	45146	uan-uang,h-f	1
对半	duì bàn	45148	an-ang	1
扼死	è sǐ	45149	s-sh	1
耳轮	ěr lún	45150	n-l,r-l	1
发飘	fā piāo	45151	h-f	1
发套	fà tào	45152	ao-ou,h-f	1
敷用	fū yòng	45155	h-f	1
扶犁	fú lí	45156	n-l,h-f,r-l	1
付现	fù xiàn	45157	ian-iang,h-f,j-q-x	1
改业	gǎi yè	45159	ai-ei	1
高崖	gāo yá	45160	ao-ou	1
高腰	gāo yāo	45161	ao-ou	1
公产	gōng chǎn	45163	an-ang,c-ch	1
巩膜	gǒng mó	45164		1
鼓板	gǔ bǎn	45165	an-ang	1
瓜片	guā piàn	45167	ian-iang,ua-uo	1
光腚	guāng dìng	45168	in-ing,uan-uang	3
龟头	guī tóu	45169	ao-ou	1
憨实	hān shi	45171	an-ang,s-sh,h-f	1
航拍	háng pāi	45172	an-ang,ai-ei,h-f	1
豪雨	háo yǔ	45173	ao-ou,h-f	1
豪猪	háo zhū	45174	ao-ou,z-zh,h-f	1
合心	hé xīn	45175	in-ing,h-f,j-q-x	1
和易	hé yì	45177	h-f	1
黑枣	hēi zǎo	45178	ai-ei,ao-ou,z-zh,h-f	1
桁架	héng jià	45179	en-eng,ia-ie,h-f,j-q-x	3
横越	héng yuè	45180	en-eng,h-f	1
慌神	huāng shén	45183	en-eng,uan-uang,s-sh,h-f	1
黄道	huáng dào	45184	uan-uang,ao-ou,h-f	1
会操	huì cāo	45185	ao-ou,c-ch,h-f	1
婚庆	hūn qìng	45186	in-ing,h-f,j-q-x	1
祸胎	huò tāi	45189	ai-ei,ua-uo,h-f	1
祸心	huò xīn	45190	in-ing,ua-uo,h-f,j-q-x	1
饥饱	jī bǎo	45191	ao-ou,j-q-x	1
激灵	jī ling	45192	in-ing,n-l,r-l,j-q-x	1
即食	jí shí	45193	s-sh,j-q-x	1
寄赠	jì zèng	45194	en-eng,z-zh,j-q-x	1
江米	jiāng mǐ	45197	ian-iang,j-q-x	1
娇儿	jiāo ér	45199	j-q-x	1
绞盘	jiǎo pán	45200	an-ang,j-q-x	1
剿除	jiǎo chú	45201	c-ch,j-q-x	1
界桩	jiè zhuāng	45204	uan-uang,ia-ie,z-zh,j-q-x	1
警铃	jǐng líng	45206	in-ing,n-l,r-l,j-q-x	1
竞答	jìng dá	45207	in-ing,j-q-x	1
旧年	jiù nián	45209	ian-iang,n-l,j-q-x	1
居间	jū jiān	45210	ian-iang,j-q-x	1
咔嗒	kā dā	45211		2
溘然	kè rán	45212	an-ang,r-l	3
苦雨	kǔ yǔ	45213		1
匡扶	kuāng fú	45214	uan-uang,h-f	3
滥觞	làn shāng	45217	an-ang,s-sh,n-l,r-l	3
老相	lǎo xiang	45218	ian-iang,ao-ou,n-l,r-l,j-q-x	1
冷峭	lěng qiào	45219	en-eng,n-l,r-l,j-q-x	1
列阵	liè zhèn	45222	en-eng,ia-ie,z-zh,n-l,r-l	1
令牌	lìng pái	45223	in-ing,ai-ei,n-l,r-l	1
令堂	lìng táng	45224	in-ing,an-ang,n-l,r-l	1
罗致	luó zhì	45227	ua-uo,z-zh,n-l,r-l	1
麦茬	mài chá	45228	ai-ei,c-ch	1
蟒袍	mǎng páo	45229	an-ang,ao-ou	3
谜面	mí miàn	45231	ian-iang	1
明言	míng yán	45234	in-ing,an-ang	1
磨床	mó chuáng	45235	uan-uang,c-ch	1
魔怪	mó guài	45237		1
拿人	ná rén	45238	en-eng,n-l,r-l	1
纳福	nà fú	45239	n-l,h-f	1
耐穿	nài chuān	45240	uan-uang,ai-ei,c-ch,n-l	1
赧颜	nǎn yán	45241	an-ang,n-l	3
内耳	nèi ěr	45242	ai-ei,n-l	1
能效	néng xiào	45243	en-eng,n-l,j-q-x	1
藕色	ǒu sè	45247	ao-ou,s-sh	1
叛匪	pàn fěi	45248	an-ang,ai-ei,h-f	1
赔情	péi qíng	45249	in-ing,ai-ei,j-q-x	1
奇诡	qí guǐ	45251	j-q-x	1
骑墙	qí qiáng	45252	ian-iang,j-q-x	1
弃绝	qì jué	45254	j-q-x	1
洽商	qià shāng	45255	an-ang,ia-ie,s-sh,j-q-x	1
强酸	qiáng suān	45258	ian-iang,uan-uang,s-sh,j-q-x	1
切题	qiè tí	45259	ia-ie,j-q-x	1
情海	qíng hǎi	45260	in-ing,ai-ei,h-f,j-q-x	1
屈节	qū jié	45262	ia-ie,j-q-x	1
全食	quán shí	45263	uan-uang,s-sh,j-q-x	1
任从	rèn cóng	45265	en-eng,c-ch,r-l	1
日班	rì bān	45266	an-ang,r-l	1
儒商	rú shāng	45268	an-ang,s-sh,r-l	1
溽暑	rù shǔ	45270	s-sh,r-l	3
闰月	rùn yuè	45273	r-l	1
纱帐	shā zhàng	45276	an-ang,z-zh,s-sh	1
上相	shàng xiàng	45278	an-ang,ian-iang,s-sh,j-q-x	1
失着	shī zhāo	45282	ao-ou,z-zh,s-sh	1
事略	shì lüè	45286	s-sh,n-l,r-l	1
收转	shōu zhuǎn	45287	uan-uang,ao-ou,z-zh,s-sh	1
树挂	shù guà	45292	ua-uo,s-sh	1
庶出	shù chū	45293	c-ch,s-sh	1
水痘	shuǐ dòu	45297	ao-ou,s-sh	1
睡相	shuì xiàng	45300	ian-iang,s-sh,j-q-x	1
顺产	shùn chǎn	45301	an-ang,c-ch,s-sh	1
暗疮	àn chuāng	45303	an-ang,uan-uang,c-ch	1
韬晦	tāo huì	45305	ao-ou,h-f	3
逃票	táo piào	45306	ao-ou	1
讨巧	tǎo qiǎo	45307	ao-ou,j-q-x	1
藤牌	téng pái	45308	en-eng,ai-ei	1
提盒	tí hé	45309	h-f	1
题意	tí yì	45310		1
田垄	tián lǒng	45311	ian-iang,n-l,r-l	1
填鸭	tián yā	45312	ian-iang	1
贴画	tiē huà	45313	ia-ie,ua-uo,h-f	1
铁杉	tiě shān	45314	an-ang,ia-ie,s-sh	1
铁砧	tiě zhēn	45315	en-eng,ia-ie,z-zh	3
停摆	tíng bǎi	45316	in-ing,ai-ei	1
头钱	tóu qián	45317	ian-iang,ao-ou,j-q-x	1
土鳖	tǔ biē	45318	ia-ie	1
拖斗	tuō dǒu	45320	ao-ou,ua-uo	1
碗橱	wǎn chú	45322	an-ang,c-ch	1
苇荡	wěi dàng	45325	an-ang,ai-ei	1
未时	wèi shí	45326	ai-ei,s-sh	1
畏寒	wèi hán	45327	an-ang,ai-ei,h-f	1
畏途	wèi tú	45328	ai-ei	1
翁姑	wēng gū	45329	en-eng	1
乌梅	wū méi	45330	ai-ei	1
西法	xī fǎ	45332	h-f,j-q-x	1
戏路	xì lù	45334	n-l,r-l,j-q-x	1
细布	xì bù	45335	j-q-x	1
细点	xì diǎn	45336	ian-iang,j-q-x	1
仙方	xiān fāng	45337	an-ang,ian-iang,h-f,j-q-x	1
纤瘦	xiān shòu	45339	ian-iang,ao-ou,s-sh,j-q-x	1
相斥	xiāng chì	45340	ian-iang,c-ch,j-q-x	1
小宗	xiǎo zōng	45342	z-zh,j-q-x	1
凶兆	xiōng zhào	45345	ao-ou,z-zh,j-q-x	1
雄劲	xióng jìng	45346	in-ing,j-q-x	1
修书	xiū shū	45347	s-sh,j-q-x	1
熏肉	xūn ròu	45350	ao-ou,r-l,j-q-x	1
雅静	yǎ jìng	45351	in-ing,j-q-x	1
延请	yán qǐng	45352	in-ing,an-ang,j-q-x	1
厌恨	yàn hèn	45354	en-eng,an-ang,h-f	1
阳寿	yáng shòu	45357	an-ang,ao-ou,s-sh	1
狺狺	yín yín	45362	in-ing	2
引航	yǐn háng	45363	in-ing,an-ang,h-f	1
荫庇	yìn bì	45365	in-ing	1
应招	yìng zhāo	45366	in-ing,ao-ou,z-zh	1
油膏	yóu gāo	45367	ao-ou	1
游程	yóu chéng	45368	en-eng,ao-ou,c-ch	1
游春	yóu chūn	45369	ao-ou,c-ch	1
育雏	yù chú	45371	c-ch	1
韵白	yùn bái	45372	ai-ei	1
崽儿	zǎi er	45373	ai-ei,z-zh	3
照登	zhào dēng	45374	en-eng,ao-ou,z-zh	1
争艳	zhēng yàn	45377	en-eng,an-ang,z-zh	1
正堂	zhèng táng	45378	en-eng,an-ang,z-zh	1
织染	zhī rǎn	45379	an-ang,z-zh,r-l	1
挂挡	guà dǎng	45383	an-ang,ua-uo	1
中技	zhōng jì	45385	z-zh,j-q-x	1
转引	zhuǎn yǐn	45388	in-ing,uan-uang,z-zh	1
拙著	zhuō zhù	45389	ua-uo,z-zh	1
自恋	zì liàn	45390	ian-iang,z-zh,n-l,r-l	1
罢演	bà yǎn	45394	an-ang	1
白梨	bái lí	45395	ai-ei,n-l,r-l	1
白熊	bái xióng	45396	ai-ei,j-q-x	1
包金	bāo jīn	45399	in-ing,ao-ou,j-q-x	1
宝殿	bǎo diàn	45400	ian-iang,ao-ou	1
崩盘	bēng pán	45402	en-eng,an-ang	1
鼻翅	bí chì	45403	c-ch	1
笔势	bǐ shì	45404	s-sh	1
边检	biān jiǎn	45405	ian-iang,j-q-x	1
编结	biān jié	45406	ian-iang,ia-ie,j-q-x	1
辩诬	biàn wū	45407	ian-iang	1
薄利	bó lì	45410	n-l,r-l	1
补台	bǔ tái	45411	ai-ei	1
残旧	cán jiù	45412	an-ang,c-ch,j-q-x	1
惨变	cǎn biàn	45413	an-ang,ian-iang,c-ch	1
苍莽	cāng mǎng	45414	an-ang,c-ch	1
草寇	cǎo kòu	45416	ao-ou,c-ch	1
草窝	cǎo wō	45417	ao-ou,c-ch	1
杈子	chà zi	45418	z-zh,c-ch	3
长吟	cháng yín	45420	in-ing,an-ang,c-ch	1
场屋	cháng wū	45421	an-ang,c-ch	1
吵人	chǎo rén	45423	en-eng,ao-ou,c-ch,r-l	1
成服	chéng fú	45424	en-eng,c-ch,h-f	1
澄碧	chéng bì	45427	en-eng,c-ch	1
重出	chóng chū	45428	c-ch	1
抽吸	chōu xī	45429	ao-ou,c-ch,j-q-x	1
传种	chuán zhǒng	45431	uan-uang,z-zh,c-ch	1
垂爱	chuí ài	45432	ai-ei,c-ch	1
蹙额	cù é	45434	c-ch	3
村夫	cūn fū	45435	c-ch,h-f	1
痤疮	cuó chuāng	45436	uan-uang,ua-uo,c-ch	3
错讹	cuò é	45437	ua-uo,c-ch	1
大我	dà wǒ	45441		1
倒垂	dào chuí	45442	ao-ou,c-ch	1
得便	dé biàn	45443	ian-iang	1
低利	dī lì	45445	n-l,r-l	1
垫背	diàn bèi	45449	ian-iang,ai-ei	1
动粗	dòng cū	45450	c-ch	1
端砚	duān yàn	45451	an-ang,uan-uang	1
躲债	duǒ zhài	45452	ai-ei,ua-uo,z-zh	1
饿殍	è piǎo	45454		3
耳孔	ěr kǒng	45455		1
二副	èr fù	45456	h-f	1
法衣	fǎ yī	45457	h-f	1
翻拍	fān pāi	45458	an-ang,ai-ei,h-f	1
凡尘	fán chén	45459	en-eng,an-ang,c-ch,h-f	1
分群	fēn qún	45460	en-eng,h-f,j-q-x	1
服丧	fú sāng	45463	an-ang,s-sh,h-f	1
俯察	fǔ chá	45464	c-ch,h-f	1
赶海	gǎn hǎi	45465	an-ang,ai-ei,h-f	1
缸盖	gāng gài	45467	an-ang,ai-ei	1
跟从	gēn cóng	45470	en-eng,c-ch	1
攻擂	gōng lèi	45471	ai-ei,n-l,r-l	1
宫刑	gōng xíng	45473	in-ing,j-q-x	1
诟骂	gòu mà	45476	ao-ou	3
古谚	gǔ yàn	45477	an-ang	1
骨刺	gǔ cì	45478	c-ch	1
瓜瓤	guā ráng	45479	an-ang,ua-uo,r-l	1
怪论	guài lùn	45480	n-l,r-l	1
官差	guān chāi	45481	uan-uang,ai-ei,c-ch	1
官倒	guān dǎo	45482	uan-uang,ao-ou	1
光标	guāng biāo	45483	uan-uang	1
果仁	guǒ rén	45484	en-eng,ua-uo,r-l	1
号头	hào tóu	45487	ao-ou,h-f	1
浩叹	hào tàn	45488	an-ang,ao-ou,h-f	1
和婉	hé wǎn	45489	an-ang,h-f	1
黑竹	hēi zhú	45491	ai-ei,z-zh,h-f	1
横队	héng duì	45492	en-eng,h-f	1
红运	hóng yùn	45493	h-f	1
坏种	huài zhǒng	45495	z-zh,h-f	1
欢闹	huān nào	45496	uan-uang,ao-ou,n-l,h-f	1
缉凶	jī xiōng	45499	j-q-x	1
吉星	jí xīng	45500	in-ing,j-q-x	1
冀望	jì wàng	45501	an-ang,j-q-x	1
奸恶	jiān è	45504	ian-iang,j-q-x	1
简谱	jiǎn pǔ	45506	ian-iang,j-q-x	1
剑锋	jiàn fēng	45508	en-eng,ian-iang,h-f,j-q-x	1
江豚	jiāng tún	45509	ian-iang,j-q-x	1
节礼	jié lǐ	45510	ia-ie,n-l,r-l,j-q-x	1
仅够	jǐn gòu	45511	in-ing,ao-ou,j-q-x	1
禁售	jìn shòu	45513	in-ing,ao-ou,s-sh,j-q-x	1
净重	jìng zhòng	45514	in-ing,z-zh,j-q-x	1
静园	jìng yuán	45515	in-ing,uan-uang,j-q-x	1
酒劲	jiǔ jìn	45516	in-ing,j-q-x	1
军姿	jūn zī	45520	z-zh,j-q-x	1
卡其	kǎ qí	45522	j-q-x	1
考绩	kǎo jì	45523	ao-ou,j-q-x	1
空幻	kōng huàn	45524	uan-uang,h-f	1
空载	kōng zài	45525	ai-ei,z-zh	1
苦脸	kǔ liǎn	45527	ian-iang,n-l,r-l	1
酷寒	kù hán	45528	an-ang,h-f	1
狂野	kuáng yě	45530	uan-uang	1
矿务	kuàng wù	45531	uan-uang	1
溃灭	kuì miè	45532	ia-ie	1
蜡台	là tái	45534	ai-ei,n-l,r-l	1
来使	lái shǐ	45535	ai-ei,s-sh,n-l,r-l	1
拦洪	lán hóng	45536	an-ang,n-l,h-f,r-l	1
拦劫	lán jié	45537	an-ang,ia-ie,n-l,r-l,j-q-x	1
览胜	lǎn shèng	45538	en-eng,an-ang,s-sh,n-l,r-l	1
联销	lián xiāo	45545	ian-iang,n-l,r-l,j-q-x	1
量具	liáng jù	45547	ian-iang,n-l,r-l,j-q-x	1
六腑	liù fǔ	45549	n-l,h-f,r-l	3
落拓	luò tuò	45553	ua-uo,n-l,r-l	1
马球	mǎ qiú	45554	j-q-x	1
脉象	mài xiàng	45556	ian-iang,ai-ei,j-q-x	1
颟顸	mān hān	45557	an-ang,h-f	2
蛮劲	mán jìn	45558	in-ing,an-ang,j-q-x	1
面商	miàn shāng	45560	an-ang,ian-iang,s-sh	1
蔑称	miè chēng	45561	en-eng,ia-ie,c-ch	1
闽剧	mǐn jù	45562	in-ing,j-q-x	1
敏慧	mǐn huì	45563	in-ing,h-f	1
末儿	mò er	45567		1
卑陋	bēi lòu	45568	ai-ei,ao-ou,n-l,r-l	1
牛筋	niú jīn	45571	in-ing,n-l,j-q-x	1
旁及	páng jí	45572	an-ang,j-q-x	1
炮塔	pào tǎ	45573	ao-ou	1
皮黄	pí huáng	45574	uan-uang,h-f	1
姘居	pīn jū	45575	in-ing,j-q-x	3
奇技	qí jì	45576	j-q-x	1
起首	qǐ shǒu	45578	ao-ou,s-sh,j-q-x	1
枪术	qiāng shù	45580	ian-iang,s-sh,j-q-x	1
桥孔	qiáo kǒng	45581	j-q-x	1
轻忽	qīng hū	45582	in-ing,h-f,j-q-x	1
轻判	qīng pàn	45583	in-ing,an-ang,j-q-x	1
权门	quán mén	45585	en-eng,uan-uang,j-q-x	1
攘夺	rǎng duó	45587	an-ang,ua-uo,r-l	3
热敷	rè fū	45588	h-f,r-l	1
热和	rè huo	45589	ua-uo,h-f,r-l	1
高汤	gāo tāng	45590	an-ang,ao-ou	1
柔婉	róu wǎn	45591	an-ang,ao-ou,r-l	1
肉红	ròu hóng	45592	ao-ou,h-f,r-l	1
乳牙	rǔ yá	45594	r-l	1
褥单	rù dān	45595	an-ang,r-l	1
三围	sān wéi	45598	an-ang,ai-ei,s-sh	1
上上	shàng shàng	45600	an-ang,s-sh	1
社群	shè qún	45601	s-sh,j-q-x	1
赦令	shè lìng	45602	in-ing,s-sh,n-l,r-l	1
深透	shēn tòu	45603	en-eng,ao-ou,s-sh	1
神聊	shén liáo	45605	en-eng,s-sh,n-l,r-l	1
石方	shí fāng	45607	an-ang,s-sh,h-f	1
守丧	shǒu sāng	45609	an-ang,ao-ou,s-sh	1
受病	shòu bìng	45610	in-ing,ao-ou,s-sh	1
受寒	shòu hán	45611	an-ang,ao-ou,s-sh,h-f	1
水警	shuǐ jǐng	45612	in-ing,s-sh,j-q-x	1
私吞	sī tūn	45614	s-sh	1
速溶	sù róng	45617	s-sh,r-l	1
他年	tā nián	45618	ian-iang,n-l	1
套色	tào shǎi	45619	ai-ei,ao-ou,s-sh	1
腾越	téng yuè	45620	en-eng	1
踢蹬	tī deng	45621	en-eng	1
天候	tiān hòu	45622	ian-iang,ao-ou,h-f	1
铁灰	tiě huī	45623	ia-ie,h-f	1
通票	tōng piào	45624		1
头年	tóu nián	45625	ian-iang,ao-ou,n-l	1
投药	tóu yào	45626	ao-ou	1
臀围	tún wéi	45628	ai-ei	1
脱党	tuō dǎng	45629	an-ang,ua-uo	1
伪币	wěi bì	45630	ai-ei	1
悉力	xī lì	45632	n-l,r-l,j-q-x	1
喜雨	xǐ yǔ	45634	j-q-x	1
献演	xiàn yǎn	45637	an-ang,ian-iang,j-q-x	1
香波	xiāng bō	45638	ian-iang,j-q-x	1
香囊	xiāng náng	45639	an-ang,ian-iang,n-l,j-q-x	1
香纸	xiāng zhǐ	45640	ian-iang,z-zh,j-q-x	1
详密	xiáng mì	45641	ian-iang,j-q-x	1
响鼻	xiǎng bí	45642	ian-iang,j-q-x	1
销差	xiāo chāi	45643	ai-ei,c-ch,j-q-x	1
小注	xiǎo zhù	45648	z-zh,j-q-x	1
斜度	xié dù	45649	ia-ie,j-q-x	1
醒脑	xǐng nǎo	45651	in-ing,ao-ou,n-l,j-q-x	1
胸章	xiōng zhāng	45652	an-ang,z-zh,j-q-x	1
秀逸	xiù yì	45653	j-q-x	1
许婚	xǔ hūn	45654	h-f,j-q-x	1
寻事	xún shì	45656	s-sh,j-q-x	1
巡天	xún tiān	45657	ian-iang,j-q-x	1
迅跑	xùn pǎo	45658	ao-ou,j-q-x	1
芽子	yá zi	45660	z-zh	1
以远	yǐ yuǎn	45665	uan-uang	1
义母	yì mǔ	45666		1
阴司	yīn sī	45667	in-ing,s-sh	1
印张	yìn zhāng	45668	in-ing,an-ang,z-zh	1
葬仪	zàng yí	45672	an-ang,z-zh	1
枣泥	zǎo ní	45673	ao-ou,z-zh,n-l	1
赠礼	zèng lǐ	45674	en-eng,z-zh,n-l,r-l	1
占卦	zhān guà	45675	an-ang,ua-uo,z-zh	1
仗恃	zhàng shì	45676	an-ang,z-zh,s-sh	1
谪居	zhé jū	45678	z-zh,j-q-x	3
振幅	zhèn fú	45679	en-eng,z-zh,h-f	1
镇反	zhèn fǎn	45680	en-eng,an-ang,z-zh,h-f	1
仲冬	zhòng dōng	45683	z-zh	1
珠花	zhū huā	45685	ua-uo,z-zh,h-f	1
装填	zhuāng tián	45688	ian-iang,uan-uang,z-zh	1
坠楼	zhuì lóu	45690	ao-ou,z-zh,n-l,r-l	1
自测	zì cè	45691	z-zh,c-ch	1
自珍	zì zhēn	45692	en-eng,z-zh	1
字书	zì shū	45693	z-zh,s-sh	1
租子	zū zi	45694	z-zh	1
足月	zú yuè	45695	z-zh	1
左近	zuǒ jìn	45696	in-ing,ua-uo,z-zh,j-q-x	1
左轮	zuǒ lún	45697	ua-uo,z-zh,n-l,r-l	1
阿门	ā mén	45699	en-eng	1
耙地	bà dì	45702		1
罢战	bà zhàn	45703	an-ang,z-zh	1
白卷	bái juàn	45705	uan-uang,ai-ei,j-q-x	1
板胡	bǎn hú	45706	an-ang,h-f	1
绊儿	bàn er	45707	an-ang	1
保真	bǎo zhēn	45709	en-eng,ao-ou,z-zh	1
报验	bào yàn	45710	an-ang,ao-ou	1
庇荫	bì yìn	45711	in-ing	1
表册	biǎo cè	45713	c-ch	1
薄酒	bó jiǔ	45715	j-q-x	1
补液	bǔ yè	45716		1
草字	cǎo zì	45718	ao-ou,z-zh,c-ch	1
茬口	chá kǒu	45719	ao-ou,c-ch	1
豺狗	chái gǒu	45720	ai-ei,ao-ou,c-ch	1
吵骂	chǎo mà	45721	ao-ou,c-ch	1
澄净	chéng jìng	45722	en-eng,in-ing,c-ch,j-q-x	1
虫眼	chóng yǎn	45723	an-ang,c-ch	1
酬酢	chóu zuò	45724	ao-ou,ua-uo,z-zh,c-ch	3
出芽	chū yá	45726	c-ch	1
串演	chuàn yǎn	45727	an-ang,uan-uang,c-ch	1
床榻	chuáng tà	45728	uan-uang,c-ch	3
从难	cóng nán	45729	an-ang,c-ch,n-l	1
锉刀	cuò dāo	45730	ao-ou,ua-uo,c-ch	3
错车	cuò chē	45731	ua-uo,c-ch	1
错待	cuò dài	45732	ai-ei,ua-uo,c-ch	1
搭帮	dā bāng	45733	an-ang	1
大治	dà zhì	45736	z-zh	1
单相	dān xiāng	45739	an-ang,ian-iang,j-q-x	1
导诊	dǎo zhěn	45740	en-eng,ao-ou,z-zh	1
捣鼓	dǎo gu	45741	ao-ou	1
倒账	dǎo zhàng	45742	an-ang,ao-ou,z-zh	1
滴漏	dī lòu	45744	ao-ou,n-l,r-l	1
地脉	dì mài	45745	ai-ei	1
点射	diǎn shè	45746	ian-iang,s-sh	1
踮脚	diǎn jiǎo	45747	ian-iang,j-q-x	3
动刑	dòng xíng	45749	in-ing,j-q-x	1
度荒	dù huāng	45750	uan-uang,h-f	1
钝器	dùn qì	45751	j-q-x	1
娥眉	é méi	45753	ai-ei	1
发喘	fā chuǎn	45754	uan-uang,c-ch,h-f	1
发蒙	fā méng	45755	en-eng,h-f	1
凡间	fán jiān	45756	an-ang,ian-iang,h-f,j-q-x	1
繁缛	fán rù	45757	an-ang,h-f,r-l	3
泛论	fàn lùn	45758	an-ang,n-l,h-f,r-l	1
飞贼	fēi zéi	45760	ai-ei,z-zh,h-f	1
榧子	fěi zi	45763	ai-ei,z-zh,h-f	3
粉盒	fěn hé	45764	en-eng,h-f	1
风疹	fēng zhěn	45766	en-eng,z-zh,h-f	1
凤梨	fèng lí	45767	en-eng,n-l,h-f,r-l	1
改扮	gǎi bàn	45768	an-ang,ai-ei	1
改线	gǎi xiàn	45769	ian-iang,ai-ei,j-q-x	1
盖印	gài yìn	45770	in-ing,ai-ei	1
干酪	gān lào	45771	an-ang,ao-ou,n-l,r-l	1
赶会	gǎn huì	45772	an-ang,h-f	1
搞臭	gǎo chòu	45773	ao-ou,c-ch	1
勾连	gōu lián	45774	ian-iang,ao-ou,n-l,r-l	1
钩虫	gōu chóng	45775	ao-ou,c-ch	1
苟合	gǒu hé	45776	ao-ou,h-f	1
股评	gǔ píng	45779	in-ing	1
广柑	guǎng gān	45781	an-ang,uan-uang	1
硅藻	guī zǎo	45783	ao-ou,z-zh	1
果糖	guǒ táng	45785	an-ang,ua-uo	1
和洽	hé qià	45787	ia-ie,h-f,j-q-x	1
狠话	hěn huà	45788	en-eng,ua-uo,h-f	1
猴戏	hóu xì	45789	ao-ou,h-f,j-q-x	1
花俏	huā qiào	45790	ua-uo,h-f,j-q-x	1
花饰	huā shì	45791	ua-uo,s-sh,h-f	1
花砖	huā zhuān	45792	uan-uang,ua-uo,z-zh,h-f	1
唤头	huàn tou	45794	uan-uang,ao-ou,h-f	1
昏话	hūn huà	45795	ua-uo,h-f	1
混子	hùn zǐ	45796	z-zh,h-f	1
祸殃	huò yāng	45797	an-ang,ua-uo,h-f	1
惑乱	huò luàn	45798	uan-uang,ua-uo,n-l,h-f,r-l	1
容姿	róng zī	45799	z-zh,r-l	1
机心	jī xīn	45800	in-ing,j-q-x	1
记时	jì shí	45802	s-sh,j-q-x	1
发贱	fā jiàn	45804	ian-iang,h-f,j-q-x	1
奸猾	jiān huá	45805	ian-iang,ua-uo,h-f,j-q-x	1
浆汁	jiāng zhī	45806	ian-iang,z-zh,j-q-x	1
焦煤	jiāo méi	45807	ai-ei,j-q-x	1
角钢	jiǎo gāng	45808	an-ang,j-q-x	1
狡赖	jiǎo lài	45809	ai-ei,n-l,r-l,j-q-x	1
教民	jiào mín	45810	in-ing,j-q-x	1
接火	jiē huǒ	45811	ia-ie,ua-uo,h-f,j-q-x	1
接转	jiē zhuǎn	45812	uan-uang,ia-ie,z-zh,j-q-x	1
街垒	jiē lěi	45813	ai-ei,ia-ie,n-l,r-l,j-q-x	1
节略	jié lüè	45814	ia-ie,n-l,r-l,j-q-x	1
结仇	jié chóu	45817	ao-ou,ia-ie,c-ch,j-q-x	1
借方	jiè fāng	45818	an-ang,ia-ie,h-f,j-q-x	1
冒认	mào rèn	45819	en-eng,ao-ou,r-l	1
具保	jù bǎo	45820	ao-ou,j-q-x	1
金桂	jīn guì	45822	in-ing,j-q-x	1
紧追	jǐn zhuī	45824	in-ing,z-zh,j-q-x	1
京白	jīng bái	45825	in-ing,ai-ei,j-q-x	1
军棋	jūn qí	45828	j-q-x	1
苦境	kǔ jìng	45829	in-ing,j-q-x	1
丢份	diū fèn	45831	en-eng,h-f	1
聘约	pìn yuē	45832	in-ing	1
蓝靛	lán diàn	45835	an-ang,ian-iang,n-l,r-l	3
凉面	liáng miàn	45839	ian-iang,n-l,r-l	1
临风	lín fēng	45840	en-eng,in-ing,n-l,h-f,r-l	1
灵塔	líng tǎ	45841	in-ing,n-l,r-l	1
网关	wǎng guān	45842	an-ang,uan-uang	1
书眉	shū méi	45843	ai-ei,s-sh	1
溜索	liū suǒ	45844	ua-uo,s-sh,n-l,r-l	1
笼养	lóng yǎng	45846	an-ang,n-l,r-l	1
炉具	lú jù	45847	n-l,r-l,j-q-x	1
路遇	lù yù	45848	n-l,r-l	1
乱伦	luàn lún	45849	uan-uang,n-l,r-l	1
落英	luò yīng	45850	in-ing,ua-uo,n-l,r-l	1
毛衫	máo shān	45852	an-ang,ao-ou,s-sh	1
眉笔	méi bǐ	45853	ai-ei	1
魅惑	mèi huò	45855	ai-ei,ua-uo,h-f	1
门岗	mén gǎng	45856	en-eng,an-ang	1
蒙师	méng shī	45857	en-eng,s-sh	1
名讳	míng huì	45860	in-ing,h-f	1
明断	míng duàn	45861	in-ing,uan-uang	1
明沟	míng gōu	45862	in-ing,ao-ou	1
明面	míng miàn	45863	in-ing,ian-iang	1
哲言	zhé yán	45864	an-ang,z-zh	1
磨叨	mò dao	45865	ao-ou	1
木樨	mù xi	45866	j-q-x	3
内胎	nèi tāi	45869	ai-ei,n-l	1
排挡	pái dǎng	45870	an-ang,ai-ei	1
排毒	pái dú	45871	ai-ei	1
旁支	páng zhī	45872	an-ang,z-zh	1
捧哏	pěng gén	45875	en-eng	3
偏劳	piān láo	45876	ian-iang,ao-ou,n-l,r-l	1
妄议	wàng yì	45877	an-ang	1
难侨	nàn qiáo	45879	an-ang,n-l,j-q-x	1
平年	píng nián	45880	in-ing,ian-iang,n-l	1
冗官	rǒng guān	45881	uan-uang,r-l	1
评标	píng biāo	45882	in-ing	1
铺砌	pū qì	45883	j-q-x	1
铺保	pù bǎo	45884	ao-ou	1
妻舅	qī jiù	45886	j-q-x	1
欺哄	qī hǒng	45887	h-f,j-q-x	1
荞面	qiáo miàn	45889	ian-iang,j-q-x	3
巧匠	qiǎo jiàng	45890	ian-iang,j-q-x	1
轻贱	qīng jiàn	45891	in-ing,ian-iang,j-q-x	1
轻扬	qīng yáng	45892	in-ing,an-ang,j-q-x	1
清平	qīng píng	45893	in-ing,j-q-x	1
囚衣	qiú yī	45894	j-q-x	1
犬儒	quǎn rú	45895	uan-uang,r-l,j-q-x	1
犬牙	quǎn yá	45896	uan-uang,j-q-x	1
缺勤	quē qín	45897	in-ing,j-q-x	1
群婚	qún hūn	45898	h-f,j-q-x	1
人精	rén jīng	45900	en-eng,in-ing,r-l,j-q-x	1
稔熟	rěn shú	45901	en-eng,s-sh,r-l	3
扔弃	rēng qì	45902	en-eng,r-l,j-q-x	1
撒赖	sā lài	45904	ai-ei,s-sh,n-l,r-l	1
臊子	sào zi	45905	ao-ou,z-zh,s-sh	1
删削	shān xuē	45909	an-ang,s-sh,j-q-x	1
苫布	shàn bù	45910	an-ang,s-sh	3
折本	shé běn	45911	en-eng,s-sh	1
摄生	shè shēng	45913	en-eng,s-sh	1
深翻	shēn fān	45914	en-eng,an-ang,s-sh,h-f	1
生土	shēng tǔ	45916	en-eng,s-sh	1
失密	shī mì	45917	s-sh	1
施威	shī wēi	45919	ai-ei,s-sh	1
食补	shí bǔ	45920	s-sh	1
收口	shōu kǒu	45921	ao-ou,s-sh	1
受听	shòu tīng	45922	in-ing,ao-ou,s-sh	1
舒卷	shū juǎn	45923	uan-uang,s-sh,j-q-x	1
刷拉	shuā lā	45925	ua-uo,s-sh,n-l,r-l	1
顺次	shùn cì	45929	c-ch,s-sh	1
死胎	sǐ tāi	45934	ai-ei,s-sh	1
耸身	sǒng shēn	45937	en-eng,s-sh	1
酥麻	sū má	45938	s-sh	1
塑钢	sù gāng	45939	an-ang,s-sh	1
天青	tiān qīng	45943	in-ing,ian-iang,j-q-x	1
田契	tián qì	45945	ian-iang,j-q-x	1
庭训	tíng xùn	45947	in-ing,j-q-x	1
同犯	tóng fàn	45949	an-ang,h-f	1
彤云	tóng yún	45950		1
土包	tǔ bāo	45952	ao-ou	1
伪钞	wěi chāo	45954	ai-ei,ao-ou,c-ch	1
瘟病	wēn bìng	45955	en-eng,in-ing	1
文场	wén chǎng	45956	en-eng,an-ang,c-ch	1
屋基	wū jī	45957	j-q-x	1
嘻闹	xī nào	45961	ao-ou,n-l,j-q-x	1
下箸	xià zhù	45962	ia-ie,z-zh,j-q-x	3
下装	xià zhuāng	45963	uan-uang,ia-ie,z-zh,j-q-x	1
纤毫	xiān háo	45964	ian-iang,ao-ou,h-f,j-q-x	1
鲜货	xiān huò	45965	ian-iang,ua-uo,h-f,j-q-x	1
现况	xiàn kuàng	45967	ian-iang,uan-uang,j-q-x	1
线毯	xiàn tǎn	45968	an-ang,ian-iang,j-q-x	1
响晴	xiǎng qíng	45969	in-ing,ian-iang,j-q-x	1
相术	xiàng shù	45970	ian-iang,s-sh,j-q-x	1
小篆	xiǎo zhuàn	45976	uan-uang,z-zh,j-q-x	3
邪乎	xié hu	45977	ia-ie,h-f,j-q-x	1
斜角	xié jiǎo	45978	ia-ie,j-q-x	1
欣悉	xīn xī	45981	in-ing,j-q-x	1
羞恼	xiū nǎo	45983	ao-ou,n-l,j-q-x	1
畜养	xù yǎng	45984	an-ang,j-q-x	1
勋劳	xūn láo	45986	ao-ou,n-l,r-l,j-q-x	1
勋业	xūn yè	45987	j-q-x	1
寻获	xún huò	45988	ua-uo,h-f,j-q-x	1
雅气	yǎ qì	45990	j-q-x	1
烟贩	yān fàn	45991	an-ang,h-f	1
药面	yào miàn	45993	ian-iang,ao-ou	1
遗缺	yí quē	45995	j-q-x	1
易帜	yì zhì	45996	z-zh	1
银粉	yín fěn	45997	en-eng,in-ing,h-f	1
引论	yǐn lùn	45998	in-ing,n-l,r-l	1
瘾头	yǐn tóu	46001	in-ing,ao-ou	1
缨子	yīng zi	46003	in-ing,z-zh	3
蝇子	yíng zi	46004	in-ing,z-zh	1
影带	yǐng dài	46005	in-ing,ai-ei	1
油花	yóu huā	46007	ao-ou,ua-uo,h-f	1
诱拐	yòu guǎi	46009	ao-ou	1
余剩	yú shèng	46010	en-eng,s-sh	1
杂项	zá xiàng	46013	ian-iang,z-zh,j-q-x	1
栽插	zāi chā	46014	ai-ei,z-zh,c-ch	1
糟糠	zāo kāng	46015	an-ang,ao-ou,z-zh	1
糟心	zāo xīn	46016	in-ing,ao-ou,z-zh,j-q-x	1
早车	zǎo chē	46017	ao-ou,z-zh,c-ch	1
诈取	zhà qǔ	46018	z-zh,j-q-x	1
招式	zhāo shì	46020	ao-ou,z-zh,s-sh	1
正犯	zhèng fàn	46024	en-eng,an-ang,z-zh,h-f	1
支渠	zhī qú	46025	z-zh,j-q-x	1
支应	zhī yìng	46026	in-ing,z-zh	1
直书	zhí shū	46028	z-zh,s-sh	1
重办	zhòng bàn	46031	an-ang,z-zh	1
伫候	zhù hòu	46032	ao-ou,z-zh,h-f	3
注文	zhù wén	46033	en-eng,z-zh	1
篆文	zhuàn wén	46034	en-eng,uan-uang,z-zh	3
追歼	zhuī jiān	46035	ian-iang,z-zh,j-q-x	1
灼见	zhuó jiàn	46036	ian-iang,ua-uo,z-zh,j-q-x	1
浊世	zhuó shì	46037	ua-uo,z-zh,s-sh	1
祖产	zǔ chǎn	46038	an-ang,z-zh,c-ch	1
坐探	zuò tàn	46040	an-ang,ua-uo,z-zh	1
暗记	àn jì	46042	an-ang,j-q-x	1
暗器	àn qì	46043	an-ang,j-q-x	1
白食	bái shí	46045	ai-ei,s-sh	1
拜领	bài lǐng	46046	in-ing,ai-ei,n-l,r-l	1
帮佣	bāng yōng	46047	an-ang	1
绑带	bǎng dài	46048	an-ang,ai-ei	1
包退	bāo tuì	46049	ao-ou	1
保媒	bǎo méi	46050	ai-ei,ao-ou	1
悖谬	bèi miù	46052	ai-ei	1
鄙意	bǐ yì	46053		1
箅子	bì zi	46054	z-zh	3
臂肘	bì zhǒu	46055	ao-ou,z-zh	1
飙车	biāo chē	46056	c-ch	3
操琴	cāo qín	46057	in-ing,ao-ou,c-ch,j-q-x	1
草酸	cǎo suān	46058	uan-uang,ao-ou,c-ch,s-sh	1
策励	cè lì	46059	c-ch,n-l,r-l	1
茶油	chá yóu	46060	ao-ou,c-ch	1
禅机	chán jī	46061	an-ang,c-ch,j-q-x	1
长策	cháng cè	46062	an-ang,c-ch	1
陈尸	chén shī	46064	en-eng,c-ch,s-sh	1
筹募	chóu mù	46067	ao-ou,c-ch	1
初会	chū huì	46069	c-ch,h-f	1
楚剧	chǔ jù	46071	c-ch,j-q-x	1
创税	chuàng shuì	46072	uan-uang,c-ch,s-sh	1
刺痒	cì yang	46074	an-ang,c-ch	1
猝发	cù fā	46076	c-ch,h-f	3
打呃	dǎ è	46078		3
打卡	dǎ kǎ	46079		1
带菌	dài jūn	46084	ai-ei,j-q-x	1
待查	dài chá	46085	ai-ei,c-ch	1
待续	dài xù	46086	ai-ei,j-q-x	1
到庭	dào tíng	46091	in-ing,ao-ou	1
低幼	dī yòu	46093	ao-ou	1
吊床	diào chuáng	46095	uan-uang,c-ch	1
吊兰	diào lán	46096	an-ang,n-l,r-l	1
顶班	dǐng bān	46097	in-ing,an-ang	1
动兵	dòng bīng	46098	in-ing	1
豆绿	dòu lǜ	46100	ao-ou,n-l,r-l	1
逗哏	dòu gén	46101	en-eng,ao-ou	3
髑髅	dú lóu	46102	ao-ou,n-l,r-l	2
堵心	dǔ xīn	46103	in-ing,j-q-x	1
断顿	duàn dùn	46105	uan-uang	1
遁词	dùn cí	46106	c-ch	3
翻刻	fān kè	46108	an-ang,h-f	1
芳馨	fāng xīn	46109	in-ing,an-ang,h-f,j-q-x	1
放怀	fàng huái	46110	an-ang,h-f	1
飞泻	fēi xiè	46111	ai-ei,ia-ie,h-f,j-q-x	1
丰歉	fēng qiàn	46113	en-eng,ian-iang,h-f,j-q-x	1
风烟	fēng yān	46114	en-eng,an-ang,h-f	1
风钻	fēng zuàn	46115	en-eng,uan-uang,z-zh,h-f	1
奉令	fèng lìng	46117	en-eng,in-ing,n-l,h-f,r-l	1
抚琴	fǔ qín	46118	in-ing,h-f,j-q-x	1
妇产	fù chǎn	46119	an-ang,c-ch,h-f	1
感戴	gǎn dài	46122	an-ang,ai-ei	1
钢圈	gāng quān	46123	an-ang,uan-uang,j-q-x	1
高阁	gāo gé	46124	ao-ou	1
搞头	gǎo tou	46125	ao-ou	1
工价	gōng jià	46127	ia-ie,j-q-x	1
宫颈	gōng jǐng	46129	in-ing,j-q-x	1
故世	gù shì	46131	s-sh	1
挂虑	guà lǜ	46132	ua-uo,n-l,r-l	1
乖谬	guāi miù	46133		1
逛荡	guàng dang	46136	an-ang,uan-uang	1
归回	guī huí	46137	h-f	1
归置	guī zhi	46138	z-zh	1
柜橱	guì chú	46140	c-ch	1
过账	guò zhàng	46141	an-ang,ua-uo,z-zh	1
嗨呀	hāi ya	46142	ai-ei,h-f	3
海草	hǎi cǎo	46143	ai-ei,ao-ou,c-ch,h-f	1
河港	hé gǎng	46148	an-ang,h-f	1
后爹	hòu diē	46150	ao-ou,ia-ie,h-f	1
虎步	hǔ bù	46151	h-f	1
护养	hù yǎng	46152	an-ang,h-f	1
秽土	huì tǔ	46154	h-f	1
混饭	hùn fàn	46155	an-ang,h-f	1
饥色	jī sè	46156	s-sh,j-q-x	1
机变	jī biàn	46157	ian-iang,j-q-x	1
机织	jī zhī	46158	z-zh,j-q-x	1
机座	jī zuò	46159	ua-uo,z-zh,j-q-x	1
积愤	jī fèn	46160	en-eng,h-f,j-q-x	1
技痒	jì yǎng	46161	an-ang,j-q-x	1
甲亢	jiǎ kàng	46163	an-ang,ia-ie,j-q-x	1
茧丝	jiǎn sī	46164	ian-iang,s-sh,j-q-x	1
简况	jiǎn kuàng	46165	ian-iang,uan-uang,j-q-x	1
糨糊	jiàng hu	46166	ian-iang,h-f,j-q-x	3
姣美	jiāo měi	46167	ai-ei,j-q-x	3
胶纸	jiāo zhǐ	46168	z-zh,j-q-x	1
接缝	jiē fèng	46169	en-eng,ia-ie,h-f,j-q-x	1
结痂	jié jiā	46170	ia-ie,j-q-x	3
金工	jīn gōng	46171	in-ing,j-q-x	1
进抵	jìn dǐ	46174	in-ing,j-q-x	1
精编	jīng biān	46175	in-ing,ian-iang,j-q-x	1
卷尺	juǎn chǐ	46176	uan-uang,c-ch,j-q-x	1
看青	kān qīng	46178	in-ing,an-ang,j-q-x	1
客饭	kè fàn	46179	an-ang,h-f	1
空翻	kōng fān	46181	an-ang,h-f	1
空拳	kōng quán	46182	uan-uang,j-q-x	1
口杯	kǒu bēi	46183	ai-ei,ao-ou	1
旷世	kuàng shì	46185	uan-uang,s-sh	1
扩印	kuò yìn	46186	in-ing,ua-uo	1
老境	lǎo jìng	46187	in-ing,ao-ou,n-l,r-l,j-q-x	1
礼制	lǐ zhì	46190	z-zh,n-l,r-l	1
理喻	lǐ yù	46191	n-l,r-l	1
联保	lián bǎo	46192	ian-iang,ao-ou,n-l,r-l	1
绫子	líng zi	46194	in-ing,z-zh,n-l,r-l	3
零嘴	líng zuǐ	46195	in-ing,z-zh,n-l,r-l	1
留居	liú jū	46196	n-l,r-l,j-q-x	1
路警	lù jǐng	46197	in-ing,n-l,r-l,j-q-x	1
戮力	lù lì	46198	n-l,r-l	3
挛缩	luán suō	46200	uan-uang,ua-uo,s-sh,n-l,r-l	3
麦客	mài kè	46203	ai-ei	1
卖俏	mài qiào	46204	ai-ei,j-q-x	1
满额	mǎn é	46205	an-ang	1
漫流	màn liú	46206	an-ang,n-l,r-l	1
锚链	máo liàn	46207	ian-iang,ao-ou,n-l,r-l	1
没羞	méi xiū	46208	ai-ei,j-q-x	1
蠓虫	měng chóng	46211	en-eng,c-ch	3
迷彩	mí cǎi	46212	ai-ei,c-ch	1
靡靡	mǐ mǐ	46213		1
蜜色	mì sè	46215	s-sh	1
棉球	mián qiú	46216	ian-iang,j-q-x	1
面谢	miàn xiè	46217	ian-iang,ia-ie,j-q-x	1
苗语	miáo yǔ	46218		1
妙方	miào fāng	46219	an-ang,h-f	1
妙论	miào lùn	46220	n-l,r-l	1
妙算	miào suàn	46221	uan-uang,s-sh	1
庙祝	miào zhù	46222	z-zh	1
名物	míng wù	46223	in-ing	1
明黄	míng huáng	46224	in-ing,uan-uang,h-f	1
魔障	mó zhàng	46225	an-ang,z-zh	1
木栓	mù shuān	46226	uan-uang,s-sh	1
纳降	nà xiáng	46228	ian-iang,n-l,j-q-x	1
凝想	níng xiǎng	46229	in-ing,ian-iang,n-l,j-q-x	1
派任	pài rèn	46230	en-eng,ai-ei,r-l	1
盘底	pán dǐ	46231	an-ang	1
偏生	piān shēng	46233	en-eng,ian-iang,s-sh	1
票选	piào xuǎn	46234	uan-uang,j-q-x	1
坪坝	píng bà	46235	in-ing	1
奇秀	qí xiù	46236	j-q-x	1
起稿	qǐ gǎo	46237	ao-ou,j-q-x	1
起网	qǐ wǎng	46238	an-ang,j-q-x	1
气脉	qì mài	46239	ai-ei,j-q-x	1
弃世	qì shì	46240	s-sh,j-q-x	1
砌筑	qì zhù	46241	z-zh,j-q-x	1
憩息	qì xī	46242	j-q-x	3
前赵	qián zhào	46243	ian-iang,ao-ou,z-zh,j-q-x	1
撬棍	qiào gùn	46246	j-q-x	1
倾侧	qīng cè	46247	in-ing,c-ch,j-q-x	1
饶人	ráo rén	46250	en-eng,ao-ou,r-l	1
忍冬	rěn dōng	46252	en-eng,r-l	1
肉松	ròu sōng	46254	ao-ou,s-sh,r-l	1
嚅动	rú dòng	46256	r-l	3
濡染	rú rǎn	46257	an-ang,r-l	3
软驱	ruǎn qū	46258	uan-uang,r-l,j-q-x	1
沙害	shā hài	46259	ai-ei,s-sh,h-f	1
商洽	shāng qià	46260	an-ang,ia-ie,s-sh,j-q-x	1
上色	shàng shǎi	46261	an-ang,ai-ei,s-sh	1
上世	shàng shì	46262	an-ang,s-sh	1
烧卖	shāo mài	46263	ai-ei,ao-ou,s-sh	1
绍剧	shào jù	46265	ao-ou,s-sh,j-q-x	1
神效	shén xiào	46266	en-eng,s-sh,j-q-x	1
生油	shēng yóu	46267	en-eng,ao-ou,s-sh	1
失宜	shī yí	46268	s-sh	1
失准	shī zhǔn	46269	z-zh,s-sh	1
试映	shì yìng	46271	in-ing,s-sh	1
受事	shòu shì	46272	ao-ou,s-sh	1
叔母	shū mǔ	46273	s-sh	1
树胶	shù jiāo	46274	s-sh,j-q-x	1
按金	àn jīn	46275	in-ing,an-ang,j-q-x	1
街雕	jiē diāo	46277	ia-ie,j-q-x	1
孀居	shuāng jū	46278	uan-uang,s-sh,j-q-x	3
爽约	shuǎng yuē	46279	uan-uang,s-sh	1
睡姿	shuì zī	46280	z-zh,s-sh	1
顺脚	shùn jiǎo	46281	s-sh,j-q-x	1
死记	sǐ jì	46283	s-sh,j-q-x	1
索求	suǒ qiú	46286	ua-uo,s-sh,j-q-x	1
锁头	suǒ tóu	46287	ao-ou,ua-uo,s-sh	1
炭窑	tàn yáo	46289	an-ang,ao-ou	1
探案	tàn àn	46290	an-ang	1
探伤	tàn shāng	46291	an-ang,s-sh	1
糖瓜	táng guā	46292	an-ang,ua-uo	1
套筒	tào tǒng	46293	ao-ou	1
体念	tǐ niàn	46294	ian-iang,n-l	1
田赛	tián sài	46295	ian-iang,ai-ei,s-sh	1
甜椒	tián jiāo	46296	ian-iang,j-q-x	1
铁幕	tiě mù	46297	ia-ie	1
屯积	tún jī	46299	j-q-x	1
亡失	wáng shī	46300	an-ang,s-sh	1
枉自	wǎng zì	46301	an-ang,z-zh	1
桅灯	wéi dēng	46302	en-eng,ai-ei	3
窝赃	wō zāng	46304	an-ang,z-zh	1
五伦	wǔ lún	46308	n-l,r-l	1
舞弄	wǔ nòng	46309	n-l	1
物主	wù zhǔ	46310	z-zh	1
痦子	wù zi	46311	z-zh	3
下集	xià jí	46313	ia-ie,j-q-x	1
纤小	xiān xiǎo	46314	ian-iang,j-q-x	1
鲜绿	xiān lǜ	46315	ian-iang,n-l,r-l,j-q-x	1
闲荡	xián dàng	46316	an-ang,ian-iang,j-q-x	1
险象	xiǎn xiàng	46318	ian-iang,j-q-x	1
消磁	xiāo cí	46320	c-ch,j-q-x	1
霄汉	xiāo hàn	46321	an-ang,h-f,j-q-x	1
笑窝	xiào wō	46322	j-q-x	1
歇凉	xiē liáng	46324	ian-iang,ia-ie,n-l,r-l,j-q-x	1
卸责	xiè zé	46325	ia-ie,z-zh,j-q-x	1
蟹肉	xiè ròu	46326	ao-ou,ia-ie,r-l,j-q-x	1
胸膜	xiōng mó	46327	j-q-x	1
胸像	xiōng xiàng	46328	ian-iang,j-q-x	1
宣明	xuān míng	46329	in-ing,uan-uang,j-q-x	1
学号	xué hào	46330	ao-ou,h-f,j-q-x	1
血球	xuè qiú	46332	j-q-x	1
旬日	xún rì	46333	r-l,j-q-x	1
压台	yā tái	46334	ai-ei	1
鸭苗	yā miáo	46335		1
牙具	yá jù	46336	j-q-x	1
牙印	yá yìn	46337	in-ing	1
雅意	yǎ yì	46338		1
盐商	yán shāng	46341	an-ang,s-sh	1
遗业	yí yè	46344		1
义学	yì xué	46345	j-q-x	1
迂阔	yū kuò	46351	ua-uo	1
愚拙	yú zhuō	46353	ua-uo,z-zh	1
匀整	yún zhěng	46356	en-eng,z-zh	1
摘译	zhāi yì	46357	ai-ei,z-zh	1
肇祸	zhào huò	46359	ao-ou,ua-uo,z-zh,h-f	1
指骨	zhǐ gǔ	46361	z-zh	1
制热	zhì rè	46362	z-zh,r-l	1
中缝	zhōng fèng	46364	en-eng,z-zh,h-f	1
终老	zhōng lǎo	46366	ao-ou,z-zh,n-l,r-l	1
竹帛	zhú bó	46368	z-zh	3
籽粒	zǐ lì	46370	z-zh,n-l,r-l	1
卒年	zú nián	46371	ian-iang,z-zh,n-l	1
钻塔	zuàn tǎ	46372	uan-uang,z-zh	1
尊奉	zūn fèng	46373	en-eng,z-zh,h-f	1
阿飞	ā fēi	46374	ai-ei,h-f	1
案牍	àn dú	46376	an-ang	3
白饶	bái ráo	46379	ai-ei,ao-ou,r-l	1
宝蓝	bǎo lán	46382	an-ang,ao-ou,n-l,r-l	1
报务	bào wù	46384	ao-ou	1
悲楚	bēi chǔ	46386	ai-ei,c-ch	1
北曲	běi qǔ	46387	ai-ei,j-q-x	1
闭气	bì qì	46390	j-q-x	1
篦子	bì zi	46391	z-zh	3
鞭梢	biān shāo	46393	ian-iang,ao-ou,s-sh	1
冰道	bīng dào	46396	in-ing,ao-ou	1
冰片	bīng piàn	46397	in-ing,ian-iang	1
薄幸	bó xìng	46402	in-ing,j-q-x	1
捕拿	bǔ ná	46403	n-l	1
不逞	bù chěng	46404	en-eng,c-ch	1
采育	cǎi yù	46410	ai-ei,c-ch	1
餐券	cān quàn	46412	an-ang,uan-uang,c-ch,j-q-x	1
惭色	cán sè	46414	an-ang,c-ch,s-sh	1
藏拙	cáng zhuō	46415	an-ang,ua-uo,z-zh,c-ch	1
侧击	cè jī	46416	c-ch,j-q-x	1
禅堂	chán táng	46417	an-ang,c-ch	1
超等	chāo děng	46419	en-eng,ao-ou,c-ch	1
潮位	cháo wèi	46421	ai-ei,ao-ou,c-ch	1
吵翻	chǎo fān	46422	an-ang,ao-ou,c-ch,h-f	1
炒家	chǎo jiā	46423	ao-ou,ia-ie,c-ch,j-q-x	1
车检	chē jiǎn	46424	ian-iang,c-ch,j-q-x	1
陈粮	chén liáng	46425	en-eng,ian-iang,c-ch,n-l,r-l	1
衬垫	chèn diàn	46426	en-eng,ian-iang,c-ch	1
趁便	chèn biàn	46427	en-eng,ian-iang,c-ch	1
称绝	chēng jué	46428	en-eng,c-ch,j-q-x	1
成章	chéng zhāng	46429	en-eng,an-ang,z-zh,c-ch	1
秤盘	chèng pán	46430	en-eng,an-ang,c-ch	1
尺蠖	chǐ huò	46431	ua-uo,c-ch,h-f	3
冲犯	chōng fàn	46432	an-ang,c-ch,h-f	1
雏菊	chú jú	46435	c-ch,j-q-x	1
垂髫	chuí tiáo	46436	c-ch	3
春宵	chūn xiāo	46437	c-ch,j-q-x	1
蠢物	chǔn wù	46438	c-ch	1
戳记	chuō jì	46439	ua-uo,c-ch,j-q-x	1
辞岁	cí suì	46440	c-ch,s-sh	1
促请	cù qǐng	46442	in-ing,c-ch,j-q-x	1
村学	cūn xué	46443	c-ch,j-q-x	1
存期	cún qī	46444	c-ch,j-q-x	1
单发	dān fā	46450	an-ang,h-f	1
当路	dāng lù	46451	an-ang,n-l,r-l	1
盗案	dào àn	46452	an-ang,ao-ou	1
道情	dào qíng	46453	in-ing,ao-ou,j-q-x	1
敌友	dí yǒu	46455	ao-ou	1
锭子	dìng zi	46458	in-ing,z-zh	3
伐区	fá qū	46459	h-f,j-q-x	1
发带	fà dài	46461	ai-ei,h-f	1
反派	fǎn pài	46462	an-ang,ai-ei,h-f	1
方糖	fāng táng	46464	an-ang,h-f	1
纺锭	fǎng dìng	46466	in-ing,an-ang,h-f	3
纺丝	fǎng sī	46467	an-ang,s-sh,h-f	1
股迷	gǔ mí	46468		1
飞眼	fēi yǎn	46469	an-ang,ai-ei,h-f	1
分针	fēn zhēn	46470	en-eng,z-zh,h-f	1
奋臂	fèn bì	46471	en-eng,h-f	1
风道	fēng dào	46472	en-eng,ao-ou,h-f	1
风灯	fēng dēng	46473	en-eng,h-f	1
风斗	fēng dǒu	46474	en-eng,ao-ou,h-f	1
封镜	fēng jìng	46475	en-eng,in-ing,h-f,j-q-x	1
缝线	féng xiàn	46476	en-eng,ian-iang,h-f,j-q-x	1
佛号	fó hào	46477	ao-ou,h-f	1
赋有	fù yǒu	46479	ao-ou,h-f	1
钢窗	gāng chuāng	46480	an-ang,uan-uang,c-ch	1
高爽	gāo shuǎng	46481	uan-uang,ao-ou,s-sh	1
歌谱	gē pǔ	46483		1
格纸	gé zhǐ	46484	z-zh	1
贡缎	gòng duàn	46486	uan-uang	1
贡酒	gòng jiǔ	46487	j-q-x	1
勾留	gōu liú	46488	ao-ou,n-l,r-l	1
狗胆	gǒu dǎn	46489	an-ang,ao-ou	1
够数	gòu shù	46490	ao-ou,s-sh	1
股利	gǔ lì	46491	n-l,r-l	1
骨殖	gǔ shi	46492	s-sh	1
挂碍	guà ài	46493	ai-ei,ua-uo	1
挂记	guà jì	46494	ua-uo,j-q-x	1
乖僻	guāi pì	46495		1
归向	guī xiàng	46496	ian-iang,j-q-x	1
寒苦	hán kǔ	46497	an-ang,h-f	1
焊枪	hàn qiāng	46499	an-ang,ian-iang,h-f,j-q-x	1
衡器	héng qì	46502	en-eng,h-f,j-q-x	1
红狐	hóng hú	46503	h-f	1
鸿儒	hóng rú	46505	h-f,r-l	1
护持	hù chí	46508	c-ch,h-f	1
回锅	huí guō	46510	ua-uo,h-f	1
火碱	huǒ jiǎn	46512	ian-iang,ua-uo,h-f,j-q-x	1
火性	huǒ xìng	46513	in-ing,ua-uo,h-f,j-q-x	1
货样	huò yàng	46514	an-ang,ua-uo,h-f	1
继嗣	jì sì	46517	s-sh,j-q-x	3
寄递	jì dì	46518	j-q-x	1
尖椒	jiān jiāo	46520	ian-iang,j-q-x	1
减薪	jiǎn xīn	46522	in-ing,ian-iang,j-q-x	1
箭楼	jiàn lóu	46524	ian-iang,ao-ou,n-l,r-l,j-q-x	1
界标	jiè biāo	46525	ia-ie,j-q-x	1
精要	jīng yào	46528	in-ing,ao-ou,j-q-x	1
胫骨	jìng gǔ	46529	in-ing,j-q-x	3
酒浆	jiǔ jiāng	46531	ian-iang,j-q-x	1
具结	jù jié	46533	ia-ie,j-q-x	1
决死	jué sǐ	46534	s-sh,j-q-x	1
绝学	jué xué	46535	j-q-x	1
军徽	jūn huī	46536	h-f,j-q-x	1
楷体	kǎi tǐ	46537	ai-ei	1
科盲	kē máng	46539	an-ang	1
渴慕	kě mù	46540		1
酷虐	kù nüè	46541	n-l	1
胯下	kuà xià	46542	ia-ie,ua-uo,j-q-x	3
宽体	kuān tǐ	46543	uan-uang	1
馈送	kuì sòng	46544	s-sh	1
揽储	lǎn chǔ	46546	an-ang,c-ch,n-l,r-l	1
老汤	lǎo tāng	46547	an-ang,ao-ou,n-l,r-l	1
冷菜	lěng cài	46548	en-eng,ai-ei,c-ch,n-l,r-l	1
冷敷	lěng fū	46549	en-eng,n-l,h-f,r-l	1
利爪	lì zhǎo	46550	ao-ou,z-zh,n-l,r-l	1
连冠	lián guàn	46551	ian-iang,uan-uang,n-l,r-l	1
撩逗	liáo dòu	46553	ao-ou,n-l,r-l	1
猎食	liè shí	46554	ia-ie,s-sh,n-l,r-l	1
凌波	líng bō	46555	in-ing,n-l,r-l	1
埋名	mái míng	46558	in-ing,ai-ei	1
漫话	màn huà	46560	an-ang,ua-uo,h-f	1
孟春	mèng chūn	46562	en-eng,c-ch	1
面塑	miàn sù	46563	ian-iang,s-sh	1
末座	mò zuò	46564	ua-uo,z-zh	1
墨线	mò xiàn	46565	ian-iang,j-q-x	1
磨扇	mò shàn	46566	an-ang,s-sh	1
木锨	mù xiān	46567	ian-iang,j-q-x	3
男模	nán mó	46569	an-ang,n-l	1
赧然	nǎn rán	46570	an-ang,n-l,r-l	3
脑室	nǎo shì	46571	ao-ou,s-sh,n-l	1
内退	nèi tuì	46572	ai-ei,n-l	1
内兄	nèi xiōng	46573	ai-ei,n-l,j-q-x	1
黏糊	nián hu	46575	ian-iang,n-l,h-f	3
尿急	niào jí	46576	n-l,j-q-x	1
捏弄	niē nòng	46577	ia-ie,n-l	1
扭摆	niǔ bǎi	46578	ai-ei,n-l	1
怒族	nù zú	46579	z-zh,n-l	1
女车	nǚ chē	46580	c-ch,n-l	1
俳句	pái jù	46581	ai-ei,j-q-x	3
盘费	pán fèi	46582	an-ang,ai-ei,h-f	1
配货	pèi huò	46585	ai-ei,ua-uo,h-f	1
皮件	pí jiàn	46586	ian-iang,j-q-x	1
平装	píng zhuāng	46587	in-ing,uan-uang,z-zh	1
凭仗	píng zhàng	46588	in-ing,an-ang,z-zh	1
牵系	qiān xì	46591	ian-iang,j-q-x	1
签筒	qiān tǒng	46592	ian-iang,j-q-x	1
浅白	qiǎn bái	46594	ian-iang,ai-ei,j-q-x	1
跄踉	qiàng liàng	46595	ian-iang,n-l,r-l,j-q-x	2
雀子	qiāo zi	46596	z-zh,j-q-x	1
清醇	qīng chún	46599	in-ing,c-ch,j-q-x	1
清口	qīng kǒu	46600	in-ing,ao-ou,j-q-x	1
情痴	qíng chī	46601	in-ing,c-ch,j-q-x	1
球操	qiú cāo	46603	ao-ou,c-ch,j-q-x	1
祛斑	qū bān	46604	an-ang,j-q-x	3
权变	quán biàn	46607	ian-iang,uan-uang,j-q-x	1
权欲	quán yù	46608	uan-uang,j-q-x	1
荣归	róng guī	46611	r-l	1
散学	sàn xué	46613	an-ang,s-sh,j-q-x	1
善类	shàn lèi	46616	an-ang,ai-ei,s-sh,n-l,r-l	1
擅入	shàn rù	46617	an-ang,s-sh,r-l	1
上家	shàng jiā	46618	an-ang,ia-ie,s-sh,j-q-x	1
舍弟	shè dì	46621	s-sh	1
市两	shì liǎng	46627	ian-iang,s-sh,n-l,r-l	1
侍应	shì yìng	46629	in-ing,s-sh	1
谥号	shì hào	46631	ao-ou,s-sh,h-f	3
手戳	shǒu chuō	46632	ao-ou,ua-uo,c-ch,s-sh	1
手生	shǒu shēng	46633	en-eng,ao-ou,s-sh	1
守孝	shǒu xiào	46635	ao-ou,s-sh,j-q-x	1
殊勋	shū xūn	46636	s-sh,j-q-x	1
水垢	shuǐ gòu	46639	ao-ou,s-sh	1
私念	sī niàn	46642	ian-iang,s-sh,n-l	1
酥糖	sū táng	46644	an-ang,s-sh	1
塔松	tǎ sōng	46647	s-sh	1
摊放	tān fàng	46648	an-ang,h-f	1
叨光	tāo guāng	46650	uan-uang,ao-ou	1
特行	tè háng	46651	an-ang,h-f	1
踢腾	tī teng	46653	en-eng	1
天车	tiān chē	46655	ian-iang,c-ch	1
帮贴	bāng tiē	46656	an-ang,ia-ie	1
停妥	tíng tuǒ	46658	in-ing,ua-uo	1
投喂	tóu wèi	46659	ai-ei,ao-ou	1
推挤	tuī jǐ	46664	j-q-x	1
脱位	tuō wèi	46665	ai-ei,ua-uo	1
外财	wài cái	46666	ai-ei,c-ch	1
晚春	wǎn chūn	46667	an-ang,c-ch	1
帷帐	wéi zhàng	46669	an-ang,ai-ei,z-zh	1
侮慢	wǔ màn	46671	an-ang	1
息肩	xī jiān	46672	ian-iang,j-q-x	1
惜力	xī lì	46673	n-l,r-l,j-q-x	1
犀角	xī jiǎo	46674	j-q-x	1
喜帖	xǐ tiě	46675	ia-ie,j-q-x	1
喜筵	xǐ yán	46676	an-ang,j-q-x	3
细柔	xì róu	46679	ao-ou,r-l,j-q-x	1
下辈	xià bèi	46681	ai-ei,ia-ie,j-q-x	1
下乘	xià chéng	46682	en-eng,ia-ie,c-ch,j-q-x	1
下奶	xià nǎi	46684	ai-ei,ia-ie,n-l,j-q-x	1
鲜润	xiān rùn	46685	ian-iang,r-l,j-q-x	1
香醇	xiāng chún	46687	ian-iang,c-ch,j-q-x	1
响鞭	xiǎng biān	46688	ian-iang,j-q-x	1
相纸	xiāng zhǐ	46689	ian-iang,z-zh,j-q-x	1
橡子	xiàng zi	46690	ian-iang,z-zh,j-q-x	1
凶案	xiōng àn	46693	an-ang,j-q-x	1
雄文	xióng wén	46694	en-eng,j-q-x	1
绣房	xiù fáng	46695	an-ang,h-f,j-q-x	1
寻隙	xún xì	46697	j-q-x	1
烟酸	yān suān	46698	an-ang,uan-uang,s-sh	1
艳史	yàn shǐ	46699	an-ang,s-sh	1
雁行	yàn háng	46700	an-ang,h-f	1
腰果	yāo guǒ	46701	ao-ou,ua-uo	1
药饵	yào ěr	46702	ao-ou	1
药械	yào xiè	46703	ao-ou,ia-ie,j-q-x	1
遗毒	yí dú	46704		1
遗照	yí zhào	46705	ao-ou,z-zh	1
幽寂	yōu jì	46707	ao-ou,j-q-x	1
悠荡	yōu dàng	46708	an-ang,ao-ou	1
油鸡	yóu jī	46710	ao-ou,j-q-x	1
雨意	yǔ yì	46712		1
狱医	yù yī	46715		1
渊深	yuān shēn	46716	en-eng,uan-uang,s-sh	1
原棉	yuán mián	46717	ian-iang,uan-uang	1
约言	yuē yán	46719	an-ang	1
月轮	yuè lún	46720	n-l,r-l	1
韵母	yùn mǔ	46722		1
咂舌	zā shé	46723	z-zh,s-sh	3
择期	zé qī	46724	z-zh,j-q-x	1
债户	zhài hù	46727	ai-ei,z-zh,h-f	1
展宽	zhǎn kuān	46728	an-ang,uan-uang,z-zh	1
站票	zhàn piào	46729	an-ang,z-zh	1
招办	zhāo bàn	46731	an-ang,ao-ou,z-zh	1
折纸	zhé zhǐ	46732	z-zh	1
针法	zhēn fǎ	46733	en-eng,z-zh,h-f	1
雉鸡	zhì jī	46734	z-zh,j-q-x	3
中耳	zhōng ěr	46735	z-zh	1
忠骨	zhōng gǔ	46736	z-zh	1
中彩	zhōng cǎi	46737	ai-ei,z-zh,c-ch	1
主枝	zhǔ zhī	46738	z-zh	1
砖茶	zhuān chá	46740	uan-uang,z-zh,c-ch	1
准假	zhǔn jià	46742	ia-ie,z-zh,j-q-x	1
棕熊	zōng xióng	46744	z-zh,j-q-x	1
族权	zú quán	46745	uan-uang,z-zh,j-q-x	1
醉乡	zuì xiāng	46746	ian-iang,z-zh,j-q-x	1
碍难	ài nán	46748	an-ang,ai-ei,n-l	1
按例	àn lì	46750	an-ang,n-l,r-l	1
摆荡	bǎi dàng	46752	an-ang,ai-ei	1
败火	bài huǒ	46753	ai-ei,ua-uo,h-f	1
班期	bān qī	46754	an-ang,j-q-x	1
伴郎	bàn láng	46755	an-ang,n-l,r-l	1
认床	rèn chuáng	46756	en-eng,uan-uang,c-ch,r-l	1
伴同	bàn tóng	46757	an-ang	1
盘店	pán diàn	46758	an-ang,ian-iang	1
抱恨	bào hèn	46759	en-eng,ao-ou,h-f	1
暴毙	bào bì	46760	ao-ou	1
备注	bèi zhù	46761	ai-ei,z-zh	1
绷子	bēng zi	46762	en-eng,z-zh	1
便帽	biàn mào	46763	ian-iang,ao-ou	1
嘴稳	zuǐ wěn	46764	en-eng,z-zh	1
便桶	biàn tǒng	46765	ian-iang	1
遍于	biàn yú	46766	ian-iang	1
别情	bié qíng	46767	in-ing,ia-ie,j-q-x	1
伯劳	bó láo	46770	ao-ou,n-l,r-l	1
补漏	bǔ lòu	46771	ao-ou,n-l,r-l	1
部类	bù lèi	46772	ai-ei,n-l,r-l	1
簿册	bù cè	46773	c-ch	1
参拍	cān pāi	46774	an-ang,ai-ei,c-ch	1
参悟	cān wù	46775	an-ang,c-ch	1
蚕蛾	cán é	46776	an-ang,c-ch	1
测光	cè guāng	46777	uan-uang,c-ch	1
插叙	chā xù	46778	c-ch,j-q-x	1
缠扰	chán rǎo	46779	an-ang,ao-ou,c-ch,r-l	1
长物	cháng wù	46780	an-ang,c-ch	1
长斋	cháng zhāi	46781	an-ang,ai-ei,z-zh,c-ch	1
常量	cháng liàng	46783	an-ang,ian-iang,c-ch,n-l,r-l	1
陈酿	chén niàng	46785	en-eng,ian-iang,c-ch,n-l	1
成约	chéng yuē	46786	en-eng,c-ch	1
痴笑	chī xiào	46787	c-ch,j-q-x	1
重样	chóng yàng	46788	an-ang,c-ch	1
刊授	kān shòu	46789	an-ang,ao-ou,s-sh	1
丑相	chǒu xiàng	46790	ian-iang,ao-ou,c-ch,j-q-x	1
出脱	chū tuō	46794	ua-uo,c-ch	1
储金	chǔ jīn	46795	in-ing,c-ch,j-q-x	1
窗扇	chuāng shàn	46796	an-ang,uan-uang,c-ch,s-sh	1
休市	xiū shì	46797	s-sh,j-q-x	1
辞让	cí ràng	46798	an-ang,c-ch,r-l	1
蹿跳	cuān tiào	46799	uan-uang,c-ch	3
窜改	cuàn gǎi	46800	uan-uang,ai-ei,c-ch	1
错漏	cuò lòu	46801	ao-ou,ua-uo,c-ch,n-l,r-l	1
淫邪	yín xié	46803	in-ing,ia-ie,j-q-x	1
打夯	dǎ hāng	46804	an-ang,h-f	1
打呼	dǎ hū	46805	h-f	1
呆痴	dāi chī	46809	ai-ei,c-ch	1
待考	dài kǎo	46811	ai-ei,ao-ou	1
丹砂	dān shā	46812	an-ang,s-sh	1
单轨	dān guǐ	46813	an-ang	1
单过	dān guò	46814	an-ang,ua-uo	1
单挑	dān tiǎo	46815	an-ang	1
党证	dǎng zhèng	46818	en-eng,an-ang,z-zh	1
导轨	dǎo guǐ	46819	ao-ou	1
倒换	dǎo huàn	46821	uan-uang,ao-ou,h-f	1
倒替	dǎo tì	46822	ao-ou	1
倒锁	dào suǒ	46823	ao-ou,ua-uo,s-sh	1
抵近	dǐ jìn	46825	in-ing,j-q-x	1
底襟	dǐ jīn	46826	in-ing,j-q-x	1
电示	diàn shì	46829	ian-iang,s-sh	1
凋残	diāo cán	46831	an-ang,c-ch	3
钉耙	dīng pá	46832	in-ing	1
冬储	dōng chǔ	46833	c-ch	1
冻肉	dòng ròu	46834	ao-ou,r-l	1
豆蔻	dòu kòu	46835	ao-ou	3
独女	dú nǚ	46837	n-l	1
队日	duì rì	46838	r-l	1
恶疾	è jí	46839	j-q-x	1
放话	fàng huà	46843	an-ang,ua-uo,h-f	1
肥差	féi chāi	46844	ai-ei,c-ch,h-f	1
分肥	fēn féi	46845	en-eng,ai-ei,h-f	1
复业	fù yè	46847	h-f	1
腹诽	fù fěi	46848	ai-ei,h-f	1
甘雨	gān yǔ	46849	an-ang	1
钢渣	gāng zhā	46851	an-ang,z-zh	1
槁木	gǎo mù	46854	ao-ou	3
蛤蚧	gé jiè	46855	ia-ie,j-q-x	3
工细	gōng xì	46856	j-q-x	1
关厢	guān xiāng	46857	ian-iang,uan-uang,j-q-x	1
灌制	guàn zhì	46858	uan-uang,z-zh	1
滚沸	gǔn fèi	46859	ai-ei,h-f	1
国色	guó sè	46860	ua-uo,s-sh	1
海菜	hǎi cài	46861	ai-ei,c-ch,h-f	1
海况	hǎi kuàng	46862	uan-uang,ai-ei,h-f	1
汗腺	hàn xiàn	46863	an-ang,ian-iang,h-f,j-q-x	1
旱獭	hàn tǎ	46864	an-ang,h-f	3
合手	hé shǒu	46865	ao-ou,s-sh,h-f	1
红榜	hóng bǎng	46867	an-ang,h-f	1
护渔	hù yú	46869	h-f	1
花信	huā xìn	46870	in-ing,ua-uo,h-f,j-q-x	1
换亲	huàn qīn	46871	in-ing,uan-uang,h-f,j-q-x	1
灰泥	huī ní	46875	n-l,h-f	1
回生	huí shēng	46876	en-eng,s-sh,h-f	1
秽亵	huì xiè	46877	ia-ie,h-f,j-q-x	3
浑朴	hún pǔ	46878	h-f	1
吉言	jí yán	46881	an-ang,j-q-x	1
急湍	jí tuān	46882	uan-uang,j-q-x	3
健朗	jiàn lǎng	46886	an-ang,ian-iang,n-l,r-l,j-q-x	1
渐显	jiàn xiǎn	46887	ian-iang,j-q-x	1
娇宠	jiāo chǒng	46888	c-ch,j-q-x	1
胶靴	jiāo xuē	46889	j-q-x	1
绞架	jiǎo jià	46890	ia-ie,j-q-x	1
校场	jiào chǎng	46891	an-ang,c-ch,j-q-x	1
教本	jiào běn	46892	en-eng,j-q-x	1
教习	jiào xí	46893	j-q-x	1
接骨	jiē gǔ	46894	ia-ie,j-q-x	1
金砖	jīn zhuān	46895	in-ing,uan-uang,z-zh,j-q-x	1
筋络	jīn luò	46896	in-ing,ua-uo,n-l,r-l,j-q-x	1
尽孝	jìn xiào	46897	in-ing,j-q-x	1
进谏	jìn jiàn	46898	in-ing,ian-iang,j-q-x	3
精义	jīng yì	46899	in-ing,j-q-x	1
酒酿	jiǔ niàng	46900	ian-iang,n-l,j-q-x	1
酒曲	jiǔ qū	46901	j-q-x	1
旧地	jiù dì	46902	j-q-x	1
就里	jiù lǐ	46904	n-l,r-l,j-q-x	1
卡尺	kǎ chǐ	46905	c-ch	1
快事	kuài shì	46906	s-sh	1
旷远	kuàng yuǎn	46907	uan-uang	1
类聚	lèi jù	46910	ai-ei,n-l,r-l,j-q-x	1
离岛	lí dǎo	46911	ao-ou,n-l,r-l	1
里手	lǐ shǒu	46912	ao-ou,s-sh,n-l,r-l	1
力荐	lì jiàn	46913	ian-iang,n-l,r-l,j-q-x	1
恋战	liàn zhàn	46914	an-ang,ian-iang,z-zh,n-l,r-l	1
粮囤	liáng dùn	46915	ian-iang,n-l,r-l	1
料酒	liào jiǔ	46916	n-l,r-l,j-q-x	1
猎装	liè zhuāng	46918	uan-uang,ia-ie,z-zh,n-l,r-l	1
楼船	lóu chuán	46920	uan-uang,ao-ou,c-ch,n-l,r-l	1
绿篱	lǜ lí	46923	n-l,r-l	1
霉斑	méi bān	46928	an-ang,ai-ei	1
蒙医	měng yī	46930	en-eng	1
迷误	mí wù	46931		1
迷阵	mí zhèn	46932	en-eng,z-zh	1
密函	mì hán	46933	an-ang,h-f	1
妙年	miào nián	46936	ian-iang,n-l	1
民校	mín xiào	46937	in-ing,j-q-x	1
内愧	nèi kuì	46939	ai-ei,n-l	1
尿检	niào jiǎn	46941	ian-iang,n-l,j-q-x	1
奴化	nú huà	46942	ua-uo,n-l,h-f	1
女墙	nǚ qiáng	46943	ian-iang,n-l,j-q-x	1
女优	nǚ yōu	46944	ao-ou,n-l	1
炮位	pào wèi	46946	ai-ei,ao-ou	1
平权	píng quán	46947	in-ing,uan-uang,j-q-x	1
评阅	píng yuè	46948	in-ing	1
氆氇	pǔ lu	46950	n-l,r-l	2
起灵	qǐ líng	46952	in-ing,n-l,r-l,j-q-x	1
蜣螂	qiāng láng	46955	an-ang,ian-iang,n-l,r-l,j-q-x	2
青虾	qīng xiā	46958	in-ing,ia-ie,j-q-x	1
肉刑	ròu xíng	46960	in-ing,ao-ou,r-l,j-q-x	1
入仓	rù cāng	46961	an-ang,c-ch,r-l	1
入档	rù dàng	46962	an-ang,r-l	1
软糖	ruǎn táng	46963	an-ang,uan-uang,r-l	1
软梯	ruǎn tī	46964	uan-uang,r-l	1
撒种	sǎ zhǒng	46966	z-zh,s-sh	1
飒爽	sà shuǎng	46967	uan-uang,s-sh	3
散曲	sǎn qǔ	46968	an-ang,s-sh,j-q-x	1
散闷	sàn mèn	46969	en-eng,an-ang,s-sh	1
色子	shǎi zi	46970	ai-ei,z-zh,s-sh	1
设摊	shè tān	46972	an-ang,s-sh	1
升压	shēng yā	46973	en-eng,s-sh	1
失责	shī zé	46976	z-zh,s-sh	1
师门	shī mén	46977	en-eng,s-sh	1
试讲	shì jiǎng	46978	ian-iang,s-sh,j-q-x	1
手谈	shǒu tán	46980	an-ang,ao-ou,s-sh	1
守擂	shǒu lèi	46981	ai-ei,ao-ou,s-sh,n-l,r-l	1
叔祖	shū zǔ	46982	z-zh,s-sh	1
熟手	shú shǒu	46983	ao-ou,s-sh	1
鼠辈	shǔ bèi	46984	ai-ei,s-sh	1
要钱	yào qián	46985	ian-iang,ao-ou,j-q-x	1
爽脆	shuǎng cuì	46986	uan-uang,c-ch,s-sh	1
水床	shuǐ chuáng	46987	uan-uang,c-ch,s-sh	1
私邸	sī dǐ	46988	s-sh	3
素餐	sù cān	46990	an-ang,c-ch,s-sh	1
踏空	tà kōng	46991		1
套红	tào hóng	46994	ao-ou,h-f	1
套语	tào yǔ	46995	ao-ou	1
替工	tì gōng	46997		1
添丁	tiān dīng	46998	in-ing,ian-iang	1
铁工	tiě gōng	46999	ia-ie	1
听便	tīng biàn	47001	in-ing,ian-iang	1
停灵	tíng líng	47002	in-ing,n-l,r-l	1
通便	tōng biàn	47003	ian-iang	1
图卷	tú juàn	47004	uan-uang,j-q-x	1
土货	tǔ huò	47005	ua-uo,h-f	1
团徽	tuán huī	47006	uan-uang,h-f	1
推及	tuī jí	47007	j-q-x	1
挽幛	wǎn zhàng	47010	an-ang,z-zh	3
婉谢	wǎn xiè	47011	an-ang,ia-ie,j-q-x	1
妄说	wàng shuō	47012	an-ang,ua-uo,s-sh	1
萎谢	wěi xiè	47013	ai-ei,ia-ie,j-q-x	1
五岭	wǔ lǐng	47017	in-ing,n-l,r-l	1
细菜	xì cài	47018	ai-ei,c-ch,j-q-x	1
细润	xì rùn	47019	r-l,j-q-x	1
纤秀	xiān xiù	47020	ian-iang,j-q-x	1
籼米	xiān mǐ	47021	ian-iang,j-q-x	3
闲篇	xián piān	47022	ian-iang,j-q-x	1
乡谊	xiāng yì	47023	ian-iang,j-q-x	1
响板	xiǎng bǎn	47024	an-ang,ian-iang,j-q-x	1
向午	xiàng wǔ	47025	ian-iang,j-q-x	1
下套	xià tào	47026	ao-ou,ia-ie,j-q-x	1
形声	xíng shēng	47029	en-eng,in-ing,s-sh,j-q-x	1
雄蜂	xióng fēng	47031	en-eng,h-f,j-q-x	1
修读	xiū dú	47033	j-q-x	1
须子	xū zi	47034	z-zh,j-q-x	1
虚言	xū yán	47035	an-ang,j-q-x	1
喧噪	xuān zào	47036	uan-uang,ao-ou,z-zh,j-q-x	1
训条	xùn tiáo	47039	j-q-x	1
训责	xùn zé	47040	z-zh,j-q-x	1
雅思	yǎ sī	47041	s-sh	1
延搁	yán gē	47043	an-ang	1
言欢	yán huān	47044	an-ang,uan-uang,h-f	1
扬程	yáng chéng	47046	en-eng,an-ang,c-ch	1
羊毫	yáng háo	47047	an-ang,ao-ou,h-f	1
佯言	yáng yán	47048	an-ang	3
要图	yào tú	47049	ao-ou	1
阴平	yīn píng	47055	in-ing	1
应敌	yìng dí	47056	in-ing	1
涌潮	yǒng cháo	47059	ao-ou,c-ch	1
诱供	yòu gòng	47061	ao-ou	1
羽扇	yǔ shàn	47062	an-ang,s-sh	1
雨刷	yǔ shuā	47063	ua-uo,s-sh	1
雨燕	yǔ yàn	47064	an-ang	1
杂糅	zá róu	47068	ao-ou,z-zh,r-l	3
择交	zé jiāo	47070	z-zh,j-q-x	1
轧机	zhá jī	47071	z-zh,j-q-x	1
宅邸	zhái dǐ	47072	ai-ei,z-zh	3
择菜	zhái cài	47073	ai-ei,z-zh,c-ch	1
战勤	zhàn qín	47075	in-ing,an-ang,z-zh,j-q-x	1
招干	zhāo gān	47076	an-ang,ao-ou,z-zh	1
招赘	zhāo zhuì	47077	ao-ou,z-zh	1
照付	zhào fù	47078	ao-ou,z-zh,h-f	1
蒸饺	zhēng jiǎo	47080	en-eng,z-zh,j-q-x	1
整枝	zhěng zhī	47081	en-eng,z-zh	1
纸版	zhǐ bǎn	47084	an-ang,z-zh	1
中伏	zhōng fú	47085	z-zh,h-f	1
中装	zhōng zhuāng	47086	uan-uang,z-zh	1
种蛋	zhǒng dàn	47087	an-ang,z-zh	1
抓饭	zhuā fàn	47090	an-ang,ua-uo,z-zh,h-f	1
卓立	zhuó lì	47092	ua-uo,z-zh,n-l,r-l	1
资力	zī lì	47093	z-zh,n-l,r-l	1
纵目	zòng mù	47095	z-zh	1
嘴甜	zuǐ tián	47096	ian-iang,z-zh	1
搬移	bān yí	47098	an-ang	1
板式	bǎn shì	47099	an-ang,s-sh	1
板刷	bǎn shuā	47100	an-ang,ua-uo,s-sh	1
伴音	bàn yīn	47101	in-ing,an-ang	1
包赔	bāo péi	47102	ai-ei,ao-ou	1
包票	bāo piào	47103	ao-ou	1
报审	bào shěn	47104	en-eng,ao-ou,s-sh	1
暴尸	bào shī	47106	ao-ou,s-sh	1
编订	biān dìng	47108	in-ing,ian-iang	1
便笺	biàn jiān	47109	ian-iang,j-q-x	3
便鞋	biàn xié	47110	ian-iang,ia-ie,j-q-x	1
辩难	biàn nàn	47111	an-ang,ian-iang,n-l	1
辩手	biàn shǒu	47112	ian-iang,ao-ou,s-sh	1
标图	biāo tú	47113		1
冰坨	bīng tuó	47114	in-ing,ua-uo	3
屏除	bǐng chú	47115	in-ing,c-ch	1
驳议	bó yì	47116		1
菜瓜	cài guā	47120	ai-ei,ua-uo,c-ch	1
菜式	cài shì	47121	ai-ei,c-ch,s-sh	1
插条	chā tiáo	47122	c-ch	1
查寻	chá xún	47123	c-ch,j-q-x	1
常轨	cháng guǐ	47126	an-ang,c-ch	1
超绝	chāo jué	47127	ao-ou,c-ch,j-q-x	1
抻面	chēn miàn	47128	en-eng,ian-iang,c-ch	3
尘俗	chén sú	47129	en-eng,c-ch,s-sh	1
衬裙	chèn qún	47130	en-eng,c-ch,j-q-x	1
承情	chéng qíng	47131	en-eng,in-ing,c-ch,j-q-x	1
冲泡	chōng pào	47134	ao-ou,c-ch	1
抽选	chōu xuǎn	47135	uan-uang,ao-ou,c-ch,j-q-x	1
除湿	chú shī	47137	c-ch,s-sh	1
丛杂	cóng zá	47139	z-zh,c-ch	1
凑手	còu shǒu	47140	ao-ou,c-ch,s-sh	1
打闪	dǎ shǎn	47141	an-ang,s-sh	1
呆笨	dāi bèn	47144	en-eng,ai-ei	1
掸子	dǎn zi	47146	an-ang,z-zh	3
倒手	dǎo shǒu	47148	ao-ou,s-sh	1
倒装	dào zhuāng	47149	uan-uang,ao-ou,z-zh	1
盗运	dào yùn	47150	ao-ou	1
等差	děng chā	47151	en-eng,c-ch	1
垫儿	diàn er	47153	ian-iang	1
吊打	diào dǎ	47154		1
钓饵	diào ěr	47155		1
豆秸	dòu jiē	47156	ao-ou,ia-ie,j-q-x	1
渡桥	dù qiáo	47157	j-q-x	1
堆栈	duī zhàn	47158	an-ang,z-zh	1
遁世	dùn shì	47159	s-sh	3
饿饭	è fàn	47160	an-ang,h-f	1
二婚	èr hūn	47161	h-f	1
坟冢	fén zhǒng	47166	en-eng,z-zh,h-f	3
蜂胶	fēng jiāo	47167	en-eng,h-f,j-q-x	1
奉赠	fèng zèng	47168	en-eng,z-zh,h-f	1
服式	fú shì	47169	s-sh,h-f	1
浮滑	fú huá	47170	ua-uo,h-f	1
浮尸	fú shī	47171	s-sh,h-f	1
辅修	fǔ xiū	47172	h-f,j-q-x	1
附白	fù bái	47173	ai-ei,h-f	1
歌本	gē běn	47174	en-eng	1
个位	gè wèi	47175	ai-ei	1
官运	guān yùn	47179	uan-uang	1
贵体	guì tǐ	47181		1
滚梯	gǔn tī	47182		1
国丧	guó sāng	47183	an-ang,ua-uo,s-sh	1
海蛇	hǎi shé	47184	ai-ei,s-sh,h-f	1
海獭	hǎi tǎ	47185	ai-ei,h-f	3
寒暖	hán nuǎn	47186	an-ang,uan-uang,n-l,h-f	1
旱稻	hàn dào	47187	an-ang,ao-ou,h-f	1
和乐	hé lè	47190	n-l,h-f,r-l	1
河运	hé yùn	47191	h-f	1
黑陶	hēi táo	47193	ai-ei,ao-ou,h-f	1
横列	héng liè	47194	en-eng,ia-ie,n-l,h-f,r-l	1
烘焙	hōng bèi	47195	ai-ei,h-f	3
虎钳	hǔ qián	47199	ian-iang,h-f,j-q-x	1
互见	hù jiàn	47200	ian-iang,h-f,j-q-x	1
化瘀	huà yū	47203	ua-uo,h-f	5
黄书	huáng shū	47205	uan-uang,s-sh,h-f	1
诨号	hùn hào	47208	ao-ou,h-f	3
混编	hùn biān	47209	ian-iang,h-f	1
火柱	huǒ zhù	47212	ua-uo,z-zh,h-f	1
机轮	jī lún	47214	n-l,r-l,j-q-x	1
机运	jī yùn	47215	j-q-x	1
急件	jí jiàn	47216	ian-iang,j-q-x	1
嘉勉	jiā miǎn	47218	ian-iang,ia-ie,j-q-x	1
岬角	jiǎ jiǎo	47219	ia-ie,j-q-x	3
剪票	jiǎn piào	47220	ian-iang,j-q-x	1
简装	jiǎn zhuāng	47221	ian-iang,uan-uang,z-zh,j-q-x	1
溅落	jiàn luò	47222	ian-iang,ua-uo,n-l,r-l,j-q-x	1
僭越	jiàn yuè	47223	ian-iang,j-q-x	3
交恶	jiāo wù	47224	j-q-x	1
交账	jiāo zhàng	47225	an-ang,z-zh,j-q-x	1
娇嗔	jiāo chēn	47226	en-eng,c-ch,j-q-x	3
接产	jiē chǎn	47227	an-ang,ia-ie,c-ch,j-q-x	1
借支	jiè zhī	47229	ia-ie,z-zh,j-q-x	1
禁果	jìn guǒ	47230	in-ing,ua-uo,j-q-x	1
剧务	jù wù	47231	j-q-x	1
绝艺	jué yì	47232	j-q-x	1
蕨菜	jué cài	47233	ai-ei,c-ch,j-q-x	3
扛活	káng huó	47235	an-ang,ua-uo,h-f	1
烤制	kǎo zhì	47236	ao-ou,z-zh	1
刻痕	kè hén	47238	en-eng,h-f	1
经停	jīng tíng	47239	in-ing,j-q-x	1
空口	kōng kǒu	47241	ao-ou	1
叩拜	kòu bài	47242	ai-ei,ao-ou	1
宽舒	kuān shū	47243	uan-uang,s-sh	1
宽余	kuān yú	47244	uan-uang	1
亏负	kuī fù	47245	h-f	1
喟然	kuì rán	47246	an-ang,r-l	3
劳乏	láo fá	47247	ao-ou,n-l,h-f,r-l	1
冷餐	lěng cān	47249	en-eng,an-ang,c-ch,n-l,r-l	1
愣怔	lèng zheng	47250	en-eng,z-zh,n-l,r-l	1
离弃	lí qì	47251	n-l,r-l,j-q-x	1
例句	lì jù	47253	n-l,r-l,j-q-x	1
连坐	lián zuò	47254	ian-iang,ua-uo,z-zh,n-l,r-l	1
霖雨	lín yǔ	47257	in-ing,n-l,r-l	3
领舞	lǐng wǔ	47258	in-ing,n-l,r-l	1
陆运	lù yùn	47260	n-l,r-l	1
路堤	lù dī	47261	n-l,r-l	1
缕述	lǚ shù	47262	s-sh,n-l,r-l	1
落霞	luò xiá	47265	ia-ie,ua-uo,n-l,r-l,j-q-x	1
麻酱	má jiàng	47266	ian-iang,j-q-x	1
盲棋	máng qí	47267	an-ang,j-q-x	1
毛贼	máo zéi	47268	ai-ei,ao-ou,z-zh	1
门警	mén jǐng	47270	en-eng,in-ing,j-q-x	1
秘本	mì běn	47271	en-eng	1
密件	mì jiàn	47272	ian-iang,j-q-x	1
妙境	miào jìng	47273	in-ing,j-q-x	1
沫儿	mò er	47276		1
木莲	mù lián	47277	ian-iang,n-l,r-l	1
泥垢	ní gòu	47281	ao-ou,n-l	1
匿迹	nì jì	47282	n-l,j-q-x	1
年利	nián lì	47283	ian-iang,n-l,r-l	1
牛饮	niú yǐn	47284	in-ing,n-l	1
跑街	pǎo jiē	47285	ao-ou,ia-ie,j-q-x	1
烹煮	pēng zhǔ	47286	en-eng,z-zh	1
飘电	piāo diàn	47287	ian-iang	1
姘妇	pīn fù	47289	in-ing,h-f	3
平服	píng fú	47290	in-ing,h-f	1
平光	píng guāng	47291	in-ing,uan-uang	1
破戒	pò jiè	47292	ia-ie,j-q-x	1
蒲剧	pú jù	47293	j-q-x	1
谱子	pǔ zi	47294	z-zh	1
起旱	qǐ hàn	47296	an-ang,h-f,j-q-x	1
潜隐	qián yǐn	47300	in-ing,ian-iang,j-q-x	1
欠安	qiàn ān	47301	an-ang,ian-iang,j-q-x	1
纤绳	qiàn shéng	47302	en-eng,ian-iang,s-sh,j-q-x	1
峭拔	qiào bá	47303	j-q-x	1
清规	qīng guī	47304	in-ing,j-q-x	1
驱寒	qū hán	47305	an-ang,h-f,j-q-x	1
惹气	rě qì	47306	r-l,j-q-x	1
荣退	róng tuì	47308	r-l	1
柔细	róu xì	47310	ao-ou,r-l,j-q-x	1
肉汁	ròu zhī	47311	ao-ou,z-zh,r-l	1
赛期	sài qī	47312	ai-ei,s-sh,j-q-x	1
色带	sè dài	47315	ai-ei,s-sh	1
杀青	shā qīng	47316	in-ing,s-sh,j-q-x	1
煞尾	shā wěi	47317	ai-ei,s-sh	1
膳宿	shàn sù	47318	an-ang,s-sh	3
上代	shàng dài	47319	an-ang,ai-ei,s-sh	1
手勤	shǒu qín	47322	in-ing,ao-ou,s-sh,j-q-x	1
首度	shǒu dù	47324	ao-ou,s-sh	1
寿酒	shòu jiǔ	47325	ao-ou,s-sh,j-q-x	1
寿面	shòu miàn	47326	ian-iang,ao-ou,s-sh	1
寿筵	shòu yán	47327	an-ang,ao-ou,s-sh	3
疏理	shū lǐ	47328	s-sh,n-l,r-l	1
颂诗	sòng shī	47334	s-sh	1
踏春	tà chūn	47337	c-ch	1
胎动	tāi dòng	47338	ai-ei	1
台盘	tái pán	47339	an-ang,ai-ei	1
太婆	tài pó	47340	ai-ei	1
贪占	tān zhàn	47342	an-ang,z-zh	1
特惠	tè huì	47344	h-f	1
添色	tiān sè	47345	ian-iang,s-sh	1
调幅	tiáo fú	47346	h-f	1
痛恶	tòng wù	47349		1
投亲	tóu qīn	47350	in-ing,ao-ou,j-q-x	1
退亲	tuì qīn	47351	in-ing,j-q-x	1
吞金	tūn jīn	47352	in-ing,j-q-x	1
外功	wài gōng	47353	ai-ei	1
违逆	wéi nì	47355	ai-ei,n-l	1
围屏	wéi píng	47356	in-ing,ai-ei	1
尉官	wèi guān	47357	uan-uang,ai-ei	1
温书	wēn shū	47358	en-eng,s-sh	1
乌鱼	wū yú	47360		1
锡剧	xī jù	47363	j-q-x	1
侠气	xiá qì	47365	ia-ie,j-q-x	1
相扰	xiāng rǎo	47369	ian-iang,ao-ou,r-l,j-q-x	1
香茗	xiāng míng	47370	in-ing,ian-iang,j-q-x	3
小炒	xiǎo chǎo	47372	ao-ou,c-ch,j-q-x	1
谢客	xiè kè	47376	ia-ie,j-q-x	1
星散	xīng sàn	47377	in-ing,an-ang,s-sh,j-q-x	1
星图	xīng tú	47378	in-ing,j-q-x	1
腥膻	xīng shān	47379	in-ing,an-ang,s-sh,j-q-x	3
行劫	xíng jié	47380	in-ing,ia-ie,j-q-x	1
省察	xǐng chá	47381	in-ing,c-ch,j-q-x	1
轩敞	xuān chǎng	47383	an-ang,uan-uang,c-ch,j-q-x	1
言笑	yán xiào	47386	an-ang,j-q-x	1
眼压	yǎn yā	47388	an-ang	1
要诀	yào jué	47389	ao-ou,j-q-x	1
衣钩	yī gōu	47392	ao-ou	1
医理	yī lǐ	47393	n-l,r-l	1
议购	yì gòu	47395	ao-ou	1
异文	yì wén	47396	en-eng	1
银须	yín xū	47398	in-ing,j-q-x	1
硬顶	yìng dǐng	47399	in-ing	1
邮袋	yóu dài	47400	ai-ei,ao-ou	1
诱引	yòu yǐn	47403	in-ing,ao-ou	1
郁愤	yù fèn	47405	en-eng,h-f	1
预征	yù zhēng	47406	en-eng,z-zh	1
瘴疠	zhàng lì	47409	an-ang,z-zh,n-l,r-l	2
蔗农	zhè nóng	47410	z-zh,n-l	1
珍摄	zhēn shè	47411	en-eng,z-zh,s-sh	1
征发	zhēng fā	47412	en-eng,z-zh,h-f	1
整月	zhěng yuè	47413	en-eng,z-zh	1
正手	zhèng shǒu	47414	en-eng,ao-ou,z-zh,s-sh	1
汁水	zhī shui	47415	z-zh,s-sh	1
炙烤	zhì kǎo	47418	ao-ou,z-zh	3
挚诚	zhì chéng	47419	en-eng,z-zh,c-ch	1
轴距	zhóu jù	47420	ao-ou,z-zh,j-q-x	1
主婚	zhǔ hūn	47421	z-zh,h-f	1
追叙	zhuī xù	47423	z-zh,j-q-x	1
准尉	zhǔn wèi	47424	ai-ei,z-zh	1
自贬	zì biǎn	47425	ian-iang,z-zh	1
自拍	zì pāi	47427	ai-ei,z-zh	1
暗潮	àn cháo	47431	an-ang,ao-ou,c-ch	1
扒皮	bā pí	47432		1
把家	bǎ jiā	47433	ia-ie,j-q-x	1
白芷	bái zhǐ	47434	ai-ei,z-zh	3
板房	bǎn fáng	47435	an-ang,h-f	1
宝书	bǎo shū	47437	ao-ou,s-sh	1
刨冰	bào bīng	47438	in-ing,ao-ou	1
备货	bèi huò	47439	ai-ei,ua-uo,h-f	1
蹦高	bèng gāo	47440	en-eng,ao-ou	1
比美	bǐ měi	47441	ai-ei	1
编派	biān pai	47444	ian-iang,ai-ei	1
贬词	biǎn cí	47445	ian-iang,c-ch	1
变工	biàn gōng	47446	ian-iang	1
表带	biǎo dài	47447	ai-ei	1
冰炭	bīng tàn	47448	in-ing,an-ang	1
帛画	bó huà	47449	ua-uo,h-f	3
菜点	cài diǎn	47451	ian-iang,ai-ei,c-ch	1
参谒	cān yè	47452	an-ang,c-ch	3
查检	chá jiǎn	47453	ian-iang,c-ch,j-q-x	1
查收	chá shōu	47454	ao-ou,c-ch,s-sh	1
柴薪	chái xīn	47455	in-ing,ai-ei,c-ch,j-q-x	1
场记	chǎng jì	47456	an-ang,c-ch,j-q-x	1
车照	chē zhào	47458	ao-ou,z-zh,c-ch	1
彻查	chè chá	47459	c-ch	1
沉滞	chén zhì	47460	en-eng,z-zh,c-ch	1
弛缓	chí huǎn	47462	uan-uang,c-ch,h-f	1
重睹	chóng dǔ	47464	c-ch	1
抽缩	chōu suō	47465	ao-ou,ua-uo,c-ch,s-sh	1
抽芽	chōu yá	47466	ao-ou,c-ch	1
初度	chū dù	47467	c-ch	1
串铃	chuàn líng	47470	in-ing,uan-uang,c-ch,n-l,r-l	1
磁疗	cí liáo	47472	c-ch,n-l,r-l	1
催迫	cuī pò	47473	c-ch	1
催芽	cuī yá	47474	c-ch	1
村史	cūn shǐ	47475	c-ch,s-sh	1
打底	dǎ dǐ	47478		1
打票	dǎ piào	47479		1
打弯	dǎ wān	47480	an-ang	1
贷方	dài fāng	47482	an-ang,ai-ei,h-f	1
低哑	dī yǎ	47485		1
低智	dī zhì	47486	z-zh	1
底舱	dǐ cāng	47487	an-ang,c-ch	1
地极	dì jí	47488	j-q-x	1
地龙	dì lóng	47489	n-l,r-l	1
电唁	diàn yàn	47491	an-ang,ian-iang	1
玷辱	diàn rǔ	47494	ian-iang,r-l	1
鼎新	dǐng xīn	47495	in-ing,j-q-x	1
冻雨	dòng yǔ	47496		1
钝角	dùn jiǎo	47497	j-q-x	1
翻浆	fān jiāng	47500	an-ang,ian-iang,h-f,j-q-x	1
方尺	fāng chǐ	47502	an-ang,c-ch,h-f	1
芳姿	fāng zī	47503	an-ang,z-zh,h-f	1
封笔	fēng bǐ	47509	en-eng,h-f	1
付酬	fù chóu	47511	ao-ou,c-ch,h-f	1
钢瓶	gāng píng	47515	in-ing,an-ang	1
驻村	zhù cūn	47516	z-zh,c-ch	1
工料	gōng liào	47517	n-l,r-l	1
公出	gōng chū	47518	c-ch	1
公伤	gōng shāng	47519	an-ang,s-sh	1
供案	gòng àn	47520	an-ang	1
咕隆	gū lōng	47521	n-l,r-l	1
孤愤	gū fèn	47522	en-eng,h-f	1
骨针	gǔ zhēn	47523	en-eng,z-zh	1
估衣	gù yi	47524		1
瓜秧	guā yāng	47525	an-ang,ua-uo	1
挂零	guà líng	47526	in-ing,ua-uo,n-l,r-l	1
冠子	guān zi	47528	uan-uang,z-zh	1
管界	guǎn jiè	47529	uan-uang,ia-ie,j-q-x	1
罐笼	guàn lóng	47530	uan-uang,n-l,r-l	1
龟背	guī bèi	47531	ai-ei	1
含片	hán piàn	47532	an-ang,ian-iang,h-f	1
行款	háng kuǎn	47533	an-ang,uan-uang,h-f	1
好惹	hǎo rě	47534	ao-ou,h-f,r-l	1
和局	hé jú	47536	h-f,j-q-x	1
横笛	héng dí	47538	en-eng,h-f	1
厚谊	hòu yì	47541	ao-ou,h-f	1
荒寂	huāng jì	47543	uan-uang,h-f,j-q-x	1
惶悚	huáng sǒng	47546	uan-uang,s-sh,h-f	3
回驳	huí bó	47547	h-f	1
婚假	hūn jià	47548	ia-ie,h-f,j-q-x	1
火拼	huǒ pīn	47551	in-ing,ua-uo,h-f	1
货流	huò liú	47553	ua-uo,n-l,h-f,r-l	1
齑粉	jī fěn	47555	en-eng,h-f,j-q-x	3
极顶	jí dǐng	47556	in-ing,j-q-x	1
疾进	jí jìn	47557	in-ing,j-q-x	1
祭器	jì qì	47559	j-q-x	1
髻子	jì zi	47560	z-zh,j-q-x	3
家祠	jiā cí	47561	ia-ie,c-ch,j-q-x	1
煎炒	jiān chǎo	47563	ian-iang,ao-ou,c-ch,j-q-x	1
间苗	jiàn miáo	47564	ian-iang,j-q-x	1
胶轮	jiāo lún	47566	n-l,r-l,j-q-x	1
接穗	jiē suì	47567	ia-ie,s-sh,j-q-x	1
金橘	jīn jú	47568	in-ing,j-q-x	1
近战	jìn zhàn	47570	in-ing,an-ang,z-zh,j-q-x	1
九族	jiǔ zú	47572	z-zh,j-q-x	1
开光	kāi guāng	47573	uan-uang,ai-ei	1
课表	kè biǎo	47574		1
空论	kōng lùn	47575	n-l,r-l	1
口蘑	kǒu mó	47577	ao-ou	1
块根	kuài gēn	47578	en-eng	1
溃堤	kuì dī	47579		1
浪峰	làng fēng	47581	en-eng,an-ang,n-l,h-f,r-l	1
老窝	lǎo wō	47582	ao-ou,n-l,r-l	1
冷荤	lěng hūn	47585	en-eng,n-l,h-f,r-l	1
里层	lǐ céng	47586	en-eng,c-ch,n-l,r-l	1
炼乳	liàn rǔ	47588	ian-iang,n-l,r-l	1
燎泡	liáo pào	47589	ao-ou,n-l,r-l	3
劣种	liè zhǒng	47590	ia-ie,z-zh,n-l,r-l	1
灵慧	líng huì	47591	in-ing,n-l,h-f,r-l	1
留底	liú dǐ	47594	n-l,r-l	1
溜子	liù zi	47595	z-zh,n-l,r-l	1
闾里	lǘ lǐ	47597	n-l,r-l	3
糜子	méi zi	47600	ai-ei,z-zh	3
媚气	mèi qì	47601	ai-ei,j-q-x	1
门墩	mén dūn	47602	en-eng	1
迷航	mí háng	47604	an-ang,h-f	1
绵纸	mián zhǐ	47605	ian-iang,z-zh	1
妙品	miào pǐn	47606	in-ing	1
民贼	mín zéi	47607	in-ing,ai-ei,z-zh	1
鸣啭	míng zhuàn	47608	in-ing,uan-uang,z-zh	3
磨烦	mò fan	47611	an-ang,h-f	1
谋虑	móu lǜ	47612	ao-ou,n-l,r-l	1
囊虫	náng chóng	47615	an-ang,c-ch,n-l	1
孽债	niè zhài	47618	ai-ei,ia-ie,z-zh,n-l	1
排炮	pái pào	47619	ai-ei,ao-ou	1
排箫	pái xiāo	47620	ai-ei,j-q-x	1
炮艇	pào tǐng	47621	in-ing,ao-ou	1
喷饭	pēn fàn	47622	en-eng,an-ang,h-f	1
硼砂	péng shā	47623	en-eng,s-sh	3
披巾	pī jīn	47624	in-ing,j-q-x	1
霹雷	pī léi	47625	ai-ei,n-l,r-l	1
评注	píng zhù	47627	in-ing,z-zh	1
扑噜	pū lū	47629	n-l,r-l	3
起货	qǐ huò	47630	ua-uo,h-f,j-q-x	1
铅弹	qiān dàn	47633	an-ang,ian-iang,j-q-x	1
切糕	qiē gāo	47635	ao-ou,ia-ie,j-q-x	1
怯阵	qiè zhèn	47636	en-eng,ia-ie,z-zh,j-q-x	1
琴谱	qín pǔ	47637	in-ing,j-q-x	1
青黛	qīng dài	47638	in-ing,ai-ei,j-q-x	3
青涩	qīng sè	47639	in-ing,s-sh,j-q-x	1
青蒜	qīng suàn	47640	in-ing,uan-uang,s-sh,j-q-x	1
轻吟	qīng yín	47641	in-ing,j-q-x	1
倾洒	qīng sǎ	47642	in-ing,s-sh,j-q-x	1
清册	qīng cè	47643	in-ing,c-ch,j-q-x	1
求师	qiú shī	47644	s-sh,j-q-x	1
驱迫	qū pò	47645	j-q-x	1
绕嘴	rào zuǐ	47646	ao-ou,z-zh,r-l	1
热毒	rè dú	47647	r-l	1
日工	rì gōng	47649	r-l	1
乳剂	rǔ jì	47650	r-l,j-q-x	1
入邪	rù xié	47651	ia-ie,r-l,j-q-x	1
褥套	rù tào	47652	ao-ou,r-l	1
丧志	sàng zhì	47654	an-ang,z-zh,s-sh	1
臊气	sāo qì	47655	ao-ou,s-sh,j-q-x	1
煞车	shā chē	47657	c-ch,s-sh	1
删定	shān dìng	47659	in-ing,an-ang,s-sh	1
筲箕	shāo jī	47661	ao-ou,s-sh,j-q-x	3
哂笑	shěn xiào	47662	en-eng,s-sh,j-q-x	3
升班	shēng bān	47663	en-eng,an-ang,s-sh	1
声母	shēng mǔ	47666	en-eng,s-sh	1
失序	shī xù	47667	s-sh,j-q-x	1
施粉	shī fěn	47668	en-eng,s-sh,h-f	1
试读	shì dú	47669	s-sh	1
舒爽	shū shuǎng	47670	uan-uang,s-sh	1
霜叶	shuāng yè	47673	uan-uang,s-sh	1
水涝	shuǐ lào	47675	ao-ou,s-sh,n-l,r-l	1
水疱	shuǐ pào	47677	ao-ou,s-sh	3
水纹	shuǐ wén	47678	en-eng,s-sh	1
水葬	shuǐ zàng	47679	an-ang,z-zh,s-sh	1
顺服	shùn fú	47680	s-sh,h-f	1
死棋	sǐ qí	47682	s-sh,j-q-x	1
死钱	sǐ qián	47683	ian-iang,s-sh,j-q-x	1
四近	sì jìn	47684	in-ing,s-sh,j-q-x	1
送呈	sòng chéng	47685	en-eng,c-ch,s-sh	1
酸胀	suān zhàng	47686	an-ang,uan-uang,z-zh,s-sh	1
贪求	tān qiú	47687	an-ang,j-q-x	1
逃席	táo xí	47688	ao-ou,j-q-x	1
套袖	tào xiù	47689	ao-ou,j-q-x	1
提词	tí cí	47691	c-ch	1
提手	tí shǒu	47692	ao-ou,s-sh	1
恬适	tián shì	47693	ian-iang,s-sh	1
调级	tiáo jí	47694	j-q-x	1
调弄	tiáo nòng	47695	n-l	1
童女	tóng nǚ	47696	n-l	1
童山	tóng shān	47697	an-ang,s-sh	1
头油	tóu yóu	47699	ao-ou	1
推见	tuī jiàn	47700	ian-iang,j-q-x	1
托身	tuō shēn	47701	en-eng,ua-uo,s-sh	1
婉劝	wǎn quàn	47702	an-ang,uan-uang,j-q-x	1
王水	wáng shuǐ	47706	an-ang,s-sh	1
文员	wén yuán	47709	en-eng,uan-uang	1
狎昵	xiá nì	47713	ia-ie,n-l,j-q-x	2
下塌	xià tā	47715	ia-ie,j-q-x	1
贤哲	xián zhé	47716	ian-iang,z-zh,j-q-x	1
县界	xiàn jiè	47717	ian-iang,ia-ie,j-q-x	1
陷身	xiàn shēn	47718	en-eng,ian-iang,s-sh,j-q-x	1
乡邮	xiāng yóu	47719	ian-iang,ao-ou,j-q-x	1
详解	xiáng jiě	47720	ian-iang,ia-ie,j-q-x	1
消蚀	xiāo shí	47721	s-sh,j-q-x	1
小影	xiǎo yǐng	47723	in-ing,j-q-x	1
校官	xiào guān	47724	uan-uang,j-q-x	1
薪给	xīn jǐ	47725	in-ing,j-q-x	1
行抢	xíng qiǎng	47727	in-ing,ian-iang,j-q-x	1
熊罴	xióng pí	47728	j-q-x	3
羞人	xiū rén	47729	en-eng,r-l,j-q-x	1
虚悬	xū xuán	47730	uan-uang,j-q-x	1
叙别	xù bié	47731	ia-ie,j-q-x	1
光网	guāng wǎng	47732	an-ang,uan-uang	1
蓄发	xù fà	47733	h-f,j-q-x	1
悬想	xuán xiǎng	47734	ian-iang,uan-uang,j-q-x	1
雪恨	xuě hèn	47737	en-eng,h-f,j-q-x	1
仰承	yǎng chéng	47739	en-eng,an-ang,c-ch	1
养廉	yǎng lián	47740	an-ang,ian-iang,n-l,r-l	1
夜阑	yè lán	47741	an-ang,n-l,r-l	3
贻患	yí huàn	47743	uan-uang,h-f	1
重话	zhòng huà	47744	ua-uo,z-zh,h-f	1
义齿	yì chǐ	47745	c-ch	1
艺妓	yì jì	47746	j-q-x	1
音变	yīn biàn	47747	in-ing,ian-iang	1
银杉	yín shān	47749	in-ing,an-ang,s-sh	1
叨陪	tāo péi	47750	ai-ei,ao-ou	1
印刻	yìn kè	47751	in-ing	1
萦怀	yíng huái	47752	in-ing,h-f	3
影帝	yǐng dì	47753	in-ing	1
幽冥	yōu míng	47754	in-ing,ao-ou	1
邮亭	yóu tíng	47755	in-ing,ao-ou	1
援用	yuán yòng	47759	uan-uang	1
月钱	yuè qián	47760	ian-iang,j-q-x	1
蕴意	yùn yì	47762		1
藏香	zàng xiāng	47764	an-ang,ian-iang,z-zh,j-q-x	1
减挡	jiǎn dǎng	47765	an-ang,ian-iang,j-q-x	1
宅地	zhái dì	47766	ai-ei,z-zh	1
掌嘴	zhǎng zuǐ	47767	an-ang,z-zh	1
照墙	zhào qiáng	47768	ian-iang,ao-ou,z-zh,j-q-x	1
争战	zhēng zhàn	47769	en-eng,an-ang,z-zh	1
正骨	zhèng gǔ	47770	en-eng,z-zh	1
直尺	zhí chǐ	47772	z-zh,c-ch	1
中频	zhōng pín	47774	in-ing,z-zh	1
重荷	zhòng hè	47775	z-zh,h-f	1
重听	zhòng tīng	47776	in-ing,z-zh	1
主裁	zhǔ cái	47778	ai-ei,z-zh,c-ch	1
趑趄	zī jū	47780	z-zh,j-q-x	2
子堤	zǐ dī	47781	z-zh	1
总合	zǒng hé	47784	z-zh,h-f	1
租约	zū yuē	47785	z-zh	1
左袒	zuǒ tǎn	47786	an-ang,ua-uo,z-zh	3
奥援	ào yuán	47789	uan-uang,ao-ou	1
跋文	bá wén	47790	en-eng	1
把舵	bǎ duò	47791	ua-uo	1
拜官	bài guān	47792	uan-uang,ai-ei	1
板脸	bǎn liǎn	47793	an-ang,ian-iang,n-l,r-l	1
板油	bǎn yóu	47794	an-ang,ao-ou	1
板滞	bǎn zhì	47795	an-ang,z-zh	1
饱胀	bǎo zhàng	47796	an-ang,ao-ou,z-zh	1
备置	bèi zhì	47798	ai-ei,z-zh	1
笔译	bǐ yì	47801		1
鳊鱼	biān yú	47802	ian-iang	3
变声	biàn shēng	47803	en-eng,ian-iang,s-sh	1
兵痞	bīng pǐ	47804	in-ing	3
病象	bìng xiàng	47805	in-ing,ian-iang,j-q-x	1
擦边	cā biān	47807	ian-iang,c-ch	1
彩釉	cǎi yòu	47808	ai-ei,ao-ou,c-ch	3
操典	cāo diǎn	47809	ian-iang,ao-ou,c-ch	1
草灰	cǎo huī	47810	ao-ou,c-ch,h-f	1
侧室	cè shì	47812	c-ch,s-sh	1
侧枝	cè zhī	47813	z-zh,c-ch	1
测速	cè sù	47814	c-ch,s-sh	1
插孔	chā kǒng	47816	c-ch	1
蟾宫	chán gōng	47817	an-ang,c-ch	3
鲳鱼	chāng yú	47818	an-ang,c-ch	3
长性	cháng xìng	47819	in-ing,an-ang,c-ch,j-q-x	1
敞车	chǎng chē	47820	an-ang,c-ch	1
撤防	chè fáng	47821	an-ang,c-ch,h-f	1
吃重	chī zhòng	47824	z-zh,c-ch	1
池沼	chí zhǎo	47825	ao-ou,z-zh,c-ch	1
彳亍	chì chù	47826	c-ch	4
出亡	chū wáng	47828	an-ang,c-ch	1
雏妓	chú jì	47829	c-ch,j-q-x	1
船位	chuán wèi	47831	uan-uang,ai-ei,c-ch	1
串供	chuàn gòng	47832	uan-uang,c-ch	1
春景	chūn jǐng	47833	in-ing,c-ch,j-q-x	1
词频	cí pín	47834	in-ing,c-ch	1
刺参	cì shēn	47835	en-eng,c-ch,s-sh	1
脆嫩	cuì nèn	47836	en-eng,c-ch,n-l	1
大秋	dà qiū	47841	j-q-x	1
大尉	dà wèi	47842	ai-ei	1
倒阁	dǎo gé	47844	ao-ou	1
敌酋	dí qiú	47846	j-q-x	3
抵补	dǐ bǔ	47847		1
点种	diǎn zhòng	47850	ian-iang,z-zh	1
电疗	diàn liáo	47852	ian-iang,n-l,r-l	1
调包	diào bāo	47853	ao-ou	1
定销	dìng xiāo	47854	in-ing,j-q-x	1
定影	dìng yǐng	47855	in-ing	1
定准	dìng zhǔn	47856	in-ing,z-zh	1
冬寒	dōng hán	47858	an-ang,h-f	1
冻冰	dòng bīng	47859	in-ing	1
毒菌	dú jūn	47860	j-q-x	1
毒焰	dú yàn	47861	an-ang	1
蠹虫	dù chóng	47862	c-ch	3
端重	duān zhòng	47863	uan-uang,z-zh	1
翻覆	fān fù	47869	an-ang,h-f	1
凡庸	fán yōng	47870	an-ang,h-f	1
反坐	fǎn zuò	47871	an-ang,ua-uo,z-zh,h-f	1
返聘	fǎn pìn	47872	in-ing,an-ang,h-f	1
匪患	fěi huàn	47874	uan-uang,ai-ei,h-f	1
狒狒	fèi fèi	47875	ai-ei,h-f	2
分利	fēn lì	47876	en-eng,n-l,h-f,r-l	1
浮子	fú zi	47877	z-zh,h-f	1
干连	gān lián	47880	an-ang,ian-iang,n-l,r-l	1
感愤	gǎn fèn	47883	en-eng,an-ang,h-f	1
耕织	gēng zhī	47885	en-eng,z-zh	1
羹匙	gēng chí	47886	en-eng,c-ch	1
哽噎	gěng yē	47887	en-eng	2
公方	gōng fāng	47888	an-ang,h-f	1
故技	gù jì	47892	j-q-x	1
瓜藤	guā téng	47894	en-eng,ua-uo	1
挂表	guà biǎo	47896	ua-uo	1
挂锁	guà suǒ	47897	ua-uo,s-sh	1
光控	guāng kòng	47898	uan-uang	1
光溜	guāng liu	47899	uan-uang,n-l,r-l	1
海禁	hǎi jìn	47900	in-ing,ai-ei,h-f,j-q-x	1
海蓝	hǎi lán	47901	an-ang,ai-ei,n-l,h-f,r-l	1
含怨	hán yuàn	47903	an-ang,uan-uang,h-f	1
寒蝉	hán chán	47904	an-ang,c-ch,h-f	1
寒鸦	hán yā	47905	an-ang,h-f	1
豪语	háo yǔ	47906	ao-ou,h-f	1
合口	hé kǒu	47907	ao-ou,h-f	1
红焖	hóng mèn	47910	en-eng,h-f	3
洪炉	hóng lú	47911	n-l,h-f,r-l	1
后魏	hòu wèi	47912	ai-ei,ao-ou,h-f	1
胡蜂	hú fēng	47913	en-eng,h-f	1
虎气	hǔ qì	47914	h-f,j-q-x	1
花托	huā tuō	47916	ua-uo,h-f	1
华胄	huá zhòu	47917	ao-ou,ua-uo,z-zh,h-f	3
华族	huá zú	47918	ua-uo,z-zh,h-f	1
画苑	huà yuàn	47919	uan-uang,ua-uo,h-f	1
缓办	huǎn bàn	47920	an-ang,uan-uang,h-f	1
黄灯	huáng dēng	47922	en-eng,uan-uang,h-f	1
黄酱	huáng jiàng	47923	ian-iang,uan-uang,h-f,j-q-x	1
黄梨	huáng lí	47924	uan-uang,n-l,h-f,r-l	1
黄鼬	huáng yòu	47925	uan-uang,ao-ou,h-f	3
惶遽	huáng jù	47926	uan-uang,h-f,j-q-x	3
惠顾	huì gù	47929	h-f	1
活罪	huó zuì	47931	ua-uo,z-zh,h-f	1
家景	jiā jǐng	47933	in-ing,ia-ie,j-q-x	1
犍牛	jiān niú	47934	ian-iang,n-l,j-q-x	3
简括	jiǎn kuò	47935	ian-iang,ua-uo,j-q-x	1
箭镞	jiàn zú	47936	ian-iang,z-zh,j-q-x	3
交电	jiāo diàn	47937	ian-iang,j-q-x	1
借词	jiè cí	47938	ia-ie,c-ch,j-q-x	1
借势	jiè shì	47939	ia-ie,s-sh,j-q-x	1
进益	jìn yì	47940	in-ing,j-q-x	1
净利	jìng lì	47941	in-ing,n-l,r-l,j-q-x	1
净心	jìng xīn	47942	in-ing,j-q-x	1
捐弃	juān qì	47943	uan-uang,j-q-x	1
军运	jūn yùn	47944	j-q-x	1
开戒	kāi jiè	47945	ai-ei,ia-ie,j-q-x	1
磕打	kē da	47947		1
空文	kōng wén	47948	en-eng	1
口快	kǒu kuài	47949	ao-ou	1
寇仇	kòu chóu	47950	ao-ou,c-ch	1
款爷	kuǎn yé	47952	uan-uang	1
筐子	kuāng zi	47953	uan-uang,z-zh	1
喟叹	kuì tàn	47954	an-ang	3
腊味	là wèi	47956	ai-ei,n-l,r-l	1
癞子	lài zi	47957	ai-ei,z-zh,n-l,r-l	3
俚俗	lǐ sú	47959	s-sh,n-l,r-l	3
邻人	lín rén	47961	en-eng,in-ing,n-l,r-l	1
临帖	lín tiè	47962	in-ing,ia-ie,n-l,r-l	1
柳杉	liǔ shān	47963	an-ang,s-sh,n-l,r-l	1
隆盛	lóng shèng	47964	en-eng,s-sh,n-l,r-l	1
卤肉	lǔ ròu	47965	ao-ou,n-l,r-l	1
律例	lǜ lì	47966	n-l,r-l	1
轮盘	lún pán	47967	an-ang,n-l,r-l	1
瞒哄	mán hǒng	47971	an-ang,h-f	1
门镜	mén jìng	47974	en-eng,in-ing,j-q-x	1
孟秋	mèng qiū	47975	en-eng,j-q-x	1
米尺	mǐ chǐ	47976	c-ch	1
棉铃	mián líng	47977	in-ing,ian-iang,n-l,r-l	1
灭杀	miè shā	47979	ia-ie,s-sh	1
明抢	míng qiǎng	47980	in-ing,ian-iang,j-q-x	1
铭感	míng gǎn	47982	in-ing,an-ang	1
模压	mó yā	47983		1
磨具	mó jù	47984	j-q-x	1
磨洗	mó xǐ	47985	j-q-x	1
木简	mù jiǎn	47986	ian-iang,j-q-x	1
墓表	mù biǎo	47987		1
挠痒	náo yǎng	47989	an-ang,ao-ou,n-l	1
脓肿	nóng zhǒng	47992	z-zh,n-l	1
排尾	pái wěi	47993	ai-ei	1
陪房	péi fang	47994	an-ang,ai-ei,h-f	1
配载	pèi zài	47996	ai-ei,z-zh	1
皮脂	pí zhī	47997	z-zh	1
蒲柳	pú liǔ	47999	n-l,r-l	1
漆匠	qī jiang	48001	ian-iang,j-q-x	1
企管	qǐ guǎn	48002	uan-uang,j-q-x	1
起端	qǐ duān	48003	uan-uang,j-q-x	1
气筒	qì tǒng	48005	j-q-x	1
牵念	qiān niàn	48007	ian-iang,n-l,j-q-x	1
潜泳	qián yǒng	48009	ian-iang,j-q-x	1
噙泪	qín lèi	48010	in-ing,ai-ei,n-l,r-l,j-q-x	3
清火	qīng huǒ	48012	in-ing,ua-uo,h-f,j-q-x	1
冷链	lěng liàn	48013	en-eng,ian-iang,n-l,r-l	1
屈才	qū cái	48014	ai-ei,c-ch,j-q-x	1
去声	qù shēng	48015	en-eng,s-sh,j-q-x	1
任随	rèn suí	48016	en-eng,s-sh,r-l	1
容光	róng guāng	48017	uan-uang,r-l	1
肉案	ròu àn	48018	an-ang,ao-ou,r-l	1
乳臭	rǔ xiù	48019	r-l,j-q-x	1
入超	rù chāo	48020	ao-ou,c-ch,r-l	1
沙参	shā shēn	48024	en-eng,s-sh	1
山岚	shān lán	48025	an-ang,s-sh,n-l,r-l	3
山桃	shān táo	48026	an-ang,ao-ou,s-sh	1
商借	shāng jiè	48027	an-ang,ia-ie,s-sh,j-q-x	1
上腰	shàng yāo	48028	an-ang,ao-ou,s-sh	1
上刑	shàng xíng	48029	in-ing,an-ang,s-sh,j-q-x	1
上账	shàng zhàng	48030	an-ang,z-zh,s-sh	1
神品	shén pǐn	48031	en-eng,in-ing,s-sh	1
声门	shēng mén	48032	en-eng,s-sh	1
失时	shī shí	48033	s-sh	1
师训	shī xùn	48034	s-sh,j-q-x	1
试手	shì shǒu	48035	ao-ou,s-sh	1
嗜欲	shì yù	48036	s-sh	1
手札	shǒu zhá	48038	ao-ou,z-zh,s-sh	3
守职	shǒu zhí	48039	ao-ou,z-zh,s-sh	1
松气	sōng qì	48041	s-sh,j-q-x	1
素洁	sù jié	48042	ia-ie,s-sh,j-q-x	1
炭化	tàn huà	48043	an-ang,ua-uo,h-f	1
炭盆	tàn pén	48044	en-eng,an-ang	1
糖弹	táng dàn	48045	an-ang	1
糖稀	táng xī	48046	an-ang,j-q-x	1
桃符	táo fú	48047	ao-ou,h-f	1
添堵	tiān dǔ	48049	ian-iang	1
条绒	tiáo róng	48050	r-l	1
贴合	tiē hé	48051	ia-ie,h-f	1
贴水	tiē shuǐ	48052	ia-ie,s-sh	1
痛经	tòng jīng	48055	in-ing,j-q-x	1
头名	tóu míng	48056	in-ing,ao-ou	1
外域	wài yù	48061	ai-ei	1
挽词	wǎn cí	48062	an-ang,c-ch	1
蔓儿	wàn er	48064	an-ang	1
萎蔫	wěi niān	48065	ian-iang,ai-ei,n-l	3
误餐	wù cān	48069	an-ang,c-ch	1
喜联	xǐ lián	48070	ian-iang,n-l,r-l,j-q-x	1
虾皮	xiā pí	48071	ia-ie,j-q-x	1
夏衣	xià yī	48072	ia-ie,j-q-x	1
显耀	xiǎn yào	48073	ian-iang,ao-ou,j-q-x	1
险毒	xiǎn dú	48074	ian-iang,j-q-x	1
县治	xiàn zhì	48075	ian-iang,z-zh,j-q-x	1
蝎虎	xiē hǔ	48078	ia-ie,h-f,j-q-x	1
卸除	xiè chú	48080	ia-ie,c-ch,j-q-x	1
心裁	xīn cái	48081	in-ing,ai-ei,c-ch,j-q-x	1
行猎	xíng liè	48084	in-ing,ia-ie,n-l,r-l,j-q-x	1
修明	xiū míng	48085	in-ing,j-q-x	1
袖套	xiù tào	48086	ao-ou,j-q-x	1
虚耗	xū hào	48087	ao-ou,h-f,j-q-x	1
虚胖	xū pàng	48088	an-ang,j-q-x	1
虚热	xū rè	48089	r-l,j-q-x	1
喧笑	xuān xiào	48090	uan-uang,j-q-x	1
旋绕	xuán rào	48091	uan-uang,ao-ou,r-l,j-q-x	1
血仇	xuè chóu	48092	ao-ou,c-ch,j-q-x	1
熏风	xūn fēng	48093	en-eng,h-f,j-q-x	1
牙雕	yá diāo	48094		1
牙口	yá kou	48095	ao-ou	1
烟霭	yān ǎi	48096	an-ang,ai-ei	3
延后	yán hòu	48097	an-ang,ao-ou,h-f	1
延性	yán xìng	48098	in-ing,an-ang,j-q-x	1
眼拙	yǎn zhuō	48099	an-ang,ua-uo,z-zh	1
仰给	yǎng jǐ	48101	an-ang,j-q-x	1
吆呼	yāo hu	48102	ao-ou,h-f	1
鹞鹰	yào yīng	48104	in-ing,ao-ou	3
依凭	yī píng	48110	in-ing	1
艺林	yì lín	48112	in-ing,n-l,r-l	1
阴面	yīn miàn	48113	in-ing,ian-iang	1
阴囊	yīn náng	48114	in-ing,an-ang,n-l	1
银婚	yín hūn	48117	in-ing,h-f	1
鹰洋	yīng yáng	48118	in-ing,an-ang	1
迎迓	yíng yà	48119	in-ing	3
勇将	yǒng jiàng	48120	ian-iang,j-q-x	1
用项	yòng xiàng	48121	ian-iang,j-q-x	1
优遇	yōu yù	48122	ao-ou	1
幽闭	yōu bì	48123	ao-ou	1
雨披	yǔ pī	48124		1
圆雕	yuán diāo	48125	uan-uang	1
月晕	yuè yùn	48126		1
芸香	yún xiāng	48127	ian-iang,j-q-x	3
孕穗	yùn suì	48128	s-sh	1
灾患	zāi huàn	48129	uan-uang,ai-ei,z-zh,h-f	1
灾殃	zāi yāng	48130	an-ang,ai-ei,z-zh	1
脏土	zāng tǔ	48131	an-ang,z-zh	1
斋饭	zhāi fàn	48132	an-ang,ai-ei,z-zh,h-f	1
毡帐	gū zhàng	48133	an-ang,z-zh	1
幛子	zhàng zi	48134	an-ang,z-zh	3
招亲	zhāo qīn	48135	in-ing,ao-ou,z-zh,j-q-x	1
找头	zhǎo tou	48136	ao-ou,z-zh	1
整宿	zhěng xiǔ	48139	en-eng,z-zh,j-q-x	1
支差	zhī chāi	48140	ai-ei,z-zh,c-ch	1
窒闷	zhì mèn	48143	en-eng,z-zh	1
置喙	zhì huì	48144	z-zh,h-f	3
竹鸡	zhú jī	48145	z-zh,j-q-x	1
竹荪	zhú sūn	48146	z-zh,s-sh	3
烛花	zhú huā	48147	ua-uo,z-zh,h-f	1
主理	zhǔ lǐ	48148	z-zh,n-l,r-l	1
抓点	zhuā diǎn	48149	ian-iang,ua-uo,z-zh	1
抓赌	zhuā dǔ	48150	ua-uo,z-zh	1
转托	zhuǎn tuō	48151	uan-uang,ua-uo,z-zh	1
转筋	zhuàn jīn	48152	in-ing,uan-uang,z-zh,j-q-x	1
转门	zhuàn mén	48153	en-eng,uan-uang,z-zh	1
转台	zhuàn tái	48154	uan-uang,ai-ei,z-zh	1
赘疣	zhuì yóu	48155	ao-ou,z-zh	3
足跟	zú gēn	48158	en-eng,z-zh	1
坐守	zuò shǒu	48159	ao-ou,ua-uo,z-zh,s-sh	1
柞木	zuò mù	48160	ua-uo,z-zh	3
岸然	àn rán	48161	an-ang,r-l	1
暗沟	àn gōu	48162	an-ang,ao-ou	1
把尿	bǎ niào	48163	n-l	1
白带	bái dài	48164	ai-ei	1
伴读	bàn dú	48167	an-ang	1
榜书	bǎng shū	48168	an-ang,s-sh	1
榜文	bǎng wén	48169	en-eng,an-ang	1
碑碣	bēi jié	48170	ai-ei,ia-ie,j-q-x	3
碑座	bēi zuò	48171	ai-ei,ua-uo,z-zh	1
闭经	bì jīng	48172	in-ing,j-q-x	1
编列	biān liè	48173	ian-iang,ia-ie,n-l,r-l	1
标金	biāo jīn	48174	in-ing,j-q-x	1
兵蚁	bīng yǐ	48175	in-ing	1
博识	bó shí	48176	s-sh	1
薄田	bó tián	48177	ian-iang	1
裁并	cái bìng	48178	in-ing,ai-ei,c-ch	1
采制	cǎi zhì	48179	ai-ei,z-zh,c-ch	1
苍空	cāng kōng	48180	an-ang,c-ch	1
草标	cǎo biāo	48181	ao-ou,c-ch	1
蟾酥	chán sū	48182	an-ang,c-ch,s-sh	3
长鼓	cháng gǔ	48183	an-ang,c-ch	1
畅怀	chàng huái	48184	an-ang,c-ch,h-f	1
超俗	chāo sú	48186	ao-ou,c-ch,s-sh	1
沉雷	chén léi	48188	en-eng,ai-ei,c-ch,n-l,r-l	1
呈正	chéng zhèng	48191	en-eng,z-zh,c-ch	1
吃劲	chī jìn	48193	in-ing,c-ch,j-q-x	1
抽成	chōu chéng	48195	en-eng,ao-ou,c-ch	1
黜免	chù miǎn	48197	ian-iang,c-ch	3
传告	chuán gào	48199	uan-uang,ao-ou,c-ch	1
窗沿	chuāng yán	48200	an-ang,uan-uang,c-ch	1
锤打	chuí dǎ	48201	c-ch	1
疵点	cī diǎn	48202	ian-iang,c-ch	3
词锋	cí fēng	48203	en-eng,c-ch,h-f	1
脆亮	cuì liàng	48204	ian-iang,c-ch,n-l,r-l	1
翠蓝	cuì lán	48205	an-ang,c-ch,n-l,r-l	1
撮要	cuō yào	48206	ao-ou,ua-uo,c-ch	1
错爱	cuò ài	48207	ai-ei,ua-uo,c-ch	1
打晃	dǎ huàng	48209	uan-uang,h-f	1
大料	dà liào	48210	n-l,r-l	1
大篆	dà zhuàn	48211	uan-uang,z-zh	3
淡入	dàn rù	48213	an-ang,r-l	1
倒刺	dào cì	48215	ao-ou,c-ch	1
抵交	dǐ jiāo	48216	j-q-x	1
抵账	dǐ zhàng	48217	an-ang,z-zh	1
底墒	dǐ shāng	48218	an-ang,s-sh	3
底薪	dǐ xīn	48219	in-ing,j-q-x	1
骶骨	dǐ gǔ	48220		3
滇剧	diān jù	48221	ian-iang,j-q-x	1
雕漆	diāo qī	48223	j-q-x	1
掉色	diào shǎi	48224	ai-ei,s-sh	1
顶岗	dǐng gǎng	48225	in-ing,an-ang	1
顶罪	dǐng zuì	48226	in-ing,z-zh	1
豆渣	dòu zhā	48228	ao-ou,z-zh	1
毒刺	dú cì	48229	c-ch	1
毒腺	dú xiàn	48230	ian-iang,j-q-x	1
赌鬼	dǔ guǐ	48231		1
端丽	duān lì	48232	uan-uang,n-l,r-l	1
队礼	duì lǐ	48233	n-l,r-l	1
遁迹	dùn jì	48234	j-q-x	3
发排	fā pái	48235	ai-ei,h-f	1
发哑	fā yǎ	48236	h-f	1
飞跨	fēi kuà	48237	ai-ei,ua-uo,h-f	1
非独	fēi dú	48238	ai-ei,h-f	1
肥实	féi shi	48240	ai-ei,s-sh,h-f	1
粉蝶	fěn dié	48242	en-eng,ia-ie,h-f	1
风圈	fēng quān	48244	en-eng,uan-uang,h-f,j-q-x	1
封河	fēng hé	48245	en-eng,h-f	1
麸子	fū zi	48247	z-zh,h-f	3
幅宽	fú kuān	48248	uan-uang,h-f	1
辅币	fǔ bì	48249	h-f	1
父训	fù xùn	48250	h-f,j-q-x	1
高知	gāo zhī	48252	ao-ou,z-zh	1
搁放	gē fàng	48253	an-ang,h-f	1
工本	gōng běn	48255	en-eng	1
公余	gōng yú	48258		1
估产	gū chǎn	48259	an-ang,c-ch	1
孤峰	gū fēng	48260	en-eng,h-f	1
古奥	gǔ ào	48261	ao-ou	1
谷糠	gǔ kāng	48262	an-ang	1
呱唧	guā ji	48263	ua-uo,j-q-x	3
挂件	guà jiàn	48264	ian-iang,ua-uo,j-q-x	1
关碍	guān ài	48265	uan-uang,ai-ei	1
官称	guān chēng	48268	en-eng,uan-uang,c-ch	1
广货	guǎng huò	48269	uan-uang,ua-uo,h-f	1
广求	guǎng qiú	48270	uan-uang,j-q-x	1
滚雷	gǔn léi	48272	ai-ei,n-l,r-l	1
果酸	guǒ suān	48273	uan-uang,ua-uo,s-sh	1
酣醉	hān zuì	48274	an-ang,z-zh,h-f	1
号筒	hào tǒng	48276	ao-ou,h-f	1
合当	hé dāng	48277	an-ang,h-f	1
河防	hé fáng	48278	an-ang,h-f	1
黑米	hēi mǐ	48280	ai-ei,h-f	1
哼哧	hēng chī	48281	en-eng,c-ch,h-f	3
洪量	hóng liàng	48283	ian-iang,n-l,h-f,r-l	1
瘊子	hóu zi	48284	ao-ou,z-zh,h-f	3
互勉	hù miǎn	48285	ian-iang,h-f	1
回神	huí shén	48288	en-eng,s-sh,h-f	1
回文	huí wén	48289	en-eng,h-f	1
惠临	huì lín	48290	in-ing,n-l,h-f,r-l	1
或然	huò rán	48292	an-ang,ua-uo,h-f,r-l	1
偈语	jì yǔ	48294	j-q-x	3
夹墙	jiā qiáng	48295	ian-iang,ia-ie,j-q-x	1
肩窝	jiān wō	48296	ian-iang,j-q-x	1
交合	jiāo hé	48297	h-f,j-q-x	1
交运	jiāo yùn	48298	j-q-x	1
交杂	jiāo zá	48299	z-zh,j-q-x	1
脚链	jiǎo liàn	48301	ian-iang,n-l,r-l,j-q-x	1
节欲	jié yù	48303	ia-ie,j-q-x	1
金匾	jīn biǎn	48304	in-ing,ian-iang,j-q-x	1
金粉	jīn fěn	48305	en-eng,in-ing,h-f,j-q-x	1
锯条	jù tiáo	48308	j-q-x	1
坎子	kǎn zi	48309	an-ang,z-zh	1
空挡	kōng dǎng	48312	an-ang	1
裤线	kù xiàn	48316	ian-iang,j-q-x	1
矿脉	kuàng mài	48317	uan-uang,ai-ei	1
昆腔	kūn qiāng	48318	ian-iang,j-q-x	1
蓝鲸	lán jīng	48321	in-ing,an-ang,n-l,r-l,j-q-x	1
离情	lí qíng	48325	in-ing,n-l,r-l,j-q-x	1
立户	lì hù	48326	n-l,h-f,r-l	1
潋滟	liàn yàn	48327	an-ang,ian-iang,n-l,r-l	2
粮荒	liáng huāng	48328	ian-iang,uan-uang,n-l,h-f,r-l	1
领读	lǐng dú	48330	in-ing,n-l,r-l	1
流布	liú bù	48332	n-l,r-l	1
柳笛	liǔ dí	48333	n-l,r-l	1
龙柏	lóng bǎi	48334	ai-ei,n-l,r-l	1
轮毂	lún gǔ	48337	n-l,r-l	3
马枪	mǎ qiāng	48338	ian-iang,j-q-x	1
脉息	mài xī	48339	ai-ei,j-q-x	1
猫步	māo bù	48340	ao-ou	1
毛呢	máo ní	48341	ao-ou,n-l	1
煤饼	méi bǐng	48342	in-ing,ai-ei	1
觅取	mì qǔ	48344	j-q-x	1
蜜橘	mì jú	48345	j-q-x	1
面巾	miàn jīn	48346	in-ing,ian-iang,j-q-x	1
默读	mò dú	48348		1
牧笛	mù dí	48349		1
耐饥	nài jī	48350	ai-ei,n-l,j-q-x	1
内径	nèi jìng	48351	in-ing,ai-ei,n-l,j-q-x	1
黏液	nián yè	48353	ian-iang,n-l	3
佞人	nìng rén	48354	en-eng,in-ing,n-l,r-l	3
牛瘟	niú wēn	48355	en-eng,n-l	1
暖炕	nuǎn kàng	48356	an-ang,uan-uang,n-l	1
趴窝	pā wō	48357		1
扒鸡	pá jī	48358	j-q-x	1
跑肚	pǎo dù	48359	ao-ou	1
捧红	pěng hóng	48362	en-eng,h-f	1
劈杀	pī shā	48363	s-sh	1
品赏	pǐn shǎng	48365	in-ing,an-ang,s-sh	1
品题	pǐn tí	48366	in-ing	1
聘问	pìn wèn	48367	en-eng,in-ing	1
蒲草	pú cǎo	48370	ao-ou,c-ch	1
凄冷	qī lěng	48372	en-eng,n-l,r-l,j-q-x	1
期票	qī piào	48373	j-q-x	1
旗语	qí yǔ	48374	j-q-x	1
起兴	qǐ xìng	48375	in-ing,j-q-x	1
迁葬	qiān zàng	48377	an-ang,ian-iang,z-zh,j-q-x	1
荨麻	qián má	48378	ian-iang,j-q-x	3
歉年	qiàn nián	48379	ian-iang,n-l,j-q-x	1
翘望	qiáo wàng	48380	an-ang,j-q-x	1
切脉	qiè mài	48381	ai-ei,ia-ie,j-q-x	1
窃案	qiè àn	48382	an-ang,ia-ie,j-q-x	1
清越	qīng yuè	48383	in-ing,j-q-x	1
劝募	quàn mù	48384	uan-uang,j-q-x	1
群殴	qún ōu	48385	ao-ou,j-q-x	1
热战	rè zhàn	48386	an-ang,z-zh,r-l	1
人瑞	rén ruì	48387	en-eng,r-l	1
润饰	rùn shì	48389	s-sh,r-l	1
散板	sǎn bǎn	48390	an-ang,s-sh	1
闪念	shǎn niàn	48395	an-ang,ian-iang,s-sh,n-l	1
闪眼	shǎn yǎn	48396	an-ang,s-sh	1
善款	shàn kuǎn	48397	an-ang,uan-uang,s-sh	1
设局	shè jú	48398	s-sh,j-q-x	1
射精	shè jīng	48399	in-ing,s-sh,j-q-x	1
慎密	shèn mì	48400	en-eng,s-sh	1
时俗	shí sú	48401	s-sh	1
蚀刻	shí kè	48402	s-sh	1
收报	shōu bào	48403	ao-ou,s-sh	1
说嘴	shuō zuǐ	48407	ua-uo,z-zh,s-sh	1
思古	sī gǔ	48408	s-sh	1
死牢	sǐ láo	48409	ao-ou,s-sh,n-l,r-l	1
蒜泥	suàn ní	48412	uan-uang,s-sh,n-l	1
遂愿	suì yuàn	48413	uan-uang,s-sh	1
莎草	suō cǎo	48414	ao-ou,ua-uo,c-ch,s-sh	3
他伤	tā shāng	48415	an-ang,s-sh	1
胎气	tāi qì	48416	ai-ei,j-q-x	1
汤勺	tāng sháo	48418	an-ang,ao-ou,s-sh	1
藤球	téng qiú	48419	en-eng,j-q-x	1
提讯	tí xùn	48420	j-q-x	1
铜活	tóng huó	48421	ua-uo,h-f	1
筒裙	tǒng qún	48422	j-q-x	1
投师	tóu shī	48423	ao-ou,s-sh	1
图版	tú bǎn	48424	an-ang	1
土埂	tǔ gěng	48425	en-eng	1
外货	wài huò	48428	ai-ei,ua-uo,h-f	1
葳蕤	wēi ruí	48429	ai-ei,r-l	2
嬉游	xī yóu	48435	ao-ou,j-q-x	3
戏本	xì běn	48436	en-eng,j-q-x	1
细工	xì gōng	48437	j-q-x	1
下市	xià shì	48438	ia-ie,s-sh,j-q-x	1
纤柔	xiān róu	48440	ian-iang,ao-ou,r-l,j-q-x	1
衔命	xián mìng	48441	in-ing,ian-iang,j-q-x	1
险地	xiǎn dì	48442	ian-iang,j-q-x	1
险诈	xiǎn zhà	48443	ian-iang,z-zh,j-q-x	1
香会	xiāng huì	48445	ian-iang,h-f,j-q-x	1
香脂	xiāng zhī	48446	ian-iang,z-zh,j-q-x	1
校旗	xiào qí	48450	j-q-x	1
歇宿	xiē sù	48451	ia-ie,s-sh,j-q-x	1
邪心	xié xīn	48452	in-ing,ia-ie,j-q-x	1
谢礼	xiè lǐ	48453	ia-ie,n-l,r-l,j-q-x	1
新义	xīn yì	48454	in-ing,j-q-x	1
凶人	xiōng rén	48457	en-eng,r-l,j-q-x	1
凶信	xiōng xìn	48458	in-ing,j-q-x	1
胸透	xiōng tòu	48459	ao-ou,j-q-x	1
雄图	xióng tú	48460	j-q-x	1
虚字	xū zì	48461	z-zh,j-q-x	1
选收	xuǎn shōu	48462	uan-uang,ao-ou,s-sh,j-q-x	1
雪冤	xuě yuān	48463	uan-uang,j-q-x	1
训诲	xùn huì	48465	h-f,j-q-x	1
阉鸡	yān jī	48466	an-ang,j-q-x	3
腌肉	yān ròu	48467	an-ang,ao-ou,r-l	3
盐井	yán jǐng	48468	in-ing,an-ang,j-q-x	1
阳文	yáng wén	48470	en-eng,an-ang	1
腰花	yāo huā	48471	ao-ou,ua-uo,h-f	1
瑶民	yáo mín	48472	in-ing,ao-ou	3
遗教	yí jiào	48475	j-q-x	1
义冢	yì zhǒng	48477	z-zh	3
阴毛	yīn máo	48478	in-ing,ao-ou	1
寅时	yín shí	48479	in-ing,s-sh	1
饮宴	yǐn yàn	48480	in-ing,an-ang	1
硬结	yìng jié	48481	in-ing,ia-ie,j-q-x	1
莜麦	yóu mài	48483	ai-ei,ao-ou	3
愚陋	yú lòu	48486	ao-ou,n-l,r-l	1
遇救	yù jiù	48487	j-q-x	1
冤苦	yuān kǔ	48488	uan-uang	1
怨尤	yuàn yóu	48489	uan-uang,ao-ou	1
乐池	yuè chí	48490	c-ch	1
赃证	zāng zhèng	48492	en-eng,an-ang,z-zh	1
炸酱	zhá jiàng	48494	ian-iang,z-zh,j-q-x	1
占理	zhàn lǐ	48495	an-ang,z-zh,n-l,r-l	1
长男	cháng nán	48497	an-ang,c-ch,n-l	1
涨风	zhǎng fēng	48498	en-eng,an-ang,z-zh,h-f	1
招纳	zhāo nà	48499	ao-ou,z-zh,n-l	1
侦听	zhēn tīng	48503	en-eng,in-ing,z-zh	1
侦讯	zhēn xùn	48504	en-eng,z-zh,j-q-x	1
整饰	zhěng shì	48506	en-eng,z-zh,s-sh	1
支绌	zhī chù	48509	z-zh,c-ch	3
值当	zhí dàng	48510	an-ang,z-zh	1
稚童	zhì tóng	48511	z-zh	1
驻屯	zhù tún	48514	z-zh	1
转年	zhuǎn nián	48516	ian-iang,uan-uang,z-zh,n-l	1
孜然	zī rán	48518	an-ang,z-zh,r-l	3
租钱	zū qian	48519	ian-iang,z-zh,j-q-x	1
阻绝	zǔ jué	48520	z-zh,j-q-x	1
鳟鱼	zūn yú	48521	z-zh	3
作死	zuò sǐ	48523	ua-uo,z-zh,s-sh	1
坐果	zuò guǒ	48524	ua-uo,z-zh	1
鲅鱼	bà yú	48528		3
白狐	bái hú	48529	ai-ei,h-f	1
搬兵	bān bīng	48531	in-ing,an-ang	1
半袖	bàn xiù	48533	an-ang,j-q-x	1
拌种	bàn zhǒng	48535	an-ang,z-zh	1
包孕	bāo yùn	48538	ao-ou	1
薄脆	báo cuì	48539	ao-ou,c-ch	1
备员	bèi yuán	48540	uan-uang,ai-ei	1
锛子	bēn zi	48541	en-eng,z-zh	3
兵工	bīng gōng	48542	in-ing	1
拨子	bō zi	48543	z-zh	1
钵盂	bō yú	48544		2
彩门	cǎi mén	48549	en-eng,ai-ei,c-ch	1
彩棚	cǎi péng	48550	en-eng,ai-ei,c-ch	1
菜金	cài jīn	48551	in-ing,ai-ei,c-ch,j-q-x	1
菜牛	cài niú	48552	ai-ei,c-ch,n-l	1
苍鹭	cāng lù	48553	an-ang,c-ch,n-l,r-l	3
测查	cè chá	48555	c-ch	1
拆改	chāi gǎi	48556	ai-ei,c-ch	1
拆字	chāi zì	48557	ai-ei,z-zh,c-ch	1
禅院	chán yuàn	48558	an-ang,uan-uang,c-ch	1
禅杖	chán zhàng	48559	an-ang,z-zh,c-ch	1
炒勺	chǎo sháo	48562	ao-ou,c-ch,s-sh	1
尘寰	chén huán	48563	en-eng,uan-uang,c-ch,h-f	3
呈子	chéng zi	48564	en-eng,z-zh,c-ch	1
痴愚	chī yú	48569	c-ch	1
痴醉	chī zuì	48570	z-zh,c-ch	1
重张	chóng zhāng	48571	an-ang,z-zh,c-ch	1
冲床	chòng chuáng	48572	uan-uang,c-ch	1
除锈	chú xiù	48577	c-ch,j-q-x	1
穿帮	chuān bāng	48578	an-ang,uan-uang,c-ch	1
垂问	chuí wèn	48579	en-eng,c-ch	1
春麦	chūn mài	48580	ai-ei,c-ch	1
莼菜	chún cài	48581	ai-ei,c-ch	3
瓷雕	cí diāo	48582	c-ch	1
催索	cuī suǒ	48583	ua-uo,c-ch,s-sh	1
错时	cuò shí	48584	ua-uo,c-ch,s-sh	1
大溜	dà liù	48587	n-l,r-l	1
倒叙	dào xù	48588	ao-ou,j-q-x	1
得时	dé shí	48590	s-sh	1
低盐	dī yán	48591	an-ang	1
敌台	dí tái	48592	ai-ei	1
抵缴	dǐ jiǎo	48593	j-q-x	1
地磅	dì bàng	48595	an-ang	1
靛蓝	diàn lán	48601	an-ang,ian-iang,n-l,r-l	3
靛青	diàn qīng	48602	in-ing,ian-iang,j-q-x	3
钉锤	dīng chuí	48604	in-ing,c-ch	1
陡变	dǒu biàn	48607	ian-iang,ao-ou	1
陡峻	dǒu jùn	48608	ao-ou,j-q-x	1
豆苗	dòu miáo	48609	ao-ou	1
镀铬	dù gè	48610		3
讹误	é wù	48611		1
发憷	fā chù	48612	c-ch,h-f	5
法螺	fǎ luó	48613	ua-uo,n-l,h-f,r-l	1
翻录	fān lù	48614	an-ang,n-l,h-f,r-l	1
翻晒	fān shài	48615	an-ang,ai-ei,s-sh,h-f	1
反间	fǎn jiàn	48616	an-ang,ian-iang,h-f,j-q-x	1
佛徒	fó tú	48619	h-f	1
府绸	fǔ chóu	48621	ao-ou,c-ch,h-f	1
复句	fù jù	48622	h-f,j-q-x	1
复排	fù pái	48623	ai-ei,h-f	1
干白	gān bái	48624	an-ang,ai-ei	1
干贝	gān bèi	48625	an-ang,ai-ei	1
干花	gān huā	48626	an-ang,ua-uo,h-f	1
感愧	gǎn kuì	48627	an-ang	1
钢花	gāng huā	48628	an-ang,ua-uo,h-f	1
钢珠	gāng zhū	48629	an-ang,z-zh	1
港汊	gǎng chà	48630	an-ang,c-ch	3
拱坝	gǒng bà	48634		1
苟全	gǒu quán	48635	uan-uang,ao-ou,j-q-x	1
古远	gǔ yuǎn	48636	uan-uang	1
观风	guān fēng	48639	en-eng,uan-uang,h-f	1
光雾	guāng wù	48640	uan-uang	1
桂皮	guì pí	48642		1
海兽	hǎi shòu	48645	ai-ei,ao-ou,s-sh,h-f	1
海蟹	hǎi xiè	48646	ai-ei,ia-ie,h-f,j-q-x	1
害眼	hài yǎn	48647	an-ang,ai-ei,h-f	1
蚶子	hān zi	48648	an-ang,z-zh,h-f	3
行帮	háng bāng	48650	an-ang,h-f	1
和畅	hé chàng	48652	an-ang,c-ch,h-f	1
河系	hé xì	48653	h-f,j-q-x	1
恒产	héng chǎn	48655	en-eng,an-ang,c-ch,h-f	1
后账	hòu zhàng	48658	an-ang,ao-ou,z-zh,h-f	1
胡侃	hú kǎn	48659	an-ang,h-f	3
湖绿	hú lǜ	48661	n-l,h-f,r-l	1
画帖	huà tiè	48663	ia-ie,ua-uo,h-f	1
还情	huán qíng	48664	in-ing,uan-uang,h-f,j-q-x	1
宦途	huàn tú	48665	uan-uang,h-f	1
汇寄	huì jì	48668	h-f,j-q-x	1
暗渠	àn qú	48673	an-ang,j-q-x	1
记诵	jì sòng	48679	s-sh,j-q-x	1
机杼	jī zhù	48680	z-zh,j-q-x	3
忌辰	jì chén	48681	en-eng,c-ch,j-q-x	1
减缩	jiǎn suō	48683	ian-iang,ua-uo,s-sh,j-q-x	1
简笔	jiǎn bǐ	48684	ian-iang,j-q-x	1
娇纵	jiāo zòng	48685	z-zh,j-q-x	1
胶合	jiāo hé	48686	h-f,j-q-x	1
结垢	jié gòu	48687	ao-ou,ia-ie,j-q-x	1
劲升	jìng shēng	48690	en-eng,in-ing,s-sh,j-q-x	1
旧迹	jiù jì	48692	j-q-x	1
救赎	jiù shú	48693	s-sh,j-q-x	1
就席	jiù xí	48694	j-q-x	1
倨傲	jù ào	48695	ao-ou,j-q-x	3
均摊	jūn tān	48696	an-ang,j-q-x	1
刊用	kān yòng	48699	an-ang	1
看跌	kàn diē	48700	an-ang,ia-ie	1
客死	kè sǐ	48704	s-sh	1
空驶	kōng shǐ	48705	s-sh	1
空额	kòng é	48708		1
口疮	kǒu chuāng	48709	uan-uang,ao-ou,c-ch	1
口误	kǒu wù	48711	ao-ou	1
枯荣	kū róng	48712	r-l	1
苦短	kǔ duǎn	48713	uan-uang	1
库藏	kù cáng	48714	an-ang,c-ch	1
款型	kuǎn xíng	48715	in-ing,uan-uang,j-q-x	1
坤包	kūn bāo	48716	ao-ou	1
烂账	làn zhàng	48719	an-ang,z-zh,n-l,r-l	1
雷场	léi chǎng	48722	an-ang,ai-ei,c-ch,n-l,r-l	1
嘴松	zuǐ sōng	48724	z-zh,s-sh	1
离宫	lí gōng	48725	n-l,r-l	1
里脊	lǐ ji	48726	n-l,r-l,j-q-x	1
利齿	lì chǐ	48727	c-ch,n-l,r-l	1
例举	lì jǔ	48728	n-l,r-l,j-q-x	1
连番	lián fān	48729	an-ang,ian-iang,n-l,h-f,r-l	1
鬣狗	liè gǒu	48730	ao-ou,ia-ie,n-l,r-l	3
鲮鱼	líng yú	48731	in-ing,n-l,r-l	3
领命	lǐng mìng	48732	in-ing,n-l,r-l	1
流注	liú zhù	48733	z-zh,n-l,r-l	1
镏金	liú jīn	48734	in-ing,n-l,r-l,j-q-x	3
柳琴	liǔ qín	48735	in-ing,n-l,r-l,j-q-x	1
隆胸	lóng xiōng	48736	n-l,r-l,j-q-x	1
漏失	lòu shī	48737	ao-ou,s-sh,n-l,r-l	1
卤鸡	lǔ jī	48738	n-l,r-l,j-q-x	1
铆工	mǎo gōng	48740	ao-ou	3
貌相	mào xiàng	48741	ian-iang,ao-ou,j-q-x	1
孟冬	mèng dōng	48742	en-eng	1
蜜供	mì gòng	48743		1
棉签	mián qiān	48744	ian-iang,j-q-x	1
免刑	miǎn xíng	48745	in-ing,ian-iang,j-q-x	1
面肥	miàn féi	48746	ian-iang,ai-ei,h-f	1
描图	miáo tú	48747		1
没世	mò shì	48750	s-sh	1
木琴	mù qín	48751	in-ing,j-q-x	1
募股	mù gǔ	48752		1
奶品	nǎi pǐn	48753	in-ing,ai-ei,n-l	1
男厕	nán cè	48754	an-ang,c-ch,n-l	1
内眷	nèi juàn	48755	uan-uang,ai-ei,n-l,j-q-x	1
呢料	ní liào	48756	n-l,r-l	1
尿频	niào pín	48757	in-ing,n-l	1
女监	nǚ jiān	48758	ian-iang,n-l,j-q-x	1
旁路	páng lù	48759	an-ang,n-l,r-l	1
炮烙	páo luò	48760	ao-ou,ua-uo,n-l,r-l	1
票根	piào gēn	48765	en-eng	1
平畴	píng chóu	48766	in-ing,ao-ou,c-ch	1
杞柳	qǐ liǔ	48768	n-l,r-l,j-q-x	3
气焊	qì hàn	48769	an-ang,h-f,j-q-x	1
牵缠	qiān chán	48770	an-ang,ian-iang,c-ch,j-q-x	1
浅表	qiǎn biǎo	48772	ian-iang,j-q-x	1
浅露	qiǎn lù	48773	ian-iang,n-l,r-l,j-q-x	1
清甜	qīng tián	48775	in-ing,ian-iang,j-q-x	1
穷期	qióng qī	48776	j-q-x	1
琼剧	qióng jù	48777	j-q-x	1
秋菜	qiū cài	48778	ai-ei,c-ch,j-q-x	1
全休	quán xiū	48779	uan-uang,j-q-x	1
认头	rèn tóu	48782	en-eng,ao-ou,r-l	1
乳燕	rǔ yàn	48783	an-ang,r-l	1
沙果	shā guǒ	48786	ua-uo,s-sh	1
伤生	shāng shēng	48787	en-eng,an-ang,s-sh	1
奢想	shē xiǎng	48789	ian-iang,s-sh,j-q-x	1
设使	shè shǐ	48790	s-sh	1
参商	shēn shāng	48791	en-eng,an-ang,s-sh	1
渗流	shèn liú	48792	en-eng,s-sh,n-l,r-l	1
失欢	shī huān	48794	uan-uang,s-sh,h-f	1
诗律	shī lǜ	48796	s-sh,n-l,r-l	1
石版	shí bǎn	48797	an-ang,s-sh	1
时调	shí diào	48798	s-sh	1
试养	shì yǎng	48801	an-ang,s-sh	1
收音	shōu yīn	48802	in-ing,ao-ou,s-sh	1
受看	shòu kàn	48804	an-ang,ao-ou,s-sh	1
赎当	shú dàng	48805	an-ang,s-sh	1
蜀锦	shǔ jǐn	48806	in-ing,s-sh,j-q-x	1
水疗	shuǐ liáo	48810	s-sh,n-l,r-l	1
水靴	shuǐ xuē	48811	s-sh,j-q-x	1
顺和	shùn he	48812	s-sh,h-f	1
死信	sǐ xìn	48814	in-ing,s-sh,j-q-x	1
琐闻	suǒ wén	48815	en-eng,ua-uo,s-sh	1
胎位	tāi wèi	48816	ai-ei	1
堂侄	táng zhí	48818	an-ang,z-zh	1
烫面	tàng miàn	48819	an-ang,ian-iang	1
提婚	tí hūn	48821	h-f	1
屉子	tì zi	48822	z-zh	1
天姿	tiān zī	48823	ian-iang,z-zh	1
通解	tōng jiě	48825	ia-ie,j-q-x	1
筒裤	tǒng kù	48827		1
外嫁	wài jià	48829	ai-ei,ia-ie,j-q-x	1
危情	wēi qíng	48831	in-ing,ai-ei,j-q-x	1
窝气	wō qì	48833	j-q-x	1
污痕	wū hén	48834	en-eng,h-f	1
息影	xī yǐng	48837	in-ing,j-q-x	1
喜幛	xǐ zhàng	48839	an-ang,z-zh,j-q-x	3
咸盐	xián yán	48841	an-ang,ian-iang,j-q-x	1
线板	xiàn bǎn	48842	an-ang,ian-iang,j-q-x	1
湘莲	xiāng lián	48843	ian-iang,n-l,r-l,j-q-x	1
镶牙	xiāng yá	48844	ian-iang,j-q-x	1
详图	xiáng tú	48845	ian-iang,j-q-x	1
笑剧	xiào jù	48850	j-q-x	1
斜路	xié lù	48851	ia-ie,n-l,r-l,j-q-x	1
谐声	xié shēng	48852	en-eng,ia-ie,s-sh,j-q-x	1
心毒	xīn dú	48854	in-ing,j-q-x	1
刑庭	xíng tíng	48857	in-ing,j-q-x	1
雄杰	xióng jié	48858	ia-ie,j-q-x	1
休耕	xiū gēng	48859	en-eng,j-q-x	1
虚飘	xū piāo	48860	j-q-x	1
恤金	xù jīn	48861	in-ing,j-q-x	1
岩盐	yán yán	48863	an-ang	1
验讫	yàn qì	48864	an-ang,j-q-x	3
舀子	yǎo zi	48866	ao-ou,z-zh	1
药浴	yào yù	48867	ao-ou	1
姨妹	yí mèi	48872	ai-ei	1
胰脏	yí zàng	48873	an-ang,z-zh	1
易姓	yì xìng	48875	in-ing,j-q-x	1
淫书	yín shū	48876	in-ing,s-sh	1
淫猥	yín wěi	48877	in-ing,ai-ei	3
油迹	yóu jì	48878	ao-ou,j-q-x	1
油篓	yóu lǒu	48879	ao-ou,n-l,r-l	1
油饰	yóu shì	48880	ao-ou,s-sh	1
雨脚	yǔ jiǎo	48881	j-q-x	1
语料	yǔ liào	48882	n-l,r-l	1
鸢尾	yuān wěi	48883	uan-uang,ai-ei	3
匀净	yún jing	48886	in-ing,j-q-x	1
杂凑	zá còu	48888	ao-ou,z-zh,c-ch	1
藏蓝	zàng lán	48890	an-ang,z-zh,n-l,r-l	1
赠券	zèng quàn	48891	en-eng,uan-uang,z-zh,j-q-x	1
炸糕	zhá gāo	48892	ao-ou,z-zh	1
折页	zhé yè	48893	z-zh	1
整复	zhěng fù	48895	en-eng,z-zh,h-f	1
整纪	zhěng jì	48896	en-eng,z-zh,j-q-x	1
正片	zhèng piàn	48898	en-eng,ian-iang,z-zh	1
正音	zhèng yīn	48899	en-eng,in-ing,z-zh	1
支棱	zhī leng	48900	en-eng,z-zh,n-l,r-l	1
止泻	zhǐ xiè	48903	ia-ie,z-zh,j-q-x	1
钟鼎	zhōng dǐng	48905	in-ing,z-zh	1
绉纱	zhòu shā	48909	ao-ou,z-zh,s-sh	3
竹刻	zhú kè	48910	z-zh	1
竹笠	zhú lì	48911	z-zh,n-l,r-l	3
蛀牙	zhù yá	48912	z-zh	1
专座	zhuān zuò	48913	uan-uang,ua-uo,z-zh	1
追魂	zhuī hún	48914	z-zh,h-f	1
赘婿	zhuì xù	48915	z-zh,j-q-x	1
走水	zǒu shuǐ	48916	ao-ou,z-zh,s-sh	1
走眼	zǒu yǎn	48917	an-ang,ao-ou,z-zh	1
坐蜡	zuò là	48918	ua-uo,z-zh,n-l,r-l	1
暗伤	àn shāng	48919	an-ang,s-sh	1
