板铺	bǎn pù	48920	an-ang	1
板障	bǎn zhàng	48921	an-ang,z-zh	1
办差	bàn chāi	48922	an-ang,ai-ei,c-ch	1
半子	bàn zǐ	48923	an-ang,z-zh	1
帮主	bāng zhǔ	48924	an-ang,z-zh	1
宝眷	bǎo juàn	48925	uan-uang,ao-ou,j-q-x	1
背债	bēi zhài	48927	ai-ei,z-zh	1
贲门	bēn mén	48928	en-eng	3
本岛	běn dǎo	48929	en-eng,ao-ou	1
鼻窦	bí dòu	48930	ao-ou	3
笔债	bǐ zhài	48931	ai-ei,z-zh	1
笔战	bǐ zhàn	48932	an-ang,z-zh	1
便宴	biàn yàn	48934	an-ang,ian-iang	1
殡殓	bìn liàn	48935	in-ing,ian-iang,n-l,r-l	2
鬓毛	bìn máo	48936	in-ing,ao-ou	1
病句	bìng jù	48937	in-ing,j-q-x	1
薄葬	bó zàng	48938	an-ang,z-zh	1
卜居	bǔ jū	48939	j-q-x	1
步犁	bù lí	48940	n-l,r-l	1
菜板	cài bǎn	48941	an-ang,ai-ei,c-ch	1
参校	cān jiào	48942	an-ang,c-ch,j-q-x	1
惨况	cǎn kuàng	48944	an-ang,uan-uang,c-ch	1
藏富	cáng fù	48945	an-ang,c-ch,h-f	1
槽牙	cáo yá	48946	ao-ou,c-ch	1
禅门	chán mén	48948	en-eng,an-ang,c-ch	1
炒货	chǎo huò	48949	ao-ou,ua-uo,c-ch,h-f	1
尘暴	chén bào	48951	en-eng,ao-ou,c-ch	1
沉底	chén dǐ	48952	en-eng,c-ch	1
称说	chēng shuō	48953	en-eng,ua-uo,c-ch,s-sh	1
城雕	chéng diāo	48954	en-eng,c-ch	1
痴肥	chī féi	48957	ai-ei,c-ch,h-f	1
痴话	chī huà	48958	ua-uo,c-ch,h-f	1
痴狂	chī kuáng	48959	uan-uang,c-ch	1
池座	chí zuò	48960	ua-uo,z-zh,c-ch	1
叱问	chì wèn	48961	en-eng,c-ch	3
宠用	chǒng yòng	48963	c-ch	1
仇外	chóu wài	48965	ai-ei,ao-ou,c-ch	1
出乘	chū chéng	48966	en-eng,c-ch	1
出圈	chū juàn	48967	uan-uang,c-ch,j-q-x	1
出展	chū zhǎn	48968	an-ang,z-zh,c-ch	1
黜退	chù tuì	48969	c-ch	3
船埠	chuán bù	48972	uan-uang,c-ch	1
船龄	chuán líng	48973	in-ing,uan-uang,c-ch,n-l,r-l	1
吹拍	chuī pāi	48974	ai-ei,c-ch	1
春困	chūn kùn	48975	c-ch	1
唇线	chún xiàn	48976	ian-iang,c-ch,j-q-x	1
慈姑	cí gu	48977	c-ch	1
磁针	cí zhēn	48978	en-eng,z-zh,c-ch	1
刺梅	cì méi	48979	ai-ei,c-ch	1
搓澡	cuō zǎo	48980	ao-ou,ua-uo,z-zh,c-ch	1
打杈	dǎ chà	48981	c-ch	3
打横	dǎ héng	48982	en-eng,h-f	1
得济	dé jì	48987	j-q-x	1
灯蛾	dēng é	48988	en-eng	1
等速	děng sù	48989	en-eng,s-sh	1
低限	dī xiàn	48991	ian-iang,j-q-x	1
嫡出	dí chū	48992	c-ch	3
递解	dì jiè	48993	ia-ie,j-q-x	1
点唱	diǎn chàng	48994	an-ang,ian-iang,c-ch	1
电刑	diàn xíng	48998	in-ing,ian-iang,j-q-x	1
钓具	diào jù	48999	j-q-x	1
冬练	dōng liàn	49003	ian-iang,n-l,r-l	1
冬贮	dōng zhù	49004	z-zh	1
洞府	dòng fǔ	49005	h-f	1
斗富	dòu fù	49006	ao-ou,h-f	1
读秒	dú miǎo	49008		1
断口	duàn kǒu	49009	uan-uang,ao-ou	1
断命	duàn mìng	49010	in-ing,uan-uang	1
对眼	duì yǎn	49011	an-ang	1
堕马	duò mǎ	49012	ua-uo	1
耳尖	ěr jiān	49014	ian-iang,j-q-x	1
耳生	ěr shēng	49015	en-eng,s-sh	1
犯贱	fàn jiàn	49017	an-ang,ian-iang,h-f,j-q-x	1
放账	fàng zhàng	49019	an-ang,z-zh,h-f	1
飞泉	fēi quán	49020	uan-uang,ai-ei,h-f,j-q-x	1
鲱鱼	fēi yú	49021	ai-ei,h-f	3
匪盗	fěi dào	49022	ai-ei,ao-ou,h-f	1
匪祸	fěi huò	49023	ai-ei,ua-uo,h-f	1
奋激	fèn jī	49025	en-eng,h-f,j-q-x	1
逢集	féng jí	49027	en-eng,h-f,j-q-x	1
复诵	fù sòng	49029	s-sh,h-f	1
改调	gǎi diào	49031	ai-ei	1
甘醇	gān chún	49033	an-ang,c-ch	1
干仗	gàn zhàng	49034	an-ang,z-zh	1
割弃	gē qì	49036	j-q-x	1
阁僚	gé liáo	49037	n-l,r-l	1
跟脚	gēn jiǎo	49038	en-eng,j-q-x	1
工尺	gōng chě	49039	c-ch	1
工运	gōng yùn	49040		1
供果	gòng guǒ	49041	ua-uo	1
孤孀	gū shuāng	49043	uan-uang,s-sh	3
官瘾	guān yǐn	49045	in-ing,uan-uang	1
灌洗	guàn xǐ	49046	uan-uang,j-q-x	1
归田	guī tián	49047	ian-iang	1
贵庚	guì gēng	49048	en-eng	1
滚轴	gǔn zhóu	49049	ao-ou,z-zh	1
果盒	guǒ hé	49050	ua-uo,h-f	1
海损	hǎi sǔn	49051	ai-ei,s-sh,h-f	1
行货	háng huò	49053	an-ang,ua-uo,h-f	1
豪族	háo zú	49054	ao-ou,z-zh,h-f	1
河鱼	hé yú	49056	h-f	1
黑牢	hēi láo	49058	ai-ei,ao-ou,n-l,h-f,r-l	1
轰赶	hōng gǎn	49062	an-ang,h-f	1
鸿运	hóng yùn	49065	h-f	1
花糕	huā gāo	49066	ao-ou,ua-uo,h-f	1
化冻	huà dòng	49067	ua-uo,h-f	1
淮剧	huái jù	49068	h-f,j-q-x	1
缓气	huǎn qì	49069	uan-uang,h-f,j-q-x	1
换手	huàn shǒu	49070	uan-uang,ao-ou,s-sh,h-f	1
徽剧	huī jù	49071	h-f,j-q-x	1
回跌	huí diē	49072	ia-ie,h-f	1
会阴	huì yīn	49074	in-ing,h-f	1
贿金	huì jīn	49075	in-ing,h-f,j-q-x	1
火暴	huǒ bào	49077	ao-ou,ua-uo,h-f	1
火漆	huǒ qī	49078	ua-uo,h-f,j-q-x	1
祭灵	jì líng	49083	in-ing,n-l,r-l,j-q-x	1
夹具	jiā jù	49085	ia-ie,j-q-x	1
家学	jiā xué	49087	ia-ie,j-q-x	1
驾辕	jià yuán	49088	uan-uang,ia-ie,j-q-x	3
监票	jiān piào	49090	ian-iang,j-q-x	1
简省	jiǎn shěng	49091	en-eng,ian-iang,s-sh,j-q-x	1
谏言	jiàn yán	49093	an-ang,ian-iang,j-q-x	3
讲桌	jiǎng zhuō	49094	ian-iang,ua-uo,z-zh,j-q-x	1
娇客	jiāo kè	49095	j-q-x	1
胶丸	jiāo wán	49096	an-ang,j-q-x	1
界内	jiè nèi	49098	ai-ei,ia-ie,n-l,j-q-x	1
精米	jīng mǐ	49099	in-ing,j-q-x	1
景慕	jǐng mù	49100	in-ing,j-q-x	1
究办	jiū bàn	49102	an-ang,j-q-x	1
酒瘾	jiǔ yǐn	49103	in-ing,j-q-x	1
就擒	jiù qín	49104	in-ing,j-q-x	1
拒毒	jù dú	49106	j-q-x	1
绝户	jué hu	49107	h-f,j-q-x	1
开犁	kāi lí	49108	ai-ei,n-l,r-l	1
刻花	kè huā	49110	ua-uo,h-f	1
孔眼	kǒng yǎn	49111	an-ang	1
苦胆	kǔ dǎn	49113	an-ang	1
蜡炬	là jù	49114	n-l,r-l,j-q-x	1
狼毫	láng háo	49115	an-ang,ao-ou,n-l,h-f,r-l	1
廊檐	láng yán	49116	an-ang,n-l,r-l	1
里巷	lǐ xiàng	49119	ian-iang,n-l,r-l,j-q-x	1
力行	lì xíng	49120	in-ing,n-l,r-l,j-q-x	1
历世	lì shì	49121	s-sh,n-l,r-l	1
励志	lì zhì	49122	z-zh,n-l,r-l	1
连亘	lián gèn	49123	en-eng,ian-iang,n-l,r-l	3
淋淋	lín lín	49125	in-ing,n-l,r-l	1
留鸟	liú niǎo	49126	n-l,r-l	1
卤菜	lǔ cài	49128	ai-ei,c-ch,n-l,r-l	1
麻纺	má fǎng	49132	an-ang,h-f	1
蔓生	màn shēng	49135	en-eng,an-ang,s-sh	1
毛蚶	máo hān	49136	an-ang,ao-ou,h-f	3
媚骨	mèi gǔ	49139	ai-ei	1
命大	mìng dà	49140	in-ing	1
命门	mìng mén	49141	en-eng,in-ing	1
摹绘	mó huì	49142	h-f	1
男科	nán kē	49146	an-ang,n-l	1
嫩红	nèn hóng	49149	en-eng,n-l,h-f	1
嫩弱	nèn ruò	49150	en-eng,ua-uo,n-l,r-l	1
凝冻	níng dòng	49153	in-ing,n-l	1
派款	pài kuǎn	49155	uan-uang,ai-ei	1
盘弄	pán nòng	49156	an-ang,n-l	1
炮竹	pào zhú	49159	ao-ou,z-zh	1
喷壶	pēn hú	49160	en-eng,h-f	1
篷布	péng bù	49161	en-eng	1
坯布	pī bù	49162		1
凭恃	píng shì	49165	in-ing,s-sh	1
奇勋	qí xūn	49168	j-q-x	1
起获	qǐ huò	49169	ua-uo,h-f,j-q-x	1
谦辞	qiān cí	49170	ian-iang,c-ch,j-q-x	1
轻省	qīng sheng	49173	en-eng,in-ing,s-sh,j-q-x	1
清漆	qīng qī	49175	in-ing,j-q-x	1
穹隆	qióng lóng	49177	n-l,r-l,j-q-x	3
球果	qiú guǒ	49178	ua-uo,j-q-x	1
屈驾	qū jià	49179	ia-ie,j-q-x	1
去势	qù shì	49180	s-sh,j-q-x	1
刃口	rèn kǒu	49184	en-eng,ao-ou,r-l	1
日场	rì chǎng	49185	an-ang,c-ch,r-l	1
荣任	róng rèn	49187	en-eng,r-l	1
蝾螈	róng yuán	49188	uan-uang,r-l	2
肉脯	ròu fǔ	49189	ao-ou,h-f,r-l	1
入列	rù liè	49191	ia-ie,n-l,r-l	1
溽热	rù rè	49192	r-l	3
软座	ruǎn zuò	49194	uan-uang,ua-uo,z-zh,r-l	1
煞气	shà qì	49195	s-sh,j-q-x	1
设岗	shè gǎng	49199	an-ang,s-sh	1
深壑	shēn hè	49201	en-eng,s-sh,h-f	3
审订	shěn dìng	49202	en-eng,in-ing,s-sh	1
慎言	shèn yán	49203	en-eng,an-ang,s-sh	1
手硬	shǒu yìng	49205	in-ing,ao-ou,s-sh	1
淑静	shū jìng	49206	in-ing,s-sh,j-q-x	1
黍子	shǔ zi	49207	z-zh,s-sh	3
双数	shuāng shù	49209	uan-uang,s-sh	1
双薪	shuāng xīn	49210	in-ing,uan-uang,s-sh,j-q-x	1
水滨	shuǐ bīn	49211	in-ing,s-sh	1
水泽	shuǐ zé	49212	z-zh,s-sh	1
讼案	sòng àn	49213	an-ang,s-sh	1
送站	sòng zhàn	49214	an-ang,z-zh,s-sh	1
素装	sù zhuāng	49215	uan-uang,z-zh,s-sh	1
汤料	tāng liào	49218	an-ang,n-l,r-l	1
陶陶	táo táo	49219	ao-ou	1
套裤	tào kù	49220	ao-ou	1
题解	tí jiě	49221	ia-ie,j-q-x	1
替手	tì shǒu	49222	ao-ou,s-sh	1
田猎	tián liè	49224	ian-iang,ia-ie,n-l,r-l	1
填发	tián fā	49225	ian-iang,h-f	1
铁笔	tiě bǐ	49227	ia-ie	1
听写	tīng xiě	49228	in-ing,ia-ie,j-q-x	1
停付	tíng fù	49229	in-ing,h-f	1
挺尸	tǐng shī	49230	in-ing,s-sh	1
通条	tōng tiáo	49231		1
茼蒿	tóng hāo	49232	ao-ou,h-f	2
头帕	tóu pà	49233	ao-ou	1
头癣	tóu xuǎn	49234	uan-uang,ao-ou,j-q-x	1
透汗	tòu hàn	49236	an-ang,ao-ou,h-f	1
涂片	tú piàn	49237	ian-iang	1
推求	tuī qiú	49238	j-q-x	1
屯粮	tún liáng	49239	ian-iang,n-l,r-l	1
托底	tuō dǐ	49240	ua-uo	1
拖腔	tuō qiāng	49241	ian-iang,ua-uo,j-q-x	1
脱靶	tuō bǎ	49242	ua-uo	1
瓦灰	wǎ huī	49243	h-f	1
婉词	wǎn cí	49244	an-ang,c-ch	1
妄求	wàng qiú	49246	an-ang,j-q-x	1
违碍	wéi ài	49247	ai-ei	1
畏避	wèi bì	49248	ai-ei	1
西元	xī yuán	49253	uan-uang,j-q-x	1
习染	xí rǎn	49254	an-ang,r-l,j-q-x	1
洗冤	xǐ yuān	49255	uan-uang,j-q-x	1
下处	xià chù	49256	ia-ie,c-ch,j-q-x	1
险隘	xiǎn ài	49257	ian-iang,ai-ei,j-q-x	1
香袋	xiāng dài	49258	ian-iang,ai-ei,j-q-x	1
削面	xiāo miàn	49261	ian-iang,j-q-x	1
销蚀	xiāo shí	49262	s-sh,j-q-x	1
晓市	xiǎo shì	49264	s-sh,j-q-x	1
晓事	xiǎo shì	49265	s-sh,j-q-x	1
泻肚	xiè dù	49266	ia-ie,j-q-x	1
凶气	xiōng qì	49267	j-q-x	1
雄威	xióng wēi	49269	ai-ei,j-q-x	1
熊胆	xióng dǎn	49270	an-ang,j-q-x	1
羞臊	xiū sào	49271	ao-ou,s-sh,j-q-x	1
锈斑	xiù bān	49272	an-ang,j-q-x	1
絮烦	xù fan	49273	an-ang,h-f,j-q-x	1
喧扰	xuān rǎo	49274	uan-uang,ao-ou,r-l,j-q-x	1
玄鸟	xuán niǎo	49275	uan-uang,n-l,j-q-x	1
穴道	xué dào	49276	ao-ou,j-q-x	1
雪藏	xuě cáng	49277	an-ang,c-ch,j-q-x	1
血证	xuè zhèng	49278	en-eng,z-zh,j-q-x	1
熏鸡	xūn jī	49279	j-q-x	1
哑场	yǎ chǎng	49281	an-ang,c-ch	1
眼生	yǎn shēng	49284	en-eng,an-ang,s-sh	1
艳闻	yàn wén	49285	en-eng,an-ang	1
妖法	yāo fǎ	49288	ao-ou,h-f	1
要目	yào mù	49289	ao-ou	1
要则	yào zé	49290	ao-ou,z-zh	1
遗害	yí hài	49294	ai-ei,h-f	1
遗墨	yí mò	49295		1
译电	yì diàn	49296	ian-iang	1
音区	yīn qū	49299	in-ing,j-q-x	1
隐疾	yǐn jí	49301	in-ing,j-q-x	1
萤石	yíng shí	49302	in-ing,s-sh	1
佣钱	yòng qián	49303	ian-iang,j-q-x	1
幽咽	yōu yè	49304	ao-ou	1
油酥	yóu sū	49305	ao-ou,s-sh	1
鱼漂	yú piāo	49306		1
原案	yuán àn	49308	an-ang,uan-uang	1
圆房	yuán fáng	49309	an-ang,uan-uang,h-f	1
月工	yuè gōng	49310		1
杂肥	zá féi	49311	ai-ei,z-zh,h-f	1
藻井	zǎo jǐng	49313	in-ing,ao-ou,z-zh,j-q-x	1
贼窝	zéi wō	49314	ai-ei,z-zh	1
扎啤	zhā pí	49315	z-zh	1
展柜	zhǎn guì	49317	an-ang,z-zh	1
折冲	zhé chōng	49318	z-zh,c-ch	1
赭石	zhě shí	49320	z-zh,s-sh	3
针管	zhēn guǎn	49321	en-eng,uan-uang,z-zh	1
珍闻	zhēn wén	49322	en-eng,z-zh	1
整垮	zhěng kuǎ	49323	en-eng,ua-uo,z-zh	1
正座	zhèng zuò	49324	en-eng,ua-uo,z-zh	1
脂油	zhī yóu	49326	ao-ou,z-zh	1
直溜	zhí liu	49328	z-zh,n-l,r-l	1
置辩	zhì biàn	49330	ian-iang,z-zh	1
珠蚌	zhū bàng	49332	an-ang,z-zh	1
贮量	zhù liàng	49333	ian-iang,z-zh,n-l,r-l	1
铸工	zhù gōng	49334	z-zh	1
壮工	zhuàng gōng	49336	uan-uang,z-zh	1
籽实	zǐ shí	49337	z-zh,s-sh	1
字模	zì mú	49339	z-zh	1
嘴紧	zuǐ jǐn	49341	in-ing,z-zh,j-q-x	1
柞蚕	zuò cán	49343	an-ang,ua-uo,z-zh,c-ch	3
座号	zuò hào	49344	ao-ou,ua-uo,z-zh,h-f	1
暗锁	àn suǒ	49345	an-ang,ua-uo,s-sh	1
把风	bǎ fēng	49347	en-eng,h-f	1
把牢	bǎ láo	49348	ao-ou,n-l,r-l	1
白厅	bái tīng	49351	in-ing,ai-ei	1
拌料	bàn liào	49353	an-ang,n-l,r-l	1
胞衣	bāo yī	49354	ao-ou	1
悲咽	bēi yè	49356	ai-ei	1
背静	bèi jing	49357	in-ing,ai-ei,j-q-x	1
髌骨	bìn gǔ	49358	in-ing	3
冰砖	bīng zhuān	49359	in-ing,uan-uang,z-zh	1
丙纶	bǐng lún	49361	in-ing,n-l,r-l	3
簸荡	bǒ dàng	49363	an-ang	1
簸箩	bǒ luo	49364	ua-uo,n-l,r-l	1
补剂	bǔ jì	49365	j-q-x	1
裁断	cái duàn	49368	uan-uang,ai-ei,c-ch	1
彩扩	cǎi kuò	49369	ai-ei,ua-uo,c-ch	1
残棋	cán qí	49370	an-ang,c-ch,j-q-x	1
草驴	cǎo lǘ	49372	ao-ou,c-ch,n-l,r-l	1
插空	chā kòng	49374	c-ch	1
插身	chā shēn	49375	en-eng,c-ch,s-sh	1
查哨	chá shào	49376	ao-ou,c-ch,s-sh	1
炒青	chǎo qīng	49379	in-ing,ao-ou,c-ch,j-q-x	1
衬映	chèn yìng	49381	en-eng,in-ing,c-ch	1
称便	chēng biàn	49382	en-eng,ian-iang,c-ch	1
称述	chēng shù	49383	en-eng,c-ch,s-sh	1
诚笃	chéng dǔ	49384	en-eng,c-ch	3
诚招	chéng zhāo	49385	en-eng,ao-ou,z-zh,c-ch	1
丑星	chǒu xīng	49388	in-ing,ao-ou,c-ch,j-q-x	1
初诊	chū zhěn	49389	en-eng,z-zh,c-ch	1
传名	chuán míng	49390	in-ing,uan-uang,c-ch	1
春汛	chūn xùn	49393	c-ch,j-q-x	1
蠢材	chǔn cái	49394	ai-ei,c-ch	1
村容	cūn róng	49396	c-ch,r-l	1
存照	cún zhào	49397	ao-ou,z-zh,c-ch	1
歹念	dǎi niàn	49399	ian-iang,ai-ei,n-l	1
丹毒	dān dú	49400	an-ang	1
党票	dǎng piào	49402	an-ang	1
导因	dǎo yīn	49404	in-ing,ao-ou	1
盗劫	dào jié	49405	ao-ou,ia-ie,j-q-x	1
等份	děng fèn	49406	en-eng,h-f	1
敌境	dí jìng	49407	in-ing,j-q-x	1
涤除	dí chú	49408	c-ch	1
底册	dǐ cè	49409	c-ch	1
底端	dǐ duān	49410	uan-uang	1
底火	dǐ huǒ	49411	ua-uo,h-f	1
电磨	diàn mò	49413	ian-iang	1
殿军	diàn jūn	49414	ian-iang,j-q-x	1
冬藏	dōng cáng	49417	an-ang,c-ch	1
冬菇	dōng gū	49418		1
豆粉	dòu fěn	49420	en-eng,ao-ou,h-f	1
短装	duǎn zhuāng	49421	uan-uang,z-zh	1
对举	duì jǔ	49422	j-q-x	1
耳屎	ěr shǐ	49424	s-sh	1
烦请	fán qǐng	49426	in-ing,an-ang,h-f,j-q-x	1
繁冗	fán rǒng	49427	an-ang,h-f,r-l	1
犯急	fàn jí	49428	an-ang,h-f,j-q-x	1
访寻	fǎng xún	49430	an-ang,h-f,j-q-x	1
肥土	féi tǔ	49432	ai-ei,h-f	1
分句	fēn jù	49434	en-eng,h-f,j-q-x	1
风镜	fēng jìng	49435	en-eng,in-ing,h-f,j-q-x	1
封火	fēng huǒ	49436	en-eng,ua-uo,h-f	1
敷陈	fū chén	49437	en-eng,c-ch,h-f	1
浮名	fú míng	49440	in-ing,h-f	1
改嘴	gǎi zuǐ	49441	ai-ei,z-zh	1
概观	gài guān	49442	uan-uang,ai-ei	1
干馏	gān liú	49443	an-ang,n-l,r-l	1
钢锭	gāng dìng	49445	in-ing,an-ang	3
岗警	gǎng jǐng	49446	in-ing,an-ang,j-q-x	1
高限	gāo xiàn	49447	ian-iang,ao-ou,j-q-x	1
告贷	gào dài	49448	ai-ei,ao-ou	1
肱骨	gōng gǔ	49451		3
呱嗒	guā dā	49453	ua-uo	2
寡合	guǎ hé	49454	ua-uo,h-f	1
挂怀	guà huái	49455	ua-uo,h-f	1
挂靴	guà xuē	49456	ua-uo,j-q-x	1
棺柩	guān jiù	49458	uan-uang,j-q-x	3
惯偷	guàn tōu	49459	uan-uang,ao-ou	1
光艳	guāng yàn	49460	an-ang,uan-uang	1
瑰奇	guī qí	49461	j-q-x	1
过慢	guò màn	49464	an-ang,ua-uo	1
合该	hé gāi	49466	ai-ei,h-f	1
黑貂	hēi diāo	49467	ai-ei,h-f	3
悔婚	huǐ hūn	49473	h-f	1
会账	huì zhàng	49474	an-ang,z-zh,h-f	1
混充	hùn chōng	49475	c-ch,h-f	1
豁子	huō zi	49476	ua-uo,z-zh,h-f	1
活结	huó jié	49477	ia-ie,ua-uo,h-f,j-q-x	1
火棒	huǒ bàng	49478	an-ang,ua-uo,h-f	1
击发	jī fā	49479	h-f,j-q-x	1
积垢	jī gòu	49480	ao-ou,j-q-x	1
极昼	jí zhòu	49481	ao-ou,z-zh,j-q-x	1
加试	jiā shì	49483	ia-ie,s-sh,j-q-x	1
家祭	jiā jì	49484	ia-ie,j-q-x	1
犟劲	jiàng jìn	49489	in-ing,ian-iang,j-q-x	3
交验	jiāo yàn	49490	an-ang,j-q-x	1
娇痴	jiāo chī	49491	c-ch,j-q-x	1
脚注	jiǎo zhù	49492	z-zh,j-q-x	1
诘难	jié nàn	49494	an-ang,ia-ie,n-l,j-q-x	3
解酒	jiě jiǔ	49495	ia-ie,j-q-x	1
界址	jiè zhǐ	49497	ia-ie,z-zh,j-q-x	1
借景	jiè jǐng	49498	in-ing,ia-ie,j-q-x	1
进献	jìn xiàn	49500	in-ing,ian-iang,j-q-x	1
经售	jīng shòu	49501	in-ing,ao-ou,s-sh,j-q-x	1
惊艳	jīng yàn	49502	in-ing,an-ang,j-q-x	1
晶石	jīng shí	49503	in-ing,s-sh,j-q-x	1
敬上	jìng shàng	49505	in-ing,an-ang,s-sh,j-q-x	1
旧业	jiù yè	49506	j-q-x	1
拒载	jù zài	49507	ai-ei,z-zh,j-q-x	1
隽语	juàn yǔ	49508	uan-uang,j-q-x	3
军阶	jūn jiē	49509	ia-ie,j-q-x	1
开锣	kāi luó	49510	ai-ei,ua-uo,n-l,r-l	1
口条	kǒu tiáo	49514	ao-ou	1
匡济	kuāng jì	49516	uan-uang,j-q-x	3
诓骗	kuāng piàn	49517	ian-iang,uan-uang	3
愧悔	kuì huǐ	49518	h-f	1
揽权	lǎn quán	49519	an-ang,uan-uang,n-l,r-l,j-q-x	1
礼毕	lǐ bì	49521	n-l,r-l	1
礼聘	lǐ pìn	49522	in-ing,n-l,r-l	1
连串	lián chuàn	49524	ian-iang,uan-uang,c-ch,n-l,r-l	1
联体	lián tǐ	49529	ian-iang,n-l,r-l	1
恋慕	liàn mù	49530	ian-iang,n-l,r-l	1
晾台	liàng tái	49531	ian-iang,ai-ei,n-l,r-l	1
僚机	liáo jī	49532	n-l,r-l,j-q-x	1
撂倒	liào dǎo	49533	ao-ou,n-l,r-l	3
猎具	liè jù	49534	ia-ie,n-l,r-l,j-q-x	1
临空	lín kōng	49535	in-ing,n-l,r-l	1
零蛋	líng dàn	49536	in-ing,an-ang,n-l,r-l	1
炉门	lú mén	49537	en-eng,n-l,r-l	1
路卡	lù qiǎ	49538	ia-ie,n-l,r-l,j-q-x	1
露酒	lù jiǔ	49539	n-l,r-l,j-q-x	1
落点	luò diǎn	49540	ian-iang,ua-uo,n-l,r-l	1
马槽	mǎ cáo	49542	ao-ou,c-ch	1
妹婿	mèi xù	49544	ai-ei,j-q-x	1
门钉	mén dīng	49545	en-eng,in-ing	1
秘传	mì chuán	49548	uan-uang,c-ch	1
面砖	miàn zhuān	49551	ian-iang,uan-uang,z-zh	1
鸣禽	míng qín	49552	in-ing,j-q-x	1
募化	mù huà	49555	ua-uo,h-f	1
难字	nán zì	49556	an-ang,z-zh,n-l	1
嫩滑	nèn huá	49557	en-eng,ua-uo,n-l,h-f	1
溺婴	nì yīng	49558	in-ing,n-l	1
尿血	niào xiě	49559	ia-ie,n-l,j-q-x	1
纽子	niǔ zi	49560	z-zh,n-l	1
拍花	pāi huā	49562	ai-ei,ua-uo,h-f	1
抛离	pāo lí	49564	ao-ou,n-l,r-l	1
批点	pī diǎn	49567	ian-iang	1
皮试	pí shì	49568	s-sh	1
品红	pǐn hóng	49569	in-ing,h-f	1
气泵	qì bèng	49573	en-eng,j-q-x	1
谦词	qiān cí	49575	ian-iang,c-ch,j-q-x	1
前仇	qián chóu	49576	ian-iang,ao-ou,c-ch,j-q-x	1
黔剧	qián jù	49578	ian-iang,j-q-x	1
羌笛	qiāng dí	49579	ian-iang,j-q-x	3
强梁	qiáng liáng	49580	ian-iang,n-l,r-l,j-q-x	1
墙裙	qiáng qún	49581	ian-iang,j-q-x	1
抢墒	qiǎng shāng	49582	an-ang,ian-iang,s-sh,j-q-x	3
桥桩	qiáo zhuāng	49583	uan-uang,z-zh,j-q-x	1
翘企	qiáo qǐ	49584	j-q-x	1
青杨	qīng yáng	49585	in-ing,an-ang,j-q-x	1
清炒	qīng chǎo	49586	in-ing,ao-ou,c-ch,j-q-x	1
穹庐	qióng lú	49587	n-l,r-l,j-q-x	3
求售	qiú shòu	49588	ao-ou,s-sh,j-q-x	1
黢黑	qū hēi	49589	ai-ei,h-f,j-q-x	3
去火	qù huǒ	49590	ua-uo,h-f,j-q-x	1
圈阅	quān yuè	49591	uan-uang,j-q-x	1
缺漏	quē lòu	49592	ao-ou,n-l,r-l,j-q-x	1
人丹	rén dān	49594	en-eng,an-ang,r-l	1
散工	sǎn gōng	49596	an-ang,s-sh	1
馓子	sǎn zi	49597	an-ang,z-zh,s-sh	3
僧帽	sēng mào	49599	en-eng,ao-ou,s-sh	1
砂眼	shā yǎn	49600	an-ang,s-sh	1
膻味	shān wèi	49601	an-ang,ai-ei,s-sh	3
膳费	shàn fèi	49602	an-ang,ai-ei,s-sh,h-f	3
上颚	shàng è	49603	an-ang,s-sh	3
上粪	shàng fèn	49604	en-eng,an-ang,s-sh,h-f	1
韶光	sháo guāng	49605	uan-uang,ao-ou,s-sh	3
设或	shè huò	49606	ua-uo,s-sh,h-f	1
生恐	shēng kǒng	49607	en-eng,s-sh	1
声符	shēng fú	49609	en-eng,s-sh,h-f	1
失盗	shī dào	49610	ao-ou,s-sh	1
失脚	shī jiǎo	49611	s-sh,j-q-x	1
石舫	shí fǎng	49612	an-ang,s-sh,h-f	3
实词	shí cí	49614	c-ch,s-sh	1
试播	shì bō	49616	s-sh	1
受胎	shòu tāi	49617	ai-ei,ao-ou,s-sh	1
熟菜	shú cài	49618	ai-ei,c-ch,s-sh	1
顺情	shùn qíng	49620	in-ing,s-sh,j-q-x	1
死面	sǐ miàn	49621	ian-iang,s-sh	1
抬爱	tái ài	49622	ai-ei	1
坦直	tǎn zhí	49626	an-ang,z-zh	1
汤池	tāng chí	49627	an-ang,c-ch	1
塘泥	táng ní	49628	an-ang,n-l	1
塘堰	táng yàn	49630	an-ang	1
讨账	tǎo zhàng	49631	an-ang,ao-ou,z-zh	1
誊录	téng lù	49633	en-eng,n-l,r-l	1
替班	tì bān	49635	an-ang	1
甜橙	tián chéng	49636	en-eng,ian-iang,c-ch	1
童蒙	tóng méng	49641	en-eng	1
图典	tú diǎn	49642	ian-iang	1
文卷	wén juàn	49649	en-eng,uan-uang,j-q-x	1
纹身	wén shēn	49650	en-eng,s-sh	1
问难	wèn nàn	49651	en-eng,an-ang,n-l	1
赊售	shē shòu	49652	ao-ou,s-sh	3
卧佛	wò fó	49653	h-f	1
屋架	wū jià	49654	ia-ie,j-q-x	1
误期	wù qī	49655	j-q-x	1
西晒	xī shài	49657	ai-ei,s-sh,j-q-x	1
喷子	pēn zi	49658	en-eng,z-zh	1
肉弹	ròu dàn	49660	an-ang,ao-ou,r-l	1
习好	xí hào	49661	ao-ou,h-f,j-q-x	1
喜钱	xǐ qián	49662	ian-iang,j-q-x	1
喜丧	xǐ sāng	49663	an-ang,s-sh,j-q-x	1
过气	guò qì	49664	ua-uo,j-q-x	1
蹭饭	cèng fàn	49665	en-eng,an-ang,c-ch,h-f	1
戏服	xì fú	49666	h-f,j-q-x	1
瞎聊	xiā liáo	49667	ia-ie,n-l,r-l,j-q-x	1
闲职	xián zhí	49670	ian-iang,z-zh,j-q-x	1
显豁	xiǎn huò	49671	ian-iang,ua-uo,h-f,j-q-x	1
线呢	xiàn ní	49672	ian-iang,n-l,j-q-x	1
小市	xiǎo shì	49677	s-sh,j-q-x	1
谐剧	xié jù	49678	ia-ie,j-q-x	1
谢仪	xiè yí	49679	ia-ie,j-q-x	1
新历	xīn lì	49681	in-ing,n-l,r-l,j-q-x	1
芯子	xìn zi	49682	in-ing,z-zh,j-q-x	1
腥臊	xīng sāo	49683	in-ing,ao-ou,s-sh,j-q-x	1
行诈	xíng zhà	49684	in-ing,z-zh,j-q-x	1
形胜	xíng shèng	49685	en-eng,in-ing,s-sh,j-q-x	1
凶蛮	xiōng mán	49687	an-ang,j-q-x	1
凶年	xiōng nián	49688	ian-iang,n-l,j-q-x	1
胸椎	xiōng zhuī	49690	z-zh,j-q-x	1
熊包	xióng bāo	49691	ao-ou,j-q-x	1
休刊	xiū kān	49692	an-ang,j-q-x	1
虚数	xū shù	49693	s-sh,j-q-x	1
悬梯	xuán tī	49695	uan-uang,j-q-x	1
悬心	xuán xīn	49696	in-ing,uan-uang,j-q-x	1
选发	xuǎn fā	49697	uan-uang,h-f,j-q-x	1
选载	xuǎn zǎi	49698	uan-uang,ai-ei,z-zh,j-q-x	1
学衔	xué xián	49699	ian-iang,j-q-x	1
醺然	xūn rán	49700	an-ang,r-l,j-q-x	3
牙碜	yá chen	49701	en-eng,c-ch	3
牙慧	yá huì	49702	h-f	1
牙轮	yá lún	49703	n-l,r-l	1
芫荽	yán suī	49705	an-ang,s-sh	2
盐花	yán huā	49706	an-ang,ua-uo,h-f	1
盐卤	yán lǔ	49707	an-ang,n-l,r-l	1
艳情	yàn qíng	49708	in-ing,an-ang,j-q-x	1
艳冶	yàn yě	49709	an-ang	1
衣摆	yī bǎi	49718	ai-ei	1
遗祸	yí huò	49719	ua-uo,h-f	1
临考	lín kǎo	49720	in-ing,ao-ou,n-l,r-l	1
义捐	yì juān	49721	uan-uang,j-q-x	1
异才	yì cái	49723	ai-ei,c-ch	1
阴功	yīn gōng	49725	in-ing	1
饮弹	yǐn dàn	49727	in-ing,an-ang	1
荧幕	yíng mù	49728	in-ing	1
泳镜	yǒng jìng	49730	in-ing,j-q-x	1
勇毅	yǒng yì	49731		1
忧苦	yōu kǔ	49732	ao-ou	1
邮集	yóu jí	49733	ao-ou,j-q-x	1
渔妇	yú fù	49735	h-f	1
渔鼓	yú gǔ	49736		1
愚鲁	yú lǔ	49737	n-l,r-l	1
元夜	yuán yè	49739	uan-uang	1
圆凳	yuán dèng	49740	en-eng,uan-uang	1
圆谎	yuán huǎng	49741	uan-uang,h-f	1
运数	yùn shù	49743	s-sh	1
栽绒	zāi róng	49744	ai-ei,z-zh,r-l	1
沾手	zhān shǒu	49746	an-ang,ao-ou,z-zh,s-sh	1
针药	zhēn yào	49748	en-eng,ao-ou,z-zh	1
征募	zhēng mù	49749	en-eng,z-zh	1
正体	zhèng tǐ	49750	en-eng,z-zh	1
中允	zhōng yǔn	49752	z-zh	1
茱萸	zhū yú	49754	z-zh	2
主文	zhǔ wén	49755	en-eng,z-zh	1
柱廊	zhù láng	49756	an-ang,z-zh,n-l,r-l	1
抓斗	zhuā dǒu	49757	ao-ou,ua-uo,z-zh	1
专名	zhuān míng	49758	in-ing,uan-uang,z-zh	1
篆体	zhuàn tǐ	49759	uan-uang,z-zh	3
子息	zǐ xī	49760	z-zh,j-q-x	1
自肥	zì féi	49762	ai-ei,z-zh,h-f	1
棕黑	zōng hēi	49763	ai-ei,z-zh,h-f	1
遵嘱	zūn zhǔ	49764	z-zh	1
佐理	zuǒ lǐ	49765	ua-uo,z-zh,n-l,r-l	1
按脉	àn mài	49767	an-ang,ai-ei	1
凹版	āo bǎn	49768	an-ang,ao-ou	1
梆硬	bāng yìng	49770	in-ing,an-ang	1
备饭	bèi fàn	49775	an-ang,ai-ei,h-f	1
本字	běn zì	49776	en-eng,z-zh	1
笔体	bǐ tǐ	49778		1
笔洗	bǐ xǐ	49779	j-q-x	1
边务	biān wù	49782	ian-iang	1
砭骨	biān gǔ	49783	ian-iang	3
表记	biǎo jì	49787	j-q-x	1
别绪	bié xù	49788	ia-ie,j-q-x	1
秉正	bǐng zhèng	49789	en-eng,in-ing,z-zh	1
拨发	bō fā	49790	h-f	1
部头	bù tóu	49791	ao-ou	1
踩道	cǎi dào	49792	ai-ei,ao-ou,c-ch	1
藏掖	cáng yē	49793	an-ang,c-ch	3
草菇	cǎo gū	49794	ao-ou,c-ch	1
缠结	chán jié	49795	an-ang,ia-ie,c-ch,j-q-x	1
抄件	chāo jiàn	49797	ian-iang,ao-ou,c-ch,j-q-x	1
车模	chē mó	49800	c-ch	1
成精	chéng jīng	49801	en-eng,in-ing,c-ch,j-q-x	1
吃儿	chī er	49802	c-ch	1
赤露	chì lù	49804	c-ch,n-l,r-l	1
重影	chóng yǐng	49805	in-ing,c-ch	1
川贝	chuān bèi	49806	uan-uang,ai-ei,c-ch	1
串讲	chuàn jiǎng	49807	ian-iang,uan-uang,c-ch,j-q-x	1
准入	zhǔn rù	49808	z-zh,r-l	1
串游	chuàn you	49809	uan-uang,ao-ou,c-ch	1
唇吻	chún wěn	49810	en-eng,c-ch	1
词牌	cí pái	49811	ai-ei,c-ch	1
瓷窑	cí yáo	49812	ao-ou,c-ch	1
辞章	cí zhāng	49813	an-ang,z-zh,c-ch	1
慈颜	cí yán	49814	an-ang,c-ch	1
凑拢	còu lǒng	49815	ao-ou,c-ch,n-l,r-l	1
搭扣	dā kòu	49816	ao-ou	1
打食	dǎ shí	49817	s-sh	1
待聘	dài pìn	49821	in-ing,ai-ei	1
单句	dān jù	49822	an-ang,j-q-x	1
倒找	dào zhǎo	49824	ao-ou,z-zh	1
得亏	děi kuī	49825	ai-ei	1
地埂	dì gěng	49828	en-eng	1
地脚	dì jiǎo	49829	j-q-x	1
递变	dì biàn	49831	ian-iang	1
递升	dì shēng	49832	en-eng,s-sh	1
顶数	dǐng shù	49833	in-ing,s-sh	1
赌瘾	dǔ yǐn	49835	in-ing	1
断狱	duàn yù	49837	uan-uang	1
锻工	duàn gōng	49838	uan-uang	1
对词	duì cí	49839	c-ch	1
对火	duì huǒ	49840	ua-uo,h-f	1
夺杯	duó bēi	49841	ai-ei,ua-uo	1
发物	fā wù	49844	h-f	1
发屋	fà wū	49845	h-f	1
烦愁	fán chóu	49846	an-ang,ao-ou,c-ch,h-f	1
饭勺	fàn sháo	49847	an-ang,ao-ou,s-sh,h-f	1
飞盘	fēi pán	49849	an-ang,ai-ei,h-f	1
奋勉	fèn miǎn	49851	en-eng,ian-iang,h-f	1
烽燧	fēng suì	49852	en-eng,s-sh,h-f	2
蜂腰	fēng yāo	49853	en-eng,ao-ou,h-f	1
附寄	fù jì	49855	h-f,j-q-x	1
改锥	gǎi zhuī	49858	ai-ei,z-zh	1
芥蓝	jiè lán	49859	an-ang,ia-ie,n-l,r-l,j-q-x	1
刚勇	gāng yǒng	49861	an-ang	1
根芽	gēn yá	49864	en-eng	1
工稳	gōng wěn	49865	en-eng	1
公制	gōng zhì	49866	z-zh	1
骨胶	gǔ jiāo	49869	j-q-x	1
鼓弄	gǔ nong	49870	n-l	1
瓜蔓	guā wàn	49871	an-ang,ua-uo	1
犷悍	guǎng hàn	49875	an-ang,uan-uang,h-f	3
过谦	guò qiān	49877	ian-iang,ua-uo,j-q-x	1
过筛	guò shāi	49878	ai-ei,ua-uo,s-sh	1
海钓	hǎi diào	49879	ai-ei,h-f	1
函复	hán fù	49881	an-ang,h-f	1
豪举	háo jǔ	49882	ao-ou,h-f,j-q-x	1
何许	hé xǔ	49883	h-f,j-q-x	1
黑货	hēi huò	49886	ai-ei,ua-uo,h-f	1
横轴	héng zhóu	49888	en-eng,ao-ou,z-zh,h-f	1
红案	hóng àn	49889	an-ang,h-f	1
红壤	hóng rǎng	49890	an-ang,h-f,r-l	1
洪帮	hóng bāng	49891	an-ang,h-f	1
哄劝	hǒng quàn	49892	uan-uang,h-f,j-q-x	1
狐裘	hú qiú	49894	h-f,j-q-x	3
胡搅	hú jiǎo	49896	h-f,j-q-x	1
湖笔	hú bǐ	49897	h-f	1
户型	hù xíng	49899	in-ing,h-f,j-q-x	1
滑爽	huá shuǎng	49900	uan-uang,ua-uo,s-sh,h-f	1
话旧	huà jiù	49901	ua-uo,h-f,j-q-x	1
幻视	huàn shì	49902	uan-uang,s-sh,h-f	1
换肩	huàn jiān	49903	ian-iang,uan-uang,h-f,j-q-x	1
晃摇	huàng yao	49905	uan-uang,ao-ou,h-f	1
灰分	huī fèn	49906	en-eng,h-f	1
徽墨	huī mò	49907	h-f	1
回火	huí huǒ	49908	ua-uo,h-f	1
汇费	huì fèi	49911	ai-ei,h-f	1
活靶	huó bǎ	49912	ua-uo,h-f	1
唧筒	jī tǒng	49913	j-q-x	1
稽考	jī kǎo	49914	ao-ou,j-q-x	1
家燕	jiā yàn	49916	an-ang,ia-ie,j-q-x	1
夹被	jiá bèi	49917	ai-ei,ia-ie,j-q-x	1
奸险	jiān xiǎn	49918	ian-iang,j-q-x	1
监押	jiān yā	49919	ian-iang,j-q-x	1
兼施	jiān shī	49920	ian-iang,s-sh,j-q-x	1
笺注	jiān zhù	49921	ian-iang,z-zh,j-q-x	3
缣帛	jiān bó	49922	ian-iang,j-q-x	2
犟嘴	jiàng zuǐ	49923	ian-iang,z-zh,j-q-x	3
娇妻	jiāo qī	49924	j-q-x	1
娇声	jiāo shēng	49925	en-eng,s-sh,j-q-x	1
焦干	jiāo gān	49926	an-ang,j-q-x	1
节减	jié jiǎn	49928	ian-iang,ia-ie,j-q-x	1
结疤	jié bā	49929	ia-ie,j-q-x	1
尽然	jìn rán	49933	in-ing,an-ang,r-l,j-q-x	1
惊鸿	jīng hóng	49934	in-ing,h-f,j-q-x	1
竞投	jìng tóu	49936	in-ing,ao-ou,j-q-x	1
举兵	jǔ bīng	49937	in-ing,j-q-x	1
绢本	juàn běn	49938	en-eng,uan-uang,j-q-x	1
绝经	jué jīng	49939	in-ing,j-q-x	1
菌肥	jūn féi	49942	ai-ei,h-f,j-q-x	1
俊雅	jùn yǎ	49943	j-q-x	1
开笔	kāi bǐ	49944	ai-ei	1
考期	kǎo qī	49945	ao-ou,j-q-x	1
可鉴	kě jiàn	49947	ian-iang,j-q-x	1
髋骨	kuān gǔ	49950	uan-uang	3
狂徒	kuáng tú	49951	uan-uang	1
老土	lǎo tǔ	49954	ao-ou,n-l,r-l	1
垒砌	lěi qì	49955	ai-ei,n-l,r-l,j-q-x	1
垒墙	lěi qiáng	49956	ian-iang,ai-ei,n-l,r-l,j-q-x	1
例题	lì tí	49960	n-l,r-l	1
帘幕	lián mù	49963	ian-iang,n-l,r-l	1
粮行	liáng háng	49964	an-ang,ian-iang,n-l,h-f,r-l	1
流萤	liú yíng	49966	in-ing,n-l,r-l	1
漏夜	lòu yè	49968	ao-ou,n-l,r-l	1
露底	lòu dǐ	49969	ao-ou,n-l,r-l	1
炉温	lú wēn	49970	en-eng,n-l,r-l	1
落发	luò fà	49972	ua-uo,n-l,h-f,r-l	1
麦糠	mài kāng	49973	an-ang,ai-ei	1
魅人	mèi rén	49978	en-eng,ai-ei,r-l	1
门匾	mén biǎn	49979	en-eng,ian-iang	1
门派	mén pài	49980	en-eng,ai-ei	1
米醋	mǐ cù	49981	c-ch	1
面告	miàn gào	49982	ian-iang,ao-ou	1
面洽	miàn qià	49983	ian-iang,ia-ie,j-q-x	1
名帖	míng tiě	49984	in-ing,ia-ie	1
摸彩	mō cǎi	49985	ai-ei,c-ch	1
木槿	mù jǐn	49986	in-ing,j-q-x	3
暮景	mù jǐng	49987	in-ing,j-q-x	1
奶名	nǎi míng	49988	in-ing,ai-ei,n-l	1
闹戏	nào xì	49991	ao-ou,n-l,j-q-x	1
内详	nèi xiáng	49994	ian-iang,ai-ei,n-l,j-q-x	1
凝缩	níng suō	49996	in-ing,ua-uo,s-sh,n-l	1
旁出	páng chū	49999	an-ang,c-ch	1
跑题	pǎo tí	50000	ao-ou	1
配膳	pèi shàn	50002	an-ang,ai-ei,s-sh	3
蓬散	péng sǎn	50003	en-eng,an-ang,s-sh	1
篷车	péng chē	50004	en-eng,c-ch	1
膨化	péng huà	50005	en-eng,ua-uo,h-f	1
癖性	pǐ xìng	50009	in-ing,j-q-x	3
蹁跹	pián xiān	50010	ian-iang,j-q-x	2
贫油	pín yóu	50011	in-ing,ao-ou	1
屏条	píng tiáo	50012	in-ing	1
破陋	pò lòu	50014	ao-ou,n-l,r-l	1
破相	pò xiàng	50015	ian-iang,j-q-x	1
起笔	qǐ bǐ	50017	j-q-x	1
芊芊	qiān qiān	50019	ian-iang,j-q-x	2
侨属	qiáo shǔ	50024	s-sh,j-q-x	1
窃密	qiè mì	50025	ia-ie,j-q-x	1
清盘	qīng pán	50026	in-ing,an-ang,j-q-x	1
曲霉	qū méi	50028	ai-ei,j-q-x	1
拳棒	quán bàng	50030	an-ang,uan-uang,j-q-x	1
让价	ràng jià	50031	an-ang,ia-ie,r-l,j-q-x	1
热饮	rè yǐn	50032	in-ing,r-l	1
肉丁	ròu dīng	50034	in-ing,ao-ou,r-l	1
肉头	ròu tóu	50035	ao-ou,r-l	1
乳儿	rǔ ér	50036	r-l	1
赛船	sài chuán	50038	uan-uang,ai-ei,c-ch,s-sh	1
色魔	sè mó	50040	s-sh	1
沙金	shā jīn	50041	in-ing,s-sh,j-q-x	1
沙灾	shā zāi	50042	ai-ei,z-zh,s-sh	1
纱笼	shā lóng	50043	s-sh,n-l,r-l	1
商路	shāng lù	50044	an-ang,s-sh,n-l,r-l	1
上肥	shàng féi	50045	an-ang,ai-ei,s-sh,h-f	1
上颌	shàng hé	50046	an-ang,s-sh,h-f	3
赊购	shē gòu	50047	ao-ou,s-sh	3
审处	shěn chǔ	50050	en-eng,c-ch,s-sh	1
实益	shí yì	50051	s-sh	1
矢量	shǐ liàng	50052	ian-iang,s-sh,n-l,r-l	1
饰词	shì cí	50053	c-ch,s-sh	1
枢要	shū yào	50054	ao-ou,s-sh	1
疏略	shū lüè	50056	s-sh,n-l,r-l	1
树墩	shù dūn	50057	s-sh	1
耍奸	shuǎ jiān	50058	ian-iang,ua-uo,s-sh,j-q-x	1
爽目	shuǎng mù	50059	uan-uang,s-sh	1
水葱	shuǐ cōng	50060	c-ch,s-sh	1
水碾	shuǐ niǎn	50061	ian-iang,s-sh,n-l	1
税单	shuì dān	50062	an-ang,s-sh	1
吮咂	shǔn zā	50063	z-zh,s-sh	3
厮熟	sī shú	50064	s-sh	3
死机	sǐ jī	50065	s-sh,j-q-x	1
死球	sǐ qiú	50067	s-sh,j-q-x	1
送展	sòng zhǎn	50068	an-ang,z-zh,s-sh	1
蒜黄	suàn huáng	50070	uan-uang,s-sh,h-f	1
岁初	suì chū	50071	c-ch,s-sh	1
索讨	suǒ tǎo	50074	ao-ou,ua-uo,s-sh	1
探胜	tàn shèng	50075	en-eng,an-ang,s-sh	1
桃仁	táo rén	50077	en-eng,ao-ou,r-l	1
天头	tiān tóu	50080	ian-iang,ao-ou	1
条播	tiáo bō	50081		1
铁柜	tiě guì	50084	ia-ie	1
同庚	tóng gēng	50087	en-eng	1
筒瓦	tǒng wǎ	50088		1
徒孙	tú sūn	50090	s-sh	1
团歌	tuán gē	50091	uan-uang	1
团章	tuán zhāng	50092	an-ang,uan-uang,z-zh	1
挖补	wā bǔ	50093		1
蛙人	wā rén	50094	en-eng,r-l	1
外沿	wài yán	50096	an-ang,ai-ei	1
顽民	wán mín	50097	in-ing,an-ang	1
晚车	wǎn chē	50098	an-ang,c-ch	1
圩子	wéi zi	50100	ai-ei,z-zh	3
苇箔	wěi bó	50101	ai-ei	3
尾骨	wěi gǔ	50102	ai-ei	1
污名	wū míng	50103	in-ing	1
诬害	wū hài	50104	ai-ei,h-f	1
西乐	xī yuè	50108	j-q-x	1
锡器	xī qì	50109	j-q-x	1
洗烫	xǐ tàng	50110	an-ang,j-q-x	1
细故	xì gù	50114	j-q-x	1
狎妓	xiá jì	50115	ia-ie,j-q-x	3
限止	xiàn zhǐ	50117	ian-iang,z-zh,j-q-x	1
腺瘤	xiàn liú	50118	ian-iang,n-l,r-l,j-q-x	1
些个	xiē ge	50119	ia-ie,j-q-x	1
歇夏	xiē xià	50120	ia-ie,j-q-x	1
新寡	xīn guǎ	50122	in-ing,ua-uo,j-q-x	1
新禧	xīn xǐ	50123	in-ing,j-q-x	3
星汉	xīng hàn	50124	in-ing,an-ang,h-f,j-q-x	1
行笔	xíng bǐ	50125	in-ing,j-q-x	1
秀慧	xiù huì	50127	h-f,j-q-x	1
虚造	xū zào	50128	ao-ou,z-zh,j-q-x	1
序目	xù mù	50129	j-q-x	1
续貂	xù diāo	50130	j-q-x	3
蓄志	xù zhì	50131	z-zh,j-q-x	1
悬揣	xuán chuǎi	50132	uan-uang,c-ch,j-q-x	1
选场	xuǎn chǎng	50134	an-ang,uan-uang,c-ch,j-q-x	1
削壁	xuē bì	50135	j-q-x	1
巡守	xún shǒu	50137	ao-ou,s-sh,j-q-x	1
严命	yán mìng	50138	in-ing,an-ang	1
眼库	yǎn kù	50139	an-ang	1
眼跳	yǎn tiào	50140	an-ang	1
验核	yàn hé	50141	an-ang,h-f	1
阳电	yáng diàn	50144	an-ang,ian-iang	1
佯败	yáng bài	50145	an-ang,ai-ei	3
妖物	yāo wù	50147	ao-ou	1
妖雾	yāo wù	50148	ao-ou	1
窑坑	yáo kēng	50149	en-eng,ao-ou	1
疟子	yào zi	50150	ao-ou,z-zh	1
药皂	yào zào	50151	ao-ou,z-zh	1
药渣	yào zhā	50152	ao-ou,z-zh	1
椰汁	yē zhī	50153	z-zh	1
业师	yè shī	50154	s-sh	1
怡悦	yí yuè	50156		1
姨表	yí biǎo	50157		1
疑阵	yí zhèn	50158	en-eng,z-zh	1
彝文	yí wén	50159	en-eng	3
役畜	yì chù	50161	c-ch	1
癔病	yì bìng	50162	in-ing	3
阴惨	yīn cǎn	50163	in-ing,an-ang,c-ch	1
阴宅	yīn zhái	50164	in-ing,ai-ei,z-zh	1
淫巧	yín qiǎo	50165	in-ing,j-q-x	1
应门	yìng mén	50166	en-eng,in-ing	1
硬充	yìng chōng	50167	in-ing,c-ch	1
优渥	yōu wò	50169	ao-ou	3
酉时	yǒu shí	50170	ao-ou,s-sh	1
迂论	yū lùn	50171	n-l,r-l	1
余利	yú lì	50172	n-l,r-l	1
愚蒙	yú méng	50175	en-eng	1
远谋	yuǎn móu	50176	uan-uang,ao-ou	1
远缘	yuǎn yuán	50177	uan-uang	1
月尾	yuè wěi	50180	ai-ei	1
月终	yuè zhōng	50181	z-zh	1
暂用	zàn yòng	50182	an-ang,z-zh	1
甑子	zèng zi	50183	en-eng,z-zh	3
扎花	zhā huā	50184	ua-uo,z-zh,h-f	1
掌班	zhǎng bān	50185	an-ang,z-zh	1
蔗田	zhè tián	50189	ian-iang,z-zh	1
震波	zhèn bō	50190	en-eng,z-zh	1
知友	zhī yǒu	50191	ao-ou,z-zh	1
治装	zhì zhuāng	50193	uan-uang,z-zh	1
置评	zhì píng	50195	in-ing,z-zh	1
中幡	zhōng fān	50196	an-ang,z-zh,h-f	3
竹纸	zhú zhǐ	50198	z-zh	1
主厨	zhǔ chú	50199	z-zh,c-ch	1
转注	zhuǎn zhù	50201	uan-uang,z-zh	1
庄院	zhuāng yuàn	50202	uan-uang,z-zh	1
追补	zhuī bǔ	50203	z-zh	1
赘肉	zhuì ròu	50204	ao-ou,z-zh,r-l	1
资材	zī cái	50205	ai-ei,z-zh,c-ch	1
自爆	zì bào	50206	ao-ou,z-zh	1
棕绳	zōng shéng	50208	en-eng,z-zh,s-sh	1
族亲	zú qīn	50210	in-ing,z-zh,j-q-x	1
组办	zǔ bàn	50211	an-ang,z-zh	1
钻工	zuàn gōng	50213	uan-uang,z-zh	1
作速	zuò sù	50214	ua-uo,z-zh,s-sh	1
作秀	zuò xiù	50215	ua-uo,z-zh,j-q-x	1
坐夜	zuò yè	50216	ua-uo,z-zh	1
坐赃	zuò zāng	50217	an-ang,ua-uo,z-zh	1
拔取	bá qǔ	50220	j-q-x	1
把揽	bǎ lǎn	50221	an-ang,n-l,r-l	1
白醋	bái cù	50222	ai-ei,c-ch	1
棒糖	bàng táng	50224	an-ang	1
抱窝	bào wō	50226	ao-ou	1
爆棚	bào péng	50227	en-eng,ao-ou	1
鼻儿	bí er	50228		1
毕剥	bì bō	50229		1
边锋	biān fēng	50231	en-eng,ian-iang,h-f	1
别体	bié tǐ	50232	ia-ie	1
摈除	bìn chú	50234	in-ing,c-ch	3
病征	bìng zhēng	50236	en-eng,in-ing,z-zh	1
拨叫	bō jiào	50237	j-q-x	1
波荡	bō dàng	50238	an-ang	1
布菜	bù cài	50240	ai-ei,c-ch	1
猜枚	cāi méi	50241	ai-ei,c-ch	1
裁处	cái chǔ	50242	ai-ei,c-ch	1
彩券	cǎi quàn	50243	uan-uang,ai-ei,c-ch,j-q-x	1
参检	cān jiǎn	50245	an-ang,ian-iang,c-ch,j-q-x	1
参量	cān liàng	50246	an-ang,ian-iang,c-ch,n-l,r-l	1
惨毒	cǎn dú	50247	an-ang,c-ch	1
惨境	cǎn jìng	50248	in-ing,an-ang,c-ch,j-q-x	1
策问	cè wèn	50249	en-eng,c-ch	1
差数	chā shù	50250	c-ch,s-sh	1
茶盏	chá zhǎn	50251	an-ang,z-zh,c-ch	1
谗害	chán hài	50253	an-ang,ai-ei,c-ch,h-f	3
超逸	chāo yì	50254	ao-ou,c-ch	1
撤免	chè miǎn	50256	ian-iang,c-ch	1
趁空	chèn kòng	50257	en-eng,c-ch	1
成丁	chéng dīng	50258	en-eng,in-ing,c-ch	1
承修	chéng xiū	50259	en-eng,c-ch,j-q-x	1
秤星	chèng xīng	50260	en-eng,in-ing,c-ch,j-q-x	1
痴傻	chī shǎ	50261	c-ch,s-sh	1
侈靡	chǐ mí	50262	c-ch	1
冲服	chōng fú	50263	c-ch,h-f	1
储积	chǔ jī	50264	c-ch,j-q-x	1
醇和	chún hé	50266	c-ch,h-f	1
辍笔	chuò bǐ	50267	ua-uo,c-ch	3
词法	cí fǎ	50268	c-ch,h-f	1
汆子	cuān zi	50271	uan-uang,z-zh,c-ch	3
存底	cún dǐ	50272	c-ch	1
错谬	cuò miù	50274	ua-uo,c-ch	1
沓子	dá zi	50275	z-zh	3
待产	dài chǎn	50281	an-ang,ai-ei,c-ch	1
胆虚	dǎn xū	50283	an-ang,j-q-x	1
蛋鸭	dàn yā	50284	an-ang	1
倒嚼	dǎo jiào	50285	ao-ou,j-q-x	1
倒座	dào zuò	50286	ao-ou,ua-uo,z-zh	1
低糖	dī táng	50287	an-ang	1
点穿	diǎn chuān	50289	ian-iang,uan-uang,c-ch	1
东床	dōng chuáng	50294	uan-uang,c-ch	1
煅烧	duàn shāo	50298	uan-uang,ao-ou,s-sh	3
敦睦	dūn mù	50299		1
额骨	é gǔ	50301		1
耳顺	ěr shùn	50302	s-sh	1
发蜡	fà là	50304	n-l,h-f,r-l	1
发油	fà yóu	50305	ao-ou,h-f	1
翻牌	fān pái	50306	an-ang,ai-ei,h-f	1
犯浑	fàn hún	50308	an-ang,h-f	1
泛酸	fàn suān	50309	an-ang,uan-uang,s-sh,h-f	1
防涝	fáng lào	50312	an-ang,ao-ou,n-l,h-f,r-l	1
放榜	fàng bǎng	50313	an-ang,h-f	1
放私	fàng sī	50314	an-ang,s-sh,h-f	1
风源	fēng yuán	50318	en-eng,uan-uang,h-f	1
封港	fēng gǎng	50319	en-eng,an-ang,h-f	1
敷料	fū liào	50320	n-l,h-f,r-l	1
扶病	fú bìng	50321	in-ing,h-f	1
浮漂	fú piāo	50322	h-f	1
斧正	fǔ zhèng	50324	en-eng,z-zh,h-f	1
腐旧	fǔ jiù	50325	h-f,j-q-x	1
付邮	fù yóu	50326	ao-ou,h-f	1
负屈	fù qū	50327	h-f,j-q-x	1
妇婴	fù yīng	50328	in-ing,h-f	1
附载	fù zǎi	50329	ai-ei,z-zh,h-f	1
复本	fù běn	50330	en-eng,h-f	1
复演	fù yǎn	50331	an-ang,h-f	1
改产	gǎi chǎn	50332	an-ang,ai-ei,c-ch	1
肝气	gān qì	50334	an-ang,j-q-x	1
膏粱	gāo liáng	50335	ian-iang,ao-ou,n-l,r-l	1
箍儿	gū er	50337		3
瓜架	guā jià	50338	ia-ie,ua-uo,j-q-x	1
刮宫	guā gōng	50340	ua-uo	1
冠词	guān cí	50341	uan-uang,c-ch	1
归总	guī zǒng	50344	z-zh	1
锅饼	guō bing	50345	in-ing,ua-uo	1
海米	hǎi mǐ	50347	ai-ei,h-f	1
合共	hé gòng	50348	h-f	1
盒式	hé shì	50349	s-sh,h-f	1
烘炉	hōng lú	50351	n-l,h-f,r-l	1
喉炎	hóu yán	50352	an-ang,ao-ou,h-f	1
虎胆	hǔ dǎn	50354	an-ang,h-f	1
护从	hù cóng	50355	c-ch,h-f	1
护膝	hù xī	50356	h-f,j-q-x	1
画页	huà yè	50357	ua-uo,h-f	1
换挡	huàn dǎng	50361	an-ang,uan-uang,h-f	1
换约	huàn yuē	50362	uan-uang,h-f	1
黄熟	huáng shú	50363	uan-uang,s-sh,h-f	1
挥斥	huī chì	50364	c-ch,h-f	1
会籍	huì jí	50365	h-f,j-q-x	1
豁嘴	huō zuǐ	50366	ua-uo,z-zh,h-f	1
火蛇	huǒ shé	50368	ua-uo,s-sh,h-f	1
鸡胸	jī xiōng	50370	j-q-x	1
激将	jī jiàng	50371	ian-iang,j-q-x	1
级任	jí rèn	50372	en-eng,r-l,j-q-x	1
家鼠	jiā shǔ	50374	ia-ie,s-sh,j-q-x	1
建置	jiàn zhì	50376	ian-iang,z-zh,j-q-x	1
剑舞	jiàn wǔ	50377	ian-iang,j-q-x	1
交欢	jiāo huān	50378	uan-uang,h-f,j-q-x	1
交迫	jiāo pò	50379	j-q-x	1
胶乳	jiāo rǔ	50380	r-l,j-q-x	1
角铁	jiǎo tiě	50381	ia-ie,j-q-x	1
搅浑	jiǎo hún	50382	h-f,j-q-x	1
接客	jiē kè	50383	ia-ie,j-q-x	1
劫案	jié àn	50385	an-ang,ia-ie,j-q-x	1
疥癣	jiè xuǎn	50386	uan-uang,ia-ie,j-q-x	3
缙绅	jìn shēn	50389	en-eng,in-ing,s-sh,j-q-x	3
经年	jīng nián	50390	in-ing,ian-iang,n-l,j-q-x	1
晶片	jīng piàn	50392	in-ing,ian-iang,j-q-x	1
竞卖	jìng mài	50394	in-ing,ai-ei,j-q-x	1
敬挽	jìng wǎn	50395	in-ing,an-ang,j-q-x	1
窘促	jiǒng cù	50396	c-ch,j-q-x	1
救荒	jiù huāng	50399	uan-uang,h-f,j-q-x	1
举哀	jǔ āi	50400	ai-ei,j-q-x	1
绢画	juàn huà	50402	uan-uang,ua-uo,h-f,j-q-x	1
绝色	jué sè	50403	s-sh,j-q-x	1
军婚	jūn hūn	50404	h-f,j-q-x	1
开仗	kāi zhàng	50406	an-ang,ai-ei,z-zh	1
刊本	kān běn	50407	en-eng,an-ang	1
炕梢	kàng shāo	50408	an-ang,ao-ou,s-sh	1
考妣	kǎo bǐ	50409	ao-ou	3
刻工	kè gōng	50410		1
客舍	kè shè	50411	s-sh	1
课室	kè shì	50412	s-sh	1
空耗	kōng hào	50413	ao-ou,h-f	1
空言	kōng yán	50414	an-ang	1
口称	kǒu chēng	50415	en-eng,ao-ou,c-ch	1
酷肖	kù xiào	50416	j-q-x	1
夸饰	kuā shì	50417	ua-uo,s-sh	1
揽胜	lǎn shèng	50419	en-eng,an-ang,s-sh,n-l,r-l	1
络子	lào zi	50421	ao-ou,z-zh,n-l,r-l	1
落枕	lào zhěn	50422	en-eng,ao-ou,z-zh,n-l,r-l	1
冷泉	lěng quán	50423	en-eng,uan-uang,n-l,r-l,j-q-x	1
力点	lì diǎn	50425	ian-iang,n-l,r-l	1
敛钱	liǎn qián	50427	ian-iang,n-l,r-l,j-q-x	1
亮分	liàng fēn	50429	en-eng,ian-iang,n-l,h-f,r-l	1
亮牌	liàng pái	50430	ian-iang,ai-ei,n-l,r-l	1
撩动	liáo dòng	50431	n-l,r-l	1
料器	liào qì	50432	n-l,r-l,j-q-x	1
猎猎	liè liè	50433	ia-ie,n-l,r-l	1
领巾	lǐng jīn	50434	in-ing,n-l,r-l,j-q-x	1
流气	liú qì	50435	n-l,r-l,j-q-x	1
流徙	liú xǐ	50436	n-l,r-l,j-q-x	1
陋规	lòu guī	50439	ao-ou,n-l,r-l	1
漏检	lòu jiǎn	50440	ian-iang,ao-ou,n-l,r-l,j-q-x	1
录放	lù fàng	50441	an-ang,n-l,h-f,r-l	1
缕析	lǚ xī	50442	n-l,r-l,j-q-x	1
绿阴	lǜ yīn	50443	in-ing,n-l,r-l	1
乱码	luàn mǎ	50444	uan-uang,n-l,r-l	1
落槌	luò chuí	50446	ua-uo,c-ch,n-l,r-l	3
落墨	luò mò	50448	ua-uo,n-l,r-l	1
麦秋	mài qiū	50449	ai-ei,j-q-x	1
没缘	méi yuán	50450	uan-uang,ai-ei	1
门额	mén é	50454	en-eng	1
面斥	miàn chì	50456	ian-iang,c-ch	1
明补	míng bǔ	50458	in-ing	1
抹子	mǒ zi	50460	z-zh	1
奶罩	nǎi zhào	50461	ai-ei,ao-ou,z-zh,n-l	1
奶嘴	nǎi zuǐ	50462	ai-ei,z-zh,n-l	1
铙钹	náo bó	50463	ao-ou,n-l	2
内宾	nèi bīn	50465	in-ing,ai-ei,n-l	1
内痔	nèi zhì	50467	ai-ei,z-zh,n-l	3
浓阴	nóng yīn	50470	in-ing,n-l	1
驽钝	nú dùn	50471	n-l	3
沤肥	òu féi	50473	ai-ei,ao-ou,h-f	3
盘货	pán huò	50475	an-ang,ua-uo,h-f	1
炮膛	pào táng	50477	an-ang,ao-ou	1
陪祭	péi jì	50478	ai-ei,j-q-x	1
喷枪	pēn qiāng	50479	en-eng,ian-iang,j-q-x	1
皮垫	pí diàn	50480	ian-iang	1
皮筏	pí fá	50481	h-f	1
疲沓	pí ta	50482		3
劈叉	pǐ chà	50483	c-ch	1
偏科	piān kē	50484	ian-iang	1
凭依	píng yī	50485	in-ing	1
旗装	qí zhuāng	50487	uan-uang,z-zh,j-q-x	1
企慕	qǐ mù	50488	j-q-x	1
潜返	qián fǎn	50491	an-ang,ian-iang,h-f,j-q-x	1
侵越	qīn yuè	50494	in-ing,j-q-x	1
亲聆	qīn líng	50495	in-ing,n-l,r-l,j-q-x	1
倾动	qīng dòng	50497	in-ing,j-q-x	1
倾塌	qīng tā	50498	in-ing,j-q-x	1
清肺	qīng fèi	50499	in-ing,ai-ei,h-f,j-q-x	1
清涟	qīng lián	50500	in-ing,ian-iang,n-l,r-l,j-q-x	3
全勤	quán qín	50505	in-ing,uan-uang,j-q-x	1
然诺	rán nuò	50507	an-ang,ua-uo,n-l,r-l	1
肉鸽	ròu gē	50511	ao-ou,r-l	1
肉丸	ròu wán	50512	an-ang,ao-ou,r-l	1
如次	rú cì	50513	c-ch,r-l	1
入镜	rù jìng	50514	in-ing,r-l,j-q-x	1
箬笠	ruò lì	50515	ua-uo,n-l,r-l	2
散置	sǎn zhì	50516	an-ang,z-zh,s-sh	1
刹把	shā bǎ	50517	s-sh	1
山荒	shān huāng	50518	an-ang,uan-uang,s-sh,h-f	1
上蜡	shàng là	50519	an-ang,s-sh,n-l,r-l	1
少礼	shǎo lǐ	50522	ao-ou,s-sh,n-l,r-l	1
肾盂	shèn yú	50526	en-eng,s-sh	3
生词	shēng cí	50527	en-eng,c-ch,s-sh	1
时行	shí xíng	50531	in-ing,s-sh,j-q-x	1
使役	shǐ yì	50532	s-sh	1
试机	shì jī	50534	s-sh,j-q-x	1
收悉	shōu xī	50536	ao-ou,s-sh,j-q-x	1
书迷	shū mí	50537	s-sh	1
耍人	shuǎ rén	50539	en-eng,ua-uo,s-sh,r-l	1
涮洗	shuàn xǐ	50542	uan-uang,s-sh,j-q-x	1
睡裤	shuì kù	50543	s-sh	1
私学	sī xué	50546	s-sh,j-q-x	1
锁边	suǒ biān	50550	ian-iang,ua-uo,s-sh	1
踏看	tà kàn	50551	an-ang	1
胎毛	tāi máo	50552	ai-ei,ao-ou	1
胎衣	tāi yī	50553	ai-ei	1
台扇	tái shàn	50554	an-ang,ai-ei,s-sh	1
坍陷	tān xiàn	50557	an-ang,ian-iang,j-q-x	3
滩羊	tān yáng	50558	an-ang	1
糖包	táng bāo	50559	an-ang,ao-ou	1
桃酥	táo sū	50560	ao-ou,s-sh	1
陶文	táo wén	50561	en-eng,ao-ou	1
套绳	tào shéng	50562	en-eng,ao-ou,s-sh	1
提挈	tí qiè	50564	ia-ie,j-q-x	3
听装	tīng zhuāng	50566	in-ing,uan-uang,z-zh	1
停板	tíng bǎn	50567	in-ing,an-ang	1
铜绿	tóng lǜ	50569	n-l,r-l	1
童便	tóng biàn	50570	ian-iang	1
偷嘴	tōu zuǐ	50571	ao-ou,z-zh	1
吐穗	tǔ suì	50573	s-sh	1
退庭	tuì tíng	50574	in-ing	1
退团	tuì tuán	50575	uan-uang	1
吞灭	tūn miè	50576	ia-ie	1
吞蚀	tūn shí	50577	s-sh	1
屯聚	tún jù	50578	j-q-x	1
臀尖	tún jiān	50579	ian-iang,j-q-x	1
脱兔	tuō tù	50581	ua-uo	1
脱盐	tuō yán	50582	an-ang,ua-uo	1
外存	wài cún	50583	ai-ei,c-ch	1
外港	wài gǎng	50584	an-ang,ai-ei	1
妄断	wàng duàn	50586	an-ang,uan-uang	1
忘性	wàng xìng	50587	in-ing,an-ang,j-q-x	1
微火	wēi huǒ	50588	ai-ei,ua-uo,h-f	1
围击	wéi jī	50590	ai-ei,j-q-x	1
畏友	wèi yǒu	50591	ai-ei,ao-ou	1
做绝	zuò jué	50592	ua-uo,z-zh,j-q-x	1
武丑	wǔ chǒu	50599	ao-ou,c-ch	1
舞星	wǔ xīng	50600	in-ing,j-q-x	1
晤见	wù jiàn	50601	ian-iang,j-q-x	3
细挑	xì tiao	50603	j-q-x	1
瞎诌	xiā zhōu	50604	ao-ou,ia-ie,z-zh,j-q-x	3
辖制	xiá zhì	50605	ia-ie,z-zh,j-q-x	1
销势	xiāo shì	50609	s-sh,j-q-x	1
小疵	xiǎo cī	50610	c-ch,j-q-x	3
谐美	xié měi	50613	ai-ei,ia-ie,j-q-x	1
鞋刷	xié shuā	50614	ia-ie,ua-uo,s-sh,j-q-x	1
薪饷	xīn xiǎng	50617	in-ing,ian-iang,j-q-x	3
熬冬	áo dōng	50618	ao-ou	1
行时	xíng shí	50620	in-ing,s-sh,j-q-x	1
满地	mǎn dì	50622	an-ang	1
胸花	xiōng huā	50623	ua-uo,h-f,j-q-x	1
修盖	xiū gài	50624	ai-ei,j-q-x	1
朽烂	xiǔ làn	50625	an-ang,n-l,r-l,j-q-x	1
续稿	xù gǎo	50626	ao-ou,j-q-x	1
续假	xù jià	50627	ia-ie,j-q-x	1
玄青	xuán qīng	50628	in-ing,uan-uang,j-q-x	1
悬腕	xuán wàn	50629	an-ang,uan-uang,j-q-x	1
炫示	xuàn shì	50630	uan-uang,s-sh,j-q-x	1
雪暴	xuě bào	50631	ao-ou,j-q-x	1
局点	jú diǎn	50633	ian-iang,j-q-x	1
巡风	xún fēng	50634	en-eng,h-f,j-q-x	1
烟色	yān sè	50635	an-ang,s-sh	1
颜容	yán róng	50636	an-ang,r-l	1
檐口	yán kǒu	50637	an-ang,ao-ou	1
偷巧	tōu qiǎo	50638	ao-ou,j-q-x	1
扬场	yáng cháng	50639	an-ang,c-ch	1
要端	yào duān	50641	uan-uang,ao-ou	1
移用	yí yòng	50643		1
义项	yì xiàng	50644	ian-iang,j-q-x	1
异见	yì jiàn	50645	ian-iang,j-q-x	1
逸趣	yì qù	50646	j-q-x	1
阴干	yīn gān	50647	in-ing,an-ang	1
印玺	yìn xǐ	50649	in-ing,j-q-x	3
邮售	yóu shòu	50653	ao-ou,s-sh	1
油星	yóu xīng	50654	in-ing,ao-ou,j-q-x	1
娱悦	yú yuè	50656		1
雨景	yǔ jǐng	50657	in-ing,j-q-x	1
雨帽	yǔ mào	50658	ao-ou	1
郁热	yù rè	50659	r-l	1
御苑	yù yuàn	50660	uan-uang	1
帮冬	bāng dōng	50661	an-ang	1
原宥	yuán yòu	50662	uan-uang,ao-ou	3
远因	yuǎn yīn	50663	in-ing,uan-uang	1
云汉	yún hàn	50664	an-ang,h-f	1
韵调	yùn diào	50665		1
韵书	yùn shū	50666	s-sh	1
杂税	zá shuì	50667	z-zh,s-sh	1
枣糕	zǎo gāo	50668	ao-ou,z-zh	1
赠别	zèng bié	50670	en-eng,ia-ie,z-zh	1
诈唬	zhà hu	50671	z-zh,h-f	1
诈尸	zhà shī	50672	z-zh,s-sh	1
毡靴	zhān xuē	50673	an-ang,z-zh,j-q-x	1
站哨	zhàn shào	50674	an-ang,ao-ou,z-zh,s-sh	1
绽露	zhàn lù	50675	an-ang,z-zh,n-l,r-l	1
枕骨	zhěn gǔ	50677	en-eng,z-zh	1
阵式	zhèn shì	50678	en-eng,z-zh,s-sh	1
口惠	kǒu huì	50681	ao-ou,h-f	1
正凶	zhèng xiōng	50682	en-eng,z-zh,j-q-x	1
职大	zhí dà	50684	z-zh	1
鸷鸟	zhì niǎo	50685	z-zh,n-l	3
智擒	zhì qín	50686	in-ing,z-zh,j-q-x	1
珠兰	zhū lán	50687	an-ang,z-zh,n-l,r-l	1
猪窝	zhū wō	50688	z-zh	1
竹雕	zhú diāo	50689	z-zh	1
主责	zhǔ zé	50691	z-zh	1
专才	zhuān cái	50693	uan-uang,ai-ei,z-zh,c-ch	1
专差	zhuān chāi	50694	uan-uang,ai-ei,z-zh,c-ch	1
装裹	zhuāng guo	50695	uan-uang,ua-uo,z-zh	1
酌减	zhuó jiǎn	50696	ian-iang,ua-uo,z-zh,j-q-x	1
棕树	zōng shù	50698	z-zh,s-sh	1
走避	zǒu bì	50700	ao-ou,z-zh	1
走棋	zǒu qí	50701	ao-ou,z-zh,j-q-x	1
租种	zū zhòng	50702	z-zh	1
过数	guò shù	50703	ua-uo,s-sh	1
组雕	zǔ diāo	50704	z-zh	1
钻床	zuàn chuáng	50705	uan-uang,z-zh,c-ch	1
长销	cháng xiāo	50707	an-ang,c-ch,j-q-x	1
钻台	zuàn tái	50708	uan-uang,ai-ei,z-zh	1
嘴严	zuǐ yán	50709	an-ang,z-zh	1
暗补	àn bǔ	50712	an-ang	1
澳抗	ào kàng	50713	an-ang,ao-ou	1
拔锚	bá máo	50715	ao-ou	1
坝基	bà jī	50716	j-q-x	1
白矾	bái fán	50717	an-ang,ai-ei,h-f	1
白汤	bái tāng	50718	an-ang,ai-ei	1
摆件	bǎi jiàn	50719	ian-iang,ai-ei,j-q-x	1
败象	bài xiàng	50720	ian-iang,ai-ei,j-q-x	1
扳道	bān dào	50721	an-ang,ao-ou	1
扳子	bān zi	50722	an-ang,z-zh	1
办罪	bàn zuì	50723	an-ang,z-zh	1
爆仗	bào zhang	50727	an-ang,ao-ou,z-zh	1
碑身	bēi shēn	50728	en-eng,ai-ei,s-sh	1
贝雕	bèi diāo	50729	ai-ei	1
本籍	běn jí	50730	en-eng,j-q-x	1
崩落	bēng luò	50731	en-eng,ua-uo,n-l,r-l	1
进流	jìn liú	50732	in-ing,n-l,r-l,j-q-x	1
痹症	bì zhèng	50733	en-eng,z-zh	1
变例	biàn lì	50734	ian-iang,n-l,r-l	1
辨正	biàn zhèng	50735	en-eng,ian-iang,z-zh	1
别业	bié yè	50736	ia-ie	1
冰船	bīng chuán	50737	in-ing,uan-uang,c-ch	1
不才	bù cái	50739	ai-ei,c-ch	1
才赋	cái fù	50742	ai-ei,c-ch,h-f	1
财界	cái jiè	50743	ai-ei,ia-ie,c-ch,j-q-x	1
仓位	cāng wèi	50744	an-ang,ai-ei,c-ch	1
苍耳	cāng ěr	50745	an-ang,c-ch	1
草体	cǎo tǐ	50746	ao-ou,c-ch	1
侧根	cè gēn	50747	en-eng,c-ch	1
茶碱	chá jiǎn	50748	ian-iang,c-ch,j-q-x	1
碴口	chá kǒu	50749	ao-ou,c-ch	3
岔气	chà qì	50750	c-ch,j-q-x	1
差派	chāi pài	50751	ai-ei,c-ch	1
常性	cháng xìng	50753	in-ing,an-ang,c-ch,j-q-x	1
唱碟	chàng dié	50754	an-ang,ia-ie,c-ch	1
唱针	chàng zhēn	50755	en-eng,an-ang,z-zh,c-ch	1
车险	chē xiǎn	50756	ian-iang,c-ch,j-q-x	1
扯腿	chě tuǐ	50757	c-ch	1
陈货	chén huò	50758	en-eng,ua-uo,c-ch,h-f	1
蛏子	chēng zi	50759	en-eng,z-zh,c-ch	3
呈阅	chéng yuè	50760	en-eng,c-ch	1
承购	chéng gòu	50761	en-eng,ao-ou,c-ch	1
吃准	chī zhǔn	50762	z-zh,c-ch	1
痴恋	chī liàn	50763	ian-iang,c-ch,n-l,r-l	1
抽换	chōu huàn	50764	uan-uang,ao-ou,c-ch,h-f	1
愁怀	chóu huái	50765	ao-ou,c-ch,h-f	1
筹算	chóu suàn	50766	uan-uang,ao-ou,c-ch,s-sh	1
初潮	chū cháo	50767	ao-ou,c-ch	1
除垢	chú gòu	50768	ao-ou,c-ch	1
传代	chuán dài	50769	uan-uang,ai-ei,c-ch	1
窗扉	chuāng fēi	50770	uan-uang,ai-ei,c-ch,h-f	3
纯钢	chún gāng	50774	an-ang,c-ch	1
唇裂	chún liè	50775	ia-ie,c-ch,n-l,r-l	1
刺啦	cī lā	50776	c-ch,n-l,r-l	1
苁蓉	cōng róng	50778	c-ch,r-l	3
粗厚	cū hòu	50779	ao-ou,c-ch,h-f	1
崔巍	cuī wēi	50780	ai-ei,c-ch	1
催情	cuī qíng	50781	in-ing,c-ch,j-q-x	1
搓弄	cuō nòng	50782	ua-uo,c-ch,n-l	1
错动	cuò dòng	50783	ua-uo,c-ch	1
戴胜	dài shèng	50788	en-eng,ai-ei,s-sh	1
单摆	dān bǎi	50789	an-ang,ai-ei	1
刀豆	dāo dòu	50792	ao-ou	1
低质	dī zhì	50793	z-zh	1
堤堰	dī yàn	50794	an-ang	1
地漏	dì lòu	50795	ao-ou,n-l,r-l	1
电椅	diàn yǐ	50799	ian-iang	1
佃客	diàn kè	50800	ian-iang	1
刁顽	diāo wán	50801	an-ang	1
凋萎	diāo wěi	50802	ai-ei	3
吊球	diào qiú	50803	j-q-x	1
叠韵	dié yùn	50804	ia-ie	1
解严	jiě yán	50806	an-ang,ia-ie,j-q-x	1
豆酱	dòu jiàng	50807	ian-iang,ao-ou,j-q-x	1
笃厚	dǔ hòu	50808	ao-ou,h-f	3
赌本	dǔ běn	50809	en-eng	1
赌窝	dǔ wō	50810		1
端量	duān liang	50811	ian-iang,uan-uang,n-l,r-l	1
断种	duàn zhǒng	50812	uan-uang,z-zh	1
锻件	duàn jiàn	50813	ian-iang,uan-uang,j-q-x	1
舵工	duò gōng	50815	ua-uo	1
恶徒	è tú	50816		1
儿化	ér huà	50817	ua-uo,h-f	1
鸸鹋	ér miáo	50818		2
耳饰	ěr shì	50819	s-sh	1
发标	fā biāo	50820	h-f	1
发躁	fā zào	50821	ao-ou,z-zh,h-f	1
翻斗	fān dǒu	50822	an-ang,ao-ou,h-f	1
凡例	fán lì	50823	an-ang,n-l,h-f,r-l	1
返迁	fǎn qiān	50825	an-ang,ian-iang,h-f,j-q-x	1
放情	fàng qíng	50830	in-ing,an-ang,h-f,j-q-x	1
粉团	fěn tuán	50833	en-eng,uan-uang,h-f	1
风磨	fēng mò	50834	en-eng,h-f	1
风墙	fēng qiáng	50835	en-eng,ian-iang,h-f,j-q-x	1
复市	fù shì	50837	s-sh,h-f	1
复视	fù shì	50838	s-sh,h-f	1
覆被	fù bèi	50839	ai-ei,h-f	1
干薪	gān xīn	50841	in-ing,an-ang,j-q-x	1
缸瓦	gāng wǎ	50843	an-ang	1
割治	gē zhì	50844	z-zh	1
汞柱	gǒng zhù	50846	z-zh	1
骨膜	gǔ mó	50847		1
关饷	guān xiǎng	50848	ian-iang,uan-uang,j-q-x	3
轨枕	guǐ zhěn	50849	en-eng,z-zh	1
聒耳	guō ěr	50850	ua-uo	3
汉显	hàn xiǎn	50853	an-ang,ian-iang,h-f,j-q-x	1
夯歌	hāng gē	50854	an-ang,h-f	1
夯土	hāng tǔ	50855	an-ang,h-f	1
蚝油	háo yóu	50856	ao-ou,h-f	3
壕堑	háo qiàn	50857	ian-iang,ao-ou,h-f,j-q-x	2
合闸	hé zhá	50859	z-zh,h-f	1
黑管	hēi guǎn	50861	uan-uang,ai-ei,h-f	1
红麻	hóng má	50862	h-f	1
红区	hóng qū	50863	h-f,j-q-x	1
后步	hòu bù	50865	ao-ou,h-f	1
湖蓝	hú lán	50867	an-ang,n-l,h-f,r-l	1
湖泽	hú zé	50868	z-zh,h-f	1
花盘	huā pán	50869	an-ang,ua-uo,h-f	1
荒瘠	huāng jí	50870	uan-uang,h-f,j-q-x	3
回翔	huí xiáng	50873	ian-iang,h-f,j-q-x	1
回涨	huí zhǎng	50875	an-ang,z-zh,h-f	1
汇拢	huì lǒng	50876	n-l,h-f,r-l	1
秽闻	huì wén	50877	en-eng,h-f	1
秽行	huì xíng	50878	in-ing,h-f,j-q-x	1
鸡奸	jī jiān	50880	ian-iang,j-q-x	1
基价	jī jià	50882	ia-ie,j-q-x	1
缉查	jī chá	50883	c-ch,j-q-x	1
稽留	jī liú	50884	n-l,r-l,j-q-x	1
忌食	jì shí	50886	s-sh,j-q-x	1
蛱蝶	jiá dié	50887	ia-ie,j-q-x	3
拣择	jiǎn zé	50888	ian-iang,z-zh,j-q-x	1
简编	jiǎn biān	50889	ian-iang,j-q-x	1
简表	jiǎn biǎo	50890	ian-iang,j-q-x	1
简图	jiǎn tú	50891	ian-iang,j-q-x	1
间壁	jiàn bì	50892	ian-iang,j-q-x	1
降尘	jiàng chén	50893	en-eng,ian-iang,c-ch,j-q-x	1
骄慢	jiāo màn	50894	an-ang,j-q-x	1
骄纵	jiāo zòng	50895	z-zh,j-q-x	1
焦煳	jiāo hú	50896	h-f,j-q-x	3
焦枯	jiāo kū	50897	j-q-x	1
铰链	jiǎo liàn	50899	ian-iang,n-l,r-l,j-q-x	3
缴租	jiǎo zū	50900	z-zh,j-q-x	1
教旨	jiào zhǐ	50901	z-zh,j-q-x	1
解套	jiě tào	50902	ao-ou,ia-ie,j-q-x	1
金饰	jīn shì	50903	in-ing,s-sh,j-q-x	1
紧忙	jǐn máng	50904	in-ing,an-ang,j-q-x	1
特藏	tè cáng	50905	an-ang,c-ch	1
紧实	jǐn shí	50906	in-ing,s-sh,j-q-x	1
紧着	jǐn zhe	50907	in-ing,z-zh,j-q-x	1
荆榛	jīng zhēn	50908	en-eng,in-ing,z-zh,j-q-x	3
未几	wèi jǐ	50909	ai-ei,j-q-x	1
景深	jǐng shēn	50910	en-eng,in-ing,s-sh,j-q-x	1
劲歌	jìng gē	50911	in-ing,j-q-x	1
竟日	jìng rì	50912	in-ing,r-l,j-q-x	1
敬赠	jìng zèng	50913	en-eng,in-ing,z-zh,j-q-x	1
旧人	jiù rén	50915	en-eng,r-l,j-q-x	1
救场	jiù chǎng	50916	an-ang,c-ch,j-q-x	1
举事	jǔ shì	50917	s-sh,j-q-x	1
绝代	jué dài	50918	ai-ei,j-q-x	1
绝命	jué mìng	50919	in-ing,j-q-x	1
军列	jūn liè	50920	ia-ie,n-l,r-l,j-q-x	1
军史	jūn shǐ	50921	s-sh,j-q-x	1
门店	mén diàn	50922	en-eng,ian-iang	1
峻拔	jùn bá	50923	j-q-x	1
开罪	kāi zuì	50924	ai-ei,z-zh	1
揩拭	kāi shì	50925	ai-ei,s-sh	1
空际	kōng jì	50927	j-q-x	1
窥看	kuī kàn	50928	an-ang	1
烂醉	làn zuì	50929	an-ang,z-zh,n-l,r-l	1
累次	lěi cì	50930	ai-ei,c-ch,n-l,r-l	1
理家	lǐ jiā	50931	ia-ie,n-l,r-l,j-q-x	1
利权	lì quán	50932	uan-uang,n-l,r-l,j-q-x	1
粮区	liáng qū	50933	ian-iang,n-l,r-l,j-q-x	1
列位	liè wèi	50935	ai-ei,ia-ie,n-l,r-l	1
零担	líng dàn	50936	in-ing,an-ang,n-l,r-l	1
领花	lǐng huā	50937	in-ing,ua-uo,n-l,h-f,r-l	1
领水	lǐng shuǐ	50938	in-ing,s-sh,n-l,r-l	1
流盼	liú pàn	50940	an-ang,n-l,r-l	1
满仓	mǎn cāng	50941	an-ang,c-ch	1
流食	liú shí	50943	s-sh,n-l,r-l	1
碌碡	liù zhou	50944	ao-ou,z-zh,n-l,r-l	3
拢共	lǒng gòng	50945	n-l,r-l	1
露富	lòu fù	50946	ao-ou,n-l,h-f,r-l	1
略图	lüè tú	50947	n-l,r-l	1
瘰疬	luǒ lì	50948	ua-uo,n-l,r-l	2
毛蓝	máo lán	50950	an-ang,ao-ou,n-l,r-l	1
锚泊	máo bó	50951	ao-ou	1
锚固	máo gù	50952	ao-ou	1
门斗	mén dǒu	50953	en-eng,ao-ou	1
蒙哄	méng hǒng	50954	en-eng,h-f	1
盟书	méng shū	50955	en-eng,s-sh	1
猛男	měng nán	50956	en-eng,an-ang,n-l	1
米糕	mǐ gāo	50957	ao-ou	1
秘宝	mì bǎo	50958	ao-ou	1
面软	miàn ruǎn	50959	ian-iang,uan-uang,r-l	1
邈远	miǎo yuǎn	50960	uan-uang	3
摸奖	mō jiǎng	50962	ian-iang,j-q-x	1
墨晶	mò jīng	50965	in-ing,j-q-x	1
墨渍	mò zì	50966	z-zh	3
牧主	mù zhǔ	50967	z-zh	1
闹灾	nào zāi	50968	ai-ei,ao-ou,z-zh,n-l	1
黏度	nián dù	50972	ian-iang,n-l	3
黏着	nián zhuó	50973	ian-iang,ua-uo,z-zh,n-l	3
镍币	niè bì	50974	ia-ie,n-l	3
挪借	nuó jiè	50977	ia-ie,ua-uo,n-l,j-q-x	1
糯稻	nuò dào	50978	ao-ou,ua-uo,n-l	1
攀扯	pān chě	50979	an-ang,c-ch	1
捧杀	pěng shā	50980	en-eng,s-sh	1
品第	pǐn dì	50982	in-ing	1
普快	pǔ kuài	50983		1
气根	qì gēn	50985	en-eng,j-q-x	1
契据	qì jù	50986	j-q-x	1
峭立	qiào lì	50988	n-l,r-l,j-q-x	1
青冢	qīng zhǒng	50989	in-ing,z-zh,j-q-x	3
清馨	qīng xīn	50991	in-ing,j-q-x	1
秋游	qiū yóu	50992	ao-ou,j-q-x	1
缺门	quē mén	50997	en-eng,j-q-x	1
溶蚀	róng shí	50999	s-sh,r-l	1
锐眼	ruì yǎn	51003	an-ang,r-l	1
塞牙	sāi yá	51005	ai-ei,s-sh	1
沙碛	shā qì	51007	s-sh,j-q-x	3
扇坠	shàn zhuì	51009	an-ang,z-zh,s-sh	1
烧心	shāo xīn	51010	in-ing,ao-ou,s-sh,j-q-x	1
蛇蜕	shé tuì	51012	s-sh	1
绳墨	shéng mò	51015	en-eng,s-sh	1
失墒	shī shāng	51016	an-ang,s-sh	3
失贞	shī zhēn	51017	en-eng,z-zh,s-sh	1
石笔	shí bǐ	51018	s-sh	1
市制	shì zhì	51019	z-zh,s-sh	1
试场	shì chǎng	51020	an-ang,c-ch,s-sh	1
柿霜	shì shuāng	51021	uan-uang,s-sh	1
熟土	shú tǔ	51023	s-sh	1
暑伏	shǔ fú	51024	s-sh,h-f	1
双响	shuāng xiǎng	51026	ian-iang,uan-uang,s-sh,j-q-x	1
税案	shuì àn	51028	an-ang,s-sh	1
顺意	shùn yì	51029	s-sh	1
司库	sī kù	51030	s-sh	1
司药	sī yào	51031	ao-ou,s-sh	1
官媒	guān méi	51032	uan-uang,ai-ei	1
松烟	sōng yān	51035	an-ang,s-sh	1
素愿	sù yuàn	51036	uan-uang,s-sh	1
胎发	tāi fà	51038	ai-ei,h-f	1
台鉴	tái jiàn	51039	ian-iang,ai-ei,j-q-x	1
碳黑	tàn hēi	51042	an-ang,ai-ei,h-f	1
填方	tián fāng	51044	an-ang,ian-iang,h-f	1
通览	tōng lǎn	51049	an-ang,n-l,r-l	1
偷营	tōu yíng	51051	in-ing,ao-ou	1
土名	tǔ míng	51053	in-ing	1
兔唇	tù chún	51055	c-ch	1
团籍	tuán jí	51056	uan-uang,j-q-x	1
颓靡	tuí mǐ	51058		1
拖堂	tuō táng	51059	an-ang,ua-uo	1
脱胶	tuō jiāo	51060	ua-uo,j-q-x	1
脱漏	tuō lòu	51061	ao-ou,ua-uo,n-l,r-l	1
脱卸	tuō xiè	51062	ia-ie,ua-uo,j-q-x	1
袜筒	wà tǒng	51063		1
弯度	wān dù	51064	an-ang	1
弯头	wān tóu	51065	an-ang,ao-ou	1
丸剂	wán jì	51066	an-ang,j-q-x	1
婉顺	wǎn shùn	51068	an-ang,s-sh	1
委培	wěi péi	51070	ai-ei	1
温课	wēn kè	51071	en-eng	1
文契	wén qì	51072	en-eng,j-q-x	1
文胸	wén xiōng	51073	en-eng,j-q-x	1
窝工	wō gōng	51074		1
诬指	wū zhǐ	51075	z-zh	1
芜菁	wú jīng	51077	in-ing,j-q-x	3
舞迷	wǔ mí	51079		1
析疑	xī yí	51083	j-q-x	1
下聘	xià pìn	51086	in-ing,ia-ie,j-q-x	1
衔冤	xián yuān	51087	ian-iang,uan-uang,j-q-x	1
香橙	xiāng chéng	51090	en-eng,ian-iang,c-ch,j-q-x	1
香肚	xiāng dǔ	51091	ian-iang,j-q-x	1
湘菜	xiāng cài	51092	ian-iang,ai-ei,c-ch,j-q-x	1
消歇	xiāo xiē	51094	ia-ie,j-q-x	1
小别	xiǎo bié	51096	ia-ie,j-q-x	1
写家	xiě jiā	51098	ia-ie,j-q-x	1
信筒	xìn tǒng	51101	in-ing,j-q-x	1
醒木	xǐng mù	51103	in-ing,j-q-x	1
凶耗	xiōng hào	51104	ao-ou,h-f,j-q-x	1
凶宅	xiōng zhái	51105	ai-ei,z-zh,j-q-x	1
雄视	xióng shì	51107	s-sh,j-q-x	1
休怪	xiū guài	51108	j-q-x	1
秀挺	xiù tǐng	51109	in-ing,j-q-x	1
削肩	xuē jiān	51113	ian-iang,j-q-x	1
穴播	xué bō	51114	j-q-x	1
压车	yā chē	51116	c-ch	1
妍丽	yán lì	51118	an-ang,n-l,r-l	3
盐滩	yán tān	51119	an-ang	1
演期	yǎn qī	51120	an-ang,j-q-x	1
唁函	yàn hán	51121	an-ang,h-f	1
养眼	yǎng yǎn	51123	an-ang	1
妖风	yāo fēng	51124	en-eng,ao-ou,h-f	1
咬舌	yǎo shé	51127	ao-ou,s-sh	1
异日	yì rì	51132	r-l	1
薏米	yì mǐ	51133		3
殷富	yīn fù	51134	in-ing,h-f	1
撞脸	zhuàng liǎn	51135	ian-iang,uan-uang,z-zh,n-l,r-l	1
淫亵	yín xiè	51136	in-ing,ia-ie,j-q-x	3
荫翳	yīn yì	51137	in-ing	3
英年	yīng nián	51138	in-ing,ian-iang,n-l	1
痈疽	yōng jū	51139	j-q-x	2
幽婉	yōu wǎn	51140	an-ang,ao-ou	1
余风	yú fēng	51141	en-eng,h-f	1
羽纱	yǔ shā	51143	s-sh	1
驭手	yù shǒu	51144	ao-ou,s-sh	3
圆钢	yuán gāng	51145	an-ang,uan-uang	1
云崖	yún yá	51146		1
臧否	zāng pǐ	51147	an-ang,z-zh	3
藏袍	cáng páo	51148	an-ang,ao-ou,c-ch	1
早搏	zǎo bó	51149	ao-ou,z-zh	1
早造	zǎo zào	51150	ao-ou,z-zh	1
藻饰	zǎo shì	51151	ao-ou,z-zh,s-sh	1
择友	zé yǒu	51152	ao-ou,z-zh	1
谵妄	zhān wàng	51154	an-ang,z-zh	3
招眼	zhāo yǎn	51156	an-ang,ao-ou,z-zh	1
找平	zhǎo píng	51158	in-ing,ao-ou,z-zh	1
争嘴	zhēng zuǐ	51162	en-eng,z-zh	1
征引	zhēng yǐn	51163	en-eng,in-ing,z-zh	1
旨要	zhǐ yào	51165	ao-ou,z-zh	1
竹箱	zhú xiāng	51169	ian-iang,z-zh,j-q-x	1
抓差	zhuā chāi	51172	ai-ei,ua-uo,z-zh,c-ch	1
撞骗	zhuàng piàn	51173	ian-iang,uan-uang,z-zh	1
撞针	zhuàng zhēn	51174	en-eng,uan-uang,z-zh	1
追缉	zhuī jī	51175	z-zh,j-q-x	1
濯濯	zhuó zhuó	51176	ua-uo,z-zh	2
滋蔓	zī màn	51177	an-ang,z-zh	1
子囊	zǐ náng	51178	an-ang,z-zh,n-l	1
自咎	zì jiù	51179	z-zh,j-q-x	3
自况	zì kuàng	51180	uan-uang,z-zh	1
足金	zú jīn	51183	in-ing,z-zh,j-q-x	1
嘴碎	zuǐ suì	51185	z-zh,s-sh	1
尊驾	zūn jià	51186	ia-ie,z-zh,j-q-x	1
作脸	zuò liǎn	51187	ian-iang,ua-uo,z-zh,n-l,r-l	1
笆斗	bā dǒu	51190	ao-ou	3
罢教	bà jiào	51191	j-q-x	1
白案	bái àn	51192	an-ang,ai-ei	1
白道	bái dào	51193	ai-ei,ao-ou	1
帮补	bāng bǔ	51195	an-ang	1
宝号	bǎo hào	51197	ao-ou,h-f	1
报失	bào shī	51198	ao-ou,s-sh	1
报站	bào zhàn	51199	an-ang,ao-ou,z-zh	1
背筐	bēi kuāng	51200	uan-uang,ai-ei	1
悲思	bēi sī	51201	ai-ei,s-sh	1
碑额	bēi é	51202	ai-ei	1
备悉	bèi xī	51203	ai-ei,j-q-x	1
绷脸	běng liǎn	51205	en-eng,ian-iang,n-l,r-l	1
迸飞	bèng fēi	51206	en-eng,ai-ei,h-f	3
笔套	bǐ tào	51207	ao-ou	1
笔形	bǐ xíng	51208	in-ing,j-q-x	1
辩诉	biàn sù	51211	ian-iang,s-sh	1
表针	biǎo zhēn	51212	en-eng,z-zh	1
裱褙	biǎo bèi	51213	ai-ei	2
冰床	bīng chuáng	51214	in-ing,uan-uang,c-ch	1
驳岸	bó àn	51215	an-ang	1
擘划	bò huà	51217	ua-uo,h-f	3
簿籍	bù jí	51222	j-q-x	1
彩饰	cǎi shì	51223	ai-ei,c-ch,s-sh	1
菜店	cài diàn	51224	ian-iang,ai-ei,c-ch	1
残卷	cán juàn	51226	an-ang,uan-uang,c-ch,j-q-x	1
苍哑	cāng yǎ	51227	an-ang,c-ch	1
查铺	chá pù	51229	c-ch	1
拆零	chāi líng	51230	in-ing,ai-ei,c-ch,n-l,r-l	1
拆卖	chāi mài	51231	ai-ei,c-ch	1
馋鬼	chán guǐ	51232	an-ang,c-ch	1
长法	cháng fǎ	51233	an-ang,c-ch,h-f	1
常套	cháng tào	51234	an-ang,ao-ou,c-ch	1
超假	chāo jià	51235	ao-ou,ia-ie,c-ch,j-q-x	1
车闸	chē zhá	51236	z-zh,c-ch	1
嗔怨	chēn yuàn	51237	en-eng,uan-uang,c-ch	3
晨霜	chén shuāng	51238	en-eng,uan-uang,c-ch,s-sh	1
承允	chéng yǔn	51240	en-eng,c-ch	1
臭椿	chòu chūn	51246	ao-ou,c-ch	1
出徒	chū tú	51249	c-ch	1
出位	chū wèi	51250	ai-ei,c-ch	1
出掌	chū zhǎng	51251	an-ang,z-zh,c-ch	1
厨工	chú gōng	51252	c-ch	1
畜圈	chù juàn	51253	uan-uang,c-ch,j-q-x	1
传粉	chuán fěn	51254	en-eng,uan-uang,c-ch,h-f	1
传技	chuán jì	51255	uan-uang,c-ch,j-q-x	1
戳儿	chuō er	51258	ua-uo,c-ch	1
磁暴	cí bào	51259	ao-ou,c-ch	1
次货	cì huò	51260	ua-uo,c-ch,h-f	1
枞树	cōng shù	51261	c-ch,s-sh	3
簇生	cù shēng	51262	en-eng,c-ch,s-sh	1
攒聚	cuán jù	51263	uan-uang,c-ch,j-q-x	3
存案	cún àn	51264	an-ang,c-ch	1
搭肩	dā jiān	51266	ian-iang,j-q-x	1
答数	dá shù	51267	s-sh	1
打样	dǎ yàng	51269	an-ang	1
大月	dà yuè	51272		1
但书	dàn shū	51273	an-ang,s-sh	1
蛋品	dàn pǐn	51274	in-ing,an-ang	1
蛋青	dàn qīng	51275	in-ing,an-ang,j-q-x	1
当子	dāng zi	51277	an-ang,z-zh	1
导板	dǎo bǎn	51278	an-ang,ao-ou	1
倒彩	dào cǎi	51279	ai-ei,ao-ou,c-ch	1
得脸	dé liǎn	51281	ian-iang,n-l,r-l	1
迪吧	dí bā	51282		1
笛膜	dí mó	51283		1
地政	dì zhèng	51285	en-eng,z-zh	1
颠茄	diān qié	51286	ian-iang,ia-ie,j-q-x	1
点卯	diǎn mǎo	51287	ian-iang,ao-ou	1
吊楼	diào lóu	51294	ao-ou,n-l,r-l	1
吊线	diào xiàn	51295	ian-iang,j-q-x	1
调干	diào gàn	51296	an-ang	1
调函	diào hán	51297	an-ang,h-f	1
调休	tiáo xiū	51298	j-q-x	1
兜销	dōu xiāo	51301	ao-ou,j-q-x	1
陡立	dǒu lì	51302	ao-ou,n-l,r-l	1
舵轮	duò lún	51305	ua-uo,n-l,r-l	1
厄难	è nàn	51306	an-ang,n-l	3
耳子	ěr zi	51307	z-zh	1
发凡	fā fán	51309	an-ang,h-f	1
发市	fā shì	51310	s-sh,h-f	1
发露	fà lù	51312	n-l,h-f,r-l	1
犯戒	fàn jiè	51313	an-ang,ia-ie,h-f,j-q-x	1
方领	fāng lǐng	51314	in-ing,an-ang,n-l,h-f,r-l	1
仿建	fǎng jiàn	51316	an-ang,ian-iang,h-f,j-q-x	1
飞洒	fēi sǎ	51317	ai-ei,s-sh,h-f	1
肥肠	féi cháng	51318	an-ang,ai-ei,c-ch,h-f	1
肥腻	féi nì	51319	ai-ei,n-l,h-f	1
风镐	fēng gǎo	51321	en-eng,ao-ou,h-f	1
风派	fēng pài	51322	en-eng,ai-ei,h-f	1
蜂蜡	fēng là	51323	en-eng,n-l,h-f,r-l	1
缝穷	féng qióng	51324	en-eng,h-f,j-q-x	1
讽诵	fěng sòng	51325	en-eng,s-sh,h-f	1
芙蕖	fú qú	51326	h-f,j-q-x	3
辐条	fú tiáo	51327	h-f	1
福运	fú yùn	51328	h-f	1
改辙	gǎi zhé	51330	ai-ei,z-zh	1
干股	gān gǔ	51331	an-ang	1
甘洌	gān liè	51332	an-ang,ia-ie,n-l,r-l	3
钢锯	gāng jù	51335	an-ang,j-q-x	1
钢钻	gāng zuàn	51336	an-ang,uan-uang,z-zh	1
高胡	gāo hú	51337	ao-ou,h-f	1
膏剂	gāo jì	51339	ao-ou,j-q-x	1
稿源	gǎo yuán	51340	uan-uang,ao-ou	1
耕畜	gēng chù	51341	en-eng,c-ch	1
公了	gōng liǎo	51343	n-l,r-l	1
姑舅	gū jiù	51347	j-q-x	1
骨感	gǔ gǎn	51349	an-ang	1
鼓舌	gǔ shé	51351	s-sh	1
诡奇	guǐ qí	51354	j-q-x	1
贵恙	guì yàng	51356	an-ang	3
海狸	hǎi lí	51357	ai-ei,n-l,h-f,r-l	1
酣梦	hān mèng	51358	en-eng,an-ang,h-f	1
毫末	háo mò	51361	ao-ou,h-f	1
浩茫	hào máng	51363	an-ang,ao-ou,h-f	1
横披	héng pī	51367	en-eng,h-f	1
呼扇	hū shan	51368	an-ang,s-sh,h-f	1
换购	huàn gòu	51370	uan-uang,ao-ou,h-f	1
荒古	huāng gǔ	51371	uan-uang,h-f	1
荟集	huì jí	51372	h-f,j-q-x	3
彗尾	huì wěi	51373	ai-ei,h-f	3
荤油	hūn yóu	51374	ao-ou,h-f	1
活似	huó sì	51375	ua-uo,s-sh,h-f	1
积食	jī shí	51379	s-sh,j-q-x	1
亟亟	jí jí	51381	j-q-x	2
棘刺	jí cì	51382	c-ch,j-q-x	1
集刊	jí kān	51383	an-ang,j-q-x	1
几曾	jǐ céng	51384	en-eng,c-ch,j-q-x	1
简本	jiǎn běn	51387	en-eng,ian-iang,j-q-x	1
贱价	jiàn jià	51390	ian-iang,ia-ie,j-q-x	1
酱瓜	jiàng guā	51391	ian-iang,ua-uo,j-q-x	1
胶版	jiāo bǎn	51392	an-ang,j-q-x	1
叫阵	jiào zhèn	51393	en-eng,z-zh,j-q-x	1
校点	jiào diǎn	51394	ian-iang,j-q-x	1
校注	jiào zhù	51395	z-zh,j-q-x	1
接车	jiē chē	51396	ia-ie,c-ch,j-q-x	1
接防	jiē fáng	51397	an-ang,ia-ie,h-f,j-q-x	1
结义	jié yì	51398	ia-ie,j-q-x	1
解暑	jiě shǔ	51400	ia-ie,s-sh,j-q-x	1
经穴	jīng xué	51403	in-ing,j-q-x	1
惊风	jīng fēng	51404	en-eng,in-ing,h-f,j-q-x	1
敬服	jìng fú	51405	in-ing,h-f,j-q-x	1
厩肥	jiù féi	51406	ai-ei,h-f,j-q-x	3
拘传	jū chuán	51407	uan-uang,c-ch,j-q-x	1
卷逃	juǎn táo	51409	uan-uang,ao-ou,j-q-x	1
开金	kāi jīn	51410	in-ing,ai-ei,j-q-x	1
开斋	kāi zhāi	51413	ai-ei,z-zh	1
堪当	kān dāng	51415	an-ang	1
抗热	kàng rè	51416	an-ang,r-l	1
缂丝	kè sī	51417	s-sh	3
口彩	kǒu cǎi	51418	ai-ei,ao-ou,c-ch	1
块茎	kuài jīng	51419	in-ing,j-q-x	1
宽幅	kuān fú	51420	uan-uang,h-f	1
矿源	kuàng yuán	51421	uan-uang	1
盔头	kuī tou	51422	ao-ou	1
葵扇	kuí shàn	51423	an-ang,s-sh	1
腊八	là bā	51425	n-l,r-l	1
揽货	lǎn huò	51426	an-ang,ua-uo,n-l,h-f,r-l	1
老派	lǎo pài	51428	ai-ei,ao-ou,n-l,r-l	1
累犯	lěi fàn	51430	an-ang,ai-ei,n-l,h-f,r-l	1
理屈	lǐ qū	51431	n-l,r-l,j-q-x	1
厉色	lì sè	51432	s-sh,n-l,r-l	1
呖呖	lì lì	51433	n-l,r-l	2
利导	lì dǎo	51434	ao-ou,n-l,r-l	1
檩子	lǐn zi	51438	in-ing,z-zh,n-l,r-l	3
灵异	líng yì	51439	in-ing,n-l,r-l	1
柳体	liǔ tǐ	51441	n-l,r-l	1
六书	liù shū	51442	s-sh,n-l,r-l	1
漏光	lòu guāng	51443	uan-uang,ao-ou,n-l,r-l	1
鲁钝	lǔ dùn	51444	n-l,r-l	1
螺母	luó mǔ	51446	ua-uo,n-l,r-l	1
裸眼	luǒ yǎn	51447	an-ang,ua-uo,n-l,r-l	1
麻刀	má dao	51449	ao-ou	1
脉案	mài àn	51453	an-ang,ai-ei	1
瞒产	mán chǎn	51454	an-ang,c-ch	1
慢火	màn huǒ	51455	an-ang,ua-uo,h-f	1
毛片	máo piàn	51457	ian-iang,ao-ou	1
迷眩	mí xuàn	51459	uan-uang,j-q-x	3
免验	miǎn yàn	51461	an-ang,ian-iang	1
娩出	miǎn chū	51462	ian-iang,c-ch	3
面门	miàn mén	51463	en-eng,ian-iang	1
冥钞	míng chāo	51464	in-ing,ao-ou,c-ch	1
冥器	míng qì	51465	in-ing,j-q-x	1
墨斗	mò dǒu	51466	ao-ou	1
默片	mò piàn	51467	ian-iang	1
奶酒	nǎi jiǔ	51468	ai-ei,n-l,j-q-x	1
拟态	nǐ tài	51470	ai-ei,n-l	1
疟蚊	nüè wén	51472	en-eng,n-l	1
排笔	pái bǐ	51473	ai-ei	1
朋辈	péng bèi	51475	en-eng,ai-ei	1
蚍蜉	pí fú	51476	h-f	2
僻巷	pì xiàng	51477	ian-iang,j-q-x	1
片约	piàn yuē	51478	ian-iang	1
贫矿	pín kuàng	51479	in-ing,uan-uang	1
牝牡	pìn mǔ	51481	in-ing	3
平列	píng liè	51482	in-ing,ia-ie,n-l,r-l	1
平纹	píng wén	51483	en-eng,in-ing	1
坡跟	pō gēn	51484	en-eng	1
畦田	qí tián	51486	ian-iang,j-q-x	3
裸捐	luǒ juān	51487	uan-uang,ua-uo,n-l,r-l,j-q-x	1
起岸	qǐ àn	51488	an-ang,j-q-x	1
津要	jīn yào	51489	in-ing,ao-ou,j-q-x	1
气胸	qì xiōng	51490	j-q-x	1
欠伸	qiàn shēn	51492	en-eng,ian-iang,s-sh,j-q-x	1
镪水	qiāng shuǐ	51493	ian-iang,s-sh,j-q-x	3
翘盼	qiáo pàn	51494	an-ang,j-q-x	1
撬杠	qiào gàng	51495	an-ang,j-q-x	1
青茶	qīng chá	51496	in-ing,c-ch,j-q-x	1
罄尽	qìng jìn	51500	in-ing,j-q-x	3
穷乏	qióng fá	51501	h-f,j-q-x	1
秋裤	qiū kù	51502	j-q-x	1
曲笔	qū bǐ	51503	j-q-x	1
屈心	qū xīn	51504	in-ing,j-q-x	1
取齐	qǔ qí	51505	j-q-x	1
燃爆	rán bào	51506	an-ang,ao-ou,r-l	1
熔断	róng duàn	51508	uan-uang,r-l	1
乳齿	rǔ chǐ	51510	c-ch,r-l	1
辱命	rǔ mìng	51511	in-ing,r-l	1
软片	ruǎn piàn	51513	ian-iang,uan-uang,r-l	1
山险	shān xiǎn	51517	an-ang,ian-iang,s-sh,j-q-x	1
山魈	shān xiāo	51518	an-ang,s-sh,j-q-x	3
少相	shào xiang	51519	ian-iang,ao-ou,s-sh,j-q-x	1
蛇足	shé zú	51520	z-zh,s-sh	1
申时	shēn shí	51521	en-eng,s-sh	1
审看	shěn kàn	51522	en-eng,an-ang,s-sh	1
生俘	shēng fú	51523	en-eng,s-sh,h-f	1
绳梯	shéng tī	51524	en-eng,s-sh	1
失群	shī qún	51525	s-sh,j-q-x	1
失收	shī shōu	51526	ao-ou,s-sh	1
石坊	shí fāng	51528	an-ang,s-sh,h-f	1
试工	shì gōng	51529	s-sh	1
视唱	shì chàng	51530	an-ang,c-ch,s-sh	1
手技	shǒu jì	51531	ao-ou,s-sh,j-q-x	1
手炉	shǒu lú	51532	ao-ou,s-sh,n-l,r-l	1
兽环	shòu huán	51535	uan-uang,ao-ou,s-sh,h-f	1
瘦瘠	shòu jí	51536	ao-ou,s-sh,j-q-x	3
叔婆	shū pó	51537	s-sh	1
水貂	shuǐ diāo	51539	s-sh	3
水牢	shuǐ láo	51540	ao-ou,s-sh,n-l,r-l	1
水松	shuǐ sōng	51541	s-sh	1
水锈	shuǐ xiù	51542	s-sh,j-q-x	1
睡容	shuì róng	51543	s-sh,r-l	1
思春	sī chūn	51544	c-ch,s-sh	1
死性	sǐ xing	51545	in-ing,s-sh,j-q-x	1
宿仇	sù chóu	51547	ao-ou,c-ch,s-sh	1
榫头	sǔn tou	51550	ao-ou,s-sh	3
缩印	suō yìn	51552	in-ing,ua-uo,s-sh	1
炭画	tàn huà	51554	an-ang,ua-uo,h-f	1
糖蒜	táng suàn	51556	an-ang,uan-uang,s-sh	1
套票	tào piào	51557	ao-ou	1
套衫	tào shān	51558	an-ang,ao-ou,s-sh	1
藤箱	téng xiāng	51560	en-eng,ian-iang,j-q-x	1
蹄筋	tí jīn	51561	in-ing,j-q-x	1
贴边	tiē biān	51564	ian-iang,ia-ie	1
铁纱	tiě shā	51565	ia-ie,s-sh	1
通分	tōng fēn	51566	en-eng,h-f	1
统招	tǒng zhāo	51568	ao-ou,z-zh	1
透漏	tòu lòu	51571	ao-ou,n-l,r-l	1
凸轮	tū lún	51572	n-l,r-l	1
图例	tú lì	51573	n-l,r-l	1
土温	tǔ wēn	51575	en-eng	1
土药	tǔ yào	51576	ao-ou	1
脱坯	tuō pī	51577	ua-uo	1
驼毛	tuó máo	51579	ao-ou,ua-uo	1
网迷	wǎng mí	51583	an-ang	1
蕹菜	wèng cài	51587	en-eng,ai-ei,c-ch	5
物候	wù hòu	51589	ao-ou,h-f	1
物态	wù tài	51590	ai-ei	1
夕烟	xī yān	51591	an-ang,j-q-x	1
戏单	xì dān	51593	an-ang,j-q-x	1
虾酱	xiā jiàng	51595	ian-iang,ia-ie,j-q-x	1
下劲	xià jìn	51596	in-ing,ia-ie,j-q-x	1
限界	xiàn jiè	51599	ian-iang,ia-ie,j-q-x	1
献旗	xiàn qí	51600	ian-iang,j-q-x	1
湘剧	xiāng jù	51601	ian-iang,j-q-x	1
响锣	xiǎng luó	51603	ian-iang,ua-uo,n-l,r-l,j-q-x	1
硝盐	xiāo yán	51606	an-ang,j-q-x	1
枪替	qiāng tì	51607	ian-iang,j-q-x	1
销号	xiāo hào	51608	ao-ou,h-f,j-q-x	1
歇班	xiē bān	51610	an-ang,ia-ie,j-q-x	1
邪祟	xié suì	51611	ia-ie,s-sh,j-q-x	1
欣慕	xīn mù	51613	in-ing,j-q-x	1
新巧	xīn qiǎo	51614	in-ing,j-q-x	1
星号	xīng hào	51615	in-ing,ao-ou,h-f,j-q-x	1
凶狂	xiōng kuáng	51616	uan-uang,j-q-x	1
休班	xiū bān	51617	an-ang,j-q-x	1
修面	xiū miàn	51619	ian-iang,j-q-x	1
许亲	xǔ qīn	51620	in-ing,j-q-x	1
绪言	xù yán	51621	an-ang,j-q-x	1
续后	xù hòu	51622	ao-ou,h-f,j-q-x	1
喧叫	xuān jiào	51624	uan-uang,j-q-x	1
穴头	xué tóu	51627	ao-ou,j-q-x	1
血痂	xuè jiā	51628	ia-ie,j-q-x	3
巡街	xún jiē	51629	ia-ie,j-q-x	1
压港	yā gǎng	51630	an-ang	1
崖刻	yá kè	51631		1
沿例	yán lì	51632	an-ang,n-l,r-l	1
艳诗	yàn shī	51634	an-ang,s-sh	1
验算	yàn suàn	51635	an-ang,uan-uang,s-sh	1
验照	yàn zhào	51636	an-ang,ao-ou,z-zh	1
嘴损	zuǐ sǔn	51637	z-zh,s-sh	1
要子	yào zi	51640	ao-ou,z-zh	1
海基	hǎi jī	51644	ai-ei,h-f,j-q-x	1
艺徒	yì tú	51645		1
忆述	yì shù	51646	s-sh	1
译述	yì shù	51647	s-sh	1
阴门	yīn mén	51649	en-eng,in-ing	1
音序	yīn xù	51650	in-ing,j-q-x	1
淫棍	yín gùn	51651	in-ing	1
隐避	yǐn bì	51652	in-ing	1
英制	yīng zhì	51653	in-ing,z-zh	1
油渣	yóu zhā	51656	ao-ou,z-zh	1
谬奖	miù jiǎng	51657	ian-iang,j-q-x	1
诱迫	yòu pò	51658	ao-ou	1
釉陶	yòu táo	51659	ao-ou	3
拙稿	zhuō gǎo	51660	ao-ou,ua-uo,z-zh	1
鱼汛	yú xùn	51661	j-q-x	1
渔霸	yú bà	51662		1
愚妄	yú wàng	51663	an-ang	1
喻示	yù shì	51664	s-sh	1
原汤	yuán tāng	51666	an-ang,uan-uang	1
月俸	yuè fèng	51667	en-eng,h-f	3
月历	yuè lì	51668	n-l,r-l	1
早霜	zǎo shuāng	51670	uan-uang,ao-ou,z-zh,s-sh	1
早泄	zǎo xiè	51671	ao-ou,ia-ie,z-zh,j-q-x	1
增编	zēng biān	51672	en-eng,ian-iang,z-zh	1
增调	zēng diào	51673	en-eng,z-zh	1
摘记	zhāi jì	51675	ai-ei,z-zh,j-q-x	1
禅悟	chán wù	51677	an-ang,c-ch	1
长腰	zhǎng yāo	51678	an-ang,ao-ou,z-zh	1
折福	zhé fú	51680	z-zh,h-f	1
折寿	zhé shòu	51681	ao-ou,z-zh,s-sh	1
诊视	zhěn shì	51684	en-eng,z-zh,s-sh	1
整点	zhěng diǎn	51685	en-eng,ian-iang,z-zh	1
靡费	mí fèi	51686	ai-ei,h-f	1
直快	zhí kuài	51689	z-zh	1
植苗	zhí miáo	51690	z-zh	1
纸样	zhǐ yàng	51691	an-ang,z-zh	1
至好	zhì hǎo	51692	ao-ou,z-zh,h-f	1
忠恕	zhōng shù	51694	z-zh,s-sh	1
皱痕	zhòu hén	51696	en-eng,ao-ou,z-zh,h-f	1
株距	zhū jù	51697	z-zh,j-q-x	1
潴留	zhū liú	51698	z-zh,n-l,r-l	3
烛泪	zhú lèi	51699	ai-ei,z-zh,n-l,r-l	1
祝颂	zhù sòng	51701	z-zh,s-sh	1
抓髻	zhuā ji	51702	ua-uo,z-zh,j-q-x	3
茁实	zhuó shi	51704	ua-uo,z-zh,s-sh	1
自疚	zì jiù	51706	z-zh,j-q-x	1
恣睢	zì suī	51708	z-zh,s-sh	2
足本	zú běn	51709	en-eng,z-zh	1
尊口	zūn kǒu	51710	ao-ou,z-zh	1
安养	ān yǎng	51711	an-ang	1
傲世	ào shì	51712	ao-ou,s-sh	1
吧女	bā nǚ	51713	n-l	1
拔丝	bá sī	51714	s-sh	1
拜请	bài qǐng	51718	in-ing,ai-ei,j-q-x	1
斑蝥	bān máo	51719	an-ang,ao-ou	3
半休	bàn xiū	51720	an-ang,j-q-x	1
扮酷	bàn kù	51721	an-ang	1
扮装	bàn zhuāng	51722	an-ang,uan-uang,z-zh	1
胞姐	bāo jiě	51723	ao-ou,ia-ie,j-q-x	1
保胎	bǎo tāi	51724	ai-ei,ao-ou	1
鸨儿	bǎo er	51726	ao-ou	3
刨床	bào chuáng	51727	uan-uang,ao-ou,c-ch	1
逼婚	bī hūn	51728	h-f	1
笔算	bǐ suàn	51729	uan-uang,s-sh	1
鄙见	bǐ jiàn	51730	ian-iang,j-q-x	1
壁饰	bì shì	51731	s-sh	1
便函	biàn hán	51732	an-ang,ian-iang,h-f	1
便签	biàn qiān	51733	ian-iang,j-q-x	1
冰挂	bīng guà	51734	in-ing,ua-uo	1
冰室	bīng shì	51735	in-ing,s-sh	1
冰硬	bīng yìng	51736	in-ing	1
屏弃	bǐng qì	51738	in-ing,j-q-x	1
院线	yuàn xiàn	51739	ian-iang,uan-uang,j-q-x	1
剥取	bō qǔ	51740	j-q-x	1
泊地	bó dì	51741		1
测震	cè zhèn	51746	en-eng,z-zh,c-ch	1
茶晶	chá jīng	51748	in-ing,c-ch,j-q-x	1
查岗	chá gǎng	51749	an-ang,c-ch	1
谗佞	chán nìng	51750	in-ing,an-ang,c-ch,n-l	2
超升	chāo shēng	51751	en-eng,ao-ou,c-ch,s-sh	1
车圈	chē quān	51752	uan-uang,c-ch,j-q-x	1
车种	chē zhǒng	51753	z-zh,c-ch	1
陈账	chén zhàng	51755	en-eng,an-ang,z-zh,c-ch	1
衬领	chèn lǐng	51756	en-eng,in-ing,c-ch,n-l,r-l	1
斥力	chì lì	51760	c-ch,n-l,r-l	1
抽考	chōu kǎo	51761	ao-ou,c-ch	1
出圃	chū pǔ	51764	c-ch	1
船籍	chuán jí	51766	uan-uang,c-ch,j-q-x	1
疮口	chuāng kǒu	51767	uan-uang,ao-ou,c-ch	1
床帷	chuáng wéi	51768	uan-uang,ai-ei,c-ch	1
闯练	chuǎng liàn	51769	ian-iang,uan-uang,c-ch,n-l,r-l	1
词谱	cí pǔ	51770	c-ch	1
词性	cí xìng	51771	in-ing,c-ch,j-q-x	1
词序	cí xù	51772	c-ch,j-q-x	1
雌蜂	cí fēng	51773	en-eng,c-ch,h-f	1
粗实	cū shi	51774	c-ch,s-sh	1
寸阴	cùn yīn	51776	in-ing,c-ch	1
打泡	dǎ pào	51778	ao-ou	1
待办	dài bàn	51782	an-ang,ai-ei	1
单帮	dān bāng	51783	an-ang	1
单被	dān bèi	51784	an-ang,ai-ei	1
单利	dān lì	51786	an-ang,n-l,r-l	1
导尿	dǎo niào	51788	ao-ou,n-l	1
祷文	dǎo wén	51789	en-eng,ao-ou	1
倒赔	dào péi	51790	ai-ei,ao-ou	1
稻糠	dào kāng	51791	an-ang,ao-ou	1
灯标	dēng biāo	51792	en-eng	1
低湿	dī shī	51793	s-sh	1
地垄	dì lǒng	51794	n-l,r-l	1
典卖	diǎn mài	51795	ian-iang,ai-ei	1
点发	diǎn fā	51796	ian-iang,h-f	1
电料	diàn liào	51798	ian-iang,n-l,r-l	1
调档	diào dàng	51800	an-ang	1
掉膘	diào biāo	51801		3
顶账	dǐng zhàng	51803	in-ing,an-ang,z-zh	1
定礼	dìng lǐ	51804	in-ing,n-l,r-l	1
洞彻	dòng chè	51806	c-ch	1
斗子	dǒu zi	51807	ao-ou,z-zh	1
豆青	dòu qīng	51808	in-ing,ao-ou,j-q-x	1
对焦	duì jiāo	51810	j-q-x	1
俄延	é yán	51814	an-ang	1
发付	fā fù	51815	h-f	1
发蔫	fā niān	51816	ian-iang,n-l,h-f	3
矾土	fán tǔ	51818	an-ang,h-f	1
烦神	fán shén	51819	en-eng,an-ang,s-sh,h-f	1
繁乱	fán luàn	51820	an-ang,uan-uang,n-l,h-f,r-l	1
反口	fǎn kǒu	51821	an-ang,ao-ou,h-f	1
泛读	fàn dú	51824	an-ang,h-f	1
防皱	fáng zhòu	51826	an-ang,ao-ou,z-zh,h-f	1
放青	fàng qīng	51827	in-ing,an-ang,h-f,j-q-x	1
飞递	fēi dì	51828	ai-ei,h-f	1
肥腴	féi yú	51830	ai-ei,h-f	3
腓骨	féi gǔ	51831	ai-ei,h-f	3
沸热	fèi rè	51832	ai-ei,h-f,r-l	1
风瘫	fēng tān	51835	en-eng,an-ang,h-f	1
锋快	fēng kuài	51836	en-eng,h-f	1
蜂乳	fēng rǔ	51837	en-eng,h-f,r-l	1
佛会	fó huì	51838	h-f	1
嘎噔	gā dēng	51840	en-eng	2
歌带	gē dài	51843	ai-ei	1
工力	gōng lì	51844	n-l,r-l	1
孤证	gū zhèng	51846	en-eng,z-zh	1
顾恋	gù liàn	51848	ian-iang,n-l,r-l	1
顾绣	gù xiù	51849	j-q-x	1
挂锄	guà chú	51850	ua-uo,c-ch	1
挂甲	guà jiǎ	51851	ia-ie,ua-uo,j-q-x	1
惯窃	guàn qiè	51854	uan-uang,ia-ie,j-q-x	1
规诫	guī jiè	51855	ia-ie,j-q-x	1
桂剧	guì jù	51856	j-q-x	1
海鳗	hǎi mán	51859	an-ang,ai-ei,h-f	3
旱魔	hàn mó	51861	an-ang,h-f	1
耗神	hào shén	51862	en-eng,ao-ou,s-sh,h-f	1
河鲜	hé xiān	51864	ian-iang,h-f,j-q-x	1
花簇	huā cù	51873	ua-uo,c-ch,h-f	1
花线	huā xiàn	51874	ian-iang,ua-uo,h-f,j-q-x	1
滑嫩	huá nèn	51875	en-eng,ua-uo,n-l,h-f	1
谎骗	huǎng piàn	51877	ian-iang,uan-uang,h-f	1
徽调	huī diào	51879	h-f	1
回窜	huí cuàn	51880	uan-uang,c-ch,h-f	1
回销	huí xiāo	51881	h-f,j-q-x	1
悔约	huǐ yuē	51882	h-f	1
毁证	huǐ zhèng	51883	en-eng,z-zh,h-f	1
讳忌	huì jì	51884	h-f,j-q-x	1
惠存	huì cún	51885	c-ch,h-f	1
惠赠	huì zèng	51886	en-eng,z-zh,h-f	1
混声	hùn shēng	51887	en-eng,s-sh,h-f	1
货检	huò jiǎn	51890	ian-iang,ua-uo,h-f,j-q-x	1
货位	huò wèi	51891	ai-ei,ua-uo,h-f	1
急火	jí huǒ	51897	ua-uo,h-f,j-q-x	1
辑要	jí yào	51900	ao-ou,j-q-x	1
瘠瘦	jí shòu	51901	ao-ou,s-sh,j-q-x	3
价签	jià qiān	51903	ian-iang,ia-ie,j-q-x	1
监规	jiān guī	51905	ian-iang,j-q-x	1
简古	jiǎn gǔ	51906	ian-iang,j-q-x	1
见告	jiàn gào	51907	ian-iang,ao-ou,j-q-x	1
见礼	jiàn lǐ	51908	ian-iang,n-l,r-l,j-q-x	1
降调	jiàng diào	51909	ian-iang,j-q-x	1
绛红	jiàng hóng	51910	ian-iang,h-f,j-q-x	3
交寄	jiāo jì	51911	j-q-x	1
娇娆	jiāo ráo	51912	ao-ou,r-l,j-q-x	3
校本	jiào běn	51913	en-eng,j-q-x	1
接驾	jiē jià	51914	ia-ie,j-q-x	1
筋道	jīn dao	51915	in-ing,ao-ou,j-q-x	1
近古	jìn gǔ	51916	in-ing,j-q-x	1
禁律	jìn lǜ	51918	in-ing,n-l,r-l,j-q-x	1
觐见	jìn jiàn	51919	in-ing,ian-iang,j-q-x	3
经闭	jīng bì	51920	in-ing,j-q-x	1
精肉	jīng ròu	51921	in-ing,ao-ou,r-l,j-q-x	1
敬候	jìng hòu	51922	in-ing,ao-ou,h-f,j-q-x	1
酒力	jiǔ lì	51923	n-l,r-l,j-q-x	1
巨奖	jù jiǎng	51924	ian-iang,j-q-x	1
具文	jù wén	51925	en-eng,j-q-x	1
聚谈	jù tán	51926	an-ang,j-q-x	1
绢丝	juàn sī	51927	uan-uang,s-sh,j-q-x	1
鸽派	gē pài	51928	ai-ei	1
眷眷	juàn juàn	51929	uan-uang,j-q-x	1
俊伟	jùn wěi	51930	ai-ei,j-q-x	1
开印	kāi yìn	51932	in-ing,ai-ei	1
看扁	kàn biǎn	51933	an-ang,ian-iang	1
抗涝	kàng lào	51934	an-ang,ao-ou,n-l,r-l	1
抗凝	kàng níng	51935	in-ing,an-ang,n-l	1
男妓	nán jì	51936	an-ang,n-l,j-q-x	1
骒马	kè mǎ	51937		3
馈线	kuì xiàn	51939	ian-iang,j-q-x	1
坤表	kūn biǎo	51940		1
来件	lái jiàn	51942	ian-iang,ai-ei,n-l,r-l,j-q-x	1
练笔	liàn bǐ	51948	ian-iang,n-l,r-l	1
恋乡	liàn xiāng	51949	ian-iang,n-l,r-l,j-q-x	1
失偶	shī ǒu	51950	ao-ou,s-sh	1
良才	liáng cái	51951	ian-iang,ai-ei,c-ch,n-l,r-l	1
凉帽	liáng mào	51953	ian-iang,ao-ou,n-l,r-l	1
疗救	liáo jiù	51954	n-l,r-l,j-q-x	1
聊表	liáo biǎo	51955	n-l,r-l	1
劣马	liè mǎ	51956	ia-ie,n-l,r-l	1
绫罗	líng luó	51959	in-ing,ua-uo,n-l,r-l	3
路霸	lù bà	51962	n-l,r-l	1
略语	lüè yǔ	51966	n-l,r-l	1
买价	mǎi jià	51969	ai-ei,ia-ie,j-q-x	1
卖嘴	mài zuǐ	51970	ai-ei,z-zh	1
满师	mǎn shī	51971	an-ang,s-sh	1
螨虫	mǎn chóng	51972	an-ang,c-ch	3
毛布	máo bù	51973	ao-ou	1
铆焊	mǎo hàn	51975	an-ang,ao-ou,h-f	3
铆接	mǎo jiē	51976	ao-ou,ia-ie,j-q-x	3
没臊	méi sào	51977	ai-ei,ao-ou,s-sh	1
霉天	méi tiān	51978	ian-iang,ai-ei	1
蒙药	méng yào	51980	en-eng,ao-ou	1
泯没	mǐn mò	51984	in-ing	3
木立	mù lì	51987	n-l,r-l	1
墓冢	mù zhǒng	51988	z-zh	3
奶腥	nǎi xīng	51991	in-ing,ai-ei,n-l,j-q-x	1
挠钩	náo gōu	51992	ao-ou,n-l	1
拈阄	niān jiū	51995	ian-iang,n-l,j-q-x	2
尿壶	niào hú	51996	n-l,h-f	1
盘空	pán kōng	51999	an-ang	1
判读	pàn dú	52001	an-ang	1
判分	pàn fēn	52002	en-eng,an-ang,h-f	1
跑反	pǎo fǎn	52003	an-ang,ao-ou,h-f	1
偏饭	piān fàn	52006	an-ang,ian-iang,h-f	1
偏题	piān tí	52007	ian-iang	1
朴厚	pǔ hòu	52009	ao-ou,h-f	1
期考	qī kǎo	52010	ao-ou,j-q-x	1
漆布	qī bù	52011	j-q-x	1
乞巧	qǐ qiǎo	52012	j-q-x	1
器用	qì yòng	52013	j-q-x	1
潜踪	qián zōng	52014	ian-iang,z-zh,j-q-x	1
浅说	qiǎn shuō	52015	ian-iang,ua-uo,s-sh,j-q-x	1
欠火	qiàn huǒ	52017	ian-iang,ua-uo,h-f,j-q-x	1
欠资	qiàn zī	52018	ian-iang,z-zh,j-q-x	1
强击	qiáng jī	52019	ian-iang,j-q-x	1
乔扮	qiáo bàn	52020	an-ang,j-q-x	1
断市	duàn shì	52021	uan-uang,s-sh	1
桥基	qiáo jī	52022	j-q-x	1
轻油	qīng yóu	52024	in-ing,ao-ou,j-q-x	1
清润	qīng rùn	52025	in-ing,r-l,j-q-x	1
清挖	qīng wā	52026	in-ing,j-q-x	1
清誉	qīng yù	52027	in-ing,j-q-x	1
秋装	qiū zhuāng	52028	uan-uang,z-zh,j-q-x	1
球坛	qiú tán	52029	an-ang,j-q-x	1
祛痰	qū tán	52030	an-ang,j-q-x	3
劬劳	qú láo	52031	ao-ou,n-l,r-l,j-q-x	3
劝让	quàn ràng	52034	an-ang,uan-uang,r-l,j-q-x	1
群氓	qún méng	52036	en-eng,j-q-x	1
日晕	rì yùn	52039	r-l	1
冗杂	rǒng zá	52041	z-zh,r-l	1
伞骨	sǎn gǔ	52046	an-ang,s-sh	1
丧假	sāng jià	52048	an-ang,ia-ie,s-sh,j-q-x	1
杀熟	shā shú	52049	s-sh	1
砂罐	shā guàn	52050	uan-uang,s-sh	1
色酒	shǎi jiǔ	52052	ai-ei,s-sh,j-q-x	1
伤耗	shāng hao	52054	an-ang,ao-ou,s-sh,h-f	1
商约	shāng yuē	52055	an-ang,s-sh	1
申讨	shēn tǎo	52056	en-eng,ao-ou,s-sh	1
审校	shěn jiào	52057	en-eng,s-sh,j-q-x	1
拾物	shí wù	52059	s-sh	1
收方	shōu fāng	52062	an-ang,ao-ou,s-sh,h-f	1
寿斑	shòu bān	52064	an-ang,ao-ou,s-sh	1
寿幛	shòu zhàng	52065	an-ang,ao-ou,z-zh,s-sh	3
受粉	shòu fěn	52066	en-eng,ao-ou,s-sh,h-f	1
疏狂	shū kuáng	52067	uan-uang,s-sh	1
栓剂	shuān jì	52070	uan-uang,s-sh,j-q-x	1
顺叙	shùn xù	52072	s-sh,j-q-x	1
私愤	sī fèn	52074	en-eng,s-sh,h-f	1
宿疾	sù jí	52076	s-sh,j-q-x	1
算尺	suàn chǐ	52077	uan-uang,c-ch,s-sh	1
遂意	suì yì	52079	s-sh	1
索酬	suǒ chóu	52080	ao-ou,ua-uo,c-ch,s-sh	1
炭笔	tàn bǐ	52084	an-ang	1
来事	lái shì	52085	ai-ei,s-sh,n-l,r-l	1
棠棣	táng dì	52087	an-ang	3
躺柜	tǎng guì	52088	an-ang	1
逃敌	táo dí	52089	ao-ou	1
陶塑	táo sù	52090	ao-ou,s-sh	1
淘神	táo shén	52091	en-eng,ao-ou,s-sh	1
套索	tào suǒ	52092	ao-ou,ua-uo,s-sh	1
特体	tè tǐ	52093		1
提梁	tí liáng	52095	ian-iang,n-l,r-l	1
调唆	tiáo suō	52096	ua-uo,s-sh	1
通假	tōng jiǎ	52097	ia-ie,j-q-x	1
投映	tóu yìng	52100	in-ing,ao-ou	1
吐絮	tǔ xù	52101	j-q-x	1
退礼	tuì lǐ	52102	n-l,r-l	1
拖运	tuō yùn	52104	ua-uo	1
袜带	wà dài	52105	ai-ei	1
外耳	wài ěr	52106	ai-ei	1
网绳	wǎng shéng	52108	en-eng,an-ang,s-sh	1
枉驾	wǎng jià	52109	an-ang,ia-ie,j-q-x	1
妄取	wàng qǔ	52110	an-ang,j-q-x	1
稳便	wěn biàn	52113	en-eng,ian-iang	1
钨丝	wū sī	52114	s-sh	3
喜娘	xǐ niáng	52117	ian-iang,n-l,j-q-x	1
戏衣	xì yī	52118	j-q-x	1
线裤	xiàn kù	52121	ian-iang,j-q-x	1
相烦	xiāng fán	52122	an-ang,ian-iang,h-f,j-q-x	1
叶韵	xié yùn	52129	ia-ie,j-q-x	1
新正	xīn zhēng	52132	en-eng,in-ing,z-zh,j-q-x	1
杏脯	xìng fǔ	52134	in-ing,h-f,j-q-x	1
杏红	xìng hóng	52135	in-ing,h-f,j-q-x	1
凶死	xiōng sǐ	52137	s-sh,j-q-x	1
雄峙	xióng zhì	52138	z-zh,j-q-x	3
修眉	xiū méi	52139	ai-ei,j-q-x	1
朽坏	xiǔ huài	52141	h-f,j-q-x	1
袖箍	xiù gū	52142	j-q-x	3
续借	xù jiè	52144	ia-ie,j-q-x	1
悬望	xuán wàng	52145	an-ang,uan-uang,j-q-x	1
选留	xuǎn liú	52146	uan-uang,n-l,r-l,j-q-x	1
学阀	xué fá	52147	h-f,j-q-x	1
血沉	xuè chén	52148	en-eng,c-ch,j-q-x	1
寻摸	xún mo	52150	j-q-x	1
巡哨	xún shào	52151	ao-ou,s-sh,j-q-x	1
压仓	yā cāng	52152	an-ang,c-ch	1
鸭肫	yā zhūn	52153	z-zh	3
岩羊	yán yáng	52154	an-ang	1
炎暑	yán shǔ	52155	an-ang,s-sh	1
掩泣	yǎn qì	52156	an-ang,j-q-x	1
验查	yàn chá	52157	an-ang,c-ch	1
扬波	yáng bō	52158	an-ang	1
谣谚	yáo yàn	52160	an-ang,ao-ou	1
椰蓉	yē róng	52162	r-l	1
医案	yī àn	52164	an-ang	1
异读	yì dú	52166		1
臆说	yì shuō	52168	ua-uo,s-sh	3
阴电	yīn diàn	52169	in-ing,ian-iang	1
阴笑	yīn xiào	52170	in-ing,j-q-x	1
银红	yín hóng	52171	in-ing,h-f	1
银楼	yín lóu	52172	in-ing,ao-ou,n-l,r-l	1
引座	yǐn zuò	52173	in-ing,ua-uo,z-zh	1
咏怀	yǒng huái	52175	h-f	1
迂曲	yū qū	52180	j-q-x	1
逾常	yú cháng	52182	an-ang,c-ch	1
预考	yù kǎo	52185	ao-ou	1
原唱	yuán chàng	52186	an-ang,uan-uang,c-ch	1
辕马	yuán mǎ	52187	uan-uang	3
杂食	zá shí	52190	z-zh,s-sh	1
闸刀	zhá dāo	52191	ao-ou,z-zh	1
掌灶	zhǎng zào	52192	an-ang,ao-ou,z-zh	1
遮护	zhē hù	52193	z-zh,h-f	1
争强	zhēng qiáng	52195	en-eng,ian-iang,z-zh,j-q-x	1
征聘	zhēng pìn	52196	en-eng,in-ing,z-zh	1
正编	zhèng biān	52197	en-eng,ian-iang,z-zh	1
正课	zhèng kè	52198	en-eng,z-zh	1
正途	zhèng tú	52199	en-eng,z-zh	1
值星	zhí xīng	52201	in-ing,z-zh,j-q-x	1
趾骨	zhǐ gǔ	52202	z-zh	1
治印	zhì yìn	52203	in-ing,z-zh	1
朱鹦	zhū yīng	52206	in-ing,z-zh	1
蛀蚀	zhù shí	52208	z-zh,s-sh	1
转文	zhuǎi wén	52209	en-eng,z-zh	1
准话	zhǔn huà	52210	ua-uo,z-zh,h-f	1
走风	zǒu fēng	52212	en-eng,ao-ou,z-zh,h-f	1
走油	zǒu yóu	52213	ao-ou,z-zh	1
作伐	zuò fá	52215	ua-uo,z-zh,h-f	1
作俑	zuò yǒng	52216	ua-uo,z-zh	3
阿嚏	ā tì	52218		3
碍口	ài kǒu	52219	ai-ei,ao-ou	1
暗哨	àn shào	52220	an-ang,ao-ou,s-sh	1
暗线	àn xiàn	52221	an-ang,ian-iang,j-q-x	1
扒车	bā chē	52225	c-ch	1
斑秃	bān tū	52230	an-ang	1
帮规	bāng guī	52232	an-ang	1
傍依	bàng yī	52233	an-ang	1
宝刹	bǎo chà	52234	ao-ou,c-ch	1
保种	bǎo zhǒng	52235	ao-ou,z-zh	1
报呈	bào chéng	52236	en-eng,ao-ou,c-ch	1
奔逐	bēn zhú	52239	en-eng,z-zh	1
崩坍	bēng tān	52240	en-eng,an-ang	3
笔友	bǐ yǒu	52241	ao-ou	1
壁钟	bì zhōng	52243	z-zh	1
编录	biān lù	52244	ian-iang,n-l,r-l	1
编内	biān nèi	52245	ian-iang,ai-ei,n-l	1
便步	biàn bù	52246	ian-iang	1
辩词	biàn cí	52247	ian-iang,c-ch	1
表报	biǎo bào	52249	ao-ou	1
表解	biǎo jiě	52250	ia-ie,j-q-x	1
冰镐	bīng gǎo	52252	in-ing,ao-ou	1
摒绝	bìng jué	52253	in-ing,j-q-x	3
驳论	bó lùn	52254	n-l,r-l	1
驳运	bó yùn	52255		1
薄技	bó jì	52256	j-q-x	1
补假	bǔ jià	52257	ia-ie,j-q-x	1
采景	cǎi jǐng	52260	in-ing,ai-ei,c-ch,j-q-x	1
彩旦	cǎi dàn	52261	an-ang,ai-ei,c-ch	1
彩管	cǎi guǎn	52262	uan-uang,ai-ei,c-ch	1
彩像	cǎi xiàng	52263	ian-iang,ai-ei,c-ch,j-q-x	1
菜案	cài àn	52264	an-ang,ai-ei,c-ch	1
餐位	cān wèi	52265	an-ang,ai-ei,c-ch	1
蚕室	cán shì	52267	an-ang,c-ch,s-sh	1
藏奸	cáng jiān	52268	an-ang,ian-iang,c-ch,j-q-x	1
草写	cǎo xiě	52269	ao-ou,ia-ie,c-ch,j-q-x	1
侧视	cè shì	52270	c-ch,s-sh	1
插脚	chā jiǎo	52271	c-ch,j-q-x	1
插屏	chā píng	52272	in-ing,c-ch	1
察勘	chá kān	52274	an-ang,c-ch	1
察验	chá yàn	52275	an-ang,c-ch	1
产院	chǎn yuàn	52276	an-ang,uan-uang,c-ch	1
羼杂	chàn zá	52277	an-ang,z-zh,c-ch	3
长款	cháng kuǎn	52278	an-ang,uan-uang,c-ch	1
倡办	chàng bàn	52279	an-ang,c-ch	1
唱头	chàng tóu	52281	an-ang,ao-ou,c-ch	1
车条	chē tiáo	52282	c-ch	1
车贴	chē tiē	52283	ia-ie,c-ch	1
承望	chéng wàng	52284	en-eng,an-ang,c-ch	1
吃货	chī huò	52285	ua-uo,c-ch,h-f	1
赤忱	chì chén	52287	en-eng,c-ch	1
虫牙	chóng yá	52288	c-ch	1
重映	chóng yìng	52289	in-ing,c-ch	1
抽纱	chōu shā	52291	ao-ou,c-ch,s-sh	1
除服	chú fú	52292	c-ch,h-f	1
炊饼	chuī bǐng	52296	in-ing,c-ch	1
瓷土	cí tǔ	52297	c-ch	1
从俭	cóng jiǎn	52298	ian-iang,c-ch,j-q-x	1
醋精	cù jīng	52299	in-ing,c-ch,j-q-x	1
窜逃	cuàn táo	52300	uan-uang,ao-ou,c-ch	1
催产	cuī chǎn	52301	an-ang,c-ch	1
村貌	cūn mào	52302	ao-ou,c-ch	1
皴裂	cūn liè	52303	ia-ie,c-ch,n-l,r-l	3
打春	dǎ chūn	52305	c-ch	1
打钩	dǎ gōu	52306	ao-ou	1
打斜	dǎ xié	52308	ia-ie,j-q-x	1
打皱	dǎ zhòu	52309	ao-ou,z-zh	1
单号	dān hào	52312	an-ang,ao-ou,h-f	1
单鞋	dān xié	52313	an-ang,ia-ie,j-q-x	1
党棍	dǎng gùn	52314	an-ang	1
荡除	dàng chú	52315	an-ang,c-ch	1
滴淌	dī tǎng	52317	an-ang	1
底样	dǐ yàng	52318	an-ang	1
地线	dì xiàn	52319	ian-iang,j-q-x	1
递降	dì jiàng	52320	ian-iang,j-q-x	1
典册	diǎn cè	52321	ian-iang,c-ch	1
垫补	diàn bu	52325	ian-iang	1
吊钩	diào gōu	52326	ao-ou	1
吊子	diào zi	52327	z-zh	1
丁克	dīng kè	52329	in-ing	1
顶角	dǐng jiǎo	52330	in-ing,j-q-x	1
定刑	dìng xíng	52331	in-ing,j-q-x	1
对心	duì xīn	52332	in-ing,j-q-x	1
鹅掌	é zhǎng	52333	an-ang,z-zh	1
遏阻	è zǔ	52334	z-zh	1
耳音	ěr yīn	52336	in-ing	1
发横	fā hèng	52337	en-eng,h-f	1
仿皮	fǎng pí	52339	an-ang,h-f	1
访旧	fǎng jiù	52340	an-ang,h-f,j-q-x	1
匪巢	fěi cháo	52341	ai-ei,ao-ou,c-ch,h-f	1
粉坊	fěn fáng	52343	en-eng,an-ang,h-f	1
封航	fēng háng	52345	en-eng,an-ang,h-f	1
伏贴	fú tiē	52346	ia-ie,h-f	1
附笔	fù bǐ	52348	h-f	1
附后	fù hòu	52349	ao-ou,h-f	1
改样	gǎi yàng	52350	an-ang,ai-ei	1
盖帘	gài lián	52351	ian-iang,ai-ei,n-l,r-l	1
干结	gān jié	52352	an-ang,ia-ie,j-q-x	1
赶前	gǎn qián	52353	an-ang,ian-iang,j-q-x	1
隔心	gé xīn	52354	in-ing,j-q-x	1
贡奉	gòng fèng	52355	en-eng,h-f	1
狗刨	gǒu páo	52356	ao-ou	1
挂斗	guà dǒu	52357	ao-ou,ua-uo	1
关塞	guān sài	52359	uan-uang,ai-ei,s-sh	1
管押	guǎn yā	52360	uan-uang	1
龟板	guī bǎn	52362	an-ang	1
寒毛	hán máo	52366	an-ang,ao-ou,h-f	1
旱伞	hàn sǎn	52367	an-ang,s-sh,h-f	1
核账	hé zhàng	52368	an-ang,z-zh,h-f	1
狠辣	hěn là	52370	en-eng,n-l,h-f,r-l	1
烩饼	huì bǐng	52376	in-ing,h-f	3
浑话	hún huà	52377	ua-uo,h-f	1
忌嘴	jì zuǐ	52381	z-zh,j-q-x	1
寄费	jì fèi	52382	ai-ei,h-f,j-q-x	1
家慈	jiā cí	52384	ia-ie,c-ch,j-q-x	1
简政	jiǎn zhèng	52386	en-eng,ian-iang,z-zh,j-q-x	1
僵卧	jiāng wò	52388	ian-iang,j-q-x	1
交臂	jiāo bì	52389	j-q-x	1
胶木	jiāo mù	52390	j-q-x	1
脚蹼	jiǎo pǔ	52391	j-q-x	3
接机	jiē jī	52393	ia-ie,j-q-x	1
结彩	jié cǎi	52394	ai-ei,ia-ie,c-ch,j-q-x	1
界外	jiè wài	52395	ai-ei,ia-ie,j-q-x	1
解运	jiè yùn	52396	ia-ie,j-q-x	1
金锭	jīn dìng	52397	in-ing,j-q-x	3
疗饥	liáo jī	52398	n-l,r-l,j-q-x	1
金瓜	jīn guā	52399	in-ing,ua-uo,j-q-x	1
噤声	jìn shēng	52401	en-eng,in-ing,s-sh,j-q-x	3
竞购	jìng gòu	52402	in-ing,ao-ou,j-q-x	1
阄儿	jiū er	52403	j-q-x	3
救驾	jiù jià	52404	ia-ie,j-q-x	1
绝早	jué zǎo	52407	ao-ou,z-zh,j-q-x	1
军援	jūn yuán	52408	uan-uang,j-q-x	1
菌苗	jūn miáo	52409	j-q-x	1
开衩	kāi chà	52410	ai-ei,c-ch	3
开伙	kāi huǒ	52411	ai-ei,ua-uo,h-f	1
开溜	kāi liū	52412	ai-ei,n-l,r-l	1
抗皱	kàng zhòu	52413	an-ang,ao-ou,z-zh	1
炕几	kàng jǐ	52414	an-ang,j-q-x	1
孔穴	kǒng xué	52416	j-q-x	1
口谕	kǒu yù	52417	ao-ou	3
叩见	kòu jiàn	52418	ian-iang,ao-ou,j-q-x	1
款留	kuǎn liú	52419	uan-uang,n-l,r-l	1
矿层	kuàng céng	52420	en-eng,uan-uang,c-ch	1
捞饭	lāo fàn	52425	an-ang,ao-ou,n-l,h-f,r-l	1
里院	lǐ yuàn	52427	uan-uang,n-l,r-l	1
俚歌	lǐ gē	52428	n-l,r-l	3
敛迹	liǎn jì	52430	ian-iang,n-l,r-l,j-q-x	1
鲁菜	lǔ cài	52434	ai-ei,c-ch,n-l,r-l	1
乱党	luàn dǎng	52435	an-ang,uan-uang,n-l,r-l	1
论敌	lùn dí	52436	n-l,r-l	1
抹脸	mā liǎn	52438	ian-iang,n-l,r-l	1
满勤	mǎn qín	52440	in-ing,an-ang,j-q-x	1
霉雨	méi yǔ	52444	ai-ei	1
棉绒	mián róng	52446	ian-iang,r-l	1
棉套	mián tào	52447	ian-iang,ao-ou	1
面晤	miàn wù	52448	ian-iang	3
名嘴	míng zuǐ	52449	in-ing,z-zh	1
冥寿	míng shòu	52450	in-ing,ao-ou,s-sh	1
纳罕	nà hǎn	52451	an-ang,n-l,h-f	1
南式	nán shì	52452	an-ang,s-sh,n-l	1
内亲	nèi qīn	52454	in-ing,ai-ei,n-l,j-q-x	1
蔫巴	niān ba	52455	ian-iang,n-l	3
黏附	nián fù	52456	ian-iang,n-l,h-f	3
地秤	dì chèng	52457	en-eng,c-ch	1
排号	pái hào	52458	ai-ei,ao-ou,h-f	1
刨除	páo chú	52460	ao-ou,c-ch	1
配楼	pèi lóu	52463	ai-ei,ao-ou,n-l,r-l	1
偏护	piān hù	52466	ian-iang,h-f	1
姘夫	pīn fū	52468	in-ing,h-f	3
平角	píng jiǎo	52471	in-ing,j-q-x	1
谱表	pǔ biǎo	52474		1
漆树	qī shù	52475	s-sh,j-q-x	1
棋苑	qí yuàn	52477	uan-uang,j-q-x	1
起讫	qǐ qì	52478	j-q-x	3
气锤	qì chuí	52479	c-ch,j-q-x	1
弃舍	qì shě	52480	s-sh,j-q-x	1
岩茶	yán chá	52481	an-ang,c-ch	1
芡实	qiàn shí	52483	ian-iang,s-sh,j-q-x	3
茜草	qiàn cǎo	52484	ian-iang,ao-ou,c-ch,j-q-x	3
抢嘴	qiǎng zuǐ	52486	ian-iang,z-zh,j-q-x	1
桥拱	qiáo gǒng	52487	j-q-x	1
寝具	qǐn jù	52488	in-ing,j-q-x	1
清神	qīng shén	52489	en-eng,in-ing,s-sh,j-q-x	1
祛暑	qū shǔ	52490	s-sh,j-q-x	3
韧度	rèn dù	52491	en-eng,r-l	1
上感	shàng gǎn	52498	an-ang,s-sh	1
涉讼	shè sòng	52500	s-sh	1
麝牛	shè niú	52501	s-sh,n-l	3
失音	shī yīn	52503	in-ing,s-sh	1
食积	shí jī	52505	s-sh,j-q-x	1
示例	shì lì	52506	s-sh,n-l,r-l	1
收讫	shōu qì	52507	ao-ou,s-sh,j-q-x	3
收文	shōu wén	52508	en-eng,ao-ou,s-sh	1
舒散	shū sàn	52510	an-ang,s-sh	1
树丫	shù yā	52511	s-sh	1
苏剧	sū jù	52515	s-sh,j-q-x	1
俗尚	sú shàng	52516	an-ang,s-sh	1
汤泉	tāng quán	52520	an-ang,uan-uang,j-q-x	1
陶工	táo gōng	52521	ao-ou	1
停食	tíng shí	52523	in-ing,s-sh	1
铜绣	tóng xiù	52524	j-q-x	1
凸版	tū bǎn	52526	an-ang	1
图鉴	tú jiàn	52527	ian-iang,j-q-x	1
土俗	tǔ sú	52528	s-sh	1
土性	tǔ xìng	52529	in-ing,j-q-x	1
推头	tuī tóu	52530	ao-ou	1
外钞	wài chāo	52531	ai-ei,ao-ou,c-ch	1
外径	wài jìng	52532	in-ing,ai-ei,j-q-x	1
王浆	wáng jiāng	52534	an-ang,ian-iang,j-q-x	1
微末	wēi mò	52537	ai-ei	1
帏幕	wéi mù	52538	ai-ei	3
尾椎	wěi zhuī	52539	ai-ei,z-zh	1
畏光	wèi guāng	52543	uan-uang,ai-ei	1
窝主	wō zhǔ	52546	z-zh	1
鼯鼠	wú shǔ	52548	s-sh	3
婺剧	wù jù	52550	j-q-x	3
嬉耍	xī shuǎ	52552	ua-uo,s-sh,j-q-x	3
戏侮	xì wǔ	52555	j-q-x	1
下存	xià cún	52558	ia-ie,c-ch,j-q-x	1
下账	xià zhàng	52559	an-ang,ia-ie,z-zh,j-q-x	1
显能	xiǎn néng	52561	en-eng,ian-iang,n-l,j-q-x	1
歇伏	xiē fú	52563	ia-ie,h-f,j-q-x	1
邪财	xié cái	52564	ai-ei,ia-ie,c-ch,j-q-x	1
邪行	xié xíng	52565	in-ing,ia-ie,j-q-x	1
行楷	xíng kǎi	52569	in-ing,ai-ei,j-q-x	1
炸窝	zhà wō	52570	z-zh	1
脸嫩	liǎn nèn	52571	en-eng,ian-iang,n-l,r-l	1
胸饰	xiōng shì	52572	s-sh,j-q-x	1
虚礼	xū lǐ	52573	n-l,r-l,j-q-x	1
序论	xù lùn	52574	n-l,r-l,j-q-x	1
旋梯	xuán tī	52575	uan-uang,j-q-x	1
押题	yā tí	52576		1
牙缸	yá gāng	52577	an-ang	1
雅正	yǎ zhèng	52580	en-eng,z-zh	1
严控	yán kòng	52581	an-ang	1
羊羹	yáng gēng	52582	en-eng,an-ang	1
药茶	yào chá	52585	ao-ou,c-ch	1
冶铸	yě zhù	52587	z-zh	1
野雉	yě zhì	52589	z-zh	3
腋毛	yè máo	52590	ao-ou	1
饴糖	yí táng	52596	an-ang	3
蚁后	yǐ hòu	52598	ao-ou,h-f	1
矿苗	kuàng miáo	52601	uan-uang	1
音控	yīn kòng	52602	in-ing	1
印色	yìn se	52603	in-ing,s-sh	1
印油	yìn yóu	52604	in-ing,ao-ou	1
影写	yǐng xiě	52605	in-ing,ia-ie,j-q-x	1
硬席	yìng xí	52606	in-ing,j-q-x	1
泳帽	yǒng mào	52607	ao-ou	1
有辙	yǒu zhé	52609	ao-ou,z-zh	1
幼雏	yòu chú	52610	ao-ou,c-ch	1
幼畜	yòu chù	52611	ao-ou,c-ch	1
釉质	yòu zhì	52612	ao-ou,z-zh	3
釉子	yòu zi	52613	ao-ou,z-zh	3
鱼花	yú huā	52614	ua-uo,h-f	1
月例	yuè lì	52616	n-l,r-l	1
暂缺	zàn quē	52621	an-ang,z-zh,j-q-x	1
贼星	zéi xīng	52622	in-ing,ai-ei,z-zh,j-q-x	1
炸锅	zhà guō	52623	ua-uo,z-zh	1
掌鞭	zhǎng biān	52626	an-ang,ian-iang,z-zh	1
仗胆	zhàng dǎn	52627	an-ang,z-zh	1
障蔽	zhàng bì	52628	an-ang,z-zh	1
贞烈	zhēn liè	52630	en-eng,ia-ie,z-zh,n-l,r-l	1
蒸饼	zhēng bǐng	52632	en-eng,in-ing,z-zh	1
支店	zhī diàn	52634	ian-iang,z-zh	1
支子	zhī zi	52636	z-zh	1
织补	zhī bǔ	52637	z-zh	1
中楷	zhōng kǎi	52639	ai-ei,z-zh	1
转写	zhuǎn xiě	52644	uan-uang,ia-ie,z-zh,j-q-x	1
籽棉	zǐ mián	52647	ian-iang,z-zh	1
字谜	zì mí	52648	z-zh	1
走嘴	zǒu zuǐ	52649	ao-ou,z-zh	1
暗疾	àn jí	52653	an-ang,j-q-x	1
暗转	àn zhuǎn	52654	an-ang,uan-uang,z-zh	1
凹面	āo miàn	52655	ian-iang,ao-ou	1
坝身	bà shēn	52658	en-eng,s-sh	1
棒操	bàng cāo	52663	an-ang,ao-ou,c-ch	1
包伙	bāo huǒ	52664	ao-ou,ua-uo,h-f	1
龅牙	bāo yá	52665	ao-ou	3
背鳍	bèi qí	52666	ai-ei,j-q-x	1
被絮	bèi xù	52667	ai-ei,j-q-x	1
本愿	běn yuàn	52668	en-eng,uan-uang	1
蹦床	bèng chuáng	52669	en-eng,uan-uang,c-ch	1
秕谷	bǐ gǔ	52670		3
笔立	bǐ lì	52671	n-l,r-l	1
贬称	biǎn chēng	52673	en-eng,ian-iang,c-ch	1
贬职	biǎn zhí	52674	ian-iang,z-zh	1
便览	biàn lǎn	52676	an-ang,ian-iang,n-l,r-l	1
便人	biàn rén	52677	en-eng,ian-iang,r-l	1
标量	biāo liàng	52678	ian-iang,n-l,r-l	1
标卖	biāo mài	52679	ai-ei	1
标样	biāo yàng	52680	an-ang	1
冰坝	bīng bà	52683	in-ing	1
冰车	bīng chē	52684	in-ing,c-ch	1
冰溜	bīng liù	52685	in-ing,n-l,r-l	1
补酒	bǔ jiǔ	52686	j-q-x	1
擦子	cā zǐ	52688	z-zh,c-ch	1
彩卷	cǎi juǎn	52689	uan-uang,ai-ei,c-ch,j-q-x	1
槽钢	cáo gāng	52691	an-ang,ao-ou,c-ch	1
茶炊	chá chuī	52692	c-ch	1
拆兑	chāi duì	52693	ai-ei,c-ch	1
缠手	chán shǒu	52694	an-ang,ao-ou,c-ch,s-sh	1
常礼	cháng lǐ	52695	an-ang,c-ch,n-l,r-l	1
抄收	chāo shōu	52696	ao-ou,c-ch,s-sh	1
车带	chē dài	52697	ai-ei,c-ch	1
车市	chē shì	52699	c-ch,s-sh	1
衬纸	chèn zhǐ	52700	en-eng,z-zh,c-ch	1
诚聘	chéng pìn	52701	en-eng,in-ing,c-ch	1
齿龈	chǐ yín	52704	in-ing,c-ch	3
赤痢	chì lì	52705	c-ch,n-l,r-l	1
冲腾	chōng téng	52706	en-eng,c-ch	1
酬对	chóu duì	52708	ao-ou,c-ch	1
丑时	chǒu shí	52709	ao-ou,c-ch,s-sh	1
出账	chū zhàng	52710	an-ang,z-zh,c-ch	1
初伏	chū fú	52711	c-ch,h-f	1
初愿	chū yuàn	52712	uan-uang,c-ch	1
雏燕	chú yàn	52713	an-ang,c-ch	1
舛误	chuǎn wù	52715	uan-uang,c-ch	3
串戏	chuàn xì	52716	uan-uang,c-ch,j-q-x	1
窗机	chuāng jī	52717	uan-uang,c-ch,j-q-x	1
垂念	chuí niàn	52718	ian-iang,c-ch,n-l	1
春令	chūn lìng	52719	in-ing,c-ch,n-l,r-l	1
纯品	chún pǐn	52721	in-ing,c-ch	1
雌花	cí huā	52722	ua-uo,c-ch,h-f	1
粗盐	cū yán	52726	an-ang,c-ch	1
粗拙	cū zhuō	52727	ua-uo,z-zh,c-ch	1
催肥	cuī féi	52728	ai-ei,c-ch,h-f	1
打总	dǎ zǒng	52730	z-zh	1
大要	dà yào	52731	ao-ou	1
带操	dài cāo	52732	ai-ei,ao-ou,c-ch	1
待承	dài cheng	52733	en-eng,ai-ei,c-ch	1
淡话	dàn huà	52735	an-ang,ua-uo,h-f	1
蛋粉	dàn fěn	52736	en-eng,an-ang,h-f	1
倒汇	dǎo huì	52737	ao-ou,h-f	1
倒休	dǎo xiū	52738	ao-ou,j-q-x	1
低陷	dī xiàn	52740	ian-iang,j-q-x	1
滴管	dī guǎn	52741	uan-uang	1
敌区	dí qū	52742	j-q-x	1
电灌	diàn guàn	52745	ian-iang,uan-uang	1
电灶	diàn zào	52746	ian-iang,ao-ou,z-zh	1
电钟	diàn zhōng	52747	ian-iang,z-zh	1
垫板	diàn bǎn	52749	an-ang,ian-iang	1
吊杆	diào gān	52751	an-ang	1
吊铺	diào pù	52752		1
跌足	diē zú	52753	ia-ie,z-zh	1
冻儿	dòng er	52756		1
兜捕	dōu bǔ	52757	ao-ou	1
兜卖	dōu mài	52758	ai-ei,ao-ou	1
斗箕	dǒu ji	52759	ao-ou,j-q-x	1
豆乳	dòu rǔ	52760	ao-ou,r-l	1
笃深	dǔ shēn	52761	en-eng,s-sh	3
笃守	dǔ shǒu	52762	ao-ou,s-sh	3
端线	duān xiàn	52764	ian-iang,uan-uang,j-q-x	1
躲风	duǒ fēng	52766	en-eng,ua-uo,h-f	1
躲让	duǒ ràng	52767	an-ang,ua-uo,r-l	1
讹谬	é miù	52768		1
耳针	ěr zhēn	52769	en-eng,z-zh	1
法帖	fǎ tiè	52772	ia-ie,h-f	1
发网	fà wǎng	52773	an-ang,h-f	1
翻胃	fān wèi	52775	an-ang,ai-ei,h-f	1
凡心	fán xīn	52776	in-ing,an-ang,h-f,j-q-x	1
反特	fǎn tè	52777	an-ang,h-f	1
返潮	fǎn cháo	52778	an-ang,ao-ou,c-ch,h-f	1
泛化	fàn huà	52779	an-ang,ua-uo,h-f	1
放刁	fàng diāo	52780	an-ang,h-f	1
放排	fàng pái	52781	an-ang,ai-ei,h-f	1
肥源	féi yuán	52783	uan-uang,ai-ei,h-f	1
粉肠	fěn cháng	52784	en-eng,an-ang,c-ch,h-f	1
粪筐	fèn kuāng	52785	en-eng,uan-uang,h-f	1
缝缀	féng zhuì	52786	en-eng,z-zh,h-f	1
孵育	fū yù	52788	h-f	1
浮词	fú cí	52789	c-ch,h-f	1
浮石	fú shí	52790	s-sh,h-f	1
辅音	fǔ yīn	52792	in-ing,h-f	1
干松	gān song	52793	an-ang,s-sh	1
刚玉	gāng yù	52794	an-ang	1
岗地	gǎng dì	52795	an-ang	1
高纯	gāo chún	52796	ao-ou,c-ch	1
告缺	gào quē	52797	ao-ou,j-q-x	1
拆账	chāi zhàng	52799	an-ang,ai-ei,z-zh,c-ch	1
哽塞	gěng sè	52800	en-eng,s-sh	3
勾脸	gōu liǎn	52802	ian-iang,ao-ou,n-l,r-l	1
鼓包	gǔ bāo	52803	ao-ou	1
刮削	guā xuē	52805	ua-uo,j-q-x	1
挂屏	guà píng	52806	in-ing,ua-uo	1
挂轴	guà zhóu	52807	ao-ou,ua-uo,z-zh	1
观阵	guān zhèn	52808	en-eng,uan-uang,z-zh	1
惯贼	guàn zéi	52809	uan-uang,ai-ei,z-zh	1
果胶	guǒ jiāo	52811	ua-uo,j-q-x	1
果料	guǒ liào	52812	ua-uo,n-l,r-l	1
过电	guò diàn	52813	ian-iang,ua-uo	1
亥时	hài shí	52814	ai-ei,s-sh,h-f	1
寒腿	hán tuǐ	52816	an-ang,h-f	1
汗斑	hàn bān	52817	an-ang,h-f	1
薅草	hāo cǎo	52819	ao-ou,c-ch,h-f	3
耗散	hào sàn	52820	an-ang,ao-ou,s-sh,h-f	1
合数	hé shù	52821	s-sh,h-f	1
核审	hé shěn	52822	en-eng,s-sh,h-f	1
横联	héng lián	52824	en-eng,ian-iang,n-l,h-f,r-l	1
烘制	hōng zhì	52826	z-zh,h-f	1
红曲	hóng qū	52828	h-f,j-q-x	1
红参	hóng shēn	52829	en-eng,s-sh,h-f	1
后景	hòu jǐng	52830	in-ing,ao-ou,h-f,j-q-x	1
花肥	huā féi	52834	ai-ei,ua-uo,h-f	1
画堂	huà táng	52837	an-ang,ua-uo,h-f	1
环靶	huán bǎ	52838	uan-uang,h-f	1
换样	huàn yàng	52839	an-ang,uan-uang,h-f	1
黄壤	huáng rǎng	52840	an-ang,uan-uang,h-f,r-l	1
悔棋	huǐ qí	52842	h-f,j-q-x	1
贿买	huì mǎi	52843	ai-ei,h-f	1
活门	huó mén	52844	en-eng,ua-uo,h-f	1
基色	jī sè	52846	s-sh,j-q-x	1
吉剧	jí jù	52847	j-q-x	1
寄怀	jì huái	52851	h-f,j-q-x	1
加洗	jiā xǐ	52852	ia-ie,j-q-x	1
见老	jiàn lǎo	52855	ian-iang,ao-ou,n-l,r-l,j-q-x	1
僵蚕	jiāng cán	52857	an-ang,ian-iang,c-ch,j-q-x	1
奖旗	jiǎng qí	52858	ian-iang,j-q-x	1
降等	jiàng děng	52859	en-eng,ian-iang,j-q-x	1
娇好	jiāo hǎo	52860	ao-ou,h-f,j-q-x	1
娇养	jiāo yǎng	52861	an-ang,j-q-x	1
脚灯	jiǎo dēng	52864	en-eng,j-q-x	1
脚垫	jiǎo diàn	52865	ian-iang,j-q-x	1
脚腕	jiǎo wàn	52867	an-ang,j-q-x	1
教正	jiào zhèng	52868	en-eng,z-zh,j-q-x	1
揭底	jiē dǐ	52870	ia-ie,j-q-x	1
洁肤	jié fū	52871	ia-ie,h-f,j-q-x	1
禁毁	jìn huǐ	52876	in-ing,h-f,j-q-x	1
禁例	jìn lì	52877	in-ing,n-l,r-l,j-q-x	1
井栏	jǐng lán	52878	in-ing,an-ang,n-l,r-l,j-q-x	1
警花	jǐng huā	52879	in-ing,ua-uo,h-f,j-q-x	1
净得	jìng dé	52880	in-ing,j-q-x	1
敬颂	jìng sòng	52881	in-ing,s-sh,j-q-x	1
啾啾	jiū jiū	52883	j-q-x	2
救穷	jiù qióng	52885	j-q-x	1
橘汁	jú zhī	52887	z-zh,j-q-x	1
举火	jǔ huǒ	52888	ua-uo,h-f,j-q-x	1
拒敌	jù dí	52889	j-q-x	1
卷缩	juǎn suō	52890	uan-uang,ua-uo,s-sh,j-q-x	1
开颜	kāi yán	52891	an-ang,ai-ei	1
考释	kǎo shì	52893	ao-ou,s-sh	1
拷绸	kǎo chóu	52894	ao-ou,c-ch	1
可着	kě zhe	52896	z-zh	1
空名	kōng míng	52897	in-ing	1
空嫂	kōng sǎo	52898	ao-ou,s-sh	1
口算	kǒu suàn	52899	uan-uang,ao-ou,s-sh	1
宽旷	kuān kuàng	52900	uan-uang	1
宽宥	kuān yòu	52901	uan-uang,ao-ou	3
款步	kuǎn bù	52902	uan-uang	1
狂气	kuáng qi	52903	uan-uang,j-q-x	1
诳语	kuáng yǔ	52904	uan-uang	3
框定	kuàng dìng	52905	in-ing,uan-uang	1
灌录	guàn lù	52906	uan-uang,n-l,r-l	1
扩权	kuò quán	52907	uan-uang,ua-uo,j-q-x	1
拉脚	lā jiǎo	52908	n-l,r-l,j-q-x	1
懒鬼	lǎn guǐ	52909	an-ang,n-l,r-l	1
烂糊	làn hu	52910	an-ang,n-l,h-f,r-l	1
滥交	làn jiāo	52911	an-ang,n-l,r-l,j-q-x	1
朗照	lǎng zhào	52912	an-ang,ao-ou,z-zh,n-l,r-l	1
老几	lǎo jǐ	52914	ao-ou,n-l,r-l,j-q-x	1
老拳	lǎo quán	52915	uan-uang,ao-ou,n-l,r-l,j-q-x	1
冷布	lěng bù	52918	en-eng,n-l,r-l	1
冷冽	lěng liè	52919	en-eng,ia-ie,n-l,r-l	3
利市	lì shì	52924	s-sh,n-l,r-l	1
利嘴	lì zuǐ	52925	z-zh,n-l,r-l	1
莅会	lì huì	52926	n-l,h-f,r-l	3
莲心	lián xīn	52927	in-ing,ian-iang,n-l,r-l,j-q-x	1
脸热	liǎn rè	52928	ian-iang,n-l,r-l	1
量杯	liáng bēi	52929	ian-iang,ai-ei,n-l,r-l	1
烈风	liè fēng	52930	en-eng,ia-ie,n-l,h-f,r-l	1
零数	líng shù	52933	in-ing,s-sh,n-l,r-l	1
领工	lǐng gōng	52934	in-ing,n-l,r-l	1
搂钱	lǒu qián	52937	ian-iang,ao-ou,n-l,r-l,j-q-x	1
露白	lòu bái	52938	ai-ei,ao-ou,n-l,r-l	1
露丑	lòu chǒu	52939	ao-ou,c-ch,n-l,r-l	1
芦柑	lú gān	52940	an-ang,n-l,r-l	1
炉瓦	lú wǎ	52941	n-l,r-l	1
卵翼	luǎn yì	52943	uan-uang,n-l,r-l	1
落价	lào jià	52944	ao-ou,ia-ie,n-l,r-l,j-q-x	1
马弁	mǎ biàn	52945	ian-iang	3
鳗鲡	mán lí	52947	an-ang,n-l,r-l	2
芒草	máng cǎo	52948	an-ang,ao-ou,c-ch	1
毛重	máo zhòng	52949	ao-ou,z-zh	1
梦遗	mèng yí	52951	en-eng	1
绵绸	mián chóu	52954	ian-iang,ao-ou,c-ch	1
棉绸	mián chóu	52955	ian-iang,ao-ou,c-ch	1
明器	míng qì	52956	in-ing,j-q-x	1
明喻	míng yù	52957	in-ing	1
抹墙	mǒ qiáng	52959	ian-iang,j-q-x	1
墨菊	mò jú	52960	j-q-x	1
默算	mò suàn	52961	uan-uang,s-sh	1
卷纸	juǎn zhǐ	52962	uan-uang,z-zh,j-q-x	1
内陷	nèi xiàn	52967	ian-iang,ai-ei,n-l,j-q-x	1
孽根	niè gēn	52969	en-eng,ia-ie,n-l	1
啪嚓	pā chā	52972	c-ch	3
排椅	pái yǐ	52974	ai-ei	1
盘存	pán cún	52977	an-ang,c-ch	1
盘香	pán xiāng	52978	an-ang,ian-iang,j-q-x	1
片酬	piàn chóu	52980	ian-iang,ao-ou,c-ch	1
铺衬	pū chen	52982	en-eng,c-ch	1
漆雕	qī diāo	52984	j-q-x	1
启碇	qǐ dìng	52985	in-ing,j-q-x	3
气眼	qì yǎn	52987	an-ang,j-q-x	1
汽锤	qì chuí	52988	c-ch,j-q-x	1
牵记	qiān jì	52989	ian-iang,j-q-x	1
巧辩	qiǎo biàn	52992	ian-iang,j-q-x	1
秋衣	qiū yī	52997	j-q-x	1
缺员	quē yuán	52998	uan-uang,j-q-x	1
裙裤	qún kù	52999	j-q-x	1
日戳	rì chuō	53001	ua-uo,c-ch,r-l	1
散剂	sǎn jì	53003	an-ang,s-sh,j-q-x	1
杉篙	shā gāo	53004	ao-ou,s-sh	3
闪道	shǎn dào	53006	an-ang,ao-ou,s-sh	1
伤悼	shāng dào	53007	an-ang,ao-ou,s-sh	1
商计	shāng jì	53008	an-ang,s-sh,j-q-x	1
审题	shěn tí	53010	en-eng,s-sh	1
肾亏	shèn kuī	53011	en-eng,s-sh	1
庆生	qìng shēng	53013	en-eng,in-ing,s-sh,j-q-x	1
生荒	shēng huāng	53014	en-eng,uan-uang,s-sh,h-f	1
生皮	shēng pí	53015	en-eng,s-sh	1
声卡	shēng kǎ	53016	en-eng,s-sh	1
试表	shì biǎo	53018	s-sh	1
熟铁	shú tiě	53021	ia-ie,s-sh	1
涮肉	shuàn ròu	53023	uan-uang,ao-ou,s-sh,r-l	1
睡帽	shuì mào	53026	ao-ou,s-sh	1
丝糕	sī gāo	53027	ao-ou,s-sh	1
松包	sōng bāo	53029	ao-ou,s-sh	1
搜缴	sōu jiǎo	53031	ao-ou,s-sh,j-q-x	1
搜拿	sōu ná	53032	ao-ou,s-sh,n-l	1
素油	sù yóu	53034	ao-ou,s-sh	1
嗉囊	sù náng	53035	an-ang,s-sh,n-l	3
算草	suàn cǎo	53036	uan-uang,ao-ou,c-ch,s-sh	1
汤剂	tāng jì	53040	an-ang,j-q-x	1
藤编	téng biān	53042	en-eng,ian-iang	1
通窍	tōng qiào	53045	j-q-x	1
沱茶	tuó chá	53047	ua-uo,c-ch	3
外胎	wài tāi	53048	ai-ei	1
外痔	wài zhì	53049	ai-ei,z-zh	3
温乎	wēn hu	53052	en-eng,h-f	1
武师	wǔ shī	53055	s-sh	1
下欠	xià qiàn	53058	ian-iang,ia-ie,j-q-x	1
闲员	xián yuán	53060	ian-iang,uan-uang,j-q-x	1
险局	xiǎn jú	53061	ian-iang,j-q-x	1
险峭	xiǎn qiào	53062	ian-iang,j-q-x	1
现丑	xiàn chǒu	53063	ian-iang,ao-ou,c-ch,j-q-x	1
乡谈	xiāng tán	53064	an-ang,ian-iang,j-q-x	1
香醋	xiāng cù	53066	ian-iang,c-ch,j-q-x	1
详备	xiáng bèi	53067	ian-iang,ai-ei,j-q-x	1
销子	xiāo zi	53069	z-zh,j-q-x	1
谢却	xiè què	53071	ia-ie,j-q-x	1
蟹青	xiè qīng	53072	in-ing,ia-ie,j-q-x	1
信汇	xìn huì	53075	in-ing,h-f,j-q-x	1
凶讯	xiōng xùn	53076	j-q-x	1
秀俊	xiù jùn	53077	j-q-x	1
戌时	xū shí	53078	s-sh,j-q-x	1
煦煦	xù xù	53080	j-q-x	2
雪盲	xuě máng	53081	an-ang,j-q-x	1
血虚	xuè xū	53082	j-q-x	1
压场	yā chǎng	53083	an-ang,c-ch	1
衍文	yǎn wén	53085	en-eng,an-ang	1
眼浅	yǎn qiǎn	53086	an-ang,ian-iang,j-q-x	1
验伤	yàn shāng	53087	an-ang,s-sh	1
腰袋	yāo dài	53089	ai-ei,ao-ou	1
姨丈	yí zhàng	53093	an-ang,z-zh	1
佚失	yì shī	53096	s-sh	3
阴文	yīn wén	53097	en-eng,in-ing	1
应季	yìng jì	53098	in-ing,j-q-x	1
硬话	yìng huà	53099	in-ing,ua-uo,h-f	1
语序	yǔ xù	53102	j-q-x	1
圆实	yuán shi	53103	uan-uang,s-sh	1
乐律	yuè lǜ	53104	n-l,r-l	1
窄幅	zhǎi fú	53105	ai-ei,z-zh,h-f	1
毡笠	zhān lì	53106	an-ang,z-zh,n-l,r-l	3
镇尺	zhèn chǐ	53108	en-eng,z-zh,c-ch	1
争脸	zhēng liǎn	53109	en-eng,ian-iang,z-zh,n-l,r-l	1
纸媒	zhǐ méi	53111	ai-ei,z-zh	1
痔漏	zhì lòu	53112	ao-ou,z-zh,n-l,r-l	3
终席	zhōng xí	53114	z-zh,j-q-x	1
种仁	zhǒng rén	53115	en-eng,z-zh,r-l	1
周遍	zhōu biàn	53116	ian-iang,ao-ou,z-zh	1
肘窝	zhǒu wō	53117	ao-ou,z-zh	1
祝告	zhù gào	53118	ao-ou,z-zh	1
拙见	zhuō jiàn	53119	ian-iang,ua-uo,z-zh,j-q-x	1
棕毛	zōng máo	53121	ao-ou,z-zh	1
租佃	zū diàn	53123	ian-iang,z-zh	1
谙练	ān liàn	53125	an-ang,ian-iang,n-l,r-l	3
暗场	àn chǎng	53126	an-ang,c-ch	1
暗盒	àn hé	53127	an-ang,h-f	1
白痢	bái lì	53128	ai-ei,n-l,r-l	1
棒针	bàng zhēn	53132	en-eng,an-ang,z-zh	1
傍午	bàng wǔ	53133	an-ang	1
碑拓	bēi tà	53138	ai-ei	1
备忘	bèi wàng	53141	an-ang,ai-ei	1
焙干	bèi gān	53142	an-ang,ai-ei	3
边卡	biān qiǎ	53144	ian-iang,ia-ie,j-q-x	1
便路	biàn lù	53145	ian-iang,n-l,r-l	1
便中	biàn zhōng	53146	ian-iang,z-zh	1
彪悍	biāo hàn	53147	an-ang,h-f	1
鹁鸪	bó gū	53149		2
补苗	bǔ miáo	53150		1
菜薹	cài tái	53152	ai-ei,c-ch	3
餐点	cān diǎn	53153	an-ang,ian-iang,c-ch	1
衬布	chèn bù	53158	en-eng,c-ch	1
成宿	chéng xiǔ	53159	en-eng,c-ch,j-q-x	1
承做	chéng zuò	53160	en-eng,ua-uo,z-zh,c-ch	1
耻骨	chǐ gǔ	53162	c-ch	1
抽杀	chōu shā	53163	ao-ou,c-ch,s-sh	1
醇正	chún zhèng	53166	en-eng,z-zh,c-ch	1
刺溜	cī liū	53167	c-ch,n-l,r-l	1
瓷釉	cí yòu	53168	ao-ou,c-ch	3
伺弄	cì nòng	53169	c-ch,n-l	1
凑乎	còu hū	53170	ao-ou,c-ch,h-f	1
粗纺	cū fǎng	53171	an-ang,c-ch,h-f	1
催奶	cuī nǎi	53172	ai-ei,c-ch,n-l	1
脆枣	cuì zǎo	53173	ao-ou,z-zh,c-ch	1
大楷	dà kǎi	53175	ai-ei	1
弹膛	dàn táng	53177	an-ang	1
蛋羹	dàn gēng	53178	en-eng,an-ang	1
倒序	dào xù	53180	ao-ou,j-q-x	1
道钉	dào dīng	53181	in-ing,ao-ou	1
等距	děng jù	53182	en-eng,j-q-x	1
滴虫	dī chóng	53183	c-ch	1
缔交	dì jiāo	53184	j-q-x	1
电键	diàn jiàn	53185	ian-iang,j-q-x	1
电烫	diàn tàng	53186	an-ang,ian-iang	1
电珠	diàn zhū	53187	ian-iang,z-zh	1
垫话	diàn huà	53188	ian-iang,ua-uo,h-f	1
叮问	dīng wèn	53189	en-eng,in-ing	1
顶格	dǐng gé	53190	in-ing	1
丢荒	diū huāng	53191	uan-uang,h-f	1
冬汛	dōng xùn	53192	j-q-x	1
洞晓	dòng xiǎo	53193	j-q-x	1
笃爱	dǔ ài	53194	ai-ei	3
笃诚	dǔ chéng	53195	en-eng,c-ch	3
笃志	dǔ zhì	53196	z-zh	3
镀层	dù céng	53197	en-eng,c-ch	1
短秤	duǎn chèng	53198	en-eng,uan-uang,c-ch	1
短袜	duǎn wà	53199	uan-uang	1
断垄	duàn lǒng	53200	uan-uang,n-l,r-l	1
锻制	duàn zhì	53201	uan-uang,z-zh	1
对译	duì yì	53203		1
儿男	ér nán	53205	an-ang,n-l	1
发懒	fā lǎn	53207	an-ang,n-l,h-f,r-l	1
发刷	fà shuā	53208	ua-uo,s-sh,h-f	1
翻改	fān gǎi	53209	an-ang,ai-ei,h-f	1
翻造	fān zào	53210	an-ang,ao-ou,z-zh,h-f	1
饭口	fàn kǒu	53211	an-ang,ao-ou,h-f	1
饭囊	fàn náng	53212	an-ang,n-l,h-f	1
分杈	fēn chà	53214	en-eng,c-ch,h-f	3
分厘	fēn lí	53215	en-eng,n-l,h-f,r-l	1
分式	fēn shì	53216	en-eng,s-sh,h-f	1
仔畜	zǐ chù	53217	z-zh,c-ch	1
蜂毒	fēng dú	53218	en-eng,h-f	1
干煸	gān biān	53220	an-ang,ian-iang	3
干号	gān háo	53221	an-ang,ao-ou,h-f	1
干急	gān jí	53222	an-ang,j-q-x	1
宫扇	gōng shàn	53224	an-ang,s-sh	1
勾绘	gōu huì	53225	ao-ou,h-f	1
挂累	guà lěi	53226	ai-ei,ua-uo,n-l,r-l	1
官风	guān fēng	53227	en-eng,uan-uang,h-f	1
海程	hǎi chéng	53231	en-eng,ai-ei,c-ch,h-f	1
函购	hán gòu	53233	an-ang,ao-ou,h-f	1
寒症	hán zhèng	53234	en-eng,an-ang,z-zh,h-f	1
汉姓	hàn xìng	53235	in-ing,an-ang,h-f,j-q-x	1
旱道	hàn dào	53236	an-ang,ao-ou,h-f	1
悍勇	hàn yǒng	53237	an-ang,h-f	1
焊锡	hàn xī	53238	an-ang,h-f,j-q-x	1
禾谷	hé gǔ	53239	h-f	1
贺仪	hè yí	53240	h-f	1
褐煤	hè méi	53241	ai-ei,h-f	1
横街	héng jiē	53242	en-eng,ia-ie,h-f,j-q-x	1
烘房	hōng fáng	53244	an-ang,h-f	1
烘染	hōng rǎn	53245	an-ang,h-f,r-l	1
红汞	hóng gǒng	53246	h-f	1
宏才	hóng cái	53247	ai-ei,c-ch,h-f	1
猴拳	hóu quán	53248	uan-uang,ao-ou,h-f,j-q-x	1
湖汊	hú chà	53249	c-ch,h-f	3
湖田	hú tián	53250	ian-iang,h-f	1
护具	hù jù	53252	h-f,j-q-x	1
护腕	hù wàn	53253	an-ang,h-f	1
护胸	hù xiōng	53254	h-f,j-q-x	1
瓠子	hù zi	53255	z-zh,h-f	3
换茬	huàn chá	53257	uan-uang,c-ch,h-f	1
回纥	huí hé	53258	h-f	3
火捻	huǒ niǎn	53261	ian-iang,ua-uo,n-l,h-f	1
捡漏	jiǎn lòu	53264	ian-iang,ao-ou,n-l,r-l,j-q-x	1
减号	jiǎn hào	53265	ian-iang,ao-ou,h-f,j-q-x	1
嚼子	jiáo zi	53267	z-zh,j-q-x	1
叫春	jiào chūn	53268	c-ch,j-q-x	1
惊怪	jīng guài	53269	in-ing,j-q-x	1
精料	jīng liào	53270	in-ing,n-l,r-l,j-q-x	1
警探	jǐng tàn	53271	in-ing,an-ang,j-q-x	1
净手	jìng shǒu	53273	in-ing,ao-ou,s-sh,j-q-x	1
酒药	jiǔ yào	53275	ao-ou,j-q-x	1
旧恶	jiù è	53276	j-q-x	1
旧说	jiù shuō	53277	ua-uo,s-sh,j-q-x	1
旧知	jiù zhī	53278	z-zh,j-q-x	1
句读	jù dòu	53279	ao-ou,j-q-x	1
绝产	jué chǎn	53280	an-ang,c-ch,j-q-x	1
开冻	kāi dòng	53283	ai-ei	1
开胶	kāi jiāo	53284	ai-ei,j-q-x	1
开镜	kāi jìng	53285	in-ing,ai-ei,j-q-x	1
开台	kāi tái	53286	ai-ei	1
开线	kāi xiàn	53287	ian-iang,ai-ei,j-q-x	1
开言	kāi yán	53288	an-ang,ai-ei	1
客籍	kè jí	53290	j-q-x	1
空荡	kōng dàng	53292	an-ang	1
空身	kōng shēn	53293	en-eng,s-sh	1
口紧	kǒu jǐn	53294	in-ing,ao-ou,j-q-x	1
叩打	kòu dǎ	53295	ao-ou	1
苦夏	kǔ xià	53296	ia-ie,j-q-x	1
宽和	kuān hé	53298	uan-uang,h-f	1
宽展	kuān zhǎn	53299	an-ang,uan-uang,z-zh	1
狂烈	kuáng liè	53300	uan-uang,ia-ie,n-l,r-l	1
窥察	kuī chá	53302	c-ch	1
利口	lì kǒu	53305	ao-ou,n-l,r-l	1
联奏	lián zòu	53307	ian-iang,ao-ou,z-zh,n-l,r-l	1
零吃	líng chī	53311	in-ing,c-ch,n-l,r-l	1
遛鸟	liù niǎo	53312	n-l,r-l	3
卤味	lǔ wèi	53313	ai-ei,n-l,r-l	1
螺号	luó hào	53315	ao-ou,ua-uo,n-l,h-f,r-l	1
落锁	luò suǒ	53316	ua-uo,s-sh,n-l,r-l	1
浪笑	làng xiào	53321	an-ang,n-l,r-l,j-q-x	1
麦酒	mài jiǔ	53322	ai-ei,j-q-x	1
煤末	méi mò	53325	ai-ei	1
面茶	miàn chá	53330	ian-iang,c-ch	1
面瘫	miàn tān	53331	an-ang,ian-iang	1
妙诀	miào jué	53332	j-q-x	1
篾篓	miè lǒu	53333	ao-ou,ia-ie,n-l,r-l	3
目次	mù cì	53335	c-ch	1
牧放	mù fàng	53336	an-ang,h-f	1
拿大	ná dà	53337	n-l	1
拿乔	ná qiáo	53338	n-l,j-q-x	1
奶糕	nǎi gāo	53341	ai-ei,ao-ou,n-l	1
蛲虫	náo chóng	53342	ao-ou,c-ch,n-l	3
匿报	nì bào	53343	ao-ou,n-l	1
黏米	nián mǐ	53344	ian-iang,n-l	3
牛扒	niú pá	53347	n-l	1
派购	pài gòu	53348	ai-ei,ao-ou	1
跑电	pǎo diàn	53349	ian-iang,ao-ou	1
陪住	péi zhù	53351	ai-ei,z-zh	1
喷灯	pēn dēng	53353	en-eng	1
拼读	pīn dú	53355	in-ing	1
瓶胆	píng dǎn	53356	in-ing,an-ang	1
棋具	qí jù	53357	j-q-x	1
谦称	qiān chēng	53358	en-eng,ian-iang,c-ch,j-q-x	1
潜航	qián háng	53360	an-ang,ian-iang,h-f,j-q-x	1
欠产	qiàn chǎn	53361	an-ang,ian-iang,c-ch,j-q-x	1
抢工	qiǎng gōng	53363	ian-iang,j-q-x	1
戗面	qiàng miàn	53364	ian-iang,j-q-x	3
日薪	rì xīn	53368	in-ing,r-l,j-q-x	1
软水	ruǎn shuǐ	53370	uan-uang,s-sh,r-l	1
沙浴	shā yù	53371	s-sh	1
晒图	shài tú	53372	ai-ei,s-sh	1
石女	shí nǚ	53374	s-sh,n-l	1
粟子	sù zi	53375	z-zh,s-sh	1
台秤	tái chèng	53376	en-eng,ai-ei,c-ch	1
探风	tàn fēng	53377	en-eng,an-ang,h-f	1
头伏	tóu fú	53378	ao-ou,h-f	1
绿盘	lǜ pán	53379	an-ang,n-l,r-l	1
完败	wán bài	53380	an-ang,ai-ei	1
破处	pò chù	53382	c-ch	1
行房	xíng fáng	53387	in-ing,an-ang,h-f,j-q-x	1
颜值	yán zhí	53388	an-ang,z-zh	1
牙垢	yá gòu	53389	ao-ou	1
蝇拍	yíng pāi	53391	in-ing,ai-ei	1
喻义	yù yì	53393		1
允当	yǔn dàng	53394	an-ang	1
晕机	yùn jī	53395	j-q-x	1
孳乳	zī rǔ	53396	z-zh,r-l	3
走账	zǒu zhàng	53397	an-ang,ao-ou,z-zh	1
败毒	bài dú	53399	ai-ei	1
褒词	bāo cí	53400	ao-ou,c-ch	1
便壶	biàn hú	53401	ian-iang,h-f	1
残品	cán pǐn	53402	in-ing,an-ang,c-ch	1
脆骨	cuì gǔ	53405	c-ch	1
单姓	dān xìng	53407	in-ing,an-ang,j-q-x	1
倒牙	dǎo yá	53408	ao-ou	1
耳垢	ěr gòu	53411	ao-ou	1
二伏	èr fú	53412	h-f	1
公亩	gōng mǔ	53414		1
钩针	gōu zhēn	53415	en-eng,ao-ou,z-zh	1
过录	guò lù	53417	ua-uo,n-l,r-l	1
荤食	hūn shí	53421	s-sh,h-f	1
搅局	jiǎo jú	53422	j-q-x	1
借喻	jiè yù	53423	ia-ie,j-q-x	1
惧内	jù nèi	53425	ai-ei,n-l,j-q-x	1
抗上	kàng shàng	53426	an-ang,s-sh	1
舞盲	wǔ máng	53427	an-ang	1
癞疮	lài chuāng	53428	uan-uang,ai-ei,c-ch,n-l,r-l	3
卯榫	mǎo sǔn	53431	ao-ou,s-sh	3
末伏	mò fú	53432	h-f	1
黏性	nián xìng	53433	in-ing,ian-iang,n-l,j-q-x	3
苤蓝	piě lan	53435	an-ang,ia-ie,n-l,r-l	3
骑缝	qí fèng	53436	en-eng,h-f,j-q-x	1
顺嘴	shùn zuǐ	53437	z-zh,s-sh	1
市尺	shì chǐ	53438	c-ch,s-sh	1
首尔	shǒu ěr	53439	ao-ou,s-sh	1
舒松	shū sōng	53440	s-sh	1
熟语	shú yǔ	53441	s-sh	1
松仁	sōng rén	53443	en-eng,s-sh,r-l	1
叩关	kòu guān	53447	uan-uang,ao-ou	1
鲜啤	xiān pí	53449	ian-iang,j-q-x	1
小舌	xiǎo shé	53450	s-sh,j-q-x	1
谢顶	xiè dǐng	53452	in-ing,ia-ie,j-q-x	1
血崩	xuè bēng	53454	en-eng,j-q-x	1
腋臭	yè chòu	53455	ao-ou,c-ch	1
中魔	zhòng mó	53457	z-zh	1
仔鸡	zǐ jī	53458	z-zh,j-q-x	1
凹镜	āo jìng	53459	in-ing,ao-ou,j-q-x	1
抽测	chōu cè	53461	ao-ou,c-ch	1
电笔	diàn bǐ	53462	ian-iang	1
刁横	diāo hèng	53463	en-eng,h-f	1
凋败	diāo bài	53464	ai-ei	3
房贴	fáng tiē	53466	an-ang,ia-ie,h-f	1
概数	gài shù	53467	ai-ei,s-sh	1
勾芡	gōu qiàn	53468	ian-iang,ao-ou,j-q-x	3
拐棒	guǎi bàng	53469	an-ang	1
害鸟	hài niǎo	53470	ai-ei,n-l,h-f	1
敬语	jìng yǔ	53474	in-ing,j-q-x	1
勘误	kān wù	53476	an-ang	1
亮底	liàng dǐ	53477	ian-iang,n-l,r-l	1
了账	liǎo zhàng	53478	an-ang,z-zh,n-l,r-l	1
路考	lù kǎo	53479	ao-ou,n-l,r-l	1
骂架	mà jià	53483	ia-ie,j-q-x	1
买醉	mǎi zuì	53484	ai-ei,z-zh	1
鸣谢	míng xiè	53485	in-ing,ia-ie,j-q-x	1
悬臂	xuán bì	53486	uan-uang,j-q-x	1
泥子	nì zi	53487	z-zh,n-l	1
盘账	pán zhàng	53488	an-ang,z-zh	1
盆浴	pén yù	53489	en-eng	1
团粉	tuán fěn	53493	en-eng,uan-uang,h-f	1
销账	xiāo zhàng	53496	an-ang,z-zh,j-q-x	1
晕血	yùn xiě	53497	ia-ie,j-q-x	1
步测	bù cè	53499	c-ch	1
词类	cí lèi	53503	ai-ei,c-ch,n-l,r-l	1
汗脚	hàn jiǎo	53506	an-ang,h-f,j-q-x	1
借代	jiè dài	53508	ai-ei,ia-ie,j-q-x	1
焗油	jú yóu	53510	ao-ou,j-q-x	3
均价	jūn jià	53511	ia-ie,j-q-x	1
路规	lù guī	53513	n-l,r-l	1
盲打	máng dǎ	53515	an-ang	1
盘秤	pán chèng	53516	en-eng,an-ang,c-ch	1
软尺	ruǎn chǐ	53517	uan-uang,c-ch,r-l	1
市升	shì shēng	53518	en-eng,s-sh	1
样稿	yàng gǎo	53521	an-ang,ao-ou	1
优盘	yōu pán	53522	an-ang,ao-ou	1
悼唁	dào yàn	53524	an-ang,ao-ou	1
垦复	kěn fù	53525	en-eng,h-f	1
至孝	zhì xiào	53526	z-zh,j-q-x	1
酒刺	jiǔ cì	53530	c-ch,j-q-x	1
手信	shǒu xìn	53534	in-ing,ao-ou,s-sh,j-q-x	1
领罪	lǐng zuì	53535	in-ing,z-zh,n-l,r-l	1
拢总	lǒng zǒng	53536	z-zh,n-l,r-l	1
喽啰	lóu luo	53537	ao-ou,ua-uo,n-l,r-l	3
落市	luò shì	53538	ua-uo,s-sh,n-l,r-l	1
陆基	lù jī	53540	n-l,r-l,j-q-x	1
平月	píng yuè	53541	in-ing	1
鲸饮	jīng yǐn	53542	in-ing,j-q-x	1
胸徽	xiōng huī	53543	h-f,j-q-x	1
血晕	xiě yùn	53545	ia-ie,j-q-x	1
晕针	yùn zhēn	53546	en-eng,z-zh	1
