日本	rì běn	13428	en-eng,r-l	1
美国	měi guó	13429	ai-ei,ua-uo	1
各种	gè zhǒng	13430	z-zh	1
全国	quán guó	13431	uan-uang,ua-uo,j-q-x	1
受到	shòu dào	13432	ao-ou,s-sh	1
来到	lái dào	13433	ai-ei,ao-ou,n-l,r-l	1
有人	yǒu rén	13434	en-eng,ao-ou,r-l	1
以上	yǐ shàng	13435	an-ang,s-sh	1
不可	bù kě	13436		1
香港	xiāng gǎng	13437	an-ang,ian-iang,j-q-x	1
不是	bù shi	13438	s-sh	1
一下	yī xià	13439	ia-ie,j-q-x	1
变成	biàn chéng	13441	en-eng,ian-iang,c-ch	1
之一	zhī yī	13442	z-zh	1
也是	yě shì	13443	s-sh	1
心里	xīn lǐ	13444	in-ing,n-l,r-l,j-q-x	1
之中	zhī zhōng	13445	z-zh	1
英国	yīng guó	13446	in-ing,ua-uo	1
指出	zhǐ chū	13447	z-zh,c-ch	1
家里	jiā lǐ	13448	ia-ie,n-l,r-l,j-q-x	1
国内	guó nèi	13449	ai-ei,ua-uo,n-l	1
等等	děng děng	13450	en-eng	1
还有	hái yǒu	13451	ai-ei,ao-ou,h-f	1
台湾	tái wān	13452	an-ang,ai-ei	1
留下	liú xià	13453	ia-ie,n-l,r-l,j-q-x	1
女子	nǚ zǐ	13454	z-zh,n-l	1
抓住	zhuā zhù	13455	ua-uo,z-zh	1
法国	fǎ guó	13456	ua-uo,h-f	1
分钟	fēn zhōng	13457	en-eng,z-zh,h-f	1
不知	bù zhī	13458	z-zh	1
各地	gè dì	13459		1
德国	dé guó	13460	ua-uo	1
就要	jiù yào	13461	ao-ou,j-q-x	1
部长	bù cháng	13462	an-ang,c-ch	1
欧洲	ōu zhōu	13463	ao-ou,z-zh	1
在于	zài yú	13465	ai-ei,z-zh	1
业务	yè wù	13466		1
有所	yǒu suǒ	13469	ao-ou,ua-uo,s-sh	1
各国	gè guó	13470	ua-uo	1
加上	jiā shàng	13471	an-ang,ia-ie,s-sh,j-q-x	1
直到	zhí dào	13472	ao-ou,z-zh	1
内部	nèi bù	13473	ai-ei,n-l	1
整个	zhěng gè	13474	en-eng,z-zh	1
南京	nán jīng	13475	in-ing,an-ang,n-l,j-q-x	1
得了	dé le	13477	n-l,r-l	1
印度	yìn dù	13478	in-ing	1
广州	guǎng zhōu	13479	uan-uang,ao-ou,z-zh	1
那时	nà shí	13480	s-sh,n-l	1
某些	mǒu xiē	13481	ao-ou,ia-ie,j-q-x	1
党员	dǎng yuán	13482	an-ang,uan-uang	1
为主	wéi zhǔ	13483	ai-ei,z-zh	1
之外	zhī wài	13485	ai-ei,z-zh	1
有着	yǒu zhe	13486	ao-ou,z-zh	1
西部	xī bù	13487	j-q-x	1
一面	yī miàn	13488	ian-iang	1
广东	guǎng dōng	13489	uan-uang	1
依法	yī fǎ	13490	h-f	1
国外	guó wài	13491	ai-ei,ua-uo	1
山东	shān dōng	13492	an-ang,s-sh	1
多种	duō zhǒng	13495	ua-uo,z-zh	1
党委	dǎng wěi	13496	an-ang,ai-ei	1
东北	dōng běi	13497	ai-ei	1
亚洲	yà zhōu	13498	ao-ou,z-zh	1
河南	hé nán	13499	an-ang,n-l,h-f	1
上述	shàng shù	13500	an-ang,s-sh	1
别的	bié de	13501	ia-ie	1
用于	yòng yú	13502		1
全球	quán qiú	13504	uan-uang,j-q-x	1
法院	fǎ yuàn	13505	uan-uang,h-f	1
正文	zhèng wén	13506	en-eng,z-zh	1
长江	cháng jiāng	13508	an-ang,ian-iang,c-ch,j-q-x	1
多次	duō cì	13513	ua-uo,c-ch	1
中的	zhòng dì	13514	z-zh	1
一阵	yī zhèn	13515	en-eng,z-zh	1
深深	shēn shēn	13516	en-eng,s-sh	1
四川	sì chuān	13517	uan-uang,c-ch,s-sh	1
朝鲜	cháo xiān	13519	ian-iang,ao-ou,c-ch,j-q-x	1
非洲	fēi zhōu	13520	ai-ei,ao-ou,z-zh,h-f	1
加大	jiā dà	13521	ia-ie,j-q-x	1
所在	suǒ zài	13522	ai-ei,ua-uo,z-zh,s-sh	1
地上	dì shang	13523	an-ang,s-sh	1
使得	shǐ de	13524	s-sh	1
回去	huí qù	13525	h-f,j-q-x	1
黄河	huáng hé	13526	uan-uang,h-f	1
更为	gèng wéi	13527	en-eng,ai-ei	1
推出	tuī chū	13528	c-ch	1
交给	jiāo gěi	13529	ai-ei,j-q-x	1
跟着	gēn zhe	13530	en-eng,z-zh	1
立法	lì fǎ	13531	n-l,h-f,r-l	1
人数	rén shù	13532	en-eng,s-sh,r-l	1
村民	cūn mín	13533	in-ing,c-ch	1
收到	shōu dào	13534	ao-ou,s-sh	1
基金	jī jīn	13535	in-ing,j-q-x	1
院长	yuàn cháng	13538	an-ang,uan-uang,c-ch	1
远远	yuǎn yuǎn	13539	uan-uang	1
西藏	xī cáng	13540	an-ang,c-ch,j-q-x	1
浙江	zhè jiāng	13541	ian-iang,z-zh,j-q-x	1
男女	nán nǚ	13542	an-ang,n-l	1
司法	sī fǎ	13543	s-sh,h-f	1
总体	zǒng tǐ	13544	z-zh	1
近日	jìn rì	13546	in-ing,r-l,j-q-x	1
学会	xué huì	13547	h-f,j-q-x	1
图片	tú piàn	13548	ian-iang	1
在内	zài nèi	13549	ai-ei,z-zh,n-l	1
面向	miàn xiàng	13550	ian-iang,j-q-x	1
武汉	wǔ hàn	13551	an-ang,h-f	1
大门	dà mén	13552	en-eng	1
种种	zhǒng zhǒng	13553	z-zh	1
十一	shí yī	13554	s-sh	1
女性	nǚ xìng	13555	in-ing,n-l,j-q-x	1
增速	zēng sù	13556	en-eng,z-zh,s-sh	1
他人	tā rén	13557	en-eng,r-l	1
人大	rén dà	13558	en-eng,r-l	1
新疆	xīn jiāng	13559	in-ing,ian-iang,j-q-x	1
公安	gōng ān	13560	an-ang	1
现有	xiàn yǒu	13561	ian-iang,ao-ou,j-q-x	1
予以	yǔ yǐ	13562		1
产量	chǎn liàng	13563	an-ang,ian-iang,c-ch,n-l,r-l	1
由此	yóu cǐ	13566	ao-ou,c-ch	1
打破	dǎ pò	13568		1
韩国	hán guó	13569	an-ang,ua-uo,h-f	1
湖南	hú nán	13570	an-ang,n-l,h-f	1
真是	zhēn shi	13571	en-eng,z-zh,s-sh	1
个体	gè tǐ	13572		1
苏联	sū lián	13573	ian-iang,s-sh,n-l,r-l	1
县委	xiàn wěi	13575	ian-iang,ai-ei,j-q-x	1
之下	zhī xià	13577	ia-ie,z-zh,j-q-x	1
对外	duì wài	13578	ai-ei	1
药品	yào pǐn	13579	in-ing,ao-ou	1
一行	yī xíng	13580	in-ing,j-q-x	1
爱国	ài guó	13582	ai-ei,ua-uo	1
大队	dà duì	13583		1
出来	chū lái	13585	ai-ei,c-ch,n-l,r-l	1
雾霾	wù mái	13586	ai-ei	3
共有	gòng yǒu	13587	ao-ou	1
懂得	dǒng de	13588		1
西北	xī běi	13589	ai-ei,j-q-x	1
股指	gǔ zhǐ	13591	z-zh	1
来信	lái xìn	13592	in-ing,ai-ei,n-l,r-l,j-q-x	1
人人	rén rén	13593	en-eng,r-l	1
要闻	yào wén	13594	en-eng,ao-ou	1
好几	hǎo jǐ	13595	ao-ou,h-f,j-q-x	1
遭到	zāo dào	13596	ao-ou,z-zh	1
能否	néng fǒu	13597	en-eng,ao-ou,n-l,h-f	1
江苏	jiāng sū	13598	ian-iang,s-sh,j-q-x	1
各界	gè jiè	13600	ia-ie,j-q-x	1
税收	shuì shōu	13602	ao-ou,s-sh	1
权益	quán yì	13603	uan-uang,j-q-x	1
澳门	ào mén	13604	en-eng,ao-ou	1
乡镇	xiāng zhèn	13605	en-eng,ian-iang,z-zh,j-q-x	1
云南	yún nán	13606	an-ang,n-l	1
毫无	háo wú	13607	ao-ou,h-f	1
高校	gāo xiào	13609	ao-ou,j-q-x	1
内地	nèi dì	13611	ai-ei,n-l	1
周刊	zhōu kān	13613	an-ang,ao-ou,z-zh	1
哪儿	nǎ er	13615	n-l	1
西安	xī ān	13616	an-ang,j-q-x	1
得以	dé yǐ	13617		1
山西	shān xī	13618	an-ang,s-sh,j-q-x	1
之际	zhī jì	13619	z-zh,j-q-x	1
建国	jiàn guó	13620	ian-iang,ua-uo,j-q-x	1
杭州	háng zhōu	13621	an-ang,ao-ou,z-zh,h-f	1
林业	lín yè	13622	in-ing,n-l,r-l	1
听见	tīng jiàn	13623	in-ing,ian-iang,j-q-x	1
优化	yōu huà	13624	ao-ou,ua-uo,h-f	1
赢得	yíng dé	13625	in-ing	1
影片	yǐng piàn	13626	in-ing,ian-iang	1
中共	zhōng gòng	13627	z-zh	1
成都	chéng dōu	13628	en-eng,ao-ou,c-ch	1
双手	shuāng shǒu	13629	uan-uang,ao-ou,s-sh	1
论坛	lùn tán	13630	an-ang,n-l,r-l	1
工会	gōng huì	13631	h-f	1
欧盟	ōu méng	13632	en-eng,ao-ou	1
达成	dá chéng	13633	en-eng,c-ch	1
扶贫	fú pín	13634	in-ing,h-f	1
福建	fú jiàn	13635	ian-iang,h-f,j-q-x	1
前往	qián wǎng	13636	an-ang,ian-iang,j-q-x	1
说道	shuō dào	13638	ao-ou,ua-uo,s-sh	1
广西	guǎng xī	13639	uan-uang,j-q-x	1
巴黎	bā lí	13640	n-l,r-l	1
外资	wài zī	13641	ai-ei,z-zh	1
有机	yǒu jī	13643	ao-ou,j-q-x	1
东部	dōng bù	13644		1
河北	hé běi	13645	ai-ei,h-f	1
人事	rén shì	13646	en-eng,s-sh,r-l	1
电力	diàn lì	13647	ian-iang,n-l,r-l	1
饭店	fàn diàn	13648	an-ang,ian-iang,h-f	1
境内	jìng nèi	13650	in-ing,ai-ei,n-l,j-q-x	1
上市	shàng shì	13651	an-ang,s-sh	1
同期	tóng qī	13652	j-q-x	1
再说	zài shuō	13653	ai-ei,ua-uo,z-zh,s-sh	1
网上	wǎng shàng	13654	an-ang,s-sh	1
算是	suàn shì	13655	uan-uang,s-sh	1
剩下	shèng xià	13656	en-eng,ia-ie,s-sh,j-q-x	1
乃至	nǎi zhì	13657	ai-ei,z-zh,n-l	1
经贸	jīng mào	13658	in-ing,ao-ou,j-q-x	1
会长	huì cháng	13659	an-ang,c-ch,h-f	1
未能	wèi néng	13660	en-eng,ai-ei,n-l	1
专项	zhuān xiàng	13662	ian-iang,uan-uang,z-zh,j-q-x	1
赶到	gǎn dào	13664	an-ang,ao-ou	1
陕西	shǎn xī	13665	an-ang,s-sh,j-q-x	1
常委	cháng wěi	13666	an-ang,ai-ei,c-ch	1
农户	nóng hù	13669	n-l,h-f	1
叫做	jiào zuò	13670	ua-uo,z-zh,j-q-x	1
正如	zhèng rú	13671	en-eng,z-zh,r-l	1
审议	shěn yì	13672	en-eng,s-sh	1
湖北	hú běi	13673	ai-ei,h-f	1
拉开	lā kāi	13674	ai-ei,n-l,r-l	1
出于	chū yú	13676	c-ch	1
主办	zhǔ bàn	13678	an-ang,z-zh	1
最佳	zuì jiā	13680	ia-ie,z-zh,j-q-x	1
总量	zǒng liàng	13681	ian-iang,z-zh,n-l,r-l	1
工商	gōng shāng	13683	an-ang,s-sh	1
此后	cǐ hòu	13684	ao-ou,c-ch,h-f	1
航母	háng mǔ	13685	an-ang,h-f	1
不用	bù yòng	13686		1
带有	dài yǒu	13687	ai-ei,ao-ou	1
全局	quán jú	13689	uan-uang,j-q-x	1
公众	gōng zhòng	13690	z-zh	1
绿化	lǜ huà	13691	ua-uo,n-l,h-f,r-l	1
江西	jiāng xī	13692	ian-iang,j-q-x	1
哪些	nǎ xiē	13693	ia-ie,n-l,j-q-x	1
下乡	xià xiāng	13695	ian-iang,ia-ie,j-q-x	1
城里	chéng lǐ	13698	en-eng,c-ch,n-l,r-l	1
小雨	xiǎo yǔ	13699	j-q-x	1
航空	háng kōng	13700	an-ang,h-f	1
微信	wēi xìn	13701	in-ing,ai-ei,j-q-x	1
一口	yī kǒu	13702	ao-ou	1
安徽	ān huī	13703	an-ang,h-f	1
上年	shàng nián	13704	an-ang,ian-iang,s-sh,n-l	1
截至	jié zhì	13705	ia-ie,z-zh,j-q-x	1
中东	zhōng dōng	13706	z-zh	1
笔者	bǐ zhě	13707	z-zh	1
英语	yīng yǔ	13708	in-ing	1
分类	fēn lèi	13710	en-eng,ai-ei,n-l,h-f,r-l	1
财务	cái wù	13711	ai-ei,c-ch	1
总额	zǒng é	13712	z-zh	1
产权	chǎn quán	13713	an-ang,uan-uang,c-ch,j-q-x	1
及其	jí qí	13714	j-q-x	1
各方	gè fāng	13715	an-ang,h-f	1
市值	shì zhí	13716	z-zh,s-sh	1
较为	jiào wéi	13718	ai-ei,j-q-x	1
东京	dōng jīng	13719	in-ing,j-q-x	1
副刊	fù kān	13721	an-ang,h-f	1
南部	nán bù	13722	an-ang,n-l	1
产能	chǎn néng	13723	en-eng,an-ang,c-ch,n-l	1
本地	běn dì	13724	en-eng	1
处在	chǔ zài	13725	ai-ei,z-zh,c-ch	1
泰国	tài guó	13726	ai-ei,ua-uo	1
人力	rén lì	13727	en-eng,n-l,r-l	1
降水	jiàng shuǐ	13728	ian-iang,s-sh,j-q-x	1
军区	jūn qū	13729	j-q-x	1
越南	yuè nán	13730	an-ang,n-l	1
埃及	āi jí	13731	ai-ei,j-q-x	1
原有	yuán yǒu	13733	uan-uang,ao-ou	1
多年	duō nián	13734	ian-iang,ua-uo,n-l	1
龙头	lóng tóu	13737	ao-ou,n-l,r-l	1
付出	fù chū	13738	c-ch,h-f	1
沈阳	shěn yáng	13739	en-eng,an-ang,s-sh	1
地质	dì zhì	13740	z-zh	1
最为	zuì wéi	13742	ai-ei,z-zh	1
海上	hǎi shàng	13743	an-ang,ai-ei,s-sh,h-f	1
当中	dāng zhōng	13744	an-ang,z-zh	1
专题	zhuān tí	13745	uan-uang,z-zh	1
眼里	yǎn li	13746	an-ang,n-l,r-l	1
全年	quán nián	13747	ian-iang,uan-uang,n-l,j-q-x	1
沿着	yán zhe	13748	an-ang,z-zh	1
年底	nián dǐ	13750	ian-iang,n-l	1
好好	hǎo hǎo	13752	ao-ou,h-f	1
举措	jǔ cuò	13753	ua-uo,c-ch,j-q-x	1
刑事	xíng shì	13754	in-ing,s-sh,j-q-x	1
日报	rì bào	13756	ao-ou,r-l	1
而已	ér yǐ	13757		1
而言	ér yán	13758	an-ang	1
辽宁	liáo níng	13760	in-ing,n-l,r-l	1
邪教	xié jiào	13761	ia-ie,j-q-x	1
列入	liè rù	13762	ia-ie,n-l,r-l	1
天天	tiān tiān	13764	ian-iang	1
高于	gāo yú	13765	ao-ou	1
运作	yùn zuò	13766	ua-uo,z-zh	1
证券	zhèng quàn	13767	en-eng,uan-uang,z-zh,j-q-x	1
西南	xī nán	13768	an-ang,n-l,j-q-x	1
此间	cǐ jiān	13769	ian-iang,c-ch,j-q-x	1
一方	yī fāng	13771	an-ang,h-f	1
治国	zhì guó	13773	ua-uo,z-zh	1
视为	shì wéi	13774	ai-ei,s-sh	1
老汉	lǎo hàn	13775	an-ang,ao-ou,n-l,h-f,r-l	1
顾问	gù wèn	13776	en-eng	1
业界	yè jiè	13777	ia-ie,j-q-x	1
济南	jì nán	13778	an-ang,n-l,j-q-x	1
疫情	yì qíng	13779	in-ing,j-q-x	1
党政	dǎng zhèng	13781	en-eng,an-ang,z-zh	1
上证	shàng zhèng	13782	en-eng,an-ang,z-zh,s-sh	1
与会	yù huì	13783	h-f	1
实事	shí shì	13784	s-sh	1
本届	běn jiè	13786	en-eng,ia-ie,j-q-x	1
晚会	wǎn huì	13787	an-ang,h-f	1
罚款	fá kuǎn	13789	uan-uang,h-f	1
一级	yī jí	13790	j-q-x	1
东盟	dōng méng	13791	en-eng	1
华人	huá rén	13792	en-eng,ua-uo,h-f,r-l	1
视点	shì diǎn	13793	ian-iang,s-sh	1
北部	běi bù	13794	ai-ei	1
早就	zǎo jiù	13795	ao-ou,z-zh,j-q-x	1
球员	qiú yuán	13796	uan-uang,j-q-x	1
班子	bān zi	13797	an-ang,z-zh	1
审计	shěn jì	13798	en-eng,s-sh,j-q-x	1
低于	dī yú	13799		1
长沙	cháng shā	13806	an-ang,c-ch,s-sh	1
市区	shì qū	13808	s-sh,j-q-x	1
不下	bù xià	13809	ia-ie,j-q-x	1
近年	jìn nián	13810	in-ing,ian-iang,n-l,j-q-x	1
增进	zēng jìn	13811	en-eng,in-ing,z-zh,j-q-x	1
百年	bǎi nián	13812	ian-iang,ai-ei,n-l	1
可谓	kě wèi	13813	ai-ei	1
民营	mín yíng	13814	in-ing	1
大赛	dà sài	13816	ai-ei,s-sh	1
至此	zhì cǐ	13817	z-zh,c-ch	1
常务	cháng wù	13818	an-ang,c-ch	1
重建	chóng jiàn	13819	ian-iang,c-ch,j-q-x	1
不利	bù lì	13820	n-l,r-l	1
外部	wài bù	13822	ai-ei	1
长大	cháng dà	13823	an-ang,c-ch	1
增多	zēng duō	13826	en-eng,ua-uo,z-zh	1
全民	quán mín	13827	in-ing,uan-uang,j-q-x	1
一贯	yī guàn	13828	uan-uang	1
专用	zhuān yòng	13829	uan-uang,z-zh	1
为期	wéi qī	13830	ai-ei,j-q-x	1
外商	wài shāng	13831	an-ang,ai-ei,s-sh	1
申购	shēn gòu	13832	en-eng,ao-ou,s-sh	1
阵地	zhèn dì	13833	en-eng,z-zh	1
新建	xīn jiàn	13834	in-ing,ian-iang,j-q-x	1
初期	chū qī	13835	c-ch,j-q-x	1
此事	cǐ shì	13836	c-ch,s-sh	1
车间	chē jiān	13838	ian-iang,c-ch,j-q-x	1
党建	dǎng jiàn	13840	an-ang,ian-iang,j-q-x	1
昆明	kūn míng	13842	in-ing	1
政委	zhèng wěi	13843	en-eng,ai-ei,z-zh	1
自治	zì zhì	13845	z-zh	1
球队	qiú duì	13846	j-q-x	1
那边	nà bian	13848	ian-iang,n-l	1
男友	nán yǒu	13852	an-ang,ao-ou,n-l	1
贵州	guì zhōu	13853	ao-ou,z-zh	1
税务	shuì wù	13854	s-sh	1
大哥	dà gē	13855		1
早日	zǎo rì	13856	ao-ou,z-zh,r-l	1
伦敦	lún dūn	13857	n-l,r-l	1
事项	shì xiàng	13858	ian-iang,s-sh,j-q-x	1
一一	yī yī	13859		1
百万	bǎi wàn	13860	an-ang,ai-ei	1
开通	kāi tōng	13861	ai-ei	1
蒙古	méng gǔ	13862	en-eng	1
党风	dǎng fēng	13863	en-eng,an-ang,h-f	1
总部	zǒng bù	13864	z-zh	1
全军	quán jūn	13866	uan-uang,j-q-x	1
之内	zhī nèi	13867	ai-ei,z-zh,n-l	1
评为	píng wéi	13869	in-ing,ai-ei	1
重组	chóng zǔ	13870	z-zh,c-ch	1
享有	xiǎng yǒu	13871	ian-iang,ao-ou,j-q-x	1
国王	guó wáng	13872	an-ang,ua-uo	1
宁夏	níng xià	13873	in-ing,ia-ie,n-l,j-q-x	1
变为	biàn wéi	13874	ian-iang,ai-ei	1
北约	běi yuē	13875	ai-ei	1
污水	wū shuǐ	13876	s-sh	1
处长	chǔ cháng	13878	an-ang,c-ch	1
夺得	duó dé	13879	ua-uo	1
街头	jiē tóu	13880	ao-ou,ia-ie,j-q-x	1
南非	nán fēi	13881	an-ang,ai-ei,n-l,h-f	1
民兵	mín bīng	13882	in-ing	1
买家	mǎi jiā	13884	ai-ei,ia-ie,j-q-x	1
组长	zǔ cháng	13885	an-ang,z-zh,c-ch	1
所得	suǒ dé	13886	ua-uo,s-sh	1
海南	hǎi nán	13887	an-ang,ai-ei,n-l,h-f	1
含有	hán yǒu	13888	an-ang,ao-ou,h-f	1
外贸	wài mào	13889	ai-ei,ao-ou	1
特区	tè qū	13890	j-q-x	1
海水	hǎi shuǐ	13891	ai-ei,s-sh,h-f	1
一体	yī tǐ	13893		1
小事	xiǎo shì	13894	s-sh,j-q-x	1
信访	xìn fǎng	13896	in-ing,an-ang,h-f,j-q-x	1
办学	bàn xué	13897	an-ang,j-q-x	1
临床	lín chuáng	13898	in-ing,uan-uang,c-ch,n-l,r-l	1
立足	lì zú	13899	z-zh,n-l,r-l	1
大海	dà hǎi	13900	ai-ei,h-f	1
周边	zhōu biān	13901	ian-iang,ao-ou,z-zh	1
科教	kē jiào	13905	j-q-x	1
支队	zhī duì	13906	z-zh	1
提案	tí àn	13907	an-ang	1
战线	zhàn xiàn	13909	an-ang,ian-iang,z-zh,j-q-x	1
国会	guó huì	13910	ua-uo,h-f	1
县长	xiàn cháng	13912	an-ang,ian-iang,c-ch,j-q-x	1
小子	xiǎo zǐ	13913	z-zh,j-q-x	1
实用	shí yòng	13915	s-sh	1
不易	bù yì	13916		1
特大	tè dà	13917		1
年初	nián chū	13918	ian-iang,c-ch,n-l	1
抗战	kàng zhàn	13919	an-ang,z-zh	1
分局	fēn jú	13920	en-eng,h-f,j-q-x	1
造林	zào lín	13921	in-ing,ao-ou,z-zh,n-l,r-l	1
从未	cóng wèi	13923	ai-ei,c-ch	1
小区	xiǎo qū	13924	j-q-x	1
疾控	jí kòng	13925	j-q-x	1
协定	xié dìng	13926	in-ing,ia-ie,j-q-x	1
超越	chāo yuè	13928	ao-ou,c-ch	1
夜里	yè lǐ	13929	n-l,r-l	1
公社	gōng shè	13930	s-sh	1
路子	lù zi	13931	z-zh,n-l,r-l	1
政务	zhèng wù	13932	en-eng,z-zh	1
议长	yì zhǎng	13933	an-ang,z-zh	1
不然	bù rán	13934	an-ang,r-l	1
一度	yī dù	13935		1
郑州	zhèng zhōu	13936	en-eng,ao-ou,z-zh	1
英文	yīng wén	13937	en-eng,in-ing	1
警方	jǐng fāng	13938	in-ing,an-ang,h-f,j-q-x	1
天上	tiān shàng	13939	an-ang,ian-iang,s-sh	1
室内	shì nèi	13940	ai-ei,s-sh,n-l	1
法定	fǎ dìng	13941	in-ing,h-f	1
甘肃	gān sù	13943	an-ang,s-sh	1
不由	bù yóu	13944	ao-ou	1
退耕	tuì gēng	13947	en-eng	1
一线	yī xiàn	13948	ian-iang,j-q-x	1
社员	shè yuán	13949	uan-uang,s-sh	1
出国	chū guó	13951	ua-uo,c-ch	1
拉动	lā dòng	13952	n-l,r-l	1
算了	suàn le	13953	uan-uang,s-sh,n-l,r-l	1
为此	wèi cǐ	13954	ai-ei,c-ch	1
之上	zhī shàng	13955	an-ang,z-zh,s-sh	1
议案	yì àn	13956	an-ang	1
法人	fǎ rén	13957	en-eng,h-f,r-l	1
一代	yī dài	13959	ai-ei	1
首届	shǒu jiè	13960	ao-ou,ia-ie,s-sh,j-q-x	1
大军	dà jūn	13961	j-q-x	1
老爷	lǎo ye	13962	ao-ou,n-l,r-l	1
会员	huì yuán	13964	uan-uang,h-f	1
印尼	yìn ní	13965	in-ing,n-l	1
施行	shī xíng	13966	in-ing,s-sh,j-q-x	1
若是	ruò shì	13967	ua-uo,s-sh,r-l	1
早期	zǎo qī	13968	ao-ou,z-zh,j-q-x	1
肺炎	fèi yán	13969	an-ang,ai-ei,h-f	1
进而	jìn ér	13970	in-ing,j-q-x	1
上门	shàng mén	13971	en-eng,an-ang,s-sh	1
整改	zhěng gǎi	13972	en-eng,ai-ei,z-zh	1
长春	cháng chūn	13973	an-ang,c-ch	1
大幅	dà fú	13974	h-f	1
福州	fú zhōu	13975	ao-ou,z-zh,h-f	1
互利	hù lì	13976	n-l,h-f,r-l	1
地处	dì chǔ	13977	c-ch	1
利于	lì yú	13979	n-l,r-l	1
私营	sī yíng	13980	in-ing,s-sh	1
院校	yuàn xiào	13981	uan-uang,j-q-x	1
荷兰	hé lán	13982	an-ang,n-l,h-f,r-l	1
全都	quán dōu	13983	uan-uang,ao-ou,j-q-x	1
自家	zì jiā	13984	ia-ie,z-zh,j-q-x	1
着重	zhuó zhòng	13986	ua-uo,z-zh	1
边防	biān fáng	13987	an-ang,ian-iang,h-f	1
中部	zhōng bù	13988	z-zh	1
新兴	xīn xīng	13989	in-ing,j-q-x	1
希腊	xī là	13990	n-l,r-l,j-q-x	1
办案	bàn àn	13992	an-ang	1
抗日	kàng rì	13993	an-ang,r-l	1
东亚	dōng yà	13994		1
当日	dāng rì	13995	an-ang,r-l	1
大爷	dà ye	13996		1
总裁	zǒng cái	13997	ai-ei,z-zh,c-ch	1
太原	tài yuán	13998	uan-uang,ai-ei	1
单一	dān yī	13999	an-ang	1
养老	yǎng lǎo	14000	an-ang,ao-ou,n-l,r-l	1
党组	dǎng zǔ	14001	an-ang,z-zh	1
八一	bā yī	14002		1
指数	zhǐ shù	14004	z-zh,s-sh	1
内阁	nèi gé	14005	ai-ei,n-l	1
节水	jié shuǐ	14006	ia-ie,s-sh,j-q-x	1
招生	zhāo shēng	14007	en-eng,ao-ou,z-zh,s-sh	1
景区	jǐng qū	14008	in-ing,j-q-x	1
增产	zēng chǎn	14009	en-eng,an-ang,z-zh,c-ch	1
干警	gàn jǐng	14010	in-ing,an-ang,j-q-x	1
国债	guó zhài	14011	ai-ei,ua-uo,z-zh	1
向上	xiàng shàng	14012	an-ang,ian-iang,s-sh,j-q-x	1
不及	bù jí	14014	j-q-x	1
境外	jìng wài	14015	in-ing,ai-ei,j-q-x	1
就此	jiù cǐ	14016	c-ch,j-q-x	1
青海	qīng hǎi	14017	in-ing,ai-ei,h-f,j-q-x	1
年前	nián qián	14019	ian-iang,n-l,j-q-x	1
吉林	jí lín	14020	in-ing,n-l,r-l,j-q-x	1
估值	gū zhí	14021	z-zh	1
大楼	dà lóu	14022	ao-ou,n-l,r-l	1
下列	xià liè	14023	ia-ie,n-l,r-l,j-q-x	1
环比	huán bǐ	14024	uan-uang,h-f	1
民事	mín shì	14025	in-ing,s-sh	1
实效	shí xiào	14026	s-sh,j-q-x	1
城区	chéng qū	14027	en-eng,c-ch,j-q-x	1
深受	shēn shòu	14029	en-eng,ao-ou,s-sh	1
签字	qiān zì	14030	ian-iang,z-zh,j-q-x	1
用来	yòng lái	14031	ai-ei,n-l,r-l	1
歌声	gē shēng	14032	en-eng,s-sh	1
欧元	ōu yuán	14033	uan-uang,ao-ou	1
强度	qiáng dù	14036	ian-iang,j-q-x	1
国产	guó chǎn	14037	an-ang,ua-uo,c-ch	1
制品	zhì pǐn	14038	in-ing,z-zh	1
七一	qī yī	14040	j-q-x	1
太子	tài zǐ	14041	ai-ei,z-zh	1
兰州	lán zhōu	14043	an-ang,ao-ou,z-zh,n-l,r-l	1
自行	zì xíng	14044	in-ing,z-zh,j-q-x	1
改制	gǎi zhì	14045	ai-ei,z-zh	1
注入	zhù rù	14046	z-zh,r-l	1
驻华	zhù huá	14047	ua-uo,z-zh,h-f	1
伸手	shēn shǒu	14048	en-eng,ao-ou,s-sh	1
发电	fā diàn	14049	ian-iang,h-f	1
不定	bù dìng	14050	in-ing	1
点儿	diǎn er	14051	ian-iang	1
奖金	jiǎng jīn	14052	in-ing,ian-iang,j-q-x	1
本国	běn guó	14053	en-eng,ua-uo	1
师生	shī shēng	14054	en-eng,s-sh	1
军眷	jūn juàn	14055	uan-uang,j-q-x	1
历陈	lì chén	14056	en-eng,c-ch,n-l,r-l	1
违纪	wéi jì	14057	ai-ei,j-q-x	1
化工	huà gōng	14058	ua-uo,h-f	1
花钱	huā qián	14059	ian-iang,ua-uo,h-f,j-q-x	1
营销	yíng xiāo	14060	in-ing,j-q-x	1
收取	shōu qǔ	14061	ao-ou,s-sh,j-q-x	1
罢了	bà le	14062	n-l,r-l	1
民办	mín bàn	14063	in-ing,an-ang	1
融资	róng zī	14064	z-zh,r-l	1
政法	zhèng fǎ	14065	en-eng,z-zh,h-f	1
呼声	hū shēng	14066	en-eng,s-sh,h-f	1
老年	lǎo nián	14067	ian-iang,ao-ou,n-l,r-l	1
增幅	zēng fú	14068	en-eng,z-zh,h-f	1
眼看	yǎn kàn	14071	an-ang	1
此前	cǐ qián	14075	ian-iang,c-ch,j-q-x	1
税费	shuì fèi	14076	ai-ei,s-sh,h-f	1
输出	shū chū	14077	c-ch,s-sh	1
开门	kāi mén	14078	en-eng,ai-ei	1
时空	shí kōng	14079	s-sh	1
有害	yǒu hài	14080	ai-ei,ao-ou,h-f	1
即可	jí kě	14081	j-q-x	1
省区	shěng qū	14082	en-eng,s-sh,j-q-x	1
将士	jiàng shì	14085	ian-iang,s-sh,j-q-x	1
干事	gàn shi	14087	an-ang,s-sh	1
长官	zhǎng guān	14088	an-ang,uan-uang,z-zh	1
民航	mín háng	14089	in-ing,an-ang,h-f	1
入党	rù dǎng	14092	an-ang,r-l	1
收回	shōu huí	14093	ao-ou,s-sh,h-f	1
态势	tài shì	14094	ai-ei,s-sh	1
台上	tái shàng	14095	an-ang,ai-ei,s-sh	1
旨在	zhǐ zài	14096	ai-ei,z-zh	1
记住	jì zhù	14097	z-zh,j-q-x	1
东南	dōng nán	14098	an-ang,n-l	1
稳步	wěn bù	14099	en-eng	1
日趋	rì qū	14100	r-l,j-q-x	1
未经	wèi jīng	14101	in-ing,ai-ei,j-q-x	1
古城	gǔ chéng	14102	en-eng,c-ch	1
总队	zǒng duì	14103	z-zh	1
心想	xīn xiǎng	14105	in-ing,ian-iang,j-q-x	1
发票	fā piào	14108	h-f	1
走访	zǒu fǎng	14109	an-ang,ao-ou,z-zh,h-f	1
体坛	tǐ tán	14110	an-ang	1
立案	lì àn	14111	an-ang,n-l,r-l	1
通用	tōng yòng	14112		1
为首	wéi shǒu	14113	ai-ei,ao-ou,s-sh	1
击败	jī bài	14114	ai-ei,j-q-x	1
管道	guǎn dào	14115	uan-uang,ao-ou	1
五一	wǔ yī	14116		1
大户	dà hù	14117	h-f	1
华北	huá běi	14118	ai-ei,ua-uo,h-f	1
地主	dì zhǔ	14119	z-zh	1
笑声	xiào shēng	14120	en-eng,s-sh,j-q-x	1
团购	tuán gòu	14121	uan-uang,ao-ou	1
村子	cūn zi	14123	z-zh,c-ch	1
核查	hé chá	14124	c-ch,h-f	1
微博	wēi bó	14125	ai-ei	1
平跟	píng gēn	14126	en-eng,in-ing	1
军民	jūn mín	14127	in-ing,j-q-x	1
医务	yī wù	14129		1
乃是	nǎi shì	14130	ai-ei,s-sh,n-l	1
纳税	nà shuì	14131	s-sh,n-l	1
高温	gāo wēn	14132	en-eng,ao-ou	1
既是	jì shì	14134	s-sh,j-q-x	1
三农	sān nóng	14136	an-ang,s-sh,n-l	1
渔业	yú yè	14138		1
急需	jí xū	14139	j-q-x	1
多边	duō biān	14141	ian-iang,ua-uo	1
每当	měi dāng	14142	an-ang,ai-ei	1
棋手	qí shǒu	14144	ao-ou,s-sh,j-q-x	1
狠抓	hěn zhuā	14145	en-eng,ua-uo,z-zh,h-f	1
推开	tuī kāi	14146	ai-ei	1
本月	běn yuè	14147	en-eng	1
支部	zhī bù	14150	z-zh	1
水质	shuǐ zhì	14151	z-zh,s-sh	1
当成	dàng chéng	14153	en-eng,an-ang,c-ch	1
口岸	kǒu àn	14154	an-ang,ao-ou	1
原油	yuán yóu	14155	uan-uang,ao-ou	1
库区	kù qū	14156	j-q-x	1
责令	zé lìng	14157	in-ing,z-zh,n-l,r-l	1
速递	sù dì	14158	s-sh	1
股市	gǔ shì	14159	s-sh	1
车子	chē zi	14160	z-zh,c-ch	1
人身	rén shēn	14161	en-eng,s-sh,r-l	1
本着	běn zhe	14162	en-eng,z-zh	1
政绩	zhèng jì	14163	en-eng,z-zh,j-q-x	1
虽说	suī shuō	14165	ua-uo,s-sh	1
大业	dà yè	14167		1
赶上	gǎn shàng	14168	an-ang,s-sh	1
普查	pǔ chá	14170	c-ch	1
放开	fàng kāi	14171	an-ang,ai-ei,h-f	1
投产	tóu chǎn	14173	an-ang,ao-ou,c-ch	1
限购	xiàn gòu	14174	ian-iang,ao-ou,j-q-x	1
多样	duō yàng	14175	an-ang,ua-uo	1
获奖	huò jiǎng	14177	ian-iang,ua-uo,h-f,j-q-x	1
大姐	dà jiě	14179	ia-ie,j-q-x	1
国人	guó rén	14181	en-eng,ua-uo,r-l	1
强国	qiáng guó	14184	ian-iang,ua-uo,j-q-x	1
校车	xiào chē	14186	c-ch,j-q-x	1
商家	shāng jiā	14187	an-ang,ia-ie,s-sh,j-q-x	1
点击	diǎn jī	14189	ian-iang,j-q-x	1
木兰	mù lán	14190	an-ang,n-l,r-l	1
从严	cóng yán	14191	an-ang,c-ch	1
良性	liáng xìng	14192	in-ing,ian-iang,n-l,r-l,j-q-x	1
心上	xīn shàng	14193	in-ing,an-ang,s-sh,j-q-x	1
中期	zhōng qī	14194	z-zh,j-q-x	1
汉子	hàn zi	14196	an-ang,z-zh,h-f	1
走路	zǒu lù	14197	ao-ou,z-zh,n-l,r-l	1
拉美	lā měi	14198	ai-ei,n-l,r-l	1
购物	gòu wù	14199	ao-ou	1
病例	bìng lì	14201	in-ing,n-l,r-l	1
怎能	zěn néng	14202	en-eng,z-zh,n-l	1
远离	yuǎn lí	14203	uan-uang,n-l,r-l	1
电网	diàn wǎng	14204	an-ang,ian-iang	1
整天	zhěng tiān	14205	en-eng,ian-iang,z-zh	1
誉为	yù wéi	14206	ai-ei	1
可喜	kě xǐ	14207	j-q-x	1
美学	měi xué	14208	ai-ei,j-q-x	1
以至	yǐ zhì	14209	z-zh	1
国企	guó qǐ	14210	ua-uo,j-q-x	1
抽查	chōu chá	14211	ao-ou,c-ch	1
不已	bù yǐ	14212		1
胡子	hú zi	14213	z-zh,h-f	1
老挝	lǎo wō	14214	ao-ou,n-l,r-l	3
个中	gè zhōng	14215	z-zh	1
纪委	jì wěi	14216	ai-ei,j-q-x	1
财力	cái lì	14220	ai-ei,c-ch,n-l,r-l	1
越是	yuè shì	14221	s-sh	1
年均	nián jūn	14222	ian-iang,n-l,j-q-x	1
大于	dà yú	14223		1
前列	qián liè	14224	ian-iang,ia-ie,n-l,r-l,j-q-x	1
党校	dǎng xiào	14225	an-ang,j-q-x	1
构筑	gòu zhù	14226	ao-ou,z-zh	1
连队	lián duì	14227	ian-iang,n-l,r-l	1
向着	xiàng zhe	14229	ian-iang,z-zh,j-q-x	1
下发	xià fā	14230	ia-ie,h-f,j-q-x	1
考古	kǎo gǔ	14231	ao-ou	1
罗马	luó mǎ	14232	ua-uo,n-l,r-l	1
上访	shàng fǎng	14233	an-ang,s-sh,h-f	1
占地	zhàn dì	14235	an-ang,z-zh	1
便于	biàn yú	14236	ian-iang	1
妇人	fù rén	14237	en-eng,h-f,r-l	1
主场	zhǔ chǎng	14238	an-ang,z-zh,c-ch	1
同年	tóng nián	14240	ian-iang,n-l	1
途中	tú zhōng	14241	z-zh	1
维和	wéi hé	14242	ai-ei,h-f	1
油田	yóu tián	14244	ian-iang,ao-ou	1
先是	xiān shi	14245	ian-iang,s-sh,j-q-x	1
纪检	jì jiǎn	14246	ian-iang,j-q-x	1
谁知	shéi zhī	14247	ai-ei,z-zh,s-sh	1
养成	yǎng chéng	14248	en-eng,an-ang,c-ch	1
多项	duō xiàng	14249	ian-iang,ua-uo,j-q-x	1
业主	yè zhǔ	14251	z-zh	1
博弈	bó yì	14253		3
两手	liǎng shǒu	14255	ian-iang,ao-ou,s-sh,n-l,r-l	1
南昌	nán chāng	14256	an-ang,c-ch,n-l	1
淮河	huái hé	14257	h-f	1
播出	bō chū	14258	c-ch	1
不明	bù míng	14259	in-ing	1
里边	lǐ bian	14260	ian-iang,n-l,r-l	1
首位	shǒu wèi	14261	ai-ei,ao-ou,s-sh	1
增大	zēng dà	14265	en-eng,z-zh	1
原子	yuán zǐ	14266	uan-uang,z-zh	1
合肥	hé féi	14267	ai-ei,h-f	1
少爷	shào ye	14269	ao-ou,s-sh	1
债券	zhài quàn	14270	uan-uang,ai-ei,z-zh,j-q-x	1
投身	tóu shēn	14271	en-eng,ao-ou,s-sh	1
供水	gōng shuǐ	14272	s-sh	1
睡着	shuì zháo	14273	ao-ou,z-zh,s-sh	1
嫂子	sǎo zi	14275	ao-ou,z-zh,s-sh	1
输入	shū rù	14276	s-sh,r-l	1
太后	tài hòu	14277	ai-ei,ao-ou,h-f	1
年会	nián huì	14278	ian-iang,n-l,h-f	1
受灾	shòu zāi	14279	ai-ei,ao-ou,z-zh,s-sh	1
外边	wài bian	14281	ian-iang,ai-ei	1
不绝	bù jué	14282	j-q-x	1
拉萨	lā sà	14284	s-sh,n-l,r-l	1
入世	rù shì	14286	s-sh,r-l	1
主编	zhǔ biān	14288	ian-iang,z-zh	1
一眼	yī yǎn	14289	an-ang	1
帷幕	wéi mù	14290	ai-ei	1
步入	bù rù	14293	r-l	1
显出	xiǎn chū	14294	ian-iang,c-ch,j-q-x	1
持股	chí gǔ	14296	c-ch	1
降息	jiàng xī	14297	ian-iang,j-q-x	1
一新	yī xīn	14298	in-ing,j-q-x	1
过多	guò duō	14300	ua-uo	1
大娘	dà niáng	14302	ian-iang,n-l	1
重重	chóng chóng	14303	c-ch	1
严打	yán dǎ	14306	an-ang	1
打假	dǎ jiǎ	14308	ia-ie,j-q-x	1
仅有	jǐn yǒu	14311	in-ing,ao-ou,j-q-x	1
跌破	diē pò	14312	ia-ie	1
一举	yī jǔ	14313	j-q-x	1
战后	zhàn hòu	14315	an-ang,ao-ou,z-zh,h-f	1
蓝天	lán tiān	14316	an-ang,ian-iang,n-l,r-l	1
师长	shī zhǎng	14317	an-ang,z-zh,s-sh	1
南宁	nán níng	14318	in-ing,an-ang,n-l	1
土司	tǔ sī	14319	s-sh	1
纪实	jì shí	14320	s-sh,j-q-x	1
控股	kòng gǔ	14321		1
占用	zhàn yòng	14323	an-ang,z-zh	1
老区	lǎo qū	14324	ao-ou,n-l,r-l,j-q-x	1
赚钱	zhuàn qián	14325	ian-iang,uan-uang,z-zh,j-q-x	1
机组	jī zǔ	14327	z-zh,j-q-x	1
打下	dǎ xià	14328	ia-ie,j-q-x	1
再度	zài dù	14329	ai-ei,z-zh	1
两边	liǎng biān	14332	ian-iang,n-l,r-l	1
维权	wéi quán	14333	uan-uang,ai-ei,j-q-x	1
诸如	zhū rú	14334	z-zh,r-l	1
有事	yǒu shì	14335	ao-ou,s-sh	1
先行	xiān xíng	14336	in-ing,ian-iang,j-q-x	1
起头	qǐ tóu	14337	ao-ou,j-q-x	1
法子	fǎ zi	14338	z-zh,h-f	1
孔子	kǒng zǐ	14340	z-zh	1
远程	yuǎn chéng	14341	en-eng,uan-uang,c-ch	1
多久	duō jiǔ	14342	ua-uo,j-q-x	1
停牌	tíng pái	14343	in-ing,ai-ei	1
一世	yī shì	14344	s-sh	1
水电	shuǐ diàn	14345	ian-iang,s-sh	1
暂行	zàn xíng	14346	in-ing,an-ang,z-zh,j-q-x	1
测绘	cè huì	14347	c-ch,h-f	1
大豆	dà dòu	14349	ao-ou	1
重任	zhòng rèn	14350	en-eng,z-zh,r-l	1
话说	huà shuō	14352	ua-uo,s-sh,h-f	1
好评	hǎo píng	14355	in-ing,ao-ou,h-f	1
淡淡	dàn dàn	14356	an-ang	1
海湾	hǎi wān	14357	an-ang,ai-ei,h-f	1
出资	chū zī	14359	z-zh,c-ch	1
特困	tè kùn	14360		1
订单	dìng dān	14361	in-ing,an-ang	1
报收	bào shōu	14364	ao-ou,s-sh	1
牌子	pái zi	14365	ai-ei,z-zh	1
在座	zài zuò	14366	ai-ei,ua-uo,z-zh	1
家门	jiā mén	14368	en-eng,ia-ie,j-q-x	1
任期	rèn qī	14370	en-eng,r-l,j-q-x	1
民企	mín qǐ	14371	in-ing,j-q-x	1
超出	chāo chū	14373	ao-ou,c-ch	1
入学	rù xué	14375	r-l,j-q-x	1
二者	èr zhě	14376	z-zh	1
缅甸	miǎn diàn	14378	ian-iang	1
教员	jiào yuán	14379	uan-uang,j-q-x	1
部委	bù wěi	14380	ai-ei	1
章程	zhāng chéng	14381	en-eng,an-ang,z-zh,c-ch	1
竟是	jìng shì	14382	in-ing,s-sh,j-q-x	1
狠狠	hěn hěn	14383	en-eng,h-f	1
公交	gōng jiāo	14384	j-q-x	1
林木	lín mù	14388	in-ing,n-l,r-l	1
大嫂	dà sǎo	14389	ao-ou,s-sh	1
辖区	xiá qū	14390	ia-ie,j-q-x	1
车队	chē duì	14392	c-ch	1
两侧	liǎng cè	14393	ian-iang,c-ch,n-l,r-l	1
音像	yīn xiàng	14394	in-ing,ian-iang,j-q-x	1
妇联	fù lián	14396	ian-iang,n-l,h-f,r-l	1
剧目	jù mù	14398	j-q-x	1
不堪	bù kān	14399	an-ang	1
分行	fēn háng	14400	en-eng,an-ang,h-f	1
党性	dǎng xìng	14401	in-ing,an-ang,j-q-x	1
抗旱	kàng hàn	14402	an-ang,h-f	1
实体	shí tǐ	14403	s-sh	1
昨晚	zuó wǎn	14404	an-ang,ua-uo,z-zh	1
侵权	qīn quán	14407	in-ing,uan-uang,j-q-x	1
叶子	yè zi	14408	z-zh	1
大片	dà piàn	14409	ian-iang	1
下属	xià shǔ	14411	ia-ie,s-sh,j-q-x	1
报社	bào shè	14412	ao-ou,s-sh	1
岂不	qǐ bù	14413	j-q-x	1
电商	diàn shāng	14414	an-ang,ian-iang,s-sh	1
日元	rì yuán	14415	uan-uang,r-l	1
个个	gè gè	14416		1
房门	fáng mén	14417	en-eng,an-ang,h-f	1
心声	xīn shēng	14418	en-eng,in-ing,s-sh,j-q-x	1
黄土	huáng tǔ	14420	uan-uang,h-f	1
银川	yín chuān	14422	in-ing,uan-uang,c-ch	1
某个	mǒu gè	14423	ao-ou	1
做主	zuò zhǔ	14424	ua-uo,z-zh	1
合力	hé lì	14426	n-l,h-f,r-l	1
伙子	huǒ zi	14427	ua-uo,z-zh,h-f	1
备案	bèi àn	14428	an-ang,ai-ei	1
内政	nèi zhèng	14429	en-eng,ai-ei,z-zh,n-l	1
台北	tái běi	14430	ai-ei	1
彩电	cǎi diàn	14431	ian-iang,ai-ei,c-ch	1
供电	gōng diàn	14433	ian-iang	1
加之	jiā zhī	14434	ia-ie,z-zh,j-q-x	1
大雨	dà yǔ	14436		1
无声	wú shēng	14438	en-eng,s-sh	1
大好	dà hǎo	14439	ao-ou,h-f	1
自发	zì fā	14441	z-zh,h-f	1
郊区	jiāo qū	14442	j-q-x	1
市里	shì lǐ	14443	s-sh,n-l,r-l	1
农资	nóng zī	14444	z-zh,n-l	1
贵阳	guì yáng	14445	an-ang	1
增持	zēng chí	14447	en-eng,z-zh,c-ch	1
三角	sān jiǎo	14448	an-ang,s-sh,j-q-x	1
暗暗	àn àn	14450	an-ang	1
波动	bō dòng	14451		1
满堂	mǎn táng	14454	an-ang	1
分成	fēn chéng	14455	en-eng,c-ch,h-f	1
林场	lín chǎng	14456	in-ing,an-ang,c-ch,n-l,r-l	1
曼谷	màn gǔ	14457	an-ang	1
藏族	zàng zú	14459	an-ang,z-zh	1
港澳	gǎn gào	14461	an-ang,ao-ou	1
转型	zhuǎn xíng	14462	in-ing,uan-uang,z-zh,j-q-x	1
设有	shè yǒu	14463	ao-ou,s-sh	1
登山	dēng shān	14464	en-eng,an-ang,s-sh	1
流血	liú xuè	14465	n-l,r-l,j-q-x	1
风向	fēng xiàng	14466	en-eng,ian-iang,h-f,j-q-x	1
每逢	měi féng	14467	en-eng,ai-ei,h-f	1
不容	bù róng	14469	r-l	1
赛季	sài jì	14470	ai-ei,s-sh,j-q-x	1
半岛	bàn dǎo	14472	an-ang,ao-ou	1
进场	jìn chǎng	14474	in-ing,an-ang,c-ch,j-q-x	1
公报	gōng bào	14477	ao-ou	1
血肉	xuè ròu	14478	ao-ou,r-l,j-q-x	1
医护	yī hù	14480	h-f	1
年产	nián chǎn	14482	an-ang,ian-iang,c-ch,n-l	1
男性	nán xìng	14483	in-ing,an-ang,n-l,j-q-x	1
小声	xiǎo shēng	14485	en-eng,s-sh,j-q-x	1
发帖	fā tiě	14486	ia-ie,h-f	1
驻地	zhù dì	14488	z-zh	1
结算	jié suàn	14492	uan-uang,ia-ie,s-sh,j-q-x	1
高山	gāo shān	14493	an-ang,ao-ou,s-sh	1
大风	dà fēng	14494	en-eng,h-f	1
年内	nián nèi	14495	ian-iang,ai-ei,n-l	1
大部	dà bù	14497		1
受过	shòu guò	14498	ao-ou,ua-uo,s-sh	1
永不	yǒng bù	14499		1
学费	xué fèi	14502	ai-ei,h-f,j-q-x	1
大妈	dà mā	14503		1
后期	hòu qī	14505	ao-ou,h-f,j-q-x	1
上山	shàng shān	14506	an-ang,s-sh	1
无形	wú xíng	14507	in-ing,j-q-x	1
中队	zhōng duì	14508	z-zh	1
指明	zhǐ míng	14509	in-ing,z-zh	1
余额	yú é	14510		1
普法	pǔ fǎ	14511	h-f	1
德育	dé yù	14512		1
河边	hé biān	14513	ian-iang,h-f	1
女足	nǚ zú	14514	z-zh,n-l	1
生成	shēng chéng	14515	en-eng,c-ch,s-sh	1
特刊	tè kān	14516	an-ang	1
前期	qián qī	14517	ian-iang,j-q-x	1
子弟	zǐ dì	14518	z-zh	1
从实	cóng shí	14519	c-ch,s-sh	1
事宜	shì yí	14520	s-sh	1
散户	sǎn hù	14521	an-ang,s-sh,h-f	1
治沙	zhì shā	14522	z-zh,s-sh	1
挂牌	guà pái	14523	ai-ei,ua-uo	1
攻坚	gōng jiān	14524	ian-iang,j-q-x	1
全会	quán huì	14525	uan-uang,h-f,j-q-x	1
看好	kàn hǎo	14526	an-ang,ao-ou,h-f	1
医保	yī bǎo	14527	ao-ou	1
传销	chuán xiāo	14529	uan-uang,c-ch,j-q-x	1
负有	fù yǒu	14530	ao-ou,h-f	1
案子	àn zi	14531	an-ang,z-zh	1
版次	bǎn cì	14533	an-ang,c-ch	1
劲儿	jìn er	14534	in-ing,j-q-x	1
聚焦	jù jiāo	14535	j-q-x	1
海口	hǎi kǒu	14537	ai-ei,ao-ou,h-f	1
决不	jué bù	14539	j-q-x	1
电站	diàn zhàn	14540	an-ang,ian-iang,z-zh	1
起伏	qǐ fú	14542	h-f,j-q-x	1
共建	gòng jiàn	14543	ian-iang,j-q-x	1
不服	bù fú	14544	h-f	1
有望	yǒu wàng	14545	an-ang,ao-ou	1
水位	shuǐ wèi	14546	ai-ei,s-sh	1
以内	yǐ nèi	14547	ai-ei,n-l	1
禁毒	jìn dú	14548	in-ing,j-q-x	1
宣讲	xuān jiǎng	14549	ian-iang,uan-uang,j-q-x	1
后边	hòu bian	14550	ian-iang,ao-ou,h-f	1
半夜	bàn yè	14552	an-ang	1
年间	nián jiān	14554	ian-iang,n-l,j-q-x	1
知青	zhī qīng	14555	in-ing,z-zh,j-q-x	1
有无	yǒu wú	14556	ao-ou	1
自律	zì lǜ	14557	z-zh,n-l,r-l	1
分流	fēn liú	14559	en-eng,n-l,h-f,r-l	1
党报	dǎng bào	14560	an-ang,ao-ou	1
柏林	bó lín	14561	in-ing,n-l,r-l	1
共计	gòng jì	14562	j-q-x	1
官网	guān wǎng	14563	an-ang,uan-uang	1
电流	diàn liú	14565	ian-iang,n-l,r-l	1
有待	yǒu dài	14566	ai-ei,ao-ou	1
征管	zhēng guǎn	14567	en-eng,uan-uang,z-zh	1
不准	bù zhǔn	14568	z-zh	1
站住	zhàn zhù	14569	an-ang,z-zh	1
省份	shěng fèn	14570	en-eng,s-sh,h-f	1
死者	sǐ zhě	14574	z-zh,s-sh	1
航线	háng xiàn	14575	an-ang,ian-iang,h-f,j-q-x	1
房企	fáng qǐ	14576	an-ang,h-f,j-q-x	1
名将	míng jiàng	14579	in-ing,ian-iang,j-q-x	1
女工	nǚ gōng	14580	n-l	1
通车	tōng chē	14581	c-ch	1
实物	shí wù	14582	s-sh	1
持有	chí yǒu	14583	ao-ou,c-ch	1
凭着	píng zhe	14585	in-ing,z-zh	1
跨国	kuà guó	14586	ua-uo	1
少有	shǎo yǒu	14587	ao-ou,s-sh	1
死人	sǐ rén	14589	en-eng,s-sh,r-l	1
癌症	ái zhèng	14590	en-eng,ai-ei,z-zh	1
对口	duì kǒu	14591	ao-ou	1
落户	luò hù	14592	ua-uo,n-l,h-f,r-l	1
年年	nián nián	14593	ian-iang,n-l	1
在校	zài xiào	14595	ai-ei,z-zh,j-q-x	1
大战	dà zhàn	14599	an-ang,z-zh	1
富民	fù mín	14600	in-ing,h-f	1
社论	shè lùn	14601	s-sh,n-l,r-l	1
西洋	xī yáng	14602	an-ang,j-q-x	1
散开	sàn kāi	14603	an-ang,ai-ei,s-sh	1
老大	lǎo dà	14605	ao-ou,n-l,r-l	1
转阴	zhuǎn yīn	14607	in-ing,uan-uang,z-zh	1
客商	kè shāng	14608	an-ang,s-sh	1
多方	duō fāng	14609	an-ang,ua-uo,h-f	1
就算	jiù suàn	14610	uan-uang,s-sh,j-q-x	1
护工	hù gōng	14612	h-f	1
总的	zǒng de	14613	z-zh	1
三通	sān tōng	14614	an-ang,s-sh	1
此地	cǐ dì	14615	c-ch	1
骑兵	qí bīng	14616	in-ing,j-q-x	1
征地	zhēng dì	14618	en-eng,z-zh	1
世上	shì shàng	14619	an-ang,s-sh	1
南下	nán xià	14620	an-ang,ia-ie,n-l,j-q-x	1
降价	jiàng jià	14621	ian-iang,ia-ie,j-q-x	1
机电	jī diàn	14622	ian-iang,j-q-x	1
抗洪	kàng hóng	14623	an-ang,h-f	1
馆长	guǎn cháng	14624	an-ang,uan-uang,c-ch	1
支书	zhī shū	14625	z-zh,s-sh	1
颇为	pō wéi	14626	ai-ei	1
常用	cháng yòng	14629	an-ang,c-ch	1
茶叶	chá yè	14630	c-ch	1
剧团	jù tuán	14631	uan-uang,j-q-x	1
一番	yī fān	14633	an-ang,h-f	1
交管	jiāo guǎn	14634	uan-uang,j-q-x	1
做饭	zuò fàn	14635	an-ang,ua-uo,z-zh,h-f	1
右派	yòu pài	14636	ai-ei,ao-ou	1
想来	xiǎng lái	14637	ian-iang,ai-ei,n-l,r-l,j-q-x	1
女生	nǚ shēng	14638	en-eng,s-sh,n-l	1
高压	gāo yā	14639	ao-ou	1
怕是	pà shì	14640	s-sh	1
经纬	jīng wěi	14641	in-ing,ai-ei,j-q-x	1
储量	chǔ liàng	14642	ian-iang,c-ch,n-l,r-l	1
互访	hù fǎng	14643	an-ang,h-f	1
鬼子	guǐ zi	14644	z-zh	1
干吗	gàn má	14645	an-ang	1
驻军	zhù jūn	14646	z-zh,j-q-x	1
团队	tuán duì	14648	uan-uang	1
三国	sān guó	14649	an-ang,ua-uo,s-sh	1
简报	jiǎn bào	14650	ian-iang,ao-ou,j-q-x	1
女排	nǚ pái	14651	ai-ei,n-l	1
华夏	huá xià	14653	ia-ie,ua-uo,h-f,j-q-x	1
编者	biān zhě	14656	ian-iang,z-zh	1
上千	shàng qiān	14657	an-ang,ian-iang,s-sh,j-q-x	1
不解	bù jiě	14658	ia-ie,j-q-x	1
色情	sè qíng	14659	in-ing,s-sh,j-q-x	1
味儿	wèi er	14661	ai-ei	1
发给	fā gěi	14663	ai-ei,h-f	1
思潮	sī cháo	14664	ao-ou,c-ch,s-sh	1
奋战	fèn zhàn	14666	en-eng,an-ang,z-zh,h-f	1
获胜	huò shèng	14667	en-eng,ua-uo,s-sh,h-f	1
低保	dī bǎo	14668	ao-ou	1
揭开	jiē kāi	14669	ai-ei,ia-ie,j-q-x	1
吸烟	xī yān	14670	an-ang,j-q-x	1
诚意	chéng yì	14672	en-eng,c-ch	1
源于	yuán yú	14675	uan-uang	1
名列	míng liè	14678	in-ing,ia-ie,n-l,r-l	1
反腐	fǎn fǔ	14679	an-ang,h-f	1
尽早	jǐn zǎo	14680	in-ing,ao-ou,z-zh,j-q-x	1
借款	jiè kuǎn	14682	uan-uang,ia-ie,j-q-x	1
一角	yī jiǎo	14683	j-q-x	1
参展	cān zhǎn	14686	an-ang,z-zh,c-ch	1
投向	tóu xiàng	14687	ian-iang,ao-ou,j-q-x	1
可知	kě zhī	14688	z-zh	1
明日	míng rì	14690	in-ing,r-l	1
主线	zhǔ xiàn	14691	ian-iang,z-zh,j-q-x	1
扩建	kuò jiàn	14693	ian-iang,ua-uo,j-q-x	1
两地	liǎng dì	14694	ian-iang,n-l,r-l	1
白云	bái yún	14695	ai-ei	1
流泪	liú lèi	14698	ai-ei,n-l,r-l	1
入驻	rù zhù	14701	z-zh,r-l	1
位居	wèi jū	14702	ai-ei,j-q-x	1
特种	tè zhǒng	14703	z-zh	1
经商	jīng shāng	14704	in-ing,an-ang,s-sh,j-q-x	1
出自	chū zì	14705	z-zh,c-ch	1
夺金	duó jīn	14706	in-ing,ua-uo,j-q-x	1
明朝	míng zhāo	14708	in-ing,ao-ou,z-zh	1
这般	zhè bān	14709	an-ang,z-zh	1
出院	chū yuàn	14710	uan-uang,c-ch	1
嫌犯	xián fàn	14711	an-ang,ian-iang,h-f,j-q-x	1
离去	lí qù	14712	n-l,r-l,j-q-x	1
献给	xiàn gěi	14713	ian-iang,ai-ei,j-q-x	1
激起	jī qǐ	14714	j-q-x	1
要务	yào wù	14715	ao-ou	1
平壤	píng rǎng	14716	in-ing,an-ang,r-l	1
头儿	tóu er	14717	ao-ou	1
日渐	rì jiàn	14720	ian-iang,r-l,j-q-x	1
献策	xiàn cè	14721	ian-iang,c-ch,j-q-x	1
如一	rú yī	14722	r-l	1
取向	qǔ xiàng	14723	ian-iang,j-q-x	1
高产	gāo chǎn	14724	an-ang,ao-ou,c-ch	1
村长	cūn cháng	14725	an-ang,c-ch	1
溶液	róng yè	14726	r-l	1
离子	lí zǐ	14727	z-zh,n-l,r-l	1
民情	mín qíng	14728	in-ing,j-q-x	1
残疾	cán jí	14729	an-ang,c-ch,j-q-x	1
乡里	xiāng lǐ	14731	ian-iang,n-l,r-l,j-q-x	1
法案	fǎ àn	14732	an-ang,h-f	1
投放	tóu fàng	14733	an-ang,ao-ou,h-f	1
厂房	chǎng fáng	14734	an-ang,c-ch,h-f	1
正值	zhèng zhí	14736	en-eng,z-zh	1
大为	dà wéi	14737	ai-ei	1
西宁	xī níng	14738	in-ing,n-l,j-q-x	1
少儿	shào ér	14739	ao-ou,s-sh	1
兵团	bīng tuán	14740	in-ing,uan-uang	1
建材	jiàn cái	14742	ian-iang,ai-ei,c-ch,j-q-x	1
出境	chū jìng	14743	in-ing,c-ch,j-q-x	1
改组	gǎi zǔ	14745	ai-ei,z-zh	1
停火	tíng huǒ	14746	in-ing,ua-uo,h-f	1
查办	chá bàn	14747	an-ang,c-ch	1
像素	xiàng sù	14748	ian-iang,s-sh,j-q-x	1
核算	hé suàn	14751	uan-uang,s-sh,h-f	1
民政	mín zhèng	14752	en-eng,in-ing,z-zh	1
全资	quán zī	14753	uan-uang,z-zh,j-q-x	1
解难	jiě nàn	14754	an-ang,ia-ie,n-l,j-q-x	1
春运	chūn yùn	14755	c-ch	1
车型	chē xíng	14756	in-ing,c-ch,j-q-x	1
沿线	yán xiàn	14757	an-ang,ian-iang,j-q-x	1
提请	tí qǐng	14758	in-ing,j-q-x	1
春耕	chūn gēng	14759	en-eng,c-ch	1
挽回	wǎn huí	14760	an-ang,h-f	1
抢断	qiǎng duàn	14761	ian-iang,uan-uang,j-q-x	1
内战	nèi zhàn	14762	an-ang,ai-ei,z-zh,n-l	1
矿山	kuàng shān	14764	an-ang,uan-uang,s-sh	1
一经	yī jīng	14765	in-ing,j-q-x	1
入境	rù jìng	14767	in-ing,r-l,j-q-x	1
台下	tái xià	14768	ai-ei,ia-ie,j-q-x	1
知情	zhī qíng	14769	in-ing,z-zh,j-q-x	1
多元	duō yuán	14770	uan-uang,ua-uo	1
属性	shǔ xìng	14772	in-ing,s-sh,j-q-x	1
挂钩	guà gōu	14773	ao-ou,ua-uo	1
而今	ér jīn	14774	in-ing,j-q-x	1
成才	chéng cái	14776	en-eng,ai-ei,c-ch	1
专职	zhuān zhí	14777	uan-uang,z-zh	1
文本	wén běn	14778	en-eng	1
电路	diàn lù	14779	ian-iang,n-l,r-l	1
灾民	zāi mín	14780	in-ing,ai-ei,z-zh	1
市政	shì zhèng	14781	en-eng,z-zh,s-sh	1
职称	zhí chēng	14782	en-eng,z-zh,c-ch	1
税款	shuì kuǎn	14783	uan-uang,s-sh	1
帝国	dì guó	14784	ua-uo	1
国营	guó yíng	14785	in-ing,ua-uo	1
抽调	chōu diào	14786	ao-ou,c-ch	1
练兵	liàn bīng	14787	in-ing,ian-iang,n-l,r-l	1
急于	jí yú	14788	j-q-x	1
理顺	lǐ shùn	14790	s-sh,n-l,r-l	1
时报	shí bào	14791	ao-ou,s-sh	1
打的	dǎ dī	14792		1
购销	gòu xiāo	14794	ao-ou,j-q-x	1
得益	dé yì	14795		1
转为	zhuǎn wéi	14796	uan-uang,ai-ei,z-zh	1
总长	zǒng zhǎng	14797	an-ang,z-zh	1
分管	fēn guǎn	14798	en-eng,uan-uang,h-f	1
草根	cǎo gēn	14799	en-eng,ao-ou,c-ch	1
军方	jūn fāng	14800	an-ang,h-f,j-q-x	1
林区	lín qū	14801	in-ing,n-l,r-l,j-q-x	1
取胜	qǔ shèng	14802	en-eng,s-sh,j-q-x	1
着想	zhuó xiǎng	14803	ian-iang,ua-uo,z-zh,j-q-x	1
生于	shēng yú	14804	en-eng,s-sh	1
股权	gǔ quán	14806	uan-uang,j-q-x	1
选票	xuǎn piào	14807	uan-uang,j-q-x	1
富于	fù yú	14808	h-f	1
全线	quán xiàn	14809	ian-iang,uan-uang,j-q-x	1
料到	liào dào	14810	ao-ou,n-l,r-l	1
美洲	měi zhōu	14811	ai-ei,ao-ou,z-zh	1
鸟类	niǎo lèi	14812	ai-ei,n-l,r-l	1
智能	zhì néng	14813	en-eng,z-zh,n-l	1
购置	gòu zhì	14814	ao-ou,z-zh	1
业已	yè yǐ	14815		1
小路	xiǎo lù	14816	n-l,r-l,j-q-x	1
爆料	bào liào	14817	ao-ou,n-l,r-l	1
执业	zhí yè	14818	z-zh	1
利税	lì shuì	14819	s-sh,n-l,r-l	1
直属	zhí shǔ	14820	z-zh,s-sh	1
商贸	shāng mào	14821	an-ang,ao-ou,s-sh	1
置于	zhì yú	14822	z-zh	1
妹子	mèi zi	14824	ai-ei,z-zh	1
改为	gǎi wéi	14825	ai-ei	1
转晴	zhuǎn qíng	14826	in-ing,uan-uang,z-zh,j-q-x	1
右翼	yòu yì	14827	ao-ou	1
东海	dōng hǎi	14829	ai-ei,h-f	1
专访	zhuān fǎng	14830	an-ang,uan-uang,z-zh,h-f	1
论断	lùn duàn	14831	uan-uang,n-l,r-l	1
文体	wén tǐ	14832	en-eng	1
老将	lǎo jiàng	14834	ian-iang,ao-ou,n-l,r-l,j-q-x	1
台商	tái shāng	14836	an-ang,ai-ei,s-sh	1
农机	nóng jī	14840	n-l,j-q-x	1
劳力	láo lì	14841	ao-ou,n-l,r-l	1
致以	zhì yǐ	14842	z-zh	1
抽烟	chōu yān	14844	an-ang,ao-ou,c-ch	1
烟草	yān cǎo	14845	an-ang,ao-ou,c-ch	1
通往	tōng wǎng	14846	an-ang	1
乡长	xiāng cháng	14847	an-ang,ian-iang,c-ch,j-q-x	1
表述	biǎo shù	14848	s-sh	1
本文	běn wén	14849	en-eng	1
南亚	nán yà	14851	an-ang,n-l	1
名城	míng chéng	14852	en-eng,in-ing,c-ch	1
退市	tuì shì	14855	s-sh	1
头目	tóu mù	14856	ao-ou	1
高声	gāo shēng	14858	en-eng,ao-ou,s-sh	1
集成	jí chéng	14859	en-eng,c-ch,j-q-x	1
一味	yī wèi	14860	ai-ei	1
次数	cì shù	14861	c-ch,s-sh	1
万物	wàn wù	14862	an-ang	1
海面	hǎi miàn	14863	ian-iang,ai-ei,h-f	1
不光	bù guāng	14864	uan-uang	1
评定	píng dìng	14865	in-ing	1
不比	bù bǐ	14866		1
热议	rè yì	14867	r-l	1
肉体	ròu tǐ	14868	ao-ou,r-l	1
保密	bǎo mì	14869	ao-ou	1
纳米	nà mǐ	14870	n-l	1
双拥	shuāng yōng	14871	uan-uang,s-sh	1
天子	tiān zǐ	14872	ian-iang,z-zh	1
赤字	chì zì	14873	z-zh,c-ch	1
兴办	xīng bàn	14875	in-ing,an-ang,j-q-x	1
拿下	ná xià	14876	ia-ie,n-l,j-q-x	1
渔船	yú chuán	14877	uan-uang,c-ch	1
全文	quán wén	14879	en-eng,uan-uang,j-q-x	1
自强	zì qiáng	14881	ian-iang,z-zh,j-q-x	1
白宫	bái gōng	14882	ai-ei	1
长足	cháng zú	14883	an-ang,z-zh,c-ch	1
公子	gōng zǐ	14884	z-zh	1
趋于	qū yú	14885	j-q-x	1
亲友	qīn yǒu	14886	in-ing,ao-ou,j-q-x	1
不力	bù lì	14887	n-l,r-l	1
手脚	shǒu jiǎo	14889	ao-ou,s-sh,j-q-x	1
巡警	xún jǐng	14890	in-ing,j-q-x	1
债权	zhài quán	14892	uan-uang,ai-ei,z-zh,j-q-x	1
多层	duō céng	14893	en-eng,ua-uo,c-ch	1
历任	lì rèn	14894	en-eng,n-l,r-l	1
山地	shān dì	14895	an-ang,s-sh	1
防洪	fáng hóng	14896	an-ang,h-f	1
效能	xiào néng	14897	en-eng,n-l,j-q-x	1
大米	dà mǐ	14900		1
长效	cháng xiào	14902	an-ang,c-ch,j-q-x	1
党派	dǎng pài	14905	an-ang,ai-ei	1
期刊	qī kān	14906	an-ang,j-q-x	1
水产	shuǐ chǎn	14907	an-ang,c-ch,s-sh	1
核电	hé diàn	14908	ian-iang,h-f	1
在家	zài jiā	14909	ai-ei,ia-ie,z-zh,j-q-x	1
放宽	fàng kuān	14910	an-ang,uan-uang,h-f	1
伟业	wěi yè	14911	ai-ei	1
退回	tuì huí	14912	h-f	1
小将	xiǎo jiàng	14913	ian-iang,j-q-x	1
好吃	hǎo chī	14916	ao-ou,c-ch,h-f	1
药店	yào diàn	14917	ian-iang,ao-ou	1
商会	shāng huì	14918	an-ang,s-sh,h-f	1
华南	huá nán	14919	an-ang,ua-uo,n-l,h-f	1
趋向	qū xiàng	14920	ian-iang,j-q-x	1
便民	biàn mín	14921	in-ing,ian-iang	1
国道	guó dào	14922	ao-ou,ua-uo	1
衙门	yá men	14923	en-eng	1
失联	shī lián	14924	ian-iang,s-sh,n-l,r-l	1
守法	shǒu fǎ	14925	ao-ou,s-sh,h-f	1
干群	gàn qún	14926	an-ang,j-q-x	1
客车	kè chē	14927	c-ch	1
生殖	shēng zhí	14928	en-eng,z-zh,s-sh	1
备受	bèi shòu	14933	ai-ei,ao-ou,s-sh	1
轻声	qīng shēng	14934	en-eng,in-ing,s-sh,j-q-x	1
系数	xì shù	14935	s-sh,j-q-x	1
营长	yíng cháng	14936	in-ing,an-ang,c-ch	1
电厂	diàn chǎng	14938	an-ang,ian-iang,c-ch	1
下滑	xià huá	14939	ia-ie,ua-uo,h-f,j-q-x	1
恶性	è xìng	14940	in-ing,j-q-x	1
长篇	cháng piān	14941	an-ang,ian-iang,c-ch	1
巡视	xún shì	14942	s-sh,j-q-x	1
用工	yòng gōng	14943		1
大坝	dà bà	14945		1
前边	qián bian	14946	ian-iang,j-q-x	1
用药	yòng yào	14947	ao-ou	1
库存	kù cún	14948	c-ch	1
水域	shuǐ yù	14950	s-sh	1
总督	zǒng dū	14951	z-zh	1
晶体	jīng tǐ	14952	in-ing,j-q-x	1
二战	èr zhàn	14955	an-ang,z-zh	1
网购	wǎng gòu	14958	an-ang,ao-ou	1
神社	shén shè	14959	en-eng,s-sh	1
并举	bìng jǔ	14960	in-ing,j-q-x	1
大洋	dà yáng	14961	an-ang	1
参拜	cān bài	14962	an-ang,ai-ei,c-ch	1
畜牧	xù mù	14963	j-q-x	1
窗子	chuāng zi	14964	uan-uang,z-zh,c-ch	1
名家	míng jiā	14965	in-ing,ia-ie,j-q-x	1
阵阵	zhèn zhèn	14966	en-eng,z-zh	1
鱼类	yú lèi	14968	ai-ei,n-l,r-l	1
校区	xiào qū	14969	j-q-x	1
分支	fēn zhī	14972	en-eng,z-zh,h-f	1
制假	zhì jiǎ	14973	ia-ie,z-zh,j-q-x	1
总得	zǒng děi	14974	ai-ei,z-zh	1
税率	shuì lǜ	14975	s-sh,n-l,r-l	1
月底	yuè dǐ	14976		1
富贵	fù guì	14977	h-f	1
后腰	hòu yāo	14978	ao-ou,h-f	1
转入	zhuǎn rù	14980	uan-uang,z-zh,r-l	1
的当	dí dàng	14981	an-ang	1
明知	míng zhī	14982	in-ing,z-zh	1
筹资	chóu zī	14983	ao-ou,z-zh,c-ch	1
南海	nán hǎi	14984	an-ang,ai-ei,n-l,h-f	1
可行	kě xíng	14986	in-ing,j-q-x	1
有毒	yǒu dú	14987	ao-ou	1
言行	yán xíng	14988	in-ing,an-ang,j-q-x	1
人户	rén hù	14989	en-eng,h-f,r-l	1
反之	fǎn zhī	14990	an-ang,z-zh,h-f	1
上边	shàng bian	14991	an-ang,ian-iang,s-sh	1
防汛	fáng xùn	14992	an-ang,h-f,j-q-x	1
等到	děng dào	14993	en-eng,ao-ou	1
协同	xié tóng	14994	ia-ie,j-q-x	1
涨停	zhǎng tíng	14995	in-ing,an-ang,z-zh	1
裁定	cái dìng	14996	in-ing,ai-ei,c-ch	1
收紧	shōu jǐn	14997	in-ing,ao-ou,s-sh,j-q-x	1
订阅	dìng yuè	14998	in-ing	1
出让	chū ràng	14999	an-ang,c-ch,r-l	1
山路	shān lù	15000	an-ang,s-sh,n-l,r-l	1
站长	zhàn cháng	15001	an-ang,z-zh,c-ch	1
投标	tóu biāo	15002	ao-ou	1
转业	zhuǎn yè	15003	uan-uang,z-zh	1
相见	xiāng jiàn	15006	ian-iang,j-q-x	1
注资	zhù zī	15007	z-zh	1
出击	chū jī	15008	c-ch,j-q-x	1
地段	dì duàn	15009	uan-uang	1
宪章	xiàn zhāng	15011	an-ang,ian-iang,z-zh,j-q-x	1
驱动	qū dòng	15012	j-q-x	1
无烟	wú yān	15013	an-ang	1
钢材	gāng cái	15014	an-ang,ai-ei,c-ch	1
双赢	shuāng yíng	15015	in-ing,uan-uang,s-sh	1
不法	bù fǎ	15016	h-f	1
撤出	chè chū	15017	c-ch	1
西欧	xī ōu	15018	ao-ou,j-q-x	1
下边	xià bian	15019	ian-iang,ia-ie,j-q-x	1
后备	hòu bèi	15021	ai-ei,ao-ou,h-f	1
督办	dū bàn	15022	an-ang	1
两清	liǎng qīng	15023	in-ing,ian-iang,n-l,r-l,j-q-x	1
党史	dǎng shǐ	15024	an-ang,s-sh	1
阁下	gé xià	15025	ia-ie,j-q-x	1
好坏	hǎo huài	15026	ao-ou,h-f	1
物力	wù lì	15027	n-l,r-l	1
界定	jiè dìng	15028	in-ing,ia-ie,j-q-x	1
粒子	lì zǐ	15029	z-zh,n-l,r-l	1
闺女	guī nü	15030	n-l	1
细则	xì zé	15031	z-zh,j-q-x	1
定额	dìng é	15032	in-ing	1
大字	dà zì	15033	z-zh	1
被捕	bèi bǔ	15037	ai-ei	1
部下	bù xià	15038	ia-ie,j-q-x	1
沿岸	yán àn	15040	an-ang	1
开水	kāi shuǐ	15041	ai-ei,s-sh	1
水量	shuǐ liàng	15042	ian-iang,s-sh,n-l,r-l	1
证照	zhèng zhào	15043	en-eng,ao-ou,z-zh	1
开局	kāi jú	15045	ai-ei,j-q-x	1
专机	zhuān jī	15046	uan-uang,z-zh,j-q-x	1
滑雪	huá xuě	15048	ua-uo,h-f,j-q-x	1
钟头	zhōng tóu	15050	ao-ou,z-zh	1
娘家	niáng jiā	15052	ian-iang,ia-ie,n-l,j-q-x	1
餐饮	cān yǐn	15054	in-ing,an-ang,c-ch	1
撤军	chè jūn	15055	c-ch,j-q-x	1
换届	huàn jiè	15057	uan-uang,ia-ie,h-f,j-q-x	1
地貌	dì mào	15058	ao-ou	1
干啥	gàn shá	15059	an-ang,s-sh	1
进驻	jìn zhù	15062	in-ing,z-zh,j-q-x	1
作案	zuò àn	15063	an-ang,ua-uo,z-zh	1
王朝	wáng cháo	15064	an-ang,ao-ou,c-ch	1
本就	běn jiù	15065	en-eng,j-q-x	1
审定	shěn dìng	15066	en-eng,in-ing,s-sh	1
冶金	yě jīn	15068	in-ing,j-q-x	1
字样	zì yàng	15069	an-ang,z-zh	1
变相	biàn xiàng	15070	ian-iang,j-q-x	1
统领	tǒng lǐng	15072	in-ing,n-l,r-l	1
少量	shǎo liàng	15073	ian-iang,ao-ou,s-sh,n-l,r-l	1
并存	bìng cún	15074	in-ing,c-ch	1
路口	lù kǒu	15075	ao-ou,n-l,r-l	1
兵士	bīng shì	15076	in-ing,s-sh	1
脱困	tuō kùn	15077	ua-uo	1
蓄水	xù shuǐ	15078	s-sh,j-q-x	1
选派	xuǎn pài	15079	uan-uang,ai-ei,j-q-x	1
入选	rù xuǎn	15080	uan-uang,r-l,j-q-x	1
听证	tīng zhèng	15084	en-eng,in-ing,z-zh	1
登陆	dēng lù	15085	en-eng,n-l,r-l	1
没用	méi yòng	15086	ai-ei	1
镇长	zhèn cháng	15087	en-eng,an-ang,z-zh,c-ch	1
里头	lǐ tou	15088	ao-ou,n-l,r-l	1
并重	bìng zhòng	15089	in-ing,z-zh	1
筹措	chóu cuò	15090	ao-ou,ua-uo,c-ch	1
防火	fáng huǒ	15091	an-ang,ua-uo,h-f	1
神州	shén zhōu	15092	en-eng,ao-ou,z-zh,s-sh	1
老兵	lǎo bīng	15093	in-ing,ao-ou,n-l,r-l	1
梆子	bāng zi	15094	an-ang,z-zh	1
新区	xīn qū	15095	in-ing,j-q-x	1
信托	xìn tuō	15096	in-ing,ua-uo,j-q-x	1
下山	xià shān	15097	an-ang,ia-ie,s-sh,j-q-x	1
可望	kě wàng	15098	an-ang	1
扎根	zhā gēn	15099	en-eng,z-zh	1
任免	rèn miǎn	15100	en-eng,ian-iang,r-l	1
故居	gù jū	15101	j-q-x	1
改建	gǎi jiàn	15102	ian-iang,ai-ei,j-q-x	1
行事	xíng shì	15103	in-ing,s-sh,j-q-x	1
不乏	bù fá	15104	h-f	1
除去	chú qù	15105	c-ch,j-q-x	1
星子	xīng zi	15106	in-ing,z-zh,j-q-x	1
健儿	jiàn ér	15107	ian-iang,j-q-x	1
议事	yì shì	15108	s-sh	1
看似	kàn sì	15109	an-ang,s-sh	1
红娘	hóng niáng	15111	ian-iang,n-l,h-f	1
巡回	xún huí	15112	h-f,j-q-x	1
林地	lín dì	15113	in-ing,n-l,r-l	1
鼓吹	gǔ chuī	15114	c-ch	1
挥手	huī shǒu	15115	ao-ou,s-sh,h-f	1
有如	yǒu rú	15116	ao-ou,r-l	1
保全	bǎo quán	15117	uan-uang,ao-ou,j-q-x	1
首期	shǒu qī	15118	ao-ou,s-sh,j-q-x	1
仆人	pú rén	15119	en-eng,r-l	1
饭碗	fàn wǎn	15120	an-ang,h-f	1
也罢	yě bà	15121		1
连年	lián nián	15122	ian-iang,n-l,r-l	1
有偿	yǒu cháng	15124	an-ang,ao-ou,c-ch	1
哎呀	āi yā	15125	ai-ei	1
期货	qī huò	15126	ua-uo,h-f,j-q-x	1
人道	rén dào	15127	en-eng,ao-ou,r-l	1
射线	shè xiàn	15128	ian-iang,s-sh,j-q-x	1
摘编	zhāi biān	15129	ian-iang,ai-ei,z-zh	1
扣篮	kòu lán	15130	an-ang,ao-ou,n-l,r-l	1
预案	yù àn	15131	an-ang	1
沙化	shā huà	15132	ua-uo,s-sh,h-f	1
核准	hé zhǔn	15133	z-zh,h-f	1
劳工	láo gōng	15134	ao-ou,n-l,r-l	1
票价	piào jià	15135	ia-ie,j-q-x	1
业态	yè tài	15136	ai-ei	1
立项	lì xiàng	15137	ian-iang,n-l,r-l,j-q-x	1
在职	zài zhí	15138	ai-ei,z-zh	1
足额	zú é	15139	z-zh	1
征用	zhēng yòng	15140	en-eng,z-zh	1
学子	xué zǐ	15141	z-zh,j-q-x	1
乘车	chéng chē	15142	en-eng,c-ch	1
乐团	yuè tuán	15146	uan-uang	1
蛋白	dàn bái	15147	an-ang,ai-ei	1
回族	huí zú	15148	z-zh,h-f	1
马车	mǎ chē	15149	c-ch	1
战事	zhàn shì	15151	an-ang,z-zh,s-sh	1
总和	zǒng hé	15152	z-zh,h-f	1
实业	shí yè	15154	s-sh	1
省城	shěng chéng	15155	en-eng,c-ch,s-sh	1
减负	jiǎn fù	15156	ian-iang,h-f,j-q-x	1
中雨	zhōng yǔ	15157	z-zh	1
制药	zhì yào	15159	ao-ou,z-zh	1
工伤	gōng shāng	15160	an-ang,s-sh	1
下水	xià shuǐ	15162	ia-ie,s-sh,j-q-x	1
疑似	yí sì	15163	s-sh	1
治本	zhì běn	15164	en-eng,z-zh	1
禁令	jìn lìng	15165	in-ing,n-l,r-l,j-q-x	1
其后	qí hòu	15166	ao-ou,h-f,j-q-x	1
吸毒	xī dú	15167	j-q-x	1
印发	yìn fā	15168	in-ing,h-f	1
壁垒	bì lěi	15169	ai-ei,n-l,r-l	1
秀才	xiù cai	15170	ai-ei,c-ch,j-q-x	1
在手	zài shǒu	15173	ai-ei,ao-ou,z-zh,s-sh	1
焕发	huàn fā	15175	uan-uang,h-f	1
上缴	shàng jiǎo	15176	an-ang,s-sh,j-q-x	1
不快	bù kuài	15178		1
售价	shòu jià	15179	ao-ou,ia-ie,s-sh,j-q-x	1
回想	huí xiǎng	15180	ian-iang,h-f,j-q-x	1
史料	shǐ liào	15181	s-sh,n-l,r-l	1
大奖	dà jiǎng	15182	ian-iang,j-q-x	1
地委	dì wěi	15183	ai-ei	1
侦破	zhēn pò	15185	en-eng,z-zh	1
风电	fēng diàn	15186	en-eng,ian-iang,h-f	1
路段	lù duàn	15187	uan-uang,n-l,r-l	1
用以	yòng yǐ	15188		1
专人	zhuān rén	15189	en-eng,uan-uang,z-zh,r-l	1
便道	biàn dào	15190	ian-iang,ao-ou	1
绝杀	jué shā	15191	s-sh,j-q-x	1
收官	shōu guān	15192	uan-uang,ao-ou,s-sh	1
地头	dì tóu	15194	ao-ou	1
半数	bàn shù	15195	an-ang,s-sh	1
配额	pèi é	15196	ai-ei	1
上街	shàng jiē	15198	an-ang,ia-ie,s-sh,j-q-x	1
出头	chū tóu	15199	ao-ou,c-ch	1
停车	tíng chē	15200	in-ing,c-ch	1
腾飞	téng fēi	15203	en-eng,ai-ei,h-f	1
严惩	yán chéng	15204	en-eng,an-ang,c-ch	1
网友	wǎng yǒu	15206	an-ang,ao-ou	1
变形	biàn xíng	15207	in-ing,ian-iang,j-q-x	1
草场	cǎo chǎng	15208	an-ang,ao-ou,c-ch	1
首次	shǒu cì	15210	ao-ou,c-ch,s-sh	1
相近	xiāng jìn	15211	in-ing,ian-iang,j-q-x	1
大同	dà tóng	15212		1
进出	jìn chū	15213	in-ing,c-ch,j-q-x	1
询价	xún jià	15214	ia-ie,j-q-x	1
未有	wèi yǒu	15215	ai-ei,ao-ou	1
即日	jí rì	15218	r-l,j-q-x	1
监理	jiān lǐ	15219	ian-iang,n-l,r-l,j-q-x	1
停产	tíng chǎn	15220	in-ing,an-ang,c-ch	1
篇章	piān zhāng	15221	an-ang,ian-iang,z-zh	1
亲王	qīn wáng	15222	in-ing,an-ang,j-q-x	1
理事	lǐ shì	15223	s-sh,n-l,r-l	1
低温	dī wēn	15224	en-eng	1
下楼	xià lóu	15225	ao-ou,ia-ie,n-l,r-l,j-q-x	1
未尝	wèi cháng	15226	an-ang,ai-ei,c-ch	1
如意	rú yì	15228	r-l	1
科协	kē xié	15229	ia-ie,j-q-x	1
上书	shàng shū	15230	an-ang,s-sh	1
下放	xià fàng	15231	an-ang,ia-ie,h-f,j-q-x	1
述职	shù zhí	15232	z-zh,s-sh	1
在学	zài xué	15234	ai-ei,z-zh,j-q-x	1
自学	zì xué	15235	z-zh,j-q-x	1
古国	gǔ guó	15237	ua-uo	1
录像	lù xiàng	15238	ian-iang,n-l,r-l,j-q-x	1
天色	tiān sè	15239	ian-iang,s-sh	1
新近	xīn jìn	15240	in-ing,j-q-x	1
所致	suǒ zhì	15241	ua-uo,z-zh,s-sh	1
以求	yǐ qiú	15242	j-q-x	1
奖牌	jiǎng pái	15244	ian-iang,ai-ei,j-q-x	1
中西	zhōng xī	15245	z-zh,j-q-x	1
当兵	dāng bīng	15246	in-ing,an-ang	1
时下	shí xià	15247	ia-ie,s-sh,j-q-x	1
新风	xīn fēng	15248	en-eng,in-ing,h-f,j-q-x	1
杯赛	bēi sài	15249	ai-ei,s-sh	1
创汇	chuàng huì	15250	uan-uang,c-ch,h-f	1
非要	fēi yào	15251	ai-ei,ao-ou,h-f	1
深思	shēn sī	15252	en-eng,s-sh	1
恪守	kè shǒu	15253	ao-ou,s-sh	3
置身	zhì shēn	15255	en-eng,z-zh,s-sh	1
战绩	zhàn jì	15256	an-ang,z-zh,j-q-x	1
出钱	chū qián	15257	ian-iang,c-ch,j-q-x	1
选定	xuǎn dìng	15258	in-ing,uan-uang,j-q-x	1
京师	jīng shī	15259	in-ing,s-sh,j-q-x	1
白白	bái bái	15260	ai-ei	1
出具	chū jù	15261	c-ch,j-q-x	1
施肥	shī féi	15265	ai-ei,s-sh,h-f	1
常驻	cháng zhù	15266	an-ang,z-zh,c-ch	1
版权	bǎn quán	15267	an-ang,uan-uang,j-q-x	1
阴阳	yīn yáng	15268	in-ing,an-ang	1
在外	zài wài	15269	ai-ei,z-zh	1
洋人	yáng rén	15270	en-eng,an-ang,r-l	1
大计	dà jì	15271	j-q-x	1
曲艺	qǔ yì	15276	j-q-x	1
闪闪	shǎn shǎn	15278	an-ang,s-sh	1
链接	liàn jiē	15279	ian-iang,ia-ie,n-l,r-l,j-q-x	1
左边	zuǒ bian	15280	ian-iang,ua-uo,z-zh	1
稽查	jī chá	15281	c-ch,j-q-x	1
振动	zhèn dòng	15282	en-eng,z-zh	1
单打	dān dǎ	15283	an-ang	1
舞剧	wǔ jù	15284	j-q-x	1
罚单	fá dān	15285	an-ang,h-f	1
专员	zhuān yuán	15286	uan-uang,z-zh	1
配送	pèi sòng	15287	ai-ei,s-sh	1
贩毒	fàn dú	15289	an-ang,h-f	1
放大	fàng dà	15290	an-ang,h-f	1
贺信	hè xìn	15291	in-ing,h-f,j-q-x	1
立马	lì mǎ	15292	n-l,r-l	1
执勤	zhí qín	15293	in-ing,z-zh,j-q-x	1
总值	zǒng zhí	15294	z-zh	1
晚报	wǎn bào	15295	an-ang,ao-ou	1
因子	yīn zǐ	15296	in-ing,z-zh	1
北上	běi shàng	15297	an-ang,ai-ei,s-sh	1
城墙	chéng qiáng	15298	en-eng,ian-iang,c-ch,j-q-x	1
前头	qián tou	15299	ian-iang,ao-ou,j-q-x	1
鸦片	yā piàn	15300	ian-iang	1
一侧	yī cè	15301	c-ch	1
流转	liú zhuǎn	15303	uan-uang,z-zh,n-l,r-l	1
外援	wài yuán	15304	uan-uang,ai-ei	1
成败	chéng bài	15305	en-eng,ai-ei,c-ch	1
硬是	yìng shì	15306	in-ing,s-sh	1
矿业	kuàng yè	15307	uan-uang	1
中巴	zhōng bā	15308	z-zh	1
免去	miǎn qù	15309	ian-iang,j-q-x	1
独资	dú zī	15310	z-zh	1
考研	kǎo yán	15312	an-ang,ao-ou	1
笔下	bǐ xià	15313	ia-ie,j-q-x	1
废水	fèi shuǐ	15314	ai-ei,s-sh,h-f	1
师资	shī zī	15315	z-zh,s-sh	1
新任	xīn rèn	15316	en-eng,in-ing,r-l,j-q-x	1
王爷	wáng ye	15317	an-ang	1
户籍	hù jí	15318	h-f,j-q-x	1
辈子	bèi zi	15319	ai-ei,z-zh	1
氧化	yǎng huà	15320	an-ang,ua-uo,h-f	1
初次	chū cì	15321	c-ch	1
单项	dān xiàng	15322	an-ang,ian-iang,j-q-x	1
现出	xiàn chū	15323	ian-iang,c-ch,j-q-x	1
近乎	jìn hū	15324	in-ing,h-f,j-q-x	1
跳水	tiào shuǐ	15325	s-sh	1
茶馆	chá guǎn	15327	uan-uang,c-ch	1
供需	gōng xū	15329	j-q-x	1
货车	huò chē	15331	ua-uo,c-ch,h-f	1
几何	jǐ hé	15332	h-f,j-q-x	1
不计	bù jì	15333	j-q-x	1
唤起	huàn qǐ	15334	uan-uang,h-f,j-q-x	1
清算	qīng suàn	15335	in-ing,uan-uang,s-sh,j-q-x	1
相距	xiāng jù	15336	ian-iang,j-q-x	1
周岁	zhōu suì	15337	ao-ou,z-zh,s-sh	1
供销	gōng xiāo	15338	j-q-x	1
里程	lǐ chéng	15339	en-eng,c-ch,n-l,r-l	1
土豆	tǔ dòu	15340	ao-ou	1
罪名	zuì míng	15341	in-ing,z-zh	1
头痛	tóu tòng	15343	ao-ou	1
献血	xiàn xiě	15344	ian-iang,ia-ie,j-q-x	1
入伍	rù wǔ	15348	r-l	1
鸭子	yā zi	15349	z-zh	1
积分	jī fēn	15350	en-eng,h-f,j-q-x	1
医师	yī shī	15352	s-sh	1
无视	wú shì	15353	s-sh	1
下回	xià huí	15354	ia-ie,h-f,j-q-x	1
酒杯	jiǔ bēi	15356	ai-ei,j-q-x	1
一二	yī èr	15358		1
饭馆	fàn guǎn	15359	an-ang,uan-uang,h-f	1
民调	mín diào	15360	in-ing	1
素有	sù yǒu	15361	ao-ou,s-sh	1
噪声	zào shēng	15362	en-eng,ao-ou,z-zh,s-sh	1
排查	pái chá	15363	ai-ei,c-ch	1
送礼	sòng lǐ	15365	s-sh,n-l,r-l	1
老总	lǎo zǒng	15366	ao-ou,z-zh,n-l,r-l	1
手持	shǒu chí	15367	ao-ou,c-ch,s-sh	1
意向	yì xiàng	15368	ian-iang,j-q-x	1
给力	gěi lì	15370	ai-ei,n-l,r-l	1
出兵	chū bīng	15371	in-ing,c-ch	1
席位	xí wèi	15373	ai-ei,j-q-x	1
历届	lì jiè	15375	ia-ie,n-l,r-l,j-q-x	1
商定	shāng dìng	15376	in-ing,an-ang,s-sh	1
甲醛	jiǎ quán	15377	uan-uang,ia-ie,j-q-x	3
大腿	dà tuǐ	15378		1
人头	rén tóu	15379	en-eng,ao-ou,r-l	1
综述	zōng shù	15380	z-zh,s-sh	1
落成	luò chéng	15383	en-eng,ua-uo,c-ch,n-l,r-l	1
露天	lù tiān	15385	ian-iang,n-l,r-l	1
与否	yǔ fǒu	15386	ao-ou,h-f	1
收受	shōu shòu	15388	ao-ou,s-sh	1
国务	guó wù	15389	ua-uo	1
疗效	liáo xiào	15390	n-l,r-l,j-q-x	1
打牌	dǎ pái	15391	ai-ei	1
凤凰	fèng huáng	15392	en-eng,uan-uang,h-f	1
支行	zhī háng	15393	an-ang,z-zh,h-f	1
大纲	dà gāng	15394	an-ang	1
舰队	jiàn duì	15395	ian-iang,j-q-x	1
瓦斯	wǎ sī	15396	s-sh	1
双开	shuāng kāi	15398	uan-uang,ai-ei,s-sh	1
警务	jǐng wù	15400	in-ing,j-q-x	1
产出	chǎn chū	15401	an-ang,c-ch	1
迟迟	chí chí	15402	c-ch	1
上将	shàng jiàng	15404	an-ang,ian-iang,s-sh,j-q-x	1
身亡	shēn wáng	15405	en-eng,an-ang,s-sh	1
打响	dǎ xiǎng	15406	ian-iang,j-q-x	1
一通	yī tòng	15408		1
热泪	rè lèi	15410	ai-ei,n-l,r-l	1
特使	tè shǐ	15411	s-sh	1
政局	zhèng jú	15412	en-eng,z-zh,j-q-x	1
电压	diàn yā	15413	ian-iang	1
平行	píng xíng	15414	in-ing,j-q-x	1
提及	tí jí	15416	j-q-x	1
地表	dì biǎo	15417		1
谈心	tán xīn	15418	in-ing,an-ang,j-q-x	1
意境	yì jìng	15419	in-ing,j-q-x	1
亟待	jí dài	15420	ai-ei,j-q-x	3
海边	hǎi biān	15421	ian-iang,ai-ei,h-f	1
烟花	yān huā	15422	an-ang,ua-uo,h-f	1
门类	mén lèi	15423	en-eng,ai-ei,n-l,r-l	1
门路	mén lu	15424	en-eng,n-l,r-l	1
双双	shuāng shuāng	15425	uan-uang,s-sh	1
同乡	tóng xiāng	15426	ian-iang,j-q-x	1
跻身	jī shēn	15427	en-eng,s-sh,j-q-x	3
老龄	lǎo líng	15428	in-ing,ao-ou,n-l,r-l	1
误区	wù qū	15429	j-q-x	1
云云	yún yún	15430		1
村镇	cūn zhèn	15431	en-eng,z-zh,c-ch	1
得分	dé fēn	15432	en-eng,h-f	1
在建	zài jiàn	15433	ian-iang,ai-ei,z-zh,j-q-x	1
丞相	chéng xiàng	15434	en-eng,ian-iang,c-ch,j-q-x	3
军委	jūn wěi	15435	ai-ei,j-q-x	1
所属	suǒ shǔ	15436	ua-uo,s-sh	1
新兵	xīn bīng	15437	in-ing,j-q-x	1
公用	gōng yòng	15439		1
产销	chǎn xiāo	15440	an-ang,c-ch,j-q-x	1
华东	huá dōng	15441	ua-uo,h-f	1
文武	wén wǔ	15442	en-eng	1
壁画	bì huà	15443	ua-uo,h-f	1
缩影	suō yǐng	15444	in-ing,ua-uo,s-sh	1
万万	wàn wàn	15445	an-ang	1
流向	liú xiàng	15446	ian-iang,n-l,r-l,j-q-x	1
制售	zhì shòu	15447	ao-ou,z-zh,s-sh	1
党章	dǎng zhāng	15448	an-ang,z-zh	1
某某	mǒu mǒu	15449	ao-ou	1
现成	xiàn chéng	15450	en-eng,ian-iang,c-ch,j-q-x	1
昨日	zuó rì	15451	ua-uo,z-zh,r-l	1
枪声	qiāng shēng	15452	en-eng,ian-iang,s-sh,j-q-x	1
客机	kè jī	15453	j-q-x	1
核定	hé dìng	15455	in-ing,h-f	1
外事	wài shì	15456	ai-ei,s-sh	1
迎春	yíng chūn	15457	in-ing,c-ch	1
对接	duì jiē	15458	ia-ie,j-q-x	1
量化	liàng huà	15459	ian-iang,ua-uo,n-l,h-f,r-l	1
牵动	qiān dòng	15461	ian-iang,j-q-x	1
房产	fáng chǎn	15463	an-ang,c-ch,h-f	1
演化	yǎn huà	15466	an-ang,ua-uo,h-f	1
管控	guǎn kòng	15467	uan-uang	1
设定	shè dìng	15468	in-ing,s-sh	1
质检	zhì jiǎn	15469	ian-iang,z-zh,j-q-x	1
好人	hǎo rén	15470	en-eng,ao-ou,h-f,r-l	1
大专	dà zhuān	15471	uan-uang,z-zh	1
火爆	huǒ bào	15472	ao-ou,ua-uo,h-f	1
借用	jiè yòng	15473	ia-ie,j-q-x	1
亩产	mǔ chǎn	15474	an-ang,c-ch	1
超载	chāo zài	15475	ai-ei,ao-ou,z-zh,c-ch	1
终端	zhōng duān	15476	uan-uang,z-zh	1
全然	quán rán	15478	an-ang,uan-uang,r-l,j-q-x	1
树种	shù zhǒng	15479	z-zh,s-sh	1
引向	yǐn xiàng	15481	in-ing,ian-iang,j-q-x	1
原定	yuán dìng	15482	in-ing,uan-uang	1
精度	jīng dù	15483	in-ing,j-q-x	1
客场	kè chǎng	15485	an-ang,c-ch	1
热水	rè shuǐ	15486	s-sh,r-l	1
环球	huán qiú	15487	uan-uang,h-f,j-q-x	1
影像	yǐng xiàng	15488	in-ing,ian-iang,j-q-x	1
喃喃	nán nán	15491	an-ang,n-l	2
据此	jù cǐ	15493	c-ch,j-q-x	1
搬家	bān jiā	15494	an-ang,ia-ie,j-q-x	1
明珠	míng zhū	15495	in-ing,z-zh	1
疫病	yì bìng	15496	in-ing	1
防空	fáng kōng	15497	an-ang,h-f	1
旁听	páng tīng	15498	in-ing,an-ang	1
右边	yòu bian	15499	ian-iang,ao-ou	1
超额	chāo é	15500	ao-ou,c-ch	1
后门	hòu mén	15501	en-eng,ao-ou,h-f	1
一概	yī gài	15502	ai-ei	1
关门	guān mén	15503	en-eng,uan-uang	1
干线	gàn xiàn	15505	an-ang,ian-iang,j-q-x	1
眼角	yǎn jiǎo	15506	an-ang,j-q-x	1
汉奸	hàn jiān	15507	an-ang,ian-iang,h-f,j-q-x	1
小于	xiǎo yú	15508	j-q-x	1
稿件	gǎo jiàn	15509	ian-iang,ao-ou,j-q-x	1
乐得	lè dé	15510	n-l,r-l	1
评奖	píng jiǎng	15511	in-ing,ian-iang,j-q-x	1
增至	zēng zhì	15512	en-eng,z-zh	1
包机	bāo jī	15513	ao-ou,j-q-x	1
破除	pò chú	15514	c-ch	1
民生	mín shēng	15516	en-eng,in-ing,s-sh	1
且说	qiě shuō	15517	ia-ie,ua-uo,s-sh,j-q-x	1
同盟	tóng méng	15519	en-eng	1
淫秽	yín huì	15520	in-ing,h-f	1
拥军	yōng jūn	15521	j-q-x	1
城建	chéng jiàn	15522	en-eng,ian-iang,c-ch,j-q-x	1
遥感	yáo gǎn	15523	an-ang,ao-ou	1
珠峰	zhū fēng	15524	en-eng,z-zh,h-f	1
归根	guī gēn	15525	en-eng	1
修路	xiū lù	15526	n-l,r-l,j-q-x	1
酒吧	jiǔ bā	15528	j-q-x	1
茶杯	chá bēi	15529	ai-ei,c-ch	1
流派	liú pài	15530	ai-ei,n-l,r-l	1
磁场	cí chǎng	15531	an-ang,c-ch	1
带队	dài duì	15532	ai-ei	1
十佳	shí jiā	15533	ia-ie,s-sh,j-q-x	1
递增	dì zēng	15534	en-eng,z-zh	1
育种	yù zhǒng	15535	z-zh	1
昨夜	zuó yè	15536	ua-uo,z-zh	1
央行	yāng háng	15538	an-ang,h-f	1
嘿嘿	hēi hēi	15539	ai-ei,h-f	1
患有	huàn yǒu	15540	uan-uang,ao-ou,h-f	1
窑洞	yáo dòng	15541	ao-ou	1
奋进	fèn jìn	15542	en-eng,in-ing,h-f,j-q-x	1
军装	jūn zhuāng	15543	uan-uang,z-zh,j-q-x	1
日出	rì chū	15544	c-ch,r-l	1
预赛	yù sài	15547	ai-ei,s-sh	1
沼气	zhǎo qì	15548	ao-ou,z-zh,j-q-x	1
高楼	gāo lóu	15549	ao-ou,n-l,r-l	1
清查	qīng chá	15550	in-ing,c-ch,j-q-x	1
外籍	wài jí	15551	ai-ei,j-q-x	1
国门	guó mén	15553	en-eng,ua-uo	1
未知	wèi zhī	15554	ai-ei,z-zh	1
地名	dì míng	15555	in-ing	1
搞活	gǎo huó	15556	ao-ou,ua-uo,h-f	1
矿工	kuàng gōng	15557	uan-uang	1
废止	fèi zhǐ	15559	ai-ei,z-zh,h-f	1
合乎	hé hū	15561	h-f	1
议政	yì zhèng	15563	en-eng,z-zh	1
创刊	chuàng kān	15564	an-ang,uan-uang,c-ch	1
大叔	dà shū	15565	s-sh	1
对子	duì zi	15566	z-zh	1
多变	duō biàn	15568	ian-iang,ua-uo	1
纳粹	nà cuì	15569	c-ch,n-l	1
队友	duì yǒu	15570	ao-ou	1
麻将	má jiàng	15571	ian-iang,j-q-x	1
深层	shēn céng	15572	en-eng,c-ch,s-sh	1
闲置	xián zhì	15573	ian-iang,z-zh,j-q-x	1
易于	yì yú	15574		1
别看	bié kàn	15575	an-ang,ia-ie	1
投保	tóu bǎo	15578	ao-ou	1
望见	wàng jiàn	15579	an-ang,ian-iang,j-q-x	1
实说	shí shuō	15580	ua-uo,s-sh	1
已知	yǐ zhī	15581	z-zh	1
淡水	dàn shuǐ	15582	an-ang,s-sh	1
庄子	zhuāng zi	15584	uan-uang,z-zh	1
现存	xiàn cún	15588	ian-iang,c-ch,j-q-x	1
到会	dào huì	15589	ao-ou,h-f	1
总计	zǒng jì	15590	z-zh,j-q-x	1
妓女	jì nǚ	15592	n-l,j-q-x	1
军政	jūn zhèng	15593	en-eng,z-zh,j-q-x	1
叙事	xù shì	15594	s-sh,j-q-x	1
警力	jǐng lì	15595	in-ing,n-l,r-l,j-q-x	1
联欢	lián huān	15596	ian-iang,uan-uang,n-l,h-f,r-l	1
村官	cūn guān	15597	uan-uang,c-ch	1
谈及	tán jí	15598	an-ang,j-q-x	1
总署	zǒng shǔ	15599	z-zh,s-sh	1
相通	xiāng tōng	15600	ian-iang,j-q-x	1
印制	yìn zhì	15601	in-ing,z-zh	1
百官	bǎi guān	15602	uan-uang,ai-ei	1
珠江	zhū jiāng	15603	ian-iang,z-zh,j-q-x	1
后劲	hòu jìn	15604	in-ing,ao-ou,h-f,j-q-x	1
音频	yīn pín	15605	in-ing	1
滑坡	huá pō	15606	ua-uo,h-f	1
军士	jūn shì	15607	s-sh,j-q-x	1
再造	zài zào	15608	ai-ei,ao-ou,z-zh	1
自焚	zì fén	15609	en-eng,z-zh,h-f	1
能耗	néng hào	15610	en-eng,ao-ou,n-l,h-f	1
胡说	hú shuō	15611	ua-uo,s-sh,h-f	1
矿井	kuàng jǐng	15613	in-ing,uan-uang,j-q-x	1
限额	xiàn é	15614	ian-iang,j-q-x	1
复牌	fù pái	15615	ai-ei,h-f	1
少于	shǎo yú	15616	ao-ou,s-sh	1
既定	jì dìng	15618	in-ing,j-q-x	1
耗时	hào shí	15619	ao-ou,s-sh,h-f	1
开端	kāi duān	15620	uan-uang,ai-ei	1
枪支	qiāng zhī	15621	ian-iang,z-zh,j-q-x	1
定律	dìng lǜ	15622	in-ing,n-l,r-l	1
董事	dǒng shì	15623	s-sh	1
家家	jiā jiā	15624	ia-ie,j-q-x	1
科室	kē shì	15625	s-sh	1
赛区	sài qū	15626	ai-ei,s-sh,j-q-x	1
通向	tōng xiàng	15627	ian-iang,j-q-x	1
减灾	jiǎn zāi	15629	ian-iang,ai-ei,z-zh,j-q-x	1
前锋	qián fēng	15630	en-eng,ian-iang,h-f,j-q-x	1
增设	zēng shè	15631	en-eng,z-zh,s-sh	1
军师	jūn shī	15632	s-sh,j-q-x	1
识字	shí zì	15633	z-zh,s-sh	1
孔雀	kǒng què	15634	j-q-x	1
娘子	niáng zǐ	15635	ian-iang,z-zh,n-l	1
欧美	ōu měi	15636	ai-ei,ao-ou	1
重伤	zhòng shāng	15639	an-ang,z-zh,s-sh	1
电阻	diàn zǔ	15640	ian-iang,z-zh	1
救国	jiù guó	15642	ua-uo,j-q-x	1
迎战	yíng zhàn	15644	in-ing,an-ang,z-zh	1
交锋	jiāo fēng	15645	en-eng,h-f,j-q-x	1
启用	qǐ yòng	15646	j-q-x	1
偷渡	tōu dù	15647	ao-ou	1
灾情	zāi qíng	15648	in-ing,ai-ei,z-zh,j-q-x	1
通风	tōng fēng	15649	en-eng,h-f	1
方程	fāng chéng	15650	en-eng,an-ang,c-ch,h-f	1
感悟	gǎn wù	15651	an-ang	1
乐于	lè yú	15652	n-l,r-l	1
离休	lí xiū	15653	n-l,r-l,j-q-x	1
图谋	tú móu	15655	ao-ou	1
中叶	zhōng yè	15657	z-zh	1
京都	jīng dū	15658	in-ing,j-q-x	1
列席	liè xí	15659	ia-ie,n-l,r-l,j-q-x	1
谋划	móu huà	15660	ao-ou,ua-uo,h-f	1
生猪	shēng zhū	15661	en-eng,z-zh,s-sh	1
师范	shī fàn	15662	an-ang,s-sh,h-f	1
殖民	zhí mín	15663	in-ing,z-zh	1
函数	hán shù	15664	an-ang,s-sh,h-f	1
党刊	dǎng kān	15665	an-ang	1
茶房	chá fáng	15666	an-ang,c-ch,h-f	1
互惠	hù huì	15670	h-f	1
接种	jiē zhòng	15671	ia-ie,z-zh,j-q-x	1
为重	wéi zhòng	15672	ai-ei,z-zh	1
散打	sǎn dǎ	15675	an-ang,s-sh	1
失学	shī xué	15676	s-sh,j-q-x	1
车票	chē piào	15677	c-ch	1
史学	shǐ xué	15678	s-sh,j-q-x	1
疫区	yì qū	15680	j-q-x	1
做官	zuò guān	15681	uan-uang,ua-uo,z-zh	1
贯通	guàn tōng	15682	uan-uang	1
匈奴	xiōng nú	15683	n-l,j-q-x	1
何在	hé zài	15684	ai-ei,z-zh,h-f	1
男生	nán shēng	15685	en-eng,an-ang,s-sh,n-l	1
空袭	kōng xí	15688	j-q-x	1
罗盘	luó pán	15689	an-ang,ua-uo,n-l,r-l	1
涨价	zhǎng jià	15690	an-ang,ia-ie,z-zh,j-q-x	1
喜人	xǐ rén	15692	en-eng,r-l,j-q-x	1
大年	dà nián	15693	ian-iang,n-l	1
立时	lì shí	15694	s-sh,n-l,r-l	1
其人	qí rén	15695	en-eng,r-l,j-q-x	1
摊派	tān pài	15696	an-ang,ai-ei	1
开赛	kāi sài	15697	ai-ei,s-sh	1
万岁	wàn suì	15698	an-ang,s-sh	1
计量	jì liàng	15699	ian-iang,n-l,r-l,j-q-x	1
推介	tuī jiè	15701	ia-ie,j-q-x	1
工钱	gōng qián	15703	ian-iang,j-q-x	1
减产	jiǎn chǎn	15704	an-ang,ian-iang,c-ch,j-q-x	1
荒地	huāng dì	15706	uan-uang,h-f	1
揭幕	jiē mù	15707	ia-ie,j-q-x	1
致电	zhì diàn	15709	ian-iang,z-zh	1
忽而	hū ér	15710	h-f	1
受损	shòu sǔn	15711	ao-ou,s-sh	1
书刊	shū kān	15712	an-ang,s-sh	1
细化	xì huà	15713	ua-uo,h-f,j-q-x	1
直奔	zhí bèn	15714	en-eng,z-zh	1
查阅	chá yuè	15715	c-ch	1
危房	wēi fáng	15716	an-ang,ai-ei,h-f	1
财税	cái shuì	15717	ai-ei,c-ch,s-sh	1
废旧	fèi jiù	15719	ai-ei,h-f,j-q-x	1
持仓	chí cāng	15720	an-ang,c-ch	1
有功	yǒu gōng	15721	ao-ou	1
本性	běn xìng	15722	en-eng,in-ing,j-q-x	1
大路	dà lù	15723	n-l,r-l	1
供热	gōng rè	15725	r-l	1
矿区	kuàng qū	15726	uan-uang,j-q-x	1
谋取	móu qǔ	15727	ao-ou,j-q-x	1
以南	yǐ nán	15728	an-ang,n-l	1
银牌	yín pái	15729	in-ing,ai-ei	1
腹地	fù dì	15730	h-f	1
牧区	mù qū	15731	j-q-x	1
开庭	kāi tíng	15732	in-ing,ai-ei	1
省会	shěng huì	15733	en-eng,s-sh,h-f	1
圣地	shèng dì	15734	en-eng,s-sh	1
荧屏	yíng píng	15735	in-ing	1
图形	tú xíng	15736	in-ing,j-q-x	1
大关	dà guān	15737	uan-uang	1
异地	yì dì	15738		1
有余	yǒu yú	15739	ao-ou	1
回信	huí xìn	15740	in-ing,h-f,j-q-x	1
晋级	jìn jí	15741	in-ing,j-q-x	1
好友	hǎo yǒu	15742	ao-ou,h-f	1
力学	lì xué	15743	n-l,r-l,j-q-x	1
攻势	gōng shì	15744	s-sh	1
没错	méi cuò	15745	ai-ei,ua-uo,c-ch	1
榜单	bǎng dān	15746	an-ang	1
埋头	mái tóu	15747	ai-ei,ao-ou	1
型号	xíng hào	15748	in-ing,ao-ou,h-f,j-q-x	1
以北	yǐ běi	15749	ai-ei	1
求得	qiú dé	15750	j-q-x	1
胸口	xiōng kǒu	15752	ao-ou,j-q-x	1
之首	zhī shǒu	15753	ao-ou,z-zh,s-sh	1
种苗	zhǒng miáo	15755	z-zh	1
防务	fáng wù	15756	an-ang,h-f	1
飞扬	fēi yáng	15757	an-ang,ai-ei,h-f	1
下巴	xià ba	15758	ia-ie,j-q-x	1
低价	dī jià	15759	ia-ie,j-q-x	1
离家	lí jiā	15760	ia-ie,n-l,r-l,j-q-x	1
摘要	zhāi yào	15761	ai-ei,ao-ou,z-zh	1
学派	xué pài	15762	ai-ei,j-q-x	1
享年	xiǎng nián	15763	ian-iang,n-l,j-q-x	1
资讯	zī xùn	15764	z-zh,j-q-x	1
开枪	kāi qiāng	15765	ian-iang,ai-ei,j-q-x	1
外观	wài guān	15766	uan-uang,ai-ei	1
皇家	huáng jiā	15767	uan-uang,ia-ie,h-f,j-q-x	1
梦见	mèng jiàn	15768	en-eng,ian-iang,j-q-x	1
改名	gǎi míng	15769	in-ing,ai-ei	1
接口	jiē kǒu	15770	ao-ou,ia-ie,j-q-x	1
直观	zhí guān	15771	uan-uang,z-zh	1
渤海	bó hǎi	15772	ai-ei,h-f	1
复合	fù hé	15773	h-f	1
国税	guó shuì	15774	ua-uo,s-sh	1
来宾	lái bīn	15775	in-ing,ai-ei,n-l,r-l	1
驱车	qū chē	15777	c-ch,j-q-x	1
条子	tiáo zi	15778	z-zh	1
小鸟	xiǎo niǎo	15779	n-l,j-q-x	1
学界	xué jiè	15780	ia-ie,j-q-x	1
首府	shǒu fǔ	15782	ao-ou,s-sh,h-f	1
无罪	wú zuì	15783	z-zh	1
单边	dān biān	15784	an-ang,ian-iang	1
基建	jī jiàn	15785	ian-iang,j-q-x	1
切断	qiē duàn	15786	uan-uang,ia-ie,j-q-x	1
大兴	dà xīng	15787	in-ing,j-q-x	1
贩卖	fàn mài	15788	an-ang,ai-ei,h-f	1
刑警	xíng jǐng	15789	in-ing,j-q-x	1
安危	ān wēi	15790	an-ang,ai-ei	1
法宝	fǎ bǎo	15791	ao-ou,h-f	1
文集	wén jí	15793	en-eng,j-q-x	1
照着	zhào zhe	15794	ao-ou,z-zh	1
邦交	bāng jiāo	15795	an-ang,j-q-x	1
不敌	bù dí	15796		1
短波	duǎn bō	15797	uan-uang	1
上交	shàng jiāo	15798	an-ang,s-sh,j-q-x	1
对准	duì zhǔn	15800	z-zh	1
分级	fēn jí	15801	en-eng,h-f,j-q-x	1
公德	gōng dé	15802		1
炮兵	pào bīng	15803	in-ing,ao-ou	1
忘掉	wàng diào	15804	an-ang	1
过节	guò jié	15806	ia-ie,ua-uo,j-q-x	1
巨资	jù zī	15808	z-zh,j-q-x	1
长子	zhǎng zǐ	15809	an-ang,z-zh	1
只怕	zhǐ pà	15810	z-zh	1
杠杆	gàng gǎn	15811	an-ang	1
高价	gāo jià	15812	ao-ou,ia-ie,j-q-x	1
过早	guò zǎo	15813	ao-ou,ua-uo,z-zh	1
雷雨	léi yǔ	15815	ai-ei,n-l,r-l	1
歌词	gē cí	15817	c-ch	1
根基	gēn jī	15818	en-eng,j-q-x	1
画像	huà xiàng	15819	ian-iang,ua-uo,h-f,j-q-x	1
入库	rù kù	15820	r-l	1
气流	qì liú	15821	n-l,r-l,j-q-x	1
画展	huà zhǎn	15822	an-ang,ua-uo,z-zh,h-f	1
私利	sī lì	15823	s-sh,n-l,r-l	1
地势	dì shì	15824	s-sh	1
驾车	jià chē	15825	ia-ie,c-ch,j-q-x	1
姐夫	jiě fu	15826	ia-ie,h-f,j-q-x	1
求职	qiú zhí	15827	z-zh,j-q-x	1
河滩	hé tān	15831	an-ang,h-f	1
奖惩	jiǎng chéng	15832	en-eng,ian-iang,c-ch,j-q-x	1
开关	kāi guān	15833	uan-uang,ai-ei	1
重温	chóng wēn	15834	en-eng,c-ch	1
地层	dì céng	15836	en-eng,c-ch	1
着呢	zhe ne	15837	z-zh,n-l	1
专款	zhuān kuǎn	15839	uan-uang,z-zh	1
受命	shòu mìng	15841	in-ing,ao-ou,s-sh	1
义军	yì jūn	15842	j-q-x	1
姑母	gū mǔ	15844		1
扭头	niǔ tóu	15845	ao-ou,n-l	1
伊始	yī shǐ	15846	s-sh	1
大喜	dà xǐ	15847	j-q-x	1
电动	diàn dòng	15848	ian-iang	1
工农	gōng nóng	15849	n-l	1
护照	hù zhào	15850	ao-ou,z-zh,h-f	1
饮用	yǐn yòng	15851	in-ing	1
纵深	zòng shēn	15852	en-eng,z-zh,s-sh	1
定向	dìng xiàng	15854	in-ing,ian-iang,j-q-x	1
宫廷	gōng tíng	15855	in-ing	1
一并	yī bìng	15856	in-ing	1
照亮	zhào liàng	15857	ian-iang,ao-ou,z-zh,n-l,r-l	1
无序	wú xù	15858	j-q-x	1
编导	biān dǎo	15859	ian-iang,ao-ou	1
涉案	shè àn	15863	an-ang,s-sh	1
活性	huó xìng	15864	in-ing,ua-uo,h-f,j-q-x	1
客体	kè tǐ	15865		1
成天	chéng tiān	15866	en-eng,ian-iang,c-ch	1
后世	hòu shì	15867	ao-ou,s-sh,h-f	1
放手	fàng shǒu	15869	an-ang,ao-ou,s-sh,h-f	1
施政	shī zhèng	15870	en-eng,z-zh,s-sh	1
国策	guó cè	15872	ua-uo,c-ch	1
日月	rì yuè	15873	r-l	1
云集	yún jí	15875	j-q-x	1
责成	zé chéng	15876	en-eng,z-zh,c-ch	1
江水	jiāng shuǐ	15877	ian-iang,s-sh,j-q-x	1
伤愈	shāng yù	15878	an-ang,s-sh	1
未卜	wèi bǔ	15879	ai-ei	1
清单	qīng dān	15881	in-ing,an-ang,j-q-x	1
西边	xī bian	15882	ian-iang,j-q-x	1
小儿	xiǎo ér	15883	j-q-x	1
经销	jīng xiāo	15886	in-ing,j-q-x	1
同级	tóng jí	15887	j-q-x	1
外债	wài zhài	15888	ai-ei,z-zh	1
柴油	chái yóu	15889	ai-ei,ao-ou,c-ch	1
负债	fù zhài	15890	ai-ei,z-zh,h-f	1
老远	lǎo yuǎn	15891	uan-uang,ao-ou,n-l,r-l	1
力图	lì tú	15892	n-l,r-l	1
产地	chǎn dì	15893	an-ang,c-ch	1
长叹	cháng tàn	15894	an-ang,c-ch	1
联名	lián míng	15896	in-ing,ian-iang,n-l,r-l	1
史诗	shǐ shī	15897	s-sh	1
板块	bǎn kuài	15898	an-ang	1
发誓	fā shì	15900	s-sh,h-f	1
屡屡	lǚ lǚ	15901	n-l,r-l	1
通电	tōng diàn	15902	ian-iang	1
铜牌	tóng pái	15903	ai-ei	1
畜禽	chù qín	15904	in-ing,c-ch,j-q-x	1
轨迹	guǐ jì	15905	j-q-x	1
时段	shí duàn	15906	uan-uang,s-sh	1
饮酒	yǐn jiǔ	15908	in-ing,j-q-x	1
开战	kāi zhàn	15909	an-ang,ai-ei,z-zh	1
实绩	shí jì	15910	s-sh,j-q-x	1
老爹	lǎo diē	15911	ao-ou,ia-ie,n-l,r-l	1
患病	huàn bìng	15912	in-ing,uan-uang,h-f	1
提振	tí zhèn	15913	en-eng,z-zh	1
不复	bù fù	15914	h-f	1
互为	hù wéi	15915	ai-ei,h-f	1
话音	huà yīn	15916	in-ing,ua-uo,h-f	1
及至	jí zhì	15919	z-zh,j-q-x	1
东欧	dōng ōu	15920	ao-ou	1
默然	mò rán	15921	an-ang,r-l	1
实情	shí qíng	15922	in-ing,s-sh,j-q-x	1
暗地	àn dì	15924	an-ang	1
火烧	huǒ shao	15926	ao-ou,ua-uo,s-sh,h-f	1
步兵	bù bīng	15928	in-ing	1
出声	chū shēng	15929	en-eng,c-ch,s-sh	1
楷模	kǎi mó	15930	ai-ei	1
红酒	hóng jiǔ	15931	h-f,j-q-x	1
中资	zhōng zī	15934	z-zh	1
终点	zhōng diǎn	15935	ian-iang,z-zh	1
昂扬	áng yáng	15937	an-ang	1
麻子	má zi	15938	z-zh	1
无权	wú quán	15940	uan-uang,j-q-x	1
败坏	bài huài	15941	ai-ei,h-f	1
锣鼓	luó gǔ	15942	ua-uo,n-l,r-l	1
机票	jī piào	15944	j-q-x	1
哪能	nǎ néng	15945	en-eng,n-l	1
出线	chū xiàn	15947	ian-iang,c-ch,j-q-x	1
变频	biàn pín	15948	in-ing,ian-iang	1
大将	dà jiàng	15950	ian-iang,j-q-x	1
积压	jī yā	15951	j-q-x	1
移送	yí sòng	15952	s-sh	1
企稳	qǐ wěn	15953	en-eng,j-q-x	1
采矿	cǎi kuàng	15957	uan-uang,ai-ei,c-ch	1
帝王	dì wáng	15958	an-ang	1
营运	yíng yùn	15959	in-ing	1
入股	rù gǔ	15960	r-l	1
车轮	chē lún	15962	c-ch,n-l,r-l	1
隶属	lì shǔ	15963	s-sh,n-l,r-l	1
任教	rèn jiào	15964	en-eng,r-l,j-q-x	1
举手	jǔ shǒu	15967	ao-ou,s-sh,j-q-x	1
杀跌	shā diē	15968	ia-ie,s-sh	1
外围	wài wéi	15970	ai-ei	1
赖以	lài yǐ	15971	ai-ei,n-l,r-l	1
杂文	zá wén	15972	en-eng,z-zh	1
战机	zhàn jī	15973	an-ang,z-zh,j-q-x	1
别说	bié shuō	15974	ia-ie,ua-uo,s-sh	1
名言	míng yán	15975	in-ing,an-ang	1
拟定	nǐ dìng	15976	in-ing,n-l	1
微型	wēi xíng	15977	in-ing,ai-ei,j-q-x	1
香味	xiāng wèi	15978	ian-iang,ai-ei,j-q-x	1
酿成	niàng chéng	15980	en-eng,ian-iang,c-ch,n-l	1
帮教	bāng jiào	15981	an-ang,j-q-x	1
沉积	chén jī	15982	en-eng,c-ch,j-q-x	1
高官	gāo guān	15983	uan-uang,ao-ou	1
降雨	jiàng yǔ	15984	ian-iang,j-q-x	1
兽医	shòu yī	15985	ao-ou,s-sh	1
译本	yì běn	15986	en-eng	1
正要	zhèng yào	15988	en-eng,ao-ou,z-zh	1
政变	zhèng biàn	15989	en-eng,ian-iang,z-zh	1
车门	chē mén	15990	en-eng,c-ch	1
航道	háng dào	15991	an-ang,ao-ou,h-f	1
面色	miàn sè	15992	ian-iang,s-sh	1
自有	zì yǒu	15993	ao-ou,z-zh	1
通航	tōng háng	15994	an-ang,h-f	1
返乡	fǎn xiāng	15995	an-ang,ian-iang,h-f,j-q-x	1
苗木	miáo mù	15996		1
法令	fǎ lìng	15997	in-ing,n-l,h-f,r-l	1
男单	nán dān	15998	an-ang,n-l	1
开国	kāi guó	15999	ai-ei,ua-uo	1
留守	liú shǒu	16000	ao-ou,s-sh,n-l,r-l	1
额度	é dù	16001		1
驻外	zhù wài	16002	ai-ei,z-zh	1
辍学	chuò xué	16003	ua-uo,c-ch,j-q-x	3
规程	guī chéng	16004	en-eng,c-ch	1
上头	shàng tou	16005	an-ang,ao-ou,s-sh	1
吃喝	chī hē	16006	c-ch,h-f	1
出战	chū zhàn	16007	an-ang,z-zh,c-ch	1
合一	hé yī	16009	h-f	1
激素	jī sù	16010	s-sh,j-q-x	1
前身	qián shēn	16011	en-eng,ian-iang,s-sh,j-q-x	1
自已	zì yǐ	16012	z-zh	1
荡荡	dàng dàng	16013	an-ang	1
基石	jī shí	16014	s-sh,j-q-x	1
庙会	miào huì	16015	h-f	1
全权	quán quán	16016	uan-uang,j-q-x	1
展厅	zhǎn tīng	16018	in-ing,an-ang,z-zh	1
自尽	zì jìn	16020	in-ing,z-zh,j-q-x	1
半天	bàn tiān	16021	an-ang,ian-iang	1
独有	dú yǒu	16022	ao-ou	1
明月	míng yuè	16023	in-ing	1
无需	wú xū	16024	j-q-x	1
老者	lǎo zhě	16026	ao-ou,z-zh,n-l,r-l	1
特邀	tè yāo	16027	ao-ou	1
首付	shǒu fù	16029	ao-ou,s-sh,h-f	1
舍得	shě de	16030	s-sh	1
小车	xiǎo chē	16031	c-ch,j-q-x	1
试想	shì xiǎng	16032	ian-iang,s-sh,j-q-x	1
暑期	shǔ qī	16033	s-sh,j-q-x	1
荔枝	lì zhī	16035	z-zh,n-l,r-l	1
作法	zuò fǎ	16036	ua-uo,z-zh,h-f	1
打赢	dǎ yíng	16039	in-ing	1
反问	fǎn wèn	16040	en-eng,an-ang,h-f	1
关中	guān zhōng	16041	uan-uang,z-zh	1
海岛	hǎi dǎo	16042	ai-ei,ao-ou,h-f	1
觉醒	jué xǐng	16043	in-ing,j-q-x	1
事事	shì shì	16044	s-sh	1
召回	zhào huí	16045	ao-ou,z-zh,h-f	1
无心	wú xīn	16046	in-ing,j-q-x	1
逼人	bī rén	16047	en-eng,r-l	1
户外	hù wài	16048	ai-ei,h-f	1
区位	qū wèi	16049	ai-ei,j-q-x	1
归侨	guī qiáo	16051	j-q-x	1
花儿	huā er	16052	ua-uo,h-f	1
近似	jìn sì	16053	in-ing,s-sh,j-q-x	1
失衡	shī héng	16054	en-eng,s-sh,h-f	1
守信	shǒu xìn	16055	in-ing,ao-ou,s-sh,j-q-x	1
难于	nán yú	16057	an-ang,n-l	1
施加	shī jiā	16058	ia-ie,s-sh,j-q-x	1
共和	gòng hé	16059	h-f	1
出血	chū xiě	16060	ia-ie,c-ch,j-q-x	1
涉外	shè wài	16061	ai-ei,s-sh	1
凡事	fán shì	16062	an-ang,s-sh,h-f	1
素材	sù cái	16065	ai-ei,c-ch,s-sh	1
房东	fáng dōng	16067	an-ang,h-f	1
处以	chǔ yǐ	16068	c-ch	1
数值	shù zhí	16070	z-zh,s-sh	1
月刊	yuè kān	16071	an-ang	1
讴歌	ōu gē	16072	ao-ou	3
下调	xià tiáo	16073	ia-ie,j-q-x	1
中专	zhōng zhuān	16076	uan-uang,z-zh	1
大案	dà àn	16078	an-ang	1
机体	jī tǐ	16079	j-q-x	1
加固	jiā gù	16080	ia-ie,j-q-x	1
随笔	suí bǐ	16081	s-sh	1
早餐	zǎo cān	16082	an-ang,ao-ou,z-zh,c-ch	1
专版	zhuān bǎn	16083	an-ang,uan-uang,z-zh	1
公理	gōng lǐ	16084	n-l,r-l	1
汉人	hàn rén	16085	en-eng,an-ang,h-f,r-l	1
旧址	jiù zhǐ	16086	z-zh,j-q-x	1
路灯	lù dēng	16087	en-eng,n-l,r-l	1
求实	qiú shí	16088	s-sh,j-q-x	1
链条	liàn tiáo	16089	ian-iang,n-l,r-l	1
马驹	mǎ jū	16090	j-q-x	1
销路	xiāo lù	16091	n-l,r-l,j-q-x	1
份儿	fèn er	16093	en-eng,h-f	1
丰碑	fēng bēi	16094	en-eng,ai-ei,h-f	1
硅谷	guī gǔ	16095		1
校舍	xiào shè	16097	s-sh,j-q-x	1
工期	gōng qī	16098	j-q-x	1
放慢	fàng màn	16099	an-ang,h-f	1
昆曲	kūn qǔ	16100	j-q-x	1
善后	shàn hòu	16101	an-ang,ao-ou,s-sh,h-f	1
统战	tǒng zhàn	16103	an-ang,z-zh	1
执意	zhí yì	16105	z-zh	1
租界	zū jiè	16106	ia-ie,z-zh,j-q-x	1
准是	zhǔn shì	16107	z-zh,s-sh	1
不致	bù zhì	16108	z-zh	1
共存	gòng cún	16109	c-ch	1
激进	jī jìn	16110	in-ing,j-q-x	1
元年	yuán nián	16112	ian-iang,uan-uang,n-l	1
女单	nǚ dān	16113	an-ang,n-l	1
宰相	zǎi xiàng	16114	ian-iang,ai-ei,z-zh,j-q-x	1
除外	chú wài	16116	ai-ei,c-ch	1
翻盘	fān pán	16117	an-ang,h-f	1
双打	shuāng dǎ	16118	uan-uang,s-sh	1
地税	dì shuì	16119	s-sh	1
河内	hé nèi	16120	ai-ei,n-l,h-f	1
舰艇	jiàn tǐng	16121	in-ing,ian-iang,j-q-x	1
同比	tóng bǐ	16123		1
禀报	bǐng bào	16124	in-ing,ao-ou	1
丧生	sàng shēng	16126	en-eng,an-ang,s-sh	1
教养	jiào yǎng	16129	an-ang,j-q-x	1
美女	měi nǚ	16130	ai-ei,n-l	1
晚期	wǎn qī	16131	an-ang,j-q-x	1
边区	biān qū	16132	ian-iang,j-q-x	1
不等	bù děng	16133	en-eng	1
竞相	jìng xiāng	16134	in-ing,ian-iang,j-q-x	1
年中	nián zhōng	16135	ian-iang,z-zh,n-l	1
记述	jì shù	16137	s-sh,j-q-x	1
叩头	kòu tóu	16138	ao-ou	1
洪涝	hóng lào	16139	ao-ou,n-l,h-f,r-l	1
逆势	nì shì	16140	s-sh,n-l	1
一改	yī gǎi	16142	ai-ei	1
助长	zhù zhǎng	16143	an-ang,z-zh	1
巨型	jù xíng	16144	in-ing,j-q-x	1
林子	lín zi	16145	in-ing,z-zh,n-l,r-l	1
票子	piào zi	16146	z-zh	1
微机	wēi jī	16147	ai-ei,j-q-x	1
质询	zhì xún	16149	z-zh,j-q-x	1
专科	zhuān kē	16151	uan-uang,z-zh	1
考场	kǎo chǎng	16152	an-ang,ao-ou,c-ch	1
满族	mǎn zú	16153	an-ang,z-zh	1
笑意	xiào yì	16154	j-q-x	1
左翼	zuǒ yì	16155	ua-uo,z-zh	1
完了	wán le	16156	an-ang,n-l,r-l	1
公家	gōng jia	16157	ia-ie,j-q-x	1
看上	kàn shàng	16158	an-ang,s-sh	1
农垦	nóng kěn	16160	en-eng,n-l	1
旗袍	qí páo	16161	ao-ou,j-q-x	1
树苗	shù miáo	16162	s-sh	1
环卫	huán wèi	16163	uan-uang,ai-ei,h-f	1
亡国	wáng guó	16164	an-ang,ua-uo	1
初一	chū yī	16166	c-ch	1
金奖	jīn jiǎng	16167	in-ing,ian-iang,j-q-x	1
时限	shí xiàn	16168	ian-iang,s-sh,j-q-x	1
集聚	jí jù	16169	j-q-x	1
失地	shī dì	16171	s-sh	1
先导	xiān dǎo	16172	ian-iang,ao-ou,j-q-x	1
定量	dìng liàng	16173	in-ing,ian-iang,n-l,r-l	1
诗集	shī jí	16174	s-sh,j-q-x	1
中将	zhōng jiàng	16175	ian-iang,z-zh,j-q-x	1
大头	dà tóu	16176	ao-ou	1
忙于	máng yú	16178	an-ang	1
香气	xiāng qì	16180	ian-iang,j-q-x	1
存量	cún liàng	16181	ian-iang,c-ch,n-l,r-l	1
抢占	qiǎng zhàn	16182	an-ang,ian-iang,z-zh,j-q-x	1
西亚	xī yà	16183	j-q-x	1
住户	zhù hù	16184	z-zh,h-f	1
事前	shì qián	16185	ian-iang,s-sh,j-q-x	1
复议	fù yì	16186	h-f	1
牧师	mù shī	16188	s-sh	1
盆地	pén dì	16189	en-eng	1
去处	qù chù	16190	c-ch,j-q-x	1
相邻	xiāng lín	16191	in-ing,ian-iang,n-l,r-l,j-q-x	1
支票	zhī piào	16192	z-zh	1
公馆	gōng guǎn	16195	uan-uang	1
内陆	nèi lù	16196	ai-ei,n-l,r-l	1
切身	qiè shēn	16197	en-eng,ia-ie,s-sh,j-q-x	1
执著	zhí zhuó	16199	ua-uo,z-zh	1
套现	tào xiàn	16200	ian-iang,ao-ou,j-q-x	1
遍及	biàn jí	16202	ian-iang,j-q-x	1
界线	jiè xiàn	16203	ian-iang,ia-ie,j-q-x	1
时评	shí píng	16204	in-ing,s-sh	1
乘势	chéng shì	16205	en-eng,c-ch,s-sh	1
有病	yǒu bìng	16207	in-ing,ao-ou	1
走势	zǒu shì	16209	ao-ou,z-zh,s-sh	1
封堵	fēng dǔ	16210	en-eng,h-f	1
工序	gōng xù	16212	j-q-x	1
粮油	liáng yóu	16213	ian-iang,ao-ou,n-l,r-l	1
新药	xīn yào	16214	in-ing,ao-ou,j-q-x	1
选购	xuǎn gòu	16215	uan-uang,ao-ou,j-q-x	1
氏族	shì zú	16217	z-zh,s-sh	1
付款	fù kuǎn	16218	uan-uang,h-f	1
强奸	qiáng jiān	16219	ian-iang,j-q-x	1
实战	shí zhàn	16220	an-ang,z-zh,s-sh	1
术语	shù yǔ	16221	s-sh	1
店主	diàn zhǔ	16223	ian-iang,z-zh	1
再有	zài yǒu	16224	ai-ei,ao-ou,z-zh	1
后继	hòu jì	16226	ao-ou,h-f,j-q-x	1
随行	suí xíng	16228	in-ing,s-sh,j-q-x	1
作声	zuò shēng	16230	en-eng,ua-uo,z-zh,s-sh	1
画册	huà cè	16231	ua-uo,c-ch,h-f	1
懒得	lǎn de	16232	an-ang,n-l,r-l	1
长廊	cháng láng	16234	an-ang,c-ch,n-l,r-l	1
成套	chéng tào	16235	en-eng,ao-ou,c-ch	1
从政	cóng zhèng	16236	en-eng,z-zh,c-ch	1
墓地	mù dì	16237		1
平房	píng fáng	16238	in-ing,an-ang,h-f	1
风雪	fēng xuě	16239	en-eng,h-f,j-q-x	1
巨变	jù biàn	16241	ian-iang,j-q-x	1
上周	shàng zhōu	16242	an-ang,ao-ou,z-zh,s-sh	1
事变	shì biàn	16243	ian-iang,s-sh	1
圆形	yuán xíng	16244	in-ing,uan-uang,j-q-x	1
指向	zhǐ xiàng	16245	ian-iang,z-zh,j-q-x	1
主业	zhǔ yè	16246	z-zh	1
出嫁	chū jià	16247	ia-ie,c-ch,j-q-x	1
扶助	fú zhù	16248	z-zh,h-f	1
期满	qī mǎn	16249	an-ang,j-q-x	1
运力	yùn lì	16250	n-l,r-l	1
但见	dàn jiàn	16251	an-ang,ian-iang,j-q-x	1
讲求	jiǎng qiú	16252	ian-iang,j-q-x	1
解析	jiě xī	16253	ia-ie,j-q-x	1
进修	jìn xiū	16254	in-ing,j-q-x	1
叔父	shū fù	16255	s-sh,h-f	1
王府	wáng fǔ	16256	an-ang,h-f	1
高地	gāo dì	16258	ao-ou	1
各异	gè yì	16259		1
红灯	hóng dēng	16260	en-eng,h-f	1
声势	shēng shì	16263	en-eng,s-sh	1
中层	zhōng céng	16264	en-eng,z-zh,c-ch	1
劲头	jìn tóu	16266	in-ing,ao-ou,j-q-x	1
拒不	jù bù	16267	j-q-x	1
舞厅	wǔ tīng	16268	in-ing	1
选取	xuǎn qǔ	16270	uan-uang,j-q-x	1
严防	yán fáng	16271	an-ang,h-f	1
免征	miǎn zhēng	16274	en-eng,ian-iang,z-zh	1
宾主	bīn zhǔ	16276	in-ing,z-zh	1
时政	shí zhèng	16277	en-eng,z-zh,s-sh	1
娃子	wá zi	16278	z-zh	1
斩首	zhǎn shǒu	16280	an-ang,ao-ou,z-zh,s-sh	1
注明	zhù míng	16281	in-ing,z-zh	1
兵器	bīng qì	16282	in-ing,j-q-x	1
乖乖	guāi guāi	16283		1
齐声	qí shēng	16284	en-eng,s-sh,j-q-x	1
深信	shēn xìn	16285	en-eng,in-ing,s-sh,j-q-x	1
厚度	hòu dù	16286	ao-ou,h-f	1
停电	tíng diàn	16287	in-ing,ian-iang	1
督察	dū chá	16288	c-ch	1
售票	shòu piào	16290	ao-ou,s-sh	1
合金	hé jīn	16291	in-ing,h-f,j-q-x	1
固守	gù shǒu	16292	ao-ou,s-sh	1
黑影	hēi yǐng	16293	in-ing,ai-ei,h-f	1
弯腰	wān yāo	16294	an-ang,ao-ou	1
半截	bàn jié	16295	an-ang,ia-ie,j-q-x	1
排水	pái shuǐ	16296	ai-ei,s-sh	1
无边	wú biān	16297	ian-iang	1
因果	yīn guǒ	16298	in-ing,ua-uo	1
专场	zhuān chǎng	16299	an-ang,uan-uang,z-zh,c-ch	1
参政	cān zhèng	16300	en-eng,an-ang,z-zh,c-ch	1
升温	shēng wēn	16301	en-eng,s-sh	1
引水	yǐn shuǐ	16302	in-ing,s-sh	1
废弃	fèi qì	16304	ai-ei,h-f,j-q-x	1
分队	fēn duì	16305	en-eng,h-f	1
容器	róng qì	16307	r-l,j-q-x	1
公诉	gōng sù	16308	s-sh	1
过重	guò zhòng	16309	ua-uo,z-zh	1
名次	míng cì	16310	in-ing,c-ch	1
球场	qiú chǎng	16311	an-ang,c-ch,j-q-x	1
上衣	shàng yī	16312	an-ang,s-sh	1
域名	yù míng	16314	in-ing	1
案情	àn qíng	16315	in-ing,an-ang,j-q-x	1
捐资	juān zī	16316	uan-uang,z-zh,j-q-x	1
指针	zhǐ zhēn	16317	en-eng,z-zh	1
不善	bù shàn	16318	an-ang,s-sh	1
军校	jūn xiào	16319	j-q-x	1
山羊	shān yáng	16320	an-ang,s-sh	1
海事	hǎi shì	16322	ai-ei,s-sh,h-f	1
民法	mín fǎ	16323	in-ing,h-f	1
女郎	nǚ láng	16324	an-ang,n-l,r-l	1
等同	děng tóng	16325	en-eng	1
突变	tū biàn	16327	ian-iang	1
王子	wáng zǐ	16328	an-ang,z-zh	1
为数	wéi shù	16329	ai-ei,s-sh	1
有形	yǒu xíng	16330	in-ing,ao-ou,j-q-x	1
演戏	yǎn xì	16333	an-ang,j-q-x	1
衣物	yī wù	16334		1
空客	kōng kè	16335		1
白菜	bái cài	16336	ai-ei,c-ch	1
摒弃	bìng qì	16337	in-ing,j-q-x	3
卡通	kǎ tōng	16339		1
致死	zhì sǐ	16340	z-zh,s-sh	1
对岸	duì àn	16341	an-ang	1
分期	fēn qī	16342	en-eng,h-f,j-q-x	1
报料	bào liào	16343	ao-ou,n-l,r-l	1
归国	guī guó	16344	ua-uo	1
勘查	kān chá	16345	an-ang,c-ch	1
雇员	gù yuán	16348	uan-uang	1
击中	jī zhòng	16349	z-zh,j-q-x	1
良知	liáng zhī	16350	ian-iang,z-zh,n-l,r-l	1
评委	píng wěi	16351	in-ing,ai-ei	1
作证	zuò zhèng	16352	en-eng,ua-uo,z-zh	1
试管	shì guǎn	16353	uan-uang,s-sh	1
引渡	yǐn dù	16355	in-ing	1
中标	zhòng biāo	16356	z-zh	1
不合	bù hé	16357	h-f	1
海区	hǎi qū	16358	ai-ei,h-f,j-q-x	1
新居	xīn jū	16359	in-ing,j-q-x	1
战乱	zhàn luàn	16360	an-ang,uan-uang,z-zh,n-l,r-l	1
阵线	zhèn xiàn	16361	en-eng,ian-iang,z-zh,j-q-x	1
儿媳	ér xí	16362	j-q-x	1
感知	gǎn zhī	16363	an-ang,z-zh	1
授课	shòu kè	16364	ao-ou,s-sh	1
田园	tián yuán	16365	ian-iang,uan-uang	1
校门	xiào mén	16366	en-eng,j-q-x	1
叶片	yè piàn	16367	ian-iang	1
政企	zhèng qǐ	16368	en-eng,z-zh,j-q-x	1
坐标	zuò biāo	16369	ua-uo,z-zh	1
报送	bào sòng	16370	ao-ou,s-sh	1
高祖	gāo zǔ	16373	ao-ou,z-zh	1
剪纸	jiǎn zhǐ	16374	ian-iang,z-zh,j-q-x	1
戒毒	jiè dú	16376	ia-ie,j-q-x	1
冷暖	lěng nuǎn	16377	en-eng,uan-uang,n-l,r-l	1
例行	lì xíng	16378	in-ing,n-l,r-l,j-q-x	1
不意	bù yì	16379		1
查封	chá fēng	16380	en-eng,c-ch,h-f	1
筛查	shāi chá	16381	ai-ei,c-ch,s-sh	1
皮包	pí bāo	16382	ao-ou	1
头等	tóu děng	16383	en-eng,ao-ou	1
种群	zhǒng qún	16384	z-zh,j-q-x	1
长河	cháng hé	16386	an-ang,c-ch,h-f	1
票据	piào jù	16387	j-q-x	1
全集	quán jí	16388	uan-uang,j-q-x	1
月初	yuè chū	16389	c-ch	1
展品	zhǎn pǐn	16390	in-ing,an-ang,z-zh	1
至上	zhì shàng	16391	an-ang,z-zh,s-sh	1
编号	biān hào	16392	ian-iang,ao-ou,h-f	1
技工	jì gōng	16393	j-q-x	1
厉声	lì shēng	16394	en-eng,s-sh,n-l,r-l	1
广度	guǎng dù	16396	uan-uang	1
女兵	nǚ bīng	16398	in-ing,n-l	1
日光	rì guāng	16399	uan-uang,r-l	1
外在	wài zài	16400	ai-ei,z-zh	1
远东	yuǎn dōng	16401	uan-uang	1
道士	dào shi	16402	ao-ou,s-sh	1
增效	zēng xiào	16404	en-eng,z-zh,j-q-x	1
关口	guān kǒu	16405	uan-uang,ao-ou	1
羁押	jī yā	16406	j-q-x	3
实有	shí yǒu	16407	ao-ou,s-sh	1
加班	jiā bān	16408	an-ang,ia-ie,j-q-x	1
分会	fēn huì	16409	en-eng,h-f	1
钓鱼	diào yú	16411		1
即位	jí wèi	16412	ai-ei,j-q-x	1
想见	xiǎng jiàn	16413	ian-iang,j-q-x	1
姨妈	yí mā	16414		1
读本	dú běn	16415	en-eng	1
泪珠	lèi zhū	16416	ai-ei,z-zh,n-l,r-l	1
新意	xīn yì	16417	in-ing,j-q-x	1
出厂	chū chǎng	16418	an-ang,c-ch	1
东边	dōng bian	16419	ian-iang	1
干流	gàn liú	16420	an-ang,n-l,r-l	1
前程	qián chéng	16421	en-eng,ian-iang,c-ch,j-q-x	1
燃气	rán qì	16422	an-ang,r-l,j-q-x	1
相待	xiāng dài	16423	ian-iang,ai-ei,j-q-x	1
机能	jī néng	16424	en-eng,n-l,j-q-x	1
军工	jūn gōng	16425	j-q-x	1
问及	wèn jí	16426	en-eng,j-q-x	1
满身	mǎn shēn	16429	en-eng,an-ang,s-sh	1
修好	xiū hǎo	16431	ao-ou,h-f,j-q-x	1
好话	hǎo huà	16434	ao-ou,ua-uo,h-f	1
免职	miǎn zhí	16435	ian-iang,z-zh	1
电缆	diàn lǎn	16436	an-ang,ian-iang,n-l,r-l	1
冲破	chōng pò	16438	c-ch	1
婚事	hūn shì	16439	s-sh,h-f	1
市容	shì róng	16440	s-sh,r-l	1
外头	wài tou	16441	ai-ei,ao-ou	1
征税	zhēng shuì	16442	en-eng,z-zh,s-sh	1
总管	zǒng guǎn	16443	uan-uang,z-zh	1
定理	dìng lǐ	16444	in-ing,n-l,r-l	1
后生	hòu shēng	16445	en-eng,ao-ou,s-sh,h-f	1
旗号	qí hào	16446	ao-ou,h-f,j-q-x	1
古籍	gǔ jí	16447	j-q-x	1
少将	shào jiàng	16448	ian-iang,ao-ou,s-sh,j-q-x	1
晚间	wǎn jiān	16449	an-ang,ian-iang,j-q-x	1
新婚	xīn hūn	16450	in-ing,h-f,j-q-x	1
烟囱	yān cōng	16451	an-ang,c-ch	1
战时	zhàn shí	16452	an-ang,z-zh,s-sh	1
周转	zhōu zhuǎn	16453	uan-uang,ao-ou,z-zh	1
出示	chū shì	16454	c-ch,s-sh	1
代为	dài wéi	16455	ai-ei	1
管护	guǎn hù	16456	uan-uang,h-f	1
喇嘛	lǎ ma	16457	n-l,r-l	1
历年	lì nián	16458	ian-iang,n-l,r-l	1
扭亏	niǔ kuī	16459	n-l	1
勤政	qín zhèng	16460	en-eng,in-ing,z-zh,j-q-x	1
通话	tōng huà	16461	ua-uo,h-f	1
宝珠	bǎo zhū	16462	ao-ou,z-zh	1
博得	bó dé	16463		1
盘活	pán huó	16464	an-ang,ua-uo,h-f	1
军警	jūn jǐng	16465	in-ing,j-q-x	1
拦截	lán jié	16466	an-ang,ia-ie,n-l,r-l,j-q-x	1
耶稣	yē sū	16469	s-sh	2
战火	zhàn huǒ	16470	an-ang,ua-uo,z-zh,h-f	1
杆子	gān zi	16471	an-ang,z-zh	1
棉被	mián bèi	16473	ian-iang,ai-ei	1
颇具	pō jù	16474	j-q-x	1
西域	xī yù	16475	j-q-x	1
得主	dé zhǔ	16476	z-zh	1
老少	lǎo shào	16477	ao-ou,s-sh,n-l,r-l	1
票房	piào fáng	16478	an-ang,h-f	1
平平	píng píng	16479	in-ing	1
伤残	shāng cán	16480	an-ang,c-ch,s-sh	1
多多	duō duō	16481	ua-uo	1
分批	fēn pī	16482	en-eng,h-f	1
国库	guó kù	16483	ua-uo	1
参看	cān kàn	16484	an-ang,c-ch	1
督导	dū dǎo	16485	ao-ou	1
假话	jiǎ huà	16486	ia-ie,ua-uo,h-f,j-q-x	1
冷水	lěng shuǐ	16487	en-eng,s-sh,n-l,r-l	1
起见	qǐ jiàn	16488	ian-iang,j-q-x	1
有得	yǒu dé	16490	ao-ou	1
足足	zú zú	16492	z-zh	1
幼虫	yòu chóng	16494	ao-ou,c-ch	1
安然	ān rán	16495	an-ang,r-l	1
沙丘	shā qiū	16496	s-sh,j-q-x	1
碎片	suì piàn	16497	ian-iang,s-sh	1
症结	zhēng jié	16499	en-eng,ia-ie,z-zh,j-q-x	1
午夜	wǔ yè	16502		1
干劲	gàn jìn	16505	in-ing,an-ang,j-q-x	1
公文	gōng wén	16506	en-eng	1
诊治	zhěn zhì	16508	en-eng,z-zh	1
自筹	zì chóu	16509	ao-ou,z-zh,c-ch	1
划定	huà dìng	16510	in-ing,ua-uo,h-f	1
年份	nián fèn	16511	en-eng,ian-iang,n-l,h-f	1
世事	shì shì	16512	s-sh	1
主子	zhǔ zi	16515	z-zh	1
绝非	jué fēi	16516	ai-ei,h-f,j-q-x	1
贴息	tiē xī	16517	ia-ie,j-q-x	1
闻讯	wén xùn	16518	en-eng,j-q-x	1
州长	zhōu cháng	16519	an-ang,ao-ou,z-zh,c-ch	1
重现	chóng xiàn	16520	ian-iang,c-ch,j-q-x	1
解困	jiě kùn	16521	ia-ie,j-q-x	1
抗灾	kàng zāi	16522	an-ang,ai-ei,z-zh	1
男篮	nán lán	16523	an-ang,n-l,r-l	1
长发	cháng fā	16524	an-ang,c-ch,h-f	1
分赴	fēn fù	16525	en-eng,h-f	1
铁人	tiě rén	16528	en-eng,ia-ie,r-l	1
感应	gǎn yìng	16529	in-ing,an-ang	1
楼道	lóu dào	16530	ao-ou,n-l,r-l	1
下文	xià wén	16531	en-eng,ia-ie,j-q-x	1
重托	zhòng tuō	16532	ua-uo,z-zh	1
波长	bō cháng	16533	an-ang,c-ch	1
功绩	gōng jì	16534	j-q-x	1
环流	huán liú	16535	uan-uang,n-l,h-f,r-l	1
摊位	tān wèi	16536	an-ang,ai-ei	1
透视	tòu shì	16537	ao-ou,s-sh	1
自救	zì jiù	16538	z-zh,j-q-x	1
作坊	zuō fang	16539	an-ang,ua-uo,z-zh,h-f	1
肝炎	gān yán	16540	an-ang	1
主攻	zhǔ gōng	16541	z-zh	1
微小	wēi xiǎo	16543	ai-ei,j-q-x	1
召见	zhào jiàn	16544	ian-iang,ao-ou,z-zh,j-q-x	1
建构	jiàn gòu	16547	ian-iang,ao-ou,j-q-x	1
无益	wú yì	16548		1
新作	xīn zuò	16549	in-ing,ua-uo,z-zh,j-q-x	1
标明	biāo míng	16550	in-ing	1
硫酸	liú suān	16551	uan-uang,s-sh,n-l,r-l	1
特级	tè jí	16552	j-q-x	1
新书	xīn shū	16553	in-ing,s-sh,j-q-x	1
缴存	jiǎo cún	16554	c-ch,j-q-x	1
大帅	dà shuài	16556	s-sh	1
对流	duì liú	16558	n-l,r-l	1
茶几	chá jī	16559	c-ch,j-q-x	1
吸附	xī fù	16560	h-f,j-q-x	1
组团	zǔ tuán	16561	uan-uang,z-zh	1
怀有	huái yǒu	16563	ao-ou,h-f	1
太极	tài jí	16564	ai-ei,j-q-x	1
为生	wéi shēng	16565	en-eng,ai-ei,s-sh	1
文选	wén xuǎn	16566	en-eng,uan-uang,j-q-x	1
哎哟	āi yō	16569	ai-ei	1
驳回	bó huí	16570	h-f	1
荣立	róng lì	16571	n-l,r-l	1
邮电	yóu diàn	16572	ian-iang,ao-ou	1
副官	fù guān	16574	uan-uang,h-f	1
红花	hóng huā	16575	ua-uo,h-f	1
教徒	jiào tú	16576	j-q-x	1
雪地	xuě dì	16578	j-q-x	1
殷切	yīn qiè	16579	in-ing,ia-ie,j-q-x	1
专线	zhuān xiàn	16580	ian-iang,uan-uang,z-zh,j-q-x	1
复查	fù chá	16581	c-ch,h-f	1
派驻	pài zhù	16582	ai-ei,z-zh	1
争冠	zhēng guàn	16583	en-eng,uan-uang,z-zh	1
圣经	shèng jīng	16585	en-eng,in-ing,s-sh,j-q-x	1
胎儿	tāi ér	16586	ai-ei	1
合计	hé ji	16587	h-f,j-q-x	1
瞧见	qiáo jiàn	16588	ian-iang,j-q-x	1
特写	tè xiě	16590	ia-ie,j-q-x	1
涂料	tú liào	16593	n-l,r-l	1
天桥	tiān qiáo	16595	ian-iang,j-q-x	1
查验	chá yàn	16599	an-ang,c-ch	1
木刻	mù kè	16600		1
同心	tóng xīn	16601	in-ing,j-q-x	1
午餐	wǔ cān	16602	an-ang,c-ch	1
新诗	xīn shī	16603	in-ing,s-sh,j-q-x	1
朝气	zhāo qì	16604	ao-ou,z-zh,j-q-x	1
防控	fáng kòng	16606	an-ang,h-f	1
菜鸟	cài niǎo	16607	ai-ei,c-ch,n-l	1
叫停	jiào tíng	16608	in-ing,j-q-x	1
年华	nián huá	16609	ian-iang,ua-uo,n-l,h-f	1
运算	yùn suàn	16611	uan-uang,s-sh	1
下层	xià céng	16612	en-eng,ia-ie,c-ch,j-q-x	1
走强	zǒu qiáng	16613	ian-iang,ao-ou,z-zh,j-q-x	1
意象	yì xiàng	16614	ian-iang,j-q-x	1
制剂	zhì jì	16615	z-zh,j-q-x	1
转轨	zhuǎn guǐ	16616	uan-uang,z-zh	1
打通	dǎ tōng	16617		1
耳光	ěr guāng	16618	uan-uang	1
耗子	hào zi	16619	ao-ou,z-zh,h-f	1
机床	jī chuáng	16620	uan-uang,c-ch,j-q-x	1
交融	jiāo róng	16621	r-l,j-q-x	1
空话	kōng huà	16622	ua-uo,h-f	1
口子	kǒu zi	16623	ao-ou,z-zh	1
农用	nóng yòng	16624	n-l	1
聘任	pìn rèn	16625	en-eng,in-ing,r-l	1
抒发	shū fā	16626	s-sh,h-f	1
税法	shuì fǎ	16627	s-sh,h-f	1
应变	yìng biàn	16629	in-ing,ian-iang	1
多发	duō fā	16630	ua-uo,h-f	1
非得	fēi děi	16631	ai-ei,h-f	1
腹部	fù bù	16632	h-f	1
海里	hǎi lǐ	16634	ai-ei,n-l,h-f,r-l	1
技师	jì shī	16635	s-sh,j-q-x	1
维稳	wéi wěn	16636	en-eng,ai-ei	1
截流	jié liú	16637	ia-ie,n-l,r-l,j-q-x	1
零星	líng xīng	16638	in-ing,n-l,r-l,j-q-x	1
政界	zhèng jiè	16639	en-eng,ia-ie,z-zh,j-q-x	1
福彩	fú cǎi	16642	ai-ei,c-ch,h-f	1
失掉	shī diào	16643	s-sh	1
执教	zhí jiào	16644	z-zh,j-q-x	1
既而	jì ér	16645	j-q-x	1
装作	zhuāng zuò	16647	uan-uang,ua-uo,z-zh	1
背离	bèi lí	16648	ai-ei,n-l,r-l	1
剧情	jù qíng	16649	in-ing,j-q-x	1
情境	qíng jìng	16650	in-ing,j-q-x	1
文教	wén jiào	16651	en-eng,j-q-x	1
感性	gǎn xìng	16654	in-ing,an-ang,j-q-x	1
会展	huì zhǎn	16655	an-ang,z-zh,h-f	1
棉袄	mián ǎo	16656	ian-iang,ao-ou	1
屠宰	tú zǎi	16657	ai-ei,z-zh	1
洗礼	xǐ lǐ	16658	n-l,r-l,j-q-x	1
险情	xiǎn qíng	16659	in-ing,ian-iang,j-q-x	1
行刑	xíng xíng	16660	in-ing,j-q-x	1
要位	yào wèi	16661	ai-ei,ao-ou	1
逾期	yú qī	16662	j-q-x	1
中立	zhōng lì	16663	z-zh,n-l,r-l	1
暴发	bào fā	16664	ao-ou,h-f	1
裁军	cái jūn	16665	ai-ei,c-ch,j-q-x	1
服役	fú yì	16666	h-f	1
讲学	jiǎng xué	16667	ian-iang,j-q-x	1
渎职	dú zhí	16668	z-zh	3
广为	guǎng wéi	16669	uan-uang,ai-ei	1
横幅	héng fú	16670	en-eng,h-f	1
交战	jiāo zhàn	16671	an-ang,z-zh,j-q-x	1
协办	xié bàn	16672	an-ang,ia-ie,j-q-x	1
重用	zhòng yòng	16673	z-zh	1
劳改	láo gǎi	16674	ai-ei,ao-ou,n-l,r-l	1
取证	qǔ zhèng	16675	en-eng,z-zh,j-q-x	1
烧伤	shāo shāng	16676	an-ang,ao-ou,s-sh	1
摊子	tān zi	16677	an-ang,z-zh	1
侄儿	zhí er	16679	z-zh	1
大法	dà fǎ	16680	h-f	1
友爱	yǒu ài	16682	ai-ei,ao-ou	1
援引	yuán yǐn	16683	in-ing,uan-uang	1
抓手	zhuā shǒu	16684	ao-ou,ua-uo,z-zh,s-sh	1
后头	hòu tou	16685	ao-ou,h-f	1
乡土	xiāng tǔ	16686	ian-iang,j-q-x	1
征兵	zhēng bīng	16687	en-eng,in-ing,z-zh	1
衬衣	chèn yī	16688	en-eng,c-ch	1
金星	jīn xīng	16689	in-ing,j-q-x	1
侨眷	qiáo juàn	16690	uan-uang,j-q-x	1
停业	tíng yè	16691	in-ing	1
消协	xiāo xié	16692	ia-ie,j-q-x	1
凸现	tū xiàn	16693	ian-iang,j-q-x	1
不符	bù fú	16694	h-f	1
佳绩	jiā jì	16695	ia-ie,j-q-x	1
上牌	shàng pái	16696	an-ang,ai-ei,s-sh	1
军团	jūn tuán	16697	uan-uang,j-q-x	1
送达	sòng dá	16698	s-sh	1
酒驾	jiǔ jià	16700	ia-ie,j-q-x	1
党籍	dǎng jí	16701	an-ang,j-q-x	1
检举	jiǎn jǔ	16702	ian-iang,j-q-x	1
精兵	jīng bīng	16703	in-ing,j-q-x	1
距今	jù jīn	16704	in-ing,j-q-x	1
自语	zì yǔ	16705	z-zh	1
不实	bù shí	16706	s-sh	1
底子	dǐ zi	16708	z-zh	1
首选	shǒu xuǎn	16710	uan-uang,ao-ou,s-sh,j-q-x	1
因之	yīn zhī	16711	in-ing,z-zh	1
长假	cháng jià	16713	an-ang,ia-ie,c-ch,j-q-x	1
电磁	diàn cí	16714	ian-iang,c-ch	1
活人	huó rén	16715	en-eng,ua-uo,h-f,r-l	1
农林	nóng lín	16716	in-ing,n-l,r-l	1
随同	suí tóng	16717	s-sh	1
写实	xiě shí	16718	ia-ie,s-sh,j-q-x	1
一怔	yī zhèng	16719	en-eng,z-zh	1
育苗	yù miáo	16720		1
场次	chǎng cì	16722	an-ang,c-ch	1
本意	běn yì	16723	en-eng	1
承建	chéng jiàn	16724	en-eng,ian-iang,c-ch,j-q-x	1
地热	dì rè	16725	r-l	1
课外	kè wài	16726	ai-ei	1
抨击	pēng jī	16727	en-eng,j-q-x	3
唱戏	chàng xì	16728	an-ang,c-ch,j-q-x	1
触及	chù jí	16729	c-ch,j-q-x	1
中兴	zhōng xīng	16731	in-ing,z-zh,j-q-x	1
大举	dà jǔ	16732	j-q-x	1
部将	bù jiàng	16733	ian-iang,j-q-x	1
日产	rì chǎn	16735	an-ang,c-ch,r-l	1
施用	shī yòng	16736	s-sh	1
跃进	yuè jìn	16737	in-ing,j-q-x	1
作响	zuò xiǎng	16738	ian-iang,ua-uo,z-zh,j-q-x	1
荟萃	huì cuì	16739	c-ch,h-f	2
适于	shì yú	16740	s-sh	1
下榻	xià tà	16741	ia-ie,j-q-x	3
新秀	xīn xiù	16742	in-ing,j-q-x	1
营地	yíng dì	16743	in-ing	1
自幼	zì yòu	16744	ao-ou,z-zh	1
不适	bù shì	16745	s-sh	1
合伙	hé huǒ	16746	ua-uo,h-f	1
巾帼	jīn guó	16747	in-ing,ua-uo,j-q-x	3
邻里	lín lǐ	16748	in-ing,n-l,r-l	1
轮值	lún zhí	16749	z-zh,n-l,r-l	1
樱桃	yīng tao	16750	in-ing,ao-ou	1
租金	zū jīn	16751	in-ing,z-zh,j-q-x	1
警车	jǐng chē	16752	in-ing,c-ch,j-q-x	1
可不	kě bù	16753		1
来去	lái qù	16754	ai-ei,n-l,r-l,j-q-x	1
现役	xiàn yì	16755	ian-iang,j-q-x	1
奶妈	nǎi mā	16757	ai-ei,n-l	1
轻重	qīng zhòng	16758	in-ing,z-zh,j-q-x	1
纵队	zòng duì	16759	z-zh	1
光纤	guāng xiān	16760	ian-iang,uan-uang,j-q-x	1
女友	nǚ yǒu	16761	ao-ou,n-l	1
些小	xiē xiǎo	16762	ia-ie,j-q-x	1
大宗	dà zōng	16763	z-zh	1
刻意	kè yì	16764		1
登门	dēng mén	16769	en-eng	1
国力	guó lì	16770	ua-uo,n-l,r-l	1
名利	míng lì	16772	in-ing,n-l,r-l	1
全员	quán yuán	16773	uan-uang,j-q-x	1
转制	zhuǎn zhì	16774	uan-uang,z-zh	1
测控	cè kòng	16775	c-ch	1
插入	chā rù	16776	c-ch,r-l	1
成群	chéng qún	16777	en-eng,c-ch,j-q-x	1
劳教	láo jiào	16778	ao-ou,n-l,r-l,j-q-x	1
室外	shì wài	16779	ai-ei,s-sh	1
玩弄	wán nòng	16780	an-ang,n-l	1
用语	yòng yǔ	16781		1
顺差	shùn chā	16782	c-ch,s-sh	1
托管	tuō guǎn	16783	uan-uang,ua-uo	1
砖头	zhuān tóu	16784	uan-uang,ao-ou,z-zh	1
桌面	zhuō miàn	16785	ian-iang,ua-uo,z-zh	1
夯实	hāng shí	16787	an-ang,s-sh,h-f	1
好在	hǎo zài	16788	ai-ei,ao-ou,z-zh,h-f	1
集镇	jí zhèn	16789	en-eng,z-zh,j-q-x	1
水文	shuǐ wén	16790	en-eng,s-sh	1
思议	sī yì	16791	s-sh	1
转而	zhuǎn ér	16792	uan-uang,z-zh	1
不待	bù dài	16793	ai-ei	1
敌军	dí jūn	16794	j-q-x	1
哗哗	huá huá	16796	ua-uo,h-f	1
减缓	jiǎn huǎn	16797	ian-iang,uan-uang,h-f,j-q-x	1
隆隆	lóng lóng	16799	n-l,r-l	1
亲信	qīn xìn	16800	in-ing,j-q-x	1
发兵	fā bīng	16801	in-ing,h-f	1
乱象	luàn xiàng	16802	ian-iang,uan-uang,n-l,r-l,j-q-x	1
实干	shí gàn	16803	an-ang,s-sh	1
速率	sù lǜ	16804	s-sh,n-l,r-l	1
一任	yī rèn	16805	en-eng,r-l	1
用兵	yòng bīng	16806	in-ing	1
拐点	guǎi diǎn	16808	ian-iang	1
表格	biǎo gé	16809		1
潜能	qián néng	16810	en-eng,ian-iang,n-l,j-q-x	1
亲临	qīn lín	16811	in-ing,n-l,r-l,j-q-x	1
编排	biān pái	16813	ian-iang,ai-ei	1
互通	hù tōng	16814	h-f	1
积淀	jī diàn	16815	ian-iang,j-q-x	1
苦干	kǔ gàn	16816	an-ang	1
盟国	méng guó	16817	en-eng,ua-uo	1
苗族	miáo zú	16818	z-zh	1
晚餐	wǎn cān	16819	an-ang,c-ch	1
卫冕	wèi miǎn	16820	ian-iang,ai-ei	3
不慎	bù shèn	16821	en-eng,s-sh	1
堂屋	táng wū	16823	an-ang	1
性子	xìng zi	16824	in-ing,z-zh,j-q-x	1
并购	bìng gòu	16826	in-ing,ao-ou	1
得当	dé dàng	16827	an-ang	1
多于	duō yú	16828	ua-uo	1
睦邻	mù lín	16829	in-ing,n-l,r-l	1
三北	sān běi	16830	an-ang,ai-ei,s-sh	1
盛世	shèng shì	16831	en-eng,s-sh	1
直言	zhí yán	16832	an-ang,z-zh	1
车手	chē shǒu	16834	ao-ou,c-ch,s-sh	1
告状	gào zhuàng	16836	uan-uang,ao-ou,z-zh	1
闹事	nào shì	16838	ao-ou,s-sh,n-l	1
收看	shōu kàn	16839	an-ang,ao-ou,s-sh	1
邪说	xié shuō	16840	ia-ie,ua-uo,s-sh,j-q-x	1
兵马	bīng mǎ	16841	in-ing	1
军旅	jūn lǚ	16843	n-l,r-l,j-q-x	1
偏离	piān lí	16844	ian-iang,n-l,r-l	1
接报	jiē bào	16845	ao-ou,ia-ie,j-q-x	1
万国	wàn guó	16846	an-ang,ua-uo	1
不当	bù dàng	16847	an-ang	1
精选	jīng xuǎn	16848	in-ing,uan-uang,j-q-x	1
明了	míng liǎo	16849	in-ing,n-l,r-l	1
挺进	tǐng jìn	16850	in-ing,j-q-x	1
标的	biāo dì	16851		1
拨付	bō fù	16852	h-f	1
超导	chāo dǎo	16853	ao-ou,c-ch	1
乌龙	wū lóng	16854	n-l,r-l	1
妄图	wàng tú	16855	an-ang	1
增高	zēng gāo	16856	en-eng,ao-ou,z-zh	1
女篮	nǚ lán	16860	an-ang,n-l,r-l	1
无助	wú zhù	16861	z-zh	1
子时	zǐ shí	16862	z-zh,s-sh	1
白话	bái huà	16863	ai-ei,ua-uo,h-f	1
寄予	jì yǔ	16864	j-q-x	1
死伤	sǐ shāng	16865	an-ang,s-sh	1
饭桌	fàn zhuō	16868	an-ang,ua-uo,z-zh,h-f	1
赛车	sài chē	16869	ai-ei,c-ch,s-sh	1
省得	shěng de	16870	en-eng,s-sh	1
水温	shuǐ wēn	16871	en-eng,s-sh	1
底层	dǐ céng	16872	en-eng,c-ch	1
何故	hé gù	16873	h-f	1
铁军	tiě jūn	16874	ia-ie,j-q-x	1
偷税	tōu shuì	16875	ao-ou,s-sh	1
得手	dé shǒu	16877	ao-ou,s-sh	1
独到	dú dào	16878	ao-ou	1
国立	guó lì	16880	ua-uo,n-l,r-l	1
过大	guò dà	16881	ua-uo	1
己任	jǐ rèn	16882	en-eng,r-l,j-q-x	1
冷汗	lěng hàn	16883	en-eng,an-ang,n-l,h-f,r-l	1
无望	wú wàng	16884	an-ang	1
选集	xuǎn jí	16885	uan-uang,j-q-x	1
伯父	bó fù	16887	h-f	1
减税	jiǎn shuì	16889	ian-iang,s-sh,j-q-x	1
突厥	tū jué	16894	j-q-x	3
外形	wài xíng	16895	in-ing,ai-ei,j-q-x	1
修缮	xiū shàn	16896	an-ang,s-sh,j-q-x	3
报关	bào guān	16897	uan-uang,ao-ou	1
跌停	diē tíng	16898	in-ing,ia-ie	1
摄制	shè zhì	16899	z-zh,s-sh	1
援建	yuán jiàn	16900	ian-iang,uan-uang,j-q-x	1
表哥	biǎo gē	16903		1
充斥	chōng chì	16904	c-ch	1
电费	diàn fèi	16905	ian-iang,ai-ei,h-f	1
卷烟	juǎn yān	16906	an-ang,uan-uang,j-q-x	1
千秋	qiān qiū	16907	ian-iang,j-q-x	1
公职	gōng zhí	16908	z-zh	1
缉私	jī sī	16909	s-sh,j-q-x	1
位子	wèi zi	16910	ai-ei,z-zh	1
就绪	jiù xù	16911	j-q-x	1
灭火	miè huǒ	16912	ia-ie,ua-uo,h-f	1
上阵	shàng zhèn	16913	en-eng,an-ang,z-zh,s-sh	1
听差	tīng chāi	16914	in-ing,ai-ei,c-ch	1
选题	xuǎn tí	16915	uan-uang,j-q-x	1
以期	yǐ qī	16916	j-q-x	1
折合	zhé hé	16917	z-zh,h-f	1
贮存	zhù cún	16918	z-zh,c-ch	1
报国	bào guó	16919	ao-ou,ua-uo	1
答话	dá huà	16920	ua-uo,h-f	1
获利	huò lì	16921	ua-uo,n-l,h-f,r-l	1
群山	qún shān	16922	an-ang,s-sh,j-q-x	1
士官	shì guān	16923	uan-uang,s-sh	1
途经	tú jīng	16924	in-ing,j-q-x	1
下棋	xià qí	16925	ia-ie,j-q-x	1
先期	xiān qī	16926	ian-iang,j-q-x	1
彝族	yí zú	16927	z-zh	3
表妹	biǎo mèi	16928	ai-ei	1
厨子	chú zi	16929	z-zh,c-ch	1
结案	jié àn	16931	an-ang,ia-ie,j-q-x	1
石窟	shí kū	16933	s-sh	1
承接	chéng jiē	16934	en-eng,ia-ie,c-ch,j-q-x	1
答卷	dá juàn	16935	uan-uang,j-q-x	1
货款	huò kuǎn	16936	uan-uang,ua-uo,h-f	1
景气	jǐng qì	16937	in-ing,j-q-x	1
开眼	kāi yǎn	16938	an-ang,ai-ei	1
女神	nǚ shén	16940	en-eng,s-sh,n-l	1
式样	shì yàng	16941	an-ang,s-sh	1
党纪	dǎng jì	16943	an-ang,j-q-x	1
分区	fēn qū	16944	en-eng,h-f,j-q-x	1
关乎	guān hū	16945	uan-uang,h-f	1
手印	shǒu yìn	16947	in-ing,ao-ou,s-sh	1
特命	tè mìng	16948	in-ing	1
推诿	tuī wěi	16949	ai-ei	3
水汽	shuǐ qì	16951	s-sh,j-q-x	1
特许	tè xǔ	16952	j-q-x	1
择优	zé yōu	16954	ao-ou,z-zh	1
幌子	huǎng zi	16955	uan-uang,z-zh,h-f	1
列强	liè qiáng	16957	ian-iang,ia-ie,n-l,r-l,j-q-x	1
零下	líng xià	16958	in-ing,ia-ie,n-l,r-l,j-q-x	1
薪水	xīn shui	16959	in-ing,s-sh,j-q-x	1
耗资	hào zī	16961	ao-ou,z-zh,h-f	1
佳作	jiā zuò	16962	ia-ie,ua-uo,z-zh,j-q-x	1
进货	jìn huò	16963	in-ing,ua-uo,h-f,j-q-x	1
采风	cǎi fēng	16964	en-eng,ai-ei,c-ch,h-f	1
两极	liǎng jí	16966	ian-iang,n-l,r-l,j-q-x	1
兴衰	xīng shuāi	16967	in-ing,s-sh,j-q-x	1
卢布	lú bù	16968	n-l,r-l	1
联营	lián yíng	16970	in-ing,ian-iang,n-l,r-l	1
强力	qiáng lì	16971	ian-iang,n-l,r-l,j-q-x	1
嫂嫂	sǎo sao	16972	ao-ou,s-sh	1
拆分	chāi fēn	16974	en-eng,ai-ei,c-ch,h-f	1
跃居	yuè jū	16976	j-q-x	1
自居	zì jū	16977	z-zh,j-q-x	1
科幻	kē huàn	16979	uan-uang,h-f	1
上司	shàng si	16981	an-ang,s-sh	1
退伍	tuì wǔ	16982		1
胸部	xiōng bù	16983	j-q-x	1
优劣	yōu liè	16984	ao-ou,ia-ie,n-l,r-l	1
张嘴	zhāng zuǐ	16985	an-ang,z-zh	1
地缘	dì yuán	16986	uan-uang	1
后顾	hòu gù	16987	ao-ou,h-f	1
气压	qì yā	16988	j-q-x	1
史实	shǐ shí	16989	s-sh	1
大漠	dà mò	16990		1
末期	mò qī	16992	j-q-x	1
沿用	yán yòng	16993	an-ang	1
出游	chū yóu	16994	ao-ou,c-ch	1
伙食	huǒ shí	16995	ua-uo,s-sh,h-f	1
落泪	luò lèi	16996	ai-ei,ua-uo,n-l,r-l	1
莫大	mò dà	16997		1
肉类	ròu lèi	16998	ai-ei,ao-ou,n-l,r-l	1
收录	shōu lù	16999	ao-ou,s-sh,n-l,r-l	1
殊荣	shū róng	17000	s-sh,r-l	1
体味	tǐ wèi	17001	ai-ei	1
伯母	bó mǔ	17003		1
黑洞	hēi dòng	17004	ai-ei,h-f	1
纳闷	nà mèn	17006	en-eng,n-l	1
波音	bō yīn	17007	in-ing	1
大名	dà míng	17008	in-ing	1
秸秆	jiē gǎn	17009	an-ang,ia-ie,j-q-x	1
配股	pèi gǔ	17010	ai-ei	1
金秋	jīn qiū	17011	in-ing,j-q-x	1
沙尘	shā chén	17012	en-eng,c-ch,s-sh	1
税制	shuì zhì	17013	z-zh,s-sh	1
战犯	zhàn fàn	17014	an-ang,z-zh,h-f	1
摆设	bǎi she	17015	ai-ei,s-sh	1
挂职	guà zhí	17017	ua-uo,z-zh	1
进兵	jìn bīng	17019	in-ing,j-q-x	1
棱镜	léng jìng	17020	en-eng,in-ing,n-l,r-l,j-q-x	1
乙肝	yǐ gān	17021	an-ang	1
风速	fēng sù	17022	en-eng,s-sh,h-f	1
建制	jiàn zhì	17023	ian-iang,z-zh,j-q-x	1
上房	shàng fáng	17024	an-ang,s-sh,h-f	1
问话	wèn huà	17025	en-eng,ua-uo,h-f	1
戏台	xì tái	17026	ai-ei,j-q-x	1
下身	xià shēn	17027	en-eng,ia-ie,s-sh,j-q-x	1
昭示	zhāo shì	17028	ao-ou,z-zh,s-sh	1
按期	àn qī	17029	an-ang,j-q-x	1
华中	huá zhōng	17030	ua-uo,z-zh,h-f	1
千瓦	qiān wǎ	17031	ian-iang,j-q-x	1
升学	shēng xué	17032	en-eng,s-sh,j-q-x	1
口粮	kǒu liáng	17035	ian-iang,ao-ou,n-l,r-l	1
两端	liǎng duān	17036	ian-iang,uan-uang,n-l,r-l	1
嚷嚷	rāng rang	17037	an-ang,r-l	1
无暇	wú xiá	17038	ia-ie,j-q-x	1
有钱	yǒu qián	17039	ian-iang,ao-ou,j-q-x	1
青稞	qīng kē	17043	in-ing,j-q-x	3
致病	zhì bìng	17044	in-ing,z-zh	1
网格	wǎng gé	17045	an-ang	1
转发	zhuǎn fā	17046	uan-uang,z-zh,h-f	1
光缆	guāng lǎn	17047	an-ang,uan-uang,n-l,r-l	1
河口	hé kǒu	17048	ao-ou,h-f	1
后卫	hòu wèi	17049	ai-ei,ao-ou,h-f	1
苦痛	kǔ tòng	17050		1
相看	xiāng kàn	17053	an-ang,ian-iang,j-q-x	1
断面	duàn miàn	17055	ian-iang,uan-uang	1
老子	lǎo zi	17056	ao-ou,z-zh,n-l,r-l	1
猛增	měng zēng	17057	en-eng,z-zh	1
下头	xià tou	17058	ao-ou,ia-ie,j-q-x	1
间谍	jiàn dié	17059	ian-iang,ia-ie,j-q-x	1
招工	zhāo gōng	17060	ao-ou,z-zh	1
主旨	zhǔ zhǐ	17061	z-zh	1
瓜果	guā guǒ	17063	ua-uo	1
会诊	huì zhěn	17064	en-eng,z-zh,h-f	1
弱者	ruò zhě	17065	ua-uo,z-zh,r-l	1
为时	wéi shí	17066	ai-ei,s-sh	1
称道	chēng dào	17067	en-eng,ao-ou,c-ch	1
契丹	qì dān	17069	an-ang,j-q-x	1
点火	diǎn huǒ	17070	ian-iang,ua-uo,h-f	1
焊接	hàn jiē	17072	an-ang,ia-ie,h-f,j-q-x	1
锦旗	jǐn qí	17073	in-ing,j-q-x	1
勤俭	qín jiǎn	17074	in-ing,ian-iang,j-q-x	1
心腹	xīn fù	17075	in-ing,h-f,j-q-x	1
供货	gōng huò	17076	ua-uo,h-f	1
流亡	liú wáng	17077	an-ang,n-l,r-l	1
岁数	suì shu	17078	s-sh	1
甜头	tián tou	17079	ian-iang,ao-ou	1
微波	wēi bō	17080	ai-ei	1
药房	yào fáng	17082	an-ang,ao-ou,h-f	1
医德	yī dé	17083		1
差额	chā é	17084	c-ch	1
建树	jiàn shù	17085	ian-iang,s-sh,j-q-x	1
浇水	jiāo shuǐ	17086	s-sh,j-q-x	1
年末	nián mò	17087	ian-iang,n-l	1
人称	rén chēng	17088	en-eng,c-ch,r-l	1
先例	xiān lì	17089	ian-iang,n-l,r-l,j-q-x	1
选区	xuǎn qū	17090	uan-uang,j-q-x	1
阵雨	zhèn yǔ	17092	en-eng,z-zh	1
差事	chà shì	17093	c-ch,s-sh	1
整风	zhěng fēng	17094	en-eng,z-zh,h-f	1
不一	bù yī	17095		1
腰带	yāo dài	17097	ai-ei,ao-ou	1
不休	bù xiū	17098	j-q-x	1
果品	guǒ pǐn	17100	in-ing,ua-uo	1
合营	hé yíng	17101	in-ing,h-f	1
丧事	sāng shì	17102	an-ang,s-sh	1
争光	zhēng guāng	17104	en-eng,uan-uang,z-zh	1
总揽	zǒng lǎn	17105	an-ang,z-zh,n-l,r-l	1
表层	biǎo céng	17106	en-eng,c-ch	1
段子	duàn zi	17107	uan-uang,z-zh	1
会馆	huì guǎn	17108	uan-uang,h-f	1
击剑	jī jiàn	17109	ian-iang,j-q-x	1
开行	kāi xíng	17110	in-ing,ai-ei,j-q-x	1
泄漏	xiè lòu	17112	ao-ou,ia-ie,n-l,r-l,j-q-x	1
引资	yǐn zī	17113	in-ing,z-zh	1
报效	bào xiào	17114	ao-ou,j-q-x	1
甘蔗	gān zhe	17115	an-ang,z-zh	1
算账	suàn zhàng	17116	an-ang,uan-uang,z-zh,s-sh	1
国界	guó jiè	17119	ia-ie,ua-uo,j-q-x	1
开荒	kāi huāng	17120	uan-uang,ai-ei,h-f	1
园子	yuán zi	17122	uan-uang,z-zh	1
车主	chē zhǔ	17123	z-zh,c-ch	1
导线	dǎo xiàn	17124	ian-iang,ao-ou,j-q-x	1
公使	gōng shǐ	17125	s-sh	1
练功	liàn gōng	17126	ian-iang,n-l,r-l	1
批复	pī fù	17127	h-f	1
铁道	tiě dào	17128	ao-ou,ia-ie	1
夏日	xià rì	17129	ia-ie,r-l,j-q-x	1
报表	bào biǎo	17131	ao-ou	1
大伯	dà bó	17132		1
堤防	dī fáng	17133	an-ang,h-f	1
灌区	guàn qū	17134	uan-uang,j-q-x	1
绩效	jì xiào	17136	j-q-x	1
脸孔	liǎn kǒng	17137	ian-iang,n-l,r-l	1
洗钱	xǐ qián	17138	ian-iang,j-q-x	1
相爱	xiāng ài	17139	ian-iang,ai-ei,j-q-x	1
诸侯	zhū hóu	17141	ao-ou,z-zh,h-f	1
走马	zǒu mǎ	17142	ao-ou,z-zh	1
保值	bǎo zhí	17143	ao-ou,z-zh	1
厂子	chǎng zi	17144	an-ang,z-zh,c-ch	1
沉沉	chén chén	17145	en-eng,c-ch	1
检修	jiǎn xiū	17146	ian-iang,j-q-x	1
饱受	bǎo shòu	17147	ao-ou,s-sh	1
电气	diàn qì	17148	ian-iang,j-q-x	1
公鸡	gōng jī	17149	j-q-x	1
天井	tiān jǐng	17150	in-ing,ian-iang,j-q-x	1
下海	xià hǎi	17152	ai-ei,ia-ie,h-f,j-q-x	1
依存	yī cún	17154	c-ch	1
中南	zhōng nán	17156	an-ang,z-zh,n-l	1
动辄	dòng zhé	17157	z-zh	3
见于	jiàn yú	17158	ian-iang,j-q-x	1
索要	suǒ yào	17160	ao-ou,ua-uo,s-sh	1
添加	tiān jiā	17161	ian-iang,ia-ie,j-q-x	1
大发	dà fa	17163	h-f	1
地壳	dì qiào	17164	j-q-x	1
对阵	duì zhèn	17165	en-eng,z-zh	1
过快	guò kuài	17166	ua-uo	1
六一	liù yī	17167	n-l,r-l	1
放量	fàng liàng	17168	an-ang,ian-iang,n-l,h-f,r-l	1
名优	míng yōu	17169	in-ing,ao-ou	1
重型	zhòng xíng	17170	in-ing,z-zh,j-q-x	1
超期	chāo qī	17171	ao-ou,c-ch,j-q-x	1
蓝筹	lán chóu	17172	an-ang,ao-ou,c-ch,n-l,r-l	1
石板	shí bǎn	17173	an-ang,s-sh	1
译文	yì wén	17175	en-eng	1
应时	yìng shí	17176	in-ing,s-sh	1
原地	yuán dì	17177	uan-uang	1
不妥	bù tuǒ	17178	ua-uo	1
岂能	qǐ néng	17179	en-eng,n-l,j-q-x	1
着地	zháo dì	17180	ao-ou,z-zh	1
较之	jiào zhī	17182	z-zh,j-q-x	1
税金	shuì jīn	17183	in-ing,s-sh,j-q-x	1
信教	xìn jiào	17184	in-ing,j-q-x	1
在即	zài jí	17185	ai-ei,z-zh,j-q-x	1
班禅	bān chán	17186	an-ang,c-ch	1
地盘	dì pán	17189	an-ang	1
熊熊	xióng xióng	17191	j-q-x	1
必备	bì bèi	17192	ai-ei	1
电机	diàn jī	17193	ian-iang,j-q-x	1
后进	hòu jìn	17194	in-ing,ao-ou,h-f,j-q-x	1
吭声	kēng shēng	17195	en-eng,s-sh	1
维系	wéi xì	17197	ai-ei,j-q-x	1
相符	xiāng fú	17198	ian-iang,h-f,j-q-x	1
越冬	yuè dōng	17199		1
自谋	zì móu	17200	ao-ou,z-zh	1
来稿	lái gǎo	17202	ai-ei,ao-ou,n-l,r-l	1
电荷	diàn hè	17204	ian-iang,h-f	1
复辟	fù bì	17205	h-f	1
略略	lüè lüè	17206	n-l,r-l	1
奴才	nú cai	17207	ai-ei,c-ch,n-l	1
升空	shēng kōng	17208	en-eng,s-sh	1
常任	cháng rèn	17210	en-eng,an-ang,c-ch,r-l	1
下单	xià dān	17211	an-ang,ia-ie,j-q-x	1
大汉	dà hàn	17212	an-ang,h-f	1
扩充	kuò chōng	17213	ua-uo,c-ch	1
摸底	mō dǐ	17214		1
造血	zào xuè	17215	ao-ou,z-zh,j-q-x	1
指使	zhǐ shǐ	17216	z-zh,s-sh	1
公办	gōng bàn	17217	an-ang	1
后盾	hòu dùn	17218	ao-ou,h-f	1
来电	lái diàn	17219	ian-iang,ai-ei,n-l,r-l	1
传单	chuán dān	17221	an-ang,uan-uang,c-ch	1
入住	rù zhù	17223	z-zh,r-l	1
和服	hé fú	17225	h-f	1
怒气	nù qì	17227	n-l,j-q-x	1
商界	shāng jiè	17228	an-ang,ia-ie,s-sh,j-q-x	1
食盐	shí yán	17229	an-ang,s-sh	1
王八	wáng ba	17231	an-ang	1
斡旋	wò xuán	17232	uan-uang,j-q-x	3
假说	jiǎ shuō	17233	ia-ie,ua-uo,s-sh,j-q-x	1
地雷	dì léi	17234	ai-ei,n-l,r-l	1
会师	huì shī	17235	s-sh,h-f	1
剧作	jù zuò	17236	ua-uo,z-zh,j-q-x	1
批量	pī liàng	17237	ian-iang,n-l,r-l	1
锐气	ruì qì	17238	r-l,j-q-x	1
直航	zhí háng	17239	an-ang,z-zh,h-f	1
名录	míng lù	17242	in-ing,n-l,r-l	1
上方	shàng fāng	17243	an-ang,s-sh,h-f	1
支线	zhī xiàn	17244	ian-iang,z-zh,j-q-x	1
唯美	wéi měi	17245	ai-ei	1
电工	diàn gōng	17246	ian-iang	1
发球	fā qiú	17247	h-f,j-q-x	1
个儿	gè er	17248		1
根治	gēn zhì	17249	en-eng,z-zh	1
光照	guāng zhào	17250	uan-uang,ao-ou,z-zh	1
民居	mín jū	17251	in-ing,j-q-x	1
出外	chū wài	17252	ai-ei,c-ch	1
党旗	dǎng qí	17253	an-ang,j-q-x	1
官邸	guān dǐ	17254	uan-uang	3
聚居	jù jū	17255	j-q-x	1
外方	wài fāng	17257	an-ang,ai-ei,h-f	1
珍品	zhēn pǐn	17258	en-eng,in-ing,z-zh	1
缔结	dì jié	17259	ia-ie,j-q-x	1
防灾	fáng zāi	17260	an-ang,ai-ei,z-zh,h-f	1
汇总	huì zǒng	17262	z-zh,h-f	1
少妇	shào fù	17264	ao-ou,s-sh,h-f	1
手头	shǒu tóu	17265	ao-ou,s-sh	1
算命	suàn mìng	17266	in-ing,uan-uang,s-sh	1
同居	tóng jū	17267	j-q-x	1
着落	zhuó luò	17268	ua-uo,z-zh,n-l,r-l	1
射箭	shè jiàn	17269	ian-iang,s-sh,j-q-x	1
书院	shū yuàn	17270	uan-uang,s-sh	1
转告	zhuǎn gào	17272	uan-uang,ao-ou,z-zh	1
左侧	zuǒ cè	17273	ua-uo,z-zh,c-ch	1
不辞	bù cí	17274	c-ch	1
长跑	cháng pǎo	17275	an-ang,ao-ou,c-ch	1
姑妈	gū mā	17276		1
年货	nián huò	17278	ian-iang,ua-uo,n-l,h-f	1
司马	sī mǎ	17279	s-sh	1
刑侦	xíng zhēn	17280	en-eng,in-ing,z-zh,j-q-x	1
选中	xuǎn zhōng	17282	uan-uang,z-zh,j-q-x	1
失调	shī tiáo	17284	s-sh	1
星系	xīng xì	17285	in-ing,j-q-x	1
虚报	xū bào	17286	ao-ou,j-q-x	1
早稻	zǎo dào	17287	ao-ou,z-zh	1
只因	zhǐ yīn	17288	in-ing,z-zh	1
城管	chéng guǎn	17289	en-eng,uan-uang,c-ch	1
列出	liè chū	17290	ia-ie,c-ch,n-l,r-l	1
四化	sì huà	17291	ua-uo,s-sh,h-f	1
体裁	tǐ cái	17292	ai-ei,c-ch	1
要死	yào sǐ	17293	ao-ou,s-sh	1
应届	yīng jiè	17294	in-ing,ia-ie,j-q-x	1
杂种	zá zhǒng	17295	z-zh	1
致词	zhì cí	17296	z-zh,c-ch	1
光谱	guāng pǔ	17297	uan-uang	1
案值	àn zhí	17298	an-ang,z-zh	1
八字	bā zì	17299	z-zh	1
不单	bù dān	17300	an-ang	1
开掘	kāi jué	17301	ai-ei,j-q-x	1
毗邻	pí lín	17302	in-ing,n-l,r-l	3
苏区	sū qū	17304	s-sh,j-q-x	1
一晃	yī huǎng	17306	uan-uang,h-f	1
充值	chōng zhí	17307	z-zh,c-ch	1
订货	dìng huò	17308	in-ing,ua-uo,h-f	1
审结	shěn jié	17310	en-eng,ia-ie,s-sh,j-q-x	1
锁定	suǒ dìng	17312	in-ing,ua-uo,s-sh	1
体察	tǐ chá	17313	c-ch	1
政事	zhèng shì	17314	en-eng,z-zh,s-sh	1
范例	fàn lì	17315	an-ang,n-l,h-f,r-l	1
风水	fēng shuǐ	17316	en-eng,s-sh,h-f	1
候选	hòu xuǎn	17317	uan-uang,ao-ou,h-f,j-q-x	1
即时	jí shí	17318	s-sh,j-q-x	1
门面	mén mian	17319	en-eng,ian-iang	1
玩法	wán fǎ	17320	an-ang,h-f	1
起立	qǐ lì	17321	n-l,r-l,j-q-x	1
伪军	wěi jūn	17322	ai-ei,j-q-x	1
幼年	yòu nián	17323	ian-iang,ao-ou,n-l	1
支教	zhī jiào	17324	z-zh,j-q-x	1
洞口	dòng kǒu	17325	ao-ou	1
获准	huò zhǔn	17327	ua-uo,z-zh,h-f	1
棘手	jí shǒu	17328	ao-ou,s-sh,j-q-x	1
滔滔	tāo tāo	17329	ao-ou	1
序言	xù yán	17330	an-ang,j-q-x	1
重病	zhòng bìng	17332	in-ing,z-zh	1
出师	chū shī	17333	c-ch,s-sh	1
改装	gǎi zhuāng	17334	uan-uang,ai-ei,z-zh	1
僵化	jiāng huà	17335	ian-iang,ua-uo,h-f,j-q-x	1
剧种	jù zhǒng	17336	z-zh,j-q-x	1
原文	yuán wén	17339	en-eng,uan-uang	1
编码	biān mǎ	17340	ian-iang	1
顶多	dǐng duō	17341	in-ing,ua-uo	1
槐树	huái shù	17342	s-sh,h-f	1
亲笔	qīn bǐ	17343	in-ing,j-q-x	1
样板	yàng bǎn	17344	an-ang	1
膀子	bǎng zi	17345	an-ang,z-zh	1
初始	chū shǐ	17346	c-ch,s-sh	1
改用	gǎi yòng	17347	ai-ei	1
即令	jí lìng	17348	in-ing,n-l,r-l,j-q-x	1
气功	qì gōng	17349	j-q-x	1
外币	wài bì	17352	ai-ei	1
结对	jié duì	17353	ia-ie,j-q-x	1
冲天	chōng tiān	17354	ian-iang,c-ch	1
共商	gòng shāng	17356	an-ang,s-sh	1
红薯	hóng shǔ	17357	s-sh,h-f	1
门房	mén fáng	17358	en-eng,an-ang,h-f	1
尚且	shàng qiě	17359	an-ang,ia-ie,s-sh,j-q-x	1
烧饼	shāo bing	17360	in-ing,ao-ou,s-sh	1
巡查	xún chá	17362	c-ch,j-q-x	1
苗圃	miáo pǔ	17364		1
土改	tǔ gǎi	17365	ai-ei	1
脱节	tuō jié	17366	ia-ie,ua-uo,j-q-x	1
资费	zī fèi	17367	ai-ei,z-zh,h-f	1
重演	chóng yǎn	17368	an-ang,c-ch	1
大权	dà quán	17369	uan-uang,j-q-x	1
过境	guò jìng	17370	in-ing,ua-uo,j-q-x	1
彗星	huì xīng	17371	in-ing,h-f,j-q-x	3
南边	nán bian	17372	an-ang,ian-iang,n-l	1
前任	qián rèn	17373	en-eng,ian-iang,r-l,j-q-x	1
书名	shū míng	17374	in-ing,s-sh	1
重力	zhòng lì	17376	z-zh,n-l,r-l	1
不畅	bù chàng	17377	an-ang,c-ch	1
道义	dào yì	17378	ao-ou	1
领事	lǐng shì	17379	in-ing,s-sh,n-l,r-l	1
水晶	shuǐ jīng	17380	in-ing,s-sh,j-q-x	1
袭来	xí lái	17381	ai-ei,n-l,r-l,j-q-x	1
政坛	zhèng tán	17382	en-eng,an-ang,z-zh	1
好受	hǎo shòu	17384	ao-ou,s-sh,h-f	1
汛期	xùn qī	17385	j-q-x	1
观音	guān yīn	17387	in-ing,uan-uang	1
害人	hài rén	17388	en-eng,ai-ei,h-f,r-l	1
缉毒	jī dú	17389	j-q-x	1
减肥	jiǎn féi	17390	ian-iang,ai-ei,h-f,j-q-x	1
摩托	mó tuō	17391	ua-uo	1
平反	píng fǎn	17392	in-ing,an-ang,h-f	1
随军	suí jūn	17393	s-sh,j-q-x	1
报案	bào àn	17395	an-ang,ao-ou	1
爹爹	diē die	17396	ia-ie	1
定性	dìng xìng	17397	in-ing,j-q-x	1
惠及	huì jí	17398	h-f,j-q-x	1
基数	jī shù	17399	s-sh,j-q-x	1
声道	shēng dào	17401	en-eng,ao-ou,s-sh	1
英寸	yīng cùn	17402	in-ing,c-ch	1
线段	xiàn duàn	17403	ian-iang,uan-uang,j-q-x	1
船闸	chuán zhá	17404	uan-uang,z-zh,c-ch	1
晚宴	wǎn yàn	17405	an-ang	1
相承	xiāng chéng	17406	en-eng,ian-iang,c-ch,j-q-x	1
澳洲	ào zhōu	17408	ao-ou,z-zh	1
仓储	cāng chǔ	17409	an-ang,c-ch	1
吃水	chī shuǐ	17410	c-ch,s-sh	1
交火	jiāo huǒ	17412	ua-uo,h-f,j-q-x	1
老兄	lǎo xiōng	17413	ao-ou,n-l,r-l,j-q-x	1
历次	lì cì	17414	c-ch,n-l,r-l	1
亲家	qìng jia	17416	in-ing,ia-ie,j-q-x	1
军备	jūn bèi	17418	ai-ei,j-q-x	1
实意	shí yì	17419	s-sh	1
已故	yǐ gù	17421		1
用具	yòng jù	17422	j-q-x	1
重镇	zhòng zhèn	17423	en-eng,z-zh	1
剥离	bō lí	17424	n-l,r-l	1
单产	dān chǎn	17425	an-ang,c-ch	1
疲软	pí ruǎn	17426	uan-uang,r-l	1
彼岸	bǐ àn	17427	an-ang	1
到场	dào chǎng	17428	an-ang,ao-ou,c-ch	1
故里	gù lǐ	17429	n-l,r-l	1
含泪	hán lèi	17430	an-ang,ai-ei,n-l,h-f,r-l	1
美誉	měi yù	17431	ai-ei	1
偏重	piān zhòng	17432	ian-iang,z-zh	1
球星	qiú xīng	17433	in-ing,j-q-x	1
束手	shù shǒu	17434	ao-ou,s-sh	1
血脉	xuè mài	17436	ai-ei,j-q-x	1
华文	huá wén	17438	en-eng,ua-uo,h-f	1
集市	jí shì	17439	s-sh,j-q-x	1
假币	jiǎ bì	17440	ia-ie,j-q-x	1
一如	yī rú	17441	r-l	1
骄阳	jiāo yáng	17443	an-ang,j-q-x	1
脸面	liǎn miàn	17444	ian-iang,n-l,r-l	1
浴室	yù shì	17445	s-sh	1
置换	zhì huàn	17447	uan-uang,z-zh,h-f	1
表姐	biǎo jiě	17448	ia-ie,j-q-x	1
活活	huó huó	17450	ua-uo,h-f	1
轿子	jiào zi	17451	z-zh,j-q-x	1
实时	shí shí	17453	s-sh	1
迎风	yíng fēng	17454	en-eng,in-ing,h-f	1
触目	chù mù	17456	c-ch	1
改写	gǎi xiě	17457	ai-ei,ia-ie,j-q-x	1
赶走	gǎn zǒu	17458	an-ang,ao-ou,z-zh	1
金边	jīn biān	17459	in-ing,ian-iang,j-q-x	1
性病	xìng bìng	17460	in-ing,j-q-x	1
袋子	dài zi	17461	ai-ei,z-zh	1
冬日	dōng rì	17462	r-l	1
防伪	fáng wěi	17463	an-ang,ai-ei,h-f	1
回访	huí fǎng	17464	an-ang,h-f	1
警钟	jǐng zhōng	17465	in-ing,z-zh,j-q-x	1
千金	qiān jīn	17466	in-ing,ian-iang,j-q-x	1
怨言	yuàn yán	17467	an-ang,uan-uang	1
名堂	míng tang	17468	in-ing,an-ang	1
刑拘	xíng jū	17469	in-ing,j-q-x	1
实则	shí zé	17470	z-zh,s-sh	1
万象	wàn xiàng	17472	an-ang,ian-iang,j-q-x	1
宝座	bǎo zuò	17473	ao-ou,ua-uo,z-zh	1
参股	cān gǔ	17474	an-ang,c-ch	1
参战	cān zhàn	17475	an-ang,z-zh,c-ch	1
长虹	cháng hóng	17476	an-ang,c-ch,h-f	1
长衫	cháng shān	17477	an-ang,c-ch,s-sh	1
档期	dàng qī	17478	an-ang,j-q-x	1
红叶	hóng yè	17479	h-f	1
声乐	shēng yuè	17480	en-eng,s-sh	1
政要	zhèng yào	17481	en-eng,ao-ou,z-zh	1
纵观	zòng guān	17482	uan-uang,z-zh	1
北欧	běi ōu	17483	ai-ei,ao-ou	1
表弟	biǎo dì	17484		1
影院	yǐng yuàn	17485	in-ing,uan-uang	1
抓捕	zhuā bǔ	17486	ua-uo,z-zh	1
作画	zuò huà	17487	ua-uo,z-zh,h-f	1
不妙	bù miào	17488		1
茶水	chá shuǐ	17489	c-ch,s-sh	1
党务	dǎng wù	17490	an-ang	1
商用	shāng yòng	17492	an-ang,s-sh	1
天数	tiān shù	17493	ian-iang,s-sh	1
鸳鸯	yuān yāng	17496	an-ang,uan-uang	1
尔后	ěr hòu	17497	ao-ou,h-f	1
给以	gěi yǐ	17498	ai-ei	1
公厕	gōng cè	17499	c-ch	1
骨架	gǔ jià	17500	ia-ie,j-q-x	1
可恨	kě hèn	17501	en-eng,h-f	1
快感	kuài gǎn	17502	an-ang	1
收治	shōu zhì	17503	ao-ou,z-zh,s-sh	1
委派	wěi pài	17504	ai-ei	1
厢房	xiāng fáng	17505	an-ang,ian-iang,h-f,j-q-x	1
子宫	zǐ gōng	17506	z-zh	1
臭氧	chòu yǎng	17507	an-ang,ao-ou,c-ch	1
高开	gāo kāi	17508	ai-ei,ao-ou	1
诺大	nuò dà	17510	ua-uo,n-l	1
失事	shī shì	17511	s-sh	1
问答	wèn dá	17512	en-eng	1
眼见	yǎn jiàn	17513	an-ang,ian-iang,j-q-x	1
忠臣	zhōng chén	17514	en-eng,z-zh,c-ch	1
纯一	chún yī	17516	c-ch	1
工友	gōng yǒu	17517	ao-ou	1
远景	yuǎn jǐng	17519	in-ing,uan-uang,j-q-x	1
长袍	cháng páo	17520	an-ang,ao-ou,c-ch	1
他指	tā zhǐ	17521	z-zh	1
梯田	tī tián	17522	ian-iang	1
务求	wù qiú	17523	j-q-x	1
里屋	lǐ wū	17527	n-l,r-l	1
密封	mì fēng	17528	en-eng,h-f	1
侨务	qiáo wù	17529	j-q-x	1
燃油	rán yóu	17530	an-ang,ao-ou,r-l	1
征战	zhēng zhàn	17532	en-eng,an-ang,z-zh	1
成片	chéng piàn	17533	en-eng,ian-iang,c-ch	1
催生	cuī shēng	17534	en-eng,c-ch,s-sh	1
微创	wēi chuāng	17535	uan-uang,ai-ei,c-ch	1
黄海	huáng hǎi	17537	uan-uang,ai-ei,h-f	1
回声	huí shēng	17538	en-eng,s-sh,h-f	1
火力	huǒ lì	17539	ua-uo,n-l,h-f,r-l	1
尾气	wěi qì	17540	ai-ei,j-q-x	1
学府	xué fǔ	17541	h-f,j-q-x	1
过量	guò liàng	17542	ian-iang,ua-uo,n-l,r-l	1
过热	guò rè	17543	ua-uo,r-l	1
难事	nán shì	17544	an-ang,s-sh,n-l	1
全盘	quán pán	17546	an-ang,uan-uang,j-q-x	1
三维	sān wéi	17547	an-ang,ai-ei,s-sh	1
在下	zài xià	17548	ai-ei,ia-ie,z-zh,j-q-x	1
择业	zé yè	17549	z-zh	1
储户	chǔ hù	17550	c-ch,h-f	1
尖子	jiān zi	17552	ian-iang,z-zh,j-q-x	1
短板	duǎn bǎn	17553	an-ang,uan-uang	1
据点	jù diǎn	17554	ian-iang,j-q-x	1
求知	qiú zhī	17555	z-zh,j-q-x	1
食粮	shí liáng	17556	ian-iang,s-sh,n-l,r-l	1
王后	wáng hòu	17557	an-ang,ao-ou,h-f	1
写生	xiě shēng	17559	en-eng,ia-ie,s-sh,j-q-x	1
到访	dào fǎng	17560	an-ang,ao-ou,h-f	1
死活	sǐ huó	17562	ua-uo,s-sh,h-f	1
台词	tái cí	17563	ai-ei,c-ch	1
王宫	wáng gōng	17564	an-ang	1
无尽	wú jìn	17565	in-ing,j-q-x	1
应诉	yìng sù	17566	in-ing,s-sh	1
菜农	cài nóng	17567	ai-ei,c-ch,n-l	1
灯泡	dēng pào	17568	en-eng,ao-ou	1
挤占	jǐ zhàn	17570	an-ang,z-zh,j-q-x	1
醉驾	zuì jià	17571	ia-ie,z-zh,j-q-x	1
老弟	lǎo dì	17572	ao-ou,n-l,r-l	1
毛驴	máo lǘ	17573	ao-ou,n-l,r-l	1
墓葬	mù zàng	17574	an-ang,z-zh	1
堂堂	táng táng	17575	an-ang	1
倍加	bèi jiā	17576	ai-ei,ia-ie,j-q-x	1
当月	dàng yuè	17577	an-ang	1
泛起	fàn qǐ	17578	an-ang,h-f,j-q-x	1
几经	jǐ jīng	17579	in-ing,j-q-x	1
热能	rè néng	17581	en-eng,n-l,r-l	1
三更	sān gèng	17582	en-eng,an-ang,s-sh	1
现年	xiàn nián	17583	ian-iang,n-l,j-q-x	1
益处	yì chù	17584	c-ch	1
政客	zhèng kè	17585	en-eng,z-zh	1
春雨	chūn yǔ	17586	c-ch	1
存有	cún yǒu	17587	ao-ou,c-ch	1
犯法	fàn fǎ	17588	an-ang,h-f	1
国度	guó dù	17589	ua-uo	1
哼哼	hēng heng	17590	en-eng,h-f	1
力作	lì zuò	17591	ua-uo,z-zh,n-l,r-l	1
麻痹	má bì	17592		1
熟知	shú zhī	17593	z-zh,s-sh	1
述评	shù píng	17594	in-ing,s-sh	1
享誉	xiǎng yù	17596	ian-iang,j-q-x	1
真假	zhēn jiǎ	17597	en-eng,ia-ie,z-zh,j-q-x	1
病逝	bìng shì	17598	in-ing,s-sh	1
不胜	bù shèng	17599	en-eng,s-sh	1
待人	dài rén	17600	en-eng,ai-ei,r-l	1
冻土	dòng tǔ	17601		1
官场	guān chǎng	17602	an-ang,uan-uang,c-ch	1
过人	guò rén	17603	en-eng,ua-uo,r-l	1
街区	jiē qū	17604	ia-ie,j-q-x	1
全胜	quán shèng	17605	en-eng,uan-uang,s-sh,j-q-x	1
水井	shuǐ jǐng	17606	in-ing,s-sh,j-q-x	1
绿道	lǜ dào	17607	ao-ou,n-l,r-l	1
统帅	tǒng shuài	17608	s-sh	1
西风	xī fēng	17609	en-eng,h-f,j-q-x	1
点球	diǎn qiú	17612	ian-iang,j-q-x	1
公决	gōng jué	17613	j-q-x	1
好戏	hǎo xì	17614	ao-ou,h-f,j-q-x	1
适龄	shì líng	17615	in-ing,s-sh,n-l,r-l	1
台胞	tái bāo	17616	ai-ei,ao-ou	1
调处	tiáo chǔ	17617	c-ch	1
杨树	yáng shù	17618	an-ang,s-sh	1
首秀	shǒu xiù	17619	ao-ou,s-sh,j-q-x	1
直通	zhí tōng	17620	z-zh	1
捣毁	dǎo huǐ	17621	ao-ou,h-f	1
规避	guī bì	17623		1
卷入	juǎn rù	17625	uan-uang,r-l,j-q-x	1
满载	mǎn zài	17626	an-ang,ai-ei,z-zh	1
救市	jiù shì	17628	s-sh,j-q-x	1
进发	jìn fā	17629	in-ing,h-f,j-q-x	1
成因	chéng yīn	17630	en-eng,in-ing,c-ch	1
持平	chí píng	17631	in-ing,c-ch	1
点滴	diǎn dī	17632	ian-iang	1
骡子	luó zi	17633	ua-uo,z-zh,n-l,r-l	1
情势	qíng shì	17635	in-ing,s-sh,j-q-x	1
直面	zhí miàn	17636	ian-iang,z-zh	1
降级	jiàng jí	17638	ian-iang,j-q-x	1
老母	lǎo mǔ	17639	ao-ou,n-l,r-l	1
莫不	mò bù	17641		1
男排	nán pái	17642	an-ang,ai-ei,n-l	1
涉足	shè zú	17643	z-zh,s-sh	1
网银	wǎng yín	17645	in-ing,an-ang	1
外企	wài qǐ	17646	ai-ei,j-q-x	1
懈怠	xiè dài	17647	ai-ei,ia-ie,j-q-x	1
星级	xīng jí	17649	in-ing,j-q-x	1
远见	yuǎn jiàn	17650	ian-iang,uan-uang,j-q-x	1
包办	bāo bàn	17651	an-ang,ao-ou	1
副业	fù yè	17653	h-f	1
末了	mò liǎo	17654	n-l,r-l	1
切除	qiē chú	17655	ia-ie,c-ch,j-q-x	1
收容	shōu róng	17656	ao-ou,s-sh,r-l	1
无以	wú yǐ	17657		1
小溪	xiǎo xī	17658	j-q-x	1
黄牛	huáng niú	17660	uan-uang,n-l,h-f	1
年薪	nián xīn	17661	in-ing,ian-iang,n-l,j-q-x	1
山城	shān chéng	17662	en-eng,an-ang,c-ch,s-sh	1
推移	tuī yí	17663		1
译者	yì zhě	17664	z-zh	1
肢体	zhī tǐ	17665	z-zh	1
朝野	cháo yě	17666	ao-ou,c-ch	1
直选	zhí xuǎn	17668	uan-uang,z-zh,j-q-x	1
复原	fù yuán	17669	uan-uang,h-f	1
旱情	hàn qíng	17670	in-ing,an-ang,h-f,j-q-x	1
厚望	hòu wàng	17671	an-ang,ao-ou,h-f	1
劲旅	jìng lǚ	17672	in-ing,n-l,r-l,j-q-x	1
套利	tào lì	17675	ao-ou,n-l,r-l	1
双目	shuāng mù	17676	uan-uang,s-sh	1
逃离	táo lí	17677	ao-ou,n-l,r-l	1
特质	tè zhì	17678	z-zh	1
演义	yǎn yì	17680	an-ang	1
蒸汽	zhēng qì	17681	en-eng,z-zh,j-q-x	1
租用	zū yòng	17683	z-zh	1
房市	fáng shì	17684	an-ang,s-sh,h-f	1
放行	fàng xíng	17685	in-ing,an-ang,h-f,j-q-x	1
邻邦	lín bāng	17686	in-ing,an-ang,n-l,r-l	1
圈儿	quān er	17687	uan-uang,j-q-x	1
中子	zhōng zǐ	17688	z-zh	1
走遍	zǒu biàn	17689	ian-iang,ao-ou,z-zh	1
富人	fù rén	17690	en-eng,h-f,r-l	1
港币	gǎng bì	17691	an-ang	1
回身	huí shēn	17692	en-eng,s-sh,h-f	1
相会	xiāng huì	17693	ian-iang,h-f,j-q-x	1
抗体	kàng tǐ	17696	an-ang	1
全景	quán jǐng	17697	in-ing,uan-uang,j-q-x	1
却说	què shuō	17698	ua-uo,s-sh,j-q-x	1
输电	shū diàn	17699	ian-iang,s-sh	1
率部	shuài bù	17700	s-sh	1
小节	xiǎo jié	17701	ia-ie,j-q-x	1
方桌	fāng zhuō	17705	an-ang,ua-uo,z-zh,h-f	1
手巾	shǒu jīn	17706	in-ing,ao-ou,s-sh,j-q-x	1
冲高	chōng gāo	17707	ao-ou,c-ch	1
油料	yóu liào	17708	ao-ou,n-l,r-l	1
案发	àn fā	17709	an-ang,h-f	1
果农	guǒ nóng	17710	ua-uo,n-l	1
截留	jié liú	17711	ia-ie,n-l,r-l,j-q-x	1
倾心	qīng xīn	17712	in-ing,j-q-x	1
上扬	shàng yáng	17713	an-ang,s-sh	1
西夏	xī xià	17714	ia-ie,j-q-x	1
应从	yìng cóng	17715	in-ing,c-ch	1
诊疗	zhěn liáo	17716	en-eng,z-zh,n-l,r-l	1
带兵	dài bīng	17717	in-ing,ai-ei	1
过半	guò bàn	17718	an-ang,ua-uo	1
红星	hóng xīng	17719	in-ing,h-f,j-q-x	1
分家	fēn jiā	17723	en-eng,ia-ie,h-f,j-q-x	1
快步	kuài bù	17724		1
路基	lù jī	17725	n-l,r-l,j-q-x	1
寿险	shòu xiǎn	17726	ian-iang,ao-ou,s-sh,j-q-x	1
低压	dī yā	17727		1
东洋	dōng yáng	17728	an-ang	1
歌星	gē xīng	17729	in-ing,j-q-x	1
公章	gōng zhāng	17730	an-ang,z-zh	1
居多	jū duō	17731	ua-uo,j-q-x	1
清风	qīng fēng	17732	en-eng,in-ing,h-f,j-q-x	1
歪理	wāi lǐ	17733	ai-ei,n-l,r-l	1
表白	biǎo bái	17734	ai-ei	1
错位	cuò wèi	17735	ai-ei,ua-uo,c-ch	1
后事	hòu shì	17736	ao-ou,s-sh,h-f	1
年审	nián shěn	17737	en-eng,ian-iang,s-sh,n-l	1
垦区	kěn qū	17738	en-eng,j-q-x	1
外加	wài jiā	17740	ai-ei,ia-ie,j-q-x	1
银杏	yín xìng	17741	in-ing,j-q-x	1
远洋	yuǎn yáng	17742	an-ang,uan-uang	1
板栗	bǎn lì	17743	an-ang,n-l,r-l	1
耳目	ěr mù	17744		1
格调	gé diào	17745		1
火苗	huǒ miáo	17746	ua-uo,h-f	1
指纹	zhǐ wén	17747	en-eng,z-zh	1
毒性	dú xìng	17748	in-ing,j-q-x	1
刊出	kān chū	17749	an-ang,c-ch	1
苦练	kǔ liàn	17750	ian-iang,n-l,r-l	1
前去	qián qù	17751	ian-iang,j-q-x	1
全额	quán é	17752	uan-uang,j-q-x	1
上身	shàng shēn	17753	en-eng,an-ang,s-sh	1
厮杀	sī shā	17754	s-sh	3
贪图	tān tú	17755	an-ang	1
题写	tí xiě	17756	ia-ie,j-q-x	1
秧歌	yāng ge	17757	an-ang	1
拍品	pāi pǐn	17758	in-ing,ai-ei	1
专电	zhuān diàn	17759	ian-iang,uan-uang,z-zh	1
点赞	diǎn zàn	17760	an-ang,ian-iang,z-zh	1
足彩	zú cǎi	17761	ai-ei,z-zh,c-ch	1
侧记	cè jì	17762	c-ch,j-q-x	1
称谓	chēng wèi	17763	en-eng,ai-ei,c-ch	1
苦战	kǔ zhàn	17764	an-ang,z-zh	1
绵绵	mián mián	17766	ian-iang	1
免收	miǎn shōu	17767	ian-iang,ao-ou,s-sh	1
野马	yě mǎ	17768		1
不甘	bù gān	17769	an-ang	1
佛像	fó xiàng	17770	ian-iang,h-f,j-q-x	1
另行	lìng xíng	17773	in-ing,n-l,r-l,j-q-x	1
坦言	tǎn yán	17776	an-ang	1
亦即	yì jí	17778	j-q-x	1
增量	zēng liàng	17779	en-eng,ian-iang,z-zh,n-l,r-l	1
班组	bān zǔ	17780	an-ang,z-zh	1
分院	fēn yuàn	17781	en-eng,uan-uang,h-f	1
鸿沟	hóng gōu	17782	ao-ou,h-f	1
护卫	hù wèi	17783	ai-ei,h-f	1
舅父	jiù fù	17784	h-f,j-q-x	1
南宋	nán sòng	17785	an-ang,s-sh,n-l	1
首发	shǒu fā	17786	ao-ou,s-sh,h-f	1
通商	tōng shāng	17787	an-ang,s-sh	1
文科	wén kē	17788	en-eng	1
燕子	yàn zi	17789	an-ang,z-zh	1
整日	zhěng rì	17790	en-eng,z-zh,r-l	1
助残	zhù cán	17791	an-ang,z-zh,c-ch	1
分娩	fēn miǎn	17792	en-eng,ian-iang,h-f	3
高位	gāo wèi	17793	ai-ei,ao-ou	1
抢修	qiǎng xiū	17794	ian-iang,j-q-x	1
无理	wú lǐ	17795	n-l,r-l	1
自查	zì chá	17797	z-zh,c-ch	1
稿费	gǎo fèi	17799	ai-ei,ao-ou,h-f	1
故作	gù zuò	17800	ua-uo,z-zh	1
活佛	huó fó	17801	ua-uo,h-f	1
蒙受	méng shòu	17802	en-eng,ao-ou,s-sh	1
猛虎	měng hǔ	17803	en-eng,h-f	1
议和	yì hé	17805	h-f	1
桌椅	zhuō yǐ	17806	ua-uo,z-zh	1
比率	bǐ lǜ	17807	n-l,r-l	1
小看	xiǎo kàn	17808	an-ang,j-q-x	1
胸襟	xiōng jīn	17809	in-ing,j-q-x	1
遗物	yí wù	17810		1
追加	zhuī jiā	17811	ia-ie,z-zh,j-q-x	1
参选	cān xuǎn	17812	an-ang,uan-uang,c-ch,j-q-x	1
产区	chǎn qū	17813	an-ang,c-ch,j-q-x	1
纯属	chún shǔ	17814	c-ch,s-sh	1
物权	wù quán	17815	uan-uang,j-q-x	1
电场	diàn chǎng	17816	an-ang,ian-iang,c-ch	1
奋起	fèn qǐ	17817	en-eng,h-f,j-q-x	1
涵养	hán yǎng	17818	an-ang,h-f	1
黄沙	huáng shā	17819	uan-uang,s-sh,h-f	1
凉水	liáng shuǐ	17820	ian-iang,s-sh,n-l,r-l	1
女王	nǚ wáng	17822	an-ang,n-l	1
入关	rù guān	17823	uan-uang,r-l	1
师德	shī dé	17824	s-sh	1
液晶	yè jīng	17825	in-ing,j-q-x	1
用量	yòng liàng	17826	ian-iang,n-l,r-l	1
版画	bǎn huà	17828	an-ang,ua-uo,h-f	1
长工	cháng gōng	17829	an-ang,c-ch	1
前门	qián mén	17830	en-eng,ian-iang,j-q-x	1
欠款	qiàn kuǎn	17831	ian-iang,uan-uang,j-q-x	1
款意	kuǎn yì	17832	uan-uang	1
提法	tí fǎ	17833	h-f	1
洗手	xǐ shǒu	17834	ao-ou,s-sh,j-q-x	1
宣战	xuān zhàn	17835	an-ang,uan-uang,z-zh,j-q-x	1
宜人	yí rén	17836	en-eng,r-l	1
编队	biān duì	17837	ian-iang	1
虫子	chóng zi	17838	z-zh,c-ch	1
冠名	guàn míng	17839	in-ing,uan-uang	1
家产	jiā chǎn	17840	an-ang,ia-ie,c-ch,j-q-x	1
南面	nán miàn	17841	an-ang,ian-iang,n-l	1
起因	qǐ yīn	17842	in-ing,j-q-x	1
王室	wáng shì	17843	an-ang,s-sh	1
物件	wù jiàn	17844	ian-iang,j-q-x	1
血腥	xuè xīng	17845	in-ing,j-q-x	1
霸权	bà quán	17846	uan-uang,j-q-x	1
宦官	huàn guān	17849	uan-uang,h-f	1
来人	lái rén	17851	en-eng,ai-ei,n-l,r-l	1
病变	bìng biàn	17853	in-ing,ian-iang	1
挥霍	huī huò	17854	ua-uo,h-f	1
极地	jí dì	17855	j-q-x	1
架设	jià shè	17856	ia-ie,s-sh,j-q-x	1
截住	jié zhù	17857	ia-ie,z-zh,j-q-x	1
宁肯	nìng kěn	17859	en-eng,in-ing,n-l	1
文风	wén fēng	17860	en-eng,h-f	1
英模	yīng mó	17861	in-ing	1
逐级	zhú jí	17863	z-zh,j-q-x	1
保鲜	bǎo xiān	17864	ian-iang,ao-ou,j-q-x	1
婊子	biǎo zi	17865	z-zh	3
良机	liáng jī	17867	ian-iang,n-l,r-l,j-q-x	1
受阻	shòu zǔ	17869	ao-ou,z-zh,s-sh	1
童谣	tóng yáo	17870	ao-ou	1
习性	xí xìng	17871	in-ing,j-q-x	1
张口	zhāng kǒu	17873	an-ang,ao-ou,z-zh	1
标价	biāo jià	17874	ia-ie,j-q-x	1
裁减	cái jiǎn	17875	ian-iang,ai-ei,c-ch,j-q-x	1
初二	chū èr	17876	c-ch	1
分兵	fēn bīng	17877	en-eng,in-ing,h-f	1
管线	guǎn xiàn	17878	ian-iang,uan-uang,j-q-x	1
架构	jià gòu	17879	ao-ou,ia-ie,j-q-x	1
矫正	jiǎo zhèng	17880	en-eng,z-zh,j-q-x	1
协和	xié hé	17882	ia-ie,h-f,j-q-x	1
中人	zhōng rén	17883	en-eng,z-zh,r-l	1
骨灰	gǔ huī	17884	h-f	1
记事	jì shì	17885	s-sh,j-q-x	1
书生	shū shēng	17886	en-eng,s-sh	1
算盘	suàn pán	17887	an-ang,uan-uang,s-sh	1
文史	wén shǐ	17888	en-eng,s-sh	1
无几	wú jǐ	17889	j-q-x	1
修补	xiū bǔ	17890	j-q-x	1
有成	yǒu chéng	17891	en-eng,ao-ou,c-ch	1
持枪	chí qiāng	17892	ian-iang,c-ch,j-q-x	1
处死	chǔ sǐ	17893	c-ch,s-sh	1
大笔	dà bǐ	17894		1
大势	dà shì	17895	s-sh	1
军医	jūn yī	17897	j-q-x	1
陋习	lòu xí	17898	ao-ou,n-l,r-l,j-q-x	1
苗子	miáo zi	17899	z-zh	1
鸣放	míng fàng	17900	in-ing,an-ang,h-f	1
没落	mò luò	17901	ua-uo,n-l,r-l	1
人参	rén shēn	17902	en-eng,s-sh,r-l	1
走狗	zǒu gǒu	17903	ao-ou,z-zh	1
介质	jiè zhì	17906	ia-ie,z-zh,j-q-x	1
例证	lì zhèng	17908	en-eng,z-zh,n-l,r-l	1
人命	rén mìng	17909	en-eng,in-ing,r-l	1
输液	shū yè	17911	s-sh	1
伪劣	wěi liè	17912	ai-ei,ia-ie,n-l,r-l	1
月中	yuè zhōng	17913	z-zh	1
必胜	bì shèng	17914	en-eng,s-sh	1
存心	cún xīn	17915	in-ing,c-ch,j-q-x	1
贺词	hè cí	17916	c-ch,h-f	1
敬献	jìng xiàn	17917	in-ing,ian-iang,j-q-x	1
酒楼	jiǔ lóu	17918	ao-ou,n-l,r-l,j-q-x	1
伤势	shāng shì	17920	an-ang,s-sh	1
头晕	tóu yūn	17921	ao-ou	1
纸杯	zhǐ bēi	17922	ai-ei,z-zh	1
咋办	zé bàn	17923	an-ang,z-zh	1
战马	zhàn mǎ	17924	an-ang,z-zh	1
减仓	jiǎn cāng	17925	an-ang,ian-iang,c-ch,j-q-x	1
华诞	huá dàn	17926	an-ang,ua-uo,h-f	1
击毙	jī bì	17927	j-q-x	1
空难	kōng nàn	17928	an-ang,n-l	1
离散	lí sàn	17929	an-ang,s-sh,n-l,r-l	1
贫农	pín nóng	17930	in-ing,n-l	1
酋长	qiú zhǎng	17931	an-ang,z-zh,j-q-x	3
手软	shǒu ruǎn	17933	uan-uang,ao-ou,s-sh,r-l	1
下拨	xià bō	17935	ia-ie,j-q-x	1
招考	zhāo kǎo	17936	ao-ou,z-zh	1
不无	bù wú	17937		1
法语	fǎ yǔ	17938	h-f	1
父老	fù lǎo	17939	ao-ou,n-l,h-f,r-l	1
毫克	háo kè	17940	ao-ou,h-f	1
好说	hǎo shuō	17941	ao-ou,ua-uo,s-sh,h-f	1
暖气	nuǎn qì	17942	uan-uang,n-l,j-q-x	1
会徽	huì huī	17943	h-f	1
进士	jìn shì	17944	in-ing,s-sh,j-q-x	1
评点	píng diǎn	17945	in-ing,ian-iang	1
治学	zhì xué	17946	z-zh,j-q-x	1
城郊	chéng jiāo	17948	en-eng,c-ch,j-q-x	1
城楼	chéng lóu	17949	en-eng,ao-ou,c-ch,n-l,r-l	1
防病	fáng bìng	17950	in-ing,an-ang,h-f	1
风潮	fēng cháo	17951	en-eng,ao-ou,c-ch,h-f	1
配方	pèi fāng	17952	an-ang,ai-ei,h-f	1
起眼	qǐ yǎn	17953	an-ang,j-q-x	1
神灵	shén líng	17954	en-eng,in-ing,s-sh,n-l,r-l	1
剃头	tì tóu	17955	ao-ou	1
应试	yìng shì	17956	in-ing,s-sh	1
初三	chū sān	17957	an-ang,c-ch,s-sh	1
河段	hé duàn	17959	uan-uang,h-f	1
麾下	huī xià	17960	ia-ie,h-f,j-q-x	3
年检	nián jiǎn	17961	ian-iang,n-l,j-q-x	1
实属	shí shǔ	17963	s-sh	1
新潮	xīn cháo	17964	in-ing,ao-ou,c-ch,j-q-x	1
遗存	yí cún	17965	c-ch	1
展台	zhǎn tái	17966	an-ang,ai-ei,z-zh	1
薄膜	bó mó	17967		1
餐具	cān jù	17968	an-ang,c-ch,j-q-x	1
付给	fù gěi	17969	ai-ei,h-f	1
好生	hǎo shēng	17971	en-eng,ao-ou,s-sh,h-f	1
理发	lǐ fà	17972	n-l,h-f,r-l	1
女双	nǚ shuāng	17973	uan-uang,s-sh,n-l	1
实例	shí lì	17974	s-sh,n-l,r-l	1
先烈	xiān liè	17975	ian-iang,ia-ie,n-l,r-l,j-q-x	1
心动	xīn dòng	17976	in-ing,j-q-x	1
睁眼	zhēng yǎn	17977	en-eng,an-ang,z-zh	1
把门	bǎ mén	17978	en-eng	1
车道	chē dào	17979	ao-ou,c-ch	1
潜入	qián rù	17980	ian-iang,r-l,j-q-x	1
扬言	yáng yán	17981	an-ang	1
越野	yuè yě	17982		1
相片	xiàng piàn	17983	ian-iang,j-q-x	1
打球	dǎ qiú	17984	j-q-x	1
登载	dēng zǎi	17985	en-eng,ai-ei,z-zh	1
公墓	gōng mù	17986		1
逆差	nì chā	17987	c-ch,n-l	1
氢气	qīng qì	17988	in-ing,j-q-x	1
脱钩	tuō gōu	17989	ao-ou,ua-uo	1
雨季	yǔ jì	17990	j-q-x	1
制备	zhì bèi	17991	ai-ei,z-zh	1
代办	dài bàn	17992	an-ang,ai-ei	1
单单	dān dān	17993	an-ang	1
剂量	jì liàng	17995	ian-iang,n-l,r-l,j-q-x	1
内务	nèi wù	17998	ai-ei,n-l	1
嗜好	shì hào	17999	ao-ou,s-sh,h-f	1
水桶	shuǐ tǒng	18000	s-sh	1
夜半	yè bàn	18001	an-ang	1
主帅	zhǔ shuài	18002	z-zh,s-sh	1
坠毁	zhuì huǐ	18003	z-zh,h-f	1
废气	fèi qì	18004	ai-ei,h-f,j-q-x	1
一瞥	yī piē	18005	ia-ie	3
异国	yì guó	18006	ua-uo	1
超群	chāo qún	18007	ao-ou,c-ch,j-q-x	1
江面	jiāng miàn	18008	ian-iang,j-q-x	1
交会	jiāo huì	18009	h-f,j-q-x	1
男双	nán shuāng	18010	an-ang,uan-uang,s-sh,n-l	1
战俘	zhàn fú	18011	an-ang,z-zh,h-f	1
并用	bìng yòng	18012	in-ing	1
放火	fàng huǒ	18013	an-ang,ua-uo,h-f	1
免税	miǎn shuì	18015	ian-iang,s-sh	1
区区	qū qū	18016	j-q-x	1
不祥	bù xiáng	18019	ian-iang,j-q-x	1
粗放	cū fàng	18020	an-ang,c-ch,h-f	1
倒逼	dào bī	18021	ao-ou	1
渡口	dù kǒu	18022	ao-ou	1
阶梯	jiē tī	18024	ia-ie,j-q-x	1
界面	jiè miàn	18025	ian-iang,ia-ie,j-q-x	1
买方	mǎi fāng	18026	an-ang,ai-ei,h-f	1
推卸	tuī xiè	18027	ia-ie,j-q-x	1
脏病	zāng bìng	18028	in-ing,an-ang,z-zh	1
本体	běn tǐ	18029	en-eng	1
教义	jiào yì	18031	j-q-x	1
猛进	měng jìn	18032	en-eng,in-ing,j-q-x	1
炮台	pào tái	18033	ai-ei,ao-ou	1
贪官	tān guān	18034	an-ang,uan-uang	1
相持	xiāng chí	18035	ian-iang,c-ch,j-q-x	1
鼻梁	bí liáng	18036	ian-iang,n-l,r-l	1
贩子	fàn zi	18037	an-ang,z-zh,h-f	1
功力	gōng lì	18038	n-l,r-l	1
联防	lián fáng	18039	an-ang,ian-iang,n-l,h-f,r-l	1
络绎	luò yì	18040	ua-uo,n-l,r-l	1
评说	píng shuō	18041	in-ing,ua-uo,s-sh	1
弹劾	tán hé	18042	an-ang,h-f	3
应力	yìng lì	18043	in-ing,n-l,r-l	1
札记	zhá jì	18044	z-zh,j-q-x	3
长者	zhǎng zhě	18045	an-ang,z-zh	1
注目	zhù mù	18046	z-zh	1
草丛	cǎo cóng	18047	ao-ou,c-ch	1
毒害	dú hài	18048	ai-ei,h-f	1
功利	gōng lì	18049	n-l,r-l	1
扣留	kòu liú	18050	ao-ou,n-l,r-l	1
失守	shī shǒu	18051	ao-ou,s-sh	1
右侧	yòu cè	18053	ao-ou,c-ch	1
约合	yuē hé	18054	h-f	1
拨通	bō tōng	18056		1
借机	jiè jī	18059	ia-ie,j-q-x	1
老娘	lǎo niáng	18060	ian-iang,ao-ou,n-l,r-l	1
累累	lěi lěi	18061	ai-ei,n-l,r-l	1
面世	miàn shì	18062	ian-iang,s-sh	1
政工	zhèng gōng	18065	en-eng,z-zh	1
都城	dū chéng	18068	en-eng,c-ch	1
飞天	fēi tiān	18069	ian-iang,ai-ei,h-f	1
工分	gōng fēn	18070	en-eng,h-f	1
共事	gòng shì	18071	s-sh	1
鬼神	guǐ shén	18072	en-eng,s-sh	1
余年	yú nián	18075	ian-iang,n-l	1
保湿	bǎo shī	18076	ao-ou,s-sh	1
涨幅	zhǎng fú	18077	an-ang,z-zh,h-f	1
中游	zhōng yóu	18078	ao-ou,z-zh	1
中指	zhōng zhǐ	18079	z-zh	1
北宋	běi sòng	18080	ai-ei,s-sh	1
背面	bèi miàn	18081	ian-iang,ai-ei	1
草帽	cǎo mào	18082	ao-ou,c-ch	1
花篮	huā lán	18083	an-ang,ua-uo,n-l,h-f,r-l	1
来意	lái yì	18084	ai-ei,n-l,r-l	1
领衔	lǐng xián	18085	in-ing,ian-iang,n-l,r-l,j-q-x	1
胜过	shèng guò	18086	en-eng,ua-uo,s-sh	1
诗篇	shī piān	18087	ian-iang,s-sh	1
洗涤	xǐ dí	18088	j-q-x	1
选育	xuǎn yù	18089	uan-uang,j-q-x	1
怔怔	zhèng zhèng	18090	en-eng,z-zh	1
周身	zhōu shēn	18091	en-eng,ao-ou,z-zh,s-sh	1
专列	zhuān liè	18092	uan-uang,ia-ie,z-zh,n-l,r-l	1
报馆	bào guǎn	18093	uan-uang,ao-ou	1
豹子	bào zi	18094	ao-ou,z-zh	1
手稿	shǒu gǎo	18095	ao-ou,s-sh	1
税源	shuì yuán	18096	uan-uang,s-sh	1
镯子	zhuó zi	18098	ua-uo,z-zh	3
百货	bǎi huò	18099	ai-ei,ua-uo,h-f	1
病态	bìng tài	18100	in-ing,ai-ei	1
菖蒲	chāng pú	18101	an-ang,c-ch	3
军费	jūn fèi	18102	ai-ei,h-f,j-q-x	1
死神	sǐ shén	18103	en-eng,s-sh	1
自重	zì zhòng	18104	z-zh	1
北边	běi bian	18106	ian-iang,ai-ei	1
而外	ér wài	18108	ai-ei	1
旧式	jiù shì	18109	s-sh,j-q-x	1
名士	míng shì	18110	in-ing,s-sh	1
枪口	qiāng kǒu	18111	ian-iang,ao-ou,j-q-x	1
盛情	shèng qíng	18112	en-eng,in-ing,s-sh,j-q-x	1
滩涂	tān tú	18113	an-ang	1
要脸	yào liǎn	18115	ian-iang,ao-ou,n-l,r-l	1
战死	zhàn sǐ	18116	an-ang,z-zh,s-sh	1
东家	dōng jia	18117	ia-ie,j-q-x	1
基调	jī diào	18118	j-q-x	1
科委	kē wěi	18119	ai-ei	1
临死	lín sǐ	18120	in-ing,s-sh,n-l,r-l	1
临行	lín xíng	18121	in-ing,n-l,r-l,j-q-x	1
枪击	qiāng jī	18122	ian-iang,j-q-x	1
市郊	shì jiāo	18124	s-sh,j-q-x	1
说教	shuō jiào	18125	ua-uo,s-sh,j-q-x	1
注释	zhù shì	18126	z-zh,s-sh	1
暗访	àn fǎng	18127	an-ang,h-f	1
大兵	dà bīng	18128	in-ing	1
酒席	jiǔ xí	18130	j-q-x	1
暴行	bào xíng	18134	in-ing,ao-ou,j-q-x	1
北伐	běi fá	18135	ai-ei,h-f	1
地皮	dì pí	18136		1
开明	kāi míng	18138	in-ing,ai-ei	1
连带	lián dài	18140	ian-iang,ai-ei,n-l,r-l	1
没完	méi wán	18141	an-ang,ai-ei	1
战前	zhàn qián	18143	an-ang,ian-iang,z-zh,j-q-x	1
争斗	zhēng dòu	18144	en-eng,ao-ou,z-zh	1
变态	biàn tài	18145	ian-iang,ai-ei	1
才子	cái zǐ	18146	ai-ei,z-zh,c-ch	1
差价	chā jià	18147	ia-ie,c-ch,j-q-x	1
纷繁	fēn fán	18148	en-eng,an-ang,h-f	1
挥动	huī dòng	18149	h-f	1
街巷	jiē xiàng	18151	ian-iang,ia-ie,j-q-x	1
节电	jié diàn	18152	ian-iang,ia-ie,j-q-x	1
精子	jīng zǐ	18153	in-ing,z-zh,j-q-x	1
跨度	kuà dù	18154	ua-uo	1
判刑	pàn xíng	18156	in-ing,an-ang,j-q-x	1
热土	rè tǔ	18157	r-l	1
主机	zhǔ jī	18160	z-zh,j-q-x	1
不消	bù xiāo	18162	j-q-x	1
常住	cháng zhù	18163	an-ang,z-zh,c-ch	1
值守	zhí shǒu	18164	ao-ou,z-zh,s-sh	1
可可	kě kě	18165		1
行医	xíng yī	18166	in-ing,j-q-x	1
硬盘	yìng pán	18167	in-ing,an-ang	1
大典	dà diǎn	18168	ian-iang	1
分清	fēn qīng	18169	en-eng,in-ing,h-f,j-q-x	1
更名	gēng míng	18170	en-eng,in-ing	1
公有	gōng yǒu	18171	ao-ou	1
猫腻	māo nì	18172	ao-ou,n-l	1
居室	jū shì	18173	s-sh,j-q-x	1
排演	pái yǎn	18175	an-ang,ai-ei	1
山庄	shān zhuāng	18176	an-ang,uan-uang,z-zh,s-sh	1
热钱	rè qián	18177	ian-iang,r-l,j-q-x	1
幽幽	yōu yōu	18178	ao-ou	1
壮族	zhuàng zú	18179	uan-uang,z-zh	1
病因	bìng yīn	18180	in-ing	1
发音	fā yīn	18181	in-ing,h-f	1
雇用	gù yòng	18182		1
智库	zhì kù	18183	z-zh	1
仁义	rén yì	18184	en-eng,r-l	1
祥云	xiáng yún	18185	ian-iang,j-q-x	1
不振	bù zhèn	18186	en-eng,z-zh	1
工种	gōng zhǒng	18187	z-zh	1
来客	lái kè	18189	ai-ei,n-l,r-l	1
鲤鱼	lǐ yú	18190	n-l,r-l	1
领空	lǐng kōng	18191	in-ing,n-l,r-l	1
面具	miàn jù	18192	ian-iang,j-q-x	1
特派	tè pài	18195	ai-ei	1
相撞	xiāng zhuàng	18196	ian-iang,uan-uang,z-zh,j-q-x	1
小鬼	xiǎo guǐ	18197	j-q-x	1
液化	yè huà	18198	ua-uo,h-f	1
一瞬	yī shùn	18199	s-sh	1
硬化	yìng huà	18200	in-ing,ua-uo,h-f	1
由来	yóu lái	18201	ai-ei,ao-ou,n-l,r-l	1
总产	zǒng chǎn	18202	an-ang,z-zh,c-ch	1
付诸	fù zhū	18203	z-zh,h-f	1
火药	huǒ yào	18204	ao-ou,ua-uo,h-f	1
井下	jǐng xià	18205	in-ing,ia-ie,j-q-x	1
内线	nèi xiàn	18206	ian-iang,ai-ei,n-l,j-q-x	1
签发	qiān fā	18207	ian-iang,h-f,j-q-x	1
轻型	qīng xíng	18208	in-ing,j-q-x	1
秋收	qiū shōu	18209	ao-ou,s-sh,j-q-x	1
中坚	zhōng jiān	18211	ian-iang,z-zh,j-q-x	1
白面	bái miàn	18212	ian-iang,ai-ei	1
比价	bǐ jià	18213	ia-ie,j-q-x	1
补课	bǔ kè	18214		1
机枪	jī qiāng	18215	ian-iang,j-q-x	1
路费	lù fèi	18216	ai-ei,n-l,h-f,r-l	1
悄声	qiǎo shēng	18217	en-eng,s-sh,j-q-x	1
求是	qiú shì	18218	s-sh,j-q-x	1
日均	rì jūn	18219	r-l,j-q-x	1
攀比	pān bǐ	18221	an-ang	1
拳击	quán jī	18222	uan-uang,j-q-x	1
相率	xiāng shuài	18223	ian-iang,s-sh,j-q-x	1
修炼	xiū liàn	18224	ian-iang,n-l,r-l,j-q-x	1
游离	yóu lí	18225	ao-ou,n-l,r-l	1
栽植	zāi zhí	18226	ai-ei,z-zh	1
港元	gǎng yuán	18228	an-ang,uan-uang	1
谷地	gǔ dì	18229		1
论著	lùn zhù	18231	z-zh,n-l,r-l	1
其时	qí shí	18232	s-sh,j-q-x	1
柔道	róu dào	18233	ao-ou,r-l	1
生源	shēng yuán	18234	en-eng,uan-uang,s-sh	1
柿子	shì zi	18235	z-zh,s-sh	1
西汉	xī hàn	18236	an-ang,h-f,j-q-x	1
眼球	yǎn qiú	18237	an-ang,j-q-x	1
枣树	zǎo shù	18238	ao-ou,z-zh,s-sh	1
致函	zhì hán	18239	an-ang,z-zh,h-f	1
自来	zì lái	18240	ai-ei,z-zh,n-l,r-l	1
足下	zú xià	18241	ia-ie,z-zh,j-q-x	1
参事	cān shì	18242	an-ang,c-ch,s-sh	1
产后	chǎn hòu	18243	an-ang,ao-ou,c-ch,h-f	1
离任	lí rèn	18244	en-eng,n-l,r-l	1
拍手	pāi shǒu	18245	ai-ei,ao-ou,s-sh	1
贫血	pín xuè	18246	in-ing,j-q-x	1
书目	shū mù	18247	s-sh	1
通货	tōng huò	18248	ua-uo,h-f	1
铜像	tóng xiàng	18249	ian-iang,j-q-x	1
托人	tuō rén	18250	en-eng,ua-uo,r-l	1
以西	yǐ xī	18251	j-q-x	1
罢休	bà xiū	18252	j-q-x	1
病理	bìng lǐ	18253	in-ing,n-l,r-l	1
初夏	chū xià	18254	ia-ie,c-ch,j-q-x	1
疟疾	nüè ji	18255	n-l,j-q-x	1
设若	shè ruò	18256	ua-uo,s-sh,r-l	1
收视	shōu shì	18257	ao-ou,s-sh	1
维新	wéi xīn	18258	in-ing,ai-ei,j-q-x	1
唱腔	chàng qiāng	18259	an-ang,ian-iang,c-ch,j-q-x	1
大蒜	dà suàn	18260	uan-uang,s-sh	1
古都	gǔ dū	18261		1
货源	huò yuán	18263	uan-uang,ua-uo,h-f	1
泪花	lèi huā	18265	ai-ei,ua-uo,n-l,h-f,r-l	1
门缝	mén fèng	18266	en-eng,h-f	1
奴婢	nú bì	18267	n-l	3
圣火	shèng huǒ	18268	en-eng,ua-uo,s-sh,h-f	1
通则	tōng zé	18269	z-zh	1
下床	xià chuáng	18270	uan-uang,ia-ie,c-ch,j-q-x	1
宪兵	xiàn bīng	18271	in-ing,ian-iang,j-q-x	1
心病	xīn bìng	18272	in-ing,j-q-x	1
字迹	zì jì	18273	z-zh,j-q-x	1
宝剑	bǎo jiàn	18274	ian-iang,ao-ou,j-q-x	1
党群	dǎng qún	18276	an-ang,j-q-x	1
划拨	huà bō	18277	ua-uo,h-f	1
炼油	liàn yóu	18279	ian-iang,ao-ou,n-l,r-l	1
非遗	fēi yí	18281	ai-ei,h-f	1
实况	shí kuàng	18282	uan-uang,s-sh	1
推倒	tuī dǎo	18284	ao-ou	1
争气	zhēng qì	18285	en-eng,z-zh,j-q-x	1
家居	jiā jū	18287	ia-ie,j-q-x	1
亏得	kuī de	18289		1
连载	lián zǎi	18290	ian-iang,ai-ei,z-zh,n-l,r-l	1
轮子	lún zi	18291	z-zh,n-l,r-l	1
盆景	pén jǐng	18292	en-eng,in-ing,j-q-x	1
全套	quán tào	18293	uan-uang,ao-ou,j-q-x	1
未可	wèi kě	18295	ai-ei	1
野花	yě huā	18297	ua-uo,h-f	1
医术	yī shù	18298	s-sh	1
语录	yǔ lù	18299	n-l,r-l	1
庇护	bì hù	18300	h-f	1
创收	chuàng shōu	18301	uan-uang,ao-ou,c-ch,s-sh	1
村寨	cūn zhài	18302	ai-ei,z-zh,c-ch	1
急事	jí shì	18303	s-sh,j-q-x	1
无常	wú cháng	18305	an-ang,c-ch	1
瞎说	xiā shuō	18306	ia-ie,ua-uo,s-sh,j-q-x	1
绣花	xiù huā	18307	ua-uo,h-f,j-q-x	1
英镑	yīng bàng	18308	in-ing,an-ang	1
宝宝	bǎo bao	18309	ao-ou	1
插手	chā shǒu	18310	ao-ou,c-ch,s-sh	1
毒素	dú sù	18311	s-sh	1
归功	guī gōng	18312		1
奖状	jiǎng zhuàng	18315	ian-iang,uan-uang,z-zh,j-q-x	1
骑士	qí shì	18317	s-sh,j-q-x	1
伤人	shāng rén	18318	en-eng,an-ang,s-sh,r-l	1
避难	bì nàn	18320	an-ang,n-l	1
服刑	fú xíng	18321	in-ing,h-f,j-q-x	1
立于	lì yú	18322	n-l,r-l	1
寥寥	liáo liáo	18323	n-l,r-l	1
女仆	nǚ pú	18324	n-l	1
象牙	xiàng yá	18325	ian-iang,j-q-x	1
成倍	chéng bèi	18326	en-eng,ai-ei,c-ch	1
方正	fāng zhèng	18329	en-eng,an-ang,z-zh,h-f	1
黄帝	huáng dì	18331	uan-uang,h-f	1
技法	jì fǎ	18332	h-f,j-q-x	1
切合	qiè hé	18333	ia-ie,h-f,j-q-x	1
自考	zì kǎo	18334	ao-ou,z-zh	1
文官	wén guān	18335	en-eng,uan-uang	1
小报	xiǎo bào	18336	ao-ou,j-q-x	1
以东	yǐ dōng	18337		1
病痛	bìng tòng	18338	in-ing	1
畅快	chàng kuài	18339	an-ang,c-ch	1
会战	huì zhàn	18340	an-ang,z-zh,h-f	1
借以	jiè yǐ	18341	ia-ie,j-q-x	1
科考	kē kǎo	18342	ao-ou	1
建言	jiàn yán	18343	an-ang,ian-iang,j-q-x	1
日用	rì yòng	18344	r-l	1
阳性	yáng xìng	18345	in-ing,an-ang,j-q-x	1
征订	zhēng dìng	18346	en-eng,in-ing,z-zh	1
粉末	fěn mò	18347	en-eng,h-f	1
挂帅	guà shuài	18348	ua-uo,s-sh	1
连日	lián rì	18350	ian-iang,n-l,r-l	1
应声	yìng shēng	18351	en-eng,in-ing,s-sh	1
园艺	yuán yì	18352	uan-uang	1
斑斑	bān bān	18353	an-ang	1
编撰	biān zhuàn	18354	ian-iang,uan-uang,z-zh	1
不迭	bù dié	18355	ia-ie	1
参赞	cān zàn	18356	an-ang,z-zh,c-ch	1
批斗	pī dòu	18362	ao-ou	1
行署	xíng shǔ	18363	in-ing,s-sh,j-q-x	1
抑或	yì huò	18365	ua-uo,h-f	1
硬要	yìng yào	18366	in-ing,ao-ou	1
真伪	zhēn wěi	18367	en-eng,ai-ei,z-zh	1
惨案	cǎn àn	18368	an-ang,c-ch	1
晨报	chén bào	18369	en-eng,ao-ou,c-ch	1
剧组	jù zǔ	18372	z-zh,j-q-x	1
老话	lǎo huà	18373	ao-ou,ua-uo,n-l,h-f,r-l	1
联谊	lián yì	18374	ian-iang,n-l,r-l	1
切齿	qiè chǐ	18375	ia-ie,c-ch,j-q-x	1
外文	wài wén	18376	en-eng,ai-ei	1
虚实	xū shí	18377	s-sh,j-q-x	1
足坛	zú tán	18378	an-ang,z-zh	1
本该	běn gāi	18379	en-eng,ai-ei	1
茶壶	chá hú	18380	c-ch,h-f	1
调拨	diào bō	18382		1
调任	diào rèn	18383	en-eng,r-l	1
高寒	gāo hán	18384	an-ang,ao-ou,h-f	1
近海	jìn hǎi	18385	in-ing,ai-ei,h-f,j-q-x	1
考查	kǎo chá	18386	ao-ou,c-ch	1
可巧	kě qiǎo	18387	j-q-x	1
强加	qiáng jiā	18388	ian-iang,ia-ie,j-q-x	1
山乡	shān xiāng	18389	an-ang,ian-iang,s-sh,j-q-x	1
现时	xiàn shí	18391	ian-iang,s-sh,j-q-x	1
晕倒	yūn dǎo	18393	ao-ou	1
终审	zhōng shěn	18394	en-eng,z-zh,s-sh	1
冰雹	bīng báo	18395	in-ing,ao-ou	1
改称	gǎi chēng	18396	en-eng,ai-ei,c-ch	1
怪事	guài shì	18397	s-sh	1
季风	jì fēng	18398	en-eng,h-f,j-q-x	1
监禁	jiān jìn	18399	in-ing,ian-iang,j-q-x	1
主播	zhǔ bō	18400	z-zh	1
迁入	qiān rù	18401	ian-iang,r-l,j-q-x	1
切要	qiè yào	18402	ao-ou,ia-ie,j-q-x	1
庭审	tíng shěn	18403	en-eng,in-ing,s-sh	1
夏粮	xià liáng	18404	ian-iang,ia-ie,n-l,r-l,j-q-x	1
应市	yìng shì	18405	in-ing,s-sh	1
有数	yǒu shù	18406	ao-ou,s-sh	1
张力	zhāng lì	18407	an-ang,z-zh,n-l,r-l	1
庄园	zhuāng yuán	18409	uan-uang,z-zh	1
重振	chóng zhèn	18410	en-eng,z-zh,c-ch	1
粉尘	fěn chén	18412	en-eng,c-ch,h-f	1
特稿	tè gǎo	18413	ao-ou	1
话头	huà tóu	18414	ao-ou,ua-uo,h-f	1
随地	suí dì	18417	s-sh	1
无异	wú yì	18418		1
优于	yōu yú	18419	ao-ou	1
甘于	gān yú	18421	an-ang	1
港人	gǎng rén	18422	en-eng,an-ang,r-l	1
柜子	guì zi	18424	z-zh	1
满面	mǎn miàn	18425	an-ang,ian-iang	1
桥牌	qiáo pái	18426	ai-ei,j-q-x	1
试制	shì zhì	18427	z-zh,s-sh	1
沃土	wò tǔ	18428		1
早起	zǎo qǐ	18429	ao-ou,z-zh,j-q-x	1
总分	zǒng fēn	18433	en-eng,z-zh,h-f	1
程式	chéng shì	18434	en-eng,c-ch,s-sh	1
串联	chuàn lián	18435	ian-iang,uan-uang,c-ch,n-l,r-l	1
纷争	fēn zhēng	18437	en-eng,z-zh,h-f	1
丰产	fēng chǎn	18438	en-eng,an-ang,c-ch,h-f	1
风能	fēng néng	18439	en-eng,n-l,h-f	1
惊呆	jīng dāi	18440	in-ing,ai-ei,j-q-x	1
卖淫	mài yín	18441	in-ing,ai-ei	1
士卒	shì zú	18442	z-zh,s-sh	1
手提	shǒu tí	18443	ao-ou,s-sh	1
岁末	suì mò	18444	s-sh	1
语义	yǔ yì	18446		1
蕴涵	yùn hán	18447	an-ang,h-f	1
变量	biàn liàng	18448	ian-iang,n-l,r-l	1
潮汐	cháo xī	18449	ao-ou,c-ch,j-q-x	3
击退	jī tuì	18451	j-q-x	1
潜水	qián shuǐ	18455	ian-iang,s-sh,j-q-x	1
造诣	zào yì	18457	ao-ou,z-zh	3
政令	zhèng lìng	18458	en-eng,in-ing,z-zh,n-l,r-l	1
包厢	bāo xiāng	18459	ian-iang,ao-ou,j-q-x	1
当先	dāng xiān	18460	an-ang,ian-iang,j-q-x	1
到头	dào tóu	18461	ao-ou	1
法纪	fǎ jì	18462	h-f,j-q-x	1
螺旋	luó xuán	18464	uan-uang,ua-uo,n-l,r-l,j-q-x	1
升降	shēng jiàng	18466	en-eng,ian-iang,s-sh,j-q-x	1
水系	shuǐ xì	18467	s-sh,j-q-x	1
戏院	xì yuàn	18469	uan-uang,j-q-x	1
小米	xiǎo mǐ	18470	j-q-x	1
盎然	àng rán	18471	an-ang,r-l	3
得胜	dé shèng	18472	en-eng,s-sh	1
负伤	fù shāng	18473	an-ang,s-sh,h-f	1
洪灾	hóng zāi	18474	ai-ei,z-zh,h-f	1
酒会	jiǔ huì	18475	h-f,j-q-x	1
刊发	kān fā	18477	an-ang,h-f	1
扫地	sǎo dì	18478	ao-ou,s-sh	1
沙沙	shā shā	18479	s-sh	1
问卷	wèn juàn	18481	en-eng,uan-uang,j-q-x	1
武士	wǔ shì	18482	s-sh	1
烟袋	yān dài	18483	an-ang,ai-ei	1
展位	zhǎn wèi	18484	an-ang,ai-ei,z-zh	1
族人	zú rén	18485	en-eng,z-zh,r-l	1
床沿	chuáng yán	18486	an-ang,uan-uang,c-ch	1
高强	gāo qiáng	18487	ian-iang,ao-ou,j-q-x	1
洪流	hóng liú	18488	n-l,h-f,r-l	1
女将	nǚ jiàng	18490	ian-iang,n-l,j-q-x	1
三包	sān bāo	18491	an-ang,ao-ou,s-sh	1
特约	tè yuē	18492		1
脱口	tuō kǒu	18493	ao-ou,ua-uo	1
珠子	zhū zi	18494	z-zh	1
并行	bìng xíng	18495	in-ing,j-q-x	1
断流	duàn liú	18496	uan-uang,n-l,r-l	1
进退	jìn tuì	18497	in-ing,j-q-x	1
拉扯	lā che	18498	c-ch,n-l,r-l	1
选编	xuǎn biān	18500	ian-iang,uan-uang,j-q-x	1
营房	yíng fáng	18502	in-ing,an-ang,h-f	1
着装	zhuó zhuāng	18503	uan-uang,ua-uo,z-zh	1
独占	dú zhàn	18506	an-ang,z-zh	1
改动	gǎi dòng	18508	ai-ei	1
涣散	huàn sàn	18509	an-ang,uan-uang,s-sh,h-f	1
捷径	jié jìng	18510	in-ing,ia-ie,j-q-x	1
九州	jiǔ zhōu	18511	ao-ou,z-zh,j-q-x	1
韭菜	jiǔ cài	18512	ai-ei,c-ch,j-q-x	1
可否	kě fǒu	18513	ao-ou,h-f	1
沥青	lì qīng	18515	in-ing,n-l,r-l,j-q-x	1
美育	měi yù	18516	ai-ei	1
藤椅	téng yǐ	18517	en-eng	1
铁矿	tiě kuàng	18518	uan-uang,ia-ie	1
中风	zhòng fēng	18519	en-eng,z-zh,h-f	1
蹲点	dūn diǎn	18520	ian-iang	1
多彩	duō cǎi	18521	ai-ei,ua-uo,c-ch	1
抄底	chāo dǐ	18522	ao-ou,c-ch	1
孤寡	gū guǎ	18523	ua-uo	1
开动	kāi dòng	18524	ai-ei	1
凉风	liáng fēng	18525	en-eng,ian-iang,n-l,h-f,r-l	1
刷卡	shuā kǎ	18526	ua-uo,s-sh	1
原名	yuán míng	18527	in-ing,uan-uang	1
白银	bái yín	18528	in-ing,ai-ei	1
驳斥	bó chì	18530	c-ch	1
藏身	cáng shēn	18531	en-eng,an-ang,c-ch,s-sh	1
查实	chá shí	18532	c-ch,s-sh	1
出狱	chū yù	18533	c-ch	1
河面	hé miàn	18534	ian-iang,h-f	1
交费	jiāo fèi	18535	ai-ei,h-f,j-q-x	1
举世	jǔ shì	18536	s-sh,j-q-x	1
买主	mǎi zhǔ	18537	ai-ei,z-zh	1
毛笔	máo bǐ	18538	ao-ou	1
母校	mǔ xiào	18539	j-q-x	1
男士	nán shì	18540	an-ang,s-sh,n-l	1
寝室	qǐn shì	18541	in-ing,s-sh,j-q-x	1
省事	shěng shì	18542	en-eng,s-sh	1
盛装	shèng zhuāng	18543	en-eng,uan-uang,z-zh,s-sh	1
停工	tíng gōng	18544	in-ing	1
头皮	tóu pí	18545	ao-ou	1
五彩	wǔ cǎi	18546	ai-ei,c-ch	1
西非	xī fēi	18547	ai-ei,h-f,j-q-x	1
鞋底	xié dǐ	18548	ia-ie,j-q-x	1
羞辱	xiū rǔ	18549	r-l,j-q-x	1
演进	yǎn jìn	18550	in-ing,an-ang,j-q-x	1
游牧	yóu mù	18551	ao-ou	1
转战	zhuǎn zhàn	18552	an-ang,uan-uang,z-zh	1
啊呀	ā yā	18553		1
缠绵	chán mián	18554	an-ang,ian-iang,c-ch	1
厂矿	chǎng kuàng	18555	an-ang,uan-uang,c-ch	1
京郊	jīng jiāo	18557	in-ing,j-q-x	1
脸皮	liǎn pí	18558	ian-iang,n-l,r-l	1
裸体	luǒ tǐ	18559	ua-uo,n-l,r-l	1
射门	shè mén	18560	en-eng,s-sh	1
添置	tiān zhì	18561	ian-iang,z-zh	1
土著	tǔ zhù	18562	z-zh	1
有声	yǒu shēng	18563	en-eng,ao-ou,s-sh	1
战区	zhàn qū	18564	an-ang,z-zh,j-q-x	1
化身	huà shēn	18566	en-eng,ua-uo,s-sh,h-f	1
火气	huǒ qì	18567	ua-uo,h-f,j-q-x	1
锦绣	jǐn xiù	18568	in-ing,j-q-x	1
军心	jūn xīn	18569	in-ing,j-q-x	1
庙宇	miào yǔ	18570		1
亲吻	qīn wěn	18571	en-eng,in-ing,j-q-x	1
鲨鱼	shā yú	18572	s-sh	1
窝囊	wō nang	18574	an-ang,n-l	1
须知	xū zhī	18575	z-zh,j-q-x	1
字形	zì xíng	18576	in-ing,z-zh,j-q-x	1
常态	cháng tài	18578	an-ang,ai-ei,c-ch	1
初年	chū nián	18579	ian-iang,c-ch,n-l	1
错案	cuò àn	18580	an-ang,ua-uo,c-ch	1
短篇	duǎn piān	18581	ian-iang,uan-uang	1
风头	fēng tóu	18582	en-eng,ao-ou,h-f	1
馆子	guǎn zi	18583	uan-uang,z-zh	1
后裔	hòu yì	18584	ao-ou,h-f	3
集约	jí yuē	18585	j-q-x	1
净增	jìng zēng	18587	en-eng,in-ing,z-zh,j-q-x	1
拉力	lā lì	18588	n-l,r-l	1
包庇	bāo bì	18589	ao-ou	1
府上	fǔ shàng	18590	an-ang,s-sh,h-f	1
官府	guān fǔ	18591	uan-uang,h-f	1
近视	jìn shì	18593	in-ing,s-sh,j-q-x	1
逆转	nì zhuǎn	18594	uan-uang,z-zh,n-l	1
人际	rén jì	18595	en-eng,r-l,j-q-x	1
水生	shuǐ shēng	18596	en-eng,s-sh	1
养生	yǎng shēng	18598	en-eng,an-ang,s-sh	1
白条	bái tiáo	18600	ai-ei	1
产妇	chǎn fù	18601	an-ang,c-ch,h-f	1
从重	cóng zhòng	18602	z-zh,c-ch	1
克扣	kè kòu	18603	ao-ou	1
明儿	míng er	18604	in-ing	1
配制	pèi zhì	18605	ai-ei,z-zh	1
起家	qǐ jiā	18606	ia-ie,j-q-x	1
桥头	qiáo tóu	18607	ao-ou,j-q-x	1
时效	shí xiào	18608	s-sh,j-q-x	1
刷新	shuā xīn	18609	in-ing,ua-uo,s-sh,j-q-x	1
新编	xīn biān	18610	in-ing,ian-iang,j-q-x	1
战功	zhàn gōng	18611	an-ang,z-zh	1
中性	zhōng xìng	18612	in-ing,z-zh,j-q-x	1
电量	diàn liàng	18615	ian-iang,n-l,r-l	1
定型	dìng xíng	18616	in-ing,j-q-x	1
古镇	gǔ zhèn	18618	en-eng,z-zh	1
农工	nóng gōng	18620	n-l	1
盛事	shèng shì	18622	en-eng,s-sh	1
应征	yìng zhēng	18623	en-eng,in-ing,z-zh	1
自省	zì xǐng	18624	in-ing,z-zh,j-q-x	1
地价	dì jià	18625	ia-ie,j-q-x	1
计策	jì cè	18626	c-ch,j-q-x	1
价位	jià wèi	18627	ai-ei,ia-ie,j-q-x	1
前脸	qián liǎn	18628	ian-iang,n-l,r-l,j-q-x	1
帘子	lián zi	18629	ian-iang,z-zh,n-l,r-l	1
民乐	mín yuè	18630	in-ing	1
尿素	niào sù	18631	s-sh,n-l	1
群落	qún luò	18633	ua-uo,n-l,r-l,j-q-x	1
视听	shì tīng	18634	in-ing,s-sh	1
受罪	shòu zuì	18635	ao-ou,z-zh,s-sh	1
铁匠	tiě jiàng	18636	ian-iang,ia-ie,j-q-x	1
作成	zuò chéng	18637	en-eng,ua-uo,z-zh,c-ch	1
摆布	bǎi bù	18638	ai-ei	1
大赦	dà shè	18639	s-sh	1
装甲	zhuāng jiǎ	18640	uan-uang,ia-ie,z-zh,j-q-x	1
立国	lì guó	18641	ua-uo,n-l,r-l	1
浓烟	nóng yān	18643	an-ang,n-l	1
手足	shǒu zú	18644	ao-ou,z-zh,s-sh	1
书市	shū shì	18645	s-sh	1
天皇	tiān huáng	18646	ian-iang,uan-uang,h-f	1
专页	zhuān yè	18647	uan-uang,z-zh	1
敌机	dí jī	18649	j-q-x	1
放养	fàng yǎng	18650	an-ang,h-f	1
公演	gōng yǎn	18651	an-ang	1
海港	hǎi gǎng	18652	an-ang,ai-ei,h-f	1
黄花	huáng huā	18653	uan-uang,ua-uo,h-f	1
民风	mín fēng	18654	en-eng,in-ing,h-f	1
欠账	qiàn zhàng	18655	an-ang,ian-iang,z-zh,j-q-x	1
儒学	rú xué	18656	r-l,j-q-x	1
锐意	ruì yì	18657	r-l	1
杂物	zá wù	18658	z-zh	1
催化	cuī huà	18659	ua-uo,c-ch,h-f	1
挫伤	cuò shāng	18660	an-ang,ua-uo,c-ch,s-sh	1
殆尽	dài jìn	18661	in-ing,ai-ei,j-q-x	3
构图	gòu tú	18662	ao-ou	1
患难	huàn nàn	18663	an-ang,uan-uang,n-l,h-f	1
死角	sǐ jiǎo	18665	s-sh,j-q-x	1
挺直	tǐng zhí	18667	in-ing,z-zh	1
透镜	tòu jìng	18668	in-ing,ao-ou,j-q-x	1
悉数	xī shǔ	18669	s-sh,j-q-x	1
溪水	xī shuǐ	18670	s-sh,j-q-x	1
写意	xiě yì	18671	ia-ie,j-q-x	1
有别	yǒu bié	18672	ao-ou,ia-ie	1
有礼	yǒu lǐ	18673	ao-ou,n-l,r-l	1
杂质	zá zhì	18674	z-zh	1
战败	zhàn bài	18675	an-ang,ai-ei,z-zh	1
主儿	zhǔ er	18677	z-zh	1
保温	bǎo wēn	18678	en-eng,ao-ou	1
兑付	duì fù	18680	h-f	1
告终	gào zhōng	18681	ao-ou,z-zh	1
笃行	dǔ xíng	18682	in-ing,j-q-x	3
开刀	kāi dāo	18683	ai-ei,ao-ou	1
门框	mén kuàng	18684	en-eng,uan-uang	1
雨天	yǔ tiān	18686	ian-iang	1
篡改	cuàn gǎi	18687	uan-uang,ai-ei,c-ch	1
二胡	èr hú	18688	h-f	1
复审	fù shěn	18689	en-eng,s-sh,h-f	1
降幅	jiàng fú	18691	ian-iang,h-f,j-q-x	1
拉手	lā shǒu	18692	ao-ou,s-sh,n-l,r-l	1
世家	shì jiā	18694	ia-ie,s-sh,j-q-x	1
数控	shù kòng	18696	s-sh	1
医科	yī kē	18697		1
植入	zhí rù	18698	z-zh,r-l	1
总则	zǒng zé	18700	z-zh	1
混战	hùn zhàn	18701	an-ang,z-zh,h-f	1
军属	jūn shǔ	18703	s-sh,j-q-x	1
山口	shān kǒu	18704	an-ang,ao-ou,s-sh	1
瓦房	wǎ fáng	18705	an-ang,h-f	1
心怀	xīn huái	18706	in-ing,h-f,j-q-x	1
怨气	yuàn qì	18708	uan-uang,j-q-x	1
闸门	zhá mén	18710	en-eng,z-zh	1
不俗	bù sú	18711	s-sh	1
草草	cǎo cǎo	18712	ao-ou,c-ch	1
车展	chē zhǎn	18713	an-ang,z-zh,c-ch	1
古董	gǔ dǒng	18714		1
广交	guǎng jiāo	18715	uan-uang,j-q-x	1
皇宫	huáng gōng	18716	uan-uang,h-f	1
盘整	pán zhěng	18718	en-eng,an-ang,z-zh	1
起始	qǐ shǐ	18719	s-sh,j-q-x	1
取材	qǔ cái	18720	ai-ei,c-ch,j-q-x	1
取经	qǔ jīng	18721	in-ing,j-q-x	1
位移	wèi yí	18723	ai-ei	1
版图	bǎn tú	18726	an-ang	1
病历	bìng lì	18727	in-ing,n-l,r-l	1
初恋	chū liàn	18728	ian-iang,c-ch,n-l,r-l	1
床铺	chuáng pù	18729	uan-uang,c-ch	1
纪事	jì shì	18730	s-sh,j-q-x	1
旧时	jiù shí	18731	s-sh,j-q-x	1
漠视	mò shì	18732	s-sh	1
日语	rì yǔ	18733	r-l	1
死尸	sǐ shī	18734	s-sh	1
头绪	tóu xù	18735	ao-ou,j-q-x	1
漩涡	xuán wō	18736	uan-uang,j-q-x	3
开具	kāi jù	18739	ai-ei,j-q-x	1
饰演	shì yǎn	18741	an-ang,s-sh	1
听课	tīng kè	18742	in-ing	1
招致	zhāo zhì	18743	ao-ou,z-zh	1
朝日	zhāo rì	18744	ao-ou,z-zh,r-l	1
枝头	zhī tóu	18745	ao-ou,z-zh	1
复出	fù chū	18748	c-ch,h-f	1
敢当	gǎn dāng	18749	an-ang	1
剪彩	jiǎn cǎi	18750	ian-iang,ai-ei,c-ch,j-q-x	1
隆起	lóng qǐ	18751	n-l,r-l,j-q-x	1
旅居	lǚ jū	18752	n-l,r-l,j-q-x	1
脑壳	nǎo ké	18753	ao-ou,n-l	1
石桥	shí qiáo	18754	s-sh,j-q-x	1
水路	shuǐ lù	18755	s-sh,n-l,r-l	1
送交	sòng jiāo	18756	s-sh,j-q-x	1
逃犯	táo fàn	18757	an-ang,ao-ou,h-f	1
心坎	xīn kǎn	18758	in-ing,an-ang,j-q-x	1
中盘	zhōng pán	18759	an-ang,z-zh	1
法郎	fǎ láng	18760	an-ang,n-l,h-f,r-l	1
吼叫	hǒu jiào	18761	ao-ou,h-f,j-q-x	1
久违	jiǔ wéi	18763	ai-ei,j-q-x	1
决断	jué duàn	18764	uan-uang,j-q-x	1
烧香	shāo xiāng	18765	ian-iang,ao-ou,s-sh,j-q-x	1
蛙泳	wā yǒng	18766		1
猜疑	cāi yí	18767	ai-ei,c-ch	1
顶级	dǐng jí	18768	in-ing,j-q-x	1
共谋	gòng móu	18771	ao-ou	1
评介	píng jiè	18772	in-ing,ia-ie,j-q-x	1
完事	wán shì	18773	an-ang,s-sh	1
无机	wú jī	18774	j-q-x	1
不屈	bù qū	18775	j-q-x	1
菜地	cài dì	18776	ai-ei,c-ch	1
雏形	chú xíng	18777	in-ing,c-ch,j-q-x	1
登极	dēng jí	18778	en-eng,j-q-x	1
调离	diào lí	18779	n-l,r-l	1
赌场	dǔ chǎng	18780	an-ang,c-ch	1
扶植	fú zhí	18781	z-zh,h-f	1
门楼	mén lóu	18783	en-eng,ao-ou,n-l,r-l	1
舍弃	shě qì	18785	s-sh,j-q-x	1
桃子	táo zi	18787	ao-ou,z-zh	1
同化	tóng huà	18788	ua-uo,h-f	1
下方	xià fāng	18789	an-ang,ia-ie,h-f,j-q-x	1
应运	yìng yùn	18790	in-ing	1
摘取	zhāi qǔ	18791	ai-ei,z-zh,j-q-x	1
直流	zhí liú	18792	z-zh,n-l,r-l	1
总厂	zǒng chǎng	18793	an-ang,z-zh,c-ch	1
闭门	bì mén	18794	en-eng	1
大项	dà xiàng	18796	ian-iang,j-q-x	1
地膜	dì mó	18797		1
帝制	dì zhì	18798	z-zh	1
后背	hòu bèi	18800	ai-ei,ao-ou,h-f	1
截断	jié duàn	18801	uan-uang,ia-ie,j-q-x	1
径流	jìng liú	18802	in-ing,n-l,r-l,j-q-x	1
算计	suàn jì	18803	uan-uang,s-sh,j-q-x	1
天命	tiān mìng	18804	in-ing,ian-iang	1
吐蕃	tǔ bō	18805		3
外力	wài lì	18806	ai-ei,n-l,r-l	1
衣食	yī shí	18807	s-sh	1
装机	zhuāng jī	18808	uan-uang,z-zh,j-q-x	1
登时	dēng shí	18811	en-eng,s-sh	1
光环	guāng huán	18812	uan-uang,h-f	1
好手	hǎo shǒu	18813	ao-ou,s-sh,h-f	1
火化	huǒ huà	18814	ua-uo,h-f	1
计票	jì piào	18815	j-q-x	1
了事	liǎo shì	18817	s-sh,n-l,r-l	1
煤窑	méi yáo	18818	ai-ei,ao-ou	1
市镇	shì zhèn	18821	en-eng,z-zh,s-sh	1
同声	tóng shēng	18822	en-eng,s-sh	1
统称	tǒng chēng	18823	en-eng,c-ch	1
相交	xiāng jiāo	18824	ian-iang,j-q-x	1
烟叶	yān yè	18825	an-ang	1
一色	yī sè	18826	s-sh	1
中古	zhōng gǔ	18827	z-zh	1
诸君	zhū jūn	18828	z-zh,j-q-x	1
字句	zì jù	18829	z-zh,j-q-x	1
本职	běn zhí	18830	en-eng,z-zh	1
发稿	fā gǎo	18831	ao-ou,h-f	1
老公	lǎo gōng	18833	ao-ou,n-l,r-l	1
锐减	ruì jiǎn	18835	ian-iang,r-l,j-q-x	1
赛程	sài chéng	18836	en-eng,ai-ei,c-ch,s-sh	1
银屏	yín píng	18837	in-ing	1
打黑	dǎ hēi	18838	ai-ei,h-f	1
带子	dài zi	18839	ai-ei,z-zh	1
复发	fù fā	18840	h-f	1
港台	gǎng tái	18841	an-ang,ai-ei	1
良田	liáng tián	18842	ian-iang,n-l,r-l	1
麻袋	má dài	18843	ai-ei	1
深海	shēn hǎi	18844	en-eng,ai-ei,s-sh,h-f	1
史书	shǐ shū	18845	s-sh	1
元气	yuán qì	18847	uan-uang,j-q-x	1
逆境	nì jìng	18848	in-ing,n-l,j-q-x	1
远望	yuǎn wàng	18849	an-ang,uan-uang	1
把守	bǎ shǒu	18850	ao-ou,s-sh	1
单人	dān rén	18851	en-eng,an-ang,r-l	1
舞会	wǔ huì	18854	h-f	1
眼科	yǎn kē	18855	an-ang	1
再审	zài shěn	18856	en-eng,ai-ei,z-zh,s-sh	1
孢子	bāo zǐ	18858	ao-ou,z-zh	3
大堂	dà táng	18859	an-ang	1
肤色	fū sè	18860	s-sh,h-f	1
公债	gōng zhài	18862	ai-ei,z-zh	1
据称	jù chēng	18863	en-eng,c-ch,j-q-x	1
军情	jūn qíng	18864	in-ing,j-q-x	1
雄风	xióng fēng	18867	en-eng,h-f,j-q-x	1
追查	zhuī chá	18868	z-zh,c-ch	1
安居	ān jū	18869	an-ang,j-q-x	1
根子	gēn zi	18870	en-eng,z-zh	1
好儿	hǎo er	18871	ao-ou,h-f	1
金光	jīn guāng	18872	in-ing,uan-uang,j-q-x	1
门帘	mén lián	18874	en-eng,ian-iang,n-l,r-l	1
那般	nà bān	18875	an-ang,n-l	1
内河	nèi hé	18876	ai-ei,n-l,h-f	1
评书	píng shū	18877	in-ing,s-sh	1
青色	qīng sè	18878	in-ing,s-sh,j-q-x	1
燃煤	rán méi	18879	an-ang,ai-ei,r-l	1
人治	rén zhì	18880	en-eng,z-zh,r-l	1
森严	sēn yán	18881	en-eng,an-ang,s-sh	1
生鲜	shēng xiān	18882	en-eng,ian-iang,s-sh,j-q-x	1
石刻	shí kè	18883	s-sh	1
书斋	shū zhāi	18884	ai-ei,z-zh,s-sh	1
振荡	zhèn dàng	18885	en-eng,an-ang,z-zh	1
磁带	cí dài	18886	ai-ei,c-ch	1
村头	cūn tóu	18887	ao-ou,c-ch	1
大戏	dà xì	18888	j-q-x	1
滴水	dī shui	18889	s-sh	1
高下	gāo xià	18890	ao-ou,ia-ie,j-q-x	1
行当	háng dang	18891	an-ang,h-f	1
决算	jué suàn	18892	uan-uang,s-sh,j-q-x	1
两翼	liǎng yì	18893	ian-iang,n-l,r-l	1
谋杀	móu shā	18894	ao-ou,s-sh	1
自是	zì shì	18897	z-zh,s-sh	1
大刀	dà dāo	18898	ao-ou	1
顶端	dǐng duān	18899	in-ing,uan-uang	1
繁琐	fán suǒ	18900	an-ang,ua-uo,s-sh,h-f	1
分校	fēn xiào	18901	en-eng,h-f,j-q-x	1
勾画	gōu huà	18902	ao-ou,ua-uo,h-f	1
股子	gǔ zi	18903	z-zh	1
湖畔	hú pàn	18904	an-ang,h-f	1
嘉奖	jiā jiǎng	18905	ian-iang,ia-ie,j-q-x	1
靠山	kào shān	18906	an-ang,ao-ou,s-sh	1
南洋	nán yáng	18907	an-ang,n-l	1
升腾	shēng téng	18908	en-eng,s-sh	1
战地	zhàn dì	18909	an-ang,z-zh	1
忠心	zhōng xīn	18910	in-ing,z-zh,j-q-x	1
终极	zhōng jí	18911	z-zh,j-q-x	1
欠薪	qiàn xīn	18912	in-ing,ian-iang,j-q-x	1
总行	zǒng háng	18913	an-ang,z-zh,h-f	1
纵火	zòng huǒ	18914	ua-uo,z-zh,h-f	1
半边	bàn biān	18915	an-ang,ian-iang	1
恶梦	è mèng	18916	en-eng	1
寄宿	jì sù	18917	s-sh,j-q-x	1
申遗	shēn yí	18920	en-eng,s-sh	1
烙印	lào yìn	18921	in-ing,ao-ou,n-l,r-l	1
亲历	qīn lì	18922	in-ing,n-l,r-l,j-q-x	1
膳食	shàn shí	18923	an-ang,s-sh	3
早熟	zǎo shú	18924	ao-ou,z-zh,s-sh	1
中用	zhōng yòng	18925	z-zh	1
传导	chuán dǎo	18927	uan-uang,ao-ou,c-ch	1
官职	guān zhí	18928	uan-uang,z-zh	1
尽心	jìn xīn	18929	in-ing,j-q-x	1
迫于	pò yú	18931		1
执笔	zhí bǐ	18933	z-zh	1
成家	chéng jiā	18935	en-eng,ia-ie,c-ch,j-q-x	1
大车	dà chē	18936	c-ch	1
贩运	fàn yùn	18937	an-ang,h-f	1
光头	guāng tóu	18938	uan-uang,ao-ou	1
贵人	guì rén	18939	en-eng,r-l	1
军火	jūn huǒ	18940	ua-uo,h-f,j-q-x	1
良策	liáng cè	18941	ian-iang,c-ch,n-l,r-l	1
羚羊	líng yáng	18942	in-ing,an-ang,n-l,r-l	1
先河	xiān hé	18944	ian-iang,h-f,j-q-x	1
学系	xué xì	18945	j-q-x	1
指派	zhǐ pài	18946	ai-ei,z-zh	1
穿插	chuān chā	18947	uan-uang,c-ch	1
代号	dài hào	18948	ai-ei,ao-ou,h-f	1
胆识	dǎn shí	18949	an-ang,s-sh	1
发包	fā bāo	18950	ao-ou,h-f	1
副总	fù zǒng	18951	z-zh,h-f	1
泪眼	lèi yǎn	18952	an-ang,ai-ei,n-l,r-l	1
灵芝	líng zhī	18953	in-ing,z-zh,n-l,r-l	1
铺盖	pū gài	18954	ai-ei	1
损耗	sǔn hào	18955	ao-ou,s-sh,h-f	1
台子	tái zi	18956	ai-ei,z-zh	1
幸免	xìng miǎn	18958	in-ing,ian-iang,j-q-x	1
掌管	zhǎng guǎn	18959	an-ang,uan-uang,z-zh	1
整夜	zhěng yè	18960	en-eng,z-zh	1
大悟	dà wù	18961		1
鳄鱼	è yú	18962		1
胳臂	gē bei	18963	ai-ei	1
海棠	hǎi táng	18964	an-ang,ai-ei,h-f	1
还贷	huán dài	18965	uan-uang,ai-ei,h-f	1
几分	jǐ fēn	18966	en-eng,h-f,j-q-x	1
美金	měi jīn	18967	in-ing,ai-ei,j-q-x	1
女方	nǚ fāng	18968	an-ang,n-l,h-f	1
气焰	qì yàn	18969	an-ang,j-q-x	1
人中	rén zhōng	18970	en-eng,z-zh,r-l	1
三九	sān jiǔ	18971	an-ang,s-sh,j-q-x	1
水道	shuǐ dào	18972	ao-ou,s-sh	1
下狱	xià yù	18974	ia-ie,j-q-x	1
余下	yú xià	18975	ia-ie,j-q-x	1
报价	bào jià	18977	ao-ou,ia-ie,j-q-x	1
奔流	bēn liú	18978	en-eng,n-l,r-l	1
比武	bǐ wǔ	18979		1
彩旗	cǎi qí	18981	ai-ei,c-ch,j-q-x	1
河堤	hé dī	18982	h-f	1
继母	jì mǔ	18983	j-q-x	1
抗癌	kàn gái	18984	an-ang,ai-ei	1
拦阻	lán zǔ	18985	an-ang,z-zh,n-l,r-l	1
立意	lì yì	18986	n-l,r-l	1
茅屋	máo wū	18987	ao-ou	1
命脉	mìng mài	18988	in-ing,ai-ei	1
枪杀	qiāng shā	18989	ian-iang,s-sh,j-q-x	1
杀伤	shā shāng	18990	an-ang,s-sh	1
上限	shàng xiàn	18991	an-ang,ian-iang,s-sh,j-q-x	1
完结	wán jié	18992	an-ang,ia-ie,j-q-x	1
帮困	bāng kùn	18994	an-ang	1
盹儿	dǔn er	18995		1
附带	fù dài	18996	ai-ei,h-f	1
关东	guān dōng	18997	uan-uang	1
痉挛	jìng luán	19000	in-ing,uan-uang,n-l,r-l,j-q-x	2
末年	mò nián	19002	ian-iang,n-l	1
器件	qì jiàn	19003	ian-iang,j-q-x	1
商城	shāng chéng	19004	en-eng,an-ang,c-ch,s-sh	1
书局	shū jú	19005	s-sh,j-q-x	1
谢罪	xiè zuì	19006	ia-ie,z-zh,j-q-x	1
菜刀	cài dāo	19007	ai-ei,ao-ou,c-ch	1
船队	chuán duì	19008	uan-uang,c-ch	1
底部	dǐ bù	19009		1
典籍	diǎn jí	19010	ian-iang,j-q-x	1
跺脚	duò jiǎo	19011	ua-uo,j-q-x	1
画报	huà bào	19012	ao-ou,ua-uo,h-f	1
举证	jǔ zhèng	19013	en-eng,z-zh,j-q-x	1
老哥	lǎo gē	19014	ao-ou,n-l,r-l	1
马列	mǎ liè	19016	ia-ie,n-l,r-l	1
海归	hǎi guī	19017	ai-ei,h-f	1
偷窥	tōu kuī	19018	ao-ou	1
殷墟	yīn xū	19019	in-ing,j-q-x	1
大干	dà gàn	19021	an-ang	1
定时	dìng shí	19022	in-ing,s-sh	1
隔阂	gé hé	19023	h-f	3
姑息	gū xī	19024	j-q-x	1
洪峰	hóng fēng	19025	en-eng,h-f	1
花色	huā sè	19026	ua-uo,s-sh,h-f	1
认购	rèn gòu	19027	en-eng,ao-ou,r-l	1
巷子	xiàng zi	19028	ian-iang,z-zh,j-q-x	1
心甘	xīn gān	19029	in-ing,an-ang,j-q-x	1
一朝	yī zhāo	19030	ao-ou,z-zh	1
右倾	yòu qīng	19031	in-ing,ao-ou,j-q-x	1
中锋	zhōng fēng	19032	en-eng,z-zh,h-f	1
乘胜	chéng shèng	19033	en-eng,c-ch,s-sh	1
馆藏	guǎn cáng	19034	an-ang,uan-uang,c-ch	1
海风	hǎi fēng	19035	en-eng,ai-ei,h-f	1
水管	shuǐ guǎn	19037	uan-uang,s-sh	1
浴场	yù chǎng	19039	an-ang,c-ch	1
大鼓	dà gǔ	19041		1
道口	dào kǒu	19042	ao-ou	1
甘愿	gān yuàn	19044	an-ang,uan-uang	1
管子	guǎn zi	19045	uan-uang,z-zh	1
民房	mín fáng	19046	in-ing,an-ang,h-f	1
赔付	péi fù	19047	ai-ei,h-f	1
区间	qū jiān	19048	ian-iang,j-q-x	1
赛马	sài mǎ	19049	ai-ei,s-sh	1
哨所	shào suǒ	19050	ao-ou,ua-uo,s-sh	1
盛产	shèng chǎn	19051	en-eng,an-ang,c-ch,s-sh	1
孝子	xiào zǐ	19053	z-zh,j-q-x	1
蓄意	xù yì	19054	j-q-x	1
义理	yì lǐ	19055	n-l,r-l	1
撰文	zhuàn wén	19056	en-eng,uan-uang,z-zh	1
阿妈	ā mā	19057		1
保重	bǎo zhòng	19058	ao-ou,z-zh	1
东汉	dōng hàn	19060	an-ang,h-f	1
分立	fēn lì	19061	en-eng,n-l,h-f,r-l	1
剪影	jiǎn yǐng	19063	in-ing,ian-iang,j-q-x	1
经办	jīng bàn	19064	in-ing,an-ang,j-q-x	1
巨龙	jù lóng	19065	n-l,r-l,j-q-x	1
受挫	shòu cuò	19066	ao-ou,ua-uo,c-ch,s-sh	1
头版	tóu bǎn	19067	an-ang,ao-ou	1
矿长	kuàng cháng	19070	an-ang,uan-uang,c-ch	1
清退	qīng tuì	19072	in-ing,j-q-x	1
上风	shàng fēng	19073	en-eng,an-ang,s-sh,h-f	1
小脚	xiǎo jiǎo	19074	j-q-x	1
血汗	xuè hàn	19075	an-ang,h-f,j-q-x	1
音调	yīn diào	19076	in-ing	1
硬性	yìng xìng	19077	in-ing,j-q-x	1
育才	yù cái	19078	ai-ei,c-ch	1
咱家	zá jiā	19079	ia-ie,z-zh,j-q-x	1
发案	fā àn	19083	an-ang,h-f	1
奖杯	jiǎng bēi	19084	ian-iang,ai-ei,j-q-x	1
接壤	jiē rǎng	19085	an-ang,ia-ie,r-l,j-q-x	1
决非	jué fēi	19086	ai-ei,h-f,j-q-x	1
裤裆	kù dāng	19087	an-ang	3
木棍	mù gùn	19089		1
品鉴	pǐn jiàn	19090	in-ing,ian-iang,j-q-x	1
曲目	qǔ mù	19091	j-q-x	1
日头	rì tou	19092	ao-ou,r-l	1
盛况	shèng kuàng	19093	en-eng,uan-uang,s-sh	1
无毒	wú dú	19094		1
在逃	zài táo	19095	ai-ei,ao-ou,z-zh	1
备用	bèi yòng	19096	ai-ei	1
钢板	gāng bǎn	19097	an-ang	1
后宫	hòu gōng	19098	ao-ou,h-f	1
江北	jiāng běi	19099	ian-iang,ai-ei,j-q-x	1
善恶	shàn è	19100	an-ang,s-sh	1
上浮	shàng fú	19101	an-ang,s-sh,h-f	1
转弯	zhuǎn wān	19102	an-ang,uan-uang,z-zh	1
自传	zì zhuàn	19103	uan-uang,z-zh	1
字号	zì hào	19104	ao-ou,z-zh,h-f	1
总站	zǒng zhàn	19105	an-ang,z-zh	1
家底	jiā dǐ	19106	ia-ie,j-q-x	1
坐镇	zuò zhèn	19107	en-eng,ua-uo,z-zh	1
采写	cǎi xiě	19108	ai-ei,ia-ie,c-ch,j-q-x	1
核发	hé fā	19109	h-f	1
连累	lián lei	19110	ian-iang,ai-ei,n-l,r-l	1
粮农	liáng nóng	19111	ian-iang,n-l,r-l	1
限售	xiàn shòu	19113	ian-iang,ao-ou,s-sh,j-q-x	1
皮箱	pí xiāng	19114	ian-iang,j-q-x	1
婆家	pó jiā	19115	ia-ie,j-q-x	1
青菜	qīng cài	19116	in-ing,ai-ei,c-ch,j-q-x	1
卫兵	wèi bīng	19117	in-ing,ai-ei	1
五代	wǔ dài	19118	ai-ei	1
行路	xíng lù	19119	in-ing,n-l,r-l,j-q-x	1
选址	xuǎn zhǐ	19120	uan-uang,z-zh,j-q-x	1
音节	yīn jié	19121	in-ing,ia-ie,j-q-x	1
中线	zhōng xiàn	19122	ian-iang,z-zh,j-q-x	1
出气	chū qì	19123	c-ch,j-q-x	1
大褂	dà guà	19124	ua-uo	1
多头	duō tóu	19125	ao-ou,ua-uo	1
割断	gē duàn	19126	uan-uang	1
惶惑	huáng huò	19127	uan-uang,ua-uo,h-f	1
考取	kǎo qǔ	19128	ao-ou,j-q-x	1
派员	pài yuán	19129	uan-uang,ai-ei	1
散会	sàn huì	19130	an-ang,s-sh,h-f	1
渗出	shèn chū	19131	en-eng,c-ch,s-sh	1
时局	shí jú	19132	s-sh,j-q-x	1
相容	xiāng róng	19133	ian-iang,r-l,j-q-x	1
战舰	zhàn jiàn	19134	an-ang,ian-iang,z-zh,j-q-x	1
必得	bì děi	19135	ai-ei	1
渡船	dù chuán	19137	uan-uang,c-ch	1
高发	gāo fā	19139	ao-ou,h-f	1
高扬	gāo yáng	19140	an-ang,ao-ou	1
骄人	jiāo rén	19141	en-eng,r-l,j-q-x	1
结业	jié yè	19142	ia-ie,j-q-x	1
肃清	sù qīng	19145	in-ing,s-sh,j-q-x	1
效用	xiào yòng	19146	j-q-x	1
烟火	yān huǒ	19148	an-ang,ua-uo,h-f	1
英才	yīng cái	19149	in-ing,ai-ei,c-ch	1
原煤	yuán méi	19150	uan-uang,ai-ei	1
杂费	zá fèi	19151	ai-ei,z-zh,h-f	1
中枢	zhōng shū	19152	z-zh,s-sh	1
猪圈	zhū juàn	19153	uan-uang,z-zh,j-q-x	1
追缴	zhuī jiǎo	19154	z-zh,j-q-x	1
挨饿	ái è	19155	ai-ei	1
八成	bā chéng	19156	en-eng,c-ch	1
保洁	bǎo jié	19157	ao-ou,ia-ie,j-q-x	1
低垂	dī chuí	19158	c-ch	1
复员	fù yuán	19159	uan-uang,h-f	1
各样	gè yàng	19160	an-ang	1
攻占	gōng zhàn	19161	an-ang,z-zh	1
罐子	guàn zi	19162	uan-uang,z-zh	1
红线	hóng xiàn	19163	ian-iang,h-f,j-q-x	1
极点	jí diǎn	19164	ian-iang,j-q-x	1
酒馆	jiǔ guǎn	19165	uan-uang,j-q-x	1
蓦然	mò rán	19166	an-ang,r-l	3
泥巴	ní ba	19167	n-l	1
棋盘	qí pán	19168	an-ang,j-q-x	1
抢注	qiǎng zhù	19169	ian-iang,z-zh,j-q-x	1
杀毒	shā dú	19170	s-sh	1
视窗	shì chuāng	19171	uan-uang,c-ch,s-sh	1
守将	shǒu jiàng	19172	ian-iang,ao-ou,s-sh,j-q-x	1
算法	suàn fǎ	19173	uan-uang,s-sh,h-f	1
星空	xīng kōng	19174	in-ing,j-q-x	1
制宪	zhì xiàn	19175	ian-iang,z-zh,j-q-x	1
感召	gǎn zhào	19177	an-ang,ao-ou,z-zh	1
躬身	gōng shēn	19178	en-eng,s-sh	1
交货	jiāo huò	19180	ua-uo,h-f,j-q-x	1
农奴	nóng nú	19182	n-l	1
切忌	qiè jì	19183	ia-ie,j-q-x	1
求生	qiú shēng	19184	en-eng,s-sh,j-q-x	1
弹簧	tán huáng	19185	an-ang,uan-uang,h-f	1
天意	tiān yì	19186	ian-iang	1
物化	wù huà	19188	ua-uo,h-f	1
印花	yìn huā	19189	in-ing,ua-uo,h-f	1
榆树	yú shù	19190	s-sh	1
战果	zhàn guǒ	19191	an-ang,ua-uo,z-zh	1
职守	zhí shǒu	19192	ao-ou,z-zh,s-sh	1
走时	zǒu shí	19193	ao-ou,z-zh,s-sh	1
初春	chū chūn	19194	c-ch	1
导读	dǎo dú	19195	ao-ou	1
敌视	dí shì	19196	s-sh	1
发卡	fà qiǎ	19197	ia-ie,h-f,j-q-x	1
架势	jià shi	19198	ia-ie,s-sh,j-q-x	1
抗病	kàng bìng	19199	in-ing,an-ang	1
名师	míng shī	19200	in-ing,s-sh	1
偏向	piān xiàng	19201	ian-iang,j-q-x	1
认罪	rèn zuì	19202	en-eng,z-zh,r-l	1
侍女	shì nǚ	19203	s-sh,n-l	1
头人	tóu rén	19204	en-eng,ao-ou,r-l	1
文言	wén yán	19205	en-eng,an-ang	1
心酸	xīn suān	19206	in-ing,uan-uang,s-sh,j-q-x	1
异化	yì huà	19207	ua-uo,h-f	1
财会	cái kuài	19210	ai-ei,c-ch	1
短裤	duǎn kù	19211	uan-uang	1
格子	gé zi	19212	z-zh	1
惯于	guàn yú	19214	uan-uang	1
戒烟	jiè yān	19215	an-ang,ia-ie,j-q-x	1
空想	kōng xiǎng	19216	ian-iang,j-q-x	1
落选	luò xuǎn	19217	uan-uang,ua-uo,n-l,r-l,j-q-x	1
车友	chē yǒu	19220	ao-ou,c-ch	1
雄心	xióng xīn	19222	in-ing,j-q-x	1
真个	zhēn gè	19223	en-eng,z-zh	1
布鞋	bù xié	19224	ia-ie,j-q-x	1
扯皮	chě pí	19225	c-ch	1
定论	dìng lùn	19226	in-ing,n-l,r-l	1
丢弃	diū qì	19227	j-q-x	1
基点	jī diǎn	19228	ian-iang,j-q-x	1
路网	lù wǎng	19229	an-ang,n-l,r-l	1
片断	piàn duàn	19230	ian-iang,uan-uang	1
难言	nán yán	19231	an-ang,n-l	1
酿酒	niàng jiǔ	19232	ian-iang,n-l,j-q-x	1
树皮	shù pí	19233	s-sh	1
头子	tóu zi	19234	ao-ou,z-zh	1
微粒	wēi lì	19235	ai-ei,n-l,r-l	1
违禁	wéi jìn	19236	in-ing,ai-ei,j-q-x	1
学人	xué rén	19237	en-eng,r-l,j-q-x	1
政体	zhèng tǐ	19238	en-eng,z-zh	1
抗诉	kàng sù	19241	an-ang,s-sh	1
难保	nán bǎo	19243	an-ang,ao-ou,n-l	1
皮肉	pí ròu	19244	ao-ou,r-l	1
入狱	rù yù	19246	r-l	1
铁丝	tiě sī	19247	ia-ie,s-sh	1
退货	tuì huò	19248	ua-uo,h-f	1
小道	xiǎo dào	19249	ao-ou,j-q-x	1
义诊	yì zhěn	19250	en-eng,z-zh	1
植株	zhí zhū	19251	z-zh	1
转运	zhuǎn yùn	19252	uan-uang,z-zh	1
地产	dì chǎn	19253	an-ang,c-ch	1
褂子	guà zi	19254	ua-uo,z-zh	1
近处	jìn chù	19255	in-ing,c-ch,j-q-x	1
老友	lǎo yǒu	19256	ao-ou,n-l,r-l	1
脸盆	liǎn pén	19257	en-eng,ian-iang,n-l,r-l	1
临界	lín jiè	19258	in-ing,ia-ie,n-l,r-l,j-q-x	1
如故	rú gù	19259	r-l	1
入围	rù wéi	19260	ai-ei,r-l	1
上文	shàng wén	19261	en-eng,an-ang,s-sh	1
谢意	xiè yì	19262	ia-ie,j-q-x	1
严守	yán shǒu	19263	an-ang,ao-ou,s-sh	1
有气	yǒu qì	19264	ao-ou,j-q-x	1
阻断	zǔ duàn	19265	uan-uang,z-zh	1
病害	bìng hài	19266	in-ing,ai-ei,h-f	1
堵截	dǔ jié	19267	ia-ie,j-q-x	1
分居	fēn jū	19268	en-eng,h-f,j-q-x	1
交互	jiāo hù	19269	h-f,j-q-x	1
满目	mǎn mù	19270	an-ang	1
枪炮	qiāng pào	19271	ian-iang,ao-ou,j-q-x	1
清偿	qīng cháng	19272	in-ing,an-ang,c-ch,j-q-x	1
惹人	rě rén	19273	en-eng,r-l	1
热力	rè lì	19274	n-l,r-l	1
听力	tīng lì	19276	in-ing,n-l,r-l	1
赃款	zāng kuǎn	19277	an-ang,uan-uang,z-zh	1
被害	bèi hài	19278	ai-ei,h-f	1
不配	bù pèi	19279	ai-ei	1
超人	chāo rén	19280	en-eng,ao-ou,c-ch,r-l	1
大田	dà tián	19281	ian-iang	1
端坐	duān zuò	19282	uan-uang,ua-uo,z-zh	1
废纸	fèi zhǐ	19283	ai-ei,z-zh,h-f	1
肌体	jī tǐ	19285	j-q-x	1
激增	jī zēng	19286	en-eng,z-zh,j-q-x	1
接济	jiē jì	19287	ia-ie,j-q-x	1
强攻	qiáng gōng	19288	ian-iang,j-q-x	1
书报	shū bào	19289	ao-ou,s-sh	1
吐痰	tǔ tán	19290	an-ang	1
遐想	xiá xiǎng	19291	ian-iang,ia-ie,j-q-x	3
寨子	zhài zi	19292	ai-ei,z-zh	1
制动	zhì dòng	19293	z-zh	1
发文	fā wén	19294	en-eng,h-f	1
勒令	lè lìng	19295	in-ing,n-l,r-l	1
论点	lùn diǎn	19296	ian-iang,n-l,r-l	1
派头	pài tóu	19297	ai-ei,ao-ou	1
首例	shǒu lì	19299	ao-ou,s-sh,n-l,r-l	1
通缉	tōng jī	19300	j-q-x	1
秒杀	miǎo shā	19301	s-sh	1
百般	bǎi bān	19302	an-ang,ai-ei	1
控球	kòng qiú	19303	j-q-x	1
惨遭	cǎn zāo	19304	an-ang,ao-ou,z-zh,c-ch	1
导体	dǎo tǐ	19305	ao-ou	1
林海	lín hǎi	19306	in-ing,ai-ei,n-l,h-f,r-l	1
论调	lùn diào	19307	n-l,r-l	1
目送	mù sòng	19308	s-sh	1
婆娘	pó niáng	19310	ian-iang,n-l	1
热诚	rè chéng	19311	en-eng,c-ch,r-l	1
神学	shén xué	19312	en-eng,s-sh,j-q-x	1
死地	sǐ dì	19314	s-sh	1
同仁	tóng rén	19315	en-eng,r-l	1
卫队	wèi duì	19316	ai-ei	1
暂住	zàn zhù	19317	an-ang,z-zh	1
皱眉	zhòu méi	19318	ai-ei,ao-ou,z-zh	1
部族	bù zú	19320	z-zh	1
采煤	cǎi méi	19321	ai-ei,c-ch	1
附有	fù yǒu	19322	ao-ou,h-f	1
高炉	gāo lú	19323	ao-ou,n-l,r-l	1
供暖	gōng nuǎn	19324	uan-uang,n-l	1
画廊	huà láng	19325	an-ang,ua-uo,n-l,h-f,r-l	1
揭牌	jiē pái	19326	ai-ei,ia-ie,j-q-x	1
开馆	kāi guǎn	19327	uan-uang,ai-ei	1
轮番	lún fān	19328	an-ang,n-l,h-f,r-l	1
食宿	shí sù	19329	s-sh	1
死守	sǐ shǒu	19330	ao-ou,s-sh	1
增援	zēng yuán	19332	en-eng,uan-uang,z-zh	1
周济	zhōu jì	19333	ao-ou,z-zh,j-q-x	1
装车	zhuāng chē	19334	uan-uang,z-zh,c-ch	1
赤潮	chì cháo	19336	ao-ou,c-ch	1
动笔	dòng bǐ	19338		1
能动	néng dòng	19339	en-eng,n-l	1
牛皮	niú pí	19340	n-l	1
剖面	pōu miàn	19341	ian-iang,ao-ou	1
前额	qián é	19342	ian-iang,j-q-x	1
外销	wài xiāo	19343	ai-ei,j-q-x	1
野猪	yě zhū	19345	z-zh	1
置疑	zhì yí	19346	z-zh	1
翰林	hàn lín	19347	in-ing,an-ang,n-l,h-f,r-l	1
近郊	jìn jiāo	19348	in-ing,j-q-x	1
明令	míng lìng	19349	in-ing,n-l,r-l	1
同业	tóng yè	19350		1
文稿	wén gǎo	19351	en-eng,ao-ou	1
展销	zhǎn xiāo	19352	an-ang,z-zh,j-q-x	1
抽样	chōu yàng	19355	an-ang,ao-ou,c-ch	1
初冬	chū dōng	19356	c-ch	1
干校	gàn xiào	19357	an-ang,j-q-x	1
刚性	gāng xìng	19358	in-ing,an-ang,j-q-x	1
密谋	mì móu	19360	ao-ou	1
素来	sù lái	19361	ai-ei,s-sh,n-l,r-l	1
素描	sù miáo	19362	s-sh	1
掩埋	yǎn mái	19363	an-ang,ai-ei	1
真人	zhēn rén	19364	en-eng,z-zh,r-l	1
边关	biān guān	19365	ian-iang,uan-uang	1
寻租	xún zū	19366	z-zh,j-q-x	1
车身	chē shēn	19367	en-eng,c-ch,s-sh	1
分列	fēn liè	19368	en-eng,ia-ie,n-l,h-f,r-l	1
过道	guò dào	19370	ao-ou,ua-uo	1
讲师	jiǎng shī	19372	ian-iang,s-sh,j-q-x	1
陆路	lù lù	19373	n-l,r-l	1
门板	mén bǎn	19374	en-eng,an-ang	1
木屋	mù wū	19375		1
牧业	mù yè	19376		1
双星	shuāng xīng	19377	in-ing,uan-uang,s-sh,j-q-x	1
相逢	xiāng féng	19378	en-eng,ian-iang,h-f,j-q-x	1
星火	xīng huǒ	19379	in-ing,ua-uo,h-f,j-q-x	1
伊人	yī rén	19380	en-eng,r-l	1
主教	zhǔ jiào	19381	z-zh,j-q-x	1
坠入	zhuì rù	19382	z-zh,r-l	1
大餐	dà cān	19383	an-ang,c-ch	1
驴友	lǘ yǒu	19385	ao-ou,n-l,r-l	1
交汇	jiāo huì	19386	h-f,j-q-x	1
可汗	kè hán	19387	an-ang,h-f	1
冒烟	mào yān	19388	an-ang,ao-ou	1
勤于	qín yú	19389	in-ing,j-q-x	1
受聘	shòu pìn	19390	in-ing,ao-ou,s-sh	1
跳板	tiào bǎn	19391	an-ang	1
王公	wáng gōng	19392	an-ang	1
卫视	wèi shì	19393	ai-ei,s-sh	1
佣人	yōng rén	19394	en-eng,r-l	1
元朝	yuán cháo	19395	uan-uang,ao-ou,c-ch	1
终将	zhōng jiāng	19396	ian-iang,z-zh,j-q-x	1
字体	zì tǐ	19397	z-zh	1
北国	běi guó	19398	ai-ei,ua-uo	1
不拘	bù jū	19399	j-q-x	1
不治	bù zhì	19400	z-zh	1
财源	cái yuán	19401	uan-uang,ai-ei,c-ch	1
臭气	chòu qì	19402	ao-ou,c-ch,j-q-x	1
处女	chǔ nǚ	19403	c-ch,n-l	1
理赔	lǐ péi	19406	ai-ei,n-l,r-l	1
调停	tiáo tíng	19407	in-ing	1
无味	wú wèi	19408	ai-ei	1
信纸	xìn zhǐ	19409	in-ing,z-zh,j-q-x	1
转悠	zhuàn you	19411	uan-uang,ao-ou,z-zh	1
爆满	bào mǎn	19412	an-ang,ao-ou	1
牦牛	máo niú	19413	ao-ou,n-l	3
上吊	shàng diào	19414	an-ang,s-sh	1
无阻	wú zǔ	19416	z-zh	1
报批	bào pī	19417	ao-ou	1
北面	běi miàn	19418	ian-iang,ai-ei	1
喳喳	chā chā	19419	c-ch	1
出庭	chū tíng	19420	in-ing,c-ch	1
恍然	huǎng rán	19421	an-ang,uan-uang,h-f,r-l	1
南国	nán guó	19423	an-ang,ua-uo,n-l	1
彷徨	páng huáng	19424	an-ang,uan-uang,h-f	2
轻信	qīng xìn	19425	in-ing,j-q-x	1
市面	shì miàn	19427	ian-iang,s-sh	1
适量	shì liàng	19428	ian-iang,s-sh,n-l,r-l	1
舒心	shū xīn	19429	in-ing,s-sh,j-q-x	1
闲人	xián rén	19430	en-eng,ian-iang,r-l,j-q-x	1
小腿	xiǎo tuǐ	19431	j-q-x	1
盐酸	yán suān	19432	an-ang,uan-uang,s-sh	1
衣冠	yī guān	19433	uan-uang	1
鱼塘	yú táng	19434	an-ang	1
原作	yuán zuò	19435	uan-uang,ua-uo,z-zh	1
质优	zhì yōu	19436	ao-ou,z-zh	1
桎梏	zhì gù	19437	z-zh	2
主页	zhǔ yè	19438	z-zh	1
著述	zhù shù	19439	z-zh,s-sh	1
茶楼	chá lóu	19441	ao-ou,c-ch,n-l,r-l	1
低落	dī luò	19442	ua-uo,n-l,r-l	1
方能	fāng néng	19443	en-eng,an-ang,n-l,h-f	1
更迭	gēng dié	19444	en-eng,ia-ie	1
公害	gōng hài	19445	ai-ei,h-f	1
华山	huá shān	19447	an-ang,ua-uo,s-sh,h-f	1
接通	jiē tōng	19448	ia-ie,j-q-x	1
军品	jūn pǐn	19449	in-ing,j-q-x	1
梨园	lí yuán	19450	uan-uang,n-l,r-l	1
赔款	péi kuǎn	19452	uan-uang,ai-ei	1
日照	rì zhào	19453	ao-ou,z-zh,r-l	1
天国	tiān guó	19455	ian-iang,ua-uo	1
相助	xiāng zhù	19456	ian-iang,z-zh,j-q-x	1
笑语	xiào yǔ	19457	j-q-x	1
洋车	yáng chē	19458	an-ang,c-ch	1
养人	yǎng rén	19459	en-eng,an-ang,r-l	1
罂粟	yīng sù	19460	in-ing,s-sh	3
玉兰	yù lán	19461	an-ang,n-l,r-l	1
草鞋	cǎo xié	19462	ao-ou,ia-ie,c-ch,j-q-x	1
大展	dà zhǎn	19463	an-ang,z-zh	1
东宫	dōng gōng	19464		1
发售	fā shòu	19465	ao-ou,s-sh,h-f	1
根系	gēn xì	19466	en-eng,j-q-x	1
棺木	guān mù	19467	uan-uang	1
愿景	yuàn jǐng	19468	in-ing,uan-uang,j-q-x	1
落马	luò mǎ	19469	ua-uo,n-l,r-l	1
五色	wǔ sè	19470	s-sh	1
衍生	yǎn shēng	19471	en-eng,an-ang,s-sh	1
怎奈	zěn nài	19472	en-eng,ai-ei,z-zh,n-l	1
忠告	zhōng gào	19473	ao-ou,z-zh	1
百倍	bǎi bèi	19474	ai-ei	1
茶园	chá yuán	19475	uan-uang,c-ch	1
多谢	duō xiè	19476	ia-ie,ua-uo,j-q-x	1
法师	fǎ shī	19477	s-sh,h-f	1
分得	fēn dé	19478	en-eng,h-f	1
散装	sǎn zhuāng	19481	an-ang,uan-uang,z-zh,s-sh	1
天王	tiān wáng	19482	an-ang,ian-iang	1
相联	xiāng lián	19483	ian-iang,n-l,r-l,j-q-x	1
杂粮	zá liáng	19485	ian-iang,z-zh,n-l,r-l	1
征询	zhēng xún	19486	en-eng,z-zh,j-q-x	1
俄语	é yǔ	19488		1
故而	gù ér	19489		1
联姻	lián yīn	19490	in-ing,ian-iang,n-l,r-l	1
零点	líng diǎn	19491	in-ing,ian-iang,n-l,r-l	1
收效	shōu xiào	19493	ao-ou,s-sh,j-q-x	1
武官	wǔ guān	19494	uan-uang	1
用餐	yòng cān	19495	an-ang,c-ch	1
古文	gǔ wén	19498	en-eng	1
荆棘	jīng jí	19499	in-ing,j-q-x	1
魔力	mó lì	19501	n-l,r-l	1
声息	shēng xī	19502	en-eng,s-sh,j-q-x	1
须要	xū yào	19504	ao-ou,j-q-x	1
增殖	zēng zhí	19506	en-eng,z-zh	1
政风	zhèng fēng	19507	en-eng,z-zh,h-f	1
本息	běn xī	19508	en-eng,j-q-x	1
常数	cháng shù	19509	an-ang,c-ch,s-sh	1
店员	diàn yuán	19510	ian-iang,uan-uang	1
高程	gāo chéng	19512	en-eng,ao-ou,c-ch	1
活该	huó gāi	19514	ai-ei,ua-uo,h-f	1
即兴	jí xìng	19515	in-ing,j-q-x	1
老农	lǎo nóng	19516	ao-ou,n-l,r-l	1
扫黄	sǎo huáng	19517	uan-uang,ao-ou,s-sh,h-f	1
扫盲	sǎo máng	19518	an-ang,ao-ou,s-sh	1
提成	tí chéng	19519	en-eng,c-ch	1
围城	wéi chéng	19520	en-eng,ai-ei,c-ch	1
愈发	yù fā	19521	h-f	1
总政	zǒng zhèng	19523	en-eng,z-zh	1
弊病	bì bìng	19524	in-ing	1
搭讪	dā shàn	19525	an-ang,s-sh	3
电文	diàn wén	19526	en-eng,ian-iang	1
国学	guó xué	19527	ua-uo,j-q-x	1
教条	jiào tiáo	19528	j-q-x	1
弄堂	lòng táng	19530	an-ang,n-l,r-l	1
评级	píng jí	19531	in-ing,j-q-x	1
请愿	qǐng yuàn	19532	in-ing,uan-uang,j-q-x	1
入室	rù shì	19533	s-sh,r-l	1
升旗	shēng qí	19534	en-eng,s-sh,j-q-x	1
提纲	tí gāng	19535	an-ang	1
新月	xīn yuè	19537	in-ing,j-q-x	1
炸毁	zhà huǐ	19538	z-zh,h-f	1
白眼	bái yǎn	19540	an-ang,ai-ei	1
变法	biàn fǎ	19541	ian-iang,h-f	1
藏匿	cáng nì	19542	an-ang,c-ch,n-l	1
成像	chéng xiàng	19543	en-eng,ian-iang,c-ch,j-q-x	1
抽取	chōu qǔ	19544	ao-ou,c-ch,j-q-x	1
典故	diǎn gù	19545	ian-iang	1
发红	fā hóng	19546	h-f	1
开路	kāi lù	19547	ai-ei,n-l,r-l	1
茅草	máo cǎo	19548	ao-ou,c-ch	1
权责	quán zé	19549	uan-uang,z-zh,j-q-x	1
散射	sǎn shè	19550	an-ang,s-sh	1
手铐	shǒu kào	19551	ao-ou,s-sh	1
引种	yǐn zhǒng	19553	in-ing,z-zh	1
原籍	yuán jí	19554	uan-uang,j-q-x	1
白日	bái rì	19556	ai-ei,r-l	1
常设	cháng shè	19557	an-ang,c-ch,s-sh	1
繁杂	fán zá	19558	an-ang,z-zh,h-f	1
鼓噪	gǔ zào	19559	ao-ou,z-zh	1
化纤	huà xiān	19560	ian-iang,ua-uo,h-f,j-q-x	1
会费	huì fèi	19561	ai-ei,h-f	1
就地	jiù dì	19562	j-q-x	1
联袂	lián mèi	19564	ian-iang,ai-ei,n-l,r-l	3
淋漓	lín lí	19565	in-ing,n-l,r-l	1
男儿	nán ér	19567	an-ang,n-l	1
盛名	shèng míng	19568	en-eng,in-ing,s-sh	1
盛赞	shèng zàn	19569	en-eng,an-ang,z-zh,s-sh	1
提现	tí xiàn	19570	ian-iang,j-q-x	1
梯子	tī zi	19571	z-zh	1
投稿	tóu gǎo	19572	ao-ou	1
小菜	xiǎo cài	19573	ai-ei,c-ch,j-q-x	1
藻类	zǎo lèi	19574	ai-ei,ao-ou,z-zh,n-l,r-l	1
诏书	zhào shū	19575	ao-ou,z-zh,s-sh	3
放屁	fàng pì	19576	an-ang,h-f	1
坟地	fén dì	19577	en-eng,h-f	1
概论	gài lùn	19578	ai-ei,n-l,r-l	1
混双	hùn shuāng	19580	uan-uang,s-sh,h-f	1
空手	kōng shǒu	19581	ao-ou,s-sh	1
老外	lǎo wài	19582	ai-ei,ao-ou,n-l,r-l	1
粮仓	liáng cāng	19583	an-ang,ian-iang,c-ch,n-l,r-l	1
刹车	shā chē	19584	c-ch,s-sh	1
下地	xià dì	19586	ia-ie,j-q-x	1
荧光	yíng guāng	19587	in-ing,uan-uang	1
自给	zì jǐ	19588	z-zh,j-q-x	1
蝉联	chán lián	19589	an-ang,ian-iang,c-ch,n-l,r-l	1
孤岛	gū dǎo	19591	ao-ou	1
好过	hǎo guò	19593	ao-ou,ua-uo,h-f	1
金刚	jīn gāng	19594	in-ing,an-ang,j-q-x	1
精深	jīng shēn	19595	en-eng,in-ing,s-sh,j-q-x	1
料想	liào xiǎng	19596	ian-iang,n-l,r-l,j-q-x	1
眉目	méi mu	19597	ai-ei	1
木料	mù liào	19598	n-l,r-l	1
暖流	nuǎn liú	19599	uan-uang,n-l,r-l	1
颂扬	sòng yáng	19600	an-ang,s-sh	1
酸雨	suān yǔ	19601	uan-uang,s-sh	1
武侠	wǔ xiá	19604	ia-ie,j-q-x	1
吸入	xī rù	19605	r-l,j-q-x	1
永生	yǒng shēng	19606	en-eng,s-sh	1
月薪	yuè xīn	19607	in-ing,j-q-x	1
越加	yuè jiā	19608	ia-ie,j-q-x	1
再者	zài zhě	19609	ai-ei,z-zh	1
专卖	zhuān mài	19610	uan-uang,ai-ei,z-zh	1
备耕	bèi gēng	19612	en-eng,ai-ei	1
成全	chéng quán	19613	en-eng,uan-uang,c-ch,j-q-x	1
古书	gǔ shū	19615	s-sh	1
回话	huí huà	19617	ua-uo,h-f	1
情欲	qíng yù	19618	in-ing,j-q-x	1
世道	shì dào	19619	ao-ou,s-sh	1
险胜	xiǎn shèng	19620	en-eng,ian-iang,s-sh,j-q-x	1
游园	yóu yuán	19621	uan-uang,ao-ou	1
重奖	zhòng jiǎng	19622	ian-iang,z-zh,j-q-x	1
北纬	běi wěi	19623	ai-ei	1
惩戒	chéng jiè	19624	en-eng,ia-ie,c-ch,j-q-x	1
精锐	jīng ruì	19626	in-ing,r-l,j-q-x	1
军车	jūn chē	19627	c-ch,j-q-x	1
客源	kè yuán	19628	uan-uang	1
痛楚	tòng chǔ	19630	c-ch	1
务农	wù nóng	19631	n-l	1
咸菜	xián cài	19632	ian-iang,ai-ei,c-ch,j-q-x	1
香火	xiāng huǒ	19633	ian-iang,ua-uo,h-f,j-q-x	1
议席	yì xí	19634	j-q-x	1
幼苗	yòu miáo	19635	ao-ou	1
缘由	yuán yóu	19636	uan-uang,ao-ou	1
执导	zhí dǎo	19637	ao-ou,z-zh	1
打骂	dǎ mà	19638		1
传教	chuán jiào	19639	uan-uang,c-ch,j-q-x	1
愤恨	fèn hèn	19641	en-eng,h-f	1
光华	guāng huá	19642	uan-uang,ua-uo,h-f	1
核销	hé xiāo	19643	h-f,j-q-x	1
强手	qiáng shǒu	19644	ian-iang,ao-ou,s-sh,j-q-x	1
说情	shuō qíng	19645	in-ing,ua-uo,s-sh,j-q-x	1
私事	sī shì	19646	s-sh	1
性感	xìng gǎn	19648	in-ing,an-ang,j-q-x	1
严查	yán chá	19649	an-ang,c-ch	1
霸王	bà wáng	19651	an-ang	1
长于	cháng yú	19652	an-ang,c-ch	1
吃食	chī shi	19653	c-ch,s-sh	1
党团	dǎng tuán	19655	an-ang,uan-uang	1
顶风	dǐng fēng	19656	en-eng,in-ing,h-f	1
凡人	fán rén	19657	en-eng,an-ang,h-f,r-l	1
归案	guī àn	19658	an-ang	1
无害	wú hài	19659	ai-ei,h-f	1
蓄积	xù jī	19660	j-q-x	1
暧昧	ài mèi	19661	ai-ei	3
报应	bào yìng	19662	in-ing,ao-ou	1
定制	dìng zhì	19663	in-ing,z-zh	1
发白	fā bái	19664	ai-ei,h-f	1
红晕	hóng yùn	19665	h-f	1
免受	miǎn shòu	19666	ian-iang,ao-ou,s-sh	1
拼音	pīn yīn	19667	in-ing	1
前言	qián yán	19669	an-ang,ian-iang,j-q-x	1
探视	tàn shì	19670	an-ang,s-sh	1
偷看	tōu kàn	19671	an-ang,ao-ou	1
窝棚	wō peng	19672	en-eng	1
营区	yíng qū	19674	in-ing,j-q-x	1
预想	yù xiǎng	19675	ian-iang,j-q-x	1
总装	zǒng zhuāng	19676	uan-uang,z-zh	1
闭会	bì huì	19677	h-f	1
烽火	fēng huǒ	19678	en-eng,ua-uo,h-f	3
感官	gǎn guān	19679	an-ang,uan-uang	1
佳话	jiā huà	19681	ia-ie,ua-uo,h-f,j-q-x	1
利弊	lì bì	19682	n-l,r-l	1
闹剧	nào jù	19683	ao-ou,n-l,j-q-x	1
琐事	suǒ shì	19684	ua-uo,s-sh	1
液态	yè tài	19685	ai-ei	1
樱花	yīng huā	19686	in-ing,ua-uo,h-f	1
中水	zhōng shuǐ	19687	z-zh,s-sh	1
并入	bìng rù	19688	in-ing,r-l	1
顶峰	dǐng fēng	19690	en-eng,in-ing,h-f	1
多日	duō rì	19691	ua-uo,r-l	1
封存	fēng cún	19692	en-eng,c-ch,h-f	1
黄豆	huáng dòu	19694	uan-uang,ao-ou,h-f	1
喷发	pēn fā	19696	en-eng,h-f	1
取舍	qǔ shě	19697	s-sh,j-q-x	1
头像	tóu xiàng	19699	ian-iang,ao-ou,j-q-x	1
习气	xí qì	19700	j-q-x	1
暂缓	zàn huǎn	19701	an-ang,uan-uang,z-zh,h-f	1
长势	zhǎng shì	19702	an-ang,z-zh,s-sh	1
不菲	bù fěi	19705	ai-ei,h-f	1
偿付	cháng fù	19706	an-ang,c-ch,h-f	1
绸缪	chóu móu	19707	ao-ou,c-ch	3
教官	jiào guān	19709	uan-uang,j-q-x	1
眷属	juàn shǔ	19710	uan-uang,s-sh,j-q-x	1
练就	liàn jiù	19711	ian-iang,n-l,r-l,j-q-x	1
谬论	miù lùn	19712	n-l,r-l	1
迁就	qiān jiù	19714	ian-iang,j-q-x	1
深为	shēn wéi	19715	en-eng,ai-ei,s-sh	1
渗入	shèn rù	19716	en-eng,s-sh,r-l	1
提包	tí bāo	19717	ao-ou	1
歪风	wāi fēng	19718	en-eng,ai-ei,h-f	1
筑路	zhù lù	19720	z-zh,n-l,r-l	1
白杨	bái yáng	19721	an-ang,ai-ei	1
不测	bù cè	19722	c-ch	1
茶座	chá zuò	19723	ua-uo,z-zh,c-ch	1
成事	chéng shì	19724	en-eng,c-ch,s-sh	1
碉堡	diāo bǎo	19725	ao-ou	3
对视	duì shì	19726	s-sh	1
横渡	héng dù	19728	en-eng,h-f	1
私密	sī mì	19729	s-sh	1
火场	huǒ chǎng	19730	an-ang,ua-uo,c-ch,h-f	1
举杯	jǔ bēi	19731	ai-ei,j-q-x	1
拦网	lán wǎng	19732	an-ang,n-l,r-l	1
零碎	líng suì	19733	in-ing,s-sh,n-l,r-l	1
满月	mǎn yuè	19734	an-ang	1
命案	mìng àn	19736	in-ing,an-ang	1
谋略	móu lüè	19737	ao-ou,n-l,r-l	1
昆仑	kūn lún	19739	n-l,r-l	1
人像	rén xiàng	19740	en-eng,ian-iang,r-l,j-q-x	1
唐诗	táng shī	19741	an-ang,s-sh	1
同班	tóng bān	19742	an-ang	1
旋即	xuán jí	19743	uan-uang,j-q-x	1
因公	yīn gōng	19744	in-ing	1
转包	zhuǎn bāo	19745	uan-uang,ao-ou,z-zh	1
彩灯	cǎi dēng	19746	en-eng,ai-ei,c-ch	1
登高	dēng gāo	19748	en-eng,ao-ou	1
断送	duàn sòng	19749	uan-uang,s-sh	1
开春	kāi chūn	19750	ai-ei,c-ch	1
礼金	lǐ jīn	19751	in-ing,n-l,r-l,j-q-x	1
母体	mǔ tǐ	19752		1
平素	píng sù	19753	in-ing,s-sh	1
适值	shì zhí	19756	z-zh,s-sh	1
投影	tóu yǐng	19757	in-ing,ao-ou	1
万能	wàn néng	19758	en-eng,an-ang,n-l	1
雾气	wù qì	19759	j-q-x	1
心切	xīn qiè	19760	in-ing,ia-ie,j-q-x	1
重创	zhòng chuāng	19761	uan-uang,z-zh,c-ch	1
自认	zì rèn	19762	en-eng,z-zh,r-l	1
本金	běn jīn	19763	en-eng,in-ing,j-q-x	1
导管	dǎo guǎn	19764	uan-uang,ao-ou	1
殿下	diàn xià	19766	ian-iang,ia-ie,j-q-x	1
回眸	huí móu	19767	ao-ou,h-f	3
莲子	lián zǐ	19768	ian-iang,z-zh,n-l,r-l	1
漫笔	màn bǐ	19769	an-ang	1
棚子	péng zi	19771	en-eng,z-zh	1
群岛	qún dǎo	19772	ao-ou,j-q-x	1
丧气	sàng qì	19773	an-ang,s-sh,j-q-x	1
山门	shān mén	19774	en-eng,an-ang,s-sh	1
手轻	shǒu qīng	19775	in-ing,ao-ou,s-sh,j-q-x	1
枉法	wǎng fǎ	19776	an-ang,h-f	1
舞弊	wǔ bì	19777		1
烟酒	yān jiǔ	19778	an-ang,j-q-x	1
依依	yī yī	19779		1
用场	yòng chǎng	19780	an-ang,c-ch	1
雨雪	yǔ xuě	19781	j-q-x	1
远销	yuǎn xiāo	19782	uan-uang,j-q-x	1
展区	zhǎn qū	19783	an-ang,z-zh,j-q-x	1
纸烟	zhǐ yān	19784	an-ang,z-zh	1
字条	zì tiáo	19785	z-zh	1
殡葬	bìn zàng	19786	in-ing,an-ang,z-zh	3
大略	dà lüè	19787	n-l,r-l	1
分说	fēn shuō	19788	en-eng,ua-uo,s-sh,h-f	1
择校	zé xiào	19789	z-zh,j-q-x	1
某人	mǒu rén	19790	en-eng,ao-ou,r-l	1
平分	píng fēn	19792	en-eng,in-ing,h-f	1
甩掉	shuǎi diào	19793	s-sh	1
水陆	shuǐ lù	19794	s-sh,n-l,r-l	1
危重	wēi zhòng	19795	ai-ei,z-zh	1
稀饭	xī fàn	19797	an-ang,h-f,j-q-x	1
足见	zú jiàn	19798	ian-iang,z-zh,j-q-x	1
愁眉	chóu méi	19799	ai-ei,ao-ou,c-ch	1
冬青	dōng qīng	19800	in-ing,j-q-x	1
耳环	ěr huán	19801	uan-uang,h-f	1
飞越	fēi yuè	19802	ai-ei,h-f	1
复核	fù hé	19803	h-f	1
马队	mǎ duì	19805		1
入网	rù wǎng	19807	an-ang,r-l	1
实感	shí gǎn	19808	an-ang,s-sh	1
树根	shù gēn	19809	en-eng,s-sh	1
应得	yīng dé	19811	in-ing	1
重逢	chóng féng	19813	en-eng,c-ch,h-f	1
川剧	chuān jù	19814	uan-uang,c-ch,j-q-x	1
港湾	gǎng wān	19815	an-ang	1
告捷	gào jié	19816	ao-ou,ia-ie,j-q-x	1
鬼脸	guǐ liǎn	19818	ian-iang,n-l,r-l	1
纠葛	jiū gé	19820	j-q-x	1
朗朗	lǎng lǎng	19822	an-ang,n-l,r-l	1
炼钢	liàn gāng	19824	an-ang,ian-iang,n-l,r-l	1
脉冲	mài chōng	19825	ai-ei,c-ch	1
破译	pò yì	19826		1
树脂	shù zhī	19827	z-zh,s-sh	1
水车	shuǐ chē	19828	c-ch,s-sh	1
通气	tōng qì	19829	j-q-x	1
外流	wài liú	19830	ai-ei,n-l,r-l	1
意念	yì niàn	19832	ian-iang,n-l	1
盈余	yíng yú	19833	in-ing	1
油脂	yóu zhī	19834	ao-ou,z-zh	1
倍增	bèi zēng	19836	en-eng,ai-ei,z-zh	1
表皮	biǎo pí	19837		1
大败	dà bài	19838	ai-ei	1
笛子	dí zi	19839	z-zh	1
兜售	dōu shòu	19840	ao-ou,s-sh	1
非议	fēi yì	19841	ai-ei,h-f	1
分寸	fēn cun	19842	en-eng,c-ch,h-f	1
高薪	gāo xīn	19843	in-ing,ao-ou,j-q-x	1
何如	hé rú	19844	h-f,r-l	1
林带	lín dài	19845	in-ing,ai-ei,n-l,r-l	1
马匹	mǎ pǐ	19846		1
水边	shuǐ biān	19847	ian-iang,s-sh	1
水沟	shuǐ gōu	19848	ao-ou,s-sh	1
蜕变	tuì biàn	19849	ian-iang	1
险种	xiǎn zhǒng	19850	ian-iang,z-zh,j-q-x	1
线性	xiàn xìng	19851	in-ing,ian-iang,j-q-x	1
言谈	yán tán	19852	an-ang	1
沿袭	yán xí	19853	an-ang,j-q-x	1
悠然	yōu rán	19854	an-ang,ao-ou,r-l	1
止境	zhǐ jìng	19855	in-ing,z-zh,j-q-x	1
吐槽	tǔ cáo	19856	ao-ou,c-ch	1
保单	bǎo dān	19858	an-ang,ao-ou	1
沧海	cāng hǎi	19859	an-ang,ai-ei,c-ch,h-f	1
抽检	chōu jiǎn	19860	ian-iang,ao-ou,c-ch,j-q-x	1
代码	dài mǎ	19863	ai-ei	1
跌落	diē luò	19864	ia-ie,ua-uo,n-l,r-l	1
高烧	gāo shāo	19865	ao-ou,s-sh	1
护法	hù fǎ	19867	h-f	1
库房	kù fáng	19870	an-ang,h-f	1
马蹄	mǎ tí	19871		1
贸然	mào rán	19872	an-ang,ao-ou,r-l	1
蔷薇	qiáng wēi	19873	ian-iang,ai-ei,j-q-x	3
伤痛	shāng tòng	19875	an-ang,s-sh	1
听戏	tīng xì	19876	in-ing,j-q-x	1
西化	xī huà	19877	ua-uo,h-f,j-q-x	1
洗刷	xǐ shuā	19878	ua-uo,s-sh,j-q-x	1
拥堵	yōng dǔ	19880		1
怎的	zěn di	19881	en-eng,z-zh	1
敌意	dí yì	19883		1
高能	gāo néng	19884	en-eng,ao-ou,n-l	1
黑马	hēi mǎ	19885	ai-ei,h-f	1
还债	huán zhài	19887	uan-uang,ai-ei,z-zh,h-f	1
平价	píng jià	19889	in-ing,ia-ie,j-q-x	1
破例	pò lì	19890	n-l,r-l	1
肉眼	ròu yǎn	19891	an-ang,ao-ou,r-l	1
入场	rù chǎng	19892	an-ang,c-ch,r-l	1
赛艇	sài tǐng	19893	in-ing,ai-ei,s-sh	1
烧火	shāo huǒ	19894	ao-ou,ua-uo,s-sh,h-f	1
身手	shēn shǒu	19895	en-eng,ao-ou,s-sh	1
失灵	shī líng	19896	in-ing,s-sh,n-l,r-l	1
唢呐	suǒ nà	19897	ua-uo,s-sh,n-l	3
土坯	tǔ pī	19898		1
写法	xiě fǎ	19899	ia-ie,h-f,j-q-x	1
院墙	yuàn qiáng	19901	ian-iang,uan-uang,j-q-x	1
增资	zēng zī	19902	en-eng,z-zh	1
中农	zhōng nóng	19903	z-zh,n-l	1
八哥	bā ge	19904		1
到任	dào rèn	19905	en-eng,ao-ou,r-l	1
校正	jiào zhèng	19906	en-eng,z-zh,j-q-x	1
绝活	jué huó	19907	ua-uo,h-f,j-q-x	1
落座	luò zuò	19908	ua-uo,z-zh,n-l,r-l	1
内脏	nèi zàng	19909	an-ang,ai-ei,z-zh,n-l	1
扑救	pū jiù	19911	j-q-x	1
首演	shǒu yǎn	19912	an-ang,ao-ou,s-sh	1
搜捕	sōu bǔ	19913	ao-ou,s-sh	1
为着	wèi zhe	19914	ai-ei,z-zh	1
献礼	xiàn lǐ	19915	ian-iang,n-l,r-l,j-q-x	1
相望	xiāng wàng	19916	an-ang,ian-iang,j-q-x	1
遇害	yù hài	19917	ai-ei,h-f	1
珍爱	zhēn ài	19918	en-eng,ai-ei,z-zh	1
制冷	zhì lěng	19919	en-eng,z-zh,n-l,r-l	1
资信	zī xìn	19920	in-ing,z-zh,j-q-x	1
作协	zuò xié	19921	ia-ie,ua-uo,z-zh,j-q-x	1
保镖	bǎo biāo	19922	ao-ou	3
出栏	chū lán	19923	an-ang,c-ch,n-l,r-l	1
敌后	dí hòu	19924	ao-ou,h-f	1
爹娘	diē niáng	19925	ian-iang,ia-ie,n-l	1
姑爷	gū yé	19926		1
股价	gǔ jià	19927	ia-ie,j-q-x	1
国文	guó wén	19928	en-eng,ua-uo	1
汇编	huì biān	19929	ian-iang,h-f	1
杀菌	shā jūn	19934	s-sh,j-q-x	1
上校	shàng xiào	19935	an-ang,s-sh,j-q-x	1
收款	shōu kuǎn	19936	uan-uang,ao-ou,s-sh	1
逍遥	xiāo yáo	19937	ao-ou,j-q-x	3
校方	xiào fāng	19939	an-ang,h-f,j-q-x	1
袖口	xiù kǒu	19940	ao-ou,j-q-x	1
宣泄	xuān xiè	19941	uan-uang,ia-ie,j-q-x	1
贻误	yí wù	19942		1
议定	yì dìng	19943	in-ing	1
阅兵	yuè bīng	19944	in-ing	1
韵律	yùn lǜ	19945	n-l,r-l	1
总参	zǒng cān	19946	an-ang,z-zh,c-ch	1
兵法	bīng fǎ	19947	in-ing,h-f	1
勃然	bó rán	19948	an-ang,r-l	1
当头	dāng tóu	19949	an-ang,ao-ou	1
电讯	diàn xùn	19950	ian-iang,j-q-x	1
饵料	ěr liào	19951	n-l,r-l	1
芙蓉	fú róng	19952	h-f,r-l	1
几近	jī jìn	19954	in-ing,j-q-x	1
加价	jiā jià	19955	ia-ie,j-q-x	1
竞标	jìng biāo	19956	in-ing,j-q-x	1
末端	mò duān	19957	uan-uang	1
牛棚	niú péng	19958	en-eng,n-l	1
乒乓	pīng pāng	19959	in-ing,an-ang	1
水火	shuǐ huǒ	19960	ua-uo,s-sh,h-f	1
天职	tiān zhí	19961	ian-iang,z-zh	1
闲聊	xián liáo	19962	ian-iang,n-l,r-l,j-q-x	1
限量	xiàn liàng	19963	ian-iang,n-l,r-l,j-q-x	1
约法	yuē fǎ	19965	h-f	1
运量	yùn liàng	19966	ian-iang,n-l,r-l	1
左派	zuǒ pài	19967	ai-ei,ua-uo,z-zh	1
成型	chéng xíng	19968	en-eng,in-ing,c-ch,j-q-x	1
赤诚	chì chéng	19969	en-eng,c-ch	1
跌宕	diē dàng	19970	an-ang,ia-ie	3
对症	duì zhèng	19971	en-eng,z-zh	1
气场	qì chǎng	19972	an-ang,c-ch,j-q-x	1
功名	gōng míng	19973	in-ing	1
古玩	gǔ wán	19974	an-ang	1
鲫鱼	jì yú	19975	j-q-x	1
炮制	páo zhì	19976	ao-ou,z-zh	1
前院	qián yuàn	19977	ian-iang,uan-uang,j-q-x	1
水壶	shuǐ hú	19981	s-sh,h-f	1
消散	xiāo sàn	19982	an-ang,s-sh,j-q-x	1
血清	xuè qīng	19983	in-ing,j-q-x	1
黯然	àn rán	19984	an-ang,r-l	1
光源	guāng yuán	19985	uan-uang	1
脚尖	jiǎo jiān	19986	ian-iang,j-q-x	1
教派	jiào pài	19987	ai-ei,j-q-x	1
枪弹	qiāng dàn	19988	an-ang,ian-iang,j-q-x	1
窃取	qiè qǔ	19989	ia-ie,j-q-x	1
僧侣	sēng lǚ	19991	en-eng,s-sh,n-l,r-l	1
英烈	yīng liè	19993	in-ing,ia-ie,n-l,r-l	1
转脸	zhuǎn liǎn	19995	ian-iang,uan-uang,z-zh,n-l,r-l	1
伴有	bàn yǒu	19996	an-ang,ao-ou	1
财神	cái shén	19997	en-eng,ai-ei,c-ch,s-sh	1
查证	chá zhèng	19998	en-eng,z-zh,c-ch	1
赤脚	chì jiǎo	20000	c-ch,j-q-x	1
大早	dà zǎo	20001	ao-ou,z-zh	1
跟进	gēn jìn	20003	en-eng,in-ing,j-q-x	1
军务	jūn wù	20004	j-q-x	1
牛犊	niú dú	20005	n-l	3
退后	tuì hòu	20006	ao-ou,h-f	1
蓄洪	xù hóng	20008	h-f,j-q-x	1
自转	zì zhuàn	20009	uan-uang,z-zh	1
白族	bái zú	20010	ai-ei,z-zh	1
发难	fā nàn	20011	an-ang,n-l,h-f	1
公私	gōng sī	20012	s-sh	1
嫁人	jià rén	20013	en-eng,ia-ie,r-l,j-q-x	1
竞走	jìng zǒu	20014	in-ing,ao-ou,z-zh,j-q-x	1
境况	jìng kuàng	20015	in-ing,uan-uang,j-q-x	1
久已	jiǔ yǐ	20016	j-q-x	1
人脉	rén mài	20017	en-eng,ai-ei,r-l	1
幕僚	mù liáo	20018	n-l,r-l	1
佩戴	pèi dài	20019	ai-ei	1
随感	suí gǎn	20020	an-ang,s-sh	1
图表	tú biǎo	20021		1
顽症	wán zhèng	20022	en-eng,an-ang,z-zh	1
心口	xīn kǒu	20023	in-ing,ao-ou,j-q-x	1
虚无	xū wú	20024	j-q-x	1
巡捕	xún bǔ	20025	j-q-x	1
总编	zǒng biān	20027	ian-iang,z-zh	1
八角	bā jiǎo	20028	j-q-x	1
不外	bù wài	20029	ai-ei	1
大度	dà dù	20030		1
度日	dù rì	20031	r-l	1
公尺	gōng chǐ	20032	c-ch	1
国手	guó shǒu	20033	ao-ou,ua-uo,s-sh	1
击落	jī luò	20035	ua-uo,n-l,r-l,j-q-x	1
交还	jiāo huán	20036	uan-uang,h-f,j-q-x	1
舅妈	jiù mā	20037	j-q-x	1
两难	liǎng nán	20038	an-ang,ian-iang,n-l,r-l	1
撒手	sā shǒu	20039	ao-ou,s-sh	1
星座	xīng zuò	20040	in-ing,ua-uo,z-zh,j-q-x	1
蒸气	zhēng qì	20042	en-eng,z-zh,j-q-x	1
轴心	zhóu xīn	20043	in-ing,ao-ou,z-zh,j-q-x	1
被俘	bèi fú	20045	ai-ei,h-f	1
成行	chéng xíng	20046	en-eng,in-ing,c-ch,j-q-x	1
冬泳	dōng yǒng	20047		1
对敌	duì dí	20048		1
浮游	fú yóu	20049	ao-ou,h-f	1
赶超	gǎn chāo	20050	an-ang,ao-ou,c-ch	1
古诗	gǔ shī	20051	s-sh	1
跑路	pǎo lù	20053	ao-ou,n-l,r-l	1
款子	kuǎn zi	20054	uan-uang,z-zh	1
例会	lì huì	20055	n-l,h-f,r-l	1
梳头	shū tóu	20056	ao-ou,s-sh	1
顺势	shùn shì	20057	s-sh	1
四围	sì wéi	20058	ai-ei,s-sh	1
无遗	wú yí	20059		1
预祝	yù zhù	20061	z-zh	1
冰山	bīng shān	20063	in-ing,an-ang,s-sh	1
担架	dān jià	20065	an-ang,ia-ie,j-q-x	1
冬训	dōng xùn	20066	j-q-x	1
抚育	fǔ yù	20067	h-f	1
何其	hé qí	20068	h-f,j-q-x	1
苦于	kǔ yú	20071		1
眉眼	méi yǎn	20072	an-ang,ai-ei	1
区划	qū huà	20073	ua-uo,h-f,j-q-x	1
僧人	sēng rén	20074	en-eng,s-sh,r-l	1
收场	shōu chǎng	20075	an-ang,ao-ou,c-ch,s-sh	1
套路	tào lù	20078	ao-ou,n-l,r-l	1
下部	xià bù	20079	ia-ie,j-q-x	1
校友	xiào yǒu	20082	ao-ou,j-q-x	1
中选	zhòng xuǎn	20083	uan-uang,z-zh,j-q-x	1
惨剧	cǎn jù	20084	an-ang,c-ch,j-q-x	1
构件	gòu jiàn	20086	ian-iang,ao-ou,j-q-x	1
兼有	jiān yǒu	20088	ian-iang,ao-ou,j-q-x	1
简明	jiǎn míng	20089	in-ing,ian-iang,j-q-x	1
交办	jiāo bàn	20090	an-ang,j-q-x	1
接洽	jiē qià	20092	ia-ie,j-q-x	1
经纪	jīng jì	20093	in-ing,j-q-x	1
酒家	jiǔ jiā	20094	ia-ie,j-q-x	1
了得	liǎo dé	20095	n-l,r-l	1
模块	mó kuài	20096		1
圣旨	shèng zhǐ	20097	en-eng,z-zh,s-sh	1
石膏	shí gāo	20098	ao-ou,s-sh	1
讨饭	tǎo fàn	20099	an-ang,ao-ou,h-f	1
无用	wú yòng	20100		1
希冀	xī jì	20101	j-q-x	1
仙人	xiān rén	20102	en-eng,ian-iang,r-l,j-q-x	1
响动	xiǎng dong	20103	ian-iang,j-q-x	1
一干	yī gān	20104	an-ang	1
油条	yóu tiáo	20105	ao-ou	1
早先	zǎo xiān	20106	ian-iang,ao-ou,z-zh,j-q-x	1
缜密	zhěn mì	20107	en-eng,z-zh	3
支点	zhī diǎn	20108	ian-iang,z-zh	1
周报	zhōu bào	20109	ao-ou,z-zh	1
著录	zhù lù	20110	z-zh,n-l,r-l	1
城头	chéng tóu	20113	en-eng,ao-ou,c-ch	1
老街	lǎo jiē	20115	ao-ou,ia-ie,n-l,r-l,j-q-x	1
豆子	dòu zi	20116	ao-ou,z-zh	1
和议	hé yì	20118	h-f	1
红枣	hóng zǎo	20119	ao-ou,z-zh,h-f	1
聚合	jù hé	20120	h-f,j-q-x	1
空谈	kōng tán	20121	an-ang	1
联队	lián duì	20122	ian-iang,n-l,r-l	1
美酒	měi jiǔ	20123	ai-ei,j-q-x	1
瞥见	piē jiàn	20124	ian-iang,ia-ie,j-q-x	3
溶剂	róng jì	20125	r-l,j-q-x	1
同伙	tóng huǒ	20126	ua-uo,h-f	1
车改	chē gǎi	20127	ai-ei,c-ch	1
纸片	zhǐ piàn	20128	ian-iang,z-zh	1
摆正	bǎi zhèng	20129	en-eng,ai-ei,z-zh	1
槟榔	bīng láng	20130	in-ing,an-ang,n-l,r-l	3
地租	dì zū	20131	z-zh	1
弟妹	dì mèi	20132	ai-ei	1
卖国	mài guó	20133	ai-ei,ua-uo	1
模具	mú jù	20134	j-q-x	1
山民	shān mín	20135	in-ing,an-ang,s-sh	1
摊主	tān zhǔ	20136	an-ang,z-zh	1
退学	tuì xué	20137	j-q-x	1
外宾	wài bīn	20138	in-ing,ai-ei	1
未然	wèi rán	20139	an-ang,ai-ei,r-l	1
悟出	wù chū	20140	c-ch	1
由得	yóu de	20141	ao-ou	1
圆桌	yuán zhuō	20142	uan-uang,ua-uo,z-zh	1
增补	zēng bǔ	20143	en-eng,z-zh	1
钻探	zuān tàn	20144	an-ang,uan-uang,z-zh	1
报载	bào zǎi	20145	ai-ei,ao-ou,z-zh	1
并茂	bìng mào	20146	in-ing,ao-ou	1
不济	bù jì	20147	j-q-x	1
东面	dōng miàn	20149	ian-iang	1
起居	qǐ jū	20151	j-q-x	1
闺蜜	guī mì	20152		1
三思	sān sī	20153	an-ang,s-sh	1
熟睡	shú shuì	20156	s-sh	1
梯队	tī duì	20157		1
万年	wàn nián	20158	an-ang,ian-iang,n-l	1
小弟	xiǎo dì	20160	j-q-x	1
学成	xué chéng	20161	en-eng,c-ch,j-q-x	1
专车	zhuān chē	20163	uan-uang,z-zh,c-ch	1
宗族	zōng zú	20164	z-zh	1
逼供	bī gòng	20165		1
不孝	bù xiào	20166	j-q-x	1
称霸	chēng bà	20167	en-eng,c-ch	1
处事	chǔ shì	20168	c-ch,s-sh	1
罚金	fá jīn	20169	in-ing,h-f,j-q-x	1
红脸	hóng liǎn	20170	ian-iang,n-l,h-f,r-l	1
会址	huì zhǐ	20171	z-zh,h-f	1
街口	jiē kǒu	20172	ao-ou,ia-ie,j-q-x	1
绿灯	lǜ dēng	20174	en-eng,n-l,r-l	1
配角	pèi jué	20175	ai-ei,j-q-x	1
图景	tú jǐng	20176	in-ing,j-q-x	1
夏收	xià shōu	20177	ao-ou,ia-ie,s-sh,j-q-x	1
血色	xuè sè	20178	s-sh,j-q-x	1
银元	yín yuán	20179	in-ing,uan-uang	1
展馆	zhǎn guǎn	20180	an-ang,uan-uang,z-zh	1
正道	zhèng dào	20181	en-eng,ao-ou,z-zh	1
嘴脸	zuǐ liǎn	20182	ian-iang,z-zh,n-l,r-l	1
撤并	chè bìng	20183	in-ing,c-ch	1
出品	chū pǐn	20184	in-ing,c-ch	1
刺绣	cì xiù	20185	c-ch,j-q-x	1
鼓词	gǔ cí	20187	c-ch	1
怪圈	guài quān	20188	uan-uang,j-q-x	1
临别	lín bié	20189	in-ing,ia-ie,n-l,r-l	1
面庞	miàn páng	20190	an-ang,ian-iang	1
屏风	píng fēng	20191	en-eng,in-ing,h-f	1
玩忽	wán hū	20193	an-ang,h-f	1
造谣	zào yáo	20194	ao-ou,z-zh	1
党课	dǎng kè	20197	an-ang	1
岛国	dǎo guó	20198	ao-ou,ua-uo	1
接吻	jiē wěn	20199	en-eng,ia-ie,j-q-x	1
镜框	jìng kuàng	20200	in-ing,uan-uang,j-q-x	1
傀儡	kuǐ lěi	20202	ai-ei,n-l,r-l	2
漏斗	lòu dǒu	20203	ao-ou,n-l,r-l	1
缺憾	quē hàn	20204	an-ang,h-f,j-q-x	1
性侵	xìng qīn	20205	in-ing,j-q-x	1
圣诞	shèng dàn	20206	en-eng,an-ang,s-sh	1
投档	tóu dàng	20207	an-ang,ao-ou	1
师爷	shī yé	20208	s-sh	1
剔除	tī chú	20209	c-ch	1
梯度	tī dù	20210		1
秃子	tū zi	20211	z-zh	1
序号	xù hào	20212	ao-ou,h-f,j-q-x	1
悬浮	xuán fú	20213	uan-uang,h-f,j-q-x	1
衍射	yǎn shè	20214	an-ang,s-sh	1
姨父	yí fu	20215	h-f	1
越权	yuè quán	20216	uan-uang,j-q-x	1
制衡	zhì héng	20217	en-eng,z-zh,h-f	1
辎重	zī zhòng	20218	z-zh	3
操守	cāo shǒu	20220	ao-ou,c-ch,s-sh	1
叨叨	dāo dao	20221	ao-ou	1
饭盒	fàn hé	20222	an-ang,h-f	1
渐进	jiàn jìn	20224	in-ing,ian-iang,j-q-x	1
空子	kòng zi	20225	z-zh	1
李子	lǐ zi	20227	z-zh,n-l,r-l	1
猛攻	měng gōng	20228	en-eng	1
求援	qiú yuán	20229	uan-uang,j-q-x	1
为害	wéi hài	20231	ai-ei,h-f	1
综艺	zōng yì	20232	z-zh	1
坐牢	zuò láo	20233	ao-ou,ua-uo,z-zh,n-l,r-l	1
昂首	áng shǒu	20234	an-ang,ao-ou,s-sh	1
放任	fàng rèn	20236	en-eng,an-ang,h-f,r-l	1
饥民	jī mín	20237	in-ing,j-q-x	1
口述	kǒu shù	20238	ao-ou,s-sh	1
马褂	mǎ guà	20239	ua-uo	1
密林	mì lín	20240	in-ing,n-l,r-l	1
强项	qiáng xiàng	20241	ian-iang,j-q-x	1
入夜	rù yè	20242	r-l	1
升官	shēng guān	20243	en-eng,uan-uang,s-sh	1
首任	shǒu rèn	20244	en-eng,ao-ou,s-sh,r-l	1
台资	tái zī	20245	ai-ei,z-zh	1
舞美	wǔ měi	20246	ai-ei	1
刑讯	xíng xùn	20247	in-ing,j-q-x	1
鱼肉	yú ròu	20249	ao-ou,r-l	1
超脱	chāo tuō	20253	ao-ou,ua-uo,c-ch	1
传令	chuán lìng	20254	in-ing,uan-uang,c-ch,n-l,r-l	1
地摊	dì tān	20255	an-ang	1
党费	dǎng fèi	20256	an-ang,ai-ei,h-f	1
遏止	è zhǐ	20257	z-zh	1
快意	kuài yì	20260		1
面纱	miàn shā	20261	ian-iang,s-sh	1
婶子	shěn zi	20263	en-eng,z-zh,s-sh	1
生母	shēng mǔ	20264	en-eng,s-sh	1
世面	shì miàn	20265	ian-iang,s-sh	1
首战	shǒu zhàn	20266	an-ang,ao-ou,z-zh,s-sh	1
速滑	sù huá	20267	ua-uo,s-sh,h-f	1
他乡	tā xiāng	20268	ian-iang,j-q-x	1
停战	tíng zhàn	20269	in-ing,an-ang,z-zh	1
统制	tǒng zhì	20270	z-zh	1
选送	xuǎn sòng	20271	uan-uang,s-sh,j-q-x	1
跃升	yuè shēng	20273	en-eng,s-sh	1
八路	bā lù	20274	n-l,r-l	1
出马	chū mǎ	20276	c-ch	1
得病	dé bìng	20277	in-ing	1
汇演	huì yǎn	20278	an-ang,h-f	1
两用	liǎng yòng	20279	ian-iang,n-l,r-l	1
铭心	míng xīn	20280	in-ing,j-q-x	1
女佣	nǚ yōng	20281	n-l	1
声名	shēng míng	20282	en-eng,in-ing,s-sh	1
下垂	xià chuí	20283	ia-ie,c-ch,j-q-x	1
痒痒	yǎng yang	20285	an-ang	1
药用	yào yòng	20286	ao-ou	1
有赖	yǒu lài	20287	ai-ei,ao-ou,n-l,r-l	1
越剧	yuè jù	20288	j-q-x	1
针线	zhēn xiàn	20289	en-eng,ian-iang,z-zh,j-q-x	1
重兵	zhòng bīng	20290	in-ing,z-zh	1
侧身	cè shēn	20292	en-eng,c-ch,s-sh	1
出工	chū gōng	20293	c-ch	1
低潮	dī cháo	20294	ao-ou,c-ch	1
毒气	dú qì	20295	j-q-x	1
费时	fèi shí	20296	ai-ei,s-sh,h-f	1
京戏	jīng xì	20297	in-ing,j-q-x	1
惊吓	jīng xià	20298	in-ing,ia-ie,j-q-x	1
劳资	láo zī	20300	ao-ou,z-zh,n-l,r-l	1
满腹	mǎn fù	20302	an-ang,h-f	1
牛马	niú mǎ	20303	n-l	1
攀岩	pān yán	20304	an-ang	1
蓝牙	lán yá	20305	an-ang,n-l,r-l	1
试卷	shì juàn	20306	uan-uang,s-sh,j-q-x	1
西侧	xī cè	20307	c-ch,j-q-x	1
信条	xìn tiáo	20309	in-ing,j-q-x	1
学长	xué zhǎng	20310	an-ang,z-zh,j-q-x	1
雨量	yǔ liàng	20311	ian-iang,n-l,r-l	1
笔名	bǐ míng	20314	in-ing	1
打趣	dǎ qù	20315	j-q-x	1
抵消	dǐ xiāo	20316	j-q-x	1
独奏	dú zòu	20317	ao-ou,z-zh	1
进逼	jìn bī	20318	in-ing,j-q-x	1
惊疑	jīng yí	20319	in-ing,j-q-x	1
开播	kāi bō	20320	ai-ei	1
老伯	lǎo bó	20322	ao-ou,n-l,r-l	1
钱物	qián wù	20323	ian-iang,j-q-x	1
清泉	qīng quán	20324	in-ing,uan-uang,j-q-x	1
胜诉	shèng sù	20325	en-eng,s-sh	1
使臣	shǐ chén	20327	en-eng,c-ch,s-sh	1
试问	shì wèn	20328	en-eng,s-sh	1
下人	xià rén	20330	en-eng,ia-ie,r-l,j-q-x	1
宪政	xiàn zhèng	20331	en-eng,ian-iang,z-zh,j-q-x	1
乡情	xiāng qíng	20332	in-ing,ian-iang,j-q-x	1
阿爸	ā bà	20333		1
案头	àn tóu	20334	an-ang,ao-ou	1
宝塔	bǎo tǎ	20335	ao-ou	1
锻造	duàn zào	20336	uan-uang,ao-ou,z-zh	1
锋芒	fēng máng	20337	en-eng,an-ang,h-f	1
附则	fù zé	20338	z-zh,h-f	1
工头	gōng tóu	20339	ao-ou	1
共处	gòng chǔ	20340	c-ch	1
欢心	huān xīn	20341	in-ing,uan-uang,h-f,j-q-x	1
夹击	jiā jī	20342	ia-ie,j-q-x	1
开户	kāi hù	20344	ai-ei,h-f	1
留校	liú xiào	20345	n-l,r-l,j-q-x	1
挪动	nuó dong	20346	ua-uo,n-l	1
欠佳	qiàn jiā	20347	ian-iang,ia-ie,j-q-x	1
曲调	qǔ diào	20348	j-q-x	1
肾脏	shèn zàng	20349	en-eng,an-ang,z-zh,s-sh	1
寓所	yù suǒ	20352	ua-uo,s-sh	1
子夜	zǐ yè	20354	z-zh	1
半生	bàn shēng	20355	en-eng,an-ang,s-sh	1
少帅	shào shuài	20356	ao-ou,s-sh	1
皇子	huáng zǐ	20357	uan-uang,z-zh,h-f	1
交手	jiāo shǒu	20358	ao-ou,s-sh,j-q-x	1
两性	liǎng xìng	20359	in-ing,ian-iang,n-l,r-l,j-q-x	1
年关	nián guān	20360	ian-iang,uan-uang,n-l	1
铺轨	pū guǐ	20361		1
汪洋	wāng yáng	20364	an-ang	1
围坐	wéi zuò	20365	ai-ei,ua-uo,z-zh	1
烟头	yān tóu	20367	an-ang,ao-ou	1
衣裤	yī kù	20368		1
哲人	zhé rén	20369	en-eng,z-zh,r-l	1
自述	zì shù	20370	z-zh,s-sh	1
不仁	bù rén	20371	en-eng,r-l	1
法网	fǎ wǎng	20372	an-ang,h-f	1
妨害	fáng hài	20373	an-ang,ai-ei,h-f	1
还击	huán jī	20374	uan-uang,h-f,j-q-x	1
家当	jiā dàng	20375	an-ang,ia-ie,j-q-x	1
磨砺	mó lì	20377	n-l,r-l	3
色素	sè sù	20378	s-sh	1
稳居	wěn jū	20379	en-eng,j-q-x	1
升迁	shēng qiān	20380	en-eng,ian-iang,s-sh,j-q-x	1
师兄	shī xiōng	20381	s-sh,j-q-x	1
石雕	shí diāo	20382	s-sh	1
心结	xīn jié	20383	in-ing,ia-ie,j-q-x	1
水运	shuǐ yùn	20384	s-sh	1
啼哭	tí kū	20385		1
围栏	wéi lán	20386	an-ang,ai-ei,n-l,r-l	1
斜坡	xié pō	20387	ia-ie,j-q-x	1
行将	xíng jiāng	20388	in-ing,ian-iang,j-q-x	1
元件	yuán jiàn	20389	ian-iang,uan-uang,j-q-x	1
远道	yuǎn dào	20390	uan-uang,ao-ou	1
作态	zuò tài	20391	ai-ei,ua-uo,z-zh	1
做作	zuò zuo	20392	ua-uo,z-zh	1
拔尖	bá jiān	20393	ian-iang,j-q-x	1
办报	bàn bào	20394	an-ang,ao-ou	1
乘船	chéng chuán	20396	en-eng,uan-uang,c-ch	1
次子	cì zǐ	20397	z-zh,c-ch	1
定格	dìng gé	20399	in-ing	1
反顾	fǎn gù	20400	an-ang,h-f	1
和约	hé yuē	20401	h-f	1
后腿	hòu tuǐ	20402	ao-ou,h-f	1
化合	huà hé	20403	ua-uo,h-f	1
晦气	huì qì	20404	h-f,j-q-x	1
获释	huò shì	20405	ua-uo,s-sh,h-f	1
戒严	jiè yán	20406	an-ang,ia-ie,j-q-x	1
军训	jūn xùn	20407	j-q-x	1
苦头	kǔ tóu	20408	ao-ou	1
拉倒	lā dǎo	20409	ao-ou,n-l,r-l	1
老牌	lǎo pái	20410	ai-ei,ao-ou,n-l,r-l	1
炉火	lú huǒ	20411	ua-uo,n-l,h-f,r-l	1
胁迫	xié pò	20413	ia-ie,j-q-x	1
冤家	yuān jia	20414	uan-uang,ia-ie,j-q-x	1
元宝	yuán bǎo	20415	uan-uang,ao-ou	1
成材	chéng cái	20417	en-eng,ai-ei,c-ch	1
儿戏	ér xì	20418	j-q-x	1
罚没	fá mò	20419	h-f	1
个例	gè lì	20421	n-l,r-l	1
货架	huò jià	20422	ia-ie,ua-uo,h-f,j-q-x	1
接续	jiē xù	20423	ia-ie,j-q-x	1
进食	jìn shí	20424	in-ing,s-sh,j-q-x	1
净土	jìng tǔ	20425	in-ing,j-q-x	1
耐用	nài yòng	20426	ai-ei,n-l	1
平板	píng bǎn	20427	in-ing,an-ang	1
上调	shàng tiáo	20428	an-ang,s-sh	1
省钱	shěng qián	20429	en-eng,ian-iang,s-sh,j-q-x	1
向阳	xiàng yáng	20430	an-ang,ian-iang,j-q-x	1
悻悻	xìng xìng	20431	in-ing,j-q-x	2
战车	zhàn chē	20433	an-ang,z-zh,c-ch	1
丛生	cóng shēng	20434	en-eng,c-ch,s-sh	1
独创	dú chuàng	20435	uan-uang,c-ch	1
富农	fù nóng	20436	n-l,h-f	1
过门	guò mén	20437	en-eng,ua-uo	1
横竖	héng shù	20438	en-eng,s-sh,h-f	1
划船	huá chuán	20439	uan-uang,ua-uo,c-ch,h-f	1
化疗	huà liáo	20440	ua-uo,n-l,h-f,r-l	1
兼备	jiān bèi	20441	ian-iang,ai-ei,j-q-x	1
亮度	liàng dù	20442	ian-iang,n-l,r-l	1
履约	lǚ yuē	20443	n-l,r-l	1
门将	mén jiàng	20444	en-eng,ian-iang,j-q-x	1
期末	qī mò	20445	j-q-x	1
气恼	qì nǎo	20446	ao-ou,n-l,j-q-x	1
琴声	qín shēng	20447	en-eng,in-ing,s-sh,j-q-x	1
如若	rú ruò	20448	ua-uo,r-l	1
诗作	shī zuò	20450	ua-uo,z-zh,s-sh	1
酸性	suān xìng	20451	in-ing,uan-uang,s-sh,j-q-x	1
停刊	tíng kān	20452	in-ing,an-ang	1
性欲	xìng yù	20455	in-ing,j-q-x	1
章节	zhāng jié	20456	an-ang,ia-ie,z-zh,j-q-x	1
制胜	zhì shèng	20457	en-eng,z-zh,s-sh	1
中式	zhōng shì	20458	z-zh,s-sh	1
座椅	zuò yǐ	20459	ua-uo,z-zh	1
传世	chuán shì	20461	uan-uang,c-ch,s-sh	1
春播	chūn bō	20462	c-ch	1
打点	dǎ dian	20463	ian-iang	1
付费	fù fèi	20464	ai-ei,h-f	1
高歌	gāo gē	20465	ao-ou	1
鼓劲	gǔ jìn	20466	in-ing,j-q-x	1
火器	huǒ qì	20467	ua-uo,h-f,j-q-x	1
课余	kè yú	20468		1
恰如	qià rú	20470	ia-ie,r-l,j-q-x	1
前日	qián rì	20471	ian-iang,r-l,j-q-x	1
睡衣	shuì yī	20473	s-sh	1
投掷	tóu zhì	20474	ao-ou,z-zh	1
驼背	tuó bèi	20475	ai-ei,ua-uo	1
魔咒	mó zhòu	20476	ao-ou,z-zh	1
彰显	zhāng xiǎn	20478	an-ang,ian-iang,z-zh,j-q-x	1
之流	zhī liú	20479	z-zh,n-l,r-l	1
智者	zhì zhě	20480	z-zh	1
补丁	bǔ ding	20481	in-ing	1
单据	dān jù	20482	an-ang,j-q-x	1
飞碟	fēi dié	20483	ai-ei,ia-ie,h-f	1
高教	gāo jiào	20484	ao-ou,j-q-x	1
跟头	gēn tou	20485	en-eng,ao-ou	1
攻防	gōng fáng	20486	an-ang,h-f	1
内乱	nèi luàn	20488	uan-uang,ai-ei,n-l,r-l	1
实证	shí zhèng	20489	en-eng,z-zh,s-sh	1
未定	wèi dìng	20490	in-ing,ai-ei	1
野战	yě zhàn	20492	an-ang,z-zh	1
在押	zài yā	20494	ai-ei,z-zh	1
中肯	zhòng kěn	20495	en-eng,z-zh	1
采编	cǎi biān	20497	ian-iang,ai-ei,c-ch	1
插队	chā duì	20498	c-ch	1
大殿	dà diàn	20499	ian-iang	1
待业	dài yè	20500	ai-ei	1
缎子	duàn zi	20501	uan-uang,z-zh	1
改换	gǎi huàn	20502	uan-uang,ai-ei,h-f	1
割据	gē jù	20503	j-q-x	1
枸杞	gǒu qǐ	20504	ao-ou,j-q-x	2
花子	huā zi	20505	ua-uo,z-zh,h-f	1
谎话	huǎng huà	20506	uan-uang,ua-uo,h-f	1
祸害	huò hai	20507	ai-ei,ua-uo,h-f	1
貌似	mào sì	20508	ao-ou,s-sh	1
情状	qíng zhuàng	20509	in-ing,uan-uang,z-zh,j-q-x	1
私家	sī jiā	20511	ia-ie,s-sh,j-q-x	1
相抵	xiāng dǐ	20512	ian-iang,j-q-x	1
血浆	xuè jiāng	20513	ian-iang,j-q-x	1
殷实	yīn shí	20514	in-ing,s-sh	1
引爆	yǐn bào	20515	in-ing,ao-ou	1
印记	yìn jì	20516	in-ing,j-q-x	1
组阁	zǔ gé	20519	z-zh	1
成活	chéng huó	20520	en-eng,ua-uo,c-ch,h-f	1
风化	fēng huà	20521	en-eng,ua-uo,h-f	1
父辈	fù bèi	20522	ai-ei,h-f	1
货轮	huò lún	20523	ua-uo,n-l,h-f,r-l	1
获益	huò yì	20524	ua-uo,h-f	1
静脉	jìng mài	20525	in-ing,ai-ei,j-q-x	1
开机	kāi jī	20526	ai-ei,j-q-x	1
力克	lì kè	20527	n-l,r-l	1
粮库	liáng kù	20528	ian-iang,n-l,r-l	1
流产	liú chǎn	20529	an-ang,c-ch,n-l,r-l	1
轮训	lún xùn	20530	n-l,r-l,j-q-x	1
慕名	mù míng	20531	in-ing	1
嗫嚅	niè rú	20532	ia-ie,n-l,r-l	2
山石	shān shí	20534	an-ang,s-sh	1
思忖	sī cǔn	20535	c-ch,s-sh	3
土质	tǔ zhì	20537	z-zh	1
外间	wài jiān	20538	ian-iang,ai-ei,j-q-x	1
异于	yì yú	20539		1
镇子	zhèn zi	20540	en-eng,z-zh	1
不啻	bù chì	20541	c-ch	3
参评	cān píng	20542	in-ing,an-ang,c-ch	1
风车	fēng chē	20543	en-eng,c-ch,h-f	1
工兵	gōng bīng	20544	in-ing	1
过路	guò lù	20545	ua-uo,n-l,r-l	1
霍乱	huò luàn	20547	uan-uang,ua-uo,n-l,h-f,r-l	1
可乐	kě lè	20548	n-l,r-l	1
陵园	líng yuán	20549	in-ing,uan-uang,n-l,r-l	1
骗局	piàn jú	20550	ian-iang,j-q-x	1
坡地	pō dì	20551		1
气田	qì tián	20552	ian-iang,j-q-x	1
青工	qīng gōng	20553	in-ing,j-q-x	1
沙皇	shā huáng	20555	uan-uang,s-sh,h-f	1
他日	tā rì	20556	r-l	1
同名	tóng míng	20557	in-ing	1
为患	wéi huàn	20558	uan-uang,ai-ei,h-f	1
围裙	wéi qún	20559	ai-ei,j-q-x	1
洋房	yáng fáng	20561	an-ang,h-f	1
有闲	yǒu xián	20562	ian-iang,ao-ou,j-q-x	1
丈人	zhàng ren	20563	en-eng,an-ang,z-zh,r-l	1
重金	zhòng jīn	20564	in-ing,z-zh,j-q-x	1
白花	bái huā	20565	ai-ei,ua-uo,h-f	1
编后	biān hòu	20566	ian-iang,ao-ou,h-f	1
不依	bù yī	20567		1
采暖	cǎi nuǎn	20568	uan-uang,ai-ei,c-ch,n-l	1
高悬	gāo xuán	20570	uan-uang,ao-ou,j-q-x	1
革除	gé chú	20571	c-ch	1
馄饨	hún tun	20573	h-f	2
教主	jiào zhǔ	20574	z-zh,j-q-x	1
接访	jiē fǎng	20575	an-ang,ia-ie,h-f,j-q-x	1
麻绳	má shéng	20576	en-eng,s-sh	1
睡意	shuì yì	20577	s-sh	1
西面	xī miàn	20579	ian-iang,j-q-x	1
相迎	xiāng yíng	20580	in-ing,ian-iang,j-q-x	1
游动	yóu dòng	20581	ao-ou	1
沉沦	chén lún	20582	en-eng,c-ch,n-l,r-l	1
地窖	dì jiào	20583	j-q-x	1
爹妈	diē mā	20584	ia-ie	1
顶点	dǐng diǎn	20585	in-ing,ian-iang	1
皇室	huáng shì	20586	uan-uang,s-sh,h-f	1
纪要	jì yào	20587	ao-ou,j-q-x	1
垮台	kuǎ tái	20588	ai-ei,ua-uo	1
枇杷	pí pa	20589		2
坡度	pō dù	20590		1
潜逃	qián táo	20591	ian-iang,ao-ou,j-q-x	1
侍卫	shì wèi	20592	ai-ei,s-sh	1
算术	suàn shù	20594	uan-uang,s-sh	1
屯兵	tún bīng	20595	in-ing	1
游船	yóu chuán	20597	uan-uang,ao-ou,c-ch	1
诏令	zhào lìng	20598	in-ing,ao-ou,z-zh,n-l,r-l	3
钟表	zhōng biǎo	20599	z-zh	1
把头	bǎ tóu	20600	ao-ou	1
博览	bó lǎn	20601	an-ang,n-l,r-l	1
德治	dé zhì	20602	z-zh	1
法文	fǎ wén	20603	en-eng,h-f	1
古时	gǔ shí	20605	s-sh	1
竟敢	jìng gǎn	20606	in-ing,an-ang,j-q-x	1
然则	rán zé	20610	an-ang,z-zh,r-l	1
热身	rè shēn	20611	en-eng,s-sh,r-l	1
体校	tǐ xiào	20613	j-q-x	1
直角	zhí jiǎo	20614	z-zh,j-q-x	1
轴承	zhóu chéng	20615	en-eng,ao-ou,z-zh,c-ch	1
钻井	zuàn jǐng	20616	in-ing,uan-uang,z-zh,j-q-x	1
背负	bēi fù	20617	ai-ei,h-f	1
冲撞	chōng zhuàng	20618	uan-uang,z-zh,c-ch	1
公婆	gōng pó	20620		1
后记	hòu jì	20621	ao-ou,h-f,j-q-x	1
泪痕	lèi hén	20623	en-eng,ai-ei,n-l,h-f,r-l	1
骡马	luó mǎ	20625	ua-uo,n-l,r-l	1
马桶	mǎ tǒng	20626		1
男方	nán fāng	20627	an-ang,n-l,h-f	1
迁出	qiān chū	20628	ian-iang,c-ch,j-q-x	1
肉牛	ròu niú	20629	ao-ou,n-l,r-l	1
瑟瑟	sè sè	20631	s-sh	1
印行	yìn xíng	20633	in-ing,j-q-x	1
有感	yǒu gǎn	20634	an-ang,ao-ou	1
语境	yǔ jìng	20635	in-ing,j-q-x	1
掌权	zhǎng quán	20636	an-ang,uan-uang,z-zh,j-q-x	1
终场	zhōng chǎng	20637	an-ang,z-zh,c-ch	1
周日	zhōu rì	20638	ao-ou,z-zh,r-l	1
搭车	dā chē	20639	c-ch	1
恶果	è guǒ	20640	ua-uo	1
改版	gǎi bǎn	20641	an-ang,ai-ei	1
盖房	gài fáng	20642	an-ang,ai-ei,h-f	1
阁楼	gé lóu	20643	ao-ou,n-l,r-l	1
巷道	hàng dào	20644	an-ang,ao-ou,h-f	1
夹攻	jiā gōng	20646	ia-ie,j-q-x	1
假药	jiǎ yào	20647	ao-ou,ia-ie,j-q-x	1
减退	jiǎn tuì	20648	ian-iang,j-q-x	1
量刑	liàng xíng	20651	in-ing,ian-iang,n-l,r-l,j-q-x	1
获刑	huò xíng	20652	in-ing,ua-uo,h-f,j-q-x	1
木工	mù gōng	20653		1
铺路	pū lù	20654	n-l,r-l	1
损毁	sǔn huǐ	20655	s-sh,h-f	1
温热	wēn rè	20656	en-eng,r-l	1
行头	xíng tou	20658	in-ing,ao-ou,j-q-x	1
豫剧	yù jù	20659	j-q-x	1
在先	zài xiān	20660	ian-iang,ai-ei,z-zh,j-q-x	1
八旗	bā qí	20661	j-q-x	1
出汗	chū hàn	20663	an-ang,c-ch,h-f	1
点灯	diǎn dēng	20664	en-eng,ian-iang	1
高职	gāo zhí	20665	ao-ou,z-zh	1
后患	hòu huàn	20666	uan-uang,ao-ou,h-f	1
后排	hòu pái	20667	ai-ei,ao-ou,h-f	1
极右	jí yòu	20668	ao-ou,j-q-x	1
巨款	jù kuǎn	20669	uan-uang,j-q-x	1
炕头	kàng tóu	20670	an-ang,ao-ou	1
零散	líng sǎn	20671	in-ing,an-ang,s-sh,n-l,r-l	1
萌生	méng shēng	20672	en-eng,s-sh	1
面值	miàn zhí	20673	ian-iang,z-zh	1
明说	míng shuō	20674	in-ing,ua-uo,s-sh	1
亲事	qīn shì	20675	in-ing,s-sh,j-q-x	1
让利	ràng lì	20676	an-ang,n-l,r-l	1
试剂	shì jì	20677	s-sh,j-q-x	1
双层	shuāng céng	20678	en-eng,uan-uang,c-ch,s-sh	1
死罪	sǐ zuì	20679	z-zh,s-sh	1
缩减	suō jiǎn	20680	ian-iang,ua-uo,s-sh,j-q-x	1
替补	tì bǔ	20681		1
瘟疫	wēn yì	20682	en-eng	1
武功	wǔ gōng	20683		1
小字	xiǎo zì	20684	z-zh,j-q-x	1
遥遥	yáo yáo	20685	ao-ou	1
雨声	yǔ shēng	20686	en-eng,s-sh	1
地基	dì jī	20688	j-q-x	1
二老	èr lǎo	20689	ao-ou,n-l,r-l	1
法医	fǎ yī	20690	h-f	1
工龄	gōng líng	20691	in-ing,n-l,r-l	1
海防	hǎi fáng	20692	an-ang,ai-ei,h-f	1
回转	huí zhuǎn	20693	uan-uang,z-zh,h-f	1
剧毒	jù dú	20694	j-q-x	1
连天	lián tiān	20695	ian-iang,n-l,r-l	1
详情	xiáng qíng	20696	in-ing,ian-iang,j-q-x	1
严加	yán jiā	20697	an-ang,ia-ie,j-q-x	1
阴郁	yīn yù	20699	in-ing	1
运抵	yùn dǐ	20700		1
至多	zhì duō	20701	ua-uo,z-zh	1
走好	zǒu hǎo	20702	ao-ou,z-zh,h-f	1
报请	bào qǐng	20703	in-ing,ao-ou,j-q-x	1
肠子	cháng zi	20704	an-ang,z-zh,c-ch	1
次第	cì dì	20705	c-ch	1
分厂	fēn chǎng	20706	en-eng,an-ang,c-ch,h-f	1
货主	huò zhǔ	20707	ua-uo,z-zh,h-f	1
浇筑	jiāo zhù	20708	z-zh,j-q-x	1
军需	jūn xū	20709	j-q-x	1
马力	mǎ lì	20711	n-l,r-l	1
蒙蔽	méng bì	20712	en-eng	1
泥潭	ní tán	20713	an-ang,n-l	1
送电	sòng diàn	20714	ian-iang,s-sh	1
演艺	yǎn yì	20716	an-ang	1
报喜	bào xǐ	20719	ao-ou,j-q-x	1
鼻尖	bí jiān	20720	ian-iang,j-q-x	1
单词	dān cí	20721	an-ang,c-ch	1
高危	gāo wēi	20722	ai-ei,ao-ou	1
汇票	huì piào	20724	h-f	1
开山	kāi shān	20726	an-ang,ai-ei,s-sh	1
课时	kè shí	20727	s-sh	1
迷宫	mí gōng	20728		1
胜选	shèng xuǎn	20729	en-eng,uan-uang,s-sh,j-q-x	1
申明	shēn míng	20730	en-eng,in-ing,s-sh	1
史家	shǐ jiā	20731	ia-ie,s-sh,j-q-x	1
陶器	táo qì	20732	ao-ou,j-q-x	1
田头	tián tóu	20733	ian-iang,ao-ou	1
相接	xiāng jiē	20734	ian-iang,ia-ie,j-q-x	1
遗书	yí shū	20735	s-sh	1
盈盈	yíng yíng	20736	in-ing	1
之极	zhī jí	20737	z-zh,j-q-x	1
挚爱	zhì ài	20738	ai-ei,z-zh	1
自打	zì dǎ	20739	z-zh	1
网店	wǎng diàn	20740	an-ang,ian-iang	1
辉映	huī yìng	20741	in-ing,h-f	1
碱性	jiǎn xìng	20742	in-ing,ian-iang,j-q-x	1
讲坛	jiǎng tán	20743	an-ang,ian-iang,j-q-x	1
聚众	jù zhòng	20744	z-zh,j-q-x	1
评分	píng fēn	20745	en-eng,in-ing,h-f	1
伤兵	shāng bīng	20747	in-ing,an-ang,s-sh	1
设防	shè fáng	20748	an-ang,s-sh,h-f	1
收兵	shōu bīng	20749	in-ing,ao-ou,s-sh	1
手写	shǒu xiě	20751	ao-ou,ia-ie,s-sh,j-q-x	1
疏于	shū yú	20752	s-sh	1
顺心	shùn xīn	20753	in-ing,s-sh,j-q-x	1
说理	shuō lǐ	20754	ua-uo,s-sh,n-l,r-l	1
铁皮	tiě pí	20755	ia-ie	1
细说	xì shuō	20756	ua-uo,s-sh,j-q-x	1
炎炎	yán yán	20757	an-ang	1
当差	dāng chāi	20760	an-ang,ai-ei,c-ch	1
负重	fù zhòng	20761	z-zh,h-f	1
铿锵	kēng qiāng	20762	en-eng,ian-iang,j-q-x	2
乱世	luàn shì	20763	uan-uang,s-sh,n-l,r-l	1
民智	mín zhì	20764	in-ing,z-zh	1
评剧	píng jù	20765	in-ing,j-q-x	1
设宴	shè yàn	20766	an-ang,s-sh	1
水塘	shuǐ táng	20767	an-ang,s-sh	1
提要	tí yào	20769	ao-ou	1
雄辩	xióng biàn	20770	ian-iang,j-q-x	1
中路	zhōng lù	20771	z-zh,n-l,r-l	1
钟爱	zhōng ài	20772	ai-ei,z-zh	1
中意	zhòng yì	20773	z-zh	1
惨败	cǎn bài	20776	an-ang,ai-ei,c-ch	1
股民	gǔ mín	20777	in-ing	1
快攻	kuài gōng	20779		1
名医	míng yī	20781	in-ing	1
弃权	qì quán	20783	uan-uang,j-q-x	1
勤务	qín wù	20784	in-ing,j-q-x	1
秉承	bǐng chéng	20787	en-eng,in-ing,c-ch	1
成灾	chéng zāi	20788	en-eng,ai-ei,z-zh,c-ch	1
混搭	hùn dā	20789	h-f	1
而立	ér lì	20790	n-l,r-l	1
浮肿	fú zhǒng	20791	z-zh,h-f	1
共生	gòng shēng	20792	en-eng,s-sh	1
互换	hù huàn	20793	uan-uang,h-f	1
经由	jīng yóu	20794	in-ing,ao-ou,j-q-x	1
敬酒	jìng jiǔ	20795	in-ing,j-q-x	1
柳条	liǔ tiáo	20796	n-l,r-l	1
落差	luò chā	20797	ua-uo,c-ch,n-l,r-l	1
实测	shí cè	20798	c-ch,s-sh	1
使然	shǐ rán	20799	an-ang,s-sh,r-l	1
书屋	shū wū	20800	s-sh	1
水银	shuǐ yín	20801	in-ing,s-sh	1
随处	suí chù	20802	c-ch,s-sh	1
退路	tuì lù	20803	n-l,r-l	1
夭折	yāo zhé	20804	ao-ou,z-zh	1
意蕴	yì yùn	20805		1
差评	chà píng	20806	in-ing,c-ch	1
余粮	yú liáng	20807	ian-iang,n-l,r-l	1
按钮	àn niǔ	20808	an-ang,n-l	1
断层	duàn céng	20809	en-eng,uan-uang,c-ch	1
谷物	gǔ wù	20810		1
花鸟	huā niǎo	20812	ua-uo,n-l,h-f	1
决胜	jué shèng	20814	en-eng,s-sh,j-q-x	1
蓬蓬	péng péng	20816	en-eng	1
求证	qiú zhèng	20817	en-eng,z-zh,j-q-x	1
伤财	shāng cái	20818	an-ang,ai-ei,c-ch,s-sh	1
商检	shāng jiǎn	20819	an-ang,ian-iang,s-sh,j-q-x	1
小径	xiǎo jìng	20820	in-ing,j-q-x	1
云层	yún céng	20822	en-eng,c-ch	1
作乱	zuò luàn	20823	uan-uang,ua-uo,z-zh,n-l,r-l	1
冰球	bīng qiú	20824	in-ing,j-q-x	1
调运	diào yùn	20825		1
衡山	héng shān	20827	en-eng,an-ang,s-sh,h-f	1
教皇	jiào huáng	20828	uan-uang,h-f,j-q-x	1
礼教	lǐ jiào	20829	n-l,r-l,j-q-x	1
两头	liǎng tóu	20830	ian-iang,ao-ou,n-l,r-l	1
列队	liè duì	20831	ia-ie,n-l,r-l	1
迷糊	mí hu	20832	h-f	1
喷洒	pēn sǎ	20833	en-eng,s-sh	1
冉冉	rǎn rǎn	20834	an-ang,r-l	1
容积	róng jī	20835	r-l,j-q-x	1
商厦	shāng shà	20836	an-ang,s-sh	1
石狮	shí shī	20837	s-sh	1
四散	sì sàn	20838	an-ang,s-sh	1
头骨	tóu gǔ	20839	ao-ou	1
兄长	xiōng zhǎng	20840	an-ang,z-zh,j-q-x	1
有脸	yǒu liǎn	20841	ian-iang,ao-ou,n-l,r-l	1
词义	cí yì	20842	c-ch	1
宏图	hóng tú	20844	h-f	1
马达	mǎ dá	20846		1
深陷	shēn xiàn	20848	en-eng,ian-iang,s-sh,j-q-x	1
夙愿	sù yuàn	20849	uan-uang,s-sh	3
速写	sù xiě	20850	ia-ie,s-sh,j-q-x	1
同感	tóng gǎn	20851	an-ang	1
下跪	xià guì	20852	ia-ie,j-q-x	1
亚当	yà dāng	20854	an-ang	1
溢出	yì chū	20857	c-ch	1
原判	yuán pàn	20858	an-ang,uan-uang	1
赃物	zāng wù	20859	an-ang,z-zh	1
着哩	zhe li	20860	z-zh,n-l,r-l	1
中转	zhōng zhuǎn	20861	uan-uang,z-zh	1
自满	zì mǎn	20862	an-ang,z-zh	1
保有	bǎo yǒu	20863	ao-ou	1
财团	cái tuán	20864	uan-uang,ai-ei,c-ch	1
沉降	chén jiàng	20865	en-eng,ian-iang,c-ch,j-q-x	1
底气	dǐ qì	20867	j-q-x	1
分层	fēn céng	20868	en-eng,c-ch,h-f	1
挂靠	guà kào	20869	ao-ou,ua-uo	1
好运	hǎo yùn	20870	ao-ou,h-f	1
汇合	huì hé	20871	h-f	1
绝技	jué jì	20873	j-q-x	1
空运	kōng yùn	20874		1
磷肥	lín féi	20877	in-ing,ai-ei,n-l,h-f,r-l	1
苜蓿	mù xu	20878	j-q-x	2
生路	shēng lù	20879	en-eng,s-sh,n-l,r-l	1
收听	shōu tīng	20880	in-ing,ao-ou,s-sh	1
听筒	tīng tǒng	20881	in-ing	1
外线	wài xiàn	20882	ian-iang,ai-ei,j-q-x	1
相思	xiāng sī	20883	ian-iang,s-sh,j-q-x	1
缘于	yuán yú	20885	uan-uang	1
运费	yùn fèi	20886	ai-ei,h-f	1
主将	zhǔ jiàng	20887	ian-iang,z-zh,j-q-x	1
自小	zì xiǎo	20888	z-zh,j-q-x	1
棒球	bàng qiú	20889	an-ang,j-q-x	1
潺潺	chán chán	20890	an-ang,c-ch	2
阐发	chǎn fā	20891	an-ang,c-ch,h-f	1
短文	duǎn wén	20892	en-eng,uan-uang	1
盖章	gài zhāng	20893	an-ang,ai-ei,z-zh	1
鼓楼	gǔ lóu	20895	ao-ou,n-l,r-l	1
关外	guān wài	20896	uan-uang,ai-ei	1
诡秘	guǐ mì	20897		1
滑落	huá luò	20898	ua-uo,n-l,h-f,r-l	1
坏死	huài sǐ	20899	s-sh,h-f	1
吸金	xī jīn	20900	in-ing,j-q-x	1
日落	rì luò	20901	ua-uo,n-l,r-l	1
失真	shī zhēn	20902	en-eng,z-zh,s-sh	1
饲草	sì cǎo	20903	ao-ou,c-ch,s-sh	1
乡民	xiāng mín	20906	in-ing,ian-iang,j-q-x	1
响彻	xiǎng chè	20907	ian-iang,c-ch,j-q-x	1
檐下	yán xià	20908	an-ang,ia-ie,j-q-x	1
远征	yuǎn zhēng	20909	en-eng,uan-uang,z-zh	1
周折	zhōu zhé	20910	ao-ou,z-zh	1
做爱	zuò ài	20911	ai-ei,ua-uo,z-zh	1
白脸	bái liǎn	20912	ian-iang,ai-ei,n-l,r-l	1
产前	chǎn qián	20913	an-ang,ian-iang,c-ch,j-q-x	1
常事	cháng shì	20914	an-ang,c-ch,s-sh	1
城池	chéng chí	20915	en-eng,c-ch	1
池子	chí zi	20916	z-zh,c-ch	1
刺客	cì kè	20917	c-ch	1
旱烟	hàn yān	20921	an-ang,h-f	1
花轿	huā jiào	20922	ua-uo,h-f,j-q-x	1
临街	lín jiē	20924	in-ing,ia-ie,n-l,r-l,j-q-x	1
领头	lǐng tóu	20925	in-ing,ao-ou,n-l,r-l	1
拼装	pīn zhuāng	20927	in-ing,uan-uang,z-zh	1
扰民	rǎo mín	20928	in-ing,ao-ou,r-l	1
摄人	shè rén	20929	en-eng,s-sh,r-l	1
谁料	shéi liào	20930	ai-ei,s-sh,n-l,r-l	1
洼地	wā dì	20932		1
译作	yì zuò	20933	ua-uo,z-zh	1
注水	zhù shuǐ	20934	z-zh,s-sh	1
静坐	jìng zuò	20939	in-ing,ua-uo,z-zh,j-q-x	1
老小	lǎo xiǎo	20941	ao-ou,n-l,r-l,j-q-x	1
撇开	piē kāi	20942	ai-ei,ia-ie	1
染色	rǎn sè	20943	an-ang,s-sh,r-l	1
扫射	sǎo shè	20944	ao-ou,s-sh	1
上部	shàng bù	20945	an-ang,s-sh	1
实处	shí chù	20947	c-ch,s-sh	1
王牌	wáng pái	20949	an-ang,ai-ei	1
五洲	wǔ zhōu	20950	ao-ou,z-zh	1
致癌	zhì ái	20952	ai-ei,z-zh	1
钟情	zhōng qíng	20953	in-ing,z-zh,j-q-x	1
昂然	áng rán	20954	an-ang,r-l	1
炒菜	chǎo cài	20956	ai-ei,ao-ou,c-ch	1
撤换	chè huàn	20957	uan-uang,c-ch,h-f	1
大全	dà quán	20958	uan-uang,j-q-x	1
肺腑	fèi fǔ	20959	ai-ei,h-f	3
国法	guó fǎ	20960	ua-uo,h-f	1
红木	hóng mù	20961	h-f	1
欢欣	huān xīn	20962	in-ing,uan-uang,h-f,j-q-x	1
皇城	huáng chéng	20963	en-eng,uan-uang,c-ch,h-f	1
回回	huí hui	20964	h-f	1
机型	jī xíng	20965	in-ing,j-q-x	1
减员	jiǎn yuán	20966	ian-iang,uan-uang,j-q-x	1
陵墓	líng mù	20967	in-ing,n-l,r-l	1
落网	luò wǎng	20969	an-ang,ua-uo,n-l,r-l	1
乔木	qiáo mù	20970	j-q-x	1
融融	róng róng	20972	r-l	1
若非	ruò fēi	20973	ai-ei,ua-uo,h-f,r-l	1
通达	tōng dá	20974		1
尾随	wěi suí	20976	ai-ei,s-sh	1
西周	xī zhōu	20977	ao-ou,z-zh,j-q-x	1
小跑	xiǎo pǎo	20978	ao-ou,j-q-x	1
宴席	yàn xí	20979	an-ang,j-q-x	1
银匠	yín jiàng	20981	in-ing,ian-iang,j-q-x	1
油轮	yóu lún	20982	ao-ou,n-l,r-l	1
草率	cǎo shuài	20983	ao-ou,c-ch,s-sh	1
见报	jiàn bào	20986	ian-iang,ao-ou,j-q-x	1
媒人	méi ren	20988	en-eng,ai-ei,r-l	1
气化	qì huà	20990	ua-uo,h-f,j-q-x	1
协力	xié lì	20991	ia-ie,n-l,r-l,j-q-x	1
志士	zhì shì	20992	z-zh,s-sh	1
滋事	zī shì	20993	z-zh,s-sh	1
分忧	fēn yōu	20995	en-eng,ao-ou,h-f	1
禁用	jìn yòng	20996	in-ing,j-q-x	1
农闲	nóng xián	20997	ian-iang,n-l,j-q-x	1
贴心	tiē xīn	21000	in-ing,ia-ie,j-q-x	1
心烦	xīn fán	21001	in-ing,an-ang,h-f,j-q-x	1
药水	yào shuǐ	21002	ao-ou,s-sh	1
优抚	yōu fǔ	21003	ao-ou,h-f	1
运销	yùn xiāo	21004	j-q-x	1
主见	zhǔ jiàn	21006	ian-iang,z-zh,j-q-x	1
编印	biān yìn	21008	in-ing,ian-iang	1
沉船	chén chuán	21010	en-eng,uan-uang,c-ch	1
程控	chéng kòng	21011	en-eng,c-ch	1
滴灌	dī guàn	21012	uan-uang	1
航路	háng lù	21014	an-ang,n-l,h-f,r-l	1
劫难	jié nàn	21016	an-ang,ia-ie,n-l,j-q-x	1
就座	jiù zuò	21017	ua-uo,z-zh,j-q-x	1
门洞	mén dòng	21018	en-eng	1
怕人	pà rén	21019	en-eng,r-l	1
限贷	xiàn dài	21020	ian-iang,ai-ei,j-q-x	1
器物	qì wù	21021	j-q-x	1
事端	shì duān	21022	uan-uang,s-sh	1
未便	wèi biàn	21023	ian-iang,ai-ei	1
无谓	wú wèi	21024	ai-ei	1
小生	xiǎo shēng	21025	en-eng,s-sh,j-q-x	1
形似	xíng sì	21026	in-ing,s-sh,j-q-x	1
眼窝	yǎn wō	21027	an-ang	1
盈亏	yíng kuī	21029	in-ing	1
纵身	zòng shēn	21030	en-eng,z-zh,s-sh	1
暴利	bào lì	21031	ao-ou,n-l,r-l	1
仇视	chóu shì	21032	ao-ou,c-ch,s-sh	1
供稿	gōng gǎo	21033	ao-ou	1
海带	hǎi dài	21034	ai-ei,h-f	1
静电	jìng diàn	21035	in-ing,ian-iang,j-q-x	1
炕沿	kàng yán	21036	an-ang	1
灵气	líng qì	21037	in-ing,n-l,r-l,j-q-x	1
麦秸	mài jiē	21038	ai-ei,ia-ie,j-q-x	1
名作	míng zuò	21039	in-ing,ua-uo,z-zh	1
起兵	qǐ bīng	21040	in-ing,j-q-x	1
四射	sì shè	21041	s-sh	1
下笔	xià bǐ	21042	ia-ie,j-q-x	1
兴亡	xīng wáng	21045	in-ing,an-ang,j-q-x	1
英里	yīng lǐ	21047	in-ing,n-l,r-l	1
质变	zhì biàn	21048	ian-iang,z-zh	1
笔法	bǐ fǎ	21049	h-f	1
布衣	bù yī	21050		1
车流	chē liú	21051	c-ch,n-l,r-l	1
恩怨	ēn yuàn	21052	en-eng,uan-uang	1
甲方	jiǎ fāng	21054	an-ang,ia-ie,h-f,j-q-x	1
军服	jūn fú	21055	h-f,j-q-x	1
美称	měi chēng	21056	en-eng,ai-ei,c-ch	1
内功	nèi gōng	21058	ai-ei,n-l	1
切入	qiē rù	21059	ia-ie,r-l,j-q-x	1
山风	shān fēng	21060	en-eng,an-ang,s-sh,h-f	1
烧酒	shāo jiǔ	21061	ao-ou,s-sh,j-q-x	1
石林	shí lín	21062	in-ing,s-sh,n-l,r-l	1
石榴	shí liu	21063	s-sh,n-l,r-l	1
树冠	shù guān	21064	uan-uang,s-sh	1
万丈	wàn zhàng	21065	an-ang,z-zh	1
五行	wǔ xíng	21066	in-ing,j-q-x	1
误读	wù dú	21067		1
药剂	yào jì	21068	ao-ou,j-q-x	1
傣族	dǎi zú	21070	ai-ei,z-zh	3
食材	shí cái	21071	ai-ei,c-ch,s-sh	1
防患	fáng huàn	21072	an-ang,uan-uang,h-f	1
汉文	hàn wén	21074	en-eng,an-ang,h-f	1
厚礼	hòu lǐ	21075	ao-ou,n-l,h-f,r-l	1
迈步	mài bù	21078	ai-ei	1
牌匾	pái biǎn	21079	ian-iang,ai-ei	1
迁都	qiān dū	21080	ian-iang,j-q-x	1
虽则	suī zé	21084	z-zh,s-sh	1
随心	suí xīn	21085	in-ing,s-sh,j-q-x	1
台球	tái qiú	21086	ai-ei,j-q-x	1
桃树	táo shù	21087	ao-ou,s-sh	1
土路	tǔ lù	21088	n-l,r-l	1
笔迹	bǐ jì	21090	j-q-x	1
撤走	chè zǒu	21091	ao-ou,z-zh,c-ch	1
大梁	dà liáng	21092	ian-iang,n-l,r-l	1
封山	fēng shān	21093	en-eng,an-ang,s-sh,h-f	1
交友	jiāo yǒu	21094	ao-ou,j-q-x	1
绿卡	lǜ kǎ	21096	n-l,r-l	1
念经	niàn jīng	21097	in-ing,ian-iang,n-l,j-q-x	1
情事	qíng shì	21098	in-ing,s-sh,j-q-x	1
群星	qún xīng	21099	in-ing,j-q-x	1
戍边	shù biān	21100	ian-iang,s-sh	3
套话	tào huà	21101	ao-ou,ua-uo,h-f	1
席间	xí jiān	21102	ian-iang,j-q-x	1
刑场	xíng chǎng	21103	in-ing,an-ang,c-ch,j-q-x	1
血统	xuè tǒng	21104	j-q-x	1
有据	yǒu jù	21106	ao-ou,j-q-x	1
半途	bàn tú	21107	an-ang	1
兵营	bīng yíng	21108	in-ing	1
原点	yuán diǎn	21109	ian-iang,uan-uang	1
登顶	dēng dǐng	21110	en-eng,in-ing	1
广厦	guǎng shà	21112	uan-uang,s-sh	1
旱地	hàn dì	21113	an-ang,h-f	1
活像	huó xiàng	21114	ian-iang,ua-uo,h-f,j-q-x	1
火线	huǒ xiàn	21115	ian-iang,ua-uo,h-f,j-q-x	1
几度	jǐ dù	21117	j-q-x	1
嫁妆	jià zhuang	21118	uan-uang,ia-ie,z-zh,j-q-x	1
检点	jiǎn diǎn	21119	ian-iang,j-q-x	1
圈养	juàn yǎng	21120	an-ang,uan-uang,j-q-x	1
剩女	shèng nǚ	21121	en-eng,s-sh,n-l	1
耐力	nài lì	21122	ai-ei,n-l,r-l	1
扑鼻	pū bí	21124		1
球门	qiú mén	21125	en-eng,j-q-x	1
蛇头	shé tóu	21126	ao-ou,s-sh	1
同源	tóng yuán	21127	uan-uang	1
选聘	xuǎn pìn	21128	in-ing,uan-uang,j-q-x	1
展翅	zhǎn chì	21130	an-ang,z-zh,c-ch	1
治标	zhì biāo	21131	z-zh	1
壮志	zhuàng zhì	21132	uan-uang,z-zh	1
综观	zōng guān	21133	uan-uang,z-zh	1
变数	biàn shù	21134	ian-iang,s-sh	1
筹款	chóu kuǎn	21135	uan-uang,ao-ou,c-ch	1
放水	fàng shuǐ	21136	an-ang,s-sh,h-f	1
扶手	fú shǒu	21138	ao-ou,s-sh,h-f	1
改行	gǎi háng	21139	an-ang,ai-ei,h-f	1
红霞	hóng xiá	21140	ia-ie,h-f,j-q-x	1
就学	jiù xué	21141	j-q-x	1
拘泥	jū nì	21142	n-l,j-q-x	1
木船	mù chuán	21143	uan-uang,c-ch	1
日文	rì wén	21144	en-eng,r-l	1
山楂	shān zhā	21145	an-ang,z-zh,s-sh	3
上策	shàng cè	21146	an-ang,c-ch,s-sh	1
铜板	tóng bǎn	21147	an-ang	1
务要	wù yào	21148	ao-ou	1
心房	xīn fáng	21149	in-ing,an-ang,h-f,j-q-x	1
中常	zhōng cháng	21150	an-ang,z-zh,c-ch	1
著书	zhù shū	21151	z-zh,s-sh	1
不兴	bù xīng	21152	in-ing,j-q-x	1
残骸	cán hái	21153	an-ang,ai-ei,c-ch,h-f	3
城关	chéng guān	21154	en-eng,uan-uang,c-ch	1
肥肉	féi ròu	21156	ai-ei,ao-ou,h-f,r-l	1
金石	jīn shí	21157	in-ing,s-sh,j-q-x	1
起用	qǐ yòng	21158	j-q-x	1
汽笛	qì dí	21159	j-q-x	1
前驱	qián qū	21160	ian-iang,j-q-x	1
求教	qiú jiào	21161	j-q-x	1
入院	rù yuàn	21163	uan-uang,r-l	1
师母	shī mǔ	21164	s-sh	1
诉求	sù qiú	21165	s-sh,j-q-x	1
定损	dìng sǔn	21166	in-ing,s-sh	1
遐迩	xiá ěr	21168	ia-ie,j-q-x	2
押金	yā jīn	21169	in-ing,j-q-x	1
在望	zài wàng	21171	an-ang,ai-ei,z-zh	1
长孙	zhǎng sūn	21172	an-ang,z-zh,s-sh	1
照抄	zhào chāo	21173	ao-ou,z-zh,c-ch	1
出书	chū shū	21174	c-ch,s-sh	1
愤然	fèn rán	21175	en-eng,an-ang,h-f,r-l	1
俯身	fǔ shēn	21176	en-eng,s-sh,h-f	1
骨科	gǔ kē	21177		1
海内	hǎi nèi	21178	ai-ei,n-l,h-f	1
加封	jiā fēng	21179	en-eng,ia-ie,h-f,j-q-x	1
拘禁	jū jìn	21180	in-ing,j-q-x	1
牌坊	pái fāng	21182	an-ang,ai-ei,h-f	1
强敌	qiáng dí	21184	ian-iang,j-q-x	1
悚然	sǒng rán	21186	an-ang,s-sh,r-l	3
塌方	tā fāng	21187	an-ang,h-f	1
腾空	téng kōng	21188	en-eng	1
外孙	wài sūn	21190	ai-ei,s-sh	1
民资	mín zī	21191	in-ing,z-zh	1
血糖	xuè táng	21192	an-ang,j-q-x	1
宅子	zhái zi	21193	ai-ei,z-zh	1
战局	zhàn jú	21194	an-ang,z-zh,j-q-x	1
百合	bǎi hé	21195	ai-ei,h-f	1
唱法	chàng fǎ	21197	an-ang,c-ch,h-f	1
大员	dà yuán	21198	uan-uang	1
法理	fǎ lǐ	21199	n-l,h-f,r-l	1
股本	gǔ běn	21201	en-eng	1
决口	jué kǒu	21202	ao-ou,j-q-x	1
轻轨	qīng guǐ	21203	in-ing,j-q-x	1
三产	sān chǎn	21204	an-ang,c-ch,s-sh	1
温差	wēn chā	21205	en-eng,c-ch	1
巡礼	xún lǐ	21206	n-l,r-l,j-q-x	1
有缘	yǒu yuán	21207	uan-uang,ao-ou	1
争抢	zhēng qiǎng	21208	en-eng,ian-iang,z-zh,j-q-x	1
蒸腾	zhēng téng	21209	en-eng,z-zh	1
总务	zǒng wù	21211	z-zh	1
祖传	zǔ chuán	21212	uan-uang,z-zh,c-ch	1
擦拭	cā shì	21214	c-ch,s-sh	1
大凡	dà fán	21215	an-ang,h-f	1
坟头	fén tóu	21216	en-eng,ao-ou,h-f	1
活捉	huó zhuō	21217	ua-uo,z-zh,h-f	1
尖刀	jiān dāo	21218	ian-iang,ao-ou,j-q-x	1
六朝	liù cháo	21221	ao-ou,c-ch,n-l,r-l	1
毛线	máo xiàn	21222	ian-iang,ao-ou,j-q-x	1
求医	qiú yī	21224	j-q-x	1
全副	quán fù	21225	uan-uang,h-f,j-q-x	1
生财	shēng cái	21226	en-eng,ai-ei,c-ch,s-sh	1
瘦肉	shòu ròu	21227	ao-ou,s-sh,r-l	1
天时	tiān shí	21228	ian-iang,s-sh	1
烟斗	yān dǒu	21229	an-ang,ao-ou	1
元老	yuán lǎo	21231	uan-uang,ao-ou,n-l,r-l	1
载客	zài kè	21232	ai-ei,z-zh	1
正名	zhèng míng	21233	en-eng,in-ing,z-zh	1
争创	zhēng chuàng	21234	en-eng,uan-uang,z-zh,c-ch	1
制片	zhì piàn	21235	ian-iang,z-zh	1
传呼	chuán hū	21236	uan-uang,c-ch,h-f	1
辞书	cí shū	21237	c-ch,s-sh	1
洞房	dòng fáng	21238	an-ang,h-f	1
皇亲	huáng qīn	21240	in-ing,uan-uang,h-f,j-q-x	1
火炮	huǒ pào	21241	ao-ou,ua-uo,h-f	1
街市	jiē shì	21242	ia-ie,s-sh,j-q-x	1
流言	liú yán	21244	an-ang,n-l,r-l	1
钱币	qián bì	21246	ian-iang,j-q-x	1
如数	rú shù	21248	s-sh,r-l	1
神往	shén wǎng	21249	en-eng,an-ang,s-sh	1
失恋	shī liàn	21251	ian-iang,s-sh,n-l,r-l	1
师徒	shī tú	21252	s-sh	1
突入	tū rù	21253	r-l	1
戏子	xì zi	21254	z-zh,j-q-x	1
星云	xīng yún	21255	in-ing,j-q-x	1
游乐	yóu lè	21256	ao-ou,n-l,r-l	1
摩的	mó dī	21259		1
闭合	bì hé	21261	h-f	1
变种	biàn zhǒng	21262	ian-iang,z-zh	1
博爱	bó ài	21263	ai-ei	1
大葱	dà cōng	21265	c-ch	1
法典	fǎ diǎn	21266	ian-iang,h-f	1
分社	fēn shè	21267	en-eng,s-sh,h-f	1
复垦	fù kěn	21269	en-eng,h-f	1
古墓	gǔ mù	21270		1
活路	huó lù	21271	ua-uo,n-l,h-f,r-l	1
见地	jiàn dì	21272	ian-iang,j-q-x	1
难忍	nán rěn	21273	en-eng,an-ang,n-l,r-l	1
伤寒	shāng hán	21274	an-ang,s-sh,h-f	1
搪塞	táng sè	21276	an-ang,s-sh	3
无误	wú wù	21277		1
鲜卑	xiān bēi	21278	ian-iang,ai-ei,j-q-x	1
行装	xíng zhuāng	21279	in-ing,uan-uang,z-zh,j-q-x	1
烟灰	yān huī	21280	an-ang,h-f	1
在岗	zài gǎng	21283	an-ang,ai-ei,z-zh	1
标牌	biāo pái	21285	ai-ei	1
大烟	dà yān	21286	an-ang	1
方形	fāng xíng	21287	in-ing,an-ang,h-f,j-q-x	1
国粹	guó cuì	21289	ua-uo,c-ch	1
护栏	hù lán	21290	an-ang,n-l,h-f,r-l	1
阔步	kuò bù	21292	ua-uo	1
离心	lí xīn	21293	in-ing,n-l,r-l,j-q-x	1
日夕	rì xī	21295	r-l,j-q-x	1
杉木	shā mù	21296	s-sh	1
实录	shí lù	21297	s-sh,n-l,r-l	1
散客	sǎn kè	21298	an-ang,s-sh	1
受精	shòu jīng	21299	in-ing,ao-ou,s-sh,j-q-x	1
未了	wèi liǎo	21300	ai-ei,n-l,r-l	1
效仿	xiào fǎng	21301	an-ang,h-f,j-q-x	1
新星	xīn xīng	21302	in-ing,j-q-x	1
薪酬	xīn chóu	21303	in-ing,ao-ou,c-ch,j-q-x	1
序曲	xù qǔ	21304	j-q-x	1
腰部	yāo bù	21305	ao-ou	1
敢想	gǎn xiǎng	21311	an-ang,ian-iang,j-q-x	1
花椒	huā jiāo	21312	ua-uo,h-f,j-q-x	1
环城	huán chéng	21313	en-eng,uan-uang,c-ch,h-f	1
记账	jì zhàng	21314	an-ang,z-zh,j-q-x	1
佳人	jiā rén	21315	en-eng,ia-ie,r-l,j-q-x	1
卵巢	luǎn cháo	21316	uan-uang,ao-ou,c-ch,n-l,r-l	1
乱子	luàn zi	21317	uan-uang,z-zh,n-l,r-l	1
欧阳	ōu yáng	21318	an-ang,ao-ou	1
入门	rù mén	21319	en-eng,r-l	1
上传	shàng chuán	21320	an-ang,uan-uang,c-ch,s-sh	1
史前	shǐ qián	21321	ian-iang,s-sh,j-q-x	1
试种	shì zhòng	21322	z-zh,s-sh	1
说和	shuō he	21323	ua-uo,s-sh,h-f	1
天外	tiān wài	21324	ian-iang,ai-ei	1
头球	tóu qiú	21325	ao-ou,j-q-x	1
土方	tǔ fāng	21326	an-ang,h-f	1
稀缺	xī quē	21328	j-q-x	1
相去	xiāng qù	21332	ian-iang,j-q-x	1
用计	yòng jì	21334	j-q-x	1
宇航	yǔ háng	21335	an-ang,h-f	1
征兆	zhēng zhào	21336	en-eng,ao-ou,z-zh	1
碑文	bēi wén	21337	en-eng,ai-ei	1
承揽	chéng lǎn	21339	en-eng,an-ang,c-ch,n-l,r-l	1
吃紧	chī jǐn	21340	in-ing,c-ch,j-q-x	1
大修	dà xiū	21341	j-q-x	1
的士	dī shì	21342	s-sh	1
发家	fā jiā	21344	ia-ie,h-f,j-q-x	1
杆菌	gǎn jūn	21345	an-ang,j-q-x	1
鬼魂	guǐ hún	21346	h-f	1
继任	jì rèn	21348	en-eng,r-l,j-q-x	1
见状	jiàn zhuàng	21349	ian-iang,uan-uang,z-zh,j-q-x	1
降生	jiàng shēng	21350	en-eng,ian-iang,s-sh,j-q-x	1
开赴	kāi fù	21351	ai-ei,h-f	1
流体	liú tǐ	21352	n-l,r-l	1
年金	nián jīn	21353	in-ing,ian-iang,n-l,j-q-x	1
扰动	rǎo dòng	21354	ao-ou,r-l	1
乳品	rǔ pǐn	21355	in-ing,r-l	1
失手	shī shǒu	21356	ao-ou,s-sh	1
适中	shì zhōng	21357	z-zh,s-sh	1
守则	shǒu zé	21358	ao-ou,z-zh,s-sh	1
巍巍	wēi wēi	21360	ai-ei	1
卧房	wò fáng	21361	an-ang,h-f	1
五保	wǔ bǎo	21362	ao-ou	1
心慌	xīn huāng	21363	in-ing,uan-uang,h-f,j-q-x	1
快快	kuài kuài	21364		1
仰头	yǎng tóu	21365	an-ang,ao-ou	1
野人	yě rén	21366	en-eng,r-l	1
隐性	yǐn xìng	21367	in-ing,j-q-x	1
逐项	zhú xiàng	21368	ian-iang,z-zh,j-q-x	1
自选	zì xuǎn	21369	uan-uang,z-zh,j-q-x	1
补发	bǔ fā	21370	h-f	1
存栏	cún lán	21372	an-ang,c-ch,n-l,r-l	1
方阵	fāng zhèn	21374	en-eng,an-ang,z-zh,h-f	1
分文	fēn wén	21375	en-eng,h-f	1
复命	fù mìng	21376	in-ing,h-f	1
复线	fù xiàn	21377	ian-iang,h-f,j-q-x	1
河川	hé chuān	21379	uan-uang,c-ch,h-f	1
糊口	hú kǒu	21380	ao-ou,h-f	1
间距	jiān jù	21381	ian-iang,j-q-x	1
飓风	jù fēng	21382	en-eng,h-f,j-q-x	3
开火	kāi huǒ	21383	ai-ei,ua-uo,h-f	1
看齐	kàn qí	21384	an-ang,j-q-x	1
快棋	kuài qí	21385	j-q-x	1
老路	lǎo lù	21386	ao-ou,n-l,r-l	1
怒目	nù mù	21387	n-l	1
牌楼	pái lou	21388	ai-ei,ao-ou,n-l,r-l	1
批捕	pī bǔ	21389		1
气旋	qì xuán	21390	uan-uang,j-q-x	1
石器	shí qì	21391	s-sh,j-q-x	1
世袭	shì xí	21392	s-sh,j-q-x	1
属地	shǔ dì	21393	s-sh	1
讨薪	tǎo xīn	21394	in-ing,ao-ou,j-q-x	1
香炉	xiāng lú	21395	ian-iang,n-l,r-l,j-q-x	1
行辕	xíng yuán	21396	in-ing,uan-uang,j-q-x	3
游子	yóu zǐ	21397	ao-ou,z-zh	1
止步	zhǐ bù	21398	z-zh	1
笔触	bǐ chù	21399	c-ch	1
部属	bù shǔ	21400	s-sh	1
成形	chéng xíng	21401	en-eng,in-ing,c-ch,j-q-x	1
陡坡	dǒu pō	21402	ao-ou	1
恶习	è xí	21403	j-q-x	1
费心	fèi xīn	21404	in-ing,ai-ei,h-f,j-q-x	1
虎口	hǔ kǒu	21406	ao-ou,h-f	1
遣送	qiǎn sòng	21409	ian-iang,s-sh,j-q-x	1
石材	shí cái	21411	ai-ei,c-ch,s-sh	1
时势	shí shì	21412	s-sh	1
收发	shōu fā	21414	ao-ou,s-sh,h-f	1
诉状	sù zhuàng	21415	uan-uang,z-zh,s-sh	1
酸楚	suān chǔ	21416	uan-uang,c-ch,s-sh	1
通路	tōng lù	21417	n-l,r-l	1
哇哇	wā wā	21418		1
相合	xiāng hé	21419	ian-iang,h-f,j-q-x	1
血战	xuè zhàn	21420	an-ang,z-zh,j-q-x	1
语汇	yǔ huì	21421	h-f	1
缘何	yuán hé	21422	uan-uang,h-f	1
远行	yuǎn xíng	21423	in-ing,uan-uang,j-q-x	1
病危	bìng wēi	21424	in-ing,ai-ei	1
尾市	wěi shì	21425	ai-ei,s-sh	1
毒瘤	dú liú	21428	n-l,r-l	1
翻案	fān àn	21429	an-ang,h-f	1
防暴	fáng bào	21430	an-ang,ao-ou,h-f	1
海豹	hǎi bào	21431	ai-ei,ao-ou,h-f	1
魂灵	hún líng	21433	in-ing,n-l,h-f,r-l	1
货色	huò sè	21434	ua-uo,s-sh,h-f	1
机舱	jī cāng	21435	an-ang,c-ch,j-q-x	1
开篇	kāi piān	21436	ian-iang,ai-ei	1
里外	lǐ wài	21437	ai-ei,n-l,r-l	1
气色	qì sè	21438	s-sh,j-q-x	1
履职	lǚ zhí	21440	z-zh,n-l,r-l	1
顺口	shùn kǒu	21443	ao-ou,s-sh	1
炭疽	tàn jū	21445	an-ang,j-q-x	3
铁轨	tiě guǐ	21446	ia-ie	1
通篇	tōng piān	21447	ian-iang	1
图腾	tú téng	21449	en-eng	1
晚辈	wǎn bèi	21450	an-ang,ai-ei	1
心肝	xīn gān	21451	in-ing,an-ang,j-q-x	1
拼车	pīn chē	21452	in-ing,c-ch	1
心领	xīn lǐng	21453	in-ing,n-l,r-l,j-q-x	1
载重	zài zhòng	21455	ai-ei,z-zh	1
宗室	zōng shì	21456	z-zh,s-sh	1
百分	bǎi fēn	21457	en-eng,ai-ei,h-f	1
场子	chǎng zi	21458	an-ang,z-zh,c-ch	1
氮肥	dàn féi	21460	an-ang,ai-ei,h-f	1
防腐	fáng fǔ	21461	an-ang,h-f	1
风靡	fēng mǐ	21462	en-eng,h-f	1
花灯	huā dēng	21465	en-eng,ua-uo,h-f	1
缓冲	huǎn chōng	21466	uan-uang,c-ch,h-f	1
婚检	hūn jiǎn	21467	ian-iang,h-f,j-q-x	1
火腿	huǒ tuǐ	21468	ua-uo,h-f	1
机井	jī jǐng	21469	in-ing,j-q-x	1
接任	jiē rèn	21470	en-eng,ia-ie,r-l,j-q-x	1
街面	jiē miàn	21471	ian-iang,ia-ie,j-q-x	1
均可	jūn kě	21472	j-q-x	1
迁居	qiān jū	21474	ian-iang,j-q-x	1
治保	zhì bǎo	21476	ao-ou,z-zh	1
扁平	biǎn píng	21479	in-ing,ian-iang	1
电光	diàn guāng	21481	ian-iang,uan-uang	1
反右	fǎn yòu	21482	an-ang,ao-ou,h-f	1
黄牌	huáng pái	21484	uan-uang,ai-ei,h-f	1
火堆	huǒ duī	21485	ua-uo,h-f	1
介于	jiè yú	21486	ia-ie,j-q-x	1
警服	jǐng fú	21487	in-ing,h-f,j-q-x	1
揪心	jiū xīn	21488	in-ing,j-q-x	1
军部	jūn bù	21489	j-q-x	1
扩招	kuò zhāo	21490	ao-ou,ua-uo,z-zh	1
煤油	méi yóu	21491	ai-ei,ao-ou	1
遣返	qiǎn fǎn	21492	an-ang,ian-iang,h-f,j-q-x	1
强忍	qiǎng rěn	21493	en-eng,ian-iang,r-l,j-q-x	1
亲朋	qīn péng	21494	en-eng,in-ing,j-q-x	1
水力	shuǐ lì	21495	s-sh,n-l,r-l	1
特技	tè jì	21496	j-q-x	1
脱水	tuō shuǐ	21498	ua-uo,s-sh	1
豌豆	wān dòu	21499	an-ang,ao-ou	1
呜呼	wū hū	21501	h-f	1
暗处	àn chù	21504	an-ang,c-ch	1
冰期	bīng qī	21505	in-ing,j-q-x	1
泊位	bó wèi	21506	ai-ei	1
拆借	chāi jiè	21508	ai-ei,ia-ie,c-ch,j-q-x	1
初稿	chū gǎo	21509	ao-ou,c-ch	1
即或	jí huò	21512	ua-uo,h-f,j-q-x	1
军纪	jūn jì	21513	j-q-x	1
军控	jūn kòng	21514	j-q-x	1
里间	lǐ jiān	21515	ian-iang,n-l,r-l,j-q-x	1
栗子	lì zi	21516	z-zh,n-l,r-l	1
美梦	měi mèng	21517	en-eng,ai-ei	1
忍痛	rěn tòng	21518	en-eng,r-l	1
座驾	zuò jià	21521	ia-ie,ua-uo,z-zh,j-q-x	1
网箱	wǎng xiāng	21522	an-ang,ian-iang,j-q-x	1
下颌	xià hé	21523	ia-ie,h-f,j-q-x	3
相仿	xiāng fǎng	21524	an-ang,ian-iang,h-f,j-q-x	1
错峰	cuò fēng	21525	en-eng,ua-uo,c-ch,h-f	1
宣教	xuān jiào	21526	uan-uang,j-q-x	1
选任	xuǎn rèn	21527	en-eng,uan-uang,r-l,j-q-x	1
要领	yào lǐng	21528	in-ing,ao-ou,n-l,r-l	1
自恃	zì shì	21529	z-zh,s-sh	1
大观	dà guān	21530	uan-uang	1
电波	diàn bō	21531	ian-iang	1
国别	guó bié	21533	ia-ie,ua-uo	1
荒滩	huāng tān	21534	an-ang,uan-uang,h-f	1
教士	jiào shì	21535	s-sh,j-q-x	1
经文	jīng wén	21537	en-eng,in-ing,j-q-x	1
井喷	jǐng pēn	21538	en-eng,in-ing,j-q-x	1
快讯	kuài xùn	21539	j-q-x	1
灵柩	líng jiù	21540	in-ing,n-l,r-l,j-q-x	3
脐橙	qí chéng	21541	en-eng,c-ch,j-q-x	1
器乐	qì yuè	21542	j-q-x	1
申辩	shēn biàn	21544	en-eng,ian-iang,s-sh	1
失传	shī chuán	21545	uan-uang,c-ch,s-sh	1
虱子	shī zi	21546	z-zh,s-sh	3
书稿	shū gǎo	21547	ao-ou,s-sh	1
水兵	shuǐ bīng	21548	in-ing,s-sh	1
淘金	táo jīn	21549	in-ing,ao-ou,j-q-x	1
停办	tíng bàn	21551	in-ing,an-ang	1
未果	wèi guǒ	21552	ai-ei,ua-uo	1
未决	wèi jué	21553	ai-ei,j-q-x	1
相亲	xiāng qīn	21555	in-ing,ian-iang,j-q-x	1
诱饵	yòu ěr	21557	ao-ou	1
祖上	zǔ shàng	21558	an-ang,z-zh,s-sh	1
别样	bié yàng	21559	an-ang,ia-ie	1
除名	chú míng	21560	in-ing,c-ch	1
打磨	dǎ mó	21561		1
防风	fáng fēng	21562	en-eng,an-ang,h-f	1
复赛	fù sài	21563	ai-ei,s-sh,h-f	1
护林	hù lín	21565	in-ing,n-l,h-f,r-l	1
计议	jì yì	21566	j-q-x	1
记性	jì xing	21567	in-ing,j-q-x	1
理科	lǐ kē	21568	n-l,r-l	1
立论	lì lùn	21569	n-l,r-l	1
粮草	liáng cǎo	21570	ian-iang,ao-ou,c-ch,n-l,r-l	1
披肩	pī jiān	21571	ian-iang,j-q-x	1
申领	shēn lǐng	21572	en-eng,in-ing,s-sh,n-l,r-l	1
胃病	wèi bìng	21573	in-ing,ai-ei	1
炎症	yán zhèng	21574	en-eng,an-ang,z-zh	1
准予	zhǔn yǔ	21575	z-zh	1
车速	chē sù	21576	c-ch,s-sh	1
撑腰	chēng yāo	21577	en-eng,ao-ou,c-ch	1
灯塔	dēng tǎ	21579	en-eng	1
恶人	è rén	21580	en-eng,r-l	1
房改	fáng gǎi	21581	an-ang,ai-ei,h-f	1
费事	fèi shì	21582	ai-ei,s-sh,h-f	1
后任	hòu rèn	21583	en-eng,ao-ou,h-f,r-l	1
旧事	jiù shì	21585	s-sh,j-q-x	1
矛头	máo tóu	21587	ao-ou	1
起事	qǐ shì	21588	s-sh,j-q-x	1
轻取	qīng qǔ	21589	in-ing,j-q-x	1
请安	qǐng ān	21590	in-ing,an-ang,j-q-x	1
热销	rè xiāo	21591	r-l,j-q-x	1
妊娠	rèn shēn	21592	en-eng,s-sh,r-l	2
上行	shàng xíng	21593	in-ing,an-ang,s-sh,j-q-x	1
顺风	shùn fēng	21594	en-eng,s-sh,h-f	1
相依	xiāng yī	21595	ian-iang,j-q-x	1
星夜	xīng yè	21597	in-ing,j-q-x	1
增减	zēng jiǎn	21598	en-eng,ian-iang,z-zh,j-q-x	1
动能	dòng néng	21600	en-eng,n-l	1
夫子	fū zǐ	21601	z-zh,h-f	1
和亲	hé qīn	21602	in-ing,h-f,j-q-x	1
价款	jià kuǎn	21603	uan-uang,ia-ie,j-q-x	1
迥异	jiǒng yì	21604	j-q-x	3
酒菜	jiǔ cài	21605	ai-ei,c-ch,j-q-x	1
莫如	mò rú	21607	r-l	1
牛车	niú chē	21608	c-ch,n-l	1
神父	shén fù	21609	en-eng,s-sh,h-f	1
甚为	shèn wéi	21610	en-eng,ai-ei,s-sh	1
听命	tīng mìng	21613	in-ing	1
外运	wài yùn	21614	ai-ei	1
向背	xiàng bèi	21615	ian-iang,ai-ei,j-q-x	1
谢恩	xiè ēn	21616	en-eng,ia-ie,j-q-x	1
心智	xīn zhì	21617	in-ing,z-zh,j-q-x	1
巡演	xún yǎn	21618	an-ang,j-q-x	1
养子	yǎng zǐ	21619	an-ang,z-zh	1
把儿	bǎ er	21620		1
高僧	gāo sēng	21621	en-eng,ao-ou,s-sh	1
耗尽	hào jìn	21623	in-ing,ao-ou,h-f,j-q-x	1
合办	hé bàn	21624	an-ang,h-f	1
坏话	huài huà	21626	ua-uo,h-f	1
据实	jù shí	21627	s-sh,j-q-x	1
灵动	líng dòng	21628	in-ing,n-l,r-l	1
悲情	bēi qíng	21629	in-ing,ai-ei,j-q-x	1
哪样	nǎ yàng	21631	an-ang,n-l	1
奴仆	nú pú	21632	n-l	1
喷嚏	pēn tì	21633	en-eng	3
企鹅	qǐ é	21634	j-q-x	1
气急	qì jí	21635	j-q-x	1
侨民	qiáo mín	21636	in-ing,j-q-x	1
受体	shòu tǐ	21637	ao-ou,s-sh	1
谈天	tán tiān	21638	an-ang,ian-iang	1
逃逸	táo yì	21639	ao-ou	1
听闻	tīng wén	21640	en-eng,in-ing	1
王储	wáng chǔ	21641	an-ang,c-ch	1
引擎	yǐn qíng	21643	in-ing,j-q-x	1
用劲	yòng jìn	21644	in-ing,j-q-x	1
辩驳	biàn bó	21645	ian-iang	1
长方	cháng fāng	21646	an-ang,c-ch,h-f	1
敌方	dí fāng	21647	an-ang,h-f	1
敌情	dí qíng	21648	in-ing,j-q-x	1
羔羊	gāo yáng	21649	an-ang,ao-ou	1
国境	guó jìng	21650	in-ing,ua-uo,j-q-x	1
候车	hòu chē	21651	ao-ou,c-ch,h-f	1
巨著	jù zhù	21652	z-zh,j-q-x	1
领海	lǐng hǎi	21653	in-ing,ai-ei,n-l,h-f,r-l	1
岂可	qǐ kě	21654	j-q-x	1
血站	xuè zhàn	21657	an-ang,z-zh,j-q-x	1
失火	shī huǒ	21658	ua-uo,s-sh,h-f	1
手笔	shǒu bǐ	21660	ao-ou,s-sh	1
题名	tí míng	21662	in-ing	1
月报	yuè bào	21663	ao-ou	1
章法	zhāng fǎ	21664	an-ang,z-zh,h-f	1
北非	běi fēi	21668	ai-ei,h-f	1
捕杀	bǔ shā	21669	s-sh	1
车头	chē tóu	21670	ao-ou,c-ch	1
沉溺	chén nì	21671	en-eng,c-ch,n-l	1
当夜	dāng yè	21673	an-ang	1
副本	fù běn	21674	en-eng,h-f	1
护航	hù háng	21675	an-ang,h-f	1
活计	huó ji	21676	ua-uo,h-f,j-q-x	1
激愤	jī fèn	21677	en-eng,h-f,j-q-x	1
脊髓	jǐ suǐ	21678	s-sh,j-q-x	1
军帽	jūn mào	21679	ao-ou,j-q-x	1
木炭	mù tàn	21680	an-ang	1
内资	nèi zī	21681	ai-ei,z-zh,n-l	1
全貌	quán mào	21682	uan-uang,ao-ou,j-q-x	1
溶化	róng huà	21683	ua-uo,h-f,r-l	1
守恒	shǒu héng	21684	en-eng,ao-ou,s-sh,h-f	1
同龄	tóng líng	21685	in-ing,n-l,r-l	1
晚稻	wǎn dào	21686	an-ang,ao-ou	1
违犯	wéi fàn	21687	an-ang,ai-ei,h-f	1
武将	wǔ jiàng	21688	ian-iang,j-q-x	1
叙说	xù shuō	21689	ua-uo,s-sh,j-q-x	1
血泪	xuè lèi	21690	ai-ei,n-l,r-l,j-q-x	1
渔村	yú cūn	21693	c-ch	1
预留	yù liú	21694	n-l,r-l	1
砖瓦	zhuān wǎ	21695	uan-uang,z-zh	1
惨叫	cǎn jiào	21696	an-ang,c-ch,j-q-x	1
磁力	cí lì	21697	c-ch,n-l,r-l	1
地界	dì jiè	21698	ia-ie,j-q-x	1
电表	diàn biǎo	21699	ian-iang	1
抚摩	fǔ mó	21700	h-f	1
横扫	héng sǎo	21701	en-eng,ao-ou,s-sh,h-f	1
会聚	huì jù	21703	h-f,j-q-x	1
伙同	huǒ tóng	21704	ua-uo,h-f	1
竞价	jìng jià	21706	in-ing,ia-ie,j-q-x	1
拘捕	jū bǔ	21707	j-q-x	1
开外	kāi wài	21708	ai-ei	1
矿难	kuàng nàn	21709	an-ang,uan-uang,n-l	1
牟利	móu lì	21710	ao-ou,n-l,r-l	3
谋利	móu lì	21711	ao-ou,n-l,r-l	1
榕树	róng shù	21712	s-sh,r-l	1
无妨	wú fáng	21715	an-ang,h-f	1
下月	xià yuè	21716	ia-ie,j-q-x	1
兴师	xīng shī	21717	in-ing,s-sh,j-q-x	1
兴修	xīng xiū	21718	in-ing,j-q-x	1
自用	zì yòng	21725	z-zh	1
案犯	àn fàn	21726	an-ang,h-f	1
策马	cè mǎ	21727	c-ch	1
趁势	chèn shì	21728	en-eng,c-ch,s-sh	1
重围	chóng wéi	21729	ai-ei,c-ch	1
出笼	chū lóng	21730	c-ch,n-l,r-l	1
榜眼	bǎng yǎn	21732	an-ang	1
分店	fēn diàn	21733	en-eng,ian-iang,h-f	1
光大	guāng dà	21735	uan-uang	1
河山	hé shān	21736	an-ang,s-sh,h-f	1
轰然	hōng rán	21737	an-ang,h-f,r-l	1
花布	huā bù	21738	ua-uo,h-f	1
届满	jiè mǎn	21740	an-ang,ia-ie,j-q-x	1
考官	kǎo guān	21741	uan-uang,ao-ou	1
课业	kè yè	21742		1
敛财	liǎn cái	21743	ian-iang,ai-ei,c-ch,n-l,r-l	1
芦花	lú huā	21744	ua-uo,n-l,h-f,r-l	1
