囿于成见	yòu yú chéng jiàn	59691	en-eng,ian-iang,ao-ou,c-ch,j-q-x	3
圈牢养物	juàn láo yǎng wù	59696	an-ang,uan-uang,ao-ou,n-l,r-l,j-q-x	1
土偶蒙金	tǔ ǒu méng jīn	59697	en-eng,in-ing,ao-ou,j-q-x	1
土地规划	tǔ dì guī huà	59699	ua-uo,h-f	1
土地革命	tǔ dì gé mìng	59700	in-ing	1
土壤胶体	tǔ rǎng jiāo tǐ	59702	an-ang,r-l,j-q-x	1
土洋并举	tǔ yáng bìng jǔ	59705	in-ing,an-ang,j-q-x	1
土洋结合	tǔ yáng jié hé	59706	an-ang,ia-ie,h-f,j-q-x	1
土耳其人	tǔ ěr qí rén	59711	en-eng,r-l,j-q-x	1
土鸡瓦犬	tǔ jī wǎ quǎn	59713	uan-uang,j-q-x	1
土鸡瓦狗	tǔ jī wǎ gǒu	59714	ao-ou,j-q-x	1
圣君贤相	shèng jūn xián xiàng	59716	en-eng,ian-iang,s-sh,j-q-x	1
圣帝明王	shèng dì míng wáng	59718	en-eng,in-ing,an-ang,s-sh	1
圣经贤传	shèng jīng xián zhuàn	59719	en-eng,in-ing,ian-iang,uan-uang,z-zh,s-sh,j-q-x	1
在家出家	zài jiā chū jiā	59720	ai-ei,ia-ie,z-zh,c-ch,j-q-x	1
在此期间	zài cǐ qī jiān	59722	ian-iang,ai-ei,z-zh,c-ch,j-q-x	1
圭角不露	guī jiǎo bù lù	59727	n-l,r-l,j-q-x	3
圭角岸然	guī jiǎo àn rán	59728	an-ang,r-l,j-q-x	3
地上天官	dì shàng tiān guān	59730	an-ang,ian-iang,uan-uang,s-sh	1
地上天宫	dì shàng tiān gōng	59731	an-ang,ian-iang,s-sh	1
地下修文	dì xià xiū wén	59733	en-eng,ia-ie,j-q-x	1
地下水库	dì xià shuǐ kù	59734	ia-ie,s-sh,j-q-x	1
地下铁道	dì xià tiě dào	59738	ao-ou,ia-ie,j-q-x	1
地丑力敌	dì chǒu lì dí	59739	ao-ou,c-ch,n-l,r-l	1
地丑德齐	dì chǒu dé qí	59740	ao-ou,c-ch,j-q-x	1
地主之仪	dì zhǔ zhī yí	59742	z-zh	1
地主之谊	dì zhǔ zhī yì	59743	z-zh	1
地主阶级	dì zhǔ jiē jí	59744	ia-ie,z-zh,j-q-x	1
地利人和	dì lì rén hé	59747	en-eng,n-l,h-f,r-l	1
地动山摇	dì dòng shān yáo	59749	an-ang,ao-ou,s-sh	1
地动山摧	dì dòng shān cuī	59750	an-ang,c-ch,s-sh	1
地北天南	dì běi tiān nán	59751	an-ang,ian-iang,ai-ei,n-l	1
地区差价	dì qū chā jià	59752	ia-ie,c-ch,j-q-x	1
地坼天崩	dì chè tiān bēng	59757	en-eng,ian-iang,c-ch	3
地塌天荒	dì tā tiān huāng	59759	ian-iang,uan-uang,h-f	1
地塞米松	dì sāi mǐ sōng	59760	ai-ei,s-sh	1
地壳运动	dì qiào yùn dòng	59761	j-q-x	1
地崩山摧	dì bēng shān cuī	59764	en-eng,an-ang,c-ch,s-sh	1
地平天成	dì píng tiān chéng	59769	en-eng,in-ing,ian-iang,c-ch	1
地广人希	dì guǎng rén xī	59770	en-eng,uan-uang,r-l,j-q-x	1
地心引力	dì xīn yǐn lì	59771	in-ing,n-l,r-l,j-q-x	1
地旷人稀	dì kuàng rén xī	59776	en-eng,uan-uang,r-l,j-q-x	1
地暴十寒	dì pù shí hán	59777	an-ang,s-sh,h-f	1
地棘天荆	dì jí tiān jīng	59781	in-ing,ian-iang,j-q-x	1
地狱变相	dì yù biàn xiàng	59789	ian-iang,j-q-x	1
地球化学	dì qiú huà xué	59790	ua-uo,h-f,j-q-x	1
地理位置	dì lǐ wèi zhì	59791	ai-ei,z-zh,n-l,r-l	1
地理信息	dì lǐ xìn xī	59792	in-ing,n-l,r-l,j-q-x	1
地理环境	dì lǐ huán jìng	59794	in-ing,uan-uang,n-l,h-f,r-l,j-q-x	1
地瘠民贫	dì jí mín pín	59797	in-ing,j-q-x	3
地空导弹	dì kōng dǎo dàn	59800	an-ang,ao-ou	1
地网天罗	dì wǎng tiān luó	59803	an-ang,ian-iang,ua-uo,n-l,r-l	1
地老天昏	dì lǎo tiān hūn	59804	ian-iang,ao-ou,n-l,h-f,r-l	1
地覆天翻	dì fù tiān fān	59807	an-ang,ian-iang,h-f	1
地角天涯	dì jiǎo tiān yá	59808	ian-iang,j-q-x	1
地负海涵	dì fù hǎi hán	59810	an-ang,ai-ei,h-f	1
地质力学	dì zhì lì xué	59811	z-zh,n-l,r-l,j-q-x	1
地质年代	dì zhì nián dài	59813	ian-iang,ai-ei,z-zh,n-l	1
地震烈度	dì zhèn liè dù	59819	en-eng,ia-ie,z-zh,n-l,r-l	1
地震震级	dì zhèn zhèn jí	59820	en-eng,z-zh,j-q-x	1
地震预报	dì zhèn yù bào	59821	en-eng,ao-ou,z-zh	1
地面沉降	dì miàn chén jiàng	59823	en-eng,ian-iang,c-ch,j-q-x	1
地面灌溉	dì miàn guàn gài	59824	ian-iang,uan-uang,ai-ei	1
坎坷不平	kǎn kě bù píng	59832	in-ing,an-ang	1
坎止流行	kǎn zhǐ liú xíng	59834	in-ing,an-ang,z-zh,n-l,r-l,j-q-x	1
坏人心术	huài rén xīn shù	59835	en-eng,in-ing,s-sh,h-f,r-l,j-q-x	1
坏植散群	huài zhí sàn qún	59837	an-ang,z-zh,s-sh,h-f,j-q-x	1
坏法乱纪	huài fǎ luàn jì	59838	uan-uang,n-l,h-f,r-l,j-q-x	1
坏裳为裤	huài shang wéi kù	59840	an-ang,ai-ei,s-sh,h-f	1
坐上琴心	zuò shàng qín xīn	59842	in-ing,an-ang,ua-uo,z-zh,s-sh,j-q-x	1
坐不垂堂	zuò bù chuí táng	59843	an-ang,ua-uo,z-zh,c-ch	1
坐不安席	zuò bù ān xí	59844	an-ang,ua-uo,z-zh,j-q-x	1
坐不窥堂	zuò bù kuī táng	59845	an-ang,ua-uo,z-zh	1
坐不重席	zuò bù chóng xí	59846	ua-uo,z-zh,c-ch,j-q-x	1
坐享其功	zuò xiǎng qí gōng	59847	ian-iang,ua-uo,z-zh,j-q-x	1
坐以待旦	zuò yǐ dài dàn	59848	an-ang,ai-ei,ua-uo,z-zh	1
坐卧不离	zuò wò bù lí	59849	ua-uo,z-zh,n-l,r-l	1
坐地自划	zuò dì zì huá	59851	ua-uo,z-zh,h-f	1
坐树不言	zuò shù bù yán	59853	an-ang,ua-uo,z-zh,s-sh	1
坐而待弊	zuò ér dài bì	59855	ai-ei,ua-uo,z-zh	1
坐而待旦	zuò ér dài dàn	59856	an-ang,ai-ei,ua-uo,z-zh	1
坐而待毙	zuò ér dài bì	59857	ai-ei,ua-uo,z-zh	1
坐视不救	zuò shì bù jiù	59858	ua-uo,z-zh,s-sh,j-q-x	1
坐言起行	zuò yán qǐ xíng	59859	in-ing,an-ang,ua-uo,z-zh,j-q-x	1
坐食山空	zuò shí shān kōng	59862	an-ang,ua-uo,z-zh,s-sh	1
坑家败业	kēng jiā bài yè	59864	en-eng,ai-ei,ia-ie,j-q-x	1
坑绷拐骗	kēng bēng guǎi piàn	59865	en-eng,ian-iang	1
坚如盘石	jiān rú pán shí	59868	an-ang,ian-iang,s-sh,r-l,j-q-x	1
坚守不渝	jiān shǒu bù yú	59869	ian-iang,ao-ou,s-sh,j-q-x	1
坚强不屈	jiān qiáng bù qū	59870	ian-iang,j-q-x	1
坚忍不拔	jiān rěn bù bá	59871	en-eng,ian-iang,r-l,j-q-x	1
坚执不从	jiān zhí bù cóng	59872	ian-iang,z-zh,c-ch,j-q-x	1
坚持不懈	jiān chí bù xiè	59873	ian-iang,ia-ie,c-ch,j-q-x	1
坚持不渝	jiān chí bù yú	59874	ian-iang,c-ch,j-q-x	1
坚贞不渝	jiān zhēn bù yú	59876	en-eng,ian-iang,z-zh,j-q-x	1
坠茵落溷	zhuì yīn luò hùn	59878	in-ing,ua-uo,z-zh,n-l,h-f,r-l	3
坦然自若	tǎn rán zì ruò	59881	an-ang,ua-uo,z-zh,r-l	1
垂头塌翅	chuí tóu tā chì	59884	ao-ou,c-ch	1
垂头塞耳	chuí tóu sāi ěr	59885	ai-ei,ao-ou,c-ch,s-sh	1
垂头铩羽	chuí tóu shā yǔ	59886	ao-ou,c-ch,s-sh	3
垂手可得	chuí shǒu kě dé	59887	ao-ou,c-ch,s-sh	1
垂手而得	chuí shǒu ér dé	59888	ao-ou,c-ch,s-sh	1
垂首丧气	chuí shǒu sàng qì	59889	an-ang,ao-ou,c-ch,s-sh,j-q-x	1
垂首帖耳	chuí shǒu tiē ěr	59890	ao-ou,ia-ie,c-ch,s-sh	1
垢面蓬头	gòu miàn péng tóu	59892	en-eng,ian-iang,ao-ou	1
垫上运动	diàn shàng yùn dòng	59894	an-ang,ian-iang,s-sh	1
埋三怨四	mán sān yuàn sì	59899	an-ang,uan-uang,s-sh	1
埋声晦迹	mái shēng huì jì	59900	en-eng,ai-ei,s-sh,h-f,j-q-x	1
埋天怨地	mán tiān yuàn dì	59901	an-ang,ian-iang,uan-uang	1
埋头顾影	mái tóu gù yǐng	59902	in-ing,ai-ei,ao-ou	1
埋轮破柱	mái lún pò zhù	59904	ai-ei,z-zh,n-l,r-l	1
城北徐公	chéng běi xú gōng	59906	en-eng,ai-ei,c-ch,j-q-x	1
埒才角妙	liè cái jué miào	59908	ai-ei,ia-ie,c-ch,n-l,r-l,j-q-x	3
埒材角妙	liè cái jiǎo miào	59909	ai-ei,ia-ie,c-ch,n-l,r-l,j-q-x	3
埙篪相和	xūn chí xiāng hè	59910	ian-iang,c-ch,h-f,j-q-x	3
堂皇冠冕	táng huáng guān miǎn	59913	an-ang,ian-iang,uan-uang,h-f	3
堂皇富丽	táng huáng fù lì	59914	an-ang,uan-uang,n-l,h-f,r-l	1
堂皇正大	táng huáng zhèng dà	59915	en-eng,an-ang,uan-uang,z-zh,h-f	1
堆案盈几	duī àn yíng jī	59916	in-ing,an-ang,j-q-x	1
堑山堙谷	qiàn shān yīn gǔ	59918	in-ing,an-ang,ian-iang,s-sh,j-q-x	3
堕云雾中	duò yún wù zhōng	59919	ua-uo,z-zh	1
堕溷飘茵	duò hùn piāo yīn	59920	in-ing,ua-uo,h-f	3
堕甑不顾	duò zèng bù gù	59921	en-eng,ua-uo,z-zh	3
堙谷堑山	yīn gǔ qiàn shān	59923	in-ing,an-ang,ian-iang,s-sh,j-q-x	3
堤溃蚁孔	dī kuì yǐ kǒng	59925		1
堤溃蚁穴	dī kuì yǐ xué	59926	j-q-x	1
塑料炸弹	sù liào zhà dàn	59929	an-ang,z-zh,s-sh,n-l,r-l	1
塑料薄膜	sù liào báo mó	59930	ao-ou,s-sh,n-l,r-l	1
塞上江南	sài shàng jiāng nán	59933	an-ang,ian-iang,ai-ei,s-sh,n-l,j-q-x	1
塞井夷灶	sāi jǐng yí zào	59934	in-ing,ai-ei,ao-ou,z-zh,s-sh,j-q-x	1
塞井焚舍	sāi jǐng fén shě	59935	en-eng,in-ing,ai-ei,s-sh,h-f,j-q-x	1
塞内加尔	sāi nèi jiā ěr	59936	ai-ei,ia-ie,s-sh,n-l,j-q-x	1
塞北江南	sāi běi jiāng nán	59937	an-ang,ian-iang,ai-ei,s-sh,n-l,j-q-x	1
塞翁之马	sài wēng zhī mǎ	59941	en-eng,ai-ei,z-zh,s-sh	1
塞翁得马	sài wēng dé mǎ	59942	en-eng,ai-ei,s-sh	1
塞耳偷铃	sāi ěr tōu líng	59943	in-ing,ai-ei,ao-ou,s-sh,n-l,r-l	1
塞耳盗钟	sāi ěr dào zhōng	59944	ai-ei,ao-ou,z-zh,s-sh	1
填坑满谷	tián kēng mǎn gǔ	59948	en-eng,an-ang,ian-iang	1
填街塞巷	tián jiē sāi xiàng	59953	ian-iang,ai-ei,ia-ie,s-sh,j-q-x	1
墙头马上	qiáng tóu mǎ shàng	59957	an-ang,ian-iang,ao-ou,s-sh,j-q-x	1
增砖添瓦	zēng zhuān tiān wǎ	59961	en-eng,ian-iang,uan-uang,z-zh	1
增长速度	zēng zhǎng sù dù	59963	en-eng,an-ang,z-zh,s-sh	1
墨汁未干	mò zhī wèi gān	59966	an-ang,ai-ei,z-zh	1
墨突不黔	mò tū bù qián	59967	ian-iang,j-q-x	1
壁间蛇影	bì jiān shé yǐng	59968	in-ing,ian-iang,s-sh,j-q-x	1
士死知己	shì sǐ zhī jǐ	59970	z-zh,s-sh,j-q-x	1
壮发冲冠	zhuàng fā chōng guàn	59971	uan-uang,z-zh,c-ch,h-f	1
壮士解腕	zhuàng shì jiě wàn	59972	an-ang,uan-uang,ia-ie,z-zh,s-sh,j-q-x	1
壮心不已	zhuàng xīn bù yǐ	59973	in-ing,uan-uang,z-zh,j-q-x	1
声价十倍	shēng jià shí bèi	59975	en-eng,ai-ei,ia-ie,s-sh,j-q-x	1
声势浩大	shēng shì hào dà	59976	en-eng,ao-ou,s-sh,h-f	1
声名大噪	shēng míng dà zào	59978	en-eng,in-ing,ao-ou,z-zh,s-sh	1
声威大震	shēng wēi dà zhèn	59980	en-eng,ai-ei,z-zh,s-sh	1
声应气求	shēng yìng qì qiú	59981	en-eng,in-ing,s-sh,j-q-x	1
声振屋瓦	shēng zhèn wū wǎ	59982	en-eng,z-zh,s-sh	1
声气相投	shēng qì xiāng tóu	59984	en-eng,ian-iang,ao-ou,s-sh,j-q-x	1
声气相求	shēng qì xiāng qiú	59985	en-eng,ian-iang,s-sh,j-q-x	1
声气相通	shēng qì xiāng tōng	59986	en-eng,ian-iang,s-sh,j-q-x	1
声求气应	shēng qiú qì yìng	59987	en-eng,in-ing,s-sh,j-q-x	1
声闻过情	shēng wén guò qíng	59988	en-eng,in-ing,ua-uo,s-sh,j-q-x	1
壶中天地	hú zhōng tiān dì	59991	ian-iang,z-zh,h-f	1
壶中日月	hú zhōng rì yuè	59992	z-zh,h-f,r-l	1
壶浆塞道	hú jiāng sāi dào	59993	ian-iang,ai-ei,ao-ou,s-sh,h-f,j-q-x	1
壶里乾坤	hú lǐ qián kūn	59994	ian-iang,n-l,h-f,r-l,j-q-x	1
壹倡三叹	yī chàng sān tàn	59995	an-ang,c-ch,s-sh	1
壹败涂地	yī bài tú dì	59996	ai-ei	1
处在瓶颈	chǔ zài píng jǐng	59998	in-ing,ai-ei,z-zh,c-ch,j-q-x	1
处堂燕雀	chǔ táng yàn què	59999	an-ang,c-ch,j-q-x	1
处堂燕鹊	chǔ táng yàn què	60000	an-ang,c-ch,j-q-x	1
处实效功	chǔ shí xiào gōng	60002	c-ch,s-sh,j-q-x	1
处尊居显	chǔ zūn jū xiǎn	60003	ian-iang,z-zh,c-ch,j-q-x	1
处理失当	chǔ lǐ shī dàng	60004	an-ang,c-ch,s-sh,n-l,r-l	1
处理得当	chǔ lǐ dé dàng	60005	an-ang,c-ch,n-l,r-l	1
处高临深	chǔ gāo lín shēn	60006	en-eng,in-ing,ao-ou,c-ch,s-sh,n-l,r-l	1
备位充数	bèi wèi chōng shù	60007	ai-ei,c-ch,s-sh	1
备多力分	bèi duō lì fēn	60008	en-eng,ai-ei,ua-uo,n-l,h-f,r-l	1
备而不用	bèi ér bù yòng	60009	ai-ei	1
复合元音	fù hé yuán yīn	60011	in-ing,uan-uang,h-f	1
复合材料	fù hé cái liào	60012	ai-ei,c-ch,n-l,h-f,r-l	1
复合肥料	fù hé féi liào	60014	ai-ei,n-l,h-f,r-l	1
复合量词	fù hé liàng cí	60016	ian-iang,c-ch,n-l,h-f,r-l	1
复旦大学	fù dàn dà xué	60019	an-ang,h-f,j-q-x	1
复种指数	fù zhǒng zhǐ shù	60020	z-zh,s-sh,h-f	1
夏日可畏	xià rì kě wèi	60022	ai-ei,ia-ie,r-l,j-q-x	1
夏炉冬扇	xià lú dōng shàn	60023	an-ang,ia-ie,s-sh,n-l,r-l,j-q-x	1
夏虫朝菌	xià chóng zhāo jūn	60024	ao-ou,ia-ie,z-zh,c-ch,j-q-x	1
夏虫疑冰	xià chóng yí bīng	60025	in-ing,ia-ie,c-ch,j-q-x	1
夏虫语冰	xià chóng yǔ bīng	60026	in-ing,ia-ie,c-ch,j-q-x	1
夏雨雨人	xià yǔ yǔ rén	60027	en-eng,ia-ie,r-l,j-q-x	1
夕寐宵兴	xī mèi xiāo xīng	60028	in-ing,ai-ei,j-q-x	3
夕惕朝乾	xī tì zhāo qián	60029	ian-iang,ao-ou,z-zh,j-q-x	1
夕惕若厉	xī tì ruò lì	60030	ua-uo,n-l,r-l,j-q-x	1
外亲内疏	wài qīn nèi shū	60031	in-ing,ai-ei,s-sh,n-l,j-q-x	1
外厉内荏	wài lì nèi rěn	60038	en-eng,ai-ei,n-l,r-l	3
外合里差	wài hé lǐ chà	60040	ai-ei,c-ch,n-l,h-f,r-l	1
外合里应	wài hé lǐ yìng	60041	in-ing,ai-ei,n-l,h-f,r-l	1
外圆内方	wài yuán nèi fāng	60042	an-ang,uan-uang,ai-ei,n-l,h-f	1
外宽内忌	wài kuān nèi jì	60043	uan-uang,ai-ei,n-l,j-q-x	1
外宽内明	wài kuān nèi míng	60044	in-ing,uan-uang,ai-ei,n-l	1
外宽内深	wài kuān nèi shēn	60045	en-eng,uan-uang,ai-ei,s-sh,n-l	1
外巧内嫉	wài qiǎo nèi jí	60046	ai-ei,n-l,j-q-x	1
外强中瘠	wài qiáng zhōng jí	60049	ian-iang,ai-ei,z-zh,j-q-x	3
外感内伤	wài gǎn nèi shāng	60050	an-ang,ai-ei,s-sh,n-l	1
外方内员	wài fāng nèi yuán	60051	an-ang,uan-uang,ai-ei,n-l,h-f	1
外方内圆	wài fāng nèi yuán	60052	an-ang,uan-uang,ai-ei,n-l,h-f	1
外简内明	wài jiǎn nèi míng	60055	in-ing,ian-iang,ai-ei,n-l,j-q-x	1
夙世冤家	sù shì yuān jiā	60060	uan-uang,ia-ie,s-sh,j-q-x	3
夙兴夜处	sù xīng yè chǔ	60062	in-ing,c-ch,s-sh,j-q-x	3
夙兴昧旦	sù xīng mèi dàn	60063	in-ing,an-ang,ai-ei,s-sh,j-q-x	3
夙夜不解	sù yè bù jiě	60064	ia-ie,s-sh,j-q-x	3
夙夜匪解	sù yè fěi jiě	60065	ai-ei,ia-ie,s-sh,h-f,j-q-x	3
多凶少吉	duō xiōng shǎo jí	60068	ao-ou,ua-uo,s-sh,j-q-x	1
多口相声	duō kǒu xiàng shēng	60069	en-eng,ian-iang,ao-ou,ua-uo,s-sh,j-q-x	1
多口阿师	duō kǒu ā shī	60070	ao-ou,ua-uo,s-sh	1
多嘴献浅	duō zuǐ xiàn qiǎn	60072	ian-iang,ua-uo,z-zh,j-q-x	1
多多少少	duō duō shǎo shǎo	60073	ao-ou,ua-uo,s-sh	1
多收并畜	duō shōu bìng chù	60076	in-ing,ao-ou,ua-uo,c-ch,s-sh	1
多文为富	duō wén wéi fù	60077	en-eng,ai-ei,ua-uo,h-f	1
多文强记	duō wén qiáng jì	60078	en-eng,ian-iang,ua-uo,j-q-x	1
多歧亡羊	duō qí wáng yáng	60081	an-ang,ua-uo,j-q-x	1
多端寡要	duō duān guǎ yào	60082	uan-uang,ao-ou,ua-uo	1
多能多艺	duō néng duō yì	60084	en-eng,ua-uo,n-l	1
多藏厚亡	duō cáng hòu wáng	60085	an-ang,ao-ou,ua-uo,c-ch,h-f	1
多见广识	duō jiàn guǎng shí	60086	ian-iang,uan-uang,ua-uo,s-sh,j-q-x	1
多言多语	duō yán duō yǔ	60088	an-ang,ua-uo	1
多言或中	duō yán huò zhōng	60089	an-ang,ua-uo,z-zh,h-f	1
多言数穷	duō yán shuò qióng	60090	an-ang,ua-uo,s-sh,j-q-x	1
多言繁称	duō yán fán chēng	60091	en-eng,an-ang,ua-uo,c-ch,h-f	1
多许少与	duō xǔ shǎo yǔ	60092	ao-ou,ua-uo,s-sh,j-q-x	1
多财善贾	duō cái shàn gǔ	60093	an-ang,ai-ei,ua-uo,c-ch,s-sh	1
多钱善贾	duō qián shàn gǔ	60094	an-ang,ian-iang,ua-uo,s-sh,j-q-x	1
多闻强记	duō wén qiáng jì	60095	en-eng,ian-iang,ua-uo,j-q-x	1
多闻阙疑	duō wén quē yí	60096	en-eng,ua-uo,j-q-x	3
夜不成寐	yè bù chéng mèi	60098	en-eng,ai-ei,c-ch	3
夜如何其	yè rú hé jī	60101	h-f,r-l,j-q-x	1
夜行被绣	yè xíng bèi xiù	60107	in-ing,ai-ei,j-q-x	1
夜长梦短	yè cháng mèng duǎn	60108	en-eng,an-ang,uan-uang,c-ch	1
夜雨对床	yè yǔ duì chuáng	60109	uan-uang,c-ch	1
夜静更深	yè jìng gēng shēn	60110	en-eng,in-ing,s-sh,j-q-x	1
夜静更阑	yè jìng gēng lán	60111	en-eng,in-ing,an-ang,n-l,r-l,j-q-x	3
大专院校	dà zhuān yuàn xiào	60114	uan-uang,z-zh,j-q-x	1
大中至正	dà zhōng zhì zhèng	60117	en-eng,z-zh	1
大事不妙	dà shì bú miào	60121	s-sh	1
大事去矣	dà shì qù yǐ	60122	s-sh,j-q-x	1
大事铺张	dà shì pū zhāng	60123	an-ang,z-zh,s-sh	1
大人先生	dà rén xiān shēng	60125	en-eng,ian-iang,s-sh,r-l,j-q-x	1
大仁大义	dà rén dà yì	60126	en-eng,r-l	1
大兴安岭	dà xīng ān lǐng	60132	in-ing,an-ang,n-l,r-l,j-q-x	1
大功毕成	dà gōng bì chéng	60138	en-eng,c-ch	1
大动公惯	dà dòng gōng guàn	60139	uan-uang	1
大动肝火	dà dòng gān huǒ	60140	an-ang,ua-uo,h-f	1
大勇若怯	dà yǒng ruò qiè	60141	ia-ie,ua-uo,r-l,j-q-x	1
大匠运斤	dà jiàng yùn jīn	60145	in-ing,ian-iang,j-q-x	1
大卸八块	dà xiè bā kuài	60149	ia-ie,j-q-x	1
大厦将倾	dà shà jiāng qīng	60151	in-ing,ian-iang,s-sh,j-q-x	1
大厦将颠	dà shà jiāng diān	60152	ian-iang,s-sh,j-q-x	1
大厦栋梁	dà shà dòng liáng	60153	ian-iang,s-sh,n-l,r-l	1
大发慈悲	dà fā cí bēi	60154	ai-ei,c-ch,h-f	1
大发议论	dà fā yì lùn	60155	n-l,h-f,r-l	1
大发谬论	dà fā miù lùn	60156	n-l,h-f,r-l	1
大吆小喝	dà yāo xiǎo hē	60160	ao-ou,h-f,j-q-x	1
大吉大利	dà jí dà lì	60161	n-l,r-l,j-q-x	1
大名难居	dà míng nán jū	60164	in-ing,an-ang,n-l,j-q-x	1
大含细入	dà hán xì rù	60169	an-ang,h-f,r-l,j-q-x	1
大吹大打	dà chuī dà dǎ	60170	c-ch	1
大吹法螺	dà chuī fǎ luó	60171	ua-uo,c-ch,n-l,h-f,r-l	1
大呼小叫	dà hū xiǎo jiào	60172	h-f,j-q-x	1
大呼小喝	dà hū xiǎo hē	60173	h-f,j-q-x	1
大喊大叫	dà hǎn dà jiào	60175	an-ang,h-f,j-q-x	1
大喜若狂	dà xǐ ruò kuáng	60176	uan-uang,ua-uo,r-l,j-q-x	1
大地回春	dà dì huí chūn	60181	c-ch,h-f	1
大地春回	dà dì chūn huí	60182	c-ch,h-f	1
大地测量	dà dì cè liáng	60183	ian-iang,c-ch,n-l,r-l	1
大块文章	dà kuài wén zhāng	60185	en-eng,an-ang,z-zh	1
大声疾呼	dà shēng jí hū	60193	en-eng,s-sh,h-f,j-q-x	1
大处着墨	dà chù zhuó mò	60195	ua-uo,z-zh,c-ch	1
大处着眼	dà chù zhuó yǎn	60196	an-ang,ua-uo,z-zh,c-ch	1
大处落墨	dà chù luò mò	60197	ua-uo,c-ch,n-l,r-l	1
大大落落	dà dà luò luò	60199	ua-uo,n-l,r-l	1
大失人望	dà shī rén wàng	60200	en-eng,an-ang,s-sh,r-l	1
大头小尾	dà tóu xiǎo wěi	60201	ai-ei,ao-ou,j-q-x	1
大好河山	dà hǎo hé shān	60202	an-ang,ao-ou,s-sh,h-f	1
大家风范	dà jiā fēng fàn	60213	en-eng,an-ang,ia-ie,h-f,j-q-x	1
大寒索裘	dà hán suǒ qiú	60214	an-ang,ua-uo,s-sh,h-f,j-q-x	3
大展宏图	dà zhǎn hóng tú	60216	an-ang,z-zh,h-f	1
大展经纶	dà zhǎn jīng lún	60217	in-ing,an-ang,z-zh,n-l,r-l,j-q-x	3
大工告成	dà gōng gào chéng	60219	en-eng,ao-ou,c-ch	1
大巧若拙	dà qiǎo ruò zhuō	60220	ua-uo,z-zh,r-l,j-q-x	1
大幅增长	dà fú zēng zhǎng	60223	en-eng,an-ang,z-zh,h-f	1
大年初一	dà nián chū yī	60224	ian-iang,c-ch,n-l	1
大庆油田	dà qìng yóu tián	60227	in-ing,ian-iang,ao-ou,j-q-x	1
大度包容	dà dù bāo róng	60228	ao-ou,r-l	1
大廷广众	dà tíng guǎng zhòng	60229	in-ing,uan-uang,z-zh	1
大开大合	dà kāi dà hé	60230	ai-ei,h-f	1
大开眼界	dà kāi yǎn jiè	60231	an-ang,ai-ei,ia-ie,j-q-x	1
大张其词	dà zhāng qí cí	60232	an-ang,z-zh,c-ch,j-q-x	1
大张声势	dà zhāng shēng shì	60233	en-eng,an-ang,z-zh,s-sh	1
大张挞伐	dà zhāng tà fá	60234	an-ang,z-zh,h-f	3
大得人心	dà dé rén xīn	60235	en-eng,in-ing,r-l,j-q-x	1
大恩大德	dà ēn dà dé	60238	en-eng	1
大才榱槃	dà cái cuī pán	60242	an-ang,ai-ei,c-ch	7
大才榱盘	dà cái cuī pán	60243	an-ang,ai-ei,c-ch	3
大才槃槃	dà cái pán pán	60244	an-ang,ai-ei,c-ch	5
大才盘盘	dà cái pán pán	60245	an-ang,ai-ei,c-ch	1
大放厥辞	dà fàng jué cí	60249	an-ang,c-ch,h-f,j-q-x	3
大放悲声	dà fàng bēi shēng	60250	en-eng,an-ang,ai-ei,s-sh,h-f	1
大方之家	dà fāng zhī jiā	60254	an-ang,ia-ie,z-zh,h-f,j-q-x	1
大旱望云	dà hàn wàng yún	60255	an-ang,h-f	1
大明法度	dà míng fǎ dù	60257	in-ing,h-f	1
大智大勇	dà zhì dà yǒng	60260	z-zh	1
大智如愚	dà zhì rú yú	60261	z-zh,r-l	1
大有可观	dà yǒu kě guān	60264	uan-uang,ao-ou	1
大有径庭	dà yǒu jìng tíng	60265	in-ing,ao-ou,j-q-x	1
大有裨益	dà yǒu bì yì	60266	ao-ou	3
大有见地	dà yǒu jiàn dì	60267	ian-iang,ao-ou,j-q-x	1
大有起色	dà yǒu qǐ sè	60268	ao-ou,s-sh,j-q-x	1
大有迳庭	dà yǒu jìng tíng	60269	in-ing,ao-ou,j-q-x	5
大本大宗	dà běn dà zōng	60270	en-eng,z-zh	1
大杀风景	dà shā fēng jǐng	60271	en-eng,in-ing,s-sh,h-f,j-q-x	1
大权在握	dà quán zài wò	60272	uan-uang,ai-ei,z-zh,j-q-x	1
大权旁落	dà quán páng luò	60273	an-ang,uan-uang,ua-uo,n-l,r-l,j-q-x	1
大权独揽	dà quán dú lǎn	60274	an-ang,uan-uang,n-l,r-l,j-q-x	1
大杖则走	dà zhàng zé zǒu	60275	an-ang,ao-ou,z-zh	1
大树将军	dà shù jiāng jūn	60279	ian-iang,s-sh,j-q-x	1
大梦方醒	dà mèng fāng xǐng	60281	en-eng,in-ing,an-ang,h-f,j-q-x	1
大江东去	dà jiāng dōng qù	60287	ian-iang,j-q-x	1
大法小廉	dà fǎ xiǎo lián	60289	ian-iang,n-l,h-f,r-l,j-q-x	1
大浪淘沙	dà làng táo shā	60293	an-ang,ao-ou,s-sh,n-l,r-l	1
大渐弥留	dà jiàn mí liú	60294	ian-iang,n-l,r-l,j-q-x	1
大澈大悟	dà chè dà wù	60296	c-ch	1
大煞风趣	dà shà fēng qù	60298	en-eng,s-sh,h-f,j-q-x	1
大独裁者	dà dú cái zhě	60300	ai-ei,z-zh,c-ch	1
大璞不完	tài pú bù wán	60304	an-ang,ai-ei	3
大男大女	dà nán dà nǚ	60305	an-ang,n-l	1
大直若屈	dà zhí ruò qū	60309	ua-uo,z-zh,r-l,j-q-x	1
大直若诎	dà zhí ruò qū	60310	ua-uo,z-zh,r-l,j-q-x	5
大相迳庭	dà xiāng jìng tíng	60311	in-ing,ian-iang,j-q-x	5
大禹治水	dà yǔ zhì shuǐ	60316	z-zh,s-sh	1
大秋作物	dà qiū zuò wù	60317	ua-uo,z-zh,j-q-x	1
大笔如椽	dà bǐ rú chuán	60319	uan-uang,c-ch,r-l	3
大红大绿	dà hóng dà lǜ	60321	n-l,h-f,r-l	1
大经大法	dà jīng dà fǎ	60323	in-ing,h-f,j-q-x	1
大缪不然	dà miù bù rán	60325	an-ang,r-l	3
大肆厥辞	dà sì jué cí	60328	c-ch,s-sh,j-q-x	3
大肆宣传	dà sì xuān chuán	60329	uan-uang,c-ch,s-sh,j-q-x	1
大肆挥霍	dà sì huī huò	60330	ua-uo,s-sh,h-f	1
大胆包身	dà dǎn bāo shēn	60331	en-eng,an-ang,ao-ou,s-sh	1
大脑皮层	dà nǎo pí céng	60332	en-eng,ao-ou,c-ch,n-l	1
大脑皮质	dà nǎo pí zhì	60333	ao-ou,z-zh,n-l	1
大脖子病	dà bó zi bìng	60334	in-ing,z-zh	1
大节不夺	dà jié bù duó	60337	ia-ie,ua-uo,j-q-x	1
大莫与京	dà mò yǔ jīng	60340	in-ing,j-q-x	1
大获全胜	dà huò quán shèng	60341	en-eng,uan-uang,ua-uo,s-sh,h-f,j-q-x	1
大行大市	dà háng dà shì	60346	an-ang,s-sh,h-f	1
大计小用	dà jì xiǎo yòng	60349	j-q-x	1
大请大受	dà qǐng dà shòu	60350	in-ing,ao-ou,s-sh,j-q-x	1
大谋不谋	dà móu bù móu	60353	ao-ou	1
大败亏轮	dà bài kuī lún	60354	ai-ei,n-l,r-l	1
大败亏输	dà bài kuī shū	60355	ai-ei,s-sh	1
大路椎轮	dà lù zhuī lún	60357	z-zh,n-l,r-l	1
大车以载	dà chē yǐ zài	60360	ai-ei,z-zh,c-ch	1
大辂椎轮	dà lù zhuī lún	60362	z-zh,n-l,r-l	3
大辩不言	dà biàn bù yán	60363	an-ang,ian-iang	1
大辩若讷	dà biàn ruò nè	60364	ian-iang,ua-uo,n-l,r-l	3
大逆无道	dà nì wú dào	60369	ao-ou,n-l	1
大醇小疵	dà chún xiǎo cī	60374	c-ch,j-q-x	3
大雅君子	dà yǎ jūn zǐ	60382	z-zh,j-q-x	1
大雨倾盆	dà yǔ qīng pén	60383	en-eng,in-ing,j-q-x	1
大雨如注	dà yǔ rú zhù	60384	z-zh,r-l	1
大雨滂沱	dà yǔ pāng tuó	60385	an-ang,ua-uo	3
大音希声	dà yīn xī shēng	60389	en-eng,in-ing,s-sh,j-q-x	1
大题小作	dà tí xiǎo zuò	60392	ua-uo,z-zh,j-q-x	1
大题小做	dà tí xiǎo zuò	60393	ua-uo,z-zh,j-q-x	1
大马士革	dà mǎ shì gé	60395	s-sh	1
大马金刀	dà mǎ jīn dāo	60396	in-ing,ao-ou,j-q-x	1
大麻哈鱼	dà má hā yú	60397	h-f	1
天上人间	tiān shàng rén jiān	60399	en-eng,an-ang,ian-iang,s-sh,r-l,j-q-x	1
天上石麟	tiān shàng shí lín	60400	in-ing,an-ang,ian-iang,s-sh,n-l,r-l	3
天上麒麟	tiān shàng qí lín	60401	in-ing,an-ang,ian-iang,s-sh,n-l,r-l,j-q-x	3
天下一家	tiān xià yī jiā	60402	ian-iang,ia-ie,j-q-x	1
天下为家	tiān xià wéi jiā	60403	ian-iang,ai-ei,ia-ie,j-q-x	1
天下为笼	tiān xià wéi lóng	60404	ian-iang,ai-ei,ia-ie,n-l,r-l,j-q-x	1
天下大乱	tiān xià dà luàn	60405	ian-iang,uan-uang,ia-ie,n-l,r-l,j-q-x	1
天下莫敌	tiān xià mò dí	60406	ian-iang,ia-ie,j-q-x	1
天不作美	tiān bù zuò měi	60407	ian-iang,ai-ei,ua-uo,z-zh	1
天不假年	tiān bù jiǎ nián	60408	ian-iang,ia-ie,n-l,j-q-x	1
天不绝人	tiān bù jué rén	60409	en-eng,ian-iang,r-l,j-q-x	1
天与人归	tiān yǔ rén guī	60410	en-eng,ian-iang,r-l	1
天人共鉴	tiān rén gòng jiàn	60411	en-eng,ian-iang,r-l,j-q-x	1
天从人原	tiān cóng rén yuán	60412	en-eng,ian-iang,uan-uang,c-ch,r-l	1
天从人愿	tiān cóng rén yuàn	60413	en-eng,ian-iang,uan-uang,c-ch,r-l	1
天假之年	tiān jiǎ zhī nián	60414	ian-iang,ia-ie,z-zh,n-l,j-q-x	1
天假其年	tiān jiǎ qí nián	60415	ian-iang,ia-ie,n-l,j-q-x	1
天假因缘	tiān jiǎ yīn yuán	60416	in-ing,ian-iang,uan-uang,ia-ie,j-q-x	1
天假良缘	tiān jiǎ liáng yuán	60417	ian-iang,uan-uang,ia-ie,n-l,r-l,j-q-x	1
天冠地屦	tiān guān dì jù	60418	ian-iang,uan-uang,j-q-x	3
天凝地闭	tiān níng dì bì	60420	in-ing,ian-iang,n-l	1
天华乱坠	tiān huā luàn zhuì	60421	ian-iang,uan-uang,ua-uo,z-zh,n-l,h-f,r-l	1
天台路迷	tiān tái lù mí	60423	ian-iang,ai-ei,n-l,r-l	1
天命有归	tiān mìng yǒu guī	60425	in-ing,ian-iang,ao-ou	1
天地不容	tiān dì bù róng	60427	ian-iang,r-l	1
天地剖判	tiān dì pōu pàn	60429	an-ang,ian-iang,ao-ou	1
天地经纬	tiān dì jīng wěi	60430	in-ing,ian-iang,ai-ei,j-q-x	1
天地良心	tiān dì liáng xīn	60431	in-ing,ian-iang,n-l,r-l,j-q-x	1
天地诛戮	tiān dì zhū lù	60432	ian-iang,z-zh,n-l,r-l	3
天地诛灭	tiān dì zhū miè	60433	ian-iang,ia-ie,z-zh	3
天地长久	tiān dì cháng jiǔ	60434	an-ang,ian-iang,c-ch,j-q-x	1
天堂地狱	tiān táng dì yù	60435	an-ang,ian-iang	1
天壤王郎	tiān rǎng wáng láng	60436	an-ang,ian-iang,n-l,r-l	1
天大地大	tiān dà dì dà	60437	ian-iang	1
天夺其魄	tiān duó qí pò	60438	ian-iang,ua-uo,j-q-x	1
天宝当年	tiān bǎo dāng nián	60441	an-ang,ian-iang,ao-ou,n-l	1
天崩地坍	tiān bēng dì tān	60442	en-eng,an-ang,ian-iang	3
天崩地坼	tiān bēng dì chè	60443	en-eng,ian-iang,c-ch	3
天崩地塌	tiān bēng dì tā	60444	en-eng,ian-iang	1
天崩地解	tiān bēng dì jiě	60445	en-eng,ian-iang,ia-ie,j-q-x	1
天崩地陷	tiān bēng dì xiàn	60446	en-eng,ian-iang,j-q-x	1
天平地成	tiān píng dì chéng	60447	en-eng,in-ing,ian-iang,c-ch	1
天年不测	tiān nián bù cè	60448	ian-iang,c-ch,n-l	1
天年不遂	tiān nián bù suì	60449	ian-iang,s-sh,n-l	1
天年不齐	tiān nián bù qí	60450	ian-iang,n-l,j-q-x	1
天开地辟	tiān kāi dì pì	60452	ian-iang,ai-ei	1
天悬地隔	tiān xuán dì gé	60453	ian-iang,uan-uang,j-q-x	1
天惊石破	tiān jīng shí pò	60454	in-ing,ian-iang,s-sh,j-q-x	1
天愁地惨	tiān chóu dì cǎn	60455	an-ang,ian-iang,ao-ou,c-ch	1
天成地平	tiān chéng dì píng	60456	en-eng,in-ing,ian-iang,c-ch	1
天打雷劈	tiān dǎ léi pī	60458	ian-iang,ai-ei,n-l,r-l	1
天授地设	tiān shòu dì shè	60460	ian-iang,ao-ou,s-sh	1
天摇地动	tiān yáo dì dòng	60461	ian-iang,ao-ou	1
天摧地塌	tiān cuī dì tā	60462	ian-iang,c-ch	1
天文单位	tiān wén dān wèi	60463	en-eng,an-ang,ian-iang,ai-ei	1
天文地理	tiān wén dì lǐ	60464	en-eng,ian-iang,n-l,r-l	1
天昏地黑	tiān hūn dì hēi	60465	ian-iang,ai-ei,h-f	1
天末凉风	tiān mò liáng fēng	60467	en-eng,ian-iang,n-l,h-f,r-l	1
天津大学	tiān jīn dà xué	60469	in-ing,ian-iang,j-q-x	1
天涯咫尺	tiān yá zhǐ chǐ	60470	ian-iang,z-zh,c-ch	3
天涯地角	tiān yá dì jiǎo	60471	ian-iang,j-q-x	1
天潢贵胄	tiān huáng guì zhòu	60472	ian-iang,uan-uang,ao-ou,z-zh,h-f	3
天灾地变	tiān zāi dì biàn	60473	ian-iang,ai-ei,z-zh	1
天灾地妖	tiān zāi dì yāo	60474	ian-iang,ai-ei,ao-ou,z-zh	1
天王老子	tiān wáng lǎo zǐ	60476	an-ang,ian-iang,ao-ou,z-zh,n-l,r-l	1
天理不容	tiān lǐ bù róng	60477	ian-iang,n-l,r-l	1
天理难容	tiān lǐ nán róng	60479	an-ang,ian-iang,n-l,r-l	1
天生一对	tiān shēng yí duì	60480	en-eng,ian-iang,s-sh	1
天生丽质	tiān shēng lì zhì	60481	en-eng,ian-iang,z-zh,s-sh,n-l,r-l	1
天生地设	tiān shēng dì shè	60482	en-eng,ian-iang,s-sh	1
天生天化	tiān shēng tiān huà	60483	en-eng,ian-iang,ua-uo,s-sh,h-f	1
天知地知	tiān zhī dì zhī	60484	ian-iang,z-zh	1
天空海阔	tiān kōng hǎi kuò	60485	ian-iang,ai-ei,ua-uo,h-f	1
天粟马角	tiān sù mǎ jiǎo	60487	ian-iang,s-sh,j-q-x	1
天经地纬	tiān jīng dì wěi	60488	in-ing,ian-iang,ai-ei,j-q-x	1
天缘凑合	tiān yuán còu hé	60489	ian-iang,uan-uang,ao-ou,c-ch,h-f	1
天老地荒	tiān lǎo dì huāng	60490	ian-iang,uan-uang,ao-ou,n-l,h-f,r-l	1
天荆地棘	tiān jīng dì jí	60491	in-ing,ian-iang,j-q-x	1
天行时气	tiān xíng shí qì	60493	in-ing,ian-iang,s-sh,j-q-x	1
天覆地载	tiān fù dì zǎi	60494	ian-iang,ai-ei,z-zh,h-f	1
天诱其衷	tiān yòu qí zhōng	60495	ian-iang,ao-ou,z-zh,j-q-x	1
天道好还	tiān dào hǎo huán	60496	ian-iang,uan-uang,ao-ou,h-f	1
天道宁论	tiān dào níng lùn	60497	in-ing,ian-iang,ao-ou,n-l,r-l	1
天道无亲	tiān dào wú qīn	60498	in-ing,ian-iang,ao-ou,j-q-x	1
天长地老	tiān cháng dì lǎo	60499	an-ang,ian-iang,ao-ou,c-ch,n-l,r-l	1
天震地骇	tiān zhèn dì hài	60501	en-eng,ian-iang,ai-ei,z-zh,h-f	1
天高地下	tiān gāo dì xià	60502	ian-iang,ao-ou,ia-ie,j-q-x	1
天高地迥	tiān gāo dì jiǒng	60503	ian-iang,ao-ou,j-q-x	3
天高日远	tiān gāo rì yuǎn	60504	ian-iang,uan-uang,ao-ou,r-l	1
太上忘情	tài shàng wàng qíng	60505	in-ing,an-ang,ai-ei,s-sh,j-q-x	1
太上老君	tài shàng lǎo jūn	60506	an-ang,ai-ei,ao-ou,s-sh,n-l,r-l,j-q-x	1
太丘道广	tài qiū dào guǎng	60507	uan-uang,ai-ei,ao-ou,j-q-x	1
太山北斗	tài shān běi dòu	60514	an-ang,ai-ei,ao-ou,s-sh	1
太平盛世	tài píng shèng shì	60515	en-eng,in-ing,ai-ei,s-sh	1
太平龙头	tài píng lóng tóu	60516	in-ing,ai-ei,ao-ou,n-l,r-l	1
太阿倒持	tài ē dào chí	60521	ai-ei,ao-ou,c-ch	1
太阿在握	tài ē zài wò	60522	ai-ei,z-zh	1
夫人裙带	fū rén qún dài	60523	en-eng,ai-ei,h-f,r-l,j-q-x	1
夫倡妇随	fū chàng fù suí	60524	an-ang,c-ch,s-sh,h-f	1
夫妻反目	fū qī fǎn mù	60525	an-ang,h-f,j-q-x	1
夫子自道	fū zǐ zì dào	60527	ao-ou,z-zh,h-f	1
夫荣妻显	fū róng qī xiǎn	60528	ian-iang,h-f,r-l,j-q-x	1
夫荣妻贵	fū róng qī guì	60529	h-f,r-l,j-q-x	1
夫负妻戴	fū fù qī dài	60530	ai-ei,h-f,j-q-x	1
夫贵妻荣	fū guì qī róng	60531	h-f,r-l,j-q-x	1
失张冒势	shī zhāng mào shì	60535	an-ang,ao-ou,z-zh,s-sh	1
失张失志	shī zhāng shī zhì	60536	an-ang,z-zh,s-sh	1
失张失致	shī zhāng shī zhì	60537	an-ang,z-zh,s-sh	1
失惊倒怪	shī jīng dǎo guài	60538	in-ing,ao-ou,s-sh,j-q-x	1
失惊打怪	shī jīng dǎ guài	60539	in-ing,s-sh,j-q-x	1
失时落势	shī shí luò shì	60541	ua-uo,s-sh,n-l,r-l	1
失精落彩	shī jīng luò cǎi	60542	in-ing,ai-ei,ua-uo,c-ch,s-sh,n-l,r-l,j-q-x	1
失而复得	shī ér fù de	60543	s-sh,h-f	1
失诸交臂	shī zhū jiāo bì	60545	z-zh,s-sh,j-q-x	1
失马塞翁	shī mǎ sài wēng	60547	en-eng,ai-ei,s-sh	1
失魂丧胆	shī hún sàng dǎn	60548	an-ang,s-sh,h-f	1
失魂丧魄	shī hún sàng pò	60549	an-ang,s-sh,h-f	1
头一无二	tóu yī wú èr	60550	ao-ou	1
头上安头	tóu shàng ān tóu	60551	an-ang,ao-ou,s-sh	1
头上末下	tóu shàng mò xià	60552	an-ang,ao-ou,ia-ie,s-sh,j-q-x	1
头上著头	tóu shàng zhuó tóu	60553	an-ang,ao-ou,ua-uo,z-zh,s-sh	1
头会箕敛	tóu kuài jī liǎn	60554	ian-iang,ao-ou,n-l,r-l,j-q-x	1
头会箕赋	tóu kuài jī fù	60555	ao-ou,h-f,j-q-x	1
头出头没	tóu chū tóu mò	60557	ao-ou,c-ch	1
头昏目晕	tóu hūn mù yūn	60563	ao-ou,h-f	1
头昏目眩	tóu hūn mù xuàn	60564	uan-uang,ao-ou,h-f,j-q-x	3
头昏眼晕	tóu hūn yǎn yūn	60565	an-ang,ao-ou,h-f	1
头昏眼暗	tóu hūn yǎn àn	60566	an-ang,ao-ou,h-f	1
头昏脑眩	tóu hūn nǎo xuàn	60567	uan-uang,ao-ou,n-l,h-f,j-q-x	3
头昏脑胀	tóu hūn nǎo zhàng	60568	an-ang,ao-ou,z-zh,n-l,h-f	1
头昏脑闷	tóu hūn nǎo mèn	60569	en-eng,ao-ou,n-l,h-f	1
头晕目眩	tóu yūn mù xuàn	60570	uan-uang,ao-ou,j-q-x	3
头晕眼花	tóu yūn yǎn huā	60571	an-ang,ao-ou,ua-uo,h-f	1
头梢自领	tóu shāo zì lǐng	60573	in-ing,ao-ou,z-zh,s-sh,n-l,r-l	1
头没杯案	tóu mò bēi àn	60574	an-ang,ai-ei,ao-ou	1
头焦额烂	tóu jiāo é làn	60575	an-ang,ao-ou,n-l,r-l,j-q-x	1
头状花序	tóu zhuàng huā xù	60576	uan-uang,ao-ou,ua-uo,z-zh,h-f,j-q-x	1
头痒搔跟	tóu yǎng sāo gēn	60577	en-eng,an-ang,ao-ou,s-sh	1
头痛脑热	tóu tòng nǎo rè	60578	ao-ou,n-l,r-l	1
头痛额热	tóu tòng é rè	60579	ao-ou,r-l	1
头眩目昏	tóu xuàn mù hūn	60581	uan-uang,ao-ou,h-f,j-q-x	3
头破血出	tóu pò xuè chū	60582	ao-ou,c-ch,j-q-x	1
头破血淋	tóu pò xuè lín	60583	in-ing,ao-ou,n-l,r-l,j-q-x	1
头稍自领	tóu shāo zì lǐng	60584	in-ing,ao-ou,z-zh,s-sh,n-l,r-l	1
头童齿豁	tóu tóng chǐ huò	60585	ao-ou,ua-uo,c-ch,h-f	1
头角峥嵘	tóu jiǎo zhēng róng	60588	en-eng,ao-ou,z-zh,r-l,j-q-x	3
头足倒置	tóu zú dào zhì	60589	ao-ou,z-zh	1
头足异处	tóu zú yì chǔ	60590	ao-ou,z-zh,c-ch	1
头足异所	tóu zú yì suǒ	60591	ao-ou,ua-uo,z-zh,s-sh	1
头高头低	tóu gāo tóu dī	60597	ao-ou	1
夷然自若	yí rán zì ruò	60598	an-ang,ua-uo,z-zh,r-l	1
夸多斗靡	kuā duō dòu mí	60600	ao-ou,ua-uo	1
夸大其辞	kuā dà qí cí	60601	ua-uo,c-ch,j-q-x	1
夸夸而谈	kuā kuā ér tán	60602	an-ang,ua-uo	1
夸强道会	kuā qiáng dào huì	60603	ian-iang,ao-ou,ua-uo,h-f,j-q-x	1
夸父追日	kuā fù zhuī rì	60604	ua-uo,z-zh,h-f,r-l	1
夸父逐日	kuā fù zhú rì	60605	ua-uo,z-zh,h-f,r-l	1
夹层玻璃	jiā céng bō lí	60612	en-eng,ia-ie,c-ch,n-l,r-l,j-q-x	1
夹枪带棍	jiā qiāng dài gùn	60615	ian-iang,ai-ei,ia-ie,j-q-x	1
夹枪带棒	jiā qiāng dài bàng	60616	an-ang,ian-iang,ai-ei,ia-ie,j-q-x	1
夹袋人物	jiā dài rén wù	60620	en-eng,ai-ei,ia-ie,r-l,j-q-x	1
夺人所好	duó rén suǒ hào	60624	en-eng,ao-ou,ua-uo,s-sh,h-f,r-l	1
夺其谈经	duó qí tán jīng	60625	in-ing,an-ang,ua-uo,j-q-x	1
夺胎换骨	duó tāi huàn gǔ	60626	uan-uang,ai-ei,ua-uo,h-f	1
奇形异状	qí xíng yì zhuàng	60634	in-ing,uan-uang,z-zh,j-q-x	1
奇想天开	qí xiǎng tiān kāi	60635	ian-iang,ai-ei,j-q-x	1
奇才异能	qí cái yì néng	60636	en-eng,ai-ei,c-ch,n-l,j-q-x	1
奇技淫巧	qí jì yín qiǎo	60637	in-ing,j-q-x	1
奇文共赏	qí wén gòng shǎng	60638	en-eng,an-ang,s-sh,j-q-x	1
奇文瑰句	qí wén guī jù	60639	en-eng,j-q-x	1
奇珍异玩	qí zhēn yì wán	60640	en-eng,an-ang,z-zh,j-q-x	1
奇离古怪	qí lí gǔ guài	60642	n-l,r-l,j-q-x	1
奇花异卉	qí huā yì huì	60644	ua-uo,h-f,j-q-x	1
奇葩异卉	qí pā yì huì	60645	h-f,j-q-x	3
奇门遁甲	qí mén dùn jiǎ	60648	en-eng,ia-ie,j-q-x	3
奉为圭臬	fèng wéi guī niè	60650	en-eng,ai-ei,ia-ie,n-l,h-f	3
奉为楷模	fèng wéi kǎi mó	60651	en-eng,ai-ei,h-f	1
奉为至宝	fèng wéi zhì bǎo	60652	en-eng,ai-ei,ao-ou,z-zh,h-f	1
奉令承教	fèng lìng chéng jiào	60653	en-eng,in-ing,c-ch,n-l,h-f,r-l,j-q-x	1
奉公不阿	fèng gōng bù ē	60654	en-eng,h-f	1
奉公正己	fèng gōng zhèng jǐ	60655	en-eng,z-zh,h-f,j-q-x	1
奉头鼠窜	fèng tóu shǔ cuàn	60657	en-eng,uan-uang,ao-ou,c-ch,s-sh,h-f	1
奉扬仁风	fèng yáng rén fēng	60658	en-eng,an-ang,h-f,r-l	1
奉行故事	fèng xíng gù shì	60660	en-eng,in-ing,s-sh,h-f,j-q-x	1
奋不顾命	fèn bù gù mìng	60661	en-eng,in-ing,h-f	1
奋发踔厉	fèn fā chuō lì	60662	en-eng,ua-uo,c-ch,n-l,h-f,r-l	3
奋发蹈厉	fèn fā dǎo lì	60663	en-eng,ao-ou,n-l,h-f,r-l	1
奋身不顾	fèn shēn bù gù	60664	en-eng,s-sh,h-f	1
契合金兰	qì hé jīn lán	60668	in-ing,an-ang,n-l,h-f,r-l,j-q-x	1
契船求剑	qì chuán qiú jiàn	60669	ian-iang,uan-uang,c-ch,j-q-x	1
契若金兰	qì ruò jīn lán	60670	in-ing,an-ang,ua-uo,n-l,r-l,j-q-x	1
奔走之友	bēn zǒu zhī yǒu	60673	en-eng,ao-ou,z-zh	1
奔走如市	bēn zǒu rú shì	60674	en-eng,ao-ou,z-zh,s-sh,r-l	1
奔走钻营	bēn zǒu zuān yíng	60675	en-eng,in-ing,uan-uang,ao-ou,z-zh	1
奔轶绝尘	bēn yì jué chén	60676	en-eng,c-ch,j-q-x	3
奔逸绝尘	bēn yì jué chén	60677	en-eng,c-ch,j-q-x	1
奖罚分明	jiǎng fá fēn míng	60680	en-eng,in-ing,ian-iang,h-f,j-q-x	1
奢侈浪费	shē chǐ làng fèi	60687	an-ang,ai-ei,c-ch,s-sh,n-l,h-f,r-l	1
奥地利人	ào dì lì rén	60694	en-eng,ao-ou,n-l,r-l	1
奥妙无穷	ào miào wú qióng	60695	ao-ou,j-q-x	1
奥援有灵	ào yuán yǒu líng	60696	in-ing,uan-uang,ao-ou,n-l,r-l	1
奥斯卡奖	ào sī kǎ jiǎng	60697	ian-iang,ao-ou,s-sh,j-q-x	1
女中丈夫	nǚ zhōng zhàng fū	60700	an-ang,z-zh,n-l,h-f	1
女中尧舜	nǚ zhōng yáo shùn	60701	ao-ou,z-zh,s-sh,n-l	3
女中豪杰	nǚ zhōng háo jié	60702	ao-ou,ia-ie,z-zh,n-l,h-f,j-q-x	1
女大当嫁	nǚ dà dāng jià	60711	an-ang,ia-ie,n-l,j-q-x	1
女大难留	nǚ dà nán liú	60712	an-ang,n-l,r-l	1
女大须嫁	nǚ dà xū jià	60713	ia-ie,n-l,j-q-x	1
女娲补天	nǚ wā bǔ tiān	60715	ian-iang,n-l	3
女扮男装	nǚ bàn nán zhuāng	60720	an-ang,uan-uang,z-zh,n-l	1
女织男耕	nǚ zhī nán gēng	60726	en-eng,an-ang,z-zh,n-l	1
女貌郎才	nǚ mào láng cái	60728	an-ang,ai-ei,ao-ou,c-ch,n-l,r-l	1
女长当嫁	nǚ zhǎng dāng jià	60730	an-ang,ia-ie,z-zh,n-l,j-q-x	1
女长须嫁	nǚ zhǎng xū jià	60731	an-ang,ia-ie,z-zh,n-l,j-q-x	1
奴隶主义	nú lì zhǔ yì	60733	z-zh,n-l,r-l	1
好丹非素	hào dān fēi sù	60736	an-ang,ai-ei,ao-ou,s-sh,h-f	1
好为事端	hào wéi shì duān	60737	uan-uang,ai-ei,ao-ou,s-sh,h-f	1
好事之徒	hào shì zhī tú	60739	ao-ou,z-zh,s-sh,h-f	1
好事多悭	hǎo shì duō qiān	60740	ian-iang,ao-ou,ua-uo,s-sh,h-f,j-q-x	3
好事天悭	hǎo shì tiān qiān	60741	ian-iang,ao-ou,s-sh,h-f,j-q-x	3
好佚恶劳	hào yì wù láo	60743	ao-ou,n-l,h-f,r-l	3
好勇斗狠	hào yǒng dòu hěn	60747	en-eng,ao-ou,h-f	1
好吃好喝	hǎo chī hǎo hē	60749	ao-ou,c-ch,h-f	1
好善乐施	hào shàn lè shī	60752	an-ang,ao-ou,s-sh,n-l,h-f,r-l	1
好善嫉恶	hào shàn jí è	60753	an-ang,ao-ou,s-sh,h-f,j-q-x	1
好善恶恶	hǎo shàn wù è	60754	an-ang,ao-ou,s-sh,h-f	1
好天良夜	hǎo tiān liáng yè	60755	ian-iang,ao-ou,n-l,h-f,r-l	1
好奇尚异	hǎo qí shàng yì	60757	an-ang,ao-ou,s-sh,h-f,j-q-x	1
好好学习	hǎo hǎo xué xí	60759	ao-ou,h-f,j-q-x	1
好学不倦	hào xué bù juàn	60760	uan-uang,ao-ou,h-f,j-q-x	1
好恶不同	hǎo è bù tóng	60763	ao-ou,h-f	1
好战分子	hào zhàn fèn zi	60764	en-eng,an-ang,ao-ou,z-zh,h-f	1
好戴高帽	hǎo dài gāo mào	60765	ai-ei,ao-ou,h-f	1
好整以暇	hào zhěng yǐ xiá	60766	en-eng,ao-ou,ia-ie,z-zh,h-f,j-q-x	1
好景不常	hǎo jǐng bù cháng	60768	in-ing,an-ang,ao-ou,c-ch,h-f,j-q-x	1
好来好去	hǎo lái hǎo qù	60770	ai-ei,ao-ou,n-l,h-f,r-l,j-q-x	1
好梦不长	hǎo mèng bù cháng	60772	en-eng,an-ang,ao-ou,c-ch,h-f	1
好梦难圆	hǎo mèng nán yuán	60773	en-eng,an-ang,uan-uang,ao-ou,n-l,h-f	1
好梦难成	hǎo mèng nán chéng	60774	en-eng,an-ang,ao-ou,c-ch,n-l,h-f	1
好模好样	hǎo mó hǎo yàng	60775	an-ang,ao-ou,h-f	1
好生之德	hào shēng zhī dé	60779	en-eng,ao-ou,z-zh,s-sh,h-f	1
好离好散	hǎo lí hǎo sàn	60780	an-ang,ao-ou,s-sh,n-l,h-f,r-l	1
好管闲事	hào guǎn xián shì	60781	ian-iang,uan-uang,ao-ou,s-sh,h-f,j-q-x	1
好肉剜疮	hǎo ròu wān chuāng	60783	an-ang,uan-uang,ao-ou,c-ch,h-f,r-l	3
好色之徒	hào sè zhī tú	60784	ao-ou,z-zh,s-sh,h-f	1
好行小惠	hào xíng xiǎo huì	60786	in-ing,ao-ou,h-f,j-q-x	1
好行小慧	hǎo xíng xiǎo huì	60787	in-ing,ao-ou,h-f,j-q-x	1
好言好语	hǎo yán hǎo yǔ	60788	an-ang,ao-ou,h-f	1
好语似珠	hǎo yǔ sì zhū	60789	ao-ou,z-zh,s-sh,h-f	1
好语如珠	hǎo yǔ rú zhū	60790	ao-ou,z-zh,h-f,r-l	1
好谋善断	hào móu shàn duàn	60792	an-ang,uan-uang,ao-ou,s-sh,h-f	1
好酒贪杯	hào jiǔ tān bēi	60797	an-ang,ai-ei,ao-ou,h-f,j-q-x	1
好问决疑	hào wèn jué yí	60799	en-eng,ao-ou,h-f,j-q-x	1
好问则裕	hào wèn zé yù	60800	en-eng,ao-ou,z-zh,h-f	1
好骑者堕	hào qí zhě duò	60802	ao-ou,ua-uo,z-zh,h-f,j-q-x	1
好高务远	hào gāo wù yuǎn	60803	uan-uang,ao-ou,h-f	1
好高鹜远	hào gāo wù yuǎn	60804	uan-uang,ao-ou,h-f	3
如不胜衣	rú bù shèng yī	60805	en-eng,s-sh,r-l	1
如之奈何	rú zhī nài hé	60806	ai-ei,z-zh,n-l,h-f,r-l	1
如兄如弟	rú xiōng rú dì	60807	r-l,j-q-x	1
如切如磋	rú qiē rú cuō	60808	ia-ie,ua-uo,c-ch,r-l,j-q-x	3
如坐春风	rú zuò chūn fēng	60809	en-eng,ua-uo,z-zh,c-ch,h-f,r-l	1
如堕烟海	rú duò yān hǎi	60810	an-ang,ai-ei,ua-uo,h-f,r-l	1
如堕烟雾	rú duò yān wù	60811	an-ang,ua-uo,r-l	1
如山压卵	rú shān yā luǎn	60812	an-ang,uan-uang,s-sh,n-l,r-l	1
如应斯响	rú yìng sī xiǎng	60813	in-ing,ian-iang,s-sh,r-l,j-q-x	1
如拾地芥	rú shí dì jiè	60815	ia-ie,s-sh,r-l,j-q-x	1
如持左券	rú chí zuǒ quàn	60816	uan-uang,ua-uo,z-zh,c-ch,r-l,j-q-x	1
如振落叶	rú zhèn luò yè	60817	en-eng,ua-uo,z-zh,n-l,r-l	1
如操左券	rú cāo zuǒ quàn	60818	uan-uang,ao-ou,ua-uo,z-zh,c-ch,r-l,j-q-x	1
如无其事	rú wú qí shì	60819	s-sh,r-l,j-q-x	1
如日方中	rú rì fāng zhōng	60820	an-ang,z-zh,h-f,r-l	1
如有所失	rú yǒu suǒ shī	60821	ao-ou,ua-uo,s-sh,r-l	1
如梦初觉	rú mèng chū jué	60823	en-eng,c-ch,r-l,j-q-x	1
如此这般	rú cǐ zhè bān	60824	an-ang,z-zh,c-ch,r-l	1
如水投石	rú shuǐ tóu shí	60825	ao-ou,s-sh,r-l	1
如汤沃雪	rú tāng wò xuě	60826	an-ang,r-l,j-q-x	1
如汤泼雪	rú tāng pō xuě	60827	an-ang,r-l,j-q-x	1
如汤浇雪	rú tāng jiāo xuě	60828	an-ang,r-l,j-q-x	1
如汤灌雪	rú tāng guàn xuě	60829	an-ang,uan-uang,r-l,j-q-x	1
如法泡制	rú fǎ pào zhì	60830	ao-ou,z-zh,h-f,r-l	1
如泣草芥	rú qì cǎo jiè	60831	ao-ou,ia-ie,c-ch,r-l,j-q-x	1
如火燎原	rú huǒ liáo yuán	60832	uan-uang,ua-uo,n-l,h-f,r-l	3
如狼牧羊	rú láng mù yáng	60833	an-ang,n-l,r-l	1
如痴似醉	rú chī sì zuì	60834	z-zh,c-ch,s-sh,r-l	1
如登春台	rú dēng chūn tái	60835	en-eng,ai-ei,c-ch,r-l	1
如石投水	rú shí tóu shuǐ	60836	ao-ou,s-sh,r-l	1
如臂使指	rú bì shǐ zhǐ	60837	z-zh,s-sh,r-l	1
如芒刺背	rú máng cì bèi	60838	an-ang,ai-ei,c-ch,r-l	1
如花似月	rú huā sì yuè	60839	ua-uo,s-sh,h-f,r-l	1
如花似朵	rú huā sì duǒ	60840	ua-uo,s-sh,h-f,r-l	1
如虎得翼	rú hǔ dé yì	60841	h-f,r-l	1
如蚁慕膻	rú yǐ mù shān	60842	an-ang,s-sh,r-l	3
如蚁附膻	rú yǐ fù shān	60843	an-ang,s-sh,h-f,r-l	3
如蝇逐臭	rú yíng zhú chòu	60844	in-ing,ao-ou,z-zh,c-ch,r-l	1
如见肺肝	rú jiàn fèi gān	60845	an-ang,ian-iang,ai-ei,h-f,r-l,j-q-x	1
如解倒悬	rú jiě dào xuán	60846	uan-uang,ao-ou,ia-ie,r-l,j-q-x	1
如蹈汤火	rú dǎo tāng huǒ	60847	an-ang,ao-ou,ua-uo,h-f,r-l	1
如锥画沙	rú zhuī huà shā	60848	ua-uo,z-zh,s-sh,h-f,r-l	1
如风过耳	rú fēng guò ěr	60849	en-eng,ua-uo,h-f,r-l	1
如饮醍醐	rú yǐn tí hú	60850	in-ing,h-f,r-l	3
如鱼似水	rú yú sì shuǐ	60851	s-sh,r-l	1
如龙似虎	rú lóng sì hǔ	60852	s-sh,n-l,h-f,r-l	1
妆模作样	zhuāng mó zuò yàng	60854	an-ang,uan-uang,ua-uo,z-zh	1
妆聋做哑	zhuāng lóng zuò yǎ	60855	uan-uang,ua-uo,z-zh,n-l,r-l	1
妇女运动	fù nǚ yùn dòng	60856	n-l,h-f	1
妇姑勃溪	fù gū bó xī	60857	h-f,j-q-x	1
妇姑勃谿	fù gū bó xī	60858	h-f,j-q-x	5
妍蚩好恶	yán chī hǎo è	60860	an-ang,ao-ou,c-ch,h-f	3
妒能害贤	dù néng hài xián	60861	en-eng,ian-iang,ai-ei,n-l,h-f,j-q-x	1
妒贤嫉能	dù xián jí néng	60862	en-eng,ian-iang,n-l,j-q-x	1
妒贤疾能	dù xián jí néng	60863	en-eng,ian-iang,n-l,j-q-x	1
妖不胜德	yāo bù shèng dé	60864	en-eng,ao-ou,s-sh	1
妖由人兴	yāo yóu rén xīng	60866	en-eng,in-ing,ao-ou,r-l,j-q-x	1
妙处不传	miào chù bù chuán	60869	uan-uang,c-ch	1
妙手偶得	miào shǒu ǒu dé	60870	ao-ou,s-sh	1
妙手空空	miào shǒu kōng kōng	60871	ao-ou,s-sh	1
妙言要道	miào yán yào dào	60873	an-ang,ao-ou	1
妙语惊人	miào yǔ jīng rén	60874	en-eng,in-ing,r-l,j-q-x	1
妙语解烦	miào yǔ jiě fán	60875	an-ang,ia-ie,h-f,j-q-x	1
妙语解颐	miào yǔ jiě yí	60876	ia-ie,j-q-x	3
妙语连珠	miào yǔ lián zhū	60877	ian-iang,z-zh,n-l,r-l	1
妙龄女子	miào líng nǚ zǐ	60878	in-ing,z-zh,n-l,r-l	1
妥首帖耳	tuǒ shǒu tiē ěr	60881	ao-ou,ia-ie,ua-uo,s-sh	1
妨功害能	fáng gōng hài néng	60882	en-eng,an-ang,ai-ei,n-l,h-f	1
妻儿老少	qī ér lǎo shào	60884	ao-ou,s-sh,n-l,r-l,j-q-x	1
妻梅子鹤	qī méi zǐ hè	60886	ai-ei,z-zh,h-f,j-q-x	1
妻荣夫贵	qī róng fū guì	60887	h-f,r-l,j-q-x	1
始终不懈	shǐ zhōng bù xiè	60889	ia-ie,z-zh,s-sh,j-q-x	1
始终不易	shǐ zhōng bù yì	60890	z-zh,s-sh	1
始终若一	shǐ zhōng ruò yī	60891	ua-uo,z-zh,s-sh,r-l	1
姑射神人	gū yè shén rén	60893	en-eng,s-sh,r-l	1
姑置勿论	gū zhì wù lùn	60895	z-zh,n-l,r-l	1
委委佗佗	wēi wēi tuó tuó	60902	ai-ei,ua-uo	3
委曲成全	wěi qǔ chéng quán	60903	en-eng,uan-uang,ai-ei,c-ch,j-q-x	1
委罪于人	wěi zuì yú rén	60906	en-eng,ai-ei,z-zh,r-l	1
委肉虎蹊	wěi ròu hǔ xī	60907	ai-ei,ao-ou,h-f,r-l,j-q-x	3
委过于人	wěi guò yú rén	60909	en-eng,ai-ei,ua-uo,r-l	1
委重投艰	wěi zhòng tóu jiān	60910	ian-iang,ai-ei,ao-ou,z-zh,j-q-x	1
委靡不振	wěi mǐ bù zhèn	60912	en-eng,ai-ei,z-zh	1
姱容修态	kuā róng xiū tài	60916	ai-ei,ua-uo,r-l,j-q-x	5
姿意妄为	zī yì wàng wéi	60917	an-ang,ai-ei,z-zh	1
威望素著	wēi wàng sù zhù	60918	an-ang,ai-ei,z-zh,s-sh	1
威迫利诱	wēi pò lì yòu	60919	ai-ei,ao-ou,n-l,r-l	1
威重令行	wēi zhòng lìng xíng	60920	in-ing,ai-ei,z-zh,n-l,r-l,j-q-x	1
威风八面	wēi fēng bā miàn	60921	en-eng,ian-iang,ai-ei,h-f	1
威风祥麟	wēi fēng xiáng lín	60922	en-eng,in-ing,ian-iang,ai-ei,n-l,h-f,r-l,j-q-x	3
娉婷婀娜	pīng tíng ē nuó	60923	in-ing,ua-uo,n-l	3
娉婷袅娜	pīng tíng niǎo nuó	60924	in-ing,ua-uo,n-l	3
娓娓不倦	wěi wěi bù juàn	60925	uan-uang,ai-ei,j-q-x	3
娟好静秀	juān hǎo jìng xiù	60927	in-ing,uan-uang,ao-ou,h-f,j-q-x	1
娱乐频道	yú lè pín dào	60930	in-ing,ao-ou,n-l,r-l	1
娱妻弄子	yú qī nòng zǐ	60931	z-zh,n-l,j-q-x	1
娶媳妇儿	qǔ xí fù er	60932	h-f,j-q-x	1
婚丧喜庆	hūn sāng xǐ qìng	60933	in-ing,an-ang,s-sh,h-f,j-q-x	1
婢作夫人	bì zuò fū rén	60934	en-eng,ua-uo,z-zh,h-f,r-l	3
嫂溺叔援	sǎo nì shū yuán	60939	uan-uang,ao-ou,s-sh,n-l	1
嫉恶如仇	jí è rú chóu	60940	ao-ou,c-ch,r-l,j-q-x	1
嫉恶若仇	jí è ruò chóu	60941	ao-ou,ua-uo,c-ch,r-l,j-q-x	1
嫉闲妒能	jí xián dù néng	60942	en-eng,ian-iang,n-l,j-q-x	1
嫌好道恶	xián hǎo dào è	60943	ian-iang,ao-ou,h-f,j-q-x	1
嫌好道歉	xián hǎo dào qiàn	60944	ian-iang,ao-ou,h-f,j-q-x	1
嫌好道歹	xián hǎo dào dǎi	60945	ian-iang,ai-ei,ao-ou,h-f,j-q-x	1
嫌长道短	xián cháng dào duǎn	60946	an-ang,ian-iang,uan-uang,ao-ou,c-ch,j-q-x	1
嫠不恤纬	lí bù xù wěi	60949	ai-ei,n-l,r-l,j-q-x	3
嫣红姹紫	yān hóng chà zǐ	60951	an-ang,z-zh,c-ch,h-f	3
嬴奸买俏	yíng jiān mǎi qiào	60953	in-ing,ian-iang,ai-ei,j-q-x	3
孀妻弱子	shuāng qī ruò zǐ	60954	uan-uang,ua-uo,z-zh,s-sh,r-l,j-q-x	3
子为父隐	zǐ wéi fù yǐn	60955	in-ing,ai-ei,z-zh,h-f	1
子女玉帛	zǐ nǚ yù bó	60958	z-zh,n-l	3
子子孙孙	zǐ zǐ sūn sūn	60959	z-zh,s-sh	1
子孙后代	zǐ sūn hòu dài	60960	ai-ei,ao-ou,z-zh,s-sh,h-f	1
子孝父慈	zǐ xiào fù cí	60961	z-zh,c-ch,h-f,j-q-x	1
孔席不暖	kǒng xí bù nuǎn	60963	uan-uang,n-l,j-q-x	1
孔席不适	kǒng xí bù shì	60964	s-sh,j-q-x	1
孔思周情	kǒng sī zhōu qíng	60965	in-ing,ao-ou,z-zh,s-sh,j-q-x	1
孔情周思	kǒng qíng zhōu sī	60966	in-ing,ao-ou,z-zh,s-sh,j-q-x	1
字顺文从	zì shùn wén cóng	60975	en-eng,z-zh,c-ch,s-sh	1
存亡安危	cún wáng ān wēi	60976	an-ang,ai-ei,c-ch	1
存亡未卜	cún wáng wèi bǔ	60977	an-ang,ai-ei,c-ch	1
存亡绝续	cún wáng jué xù	60978	an-ang,c-ch,j-q-x	1
存亡继绝	cún wáng jì jué	60979	an-ang,c-ch,j-q-x	1
存亡续绝	cún wáng xù jué	60980	an-ang,c-ch,j-q-x	1
存心不良	cún xīn bù liáng	60981	in-ing,ian-iang,c-ch,n-l,r-l,j-q-x	1
存而不论	cún ér bù lùn	60983	c-ch,n-l,r-l	1
孙庞斗智	sūn páng dòu zhì	60988	an-ang,ao-ou,z-zh,s-sh	1
孙康映雪	sūn kāng yìng xuě	60989	in-ing,an-ang,s-sh,j-q-x	1
孚尹旁达	fú yǐn páng dá	60990	in-ing,an-ang,h-f	3
孜孜不怠	zī zī bù dài	60991	ai-ei,z-zh	3
孜孜不懈	zī zī bù xiè	60992	ia-ie,z-zh,j-q-x	3
孜孜不辍	zī zī bù chuò	60993	ua-uo,z-zh,c-ch	3
孝子慈孙	xiào zǐ cí sūn	60994	z-zh,c-ch,s-sh,j-q-x	1
孝子顺孙	xiào zǐ shùn sūn	60995	z-zh,s-sh,j-q-x	1
孝思不匮	xiào sī bù kuì	60997	s-sh,j-q-x	3
孝悌忠信	xiào tì zhōng xìn	60998	in-ing,z-zh,j-q-x	3
孟什维克	mèng shí wéi kè	61000	en-eng,ai-ei,s-sh	1
孟加拉国	mèng jiā lā guó	61001	en-eng,ia-ie,ua-uo,n-l,r-l,j-q-x	1
季友伯兄	jì yǒu bó xiōng	61002	ao-ou,j-q-x	1
季孙之忧	jì sūn zhī yōu	61003	ao-ou,z-zh,s-sh,j-q-x	1
季孟之间	jì mèng zhī jiān	61004	en-eng,ian-iang,z-zh,j-q-x	1
孤傲不群	gū ào bù qún	61006	ao-ou,j-q-x	1
孤单一人	gū dān yì rén	61007	en-eng,an-ang,r-l	1
孤履危行	gū lǚ wēi xíng	61009	in-ing,ai-ei,n-l,r-l,j-q-x	1
孤文只义	gū wén zhī yì	61010	en-eng,z-zh	1
孤文断句	gū wén duàn jù	61011	en-eng,uan-uang,j-q-x	1
孤独矜寡	gū dú guān guǎ	61012	uan-uang,ua-uo	3
孤立寡与	gū lì guǎ yǔ	61013	ua-uo,n-l,r-l	1
孤立无助	gū lì wú zhù	61014	z-zh,n-l,r-l	1
孤苦零丁	gū kǔ líng dīng	61015	in-ing,n-l,r-l	1
孤行一意	gū xíng yī yì	61017	in-ing,j-q-x	1
孤行己意	gū xíng jǐ yì	61018	in-ing,j-q-x	1
孤行己见	gū xíng jǐ jiàn	61019	in-ing,ian-iang,j-q-x	1
孤身只影	gū shēn zhī yǐng	61020	en-eng,in-ing,z-zh,s-sh	1
孤雌生殖	gū cí shēng zhí	61021	en-eng,z-zh,c-ch,s-sh	1
学如不及	xué rú bù jí	61023	r-l,j-q-x	1
学如登山	xué rú dēng shān	61024	en-eng,an-ang,s-sh,r-l,j-q-x	1
学浅才疏	xué qiǎn cái shū	61026	ian-iang,ai-ei,c-ch,s-sh,j-q-x	1
学疏才浅	xué shū cái qiǎn	61027	ian-iang,ai-ei,c-ch,s-sh,j-q-x	1
学识渊博	xué shí yuān bó	61028	uan-uang,s-sh,j-q-x	1
孳孳不倦	zī zī bù juàn	61030	uan-uang,z-zh,j-q-x	3
孳蔓难图	zī màn nán tú	61031	an-ang,z-zh,n-l	3
孽障种子	niè zhàng zhǒng zǐ	61032	an-ang,ia-ie,z-zh,n-l	1
宁为玉碎	nìng wéi yù suì	61033	in-ing,ai-ei,s-sh,n-l	1
宁折不弯	nìng zhé bù wān	61037	in-ing,an-ang,z-zh,n-l	1
宁曲勿折	níng qū wù zhé	61038	in-ing,z-zh,n-l,j-q-x	1
宁死不辱	níng sǐ bù rǔ	61039	in-ing,s-sh,n-l,r-l	1
宁缺勿滥	nìng quē wù làn	61040	in-ing,an-ang,n-l,r-l,j-q-x	1
它山之石	tā shān zhī shí	61044	an-ang,z-zh,s-sh	1
宅中图大	zhái zhōng tú dà	61045	ai-ei,z-zh	1
宇宙空间	yǔ zhòu kōng jiān	61047	ian-iang,ao-ou,z-zh,j-q-x	1
宇宙速度	yǔ zhòu sù dù	61048	ao-ou,z-zh,s-sh	1
守先待后	shǒu xiān dài hòu	61049	ian-iang,ai-ei,ao-ou,s-sh,h-f,j-q-x	1
守分安常	shǒu fēn ān cháng	61051	en-eng,an-ang,ao-ou,c-ch,s-sh,h-f	1
守土有责	shǒu tǔ yǒu zé	61052	ao-ou,z-zh,s-sh	1
守正不回	shǒu zhèng bù huí	61053	en-eng,ao-ou,z-zh,s-sh,h-f	1
守正不挠	shǒu zhèng bù náo	61054	en-eng,ao-ou,z-zh,s-sh,n-l	1
守正不桡	shǒu zhèng bù ráo	61055	en-eng,ao-ou,z-zh,s-sh,r-l	3
守正不阿	shǒu zhèng bù ē	61056	en-eng,ao-ou,z-zh,s-sh	1
守约施搏	shǒu yuē shī bó	61057	ao-ou,s-sh	1
守节不移	shǒu jié bù yí	61058	ao-ou,ia-ie,s-sh,j-q-x	1
守阙抱残	shǒu què bào cán	61060	an-ang,ao-ou,c-ch,s-sh,j-q-x	3
安不忘危	ān bù wàng wēi	61062	an-ang,ai-ei	1
安之若命	ān zhī ruò mìng	61063	in-ing,an-ang,ua-uo,z-zh,r-l	1
安于盘石	ān yú pán shí	61064	an-ang,s-sh	1
安份守己	ān fèn shǒu jǐ	61065	en-eng,an-ang,ao-ou,s-sh,h-f,j-q-x	1
安全电压	ān quán diàn yā	61066	an-ang,ian-iang,uan-uang,j-q-x	1
安内攘外	ān nèi rǎng wài	61067	an-ang,ai-ei,n-l,r-l	3
安分知足	ān fèn zhī zú	61068	en-eng,an-ang,z-zh,h-f	1
安危与共	ān wēi yǔ gòng	61069	an-ang,ai-ei	1
安危相易	ān wēi xiāng yì	61070	an-ang,ian-iang,ai-ei,j-q-x	1
安国宁家	ān guó níng jiā	61072	in-ing,an-ang,ia-ie,ua-uo,n-l,j-q-x	1
安土乐业	ān tǔ lè yè	61073	an-ang,n-l,r-l	1
安土重居	ān tǔ zhòng jū	61074	an-ang,z-zh,j-q-x	1
安土重旧	ān tǔ zhòng jiù	61075	an-ang,z-zh,j-q-x	1
安圭拉岛	ān guī lā dǎo	61076	an-ang,ao-ou,n-l,r-l	3
安坐待毙	ān zuò dài bì	61077	an-ang,ai-ei,ua-uo,z-zh	1
安堵乐业	ān dǔ lè yè	61078	an-ang,n-l,r-l	1
安宅正路	ān zhái zhèng lù	61079	en-eng,an-ang,ai-ei,z-zh,n-l,r-l	1
安定团结	ān dìng tuán jié	61080	in-ing,an-ang,uan-uang,ia-ie,j-q-x	1
安室利处	ān shì lì chù	61081	an-ang,c-ch,s-sh,n-l,r-l	1
安家乐业	ān jiā lè yè	61082	an-ang,ia-ie,n-l,r-l,j-q-x	1
安常处顺	ān cháng chǔ shùn	61083	an-ang,c-ch,s-sh	1
安常守分	ān cháng shǒu fèn	61084	en-eng,an-ang,ao-ou,c-ch,s-sh,h-f	1
安心乐业	ān xīn lè yè	61086	in-ing,an-ang,n-l,r-l,j-q-x	1
安心乐意	ān xīn lè yì	61087	in-ing,an-ang,n-l,r-l,j-q-x	1
安心落意	ān xīn luò yì	61088	in-ing,an-ang,ua-uo,n-l,r-l,j-q-x	1
安忍无亲	ān rěn wú qīn	61089	en-eng,in-ing,an-ang,r-l,j-q-x	1
安故重迁	ān gù zhòng qiān	61092	an-ang,ian-iang,z-zh,j-q-x	1
安时处顺	ān shí chǔ shùn	61093	an-ang,c-ch,s-sh	1
安生乐业	ān shēng lè yè	61094	en-eng,an-ang,s-sh,n-l,r-l	1
安生服业	ān shēng fú yè	61095	en-eng,an-ang,s-sh,h-f	1
安老怀少	ān lǎo huái shào	61096	an-ang,ao-ou,s-sh,n-l,h-f,r-l	1
安良除暴	ān liáng chú bào	61097	an-ang,ian-iang,ao-ou,c-ch,n-l,r-l	1
安若泰山	ān ruò tài shān	61098	an-ang,ai-ei,ua-uo,s-sh,r-l	1
安贫乐贱	ān pín lè jiàn	61099	in-ing,an-ang,ian-iang,n-l,r-l,j-q-x	1
安身为乐	ān shēn wéi lè	61100	en-eng,an-ang,ai-ei,s-sh,n-l,r-l	1
安身之地	ān shēn zhī dì	61101	en-eng,an-ang,z-zh,s-sh	1
安身之处	ān shēn zhī chù	61102	en-eng,an-ang,z-zh,c-ch,s-sh	1
安身乐业	ān shēn lè yè	61103	en-eng,an-ang,s-sh,n-l,r-l	1
安车蒲轮	ān chē pú lún	61104	an-ang,c-ch,n-l,r-l	1
安闲自得	ān xián zì dé	61105	an-ang,ian-iang,z-zh,j-q-x	1
宋斤鲁削	sòng jīn lǔ xuē	61107	in-ing,s-sh,n-l,r-l,j-q-x	1
完事大吉	wán shì dà jí	61109	an-ang,s-sh,j-q-x	1
完名全节	wán míng quán jié	61110	in-ing,an-ang,uan-uang,ia-ie,j-q-x	1
完好无缺	wán hǎo wú quē	61111	an-ang,ao-ou,h-f,j-q-x	1
宏图大志	hóng tú dà zhì	61113	z-zh,h-f	1
宏才大略	hóng cái dà lüè	61114	ai-ei,c-ch,n-l,h-f,r-l	1
宏材大略	hóng cái dà lüè	61115	ai-ei,c-ch,n-l,h-f,r-l	1
宏观世界	hóng guān shì jiè	61116	uan-uang,ia-ie,s-sh,h-f,j-q-x	1
官场如戏	guān chǎng rú xì	61121	an-ang,uan-uang,c-ch,r-l,j-q-x	1
官官相为	guān guān xiāng wéi	61122	ian-iang,uan-uang,ai-ei,j-q-x	1
官官相卫	guān guān xiāng wèi	61123	ian-iang,uan-uang,ai-ei,j-q-x	1
官情纸薄	guān qíng zhǐ báo	61125	in-ing,uan-uang,ao-ou,z-zh,j-q-x	1
官报私仇	guān bào sī chóu	61126	uan-uang,ao-ou,c-ch,s-sh	1
官止神行	guān zhǐ shén xíng	61129	en-eng,in-ing,uan-uang,z-zh,s-sh,j-q-x	1
定乱扶衰	dìng luàn fú shuāi	61132	in-ing,uan-uang,s-sh,n-l,h-f,r-l	1
定性分析	dìng xìng fēn xī	61138	en-eng,in-ing,h-f,j-q-x	1
定量分析	dìng liàng fēn xī	61143	en-eng,in-ing,ian-iang,n-l,h-f,r-l,j-q-x	1
宛转悠扬	wǎn zhuǎn yōu yáng	61147	an-ang,uan-uang,ao-ou,z-zh	1
宛转蛾眉	wǎn zhuǎn é méi	61148	an-ang,uan-uang,ai-ei,z-zh	1
宜室宜家	yí shì yí jiā	61149	ia-ie,s-sh,j-q-x	1
宜家宜室	yí jiā yí shì	61150	ia-ie,s-sh,j-q-x	1
宝刀不老	bǎo dāo bù lǎo	61151	ao-ou,n-l,r-l	1
宝山空回	bǎo shān kōng huí	61153	an-ang,ao-ou,s-sh,h-f	1
宝马香车	bǎo mǎ xiāng chē	61156	ian-iang,ao-ou,c-ch,j-q-x	1
实与有力	shí yù yǒu lì	61157	ao-ou,s-sh,n-l,r-l	1
实物地租	shí wù dì zū	61159	z-zh,s-sh	1
实繁有徒	shí fán yǒu tú	61161	an-ang,ao-ou,s-sh,h-f	1
实蕃有徒	shí fān yǒu tú	61163	an-ang,ao-ou,s-sh,h-f	3
实逼处此	shí bī chǔ cǐ	61164	c-ch,s-sh	1
宠辱若惊	chǒng rǔ ruò jīng	61165	in-ing,ua-uo,c-ch,r-l,j-q-x	1
审几度势	shěn jǐ dù shì	61166	en-eng,s-sh,j-q-x	1
审己度人	shěn jǐ duó rén	61167	en-eng,ua-uo,s-sh,r-l,j-q-x	1
审曲面势	shěn qǔ miàn shì	61169	en-eng,ian-iang,s-sh,j-q-x	1
宣化承流	xuān huà chéng liú	61176	en-eng,uan-uang,ua-uo,c-ch,n-l,h-f,r-l,j-q-x	1
室如县罄	shì rú xiàn qìng	61179	in-ing,ian-iang,s-sh,r-l,j-q-x	3
室迩人远	shì ěr rén yuǎn	61180	en-eng,uan-uang,s-sh,r-l	3
宦海风波	huàn hǎi fēng bō	61181	en-eng,uan-uang,ai-ei,h-f	1
宫车晏驾	gōng chē yàn jià	61186	an-ang,ia-ie,c-ch,j-q-x	3
宰鸡教猴	zǎi jī jiào hóu	61188	ai-ei,ao-ou,z-zh,h-f,j-q-x	1
害人不浅	hài rén bù qiǎn	61189	en-eng,ian-iang,ai-ei,h-f,r-l,j-q-x	1
宴安鸠毒	yàn ān jiū dú	61191	an-ang,j-q-x	3
宴安鸩毒	yàn ān zhèn dú	61192	en-eng,an-ang,z-zh	3
宵旰图治	xiāo gàn tú zhì	61194	an-ang,z-zh,j-q-x	3
宵旰忧劳	xiāo gàn yōu láo	61195	an-ang,ao-ou,n-l,r-l,j-q-x	3
宵旰忧勤	xiāo gàn yōu qín	61196	in-ing,an-ang,ao-ou,j-q-x	3
宵旰焦劳	xiāo gàn jiāo láo	61197	an-ang,ao-ou,n-l,r-l,j-q-x	3
宵鱼垂化	xiāo yú chuí huà	61198	ua-uo,c-ch,h-f,j-q-x	1
家亡国破	jiā wáng guó pò	61200	an-ang,ia-ie,ua-uo,j-q-x	1
家传人诵	jiā chuán rén sòng	61203	en-eng,uan-uang,ia-ie,c-ch,s-sh,r-l,j-q-x	1
家传户诵	jiā chuán hù sòng	61204	uan-uang,ia-ie,c-ch,s-sh,h-f,j-q-x	1
家传户颂	jiā chuán hù sòng	61205	uan-uang,ia-ie,c-ch,s-sh,h-f,j-q-x	1
家反宅乱	jiā fǎn zhái luàn	61209	an-ang,uan-uang,ai-ei,ia-ie,z-zh,n-l,h-f,r-l,j-q-x	1
家喻户习	jiā yù hù xí	61210	ia-ie,h-f,j-q-x	1
家学渊源	jiā xué yuān yuán	61214	uan-uang,ia-ie,j-q-x	1
家常便饭	jiā cháng biàn fàn	61216	an-ang,ian-iang,ia-ie,c-ch,h-f,j-q-x	1
家常茶饭	jiā cháng chá fàn	61217	an-ang,ia-ie,c-ch,h-f,j-q-x	1
家常里短	jiā cháng lǐ duǎn	61219	an-ang,uan-uang,ia-ie,c-ch,n-l,r-l,j-q-x	1
家庭教师	jiā tíng jiào shī	61221	in-ing,ia-ie,s-sh,j-q-x	1
家弦户诵	jiā xián hù sòng	61223	ian-iang,ia-ie,s-sh,h-f,j-q-x	1
家徒壁立	jiā tú bì lì	61224	ia-ie,n-l,r-l,j-q-x	1
家成业就	jiā chéng yè jiù	61225	en-eng,ia-ie,c-ch,j-q-x	1
家散人亡	jiā sàn rén wáng	61226	en-eng,an-ang,ia-ie,s-sh,r-l,j-q-x	1
家无二主	jiā wú èr zhǔ	61227	ia-ie,z-zh,j-q-x	1
家无儋石	jiā wú dàn shí	61228	an-ang,ia-ie,s-sh,j-q-x	3
家无常礼	jiā wú cháng lǐ	61229	an-ang,ia-ie,c-ch,n-l,r-l,j-q-x	1
家无担石	jiā wú dàn shí	61230	an-ang,ia-ie,s-sh,j-q-x	1
家无斗储	jiā wú dòu chǔ	61231	ao-ou,ia-ie,c-ch,j-q-x	1
家殷人足	jiā yīn rén zú	61232	en-eng,in-ing,ia-ie,z-zh,r-l,j-q-x	1
家烦宅乱	jiā fán zhái luàn	61233	an-ang,uan-uang,ai-ei,ia-ie,z-zh,n-l,h-f,r-l,j-q-x	1
家用电器	jiā yòng diàn qì	61235	ian-iang,ia-ie,j-q-x	1
家破人离	jiā pò rén lí	61236	en-eng,ia-ie,n-l,r-l,j-q-x	1
家破身亡	jiā pò shēn wáng	61237	en-eng,an-ang,ia-ie,s-sh,j-q-x	1
家累千金	jiā lèi qiān jīn	61242	in-ing,ian-iang,ai-ei,ia-ie,n-l,r-l,j-q-x	1
家给人足	jiā jǐ rén zú	61243	en-eng,ia-ie,z-zh,r-l,j-q-x	1
家给户足	jiā jǐ hù zú	61244	ia-ie,z-zh,h-f,j-q-x	1
家给民足	jiā jǐ mín zú	61245	in-ing,ia-ie,z-zh,j-q-x	1
家翻宅乱	jiā fān zhái luàn	61247	an-ang,uan-uang,ai-ei,ia-ie,z-zh,n-l,h-f,r-l,j-q-x	1
家至人说	jiā zhì rén shuō	61249	en-eng,ia-ie,ua-uo,z-zh,s-sh,r-l,j-q-x	1
家至户到	jiā zhì hù dào	61250	ao-ou,ia-ie,z-zh,h-f,j-q-x	1
家至户察	jiā zhì hù chá	61251	ia-ie,z-zh,c-ch,h-f,j-q-x	1
家至户晓	jiā zhì hù xiǎo	61252	ia-ie,z-zh,h-f,j-q-x	1
家藏户有	jiā cáng hù yǒu	61253	an-ang,ao-ou,ia-ie,c-ch,h-f,j-q-x	1
家见户说	jiā jiàn hù shuō	61255	ian-iang,ia-ie,ua-uo,s-sh,h-f,j-q-x	1
家谕户晓	jiā yù hù xiǎo	61256	ia-ie,h-f,j-q-x	3
家败人亡	jiā bài rén wáng	61257	en-eng,an-ang,ai-ei,ia-ie,r-l,j-q-x	1
家贫亲老	jiā pín qīn lǎo	61258	in-ing,ao-ou,ia-ie,n-l,r-l,j-q-x	1
家贫如洗	jiā pín rú xǐ	61259	in-ing,ia-ie,r-l,j-q-x	1
家贼难防	jiā zéi nán fáng	61260	an-ang,ai-ei,ia-ie,z-zh,n-l,h-f,j-q-x	1
家道中落	jiā dào zhōng luò	61261	ao-ou,ia-ie,ua-uo,z-zh,n-l,r-l,j-q-x	1
家道从容	jiā dào cóng róng	61262	ao-ou,ia-ie,c-ch,r-l,j-q-x	1
家道小康	jiā dào xiǎo kāng	61263	an-ang,ao-ou,ia-ie,j-q-x	1
家道消乏	jiā dào xiāo fá	61264	ao-ou,ia-ie,h-f,j-q-x	1
家长礼短	jiā cháng lǐ duǎn	61266	an-ang,uan-uang,ia-ie,c-ch,n-l,r-l,j-q-x	1
家骥人璧	jiā jì rén bì	61269	en-eng,ia-ie,r-l,j-q-x	3
家鸡野雉	jiā jī yě zhì	61271	ia-ie,z-zh,j-q-x	3
家鸡野鹜	jiā jī yě wù	61272	ia-ie,j-q-x	3
容头过身	róng tóu guò shēn	61273	en-eng,ao-ou,ua-uo,s-sh,r-l	1
容膝之地	róng xī zhī dì	61274	z-zh,r-l,j-q-x	1
宽仁大度	kuān rén dà dù	61275	en-eng,uan-uang,r-l	1
宽宏大度	kuān hóng dà dù	61277	uan-uang,h-f	1
宽怀大度	kuān huái dà dù	61278	uan-uang,h-f	1
宽打窄用	kuān dǎ zhǎi yòng	61279	uan-uang,ai-ei,z-zh	1
宽洪大度	kuān hóng dà dù	61280	uan-uang,h-f	1
宽洪大量	kuān hóng dà liàng	61281	ian-iang,uan-uang,n-l,h-f,r-l	1
宽洪海量	kuān hóng hǎi liàng	61282	ian-iang,uan-uang,ai-ei,n-l,h-f,r-l	1
宽猛并济	kuān měng bìng jì	61283	en-eng,in-ing,uan-uang,j-q-x	1
宽猛相济	kuān měng xiāng jì	61284	en-eng,ian-iang,uan-uang,j-q-x	1
宽豁大度	kuān huō dà dù	61286	uan-uang,ua-uo,h-f	1
宿学旧儒	sù xué jiù rú	61289	s-sh,r-l,j-q-x	1
宿弊一清	sù bì yī qīng	61290	in-ing,s-sh,j-q-x	1
宿水餐风	xiǔ shuǐ cān fēng	61291	en-eng,an-ang,c-ch,s-sh,h-f,j-q-x	1
宿雨餐风	xiǔ yǔ cān fēng	61292	en-eng,an-ang,c-ch,h-f,j-q-x	1
寂天寞地	jì tiān mò dì	61293	ian-iang,j-q-x	1
寂然不动	jì rán bù dòng	61294	an-ang,r-l,j-q-x	1
寂若无人	jì ruò wú rén	61295	en-eng,ua-uo,r-l,j-q-x	1
寄兴寓情	jì xìng yù qíng	61296	in-ing,j-q-x	1
寄雁传书	jì yàn chuán shū	61297	an-ang,uan-uang,c-ch,s-sh,j-q-x	1
密不通风	mì bù tōng fēng	61298	en-eng,h-f	1
密云不雨	mì yún bù yǔ	61299		1
密约偷期	mì yuē tōu qī	61301	ao-ou,j-q-x	1
富可敌国	fù kě dí guó	61302	ua-uo,h-f	1
富商巨贾	fù shāng jù gǔ	61303	an-ang,s-sh,h-f,j-q-x	1
富商蓄贾	fù shāng xù jiǎ	61304	an-ang,ia-ie,s-sh,h-f,j-q-x	1
富国强民	fù guó qiáng mín	61305	in-ing,ian-iang,ua-uo,h-f,j-q-x	1
富在知足	fù zài zhī zú	61306	ai-ei,z-zh,h-f	1
富埒王侯	fù liè wáng hóu	61307	an-ang,ao-ou,ia-ie,n-l,h-f,r-l	3
富室大家	fù shì dà jiā	61308	ia-ie,s-sh,h-f,j-q-x	1
富家大室	fù jiā dà shì	61310	ia-ie,s-sh,h-f,j-q-x	1
富家巨室	fù jiā jù shì	61311	ia-ie,s-sh,h-f,j-q-x	1
富富有余	fù fù yǒu yú	61312	ao-ou,h-f	1
富营养化	fù yíng yǎng huà	61314	in-ing,an-ang,ua-uo,h-f	1
富裕中农	fù yù zhōng nóng	61315	z-zh,n-l,h-f	1
富贵不淫	fù guì bù yín	61316	in-ing,h-f	1
富贵荣华	fù guì róng huá	61317	ua-uo,h-f,r-l	1
富轹万古	fù lì wàn gǔ	61319	an-ang,n-l,h-f,r-l	5
寒木春华	hán mù chūn huá	61323	an-ang,ua-uo,c-ch,h-f	1
寒泉之思	hán quán zhī sī	61325	an-ang,uan-uang,z-zh,s-sh,h-f,j-q-x	1
寒灰更然	hán huī gèng rán	61326	en-eng,an-ang,h-f,r-l	1
寒腹短识	hán fù duǎn shí	61327	an-ang,uan-uang,s-sh,h-f	1
寒花晚节	hán huā wǎn jié	61328	an-ang,ia-ie,ua-uo,h-f,j-q-x	1
寒蝉凄切	hán chán qī qiè	61329	an-ang,ia-ie,c-ch,h-f,j-q-x	1
寒酸落魄	hán suān luò pò	61330	an-ang,uan-uang,ua-uo,s-sh,n-l,h-f,r-l	1
寒风侵肌	hán fēng qīn jī	61332	en-eng,in-ing,an-ang,h-f,j-q-x	1
寓情于景	yù qíng yú jǐng	61333	in-ing,j-q-x	1
寓意深远	yù yì shēn yuǎn	61334	en-eng,uan-uang,s-sh	1
寓意深长	yù yì shēn cháng	61335	en-eng,an-ang,c-ch,s-sh	1
寝不安席	qǐn bù ān xí	61336	in-ing,an-ang,j-q-x	1
寝不成寐	qǐn bù chéng mèi	61337	en-eng,in-ing,ai-ei,c-ch,j-q-x	3
寝不聊寐	qǐn bù liáo mèi	61338	in-ing,ai-ei,n-l,r-l,j-q-x	3
寝关曝纩	qǐn guān pù kuàng	61339	in-ing,uan-uang,j-q-x	5
寝皮食肉	qǐn pí shí ròu	61340	in-ing,ao-ou,s-sh,r-l,j-q-x	1
寝苫枕土	qǐn shān zhěn tǔ	61341	en-eng,in-ing,an-ang,z-zh,s-sh,j-q-x	3
寝苫枕块	qǐn shān zhěn kuài	61342	en-eng,in-ing,an-ang,z-zh,s-sh,j-q-x	3
寝苫枕干	qǐn shān zhěn gàn	61343	en-eng,in-ing,an-ang,z-zh,s-sh,j-q-x	3
寝苫枕戈	qǐn shān zhěn gē	61344	en-eng,in-ing,an-ang,z-zh,s-sh,j-q-x	3
寝苫枕草	qǐn shān zhěn cǎo	61345	en-eng,in-ing,an-ang,ao-ou,z-zh,c-ch,s-sh,j-q-x	3
寝食俱废	qǐn shí jù fèi	61347	in-ing,ai-ei,s-sh,h-f,j-q-x	1
察今知古	chá jīn zhī gǔ	61348	in-ing,z-zh,c-ch,j-q-x	1
察察为明	chá chá wéi míng	61349	in-ing,ai-ei,c-ch	1
察己知人	chá jǐ zhī rén	61350	en-eng,z-zh,c-ch,r-l,j-q-x	1
察见渊鱼	chá jiàn yuān yú	61351	ian-iang,uan-uang,c-ch,j-q-x	1
察言观行	chá yán guān xíng	61352	in-ing,an-ang,uan-uang,c-ch,j-q-x	1
察颜观色	chá yán guān sè	61353	an-ang,uan-uang,c-ch,s-sh	1
寡不胜众	guǎ bù shèng zhòng	61354	en-eng,ua-uo,z-zh,s-sh	1
寡二少双	guǎ èr shǎo shuāng	61355	uan-uang,ao-ou,ua-uo,s-sh	1
寡信轻诺	guǎ xìn qīng nuò	61356	in-ing,ua-uo,n-l,j-q-x	1
寡凫单鹄	guǎ fú dān hú	61357	an-ang,ua-uo,h-f	3
寡头政治	guǎ tóu zhèng zhì	61358	en-eng,ao-ou,ua-uo,z-zh	1
寡情薄意	guǎ qíng báo yì	61360	in-ing,ao-ou,ua-uo,j-q-x	1
寡见少闻	guǎ jiàn shǎo wén	61361	en-eng,ian-iang,ao-ou,ua-uo,s-sh,j-q-x	1
寡见鲜闻	guǎ jiàn xiǎn wén	61362	en-eng,ian-iang,ua-uo,j-q-x	1
寡闻少见	guǎ wén shǎo jiàn	61363	en-eng,ian-iang,ao-ou,ua-uo,s-sh,j-q-x	1
寥寥可数	liáo liáo kě shǔ	61364	s-sh,n-l,r-l	1
寥寥数语	liáo liáo shù yǔ	61365	s-sh,n-l,r-l	1
寸丝不挂	cùn sī bù guà	61366	ua-uo,c-ch,s-sh	1
寸兵尺铁	cùn bīng chǐ tiě	61367	in-ing,ia-ie,c-ch	1
寸利必得	cùn lì bì dé	61368	c-ch,n-l,r-l	1
寸善片长	cùn shàn piàn cháng	61369	an-ang,ian-iang,c-ch,s-sh	1
寸土不让	cùn tǔ bù ràng	61370	an-ang,c-ch,r-l	1
寸土尺地	cùn tǔ chǐ dì	61371	c-ch	1
寸土尺金	cùn tǔ chǐ jīn	61372	in-ing,c-ch,j-q-x	1
寸地尺天	cùn dì chǐ tiān	61373	ian-iang,c-ch	1
寸有所长	cùn yǒu suǒ cháng	61374	an-ang,ao-ou,ua-uo,c-ch,s-sh	1
寸步难移	cùn bù nán yí	61376	an-ang,c-ch,n-l	1
寸田尺宅	cùn tián chǐ zhái	61377	ian-iang,ai-ei,z-zh,c-ch	1
寸男尺女	cùn nán chǐ nǚ	61378	an-ang,c-ch,n-l	1
寸积铢累	cùn jī zhū lěi	61379	ai-ei,z-zh,c-ch,n-l,r-l,j-q-x	3
寸草衔结	cùn cǎo xián jié	61380	ian-iang,ao-ou,ia-ie,c-ch,j-q-x	1
寸蹄尺缣	cùn tí chǐ jiān	61381	ian-iang,c-ch,j-q-x	3
寸进尺退	cùn jìn chǐ tuì	61382	in-ing,c-ch,j-q-x	1
寸量铢称	cùn liáng zhū chēng	61383	en-eng,ian-iang,z-zh,c-ch,n-l,r-l	3
寸长尺技	cùn cháng chǐ jì	61384	an-ang,c-ch,j-q-x	1
寸长尺短	cùn cháng chǐ duǎn	61385	an-ang,uan-uang,c-ch	1
寸长片善	cùn cháng piàn shàn	61386	an-ang,ian-iang,c-ch,s-sh	1
寸阴尺璧	cùn yīn chǐ bì	61387	in-ing,c-ch	1
寸阴若岁	cùn yīn ruò suì	61388	in-ing,ua-uo,c-ch,s-sh,r-l	1
对头冤家	duì tóu yuān jiā	61390	uan-uang,ao-ou,ia-ie,j-q-x	1
对床夜语	duì chuáng yè yǔ	61391	uan-uang,c-ch	1
对床夜雨	duì chuáng yè yǔ	61392	uan-uang,c-ch	1
对床风雨	duì chuáng fēng yǔ	61393	en-eng,uan-uang,c-ch,h-f	1
对景伤情	duì jǐng shāng qíng	61395	in-ing,an-ang,s-sh,j-q-x	1
对景挂画	duì jǐng guà huà	61396	in-ing,ua-uo,h-f,j-q-x	1
对症之药	duì zhèng zhī yào	61397	en-eng,ao-ou,z-zh	1
对症发药	duì zhèng fā yào	61398	en-eng,ao-ou,z-zh,h-f	1
对空射击	duì kōng shè jī	61401	s-sh,j-q-x	1
对薄公堂	duì bù gōng táng	61403	an-ang	1
对酒当歌	duì jiǔ dāng gē	61404	an-ang,j-q-x	1
寻枝摘叶	xún zhī zhāi yè	61406	ai-ei,z-zh,j-q-x	1
寻根追底	xún gēn zhuī dǐ	61407	en-eng,z-zh,j-q-x	1
寻根问底	xún gēn wèn dǐ	61408	en-eng,j-q-x	1
寻瑕伺隙	xún xiá sì xì	61409	ia-ie,s-sh,j-q-x	3
寻行数墨	xún háng shǔ mò	61410	an-ang,s-sh,h-f,j-q-x	1
寻行逐队	xún xíng zhú duì	61411	in-ing,z-zh,j-q-x	1
寻风捉影	xún fēng zhuō yǐng	61412	en-eng,in-ing,ua-uo,z-zh,h-f,j-q-x	1
导弹基地	dǎo dàn jī dì	61413	an-ang,ao-ou,j-q-x	1
导德齐礼	dǎo dé qí lǐ	61415	ao-ou,n-l,r-l,j-q-x	1
寿不压职	shòu bù yā zhí	61416	ao-ou,z-zh,s-sh	1
寿元无量	shòu yuán wú liàng	61417	ian-iang,uan-uang,ao-ou,s-sh,n-l,r-l	1
封官许原	fēng guān xǔ yuán	61421	en-eng,uan-uang,h-f,j-q-x	1
封建制度	fēng jiàn zhì dù	61422	en-eng,ian-iang,z-zh,h-f,j-q-x	1
封建割据	fēng jiàn gē jù	61423	en-eng,ian-iang,h-f,j-q-x	1
封建把头	fēng jiàn bǎ tóu	61424	en-eng,ian-iang,ao-ou,h-f,j-q-x	1
封建社会	fēng jiàn shè huì	61425	en-eng,ian-iang,s-sh,h-f,j-q-x	1
封豕长蛇	fēng shǐ cháng shé	61430	en-eng,an-ang,c-ch,s-sh,h-f	3
封豨修蛇	fēng xī xiū shé	61431	en-eng,s-sh,h-f,j-q-x	3
射像止啼	shè xiàng zhǐ tí	61432	ian-iang,z-zh,s-sh,j-q-x	1
射利沽名	shè lì gū míng	61433	in-ing,s-sh,n-l,r-l	1
射影含沙	shè yǐng hán shā	61436	in-ing,an-ang,s-sh,h-f	1
射石饮羽	shè shí yǐn yǔ	61438	in-ing,s-sh	1
射鱼指天	shè yú zhǐ tiān	61439	ian-iang,z-zh,s-sh	1
将伯之助	qiāng bó zhī zhù	61440	ian-iang,z-zh,j-q-x	1
将伯之呼	qiāng bó zhī hū	61441	ian-iang,z-zh,h-f,j-q-x	1
将功折罪	jiāng gōng zhé zuì	61444	ian-iang,z-zh,j-q-x	1
将功折过	jiāng gōng shé guò	61445	ian-iang,ua-uo,s-sh,j-q-x	1
将功抵罪	jiāng gōng dǐ zuì	61446	ian-iang,z-zh,j-q-x	1
将勤补拙	jiāng qín bǔ zhuō	61447	in-ing,ian-iang,ua-uo,z-zh,j-q-x	1
将取固予	jiāng qǔ gù yǔ	61448	ian-iang,j-q-x	1
将天就地	jiāng tiān jiù dì	61449	ian-iang,j-q-x	1
将夺固与	jiāng duó gù yǔ	61450	ian-iang,ua-uo,j-q-x	1
将无作有	jiāng wú zuò yǒu	61454	ian-iang,ao-ou,ua-uo,z-zh,j-q-x	1
将无做有	jiāng wú zuò yǒu	61455	ian-iang,ao-ou,ua-uo,z-zh,j-q-x	1
将本求利	jiāng běn qiú lì	61456	en-eng,ian-iang,n-l,r-l,j-q-x	1
将本求财	jiāng běn qiú cái	61457	en-eng,ian-iang,ai-ei,c-ch,j-q-x	1
将机就机	jiāng jī jiù jī	61458	ian-iang,j-q-x	1
将机就计	jiāng jī jiù jì	61459	ian-iang,j-q-x	1
将李代桃	jiāng lǐ dài táo	61460	ian-iang,ai-ei,ao-ou,n-l,r-l,j-q-x	1
将相之器	jiàng xiàng zhī qì	61463	ian-iang,z-zh,j-q-x	1
将胸比肚	jiāng xiōng bǐ dù	61464	ian-iang,j-q-x	1
将虾钓鳖	jiāng xiā diào biē	61465	ian-iang,ia-ie,j-q-x	1
将遇良材	jiàng yù liáng cái	61467	ian-iang,ai-ei,c-ch,n-l,r-l,j-q-x	1
将门有将	jiàng mén yǒu jiàng	61468	en-eng,ian-iang,ao-ou,j-q-x	1
将门虎子	jiàng mén hǔ zǐ	61469	en-eng,ian-iang,z-zh,h-f,j-q-x	1
将顺其美	jiāng shùn qí měi	61470	ian-iang,ai-ei,s-sh,j-q-x	1
将飞翼伏	jiāng fēi yì fú	61471	ian-iang,ai-ei,h-f,j-q-x	1
尊主泽民	zūn zhǔ zé mín	61474	in-ing,z-zh	1
尊俎折冲	zūn zǔ zhé chōng	61475	z-zh,c-ch	3
尊无二上	zūn wú èr shàng	61476	an-ang,z-zh,s-sh	1
尊贤使能	zūn xián shǐ néng	61477	en-eng,ian-iang,z-zh,s-sh,n-l,j-q-x	1
小不点儿	xiǎo bù diǎn er	61479	ian-iang,j-q-x	1
小丑跳梁	xiǎo chǒu tiào liáng	61480	ian-iang,ao-ou,c-ch,n-l,r-l,j-q-x	1
小事一件	xiǎo shì yí jiàn	61482	ian-iang,s-sh,j-q-x	1
小农经济	xiǎo nóng jīng jì	61485	in-ing,n-l,j-q-x	1
小受大走	xiǎo shòu dà zǒu	61487	ao-ou,z-zh,s-sh,j-q-x	1
小大由之	xiǎo dà yóu zhī	61489	ao-ou,z-zh,j-q-x	1
小姑独处	xiǎo gū dú chǔ	61491	c-ch,j-q-x	1
小小不言	xiǎo xiǎo bù yán	61495	an-ang,j-q-x	1
小屈大伸	xiǎo qū dà shēn	61497	en-eng,s-sh,j-q-x	1
小屈大申	xiǎo qū dà shēn	61498	en-eng,s-sh,j-q-x	1
小己得失	xiǎo jǐ dé shī	61499	s-sh,j-q-x	1
小康之家	xiǎo kāng zhī jiā	61500	an-ang,ia-ie,z-zh,j-q-x	1
小廉大法	xiǎo lián dà fǎ	61501	ian-iang,n-l,h-f,r-l,j-q-x	1
小廉曲谨	xiǎo lián qǔ jǐn	61502	in-ing,ian-iang,n-l,r-l,j-q-x	1
小异大同	xiǎo yì dà tóng	61503	j-q-x	1
小往大来	xiǎo wǎng dà lái	61504	an-ang,ai-ei,n-l,r-l,j-q-x	1
小惩大诫	xiǎo chéng dà jiè	61505	en-eng,ia-ie,c-ch,j-q-x	1
小时了了	xiǎo shí liǎo liǎo	61507	s-sh,n-l,r-l,j-q-x	1
小枉大直	xiǎo wǎng dà zhí	61509	an-ang,z-zh,j-q-x	1
小眼薄皮	xiǎo yǎn bó pí	61515	an-ang,j-q-x	1
小脚女人	xiǎo jiǎo nǚ rén	61517	en-eng,n-l,r-l,j-q-x	1
小萝卜头	xiǎo luó bo tóu	61518	ao-ou,ua-uo,n-l,r-l,j-q-x	1
小门脸儿	xiǎo mén liǎn er	61522	en-eng,ian-iang,n-l,r-l,j-q-x	1
小题大作	xiǎo tí dà zuò	61523	ua-uo,z-zh,j-q-x	1
小黠大痴	xiǎo xiá dà chī	61525	ia-ie,c-ch,j-q-x	3
少不经事	shào bù jīng shì	61527	in-ing,ao-ou,s-sh,j-q-x	1
少吃俭用	shǎo chī jiǎn yòng	61530	ian-iang,ao-ou,c-ch,s-sh,j-q-x	1
少头缺尾	shǎo tóu quē wěi	61532	ai-ei,ao-ou,s-sh,j-q-x	1
少安无躁	shǎo ān wú zào	61535	an-ang,ao-ou,z-zh,s-sh	1
少小无猜	shào xiǎo wú cāi	61537	ai-ei,ao-ou,c-ch,s-sh,j-q-x	1
少年之家	shào nián zhī jiā	61539	ian-iang,ao-ou,ia-ie,z-zh,s-sh,n-l,j-q-x	1
少年得志	shào nián dé zhì	61540	ian-iang,ao-ou,z-zh,s-sh,n-l	1
少年老诚	shǎo nián lǎo chéng	61541	en-eng,ian-iang,ao-ou,c-ch,s-sh,n-l,r-l	1
少成若性	shào chéng ruò xìng	61545	en-eng,in-ing,ao-ou,ua-uo,c-ch,s-sh,r-l,j-q-x	1
少条失教	shǎo tiáo shī jiào	61546	ao-ou,s-sh,j-q-x	1
少气无力	shǎo qì wú lì	61549	ao-ou,s-sh,n-l,r-l,j-q-x	1
少私寡欲	shǎo sī guǎ yù	61551	ao-ou,ua-uo,s-sh	1
少纵即逝	shǎo zòng jí shì	61552	ao-ou,z-zh,s-sh,j-q-x	1
尖嘴薄舌	jiān zuǐ bó shé	61557	ian-iang,z-zh,s-sh,j-q-x	1
尖言冷语	jiān yán lěng yǔ	61558	en-eng,an-ang,ian-iang,n-l,r-l,j-q-x	1
尖言尖语	jiān yán jiān yǔ	61559	an-ang,ian-iang,j-q-x	1
尚虚中馈	shàng xū zhōng kuì	61563	an-ang,z-zh,s-sh,j-q-x	1
尝鼎一脔	cháng dǐng yì luán	61564	in-ing,an-ang,uan-uang,c-ch,n-l,r-l	3
尧趋舜步	yáo qū shùn bù	61565	ao-ou,s-sh,j-q-x	3
尨眉皓发	máng méi hào fà	61566	an-ang,ai-ei,ao-ou,h-f	5
就棍打腿	jiù gùn dǎ tuǐ	61569	j-q-x	1
就正有道	jiù zhèng yǒu dào	61571	en-eng,ao-ou,z-zh,j-q-x	1
就汤下面	jiù tāng xià miàn	61572	an-ang,ian-iang,ia-ie,j-q-x	1
尸居龙见	shī jū lóng xiàn	61574	ian-iang,s-sh,n-l,r-l,j-q-x	1
尸山血海	shī shān xuè hǎi	61575	an-ang,ai-ei,s-sh,h-f,j-q-x	1
尺二冤家	chǐ èr yuān jia	61576	uan-uang,ia-ie,c-ch,j-q-x	1
尺二秀才	chǐ èr xiù cái	61577	ai-ei,c-ch,j-q-x	1
尺兵寸铁	chǐ bīng cùn tiě	61578	in-ing,ia-ie,c-ch	1
尺寸之功	chǐ cùn zhī gōng	61580	z-zh,c-ch	1
尺寸之地	chǐ cùn zhī dì	61581	z-zh,c-ch	1
尺寸之柄	chǐ cùn zhī bǐng	61582	in-ing,z-zh,c-ch	1
尺寸千里	chǐ cùn qiān lǐ	61583	ian-iang,c-ch,n-l,r-l,j-q-x	1
尺寸可取	chǐ cùn kě qǔ	61584	c-ch,j-q-x	1
尺山寸水	chǐ shān cùn shuǐ	61585	an-ang,c-ch,s-sh	1
尺布斗粟	chǐ bù dǒu sù	61586	ao-ou,c-ch,s-sh	1
尺幅千里	chǐ fú qiān lǐ	61588	ian-iang,c-ch,n-l,h-f,r-l,j-q-x	1
尺幅寸缣	chǐ fú cùn jiān	61589	ian-iang,c-ch,h-f,j-q-x	3
尺有所短	chǐ yǒu suǒ duǎn	61590	uan-uang,ao-ou,ua-uo,c-ch,s-sh	1
尺板斗食	chǐ bǎn dòu shí	61591	an-ang,ao-ou,c-ch,s-sh	1
尺树寸泓	chǐ shù cùn hóng	61592	c-ch,s-sh,h-f	3
尺椽片瓦	chǐ chuán piàn wǎ	61593	ian-iang,uan-uang,c-ch	3
尺步绳趋	chǐ bù shéng qū	61594	en-eng,c-ch,s-sh,j-q-x	1
尺水丈波	chǐ shuǐ zhàng bō	61595	an-ang,z-zh,c-ch,s-sh	1
尺波电谢	chǐ bō diàn xiè	61596	ian-iang,ia-ie,c-ch,j-q-x	1
尺泽之鲵	chǐ zé zhī ní	61598	z-zh,c-ch,n-l	3
尺瑜寸瑕	chǐ yú cùn xiá	61599	ia-ie,c-ch,j-q-x	3
尺短寸长	chǐ duǎn cùn cháng	61600	an-ang,uan-uang,c-ch	1
尺竹伍符	chǐ zhú wǔ fú	61601	z-zh,c-ch,h-f	1
尺籍伍符	chǐ jí wǔ fú	61602	c-ch,h-f,j-q-x	1
尺蠖求伸	chǐ huò qiú shēn	61603	en-eng,ua-uo,c-ch,s-sh,h-f,j-q-x	3
尽付东流	jìn fù dōng liú	61608	in-ing,n-l,h-f,r-l,j-q-x	1
尽入彀中	jìn rù gòu zhōng	61609	in-ing,ao-ou,z-zh,r-l,j-q-x	3
尽其所能	jìn qí suǒ néng	61611	en-eng,in-ing,ua-uo,s-sh,n-l,j-q-x	1
尽其所长	jìn qí suǒ cháng	61612	in-ing,an-ang,ua-uo,c-ch,s-sh,j-q-x	1
尽力而为	jìn lì ér wéi	61613	in-ing,ai-ei,n-l,r-l,j-q-x	1
尽多尽少	jǐn duō jǐn shǎo	61615	in-ing,ao-ou,ua-uo,s-sh,j-q-x	1
尽心尽力	jìn xīn jìn lì	61616	in-ing,n-l,r-l,j-q-x	1
尽忠报国	jìn zhōng bào guó	61617	in-ing,ao-ou,ua-uo,z-zh,j-q-x	1
尽忠竭力	jìn zhōng jié lì	61618	in-ing,ia-ie,z-zh,n-l,r-l,j-q-x	1
尽态极妍	jìn tài jí yán	61619	in-ing,an-ang,ai-ei,j-q-x	3
尽欢而散	jìn huān ér sàn	61623	in-ing,an-ang,uan-uang,s-sh,h-f,j-q-x	1
尽美尽善	jìn měi jìn shàn	61626	in-ing,an-ang,ai-ei,s-sh,j-q-x	1
尽诚竭节	jìn chéng jié jié	61630	en-eng,in-ing,ia-ie,c-ch,j-q-x	1
尾大难掉	wěi dà nán diào	61632	an-ang,ai-ei,n-l	1
尾生之信	wěi shēng zhī xìn	61634	en-eng,in-ing,ai-ei,z-zh,s-sh,j-q-x	1
尾生抱柱	wěi shēng bào zhù	61635	en-eng,ai-ei,ao-ou,z-zh,s-sh	1
尾随不舍	wěi suí bú shè	61641	ai-ei,s-sh	1
尿流屁滚	niào liú pì gǔn	61643	n-l,r-l	1
局地扣天	jú dì kòu tiān	61650	ian-iang,ao-ou,j-q-x	1
局地钥天	jú dì yào tiān	61651	ian-iang,ao-ou,j-q-x	1
局天促地	jú tiān cù dì	61652	ian-iang,c-ch,j-q-x	1
局天扣地	jú tiān kòu dì	61653	ian-iang,ao-ou,j-q-x	1
局天蹐地	jú tiān jí dì	61654	ian-iang,j-q-x	5
层出叠见	céng chū dié jiàn	61658	en-eng,ian-iang,ia-ie,c-ch,j-q-x	1
层出迭见	céng chū dié jiàn	61659	en-eng,ian-iang,ia-ie,c-ch,j-q-x	1
层台累榭	céng tái lěi xiè	61660	en-eng,ai-ei,ia-ie,c-ch,n-l,r-l,j-q-x	3
层见叠出	céng jiàn dié chū	61661	en-eng,ian-iang,ia-ie,c-ch,j-q-x	1
层见迭出	céng xiàn dié chū	61662	en-eng,ian-iang,ia-ie,c-ch,j-q-x	1
层见错出	céng jiàn cuò chū	61663	en-eng,ian-iang,ua-uo,c-ch,j-q-x	1
居下讪上	jū xià shàn shàng	61664	an-ang,ia-ie,s-sh,j-q-x	3
居不重席	jū bù chóng xí	61665	c-ch,j-q-x	1
居不重茵	jū bù chóng yīn	61666	in-ing,c-ch,j-q-x	1
居之不疑	jū zhī bù yí	61667	z-zh,j-q-x	1
居利思义	jū lì sī yì	61668	s-sh,n-l,r-l,j-q-x	1
居大不易	jū dà bù yì	61669	j-q-x	1
居心不良	jū xīn bù liáng	61671	in-ing,ian-iang,n-l,r-l,j-q-x	1
居心险恶	jū xīn xiǎn è	61672	in-ing,ian-iang,j-q-x	1
居轴处中	jū zhóu chǔ zhōng	61673	ao-ou,z-zh,c-ch,j-q-x	1
居重驭轻	jū zhòng yù qīng	61674	in-ing,z-zh,j-q-x	3
屈节辱命	qū jié rǔ mìng	61679	in-ing,ia-ie,r-l,j-q-x	1
屋上建瓴	wū shàng jiàn líng	61681	in-ing,an-ang,ian-iang,s-sh,n-l,r-l,j-q-x	3
屎滚尿流	shǐ gǔn niào liú	61682	s-sh,n-l,r-l	1
屏声息气	bǐng shēng xī qì	61684	en-eng,in-ing,s-sh,j-q-x	1
屏声敛息	bǐng shēng liǎn xī	61685	en-eng,in-ing,ian-iang,s-sh,n-l,r-l,j-q-x	1
屏声静气	bǐng shēng jìng qì	61686	en-eng,in-ing,s-sh,j-q-x	1
屏气凝神	bǐng qì níng shén	61688	en-eng,in-ing,s-sh,n-l,j-q-x	1
屏气吞声	bǐng qì tūn shēng	61689	en-eng,in-ing,s-sh,j-q-x	1
屏气慑息	bǐng qì shè xī	61690	in-ing,s-sh,j-q-x	3
屏气敛息	bǐng qì liǎn xī	61691	in-ing,ian-iang,n-l,r-l,j-q-x	1
屐齿之折	jī chǐ zhī zhé	61694	z-zh,c-ch,j-q-x	3
屙金溺银	ē jīn niào yín	61699	in-ing,n-l,j-q-x	3
属人耳目	shǔ rén ěr mù	61700	en-eng,s-sh,r-l	1
属垣有耳	zhǔ yuán yǒu ěr	61701	uan-uang,ao-ou,z-zh	3
属毛离里	zhǔ máo lí lǐ	61704	ao-ou,z-zh,n-l,r-l	1
属词比事	zhǔ cí bǐ shì	61705	z-zh,c-ch,s-sh	1
属辞比事	zhǔ cí bǐ shì	61706	z-zh,c-ch,s-sh	1
屠所牛羊	tú suǒ niú yáng	61707	an-ang,ua-uo,s-sh,n-l	1
屠毒笔墨	tú dú bǐ mò	61708		1
屠门大嚼	tú mén dà jiáo	61709	en-eng,j-q-x	1
屠龙之伎	tú lóng zhī jì	61710	z-zh,n-l,r-l,j-q-x	3
履信思顺	lǚ xìn sī shùn	61711	in-ing,s-sh,n-l,r-l,j-q-x	1
履机乘变	lǚ jī chéng biàn	61712	en-eng,ian-iang,c-ch,n-l,r-l,j-q-x	1
履汤蹈火	lǚ tāng dǎo huǒ	61713	an-ang,ao-ou,ua-uo,n-l,h-f,r-l	1
履薄临深	lǚ bó lín shēn	61714	en-eng,in-ing,s-sh,n-l,r-l	1
履足差肩	lǚ zú chà jiān	61715	ian-iang,z-zh,c-ch,n-l,r-l,j-q-x	1
履险若夷	lǚ xiǎn ruò yí	61716	ian-iang,ua-uo,n-l,r-l,j-q-x	1
履霜知冰	lǚ shuāng zhī bīng	61717	in-ing,uan-uang,z-zh,s-sh,n-l,r-l	1
屯毛不辨	tún máo bù biàn	61720	ian-iang,ao-ou	1
屯积居奇	tún jī jū qí	61723	j-q-x	1
屯粮积草	tún liáng jī cǎo	61724	ian-iang,ao-ou,c-ch,n-l,r-l,j-q-x	1
屯街塞巷	tún jiē sāi xiàng	61726	ian-iang,ai-ei,ia-ie,s-sh,j-q-x	1
屯蹶否塞	tún juě fǒu sāi	61727	ai-ei,ao-ou,s-sh,h-f,j-q-x	3
山中宰相	shān zhōng zǎi xiàng	61730	an-ang,ian-iang,ai-ei,z-zh,s-sh,j-q-x	1
山公倒载	shān gōng dǎo zǎi	61732	an-ang,ai-ei,ao-ou,z-zh,s-sh	1
山吟泽唱	shān yín zé chàng	61734	in-ing,an-ang,z-zh,c-ch,s-sh	1
山回路转	shān huí lù zhuǎn	61735	an-ang,uan-uang,z-zh,s-sh,n-l,h-f,r-l	1
山头主义	shān tóu zhǔ yì	61737	an-ang,ao-ou,z-zh,s-sh	1
山峙渊渟	shān zhì yuān tíng	61738	in-ing,an-ang,uan-uang,z-zh,s-sh	7
山崩地坼	shān bēng dì chè	61739	en-eng,an-ang,c-ch,s-sh	3
山崩地塌	shān bēng dì tā	61740	en-eng,an-ang,s-sh	1
山崩地陷	shān bēng dì xiàn	61741	en-eng,an-ang,ian-iang,s-sh,j-q-x	1
山崩钟应	shān bēng zhōng yìng	61742	en-eng,in-ing,an-ang,z-zh,s-sh	1
山摇地动	shān yáo dì dòng	61743	an-ang,ao-ou,s-sh	1
山林隐逸	shān lín yǐn yì	61744	in-ing,an-ang,s-sh,n-l,r-l	1
山枯石死	shān kū shí sǐ	61745	an-ang,s-sh	1
山栖谷隐	shān qī gǔ yǐn	61746	in-ing,an-ang,s-sh,j-q-x	1
山栖谷饮	shān qī gǔ yǐn	61747	in-ing,an-ang,s-sh,j-q-x	1
山止川行	shān zhǐ chuān xíng	61748	in-ing,an-ang,uan-uang,z-zh,c-ch,s-sh,j-q-x	1
山水相连	shān shuǐ xiāng lián	61749	an-ang,ian-iang,s-sh,n-l,r-l,j-q-x	1
山溜穿石	shān liù chuān shí	61750	an-ang,uan-uang,c-ch,s-sh,n-l,r-l	1
山积波委	shān jī bō wěi	61752	an-ang,ai-ei,s-sh,j-q-x	1
山童石烂	shān tóng shí làn	61753	an-ang,s-sh,n-l,r-l	1
山节藻棁	shān jié zǎo zhuō	61754	an-ang,ao-ou,ia-ie,ua-uo,z-zh,s-sh,j-q-x	3
山行海宿	shān xíng hǎi xiǔ	61755	in-ing,an-ang,ai-ei,s-sh,h-f,j-q-x	1
山遥水远	shān yáo shuǐ yuǎn	61756	an-ang,uan-uang,ao-ou,s-sh	1
山遥路远	shān yáo lù yuǎn	61757	an-ang,uan-uang,ao-ou,s-sh,n-l,r-l	1
山重水复	shān chóng shuǐ fù	61758	an-ang,c-ch,s-sh,h-f	1
山长水远	shān cháng shuǐ yuǎn	61759	an-ang,uan-uang,c-ch,s-sh	1
山长水阔	shān cháng shuǐ kuò	61760	an-ang,ua-uo,c-ch,s-sh	1
山阴乘兴	shān yīn chéng xīng	61761	en-eng,in-ing,an-ang,c-ch,s-sh,j-q-x	1
山阴道上	shān yīn dào shàng	61762	in-ing,an-ang,ao-ou,s-sh	1
山雨欲来	shān yǔ yù lái	61763	an-ang,ai-ei,s-sh,n-l,r-l	1
山颓木坏	shān tuí mù huài	61764	an-ang,s-sh,h-f	1
山高岭削	shān gāo lǐng xuē	61765	in-ing,an-ang,ao-ou,s-sh,n-l,r-l,j-q-x	1
山高水长	shān gāo shuǐ cháng	61766	an-ang,ao-ou,c-ch,s-sh	1
山鸣谷应	shān míng gǔ yìng	61767	in-ing,an-ang,s-sh	1
岁不我与	suì bù wǒ yǔ	61769	s-sh	1
岁在龙蛇	suì zài lóng shé	61770	ai-ei,z-zh,s-sh,n-l,r-l	1
岁寒松柏	suì hán sōng bǎi	61771	an-ang,ai-ei,s-sh,h-f	1
岁序更新	suì xù gēng xīn	61773	en-eng,in-ing,s-sh,j-q-x	1
岁时伏腊	suì shí fú là	61774	s-sh,n-l,h-f,r-l	1
岁月不居	suì yuè bù jū	61775	s-sh,j-q-x	1
岁比不登	suì bǐ bù dēng	61776	en-eng,s-sh	1
岁聿其莫	suì yù qí mù	61777	s-sh,j-q-x	3
岂弟君子	kǎi tì jūn zǐ	61778	ai-ei,z-zh,j-q-x	1
岂有是理	qǐ yǒu shì lǐ	61779	ao-ou,s-sh,n-l,r-l,j-q-x	1
岑楼齐末	cén lóu qí mò	61780	en-eng,ao-ou,c-ch,n-l,r-l,j-q-x	3
岗头泽底	gāng tóu zé dǐ	61782	an-ang,ao-ou,z-zh	1
岩居川观	yán jū chuān guān	61783	an-ang,uan-uang,c-ch,j-q-x	1
岩居穴处	yán jū xué chǔ	61784	an-ang,c-ch,j-q-x	1
岩栖穴处	yán qī xué chǔ	61785	an-ang,c-ch,j-q-x	1
岩栖谷隐	yán qī gǔ yǐn	61786	in-ing,an-ang,j-q-x	1
岩栖谷饮	yán qī gǔ yǐn	61787	in-ing,an-ang,j-q-x	1
岳峙渊渟	yuè zhì yuān tíng	61790	in-ing,uan-uang,z-zh	7
岳镇渊渟	yuè zhèn yuān tīng	61791	en-eng,in-ing,uan-uang,z-zh	5
峨冠博带	é guān bó dài	61793	uan-uang,ai-ei	1
峨峨汤汤	é é shāng shāng	61794	an-ang,s-sh	1
峭论鲠议	qiào lùn gěng yì	61795	en-eng,n-l,r-l,j-q-x	3
峻阪盐车	jùn bǎn yán chē	61796	an-ang,c-ch,j-q-x	3
崇论宏议	chóng lùn hóng yì	61797	c-ch,n-l,h-f,r-l	1
崇论闳议	chóng lùn hóng yì	61798	c-ch,n-l,h-f,r-l	3
崎嵚历落	qí qīn lì luò	61799	in-ing,ua-uo,n-l,r-l,j-q-x	5
崛地而起	jué dì ér qǐ	61800	j-q-x	1
崟崎磊落	yín qí lěi luò	61801	in-ing,ai-ei,ua-uo,n-l,r-l,j-q-x	5
崧生岳降	sōng shēng yuè jiàng	61802	en-eng,ian-iang,s-sh,j-q-x	5
崭露头脚	zhǎn lù tóu jiǎo	61804	an-ang,ao-ou,z-zh,n-l,r-l,j-q-x	1
嵚崎历落	qīn qí lì luò	61807	in-ing,ua-uo,n-l,r-l,j-q-x	5
嵚崎磊落	qīn qí lěi luò	61808	in-ing,ai-ei,ua-uo,n-l,r-l,j-q-x	5
嵩生岳降	sōng shēng yuè jiàng	61809	en-eng,ian-iang,s-sh,j-q-x	3
川壅必溃	chuān yōng bì kuì	61810	uan-uang,c-ch	3
川泽纳污	chuān zé nà wū	61811	uan-uang,z-zh,c-ch,n-l	1
川渟岳峙	chuān tīng yuè zhì	61812	in-ing,uan-uang,z-zh,c-ch	7
巢居穴处	cháo jū xué chǔ	61815	ao-ou,c-ch,j-q-x	1
巢林一枝	cháo lín yī zhī	61816	in-ing,ao-ou,z-zh,c-ch,n-l,r-l	1
巢焚原燎	cháo fén yuán liáo	61817	en-eng,uan-uang,ao-ou,c-ch,n-l,h-f,r-l	3
工业体系	gōng yè tǐ xì	61818	j-q-x	1
工业基地	gōng yè jī dì	61819	j-q-x	1
工业建筑	gōng yè jiàn zhù	61820	ian-iang,z-zh,j-q-x	1
工农红军	gōng nóng hóng jūn	61822	n-l,h-f,j-q-x	1
工艺美术	gōng yì měi shù	61824	ai-ei,s-sh	1
左右两难	zuǒ yòu liǎng nán	61830	an-ang,ian-iang,ao-ou,ua-uo,z-zh,n-l,r-l	1
左右采获	zuǒ yòu cǎi huò	61831	ai-ei,ao-ou,ua-uo,z-zh,c-ch,h-f	1
左宜右有	zuǒ yí yòu yǒu	61832	ao-ou,ua-uo,z-zh	1
左家娇女	zuǒ jiā jiāo nǚ	61833	ia-ie,ua-uo,z-zh,n-l,j-q-x	1
左提右挈	zuǒ tí yòu qiè	61834	ao-ou,ia-ie,ua-uo,z-zh,j-q-x	3
左支右吾	zuǒ zhī yòu wú	61835	ao-ou,ua-uo,z-zh	1
左支右调	zuǒ zhī yòu tiáo	61836	ao-ou,ua-uo,z-zh	1
左枝右梧	zuǒ zhī yòu wú	61837	ao-ou,ua-uo,z-zh	1
左萦右拂	zuǒ yíng yòu fú	61838	in-ing,ao-ou,ua-uo,z-zh,h-f	3
左说右说	zuǒ shuō yòu shuō	61839	ao-ou,ua-uo,z-zh,s-sh	1
左铅右椠	zuǒ qiān yòu qiàn	61841	ian-iang,ao-ou,ua-uo,z-zh,j-q-x	3
巧不可接	qiǎo bù kě jiē	61842	ia-ie,j-q-x	1
巧不可阶	qiǎo bù kě jiē	61843	ia-ie,j-q-x	1
巧伪趋利	qiǎo wěi qū lì	61844	ai-ei,n-l,r-l,j-q-x	1
巧发奇中	qiǎo fā qí zhòng	61846	z-zh,h-f,j-q-x	1
巧同造化	qiǎo tóng zào huà	61847	ao-ou,ua-uo,z-zh,h-f,j-q-x	1
巧捷万端	qiǎo jié wàn duān	61848	an-ang,uan-uang,ia-ie,j-q-x	1
巧语花言	qiǎo yǔ huā yán	61849	an-ang,ua-uo,h-f,j-q-x	1
巫云楚雨	wū yún chǔ yǔ	61852	c-ch	1
巫山云雨	wū shān yún yǔ	61854	an-ang,s-sh	1
差一点儿	chà yì diǎn er	61856	ian-iang,c-ch	1
差三错四	chā sān cuò sì	61857	an-ang,ua-uo,c-ch,s-sh	1
差之千里	chā zhī qiān lǐ	61858	ian-iang,z-zh,c-ch,n-l,r-l,j-q-x	1
差之毫厘	chā zhī háo lí	61859	ao-ou,z-zh,c-ch,n-l,h-f,r-l	1
差可告慰	chā kě gào wèi	61865	ai-ei,ao-ou,c-ch	1
差得很远	chà de hěn yuǎn	61868	en-eng,uan-uang,c-ch,h-f	1
差额选举	chā é xuǎn jǔ	61875	uan-uang,c-ch,j-q-x	1
己溺己饥	jǐ nì jǐ jī	61877	n-l,j-q-x	1
己饥己溺	jǐ jī jǐ nì	61878	n-l,j-q-x	1
巴勒斯坦	bā lè sī tǎn	61881	an-ang,s-sh,n-l,r-l	1
巴头探脑	bā tóu tàn nǎo	61882	an-ang,ao-ou,n-l	1
巴尔扎克	bā ěr zhā kè	61883	z-zh	1
巴山夜雨	bā shān yè yǔ	61884	an-ang,s-sh	1
巴山度岭	bā shān dù lǐng	61885	in-ing,an-ang,s-sh,n-l,r-l	1
巴山越岭	bā shān yuè lǐng	61886	in-ing,an-ang,s-sh,n-l,r-l	1
巴巴结结	bā bā jiē jiē	61887	ia-ie,j-q-x	1
巴高望上	bā gāo wàng shàng	61889	an-ang,ao-ou,s-sh	1
巴高枝儿	bā gāo zhī ér	61890	ao-ou,z-zh	1
巴黎和会	bā lí hé huì	61891	n-l,h-f,r-l	1
巷尾街头	xiàng wěi jiē tóu	61892	ian-iang,ai-ei,ao-ou,ia-ie,j-q-x	1
巷议街谈	xiàng yì jiē tán	61893	an-ang,ian-iang,ia-ie,j-q-x	1
巾帼丈夫	jīn guó zhàng fū	61895	in-ing,an-ang,ua-uo,z-zh,h-f,j-q-x	3
巾帼奇才	jīn guó qí cái	61896	in-ing,ai-ei,ua-uo,c-ch,j-q-x	3
币重言甘	bì zhòng yán gān	61897	an-ang,z-zh	1
市不二价	shì bù èr jià	61898	ia-ie,s-sh,j-q-x	1
市场信息	shì chǎng xìn xī	61899	in-ing,an-ang,c-ch,s-sh,j-q-x	1
市场机制	shì chǎng jī zhì	61900	an-ang,z-zh,c-ch,s-sh,j-q-x	1
市场调节	shì chǎng tiáo jié	61901	an-ang,ia-ie,c-ch,s-sh,j-q-x	1
市无二价	shì wú èr jià	61902	ia-ie,s-sh,j-q-x	1
布天盖地	bù tiān gài dì	61905	ian-iang,ai-ei	1
布琼布拉	bù qióng bù lā	61908	n-l,r-l,j-q-x	1
布衣粝食	bù yī lì shí	61909	s-sh,n-l,r-l	3
布衣蔬食	bù yī shū shí	61910	s-sh	1
布被瓦器	bù bèi wǎ qì	61911	ai-ei,j-q-x	1
布鲁塞尔	bù lǔ sài ěr	61912	ai-ei,s-sh,n-l,r-l	1
师出有名	shī chū yǒu míng	61914	in-ing,ao-ou,c-ch,s-sh	1
师直为壮	shī zhí wéi zhuàng	61915	uan-uang,ai-ei,z-zh,s-sh	1
师范学校	shī fàn xué xiào	61916	an-ang,s-sh,h-f,j-q-x	1
希奇古怪	xī qí gǔ guài	61918	j-q-x	1
帏箔不修	wéi bó bù xiū	61920	ai-ei,j-q-x	3
帏薄不修	wéi báo bù xiū	61921	ai-ei,ao-ou,j-q-x	3
帡天极地	píng tiān jí dì	61927	in-ing,ian-iang,j-q-x	5
带水拖泥	dài shuǐ tuō ní	61928	ai-ei,ua-uo,s-sh,n-l	1
席上之珍	xí shàng zhī zhēn	61932	en-eng,an-ang,z-zh,s-sh,j-q-x	1
席不暇暖	xí bù xiá nuǎn	61933	uan-uang,ia-ie,n-l,j-q-x	1
席卷八荒	xí juǎn bā huāng	61934	uan-uang,h-f,j-q-x	1
席卷天下	xí juǎn tiān xià	61935	ian-iang,uan-uang,ia-ie,j-q-x	1
席卷而逃	xí juǎn ér táo	61936	uan-uang,ao-ou,j-q-x	1
席地幕天	xí dì mù tiān	61938	ian-iang,j-q-x	1
席珍待聘	xí zhēn dài pìn	61939	en-eng,in-ing,ai-ei,z-zh,j-q-x	1
席门穷巷	xí mén qióng xiàng	61940	en-eng,ian-iang,j-q-x	1
席门蓬巷	xí mén péng xiàng	61941	en-eng,ian-iang,j-q-x	1
帮狗吃食	bāng gǒu chī shí	61943	an-ang,ao-ou,c-ch,s-sh	1
帮虎吃食	bāng hǔ chī shí	61944	an-ang,c-ch,s-sh,h-f	1
帮闲钻懒	bāng xián zuān lǎn	61945	an-ang,ian-iang,uan-uang,z-zh,n-l,r-l,j-q-x	1
帷幕不修	wéi mù bù xiū	61946	ai-ei,j-q-x	1
帷箔不修	wéi bó bù xiū	61947	ai-ei,j-q-x	3
帷薄不修	wéi bó bù xiū	61948	ai-ei,j-q-x	1
常年累月	cháng nián lèi yuè	61949	an-ang,ian-iang,ai-ei,c-ch,n-l,r-l	1
常用对数	cháng yòng duì shù	61950	an-ang,c-ch,s-sh	1
常胜将军	cháng shèng jiāng jūn	61951	en-eng,an-ang,ian-iang,c-ch,s-sh,j-q-x	1
常规炸弹	cháng guī zhà dàn	61952	an-ang,z-zh,c-ch	1
幕天席地	mù tiān xí dì	61955	ian-iang,j-q-x	1
幕燕釜鱼	mù yàn fǔ yú	61956	an-ang,h-f	3
幕燕鼎鱼	mù yàn dǐng yú	61957	in-ing,an-ang	1
干云蔽日	gān yún bì rì	61960	an-ang,r-l	1
干净利索	gān jìng lì suǒ	61962	in-ing,an-ang,ua-uo,s-sh,n-l,r-l,j-q-x	1
干卿底事	gān qīng dǐ shì	61963	in-ing,an-ang,s-sh,j-q-x	1
干名犯义	gàn míng fàn yì	61964	in-ing,an-ang,h-f	1
干名采誉	gān míng cǎi yù	61965	in-ing,an-ang,ai-ei,c-ch	1
干啼湿哭	gān tí shī kū	61969	an-ang,s-sh	1
干城之将	gān chéng zhī jiàng	61973	en-eng,an-ang,ian-iang,z-zh,c-ch,j-q-x	1
干将莫邪	gān jiāng mò yé	61975	an-ang,ian-iang,j-q-x	1
干巴利脆	gān bā lì cuì	61976	an-ang,c-ch,n-l,r-l	1
干巴利落	gān bā lì luò	61977	an-ang,ua-uo,n-l,r-l	1
干干净净	gān gān jìng jìng	61979	in-ing,an-ang,j-q-x	1
干干翼翼	gàn gàn yì yì	61980	an-ang	1
干戈载戢	gān gē zǎi jí	61982	an-ang,ai-ei,z-zh,j-q-x	3
干涉现象	gān shè xiàn xiàng	61986	an-ang,ian-iang,s-sh,j-q-x	1
干父之蛊	gàn fù zhī gǔ	61990	an-ang,z-zh,h-f	3
干端坤倪	gàn duān kūn ní	61993	an-ang,uan-uang,n-l	3
干脆利索	gān cuì lì suǒ	61994	an-ang,ua-uo,c-ch,s-sh,n-l,r-l	1
干部学校	gàn bù xué xiào	61997	an-ang,j-q-x	1
干霄凌云	gān xiāo líng yún	61999	in-ing,an-ang,n-l,r-l,j-q-x	1
干霄蔽日	gàn xiāo bì rì	62000	an-ang,r-l,j-q-x	1
平地楼台	píng dì lóu tái	62003	in-ing,ai-ei,ao-ou,n-l,r-l	1
平地登云	píng dì dēng yún	62004	en-eng,in-ing	1
平地起家	píng dì qǐ jiā	62005	in-ing,ia-ie,j-q-x	1
平地起雷	píng dì qǐ léi	62006	in-ing,ai-ei,n-l,r-l,j-q-x	1
平地青云	píng dì qīng yún	62007	in-ing,j-q-x	1
平地风波	píng dì fēng bō	62008	en-eng,in-ing,h-f	1
平地风雷	píng dì fēng léi	62009	en-eng,in-ing,ai-ei,n-l,h-f,r-l	1
平均地权	píng jūn dì quán	62010	in-ing,uan-uang,j-q-x	1
平头正脸	píng tóu zhèng liǎn	62013	en-eng,in-ing,ian-iang,ao-ou,z-zh,n-l,r-l	1
平板三轮	píng bǎn sān lún	62018	in-ing,an-ang,s-sh,n-l,r-l	1
平澹无奇	píng dàn wú qí	62019	in-ing,an-ang,j-q-x	3
平行作业	píng xíng zuò yè	62021	in-ing,ua-uo,z-zh,j-q-x	1
平铺直序	píng pū zhí xù	62025	in-ing,z-zh,j-q-x	1
平面几何	píng miàn jǐ hé	62026	in-ing,ian-iang,h-f,j-q-x	1
平风静浪	píng fēng jìng làng	62028	en-eng,in-ing,an-ang,n-l,h-f,r-l,j-q-x	1
年华垂暮	nián huá chuí mù	62032	ian-iang,ua-uo,c-ch,n-l,h-f	1
年头月尾	nián tóu yuè wěi	62034	ian-iang,ai-ei,ao-ou,n-l	1
年年月月	nián nián yuè yuè	62035	ian-iang,n-l	1
年湮世远	nián yān shì yuǎn	62036	an-ang,ian-iang,uan-uang,s-sh,n-l	3
年老体弱	nián lǎo tǐ ruò	62037	ian-iang,ao-ou,ua-uo,n-l,r-l	1
年衰岁暮	nián shuāi suì mù	62038	ian-iang,s-sh,n-l	1
年谊世好	nián yì shì hǎo	62039	ian-iang,ao-ou,s-sh,n-l,h-f	1
年谷不登	nián gǔ bù dēng	62040	en-eng,ian-iang,n-l	1
年轻有为	nián qīng yǒu wéi	62041	in-ing,ian-iang,ai-ei,ao-ou,n-l,j-q-x	1
年高望重	nián gāo wàng zhòng	62042	an-ang,ian-iang,ao-ou,z-zh,n-l	1
并世无两	bìng shì wú liǎng	62043	in-ing,ian-iang,s-sh,n-l,r-l	1
并为一谈	bìng wéi yī tán	62044	in-ing,an-ang,ai-ei	1
并威偶势	bìng wēi ǒu shì	62047	in-ing,ai-ei,ao-ou,s-sh	1
并存不悖	bìng cún bù bèi	62048	in-ing,ai-ei,c-ch	1
并日而食	bìng rì ér shí	62050	in-ing,s-sh,r-l	1
并疆兼巷	bìng jiāng jiān xiàng	62051	in-ing,ian-iang,j-q-x	1
并肩作战	bìng jiān zuò zhàn	62053	in-ing,an-ang,ian-iang,ua-uo,z-zh,j-q-x	1
并蒂芙蓉	bìng dì fú róng	62055	in-ing,h-f,r-l	1
并赃拿贼	bìng zāng ná zéi	62056	in-ing,an-ang,ai-ei,z-zh,n-l	1
并驱争先	bìng qū zhēng xiān	62057	en-eng,in-ing,ian-iang,z-zh,j-q-x	1
幺麽小丑	yāo mó xiǎo chǒu	62060	ao-ou,c-ch,j-q-x	3
幼学壮行	yòu xué zhuàng xíng	62062	in-ing,uan-uang,ao-ou,z-zh,j-q-x	1
幽期密约	yōu qī mì yuē	62065	ao-ou,j-q-x	1
广厦万间	guǎng shà wàn jiān	62068	an-ang,ian-iang,uan-uang,s-sh,j-q-x	1
广土众民	guǎng tǔ zhòng mín	62069	in-ing,uan-uang,z-zh	1
广夏细旃	guǎng xià xì zhān	62070	an-ang,uan-uang,ia-ie,z-zh,j-q-x	3
广寒仙子	guǎng hán xiān zǐ	62071	an-ang,ian-iang,uan-uang,z-zh,h-f,j-q-x	1
广庭大众	guǎng tíng dà zhòng	62074	in-ing,uan-uang,z-zh	1
广开才路	guǎng kāi cái lù	62075	uan-uang,ai-ei,c-ch,n-l,r-l	1
广播体操	guǎng bō tǐ cāo	62076	uan-uang,ao-ou,c-ch	1
广文先生	guǎng wén xiān shēng	62077	en-eng,ian-iang,uan-uang,s-sh,j-q-x	1
广结良缘	guǎng jié liáng yuán	62078	ian-iang,uan-uang,ia-ie,n-l,r-l,j-q-x	1
广而言之	guǎng ér yán zhī	62079	an-ang,uan-uang,z-zh	1
广见洽闻	guǎng jiàn qià wén	62080	en-eng,ian-iang,uan-uang,ia-ie,j-q-x	1
广角镜头	guǎng jiǎo jìng tóu	62081	in-ing,uan-uang,ao-ou,j-q-x	1
广譬曲谕	guǎng pì qǔ yù	62082	uan-uang,j-q-x	3
广陵散绝	guǎng líng sǎn jué	62085	in-ing,an-ang,uan-uang,s-sh,n-l,r-l,j-q-x	1
庄严宝相	zhuāng yán bǎo xiàng	62087	an-ang,ian-iang,uan-uang,ao-ou,z-zh,j-q-x	1
庆吊不行	qìng diào bù xíng	62089	in-ing,j-q-x	1
床上叠床	chuáng shàng dié chuáng	62090	an-ang,uan-uang,ia-ie,c-ch,s-sh	1
床上安床	chuáng shàng ān chuáng	62091	an-ang,uan-uang,c-ch,s-sh	1
床上施床	chuáng shàng shī chuáng	62092	an-ang,uan-uang,c-ch,s-sh	1
床上迭床	chuáng shàng dié chuáng	62093	an-ang,uan-uang,ia-ie,c-ch,s-sh	1
床下牛斗	chuáng xià niú dòu	62094	uan-uang,ao-ou,ia-ie,c-ch,n-l,j-q-x	1
床头金尽	chuáng tóu jīn jìn	62095	in-ing,uan-uang,ao-ou,c-ch,j-q-x	1
应付帐款	yīng fù zhàng kuǎn	62099	in-ing,an-ang,uan-uang,z-zh,h-f	1
应付自如	yìng fù zì rú	62100	in-ing,z-zh,h-f,r-l	1
应刃而解	yìng rèn ér jiě	62102	en-eng,in-ing,ia-ie,r-l,j-q-x	1
应变无方	yìng biàn wú fāng	62105	in-ing,an-ang,ian-iang,h-f	1
应名点卯	yìng míng diǎn mǎo	62107	in-ing,ian-iang,ao-ou	1
应天从人	yìng tiān cóng rén	62109	en-eng,in-ing,ian-iang,c-ch,r-l	1
应天承运	yìng tiān chéng yùn	62110	en-eng,in-ing,ian-iang,c-ch	1
应天顺人	yìng tiān shùn rén	62111	en-eng,in-ing,ian-iang,s-sh,r-l	1
应天顺时	yīng tiān shùn shí	62112	in-ing,ian-iang,s-sh	1
应天顺民	yìng tiān shùn mín	62113	in-ing,ian-iang,s-sh	1
应对如响	yìng duì rú xiǎng	62114	in-ing,ian-iang,r-l,j-q-x	1
应对如流	yìng duì rú liú	62115	in-ing,n-l,r-l	1
应对得体	yìng duì dé tǐ	62116	in-ing	1
应弦而倒	yìng xián ér dǎo	62117	in-ing,ian-iang,ao-ou,j-q-x	1
应时对景	yìng shí duì jǐng	62119	in-ing,s-sh,j-q-x	1
应机立断	yìng jī lì duàn	62121	in-ing,uan-uang,n-l,r-l,j-q-x	1
应权通变	yìng quán tōng biàn	62122	in-ing,ian-iang,uan-uang,j-q-x	1
应答如响	yìng dá rú xiǎng	62123	in-ing,ian-iang,r-l,j-q-x	1
应答如流	yìng dá rú liú	62124	in-ing,n-l,r-l	1
应节合拍	yìng jié hé pāi	62126	in-ing,ai-ei,ia-ie,h-f,j-q-x	1
底死谩生	dǐ sǐ màn shēng	62133	en-eng,an-ang,s-sh	3
庖丁解牛	páo dīng jiě niú	62138	in-ing,ao-ou,ia-ie,n-l,j-q-x	3
庚癸频呼	gēng guǐ pín hū	62142	en-eng,in-ing,h-f	1
庞眉白发	páng méi bái fà	62143	an-ang,ai-ei,h-f	1
庞眉皓发	páng méi hào fà	62144	an-ang,ai-ei,ao-ou,h-f	1
庞眉鹤发	páng méi hè fā	62145	an-ang,ai-ei,h-f	1
庞眉黄发	páng méi huáng fā	62146	an-ang,uan-uang,ai-ei,h-f	1
废文任武	fèi wén rèn wǔ	62147	en-eng,ai-ei,h-f,r-l	1
度人之心	duó rén zhī xīn	62148	en-eng,in-ing,ua-uo,z-zh,r-l,j-q-x	1
度人之腹	duó rén zhī fù	62149	en-eng,ua-uo,z-zh,h-f,r-l	1
度外之人	dù wài zhī rén	62152	en-eng,ai-ei,z-zh,r-l	1
度己以绳	duó jǐ yǐ shéng	62153	en-eng,ua-uo,s-sh,j-q-x	1
度德量力	duó dé liàng lì	62154	ian-iang,ua-uo,n-l,r-l	1
度日如岁	dù rì rú suì	62155	s-sh,r-l	1
度长絜大	dù cháng xié dà	62159	an-ang,ia-ie,c-ch,j-q-x	5
度长絜短	dù cháng xié duǎn	62160	an-ang,uan-uang,ia-ie,c-ch,j-q-x	5
庸中佼佼	yōng zhōng jiǎo jiǎo	62163	z-zh,j-q-x	3
庸中皦皦	yōng zhōng jiǎo jiǎo	62164	z-zh,j-q-x	5
庸庸碌碌	yōng yōng lù lù	62165	n-l,r-l	1
庸言庸行	yōng yán yōng xíng	62166	in-ing,an-ang,j-q-x	1
廉可寄财	lián kě jì cái	62167	ian-iang,ai-ei,c-ch,n-l,r-l,j-q-x	1
廉明公正	lián míng gōng zhèng	62168	en-eng,in-ing,ian-iang,z-zh,n-l,r-l	1
廉而不刿	lián ér bù guì	62169	ian-iang,n-l,r-l	3
廉远堂高	lián yuǎn táng gāo	62170	an-ang,ian-iang,uan-uang,ao-ou,n-l,r-l	1
廓达大度	kuò dá dà dù	62173	ua-uo	1
延津之合	yán jīn zhī hé	62174	in-ing,an-ang,z-zh,h-f,j-q-x	1
延津剑合	yán jīn jiàn hé	62175	in-ing,an-ang,ian-iang,h-f,j-q-x	1
延颈举踵	yán jǐng jǔ zhǒng	62176	in-ing,an-ang,z-zh,j-q-x	3
延颈企踵	yán jǐng qǐ zhǒng	62177	in-ing,an-ang,z-zh,j-q-x	3
延颈跂踵	yán jǐng qǐ zhǒng	62178	in-ing,an-ang,z-zh,j-q-x	7
延颈鹤望	yán jǐng hè wàng	62179	in-ing,an-ang,h-f,j-q-x	1
廷争面折	tíng zhēng miàn zhé	62180	en-eng,in-ing,ian-iang,z-zh	1
建筑面积	jiàn zhù miàn jī	62184	ian-iang,z-zh,j-q-x	1
开云见天	kāi yún jiàn tiān	62186	ian-iang,ai-ei,j-q-x	1
开云见日	kāi yún jiàn rì	62187	ian-iang,ai-ei,r-l,j-q-x	1
开华结果	kāi huā jié guǒ	62188	ai-ei,ia-ie,ua-uo,h-f,j-q-x	1
开卷有益	kāi juàn yǒu yì	62190	uan-uang,ai-ei,ao-ou,j-q-x	1
开口见心	kāi kǒu jiàn xīn	62192	in-ing,ian-iang,ai-ei,ao-ou,j-q-x	1
开口见胆	kāi kǒu jiàn dǎn	62193	an-ang,ian-iang,ai-ei,ao-ou,j-q-x	1
开台锣鼓	kāi tái luó gǔ	62194	ai-ei,ua-uo,n-l,r-l	1
开合自如	kāi hé zì rú	62195	ai-ei,z-zh,h-f,r-l	1
开国承家	kāi guó chéng jiā	62196	en-eng,ai-ei,ia-ie,ua-uo,c-ch,j-q-x	1
开基创业	kāi jī chuàng yè	62197	uan-uang,ai-ei,c-ch,j-q-x	1
开心见肠	kāi xīn jiàn cháng	62198	in-ing,an-ang,ian-iang,ai-ei,c-ch,j-q-x	1
开心见胆	kāi xīn jiàn dǎn	62199	in-ing,an-ang,ian-iang,ai-ei,j-q-x	1
开心见诚	kāi xīn jiàn chéng	62200	en-eng,in-ing,ian-iang,ai-ei,c-ch,j-q-x	1
开疆展土	kāi jiāng zhǎn tǔ	62204	an-ang,ian-iang,ai-ei,z-zh,j-q-x	1
开疆拓土	kāi jiāng tuò tǔ	62205	ian-iang,ai-ei,ua-uo,j-q-x	1
开疆拓境	kāi jiāng tuò jìng	62206	in-ing,ian-iang,ai-ei,ua-uo,j-q-x	1
开疆拓宇	kāi jiāng tuò yǔ	62207	ian-iang,ai-ei,ua-uo,j-q-x	1
开疆辟土	kāi jiāng pì tǔ	62208	ian-iang,ai-ei,j-q-x	1
开花结实	kāi huā jié shí	62209	ai-ei,ia-ie,ua-uo,s-sh,h-f,j-q-x	1
开花结果	kāi huā jié guǒ	62210	ai-ei,ia-ie,ua-uo,h-f,j-q-x	1
开诚相见	kāi chéng xiāng jiàn	62213	en-eng,ian-iang,ai-ei,c-ch,j-q-x	1
开锣喝道	kāi luó hè dào	62216	ai-ei,ao-ou,ua-uo,n-l,h-f,r-l	1
异口同音	yì kǒu tóng yīn	62217	in-ing,ao-ou	1
异口同韵	yì kǒu tóng yùn	62218	ao-ou	1
异名同实	yì míng tóng shí	62219	in-ing,s-sh	1
异地相逢	yì dì xiāng féng	62220	en-eng,ian-iang,h-f,j-q-x	1
异宝奇珍	yì bǎo qí zhēn	62221	en-eng,ao-ou,z-zh,j-q-x	1
异木奇花	yì mù qí huā	62222	ua-uo,h-f,j-q-x	1
异涂同归	yì tú tóng guī	62223		1
异草奇花	yì cǎo qí huā	62225	ao-ou,ua-uo,c-ch,h-f,j-q-x	1
异路同归	yì lù tóng guī	62227	n-l,r-l	1
异途同归	yì tú tóng guī	62228		1
异闻传说	yì wén chuán shuō	62229	en-eng,uan-uang,ua-uo,c-ch,s-sh	1
弃义倍信	qì yì bèi xìn	62230	in-ing,ai-ei,j-q-x	1
弃之可惜	qì zhī kě xī	62231	z-zh,j-q-x	1
弃之度外	qì zhī dù wài	62232	ai-ei,z-zh,j-q-x	1
弃伪从真	qì wěi cóng zhēn	62233	en-eng,ai-ei,z-zh,c-ch,j-q-x	1
弃同即异	qì tóng jí yì	62234	j-q-x	1
弃好背盟	qì hǎo bèi méng	62235	en-eng,ai-ei,ao-ou,h-f,j-q-x	1
弃家荡产	qì jiā dàng chǎn	62236	an-ang,ia-ie,c-ch,j-q-x	1
弃恶从善	qì è cóng shàn	62237	an-ang,c-ch,s-sh,j-q-x	1
弃易求难	qì yì qiú nán	62238	an-ang,n-l,j-q-x	1
弃琼拾砾	qì qióng shí lì	62239	s-sh,n-l,r-l,j-q-x	1
弃瑕忘过	qì xiá wàng guò	62240	an-ang,ia-ie,ua-uo,j-q-x	3
弃甲倒戈	qì jiǎ dǎo gē	62241	ao-ou,ia-ie,j-q-x	1
弃短就长	qì duǎn jiù cháng	62242	an-ang,uan-uang,c-ch,j-q-x	1
弃短用长	qì duǎn yòng cháng	62243	an-ang,uan-uang,c-ch,j-q-x	1
弃笔从戎	qì bǐ cóng róng	62244	c-ch,r-l,j-q-x	1
弃若敝屣	qì ruò bì xǐ	62245	ua-uo,r-l,j-q-x	3
弃车走林	qì chē zǒu lín	62246	in-ing,ao-ou,z-zh,c-ch,n-l,r-l,j-q-x	1
弃过图新	qì guò tú xīn	62247	in-ing,ua-uo,j-q-x	1
弃道任术	qì dào rèn shù	62248	en-eng,ao-ou,s-sh,r-l,j-q-x	1
弃邪从正	qì xié cóng zhèng	62249	en-eng,ia-ie,z-zh,c-ch,j-q-x	1
弃邪归正	qì xié guī zhèng	62250	en-eng,ia-ie,z-zh,j-q-x	1
弄兵潢池	nòng bīng huáng chí	62252	in-ing,uan-uang,c-ch,n-l,h-f	3
弄口鸣舌	nòng kǒu míng shé	62254	in-ing,ao-ou,s-sh,n-l	1
弄嘴弄舌	nòng zuǐ nòng shé	62255	z-zh,s-sh,n-l	1
弄巧反拙	nòng qiǎo fǎn zhuō	62256	an-ang,ua-uo,z-zh,n-l,h-f,j-q-x	1
弄影团风	nòng yǐng tuán fēng	62257	en-eng,in-ing,uan-uang,n-l,h-f	1
弄性尚气	nòng xìng shàng qì	62258	in-ing,an-ang,s-sh,n-l,j-q-x	1
弄成一团	nòng chéng yì tuán	62259	en-eng,uan-uang,c-ch,n-l	1
弄斤操斧	nòng jīn cāo fǔ	62260	in-ing,ao-ou,c-ch,n-l,h-f,j-q-x	1
弄斧班门	nòng fǔ bān mén	62261	en-eng,an-ang,n-l,h-f	1
弄月吟风	nòng yuè yín fēng	62262	en-eng,in-ing,n-l,h-f	1
弄月嘲风	nòng yuè cháo fēng	62263	en-eng,ao-ou,c-ch,n-l,h-f	1
弄法舞文	nòng fǎ wǔ wén	62265	en-eng,n-l,h-f	1
弄玉吹箫	nòng yù chuī xiāo	62267	c-ch,n-l,j-q-x	1
弄璋之喜	nòng zhāng zhī xǐ	62268	an-ang,z-zh,n-l,j-q-x	3
弄瓦之喜	nòng wǎ zhī xǐ	62270	z-zh,n-l,j-q-x	1
弄眉挤眼	nòng méi jǐ yǎn	62271	an-ang,ai-ei,n-l,j-q-x	1
弄神弄鬼	nòng shén nòng guǐ	62272	en-eng,s-sh,n-l	1
弄竹弹丝	nòng zhú dàn sī	62273	an-ang,z-zh,s-sh,n-l	1
弄管调弦	nòng guǎn tiáo xián	62274	ian-iang,uan-uang,n-l,j-q-x	1
弄粉调朱	nòng fěn diào zhū	62275	en-eng,z-zh,n-l,h-f	1
弄鬼妆幺	nòng guǐ zhuāng yāo	62279	uan-uang,ao-ou,z-zh,n-l	3
弄鬼弄神	nòng guǐ nòng shén	62280	en-eng,s-sh,n-l	1
弄鬼掉猴	nòng guǐ diào hóu	62281	ao-ou,n-l,h-f	1
弊绝风清	bì jué fēng qīng	62282	en-eng,in-ing,h-f,j-q-x	1
弊衣疏食	bì yī shū shí	62283	s-sh	1
弊衣箪食	bì yī dān shí	62284	an-ang,s-sh	3
弊衣蔬食	bì yī shū shí	62285	s-sh	1
弊车羸马	bì chē léi mǎ	62286	ai-ei,c-ch,n-l,r-l	3
弋人何篡	yì rén hé cuàn	62287	en-eng,uan-uang,c-ch,h-f,r-l	3
弓影杯蛇	gōng yǐng bēi shé	62288	in-ing,ai-ei,s-sh	1
弓折刀尽	gōng zhé dāo jìn	62289	in-ing,ao-ou,z-zh,j-q-x	1
弓腰曲背	gōng yāo qū bèi	62290	ai-ei,ao-ou,j-q-x	1
弓调马服	gōng diào mǎ fú	62291	h-f	1
引以为憾	yǐn yǐ wéi hàn	62292	in-ing,an-ang,ai-ei,h-f	1
引以为耻	yǐn yǐ wéi chǐ	62293	in-ing,ai-ei,c-ch	1
引以为鉴	yǐn yǐ wéi jiàn	62294	in-ing,ian-iang,ai-ei,j-q-x	1
引以自豪	yǐn yǐ zì háo	62295	in-ing,ao-ou,z-zh,h-f	1
引吭悲歌	yǐn háng bēi gē	62296	in-ing,an-ang,ai-ei,h-f	1
引吭高唱	yǐn háng gāo chàng	62297	in-ing,an-ang,ao-ou,c-ch,h-f	1
引吭高声	yǐn háng gāo shēng	62298	en-eng,in-ing,an-ang,ao-ou,s-sh,h-f	1
引商刻角	yǐn shāng kè jiǎo	62299	in-ing,an-ang,s-sh,j-q-x	1
引新吐故	yǐn xīn tǔ gù	62301	in-ing,j-q-x	1
引短推长	yǐn duǎn tuī cháng	62302	in-ing,an-ang,uan-uang,c-ch	1
引经据古	yǐn jīng jù gǔ	62303	in-ing,j-q-x	1
引绳切墨	yǐn shéng qiē mò	62304	en-eng,in-ing,ia-ie,s-sh,j-q-x	1
引绳排根	yǐn shéng pái gēn	62305	en-eng,in-ing,ai-ei,s-sh	1
引车卖浆	yǐn chē mài jiāng	62307	in-ing,ian-iang,ai-ei,c-ch,j-q-x	1
引过自责	yǐn guò zì zé	62308	in-ing,ua-uo,z-zh	1
引针拾芥	yǐn zhēn shí jiè	62309	en-eng,in-ing,ia-ie,z-zh,s-sh,j-q-x	1
引锥刺股	yǐn zhuī cì gǔ	62310	in-ing,z-zh,c-ch	1
引颈受戮	yǐn jǐng shòu lù	62311	in-ing,ao-ou,s-sh,n-l,r-l,j-q-x	3
引风吹火	yǐn fēng chuī huǒ	62312	en-eng,in-ing,ua-uo,c-ch,h-f	1
引鬼上门	yǐn guǐ shàng mén	62313	en-eng,in-ing,an-ang,s-sh	1
弘奖风流	hóng jiǎng fēng liú	62315	en-eng,ian-iang,n-l,h-f,r-l,j-q-x	1
弛高骛远	chí gāo wù yuǎn	62316	uan-uang,ao-ou,c-ch	3
弟男子侄	dì nán zǐ zhí	62318	an-ang,z-zh,n-l	1
张大其事	zhāng dà qí shì	62320	an-ang,z-zh,s-sh,j-q-x	1
张大其词	zhāng dà qí cí	62321	an-ang,z-zh,c-ch,j-q-x	1
张大其辞	zhāng dà qí cí	62322	an-ang,z-zh,c-ch,j-q-x	1
张灯结采	zhāng dēng jié cǎi	62323	en-eng,an-ang,ai-ei,ia-ie,z-zh,c-ch,j-q-x	1
张王李赵	zhāng wáng lǐ zhào	62324	an-ang,ao-ou,z-zh,n-l,r-l	1
张王赵李	zhāng wáng zhào lǐ	62325	an-ang,ao-ou,z-zh,n-l,r-l	1
张皇其事	zhāng huáng qí shì	62326	an-ang,uan-uang,z-zh,s-sh,h-f,j-q-x	1
张眼露睛	zhāng yǎn lù jīng	62327	in-ing,an-ang,z-zh,n-l,r-l,j-q-x	1
张脉偾兴	zhāng mài fèn xīng	62328	en-eng,in-ing,an-ang,ai-ei,z-zh,h-f,j-q-x	3
弥天大祸	mí tiān dà huò	62331	ian-iang,ua-uo,h-f	1
弥山亘野	mí shān gèn yě	62333	en-eng,an-ang,s-sh	3
弥日累夜	mí rì lèi yè	62334	ai-ei,n-l,r-l	1
弥留之际	mí liú zhī jì	62337	z-zh,n-l,r-l,j-q-x	1
弥缝其阙	mí féng qí què	62338	en-eng,h-f,j-q-x	3
弥补损失	mí bǔ sǔn shī	62340	s-sh	1
弦外有音	xián wài yǒu yīn	62342	in-ing,ian-iang,ai-ei,ao-ou,j-q-x	1
弦无虚发	xián wú xū fā	62343	ian-iang,h-f,j-q-x	1
弯弯曲曲	wān wān qū qū	62345	an-ang,j-q-x	1
弱不好弄	ruò bù hǎo nòng	62346	ao-ou,ua-uo,n-l,h-f,r-l	1
弱本强末	ruò běn qiáng mò	62348	en-eng,ian-iang,ua-uo,r-l,j-q-x	1
弸中彪外	péng zhōng biāo wài	62349	en-eng,ai-ei,z-zh	5
弹丝品竹	tán sī pǐn zhú	62350	in-ing,an-ang,z-zh,s-sh	1
弹丸脱手	tán wán tuō shǒu	62351	an-ang,ao-ou,ua-uo,s-sh	1
弹丸黑子	dàn wán hēi zǐ	62352	an-ang,ai-ei,z-zh,h-f	1
弹丸黑志	dàn wán hēi zhì	62353	an-ang,ai-ei,z-zh,h-f	1
弹冠振衣	tán guān zhèn yī	62354	en-eng,an-ang,uan-uang,z-zh	1
弹冠振衿	tán guān zhèn jīn	62355	en-eng,in-ing,an-ang,uan-uang,z-zh,j-q-x	3
弹冠结绶	tán guān jié shòu	62356	an-ang,uan-uang,ao-ou,ia-ie,s-sh,j-q-x	3
弹剑作歌	tán jiàn zuò gē	62357	an-ang,ian-iang,ua-uo,z-zh,j-q-x	1
弹尽援绝	dàn jìn yuán jué	62359	in-ing,an-ang,uan-uang,j-q-x	1
弹指之间	tán zhǐ zhī jiān	62361	an-ang,ian-iang,z-zh,j-q-x	1
弹斤估两	tán jīn gū liǎng	62362	in-ing,an-ang,ian-iang,n-l,r-l,j-q-x	1
弹空说嘴	tán kōng shuō zuǐ	62363	an-ang,ua-uo,z-zh,s-sh	1
弹铗无鱼	dàn jiá wú yú	62365	an-ang,ia-ie,j-q-x	3
弹雨枪林	dàn yǔ qiāng lín	62366	in-ing,an-ang,ian-iang,n-l,r-l,j-q-x	1
强作解人	qiǎng zuò jiě rén	62367	en-eng,ian-iang,ia-ie,ua-uo,z-zh,r-l,j-q-x	1
强兵富国	qiáng bīng fù guó	62368	in-ing,ian-iang,ua-uo,h-f,j-q-x	1
强凫变鹤	qiáng fú biàn hè	62369	ian-iang,h-f,j-q-x	3
强唇劣嘴	qiáng chún liè zuǐ	62371	ian-iang,ia-ie,z-zh,c-ch,n-l,r-l,j-q-x	1
强嘴拗舌	jiàng zuǐ niù shé	62373	ian-iang,z-zh,s-sh,n-l,j-q-x	1
强嘴硬牙	jiàng zuǐ yìng yá	62374	in-ing,ian-iang,z-zh,j-q-x	1
强奸民意	qiáng jiān mín yì	62376	in-ing,ian-iang,j-q-x	1
强干弱枝	qiáng gān ruò zhī	62378	an-ang,ian-iang,ua-uo,z-zh,r-l,j-q-x	1
强弓劲弩	qiáng gōng jìng nǔ	62379	in-ing,ian-iang,n-l,j-q-x	3
强弩之极	qiáng nǔ zhī jí	62380	ian-iang,z-zh,n-l,j-q-x	3
强弩末矢	qiáng nǔ mò shǐ	62381	ian-iang,s-sh,n-l,j-q-x	3
强得易贫	qiǎng dé yì pín	62383	in-ing,ian-iang,j-q-x	1
强文假醋	qiǎng wén jiǎ cù	62384	en-eng,ian-iang,ia-ie,c-ch,j-q-x	1
强文浉醋	qiáng wén shī cù	62385	en-eng,ian-iang,c-ch,s-sh,j-q-x	5
强本弱支	qiáng běn ruò zhī	62386	en-eng,ian-iang,ua-uo,z-zh,r-l,j-q-x	1
强本弱末	qiáng běn ruò mò	62387	en-eng,ian-iang,ua-uo,r-l,j-q-x	1
强本弱枝	qiáng běn ruò zhī	62388	en-eng,ian-iang,ua-uo,z-zh,r-l,j-q-x	1
强本节用	qiáng běn jié yòng	62389	en-eng,ian-iang,ia-ie,j-q-x	1
强枝弱本	qiáng zhī ruò běn	62390	en-eng,ian-iang,ua-uo,z-zh,r-l,j-q-x	1
强死强活	qiǎng sǐ qiǎng huó	62391	ian-iang,ua-uo,s-sh,h-f,j-q-x	1
强死赖活	qiǎng sǐ lài huó	62392	ian-iang,ai-ei,ua-uo,s-sh,n-l,h-f,r-l,j-q-x	1
强直自遂	qiáng zhí zì suí	62394	ian-iang,z-zh,s-sh,j-q-x	1
强而后可	qiǎng ér hòu kě	62396	ian-iang,ao-ou,h-f,j-q-x	1
强聒不舍	qiǎng guō bù shě	62397	ian-iang,ua-uo,s-sh,j-q-x	3
强自取折	qiáng zì qǔ shé	62398	ian-iang,z-zh,s-sh,j-q-x	1
强自取柱	qiáng zì qǔ zhù	62399	ian-iang,z-zh,j-q-x	1
强记博闻	qiáng jì bó wén	62400	en-eng,ian-iang,j-q-x	1
强识博闻	qiǎng shí bó wén	62401	en-eng,ian-iang,s-sh,j-q-x	1
强词夺正	qiǎng cí duó zhèng	62403	en-eng,ian-iang,ua-uo,z-zh,c-ch,j-q-x	1
强食弱肉	qiáng shí ruò ròu	62409	ian-iang,ao-ou,ua-uo,s-sh,r-l,j-q-x	1
强食自爱	qiǎng shí zì ài	62410	ian-iang,ai-ei,z-zh,s-sh,j-q-x	1
强食靡角	qiǎng shí mí jiǎo	62411	ian-iang,s-sh,j-q-x	1
归之若水	guī zhī ruò shuǐ	62413	ua-uo,z-zh,s-sh,r-l	1
归奇顾怪	guī qí gù guài	62414	j-q-x	1
归根究柢	guī gēn jiū dǐ	62416	en-eng,j-q-x	3
归根结柢	guī gēn jié dǐ	62417	en-eng,ia-ie,j-q-x	3
归根结蒂	guī gēn jié dì	62418	en-eng,ia-ie,j-q-x	1
归正守丘	guī zhèng shǒu qiū	62419	en-eng,ao-ou,z-zh,s-sh,j-q-x	1
归正邱首	guī zhèng qiū shǒu	62420	en-eng,ao-ou,z-zh,s-sh,j-q-x	3
归正首丘	guī zhèng shǒu qiū	62421	en-eng,ao-ou,z-zh,s-sh,j-q-x	1
归正首邱	guī zhèng shǒu qiū	62422	en-eng,ao-ou,z-zh,s-sh,j-q-x	3
归真反朴	guī zhēn fǎn pǔ	62424	en-eng,an-ang,z-zh,h-f	1
归邪转曜	guī xié zhuǎn yào	62425	uan-uang,ao-ou,ia-ie,z-zh,j-q-x	3
当世才度	dāng shì cái dù	62427	an-ang,ai-ei,c-ch,s-sh	1
当世无双	dāng shì wú shuāng	62428	an-ang,uan-uang,s-sh	1
当之有愧	dāng zhī yǒu kuì	62429	an-ang,ao-ou,z-zh	1
当今无辈	dāng jīn wú bèi	62432	in-ing,an-ang,ai-ei,j-q-x	1
当刑而王	dāng xíng ér wáng	62436	in-ing,an-ang,j-q-x	1
当务始终	dāng wù shǐ zhōng	62437	an-ang,z-zh,s-sh	1
当场出丑	dāng chǎng chū chǒu	62439	an-ang,ao-ou,c-ch	1
当场出彩	dāng chǎng chū cǎi	62440	an-ang,ai-ei,c-ch	1
当外人看	dàng wài rén kàn	62441	en-eng,an-ang,ai-ei,r-l	1
当头对面	dāng tóu duì miàn	62442	an-ang,ian-iang,ao-ou	1
当家作主	dāng jiā zuò zhǔ	62444	an-ang,ia-ie,ua-uo,z-zh,j-q-x	1
当家做主	dāng jiā zuò zhǔ	62445	an-ang,ia-ie,ua-uo,z-zh,j-q-x	1
当家理纪	dāng jiā lǐ jì	62446	an-ang,ia-ie,n-l,r-l,j-q-x	1
当家立业	dāng jiā lì yè	62447	an-ang,ia-ie,n-l,r-l,j-q-x	1
当家立事	dāng jiā lì shì	62448	an-ang,ia-ie,s-sh,n-l,r-l,j-q-x	1
当家立纪	dāng jiā lì jì	62449	an-ang,ia-ie,n-l,r-l,j-q-x	1
当家立计	dāng jiā lì jì	62450	an-ang,ia-ie,n-l,r-l,j-q-x	1
当局者迷	dāng jú zhě mí	62451	an-ang,z-zh,j-q-x	1
当断不断	dāng duàn bù duàn	62453	an-ang,uan-uang	1
当机立决	dāng jī lì jué	62456	an-ang,n-l,r-l,j-q-x	1
当着不着	dāng zhuó bù zhuó	62458	an-ang,ua-uo,z-zh	1
当立之年	dāng lì zhī nián	62459	an-ang,ian-iang,z-zh,n-l,r-l	1
当耳旁风	dāng ěr páng fēng	62460	en-eng,an-ang,h-f	1
当耳边风	dāng ěr biān fēng	62461	en-eng,an-ang,ian-iang,h-f	1
当行出色	dāng háng chū sè	62463	an-ang,c-ch,s-sh,h-f	1
当行本色	dāng háng běn sè	62464	en-eng,an-ang,s-sh,h-f	1
当轴处中	dāng zhóu chǔ zhōng	62465	an-ang,ao-ou,z-zh,c-ch	1
当铺老板	dàng pù lǎo bǎn	62467	an-ang,ao-ou,n-l,r-l	1
当门抵户	dāng mén dǐ hù	62468	en-eng,an-ang,h-f	1
当面错过	dāng miàn cuò guò	62470	an-ang,ian-iang,ua-uo,c-ch	1
当风秉烛	dāng fēng bǐng zhú	62471	en-eng,in-ing,an-ang,z-zh,h-f	1
彘肩斗酒	zhì jiān dòu jiǔ	62472	ian-iang,ao-ou,z-zh,j-q-x	3
形劫势禁	xíng jié shì jìn	62473	in-ing,ia-ie,s-sh,j-q-x	1
形单影双	xíng dān yǐng shuāng	62474	in-ing,an-ang,uan-uang,s-sh,j-q-x	1
形只影单	xíng zhī yǐng dān	62475	in-ing,an-ang,z-zh,j-q-x	1
形孤影只	xíng gū yǐng zhī	62476	in-ing,z-zh,j-q-x	1
形影相依	xíng yǐng xiāng yī	62477	in-ing,ian-iang,j-q-x	1
形影相对	xíng yǐng xiāng duì	62478	in-ing,ian-iang,j-q-x	1
形影相附	xíng yǐng xiāng fù	62479	in-ing,ian-iang,h-f,j-q-x	1
形枉影曲	xíng wǎng yǐng qū	62482	in-ing,an-ang,j-q-x	1
形格势禁	xíng gé shì jìn	62483	in-ing,s-sh,j-q-x	1
形禁势格	xíng jìn shì gé	62485	in-ing,s-sh,j-q-x	1
形迹可疑	xíng jì kě yí	62486	in-ing,j-q-x	1
彩云易散	cǎi yún yì sàn	62487	an-ang,ai-ei,c-ch,s-sh	1
彩色玻璃	cǎi sè bō lí	62488	ai-ei,c-ch,s-sh,n-l,r-l	1
彩衣娱亲	cǎi yī yú qīn	62489	in-ing,ai-ei,c-ch,j-q-x	1
彬彬济济	bīn bīn jǐ jǐ	62490	in-ing,j-q-x	1
彰善瘅恶	zhāng shàn dàn è	62492	an-ang,z-zh,s-sh	5
彰明昭着	zhāng míng zhāo zhe	62493	in-ing,an-ang,ao-ou,z-zh	1
彰明昭著	zhāng míng zhāo zhù	62494	in-ing,an-ang,ao-ou,z-zh	1
彰明较着	zhāng míng jiào zhù	62495	in-ing,an-ang,z-zh,j-q-x	1
影只形单	yǐng zhī xíng dān	62497	in-ing,an-ang,z-zh,j-q-x	1
影只形孤	yǐng zhī xíng gū	62498	in-ing,z-zh,j-q-x	1
影形不离	yǐng xíng bù lí	62499	in-ing,n-l,r-l,j-q-x	1
彻上彻下	chè shàng chè xià	62505	an-ang,ia-ie,c-ch,s-sh,j-q-x	1
彻内彻外	chè nèi chè wài	62506	ai-ei,c-ch,n-l	1
彻首彻尾	chè shǒu chè wěi	62507	ai-ei,ao-ou,c-ch,s-sh	1
彼倡此和	bǐ chàng cǐ hè	62508	an-ang,c-ch,h-f	1
彼唱此和	bǐ chàng cǐ hè	62509	an-ang,c-ch,h-f	1
往渚还汀	wǎng zhǔ huán tīng	62510	in-ing,an-ang,uan-uang,z-zh,h-f	3
征敛无度	zhēng liǎn wú dù	62512	en-eng,ian-iang,z-zh,n-l,r-l	1
径情直行	jìng qíng zhí xíng	62513	in-ing,z-zh,j-q-x	1
径行直遂	jìng xíng zhí suí	62515	in-ing,z-zh,s-sh,j-q-x	1
待人接物	dài rén jiē wù	62516	en-eng,ai-ei,ia-ie,r-l,j-q-x	1
待兔守株	dài tù shǒu zhū	62517	ai-ei,ao-ou,z-zh,s-sh	1
待字闺中	dài zì guī zhōng	62520	ai-ei,z-zh	1
待时守分	dài shí shǒu fèn	62521	en-eng,ai-ei,ao-ou,s-sh,h-f	1
待时而动	dài shí ér dòng	62522	ai-ei,s-sh	1
待月西厢	dài yuè xī xiāng	62523	ian-iang,ai-ei,j-q-x	1
待理不理	dài lǐ bù lǐ	62524	ai-ei,n-l,r-l	1
待贾而沽	dài jiǎ ér gū	62526	ai-ei,ia-ie,j-q-x	1
徒唤奈何	tú huàn nài hé	62532	uan-uang,ai-ei,n-l,h-f	1
徒有其名	tú yǒu qí míng	62533	in-ing,ao-ou,j-q-x	1
徒读父书	tú dú fù shū	62534	s-sh,h-f	1
得不偿丧	dé bù cháng sàng	62536	an-ang,c-ch,s-sh	1
得不补失	dé bù bǔ shī	62537	s-sh	1
得不酬失	dé bù chóu shī	62538	ao-ou,c-ch,s-sh	1
得人死力	dé rén sǐ lì	62540	en-eng,s-sh,n-l,r-l	1
得兔忘蹄	dé tù wàng tí	62541	an-ang	1
得其三昧	dé qí sān mèi	62542	an-ang,ai-ei,s-sh,j-q-x	1
得喝水了	děi hē shuǐ le	62543	ai-ei,s-sh,n-l,h-f,r-l	1
得失参半	dé shī cān bàn	62544	an-ang,c-ch,s-sh	1
得失在人	dé shī zài rén	62545	en-eng,ai-ei,z-zh,s-sh,r-l	1
得失成败	dé shī chéng bài	62546	en-eng,ai-ei,c-ch,s-sh	1
得失相半	dé shī xiāng bàn	62547	an-ang,ian-iang,s-sh,j-q-x	1
得失荣枯	dé shī róng kū	62548	s-sh,r-l	1
得婿如龙	dé xù rú lóng	62549	n-l,r-l,j-q-x	1
得寸得尺	dé cùn dé chǐ	62550	c-ch	1
得尺得寸	dé chǐ dé cùn	62551	c-ch	1
得意之作	dé yì zhī zuò	62552	ua-uo,z-zh	1
得意之色	dé yì zhī sè	62553	z-zh,s-sh	1
得意忘言	dé yì wàng yán	62554	an-ang	1
得意忘象	dé yì wàng xiàng	62555	an-ang,ian-iang,j-q-x	1
得意起来	dé yì qǐ lái	62556	ai-ei,n-l,r-l,j-q-x	1
得意门生	dé yì mén shēng	62557	en-eng,s-sh	1
得手应心	dé shǒu yīng xīn	62558	in-ing,ao-ou,s-sh,j-q-x	1
得月较先	dé yuè jiào xiān	62559	ian-iang,j-q-x	1
得未尝有	dé wèi cháng yǒu	62560	an-ang,ai-ei,ao-ou,c-ch	1
得未曾有	dé wèi céng yǒu	62561	en-eng,ai-ei,ao-ou,c-ch	1
得步进步	dé bù jìn bù	62562	in-ing,j-q-x	1
得胜回朝	dé shèng huí cháo	62563	en-eng,ao-ou,c-ch,s-sh,h-f	1
得胜头回	dé shèng tóu huí	62564	en-eng,ao-ou,s-sh,h-f	1
得薄能鲜	dé bó néng xiān	62565	en-eng,ian-iang,n-l,j-q-x	1
得道多助	dé dào duō zhù	62566	ao-ou,ua-uo,z-zh	1
得马失马	dé mǎ shī mǎ	62568	s-sh	1
得马折足	dé mǎ shé zú	62569	z-zh,s-sh	1
得马生灾	dé mǎ shēng zāi	62570	en-eng,ai-ei,z-zh,s-sh	1
得鱼忘筌	dé yú wàng quán	62571	an-ang,uan-uang,j-q-x	3
得鱼忘荃	dé yú wàng quán	62572	an-ang,uan-uang,j-q-x	3
徙善远罪	xǐ shàn yuǎn zuì	62573	an-ang,uan-uang,z-zh,s-sh,j-q-x	1
徙宅忘妻	xǐ zhái wàng qī	62574	an-ang,ai-ei,z-zh,j-q-x	1
徙薪曲突	xǐ xīn qū tū	62575	in-ing,j-q-x	1
御沟红叶	yù gōu hóng yè	62576	ao-ou,h-f	1
循名核实	xún míng hé shí	62577	in-ing,s-sh,h-f,j-q-x	1
循诵习传	xún sòng xí chuán	62579	uan-uang,c-ch,s-sh,j-q-x	1
微服私行	wēi fú sī xíng	62583	in-ing,ai-ei,s-sh,h-f,j-q-x	1
微言大谊	wēi yán dà yì	62585	an-ang,ai-ei	1
微过细故	wēi guò xì gù	62586	ai-ei,ua-uo,j-q-x	1
德尊望重	dé zūn wàng zhòng	62589	an-ang,z-zh	1
德州扒鸡	dé zhōu pá jī	62590	ao-ou,z-zh,j-q-x	1
德浅行薄	dé qiǎn xíng báo	62591	in-ing,ian-iang,ao-ou,j-q-x	1
德薄才疏	dé bó cái shū	62592	ai-ei,c-ch,s-sh	1
德薄才鲜	dé báo cái xiān	62593	ian-iang,ai-ei,ao-ou,c-ch,j-q-x	1
德薄能鲜	dé bó néng xiǎn	62594	en-eng,ian-iang,n-l,j-q-x	1
德配天地	dé pèi tiān dì	62595	ian-iang,ai-ei	1
德重恩弘	dé zhòng ēn hóng	62596	en-eng,z-zh,h-f	1
德隆望重	dé lóng wàng zhòng	62597	an-ang,z-zh,n-l,r-l	1
德音莫违	dé yīn mò wéi	62598	in-ing,ai-ei	1
心上心下	xīn shàng xīn xià	62601	in-ing,an-ang,ia-ie,s-sh,j-q-x	1
心不两用	xīn bù liǎng yòng	62602	in-ing,ian-iang,n-l,r-l,j-q-x	1
心不应口	xīn bù yīng kǒu	62603	in-ing,ao-ou,j-q-x	1
心不由主	xīn bù yóu zhǔ	62604	in-ing,ao-ou,z-zh,j-q-x	1
心不由意	xīn bù yóu yì	62605	in-ing,ao-ou,j-q-x	1
心中一懔	xīn zhōng yì lǐn	62607	in-ing,z-zh,n-l,r-l,j-q-x	5
心中无数	xīn zhōng wú shù	62608	in-ing,z-zh,s-sh,j-q-x	1
心低意沮	xīn dī yì jǔ	62610	in-ing,j-q-x	1
心去难留	xīn qù nán liú	62612	in-ing,an-ang,n-l,r-l,j-q-x	1
心口不一	xīn kǒu bù yī	62613	in-ing,ao-ou,j-q-x	1
心口相应	xīn kǒu xiāng yīng	62614	in-ing,ian-iang,ao-ou,j-q-x	1
心同止水	xīn tóng zhǐ shuǐ	62615	in-ing,z-zh,s-sh,j-q-x	1
心回意转	xīn huí yì zhuǎn	62616	in-ing,uan-uang,z-zh,h-f,j-q-x	1
心在魏阙	xīn zài wèi què	62617	in-ing,ai-ei,z-zh,j-q-x	3
心坚石穿	xīn jiān shí chuān	62618	in-ing,ian-iang,uan-uang,c-ch,s-sh,j-q-x	1
心头撞鹿	xīn tóu zhuàng lù	62619	in-ing,uan-uang,ao-ou,z-zh,n-l,r-l,j-q-x	1
心头鹿撞	xīn tóu lù zhuàng	62620	in-ing,uan-uang,ao-ou,z-zh,n-l,r-l,j-q-x	1
心如坚石	xīn rú jiān shí	62621	in-ing,ian-iang,s-sh,r-l,j-q-x	1
心如木石	xīn rú mù shí	62622	in-ing,s-sh,r-l,j-q-x	1
心如金石	xīn rú jīn shí	62623	in-ing,s-sh,r-l,j-q-x	1
心如铁石	xīn rú tiě shí	62624	in-ing,ia-ie,s-sh,r-l,j-q-x	1
心存疑虑	xīn cún yí lǜ	62625	in-ing,c-ch,n-l,r-l,j-q-x	1
心寒胆落	xīn hán dǎn luò	62626	in-ing,an-ang,ua-uo,n-l,h-f,r-l,j-q-x	1
心小志大	xīn xiǎo zhì dà	62627	in-ing,z-zh,j-q-x	1
心惊胆落	xīn jīng dǎn luò	62628	in-ing,an-ang,ua-uo,n-l,r-l,j-q-x	1
心惊胆裂	xīn jīng dǎn liè	62629	in-ing,an-ang,ia-ie,n-l,r-l,j-q-x	1
心惊胆颤	xīn jīng dǎn zhàn	62630	in-ing,an-ang,z-zh,j-q-x	1
心慌撩乱	xīn huāng liáo luàn	62631	in-ing,uan-uang,n-l,h-f,r-l,j-q-x	1
心慕手追	xīn mù shǒu zhuī	62632	in-ing,ao-ou,z-zh,s-sh,j-q-x	1
心手相应	xīn shǒu xiāng yìng	62633	in-ing,ian-iang,ao-ou,s-sh,j-q-x	1
心手相忘	xīn shǒu xiāng wàng	62634	in-ing,an-ang,ian-iang,ao-ou,s-sh,j-q-x	1
心拙口夯	xīn zhuō kǒu bèn	62636	en-eng,in-ing,ao-ou,ua-uo,z-zh,j-q-x	1
心摹手追	xīn mó shǒu zhuī	62637	in-ing,ao-ou,z-zh,s-sh,j-q-x	1
心无旁骛	xīn wú páng wù	62639	in-ing,an-ang,j-q-x	3
心旷神愉	xīn kuàng shén yú	62640	en-eng,in-ing,uan-uang,s-sh,j-q-x	1
心服首肯	xīn fú shǒu kěn	62641	en-eng,in-ing,ao-ou,s-sh,h-f,j-q-x	1
心术不正	xīn shù bù zhèng	62642	en-eng,in-ing,z-zh,s-sh,j-q-x	1
心术不端	xīn shù bù duān	62643	in-ing,uan-uang,s-sh,j-q-x	1
心殒胆落	xīn yǔn dǎn luò	62644	in-ing,an-ang,ua-uo,n-l,r-l,j-q-x	3
心浮气盛	xīn fú qì shèng	62645	en-eng,in-ing,s-sh,h-f,j-q-x	1
心满意得	xīn mǎn yì dé	62646	in-ing,an-ang,j-q-x	1
心焦火燎	xīn jiāo huǒ liáo	62647	in-ing,ua-uo,n-l,h-f,r-l,j-q-x	3
心狠手毒	xīn hěn shǒu dú	62648	en-eng,in-ing,ao-ou,s-sh,h-f,j-q-x	1
心电感应	xīn diàn gǎn yìng	62650	in-ing,an-ang,ian-iang,j-q-x	1
心痒难抓	xīn yǎng nán zhuā	62652	in-ing,an-ang,ua-uo,z-zh,n-l,j-q-x	1
心痒难挝	xīn yǎng nán zhuā	62653	in-ing,an-ang,ua-uo,z-zh,n-l,j-q-x	3
心痒难挠	xīn yǎng nán náo	62654	in-ing,an-ang,ao-ou,n-l,j-q-x	1
心痒难揉	xīn yǎng nán róu	62655	in-ing,an-ang,ao-ou,n-l,r-l,j-q-x	1
心瞻魏阙	xīn zhān wèi què	62656	in-ing,an-ang,ai-ei,z-zh,j-q-x	3
心知其意	xīn zhī qí yì	62657	in-ing,z-zh,j-q-x	1
心神不宁	xīn shén bù níng	62658	en-eng,in-ing,s-sh,n-l,j-q-x	1
心神不定	xīn shén bù dìng	62659	en-eng,in-ing,s-sh,j-q-x	1
心粗胆大	xīn cū dǎn dà	62660	in-ing,an-ang,c-ch,j-q-x	1
心细于发	xīn xì yú fā	62661	in-ing,h-f,j-q-x	1
心细如发	xīn xì rú fà	62662	in-ing,h-f,r-l,j-q-x	1
心织笔耕	xīn zhī bǐ gēng	62663	en-eng,in-ing,z-zh,j-q-x	1
心肌梗塞	xīn jī gěng sè	62664	en-eng,in-ing,s-sh,j-q-x	1
心腹大患	xīn fù dà huàn	62665	in-ing,uan-uang,h-f,j-q-x	1
心腹重患	xīn fù zhòng huàn	62666	in-ing,uan-uang,z-zh,h-f,j-q-x	1
心花怒发	xīn huā nù fā	62667	in-ing,ua-uo,n-l,h-f,j-q-x	1
心若死灰	xīn ruò sǐ huī	62668	in-ing,ua-uo,s-sh,h-f,r-l,j-q-x	1
心逸日休	xīn yì rì xiū	62670	in-ing,r-l,j-q-x	1
心长力短	xīn cháng lì duǎn	62671	in-ing,an-ang,uan-uang,c-ch,n-l,r-l,j-q-x	1
心长发短	xīn cháng fà duǎn	62672	in-ing,an-ang,uan-uang,c-ch,h-f,j-q-x	1
心长绠短	xīn cháng gěng duǎn	62673	en-eng,in-ing,an-ang,uan-uang,c-ch,j-q-x	3
心雄万夫	xīn xióng wàn fū	62674	in-ing,an-ang,h-f,j-q-x	1
心非巷议	xīn fēi xiàng yì	62675	in-ing,ian-iang,ai-ei,h-f,j-q-x	1
心领意会	xīn lǐng yì huì	62676	in-ing,n-l,h-f,r-l,j-q-x	1
心驰魏阙	xīn chí wèi què	62677	in-ing,ai-ei,c-ch,j-q-x	3
必不可少	bì bù kě shǎo	62678	ao-ou,s-sh	1
必不得已	bì bù dé yǐ	62679		1
必不挠北	bì bù náo běi	62680	ai-ei,ao-ou,n-l	1
必也正名	bì yě zhèng míng	62681	en-eng,in-ing,z-zh	1
必争之地	bì zhēng zhī dì	62682	en-eng,z-zh	1
必操胜券	bì cāo shèng quàn	62683	en-eng,uan-uang,ao-ou,c-ch,s-sh,j-q-x	1
必然王国	bì rán wáng guó	62684	an-ang,ua-uo,r-l	1
必要产品	bì yào chǎn pǐn	62685	in-ing,an-ang,ao-ou,c-ch	1
必要劳动	bì yào láo dòng	62686	ao-ou,n-l,r-l	1
必要条件	bì yào tiáo jiàn	62687	ian-iang,ao-ou,j-q-x	1
必躬必亲	bì gōng bì qīn	62688	in-ing,j-q-x	1
忍俊不住	rěn jùn bù zhù	62689	en-eng,z-zh,r-l,j-q-x	1
忐上忑下	tǎn shàng tè xià	62690	an-ang,ia-ie,s-sh,j-q-x	3
忐忑不定	tǎn tè bù dìng	62691	in-ing,an-ang	3
志坚行苦	zhì jiān xíng kǔ	62692	in-ing,ian-iang,z-zh,j-q-x	1
志广才疏	zhì guǎng cái shū	62693	uan-uang,ai-ei,z-zh,c-ch,s-sh	1
志得气盈	zhì dé qì yíng	62694	in-ing,z-zh,j-q-x	1
志洁行芳	zhì jié xíng fāng	62695	in-ing,an-ang,ia-ie,z-zh,h-f,j-q-x	1
志满意得	zhì mǎn yì dé	62696	an-ang,z-zh	1
志满气得	zhì mǎn qì dé	62697	an-ang,z-zh,j-q-x	1
志美行厉	zhì měi xíng lì	62698	in-ing,ai-ei,z-zh,n-l,r-l,j-q-x	1
忘乎其形	wàng hū qí xíng	62700	in-ing,an-ang,h-f,j-q-x	1
忘其所以	wàng qí suǒ yǐ	62701	an-ang,ua-uo,s-sh,j-q-x	1
忘啜废枕	wàng chuò fèi zhěn	62702	en-eng,an-ang,ai-ei,ua-uo,z-zh,c-ch,h-f	3
忘寝废食	wàng qǐn fèi shí	62703	in-ing,an-ang,ai-ei,s-sh,h-f,j-q-x	1
忘年之契	wàng nián zhī qì	62704	an-ang,ian-iang,z-zh,n-l,j-q-x	1
忘年之好	wàng nián zhī hǎo	62705	an-ang,ian-iang,ao-ou,z-zh,n-l,h-f	1
忘形之契	wàng xíng zhī qì	62706	in-ing,an-ang,z-zh,j-q-x	1
忘恩背义	wàng ēn bèi yì	62707	en-eng,an-ang,ai-ei	1
忘象得意	wàng xiàng dé yì	62708	an-ang,ian-iang,j-q-x	1
忙不择价	máng bù zé jià	62709	an-ang,ia-ie,z-zh,j-q-x	1
忙中有失	máng zhōng yǒu shī	62710	an-ang,ao-ou,z-zh,s-sh	1
忙忙碌碌	máng máng lù lù	62711	an-ang,n-l,r-l	1
忠不避危	zhōng bù bì wēi	62712	ai-ei,z-zh	1
忠孝节义	zhōng xiào jié yì	62715	ia-ie,z-zh,j-q-x	1
忧国忘家	yōu guó wàng jiā	62716	an-ang,ao-ou,ia-ie,ua-uo,j-q-x	1
忧心悄悄	yōu xīn qiāo qiāo	62717	in-ing,ao-ou,j-q-x	1
忧深思远	yōu shēn sī yuǎn	62718	en-eng,uan-uang,ao-ou,s-sh	1
忧盛危明	yōu shèng wēi míng	62719	en-eng,in-ing,ai-ei,ao-ou,s-sh	1
快意当前	kuài yì dāng qián	62720	an-ang,ian-iang,j-q-x	1
快犊破车	kuài dú pò chē	62721	c-ch	3
念兹在兹	niàn zī zài zī	62725	ian-iang,ai-ei,z-zh,n-l	1
忸怩不安	niǔ ní bù ān	62726	an-ang,n-l	3
忽忽不乐	hū hū bù lè	62728	n-l,h-f,r-l	1
忿不顾身	fèn bù gù shēn	62729	en-eng,s-sh,h-f	1
忿忿不平	fèn fèn bù píng	62730	en-eng,in-ing,h-f	1
忿火中烧	fèn huǒ zhōng shāo	62731	en-eng,ao-ou,ua-uo,z-zh,s-sh,h-f	1
怀敌附远	huái dí fù yuǎn	62733	uan-uang,h-f	1
怀珠韫玉	huái zhū yùn yù	62734	z-zh,h-f	3
怀璧其罪	huái bì qí zuì	62735	z-zh,h-f,j-q-x	1
怀着鬼胎	huái zhe guǐ tāi	62736	ai-ei,z-zh,h-f	1
怀铅提椠	huái qiān tí qiàn	62738	ian-iang,h-f,j-q-x	3
怀铅握椠	huái qiān wò qiàn	62739	ian-iang,h-f,j-q-x	3
怅然若失	chàng rán ruò shī	62740	an-ang,ua-uo,c-ch,s-sh,r-l	3
怆地呼天	chuàng dì hū tiān	62741	ian-iang,uan-uang,c-ch,h-f	3
怆天呼地	chuàng tiān hū dì	62742	ian-iang,uan-uang,c-ch,h-f	3
怏怏不悦	yàng yàng bù yuè	62744	an-ang	3
怒气冲冲	nù qì chōng chōng	62745	c-ch,n-l,j-q-x	1
怒气冲天	nù qì chōng tiān	62746	ian-iang,c-ch,n-l,j-q-x	1
怒气填胸	nù qì tián xiōng	62747	ian-iang,n-l,j-q-x	1
怒火冲天	nù huǒ chōng tiān	62748	ian-iang,ua-uo,c-ch,n-l,h-f	1
怒目切齿	nù mù qiè chǐ	62749	ia-ie,c-ch,n-l,j-q-x	1
怒目横眉	nù mù héng méi	62750	en-eng,ai-ei,n-l,h-f	1
怕风怯雨	pà fēng qiè yǔ	62753	en-eng,ia-ie,h-f,j-q-x	1
怕鬼有鬼	pà guǐ yǒu guǐ	62754	ao-ou	1
怙终不悔	hù zhōng bù huǐ	62755	z-zh,h-f	3
怙终不悛	hù zhōng bù quān	62756	uan-uang,z-zh,h-f,j-q-x	3
怙过不悛	hù guò bù quān	62757	uan-uang,ua-uo,h-f,j-q-x	3
怙顽不悛	hù wán bù quān	62758	an-ang,uan-uang,h-f,j-q-x	3
思不出位	sī bù chū wèi	62759	ai-ei,c-ch,s-sh	1
思如涌泉	sī rú yǒng quán	62761	uan-uang,s-sh,r-l,j-q-x	1
思妇病母	sī fù bìng mǔ	62762	in-ing,s-sh,h-f	1
思归其雌	sī guī qí cí	62763	c-ch,s-sh,j-q-x	1
思患预防	sī huàn yù fáng	62764	an-ang,uan-uang,s-sh,h-f	1
思所逐之	sī suǒ zhú zhī	62767	ua-uo,z-zh,s-sh	1
思深忧远	sī shēn yōu yuǎn	62769	en-eng,uan-uang,ao-ou,s-sh	1
思潮起伏	sī cháo qǐ fú	62770	ao-ou,c-ch,s-sh,h-f,j-q-x	1
思绪万千	sī xù wàn qiān	62771	an-ang,ian-iang,s-sh,j-q-x	1
思维能力	sī wéi néng lì	62772	en-eng,ai-ei,s-sh,n-l,r-l	1
思贤如渴	sī xián rú kě	62773	ian-iang,s-sh,r-l,j-q-x	1
怡堂燕雀	yí táng yàn què	62776	an-ang,j-q-x	1
怡然自乐	yí rán zì lè	62777	an-ang,z-zh,n-l,r-l	1
怡然自若	yí rán zì ruò	62778	an-ang,ua-uo,z-zh,r-l	1
急不及待	jí bù jí dài	62779	ai-ei,j-q-x	1
急不择言	jí bù zé yán	62780	an-ang,z-zh,j-q-x	1
急不择路	jí bù zé lù	62781	z-zh,n-l,r-l,j-q-x	1
急不择途	jí bù zé tú	62782	z-zh,j-q-x	1
急不暇择	jí bù xiá zé	62783	ia-ie,z-zh,j-q-x	1
急人之难	jí rén zhī nán	62784	en-eng,an-ang,z-zh,n-l,r-l,j-q-x	1
急公好施	jí gōng hào shī	62785	ao-ou,s-sh,h-f,j-q-x	1
急功好利	jí gōng hào lì	62786	ao-ou,n-l,h-f,r-l,j-q-x	1
急处从宽	jí chù cóng kuān	62787	uan-uang,c-ch,j-q-x	1
急如风火	jí rú fēng huǒ	62788	en-eng,ua-uo,h-f,r-l,j-q-x	1
急张拘诸	jí zhāng jū zhū	62789	an-ang,z-zh,j-q-x	1
急拍繁弦	jí pāi fán xián	62790	an-ang,ian-iang,ai-ei,h-f,j-q-x	1
急敛暴征	jí liǎn bào zhēng	62792	en-eng,ian-iang,ao-ou,z-zh,n-l,r-l,j-q-x	1
急景凋年	jí yǐng diāo nián	62793	in-ing,ian-iang,n-l,j-q-x	3
急景流年	jí jǐng liú nián	62794	in-ing,ian-iang,n-l,r-l,j-q-x	1
急竹繁丝	jí zhú fán sī	62795	an-ang,z-zh,s-sh,h-f,j-q-x	1
急管繁弦	jí guǎn fán xián	62796	an-ang,ian-iang,uan-uang,h-f,j-q-x	1
急脉缓受	jí mài huǎn shòu	62797	uan-uang,ai-ei,ao-ou,s-sh,h-f,j-q-x	1
急脉缓灸	jí mài huǎn jiǔ	62798	uan-uang,ai-ei,h-f,j-q-x	1
急风骤雨	jí fēng zhòu yǔ	62802	en-eng,ao-ou,z-zh,h-f,j-q-x	1
怨入骨髓	yuàn rù gǔ suǐ	62805	uan-uang,s-sh,r-l	1
怨天怨地	yuàn tiān yuàn dì	62806	ian-iang,uan-uang	1
怨女旷夫	yuàn nǚ kuàng fū	62808	uan-uang,n-l,h-f	1
怨家债主	yuàn jiā zhài zhǔ	62809	uan-uang,ai-ei,ia-ie,z-zh,j-q-x	1
怨气冲天	yuàn qì chōng tiān	62811	ian-iang,uan-uang,c-ch,j-q-x	1
怪诞诡奇	guài dàn guǐ qí	62813	an-ang,j-q-x	1
怪雨盲风	guài yǔ máng fēng	62814	en-eng,an-ang,h-f	1
怫然不悦	fú rán bù yuè	62815	an-ang,h-f,r-l	3
怯头怯脑	qiè tóu qiè nǎo	62816	ao-ou,ia-ie,n-l,j-q-x	1
总角之交	zǒng jiǎo zhī jiāo	62820	z-zh,j-q-x	1
总角之好	zǒng jiǎo zhī hǎo	62821	ao-ou,z-zh,h-f,j-q-x	1
恋恋难舍	liàn liàn nán shě	62823	an-ang,ian-iang,s-sh,n-l,r-l	1
恋栈不去	liàn zhàn bù qù	62824	an-ang,ian-iang,z-zh,n-l,r-l,j-q-x	1
恍然若失	huǎng rán ruò shī	62825	an-ang,uan-uang,ua-uo,s-sh,h-f,r-l	1
恐怖分子	kǒng bù fèn zi	62826	en-eng,z-zh,h-f	1
恐慌万状	kǒng huāng wàn zhuàng	62827	an-ang,uan-uang,z-zh,h-f	1
恒河一沙	héng hé yī shā	62828	en-eng,s-sh,h-f	1
恒河沙数	héng hé shā shù	62829	en-eng,s-sh,h-f	1
恕不奉陪	shù bù fèng péi	62831	en-eng,ai-ei,s-sh,h-f	1
恢宏大度	huī hóng dà dù	62833	h-f	1
恢廓大度	huī kuò dà dù	62834	ua-uo,h-f	1
恢恢有余	huī huī yǒu yú	62835	ao-ou,h-f	1
恣凶稔恶	zì xiōng rěn è	62836	en-eng,z-zh,r-l,j-q-x	3
恣心纵欲	zì xīn zòng yù	62837	in-ing,z-zh,j-q-x	3
恣情纵欲	zì qíng zòng yù	62838	in-ing,z-zh,j-q-x	3
恣意妄为	zì yì wàng wéi	62839	an-ang,ai-ei,z-zh	3
恣意妄行	zì yì wàng xíng	62840	in-ing,an-ang,z-zh,j-q-x	3
恣无忌惮	zì wú jì dàn	62841	an-ang,z-zh,j-q-x	3
恣睢无忌	zì suī wú jì	62842	z-zh,s-sh,j-q-x	3
恣行无忌	zì xíng wú jì	62844	in-ing,z-zh,j-q-x	3
恨入骨髓	hèn rù gǔ suǐ	62846	en-eng,s-sh,h-f,r-l	1
恨如头醋	hèn rú tóu cù	62847	en-eng,ao-ou,c-ch,h-f,r-l	1
恨海难填	hèn hǎi nán tián	62848	en-eng,an-ang,ian-iang,ai-ei,n-l,h-f	1
恨相知晚	hèn xiāng zhī wǎn	62849	en-eng,an-ang,ian-iang,z-zh,h-f,j-q-x	1
恨相见晚	hèn xiāng jiàn wǎn	62850	en-eng,an-ang,ian-iang,h-f,j-q-x	1
恩不放债	ēn bù fàng zhài	62851	en-eng,an-ang,ai-ei,z-zh,h-f	1
恩同再造	ēn tóng zài zào	62852	en-eng,ai-ei,ao-ou,z-zh	1
恩同山岳	ēn tóng shān yuè	62853	en-eng,an-ang,s-sh	1
恩同父母	ēn tóng fù mǔ	62854	en-eng,h-f	1
恩威并用	ēn wēi bìng yòng	62855	en-eng,in-ing,ai-ei	1
恩威并行	ēn wēi bìng xíng	62856	en-eng,in-ing,ai-ei,j-q-x	1
恩怨分明	ēn yuàn fēn míng	62857	en-eng,in-ing,uan-uang,h-f	1
恩恩相报	ēn ēn xiāng bào	62858	en-eng,ian-iang,ao-ou,j-q-x	1
恩有重报	ēn yǒu zhòng bào	62859	en-eng,ao-ou,z-zh	1
恩深义重	ēn shēn yì zhòng	62860	en-eng,z-zh,s-sh	1
恩甚怨生	ēn shèn yuàn shēng	62861	en-eng,uan-uang,s-sh	1
恩若再生	ēn ruò zài shēng	62862	en-eng,ai-ei,ua-uo,z-zh,s-sh,r-l	1
恩荣并济	ēn róng bìng jì	62863	en-eng,in-ing,r-l,j-q-x	1
恩重泰山	ēn zhòng tài shān	62864	en-eng,an-ang,ai-ei,z-zh,s-sh	1
恪守不渝	kè shǒu bù yú	62865	ao-ou,s-sh	3
恫疑虚喝	dòng yí xū hè	62866	h-f,j-q-x	3
恬不为怪	tián bù wéi guài	62867	ian-iang,ai-ei	1
恬不为意	tián bù wéi yì	62868	ian-iang,ai-ei	1
恬不知怪	tián bù zhī guài	62869	ian-iang,z-zh	1
恬不知愧	tián bù zhī kuì	62870	ian-iang,z-zh	1
恬不知羞	tián bù zhī xiū	62871	ian-iang,z-zh,j-q-x	1
恬淡无为	tián dàn wú wéi	62873	an-ang,ian-iang,ai-ei	1
恭而有礼	gōng ér yǒu lǐ	62874	ao-ou,n-l,r-l	1
恭行天罚	gōng xíng tiān fá	62875	in-ing,ian-iang,h-f,j-q-x	1
恭逢其盛	gōng féng qí shèng	62876	en-eng,s-sh,h-f,j-q-x	1
息迹静处	xī jì jìng chù	62878	in-ing,c-ch,j-q-x	1
恰到好处	qià dào hǎo chù	62880	ao-ou,ia-ie,c-ch,h-f,j-q-x	1
恶不去善	wù bù qù shàn	62881	an-ang,s-sh,j-q-x	1
恶叉白赖	è chā bái lài	62886	ai-ei,c-ch,n-l,r-l	1
恶尘无染	è chén wú rǎn	62890	en-eng,an-ang,c-ch,r-l	1
恶居下流	wù jū xià liú	62891	ia-ie,n-l,r-l,j-q-x	1
恶性循环	è xìng xún huán	62892	in-ing,uan-uang,h-f,j-q-x	1
恶恶从短	wù wù cóng duǎn	62893	uan-uang,c-ch	1
恶意中伤	è yì zhòng shāng	62894	an-ang,z-zh,s-sh	1
恶有恶报	è yǒu è bào	62895	ao-ou	1
恶湿居下	wù shī jū xià	62896	ia-ie,s-sh,j-q-x	1
恶直丑正	è zhí chǒu zhèng	62900	en-eng,ao-ou,z-zh,c-ch	1
恶积祸盈	è jī huò yíng	62902	in-ing,ua-uo,h-f,j-q-x	1
恶籍盈指	è jí yíng zhǐ	62903	in-ing,z-zh,j-q-x	1
恶紫夺朱	wù zǐ duó zhū	62904	ua-uo,z-zh	1
恶衣恶食	è yī è shí	62905	s-sh	1
恶衣粝食	è yī lì shí	62906	s-sh,n-l,r-l	3
恶衣菲食	è yī fēi shí	62907	ai-ei,s-sh,h-f	1
恶衣蔬食	è yī shū shí	62908	s-sh	1
恶言厉色	è yán lì sè	62910	an-ang,s-sh,n-l,r-l	1
恶言詈辞	è yán lì cí	62911	an-ang,c-ch,n-l,r-l	3
恶语中伤	è yǔ zhòng shāng	62912	an-ang,z-zh,s-sh	1
恶语伤人	è yǔ shāng rén	62913	en-eng,an-ang,s-sh,r-l	1
恶语相加	è yǔ xiāng jiā	62914	ian-iang,ia-ie,j-q-x	1
恶贯已盈	è guàn yǐ yíng	62915	in-ing,uan-uang	1
恶迹昭着	è jì zhāo zhe	62918	ao-ou,z-zh,j-q-x	1
恶迹昭著	è jì zhāo zhù	62919	ao-ou,z-zh,j-q-x	1
恶醉强酒	wù zuì qiǎng jiǔ	62920	ian-iang,z-zh,j-q-x	1
悄然无声	qiǎo rán wú shēng	62924	en-eng,an-ang,s-sh,r-l,j-q-x	1
悉索薄赋	xī suǒ bó fù	62925	ua-uo,s-sh,h-f,j-q-x	1
悍然不顾	hàn rán bù gù	62926	an-ang,h-f,r-l	1
悒悒不乐	yì yì bù lè	62927	n-l,r-l	3
悔之不及	huǐ zhī bù jí	62928	z-zh,h-f,j-q-x	1
悔其少作	huǐ qí shǎo zuò	62929	ao-ou,ua-uo,z-zh,s-sh,h-f,j-q-x	1
悔读南华	huǐ dú nán huá	62930	an-ang,ua-uo,n-l,h-f	1
悔过自责	huǐ guò zì zé	62931	ua-uo,z-zh,h-f	1
悠游自得	yōu yóu zì dé	62933	ao-ou,z-zh	1
患难之交	huàn nàn zhī jiāo	62934	an-ang,uan-uang,z-zh,n-l,h-f,j-q-x	1
患难夫妻	huàn nàn fū qī	62935	an-ang,uan-uang,n-l,h-f,j-q-x	1
悦近来远	yuè jìn lái yuǎn	62936	in-ing,uan-uang,ai-ei,n-l,r-l,j-q-x	1
悬剑空垄	xuán jiàn kōng lǒng	62937	ian-iang,uan-uang,n-l,r-l,j-q-x	1
悬头刺股	xuán tóu cì gǔ	62938	uan-uang,ao-ou,c-ch,j-q-x	1
悬崖撒手	xuán yá sā shǒu	62939	uan-uang,ao-ou,s-sh,j-q-x	1
悬崖转石	xuán yá zhuǎn shí	62940	uan-uang,z-zh,s-sh,j-q-x	1
悬旌万里	xuán jīng wàn lǐ	62941	in-ing,an-ang,uan-uang,n-l,r-l,j-q-x	3
悬梁刺股	xuán liáng cì gǔ	62942	ian-iang,uan-uang,c-ch,n-l,r-l,j-q-x	1
悬梁刺骨	xuán liáng cì gǔ	62943	ian-iang,uan-uang,c-ch,n-l,r-l,j-q-x	1
悬石程书	xuán dàn chéng shū	62944	en-eng,an-ang,uan-uang,c-ch,s-sh,j-q-x	1
悬肠挂肚	xuán cháng guà dù	62945	an-ang,uan-uang,ua-uo,c-ch,j-q-x	1
悬若日月	xuán ruò rì yuè	62946	uan-uang,ua-uo,r-l,j-q-x	1
悬车之岁	xuán chē zhī suì	62947	uan-uang,z-zh,c-ch,s-sh,j-q-x	1
悬车之年	xuán chē zhī nián	62948	ian-iang,uan-uang,z-zh,c-ch,n-l,j-q-x	1
悬车告老	xuán chē gào lǎo	62949	uan-uang,ao-ou,c-ch,n-l,r-l,j-q-x	1
悬车束马	xuán chē shù mǎ	62950	uan-uang,c-ch,s-sh,j-q-x	1
悬车致仕	xuán chē zhì shì	62951	uan-uang,z-zh,c-ch,s-sh,j-q-x	3
悬首吴阙	xuán shǒu wú què	62953	uan-uang,ao-ou,s-sh,j-q-x	3
悬驼就石	xuán tuó jiù shí	62954	uan-uang,ua-uo,s-sh,j-q-x	1
悬鹑百结	xuán chún bǎi jié	62955	uan-uang,ai-ei,ia-ie,c-ch,j-q-x	3
悬鼓待椎	xuán gǔ dài zhuī	62956	uan-uang,ai-ei,z-zh,j-q-x	1
悬龟系鱼	xuán guī xì yú	62957	uan-uang,j-q-x	1
悲不自胜	bēi bù zì shèng	62958	en-eng,ai-ei,z-zh,s-sh	1
悲从中来	bēi cóng zhōng lái	62959	ai-ei,z-zh,c-ch,n-l,r-l	1
悲声载道	bēi shēng zài dào	62960	en-eng,ai-ei,ao-ou,z-zh,s-sh	1
悲悲切切	bēi bēi qiè qiē	62961	ai-ei,ia-ie,j-q-x	1
悲愤填膺	bēi fèn tián yīng	62962	en-eng,in-ing,ian-iang,ai-ei,h-f	3
悲歌击筑	bēi gē jī zhù	62963	ai-ei,z-zh,j-q-x	1
悲观厌世	bēi guān yàn shì	62964	an-ang,uan-uang,ai-ei,s-sh	1
情不可却	qíng bù kě què	62965	in-ing,j-q-x	1
情不自已	qíng bù zì yǐ	62966	in-ing,z-zh,j-q-x	1
情凄意切	qíng qī yì qiè	62967	in-ing,ia-ie,j-q-x	1
情同一家	qíng tóng yī jiā	62968	in-ing,ia-ie,j-q-x	1
情同骨肉	qíng tóng gǔ ròu	62969	in-ing,ao-ou,r-l,j-q-x	1
情孚意合	qíng fú yì hé	62970	in-ing,h-f,j-q-x	3
情投契合	qíng tóu qì hé	62971	in-ing,ao-ou,h-f,j-q-x	1
情投谊合	qíng tóu yì hé	62972	in-ing,ao-ou,h-f,j-q-x	1
情文并茂	qíng wén bìng mào	62973	en-eng,in-ing,ao-ou,j-q-x	1
情深义重	qíng shēn yì zhòng	62974	en-eng,in-ing,z-zh,s-sh,j-q-x	1
情深意重	qíng shēn yì zhòng	62975	en-eng,in-ing,z-zh,s-sh,j-q-x	1
情深骨肉	qíng shēn gǔ ròu	62976	en-eng,in-ing,ao-ou,s-sh,r-l,j-q-x	1
情理难容	qíng lǐ nán róng	62977	in-ing,an-ang,n-l,r-l,j-q-x	1
情至意尽	qíng zhì yì jìn	62978	in-ing,z-zh,j-q-x	1
情见乎言	qíng jiàn hū yán	62979	in-ing,an-ang,ian-iang,h-f,j-q-x	1
情见乎词	qíng jiàn hū cí	62980	in-ing,ian-iang,c-ch,h-f,j-q-x	1
情见乎辞	qíng xiàn hū cí	62981	in-ing,ian-iang,c-ch,h-f,j-q-x	1
情见于色	qíng jiàn yú sè	62982	in-ing,ian-iang,s-sh,j-q-x	1
情见力屈	qíng xiàn lì qū	62983	in-ing,ian-iang,n-l,r-l,j-q-x	1
情见势屈	qíng xiàn shì qū	62984	in-ing,ian-iang,s-sh,j-q-x	1
情逾骨肉	qíng yú gǔ ròu	62985	in-ing,ao-ou,r-l,j-q-x	1
情重姜肱	qíng zhòng jiāng gōng	62986	in-ing,ian-iang,z-zh,j-q-x	3
情长纸短	qíng cháng zhǐ duǎn	62987	in-ing,an-ang,uan-uang,z-zh,c-ch,j-q-x	1
情非得已	qíng fēi dé yǐ	62988	in-ing,ai-ei,h-f,j-q-x	1
情面难却	qíng miàn nán què	62989	in-ing,an-ang,ian-iang,n-l,j-q-x	1
惊喜若狂	jīng xǐ ruò kuáng	62992	in-ing,uan-uang,ua-uo,r-l,j-q-x	1
惊心丧魄	jīng xīn sàng pò	62993	in-ing,an-ang,s-sh,j-q-x	1
惊心裂胆	jīng xīn liè dǎn	62994	in-ing,an-ang,ia-ie,n-l,r-l,j-q-x	1
惊惶万状	jīng huáng wàn zhuàng	62995	in-ing,an-ang,uan-uang,z-zh,h-f,j-q-x	1
惊才风逸	jīng cái fēng yì	62996	en-eng,in-ing,ai-ei,c-ch,h-f,j-q-x	1
惊蛇入草	jīng shé rù cǎo	62997	in-ing,ao-ou,c-ch,s-sh,r-l,j-q-x	1
惊见骇闻	jīng jiàn hài wén	62998	en-eng,in-ing,ian-iang,ai-ei,h-f,j-q-x	1
惊采绝艳	jīng cǎi jué yàn	63000	in-ing,an-ang,ai-ei,c-ch,j-q-x	1
惊风怒涛	jīng fēng nù tāo	63001	en-eng,in-ing,ao-ou,n-l,h-f,j-q-x	1
惊风骇浪	jīng fēng hài làng	63002	en-eng,in-ing,an-ang,ai-ei,n-l,h-f,r-l,j-q-x	1
惊魂丧魄	jīng hún sàng pò	63003	in-ing,an-ang,s-sh,h-f,j-q-x	1
惊魂摄魄	jīng hún shè pò	63004	in-ing,s-sh,h-f,j-q-x	1
惊魂落魄	jīng hún luò pò	63005	in-ing,ua-uo,n-l,h-f,r-l,j-q-x	1
惙怛伤悴	chuò dá shāng cuì	63006	an-ang,ua-uo,c-ch,s-sh	7
惜客好义	xī kè hào yì	63007	ao-ou,h-f,j-q-x	1
惟利是趋	wéi lì shì qū	63008	ai-ei,s-sh,n-l,r-l,j-q-x	1
惟命是从	wéi mìng shì cóng	63009	in-ing,ai-ei,c-ch,s-sh	1
惟所欲为	wéi suǒ yù wéi	63010	ai-ei,ua-uo,s-sh	1
惟日不足	wéi rì bù zú	63011	ai-ei,z-zh,r-l	1
惟日为岁	wéi rì wéi suì	63012	ai-ei,s-sh,r-l	1
惟肖惟妙	wéi xiāo wéi miào	63013	ai-ei,j-q-x	1
惠子知我	huì zǐ zhī wǒ	63014	z-zh,h-f	1
惠而不费	huì ér bù fèi	63016	ai-ei,h-f	1
惠风和畅	huì fēng hé chàng	63018	en-eng,an-ang,c-ch,h-f	1
惨不忍言	cǎn bù rěn yán	63019	en-eng,an-ang,c-ch,r-l	1
惨不忍闻	cǎn bù rěn wén	63020	en-eng,an-ang,c-ch,r-l	1
惨澹经营	cǎn dàn jīng yíng	63021	in-ing,an-ang,c-ch,j-q-x	3
惨然不乐	cǎn rán bù lè	63022	an-ang,c-ch,n-l,r-l	1
惨绿少年	cǎn lǜ shào nián	63023	an-ang,ian-iang,ao-ou,c-ch,s-sh,n-l,r-l	1
惨绿年华	cǎn lǜ nián huá	63024	an-ang,ian-iang,ua-uo,c-ch,n-l,h-f,r-l	1
惨绿愁红	cǎn lǜ chóu hóng	63025	an-ang,ao-ou,c-ch,n-l,h-f,r-l	1
惨雨酸风	cǎn yǔ suān fēng	63026	en-eng,an-ang,uan-uang,c-ch,s-sh,h-f	1
惩恶劝善	chéng è quàn shàn	63027	en-eng,an-ang,uan-uang,c-ch,s-sh,j-q-x	1
惬心贵当	qiè xīn guì dāng	63029	in-ing,an-ang,ia-ie,j-q-x	3
惮赫千里	dàn hè qiān lǐ	63031	an-ang,ian-iang,n-l,h-f,r-l,j-q-x	3
惰性气体	duò xìng qì tǐ	63032	in-ing,ua-uo,j-q-x	1
想望丰采	xiǎng wàng fēng cǎi	63033	en-eng,an-ang,ian-iang,ai-ei,c-ch,h-f,j-q-x	1
想望风采	xiǎng wàng fēng cǎi	63034	en-eng,an-ang,ian-iang,ai-ei,c-ch,h-f,j-q-x	1
惶恐不安	huáng kǒng bù ān	63037	an-ang,uan-uang,h-f	1
惶惶不安	huáng huáng bù ān	63038	an-ang,uan-uang,h-f	1
惺惺相惜	xīng xīng xiāng xī	63039	in-ing,ian-iang,j-q-x	3
愀然不乐	qiǎo rán bù lè	63040	an-ang,n-l,r-l,j-q-x	3
愀然无乐	qiǎo rán wú lè	63041	an-ang,n-l,r-l,j-q-x	3
愁多夜长	chóu duō yè cháng	63042	an-ang,ao-ou,ua-uo,c-ch	1
愁山闷海	chóu shān mèn hǎi	63043	en-eng,an-ang,ai-ei,ao-ou,c-ch,s-sh,h-f	1
愁潘病沈	chóu pān bìng shěn	63044	en-eng,in-ing,an-ang,ao-ou,c-ch,s-sh	1
愁眉不展	chóu méi bù zhǎn	63045	an-ang,ai-ei,ao-ou,z-zh,c-ch	1
愁红怨绿	chóu hóng yuàn lǜ	63046	uan-uang,ao-ou,c-ch,n-l,h-f,r-l	1
愁红惨绿	chóu hóng cǎn lǜ	63047	an-ang,ao-ou,c-ch,n-l,h-f,r-l	1
愁肠九转	chóu cháng jiǔ zhuǎn	63048	an-ang,uan-uang,ao-ou,z-zh,c-ch,j-q-x	1
愁肠百结	chóu cháng bǎi jié	63049	an-ang,ai-ei,ao-ou,ia-ie,c-ch,j-q-x	1
愈来愈少	yù lái yù shǎo	63051	ai-ei,ao-ou,s-sh,n-l,r-l	1
意义深长	yì yì shēn cháng	63053	en-eng,an-ang,c-ch,s-sh	1
意兴盎然	yì xìng àng rán	63054	in-ing,an-ang,r-l,j-q-x	3
意兴索然	yì xīng suǒ rán	63055	in-ing,an-ang,ua-uo,s-sh,r-l,j-q-x	1
意合情投	yì hé qíng tóu	63056	in-ing,ao-ou,h-f,j-q-x	1
意广才疏	yì guǎng cái shū	63057	uan-uang,ai-ei,c-ch,s-sh	1
意得志满	yì dé zhì mǎn	63058	an-ang,z-zh	1
意想不到	yì xiǎng bù dào	63059	ian-iang,ao-ou,j-q-x	1
意气相得	yì qì xiāng dé	63060	ian-iang,j-q-x	1
意气自若	yì qì zì ruò	63061	ua-uo,z-zh,r-l,j-q-x	1
意满志得	yì mǎn zhì dé	63063	an-ang,z-zh	1
意转心回	yì zhuǎn xīn huí	63064	in-ing,uan-uang,z-zh,h-f,j-q-x	1
愚夫愚妇	yú fū yú fù	63065	h-f	1
愚夫蠢妇	yú fū chǔn fù	63066	c-ch,h-f	1
愚昧无知	yú mèi wú zhī	63067	ai-ei,z-zh	1
感今思昔	gǎn jīn sī xī	63069	in-ing,an-ang,s-sh,j-q-x	1
感天动地	gǎn tiān dòng dì	63073	an-ang,ian-iang	1
感应电流	gǎn yìng diàn liú	63075	in-ing,an-ang,ian-iang,n-l,r-l	1
感恩荷德	gǎn ēn hè dé	63076	en-eng,an-ang,h-f	1
感激不尽	gǎn jī bù jìn	63077	in-ing,an-ang,j-q-x	1
感觉器官	gǎn jué qì guān	63079	an-ang,uan-uang,j-q-x	1
愤不欲生	fèn bù yù shēng	63080	en-eng,s-sh,h-f	1
愤不顾身	fèn bù gù shēn	63081	en-eng,s-sh,h-f	1
愤世疾邪	fèn shì jí xié	63082	en-eng,ia-ie,s-sh,h-f,j-q-x	1
愤风惊浪	fèn fēng jīng làng	63083	en-eng,in-ing,an-ang,n-l,h-f,r-l,j-q-x	1
愧天怍人	kuì tiān zuò rén	63084	en-eng,ian-iang,ua-uo,z-zh,r-l	3
愧悔无地	kuì huǐ wú dì	63086	h-f	1
慈悲为本	cí bēi wéi běn	63089	en-eng,ai-ei,c-ch	1
慌不择路	huāng bù zé lù	63090	uan-uang,z-zh,n-l,h-f,r-l	1
慎终追远	shèn zhōng zhuī yuǎn	63092	en-eng,uan-uang,z-zh,s-sh	1
慎重其事	shèn zhòng qí shì	63093	en-eng,z-zh,s-sh,j-q-x	1
慕古薄今	mù gǔ bó jīn	63094	in-ing,j-q-x	1
慢条丝礼	màn tiáo sī lǐ	63096	an-ang,s-sh,n-l,r-l	1
慢条厮礼	màn tiáo sī lǐ	63097	an-ang,s-sh,n-l,r-l	3
慢条斯礼	màn tiáo sī lǐ	63098	an-ang,s-sh,n-l,r-l	1
慢藏诲盗	màn cáng huì dào	63099	an-ang,ao-ou,c-ch,h-f	1
慧心巧思	huì xīn qiǎo sī	63101	in-ing,s-sh,h-f,j-q-x	1
慨当以慷	kǎi dāng yǐ kāng	63102	an-ang,ai-ei	1
慨然应允	kǎi rán yīng yǔn	63103	in-ing,an-ang,ai-ei,r-l	1
慷慨淋漓	kāng kǎi lín lí	63104	in-ing,an-ang,ai-ei,n-l,r-l	1
慷慨输将	kāng kǎi shū jiāng	63105	an-ang,ian-iang,ai-ei,s-sh,j-q-x	1
憎爱分明	zēng ài fēn míng	63107	en-eng,in-ing,ai-ei,z-zh,h-f	1
憨状可掬	hān zhuàng kě jū	63108	an-ang,uan-uang,z-zh,h-f,j-q-x	3
憬然有悟	jǐng rán yǒu wù	63109	in-ing,an-ang,ao-ou,r-l,j-q-x	3
懦词怪说	nuò cí guài shuō	63111	ua-uo,c-ch,s-sh,n-l	1
戈兰高地	gē lán gāo dì	63112	an-ang,ao-ou,n-l,r-l	1
戏彩娱亲	xì cǎi yú qīn	63116	in-ing,ai-ei,c-ch,j-q-x	1
戏蝶游蜂	xì dié yóu fēng	63122	en-eng,ao-ou,ia-ie,h-f,j-q-x	1
成一家言	chéng yī jiā yán	63124	en-eng,an-ang,ia-ie,c-ch,j-q-x	1
成事不说	chéng shì bù shuō	63125	en-eng,ua-uo,c-ch,s-sh	1
成人教育	chéng rén jiào yù	63126	en-eng,c-ch,r-l,j-q-x	1
成佛作祖	chéng fó zuò zǔ	63130	en-eng,ua-uo,z-zh,c-ch,h-f	1
成千成万	chéng qiān chéng wàn	63132	en-eng,an-ang,ian-iang,c-ch,j-q-x	1
成千累万	chéng qiān lèi wàn	63133	en-eng,an-ang,ian-iang,ai-ei,c-ch,n-l,r-l,j-q-x	1
成千论万	chéng qiān lùn wàn	63134	en-eng,an-ang,ian-iang,c-ch,n-l,r-l,j-q-x	1
成吉思汗	chéng jí sī hán	63135	en-eng,an-ang,c-ch,s-sh,h-f,j-q-x	1
成名成家	chéng míng chéng jiā	63136	en-eng,in-ing,ia-ie,c-ch,j-q-x	1
成团打块	chéng tuán dǎ kuài	63137	en-eng,uan-uang,c-ch	1
成家立计	chéng jiā lì jì	63138	en-eng,ia-ie,c-ch,n-l,r-l,j-q-x	1
成帮结队	chéng bāng jié duì	63139	en-eng,an-ang,ia-ie,c-ch,j-q-x	1
成王败寇	chéng wáng bài kòu	63141	en-eng,an-ang,ai-ei,ao-ou,c-ch	1
成群打伙	chéng qún dǎ huǒ	63143	en-eng,ua-uo,c-ch,h-f,j-q-x	1
成群结伙	chéng qún jié huǒ	63144	en-eng,ia-ie,ua-uo,c-ch,h-f,j-q-x	1
成群结党	chéng qún jié dǎng	63145	en-eng,an-ang,ia-ie,c-ch,j-q-x	1
成败兴废	chéng bài xīng fèi	63146	en-eng,in-ing,ai-ei,c-ch,h-f,j-q-x	1
成败得失	chéng bài dé shī	63147	en-eng,ai-ei,c-ch,s-sh	1
成败论人	chéng bài lùn rén	63148	en-eng,ai-ei,c-ch,n-l,r-l	1
成都平原	chéng dū píng yuán	63150	en-eng,in-ing,uan-uang,c-ch	1
成风之斫	chéng fēng zhī zhuó	63151	en-eng,ua-uo,z-zh,c-ch,h-f	3
成风尽垩	chéng fēng jìn è	63152	en-eng,in-ing,c-ch,h-f,j-q-x	3
我们自己	wǒ men zì jǐ	63155	en-eng,z-zh,j-q-x	1
我见犹怜	wǒ jiàn yóu lián	63158	ian-iang,ao-ou,n-l,r-l,j-q-x	1
戒奢宁俭	jiè shē nìng jiǎn	63159	in-ing,ian-iang,ia-ie,s-sh,n-l,j-q-x	1
戗面馒头	qiàng miàn mán tou	63165	an-ang,ian-iang,ao-ou,j-q-x	3
战不旋踵	zhàn bù xuán zhǒng	63167	an-ang,uan-uang,z-zh,j-q-x	3
战天斗地	zhàn tiān dòu dì	63168	an-ang,ian-iang,ao-ou,z-zh	1
战斗英雄	zhàn dòu yīng xióng	63169	in-ing,an-ang,ao-ou,z-zh,j-q-x	1
战无不克	zhàn wú bù kè	63170	an-ang,z-zh	1
戟指嚼舌	jǐ zhǐ jiáo shé	63173	z-zh,s-sh,j-q-x	3
戢鳞委翼	jí lín wěi yì	63174	in-ing,ai-ei,n-l,r-l,j-q-x	3
截发留宾	jié fā liú bīn	63175	in-ing,ia-ie,n-l,h-f,r-l,j-q-x	1
截铁斩钉	jié tiě zhǎn dìng	63176	in-ing,an-ang,ia-ie,z-zh,j-q-x	1
戮力同心	lù lì tóng xīn	63177	in-ing,n-l,r-l,j-q-x	3
戮力齐心	lù lì qí xīn	63178	in-ing,n-l,r-l,j-q-x	3
戴发含牙	dài fā hán yá	63179	an-ang,ai-ei,h-f	1
戴发含齿	dài fā hán chǐ	63180	an-ang,ai-ei,c-ch,h-f	1
戴天履地	dài tiān lǚ dì	63181	ian-iang,ai-ei,n-l,r-l	1
戴天蹐地	dài tiān jí dì	63182	ian-iang,ai-ei,j-q-x	5
戴头识脸	dài tóu shí liǎn	63183	ian-iang,ai-ei,ao-ou,s-sh,n-l,r-l	1
戴日戴斗	dài rì dài dòu	63184	ai-ei,ao-ou,r-l	1
戴笠乘车	dài lì chéng chē	63185	en-eng,ai-ei,c-ch,n-l,r-l	3
户曹参军	hù cáo cān jūn	63186	an-ang,ao-ou,c-ch,h-f,j-q-x	1
户枢不朽	hù shū bù xiǔ	63187	s-sh,h-f,j-q-x	1
户枢不蝼	hù shū bù lóu	63188	ao-ou,s-sh,n-l,h-f,r-l	3
户限为穿	hù xiàn wéi chuān	63191	ian-iang,uan-uang,ai-ei,c-ch,h-f,j-q-x	1
所当无敌	suǒ dāng wú dí	63194	an-ang,ua-uo,s-sh	1
所见所闻	suǒ jiàn suǒ wén	63197	en-eng,ian-iang,ua-uo,s-sh,j-q-x	1
所见略同	suǒ jiàn lüè tóng	63198	ian-iang,ua-uo,s-sh,n-l,r-l,j-q-x	1
所费不赀	suǒ fèi bù zī	63200	ai-ei,ua-uo,z-zh,s-sh,h-f	5
扁形动物	biǎn xíng dòng wù	63203	in-ing,ian-iang,j-q-x	1
扁桃体炎	biǎn táo tǐ yán	63207	an-ang,ian-iang,ao-ou	1
扇席温枕	shàn xí wēn zhěn	63213	en-eng,an-ang,z-zh,s-sh,j-q-x	1
扇枕温席	shān zhěn wēn xí	63215	en-eng,an-ang,z-zh,s-sh,j-q-x	1
扇枕温衾	shàn zhěn wēn qīn	63216	en-eng,in-ing,an-ang,z-zh,s-sh,j-q-x	3
扇枕温被	shān zhěn wēn bèi	63217	en-eng,an-ang,ai-ei,z-zh,s-sh	1
扇火止沸	shàn huǒ zhǐ fèi	63218	an-ang,ai-ei,ua-uo,z-zh,s-sh,h-f	1
扇风点火	shàn fēng diǎn huǒ	63223	en-eng,an-ang,ian-iang,ua-uo,s-sh,h-f	1
手不停挥	shǒu bù tíng huī	63227	in-ing,ao-ou,s-sh,h-f	1
手不停毫	shǒu bù tíng háo	63228	in-ing,ao-ou,s-sh,h-f	1
手不应心	shǒu bù yīng xīn	63229	in-ing,ao-ou,s-sh,j-q-x	1
手不释书	shǒu bù shì shū	63230	ao-ou,s-sh	1
手泽之遗	shǒu zé zhī yí	63236	ao-ou,z-zh,s-sh	1
手脚干净	shǒu jiǎo gān jìng	63239	in-ing,an-ang,ao-ou,s-sh,j-q-x	1
手足异处	shǒu zú yì chǔ	63240	ao-ou,z-zh,c-ch,s-sh	1
手足重茧	shǒu zú chóng jiǎn	63241	ian-iang,ao-ou,z-zh,c-ch,s-sh,j-q-x	1
才华盖世	cái huá gài shì	63244	ai-ei,ua-uo,c-ch,s-sh,h-f	1
才华超众	cái huá chāo zhòng	63245	ai-ei,ao-ou,ua-uo,z-zh,c-ch,h-f	1
才占八斗	cái zhān bā dǒu	63246	an-ang,ai-ei,ao-ou,z-zh,c-ch	1
才多识寡	cái duō shí guǎ	63247	ai-ei,ua-uo,c-ch,s-sh	1
才大如海	cái dà rú hǎi	63248	ai-ei,c-ch,h-f,r-l	1
才大难用	cái dà nán yòng	63249	an-ang,ai-ei,c-ch,n-l	1
才夸八斗	cái kuā bā dǒu	63250	ai-ei,ao-ou,ua-uo,c-ch	1
才广妨身	cái guǎng fáng shēn	63251	en-eng,an-ang,uan-uang,ai-ei,c-ch,s-sh,h-f	1
才气过人	cái qì guò rén	63252	en-eng,ai-ei,ua-uo,c-ch,r-l,j-q-x	1
才疏德薄	cái shū dé bó	63253	ai-ei,c-ch,s-sh	1
才疏志大	cái shū zhì dà	63254	ai-ei,z-zh,c-ch,s-sh	1
才疏意广	cái shū yì guǎng	63255	uan-uang,ai-ei,c-ch,s-sh	1
才短思涩	cái duǎn sī sè	63256	uan-uang,ai-ei,c-ch,s-sh	1
才蔽识浅	cái bì shí qiǎn	63257	ian-iang,ai-ei,c-ch,s-sh,j-q-x	1
才薄智浅	cái bó zhì qiǎn	63258	ian-iang,ai-ei,z-zh,c-ch,j-q-x	1
才识过人	cái shí guò rén	63259	en-eng,ai-ei,ua-uo,c-ch,s-sh,r-l	1
才轻德薄	cái qīng dé bó	63260	in-ing,ai-ei,c-ch,j-q-x	1
才过屈宋	cái guò qū sòng	63261	ai-ei,ua-uo,c-ch,s-sh,j-q-x	1
才高意广	cái gāo yì guǎng	63262	uan-uang,ai-ei,ao-ou,c-ch	1
才高行厚	cái gāo xíng hòu	63263	in-ing,ai-ei,ao-ou,c-ch,h-f,j-q-x	1
才高行洁	cái gāo xíng jié	63264	in-ing,ai-ei,ao-ou,ia-ie,c-ch,j-q-x	1
才高识远	cái gāo shí yuǎn	63265	uan-uang,ai-ei,ao-ou,c-ch,s-sh	1
扎根串连	zhā gēn chuàn lián	63268	en-eng,ian-iang,uan-uang,z-zh,c-ch,n-l,r-l	1
扑地掀天	pū dì xiān tiān	63273	ian-iang,j-q-x	1
扑天盖地	pū tiān gài dì	63274	ian-iang,ai-ei	1
扒耳搔腮	pá ěr sāo sāi	63280	ai-ei,ao-ou,s-sh	1
扒高踩低	bā gāo cǎi dī	63282	ai-ei,ao-ou,c-ch	1
打人骂狗	dǎ rén mà gǒu	63285	en-eng,ao-ou,r-l	1
打凤捞龙	dǎ fèng lāo lóng	63289	en-eng,ao-ou,n-l,h-f,r-l	1
打凤牢龙	dǎ fèng láo lóng	63290	en-eng,ao-ou,n-l,h-f,r-l	1
打击报复	dǎ jī bào fù	63291	ao-ou,h-f,j-q-x	1
打家截舍	dǎ jiā jié shè	63299	ia-ie,s-sh,j-q-x	1
打家截道	dǎ jiā jié dào	63300	ao-ou,ia-ie,j-q-x	1
打富济贫	dǎ fù jì pín	63301	in-ing,h-f,j-q-x	1
打得火热	dǎ dé huǒ rè	63304	ua-uo,h-f,r-l	1
打恭作揖	dǎ gōng zuò yī	63305	ua-uo,z-zh	3
打情卖笑	dǎ qíng mài xiào	63306	in-ing,ai-ei,j-q-x	1
打情骂趣	dǎ qíng mà qù	63307	in-ing,j-q-x	1
打拱作揖	dǎ gǒng zuò yī	63311	ua-uo,z-zh	3
打滚撒泼	dǎ gǔn sā pō	63324	s-sh	1
打牙犯嘴	dǎ yá fàn zuǐ	63326	an-ang,z-zh,h-f	1
打牙配嘴	dǎ yá pèi zuǐ	63327	ai-ei,z-zh	1
打狗看主	dǎ gǒu kàn zhǔ	63328	an-ang,ao-ou,z-zh	1
打破常规	dǎ pò cháng guī	63331	an-ang,c-ch	1
打破迷关	dǎ pò mí guān	63332	uan-uang	1
打草蛇惊	dǎ cǎo shé jīng	63335	in-ing,ao-ou,c-ch,s-sh,j-q-x	1
打虎牢龙	dǎ hǔ láo lóng	63337	ao-ou,n-l,h-f,r-l	1
打街骂巷	dǎ jiē mà xiàng	63338	ian-iang,ia-ie,j-q-x	1
打诨插科	dǎ hùn chā kē	63339	c-ch,h-f	3
打铁趁热	dǎ tiě chèn rè	63346	en-eng,ia-ie,c-ch,r-l	1
打闷葫芦	dǎ mèn hú lú	63349	en-eng,n-l,h-f,r-l	1
打鸡骂狗	dǎ jī mà gǒu	63355	ao-ou,j-q-x	1
打鸭惊鸳	dǎ yā jīng yuān	63356	in-ing,uan-uang,j-q-x	1
托之空言	tuō zhī kōng yán	63357	an-ang,ua-uo,z-zh	1
托于空言	tuō yú kōng yán	63358	an-ang,ua-uo	1
托公行私	tuō gōng xíng sī	63359	in-ing,ua-uo,s-sh,j-q-x	1
托物寓兴	tuō wù yù xīng	63360	in-ing,ua-uo,j-q-x	1
托诸空言	tuō zhū kōng yán	63361	an-ang,ua-uo,z-zh	1
扛鼎抃牛	gāng dǐng biàn niú	63364	in-ing,an-ang,ian-iang,n-l	3
扛鼎拔山	gāng dǐng bá shān	63365	in-ing,an-ang,s-sh	1
扞格不入	hàn gé bù rù	63366	an-ang,h-f,r-l	5
扣壶长吟	kòu hú cháng yín	63368	in-ing,an-ang,ao-ou,c-ch,h-f	1
扣楫中流	kòu jí zhōng liú	63370	ao-ou,z-zh,n-l,r-l,j-q-x	3
扣盘扪钥	kòu pán mén yào	63371	en-eng,an-ang,ao-ou	3
执两用中	zhí liǎng yòng zhōng	63372	ian-iang,z-zh,n-l,r-l	1
执意不从	zhí yì bù cóng	63373	z-zh,c-ch	1
执法不阿	zhí fǎ bù ā	63375	z-zh,h-f	1
执经问难	zhí jīng wèn nán	63378	en-eng,in-ing,an-ang,z-zh,n-l,j-q-x	1
执而不化	zhí ér bù huà	63379	ua-uo,z-zh,h-f	1
执行主席	zhí xíng zhǔ xí	63380	in-ing,z-zh,j-q-x	1
执迷不反	zhí mí bù fǎn	63381	an-ang,z-zh,h-f	1
执迷不返	zhí mí bù fǎn	63382	an-ang,z-zh,h-f	1
执迷不醒	zhí mí bù xǐng	63383	in-ing,z-zh,j-q-x	1
扩大会议	kuò dà huì yì	63384	ua-uo,h-f	1
扪参历井	mén shēn lì jǐng	63385	en-eng,in-ing,s-sh,n-l,r-l,j-q-x	3
扫地以尽	sǎo dì yǐ jìn	63386	in-ing,ao-ou,s-sh,j-q-x	1
扫地俱尽	sǎo dì jù jìn	63387	in-ing,ao-ou,s-sh,j-q-x	1
扫地无余	sǎo dì wú yú	63388	ao-ou,s-sh	1
扫地无遗	sǎo dì wú yí	63389	ao-ou,s-sh	1
扫墓望丧	sǎo mù wàng sàng	63392	an-ang,ao-ou,s-sh	1
扫榻以待	sǎo tà yǐ dài	63395	ai-ei,ao-ou,s-sh	3
扫眉才子	sǎo méi cái zǐ	63397	ai-ei,ao-ou,z-zh,c-ch,s-sh	1
扫穴擒渠	sǎo xué qín qú	63398	in-ing,ao-ou,s-sh,j-q-x	1
扫穴犁庭	sǎo xué lí tíng	63399	in-ing,ao-ou,s-sh,n-l,r-l,j-q-x	1
扫锅刮灶	sǎo guō guā zào	63400	ao-ou,ua-uo,z-zh,s-sh	1
扫除天下	sǎo chú tiān xià	63401	ian-iang,ao-ou,ia-ie,c-ch,s-sh,j-q-x	1
扬厉铺张	yáng lì pù zhāng	63404	an-ang,z-zh,n-l,r-l	1
扬名显亲	yáng míng xiǎn qīn	63405	in-ing,an-ang,ian-iang,j-q-x	1
扬己露才	yáng jǐ lù cái	63406	an-ang,ai-ei,c-ch,n-l,r-l,j-q-x	1
扬扬得意	yáng yáng dé yì	63407	an-ang	1
扬扬自得	yáng yáng zì dé	63408	an-ang,z-zh	1
扬铃打鼓	yáng líng dǎ gǔ	63409	in-ing,an-ang,n-l,r-l	1
扭曲作直	niǔ qū zuò zhí	63411	ua-uo,z-zh,n-l,j-q-x	1
扭直作曲	niǔ zhí zuò qū	63412	ua-uo,z-zh,n-l,j-q-x	1
扭转乾坤	niǔ zhuǎn qián kūn	63413	ian-iang,uan-uang,z-zh,n-l,j-q-x	1
扭转干坤	niǔ zhuǎn gàn kūn	63414	an-ang,uan-uang,z-zh,n-l	1
扯旗放炮	chě qí fàng pào	63416	an-ang,ao-ou,c-ch,h-f,j-q-x	1
扯空砑光	chě kōng yà guāng	63417	uan-uang,c-ch	5
扯篷拉纤	chě péng lā qiàn	63418	en-eng,ian-iang,c-ch,n-l,r-l,j-q-x	1
扯纤拉烟	chě qiàn lā yān	63419	an-ang,ian-iang,c-ch,n-l,r-l,j-q-x	1
扯顺风旗	chě shùn fēng qí	63420	en-eng,c-ch,s-sh,h-f,j-q-x	1
扶倾济弱	fú qīng jì ruò	63421	in-ing,ua-uo,h-f,r-l,j-q-x	1
扶危拯溺	fú wēi zhěng nì	63422	en-eng,ai-ei,z-zh,n-l,h-f	1
扶危济急	fú wēi jì jí	63423	ai-ei,h-f,j-q-x	1
扶弱抑强	fú ruò yì qiáng	63424	ian-iang,ua-uo,h-f,r-l,j-q-x	1
扶摇万里	fú yáo wàn lǐ	63425	an-ang,ao-ou,n-l,h-f,r-l	1
扶正黜邪	fú zhèng chù xié	63426	en-eng,ia-ie,z-zh,c-ch,h-f,j-q-x	3
批吭捣虚	pī háng dǎo xū	63430	an-ang,ao-ou,h-f,j-q-x	1
批红判白	pī hóng pàn bái	63431	an-ang,ai-ei,h-f	1
批风抹月	pī fēng mò yuè	63433	en-eng,h-f	1
扼亢拊背	è kàng fǔ bèi	63434	an-ang,ai-ei,h-f	3
扼吭夺食	è háng duó shí	63435	an-ang,ua-uo,s-sh,h-f	1
扼吭拊背	è háng fǔ bèi	63436	an-ang,ai-ei,h-f	3
扼喉抚背	è hóu fǔ bèi	63437	ai-ei,ao-ou,h-f	1
扼腕长叹	è wàn cháng tàn	63438	an-ang,c-ch	1
扼襟控咽	è jīn kòng yān	63439	in-ing,an-ang,j-q-x	1
承上起下	chéng shàng qǐ xià	63444	en-eng,an-ang,ia-ie,c-ch,s-sh,j-q-x	1
承嬗离合	chéng shàn lí hé	63445	en-eng,an-ang,c-ch,s-sh,n-l,h-f,r-l	3
承平盛世	chéng píng shèng shì	63446	en-eng,in-ing,c-ch,s-sh	1
技工学校	jì gōng xué xiào	63451	j-q-x	1
抃风舞润	biàn fēng wǔ rùn	63452	en-eng,ian-iang,h-f,r-l	3
抉奥阐幽	jué ào chǎn yōu	63454	an-ang,ao-ou,c-ch,j-q-x	3
把持不定	bǎ chí bù dìng	63457	in-ing,c-ch	1
把玩无厌	bǎ wán wú yàn	63458	an-ang	1
把素持斋	bǎ sù chí zhāi	63460	ai-ei,z-zh,c-ch,s-sh	1
把臂入林	bǎ bì rù lín	63461	in-ing,n-l,r-l	1
把臂徐去	bǎ bì xú qù	63462	j-q-x	1
把薪助火	bǎ xīn zhù huǒ	63463	in-ing,ua-uo,z-zh,h-f,j-q-x	1
把酒持螯	bǎ jiǔ chí áo	63465	ao-ou,c-ch,j-q-x	3
把饭叫饥	bǎ fàn jiào jī	63466	an-ang,h-f,j-q-x	1
抑塞磊落	yì sè lěi luò	63468	ai-ei,ua-uo,s-sh,n-l,r-l	1
抑强扶弱	yì qiáng fú ruò	63469	ian-iang,ua-uo,h-f,r-l,j-q-x	1
抑菌作用	yì jūn zuò yòng	63470	ua-uo,z-zh,j-q-x	1
抓乖卖俏	zhuā guāi mài qiào	63471	ai-ei,ua-uo,z-zh,j-q-x	1
抓乖弄俏	zhuā guāi nòng qiào	63472	ua-uo,z-zh,n-l,j-q-x	1
投传而去	tóu zhuàn ér qù	63474	uan-uang,ao-ou,z-zh,j-q-x	1
投卵击石	tóu luǎn jī shí	63475	uan-uang,ao-ou,s-sh,n-l,r-l,j-q-x	1
投机分子	tóu jī fèn zi	63477	en-eng,ao-ou,z-zh,h-f,j-q-x	1
投梭折齿	tóu suō zhé chǐ	63478	ao-ou,ua-uo,z-zh,c-ch,s-sh	1
投河奔井	tóu hé bēn jǐng	63479	en-eng,in-ing,ao-ou,h-f,j-q-x	1
投石下井	tóu shí xià jǐng	63481	in-ing,ao-ou,ia-ie,s-sh,j-q-x	1
投石拔距	tóu shí bá jù	63482	ao-ou,s-sh,j-q-x	1
投石超距	tóu shí chāo jù	63483	ao-ou,c-ch,s-sh,j-q-x	1
投膏止火	tóu gāo zhǐ huǒ	63485	ao-ou,ua-uo,z-zh,h-f	1
投闲置散	tóu xián zhì sàn	63486	an-ang,ian-iang,ao-ou,z-zh,s-sh,j-q-x	1
投间抵隙	tóu jiān dǐ xì	63487	ian-iang,ao-ou,j-q-x	1
投阱下石	tóu jǐng xià shí	63488	in-ing,ao-ou,ia-ie,s-sh,j-q-x	3
抖擞精神	dǒu sǒu jīng shén	63489	en-eng,in-ing,ao-ou,s-sh,j-q-x	3
抗颜为师	kàng yán wéi shī	63490	an-ang,ai-ei,s-sh	1
折冲之臣	zhé chōng zhī chén	63492	en-eng,z-zh,c-ch	1
折冲厌难	zhé chōng yàn nán	63493	an-ang,z-zh,c-ch,n-l	1
折冲尊俎	zhé chōng zūn zǔ	63494	z-zh,c-ch	3
折冲御侮	zhé chōng yù wǔ	63495	z-zh,c-ch	1
折槁振落	zhé gǎo zhèn luò	63508	en-eng,ao-ou,ua-uo,z-zh,n-l,r-l	3
折矩周规	zhé jǔ zhōu guī	63510	ao-ou,z-zh,j-q-x	1
折箭为誓	shé jiàn wéi shì	63512	ian-iang,ai-ei,s-sh,j-q-x	1
折而族之	zhé ér zú zhī	63514	z-zh	1
折胶堕指	zhé jiāo duò zhǐ	63516	ua-uo,z-zh,j-q-x	1
折腰五斗	shé yāo wǔ dòu	63517	ao-ou,s-sh	1
折节下士	zhé jié xià shì	63518	ia-ie,z-zh,s-sh,j-q-x	1
折节读书	zhé jié dú shū	63519	ia-ie,z-zh,s-sh,j-q-x	1
折长补短	zhé cháng bǔ duǎn	63525	an-ang,uan-uang,z-zh,c-ch	1
抚今思昔	fǔ jīn sī xī	63526	in-ing,s-sh,h-f,j-q-x	1
抚掌击节	fǔ zhǎng jī jié	63528	an-ang,ia-ie,z-zh,h-f,j-q-x	1
抚掌大笑	fǔ zhǎng dà xiào	63529	an-ang,z-zh,h-f,j-q-x	1
抚景伤情	fǔ jǐng shāng qíng	63530	in-ing,an-ang,s-sh,h-f,j-q-x	1
抚绥万方	fǔ suí wàn fāng	63531	an-ang,s-sh,h-f	3
抛到一边	pāo dào yì biān	63532	ian-iang,ao-ou	1
抟沙作饭	tuán shā zuò fàn	63535	an-ang,uan-uang,ua-uo,z-zh,s-sh,h-f	3
抟沙嚼蜡	tuán shā jiáo là	63536	uan-uang,s-sh,n-l,r-l,j-q-x	3
抟空捕影	tuán kōng bǔ yǐng	63537	in-ing,uan-uang	3
抟香弄粉	tuán xiāng nòng fěn	63538	en-eng,ian-iang,uan-uang,n-l,h-f,j-q-x	3
抠心挖肚	kōu xīn wā dù	63539	in-ing,ao-ou,j-q-x	1
抠心挖血	kōu xīn wā xuè	63540	in-ing,ao-ou,j-q-x	1
抠着手掌	kōu zhe shǒu zhǎng	63541	an-ang,ao-ou,z-zh,s-sh	1
抢地呼天	qiāng dì hū tiān	63544	ian-iang,h-f,j-q-x	1
护过饰非	hù guò shì fēi	63550	ai-ei,ua-uo,s-sh,h-f	1
报仇雪恨	bào chóu xuě hèn	63551	en-eng,ao-ou,c-ch,h-f,j-q-x	1
报仇雪耻	bào chóu xuě chǐ	63552	ao-ou,c-ch,j-q-x	1
报应不爽	bào yìng bù shuǎng	63553	in-ing,uan-uang,ao-ou,s-sh	1
报效万一	bào xiào wàn yī	63554	an-ang,ao-ou,j-q-x	1
披发入山	pī fà rù shān	63559	an-ang,s-sh,h-f,r-l	1
披发左衽	pī fà zuǒ rèn	63560	en-eng,ua-uo,z-zh,h-f,r-l	3
披发文身	pī fà wén shēn	63561	en-eng,s-sh,h-f	1
披发缨冠	pī fā yīng guàn	63562	in-ing,uan-uang,h-f	3
披头盖脑	pī tóu gài nǎo	63564	ai-ei,ao-ou,n-l	1
披心沥血	pī xīn lì xuè	63565	in-ing,n-l,r-l,j-q-x	1
披心相付	pī xīn xiāng fù	63566	in-ing,ian-iang,h-f,j-q-x	1
披榛采兰	pī zhēn cǎi lán	63568	en-eng,an-ang,ai-ei,z-zh,c-ch,n-l,r-l	3
披毛戴角	pī máo dài jiǎo	63569	ai-ei,ao-ou,j-q-x	1
披沙剖璞	pī shā pōu pú	63570	ao-ou,s-sh	3
披沙简金	pī shā jiǎn jīn	63571	in-ing,ian-iang,s-sh,j-q-x	1
披红戴花	pī hóng dài huā	63572	ai-ei,ua-uo,h-f	1
披肝沥血	pī gān lì xuè	63573	an-ang,n-l,r-l,j-q-x	1
披肝露胆	pī gān lù dǎn	63574	an-ang,n-l,r-l	1
披襟解带	pī jīn jiě dài	63575	in-ing,ai-ei,ia-ie,j-q-x	1
披露肝胆	pī lù gān dǎn	63576	an-ang,n-l,r-l	1
披露腹心	pī lù fù xīn	63577	in-ing,n-l,h-f,r-l,j-q-x	1
抱令守律	bào lìng shǒu lǜ	63578	in-ing,ao-ou,s-sh,n-l,r-l	1
抱关执钥	bào guān zhí yuè	63579	uan-uang,ao-ou,z-zh	1
抱头大哭	bào tóu dà kū	63580	ao-ou	1
抱头痛哭	bào tóu tòng kū	63581	ao-ou	1
抱子弄孙	bào zǐ nòng sūn	63582	ao-ou,z-zh,s-sh,n-l	1
抱打不平	bào dǎ bù píng	63583	in-ing,ao-ou	1
抱朴含真	bào pǔ hán zhēn	63584	en-eng,an-ang,ao-ou,z-zh,h-f	1
抱枝拾叶	bào zhī shí yè	63585	ao-ou,z-zh,s-sh	1
抱柱之信	bào zhù zhī xìn	63586	in-ing,ao-ou,z-zh,j-q-x	1
抱椠怀铅	bào qiàn huái qiān	63587	ian-iang,ao-ou,h-f,j-q-x	3
抱残守阙	bào cán shǒu quē	63588	an-ang,ao-ou,c-ch,s-sh,j-q-x	3
抱法处势	bào fǎ chǔ shì	63589	ao-ou,c-ch,s-sh,h-f	1
抱璞泣血	bào pú qì xuè	63590	ao-ou,j-q-x	3
抱蔓摘瓜	bào wàn zhāi guā	63591	an-ang,ai-ei,ao-ou,ua-uo,z-zh	1
抱负不凡	bào fù bù fán	63592	an-ang,ao-ou,h-f	1
抵死瞒生	dǐ sǐ mán shēng	63593	en-eng,an-ang,s-sh	1
抵背扼喉	dǐ bèi è hóu	63594	ai-ei,ao-ou,h-f	1
抹月批风	mǒ yuè pī fēng	63597	en-eng,h-f	1
抹月秕风	mǒ yuè bǐ fēng	63598	en-eng,h-f	3
抹粉施脂	mò fěn shī zhī	63601	en-eng,z-zh,s-sh,h-f	1
抽丁拔楔	chōu dīng bá xiē	63608	in-ing,ao-ou,ia-ie,c-ch,j-q-x	3
抽丝剥茧	chōu sī bō jiǎn	63609	ian-iang,ao-ou,c-ch,s-sh,j-q-x	1
抽样调查	chōu yàng diào chá	63611	an-ang,ao-ou,c-ch	1
抽祕骋妍	chōu bì chěng yán	63612	en-eng,an-ang,ao-ou,c-ch	7
抽秘骋妍	chōu mì chěng yán	63613	en-eng,an-ang,ao-ou,c-ch	3
抽筋剥皮	chōu jīn bāo pí	63614	in-ing,ao-ou,c-ch,j-q-x	1
抽筋拔骨	chōu jīn bá gǔ	63615	in-ing,ao-ou,c-ch,j-q-x	1
抽胎换骨	chōu tāi huàn gǔ	63616	uan-uang,ai-ei,ao-ou,c-ch,h-f	1
抽象思维	chōu xiàng sī wéi	63618	ian-iang,ai-ei,ao-ou,c-ch,s-sh,j-q-x	1
拂袖而去	fú xiù ér qù	63620	h-f,j-q-x	1
拂袖而归	fú xiù ér guī	63621	h-f,j-q-x	1
拄笏看山	zhǔ hù kàn shān	63622	an-ang,z-zh,s-sh,h-f	3
拄颊看山	zhǔ jiá kàn shān	63623	an-ang,ia-ie,z-zh,s-sh,j-q-x	1
担惊受恐	dān jīng shòu kǒng	63625	in-ing,an-ang,ao-ou,s-sh,j-q-x	1
担惊忍怕	dān jīng rěn pà	63626	en-eng,in-ing,an-ang,r-l,j-q-x	1
担雪塞井	dān xuě sāi jǐng	63629	in-ing,an-ang,ai-ei,s-sh,j-q-x	1
担雪填井	dān xuě tián jǐng	63630	in-ing,an-ang,ian-iang,j-q-x	1
担雪填河	dān xuě tián hé	63631	an-ang,ian-iang,h-f,j-q-x	1
拆东补西	chāi dōng bǔ xī	63632	ai-ei,c-ch,j-q-x	1
拆牌道字	chāi pái dào zì	63637	ai-ei,ao-ou,z-zh,c-ch	1
拆白道字	chāi bái dào zì	63638	ai-ei,ao-ou,z-zh,c-ch	1
拆西补东	chāi xī bǔ dōng	63639	ai-ei,c-ch,j-q-x	1
拈华摘艳	niān huá zhāi yàn	63640	an-ang,ian-iang,ai-ei,ua-uo,z-zh,n-l,h-f	3
拈毫弄管	niān háo nòng guǎn	63642	ian-iang,uan-uang,ao-ou,n-l,h-f	3
拈花弄月	niān huā nòng yuè	63643	ian-iang,ua-uo,n-l,h-f	3
拈花弄柳	niān huā nòng liǔ	63644	ian-iang,ua-uo,n-l,h-f,r-l	3
拈轻掇重	niān qīng duō zhòng	63645	in-ing,ian-iang,ua-uo,z-zh,n-l,j-q-x	3
拉三扯四	lā sān chě sì	63647	an-ang,c-ch,s-sh,n-l,r-l	1
拉不下脸	lā bù xià liǎn	63648	ian-iang,ia-ie,n-l,r-l,j-q-x	1
拉拉杂杂	lā lā zá zá	63660	z-zh,n-l,r-l	1
拉捭摧藏	lā bǎi cuī cáng	63662	an-ang,ai-ei,c-ch,n-l,r-l	3
拉朽摧枯	lā xiǔ cuī kū	63663	c-ch,n-l,r-l,j-q-x	1
拉枯折朽	lā kū shé xiǔ	63664	s-sh,n-l,r-l,j-q-x	1
拉闲散闷	lā xián sàn mèn	63668	en-eng,an-ang,ian-iang,s-sh,n-l,r-l,j-q-x	1
拊心泣血	fǔ xīn qì xuè	63670	in-ing,h-f,j-q-x	3
拊背扼吭	fǔ bèi è kēng	63671	en-eng,ai-ei,h-f	3
拊背扼喉	fǔ bèi è hóu	63672	ai-ei,ao-ou,h-f	3
拍案惊奇	pāi àn jīng qí	63675	in-ing,an-ang,ai-ei,j-q-x	1
拍马溜须	pāi mǎ liū xū	63678	ai-ei,n-l,r-l,j-q-x	1
拔丁抽楔	bá dīng chōu xiē	63684	in-ing,ao-ou,ia-ie,c-ch,j-q-x	3
拔刀相向	bá dāo xiāng xiàng	63685	ian-iang,ao-ou,j-q-x	1
拔剑论功	bá jiàn lùn gōng	63686	ian-iang,n-l,r-l,j-q-x	1
拔十得五	bá shí dé wǔ	63687	s-sh	1
拔地倚天	bá dì yǐ tiān	63689	ian-iang	1
拔地参天	bá dì cān tiān	63690	an-ang,ian-iang,c-ch	1
拔地摇山	bá dì yáo shān	63691	an-ang,ao-ou,s-sh	1
拔宅上升	bá zhái shàng shēng	63692	en-eng,an-ang,ai-ei,z-zh,s-sh	1
拔山扛鼎	bá shān gāng dǐng	63693	in-ing,an-ang,s-sh	1
拔山盖世	bá shān gài shì	63694	an-ang,ai-ei,s-sh	1
拔本塞原	bá běn sè yuán	63695	en-eng,uan-uang,s-sh	1
拔本塞源	bá běn sè yuán	63696	en-eng,uan-uang,s-sh	1
拔毛济世	bá máo jì shì	63698	ao-ou,s-sh,j-q-x	1
拔葵去织	bá kuí qù zhī	63700	z-zh,j-q-x	1
拔锅卷席	bá guō juǎn xí	63701	uan-uang,ua-uo,j-q-x	1
拖人落水	tuō rén luò shuǐ	63702	en-eng,ua-uo,s-sh,n-l,r-l	1
拖天扫地	tuō tiān sǎo dì	63703	ian-iang,ao-ou,ua-uo,s-sh	1
拖男带女	tuō nán dài nǚ	63704	an-ang,ai-ei,ua-uo,n-l	1
拖金委紫	tuō jīn wěi zǐ	63705	in-ing,ai-ei,ua-uo,z-zh,j-q-x	1
拖麻拽布	tuō má zhuài bù	63707	ua-uo,z-zh	1
拘俗守常	jū sú shǒu cháng	63710	an-ang,ao-ou,c-ch,s-sh,j-q-x	1
拘奇抉异	jū qí jué yì	63711	j-q-x	3
拘挛补衲	jū luán bǔ nà	63715	uan-uang,n-l,r-l,j-q-x	3
拘文牵义	jū wén qiān yì	63716	en-eng,ian-iang,j-q-x	1
拘神遣将	jū shén qiǎn jiàng	63718	en-eng,ian-iang,s-sh,j-q-x	1
招亡纳叛	zhāo wáng nà pàn	63722	an-ang,ao-ou,z-zh,n-l	1
招架不住	zhāo jià bù zhù	63724	ao-ou,ia-ie,z-zh,j-q-x	1
招降纳叛	zhāo xiáng nà pàn	63727	an-ang,ian-iang,ao-ou,z-zh,n-l,j-q-x	1
招风惹草	zhāo fēng rě cǎo	63728	en-eng,ao-ou,z-zh,c-ch,h-f,r-l	1
招风惹雨	zhāo fēng rě yǔ	63729	en-eng,ao-ou,z-zh,h-f,r-l	1
招风揽火	zhāo fēng lǎn huǒ	63730	en-eng,an-ang,ao-ou,ua-uo,z-zh,n-l,h-f,r-l	1
拜上帝会	bài shàng dì huì	63731	an-ang,ai-ei,s-sh,h-f	1
拜倒辕门	bài dǎo yuán mén	63732	en-eng,uan-uang,ai-ei,ao-ou	3
拜将封侯	bài jiàng fēng hóu	63734	en-eng,ian-iang,ai-ei,ao-ou,h-f,j-q-x	1
拟于不伦	nǐ yú bù lún	63737	n-l,r-l	1
拟非其伦	nǐ fēi qí lún	63740	ai-ei,n-l,h-f,r-l,j-q-x	1
拣佛烧香	jiǎn fó shāo xiāng	63741	ian-iang,ao-ou,s-sh,h-f,j-q-x	1
拣精择肥	jiǎn jīng zé féi	63742	in-ing,ian-iang,ai-ei,z-zh,h-f,j-q-x	1
拥书南面	yōng shū nán miàn	63743	an-ang,ian-iang,s-sh,n-l	1
拨万论千	bō wàn lùn qiān	63751	an-ang,ian-iang,n-l,r-l,j-q-x	1
拨万轮千	bō wàn lún qiān	63752	an-ang,ian-iang,n-l,r-l,j-q-x	1
拨乱为治	bō luàn wéi zhì	63753	uan-uang,ai-ei,z-zh,n-l,r-l	1
拨乱济危	bō luàn jì wēi	63754	uan-uang,ai-ei,n-l,r-l,j-q-x	1
拨乱济时	bō luàn jì shí	63755	uan-uang,s-sh,n-l,r-l,j-q-x	1
拨云撩雨	bō yún liáo yǔ	63756	n-l,r-l	1
拨云见日	bō yún jiàn rì	63757	ian-iang,r-l,j-q-x	1
拨嘴撩牙	bō zuǐ liáo yá	63758	z-zh,n-l,r-l	1
拨草寻蛇	bō cǎo xún shé	63760	ao-ou,c-ch,s-sh,j-q-x	1
拨草瞻风	bō cǎo zhān fēng	63761	en-eng,an-ang,ao-ou,z-zh,c-ch,h-f	1
拨雨撩云	bō yǔ liáo yún	63762	n-l,r-l	1
择主而事	zé zhǔ ér shì	63764	z-zh,s-sh	1
择善而行	zé shàn ér xíng	63765	in-ing,an-ang,z-zh,s-sh,j-q-x	1
择地而蹈	zé dì ér dǎo	63766	ao-ou,z-zh	1
择福宜重	zé fú yí zhòng	63769	z-zh,h-f	1
择肥而噬	zé féi ér shì	63770	ai-ei,z-zh,s-sh,h-f	3
择邻而居	zé lín ér jū	63772	in-ing,z-zh,n-l,r-l,j-q-x	1
括目相待	kuò mù xiāng dài	63773	ian-iang,ai-ei,ua-uo,j-q-x	1
拭目以俟	shì mù yǐ sì	63776	s-sh	3
拭目而待	shì mù ér dài	63777	ai-ei,s-sh	1
拯溺扶危	zhěng nì fú wēi	63779	en-eng,ai-ei,z-zh,n-l,h-f	1
拱手而降	gǒng shǒu ér xiáng	63782	ian-iang,ao-ou,s-sh,j-q-x	1
拱肩缩背	gǒng jiān suō bèi	63783	ian-iang,ai-ei,ua-uo,s-sh,j-q-x	1
拳拳服膺	quán quán fú yīng	63786	in-ing,uan-uang,h-f,j-q-x	3
拳拳盛意	quán quán shèng yì	63787	en-eng,uan-uang,s-sh,j-q-x	1
拽巷啰街	zhuài xiàng luó jiē	63794	ian-iang,ia-ie,ua-uo,z-zh,n-l,r-l,j-q-x	1
拽巷逻街	zhuài xiàng luó jiē	63795	ian-iang,ia-ie,ua-uo,z-zh,n-l,r-l,j-q-x	1
拽布披麻	zhuài bù pī má	63796	z-zh	1
拽布拖麻	zhuài bù tuō má	63797	ua-uo,z-zh	1
拽耙扶犁	zhuāi pá fú lí	63798	z-zh,n-l,h-f,r-l	1
拽象拖犀	zhuài xiàng tuō xī	63799	ian-iang,ua-uo,z-zh,j-q-x	1
拾人唾余	shí rén tuò yú	63800	en-eng,ua-uo,s-sh,r-l	1
拾人唾涕	shí rén tuò tì	63801	en-eng,ua-uo,s-sh,r-l	1
拾人涕唾	shí rén tì tuò	63802	en-eng,ua-uo,s-sh,r-l	1
拾带重还	shí dài zhòng huán	63803	uan-uang,ai-ei,z-zh,s-sh,h-f	1
拾掇无遗	shí duō wú yí	63804	ua-uo,s-sh	3
拾遗补阙	shí yí bǔ quē	63805	s-sh,j-q-x	3
拾陈蹈故	shí chén dǎo gù	63806	en-eng,ao-ou,c-ch,s-sh	1
拿不出手	ná bù chū shǒu	63807	ao-ou,c-ch,s-sh,n-l	1
拿云攫石	ná yún jué shí	63808	s-sh,n-l,j-q-x	3
拿刀动仗	ná dāo dòng zhàng	63809	an-ang,ao-ou,z-zh,n-l	1
拿刀弄杖	ná dāo nòng zhàng	63810	an-ang,ao-ou,z-zh,n-l	1
拿得起来	ná de qǐ lái	63812	ai-ei,n-l,r-l,j-q-x	1
拿粗夹细	ná cū jiā xì	63814	ia-ie,c-ch,n-l,j-q-x	1
拿粗挟细	ná cū xié xì	63815	ia-ie,c-ch,n-l,j-q-x	1
拿腔作调	ná qiāng zuò diào	63817	ian-iang,ua-uo,z-zh,n-l,j-q-x	1
拿贼见赃	ná zéi jiàn zāng	63818	an-ang,ian-iang,ai-ei,z-zh,n-l,j-q-x	1
持人长短	chí rén cháng duǎn	63819	en-eng,an-ang,uan-uang,c-ch,r-l	1
持平之论	chí píng zhī lùn	63820	in-ing,z-zh,c-ch,n-l,r-l	1
持斋把素	chí zhāi bǎ sù	63821	ai-ei,z-zh,c-ch,s-sh	1
持权合变	chí quán hé biàn	63822	ian-iang,uan-uang,c-ch,h-f,j-q-x	1
持正不阿	chí zhèng bù ā	63824	en-eng,z-zh,c-ch	1
持续不断	chí xù bú duàn	63825	uan-uang,c-ch,j-q-x	1
持螯把酒	chí áo bǎ jiǔ	63827	ao-ou,c-ch,j-q-x	3
持论公允	chí lùn gōng yǔn	63828	c-ch,n-l,r-l	1
挂冠归去	guà guān guī qù	63829	uan-uang,ua-uo,j-q-x	1
挂冠求去	guà guān qiú qù	63830	uan-uang,ua-uo,j-q-x	1
挂席为门	guà xí wéi mén	63831	en-eng,ai-ei,ua-uo,j-q-x	1
挂灯结彩	guà dēng jié cǎi	63832	en-eng,ai-ei,ia-ie,ua-uo,c-ch,j-q-x	1
挂肚牵心	guà dù qiān xīn	63833	in-ing,ian-iang,ua-uo,j-q-x	1
挂肚牵肠	guà dù qiān cháng	63834	an-ang,ian-iang,ua-uo,c-ch,j-q-x	1
指不胜偻	zhǐ bù shèng lǚ	63835	en-eng,z-zh,s-sh,n-l,r-l	3
指不胜屈	zhǐ bù shèng qū	63836	en-eng,z-zh,s-sh,j-q-x	1
指东划西	zhǐ dōng huà xī	63837	ua-uo,z-zh,h-f,j-q-x	1
指东说西	zhǐ dōng shuō xī	63838	ua-uo,z-zh,s-sh,j-q-x	1
指亲托故	zhǐ qīn tuō gù	63839	in-ing,ua-uo,z-zh,j-q-x	1
指南攻北	zhǐ nán gōng běi	63841	an-ang,ai-ei,z-zh,n-l	1
指囷相赠	zhǐ qūn xiāng zèng	63843	en-eng,ian-iang,z-zh,j-q-x	5
指天为誓	zhǐ tiān wéi shì	63844	ian-iang,ai-ei,z-zh,s-sh	1
指天射鱼	zhǐ tiān shè yú	63845	ian-iang,z-zh,s-sh	1
指天画地	zhǐ tiān huà dì	63846	ian-iang,ua-uo,z-zh,h-f	1
指山卖磨	zhǐ shān mài mò	63847	an-ang,ai-ei,z-zh,s-sh	1
指山说磨	zhǐ shān shuō mò	63848	an-ang,ua-uo,z-zh,s-sh	1
指手划脚	zhǐ shǒu huà jiǎo	63849	ao-ou,ua-uo,z-zh,s-sh,h-f,j-q-x	1
指挥可定	zhǐ huī kě dìng	63850	in-ing,z-zh,h-f	1
指掌可取	zhǐ zhǎng kě qǔ	63851	an-ang,z-zh,j-q-x	1
指日可下	zhǐ rì kě xià	63852	ia-ie,z-zh,r-l,j-q-x	1
指日而待	zhǐ rì ér dài	63853	ai-ei,z-zh,r-l	1
指树为姓	zhǐ shù wéi xìng	63854	in-ing,ai-ei,z-zh,s-sh,j-q-x	1
指桑说槐	zhǐ sāng shuō huái	63855	an-ang,ua-uo,z-zh,s-sh,h-f	1
指皂为白	zhǐ zào wéi bái	63857	ai-ei,ao-ou,z-zh	1
指空话空	zhǐ kōng huà kōng	63859	ua-uo,z-zh,h-f	1
指雁为羹	zhǐ yàn wéi gēng	63862	en-eng,an-ang,ai-ei,z-zh	1
指麾可定	zhǐ huī kě dìng	63863	in-ing,z-zh,h-f	3
挈瓶之知	qiè píng zhī zhì	63864	in-ing,ia-ie,z-zh,j-q-x	3
挈领提纲	qiè lǐng tí gāng	63865	in-ing,an-ang,ia-ie,n-l,r-l,j-q-x	3
按兵不举	àn bīng bù jǔ	63866	in-ing,an-ang,j-q-x	1
按劳分配	àn láo fēn pèi	63867	en-eng,an-ang,ai-ei,ao-ou,n-l,h-f,r-l	1
按捺不住	àn nà bù zhù	63868	an-ang,z-zh,n-l	1
按甲休兵	àn jiǎ xiū bīng	63869	in-ing,an-ang,ia-ie,j-q-x	1
按章给付	àn zhāng jǐ fù	63870	an-ang,z-zh,h-f,j-q-x	1
按行自抑	àn xíng zì yì	63871	in-ing,an-ang,z-zh,j-q-x	1
按辔徐行	àn pèi xú xíng	63872	in-ing,an-ang,ai-ei,j-q-x	3
按需分配	àn xū fēn pèi	63873	en-eng,an-ang,ai-ei,h-f,j-q-x	1
挑三嫌四	tiāo sān xián sì	63875	an-ang,ian-iang,s-sh,j-q-x	1
挑三拨四	tiāo sān bō sì	63876	an-ang,s-sh	1
挑三检四	tiāo sān jiǎn sì	63877	an-ang,ian-iang,s-sh,j-q-x	1
挑三豁四	tiāo sān huō sì	63878	an-ang,ua-uo,s-sh,h-f	1
挑么挑六	tiāo yāo tiāo liù	63880	ao-ou,n-l,r-l	1
挑唇料嘴	tiǎo chún liào zuǐ	63882	z-zh,c-ch,n-l,r-l	1
挑幺挑六	tiāo yāo tiāo liù	63884	ao-ou,n-l,r-l	3
挑毛拣刺	tiāo máo jiǎn cì	63887	ian-iang,ao-ou,c-ch,j-q-x	1
挑牙料唇	tiǎo yá liào chún	63888	c-ch,n-l,r-l	1
挑精拣肥	tiāo jīng jiǎn féi	63889	in-ing,ian-iang,ai-ei,h-f,j-q-x	1
挑茶斡刺	tiāo chá wò cì	63890	c-ch	3
挑雪填井	tiāo xuě tián jǐng	63892	in-ing,ian-iang,j-q-x	1
挖耳当招	wā ěr dāng zhāo	63893	an-ang,ao-ou,z-zh	1
挟主行令	jiā zhǔ xíng lìng	63894	in-ing,ia-ie,z-zh,n-l,r-l,j-q-x	1
挟势弄权	xié shì nòng quán	63895	uan-uang,ia-ie,s-sh,n-l,j-q-x	1
挟山超海	xié shān chāo hǎi	63896	an-ang,ai-ei,ao-ou,ia-ie,c-ch,s-sh,h-f,j-q-x	1
挟细拿粗	xié xì ná cū	63897	ia-ie,c-ch,n-l,j-q-x	1
挠曲枉直	náo qū wǎng zhí	63899	an-ang,ao-ou,z-zh,n-l,j-q-x	1
挠直为曲	náo zhí wéi qū	63900	ai-ei,ao-ou,z-zh,n-l,j-q-x	1
挤眉溜眼	jǐ méi liū yǎn	63905	an-ang,ai-ei,n-l,r-l,j-q-x	1
挥毫落纸	huī háo luò zhǐ	63908	ao-ou,ua-uo,z-zh,n-l,h-f,r-l	1
挥汗成雨	huī hàn chéng yǔ	63909	en-eng,an-ang,c-ch,h-f	1
挥沐吐餐	huī mù tǔ cān	63910	an-ang,c-ch,h-f	1
挥霍无度	huī huò wú dù	63911	ua-uo,h-f	1
挨三顶五	āi sān dǐng wǔ	63912	in-ing,an-ang,ai-ei,s-sh	1
挨冻受饿	ái dòng shòu è	63914	ai-ei,ao-ou,s-sh	1
挨山塞海	āi shān sè hǎi	63915	an-ang,ai-ei,s-sh,h-f	1
挨肩叠背	āi jiān dié bèi	63919	ian-iang,ai-ei,ia-ie,j-q-x	1
挨肩并足	āi jiān bìng zú	63920	in-ing,ian-iang,ai-ei,z-zh,j-q-x	1
挨肩搭背	āi jiān dā bèi	63921	ian-iang,ai-ei,j-q-x	1
挨肩擦背	āi jiān cā bèi	63922	ian-iang,ai-ei,c-ch,j-q-x	1
挨肩擦脸	āi jiān cā liǎn	63923	ian-iang,ai-ei,c-ch,n-l,r-l,j-q-x	1
挨肩擦膀	āi jiān cā bǎng	63924	an-ang,ian-iang,ai-ei,c-ch,j-q-x	1
挨肩迭背	āi jiān dié bèi	63925	ian-iang,ai-ei,ia-ie,j-q-x	1
挨门挨户	āi mén āi hù	63927	en-eng,ai-ei,h-f	1
挨门逐户	āi mén zhú hù	63928	en-eng,ai-ei,z-zh,h-f	1
挨风缉缝	āi fēng jī fèng	63930	en-eng,ai-ei,h-f,j-q-x	1
挫骨扬灰	cuò gǔ yáng huī	63932	an-ang,ua-uo,c-ch,h-f	1
振兵泽旅	zhèn bīng zé lǚ	63933	en-eng,in-ing,z-zh,n-l,r-l	1
振振有辞	zhèn zhèn yǒu cí	63934	en-eng,ao-ou,z-zh,c-ch	1
振臂一呼	zhèn bì yī hū	63935	en-eng,z-zh,h-f	1
振衣濯足	zhèn yī zhuó zú	63936	en-eng,ua-uo,z-zh	3
振贫济乏	zhèn pín jì fá	63937	en-eng,in-ing,z-zh,h-f,j-q-x	1
振领提纲	zhèn lǐng tí gāng	63938	en-eng,in-ing,an-ang,z-zh,n-l,r-l	1
挹彼注兹	yì bǐ zhù zī	63939	z-zh	3
挹斗扬箕	yì dǒu yáng jī	63940	an-ang,ao-ou,j-q-x	3
挺胸凸肚	tǐng xiōng tū dù	63941	in-ing,j-q-x	1
捉影捕风	zhuō yǐng bǔ fēng	63942	en-eng,in-ing,ua-uo,z-zh,h-f	1
捉摸不定	zhuō mō bù dìng	63943	in-ing,ua-uo,z-zh	1
捉衿肘见	zhuō jīn zhǒu jiàn	63944	in-ing,ian-iang,ao-ou,ua-uo,z-zh,j-q-x	3
捉衿见肘	zhuō jīn jiàn zhǒu	63945	in-ing,ian-iang,ao-ou,ua-uo,z-zh,j-q-x	3
捉衿露肘	zhuō jīn lù zhǒu	63946	in-ing,ao-ou,ua-uo,z-zh,n-l,r-l,j-q-x	3
捉襟肘见	zhuō jīn zhǒu jiàn	63947	in-ing,ian-iang,ao-ou,ua-uo,z-zh,j-q-x	1
捉襟露肘	zhuō jīn lù zhǒu	63948	in-ing,ao-ou,ua-uo,z-zh,n-l,r-l,j-q-x	1
捉风捕影	zhuō fēng bǔ yǐng	63949	en-eng,in-ing,ua-uo,z-zh,h-f	1
捉风捕月	zhuō fēng bǔ yuè	63950	en-eng,ua-uo,z-zh,h-f	1
捉鼠拿猫	zhuō shǔ ná māo	63951	ao-ou,ua-uo,z-zh,s-sh,n-l	1
捎关打节	shāo guān dǎ jié	63956	uan-uang,ao-ou,ia-ie,s-sh,j-q-x	1
捏怪排科	niē guài pái kē	63958	ai-ei,ia-ie,n-l	1
捐躯赴难	juān qū fù nàn	63959	an-ang,uan-uang,n-l,h-f,j-q-x	1
捕影系风	bǔ yǐng xì fēng	63961	en-eng,in-ing,h-f,j-q-x	1
捕风弄月	bǔ fēng nòng yuè	63962	en-eng,n-l,h-f	1
损上益下	sǔn shàng yì xià	63963	an-ang,ia-ie,s-sh,j-q-x	1
损军折将	sǔn jūn zhé jiàng	63964	ian-iang,z-zh,s-sh,j-q-x	1
换斗移星	huàn dǒu yí xīng	63968	in-ing,uan-uang,ao-ou,h-f,j-q-x	1
换骨夺胎	huàn gǔ duó tāi	63972	uan-uang,ai-ei,ua-uo,h-f	1
换骨脱胎	huàn gǔ tuō tāi	63973	uan-uang,ai-ei,ua-uo,h-f	1
捣乱分子	dǎo luàn fèn zi	63974	en-eng,uan-uang,ao-ou,z-zh,n-l,h-f,r-l	1
捣虚批吭	dǎo xū pī háng	63975	an-ang,ao-ou,h-f,j-q-x	1
捣虚撇抗	dǎo xū piē kàng	63976	an-ang,ao-ou,ia-ie,j-q-x	1
捧头鼠窜	pěng tóu shǔ cuàn	63977	en-eng,uan-uang,ao-ou,c-ch,s-sh	1
捭阖纵横	bǎi hé zòng héng	63978	en-eng,ai-ei,z-zh,h-f	3
据义履方	jù yì lǚ fāng	63979	an-ang,n-l,h-f,r-l,j-q-x	1
据图刎首	jù tú wěn shǒu	63980	en-eng,ao-ou,s-sh,j-q-x	3
据鞍读书	jù ān dú shū	63981	an-ang,s-sh,j-q-x	1
据高临下	jù gāo lín xià	63982	in-ing,ao-ou,ia-ie,n-l,r-l,j-q-x	1
捶骨沥髓	chuí gǔ lì suǐ	63984	c-ch,s-sh,n-l,r-l	1
捷报频传	jié bào pín chuán	63985	in-ing,uan-uang,ao-ou,ia-ie,c-ch,j-q-x	1
捷足先得	jié zú xiān dé	63986	ian-iang,ia-ie,z-zh,j-q-x	1
捻土为香	niǎn tǔ wéi xiāng	63987	ian-iang,ai-ei,n-l,j-q-x	1
捻土焚香	niǎn tǔ fén xiāng	63988	en-eng,ian-iang,n-l,h-f,j-q-x	1
捻神捻鬼	niǎn shén niǎn guǐ	63989	en-eng,ian-iang,s-sh,n-l	1
掀天动地	xiān tiān dòng dì	63990	ian-iang,j-q-x	1
掀天揭地	xiān tiān jiē dì	63991	ian-iang,ia-ie,j-q-x	1
掀天斡地	xiān tiān wò dì	63992	ian-iang,j-q-x	3
掀风鼓浪	xiān fēng gǔ làng	63993	en-eng,an-ang,ian-iang,n-l,h-f,r-l,j-q-x	1
掂斤估两	diān jīn gū liǎng	63995	in-ing,ian-iang,n-l,r-l,j-q-x	1
掂斤抹两	diān jīn mò liǎng	63996	in-ing,ian-iang,n-l,r-l,j-q-x	1
掂梢折本	diān shāo shé běn	63997	en-eng,ian-iang,ao-ou,s-sh	1
掇拾章句	duō shí zhāng jù	63999	an-ang,ua-uo,z-zh,s-sh,j-q-x	3
掇菁撷华	duō jīng xié huá	64000	in-ing,ia-ie,ua-uo,h-f,j-q-x	3
掇青拾紫	duō qīng shí zǐ	64001	in-ing,ua-uo,z-zh,s-sh,j-q-x	3
授业解惑	shòu yè jiě huò	64002	ao-ou,ia-ie,ua-uo,s-sh,h-f,j-q-x	1
授受不亲	shòu shòu bù qīn	64003	in-ing,ao-ou,s-sh,j-q-x	1
掉头鼠窜	diào tóu shǔ cuàn	64004	uan-uang,ao-ou,c-ch,s-sh	1
掉臂不顾	diào bì bù gù	64005		1
掊斗折衡	pǒu dǒu zhé héng	64006	en-eng,ao-ou,z-zh,h-f	3
掌上观文	zhǎng shàng guān wén	64007	en-eng,an-ang,uan-uang,z-zh,s-sh	1
掌上观纹	zhǎng shàng guān wén	64008	en-eng,an-ang,uan-uang,z-zh,s-sh	1
掎挈伺诈	jǐ qiè sì zhà	64010	ia-ie,z-zh,s-sh,j-q-x	7
掎裳连袂	jǐ cháng lián mèi	64011	an-ang,ian-iang,ai-ei,c-ch,n-l,r-l,j-q-x	7
掎角之势	jǐ jiǎo zhī shì	64012	z-zh,s-sh,j-q-x	5
掐尖落钞	qiā jiān luò chāo	64013	ian-iang,ao-ou,ia-ie,ua-uo,c-ch,n-l,r-l,j-q-x	1
掐着指头	qiā zhe zhǐ tou	64014	ao-ou,ia-ie,z-zh,j-q-x	1
排山压卵	pái shān yā luǎn	64017	an-ang,uan-uang,ai-ei,s-sh,n-l,r-l	1
排患解纷	pái huàn jiě fēn	64019	en-eng,uan-uang,ai-ei,ia-ie,h-f,j-q-x	1
排斥异己	pái chì yì jǐ	64020	ai-ei,c-ch,j-q-x	1
排沙简金	pái shā jiǎn jīn	64021	in-ing,ian-iang,ai-ei,s-sh,j-q-x	1
排沙见金	pái shā jiàn jīn	64022	in-ing,ian-iang,ai-ei,s-sh,j-q-x	1
排糠障风	pái kāng zhàng fēng	64025	en-eng,an-ang,ai-ei,z-zh,h-f	1
排除万难	pái chú wàn nán	64027	an-ang,ai-ei,c-ch,n-l	1
排除异己	pái chú yì jǐ	64028	ai-ei,c-ch,j-q-x	1
掖在怀里	yē zài huái lǐ	64029	ai-ei,z-zh,n-l,h-f,r-l	3
掞藻飞声	shàn zǎo fēi shēng	64033	en-eng,an-ang,ai-ei,ao-ou,z-zh,s-sh,h-f	5
掠地攻城	lüè dì gōng chéng	64034	en-eng,c-ch,n-l,r-l	1
探囊胠箧	tàn náng qū qiè	64035	an-ang,ia-ie,n-l,j-q-x	7
探头缩脑	tàn tóu suō nǎo	64036	an-ang,ao-ou,ua-uo,s-sh,n-l	1
探幽索隐	tàn yōu suǒ yǐn	64037	in-ing,an-ang,ao-ou,ua-uo,s-sh	1
探汤蹈火	tàn tāng dǎo huǒ	64038	an-ang,ao-ou,ua-uo,h-f	1
探观止矣	tàn guān zhǐ yǐ	64039	an-ang,uan-uang,z-zh	1
探赜索隐	tàn zé suǒ yǐn	64040	in-ing,an-ang,ua-uo,z-zh,s-sh	3
探骊得珠	tàn lí dé zhū	64041	an-ang,z-zh,n-l,r-l	3
掣襟露肘	chè jīn lù zhǒu	64042	in-ing,ao-ou,z-zh,c-ch,n-l,r-l,j-q-x	3
接连不断	jiē lián bù duàn	64043	ian-iang,uan-uang,ia-ie,n-l,r-l,j-q-x	1
接风洗尘	jiē fēng xǐ chén	64044	en-eng,ia-ie,c-ch,h-f,j-q-x	1
推亡固存	tuī wáng gù cún	64045	an-ang,c-ch	1
推天抢地	tuī tiān qiǎng dì	64046	ian-iang,j-q-x	1
推干就湿	tuī gān jiù shī	64047	an-ang,s-sh,j-q-x	1
推枯折腐	tuī kū shé fǔ	64048	s-sh,h-f	1
推而广之	tuī ér guǎng zhī	64050	uan-uang,z-zh	1
推聋作哑	tuī lóng zuò yǎ	64051	ua-uo,z-zh,n-l,r-l	1
推聋妆哑	tuī lóng zhuāng yǎ	64052	uan-uang,z-zh,n-l,r-l	1
推诚相见	tuī chéng xiāng jiàn	64053	en-eng,ian-iang,c-ch,j-q-x	1
推贤让能	tuī xián ràng néng	64054	en-eng,an-ang,ian-iang,n-l,r-l,j-q-x	1
推食解衣	tuī shí jiě yī	64055	ia-ie,s-sh,j-q-x	1
掩其不备	yǎn qí bù bèi	64056	an-ang,ai-ei,j-q-x	1
掩其无备	yǎn qí wú bèi	64057	an-ang,ai-ei,j-q-x	1
掩恶扬善	yǎn è yáng shàn	64058	an-ang,s-sh	1
掩恶扬美	yǎn è yáng měi	64059	an-ang,ai-ei	1
掩瑕藏疾	yǎn xiá cáng jí	64060	an-ang,ia-ie,c-ch,j-q-x	3
掩目捕雀	yǎn mù bǔ què	64061	an-ang,j-q-x	1
掩眼捕雀	yǎn yǎn bǔ què	64062	an-ang,j-q-x	1
掩过扬善	yǎn guò yáng shàn	64063	an-ang,ua-uo,s-sh	1
掩过饰非	yǎn guò shì fēi	64064	an-ang,ai-ei,ua-uo,s-sh,h-f	1
掩鼻而过	yǎn bí ér guò	64065	an-ang,ua-uo	1
措辞不当	cuò cí bú dàng	64066	an-ang,ua-uo,c-ch	1
措辞得当	cuò cí dé dàng	64067	an-ang,ua-uo,c-ch	1
掷地赋声	zhì dì fù shēng	64070	en-eng,z-zh,s-sh,h-f	1
掷地金声	zhì dì jīn shēng	64071	en-eng,in-ing,z-zh,s-sh,j-q-x	1
掷果潘郎	zhì guǒ pān láng	64072	an-ang,ua-uo,z-zh,n-l,r-l	1
揆情度理	kuí qíng duó lǐ	64076	in-ing,ua-uo,n-l,r-l,j-q-x	3
揆时度势	kuí shí dù shì	64077	s-sh	3
揆理度势	kuí lǐ dù shì	64078	s-sh,n-l,r-l	3
揆理度情	kuí lǐ duó qíng	64079	in-ing,ua-uo,n-l,r-l,j-q-x	3
描写画角	miáo xiě huà jiǎo	64080	ia-ie,ua-uo,h-f,j-q-x	1
描头画角	miáo tóu huà jiǎo	64081	ao-ou,ua-uo,h-f,j-q-x	1
提名道姓	tí míng dào xìng	64085	in-ing,ao-ou,j-q-x	1
提心在口	tí xīn zài kǒu	64088	in-ing,ai-ei,ao-ou,z-zh,j-q-x	1
提纲举领	tí gāng jǔ lǐng	64096	in-ing,an-ang,n-l,r-l,j-q-x	1
提纲振领	tí gāng zhèn lǐng	64097	en-eng,in-ing,an-ang,z-zh,n-l,r-l	1
提要钩玄	tí yào gōu xuán	64098	uan-uang,ao-ou,j-q-x	1
插圈弄套	chā quān nòng tào	64102	uan-uang,ao-ou,c-ch,n-l,j-q-x	1
插架万轴	chā jià wàn zhóu	64103	an-ang,ao-ou,ia-ie,z-zh,c-ch,j-q-x	1
插科使砌	chā kē shǐ qì	64104	c-ch,s-sh,j-q-x	1
插翅难逃	chā chì nán táo	64105	an-ang,ao-ou,c-ch,n-l	1
插队落户	chā duì luò hù	64106	ua-uo,c-ch,n-l,h-f,r-l	1
握发吐哺	wò fà tǔ bǔ	64107	h-f	1
握发吐飧	wò fā tǔ sūn	64108	s-sh,h-f	3
握拳透爪	wò quán tòu zhǎo	64109	uan-uang,ao-ou,z-zh,j-q-x	1
握炭流汤	wò tàn liú tāng	64110	an-ang,n-l,r-l	1
握粟出卜	wò sù chū bo	64111	c-ch,s-sh	1
握素怀铅	wò sù huái qiān	64112	ian-iang,s-sh,h-f,j-q-x	1
握纲提领	wò gāng tí lǐng	64113	in-ing,an-ang,n-l,r-l	1
握蛇骑虎	wò shé qí hǔ	64114	s-sh,h-f,j-q-x	1
握铅抱椠	wò qiān bào qiàn	64115	ian-iang,ao-ou,j-q-x	3
握雨携云	wò yǔ xié yún	64116	ia-ie,j-q-x	1
握风捕影	wò fēng bǔ yǐng	64117	en-eng,in-ing,h-f	1
揣合逢迎	chuǎi hé féng yíng	64118	en-eng,in-ing,c-ch,h-f	1
揣奸把猾	chuāi jiān bǎ huá	64119	ian-iang,ua-uo,c-ch,h-f,j-q-x	1
揣时度力	chuǎi shí duó lì	64122	ua-uo,c-ch,s-sh,n-l,r-l	1
揣骨听声	chuāi gǔ tīng shēng	64123	en-eng,in-ing,c-ch,s-sh	1
揭地掀天	jiē dì xiān tiān	64124	ian-iang,ia-ie,j-q-x	1
揭箧担囊	jiē qiè dān náng	64132	an-ang,ia-ie,n-l,j-q-x	3
揭箧探囊	jiē qiè tàn náng	64133	an-ang,ia-ie,n-l,j-q-x	3
揭衣涉水	qì yī shè shuǐ	64134	s-sh,j-q-x	1
援古刺今	yuán gǔ cì jīn	64137	in-ing,uan-uang,c-ch,j-q-x	1
援鳖失龟	yuán biē shī guī	64139	uan-uang,ia-ie,s-sh	1
揽辔中原	lǎn pèi zhōng yuán	64140	an-ang,uan-uang,ai-ei,z-zh,n-l,r-l	3
揽辔澄清	lǎn pèi chéng qīng	64141	en-eng,in-ing,an-ang,ai-ei,c-ch,n-l,r-l,j-q-x	3
揽辔登车	lǎn pèi dēng chē	64142	en-eng,an-ang,ai-ei,c-ch,n-l,r-l	3
搀前落后	chān qián luò hòu	64145	an-ang,ian-iang,ao-ou,ua-uo,c-ch,n-l,h-f,r-l,j-q-x	1
搀行夺市	chān háng duó shì	64147	an-ang,ua-uo,c-ch,s-sh,h-f	1
搔到痒处	sāo dào yǎng chù	64154	an-ang,ao-ou,c-ch,s-sh	1
搔头弄姿	sāo tóu nòng zī	64155	ao-ou,z-zh,s-sh,n-l	1
搔头抓耳	sāo tóu zhuā ěr	64156	ao-ou,ua-uo,z-zh,s-sh	1
搔头摸耳	sāo tóu mō ěr	64157	ao-ou,s-sh	1
搔着痒处	sāo zhe yǎng chù	64158	an-ang,ao-ou,z-zh,c-ch,s-sh	1
搜奇抉怪	sōu qí jué guài	64160	ao-ou,s-sh,j-q-x	3
搜岩采干	sōu yán cǎi gàn	64161	an-ang,ai-ei,ao-ou,c-ch,s-sh	1
搜扬侧陋	sōu yáng cè lòu	64162	an-ang,ao-ou,c-ch,s-sh,n-l,r-l	1
搜章摘句	sōu zhāng zhāi jù	64164	an-ang,ai-ei,ao-ou,z-zh,s-sh,j-q-x	1
搦朽磨钝	nuò xiǔ mó dùn	64166	ua-uo,n-l,j-q-x	3
搬口弄舌	bān kǒu nòng shé	64168	an-ang,ao-ou,s-sh,n-l	1
搬唇弄舌	bān chún nòng shé	64169	an-ang,c-ch,s-sh,n-l	1
搬石砸脚	bān shí zá jiǎo	64170	an-ang,z-zh,s-sh,j-q-x	1
搭搭撒撒	dā dā sā sā	64173	s-sh	1
搴旗取将	qiān qí qǔ jiàng	64175	ian-iang,j-q-x	3
搴旗斩将	qiān qí zhǎn jiàng	64176	an-ang,ian-iang,z-zh,j-q-x	3
携云握雨	xié yún wò yǔ	64177	ia-ie,j-q-x	1
携男挈女	xié nán qiè nǚ	64178	an-ang,ia-ie,n-l,j-q-x	3
搽脂抹粉	chá zhī mǒ fěn	64179	en-eng,z-zh,c-ch,h-f	3
摄威擅势	shè wēi shàn shì	64183	an-ang,ai-ei,s-sh	1
摄影艺术	shè yǐng yì shù	64184	in-ing,s-sh	1
摄氏温标	shè shì wēn biāo	64187	en-eng,s-sh	1
摄魄钩魂	shè pò gōu hún	64188	ao-ou,s-sh,h-f	1
摆尾摇头	bǎi wěi yáo tóu	64189	ai-ei,ao-ou	1
摇头叹息	yáo tóu tàn xī	64191	an-ang,ao-ou,j-q-x	1
摇头幌脑	yáo tóu huǎng nǎo	64192	uan-uang,ao-ou,n-l,h-f	1
摇头摆脑	yáo tóu bǎi nǎo	64193	ai-ei,ao-ou,n-l	1
摇尾求食	yáo wěi qiú shí	64194	ai-ei,ao-ou,s-sh,j-q-x	1
摇尾涂中	yáo wěi tú zhōng	64195	ai-ei,ao-ou,z-zh	1
摇手触禁	yáo shǒu chù jìn	64196	in-ing,ao-ou,c-ch,s-sh,j-q-x	1
摇羽毛扇	yáo yǔ máo shàn	64197	an-ang,ao-ou,s-sh	1
摘句寻章	zhāi jù xún zhāng	64200	an-ang,ai-ei,z-zh,j-q-x	1
摘瓜抱蔓	zhāi guā bào màn	64201	an-ang,ai-ei,ao-ou,ua-uo,z-zh	1
摘艳熏香	zhāi yàn xūn xiāng	64202	an-ang,ian-iang,ai-ei,z-zh,j-q-x	1
摧兰折玉	cuī lán zhé yù	64203	an-ang,z-zh,c-ch,n-l,r-l	1
摧刚为柔	cuī gāng wéi róu	64204	an-ang,ai-ei,ao-ou,c-ch,r-l	1
摧折豪强	cuī zhé háo qiáng	64205	ian-iang,ao-ou,z-zh,c-ch,h-f,j-q-x	1
摧朽拉枯	cuī xiǔ lā kū	64206	c-ch,n-l,r-l,j-q-x	1
摧枯折腐	cuī kū zhé fǔ	64207	z-zh,c-ch,h-f	1
摧枯拉腐	cuī kū lā fǔ	64208	c-ch,n-l,h-f,r-l	1
摧眉折腰	cuī méi zhé yāo	64209	ai-ei,ao-ou,z-zh,c-ch	1
摩加迪沙	mó jiā dí shā	64210	ia-ie,s-sh,j-q-x	1
摩厉以需	mó lì yǐ xū	64211	n-l,r-l,j-q-x	1
摩厉以须	mó lì yǐ xū	64212	n-l,r-l,j-q-x	1
摩口膏舌	mó kǒu gāo shé	64213	ao-ou,s-sh	1
摩砺以须	mó lì yǐ xū	64219	n-l,r-l,j-q-x	3
摩肩击毂	mó jiān jī gǔ	64220	ian-iang,j-q-x	3
摩肩接毂	mó jiān jiē gǔ	64221	ian-iang,ia-ie,j-q-x	3
摩肩擦踵	mó jiān cā zhǒng	64222	ian-iang,z-zh,c-ch,j-q-x	3
摩顶放踵	mó dǐng fàng zhǒng	64223	in-ing,an-ang,z-zh,h-f	3
摩顶至足	mó dǐng zhì zú	64224	in-ing,z-zh	1
摩顶至踵	mó dǐng zhì zhǒng	64225	in-ing,z-zh	3
摸不着边	mō bù zhuó biān	64227	ian-iang,ua-uo,z-zh	1
摸头不着	mō tóu bù zháo	64228	ao-ou,z-zh	1
摸金校尉	mō jīn xiào wèi	64229	in-ing,ai-ei,j-q-x	1
摸门不着	mō mén bù zháo	64230	en-eng,ao-ou,z-zh	1
摽梅之年	biào méi zhī nián	64231	ian-iang,ai-ei,z-zh,n-l	3
撅坑撅堑	jué kēng jué qiàn	64234	en-eng,ian-iang,j-q-x	3
撅天扑地	juē tiān pū dì	64235	ian-iang,j-q-x	3
撇呆打堕	piě dāi dǎ duò	64236	ai-ei,ia-ie,ua-uo	1
撑天拄地	chēng tiān zhǔ dì	64239	en-eng,ian-iang,z-zh,c-ch	1
撑天柱地	chēng tiān zhù dì	64240	en-eng,ian-iang,z-zh,c-ch	1
撑肠拄肚	chēng cháng zhǔ dù	64242	en-eng,an-ang,z-zh,c-ch	1
撑霆裂月	chēng tíng liè yuè	64243	en-eng,in-ing,ia-ie,c-ch,n-l,r-l	3
撒娇卖俏	sā jiāo mài qiào	64247	ai-ei,s-sh,j-q-x	1
撒娇撒痴	sā jiāo sā chī	64248	c-ch,s-sh,j-q-x	1
撒水拿鱼	sā shuǐ ná yú	64254	s-sh,n-l	1
撒泼打滚	sā pō dǎ gǔn	64255	s-sh	1
撒泼放刁	sā pō fàng diāo	64256	an-ang,s-sh,h-f	1
撒痴撒娇	sā chī sā jiāo	64257	c-ch,s-sh,j-q-x	1
撒科打诨	sā kē dǎ hùn	64258	s-sh,h-f	3
撒诈捣虚	sā zhà dǎo xū	64259	ao-ou,z-zh,s-sh,j-q-x	1
撒豆成兵	sǎ dòu chéng bīng	64260	en-eng,in-ing,ao-ou,c-ch,s-sh	1
撒骚放屁	sā sāo fàng pì	64261	an-ang,ao-ou,s-sh,h-f	1
撕心裂肺	sī xīn liè fèi	64263	in-ing,ai-ei,ia-ie,s-sh,n-l,h-f,r-l,j-q-x	1
撞头磕脑	zhuàng tóu kē nǎo	64266	uan-uang,ao-ou,z-zh,n-l	1
撞府冲州	zhuàng fǔ chōng zhōu	64267	uan-uang,ao-ou,z-zh,c-ch,h-f	1
撞阵冲军	zhuàng zhèn chōng jūn	64268	en-eng,uan-uang,z-zh,c-ch,j-q-x	1
撩云拨雨	liáo yún bō yǔ	64272	n-l,r-l	1
撩火加油	liáo huǒ jiā yóu	64275	ao-ou,ia-ie,ua-uo,n-l,h-f,r-l,j-q-x	1
撩蜂剔蝎	liáo fēng tī xiē	64276	en-eng,ia-ie,n-l,h-f,r-l,j-q-x	1
撩蜂吃螫	liáo fēng chī shì	64277	en-eng,c-ch,s-sh,n-l,h-f,r-l	3
播弄是非	bō nòng shì fēi	64278	ai-ei,s-sh,n-l,h-f	1
播糠眯目	bō kāng mǐ mù	64280	an-ang	1
撮土焚香	cuō tǔ fén xiāng	64281	en-eng,ian-iang,ua-uo,c-ch,h-f,j-q-x	1
撮盐入水	cuō yán rù shuǐ	64283	an-ang,ua-uo,c-ch,s-sh,r-l	1
撮盐入火	cuō yán rù huǒ	64284	an-ang,ua-uo,c-ch,h-f,r-l	1
撮科打哄	cuō kē dǎ hòng	64285	ua-uo,c-ch,h-f	1
撼地摇天	hàn dì yáo tiān	64288	an-ang,ian-iang,ao-ou,h-f	1
撼天震地	hàn tiān zhèn dì	64289	en-eng,an-ang,ian-iang,z-zh,h-f	1
擂天倒地	léi tiān dǎo dì	64290	ian-iang,ai-ei,ao-ou,n-l,r-l	1
擂鼓筛锣	léi gǔ shāi luó	64291	ai-ei,ua-uo,s-sh,n-l,r-l	1
擂鼓鸣金	léi gǔ míng jīn	64292	in-ing,ai-ei,n-l,r-l,j-q-x	1
操之过切	cāo zhī guò qiè	64294	ao-ou,ia-ie,ua-uo,z-zh,c-ch,j-q-x	1
操之过激	cāo zhī guò jī	64295	ao-ou,ua-uo,z-zh,c-ch,j-q-x	1
操之过蹙	cāo zhī guò cù	64296	ao-ou,ua-uo,z-zh,c-ch	3
操奇计赢	cāo qí jì yíng	64299	in-ing,ao-ou,c-ch,j-q-x	1
操奇逐赢	cāo qí zhú yíng	64300	in-ing,ao-ou,z-zh,c-ch,j-q-x	1
操戈同室	cāo gē tóng shì	64301	ao-ou,c-ch,s-sh	1
操揉磨治	cāo róu mó zhì	64302	ao-ou,z-zh,c-ch,r-l	1
操纵自如	cāo zòng zì rú	64303	ao-ou,z-zh,c-ch,r-l	1
操赢致奇	cāo yíng zhì qí	64304	in-ing,ao-ou,z-zh,c-ch,j-q-x	1
操身行世	cāo shēn xíng shì	64305	en-eng,in-ing,ao-ou,c-ch,s-sh,j-q-x	1
擒奸擿伏	qín jiān tī fú	64306	in-ing,ian-iang,h-f,j-q-x	5
擒奸讨暴	qín jiān tǎo bào	64307	in-ing,ian-iang,ao-ou,j-q-x	1
擒贼擒王	qín zéi qín wáng	64308	in-ing,an-ang,ai-ei,z-zh,j-q-x	1
擘两分星	bò liǎng fēn xīng	64309	en-eng,in-ing,ian-iang,n-l,h-f,r-l,j-q-x	3
擘肌分理	bò jī fēn lǐ	64311	en-eng,n-l,h-f,r-l,j-q-x	3
擢发莫数	zhuó fà mò shǔ	64312	ua-uo,z-zh,s-sh,h-f	3
擢发难数	zhuó fà nán shǔ	64313	an-ang,ua-uo,z-zh,s-sh,n-l,h-f	3
擢筋剥肤	zhuó jīn bō fū	64314	in-ing,ua-uo,z-zh,h-f,j-q-x	3
擢筋割骨	zhuó jīn gē gǔ	64315	in-ing,ua-uo,z-zh,j-q-x	3
擦拳抹掌	cā quán mò zhǎng	64316	an-ang,uan-uang,z-zh,c-ch,j-q-x	1
擦拳磨掌	cā quán mó zhǎng	64317	an-ang,uan-uang,z-zh,c-ch,j-q-x	1
擦掌磨拳	cā zhǎng mó quán	64318	an-ang,uan-uang,z-zh,c-ch,j-q-x	1
擦脂抹粉	cā zhī mǒ fěn	64320	en-eng,z-zh,c-ch,h-f	1
擿伏发奸	tī fú fā jiān	64321	ian-iang,h-f,j-q-x	5
擿伏发隐	tī fú fā yǐn	64322	in-ing,h-f	5
擿埴索涂	zhāi zhí suǒ tú	64323	ai-ei,ua-uo,z-zh,s-sh	7
擿埴索途	zhāi zhí suǒ tú	64324	ai-ei,ua-uo,z-zh,s-sh	7
擿奸发伏	tī jiān fā fú	64325	ian-iang,h-f,j-q-x	5
擿植索涂	zhāi zhí suǒ tú	64326	ai-ei,ua-uo,z-zh,s-sh	5
攀枝花市	pān zhī huā shì	64329	an-ang,ua-uo,z-zh,s-sh,h-f	1
攀花折柳	pān huā zhé liǔ	64330	an-ang,ua-uo,z-zh,n-l,h-f,r-l	1
攀藤揽葛	pān téng lǎn gě	64331	en-eng,an-ang,n-l,r-l	1
攀藤附葛	pān téng fù gě	64332	en-eng,an-ang,h-f	1
攀蟾折桂	pān chán shé guì	64333	an-ang,c-ch,s-sh	3
攀车卧辙	pān chē wò zhé	64334	an-ang,z-zh,c-ch	1
攀高结贵	pān gāo jié guì	64335	an-ang,ao-ou,ia-ie,j-q-x	1
攀龙附风	pān lóng fù fēng	64336	en-eng,an-ang,n-l,h-f,r-l	1
攒三聚五	cuán sān jù wǔ	64337	an-ang,uan-uang,c-ch,s-sh,j-q-x	3
攒三集五	cuán sān jí wǔ	64338	an-ang,uan-uang,c-ch,s-sh,j-q-x	3
攒眉苦脸	zǎn méi kǔ liǎn	64343	an-ang,ian-iang,ai-ei,z-zh,n-l,r-l	3
攒眉蹙额	cuán méi cù é	64344	uan-uang,ai-ei,c-ch	3
攒锋聚镝	cuán fēng jù dí	64346	en-eng,uan-uang,c-ch,h-f,j-q-x	3
攒零合整	cuán líng hé zhěng	64348	en-eng,in-ing,uan-uang,z-zh,c-ch,n-l,h-f,r-l	3
攘外安内	rǎng wài ān nèi	64349	an-ang,ai-ei,n-l,r-l	3
攘肌及骨	rǎng jī jí gǔ	64350	an-ang,r-l,j-q-x	3
攘臂一呼	rǎng bì yī hū	64352	an-ang,h-f,r-l	3
攫为己有	jué wéi jǐ yǒu	64353	ai-ei,ao-ou,j-q-x	3
支分族解	zhī fēn zú jiě	64355	en-eng,ia-ie,z-zh,h-f,j-q-x	1
支分节解	zhī fēn jié jiě	64356	en-eng,ia-ie,z-zh,h-f,j-q-x	1
支吾其词	zhī wú qí cí	64358	z-zh,c-ch,j-q-x	1
支策据梧	zhī cè jù wú	64362	z-zh,c-ch,j-q-x	1
支纷节解	zhī fēn jié jiě	64363	en-eng,ia-ie,z-zh,h-f,j-q-x	1
收因种果	shōu yīn zhǒng guǒ	64366	in-ing,ao-ou,ua-uo,z-zh,s-sh	1
收因结果	shōu yīn jié guǒ	64367	in-ing,ao-ou,ia-ie,ua-uo,s-sh,j-q-x	1
收园结果	shōu yuán jié guǒ	64368	uan-uang,ao-ou,ia-ie,ua-uo,s-sh,j-q-x	1
收旗卷伞	shōu qí juàn sǎn	64369	an-ang,uan-uang,ao-ou,s-sh,j-q-x	1
收离纠散	shōu lí jiū sàn	64372	an-ang,ao-ou,s-sh,n-l,r-l,j-q-x	1
收离聚散	shōu lí jù sàn	64373	an-ang,ao-ou,s-sh,n-l,r-l,j-q-x	1
收缘结果	shōu yuán jié guǒ	64374	uan-uang,ao-ou,ia-ie,ua-uo,s-sh,j-q-x	1
收锣罢鼓	shōu luó bà gǔ	64378	ao-ou,ua-uo,s-sh,n-l,r-l	1
改俗迁风	gǎi sú qiān fēng	64380	en-eng,ian-iang,ai-ei,s-sh,h-f,j-q-x	1
改变心意	gǎi biàn xīn yì	64381	in-ing,ian-iang,ai-ei,j-q-x	1
改口沓舌	gǎi kǒu tà shé	64382	ai-ei,ao-ou,s-sh	3
改头换尾	gǎi tóu huàn wěi	64383	uan-uang,ai-ei,ao-ou,h-f	1
改姓更名	gǎi xìng gēng míng	64384	en-eng,in-ing,ai-ei,j-q-x	1
改张易调	gǎi zhāng yì diào	64385	an-ang,ai-ei,z-zh	1
改弦易调	gǎi xián yì diào	64386	ian-iang,ai-ei,j-q-x	1
改恶为善	gǎi è wéi shàn	64387	an-ang,ai-ei,s-sh	1
改恶向善	gǎi è xiàng shàn	64388	an-ang,ian-iang,ai-ei,s-sh,j-q-x	1
改恶行善	gǎi è xíng shàn	64389	in-ing,an-ang,ai-ei,s-sh,j-q-x	1
改换头面	gǎi huàn tóu miàn	64390	ian-iang,uan-uang,ai-ei,ao-ou,h-f	1
改换家门	gǎi huàn jiā mén	64391	en-eng,uan-uang,ai-ei,ia-ie,h-f,j-q-x	1
改操易节	gǎi cāo yì jié	64392	ai-ei,ao-ou,ia-ie,c-ch,j-q-x	1
改政移风	gǎi zhèng yí fēng	64393	en-eng,ai-ei,z-zh,h-f	1
改曲易调	gǎi qǔ yì diào	64394	ai-ei,j-q-x	1
改朝换姓	gǎi cháo huàn xìng	64395	in-ing,uan-uang,ai-ei,ao-ou,c-ch,h-f,j-q-x	1
改柯易叶	gǎi kē yì yè	64396	ai-ei	3
改柯易节	gǎi kē yì jié	64397	ai-ei,ia-ie,j-q-x	3
改玉改行	gǎi yù gǎi xíng	64398	in-ing,ai-ei,j-q-x	1
改而更张	gǎi ér gèng zhāng	64399	en-eng,an-ang,ai-ei,z-zh	1
改节易操	gǎi jié yì cāo	64400	ai-ei,ao-ou,ia-ie,c-ch,j-q-x	1
改行为善	gǎi xíng wéi shàn	64401	in-ing,an-ang,ai-ei,s-sh,j-q-x	1
改行从善	gǎi xíng cóng shàn	64402	in-ing,an-ang,ai-ei,c-ch,s-sh,j-q-x	1
改行自新	gǎi xíng zì xīn	64403	in-ing,ai-ei,z-zh,j-q-x	1
改行迁善	gǎi xíng qiān shàn	64404	in-ing,an-ang,ian-iang,ai-ei,s-sh,j-q-x	1
改过不吝	gǎi guò bù lìn	64405	in-ing,ai-ei,ua-uo,n-l,r-l	1
改过从善	gǎi guò cóng shàn	64406	an-ang,ai-ei,ua-uo,c-ch,s-sh	1
改过作新	gǎi guò zuò xīn	64407	in-ing,ai-ei,ua-uo,z-zh,j-q-x	1
改过迁善	gǎi guò qiān shàn	64408	an-ang,ian-iang,ai-ei,ua-uo,s-sh,j-q-x	1
攻其无备	gōng qí wú bèi	64409	ai-ei,j-q-x	1
攻击行为	gōng jī xíng wéi	64410	in-ing,ai-ei,j-q-x	1
攻城掠地	gōng chéng lüè dì	64411	en-eng,c-ch,n-l,r-l	1
攻心为上	gōng xīn wèi shàng	64412	in-ing,an-ang,ai-ei,s-sh,j-q-x	1
攻心扼吭	gōng xīn è háng	64413	in-ing,an-ang,h-f,j-q-x	1
攻苦食俭	gōng kǔ shí jiǎn	64414	ian-iang,s-sh,j-q-x	1
攻苦食啖	gōng kǔ shí dàn	64415	an-ang,s-sh	3
攻苦食淡	gōng kǔ shí dàn	64416	an-ang,s-sh	1
攻过箴阙	gōng guò zhēn què	64417	en-eng,ua-uo,z-zh,j-q-x	3
放僻淫佚	fàng pì yín yì	64419	in-ing,an-ang,h-f	3
放僻邪侈	fàng pì xié chǐ	64420	an-ang,ia-ie,c-ch,h-f,j-q-x	1
放刁把滥	fàng diāo bǎ làn	64422	an-ang,n-l,h-f,r-l	1
放刁撒泼	fàng diāo sā pō	64423	an-ang,s-sh,h-f	1
放射疗法	fàng shè liáo fǎ	64427	an-ang,s-sh,n-l,h-f,r-l	1
放屁添风	fàng pì tiān fēng	64428	en-eng,an-ang,ian-iang,h-f	1
放心解体	fàng xīn jiě tǐ	64429	in-ing,an-ang,ia-ie,h-f,j-q-x	1
放歌纵酒	fàng gē zòng jiǔ	64431	an-ang,z-zh,h-f,j-q-x	1
放泼撒豪	fàng pō sā háo	64432	an-ang,ao-ou,s-sh,h-f	1
放浪不拘	fàng làng bù jū	64433	an-ang,n-l,h-f,r-l,j-q-x	1
放浪不羁	fàng làng bù jī	64434	an-ang,n-l,h-f,r-l,j-q-x	3
放浪无拘	fàng làng wú jū	64435	an-ang,n-l,h-f,r-l,j-q-x	1
放纵不拘	fàng zòng bù jū	64437	an-ang,z-zh,h-f,j-q-x	1
放纵不羁	fàng zòng bù jī	64438	an-ang,z-zh,h-f,j-q-x	3
放纵驰荡	fàng zòng chí dàng	64439	an-ang,z-zh,c-ch,h-f	1
放言高论	fàng yán gāo lùn	64440	an-ang,ao-ou,n-l,h-f,r-l	1
放诞不拘	fàng dàn bù jū	64441	an-ang,h-f,j-q-x	1
放诞不羁	fàng dàn bù jī	64442	an-ang,h-f,j-q-x	3
放诞风流	fàng dàn fēng liú	64443	en-eng,an-ang,n-l,h-f,r-l	1
放辟淫侈	fàng pì yín chǐ	64444	in-ing,an-ang,c-ch,h-f	1
放辟邪侈	fàng pì xié chǐ	64445	an-ang,ia-ie,c-ch,h-f,j-q-x	1
放达不羁	fàng dá bù jī	64446	an-ang,h-f,j-q-x	3
放马华阳	fàng mǎ huá yáng	64448	an-ang,ua-uo,h-f	1
放马后炮	fàng mǎ hòu pào	64449	an-ang,ao-ou,h-f	1
政令不一	zhèng lìng bù yī	64450	en-eng,in-ing,z-zh,n-l,r-l	1
政教合一	zhèng jiào hé yī	64451	en-eng,z-zh,h-f,j-q-x	1
政治委员	zhèng zhì wěi yuán	64452	en-eng,uan-uang,ai-ei,z-zh	1
政清人和	zhèng qīng rén hé	64453	en-eng,in-ing,z-zh,h-f,r-l,j-q-x	1
故土难离	gù tǔ nán lí	64455	an-ang,n-l,r-l	1
故家乔木	gù jiā qiáo mù	64456	ia-ie,j-q-x	1
故弄虚玄	gù nòng xū xuán	64457	uan-uang,n-l,j-q-x	1
故态复还	gù tài fù huán	64458	uan-uang,ai-ei,h-f	1
故技重演	gù jì chóng yǎn	64459	an-ang,c-ch,j-q-x	1
故旧不弃	gù jiù bù qì	64460	j-q-x	1
故甚其词	gù shèn qí cí	64461	en-eng,c-ch,s-sh,j-q-x	1
效死疆场	xiào sǐ jiāng chǎng	64462	an-ang,ian-iang,c-ch,s-sh,j-q-x	1
敌不可假	dí bù kě jiǎ	64463	ia-ie,j-q-x	1
敌不可纵	dí bù kě zòng	64464	z-zh	1
敌力角气	dí lì jiǎo qì	64465	n-l,r-l,j-q-x	1
敌忾同仇	dí kài tóng chóu	64467	ai-ei,ao-ou,c-ch	3
敌王所忾	dí wáng suǒ kài	64468	an-ang,ai-ei,ua-uo,s-sh	3
救世济民	jiù shì jì mín	64469	in-ing,s-sh,j-q-x	1
救火拯溺	jiù huǒ zhěng nì	64470	en-eng,ua-uo,z-zh,n-l,h-f,j-q-x	1
救焚拯溺	jiù fén zhěng nì	64471	en-eng,z-zh,n-l,h-f,j-q-x	1
救燎助薪	jiù liáo zhù xīn	64472	in-ing,z-zh,n-l,r-l,j-q-x	3
救过不暇	jiù guò bù xiá	64473	ia-ie,ua-uo,j-q-x	1
救过不给	jiù guò bù gěi	64474	ai-ei,ua-uo,j-q-x	1
救过不赡	jiù guò bù shàn	64475	an-ang,ua-uo,s-sh,j-q-x	1
救过补阙	jiù guò bǔ quē	64476	ua-uo,j-q-x	3
救难解危	jiù nán jiě wēi	64477	an-ang,ai-ei,ia-ie,n-l,j-q-x	1
救饥拯溺	jiù jī zhěng nì	64478	en-eng,z-zh,n-l,j-q-x	1
敖不可长	ào bù kě zhǎng	64479	an-ang,ao-ou,z-zh	3
教一识百	jiāo yī shí bǎi	64480	ai-ei,s-sh,j-q-x	1
教亦多术	jiào yì duō shù	64482	ua-uo,s-sh,j-q-x	1
教导有方	jiào dǎo yǒu fāng	64483	an-ang,ao-ou,h-f,j-q-x	1
教无常师	jiào wú cháng shī	64484	an-ang,c-ch,s-sh,j-q-x	1
教猱升木	jiāo náo shēng mù	64485	en-eng,ao-ou,s-sh,n-l,j-q-x	3
敛声屏息	liǎn shēng bǐng xī	64489	en-eng,in-ing,ian-iang,s-sh,n-l,r-l,j-q-x	1
敛声屏气	liǎn shēng bǐng qì	64490	en-eng,in-ing,ian-iang,s-sh,n-l,r-l,j-q-x	1
敛容屏气	liǎn róng bǐng qì	64491	in-ing,ian-iang,n-l,r-l,j-q-x	1
敛手屏足	liǎn shǒu píng zú	64492	in-ing,ian-iang,ao-ou,z-zh,s-sh,n-l,r-l	1
敛手待毙	liǎn shǒu dài bì	64493	ian-iang,ai-ei,ao-ou,s-sh,n-l,r-l	1
敛色屏气	liǎn sè bǐng qì	64494	in-ing,ian-iang,s-sh,n-l,r-l,j-q-x	1
敛骨吹魂	liǎn gǔ chuī hún	64495	ian-iang,c-ch,n-l,h-f,r-l	1
敝帷不弃	bì wéi bù qì	64496	ai-ei,j-q-x	3
敝盖不弃	bì gài bù qì	64497	ai-ei,j-q-x	3
敝绨恶粟	bì tí è sù	64498	s-sh	3
敝衣粝食	bì yī lì shí	64499	s-sh,n-l,r-l	3
敝鼓丧豚	bì gǔ sàng tún	64500	an-ang,s-sh	3
敞胸露怀	chǎng xiōng lù huái	64501	an-ang,c-ch,n-l,h-f,r-l,j-q-x	1
敢不承命	gǎn bù chéng mìng	64502	en-eng,in-ing,an-ang,c-ch	1
敢为敢做	gǎn wéi gǎn zuò	64503	an-ang,ai-ei,ua-uo,z-zh	1
敢作敢当	gǎn zuò gǎn dāng	64504	an-ang,ua-uo,z-zh	1
敢勇当先	gǎn yǒng dāng xiān	64505	an-ang,ian-iang,j-q-x	1
散伤丑害	sàn shāng chǒu hài	64506	an-ang,ai-ei,ao-ou,c-ch,s-sh,h-f	1
散带衡门	sàn dài héng mén	64509	en-eng,an-ang,ai-ei,s-sh,h-f	1
散灰扃户	sàn huī jiōng hù	64512	an-ang,s-sh,h-f,j-q-x	3
散言碎语	sǎn yán suì yǔ	64514	an-ang,s-sh	1
散阵投巢	sàn zhèn tóu cháo	64516	en-eng,an-ang,ao-ou,z-zh,c-ch,s-sh	1
散马休牛	sàn mǎ xiū niú	64517	an-ang,s-sh,n-l,j-q-x	1
敦世厉俗	dūn shì lì sú	64518	s-sh,n-l,r-l	1
敦本务实	dūn běn wù shí	64521	en-eng,s-sh	1
敦煌石窟	dūn huáng shí kū	64524	uan-uang,s-sh,h-f	1
敦诗说礼	dūn shī shuō lǐ	64526	ua-uo,s-sh,n-l,r-l	1
敦风厉俗	dūn fēng lì sú	64527	en-eng,s-sh,n-l,h-f,r-l	1
敦默寡言	dūn mò guǎ yán	64528	an-ang,ua-uo	1
敩学相长	xiào xué xiāng cháng	64529	an-ang,ian-iang,c-ch,j-q-x	5
敬上接下	jìng shàng jiē xià	64530	in-ing,an-ang,ia-ie,s-sh,j-q-x	1
敬上爱下	jìng shàng ài xià	64531	in-ing,an-ang,ai-ei,ia-ie,s-sh,j-q-x	1
敬业乐群	jìng yè lè qún	64532	in-ing,n-l,r-l,j-q-x	1
敬事不暇	jìng shì bù xiá	64533	in-ing,ia-ie,s-sh,j-q-x	1
敬事后食	jìng shì hòu shí	64534	in-ing,ao-ou,s-sh,h-f,j-q-x	1
敬如上宾	jìng rú shàng bīn	64535	in-ing,an-ang,s-sh,r-l,j-q-x	1
敬老慈少	jìng lǎo cí shǎo	64536	in-ing,ao-ou,c-ch,s-sh,n-l,r-l,j-q-x	1
敬若神明	jìng ruò shén míng	64537	en-eng,in-ing,ua-uo,s-sh,r-l,j-q-x	1
敬贤重士	jìng xián zhòng shì	64538	in-ing,ian-iang,z-zh,s-sh,j-q-x	1
敬陈管见	jìng chén guǎn jiàn	64539	en-eng,in-ing,ian-iang,uan-uang,c-ch,j-q-x	1
数以万计	shǔ yǐ wàn jì	64542	an-ang,s-sh,j-q-x	1
数往知来	shǔ wǎng zhī lái	64546	an-ang,ai-ei,z-zh,s-sh,n-l,r-l	1
数白论黄	shǔ bái lùn huáng	64549	uan-uang,ai-ei,s-sh,n-l,h-f,r-l	1
数短论长	shǔ duǎn lùn cháng	64550	an-ang,uan-uang,c-ch,s-sh,n-l,r-l	1
数米而炊	shǔ mǐ ér chuī	64551	c-ch,s-sh	1
数米量柴	shǔ mǐ liáng chái	64552	ian-iang,ai-ei,c-ch,s-sh,n-l,r-l	1
数黄道白	shù huáng dào bái	64556	uan-uang,ai-ei,ao-ou,s-sh,h-f	1
数黄道黑	shǔ huáng dào hēi	64557	uan-uang,ai-ei,ao-ou,s-sh,h-f	1
数黑论白	shù hēi lùn bái	64558	ai-ei,s-sh,n-l,h-f,r-l	1
数黑论黄	shǔ hēi lùn huáng	64559	uan-uang,ai-ei,s-sh,n-l,h-f,r-l	1
敲敲打打	qiāo qiāo dǎ dǎ	64560	j-q-x	1
敲榨勒索	qiāo zhà lè suǒ	64561	ua-uo,z-zh,s-sh,n-l,r-l,j-q-x	1
敲膏吸髓	qiāo gāo xī suǐ	64562	ao-ou,s-sh,j-q-x	1
敲金击石	qiāo jīn jī shí	64563	in-ing,s-sh,j-q-x	1
敲锣放炮	qiāo luó fàng pào	64564	an-ang,ao-ou,ua-uo,n-l,h-f,r-l,j-q-x	1
敲骨剥髓	qiāo gǔ bāo suǐ	64565	ao-ou,s-sh,j-q-x	1
敲骨取髓	qiāo gǔ qǔ suǐ	64566	s-sh,j-q-x	1
敲骨吸髓	qiāo gǔ xī suǐ	64567	s-sh,j-q-x	1
敲骨榨髓	qiāo gǔ zhà suǐ	64568	z-zh,s-sh,j-q-x	1
敲髓洒膏	qiāo suǐ sǎ gāo	64569	ao-ou,s-sh,j-q-x	1
整冠纳履	zhěng guān nà lǚ	64570	en-eng,uan-uang,z-zh,n-l,r-l	1
整年累月	zhěng nián lèi yuè	64571	en-eng,ian-iang,ai-ei,z-zh,n-l,r-l	1
整整齐齐	zhěng zhěng qí qí	64572	en-eng,z-zh,j-q-x	1
整旅厉卒	zhěng lǚ lì zú	64573	en-eng,z-zh,n-l,r-l	1
整本大套	zhěng běn dà tào	64574	en-eng,ao-ou,z-zh	1
整躬率物	zhěng gōng shuài wù	64575	en-eng,z-zh,s-sh	1
整顿干坤	zhěng dùn gàn kūn	64576	en-eng,an-ang,z-zh	1
敷衍搪塞	fū yǎn táng sè	64577	an-ang,s-sh,h-f	3
文丝不动	wén sī bù dòng	64578	en-eng,s-sh	1
文人无行	wén rén wú xíng	64579	en-eng,in-ing,r-l,j-q-x	1
文从字顺	wén cóng zì shùn	64580	en-eng,z-zh,c-ch,s-sh	1
文以载道	wén yǐ zài dào	64581	en-eng,ai-ei,ao-ou,z-zh	1
文似其人	wén sì qí rén	64582	en-eng,s-sh,r-l,j-q-x	1
文化生活	wén huà shēng huó	64583	en-eng,ua-uo,s-sh,h-f	1
文化遗产	wén huà yí chǎn	64584	en-eng,an-ang,ua-uo,c-ch,h-f	1
文坛宿将	wén tán sù jiàng	64587	en-eng,an-ang,ian-iang,s-sh,j-q-x	1
文奸济恶	wén jiān jì è	64588	en-eng,ian-iang,j-q-x	1
文子同升	wén zǐ tóng shēng	64589	en-eng,z-zh,s-sh	1
文子文孙	wén zǐ wén sūn	64590	en-eng,z-zh,s-sh	1
文学语言	wén xué yǔ yán	64591	en-eng,an-ang,j-q-x	1
文房四侯	wén fáng sì hòu	64592	en-eng,an-ang,ao-ou,s-sh,h-f	1
文搜丁甲	wén sōu dīng jiǎ	64593	en-eng,in-ing,ao-ou,ia-ie,s-sh,j-q-x	1
文期酒会	wén qī jiǔ huì	64597	en-eng,h-f,j-q-x	1
文武差事	wén wǔ chà shì	64598	en-eng,c-ch,s-sh	1
文献之家	wén xiàn zhī jiā	64599	en-eng,ian-iang,ia-ie,z-zh,j-q-x	1
文理不通	wén lǐ bù tōng	64600	en-eng,n-l,r-l	1
文章宿老	wén zhāng sù lǎo	64602	en-eng,an-ang,ao-ou,z-zh,s-sh,n-l,r-l	1
文章山斗	wén zhāng shān dòu	64603	en-eng,an-ang,ao-ou,z-zh,s-sh	1
文章星斗	wén zhāng xīng dòu	64604	en-eng,in-ing,an-ang,ao-ou,z-zh,j-q-x	1
文章盖世	wén zhāng gài shì	64605	en-eng,an-ang,ai-ei,z-zh,s-sh	1
文章经济	wén zhāng jīng jì	64606	en-eng,in-ing,an-ang,z-zh,j-q-x	1
文行出处	wén xíng chū chǔ	64609	en-eng,in-ing,c-ch,j-q-x	1
文身剪发	wén shēn jiǎn fā	64611	en-eng,ian-iang,s-sh,h-f,j-q-x	1
文身断发	wén shēn duàn fā	64612	en-eng,uan-uang,s-sh,h-f	1
文身翦发	wén shēn jiǎn fā	64613	en-eng,ian-iang,s-sh,h-f,j-q-x	5
文过其实	wén guò qí shí	64614	en-eng,ua-uo,s-sh,j-q-x	1
文过遂非	wén guò suì fēi	64615	en-eng,ai-ei,ua-uo,s-sh,h-f	1
文采风流	wén cǎi fēng liú	64616	en-eng,ai-ei,c-ch,n-l,h-f,r-l	1
文风不动	wén fēng bù dòng	64617	en-eng,h-f	1
斐然乡风	fěi rán xiāng fēng	64619	en-eng,an-ang,ian-iang,ai-ei,h-f,r-l,j-q-x	3
斐然向风	fěi rán xiàng fēng	64620	en-eng,an-ang,ian-iang,ai-ei,h-f,r-l,j-q-x	3
斐然成章	fěi rán chéng zhāng	64621	en-eng,an-ang,ai-ei,z-zh,c-ch,h-f,r-l	3
斑衣戏彩	bān yī xì cǎi	64622	an-ang,ai-ei,c-ch,j-q-x	1
斗丽争妍	dòu lì zhēng yán	64623	en-eng,an-ang,ao-ou,z-zh,n-l,r-l	3
斗升之水	dǒu shēng zhī shuǐ	64626	en-eng,ao-ou,z-zh,s-sh	1
斗南一人	dǒu nán yī rén	64627	en-eng,an-ang,ao-ou,n-l,r-l	1
斗唇合舌	dòu chún hé shé	64628	ao-ou,c-ch,s-sh,h-f	1
斗媚争妍	dòu mèi zhēng yán	64629	en-eng,an-ang,ai-ei,ao-ou,z-zh	3
斗怪争奇	dòu guài zhēng qí	64630	en-eng,ao-ou,z-zh,j-q-x	1
斗折蛇行	dǒu zhé shé xíng	64631	in-ing,ao-ou,z-zh,s-sh,j-q-x	1
斗挹箕扬	dǒu yì jī yáng	64632	an-ang,ao-ou,j-q-x	3
斗方名士	dǒu fāng míng shì	64634	in-ing,an-ang,ao-ou,s-sh,h-f	1
斗榫合缝	dǒu sǔn hé fèng	64635	en-eng,ao-ou,s-sh,h-f	3
斗水活鳞	dòu shuǐ huó lín	64636	in-ing,ao-ou,ua-uo,s-sh,n-l,h-f,r-l	1
斗牙拌齿	dòu yá bàn chǐ	64639	an-ang,ao-ou,c-ch	1
斗筲之人	dǒu shāo zhī rén	64642	en-eng,ao-ou,z-zh,s-sh,r-l	3
斗筲之器	dǒu shāo zhī qì	64643	ao-ou,z-zh,s-sh,j-q-x	3
斗筲穿窬	dǒu shāo chuān yú	64644	uan-uang,ao-ou,c-ch,s-sh	7
斗米尺布	dǒu mǐ chǐ bù	64645	ao-ou,c-ch	1
斗粟尺布	dǒu sù chǐ bù	64646	ao-ou,c-ch,s-sh	1
斗绝一隅	dǒu jué yī yú	64647	ao-ou,j-q-x	1
斗美夸丽	dòu měi kuā lì	64648	ai-ei,ao-ou,ua-uo,n-l,r-l	1
斗而铸兵	dòu ér zhù bīng	64649	in-ing,ao-ou,z-zh	1
斗而铸锥	dòu ér zhù zhuī	64650	ao-ou,z-zh	1
斗色争妍	dòu sè zhēng yán	64651	en-eng,an-ang,ao-ou,z-zh,s-sh	3
斗艳争妍	dòu yàn zhēng yán	64652	en-eng,an-ang,ao-ou,z-zh	3
斗艳争芳	dòu yàn zhēng fāng	64653	en-eng,an-ang,ao-ou,z-zh,h-f	1
斗艳争辉	dòu yàn zhēng huī	64654	en-eng,an-ang,ao-ou,z-zh,h-f	1
斗转参横	dǒu zhuǎn shēn héng	64656	en-eng,uan-uang,ao-ou,z-zh,s-sh,h-f	1
斗酒双柑	dòu jiǔ shuāng gān	64657	an-ang,uan-uang,ao-ou,s-sh,j-q-x	1
斗酒只鸡	dǒu jiǔ zhī jī	64658	ao-ou,z-zh,j-q-x	1
斗酒学士	dǒu jiǔ xué shì	64659	ao-ou,s-sh,j-q-x	1
斗酒百篇	dǒu jiǔ bǎi piān	64660	ian-iang,ai-ei,ao-ou,j-q-x	1
斗量筲计	dǒu liáng shāo jì	64661	ian-iang,ao-ou,s-sh,n-l,r-l,j-q-x	3
斗量车载	dǒu liáng chē zài	64662	ian-iang,ai-ei,ao-ou,z-zh,c-ch,n-l,r-l	1
斗霜傲雪	dòu shuāng ào xuě	64664	uan-uang,ao-ou,s-sh,j-q-x	1
斗鸡养狗	dòu jī yǎng gǒu	64665	an-ang,ao-ou,j-q-x	1
斗鸡走犬	dòu jī zǒu quǎn	64667	uan-uang,ao-ou,z-zh,j-q-x	1
斗鸡走狗	dòu jī zǒu gǒu	64668	ao-ou,z-zh,j-q-x	1
斗鸡走马	dòu jī zǒu mǎ	64669	ao-ou,z-zh,j-q-x	1
料敌若神	liào dí ruò shén	64670	en-eng,ua-uo,s-sh,n-l,r-l	1
斜头歪脑	xié tóu wāi nǎo	64674	ai-ei,ao-ou,ia-ie,n-l,j-q-x	1
斜行横阵	xié xíng héng zhèn	64675	en-eng,in-ing,ia-ie,z-zh,h-f,j-q-x	1
斠若画一	jiào ruò huà yī	64676	ua-uo,h-f,r-l,j-q-x	5
斤斤较量	jīn jīn jiào liàng	64678	in-ing,ian-iang,n-l,r-l,j-q-x	1
斧钺汤镬	fǔ yuè tāng huò	64679	an-ang,ua-uo,h-f	3
斩头去尾	zhǎn tóu qù wěi	64680	an-ang,ai-ei,ao-ou,z-zh,j-q-x	1
斩头沥血	zhǎn tóu lì xuè	64681	an-ang,ao-ou,z-zh,n-l,r-l,j-q-x	1
斩将刈旗	zhǎn jiàng yì qí	64682	an-ang,ian-iang,z-zh,j-q-x	3
斩将搴旗	zhǎn jiàng qiān qí	64683	an-ang,ian-iang,z-zh,j-q-x	3
斩木揭竿	zhǎn mù jiē gān	64684	an-ang,ia-ie,z-zh,j-q-x	1
斩竿揭木	zhǎn gān jiē mù	64685	an-ang,ia-ie,z-zh,j-q-x	1
斩钉切铁	zhǎn dīng qiē tiě	64686	in-ing,an-ang,ia-ie,z-zh,j-q-x	1
斩钢截铁	zhǎn gāng jié tiě	64687	an-ang,ia-ie,z-zh,j-q-x	1
斫木为舟	zhuó mù wéi zhōu	64688	ai-ei,ao-ou,ua-uo,z-zh	3
斫雕为朴	zhuó diāo wéi pǔ	64689	ai-ei,ua-uo,z-zh	3
断发文身	duàn fà wén shēn	64690	en-eng,uan-uang,s-sh,h-f	1
断发纹身	duàn fà wén shēn	64691	en-eng,uan-uang,s-sh,h-f	1
断头将军	duàn tóu jiāng jūn	64692	ian-iang,uan-uang,ao-ou,j-q-x	1
断手续玉	duàn shóu xù yù	64693	uan-uang,ao-ou,s-sh,j-q-x	1
断木掘地	duàn mù jué dì	64694	uan-uang,j-q-x	1
断杼择邻	duàn zhù zé lín	64695	in-ing,uan-uang,z-zh,n-l,r-l	3
断根绝种	duàn gēn jué zhǒng	64696	en-eng,uan-uang,z-zh,j-q-x	1
断烂朝报	duàn làn cháo bào	64697	an-ang,uan-uang,ao-ou,c-ch,n-l,r-l	1
断章截句	duàn zhāng jié jù	64698	an-ang,uan-uang,ia-ie,z-zh,j-q-x	1
断章摘句	duàn zhāng zhāi jù	64699	an-ang,uan-uang,ai-ei,z-zh,j-q-x	1
断管残沈	duàn guǎn cán shěn	64700	en-eng,an-ang,uan-uang,c-ch,s-sh	1
断线偶戏	duàn xiàn ǒu xì	64701	ian-iang,uan-uang,ao-ou,j-q-x	1
断线风筝	duàn xiàn fēng zhēng	64702	en-eng,ian-iang,uan-uang,z-zh,h-f,j-q-x	1
断织之诫	duàn zhī zhī jiè	64703	uan-uang,ia-ie,z-zh,j-q-x	1
断织劝学	duàn zhī quàn xué	64704	uan-uang,z-zh,j-q-x	1
断缣尺楮	duàn jiān chǐ chǔ	64705	ian-iang,uan-uang,c-ch,j-q-x	3
断蛟刺虎	duàn jiāo cì hǔ	64707	uan-uang,c-ch,h-f,j-q-x	3
断还归宗	duàn huán guī zōng	64708	uan-uang,z-zh,h-f	1
断长续短	duàn cháng xù duǎn	64709	an-ang,uan-uang,c-ch,j-q-x	1
断长补短	duàn cháng bǔ duǎn	64710	an-ang,uan-uang,c-ch	1
断雨残云	duàn yǔ cán yún	64711	an-ang,uan-uang,c-ch	1
断齑块粥	duàn jī kuài zhōu	64712	uan-uang,ao-ou,z-zh,j-q-x	3
断齑画粥	duàn jī huà zhōu	64713	uan-uang,ao-ou,ua-uo,z-zh,h-f,j-q-x	3
斯事体大	sī shì tǐ dà	64714	s-sh	1
新仇旧恨	xīn chóu jiù hèn	64717	en-eng,in-ing,ao-ou,c-ch,h-f,j-q-x	1
新发于硎	xīn fā yú xíng	64721	in-ing,h-f,j-q-x	3
新疆大学	xīn jiāng dà xué	64726	in-ing,ian-iang,j-q-x	1
方便之门	fāng biàn zhī mén	64730	en-eng,an-ang,ian-iang,z-zh,h-f	1
方兴未已	fāng xīng wèi yǐ	64731	in-ing,an-ang,ai-ei,h-f,j-q-x	1
方员可施	fāng yuán kě shī	64732	an-ang,uan-uang,s-sh,h-f	1
方头不劣	fāng tóu bù liè	64734	an-ang,ao-ou,ia-ie,n-l,h-f,r-l	1
方头不律	fāng tóu bù lǜ	64735	an-ang,ao-ou,n-l,h-f,r-l	1
方寸万重	fāng cùn wàn chóng	64736	an-ang,c-ch,h-f	1
方寸不乱	fāng cùn bù luàn	64737	an-ang,uan-uang,c-ch,n-l,h-f,r-l	1
方寸之地	fāng cùn zhī dì	64738	an-ang,z-zh,c-ch,h-f	1
方底圆盖	fāng dǐ yuán gài	64740	an-ang,uan-uang,ai-ei,h-f	1
方方正正	fāng fāng zhèng zhèng	64742	en-eng,an-ang,z-zh,h-f	1
方枘圜凿	fāng ruì huán záo	64743	an-ang,uan-uang,ao-ou,z-zh,h-f,r-l	7
方正不阿	fāng zhèng bù ē	64744	en-eng,an-ang,z-zh,h-f	1
方言矩行	fāng yán jǔ xíng	64746	in-ing,an-ang,h-f,j-q-x	1
方面大耳	fāng miàn dà ěr	64747	an-ang,ian-iang,h-f	1
方领圆冠	fāng lǐng yuán guàn	64748	in-ing,an-ang,uan-uang,n-l,h-f,r-l	1
方骖并路	fāng cān bìng lù	64749	in-ing,an-ang,c-ch,n-l,h-f,r-l	3
施号发令	shī hào fā lìng	64753	in-ing,ao-ou,s-sh,n-l,h-f,r-l	1
施命发号	shī mìng fā hào	64754	in-ing,ao-ou,s-sh,h-f	1
施施而行	shī shī ér xíng	64756	in-ing,s-sh,j-q-x	1
施绯拖绿	shī fēi tuō lǜ	64758	ai-ei,ua-uo,s-sh,n-l,h-f,r-l	3
施而不费	shī ér bù fèi	64759	ai-ei,s-sh,h-f	1
旁引曲证	páng yǐn qǔ zhèng	64765	en-eng,in-ing,an-ang,z-zh,j-q-x	1
旁指曲谕	páng zhǐ qǔ yù	64766	an-ang,z-zh,j-q-x	3
旁推侧引	páng tuī cè yǐn	64767	in-ing,an-ang,c-ch	1
旁搜博采	páng sōu bó cǎi	64768	an-ang,ai-ei,ao-ou,c-ch,s-sh	1
旁搜远绍	páng sōu yuǎn shào	64769	an-ang,uan-uang,ao-ou,s-sh	1
旁摇阴煽	páng yáo yīn shān	64770	in-ing,an-ang,ao-ou,s-sh	1
旁收博采	páng shōu bó cǎi	64771	an-ang,ai-ei,ao-ou,c-ch,s-sh	1
旁文剩义	páng wén shèng yì	64772	en-eng,an-ang,s-sh	1
旁枝末节	páng zhī mò jié	64773	an-ang,ia-ie,z-zh,j-q-x	1
旁求俊彦	páng qiú jùn yàn	64774	an-ang,j-q-x	3
旁求博考	páng qiú bó kǎo	64775	an-ang,ao-ou,j-q-x	1
旁系亲属	páng xì qīn shǔ	64777	in-ing,an-ang,s-sh,j-q-x	1
旁蒐远绍	páng sōu yuǎn shào	64778	an-ang,uan-uang,ao-ou,s-sh	5
旁行斜上	páng xíng xié shàng	64779	in-ing,an-ang,ia-ie,s-sh,j-q-x	1
旁见侧出	páng jiàn cè chū	64780	an-ang,ian-iang,c-ch,j-q-x	1
旁通曲畅	páng tōng qǔ chàng	64781	an-ang,c-ch,j-q-x	1
旁通曲鬯	páng tōng qǔ chàng	64782	an-ang,c-ch,j-q-x	5
旁逸横出	páng yì héng chū	64783	en-eng,an-ang,c-ch,h-f	1
旁门外道	páng mén wài dào	64784	en-eng,an-ang,ai-ei,ao-ou	1
旁门小道	páng mén xiǎo dào	64785	en-eng,an-ang,ao-ou,j-q-x	1
旁门邪道	páng mén xié dào	64786	en-eng,an-ang,ao-ou,ia-ie,j-q-x	1
旋乾转坤	xuán qián zhuǎn kūn	64792	ian-iang,uan-uang,z-zh,j-q-x	1
旋干转坤	xuán qián zhuǎn kūn	64793	ian-iang,uan-uang,z-zh,j-q-x	1
旋得旋失	xuán dé xuán shī	64794	uan-uang,s-sh,j-q-x	1
旋生旋灭	xuán shēng xuán miè	64795	en-eng,uan-uang,ia-ie,s-sh,j-q-x	1
旋转乾坤	xuán zhuǎn qián kūn	64796	ian-iang,uan-uang,z-zh,j-q-x	1
旋转干坤	xuán zhuǎn gàn kūn	64797	an-ang,uan-uang,z-zh,j-q-x	1
旌旗卷舒	jīng qí juǎn shū	64798	in-ing,uan-uang,s-sh,j-q-x	3
旖旎风光	yǐ nǐ fēng guāng	64799	en-eng,uan-uang,n-l,h-f	3
旗布星峙	qí bù xīng zhì	64800	in-ing,z-zh,j-q-x	3
无一不备	wú yī bù bèi	64801	ai-ei	1
无一不知	wú yī bù zhī	64802	z-zh	1
无万大千	wú wàn dà qiān	64803	an-ang,ian-iang,j-q-x	1
无下箸处	wú xià zhù chǔ	64804	ia-ie,z-zh,c-ch,j-q-x	3
无与为比	wú yǔ wéi bǐ	64805	ai-ei	1
无与比伦	wú yǔ bǐ lún	64806	n-l,r-l	1
无丝有线	wú sī yǒu xiàn	64807	ian-iang,ao-ou,s-sh,j-q-x	1
无为之治	wú wéi zhī zhì	64808	ai-ei,z-zh	1
无为而成	wú wéi ér chéng	64809	en-eng,ai-ei,c-ch	1
无为自化	wú wéi zì huà	64810	ai-ei,ua-uo,z-zh,h-f	1
无为自成	wú wéi zì chéng	64811	en-eng,ai-ei,z-zh,c-ch	1
无乎不可	wú hū bù kě	64812	h-f	1
无了无休	wú le wú xiū	64813	n-l,r-l,j-q-x	1
无了根蒂	wú le gēn dì	64814	en-eng,n-l,r-l	1
无人之地	wú rén zhī dì	64815	en-eng,z-zh,r-l	1
无从置喙	wú cóng zhì huì	64816	z-zh,c-ch,h-f	3
无以塞责	wú yǐ sè zé	64817	z-zh,s-sh	1
无任之禄	wú rèn zhī lù	64819	en-eng,z-zh,n-l,r-l	1
无休无了	wú xiū wú le	64820	n-l,r-l,j-q-x	1
无伤无臭	wú shāng wú xiù	64821	an-ang,s-sh,j-q-x	1
无何有乡	wú hé yǒu xiāng	64823	ian-iang,ao-ou,h-f,j-q-x	1
无偏无陂	wú piān wú bēi	64824	ian-iang,ai-ei	3
无关大体	wú guān dà tǐ	64825	uan-uang	1
无关大局	wú guān dà jú	64826	uan-uang,j-q-x	1
无其伦比	wú qí lún bǐ	64827	n-l,r-l,j-q-x	1
无其奈何	wú qí nài hé	64828	ai-ei,n-l,h-f,j-q-x	1
无出其右	wú chū qí yòu	64829	ao-ou,c-ch,j-q-x	1
无功功率	wú gōng gōng lǜ	64830	n-l,r-l	1
无动为大	wú dòng wéi dà	64831	ai-ei	1
无动于中	wú dòng yú zhōng	64832	z-zh	1
无千待万	wú qiān dài wàn	64833	an-ang,ian-iang,ai-ei,j-q-x	1
无千无万	wú qiān wú wàn	64834	an-ang,ian-iang,j-q-x	1
无可不可	wú kě bù kě	64837		1
无可名状	wú kě míng zhuàng	64838	in-ing,uan-uang,z-zh	1
无可否认	wú kě fǒu rèn	64839	en-eng,ao-ou,h-f,r-l	1
无可如何	wú kě rú hé	64840	h-f,r-l	1
无可柰何	wú kě nài hé	64841	ai-ei,n-l,h-f	3
无可比伦	wú kě bǐ lún	64842	n-l,r-l	1
无可比象	wú kě bǐ xiàng	64843	ian-iang,j-q-x	1
无可置喙	wú kě zhì huì	64844	z-zh,h-f	3
无可置辩	wú kě zhì biàn	64845	ian-iang,z-zh	1
无名之朴	wú míng zhī pǔ	64846	in-ing,z-zh	1
无名小卒	wú míng xiǎo zú	64847	in-ing,z-zh,j-q-x	1
无名肿毒	wú míng zhǒng dú	64849	in-ing,z-zh	1
无地可容	wú dì kě róng	64850	r-l	1
无地自厝	wú dì zì cuò	64851	ua-uo,z-zh,c-ch	3
无地自处	wú dì zì chǔ	64852	z-zh,c-ch	1
无坚不陷	wú jiān bù xiàn	64853	ian-iang,j-q-x	1
无大不大	wú dà bù dà	64856		1
无大无小	wú dà wú xiǎo	64857	j-q-x	1
无头告示	wú tóu gào shì	64858	ao-ou,s-sh	1
无头无尾	wú tóu wú wěi	64859	ai-ei,ao-ou	1
无奈我何	wú nài wǒ hé	64860	ai-ei,n-l,h-f	1
无如之何	wú rú zhī hé	64861	z-zh,h-f,r-l	1
无如奈何	wú rú nài hé	64862	ai-ei,n-l,h-f,r-l	1
无孔不钻	wú kǒng bù zuān	64863	uan-uang,z-zh	1
无家可奔	wú jiā kě bēn	64865	en-eng,ia-ie,j-q-x	1
无家无室	wú jiā wú shì	64866	ia-ie,s-sh,j-q-x	1
无容置疑	wú róng zhì yí	64867	z-zh,r-l	1
无寇暴死	wú kòu bào sǐ	64868	ao-ou,s-sh	1
无尽无穷	wú jìn wú qióng	64869	in-ing,j-q-x	1
无平不颇	wú píng bù pō	64870	in-ing	1
无幽不烛	wú yōu bù zhú	64871	ao-ou,z-zh	1
无庸置疑	wú yōng zhì yí	64872	z-zh	1
无形之中	wú xíng zhī zhōng	64873	in-ing,z-zh,j-q-x	1
无往不克	wú wǎng bù kè	64874	an-ang	1
无往不利	wú wǎng bù lì	64875	an-ang,n-l,r-l	1
无往不复	wú wǎng bù fù	64876	an-ang,h-f	1
无征不信	wú zhēng bù xìn	64877	en-eng,in-ing,z-zh,j-q-x	1
无待蓍龟	wú dài shī guī	64878	ai-ei,s-sh	3
无德而称	wú dé ér chēng	64879	en-eng,c-ch	1
无思无虑	wú sī wú lǜ	64880	s-sh,n-l,r-l	1
无恶不为	wú è bù wéi	64881	ai-ei	1
无恶不造	wú è bù zào	64882	ao-ou,z-zh	1
无情少面	wú qíng shǎo miàn	64883	in-ing,ian-iang,ao-ou,s-sh,j-q-x	1
无所不作	wú suǒ bù zuò	64884	ua-uo,z-zh,s-sh	1
无所不及	wú suǒ bù jí	64885	ua-uo,s-sh,j-q-x	1
无所不可	wú suǒ bù kě	64886	ua-uo,s-sh	1
无所不备	wú suǒ bù bèi	64887	ai-ei,ua-uo,s-sh	1
无所不容	wú suǒ bù róng	64888	ua-uo,s-sh,r-l	1
无所不晓	wú suǒ bù xiǎo	64889	ua-uo,s-sh,j-q-x	1
无所不通	wú suǒ bù tōng	64890	ua-uo,s-sh	1
无所可否	wú suǒ kě fǒu	64891	ao-ou,ua-uo,s-sh,h-f	1
无所忌惮	wú suǒ jì dàn	64892	an-ang,ua-uo,s-sh,j-q-x	3
无所畏惮	wú suǒ wèi dàn	64893	an-ang,ai-ei,ua-uo,s-sh	3
无所重轻	wú suǒ zhòng qīng	64894	in-ing,ua-uo,z-zh,s-sh,j-q-x	1
无所顾惮	wú suǒ gù dàn	64895	an-ang,ua-uo,s-sh	3
无拘无碍	wú jū wú ài	64896	ai-ei,j-q-x	1
无拘无缚	wú jū wú fù	64897	h-f,j-q-x	1
无施不可	wú shī bù kě	64899	s-sh	1
无施不效	wú shī bù xiào	64900	s-sh,j-q-x	1
无有伦比	wú yǒu lún bǐ	64901	ao-ou,n-l,r-l	1
无服之丧	wú fú zhī sàng	64902	an-ang,z-zh,s-sh,h-f	1
无服之殇	wú fú zhī shāng	64903	an-ang,z-zh,s-sh,h-f	3
无机化学	wú jī huà xué	64904	ua-uo,h-f,j-q-x	1
无束无拘	wú shù wú jū	64905	s-sh,j-q-x	1
无毛大虫	wú máo dà chóng	64906	ao-ou,c-ch	1
无父无君	wú fù wú jūn	64907	h-f,j-q-x	1
无疆之休	wú jiāng zhī xiū	64909	ian-iang,z-zh,j-q-x	1
无相无作	wú xiāng wú zuò	64911	ian-iang,ua-uo,z-zh,j-q-x	1
无知妄作	wú zhī wàng zuò	64912	an-ang,ua-uo,z-zh	1
无私有弊	wú sī yǒu bì	64913	ao-ou,s-sh	1
无私有意	wú sī yǒu yì	64914	ao-ou,s-sh	1
无稽之言	wú jī zhī yán	64916	an-ang,z-zh,j-q-x	1
无空不入	wú kōng bù rù	64919	r-l	1
无精嗒彩	wú jīng dā cǎi	64920	in-ing,ai-ei,c-ch,j-q-x	3
无精打彩	wú jīng dǎ cǎi	64921	in-ing,ai-ei,c-ch,j-q-x	1
无线电台	wú xiàn diàn tái	64922	ian-iang,ai-ei,j-q-x	1
无缝天衣	wú fèng tiān yī	64924	en-eng,ian-iang,h-f	1
无缝钢管	wú fèng gāng guǎn	64925	en-eng,an-ang,uan-uang,h-f	1
无置锥地	wú zhì zhuī dì	64926	z-zh	1
无肠可断	wú cháng kě duàn	64927	an-ang,uan-uang,c-ch	1
无背无侧	wú bèi wú cè	64928	ai-ei,c-ch	1
无胫而行	wú jìng ér xíng	64929	in-ing,j-q-x	3
无能为役	wú néng wéi yì	64930	en-eng,ai-ei,n-l	1
无般不识	wú bān bù shí	64932	an-ang,s-sh	1
无色无臭	wú sè wú xiù	64933	s-sh,j-q-x	1
无虑无思	wú lǜ wú sī	64935	s-sh,n-l,r-l	1
无言可对	wú yán kě duì	64937	an-ang	1
无计可奈	wú jì kě nài	64938	ai-ei,n-l,j-q-x	1
无计奈何	wú jì nài hé	64939	ai-ei,n-l,h-f,j-q-x	1
无足重轻	wú zú zhòng qīng	64940	in-ing,z-zh,j-q-x	1
无路可走	wú lù kě zǒu	64941	ao-ou,z-zh,n-l,r-l	1
无辜受累	wú gū shòu lěi	64942	ai-ei,ao-ou,s-sh,n-l,r-l	1
无边风月	wú biān fēng yuè	64943	en-eng,ian-iang,h-f	1
无远不届	wú yuǎn bù jiè	64945	uan-uang,ia-ie,j-q-x	1
无远弗届	wú yuǎn fú jiè	64946	uan-uang,ia-ie,h-f,j-q-x	1
无迹可寻	wú jì kě xún	64947	j-q-x	1
无迹可求	wú jì kě qiú	64948	j-q-x	1
无适无莫	wú shì wú mò	64949	s-sh	1
无遮大会	wú zhē dà huì	64950	z-zh,h-f	1
无间冬夏	wú jiān dōng xià	64951	ian-iang,ia-ie,j-q-x	1
无间可乘	wú jiān kě chéng	64952	en-eng,ian-iang,c-ch,j-q-x	1
无间可伺	wú jiān kě sì	64953	ian-iang,s-sh,j-q-x	1
无间是非	wú jiàn shì fēi	64954	ian-iang,ai-ei,s-sh,h-f,j-q-x	1
无际可寻	wú jì kě xún	64955	j-q-x	1
无颜落色	wú yán luò sè	64957	an-ang,ua-uo,s-sh,n-l,r-l	1
无颠无倒	wú diān wú dǎo	64958	ian-iang,ao-ou	1
无风作浪	wú fēng zuò làng	64960	en-eng,an-ang,ua-uo,z-zh,n-l,h-f,r-l	1
无风扬波	wú fēng yáng bō	64961	en-eng,an-ang,h-f	1
无风生浪	wú fēng shēng làng	64962	en-eng,an-ang,s-sh,n-l,h-f,r-l	1
无风起浪	wú fēng qǐ làng	64963	en-eng,an-ang,n-l,h-f,r-l,j-q-x	1
日不我与	rì bù wǒ yǔ	64964	r-l	1
日不暇给	rì bù xiá jǐ	64965	ia-ie,r-l,j-q-x	1
日不移影	rì bù yí yǐng	64966	in-ing,r-l	1
日不移晷	rì bù yí guǐ	64967	r-l	3
日中为市	rì zhōng wéi shì	64969	ai-ei,z-zh,s-sh,r-l	1
日中则昃	rì zhōng zé zè	64970	z-zh,r-l	3
日中则移	rì zhōng zé yí	64971	z-zh,r-l	1
日中将昃	rì zhōng jiāng zè	64972	ian-iang,z-zh,r-l,j-q-x	3
日中必彗	rì zhōng bì huì	64973	z-zh,h-f,r-l	3
日中必昃	rì zhōng bì zè	64974	z-zh,r-l	3
日中必湲	rì zhōng bì yuán	64975	uan-uang,z-zh,r-l	3
日中必移	rì zhōng bì yí	64976	z-zh,r-l	1
日丽风和	rì lì fēng hé	64977	en-eng,n-l,h-f,r-l	1
日丽风清	rì lì fēng qīng	64978	en-eng,in-ing,n-l,h-f,r-l,j-q-x	1
日久岁长	rì jiǔ suì cháng	64979	an-ang,c-ch,s-sh,r-l,j-q-x	1
日乾夕惕	rì qián xī tì	64980	ian-iang,r-l,j-q-x	1
日以为常	rì yǐ wéi cháng	64981	an-ang,ai-ei,c-ch,r-l	1
日出不穷	rì chū bù qióng	64982	c-ch,r-l,j-q-x	1
日削月割	rì xuē yuè gē	64983	r-l,j-q-x	1
日和风暖	rì hé fēng nuǎn	64985	en-eng,uan-uang,n-l,h-f,r-l	1
日堙月塞	rì yīn yuè sāi	64986	in-ing,ai-ei,s-sh,r-l	3
日增月盛	rì zēng yuè shèng	64987	en-eng,z-zh,s-sh,r-l	1
日复一日	rì fù yí rì	64988	h-f,r-l	1
日就月将	rì jiù yuè jiāng	64991	ian-iang,r-l,j-q-x	1
日居月诸	rì jū yuè zhū	64992	z-zh,r-l,j-q-x	1
日异月更	rì yì yuè gèng	64993	en-eng,r-l	1
日引月长	rì yǐn yuè cháng	64994	in-ing,an-ang,c-ch,r-l	1
日新月盛	rì xīn yuè shèng	64995	en-eng,in-ing,s-sh,r-l,j-q-x	1
日新月著	rì xīn yuè zhù	64996	in-ing,z-zh,r-l,j-q-x	1
日旰不食	rì gàn bù shí	64997	an-ang,s-sh,r-l	3
日旰忘食	rì gàn wàng shí	64998	an-ang,s-sh,r-l	3
日旰忘餐	rì gàn wàng cān	64999	an-ang,c-ch,r-l	3
日昃不食	rì zè bù shí	65000	z-zh,s-sh,r-l	3
日昃忘食	rì zè wàng shí	65001	an-ang,z-zh,s-sh,r-l	3
日昃旰食	rì zè gàn shí	65002	an-ang,z-zh,s-sh,r-l	3
日暖风和	rì nuǎn fēng hé	65003	en-eng,uan-uang,n-l,h-f,r-l	1
日暖风恬	rì nuǎn fēng tián	65004	en-eng,ian-iang,uan-uang,n-l,h-f,r-l	1
日暮路远	rì mù lù yuǎn	65005	uan-uang,n-l,r-l	1
日暮途远	rì mù tú yuǎn	65006	uan-uang,r-l	1
日暮道远	rì mù dào yuǎn	65007	uan-uang,ao-ou,r-l	1
日月不居	rì yuè bù jū	65008	r-l,j-q-x	1
日月丽天	rì yuè lì tiān	65009	ian-iang,n-l,r-l	1
日月交食	rì yuè jiāo shí	65010	s-sh,r-l,j-q-x	1
日月其除	rì yuè qí chú	65011	c-ch,r-l,j-q-x	1
日月参辰	rì yuè shēn chén	65012	en-eng,c-ch,s-sh,r-l	1
日月合壁	rì yuè hé bì	65013	h-f,r-l	1
日月合璧	rì yuè hé bì	65014	h-f,r-l	1
日月重光	rì yuè chóng guāng	65015	uan-uang,c-ch,r-l	1
日有万机	rì yǒu wàn jī	65016	an-ang,ao-ou,r-l,j-q-x	1
日渐月染	rì jiàn yuè rǎn	65018	an-ang,ian-iang,r-l,j-q-x	1
日炙风吹	rì zhì fēng chuī	65019	en-eng,z-zh,c-ch,h-f,r-l	3
日炙风筛	rì zhì fēng shāi	65020	en-eng,ai-ei,z-zh,s-sh,h-f,r-l	3
日省月修	rì xǐng yuè xiū	65022	in-ing,r-l,j-q-x	1
日省月试	rì xǐng yuè shì	65023	in-ing,s-sh,r-l,j-q-x	1
日省月课	rì xǐng yuè kè	65024	in-ing,r-l,j-q-x	1
日短心长	rì duǎn xīn cháng	65025	in-ing,an-ang,uan-uang,c-ch,r-l,j-q-x	1
日累月积	rì lèi yuè jī	65026	ai-ei,n-l,r-l,j-q-x	1
日莫途远	rì mò tú yuǎn	65027	uan-uang,r-l	1
日落千丈	rì luò qiān zhàng	65028	an-ang,ian-iang,ua-uo,z-zh,n-l,r-l,j-q-x	1
日落西山	rì luò xī shān	65029	an-ang,ua-uo,s-sh,n-l,r-l,j-q-x	1
日薄桑榆	rì báo sāng yú	65030	an-ang,ao-ou,s-sh,r-l	1
日薄虞渊	rì báo yú yuān	65031	uan-uang,ao-ou,r-l	3
日行千里	rì xíng qiān lǐ	65032	in-ing,ian-iang,n-l,r-l,j-q-x	1
日角偃月	rì jiǎo yǎn yuè	65033	an-ang,r-l,j-q-x	3
日角珠庭	rì jiǎo zhū tíng	65034	in-ing,z-zh,r-l,j-q-x	1
日角龙庭	rì jiǎo lóng tíng	65035	in-ing,n-l,r-l,j-q-x	1
日角龙颜	rì jiǎo lóng yán	65036	an-ang,n-l,r-l,j-q-x	1
日许多时	rì xǔ duō shí	65038	ua-uo,s-sh,r-l,j-q-x	1
日许时间	rì xǔ shí jiān	65039	ian-iang,s-sh,r-l,j-q-x	1
日试万言	rì shì wàn yán	65040	an-ang,s-sh,r-l	1
日诵五车	rì sòng wǔ chē	65041	c-ch,s-sh,r-l	1
日转千街	rì zhuǎn qiān jiē	65042	ian-iang,uan-uang,ia-ie,z-zh,r-l,j-q-x	1
日转千阶	rì zhuǎn qiān jiē	65043	ian-iang,uan-uang,ia-ie,z-zh,r-l,j-q-x	1
日进斗金	rì jìn dǒu jīn	65044	in-ing,ao-ou,r-l,j-q-x	1
日长一线	rì cháng yī xiàn	65045	an-ang,ian-iang,c-ch,r-l,j-q-x	1
日长似岁	rì cháng sì suì	65046	an-ang,c-ch,s-sh,r-l	1
日食万钱	rì shí wàn qián	65047	an-ang,ian-iang,s-sh,r-l,j-q-x	1
日饮亡何	rì yǐn wáng hé	65048	in-ing,an-ang,h-f,r-l	1
日饮无何	rì yǐn wú hé	65049	in-ing,h-f,r-l	1
旦不报夕	dàn bú bào xī	65050	an-ang,ao-ou,j-q-x	1
旦暮入地	dàn mù rù dì	65051	an-ang,r-l	1
旦种暮成	dàn zhòng mù chéng	65052	en-eng,an-ang,z-zh,c-ch	1
旧事重提	jiù shì chóng tí	65054	c-ch,s-sh,j-q-x	1
旧仇宿怨	jiù chóu sù yuàn	65055	uan-uang,ao-ou,c-ch,s-sh,j-q-x	1
旧地重游	jiù dì chóng yóu	65057	ao-ou,c-ch,j-q-x	1
旧恨新仇	jiù hèn xīn chóu	65061	en-eng,in-ing,ao-ou,c-ch,h-f,j-q-x	1
旧燕归巢	jiù yàn guī cháo	65063	an-ang,ao-ou,c-ch,j-q-x	1
旧病复发	jiù bìng fù fā	65064	in-ing,h-f,j-q-x	1
旧病难医	jiù bìng nán yī	65065	in-ing,an-ang,n-l,j-q-x	1
旧话重提	jiù huà chóng tí	65067	ua-uo,c-ch,h-f,j-q-x	1
旧雨今雨	jiù yǔ jīn yǔ	65069	in-ing,j-q-x	1
旧雨重逢	jiù yǔ chóng féng	65070	en-eng,c-ch,h-f,j-q-x	1
早占勿药	zǎo zhān wù yào	65072	an-ang,ao-ou,z-zh	1
早朝晏罢	zǎo cháo yàn bà	65075	an-ang,ao-ou,z-zh,c-ch	3
早期白话	zǎo qī bái huà	65076	ai-ei,ao-ou,ua-uo,z-zh,h-f,j-q-x	1
早该淘汰	zǎo gāi táo tài	65078	ai-ei,ao-ou,z-zh	1
旰食之劳	gàn shí zhī láo	65080	an-ang,ao-ou,z-zh,s-sh,n-l,r-l	3
旰食宵衣	gàn shí xiāo yī	65081	an-ang,s-sh,j-q-x	3
旱苗得雨	hàn miáo dé yǔ	65082	an-ang,h-f	1
旱魃为虐	hàn bá wèi nüè	65083	an-ang,ai-ei,n-l,h-f	3
时不可失	shí bù kě shī	65084	s-sh	1
时不我与	shí bù wǒ yǔ	65085	s-sh	1
时亨运泰	shí hēng yùn tài	65086	en-eng,ai-ei,s-sh,h-f	3
时和岁丰	shí hé suì fēng	65089	en-eng,s-sh,h-f	1
时和岁稔	shí hé suì rěn	65090	en-eng,s-sh,h-f,r-l	3
时和年丰	shí hé nián fēng	65091	en-eng,ian-iang,s-sh,n-l,h-f	1
时日曷丧	shí rì hé sàng	65092	an-ang,s-sh,h-f,r-l	3
时来运旋	shí lái yùn xuán	65093	uan-uang,ai-ei,s-sh,n-l,r-l,j-q-x	1
时殊风异	shí shū fēng yì	65094	en-eng,s-sh,h-f	1
时运不齐	shí yùn bù jì	65095	s-sh,j-q-x	1
时运亨通	shí yùn hēng tōng	65096	en-eng,s-sh,h-f	3
时隐时见	shí yǐn shí jiàn	65098	in-ing,ian-iang,s-sh,j-q-x	1
旷世奇才	kuàng shì qí cái	65100	uan-uang,ai-ei,c-ch,s-sh,j-q-x	1
旷古奇闻	kuàng gǔ qí wén	65101	en-eng,uan-uang,j-q-x	1
旷古未有	kuàng gǔ wèi yǒu	65102	uan-uang,ai-ei,ao-ou	1
旷夫怨女	kuàng fū yuàn nǚ	65103	uan-uang,n-l,h-f	1
旷日弥久	kuàng rì mí jiǔ	65104	uan-uang,r-l,j-q-x	1
旷日累时	kuàng rì lěi shí	65105	uan-uang,ai-ei,s-sh,n-l,r-l	1
旷日长久	kuàng rì cháng jiǔ	65106	an-ang,uan-uang,c-ch,r-l,j-q-x	1
旷若发蒙	kuàng ruò fā méng	65107	en-eng,uan-uang,ua-uo,h-f,r-l	1
旷达不羁	kuàng dá bù jī	65108	uan-uang,j-q-x	3
昂头天外	áng tóu tiān wài	65109	an-ang,ian-iang,ai-ei,ao-ou	1
昂头挺胸	áng tóu tǐng xiōng	65110	in-ing,an-ang,ao-ou,j-q-x	1
昂头阔步	áng tóu kuò bù	65111	an-ang,ao-ou,ua-uo	1
昂昂自若	áng áng zì ruò	65112	an-ang,ua-uo,z-zh,r-l	1
昂然自得	áng rán zì dé	65113	an-ang,z-zh,r-l	1
昂然自若	áng rán zì ruò	65114	an-ang,ua-uo,z-zh,r-l	1
昂藏七尺	áng cáng qī chǐ	65116	an-ang,c-ch,j-q-x	1
昃食宵衣	zè shí xiāo yī	65117	z-zh,s-sh,j-q-x	3
昆山片玉	kūn shān piàn yù	65118	an-ang,ian-iang,s-sh	1
昆弟之好	kūn dì zhī hǎo	65119	ao-ou,z-zh,h-f	1
昊天不吊	hào tiān bù diào	65120	ian-iang,ao-ou,h-f	3
昌亭旅食	chāng tíng lǚ shí	65122	in-ing,an-ang,c-ch,s-sh,n-l,r-l	1
明公正义	míng gōng zhèng yì	65125	en-eng,in-ing,z-zh	1
明公正气	míng gōng zhèng qì	65126	en-eng,in-ing,z-zh,j-q-x	1
明公正道	míng gōng zhèng dào	65127	en-eng,in-ing,ao-ou,z-zh	1
明刑不戮	míng xíng bù lù	65128	in-ing,n-l,r-l,j-q-x	3
明刑弼教	míng xíng bì jiào	65129	in-ing,j-q-x	3
明升暗降	míng shēng àn jiàng	65130	en-eng,in-ing,an-ang,ian-iang,s-sh,j-q-x	1
明发不寐	míng fā bù mèi	65131	in-ing,ai-ei,h-f	3
明堂正道	míng táng zhèng dào	65132	en-eng,in-ing,an-ang,ao-ou,z-zh	1
明婚正娶	míng hūn zhèng qǔ	65133	en-eng,in-ing,z-zh,h-f,j-q-x	1
明婚正配	míng hūn zhèng pèi	65134	en-eng,in-ing,ai-ei,z-zh,h-f	1
明媒正礼	míng méi zhèng lǐ	65135	en-eng,in-ing,ai-ei,z-zh,n-l,r-l	1
明心见性	míng xīn jiàn xìng	65137	in-ing,ian-iang,j-q-x	1
明扬侧陋	míng yáng cè lòu	65138	in-ing,an-ang,ao-ou,c-ch,n-l,r-l	1
明抢暗偷	míng qiǎng àn tōu	65139	in-ing,an-ang,ian-iang,ao-ou,j-q-x	1
明效大验	míng xiào dà yàn	65140	in-ing,an-ang,j-q-x	1
明教不变	míng jiào bù biàn	65142	in-ing,ian-iang,j-q-x	1
明昭昏蒙	míng zhāo hūn méng	65143	en-eng,in-ing,ao-ou,z-zh,h-f	1
明月清风	míng yuè qīng fēng	65144	en-eng,in-ing,h-f,j-q-x	1
明查暗访	míng chá àn fǎng	65145	in-ing,an-ang,c-ch,h-f	1
明正典刑	míng zhèng diǎn xíng	65146	en-eng,in-ing,ian-iang,z-zh,j-q-x	1
明法审令	míng fǎ shěn lìng	65147	en-eng,in-ing,s-sh,n-l,h-f,r-l	1
明珠弹雀	míng zhū tán què	65149	in-ing,an-ang,z-zh,j-q-x	1
明白了当	míng bái liǎo dàng	65150	in-ing,an-ang,ai-ei,n-l,r-l	1
明窗净几	míng chuāng jìng jī	65151	in-ing,uan-uang,c-ch,j-q-x	1
明耻教战	míng chǐ jiào zhàn	65152	in-ing,an-ang,z-zh,c-ch,j-q-x	1
明若观火	míng ruò guān huǒ	65153	in-ing,uan-uang,ua-uo,h-f,r-l	1
明见万里	míng jiàn wàn lǐ	65154	in-ing,an-ang,ian-iang,n-l,r-l,j-q-x	1
明赏不费	míng shǎng bù fèi	65156	in-ing,an-ang,ai-ei,s-sh,h-f	1
明验大效	míng yàn dà xiào	65157	in-ing,an-ang,j-q-x	1
昏天暗地	hūn tiān àn dì	65158	an-ang,ian-iang,h-f	1
昏天熙地	hūn tiān xī dì	65159	ian-iang,h-f,j-q-x	1
昏头打脑	hūn tóu dǎ nǎo	65160	ao-ou,n-l,h-f	1
昏头搭脑	hūn tóu dā nǎo	65161	ao-ou,n-l,h-f	1
昏头晕脑	hūn tóu yūn nǎo	65162	ao-ou,n-l,h-f	1
昏头转向	hūn tóu zhuǎn xiàng	65163	ian-iang,uan-uang,ao-ou,z-zh,h-f,j-q-x	1
昏定晨省	hūn dìng chén xǐng	65164	en-eng,in-ing,c-ch,h-f,j-q-x	1
昏聩无能	hūn kuì wú néng	65166	en-eng,n-l,h-f	3
昏迷不省	hūn mí bù xǐng	65167	in-ing,h-f,j-q-x	1
昏迷不醒	hūn mí bù xǐng	65168	in-ing,h-f,j-q-x	1
昏镜重明	hūn jìng chóng míng	65169	in-ing,c-ch,h-f,j-q-x	1
昏镜重磨	hūn jìng chóng mó	65170	in-ing,c-ch,h-f,j-q-x	1
易于拾遗	yì yú shí yí	65171	s-sh	1
易俗移风	yì sú yí fēng	65172	en-eng,s-sh,h-f	1
易口以食	yì kǒu yǐ shí	65173	ao-ou,s-sh	1
易同反掌	yì tóng fǎn zhǎng	65174	an-ang,z-zh,h-f	1
易地而处	yì dì ér chǔ	65175	c-ch	1
易如拾芥	yì rú shí jiè	65176	ia-ie,s-sh,r-l,j-q-x	1
易子而教	yì zǐ ér jiào	65177	z-zh,j-q-x	1
易子而食	yì zǐ ér shí	65178	z-zh,s-sh	1
昔天同庆	xī tiān tóng qìng	65179	in-ing,ian-iang,j-q-x	1
星星落落	xīng xīng luò luò	65181	in-ing,ua-uo,n-l,r-l,j-q-x	1
星离月会	xīng lí yuè huì	65183	in-ing,n-l,h-f,r-l,j-q-x	1
星离雨散	xīng lí yǔ sàn	65184	in-ing,an-ang,s-sh,n-l,r-l,j-q-x	1
星移漏转	xīng yí lòu zhuǎn	65185	in-ing,uan-uang,ao-ou,z-zh,n-l,r-l,j-q-x	1
星落云散	xīng luò yún sàn	65186	in-ing,an-ang,ua-uo,s-sh,n-l,r-l,j-q-x	1
星行夜归	xīng xíng yè guī	65187	in-ing,j-q-x	1
星行电征	xīng xíng diàn zhēng	65188	en-eng,in-ing,ian-iang,z-zh,j-q-x	1
星飞云散	xīng fēi yún sàn	65189	in-ing,an-ang,ai-ei,s-sh,h-f,j-q-x	1
星驰电发	xīng chí diàn fā	65190	in-ing,ian-iang,c-ch,h-f,j-q-x	1
映月读书	yìng yuè dú shū	65191	in-ing,s-sh	1
映雪囊萤	yìng xuě náng yíng	65192	in-ing,an-ang,n-l,j-q-x	1
映雪读书	yìng xuě dú shū	65193	in-ing,s-sh,j-q-x	1
春光漏泄	chūn guāng lòu xiè	65195	uan-uang,ao-ou,ia-ie,c-ch,n-l,r-l,j-q-x	1
春冰虎尾	chūn bīng hǔ wěi	65196	in-ing,ai-ei,c-ch,h-f	1
春和景明	chūn hé jǐng míng	65198	in-ing,c-ch,h-f,j-q-x	1
春回大地	chūn huí dà dì	65199	c-ch,h-f	1
春深似海	chūn shēn sì hǎi	65201	en-eng,ai-ei,c-ch,s-sh,h-f	1
春秋鼎盛	chūn qiū dǐng shèng	65202	en-eng,in-ing,c-ch,s-sh,j-q-x	1
春笋怒发	chūn sǔn nù fā	65203	c-ch,s-sh,n-l,h-f	1
春色撩人	chūn sè liáo rén	65204	en-eng,c-ch,s-sh,n-l,r-l	1
春葩丽藻	chūn pā lì zǎo	65205	ao-ou,z-zh,c-ch,n-l,r-l	3
春蚓秋蛇	chūn yǐn qiū shé	65206	in-ing,c-ch,s-sh,j-q-x	1
春蛇秋蚓	chūn shé qiū yǐn	65207	in-ing,c-ch,s-sh,j-q-x	1
春雨如油	chūn yǔ rú yóu	65208	ao-ou,c-ch,r-l	1
春露秋霜	chūn lù qiū shuāng	65209	uan-uang,c-ch,s-sh,n-l,r-l,j-q-x	1
春风一度	chūn fēng yī dù	65210	en-eng,c-ch,h-f	1
春风和气	chūn fēng hé qì	65211	en-eng,c-ch,h-f,j-q-x	1
春风夏雨	chūn fēng xià yǔ	65212	en-eng,ia-ie,c-ch,h-f,j-q-x	1
春风沂水	chūn fēng yí shuǐ	65213	en-eng,c-ch,s-sh,h-f	3
春风野火	chūn fēng yě huǒ	65214	en-eng,ua-uo,c-ch,h-f	1
春风雨露	chūn fēng yǔ lù	65215	en-eng,c-ch,n-l,h-f,r-l	1
春风风人	chūn fēng fēng rén	65216	en-eng,c-ch,h-f,r-l	1
昧地瞒天	mèi dì mán tiān	65217	an-ang,ian-iang,ai-ei	1
昧地谩天	mèi dì mán tiān	65218	an-ang,ian-iang,ai-ei	3
昧己瞒心	mèi jǐ mán xīn	65219	in-ing,an-ang,ai-ei,j-q-x	1
昧旦晨兴	mèi dàn chén xīng	65220	en-eng,in-ing,an-ang,ai-ei,c-ch,j-q-x	1
昭德塞违	zhāo dé sè wéi	65222	ai-ei,ao-ou,z-zh,s-sh	1
昭聋发聩	zhāo lóng fā kuì	65223	ao-ou,z-zh,n-l,h-f,r-l	3
是非分明	shì fēi fēn míng	65225	en-eng,in-ing,ai-ei,s-sh,h-f	1
是非得失	shì fēi dé shī	65226	ai-ei,s-sh,h-f	1
是非颠倒	shì fēi diān dǎo	65227	ian-iang,ai-ei,ao-ou,s-sh,h-f	1
昼乾夕惕	zhòu qián xī tì	65228	ian-iang,ao-ou,z-zh,j-q-x	1
昼伏夜行	zhòu fú yè xíng	65229	in-ing,ao-ou,z-zh,h-f,j-q-x	1
昼夜兼行	zhòu yè jiān xíng	65230	in-ing,ian-iang,ao-ou,z-zh,j-q-x	1
昼干夕惕	zhòu gàn xī tì	65231	an-ang,ao-ou,z-zh,j-q-x	1
昼度夜思	zhòu duó yè sī	65232	ao-ou,ua-uo,z-zh,s-sh	1
昼思夜想	zhòu sī yè xiǎng	65233	ian-iang,ao-ou,z-zh,s-sh,j-q-x	1
显亲扬名	xiǎn qīn yáng míng	65234	in-ing,an-ang,ian-iang,j-q-x	1
显山露水	xiǎn shān lù shuǐ	65235	an-ang,ian-iang,s-sh,n-l,r-l,j-q-x	1
显露头角	xiǎn lù tóu jiǎo	65236	ian-iang,ao-ou,n-l,r-l,j-q-x	1
晃晃悠悠	huàng huàng yōu yōu	65238	uan-uang,ao-ou,h-f	1
晓以大义	xiǎo yǐ dà yì	65240	j-q-x	1
晓行夜住	xiǎo xíng yè zhù	65241	in-ing,z-zh,j-q-x	1
晓风残月	xiǎo fēng cán yuè	65242	en-eng,an-ang,c-ch,h-f,j-q-x	1
晕晕沉沉	yūn yūn chén chén	65246	en-eng,c-ch	1
晚节不保	wǎn jié bù bǎo	65253	an-ang,ao-ou,ia-ie,j-q-x	1
晚节不终	wǎn jié bù zhōng	65254	an-ang,ia-ie,z-zh,j-q-x	1
晚节黄花	wǎn jié huáng huā	65255	an-ang,uan-uang,ia-ie,ua-uo,h-f,j-q-x	1
晚食当肉	wǎn shí dàng ròu	65256	an-ang,ao-ou,s-sh,r-l	1
晦盲否塞	huì máng pǐ sè	65257	an-ang,s-sh,h-f	1
晨兴夜寐	chén xīng yè mèi	65258	en-eng,in-ing,ai-ei,c-ch,j-q-x	3
晨参暮省	chén cān mù shěng	65259	en-eng,an-ang,c-ch,s-sh	1
晨参暮礼	chén cān mù lǐ	65260	en-eng,an-ang,c-ch,n-l,r-l	1
晨提夕命	chén tí xī mìng	65261	en-eng,in-ing,c-ch,j-q-x	1
晨昏定省	chén hūn dìng xǐng	65262	en-eng,in-ing,c-ch,h-f,j-q-x	1
普天匝地	pǔ tiān zā dì	65263	ian-iang,z-zh	3
普天率土	pǔ tiān shuài tǔ	65264	ian-iang,s-sh	1
普度众生	pǔ dù zhòng shēng	65265	en-eng,z-zh,s-sh	1
普度群生	pǔ dù qún shēng	65266	en-eng,s-sh,j-q-x	1
普济众生	pǔ jì zhòng shēng	65267	en-eng,z-zh,s-sh,j-q-x	1
普济群生	pǔ jì qún shēng	65268	en-eng,s-sh,j-q-x	1
普通教育	pǔ tōng jiào yù	65269	j-q-x	1
景入桑榆	jǐng rù sāng yú	65270	in-ing,an-ang,s-sh,r-l,j-q-x	1
景升豚犬	jǐng shēng tún quǎn	65271	en-eng,in-ing,uan-uang,s-sh,j-q-x	1
景星凤凰	jǐng xīng fèng huáng	65275	en-eng,in-ing,uan-uang,h-f,j-q-x	1
景星凤皇	jǐng xīng fèng huáng	65276	en-eng,in-ing,uan-uang,h-f,j-q-x	1
景星庆云	jǐng xīng qìng yún	65277	in-ing,j-q-x	1
景星麟凤	jǐng xīng lín fèng	65278	en-eng,in-ing,n-l,h-f,r-l,j-q-x	3
晰毛辨发	xī máo biàn fà	65283	ian-iang,ao-ou,h-f,j-q-x	1
智力商数	zhì lì shāng shù	65284	an-ang,z-zh,s-sh,n-l,r-l	1
智周万物	zhì zhōu wàn wù	65285	an-ang,ao-ou,z-zh	1
智圆行方	zhì yuán xíng fāng	65286	in-ing,an-ang,uan-uang,z-zh,h-f,j-q-x	1
智小言大	zhì xiǎo yán dà	65287	an-ang,z-zh,j-q-x	1
智小谋大	zhì xiǎo móu dà	65288	ao-ou,z-zh,j-q-x	1
智尽能索	zhì jìn néng suǒ	65289	en-eng,in-ing,ua-uo,z-zh,s-sh,n-l,j-q-x	1
智穷才尽	zhì qióng cái jìn	65291	in-ing,ai-ei,z-zh,c-ch,j-q-x	1
暑雨祁寒	shǔ yǔ qí hán	65293	an-ang,s-sh,h-f,j-q-x	3
暖衣饱食	nuǎn yī bǎo shí	65294	uan-uang,ao-ou,s-sh,n-l	1
暗中摸索	àn zhōng mō suǒ	65295	an-ang,ua-uo,z-zh,s-sh	1
暗中行事	àn zhōng xíng shì	65296	in-ing,an-ang,z-zh,s-sh,j-q-x	1
暗室不欺	àn shì bù qī	65297	an-ang,s-sh,j-q-x	1
暗射地图	àn shè dì tú	65298	an-ang,s-sh	1
暗度金针	àn dù jīn zhēn	65299	en-eng,in-ing,an-ang,z-zh,j-q-x	1
暗度陈仓	àn dù chén cāng	65300	en-eng,an-ang,c-ch	1
暗斗明争	àn dòu míng zhēng	65301	en-eng,in-ing,an-ang,ao-ou,z-zh	1
暗箭中人	àn jiàn zhòng rén	65302	en-eng,an-ang,ian-iang,z-zh,r-l,j-q-x	1
暗箭难防	àn jiàn nán fáng	65303	an-ang,ian-iang,n-l,h-f,j-q-x	1
暗绿稀红	àn lǜ xī hóng	65304	an-ang,n-l,h-f,r-l,j-q-x	1
暗锤打人	àn chuí dǎ rén	65305	en-eng,an-ang,c-ch,r-l	1
暧昧不明	ài mèi bù míng	65306	in-ing,ai-ei	3
暮去朝来	mù qù zhāo lái	65307	ai-ei,ao-ou,z-zh,n-l,r-l,j-q-x	1
暮四朝三	mù sì zhāo sān	65308	an-ang,ao-ou,z-zh,s-sh	1
暮夜无知	mù yè wú zhī	65309	z-zh	1
暮想朝思	mù xiǎng zhāo sī	65310	ian-iang,ao-ou,z-zh,s-sh,j-q-x	1
暮景桑榆	mù jǐng sāng yú	65311	in-ing,an-ang,s-sh,j-q-x	1
暮景残光	mù jǐng cán guāng	65312	in-ing,an-ang,uan-uang,c-ch,j-q-x	1
暮暮朝朝	mù mù zhāo zhāo	65313	ao-ou,z-zh	1
暮楚朝秦	mù chǔ cháo qín	65314	in-ing,ao-ou,c-ch,j-q-x	1
暮爨朝舂	mù cuàn zhāo chōng	65315	uan-uang,ao-ou,z-zh,c-ch	3
暮礼晨参	mù lǐ chén cān	65316	en-eng,an-ang,c-ch,n-l,r-l	1
暮翠朝红	mù cuì zhāo hóng	65317	ao-ou,z-zh,c-ch,h-f	1
暮虢朝虞	mù guó zhāo yú	65318	ao-ou,ua-uo,z-zh	3
暮雨朝云	mù yǔ zhāo yún	65319	ao-ou,z-zh	1
暮鼓朝钟	mù gǔ cháo zhōng	65320	ao-ou,z-zh,c-ch	1
暴内陵外	bào nèi líng wài	65322	in-ing,ai-ei,ao-ou,n-l,r-l	1
暴力革命	bào lì gé mìng	65323	in-ing,ao-ou,n-l,r-l	1
暴取豪夺	bào qǔ háo duó	65325	ao-ou,ua-uo,h-f,j-q-x	1
暴敛横征	bào liǎn héng zhēng	65328	en-eng,ian-iang,ao-ou,z-zh,n-l,h-f,r-l	1
暴腮龙门	pù sāi lóng mén	65330	en-eng,ai-ei,s-sh,n-l,r-l	1
暴虎冯河	bào hǔ píng hé	65331	in-ing,ao-ou,h-f	1
暴虐无道	bào nüè wú dào	65332	ao-ou,n-l	1
暴衣露冠	pù yī lù guàn	65333	uan-uang,n-l,r-l	1
暴衣露盖	pù yī lù gài	65334	ai-ei,n-l,r-l	1
暴躁如雷	bào zào rú léi	65335	ai-ei,ao-ou,z-zh,n-l,r-l	1
暴露文学	bào lòu wén xué	65336	en-eng,ao-ou,n-l,r-l,j-q-x	1
暴露无遗	bào lù wú yí	65337	ao-ou,n-l,r-l	1
暴风疾雨	bào fēng jí yǔ	65338	en-eng,ao-ou,h-f,j-q-x	1
曝书见竹	pù shū jiàn zhú	65339	ian-iang,z-zh,s-sh,j-q-x	1
曝背食芹	pù bèi shí qín	65341	in-ing,ai-ei,s-sh,j-q-x	1
曝骨履肠	pù gǔ lǚ cháng	65343	an-ang,c-ch,n-l,r-l	1
曲不离口	qǔ bù lí kǒu	65344	ao-ou,n-l,r-l,j-q-x	1
曲学诐行	qǔ xué bì xíng	65345	in-ing,j-q-x	5
曲学阿世	qǔ xué ā shì	65346	s-sh,j-q-x	1
曲尽其妙	qū jìn qí miào	65347	in-ing,j-q-x	1
曲意奉迎	qǔ yì fèng yíng	65350	en-eng,in-ing,h-f,j-q-x	1
曲意承迎	qǔ yì chéng yíng	65351	en-eng,in-ing,c-ch,j-q-x	1
曲意迎合	qǔ yì yíng hé	65352	in-ing,h-f,j-q-x	1
曲曲折折	qū qū zhé zhé	65354	z-zh,j-q-x	1
曲水流觞	qū shuǐ liú shāng	65357	an-ang,s-sh,n-l,r-l,j-q-x	3
曲眉丰颊	qǔ méi fēng jiá	65363	en-eng,ai-ei,ia-ie,h-f,j-q-x	1
曲突徙薪	qū tū xǐ xīn	65364	in-ing,j-q-x	1
曲突移薪	qǔ tū yí xīn	65365	in-ing,j-q-x	1
曲线运动	qū xiàn yùn dòng	65368	ian-iang,j-q-x	1
曲终奏雅	qǔ zhōng zòu yǎ	65369	ao-ou,z-zh,j-q-x	1
曲肱而枕	qǔ gōng ér zhěn	65370	en-eng,z-zh,j-q-x	3
曳尾泥涂	yè wěi ní tú	65374	ai-ei,n-l	3
曳尾涂中	yè wěi tú zhōng	65375	ai-ei,z-zh	3
曳裾王门	yè jū wáng mén	65376	en-eng,an-ang,j-q-x	3
更仆难尽	gèng pú nán jìn	65378	en-eng,in-ing,an-ang,n-l,j-q-x	1
更仆难数	gēng pú nán shǔ	65379	en-eng,an-ang,s-sh,n-l	1
更仆难终	gēng pú nán zhōng	65380	en-eng,an-ang,z-zh,n-l	1
更令明号	gēng lìng míng hào	65381	en-eng,in-ing,ao-ou,n-l,h-f,r-l	1
更名改姓	gēng míng gǎi xìng	65384	en-eng,in-ing,ai-ei,j-q-x	1
更唱叠和	gēng chàng dié hé	65385	en-eng,an-ang,ia-ie,c-ch,h-f	1
更唱迭和	gēng chàng dié hé	65386	en-eng,an-ang,ia-ie,c-ch,h-f	1
更姓改物	gēng xìng gǎi wù	65389	en-eng,in-ing,ai-ei,j-q-x	1
更弦改辙	gēng xián gǎi zhé	65391	en-eng,ian-iang,ai-ei,z-zh,j-q-x	1
更弦易辙	gēng xián yì zhé	65392	en-eng,ian-iang,z-zh,j-q-x	1
更待干罢	gèng dài gān bà	65393	en-eng,an-ang,ai-ei	1
更正错误	gēng zhèng cuò wù	65395	en-eng,ua-uo,z-zh,c-ch	1
更深人静	gēng shēn rén jìng	65397	en-eng,in-ing,s-sh,r-l,j-q-x	1
更深夜静	gēng shēn yè jìng	65398	en-eng,in-ing,s-sh,j-q-x	1
更进一步	gèng jìn yí bù	65400	en-eng,in-ing,j-q-x	1
更进一竿	gèng jìn yī gān	65401	en-eng,in-ing,an-ang,j-q-x	1
更长梦短	gēng cháng mèng duǎn	65402	en-eng,an-ang,uan-uang,c-ch	1
更阑人静	gēng lán rén jìng	65403	en-eng,in-ing,an-ang,n-l,r-l,j-q-x	3
更难仆数	gēng nán pú shù	65404	en-eng,an-ang,s-sh,n-l	1
曾不惨然	zēng bù cǎn rán	65405	en-eng,an-ang,z-zh,c-ch,r-l	1
曾参杀人	zēng shēn shā rén	65406	en-eng,z-zh,s-sh,r-l	1
曾无与二	céng wú yǔ èr	65407	en-eng,c-ch	1
曾母投杼	zēng mǔ tóu zhù	65408	en-eng,ao-ou,z-zh	3
替天行道	tì tiān xíng dào	65409	in-ing,ian-iang,ao-ou,j-q-x	1
替身演员	tì shēn yǎn yuán	65410	en-eng,an-ang,uan-uang,s-sh	1
最后一刻	zuì hòu yí kè	65411	ao-ou,z-zh,h-f	1
月中折桂	yuè zhōng shé guì	65413	z-zh,s-sh	1
月圆花好	yuè yuán huā hǎo	65415	uan-uang,ao-ou,ua-uo,h-f	1
月地云阶	yuè dì yún jiē	65416	ia-ie,j-q-x	1
月坠花折	yuè zhuì huā zhé	65417	ua-uo,z-zh,h-f	1
月夕花朝	yuè xī huā zhāo	65418	ao-ou,ua-uo,z-zh,h-f,j-q-x	1
月夜花朝	yuè yè huā zhāo	65419	ao-ou,ua-uo,z-zh,h-f	1
月晕础润	yuè yùn chǔ rùn	65420	c-ch,r-l	1
月晕而风	yuè yùn ér fēng	65421	en-eng,h-f	1
月朗风清	yuè lǎng fēng qīng	65423	en-eng,in-ing,an-ang,n-l,h-f,r-l,j-q-x	1
月没参横	yuè mò shēn héng	65425	en-eng,s-sh,h-f	1
月盈则食	yuè yíng zé shí	65426	in-ing,z-zh,s-sh	1
月章星句	yuè zhāng xīng jù	65429	in-ing,an-ang,z-zh,j-q-x	1
月缺难圆	yuè quē nán yuán	65430	an-ang,uan-uang,n-l,j-q-x	1
月落参横	yuè luò shēn héng	65431	en-eng,ua-uo,s-sh,n-l,h-f,r-l	1
月落星沉	yuè luò xīng chén	65432	en-eng,in-ing,ua-uo,c-ch,n-l,r-l,j-q-x	1
月露之体	yuè lù zhī tǐ	65433	z-zh,n-l,r-l	1
月露风云	yuè lù fēng yún	65434	en-eng,n-l,h-f,r-l	1
月黑风高	yuè hēi fēng gāo	65435	en-eng,ai-ei,ao-ou,h-f	1
有一得一	yǒu yī dé yī	65439	ao-ou	1
有一无二	yǒu yī wú èr	65440	ao-ou	1
有三有俩	yǒu sān yǒu liǎng	65441	an-ang,ian-iang,ao-ou,s-sh,n-l,r-l	1
有事之秋	yǒu shì zhī qiū	65442	ao-ou,z-zh,s-sh,j-q-x	1
有以善处	yǒu yǐ shàn chǔ	65444	an-ang,ao-ou,c-ch,s-sh	1
有何面目	yǒu hé miàn mù	65446	ian-iang,ao-ou,h-f	1
有例可援	yǒu lì kě yuán	65447	uan-uang,ao-ou,n-l,r-l	1
有借无还	yǒu jiè wú huán	65448	uan-uang,ao-ou,ia-ie,h-f,j-q-x	1
有冯有翼	yǒu píng yǒu yì	65450	in-ing,ao-ou	1
有凤来仪	yǒu fèng lái yí	65451	en-eng,ai-ei,ao-ou,n-l,h-f,r-l	1
有凭有据	yǒu píng yǒu jù	65452	in-ing,ao-ou,j-q-x	1
有利可图	yǒu lì kě tú	65453	ao-ou,n-l,r-l	1
有利有弊	yǒu lì yǒu bì	65454	ao-ou,n-l,r-l	1
有加无已	yǒu jiā wú yǐ	65455	ao-ou,ia-ie,j-q-x	1
有勇无谋	yǒu yǒng wú móu	65456	ao-ou	1
有勇有谋	yǒu yǒng yǒu móu	65457	ao-ou	1
有勇知方	yǒu yǒng zhī fāng	65458	an-ang,ao-ou,z-zh,h-f	1
有口无行	yǒu kǒu wú xíng	65460	in-ing,ao-ou,j-q-x	1
有口难分	yǒu kǒu nán fēn	65461	en-eng,an-ang,ao-ou,n-l,h-f	1
有口难言	yǒu kǒu nán yán	65462	an-ang,ao-ou,n-l	1
有名亡实	yǒu míng wáng shí	65464	in-ing,an-ang,ao-ou,s-sh	1
有嘴无心	yǒu zuǐ wú xīn	65466	in-ing,ao-ou,z-zh,j-q-x	1
有嘴没心	yǒu zuǐ méi xīn	65467	in-ing,ai-ei,ao-ou,z-zh,j-q-x	1
有嘴没舌	yǒu zuǐ méi shé	65468	ai-ei,ao-ou,z-zh,s-sh	1
有国难投	yǒu guó nán tóu	65469	an-ang,ao-ou,ua-uo,n-l	1
有增无已	yǒu zēng wú yǐ	65470	en-eng,ao-ou,z-zh	1
有增无损	yǒu zēng wú sǔn	65471	en-eng,ao-ou,z-zh,s-sh	1
有声无实	yǒu shēng wú shí	65472	en-eng,ao-ou,s-sh	1
有声无气	yǒu shēng wú qì	65473	en-eng,ao-ou,s-sh,j-q-x	1
有声没气	yǒu shēng méi qì	65474	en-eng,ai-ei,ao-ou,s-sh,j-q-x	1
有声电影	yǒu shēng diàn yǐng	65475	en-eng,in-ing,ian-iang,ao-ou,s-sh	1
有天无日	yǒu tiān wú rì	65476	ian-iang,ao-ou,r-l	1
有天没日	yǒu tiān méi rì	65477	ian-iang,ai-ei,ao-ou,r-l	1
有头无尾	yǒu tóu wú wěi	65478	ai-ei,ao-ou	1
有头无脑	yǒu tóu wú nǎo	65479	ao-ou,n-l	1
有头有脑	yǒu tóu yǒu nǎo	65480	ao-ou,n-l	1
有头没脑	yǒu tóu méi nǎo	65481	ai-ei,ao-ou,n-l	1
有女怀春	yǒu nǚ huái chūn	65482	ao-ou,c-ch,n-l,h-f	1
有始有卒	yǒu shǐ yǒu zú	65483	ao-ou,z-zh,s-sh	1
有害无利	yǒu hài wú lì	65484	ai-ei,ao-ou,n-l,h-f,r-l	1
有家难奔	yǒu jiā nán bēn	65485	en-eng,an-ang,ao-ou,ia-ie,n-l,j-q-x	1
有己无人	yǒu jǐ wú rén	65487	en-eng,ao-ou,r-l,j-q-x	1
有年无月	yǒu nián wú yuè	65488	ian-iang,ao-ou,n-l	1
有形损耗	yǒu xíng sǔn hào	65489	in-ing,ao-ou,s-sh,h-f,j-q-x	1
有征无战	yǒu zhēng wú zhàn	65490	en-eng,an-ang,ao-ou,z-zh	1
有心无力	yǒu xīn wú lì	65493	in-ing,ao-ou,n-l,r-l,j-q-x	1
有心有意	yǒu xīn yǒu yì	65494	in-ing,ao-ou,j-q-x	1
有志之士	yǒu zhì zhī shì	65496	ao-ou,z-zh,s-sh	1
有志无时	yǒu zhì wú shí	65497	ao-ou,z-zh,s-sh	1
有志竟成	yǒu zhì jìng chéng	65498	en-eng,in-ing,ao-ou,z-zh,c-ch,j-q-x	1
有性杂交	yǒu xìng zá jiāo	65500	in-ing,ao-ou,z-zh,j-q-x	1
有性生殖	yǒu xìng shēng zhí	65501	en-eng,in-ing,ao-ou,z-zh,s-sh,j-q-x	1
有恃毋恐	yǒu shì wú kǒng	65502	ao-ou,s-sh	3
有我无人	yǒu wǒ wú rén	65504	en-eng,ao-ou,r-l	1
有所作为	yǒu suǒ zuò wéi	65505	ai-ei,ao-ou,ua-uo,z-zh,s-sh	1
有才无命	yǒu cái wú mìng	65506	in-ing,ai-ei,ao-ou,c-ch	1
有损无益	yǒu sǔn wú yì	65507	ao-ou,s-sh	1
有文无行	yǒu wén wú xíng	65508	en-eng,in-ing,ao-ou,j-q-x	1
有无相通	yǒu wú xiāng tōng	65509	ian-iang,ao-ou,j-q-x	1
有本有原	yǒu běn yǒu yuán	65511	en-eng,uan-uang,ao-ou	1
有本有源	yǒu běn yǒu yuán	65512	en-eng,uan-uang,ao-ou	1
有机化学	yǒu jī huà xué	65513	ao-ou,ua-uo,h-f,j-q-x	1
有机合成	yǒu jī hé chéng	65514	en-eng,ao-ou,c-ch,h-f,j-q-x	1
有机肥料	yǒu jī féi liào	65515	ai-ei,ao-ou,n-l,h-f,r-l,j-q-x	1
有条有理	yǒu tiáo yǒu lǐ	65518	ao-ou,n-l,r-l	1
有来无回	yǒu lái wú huí	65519	ai-ei,ao-ou,n-l,h-f,r-l	1
有来有往	yǒu lái yǒu wǎng	65520	an-ang,ai-ei,ao-ou,n-l,r-l	1
有枝有叶	yǒu zhī yǒu yè	65521	ao-ou,z-zh	1
有枝添叶	yǒu zhī tiān yè	65522	ian-iang,ao-ou,z-zh	1
有根有底	yǒu gēn yǒu dǐ	65523	en-eng,ao-ou	1
有根有苗	yǒu gēn yǒu miáo	65524	en-eng,ao-ou	1
有案可查	yǒu àn kě chá	65525	an-ang,ao-ou,c-ch	1
有案可稽	yǒu àn kě jī	65526	an-ang,ao-ou,j-q-x	1
有模有样	yǒu mú yǒu yàng	65527	an-ang,ao-ou	1
有死无二	yǒu sǐ wú èr	65528	ao-ou,s-sh	1
有气无烟	yǒu qì wú yān	65529	an-ang,ao-ou,j-q-x	1
有气没力	yǒu qì méi lì	65530	ai-ei,ao-ou,n-l,r-l,j-q-x	1
有物有则	yǒu wù yǒu zé	65532	ao-ou,z-zh	1
有理分式	yǒu lǐ fēn shì	65533	en-eng,ao-ou,s-sh,n-l,h-f,r-l	1
有理方程	yǒu lǐ fāng chéng	65536	en-eng,an-ang,ao-ou,c-ch,n-l,h-f,r-l	1
有目共见	yǒu mù gòng jiàn	65537	ian-iang,ao-ou,j-q-x	1
有目共赏	yǒu mù gòng shǎng	65538	an-ang,ao-ou,s-sh	1
有目无睹	yǒu mù wú dǔ	65539	ao-ou	1
有眼如盲	yǒu yǎn rú máng	65542	an-ang,ao-ou,r-l	1
有眼无瞳	yǒu yǎn wú tóng	65543	an-ang,ao-ou	1
有福同享	yǒu fú tóng xiǎng	65545	ian-iang,ao-ou,h-f,j-q-x	1
有约在先	yǒu yuē zài xiān	65548	ian-iang,ai-ei,ao-ou,z-zh,j-q-x	1
有线电话	yǒu xiàn diàn huà	65549	ian-iang,ao-ou,ua-uo,h-f,j-q-x	1
有翅难飞	yǒu chì nán fēi	65551	an-ang,ai-ei,ao-ou,c-ch,n-l,h-f	1
有耻且格	yǒu chǐ qiě gé	65552	ao-ou,ia-ie,c-ch,j-q-x	1
有脚书厨	yǒu jiǎo shū chú	65553	ao-ou,c-ch,s-sh,j-q-x	1
有脚书橱	yǒu jiǎo shū chú	65554	ao-ou,c-ch,s-sh,j-q-x	1
有脚阳春	yǒu jiǎo yáng chūn	65555	an-ang,ao-ou,c-ch,j-q-x	1
有说有笑	yǒu shuō yǒu xiào	65561	ao-ou,ua-uo,s-sh,j-q-x	1
有负众望	yǒu fù zhòng wàng	65562	an-ang,ao-ou,z-zh,h-f	1
有财有势	yǒu cái yǒu shì	65563	ai-ei,ao-ou,c-ch,s-sh	1
有进无退	yǒu jìn wú tuì	65565	in-ing,ao-ou,j-q-x	1
有钱有势	yǒu qián yǒu shì	65568	ian-iang,ao-ou,s-sh,j-q-x	1
有问必答	yǒu wèn bì dá	65569	en-eng,ao-ou	1
有限公司	yǒu xiàn gōng sī	65570	ian-iang,ao-ou,s-sh,j-q-x	1
有风有化	yǒu fēng yǒu huà	65571	en-eng,ao-ou,ua-uo,h-f	1
服低做小	fú dī zuò xiǎo	65572	ua-uo,z-zh,h-f,j-q-x	1
服务行业	fú wù háng yè	65573	an-ang,h-f	1
服服帖帖	fú fú tiē tiē	65576	ia-ie,h-f	1
服服贴贴	fú fú tiē tiē	65577	ia-ie,h-f	1
服牛乘马	fú niú chéng mǎ	65580	en-eng,c-ch,n-l,h-f	1
服田力穑	fú tián lì sè	65581	ian-iang,s-sh,n-l,h-f,r-l	3
朗月清风	lǎng yuè qīng fēng	65583	en-eng,in-ing,an-ang,n-l,h-f,r-l,j-q-x	1
朗朗上口	lǎng lǎng shàng kǒu	65584	an-ang,ao-ou,s-sh,n-l,r-l	1
朗朗乾坤	lǎng lǎng qián kūn	65585	an-ang,ian-iang,n-l,r-l,j-q-x	1
望其肩项	wàng qí jiān xiàng	65586	an-ang,ian-iang,j-q-x	1
望尘不及	wàng chén bù jí	65587	en-eng,an-ang,c-ch,j-q-x	1
望尘奔北	wàng chén bēn běi	65588	en-eng,an-ang,ai-ei,c-ch	1
望尘奔溃	wàng chén bēn kuì	65589	en-eng,an-ang,c-ch	1
望尘追迹	wàng chén zhuī jì	65590	en-eng,an-ang,z-zh,c-ch,j-q-x	1
望屋以食	wàng wū yǐ shí	65591	an-ang,s-sh	1
望屋而食	wàng wū ér shí	65592	an-ang,s-sh	1
望影揣情	wàng yǐng chuāi qíng	65593	in-ing,an-ang,c-ch,j-q-x	1
望眼将穿	wàng yǎn jiāng chuān	65594	an-ang,ian-iang,uan-uang,c-ch,j-q-x	1
望空捉影	wàng kōng zhuō yǐng	65595	in-ing,an-ang,ua-uo,z-zh	1
望表知里	wàng biǎo zhī lǐ	65596	an-ang,z-zh,n-l,r-l	1
望阙谢恩	wàng què xiè ēn	65597	en-eng,an-ang,ia-ie,j-q-x	3
望风响应	wàng fēng xiǎng yīng	65598	en-eng,in-ing,an-ang,ian-iang,h-f,j-q-x	1
望风希指	wàng fēng xī zhǐ	65599	en-eng,an-ang,z-zh,h-f,j-q-x	1
望风希旨	wàng fēng xī zhǐ	65600	en-eng,an-ang,z-zh,h-f,j-q-x	1
望风扑影	wàng fēng pū yǐng	65601	en-eng,in-ing,an-ang,h-f	1
望风承旨	wàng fēng chéng zhǐ	65602	en-eng,an-ang,z-zh,c-ch,h-f	1
望风而遁	wàng fēng ér dùn	65603	en-eng,an-ang,h-f	3
望风而降	wàng fēng ér jiàng	65604	en-eng,an-ang,ian-iang,h-f,j-q-x	1
望风而靡	wàng fēng ér mǐ	65605	en-eng,an-ang,h-f	1
朝三暮二	zhāo sān mù èr	65606	an-ang,ao-ou,z-zh,s-sh	1
朝不保暮	zhāo bù bǎo mù	65608	ao-ou,z-zh	1
朝不及夕	zhāo bù jí xī	65609	ao-ou,z-zh,j-q-x	1
朝不虑夕	zhāo bù lǜ xī	65610	ao-ou,z-zh,n-l,r-l,j-q-x	1
朝不谋夕	zhāo bù móu xī	65611	ao-ou,z-zh,j-q-x	1
朝乾夕惕	zhāo qián xī tì	65612	ian-iang,ao-ou,z-zh,j-q-x	1
朝云暮雨	zhāo yún mù yǔ	65613	ao-ou,z-zh	1
朝令暮改	zhāo lìng mù gǎi	65614	in-ing,ai-ei,ao-ou,z-zh,n-l,r-l	1
朝前夕惕	zhāo qián xī tì	65616	ian-iang,ao-ou,z-zh,j-q-x	1
朝升暮合	zhāo shēng mù gě	65617	en-eng,ao-ou,z-zh,s-sh	1
朝华夕秀	zhāo huá xī xiù	65618	ao-ou,ua-uo,z-zh,h-f,j-q-x	1
朝发暮至	zhāo fā mù zhì	65619	ao-ou,z-zh,h-f	1
朝夷暮跖	zhāo yí mù zhí	65621	ao-ou,z-zh	3
朝奏夕召	zhāo zòu xī zhào	65622	ao-ou,z-zh,j-q-x	1
朝奏暮召	zhāo zòu mù zhào	65623	ao-ou,z-zh	1
朝成夕毁	zhāo chéng xī huǐ	65624	en-eng,ao-ou,z-zh,c-ch,h-f,j-q-x	1
朝成暮毁	zhāo chéng mù huǐ	65625	en-eng,ao-ou,z-zh,c-ch,h-f	1
朝成暮遍	zhāo chéng mù biàn	65626	en-eng,ian-iang,ao-ou,z-zh,c-ch	1
朝折暮折	zhāo shé mù shé	65627	ao-ou,z-zh,s-sh	1
朝攀暮折	zhāo pān mù shé	65628	an-ang,ao-ou,z-zh,s-sh	1
朝斯夕斯	zhāo sī xī sī	65630	ao-ou,z-zh,s-sh,j-q-x	1
