一丁不识	yī dīng bù shí	53549	in-ing,s-sh	1
一不小心	yí bù xiǎo xīn	53550	in-ing,j-q-x	1
一不扭众	yī bù niǔ zhòng	53551	z-zh,n-l	1
一丝不差	yì sī bù chā	53552	c-ch,s-sh	1
一丝不紊	yī sī bù wěn	53553	en-eng,s-sh	1
一个半个	yī gè bàn gè	53556	an-ang	1
一个心眼	yí gè xīn yǎn	53557	in-ing,an-ang,j-q-x	1
一举万里	yī jǔ wàn lǐ	53558	an-ang,n-l,r-l,j-q-x	1
一之为甚	yī zhī wéi shèn	53559	en-eng,ai-ei,z-zh,s-sh	1
一之已甚	yī zhī yǐ shèn	53560	en-eng,z-zh,s-sh	1
一之谓甚	yī zhī wèi shèn	53561	en-eng,ai-ei,z-zh,s-sh	1
一乱涂地	yī luàn tú dì	53562	uan-uang,n-l,r-l	1
一了百当	yī liǎo bǎi dàng	53564	an-ang,ai-ei,n-l,r-l	1
一事不知	yī shì bù zhī	53565	z-zh,s-sh	1
一些半些	yī xiē bàn xiē	53566	an-ang,ia-ie,j-q-x	1
一人有庆	yī rén yǒu qìng	53567	en-eng,in-ing,ao-ou,r-l,j-q-x	1
一仆二主	yī pú èr zhǔ	53568	z-zh	1
一介不取	yī jiè bù qǔ	53569	ia-ie,j-q-x	1
一介不苟	yī jiè bù gǒu	53570	ao-ou,ia-ie,j-q-x	1
一代楷模	yī dài kǎi mó	53571	ai-ei	1
一代风流	yī dài fēng liú	53572	en-eng,ai-ei,n-l,h-f,r-l	1
一以当十	yī yǐ dāng shí	53574	an-ang,s-sh	1
一以当百	yī yǐ dāng bǎi	53575	an-ang,ai-ei	1
一体两面	yì tǐ liǎng miàn	53579	ian-iang,n-l,r-l	1
一体同心	yī tǐ tóng xīn	53580	in-ing,j-q-x	1
一佛出世	yī fó chū shì	53581	c-ch,s-sh,h-f	1
一倡一和	yī chàng yī hé	53583	an-ang,c-ch,h-f	1
一倡三叹	yī chàng sān tàn	53584	an-ang,c-ch,s-sh	1
一倡百和	yī chàng bǎi hè	53585	an-ang,ai-ei,c-ch,h-f	1
一偏之见	yī piān zhī jiàn	53586	ian-iang,z-zh,j-q-x	1
一偏之论	yī piān zhī lùn	53587	ian-iang,z-zh,n-l,r-l	1
一元大武	yī yuán dà wǔ	53588	uan-uang	1
一分一毫	yī fēn yī háo	53592	en-eng,ao-ou,h-f	1
一切万物	yī qiē wàn wù	53595	an-ang,ia-ie,j-q-x	1
一切众生	yī qiè zhòng shēng	53596	en-eng,ia-ie,z-zh,s-sh,j-q-x	1
一剑之任	yī jiàn zhī rèn	53597	en-eng,ian-iang,z-zh,r-l,j-q-x	1
一力承当	yī lì chéng dāng	53599	en-eng,an-ang,c-ch,n-l,r-l	1
一包在内	yī bāo zài nèi	53600	ai-ei,ao-ou,z-zh,n-l	1
一匡九合	yī kuāng jiǔ hé	53601	uan-uang,h-f,j-q-x	3
一卧不起	yī wò bù qǐ	53604	j-q-x	1
一双两好	yī shuāng liǎng hǎo	53606	ian-iang,uan-uang,ao-ou,s-sh,n-l,h-f,r-l	1
一反其道	yī fǎn qí dào	53607	an-ang,ao-ou,h-f,j-q-x	1
一口两匙	yī kǒu liǎng chí	53609	ian-iang,ao-ou,c-ch,n-l,r-l	1
一口同声	yī kǒu tóng shēng	53610	en-eng,ao-ou,s-sh	1
一口同音	yī kǒu tóng yīn	53611	in-ing,ao-ou	1
一口咬定	yì kǒu yǎo dìng	53612	in-ing,ao-ou	1
一叶扁舟	yí yè piān zhōu	53614	ian-iang,ao-ou,z-zh	1
一叶报秋	yī yè bào qiū	53615	ao-ou,j-q-x	1
一叶迷山	yī yè mí shān	53616	an-ang,s-sh	1
一叶障目	yī yè zhàng mù	53617	an-ang,z-zh	1
一呵而就	yī hē ér jiù	53619	h-f,j-q-x	1
一呼再喏	yī hū zài nuò	53620	ai-ei,ua-uo,z-zh,n-l,h-f	3
一哭二闹	yì kū èr nào	53621	ao-ou,n-l	1
一喷一醒	yī pēn yī xǐng	53622	en-eng,in-ing,j-q-x	1
一场春梦	yī chǎng chūn mèng	53625	en-eng,an-ang,c-ch	1
一坐尽倾	yī zuò jìn qīng	53628	in-ing,ua-uo,z-zh,j-q-x	1
一坐尽惊	yī zuò jìn jīng	53629	in-ing,ua-uo,z-zh,j-q-x	1
一声不吭	yī shēng bù kēng	53630	en-eng,s-sh	1
一夔一契	yī kuí yī qì	53631	j-q-x	3
一夕一朝	yī xī yī zhāo	53632	ao-ou,z-zh,j-q-x	1
一夕之间	yì xī zhī jiān	53633	ian-iang,z-zh,j-q-x	1
一夜走红	yí yè zǒu hóng	53635	ao-ou,z-zh,h-f	1
一天一地	yī tiān yī dì	53639	ian-iang	1
一天星斗	yī tiān xīng dǒu	53640	in-ing,ian-iang,ao-ou,j-q-x	1
一夫之勇	yī fū zhī yǒng	53641	z-zh,h-f	1
一夫之用	yī fū zhī yòng	53642	z-zh,h-f	1
一夫当关	yī fū dāng guān	53643	an-ang,uan-uang,h-f	1
一孔不达	yī kǒng bù dá	53645		1
一字一句	yī zì yī jù	53646	z-zh,j-q-x	1
一字不易	yī zì bù yì	53647	z-zh	1
一字不苟	yī zì bù gǒu	53648	ao-ou,z-zh	1
一字长城	yī zì cháng chéng	53649	en-eng,an-ang,z-zh,c-ch	1
一定不易	yī dìng bù yì	53650	in-ing	1
一定不移	yī dìng bù yí	53651	in-ing	1
一家一火	yī jiā yī huǒ	53653	ia-ie,ua-uo,h-f,j-q-x	1
一家一计	yī jiā yī jì	53654	ia-ie,j-q-x	1
一家之主	yī jiā zhī zhǔ	53655	ia-ie,z-zh,j-q-x	1
一家之作	yī jiā zhī zuò	53656	ia-ie,ua-uo,z-zh,j-q-x	1
一家之学	yī jiā zhī xué	53657	ia-ie,z-zh,j-q-x	1
一家之计	yī jiā zhī jì	53658	ia-ie,z-zh,j-q-x	1
一家之辞	yī jiā zhī cí	53659	ia-ie,z-zh,c-ch,j-q-x	1
一家无二	yī jiā wú èr	53660	ia-ie,j-q-x	1
一家眷属	yī jiā juàn shǔ	53661	uan-uang,ia-ie,s-sh,j-q-x	1
一家老小	yī jiā lǎo xiǎo	53662	ao-ou,ia-ie,n-l,r-l,j-q-x	1
一射之地	yī shè zhī dì	53663	z-zh,s-sh	1
一尘不到	yī chén bù dào	53664	en-eng,ao-ou,c-ch	1
一尘不缁	yī chén bù zī	53665	en-eng,z-zh,c-ch	3
一岁载赦	yī suì zài shè	53666	ai-ei,z-zh,s-sh	1
一差两讹	yī chà liǎng é	53667	ian-iang,c-ch,n-l,r-l	1
一差二误	yī chà èr wù	53668	c-ch	1
一差半错	yī chà bàn cuò	53669	an-ang,ua-uo,c-ch	1
一己之见	yī jǐ zhī jiàn	53670	ian-iang,z-zh,j-q-x	1
一帆顺风	yī fān shùn fēng	53671	en-eng,an-ang,s-sh,h-f	1
一干人犯	yī gān rén fàn	53673	en-eng,an-ang,h-f,r-l	1
一年一度	yī nián yī dù	53674	ian-iang,n-l	1
一床两好	yī chuáng liǎng hǎo	53676	ian-iang,uan-uang,ao-ou,c-ch,n-l,h-f,r-l	1
一弹指顷	yī tán zhǐ qǐng	53677	in-ing,an-ang,z-zh,j-q-x	1
一彻万融	yī chè wàn róng	53678	an-ang,c-ch,r-l	1
一得之功	yī dé zhī gōng	53680	z-zh	1
一得之愚	yī dé zhī yú	53681	z-zh	1
一心同体	yī xīn tóng tǐ	53682	in-ing,j-q-x	1
一心同功	yī xīn tóng gōng	53683	in-ing,j-q-x	1
一心同归	yī xīn tóng guī	53684	in-ing,j-q-x	1
一心向往	yì xīn xiàng wǎng	53685	in-ing,an-ang,ian-iang,j-q-x	1
一念之间	yí niàn zhī jiān	53686	ian-iang,z-zh,n-l,j-q-x	1
一怒之下	yí nù zhī xià	53687	ia-ie,z-zh,n-l,j-q-x	1
一息奄奄	yī xī yǎn yǎn	53688	an-ang,j-q-x	3
一成不易	yī chéng bù yì	53690	en-eng,c-ch	1
一把死拿	yī bǎ sǐ ná	53694	s-sh,n-l	1
一抔黄沙	yì póu huáng shā	53695	uan-uang,ao-ou,s-sh,h-f	3
一掷百万	yī zhì bǎi wàn	53698	an-ang,ai-ei,z-zh	1
一支半节	yī zhī bàn jié	53700	an-ang,ia-ie,z-zh,j-q-x	1
一方之任	yī fāng zhī rèn	53701	en-eng,an-ang,z-zh,h-f,r-l	1
一无可取	yī wú kě qǔ	53702	j-q-x	1
一无所长	yī wú suǒ cháng	53703	an-ang,ua-uo,c-ch,s-sh	1
一无长物	yī wú cháng wù	53704	an-ang,c-ch	1
一日万几	yī rì wàn jǐ	53705	an-ang,r-l,j-q-x	1
一日万机	yī rì wàn jī	53706	an-ang,r-l,j-q-x	1
一日万里	yī rì wàn lǐ	53707	an-ang,n-l,r-l	1
一日三省	yī rì sān xǐng	53708	in-ing,an-ang,s-sh,r-l,j-q-x	1
一日三秋	yí rì sān qiū	53709	an-ang,s-sh,r-l,j-q-x	1
一日之长	yī rì zhī cháng	53710	an-ang,z-zh,c-ch,r-l	1
一时伯仲	yī shí bó zhòng	53711	z-zh,s-sh	1
一时千载	yī shí qiān zǎi	53712	ian-iang,ai-ei,z-zh,s-sh,j-q-x	1
一时得逞	yì shí dé chěng	53713	en-eng,c-ch,s-sh	1
一时疏忽	yì shí shū hū	53714	s-sh,h-f	1
一暝不视	yī míng bù shì	53715	in-ing,s-sh	3
一暴十寒	yī pù shí hán	53716	an-ang,s-sh,h-f	1
一曝十寒	yī pù shí hán	53717	an-ang,s-sh,h-f	1
一曲阳关	yī qǔ yáng guān	53718	an-ang,uan-uang,j-q-x	1
一望无涯	yí wàng wú yá	53722	an-ang	1
一望而知	yī wàng ér zhī	53723	an-ang,z-zh	1
一朝之忿	yī zhāo zhī fèn	53724	en-eng,ao-ou,z-zh,h-f	1
一朝之患	yī zhāo zhī huàn	53725	uan-uang,ao-ou,z-zh,h-f	1
一朝千里	yī zhāo qiān lǐ	53726	ian-iang,ao-ou,z-zh,n-l,r-l,j-q-x	1
一木难支	yī mù nán zhī	53728	an-ang,z-zh,n-l	1
一本万利	yī běn wàn lì	53729	en-eng,an-ang,n-l,r-l	1
一枕南柯	yī zhěn nán kē	53731	en-eng,an-ang,z-zh,n-l	3
一枝一栖	yī zhī yī qī	53732	z-zh,j-q-x	1
一枝一节	yī zhī yī jié	53733	ia-ie,z-zh,j-q-x	1
一枝之栖	yī zhī zhī qī	53734	z-zh,j-q-x	1
一栖两雄	yī qī liǎng xióng	53736	ian-iang,n-l,r-l,j-q-x	1
一梦华胥	yī mèng huá xū	53737	en-eng,ua-uo,h-f,j-q-x	3
一榻横陈	yī tà héng chén	53738	en-eng,c-ch,h-f	3
一模二样	yī mó èr yàng	53739	an-ang	1
一步一步	yí bù yí bù	53740		1
一步一趋	yī bù yī qū	53741	j-q-x	1
一步步地	yí bù bù de	53743		1
一死了之	yī sǐ liǎo zhī	53744	z-zh,s-sh,n-l,r-l	1
一毫不差	yī háo bù chā	53745	ao-ou,c-ch,h-f	1
一毫不染	yī háo bù rǎn	53746	an-ang,ao-ou,h-f,r-l	1
一毫不苟	yī háo bù gǒu	53747	ao-ou,h-f	1
一民同俗	yī mín tóng sú	53748	in-ing,s-sh	1
一气之下	yí qì zhī xià	53749	ia-ie,z-zh,j-q-x	1
一沓钞票	yì dá chāo piào	53751	ao-ou,c-ch	3
一波万波	yī bō wàn bō	53752	an-ang	1
一泻万里	yī xiè wàn lǐ	53753	an-ang,ia-ie,n-l,r-l,j-q-x	1
一派胡言	yí pài hú yán	53754	an-ang,ai-ei,h-f	1
一浆十饼	yī jiāng shí bǐng	53755	in-ing,ian-iang,s-sh,j-q-x	1
一清宿弊	yì qīng sù bì	53756	in-ing,s-sh,j-q-x	1
一溜歪斜	yī liù wāi xié	53757	ai-ei,ia-ie,n-l,r-l,j-q-x	1
一熏一莸	yī xūn yī yóu	53761	ao-ou,j-q-x	3
一片丹心	yī piàn dān xīn	53763	in-ing,an-ang,ian-iang,j-q-x	1
一片宫商	yī piàn gōng shāng	53764	an-ang,ian-iang,s-sh	1
一片散沙	yī piàn sǎn shā	53765	an-ang,ian-iang,s-sh	1
一片昏黑	yí piàn hūn hēi	53766	ian-iang,ai-ei,h-f	1
一片汪洋	yī piàn wāng yáng	53767	an-ang,ian-iang	1
一片混乱	yí piàn hùn luàn	53768	ian-iang,uan-uang,n-l,h-f,r-l	1
一片焦土	yī piàn jiāo tǔ	53769	ian-iang,j-q-x	1
一片空白	yí piàn kòng bái	53770	ian-iang,ai-ei	1
一牛吼地	yī niú hǒu dì	53771	ao-ou,n-l,h-f	1
一牛鸣地	yī niú míng dì	53772	in-ing,n-l	1
一物不知	yī wù bù zhī	53773	z-zh	1
一狐之掖	yī hú zhī yè	53774	z-zh,h-f	3
一现昙华	yī xiàn tán huā	53775	an-ang,ian-iang,ua-uo,h-f,j-q-x	3
一男半女	yī nán bàn nǚ	53776	an-ang,n-l	1
一目五行	yī mù wǔ háng	53779	an-ang,h-f	1
一目数行	yī mù shù háng	53780	an-ang,s-sh,h-f	1
一相情原	yī xiāng qíng yuán	53782	in-ing,ian-iang,uan-uang,j-q-x	1
一相情愿	yī xiāng qíng yuàn	53783	in-ing,ian-iang,uan-uang,j-q-x	1
一瞑不视	yī míng bù shì	53784	in-ing,s-sh	3
一知半见	yī zhī bàn jiàn	53785	an-ang,ian-iang,z-zh,j-q-x	1
一知片解	yī zhī piàn jiě	53786	ian-iang,ia-ie,z-zh,j-q-x	1
一碧万顷	yī bì wàn qǐng	53787	in-ing,an-ang,j-q-x	1
一秉大公	yī bǐng dà gōng	53789	in-ing	1
一空依傍	yī kōng yī bàng	53791	an-ang	1
一笑了之	yī xiào liǎo zhī	53793	z-zh,n-l,r-l,j-q-x	1
一笑了事	yī xiào le shì	53794	s-sh,n-l,r-l,j-q-x	1
一笔不苟	yī bǐ bù gǒu	53795	ao-ou	1
一笔勾断	yī bǐ gōu duàn	53796	uan-uang,ao-ou	1
一笔勾消	yī bǐ gōu xiāo	53797	ao-ou,j-q-x	1
一笔抹煞	yī bǐ mǒ shā	53798	s-sh	1
一箭上垛	yī jiàn shàng duò	53800	an-ang,ian-iang,ua-uo,s-sh,j-q-x	1
一箭之地	yī jiàn zhī dì	53801	ian-iang,z-zh,j-q-x	1
一篇文章	yì piān wén zhāng	53802	en-eng,an-ang,ian-iang,z-zh	1
一索得男	yī suǒ dé nán	53803	an-ang,ua-uo,s-sh,n-l	1
一线之隔	yí xiàn zhī gé	53804	ian-iang,z-zh,j-q-x	1
一缘一会	yī yuán yī huì	53805	uan-uang,h-f	1
一网尽扫	yī wǎng jìn sǎo	53806	in-ing,an-ang,ao-ou,s-sh,j-q-x	1
一肢一节	yī zhī yī jié	53809	ia-ie,z-zh,j-q-x	1
一肢半节	yī zhī bàn jié	53810	an-ang,ia-ie,z-zh,j-q-x	1
一脉同气	yī mài tóng qì	53811	ai-ei,j-q-x	1
一脉香烟	yī mài xiāng yān	53812	an-ang,ian-iang,ai-ei,j-q-x	1
一脚不移	yī jiǎo bù yí	53813	j-q-x	1
一苇可航	yī wěi kě háng	53815	an-ang,ai-ei,h-f	1
一虎不河	yī hǔ bù hé	53816	h-f	1
一蛇两头	yī shé liǎng tóu	53817	ian-iang,ao-ou,s-sh,n-l,r-l	1
一行作吏	yī xíng zuò lì	53819	in-ing,ua-uo,z-zh,n-l,r-l,j-q-x	1
一见了然	yī jiàn liǎo rán	53820	an-ang,ian-iang,n-l,r-l,j-q-x	1
一见如旧	yī jiàn rú jiù	53821	ian-iang,r-l,j-q-x	1
一览无遗	yì lǎn wú yí	53822	an-ang,n-l,r-l	1
一言不发	yī yán bù fā	53824	an-ang,h-f	1
一言两语	yī yán liǎng yǔ	53825	an-ang,ian-iang,n-l,r-l	1
一言丧邦	yī yán sàng bāng	53826	an-ang,s-sh	1
一言中的	yì yán zhòng dì	53827	an-ang,z-zh	1
一言兴邦	yī yán xīng bāng	53828	in-ing,an-ang,j-q-x	1
一言半句	yī yán bàn jù	53829	an-ang,j-q-x	1
一言半语	yī yán bàn yǔ	53830	an-ang	1
一语中人	yī yǔ zhòng rén	53831	en-eng,z-zh,r-l	1
一谷不升	yī gǔ bù shēng	53832	en-eng,s-sh	1
一谷不登	yī gǔ bù dēng	53833	en-eng	1
一跌不振	yī diē bù zhèn	53834	en-eng,ia-ie,z-zh	1
一路平安	yí lù píng ān	53835	in-ing,an-ang,n-l,r-l	1
一路神祇	yī lù shén qí	53836	en-eng,s-sh,n-l,r-l,j-q-x	3
一路风尘	yī lù fēng chén	53837	en-eng,c-ch,n-l,h-f,r-l	1
一路风清	yī lù fēng qīng	53838	en-eng,in-ing,n-l,h-f,r-l,j-q-x	1
一蹴可几	yī cù kě jǐ	53839	c-ch,j-q-x	3
一蹴而得	yī cù ér dé	53840	c-ch	3
一蹶不兴	yī juě bù xīng	53841	in-ing,j-q-x	3
一身两头	yī shēn liǎng tóu	53842	en-eng,ian-iang,ao-ou,s-sh,n-l,r-l	1
一身二任	yī shēn èr rèn	53843	en-eng,s-sh,r-l	1
一轨同风	yī guǐ tóng fēng	53844	en-eng,h-f	1
一轰而散	yī hōng ér sàn	53845	an-ang,s-sh,h-f	1
一辞同轨	yī cí tóng guǐ	53846	c-ch	1
一辞莫赞	yī cí mò zàn	53847	an-ang,z-zh,c-ch	1
一迎一和	yī yíng yī hé	53848	in-ing,h-f	1
一还一报	yī huán yī bào	53849	uan-uang,ao-ou,h-f	1
一邱之貉	yī qiū zhī hé	53850	z-zh,h-f,j-q-x	3
一重一掩	yī chóng yī yǎn	53851	an-ang,c-ch	1
一钱不名	yī qián bù míng	53852	in-ing,ian-iang,j-q-x	1
一长一短	yī cháng yī duǎn	53853	an-ang,uan-uang,c-ch	1
一长两短	yī cháng liǎng duǎn	53854	an-ang,ian-iang,uan-uang,c-ch,n-l,r-l	1
一长二短	yī cháng èr duǎn	53856	an-ang,uan-uang,c-ch	1
一长半短	yī cháng bàn duǎn	53857	an-ang,uan-uang,c-ch	1
一门同气	yī mén tóng qì	53858	en-eng,j-q-x	1
一隅之地	yī yú zhī dì	53860	z-zh	1
一隅之见	yī yú zhī jiàn	53861	ian-iang,z-zh,j-q-x	1
一隅之说	yī yú zhī shuō	53862	ua-uo,z-zh,s-sh	1
一面之缘	yí miàn zhī yuán	53864	ian-iang,uan-uang,z-zh	1
一面之识	yī miàn zhī shí	53865	ian-iang,z-zh,s-sh	1
一鞭先著	yī biān xiān zhuó	53867	ian-iang,ua-uo,z-zh,j-q-x	1
一飞冲天	yī fēi chōng tiān	53868	ian-iang,ai-ei,c-ch,h-f	1
一鳞一爪	yī lín yī zhǎo	53870	in-ing,ao-ou,z-zh,n-l,r-l	1
一鳞片爪	yī lín piàn zhǎo	53871	in-ing,ian-iang,ao-ou,z-zh,n-l,r-l	1
一鳞片甲	yī lín piàn jiǎ	53872	in-ing,ian-iang,ia-ie,n-l,r-l,j-q-x	1
一齐众楚	yī qí zhòng chǔ	53873	z-zh,c-ch,j-q-x	1
一龙一蛇	yī lóng yī shé	53874	s-sh,n-l,r-l	1
丁一卯二	dīng yī mǎo èr	53875	in-ing,ao-ou	1
丁一确二	dīng yī què èr	53876	in-ing,j-q-x	1
丁丁当当	dīng dīng dāng dāng	53878	in-ing,an-ang	1
丁公凿井	dīng gōng záo jǐng	53882	in-ing,ao-ou,z-zh,j-q-x	1
丁零当啷	dīng líng dāng lāng	53893	in-ing,an-ang,n-l,r-l	3
七上八落	qī shàng bā luò	53894	an-ang,ua-uo,s-sh,n-l,r-l,j-q-x	1
七了八当	qī le bā dāng	53895	an-ang,n-l,r-l,j-q-x	1
七大八小	qī dà bā xiǎo	53898	j-q-x	1
七尺之躯	qī chǐ zhī qū	53900	z-zh,c-ch,j-q-x	1
七开八得	qī kāi bā dé	53901	ai-ei,j-q-x	1
七担八挪	qī dān bā nuó	53902	an-ang,ua-uo,n-l,j-q-x	1
七拉八扯	qī lā bā chě	53903	c-ch,n-l,r-l,j-q-x	1
七拱八翘	qī gǒng bā qiào	53904	j-q-x	1
七擒七纵	qī qín qī zòng	53905	in-ing,z-zh,j-q-x	1
七棱八瓣	qī léng bā bàn	53906	en-eng,an-ang,n-l,r-l,j-q-x	1
七横八竖	qī héng bā shù	53907	en-eng,s-sh,h-f,j-q-x	1
七步八叉	qī bù bā chā	53908	c-ch,j-q-x	1
七病八倒	qī bìng bā dǎo	53909	in-ing,ao-ou,j-q-x	1
七相五公	qī xiāng wǔ gōng	53910	ian-iang,j-q-x	1
七窍冒火	qī qiào mào huǒ	53911	ao-ou,ua-uo,h-f,j-q-x	1
七纵七擒	qī zòng qī qín	53912	in-ing,z-zh,j-q-x	1
七纵七禽	qī zòng qī qín	53913	in-ing,z-zh,j-q-x	1
七纵八横	qī zòng bā héng	53914	en-eng,z-zh,h-f,j-q-x	1
七老八倒	qī lǎo bā dǎo	53915	ao-ou,n-l,r-l,j-q-x	1
七行俱下	qī háng jù xià	53916	an-ang,ia-ie,h-f,j-q-x	1
七言八语	qī yán bā yǔ	53917	an-ang,j-q-x	1
七返还丹	qī fǎn huán dān	53918	an-ang,uan-uang,h-f,j-q-x	1
七长八短	qī cháng bā duǎn	53919	an-ang,uan-uang,c-ch,j-q-x	1
七颠八倒	qī diān bā dǎo	53920	ian-iang,ao-ou,j-q-x	1
万万千千	wàn wàn qiān qiān	53921	an-ang,ian-iang,j-q-x	1
万不失一	wàn bù shī yī	53922	an-ang,s-sh	1
万世一时	wàn shì yī shí	53923	an-ang,s-sh	1
万世不易	wàn shì bù yì	53924	an-ang,s-sh	1
万世师表	wàn shì shī biǎo	53925	an-ang,s-sh	1
万世无疆	wàn shì wú jiāng	53926	an-ang,ian-iang,s-sh,j-q-x	1
万世流芳	wàn shì liú fāng	53927	an-ang,s-sh,n-l,h-f,r-l	1
万事俱备	wàn shì jù bèi	53929	an-ang,ai-ei,s-sh,j-q-x	1
万人之敌	wàn rén zhī dí	53930	en-eng,an-ang,z-zh,r-l	1
万代千秋	wàn dài qiān qiū	53931	an-ang,ian-iang,ai-ei,j-q-x	1
万全之计	wàn quán zhī jì	53933	an-ang,uan-uang,z-zh,j-q-x	1
万别千差	wàn bié qiān chā	53934	an-ang,ian-iang,ia-ie,c-ch,j-q-x	1
万口一词	wàn kǒu yī cí	53937	an-ang,ao-ou,c-ch	1
万口一谈	wàn kǒu yī tán	53938	an-ang,ao-ou	1
万口一辞	wàn kǒu yī cí	53939	an-ang,ao-ou,c-ch	1
万古千秋	wàn gǔ qiān qiū	53940	an-ang,ian-iang,j-q-x	1
万古留芳	wàn gǔ liú fāng	53941	an-ang,n-l,h-f,r-l	1
万古长存	wàn gǔ cháng cún	53942	an-ang,c-ch	1
万古长春	wàn gǔ cháng chūn	53943	an-ang,c-ch	1
万壑争流	wàn hè zhēng liú	53944	en-eng,an-ang,z-zh,n-l,h-f,r-l	3
万壑千岩	wàn hè qiān yán	53945	an-ang,ian-iang,h-f,j-q-x	3
万夫不当	wàn fū bù dāng	53946	an-ang,h-f	1
万夫莫当	wàn fū mò dāng	53947	an-ang,h-f	1
万头攒动	wàn tóu cuán dòng	53948	an-ang,uan-uang,ao-ou,c-ch	3
万家生佛	wàn jiā shēng fó	53950	en-eng,an-ang,ia-ie,s-sh,h-f,j-q-x	1
万岁千秋	wàn suì qiān qiū	53951	an-ang,ian-iang,s-sh,j-q-x	1
万年无疆	wàn nián wú jiāng	53952	an-ang,ian-iang,n-l,j-q-x	1
万应灵丹	wàn yìng líng dān	53953	in-ing,an-ang,n-l,r-l	1
万念俱寂	wàn niàn jù jì	53955	an-ang,ian-iang,n-l,j-q-x	1
万恨千愁	wàn hèn qiān chóu	53956	en-eng,an-ang,ian-iang,ao-ou,c-ch,h-f,j-q-x	1
万户千门	wàn hù qiān mén	53957	en-eng,an-ang,ian-iang,h-f,j-q-x	1
万死一生	wàn sǐ yī shēng	53961	en-eng,an-ang,s-sh	1
万死犹轻	wàn sǐ yóu qīng	53962	in-ing,an-ang,ao-ou,s-sh,j-q-x	1
万民涂炭	wàn mín tú tàn	53963	in-ing,an-ang	1
万流景仰	wàn liú jǐng yǎng	53964	in-ing,an-ang,n-l,r-l,j-q-x	1
万目睚眦	wàn mù yá zì	53965	an-ang,z-zh	3
万目睽睽	wàn mù kuí kuí	53966	an-ang	3
万签插架	wàn qiān chā jià	53967	an-ang,ian-iang,ia-ie,c-ch,j-q-x	1
万箭攒心	wàn jiàn cuán xīn	53968	in-ing,an-ang,ian-iang,uan-uang,c-ch,j-q-x	3
万箭穿心	wàn jiàn chuān xīn	53969	in-ing,an-ang,ian-iang,uan-uang,c-ch,j-q-x	1
万籁无声	wàn lài wú shēng	53970	en-eng,an-ang,ai-ei,s-sh,n-l,r-l	3
万绪千头	wàn xù qiān tóu	53971	an-ang,ian-iang,ao-ou,j-q-x	1
万绪千端	wàn xù qiān duān	53972	an-ang,ian-iang,uan-uang,j-q-x	1
万缕千丝	wàn lǚ qiān sī	53973	an-ang,ian-iang,s-sh,n-l,r-l,j-q-x	1
万苦千辛	wàn kǔ qiān xīn	53974	in-ing,an-ang,ian-iang,j-q-x	1
万语千言	wàn yǔ qiān yán	53975	an-ang,ian-iang,j-q-x	1
万象森罗	wàn xiàng sēn luó	53976	en-eng,an-ang,ian-iang,ua-uo,s-sh,n-l,r-l,j-q-x	1
万贯家私	wàn guàn jiā sī	53977	an-ang,uan-uang,ia-ie,s-sh,j-q-x	1
万贯家财	wàn guàn jiā cái	53978	an-ang,uan-uang,ai-ei,ia-ie,c-ch,j-q-x	1
万赖俱寂	wàn lài jù jì	53979	an-ang,ai-ei,n-l,r-l,j-q-x	1
万赖无声	wàn lài wú shēng	53980	en-eng,an-ang,ai-ei,s-sh,n-l,r-l	1
万载千秋	wàn zài qiān qiū	53981	an-ang,ian-iang,ai-ei,z-zh,j-q-x	1
万选青钱	wàn xuǎn qīng qián	53982	in-ing,an-ang,ian-iang,uan-uang,j-q-x	1
万里迢迢	wàn lǐ tiáo tiáo	53983	an-ang,n-l,r-l	1
万里鹏程	wàn lǐ péng chéng	53984	en-eng,an-ang,c-ch,n-l,r-l	1
万里鹏翼	wàn lǐ péng yì	53985	en-eng,an-ang,n-l,r-l	1
丈二和尚	zhàng èr hé shàng	53987	an-ang,z-zh,s-sh,h-f	1
丈八蛇矛	zhàng bā shé máo	53988	an-ang,ao-ou,z-zh,s-sh	1
三不拗六	sān bù niù liù	53989	an-ang,s-sh,n-l,r-l	1
三个世界	sān gè shì jiè	53991	an-ang,ia-ie,s-sh,j-q-x	1
三个面向	sān gè miàn xiàng	53992	an-ang,ian-iang,s-sh,j-q-x	1
三亲六眷	sān qīn liù juàn	53993	in-ing,an-ang,uan-uang,s-sh,n-l,r-l,j-q-x	1
三亲四眷	sān qīn sì juàn	53994	in-ing,an-ang,uan-uang,s-sh,j-q-x	1
三人为众	sān rén wèi zhòng	53995	en-eng,an-ang,ai-ei,z-zh,s-sh,r-l	1
三从四德	sān cóng sì dé	53996	an-ang,c-ch,s-sh	1
三余读书	sān yú dú shū	53997	an-ang,s-sh	1
三八作风	sān bā zuò fēng	53998	en-eng,an-ang,ua-uo,z-zh,s-sh,h-f	1
三分鼎立	sān fēn dǐng lì	54001	en-eng,in-ing,an-ang,s-sh,n-l,h-f,r-l	1
三分鼎足	sān fēn dǐng zú	54002	en-eng,in-ing,an-ang,z-zh,s-sh,h-f	1
三十六策	sān shí liù cè	54005	an-ang,c-ch,s-sh,n-l,r-l	1
三十六行	sān shí liù háng	54006	an-ang,s-sh,n-l,h-f,r-l	1
三十六计	sān shí liù jì	54007	an-ang,s-sh,n-l,r-l,j-q-x	1
三占从二	sān zhān cóng èr	54008	an-ang,z-zh,c-ch,s-sh	1
三台八座	sān tái bā zuò	54010	an-ang,ai-ei,ua-uo,z-zh,s-sh	1
三吐三握	sān tǔ sān wò	54016	an-ang,s-sh	1
三回九转	sān huí jiǔ zhuǎn	54017	an-ang,uan-uang,z-zh,s-sh,h-f,j-q-x	1
三大作风	sān dà zuò fēng	54018	en-eng,an-ang,ua-uo,z-zh,s-sh,h-f	1
三大差别	sān dà chā bié	54019	an-ang,ia-ie,c-ch,s-sh	1
三大战役	sān dà zhàn yì	54020	an-ang,z-zh,s-sh	1
三大政策	sān dà zhèng cè	54021	en-eng,an-ang,z-zh,c-ch,s-sh	1
三大法宝	sān dà fǎ bǎo	54022	an-ang,ao-ou,s-sh,h-f	1
三天两宿	sān tiān liǎng xiǔ	54023	an-ang,ian-iang,s-sh,n-l,r-l,j-q-x	1
三夫之对	sān fū zhī duì	54024	an-ang,z-zh,s-sh,h-f	1
三夫之言	sān fū zhī yán	54025	an-ang,z-zh,s-sh,h-f	1
三头两日	sān tóu liǎng rì	54026	an-ang,ian-iang,ao-ou,s-sh,n-l,r-l	1
三头两绪	sān tóu liǎng xù	54027	an-ang,ian-iang,ao-ou,s-sh,n-l,r-l,j-q-x	1
三头两面	sān tóu liǎng miàn	54028	an-ang,ian-iang,ao-ou,s-sh,n-l,r-l	1
三头八臂	sān tóu bā bì	54029	an-ang,ao-ou,s-sh	1
三头六证	sān tóu liù zhèng	54030	en-eng,an-ang,ao-ou,z-zh,s-sh,n-l,r-l	1
三头六面	sān tóu liù miàn	54031	an-ang,ian-iang,ao-ou,s-sh,n-l,r-l	1
三头对案	sān tóu duì àn	54032	an-ang,ao-ou,s-sh	1
三好两歉	sān hǎo liǎng qiàn	54034	an-ang,ian-iang,ao-ou,s-sh,n-l,h-f,r-l,j-q-x	1
三好两歹	sān hǎo liǎng dǎi	54035	an-ang,ian-iang,ai-ei,ao-ou,s-sh,n-l,h-f,r-l	1
三好二怯	sān hǎo èr qiè	54036	an-ang,ao-ou,ia-ie,s-sh,h-f,j-q-x	1
三妻四妾	sān qī sì qiè	54037	an-ang,ia-ie,s-sh,j-q-x	3
三媒六证	sān méi liù zhèng	54038	en-eng,an-ang,ai-ei,z-zh,s-sh,n-l,r-l	1
三宫六院	sān gōng liù yuàn	54039	an-ang,uan-uang,s-sh,n-l,r-l	1
三对六面	sān duì liù miàn	54041	an-ang,ian-iang,s-sh,n-l,r-l	1
三尸暴跳	sān shī bào tiào	54042	an-ang,ao-ou,s-sh	1
三差两错	sān chā liǎng cuò	54043	an-ang,ian-iang,ua-uo,c-ch,s-sh,n-l,r-l	1
三差五错	sān chā wǔ cuò	54044	an-ang,ua-uo,c-ch,s-sh	1
三年五载	sān nián wǔ zǎi	54045	an-ang,ian-iang,ai-ei,z-zh,s-sh,n-l	1
三年化碧	sān nián huà bì	54046	an-ang,ian-iang,ua-uo,s-sh,n-l,h-f	1
三座大山	sān zuò dà shān	54048	an-ang,ua-uo,z-zh,s-sh	1
三徙成都	sān xǐ chéng dōu	54049	en-eng,an-ang,ao-ou,c-ch,s-sh,j-q-x	1
三战三北	sān zhàn sān běi	54050	an-ang,ai-ei,z-zh,s-sh	1
三户亡秦	sān hù wáng qín	54051	in-ing,an-ang,s-sh,h-f,j-q-x	1
三推六问	sān tuī liù wèn	54053	en-eng,an-ang,s-sh,n-l,r-l	1
三旨相公	sān zhǐ xiàng gōng	54055	an-ang,ian-iang,z-zh,s-sh,j-q-x	1
三旬九食	sān xún jiǔ shí	54056	an-ang,s-sh,j-q-x	1
三朝五日	sān cháo wǔ rì	54057	an-ang,ao-ou,c-ch,s-sh,r-l	1
三朝元老	sān cháo yuán lǎo	54058	an-ang,uan-uang,ao-ou,c-ch,s-sh,n-l,r-l	1
三期贤佞	sān qī xián nìng	54059	in-ing,an-ang,ian-iang,s-sh,n-l,j-q-x	3
三权分立	sān quán fēn lì	54060	en-eng,an-ang,uan-uang,s-sh,n-l,h-f,r-l,j-q-x	1
三榜定案	sān bǎng dìng àn	54061	in-ing,an-ang,s-sh	1
三江七泽	sān jiāng qī zé	54062	an-ang,ian-iang,z-zh,s-sh,j-q-x	1
三汤两割	sān tāng liǎng gē	54063	an-ang,ian-iang,s-sh,n-l,r-l	1
三汤五割	sān tāng wǔ gē	54064	an-ang,s-sh	1
三沐三熏	sān mù sān xūn	54065	an-ang,s-sh,j-q-x	1
三灾六难	sān zāi liù nán	54066	an-ang,ai-ei,z-zh,s-sh,n-l,r-l	1
三熏三沐	sān xūn sān mù	54067	an-ang,s-sh,j-q-x	1
三班六房	sān bān liù fáng	54068	an-ang,s-sh,n-l,h-f,r-l	1
三瓦两巷	sān wǎ liǎng xiàng	54069	an-ang,ian-iang,s-sh,n-l,r-l,j-q-x	1
三瓦两舍	sān wǎ liǎng shě	54070	an-ang,ian-iang,s-sh,n-l,r-l	1
三省吾身	sān xǐng wú shēn	54071	en-eng,in-ing,an-ang,s-sh,j-q-x	1
三老五更	sān lǎo wǔ gēng	54073	en-eng,an-ang,ao-ou,s-sh,n-l,r-l	1
三老四少	sān lǎo sì shào	54074	an-ang,ao-ou,s-sh,n-l,r-l	1
三节两寿	sān jié liǎng shòu	54077	an-ang,ian-iang,ao-ou,ia-ie,s-sh,n-l,r-l,j-q-x	1
三茶六礼	sān chá liù lǐ	54078	an-ang,c-ch,s-sh,n-l,r-l	1
三茶六饭	sān chá liù fàn	54079	an-ang,c-ch,s-sh,n-l,h-f,r-l	1
三蛇七鼠	sān shé qī shǔ	54081	an-ang,s-sh,j-q-x	1
三街六巷	sān jiē liù xiàng	54083	an-ang,ian-iang,ia-ie,s-sh,n-l,r-l,j-q-x	1
三街六市	sān jiē liù shì	54084	an-ang,ia-ie,s-sh,n-l,r-l,j-q-x	1
三角函数	sān jiǎo hán shù	54085	an-ang,s-sh,h-f,j-q-x	1
三角裤衩	sān jiǎo kù chǎ	54087	an-ang,c-ch,s-sh,j-q-x	3
三言两句	sān yán liǎng jù	54088	an-ang,ian-iang,s-sh,n-l,r-l,j-q-x	1
三迁之教	sān qiān zhī jiào	54089	an-ang,ian-iang,z-zh,s-sh,j-q-x	1
三长四短	sān cháng sì duǎn	54092	an-ang,uan-uang,c-ch,s-sh	1
三面红旗	sān miàn hóng qí	54093	an-ang,ian-iang,s-sh,h-f,j-q-x	1
三风十愆	sān fēng shí qiān	54094	en-eng,an-ang,ian-iang,s-sh,h-f,j-q-x	3
三首六臂	sān shǒu liù bì	54095	an-ang,ao-ou,s-sh,n-l,r-l	1
三马同槽	sān mǎ tóng cáo	54096	an-ang,ao-ou,c-ch,s-sh	1
上上下下	shàng shàng xià xià	54097	an-ang,ia-ie,s-sh,j-q-x	1
上下一心	shàng xià yī xīn	54098	in-ing,an-ang,ia-ie,s-sh,j-q-x	1
上下交困	shàng xià jiāo kùn	54099	an-ang,ia-ie,s-sh,j-q-x	1
上下同心	shàng xià tóng xīn	54100	in-ing,an-ang,ia-ie,s-sh,j-q-x	1
上下同欲	shàng xià tóng yù	54101	an-ang,ia-ie,s-sh,j-q-x	1
上下同门	shàng xià tóng mén	54102	en-eng,an-ang,ia-ie,s-sh,j-q-x	1
上交不谄	shàng jiāo bù chǎn	54105	an-ang,c-ch,s-sh,j-q-x	3
上兵伐谋	shàng bīng fá móu	54112	in-ing,an-ang,ao-ou,s-sh,h-f	1
上勤下顺	shàng qín xià shùn	54114	in-ing,an-ang,ia-ie,s-sh,j-q-x	1
上医医国	shàng yī yī guó	54115	an-ang,ua-uo,s-sh	1
上南落北	shàng nán luò běi	54118	an-ang,ai-ei,ua-uo,s-sh,n-l,r-l	1
上和下睦	shàng hé xià mù	54121	an-ang,ia-ie,s-sh,h-f,j-q-x	1
上天入地	shàng tiān rù dì	54127	an-ang,ian-iang,s-sh,r-l	1
上好下甚	shàng hǎo xià shèn	54129	en-eng,an-ang,ao-ou,ia-ie,s-sh,h-f,j-q-x	1
上嫚下暴	shàng màn xià bào	54130	an-ang,ao-ou,ia-ie,s-sh,j-q-x	3
上层社会	shàng céng shè huì	54133	en-eng,an-ang,c-ch,s-sh,h-f	1
上山下乡	shàng shān xià xiāng	54135	an-ang,ian-iang,ia-ie,s-sh,j-q-x	1
上市公司	shàng shì gōng sī	54137	an-ang,s-sh	1
上当受骗	shàng dàng shòu piàn	54139	an-ang,ian-iang,ao-ou,s-sh	1
上当学乖	shàng dàng xué guāi	54140	an-ang,s-sh,j-q-x	1
上情下达	shàng qíng xià dá	54141	in-ing,an-ang,ia-ie,s-sh,j-q-x	1
上慢下暴	shàng màn xià bào	54142	an-ang,ao-ou,ia-ie,s-sh,j-q-x	1
上推下卸	shàng tuī xià xiè	54143	an-ang,ia-ie,s-sh,j-q-x	1
上援下推	shàng yuán xià tuī	54144	an-ang,uan-uang,ia-ie,s-sh,j-q-x	1
上方宝剑	shàng fāng bǎo jiàn	54146	an-ang,ian-iang,ao-ou,s-sh,h-f,j-q-x	1
上智下愚	shàng zhì xià yú	54147	an-ang,ia-ie,z-zh,s-sh,j-q-x	1
上替下陵	shàng tì xià líng	54148	in-ing,an-ang,ia-ie,s-sh,n-l,r-l,j-q-x	1
上树拔梯	shàng shù bá tī	54152	an-ang,s-sh	1
上根大器	shàng gēn dà qì	54153	en-eng,an-ang,s-sh,j-q-x	1
上楼去梯	shàng lóu qù tī	54154	an-ang,ao-ou,s-sh,n-l,r-l,j-q-x	1
上流社会	shàng liú shè huì	54156	an-ang,s-sh,n-l,h-f,r-l	1
上溢下漏	shàng yì xià lòu	54157	an-ang,ao-ou,ia-ie,s-sh,n-l,r-l,j-q-x	1
上漏下湿	shàng lòu xià shī	54158	an-ang,ao-ou,ia-ie,s-sh,n-l,r-l,j-q-x	1
上烝下报	shàng zhēng xià bào	54159	en-eng,an-ang,ao-ou,ia-ie,z-zh,s-sh,j-q-x	5
上竿掇梯	shàng gān duō tī	54163	an-ang,ua-uo,s-sh	3
上篇上论	shàng piān shàng lùn	54165	an-ang,ian-iang,s-sh,n-l,r-l	1
上蒸下报	shàng zhēng xià bào	54168	en-eng,an-ang,ao-ou,ia-ie,z-zh,s-sh,j-q-x	1
上谄下渎	shàng chǎn xià dú	54171	an-ang,ia-ie,c-ch,s-sh,j-q-x	3
上陵下替	shàng líng xià tì	54177	in-ing,an-ang,ia-ie,s-sh,n-l,r-l,j-q-x	1
上雨旁风	shàng yǔ páng fēng	54178	en-eng,an-ang,s-sh,h-f	1
下不来台	xià bù lái tái	54180	ai-ei,ia-ie,n-l,r-l,j-q-x	1
下井投石	xià jǐng tóu shí	54181	in-ing,ao-ou,ia-ie,s-sh,j-q-x	1
下回分解	xià huí fēn jiě	54183	en-eng,ia-ie,h-f,j-q-x	1
下塞上聋	xià sāi shàng lóng	54184	an-ang,ai-ei,ia-ie,s-sh,n-l,r-l,j-q-x	1
下学上达	xià xué shàng dá	54185	an-ang,ia-ie,s-sh,j-q-x	1
下情上达	xià qíng shàng dá	54189	in-ing,an-ang,ia-ie,s-sh,j-q-x	1
下愚不移	xià yú bù yí	54190	ia-ie,j-q-x	1
下笔有神	xià bǐ yǒu shén	54192	en-eng,ao-ou,ia-ie,s-sh,j-q-x	1
下车之始	xià chē zhī shǐ	54194	ia-ie,z-zh,c-ch,s-sh,j-q-x	1
下车作威	xià chē zuò wēi	54195	ai-ei,ia-ie,ua-uo,z-zh,c-ch,j-q-x	1
下车泣罪	xià chē qì zuì	54196	ia-ie,z-zh,c-ch,j-q-x	1
下逐客令	xià zhú kè lìng	54197	in-ing,ia-ie,z-zh,n-l,r-l,j-q-x	1
下陵上替	xià líng shàng tì	54198	in-ing,an-ang,ia-ie,s-sh,n-l,r-l,j-q-x	1
下马冯妇	xià mǎ féng fù	54199	en-eng,ia-ie,h-f,j-q-x	1
下马看花	xià mǎ kàn huā	54200	an-ang,ia-ie,ua-uo,h-f,j-q-x	1
不一会儿	bù yī huì er	54201	h-f	1
不上不下	bù shàng bù xià	54204	an-ang,ia-ie,s-sh,j-q-x	1
不上不落	bù shàng bù luò	54205	an-ang,ua-uo,s-sh,n-l,r-l	1
不世之业	bù shì zhī yè	54206	z-zh,s-sh	1
不世之功	bù shì zhī gōng	54207	z-zh,s-sh	1
不丰不俭	bù fēng bù jiǎn	54210	en-eng,ian-iang,h-f,j-q-x	1
不丰不杀	bù fēng bù shā	54211	en-eng,s-sh,h-f	1
不为人知	bù wéi rén zhī	54212	en-eng,ai-ei,z-zh,r-l	1
不为瓦全	bù wéi wǎ quán	54213	uan-uang,ai-ei,j-q-x	1
不主故常	bù zhǔ gù cháng	54214	an-ang,z-zh,c-ch	1
不乏先例	bù fá xiān lì	54216	ian-iang,n-l,h-f,r-l,j-q-x	1
不习地土	bù xí dì tǔ	54217	j-q-x	1
不习水土	bù xí shuǐ tǔ	54218	s-sh,j-q-x	1
不了不当	bù liǎo bù dàng	54220	an-ang,n-l,r-l	1
不了而了	bù liǎo ér liǎo	54221	n-l,r-l	1
不事边幅	bù shì biān fú	54223	ian-iang,s-sh,h-f	1
不亢不卑	bù kàng bù bēi	54225	an-ang,ai-ei	1
不亦善夫	bù yì shàn fū	54227	an-ang,s-sh,h-f	1
不亦说乎	bù yì yuè hū	54228	h-f	1
不今不古	bù jīn bù gǔ	54230	in-ing,j-q-x	1
不以为奇	bù yǐ wéi qí	54232	ai-ei,j-q-x	1
不以为耻	bù yǐ wéi chǐ	54233	ai-ei,c-ch	1
不以语人	bù yǐ yù rén	54234	en-eng,r-l	1
不伏烧埋	bù fú shāo mái	54235	ai-ei,ao-ou,s-sh,h-f	1
不伤脾胃	bù shāng pí wèi	54237	an-ang,ai-ei,s-sh	1
不便水土	bù biàn shuǐ tǔ	54241	ian-iang,s-sh	1
不修小节	bù xiū xiǎo jié	54244	ia-ie,j-q-x	1
不值一哂	bù zhí yī shěn	54247	en-eng,z-zh,s-sh	3
不值一笑	bù zhí yī xiào	54248	z-zh,j-q-x	1
不值一钱	bù zhí yī qián	54249	ian-iang,z-zh,j-q-x	1
不值一顾	bù zhí yī gù	54250	z-zh	1
不值一驳	bù zhí yī bó	54251	z-zh	1
不偏不党	bù piān bù dǎng	54253	an-ang,ian-iang	1
不做不休	bù zuò bù xiū	54254	ua-uo,z-zh,j-q-x	1
不僧不俗	bù sēng bù sú	54257	en-eng,s-sh	1
不入时宜	bù rù shí yí	54259	s-sh,r-l	1
不关痛痒	bù guān tòng yǎng	54260	an-ang,uan-uang	1
不关紧要	bù guān jǐn yào	54261	in-ing,uan-uang,ao-ou,j-q-x	1
不冷不热	bù lěng bù rè	54263	en-eng,n-l,r-l	1
不凉不酸	bù liáng bù suān	54264	ian-iang,uan-uang,s-sh,n-l,r-l	1
不分伯仲	bù fēn bó zhòng	54267	en-eng,z-zh,h-f	1
不分彼此	bù fēn bǐ cǐ	54268	en-eng,c-ch,h-f	1
不分玉石	bù fēn yù shí	54269	en-eng,s-sh,h-f	1
不分畛域	bù fēn zhěn yù	54270	en-eng,z-zh,h-f	3
不分皂白	bù fēn zào bái	54271	en-eng,ai-ei,ao-ou,z-zh,h-f	1
不分轩轾	bù fēn xuān zhì	54272	en-eng,uan-uang,z-zh,h-f,j-q-x	3
不分青白	bù fēn qīng bái	54273	en-eng,in-ing,ai-ei,h-f,j-q-x	1
不切实际	bù qiē shí jì	54274	ia-ie,s-sh,j-q-x	1
不刊之书	bù kān zhī shū	54276	an-ang,z-zh,s-sh	1
不刊之典	bù kān zhī diǎn	54277	an-ang,ian-iang,z-zh	1
不刊之论	bù kān zhī lùn	54278	an-ang,z-zh,n-l,r-l	1
不刊之说	bù kān zhī shuō	54279	an-ang,ua-uo,z-zh,s-sh	1
不务空名	bù wù kōng míng	54282	in-ing	1
不劣方头	bù liè fāng tóu	54283	an-ang,ao-ou,ia-ie,n-l,h-f,r-l	1
不动如山	bú dòng rú shān	54284	an-ang,s-sh,r-l	1
不劳而成	bù láo ér chéng	54285	en-eng,ao-ou,c-ch,n-l,r-l	1
不勤而获	bù qín ér huò	54286	in-ing,ua-uo,h-f,j-q-x	1
不厌其繁	bù yàn qí fán	54288	an-ang,h-f,j-q-x	1
不厌其详	bù yàn qí xiáng	54289	an-ang,ian-iang,j-q-x	1
不及之法	bù jí zhī fǎ	54290	z-zh,h-f,j-q-x	1
不变价格	bù biàn jià gé	54293	ian-iang,ia-ie,j-q-x	1
不变资本	bù biàn zī běn	54294	en-eng,ian-iang,z-zh	1
不古不今	bù gǔ bù jīn	54295	in-ing,j-q-x	1
不可乡迩	bù kě xiāng ěr	54296	ian-iang,j-q-x	3
不可企及	bù kě qǐ jí	54297	j-q-x	1
不可估量	bù kě gū liáng	54298	ian-iang,n-l,r-l	1
不可偏废	bù kě piān fèi	54299	ian-iang,ai-ei,h-f	1
不可动摇	bù kě dòng yáo	54301	ao-ou	1
不可向迩	bù kě xiàng ěr	54302	ian-iang,j-q-x	3
不可多得	bù kě duō dé	54303	ua-uo	1
不可奈何	bù kě nài hé	54304	ai-ei,n-l,h-f	1
不可捉摸	bù kě zhuō mō	54305	ua-uo,z-zh	1
不可揆度	bù kě kuí duó	54306	ua-uo	3
不可摸捉	bù kě mō zhuō	54307	ua-uo,z-zh	1
不可救疗	bù kě jiù liáo	54308	n-l,r-l,j-q-x	1
不可教训	bù kě jiào xùn	54309	j-q-x	1
不可枚举	bù kě méi jǔ	54310	ai-ei,j-q-x	1
不可磨灭	bù kě mó miè	54311	ia-ie	1
不可究诘	bù kě jiū jié	54312	ia-ie,j-q-x	3
不可端倪	bù kě duān ní	54313	uan-uang,n-l	3
不可胜举	bù kě shèng jǔ	54314	en-eng,s-sh,j-q-x	1
不可胜算	bù kě shèng suàn	54315	en-eng,uan-uang,s-sh	1
不可胜纪	bù kě shèng jì	54316	en-eng,s-sh,j-q-x	1
不可胜言	bù kě shèng yán	54317	en-eng,an-ang,s-sh	1
不可胜计	bù kě shèng jì	54318	en-eng,s-sh,j-q-x	1
不可胜记	bù kě shèng jì	54319	en-eng,s-sh,j-q-x	1
不可胜道	bù kě shèng dào	54320	en-eng,ao-ou,s-sh	1
不可言传	bù kě yán chuán	54321	an-ang,uan-uang,c-ch	1
不可言喻	bù kě yán yù	54322	an-ang	1
不可言宣	bù kě yán xuān	54323	an-ang,uan-uang,j-q-x	1
不可言状	bù kě yán zhuàng	54324	an-ang,uan-uang,z-zh	1
不可造次	bù kě zào cì	54325	ao-ou,z-zh,c-ch	1
不可限量	bù kě xiàn liàng	54326	ian-iang,n-l,r-l,j-q-x	1
不合时宜	bù hé shí yí	54328	s-sh,h-f	1
不同戴天	bù tóng dài tiān	54330	ian-iang,ai-ei	1
不同流俗	bù tóng liú sú	54331	s-sh,n-l,r-l	1
不名一格	bù míng yī gé	54332	in-ing	1
不名一钱	bù míng yī qián	54333	in-ing,ian-iang,j-q-x	1
不吐不茹	bù tǔ bù rú	54335	r-l	3
不吝指教	bù lìn zhǐ jiào	54336	in-ing,z-zh,n-l,r-l,j-q-x	1
不吝珠玉	bù lìn zhū yù	54337	in-ing,z-zh,n-l,r-l	1
不吝赐教	bù lìn cì jiào	54338	in-ing,c-ch,n-l,r-l,j-q-x	1
不咸不淡	bù xián bù dàn	54342	an-ang,ian-iang,j-q-x	1
不啻天渊	bù chì tiān yuān	54343	ian-iang,uan-uang,c-ch	3
不因不由	bù yīn bù yóu	54344	in-ing,ao-ou	1
不因人热	bù yīn rén rè	54345	en-eng,in-ing,r-l	1
不堪一击	bù kān yī jī	54350	an-ang,j-q-x	1
不堪入耳	bù kān rù ěr	54351	an-ang,r-l	1
不堪其忧	bù kān qí yōu	54352	an-ang,ao-ou,j-q-x	1
不堪言状	bù kān yán zhuàng	54353	an-ang,uan-uang,z-zh	1
不堪造就	bù kān zào jiù	54354	an-ang,ao-ou,z-zh,j-q-x	1
不声不吭	bù shēng bù kēng	54355	en-eng,s-sh	1
不声不气	bù shēng bù qì	54356	en-eng,s-sh,j-q-x	1
不壹而三	bù yī ér sān	54357	an-ang,s-sh	1
不壹而足	bù yī ér zú	54358	z-zh	1
不复堪命	bù fù kān mìng	54359	in-ing,an-ang,h-f	1
不大方便	bú dà fāng biàn	54363	an-ang,ian-iang,h-f	1
不失圭撮	bù shī guī cuō	54365	ua-uo,c-ch,s-sh	3
不失时机	bù shī shí jī	54366	s-sh,j-q-x	1
不失毫厘	bù shī háo lí	54367	ao-ou,s-sh,n-l,h-f,r-l	1
不夷不惠	bù yí bù huì	54368	h-f	1
不奈之何	bù nài zhī hé	54369	ai-ei,z-zh,n-l,h-f	1
不如归去	bù rú guī qù	54373	r-l,j-q-x	1
不存不济	bù cún bù jì	54376	c-ch,j-q-x	1
不存芥蒂	bù cún jiè dì	54377	ia-ie,c-ch,j-q-x	1
不学无识	bù xué wú shí	54378	s-sh,j-q-x	1
不宁唯是	bù níng wéi shì	54380	in-ing,ai-ei,s-sh,n-l	1
不安于位	bù ān yú wèi	54381	an-ang,ai-ei	1
不安于室	bù ān yú shì	54382	an-ang,s-sh	1
不安其室	bù ān qí shì	54383	an-ang,s-sh,j-q-x	1
不定积分	bù dìng jī fēn	54385	en-eng,in-ing,h-f,j-q-x	1
不实之词	bù shí zhī cí	54386	z-zh,c-ch,s-sh	1
不容置辩	bù róng zhì biàn	54388	ian-iang,z-zh,r-l	1
不对茬儿	bú duì chá ér	54391	c-ch	1
不屑一读	bú xiè yì dú	54394	ia-ie,j-q-x	1
不屑教诲	bù xiè jiào huì	54396	ia-ie,h-f,j-q-x	1
不屑毁誉	bù xiè huǐ yù	54397	ia-ie,h-f,j-q-x	1
不差上下	bù chā shàng xià	54399	an-ang,ia-ie,c-ch,s-sh,j-q-x	1
不差什么	bù chà shén me	54400	en-eng,c-ch,s-sh	1
不差毫厘	bù chā háo lí	54401	ao-ou,c-ch,n-l,h-f,r-l	1
不差毫发	bù chā háo fà	54402	ao-ou,c-ch,h-f	1
不差累黍	bù chā lěi shǔ	54403	ai-ei,c-ch,s-sh,n-l,r-l	3
不干不净	bù gān bù jìng	54406	in-ing,an-ang,j-q-x	1
不废江河	bù fèi jiāng hé	54407	ian-iang,ai-ei,h-f,j-q-x	1
不弃草昧	bù qì cǎo mèi	54408	ai-ei,ao-ou,c-ch,j-q-x	1
不当不正	bù dāng bù zhèng	54409	en-eng,an-ang,z-zh	1
不当人子	bù dāng rén zǐ	54410	en-eng,an-ang,z-zh,r-l	1
不待蓍龟	bù dài shī guī	54411	ai-ei,s-sh	3
不徇私情	bù xùn sī qíng	54412	in-ing,s-sh,j-q-x	3
不徐不疾	bù xú bù jí	54413	j-q-x	1
不得不尔	bù dé bù ěr	54414		1
不得人心	bù dé rén xīn	54415	en-eng,in-ing,r-l,j-q-x	1
不得其所	bù dé qí suǒ	54416	ua-uo,s-sh,j-q-x	1
不得其死	bù dé qí sǐ	54417	s-sh,j-q-x	1
不得善终	bù dé shàn zhōng	54419	an-ang,z-zh,s-sh	1
不得开交	bù dé kāi jiāo	54420	ai-ei,j-q-x	1
不得违误	bù dé wéi wù	54422	ai-ei	1
不忘宿志	bú wàng sù zhì	54423	an-ang,z-zh,s-sh	1
不忘故旧	bù wàng gù jiù	54424	an-ang,j-q-x	1
不忘沟壑	bù wàng gōu hè	54425	an-ang,ao-ou,h-f	3
不忙不暴	bù máng bù bào	54426	an-ang,ao-ou	1
不忮不求	bù zhì bù qiú	54427	z-zh,j-q-x	5
不念旧恶	bù niàn jiù è	54428	ian-iang,n-l,j-q-x	1
不怀好意	bù huái hào yì	54429	ao-ou,h-f	1
不怎么样	bù zěn me yàng	54430	en-eng,an-ang,z-zh	1
不急之务	bù jí zhī wù	54432	z-zh,j-q-x	1
不恤人言	bù xù rén yán	54434	en-eng,an-ang,r-l,j-q-x	1
不恶而严	bù è ér yán	54437	an-ang	1
不悱不发	bù fěi bù fā	54439	ai-ei,h-f	3
不情之请	bù qíng zhī qǐng	54440	in-ing,z-zh,j-q-x	1
不惜工本	bù xī gōng běn	54441	en-eng,j-q-x	1
不愤不启	bù fèn bù qǐ	54444	en-eng,h-f,j-q-x	1
不愧下学	bù kuì xià xué	54445	ia-ie,j-q-x	1
不愧不作	bù kuì bù zuò	54446	ua-uo,z-zh	1
不愧不怍	bù kuì bù zuò	54447	ua-uo,z-zh	3
不愧屋漏	bù kuì wū lòu	54448	ao-ou,n-l,r-l	1
不懂装懂	bù dǒng zhuāng dǒng	54449	uan-uang,z-zh	1
不成三瓦	bù chéng sān wǎ	54450	en-eng,an-ang,c-ch,s-sh	1
不战而胜	bú zhàn ér shèng	54451	en-eng,an-ang,z-zh,s-sh	1
不战而降	bú zhàn ér xiáng	54452	an-ang,ian-iang,z-zh,j-q-x	1
不抗不卑	bù kàng bù bēi	54455	an-ang,ai-ei	1
不护细行	bù hù xì xíng	54456	in-ing,h-f,j-q-x	1
不拔一毛	bù bá yì máo	54458	ao-ou	1
不拔之志	bù bá zhī zhì	54459	z-zh	1
不拘形迹	bù jū xíng jī	54460	in-ing,j-q-x	1
不拘细节	bù jū xì jié	54461	ia-ie,j-q-x	1
不拘细行	bù jū xì xíng	54462	in-ing,j-q-x	1
不择生冷	bù zé shēng lěng	54463	en-eng,z-zh,s-sh,n-l,r-l	1
不按君臣	bù àn jūn chén	54464	en-eng,an-ang,c-ch,j-q-x	1
不挑之祖	bù tiāo zhī zǔ	54465	z-zh	1
不挠不屈	bù náo bù qū	54466	ao-ou,n-l,j-q-x	1
不挠不折	bù náo bù zhé	54467	ao-ou,z-zh,n-l	1
不揪不睬	bù jiū bù cǎi	54468	ai-ei,c-ch,j-q-x	1
不揪不采	bù jiū bù cǎi	54469	ai-ei,c-ch,j-q-x	1
不擒二毛	bù qín èr máo	54470	in-ing,ao-ou,j-q-x	1
不改其乐	bù gǎi qí lè	54471	ai-ei,n-l,r-l,j-q-x	1
不教之教	bù jiào zhī jiào	54473	z-zh,j-q-x	1
不教而杀	bù jiào ér shā	54474	s-sh,j-q-x	1
不教而诛	bù jiào ér zhū	54475	z-zh,j-q-x	3
不敢后人	bù gǎn hòu rén	54477	en-eng,an-ang,ao-ou,h-f,r-l	1
不敢告劳	bù gǎn gào láo	54478	an-ang,ao-ou,n-l,r-l	1
不敢掠美	bù gǎn lüè měi	54479	an-ang,ai-ei,n-l,r-l	1
不敢旁骛	bù gǎn páng wù	54480	an-ang	3
不敢自专	bù gǎn zì zhuān	54481	an-ang,uan-uang,z-zh	1
不敢苟同	bù gǎn gǒu tóng	54482	an-ang,ao-ou	1
不敢造次	bù gǎn zào cì	54483	an-ang,ao-ou,z-zh,c-ch	1
不敢问津	bù gǎn wèn jīn	54484	en-eng,in-ing,an-ang,j-q-x	1
不敢高攀	bù gǎn gāo pān	54485	an-ang,ao-ou	1
不文不武	bù wén bù wǔ	54487	en-eng	1
不断如带	bù duàn rú dài	54488	uan-uang,ai-ei,r-l	1
不日不月	bù rì bù yuè	54491	r-l	1
不时之须	bù shí zhī xū	54492	z-zh,s-sh,j-q-x	1
不明不白	bù míng bù bái	54493	in-ing,ai-ei	1
不易一字	bù yì yī zì	54494	z-zh	1
不易之典	bù yì zhī diǎn	54495	ian-iang,z-zh	1
不易之论	bù yì zhī lùn	54496	z-zh,n-l,r-l	1
不晓世务	bù xiǎo shì wù	54497	s-sh,j-q-x	1
不服水土	bù fú shuǐ tǔ	54501	s-sh,h-f	1
不期修古	bù qī xiū gǔ	54503	j-q-x	1
不期而会	bù qī ér huì	54504	h-f,j-q-x	1
不期而同	bù qī ér tóng	54505	j-q-x	1
不期而然	bù qī ér rán	54506	an-ang,r-l,j-q-x	1
不染一尘	bù rǎn yī chén	54508	en-eng,an-ang,c-ch,r-l	1
不栉进士	bù zhì jìn shì	54509	in-ing,z-zh,s-sh,j-q-x	3
不根之论	bù gēn zhī lùn	54510	en-eng,z-zh,n-l,r-l	1
不根之谈	bù gēn zhī tán	54511	en-eng,an-ang,z-zh	1
不次之位	bù cì zhī wèi	54512	ai-ei,z-zh,c-ch	1
不次之迁	bù cì zhī qiān	54513	ian-iang,z-zh,c-ch,j-q-x	1
不欺屋漏	bù qī wū lòu	54514	ao-ou,n-l,r-l,j-q-x	1
不欺暗室	bù qī àn shì	54515	an-ang,s-sh,j-q-x	1
不步人脚	bù bù rén jiǎo	54518	en-eng,r-l,j-q-x	1
不死不活	bù sǐ bù huó	54519	ua-uo,s-sh,h-f	1
不求闻达	bù qiú wén dá	54520	en-eng,j-q-x	1
不法常可	bù fǎ cháng kě	54521	an-ang,c-ch,h-f	1
不测之忧	bù cè zhī yōu	54523	ao-ou,z-zh,c-ch	1
不测之祸	bù cè zhī huò	54524	ua-uo,z-zh,c-ch,h-f	1
不测之罪	bù cè zhī zuì	54525	z-zh,c-ch	1
不爽毫发	bù shuǎng háo fā	54528	uan-uang,ao-ou,s-sh,h-f	1
不爽累黍	bù shuǎng lèi shǔ	54529	uan-uang,ai-ei,s-sh,n-l,r-l	3
不牧之地	bù mù zhī dì	54530	z-zh	1
不甘后人	bù gān hòu rén	54534	en-eng,an-ang,ao-ou,h-f,r-l	1
不甘雌伏	bù gān cí fú	54536	an-ang,c-ch,h-f	1
不生不灭	bù shēng bù miè	54538	en-eng,ia-ie,s-sh	1
不留余地	bù liú yú dì	54539	n-l,r-l	1
不疾不徐	bù jí bù xú	54540	j-q-x	1
不痴不聋	bù chī bù lóng	54541	c-ch,n-l,r-l	1
不瘟不火	bù wēn bù huǒ	54542	en-eng,ua-uo,h-f	1
不登大雅	bù dēng dà yǎ	54543	en-eng	1
不直一文	bù zhí yī wén	54544	en-eng,z-zh	1
不直一钱	bù zhí yī qián	54545	ian-iang,z-zh,j-q-x	1
不相为谋	bù xiāng wéi móu	54546	ian-iang,ai-ei,ao-ou,j-q-x	1
不相问闻	bù xiāng wèn wén	54549	en-eng,ian-iang,j-q-x	1
不相闻问	bù xiāng wén wèn	54550	en-eng,ian-iang,j-q-x	1
不着疼热	bù zhuó téng rè	54551	en-eng,ua-uo,z-zh,r-l	1
不瞅不睬	bù chǒu bù cǎi	54552	ai-ei,ao-ou,c-ch	1
不瞽不聋	bù gǔ bù lóng	54553	n-l,r-l	3
不矜不伐	bù jīn bù fá	54554	in-ing,h-f,j-q-x	3
不矜细行	bù jīn xì xíng	54555	in-ing,j-q-x	3
不知丁董	bù zhī dīng dǒng	54556	in-ing,z-zh	1
不知世务	bù zhī shì wù	54557	z-zh,s-sh	1
不知凡几	bù zhī fán jǐ	54558	an-ang,z-zh,h-f,j-q-x	1
不知利害	bù zhī lì hài	54559	ai-ei,z-zh,n-l,h-f,r-l	1
不知去向	bù zhī qù xiàng	54560	ian-iang,z-zh,j-q-x	1
不知头脑	bù zhī tóu nǎo	54561	ao-ou,z-zh,n-l	1
不知好歹	bù zhī hǎo dǎi	54562	ai-ei,ao-ou,z-zh,h-f	1
不知寝食	bù zhī qǐn shí	54563	in-ing,z-zh,s-sh,j-q-x	1
不知所以	bù zhī suǒ yǐ	54564	ua-uo,z-zh,s-sh	1
不知所出	bù zhī suǒ chū	54565	ua-uo,z-zh,c-ch,s-sh	1
不知所厝	bù zhī suǒ cuò	54566	ua-uo,z-zh,c-ch,s-sh	3
不知所可	bù zhī suǒ kě	54567	ua-uo,z-zh,s-sh	1
不知所言	bù zhī suǒ yán	54568	an-ang,ua-uo,z-zh,s-sh	1
不知所错	bù zhī suǒ cuò	54569	ua-uo,z-zh,c-ch,s-sh	1
不知深浅	bù zhī shēn qiǎn	54570	en-eng,ian-iang,z-zh,s-sh,j-q-x	1
不知甘苦	bù zhī gān kǔ	54571	an-ang,z-zh	1
不知疼痒	bù zhī téng yǎng	54572	en-eng,an-ang,z-zh	1
不知痛痒	bù zhī tòng yǎng	54573	an-ang,z-zh	1
不知端倪	bù zhī duān ní	54574	uan-uang,z-zh,n-l	3
不知纪极	bù zhī jì jí	54575	z-zh,j-q-x	1
不知肉味	bù zhī ròu wèi	54576	ai-ei,ao-ou,z-zh,r-l	1
不知自爱	bù zhī zì ài	54577	ai-ei,z-zh	1
不知自量	bù zhī zì liàng	54578	ian-iang,z-zh,n-l,r-l	1
不知起倒	bù zhī qǐ dǎo	54579	ao-ou,z-zh,j-q-x	1
不知轻重	bù zhī qīng zhòng	54580	in-ing,z-zh,j-q-x	1
不知进退	bù zhī jìn tuì	54581	in-ing,z-zh,j-q-x	1
不知颠倒	bù zhī diān dǎo	54582	ian-iang,ao-ou,z-zh	1
不知高下	bù zhī gāo xià	54583	ao-ou,ia-ie,z-zh,j-q-x	1
不知高低	bù zhī gāo dī	54584	ao-ou,z-zh	1
不破不立	bú pò bú lì	54585	n-l,r-l	1
不磷不缁	bù lín bù zī	54587	in-ing,z-zh,n-l,r-l	3
不祥之兆	bù xiáng zhī zhào	54588	ian-iang,ao-ou,z-zh,j-q-x	1
不祧之宗	bù tiāo zhī zōng	54589	z-zh	5
不祧之祖	bù tiāo zhī zǔ	54590	z-zh	5
不禁不由	bù jīn bù yóu	54591	in-ing,ao-ou,j-q-x	1
不稂不莠	bù láng bù yǒu	54592	an-ang,ao-ou,n-l,r-l	3
不稼不穑	bù jià bù sè	54594	ia-ie,s-sh,j-q-x	3
不立文字	bù lì wén zì	54595	en-eng,z-zh,n-l,r-l	1
不管一二	bù guǎn yī èr	54598	uan-uang	1
不管不顾	bù guǎn bù gù	54599	uan-uang	1
不紧不慢	bù jǐn bù màn	54600	in-ing,an-ang,j-q-x	1
不经世故	bù jīng shì gù	54602	in-ing,s-sh,j-q-x	1
不经之语	bù jīng zhī yǔ	54603	in-ing,z-zh,j-q-x	1
不经之说	bù jīng zhī shuō	54604	in-ing,ua-uo,z-zh,s-sh,j-q-x	1
不经之谈	bù jīng zhī tán	54605	in-ing,an-ang,z-zh,j-q-x	1
不绝如发	bù jué rú fà	54606	h-f,r-l,j-q-x	1
不绝如带	bù jué rú dài	54607	ai-ei,r-l,j-q-x	1
不绝如线	bù jué rú xiàn	54608	ian-iang,r-l,j-q-x	1
不绝若线	bù jué ruò xiàn	54609	ian-iang,ua-uo,r-l,j-q-x	1
不置褒贬	bù zhì bāo biǎn	54610	ian-iang,ao-ou,z-zh	1
不羁之才	bù jī zhī cái	54611	ai-ei,z-zh,c-ch,j-q-x	3
不羁之民	bù jī zhī mín	54612	in-ing,z-zh,j-q-x	3
不羞当面	bù xiū dāng miàn	54613	an-ang,ian-iang,j-q-x	1
不耻最后	bù chǐ zuì hòu	54617	ao-ou,z-zh,c-ch,h-f	1
不肖子孙	bù xiào zǐ sūn	54618	z-zh,s-sh,j-q-x	1
不胜其任	bù shèng qí rèn	54621	en-eng,s-sh,r-l,j-q-x	1
不胜其苦	bù shèng qí kǔ	54622	en-eng,s-sh,j-q-x	1
不胜杯杓	bù shèng bēi sháo	54623	en-eng,ai-ei,ao-ou,s-sh	3
不能自己	bù néng zì jǐ	54626	en-eng,z-zh,n-l,j-q-x	1
不脩边幅	bù xiū biān fú	54627	ian-iang,h-f,j-q-x	5
不腆之仪	bù tiǎn zhī yí	54628	ian-iang,z-zh	3
不臣之心	bù chén zhī xīn	54629	en-eng,in-ing,z-zh,c-ch,j-q-x	1
不自满假	bù zì mǎn jiǎ	54631	an-ang,ia-ie,z-zh,j-q-x	1
不舍昼夜	bù shě zhòu yè	54633	ao-ou,z-zh,s-sh	1
不舞之鹤	bù wǔ zhī hè	54635	z-zh,h-f	1
不茶不饭	bù chá bù fàn	54638	an-ang,c-ch,h-f	1
不药而愈	bù yào ér yù	54639	ao-ou	1
不落俗套	bù luò sú tào	54640	ao-ou,ua-uo,s-sh,n-l,r-l	1
不落边际	bù luò biān jì	54641	ian-iang,ua-uo,n-l,r-l,j-q-x	1
不蔓不支	bù màn bù zhī	54642	an-ang,z-zh	1
不虞之誉	bù yú zhī yù	54643	z-zh	3
不衫不履	bù shān bù lǚ	54645	an-ang,s-sh,n-l,r-l	1
不见不散	bú jiàn bú sàn	54650	an-ang,ian-iang,s-sh,j-q-x	1
不见天日	bù jiàn tiān rì	54652	ian-iang,r-l,j-q-x	1
不见舆薪	bú jiàn yú xīn	54653	in-ing,ian-iang,j-q-x	1
不觉技痒	bù jué jì yǎng	54654	an-ang,j-q-x	1
不解之仇	bù jiě zhī chóu	54655	ao-ou,ia-ie,z-zh,c-ch,j-q-x	1
不言不语	bù yán bù yǔ	54656	an-ang	1
不言而信	bù yán ér xìn	54657	in-ing,an-ang,j-q-x	1
不言而谕	bù yán ér yù	54658	an-ang	3
不计得失	bú jì dé shī	54659	s-sh,j-q-x	1
不记前仇	bù jì qián chóu	54661	ian-iang,ao-ou,c-ch,j-q-x	1
不讳之朝	bù huì zhī cháo	54663	ao-ou,z-zh,c-ch,h-f	1
不讳之路	bù huì zhī lù	54664	z-zh,n-l,h-f,r-l	1
不讳之门	bù huì zhī mén	54665	en-eng,z-zh,h-f	1
不论如何	bú lùn rú hé	54666	n-l,h-f,r-l	1
不识一丁	bù shí yī dīng	54667	in-ing,s-sh	1
不识不知	bù shí bù zhī	54668	z-zh,s-sh	1
不识东家	bù shí dōng jiā	54669	ia-ie,s-sh,j-q-x	1
不识之无	bù shí zhī wú	54670	z-zh,s-sh	1
不识大体	bù shí dà tǐ	54671	s-sh	1
不识好歹	bù shí hǎo dǎi	54672	ai-ei,ao-ou,s-sh,h-f	1
不识局面	bù shí jú miàn	54673	ian-iang,s-sh,j-q-x	1
不识泰山	bù shí tài shān	54674	an-ang,ai-ei,s-sh	1
不识起倒	bù shí qǐ dǎo	54675	ao-ou,s-sh,j-q-x	1
不识马肝	bù shí mǎ gān	54676	an-ang,s-sh	1
不识高低	bù shí gāo dī	54677	ao-ou,s-sh	1
不谋同辞	bù móu tóng cí	54679	ao-ou,c-ch	1
不谋而同	bù móu ér tóng	54680	ao-ou	1
不贪为宝	bù tān wéi bǎo	54683	an-ang,ai-ei,ao-ou	1
不费之惠	bù fèi zhī huì	54684	ai-ei,z-zh,h-f	1
不赏之功	bù shǎng zhī gōng	54685	an-ang,z-zh,s-sh	1
不赞一词	bù zàn yī cí	54686	an-ang,z-zh,c-ch	1
不越雷池	bù yuè léi chí	54689	ai-ei,c-ch,n-l,r-l	1
不足为意	bù zú wéi yì	54690	ai-ei,z-zh	1
不足为据	bù zú wéi jù	54691	ai-ei,z-zh,j-q-x	1
不足为法	bù zú wéi fǎ	54692	ai-ei,z-zh,h-f	1
不足介意	bù zú jiè yì	54693	ia-ie,z-zh,j-q-x	1
不足轻重	bù zú qīng zhòng	54694	in-ing,z-zh,j-q-x	1
不足齿数	bù zú chǐ shǔ	54695	z-zh,c-ch,s-sh	1
不轨之徒	bù guǐ zhī tú	54696	z-zh	1
不轻然诺	bù qīng rán nuò	54697	in-ing,an-ang,ua-uo,n-l,r-l,j-q-x	1
不辞劳苦	bù cí láo kǔ	54699	ao-ou,c-ch,n-l,r-l	1
不辟斧钺	bù bì fǔ yuè	54700	h-f	3
不辨真伪	bù biàn zhēn wěi	54701	en-eng,ian-iang,ai-ei,z-zh	1
不辨菽粟	bù biàn shū sù	54702	ian-iang,s-sh	3
不辨菽麦	bù biàn shū mài	54703	ian-iang,ai-ei,s-sh	3
不辩菽麦	bù biàn shū mài	54704	ian-iang,ai-ei,s-sh	3
不迁之庙	bù qiān zhī miào	54705	ian-iang,z-zh,j-q-x	1
不过如此	bù guò rú cǐ	54706	ua-uo,c-ch,r-l	1
不近道理	bù jìn dào lǐ	54707	in-ing,ao-ou,n-l,r-l,j-q-x	1
不进则退	bù jìn zé tuì	54708	in-ing,z-zh,j-q-x	1
不违农时	bù wéi nóng shí	54709	ai-ei,s-sh,n-l	1
不追既往	bù zhuī jì wǎng	54710	an-ang,z-zh,j-q-x	1
不通水火	bù tōng shuǐ huǒ	54714	ua-uo,s-sh,h-f	1
不逞之徒	bù chěng zhī tú	54715	en-eng,z-zh,c-ch	1
不遑启处	bù huáng qǐ chǔ	54717	uan-uang,c-ch,h-f,j-q-x	3
不遑宁处	bù huáng níng chǔ	54718	in-ing,uan-uang,c-ch,n-l,h-f	3
不遑宁息	bù huáng níng xī	54719	in-ing,uan-uang,n-l,h-f,j-q-x	3
不遑暇食	bù huáng xiá shí	54720	uan-uang,ia-ie,s-sh,h-f,j-q-x	3
不遑枚举	bù huáng méi jǔ	54721	uan-uang,ai-ei,h-f,j-q-x	3
不遗寸长	bù yí cùn cháng	54723	an-ang,c-ch	1
不遗巨细	bù yí jù xì	54724	j-q-x	1
不避斧钺	bù bì fǔ yuè	54726	h-f	3
不避水火	bù bì shuǐ huǒ	54727	ua-uo,s-sh,h-f	1
不避汤火	bù bì tāng huǒ	54728	an-ang,ua-uo,h-f	1
不避艰险	bù bì jiān xiǎn	54729	ian-iang,j-q-x	1
不郎不秀	bù láng bù xiù	54730	an-ang,n-l,r-l,j-q-x	1
不问不闻	bù wèn bù wén	54733	en-eng	1
不问皂白	bù wèn zào bái	54734	en-eng,ai-ei,ao-ou,z-zh	1
不间不界	bù jiān bù jiè	54735	ian-iang,ia-ie,j-q-x	1
不阴不阳	bù yīn bù yáng	54736	in-ing,an-ang	1
不随以止	bù suí yǐ zhǐ	54737	z-zh,s-sh	1
不露圭角	bù lù guī jiǎo	54739	n-l,r-l,j-q-x	3
不露形色	bù lù xíng sè	54740	in-ing,s-sh,n-l,r-l,j-q-x	1
不露神色	bù lù shén sè	54741	en-eng,s-sh,n-l,r-l	1
不露锋芒	bù lù fēng máng	54742	en-eng,an-ang,n-l,h-f,r-l	1
不顾一切	bù gù yī qiè	54745	ia-ie,j-q-x	1
不顾前后	bù gù qián hòu	54746	ian-iang,ao-ou,h-f,j-q-x	1
不顾大局	bù gù dà jú	54747	j-q-x	1
不顾死活	bù gù sǐ huó	54748	ua-uo,s-sh,h-f	1
不食之地	bù shí zhī dì	54749	z-zh,s-sh	1
不食周粟	bù shí zhōu sù	54750	ao-ou,z-zh,s-sh	1
不食烟火	bù shí yān huǒ	54751	an-ang,ua-uo,s-sh,h-f	1
不食马肝	bù shí mǎ gān	54752	an-ang,s-sh	1
不饥不寒	bù jī bù hán	54753	an-ang,h-f,j-q-x	1
不饮盗泉	bù yǐn dào quán	54754	in-ing,uan-uang,ao-ou,j-q-x	1
不骄不躁	bù jiāo bù zào	54755	ao-ou,z-zh,j-q-x	1
不齿于人	bù chǐ yú rén	54757	en-eng,c-ch,r-l	1
不龟手药	bù guī shǒu yào	54758	ao-ou,s-sh	1
与世俯仰	yǔ shì fǔ yǎng	54759	an-ang,s-sh,h-f	1
与世偃仰	yǔ shì yǎn yǎng	54760	an-ang,s-sh	3
与世推移	yǔ shì tuī yí	54761	s-sh	1
与世沉浮	yǔ shì chén fú	54762	en-eng,c-ch,s-sh,h-f	1
与世浮沉	yǔ shì fú chén	54763	en-eng,c-ch,s-sh,h-f	1
与受同科	yǔ shòu tóng kē	54765	ao-ou,s-sh	1
与时偕行	yǔ shí xié xíng	54766	in-ing,ia-ie,s-sh,j-q-x	3
与时推移	yǔ shí tuī yí	54767	s-sh	1
与时消息	yǔ shí xiāo xī	54768	s-sh,j-q-x	1
与民更始	yǔ mín gēng shǐ	54769	en-eng,in-ing,s-sh	1
与民除害	yǔ mín chú hài	54770	in-ing,ai-ei,c-ch,h-f	1
与物无忤	yǔ wù wú wǔ	54771		3
与物无竞	yǔ wù wú jìng	54772	in-ing,j-q-x	1
与狐谋皮	yǔ hú móu pí	54773	ao-ou,h-f	1
与虎添翼	yǔ hǔ tiān yì	54774	ian-iang,h-f	1
丑声远播	chǒu shēng yuǎn bō	54777	en-eng,uan-uang,ao-ou,c-ch,s-sh	1
丑态毕露	chǒu tài bì lù	54778	ai-ei,ao-ou,c-ch,n-l,r-l	1
丑类恶物	chǒu lèi è wù	54779	ai-ei,ao-ou,c-ch,n-l,r-l	1
专业教育	zhuān yè jiào yù	54780	uan-uang,z-zh,j-q-x	1
专业银行	zhuān yè yín háng	54781	in-ing,an-ang,uan-uang,z-zh,h-f	1
专员公署	zhuān yuán gōng shǔ	54783	uan-uang,z-zh,s-sh	1
专心一致	zhuān xīn yí zhì	54784	in-ing,uan-uang,z-zh,j-q-x	1
专有名词	zhuān yǒu míng cí	54785	in-ing,uan-uang,ao-ou,z-zh,c-ch	1
专栏作家	zhuān lán zuò jiā	54786	an-ang,uan-uang,ia-ie,ua-uo,z-zh,n-l,r-l,j-q-x	1
专欲难成	zhuān yù nán chéng	54787	en-eng,an-ang,uan-uang,z-zh,c-ch,n-l	1
专科学校	zhuān kē xué xiào	54788	uan-uang,z-zh,j-q-x	1
专精覃思	zhuān jīng tán sī	54789	in-ing,an-ang,uan-uang,z-zh,s-sh,j-q-x	3
且住为佳	qiě zhù wéi jiā	54790	ai-ei,ia-ie,z-zh,j-q-x	1
且食蛤蜊	qiě shí há lí	54792	ia-ie,s-sh,n-l,h-f,r-l,j-q-x	3
世俗之见	shì sú zhī jiàn	54795	ian-iang,z-zh,s-sh,j-q-x	1
世掌丝纶	shì zhǎng sī lún	54796	an-ang,z-zh,s-sh,n-l,r-l	3
世济其美	shì jì qí měi	54797	ai-ei,s-sh,j-q-x	1
丙种射线	bǐng zhǒng shè xiàn	54800	in-ing,ian-iang,z-zh,s-sh,j-q-x	1
业业矜矜	yè yè jīn jīn	54801	in-ing,j-q-x	3
业余教育	yè yú jiào yù	54802	j-q-x	1
丛山峻岭	cóng shān jùn lǐng	54803	in-ing,an-ang,c-ch,s-sh,n-l,r-l,j-q-x	1
丛轻折轴	cóng qīng zhé zhóu	54804	in-ing,ao-ou,z-zh,c-ch,j-q-x	1
丛雀渊鱼	cóng què yuān yú	54805	uan-uang,c-ch,j-q-x	1
东京大学	dōng jīng dà xué	54806	in-ing,j-q-x	1
东冲西决	dōng chōng xī jué	54807	c-ch,j-q-x	1
东冲西撞	dōng chōng xī zhuàng	54808	uan-uang,z-zh,c-ch,j-q-x	1
东冲西突	dōng chōng xī tū	54809	c-ch,j-q-x	1
东劳西燕	dōng láo xī yàn	54810	an-ang,ao-ou,n-l,r-l,j-q-x	1
东南之宝	dōng nán zhī bǎo	54814	an-ang,ao-ou,z-zh,n-l	1
东南之秀	dōng nán zhī xiù	54815	an-ang,z-zh,n-l,j-q-x	1
东南之美	dōng nán zhī měi	54816	an-ang,ai-ei,z-zh,n-l	1
东南半壁	dōng nán bàn bì	54817	an-ang,n-l	1
东南竹箭	dōng nán zhú jiàn	54819	an-ang,ian-iang,z-zh,n-l,j-q-x	1
东南雀飞	dōng nán què fēi	54820	an-ang,ai-ei,n-l,h-f,j-q-x	1
东墙处子	dōng qiáng chǔ zǐ	54822	ian-iang,z-zh,c-ch,j-q-x	1
东奔西向	dōng bēn xī xiàng	54823	en-eng,ian-iang,j-q-x	1
东奔西撞	dōng bēn xī zhuàng	54824	en-eng,uan-uang,z-zh,j-q-x	1
东奔西窜	dōng bēn xī cuàn	54825	en-eng,uan-uang,c-ch,j-q-x	1
东奔西逃	dōng bēn xī táo	54826	en-eng,ao-ou,j-q-x	1
东家效颦	dōng jiā xiào pín	54827	in-ing,ia-ie,j-q-x	3
东家西舍	dōng jiā xī shè	54828	ia-ie,s-sh,j-q-x	1
东差西误	dōng chà xī wù	54829	c-ch,j-q-x	1
东市朝衣	dōng shì cháo yī	54830	ao-ou,c-ch,s-sh	1
东床姣婿	dōng chuáng jiāo xù	54831	uan-uang,c-ch,j-q-x	3
东床择对	dōng chuáng zé duì	54832	uan-uang,z-zh,c-ch	1
东张西觑	dōng zhāng xī qù	54833	an-ang,z-zh,j-q-x	3
东扯西拉	dōng chě xī lā	54834	c-ch,n-l,r-l,j-q-x	1
东扯西拽	dōng chě xī zhuāi	54835	z-zh,c-ch,j-q-x	1
东扶西倒	dōng fú xī dǎo	54836	ao-ou,h-f,j-q-x	1
东抹西涂	dōng mò xī tú	54837	j-q-x	1
东挨西撞	dōng āi xī zhuàng	54838	uan-uang,ai-ei,z-zh,j-q-x	1
东挪西撮	dōng nuó xī cuō	54839	ua-uo,c-ch,n-l,j-q-x	1
东撙西节	dōng zǔn xī jié	54840	ia-ie,z-zh,j-q-x	3
东支西吾	dōng zhī xī wú	54841	z-zh,j-q-x	1
东方将白	dōng fāng jiāng bái	54842	an-ang,ian-iang,ai-ei,h-f,j-q-x	1
东方文化	dōng fāng wén huà	54843	en-eng,an-ang,ua-uo,h-f	1
东望西观	dōng wàng xī guān	54844	an-ang,uan-uang,j-q-x	1
东横西倒	dōng héng xī dǎo	54845	en-eng,ao-ou,h-f,j-q-x	1
东歪西倒	dōng wāi xī dǎo	54846	ai-ei,ao-ou,j-q-x	1
东洋大海	dōng yáng dà hǎi	54847	an-ang,ai-ei,h-f	1
东流西上	dōng liú xī shàng	54849	an-ang,s-sh,n-l,r-l,j-q-x	1
东流西落	dōng liú xī luò	54850	ua-uo,n-l,r-l,j-q-x	1
东涂西抹	dōng tú xī mǒ	54851	j-q-x	1
东渐于海	dōng jiān yú hǎi	54852	ian-iang,ai-ei,h-f,j-q-x	1
东猜西揣	dōng cāi xī chuāi	54853	ai-ei,c-ch,j-q-x	1
东猜西疑	dōng cāi xī yí	54854	ai-ei,c-ch,j-q-x	1
东箭南金	dōng jiàn nán jīn	54855	in-ing,an-ang,ian-iang,n-l,j-q-x	1
东萨摩亚	dōng sà mó yà	54857	s-sh	1
东藏西躲	dōng cáng xī duǒ	54858	an-ang,ua-uo,c-ch,j-q-x	1
东西南北	dōng xī nán běi	54859	an-ang,ai-ei,n-l,j-q-x	1
东西南朔	dōng xī nán shuò	54860	an-ang,ua-uo,s-sh,n-l,j-q-x	3
东观之殃	dōng guān zhī yāng	54861	an-ang,uan-uang,z-zh	1
东观续史	dōng guān xù shǐ	54862	uan-uang,s-sh,j-q-x	1
东观西望	dōng guān xī wàng	54863	an-ang,uan-uang,j-q-x	1
东谈西说	dōng tán xī shuō	54864	an-ang,ua-uo,s-sh,j-q-x	1
东趋西步	dōng qū xī bù	54865	j-q-x	1
东踅西倒	dōng xué xī dǎo	54866	ao-ou,j-q-x	3
东躲西藏	dōng duǒ xī cáng	54867	an-ang,ua-uo,c-ch,j-q-x	1
东躲西跑	dōng duǒ xī pǎo	54868	ao-ou,ua-uo,j-q-x	1
东量西折	dōng liàng xī shé	54869	ian-iang,s-sh,n-l,r-l,j-q-x	1
东零西散	dōng líng xī sàn	54871	in-ing,an-ang,s-sh,n-l,r-l,j-q-x	1
东零西落	dōng líng xī luò	54872	in-ing,ua-uo,n-l,r-l,j-q-x	1
东风人面	dōng fēng rén miàn	54873	en-eng,ian-iang,h-f,r-l	1
东风入律	dōng fēng rù lǜ	54874	en-eng,n-l,h-f,r-l	1
东风化雨	dōng fēng huà yǔ	54875	en-eng,ua-uo,h-f	1
东风浩荡	dōng fēng hào dàng	54876	en-eng,an-ang,ao-ou,h-f	1
东风过耳	dōng fēng guò ěr	54877	en-eng,ua-uo,h-f	1
东风马耳	dōng fēng mǎ ěr	54878	en-eng,h-f	1
东飘西泊	dōng piāo xī bó	54879	j-q-x	1
东食西宿	dōng shí xī sù	54880	s-sh,j-q-x	1
东鸣西应	dōng míng xī yīng	54881	in-ing,j-q-x	1
丝发之功	sī fā zhī gōng	54882	z-zh,s-sh,h-f	1
丝恩发怨	sī ēn fà yuàn	54883	en-eng,uan-uang,s-sh,h-f	1
丢三拉四	diū sān lā sì	54885	an-ang,s-sh,n-l,r-l	1
丢魂丧胆	diū hún sàng dǎn	54886	an-ang,s-sh,h-f	1
两世为人	liǎng shì wéi rén	54887	en-eng,ian-iang,ai-ei,s-sh,n-l,r-l	1
两叶掩目	liǎng yè yǎn mù	54889	an-ang,ian-iang,n-l,r-l	1
两头三绪	liǎng tóu sān xù	54890	an-ang,ian-iang,ao-ou,s-sh,n-l,r-l,j-q-x	1
两头三面	liǎng tóu sān miàn	54891	an-ang,ian-iang,ao-ou,s-sh,n-l,r-l	1
两头和番	liǎng tóu hé fān	54892	an-ang,ian-iang,ao-ou,n-l,h-f,r-l	1
两头白面	liǎng tóu bái miàn	54893	ian-iang,ai-ei,ao-ou,n-l,r-l	1
两性生殖	liǎng xìng shēng zhí	54897	en-eng,in-ing,ian-iang,z-zh,s-sh,n-l,r-l,j-q-x	1
两手空空	liǎng shǒu kōng kōng	54898	ian-iang,ao-ou,s-sh,n-l,r-l	1
两极分化	liǎng jí fēn huà	54899	en-eng,ian-iang,ua-uo,n-l,h-f,r-l,j-q-x	1
两栖动物	liǎng qī dòng wù	54900	ian-iang,n-l,r-l,j-q-x	1
两次三番	liǎng cì sān fān	54902	an-ang,ian-iang,c-ch,s-sh,n-l,h-f,r-l	1
两相情原	liǎng xiāng qíng yuán	54903	in-ing,ian-iang,uan-uang,n-l,r-l,j-q-x	1
两瞽相扶	liǎng gǔ xiāng fú	54904	ian-iang,n-l,h-f,r-l,j-q-x	3
两耳塞豆	liǎng ěr sāi dòu	54905	ian-iang,ai-ei,ao-ou,s-sh,n-l,r-l	1
两脚居间	liǎng jiǎo jū jiān	54906	ian-iang,n-l,r-l,j-q-x	1
两虎相斗	liǎng hǔ xiāng dòu	54907	ian-iang,ao-ou,n-l,h-f,r-l,j-q-x	1
两豆塞耳	liǎng dòu sāi ěr	54908	ian-iang,ai-ei,ao-ou,s-sh,n-l,r-l	1
两鼠斗穴	liǎng shǔ dòu xué	54910	ian-iang,ao-ou,s-sh,n-l,r-l,j-q-x	1
严家饿隶	yán jiā è lì	54911	an-ang,ia-ie,n-l,r-l,j-q-x	1
严气正性	yán qì zhèng xìng	54912	en-eng,in-ing,an-ang,z-zh,j-q-x	1
严陈以待	yán chén yǐ dài	54914	en-eng,an-ang,ai-ei,c-ch	1
丧天害理	sàng tiān hài lǐ	54915	an-ang,ian-iang,ai-ei,s-sh,n-l,h-f,r-l	1
丧失殆尽	sàng shī dài jìn	54916	in-ing,an-ang,ai-ei,s-sh,j-q-x	3
丧家之狗	sàng jiā zhī gǒu	54917	an-ang,ao-ou,ia-ie,z-zh,s-sh,j-q-x	1
丧师辱国	sàng shī rǔ guó	54918	an-ang,ua-uo,s-sh,r-l	1
丧明之痛	sàng míng zhī tòng	54919	in-ing,an-ang,z-zh,s-sh	1
丧胆亡魂	sàng dǎn wáng hún	54922	an-ang,s-sh,h-f	1
丧胆游魂	sàng dǎn yóu hún	54923	an-ang,ao-ou,s-sh,h-f	1
丧胆销魂	sàng dǎn xiāo hún	54924	an-ang,s-sh,h-f,j-q-x	1
丧身失节	sàng shēn shī jié	54926	en-eng,an-ang,ia-ie,s-sh,j-q-x	1
丧魂失魄	sàng hún shī pò	54929	an-ang,s-sh,h-f	1
个中妙趣	gè zhōng miào qù	54930	z-zh,j-q-x	1
个中滋味	gè zhōng zī wèi	54931	ai-ei,z-zh	1
个人财产	gè rén cái chǎn	54932	en-eng,an-ang,ai-ei,c-ch,r-l	1
中共中央	zhōng gòng zhōng yāng	54939	an-ang,z-zh	1
中华民国	zhōng huá mín guó	54941	in-ing,ua-uo,z-zh,h-f	1
中原逐鹿	zhōng yuán zhú lù	54943	uan-uang,z-zh,n-l,r-l	1
中国工人	zhōng guó gōng rén	54947	en-eng,ua-uo,z-zh,r-l	1
中国象棋	zhōng guó xiàng qí	54949	ian-iang,ua-uo,z-zh,j-q-x	1
中国青年	zhōng guó qīng nián	54950	in-ing,ian-iang,ua-uo,z-zh,n-l,j-q-x	1
中外合璧	zhōng wài hé bì	54952	ai-ei,z-zh,h-f	1
中层干部	zhōng céng gàn bù	54954	en-eng,an-ang,z-zh,c-ch	1
中心摇摇	zhōng xīn yáo yáo	54957	in-ing,ao-ou,z-zh,j-q-x	1
中流一壶	zhōng liú yī hú	54964	z-zh,n-l,h-f,r-l	1
中流击楫	zhōng liú jī jí	54965	z-zh,n-l,r-l,j-q-x	3
中流底柱	zhōng liú dǐ zhù	54966	z-zh,n-l,r-l	1
中立不倚	zhōng lì bù yǐ	54968	z-zh,n-l,r-l	1
中等教育	zhōng děng jiào yù	54969	en-eng,z-zh,j-q-x	1
中道而废	zhōng dào ér fèi	54974	ai-ei,ao-ou,z-zh,h-f	1
中风瘫痪	zhòng fēng tān huàn	54979	en-eng,an-ang,uan-uang,z-zh,h-f	1
中馈乏人	zhōng kuì fá rén	54980	en-eng,z-zh,h-f,r-l	1
中馈犹虚	zhōng kuì yóu xū	54981	ao-ou,z-zh,j-q-x	1
丰亨豫大	fēng hēng yù dà	54983	en-eng,h-f	3
丰功盛烈	fēng gōng shèng liè	54984	en-eng,ia-ie,s-sh,n-l,h-f,r-l	1
丰功硕德	fēng gōng shuò dé	54985	en-eng,ua-uo,s-sh,h-f	1
丰取刻与	fēng qǔ kè yǔ	54986	en-eng,h-f,j-q-x	1
丰姿冶丽	fēng zī yě lì	54987	en-eng,z-zh,n-l,h-f,r-l	1
丰姿绰约	fēng zī chuò yuē	54988	en-eng,ua-uo,z-zh,c-ch,h-f	1
丰富多采	fēng fù duō cǎi	54989	en-eng,ai-ei,ua-uo,c-ch,h-f	1
丰屋之过	fēng wū zhī guò	54990	en-eng,ua-uo,z-zh,h-f	1
丰屋蔀家	fēng wū bù jiā	54991	en-eng,ia-ie,h-f,j-q-x	5
丰度翩翩	fēng dù piān piān	54992	en-eng,ian-iang,h-f	1
丰标不凡	fēng biāo bù fán	54993	en-eng,an-ang,h-f	1
丰神绰约	fēng shén chuò yuē	54994	en-eng,ua-uo,c-ch,s-sh,h-f	1
丰肌弱骨	fēng jī ruò gǔ	54995	en-eng,ua-uo,h-f,r-l,j-q-x	1
丰肌秀骨	fēng jī xiù gǔ	54996	en-eng,h-f,j-q-x	1
丰草长林	fēng cǎo cháng lín	54997	en-eng,in-ing,an-ang,ao-ou,c-ch,n-l,h-f,r-l	1
串亲访友	chuàn qīn fǎng yǒu	54998	in-ing,an-ang,uan-uang,ao-ou,c-ch,h-f,j-q-x	1
临别赠言	lín bié zèng yán	55000	en-eng,in-ing,an-ang,ia-ie,z-zh,n-l,r-l	1
临别赠语	lín bié zèng yǔ	55001	en-eng,in-ing,ia-ie,z-zh,n-l,r-l	1
临危不挠	lín wēi bù náo	55002	in-ing,ai-ei,ao-ou,n-l,r-l	1
临危不顾	lín wēi bù gù	55003	in-ing,ai-ei,n-l,r-l	1
临崖勒马	lín yá lè mǎ	55004	in-ing,n-l,r-l	1
临敌易将	lín dí yì jiàng	55005	in-ing,ian-iang,n-l,r-l,j-q-x	1
临文不讳	lín wén bù huì	55006	en-eng,in-ing,n-l,h-f,r-l	1
临机应变	lín jī yìng biàn	55008	in-ing,ian-iang,n-l,r-l,j-q-x	1
临深履薄	lín shēn lǚ bó	55009	en-eng,in-ing,s-sh,n-l,r-l	1
临潼斗宝	lín tóng dòu bǎo	55010	in-ing,ao-ou,n-l,r-l	3
临财不苟	lín cái bù gǒu	55012	in-ing,ai-ei,ao-ou,c-ch,n-l,r-l	1
临阵磨刀	lín zhèn mó dāo	55013	en-eng,in-ing,ao-ou,z-zh,n-l,r-l	1
临难不恐	lín nàn bù kǒng	55015	in-ing,an-ang,n-l,r-l	1
临难不惧	lín nàn bù jù	55016	in-ing,an-ang,n-l,r-l,j-q-x	1
临难不避	lín nán bù bì	55017	in-ing,an-ang,n-l,r-l	1
临难无慑	lín nán wú shè	55018	in-ing,an-ang,s-sh,n-l,r-l	3
临难苟免	lín nàn gǒu miǎn	55019	in-ing,an-ang,ian-iang,ao-ou,n-l,r-l	1
临难铸兵	lín nàn zhù bīng	55020	in-ing,an-ang,z-zh,n-l,r-l	1
临风对月	lín fēng duì yuè	55021	en-eng,in-ing,n-l,h-f,r-l	1
丸散膏丹	wán sàn gāo dān	55022	an-ang,ao-ou,s-sh	1
丸泥封关	wán ní fēng guān	55023	en-eng,an-ang,uan-uang,n-l,h-f	1
丹书铁券	dān shū tiě quàn	55024	an-ang,uan-uang,ia-ie,s-sh,j-q-x	1
丹书铁契	dān shū tiě qì	55025	an-ang,ia-ie,s-sh,j-q-x	1
丹凤朝阳	dān fèng cháo yáng	55026	en-eng,an-ang,ao-ou,c-ch,h-f	1
丹心碧血	dān xīn bì xuè	55027	in-ing,an-ang,j-q-x	1
丹铅甲乙	dān qiān jiǎ yǐ	55028	an-ang,ian-iang,ia-ie,j-q-x	1
丹青不渝	dān qīng bù yú	55029	in-ing,an-ang,j-q-x	1
为丛驱雀	wèi cóng qū què	55030	ai-ei,c-ch,j-q-x	1
为之语塞	wéi zhī yǔ sè	55031	ai-ei,z-zh,s-sh	1
为人说项	wèi rén shuō xiàng	55032	en-eng,ian-iang,ai-ei,ua-uo,s-sh,r-l,j-q-x	1
为仁不富	wéi rén bù fù	55033	en-eng,ai-ei,h-f,r-l	1
为善最乐	wéi shàn zuì lè	55035	an-ang,ai-ei,z-zh,s-sh,n-l,r-l	1
为国为民	wèi guó wèi mín	55036	in-ing,ai-ei,ua-uo	1
为好成歉	wéi hǎo chéng qiàn	55037	en-eng,ian-iang,ai-ei,ao-ou,c-ch,h-f,j-q-x	1
为小失大	wèi xiǎo shī dà	55038	ai-ei,s-sh,j-q-x	1
为山止篑	wéi shān zhǐ kuì	55039	an-ang,ai-ei,z-zh,s-sh	3
为德不卒	wéi dé bù zú	55040	ai-ei,z-zh	1
为德不终	wéi dé bù zhōng	55041	ai-ei,z-zh	1
为恶不悛	wéi è bù quān	55042	uan-uang,ai-ei,j-q-x	3
为时过早	wéi shí guò zǎo	55044	ai-ei,ao-ou,ua-uo,z-zh,s-sh	1
为民父母	wéi mín fù mǔ	55045	in-ing,ai-ei,h-f	1
为民除害	wèi mín chú hài	55046	in-ing,ai-ei,c-ch,h-f	1
为法自弊	wéi fǎ zì bì	55047	ai-ei,z-zh,h-f	1
为渊驱鱼	wèi yuān qū yú	55048	uan-uang,ai-ei,j-q-x	1
为虎傅翼	wèi hǔ fù yì	55049	ai-ei,h-f	1
为虎添翼	wèi hǔ tiān yì	55050	ian-iang,ai-ei,h-f	1
为虺弗摧	wéi huǐ fú cuī	55051	ai-ei,c-ch,h-f	3
为蛇添足	wéi shé tiān zú	55052	ian-iang,ai-ei,z-zh,s-sh	1
为蛇画足	wéi shé huà zú	55053	ai-ei,ua-uo,z-zh,s-sh,h-f	1
为裘为箕	wéi qiú wéi jī	55054	ai-ei,j-q-x	3
为非作恶	wéi fēi zuò è	55055	ai-ei,ua-uo,z-zh,h-f	1
为鬼为蜮	wéi guǐ wéi yù	55056	ai-ei	3
主客颠倒	zhǔ kè diān dǎo	55060	ian-iang,ao-ou,z-zh	1
主少国疑	zhǔ shào guó yí	55062	ao-ou,ua-uo,z-zh,s-sh	1
丽句清词	lì jù qīng cí	55063	in-ing,c-ch,n-l,r-l,j-q-x	1
丽句清辞	lì jù qīng cí	55064	in-ing,c-ch,n-l,r-l,j-q-x	1
丽藻春葩	lì zǎo chūn pā	55066	ao-ou,z-zh,c-ch,n-l,r-l	3
举世混浊	jǔ shì hún zhuó	55068	ua-uo,z-zh,s-sh,h-f,j-q-x	1
举世皆知	jǔ shì jiē zhī	55069	ia-ie,z-zh,s-sh,j-q-x	1
举例发凡	jǔ lì fā fán	55070	an-ang,n-l,h-f,r-l,j-q-x	1
举十知九	jǔ shí zhī jiǔ	55071	z-zh,s-sh,j-q-x	1
举国若狂	jǔ guó ruò kuáng	55073	uan-uang,ua-uo,r-l,j-q-x	1
举手相庆	jǔ shǒu xiāng qìng	55074	in-ing,ian-iang,ao-ou,s-sh,j-q-x	1
举措不当	jǔ cuò bù dàng	55075	an-ang,ua-uo,c-ch,j-q-x	1
举措失当	jǔ cuò shī dàng	55076	an-ang,ua-uo,c-ch,s-sh,j-q-x	1
举棋若定	jǔ qí ruò dìng	55077	in-ing,ua-uo,r-l,j-q-x	1
举止不凡	jǔ zhǐ bù fán	55078	an-ang,z-zh,h-f,j-q-x	1
举止大方	jǔ zhǐ dà fāng	55079	an-ang,z-zh,h-f,j-q-x	1
举止自若	jǔ zhǐ zì ruò	55080	ua-uo,z-zh,r-l,j-q-x	1
举步生风	jǔ bù shēng fēng	55081	en-eng,s-sh,h-f,j-q-x	1
举要删芜	jǔ yào shān wú	55083	an-ang,ao-ou,s-sh,j-q-x	1
举贤任能	jǔ xián rèn néng	55084	en-eng,ian-iang,n-l,r-l,j-q-x	1
举贤使能	jǔ xián shǐ néng	55085	en-eng,ian-iang,s-sh,n-l,j-q-x	1
举重若轻	jǔ zhòng ruò qīng	55086	in-ing,ua-uo,z-zh,r-l,j-q-x	1
乃心王室	nǎi xīn wáng shì	55087	in-ing,an-ang,ai-ei,s-sh,n-l,j-q-x	1
久久不忘	jiǔ jiǔ bù wàng	55088	an-ang,j-q-x	1
久假不归	jiǔ jiǎ bù guī	55089	ia-ie,j-q-x	1
久别重逢	jiǔ bié chóng féng	55090	en-eng,ia-ie,c-ch,h-f,j-q-x	1
久历风尘	jiǔ lì fēng chén	55091	en-eng,c-ch,n-l,h-f,r-l,j-q-x	1
久安长治	jiǔ ān cháng zhì	55092	an-ang,z-zh,c-ch,j-q-x	1
久悬不决	jiǔ xuán bù jué	55093	uan-uang,j-q-x	1
久经风霜	jiǔ jīng fēng shuāng	55094	en-eng,in-ing,uan-uang,s-sh,h-f,j-q-x	1
久要不忘	jiǔ yāo bù wàng	55095	an-ang,ao-ou,j-q-x	1
久闻大名	jiǔ wén dà míng	55097	en-eng,in-ing,j-q-x	1
义不反顾	yì bù fǎn gù	55098	an-ang,h-f	1
义不取容	yì bù qǔ róng	55099	r-l,j-q-x	1
义不生财	yì bù shēng cái	55100	en-eng,ai-ei,c-ch,s-sh	1
义愤填胸	yì fèn tián xiōng	55102	en-eng,ian-iang,h-f,j-q-x	1
义无旋踵	yì wú xuán zhǒng	55103	uan-uang,z-zh,j-q-x	3
义正辞严	yì zhèng cí yán	55104	en-eng,an-ang,z-zh,c-ch	1
义正辞约	yì zhèng cí yuē	55105	en-eng,z-zh,c-ch	1
义气相投	yì qì xiāng tóu	55106	ian-iang,ao-ou,j-q-x	1
义浆仁粟	yì jiāng rén sù	55107	en-eng,ian-iang,s-sh,r-l,j-q-x	1
义薄云天	yì bó yún tiān	55108	ian-iang	1
义重恩深	yì zhòng ēn shēn	55110	en-eng,z-zh,s-sh	1
之死不渝	zhī sǐ bù yú	55111	z-zh,s-sh	1
乌天黑地	wū tiān hēi dì	55113	ian-iang,ai-ei,h-f	1
乌头马角	wū tóu mǎ jiǎo	55115	ao-ou,j-q-x	1
乌帽红裙	wū mào hóng qún	55116	ao-ou,h-f,j-q-x	1
乌有先生	wū yǒu xiān shēng	55119	en-eng,ian-iang,ao-ou,s-sh,j-q-x	1
乌白马角	wū bái mǎ jiǎo	55121	ai-ei,j-q-x	1
乌苏里江	wū sū lǐ jiāng	55122	ian-iang,s-sh,n-l,r-l,j-q-x	1
乌衣子弟	wū yī zǐ dì	55123	z-zh	1
乐不可极	lè bù kě jí	55127	n-l,r-l,j-q-x	1
乐不可言	lè bù kě yán	55128	an-ang,n-l,r-l	1
乐不极盘	lè bù jí pán	55129	an-ang,n-l,r-l,j-q-x	1
乐业安居	lè yè ān jū	55131	an-ang,n-l,r-l,j-q-x	1
乐事劝功	lè shì quàn gōng	55132	uan-uang,s-sh,n-l,r-l,j-q-x	1
乐以忘忧	lè yǐ wàng yōu	55135	an-ang,ao-ou,n-l,r-l	1
乐善不倦	lè shàn bù juàn	55137	an-ang,uan-uang,s-sh,n-l,r-l,j-q-x	1
乐善好义	lè shàn hào yì	55138	an-ang,ao-ou,s-sh,n-l,h-f,r-l	1
乐嗟苦咄	lè jiē kǔ duō	55139	ia-ie,ua-uo,n-l,r-l,j-q-x	3
乐在其中	lè zài qí zhōng	55140	ai-ei,z-zh,n-l,r-l,j-q-x	1
乐天任命	lè tiān rèn mìng	55141	en-eng,in-ing,ian-iang,n-l,r-l	1
乐天安命	lè tiān ān mìng	55142	in-ing,an-ang,ian-iang,n-l,r-l	1
乐尽哀生	lè jìn āi shēng	55146	en-eng,in-ing,ai-ei,s-sh,n-l,r-l,j-q-x	1
乐尽悲来	lè jìn bēi lái	55147	in-ing,ai-ei,n-l,r-l,j-q-x	1
乐山乐水	lè shān lè shuǐ	55149	an-ang,s-sh,n-l,r-l	1
乐山爱水	lè shān ài shuǐ	55150	an-ang,ai-ei,s-sh,n-l,r-l	1
乐往哀来	lè wǎng āi lái	55153	an-ang,ai-ei,n-l,r-l	1
乐成人美	lè chéng rén měi	55154	en-eng,ai-ei,c-ch,n-l,r-l	1
乐新厌旧	lè xīn yàn jiù	55156	in-ing,an-ang,n-l,r-l,j-q-x	1
乐昌之镜	lè chāng zhī jìng	55157	in-ing,an-ang,z-zh,c-ch,n-l,r-l,j-q-x	1
乐昌分镜	lè chāng fēn jìng	55158	en-eng,in-ing,an-ang,c-ch,n-l,h-f,r-l,j-q-x	1
乐昌破镜	lè chāng pò jìng	55159	in-ing,an-ang,c-ch,n-l,r-l,j-q-x	1
乐极则忧	lè jí zé yōu	55160	ao-ou,z-zh,n-l,r-l,j-q-x	1
乐极则悲	lè jí zé bēi	55161	ai-ei,z-zh,n-l,r-l,j-q-x	1
乐极哀来	lè jí āi lái	55162	ai-ei,n-l,r-l,j-q-x	1
乐极悲来	lè jí bēi lái	55163	ai-ei,n-l,r-l,j-q-x	1
乐极悲生	lè jí bēi shēng	55164	en-eng,ai-ei,s-sh,n-l,r-l,j-q-x	1
乐极生哀	lè jí shēng āi	55165	en-eng,ai-ei,s-sh,n-l,r-l,j-q-x	1
乐此不倦	lè cǐ bù juàn	55168	uan-uang,c-ch,n-l,r-l,j-q-x	1
乐祸幸灾	lè huò xìng zāi	55171	in-ing,ai-ei,ua-uo,z-zh,n-l,h-f,r-l,j-q-x	1
乐而不厌	lè ér bù yàn	55172	an-ang,n-l,r-l	1
乐而不淫	lè ér bù yín	55173	in-ing,n-l,r-l	1
乐而不荒	lè ér bù huāng	55174	uan-uang,n-l,h-f,r-l	1
乐而忘死	lè ér wàng sǐ	55175	an-ang,s-sh,n-l,r-l	1
乐行忧违	lè xíng yōu wéi	55177	in-ing,ai-ei,ao-ou,n-l,r-l,j-q-x	1
乐退安贫	lè tuì ān pín	55179	in-ing,an-ang,n-l,r-l	1
乐道好古	lè dào hǎo gǔ	55181	ao-ou,n-l,h-f,r-l	1
乐道安命	lè dào ān mìng	55182	in-ing,an-ang,ao-ou,n-l,r-l	1
乐道安贫	lè dào ān pín	55183	in-ing,an-ang,ao-ou,n-l,r-l	1
乐道忘饥	lè dào wàng jī	55184	an-ang,ao-ou,n-l,r-l,j-q-x	1
乐道遗荣	lè dào yí róng	55185	ao-ou,n-l,r-l	1
乔妆打扮	qiáo zhuāng dǎ bàn	55188	an-ang,uan-uang,z-zh,j-q-x	1
乔文假醋	qiáo wén jiǎ cù	55189	en-eng,ia-ie,c-ch,j-q-x	1
乔装打扮	qiáo zhuāng dǎ bàn	55190	an-ang,uan-uang,z-zh,j-q-x	1
乖僻邪谬	guāi pì xié miù	55191	ia-ie,j-q-x	1
乘云行泥	chéng yún xíng ní	55193	en-eng,in-ing,c-ch,n-l,j-q-x	1
乘伪行诈	chéng wěi xíng zhà	55194	en-eng,in-ing,ai-ei,z-zh,c-ch,j-q-x	1
乘兴而来	chéng xìng ér lái	55195	en-eng,in-ing,ai-ei,c-ch,n-l,r-l,j-q-x	1
乘其不备	chéng qí bù bèi	55196	en-eng,ai-ei,c-ch,j-q-x	1
乘其不意	chéng qí bù yì	55197	en-eng,c-ch,j-q-x	1
乘利席胜	chéng lì xí shèng	55198	en-eng,c-ch,s-sh,n-l,r-l,j-q-x	1
乘势使气	chéng shì shǐ qì	55199	en-eng,c-ch,s-sh,j-q-x	1
乘坚策肥	chéng jiān cè féi	55201	en-eng,ian-iang,ai-ei,c-ch,h-f,j-q-x	1
乘坚驱良	chéng jiān qū liáng	55202	en-eng,ian-iang,c-ch,n-l,r-l,j-q-x	1
乘时乘势	chéng shí chéng shì	55206	en-eng,c-ch,s-sh	1
乘机打劫	chéng jī dǎ jié	55207	en-eng,ia-ie,c-ch,j-q-x	1
乘热打铁	chéng rè dǎ tiě	55208	en-eng,ia-ie,c-ch,r-l	1
乘肥衣轻	chéng féi yì qīng	55209	en-eng,in-ing,ai-ei,c-ch,h-f,j-q-x	1
乘胜追击	chéng shèng zhuī jī	55210	en-eng,z-zh,c-ch,s-sh,j-q-x	1
乘胜逐北	chéng shèng zhú běi	55211	en-eng,ai-ei,z-zh,c-ch,s-sh	1
乘舆播越	chéng yú bō yuè	55213	en-eng,c-ch	1
乘虚蹈隙	chéng xū dǎo xì	55214	en-eng,ao-ou,c-ch,j-q-x	1
乘虚迭出	chéng xū dié chū	55215	en-eng,ia-ie,c-ch,j-q-x	1
乘车戴笠	chéng chē dài lì	55216	en-eng,ai-ei,c-ch,n-l,r-l	3
乘轻驱肥	chéng qīng qū féi	55217	en-eng,in-ing,ai-ei,c-ch,h-f,j-q-x	1
乘间伺隙	chéng jiān sì xì	55218	en-eng,ian-iang,c-ch,s-sh,j-q-x	1
乘间投隙	chéng jiān tóu xì	55219	en-eng,ian-iang,ao-ou,c-ch,j-q-x	1
乘间抵隙	chéng jiān dǐ xì	55220	en-eng,ian-iang,c-ch,j-q-x	1
乘险抵巇	chéng xiǎn dǐ xī	55222	en-eng,ian-iang,c-ch,j-q-x	5
乘隙捣虚	chéng xì dǎo xū	55223	en-eng,ao-ou,c-ch,j-q-x	1
乘隙而入	chéng xì ér rù	55224	en-eng,c-ch,r-l,j-q-x	1
乘顺水船	chéng shùn shuǐ chuán	55225	en-eng,uan-uang,c-ch,s-sh	1
乘风兴浪	chéng fēng xīng làng	55227	en-eng,in-ing,an-ang,c-ch,n-l,h-f,r-l,j-q-x	1
乘风转舵	chéng fēng zhuǎn duò	55228	en-eng,uan-uang,ua-uo,z-zh,c-ch,h-f	1
乘高决水	chéng gāo jué shuǐ	55230	en-eng,ao-ou,c-ch,s-sh,j-q-x	1
乘鸾跨凤	chéng luán kuà fèng	55231	en-eng,uan-uang,ua-uo,c-ch,n-l,h-f,r-l	3
乘龙佳婿	chéng lóng jiā xù	55232	en-eng,ia-ie,c-ch,n-l,r-l,j-q-x	1
乘龙配凤	chéng lóng pèi fèng	55233	en-eng,ai-ei,c-ch,n-l,h-f,r-l	1
乙状结肠	yǐ zhuàng jié cháng	55234	an-ang,uan-uang,ia-ie,z-zh,c-ch,j-q-x	1
乙种射线	yǐ zhǒng shè xiàn	55235	ian-iang,z-zh,s-sh,j-q-x	1
乙种粒子	yǐ zhǒng lì zǐ	55236	z-zh,n-l,r-l	1
乜斜缠帐	niè xié chán zhàng	55237	an-ang,ia-ie,z-zh,c-ch,n-l,j-q-x	3
九世之仇	jiǔ shì zhī chóu	55238	ao-ou,z-zh,c-ch,s-sh,j-q-x	1
九原可作	jiǔ yuán kě zuò	55239	uan-uang,ua-uo,z-zh,j-q-x	1
九变十化	jiǔ biàn shí huà	55240	ian-iang,ua-uo,s-sh,h-f,j-q-x	1
九合一匡	jiǔ hé yī kuāng	55241	uan-uang,h-f,j-q-x	3
九品中正	jiǔ pǐn zhōng zhèng	55242	en-eng,in-ing,z-zh,j-q-x	1
九垓八埏	jiǔ gāi bā yán	55244	an-ang,ai-ei,j-q-x	7
九大行星	jiǔ dà xíng xīng	55245	in-ing,j-q-x	1
九天九地	jiǔ tiān jiǔ dì	55246	ian-iang,j-q-x	1
九天仙女	jiǔ tiān xiān nǚ	55247	ian-iang,n-l,j-q-x	1
九故十亲	jiǔ gù shí qīn	55250	in-ing,s-sh,j-q-x	1
九曲回肠	jiǔ qū huí cháng	55251	an-ang,c-ch,h-f,j-q-x	1
九朽一罢	jiǔ xiǔ yī bà	55252	j-q-x	1
九死不悔	jiǔ sǐ bù huǐ	55253	s-sh,h-f,j-q-x	1
九流三教	jiǔ liú sān jiào	55254	an-ang,s-sh,n-l,r-l,j-q-x	1
九流十家	jiǔ liú shí jiā	55255	ia-ie,s-sh,n-l,r-l,j-q-x	1
九流百家	jiǔ liú bǎi jiā	55256	ai-ei,ia-ie,n-l,r-l,j-q-x	1
九行八业	jiǔ háng bā yè	55257	an-ang,h-f,j-q-x	1
九转功成	jiǔ zhuǎn gōng chéng	55258	en-eng,uan-uang,z-zh,c-ch,j-q-x	1
九间大殿	jiǔ jiān dà diàn	55270	ian-iang,j-q-x	1
九间朝殿	jiǔ jiān cháo diàn	55271	ian-iang,ao-ou,c-ch,j-q-x	1
九鼎大吕	jiǔ dǐng dà lǚ	55272	in-ing,n-l,r-l,j-q-x	1
乞儿乘车	qǐ ér chéng chē	55273	en-eng,c-ch,j-q-x	1
乞浆得酒	qǐ jiāng dé jiǔ	55275	ian-iang,j-q-x	1
乞穷俭相	qǐ qióng jiǎn xiāng	55276	ian-iang,j-q-x	1
习与性成	xí yǔ xìng chéng	55277	en-eng,in-ing,c-ch,j-q-x	1
习焉不察	xí yān bù chá	55281	an-ang,c-ch,j-q-x	1
习而不察	xí ér bù chá	55282	c-ch,j-q-x	1
乡书难寄	xiāng shū nán jì	55284	an-ang,ian-iang,s-sh,n-l,j-q-x	1
书不尽意	shū bù jìn yì	55286	in-ing,s-sh,j-q-x	1
书不尽言	shū bù jìn yán	55287	in-ing,an-ang,s-sh,j-q-x	1
书不释手	shū bù shì shǒu	55288	ao-ou,s-sh	1
书囊无底	shū náng wú dǐ	55292	an-ang,s-sh,n-l	1
书归正传	shū guī zhèng zhuàn	55295	en-eng,uan-uang,z-zh,s-sh	1
书生之见	shū shēng zhī jiàn	55296	en-eng,ian-iang,z-zh,s-sh,j-q-x	1
书空咄咄	shū kōng duō duō	55297	ua-uo,s-sh	1
书缺有间	shū quē yǒu jiàn	55298	ian-iang,ao-ou,s-sh,j-q-x	1
书读五车	shū dú wǔ chē	55301	c-ch,s-sh	1
书香世家	shū xiāng shì jiā	55302	ian-iang,ia-ie,s-sh,j-q-x	1
书香人家	shū xiāng rén jiā	55303	en-eng,ian-iang,ia-ie,s-sh,r-l,j-q-x	1
买上告下	mǎi shàng gào xià	55304	an-ang,ai-ei,ao-ou,ia-ie,s-sh,j-q-x	1
买上嘱下	mǎi shàng zhǔ xià	55305	an-ang,ai-ei,ia-ie,z-zh,s-sh,j-q-x	1
买王得羊	mǎi wáng dé yáng	55308	an-ang,ai-ei	1
买笑追欢	mǎi xiào zhuī huān	55309	uan-uang,ai-ei,z-zh,h-f,j-q-x	1
买铁思金	mǎi tiě sī jīn	55310	in-ing,ai-ei,ia-ie,s-sh,j-q-x	1
乱作胡为	luàn zuò hú wéi	55311	uan-uang,ai-ei,ua-uo,z-zh,n-l,h-f,r-l	1
乱头粗服	luàn tóu cū fú	55313	uan-uang,ao-ou,c-ch,n-l,h-f,r-l	1
乱成一团	luàn chéng yì tuán	55315	en-eng,uan-uang,c-ch,n-l,r-l	1
乱箭攒心	luàn jiàn cuán xīn	55317	in-ing,ian-iang,uan-uang,c-ch,n-l,r-l,j-q-x	3
乱语胡言	luàn yǔ hú yán	55318	an-ang,uan-uang,n-l,h-f,r-l	1
乳臭未除	rǔ chòu wèi chú	55322	ai-ei,ao-ou,c-ch,r-l	1
乳间股脚	rǔ jiān gǔ jiǎo	55323	ian-iang,r-l,j-q-x	1
乾乾翼翼	qián qián yì yì	55324	ian-iang,j-q-x	1
乾端坤倪	qián duān kūn ní	55325	ian-iang,uan-uang,n-l,j-q-x	3
了不可见	liǎo bù kě jiàn	55326	ian-iang,n-l,r-l,j-q-x	1
了不长进	liǎo bù zhǎng jìn	55327	in-ing,an-ang,z-zh,n-l,r-l,j-q-x	1
了了可见	liǎo liǎo kě jiàn	55328	ian-iang,n-l,r-l,j-q-x	1
了无惧色	liǎo wú jù sè	55330	s-sh,n-l,r-l,j-q-x	1
了然于胸	liǎo rán yú xiōng	55332	an-ang,n-l,r-l,j-q-x	1
了然无闻	liǎo rán wú wén	55333	en-eng,an-ang,n-l,r-l	1
了若指掌	liǎo ruò zhǐ zhǎng	55334	an-ang,ua-uo,z-zh,n-l,r-l	1
了身脱命	liǎo shēn tuō mìng	55335	en-eng,in-ing,ua-uo,s-sh,n-l,r-l	1
了身达命	liǎo shēn dá mìng	55336	en-eng,in-ing,s-sh,n-l,r-l	1
予人口实	yǔ rén kǒu shí	55337	en-eng,ao-ou,s-sh,r-l	1
予取予夺	yú qǔ yú duó	55338	ua-uo,j-q-x	1
予取予携	yú qǔ yú xié	55339	ia-ie,j-q-x	1
予取予求	yú qǔ yú qiú	55340	j-q-x	1
予夺生杀	yǔ duó shēng shā	55341	en-eng,ua-uo,s-sh	1
予智予雄	yú zhì yú xióng	55342	z-zh,j-q-x	1
予齿去角	yǔ chǐ qù jiǎo	55343	c-ch,j-q-x	1
争多论少	zhēng duō lùn shǎo	55344	en-eng,ao-ou,ua-uo,z-zh,s-sh,n-l,r-l	1
争妍斗艳	zhēng yán dòu yàn	55345	en-eng,an-ang,ao-ou,z-zh	3
争强斗狠	zhēng qiáng dòu hěn	55346	en-eng,ian-iang,ao-ou,z-zh,h-f,j-q-x	1
争强斗胜	zhēng qiáng dòu shèng	55347	en-eng,ian-iang,ao-ou,z-zh,s-sh,j-q-x	1
争强显胜	zhēng qiáng xiǎn shèng	55348	en-eng,ian-iang,z-zh,s-sh,j-q-x	1
争斤论两	zhēng jīn lùn liǎng	55350	en-eng,in-ing,ian-iang,z-zh,n-l,r-l,j-q-x	1
争猫丢牛	zhēng māo diū niú	55351	en-eng,ao-ou,z-zh,n-l	1
争短论长	zhēng duǎn lùn cháng	55352	en-eng,an-ang,uan-uang,z-zh,c-ch,n-l,r-l	1
争长竞短	zhēng cháng jìng duǎn	55353	en-eng,in-ing,an-ang,uan-uang,z-zh,c-ch,j-q-x	1
争鸡失羊	zhēng jī shī yáng	55354	en-eng,an-ang,z-zh,s-sh,j-q-x	1
事不关己	shì bù guān jǐ	55355	uan-uang,s-sh,j-q-x	1
事不师古	shì bù shī gǔ	55356	s-sh	1
事不有余	shì bù yǒu yú	55357	ao-ou,s-sh	1
事不过三	shì bù guò sān	55358	an-ang,ua-uo,s-sh	1
事与原违	shì yǔ yuán wéi	55359	uan-uang,ai-ei,s-sh	1
事与心违	shì yù xīn wéi	55360	in-ing,ai-ei,s-sh,j-q-x	1
事危累卵	shì wēi lèi luǎn	55362	uan-uang,ai-ei,s-sh,n-l,r-l	1
事在必行	shì zài bì xíng	55363	in-ing,ai-ei,z-zh,s-sh,j-q-x	1
事无大小	shì wú dà xiǎo	55365	s-sh,j-q-x	1
事核言直	shì hé yán zhí	55366	an-ang,z-zh,s-sh,h-f	1
事过情迁	shì guò qíng qiān	55367	in-ing,ian-iang,ua-uo,s-sh,j-q-x	1
事过景迁	shì guò jǐng qiān	55368	in-ing,ian-iang,ua-uo,s-sh,j-q-x	1
事齐事楚	shì qí shì chǔ	55369	c-ch,s-sh,j-q-x	1
二三其德	èr sān qí dé	55370	an-ang,s-sh,j-q-x	1
二三其意	èr sān qí yì	55371	an-ang,s-sh,j-q-x	1
二分明月	èr fēn míng yuè	55375	en-eng,in-ing,h-f	1
二十八宿	èr shí bā xiù	55377	s-sh,j-q-x	1
二姓之好	èr xìng zhī hǎo	55379	in-ing,ao-ou,z-zh,h-f,j-q-x	1
二次曲线	èr cì qū xiàn	55380	ian-iang,c-ch,j-q-x	1
二氧化物	èr yǎng huà wù	55381	an-ang,ua-uo,h-f	1
二氧化硅	èr yǎng huà guī	55382	an-ang,ua-uo,h-f	1
二氧化锰	èr yǎng huà měng	55383	en-eng,an-ang,ua-uo,h-f	1
二竖为虐	èr shù wéi nüè	55384	ai-ei,s-sh,n-l	1
二龙戏珠	èr lóng xì zhū	55388	z-zh,n-l,r-l,j-q-x	1
于今为烈	yú jīn wéi liè	55389	in-ing,ai-ei,ia-ie,n-l,r-l,j-q-x	1
于安思危	yú ān sī wēi	55390	an-ang,ai-ei,s-sh	1
于家为国	yú jiā wéi guó	55391	ai-ei,ia-ie,ua-uo,j-q-x	1
于心何忍	yú xīn hé rěn	55392	en-eng,in-ing,h-f,r-l,j-q-x	1
于飞之乐	yú fēi zhī lè	55394	ai-ei,z-zh,n-l,h-f,r-l	1
亏心短行	kuī xīn duǎn xíng	55395	in-ing,uan-uang,j-q-x	1
云中仙鹤	yún zhōng xiān hè	55398	ian-iang,z-zh,h-f,j-q-x	1
云中白鹤	yún zhōng bái hè	55399	ai-ei,z-zh,h-f	1
云交雨合	yún jiāo yǔ hé	55400	h-f,j-q-x	1
云兴霞蔚	yún xīng xiá wèi	55401	in-ing,ai-ei,ia-ie,j-q-x	1
云冈石窟	yún gāng shí kū	55402	an-ang,s-sh	1
云净天空	yún jìng tiān kōng	55403	in-ing,ian-iang,j-q-x	1
云合响应	yún hé xiǎng yìng	55404	in-ing,ian-iang,h-f,j-q-x	1
云合景从	yún hé jǐng cóng	55405	in-ing,c-ch,h-f,j-q-x	1
云合雾集	yún hé wù jí	55406	h-f,j-q-x	1
云天雾地	yún tiān wù dì	55408	ian-iang	1
云屯席卷	yún tún xí juǎn	55409	uan-uang,j-q-x	1
云屯星聚	yún tún xīng jù	55410	in-ing,j-q-x	1
云屯森立	yún tún sēn lì	55411	en-eng,s-sh,n-l,r-l	1
云屯蚁聚	yún tún yǐ jù	55412	j-q-x	1
云屯雨集	yún tún yǔ jí	55413	j-q-x	1
云屯雾散	yún tún wù sàn	55414	an-ang,s-sh	1
云屯雾集	yún tún wù jí	55415	j-q-x	1
云屯飙散	yún tún biāo sàn	55416	an-ang,s-sh	3
云屯鸟散	yún tún niǎo sàn	55417	an-ang,s-sh,n-l	1
云布雨施	yún bù yǔ shī	55419	s-sh	1
云布雨润	yún bù yǔ rùn	55420	r-l	1
云开见天	yún kāi jiàn tiān	55421	ian-iang,ai-ei,j-q-x	1
云开见日	yún kāi jiàn rì	55422	ian-iang,ai-ei,r-l,j-q-x	1
云开雾散	yún kāi wù sàn	55423	an-ang,ai-ei,s-sh	1
云悲海思	yún bēi hǎi sī	55424	ai-ei,s-sh,h-f	1
云情雨意	yún qíng yǔ yì	55425	in-ing,j-q-x	1
云愁海思	yún chóu hǎi sī	55426	ai-ei,ao-ou,c-ch,s-sh,h-f	1
云愁雨怨	yún chóu yǔ yuàn	55427	uan-uang,ao-ou,c-ch	1
云扰幅裂	yún rǎo fú liè	55428	ao-ou,ia-ie,n-l,h-f,r-l	1
云收雨散	yún shōu yǔ sàn	55429	an-ang,ao-ou,s-sh	1
云散风流	yún sàn fēng liú	55430	en-eng,an-ang,s-sh,n-l,h-f,r-l	1
云朝雨暮	yún zhāo yǔ mù	55432	ao-ou,z-zh	1
云期雨信	yún qī yǔ xìn	55433	in-ing,j-q-x	1
云期雨约	yún qī yǔ yuē	55434	j-q-x	1
云树之思	yún shù zhī sī	55435	z-zh,s-sh	1
云泥之别	yún ní zhī bié	55437	ia-ie,z-zh,n-l	1
云泥之差	yún ní zhī chā	55438	z-zh,c-ch,n-l	1
云泥异路	yún ní yì lù	55439	n-l,r-l	1
云泥殊路	yún ní shū lù	55440	s-sh,n-l,r-l	1
云消雨散	yún xiāo yǔ sàn	55441	an-ang,s-sh,j-q-x	1
云涌风飞	yún yǒng fēng fēi	55443	en-eng,ai-ei,h-f	1
云涌飙发	yún yǒng biāo fā	55444	h-f	3
云淡风轻	yún dàn fēng qīng	55445	en-eng,in-ing,an-ang,h-f,j-q-x	1
云烟过眼	yún yān guò yǎn	55446	an-ang,ua-uo	1
云程万里	yún chéng wàn lǐ	55447	en-eng,an-ang,c-ch,n-l,r-l	1
云程发轫	yún chéng fā rèn	55448	en-eng,c-ch,h-f,r-l	3
云窗雾槛	yún chuāng wù jiàn	55449	ian-iang,uan-uang,c-ch,j-q-x	1
云翻雨覆	yún fān yǔ fù	55450	an-ang,h-f	1
云舒霞卷	yún shū xiá juǎn	55451	uan-uang,ia-ie,s-sh,j-q-x	1
云行雨施	yún xíng yǔ shī	55452	in-ing,s-sh,j-q-x	1
云行雨洽	yún xíng yǔ qià	55453	in-ing,ia-ie,j-q-x	1
云趋鹜赴	yún qū wù fù	55454	h-f,j-q-x	3
云过天空	yún guò tiān kōng	55455	ian-iang,ua-uo	1
云阶月地	yún jiē yuè dì	55456	ia-ie,j-q-x	1
云集响应	yún jí xiǎng yìng	55457	in-ing,ian-iang,j-q-x	1
云集景从	yún jí jǐng cóng	55458	in-ing,c-ch,j-q-x	1
云集景附	yún jí jǐng fù	55459	in-ing,h-f,j-q-x	1
云雨巫山	yún yǔ wū shān	55460	an-ang,s-sh	1
云雾迷蒙	yún wù mí méng	55461	en-eng	1
云飞泥沉	yún fēi ní chén	55462	en-eng,ai-ei,c-ch,n-l,h-f	1
云飞雨散	yún fēi yǔ sàn	55463	an-ang,ai-ei,s-sh,h-f	1
云龙风虎	yún lóng fēng hǔ	55464	en-eng,n-l,h-f,r-l	1
互为因果	hù wéi yīn guǒ	55465	in-ing,ai-ei,ua-uo,h-f	1
互为表里	hù wéi biǎo lǐ	55466	ai-ei,n-l,h-f,r-l	1
互剥痛疮	hù bō tòng chuāng	55467	uan-uang,c-ch,h-f	1
互相推诿	hù xiāng tuī wěi	55469	ian-iang,ai-ei,h-f,j-q-x	3
互相标榜	hù xiāng biāo bǎng	55470	an-ang,ian-iang,h-f,j-q-x	1
五世其昌	wǔ shì qí chāng	55471	an-ang,c-ch,s-sh,j-q-x	1
五亲六眷	wǔ qīn liù juàn	55472	in-ing,uan-uang,n-l,r-l,j-q-x	1
五体投诚	wǔ tǐ tóu chéng	55473	en-eng,ao-ou,c-ch	1
五侯七贵	wǔ hóu qī guì	55474	ao-ou,h-f,j-q-x	1
五侯蜡烛	wǔ hòu là zhú	55475	ao-ou,z-zh,n-l,h-f,r-l	1
五内俱崩	wǔ nèi jù bēng	55477	en-eng,ai-ei,n-l,j-q-x	1
五内如焚	wǔ nèi rú fén	55478	en-eng,ai-ei,n-l,h-f,r-l	1
五冬六夏	wǔ dōng liù xià	55479	ia-ie,n-l,r-l,j-q-x	1
五合六聚	wǔ hé liù jù	55485	n-l,h-f,r-l,j-q-x	1
五尺之僮	wǔ chǐ zhī tóng	55486	z-zh,c-ch	3
五尺之童	wǔ chǐ zhī tóng	55487	z-zh,c-ch	1
五尺竖子	wǔ chǐ shù zǐ	55488	z-zh,c-ch,s-sh	1
五尺童子	wǔ chǐ tóng zǐ	55489	z-zh,c-ch	1
五心六意	wǔ xīn liù yì	55490	in-ing,n-l,r-l,j-q-x	1
五抢六夺	wǔ qiǎng liù duó	55491	ian-iang,ua-uo,n-l,r-l,j-q-x	1
五斗折腰	wǔ dǒu zhé yāo	55492	ao-ou,z-zh	1
五毒俱全	wǔ dú jù quán	55493	uan-uang,j-q-x	1
五申三令	wǔ shēn sān lìng	55494	en-eng,in-ing,an-ang,s-sh,n-l,r-l	1
五男二女	wǔ nán èr nǚ	55495	an-ang,n-l	1
五石六鹢	wǔ shí liù yì	55496	s-sh,n-l,r-l	5
五积六受	wǔ jī liù shòu	55497	ao-ou,s-sh,n-l,r-l,j-q-x	1
五经扫地	wǔ jīng sǎo dì	55498	in-ing,ao-ou,s-sh,j-q-x	1
五羖大夫	wǔ gǔ dà fū	55500	h-f	5
五脊六兽	wǔ jǐ liù shòu	55501	ao-ou,s-sh,n-l,r-l,j-q-x	1
五色相宣	wǔ sè xiāng xuān	55502	ian-iang,uan-uang,s-sh,j-q-x	1
五蕴皆空	wǔ yùn jiē kōng	55504	ia-ie,j-q-x	1
五藏六府	wǔ zàng liù fǔ	55505	an-ang,z-zh,n-l,h-f,r-l	1
五虚六耗	wǔ xū liù hào	55506	ao-ou,n-l,h-f,r-l,j-q-x	1
五行俱下	wǔ xíng jù xià	55507	in-ing,ia-ie,j-q-x	1
五行并下	wǔ háng bìng xià	55508	in-ing,an-ang,ia-ie,h-f,j-q-x	1
五行生克	wǔ xíng shēng kè	55509	en-eng,in-ing,s-sh,j-q-x	1
五角六张	wǔ jiǎo liù zhāng	55510	an-ang,z-zh,n-l,r-l,j-q-x	1
五言绝句	wǔ yán jué jù	55511	an-ang,j-q-x	1
五言长城	wǔ yán cháng chéng	55512	en-eng,an-ang,c-ch	1
五谷不分	wǔ gǔ bù fēn	55513	en-eng,h-f	1
五谷不升	wǔ gǔ bù shēng	55514	en-eng,s-sh	1
五车腹笥	wǔ chē fù sì	55515	c-ch,s-sh,h-f	3
五里雾中	wǔ lǐ wù zhōng	55516	z-zh,n-l,r-l	1
五陵年少	wǔ líng nián shào	55518	in-ing,ian-iang,ao-ou,s-sh,n-l,r-l	1
五陵英少	wǔ líng yīng shǎo	55519	in-ing,ao-ou,s-sh,n-l,r-l	1
五雀六燕	wǔ què liù yàn	55520	an-ang,n-l,r-l,j-q-x	1
五零二落	wǔ líng èr luò	55521	in-ing,ua-uo,n-l,r-l	1
五零四散	wǔ líng sì sàn	55522	in-ing,an-ang,s-sh,n-l,r-l	1
五音六律	wǔ yīn liù lǜ	55523	in-ing,n-l,r-l	1
五风十雨	wǔ fēng shí yǔ	55524	en-eng,s-sh,h-f	1
五黄六月	wǔ huáng liù yuè	55525	uan-uang,n-l,h-f,r-l	1
五鼎万钟	wǔ dǐng wàn zhōng	55526	in-ing,an-ang,z-zh	1
井中求火	jǐng zhōng qiú huǒ	55527	in-ing,ua-uo,z-zh,h-f,j-q-x	1
井中视星	jǐng zhōng shì xīng	55528	in-ing,z-zh,s-sh,j-q-x	1
井井有序	jǐng jǐng yǒu xù	55529	in-ing,ao-ou,j-q-x	1
井井有方	jǐng jǐng yǒu fāng	55530	in-ing,an-ang,ao-ou,h-f,j-q-x	1
井井有法	jǐng jǐng yǒu fǎ	55531	in-ing,ao-ou,h-f,j-q-x	1
井井有绪	jǐng jǐng yǒu xù	55532	in-ing,ao-ou,j-q-x	1
井底虾蟆	jǐng dǐ xiā má	55534	in-ing,ia-ie,j-q-x	1
井底蛤蟆	jǐng dǐ há má	55535	in-ing,h-f,j-q-x	1
井底鸣蛙	jǐng dǐ míng wā	55536	in-ing,j-q-x	1
井渫不食	jǐng xiè bù shí	55537	in-ing,ia-ie,s-sh,j-q-x	3
井渫莫食	jǐng xiè mò shí	55538	in-ing,ia-ie,s-sh,j-q-x	3
井然有条	jǐng rán yǒu tiáo	55539	in-ing,an-ang,ao-ou,r-l,j-q-x	1
井管拘墟	jǐng guǎn jū xū	55540	in-ing,uan-uang,j-q-x	1
井臼亲操	jǐng jiù qīn cāo	55541	in-ing,ao-ou,c-ch,j-q-x	1
井蛙之见	jǐng wā zhī jiàn	55542	in-ing,ian-iang,z-zh,j-q-x	1
亘古不灭	gèn gǔ bù miè	55543	en-eng,ia-ie	3
亘古奇闻	gèn gǔ qí wén	55544	en-eng,j-q-x	3
亘古未有	gèn gǔ wèi yǒu	55545	en-eng,ai-ei,ao-ou	3
亚肩叠背	yà jiān dié bèi	55546	ian-iang,ai-ei,ia-ie,j-q-x	1
亚肩迭背	yà jiān dié bèi	55547	ian-iang,ai-ei,ia-ie,j-q-x	1
亚马孙河	yà mǎ sūn hé	55548	s-sh,h-f	1
亟疾苛察	jí jí kē chá	55550	c-ch,j-q-x	3
亡不待夕	wáng bù dài xī	55551	an-ang,ai-ei,j-q-x	1
亡不旋跬	wáng bù xuán kuǐ	55552	an-ang,uan-uang,j-q-x	3
亡不旋踵	wáng bù xuán zhǒng	55553	an-ang,uan-uang,z-zh,j-q-x	3
亡可奈何	wáng kě nài hé	55556	an-ang,ai-ei,n-l,h-f	1
亡国之器	wáng guó zhī qì	55557	an-ang,ua-uo,z-zh,j-q-x	1
亡国之声	wáng guó zhī shēng	55558	en-eng,an-ang,ua-uo,z-zh,s-sh	1
亡国之社	wáng guó zhī shè	55559	an-ang,ua-uo,z-zh,s-sh	1
亡国之音	wáng guó zhī yīn	55560	in-ing,an-ang,ua-uo,z-zh	1
亡国大夫	wáng guó dà fū	55561	an-ang,ua-uo,h-f	1
亡国灭种	wáng guó miè zhǒng	55562	an-ang,ia-ie,ua-uo,z-zh	1
亡国破家	wáng guó pò jiā	55563	an-ang,ia-ie,ua-uo,j-q-x	1
亡戟得矛	wáng jǐ dé máo	55564	an-ang,ao-ou,j-q-x	3
亡猿灾木	wáng yuán zāi mù	55565	an-ang,uan-uang,ai-ei,z-zh	1
亡猿祸木	wáng yuán huò mù	55566	an-ang,uan-uang,ua-uo,h-f	1
亡矢遗镞	wáng shǐ yí zú	55567	an-ang,z-zh,s-sh	3
亡秦三户	wáng qín sān hù	55568	in-ing,an-ang,s-sh,h-f,j-q-x	1
亡羊之叹	wáng yáng zhī tàn	55569	an-ang,z-zh	1
亡羊得牛	wáng yáng dé niú	55570	an-ang,n-l	1
亡魂丧胆	wáng hún sàng dǎn	55571	an-ang,s-sh,h-f	1
亡魂丧魄	wáng hún sàng pò	55572	an-ang,s-sh,h-f	1
亡魂失魄	wáng hún shī pò	55573	an-ang,s-sh,h-f	1
亢龙有悔	kàng lóng yǒu huǐ	55574	an-ang,ao-ou,n-l,h-f,r-l	1
交口同声	jiāo kǒu tóng shēng	55576	en-eng,ao-ou,s-sh,j-q-x	1
交口称誉	jiāo kǒu chēng yù	55577	en-eng,ao-ou,c-ch,j-q-x	1
交口称赞	jiāo kǒu chēng zàn	55578	en-eng,an-ang,ao-ou,z-zh,c-ch,j-q-x	1
交头互耳	jiāo tóu hù ěr	55579	ao-ou,h-f,j-q-x	1
交浅言深	jiāo qiǎn yán shēn	55583	en-eng,an-ang,ian-iang,s-sh,j-q-x	1
交淡若水	jiāo dàn ruò shuǐ	55584	an-ang,ua-uo,s-sh,r-l,j-q-x	1
交能易作	jiāo néng yì zuò	55587	en-eng,ua-uo,z-zh,n-l,j-q-x	1
交臂历指	jiāo bì lì zhǐ	55588	z-zh,n-l,r-l,j-q-x	1
交臂失之	jiāo bì shī zhī	55589	z-zh,s-sh,j-q-x	1
交臂相失	jiāo bì xiāng shī	55590	ian-iang,s-sh,j-q-x	1
交通梗塞	jiāo tōng gěng sè	55594	en-eng,s-sh,j-q-x	1
交颈并头	jiāo jǐng bìng tóu	55595	in-ing,ao-ou,j-q-x	1
亥豕相望	hài shǐ xiāng wàng	55596	an-ang,ian-iang,ai-ei,s-sh,h-f,j-q-x	3
亦趋亦步	yì qū yì bù	55597	j-q-x	1
产业结构	chǎn yè jié gòu	55598	an-ang,ao-ou,ia-ie,c-ch,j-q-x	1
产品质量	chǎn pǐn zhì liàng	55599	in-ing,an-ang,ian-iang,z-zh,c-ch,n-l,r-l	1
亨嘉之会	hēng jiā zhī huì	55601	en-eng,ia-ie,z-zh,h-f,j-q-x	3
享乐主义	xiǎng lè zhǔ yì	55602	ian-iang,z-zh,n-l,r-l,j-q-x	1
京广铁路	jīng guǎng tiě lù	55603	in-ing,uan-uang,ia-ie,n-l,r-l,j-q-x	1
亲上做亲	qīn shàng zuò qīn	55607	in-ing,an-ang,ua-uo,z-zh,s-sh,j-q-x	1
亲上成亲	qīn shàng chéng qīn	55608	en-eng,in-ing,an-ang,c-ch,s-sh,j-q-x	1
亲临其境	qīn lín qí jìng	55609	in-ing,n-l,r-l,j-q-x	1
亲仁善邻	qīn rén shàn lín	55612	en-eng,in-ing,an-ang,s-sh,n-l,r-l,j-q-x	1
亲冒矢石	qīn mào shǐ shí	55615	in-ing,ao-ou,s-sh,j-q-x	1
亲如手足	qīn rú shǒu zú	55616	in-ing,ao-ou,z-zh,s-sh,r-l,j-q-x	1
亲如骨肉	qīn rú gǔ ròu	55617	in-ing,ao-ou,r-l,j-q-x	1
亲当矢石	qīn dāng shǐ shí	55618	in-ing,an-ang,s-sh,j-q-x	1
亲操井臼	qīn cāo jǐng jiù	55620	in-ing,ao-ou,c-ch,j-q-x	1
亲疏贵贱	qīn shū guì jiàn	55621	in-ing,ian-iang,s-sh,j-q-x	1
亲痛仇快	qīn tòng chóu kuài	55622	in-ing,ao-ou,c-ch,j-q-x	1
亲离众叛	qīn lí zhòng pàn	55625	in-ing,an-ang,z-zh,n-l,r-l,j-q-x	1
亲贤远佞	qīn xián yuǎn nìng	55626	in-ing,ian-iang,uan-uang,n-l,j-q-x	3
亹亹不倦	wěi wěi bù juàn	55628	uan-uang,ai-ei,j-q-x	5
人不聊生	rén bù liáo shēng	55629	en-eng,s-sh,n-l,r-l	1
人不自安	rén bù zì ān	55630	en-eng,an-ang,z-zh,r-l	1
人中之龙	rén zhōng zhī lóng	55631	en-eng,z-zh,n-l,r-l	1
人中狮子	rén zhōng shī zǐ	55632	en-eng,z-zh,s-sh,r-l	1
人中骐骥	rén zhōng qí jì	55633	en-eng,z-zh,r-l,j-q-x	3
人中龙虎	rén zhōng lóng hǔ	55634	en-eng,z-zh,n-l,h-f,r-l	1
人为刀俎	rén wéi dāo zǔ	55635	en-eng,ai-ei,ao-ou,z-zh,r-l	3
人事不省	rén shì bù xǐng	55636	en-eng,in-ing,s-sh,r-l,j-q-x	1
人事不知	rén shì bù zhī	55637	en-eng,z-zh,s-sh,r-l	1
人事不醒	rén shì bù xǐng	55638	en-eng,in-ing,s-sh,r-l,j-q-x	1
人亡家破	rén wáng jiā pò	55639	en-eng,an-ang,ia-ie,r-l,j-q-x	1
人亡政息	rén wáng zhèng xī	55640	en-eng,an-ang,z-zh,r-l,j-q-x	1
人亡物在	rén wáng wù zài	55641	en-eng,an-ang,ai-ei,z-zh,r-l	1
人亡邦瘁	rén wáng bāng cuì	55642	en-eng,an-ang,c-ch,r-l	3
人人皆知	rén rén jiē zhī	55643	en-eng,ia-ie,z-zh,r-l,j-q-x	1
人以群分	rén yǐ qún fēn	55644	en-eng,h-f,r-l,j-q-x	1
人千人万	rén qiān rén wàn	55645	en-eng,an-ang,ian-iang,r-l,j-q-x	1
人单势孤	rén dān shì gū	55646	en-eng,an-ang,s-sh,r-l	1
人去楼空	rén qù lóu kōng	55647	en-eng,ao-ou,n-l,r-l,j-q-x	1
人取我与	rén qǔ wǒ yǔ	55649	en-eng,r-l,j-q-x	1
人口密度	rén kǒu mì dù	55650	en-eng,ao-ou,r-l	1
人口总数	rén kǒu zǒng shù	55651	en-eng,ao-ou,z-zh,s-sh,r-l	1
人命危浅	rén mìng wēi qiǎn	55652	en-eng,in-ing,ian-iang,ai-ei,r-l,j-q-x	1
人多阙少	rén duō què shǎo	55653	en-eng,ao-ou,ua-uo,s-sh,r-l,j-q-x	3
人头畜鸣	rén tóu chù míng	55655	en-eng,in-ing,ao-ou,c-ch,r-l	1
人小鬼大	rén xiǎo guǐ dà	55656	en-eng,r-l,j-q-x	1
人工合成	rén gōng hé chéng	55657	en-eng,c-ch,h-f,r-l	1
人强胜天	rén qiáng shèng tiān	55658	en-eng,ian-iang,s-sh,r-l,j-q-x	1
人强马壮	rén qiáng mǎ zhuàng	55659	en-eng,ian-iang,uan-uang,z-zh,r-l,j-q-x	1
人心丧尽	rén xīn sàng jìn	55660	en-eng,in-ing,an-ang,s-sh,r-l,j-q-x	1
人心大快	rén xīn dà kuài	55661	en-eng,in-ing,r-l,j-q-x	1
人心涣散	rén xīn huàn sàn	55662	en-eng,in-ing,an-ang,uan-uang,s-sh,h-f,r-l,j-q-x	1
人心莫测	rén xīn mò cè	55663	en-eng,in-ing,c-ch,r-l,j-q-x	1
人心难测	rén xīn nán cè	55664	en-eng,in-ing,an-ang,c-ch,n-l,r-l,j-q-x	1
人急偎亲	rén jí wēi qīn	55665	en-eng,in-ing,ai-ei,r-l,j-q-x	1
人才难得	rén cái nán dé	55667	en-eng,an-ang,ai-ei,c-ch,n-l,r-l	1
人数众多	rén shù zhòng duō	55668	en-eng,ua-uo,z-zh,s-sh,r-l	1
人欲横流	rén yù héng liú	55669	en-eng,n-l,h-f,r-l	1
人民教师	rén mín jiào shī	55670	en-eng,in-ing,s-sh,r-l,j-q-x	1
人浮于食	rén fú yú shí	55671	en-eng,s-sh,h-f,r-l	1
人涉卬否	rén shè áng fǒu	55672	en-eng,an-ang,ao-ou,s-sh,h-f,r-l	5
人物肖像	rén wù xiào xiàng	55673	en-eng,ian-iang,r-l,j-q-x	1
人琴两亡	rén qín liǎng wáng	55674	en-eng,in-ing,an-ang,ian-iang,n-l,r-l,j-q-x	1
人琴俱亡	rén qín jù wáng	55675	en-eng,in-ing,an-ang,r-l,j-q-x	1
人生朝露	rén shēng cháo lù	55676	en-eng,ao-ou,c-ch,s-sh,n-l,r-l	1
人生若寄	rén shēng ruò jì	55677	en-eng,ua-uo,s-sh,r-l,j-q-x	1
人百其身	rén bǎi qí shēn	55678	en-eng,ai-ei,s-sh,r-l,j-q-x	1
人神共嫉	rén shén gòng jí	55679	en-eng,s-sh,r-l,j-q-x	1
人神共愤	rén shén gòng fèn	55680	en-eng,s-sh,h-f,r-l	1
人神同嫉	rén shén tóng jí	55681	en-eng,s-sh,r-l,j-q-x	1
人约黄昏	rén yuē huáng hūn	55682	en-eng,uan-uang,h-f,r-l	1
人给家足	rén jǐ jiā zú	55683	en-eng,ia-ie,z-zh,r-l,j-q-x	1
人自为战	rén zì wéi zhàn	55684	en-eng,an-ang,ai-ei,z-zh,r-l	1
人自为政	rén zì wéi zhèng	55685	en-eng,ai-ei,z-zh,r-l	1
人莫予毒	rén mò yú dú	55686	en-eng,r-l	1
人言藉藉	rén yán jí jí	55687	en-eng,an-ang,r-l,j-q-x	1
人语马嘶	rén yǔ mǎ sī	55688	en-eng,s-sh,r-l	1
人财两空	rén cái liǎng kōng	55689	en-eng,ian-iang,ai-ei,c-ch,n-l,r-l	1
人足家给	rén zú jiā jǐ	55690	en-eng,ia-ie,z-zh,r-l,j-q-x	1
人造行星	rén zào xíng xīng	55692	en-eng,in-ing,ao-ou,z-zh,r-l,j-q-x	1
人间地狱	rén jiān dì yù	55693	en-eng,ian-iang,r-l,j-q-x	1
人间天上	rén jiān tiān shàng	55694	en-eng,an-ang,ian-iang,s-sh,r-l,j-q-x	1
人间天堂	rén jiān tiān táng	55695	en-eng,an-ang,ian-iang,r-l,j-q-x	1
人际关系	rén jì guān xì	55696	en-eng,uan-uang,r-l,j-q-x	1
人非木石	rén fēi mù shí	55697	en-eng,ai-ei,s-sh,h-f,r-l	1
亿辛万苦	yì xīn wàn kǔ	55698	in-ing,an-ang,j-q-x	1
什么时候	shén me shí hòu	55700	en-eng,ao-ou,s-sh,h-f	1
什伍东西	shí wǔ dōng xī	55702	s-sh,j-q-x	1
什围伍攻	shí wéi wǔ gōng	55703	ai-ei,s-sh	1
什袭以藏	shí xí yǐ cáng	55704	an-ang,c-ch,s-sh,j-q-x	1
什袭珍藏	shí xí zhēn cáng	55705	en-eng,an-ang,z-zh,c-ch,s-sh,j-q-x	1
什袭而藏	shí xí ér cáng	55706	an-ang,c-ch,s-sh,j-q-x	1
仁同一视	rén tóng yī shì	55708	en-eng,s-sh,r-l	1
仁心仁术	rén xīn rén shù	55710	en-eng,in-ing,s-sh,r-l,j-q-x	1
仁浆义粟	rén jiāng yì sù	55712	en-eng,ian-iang,s-sh,r-l,j-q-x	1
仁者能仁	rén zhě néng rén	55713	en-eng,z-zh,n-l,r-l	1
仅以身免	jǐn yǐ shēn miǎn	55714	en-eng,in-ing,ian-iang,s-sh,j-q-x	1
仅容旋马	jǐn róng xuán mǎ	55715	in-ing,uan-uang,r-l,j-q-x	1
仅此而已	jǐn cǐ ér yǐ	55717	in-ing,c-ch,j-q-x	1
仆仆亟拜	pú pú jí bài	55718	ai-ei,j-q-x	3
仆仆道途	pú pú dào tú	55719	ao-ou	1
仆仆风尘	pú pú fēng chén	55720	en-eng,c-ch,h-f	1
今不如昔	jīn bù rú xī	55723	in-ing,r-l,j-q-x	1
今夕何夕	jīn xī hé xī	55725	in-ing,h-f,j-q-x	1
今蝉蜕壳	jīn chán tuì ké	55727	in-ing,an-ang,c-ch,j-q-x	1
今雨新知	jīn yǔ xīn zhī	55728	in-ing,z-zh,j-q-x	1
从中作梗	cóng zhōng zuò gěng	55729	en-eng,ua-uo,z-zh,c-ch	1
从中渔利	cóng zhōng yú lì	55730	z-zh,c-ch,n-l,r-l	1
从井救人	cóng jǐng jiù rén	55731	en-eng,in-ing,c-ch,r-l,j-q-x	1
从从容容	cóng cóng róng róng	55733	c-ch,r-l	1
从令如流	cóng lìng rú liú	55734	in-ing,c-ch,n-l,r-l	1
从俗就简	cóng sú jiù jiǎn	55735	ian-iang,c-ch,s-sh,j-q-x	1
从俗浮沉	cóng sú fú chén	55736	en-eng,c-ch,s-sh,h-f	1
从善如登	cóng shàn rú dēng	55742	en-eng,an-ang,c-ch,s-sh,r-l	1
从善若流	cóng shàn ruò liú	55743	an-ang,ua-uo,c-ch,s-sh,n-l,r-l	1
从壁上观	cóng bì shàng guān	55744	an-ang,uan-uang,c-ch,s-sh	1
从天而下	cóng tiān ér xià	55745	ian-iang,ia-ie,c-ch,j-q-x	1
从头到尾	cóng tóu dào wěi	55746	ai-ei,ao-ou,c-ch	1
从头彻尾	cóng tóu chè wěi	55747	ai-ei,ao-ou,c-ch	1
从头至尾	cóng tóu zhì wěi	55748	ai-ei,ao-ou,z-zh,c-ch	1
从容就义	cóng róng jiù yì	55749	c-ch,r-l,j-q-x	1
从容应对	cóng róng yìng duì	55750	in-ing,c-ch,r-l	1
从容自在	cóng róng zì zài	55751	ai-ei,z-zh,c-ch,r-l	1
从容自如	cóng róng zì rú	55752	z-zh,c-ch,r-l	1
从容自若	cóng róng zì ruò	55753	ua-uo,z-zh,c-ch,r-l	1
从宽发落	cóng kuān fā luò	55754	uan-uang,ua-uo,c-ch,n-l,h-f,r-l	1
从心所欲	cóng xīn suǒ yù	55755	in-ing,ua-uo,c-ch,s-sh,j-q-x	1
从恶如崩	cóng è rú bēng	55756	en-eng,c-ch,r-l	1
从恶是崩	cóng è shì bēng	55757	en-eng,c-ch,s-sh	1
从恶若崩	cóng è ruò bēng	55758	en-eng,ua-uo,c-ch,r-l	1
从流忘反	cóng liú wàng fǎn	55761	an-ang,c-ch,n-l,h-f,r-l	1
从谏如流	cóng jiàn rú liú	55762	ian-iang,c-ch,n-l,r-l,j-q-x	3
从轻发落	cóng qīng fā luò	55763	in-ing,ua-uo,c-ch,n-l,h-f,r-l,j-q-x	1
从长商议	cóng cháng shāng yì	55764	an-ang,c-ch,s-sh	1
从长计较	cóng cháng jì jiào	55765	an-ang,c-ch,j-q-x	1
从风而服	cóng fēng ér fú	55766	en-eng,c-ch,h-f	1
从风而靡	cóng fēng ér mí	55767	en-eng,c-ch,h-f	1
仓卒主人	cāng cù zhǔ rén	55769	en-eng,an-ang,z-zh,c-ch,r-l	1
仓卒之际	cāng cù zhī jì	55770	an-ang,z-zh,c-ch,j-q-x	1
他乡异县	tā xiāng yì xiàn	55776	ian-iang,j-q-x	1
他乡故知	tā xiāng gù zhī	55777	ian-iang,z-zh,j-q-x	1
他们自己	tā men zì jǐ	55780	en-eng,z-zh,j-q-x	1
他山之石	tā shān zhī shí	55783	an-ang,z-zh,s-sh	1
仗节死义	zhàng jié sǐ yì	55784	an-ang,ia-ie,z-zh,s-sh,j-q-x	1
付之丙丁	fù zhī bǐng dīng	55785	in-ing,z-zh,h-f	1
付之度外	fù zhī dù wài	55786	ai-ei,z-zh,h-f	1
仙姿佚貌	xiān zī yì mào	55789	ian-iang,ao-ou,z-zh,j-q-x	3
仙液琼浆	xiān yè qióng jiāng	55791	ian-iang,j-q-x	1
仙露明珠	xiān lù míng zhū	55792	in-ing,ian-iang,z-zh,n-l,r-l,j-q-x	1
仙风道格	xiān fēng dào gé	55793	en-eng,ian-iang,ao-ou,h-f,j-q-x	1
仙风道气	xiān fēng dào qì	55794	en-eng,ian-iang,ao-ou,h-f,j-q-x	1
代为说项	dài wéi shuō xiàng	55795	ian-iang,ai-ei,ua-uo,s-sh,j-q-x	1
代人受过	dài rén shòu guò	55796	en-eng,ai-ei,ao-ou,ua-uo,s-sh,r-l	1
代人说项	dài rén shuō xiàng	55797	en-eng,ian-iang,ai-ei,ua-uo,s-sh,r-l,j-q-x	1
代数方程	dài shù fāng chéng	55802	en-eng,an-ang,ai-ei,c-ch,s-sh,h-f	1
代马依风	dài mǎ yī fēng	55803	en-eng,ai-ei,h-f	1
代马望北	dài mǎ wàng běi	55804	an-ang,ai-ei	1
令不虚行	lìng bù xū xíng	55805	in-ing,n-l,r-l,j-q-x	1
令人切齿	lìng rén qiè chǐ	55808	en-eng,in-ing,ia-ie,c-ch,n-l,r-l,j-q-x	1
令人喷饭	lìng rén pēn fàn	55809	en-eng,in-ing,an-ang,n-l,h-f,r-l	1
令人注目	lìng rén zhù mù	55810	en-eng,in-ing,z-zh,n-l,r-l	1
令人瞩目	lìng rén zhǔ mù	55811	en-eng,in-ing,z-zh,n-l,r-l	1
令人莫测	lìng rén mò cè	55812	en-eng,in-ing,c-ch,n-l,r-l	1
令人起敬	lìng rén qǐ jìng	55813	en-eng,in-ing,n-l,r-l,j-q-x	1
令人齿冷	lìng rén chǐ lěng	55814	en-eng,in-ing,c-ch,n-l,r-l	1
令原之戚	líng yuán zhī qī	55816	in-ing,uan-uang,z-zh,n-l,r-l,j-q-x	1
令箭荷花	lìng jiàn hé huā	55821	in-ing,ian-iang,ua-uo,n-l,h-f,r-l,j-q-x	1
令行如流	lìng xíng rú liú	55823	in-ing,n-l,r-l,j-q-x	1
以一持万	yǐ yī chí wàn	55825	an-ang,c-ch	1
以一知万	yǐ yī zhī wàn	55826	an-ang,z-zh	1
以不济可	yǐ fǒu jì kě	55827	ao-ou,h-f,j-q-x	1
以为后图	yǐ wéi hòu tú	55828	ai-ei,ao-ou,h-f	1
以书为御	yǐ shū wéi yù	55829	ai-ei,s-sh	1
以人为鉴	yǐ rén wéi jiàn	55830	en-eng,ian-iang,ai-ei,r-l,j-q-x	1
以人为镜	yǐ rén wéi jìng	55831	en-eng,in-ing,ai-ei,r-l,j-q-x	1
以人择官	yǐ rén zé guān	55832	en-eng,uan-uang,z-zh,r-l	1
以众暴寡	yǐ zhòng bào guǎ	55833	ao-ou,ua-uo,z-zh	1
以佚待劳	yǐ yì dài láo	55834	ai-ei,ao-ou,n-l,r-l	3
以冠补履	yǐ guān bǔ lǚ	55835	uan-uang,n-l,r-l	1
以利累形	yǐ lì lěi xíng	55836	in-ing,ai-ei,n-l,r-l,j-q-x	1
以力服人	yǐ lì fú rén	55837	en-eng,n-l,h-f,r-l	1
以功补过	yǐ gōng bǔ guò	55838	ua-uo	1
以升量石	yǐ shēng liáng dàn	55839	en-eng,an-ang,ian-iang,s-sh,n-l,r-l	1
以卵投石	yǐ luǎn tóu shí	55840	uan-uang,ao-ou,s-sh,n-l,r-l	1
以卵敌石	yǐ luǎn dí shí	55841	uan-uang,s-sh,n-l,r-l	1
以古为鉴	yǐ gǔ wéi jiàn	55842	ian-iang,ai-ei,j-q-x	1
以古为镜	yǐ gǔ wéi jìng	55843	in-ing,ai-ei,j-q-x	1
以售其奸	yǐ shòu qí jiān	55844	ian-iang,ao-ou,s-sh,j-q-x	1
以夜继朝	yǐ yè jì zhāo	55845	ao-ou,z-zh,j-q-x	1
以大恶细	yǐ dà wù xì	55846	j-q-x	1
以守为攻	yǐ shǒu wéi gōng	55847	ai-ei,ao-ou,s-sh	1
以宫笑角	yǐ gōng xiào jué	55848	j-q-x	1
以己度人	yǐ jǐ duó rén	55849	en-eng,ua-uo,r-l,j-q-x	1
以弱制强	yǐ ruò zhì qiáng	55850	ian-iang,ua-uo,z-zh,r-l,j-q-x	1
以强胜弱	yǐ qiáng shèng ruò	55851	en-eng,ian-iang,ua-uo,s-sh,r-l,j-q-x	1
以微知着	yǐ wēi zhī zhuó	55852	ai-ei,ua-uo,z-zh	1
以微知著	yǐ wēi zhī zhù	55853	ai-ei,z-zh	1
以德服人	yǐ dé fú rén	55854	en-eng,h-f,r-l	1
以德追祸	yǐ dé zhuī huò	55855	ua-uo,z-zh,h-f	1
以心传心	yǐ xīn chuán xīn	55856	in-ing,uan-uang,c-ch,j-q-x	1
以忍为阍	yǐ rěn wéi hūn	55857	en-eng,ai-ei,h-f,r-l	3
以恶报恶	yǐ è bào è	55858	ao-ou	1
以意为之	yǐ yì wéi zhī	55859	ai-ei,z-zh	1
以慎为键	yǐ shèn wéi jiàn	55860	en-eng,ian-iang,ai-ei,s-sh,j-q-x	1
以文会友	yǐ wén huì yǒu	55861	en-eng,ao-ou,h-f	1
以日为年	yǐ rì wéi nián	55862	ian-iang,ai-ei,n-l,r-l	1
以毁为罚	yǐ huǐ wéi fá	55863	ai-ei,h-f	1
以毛相马	yǐ máo xiàng mǎ	55864	ian-iang,ao-ou,j-q-x	1
以水投石	yǐ shuǐ tóu shí	55865	ao-ou,s-sh	1
以水洗血	yǐ shuǐ xǐ xuè	55866	s-sh,j-q-x	1
以水济水	yǐ shuǐ jǐ shuǐ	55867	s-sh,j-q-x	1
以汤止沸	yǐ tāng zhǐ fèi	55868	an-ang,ai-ei,z-zh,h-f	1
以汤沃沸	yǐ tāng wò fèi	55869	an-ang,ai-ei,h-f	1
以汤沃雪	yǐ tāng wò xuě	55870	an-ang,j-q-x	1
以沫相濡	yǐ mò xiāng rú	55871	ian-iang,r-l,j-q-x	3
以法为教	yǐ fǎ wéi jiào	55872	ai-ei,h-f,j-q-x	1
以泽量尸	yǐ zé liáng shī	55873	ian-iang,z-zh,s-sh,n-l,r-l	1
以渴服马	yǐ kě fú mǎ	55874	h-f	1
以火去蛾	yǐ huǒ qù é	55875	ua-uo,h-f,j-q-x	1
以牙还牙	yǐ yá huán yá	55876	uan-uang,h-f	1
以珠弹雀	yǐ zhū tán què	55877	an-ang,z-zh,j-q-x	1
以疏间亲	yǐ shū jiàn qīn	55878	in-ing,ian-iang,s-sh,j-q-x	1
以疑决疑	yǐ yí jué yí	55879	j-q-x	1
以白为黑	yǐ bái wéi hēi	55880	ai-ei,h-f	1
以眼还眼	yǐ yǎn huán yǎn	55881	an-ang,uan-uang,h-f	1
以石投卵	yǐ shí tóu luǎn	55882	uan-uang,ao-ou,s-sh,n-l,r-l	1
以石投水	yǐ shí tóu shuǐ	55883	ao-ou,s-sh	1
以筌为鱼	yǐ quán wéi yú	55884	uan-uang,ai-ei,j-q-x	3
以简御繁	yǐ jiǎn yù fán	55885	an-ang,ian-iang,h-f,j-q-x	1
以简驭繁	yǐ jiǎn yù fán	55886	an-ang,ian-iang,h-f,j-q-x	3
以类相从	yǐ lèi xiāng cóng	55887	ian-iang,ai-ei,c-ch,n-l,r-l,j-q-x	1
以紫为朱	yǐ zǐ wéi zhū	55888	ai-ei,z-zh	1
以紫乱朱	yǐ zǐ luàn zhū	55889	uan-uang,z-zh,n-l,r-l	1
以羊易牛	yǐ yáng yì niú	55890	an-ang,n-l	1
以耳为目	yǐ ěr wéi mù	55891	ai-ei	1
以茶当酒	yǐ chá dàng jiǔ	55892	an-ang,c-ch,j-q-x	1
以螳当车	yǐ táng dāng chē	55893	an-ang,c-ch	3
以蠡测海	yǐ lí cè hǎi	55894	ai-ei,c-ch,n-l,h-f,r-l	3
以血洗血	yǐ xuè xǐ xuè	55895	j-q-x	1
以规为瑱	yǐ guī wéi tiàn	55896	ian-iang,ai-ei	5
以言为讳	yǐ yán wéi huì	55897	an-ang,ai-ei,h-f	1
以誉为赏	yǐ yù wéi shǎng	55898	an-ang,ai-ei,s-sh	1
以誉进能	yǐ yù jìn néng	55899	en-eng,in-ing,n-l,j-q-x	1
以郄视文	yǐ xì shì wén	55901	en-eng,s-sh,j-q-x	3
以酒解酲	yǐ jiǔ jiě chéng	55902	en-eng,ia-ie,c-ch,j-q-x	5
以铢称镒	yǐ zhū chēng yì	55903	en-eng,z-zh,c-ch	3
以锥刺地	yǐ zhuī cì dì	55904	z-zh,c-ch	1
以镒称铢	yǐ yì chēng zhū	55905	en-eng,z-zh,c-ch	3
以骨去蚁	yǐ gǔ qù yǐ	55906	j-q-x	1
以鹿为马	yǐ lù wéi mǎ	55907	ai-ei,n-l,r-l	1
以黑为白	yǐ hēi wéi bái	55908	ai-ei,h-f	1
仪态万千	yí tài wàn qiān	55909	an-ang,ian-iang,ai-ei,j-q-x	1
仪静体闲	yí jìng tǐ xián	55911	in-ing,ian-iang,j-q-x	1
仰不愧天	yǎng bù kuì tiān	55912	an-ang,ian-iang	1
仰之弥高	yǎng zhī mí gāo	55913	an-ang,ao-ou,z-zh	1
仰事俯畜	yǎng shì fǔ xù	55914	an-ang,s-sh,h-f,j-q-x	1
仰事俯育	yǎng shì fǔ yù	55915	an-ang,s-sh,h-f	1
仰人眉睫	yǎng rén méi jié	55916	en-eng,an-ang,ai-ei,ia-ie,r-l,j-q-x	1
仰取俯拾	yǎng qǔ fǔ shí	55917	an-ang,s-sh,h-f,j-q-x	1
仰屋着书	yǎng wū zhuó shū	55918	an-ang,ua-uo,z-zh,s-sh	1
仰屋窃叹	yǎng wū qiè tàn	55919	an-ang,ia-ie,j-q-x	1
仰屋著书	yǎng wū zhù shū	55920	an-ang,z-zh,s-sh	1
仰拾俯取	yǎng shí fǔ qǔ	55921	an-ang,s-sh,h-f,j-q-x	1
仰观俯察	yǎng guān fǔ chá	55922	an-ang,uan-uang,c-ch,h-f	1
仰面唾天	yǎng miàn tuò tiān	55924	an-ang,ian-iang,ua-uo	1
仰面朝天	yǎng miàn cháo tiān	55925	an-ang,ian-iang,ao-ou,c-ch	1
仰韶文化	yǎng sháo wén huà	55926	en-eng,an-ang,ao-ou,ua-uo,s-sh,h-f	3
仰首伸眉	yǎng shǒu shēn méi	55927	en-eng,an-ang,ai-ei,ao-ou,s-sh	1
价增一顾	jià zēng yī gù	55933	en-eng,ia-ie,z-zh,j-q-x	1
价等连城	jià děng lián chéng	55934	en-eng,ian-iang,ia-ie,c-ch,n-l,r-l,j-q-x	1
任其自流	rèn qí zì liú	55936	en-eng,z-zh,n-l,r-l,j-q-x	1
任怨任劳	rèn yuàn rèn láo	55939	en-eng,uan-uang,ao-ou,n-l,r-l	1
任贤使能	rèn xián shǐ néng	55943	en-eng,ian-iang,s-sh,n-l,r-l,j-q-x	1
任达不拘	rèn dá bù jū	55944	en-eng,r-l,j-q-x	1
任重才轻	rèn zhòng cái qīng	55945	en-eng,in-ing,ai-ei,z-zh,c-ch,r-l,j-q-x	1
任重至远	rèn zhòng zhì yuǎn	55946	en-eng,uan-uang,z-zh,r-l	1
任重致远	rèn zhòng zhì yuǎn	55947	en-eng,uan-uang,z-zh,r-l	1
任重道悠	rèn zhòng dào yōu	55948	en-eng,ao-ou,z-zh,r-l	1
仿徨失措	páng huáng shī cuò	55952	an-ang,uan-uang,ua-uo,c-ch,s-sh,h-f	3
企足而待	qǐ zú ér dài	55954	ai-ei,z-zh,j-q-x	1
企踵可待	qǐ zhǒng kě dài	55955	ai-ei,z-zh,j-q-x	3
伊于胡底	yī yú hú dǐ	55956	h-f	1
伊何底止	yī hé dǐ zhǐ	55957	z-zh,h-f	1
伏地圣人	fú dì shèng rén	55960	en-eng,s-sh,h-f,r-l	1
伏虎降龙	fú hǔ xiáng lóng	55963	ian-iang,n-l,h-f,r-l,j-q-x	1
伐冰之家	fá bīng zhī jiā	55964	in-ing,ia-ie,z-zh,h-f,j-q-x	1
伐功矜能	fá gōng jīn néng	55965	en-eng,in-ing,n-l,h-f,j-q-x	3
伐异党同	fá yì dǎng tóng	55966	an-ang,h-f	1
伐毛洗髓	fá máo xǐ suǐ	55967	ao-ou,s-sh,h-f,j-q-x	1
休休有容	xiū xiū yǒu róng	55969	ao-ou,r-l,j-q-x	1
休兵罢战	xiū bīng bà zhàn	55971	in-ing,an-ang,z-zh,j-q-x	1
休声美誉	xiū shēng měi yù	55972	en-eng,ai-ei,s-sh,j-q-x	1
休明盛世	xiū míng shèng shì	55975	en-eng,in-ing,s-sh,j-q-x	1
休牛归马	xiū niú guī mǎ	55976	n-l,j-q-x	1
休牛散马	xiū niú sàn mǎ	55977	an-ang,s-sh,n-l,j-q-x	1
众人广坐	zhòng rén guǎng zuò	55979	en-eng,uan-uang,ua-uo,z-zh,r-l	1
众口交传	zhòng kǒu jiāo chuán	55980	uan-uang,ao-ou,z-zh,c-ch,j-q-x	1
众口同声	zhòng kǒu tóng shēng	55981	en-eng,ao-ou,z-zh,s-sh	1
众口熏天	zhòng kǒu xūn tiān	55982	ian-iang,ao-ou,z-zh,j-q-x	1
众口相传	zhòng kǒu xiāng chuán	55983	ian-iang,uan-uang,ao-ou,z-zh,c-ch,j-q-x	1
众啄同音	zhòng zhuó tóng yīn	55984	in-ing,ua-uo,z-zh	1
众好众恶	zhòng hào zhòng wù	55985	ao-ou,z-zh,h-f	1
众寡不敌	zhòng guǎ bù dí	55986	ua-uo,z-zh	1
众少成多	zhòng shǎo chéng duō	55987	en-eng,ao-ou,ua-uo,z-zh,c-ch,s-sh	1
众怒难任	zhòng nù nán rèn	55988	en-eng,an-ang,z-zh,n-l,r-l	1
众所共知	zhòng suǒ gòng zhī	55989	ua-uo,z-zh,s-sh	1
众星拱北	zhòng xīng gǒng běi	55991	in-ing,ai-ei,z-zh,j-q-x	1
众星攒月	zhòng xīng cuán yuè	55992	in-ing,uan-uang,z-zh,c-ch,j-q-x	3
众毁销骨	zhòng huǐ xiāo gǔ	55993	z-zh,h-f,j-q-x	1
众毛攒裘	zhòng máo cuán qiú	55994	uan-uang,ao-ou,z-zh,c-ch,j-q-x	3
众毛飞骨	zhòng máo fēi gǔ	55995	ai-ei,ao-ou,z-zh,h-f	1
众目共睹	zhòng mù gòng dǔ	55997	z-zh	1
众目共视	zhòng mù gòng shì	55998	z-zh,s-sh	1
众虎同心	zhòng hǔ tóng xīn	55999	in-ing,z-zh,h-f,j-q-x	1
众说纷揉	zhòng shuō fēn róu	56000	en-eng,ao-ou,ua-uo,z-zh,s-sh,h-f,r-l	1
众难群疑	zhòng nán qún yí	56001	an-ang,z-zh,n-l,j-q-x	1
众难群移	zhòng nán qún yí	56002	an-ang,z-zh,n-l,j-q-x	1
优孟衣冠	yōu mèng yī guān	56003	en-eng,uan-uang,ao-ou	1
优惠待遇	yōu huì dài yù	56006	ai-ei,ao-ou,h-f	1
优游不断	yōu yóu bù duàn	56007	uan-uang,ao-ou	1
优游卒岁	yōu yóu zú suì	56008	ao-ou,z-zh,s-sh	1
优游自得	yōu yóu zì dé	56009	ao-ou,z-zh	1
优游自若	yōu yóu zì ruò	56010	ao-ou,ua-uo,z-zh,r-l	1
伙伴关系	huǒ bàn guān xì	56011	an-ang,uan-uang,ua-uo,h-f,j-q-x	1
会家不忙	huì jiā bù máng	56020	an-ang,ia-ie,h-f,j-q-x	1
会少离多	huì shǎo lí duō	56021	ao-ou,ua-uo,s-sh,n-l,h-f,r-l	1
会者不忙	huì zhě bù máng	56029	an-ang,z-zh,h-f	1
会计制度	kuài jì zhì dù	56030	z-zh,j-q-x	1
会逢其适	huì féng qí shì	56034	en-eng,s-sh,h-f,j-q-x	1
会道能说	huì dào néng shuō	56035	en-eng,ao-ou,ua-uo,s-sh,n-l,h-f	1
传为佳话	chuán wéi jiā huà	56041	uan-uang,ai-ei,ia-ie,ua-uo,c-ch,h-f,j-q-x	1
传为笑柄	chuán wéi xiào bǐng	56042	in-ing,uan-uang,ai-ei,c-ch,j-q-x	1
传为笑谈	chuán wéi xiào tán	56043	an-ang,uan-uang,ai-ei,c-ch,j-q-x	1
传为美谈	chuán wéi měi tán	56044	an-ang,uan-uang,ai-ei,c-ch	1
传单炸弹	chuán dān zhà dàn	56048	an-ang,uan-uang,z-zh,c-ch	1
传呼电话	chuán hū diàn huà	56049	ian-iang,uan-uang,ua-uo,c-ch,h-f	1
传圭袭组	chuán guī xí zǔ	56050	uan-uang,z-zh,c-ch,j-q-x	3
传杯弄盏	chuán bēi nòng zhǎn	56053	an-ang,uan-uang,ai-ei,z-zh,c-ch,n-l	1
传杯换盏	chuán bēi huàn zhǎn	56054	an-ang,uan-uang,ai-ei,z-zh,c-ch,h-f	1
传柄移藉	chuán bǐng yí jiè	56055	in-ing,uan-uang,ia-ie,c-ch,j-q-x	1
传檄而定	chuán xí ér dìng	56056	in-ing,uan-uang,c-ch,j-q-x	3
传爵袭紫	chuán jué xí zǐ	56057	uan-uang,z-zh,c-ch,j-q-x	1
传真电报	chuán zhēn diàn bào	56058	en-eng,ian-iang,uan-uang,ao-ou,z-zh,c-ch	1
传神阿堵	chuán shén ē dǔ	56059	en-eng,uan-uang,c-ch,s-sh	1
传诵一时	chuán sòng yī shí	56061	uan-uang,c-ch,s-sh	1
传道受业	chuán dào shòu yè	56063	uan-uang,ao-ou,c-ch,s-sh	1
传闻异辞	chuán wén yì cí	56065	en-eng,uan-uang,c-ch	1
传风扇火	chuán fēng shān huǒ	56066	en-eng,an-ang,uan-uang,ua-uo,c-ch,s-sh,h-f	1
传龟袭紫	chuán guī xí zǐ	56067	uan-uang,z-zh,c-ch,j-q-x	1
伤亡事故	shāng wáng shì gù	56068	an-ang,s-sh	1
伤化败俗	shāng huà bài sú	56069	an-ang,ai-ei,ua-uo,s-sh,h-f	1
伤教败俗	shāng jiào bài sú	56070	an-ang,ai-ei,s-sh,j-q-x	1
伤言扎语	shāng yán zhā yǔ	56071	an-ang,z-zh,s-sh	1
伤风败化	shāng fēng bài huà	56072	en-eng,an-ang,ai-ei,ua-uo,s-sh,h-f	1
伦敦大学	lún dūn dà xué	56073	n-l,r-l,j-q-x	1
伯乐一顾	bó lè yī gù	56075	n-l,r-l	1
伯乐相马	bó lè xiàng mǎ	56076	ian-iang,n-l,r-l,j-q-x	1
伯仲叔季	bó zhòng shū jì	56077	z-zh,s-sh,j-q-x	1
伯劳飞燕	bó láo fēi yàn	56080	an-ang,ai-ei,ao-ou,n-l,h-f,r-l	1
伯埙仲篪	bó xūn zhòng chí	56081	z-zh,c-ch,j-q-x	3
伯歌季舞	bó gē jì wǔ	56085	j-q-x	1
伯玉知非	bó yù zhī fēi	56086	ai-ei,z-zh,h-f	1
伯道无儿	bó dào wú ér	56089	ao-ou	1
伴食中书	bàn shí zhōng shū	56091	an-ang,z-zh,s-sh	1
伴食宰相	bàn shí zǎi xiàng	56092	an-ang,ian-iang,ai-ei,z-zh,s-sh,j-q-x	1
伸头缩颈	shēn tóu suō jǐng	56094	en-eng,in-ing,ao-ou,ua-uo,s-sh,j-q-x	1
伺瑕导隙	sì xiá dǎo xì	56100	ao-ou,ia-ie,s-sh,j-q-x	3
伺瑕抵隙	sì xiá dǐ xì	56101	ia-ie,s-sh,j-q-x	3
似有如无	sì yǒu rú wú	56104	ao-ou,s-sh,r-l	1
似水如鱼	sì shuǐ rú yú	56105	s-sh,r-l	1
似水流年	sì shuǐ liú nián	56106	ian-iang,s-sh,n-l,r-l	1
似漆如胶	sì qī rú jiāo	56107	s-sh,r-l,j-q-x	1
似笑非笑	sì xiào fēi xiào	56108	ai-ei,s-sh,h-f,j-q-x	1
似箭在弦	sì jiàn zài xián	56109	ian-iang,ai-ei,z-zh,s-sh,j-q-x	1
似醉如痴	sì zuì rú chī	56110	z-zh,c-ch,s-sh,r-l	1
似非而是	sì fēi ér shì	56111	ai-ei,s-sh,h-f	1
位不期骄	wèi bù qī jiāo	56116	ai-ei,j-q-x	1
低吟浅唱	dī yín qiǎn chàng	56118	in-ing,an-ang,ian-iang,c-ch,j-q-x	1
低唱浅斟	dī chàng qiǎn zhēn	56119	en-eng,an-ang,ian-iang,z-zh,c-ch,j-q-x	1
低唱浅酌	dī chàng qiǎn zhuó	56120	an-ang,ian-iang,ua-uo,z-zh,c-ch,j-q-x	1
低回不已	dī huí bù yǐ	56121	h-f	1
低声哑气	dī shēng yǎ qì	56123	en-eng,s-sh,j-q-x	1
低头丧气	dī tóu sàng qì	56124	an-ang,ao-ou,s-sh,j-q-x	1
低头哈腰	dī tóu hā yāo	56125	ao-ou,h-f	1
低头搭脑	dī tóu dā nǎo	56126	ao-ou,n-l	1
低头耷脑	dī tóu dā nǎo	56127	ao-ou,n-l	3
低情曲意	dī qíng qū yì	56128	in-ing,j-q-x	1
低眉折腰	dī méi zhé yāo	56129	ai-ei,ao-ou,z-zh	1
低级趣味	dī jí qù wèi	56130	ai-ei,j-q-x	1
佐雍得尝	zuǒ yōng dé cháng	56133	an-ang,ua-uo,z-zh,c-ch	3
佐饔得尝	zuǒ yōng dé cháng	56134	an-ang,ua-uo,z-zh,c-ch	3
体制改革	tǐ zhì gǎi gé	56137	ai-ei,z-zh	1
体力劳动	tǐ lì láo dòng	56138	ao-ou,n-l,r-l	1
体国经野	tǐ guó jīng yě	56139	in-ing,ua-uo,j-q-x	1
体外受精	tǐ wài shòu jīng	56140	in-ing,ai-ei,ao-ou,s-sh,j-q-x	1
体大思精	tǐ dà sī jīng	56141	in-ing,s-sh,j-q-x	1
体恤入微	tǐ xù rù wēi	56146	ai-ei,r-l,j-q-x	1
体无完皮	tǐ wú wán pí	56148	an-ang	1
体物缘情	tǐ wù yuán qíng	56150	in-ing,uan-uang,j-q-x	1
体育运动	tǐ yù yùn dòng	56154		1
体育道德	tǐ yù dào dé	56155	ao-ou	1
体胀系数	tǐ zhàng xì shù	56156	an-ang,z-zh,s-sh,j-q-x	1
体规画圆	tǐ guī huà yuán	56157	uan-uang,ua-uo,h-f	1
体贴入妙	tǐ tiē rù miào	56158	ia-ie,r-l	1
何乐不为	hé lè bù wéi	56160	ai-ei,n-l,h-f,r-l	1
何其毒也	hé qí dú yě	56163	h-f,j-q-x	1
何患无辞	hé huàn wú cí	56166	uan-uang,c-ch,h-f	1
何所不为	hé suǒ bù wéi	56167	ai-ei,ua-uo,s-sh,h-f	1
何所不有	hé suǒ bù yǒu	56168	ao-ou,ua-uo,s-sh,h-f	1
何所不至	hé suǒ bù zhì	56169	ua-uo,z-zh,s-sh,h-f	1
何足为奇	hé zú wéi qí	56175	ai-ei,z-zh,h-f,j-q-x	1
何足介意	hé zú jiè yì	56176	ia-ie,z-zh,h-f,j-q-x	1
何足道哉	hé zú dào zāi	56177	ai-ei,ao-ou,z-zh,h-f	1
余光分人	yú guāng fēn rén	56178	en-eng,uan-uang,h-f,r-l	1
余子碌碌	yú zǐ lù lù	56181	z-zh,n-l,r-l	1
余膏剩馥	yú gāo shèng fù	56183	en-eng,ao-ou,s-sh,h-f	3
余霞散绮	yú xiá sàn qǐ	56186	an-ang,ia-ie,s-sh,j-q-x	3
余韵流风	yú yùn liú fēng	56187	en-eng,n-l,h-f,r-l	1
余风遗文	yú fēng yí wén	56188	en-eng,h-f	1
余食赘行	yú shí zhuì xíng	56189	in-ing,z-zh,s-sh,j-q-x	1
佛口蛇心	fó kǒu shé xīn	56191	in-ing,ao-ou,s-sh,h-f,j-q-x	1
佛头加秽	fó tóu jiā huì	56192	ao-ou,ia-ie,h-f,j-q-x	1
佛头着粪	fó tóu zhuó fèn	56193	en-eng,ao-ou,ua-uo,z-zh,h-f	1
佛头著粪	fó tóu zhuó fèn	56194	en-eng,ao-ou,ua-uo,z-zh,h-f	1
佛心蛇口	fó xīn shé kǒu	56197	in-ing,ao-ou,s-sh,h-f,j-q-x	1
佛性禅心	fó xìng chán xīn	56199	in-ing,an-ang,c-ch,h-f,j-q-x	1
佛眼佛心	fó yǎn fó xīn	56203	in-ing,an-ang,h-f,j-q-x	1
佛眼相看	fó yǎn xiāng kàn	56204	an-ang,ian-iang,h-f,j-q-x	1
佛罗伦萨	fó luó lún sà	56206	ua-uo,s-sh,n-l,h-f,r-l	1
佛门弟子	fó mén dì zǐ	56207	en-eng,z-zh,h-f	1
作作有芒	zuò zuò yǒu máng	56208	an-ang,ao-ou,ua-uo,z-zh	1
作古正经	zuò gǔ zhèng jīng	56209	en-eng,in-ing,ua-uo,z-zh,j-q-x	1
作善降祥	zuò shàn jiàng xiáng	56210	an-ang,ian-iang,ua-uo,z-zh,s-sh,j-q-x	1
作困兽斗	zuò kùn shòu dòu	56211	ao-ou,ua-uo,z-zh,s-sh	1
作好作歹	zuò hǎo zuò dǎi	56212	ai-ei,ao-ou,ua-uo,z-zh,h-f	1
作如是观	zuò rú shì guān	56213	uan-uang,ua-uo,z-zh,s-sh,r-l	1
作嫁衣裳	zuò jià yī shang	56214	an-ang,ia-ie,ua-uo,z-zh,s-sh,j-q-x	1
作小服低	zuò xiǎo fú dī	56215	ua-uo,z-zh,h-f,j-q-x	1
作恶多端	zuò è duō duān	56216	uan-uang,ua-uo,z-zh	1
作歹为非	zuò dǎi wéi fēi	56217	ai-ei,ua-uo,z-zh,h-f	1
作浪兴风	zuò làng xīng fēng	56218	en-eng,in-ing,an-ang,ua-uo,z-zh,n-l,h-f,r-l,j-q-x	1
作舍道旁	zuò shě dào páng	56219	an-ang,ao-ou,ua-uo,z-zh,s-sh	1
作言造语	zuò yán zào yǔ	56220	an-ang,ao-ou,ua-uo,z-zh	1
作金石声	zuò jīn shí shēng	56221	en-eng,in-ing,ua-uo,z-zh,s-sh,j-q-x	1
佝偻着腰	gōu lóu zhe yāo	56222	ao-ou,z-zh,n-l,r-l	3
你们自己	nǐ men zì jǐ	56225	en-eng,z-zh,n-l,j-q-x	1
你唱我和	nǐ chàng wǒ hé	56226	an-ang,c-ch,n-l,h-f	1
佣中佼佼	yòng zhōng jiǎo jiǎo	56228	z-zh,j-q-x	3
佯风诈冒	yáng fēng zhà mào	56229	en-eng,an-ang,ao-ou,z-zh,h-f	3
佳人薄命	jiā rén bó mìng	56230	en-eng,in-ing,ia-ie,r-l,j-q-x	1
佳兵不祥	jiā bīng bù xiáng	56231	in-ing,ian-iang,ia-ie,j-q-x	1
使乖弄巧	shǐ guāi nòng qiǎo	56233	s-sh,n-l,j-q-x	1
使心别气	shǐ xīn bié qì	56236	in-ing,ia-ie,s-sh,j-q-x	1
使愚使过	shǐ yú shǐ guò	56237	ua-uo,s-sh	1
使羊将狼	shǐ yáng jiàng láng	56238	an-ang,ian-iang,s-sh,n-l,r-l,j-q-x	1
使臂使指	shǐ bì shǐ zhǐ	56239	z-zh,s-sh	1
使贤任能	shǐ xián rèn néng	56240	en-eng,ian-iang,s-sh,n-l,r-l,j-q-x	1
侈丽闳衍	chǐ lì hóng yǎn	56242	an-ang,c-ch,n-l,h-f,r-l	3
侈人观听	chǐ rén guān tīng	56243	en-eng,in-ing,uan-uang,c-ch,r-l	1
侈侈不休	chǐ chǐ bù xiū	56244	c-ch,j-q-x	1
侈纵偷苟	chǐ zòng tōu gǒu	56245	ao-ou,z-zh,c-ch	1
侈衣美食	chǐ yī měi shí	56246	ai-ei,c-ch,s-sh	1
例直禁简	lì zhí jìn jiǎn	56248	in-ing,ian-iang,z-zh,n-l,r-l,j-q-x	1
例行差事	lì xíng chāi shì	56249	in-ing,ai-ei,c-ch,s-sh,n-l,r-l,j-q-x	1
侍执巾节	shì zhí jīn jié	56251	in-ing,ia-ie,z-zh,s-sh,j-q-x	1
侏儒一节	zhū rú yī jié	56253	ia-ie,z-zh,r-l,j-q-x	3
侏儒观戏	zhū rú guān xì	56255	uan-uang,z-zh,r-l,j-q-x	3
侔色揣称	móu sè chuǎi chèn	56256	en-eng,ao-ou,c-ch,s-sh	3
供求关系	gōng qiú guān xì	56263	uan-uang,j-q-x	1
依头缕当	yī tóu lǚ dàng	56265	an-ang,ao-ou,n-l,r-l	1
依头顺尾	yī tóu shùn wěi	56266	ai-ei,ao-ou,s-sh	1
依法炮制	yī fǎ páo zhì	56267	ao-ou,z-zh,h-f	1
依翠偎红	yī cuì wēi hóng	56269	ai-ei,c-ch,h-f	1
依违两可	yī wéi liǎng kě	56270	ian-iang,ai-ei,n-l,r-l	1
依阿取容	yī ē qǔ róng	56271	r-l,j-q-x	1
侧足而立	cè zú ér lì	56278	z-zh,c-ch,n-l,r-l	1
侯服玉食	hóu fú yù shí	56281	ao-ou,s-sh,h-f	1
侯门似海	hóu mén sì hǎi	56283	en-eng,ai-ei,ao-ou,s-sh,h-f	1
侯门如海	hóu mén rú hǎi	56284	en-eng,ai-ei,ao-ou,h-f,r-l	1
便宜从事	biàn yí cóng shì	56291	ian-iang,c-ch,s-sh	1
便宜施行	biàn yí shī xíng	56292	in-ing,ian-iang,s-sh,j-q-x	1
便辞巧说	biàn cí qiǎo shuō	56297	ian-iang,ua-uo,c-ch,s-sh,j-q-x	1
俎樽折冲	zǔ zūn zhé chōng	56299	z-zh,c-ch	3
俏成俏败	qiào chéng qiào bài	56301	en-eng,ai-ei,c-ch,j-q-x	1
俗不可医	sú bù kě yī	56304	s-sh	1
保外执行	bǎo wài zhí xíng	56311	in-ing,ai-ei,ao-ou,z-zh,j-q-x	1
保家卫国	bǎo jiā wèi guó	56312	ai-ei,ao-ou,ia-ie,ua-uo,j-q-x	1
俟河之清	sì hé zhī qīng	56317	in-ing,z-zh,s-sh,h-f,j-q-x	3
信及豚鱼	xìn jí tún yú	56318	in-ing,j-q-x	1
信口开合	xìn kǒu kāi hé	56319	in-ing,ai-ei,ao-ou,h-f,j-q-x	1
信口开呵	xìn kǒu kāi hē	56320	in-ing,ai-ei,ao-ou,h-f,j-q-x	1
信口开喝	xìn kǒu kāi hē	56321	in-ing,ai-ei,ao-ou,h-f,j-q-x	1
信口胡言	xìn kǒu hú yán	56322	in-ing,an-ang,ao-ou,h-f,j-q-x	1
信守不渝	xìn shǒu bù yú	56324	in-ing,ao-ou,s-sh,j-q-x	1
信步而行	xìn bù ér xíng	56328	in-ing,j-q-x	1
信笔涂鸦	xìn bǐ tú yā	56330	in-ing,j-q-x	1
信而好古	xìn ér hào gǔ	56331	in-ing,ao-ou,h-f,j-q-x	1
信而有证	xìn ér yǒu zhèng	56332	en-eng,in-ing,ao-ou,z-zh,j-q-x	1
信言不美	xìn yán bù měi	56333	in-ing,an-ang,ai-ei,j-q-x	1
俨乎其然	yǎn hū qí rán	56336	an-ang,h-f,r-l,j-q-x	3
俭不中礼	jiǎn bù zhòng lǐ	56338	ian-iang,z-zh,n-l,r-l,j-q-x	1
俭可养廉	jiǎn kě yǎng lián	56339	an-ang,ian-iang,n-l,r-l,j-q-x	1
俭故能广	jiǎn gù néng guǎng	56340	en-eng,ian-iang,uan-uang,n-l,j-q-x	1
修短随化	xiū duǎn suí huà	56342	uan-uang,ua-uo,s-sh,h-f,j-q-x	1
修身洁行	xiū shēn jié xíng	56343	en-eng,in-ing,ia-ie,s-sh,j-q-x	1
修鳞养爪	xiū lín yǎng zhǎo	56344	in-ing,an-ang,ao-ou,z-zh,n-l,r-l,j-q-x	1
修齐治平	xiū qí zhì píng	56345	in-ing,z-zh,j-q-x	1
俯仰之间	fǔ yǎng zhī jiān	56346	an-ang,ian-iang,z-zh,h-f,j-q-x	1
俯仰唯唯	fǔ yǎng wéi wéi	56347	an-ang,ai-ei,h-f	1
俯仰无愧	fǔ yǎng wú kuì	56348	an-ang,h-f	1
俯仰由人	fǔ yǎng yóu rén	56349	en-eng,an-ang,ao-ou,h-f,r-l	1
俯仰随人	fǔ yǎng suí rén	56350	en-eng,an-ang,s-sh,h-f,r-l	1
俯拾仰取	fǔ shí yǎng qǔ	56351	an-ang,s-sh,h-f,j-q-x	1
俯拾地芥	fǔ shí dì jiè	56352	ia-ie,s-sh,h-f,j-q-x	1
俱收并蓄	jù shōu bìng xù	56354	in-ing,ao-ou,s-sh,j-q-x	1
倍日并行	bèi rì bìng xíng	56357	in-ing,ai-ei,r-l,j-q-x	1
倍道兼行	bèi dào jiān xíng	56358	in-ing,ian-iang,ai-ei,ao-ou,j-q-x	1
倍道而行	bèi dào ér xíng	56359	in-ing,ai-ei,ao-ou,j-q-x	1
倏忽之间	shū hū zhī jiān	56361	ian-iang,z-zh,s-sh,h-f,j-q-x	3
倒三颠四	dǎo sān diān sì	56362	an-ang,ian-iang,ao-ou,s-sh	1
倒冠落佩	dǎo guān luò pèi	56372	uan-uang,ai-ei,ao-ou,ua-uo,n-l,r-l	1
倒凤颠鸾	dǎo fèng diān luán	56373	en-eng,ian-iang,uan-uang,ao-ou,n-l,h-f,r-l	3
倒因为果	dǎo yīn wéi guǒ	56385	in-ing,ai-ei,ao-ou,ua-uo	1
倒在地上	dǎo zài dì shàng	56387	an-ang,ai-ei,ao-ou,z-zh,s-sh	1
倒头便睡	dào tóu biàn shuì	56390	ian-iang,ao-ou,s-sh	1
倒屣相迎	dào xǐ xiāng yíng	56392	in-ing,ian-iang,ao-ou,j-q-x	3
倒山倾海	dǎo shān qīng hǎi	56393	in-ing,an-ang,ai-ei,ao-ou,s-sh,h-f,j-q-x	1
倒峡泻河	dǎo xiá xiè hé	56394	ao-ou,ia-ie,h-f,j-q-x	1
倒序词典	dào xù cí diǎn	56397	ian-iang,ao-ou,c-ch,j-q-x	1
倒廪倾囷	dǎo lǐn qīng qūn	56398	in-ing,ao-ou,n-l,r-l,j-q-x	7
倒悬之急	dào xuán zhī jí	56399	uan-uang,ao-ou,z-zh,j-q-x	1
倒悬之苦	dào xuán zhī kǔ	56400	uan-uang,ao-ou,z-zh,j-q-x	1
倒戈卸甲	dǎo gē xiè jiǎ	56402	ao-ou,ia-ie,j-q-x	1
倒戢干戈	dǎo jí gān gē	56403	an-ang,ao-ou,j-q-x	3
倒打一瓦	dào dǎ yī wǎ	56404	ao-ou	1
倒执手版	dǎo zhí shǒu bǎn	56405	an-ang,ao-ou,z-zh,s-sh	1
倒持太阿	dǎo chí tài ā	56407	ai-ei,ao-ou,c-ch	1
倒持干戈	dǎo chí gān gē	56408	an-ang,ao-ou,c-ch	1
倒持戈矛	dǎo chí gē máo	56409	ao-ou,c-ch	1
倒持手板	dǎo chí shǒu bǎn	56410	an-ang,ao-ou,c-ch,s-sh	1
倒持泰阿	dào chí tài ē	56411	ai-ei,ao-ou,c-ch	1
倒挂金钟	dào guà jīn zhōng	56412	in-ing,ao-ou,ua-uo,z-zh,j-q-x	1
倒收付息	dào shōu fù xī	56415	ao-ou,s-sh,h-f,j-q-x	1
倒数计时	dào shǔ jì shí	56419	ao-ou,s-sh,j-q-x	1
倒海翻江	dǎo hǎi fān jiāng	56424	an-ang,ian-iang,ai-ei,ao-ou,h-f,j-q-x	1
倒箧倾囊	dǎo qiè qīng náng	56431	in-ing,an-ang,ao-ou,ia-ie,n-l,j-q-x	3
倒箧倾筐	dǎo qiè qīng kuāng	56432	in-ing,uan-uang,ao-ou,ia-ie,j-q-x	3
倒绷孩儿	dào bēng hái ér	56434	en-eng,ai-ei,ao-ou,h-f	1
倒置干戈	dào zhì gān gē	56435	an-ang,ao-ou,z-zh	1
倒虹吸管	dào hóng xī guǎn	56441	uan-uang,ao-ou,h-f,j-q-x	1
倒街卧巷	dǎo jiē wò xiàng	56443	ian-iang,ao-ou,ia-ie,j-q-x	1
倒装词序	dào zhuāng cí xù	56445	uan-uang,ao-ou,z-zh,c-ch,j-q-x	1
倒裳索领	dào cháng suǒ lǐng	56446	in-ing,an-ang,ao-ou,ua-uo,c-ch,s-sh,n-l,r-l	1
倒账卷逃	dǎo zhàng juǎn táo	56449	an-ang,uan-uang,ao-ou,z-zh,j-q-x	1
倒转来说	dào zhuǎn lái shuō	56451	uan-uang,ai-ei,ao-ou,ua-uo,z-zh,s-sh,n-l,r-l	1
倒载干戈	dào zài gān gē	56453	an-ang,ai-ei,ao-ou,z-zh	1
倒退一步	dào tuì yí bù	56457	ao-ou	1
倒金字塔	dào jīn zì tǎ	56459	in-ing,ao-ou,z-zh,j-q-x	1
倒锁上门	dào suǒ shàng mén	56460	en-eng,an-ang,ao-ou,ua-uo,s-sh	1
倔头倔脑	juè tóu juè nǎo	56464	ao-ou,n-l,j-q-x	1
倔头强脑	juè tóu jiàng nǎo	56465	ian-iang,ao-ou,n-l,j-q-x	1
倔强倨傲	jué jiàng jù ào	56466	ian-iang,ao-ou,j-q-x	3
倘来之物	tǎng lái zhī wù	56469	an-ang,ai-ei,z-zh,n-l,r-l	1
倚天拔地	yǐ tiān bá dì	56473	ian-iang	1
倚姣作媚	yǐ jiāo zuò mèi	56474	ai-ei,ua-uo,z-zh,j-q-x	3
倚官挟势	yǐ guān xié shì	56475	uan-uang,ia-ie,s-sh,j-q-x	1
倚强凌弱	yǐ qiáng líng ruò	56476	in-ing,ian-iang,ua-uo,n-l,r-l,j-q-x	1
倚翠偎红	yǐ cuì wēi hóng	56477	ai-ei,c-ch,h-f	1
倚门卖俏	yǐ mén mài qiào	56478	en-eng,ai-ei,j-q-x	1
倚闾望切	yǐ lǘ wàng qiē	56479	an-ang,ia-ie,n-l,r-l,j-q-x	3
倚马可待	yǐ mǎ kě dài	56480	ai-ei	1
倜傥不羁	tì tǎng bù jī	56481	an-ang,j-q-x	3
倜傥不群	tì tǎng bù qún	56482	an-ang,j-q-x	3
借交报仇	jiè jiāo bào chóu	56483	ao-ou,ia-ie,c-ch,j-q-x	1
借公行私	jiè gōng xíng sī	56484	in-ing,ia-ie,s-sh,j-q-x	1
借客报仇	jiè kè bào chóu	56485	ao-ou,ia-ie,c-ch,j-q-x	1
借尸还阳	jiè shī huán yáng	56486	an-ang,uan-uang,ia-ie,s-sh,h-f,j-q-x	1
借景生情	jiè jǐng shēng qíng	56487	en-eng,in-ing,ia-ie,s-sh,j-q-x	1
借水行舟	jiè shuǐ xíng zhōu	56488	in-ing,ao-ou,ia-ie,z-zh,s-sh,j-q-x	1
借篷使风	jiè péng shǐ fēng	56489	en-eng,ia-ie,s-sh,h-f,j-q-x	1
借身报仇	jiè shēn bào chóu	56490	en-eng,ao-ou,ia-ie,c-ch,s-sh,j-q-x	1
借镜观形	jiè jìng guān xíng	56491	in-ing,uan-uang,ia-ie,j-q-x	1
借面吊丧	jiè miàn diào sāng	56492	an-ang,ian-iang,ia-ie,s-sh,j-q-x	1
借风使船	jiè fēng shǐ chuán	56493	en-eng,uan-uang,ia-ie,c-ch,s-sh,h-f,j-q-x	1
倡情冶思	chàng qíng yě sī	56495	in-ing,an-ang,c-ch,s-sh,j-q-x	1
倡条冶叶	chāng tiáo yě yè	56496	an-ang,c-ch	1
倡而不和	chàng ér bù hè	56497	an-ang,c-ch,h-f	1
倦尾赤色	juàn wěi chì sè	56501	uan-uang,ai-ei,c-ch,s-sh,j-q-x	1
倦鸟知还	juàn niǎo zhī huán	56502	uan-uang,z-zh,n-l,h-f,j-q-x	1
倩女离魂	qiàn nǚ lí hún	56503	ian-iang,n-l,h-f,r-l,j-q-x	3
债务重组	zhài wù chóng zǔ	56504	ai-ei,z-zh,c-ch	1
债多不愁	zhài duō bù chóu	56505	ai-ei,ao-ou,ua-uo,z-zh,c-ch	1
值得一提	zhí dé yì tí	56506	z-zh	1
倾家破产	qīng jiā pò chǎn	56508	in-ing,an-ang,ia-ie,c-ch,j-q-x	1
倾家竭产	qīng jiā jié chǎn	56509	in-ing,an-ang,ia-ie,c-ch,j-q-x	1
倾家败产	qīng jiā bài chǎn	56510	in-ing,an-ang,ai-ei,ia-ie,c-ch,j-q-x	1
倾心吐胆	qīng xīn tǔ dǎn	56511	in-ing,an-ang,j-q-x	1
倾盖如故	qīng gài rú gù	56515	in-ing,ai-ei,r-l,j-q-x	1
倾筐倒庋	qīng kuāng dào guǐ	56516	in-ing,uan-uang,ao-ou,j-q-x	3
倾筐倒箧	qīng kuāng dào qiè	56517	in-ing,uan-uang,ao-ou,ia-ie,j-q-x	3
倾箱倒箧	qīng xiāng dào qiè	56518	in-ing,ian-iang,ao-ou,ia-ie,j-q-x	3
倾肠倒肚	qīng cháng dào dǔ	56519	in-ing,an-ang,ao-ou,c-ch,j-q-x	1
偃旗仆鼓	yǎn qí pú gǔ	56520	an-ang,j-q-x	3
偃武休兵	yǎn wǔ xiū bīng	56521	in-ing,an-ang,j-q-x	3
偃武兴文	yǎn wǔ xīng wén	56522	en-eng,in-ing,an-ang,j-q-x	3
偃武行文	yǎn wǔ xíng wén	56523	en-eng,in-ing,an-ang,j-q-x	3
偃革为轩	yǎn gé wéi xuān	56524	an-ang,uan-uang,ai-ei,j-q-x	3
偃革倒戈	yǎn gé dǎo gē	56525	an-ang,ao-ou	3
假人假义	jiǎ rén jiǎ yì	56526	en-eng,ia-ie,r-l,j-q-x	1
假人辞色	jiǎ rén cí sè	56527	en-eng,ia-ie,c-ch,s-sh,r-l,j-q-x	1
假仁假意	jiǎ rén jiǎ yì	56528	en-eng,ia-ie,r-l,j-q-x	1
假以辞色	jiǎ yǐ cí sè	56529	ia-ie,c-ch,s-sh,j-q-x	1
假公营私	jiǎ gōng yíng sī	56530	in-ing,ia-ie,s-sh,j-q-x	1
假力于人	jiǎ lì yú rén	56532	en-eng,ia-ie,n-l,r-l,j-q-x	1
假名托姓	jiǎ míng tuō xìng	56533	in-ing,ia-ie,ua-uo,j-q-x	1
假手于人	jiǎ shǒu yú rén	56535	en-eng,ao-ou,ia-ie,s-sh,r-l,j-q-x	1
假痴不癫	jiǎ chī bù diān	56537	ian-iang,ia-ie,c-ch,j-q-x	3
假痴假呆	jiǎ chī jiǎ dāi	56538	ai-ei,ia-ie,c-ch,j-q-x	1
假眉三道	jiǎ méi sān dào	56539	an-ang,ai-ei,ao-ou,ia-ie,s-sh,j-q-x	1
假虎张威	jiǎ hǔ zhāng wēi	56540	an-ang,ai-ei,ia-ie,z-zh,h-f,j-q-x	1
假誉驰声	jiǎ yù chí shēng	56542	en-eng,ia-ie,c-ch,s-sh,j-q-x	1
假途灭虢	jiǎ tú miè guó	56543	ia-ie,ua-uo,j-q-x	3
假道灭虢	jiǎ dào miè guó	56544	ao-ou,ia-ie,ua-uo,j-q-x	3
假门假事	jiǎ mén jiǎ shì	56545	en-eng,ia-ie,s-sh,j-q-x	1
假门假氏	jiǎ mén jiǎ shì	56546	en-eng,ia-ie,s-sh,j-q-x	1
偎干就湿	wēi gān jiù shī	56549	an-ang,ai-ei,s-sh,j-q-x	1
偎慵堕懒	wēi yōng duò lǎn	56550	an-ang,ai-ei,ua-uo,n-l,r-l	3
偎红倚翠	wēi hóng yǐ cuì	56551	ai-ei,c-ch,h-f	1
偏信则暗	piān xìn zé àn	56552	in-ing,an-ang,ian-iang,z-zh,j-q-x	1
做好做恶	zuò hǎo zuò è	56558	ao-ou,ua-uo,z-zh,h-f	1
做好做歹	zuò hǎo zuò dǎi	56559	ai-ei,ao-ou,ua-uo,z-zh,h-f	1
停云落月	tíng yún luò yuè	56562	in-ing,ua-uo,n-l,r-l	1
停妻再娶	tíng qī zài qǔ	56563	in-ing,ai-ei,z-zh,j-q-x	1
停滞不前	tíng zhì bù qián	56564	in-ing,ian-iang,z-zh,j-q-x	1
停留长智	tíng liú zhǎng zhì	56565	in-ing,an-ang,z-zh,n-l,r-l	1
偷合取容	tōu hé qǔ róng	56567	ao-ou,h-f,r-l,j-q-x	1
偷合苟从	tōu hé gǒu cóng	56568	ao-ou,c-ch,h-f	1
偷合苟容	tōu hé gǒu róng	56569	ao-ou,h-f,r-l	1
偷狗戏鸡	tōu gǒu xì jī	56570	ao-ou,j-q-x	1
偿其大欲	cháng qí dà yù	56571	an-ang,c-ch,j-q-x	1
傅粉何郎	fù fěn hé láng	56573	en-eng,an-ang,n-l,h-f,r-l	1
傅粉施朱	fù fěn shī zhū	56574	en-eng,z-zh,s-sh,h-f	1
傍人篱落	bàng rén lí luò	56575	en-eng,an-ang,ua-uo,n-l,r-l	1
傍若无人	páng ruò wú rén	56576	en-eng,an-ang,ua-uo,r-l	1
傍观冷眼	bàng guān lěng yǎn	56577	en-eng,an-ang,uan-uang,n-l,r-l	1
傍观者清	bàng guān zhě qīng	56578	in-ing,an-ang,uan-uang,z-zh,j-q-x	1
储蓄银行	chǔ xù yín háng	56579	in-ing,an-ang,c-ch,h-f,j-q-x	1
催化裂化	cuī huà liè huà	56580	ia-ie,ua-uo,c-ch,n-l,h-f,r-l	1
催泪炸弹	cuī lèi zhà dàn	56583	an-ang,ai-ei,z-zh,c-ch,n-l,r-l	1
傲不可长	ào bù kě zhǎng	56584	an-ang,ao-ou,z-zh	1
傲头傲脑	ào tóu ào nǎo	56585	ao-ou,n-l	1
傲慢不逊	ào màn bù xùn	56586	an-ang,ao-ou,j-q-x	1
傲慢少礼	ào màn shǎo lǐ	56587	an-ang,ao-ou,s-sh,n-l,r-l	1
傲睨一切	ào nì yī qiè	56588	ao-ou,ia-ie,n-l,j-q-x	3
傲睨万物	ào nì wàn wù	56589	an-ang,ao-ou,n-l	3
傲睨得志	ào nì dé zhì	56590	ao-ou,z-zh,n-l	3
傲睨自若	ào nì zì ruò	56591	ao-ou,ua-uo,z-zh,n-l,r-l	3
傲霜斗雪	ào shuāng dòu xuě	56592	uan-uang,ao-ou,s-sh,j-q-x	1
傲骨嶙嶙	ào gǔ lín lín	56593	in-ing,ao-ou,n-l,r-l	3
像心称意	xiàng xīn chēng yì	56595	en-eng,in-ing,ian-iang,c-ch,j-q-x	1
僻字涩句	pì zì sè jù	56598	z-zh,s-sh,j-q-x	1
儋石之储	dàn shí zhī chǔ	56599	an-ang,z-zh,c-ch,s-sh	3
儒雅风流	rú yǎ fēng liú	56600	en-eng,n-l,h-f,r-l	1
儿女之情	ér nǚ zhī qíng	56601	in-ing,z-zh,n-l,j-q-x	1
儿女心肠	ér nǚ xīn cháng	56603	in-ing,an-ang,c-ch,n-l,j-q-x	1
儿女成行	ér nǚ chéng háng	56604	en-eng,an-ang,c-ch,n-l,h-f	1
儿童乐园	ér tóng lè yuán	56605	uan-uang,n-l,r-l	1
允执其中	yǔn zhí qí zhōng	56607	z-zh,j-q-x	1
允执厥中	yǔn zhí jué zhōng	56608	z-zh,j-q-x	3
元奸巨恶	yuán jiān jù è	56609	ian-iang,uan-uang,j-q-x	1
元恶大奸	yuán è dà jiān	56610	ian-iang,uan-uang,j-q-x	1
元戎启行	yuán róng qǐ xíng	56611	in-ing,uan-uang,r-l,j-q-x	1
元经秘旨	yuán jīng mì zhǐ	56612	in-ing,uan-uang,z-zh,j-q-x	1
兄弟怡怡	xiōng dì yí yí	56613	j-q-x	1
兄死弟及	xiōng sǐ dì jí	56614	s-sh,j-q-x	1
兄肥弟瘦	xiōng féi dì shòu	56615	ai-ei,ao-ou,s-sh,h-f,j-q-x	1
充天塞地	chōng tiān sāi dì	56616	ian-iang,ai-ei,c-ch,s-sh	1
充栋汗牛	chōng dòng hàn niú	56617	an-ang,c-ch,n-l,h-f	1
充栋盈车	chōng dòng yíng chē	56618	in-ing,c-ch	1
充类至尽	chōng lèi zhì jìn	56619	in-ing,ai-ei,z-zh,c-ch,n-l,r-l,j-q-x	1
兆载永劫	zhào zǎi yǒng jié	56620	ai-ei,ao-ou,ia-ie,z-zh,j-q-x	1
先入之见	xiān rù zhī jiàn	56621	ian-iang,z-zh,r-l,j-q-x	1
先号后庆	xiān hào hòu qìng	56622	in-ing,ian-iang,ao-ou,h-f,j-q-x	1
先号后笑	xiān hào hòu xiào	56623	ian-iang,ao-ou,h-f,j-q-x	1
先得我心	xiān dé wǒ xīn	56625	in-ing,ian-iang,j-q-x	1
先忧后乐	xiān yōu hòu lè	56626	ian-iang,ao-ou,n-l,h-f,r-l,j-q-x	1
先我着鞭	xiān wǒ zhuó biān	56627	ian-iang,ua-uo,z-zh,j-q-x	1
先笑后号	xiān xiào hòu hào	56629	ian-iang,ao-ou,h-f,j-q-x	1
先自隗始	xiān zì wěi shǐ	56630	ian-iang,ai-ei,z-zh,s-sh,j-q-x	3
先行后闻	xiān xíng hòu wén	56631	en-eng,in-ing,ian-iang,ao-ou,h-f,j-q-x	1
先难后获	xiān nán hòu huò	56633	an-ang,ian-iang,ao-ou,ua-uo,n-l,h-f,j-q-x	1
光华夺目	guāng huá duó mù	56636	uan-uang,ua-uo,h-f	1
光焰万丈	guāng yàn wàn zhàng	56643	an-ang,uan-uang,z-zh	1
光纤通信	guāng xiān tōng xìn	56644	in-ing,ian-iang,uan-uang,j-q-x	1
光芒万丈	guāng máng wàn zhàng	56645	an-ang,uan-uang,z-zh	1
光车骏马	guāng chē jùn mǎ	56647	uan-uang,c-ch,j-q-x	1
光采夺目	guāng cǎi duó mù	56648	uan-uang,ai-ei,ua-uo,c-ch	1
光风霁月	guāng fēng jì yuè	56649	en-eng,uan-uang,h-f,j-q-x	3
克丁克卯	kè dīng kè mǎo	56650	in-ing,ao-ou	1
克什米尔	kè shí mǐ ěr	56651	s-sh	1
克传弓冶	kè chuán gōng yě	56652	uan-uang,c-ch	1
克尽厥职	kè jìn jué zhí	56654	in-ing,z-zh,j-q-x	3
克己慎行	kè jǐ shèn xíng	56655	en-eng,in-ing,s-sh,j-q-x	1
兔丝燕麦	tù sī yàn mài	56665	an-ang,ai-ei,s-sh	1
兔葵燕麦	tù kuí yàn mài	56666	an-ang,ai-ei	1
兔角牛翼	tù jiǎo niú yì	56667	n-l,j-q-x	1
兔角龟毛	tù jiǎo guī máo	56668	ao-ou,j-q-x	1
兔走鹘落	tù zǒu gǔ luò	56669	ao-ou,ua-uo,z-zh,n-l,r-l	3
兔起鹘落	tù qǐ hú luò	56670	ua-uo,n-l,h-f,r-l,j-q-x	3
党同妒异	dǎng tóng dù yì	56671	an-ang	1
党坚势盛	dǎng jiān shì shèng	56672	en-eng,an-ang,ian-iang,s-sh,j-q-x	1
党恶佑奸	dǎng è yòu jiān	56673	an-ang,ian-iang,ao-ou,j-q-x	1
党政工团	dǎng zhèng gōng tuán	56674	en-eng,an-ang,uan-uang,z-zh	1
党豺为虐	dǎng chái wéi nüè	56676	an-ang,ai-ei,c-ch,n-l	1
党邪丑正	dǎng xié chǒu zhèng	56677	en-eng,an-ang,ao-ou,ia-ie,z-zh,c-ch,j-q-x	1
党邪陷正	dǎng xié xiàn zhèng	56678	en-eng,an-ang,ian-iang,ia-ie,z-zh,j-q-x	1
兜头盖脸	dōu tóu gài liǎn	56679	ian-iang,ai-ei,ao-ou,n-l,r-l	1
兜肚连肠	dōu dǔ lián cháng	56680	an-ang,ian-iang,ao-ou,c-ch,n-l,r-l	1
兢兢乾乾	jīng jīng qián qián	56681	in-ing,ian-iang,j-q-x	1
兢兢干干	jīng jīng gàn gàn	56682	in-ing,an-ang,j-q-x	1
入吾彀中	rù wú gòu zhōng	56686	ao-ou,z-zh,r-l	3
入国问禁	rù guó wèn jìn	56687	en-eng,in-ing,ua-uo,r-l,j-q-x	1
入地无门	rù dì wú mén	56688	en-eng,r-l	1
入境问禁	rù jìng wèn jìn	56689	en-eng,in-ing,r-l,j-q-x	1
入孝出弟	rù xiào chū tì	56690	c-ch,r-l,j-q-x	1
入海算沙	rù hǎi suàn shā	56692	uan-uang,ai-ei,s-sh,h-f,r-l	1
入火赴汤	rù huǒ fù tāng	56693	an-ang,ua-uo,h-f,r-l	1
入理切情	rù lǐ qiē qíng	56694	in-ing,ia-ie,n-l,r-l,j-q-x	1
入竟问禁	rù jìng wèn jìn	56695	en-eng,in-ing,r-l,j-q-x	1
入铁主簿	rù tiě zhǔ bù	56697	ia-ie,z-zh,r-l	1
入骨相思	rù gǔ xiāng sī	56698	ian-iang,s-sh,r-l,j-q-x	1
全军覆没	quán jūn fù mò	56699	uan-uang,h-f,j-q-x	1
全功尽弃	quán gōng jìn qì	56700	in-ing,uan-uang,j-q-x	1
全国人大	quán guó rén dà	56701	en-eng,uan-uang,ua-uo,r-l,j-q-x	1
全智全能	quán zhì quán néng	56704	en-eng,uan-uang,z-zh,n-l,j-q-x	1
全能全智	quán néng quán zhì	56706	en-eng,uan-uang,z-zh,n-l,j-q-x	1
全能冠军	quán néng guàn jūn	56707	en-eng,uan-uang,n-l,j-q-x	1
全能运动	quán néng yùn dòng	56708	en-eng,uan-uang,n-l,j-q-x	1
全身远害	quán shēn yuǎn hài	56709	en-eng,uan-uang,ai-ei,s-sh,h-f,j-q-x	1
八万四千	bā wàn sì qiān	56710	an-ang,ian-iang,s-sh,j-q-x	1
八大山人	bā dà shān rén	56712	en-eng,an-ang,s-sh,r-l	1
八大胡同	bā dà hú tòng	56713	h-f	1
八大行星	bā dà xíng xīng	56714	in-ing,j-q-x	1
八字打开	bā zì dǎ kāi	56715	ai-ei,z-zh	1
八抬大轿	bā tái dà jiào	56716	ai-ei,j-q-x	1
八斗之才	bā dǒu zhī cái	56717	ai-ei,ao-ou,z-zh,c-ch	1
八方呼应	bā fāng hū yìng	56719	in-ing,an-ang,h-f	1
八方风雨	bā fāng fēng yǔ	56720	en-eng,an-ang,h-f	1
八旗子弟	bā qí zi dì	56721	z-zh,j-q-x	1
八珍玉食	bā zhēn yù shí	56722	en-eng,z-zh,s-sh	1
八纮同轨	bā hóng tóng guǐ	56723	h-f	5
八角茴香	bā jiǎo huí xiāng	56726	ian-iang,h-f,j-q-x	3
八难三灾	bā nàn sān zāi	56729	an-ang,ai-ei,z-zh,s-sh,n-l	1
八面见光	bā miàn jiàn guāng	56730	ian-iang,uan-uang,j-q-x	1
八面驶风	bā miàn shǐ fēng	56731	en-eng,ian-iang,s-sh,h-f	1
公共事业	gōng gòng shì yè	56735	s-sh	1
公共交通	gōng gòng jiāo tōng	56736	j-q-x	1
公共卫生	gōng gòng wèi shēng	56737	en-eng,ai-ei,s-sh	1
公共场所	gōng gòng chǎng suǒ	56738	an-ang,ua-uo,c-ch,s-sh	1
公共建筑	gōng gòng jiàn zhù	56739	ian-iang,z-zh,j-q-x	1
公共秩序	gōng gòng zhì xù	56740	z-zh,j-q-x	1
公共积累	gōng gòng jī lěi	56741	ai-ei,n-l,r-l,j-q-x	1
公司债券	gōng sī zhài quàn	56745	uan-uang,ai-ei,z-zh,s-sh,j-q-x	1
公听并观	gōng tīng bìng guān	56746	in-ing,uan-uang	1
公平合理	gōng píng hé lǐ	56750	in-ing,n-l,h-f,r-l	1
公忠体国	gōng zhōng tǐ guó	56751	ua-uo,z-zh	1
公教人员	gōng jiào rén yuán	56753	en-eng,uan-uang,r-l,j-q-x	1
公明正大	gōng míng zhèng dà	56754	en-eng,in-ing,z-zh	1
公正不阿	gōng zhèng bù ē	56755	en-eng,z-zh	1
公正廉明	gōng zhèng lián míng	56756	en-eng,in-ing,ian-iang,z-zh,n-l,r-l	1
公正廉洁	gōng zhèng lián jié	56757	en-eng,ian-iang,ia-ie,z-zh,n-l,r-l,j-q-x	1
公民投票	gōng mín tóu piào	56758	in-ing,ao-ou	1
公私两便	gōng sī liǎng biàn	56761	ian-iang,s-sh,n-l,r-l	1
公私两济	gōng sī liǎng jì	56762	ian-iang,s-sh,n-l,r-l,j-q-x	1
公立学校	gōng lì xué xiào	56764	n-l,r-l,j-q-x	1
公职人员	gōng zhí rén yuán	56767	en-eng,uan-uang,z-zh,r-l	1
公诸同好	gōng zhū tóng hào	56768	ao-ou,z-zh,h-f	1
公道合理	gōng dào hé lǐ	56769	ao-ou,n-l,h-f,r-l	1
六亲无靠	liù qīn wú kào	56771	in-ing,ao-ou,n-l,r-l,j-q-x	1
六出奇计	liù chū qí jì	56773	c-ch,n-l,r-l,j-q-x	1
六出纷飞	liù chū fēn fēi	56774	en-eng,ai-ei,c-ch,n-l,h-f,r-l	1
六合之内	liù hé zhī nèi	56777	ai-ei,z-zh,n-l,h-f,r-l	1
六尘不染	liù chén bù rǎn	56780	en-eng,an-ang,c-ch,n-l,r-l	1
六尺之孤	liù chǐ zhī gū	56781	z-zh,c-ch,n-l,r-l	1
六月飞霜	liù yuè fēi shuāng	56786	uan-uang,ai-ei,s-sh,n-l,h-f,r-l	1
六朝金粉	liù cháo jīn fěn	56787	en-eng,in-ing,ao-ou,c-ch,n-l,h-f,r-l,j-q-x	1
六根清净	liù gēn qīng jìng	56789	en-eng,in-ing,n-l,r-l,j-q-x	1
六根清静	liù gēn qīng jìng	56790	en-eng,in-ing,n-l,r-l,j-q-x	1
六畜不安	liù chù bù ān	56792	an-ang,c-ch,n-l,r-l	1
六畜兴旺	liù chù xīng wàng	56793	in-ing,an-ang,c-ch,n-l,r-l,j-q-x	1
六神不安	liù shén bù ān	56798	en-eng,an-ang,s-sh,n-l,r-l	1
六臂三头	liù bì sān tóu	56800	an-ang,ao-ou,s-sh,n-l,r-l	1
六街三市	liù jiē sān shì	56801	an-ang,ia-ie,s-sh,n-l,r-l,j-q-x	1
六街三陌	liù jiē sān mò	56802	an-ang,ia-ie,s-sh,n-l,r-l,j-q-x	1
六趣轮回	liù qù lún huí	56804	n-l,h-f,r-l,j-q-x	1
六通四辟	liù tōng sì pì	56805	s-sh,n-l,r-l	1
六通四达	liù tōng sì dá	56806	s-sh,n-l,r-l	1
六道轮回	liù dào lún huí	56807	ao-ou,n-l,h-f,r-l	1
六问三推	liù wèn sān tuī	56808	en-eng,an-ang,s-sh,n-l,r-l	1
六韬三略	liù tāo sān lüè	56809	an-ang,ao-ou,s-sh,n-l,r-l	3
六马仰秣	liù mǎ yǎng mò	56810	an-ang,n-l,r-l	3
兰州大学	lán zhōu dà xué	56811	an-ang,ao-ou,z-zh,n-l,r-l,j-q-x	1
兰摧玉折	lán cuī yù zhé	56812	an-ang,z-zh,c-ch,n-l,r-l	1
兰桂齐芳	lán guì qí fāng	56813	an-ang,n-l,h-f,r-l,j-q-x	1
兰熏桂馥	lán xūn guì fù	56814	an-ang,n-l,h-f,r-l,j-q-x	3
兰艾同焚	lán ài tóng fén	56815	en-eng,an-ang,ai-ei,n-l,h-f,r-l	1
兰艾难分	lán ài nán fēn	56816	en-eng,an-ang,ai-ei,n-l,h-f,r-l	1
兰质熏心	lán zhì xūn xīn	56818	in-ing,an-ang,z-zh,n-l,r-l,j-q-x	1
共为唇齿	gòng wéi chún chǐ	56820	ai-ei,c-ch	1
共同富裕	gòng tóng fù yù	56823	h-f	1
共同市场	gòng tóng shì chǎng	56824	an-ang,c-ch,s-sh	1
共同犯罪	gòng tóng fàn zuì	56825	an-ang,z-zh,h-f	1
共同纲领	gòng tóng gāng lǐng	56827	in-ing,an-ang,n-l,r-l	1
共同语言	gòng tóng yǔ yán	56828	an-ang	1
共挽鹿车	gòng wǎn lù chē	56833	an-ang,c-ch,n-l,r-l	1
共枝别干	gòng zhī bié gàn	56834	an-ang,ia-ie,z-zh	1
共贯同条	gòng guàn tóng tiáo	56842	uan-uang	1
关情脉脉	guān qíng mài mài	56847	in-ing,uan-uang,ai-ei,j-q-x	1
关门落闩	guān mén luò shuān	56852	en-eng,uan-uang,ua-uo,s-sh,n-l,r-l	3
关门闭户	guān mén bì hù	56853	en-eng,uan-uang,h-f	1
兴云致雨	xīng yún zhì yǔ	56857	in-ing,z-zh,j-q-x	1
兴亡祸福	xīng wáng huò fú	56858	in-ing,an-ang,ua-uo,h-f,j-q-x	1
兴亡继绝	xīng wáng jì jué	56859	in-ing,an-ang,j-q-x	1
兴会淋漓	xìng huì lín lí	56861	in-ing,n-l,h-f,r-l,j-q-x	1
兴兵动众	xīng bīng dòng zhòng	56862	in-ing,z-zh,j-q-x	1
兴味索然	xìng wèi suǒ rán	56864	in-ing,an-ang,ai-ei,ua-uo,s-sh,r-l,j-q-x	1
兴如嚼蜡	xìng rú jiáo là	56867	in-ing,n-l,r-l,j-q-x	1
兴妖作乱	xīng yāo zuò luàn	56868	in-ing,uan-uang,ao-ou,ua-uo,z-zh,n-l,r-l,j-q-x	1
兴妖作孽	xīng yāo zuò niè	56869	in-ing,ao-ou,ia-ie,ua-uo,z-zh,n-l,j-q-x	1
兴家立业	xīng jiā lì yè	56871	in-ing,ia-ie,n-l,r-l,j-q-x	1
兴废继绝	xīng fèi jì jué	56873	in-ing,ai-ei,h-f,j-q-x	1
兴微继绝	xīng wēi jì jué	56874	in-ing,ai-ei,j-q-x	1
兴灭继绝	xīng miè jì jué	56876	in-ing,ia-ie,j-q-x	1
兴致淋漓	xìng zhì lín lí	56878	in-ing,z-zh,n-l,r-l,j-q-x	1
兴致索然	xìng zhì suǒ rán	56879	in-ing,an-ang,ua-uo,z-zh,s-sh,r-l,j-q-x	1
兴观群怨	xìng guān qún yuàn	56880	in-ing,uan-uang,j-q-x	1
兴讹造讪	xīng é zào shàn	56881	in-ing,an-ang,ao-ou,z-zh,s-sh,j-q-x	3
兴词构讼	xīng cí gòu sòng	56882	in-ing,ao-ou,c-ch,s-sh,j-q-x	1
兴趣盎然	xìng qù àng rán	56883	in-ing,an-ang,r-l,j-q-x	3
兴邦立国	xīng bāng lì guó	56885	in-ing,an-ang,ua-uo,n-l,r-l,j-q-x	1
兴高彩烈	xìng gāo cǎi liè	56887	in-ing,ai-ei,ao-ou,ia-ie,c-ch,n-l,r-l,j-q-x	1
兵不厌权	bīng bù yàn quán	56888	in-ing,an-ang,uan-uang,j-q-x	1
兵不接刃	bīng bù jiē rèn	56889	en-eng,in-ing,ia-ie,r-l,j-q-x	1
兵不污刃	bīng bù wū rèn	56890	en-eng,in-ing,r-l	1
兵不由将	bīng bù yóu jiàng	56891	in-ing,ian-iang,ao-ou,j-q-x	1
兵不雪刃	bīng bù xuě rèn	56892	en-eng,in-ing,r-l,j-q-x	1
兵在其颈	bīng zài qí jǐng	56893	in-ing,ai-ei,z-zh,j-q-x	1
兵多将广	bīng duō jiàng guǎng	56894	in-ing,ian-iang,uan-uang,ua-uo,j-q-x	1
兵强则灭	bīng qiáng zé miè	56896	in-ing,ian-iang,ia-ie,z-zh,j-q-x	1
兵强将勇	bīng qiáng jiàng yǒng	56897	in-ing,ian-iang,j-q-x	1
兵役制度	bīng yì zhì dù	56898	in-ing,z-zh	1
兵微将寡	bīng wēi jiàng guǎ	56899	in-ing,ian-iang,ai-ei,ua-uo,j-q-x	1
兵无血刃	bīng wú xuè rèn	56900	en-eng,in-ing,r-l,j-q-x	1
兵未血刃	bīng wèi xuè rèn	56901	en-eng,in-ing,ai-ei,r-l,j-q-x	1
兵行诡道	bīng xíng guǐ dào	56902	in-ing,ao-ou,j-q-x	1
兵车之会	bīng chē zhī huì	56903	in-ing,z-zh,c-ch,h-f	1
兵连祸结	bīng lián huò jié	56904	in-ing,ian-iang,ia-ie,ua-uo,n-l,h-f,r-l,j-q-x	1
其乐不穷	qí lè bù qióng	56905	n-l,r-l,j-q-x	1
其势汹汹	qí shì xiōng xiōng	56908	s-sh,j-q-x	1
其味无穷	qí wèi wú qióng	56909	ai-ei,j-q-x	1
其应如响	qí yìng rú xiǎng	56911	in-ing,ian-iang,r-l,j-q-x	1
其应若响	qí yìng ruò xiǎng	56912	in-ing,ian-iang,ua-uo,r-l,j-q-x	1
其道亡繇	qí dào wáng yáo	56913	an-ang,ao-ou,j-q-x	3
其道无由	qí dào wú yóu	56914	ao-ou,j-q-x	1
具体劳动	jù tǐ láo dòng	56915	ao-ou,n-l,r-l,j-q-x	1
典妻鬻子	diǎn qī yù zǐ	56916	ian-iang,z-zh,j-q-x	3
兹事体大	zī shì tǐ dà	56917	z-zh,s-sh	1
养家活口	yǎng jiā huó kǒu	56918	an-ang,ao-ou,ia-ie,ua-uo,h-f,j-q-x	1
养生丧死	yǎng shēng sàng sǐ	56919	en-eng,an-ang,s-sh	1
养精畜锐	yǎng jīng xù ruì	56920	in-ing,an-ang,r-l,j-q-x	1
养虺成蛇	yǎng huǐ chéng shé	56921	en-eng,an-ang,c-ch,s-sh,h-f	3
养音九皋	yǎng yīn jiǔ gāo	56922	in-ing,an-ang,ao-ou,j-q-x	3
兼包并容	jiān bāo bìng róng	56923	in-ing,ian-iang,ao-ou,r-l,j-q-x	1
兼包并畜	jiān bāo bìng chù	56924	in-ing,ian-iang,ao-ou,c-ch,j-q-x	1
兼听则明	jiān tīng zé míng	56925	in-ing,ian-iang,z-zh,j-q-x	1
兼官重绂	jiān guān zhòng fú	56926	ian-iang,uan-uang,z-zh,h-f,j-q-x	3
兼容并蓄	jiān róng bìng xù	56927	in-ing,ian-iang,r-l,j-q-x	1
兼收博采	jiān shōu bó cǎi	56929	ian-iang,ai-ei,ao-ou,c-ch,s-sh,j-q-x	1
兼收并录	jiān shōu bìng lù	56930	in-ing,ian-iang,ao-ou,s-sh,n-l,r-l,j-q-x	1
兼收并畜	jiān shōu bìng chù	56931	in-ing,ian-iang,ao-ou,c-ch,s-sh,j-q-x	1
兼收并采	jiān shōu bìng cǎi	56932	in-ing,ian-iang,ai-ei,ao-ou,c-ch,s-sh,j-q-x	1
兼朱重紫	jiān zhū zhòng zǐ	56933	ian-iang,z-zh,j-q-x	1
兼程并进	jiān chéng bìng jìn	56934	en-eng,in-ing,ian-iang,c-ch,j-q-x	1
兽聚鸟散	shòu jù niǎo sàn	56935	an-ang,ao-ou,s-sh,n-l,j-q-x	1
内修外攘	nèi xiū wài rǎng	56941	an-ang,ai-ei,n-l,r-l,j-q-x	3
内助之贤	nèi zhù zhī xián	56945	ian-iang,ai-ei,z-zh,n-l,j-q-x	1
内圣外王	nèi shèng wài wáng	56949	en-eng,an-ang,ai-ei,s-sh,n-l	1
内容提要	nèi róng tí yào	56951	ai-ei,ao-ou,n-l,r-l	1
内峻外和	nèi jùn wài hé	56954	ai-ei,n-l,h-f,j-q-x	1
内心世界	nèi xīn shì jiè	56957	in-ing,ai-ei,ia-ie,s-sh,n-l,j-q-x	1
内忧外侮	nèi yōu wài wǔ	56960	ai-ei,ao-ou,n-l	1
内柔外刚	nèi róu wài gāng	56963	an-ang,ai-ei,ao-ou,n-l,r-l	1
内省不疚	nèi xǐng bù jiù	56968	in-ing,ai-ei,n-l,j-q-x	1
内紧外松	nèi jǐn wài sōng	56969	in-ing,ai-ei,s-sh,n-l,j-q-x	1
内视反听	nèi shì fǎn tīng	56972	in-ing,an-ang,ai-ei,s-sh,n-l,h-f	1
内部矛盾	nèi bù máo dùn	56974	ai-ei,ao-ou,n-l	1
内顾之忧	nèi gù zhī yōu	56980	ai-ei,ao-ou,z-zh,n-l	1
再不其然	zài bù qí rán	56983	an-ang,ai-ei,z-zh,r-l,j-q-x	1
再作冯妇	zài zuò féng fù	56984	en-eng,ai-ei,ua-uo,z-zh,h-f	1
再别康桥	zài bié kāng qiáo	56986	an-ang,ai-ei,ia-ie,z-zh,j-q-x	1
再生父母	zài shēng fù mǔ	56987	en-eng,ai-ei,z-zh,s-sh,h-f	1
再衰三涸	zài shuāi sān hé	56989	an-ang,ai-ei,z-zh,s-sh,h-f	3
再衰三竭	zài shuāi sān jié	56990	an-ang,ai-ei,ia-ie,z-zh,s-sh,j-q-x	1
冒冒失失	mào mào shī shī	56991	ao-ou,s-sh	1
冒名接脚	mào míng jiē jiǎo	56993	in-ing,ao-ou,ia-ie,j-q-x	1
冒大不韪	mào dà bù wěi	56994	ai-ei,ao-ou	3
冒起火苗	mào qǐ huǒ miáo	56998	ao-ou,ua-uo,h-f,j-q-x	1
冗词赘句	rǒng cí zhuì jù	57003	z-zh,c-ch,r-l,j-q-x	1
军不血刃	jūn bù xuè rèn	57005	en-eng,r-l,j-q-x	1
军事体育	jūn shì tǐ yù	57006	s-sh,j-q-x	1
军事基地	jūn shì jī dì	57007	s-sh,j-q-x	1
军法从事	jūn fǎ cóng shì	57011	c-ch,s-sh,h-f,j-q-x	1
农民协会	nóng mín xié huì	57015	in-ing,ia-ie,n-l,h-f,j-q-x	1
冠上加冠	guān shàng jiā guān	57018	an-ang,uan-uang,ia-ie,s-sh,j-q-x	1
冠上履下	guān shàng lǚ xià	57019	an-ang,uan-uang,ia-ie,s-sh,n-l,r-l,j-q-x	1
冠履倒易	guān lǚ dào yì	57021	uan-uang,ao-ou,n-l,r-l	1
冠履倒置	guān lǚ dào zhì	57022	uan-uang,ao-ou,z-zh,n-l,r-l	1
冠屦倒施	guàn jù dǎo shī	57023	uan-uang,ao-ou,s-sh,j-q-x	3
冠山戴粒	guàn shān dài lì	57024	an-ang,uan-uang,ai-ei,s-sh,n-l,r-l	1
冠状静脉	guān zhuàng jìng mài	57025	in-ing,uan-uang,ai-ei,z-zh,j-q-x	1
冠盖云集	guān gài yún jí	57028	uan-uang,ai-ei,j-q-x	1
冠盖如云	guān gài rú yún	57029	uan-uang,ai-ei,r-l	1
冠盖相属	guān gài xiāng zhǔ	57030	ian-iang,uan-uang,ai-ei,z-zh,j-q-x	1
冠盖相望	guān gài xiāng wàng	57031	an-ang,ian-iang,uan-uang,ai-ei,j-q-x	1
冠绝一时	guàn jué yī shí	57033	uan-uang,s-sh,j-q-x	1
冠袍带履	guān páo dài lǚ	57034	uan-uang,ai-ei,ao-ou,n-l,r-l	1
冢中枯骨	zhǒng zhōng kū gǔ	57035	z-zh	3
冤冤相报	yuān yuān xiāng bào	57036	ian-iang,uan-uang,ao-ou,j-q-x	1
冤天屈地	yuān tiān qū dì	57037	ian-iang,uan-uang,j-q-x	1
冤家对头	yuān jia duì tóu	57039	uan-uang,ao-ou,ia-ie,j-q-x	1
冤家路狭	yuān jia lù xiá	57040	uan-uang,ia-ie,n-l,r-l,j-q-x	1
冤沉海底	yuān chén hǎi dǐ	57041	en-eng,uan-uang,ai-ei,c-ch,h-f	1
冥思苦索	míng sī kǔ suǒ	57042	in-ing,ua-uo,s-sh	1
冥漠之都	míng mò zhī dōu	57043	in-ing,ao-ou,z-zh	1
冥行擿埴	míng xíng zhì zhí	57044	in-ing,z-zh,j-q-x	7
冥行盲索	míng xíng máng suǒ	57045	in-ing,an-ang,ua-uo,s-sh,j-q-x	1
冥顽不化	míng wán bú huà	57046	in-ing,an-ang,ua-uo,h-f	1
冬扇夏炉	dōng shàn xià lú	57047	an-ang,ia-ie,s-sh,n-l,r-l,j-q-x	1
冬日可爱	dōng rì kě ài	57048	ai-ei,r-l	1
冬烘头脑	dōng hōng tóu nǎo	57049	ao-ou,n-l,h-f	1
冬裘夏葛	dōng qiú xià gě	57051	ia-ie,j-q-x	3
冯唐头白	féng táng tóu bái	57052	en-eng,an-ang,ai-ei,ao-ou,h-f	1
冯唐已老	féng táng yǐ lǎo	57053	en-eng,an-ang,ao-ou,n-l,h-f,r-l	1
冯唐易老	féng táng yì lǎo	57054	en-eng,an-ang,ao-ou,n-l,h-f,r-l	1
冯唐白首	féng táng bái shǒu	57055	en-eng,an-ang,ai-ei,ao-ou,s-sh,h-f	1
冯河暴虎	féng hé bào hǔ	57057	en-eng,ao-ou,h-f	1
冯生弹铗	féng shēng dàn jiá	57058	en-eng,an-ang,ia-ie,s-sh,h-f,j-q-x	3
冰上运动	bīng shàng yùn dòng	57059	in-ing,an-ang,s-sh	1
冰山易倒	bīng shān yì dǎo	57060	in-ing,an-ang,ao-ou,s-sh	1
冰山难靠	bīng shān nán kào	57061	in-ing,an-ang,ao-ou,s-sh,n-l	1
冰心一片	bīng xīn yī piàn	57063	in-ing,ian-iang,j-q-x	1
冰散瓦解	bīng sàn wǎ jiě	57064	in-ing,an-ang,ia-ie,s-sh,j-q-x	1
冰消云散	bīng xiāo yún sàn	57068	in-ing,an-ang,s-sh,j-q-x	1
冰消冻解	bīng xiāo dòng jiě	57069	in-ing,ia-ie,j-q-x	1
冰消雾散	bīng xiāo wù sàn	57070	in-ing,an-ang,s-sh,j-q-x	1
冰炭不投	bīng tàn bù tóu	57072	in-ing,an-ang,ao-ou	1
冰解云散	bīng jiě yún sàn	57073	in-ing,an-ang,ia-ie,s-sh,j-q-x	1
冰解冻释	bīng jiě dòng shì	57074	in-ing,ia-ie,s-sh,j-q-x	1
冰解壤分	bīng jiě rǎng fēn	57075	en-eng,in-ing,an-ang,ia-ie,h-f,r-l,j-q-x	1
冰解的破	bīng jiě dì pò	57076	in-ing,ia-ie,j-q-x	1
冰销叶散	bīng xiāo yè sàn	57077	in-ing,an-ang,s-sh,j-q-x	1
冰销雾散	bīng xiāo wù sàn	57078	in-ing,an-ang,s-sh,j-q-x	1
冲云破雾	chōng yún pò wù	57080	c-ch	1
冲冠发怒	chōng guàn fā nù	57082	uan-uang,c-ch,n-l,h-f	1
冲冠怒发	chōng guàn nù fà	57083	uan-uang,c-ch,n-l,h-f	1
冲冠眦裂	chōng guàn zì liè	57084	uan-uang,ia-ie,z-zh,c-ch,n-l,r-l	3
冲口而出	chōng kǒu ér chū	57088	ao-ou,c-ch	1
冲坚毁锐	chōng jiān huǐ ruì	57090	ian-iang,c-ch,h-f,r-l,j-q-x	1
冲州撞府	chōng zhōu zhuàng fǔ	57095	uan-uang,ao-ou,z-zh,c-ch,h-f	1
冲州过府	chōng zhōu guò fǔ	57096	ao-ou,ua-uo,z-zh,c-ch,h-f	1
冲昏头脑	chōng hūn tóu nǎo	57100	ao-ou,c-ch,n-l,h-f	1
冲锋陷坚	chōng fēng xiàn jiān	57110	en-eng,ian-iang,c-ch,h-f,j-q-x	1
冲锋陷锐	chōng fēng xiàn ruì	57111	en-eng,ian-iang,c-ch,h-f,r-l,j-q-x	1
冲风冒雨	chōng fēng mào yǔ	57113	en-eng,ao-ou,c-ch,h-f	1
冲风破浪	chōng fēng pò làng	57114	en-eng,an-ang,c-ch,n-l,h-f,r-l	1
决不待时	jué bù dài shí	57115	ai-ei,s-sh,j-q-x	1
决疣溃痈	jué yóu kuì yōng	57118	ao-ou,j-q-x	3
冶叶倡条	yě yè chàng tiáo	57119	an-ang,c-ch	1
冷嘲热骂	lěng cháo rè mà	57121	en-eng,ao-ou,c-ch,n-l,r-l	1
冷水浇头	lěng shuǐ jiāo tóu	57122	en-eng,ao-ou,s-sh,n-l,r-l,j-q-x	1
冷水浇背	lěng shuǐ jiāo bèi	57123	en-eng,ai-ei,s-sh,n-l,r-l,j-q-x	1
冷眼相待	lěng yǎn xiāng dài	57124	en-eng,an-ang,ian-iang,ai-ei,n-l,r-l,j-q-x	1
冷眼静看	lěng yǎn jìng kàn	57125	en-eng,in-ing,an-ang,n-l,r-l,j-q-x	1
冷若冰霜	lěng ruò bīng shuāng	57126	en-eng,in-ing,uan-uang,ua-uo,s-sh,n-l,r-l	1
冷血动物	lěng xuè dòng wù	57128	en-eng,n-l,r-l,j-q-x	1
冷言热语	lěng yán rè yǔ	57129	en-eng,an-ang,n-l,r-l	1
冷语冰人	lěng yǔ bīng rén	57131	en-eng,in-ing,n-l,r-l	1
冻解冰释	dòng jiě bīng shì	57134	in-ing,ia-ie,s-sh,j-q-x	1
凄风冷雨	qī fēng lěng yǔ	57141	en-eng,n-l,h-f,r-l,j-q-x	1
凄风寒雨	qī fēng hán yǔ	57142	en-eng,an-ang,h-f,j-q-x	1
凄风楚雨	qī fēng chǔ yǔ	57143	en-eng,c-ch,h-f,j-q-x	1
凉了半截	liáng le bàn jié	57148	an-ang,ian-iang,ia-ie,n-l,r-l,j-q-x	1
凌上虐下	líng shàng nüè xià	57150	in-ing,an-ang,ia-ie,s-sh,n-l,r-l,j-q-x	1
凌云壮志	líng yún zhuàng zhì	57151	in-ing,uan-uang,z-zh,n-l,r-l	1
凌弱暴寡	líng ruò bào guǎ	57152	in-ing,ao-ou,ua-uo,n-l,r-l	1
凛若冰霜	lǐn ruò bīng shuāng	57154	in-ing,uan-uang,ua-uo,s-sh,n-l,r-l	1
凛若秋霜	lǐn ruò qiū shuāng	57155	in-ing,uan-uang,ua-uo,s-sh,n-l,r-l,j-q-x	1
凝瞩不转	níng zhǔ bù zhuǎn	57158	in-ing,uan-uang,z-zh,n-l	1
几不欲生	jī bù yù shēng	57160	en-eng,s-sh,j-q-x	1
凡夫肉眼	fán fū ròu yǎn	57171	an-ang,ao-ou,h-f,r-l	1
凡才浅识	fán cái qiǎn shí	57172	an-ang,ian-iang,ai-ei,c-ch,s-sh,h-f,j-q-x	1
凡胎浊体	fán tāi zhuó tǐ	57173	an-ang,ai-ei,ua-uo,z-zh,h-f	1
凡胎浊骨	fán tāi zhuó gǔ	57174	an-ang,ai-ei,ua-uo,z-zh,h-f	1
凤冠霞帔	fèng guān xiá pèi	57176	en-eng,uan-uang,ai-ei,ia-ie,h-f,j-q-x	3
凤协鸾和	fèng xié luán hé	57177	en-eng,uan-uang,ia-ie,n-l,h-f,r-l,j-q-x	3
凤只鸾孤	fèng zhī luán gū	57178	en-eng,uan-uang,z-zh,n-l,h-f,r-l	3
凤子龙孙	fèng zǐ lóng sūn	57180	en-eng,z-zh,s-sh,n-l,h-f,r-l	1
凤枭同巢	fèng xiāo tóng cháo	57183	en-eng,ao-ou,c-ch,h-f,j-q-x	3
凤楼龙阙	fèng lóu lóng què	57184	en-eng,ao-ou,n-l,h-f,r-l,j-q-x	3
凤毛济美	fèng máo jì měi	57185	en-eng,ai-ei,ao-ou,h-f,j-q-x	1
凤泊鸾漂	fèng bó luán piāo	57186	en-eng,uan-uang,n-l,h-f,r-l	3
凤泊鸾飘	fèng bó luán piāo	57187	en-eng,uan-uang,n-l,h-f,r-l	3
凤采鸾章	fèng cǎi luán zhāng	57189	en-eng,an-ang,uan-uang,ai-ei,z-zh,c-ch,n-l,h-f,r-l	3
凤食鸾栖	fèng shí luán qī	57190	en-eng,uan-uang,s-sh,n-l,h-f,r-l,j-q-x	3
凤骨龙姿	fèng gǔ lóng zī	57191	en-eng,z-zh,n-l,h-f,r-l	1
凤鸣朝阳	fèng míng zhāo yáng	57192	en-eng,in-ing,an-ang,ao-ou,z-zh,h-f	1
凫短鹤长	fú duǎn hè cháng	57193	an-ang,uan-uang,c-ch,h-f	3
凫趋雀跃	fú qū què yuè	57194	h-f,j-q-x	3
凫鹤从方	fú hè cóng fāng	57195	an-ang,c-ch,h-f	3
凭几之诏	píng jǐ zhī zhào	57197	in-ing,ao-ou,z-zh,j-q-x	3
凭几据杖	píng jī jù zhàng	57198	in-ing,an-ang,z-zh,j-q-x	1
凭空捏造	píng kōng niē zào	57199	in-ing,ao-ou,ia-ie,z-zh,n-l	1
凭轼旁观	píng shì páng guān	57201	in-ing,an-ang,uan-uang,s-sh	3
凭轼结辙	píng shì jié zhé	57202	in-ing,ia-ie,z-zh,s-sh,j-q-x	3
凶喘肤汗	xiōng chuǎn fū hàn	57203	an-ang,uan-uang,c-ch,h-f,j-q-x	1
凸版印刷	tū bǎn yìn shuā	57205	in-ing,an-ang,ua-uo,s-sh	1
凹版印刷	āo bǎn yìn shuā	57209	in-ing,an-ang,ao-ou,ua-uo,s-sh	1
出一头地	chū yī tóu dì	57212	ao-ou,c-ch	1
出乖弄丑	chū guāi nòng chǒu	57213	ao-ou,c-ch,n-l	1
出云入泥	chū yún rù ní	57214	c-ch,n-l,r-l	1
出何典记	chū hé diǎn jì	57215	ian-iang,c-ch,h-f,j-q-x	1
出何经典	chū hé jīng diǎn	57216	in-ing,ian-iang,c-ch,h-f,j-q-x	1
出入将相	chū rù jiàng xiàng	57217	ian-iang,c-ch,r-l,j-q-x	1
出入无间	chū rù wú jiān	57218	ian-iang,c-ch,r-l,j-q-x	1
出其不备	chū qí bù bèi	57219	ai-ei,c-ch,j-q-x	1
出其不虞	chū qí bù yú	57220	c-ch,j-q-x	3
出内之吝	chū nèi zhī lìn	57221	in-ing,ai-ei,z-zh,c-ch,n-l,r-l	1
出厂价格	chū chǎng jià gé	57222	an-ang,ia-ie,c-ch,j-q-x	1
出处殊涂	chū chǔ shū tú	57224	c-ch,s-sh	1
出处殊途	chū chǔ shū tú	57225	c-ch,s-sh	1
出处语默	chū chǔ yǔ mò	57226	c-ch	1
出处进退	chū chǔ jìn tuì	57227	in-ing,c-ch,j-q-x	1
出头之日	chū tóu zhī rì	57228	ao-ou,z-zh,c-ch,r-l	1
出奇不穷	chū qí bù qióng	57229	c-ch,j-q-x	1
出奇划策	chū qí huà cè	57230	ua-uo,c-ch,h-f,j-q-x	1
出奇取胜	chū qí qǔ shèng	57231	en-eng,c-ch,s-sh,j-q-x	1
出奇无穷	chū qí wú qióng	57232	c-ch,j-q-x	1
出奇致胜	chū qí zhì shèng	57233	en-eng,z-zh,c-ch,s-sh,j-q-x	1
出尘不染	chū chén bù rǎn	57234	en-eng,an-ang,c-ch,r-l	1
出师不利	chū shī bù lì	57236	c-ch,s-sh,n-l,r-l	1
出师有名	chū shī yǒu míng	57237	in-ing,ao-ou,c-ch,s-sh	1
出手得卢	chū shǒu dé lú	57238	ao-ou,c-ch,s-sh,n-l,r-l	1
出敌不意	chū dí bù yì	57239	c-ch	1
出有入无	chū yǒu rù wú	57240	ao-ou,c-ch,r-l	1
出死断亡	chū sǐ duàn wáng	57241	an-ang,uan-uang,c-ch,s-sh	1
出没不常	chū mò bù cháng	57242	an-ang,c-ch	1
出没无常	chū mò wú cháng	57243	an-ang,c-ch	1
出浅入深	chū qiǎn rù shēn	57244	en-eng,ian-iang,c-ch,s-sh,r-l,j-q-x	1
出言吐气	chū yán tǔ qì	57246	an-ang,c-ch,j-q-x	1
出言吐词	chū yán tǔ cí	57247	an-ang,c-ch	1
出言吐语	chū yán tǔ yǔ	57248	an-ang,c-ch	1
出言有章	chū yán yǒu zhāng	57249	an-ang,ao-ou,z-zh,c-ch	1
出词吐气	chū cí tǔ qì	57250	c-ch,j-q-x	1
出语成章	chū yǔ chéng zhāng	57251	en-eng,an-ang,z-zh,c-ch	1
出门合辙	chū mén hé zhé	57252	en-eng,z-zh,c-ch,h-f	1
出门应辙	chū mén yīng zhé	57253	en-eng,in-ing,z-zh,c-ch	1
击中要害	jī zhòng yào hài	57254	ai-ei,ao-ou,z-zh,h-f,j-q-x	1
击其不意	jī qí bù yì	57255	j-q-x	1
击排冒没	jī pái mào mò	57256	ai-ei,ao-ou,j-q-x	1
击搏挽裂	jī bó wǎn liè	57257	an-ang,ia-ie,n-l,r-l,j-q-x	1
击楫中流	jī jí zhōng liú	57258	z-zh,n-l,r-l,j-q-x	3
击毂摩肩	jī gǔ mó jiān	57259	ian-iang,j-q-x	3
击电奔星	jī diàn bēn xīng	57260	en-eng,in-ing,ian-iang,j-q-x	1
击石弹丝	jī shí tán sī	57261	an-ang,s-sh,j-q-x	1
击筑悲歌	jī zhù bēi gē	57262	ai-ei,z-zh,j-q-x	1
击节叹赏	jī jié tàn shǎng	57264	an-ang,ia-ie,s-sh,j-q-x	1
击节称赏	jī jié chēng shǎng	57265	en-eng,an-ang,ia-ie,c-ch,s-sh,j-q-x	1
击钟鼎食	jī zhōng dǐng shí	57266	in-ing,z-zh,s-sh,j-q-x	1
函授学校	hán shòu xué xiào	57268	an-ang,ao-ou,s-sh,h-f,j-q-x	1
函盖乾坤	hán gài qián kūn	57269	an-ang,ian-iang,ai-ei,h-f,j-q-x	1
函盖充周	hán gài chōng zhōu	57270	an-ang,ai-ei,ao-ou,z-zh,c-ch,h-f	1
函矢相攻	hán shǐ xiāng gōng	57271	an-ang,ian-iang,s-sh,h-f,j-q-x	1
凿凿可据	záo záo kě jù	57272	ao-ou,z-zh,j-q-x	1
凿凿有据	záo záo yǒu jù	57273	ao-ou,z-zh,j-q-x	1
凿坏以遁	záo pī yǐ dùn	57274	ao-ou,z-zh	3
凿坏而遁	záo pī ér dùn	57275	ao-ou,z-zh	3
凿空之论	záo kōng zhī lùn	57276	ao-ou,z-zh,n-l,r-l	1
凿空取办	záo kōng qǔ bàn	57277	an-ang,ao-ou,z-zh,j-q-x	1
凿空投隙	záo kōng tóu xì	57278	ao-ou,z-zh,j-q-x	1
凿饮耕食	záo yǐn gēng shí	57279	en-eng,in-ing,ao-ou,z-zh,s-sh	1
凿骨捣髓	záo gǔ dǎo suǐ	57280	ao-ou,z-zh,s-sh	1
凿龟数策	záo guī shǔ cè	57281	ao-ou,z-zh,c-ch,s-sh	1
刀光血影	dāo guāng xuè yǐng	57282	in-ing,uan-uang,ao-ou,j-q-x	1
刀刀见血	dāo dāo jiàn xiě	57283	ian-iang,ao-ou,ia-ie,j-q-x	1
刀头剑首	dāo tóu jiàn shǒu	57286	ian-iang,ao-ou,s-sh,j-q-x	1
刀头燕尾	dāo tóu yàn wěi	57287	an-ang,ai-ei,ao-ou	1
刀头舔蜜	dāo tóu tiǎn mì	57288	ian-iang,ao-ou	1
刀过竹解	dāo guò zhú jiě	57290	ao-ou,ia-ie,ua-uo,z-zh,j-q-x	1
刁天决地	diāo tiān jué dì	57292	ian-iang,j-q-x	1
刁斗森严	diāo dǒu sēn yán	57293	en-eng,an-ang,ao-ou,s-sh	1
刁钻促狭	diāo zuān cù xiá	57294	uan-uang,ia-ie,z-zh,c-ch,j-q-x	1
刁钻刻薄	diāo zuān kè bó	57295	uan-uang,z-zh	1
刃迎缕解	rèn yíng lǚ jiě	57296	en-eng,in-ing,ia-ie,n-l,r-l,j-q-x	1
分三别两	fēn sān bié liǎng	57297	en-eng,an-ang,ian-iang,ia-ie,s-sh,n-l,h-f,r-l	1
分丝析缕	fēn sī xī lǚ	57298	en-eng,s-sh,n-l,h-f,r-l,j-q-x	1
分内之事	fèn nèi zhī shì	57302	en-eng,ai-ei,z-zh,s-sh,n-l,h-f	1
分别部居	fēn bié bù jū	57304	en-eng,ia-ie,h-f,j-q-x	1
分别门户	fēn bié mén hù	57305	en-eng,ia-ie,h-f	1
分劳赴功	fēn láo fù gōng	57307	en-eng,ao-ou,n-l,h-f,r-l	1
分化瓦解	fēn huà wǎ jiě	57308	en-eng,ia-ie,ua-uo,h-f,j-q-x	1
分厘毫丝	fēn lí háo sī	57309	en-eng,ao-ou,s-sh,n-l,h-f,r-l	1
分外妖娆	fèn wài yāo ráo	57313	en-eng,ai-ei,ao-ou,h-f,r-l	3
分子晶体	fēn zǐ jīng tǐ	57315	en-eng,in-ing,z-zh,h-f,j-q-x	1
分子结构	fēn zǐ jié gòu	57317	en-eng,ao-ou,ia-ie,z-zh,h-f,j-q-x	1
分守要津	fēn shǒu yào jīn	57320	en-eng,in-ing,ao-ou,s-sh,h-f,j-q-x	1
分宵达曙	fēn xiāo dá shǔ	57322	en-eng,s-sh,h-f,j-q-x	1
分家析产	fēn jiā xī chǎn	57323	en-eng,an-ang,ia-ie,c-ch,h-f,j-q-x	1
分寸之末	fēn cùn zhī mò	57324	en-eng,z-zh,c-ch,h-f	1
分居异爨	fēn jū yì cuàn	57326	en-eng,uan-uang,c-ch,h-f,j-q-x	3
分工合作	fēn gōng hé zuò	57329	en-eng,ua-uo,z-zh,h-f	1
分床同梦	fēn chuáng tóng mèng	57330	en-eng,uan-uang,c-ch,h-f	1
分庭伉礼	fēn tíng kàng lǐ	57331	en-eng,in-ing,an-ang,n-l,h-f,r-l	3
分形共气	fēn xíng gòng qì	57334	en-eng,in-ing,h-f,j-q-x	1
分形同气	fēn xíng tóng qì	57335	en-eng,in-ing,h-f,j-q-x	1
分形连气	fēn xíng lián qì	57336	en-eng,in-ing,ian-iang,n-l,h-f,r-l,j-q-x	1
分心挂腹	fēn xīn guà fù	57337	en-eng,in-ing,ua-uo,h-f,j-q-x	1
分情破爱	fēn qíng pò ài	57338	en-eng,in-ing,ai-ei,h-f,j-q-x	1
分我杯羹	fēn wǒ bēi gēng	57339	en-eng,ai-ei,h-f	1
分房减口	fēn fáng jiǎn kǒu	57341	en-eng,an-ang,ian-iang,ao-ou,h-f,j-q-x	1
分散主义	fēn sàn zhǔ yì	57342	en-eng,an-ang,z-zh,s-sh,h-f	1
分散染料	fēn sǎn rǎn liào	57343	en-eng,an-ang,s-sh,n-l,h-f,r-l	1
分文不值	fēn wén bù zhí	57344	en-eng,z-zh,h-f	1
分文不取	fēn wén bù qǔ	57345	en-eng,h-f,j-q-x	1
分文不名	fēn wén bù míng	57346	en-eng,in-ing,h-f	1
分文不直	fēn wén bù zhí	57347	en-eng,z-zh,h-f	1
分文未取	fēn wén wèi qǔ	57348	en-eng,ai-ei,h-f,j-q-x	1
分斤拨两	fēn jīn bō liǎng	57349	en-eng,in-ing,ian-iang,n-l,h-f,r-l,j-q-x	1
分斤掰两	fēn jīn bāi liǎng	57350	en-eng,in-ing,ian-iang,ai-ei,n-l,h-f,r-l,j-q-x	1
分星劈两	fēn xīng pī liǎng	57352	en-eng,in-ing,ian-iang,n-l,h-f,r-l,j-q-x	1
分星拨两	fēn xīng bō liǎng	57353	en-eng,in-ing,ian-iang,n-l,h-f,r-l,j-q-x	1
分星擘两	fēn xīng bò liǎng	57354	en-eng,in-ing,ian-iang,n-l,h-f,r-l,j-q-x	3
分朋引类	fēn péng yǐn lèi	57355	en-eng,in-ing,ai-ei,n-l,h-f,r-l	1
分条析理	fēn tiáo xī lǐ	57356	en-eng,n-l,h-f,r-l,j-q-x	1
分毫不值	fēn háo bù zhí	57361	en-eng,ao-ou,z-zh,h-f	1
分毫不取	fēn háo bù qǔ	57362	en-eng,ao-ou,h-f,j-q-x	1
分毫不差	fēn háo bù chā	57363	en-eng,ao-ou,c-ch,h-f	1
分毫不爽	fēn háo bù shuǎng	57364	en-eng,uan-uang,ao-ou,s-sh,h-f	1
分毫无爽	fēn háo wú shuǎng	57365	en-eng,uan-uang,ao-ou,s-sh,h-f	1
分毫析厘	fēn háo xī lí	57366	en-eng,ao-ou,n-l,h-f,r-l,j-q-x	1
分烟析产	fēn yān xī chǎn	57371	en-eng,an-ang,c-ch,h-f,j-q-x	1
分烟析生	fēn yān xī shēng	57372	en-eng,an-ang,s-sh,h-f,j-q-x	1
分甘共苦	fēn gān gòng kǔ	57376	en-eng,an-ang,h-f	1
分甘同苦	fēn gān tóng kǔ	57377	en-eng,an-ang,h-f	1
分甘绝少	fēn gān jué shǎo	57378	en-eng,an-ang,ao-ou,s-sh,h-f,j-q-x	1
分章析句	fēn zhāng xī jù	57379	en-eng,an-ang,z-zh,h-f,j-q-x	1
分花拂柳	fēn huā fú liǔ	57385	en-eng,ua-uo,n-l,h-f,r-l	1
分花约柳	fēn huā yuē liǔ	57386	en-eng,ua-uo,n-l,h-f,r-l	1
分茅列土	fēn máo liè tǔ	57387	en-eng,ao-ou,ia-ie,n-l,h-f,r-l	1
分茅胙土	fēn máo zuò tǔ	57388	en-eng,ao-ou,ua-uo,z-zh,h-f	3
分茅裂土	fēn máo liè tǔ	57389	en-eng,ao-ou,ia-ie,n-l,h-f,r-l	1
分茅赐土	fēn máo cì tǔ	57390	en-eng,ao-ou,c-ch,h-f	1
分茅锡土	fēn máo xī tǔ	57391	en-eng,ao-ou,h-f,j-q-x	1
分贫振穷	fēn pín zhèn qióng	57396	en-eng,in-ing,z-zh,h-f,j-q-x	1
分路扬镳	fēn lù yáng biāo	57397	en-eng,an-ang,n-l,h-f,r-l	3
分身减口	fēn shēn jiǎn kǒu	57398	en-eng,ian-iang,ao-ou,s-sh,h-f,j-q-x	1
分身无术	fēn shēn wú shù	57399	en-eng,s-sh,h-f	1
分进合击	fēn jìn hé jī	57401	en-eng,in-ing,h-f,j-q-x	1
分金掰两	fēn jīn bāi liǎng	57404	en-eng,in-ing,ian-iang,ai-ei,n-l,h-f,r-l,j-q-x	1
分钗劈凤	fēn chāi pī fèng	57405	en-eng,ai-ei,c-ch,h-f	3
分钗断带	fēn chāi duàn dài	57406	en-eng,uan-uang,ai-ei,c-ch,h-f	3
分钗破镜	fēn chāi pò jìng	57407	en-eng,in-ing,ai-ei,c-ch,h-f,j-q-x	3
分门别户	fēn mén bié hù	57409	en-eng,ia-ie,h-f	1
分鞋破镜	fēn xié pò jìng	57412	en-eng,in-ing,ia-ie,h-f,j-q-x	1
分风劈流	fēn fēng pǐ liú	57414	en-eng,n-l,h-f,r-l	1
分香卖履	fēn xiāng mài lǚ	57417	en-eng,ian-iang,ai-ei,n-l,h-f,r-l,j-q-x	1
切中事理	qiè zhòng shì lǐ	57419	ia-ie,z-zh,s-sh,n-l,r-l,j-q-x	1
切中时弊	qiè zhòng shí bì	57420	ia-ie,z-zh,s-sh,j-q-x	1
切中时病	qiè zhòng shí bìng	57421	in-ing,ia-ie,z-zh,s-sh,j-q-x	1
切中要害	qiè zhòng yào hài	57422	ai-ei,ao-ou,ia-ie,z-zh,h-f,j-q-x	1
切切在心	qiè qiè zài xīn	57423	in-ing,ai-ei,ia-ie,z-zh,j-q-x	1
切切实实	qiè qiè shí shí	57424	ia-ie,s-sh,j-q-x	1
切切此令	qiè qiè cǐ lìng	57425	in-ing,ia-ie,c-ch,n-l,r-l,j-q-x	1
切切此布	qiè qiè cǐ bù	57426	ia-ie,c-ch,j-q-x	1
切切牢记	qiè qiè láo jì	57427	ao-ou,ia-ie,n-l,r-l,j-q-x	1
切切私语	qiè qiè sī yǔ	57428	ia-ie,s-sh,j-q-x	1
切切请求	qiè qiè qǐng qiú	57429	in-ing,ia-ie,j-q-x	1
切力效应	qiē lì xiào yìng	57430	in-ing,ia-ie,n-l,r-l,j-q-x	1
切勿倒置	qiè wù dào zhì	57431	ao-ou,ia-ie,z-zh,j-q-x	1
切勿受潮	qiè wù shòu cháo	57432	ao-ou,ia-ie,c-ch,s-sh,j-q-x	1
切勿吸烟	qiè wù xī yān	57433	an-ang,ia-ie,j-q-x	1
切勿靠近	qiè wù kào jìn	57434	in-ing,ao-ou,ia-ie,j-q-x	1
切勿颠倒	qiè wù diān dǎo	57435	ian-iang,ao-ou,ia-ie,j-q-x	1
切合实际	qiè hé shí jì	57437	ia-ie,s-sh,h-f,j-q-x	1
切树倒根	qiē shù dǎo gēn	57443	en-eng,ao-ou,ia-ie,s-sh,j-q-x	1
切理会心	qiē lǐ huì xīn	57446	in-ing,ia-ie,n-l,h-f,r-l,j-q-x	1
切理厌心	qiē lǐ yàn xīn	57447	in-ing,an-ang,ia-ie,n-l,r-l,j-q-x	1
切理餍心	qiē lǐ yàn xīn	57448	in-ing,an-ang,ia-ie,n-l,r-l,j-q-x	3
切瑳琢磨	qiē cuō zhuó mó	57449	ia-ie,ua-uo,z-zh,c-ch,j-q-x	5
切磋琢磨	qiē cuō zhuó mó	57450	ia-ie,ua-uo,z-zh,c-ch,j-q-x	3
切身体会	qiè shēn tǐ huì	57456	en-eng,ia-ie,s-sh,h-f,j-q-x	1
切身体验	qiè shēn tǐ yàn	57457	en-eng,an-ang,ia-ie,s-sh,j-q-x	1
切身利害	qiè shēn lì hài	57458	en-eng,ai-ei,ia-ie,s-sh,n-l,h-f,r-l,j-q-x	1
切身大事	qiè shēn dà shì	57459	en-eng,ia-ie,s-sh,j-q-x	1
切近的当	qiē jìn de dāng	57460	in-ing,an-ang,ia-ie,j-q-x	1
切骨之仇	qiè gǔ zhī chóu	57464	ao-ou,ia-ie,z-zh,c-ch,j-q-x	1
切骨之寒	qiè gǔ zhī hán	57465	an-ang,ia-ie,z-zh,h-f,j-q-x	1
切骨之恨	qiè gǔ zhī hèn	57466	en-eng,ia-ie,z-zh,h-f,j-q-x	1
切齿咒骂	qiè chǐ zhòu mà	57467	ao-ou,ia-ie,z-zh,c-ch,j-q-x	1
切齿拊心	qiè chǐ fǔ xīn	57468	in-ing,ia-ie,c-ch,h-f,j-q-x	3
切齿痛心	qiè chǐ tòng xīn	57469	in-ing,ia-ie,c-ch,j-q-x	1
切齿痛恨	qiè chǐ tòng hèn	57470	en-eng,ia-ie,c-ch,h-f,j-q-x	1
切齿腐心	qiè chǐ fǔ xīn	57471	in-ing,ia-ie,c-ch,h-f,j-q-x	1
刊心刻骨	kān xīn kè gǔ	57472	in-ing,an-ang,j-q-x	1
刍荛之见	chú ráo zhī jiàn	57473	ian-iang,ao-ou,z-zh,c-ch,r-l,j-q-x	7
刎颈之交	wěn jǐng zhī jiāo	57475	en-eng,in-ing,z-zh,j-q-x	3
刑事责任	xíng shì zé rèn	57476	en-eng,in-ing,z-zh,s-sh,r-l,j-q-x	1
刑于之化	xíng yú zhī huà	57477	in-ing,ua-uo,z-zh,h-f,j-q-x	1
刑措不用	xíng cuò bù yòng	57478	in-ing,ua-uo,c-ch,j-q-x	1
刑期无刑	xíng qī wú xíng	57479	in-ing,j-q-x	1
划一不二	huà yī bù èr	57481	ua-uo,h-f	1
划地为牢	huá dì wéi láo	57483	ai-ei,ao-ou,ua-uo,n-l,h-f,r-l	1
划粥割齑	huà zhōu gē jī	57485	ao-ou,ua-uo,z-zh,h-f,j-q-x	3
列功覆过	liè gōng fù guò	57489	ia-ie,ua-uo,n-l,h-f,r-l	1
列土分茅	liè tǔ fēn máo	57490	en-eng,ao-ou,ia-ie,n-l,h-f,r-l	1
列土封疆	liè tǔ fēng jiāng	57491	en-eng,ian-iang,ia-ie,n-l,h-f,r-l,j-q-x	1
列宁主义	liè níng zhǔ yì	57492	in-ing,ia-ie,z-zh,n-l,r-l	1
列风淫雨	liè fēng yín yǔ	57494	en-eng,in-ing,ia-ie,n-l,h-f,r-l	1
列鼎而食	liè dǐng ér shí	57495	in-ing,ia-ie,s-sh,n-l,r-l	1
刘毅答诏	liú yì dá zhào	57496	ao-ou,z-zh,n-l,r-l	3
刘郎前度	liú láng qián dù	57497	an-ang,ian-iang,n-l,r-l,j-q-x	1
刚中柔外	gāng zhōng róu wài	57499	an-ang,ai-ei,ao-ou,z-zh,r-l	1
刚肠嫉恶	gāng cháng jí è	57503	an-ang,c-ch,j-q-x	1
创业垂统	chuàng yè chuí tǒng	57506	uan-uang,c-ch	1
创业维艰	chuàng yè wéi jiān	57507	ian-iang,uan-uang,ai-ei,c-ch,j-q-x	1
创作方法	chuàng zuò fāng fǎ	57508	an-ang,uan-uang,ua-uo,z-zh,c-ch,h-f	1
创剧痛深	chuàng jù tòng shēn	57511	en-eng,uan-uang,c-ch,s-sh,j-q-x	1
创巨痛仍	chuàng jù tòng réng	57512	en-eng,uan-uang,c-ch,r-l,j-q-x	1
创巨痛深	chuāng jù tòng shēn	57513	en-eng,uan-uang,c-ch,s-sh,j-q-x	1
创意造言	chuàng yì zào yán	57514	an-ang,uan-uang,ao-ou,z-zh,c-ch	1
创钜痛仍	chuàng jù tòng réng	57516	en-eng,uan-uang,c-ch,r-l,j-q-x	5
创钜痛深	chuàng jù tòng shēn	57517	en-eng,uan-uang,c-ch,s-sh,j-q-x	5
初等教育	chū děng jiào yù	57519	en-eng,c-ch,j-q-x	1
初级中学	chū jí zhōng xué	57520	z-zh,c-ch,j-q-x	1
删华就素	shān huá jiù sù	57522	an-ang,ua-uo,s-sh,h-f,j-q-x	1
判然不同	pàn rán bù tóng	57526	an-ang,r-l	1
判若云泥	pàn ruò yún ní	57527	an-ang,ua-uo,n-l,r-l	1
判若天渊	pàn ruò tiān yuān	57528	an-ang,ian-iang,uan-uang,ua-uo,r-l	1
判若水火	pàn ruò shuǐ huǒ	57529	an-ang,ua-uo,s-sh,h-f,r-l	1
判若鸿沟	pàn ruò hóng gōu	57530	an-ang,ao-ou,ua-uo,h-f,r-l	1
刨树搜根	páo shù sōu gēn	57536	en-eng,ao-ou,s-sh	1
刨根究底	páo gēn jiū dǐ	57537	en-eng,ao-ou,j-q-x	1
利不亏义	lì bù kuī yì	57538	n-l,r-l	1
利令志惛	lì lìng zhì hūn	57539	in-ing,z-zh,n-l,h-f,r-l	5
利口捷给	lì kǒu jié jǐ	57540	ao-ou,ia-ie,n-l,r-l,j-q-x	1
利害得失	lì hài dé shī	57541	ai-ei,s-sh,n-l,h-f,r-l	1
利害相关	lì hài xiāng guān	57542	ian-iang,uan-uang,ai-ei,n-l,h-f,r-l,j-q-x	1
利灾乐祸	lì zāi lè huò	57545	ai-ei,ua-uo,z-zh,n-l,h-f,r-l	1
利齿能牙	lì chǐ néng yá	57546	en-eng,c-ch,n-l,r-l	1
别作一眼	bié zuò yī yǎn	57549	an-ang,ia-ie,ua-uo,z-zh	1
别作良图	bié zuò liáng tú	57550	ian-iang,ia-ie,ua-uo,z-zh,n-l,r-l	1
别具只眼	bié jù zhī yǎn	57551	an-ang,ia-ie,z-zh,j-q-x	1
别具心肠	bié jù xīn cháng	57552	in-ing,an-ang,ia-ie,c-ch,j-q-x	1
别具慧眼	bié jù huì yǎn	57553	an-ang,ia-ie,h-f,j-q-x	1
别具手眼	bié jù shǒu yǎn	57554	an-ang,ao-ou,ia-ie,s-sh,j-q-x	1
别具肺肠	bié jù fèi cháng	57555	an-ang,ai-ei,ia-ie,c-ch,h-f,j-q-x	1
别出手眼	bié chū shǒu yǎn	57556	an-ang,ao-ou,ia-ie,c-ch,s-sh	1
别出新意	bié chū xīn yì	57557	in-ing,ia-ie,c-ch,j-q-x	1
别出新裁	bié chū xīn cái	57558	in-ing,ai-ei,ia-ie,c-ch,j-q-x	1
别出机杼	bié chū jī zhù	57559	ia-ie,z-zh,c-ch,j-q-x	3
别创一格	bié chuàng yí gé	57560	uan-uang,ia-ie,c-ch	1
别居异财	bié jū yì cái	57564	ai-ei,ia-ie,c-ch,j-q-x	1
别开一格	bié kāi yí gé	57565	ai-ei,ia-ie	1
别开蹊径	bié kāi xī jìng	57566	in-ing,ai-ei,ia-ie,j-q-x	3
别抱琵琶	bié bào pí pá	57568	ao-ou,ia-ie	3
别无他物	bié wú tā wù	57570	ia-ie	1
别无出路	bié wú chū lù	57571	ia-ie,c-ch,n-l,r-l	1
别无分店	bié wú fēn diàn	57572	en-eng,ian-iang,ia-ie,h-f	1
别有人间	bié yǒu rén jiān	57574	en-eng,ian-iang,ao-ou,ia-ie,r-l,j-q-x	1
别有心肝	bié yǒu xīn gān	57575	in-ing,an-ang,ao-ou,ia-ie,j-q-x	1
别有心肠	bié yǒu xīn cháng	57576	in-ing,an-ang,ao-ou,ia-ie,c-ch,j-q-x	1
别有滋味	bié yǒu zī wèi	57577	ai-ei,ao-ou,ia-ie,z-zh	1
别有肺肠	bié yǒu fèi cháng	57578	an-ang,ai-ei,ao-ou,ia-ie,c-ch,h-f	1
别有风趣	bié yǒu fēng qù	57579	en-eng,ao-ou,ia-ie,h-f,j-q-x	1
别来无恙	bié lái wú yàng	57581	an-ang,ai-ei,ia-ie,n-l,r-l	3
别树一旗	bié shù yī qí	57582	ia-ie,s-sh,j-q-x	1
别生枝节	bié shēng zhī jié	57583	en-eng,ia-ie,z-zh,s-sh,j-q-x	1
别籍异居	bié jí yì jū	57585	ia-ie,j-q-x	1
别籍异财	bié jí yì cái	57586	ai-ei,ia-ie,c-ch,j-q-x	1
别类分门	bié lèi fēn mén	57587	en-eng,ai-ei,ia-ie,n-l,h-f,r-l	1
别置一喙	bié zhì yī huì	57588	ia-ie,z-zh,h-f	3
别财异居	bié cái yì jū	57589	ai-ei,ia-ie,c-ch,j-q-x	1
别风淮雨	bié fēng huái yǔ	57591	en-eng,ia-ie,h-f	1
别饶风致	bié ráo fēng zhì	57592	en-eng,ao-ou,ia-ie,z-zh,h-f,r-l	1
别鹤孤鸾	bié hè gū luán	57594	uan-uang,ia-ie,n-l,h-f,r-l	3
别鹤离鸾	bié hè lí luán	57595	uan-uang,ia-ie,n-l,h-f,r-l	3
刬恶锄奸	chǎn è chú jiān	57596	an-ang,ian-iang,c-ch,j-q-x	5
刬旧谋新	chǎn jiù móu xīn	57597	in-ing,an-ang,ao-ou,c-ch,j-q-x	5
刬草除根	chǎn cǎo chú gēn	57598	en-eng,an-ang,ao-ou,c-ch	5
刮垢磨光	guā gòu mó guāng	57599	uan-uang,ao-ou,ua-uo	1
刮垢磨痕	guā gòu mó hén	57600	en-eng,ao-ou,ua-uo,h-f	1
刮目相待	guā mù xiāng dài	57601	ian-iang,ai-ei,ua-uo,j-q-x	1
刮目相见	guā mù xiāng jiàn	57602	ian-iang,ua-uo,j-q-x	1
刮肠洗胃	guā cháng xǐ wèi	57603	an-ang,ai-ei,ua-uo,c-ch,j-q-x	1
刮野扫地	guā yě sǎo dì	57604	ao-ou,ua-uo,s-sh	1
刮骨去毒	guā gǔ qù dú	57605	ua-uo,j-q-x	1
刮骨抽筋	guā gǔ chōu jīn	57606	in-ing,ao-ou,ua-uo,c-ch,j-q-x	1
到此为止	dào cǐ wéi zhǐ	57608	ai-ei,ao-ou,z-zh,c-ch	1
刳精呕血	kū jīng ǒu xuè	57609	in-ing,ao-ou,j-q-x	3
刳脂剔膏	kū zhī tī gāo	57610	ao-ou,z-zh	3
刺上化下	cì shàng huà xià	57622	an-ang,ia-ie,ua-uo,c-ch,s-sh,h-f,j-q-x	1
刺心切骨	cì xīn qiè gǔ	57627	in-ing,ia-ie,c-ch,j-q-x	1
刺心刻骨	cì xīn kè gǔ	57628	in-ing,c-ch,j-q-x	1
刺心裂肝	cì xīn liè gān	57629	in-ing,an-ang,ia-ie,c-ch,n-l,r-l,j-q-x	1
刺的一声	cī de yī shēng	57635	en-eng,c-ch,s-sh	1
刺股悬梁	cì gǔ xuán liáng	57638	ian-iang,uan-uang,c-ch,n-l,r-l,j-q-x	1
刺股读书	cì gǔ dú shū	57639	c-ch,s-sh	1
刺虎持鹬	cì hǔ chí yù	57640	c-ch,h-f	3
刻不容松	kè bù róng sōng	57643	s-sh,r-l	1
刻不待时	kè bù dài shí	57644	ai-ei,s-sh	1
刻木为吏	kè mù wéi lì	57646	ai-ei,n-l,r-l	1
刻木为鹄	kè mù wéi hú	57647	ai-ei,h-f	3
刻章琢句	kè zhāng zhuó jù	57648	an-ang,ua-uo,z-zh,j-q-x	1
刻翠裁红	kè cuì cái hóng	57649	ai-ei,c-ch,h-f	1
刻肌刻骨	kè jī kè gǔ	57650	j-q-x	1
刻薄寡思	kè bó guǎ sī	57651	ua-uo,s-sh	1
刻雾裁风	kè wù cái fēng	57652	en-eng,ai-ei,c-ch,h-f	1
刻骨仇恨	kè gǔ chóu hèn	57653	en-eng,ao-ou,c-ch,h-f	1
刻骨崩心	kè gǔ bēng xīn	57654	en-eng,in-ing,j-q-x	1
刻骨相思	kè gǔ xiāng sī	57655	ian-iang,s-sh,j-q-x	1
刻骨镂心	kè gǔ lòu xīn	57656	in-ing,ao-ou,n-l,r-l,j-q-x	3
剀切中理	kǎi qiè zhòng lǐ	57658	ai-ei,ia-ie,z-zh,n-l,r-l,j-q-x	3
剀切教导	kǎi qiè jiào dǎo	57659	ai-ei,ao-ou,ia-ie,j-q-x	3
剀切详明	kǎi qiè xiáng míng	57660	in-ing,ian-iang,ai-ei,ia-ie,j-q-x	3
削发披缁	xuē fà pī zī	57663	z-zh,h-f,j-q-x	3
削尖脑袋	xuē jiān nǎo dài	57665	ian-iang,ai-ei,ao-ou,n-l,j-q-x	1
削木为吏	xuē mù wéi lì	57666	ai-ei,n-l,r-l,j-q-x	1
削株掘根	xuē zhū jué gēn	57667	en-eng,z-zh,j-q-x	1
削职为民	xuē zhí wéi mín	57669	in-ing,ai-ei,z-zh,j-q-x	1
削草除根	xuē cǎo chú gēn	57670	en-eng,ao-ou,c-ch,j-q-x	1
削趾适屦	xuē zhǐ shì jù	57671	z-zh,s-sh,j-q-x	3
削铁无声	xuē tiě wú shēng	57672	en-eng,ia-ie,s-sh,j-q-x	1
前仆后踣	qián pú hòu bó	57675	ian-iang,ao-ou,h-f,j-q-x	5
前功尽废	qián gōng jìn fèi	57676	in-ing,ian-iang,ai-ei,h-f,j-q-x	1
前功尽灭	qián gōng jìn miè	57677	in-ing,ian-iang,ia-ie,j-q-x	1
前古未有	qián gǔ wèi yǒu	57678	ian-iang,ai-ei,ao-ou,j-q-x	1
前合后仰	qián hé hòu yǎng	57679	an-ang,ian-iang,ao-ou,h-f,j-q-x	1
前度刘郎	qián dù liú láng	57681	an-ang,ian-iang,n-l,r-l,j-q-x	1
前徒倒戈	qián tú dǎo gē	57682	ian-iang,ao-ou,j-q-x	1
前程万里	qián chéng wàn lǐ	57684	en-eng,an-ang,ian-iang,c-ch,n-l,r-l,j-q-x	1
前街后巷	qián jiē hòu xiàng	57685	ian-iang,ao-ou,ia-ie,h-f,j-q-x	1
前言往行	qián yán wǎng xíng	57686	in-ing,an-ang,ian-iang,j-q-x	1
前跋后疐	qián bá hòu zhì	57687	ian-iang,ao-ou,z-zh,h-f,j-q-x	5
前车可鉴	qián chē kě jiàn	57689	ian-iang,c-ch,j-q-x	1
前辙可鉴	qián zhé kě jiàn	57690	ian-iang,z-zh,j-q-x	1
剔抽秃揣	tī chōu tū chuǎi	57691	ao-ou,c-ch	1
剔蝎撩蜂	tī xiē liáo fēng	57693	en-eng,ia-ie,n-l,h-f,r-l,j-q-x	1
剖心泣血	pōu xīn qì xuè	57694	in-ing,ao-ou,j-q-x	1
剖肝泣血	pōu gān qì xuè	57695	an-ang,ao-ou,j-q-x	1
剖腹藏珠	pōu fù cáng zhū	57696	an-ang,ao-ou,z-zh,c-ch,h-f	1
剖蚌得珠	pōu bàng dé zhū	57697	an-ang,ao-ou,z-zh	1
剖蚌求珠	pōu bàng qiú zhū	57698	an-ang,ao-ou,z-zh,j-q-x	1
剥床及肤	bō chuáng jí fū	57703	uan-uang,c-ch,h-f,j-q-x	1
剥极则复	bō jí zé fù	57704	z-zh,h-f,j-q-x	1
剥极将复	bō jí jiāng fù	57705	ian-iang,h-f,j-q-x	1
剥极必复	bō jí bì fù	57706	h-f,j-q-x	1
剥皮抽筋	bō pí chōu jīn	57707	in-ing,ao-ou,c-ch,j-q-x	1
剥肤之痛	bō fū zhī tòng	57708	z-zh,h-f	1
剥肤及髓	bō fū jí suǐ	57709	s-sh,h-f,j-q-x	1
剥肤椎髓	bō fū chuí suǐ	57710	c-ch,s-sh,h-f	1
剥茧抽丝	bō jiǎn chōu sī	57714	ian-iang,ao-ou,c-ch,s-sh,j-q-x	1
剩余价值	shèng yú jià zhí	57718	en-eng,ia-ie,z-zh,s-sh,j-q-x	1
剩馥残膏	shèng fù cán gāo	57719	en-eng,an-ang,ao-ou,c-ch,s-sh,h-f	3
剪发披缁	jiǎn fā pī zī	57720	ian-iang,z-zh,h-f,j-q-x	3
剪发杜门	jiǎn fà dù mén	57721	en-eng,ian-iang,h-f,j-q-x	1
剪发被褐	jiǎn fā bèi hè	57722	ian-iang,ai-ei,h-f,j-q-x	1
剪恶除奸	jiǎn è chú jiān	57723	ian-iang,c-ch,j-q-x	1
副研究员	fù yán jiū yuán	57729	an-ang,uan-uang,h-f,j-q-x	1
割地求和	gē dì qiú hé	57734	h-f,j-q-x	1
割地称臣	gē dì chēng chén	57735	en-eng,c-ch	1
割席分坐	gē xí fēn zuò	57737	en-eng,ua-uo,z-zh,h-f,j-q-x	1
割据一方	gē jù yī fāng	57738	an-ang,h-f,j-q-x	1
割肚牵肠	gē dù qiān cháng	57739	an-ang,ian-iang,c-ch,j-q-x	1
割股疗亲	gē gǔ liáo qīn	57740	in-ing,n-l,r-l,j-q-x	1
割臂之盟	gē bì zhī méng	57741	en-eng,z-zh	1
割臂盟公	gē bì méng gōng	57742	en-eng	1
割骨疗亲	gē gǔ liáo qīn	57743	in-ing,n-l,r-l,j-q-x	1
劈劈啪啪	pī pī pā pā	57749		1
劈天盖地	pī tiān gài dì	57751	ian-iang,ai-ei	1
劈头劈脑	pī tóu pī nǎo	57752	ao-ou,n-l	1
劈头盖脑	pī tóu gài nǎo	57753	ai-ei,ao-ou,n-l	1
劈荆斩棘	pī jīng zhǎn jí	57758	in-ing,an-ang,z-zh,j-q-x	1
劈里啪啦	pī lǐ pā la	57760	n-l,r-l	1
劈风斩浪	pī fēng zhǎn làng	57761	en-eng,an-ang,z-zh,n-l,h-f,r-l	1
力不胜任	lì bù shèng rèn	57762	en-eng,s-sh,n-l,r-l	1
力不能及	lì bù néng jí	57763	en-eng,n-l,r-l,j-q-x	1
力不能支	lì bù néng zhī	57764	en-eng,z-zh,n-l,r-l	1
力不自胜	lì bù zì shèng	57765	en-eng,z-zh,s-sh,n-l,r-l	1
力可拔山	lì kě bá shān	57766	an-ang,s-sh,n-l,r-l	1
力大无比	lì dà wú bǐ	57768	n-l,r-l	1
力学不倦	lì xué bù juàn	57769	uan-uang,n-l,r-l,j-q-x	1
力学笃行	lì xué dǔ xíng	57770	in-ing,n-l,r-l,j-q-x	3
力小任重	lì xiǎo rèn zhòng	57771	en-eng,z-zh,n-l,r-l,j-q-x	1
力尽筋疲	lì jìn jīn pí	57773	in-ing,n-l,r-l,j-q-x	1
力所不及	lì suǒ bù jí	57774	ua-uo,s-sh,n-l,r-l,j-q-x	1
力有未逮	lì yǒu wèi dài	57775	ai-ei,ao-ou,n-l,r-l	1
力能扛鼎	lì néng gāng dǐng	57776	en-eng,in-ing,an-ang,n-l,r-l	1
劝善惩恶	quàn shàn chéng è	57780	en-eng,an-ang,uan-uang,c-ch,s-sh,j-q-x	1
劝善戒恶	quàn shàn jiè è	57781	an-ang,uan-uang,ia-ie,s-sh,j-q-x	1
劝善黜恶	quàn shàn chù è	57782	an-ang,uan-uang,c-ch,s-sh,j-q-x	3
办公会议	bàn gōng huì yì	57784	an-ang,h-f	1
功成不居	gōng chéng bù jū	57789	en-eng,c-ch,j-q-x	1
功成行满	gōng chéng xíng mǎn	57790	en-eng,in-ing,an-ang,c-ch,j-q-x	1
功成骨枯	gōng chéng gǔ kū	57791	en-eng,c-ch	1
功盖天下	gōng gài tiān xià	57792	ian-iang,ai-ei,ia-ie,j-q-x	1
功若丘山	gōng ruò qiū shān	57793	an-ang,ua-uo,s-sh,r-l,j-q-x	1
功薄蝉翼	gōng bó chán yì	57794	an-ang,c-ch	1
功高不赏	gōng gāo bù shǎng	57795	an-ang,ao-ou,s-sh	1
功高望重	gōng gāo wàng zhòng	57796	an-ang,ao-ou,z-zh	1
功高盖世	gōng gāo gài shì	57797	ai-ei,ao-ou,s-sh	1
加减乘除	jiā jiǎn chéng chú	57799	en-eng,ian-iang,ia-ie,c-ch,j-q-x	1
加勒比海	jiā lè bǐ hǎi	57800	ai-ei,ia-ie,n-l,h-f,r-l,j-q-x	1
加尔各答	jiā ěr gè dá	57801	ia-ie,j-q-x	1
加枝添叶	jiā zhī tiān yè	57803	ian-iang,ia-ie,z-zh,j-q-x	1
劣迹昭着	liè jì zhāo zhe	57807	ao-ou,ia-ie,z-zh,n-l,r-l,j-q-x	1
劣迹昭著	liè jì zhāo zhù	57808	ao-ou,ia-ie,z-zh,n-l,r-l,j-q-x	1
动不失时	dòng bù shī shí	57809	s-sh	1
动地惊天	dòng dì jīng tiān	57810	in-ing,ian-iang,j-q-x	1
动如参商	dòng rú shēn shāng	57811	en-eng,an-ang,s-sh,r-l	1
动物纤维	dòng wù xiān wéi	57812	ian-iang,ai-ei,j-q-x	1
动画影片	dòng huà yǐng piān	57813	in-ing,ian-iang,ua-uo,h-f	1
动荡不安	dòng dàng bù ān	57816	an-ang	1
动荡不定	dòng dàng bù dìng	57817	in-ing,an-ang	1
动静有常	dòng jìng yǒu cháng	57820	in-ing,an-ang,ao-ou,c-ch,j-q-x	1
助人下石	zhù rén xià shí	57821	en-eng,ia-ie,z-zh,s-sh,r-l,j-q-x	1
助天为虐	zhù tiān wéi nüè	57823	ian-iang,ai-ei,z-zh,n-l	1
助我张目	zhù wǒ zhāng mù	57825	an-ang,z-zh	1
助桀为恶	zhù jié wéi è	57827	ai-ei,ia-ie,z-zh,j-q-x	3
助桀为暴	zhù jié wéi bào	57828	ai-ei,ao-ou,ia-ie,z-zh,j-q-x	3
助画方略	zhù huà fāng lüè	57829	an-ang,ua-uo,z-zh,n-l,h-f,r-l	1
助边输财	zhù biān shū cái	57832	ian-iang,ai-ei,z-zh,c-ch,s-sh	1
努尔哈赤	nǔ ěr hā chì	57834	c-ch,n-l,h-f	1
劫数难逃	jié shù nán táo	57835	an-ang,ao-ou,ia-ie,s-sh,n-l,j-q-x	1
励精更始	lì jīng gēng shǐ	57836	en-eng,in-ing,s-sh,n-l,r-l,j-q-x	1
劲骨丰肌	jìng gǔ fēng jī	57846	en-eng,in-ing,h-f,j-q-x	1
劳动强度	láo dòng qiáng dù	57848	ian-iang,ao-ou,n-l,r-l,j-q-x	1
劳动教养	láo dòng jiào yǎng	57849	an-ang,ao-ou,n-l,r-l,j-q-x	1
劳动模范	láo dòng mó fàn	57850	an-ang,ao-ou,n-l,h-f,r-l	1
劳师糜饷	láo shī mí xiǎng	57851	ian-iang,ao-ou,s-sh,n-l,r-l,j-q-x	3
劳师袭远	láo shī xí yuǎn	57852	uan-uang,ao-ou,s-sh,n-l,r-l,j-q-x	1
劳心焦思	láo xīn jiāo sī	57853	in-ing,ao-ou,s-sh,n-l,r-l,j-q-x	1
劳心苦思	láo xīn kǔ sī	57854	in-ing,ao-ou,s-sh,n-l,r-l,j-q-x	1
劳思逸淫	láo sī yì yín	57855	in-ing,ao-ou,s-sh,n-l,r-l	1
劳筋苦骨	láo jīn kǔ gǔ	57856	in-ing,ao-ou,n-l,r-l,j-q-x	1
劳身焦思	láo shēn jiāo sī	57857	en-eng,ao-ou,s-sh,n-l,r-l,j-q-x	1
势不两存	shì bù liǎng cún	57858	ian-iang,c-ch,s-sh,n-l,r-l	1
势不可遏	shì bù kě è	57859	s-sh	1
势倾朝野	shì qīng cháo yě	57860	in-ing,ao-ou,c-ch,s-sh,j-q-x	1
势合形离	shì hé xíng lí	57861	in-ing,s-sh,n-l,h-f,r-l,j-q-x	1
势如劈竹	shì rú pī zhú	57862	z-zh,s-sh,r-l	1
势孤力薄	shì gū lì báo	57863	ao-ou,s-sh,n-l,r-l	1
势焰熏天	shì yàn xūn tiān	57864	an-ang,ian-iang,s-sh,j-q-x	1
势若脱兔	shì ruò tuō tù	57865	ua-uo,s-sh,r-l	1
勃然变色	bó rán biàn sè	57867	an-ang,ian-iang,s-sh,r-l	1
勃然奋励	bó rán fèn lì	57868	en-eng,an-ang,n-l,h-f,r-l	1
勇者不惧	yǒng zhě bù jù	57870	z-zh,j-q-x	1
勉勉强强	miǎn miǎn qiǎng qiáng	57871	ian-iang,j-q-x	1
勤学好问	qín xué hǎo wèn	57878	en-eng,in-ing,ao-ou,h-f,j-q-x	1
勤能补拙	qín néng bǔ zhuō	57881	en-eng,in-ing,ua-uo,z-zh,n-l,j-q-x	1
勺状软骨	sháo zhuàng ruǎn gǔ	57882	uan-uang,ao-ou,z-zh,s-sh,r-l	1
勾三搭四	gōu sān dā sì	57883	an-ang,ao-ou,s-sh	1
勾勾搭搭	gōu gōu dā dā	57884	ao-ou	1
勾心斗角	gōu xīn dòu jiǎo	57885	in-ing,ao-ou,j-q-x	1
勾股定理	gōu gǔ dìng lǐ	57889	in-ing,ao-ou,n-l,r-l	1
匀红点翠	yún hóng diǎn cuì	57897	ian-iang,c-ch,h-f	1
匀脂抹粉	yún zhī mǒ fěn	57898	en-eng,z-zh,h-f	1
包举宇内	bāo jǔ yǔ nèi	57899	ai-ei,ao-ou,n-l,j-q-x	1
包罗万有	bāo luó wàn yǒu	57909	an-ang,ao-ou,ua-uo,n-l,r-l	1
包藏奸心	bāo cáng jiān xīn	57910	in-ing,an-ang,ian-iang,ao-ou,c-ch,j-q-x	1
包藏祸心	bāo cáng huò xīn	57911	in-ing,an-ang,ao-ou,ua-uo,c-ch,h-f,j-q-x	1
匏瓜空悬	páo guā kōng xuán	57914	uan-uang,ao-ou,ua-uo,j-q-x	3
匕鬯不惊	bǐ chàng bù jīng	57915	in-ing,an-ang,c-ch,j-q-x	5
化及豚鱼	huà jí tún yú	57919	ua-uo,h-f,j-q-x	1
化外之民	huà wài zhī mín	57921	in-ing,ai-ei,ua-uo,z-zh,h-f	1
化学肥料	huà xué féi liào	57922	ai-ei,ua-uo,n-l,h-f,r-l,j-q-x	1
化性起伪	huà xìng qǐ wěi	57923	in-ing,ai-ei,ua-uo,h-f,j-q-x	1
化敌为友	huà dí wéi yǒu	57925	ai-ei,ao-ou,ua-uo,h-f	1
化日光天	huà rì guāng tiān	57927	ian-iang,uan-uang,ua-uo,h-f,r-l	1
化枭为鸠	huà xiāo wéi jiū	57928	ai-ei,ua-uo,h-f,j-q-x	3
化民成俗	huà mín chéng sú	57929	en-eng,in-ing,ua-uo,c-ch,s-sh,h-f	1
化民易俗	huà mín yì sú	57930	in-ing,ua-uo,s-sh,h-f	1
化腐为奇	huà fǔ wéi qí	57932	ai-ei,ua-uo,h-f,j-q-x	1
化腐成奇	huà fǔ chéng qí	57933	en-eng,ua-uo,c-ch,h-f,j-q-x	1
化若偃草	huà ruò yǎn cǎo	57934	an-ang,ao-ou,ua-uo,c-ch,h-f,r-l	3
化零为整	huà líng wéi zhěng	57937	en-eng,in-ing,ai-ei,ua-uo,z-zh,n-l,h-f,r-l	1
化鸱为凤	huà chī wéi fèng	57938	en-eng,ai-ei,ua-uo,c-ch,h-f	3
北京大学	běi jīng dà xué	57940	in-ing,ai-ei,j-q-x	1
北伐战争	běi fá zhàn zhēng	57944	en-eng,an-ang,ai-ei,z-zh,h-f	1
北叟失马	běi sǒu shī mǎ	57945	ai-ei,ao-ou,s-sh	3
北宫婴儿	běi gōng yīng ér	57947	in-ing,ai-ei	1
北斗七星	běi dǒu qī xīng	57953	in-ing,ai-ei,ao-ou,j-q-x	1
北斗之尊	běi dǒu zhī zūn	57954	ai-ei,ao-ou,z-zh	1
北方方言	běi fāng fāng yán	57956	an-ang,ai-ei,h-f	1
北爱尔兰	běi ài ěr lán	57962	an-ang,ai-ei,n-l,r-l	1
北窗高卧	běi chuāng gāo wò	57964	uan-uang,ai-ei,ao-ou,c-ch	1
北辕适楚	běi yuán shì chǔ	57966	uan-uang,ai-ei,c-ch,s-sh	3
北辕适粤	běi yuán shì yuè	57967	uan-uang,ai-ei,s-sh	3
北辙南辕	běi zhé nán yuán	57968	an-ang,uan-uang,ai-ei,z-zh,n-l	3
北辰星拱	běi chén xīng gǒng	57970	en-eng,in-ing,ai-ei,c-ch,j-q-x	1
北道主人	běi dào zhǔ rén	57971	en-eng,ai-ei,ao-ou,z-zh,r-l	1
北郭先生	běi guō xiān shēng	57974	en-eng,ian-iang,ai-ei,ua-uo,s-sh,j-q-x	1
北鄙之声	běi bǐ zhī shēng	57975	en-eng,ai-ei,z-zh,s-sh	1
北鄙之音	běi bǐ zhī yīn	57976	in-ing,ai-ei,z-zh	1
北门之寄	běi mén zhī jì	57978	en-eng,ai-ei,z-zh,j-q-x	1
北门之管	běi mén zhī guǎn	57979	en-eng,uan-uang,ai-ei,z-zh	1
北门南牙	běi mén nán yá	57980	en-eng,an-ang,ai-ei,n-l	1
北门管钥	běi mén guǎn yuè	57981	en-eng,uan-uang,ai-ei	1
北门锁钥	běi mén suǒ yuè	57982	en-eng,ai-ei,ua-uo,s-sh	1
北面称臣	běi miàn chēng chén	57983	en-eng,ian-iang,ai-ei,c-ch	1
北风之恋	běi fēng zhī liàn	57984	en-eng,ian-iang,ai-ei,z-zh,n-l,h-f,r-l	1
匠石运金	jiàng shí yùn jīn	57986	in-ing,ian-iang,s-sh,j-q-x	1
匡乱反正	kuāng luàn fǎn zhèng	57987	en-eng,an-ang,uan-uang,z-zh,n-l,h-f,r-l	3
匡俗济时	kuāng sú jì shí	57988	uan-uang,s-sh,j-q-x	3
匡其不逮	kuāng qí bù dǎi	57989	uan-uang,ai-ei,j-q-x	3
匡国济时	kuāng guó jì shí	57991	uan-uang,ua-uo,s-sh,j-q-x	3
匡救弥缝	kuāng jiù mí fèng	57992	en-eng,uan-uang,h-f,j-q-x	3
匡时济世	kuāng shí jì shì	57993	uan-uang,s-sh,j-q-x	3
匡时济俗	kuāng shí jì sú	57994	uan-uang,s-sh,j-q-x	3
匡谬正俗	kuāng miù zhèng sú	57995	en-eng,uan-uang,z-zh,s-sh	3
匡鼎解颐	kuāng dǐng jiě yí	57996	in-ing,uan-uang,ia-ie,j-q-x	3
匪伊朝夕	fěi yī zhāo xī	57997	ai-ei,ao-ou,z-zh,h-f,j-q-x	1
匪朝伊夕	fěi cháo yī xī	57998	ai-ei,ao-ou,c-ch,h-f,j-q-x	1
匪石之心	fěi shí zhī xīn	57999	in-ing,ai-ei,z-zh,s-sh,h-f,j-q-x	1
匪石匪席	fěi shí fěi xí	58000	ai-ei,s-sh,h-f,j-q-x	1
匹夫之谅	pǐ fū zhī liàng	58001	ian-iang,z-zh,n-l,h-f,r-l	1
匹夫匹妇	pǐ fū pǐ fù	58002	h-f	1
匹夫小谅	pǐ fū xiǎo liàng	58003	ian-iang,n-l,h-f,r-l,j-q-x	1
匹夫怀璧	pǐ fū huái bì	58004	h-f	1
匹夫无罪	pǐ fū wú zuì	58005	z-zh,h-f	1
匹夫有责	pǐ fū yǒu zé	58006	ao-ou,z-zh,h-f	1
匹夫沟渎	pǐ fū gōu dú	58007	ao-ou,h-f	3
匹妇沟渠	pǐ fù gōu qú	58008	ao-ou,h-f,j-q-x	1
匹马单枪	pǐ mǎ dān qiāng	58009	an-ang,ian-iang,j-q-x	1
匹马只轮	pǐ mǎ zhī lún	58010	z-zh,n-l,r-l	1
匹马当先	pǐ mǎ dāng xiān	58011	an-ang,ian-iang,j-q-x	1
区区之众	qū qū zhī zhòng	58014	z-zh,j-q-x	1
区区小事	qū qū xiǎo shì	58015	s-sh,j-q-x	1
区区此心	qū qū cǐ xīn	58016	in-ing,c-ch,j-q-x	1
区域网路	qū yù wǎng luò	58018	an-ang,ua-uo,n-l,r-l,j-q-x	1
区闻陬见	qū wén zōu jiàn	58022	en-eng,ian-iang,ao-ou,z-zh,j-q-x	3
匿影藏形	nì yǐng cáng xíng	58024	in-ing,an-ang,c-ch,n-l,j-q-x	1
匿迹隐形	nì jì yǐn xíng	58025	in-ing,n-l,j-q-x	1
十一点钟	shí yì diǎn zhōng	58028	ian-iang,z-zh,s-sh	1
十万火速	shí wàn huǒ sù	58030	an-ang,ua-uo,s-sh,h-f	1
十不当一	shí bù dāng yī	58031	an-ang,s-sh	1
十世单传	shí shì dān chuán	58032	an-ang,uan-uang,c-ch,s-sh	1
十二万分	shí èr wàn fēn	58033	en-eng,an-ang,s-sh,h-f	1
十二经脉	shí èr jīng mài	58036	in-ing,ai-ei,s-sh,j-q-x	1
十亲九故	shí qīn jiǔ gù	58037	in-ing,s-sh,j-q-x	1
十亲九眷	shí qīn jiǔ juàn	58038	in-ing,uan-uang,s-sh,j-q-x	1
十六烷值	shí liù wán zhí	58039	an-ang,z-zh,s-sh,n-l,r-l	3
十发十中	shí fā shí zhōng	58040	z-zh,s-sh,h-f	1
十变五化	shí biàn wǔ huà	58041	ian-iang,ua-uo,s-sh,h-f	1
十口相传	shí kǒu xiāng chuán	58042	ian-iang,uan-uang,ao-ou,c-ch,s-sh,j-q-x	1
十四行诗	shí sì háng shī	58043	an-ang,s-sh,h-f	1
十夫桡椎	shí fū ráo zhuī	58044	ao-ou,z-zh,s-sh,h-f,r-l	3
十字路头	shí zì lù tóu	58045	ao-ou,z-zh,s-sh,n-l,r-l	1
十室九匮	shí shì jiǔ kuì	58046	s-sh,j-q-x	3
十寒一暴	shí hán yī bào	58048	an-ang,ao-ou,s-sh,h-f	1
十年内乱	shí nián nèi luàn	58049	ian-iang,uan-uang,ai-ei,s-sh,n-l,r-l	1
十年磨剑	shí nián mó jiàn	58050	ian-iang,s-sh,n-l,j-q-x	1
十年读书	shí nián dú shū	58051	ian-iang,s-sh,n-l	1
十恶五逆	shí è wǔ nì	58052	s-sh,n-l	1
十捉九着	shí zhuō jiǔ zhe	58053	ua-uo,z-zh,s-sh,j-q-x	1
十日并出	shí rì bìng chū	58054	in-ing,c-ch,s-sh,r-l	1
十有八九	shí yǒu bā jiǔ	58055	ao-ou,s-sh,j-q-x	1
十步香车	shí bù xiāng chē	58056	ian-iang,c-ch,s-sh,j-q-x	1
十死不问	shí sǐ bù wèn	58057	en-eng,s-sh	1
十浆五馈	shí jiāng wǔ kuì	58058	ian-iang,s-sh,j-q-x	1
十羊九牧	shí yáng jiǔ mù	58059	an-ang,s-sh,j-q-x	1
十行俱下	shí háng jù xià	58060	an-ang,ia-ie,s-sh,h-f,j-q-x	1
十转九空	shí zhuǎn jiǔ kōng	58061	uan-uang,z-zh,s-sh,j-q-x	1
十载寒窗	shí zǎi hán chuāng	58062	an-ang,uan-uang,ai-ei,z-zh,c-ch,s-sh,h-f	1
十里洋场	shí lǐ yáng chǎng	58064	an-ang,c-ch,s-sh,n-l,r-l	1
十里长亭	shí lǐ cháng tíng	58065	in-ing,an-ang,c-ch,s-sh,n-l,r-l	1
十雨五风	shí yǔ wǔ fēng	58066	en-eng,s-sh,h-f	1
十面埋伏	shí miàn mái fú	58067	ian-iang,ai-ei,s-sh,h-f	1
十风五雨	shí fēng wǔ yǔ	58068	en-eng,s-sh,h-f	1
十魔九难	shí mó jiǔ nàn	58069	an-ang,s-sh,n-l,j-q-x	1
十鼠同穴	shí shǔ tóng xué	58070	s-sh,j-q-x	1
千万买邻	qiān wàn mǎi lín	58071	in-ing,an-ang,ian-iang,ai-ei,n-l,r-l,j-q-x	1
千乘万骑	qiān chéng wàn qí	58072	en-eng,an-ang,ian-iang,c-ch,j-q-x	1
千乘之国	qiān shèng zhī guó	58073	en-eng,ian-iang,ua-uo,z-zh,s-sh,j-q-x	1
千了万当	qiān le wàn dàng	58074	an-ang,ian-iang,n-l,r-l,j-q-x	1
千了百了	qiān liǎo bǎi liǎo	58075	ian-iang,ai-ei,n-l,r-l,j-q-x	1
千了百当	qiān liǎo bǎi dàng	58076	an-ang,ian-iang,ai-ei,n-l,r-l,j-q-x	1
千仇万恨	qiān chóu wàn hèn	58077	en-eng,an-ang,ian-iang,ao-ou,c-ch,h-f,j-q-x	1
千仓万箱	qiān cāng wàn xiāng	58078	an-ang,ian-iang,c-ch,j-q-x	1
千仞无枝	qiān rèn wú zhī	58079	en-eng,ian-iang,z-zh,r-l,j-q-x	3
千依万顺	qiān yī wàn shùn	58080	an-ang,ian-iang,s-sh,j-q-x	1
千兵万马	qiān bīng wàn mǎ	58081	in-ing,an-ang,ian-iang,j-q-x	1
千刀万剁	qiān dāo wàn duò	58082	an-ang,ian-iang,ao-ou,ua-uo,j-q-x	3
千变万状	qiān biàn wàn zhuàng	58084	an-ang,ian-iang,uan-uang,z-zh,j-q-x	1
千变万轸	qiān biàn wàn zhěn	58085	en-eng,an-ang,ian-iang,z-zh,j-q-x	3
千古不朽	qiān gǔ bù xiǔ	58086	ian-iang,j-q-x	1
千古不磨	qiān gǔ bù mó	58087	ian-iang,j-q-x	1
千古奇闻	qiān gǔ qí wén	58088	en-eng,ian-iang,j-q-x	1
千古绝调	qiān gǔ jué diào	58089	ian-iang,j-q-x	1
千叮万嘱	qiān dīng wàn zhǔ	58090	in-ing,an-ang,ian-iang,z-zh,j-q-x	1
千回万转	qiān huí wàn zhuǎn	58091	an-ang,ian-iang,uan-uang,z-zh,h-f,j-q-x	1
千回百折	qiān huí bǎi zhé	58092	ian-iang,ai-ei,z-zh,h-f,j-q-x	1
千回百转	qiān huí bǎi zhuǎn	58093	ian-iang,uan-uang,ai-ei,z-zh,h-f,j-q-x	1
千头万序	qiān tóu wàn xù	58096	an-ang,ian-iang,ao-ou,j-q-x	1
千姿万态	qiān zī wàn tài	58097	an-ang,ian-iang,ai-ei,z-zh,j-q-x	1
千岩万壑	qiān yán wàn hè	58098	an-ang,ian-iang,h-f,j-q-x	3
千峰万壑	qiān fēng wàn hè	58099	en-eng,an-ang,ian-iang,h-f,j-q-x	3
千差万错	qiān chà wàn cuò	58100	an-ang,ian-iang,ua-uo,c-ch,j-q-x	1
千年万载	qiān nián wàn zǎi	58101	an-ang,ian-iang,ai-ei,z-zh,n-l,j-q-x	1
千形万状	qiān xíng wàn zhuàng	58102	in-ing,an-ang,ian-iang,uan-uang,z-zh,j-q-x	1
千态万状	qiān tài wàn zhuàng	58103	an-ang,ian-iang,uan-uang,ai-ei,z-zh,j-q-x	1
千思万想	qiān sī wàn xiǎng	58104	an-ang,ian-iang,s-sh,j-q-x	1
千思万虑	qiān sī wàn lǜ	58105	an-ang,ian-iang,s-sh,n-l,r-l,j-q-x	1
千愁万恨	qiān chóu wàn hèn	58106	en-eng,an-ang,ian-iang,ao-ou,c-ch,h-f,j-q-x	1
千愁万绪	qiān chóu wàn xù	58107	an-ang,ian-iang,ao-ou,c-ch,j-q-x	1
千推万阻	qiān tuī wàn zǔ	58108	an-ang,ian-iang,z-zh,j-q-x	1
千方万计	qiān fāng wàn jì	58109	an-ang,ian-iang,h-f,j-q-x	1
千村万落	qiān cūn wàn luò	58111	an-ang,ian-iang,ua-uo,c-ch,n-l,r-l,j-q-x	1
千条万端	qiān tiáo wàn duān	58112	an-ang,ian-iang,uan-uang,j-q-x	1
千条万绪	qiān tiáo wàn xù	58113	an-ang,ian-iang,j-q-x	1
千条万缕	qiān tiáo wàn lǚ	58114	an-ang,ian-iang,n-l,r-l,j-q-x	1
千水万山	qiān shuǐ wàn shān	58115	an-ang,ian-iang,s-sh,j-q-x	1
千汇万状	qiān huì wàn zhuàng	58116	an-ang,ian-iang,uan-uang,z-zh,h-f,j-q-x	1
千沟万壑	qiān gōu wàn hè	58117	an-ang,ian-iang,ao-ou,h-f,j-q-x	3
千灾百难	qiān zāi bǎi nán	58118	an-ang,ian-iang,ai-ei,z-zh,n-l,j-q-x	1
千状万态	qiān zhuàng wàn tài	58119	an-ang,ian-iang,uan-uang,ai-ei,z-zh,j-q-x	1
千状万端	qiān zhuàng wàn duān	58120	an-ang,ian-iang,uan-uang,z-zh,j-q-x	1
千生万劫	qiān shēng wàn jié	58121	en-eng,an-ang,ian-iang,ia-ie,s-sh,j-q-x	1
千生万死	qiān shēng wàn sǐ	58122	en-eng,an-ang,ian-iang,s-sh,j-q-x	1
千磨百折	qiān mó bǎi shé	58123	ian-iang,ai-ei,s-sh,j-q-x	1
千秋万世	qiān qiū wàn shì	58124	an-ang,ian-iang,s-sh,j-q-x	1
千秋万古	qiān qiū wàn gǔ	58125	an-ang,ian-iang,j-q-x	1
千秋万岁	qiān qiū wàn suì	58126	an-ang,ian-iang,s-sh,j-q-x	1
千章万句	qiān zhāng wàn jù	58127	an-ang,ian-iang,z-zh,j-q-x	1
千端万绪	qiān duān wàn xù	58128	an-ang,ian-iang,uan-uang,j-q-x	1
千红万紫	qiān hóng wàn zǐ	58129	an-ang,ian-iang,z-zh,h-f,j-q-x	1
千绪万端	qiān xù wàn duān	58130	an-ang,ian-iang,uan-uang,j-q-x	1
千虑一得	qiān lǜ yī dé	58131	ian-iang,n-l,r-l,j-q-x	1
千言万说	qiān yán wàn shuō	58132	an-ang,ian-iang,ua-uo,s-sh,j-q-x	1
千语万言	qiān yǔ wàn yán	58133	an-ang,ian-iang,j-q-x	1
千载一会	qiān zǎi yī huì	58134	ian-iang,ai-ei,z-zh,h-f,j-q-x	1
千载一合	qiān zài yī hé	58135	ian-iang,ai-ei,z-zh,h-f,j-q-x	1
千载一圣	qiān zǎi yī shèng	58136	en-eng,ian-iang,ai-ei,z-zh,s-sh,j-q-x	1
千载一弹	qiān zǎi yī dàn	58137	an-ang,ian-iang,ai-ei,z-zh,j-q-x	1
千载一日	qiān zǎi yī rì	58138	ian-iang,ai-ei,z-zh,r-l,j-q-x	1
千载一时	qiān zǎi yī shí	58139	ian-iang,ai-ei,z-zh,s-sh,j-q-x	1
千载一逢	qiān zǎi yī féng	58140	en-eng,ian-iang,ai-ei,z-zh,h-f,j-q-x	1
千载一遇	qiān zǎi yī yù	58141	ian-iang,ai-ei,z-zh,j-q-x	1
千载奇遇	qiān zǎi qí yù	58142	ian-iang,ai-ei,z-zh,j-q-x	1
千载难遇	qiān zǎi nán yù	58143	an-ang,ian-iang,ai-ei,z-zh,n-l,j-q-x	1
千里一曲	qiān lǐ yī qǔ	58144	ian-iang,n-l,r-l,j-q-x	1
千里之任	qiān lǐ zhī rèn	58145	en-eng,ian-iang,z-zh,n-l,r-l,j-q-x	1
千里同风	qiān lǐ tóng fēng	58146	en-eng,ian-iang,n-l,h-f,r-l,j-q-x	1
千里结言	qiān lǐ jié yán	58147	an-ang,ian-iang,ia-ie,n-l,r-l,j-q-x	1
千里骏骨	qiān lǐ jùn gǔ	58148	ian-iang,n-l,r-l,j-q-x	1
千金之家	qiān jīn zhī jiā	58149	in-ing,ian-iang,ia-ie,z-zh,j-q-x	1
千金市骨	qiān jīn shì gǔ	58150	in-ing,ian-iang,s-sh,j-q-x	1
千钧重负	qiān jūn zhòng fù	58151	ian-iang,z-zh,h-f,j-q-x	1
千门万户	qiān mén wàn hù	58152	en-eng,an-ang,ian-iang,h-f,j-q-x	1
千难万苦	qiān nán wàn kǔ	58153	an-ang,ian-iang,n-l,j-q-x	1
千难万难	qiān nán wàn nán	58154	an-ang,ian-iang,n-l,j-q-x	1
千龄万代	qiān líng wàn dài	58155	in-ing,an-ang,ian-iang,ai-ei,n-l,r-l,j-q-x	1
升官发财	shēng guān fā cái	58156	en-eng,uan-uang,ai-ei,c-ch,s-sh,h-f	1
升山采珠	shēng shān cǎi zhū	58157	en-eng,an-ang,ai-ei,z-zh,c-ch,s-sh	1
半三不四	bàn sān bù sì	58160	an-ang,s-sh	1
半上半下	bàn shàng bàn xià	58161	an-ang,ia-ie,s-sh,j-q-x	1
半上落下	bàn shàng luò xià	58162	an-ang,ia-ie,ua-uo,s-sh,n-l,r-l,j-q-x	1
半低不高	bàn dī bù gāo	58163	an-ang,ao-ou	1
半信不信	bàn xìn bù xìn	58164	in-ing,an-ang,j-q-x	1
半吐半露	bàn tǔ bàn lù	58165	an-ang,n-l,r-l	1
半吞半吐	bàn tūn bàn tǔ	58166	an-ang	1
半懂不懂	bàn dǒng bù dǒng	58169	an-ang	1
半文不白	bàn wén bù bái	58172	en-eng,an-ang,ai-ei	1
半机械化	bàn jī xiè huà	58173	an-ang,ia-ie,ua-uo,h-f,j-q-x	1
半涂而罢	bàn tú ér bà	58174	an-ang	1
半疑半信	bàn yí bàn xìn	58175	in-ing,an-ang,j-q-x	1
半痴不颠	bàn chī bù diān	58176	an-ang,ian-iang,c-ch	1
半真半假	bàn zhēn bàn jiǎ	58177	en-eng,an-ang,ia-ie,z-zh,j-q-x	1
半筹不纳	bàn chóu bù nà	58179	an-ang,ao-ou,c-ch,n-l	1
半筹莫展	bàn chóu mò zhǎn	58180	an-ang,ao-ou,z-zh,c-ch	1
半解一知	bàn jiě yī zhī	58182	an-ang,ia-ie,z-zh,j-q-x	1
半路修行	bàn lù xiū xíng	58183	in-ing,an-ang,n-l,r-l,j-q-x	1
半部论语	bàn bù lún yǔ	58184	an-ang,n-l,r-l	1
半间不界	bàn jiān bù jiè	58185	an-ang,ian-iang,ia-ie,j-q-x	1
半间半界	bàn jiān bàn jiè	58186	an-ang,ian-iang,ia-ie,j-q-x	1
半面不忘	bàn miàn bù wàng	58187	an-ang,ian-iang	1
华不再扬	huá bù zài yáng	58188	an-ang,ai-ei,ua-uo,z-zh,h-f	1
华亭鹤唳	huà tíng hè lì	58191	in-ing,ua-uo,n-l,h-f,r-l	3
华冠丽服	huá guān lì fú	58193	uan-uang,ua-uo,n-l,h-f,r-l	1
华北平原	huá běi píng yuán	58194	in-ing,uan-uang,ai-ei,ua-uo,h-f	1
华封三祝	huá fēng sān zhù	58196	en-eng,an-ang,ua-uo,z-zh,s-sh,h-f	1
华屋丘墟	huá wū qiū xū	58197	ua-uo,h-f,j-q-x	1
华屋山丘	huá wū shān qiū	58198	an-ang,ua-uo,s-sh,h-f,j-q-x	1
华屋秋墟	huá wū qiū xū	58199	ua-uo,h-f,j-q-x	1
华星秋月	huá xīng qiū yuè	58202	in-ing,ua-uo,h-f,j-q-x	1
协力同心	xié lì tóng xīn	58208	in-ing,ia-ie,n-l,r-l,j-q-x	1
协力齐心	xié lì qí xīn	58209	in-ing,ia-ie,n-l,r-l,j-q-x	1
协心同力	xié xīn tóng lì	58210	in-ing,ia-ie,n-l,r-l,j-q-x	1
协私罔上	xié sī wǎng shàng	58211	an-ang,ia-ie,s-sh,j-q-x	3
卑不足道	bēi bù zú dào	58212	ai-ei,ao-ou,z-zh	1
卑宫菲食	bēi gōng fěi shí	58213	ai-ei,s-sh,h-f	1
卑谄足恭	bēi chǎn zú gōng	58214	an-ang,ai-ei,z-zh,c-ch	3
卑身屈体	bēi shēn qū tǐ	58215	en-eng,ai-ei,s-sh,j-q-x	1
卑身贱体	bēi shēn jiàn tǐ	58216	en-eng,ian-iang,ai-ei,s-sh,j-q-x	1
卑躬屈节	bēi gōng qū jié	58217	ai-ei,ia-ie,j-q-x	1
卑辞重币	bēi cí zhòng bì	58218	ai-ei,z-zh,c-ch	1
卓乎不群	zhuó hū bù qún	58221	ua-uo,z-zh,h-f,j-q-x	1
卓尔独行	zhuó ěr dú xíng	58222	in-ing,ua-uo,z-zh,j-q-x	1
卓然不群	zhuó rán bù qún	58223	an-ang,ua-uo,z-zh,r-l,j-q-x	1
卓荦不羁	zhuó luò bù jī	58224	ua-uo,z-zh,n-l,r-l,j-q-x	3
单丝不线	dān sī bù xiàn	58225	an-ang,ian-iang,s-sh,j-q-x	1
单人独马	dān rén dú mǎ	58228	en-eng,an-ang,r-l	1
单兵孤城	dān bīng gū chéng	58230	en-eng,in-ing,an-ang,c-ch	1
单刀宜入	dān dāo yí rù	58232	an-ang,ao-ou,r-l	1
单刀赴会	dān dāo fù huì	58233	an-ang,ao-ou,h-f	1
单孑独立	dān jié dú lì	58237	an-ang,ia-ie,n-l,r-l,j-q-x	3
单忧极瘁	dān yōu jí cuì	58241	an-ang,ao-ou,c-ch,j-q-x	3
单文孤证	dān wén gū zhèng	58242	en-eng,an-ang,z-zh	1
单枪独马	dān qiāng dú mǎ	58245	an-ang,ian-iang,j-q-x	1
单见浅闻	dān jiàn qiǎn wén	58251	en-eng,an-ang,ian-iang,j-q-x	1
单门独户	dān mén dú hù	58253	en-eng,an-ang,h-f	1
单鹄寡凫	dān hú guǎ fú	58256	an-ang,ua-uo,h-f	3
卖乖弄俏	mài guāi nòng qiào	58257	ai-ei,n-l,j-q-x	1
卖俏行奸	mài qiào xíng jiān	58258	in-ing,ian-iang,ai-ei,j-q-x	1
卖俏迎奸	mài qiào yíng jiān	58259	in-ing,ian-iang,ai-ei,j-q-x	1
卖儿鬻女	mài ér yù nǚ	58260	ai-ei,n-l	3
卖头卖脚	mài tóu mài jiǎo	58263	ai-ei,ao-ou,j-q-x	1
卖妻鬻子	mài qī yù zǐ	58264	ai-ei,z-zh,j-q-x	3
卖富差贫	mài fù chà pín	58265	in-ing,ai-ei,c-ch,h-f	1
卖履分香	mài lǚ fēn xiāng	58266	en-eng,ian-iang,ai-ei,n-l,h-f,r-l,j-q-x	1
卖文为生	mài wén wéi shēng	58267	en-eng,ai-ei,s-sh	1
卖李钻核	mài lǐ zuān hé	58268	uan-uang,ai-ei,z-zh,n-l,h-f,r-l	1
卖狗悬羊	mài gǒu xuán yáng	58269	an-ang,uan-uang,ai-ei,ao-ou,j-q-x	1
卖男鬻女	mài nán yù nǚ	58270	an-ang,ai-ei,n-l	3
卖空买空	mài kōng mǎi kōng	58273	ai-ei	1
卖笑追欢	mài xiào zhuī huān	58274	uan-uang,ai-ei,z-zh,h-f,j-q-x	1
南冠楚囚	nán guān chǔ qiú	58278	an-ang,uan-uang,c-ch,n-l,j-q-x	1
南南合作	nán nán hé zuò	58281	an-ang,ua-uo,z-zh,n-l,h-f	1
南去北来	nán qù běi lái	58282	an-ang,ai-ei,n-l,r-l,j-q-x	1
南山可移	nán shān kě yí	58289	an-ang,s-sh,n-l	1
南山铁案	nán shān tiě àn	58290	an-ang,ia-ie,s-sh,n-l	1
南州冠冕	nán zhōu guān miǎn	58294	an-ang,ian-iang,uan-uang,ao-ou,z-zh,n-l	3
南征北伐	nán zhēng běi fá	58297	en-eng,an-ang,ai-ei,z-zh,n-l,h-f	1
南征北讨	nán zhēng běi tǎo	58298	en-eng,an-ang,ai-ei,ao-ou,z-zh,n-l	1
南户窥郎	nán hù kuī láng	58299	an-ang,n-l,h-f,r-l	1
南枝北枝	nán zhī běi zhī	58303	an-ang,ai-ei,z-zh,n-l	1
南棹北辕	nán zhào běi yuán	58305	an-ang,uan-uang,ai-ei,ao-ou,z-zh,n-l	3
南橘北枳	nán jú běi zhǐ	58306	an-ang,ai-ei,z-zh,n-l,j-q-x	3
南沙群岛	nán shā qún dǎo	58309	an-ang,ao-ou,s-sh,n-l,j-q-x	1
南箕北斗	nán jī běi dǒu	58317	an-ang,ai-ei,ao-ou,n-l,j-q-x	1
南舣北驾	nán yǐ běi jià	58320	an-ang,ai-ei,ia-ie,n-l,j-q-x	5
南航北骑	nán háng běi qí	58321	an-ang,ai-ei,n-l,h-f,j-q-x	1
南船北车	nán chuán běi chē	58322	an-ang,uan-uang,ai-ei,c-ch,n-l	1
南贩北贾	nán fàn běi gǔ	58325	an-ang,ai-ei,n-l,h-f	1
南郭先生	nán guō xiān shēng	58330	en-eng,an-ang,ian-iang,ua-uo,s-sh,n-l,j-q-x	1
南郭处士	nán guō chǔ shì	58331	an-ang,ua-uo,c-ch,s-sh,n-l	1
南金东箭	nán jīn dōng jiàn	58332	in-ing,an-ang,ian-iang,n-l,j-q-x	1
南阮北阮	nán ruǎn běi ruǎn	58334	an-ang,uan-uang,ai-ei,n-l,r-l	3
南面百城	nán miàn bǎi chéng	58338	en-eng,an-ang,ian-iang,ai-ei,c-ch,n-l	1
南面称孤	nán miàn chēng gū	58339	en-eng,an-ang,ian-iang,c-ch,n-l	1
南风不竞	nán fēng bù jìng	58341	en-eng,in-ing,an-ang,n-l,h-f,j-q-x	1
南鹞北鹰	nán yào běi yīng	58342	in-ing,an-ang,ai-ei,ao-ou,n-l	3
博文约礼	bó wén yuē lǐ	58345	en-eng,n-l,r-l	1
博施济众	bó shī jì zhòng	58346	z-zh,s-sh,j-q-x	1
博物学家	bó wù xué jiā	58347	ia-ie,j-q-x	1
博硕肥腯	bó shuò féi tú	58348	ai-ei,ua-uo,s-sh,h-f	5
博而不精	bó ér bù jīng	58349	in-ing,j-q-x	1
博而寡要	bó ér guǎ yào	58350	ao-ou,ua-uo	1
博茨瓦纳	bó cí wǎ nà	58351	c-ch,n-l	3
博览五车	bó lǎn wǔ chē	58352	an-ang,c-ch,n-l,r-l	1
博识多通	bó shí duō tōng	58353	ua-uo,s-sh	1
博识洽闻	bó shí qià wén	58354	en-eng,ia-ie,s-sh,j-q-x	1
博采众议	bó cǎi zhòng yì	58356	ai-ei,z-zh,c-ch	1
博闻多识	bó wén duō shí	58357	en-eng,ua-uo,s-sh	1
博闻强志	bó wén qiáng zhì	58358	en-eng,ian-iang,z-zh,j-q-x	1
博闻强识	bó wén qiáng zhì	58359	en-eng,ian-iang,z-zh,j-q-x	1
卜夜卜昼	bǔ yè bǔ zhòu	58360	ao-ou,z-zh	1
卜昼卜夜	bǔ zhòu bǔ yè	58361	ao-ou,z-zh	1
占风使帆	zhān fēng shǐ fān	58372	en-eng,an-ang,z-zh,s-sh,h-f	1
占风望气	zhān fēng wàng qì	58373	en-eng,an-ang,z-zh,h-f,j-q-x	1
卤莽灭裂	lǔ mǎng miè liè	58384	an-ang,ia-ie,n-l,r-l	1
卧不安席	wò bù ān xí	58385	an-ang,j-q-x	1
卧床不起	wò chuáng bù qǐ	58388	uan-uang,c-ch,j-q-x	1
卧虎藏龙	wò hǔ cáng lóng	58389	an-ang,c-ch,n-l,h-f,r-l	1
卬头阔步	áng tóu kuò bù	58390	an-ang,ao-ou,ua-uo	5
卬首信眉	áng shǒu shēn méi	58391	en-eng,an-ang,ai-ei,ao-ou,s-sh	5
印累绶若	yìn léi shòu ruò	58397	in-ing,ai-ei,ao-ou,ua-uo,s-sh,n-l,r-l	3
危于累卵	wēi yú lěi luǎn	58399	uan-uang,ai-ei,n-l,r-l	1
危如朝露	wēi rú zhāo lù	58400	ai-ei,ao-ou,z-zh,n-l,r-l	1
危急存亡	wēi jí cún wáng	58401	an-ang,ai-ei,c-ch,j-q-x	1
危机四伏	wēi jī sì fú	58402	ai-ei,s-sh,h-f,j-q-x	1
危机重重	wēi jī chóng chóng	58403	ai-ei,c-ch,j-q-x	1
危而不持	wēi ér bù chí	58404	ai-ei,c-ch	1
危若朝露	wēi ruò zhāo lù	58405	ai-ei,ao-ou,ua-uo,z-zh,n-l,r-l	1
危言危行	wēi yán wēi xíng	58406	in-ing,an-ang,ai-ei,j-q-x	1
危言核论	wēi yán hé lùn	58407	an-ang,ai-ei,n-l,h-f,r-l	1
危言正色	wēi yán zhèng sè	58408	en-eng,an-ang,ai-ei,z-zh,s-sh	1
危言竦论	wēi yán sǒng lùn	58409	an-ang,ai-ei,s-sh,n-l,r-l	3
危言高论	wēi yán gāo lùn	58410	an-ang,ai-ei,ao-ou,n-l,r-l	1
危迫利诱	wēi pò lì yòu	58411	ai-ei,ao-ou,n-l,r-l	1
即兴之作	jí xìng zhī zuò	58412	in-ing,ua-uo,z-zh,j-q-x	1
即小见大	jí xiǎo jiàn dà	58413	ian-iang,j-q-x	1
却老还童	què lǎo huán tóng	58418	uan-uang,ao-ou,n-l,h-f,r-l,j-q-x	1
却行求前	què xíng qiú qián	58419	in-ing,ian-iang,j-q-x	1
卵与石斗	luǎn yǔ shí dòu	58420	uan-uang,ao-ou,s-sh,n-l,r-l	1
卵石不敌	luǎn shí bù dí	58422	uan-uang,s-sh,n-l,r-l	1
卷席而居	juàn xí ér jū	58431	uan-uang,j-q-x	1
卷席而葬	juǎn xí ér zàng	58432	an-ang,uan-uang,z-zh,j-q-x	1
卷旗息鼓	juǎn qí xī gǔ	58434	uan-uang,j-q-x	1
卷甲倍道	juǎn jiǎ bèi dào	58436	uan-uang,ai-ei,ao-ou,ia-ie,j-q-x	1
卷甲束兵	juǎn jiǎ shù bīng	58437	in-ing,uan-uang,ia-ie,s-sh,j-q-x	1
卷甲衔枚	juǎn jiǎ xián méi	58438	ian-iang,uan-uang,ai-ei,ia-ie,j-q-x	1
卷甲韬戈	juǎn jiǎ tāo gē	58439	uan-uang,ao-ou,ia-ie,j-q-x	3
卷舌元音	juǎn shé yuán yīn	58444	in-ing,uan-uang,s-sh,j-q-x	1
历世摩钝	lì shì mó dùn	58451	s-sh,n-l,r-l	1
历世磨钝	lì shì mó dùn	58452	s-sh,n-l,r-l	1
历久弥坚	lì jiǔ mí jiān	58453	ian-iang,n-l,r-l,j-q-x	1
历历可数	lì lì kě shǔ	58454	s-sh,n-l,r-l	1
历历可考	lì lì kě kǎo	58455	ao-ou,n-l,r-l	1
历历可见	lì lì kě jiàn	58456	ian-iang,n-l,r-l,j-q-x	1
历历可辨	lì lì kě biàn	58457	ian-iang,n-l,r-l	1
历历落落	lì lì luò luò	58458	ua-uo,n-l,r-l	1
历史小说	lì shǐ xiǎo shuō	58459	ua-uo,s-sh,n-l,r-l,j-q-x	1
历精为治	lì jīng wéi zhì	58460	in-ing,ai-ei,z-zh,n-l,r-l,j-q-x	1
历精更始	lì jīng gèng shǐ	58461	en-eng,in-ing,s-sh,n-l,r-l,j-q-x	1
厉世摩钝	lì shì mó dùn	58462	s-sh,n-l,r-l	1
厉精更始	lì jīng gēng shǐ	58463	en-eng,in-ing,s-sh,n-l,r-l,j-q-x	1
厉行节约	lì xíng jié yuē	58464	in-ing,ia-ie,n-l,r-l,j-q-x	1
压倒元白	yā dǎo yuán bái	58465	uan-uang,ai-ei,ao-ou	1
压卷之作	yā juàn zhī zuò	58468	uan-uang,ua-uo,z-zh,j-q-x	1
压寨夫人	yā zhài fū rén	58472	en-eng,ai-ei,z-zh,h-f,r-l	1
压肩叠背	yā jiān dié bèi	58479	ian-iang,ai-ei,ia-ie,j-q-x	1
压肩迭背	yā jiān dié bèi	58480	ian-iang,ai-ei,ia-ie,j-q-x	1
压良为贱	yā liáng wéi jiàn	58482	ian-iang,ai-ei,n-l,r-l,j-q-x	1
压雪求油	yā xuě qiú yóu	58486	ao-ou,j-q-x	1
厌难折冲	yàn nán zhé chōng	58487	an-ang,z-zh,c-ch,n-l	1
厕足其间	cè zú qí jiān	58488	ian-iang,z-zh,c-ch,j-q-x	1
厕身其间	cè shēn qí jiān	58489	en-eng,ian-iang,c-ch,s-sh,j-q-x	1
厚今薄古	hòu jīn bó gǔ	58491	in-ing,ao-ou,h-f,j-q-x	1
厚味腊毒	hòu wèi xī dú	58492	ai-ei,ao-ou,h-f,j-q-x	1
厚往薄来	hòu wǎng báo lái	58493	an-ang,ai-ei,ao-ou,n-l,h-f,r-l	1
厚德载物	hòu dé zài wù	58494	ai-ei,ao-ou,z-zh,h-f	1
厚德载福	hòu dé zǎi fú	58495	ai-ei,ao-ou,z-zh,h-f	1
厝火燎原	cuò huǒ liǎo yuán	58498	uan-uang,ua-uo,c-ch,n-l,h-f,r-l	3
原原委委	yuán yuán wěi wěi	58499	uan-uang,ai-ei	1
原始要终	yuán shǐ yào zhōng	58501	uan-uang,ao-ou,z-zh,s-sh	1
原始见终	yuán shǐ jiàn zhōng	58502	ian-iang,uan-uang,z-zh,s-sh,j-q-x	1
原形败露	yuán xíng bài lù	58503	in-ing,uan-uang,ai-ei,n-l,r-l,j-q-x	1
去住两难	qù zhù liǎng nán	58508	an-ang,ian-iang,z-zh,n-l,r-l,j-q-x	1
去天尺五	qù tiān chǐ wǔ	58509	ian-iang,c-ch,j-q-x	1
去太去甚	qù tài qù shèn	58510	en-eng,ai-ei,s-sh,j-q-x	1
去就之分	qù jiù zhī fēn	58511	en-eng,z-zh,h-f,j-q-x	1
去本趋末	qù běn qū mò	58512	en-eng,j-q-x	1
去泰去甚	qù tài qù shèn	58513	en-eng,ai-ei,s-sh,j-q-x	1
去甚去泰	qù shèn qù tài	58514	en-eng,ai-ei,s-sh,j-q-x	1
去邪归正	qù xié guī zhèng	58515	en-eng,ia-ie,z-zh,j-q-x	1
去食存信	qù shí cún xìn	58516	in-ing,c-ch,s-sh,j-q-x	1
参伍错纵	cān wǔ cuò zòng	58521	an-ang,ua-uo,z-zh,c-ch	1
参伍错综	cēn wǔ cuò zōng	58522	en-eng,ua-uo,z-zh,c-ch	1
参前倚衡	cān qián yǐ héng	58523	en-eng,an-ang,ian-iang,c-ch,h-f,j-q-x	1
参商之虞	shēn shāng zhī yú	58526	en-eng,an-ang,z-zh,s-sh	3
参回斗转	shēn huí dǒu zhuǎn	58527	en-eng,uan-uang,ao-ou,z-zh,s-sh,h-f	1
参天两地	cān tiān liǎng dì	58528	an-ang,ian-iang,c-ch,n-l,r-l	1
参天贰地	cān tiān èr dì	58529	an-ang,ian-iang,c-ch	1
参差不一	cēn cī bù yī	58530	en-eng,c-ch	1
参差错落	cēn cī cuò luò	58531	en-eng,ua-uo,c-ch,n-l,r-l	1
参政议政	cān zhèng yì zhèng	58533	en-eng,an-ang,z-zh,c-ch	1
参横斗转	shēn héng dǒu zhuǎn	58535	en-eng,uan-uang,ao-ou,z-zh,s-sh,h-f	1
参辰卯酉	shēn chén mǎo yǒu	58538	en-eng,ao-ou,c-ch,s-sh	1
参辰日月	shēn chén rì yuè	58539	en-eng,c-ch,s-sh,r-l	1
参透机关	cān tòu jī guān	58540	an-ang,uan-uang,ao-ou,c-ch,j-q-x	1
又作别论	yòu zuò bié lùn	58543	ao-ou,ia-ie,ua-uo,z-zh,n-l,r-l	1
又吐又泻	yòu tù yòu xiè	58544	ao-ou,ia-ie,j-q-x	1
又弱一个	yòu ruò yī gè	58545	ao-ou,ua-uo,r-l	1
又当别论	yòu dāng bié lùn	58546	an-ang,ao-ou,ia-ie,n-l,r-l	1
又细又长	yòu xì yòu cháng	58547	an-ang,ao-ou,c-ch,j-q-x	1
叉开双腿	chǎ kāi shuāng tuǐ	58550	uan-uang,ai-ei,c-ch,s-sh	1
及宾有鱼	jí bīn yǒu yú	58553	in-ing,ao-ou,j-q-x	1
及时行乐	jí shí xíng lè	58554	in-ing,s-sh,n-l,r-l,j-q-x	1
及溺呼船	jí nì hū chuán	58555	uan-uang,c-ch,n-l,h-f,j-q-x	1
及笄年华	jí jī nián huá	58556	ian-iang,ua-uo,n-l,h-f,j-q-x	3
友风子雨	yǒu fēng zǐ yǔ	58557	en-eng,ao-ou,z-zh,h-f	1
双宿双飞	shuāng sù shuāng fēi	58559	uan-uang,ai-ei,s-sh,h-f	1
双柑斗酒	shuāng gān dǒu jiǔ	58562	an-ang,uan-uang,ao-ou,s-sh,j-q-x	1
双栖双宿	shuāng qī shuāng sù	58564	uan-uang,s-sh,j-q-x	1
双足重茧	shuāng zú chóng jiǎn	58565	ian-iang,uan-uang,z-zh,c-ch,s-sh,j-q-x	1
反动分子	fǎn dòng fèn zi	58570	en-eng,an-ang,z-zh,h-f	1
反劳为逸	fǎn láo wéi yì	58571	an-ang,ai-ei,ao-ou,n-l,h-f,r-l	1
反听内视	fǎn tīng nèi shì	58572	in-ing,an-ang,ai-ei,s-sh,n-l,h-f	1
反唇相稽	fǎn chún xiāng jī	58573	an-ang,ian-iang,c-ch,h-f,j-q-x	1
反射定律	fǎn shè dìng lǜ	58575	in-ing,an-ang,s-sh,n-l,h-f,r-l	1
反应两极	fǎn yìng liǎng jí	58577	in-ing,an-ang,ian-iang,n-l,h-f,r-l,j-q-x	1
反应过度	fǎn yìng guò dù	58580	in-ing,an-ang,ua-uo,h-f	1
反应过渡	fǎn yìng guò dù	58581	in-ing,an-ang,ua-uo,h-f	1
反戈相向	fǎn gē xiāng xiàng	58582	an-ang,ian-iang,h-f,j-q-x	1
反战分子	fǎn zhàn fèn zi	58583	en-eng,an-ang,z-zh,h-f	1
反手可得	fǎn shǒu kě dé	58584	an-ang,ao-ou,s-sh,h-f	1
反朴归真	fǎn pǔ guī zhēn	58587	en-eng,an-ang,z-zh,h-f	1
反朴还淳	fǎn pǔ huán chún	58588	an-ang,uan-uang,c-ch,h-f	1
反正拨乱	fǎn zhèng bō luàn	58589	en-eng,an-ang,uan-uang,z-zh,n-l,h-f,r-l	1
反正还淳	fǎn zhèng huán chún	58590	en-eng,an-ang,uan-uang,z-zh,c-ch,h-f	1
反水不收	fǎn shuǐ bù shōu	58592	an-ang,ao-ou,s-sh,h-f	1
反治其身	fǎn zhì qí shēn	58593	en-eng,an-ang,z-zh,s-sh,h-f,j-q-x	1
反眼不识	fǎn yǎn bù shí	58594	an-ang,s-sh,h-f	1
反经合义	fǎn jīng hé yì	58595	in-ing,an-ang,h-f,j-q-x	1
反经合道	fǎn jīng hé dào	58596	in-ing,an-ang,ao-ou,h-f,j-q-x	1
反经行权	fǎn jīng xíng quán	58597	in-ing,an-ang,uan-uang,h-f,j-q-x	1
反老还童	fǎn lǎo huán tóng	58598	an-ang,uan-uang,ao-ou,n-l,h-f,r-l	1
反躬自省	fǎn gōng zì xǐng	58599	in-ing,an-ang,z-zh,h-f,j-q-x	1
反间之计	fǎn jiàn zhī jì	58601	an-ang,ian-iang,z-zh,h-f,j-q-x	1
反面教员	fǎn miàn jiào yuán	58603	an-ang,ian-iang,uan-uang,h-f,j-q-x	1
反风灭火	fǎn fēng miè huǒ	58604	en-eng,an-ang,ia-ie,ua-uo,h-f	1
发上冲冠	fà shàng chōng guān	58605	an-ang,uan-uang,c-ch,s-sh,h-f	1
发上指冠	fà shàng zhǐ guān	58606	an-ang,uan-uang,z-zh,s-sh,h-f	1
发凡起例	fā fán qǐ lì	58609	an-ang,n-l,h-f,r-l,j-q-x	1
发奋图强	fā fèn tú qiáng	58615	en-eng,ian-iang,h-f,j-q-x	1
发奸擿伏	fā jiān tī fú	58616	ian-iang,h-f,j-q-x	5
发宪布令	fā xiàn bù lìng	58617	in-ing,ian-iang,n-l,h-f,r-l,j-q-x	1
发屋求狸	fā wū qiú lí	58618	n-l,h-f,r-l,j-q-x	1
发展速度	fā zhǎn sù dù	58619	an-ang,z-zh,s-sh,h-f	1
发引千钧	fà yǐn qiān jūn	58621	in-ing,ian-iang,h-f,j-q-x	1
发怒冲冠	fà nù chōng guān	58622	uan-uang,c-ch,n-l,h-f	1
发怒穿冠	fà nù chuān guān	58623	uan-uang,c-ch,n-l,h-f	1
发愤忘食	fā fèn wàng shí	58624	en-eng,an-ang,s-sh,h-f	1
发扬踔厉	fā yáng chuō lì	58625	an-ang,ua-uo,c-ch,n-l,h-f,r-l	3
发扬蹈厉	fā yáng dǎo lì	58626	an-ang,ao-ou,n-l,h-f,r-l	1
发指眦裂	fà zhǐ zì liè	58627	ia-ie,z-zh,n-l,h-f,r-l	3
发政施仁	fā zhèng shī rén	58628	en-eng,z-zh,s-sh,h-f,r-l	1
发棠之请	fā táng zhī qǐng	58630	in-ing,an-ang,z-zh,h-f,j-q-x	1
发植穿冠	fà zhí chuān guān	58631	uan-uang,z-zh,c-ch,h-f	1
发短心长	fà duǎn xīn cháng	58639	in-ing,an-ang,uan-uang,c-ch,h-f,j-q-x	1
发硎新试	fā xíng xīn shì	58640	in-ing,s-sh,h-f,j-q-x	3
发秃齿豁	fà tū chǐ huò	58641	ua-uo,c-ch,h-f	1
发科打诨	fā kē dǎ hùn	58642	h-f	3
发策决科	fā cè jué kē	58644	c-ch,h-f,j-q-x	1
发纵指使	fā zòng zhǐ shǐ	58647	z-zh,s-sh,h-f	1
发纵指示	fā zòng zhǐ shì	58648	z-zh,s-sh,h-f	1
发综指示	fā zōng zhǐ shì	58649	z-zh,s-sh,h-f	1
发聋振聩	fā lóng zhèn kuì	58650	en-eng,z-zh,n-l,h-f,r-l	3
发蒙振聩	fā méng zhèn kuì	58653	en-eng,z-zh,h-f	3
发蒙振落	fā méng zhèn luò	58654	en-eng,ua-uo,z-zh,n-l,h-f,r-l	1
发蒙解惑	fā méng jiě huò	58655	en-eng,ia-ie,ua-uo,h-f,j-q-x	1
发蒙解缚	fā méng jiě fù	58656	en-eng,ia-ie,h-f,j-q-x	1
发言盈庭	fā yán yíng tíng	58659	in-ing,an-ang,h-f	1
发财致富	fā cái zhì fù	58661	ai-ei,z-zh,c-ch,h-f	1
发踊冲冠	fà yǒng chōng guān	58662	uan-uang,c-ch,h-f	1
发踪指使	fā zōng zhǐ shǐ	58663	z-zh,s-sh,h-f	1
发踪指示	fā zōng zhǐ shì	58664	z-zh,s-sh,h-f	1
发隐擿伏	fā yǐn tī fú	58665	in-ing,h-f	5
发音器官	fā yīn qì guān	58666	in-ing,uan-uang,h-f,j-q-x	1
叔度陂湖	shū dù bēi hú	58670	ai-ei,s-sh,h-f	3
取之不尽	qǔ zhī bù jìn	58671	in-ing,z-zh,j-q-x	1
取乱侮亡	qǔ luàn wǔ wáng	58672	an-ang,uan-uang,n-l,r-l,j-q-x	1
取乱存亡	qǔ luàn cún wáng	58673	an-ang,uan-uang,c-ch,n-l,r-l,j-q-x	1
取予有节	qǔ yǔ yǒu jié	58674	ao-ou,ia-ie,j-q-x	1
取信于人	qǔ xìn yú rén	58675	en-eng,in-ing,r-l,j-q-x	1
取巧图便	qǔ qiǎo tú biàn	58676	ian-iang,j-q-x	1
取诸宫中	qǔ zhū gōng zhōng	58678	z-zh,j-q-x	1
取长弃短	qǔ cháng qì duǎn	58679	an-ang,uan-uang,c-ch,j-q-x	1
取青妃白	qǔ qīng fēi bái	58680	in-ing,ai-ei,h-f,j-q-x	1
变俗易教	biàn sú yì jiào	58681	ian-iang,s-sh,j-q-x	1
变动不居	biàn dòng bù jū	58683	ian-iang,j-q-x	1
变化不测	biàn huà bù cè	58684	ian-iang,ua-uo,c-ch,h-f	1
变化不穷	biàn huà bù qióng	58685	ian-iang,ua-uo,h-f,j-q-x	1
变化如神	biàn huà rú shén	58686	en-eng,ian-iang,ua-uo,s-sh,h-f,r-l	1
变化无穷	biàn huà wú qióng	58687	ian-iang,ua-uo,h-f,j-q-x	1
变化莫测	biàn huà mò cè	58688	ian-iang,ua-uo,c-ch,h-f	1
变危为安	biàn wēi wéi ān	58689	an-ang,ian-iang,ai-ei	1
变古乱常	biàn gǔ luàn cháng	58691	an-ang,ian-iang,uan-uang,c-ch,n-l,r-l	1
变幻不测	biàn huàn bù cè	58694	ian-iang,uan-uang,c-ch,h-f	1
变态反应	biàn tài fǎn yìng	58695	in-ing,an-ang,ian-iang,ai-ei,h-f	1
变生不测	biàn shēng bù cè	58696	en-eng,ian-iang,c-ch,s-sh	1
变贪厉薄	biàn tān lì bó	58697	an-ang,ian-iang,n-l,r-l	1
变风改俗	biàn fēng gǎi sú	58698	en-eng,ian-iang,ai-ei,s-sh,h-f	1
变风易俗	biàn fēng yì sú	58699	en-eng,ian-iang,s-sh,h-f	1
叠矩重规	dié jǔ chóng guī	58700	ia-ie,c-ch,j-q-x	1
口不二价	kǒu bù èr jià	58701	ao-ou,ia-ie,j-q-x	1
口不应心	kǒu bù yìng xīn	58702	in-ing,ao-ou,j-q-x	1
口不择言	kǒu bù zé yán	58703	an-ang,ao-ou,z-zh	1
口中蚤虱	kǒu zhōng zǎo shī	58704	ao-ou,z-zh,s-sh	3
口中雌黄	kǒu zhōng cí huáng	58705	uan-uang,ao-ou,z-zh,c-ch,h-f	1
口似悬河	kǒu sì xuán hé	58706	uan-uang,ao-ou,s-sh,h-f,j-q-x	1
口出不逊	kǒu chū bù xùn	58707	ao-ou,c-ch,j-q-x	1
口出大言	kǒu chū dà yán	58708	an-ang,ao-ou,c-ch	1
口口相传	kǒu kǒu xiāng chuán	58710	ian-iang,uan-uang,ao-ou,c-ch,j-q-x	1
口吐珠玑	kǒu tǔ zhū jī	58711	ao-ou,z-zh,j-q-x	3
口壅若川	kǒu yōng ruò chuān	58712	uan-uang,ao-ou,ua-uo,c-ch,r-l	3
口多食寡	kǒu duō shí guǎ	58713	ao-ou,ua-uo,s-sh	1
口尚乳臭	kǒu shàng rǔ xiù	58714	an-ang,ao-ou,s-sh,r-l,j-q-x	1
口干舌焦	kǒu gān shé jiāo	58715	an-ang,ao-ou,s-sh,j-q-x	1
口无择言	kǒu wú zé yán	58716	an-ang,ao-ou,z-zh	1
口燥唇干	kǒu zào chún gān	58717	an-ang,ao-ou,z-zh,c-ch	1
口碑载道	kǒu bēi zài dào	58718	ai-ei,ao-ou,z-zh	1
口耳并重	kǒu ěr bìng zhòng	58719	in-ing,ao-ou,z-zh	1
口耳相承	kǒu ěr xiāng chéng	58720	en-eng,ian-iang,ao-ou,c-ch,j-q-x	1
口腹之累	kǒu fù zhī lěi	58721	ai-ei,ao-ou,z-zh,n-l,h-f,r-l	1
口血未干	kǒu xuè wèi gān	58722	an-ang,ai-ei,ao-ou,j-q-x	1
口角春风	kǒu jiǎo chūn fēng	58724	en-eng,ao-ou,c-ch,h-f,j-q-x	1
口角生风	kǒu jiǎo shēng fēng	58726	en-eng,ao-ou,s-sh,h-f,j-q-x	1
口角风情	kǒu jiǎo fēng qíng	58727	en-eng,in-ing,ao-ou,h-f,j-q-x	1
口说无凭	kǒu shuō wú píng	58729	in-ing,ao-ou,ua-uo,s-sh	1
口谐辞给	kǒu xié cí gěi	58730	ai-ei,ao-ou,ia-ie,c-ch,j-q-x	1
口轻舌薄	kǒu qīng shé bó	58731	in-ing,ao-ou,s-sh,j-q-x	1
古井不波	gǔ jǐng bù bō	58733	in-ing,j-q-x	1
古典音乐	gǔ diǎn yīn yuè	58735	in-ing,ian-iang	1
古地理学	gǔ dì lǐ xué	58737	n-l,r-l,j-q-x	1
古木参天	gǔ mù cān tiān	58738	an-ang,ian-iang,c-ch	1
古细菌域	gǔ xì jùn yù	58739	j-q-x	1
古细菌界	gǔ xì jùn jiè	58740	ia-ie,j-q-x	1
古调不弹	gǔ diào bù tán	58742	an-ang	1
古调单弹	gǔ diào dān tán	58743	an-ang	1
句子成分	jù zi chéng fèn	58745	en-eng,z-zh,c-ch,h-f,j-q-x	1
句斟字酌	jù zhēn zì zhuó	58747	en-eng,ua-uo,z-zh,j-q-x	1
句栉字比	jù zhì zì bǐ	58748	z-zh,j-q-x	3
句比字栉	jù bǐ zì zhì	58749	z-zh,j-q-x	3
另一方面	lìng yì fāng miàn	58751	in-ing,an-ang,ian-iang,n-l,h-f,r-l	1
另有洞天	lìng yǒu dòng tiān	58753	in-ing,ian-iang,ao-ou,n-l,r-l	1
另眼相待	lìng yǎn xiāng dài	58754	in-ing,an-ang,ian-iang,ai-ei,n-l,r-l,j-q-x	1
另眼看戏	lìng yǎn kàn xì	58755	in-ing,an-ang,n-l,r-l,j-q-x	1
叨在知己	tāo zài zhī jǐ	58756	ai-ei,ao-ou,z-zh,j-q-x	1
叨陪末座	tāo péi mò zuò	58758	ai-ei,ao-ou,ua-uo,z-zh	1
叩心泣血	kòu xīn qì xuè	58759	in-ing,ao-ou,j-q-x	1
叩源推委	kòu yuán tuī wěi	58760	uan-uang,ai-ei,ao-ou	1
叩石垦壤	kòu shí kěn rǎng	58761	en-eng,an-ang,ao-ou,s-sh,r-l	1
只争旦夕	zhǐ zhēng dàn xī	58763	en-eng,an-ang,z-zh,j-q-x	1
只欠东风	zhǐ qiàn dōng fēng	58765	en-eng,ian-iang,z-zh,h-f,j-q-x	1
只身孤影	zhī shēn gū yǐng	58769	en-eng,in-ing,z-zh,s-sh	1
只轮不反	zhī lún bù fǎn	58770	an-ang,z-zh,n-l,h-f,r-l	1
只轮不返	zhī lún bù fǎn	58771	an-ang,z-zh,n-l,h-f,r-l	1
只轮无反	zhī lún wú fǎn	58772	an-ang,z-zh,n-l,h-f,r-l	1
只骑不反	zhī qí bù fǎn	58773	an-ang,z-zh,h-f,j-q-x	1
只鸡斗酒	zhī jī dǒu jiǔ	58774	ao-ou,z-zh,j-q-x	1
只鸡樽酒	zhī jī zūn jiǔ	58775	z-zh,j-q-x	3
只鸡絮酒	zhī jī xù jiǔ	58776	z-zh,j-q-x	1
召之即来	zhào zhī jí lái	58778	ai-ei,ao-ou,z-zh,n-l,r-l,j-q-x	1
叮叮当当	dīng dīng dāng dāng	58781	in-ing,an-ang	1
可乘之隙	kě chéng zhī xì	58783	en-eng,z-zh,c-ch,j-q-x	1
可发一噱	kě fā yī jué	58784	h-f,j-q-x	3
可心如意	kě xīn rú yì	58788	in-ing,r-l,j-q-x	1
可操左券	kě cāo zuǒ quàn	58791	uan-uang,ao-ou,ua-uo,z-zh,c-ch,j-q-x	1
可泣可歌	kě qì kě gē	58792	j-q-x	1
可见一斑	kě jiàn yī bān	58794	an-ang,ian-iang,j-q-x	1
台阁生风	tái gé shēng fēng	58811	en-eng,ai-ei,s-sh,h-f	1
叱嗟风云	chì jiē fēng yún	58814	en-eng,ia-ie,c-ch,h-f,j-q-x	3
史不绝书	shǐ bù jué shū	58815	s-sh,j-q-x	1
叶瘦花残	yè shòu huā cán	58828	an-ang,ao-ou,ua-uo,c-ch,s-sh,h-f	1
叶落知秋	yè luò zhī qiū	58832	ua-uo,z-zh,n-l,r-l,j-q-x	1
号令如山	hào lìng rú shān	58837	in-ing,an-ang,ao-ou,s-sh,n-l,h-f,r-l	1
号啕大哭	háo táo dà kū	58838	ao-ou,h-f	3
号天扣地	hào tiān kòu dì	58840	ian-iang,ao-ou,h-f	1
号寒啼饥	háo hán tí jī	58841	an-ang,ao-ou,h-f,j-q-x	1
司农仰屋	sī nóng yǎng wū	58848	an-ang,s-sh,n-l	1
司马称好	sī mǎ chēng hǎo	58853	en-eng,ao-ou,c-ch,s-sh,h-f	1
叹观止矣	tàn guān zhǐ yǐ	58854	an-ang,uan-uang,z-zh	1
叽哩咕噜	jī lǐ gū lū	58855	n-l,r-l,j-q-x	3
吁天呼地	yù tiān hū dì	58856	ian-iang,h-f	1
吃喝玩乐	chī hē wán lè	58861	an-ang,c-ch,n-l,h-f,r-l	1
吃着不尽	chī zhuó bù jìn	58864	in-ing,ua-uo,z-zh,c-ch,j-q-x	1
吃穿用度	chī chuān yòng dù	58866	uan-uang,c-ch	1
吃苦受累	chī kǔ shòu lèi	58867	ai-ei,ao-ou,c-ch,s-sh,n-l,r-l	1
吃里扒外	chī lǐ pá wài	58868	ai-ei,c-ch,n-l,r-l	1
各不相让	gè bù xiāng ràng	58869	an-ang,ian-iang,r-l,j-q-x	1
各不相谋	gè bù xiāng móu	58870	ian-iang,ao-ou,j-q-x	1
各为其主	gè wèi qí zhǔ	58871	ai-ei,z-zh,j-q-x	1
各从其志	gè cóng qí zhì	58873	z-zh,c-ch,j-q-x	1
各取所长	gè qǔ suǒ cháng	58874	an-ang,ua-uo,c-ch,s-sh,j-q-x	1
各司其事	gè sī qí shì	58875	s-sh,j-q-x	1
各安生业	gè ān shēng yè	58876	en-eng,an-ang,s-sh	1
各得其宜	gè dé qí yí	58877	j-q-x	1
各执己见	gè zhí jǐ jiàn	58878	ian-iang,z-zh,j-q-x	1
各抒所见	gè shū suǒ jiàn	58879	ian-iang,ua-uo,s-sh,j-q-x	1
各有所短	gè yǒu suǒ duǎn	58880	uan-uang,ao-ou,ua-uo,s-sh	1
各有所职	gè yǒu suǒ zhí	58881	ao-ou,ua-uo,z-zh,s-sh	1
各色人等	gè sè rén děng	58884	en-eng,s-sh,r-l	1
各色各样	gè sè gè yàng	58885	an-ang,s-sh	1
各色名样	gè sè míng yàng	58886	in-ing,an-ang,s-sh	1
各行其事	gè xíng qí shì	58887	in-ing,s-sh,j-q-x	1
各行其志	gè xíng qí zhì	58888	in-ing,z-zh,j-q-x	1
合两为一	hé liǎng wéi yī	58889	ian-iang,ai-ei,n-l,h-f,r-l	1
合从连衡	hé zòng lián héng	58890	en-eng,ian-iang,z-zh,n-l,h-f,r-l	1
合成橡胶	hé chéng xiàng jiāo	58898	en-eng,ian-iang,c-ch,h-f,j-q-x	1
合浦珠还	hé pǔ zhū huán	58903	uan-uang,z-zh,h-f	1
合浦还珠	hé pǔ huán zhū	58904	uan-uang,z-zh,h-f	1
合盘托出	hé pán tuō chū	58905	an-ang,ua-uo,c-ch,h-f	1
合眼摸象	hé yǎn mō xiàng	58906	an-ang,ian-iang,h-f,j-q-x	1
合胆同心	hé dǎn tóng xīn	58909	in-ing,an-ang,h-f,j-q-x	1
合衷共济	hé zhōng gòng jì	58911	z-zh,h-f,j-q-x	1
吉光片羽	jí guāng piàn yǔ	58914	ian-iang,uan-uang,j-q-x	1
吉光片裘	jí guāng piàn qiú	58915	ian-iang,uan-uang,j-q-x	3
吉凶未卜	jí xiōng wèi bǔ	58916	ai-ei,j-q-x	1
吊尔郎当	diào ěr láng dāng	58920	an-ang,n-l,r-l	1
吊胆提心	diào dǎn tí xīn	58921	in-ing,an-ang,j-q-x	1
同业相仇	tóng yè xiāng chóu	58925	ian-iang,ao-ou,c-ch,j-q-x	1
同仇敌慨	tóng chóu dí kǎi	58929	ai-ei,ao-ou,c-ch	1
同休共戚	tóng xiū gòng qī	58930	j-q-x	1
同休等戚	tóng xiū děng qī	58931	en-eng,j-q-x	1
同利相死	tóng lì xiāng sǐ	58935	ian-iang,s-sh,n-l,r-l,j-q-x	1
同力协契	tóng lì xié qì	58936	ia-ie,n-l,r-l,j-q-x	1
同功一体	tóng gōng yī tǐ	58937		1
同化作用	tóng huà zuò yòng	58938	ua-uo,z-zh,h-f	1
同化政策	tóng huà zhèng cè	58939	en-eng,ua-uo,z-zh,c-ch,h-f	1
同垂不朽	tóng chuí bù xiǔ	58942	c-ch,j-q-x	1
同堂兄弟	tóng táng xiōng dì	58944	an-ang,j-q-x	1
同声一辞	tóng shēng yī cí	58945	en-eng,c-ch,s-sh	1
同声共气	tóng shēng gòng qì	58946	en-eng,s-sh,j-q-x	1
同声同气	tóng shēng tóng qì	58947	en-eng,s-sh,j-q-x	1
同声相应	tóng shēng xiāng yìng	58948	en-eng,in-ing,ian-iang,s-sh,j-q-x	1
同声相求	tóng shēng xiāng qiú	58949	en-eng,ian-iang,s-sh,j-q-x	1
同声翻译	tóng shēng fān yì	58950	en-eng,an-ang,s-sh,h-f	1
同尘合污	tóng chén hé wū	58952	en-eng,c-ch,h-f	1
同工异曲	tóng gōng yì qǔ	58953	j-q-x	1
同年而校	tóng nián ér xiào	58954	ian-iang,n-l,j-q-x	1
同年而语	tóng nián ér yǔ	58955	ian-iang,n-l	1
同床共枕	tóng chuáng gòng zhěn	58957	en-eng,uan-uang,z-zh,c-ch	1
同床各梦	tóng chuáng gè mèng	58958	en-eng,uan-uang,c-ch	1
同归殊涂	tóng guī shū tú	58960	s-sh	1
同归殊途	tóng guī shū tú	58961	s-sh	1
同德一心	tóng dé yī xīn	58964	in-ing,j-q-x	1
同德协力	tóng dé xié lì	58965	ia-ie,n-l,r-l,j-q-x	1
同德同心	tóng dé tóng xīn	58966	in-ing,j-q-x	1
同心一力	tóng xīn yī lì	58967	in-ing,n-l,r-l,j-q-x	1
同心一德	tóng xīn yī dé	58968	in-ing,j-q-x	1
同心一意	tóng xīn yī yì	58969	in-ing,j-q-x	1
同心僇力	tóng xīn lù lì	58970	in-ing,n-l,r-l,j-q-x	5
同心共济	tóng xīn gòng jì	58971	in-ing,j-q-x	1
同心共胆	tóng xīn gòng dǎn	58972	in-ing,an-ang,j-q-x	1
同心协德	tóng xīn xié dé	58973	in-ing,ia-ie,j-q-x	1
同心协济	tóng xīn xié jì	58974	in-ing,ia-ie,j-q-x	1
同心叶力	tóng xīn yè lì	58975	in-ing,n-l,r-l,j-q-x	1
同心合力	tóng xīn hé lì	58976	in-ing,n-l,h-f,r-l,j-q-x	1
同心合德	tóng xīn hé dé	58977	in-ing,h-f,j-q-x	1
同心合意	tóng xīn hé yì	58978	in-ing,h-f,j-q-x	1
同心合胆	tóng xīn hé dǎn	58979	in-ing,an-ang,h-f,j-q-x	1
同心并力	tóng xīn bìng lì	58980	in-ing,n-l,r-l,j-q-x	1
同心戮力	tóng xīn lù lì	58981	in-ing,n-l,r-l,j-q-x	3
同心敌忾	tóng xīn dí kài	58982	in-ing,ai-ei,j-q-x	3
同心断金	tóng xīn duàn jīn	58983	in-ing,uan-uang,j-q-x	1
同心毕力	tóng xīn bì lì	58984	in-ing,n-l,r-l,j-q-x	1
同心竭力	tóng xīn jié lì	58985	in-ing,ia-ie,n-l,r-l,j-q-x	1
同忧相救	tóng yōu xiāng jiù	58986	ian-iang,ao-ou,j-q-x	1
同恶共济	tóng è gòng jì	58987	j-q-x	1
同恶相党	tóng è xiāng dǎng	58988	an-ang,ian-iang,j-q-x	1
同恶相助	tóng wù xiāng zhù	58989	ian-iang,z-zh,j-q-x	1
同恶相恤	tóng wù xiāng xù	58990	ian-iang,j-q-x	1
同恶相求	tóng è xiāng qiú	58991	ian-iang,j-q-x	1
同恶相济	tóng è xiāng jì	58992	ian-iang,j-q-x	1
同敝相济	tóng bì xiāng jì	58994	ian-iang,j-q-x	3
同文共规	tóng wén gòng guī	58995	en-eng	1
同文共轨	tóng wén gòng guǐ	58996	en-eng	1
同日而言	tóng rì ér yán	58999	an-ang,r-l	1
同日而论	tóng rì ér lùn	59000	n-l,r-l	1
同日而语	tóng rì ér yǔ	59001	r-l	1
同日而道	tóng rì ér dào	59002	ao-ou,r-l	1
同明相照	tóng míng xiāng zhào	59003	in-ing,ian-iang,ao-ou,z-zh,j-q-x	1
同条共贯	tóng tiáo gòng guàn	59004	uan-uang	1
同气相求	tóng qì xiāng qiú	59008	ian-iang,j-q-x	1
同气连枝	tóng qì lián zhī	59009	ian-iang,z-zh,n-l,r-l,j-q-x	1
同浴讥裸	tóng yù jī luǒ	59012	ua-uo,n-l,r-l,j-q-x	1
同源共流	tóng yuán gòng liú	59014	uan-uang,n-l,r-l	1
同源异派	tóng yuán yì pài	59015	uan-uang,ai-ei	1
同源异流	tóng yuán yì liú	59016	uan-uang,n-l,r-l	1
同然一辞	tóng rán yī cí	59017	an-ang,c-ch,r-l	1
同盘而食	tóng pán ér shí	59018	an-ang,s-sh	1
同符合契	tóng fú hé qì	59022	h-f,j-q-x	1
同等学历	tóng děng xué lì	59023	en-eng,n-l,r-l,j-q-x	1
同类相从	tóng lèi xiāng cóng	59024	ian-iang,ai-ei,c-ch,n-l,r-l,j-q-x	1
同类相妒	tóng lèi xiāng dù	59025	ian-iang,ai-ei,n-l,r-l,j-q-x	1
同类相求	tóng lèi xiāng qiú	59026	ian-iang,ai-ei,n-l,r-l,j-q-x	1
同美相妒	tóng měi xiāng dù	59027	ian-iang,ai-ei,j-q-x	1
同胞共气	tóng bāo gòng qì	59028	ao-ou,j-q-x	1
同舟共命	tóng zhōu gòng mìng	59029	in-ing,ao-ou,z-zh	1
同舟敌国	tóng zhōu dí guó	59030	ao-ou,ua-uo,z-zh	1
同舟遇风	tóng zhōu yù fēng	59031	en-eng,ao-ou,z-zh,h-f	1
同船合命	tóng chuán hé mìng	59032	in-ing,uan-uang,c-ch,h-f	1
同袍同泽	tóng páo tóng zé	59034	ao-ou,z-zh	1
同门异户	tóng mén yì hù	59038	en-eng,h-f	1
同音共律	tóng yīn gòng lǜ	59041	in-ing,n-l,r-l	1
名不符实	míng bù fú shí	59043	in-ing,s-sh,h-f	1
名不虚得	míng bù xū dé	59044	in-ing,j-q-x	1
名不虚立	míng bù xū lì	59045	in-ing,n-l,r-l,j-q-x	1
名从主人	míng cóng zhǔ rén	59046	en-eng,in-ing,z-zh,c-ch,r-l	1
名同实异	míng tóng shí yì	59048	in-ing,s-sh	1
名垂万古	míng chuí wàn gǔ	59049	in-ing,an-ang,c-ch	1
名士风流	míng shì fēng liú	59050	en-eng,in-ing,s-sh,n-l,h-f,r-l	1
名声籍甚	míng shēng jí shèn	59051	en-eng,in-ing,s-sh,j-q-x	1
名声过实	míng shēng guò shí	59052	en-eng,in-ing,ua-uo,s-sh	1
名实相副	míng shí xiāng fù	59054	in-ing,ian-iang,s-sh,h-f,j-q-x	1
名实难副	míng shí nán fù	59055	in-ing,an-ang,s-sh,n-l,h-f	1
名德重望	míng dé zhòng wàng	59056	in-ing,an-ang,z-zh	1
名我固当	míng wǒ gù dāng	59057	in-ing,an-ang	1
名正理顺	míng zhèng lǐ shùn	59060	en-eng,in-ing,z-zh,s-sh,n-l,r-l	1
名目繁多	míng mù fán duō	59061	in-ing,an-ang,ua-uo,h-f	1
名符其实	míng fú qí shí	59062	in-ing,s-sh,h-f,j-q-x	1
名过其实	míng guò qí shí	59064	in-ing,ua-uo,s-sh,j-q-x	1
名重一时	míng zhòng yī shí	59065	in-ing,z-zh,s-sh	1
名高难副	míng gāo nán fù	59066	in-ing,an-ang,ao-ou,n-l,h-f	1
后不巴店	hòu bù bā diàn	59067	ian-iang,ao-ou,h-f	1
后会无期	hòu huì wú qī	59068	ao-ou,h-f,j-q-x	1
后悔不及	hòu huǐ bù jí	59072	ao-ou,h-f,j-q-x	1
后手不接	hòu shǒu bù jiē	59073	ao-ou,ia-ie,s-sh,h-f,j-q-x	1
后福无量	hòu fú wú liàng	59077	ian-iang,ao-ou,n-l,h-f,r-l	1
后继有人	hòu jì yǒu rén	59078	en-eng,ao-ou,h-f,r-l,j-q-x	1
后车之戒	hòu chē zhī jiè	59079	ao-ou,ia-ie,z-zh,c-ch,h-f,j-q-x	1
吐丝自缚	tǔ sī zì fù	59080	z-zh,s-sh,h-f	1
吐刚茹柔	tǔ gāng rú róu	59081	an-ang,ao-ou,r-l	3
吐哺捉发	tǔ bǔ zhuō fā	59083	ua-uo,z-zh,h-f	1
吐哺握发	tǔ bǔ wò fà	59084	h-f	1
吐哺辍洗	tǔ bǔ chuò xǐ	59085	ua-uo,c-ch,j-q-x	3
吐心吐胆	tǔ xīn tǔ dǎn	59088	in-ing,an-ang,j-q-x	1
吐气扬眉	tǔ qì yáng méi	59089	an-ang,ai-ei,j-q-x	1
吐肝露胆	tǔ gān lù dǎn	59092	an-ang,n-l,r-l	1
吐胆倾心	tǔ dǎn qīng xīn	59093	in-ing,an-ang,j-q-x	1
吐露真情	tǔ lù zhēn qíng	59096	en-eng,in-ing,z-zh,n-l,r-l,j-q-x	1
吐食握发	tǔ shí wò fā	59097	s-sh,h-f	1
向上一纵	xiàng shàng yí zòng	59098	an-ang,ian-iang,z-zh,s-sh,j-q-x	1
向上一路	xiàng shàng yī lù	59099	an-ang,ian-iang,s-sh,n-l,r-l,j-q-x	1
向声背实	xiàng shēng bèi shí	59100	en-eng,ian-iang,ai-ei,s-sh,j-q-x	1
向若而叹	xiàng ruò ér tàn	59101	an-ang,ian-iang,ua-uo,r-l,j-q-x	1
向风慕义	xiàng fēng mù yì	59102	en-eng,ian-iang,h-f,j-q-x	1
吓一大跳	xià yí dà tiào	59103	ia-ie,j-q-x	1
吗玩意儿	má wán yì er	59105	an-ang	1
君子好逑	jūn zǐ hǎo qiú	59106	ao-ou,z-zh,h-f,j-q-x	3
吞刀吐火	tūn dāo tǔ huǒ	59107	ao-ou,ua-uo,h-f	1
吞符翕景	tūn fú xī jǐng	59109	in-ing,h-f,j-q-x	3
吞言咽理	tūn yán yān lǐ	59110	an-ang,n-l,r-l	1
吞风饮雨	tūn fēng yǐn yǔ	59111	en-eng,in-ing,h-f	1
吟风咏月	yín fēng yǒng yuè	59112	en-eng,in-ing,h-f	1
吠非其主	fèi fēi qí zhǔ	59113	ai-ei,z-zh,h-f,j-q-x	1
否去泰来	pǐ qù tài lái	59116	ai-ei,n-l,r-l,j-q-x	1
否往泰来	pǐ wǎng tài lái	59117	an-ang,ai-ei,n-l,r-l	1
否极泰回	pǐ jí tài huí	59118	ai-ei,h-f,j-q-x	1
否极阳回	pǐ jí yáng huí	59119	an-ang,h-f,j-q-x	1
否终则泰	pǐ zhōng zé tài	59120	ai-ei,z-zh	1
否终复泰	pǐ zhōng fù tài	59121	ai-ei,z-zh,h-f	1
吧的一声	bā de yī shēng	59122	en-eng,s-sh	1
含冤莫白	hán yuān mò bái	59123	an-ang,uan-uang,ai-ei,h-f	1
含含糊糊	hán hán hū hū	59124	an-ang,h-f	1
含商咀征	hán shāng jǔ zhēng	59125	en-eng,an-ang,z-zh,s-sh,h-f,j-q-x	3
含商咀徵	hán shāng jǔ zhēng	59126	en-eng,an-ang,z-zh,s-sh,h-f,j-q-x	3
含垢藏瑕	hán gòu cáng xiá	59127	an-ang,ao-ou,ia-ie,c-ch,h-f,j-q-x	3
含垢藏疾	hán gòu cáng jí	59128	an-ang,ao-ou,c-ch,h-f,j-q-x	1
含宫咀征	hán gōng jǔ zhēng	59129	en-eng,an-ang,z-zh,h-f,j-q-x	3
含宫咀徵	hán gōng jǔ zhēng	59130	en-eng,an-ang,z-zh,h-f,j-q-x	3
含明隐迹	hán míng yǐn jì	59131	in-ing,an-ang,h-f,j-q-x	1
含牙带角	hán yá dài jiǎo	59134	an-ang,ai-ei,h-f,j-q-x	1
含牙戴角	hán yá dài jiǎo	59135	an-ang,ai-ei,h-f,j-q-x	1
含笑入地	hán xiào rù dì	59136	an-ang,h-f,r-l,j-q-x	1
含糊不明	hán hú bù míng	59137	in-ing,an-ang,h-f	1
含糊不清	hán hú bù qīng	59138	in-ing,an-ang,h-f,j-q-x	1
含糊其辞	hán hú qí cí	59139	an-ang,c-ch,h-f,j-q-x	1
含苞待放	hán bāo dài fàng	59140	an-ang,ai-ei,ao-ou,h-f	1
含英咀华	hán yīng jǔ huá	59141	in-ing,an-ang,ua-uo,h-f,j-q-x	3
含菁咀华	hán jīng jǔ huá	59142	in-ing,an-ang,ua-uo,h-f,j-q-x	3
含蓼问疾	hán liǎo wèn jí	59143	en-eng,an-ang,n-l,h-f,r-l,j-q-x	3
含血噀人	hán xuè xùn rén	59145	en-eng,an-ang,h-f,r-l,j-q-x	5
含齿戴发	hán chǐ dài fā	59146	an-ang,ai-ei,c-ch,h-f	1
听其自流	tīng qí zì liú	59149	in-ing,z-zh,n-l,r-l,j-q-x	1
听风听水	tīng fēng tīng shuǐ	59153	en-eng,in-ing,s-sh,h-f	1
吱哩哇啦	zhī lī wā lā	59155	z-zh,n-l,r-l	1
吴下阿蒙	wú xià ā méng	59157	en-eng,ia-ie,j-q-x	1
吴头楚尾	wú tóu chǔ wěi	59160	ai-ei,ao-ou,c-ch	1
吴带当风	wú dài dāng fēng	59161	en-eng,an-ang,ai-ei,h-f	1
吴越同舟	wú yuè tóng zhōu	59164	ao-ou,z-zh	1
吵吵闹闹	chǎo chǎo nào nào	59165	ao-ou,c-ch,n-l	1
吸新吐故	xī xīn tǔ gù	59167	in-ing,j-q-x	1
吸风饮露	xī fēng yǐn lù	59169	en-eng,in-ing,n-l,h-f,r-l,j-q-x	1
吹叶嚼蕊	chuī yè jiáo ruǐ	59171	c-ch,r-l,j-q-x	1
吹弹得破	chuī tán dé pò	59173	an-ang,c-ch	1
吹弹歌舞	chuī tán gē wǔ	59174	an-ang,c-ch	1
吹毛数睫	chuī máo shù jié	59177	ao-ou,ia-ie,c-ch,s-sh,j-q-x	1
吹毛洗垢	chuī máo xǐ gòu	59178	ao-ou,c-ch,j-q-x	1
吹竹弹丝	chuī zhú tán sī	59180	an-ang,z-zh,c-ch,s-sh	1
吹箫乞食	chuī xiāo qǐ shí	59181	c-ch,s-sh,j-q-x	1
吹篪乞食	chuī chí qǐ shí	59182	c-ch,s-sh,j-q-x	3
吹糠见米	chuī kāng jiàn mǐ	59183	an-ang,ian-iang,c-ch,j-q-x	1
吹花嚼蕊	chuī huā jiáo ruǐ	59184	ua-uo,c-ch,h-f,r-l,j-q-x	1
吹角连营	chuī jiǎo lián yíng	59185	in-ing,ian-iang,c-ch,n-l,r-l,j-q-x	1
吾膝如铁	wú xī rú tiě	59189	ia-ie,r-l,j-q-x	1
吾自有处	wú zì yǒu chǔ	59190	ao-ou,z-zh,c-ch	1
吾谁与归	wú shuí yǔ guī	59191	s-sh	1
呆似木鸡	dāi sì mù jī	59194	ai-ei,s-sh,j-q-x	1
呆里撒奸	dāi lǐ sā jiān	59196	ian-iang,ai-ei,s-sh,n-l,r-l,j-q-x	1
告一段落	gào yí duàn luò	59199	uan-uang,ao-ou,ua-uo,n-l,r-l	1
告往知来	gào wǎng zhī lái	59201	an-ang,ai-ei,ao-ou,z-zh,n-l,r-l	1
告朔饩羊	gù shuò xì yáng	59202	an-ang,ua-uo,s-sh,j-q-x	3
告老在家	gào lǎo zài jiā	59203	ai-ei,ao-ou,ia-ie,z-zh,n-l,r-l,j-q-x	1
告老还家	gào lǎo huán jiā	59204	uan-uang,ao-ou,ia-ie,n-l,h-f,r-l,j-q-x	1
呕心抽肠	ǒu xīn chōu cháng	59212	in-ing,an-ang,ao-ou,c-ch,j-q-x	1
呕心滴血	ǒu xīn dī xuè	59213	in-ing,ao-ou,j-q-x	1
呕心镂骨	ǒu xīn lòu gǔ	59214	in-ing,ao-ou,n-l,r-l,j-q-x	3
呜呜咽咽	wū wū yè yè	59225		1
呢喃细语	ní nán xì yǔ	59226	an-ang,n-l,j-q-x	3
周公吐哺	zhōu gōng tǔ bǔ	59228	ao-ou,z-zh	1
周情孔思	zhōu qíng kǒng sī	59229	in-ing,ao-ou,z-zh,s-sh,j-q-x	1
周穷恤匮	zhōu qióng xù kuì	59230	ao-ou,z-zh,j-q-x	3
周而不比	zhōu ér bù bǐ	59231	ao-ou,z-zh	1
周规折矩	zhōu guī zhé jǔ	59232	ao-ou,z-zh,j-q-x	1
周郎顾曲	zhōu láng gù qǔ	59233	an-ang,ao-ou,z-zh,n-l,r-l,j-q-x	1
呱呱堕地	gū gū duò dì	59234	ua-uo	3
呱嗒板儿	guā dā bǎn ér	59235	an-ang,ua-uo	3
味如嚼蜡	wèi rú jiáo là	59237	ai-ei,n-l,r-l,j-q-x	1
味如鸡肋	wèi rú jī lèi	59238	ai-ei,n-l,r-l,j-q-x	1
呵佛骂祖	hē fó mà zǔ	59239	z-zh,h-f	1
呵壁问天	hē bì wèn tiān	59242	en-eng,ian-iang,h-f	1
呵欠连天	hē qiàn lián tiān	59244	ian-iang,n-l,h-f,r-l,j-q-x	1
呷醋节帅	xiā cù jié shuài	59246	ia-ie,c-ch,s-sh,j-q-x	3
呼不给吸	hū bù jǐ xī	59247	h-f,j-q-x	1
呼卢喝雉	hū lú hè zhì	59248	z-zh,n-l,h-f,r-l	3
呼吸之间	hū xī zhī jiān	59249	ian-iang,z-zh,h-f,j-q-x	1
呼吸相通	hū xī xiāng tōng	59250	ian-iang,h-f,j-q-x	1
呼吸系统	hū xī xì tǒng	59251	h-f,j-q-x	1
呼天叩地	hū tiān kòu dì	59254	ian-iang,ao-ou,h-f	1
呼天叫地	hū tiān jiào dì	59255	ian-iang,h-f,j-q-x	1
呼天号地	hū tiān hào dì	59256	ian-iang,ao-ou,h-f	1
呼天吁地	hū tiān yù dì	59257	ian-iang,h-f	1
呼天唤地	hū tiān huàn dì	59258	ian-iang,uan-uang,h-f	1
呼天钥地	hū tiān yào dì	59259	ian-iang,ao-ou,h-f	1
呼幺喝六	hū yāo hè liù	59260	ao-ou,n-l,h-f,r-l	3
呼来喝去	hū lái hè qù	59261	ai-ei,n-l,h-f,r-l,j-q-x	1
呼群结党	hū qún jié dǎng	59262	an-ang,ia-ie,h-f,j-q-x	1
命若悬丝	mìng ruò xuán sī	59266	in-ing,uan-uang,ua-uo,s-sh,r-l,j-q-x	1
命薄缘悭	mìng báo yuán qiān	59267	in-ing,ian-iang,uan-uang,ao-ou,j-q-x	3
咀嚼英华	jǔ jué yīng huá	59268	in-ing,ua-uo,h-f,j-q-x	3
咂嘴弄唇	zā zuǐ nòng chún	59269	z-zh,c-ch,n-l	3
咂嘴弄舌	zā zuǐ nòng shé	59270	z-zh,s-sh,n-l	3
咄咄书空	duō duō shū kōng	59271	ua-uo,s-sh	1
咄嗟之间	duō jiē zhī jiān	59272	ian-iang,ia-ie,ua-uo,z-zh,j-q-x	3
咄嗟便办	duō jiē biàn bàn	59273	an-ang,ian-iang,ia-ie,ua-uo,j-q-x	3
和如琴瑟	hé rú qín sè	59278	in-ing,s-sh,h-f,r-l,j-q-x	1
和容悦色	hé róng yuè sè	59279	s-sh,h-f,r-l	1
和气致祥	hé qì zhì xiáng	59283	ian-iang,z-zh,h-f,j-q-x	1
和璧隋珠	hé bì suí zhū	59285	z-zh,s-sh,h-f	1
和而不同	hé ér bù tóng	59287	h-f	1
和而不唱	hé ér bù chàng	59288	an-ang,c-ch,h-f	1
和蔼近人	hé ǎi jìn rén	59290	en-eng,in-ing,ai-ei,h-f,r-l,j-q-x	1
和衣而卧	hé yī ér wò	59292	h-f	1
和颜说色	hé yán yuè sè	59295	an-ang,s-sh,h-f	1
和风丽日	hé fēng lì rì	59296	en-eng,n-l,h-f,r-l	1
咎有应得	jiù yǒu yīng dé	59298	in-ing,ao-ou,j-q-x	3
咏嘲风月	yǒng cháo fēng yuè	59299	en-eng,ao-ou,c-ch,h-f	1
咏月嘲花	yǒng yuè cháo huā	59300	ao-ou,ua-uo,c-ch,h-f	1
咏月嘲风	yǒng yuè cháo fēng	59301	en-eng,ao-ou,c-ch,h-f	1
咒天骂地	zhòu tiān mà dì	59302	ian-iang,ao-ou,z-zh	1
咧着嘴笑	liě zhe zuǐ xiào	59305	ia-ie,z-zh,n-l,r-l,j-q-x	1
咫尺万里	zhǐ chǐ wàn lǐ	59306	an-ang,z-zh,c-ch,n-l,r-l	3
咫尺之书	zhǐ chǐ zhī shū	59307	z-zh,c-ch,s-sh	3
咫尺之功	zhǐ chǐ zhī gōng	59308	z-zh,c-ch	3
咫尺千里	zhǐ chǐ qiān lǐ	59309	ian-iang,z-zh,c-ch,n-l,r-l,j-q-x	3
咫尺天颜	zhǐ chǐ tiān yán	59310	an-ang,ian-iang,z-zh,c-ch	3
咫尺威颜	zhǐ chǐ wēi yán	59311	an-ang,ai-ei,z-zh,c-ch	3
咫角骖驹	zhǐ jiǎo cān jū	59312	an-ang,z-zh,c-ch,j-q-x	3
咬得菜根	yǎo dé cài gēn	59313	en-eng,ai-ei,ao-ou,c-ch	1
咬血为盟	yǎo xuè wéi méng	59314	en-eng,ai-ei,ao-ou,j-q-x	1
咬钉嚼铁	yǎo dīng jiáo tiě	59315	in-ing,ao-ou,ia-ie,j-q-x	1
咳唾成珠	ké tuò chéng zhū	59318	en-eng,ua-uo,z-zh,c-ch	1
咳声叹气	hāi shēng tàn qì	59320	en-eng,an-ang,ai-ei,s-sh,h-f,j-q-x	1
咳珠唾玉	ké zhū tuò yù	59321	ua-uo,z-zh	1
咸与惟新	xián yǔ wéi xīn	59323	in-ing,ian-iang,ai-ei,j-q-x	1
咸与维新	xián yǔ wéi xīn	59324	in-ing,ian-iang,ai-ei,j-q-x	1
咸风蛋雨	xián fēng dàn yǔ	59325	en-eng,an-ang,ian-iang,h-f,j-q-x	1
咽苦吐甘	yàn kǔ tǔ gān	59330	an-ang	1
咽苦吞甘	yàn kǔ tūn gān	59331	an-ang	1
哀告宾服	āi gào bīn fú	59332	in-ing,ai-ei,ao-ou,h-f	1
哀哀父母	āi āi fù mǔ	59333	ai-ei,h-f	1
哀天叫地	āi tiān jiào dì	59334	ian-iang,ai-ei,j-q-x	1
哀思如潮	āi sī rú cháo	59336	ai-ei,ao-ou,c-ch,s-sh,r-l	1
哀感中年	āi gǎn zhōng nián	59337	an-ang,ian-iang,ai-ei,z-zh,n-l	1
哀感天地	āi gǎn tiān dì	59338	an-ang,ian-iang,ai-ei	1
哀梨蒸食	āi lí zhēng shí	59339	en-eng,ai-ei,z-zh,s-sh,n-l,r-l	1
哀毁骨立	āi huǐ gǔ lì	59340	ai-ei,n-l,h-f,r-l	1
哀而不伤	āi ér bù shāng	59342	an-ang,ai-ei,s-sh	1
哀鸿遍地	āi hóng biàn dì	59343	ian-iang,ai-ei,h-f	1
品头评足	pǐn tóu píng zú	59344	in-ing,ao-ou,z-zh	1
品头题足	pǐn tóu tí zú	59345	in-ing,ao-ou,z-zh	1
品竹弹丝	pǐn zhú tán sī	59346	in-ing,an-ang,z-zh,s-sh	1
品竹调丝	pǐn zhú tiáo sī	59347	in-ing,z-zh,s-sh	1
品竹调弦	pǐn zhú diào xián	59348	in-ing,ian-iang,z-zh,j-q-x	1
哄动一时	hōng dòng yī shí	59352	s-sh,h-f	1
响和景从	xiǎng hé jǐng cóng	59365	in-ing,ian-iang,c-ch,h-f,j-q-x	1
响答影随	xiǎng dá yǐng suí	59368	in-ing,ian-iang,s-sh,j-q-x	1
哑口无声	yǎ kǒu wú shēng	59370	en-eng,ao-ou,s-sh	1
哑子做梦	yǎ zǐ zuò mèng	59373	en-eng,ua-uo,z-zh	1
哑子寻梦	yǎ zǐ xún mèng	59374	en-eng,z-zh,j-q-x	1
哑子托梦	yǎ zǐ tuō mèng	59375	en-eng,ua-uo,z-zh	1
哓哓不休	xiāo xiāo bù xiū	59377	j-q-x	3
哗世动俗	huá shì dòng sú	59378	ua-uo,s-sh,h-f	1
哗世取名	huá shì qǔ míng	59379	in-ing,ua-uo,s-sh,h-f,j-q-x	1
哗世取宠	huá shì qǔ chǒng	59380	ua-uo,c-ch,s-sh,h-f,j-q-x	1
哥本哈根	gē běn hā gēn	59386	en-eng,h-f	1
哧哧地笑	chī chī de xiào	59387	c-ch,j-q-x	3
哧的一声	chī de yì shēng	59388	en-eng,c-ch,s-sh	3
哩哩罗罗	li li luō luō	59389	ua-uo,n-l,r-l	1
哭丧着脸	kū sāng zhe liǎn	59393	an-ang,ian-iang,z-zh,s-sh,n-l,r-l	1
哭天喊地	kū tiān hǎn dì	59394	an-ang,ian-iang,h-f	1
哭天抢地	kū tiān qiāng dì	59395	ian-iang,j-q-x	1
哲人其萎	zhé rén qí wěi	59396	en-eng,ai-ei,z-zh,r-l,j-q-x	1
哺糟啜醨	bǔ zāo chuò lí	59399	ao-ou,ua-uo,z-zh,c-ch,n-l,r-l	7
唇不离腮	chún bù lí sāi	59400	ai-ei,c-ch,s-sh,n-l,r-l	1
唇干口燥	chún gān kǒu zào	59401	an-ang,ao-ou,z-zh,c-ch	1
唇揭齿寒	chún jiē chǐ hán	59402	an-ang,ia-ie,c-ch,h-f,j-q-x	1
唇腐齿落	chún fǔ chǐ luò	59403	ua-uo,c-ch,n-l,h-f,r-l	1
唇辅相连	chún fǔ xiāng lián	59404	ian-iang,c-ch,n-l,h-f,r-l,j-q-x	1
唇齿相须	chún chǐ xiāng xū	59405	ian-iang,c-ch,j-q-x	1
唐临晋帖	táng lín jìn tiē	59406	in-ing,an-ang,ia-ie,n-l,r-l,j-q-x	1
唐古拉山	táng gǔ lā shān	59407	an-ang,s-sh,n-l,r-l	1
唠唠叨叨	láo láo dāo dāo	59414	ao-ou,n-l,r-l	1
唧唧喳喳	jī jī zhā zhā	59417	z-zh,j-q-x	1
唯吾独尊	wéi wú dú zūn	59418	ai-ei,z-zh	1
唯唯否否	wěi wěi fǒu fǒu	59419	ai-ei,ao-ou,h-f	1
唯妙唯肖	wéi miào wéi xiāo	59420	ai-ei,j-q-x	1
唯所欲为	wéi suǒ yù wéi	59421	ai-ei,ua-uo,s-sh	1
唯邻是卜	wéi lín shì bǔ	59423	in-ing,ai-ei,s-sh,n-l,r-l	1
唱沙作米	chàng shā zuò mǐ	59424	an-ang,ua-uo,z-zh,c-ch,s-sh	1
唱筹量沙	chàng chóu liáng shā	59426	an-ang,ian-iang,ao-ou,c-ch,s-sh,n-l,r-l	1
唾地成文	tuò dì chéng wén	59427	en-eng,ua-uo,c-ch	1
唾手可取	tuò shǒu kě qǔ	59428	ao-ou,ua-uo,s-sh,j-q-x	1
唾面自干	tuò miàn zì gān	59429	an-ang,ian-iang,ua-uo,z-zh	1
啖以重利	dàn yǐ zhòng lì	59431	an-ang,z-zh,n-l,r-l	3
啜英咀华	chuò yīng jǔ huá	59432	in-ing,ua-uo,c-ch,h-f,j-q-x	3
啜菽饮水	chuò shū yǐn shuǐ	59433	in-ing,ua-uo,c-ch,s-sh	3
啜食吐哺	chuò shí tǔ bǔ	59434	ua-uo,c-ch,s-sh	3
啧啧称赞	zé zé chēng zàn	59436	en-eng,an-ang,z-zh,c-ch	3
啮臂之好	niè bì zhī hǎo	59438	ao-ou,ia-ie,z-zh,n-l,h-f	3
啮血为盟	niè xuè wéi méng	59439	en-eng,ai-ei,ia-ie,n-l,j-q-x	3
啮血沁骨	niè xuè qìn gǔ	59440	in-ing,ia-ie,n-l,j-q-x	3
啸傲风月	xiào ào fēng yuè	59441	en-eng,ao-ou,h-f,j-q-x	1
啸吒风云	xiào zhà fēng yún	59442	en-eng,z-zh,h-f,j-q-x	5
啸咤风云	xiào zhà fēng yún	59443	en-eng,z-zh,h-f,j-q-x	3
啼天哭地	tí tiān kū dì	59444	ian-iang	1
喃喃细语	nán nán xì yǔ	59449	an-ang,n-l,j-q-x	3
喃喃自语	nán nán zì yǔ	59450	an-ang,z-zh,n-l	3
善与人交	shàn yǔ rén jiāo	59451	en-eng,an-ang,s-sh,r-l,j-q-x	1
善为说辞	shàn wéi shuō cí	59452	an-ang,ai-ei,ua-uo,c-ch,s-sh	1
善于应对	shàn yú yìng duì	59453	in-ing,an-ang,s-sh	1
善刀而藏	shàn dāo ér cáng	59454	an-ang,ao-ou,c-ch,s-sh	1
善善从长	shàn shàn cóng cháng	59455	an-ang,c-ch,s-sh	1
善善恶恶	shàn shàn wù è	59456	an-ang,s-sh	1
善始令终	shàn shǐ lìng zhōng	59458	in-ing,an-ang,z-zh,s-sh,n-l,r-l	1
善文能武	shàn wén néng wǔ	59459	en-eng,an-ang,s-sh,n-l	1
善有善报	shàn yǒu shàn bào	59460	an-ang,ao-ou,s-sh	1
善游者溺	shàn yóu zhě nì	59461	an-ang,ao-ou,z-zh,s-sh,n-l	1
善罢干休	shàn bà gān xiū	59462	an-ang,s-sh,j-q-x	1
善自为谋	shàn zì wéi móu	59463	an-ang,ai-ei,ao-ou,z-zh,s-sh	1
善财难舍	shàn cái nán shě	59464	an-ang,ai-ei,c-ch,s-sh,n-l	1
善贾而沽	shàn gǔ ér gū	59465	an-ang,s-sh	1
善门难开	shàn mén nán kāi	59466	en-eng,an-ang,ai-ei,s-sh,n-l	1
善骑者堕	shàn qí zhě duò	59467	an-ang,ua-uo,z-zh,s-sh,j-q-x	1
喉长气短	hóu cháng qì duǎn	59469	an-ang,uan-uang,ao-ou,c-ch,h-f,j-q-x	1
喊倒好儿	hǎn dào hǎo er	59470	an-ang,ao-ou,h-f	1
喊哑嗓子	hǎn yǎ sǎng zi	59471	an-ang,z-zh,s-sh,h-f	1
喏喏连声	nuò nuò lián shēng	59473	en-eng,ian-iang,ua-uo,s-sh,n-l,r-l	3
喘息之间	chuǎn xī zhī jiān	59477	ian-iang,uan-uang,z-zh,c-ch,j-q-x	1
喙长三尺	huì cháng sān chǐ	59478	an-ang,c-ch,s-sh,h-f	3
喜不自胜	xǐ bù zì shèng	59479	en-eng,z-zh,s-sh,j-q-x	1
喜溢眉梢	xǐ yì méi shāo	59482	ai-ei,ao-ou,s-sh,j-q-x	1
喜行于色	xǐ xíng yú sè	59483	in-ing,s-sh,j-q-x	1
喜见于色	xǐ jiàn yú sè	59484	ian-iang,s-sh,j-q-x	1
喟然长叹	kuì rán cháng tàn	59492	an-ang,c-ch,r-l	3
喷云泄雾	pēn yún xiè wù	59493	en-eng,ia-ie,j-q-x	1
喷薄欲出	pēn bó yù chū	59501	en-eng,c-ch	1
喷血自污	pēn xuè zì wū	59502	en-eng,z-zh,j-q-x	1
喷雨嘘云	pēn yǔ xū yún	59503	en-eng,j-q-x	3
嗅觉丧失	xiù jué sàng shī	59508	an-ang,s-sh,j-q-x	1
嗅觉减退	xiù jué jiǎn tuì	59509	ian-iang,j-q-x	1
嗅觉迟钝	xiù jué chí dùn	59510	c-ch,j-q-x	1
嗑牙料嘴	kē yá liào zuǐ	59511	z-zh,n-l,r-l	3
嗒然若丧	tà rán ruò sàng	59515	an-ang,ua-uo,s-sh,r-l	3
嗔目切齿	chēn mù qiē chǐ	59516	en-eng,ia-ie,c-ch,j-q-x	3
嗳声叹气	ài shēng tàn qì	59518	en-eng,an-ang,ai-ei,s-sh,j-q-x	3
嘁哩喀喳	qī lǐ kā chā	59521	c-ch,n-l,r-l,j-q-x	3
嘈嘈切切	cáo cáo qiē qiē	59522	ao-ou,ia-ie,c-ch,j-q-x	3
嘉言善行	jiā yán shàn xíng	59525	in-ing,an-ang,ia-ie,s-sh,j-q-x	1
嘉言懿行	jiā yán yì xíng	59526	in-ing,an-ang,ia-ie,j-q-x	3
嘘枯吹生	xū kū chuī shēng	59533	en-eng,c-ch,s-sh,j-q-x	3
嘲风咏月	cháo fēng yǒng yuè	59536	en-eng,ao-ou,c-ch,h-f	1
嘲风弄月	cháo fēng nòng yuè	59537	en-eng,ao-ou,c-ch,n-l,h-f	1
嘴快舌长	zuǐ kuài shé cháng	59539	an-ang,z-zh,c-ch,s-sh	1
噀玉喷珠	xùn yù pēn zhū	59541	en-eng,z-zh,j-q-x	5
噗哧一声	pū chī yì shēng	59542	en-eng,c-ch,s-sh	3
噙齿戴发	qín chǐ dài fā	59543	in-ing,ai-ei,c-ch,h-f,j-q-x	3
噤口卷舌	jìn kǒu juǎn shé	59545	in-ing,uan-uang,ao-ou,s-sh,j-q-x	3
器二不匮	qì èr bù kuì	59546	j-q-x	3
器宇不凡	qì yǔ bù fán	59547	an-ang,h-f,j-q-x	1
器满将覆	qì mǎn jiāng fù	59549	an-ang,ian-iang,h-f,j-q-x	1
器满意得	qì mǎn yì dé	59550	an-ang,j-q-x	1
噬脐何及	shì qí hé jí	59553	s-sh,h-f,j-q-x	3
噬脐莫及	shì qí mò jí	59554	s-sh,j-q-x	3
嚎啕大哭	háo táo dà kū	59557	ao-ou,h-f	3
嚎天动地	háo tiān dòng dì	59558	ian-iang,ao-ou,h-f	1
嚎天喊地	háo tiān hǎn dì	59559	an-ang,ian-iang,ao-ou,h-f	1
嚼墨喷纸	jué mò pēn zhǐ	59560	en-eng,z-zh,j-q-x	1
嚼穿龈血	jiáo chuān yín xuè	59561	in-ing,uan-uang,c-ch,j-q-x	3
嚼铁咀金	jiáo tiě jǔ jīn	59564	in-ing,ia-ie,j-q-x	3
嚼齿穿龈	jiáo chǐ chuān yín	59565	in-ing,uan-uang,c-ch,j-q-x	3
囊匣如洗	náng xiá rú xǐ	59566	an-ang,ia-ie,n-l,r-l,j-q-x	1
囊漏储中	náng lòu chǔ zhōng	59567	an-ang,ao-ou,z-zh,c-ch,n-l,r-l	1
囊漏贮中	náng lòu zhù zhōng	59568	an-ang,ao-ou,z-zh,n-l,r-l	1
囊萤映雪	náng yíng yìng xuě	59569	in-ing,an-ang,n-l,j-q-x	1
囊萤照书	náng yíng zhào shū	59570	in-ing,an-ang,ao-ou,z-zh,s-sh,n-l	1
囊萤照读	náng yíng zhào dú	59571	in-ing,an-ang,ao-ou,z-zh,n-l	1
囊里盛锥	náng lǐ shèng zhuī	59572	en-eng,an-ang,z-zh,s-sh,n-l,r-l	1
囊锥露颖	náng zhuī lù yǐng	59573	in-ing,an-ang,z-zh,n-l,r-l	1
囚首丧面	qiú shǒu sàng miàn	59574	an-ang,ian-iang,ao-ou,s-sh,j-q-x	1
四不拗六	sì bù niù liù	59575	s-sh,n-l,r-l	1
四亭八当	sì tíng bā dàng	59576	in-ing,an-ang,s-sh	1
四体不勤	sì tǐ bù qín	59579	in-ing,s-sh,j-q-x	1
四体百骸	sì tǐ bǎi hái	59580	ai-ei,s-sh,h-f	3
四停八当	sì tíng bā dāng	59581	in-ing,an-ang,s-sh	1
四冲八达	sì chōng bā dá	59584	c-ch,s-sh	1
四冲六达	sì chōng liù dá	59585	c-ch,s-sh,n-l,r-l	1
四分五剖	sì fēn wǔ pōu	59586	en-eng,ao-ou,s-sh,h-f	1
四分五落	sì fēn wǔ luò	59587	en-eng,ua-uo,s-sh,n-l,h-f,r-l	1
四合院儿	sì hé yuàn ér	59589	uan-uang,s-sh,h-f	1
四大家族	sì dà jiā zú	59591	ia-ie,z-zh,s-sh,j-q-x	1
四战之地	sì zhàn zhī dì	59592	an-ang,z-zh,s-sh	1
四时八节	sì shí bā jié	59593	ia-ie,s-sh,j-q-x	1
四海一家	sì hǎi yī jiā	59594	ai-ei,ia-ie,s-sh,h-f,j-q-x	1
四海承风	sì hǎi chéng fēng	59595	en-eng,ai-ei,c-ch,s-sh,h-f	1
四清六活	sì qīng liù huó	59596	in-ing,ua-uo,s-sh,n-l,h-f,r-l,j-q-x	1
四纷五落	sì fēn wǔ luò	59597	en-eng,ua-uo,s-sh,n-l,h-f,r-l	1
四肢百体	sì zhī bǎi tǐ	59598	ai-ei,z-zh,s-sh	1
四脚朝天	sì jiǎo cháo tiān	59599	ian-iang,ao-ou,c-ch,s-sh,j-q-x	1
四角俱全	sì jiǎo jù quán	59600	uan-uang,s-sh,j-q-x	1
四马攒蹄	sì mǎ cuán tí	59602	uan-uang,c-ch,s-sh	3
回天乏术	huí tiān fá shù	59604	ian-iang,s-sh,h-f	1
回天倒日	huí tiān dǎo rì	59605	ian-iang,ao-ou,h-f,r-l	1
回天转地	huí tiān zhuǎn dì	59606	ian-iang,uan-uang,z-zh,h-f	1
回天运斗	huí tiān yùn dǒu	59607	ian-iang,ao-ou,h-f	1
回家心切	huí jiā xīn qiè	59609	in-ing,ia-ie,h-f,j-q-x	1
回山倒海	huí shān dǎo hǎi	59610	an-ang,ai-ei,ao-ou,s-sh,h-f	1
回山转海	huí shān zhuǎn hǎi	59611	an-ang,uan-uang,ai-ei,z-zh,s-sh,h-f	1
回干就湿	huí gān jiù shī	59613	an-ang,s-sh,h-f,j-q-x	1
回文织锦	huí wén zhī jǐn	59615	en-eng,in-ing,z-zh,h-f,j-q-x	1
回春之术	huí chūn zhī shù	59617	z-zh,c-ch,s-sh,h-f	1
回筹转策	huí chóu zhuǎn cè	59620	uan-uang,ao-ou,z-zh,c-ch,h-f	1
回肠九转	huí cháng jiǔ zhuǎn	59622	an-ang,uan-uang,z-zh,c-ch,h-f,j-q-x	1
回肠百转	huí cháng bǎi zhuǎn	59623	an-ang,uan-uang,ai-ei,z-zh,c-ch,h-f	1
回船转舵	huí chuán zhuǎn duò	59624	uan-uang,ua-uo,z-zh,c-ch,h-f	1
回邪入正	huí xié rù zhèng	59625	en-eng,ia-ie,z-zh,h-f,r-l,j-q-x	1
回黄转绿	huí huáng zhuǎn lǜ	59627	uan-uang,z-zh,n-l,h-f,r-l	1
因任授官	yīn rèn shòu guān	59628	en-eng,in-ing,uan-uang,ao-ou,s-sh,r-l	1
因公假私	yīn gōng jiǎ sī	59629	in-ing,ia-ie,s-sh,j-q-x	1
因公行私	yīn gōng xíng sī	59630	in-ing,s-sh,j-q-x	1
因利乘便	yīn lì chéng biàn	59631	en-eng,in-ing,ian-iang,c-ch,n-l,r-l	1
因循苟且	yīn xún gǒu qiě	59633	in-ing,ao-ou,ia-ie,j-q-x	1
因敌为资	yīn dí wéi zī	59634	in-ing,ai-ei,z-zh	1
因果报应	yīn guǒ bào yìng	59636	in-ing,ao-ou,ua-uo	1
因树为屋	yīn shù wéi wū	59637	in-ing,ai-ei,s-sh	1
因祸为福	yīn huò wéi fú	59638	in-ing,ai-ei,ua-uo,h-f	1
因缘为市	yīn yuán wéi shì	59639	in-ing,uan-uang,ai-ei,s-sh	1
因难见巧	yīn nán jiàn qiǎo	59640	in-ing,an-ang,ian-iang,n-l,j-q-x	1
因风吹火	yīn fēng chuī huǒ	59641	en-eng,in-ing,ua-uo,c-ch,h-f	1
团头聚面	tuán tóu jù miàn	59643	ian-iang,uan-uang,ao-ou,j-q-x	1
团结一致	tuán jié yī zhì	59646	uan-uang,ia-ie,z-zh,j-q-x	1
囫囵半片	hú lún bàn piàn	59649	an-ang,ian-iang,n-l,h-f,r-l	3
困心横虑	kùn xīn héng lǜ	59651	en-eng,in-ing,n-l,h-f,r-l,j-q-x	1
困知勉行	kùn zhī miǎn xíng	59652	in-ing,ian-iang,z-zh,j-q-x	1
困而不学	kùn ér bù xué	59653	j-q-x	1
困难重重	kùn nán chóng chóng	59655	an-ang,c-ch,n-l	1
围城打援	wéi chéng dǎ yuán	59656	en-eng,uan-uang,ai-ei,c-ch	1
围点打援	wéi diǎn dǎ yuán	59657	ian-iang,uan-uang,ai-ei	1
固体燃料	gù tǐ rán liào	59659	an-ang,n-l,r-l	1
固定价格	gù dìng jià gé	59660	in-ing,ia-ie,j-q-x	1
固定汇率	gù dìng huì lǜ	59661	in-ing,n-l,h-f,r-l	1
固执不变	gù zhí bú biàn	59662	ian-iang,z-zh	1
固执己见	gù zhí jǐ jiàn	59663	ian-iang,z-zh,j-q-x	1
固执成见	gù zhí chéng jiàn	59664	en-eng,ian-iang,z-zh,c-ch,j-q-x	1
固有频率	gù yǒu pín lǜ	59665	in-ing,ao-ou,n-l,r-l	1
国之干城	guó zhī gān chéng	59668	en-eng,an-ang,ua-uo,z-zh,c-ch	1
国仇家恨	guó chóu jiā hèn	59669	en-eng,ao-ou,ia-ie,ua-uo,c-ch,h-f,j-q-x	1
国家机器	guó jiā jī qì	59674	ia-ie,ua-uo,j-q-x	1
国家栋梁	guó jiā dòng liáng	59675	ian-iang,ia-ie,ua-uo,n-l,r-l,j-q-x	1
国富兵强	guó fù bīng qiáng	59676	in-ing,ian-iang,ua-uo,h-f,j-q-x	1
国将不国	guó jiāng bù guó	59677	ian-iang,ua-uo,j-q-x	1
国尔忘家	guó ěr wàng jiā	59678	an-ang,ia-ie,ua-uo,j-q-x	1
国无宁日	guó wú níng rì	59680	in-ing,ua-uo,n-l,r-l	1
国步艰难	guó bù jiān nán	59682	an-ang,ian-iang,ua-uo,n-l,j-q-x	1
国而忘家	guó ér wàng jiā	59684	an-ang,ia-ie,ua-uo,j-q-x	1
国耳忘家	guó ěr wàng jiā	59685	an-ang,ia-ie,ua-uo,j-q-x	1
国营经济	guó yíng jīng jì	59686	in-ing,ua-uo,j-q-x	1
国难当头	guó nàn dāng tóu	59687	an-ang,ao-ou,ua-uo,n-l	1
图作不轨	tú zuò bù guǐ	59689	ua-uo,z-zh	1
图穷匕见	tú qióng bǐ xiàn	59690	ian-iang,j-q-x	1
