薄物细故	bó wù xì gù	71619	j-q-x	1
薏苡蒙谤	yì yǐ méng bàng	71624	en-eng,an-ang	3
薪尽火传	xīn jìn huǒ chuán	71626	in-ing,uan-uang,ua-uo,c-ch,h-f,j-q-x	1
薮中荆曲	sǒu zhōng jīng qǔ	71627	in-ing,ao-ou,z-zh,s-sh,j-q-x	3
薰天赫地	xūn tiān hè dì	71631	ian-iang,h-f,j-q-x	3
薰莸同器	xūn yóu tóng qì	71632	ao-ou,j-q-x	3
藉草枕块	jiè cǎo zhěn kuài	71636	en-eng,ao-ou,ia-ie,z-zh,c-ch,j-q-x	1
藏之名山	cáng zhī míng shān	71637	in-ing,an-ang,z-zh,c-ch,s-sh	1
藏器待时	cáng qì dài shí	71639	an-ang,ai-ei,c-ch,s-sh,j-q-x	1
藏垢纳污	cáng gòu nà wū	71640	an-ang,ao-ou,c-ch,n-l	1
藏头亢脑	cáng tóu kàng nǎo	71641	an-ang,ao-ou,c-ch,n-l	1
藏巧于拙	cáng qiǎo yú zhuō	71642	an-ang,ua-uo,z-zh,c-ch,j-q-x	1
藏弓烹狗	cáng gōng pēng gǒu	71644	en-eng,an-ang,ao-ou,c-ch	1
藏形匿影	cáng xíng nì yǐng	71645	in-ing,an-ang,c-ch,n-l,j-q-x	1
藏怒宿怨	cáng nù sù yuàn	71646	an-ang,uan-uang,c-ch,s-sh,n-l	1
藏掖躲闪	cáng yē duǒ shǎn	71647	an-ang,ua-uo,c-ch,s-sh	3
藏诸名山	cáng zhū míng shān	71650	in-ing,an-ang,z-zh,c-ch,s-sh	1
藏踪蹑迹	cáng zōng niè jì	71652	an-ang,ia-ie,z-zh,c-ch,n-l,j-q-x	3
藏锋敛锐	cáng fēng liǎn ruì	71655	en-eng,an-ang,ian-iang,c-ch,n-l,h-f,r-l	1
藏锋敛锷	cáng fēng liǎn è	71656	en-eng,an-ang,ian-iang,c-ch,n-l,h-f,r-l	3
藏锋敛颖	cáng fēng liǎn yǐng	71657	en-eng,in-ing,an-ang,ian-iang,c-ch,n-l,h-f,r-l	1
藩镇割据	fān zhèn gē jù	71660	en-eng,an-ang,z-zh,h-f,j-q-x	3
虎不食儿	hǔ bù shí ér	71662	s-sh,h-f	1
虎体熊腰	hǔ tǐ xióng yāo	71663	ao-ou,h-f,j-q-x	1
虎入羊群	hǔ rù yáng qún	71664	an-ang,h-f,r-l,j-q-x	1
虎卧龙跳	hǔ wò lóng tiào	71666	n-l,h-f,r-l	1
虎啸风生	hǔ xiào fēng shēng	71667	en-eng,s-sh,h-f,j-q-x	1
虎头燕颔	hǔ tóu yàn hàn	71668	an-ang,ao-ou,h-f	3
虎尾春冰	hǔ wěi chūn bīng	71670	in-ing,ai-ei,c-ch,h-f	1
虎据龙蟠	hǔ jù lóng pán	71671	an-ang,n-l,h-f,r-l,j-q-x	3
虎斗龙争	hǔ dòu lóng zhēng	71672	en-eng,ao-ou,z-zh,n-l,h-f,r-l	1
虎步龙行	hǔ bù lóng xíng	71673	in-ing,n-l,h-f,r-l,j-q-x	1
虎珀拾芥	hǔ pò shí jiè	71674	ia-ie,s-sh,h-f,j-q-x	3
虎荡羊群	hǔ dàng yáng qún	71676	an-ang,h-f,j-q-x	1
虎落平川	hǔ luò píng chuān	71677	in-ing,uan-uang,ua-uo,c-ch,n-l,h-f,r-l	1
虚左以待	xū zuǒ yǐ dài	71682	ai-ei,ua-uo,z-zh,j-q-x	1
虚废词说	xū fèi cí shuō	71683	ai-ei,ua-uo,c-ch,s-sh,h-f,j-q-x	1
虚度年华	xū dù nián huá	71684	ian-iang,ua-uo,n-l,h-f,j-q-x	1
虚晃一枪	xū huǎng yī qiāng	71685	ian-iang,uan-uang,h-f,j-q-x	1
虚舟飘瓦	xū zhōu piāo wǎ	71686	ao-ou,z-zh,j-q-x	1
虚论高议	xū lùn gāo yì	71687	ao-ou,n-l,r-l,j-q-x	1
虚词诡说	xū cí guǐ shuō	71688	ua-uo,c-ch,s-sh,j-q-x	1
虫沙猿鹤	chóng shā yuán hè	71689	uan-uang,c-ch,s-sh,h-f	1
虫臂鼠肝	chóng bì shǔ gān	71690	an-ang,c-ch,s-sh	1
虮虱相吊	jǐ shī xiāng diào	71691	ian-iang,s-sh,j-q-x	3
虱处裈中	shī chǔ kūn zhōng	71692	z-zh,c-ch,s-sh	7
虱多不痒	shī duō bù yǎng	71693	an-ang,ua-uo,s-sh	3
虹销雨霁	hóng xiāo yǔ jì	71694	h-f,j-q-x	3
虽覆能复	suī fù néng fù	71695	en-eng,s-sh,n-l,h-f	1
蚁封穴雨	yǐ fēng xué yǔ	71697	en-eng,h-f,j-q-x	1
蚁拥蜂攒	yǐ yōng fēng cuán	71698	en-eng,uan-uang,c-ch,h-f	3
蚁斗蜗争	yǐ dòu wō zhēng	71699	en-eng,ao-ou,z-zh	1
蚁溃鼠骇	yǐ kuì shǔ hài	71700	ai-ei,s-sh,h-f	1
蚁穴坏堤	yǐ xué huài dī	71702	h-f,j-q-x	1
蚁穴溃堤	yǐ xué kuì dī	71703	j-q-x	1
蚁聚蜂屯	yǐ jù fēng tún	71704	en-eng,h-f,j-q-x	1
蚁聚蜂攒	yǐ jù fēng cuán	71705	en-eng,uan-uang,c-ch,h-f,j-q-x	3
蚁附蜂屯	yǐ fù fēng tún	71706	en-eng,h-f	1
蚁集蜂攒	yǐ jí fēng cuán	71707	en-eng,uan-uang,c-ch,h-f,j-q-x	3
蚂蚁缘槐	mǎ yǐ yuán huái	71708	uan-uang,h-f	1
蚌病成珠	bàng bìng chéng zhū	71715	en-eng,in-ing,an-ang,z-zh,c-ch	1
蚌病生珠	bàng bìng shēng zhū	71716	en-eng,in-ing,an-ang,z-zh,s-sh	1
蚌鹬相持	bàng yù xiāng chí	71717	an-ang,ian-iang,c-ch,j-q-x	3
蚕头燕尾	cán tóu yàn wěi	71718	an-ang,ai-ei,ao-ou,c-ch	1
蚕食鲸吞	cán shí jīng tūn	71721	in-ing,an-ang,c-ch,s-sh,j-q-x	1
蛇口蜂针	shé kǒu fēng zhēn	71723	en-eng,ao-ou,z-zh,s-sh,h-f	1
蛇头鼠眼	shé tóu shǔ yǎn	71724	an-ang,ao-ou,s-sh	1
蛇影杯弓	shé yǐng bēi gōng	71725	in-ing,ai-ei,s-sh	1
蛇心佛口	shé xīn fó kǒu	71726	in-ing,ao-ou,s-sh,h-f,j-q-x	1
蛇欲吞象	shé yù tūn xiàng	71727	ian-iang,s-sh,j-q-x	1
蛇蝎为心	shé xiē wéi xīn	71728	in-ing,ai-ei,ia-ie,s-sh,j-q-x	1
蛇蝎心肠	shé xiē xīn cháng	71729	in-ing,an-ang,ia-ie,c-ch,s-sh,j-q-x	1
蛇食鲸吞	shé shí jīng tūn	71730	in-ing,s-sh,j-q-x	1
蛙蟆胜负	wā má shèng fù	71731	en-eng,s-sh,h-f	1
蛟龙得水	jiāo lóng dé shuǐ	71732	s-sh,n-l,r-l,j-q-x	3
蛟龙戏水	jiāo lóng xì shuǐ	71733	s-sh,n-l,r-l,j-q-x	3
蛮不讲理	mán bù jiǎng lǐ	71736	an-ang,ian-iang,n-l,r-l,j-q-x	1
蛮横无理	mán hèng wú lǐ	71737	en-eng,an-ang,n-l,h-f,r-l	1
蛮烟瘴雨	mán yān zhàng yǔ	71738	an-ang,z-zh	3
蛮触相争	mán chù xiāng zhēng	71739	en-eng,an-ang,ian-iang,z-zh,c-ch,j-q-x	1
蛾眉皓齿	é méi hào chǐ	71742	ai-ei,ao-ou,c-ch,h-f	1
蜂合蚁聚	fēng hé yǐ jù	71743	en-eng,h-f,j-q-x	1
蜂合豕突	fēng hé shǐ tū	71744	en-eng,s-sh,h-f	3
蜂屯乌合	fēng tún wū hé	71745	en-eng,h-f	1
蜂屯蚁杂	fēng tún yǐ zá	71746	en-eng,z-zh,h-f	1
蜂屯蚁聚	fēng tún yǐ jù	71747	en-eng,h-f,j-q-x	1
蜂屯蚁附	fēng tún yǐ fù	71748	en-eng,h-f	1
蜂扇蚁聚	fēng shān yǐ jù	71749	en-eng,an-ang,s-sh,h-f,j-q-x	1
蜂拥蚁屯	fēng yōng yǐ tún	71750	en-eng,h-f	1
蜂攒蚁聚	fēng cuán yǐ jù	71751	en-eng,uan-uang,c-ch,h-f,j-q-x	3
蜂攒蚁集	fēng cuán yǐ jí	71752	en-eng,uan-uang,c-ch,h-f,j-q-x	3
蜂腰削背	fēng yāo xuē bèi	71753	en-eng,ai-ei,ao-ou,h-f,j-q-x	1
蜂腰猿背	fēng yāo yuán bèi	71754	en-eng,uan-uang,ai-ei,ao-ou,h-f	1
蜂虿有毒	fēng chài yǒu dú	71755	en-eng,ai-ei,ao-ou,c-ch,h-f	3
蜂识莺猜	fēng shí yīng cāi	71756	en-eng,in-ing,ai-ei,c-ch,s-sh,h-f	1
蜂起云涌	fēng qǐ yún yǒng	71757	en-eng,h-f,j-q-x	1
蜂趋蚁附	fēng qū yǐ fù	71758	en-eng,h-f,j-q-x	1
蜕化变质	tuì huà biàn zhì	71759	ian-iang,ua-uo,z-zh,h-f	1
蜗行牛步	wō xíng niú bù	71761	in-ing,n-l,j-q-x	1
蜗角之争	wō jiǎo zhī zhēng	71763	en-eng,z-zh,j-q-x	1
蜗角虚名	wō jiǎo xū míng	71764	in-ing,j-q-x	1
蜗角蝇头	wō jiǎo yíng tóu	71765	in-ing,ao-ou,j-q-x	1
蜚瓦拔木	fēi wǎ bá mù	71766	ai-ei,h-f	3
蜚短流长	fēi duǎn liú cháng	71767	an-ang,uan-uang,ai-ei,c-ch,n-l,h-f,r-l	3
蜜里调油	mì lǐ tiáo yóu	71770	ao-ou,n-l,r-l	1
蝇头小利	yíng tóu xiǎo lì	71772	in-ing,ao-ou,n-l,r-l,j-q-x	1
蝇头小楷	yíng tóu xiǎo kǎi	71773	in-ing,ai-ei,ao-ou,j-q-x	1
蝇头微利	yíng tóu wēi lì	71774	in-ing,ai-ei,ao-ou,n-l,r-l	1
蝇头蜗角	yíng tóu wō jiǎo	71775	in-ing,ao-ou,j-q-x	1
蝇攒蚁聚	yíng cuán yǐ jù	71776	in-ing,uan-uang,c-ch,j-q-x	3
蝇攒蚁附	yíng cuán yǐ fù	71777	in-ing,uan-uang,c-ch,h-f	3
蝇随骥尾	yíng suí jì wěi	71778	in-ing,ai-ei,s-sh,j-q-x	3
蝉不知雪	chán bù zhī xuě	71779	an-ang,z-zh,c-ch,j-q-x	1
蝉喘雷干	chán chuǎn léi gān	71780	an-ang,uan-uang,ai-ei,c-ch,n-l,r-l	1
蝉腹龟肠	chán fù guī cháng	71781	an-ang,c-ch,h-f	1
蝎蝎螫螫	xiē xiē zhē zhē	71782	ia-ie,z-zh,j-q-x	3
融会通浃	róng huì tōng jiā	71785	ia-ie,h-f,r-l,j-q-x	3
融洽无间	róng qià wú jiàn	71786	ian-iang,ia-ie,r-l,j-q-x	1
螫手解腕	shì shǒu jiě wàn	71788	an-ang,ao-ou,ia-ie,s-sh,j-q-x	3
螳臂当辙	táng bì dāng zhé	71790	an-ang,z-zh	3
螳臂挡车	táng bì dǎng chē	71791	an-ang,c-ch	3
螳螂奋臂	táng láng fèn bì	71792	en-eng,an-ang,n-l,h-f,r-l	3
螳螂黄雀	táng láng huáng què	71793	an-ang,uan-uang,n-l,h-f,r-l,j-q-x	3
螺丝起子	luó sī qǐ zi	71794	ua-uo,z-zh,s-sh,n-l,r-l,j-q-x	1
蟒袍玉带	mǎng páo yù dài	71796	an-ang,ai-ei,ao-ou	3
蟾宫折桂	chán gōng zhé guì	71799	an-ang,z-zh,c-ch	3
蠖屈不伸	huò qū bù shēn	71801	en-eng,ua-uo,s-sh,h-f,j-q-x	3
蠹众木折	dù zhòng mù zhé	71803	z-zh	3
蠹居棋处	dù jū qí chǔ	71804	c-ch,j-q-x	3
血债累累	xuè zhài lěi lěi	71807	ai-ei,z-zh,n-l,r-l,j-q-x	1
血光之灾	xuè guāng zhī zāi	71808	uan-uang,ai-ei,z-zh,j-q-x	1
血勇之人	xuè yǒng zhī rén	71811	en-eng,z-zh,r-l,j-q-x	1
血压正常	xuè yā zhèng cháng	71812	en-eng,an-ang,z-zh,c-ch,j-q-x	1
血压高升	xuè yā gāo shēng	71813	en-eng,ao-ou,s-sh,j-q-x	1
血吸虫病	xuè xī chóng bìng	71815	in-ing,c-ch,j-q-x	1
血型分类	xuè xíng fēn lèi	71817	en-eng,in-ing,ai-ei,n-l,h-f,r-l,j-q-x	1
血小板病	xuè xiǎo bǎn bìng	71818	in-ing,an-ang,j-q-x	1
血性男儿	xuè xìng nán ér	71822	in-ing,an-ang,n-l,j-q-x	1
血战到底	xuè zhàn dào dǐ	71823	an-ang,ao-ou,z-zh,j-q-x	1
血本无归	xuè běn wú guī	71825	en-eng,j-q-x	1
血染沙场	xuè rǎn shā chǎng	71827	an-ang,c-ch,s-sh,r-l,j-q-x	1
血栓形成	xuè shuān xíng chéng	71828	en-eng,in-ing,uan-uang,c-ch,s-sh,j-q-x	1
血栓栓塞	xuè shuān shuān sè	71829	uan-uang,s-sh,j-q-x	1
血气之勇	xuè qì zhī yǒng	71830	z-zh,j-q-x	1
血汗工厂	xuè hàn gōng chǎng	71831	an-ang,c-ch,h-f,j-q-x	1
血沉实验	xuè chén shí yàn	71832	en-eng,an-ang,c-ch,s-sh,j-q-x	1
血沉淀素	xuè chén diàn sù	71833	en-eng,ian-iang,c-ch,s-sh,j-q-x	1
血泪斑斑	xuè lèi bān bān	71835	an-ang,ai-ei,n-l,r-l,j-q-x	1
血泪盈襟	xuè lèi yíng jīn	71836	in-ing,ai-ei,n-l,r-l,j-q-x	1
血流成河	xuè liú chéng hé	71838	en-eng,c-ch,n-l,h-f,r-l,j-q-x	1
血流成渠	xuè liú chéng qú	71839	en-eng,c-ch,n-l,r-l,j-q-x	1
血流漂杵	xuè liú piāo chǔ	71840	c-ch,n-l,r-l,j-q-x	3
血浆蛋白	xuè jiāng dàn bái	71841	an-ang,ian-iang,ai-ei,j-q-x	1
血浓于水	xuè nóng yú shuǐ	71842	s-sh,n-l,j-q-x	1
血液循环	xuè yè xún huán	71844	uan-uang,h-f,j-q-x	1
血液透析	xuè yè tòu xī	71845	ao-ou,j-q-x	1
血管再造	xuè guǎn zài zào	71854	uan-uang,ai-ei,ao-ou,z-zh,j-q-x	1
血管扩张	xuè guǎn kuò zhāng	71855	an-ang,uan-uang,ua-uo,z-zh,j-q-x	1
血管收缩	xuè guǎn shōu suō	71856	uan-uang,ao-ou,ua-uo,s-sh,j-q-x	1
血管梗阻	xuè guǎn gěng zǔ	71857	en-eng,uan-uang,z-zh,j-q-x	1
血管痉挛	xuè guǎn jìng luán	71860	in-ing,uan-uang,n-l,r-l,j-q-x	3
血管破裂	xuè guǎn pò liè	71862	uan-uang,ia-ie,n-l,r-l,j-q-x	1
血管硬化	xuè guǎn yìng huà	71863	in-ing,uan-uang,ua-uo,h-f,j-q-x	1
血管紧张	xuè guǎn jǐn zhāng	71864	in-ing,an-ang,uan-uang,z-zh,j-q-x	1
血管舒张	xuè guǎn shū zhāng	71866	an-ang,uan-uang,z-zh,s-sh,j-q-x	1
血管造影	xuè guǎn zào yǐng	71867	in-ing,uan-uang,ao-ou,z-zh,j-q-x	1
血缘关系	xuè yuán guān xì	71872	uan-uang,j-q-x	1
血肉模糊	xuè ròu mó hú	71873	ao-ou,h-f,r-l,j-q-x	1
血肉相联	xuè ròu xiāng lián	71874	ian-iang,ao-ou,n-l,r-l,j-q-x	1
血脉不畅	xuè mài bú chàng	71875	an-ang,ai-ei,c-ch,j-q-x	1
血脉相通	xuè mài xiāng tōng	71876	ian-iang,ai-ei,j-q-x	1
血腥屠杀	xuè xīng tú shā	71878	in-ing,s-sh,j-q-x	1
血腥统治	xuè xīng tǒng zhì	71879	in-ing,z-zh,j-q-x	1
血腥镇压	xuè xīng zhèn yā	71880	en-eng,in-ing,z-zh,j-q-x	1
血迹斑斑	xuè jì bān bān	71884	an-ang,j-q-x	1
血风肉雨	xuè fēng ròu yǔ	71886	en-eng,ao-ou,h-f,r-l,j-q-x	1
衅发萧墙	xìn fā xiāo qiáng	71887	in-ing,ian-iang,h-f,j-q-x	1
衅稔恶盈	xìn rěn è yíng	71888	en-eng,in-ing,r-l,j-q-x	3
行不从径	xíng bù cóng jìng	71889	in-ing,c-ch,j-q-x	1
行不副言	xíng bù fù yán	71890	in-ing,an-ang,h-f,j-q-x	1
行不履危	xíng bù lǚ wēi	71891	in-ing,ai-ei,n-l,r-l,j-q-x	1
行不由径	xíng bù yóu jìng	71892	in-ing,ao-ou,j-q-x	1
行不胜衣	xíng bù shèng yī	71893	en-eng,in-ing,s-sh,j-q-x	1
行不苟合	xíng bù gǒu hé	71894	in-ing,ao-ou,h-f,j-q-x	1
行不贰过	xíng bù èr guò	71895	in-ing,ua-uo,j-q-x	1
行不逾方	xíng bù yú fāng	71896	in-ing,an-ang,h-f,j-q-x	1
行住坐卧	xíng zhù zuò wò	71898	in-ing,ua-uo,z-zh,j-q-x	1
行侠好义	xíng xiá hào yì	71899	in-ing,ao-ou,ia-ie,h-f,j-q-x	1
行兵布阵	xíng bīng bù zhèn	71900	en-eng,in-ing,z-zh,j-q-x	1
行动坐卧	xíng dòng zuò wò	71902	in-ing,ua-uo,z-zh,j-q-x	1
行古志今	xíng gǔ zhì jīn	71903	in-ing,z-zh,j-q-x	1
行号卧泣	xíng háo wò qì	71905	in-ing,ao-ou,h-f,j-q-x	1
行号巷哭	xíng háo xiàng kū	71906	in-ing,ian-iang,ao-ou,h-f,j-q-x	1
行合趋同	xíng hé qū tóng	71907	in-ing,h-f,j-q-x	1
行同狗彘	xíng tóng gǒu zhì	71908	in-ing,ao-ou,z-zh,j-q-x	3
行同狗豨	xíng tóng gǒu xī	71909	in-ing,ao-ou,j-q-x	3
行同能偶	xíng tóng néng ǒu	71910	en-eng,in-ing,ao-ou,n-l,j-q-x	1
行吟诗人	xíng yín shī rén	71912	en-eng,in-ing,s-sh,r-l,j-q-x	1
行奸卖俏	xíng jiān mài qiào	71914	in-ing,ian-iang,ai-ei,j-q-x	1
行尸走骨	xíng shī zǒu gǔ	71915	in-ing,ao-ou,z-zh,s-sh,j-q-x	1
行崄侥幸	xíng xiǎn jiǎo xìng	71916	in-ing,ian-iang,j-q-x	5
行己有耻	xíng jǐ yǒu chǐ	71917	in-ing,ao-ou,c-ch,j-q-x	1
行师动众	xíng shī dòng zhòng	71918	in-ing,z-zh,s-sh,j-q-x	1
行思坐忆	xíng sī zuò yì	71920	in-ing,ua-uo,z-zh,s-sh,j-q-x	1
行思坐想	xíng sī zuò xiǎng	71921	in-ing,ian-iang,ua-uo,z-zh,s-sh,j-q-x	1
行思坐筹	xíng sī zuò chóu	71922	in-ing,ao-ou,ua-uo,z-zh,c-ch,s-sh,j-q-x	1
行政处分	xíng zhèng chǔ fèn	71923	en-eng,in-ing,z-zh,c-ch,h-f,j-q-x	1
行易知难	xíng yì zhī nán	71925	in-ing,an-ang,z-zh,n-l,j-q-x	1
行有余力	xíng yǒu yú lì	71926	in-ing,ao-ou,n-l,r-l,j-q-x	1
行步如飞	xíng bù rú fēi	71929	in-ing,ai-ei,h-f,r-l,j-q-x	1
行浊言清	xíng zhuó yán qīng	71930	in-ing,an-ang,ua-uo,z-zh,j-q-x	1
行眠立盹	xíng mián lì dǔn	71933	in-ing,ian-iang,n-l,r-l,j-q-x	1
行者让路	xíng zhě ràng lù	71936	in-ing,an-ang,z-zh,n-l,r-l,j-q-x	1
行若无事	xíng ruò wú shì	71940	in-ing,ua-uo,s-sh,r-l,j-q-x	1
行若狗彘	xíng ruò gǒu zhì	71941	in-ing,ao-ou,ua-uo,z-zh,r-l,j-q-x	3
行藏用舍	xíng cáng yòng shě	71944	in-ing,an-ang,c-ch,s-sh,j-q-x	1
行行蛇蚓	háng háng shé yǐn	71945	in-ing,an-ang,s-sh,h-f	1
行踪无定	xíng zōng wú dìng	71949	in-ing,z-zh,j-q-x	1
行远升高	xíng yuǎn shēng gāo	71952	en-eng,in-ing,uan-uang,ao-ou,s-sh,j-q-x	1
行远自迩	xíng yuǎn zì ěr	71953	in-ing,uan-uang,z-zh,j-q-x	3
行针步线	xíng zhēn bù xiàn	71957	en-eng,in-ing,ian-iang,z-zh,j-q-x	1
行间字里	háng jiān zì lǐ	71959	an-ang,ian-iang,z-zh,n-l,h-f,r-l,j-q-x	1
行险徼幸	xíng xiǎn jiǎo xìng	71960	in-ing,ian-iang,j-q-x	3
行香挂牌	xíng xiāng guà pái	71962	in-ing,ian-iang,ai-ei,ua-uo,j-q-x	1
衒玉贾石	xuàn yù gǔ shí	71963	uan-uang,s-sh,j-q-x	5
衔华佩实	xián huá pèi shí	71964	ian-iang,ai-ei,ua-uo,s-sh,h-f,j-q-x	1
衔尾相随	xián wěi xiāng suí	71965	ian-iang,ai-ei,s-sh,j-q-x	1
衔沙填海	xián shā tián hǎi	71966	ian-iang,ai-ei,s-sh,h-f,j-q-x	1
衔玉贾石	xián yù jiǎ shí	71967	ian-iang,ia-ie,s-sh,j-q-x	1
衔环结草	xián huán jié cǎo	71968	ian-iang,uan-uang,ao-ou,ia-ie,c-ch,h-f,j-q-x	1
衔石填海	xián shí tián hǎi	71969	ian-iang,ai-ei,s-sh,h-f,j-q-x	1
衔胆栖冰	xián dǎn qī bīng	71970	in-ing,an-ang,ian-iang,j-q-x	1
街号巷哭	jiē hào xiàng kū	71972	ian-iang,ao-ou,ia-ie,h-f,j-q-x	1
街坊四邻	jiē fāng sì lín	71973	in-ing,an-ang,ia-ie,s-sh,n-l,h-f,r-l,j-q-x	1
街坊邻里	jiē fāng lín lǐ	71974	in-ing,an-ang,ia-ie,n-l,h-f,r-l,j-q-x	1
街头巷底	jiē tóu xiàng dǐ	71975	ian-iang,ao-ou,ia-ie,j-q-x	1
街巷阡陌	jiē xiàng qiān mò	71977	ian-iang,ia-ie,j-q-x	3
街谈巷语	jiē tán xiàng yǔ	71978	an-ang,ian-iang,ia-ie,j-q-x	1
街谈巷说	jiē tán xiàng shuō	71979	an-ang,ian-iang,ia-ie,ua-uo,s-sh,j-q-x	1
街谈巷谚	jiē tán xiàng yàn	71980	an-ang,ian-iang,ia-ie,j-q-x	1
街谭巷议	jiē tán xiàng yì	71981	an-ang,ian-iang,ia-ie,j-q-x	1
街面儿上	jiē miàn ér shàng	71982	an-ang,ian-iang,ia-ie,s-sh,j-q-x	1
衡短论长	héng duǎn lùn cháng	71984	en-eng,an-ang,uan-uang,c-ch,n-l,h-f,r-l	1
衡石程书	héng shí chéng shū	71985	en-eng,c-ch,s-sh,h-f	1
衡石量书	héng shí liàng shū	71986	en-eng,ian-iang,s-sh,n-l,h-f,r-l	1
衡门深巷	héng mén shēn xiàng	71987	en-eng,ian-iang,s-sh,h-f,j-q-x	1
衣不完采	yī bù wán cǎi	71988	an-ang,ai-ei,c-ch	1
衣冠土枭	yī guān tǔ xiāo	71989	uan-uang,j-q-x	3
衣冠枭獍	yī guān xiāo jìng	71990	in-ing,uan-uang,j-q-x	7
衣冠礼乐	yī guàn lǐ lè	71991	uan-uang,n-l,r-l	1
衣单食薄	yī dān shí bó	71993	an-ang,s-sh	1
衣宵食旰	yī xiāo shí gàn	71994	an-ang,s-sh,j-q-x	3
衣架饭囊	yī jià fàn náng	71995	an-ang,ia-ie,n-l,h-f,j-q-x	1
衣租食税	yì zū shí shuì	71996	z-zh,s-sh	1
衣绣夜行	yī xiù yè xíng	71997	in-ing,j-q-x	1
衣绣昼行	yì xiù zhòu xíng	71998	in-ing,ao-ou,z-zh,j-q-x	1
衣被群生	yì bèi qún shēng	72000	en-eng,ai-ei,s-sh,j-q-x	1
衣裳之会	yī shang zhī huì	72001	an-ang,z-zh,s-sh,h-f	1
衣轻乘肥	yì qīng chéng féi	72002	en-eng,in-ing,ai-ei,c-ch,h-f,j-q-x	1
衣钵相传	yī bō xiāng chuán	72003	ian-iang,uan-uang,c-ch,j-q-x	3
衣锦夜行	yì jǐn yè xíng	72004	in-ing,j-q-x	1
衣锦昼行	yì jǐn zhòu xíng	72005	in-ing,ao-ou,z-zh,j-q-x	1
衣锦过乡	yì jǐn guò xiāng	72006	in-ing,ian-iang,ua-uo,j-q-x	1
衣锦食肉	yì jǐn shí ròu	72007	in-ing,ao-ou,s-sh,r-l,j-q-x	1
衣食不周	yī shí bù zhōu	72008	ao-ou,z-zh,s-sh	1
衣食父母	yī shí fù mǔ	72009	s-sh,h-f	1
衣食税租	yī shí shuì zū	72010	z-zh,s-sh	1
补习学校	bǔ xí xué xiào	72011	j-q-x	1
补天柱地	bǔ tiān zhù dì	72012	ian-iang,z-zh	1
补苴罅漏	bǔ jū xià lòu	72013	ao-ou,ia-ie,n-l,r-l,j-q-x	3
补过拾遗	bǔ guò shí yí	72016	ua-uo,s-sh	1
补过饰非	bǔ guò shì fēi	72017	ai-ei,ua-uo,s-sh,h-f	1
补阙拾遗	bǔ quē shí yí	72019	s-sh,j-q-x	3
补阙挂漏	bǔ quē guà lòu	72020	ao-ou,ua-uo,n-l,r-l,j-q-x	3
补阙灯檠	bǔ quē dēng qíng	72021	en-eng,in-ing,j-q-x	3
表演艺术	biǎo yǎn yì shù	72028	an-ang,s-sh	1
表里为奸	biǎo lǐ wéi jiān	72033	ian-iang,ai-ei,n-l,r-l,j-q-x	1
表里相依	biǎo lǐ xiāng yī	72034	ian-iang,n-l,r-l,j-q-x	1
表里相应	biǎo lǐ xiāng yìng	72035	in-ing,ian-iang,n-l,r-l,j-q-x	1
表里相济	biǎo lǐ xiāng jì	72036	ian-iang,n-l,r-l,j-q-x	1
表里相符	biǎo lǐ xiāng fú	72037	ian-iang,n-l,h-f,r-l,j-q-x	1
衰当益壮	shuāi dāng yì zhuàng	72041	an-ang,uan-uang,z-zh,s-sh	1
袂云汗雨	mèi yún hàn yǔ	72048	an-ang,ai-ei,h-f	3
袅娜娉婷	niǎo nuó pīng tíng	72049	in-ing,ua-uo,n-l	3
袅袅娜娜	niǎo niǎo nuó nuó	72050	ua-uo,n-l	3
袍笏登场	páo hù dēng chǎng	72053	en-eng,an-ang,ao-ou,c-ch,h-f	3
袒胸露背	tǎn xiōng lù bèi	72054	an-ang,ai-ei,n-l,r-l,j-q-x	3
袒臂挥拳	tǎn bì huī quán	72055	an-ang,uan-uang,h-f,j-q-x	3
袒裼裸裎	tǎn xī luǒ chéng	72056	en-eng,an-ang,ua-uo,c-ch,n-l,r-l,j-q-x	7
被发左衽	pī fà zuǒ rèn	72059	en-eng,ua-uo,z-zh,h-f,r-l	3
被发文身	pī fà wén shēn	72060	en-eng,s-sh,h-f	1
被发缨冠	pī fà yīng guàn	72061	in-ing,uan-uang,h-f	3
被子植物	bèi zi zhí wù	72063	ai-ei,z-zh	1
被宠若惊	bèi chǒng ruò jīng	72064	in-ing,ai-ei,ua-uo,c-ch,r-l,j-q-x	1
被山带河	pī shān dài hé	72065	an-ang,ai-ei,s-sh,h-f	1
被泽蒙庥	bèi zé méng xiū	72066	en-eng,ai-ei,z-zh,j-q-x	3
被甲执兵	pī jiǎ zhí bīng	72067	in-ing,ia-ie,z-zh,j-q-x	1
被甲持兵	pī jiǎ chí bīng	72068	in-ing,ia-ie,c-ch,j-q-x	1
被甲据鞍	pī jiǎ jù ān	72069	an-ang,ia-ie,j-q-x	1
被甲枕戈	pī jiǎ zhěn gē	72070	en-eng,ia-ie,z-zh,j-q-x	1
被褐怀玉	pī hè huái yù	72073	h-f	1
被褐怀珠	pī hè huái zhū	72074	z-zh,h-f	1
被选举权	bèi xuǎn jǔ quán	72077	uan-uang,ai-ei,j-q-x	1
裁红点翠	cái hóng diǎn cuì	72080	ian-iang,ai-ei,c-ch,h-f	1
裁长补短	cái cháng bǔ duǎn	72082	an-ang,uan-uang,ai-ei,c-ch	1
裂冠毁冕	liè guàn huǐ miǎn	72083	ian-iang,uan-uang,ia-ie,n-l,h-f,r-l	3
裂土分茅	liè tǔ fēn máo	72084	en-eng,ao-ou,ia-ie,n-l,h-f,r-l	1
裂眦嚼齿	liè zì jiáo chǐ	72089	ia-ie,z-zh,c-ch,n-l,r-l,j-q-x	3
裂石穿云	liè shí chuān yún	72090	uan-uang,ia-ie,c-ch,s-sh,n-l,r-l	1
裂裳衣疮	liè shang yī chuāng	72091	an-ang,uan-uang,ia-ie,c-ch,s-sh,n-l,r-l	1
裂裳裹足	liè cháng guǒ zú	72092	an-ang,ia-ie,ua-uo,z-zh,c-ch,n-l,r-l	1
装潢门面	zhuāng huáng mén miàn	72094	en-eng,ian-iang,uan-uang,z-zh,h-f	3
裘弊金尽	qiú bì jīn jìn	72095	in-ing,j-q-x	3
裙屐少年	qún jī shào nián	72096	ian-iang,ao-ou,s-sh,n-l,j-q-x	3
裸裎袒裼	luǒ chéng tǎn xī	72102	en-eng,an-ang,ua-uo,c-ch,n-l,r-l,j-q-x	7
裹血力战	guǒ xuè lì zhàn	72103	an-ang,ua-uo,z-zh,n-l,r-l,j-q-x	1
褐衣不完	hè yī bù wán	72104	an-ang,h-f	1
褐衣蔬食	hè yī shū shí	72105	s-sh,h-f	1
褒善贬恶	bāo shàn biǎn è	72106	an-ang,ian-iang,ao-ou,s-sh	1
褒衣危冠	bāo yī wēi guān	72107	uan-uang,ai-ei,ao-ou	1
褒贬与夺	bāo biǎn yǔ duó	72108	ian-iang,ao-ou,ua-uo	1
褚小怀大	zhǔ xiǎo huái dà	72109	z-zh,h-f,j-q-x	3
褚小杯大	zhǔ xiǎo bēi dà	72110	ai-ei,z-zh,j-q-x	3
褪后趋前	tuì hòu qū qián	72112	ian-iang,ao-ou,h-f,j-q-x	1
襟怀洒落	jīn huái sǎ luò	72114	in-ing,ua-uo,s-sh,n-l,h-f,r-l,j-q-x	1
襟怀磊落	jīn huái lěi luò	72115	in-ing,ai-ei,ua-uo,n-l,h-f,r-l,j-q-x	1
西伯利亚	xī bó lì yà	72116	n-l,r-l,j-q-x	1
西台痛哭	xī tái tòng kū	72119	ai-ei,j-q-x	1
西山日薄	xī shān rì báo	72120	an-ang,ao-ou,s-sh,r-l,j-q-x	1
西方净国	xī fāng jìng guó	72121	in-ing,an-ang,ua-uo,h-f,j-q-x	1
西方净土	xī fāng jìng tǔ	72122	in-ing,an-ang,h-f,j-q-x	1
西方国家	xī fāng guó jiā	72123	an-ang,ia-ie,ua-uo,h-f,j-q-x	1
西沙群岛	xī shā qún dǎo	72124	ao-ou,s-sh,j-q-x	1
西赆南琛	xī jìn nán chēn	72127	en-eng,in-ing,an-ang,c-ch,n-l,j-q-x	7
西风残照	xī fēng cán zhào	72128	en-eng,an-ang,ao-ou,z-zh,c-ch,h-f,j-q-x	1
西风落叶	xī fēng luò yè	72129	en-eng,ua-uo,n-l,h-f,r-l,j-q-x	1
西食东眠	xī shí dōng mián	72130	ian-iang,s-sh,j-q-x	1
要价还价	yào jià huán jià	72131	uan-uang,ao-ou,ia-ie,h-f,j-q-x	1
要害之地	yào hài zhī dì	72133	ai-ei,ao-ou,z-zh,h-f	1
要死要活	yào sǐ yào huó	72134	ao-ou,ua-uo,s-sh,h-f	1
要而言之	yào ér yán zhī	72136	an-ang,ao-ou,z-zh	1
要而论之	yào ér lùn zhī	72137	ao-ou,z-zh,n-l,r-l	1
要言妙道	yào yán miào dào	72139	an-ang,ao-ou	1
覆亡无日	fù wáng wú rì	72142	an-ang,h-f,r-l	1
覆军杀将	fù jūn shā jiāng	72143	ian-iang,s-sh,h-f,j-q-x	1
覆地翻天	fù dì fān tiān	72144	an-ang,ian-iang,h-f	1
覆盆难照	fù pén nán zhào	72146	en-eng,an-ang,ao-ou,z-zh,n-l,h-f	1
覆车之戒	fù chē zhī jiè	72147	ia-ie,z-zh,c-ch,h-f,j-q-x	1
覆车之轨	fù chē zhī guǐ	72148	z-zh,c-ch,h-f	1
覆车之鉴	fù chē zhī jiàn	72149	ian-iang,z-zh,c-ch,h-f,j-q-x	1
覆雨翻云	fù yǔ fān yún	72150	an-ang,h-f	1
见世生苗	jiàn shì shēng miáo	72152	en-eng,ian-iang,s-sh,j-q-x	1
见义当为	jiàn yì dāng wéi	72153	an-ang,ian-iang,ai-ei,j-q-x	1
见义必为	jiàn yì bì wéi	72154	ian-iang,ai-ei,j-q-x	1
见义敢为	jiàn yì gǎn wéi	72155	an-ang,ian-iang,ai-ei,j-q-x	1
见事生风	jiàn shì shēng fēng	72157	en-eng,ian-iang,s-sh,h-f,j-q-x	1
见事风生	jiàn shì fēng shēng	72158	en-eng,ian-iang,s-sh,h-f,j-q-x	1
见兔放鹰	jiàn tù fàng yīng	72159	in-ing,an-ang,ian-iang,h-f,j-q-x	1
见兔顾犬	jiàn tù gù quǎn	72160	ian-iang,uan-uang,j-q-x	1
见几而作	jiàn jī ér zuò	72161	ian-iang,ua-uo,z-zh,j-q-x	1
见利思义	jiàn lì sī yì	72162	ian-iang,s-sh,n-l,r-l,j-q-x	1
见势不妙	jiàn shì bù miào	72164	ian-iang,s-sh,j-q-x	1
见危致命	jiàn wēi zhì mìng	72165	in-ing,ian-iang,ai-ei,z-zh,j-q-x	1
见卵求鸡	jiàn luǎn qiú jī	72166	ian-iang,uan-uang,n-l,r-l,j-q-x	1
见可而进	jiàn kě ér jìn	72167	in-ing,ian-iang,j-q-x	1
见哭兴悲	jiàn kū xīng bēi	72168	in-ing,ian-iang,ai-ei,j-q-x	1
见善必迁	jiàn shàn bì qiān	72169	an-ang,ian-iang,s-sh,j-q-x	1
见噎废食	jiàn yē fèi shí	72170	ian-iang,ai-ei,s-sh,h-f,j-q-x	3
见墙见羹	jiàn qiáng jiàn gēng	72171	en-eng,ian-iang,j-q-x	1
见始知终	jiàn shǐ zhī zhōng	72172	ian-iang,z-zh,s-sh,j-q-x	1
见小暗大	jiàn xiǎo àn dà	72173	an-ang,ian-iang,j-q-x	1
见弃于人	jiàn qì yú rén	72174	en-eng,ian-iang,r-l,j-q-x	1
见弹求鸮	jiàn dàn qiú xiāo	72175	an-ang,ian-iang,j-q-x	3
见弹求鹗	jiàn dàn qiú è	72176	an-ang,ian-iang,j-q-x	3
见微知萌	jiàn wēi zhī méng	72177	en-eng,ian-iang,ai-ei,z-zh,j-q-x	1
见德思齐	jiàn dé sī qí	72178	ian-iang,s-sh,j-q-x	1
见性成佛	jiàn xìng chéng fó	72179	en-eng,in-ing,ian-iang,c-ch,h-f,j-q-x	1
见怪非怪	jiàn guài fēi guài	72180	ian-iang,ai-ei,h-f,j-q-x	1
见惯不惊	jiàn guàn bù jīng	72181	in-ing,ian-iang,uan-uang,j-q-x	1
见惯司空	jiàn guàn sī kōng	72182	ian-iang,uan-uang,s-sh,j-q-x	1
见所不见	jiàn suǒ bù jiàn	72183	ian-iang,ua-uo,s-sh,j-q-x	1
见时知几	jiàn shí zhī jǐ	72185	ian-iang,z-zh,s-sh,j-q-x	1
见智见仁	jiàn zhì jiàn rén	72186	en-eng,ian-iang,z-zh,r-l,j-q-x	1
见机而作	jiàn jī ér zuò	72188	ian-iang,ua-uo,z-zh,j-q-x	1
见机而行	jiàn jī ér xíng	72189	in-ing,ian-iang,j-q-x	1
见棱见角	jiàn léng jiàn jiǎo	72190	en-eng,ian-iang,n-l,r-l,j-q-x	1
见溺不救	jiàn nì bù jiù	72191	ian-iang,n-l,j-q-x	1
见猎心喜	jiàn liè xīn xǐ	72193	in-ing,ian-iang,ia-ie,n-l,r-l,j-q-x	1
见神见鬼	jiàn shén jiàn guǐ	72194	en-eng,ian-iang,s-sh,j-q-x	1
见笑大方	jiàn xiào dà fāng	72195	an-ang,ian-iang,h-f,j-q-x	1
见精识精	jiàn jīng shí jīng	72196	in-ing,ian-iang,s-sh,j-q-x	1
见素抱朴	xiàn sù bào pǔ	72197	ian-iang,ao-ou,s-sh,j-q-x	1
见经识经	jiàn jīng shí jīng	72198	in-ing,ian-iang,s-sh,j-q-x	1
见缝就钻	jiàn fèng jiù zuān	72199	en-eng,ian-iang,uan-uang,z-zh,h-f,j-q-x	1
见羹见墙	jiàn gēng jiàn qiáng	72201	en-eng,ian-iang,j-q-x	1
见诮大方	jiàn qiào dà fāng	72203	an-ang,ian-iang,h-f,j-q-x	3
见豕负涂	jiàn shǐ fù tú	72204	ian-iang,s-sh,h-f,j-q-x	3
见貌辨色	jiàn mào biàn sè	72205	ian-iang,ao-ou,s-sh,j-q-x	1
见贤思齐	jiàn xián sī qí	72206	ian-iang,s-sh,j-q-x	1
见钱眼红	jiàn qián yǎn hóng	72207	an-ang,ian-iang,h-f,j-q-x	1
见雀张罗	jiàn què zhāng luó	72208	an-ang,ian-iang,ua-uo,z-zh,n-l,r-l,j-q-x	1
见鞍思马	jiàn ān sī mǎ	72209	an-ang,ian-iang,s-sh,j-q-x	1
见风使帆	jiàn fēng shǐ fān	72210	en-eng,an-ang,ian-iang,s-sh,h-f,j-q-x	1
见风使船	jiàn fēng shǐ chuán	72211	en-eng,ian-iang,uan-uang,c-ch,s-sh,h-f,j-q-x	1
见风是雨	jiàn fēng shì yǔ	72212	en-eng,ian-iang,s-sh,h-f,j-q-x	1
见风转篷	jiàn fēng zhuǎn péng	72213	en-eng,ian-iang,uan-uang,z-zh,h-f,j-q-x	1
见风转舵	jiàn fēng zhuǎn duò	72214	en-eng,ian-iang,uan-uang,ua-uo,z-zh,h-f,j-q-x	1
见马克思	jiàn mǎ kè sī	72215	ian-iang,s-sh,j-q-x	1
观化听风	guān huà tīng fēng	72217	en-eng,in-ing,uan-uang,ua-uo,h-f	1
观场矮人	guān chǎng ǎi rén	72218	en-eng,an-ang,uan-uang,ai-ei,c-ch,r-l	1
观山玩水	guān shān wán shuǐ	72222	an-ang,uan-uang,s-sh	1
观形察色	guān xíng chá sè	72223	in-ing,uan-uang,c-ch,s-sh,j-q-x	1
观往知来	guān wǎng zhī lái	72224	an-ang,uan-uang,ai-ei,z-zh,n-l,r-l	1
观念形态	guān niàn xíng tài	72225	in-ing,ian-iang,uan-uang,ai-ei,n-l,j-q-x	1
观望不前	guān wàng bù qián	72227	an-ang,ian-iang,uan-uang,j-q-x	1
观机而作	guān jī ér zuò	72228	uan-uang,ua-uo,z-zh,j-q-x	1
观机而动	guān jī ér dòng	72229	uan-uang,j-q-x	1
观眉说眼	guān méi shuō yǎn	72232	an-ang,uan-uang,ai-ei,ua-uo,s-sh	1
观者云集	guān zhě yún jí	72233	uan-uang,z-zh,j-q-x	1
观者如云	guān zhě rú yún	72234	uan-uang,z-zh,r-l	1
观者如垛	guān zhě rú duǒ	72235	uan-uang,ua-uo,z-zh,r-l	1
观者如市	guān zhě rú shì	72236	uan-uang,z-zh,s-sh,r-l	1
观者如织	guān zhě rú zhī	72237	uan-uang,z-zh,r-l	1
观者成堵	guān zhě chéng dǔ	72238	en-eng,uan-uang,z-zh,c-ch	1
观貌察色	guān mào chá sè	72239	uan-uang,ao-ou,c-ch,s-sh	1
观赏植物	guān shǎng zhí wù	72240	an-ang,uan-uang,z-zh,s-sh	1
观过知仁	guān guò zhī rén	72241	en-eng,uan-uang,ua-uo,z-zh,r-l	1
观隅反三	guān yú fǎn sān	72242	an-ang,uan-uang,s-sh,h-f	1
观风察俗	guān fēng chá sú	72243	en-eng,uan-uang,c-ch,s-sh,h-f	1
规天矩地	guī tiān jǔ dì	72244	ian-iang,j-q-x	1
规旋矩折	guī xuán jǔ shé	72245	uan-uang,s-sh,j-q-x	1
规求无度	guī qiú wú dù	72247	j-q-x	1
规行矩止	guī xíng jǔ zhǐ	72248	in-ing,z-zh,j-q-x	1
规行矩步	guī xíng jǔ bù	72249	in-ing,j-q-x	1
规重矩叠	guī chóng jǔ dié	72250	ia-ie,c-ch,j-q-x	1
规重矩迭	guī zhòng jǔ dié	72251	ia-ie,z-zh,j-q-x	1
视丹如绿	shì dān rú lǜ	72252	an-ang,s-sh,n-l,r-l	1
视为儿戏	shì wéi ér xì	72253	ai-ei,s-sh,j-q-x	1
视为寇雠	shì wéi kòu chóu	72254	ai-ei,ao-ou,c-ch,s-sh	3
视为畏途	shì wéi wèi tú	72255	ai-ei,s-sh	1
视为知己	shì wéi zhī jǐ	72256	ai-ei,z-zh,s-sh,j-q-x	1
视同一律	shì tóng yī lǜ	72257	s-sh,n-l,r-l	1
视同儿戏	shì tóng ér xì	72258	s-sh,j-q-x	1
视同拱璧	shì tóng gǒng bì	72259	s-sh	1
视同秦越	shì tóng qín yuè	72260	in-ing,s-sh,j-q-x	1
视同路人	shì tóng lù rén	72261	en-eng,s-sh,n-l,r-l	1
视同陌路	shì tóng mò lù	72262	s-sh,n-l,r-l	1
视如土芥	shì rú tǔ jiè	72263	ia-ie,s-sh,r-l,j-q-x	1
视如寇仇	shì rú kòu chóu	72264	ao-ou,c-ch,s-sh,r-l	1
视如草芥	shì rú cǎo jiè	72265	ao-ou,ia-ie,c-ch,s-sh,r-l,j-q-x	1
视微知著	shì wēi zhī zhuó	72267	ai-ei,ua-uo,z-zh,s-sh	1
视死若归	shì sǐ ruò guī	72268	ua-uo,s-sh,r-l	1
视死若生	shì sǐ ruò shēng	72269	en-eng,ua-uo,s-sh,r-l	1
视若儿戏	shì ruò ér xì	72270	ua-uo,s-sh,r-l,j-q-x	1
视若路人	shì ruò lù rén	72271	en-eng,ua-uo,s-sh,n-l,r-l	1
视远步高	shì yuǎn bù gāo	72272	uan-uang,ao-ou,s-sh	1
视险若夷	shì xiǎn ruò yí	72273	ian-iang,ua-uo,s-sh,r-l,j-q-x	1
览闻辩见	lǎn wén biàn jiàn	72274	en-eng,an-ang,ian-iang,n-l,r-l,j-q-x	1
觉人觉世	jué rén jué shì	72275	en-eng,s-sh,r-l,j-q-x	1
角巾东路	jiǎo jīn dōng lù	72280	in-ing,n-l,r-l,j-q-x	1
角巾私第	jiǎo jīn sī dì	72281	in-ing,s-sh,j-q-x	1
角户分门	jiǎo hù fēn mén	72282	en-eng,h-f,j-q-x	1
角立杰出	jiǎo lì jié chū	72284	ia-ie,c-ch,n-l,r-l,j-q-x	1
解人难得	jiě rén nán dé	72288	en-eng,an-ang,ia-ie,n-l,r-l,j-q-x	1
解兵释甲	jiě bīng shì jiǎ	72291	in-ing,ia-ie,s-sh,j-q-x	1
解剑拜仇	jiě jiàn bài chóu	72292	ian-iang,ai-ei,ao-ou,ia-ie,c-ch,j-q-x	1
解发佯狂	jiě fà yáng kuáng	72296	an-ang,uan-uang,ia-ie,h-f,j-q-x	3
解弦更张	jiě xián gēng zhāng	72300	en-eng,an-ang,ian-iang,ia-ie,z-zh,j-q-x	1
解放战争	jiě fàng zhàn zhēng	72302	en-eng,an-ang,ia-ie,z-zh,h-f,j-q-x	1
解析几何	jiě xī jǐ hé	72303	ia-ie,h-f,j-q-x	1
解民倒悬	jiě mín dào xuán	72306	in-ing,uan-uang,ao-ou,ia-ie,j-q-x	1
解甲休兵	jiě jiǎ xiū bīng	72310	in-ing,ia-ie,j-q-x	1
解甲休士	jiě jiǎ xiū shì	72311	ia-ie,s-sh,j-q-x	1
解甲倒戈	jiě jiǎ dǎo gē	72312	ao-ou,ia-ie,j-q-x	1
解甲投戈	jiě jiǎ tóu gē	72313	ao-ou,ia-ie,j-q-x	1
解疑释惑	jiě yí shì huò	72314	ia-ie,ua-uo,s-sh,h-f,j-q-x	1
解纷排难	jiě fēn pái nán	72316	en-eng,an-ang,ai-ei,ia-ie,n-l,h-f,j-q-x	1
解衣包火	jiě yī bāo huǒ	72319	ao-ou,ia-ie,ua-uo,h-f,j-q-x	1
解衣卸甲	jiě yī xiè jiǎ	72320	ia-ie,j-q-x	1
解衣抱火	jiě yī bào huǒ	72321	ao-ou,ia-ie,ua-uo,h-f,j-q-x	1
解衣推食	jiě yī tuī shí	72322	ia-ie,s-sh,j-q-x	1
解衣槃磅	jiě yī pán páng	72323	an-ang,ia-ie,j-q-x	5
解衣盘磅	jiě yī pán páng	72324	an-ang,ia-ie,j-q-x	1
解衣盘礴	jiě yī pán bó	72325	an-ang,ia-ie,j-q-x	3
解衣磅礴	jiě yī páng bó	72326	an-ang,ia-ie,j-q-x	3
解衣般礴	jiě yī bān bó	72327	an-ang,ia-ie,j-q-x	3
解衣衣人	jiě yī yī rén	72328	en-eng,ia-ie,r-l,j-q-x	1
解铃系铃	jiě líng xì líng	72333	in-ing,ia-ie,n-l,r-l,j-q-x	1
解骖推食	jiě cān tuī shí	72336	an-ang,ia-ie,c-ch,s-sh,j-q-x	3
解黏去缚	jiě nián qù fù	72337	ian-iang,ia-ie,n-l,h-f,j-q-x	3
触地号天	chù dì hào tiān	72339	ian-iang,ao-ou,c-ch,h-f	1
触处机来	chù chǔ jī lái	72340	ai-ei,c-ch,n-l,r-l,j-q-x	1
触手可及	chù shǒu kě jí	72341	ao-ou,c-ch,s-sh,j-q-x	1
触斗蛮争	chù dòu mán zhēng	72342	en-eng,an-ang,ao-ou,z-zh,c-ch	1
触景伤心	chù jǐng shāng xīn	72343	in-ing,an-ang,c-ch,s-sh,j-q-x	1
触景伤怀	chù jǐng shāng huái	72344	in-ing,an-ang,c-ch,s-sh,h-f,j-q-x	1
触景伤情	chù jǐng shāng qíng	72345	in-ing,an-ang,c-ch,s-sh,j-q-x	1
触机便发	chù jī biàn fā	72346	ian-iang,c-ch,h-f,j-q-x	1
触物兴怀	chù wù xīng huái	72347	in-ing,c-ch,h-f,j-q-x	1
触目兴叹	chù mù xīng tàn	72348	in-ing,an-ang,c-ch,j-q-x	1
触石决木	chù shí jué mù	72349	c-ch,s-sh,j-q-x	1
触类而长	chù lèi ér cháng	72350	an-ang,ai-ei,c-ch,n-l,r-l	1
言三语四	yán sān yǔ sì	72352	an-ang,s-sh	1
言不二价	yán bù èr jià	72353	an-ang,ia-ie,j-q-x	1
言不及行	yán bù jí xíng	72354	in-ing,an-ang,j-q-x	1
言不尽意	yán bù jìn yì	72355	in-ing,an-ang,j-q-x	1
言不由中	yán bù yóu zhōng	72356	an-ang,ao-ou,z-zh	1
言不达意	yán bù dá yì	72357	an-ang	1
言不逮意	yán bù dǎi yì	72358	an-ang,ai-ei	1
言不顾行	yán bù gù xíng	72359	in-ing,an-ang,j-q-x	1
言与心违	yán yǔ xīn wéi	72360	in-ing,an-ang,ai-ei,j-q-x	1
言中事隐	yán zhōng shì yǐn	72361	in-ing,an-ang,z-zh,s-sh	1
言之不预	yán zhī bù yù	72362	an-ang,z-zh	1
言之有序	yán zhī yǒu xù	72363	an-ang,ao-ou,z-zh,j-q-x	1
言之有故	yán zhī yǒu gù	72364	an-ang,ao-ou,z-zh	1
言之有礼	yán zhī yǒu lǐ	72365	an-ang,ao-ou,z-zh,n-l,r-l	1
言之过早	yán zhì guò zǎo	72366	an-ang,ao-ou,ua-uo,z-zh	1
言之过甚	yán zhī guò shèn	72367	en-eng,an-ang,ua-uo,z-zh,s-sh	1
言从计听	yán cóng jì tīng	72368	in-ing,an-ang,c-ch,j-q-x	1
言从计纳	yán cóng jì nà	72369	an-ang,c-ch,n-l,j-q-x	1
言从计行	yán cóng jì xíng	72370	in-ing,an-ang,c-ch,j-q-x	1
言信行果	yán xìn xíng guǒ	72372	in-ing,an-ang,ua-uo,j-q-x	1
言出祸从	yán chū huò cóng	72373	an-ang,ua-uo,c-ch,h-f	1
言发祸随	yán fā huò suí	72374	an-ang,ua-uo,s-sh,h-f	1
言听事行	yán tīng shì xíng	72375	in-ing,an-ang,s-sh,j-q-x	1
言听行从	yán tīng xíng cóng	72376	in-ing,an-ang,c-ch,j-q-x	1
言听计行	yán tīng jì xíng	72377	in-ing,an-ang,j-q-x	1
言和意顺	yán hé yì shùn	72378	an-ang,s-sh,h-f	1
言多伤行	yán duō shāng xíng	72379	in-ing,an-ang,ua-uo,s-sh,j-q-x	1
言多语失	yán duō yǔ shī	72380	an-ang,ua-uo,s-sh	1
言差语错	yán chà yǔ cuò	72381	an-ang,ua-uo,c-ch	1
言归和好	yán guī hé hǎo	72382	an-ang,ao-ou,h-f	1
言必有中	yán bì yǒu zhòng	72383	an-ang,ao-ou,z-zh	1
言必有据	yán bì yǒu jù	72384	an-ang,ao-ou,j-q-x	1
言必有物	yán bì yǒu wù	72385	an-ang,ao-ou	1
言扬行举	yán yáng xíng jǔ	72386	in-ing,an-ang,j-q-x	1
言提其耳	yán tí qí ěr	72387	an-ang,j-q-x	1
言文行远	yán wén xíng yuǎn	72388	en-eng,in-ing,an-ang,uan-uang,j-q-x	1
言方行圆	yán fāng xíng yuán	72389	in-ing,an-ang,uan-uang,h-f,j-q-x	1
言无不尽	yán wú bù jìn	72390	in-ing,an-ang,j-q-x	1
言来语去	yán lái yǔ qù	72391	an-ang,ai-ei,n-l,r-l,j-q-x	1
言清行浊	yán qīng xíng zhuó	72392	in-ing,an-ang,ua-uo,z-zh,j-q-x	1
言笑不苟	yán xiào bù gǒu	72393	an-ang,ao-ou,j-q-x	1
言笑自若	yán xiào zì ruò	72394	an-ang,ua-uo,z-zh,r-l,j-q-x	1
言简意少	yán jiǎn yì shǎo	72395	an-ang,ian-iang,ao-ou,s-sh,j-q-x	1
言约旨远	yán yuē zhǐ yuǎn	72396	an-ang,uan-uang,z-zh	1
言者不知	yán zhě bù zhī	72397	an-ang,z-zh	1
言者弗知	yán zhě fú zhī	72398	an-ang,z-zh,h-f	1
言而不信	yán ér bù xìn	72399	in-ing,an-ang,j-q-x	1
言而有信	yán ér yǒu xìn	72400	in-ing,an-ang,ao-ou,j-q-x	1
言芳行洁	yán fāng xíng jié	72401	in-ing,an-ang,ia-ie,h-f,j-q-x	1
言若悬河	yán ruò xuán hé	72402	an-ang,uan-uang,ua-uo,h-f,r-l,j-q-x	1
言行一致	yán xíng yī zhì	72403	in-ing,an-ang,z-zh,j-q-x	1
言行不一	yán xíng bù yī	72404	in-ing,an-ang,j-q-x	1
言行不符	yán xíng bù fú	72405	in-ing,an-ang,h-f,j-q-x	1
言行不贰	yán xíng bù èr	72406	in-ing,an-ang,j-q-x	1
言行信果	yán xíng xìn guǒ	72407	in-ing,an-ang,ua-uo,j-q-x	1
言行抱一	yán xíng bào yī	72408	in-ing,an-ang,ao-ou,j-q-x	1
言行相副	yán xíng xiāng fù	72409	in-ing,an-ang,ian-iang,h-f,j-q-x	1
言行相悖	yán xíng xiāng bèi	72410	in-ing,an-ang,ian-iang,ai-ei,j-q-x	1
言行相符	yán xíng xiāng fú	72411	in-ing,an-ang,ian-iang,h-f,j-q-x	1
言行相诡	yán xíng xiāng guǐ	72412	in-ing,an-ang,ian-iang,j-q-x	1
言行相顾	yán xíng xiāng gù	72413	in-ing,an-ang,ian-iang,j-q-x	1
言行若一	yán xíng ruò yī	72414	in-ing,an-ang,ua-uo,r-l,j-q-x	1
言行计从	yán xíng jì cóng	72415	in-ing,an-ang,c-ch,j-q-x	1
言论风生	yán lùn fēng shēng	72416	en-eng,an-ang,s-sh,n-l,h-f,r-l	1
言词恳切	yán cí kěn qiè	72417	en-eng,an-ang,ia-ie,c-ch,j-q-x	1
言语路绝	yán yǔ lù jué	72418	an-ang,n-l,r-l,j-q-x	1
言语道断	yán yǔ dào duàn	72419	an-ang,uan-uang,ao-ou	1
言近意远	yán jìn yì yuǎn	72420	in-ing,an-ang,uan-uang,j-q-x	1
言近指远	yán jìn zhǐ yuǎn	72421	in-ing,an-ang,uan-uang,z-zh,j-q-x	1
言近旨远	yán jìn zhǐ yuǎn	72422	in-ing,an-ang,uan-uang,z-zh,j-q-x	1
言重九鼎	yán zhòng jiǔ dǐng	72423	in-ing,an-ang,z-zh,j-q-x	1
言颠语倒	yán diān yǔ dǎo	72424	an-ang,ian-iang,ao-ou	1
言高语低	yán gāo yǔ dī	72425	an-ang,ao-ou	1
詈夷为跖	lì yí wéi zhí	72426	ai-ei,z-zh,n-l,r-l	3
詹言曲说	zhān yán qǔ shuō	72427	an-ang,ua-uo,z-zh,s-sh,j-q-x	3
誉不绝口	yù bù jué kǒu	72428	ao-ou,j-q-x	1
誓同生死	shì tóng shēng sǐ	72429	en-eng,s-sh	1
誓天断发	shì tiān duàn fā	72430	ian-iang,uan-uang,s-sh,h-f	1
誓死不二	shì sǐ bù èr	72431	s-sh	1
誓死不屈	shì sǐ bù qū	72432	s-sh,j-q-x	1
誓死不渝	shì sǐ bù yú	72433	s-sh	1
誓死不贰	shì sǐ bù èr	72434	s-sh	1
警愦觉聋	jǐng kuì jué lóng	72436	in-ing,n-l,r-l,j-q-x	3
计上心头	jì shàng xīn tóu	72439	in-ing,an-ang,ao-ou,s-sh,j-q-x	1
计上心来	jì shàng xīn lái	72440	in-ing,an-ang,ai-ei,s-sh,n-l,r-l,j-q-x	1
计不反顾	jì bù fǎn gù	72441	an-ang,h-f,j-q-x	1
计不旋跬	jì bù xuán kuǐ	72442	uan-uang,j-q-x	3
计不旋踵	jì bù xuán zhǒng	72443	uan-uang,z-zh,j-q-x	3
计不返顾	jì bù fǎn gù	72444	an-ang,h-f,j-q-x	1
计伐称勋	jì fá chēng xūn	72445	en-eng,c-ch,h-f,j-q-x	1
计出万全	jì chū wàn quán	72446	an-ang,uan-uang,c-ch,j-q-x	1
计出万死	jì chū wàn sǐ	72447	an-ang,c-ch,s-sh,j-q-x	1
计功行封	jì gōng xíng fēng	72448	en-eng,in-ing,h-f,j-q-x	1
计功行赏	jì gōng xíng shǎng	72449	in-ing,an-ang,s-sh,j-q-x	1
计功补过	jì gōng bǔ guò	72450	ua-uo,j-q-x	1
计功量罪	jì gōng liàng zuì	72451	ian-iang,z-zh,n-l,r-l,j-q-x	1
计勋行赏	jì xūn xíng shǎng	72452	in-ing,an-ang,s-sh,j-q-x	1
计合谋从	jì hé móu cóng	72453	ao-ou,c-ch,h-f,j-q-x	1
计将安出	jì jiāng ān chū	72454	an-ang,ian-iang,c-ch,j-q-x	1
计尽力穷	jì jìn lì qióng	72455	in-ing,n-l,r-l,j-q-x	1
计斗负才	jì dòu fù cái	72456	ai-ei,ao-ou,c-ch,h-f,j-q-x	1
计日以俟	jì rì yǐ sì	72457	s-sh,r-l,j-q-x	3
计日以待	jì rì yǐ dài	72458	ai-ei,r-l,j-q-x	1
计日以期	jì rì yǐ qī	72459	r-l,j-q-x	1
计日可待	jì rì kě dài	72460	ai-ei,r-l,j-q-x	1
计日可期	jì rì kě qī	72461	r-l,j-q-x	1
计日指期	jì rì zhǐ qī	72462	z-zh,r-l,j-q-x	1
计日而俟	jì rì ér sì	72463	s-sh,r-l,j-q-x	3
计日而待	jì rì ér dài	72464	ai-ei,r-l,j-q-x	1
计深虑远	jì shēn lǜ yuǎn	72465	en-eng,uan-uang,s-sh,n-l,r-l,j-q-x	1
计然之术	jì rán zhī shù	72466	an-ang,z-zh,s-sh,r-l,j-q-x	1
计研心算	jì yán xīn suàn	72467	in-ing,an-ang,uan-uang,s-sh,j-q-x	1
计穷力尽	jì qióng lì jìn	72468	in-ing,n-l,r-l,j-q-x	1
计穷势迫	jì qióng shì pò	72469	s-sh,j-q-x	1
计穷虑尽	jì qióng lǜ jìn	72470	in-ing,n-l,r-l,j-q-x	1
计绌方匮	jì chù fāng kuì	72471	an-ang,c-ch,h-f,j-q-x	3
计行虑义	jì xíng lǜ yì	72472	in-ing,n-l,r-l,j-q-x	1
计行言听	jì xíng yán tīng	72473	in-ing,an-ang,j-q-x	1
计过自讼	jì guò zì sòng	72474	ua-uo,z-zh,s-sh,j-q-x	1
认仇作父	rèn chóu zuò fù	72475	en-eng,ao-ou,ua-uo,z-zh,c-ch,h-f,r-l	1
认奴作郎	rèn nú zuò láng	72476	en-eng,an-ang,ua-uo,z-zh,n-l,r-l	1
认影为头	rèn yǐng wéi tóu	72477	en-eng,in-ing,ai-ei,ao-ou,r-l	1
认影迷头	rèn yǐng mí tóu	72478	en-eng,in-ing,ao-ou,r-l	1
认敌作父	rèn dí zuò fù	72479	en-eng,ua-uo,z-zh,h-f,r-l	1
认知科学	rèn zhī kē xué	72480	en-eng,z-zh,r-l,j-q-x	1
认贼为子	rèn zéi wéi zǐ	72482	en-eng,ai-ei,z-zh,r-l	1
认贼为父	rèn zéi wéi fù	72483	en-eng,ai-ei,z-zh,h-f,r-l	1
讨恶翦暴	tǎo è jiǎn bào	72486	ian-iang,ao-ou,j-q-x	5
讨类知原	tǎo lèi zhī yuán	72487	uan-uang,ai-ei,ao-ou,z-zh,n-l,r-l	1
讪牙闲嗑	shàn yá xián kē	72490	an-ang,ian-iang,s-sh,j-q-x	3
讫情尽意	qì qíng jìn yì	72491	in-ing,j-q-x	3
训练有素	xùn liàn yǒu sù	72492	ian-iang,ao-ou,s-sh,n-l,r-l,j-q-x	1
议不反顾	yì bù fǎn gù	72493	an-ang,h-f	1
议论纷纭	yì lùn fēn yún	72495	en-eng,n-l,h-f,r-l	3
议论纷错	yì lùn fēn cuò	72496	en-eng,ua-uo,c-ch,n-l,h-f,r-l	1
议论英发	yì lùn yīng fā	72497	in-ing,n-l,h-f,r-l	1
议论风发	yì lùn fēng fā	72498	en-eng,n-l,h-f,r-l	1
议论风生	yì lùn fēng shēng	72499	en-eng,s-sh,n-l,h-f,r-l	1
记功忘过	jì gōng wàng guò	72501	an-ang,ua-uo,j-q-x	1
讲信修睦	jiǎng xìn xiū mù	72504	in-ing,ian-iang,j-q-x	1
讲古论今	jiǎng gǔ lùn jīn	72505	in-ing,ian-iang,n-l,r-l,j-q-x	1
讲是说非	jiǎng shì shuō fēi	72506	ian-iang,ai-ei,ua-uo,s-sh,h-f,j-q-x	1
讲经说法	jiǎng jīng shuō fǎ	72507	in-ing,ian-iang,ua-uo,s-sh,h-f,j-q-x	1
讳恶不悛	huì è bù quān	72509	uan-uang,h-f,j-q-x	3
讳树数马	huì shù shù mǎ	72510	s-sh,h-f	1
讳莫高深	huì mò gāo shēn	72511	en-eng,ao-ou,s-sh,h-f	1
讷口少言	nè kǒu shǎo yán	72512	an-ang,ao-ou,s-sh,n-l	3
讷言敏行	nè yán mǐn xíng	72513	in-ing,an-ang,n-l,j-q-x	3
讹以传讹	é yǐ chuán é	72518	uan-uang,c-ch	1
论世知人	lùn shì zhī rén	72519	en-eng,z-zh,s-sh,n-l,r-l	1
论今说古	lùn jīn shuō gǔ	72521	in-ing,ua-uo,s-sh,n-l,r-l,j-q-x	1
论列是非	lùn liè shì fēi	72523	ai-ei,ia-ie,s-sh,n-l,h-f,r-l	1
论功受赏	lùn gōng shòu shǎng	72525	an-ang,ao-ou,s-sh,n-l,r-l	1
论功封赏	lùn gōng fēng shǎng	72526	en-eng,an-ang,s-sh,n-l,h-f,r-l	1
论功行封	lùn gōng xíng fēng	72527	en-eng,in-ing,n-l,h-f,r-l,j-q-x	1
论千论万	lùn qiān lùn wàn	72528	an-ang,ian-iang,n-l,r-l,j-q-x	1
论德使能	lùn dé shǐ néng	72529	en-eng,s-sh,n-l,r-l	1
论心定罪	lùn xīn dìng zuì	72530	in-ing,z-zh,n-l,r-l,j-q-x	1
论甘忌辛	lùn gān jì xīn	72532	in-ing,an-ang,n-l,r-l,j-q-x	1
论短道长	lùn duǎn dào cháng	72533	an-ang,uan-uang,ao-ou,c-ch,n-l,r-l	1
论议风生	lùn yì fēng shēng	72534	en-eng,s-sh,n-l,h-f,r-l	1
论辩风生	lùn biàn fēng shēng	72537	en-eng,ian-iang,s-sh,n-l,h-f,r-l	1
论道经邦	lùn dào jīng bāng	72538	in-ing,an-ang,ao-ou,n-l,r-l,j-q-x	1
论长说短	lùn cháng shuō duǎn	72539	an-ang,uan-uang,ua-uo,c-ch,s-sh,n-l,r-l	1
论长道短	lùn cháng dào duǎn	72540	an-ang,uan-uang,ao-ou,c-ch,n-l,r-l	1
论高寡合	lùn gāo guǎ hé	72542	ao-ou,ua-uo,n-l,h-f,r-l	1
论黄数白	lùn huáng shù bái	72543	uan-uang,ai-ei,s-sh,n-l,h-f,r-l	1
论黄数黑	lùn huáng shǔ hēi	72544	uan-uang,ai-ei,s-sh,n-l,h-f,r-l	1
讽多要寡	fěng duō yào guǎ	72546	en-eng,ao-ou,ua-uo,h-f	1
设心处虑	shè xīn chǔ lǜ	72548	in-ing,c-ch,s-sh,n-l,r-l,j-q-x	1
访亲问友	fǎng qīn wèn yǒu	72549	en-eng,in-ing,an-ang,ao-ou,h-f,j-q-x	1
证据确凿	zhèng jù què záo	72550	en-eng,ao-ou,z-zh,j-q-x	1
证龟成鳖	zhèng guī chéng biē	72552	en-eng,ia-ie,z-zh,c-ch	1
诃佛诋巫	hē fó dǐ wū	72553	h-f	3
评头论脚	píng tóu lùn jiǎo	72555	in-ing,ao-ou,n-l,r-l,j-q-x	1
识变从宜	shí biàn cóng yí	72559	ian-iang,c-ch,s-sh	1
识多才广	shí duō cái guǎng	72560	uan-uang,ai-ei,ua-uo,c-ch,s-sh	1
识字知书	shí zì zhī shū	72562	z-zh,s-sh	1
识微知著	shí wēi zhī zhuó	72563	ai-ei,ua-uo,z-zh,s-sh	1
识微见几	shí wēi jiàn jǐ	72564	ian-iang,ai-ei,s-sh,j-q-x	1
识微见远	shí wēi jiàn yuǎn	72565	ian-iang,uan-uang,ai-ei,s-sh,j-q-x	1
识才尊贤	shí cái zūn xián	72567	ian-iang,ai-ei,z-zh,c-ch,s-sh,j-q-x	1
识文谈字	shí wén tán zì	72568	en-eng,an-ang,z-zh,s-sh	1
识时达务	shí shí dá wù	72569	s-sh	1
识时达变	shí shí dá biàn	72570	ian-iang,s-sh	1
识时通变	shí shí tōng biàn	72571	ian-iang,s-sh	1
识明智审	shí míng zhì shěn	72572	en-eng,in-ing,z-zh,s-sh	1
识涂老马	shí tú lǎo mǎ	72573	ao-ou,s-sh,n-l,r-l	1
识礼知书	shí lǐ zhī shū	72574	z-zh,s-sh,n-l,r-l	1
识途老马	shí tú lǎo mǎ	72578	ao-ou,s-sh,n-l,r-l	1
诈哑佯聋	zhà yǎ yáng lóng	72579	an-ang,z-zh,n-l,r-l	3
诈奸不及	zhà jiān bù jí	72580	ian-iang,z-zh,j-q-x	1
诈痴不颠	zhà chī bù diān	72581	ian-iang,z-zh,c-ch	1
诌上抑下	zhōu shàng yì xià	72583	an-ang,ao-ou,ia-ie,z-zh,s-sh,j-q-x	3
词不逮意	cí bù dài yì	72584	ai-ei,c-ch	1
词不逮理	cí bù dài lǐ	72585	ai-ei,c-ch,n-l,r-l	1
词严义正	cí yán yì zhèng	72586	en-eng,an-ang,z-zh,c-ch	1
词华典赡	cí huá diǎn shàn	72588	an-ang,ian-iang,ua-uo,c-ch,s-sh,h-f	1
词无枝叶	cí wú zhī yè	72591	z-zh,c-ch	1
词正理直	cí zhèng lǐ zhí	72593	en-eng,z-zh,c-ch,n-l,r-l	1
词甚切激	cí shèn qiè jī	72594	en-eng,ia-ie,c-ch,s-sh,j-q-x	1
词穷理尽	cí qióng lǐ jìn	72595	in-ing,c-ch,n-l,r-l,j-q-x	1
词约指明	cí yuē zhǐ míng	72596	in-ing,z-zh,c-ch	1
词言义正	cí yán yì zhèng	72597	en-eng,an-ang,z-zh,c-ch	1
诎寸信尺	qū cùn xìn chǐ	72599	in-ing,c-ch,j-q-x	5
诎要桡腘	qū yào ráo guó	72600	ao-ou,ua-uo,r-l,j-q-x	7
诗中有画	shī zhōng yǒu huà	72604	ao-ou,ua-uo,z-zh,s-sh,h-f	1
诗书发冢	shī shū fà zhǒng	72605	z-zh,s-sh,h-f	3
诗家三昧	shī jiā sān mèi	72606	an-ang,ai-ei,ia-ie,s-sh,j-q-x	1
诗礼之家	shī lǐ zhī jiā	72607	ia-ie,z-zh,s-sh,n-l,r-l,j-q-x	1
诗礼人家	shī lǐ rén jiā	72608	en-eng,ia-ie,s-sh,n-l,r-l,j-q-x	1
诗礼传家	shī lǐ chuán jiā	72609	uan-uang,ia-ie,c-ch,s-sh,n-l,r-l,j-q-x	1
诗酒风流	shī jiǔ fēng liú	72613	en-eng,s-sh,n-l,h-f,r-l,j-q-x	1
诘戎治兵	jié róng zhì bīng	72616	in-ing,ia-ie,z-zh,r-l,j-q-x	3
诘曲聱牙	jié qǔ áo yá	72617	ao-ou,ia-ie,j-q-x	3
诘诎聱牙	jié qū áo yá	72619	ao-ou,ia-ie,j-q-x	7
诚心正意	chéng xīn zhèng yì	72621	en-eng,in-ing,z-zh,c-ch,j-q-x	1
诛尽杀绝	zhū jìn shā jué	72623	in-ing,z-zh,s-sh,j-q-x	3
诛心之论	zhū xīn zhī lùn	72624	in-ing,z-zh,n-l,r-l,j-q-x	3
诛暴讨逆	zhū bào tǎo nì	72625	ao-ou,z-zh,n-l	3
诛求不已	zhū qiú bù yǐ	72626	z-zh,j-q-x	3
诛求无度	zhū qiú wú dù	72627	z-zh,j-q-x	3
话不投机	huà bù tóu jī	72628	ao-ou,ua-uo,h-f,j-q-x	1
话不相投	huà bù xiāng tóu	72629	ian-iang,ao-ou,ua-uo,h-f,j-q-x	1
话不虚传	huà bù xū chuán	72630	uan-uang,ua-uo,c-ch,h-f,j-q-x	1
话中有话	huà zhōng yǒu huà	72631	ao-ou,ua-uo,z-zh,h-f	1
话言话语	huà yán huà yǔ	72632	an-ang,ua-uo,h-f	1
话里带刺	huà lǐ dài cì	72633	ai-ei,ua-uo,c-ch,n-l,h-f,r-l	1
话里有刺	huà lǐ yǒu cì	72634	ao-ou,ua-uo,c-ch,n-l,h-f,r-l	1
话里藏阄	huà lǐ cáng jiū	72635	an-ang,ua-uo,c-ch,n-l,h-f,r-l,j-q-x	3
话长说短	huà cháng shuō duǎn	72636	an-ang,uan-uang,ua-uo,c-ch,s-sh,h-f	1
诞妄不经	dàn wàng bù jīng	72637	in-ing,an-ang,j-q-x	1
诞幻不经	dàn huàn bù jīng	72638	in-ing,an-ang,uan-uang,h-f,j-q-x	1
诞罔不经	dàn wǎng bù jīng	72639	in-ing,an-ang,j-q-x	3
诞谩不经	dàn màn bù jīng	72640	in-ing,an-ang,j-q-x	3
诟如不闻	gòu rú bù wén	72641	en-eng,ao-ou,r-l	3
诟龟呼天	gòu guī hū tiān	72642	ian-iang,ao-ou,h-f	3
诡形奇制	guǐ xíng qí zhì	72643	in-ing,z-zh,j-q-x	1
诡秘莫测	guǐ mì mò cè	72644	c-ch	1
诡言浮说	guǐ yán fú shuō	72645	an-ang,ua-uo,s-sh,h-f	1
诡诞不经	guǐ dàn bù jīng	72646	in-ing,an-ang,j-q-x	1
询根问底	xún gēn wèn dǐ	72648	en-eng,j-q-x	1
询谋佥同	xún móu qiān tóng	72649	ian-iang,ao-ou,j-q-x	3
详情度理	xiáng qíng dù lǐ	72653	in-ing,ian-iang,n-l,r-l,j-q-x	1
详星拜斗	xiáng xīng bài dǒu	72654	in-ing,ian-iang,ai-ei,ao-ou,j-q-x	1
诬良为盗	wū liáng wéi dào	72655	ian-iang,ai-ei,ao-ou,n-l,r-l	1
语不惊人	yǔ bù jīng rén	72656	en-eng,in-ing,r-l,j-q-x	1
语不投机	yǔ bù tóu jī	72657	ao-ou,j-q-x	1
语出月胁	yǔ chū yuè xié	72661	ia-ie,c-ch,j-q-x	1
语四言三	yǔ sì yán sān	72663	an-ang,s-sh	1
语妙天下	yǔ miào tiān xià	72665	ian-iang,ia-ie,j-q-x	1
语妙绝伦	yǔ miào jué lún	72666	n-l,r-l,j-q-x	1
语无诠次	yǔ wú quán cì	72669	uan-uang,c-ch,j-q-x	3
语短情长	yǔ duǎn qíng cháng	72672	in-ing,an-ang,uan-uang,c-ch,j-q-x	1
语笑喧呼	yǔ xiào xuān hū	72673	uan-uang,h-f,j-q-x	1
语笑喧哗	yǔ xiào xuān huá	72674	uan-uang,ua-uo,h-f,j-q-x	1
语笑喧阗	yǔ xiào xuān tián	72675	ian-iang,uan-uang,j-q-x	3
语简意赅	yǔ jiǎn yì gāi	72676	ian-iang,ai-ei,j-q-x	3
语言无味	yǔ yán wú wèi	72680	an-ang,ai-ei	1
语近指远	yǔ jìn zhǐ yuǎn	72681	in-ing,uan-uang,z-zh,j-q-x	1
语近词冗	yǔ jìn cí rǒng	72682	in-ing,c-ch,r-l,j-q-x	1
语重心沉	yǔ zhòng xīn chén	72683	en-eng,in-ing,z-zh,c-ch,j-q-x	1
语重情深	yǔ zhòng qíng shēn	72684	en-eng,in-ing,z-zh,s-sh,j-q-x	1
语长心重	yǔ cháng xīn zhòng	72685	in-ing,an-ang,z-zh,c-ch,j-q-x	1
误作非为	wù zuò fēi wéi	72688	ai-ei,ua-uo,z-zh,h-f	1
误打误撞	wù dǎ wù zhuàng	72690	uan-uang,z-zh	1
诱掖后进	yòu yè hòu jìn	72694	in-ing,ao-ou,h-f,j-q-x	3
诱掖奖劝	yòu yè jiǎng quàn	72695	ian-iang,uan-uang,ao-ou,j-q-x	3
说不出口	shuō bù chū kǒu	72696	ao-ou,ua-uo,c-ch,s-sh	1
说东谈西	shuō dōng tán xī	72698	an-ang,ua-uo,s-sh,j-q-x	1
说亲道热	shuō qīn dào rè	72699	in-ing,ao-ou,ua-uo,s-sh,r-l,j-q-x	1
说今道古	shuō jīn dào gǔ	72700	in-ing,ao-ou,ua-uo,s-sh,j-q-x	1
说千说万	shuō qiān shuō wàn	72701	an-ang,ian-iang,ua-uo,s-sh,j-q-x	1
说千道万	shuō qiān dào wàn	72702	an-ang,ian-iang,ao-ou,ua-uo,s-sh,j-q-x	1
说古谈今	shuō gǔ tán jīn	72703	in-ing,an-ang,ua-uo,s-sh,j-q-x	1
说古道今	shuō gǔ dào jīn	72704	in-ing,ao-ou,ua-uo,s-sh,j-q-x	1
说咸道淡	shuō xián dào dàn	72705	an-ang,ian-iang,ao-ou,ua-uo,s-sh,j-q-x	1
说唱文学	shuō chàng wén xué	72706	en-eng,an-ang,ua-uo,c-ch,s-sh,j-q-x	1
说嘴郎中	shuō zuǐ láng zhōng	72707	an-ang,ua-uo,z-zh,s-sh,n-l,r-l	1
说地谈天	shuō dì tán tiān	72708	an-ang,ian-iang,ua-uo,s-sh	1
说好嫌歹	shuō hǎo xián dǎi	72711	ian-iang,ai-ei,ao-ou,ua-uo,s-sh,h-f,j-q-x	1
说文解字	shuō wén jiě zì	72712	en-eng,ia-ie,ua-uo,z-zh,s-sh,j-q-x	1
说是弄非	shuō shì nòng fēi	72714	ai-ei,ua-uo,s-sh,n-l,h-f	1
说是谈非	shuō shì tán fēi	72715	an-ang,ai-ei,ua-uo,s-sh,h-f	1
说是道非	shuō shì dào fēi	72716	ai-ei,ao-ou,ua-uo,s-sh,h-f	1
说来说去	shuō lái shuō qù	72717	ai-ei,ua-uo,s-sh,n-l,r-l,j-q-x	1
说梅止渴	shuō méi zhǐ kě	72718	ai-ei,ua-uo,z-zh,s-sh	1
说漂亮话	shuō piào liàng huà	72720	ian-iang,ua-uo,s-sh,n-l,h-f,r-l	1
说白道绿	shuō bái dào lǜ	72721	ai-ei,ao-ou,ua-uo,s-sh,n-l,r-l	1
说白道黑	shuō bái dào hēi	72722	ai-ei,ao-ou,ua-uo,s-sh,h-f	1
说短论长	shuō duǎn lùn cháng	72723	an-ang,uan-uang,ua-uo,c-ch,s-sh,n-l,r-l	1
说短道长	shuō duǎn dào cháng	72724	an-ang,uan-uang,ao-ou,ua-uo,c-ch,s-sh	1
说长论短	shuō cháng lùn duǎn	72727	an-ang,uan-uang,ua-uo,c-ch,s-sh,n-l,r-l	1
说长话短	shuō cháng huà duǎn	72728	an-ang,uan-uang,ua-uo,c-ch,s-sh,h-f	1
说长说短	shuō cháng shuō duǎn	72729	an-ang,uan-uang,ua-uo,c-ch,s-sh	1
说黄道黑	shuō huáng dào hēi	72730	uan-uang,ai-ei,ao-ou,ua-uo,s-sh,h-f	1
说黑道白	shuō hēi dào bái	72731	ai-ei,ao-ou,ua-uo,s-sh,h-f	1
请自隗始	qǐng zì wěi shǐ	72732	in-ing,ai-ei,z-zh,s-sh,j-q-x	3
诸亲六眷	zhū qīn liù juàn	72734	in-ing,uan-uang,z-zh,n-l,r-l,j-q-x	1
诸亲好友	zhū qīn hǎo yǒu	72735	in-ing,ao-ou,z-zh,h-f,j-q-x	1
诸恶莫作	zhū è mò zuò	72737	ua-uo,z-zh	1
诸有此类	zhū yǒu cǐ lèi	72738	ai-ei,ao-ou,z-zh,c-ch,n-l,r-l	1
诸若此类	zhū ruò cǐ lèi	72739	ai-ei,ua-uo,z-zh,c-ch,n-l,r-l	1
读不舍手	dú bù shě shǒu	72740	ao-ou,s-sh	1
读书三余	dú shū sān yú	72741	an-ang,s-sh	1
读书三到	dú shū sān dào	72742	an-ang,ao-ou,s-sh	1
读书君子	dú shū jūn zǐ	72743	z-zh,s-sh,j-q-x	1
读书得间	dú shū dé jiàn	72744	ian-iang,s-sh,j-q-x	1
读书种子	dú shū zhǒng zǐ	72745	z-zh,s-sh	1
读书笔记	dú shū bǐ jì	72746	s-sh,j-q-x	1
读者文摘	dú zhě wén zhāi	72750	en-eng,ai-ei,z-zh	1
课嘴撩牙	kè zuǐ liáo yá	72753	z-zh,n-l,r-l	1
课语讹言	kè yǔ é yán	72754	an-ang	1
调三惑四	tiáo sān huò sì	72759	an-ang,ua-uo,s-sh,h-f	1
调三斡四	tiáo sān wò sì	72760	an-ang,s-sh	3
调三窝四	tiáo sān wō sì	72761	an-ang,s-sh	1
调丝品竹	tiáo sī pǐn zhú	72762	in-ing,z-zh,s-sh	1
调停两用	tiáo tíng liǎng yòng	72765	in-ing,ian-iang,n-l,r-l	1
调和阴阳	tiáo hé yīn yáng	72774	in-ing,an-ang,h-f	1
调和鼎鼐	tiáo hé dǐng nài	72775	in-ing,ai-ei,n-l,h-f	3
调唇弄舌	tiáo chún nòng shé	72776	c-ch,s-sh,n-l	1
调嘴学舌	tiáo zuǐ xué shé	72777	z-zh,s-sh,j-q-x	1
调嘴弄舌	tiáo zuǐ nòng shé	72778	z-zh,s-sh,n-l	1
调嘴调舌	tiáo zuǐ diào shé	72779	z-zh,s-sh	1
调墨弄笔	tiáo mò nòng bǐ	72781	n-l	1
调弦品竹	diào xián pǐn zhú	72784	in-ing,ian-iang,z-zh,j-q-x	1
调朱傅粉	tiáo zhū fù fěn	72787	en-eng,z-zh,h-f	1
调朱弄粉	tiáo zhū nòng fěn	72788	en-eng,z-zh,n-l,h-f	1
调查研究	diào chá yán jiū	72789	an-ang,c-ch,j-q-x	1
调查结果	diào chá jié guǒ	72790	ia-ie,ua-uo,c-ch,j-q-x	1
调理阴阳	tiáo lǐ yīn yáng	72794	in-ing,an-ang,n-l,r-l	1
调神畅情	tiáo shén chàng qíng	72795	en-eng,in-ing,an-ang,c-ch,s-sh,j-q-x	1
调脂弄粉	tiáo zhī nòng fěn	72797	en-eng,z-zh,n-l,h-f	1
调舌弄唇	tiáo shé nòng chún	72798	c-ch,s-sh,n-l	1
调良稳泛	tiáo liáng wěn fàn	72799	en-eng,an-ang,ian-iang,n-l,h-f,r-l	1
调词架讼	tiáo cí jià sòng	72801	ia-ie,c-ch,s-sh,j-q-x	1
调风变俗	tiáo fēng biàn sú	72806	en-eng,ian-iang,s-sh,h-f	1
调风弄月	tiáo fēng nòng yuè	72807	en-eng,n-l,h-f	1
谄上傲下	chǎn shàng ào xià	72808	an-ang,ao-ou,ia-ie,c-ch,s-sh,j-q-x	3
谄上抑下	chǎn shàng yì xià	72809	an-ang,ia-ie,c-ch,s-sh,j-q-x	3
谄上欺下	chǎn shàng qī xià	72810	an-ang,ia-ie,c-ch,s-sh,j-q-x	3
谄上骄下	chǎn shàng jiāo xià	72811	an-ang,ia-ie,c-ch,s-sh,j-q-x	3
谄词令色	chǎn cí lìng sè	72812	in-ing,an-ang,c-ch,s-sh,n-l,r-l	3
谆谆不倦	zhūn zhūn bù juàn	72813	uan-uang,z-zh,j-q-x	1
谆谆教导	zhūn zhūn jiào dǎo	72814	ao-ou,z-zh,j-q-x	1
谈不容口	tán bù róng kǒu	72816	an-ang,ao-ou,r-l	1
谈今论古	tán jīn lùn gǔ	72817	in-ing,an-ang,n-l,r-l,j-q-x	1
谈古论今	tán gǔ lùn jīn	72819	in-ing,an-ang,n-l,r-l,j-q-x	1
谈古说今	tán gǔ shuō jīn	72820	in-ing,an-ang,ua-uo,s-sh,j-q-x	1
谈吐生风	tán tǔ shēng fēng	72821	en-eng,an-ang,s-sh,h-f	1
谈吐风生	tán tǔ fēng shēng	72822	en-eng,an-ang,s-sh,h-f	1
谈圆说通	tán yuán shuō tōng	72823	an-ang,uan-uang,ua-uo,s-sh	1
谈天论地	tán tiān lùn dì	72824	an-ang,ian-iang,n-l,r-l	1
谈玄说妙	tán xuán shuō miào	72826	an-ang,uan-uang,ua-uo,s-sh,j-q-x	1
谈空说幻	tán kōng shuō huàn	72827	an-ang,uan-uang,ua-uo,s-sh,h-f	1
谈空说有	tán kōng shuō yǒu	72828	an-ang,ao-ou,ua-uo,s-sh	1
谈笑封侯	tán xiào fēng hóu	72829	en-eng,an-ang,ao-ou,h-f,j-q-x	1
谈若悬河	tán ruò xuán hé	72830	an-ang,uan-uang,ua-uo,h-f,r-l,j-q-x	1
谈言微中	tán yán wēi zhòng	72831	an-ang,ai-ei,z-zh	1
谈议风生	tán yì fēng shēng	72832	en-eng,an-ang,s-sh,h-f	1
谈论风生	tán lùn fēng shēng	72833	en-eng,an-ang,s-sh,n-l,h-f,r-l	1
谈过其实	tán guò qí shí	72834	an-ang,ua-uo,s-sh,j-q-x	1
谊不容辞	yì bù róng cí	72835	c-ch,r-l	1
谊不敢辞	yì bù gǎn cí	72836	an-ang,c-ch	1
谊切苔岑	yì qiè tái cén	72837	en-eng,ai-ei,ia-ie,c-ch,j-q-x	3
谋为不轨	móu wéi bù guǐ	72838	ai-ei,ao-ou	1
谋听计行	móu tīng jì xíng	72839	in-ing,ao-ou,j-q-x	1
谋图不轨	móu tú bù guǐ	72840	ao-ou	1
谋夫孔多	móu fū kǒng duō	72841	ao-ou,ua-uo,h-f	1
谋如涌泉	móu rú yǒng quán	72842	uan-uang,ao-ou,r-l,j-q-x	1
谋臣如雨	móu chén rú yǔ	72843	en-eng,ao-ou,c-ch,r-l	1
谋臣武将	móu chén wǔ jiàng	72844	en-eng,ian-iang,ao-ou,c-ch,j-q-x	1
谋臣猛将	móu chén měng jiāng	72845	en-eng,ian-iang,ao-ou,c-ch,j-q-x	1
谑而不虐	xuè ér bù nüè	72846	n-l,j-q-x	3
谓予不信	wèi yú bù xìn	72847	in-ing,ai-ei,j-q-x	1
谗言佞语	chán yán nìng yǔ	72848	in-ing,an-ang,c-ch,n-l	3
谛分审布	dì fēn shěn bù	72849	en-eng,s-sh,h-f	3
谠言嘉论	dǎng yán jiā lùn	72851	an-ang,ia-ie,n-l,r-l,j-q-x	3
谠论侃侃	dǎng lùn kǎn kǎn	72852	an-ang,n-l,r-l	3
谢兰燕桂	xiè lán yàn guì	72853	an-ang,ia-ie,n-l,r-l,j-q-x	1
谢家宝树	xiè jiā bǎo shù	72854	ao-ou,ia-ie,s-sh,j-q-x	1
谢家活计	xiè jiā huó jì	72855	ia-ie,ua-uo,h-f,j-q-x	1
谨本详始	jǐn běn xiáng shǐ	72861	en-eng,in-ing,ian-iang,s-sh,j-q-x	1
谨行俭用	jǐn xíng jiǎn yòng	72862	in-ing,ian-iang,j-q-x	1
谨言慎行	jǐn yán shèn xíng	72863	en-eng,in-ing,an-ang,s-sh,j-q-x	1
谨谢不敏	jǐn xiè bù mǐn	72864	in-ing,ia-ie,j-q-x	1
谨身节用	jǐn shēn jié yòng	72865	en-eng,in-ing,ia-ie,s-sh,j-q-x	1
谩不经意	màn bù jīng yì	72866	in-ing,an-ang,j-q-x	3
谩天昧地	mán tiān mèi dì	72867	an-ang,ian-iang,ai-ei	3
谩天谩地	màn tiān màn dì	72868	an-ang,ian-iang	3
谩藏诲盗	màn cáng huì dào	72869	an-ang,ao-ou,c-ch,h-f	3
谩辞哗说	màn cí huá shuō	72870	an-ang,ua-uo,c-ch,s-sh,h-f	3
谬妄无稽	miù wàng wú jī	72871	an-ang,j-q-x	1
谬托知己	miù tuō zhī jǐ	72872	ua-uo,z-zh,j-q-x	1
谬种流传	miù zhǒng liú chuán	72874	uan-uang,z-zh,c-ch,n-l,r-l	1
谬采虚声	miù cǎi xū shēng	72876	en-eng,ai-ei,c-ch,s-sh,j-q-x	1
谬采虚誉	miù cǎi xū yù	72877	ai-ei,c-ch,j-q-x	1
谭天说地	tán tiān shuō dì	72878	an-ang,ian-iang,ua-uo,s-sh	1
谭言微中	tán yán wēi zhòng	72879	an-ang,ai-ei,z-zh	1
谮下谩上	zèn xià mán shàng	72880	en-eng,an-ang,ia-ie,z-zh,s-sh,j-q-x	3
谲而不正	jué ér bù zhèng	72882	en-eng,z-zh,j-q-x	3
谷父蚕母	gǔ fù cán mǔ	72884	an-ang,c-ch,h-f	1
豁人耳目	huò rén ěr mù	72885	en-eng,ua-uo,h-f,r-l	1
豁口截舌	huō kǒu jié shé	72888	ao-ou,ia-ie,ua-uo,s-sh,h-f,j-q-x	1
豁然大悟	huò rán dà wù	72890	an-ang,ua-uo,h-f,r-l	1
豁然开悟	huò rán kāi wù	72891	an-ang,ai-ei,ua-uo,h-f,r-l	1
豁然省悟	huò rán xǐng wù	72892	in-ing,an-ang,ua-uo,h-f,r-l,j-q-x	1
豁然确斯	huò rán què sī	72893	an-ang,ua-uo,s-sh,h-f,r-l,j-q-x	1
豁然贯通	huò rán guàn tōng	72894	an-ang,uan-uang,ua-uo,h-f,r-l	1
豁然顿悟	huò rán dùn wù	72895	an-ang,ua-uo,h-f,r-l	1
豁达大度	huò dá dà dù	72896	ua-uo,h-f	1
豆分瓜剖	dòu fēn guā pōu	72897	en-eng,ao-ou,ua-uo,h-f	1
豆剖瓜分	dòu pōu guā fēn	72898	en-eng,ao-ou,ua-uo,h-f	1
豆萁相煎	dòu qí xiāng jiān	72900	ian-iang,ao-ou,j-q-x	3
豆重榆瞑	dòu chóng yú míng	72902	in-ing,ao-ou,c-ch	3
豕交兽畜	shǐ jiāo shòu chù	72903	ao-ou,c-ch,s-sh,j-q-x	3
豕分蛇断	shǐ fēn shé duàn	72904	en-eng,uan-uang,s-sh,h-f	3
豕突狼奔	shǐ tū láng bēn	72905	en-eng,an-ang,s-sh,n-l,r-l	3
豕虎传讹	shǐ hǔ chuán é	72906	uan-uang,c-ch,s-sh,h-f	3
豕食丐衣	shǐ shí gài yī	72907	ai-ei,s-sh	3
豪取智笼	háo qǔ zhì lóng	72908	ao-ou,z-zh,n-l,h-f,r-l,j-q-x	1
豪商巨贾	háo shāng jù gǔ	72909	an-ang,ao-ou,s-sh,h-f,j-q-x	1
豪干暴取	háo gàn bào qǔ	72910	an-ang,ao-ou,h-f,j-q-x	1
豪横跋扈	háo héng bá hù	72912	en-eng,ao-ou,h-f	3
豪迈不群	háo mài bù qún	72913	ai-ei,ao-ou,h-f,j-q-x	1
豹头环眼	bào tóu huán yǎn	72915	an-ang,uan-uang,ao-ou,h-f	1
豺狼当涂	chái láng dāng tú	72916	an-ang,ai-ei,c-ch,n-l,r-l	1
豺狼当路	chái láng dāng lù	72917	an-ang,ai-ei,c-ch,n-l,r-l	1
豺狼当道	chái láng dāng dào	72918	an-ang,ai-ei,ao-ou,c-ch,n-l,r-l	1
豺狼横道	chái láng héng dào	72919	en-eng,an-ang,ai-ei,ao-ou,c-ch,n-l,h-f,r-l	1
貂狗相属	diāo gǒu xiāng shǔ	72920	ian-iang,ao-ou,s-sh,j-q-x	3
貌似强大	mào sì qiáng dà	72923	ian-iang,ao-ou,s-sh,j-q-x	1
貌合形离	mào hé xíng lí	72924	in-ing,ao-ou,n-l,h-f,r-l,j-q-x	1
貌合心离	mào hé xīn lí	72925	in-ing,ao-ou,n-l,h-f,r-l,j-q-x	1
貌合情离	mào hé qíng lí	72926	in-ing,ao-ou,n-l,h-f,r-l,j-q-x	1
貌合行离	mào hé xíng lí	72927	in-ing,ao-ou,n-l,h-f,r-l,j-q-x	1
貌离神合	mào lí shén hé	72928	en-eng,ao-ou,s-sh,n-l,h-f,r-l	1
贝阙珠宫	bèi què zhū gōng	72930	ai-ei,z-zh,j-q-x	3
贞不绝俗	zhēn bù jué sú	72931	en-eng,z-zh,s-sh,j-q-x	1
贞元会合	zhēn yuán huì hé	72932	en-eng,uan-uang,z-zh,h-f	1
贞松劲柏	zhēn sōng jìng bǎi	72934	en-eng,in-ing,ai-ei,z-zh,s-sh,j-q-x	1
贞观之治	zhēn guàn zhī zhì	72936	en-eng,uan-uang,z-zh	1
贞风亮节	zhēn fēng liàng jié	72937	en-eng,ian-iang,ia-ie,z-zh,n-l,h-f,r-l,j-q-x	1
负乘斯夺	fù chéng sī duó	72938	en-eng,ua-uo,c-ch,s-sh,h-f	1
负乘致寇	fù chéng zhì kòu	72939	en-eng,ao-ou,z-zh,c-ch,h-f	1
负任蒙劳	fù rèn méng láo	72940	en-eng,ao-ou,n-l,h-f,r-l	1
负俗之累	fù sú zhī lèi	72941	ai-ei,z-zh,s-sh,n-l,h-f,r-l	1
负债累累	fù zhài lěi lěi	72942	ai-ei,z-zh,n-l,h-f,r-l	1
负固不宾	fù gù bù bīn	72944	in-ing,h-f	1
负固不服	fù gù bù fú	72945	h-f	1
负地矜才	fù dì jīn cái	72946	in-ing,ai-ei,c-ch,h-f,j-q-x	3
负德背义	fù dé bèi yì	72947	ai-ei,h-f	1
负恩背义	fù ēn bèi yì	72948	en-eng,ai-ei,h-f	1
负才任气	fù cái rèn qì	72949	en-eng,ai-ei,c-ch,h-f,r-l,j-q-x	1
负材任气	fù cái rèn qì	72950	en-eng,ai-ei,c-ch,h-f,r-l,j-q-x	1
负材矜地	fù cái jīn dì	72951	in-ing,ai-ei,c-ch,h-f,j-q-x	3
负气斗狠	fù qì dǒu hěn	72952	en-eng,ao-ou,h-f,j-q-x	1
负石赴河	fù shí fù hé	72954	s-sh,h-f	1
负老提幼	fù lǎo tí yòu	72956	ao-ou,n-l,h-f,r-l	1
负衡据鼎	fù héng jù dǐng	72957	en-eng,in-ing,h-f,j-q-x	1
负重吞污	fù zhòng tūn wū	72958	z-zh,h-f	1
负重含污	fù zhòng hán wū	72959	an-ang,z-zh,h-f	1
负重涉远	fù zhòng shè yuǎn	72960	uan-uang,z-zh,s-sh,h-f	1
负重致远	fù zhòng zhì yuǎn	72961	uan-uang,z-zh,h-f	1
负阻不宾	fù zǔ bù bīn	72962	in-ing,z-zh,h-f	1
负险不宾	fù xiǎn bù bīn	72963	in-ing,ian-iang,h-f,j-q-x	1
负险不臣	fù xiǎn bù chén	72964	en-eng,ian-iang,c-ch,h-f,j-q-x	1
贡禹弹冠	gòng yǔ tán guān	72965	an-ang,uan-uang	1
财不露白	cái bù lù bái	72966	ai-ei,c-ch,n-l,r-l	1
财匮力绌	cái kuì lì chù	72967	ai-ei,c-ch,n-l,r-l	3
财政寡头	cái zhèng guǎ tóu	72968	en-eng,ai-ei,ao-ou,ua-uo,z-zh,c-ch	1
财殚力尽	cái dān lì jìn	72969	in-ing,an-ang,ai-ei,c-ch,n-l,r-l,j-q-x	3
财竭力尽	cái jié lì jìn	72970	in-ing,ai-ei,ia-ie,c-ch,n-l,r-l,j-q-x	1
财运亨通	cái yùn hēng tōng	72971	en-eng,ai-ei,c-ch,h-f	3
责有所归	zé yǒu suǒ guī	72973	ao-ou,ua-uo,z-zh,s-sh	1
责有攸归	zé yǒu yōu guī	72974	ao-ou,z-zh	3
贤母良妻	xián mǔ liáng qī	72976	ian-iang,n-l,r-l,j-q-x	1
贤良方正	xián liáng fāng zhèng	72977	en-eng,an-ang,ian-iang,z-zh,n-l,h-f,r-l,j-q-x	1
贤身贵体	xián shēn guì tǐ	72978	en-eng,ian-iang,s-sh,j-q-x	1
败不旋踵	bài bù xuán zhǒng	72979	uan-uang,ai-ei,z-zh,j-q-x	3
败俗伤化	bài sú shāng huà	72980	an-ang,ai-ei,ua-uo,s-sh,h-f	1
败俗伤风	bài sú shāng fēng	72981	en-eng,an-ang,ai-ei,s-sh,h-f	1
败兴而归	bài xìng ér guī	72982	in-ing,ai-ei,j-q-x	1
败军之将	bài jūn zhī jiàng	72983	ian-iang,ai-ei,z-zh,j-q-x	1
败则为贼	bài zé wéi zéi	72984	ai-ei,z-zh	1
败化伤风	bài huà shāng fēng	72985	en-eng,an-ang,ai-ei,ua-uo,s-sh,h-f	1
败国丧家	bài guó sàng jiā	72986	an-ang,ai-ei,ia-ie,ua-uo,s-sh,j-q-x	1
败国亡家	bài guó wáng jiā	72987	an-ang,ai-ei,ia-ie,ua-uo,j-q-x	1
败将残兵	bài jiàng cán bīng	72988	in-ing,an-ang,ian-iang,ai-ei,c-ch,j-q-x	1
败德辱行	bài dé rǔ xíng	72989	in-ing,ai-ei,r-l,j-q-x	1
败法乱纪	bài fǎ luàn jì	72990	uan-uang,ai-ei,n-l,h-f,r-l,j-q-x	1
败绩失据	bài jì shī jù	72991	ai-ei,s-sh,j-q-x	1
货而不售	huò ér bù shòu	72996	ao-ou,ua-uo,s-sh,h-f	1
货贿公行	huò huì gōng xíng	72997	in-ing,ua-uo,h-f,j-q-x	1
货赂公行	huò lù gōng xíng	72998	in-ing,ua-uo,n-l,h-f,r-l,j-q-x	1
货赂大行	huò lù dà xíng	72999	in-ing,ua-uo,n-l,h-f,r-l,j-q-x	1
质伛影曲	zhì yǔ yǐng qū	73000	in-ing,z-zh,j-q-x	3
质疑辨惑	zhì yí biàn huò	73005	ian-iang,ua-uo,z-zh,h-f	1
质疑问难	zhì yí wèn nàn	73006	en-eng,an-ang,z-zh,n-l	1
质而不俚	zhì ér bù lǐ	73008	z-zh,n-l,r-l	3
质而不野	zhì ér bù yě	73009	z-zh	1
贩夫俗子	fàn fū sú zǐ	73011	an-ang,z-zh,s-sh,h-f	1
贩夫皂隶	fàn fū zào lì	73012	an-ang,ao-ou,z-zh,n-l,h-f,r-l	1
贩夫贩妇	fàn fū fàn fù	73013	an-ang,h-f	1
贩夫走卒	fàn fū zǒu zú	73014	an-ang,ao-ou,z-zh,h-f	1
贩夫驺卒	fàn fū zōu zú	73015	an-ang,ao-ou,z-zh,h-f	5
贪墨成风	tān mò chéng fēng	73017	en-eng,an-ang,c-ch,h-f	1
贪多务得	tān duō wù dé	73018	an-ang,ua-uo	1
贪夫徇财	tān fū xùn cái	73019	an-ang,ai-ei,c-ch,h-f,j-q-x	3
贪夫殉利	tān fū xùn lì	73020	an-ang,n-l,h-f,r-l,j-q-x	1
贪心不足	tān xīn bù zú	73021	in-ing,an-ang,z-zh,j-q-x	1
贪污狼藉	tān wū láng jí	73022	an-ang,n-l,r-l,j-q-x	1
贪生恶死	tān shēng wù sǐ	73024	en-eng,an-ang,s-sh	1
贪而无信	tān ér wú xìn	73025	in-ing,an-ang,j-q-x	1
贪蛇忘尾	tān shé wàng wěi	73026	an-ang,ai-ei,s-sh	1
贪财好色	tān cái hào sè	73027	an-ang,ai-ei,ao-ou,c-ch,s-sh,h-f	1
贪赃坏法	tān zāng huài fǎ	73028	an-ang,z-zh,h-f	1
贫不学俭	pín bù xué jiǎn	73030	in-ing,ian-iang,j-q-x	1
贫嘴恶舌	pín zuǐ è shé	73032	in-ing,z-zh,s-sh	1
贫嘴薄舌	pín zuǐ bó shé	73033	in-ing,z-zh,s-sh	1
贫困潦倒	pín kùn liáo dǎo	73034	in-ing,ao-ou,n-l,r-l	3
贫富差距	pín fù chā jù	73035	in-ing,c-ch,h-f,j-q-x	1
贫而乐道	pín ér lè dào	73036	in-ing,ao-ou,n-l,r-l	1
贫贱不移	pín jiàn bù yí	73037	in-ing,ian-iang,j-q-x	1
贫贱之知	pín jiàn zhī zhī	73038	in-ing,ian-iang,z-zh,j-q-x	1
购销差价	gòu xiāo chā jià	73040	ao-ou,ia-ie,c-ch,j-q-x	1
贯斗双龙	guàn dòu shuāng lóng	73041	uan-uang,ao-ou,s-sh,n-l,r-l	1
贯朽粟红	guàn xiǔ sù hóng	73042	uan-uang,s-sh,h-f,j-q-x	1
贯盈恶稔	guàn yíng è rěn	73043	en-eng,in-ing,uan-uang,r-l	3
贯穿融会	guàn chuān róng huì	73044	uan-uang,c-ch,h-f,r-l	1
贯通融会	guàn tōng róng huì	73045	uan-uang,h-f,r-l	1
贱敛贵发	jiàn liǎn guì fā	73047	ian-iang,n-l,h-f,r-l,j-q-x	1
贵不召骄	guì bù zhào jiāo	73053	ao-ou,z-zh,j-q-x	1
贵不可言	guì bù kě yán	73054	an-ang	1
贵不期骄	guì bù qī jiāo	73055	j-q-x	1
贵在知心	guì zài zhī xīn	73056	in-ing,ai-ei,z-zh,j-q-x	1
贵少贱老	guì shǎo jiàn lǎo	73059	ian-iang,ao-ou,s-sh,n-l,r-l,j-q-x	1
贵贱无二	guì jiàn wú èr	73060	ian-iang,j-q-x	1
贵远贱近	guì yuǎn jiàn jìn	73061	in-ing,ian-iang,uan-uang,j-q-x	1
贵远鄙近	guì yuǎn bǐ jìn	73062	in-ing,uan-uang,j-q-x	1
贸易逆差	mào yì nì chā	73063	ao-ou,c-ch,n-l	1
贸易顺差	mào yì shùn chā	73064	ao-ou,c-ch,s-sh	1
贸首之仇	mào shǒu zhī chóu	73066	ao-ou,z-zh,c-ch,s-sh	1
贻厥孙谋	yí jué sūn móu	73068	ao-ou,s-sh,j-q-x	3
贻臭万年	yí chòu wàn nián	73070	an-ang,ian-iang,ao-ou,c-ch,n-l	1
贼头狗脑	zéi tóu gǒu nǎo	73071	ai-ei,ao-ou,z-zh,n-l	1
贼头鬼脑	zéi tóu guǐ nǎo	73072	ai-ei,ao-ou,z-zh,n-l	1
贼头鼠脑	zéi tóu shǔ nǎo	73073	ai-ei,ao-ou,z-zh,s-sh,n-l	1
贼心不死	zéi xīn bù sǐ	73074	in-ing,ai-ei,z-zh,s-sh,j-q-x	1
贿货公行	huì huò gōng xíng	73090	in-ing,ua-uo,h-f,j-q-x	1
贿赂公行	huì lù gōng xíng	73091	in-ing,n-l,h-f,r-l,j-q-x	1
贿赂并行	huì lù bìng xíng	73092	in-ing,n-l,h-f,r-l,j-q-x	1
赁耳佣目	lìn ěr yōng mù	73093	in-ing,n-l,r-l	1
赃污狼藉	zāng wū láng jí	73094	an-ang,z-zh,n-l,r-l,j-q-x	1
赃盈恶贯	zāng yíng è guàn	73095	in-ing,an-ang,uan-uang,z-zh	1
赃私狼藉	zāng sī láng jí	73096	an-ang,z-zh,s-sh,n-l,r-l,j-q-x	1
赃秽狼藉	zāng huì láng jí	73097	an-ang,z-zh,n-l,h-f,r-l,j-q-x	1
赃货狼藉	zāng huò láng jí	73098	an-ang,ua-uo,z-zh,n-l,h-f,r-l,j-q-x	1
赃贿狼藉	zāng huì láng jí	73099	an-ang,z-zh,n-l,h-f,r-l,j-q-x	1
资本市场	zī běn shì chǎng	73100	en-eng,an-ang,z-zh,c-ch,s-sh	1
资深望重	zī shēn wàng zhòng	73102	en-eng,an-ang,z-zh,s-sh	1
赌咒发誓	dǔ zhòu fā shì	73104	ao-ou,z-zh,s-sh,h-f	1
赌神发咒	dǔ shén fā zhòu	73105	en-eng,ao-ou,z-zh,s-sh,h-f	1
赌誓发原	dǔ shì fā yuán	73106	uan-uang,s-sh,h-f	1
赌誓发愿	dǔ shì fā yuàn	73107	uan-uang,s-sh,h-f	1
赌长较短	dǔ cháng jiào duǎn	73108	an-ang,uan-uang,c-ch,j-q-x	1
赍志以没	jī zhì yǐ méi	73110	ai-ei,z-zh,j-q-x	3
赍志而没	jī zhì ér mò	73111	z-zh,j-q-x	3
赍粮藉寇	jī liáng jiè kòu	73112	ian-iang,ao-ou,ia-ie,n-l,r-l,j-q-x	3
赏不当功	shǎng bù dāng gōng	73113	an-ang,s-sh	1
赏不逾日	shǎng bù yú rì	73114	an-ang,s-sh,r-l	1
赏不逾时	shǎng bù yú shí	73115	an-ang,s-sh	1
赏信罚必	shǎng xìn fá bì	73116	in-ing,an-ang,s-sh,h-f,j-q-x	1
赏信罚明	shǎng xìn fá míng	73117	in-ing,an-ang,s-sh,h-f,j-q-x	1
赏同罚异	shǎng tóng fá yì	73118	an-ang,s-sh,h-f	1
赏善罚否	shǎng shàn fá fǒu	73119	an-ang,ao-ou,s-sh,h-f	1
赏善罚恶	shǎng shàn fá è	73120	an-ang,s-sh,h-f	1
赏奇析疑	shǎng qí xī yí	73121	an-ang,s-sh,j-q-x	1
赏心乐事	shǎng xīn lè shì	73122	in-ing,an-ang,s-sh,n-l,r-l,j-q-x	1
赏罚不明	shǎng fá bù míng	73123	in-ing,an-ang,s-sh,h-f	1
赏罚信明	shǎng fá xìn míng	73124	in-ing,an-ang,s-sh,h-f,j-q-x	1
赏贤使能	shǎng xián shǐ néng	73125	en-eng,an-ang,ian-iang,s-sh,n-l,j-q-x	1
赏贤罚暴	shǎng xián fá bào	73126	an-ang,ian-iang,ao-ou,s-sh,h-f,j-q-x	1
赖有此耳	lài yǒu cǐ ěr	73129	ai-ei,ao-ou,c-ch,n-l,r-l	1
赘食太仓	zhuì shí tài cāng	73130	an-ang,ai-ei,z-zh,c-ch,s-sh	1
赞口不绝	zàn kǒu bù jué	73136	an-ang,ao-ou,z-zh,j-q-x	1
赞叹不已	zàn tàn bù yǐ	73137	an-ang,z-zh	1
赞声不绝	zàn shēng bù jué	73138	en-eng,an-ang,z-zh,s-sh,j-q-x	1
赢奸卖俏	yíng jiān mài qiào	73141	in-ing,ian-iang,ai-ei,j-q-x	1
赤县神州	chì xiàn shén zhōu	73142	en-eng,ian-iang,ao-ou,z-zh,c-ch,s-sh,j-q-x	1
赤口毒舌	chì kǒu dú shé	73143	ao-ou,c-ch,s-sh	1
赤心相待	chì xīn xiāng dài	73146	in-ing,ian-iang,ai-ei,c-ch,j-q-x	1
赤绳系足	chì shéng jì zú	73148	en-eng,z-zh,c-ch,s-sh,j-q-x	1
赤诚相待	chì chéng xiāng dài	73150	en-eng,ian-iang,ai-ei,c-ch,j-q-x	1
赤贫如洗	chì pín rú xǐ	73151	in-ing,c-ch,r-l,j-q-x	1
赤身露体	chì shēn lù tǐ	73152	en-eng,c-ch,s-sh,n-l,r-l	1
赦过宥罪	shè guò yòu zuì	73153	ao-ou,ua-uo,z-zh,s-sh	3
赧颜汗下	nǎn yán hàn xià	73154	an-ang,ia-ie,n-l,h-f,j-q-x	3
赭衣塞路	zhě yī sè lù	73156	z-zh,s-sh,n-l,r-l	3
走为上着	zǒu wéi shàng zhāo	73157	an-ang,ai-ei,ao-ou,z-zh,s-sh	1
走为上策	zǒu wéi shàng cè	73158	an-ang,ai-ei,ao-ou,z-zh,c-ch,s-sh	1
走为上计	zǒu wéi shàng jì	73159	an-ang,ai-ei,ao-ou,z-zh,s-sh,j-q-x	1
走伏无地	zǒu fú wú dì	73160	ao-ou,z-zh,h-f	1
走头无路	zǒu tóu wú lù	73163	ao-ou,z-zh,n-l,r-l	1
走投没路	zǒu tóu méi lù	73166	ai-ei,ao-ou,z-zh,n-l,r-l	1
走石飞沙	zǒu shí fēi shā	73167	ai-ei,ao-ou,z-zh,s-sh,h-f	1
走花溜冰	zǒu huā liū bīng	73168	in-ing,ao-ou,ua-uo,z-zh,n-l,h-f,r-l	1
走花溜水	zǒu huā liū shuǐ	73169	ao-ou,ua-uo,z-zh,s-sh,n-l,h-f,r-l	1
走马到任	zǒu mǎ dào rèn	73171	en-eng,ao-ou,z-zh,r-l	1
走马章台	zǒu mǎ zhāng tái	73172	an-ang,ai-ei,ao-ou,z-zh	1
走马赴任	zǒu mǎ fù rèn	73173	en-eng,ao-ou,z-zh,h-f,r-l	1
赳赳武夫	jiū jiū wǔ fū	73174	h-f,j-q-x	3
起偃为竖	qǐ yǎn wéi shù	73181	an-ang,ai-ei,s-sh,j-q-x	3
起根发由	qǐ gēn fā yóu	73182	en-eng,ao-ou,h-f,j-q-x	1
趁势落篷	chèn shì luò péng	73186	en-eng,ua-uo,c-ch,s-sh,n-l,r-l	1
趁哄打劫	chèn hōng dǎ jié	73187	en-eng,ia-ie,c-ch,h-f,j-q-x	1
趁水和泥	chèn shuǐ huò ní	73188	en-eng,ua-uo,c-ch,s-sh,n-l,h-f	1
趁火抢劫	chèn huǒ qiǎng jié	73189	en-eng,ian-iang,ia-ie,ua-uo,c-ch,h-f,j-q-x	1
趁风使柁	chèn fēng shǐ duò	73190	en-eng,ua-uo,c-ch,s-sh,h-f	3
超今冠古	chāo jīn guàn gǔ	73191	in-ing,uan-uang,ao-ou,c-ch,j-q-x	1
超凡人圣	chāo fán rén shèng	73192	en-eng,an-ang,ao-ou,c-ch,s-sh,h-f,r-l	1
超度众生	chāo dù zhòng shēng	73196	en-eng,ao-ou,z-zh,c-ch,s-sh	1
超期服役	chāo qī fú yì	73197	ao-ou,c-ch,h-f,j-q-x	1
超然不群	chāo rán bù qún	73198	an-ang,ao-ou,c-ch,r-l,j-q-x	1
超然独处	chāo rán dú chǔ	73199	an-ang,ao-ou,c-ch,r-l	1
超然自得	chāo rán zì dé	73200	an-ang,ao-ou,z-zh,c-ch,r-l	1
超然远举	chāo rán yuǎn jǔ	73201	an-ang,uan-uang,ao-ou,c-ch,r-l,j-q-x	1
超然远引	chāo rán yuǎn yǐn	73202	in-ing,an-ang,uan-uang,ao-ou,c-ch,r-l	1
超级大国	chāo jí dà guó	73203	ao-ou,ua-uo,c-ch,j-q-x	1
超级市场	chāo jí shì chǎng	73204	an-ang,ao-ou,c-ch,s-sh,j-q-x	1
超超玄著	chāo chāo xuán zhù	73205	uan-uang,ao-ou,z-zh,c-ch,j-q-x	1
越鸟南栖	yuè niǎo nán qī	73208	an-ang,n-l,j-q-x	1
趋之若骛	qū zhī ruò wù	73209	ua-uo,z-zh,r-l,j-q-x	3
趋时奉势	qū shí fèng shì	73212	en-eng,s-sh,h-f,j-q-x	1
趋时附势	qū shí fù shì	73213	s-sh,h-f,j-q-x	1
趋权附势	qū quán fù shì	73214	uan-uang,s-sh,h-f,j-q-x	1
趋炎附热	qū yán fù rè	73215	an-ang,h-f,r-l,j-q-x	1
趑趄不前	zī jū bù qián	73217	ian-iang,z-zh,j-q-x	3
足不出门	zú bù chū mén	73222	en-eng,z-zh,c-ch	1
足不履影	zú bù lǚ yǐng	73223	in-ing,z-zh,n-l,r-l	1
足不窥户	zú bù kuī hù	73224	z-zh,h-f	1
足不逾户	zú bù yú hù	73225	z-zh,h-f	1
足兵足食	zú bīng zú shí	73226	in-ing,z-zh,s-sh	1
足尺加二	zú chǐ jiā èr	73227	ia-ie,z-zh,c-ch,j-q-x	1
足衣足食	zú yī zú shí	73229	z-zh,s-sh	1
足足有余	zú zú yǒu yú	73230	ao-ou,z-zh	1
足踏实地	zú tà shí dì	73231	z-zh,s-sh	1
足音空谷	zú yīn kōng gǔ	73232	in-ing,z-zh	1
足食丰衣	zú shí fēng yī	73233	en-eng,z-zh,s-sh,h-f	1
足食足兵	zú shí zú bīng	73234	in-ing,z-zh,s-sh	1
足高气强	zú gāo qì qiáng	73235	ian-iang,ao-ou,z-zh,j-q-x	1
趾踵相接	zhǐ zhǒng xiāng jiē	73237	ian-iang,ia-ie,z-zh,j-q-x	3
趾踵相错	zhǐ zhǒng xiāng cuò	73238	ian-iang,ua-uo,z-zh,c-ch,j-q-x	3
趿拉着鞋	tā la zhe xié	73239	ia-ie,z-zh,n-l,r-l,j-q-x	3
跋前疐后	bá qián zhì hòu	73240	ian-iang,ao-ou,z-zh,h-f,j-q-x	5
跋扈恣睢	bá hù zì suī	73241	z-zh,s-sh,h-f	3
跋胡疐尾	bá hú zhì wěi	73242	ai-ei,z-zh,h-f	5
跌宕不羁	dié dàng bù jī	73243	an-ang,ia-ie,j-q-x	3
跌宕风流	diē dàng fēng liú	73244	en-eng,an-ang,ia-ie,n-l,h-f,r-l	3
跌弹斑鸠	diē dàn bān jiū	73245	an-ang,ia-ie,j-q-x	3
跌打损伤	diē dǎ sǔn shāng	73246	an-ang,ia-ie,s-sh	1
跌荡不拘	diē dàng bù jū	73247	an-ang,ia-ie,j-q-x	1
跌荡不羁	diē dàng bù jī	73248	an-ang,ia-ie,j-q-x	3
跌荡风流	diē dàng fēng liú	73249	en-eng,an-ang,ia-ie,n-l,h-f,r-l	1
跐着门槛	cǐ zhe mén kǎn	73250	en-eng,an-ang,z-zh,c-ch	3
跑跑跳跳	pǎo pǎo tiào tiào	73257	ao-ou	1
跑马卖解	pǎo mǎ mài xiè	73258	ai-ei,ao-ou,ia-ie,j-q-x	1
跑马观花	pǎo mǎ guān huā	73260	uan-uang,ao-ou,ua-uo,h-f	1
跛行千里	bǒ xíng qiān lǐ	73262	in-ing,ian-iang,n-l,r-l,j-q-x	1
跣足科头	xiǎn zú kē tóu	73265	ian-iang,ao-ou,z-zh,j-q-x	3
跨凤乘鸾	kuà fèng chéng luán	73266	en-eng,uan-uang,ua-uo,c-ch,n-l,h-f,r-l	3
跨凤乘龙	kuà fèng chéng lóng	73267	en-eng,ua-uo,c-ch,n-l,h-f,r-l	1
跨山压海	kuà shān yā hǎi	73268	an-ang,ai-ei,ua-uo,s-sh,h-f	1
路人皆知	lù rén jiē zhī	73270	en-eng,ia-ie,z-zh,n-l,r-l,j-q-x	1
路无拾遗	lù wú shí yí	73273	s-sh,n-l,r-l	1
路见不平	lù jiàn bù píng	73275	in-ing,ian-iang,n-l,r-l,j-q-x	1
路远迢迢	lù yuǎn tiáo tiáo	73276	uan-uang,n-l,r-l	1
跳丸日月	tiào wán rì yuè	73277	an-ang,r-l	1
跳梁小丑	tiào liáng xiǎo chǒu	73283	ian-iang,ao-ou,c-ch,n-l,r-l,j-q-x	1
践土食毛	jiàn tǔ shí máo	73297	ian-iang,ao-ou,s-sh,j-q-x	1
践规踏矩	jiàn guī tà jǔ	73298	ian-iang,j-q-x	1
跷足而待	qiāo zú ér dài	73299	ai-ei,z-zh,j-q-x	1
踉踉跄跄	liàng liàng qiàng qiàng	73300	ian-iang,n-l,r-l,j-q-x	2
踌躇不决	chóu chú bù jué	73301	ao-ou,c-ch,j-q-x	3
踔厉奋发	chuō lì fèn fā	73303	en-eng,ua-uo,c-ch,n-l,h-f,r-l	3
踔厉风发	chuō lì fēng fā	73304	en-eng,ua-uo,c-ch,n-l,h-f,r-l	3
踔厉骏发	chuō lì jùn fā	73305	ua-uo,c-ch,n-l,h-f,r-l,j-q-x	3
踔绝之能	chuō jué zhī néng	73306	en-eng,ua-uo,z-zh,c-ch,n-l,j-q-x	3
踞炉炭上	jù lú tàn shàng	73307	an-ang,s-sh,n-l,r-l,j-q-x	3
踟蹰不前	chí chú bù qián	73308	ian-iang,c-ch,j-q-x	3
踢天弄井	tī tiān nòng jǐng	73309	in-ing,ian-iang,n-l,j-q-x	1
踣地呼天	bó dì hū tiān	73311	ian-iang,h-f	5
踵事增华	zhǒng shì zēng huá	73312	en-eng,ua-uo,z-zh,s-sh,h-f	3
踵决肘见	zhǒng jué zhǒu jiàn	73313	ian-iang,ao-ou,z-zh,j-q-x	3
踵接肩摩	zhǒng jiē jiān mó	73314	ian-iang,ia-ie,z-zh,j-q-x	3
踵武相接	zhǒng wǔ xiāng jiē	73315	ian-iang,ia-ie,z-zh,j-q-x	3
踵足相接	zhǒng zú xiāng jiē	73316	ian-iang,ia-ie,z-zh,j-q-x	3
踵趾相接	zhǒng zhǐ xiāng jiē	73317	ian-iang,ia-ie,z-zh,j-q-x	3
踵迹相接	zhǒng jì xiāng jiē	73318	ian-iang,ia-ie,z-zh,j-q-x	3
踽踽凉凉	jǔ jǔ liáng liáng	73320	ian-iang,n-l,r-l,j-q-x	3
踽踽独行	jǔ jǔ dú xíng	73321	in-ing,j-q-x	3
蹀躞不下	dié xiè bù xià	73322	ia-ie,j-q-x	3
蹄间三寻	tí jiān sān xún	73323	an-ang,ian-iang,s-sh,j-q-x	1
蹇人上天	jiǎn rén shàng tiān	73324	en-eng,an-ang,ian-iang,s-sh,r-l,j-q-x	3
蹈其覆辙	dǎo qí fù zhé	73325	ao-ou,z-zh,h-f,j-q-x	1
蹈刃不旋	dǎo rèn bù xuán	73326	en-eng,uan-uang,ao-ou,r-l,j-q-x	1
蹈厉奋发	dǎo lì fèn fā	73327	en-eng,ao-ou,n-l,h-f,r-l	1
蹈汤赴火	dǎo tāng fù huǒ	73328	an-ang,ao-ou,ua-uo,h-f	1
蹈火探汤	dǎo huǒ tàn tāng	73329	an-ang,ao-ou,ua-uo,h-f	1
蹈火赴汤	dǎo huǒ fù tāng	73330	an-ang,ao-ou,ua-uo,h-f	1
蹈节死义	dǎo jié sǐ yì	73331	ao-ou,ia-ie,s-sh,j-q-x	1
蹈赴汤火	dǎo fù tāng huǒ	73332	an-ang,ao-ou,ua-uo,h-f	1
蹈锋饮血	dǎo fēng yǐn xuè	73333	en-eng,in-ing,ao-ou,h-f,j-q-x	1
蹐地局天	jí dì jú tiān	73334	ian-iang,j-q-x	5
蹑影藏形	niè yǐng cáng xíng	73335	in-ing,an-ang,ia-ie,c-ch,n-l,j-q-x	3
蹑影追风	niè yǐng zhuī fēng	73336	en-eng,in-ing,ia-ie,z-zh,n-l,h-f	3
蹑足其间	niè zú qí jiān	73337	ian-iang,ia-ie,z-zh,n-l,j-q-x	3
蹙金结绣	cù jīn jié xiù	73338	in-ing,ia-ie,c-ch,j-q-x	3
蹦蹦跳跳	bèng bèng tiào tiào	73340	en-eng	1
躁言丑句	zào yán chǒu jù	73342	an-ang,ao-ou,z-zh,c-ch,j-q-x	1
身不由主	shēn bù yóu zhǔ	73343	en-eng,ao-ou,z-zh,s-sh	1
身不遇时	shēn bù yù shí	73344	en-eng,s-sh	1
身体发肤	shēn tǐ fà fū	73345	en-eng,s-sh,h-f	1
身做身当	shēn zuò shēn dāng	73346	en-eng,an-ang,ua-uo,z-zh,s-sh	1
身先朝露	shēn xiān zhāo lù	73347	en-eng,ian-iang,ao-ou,z-zh,s-sh,n-l,r-l,j-q-x	1
身兼数职	shēn jiān shù zhí	73348	en-eng,ian-iang,z-zh,s-sh,j-q-x	1
身单力薄	shēn dān lì bó	73351	en-eng,an-ang,s-sh,n-l,r-l	1
身历其境	shēn lì qí jìng	73352	en-eng,in-ing,s-sh,n-l,r-l,j-q-x	1
身后萧条	shēn hòu xiāo tiáo	73353	en-eng,ao-ou,s-sh,h-f,j-q-x	1
身处险境	shēn chǔ xiǎn jìng	73354	en-eng,in-ing,ian-iang,c-ch,s-sh,j-q-x	1
身废名裂	shēn fèi míng liè	73357	en-eng,in-ing,ai-ei,ia-ie,s-sh,n-l,h-f,r-l	1
身当其境	shēn dāng qí jìng	73358	en-eng,in-ing,an-ang,s-sh,j-q-x	1
身当矢石	shēn dāng shǐ shí	73359	en-eng,an-ang,s-sh	1
身微力薄	shēn wēi lì báo	73360	en-eng,ai-ei,ao-ou,s-sh,n-l,r-l	1
身无择行	shēn wú zé xíng	73361	en-eng,in-ing,z-zh,s-sh,j-q-x	1
身无长处	shēn wú cháng chù	73362	en-eng,an-ang,c-ch,s-sh	1
身无长物	shēn wú cháng wù	73363	en-eng,an-ang,c-ch,s-sh	1
身败名隳	shēn bài míng huī	73365	en-eng,in-ing,ai-ei,s-sh,h-f	3
身远心近	shēn yuǎn xīn jìn	73366	en-eng,in-ing,uan-uang,s-sh,j-q-x	1
身非木石	shēn fēi mù shí	73367	en-eng,ai-ei,s-sh,h-f	1
身首异地	shēn shǒu yì dì	73368	en-eng,ao-ou,s-sh	1
躬体力行	gōng tǐ lì xíng	73369	in-ing,n-l,r-l,j-q-x	1
躬先士卒	gōng xiān shì zú	73370	ian-iang,z-zh,s-sh,j-q-x	1
躬冒矢石	gōng mào shǐ shí	73371	ao-ou,s-sh	1
躬耕乐道	gōng gēng lè dào	73372	en-eng,ao-ou,n-l,r-l	1
躬自菲薄	gōng zì fěi bó	73373	ai-ei,z-zh,h-f	1
躬行实践	gōng xíng shí jiàn	73374	in-ing,ian-iang,s-sh,j-q-x	1
躬行节俭	gōng xíng jié jiǎn	73375	in-ing,ian-iang,ia-ie,j-q-x	1
躬蹈矢石	gōng dǎo shǐ shí	73376	ao-ou,s-sh	1
躬逢其盛	gōng féng qí shèng	73377	en-eng,s-sh,h-f,j-q-x	1
车击舟连	chē jī zhōu lián	73381	ian-iang,ao-ou,z-zh,c-ch,n-l,r-l,j-q-x	1
车在马前	chē zài mǎ qián	73385	ian-iang,ai-ei,z-zh,c-ch,j-q-x	1
车填马隘	chē tián mǎ ài	73386	ian-iang,ai-ei,c-ch	1
车尘马足	chē chén mǎ zú	73388	en-eng,z-zh,c-ch	1
车尘马迹	chē chén mǎ jì	73389	en-eng,c-ch,j-q-x	1
车怠马烦	chē dài mǎ fán	73392	an-ang,ai-ei,c-ch,h-f	1
车无退表	chē wú tuì biǎo	73394	c-ch	1
车殆马烦	chē dài mǎ fán	73395	an-ang,ai-ei,c-ch,h-f	3
车烦马毙	chē fán mǎ bì	73396	an-ang,c-ch,h-f	1
车笠之盟	chē lì zhī méng	73400	en-eng,z-zh,c-ch,n-l,r-l	3
车载船装	chē zǎi chuán zhuāng	73406	uan-uang,ai-ei,z-zh,c-ch	1
车辙马迹	chē zhé mǎ jì	73410	z-zh,c-ch,j-q-x	1
车马填门	chē mǎ tián mén	73413	en-eng,ian-iang,c-ch	1
车马盈门	chē mǎ yíng mén	73415	en-eng,in-ing,c-ch	1
车马辐辏	chē mǎ fú còu	73416	ao-ou,c-ch,h-f	3
车马骈阗	chē mǎ pián tián	73417	ian-iang,c-ch	3
车驰马骤	chē chí mǎ zhòu	73418	ao-ou,z-zh,c-ch	1
轩盖如云	xuān gài rú yún	73425	uan-uang,ai-ei,r-l,j-q-x	1
轩轩甚得	xuān xuān shèn dé	73426	en-eng,uan-uang,s-sh,j-q-x	1
轩轾不分	xuān zhì bù fēn	73427	en-eng,uan-uang,z-zh,h-f,j-q-x	3
轩鹤冠猴	xuān hè guàn hóu	73428	uan-uang,ao-ou,h-f,j-q-x	1
转喉触讳	zhuǎn hóu chù huì	73431	uan-uang,ao-ou,z-zh,c-ch,h-f	1
转嗔为喜	zhuǎn chēn wéi xǐ	73432	en-eng,uan-uang,ai-ei,z-zh,c-ch,j-q-x	3
转弯磨角	zhuǎn wān mó jiǎo	73439	an-ang,uan-uang,z-zh,j-q-x	1
转悲为喜	zhuǎn bēi wéi xǐ	73441	uan-uang,ai-ei,z-zh,j-q-x	1
转愁为喜	zhuǎn chóu wéi xǐ	73442	uan-uang,ai-ei,ao-ou,z-zh,c-ch,j-q-x	1
转战千里	zhuǎn zhàn qiān lǐ	73443	an-ang,ian-iang,uan-uang,z-zh,n-l,r-l,j-q-x	1
转斗千里	zhuǎn dòu qiān lǐ	73447	ian-iang,uan-uang,ao-ou,z-zh,n-l,r-l,j-q-x	1
转日回天	zhuǎn rì huí tiān	73448	ian-iang,uan-uang,z-zh,h-f,r-l	1
转来转去	zhuàn lái zhuàn qù	73449	uan-uang,ai-ei,z-zh,n-l,r-l,j-q-x	1
转死沟壑	zhuǎn sǐ gōu hè	73450	uan-uang,ao-ou,z-zh,s-sh,h-f	3
转死沟渠	zhuǎn sǐ gōu qú	73451	uan-uang,ao-ou,z-zh,s-sh,j-q-x	1
转海回天	zhuǎn hǎi huí tiān	73452	ian-iang,uan-uang,ai-ei,z-zh,h-f	1
转湾抹角	zhuǎn wān mò jiǎo	73453	an-ang,uan-uang,z-zh,j-q-x	1
转灾为福	zhuǎn zāi wéi fú	73454	uan-uang,ai-ei,z-zh,h-f	1
转眼之间	zhuǎn yǎn zhī jiān	73455	an-ang,ian-iang,uan-uang,z-zh,j-q-x	1
转瞬之间	zhuǎn shùn zhī jiān	73456	ian-iang,uan-uang,z-zh,s-sh,j-q-x	1
转祸为福	zhuǎn huò wéi fú	73459	uan-uang,ai-ei,ua-uo,z-zh,h-f	1
转败为功	zhuǎn bài wéi gōng	73463	uan-uang,ai-ei,z-zh	1
转败为成	zhuǎn bài wéi chéng	73464	en-eng,uan-uang,ai-ei,z-zh,c-ch	1
转败为胜	zhuǎn bài wéi shèng	73465	en-eng,uan-uang,ai-ei,z-zh,s-sh	1
转轮手枪	zhuàn lún shǒu qiāng	73468	ian-iang,uan-uang,ao-ou,z-zh,s-sh,n-l,r-l,j-q-x	1
转辗反侧	zhuǎn zhǎn fǎn cè	73469	an-ang,uan-uang,z-zh,c-ch,h-f	1
轮扁斫轮	lún biǎn zhuó lún	73472	ian-iang,ua-uo,z-zh,n-l,r-l	3
软体动物	ruǎn tǐ dòng wù	73476	uan-uang,r-l	1
软红十丈	ruǎn hóng shí zhàng	73479	an-ang,uan-uang,z-zh,s-sh,h-f,r-l	1
软红香土	ruǎn hóng xiāng tǔ	73480	ian-iang,uan-uang,h-f,r-l,j-q-x	1
软语温言	ruǎn yǔ wēn yán	73482	en-eng,an-ang,uan-uang,r-l	1
软谈丽语	ruǎn tán lì yǔ	73483	an-ang,uan-uang,n-l,r-l	1
轰堂大笑	hōng táng dà xiào	73487	an-ang,h-f,j-q-x	1
轰天烈地	hōng tiān liè dì	73488	ian-iang,ia-ie,n-l,h-f,r-l	1
轰天裂地	hōng tiān liè dì	73489	ian-iang,ia-ie,n-l,h-f,r-l	1
轹釜待炊	lì fǔ dài chuī	73495	ai-ei,c-ch,n-l,h-f,r-l	7
轻举远游	qīng jǔ yuǎn yóu	73496	in-ing,uan-uang,ao-ou,j-q-x	1
轻卒锐兵	qīng zú ruì bīng	73498	in-ing,z-zh,r-l,j-q-x	1
轻口薄舌	qīng kǒu bó shé	73499	in-ing,ao-ou,s-sh,j-q-x	1
轻吞慢吐	qīng tūn màn tǔ	73500	in-ing,an-ang,j-q-x	1
轻嘴薄舌	qīng zuǐ bó shé	73501	in-ing,z-zh,s-sh,j-q-x	1
轻徭薄税	qīng yáo báo shuì	73502	in-ing,ao-ou,s-sh,j-q-x	3
轻徭薄赋	qīng yáo báo fù	73503	in-ing,ao-ou,h-f,j-q-x	3
轻怜重惜	qīng lián zhòng xī	73504	in-ing,ian-iang,z-zh,n-l,r-l,j-q-x	1
轻才好施	qīng cái hào shī	73505	in-ing,ai-ei,ao-ou,c-ch,s-sh,h-f,j-q-x	1
轻死重义	qīng sǐ zhòng yì	73507	in-ing,z-zh,s-sh,j-q-x	1
轻死重气	qīng sǐ zhòng qì	73508	in-ing,z-zh,s-sh,j-q-x	1
轻生重义	qīng shēng zhòng yì	73509	en-eng,in-ing,z-zh,s-sh,j-q-x	1
轻繇薄赋	qīng yáo báo fù	73510	in-ing,ao-ou,h-f,j-q-x	3
轻若鸿毛	qīng ruò hóng máo	73511	in-ing,ao-ou,ua-uo,h-f,r-l,j-q-x	1
轻薄无知	qīng báo wú zhī	73512	in-ing,ao-ou,z-zh,j-q-x	1
轻薄无礼	qīng báo wú lǐ	73513	in-ing,ao-ou,n-l,r-l,j-q-x	1
轻薄无行	qīng báo wú xíng	73514	in-ing,ao-ou,j-q-x	1
轻虑浅谋	qīng lǜ qiǎn móu	73515	in-ing,ian-iang,ao-ou,n-l,r-l,j-q-x	1
轻装简从	qīng zhuāng jiǎn cóng	73516	in-ing,ian-iang,uan-uang,z-zh,c-ch,j-q-x	1
轻言寡信	qīng yán guǎ xìn	73517	in-ing,an-ang,ua-uo,j-q-x	1
轻言细语	qīng yán xì yǔ	73518	in-ing,an-ang,j-q-x	1
轻言软语	qīng yán ruǎn yǔ	73519	in-ing,an-ang,uan-uang,r-l,j-q-x	1
轻言轻语	qīng yán qīng yǔ	73520	in-ing,an-ang,j-q-x	1
轻诺寡信	qīng nuò guǎ xìn	73521	in-ing,ua-uo,n-l,j-q-x	1
轻财好义	qīng cái hào yì	73522	in-ing,ai-ei,ao-ou,c-ch,h-f,j-q-x	1
轻财好士	qīng cái hǎo shì	73523	in-ing,ai-ei,ao-ou,c-ch,s-sh,h-f,j-q-x	1
轻财好施	qīng cái hào shī	73524	in-ing,ai-ei,ao-ou,c-ch,s-sh,h-f,j-q-x	1
轻财重义	qīng cái zhòng yì	73525	in-ing,ai-ei,z-zh,c-ch,j-q-x	1
轻财重士	qīng cái zhòng shì	73526	in-ing,ai-ei,z-zh,c-ch,s-sh,j-q-x	1
轻赋薄敛	qīng fù báo liǎn	73527	in-ing,ian-iang,ao-ou,n-l,h-f,r-l,j-q-x	1
轻身重义	qīng shēn zhòng yì	73528	en-eng,in-ing,z-zh,s-sh,j-q-x	1
轻车减从	qīng chē jiǎn cóng	73529	in-ing,ian-iang,c-ch,j-q-x	1
轻车熟道	qīng chē shú dào	73530	in-ing,ao-ou,c-ch,s-sh,j-q-x	1
轻重失宜	qīng zhòng shī yí	73531	in-ing,z-zh,s-sh,j-q-x	1
轻重量级	qīng zhòng liàng jí	73532	in-ing,ian-iang,z-zh,n-l,r-l,j-q-x	1
轻骑减从	qīng qí jiǎn cóng	73533	in-ing,ian-iang,c-ch,j-q-x	1
轻骑简从	qīng qí jiǎn cóng	73534	in-ing,ian-iang,c-ch,j-q-x	1
载一抱素	zài yī bào sù	73535	ai-ei,ao-ou,z-zh,s-sh	1
载入史册	zǎi rù shǐ cè	73536	ai-ei,z-zh,c-ch,s-sh,r-l	1
载歌且舞	zài gē qiě wǔ	73537	ai-ei,ia-ie,z-zh,j-q-x	1
载沉载浮	zài chén zài fú	73538	en-eng,ai-ei,z-zh,c-ch,h-f	1
载笑载言	zài xiào zài yán	73539	an-ang,ai-ei,z-zh,j-q-x	1
载舟覆舟	zài zhōu fù zhōu	73540	ai-ei,ao-ou,z-zh,h-f	1
载酒问字	zài jiǔ wèn zì	73542	en-eng,ai-ei,z-zh,j-q-x	1
载驰载驱	zǎi chí zǎi qū	73544	ai-ei,z-zh,c-ch,j-q-x	1
载驱载驰	zài qū zài chí	73545	ai-ei,z-zh,c-ch,j-q-x	1
较德焯勤	jiào dé zhuō qín	73550	in-ing,ua-uo,z-zh,j-q-x	3
较武论文	jiào wǔ lùn wén	73551	en-eng,n-l,r-l,j-q-x	1
较瘦量肥	jiào shòu liàng féi	73552	ian-iang,ai-ei,ao-ou,s-sh,n-l,h-f,r-l,j-q-x	1
较短比长	jiào duǎn bǐ cháng	73553	an-ang,uan-uang,c-ch,j-q-x	1
较短絜长	jiào duǎn xié cháng	73554	an-ang,uan-uang,ia-ie,c-ch,j-q-x	5
较短量长	jiào duǎn liáng cháng	73555	an-ang,ian-iang,uan-uang,c-ch,n-l,r-l,j-q-x	1
较若画一	jiào ruò huà yī	73556	ua-uo,h-f,r-l,j-q-x	1
较长絜短	jiào cháng xié duǎn	73558	an-ang,uan-uang,ia-ie,c-ch,j-q-x	5
辅世长民	fǔ shì zhǎng mín	73559	in-ing,an-ang,z-zh,s-sh,h-f	1
辅牙相倚	fǔ yá xiāng yǐ	73560	ian-iang,h-f,j-q-x	1
辅车唇齿	fǔ chē chún chǐ	73562	c-ch,h-f	1
辅车相依	fǔ chē xiāng yī	73563	ian-iang,c-ch,h-f,j-q-x	1
辅车相将	fǔ chē xiāng jiāng	73564	ian-iang,c-ch,h-f,j-q-x	1
辍毫栖牍	chuò háo qī dú	73568	ao-ou,ua-uo,c-ch,h-f,j-q-x	3
输心服意	shū xīn fú yì	73570	in-ing,s-sh,h-f,j-q-x	1
输财助边	shū cái zhù biān	73571	ian-iang,ai-ei,z-zh,c-ch,s-sh	1
辜恩背义	gū ēn bèi yì	73572	en-eng,ai-ei	1
辞不获命	cí bù huò mìng	73573	in-ing,ua-uo,c-ch,h-f	1
辞不达义	cí bù dá yì	73574	c-ch	1
辞不达意	cí bù dá yì	73575	c-ch	1
辞严义正	cí yán yì zhèng	73576	en-eng,an-ang,z-zh,c-ch	1
辞严意正	cí yán yì zhèng	73577	en-eng,an-ang,z-zh,c-ch	1
辞严气正	cí yán qì zhèng	73578	en-eng,an-ang,z-zh,c-ch,j-q-x	1
辞严谊正	cí yán yì zhèng	73579	en-eng,an-ang,z-zh,c-ch	1
辞多受少	cí duō shòu shǎo	73581	ao-ou,ua-uo,c-ch,s-sh	1
辞微旨远	cí wēi zhǐ yuǎn	73582	uan-uang,ai-ei,z-zh,c-ch	1
辨日炎凉	biàn rì yán liáng	73593	an-ang,ian-iang,n-l,r-l	1
辨若悬河	biàn ruò xuán hé	73594	ian-iang,uan-uang,ua-uo,h-f,r-l,j-q-x	1
辨证论治	biàn zhèng lùn zhì	73595	en-eng,ian-iang,z-zh,n-l,r-l	1
辱国丧师	rǔ guó sàng shī	73597	an-ang,ua-uo,s-sh,r-l	1
边尘不惊	biān chén bù jīng	73599	en-eng,in-ing,ian-iang,c-ch,j-q-x	1
达人知命	dá rén zhī mìng	73600	en-eng,in-ing,z-zh,r-l	1
达地知根	dá dì zhī gēn	73601	en-eng,z-zh	1
达官知命	dá guān zhī mìng	73603	in-ing,uan-uang,z-zh	1
达官要人	dá guān yào rén	73604	en-eng,uan-uang,ao-ou,r-l	1
达官贵要	dá guān guì yào	73605	uan-uang,ao-ou	1
达权知变	dá quán zhī biàn	73607	ian-iang,uan-uang,z-zh,j-q-x	1
达赖喇嘛	dá lài lǎ ma	73608	ai-ei,n-l,r-l	1
迁善去恶	qiān shàn qù è	73609	an-ang,ian-iang,s-sh,j-q-x	1
迁善塞违	qiān shàn sāi wéi	73610	an-ang,ian-iang,ai-ei,s-sh,j-q-x	1
迁善改过	qiān shàn gǎi guò	73611	an-ang,ian-iang,ai-ei,ua-uo,s-sh,j-q-x	1
迁善远罪	qiān shàn yuǎn zuì	73612	an-ang,ian-iang,uan-uang,z-zh,s-sh,j-q-x	1
迁善黜恶	qiān shàn chù è	73613	an-ang,ian-iang,c-ch,s-sh,j-q-x	3
迁客骚人	qiān kè sāo rén	73614	en-eng,ian-iang,ao-ou,s-sh,r-l,j-q-x	1
迁延稽留	qiān yán jī liú	73615	an-ang,ian-iang,n-l,r-l,j-q-x	1
迁延观望	qiān yán guān wàng	73616	an-ang,ian-iang,uan-uang,j-q-x	1
迁思回虑	qiān sī huí lǜ	73617	ian-iang,s-sh,n-l,h-f,r-l,j-q-x	1
迁风移俗	qiān fēng yí sú	73618	en-eng,ian-iang,s-sh,h-f,j-q-x	1
迂回曲折	yū huí qū zhé	73619	z-zh,h-f,j-q-x	1
迂谈阔论	yū tán kuò lùn	73620	an-ang,ua-uo,n-l,r-l	1
迅雷风烈	xùn léi fēng liè	73621	en-eng,ai-ei,ia-ie,n-l,h-f,r-l,j-q-x	1
过为已甚	guò wéi yǐ shèn	73622	en-eng,ai-ei,ua-uo,s-sh	1
过从甚密	guò cóng shèn mì	73624	en-eng,ua-uo,c-ch,s-sh	1
过冬作物	guò dōng zuò wù	73627	ua-uo,z-zh	1
过化存神	guò huà cún shén	73629	en-eng,ua-uo,c-ch,s-sh,h-f	1
过失杀人	guò shī shā rén	73632	en-eng,ua-uo,s-sh,r-l	1
过屠大嚼	guò tú dà jué	73633	ua-uo,j-q-x	1
过市招摇	guò shì zhāo yáo	73634	ao-ou,ua-uo,z-zh,s-sh	1
过府冲州	guò fǔ chōng zhōu	73635	ao-ou,ua-uo,z-zh,c-ch,h-f	1
过庭之训	guò tíng zhī xùn	73636	in-ing,ua-uo,z-zh,j-q-x	1
过敏反应	guò mǐn fǎn yìng	73639	in-ing,an-ang,ua-uo,h-f	1
过时黄花	guò shí huáng huā	73640	uan-uang,ua-uo,s-sh,h-f	1
过桥抽板	guò qiáo chōu bǎn	73642	an-ang,ao-ou,ua-uo,c-ch,j-q-x	1
过桥拆桥	guò qiáo chāi qiáo	73643	ai-ei,ua-uo,c-ch,j-q-x	1
过江之鲫	guò jiāng zhī jì	73647	ian-iang,ua-uo,z-zh,j-q-x	1
过河卒子	guò hé zú zǐ	73648	ua-uo,z-zh,h-f	1
过甚其辞	guò shèn qí cí	73651	en-eng,ua-uo,c-ch,s-sh,j-q-x	1
过目不忘	guò mù bù wàng	73654	an-ang,ua-uo	1
过磷酸钙	guò lín suān gài	73655	in-ing,uan-uang,ai-ei,ua-uo,s-sh,n-l,r-l	1
过而能改	guò ér néng gǎi	73656	en-eng,ai-ei,ua-uo,n-l	1
过路财神	guò lù cái shén	73660	en-eng,ai-ei,ua-uo,c-ch,s-sh,n-l,r-l	1
过都历块	guò dū lì kuài	73661	ua-uo,n-l,r-l	1
过门不入	guò mén bù rù	73663	en-eng,ua-uo,r-l	1
过隙白驹	guò xì bái jū	73665	ai-ei,ua-uo,j-q-x	1
迎刃以解	yíng rèn yǐ jiě	73667	en-eng,in-ing,ia-ie,r-l,j-q-x	1
迎刃冰解	yíng rèn bīng jiě	73668	en-eng,in-ing,ia-ie,r-l,j-q-x	1
迎刃立解	yíng rèn lì jiě	73669	en-eng,in-ing,ia-ie,n-l,r-l,j-q-x	1
迎奸卖俏	yíng jiān mài qiào	73670	in-ing,ian-iang,ai-ei,j-q-x	1
迎神赛会	yíng shén sài huì	73671	en-eng,in-ing,ai-ei,s-sh,h-f	1
迎风冒雪	yíng fēng mào xuě	73672	en-eng,in-ing,ao-ou,h-f,j-q-x	1
迎风待月	yíng fēng dài yuè	73673	en-eng,in-ing,ai-ei,h-f	1
迎风招展	yíng fēng zhāo zhǎn	73674	en-eng,in-ing,an-ang,ao-ou,z-zh,h-f	1
运之掌上	yùn zhī zhǎng shàng	73675	an-ang,z-zh,s-sh	1
运斤如风	yùn jīn rú fēng	73677	en-eng,in-ing,h-f,r-l,j-q-x	1
运斤成风	yùn jīn chéng fēng	73678	en-eng,in-ing,c-ch,h-f,j-q-x	1
运旺时盛	yùn wàng shí shèng	73679	en-eng,an-ang,s-sh	1
运智铺谋	yùn zhì pù móu	73680	ao-ou,z-zh	1
运筹出奇	yùn chóu chū qí	73681	ao-ou,c-ch,j-q-x	1
运计铺谋	yùn jì pù móu	73682	ao-ou,j-q-x	1
运转时来	yùn zhuǎn shí lái	73683	uan-uang,ai-ei,z-zh,s-sh,n-l,r-l	1
近交远攻	jìn jiāo yuǎn gōng	73685	in-ing,uan-uang,j-q-x	1
近墨者黑	jìn mò zhě hēi	73689	in-ing,ai-ei,z-zh,h-f,j-q-x	1
近悦远来	jìn yuè yuǎn lái	73690	in-ing,uan-uang,ai-ei,n-l,r-l,j-q-x	1
近朱者赤	jìn zhū zhě chì	73691	in-ing,z-zh,c-ch,j-q-x	1
近程导弹	jìn chéng dǎo dàn	73692	en-eng,in-ing,an-ang,ao-ou,c-ch,j-q-x	1
返我初服	fǎn wǒ chū fú	73693	an-ang,c-ch,h-f	1
返本朝元	fǎn běn cháo yuán	73694	en-eng,an-ang,uan-uang,ao-ou,c-ch,h-f	1
返本还元	fǎn běn huán yuán	73695	en-eng,an-ang,uan-uang,h-f	1
返本还原	fǎn běn huán yuán	73696	en-eng,an-ang,uan-uang,h-f	1
返本还源	fǎn běn huán yuán	73697	en-eng,an-ang,uan-uang,h-f	1
返朴归真	fǎn pǔ guī zhēn	73698	en-eng,an-ang,z-zh,h-f	1
返朴还淳	fǎn pǔ huán chún	73699	an-ang,uan-uang,c-ch,h-f	1
返朴还真	fǎn pǔ huán zhēn	73700	en-eng,an-ang,uan-uang,z-zh,h-f	1
返观内照	fǎn guān nèi zhào	73701	an-ang,uan-uang,ai-ei,ao-ou,z-zh,n-l,h-f	1
返观内视	fǎn guān nèi shì	73702	an-ang,uan-uang,ai-ei,s-sh,n-l,h-f	1
返视内照	fǎn shì nèi zhào	73703	an-ang,ai-ei,ao-ou,z-zh,s-sh,n-l,h-f	1
返邪归正	fǎn xié guī zhèng	73704	en-eng,an-ang,ia-ie,z-zh,h-f,j-q-x	1
还乡昼锦	huán xiāng zhòu jǐn	73706	in-ing,ian-iang,uan-uang,ao-ou,z-zh,h-f,j-q-x	1
还元返本	huán yuán fǎn běn	73708	en-eng,an-ang,uan-uang,h-f	1
还原反本	huán yuán fǎn běn	73709	en-eng,an-ang,uan-uang,h-f	1
还原染料	huán yuán rǎn liào	73710	an-ang,uan-uang,n-l,h-f,r-l	1
还君明珠	huán jūn míng zhū	73711	in-ing,uan-uang,z-zh,h-f,j-q-x	1
还年却老	huán nián què lǎo	73715	ian-iang,uan-uang,ao-ou,n-l,h-f,r-l,j-q-x	1
还年驻色	huán nián zhù sè	73716	ian-iang,uan-uang,z-zh,s-sh,n-l,h-f	1
还我河山	huán wǒ hé shān	73717	an-ang,uan-uang,s-sh,h-f	1
还朴反古	huán pǔ fǎn gǔ	73718	an-ang,uan-uang,h-f	1
还淳反古	huán chún fǎn gǔ	73720	an-ang,uan-uang,c-ch,h-f	1
还淳反朴	huán chún fǎn pǔ	73721	an-ang,uan-uang,c-ch,h-f	1
还淳反素	huán chún fǎn sù	73722	an-ang,uan-uang,c-ch,s-sh,h-f	1
还淳返朴	huán chún fǎn pǔ	73723	an-ang,uan-uang,c-ch,h-f	1
还珠买椟	huán zhū mǎi dú	73726	uan-uang,ai-ei,z-zh,h-f	3
还珠合浦	huán zhū hé pǔ	73727	uan-uang,z-zh,h-f	1
还珠返璧	huán zhū fǎn bì	73728	an-ang,uan-uang,z-zh,h-f	1
还算不错	hái suàn bú cuò	73730	uan-uang,ai-ei,ua-uo,c-ch,s-sh,h-f	1
还醇返朴	huán chún fǎn pǔ	73732	an-ang,uan-uang,c-ch,h-f	1
进可替不	jìn kě tì bù	73738	in-ing,j-q-x	1
进可替否	jìn kě tì fǒu	73739	in-ing,ao-ou,h-f,j-q-x	1
进善惩恶	jìn shàn chéng è	73740	en-eng,in-ing,an-ang,c-ch,s-sh,j-q-x	1
进善退恶	jìn shàn tuì è	73741	in-ing,an-ang,s-sh,j-q-x	1
进善黜恶	jìn shàn chù è	73742	in-ing,an-ang,c-ch,s-sh,j-q-x	3
进壤广地	jìn rǎng guǎng dì	73743	in-ing,an-ang,uan-uang,r-l,j-q-x	1
进寸退尺	jìn cùn tuì chǐ	73744	in-ing,c-ch,j-q-x	1
进德修业	jìn dé xiū yè	73746	in-ing,j-q-x	1
进种善群	jìn zhǒng shàn qún	73748	in-ing,an-ang,z-zh,s-sh,j-q-x	1
进贤任能	jìn xián rèn néng	73751	en-eng,in-ing,ian-iang,n-l,r-l,j-q-x	1
进贤兴功	jìn xián xīng gōng	73752	in-ing,ian-iang,j-q-x	1
进贤屏恶	jìn xián píng è	73753	in-ing,ian-iang,j-q-x	1
进贤拔能	jìn xián bá néng	73754	en-eng,in-ing,ian-iang,n-l,j-q-x	1
进贤用能	jìn xián yòng néng	73755	en-eng,in-ing,ian-iang,n-l,j-q-x	1
进贤达能	jìn xián dá néng	73756	en-eng,in-ing,ian-iang,n-l,j-q-x	1
进贤进能	jìn xián jìn néng	73757	en-eng,in-ing,ian-iang,n-l,j-q-x	1
进贤黜恶	jìn xián chù è	73758	in-ing,ian-iang,c-ch,j-q-x	3
进退中度	jìn tuì zhòng dù	73759	in-ing,z-zh,j-q-x	1
进退中绳	jìn tuì zhōng shéng	73760	en-eng,in-ing,z-zh,s-sh,j-q-x	1
进退为难	jìn tuì wéi nán	73761	in-ing,an-ang,ai-ei,n-l,j-q-x	1
进退亡据	jìn tuì wáng jù	73762	in-ing,an-ang,j-q-x	1
进退出处	jìn tuì chū chǔ	73763	in-ing,c-ch,j-q-x	1
进退双难	jìn tuì shuāng nán	73764	in-ing,an-ang,uan-uang,s-sh,n-l,j-q-x	1
进退可否	jìn tuì kě fǒu	73765	in-ing,ao-ou,h-f,j-q-x	1
进退可度	jìn tuì kě dù	73766	in-ing,j-q-x	1
进退失据	jìn tuì shī jù	73767	in-ing,s-sh,j-q-x	1
进退存亡	jìn tuì cún wáng	73768	in-ing,an-ang,c-ch,j-q-x	1
进退应矩	jìn tuì yīng jǔ	73769	in-ing,j-q-x	1
进退无据	jìn tuì wú jù	73770	in-ing,j-q-x	1
进退有常	jìn tuì yǒu cháng	73771	in-ing,an-ang,ao-ou,c-ch,j-q-x	1
进退有度	jìn tuì yǒu dù	73772	in-ing,ao-ou,j-q-x	1
进退有节	jìn tuì yǒu jié	73773	in-ing,ao-ou,ia-ie,j-q-x	1
进退消长	jìn tuì xiāo cháng	73774	in-ing,an-ang,c-ch,j-q-x	1
进退狐疑	jìn tuì hú yí	73775	in-ing,h-f,j-q-x	1
进退维亟	jìn tuì wéi jí	73776	in-ing,ai-ei,j-q-x	3
进退跋疐	jìn tuì bá zhì	73777	in-ing,z-zh,j-q-x	5
进道若蜷	jìn dào ruò quán	73778	in-ing,uan-uang,ao-ou,ua-uo,r-l,j-q-x	3
进道若退	jìn dào ruò tuì	73779	in-ing,ao-ou,ua-uo,r-l,j-q-x	1
远不间亲	yuǎn bù jiàn qīn	73780	in-ing,ian-iang,uan-uang,j-q-x	1
远亲近邻	yuǎn qīn jìn lín	73781	in-ing,uan-uang,n-l,r-l,j-q-x	1
远垂不朽	yuǎn chuí bù xiǔ	73784	uan-uang,c-ch,j-q-x	1
远山芙蓉	yuǎn shān fú róng	73786	an-ang,uan-uang,s-sh,h-f,r-l	1
远年近岁	yuǎn nián jìn suì	73787	in-ing,ian-iang,uan-uang,s-sh,n-l,j-q-x	1
远年近日	yuǎn nián jìn rì	73788	in-ing,ian-iang,uan-uang,n-l,r-l,j-q-x	1
远怀近集	yuǎn huái jìn jí	73789	in-ing,uan-uang,h-f,j-q-x	1
远愁近虑	yuǎn chóu jìn lǜ	73790	in-ing,uan-uang,ao-ou,c-ch,n-l,r-l,j-q-x	1
远求骐骥	yuǎn qiú qí jì	73791	uan-uang,j-q-x	3
远溯博索	yuǎn sù bó suǒ	73793	uan-uang,ua-uo,s-sh	1
远瞩高瞻	yuǎn zhǔ gāo zhān	73795	an-ang,uan-uang,ao-ou,z-zh	1
远至迩安	yuǎn zhì ěr ān	73796	an-ang,uan-uang,z-zh	3
远虑深谋	yuǎn lǜ shēn móu	73797	en-eng,uan-uang,ao-ou,s-sh,n-l,r-l	1
远谋深算	yuǎn móu shēn suàn	73799	en-eng,uan-uang,ao-ou,s-sh	1
违信背约	wéi xìn bèi yuē	73802	in-ing,ai-ei,j-q-x	1
违强陵弱	wéi qiáng líng ruò	73804	in-ing,ian-iang,ai-ei,ua-uo,n-l,r-l,j-q-x	1
违条犯法	wéi tiáo fàn fǎ	73805	an-ang,ai-ei,h-f	1
违条舞法	wéi tiáo wǔ fǎ	73806	ai-ei,h-f	1
连三并四	lián sān bìng sì	73807	in-ing,an-ang,ian-iang,s-sh,n-l,r-l	1
连中三元	lián zhòng sān yuán	73808	an-ang,ian-iang,uan-uang,z-zh,s-sh,n-l,r-l	1
连二并三	lián èr bìng sān	73809	in-ing,an-ang,ian-iang,s-sh,n-l,r-l	1
连天匝地	lián tiān zā dì	73811	ian-iang,z-zh,n-l,r-l	3
连山排海	lián shān pái hǎi	73812	an-ang,ian-iang,ai-ei,s-sh,n-l,h-f,r-l	1
连州比县	lián zhōu bǐ xiàn	73813	ian-iang,ao-ou,z-zh,n-l,r-l,j-q-x	1
连帙累牍	lián zhì lèi dú	73814	ian-iang,ai-ei,z-zh,n-l,r-l	3
连更彻夜	lián gēng chè yè	73815	en-eng,ian-iang,c-ch,n-l,r-l	1
连更星夜	lián gēng xīng yè	73816	en-eng,in-ing,ian-iang,n-l,r-l,j-q-x	1
连更晓夜	lián gēng xiǎo yè	73817	en-eng,ian-iang,n-l,r-l,j-q-x	1
连枝共冢	lián zhī gòng zhǒng	73819	ian-iang,z-zh,n-l,r-l	3
连枝分叶	lián zhī fēn yè	73820	en-eng,ian-iang,z-zh,n-l,h-f,r-l	1
连枝同气	lián zhī tóng qì	73821	ian-iang,z-zh,n-l,r-l,j-q-x	1
连枝带叶	lián zhī dài yè	73822	ian-iang,ai-ei,z-zh,n-l,r-l	1
连枝并头	lián zhī bìng tóu	73823	in-ing,ian-iang,ao-ou,z-zh,n-l,r-l	1
连枝比翼	lián zhī bǐ yì	73824	ian-iang,z-zh,n-l,r-l	1
连根带梢	lián gēn dài shāo	73825	en-eng,ian-iang,ai-ei,ao-ou,s-sh,n-l,r-l	1
连汤带水	lián tāng dài shuǐ	73827	an-ang,ian-iang,ai-ei,s-sh,n-l,r-l	1
连珠合璧	lián zhū hé bì	73828	ian-iang,z-zh,n-l,h-f,r-l	1
连理分枝	lián lǐ fēn zhī	73829	en-eng,ian-iang,z-zh,n-l,h-f,r-l	1
连章累牍	lián zhāng lèi dú	73830	an-ang,ian-iang,ai-ei,z-zh,n-l,r-l	3
连篇累册	lián piān lèi cè	73831	ian-iang,ai-ei,c-ch,n-l,r-l	1
连篇累帙	lián piān lèi zhì	73832	ian-iang,ai-ei,z-zh,n-l,r-l	3
连篇累帧	lián piān lèi zhēn	73833	en-eng,ian-iang,ai-ei,z-zh,n-l,r-l	3
连篇累幅	lián piān lèi fú	73834	ian-iang,ai-ei,n-l,h-f,r-l	1
连绵不断	lián mián bù duàn	73836	ian-iang,uan-uang,n-l,r-l	1
连绵不绝	lián mián bù jué	73837	ian-iang,n-l,r-l,j-q-x	1
连编累牍	lián biān lěi dú	73838	ian-iang,ai-ei,n-l,r-l	3
连舆并席	lián yú bìng xí	73839	in-ing,ian-iang,n-l,r-l,j-q-x	1
连街倒巷	lián jiē dǎo xiàng	73840	ian-iang,ao-ou,ia-ie,n-l,r-l,j-q-x	1
连车平斗	lián chē píng dǒu	73841	in-ing,ian-iang,ao-ou,c-ch,n-l,r-l	1
连载小说	lián zǎi xiǎo shuō	73842	ian-iang,ai-ei,ua-uo,z-zh,s-sh,n-l,r-l,j-q-x	1
连镳并轸	lián biāo bìng zhěn	73843	en-eng,in-ing,ian-iang,z-zh,n-l,r-l	3
连镳并驾	lián biāo bìng jià	73844	in-ing,ian-iang,ia-ie,n-l,r-l,j-q-x	3
连阡累陌	lián qiān lèi mò	73846	ian-iang,ai-ei,n-l,r-l,j-q-x	3
连阶累任	lián jiē lèi rèn	73847	en-eng,ian-iang,ai-ei,ia-ie,n-l,r-l,j-q-x	1
迟回观望	chí huí guān wàng	73848	an-ang,uan-uang,c-ch,h-f	1
迟徊不决	chí huái bù jué	73849	c-ch,h-f,j-q-x	1
迟徊观望	chí huái guān wàng	73850	an-ang,uan-uang,c-ch,h-f	1
迟疑不决	chí yí bù jué	73851	c-ch,j-q-x	1
迟疑不定	chí yí bù dìng	73852	in-ing,c-ch	1
迟疑不断	chí yí bù duàn	73853	uan-uang,c-ch	1
迟疑未决	chí yí wèi jué	73854	ai-ei,c-ch,j-q-x	1
迟疑观望	chí yí guān wàng	73855	an-ang,uan-uang,c-ch	1
迟疑顾望	chí yí gù wàng	73856	an-ang,c-ch	1
迟迟吾行	chí chí wú xíng	73857	in-ing,c-ch,j-q-x	1
迥不犹人	jiǒng bù yóu rén	73859	en-eng,ao-ou,r-l,j-q-x	3
迥乎不同	jiǒng hū bù tóng	73860	h-f,j-q-x	3
迥然不群	jiǒng rán bù qún	73861	an-ang,r-l,j-q-x	3
迩安远至	ěr ān yuǎn zhì	73862	an-ang,uan-uang,z-zh	3
迫不可待	pò bù kě dài	73863	ai-ei	1
迫击炮弹	pǎi jī pào dàn	73867	an-ang,ai-ei,ao-ou,j-q-x	1
迭矩重规	dié jǔ chóng guī	73869	ia-ie,c-ch,j-q-x	1
迷天大罪	mí tiān dà zuì	73871	ian-iang,z-zh	1
迷天大谎	mí tiān dà huǎng	73872	ian-iang,uan-uang,h-f	1
迷头认影	mí tóu rèn yǐng	73873	en-eng,in-ing,ao-ou,r-l	1
迷恋骸骨	mí liàn hái gǔ	73874	ian-iang,ai-ei,n-l,h-f,r-l	3
迷惑不解	mí huò bù jiě	73875	ia-ie,ua-uo,h-f,j-q-x	1
迷涂知反	mí tú zhī fǎn	73876	an-ang,z-zh,h-f	1
迷而不反	mí ér bù fǎn	73877	an-ang,h-f	1
迷而不返	mí ér bù fǎn	73878	an-ang,h-f	1
迷而知反	mí ér zhī fǎn	73879	an-ang,z-zh,h-f	1
迷而知返	mí ér zhī fǎn	73880	an-ang,z-zh,h-f	1
迷迷糊糊	mí mí hū hū	73881	h-f	1
迷途知反	mí tú zhī fǎn	73882	an-ang,z-zh,h-f	1
追云逐电	zhuī yún zhú diàn	73884	ian-iang,z-zh	1
追亡逐北	zhuī wáng zhú běi	73885	an-ang,ai-ei,z-zh	1
追亡逐遁	zhuī wáng zhú dùn	73886	an-ang,z-zh	3
追悔何及	zhuī huǐ hé jí	73887	z-zh,h-f,j-q-x	1
追本穷源	zhuī běn qióng yuán	73888	en-eng,uan-uang,z-zh,j-q-x	1
追根寻底	zhuī gēn xún dǐ	73889	en-eng,z-zh,j-q-x	1
追根查源	zhuī gēn chá yuán	73890	en-eng,uan-uang,z-zh,c-ch	1
追根求源	zhuī gēn qiú yuán	73891	en-eng,uan-uang,z-zh,j-q-x	1
追根溯源	zhuī gēn sù yuán	73892	en-eng,uan-uang,z-zh,s-sh	1
追根究蒂	zhuī gēn jiū dì	73893	en-eng,z-zh,j-q-x	1
追根穷源	zhuī gēn qióng yuán	73894	en-eng,uan-uang,z-zh,j-q-x	1
追根问底	zhuī gēn wèn dǐ	73895	en-eng,z-zh	1
追欢买笑	zhuī huān mǎi xiào	73896	uan-uang,ai-ei,z-zh,h-f,j-q-x	1
追欢作乐	zhuī huān zuò lè	73897	uan-uang,ua-uo,z-zh,n-l,h-f,r-l	1
追欢卖笑	zhuī huān mài xiào	73898	uan-uang,ai-ei,z-zh,h-f,j-q-x	1
追欢取乐	zhuī huān qǔ lè	73899	uan-uang,z-zh,n-l,h-f,r-l,j-q-x	1
追趋逐耆	zhuī qū zhú shì	73901	z-zh,s-sh,j-q-x	3
追远慎终	zhuī yuǎn shèn zhōng	73903	en-eng,uan-uang,z-zh,s-sh	1
追风掣电	zhuī fēng chè diàn	73905	en-eng,ian-iang,z-zh,c-ch,h-f	3
追风摄景	zhuī fēng shè jǐng	73906	en-eng,in-ing,z-zh,s-sh,h-f,j-q-x	1
追风蹑影	zhuī fēng niè yǐng	73907	en-eng,in-ing,ia-ie,z-zh,n-l,h-f	3
追风蹑景	zhuī fēng niè jǐng	73908	en-eng,in-ing,ia-ie,z-zh,n-l,h-f,j-q-x	3
追风逐影	zhuī fēng zhú yǐng	73909	en-eng,in-ing,z-zh,h-f	1
追风逐日	zhuī fēng zhú rì	73910	en-eng,z-zh,h-f,r-l	1
追风逐电	zhuī fēng zhú diàn	73911	en-eng,ian-iang,z-zh,h-f	1
追魂夺命	zhuī hún duó mìng	73912	in-ing,ua-uo,z-zh,h-f	1
追魂夺魄	zhuī hún duó pò	73913	ua-uo,z-zh,h-f	1
追魂摄魄	zhuī hún shè pò	73914	z-zh,s-sh,h-f	1
退思补过	tuì sī bǔ guò	73916	ua-uo,s-sh	1
退有后言	tuì yǒu hòu yán	73917	an-ang,ao-ou,h-f	1
退藏于密	tuì cáng yú mì	73919	an-ang,c-ch	1
退食从容	tuì shí cóng róng	73921	c-ch,s-sh,r-l	1
退食自公	tuì shí zì gōng	73922	z-zh,s-sh	1
送子观音	sòng zǐ guān yīn	73925	in-ing,uan-uang,z-zh,s-sh	1
送货上门	sòng huò shàng mén	73927	en-eng,an-ang,ua-uo,s-sh,h-f	1
适以相成	shì yǐ xiāng chéng	73930	en-eng,ian-iang,c-ch,s-sh,j-q-x	1
适如其分	shì rú qí fèn	73932	en-eng,s-sh,h-f,r-l,j-q-x	1
适居其反	shì jū qí fǎn	73933	an-ang,s-sh,h-f,j-q-x	1
适当其冲	shì dāng qí chōng	73935	an-ang,c-ch,s-sh,j-q-x	1
适当其时	shì dāng qí shí	73936	an-ang,s-sh,j-q-x	1
适性任情	shì xìng rèn qíng	73937	en-eng,in-ing,s-sh,r-l,j-q-x	1
适情任欲	shì qíng rèn yù	73938	en-eng,in-ing,s-sh,r-l,j-q-x	1
适情率意	shì qíng shuài yì	73939	in-ing,s-sh,j-q-x	1
适时应务	shì shí yīng wù	73940	in-ing,s-sh	1
适逢其时	shì féng qí shí	73941	en-eng,s-sh,h-f,j-q-x	1
逃之天天	táo zhī tiān tiān	73942	ian-iang,ao-ou,z-zh	1
逃灾避难	táo zāi bì nàn	73943	an-ang,ai-ei,ao-ou,z-zh,n-l	1
逆天暴物	nì tiān bào wù	73944	ian-iang,ao-ou,n-l	1
逆施倒行	nì shī dǎo xíng	73945	in-ing,ao-ou,s-sh,n-l,j-q-x	1
逆耳利行	nì ěr lì xíng	73946	in-ing,n-l,r-l,j-q-x	1
逆行倒施	nì xíng dào shī	73947	in-ing,ao-ou,s-sh,n-l,j-q-x	1
逆风恶浪	nì fēng è làng	73948	en-eng,an-ang,n-l,h-f,r-l	1
选贤与能	xuǎn xián yǔ néng	73950	en-eng,ian-iang,uan-uang,n-l,j-q-x	1
选贤举能	xuǎn xián jǔ néng	73951	en-eng,ian-iang,uan-uang,n-l,j-q-x	1
逍遥自得	xiāo yáo zì dé	73952	ao-ou,z-zh,j-q-x	3
透骨酸心	tòu gǔ suān xīn	73957	in-ing,uan-uang,ao-ou,s-sh,j-q-x	1
逐句逐字	zhú jù zhú zì	73958	z-zh,j-q-x	1
逐名趋势	zhú míng qū shì	73959	in-ing,z-zh,s-sh,j-q-x	1
逐新趣异	zhú xīn qù yì	73960	in-ing,z-zh,j-q-x	1
逐日追风	zhú rì zhuī fēng	73961	en-eng,z-zh,h-f,r-l	1
逐机应变	zhú jī yìng biàn	73962	in-ing,ian-iang,z-zh,j-q-x	1
逐物不还	zhú wù bù huán	73963	uan-uang,z-zh,h-f	1
逐电追风	zhú diàn zhuī fēng	73964	en-eng,ian-iang,z-zh,h-f	1
逐臭之夫	zhú chòu zhī fū	73966	ao-ou,z-zh,c-ch,h-f	1
逐近弃远	zhú jìn qì yuǎn	73967	in-ing,uan-uang,z-zh,j-q-x	1
逐风追电	zhú fēng zhuī diàn	73968	en-eng,ian-iang,z-zh,h-f	1
逐鹿中原	zhú lù zhōng yuán	73969	uan-uang,z-zh,n-l,r-l	1
递兴递废	dì xīng dì fèi	73970	in-ing,ai-ei,h-f,j-q-x	1
逖听远闻	tì tīng yuǎn wén	73971	en-eng,in-ing,uan-uang	3
通上彻下	tōng shàng chè xià	73973	an-ang,ia-ie,c-ch,s-sh,j-q-x	1
通儒硕学	tōng rú shuò xué	73975	ua-uo,s-sh,r-l,j-q-x	1
通儒达识	tōng rú dá shí	73976	s-sh,r-l	1
通元识微	tōng yuán shí wēi	73977	uan-uang,ai-ei,s-sh	1
通共有无	tōng gòng yǒu wú	73978	ao-ou	1
通力合作	tōng lì hé zuò	73979	ua-uo,z-zh,n-l,h-f,r-l	1
通南彻北	tōng nán chè běi	73982	an-ang,ai-ei,c-ch,n-l	1
通同一气	tōng tóng yī qì	73983	j-q-x	1
通同作弊	tōng tóng zuò bì	73984	ua-uo,z-zh	1
通天彻地	tōng tiān chè dì	73985	ian-iang,c-ch	1
通天达地	tōng tiān dá dì	73986	ian-iang	1
通家之好	tōng jiā zhī hǎo	73988	ao-ou,ia-ie,z-zh,h-f,j-q-x	1
通忧共患	tōng yōu gòng huàn	73990	uan-uang,ao-ou,h-f	1
通才硕学	tōng cái shuò xué	73991	ai-ei,ua-uo,c-ch,s-sh,j-q-x	1
通才练识	tōng cái liàn shí	73992	ian-iang,ai-ei,c-ch,s-sh,n-l,r-l	1
通文调武	tōng wén diào wǔ	73993	en-eng	1
通无共有	tōng wú gòng yǒu	73994	ao-ou	1
通时合变	tōng shí hé biàn	73995	ian-iang,s-sh,h-f	1
通材达识	tōng cái dá shí	73996	ai-ei,c-ch,s-sh	1
通衢大邑	tōng qú dà yì	73997	j-q-x	3
通衢广陌	tōng qú guǎng mò	73998	uan-uang,j-q-x	3
通邑大都	tōng yì dà dōu	73999	ao-ou	1
通都大埠	tōng dōu dà bù	74000	ao-ou	1
通都巨邑	tōng dōu jù yì	74001	ao-ou,j-q-x	1
通风报讯	tōng fēng bào xùn	74003	en-eng,ao-ou,h-f,j-q-x	1
通风讨信	tōng fēng tǎo xìn	74005	en-eng,in-ing,ao-ou,h-f,j-q-x	1
通风设备	tōng fēng shè bèi	74006	en-eng,ai-ei,s-sh,h-f	1
通首至尾	tōng shǒu zhì wěi	74007	ai-ei,ao-ou,z-zh,s-sh	1
逝将去汝	shì jiāng qù rǔ	74008	ian-iang,s-sh,r-l,j-q-x	1
逞奇眩异	chěng qí xuàn yì	74009	en-eng,uan-uang,c-ch,j-q-x	3
逞妍斗色	chěng yán dòu sè	74010	en-eng,an-ang,ao-ou,c-ch,s-sh	3
逞娇斗媚	chěng jiāo dòu mèi	74011	en-eng,ai-ei,ao-ou,c-ch,j-q-x	1
逞异夸能	chěng yì kuā néng	74012	en-eng,ua-uo,c-ch,n-l	1
逞强好胜	chěng qiáng hào shèng	74013	en-eng,ian-iang,ao-ou,c-ch,s-sh,h-f,j-q-x	1
逞强称能	chěng qiáng chēng néng	74014	en-eng,ian-iang,c-ch,n-l,j-q-x	1
逞性妄为	chěng xìng wàng wéi	74015	en-eng,in-ing,an-ang,ai-ei,c-ch,j-q-x	1
逞怪披奇	chěng guài pī qí	74016	en-eng,c-ch,j-q-x	1
造作矫揉	zào zuò jiǎo róu	74017	ao-ou,ua-uo,z-zh,r-l,j-q-x	1
造化小儿	zào huà xiǎo ér	74018	ao-ou,ua-uo,z-zh,h-f,j-q-x	1
造因得果	zào yīn dé guǒ	74019	in-ing,ao-ou,ua-uo,z-zh	1
造因结果	zào yīn jié guǒ	74020	in-ing,ao-ou,ia-ie,ua-uo,z-zh,j-q-x	1
造型艺术	zào xíng yì shù	74021	in-ing,ao-ou,z-zh,s-sh,j-q-x	1
造恶不悛	zào è bù quān	74022	uan-uang,ao-ou,z-zh,j-q-x	3
造次行事	zào cì xíng shì	74023	in-ing,ao-ou,z-zh,c-ch,s-sh,j-q-x	1
造端倡始	zào duān chàng shǐ	74024	an-ang,uan-uang,ao-ou,z-zh,c-ch,s-sh	1
造车合辙	zào chē hé zhé	74026	ao-ou,z-zh,c-ch,h-f	1
逢人说项	féng rén shuō xiàng	74027	en-eng,ian-iang,ua-uo,s-sh,h-f,r-l,j-q-x	1
逢吉丁辰	féng jí dīng chén	74028	en-eng,in-ing,c-ch,h-f,j-q-x	1
逢君之恶	féng jūn zhī è	74029	en-eng,z-zh,h-f,j-q-x	1
逢场作乐	féng chǎng zuò lè	74030	en-eng,an-ang,ua-uo,z-zh,c-ch,n-l,h-f,r-l	1
逢场作趣	féng chǎng zuò qù	74031	en-eng,an-ang,ua-uo,z-zh,c-ch,h-f,j-q-x	1
逢场游戏	féng chǎng yóu xì	74032	en-eng,an-ang,ao-ou,c-ch,h-f,j-q-x	1
逢场竿木	féng chǎng gān mù	74033	en-eng,an-ang,c-ch,h-f	1
逢年过节	féng nián guò jié	74034	en-eng,ian-iang,ia-ie,ua-uo,n-l,h-f,j-q-x	1
逢恶导非	féng è dǎo fēi	74035	en-eng,ai-ei,ao-ou,h-f	1
逢时遇节	féng shí yù jié	74036	en-eng,ia-ie,s-sh,h-f,j-q-x	1
逢机遘会	féng jī gòu huì	74037	en-eng,ao-ou,h-f,j-q-x	5
逶迤退食	wēi yí tuì shí	74043	ai-ei,s-sh	3
逸以待劳	yì yǐ dài láo	74045	ai-ei,ao-ou,n-l,r-l	1
逸兴云飞	yì xìng yún fēi	74046	in-ing,ai-ei,h-f,j-q-x	1
逸兴横飞	yì xìng héng fēi	74047	en-eng,in-ing,ai-ei,h-f,j-q-x	1
逸兴遄飞	yì xìng chuán fēi	74048	in-ing,uan-uang,ai-ei,c-ch,h-f,j-q-x	3
逸尘断鞅	yì chén duàn yāng	74049	en-eng,an-ang,uan-uang,c-ch	3
逸态横生	yì tài héng shēng	74050	en-eng,ai-ei,s-sh,h-f	1
逸趣横生	yì qù héng shēng	74051	en-eng,s-sh,h-f,j-q-x	1
逸闻趣事	yì wén qù shì	74052	en-eng,s-sh,j-q-x	1
逼不得已	bī bù dé yǐ	74053		1
逼人太甚	bī rén tài shèn	74054	en-eng,ai-ei,s-sh,r-l	1
逾千越万	yú qiān yuè wàn	74057	an-ang,ian-iang,j-q-x	1
逾墙钻穴	yú qiáng zuàn xué	74058	ian-iang,uan-uang,z-zh,j-q-x	1
逾墙钻隙	yú qiáng zuān xì	74059	ian-iang,uan-uang,z-zh,j-q-x	1
逾沙轶漠	yú shā yì mò	74060	s-sh	3
逾绳越契	yú shéng yuè qì	74061	en-eng,s-sh,j-q-x	1
遁世无闷	dùn shì wú mèn	74062	en-eng,s-sh	3
遁世长往	dùn shì cháng wǎng	74063	an-ang,c-ch,s-sh	3
遁世隐居	dùn shì yǐn jū	74064	in-ing,s-sh,j-q-x	3
遁俗无闷	dùn sú wú mèn	74065	en-eng,s-sh	3
遁入空门	dùn rù kōng mén	74066	en-eng,r-l	3
遁天妄行	dùn tiān wàng xíng	74067	in-ing,an-ang,ian-iang,j-q-x	3
遁形远世	dùn xíng yuǎn shì	74068	in-ing,uan-uang,s-sh,j-q-x	3
遁身远迹	dùn shēn yuǎn jì	74069	en-eng,uan-uang,s-sh,j-q-x	3
遁迹空门	dùn jì kōng mén	74070	en-eng,j-q-x	3
遁迹藏名	dùn jì cáng míng	74071	in-ing,an-ang,c-ch,j-q-x	3
遁迹黄冠	dùn jì huáng guàn	74072	uan-uang,h-f,j-q-x	3
遁逸无闷	dùn yì wú mèn	74073	en-eng	3
遁阴匿景	dùn yīn nì jǐng	74074	in-ing,n-l,j-q-x	3
遂心应手	suì xīn yìng shǒu	74075	in-ing,ao-ou,s-sh,j-q-x	1
遂迷不寤	suí mí bù wù	74077	s-sh	3
遂非文过	suí fēi wén guò	74078	en-eng,ai-ei,ua-uo,s-sh,h-f	1
遇事生风	yù shì shēng fēng	74079	en-eng,s-sh,h-f	1
遇人不淑	yù rén bù shū	74080	en-eng,s-sh,r-l	1
遇难呈祥	yù nàn chéng xiáng	74081	en-eng,an-ang,ian-iang,c-ch,n-l,j-q-x	1
遇难成祥	yù nàn chéng xiáng	74082	en-eng,an-ang,ian-iang,c-ch,n-l,j-q-x	1
遍地开花	biàn dì kāi huā	74084	ian-iang,ai-ei,ua-uo,h-f	1
遏恶扬善	è è yáng shàn	74085	an-ang,s-sh	1
遏渐防萌	è jiàn fáng méng	74086	en-eng,an-ang,ian-iang,h-f,j-q-x	1
遐迩一体	xiá ěr yī tǐ	74087	ia-ie,j-q-x	3
遐迩著闻	xiá ěr zhù wén	74088	en-eng,ia-ie,z-zh,j-q-x	3
道不举遗	dào bù jǔ yí	74089	ao-ou,j-q-x	1
道不掇遗	dào bù duō yí	74090	ao-ou,ua-uo	3
道不相谋	dào bù xiāng móu	74091	ian-iang,ao-ou,j-q-x	1
道东说西	dào dōng shuō xī	74092	ao-ou,ua-uo,s-sh,j-q-x	1
道傍之筑	dào bàng zhī zhù	74093	an-ang,ao-ou,z-zh	1
道傍筑室	dào bàng zhù shì	74094	an-ang,ao-ou,z-zh,s-sh	1
道合志同	dào hé zhì tóng	74096	ao-ou,z-zh,h-f	1
道同义合	dào tóng yì hé	74097	ao-ou,h-f	1
道同契合	dào tóng qì hé	74098	ao-ou,h-f,j-q-x	1
道同志合	dào tóng zhì hé	74099	ao-ou,z-zh,h-f	1
道听涂说	dào tīng tú shuō	74100	in-ing,ao-ou,ua-uo,s-sh	1
道听耳食	dào tīng ěr shí	74101	in-ing,ao-ou,s-sh	1
道在人为	dào zài rén wéi	74102	en-eng,ai-ei,ao-ou,z-zh,r-l	1
道在屎溺	dào zài shǐ nì	74103	ai-ei,ao-ou,z-zh,s-sh,n-l	1
道大莫容	dào dà mò róng	74104	ao-ou,r-l	1
道头会尾	dào tóu huì wěi	74105	ai-ei,ao-ou,h-f	1
道头知尾	dào tóu zhī wěi	74106	ai-ei,ao-ou,z-zh	1
道寡称孤	dào guǎ chēng gū	74107	en-eng,ao-ou,ua-uo,c-ch	1
道尽涂殚	dào jìn tú dān	74108	in-ing,an-ang,ao-ou,j-q-x	3
道尽涂穷	dào jìn tú qióng	74109	in-ing,ao-ou,j-q-x	1
道尽途殚	dào jìn tú dān	74110	in-ing,an-ang,ao-ou,j-q-x	3
道尽途穷	dào jìn tú qióng	74111	in-ing,ao-ou,j-q-x	1
道弟称兄	dào dì chēng xiōng	74112	en-eng,ao-ou,c-ch,j-q-x	1
道微德薄	dào wēi dé báo	74113	ai-ei,ao-ou	1
道德教育	dào dé jiào yù	74114	ao-ou,j-q-x	1
道德行为	dào dé xíng wéi	74115	in-ing,ai-ei,ao-ou,j-q-x	1
道旁苦李	dào páng kǔ lǐ	74116	an-ang,ao-ou,n-l,r-l	1
道无拾遗	dào wú shí yí	74117	ao-ou,s-sh	1
道殣相属	dào jìn xiāng shǔ	74119	in-ing,ian-iang,ao-ou,s-sh,j-q-x	5
道殣相望	dào jìn xiāng wàng	74120	in-ing,an-ang,ian-iang,ao-ou,j-q-x	5
道殣相枕	dào jìn xiāng zhěn	74121	en-eng,in-ing,ian-iang,ao-ou,z-zh,j-q-x	5
道而不径	dào ér bù jìng	74122	in-ing,ao-ou,j-q-x	1
道西说东	dào xī shuō dōng	74123	ao-ou,ua-uo,s-sh,j-q-x	1
道远日暮	dào yuǎn rì mù	74124	uan-uang,ao-ou,r-l	1
道远知骥	dào yuǎn zhī jì	74125	uan-uang,ao-ou,z-zh,j-q-x	3
道道地地	dào dào dì dì	74126	ao-ou	1
道长争短	dào cháng zhēng duǎn	74128	en-eng,an-ang,uan-uang,ao-ou,z-zh,c-ch	1
道长论短	dào cháng lùn duǎn	74129	an-ang,uan-uang,ao-ou,c-ch,n-l,r-l	1
道骨仙风	dào gǔ xiān fēng	74130	en-eng,ian-iang,ao-ou,h-f,j-q-x	1
道高德重	dào gāo dé zhòng	74131	ao-ou,z-zh	1
道高望重	dào gāo wàng zhòng	74132	an-ang,ao-ou,z-zh	1
道高魔重	dào gāo mó zhòng	74133	ao-ou,z-zh	1
遗世忘累	yí shì wàng lěi	74134	an-ang,ai-ei,s-sh,n-l,r-l	1
遗休余烈	yí xiū yú liè	74135	ia-ie,n-l,r-l,j-q-x	1
遗华反质	yí huá fǎn zhì	74140	an-ang,ua-uo,z-zh,h-f	1
遗哂大方	yí shěn dà fāng	74141	en-eng,an-ang,s-sh,h-f	3
遗声余价	yí shēng yú jià	74142	en-eng,ia-ie,s-sh,j-q-x	1
遗大投艰	yí dà tóu jiān	74143	ian-iang,ao-ou,j-q-x	1
遗寝载怀	yí qǐn zài huái	74144	in-ing,ai-ei,z-zh,h-f,j-q-x	1
遗形藏志	yí xíng cáng zhì	74146	in-ing,an-ang,z-zh,c-ch,j-q-x	1
遗德休烈	yí dé xiū liè	74147	ia-ie,n-l,r-l,j-q-x	1
遗惠余泽	yí huì yú zé	74148	z-zh,h-f	1
遗文逸句	yí wén yì jù	74149	en-eng,j-q-x	1
遗物识心	yí wù shí xīn	74150	in-ing,s-sh,j-q-x	1
遗珥堕簪	yí ěr duò zān	74151	an-ang,ua-uo,z-zh	3
遗笑大方	yí xiào dà fāng	74152	an-ang,h-f,j-q-x	1
遗簪堕履	yí zān duò lǚ	74153	an-ang,ua-uo,z-zh,n-l,r-l	3
遗簪堕珥	yí zān duò ěr	74154	an-ang,ua-uo,z-zh	3
遗老遗少	yí lǎo yí shào	74155	ao-ou,s-sh,n-l,r-l	1
遗臭万世	yí chòu wàn shì	74156	an-ang,ao-ou,c-ch,s-sh	1
遗臭万代	yí chòu wàn dài	74157	an-ang,ai-ei,ao-ou,c-ch	1
遗臭万载	yí chòu wàn zǎi	74158	an-ang,ai-ei,ao-ou,z-zh,c-ch	1
遗臭千年	yí chòu qiān nián	74159	ian-iang,ao-ou,c-ch,n-l,j-q-x	1
遗臭千秋	yí chòu qiān qiū	74160	ian-iang,ao-ou,c-ch,j-q-x	1
遗臭无穷	yí chòu wú qióng	74161	ao-ou,c-ch,j-q-x	1
遗艰投大	yí jiān tóu dà	74162	ian-iang,ao-ou,j-q-x	1
遗落世事	yí luò shì shì	74163	ua-uo,s-sh,n-l,r-l	1
遗训余风	yí xùn yú fēng	74164	en-eng,h-f,j-q-x	1
遗风余习	yí fēng yú xí	74165	en-eng,h-f,j-q-x	1
遗风余俗	yí fēng yú sú	74166	en-eng,s-sh,h-f	1
遗风余思	yí fēng yú sī	74167	en-eng,s-sh,h-f	1
遗风余教	yí fēng yú jiào	74168	en-eng,h-f,j-q-x	1
遗风余泽	yí fēng yú zé	74169	en-eng,z-zh,h-f	1
遗风余烈	yí fēng yú liè	74170	en-eng,ia-ie,n-l,h-f,r-l	1
遗风余象	yí fēng yú xiàng	74171	en-eng,ian-iang,h-f,j-q-x	1
遗风余采	yí fēng yú cǎi	74172	en-eng,ai-ei,c-ch,h-f	1
遗风余韵	yí fēng yú yùn	74173	en-eng,h-f	1
遗风古道	yí fēng gǔ dào	74174	en-eng,ao-ou,h-f	1
遗风旧俗	yí fēng jiù sú	74175	en-eng,s-sh,h-f,j-q-x	1
遗风逸尘	yí fēng yì chén	74176	en-eng,c-ch,h-f	1
遗魂亡魄	yí hún wáng pò	74177	an-ang,h-f	1
遣兴陶情	qiǎn xìng táo qíng	74178	in-ing,ian-iang,ao-ou,j-q-x	1
遣兵调将	qiǎn bīng diào jiàng	74179	in-ing,ian-iang,j-q-x	1
遣将征兵	qiǎn jiāng zhēng bīng	74180	en-eng,in-ing,ian-iang,z-zh,j-q-x	1
遣将调兵	qiǎn jiāng diào bīng	74181	in-ing,ian-iang,j-q-x	1
遥呼相应	yáo hū xiāng yìng	74182	in-ing,ian-iang,ao-ou,h-f,j-q-x	1
遥遥华胄	yáo yáo huá zhòu	74183	ao-ou,ua-uo,z-zh,h-f	3
遥遥相对	yáo yáo xiāng duì	74184	ian-iang,ao-ou,j-q-x	1
遨翔自得	áo xiáng zì dé	74185	ian-iang,ao-ou,z-zh,j-q-x	3
遭劫在数	zāo jié zài shù	74186	ai-ei,ao-ou,ia-ie,z-zh,s-sh,j-q-x	1
遭家不造	zāo jiā bù zào	74187	ao-ou,ia-ie,z-zh,j-q-x	1
遭时不偶	zāo shí bù ǒu	74188	ao-ou,z-zh,s-sh	1
遭逢不偶	zāo féng bù ǒu	74189	en-eng,ao-ou,z-zh,h-f	1
遭逢会遇	zāo féng huì yù	74190	en-eng,ao-ou,z-zh,h-f	1
遭逢时会	zāo féng shí huì	74191	en-eng,ao-ou,z-zh,s-sh,h-f	1
遭逢际会	zāo féng jì huì	74192	en-eng,ao-ou,z-zh,h-f,j-q-x	1
遭遇不偶	zāo yù bù ǒu	74193	ao-ou,z-zh	1
遭遇运会	zāo yù yùn huì	74194	ao-ou,z-zh,h-f	1
遭遇际会	zāo yù jì huì	74195	ao-ou,z-zh,h-f,j-q-x	1
遭际不偶	zāo jì bù ǒu	74196	ao-ou,z-zh,j-q-x	1
遭际时会	zāo jì shí huì	74197	ao-ou,z-zh,s-sh,h-f,j-q-x	1
遮三瞒四	zhē sān mán sì	74198	an-ang,z-zh,s-sh	1
遮地漫天	zhē dì màn tiān	74199	an-ang,ian-iang,z-zh	1
遮地盖天	zhē dì gài tiān	74200	ian-iang,ai-ei,z-zh	1
遮天盖日	zhē tiān gài rì	74201	ian-iang,ai-ei,z-zh,r-l	1
遮天迷地	zhē tiān mí dì	74202	ian-iang,z-zh	1
遮空蔽日	zhē kōng bì rì	74204	z-zh,r-l	1
遮风挡雨	zhē fēng dǎng yǔ	74207	en-eng,an-ang,z-zh,h-f	1
遵养待时	zūn yǎng dài shí	74208	an-ang,ai-ei,z-zh,s-sh	1
遵而不失	zūn ér bù shī	74209	z-zh,s-sh	1
避之若浼	bì zhī ruò měi	74210	ai-ei,ua-uo,z-zh,r-l	5
避俗趋新	bì sú qū xīn	74211	in-ing,s-sh,j-q-x	1
避凉附炎	bì liáng fù yán	74212	an-ang,ian-iang,n-l,h-f,r-l	1
避凶趋吉	bì xiōng qū jí	74213	j-q-x	1
避坑落井	bì kēng luò jǐng	74214	en-eng,in-ing,ua-uo,n-l,r-l,j-q-x	1
避强击弱	bì qiáng jī ruò	74215	ian-iang,ua-uo,r-l,j-q-x	1
避强击惰	bì qiáng jī duò	74216	ian-iang,ua-uo,j-q-x	1
避强打弱	bì qiáng dǎ ruò	74217	ian-iang,ua-uo,r-l,j-q-x	1
避毁就誉	bì huǐ jiù yù	74218	h-f,j-q-x	1
避溺山隅	bì nì shān yú	74219	an-ang,s-sh,n-l	1
避烦斗捷	bì fán dòu jié	74220	an-ang,ao-ou,ia-ie,h-f,j-q-x	1
避而不谈	bì ér bù tán	74221	an-ang	1
避迹藏时	bì jì cáng shí	74222	an-ang,c-ch,s-sh,j-q-x	1
避重逐轻	bì zhòng zhú qīng	74223	in-ing,z-zh,j-q-x	1
避阱入坑	bì jǐng rù kēng	74224	en-eng,in-ing,r-l,j-q-x	3
避难就易	bì nán jiù yì	74225	an-ang,n-l,j-q-x	1
避难趋易	bì nán qū yì	74226	an-ang,n-l,j-q-x	1
邀名射利	yāo míng shè lì	74228	in-ing,ao-ou,s-sh,n-l,r-l	1
邂逅不偶	xiè hòu bù ǒu	74229	ao-ou,ia-ie,h-f,j-q-x	3
邂逅相逢	xiè hòu xiāng féng	74230	en-eng,ian-iang,ao-ou,ia-ie,h-f,j-q-x	3
邂逅相遇	xiè hòu xiāng yù	74231	ian-iang,ao-ou,ia-ie,h-f,j-q-x	3
邈若山河	miǎo ruò shān hé	74233	an-ang,ua-uo,s-sh,h-f,r-l	3
邈若河山	miǎo ruò hé shān	74234	an-ang,ua-uo,s-sh,h-f,r-l	3
邈若河汉	miǎo ruò hé hàn	74235	an-ang,ua-uo,h-f,r-l	3
那不勒斯	nà bù lè sī	74237	s-sh,n-l,r-l	1
邪不伐正	xié bù fá zhèng	74240	en-eng,ia-ie,z-zh,h-f,j-q-x	1
邪不压正	xié bù yā zhèng	74241	en-eng,ia-ie,z-zh,j-q-x	1
邪不干正	xié bù gān zhèng	74242	en-eng,an-ang,ia-ie,z-zh,j-q-x	1
邪不敌正	xié bù dí zhèng	74243	en-eng,ia-ie,z-zh,j-q-x	1
邪不犯正	xié bù fàn zhèng	74244	en-eng,an-ang,ia-ie,z-zh,h-f,j-q-x	1
邪不胜正	xié bù shèng zhèng	74245	en-eng,ia-ie,z-zh,s-sh,j-q-x	1
邪魔外祟	xié mó wài suì	74247	ai-ei,ia-ie,s-sh,j-q-x	1
邪魔外道	xié mó wài dào	74248	ai-ei,ao-ou,ia-ie,j-q-x	1
邪魔怪道	xié mó guài dào	74249	ao-ou,ia-ie,j-q-x	1
邪魔歪道	xié mó wāi dào	74250	ai-ei,ao-ou,ia-ie,j-q-x	1
邯郸重步	hán dān zhòng bù	74252	an-ang,z-zh,h-f	3
邹缨齐紫	zōu yīng qí zǐ	74253	in-ing,ao-ou,z-zh,j-q-x	3
邺架之藏	yè jià zhī cáng	74254	an-ang,ia-ie,z-zh,c-ch,j-q-x	3
邻女窥墙	lín nǚ kuī qiáng	74255	in-ing,ian-iang,n-l,r-l,j-q-x	1
邻女詈人	lín nǚ lì rén	74256	en-eng,in-ing,n-l,r-l	3
郁郁不乐	yù yù bù lè	74259	n-l,r-l	1
郁郁累累	yù yù lěi lěi	74260	ai-ei,n-l,r-l	1
郎才女姿	láng cái nǚ zī	74262	an-ang,ai-ei,z-zh,c-ch,n-l,r-l	1
郑重其辞	zhèng zhòng qí cí	74264	en-eng,z-zh,c-ch,j-q-x	1
郢中白雪	yǐng zhōng bái xuě	74268	in-ing,ai-ei,z-zh,j-q-x	3
郢书燕说	yǐng shū yān shuō	74269	in-ing,an-ang,ua-uo,s-sh	3
部分切除	bù fèn qiē chú	74271	en-eng,ia-ie,c-ch,h-f,j-q-x	1
都中纸贵	dū zhōng zhǐ guì	74272	z-zh	1
都头异姓	dū tóu yì xìng	74273	in-ing,ao-ou,j-q-x	1
鄙于不屑	bǐ yú bù xiè	74280	ia-ie,j-q-x	1
鄙俚浅陋	bǐ lǐ qiǎn lòu	74281	ian-iang,ao-ou,n-l,r-l,j-q-x	3
鄙夷不屑	bǐ yí bù xiè	74283	ia-ie,j-q-x	1
酌古参今	zhuó gǔ cān jīn	74286	in-ing,an-ang,ua-uo,z-zh,c-ch,j-q-x	1
酌水知源	zhuó shuǐ zhī yuán	74288	uan-uang,ua-uo,z-zh,s-sh	1
配享从汜	pèi xiǎng cóng sì	74289	ian-iang,ai-ei,c-ch,s-sh,j-q-x	3
配音演员	pèi yīn yǎn yuán	74294	in-ing,an-ang,uan-uang,ai-ei	1
酒囊饭包	jiǔ náng fàn bāo	74296	an-ang,ao-ou,n-l,h-f,j-q-x	1
酒地花天	jiǔ dì huā tiān	74297	ian-iang,ua-uo,h-f,j-q-x	1
酒有别肠	jiǔ yǒu bié cháng	74301	an-ang,ao-ou,ia-ie,c-ch,j-q-x	1
酒瓮饭囊	jiǔ wèng fàn náng	74303	en-eng,an-ang,n-l,h-f,j-q-x	3
酒绿灯红	jiǔ lǜ dēng hóng	74305	en-eng,n-l,h-f,r-l,j-q-x	1
酒肉兄弟	jiǔ ròu xiōng dì	74306	ao-ou,r-l,j-q-x	1
酒酸不售	jiǔ suān bù shòu	74307	uan-uang,ao-ou,s-sh,j-q-x	1
酒阑人散	jiǔ lán rén sàn	74309	en-eng,an-ang,s-sh,n-l,r-l,j-q-x	3
酒食地狱	jiǔ shí dì yù	74310	s-sh,j-q-x	1
酒食征逐	jiǔ shí zhēng zhú	74311	en-eng,z-zh,s-sh,j-q-x	1
酣嬉淋漓	hān xī lín lí	74313	in-ing,an-ang,n-l,h-f,r-l,j-q-x	3
酣畅淋漓	hān chàng lín lí	74314	in-ing,an-ang,c-ch,n-l,h-f,r-l	1
酣痛淋漓	hān tòng lín lí	74315	in-ing,an-ang,n-l,h-f,r-l	1
酩酊烂醉	mǐng dǐng làn zuì	74317	in-ing,an-ang,z-zh,n-l,r-l	3
酬功给效	chóu gōng gěi xiào	74318	ai-ei,ao-ou,c-ch,j-q-x	1
酸不溜丢	suān bù liū diū	74321	uan-uang,s-sh,n-l,r-l	1
酸文假醋	suān wén jiǎ cù	74322	en-eng,uan-uang,ia-ie,c-ch,s-sh,j-q-x	1
醉吐相茵	zuì tǔ xiāng yīn	74325	in-ing,ian-iang,z-zh,j-q-x	1
醉山颓倒	zuì shān tuí dǎo	74326	an-ang,ao-ou,z-zh,s-sh	1
醴酒不设	lǐ jiǔ bù shè	74330	s-sh,n-l,r-l,j-q-x	3
采兰赠芍	cǎi lán zèng sháo	74331	en-eng,an-ang,ai-ei,ao-ou,z-zh,c-ch,s-sh,n-l,r-l	3
采兰赠药	cǎi lán zèng yào	74332	en-eng,an-ang,ai-ei,ao-ou,z-zh,c-ch,n-l,r-l	1
采凤随鸦	cǎi fèng suí yā	74333	en-eng,ai-ei,c-ch,s-sh,h-f	1
采及葑菲	cǎi jí fēng fēi	74335	en-eng,ai-ei,c-ch,h-f,j-q-x	3
采椽不斫	cǎi chuán bù zhuó	74339	uan-uang,ai-ei,ua-uo,z-zh,c-ch	3
采葑采菲	cǎi fēng cǎi fēi	74345	en-eng,ai-ei,c-ch,h-f	3
采薪之忧	cǎi xīn zhī yōu	74346	in-ing,ai-ei,ao-ou,z-zh,c-ch,j-q-x	1
采薪之患	cǎi xīn zhī huàn	74347	in-ing,uan-uang,ai-ei,z-zh,c-ch,h-f,j-q-x	1
采薪之疾	cǎi xīn zhī jí	74348	in-ing,ai-ei,z-zh,c-ch,j-q-x	1
采风问俗	cǎi fēng wèn sú	74352	en-eng,ai-ei,c-ch,s-sh,h-f	1
释知遗形	shì zhī yí xíng	74356	in-ing,z-zh,s-sh,j-q-x	1
里勾外连	lǐ gōu wài lián	74357	ian-iang,ai-ei,ao-ou,n-l,r-l	1
里外夹攻	lǐ wài jiā gōng	74358	ai-ei,ia-ie,n-l,r-l,j-q-x	1
里挑外撅	lǐ tiǎo wài juē	74360	ai-ei,n-l,r-l,j-q-x	3
里谈巷议	lǐ tán xiàng yì	74361	an-ang,ian-iang,n-l,r-l,j-q-x	1
重三叠四	chóng sān dié sì	74363	an-ang,ia-ie,c-ch,s-sh	1
重三迭四	chóng sān dié sì	74364	an-ang,ia-ie,c-ch,s-sh	1
重义轻生	zhòng yì qīng shēng	74365	en-eng,in-ing,z-zh,s-sh,j-q-x	1
重义轻财	zhòng yì qīng cái	74366	in-ing,ai-ei,z-zh,c-ch,j-q-x	1
重九登高	chóng jiǔ dēng gāo	74368	en-eng,ao-ou,c-ch,j-q-x	1
重作冯妇	chóng zuò féng fù	74369	en-eng,ua-uo,z-zh,c-ch,h-f	1
重光累洽	chóng guāng lèi qià	74371	uan-uang,ai-ei,ia-ie,c-ch,n-l,r-l,j-q-x	1
重关击柝	chóng guān jī tuò	74372	uan-uang,ua-uo,c-ch,j-q-x	3
重兴旗鼓	chóng xīng qí gǔ	74373	in-ing,c-ch,j-q-x	1
重厚寡言	zhòng hòu guǎ yán	74376	an-ang,ao-ou,ua-uo,z-zh,h-f	1
重厚少文	zhòng hòu shǎo wén	74377	en-eng,ao-ou,z-zh,s-sh,h-f	1
重圭叠组	chóng guī dié zǔ	74379	ia-ie,z-zh,c-ch	3
重垣叠锁	chóng yuán dié suǒ	74380	uan-uang,ia-ie,ua-uo,c-ch,s-sh	3
重垣迭锁	chóng yuán dié suǒ	74381	uan-uang,ia-ie,ua-uo,c-ch,s-sh	3
重山复岭	chóng shān fù lǐng	74383	in-ing,an-ang,c-ch,s-sh,n-l,h-f,r-l	1
重山复水	chóng shān fù shuǐ	74384	an-ang,c-ch,s-sh,h-f	1
重山峻岭	chóng shān jùn lǐng	74385	in-ing,an-ang,c-ch,s-sh,n-l,r-l,j-q-x	1
重岩叠嶂	chóng yán dié zhàng	74386	an-ang,ia-ie,z-zh,c-ch	3
重岩迭嶂	zhòng yán dié zhàng	74387	an-ang,ia-ie,z-zh	3
重岩迭障	chóng yán dié zhàng	74388	an-ang,ia-ie,z-zh,c-ch	1
重峦复嶂	chóng luán fù zhàng	74389	an-ang,uan-uang,z-zh,c-ch,n-l,h-f,r-l	3
重峦迭嶂	chóng luán dié zhàng	74390	an-ang,uan-uang,ia-ie,z-zh,c-ch,n-l,r-l	3
重床叠屋	chóng chuáng dié wū	74392	uan-uang,ia-ie,c-ch	1
重床叠架	chóng chuáng dié jià	74393	uan-uang,ia-ie,c-ch,j-q-x	1
重床迭屋	chóng chuáng dié wū	74394	uan-uang,ia-ie,c-ch	1
重床迭架	chóng chuáng dié jià	74395	uan-uang,ia-ie,c-ch,j-q-x	1
重手累足	chóng shǒu lěi zú	74397	ai-ei,ao-ou,z-zh,c-ch,s-sh,n-l,r-l	1
重操旧业	chóng cāo jiù yè	74399	ao-ou,c-ch,j-q-x	1
重明继焰	chóng míng jì yàn	74401	in-ing,an-ang,c-ch,j-q-x	1
重望高名	zhòng wàng gāo míng	74403	in-ing,an-ang,ao-ou,z-zh	1
重气徇命	zhòng qì xùn mìng	74405	in-ing,z-zh,j-q-x	3
重气轻命	zhòng qì qīng mìng	74406	in-ing,z-zh,j-q-x	1
重气轻生	zhòng qì qīng shēng	74407	en-eng,in-ing,z-zh,s-sh,j-q-x	1
重温旧业	chóng wēn jiù yè	74411	en-eng,c-ch,j-q-x	1
重熙累叶	chóng xī lěi yè	74412	ai-ei,c-ch,n-l,r-l,j-q-x	1
重熙累洽	chóng xī lěi qià	74413	ai-ei,ia-ie,c-ch,n-l,r-l,j-q-x	1
重熙累盛	chóng xī lěi shèng	74414	en-eng,ai-ei,c-ch,s-sh,n-l,r-l,j-q-x	1
重熙累绩	chóng xī lěi jì	74415	ai-ei,c-ch,n-l,r-l,j-q-x	1
重珪叠组	chóng guī dié zǔ	74417	ia-ie,z-zh,c-ch	5
重珪迭组	chóng guī dié zǔ	74418	ia-ie,z-zh,c-ch	5
重理旧业	chóng lǐ jiù yè	74419	c-ch,n-l,r-l,j-q-x	1
重生父母	chóng shēng fù mǔ	74420	en-eng,c-ch,s-sh,h-f	1
重生爷娘	chóng shēng yé niáng	74421	en-eng,ian-iang,c-ch,s-sh,n-l	1
重男轻女	zhòng nán qīng nǚ	74422	in-ing,an-ang,z-zh,n-l,j-q-x	1
重睹天日	chóng dǔ tiān rì	74423	ian-iang,c-ch,r-l	1
重纸累札	chóng zhǐ lěi zhá	74425	ai-ei,z-zh,c-ch,n-l,r-l	3
重葩累藻	chóng pā lèi zǎo	74431	ai-ei,ao-ou,z-zh,c-ch,n-l,r-l	3
重规叠矩	chóng guī dié jǔ	74434	ia-ie,c-ch,j-q-x	1
重规沓矩	chóng guī tà jǔ	74435	c-ch,j-q-x	3
重规累矩	chóng guī lèi jǔ	74436	ai-ei,c-ch,n-l,r-l,j-q-x	1
重规袭矩	chóng guī xí jǔ	74437	c-ch,j-q-x	1
重规迭矩	chóng guī dié jǔ	74438	ia-ie,c-ch,j-q-x	1
重财轻义	zhòng cái qīng yì	74440	in-ing,ai-ei,z-zh,c-ch,j-q-x	1
重足一迹	chóng zú yī jì	74441	z-zh,c-ch,j-q-x	1
重足屏息	chóng zú bǐng xī	74442	in-ing,z-zh,c-ch,j-q-x	1
重足屏气	chóng zú bǐng qì	74443	in-ing,z-zh,c-ch,j-q-x	1
重足累息	chóng zú lèi xī	74444	ai-ei,z-zh,c-ch,n-l,r-l,j-q-x	1
重足而立	chóng zú ér lì	74445	z-zh,c-ch,n-l,r-l	1
重迹屏气	chóng jì bǐng qì	74448	in-ing,c-ch,j-q-x	1
重逆无道	zhòng nì wú dào	74449	ao-ou,z-zh,n-l	1
重金兼紫	zhòng jīn jiān zǐ	74451	in-ing,ian-iang,z-zh,j-q-x	1
重金袭汤	chóng jīn xí tāng	74452	in-ing,an-ang,c-ch,j-q-x	1
重铬酸钾	chóng gè suān jiǎ	74453	uan-uang,ia-ie,c-ch,s-sh,j-q-x	3
重门击柝	chóng mén jī tuò	74454	en-eng,ua-uo,c-ch,j-q-x	3
野人奏曝	yě rén zòu pù	74456	en-eng,ao-ou,z-zh,r-l	1
野人献曝	yě rén xiàn pù	74457	en-eng,ian-iang,r-l,j-q-x	1
野没遗贤	yě méi yí xián	74458	ian-iang,ai-ei,j-q-x	1
野调无腔	yě diào wú qiāng	74459	ian-iang,j-q-x	1
量入计出	liàng rù jì chū	74461	ian-iang,c-ch,n-l,r-l,j-q-x	1
量凿正枘	liàng záo zhèng ruì	74462	en-eng,ian-iang,ao-ou,z-zh,n-l,r-l	5
量力度德	liàng lì duó dé	74463	ian-iang,ua-uo,n-l,r-l	1
量力而为	liàng lì ér wéi	74464	ian-iang,ai-ei,n-l,r-l	1
量如江海	liàng rú jiāng hǎi	74466	ian-iang,ai-ei,n-l,h-f,r-l,j-q-x	1
量子力学	liàng zǐ lì xué	74468	ian-iang,z-zh,n-l,r-l,j-q-x	1
量小力微	liàng xiǎo lì wēi	74469	ian-iang,ai-ei,n-l,r-l,j-q-x	1
量己审分	liàng jǐ shěn fēn	74470	en-eng,ian-iang,s-sh,n-l,h-f,r-l,j-q-x	1
量才器使	liàng cái qì shǐ	74471	ian-iang,ai-ei,c-ch,s-sh,n-l,r-l,j-q-x	1
量才录用	liàng cái lù yòng	74472	ian-iang,ai-ei,c-ch,n-l,r-l	1
量才而为	liàng cái ér wéi	74473	ian-iang,ai-ei,c-ch,n-l,r-l	1
量时度力	liàng shí dù lì	74474	ian-iang,s-sh,n-l,r-l	1
量材录用	liàng cái lù yòng	74475	ian-iang,ai-ei,c-ch,n-l,r-l	1
量枘制凿	liàng ruì zhì záo	74476	ian-iang,ao-ou,z-zh,n-l,r-l	5
量能授官	liàng néng shòu guān	74482	en-eng,ian-iang,uan-uang,ao-ou,s-sh,n-l,r-l	1
量金买赋	liàng jīn mǎi fù	74487	in-ing,ian-iang,ai-ei,n-l,h-f,r-l,j-q-x	1
金丹换骨	jīn dān huàn gǔ	74489	in-ing,an-ang,uan-uang,h-f,j-q-x	1
金光盖地	jīn guāng gài dì	74491	in-ing,uan-uang,ai-ei,j-q-x	1
金兰之契	jīn lán zhī qì	74492	in-ing,an-ang,z-zh,n-l,r-l,j-q-x	1
金匮石室	jīn guì shí shì	74494	in-ing,s-sh,j-q-x	3
金台市骏	jīn tái shì jùn	74496	in-ing,ai-ei,s-sh,j-q-x	1
金吾不禁	jīn wú bù jìn	74498	in-ing,j-q-x	1
金城汤池	jīn chéng tāng chí	74500	en-eng,in-ing,an-ang,c-ch,j-q-x	1
金城石室	jīn chéng shí shì	74501	en-eng,in-ing,c-ch,s-sh,j-q-x	1
金声掷地	jīn shēng zhì dì	74502	en-eng,in-ing,z-zh,s-sh,j-q-x	1
金声玉服	jīn shēng yù fú	74503	en-eng,in-ing,s-sh,h-f,j-q-x	1
金尽裘弊	jīn jìn qiú bì	74504	in-ing,j-q-x	3
金尽裘敝	jīn jìn qiú bì	74505	in-ing,j-q-x	3
金属陶瓷	jīn shǔ táo cí	74506	in-ing,ao-ou,c-ch,s-sh,j-q-x	1
金榜挂名	jīn bǎng guà míng	74511	in-ing,an-ang,ua-uo,j-q-x	1
金汤之固	jīn tāng zhī gù	74514	in-ing,an-ang,z-zh,j-q-x	1
金浆玉液	jīn jiāng yù yè	74518	in-ing,ian-iang,j-q-x	1
金浆玉醴	jīn jiāng yù lǐ	74519	in-ing,ian-iang,n-l,r-l,j-q-x	3
金淘沙拣	jīn táo shā jiǎn	74520	in-ing,ian-iang,ao-ou,s-sh,j-q-x	1
金玉其质	jīn yù qí zhì	74521	in-ing,z-zh,j-q-x	1
金瓶落井	jīn píng luò jǐng	74523	in-ing,ua-uo,n-l,r-l,j-q-x	1
金相玉式	jīn xiāng yù shì	74525	in-ing,ian-iang,s-sh,j-q-x	1
金相玉振	jīn xiāng yù zhèn	74526	en-eng,in-ing,ian-iang,z-zh,j-q-x	1
金相玉映	jīn xiāng yù yìng	74527	in-ing,ian-iang,j-q-x	1
金相玉质	jīn xiàng yù zhì	74528	in-ing,ian-iang,z-zh,j-q-x	1
金石不渝	jīn shí bù yú	74529	in-ing,s-sh,j-q-x	1
金石丝竹	jīn shí sī zhú	74530	in-ing,z-zh,s-sh,j-q-x	1
金石之交	jīn shí zhī jiāo	74531	in-ing,z-zh,s-sh,j-q-x	1
金石之功	jīn shí zhī gōng	74532	in-ing,z-zh,s-sh,j-q-x	1
金石之坚	jīn shí zhī jiān	74533	in-ing,ian-iang,z-zh,s-sh,j-q-x	1
金石之策	jīn shí zhī cè	74534	in-ing,z-zh,c-ch,s-sh,j-q-x	1
金石之言	jīn shí zhī yán	74535	in-ing,an-ang,z-zh,s-sh,j-q-x	1
金石之计	jīn shí zhī jì	74536	in-ing,z-zh,s-sh,j-q-x	1
金石交情	jīn shí jiāo qíng	74537	in-ing,s-sh,j-q-x	1
金石可开	jīn shí kě kāi	74538	in-ing,ai-ei,s-sh,j-q-x	1
金石至交	jīn shí zhì jiāo	74540	in-ing,z-zh,s-sh,j-q-x	1
金石良言	jīn shí liáng yán	74541	in-ing,an-ang,ian-iang,s-sh,n-l,r-l,j-q-x	1
金科玉条	jīn kē yù tiáo	74542	in-ing,j-q-x	1
金章玉句	jīn zhāng yù jù	74543	in-ing,an-ang,z-zh,j-q-x	1
金翅擘海	jīn chì bāi hǎi	74544	in-ing,ai-ei,c-ch,h-f,j-q-x	3
金谷酒数	jīn gǔ jiǔ shù	74547	in-ing,s-sh,j-q-x	1
金针度人	jīn zhēn dù rén	74548	en-eng,in-ing,z-zh,r-l,j-q-x	1
金针见血	jīn zhēn jiàn xuè	74549	en-eng,in-ing,ian-iang,z-zh,j-q-x	1
金钗细合	jīn chāi xì hé	74550	in-ing,ai-ei,c-ch,h-f,j-q-x	3
金镳玉络	jīn biāo yù luò	74551	in-ing,ua-uo,n-l,r-l,j-q-x	3
金风玉露	jīn fēng yù lù	74553	en-eng,in-ing,n-l,h-f,r-l,j-q-x	1
金风送爽	jīn fēng sòng shuǎng	74554	en-eng,in-ing,uan-uang,s-sh,h-f,j-q-x	1
金鼓齐鸣	jīn gǔ qí míng	74555	in-ing,j-q-x	1
金龟换酒	jīn guī huàn jiǔ	74557	in-ing,uan-uang,h-f,j-q-x	1
釜中之鱼	fǔ zhōng zhī yú	74558	z-zh,h-f	3
釜中游鱼	fǔ zhōng yóu yú	74559	ao-ou,z-zh,h-f	3
釜中生尘	fǔ zhōng shēng chén	74560	en-eng,z-zh,c-ch,s-sh,h-f	3
釜中生鱼	fǔ zhōng shēng yú	74561	en-eng,z-zh,s-sh,h-f	3
釜底游魂	fǔ dǐ yóu hún	74562	ao-ou,h-f	3
釜鱼幕燕	fǔ yú mù yàn	74563	an-ang,h-f	3
鉴影度形	jiàn yǐng duó xíng	74564	in-ing,ian-iang,ua-uo,j-q-x	1
鉴往知来	jiàn wǎng zhī lái	74565	an-ang,ian-iang,ai-ei,z-zh,n-l,r-l,j-q-x	1
鉴机识变	jiàn jī shí biàn	74566	ian-iang,s-sh,j-q-x	1
鉴空衡平	jiàn kōng héng píng	74567	en-eng,in-ing,ian-iang,h-f,j-q-x	1
针刺麻醉	zhēn cì má zuì	74571	en-eng,z-zh,c-ch	1
针头削铁	zhēn tóu xuē tiě	74574	en-eng,ao-ou,ia-ie,z-zh,j-q-x	1
针头线尾	zhēn tóu xiàn wěi	74575	en-eng,ian-iang,ai-ei,ao-ou,z-zh,j-q-x	1
针芥之合	zhēn jiè zhī hé	74576	en-eng,ia-ie,z-zh,h-f,j-q-x	1
针芥之契	zhēn jiè zhī qì	74577	en-eng,ia-ie,z-zh,j-q-x	1
针芥之投	zhēn jiè zhī tóu	74578	en-eng,ao-ou,ia-ie,z-zh,j-q-x	1
针芥相投	zhēn jiè xiāng tóu	74579	en-eng,ian-iang,ao-ou,ia-ie,z-zh,j-q-x	1
钉嘴铁舌	dīng zuǐ tiě shé	74582	in-ing,ia-ie,z-zh,s-sh	1
钉头磷磷	dīng tóu lín lín	74584	in-ing,ao-ou,n-l,r-l	1
钓名要誉	diào míng yào yù	74593	in-ing,ao-ou	1
钓游之地	diào yóu zhī dì	74594	ao-ou,z-zh	1
钗横鬓乱	chāi héng bìn luàn	74597	en-eng,in-ing,uan-uang,ai-ei,c-ch,n-l,h-f,r-l	3
钜人长德	jù rén cháng dé	74598	en-eng,an-ang,c-ch,r-l,j-q-x	5
钜细靡遗	jù xì mǐ yí	74599	j-q-x	5
钟漏并歇	zhōng lòu bìng xiē	74600	in-ing,ao-ou,ia-ie,z-zh,n-l,r-l,j-q-x	1
钟鸣漏尽	zhōng míng lòu jìn	74601	in-ing,ao-ou,z-zh,n-l,r-l,j-q-x	1
钟鸣鼎重	zhōng míng dǐng zhòng	74602	in-ing,z-zh	1
钟鼎之家	zhōng dǐng zhī jiā	74603	in-ing,ia-ie,z-zh,j-q-x	1
钟鼎人家	zhōng dǐng rén jia	74604	en-eng,in-ing,ia-ie,z-zh,r-l,j-q-x	1
钢浇铁铸	gāng jiāo tiě zhù	74608	an-ang,ia-ie,z-zh,j-q-x	1
钧天广乐	jūn tiān guǎng yuè	74620	ian-iang,uan-uang,j-q-x	1
钩元提要	gōu yuán tí yào	74622	uan-uang,ao-ou	1
钩元摘秘	gōu yuán zhāi mì	74623	uan-uang,ai-ei,ao-ou,z-zh	1
钩深图远	gōu shēn tú yuǎn	74624	en-eng,uan-uang,ao-ou,s-sh	1
钩深极奥	gōu shēn jí ào	74625	en-eng,ao-ou,s-sh,j-q-x	1
钩深索隐	gōu shēn suǒ yǐn	74626	en-eng,in-ing,ao-ou,ua-uo,s-sh	1
钩深致远	gōu shēn zhì yuǎn	74627	en-eng,uan-uang,ao-ou,z-zh,s-sh	1
钩爪锯牙	gōu zhǎo jù yá	74628	ao-ou,z-zh,j-q-x	1
钩玄提要	gōu xuán tí yào	74629	uan-uang,ao-ou,j-q-x	1
钩玄猎秘	gōu xuán liè mì	74630	uan-uang,ao-ou,ia-ie,n-l,r-l,j-q-x	1
钩章棘句	gōu zhāng jí jù	74631	an-ang,ao-ou,z-zh,j-q-x	1
钱可通神	qián kě tōng shén	74632	en-eng,ian-iang,s-sh,j-q-x	1
钳口不言	qián kǒu bù yán	74635	an-ang,ian-iang,ao-ou,j-q-x	1
钳口结舌	qián kǒu jié shé	74636	ian-iang,ao-ou,ia-ie,s-sh,j-q-x	1
钻冰取火	zuàn bīng qǔ huǒ	74638	in-ing,uan-uang,ua-uo,z-zh,h-f,j-q-x	1
钻冰求火	zuān bīng qiú huǒ	74639	in-ing,uan-uang,ua-uo,z-zh,h-f,j-q-x	1
钻冰求酥	zuān bīng qiú sū	74640	in-ing,uan-uang,z-zh,s-sh,j-q-x	1
钻坚仰高	zuàn jiān yǎng gāo	74642	an-ang,ian-iang,uan-uang,ao-ou,z-zh,j-q-x	1
钻坚研微	zuàn jiān yán wēi	74643	an-ang,ian-iang,uan-uang,ai-ei,z-zh,j-q-x	1
钻天打洞	zuān tiān dǎ dòng	74644	ian-iang,uan-uang,z-zh	1
钻天觅缝	zuàn tiān mì féng	74645	en-eng,ian-iang,uan-uang,z-zh,h-f	1
钻头就锁	zuàn tóu jiù suǒ	74646	uan-uang,ao-ou,ua-uo,z-zh,s-sh,j-q-x	1
钻头觅缝	zuān tóu mì fèng	74647	en-eng,uan-uang,ao-ou,z-zh,h-f	1
钻山塞海	zuàn shān sāi hǎi	74648	an-ang,uan-uang,ai-ei,z-zh,s-sh,h-f	1
钻心刺骨	zuàn xīn cì gǔ	74649	in-ing,uan-uang,z-zh,c-ch,j-q-x	1
钻懒帮闲	zuān lǎn bāng xián	74651	an-ang,ian-iang,uan-uang,z-zh,n-l,r-l,j-q-x	1
钻故纸堆	zuàn gù zhǐ duī	74653	uan-uang,z-zh	1
钻木取火	zuān mù qǔ huǒ	74654	uan-uang,ua-uo,z-zh,h-f,j-q-x	1
钻洞觅缝	zuàn dòng mì féng	74656	en-eng,uan-uang,z-zh,h-f	1
钻火得冰	zuān huǒ dé bīng	74657	in-ing,uan-uang,ua-uo,z-zh,h-f	1
钻皮出羽	zuān pí chū yǔ	74659	uan-uang,z-zh,c-ch	1
钻穴逾垣	zuàn xué yú yuán	74660	uan-uang,z-zh,j-q-x	3
钻穴逾墙	zuān xué yú qiáng	74661	ian-iang,uan-uang,z-zh,j-q-x	1
钻穴逾隙	zuān xué yú xì	74662	uan-uang,z-zh,j-q-x	1
钻隙逾墙	zuān xì yú qiáng	74665	ian-iang,uan-uang,z-zh,j-q-x	1
钿合金钗	diàn hé jīn chāi	74666	in-ing,ian-iang,ai-ei,c-ch,h-f,j-q-x	3
铁中铮铮	tiě zhōng zhēng zhēng	74667	en-eng,ia-ie,z-zh	3
铁嘴钢牙	tiě zuǐ gāng yá	74671	an-ang,ia-ie,z-zh	1
铁心石肠	tiě xīn shí cháng	74673	in-ing,an-ang,ia-ie,c-ch,s-sh,j-q-x	1
铁扇公主	tiě shàn gōng zhǔ	74674	an-ang,ia-ie,z-zh,s-sh	1
铁打心肠	tiě dǎ xīn cháng	74675	in-ing,an-ang,ia-ie,c-ch,j-q-x	1
铁打铜铸	tiě dǎ tóng zhù	74676	ia-ie,z-zh	1
铁板不易	tiě bǎn bù yì	74677	an-ang,ia-ie	1
铁树开华	tiě shù kāi huā	74678	ai-ei,ia-ie,ua-uo,s-sh,h-f	1
铁狱铜笼	tiě yù tóng lóng	74683	ia-ie,n-l,r-l	1
铁石心肝	tiě shí xīn gān	74686	in-ing,an-ang,ia-ie,s-sh,j-q-x	1
铁砚磨穿	tiě yàn mó chuān	74688	an-ang,uan-uang,ia-ie,c-ch	1
铁窗风味	tiě chuāng fēng wèi	74689	en-eng,uan-uang,ai-ei,ia-ie,c-ch,h-f	1
铁绰铜琶	tiě chāo tóng pá	74691	ao-ou,ia-ie,c-ch	3
铁肠石心	tiě cháng shí xīn	74693	in-ing,an-ang,ia-ie,c-ch,s-sh,j-q-x	1
铁血政策	tiě xuè zhèng cè	74694	en-eng,ia-ie,z-zh,c-ch,j-q-x	1
铁路车辆	tiě lù chē liàng	74695	ian-iang,ia-ie,c-ch,n-l,r-l	1
铄古切今	shuò gǔ qiē jīn	74698	in-ing,ia-ie,ua-uo,s-sh,j-q-x	3
铄石流金	shuò shí liú jīn	74699	in-ing,ua-uo,s-sh,n-l,r-l,j-q-x	3
铄金毁骨	shuò jīn huǐ gǔ	74700	in-ing,ua-uo,s-sh,h-f,j-q-x	3
铅刀一割	qiān dāo yī gē	74703	ian-iang,ao-ou,j-q-x	1
铜头铁臂	tóng tóu tiě bì	74715	ao-ou,ia-ie	1
铜头铁额	tóng tóu tiě é	74716	ao-ou,ia-ie	1
铜打铁铸	tóng dǎ tiě zhù	74717	ia-ie,z-zh	1
铜盘重肉	tóng pán zhòng ròu	74719	an-ang,ao-ou,z-zh,r-l	1
铜筋铁肋	tóng jīn tiě lèi	74720	in-ing,ai-ei,ia-ie,n-l,r-l,j-q-x	1
铜筋铁骨	tóng jīn tiě gǔ	74721	in-ing,ia-ie,j-q-x	1
铜臭熏天	tóng chòu xūn tiān	74722	ian-iang,ao-ou,c-ch,j-q-x	1
铢两分寸	zhū liǎng fēn cùn	74724	en-eng,ian-iang,z-zh,c-ch,n-l,h-f,r-l	3
铢两悉称	zhū liǎng xī chèn	74725	en-eng,ian-iang,z-zh,c-ch,n-l,r-l,j-q-x	3
铢两相称	zhū liǎng xiāng chèn	74726	en-eng,ian-iang,z-zh,c-ch,n-l,r-l,j-q-x	3
铢分毫析	zhū fēn háo xī	74727	en-eng,ao-ou,z-zh,h-f,j-q-x	3
铢寸累积	zhū cùn lèi jī	74728	ai-ei,z-zh,c-ch,n-l,r-l,j-q-x	3
铢积丝累	zhū jī sī lèi	74729	ai-ei,z-zh,s-sh,n-l,r-l,j-q-x	3
铢积寸累	zhū jī cùn lěi	74730	ai-ei,z-zh,c-ch,n-l,r-l,j-q-x	3
铢积锱累	zhū jī zī lèi	74731	ai-ei,z-zh,n-l,r-l,j-q-x	3
铢称寸量	zhū chēng cùn liáng	74732	en-eng,ian-iang,z-zh,c-ch,n-l,r-l	3
铢累寸积	zhū lèi cùn jī	74733	ai-ei,z-zh,c-ch,n-l,r-l,j-q-x	3
铢量寸度	zhū liáng cùn duó	74734	ian-iang,ua-uo,z-zh,c-ch,n-l,r-l	3
铢铢校量	zhū zhū xiào liàng	74735	ian-iang,z-zh,n-l,r-l,j-q-x	3
铢铢较量	zhū zhū jiào liàng	74736	ian-iang,z-zh,n-l,r-l,j-q-x	3
铤鹿走险	dìng lù zǒu xiǎn	74737	in-ing,ian-iang,ao-ou,z-zh,n-l,r-l,j-q-x	3
铩羽暴鳞	shā yǔ bào lín	74738	in-ing,ao-ou,s-sh,n-l,r-l	3
铭心刻骨	míng xīn kè gǔ	74739	in-ing,j-q-x	1
铭心镂骨	míng xīn lòu gǔ	74740	in-ing,ao-ou,n-l,r-l,j-q-x	3
铭感不忘	míng gǎn bù wàng	74741	in-ing,an-ang	1
铭感五内	míng gǎn wǔ nèi	74742	in-ing,an-ang,ai-ei,n-l	1
铭肌镂骨	míng jī lòu gǔ	74743	in-ing,ao-ou,n-l,r-l,j-q-x	3
铭肤镂骨	míng fū lòu gǔ	74744	in-ing,ao-ou,n-l,h-f,r-l	3
铭记不忘	míng jì bù wàng	74745	in-ing,an-ang,j-q-x	1
铮铮有声	zhēng zhēng yǒu shēng	74746	en-eng,ao-ou,z-zh,s-sh	3
银屏金屋	yín píng jīn wū	74747	in-ing,j-q-x	1
银河倒泻	yín hé dào xiè	74748	in-ing,ao-ou,ia-ie,h-f,j-q-x	1
银行行员	yín háng háng yuán	74749	in-ing,an-ang,uan-uang,h-f	1
银钩虿尾	yín gōu chài wěi	74750	in-ing,ai-ei,ao-ou,c-ch	3
铸剑为犁	zhù jiàn wéi lí	74752	ian-iang,ai-ei,z-zh,n-l,r-l,j-q-x	1
铸成大错	zhù chéng dà cuò	74753	en-eng,ua-uo,z-zh,c-ch	1
铺张扬厉	pū zhāng yáng lì	74757	an-ang,z-zh,n-l,r-l	1
铺眉苫眼	pū méi shàn yǎn	74759	an-ang,ai-ei,s-sh	3
铺眉蒙眼	pū méi méng yǎn	74760	en-eng,an-ang,ai-ei	1
铺胸纳地	pū xiōng nà dì	74761	n-l,j-q-x	1
铺谋定计	pù móu dìng jì	74762	in-ing,ao-ou,j-q-x	1
铺采摛文	pù cǎi chī wén	74763	en-eng,ai-ei,c-ch	5
铺锦列绣	pū jǐn liè xiù	74765	in-ing,ia-ie,n-l,r-l,j-q-x	1
链式反应	liàn shì fǎn yìng	74766	in-ing,an-ang,ian-iang,s-sh,n-l,h-f,r-l	1
销毁骨立	xiāo huǐ gǔ lì	74768	n-l,h-f,r-l,j-q-x	1
锄强扶弱	chú qiáng fú ruò	74772	ian-iang,ua-uo,c-ch,h-f,r-l,j-q-x	1
锅炉给水	guō lú jǐ shuǐ	74773	ua-uo,s-sh,n-l,r-l,j-q-x	1
锋不可当	fēng bù kě dāng	74775	en-eng,an-ang,h-f	1
锋发韵流	fēng fā yùn liú	74776	en-eng,n-l,h-f,r-l	1
锋芒不露	fēng máng bù lù	74777	en-eng,an-ang,n-l,h-f,r-l	1
错节盘根	cuò jié pán gēn	74779	en-eng,an-ang,ia-ie,ua-uo,c-ch,j-q-x	1
错落不齐	cuò luò bù qí	74780	ua-uo,c-ch,n-l,r-l,j-q-x	1
错落高下	cuò luò gāo xià	74781	ao-ou,ia-ie,ua-uo,c-ch,n-l,r-l,j-q-x	1
锥处囊中	zhuī chǔ náng zhōng	74784	an-ang,z-zh,c-ch,n-l	1
锦囊佳制	jǐn náng jiā zhì	74787	in-ing,an-ang,ia-ie,z-zh,n-l,j-q-x	1
锦囊佳句	jǐn náng jiā jù	74788	in-ing,an-ang,ia-ie,n-l,j-q-x	1
锦囊玉轴	jǐn náng yù zhóu	74789	in-ing,an-ang,ao-ou,z-zh,n-l,j-q-x	1
锦囊还矢	jǐn náng huán shǐ	74790	in-ing,an-ang,uan-uang,s-sh,n-l,h-f,j-q-x	1
锦天绣地	jǐn tiān xiù dì	74791	in-ing,ian-iang,j-q-x	1
锦片前程	jǐn piàn qián chéng	74793	en-eng,in-ing,ian-iang,c-ch,j-q-x	1
锦瑟华年	jǐn sè huá nián	74794	in-ing,ian-iang,ua-uo,s-sh,n-l,h-f,j-q-x	1
锦瑟年华	jǐn sè nián huá	74795	in-ing,ian-iang,ua-uo,s-sh,n-l,h-f,j-q-x	1
锦衣肉食	jǐn yī ròu shí	74796	in-ing,ao-ou,s-sh,r-l,j-q-x	1
锦衣行昼	jǐn yī xíng zhòu	74797	in-ing,ao-ou,z-zh,j-q-x	1
键盘乐器	jiàn pán yuè qì	74798	an-ang,ian-iang,j-q-x	1
锯牙钩爪	jù yá gōu zhǎo	74800	ao-ou,z-zh,j-q-x	1
锱铢不爽	zī zhū bù shuǎng	74802	uan-uang,z-zh,s-sh	3
锱铢较量	zī zhū jiào liàng	74803	ian-iang,z-zh,n-l,r-l,j-q-x	3
镂心刻骨	lòu xīn kè gǔ	74807	in-ing,ao-ou,n-l,r-l,j-q-x	3
镂心呕血	lòu xīn ǒu xuè	74808	in-ing,ao-ou,n-l,r-l,j-q-x	3
镂金铺翠	lòu jīn pù cuì	74809	in-ing,ao-ou,c-ch,n-l,r-l,j-q-x	3
镂金错采	lòu jīn cuò cǎi	74810	in-ing,ai-ei,ao-ou,ua-uo,c-ch,n-l,r-l,j-q-x	3
镂骨铭心	lòu gǔ míng xīn	74811	in-ing,ao-ou,n-l,r-l,j-q-x	3
镂骨铭肌	lòu gǔ míng jī	74812	in-ing,ao-ou,n-l,r-l,j-q-x	3
镌心铭骨	juān xīn míng gǔ	74814	in-ing,uan-uang,j-q-x	3
镌空妄实	juān kōng wàng shí	74815	an-ang,uan-uang,s-sh,j-q-x	3
镌脾琢肾	juān pí zhuó shèn	74816	en-eng,uan-uang,ua-uo,z-zh,s-sh,j-q-x	3
镌骨铭心	juān gǔ míng xīn	74817	in-ing,uan-uang,j-q-x	3
镜分鸾凤	jìng fēn luán fèng	74822	en-eng,in-ing,uan-uang,n-l,h-f,r-l,j-q-x	3
镜圆璧合	jìng yuán bì hé	74823	in-ing,uan-uang,h-f,j-q-x	1
镜破钗分	jìng pò chāi fēn	74824	en-eng,in-ing,ai-ei,c-ch,h-f,j-q-x	3
镜里观花	jìng lǐ guān huā	74825	in-ing,uan-uang,ua-uo,n-l,h-f,r-l,j-q-x	1
镜里采花	jìng lǐ cǎi huā	74826	in-ing,ai-ei,ua-uo,c-ch,n-l,h-f,r-l,j-q-x	1
镞砺括羽	zú lì kuò yǔ	74827	ua-uo,z-zh,n-l,r-l	3
长七短八	cháng qī duǎn bā	74830	an-ang,uan-uang,c-ch,j-q-x	1
长久之计	cháng jiǔ zhī jì	74831	an-ang,z-zh,c-ch,j-q-x	1
长乐未央	cháng lè wèi yāng	74833	an-ang,ai-ei,c-ch,n-l,r-l	1
长傲饰非	zhǎng ào shì fēi	74834	an-ang,ai-ei,ao-ou,z-zh,s-sh,h-f	1
长吁短气	cháng xū duǎn qì	74839	an-ang,uan-uang,c-ch,j-q-x	1
长命富贵	cháng mìng fù guì	74842	in-ing,an-ang,c-ch,h-f	1
长嘘短叹	cháng xū duǎn tàn	74843	an-ang,uan-uang,c-ch,j-q-x	3
长夜漫漫	cháng yè màn màn	74846	an-ang,c-ch	1
长夜难明	cháng yè nán míng	74847	in-ing,an-ang,c-ch,n-l	1
长安少年	cháng ān shào nián	74850	an-ang,ian-iang,ao-ou,c-ch,s-sh,n-l	1
长安棋局	cháng ān qí jú	74851	an-ang,c-ch,j-q-x	1
长安道上	cháng ān dào shàng	74852	an-ang,ao-ou,c-ch,s-sh	1
长年三老	zhǎng nián sān lǎo	74856	an-ang,ian-iang,ao-ou,z-zh,s-sh,n-l,r-l	1
长幼尊卑	zhǎng yòu zūn bēi	74857	an-ang,ai-ei,ao-ou,z-zh	1
长幼有叙	zhǎng yòu yǒu xù	74858	an-ang,ao-ou,z-zh,j-q-x	1
长幼有序	zhǎng yòu yǒu xù	74859	an-ang,ao-ou,z-zh,j-q-x	1
长往远引	cháng wǎng yuǎn yǐn	74861	in-ing,an-ang,uan-uang,c-ch	1
长念却虑	cháng niàn què lǜ	74862	an-ang,ian-iang,c-ch,n-l,r-l,j-q-x	1
长恶不悛	cháng è bù quān	74864	an-ang,uan-uang,c-ch,j-q-x	3
长恶靡悛	cháng è mǐ quān	74865	an-ang,uan-uang,c-ch,j-q-x	3
长戟高门	cháng jǐ gāo mén	74867	en-eng,an-ang,ao-ou,c-ch,j-q-x	3
长才广度	cháng cái guǎng dù	74868	an-ang,uan-uang,ai-ei,c-ch	1
长才短驭	cháng cái duǎn yù	74869	an-ang,uan-uang,ai-ei,c-ch	3
长揖不拜	cháng yī bù bài	74872	an-ang,ai-ei,c-ch	3
长斋绣佛	cháng zhāi xiù fó	74873	an-ang,ai-ei,z-zh,c-ch,h-f,j-q-x	1
长春不老	cháng chūn bù lǎo	74874	an-ang,ao-ou,c-ch,n-l,r-l	1
长材小试	cháng cái xiǎo shì	74877	an-ang,ai-ei,c-ch,s-sh,j-q-x	1
长材茂学	cháng cái mào xué	74878	an-ang,ai-ei,ao-ou,c-ch,j-q-x	1
长枕大衾	cháng zhěn dà qīn	74880	en-eng,in-ing,an-ang,z-zh,c-ch,j-q-x	3
长枕大被	cháng zhěn dà bèi	74881	en-eng,an-ang,ai-ei,z-zh,c-ch	1
长林丰草	cháng lín fēng cǎo	74882	en-eng,in-ing,an-ang,ao-ou,c-ch,n-l,h-f,r-l	1
长歌当哭	cháng gē dàng kū	74883	an-ang,c-ch	1
长江三峡	cháng jiāng sān xiá	74886	an-ang,ian-iang,ia-ie,c-ch,s-sh,j-q-x	1
长江天堑	cháng jiāng tiān qiàn	74887	an-ang,ian-iang,c-ch,j-q-x	3
长满荒草	zhǎng mǎn huāng cǎo	74891	an-ang,uan-uang,ao-ou,z-zh,c-ch,h-f	1
长生不死	cháng shēng bù sǐ	74893	en-eng,an-ang,c-ch,s-sh	1
长生不老	cháng shēng bù lǎo	74894	en-eng,an-ang,ao-ou,c-ch,s-sh,n-l,r-l	1
长生久视	cháng shēng jiǔ shì	74895	en-eng,an-ang,c-ch,s-sh,j-q-x	1
长目飞耳	cháng mù fēi ěr	74898	an-ang,ai-ei,c-ch,h-f	1
长相寒碜	zhǎng xiàng hán chěn	74899	en-eng,an-ang,ian-iang,z-zh,c-ch,h-f,j-q-x	3
长眠不起	cháng mián bù qǐ	74900	an-ang,ian-iang,c-ch,j-q-x	1
长算远略	cháng suàn yuǎn lüè	74903	an-ang,uan-uang,c-ch,s-sh,n-l,r-l	1
长篇大套	cháng piān dà tào	74904	an-ang,ian-iang,ao-ou,c-ch	1
长篇大论	cháng piān dà lùn	74905	an-ang,ian-iang,c-ch,n-l,r-l	1
长篇小说	cháng piān xiǎo shuō	74906	an-ang,ian-iang,ua-uo,c-ch,s-sh,j-q-x	1
长篇累牍	cháng piān lěi dú	74907	an-ang,ian-iang,ai-ei,c-ch,n-l,r-l	3
长绳系日	cháng shéng jì rì	74910	en-eng,an-ang,c-ch,s-sh,r-l,j-q-x	1
长绳系景	cháng shéng xì jǐng	74911	en-eng,in-ing,an-ang,c-ch,s-sh,j-q-x	1
长舌之妇	cháng shé zhī fù	74915	an-ang,z-zh,c-ch,s-sh,h-f	1
长虑却顾	cháng lǜ què gù	74916	an-ang,c-ch,n-l,r-l,j-q-x	1
长虑后顾	cháng lǜ hòu gù	74917	an-ang,ao-ou,c-ch,n-l,h-f,r-l	1
长虑顾后	cháng lǜ gù hòu	74918	an-ang,ao-ou,c-ch,n-l,h-f,r-l	1
长虺成蛇	zhǎng huǐ chéng shé	74919	en-eng,an-ang,z-zh,c-ch,s-sh,h-f	3
长蛇封豕	cháng shé fēng shǐ	74920	en-eng,an-ang,c-ch,s-sh,h-f	3
长街短巷	cháng jiē duǎn xiàng	74921	an-ang,ian-iang,uan-uang,ia-ie,c-ch,j-q-x	1
长计远虑	cháng jì yuǎn lǜ	74925	an-ang,uan-uang,c-ch,n-l,r-l,j-q-x	1
长谈阔论	cháng tán kuò lùn	74928	an-ang,ua-uo,c-ch,n-l,r-l	1
长辔远御	cháng pèi yuǎn yù	74930	an-ang,uan-uang,ai-ei,c-ch	3
长辔远驭	cháng pèi yuǎn yù	74931	an-ang,uan-uang,ai-ei,c-ch	3
长途电话	cháng tú diàn huà	74932	an-ang,ian-iang,ua-uo,c-ch,h-f	1
长途跋涉	cháng tú bá shè	74933	an-ang,c-ch,s-sh	1
长长短短	cháng cháng duǎn duǎn	74935	an-ang,uan-uang,c-ch	1
长颈鸟喙	cháng jǐng niǎo huì	74940	in-ing,an-ang,c-ch,n-l,h-f,j-q-x	3
长风破浪	cháng fēng pò làng	74941	en-eng,an-ang,c-ch,n-l,h-f,r-l	1
长驱深入	cháng qū shēn rù	74943	en-eng,an-ang,c-ch,s-sh,r-l,j-q-x	1
长驱直进	cháng qū zhí jìn	74944	in-ing,an-ang,z-zh,c-ch,j-q-x	1
长驾远驭	cháng jià yuǎn yù	74945	an-ang,uan-uang,ia-ie,c-ch,j-q-x	3
长鸣都尉	cháng míng dū wèi	74946	in-ing,an-ang,ai-ei,c-ch	1
门不停宾	mén bù tíng bīn	74949	en-eng,in-ing	1
门不夜关	mén bù yè guān	74950	en-eng,uan-uang	1
门不夜扃	mén bù yè jiōng	74951	en-eng,j-q-x	3
门到户说	mén dào hù shuō	74952	en-eng,ao-ou,ua-uo,s-sh,h-f	1
门单户薄	mén dān hù bó	74953	en-eng,an-ang,h-f	1
门可张罗	mén kě zhāng luó	74954	en-eng,an-ang,ua-uo,z-zh,n-l,r-l	1
门堪罗雀	mén kān luó què	74956	en-eng,an-ang,ua-uo,n-l,r-l,j-q-x	1
门捷列夫	mén jié liè fū	74959	en-eng,ia-ie,n-l,h-f,r-l,j-q-x	1
门殚户尽	mén dān hù jìn	74960	en-eng,in-ing,an-ang,h-f,j-q-x	3
门禁森严	mén jìn sēn yán	74961	en-eng,in-ing,an-ang,s-sh,j-q-x	1
门衰祚薄	mén shuāi zuò báo	74962	en-eng,ao-ou,ua-uo,z-zh,s-sh	3
闪烁其辞	shǎn shuò qí cí	74964	an-ang,ua-uo,c-ch,s-sh,j-q-x	1
闭关却扫	bì guān què sǎo	74966	uan-uang,ao-ou,s-sh,j-q-x	1
闭口不言	bì kǒu bù yán	74967	an-ang,ao-ou	1
闭口结舌	bì kǒu jié shé	74968	ao-ou,ia-ie,s-sh,j-q-x	1
闭口藏舌	bì kǒu cáng shé	74969	an-ang,ao-ou,c-ch,s-sh	1
闭合思过	bì hé sī guò	74970	ua-uo,s-sh,h-f	1
闭合电路	bì hé diàn lù	74971	ian-iang,n-l,h-f,r-l	1
闭合自责	bì hé zì zé	74972	z-zh,h-f	1
闭壁清野	bì bì qīng yě	74973	in-ing,j-q-x	1
闭户读书	bì hù dú shū	74974	s-sh,h-f	1
闭明塞聪	bì míng sè cōng	74975	in-ing,c-ch,s-sh	1
闭目塞耳	bì mù sè ěr	74977	s-sh	1
闭目塞聪	bì mù sāi cōng	74978	ai-ei,c-ch,s-sh	1
闭门不出	bì mén bù chū	74979	en-eng,c-ch	1
闭门不纳	bì mén bù nà	74980	en-eng,n-l	1
闭门却扫	bì mén què sǎo	74981	en-eng,ao-ou,s-sh,j-q-x	1
闭门合辙	bì mén hé zhé	74982	en-eng,z-zh,h-f	1
闭门埽轨	bì mén sào guǐ	74983	en-eng,ao-ou,s-sh	3
闭门塞户	bì mén sè hù	74984	en-eng,s-sh,h-f	1
闭门塞窦	bì mén sè dòu	74985	en-eng,ao-ou,s-sh	3
闭门思愆	bì mén sī qiān	74986	en-eng,ian-iang,s-sh,j-q-x	3
闭门扫轨	bì mén sǎo guǐ	74987	en-eng,ao-ou,s-sh	1
闭门扫迹	bì mén sǎo jì	74988	en-eng,ao-ou,s-sh,j-q-x	1
闭门觅句	bì mén mì jù	74989	en-eng,j-q-x	1
闭门读书	bì mén dú shū	74990	en-eng,s-sh	1
闭阁思过	bì gé sī guò	74991	ua-uo,s-sh	1
问一答十	wèn yī dá shí	74992	en-eng,s-sh	1
问官答花	wèn guān dá huā	74993	en-eng,uan-uang,ua-uo,h-f	1
问牛知马	wèn niú zhī mǎ	74994	en-eng,z-zh,n-l	1
问羊知马	wèn yáng zhī mǎ	74995	en-eng,an-ang,z-zh	1
问鼎中原	wèn dǐng zhōng yuán	74996	en-eng,in-ing,uan-uang,z-zh	1
闯南走北	chuǎng nán zǒu běi	74997	an-ang,uan-uang,ai-ei,ao-ou,z-zh,c-ch,n-l	1
闲情别致	xián qíng bié zhì	74999	in-ing,ian-iang,ia-ie,z-zh,j-q-x	1
闲情逸趣	xián qíng yì qù	75000	in-ing,ian-iang,j-q-x	1
闲愁万种	xián chóu wàn zhǒng	75001	an-ang,ian-iang,ao-ou,z-zh,c-ch,j-q-x	1
闲见层出	xián jiàn céng chū	75002	en-eng,ian-iang,c-ch,j-q-x	1
闲言冷语	xián yán lěng yǔ	75003	en-eng,an-ang,ian-iang,n-l,r-l,j-q-x	1
闲言泼语	xián yán pō yǔ	75004	an-ang,ian-iang,j-q-x	1
闲言淡语	xián yán dàn yǔ	75005	an-ang,ian-iang,j-q-x	1
闲言赘语	xián yán zhuì yǔ	75006	an-ang,ian-iang,z-zh,j-q-x	1
闲言长语	xián yán cháng yǔ	75007	an-ang,ian-iang,c-ch,j-q-x	1
闲言闲语	xián yán xián yǔ	75008	an-ang,ian-iang,j-q-x	1
闲邪存诚	xián xié cún chéng	75009	en-eng,ian-iang,ia-ie,c-ch,j-q-x	1
闳中肆外	hóng zhōng sì wài	75010	ai-ei,z-zh,s-sh,h-f	3
闳侈不经	hóng chǐ bù jīng	75011	in-ing,c-ch,h-f,j-q-x	3
闳大不经	hóng dà bù jīng	75012	in-ing,h-f,j-q-x	3
闳言高论	hóng yán gāo lùn	75013	an-ang,ao-ou,n-l,h-f,r-l	3
闳识孤怀	hóng shí gū huái	75014	s-sh,h-f	3
间不容息	jiàn bù róng xī	75015	ian-iang,r-l,j-q-x	1
间不容瞬	jiān bù róng shùn	75016	ian-iang,s-sh,r-l,j-q-x	1
间不容砺	jiān bù róng lì	75017	ian-iang,n-l,r-l,j-q-x	3
间不容缓	jiān bù róng huǎn	75018	ian-iang,uan-uang,h-f,r-l,j-q-x	1
间不容缕	jiān bù róng lǚ	75019	ian-iang,n-l,r-l,j-q-x	1
间见层出	jiàn xiàn céng chū	75024	en-eng,ian-iang,c-ch,j-q-x	1
闵乱思治	mǐn luàn sī zhì	75027	in-ing,uan-uang,z-zh,s-sh,n-l,r-l	3
闷光玻璃	mèn guāng bō lí	75029	en-eng,uan-uang,n-l,r-l	1
闷在家里	mēn zài jiā lǐ	75030	en-eng,ai-ei,ia-ie,z-zh,n-l,r-l,j-q-x	1
闷在心里	mēn zài xīn lǐ	75031	en-eng,in-ing,ai-ei,z-zh,n-l,r-l,j-q-x	1
闷声不吭	mèn shēng bù kēng	75033	en-eng,s-sh	1
闷头儿干	mēn tóu er gàn	75035	en-eng,an-ang,ao-ou	1
闷得发慌	mèn de fā huāng	75037	en-eng,uan-uang,h-f	1
闷海愁山	mèn hǎi chóu shān	75039	en-eng,an-ang,ai-ei,ao-ou,c-ch,s-sh,h-f	1
闷葫芦罐	mèn hú lú guàn	75040	en-eng,uan-uang,n-l,h-f,r-l	1
闻一知二	wén yī zhī èr	75046	en-eng,z-zh	1
闻一知十	wén yī zhī shí	75047	en-eng,z-zh,s-sh	1
闻名丧胆	wén míng sàng dǎn	75048	en-eng,in-ing,an-ang,s-sh	1
闻噎废食	wén yē fèi shí	75049	en-eng,ai-ei,s-sh,h-f	3
闻声相思	wén shēng xiāng sī	75050	en-eng,ian-iang,s-sh,j-q-x	1
闻宠若惊	wén chǒng ruò jīng	75051	en-eng,in-ing,ua-uo,c-ch,r-l,j-q-x	1
闻所不闻	wén suǒ bù wén	75052	en-eng,ua-uo,s-sh	1
闻融敦厚	wén róng dūn hòu	75054	en-eng,ao-ou,h-f,r-l	1
闻风响应	wén fēng xiǎng yīng	75056	en-eng,in-ing,ian-iang,h-f,j-q-x	1
闻风破胆	wén fēng pò dǎn	75057	en-eng,an-ang,h-f	1
闻风而兴	wén fēng ér xīng	75058	en-eng,in-ing,h-f,j-q-x	1
闻风而至	wén fēng ér zhì	75059	en-eng,z-zh,h-f	1
闻风而起	wén fēng ér qǐ	75060	en-eng,h-f,j-q-x	1
闻风而逃	wén fēng ér táo	75061	en-eng,ao-ou,h-f	1
闻风远扬	wén fēng yuǎn yáng	75062	en-eng,an-ang,uan-uang,h-f	1
闻风远遁	wén fēng yuǎn dùn	75063	en-eng,uan-uang,h-f	3
闾阎扑地	lǘ yán pū dì	75068	an-ang,n-l,r-l	3
阐扬光大	chǎn yáng guāng dà	75070	an-ang,uan-uang,c-ch	1
阑风伏雨	lán fēng fú yǔ	75072	en-eng,an-ang,n-l,h-f,r-l	3
阑风长雨	lán fēng cháng yǔ	75073	en-eng,an-ang,c-ch,n-l,h-f,r-l	3
阒其无人	qù qí wú rén	75074	en-eng,r-l,j-q-x	3
阔论高谈	kuò lùn gāo tán	75075	an-ang,ao-ou,ua-uo,n-l,r-l	1
阙一不可	què yī bù kě	75077	j-q-x	3
阪上走丸	bǎn shàng zǒu wán	75083	an-ang,ao-ou,z-zh,s-sh	3
阮囊羞涩	ruǎn náng xiū sè	75084	an-ang,uan-uang,s-sh,n-l,r-l,j-q-x	3
防不及防	fáng bù jí fáng	75085	an-ang,h-f,j-q-x	1
防城港市	fáng chéng gǎng shì	75086	en-eng,an-ang,c-ch,s-sh,h-f	1
防微虑远	fáng wēi lǜ yuǎn	75087	an-ang,uan-uang,ai-ei,n-l,h-f,r-l	1
防心摄行	fáng xīn shè xíng	75088	in-ing,an-ang,s-sh,h-f,j-q-x	1
防萌杜渐	fáng méng dù jiàn	75089	en-eng,an-ang,ian-iang,h-f,j-q-x	1
阳春有脚	yáng chūn yǒu jiǎo	75090	an-ang,ao-ou,c-ch,j-q-x	1
阳解阴毒	yáng jiě yīn dú	75091	in-ing,an-ang,ia-ie,j-q-x	1
阴山背后	yīn shān bèi hòu	75093	in-ing,an-ang,ai-ei,ao-ou,s-sh,h-f	1
阴曹地府	yīn cáo dì fǔ	75094	in-ing,ao-ou,c-ch,h-f	1
阴服微行	yīn fú wēi xíng	75095	in-ing,ai-ei,h-f,j-q-x	1
阴疑阳战	yīn yí yáng zhàn	75098	in-ing,an-ang,z-zh	1
阴魂不散	yīn hún bù sàn	75101	in-ing,an-ang,s-sh,h-f	1
阵马风樯	zhèn mǎ fēng qiáng	75103	en-eng,ian-iang,z-zh,h-f,j-q-x	3
阶前万里	jiē qián wàn lǐ	75104	an-ang,ian-iang,ia-ie,n-l,r-l,j-q-x	1
阶级斗争	jiē jí dòu zhēng	75106	en-eng,ao-ou,ia-ie,z-zh,j-q-x	1
阶级社会	jiē jí shè huì	75107	ia-ie,s-sh,h-f,j-q-x	1
阿世取容	ē shì qǔ róng	75109	s-sh,r-l,j-q-x	1
阿世媚俗	ē shì mèi sú	75110	ai-ei,s-sh	1
阿世盗名	ē shì dào míng	75111	in-ing,ao-ou,s-sh	1
阿党比周	ē dǎng bǐ zhōu	75112	an-ang,ao-ou,z-zh	1
阿党相为	ē dǎng xiāng wéi	75113	an-ang,ian-iang,ai-ei,j-q-x	1
阿其所好	ē qí suǒ hào	75115	ao-ou,ua-uo,s-sh,h-f,j-q-x	1
阿基米德	ā jī mǐ dé	75118	j-q-x	1
阿塞拜疆	ā sāi bài jiāng	75119	ian-iang,ai-ei,s-sh,j-q-x	1
阿姑阿翁	ā gū ā wēng	75122	en-eng	1
阿娇金屋	ā jiāo jīn wū	75123	in-ing,j-q-x	1
阿家阿翁	ā jiā ā wēng	75125	en-eng,ia-ie,j-q-x	1
阿尔及尔	ā ěr jí ěr	75126	j-q-x	1
阿平绝倒	ā píng jué dǎo	75127	in-ing,ao-ou,j-q-x	1
阿意取容	ē yì qǔ róng	75129	r-l,j-q-x	1
阿拉伯人	ā lā bó rén	75132	en-eng,n-l,r-l	1
阿拉伯海	ā lā bó hǎi	75133	ai-ei,n-l,h-f,r-l	1
阿时趋俗	ē shí qū sú	75134	s-sh,j-q-x	1
阿毗地狱	ā pí dì yù	75139		3
阿狗阿猫	ā gǒu ā māo	75143	ao-ou	1
阿猫阿狗	ā māo ā gǒu	75144	ao-ou	1
阿谀取容	ē yú qǔ róng	75148	r-l,j-q-x	3
阿谀谄媚	ē yú chǎn mèi	75149	an-ang,ai-ei,c-ch	3
阿鲁巴岛	ā lǔ bā dǎo	75152	ao-ou,n-l,r-l	1
阿鼻地狱	ā bí dì yù	75154		1
陂湖禀量	bēi hú bǐng liáng	75157	in-ing,ian-iang,ai-ei,n-l,h-f,r-l	3
附上罔下	fù shàng wǎng xià	75160	an-ang,ia-ie,s-sh,h-f,j-q-x	3
附下罔上	fù xià wǎng shàng	75161	an-ang,ia-ie,s-sh,h-f,j-q-x	3
附会穿凿	fù huì chuān záo	75163	uan-uang,ao-ou,z-zh,c-ch,h-f	1
附势趋炎	fù shì qū yán	75164	an-ang,s-sh,h-f,j-q-x	1
附炎趋热	fù yán qū rè	75165	an-ang,h-f,r-l,j-q-x	1
附耳射声	fù ěr shè shēng	75166	en-eng,s-sh,h-f	1
附肤落毛	fù fū luò máo	75167	ao-ou,ua-uo,n-l,h-f,r-l	1
附膻逐腥	fù shān zhú xīng	75168	in-ing,an-ang,z-zh,s-sh,h-f,j-q-x	3
附赘县疣	fù zhuì xiàn yóu	75170	ian-iang,ao-ou,z-zh,h-f,j-q-x	3
际会风云	jì huì fēng yún	75172	en-eng,h-f,j-q-x	1
际地蟠天	jì dì pán tiān	75173	an-ang,ian-iang,j-q-x	3
际遇风云	jì yù fēng yún	75174	en-eng,h-f,j-q-x	1
陇头音信	lǒng tóu yīn xìn	75182	in-ing,ao-ou,n-l,r-l,j-q-x	3
陈古刺今	chén gǔ cì jīn	75183	en-eng,in-ing,c-ch,j-q-x	1
陈善闭邪	chén shàn bì xié	75184	en-eng,an-ang,ia-ie,c-ch,s-sh,j-q-x	1
陈师鞠旅	chén shī jū lǚ	75185	en-eng,c-ch,s-sh,n-l,r-l,j-q-x	1
陈辞滥调	chén cí làn diào	75186	en-eng,an-ang,c-ch,n-l,r-l	1
陋巷箪瓢	lòu xiàng dān piáo	75188	an-ang,ian-iang,ao-ou,n-l,r-l,j-q-x	3
陌路相逢	mò lù xiāng féng	75189	en-eng,ian-iang,n-l,h-f,r-l,j-q-x	1
降妖捉怪	xiáng yāo zhuō guài	75192	ian-iang,ao-ou,ua-uo,z-zh,j-q-x	1
降尊临卑	jiàng zūn lín bēi	75193	in-ing,ian-iang,ai-ei,z-zh,n-l,r-l,j-q-x	1
降尊纡贵	jiàng zūn yū guì	75194	ian-iang,z-zh,j-q-x	3
降心下气	jiàng xīn xià qì	75195	in-ing,ian-iang,ia-ie,j-q-x	1
降心俯首	jiàng xīn fǔ shǒu	75196	in-ing,ian-iang,ao-ou,s-sh,h-f,j-q-x	1
降心相从	jiàng xīn xiāng cóng	75197	in-ing,ian-iang,c-ch,j-q-x	1
降心顺俗	jiàng xīn shùn sú	75198	in-ing,ian-iang,s-sh,j-q-x	1
降志辱身	jiàng zhì rǔ shēn	75199	en-eng,ian-iang,z-zh,s-sh,r-l,j-q-x	1
降本流末	jiàng běn liú mò	75200	en-eng,ian-iang,n-l,r-l,j-q-x	1
降格以求	jiàng gé yǐ qiú	75201	ian-iang,j-q-x	1
降贵纡尊	jiàng guì yū zūn	75205	ian-iang,z-zh,j-q-x	3
降颜屈体	jiàng yán qū tǐ	75209	an-ang,ian-iang,j-q-x	1
降龙伏虎	xiáng lóng fú hǔ	75212	ian-iang,n-l,h-f,r-l,j-q-x	1
陟罚臧否	zhì fá zāng pǐ	75214	an-ang,z-zh,h-f	3
除害兴利	chú hài xīng lì	75218	in-ing,ai-ei,c-ch,n-l,h-f,r-l,j-q-x	1
除恶务本	chú è wù běn	75219	en-eng,c-ch	1
除患兴利	chú huàn xīng lì	75220	in-ing,uan-uang,c-ch,n-l,h-f,r-l,j-q-x	1
除旧更新	chú jiù gēng xīn	75222	en-eng,in-ing,c-ch,j-q-x	1
除狼得虎	chú láng dé hǔ	75223	an-ang,c-ch,n-l,h-f,r-l	1
除邪惩恶	chú xié chéng è	75224	en-eng,ia-ie,c-ch,j-q-x	1
陨身糜骨	yǔn shēn mí gǔ	75225	en-eng,s-sh	3
险遭不测	xiǎn zāo bù cè	75227	ian-iang,ao-ou,z-zh,c-ch,j-q-x	1
险阻艰难	xiǎn zǔ jiān nán	75228	an-ang,ian-iang,z-zh,n-l,j-q-x	1
陪审制度	péi shěn zhì dù	75229	en-eng,ai-ei,z-zh,s-sh	1
陵劲淬砺	líng jìng cuì lì	75230	in-ing,c-ch,n-l,r-l,j-q-x	3
陵弱暴寡	líng ruò bào guǎ	75231	in-ing,ao-ou,ua-uo,n-l,r-l	1
陶然自得	táo rán zì dé	75232	an-ang,ao-ou,z-zh,r-l	1
陶犬瓦鸡	táo quǎn wǎ jī	75233	uan-uang,ao-ou,j-q-x	1
陷落计中	xiàn luò jì zhōng	75235	ian-iang,ua-uo,z-zh,n-l,r-l,j-q-x	1
隆重庆祝	lóng zhòng qìng zhù	75236	in-ing,z-zh,n-l,r-l,j-q-x	1
隋侯之珠	suí hóu zhī zhū	75237	ao-ou,z-zh,s-sh,h-f	1
隋珠和玉	suí zhū hé yù	75238	z-zh,s-sh,h-f	1
隋珠和璧	suí zhū hé bì	75239	z-zh,s-sh,h-f	1
隋珠弹雀	suí zhū tán què	75240	an-ang,z-zh,s-sh,j-q-x	1
隋珠荆璧	suí zhū jīng bì	75241	in-ing,z-zh,s-sh,j-q-x	1
随人俯仰	suí rén fǔ yǎng	75242	en-eng,an-ang,s-sh,h-f,r-l	1
随地随时	suí dì suí shí	75243	s-sh	1
随声趋和	suí shēng qū hé	75244	en-eng,s-sh,h-f,j-q-x	1
随物应机	suí wù yīng jī	75245	in-ing,s-sh,j-q-x	1
随珠和璧	suí zhū hé bì	75246	z-zh,s-sh,h-f	1
随珠弹雀	suí zhū tán què	75247	an-ang,z-zh,s-sh,j-q-x	1
随缘乐助	suí yuán lè zhù	75248	uan-uang,z-zh,s-sh,n-l,r-l	1
随行逐队	suí xíng zhú duì	75249	in-ing,z-zh,s-sh,j-q-x	1
随车夏雨	suí chē xià yǔ	75250	ia-ie,c-ch,s-sh,j-q-x	1
随车甘雨	suí chē gān yǔ	75251	an-ang,c-ch,s-sh	1
随车致雨	suí chē zhì yǔ	75252	z-zh,c-ch,s-sh	1
随近逐便	suí jìn zhú biàn	75253	in-ing,ian-iang,z-zh,s-sh,j-q-x	1
随风倒舵	suí fēng dǎo duò	75254	en-eng,ao-ou,ua-uo,s-sh,h-f	1
随风而靡	suí fēng ér mǐ	75255	en-eng,s-sh,h-f	1
随风转舵	suí fēng zhuǎn duò	75256	en-eng,uan-uang,ua-uo,z-zh,s-sh,h-f	1
随风逐浪	suí fēng zhú làng	75257	en-eng,an-ang,z-zh,s-sh,n-l,h-f,r-l	1
隐介藏形	yǐn jiè cáng xíng	75258	in-ing,an-ang,ia-ie,c-ch,j-q-x	1
隐占身体	yǐn zhàn shēn tǐ	75259	en-eng,in-ing,an-ang,z-zh,s-sh	1
隐名埋姓	yǐn míng mái xìng	75260	in-ing,ai-ei,j-q-x	1
隐天蔽日	yǐn tiān bì rì	75261	in-ing,ian-iang,r-l	1
隐居求志	yǐn jū qiú zhì	75262	in-ing,z-zh,j-q-x	1
隐忍不发	yǐn rěn bù fā	75263	en-eng,in-ing,h-f,r-l	1
隐忍不言	yǐn rěn bù yán	75264	en-eng,in-ing,an-ang,r-l	1
隐晦曲折	yǐn huì qū zhé	75265	in-ing,z-zh,h-f,j-q-x	1
隐然敌国	yǐn rán dí guó	75266	in-ing,an-ang,ua-uo,r-l	1
隐约其词	yǐn yuē qí cí	75267	in-ing,c-ch,j-q-x	1
隐约其辞	yǐn yuē qí cí	75268	in-ing,c-ch,j-q-x	1
隐若敌国	yǐn ruò dí guó	75269	in-ing,ua-uo,r-l	1
隐迹埋名	yǐn jì mái míng	75270	in-ing,ai-ei,j-q-x	1
隐鳞戢羽	yǐn lín jí yǔ	75271	in-ing,n-l,r-l,j-q-x	3
隐鳞戢翼	yǐn lín jí yì	75272	in-ing,n-l,r-l,j-q-x	3
隐鳞藏彩	yǐn lín cáng cǎi	75273	in-ing,an-ang,ai-ei,c-ch,n-l,r-l	1
隔三差五	gé sān chà wǔ	75274	an-ang,c-ch,s-sh	1
隔音符号	gé yīn fú hào	75279	in-ing,ao-ou,h-f	1
隙大墙坏	xì dà qiáng huài	75281	ian-iang,h-f,j-q-x	1
障碍赛跑	zhàng ài sài pǎo	75282	an-ang,ai-ei,ao-ou,z-zh,s-sh	1
隳肝尝胆	huī gān cháng dǎn	75283	an-ang,c-ch,h-f	3
隳肝沥胆	huī gān lì dǎn	75284	an-ang,n-l,h-f,r-l	3
隳胆抽肠	huī dǎn chōu cháng	75285	an-ang,ao-ou,c-ch,h-f	3
隳节败名	huī jié bài míng	75286	in-ing,ai-ei,ia-ie,h-f,j-q-x	3
难上加难	nán shàng jiā nán	75290	an-ang,ia-ie,s-sh,n-l,j-q-x	1
难乎为情	nán hū wéi qíng	75291	in-ing,an-ang,ai-ei,n-l,h-f,j-q-x	1
难乎为继	nán hū wéi jì	75292	an-ang,ai-ei,n-l,h-f,j-q-x	1
难乎其难	nán hū qí nán	75293	an-ang,n-l,h-f,j-q-x	1
难于上天	nán yú shàng tiān	75294	an-ang,ian-iang,s-sh,n-l	1
难以为情	nán yǐ wéi qíng	75296	in-ing,an-ang,ai-ei,n-l,j-q-x	1
难以为继	nán yǐ wéi jì	75297	an-ang,ai-ei,n-l,j-q-x	1
难以预料	nán yǐ yù liào	75298	an-ang,n-l,r-l	1
难分难舍	nán fēn nán shě	75301	en-eng,an-ang,s-sh,n-l,h-f	1
难割难舍	nán gē nán shě	75302	an-ang,s-sh,n-l	1
难弟难兄	nán dì nán xiōng	75305	an-ang,n-l,j-q-x	1
难得糊涂	nán dé hú tú	75307	an-ang,n-l,h-f	1
难更仆数	nán gēng pú shǔ	75310	en-eng,an-ang,s-sh,n-l	1
难进易退	nán jìn yì tuì	75313	in-ing,an-ang,n-l,j-q-x	1
难鸣孤掌	nán míng gū zhǎng	75315	in-ing,an-ang,z-zh,n-l	1
雀喧鸠聚	què xuān jiū jù	75316	uan-uang,j-q-x	3
雀小脏全	què xiǎo zàng quán	75317	an-ang,uan-uang,z-zh,j-q-x	1
雀屏中选	què píng zhòng xuǎn	75318	in-ing,uan-uang,z-zh,j-q-x	1
雀目鼠步	què mù shǔ bù	75319	s-sh,j-q-x	1
雀角鼠牙	què jiǎo shǔ yá	75320	s-sh,j-q-x	1
雀马鱼龙	què mǎ yú lóng	75321	n-l,r-l,j-q-x	1
雀鼠之争	què shǔ zhī zhēng	75322	en-eng,z-zh,s-sh,j-q-x	1
雁南燕北	yàn nán yàn běi	75323	an-ang,ai-ei,n-l	1
雁影分飞	yàn yǐng fēn fēi	75324	en-eng,in-ing,an-ang,ai-ei,h-f	1
雁泊人户	yàn bó rén hù	75326	en-eng,an-ang,h-f,r-l	1
雁过拨毛	yàn guò bō máo	75327	an-ang,ao-ou,ua-uo	1
雁过留声	yàn guò liú shēng	75328	en-eng,an-ang,ua-uo,s-sh,n-l,r-l	1
雄伟壮观	xióng wěi zhuàng guān	75329	uan-uang,ai-ei,z-zh,j-q-x	1
雄唱雌和	xióng chàng cí hé	75330	an-ang,c-ch,h-f,j-q-x	1
雄文大手	xióng wén dà shǒu	75332	en-eng,ao-ou,s-sh,j-q-x	1
雄材大略	xióng cái dà lüè	75333	ai-ei,c-ch,n-l,r-l,j-q-x	1
雄鸡断尾	xióng jī duàn wěi	75334	uan-uang,ai-ei,j-q-x	1
雅量高致	yǎ liàng gāo zhì	75338	ian-iang,ao-ou,z-zh,n-l,r-l	1
雅雀无声	yǎ què wú shēng	75339	en-eng,s-sh,j-q-x	1
集思广议	jí sī guǎng yì	75341	uan-uang,s-sh,j-q-x	1
集腋为裘	jí yè wéi qiú	75342	ai-ei,j-q-x	3
雇佣劳动	gù yōng láo dòng	75344	ao-ou,n-l,r-l	1
雉头狐腋	zhì tóu hú yè	75345	ao-ou,z-zh,h-f	3
雍容不迫	yōng róng bù pò	75347	r-l	3
雍容大度	yōng róng dà dù	75348	r-l	3
雍容大雅	yōng róng dà yǎ	75349	r-l	3
雍荣华贵	yōng róng huá guì	75351	ua-uo,h-f,r-l	3
雕心雁爪	diāo xīn yàn zhǎo	75352	in-ing,an-ang,ao-ou,z-zh,j-q-x	1
雕心鹰爪	diāo xīn yīng zhǎo	75353	in-ing,ao-ou,z-zh,j-q-x	1
雕文织采	diāo wén zhī cǎi	75354	en-eng,ai-ei,z-zh,c-ch	1
雕栏玉砌	diāo lán yù qì	75355	an-ang,n-l,r-l,j-q-x	1
雕楹碧槛	diāo yíng bì kǎn	75356	in-ing,an-ang	3
雕盘绮食	diāo pán qǐ shí	75357	an-ang,s-sh,j-q-x	3
雕章琢句	diāo zhāng zhuó jù	75359	an-ang,ua-uo,z-zh,j-q-x	1
雕章绘句	diāo zhāng huì jù	75360	an-ang,z-zh,h-f,j-q-x	1
雕章镂句	diāo zhāng lòu jù	75361	an-ang,ao-ou,z-zh,n-l,r-l,j-q-x	3
雕肝琢肾	diāo gān zhuó shèn	75362	en-eng,an-ang,ua-uo,z-zh,s-sh	1
雕肝琢膂	diāo gān zhuó lǚ	75363	an-ang,ua-uo,z-zh,n-l,r-l	3
雕虫末伎	diāo chóng mò jì	75364	c-ch,j-q-x	3
雕虫薄技	diāo chóng báo jì	75365	ao-ou,c-ch,j-q-x	1
雕蚶镂蛤	diāo hān lòu gé	75366	an-ang,ao-ou,n-l,h-f,r-l	3
雕阑玉砌	diāo lán yù qì	75367	an-ang,n-l,r-l,j-q-x	3
雕风镂月	diāo fēng lòu yuè	75368	en-eng,ao-ou,n-l,h-f,r-l	3
雨丝风片	yǔ sī fēng piàn	75369	en-eng,ian-iang,s-sh,h-f	1
雨井烟垣	yǔ jǐng yān yuán	75370	in-ing,an-ang,uan-uang,j-q-x	3
雨凑云集	yǔ còu yún jí	75372	ao-ou,c-ch,j-q-x	1
雨卧风餐	yǔ wò fēng cān	75373	en-eng,an-ang,c-ch,h-f	1
雨后送伞	yǔ hòu sòng sǎn	75374	an-ang,ao-ou,s-sh,h-f	1
雨宿风餐	yǔ sù fēng cān	75376	en-eng,an-ang,c-ch,s-sh,h-f	1
雨巾风帽	yǔ jīn fēng mào	75377	en-eng,in-ing,ao-ou,h-f,j-q-x	1
雨帘云栋	yǔ lián yún dòng	75378	ian-iang,n-l,r-l	1
雨恨云愁	yǔ hèn yún chóu	75379	en-eng,ao-ou,c-ch,h-f	1
雨愁烟恨	yǔ chóu yān hèn	75380	en-eng,an-ang,ao-ou,c-ch,h-f	1
雨打风吹	yǔ dǎ fēng chuī	75381	en-eng,c-ch,h-f	1
雨收云散	yǔ shōu yún sàn	75382	an-ang,ao-ou,s-sh	1
雨散云收	yǔ sàn yún shōu	75383	an-ang,ao-ou,s-sh	1
雨散云飞	yǔ sàn yún fēi	75384	an-ang,ai-ei,s-sh,h-f	1
雨散风流	yǔ sàn fēng liú	75385	en-eng,an-ang,s-sh,n-l,h-f,r-l	1
雨断云销	yǔ duàn yún xiāo	75386	uan-uang,j-q-x	1
雨旸时若	yǔ yáng shí ruò	75387	an-ang,ua-uo,s-sh,r-l	3
雨条烟叶	yǔ tiáo yān yè	75388	an-ang	1
雨栋风帘	yǔ dòng fēng lián	75389	en-eng,ian-iang,n-l,h-f,r-l	1
雨歇云收	yǔ xiē yún shōu	75390	ao-ou,ia-ie,s-sh,j-q-x	1
雨沐风餐	yǔ mù fēng cān	75392	en-eng,an-ang,c-ch,h-f	1
雨沾云惹	yǔ zhān yún rě	75393	an-ang,z-zh,r-l	1
雨泣云愁	yǔ qì yún chóu	75394	ao-ou,c-ch,j-q-x	1
雨消云散	yǔ xiāo yún sàn	75395	an-ang,s-sh,j-q-x	1
雨淋日晒	yǔ lín rì shài	75397	in-ing,ai-ei,s-sh,n-l,r-l	1
雨淋日炙	yǔ lín rì zhì	75398	in-ing,z-zh,n-l,r-l	3
雨笠烟蓑	yǔ lì yān suō	75401	an-ang,ua-uo,s-sh,n-l,r-l	3
雨约云期	yǔ yuē yún qī	75402	j-q-x	1
雨膏烟腻	yǔ gāo yān nì	75403	an-ang,ao-ou,n-l	1
雨蓑烟笠	yǔ suō yān lì	75405	an-ang,ua-uo,s-sh,n-l,r-l	3
雨蓑风笠	yǔ suō fēng lì	75406	en-eng,ua-uo,s-sh,n-l,h-f,r-l	3
雨覆云翻	yǔ fù yún fān	75409	an-ang,h-f	1
雨踪云迹	yǔ zōng yún jì	75410	z-zh,j-q-x	1
雨过天青	yǔ guò tiān qīng	75411	in-ing,ian-iang,ua-uo,j-q-x	1
雨迹云踪	yǔ jì yún zōng	75412	z-zh,j-q-x	1
雨零星乱	yǔ líng xīng luàn	75413	in-ing,uan-uang,n-l,r-l,j-q-x	1
雨零星散	yǔ líng xīng sàn	75414	in-ing,an-ang,s-sh,n-l,r-l,j-q-x	1
雨露之恩	yǔ lù zhī ēn	75415	en-eng,z-zh,n-l,r-l	1
雨霾风障	yǔ mái fēng zhàng	75416	en-eng,an-ang,ai-ei,z-zh,h-f	3
雨顺风调	yǔ shùn fēng tiáo	75417	en-eng,s-sh,h-f	1
雨鬓风鬟	yǔ bìn fēng huán	75418	en-eng,in-ing,uan-uang,h-f	3
雨鬣霜蹄	yǔ liè shuāng tí	75419	uan-uang,ia-ie,s-sh,n-l,r-l	3
雪中鸿爪	xuě zhōng hóng zhǎo	75420	ao-ou,z-zh,h-f,j-q-x	1
雪北香南	xuě běi xiāng nán	75421	an-ang,ian-iang,ai-ei,n-l,j-q-x	1
雪月风花	xuě yuè fēng huā	75422	en-eng,ua-uo,h-f,j-q-x	1
雪泥鸿迹	xuě ní hóng jì	75423	n-l,h-f,j-q-x	1
雪窗萤几	xuě chuāng yíng jǐ	75424	in-ing,uan-uang,c-ch,j-q-x	1
雪耻报仇	xuě chǐ bào chóu	75425	ao-ou,c-ch,j-q-x	1
雪胎梅骨	xuě tāi méi gǔ	75426	ai-ei,j-q-x	1
雪虐风饕	xuě nüè fēng tāo	75427	en-eng,ao-ou,n-l,h-f,j-q-x	3
雪鸿指爪	xuě hóng zhǐ zhǎo	75428	ao-ou,z-zh,h-f,j-q-x	1
零丁孤苦	líng dīng gū kǔ	75429	in-ing,n-l,r-l	1
零光片羽	líng guāng piàn yǔ	75430	in-ing,ian-iang,uan-uang,n-l,r-l	1
零零散散	líng líng sǎn sǎn	75431	in-ing,an-ang,s-sh,n-l,r-l	1
零露瀼瀼	líng lù ráng ráng	75432	in-ing,an-ang,n-l,r-l	5
雷令风行	léi lìng fēng xíng	75433	en-eng,in-ing,ai-ei,n-l,h-f,r-l,j-q-x	1
雷动风行	léi dòng fēng xíng	75434	en-eng,in-ing,ai-ei,n-l,h-f,r-l,j-q-x	1
雷厉风飞	léi lì fēng fēi	75435	en-eng,ai-ei,n-l,h-f,r-l	1
雷奔云谲	léi bēn yún jué	75436	en-eng,ai-ei,n-l,r-l,j-q-x	3
雷霆之怒	léi tíng zhī nù	75438	in-ing,ai-ei,z-zh,n-l,r-l	3
雷鸣瓦釜	léi míng wǎ fǔ	75439	in-ing,ai-ei,n-l,h-f,r-l	3
雾兴云涌	wù xīng yún yǒng	75440	in-ing,j-q-x	1
雾散云披	wù sàn yún pī	75441	an-ang,s-sh	1
雾涌云蒸	wù yǒng yún zhēng	75442	en-eng,z-zh	1
雾起云涌	wù qǐ yún yǒng	75443	j-q-x	1
雾集云合	wù jí yún hé	75444	h-f,j-q-x	1
雾鬓风鬟	wù bìn fēng huán	75445	en-eng,in-ing,uan-uang,h-f	3
雾鳞云爪	wù lín yún zhǎo	75446	in-ing,ao-ou,z-zh,n-l,r-l	1
需沙出穴	xū shā chū xué	75447	c-ch,s-sh,j-q-x	1
霁月光风	jì yuè guāng fēng	75448	en-eng,uan-uang,h-f,j-q-x	3
霁风朗月	jì fēng lǎng yuè	75449	en-eng,an-ang,n-l,h-f,r-l,j-q-x	3
霄鱼垂化	xiāo yú chuí huà	75450	ua-uo,c-ch,h-f,j-q-x	1
震天动地	zhèn tiān dòng dì	75451	en-eng,ian-iang,z-zh	1
震聋发聩	zhèn lóng fā kuì	75452	en-eng,z-zh,n-l,h-f,r-l	3
霜凋夏绿	shuāng diāo xià lǜ	75455	uan-uang,ia-ie,s-sh,n-l,r-l,j-q-x	3
霜气横秋	shuāng qì héng qiū	75456	en-eng,uan-uang,s-sh,h-f,j-q-x	1
霜行草宿	shuāng xíng cǎo xiǔ	75458	in-ing,uan-uang,ao-ou,c-ch,s-sh,j-q-x	1
霜露之思	shuāng lù zhī sī	75459	uan-uang,z-zh,s-sh,n-l,r-l	1
霜露之悲	shuāng lù zhī bēi	75460	uan-uang,ai-ei,z-zh,s-sh,n-l,r-l	1
霜露之感	shuāng lù zhī gǎn	75461	an-ang,uan-uang,z-zh,s-sh,n-l,r-l	1
霜露之病	shuāng lù zhī bìng	75462	in-ing,uan-uang,z-zh,s-sh,n-l,r-l	1
霜露之辰	shuāng lù zhī chén	75463	en-eng,uan-uang,z-zh,c-ch,s-sh,n-l,r-l	1
霞光万道	xiá guāng wàn dào	75464	an-ang,uan-uang,ao-ou,ia-ie,j-q-x	1
霞思云想	xiá sī yún xiǎng	75465	ian-iang,ia-ie,s-sh,j-q-x	1
霞思天想	xiá sī tiān xiǎng	75466	ian-iang,ia-ie,s-sh,j-q-x	1
露天开采	lù tiān kāi cǎi	75472	ian-iang,ai-ei,c-ch,n-l,r-l	1
露宿风餐	lù sù fēng cān	75473	en-eng,an-ang,c-ch,s-sh,n-l,h-f,r-l	1
露尾藏头	lù wěi cáng tóu	75474	an-ang,ai-ei,ao-ou,c-ch,n-l,r-l	1
露己扬才	lù jǐ yáng cái	75475	an-ang,ai-ei,c-ch,n-l,r-l,j-q-x	1
露影藏形	lù yǐng cáng xíng	75477	in-ing,an-ang,c-ch,n-l,r-l,j-q-x	1
露往霜来	lù wǎng shuāng lái	75478	an-ang,uan-uang,ai-ei,s-sh,n-l,r-l	1
露才扬己	lù cái yáng jǐ	75480	an-ang,ai-ei,c-ch,n-l,r-l,j-q-x	1
露水夫妻	lù shuǐ fū qī	75481	s-sh,n-l,h-f,r-l,j-q-x	1
露纂雪钞	lù zuǎn xuě chāo	75485	uan-uang,ao-ou,z-zh,c-ch,n-l,r-l,j-q-x	3
露红烟紫	lù hóng yān zǐ	75486	an-ang,z-zh,n-l,h-f,r-l	1
露红烟绿	lù hóng yān lǜ	75487	an-ang,n-l,h-f,r-l	1
露胆披肝	lù dǎn pī gān	75488	an-ang,n-l,r-l	1
露胆披诚	lù dǎn pī chéng	75489	en-eng,an-ang,c-ch,n-l,r-l	1
露钞雪纂	lù chāo xuě zuǎn	75491	uan-uang,ao-ou,z-zh,c-ch,n-l,r-l,j-q-x	3
露面抛头	lù miàn pāo tóu	75492	ian-iang,ao-ou,n-l,r-l	1
露餐风宿	lù cān fēng sù	75494	en-eng,an-ang,c-ch,s-sh,n-l,h-f,r-l	1
霸王别姬	bà wáng bié jī	75497	an-ang,ia-ie,j-q-x	3
霸王风月	bà wáng fēng yuè	75498	en-eng,an-ang,h-f	1
霸道横行	bà dào héng xíng	75499	en-eng,in-ing,ao-ou,h-f,j-q-x	1
霸陵醉尉	bà líng zuì wèi	75500	in-ing,ai-ei,z-zh,n-l,r-l	1
青云万里	qīng yún wàn lǐ	75502	in-ing,an-ang,n-l,r-l,j-q-x	1
青史传名	qīng shǐ chuán míng	75503	in-ing,uan-uang,c-ch,s-sh,j-q-x	1
青山一发	qīng shān yī fà	75504	in-ing,an-ang,s-sh,h-f,j-q-x	1
青山不老	qīng shān bù lǎo	75505	in-ing,an-ang,ao-ou,s-sh,n-l,r-l,j-q-x	1
青州从事	qīng zhōu cóng shì	75506	in-ing,ao-ou,z-zh,c-ch,s-sh,j-q-x	1
青林黑塞	qīng lín hēi sài	75508	in-ing,ai-ei,s-sh,n-l,h-f,r-l,j-q-x	1
青枝绿叶	qīng zhī lǜ yè	75509	in-ing,z-zh,n-l,r-l,j-q-x	1
青灯古佛	qīng dēng gǔ fó	75510	en-eng,in-ing,h-f,j-q-x	1
青灯黄卷	qīng dēng huáng juàn	75511	en-eng,in-ing,uan-uang,h-f,j-q-x	1
青眼相看	qīng yǎn xiāng kàn	75512	in-ing,an-ang,ian-iang,j-q-x	1
青紫被体	qīng zǐ pī tǐ	75514	in-ing,z-zh,j-q-x	1
青肝碧血	qīng gān bì xuè	75516	in-ing,an-ang,j-q-x	1
青藏高原	qīng zàng gāo yuán	75517	in-ing,an-ang,uan-uang,ao-ou,z-zh,j-q-x	1
青过于蓝	qīng guò yú lán	75519	in-ing,an-ang,ua-uo,n-l,r-l,j-q-x	1
青钱万选	qīng qián wàn xuǎn	75520	in-ing,an-ang,ian-iang,uan-uang,j-q-x	1
青霄直上	qīng xiāo zhí shàng	75521	in-ing,an-ang,z-zh,s-sh,j-q-x	1
青鸟殷勤	qīng niǎo yīn qín	75522	in-ing,n-l,j-q-x	1
青龙金匮	qīng lóng jīn kuì	75523	in-ing,n-l,r-l,j-q-x	3
静极思动	jìng jí sī dòng	75532	in-ing,s-sh,j-q-x	1
静电反应	jìng diàn fǎn yìng	75533	in-ing,an-ang,ian-iang,h-f,j-q-x	1
静观默察	jìng guān mò chá	75534	in-ing,uan-uang,c-ch,j-q-x	1
静言令色	jìng yán lìng sè	75535	in-ing,an-ang,s-sh,n-l,r-l,j-q-x	1
非分之念	fēi fèn zhī niàn	75536	en-eng,ian-iang,ai-ei,z-zh,n-l,h-f	1
非分之想	fēi fèn zhī xiǎng	75537	en-eng,ian-iang,ai-ei,z-zh,h-f,j-q-x	1
非分之财	fēi fèn zhī cái	75538	en-eng,ai-ei,z-zh,c-ch,h-f	1
非同儿戏	fēi tóng ér xì	75539	ai-ei,h-f,j-q-x	1
非异人任	fēi yì rén rèn	75540	en-eng,ai-ei,h-f,r-l	1
非意相干	fēi yì xiāng gān	75541	an-ang,ian-iang,ai-ei,h-f,j-q-x	1
非池中物	fēi chí zhōng wù	75544	ai-ei,z-zh,c-ch,h-f	1
非电解质	fēi diàn jiě zhì	75545	ian-iang,ai-ei,ia-ie,z-zh,h-f,j-q-x	1
靡坚不摧	mí jiān bù cuī	75547	ian-iang,c-ch,j-q-x	1
靡所底止	mí suǒ dǐ zhǐ	75548	ua-uo,z-zh,s-sh	1
靡所适从	mí suǒ shì cóng	75549	ua-uo,c-ch,s-sh	1
靡有孑遗	mǐ yǒu jié yí	75550	ao-ou,ia-ie,j-q-x	3
靡然乡风	mí rán xiāng fēng	75551	en-eng,an-ang,ian-iang,h-f,r-l,j-q-x	1
靡然从风	mǐ rán cóng fēng	75552	en-eng,an-ang,c-ch,h-f,r-l	1
靡然向风	mí rán xiàng fēng	75553	en-eng,an-ang,ian-iang,h-f,r-l,j-q-x	1
靡然成风	mí rán chéng fēng	75554	en-eng,an-ang,c-ch,h-f,r-l	1
靡然顺风	mí rán shùn fēng	75555	en-eng,an-ang,s-sh,h-f,r-l	1
靡知所措	mí zhī suǒ cuò	75556	ua-uo,z-zh,c-ch,s-sh	1
靡衣偷食	mǐ yī tōu shí	75557	ao-ou,s-sh	1
靡衣玉食	mí yī yù shí	75558	s-sh	1
靡靡之乐	mǐ mǐ zhī yuè	75559	z-zh	1
面不改容	miàn bù gǎi róng	75561	ian-iang,ai-ei,r-l	1
面争庭论	miàn zhēng tíng lùn	75562	en-eng,in-ing,ian-iang,z-zh,n-l,r-l	1
面从腹诽	miàn cóng fù fěi	75563	ian-iang,ai-ei,c-ch,h-f	1
面似靴皮	miàn sì xuē pí	75564	ian-iang,s-sh,j-q-x	1
面北眉南	miàn běi méi nán	75565	an-ang,ian-iang,ai-ei,n-l	1
面命耳提	miàn mìng ěr tí	75566	in-ing,ian-iang	1
面壁磨砖	miàn bì mó zhuān	75567	ian-iang,uan-uang,z-zh	1
面如冠玉	miàn rú guān yù	75568	ian-iang,uan-uang,r-l	1
面折庭争	miàn shé tíng zhēng	75569	en-eng,in-ing,ian-iang,z-zh,s-sh	1
面折廷争	miàn zhé tíng zhēng	75570	en-eng,in-ing,ian-iang,z-zh	1
面折廷诤	miàn shé tíng zhèng	75571	en-eng,in-ing,ian-iang,z-zh,s-sh	3
面是背非	miàn shì bèi fēi	75572	ian-iang,ai-ei,s-sh,h-f	1
面有菜色	miàn yǒu cài sè	75573	ian-iang,ai-ei,ao-ou,c-ch,s-sh	1
面目可憎	miàn mù kě zēng	75576	en-eng,ian-iang,z-zh	1
面红耳热	miàn hóng ěr rè	75578	ian-iang,h-f,r-l	1
面红面绿	miàn hóng miàn lǜ	75579	ian-iang,n-l,h-f,r-l	1
面红面赤	miàn hóng miàn chì	75580	ian-iang,c-ch,h-f	1
面红颈赤	miàn hóng jǐng chì	75581	in-ing,ian-iang,c-ch,h-f,j-q-x	1
面若死灰	miàn ruò sǐ huī	75582	ian-iang,ua-uo,s-sh,h-f,r-l	1
面誉背毁	miàn yù bèi huǐ	75584	ian-iang,ai-ei,h-f	1
面誉背非	miàn yù bèi fēi	75585	ian-iang,ai-ei,h-f	1
面谀背毁	miàn yú bèi huǐ	75586	ian-iang,ai-ei,h-f	3
面面厮觑	miàn miàn sī qù	75587	ian-iang,s-sh,j-q-x	3
面面相看	miàn miàn xiāng kàn	75588	an-ang,ian-iang,j-q-x	1
面面相睹	miàn miàn xiāng dǔ	75589	ian-iang,j-q-x	1
面面相窥	miàn miàn xiāng kuī	75590	ian-iang,j-q-x	1
革命创制	gé mìng chuàng zhì	75591	in-ing,uan-uang,z-zh,c-ch	1
革命反正	gé mìng fǎn zhèng	75592	en-eng,in-ing,an-ang,z-zh,h-f	1
革奸铲暴	gé jiān chǎn bào	75594	an-ang,ian-iang,ao-ou,c-ch,j-q-x	1
革心易行	gé xīn yì xíng	75595	in-ing,j-q-x	1
革旧从新	gé jiù cóng xīn	75596	in-ing,c-ch,j-q-x	1
革邪反正	gé xié fǎn zhèng	75597	en-eng,an-ang,ia-ie,z-zh,h-f,j-q-x	1
革面敛手	gé miàn liǎn shǒu	75598	ian-iang,ao-ou,s-sh,n-l,r-l	1
革面洗心	gé miàn xǐ xīn	75599	in-ing,ian-iang,j-q-x	1
革风易俗	gé fēng yì sú	75600	en-eng,s-sh,h-f	1
鞅鞅不乐	yāng yāng bù lè	75602	an-ang,n-l,r-l	3
鞋弓袜浅	xié gōng wà qiǎn	75603	ian-iang,ia-ie,j-q-x	1
鞘里藏刀	qiào lǐ cáng dāo	75604	an-ang,ao-ou,c-ch,n-l,r-l,j-q-x	3
鞠为茂草	jū wéi mào cǎo	75605	ai-ei,ao-ou,c-ch,j-q-x	1
鞠躬尽力	jū gōng jìn lì	75606	in-ing,n-l,r-l,j-q-x	1
鞠躬屏气	jū gōng bǐng qì	75607	in-ing,j-q-x	1
鞫为茂草	jū wéi mào cǎo	75608	ai-ei,ao-ou,c-ch,j-q-x	3
鞭不及腹	biān bù jí fù	75609	ian-iang,h-f,j-q-x	1
鞭约近里	biān yuē jìn lǐ	75610	in-ing,ian-iang,n-l,r-l,j-q-x	1
鞭辟向里	biān bì xiàng lǐ	75611	ian-iang,n-l,r-l,j-q-x	1
鞭辟着里	biān bì zhuó lǐ	75612	ian-iang,ua-uo,z-zh,n-l,r-l	1
鞭辟近里	biān pì jìn lǐ	75613	in-ing,ian-iang,n-l,r-l,j-q-x	1
鞭长不及	biān cháng bù jí	75614	an-ang,ian-iang,c-ch,j-q-x	1
鞭长驾远	biān cháng jià yuǎn	75615	an-ang,ian-iang,uan-uang,ia-ie,c-ch,j-q-x	1
韦裤布被	wéi kù bù bèi	75617	ai-ei	3
韩寿分香	hán shòu fēn xiāng	75618	en-eng,an-ang,ian-iang,ao-ou,s-sh,h-f,j-q-x	1
韩海苏潮	hán hǎi sū cháo	75619	an-ang,ai-ei,ao-ou,c-ch,s-sh,h-f	1
韩潮苏海	hán cháo sū hǎi	75620	an-ang,ai-ei,ao-ou,c-ch,s-sh,h-f	1
韫椟而藏	yùn dú ér cáng	75621	an-ang,c-ch	3
韫椟藏珠	yùn dú cáng zhū	75622	an-ang,z-zh,c-ch	3
韬光俟奋	tāo guāng sì fèn	75623	en-eng,uan-uang,ao-ou,s-sh,h-f	3
韬光隐晦	tāo guāng yǐn huì	75624	in-ing,uan-uang,ao-ou,h-f	3
韬光隐迹	tāo guāng yǐn jì	75625	in-ing,uan-uang,ao-ou,j-q-x	3
韬光韫玉	tāo guāng yùn yù	75626	uan-uang,ao-ou	3
韬戈卷甲	tāo gē juǎn jiǎ	75627	uan-uang,ao-ou,ia-ie,j-q-x	3
韬晦待时	tāo huì dài shí	75628	ai-ei,ao-ou,s-sh,h-f	3
韬迹隐智	tāo jì yǐn zhì	75629	in-ing,ao-ou,z-zh,j-q-x	3
音乐老师	yīn yuè lǎo shī	75631	in-ing,ao-ou,s-sh,n-l,r-l	1
音乐频道	yīn yuè pín dào	75632	in-ing,ao-ou	1
音信杳无	yīn xìn yǎo wú	75633	in-ing,ao-ou,j-q-x	3
音容宛在	yīn róng wǎn zài	75635	in-ing,an-ang,ai-ei,z-zh,r-l	1
音节文字	yīn jié wén zì	75637	en-eng,in-ing,ia-ie,z-zh,j-q-x	1
韶华如驶	sháo huá rú shǐ	75642	ao-ou,ua-uo,s-sh,h-f,r-l	3
顶名冒姓	dǐng míng mào xìng	75645	in-ing,ao-ou,j-q-x	1
顶天踵地	dǐng tiān zhǒng dì	75646	in-ing,ian-iang,z-zh	3
顶踵尽捐	dǐng zhǒng jìn juān	75648	in-ing,uan-uang,z-zh,j-q-x	3
顶踵捐糜	dǐng zhǒng juān mí	75649	in-ing,uan-uang,z-zh,j-q-x	3
顶风冒雪	dǐng fēng mào xuě	75650	en-eng,in-ing,ao-ou,h-f,j-q-x	1
项背相望	xiàng bèi xiāng wàng	75652	an-ang,ian-iang,ai-ei,j-q-x	1
顺人应天	shùn rén yìng tiān	75653	en-eng,in-ing,ian-iang,s-sh,r-l	1
顺便一提	shùn biàn yì tí	75654	ian-iang,s-sh	1
顺天从人	shùn tiān cóng rén	75656	en-eng,ian-iang,c-ch,s-sh,r-l	1
顺天应人	shùn tiān yìng rén	75657	en-eng,in-ing,ian-iang,s-sh,r-l	1
顺天应时	shùn tiān yīng shí	75658	in-ing,ian-iang,s-sh	1
顺水行舟	shùn shuǐ xíng zhōu	75659	in-ing,ao-ou,z-zh,s-sh,j-q-x	1
顺水顺风	shùn shuǐ shùn fēng	75660	en-eng,s-sh,h-f	1
顺美匡恶	shùn měi kuāng è	75661	uan-uang,ai-ei,s-sh	3
顺蔓摸瓜	shùn màn mō guā	75662	an-ang,ua-uo,s-sh	1
顺过饰非	shùn guò shì fēi	75663	ai-ei,ua-uo,s-sh,h-f	1
顺非而泽	shùn fēi ér zé	75664	ai-ei,z-zh,s-sh,h-f	1
顺风使帆	shùn fēng shǐ fān	75665	en-eng,an-ang,s-sh,h-f	1
顺风使舵	shùn fēng shǐ duò	75666	en-eng,ua-uo,s-sh,h-f	1
顺风使船	shùn fēng shǐ chuán	75667	en-eng,uan-uang,c-ch,s-sh,h-f	1
顺风吹火	shùn fēng chuī huǒ	75668	en-eng,ua-uo,c-ch,s-sh,h-f	1
顺风张帆	shùn fēng zhāng fān	75669	en-eng,an-ang,z-zh,s-sh,h-f	1
顺风扯帆	shùn fēng chě fān	75670	en-eng,an-ang,c-ch,s-sh,h-f	1
顺风而呼	shùn fēng ér hū	75671	en-eng,s-sh,h-f	1
顺风行船	shùn fēng xíng chuán	75672	en-eng,in-ing,uan-uang,c-ch,s-sh,h-f,j-q-x	1
顺风转舵	shùn fēng zhuǎn duò	75673	en-eng,uan-uang,ua-uo,z-zh,s-sh,h-f	1
顺风驶船	shùn fēng shǐ chuán	75674	en-eng,uan-uang,c-ch,s-sh,h-f	1
须发皆白	xū fà jiē bái	75675	ai-ei,ia-ie,h-f,j-q-x	1
须弥芥子	xū mí jiè zǐ	75676	ia-ie,z-zh,j-q-x	1
顽固不化	wán gù bù huà	75677	an-ang,ua-uo,h-f	1
顽梗不化	wán gěng bù huà	75678	en-eng,an-ang,ua-uo,h-f	1
顽父嚚母	wán fù yín mǔ	75679	in-ing,an-ang,h-f	5
顽皮贼骨	wán pí zéi gǔ	75680	an-ang,ai-ei,z-zh	1
顽皮赖骨	wán pí lài gǔ	75681	an-ang,ai-ei,n-l,r-l	1
顽石点头	wán shí diǎn tóu	75682	an-ang,ian-iang,ao-ou,s-sh	1
顾全大局	gù quán dà jú	75683	uan-uang,j-q-x	1
顾小失大	gù xiǎo shī dà	75684	s-sh,j-q-x	1
顾影弄姿	gù yǐng nòng zī	75685	in-ing,z-zh,n-l	1
顾景惭形	gù yǐng cán xíng	75686	in-ing,an-ang,c-ch,j-q-x	1
顾曲周郎	gù qǔ zhōu láng	75687	an-ang,ao-ou,z-zh,n-l,r-l,j-q-x	1
顿学累功	dùn xué lěi gōng	75688	ai-ei,n-l,r-l,j-q-x	1
顿纲振纪	dùn gāng zhèn jì	75689	en-eng,an-ang,z-zh,j-q-x	1
顿足不前	dùn zú bù qián	75690	ian-iang,z-zh,j-q-x	1
顿足椎胸	dùn zú zhuī xiōng	75691	z-zh,j-q-x	1
颂声载道	sòng shēng zǎi dào	75692	en-eng,ai-ei,ao-ou,z-zh,s-sh	1
预防接种	yù fáng jiē zhòng	75694	an-ang,ia-ie,z-zh,h-f,j-q-x	1
领导得力	lǐng dǎo dé lì	75695	in-ing,ao-ou,n-l,r-l	1
颊上三毛	jiá shàng sān máo	75697	an-ang,ao-ou,ia-ie,s-sh,j-q-x	1
颊上三毫	jiá shàng sān háo	75698	an-ang,ao-ou,ia-ie,s-sh,h-f,j-q-x	1
颊上添毫	jiá shàng tiān háo	75699	an-ang,ian-iang,ao-ou,ia-ie,s-sh,h-f,j-q-x	1
颐指风使	yí zhǐ fēng shǐ	75703	en-eng,z-zh,s-sh,h-f	3
颓垣断堑	tuí yuán duàn qiàn	75706	ian-iang,uan-uang,j-q-x	3
颜丹鬓绿	yán dān bìn lǜ	75709	in-ing,an-ang,n-l,r-l	1
颜筋柳骨	yán jīn liǔ gǔ	75711	in-ing,an-ang,n-l,r-l,j-q-x	1
颜精柳骨	yán jīng liǔ gǔ	75712	in-ing,an-ang,n-l,r-l,j-q-x	1
颜面扫地	yán miàn sǎo dì	75713	an-ang,ian-iang,ao-ou,s-sh	1
颜骨柳筋	yán gǔ liǔ jīn	75714	in-ing,an-ang,n-l,r-l,j-q-x	1
额手相庆	é shǒu xiāng qìng	75715	in-ing,ian-iang,ao-ou,s-sh,j-q-x	1
额手称颂	é shǒu chēng sòng	75716	en-eng,ao-ou,c-ch,s-sh	1
额首称庆	é shǒu chēng qìng	75718	en-eng,in-ing,ao-ou,c-ch,s-sh,j-q-x	1
颠乾倒坤	diān qián dǎo kūn	75720	ian-iang,ao-ou,j-q-x	1
颠仆流离	diān pū liú lí	75721	ian-iang,n-l,r-l	1
颠倒乾坤	diān dǎo qián kūn	75722	ian-iang,ao-ou,j-q-x	1
颠倒干坤	diān dǎo gàn kūn	75723	an-ang,ian-iang,ao-ou	1
颠倒衣裳	diān dǎo yī cháng	75724	an-ang,ian-iang,ao-ou,c-ch	1
颠倒阴阳	diān dǎo yīn yáng	75725	in-ing,an-ang,ian-iang,ao-ou	1
颠唇簸嘴	diān chún bò zuǐ	75726	ian-iang,z-zh,c-ch	1
颠扑不磨	diān pū bù mó	75727	ian-iang	1
颠来簸去	diān lái bǒ qù	75728	ian-iang,ai-ei,n-l,r-l,j-q-x	1
颠毛种种	diān máo zhǒng zhǒng	75729	ian-iang,ao-ou,z-zh	1
颠簸不破	diān bǒ bù pò	75730	ian-iang	1
颠衣到裳	diān yī dào cháng	75731	an-ang,ian-iang,ao-ou,c-ch	1
颠颠倒倒	diān diān dǎo dǎo	75732	ian-iang,ao-ou	1
颠鸾倒凤	diān luán dǎo fèng	75733	en-eng,ian-iang,uan-uang,ao-ou,n-l,h-f,r-l	3
风不鸣条	fēng bù míng tiáo	75739	en-eng,in-ing,h-f	1
风中之烛	fēng zhōng zhī zhú	75740	en-eng,z-zh,h-f	1
风中秉烛	fēng zhōng bǐng zhú	75741	en-eng,in-ing,z-zh,h-f	1
风举云摇	fēng jǔ yún yáo	75742	en-eng,ao-ou,h-f,j-q-x	1
风举云飞	fēng jǔ yún fēi	75743	en-eng,ai-ei,h-f,j-q-x	1
风云不测	fēng yún bù cè	75744	en-eng,c-ch,h-f	1
风云之志	fēng yún zhī zhì	75745	en-eng,z-zh,h-f	1
风云变态	fēng yún biàn tài	75746	en-eng,ian-iang,ai-ei,h-f	1
风云月露	fēng yún yuè lù	75747	en-eng,n-l,h-f,r-l	1
风云际会	fēng yún jì huì	75748	en-eng,h-f,j-q-x	1
风俗习惯	fēng sú xí guàn	75751	en-eng,uan-uang,s-sh,h-f,j-q-x	1
风俗人情	fēng sú rén qíng	75752	en-eng,in-ing,s-sh,h-f,r-l,j-q-x	1
风信年华	fēng xìn nián huá	75754	en-eng,in-ing,ian-iang,ua-uo,n-l,h-f,j-q-x	1
风光月霁	fēng guāng yuè jì	75755	en-eng,uan-uang,h-f,j-q-x	3
风兵草甲	fēng bīng cǎo jiǎ	75756	en-eng,in-ing,ao-ou,ia-ie,c-ch,h-f,j-q-x	1
风前月下	fēng qián yuè xià	75757	en-eng,ian-iang,ia-ie,h-f,j-q-x	1
风前残烛	fēng qián cán zhú	75758	en-eng,an-ang,ian-iang,z-zh,c-ch,h-f,j-q-x	1
风动工具	fēng dòng gōng jù	75760	en-eng,h-f,j-q-x	1
风华绝代	fēng huá jué dài	75761	en-eng,ai-ei,ua-uo,h-f,j-q-x	1
风吹云散	fēng chuī yún sàn	75763	en-eng,an-ang,c-ch,s-sh,h-f	1
风吹浪打	fēng chuī làng dǎ	75764	en-eng,an-ang,c-ch,n-l,h-f,r-l	1
风吹马耳	fēng chuī mǎ ěr	75765	en-eng,c-ch,h-f	1
风和日暄	fēng hé rì xuān	75766	en-eng,uan-uang,h-f,r-l,j-q-x	3
风和日暖	fēng hé rì nuǎn	75767	en-eng,uan-uang,n-l,h-f,r-l	1
风和日美	fēng hé rì měi	75768	en-eng,ai-ei,h-f,r-l	1
风回电激	fēng huí diàn jī	75769	en-eng,ian-iang,h-f,j-q-x	1
风土人情	fēng tǔ rén qíng	75770	en-eng,in-ing,h-f,r-l,j-q-x	1
风尘之会	fēng chén zhī huì	75773	en-eng,z-zh,c-ch,h-f	1
风尘之变	fēng chén zhī biàn	75774	en-eng,ian-iang,z-zh,c-ch,h-f	1
风尘碌碌	fēng chén lù lù	75775	en-eng,c-ch,n-l,h-f,r-l	1
风尘肮脏	fēng chén āng zāng	75776	en-eng,an-ang,z-zh,c-ch,h-f	1
风平波息	fēng píng bō xī	75778	en-eng,in-ing,h-f,j-q-x	1
风影敷衍	fēng yǐng fū yǎn	75780	en-eng,in-ing,an-ang,h-f	1
风急浪高	fēng jí làng gāo	75781	en-eng,an-ang,ao-ou,n-l,h-f,r-l,j-q-x	1
风情月债	fēng qíng yuè zhài	75782	en-eng,in-ing,ai-ei,z-zh,h-f,j-q-x	1
风情月思	fēng qíng yuè sī	75783	en-eng,in-ing,s-sh,h-f,j-q-x	1
风情月意	fēng qíng yuè yì	75784	en-eng,in-ing,h-f,j-q-x	1
风掣雷行	fēng chè léi xíng	75785	en-eng,in-ing,ai-ei,c-ch,n-l,h-f,r-l,j-q-x	3
风旋电掣	fēng xuán diàn chè	75786	en-eng,ian-iang,uan-uang,c-ch,h-f,j-q-x	3
风景不殊	fēng jǐng bù shū	75787	en-eng,in-ing,s-sh,h-f,j-q-x	1
风月无涯	fēng yuè wú yá	75788	en-eng,h-f	1
风月无边	fēng yuè wú biān	75789	en-eng,ian-iang,h-f	1
风木之思	fēng mù zhī sī	75790	en-eng,z-zh,s-sh,h-f	1
风木之悲	fēng mù zhī bēi	75791	en-eng,ai-ei,z-zh,h-f	1
风木含悲	fēng mù hán bēi	75792	en-eng,an-ang,ai-ei,h-f	1
风栉雨沐	fēng zhì yǔ mù	75795	en-eng,z-zh,h-f	3
风樯阵马	fēng qiáng zhèn mǎ	75796	en-eng,ian-iang,z-zh,h-f,j-q-x	3
风水先生	fēng shuǐ xiān shēng	75797	en-eng,ian-iang,s-sh,h-f,j-q-x	1
风流儒雅	fēng liú rú yǎ	75799	en-eng,n-l,h-f,r-l	1
风流冤孽	fēng liú yuān niè	75800	en-eng,uan-uang,ia-ie,n-l,h-f,r-l	1
风流千古	fēng liú qiān gǔ	75801	en-eng,ian-iang,n-l,h-f,r-l,j-q-x	1
风流才子	fēng liú cái zǐ	75802	en-eng,ai-ei,z-zh,c-ch,n-l,h-f,r-l	1
风流潇洒	fēng liú xiāo sǎ	75803	en-eng,s-sh,n-l,h-f,r-l,j-q-x	1
风流罪过	fēng liú zuì guò	75804	en-eng,ua-uo,z-zh,n-l,h-f,r-l	1
风流蕴藉	fēng liú yùn jiè	75805	en-eng,ia-ie,n-l,h-f,r-l,j-q-x	1
风流跌宕	fēng liú diē dàng	75806	en-eng,an-ang,ia-ie,n-l,h-f,r-l	3
风清弊绝	fēng qīng bì jué	75807	en-eng,in-ing,h-f,j-q-x	1
风清月明	fēng qīng yuè míng	75808	en-eng,in-ing,h-f,j-q-x	1
风清月朗	fēng qīng yuè lǎng	75809	en-eng,in-ing,an-ang,n-l,h-f,r-l,j-q-x	1
风清月皎	fēng qīng yuè jiǎo	75810	en-eng,in-ing,h-f,j-q-x	3
风潇雨晦	fēng xiāo yǔ huì	75811	en-eng,h-f,j-q-x	1
风激电飞	fēng jī diàn fēi	75812	en-eng,ian-iang,ai-ei,h-f,j-q-x	1
风激电骇	fēng jī diàn hài	75813	en-eng,ian-iang,ai-ei,h-f,j-q-x	1
风烛之年	fēng zhú zhī nián	75814	en-eng,ian-iang,z-zh,n-l,h-f	1
风烛草露	fēng zhú cǎo lù	75815	en-eng,ao-ou,z-zh,c-ch,n-l,h-f,r-l	1
风禾尽起	fēng hé jìn qǐ	75818	en-eng,in-ing,h-f,j-q-x	1
风花雪夜	fēng huā xuě yè	75820	en-eng,ua-uo,h-f,j-q-x	1
风虎云龙	fēng hǔ yún lóng	75821	en-eng,n-l,h-f,r-l	1
风行一世	fēng xíng yī shì	75822	en-eng,in-ing,s-sh,h-f,j-q-x	1
风行水上	fēng xíng shuǐ shàng	75823	en-eng,in-ing,an-ang,s-sh,h-f,j-q-x	1
风行电击	fēng xíng diàn jī	75824	en-eng,in-ing,ian-iang,h-f,j-q-x	1
风行电扫	fēng xíng diàn sǎo	75825	en-eng,in-ing,ian-iang,ao-ou,s-sh,h-f,j-q-x	1
风行电掣	fēng xíng diàn chè	75826	en-eng,in-ing,ian-iang,c-ch,h-f,j-q-x	3
风行电照	fēng xíng diàn zhào	75827	en-eng,in-ing,ian-iang,ao-ou,z-zh,h-f,j-q-x	1
风行草从	fēng xíng cǎo cóng	75828	en-eng,in-ing,ao-ou,c-ch,h-f,j-q-x	1
风行草偃	fēng xíng cǎo yǎn	75829	en-eng,in-ing,an-ang,ao-ou,c-ch,h-f,j-q-x	3
风行草靡	fēng xíng cǎo mí	75830	en-eng,in-ing,ao-ou,c-ch,h-f,j-q-x	1
风行雨散	fēng xíng yǔ sàn	75831	en-eng,in-ing,an-ang,s-sh,h-f,j-q-x	1
风行雷厉	fēng xíng léi lì	75832	en-eng,in-ing,ai-ei,n-l,h-f,r-l,j-q-x	1
风行革偃	fēng xíng gé yǎn	75833	en-eng,in-ing,an-ang,h-f,j-q-x	3
风言影语	fēng yán yǐng yǔ	75834	en-eng,in-ing,an-ang,h-f	1
风言醋语	fēng yán cù yǔ	75835	en-eng,an-ang,c-ch,h-f	1
风言雾语	fēng yán wù yǔ	75836	en-eng,an-ang,h-f	1
风语不透	fēng yǔ bù tòu	75837	en-eng,ao-ou,h-f	1
风谲云诡	fēng jué yún guǐ	75838	en-eng,h-f,j-q-x	3
风起云蒸	fēng qǐ yún zhēng	75839	en-eng,z-zh,h-f,j-q-x	1
风起水涌	fēng qǐ shuǐ yǒng	75840	en-eng,s-sh,h-f,j-q-x	1
风趣横生	fēng qù héng shēng	75841	en-eng,s-sh,h-f,j-q-x	1
风车云马	fēng chē yún mǎ	75842	en-eng,c-ch,h-f	1
风车雨马	fēng chē yǔ mǎ	75843	en-eng,c-ch,h-f	1
风轻云净	fēng qīng yún jìng	75845	en-eng,in-ing,h-f,j-q-x	1
风门水口	fēng mén shuǐ kǒu	75851	en-eng,ao-ou,s-sh,h-f	1
风雨不改	fēng yǔ bù gǎi	75854	en-eng,ai-ei,h-f	1
风雨不测	fēng yǔ bù cè	75855	en-eng,c-ch,h-f	1
风雨不透	fēng yǔ bù tòu	75856	en-eng,ao-ou,h-f	1
风雨共舟	fēng yǔ gòng zhōu	75857	en-eng,ao-ou,z-zh,h-f	1
风雨凄凄	fēng yǔ qī qī	75858	en-eng,h-f,j-q-x	1
风雨对床	fēng yǔ duì chuáng	75859	en-eng,uan-uang,c-ch,h-f	1
风雨摇摆	fēng yǔ yáo bǎi	75860	en-eng,ai-ei,ao-ou,h-f	1
风雨时若	fēng yǔ shí ruò	75861	en-eng,ua-uo,s-sh,h-f,r-l	1
风雨晦冥	fēng yǔ huì míng	75862	en-eng,in-ing,h-f	1
风雨晦暝	fēng yǔ huì míng	75863	en-eng,in-ing,h-f	3
风雨漂摇	fēng yǔ piāo yáo	75864	en-eng,ao-ou,h-f	1
风雨萧条	fēng yǔ xiāo tiáo	75866	en-eng,h-f,j-q-x	1
风雨连床	fēng yǔ lián chuáng	75867	en-eng,ian-iang,uan-uang,c-ch,n-l,h-f,r-l	1
风雨飘零	fēng yǔ piāo líng	75868	en-eng,in-ing,n-l,h-f,r-l	1
风雷之变	fēng léi zhī biàn	75869	en-eng,ian-iang,ai-ei,z-zh,n-l,h-f,r-l	1
风雷火炮	fēng léi huǒ pào	75870	en-eng,ai-ei,ao-ou,ua-uo,n-l,h-f,r-l	1
风霜雨雪	fēng shuāng yǔ xuě	75871	en-eng,uan-uang,s-sh,h-f,j-q-x	1
风靡一世	fēng mǐ yī shì	75872	en-eng,s-sh,h-f	1
风韵犹存	fēng yùn yóu cún	75873	en-eng,ao-ou,c-ch,h-f	1
风风韵韵	fēng fēng yùn yùn	75874	en-eng,h-f	1
风马不接	fēng mǎ bù jiē	75875	en-eng,ia-ie,h-f,j-q-x	1
风马云车	fēng mǎ yún chē	75876	en-eng,c-ch,h-f	1
风驰云卷	fēng chí yún juǎn	75877	en-eng,uan-uang,c-ch,h-f,j-q-x	1
风驰云走	fēng chí yún zǒu	75878	en-eng,ao-ou,z-zh,c-ch,h-f	1
风驰电击	fēng chí diàn jī	75879	en-eng,ian-iang,c-ch,h-f,j-q-x	1
风驰电卷	fēng chí diàn juǎn	75880	en-eng,ian-iang,uan-uang,c-ch,h-f,j-q-x	1
风驰电赴	fēng chí diàn fù	75881	en-eng,ian-iang,c-ch,h-f	1
风驰电逝	fēng chí diàn shì	75882	en-eng,ian-iang,c-ch,s-sh,h-f	1
风驰电骋	fēng chí diàn chěng	75883	en-eng,ian-iang,c-ch,h-f	3
风驰草靡	fēng chí cǎo mǐ	75884	en-eng,ao-ou,c-ch,h-f	1
风驰雨骤	fēng chí yǔ zhòu	75885	en-eng,ao-ou,z-zh,c-ch,h-f	1
风驰霆击	fēng chí tíng jī	75886	en-eng,in-ing,c-ch,h-f,j-q-x	3
风驱电击	fēng qū diàn jī	75887	en-eng,ian-iang,h-f,j-q-x	1
风驱电扫	fēng qū diàn sǎo	75888	en-eng,ian-iang,ao-ou,s-sh,h-f,j-q-x	1
风骨峭峻	fēng gǔ qiào jùn	75889	en-eng,h-f,j-q-x	1
风鬟雨鬓	fēng huán yǔ bìn	75890	en-eng,in-ing,uan-uang,h-f	3
风鬟雾鬓	fēng huán wù bìn	75891	en-eng,in-ing,uan-uang,h-f	3
飘樊落溷	piāo fán luò hùn	75894	an-ang,ua-uo,n-l,h-f,r-l	3
飘泊无定	piāo bó wú dìng	75896	in-ing	1
飘洋过海	piāo yáng guò hǎi	75897	an-ang,ai-ei,ua-uo,h-f	1
飘瓦虚舟	piāo wǎ xū zhōu	75898	ao-ou,z-zh,j-q-x	1
飘茵堕溷	piāo yīn duò hùn	75899	in-ing,ua-uo,h-f	3
飘茵落溷	piāo yīn luò hùn	75900	in-ing,ua-uo,n-l,h-f,r-l	3
飘风急雨	piāo fēng jí yǔ	75902	en-eng,h-f,j-q-x	1
飘风暴雨	piāo fēng bào yǔ	75903	en-eng,ao-ou,h-f	1
飘风苦雨	piāo fēng kǔ yǔ	75904	en-eng,h-f	1
飘风过耳	piāo fēng guò ěr	75905	en-eng,ua-uo,h-f	1
飘风骤雨	piāo fēng zhòu yǔ	75906	en-eng,ao-ou,z-zh,h-f	1
飙发电举	biāo fā diàn jǔ	75907	ian-iang,h-f,j-q-x	3
飞刍转饷	fēi chú zhuǎn xiǎng	75908	ian-iang,uan-uang,ai-ei,z-zh,c-ch,h-f,j-q-x	3
飞将数奇	fēi jiàng shù jī	75910	ian-iang,ai-ei,s-sh,h-f,j-q-x	1
飞沙扬砾	fēi shā yáng lì	75911	an-ang,ai-ei,s-sh,n-l,h-f,r-l	1
飞沙走砾	fēi shā zǒu lì	75912	ai-ei,ao-ou,z-zh,s-sh,n-l,h-f,r-l	1
飞流短长	fēi liú duǎn cháng	75913	an-ang,uan-uang,ai-ei,c-ch,n-l,h-f,r-l	1
飞灾横祸	fēi zāi hèng huò	75914	en-eng,ai-ei,ua-uo,z-zh,h-f	1
飞珠溅玉	fēi zhū jiàn yù	75916	ian-iang,ai-ei,z-zh,h-f,j-q-x	1
飞眼传情	fēi yǎn chuán qíng	75917	in-ing,an-ang,uan-uang,ai-ei,c-ch,h-f,j-q-x	1
飞砂走石	fēi shā zǒu shí	75919	ai-ei,ao-ou,z-zh,s-sh,h-f	1
飞砂转石	fēi shā zhuǎn shí	75920	uan-uang,ai-ei,z-zh,s-sh,h-f	1
飞米转刍	fēi mǐ zhuǎn chú	75921	uan-uang,ai-ei,z-zh,c-ch,h-f	3
飞蓬随风	fēi péng suí fēng	75922	en-eng,ai-ei,s-sh,h-f	1
飞蛾扑火	fēi é pū huǒ	75923	ai-ei,ua-uo,h-f	1
飞蛾投火	fēi é tóu huǒ	75924	ai-ei,ao-ou,ua-uo,h-f	1
飞蛾赴火	fēi é fù huǒ	75925	ai-ei,ua-uo,h-f	1
飞蛾赴烛	fēi é fù zhú	75926	ai-ei,z-zh,h-f	1
飞蛾赴焰	fēi é fù yàn	75927	an-ang,ai-ei,h-f	1
飞车走壁	fēi chē zǒu bì	75929	ai-ei,ao-ou,z-zh,c-ch,h-f	1
飞霜六月	fēi shuāng liù yuè	75931	uan-uang,ai-ei,s-sh,n-l,h-f,r-l	1
飞鸟惊蛇	fēi niǎo jīng shé	75932	in-ing,ai-ei,s-sh,n-l,h-f,j-q-x	1
飞鸿雪爪	fēi hóng xuě zhǎo	75933	ai-ei,ao-ou,z-zh,h-f,j-q-x	1
飞鹰奔犬	fēi yīng bēn quǎn	75934	en-eng,in-ing,uan-uang,ai-ei,h-f,j-q-x	1
飞龙乘云	fēi lóng chéng yún	75935	en-eng,ai-ei,c-ch,n-l,h-f,r-l	1
食不下咽	shí bù xià yàn	75936	an-ang,ia-ie,s-sh,j-q-x	1
食不二味	shí bù èr wèi	75937	ai-ei,s-sh	1
食不充口	shí bù chōng kǒu	75938	ao-ou,c-ch,s-sh	1
食不充肠	shí bù chōng cháng	75939	an-ang,c-ch,s-sh	1
食不充饥	shí bù chōng jī	75940	c-ch,s-sh,j-q-x	1
食不兼味	shí bù jiān wèi	75941	ian-iang,ai-ei,s-sh,j-q-x	1
食不兼肉	shí bù jiān ròu	75942	ian-iang,ao-ou,s-sh,r-l,j-q-x	1
食不暇饱	shí bù xiá bǎo	75943	ao-ou,ia-ie,s-sh,j-q-x	1
食不求甘	shí bù qiú gān	75944	an-ang,s-sh,j-q-x	1
食不知味	shí bù zhī wèi	75945	ai-ei,z-zh,s-sh	1
食不累味	shí bù lèi wèi	75946	ai-ei,s-sh,n-l,r-l	1
食不终味	shí bù zhōng wèi	75947	ai-ei,z-zh,s-sh	1
食不遑味	shí bù huáng wèi	75948	uan-uang,ai-ei,s-sh,h-f	3
食不重味	shí bù chóng wèi	75949	ai-ei,c-ch,s-sh	1
食不重肉	shí bù chóng ròu	75950	ao-ou,c-ch,s-sh,r-l	1
食为民天	shí wéi mín tiān	75951	in-ing,ian-iang,ai-ei,s-sh	1
食亲财黑	shí qīn cái hēi	75952	in-ing,ai-ei,c-ch,s-sh,h-f,j-q-x	1
食前方丈	shí qián fāng zhàng	75954	an-ang,ian-iang,z-zh,s-sh,h-f,j-q-x	1
食古如鲠	shí gǔ rú gěng	75956	en-eng,s-sh,r-l	3
食味方丈	shí wèi fāng zhàng	75957	an-ang,ai-ei,z-zh,s-sh,h-f	1
食子徇君	shí zǐ xùn jūn	75959	z-zh,s-sh,j-q-x	3
食宿相兼	shí sù xiāng jiān	75960	ian-iang,s-sh,j-q-x	1
食少事烦	shí shǎo shì fán	75961	an-ang,ao-ou,s-sh,h-f	1
食少事繁	shí shǎo shì fán	75962	an-ang,ao-ou,s-sh,h-f	1
食必方丈	shí bì fāng zhàng	75964	an-ang,z-zh,s-sh,h-f	1
食指大动	shí zhǐ dà dòng	75965	z-zh,s-sh	1
食方于前	shí fāng yú qián	75966	an-ang,ian-iang,s-sh,h-f,j-q-x	1
食无求饱	shí wú qiú bǎo	75967	ao-ou,s-sh,j-q-x	1
食日万钱	shí rì wàn qián	75968	an-ang,ian-iang,s-sh,r-l,j-q-x	1
食案方丈	shí àn fāng zhàng	75969	an-ang,z-zh,s-sh,h-f	1
食毛践土	shí máo jiàn tǔ	75972	ian-iang,ao-ou,s-sh,j-q-x	1
食玉炊桂	shí yù chuī guì	75973	c-ch,s-sh	1
食甘寝宁	shí gān qǐn níng	75974	in-ing,an-ang,s-sh,n-l,j-q-x	1
食甘寝安	shí gān qǐn ān	75975	in-ing,an-ang,s-sh,j-q-x	1
食生不化	shí shēng bù huà	75976	en-eng,ua-uo,s-sh,h-f	1
食租衣税	shí zū yī shuì	75979	z-zh,s-sh	1
食箪浆壶	shí dān jiāng hú	75980	an-ang,ian-iang,s-sh,h-f,j-q-x	3
食而不化	shí ér bù huà	75981	ua-uo,s-sh,h-f	1
食肉寝皮	shí ròu qǐn pí	75983	in-ing,ao-ou,s-sh,r-l,j-q-x	1
食荼卧棘	shí tú wò jí	75984	s-sh,j-q-x	3
食藿悬鹑	shí huò xuán chún	75985	uan-uang,ua-uo,c-ch,s-sh,h-f,j-q-x	3
食言而肥	shí yán ér féi	75986	an-ang,ai-ei,s-sh,h-f	1
食辨劳薪	shí biàn láo xīn	75987	in-ing,ian-iang,ao-ou,s-sh,n-l,r-l,j-q-x	1
食饥息劳	shí jī xī láo	75989	ao-ou,s-sh,n-l,r-l,j-q-x	1
食马留肝	shí mǎ liú gān	75991	an-ang,s-sh,n-l,r-l	1
食鱼遇鲭	shí yú yù qīng	75992	in-ing,s-sh,j-q-x	5
餐云卧石	cān yún wò shí	75993	an-ang,c-ch,s-sh	1
餐松啖柏	cān sōng dàn bó	75994	an-ang,c-ch,s-sh	3
餐葩饮露	cān pā yǐn lù	75995	in-ing,an-ang,c-ch,n-l,r-l	3
餐霞吸露	cān xiá xī lù	75996	an-ang,ia-ie,c-ch,n-l,r-l,j-q-x	1
餐霞饮景	cān xiá yǐn jǐng	75997	in-ing,an-ang,ia-ie,c-ch,j-q-x	1
餐风咽露	cān fēng yàn lù	75998	en-eng,an-ang,c-ch,n-l,h-f,r-l	1
餐风啮雪	cān fēng niè xuě	75999	en-eng,an-ang,ia-ie,c-ch,n-l,h-f,j-q-x	3
餐风宿水	cān fēng sù shuǐ	76000	en-eng,an-ang,c-ch,s-sh,h-f	1
餐风宿草	cān fēng sù cǎo	76001	en-eng,an-ang,ao-ou,c-ch,s-sh,h-f	1
餐风宿雨	cān fēng sù yǔ	76002	en-eng,an-ang,c-ch,s-sh,h-f	1
餐风宿露	cān fēng sù lù	76003	en-eng,an-ang,c-ch,s-sh,n-l,h-f,r-l	1
餐风沐雨	cān fēng mù yǔ	76004	en-eng,an-ang,c-ch,h-f	1
餐风茹雪	cān fēng rú xuě	76005	en-eng,an-ang,c-ch,h-f,r-l,j-q-x	3
餐风露宿	cān fēng lù sù	76006	en-eng,an-ang,c-ch,s-sh,n-l,h-f,r-l	1
餐风饮露	cān fēng yǐn lù	76007	en-eng,in-ing,an-ang,c-ch,n-l,h-f,r-l	1
饔飧不济	yōng sūn bù jì	76008	s-sh,j-q-x	3
饔飧不给	yōng sūn bù jǐ	76009	s-sh,j-q-x	3
饔飧不继	yōng sūn bù jì	76010	s-sh,j-q-x	3
饔飧不饱	yōng sūn bù bǎo	76011	ao-ou,s-sh	3
饕风虐雪	tāo fēng nüè xuě	76012	en-eng,ao-ou,n-l,h-f,j-q-x	3
饥不暇食	jī bù xiá shí	76013	ia-ie,s-sh,j-q-x	1
饥不遑食	jī bù huáng shí	76014	uan-uang,s-sh,h-f,j-q-x	3
饥冻交切	jī dòng jiāo qiē	76015	ia-ie,j-q-x	1
饥寒交切	jī hán jiāo qiē	76016	an-ang,ia-ie,h-f,j-q-x	1
饥焰中烧	jī yàn zhōng shāo	76017	an-ang,ao-ou,z-zh,s-sh,j-q-x	1
饫闻厌见	yù wén yàn jiàn	76018	en-eng,an-ang,ian-iang,j-q-x	3
饭囊衣架	fàn náng yī jià	76019	an-ang,ia-ie,n-l,h-f,j-q-x	1
饭囊酒瓮	fàn náng jiǔ wèng	76020	en-eng,an-ang,n-l,h-f,j-q-x	3
饭坑酒囊	fàn kēng jiǔ náng	76021	en-eng,an-ang,n-l,h-f,j-q-x	1
饮冰内热	yǐn bīng nèi rè	76022	in-ing,ai-ei,n-l,r-l	1
饮冰食檗	yǐn bīng shí bò	76023	in-ing,s-sh	3
饮冰食蘖	yǐn bīng shí niè	76024	in-ing,ia-ie,s-sh,n-l	3
饮弹自尽	yǐn dàn zì jìn	76025	in-ing,an-ang,z-zh,j-q-x	1
饮弹身亡	yǐn dàn shēn wáng	76026	en-eng,in-ing,an-ang,s-sh	1
饮水啜菽	yǐn shuǐ chuò shū	76027	in-ing,ua-uo,c-ch,s-sh	3
饮水曲肱	yǐn shuǐ qū gōng	76028	in-ing,s-sh,j-q-x	3
饮水栖衡	yǐn shuǐ qī héng	76029	en-eng,in-ing,s-sh,h-f,j-q-x	1
饮水知源	yǐn shuǐ zhī yuán	76030	in-ing,uan-uang,z-zh,s-sh	1
饮水食菽	yǐn shuǐ shí shū	76031	in-ing,s-sh	3
饮泉清节	yǐn quán qīng jié	76032	in-ing,uan-uang,ia-ie,j-q-x	1
饮灰洗胃	yǐn huī xǐ wèi	76033	in-ing,ai-ei,h-f,j-q-x	1
饮犊上流	yìn dú shàng liú	76035	in-ing,an-ang,s-sh,n-l,r-l	3
饮胆尝血	yǐn dǎn cháng xuè	76036	in-ing,an-ang,c-ch,j-q-x	1
饮血崩心	yǐn xuè bēng xīn	76037	en-eng,in-ing,j-q-x	1
饮血茹毛	yǐn xuè rú máo	76038	in-ing,ao-ou,r-l,j-q-x	3
饮谷栖丘	yǐn gǔ qī qiū	76039	in-ing,j-q-x	1
饮露餐风	yǐn lù cān fēng	76040	en-eng,in-ing,an-ang,c-ch,n-l,h-f,r-l	1
饮风餐露	yǐn fēng cān lù	76041	en-eng,in-ing,an-ang,c-ch,n-l,h-f,r-l	1
饮食男女	yǐn shí nán nǚ	76042	in-ing,an-ang,s-sh,n-l	1
饮食疗法	yǐn shí liáo fǎ	76043	in-ing,s-sh,n-l,h-f,r-l	1
饮食起居	yǐn shí qǐ jū	76044	in-ing,s-sh,j-q-x	1
饮马长江	yìn mǎ cháng jiāng	76045	in-ing,an-ang,ian-iang,c-ch,j-q-x	1
饮鸩解渴	yǐn zhèn jiě kě	76046	en-eng,in-ing,ia-ie,z-zh,j-q-x	3
饰怪装奇	shì guài zhuāng qí	76047	uan-uang,z-zh,s-sh,j-q-x	1
饰情矫行	shì qíng jiǎo xíng	76048	in-ing,s-sh,j-q-x	1
饰智矜愚	shì zhì jīn yú	76049	in-ing,z-zh,s-sh,j-q-x	3
饰非养过	shì fēi yǎng guò	76050	an-ang,ai-ei,ua-uo,s-sh,h-f	1
饰非掩过	shì fēi yǎn guò	76051	an-ang,ai-ei,ua-uo,s-sh,h-f	1
饰非文过	shì fēi wén guò	76052	en-eng,ai-ei,ua-uo,s-sh,h-f	1
饰非遂过	shì fēi suí guò	76053	ai-ei,ua-uo,s-sh,h-f	1
饱和溶液	bǎo hé róng yè	76054	ao-ou,h-f,r-l	1
饱经风雨	bǎo jīng fēng yǔ	76056	en-eng,in-ing,ao-ou,h-f,j-q-x	1
饱食暖衣	bǎo shí nuǎn yī	76059	uan-uang,ao-ou,s-sh,n-l	1
饱食终日	bǎo shí zhōng rì	76060	ao-ou,z-zh,s-sh,r-l	1
饴含抱孙	yí hán bào sūn	76061	an-ang,ao-ou,s-sh,h-f	3
饶有兴趣	ráo yǒu xìng qù	76063	in-ing,ao-ou,r-l,j-q-x	1
饶有风趣	ráo yǒu fēng qù	76064	en-eng,ao-ou,h-f,r-l,j-q-x	1
饶舌调唇	ráo shé tiáo chún	76065	ao-ou,c-ch,s-sh,r-l	1
饿殍枕藉	è piǎo zhěn jí	76069	en-eng,z-zh,j-q-x	3
饿殍载道	è piǎo zài dào	76070	ai-ei,ao-ou,z-zh	3
饿莩载道	è piǎo zǎi dào	76071	ai-ei,ao-ou,z-zh	3
饿莩遍野	è piǎo biàn yě	76072	ian-iang	3
饿虎吞羊	è hǔ tūn yáng	76073	an-ang,h-f	1
饿虎扑羊	è hǔ pū yáng	76074	an-ang,h-f	1
饿虎擒羊	è hǔ qín yáng	76075	in-ing,an-ang,h-f,j-q-x	1
馄饨皮儿	hún tún pí er	76076	h-f	3
首善之地	shǒu shàn zhī dì	76078	an-ang,ao-ou,z-zh,s-sh	1
首尾两端	shǒu wěi liǎng duān	76079	ian-iang,uan-uang,ai-ei,ao-ou,s-sh,n-l,r-l	1
首尾共济	shǒu wěi gòng jì	76080	ai-ei,ao-ou,s-sh,j-q-x	1
首尾相卫	shǒu wěi xiāng wèi	76081	ian-iang,ai-ei,ao-ou,s-sh,j-q-x	1
首尾相援	shǒu wěi xiāng yuán	76082	ian-iang,uan-uang,ai-ei,ao-ou,s-sh,j-q-x	1
首尾相继	shǒu wěi xiāng jì	76083	ian-iang,ai-ei,ao-ou,s-sh,j-q-x	1
首尾相连	shǒu wěi xiāng lián	76084	ian-iang,ai-ei,ao-ou,s-sh,n-l,r-l,j-q-x	1
首足异处	shǒu zú yì chù	76085	ao-ou,z-zh,c-ch,s-sh	1
首身分离	shǒu shēn fēn lí	76086	en-eng,ao-ou,s-sh,n-l,h-f,r-l	1
香培玉琢	xiāng péi yù zhuó	76088	ian-iang,ai-ei,ua-uo,z-zh,j-q-x	1
香格里拉	xiāng gé lǐ lā	76090	ian-iang,n-l,r-l,j-q-x	1
香火不绝	xiāng huǒ bù jué	76093	ian-iang,ua-uo,h-f,j-q-x	1
香花供养	xiāng huā gòng yǎng	76095	an-ang,ian-iang,ua-uo,h-f,j-q-x	1
香车宝马	xiāng chē bǎo mǎ	76096	ian-iang,ao-ou,c-ch,j-q-x	1
马上功成	mǎ shàng gōng chéng	76097	en-eng,an-ang,c-ch,s-sh	1
马上墙头	mǎ shàng qiáng tóu	76098	an-ang,ian-iang,ao-ou,s-sh,j-q-x	1
马上房子	mǎ shàng fáng zi	76099	an-ang,z-zh,s-sh,h-f	1
马上看花	mǎ shàng kàn huā	76100	an-ang,ua-uo,s-sh,h-f	1
马不解鞍	mǎ bù jiě ān	76101	an-ang,ia-ie,j-q-x	1
马中关五	mǎ zhōng guān wǔ	76102	uan-uang,z-zh	1
马仰人翻	mǎ yǎng rén fān	76104	en-eng,an-ang,h-f,r-l	1
马入华山	mǎ rù huà shān	76106	an-ang,ua-uo,s-sh,h-f,r-l	1
马勃牛溲	mǎ bó niú sōu	76109	ao-ou,s-sh,n-l	3
马咽车阗	mǎ yān chē tián	76111	an-ang,ian-iang,c-ch	3
马壮人强	mǎ zhuàng rén qiáng	76112	en-eng,ian-iang,uan-uang,z-zh,r-l,j-q-x	1
马尘不及	mǎ chén bù jí	76115	en-eng,c-ch,j-q-x	1
马尼拉麻	mǎ ní lā má	76116	n-l,r-l	1
马放南山	mǎ fàng nán shān	76121	an-ang,s-sh,n-l,h-f	1
马水车龙	mǎ shuǐ chē lóng	76122	c-ch,s-sh,n-l,r-l	1
马牛其风	mǎ niú qí fēng	76123	en-eng,n-l,h-f,j-q-x	1
马瘦毛长	mǎ shòu máo cháng	76124	an-ang,ao-ou,c-ch,s-sh	1
马空冀北	mǎ kōng jì běi	76125	ai-ei,j-q-x	1
马翻人仰	mǎ fān rén yǎng	76126	en-eng,an-ang,h-f,r-l	1
马耳东风	mǎ ěr dōng fēng	76127	en-eng,h-f	1
马耳春风	mǎ ěr chūn fēng	76128	en-eng,c-ch,h-f	1
马角乌头	mǎ jiǎo wū tóu	76129	ao-ou,j-q-x	1
马角乌白	mǎ jiǎo wū bái	76130	ai-ei,j-q-x	1
马足车尘	mǎ zú chē chén	76132	en-eng,z-zh,c-ch	1
马足龙沙	mǎ zú lóng shā	76133	z-zh,s-sh,n-l,r-l	1
马面牛头	mǎ miàn niú tóu	76134	ian-iang,ao-ou,n-l	1
马革盛尸	mǎ gé shèng shī	76135	en-eng,s-sh	1
马齿徒长	mǎ chǐ tú zhǎng	76136	an-ang,z-zh,c-ch	1
马龙车水	mǎ lóng chē shuǐ	76137	c-ch,s-sh,n-l,r-l	1
驰名当世	chí míng dāng shì	76138	in-ing,an-ang,c-ch,s-sh	1
驰志伊吾	chí zhì yī wú	76139	z-zh,c-ch	1
驰风骋雨	chí fēng chěng yǔ	76140	en-eng,c-ch,h-f	3
驰骋疆场	chí chěng jiāng chǎng	76141	en-eng,an-ang,ian-iang,c-ch,j-q-x	3
驰高鹜远	chí gāo wù yuǎn	76142	uan-uang,ao-ou,c-ch	3
驱羊战狼	qū yáng zhàn láng	76143	an-ang,z-zh,n-l,r-l,j-q-x	1
驱羊攻虎	qū yáng gōng hǔ	76144	an-ang,h-f,j-q-x	1
驴唇马觜	lǘ chún mǎ zī	76145	z-zh,c-ch,n-l,r-l	5
驷不及舌	sì bù jí shé	76148	s-sh,j-q-x	3
驷之过隙	sì zhī guò xì	76149	ua-uo,z-zh,s-sh,j-q-x	3
驷马不追	sì mǎ bù zhuī	76150	z-zh,s-sh	3
驷马仰秣	sì mǎ yǎng mò	76151	an-ang,s-sh	3
驷马莫追	sì mǎ mò zhuī	76152	z-zh,s-sh	3
驷马轩车	sì mǎ xuān chē	76153	uan-uang,c-ch,s-sh,j-q-x	3
驷马难追	sì mǎ nán zhuī	76154	an-ang,z-zh,s-sh,n-l	3
驷马高盖	sì mǎ gāo gài	76155	ai-ei,ao-ou,s-sh	3
驷马高车	sì mǎ gāo chē	76156	ao-ou,c-ch,s-sh	3
驹光过隙	jū guāng guò xì	76157	uan-uang,ua-uo,j-q-x	1
驹留空谷	jū liú kōng gǔ	76158	n-l,r-l,j-q-x	1
驹齿未落	jū chǐ wèi luò	76159	ai-ei,ua-uo,c-ch,n-l,r-l,j-q-x	1
驻红却白	zhù hóng què bái	76160	ai-ei,z-zh,h-f,j-q-x	1
驻颜有术	zhù yán yǒu shù	76161	an-ang,ao-ou,z-zh,s-sh	1
驽马铅刀	nú mǎ qiān dāo	76162	ian-iang,ao-ou,n-l,j-q-x	3
骀背鹤发	dài bèi hè fā	76164	ai-ei,h-f	3
骂不绝口	mà bù jué kǒu	76165	ao-ou,j-q-x	1
骂天咒地	mà tiān zhòu dì	76166	ian-iang,ao-ou,z-zh	1
骂天扯地	mà tiān chě dì	76167	ian-iang,c-ch	1
骄佚奢淫	jiāo yì shē yín	76168	in-ing,s-sh,j-q-x	3
骄侈暴佚	jiāo chǐ bào yì	76169	ao-ou,c-ch,j-q-x	3
骄奢淫佚	jiāo shē yín yì	76170	in-ing,s-sh,j-q-x	3
骆驿不绝	luò yì bù jué	76171	ua-uo,n-l,r-l,j-q-x	3
骇人闻见	hài rén wén jiàn	76172	en-eng,ian-iang,ai-ei,h-f,r-l,j-q-x	1
骇龙走蛇	hài lóng zǒu shé	76173	ai-ei,ao-ou,z-zh,s-sh,n-l,h-f,r-l	1
骈兴错出	pián xīng cuò chū	76174	in-ing,ian-iang,ua-uo,c-ch,j-q-x	3
骈四俪六	pián sì lì liù	76175	ian-iang,s-sh,n-l,r-l	3
骈拇枝指	pián mǔ zhī zhǐ	76176	ian-iang,z-zh	3
骈枝俪叶	pián zhī lì yè	76178	ian-iang,z-zh,n-l,r-l	3
骈肩累足	pián jiān lěi zú	76179	ian-iang,ai-ei,z-zh,n-l,r-l,j-q-x	3
骈肩累踵	pián jiān lèi zhǒng	76180	ian-iang,ai-ei,z-zh,n-l,r-l,j-q-x	3
骈肩累迹	pián jiān lěi jì	76181	ian-iang,ai-ei,n-l,r-l,j-q-x	3
骈首就系	pián shǒu jiù xì	76182	ian-iang,ao-ou,s-sh,j-q-x	3
骋嗜奔欲	chěng shì bēn yù	76183	en-eng,c-ch,s-sh	3
骋耆奔欲	chěng qí bēn yù	76184	en-eng,c-ch,j-q-x	3
骏骨牵盐	jùn gǔ qiān yán	76185	an-ang,ian-iang,j-q-x	1
骐骥过隙	qí jì guò xì	76186	ua-uo,j-q-x	3
骑者善堕	qí zhě shàn duò	76190	an-ang,ua-uo,z-zh,s-sh,j-q-x	1
骑驴倒堕	qí lǘ dǎo duò	76191	ao-ou,ua-uo,n-l,r-l,j-q-x	1
骑驴索句	qí lǘ suǒ jù	76192	ua-uo,s-sh,n-l,r-l,j-q-x	1
骑鹤上扬	qí hè shàng yáng	76193	an-ang,s-sh,h-f,j-q-x	1
骑龙弄凤	qí lóng nòng fèng	76194	en-eng,n-l,h-f,r-l,j-q-x	1
骖风驷霞	cān fēng sì xiá	76195	en-eng,an-ang,ia-ie,c-ch,s-sh,h-f,j-q-x	3
骚人墨士	sāo rén mò shì	76197	en-eng,ao-ou,s-sh,r-l	1
骚人墨客	sāo rén mò kè	76198	en-eng,ao-ou,s-sh,r-l	1
骚人词客	sāo rén cí kè	76199	en-eng,ao-ou,c-ch,s-sh,r-l	1
骚人逸客	sāo rén yì kè	76200	en-eng,ao-ou,s-sh,r-l	1
骚人雅士	sāo rén yǎ shì	76201	en-eng,ao-ou,s-sh,r-l	1
骚情赋骨	sāo qíng fù gǔ	76204	in-ing,ao-ou,s-sh,h-f,j-q-x	1
骚翁墨客	sāo wēng mò kè	76206	en-eng,ao-ou,s-sh	1
骤不及防	zhòu bù jí fáng	76209	an-ang,ao-ou,z-zh,h-f,j-q-x	1
骤雨暴风	zhòu yǔ bào fēng	76210	en-eng,ao-ou,z-zh,h-f	1
骤雨狂风	zhòu yǔ kuáng fēng	76211	en-eng,uan-uang,ao-ou,z-zh,h-f	1
骤风急雨	zhòu fēng jí yǔ	76212	en-eng,ao-ou,z-zh,h-f,j-q-x	1
骤风暴雨	zhòu fēng bào yǔ	76213	en-eng,ao-ou,z-zh,h-f	1
骥伏盐车	jì fú yán chē	76214	an-ang,c-ch,h-f,j-q-x	3
骥服盐车	jì fú yán chē	76215	an-ang,c-ch,h-f,j-q-x	3
骨化形销	gǔ huà xíng xiāo	76218	in-ing,ua-uo,h-f,j-q-x	1
骨化风成	gǔ huà fēng chéng	76219	en-eng,ua-uo,c-ch,h-f	1
骨头架子	gú tou jià zi	76220	ao-ou,ia-ie,z-zh,j-q-x	1
骨寒毛竖	gǔ hán máo shù	76222	an-ang,ao-ou,s-sh,h-f	1
骨瘦如豺	gǔ shòu rú chái	76228	ai-ei,ao-ou,c-ch,s-sh,r-l	1
骨瘦形销	gǔ shòu xíng xiāo	76229	in-ing,ao-ou,s-sh,j-q-x	1
骨肉团圆	gǔ ròu tuán yuán	76231	uan-uang,ao-ou,r-l	1
骨肉未寒	gǔ ròu wèi hán	76232	an-ang,ai-ei,ao-ou,h-f,r-l	1
骨肉相残	gǔ ròu xiāng cán	76233	an-ang,ian-iang,ao-ou,c-ch,r-l,j-q-x	1
骨肉相连	gǔ ròu xiāng lián	76234	ian-iang,ao-ou,n-l,r-l,j-q-x	1
骨肉离散	gǔ ròu lí sàn	76235	an-ang,ao-ou,s-sh,n-l,r-l	1
骨肉至亲	gǔ ròu zhì qīn	76236	in-ing,ao-ou,z-zh,r-l,j-q-x	1
骨腾肉飞	gǔ téng ròu fēi	76237	en-eng,ai-ei,ao-ou,h-f,r-l	1
骨软筋酥	gǔ ruǎn jīn sū	76239	in-ing,uan-uang,s-sh,r-l,j-q-x	1
骨软筋麻	gǔ ruǎn jīn má	76240	in-ing,uan-uang,r-l,j-q-x	1
骨软肉酥	gǔ ruǎn ròu sū	76241	uan-uang,ao-ou,s-sh,r-l	1
骨鲠之臣	gǔ gěng zhī chén	76244	en-eng,z-zh,c-ch	3
高下任心	gāo xià rèn xīn	76246	en-eng,in-ing,ao-ou,ia-ie,r-l,j-q-x	1
高下其手	gāo xià qí shǒu	76247	ao-ou,ia-ie,s-sh,j-q-x	1
高不可登	gāo bù kě dēng	76248	en-eng,ao-ou	1
高举深藏	gāo jǔ shēn cáng	76252	en-eng,an-ang,ao-ou,c-ch,s-sh,j-q-x	1
高举远蹈	gāo jǔ yuǎn dǎo	76253	uan-uang,ao-ou,j-q-x	1
高义薄云	gāo yì bó yún	76254	ao-ou	1
高位重禄	gāo wèi zhòng lù	76255	ai-ei,ao-ou,z-zh,n-l,r-l	1
高傲自大	gāo ào zì dà	76256	ao-ou,z-zh	1
高冠博带	gāo guān bó dài	76258	uan-uang,ai-ei,ao-ou	1
高名大姓	gāo míng dà xìng	76261	in-ing,ao-ou,j-q-x	1
高堂大厦	gāo táng dà shà	76262	an-ang,ao-ou,s-sh	1
高天厚地	gāo tiān hòu dì	76264	ian-iang,ao-ou,h-f	1
高头讲章	gāo tóu jiǎng zhāng	76265	an-ang,ian-iang,ao-ou,z-zh,j-q-x	1
高姓大名	gāo xìng dà míng	76266	in-ing,ao-ou,j-q-x	1
高官重禄	gāo guān zhòng lù	76267	uan-uang,ao-ou,z-zh,n-l,r-l	1
高层建筑	gāo céng jiàn zhù	76268	en-eng,ian-iang,ao-ou,z-zh,c-ch,j-q-x	1
高山仰之	gāo shān yǎng zhī	76269	an-ang,ao-ou,z-zh,s-sh	1
高山峻岭	gāo shān jùn lǐng	76270	in-ing,an-ang,ao-ou,s-sh,n-l,r-l,j-q-x	1
高山景行	gāo shān jǐng xíng	76271	in-ing,an-ang,ao-ou,s-sh,j-q-x	1
高情远意	gāo qíng yuǎn yì	76274	in-ing,uan-uang,ao-ou,j-q-x	1
高情远致	gāo qíng yuǎn zhì	76275	in-ing,uan-uang,ao-ou,z-zh,j-q-x	1
高情远韵	gāo qíng yuǎn yùn	76276	in-ing,uan-uang,ao-ou,j-q-x	1
高情逸兴	gāo qíng yì xīng	76277	in-ing,ao-ou,j-q-x	1
高才卓识	gāo cái zhuó shí	76278	ai-ei,ao-ou,ua-uo,z-zh,c-ch,s-sh	1
高才大学	gāo cái dà xué	76279	ai-ei,ao-ou,c-ch,j-q-x	1
高才远识	gāo cái yuǎn shí	76280	uan-uang,ai-ei,ao-ou,c-ch,s-sh	1
高掌远跖	gāo zhǎng yuǎn zhí	76282	an-ang,uan-uang,ao-ou,z-zh	3
高文大册	gāo wén dà cè	76283	en-eng,ao-ou,c-ch	1
高明远识	gāo míng yuǎn shí	76284	in-ing,uan-uang,ao-ou,s-sh	1
高楼大厦	gāo lóu dà shà	76287	ao-ou,s-sh,n-l,r-l	1
高爵重禄	gāo jué zhòng lù	76288	ao-ou,z-zh,n-l,r-l,j-q-x	1
高牙大纛	gāo yá dà dào	76289	ao-ou	3
高睨大谈	gāo nì dà tán	76291	an-ang,ao-ou,n-l	3
高空作业	gāo kōng zuò yè	76293	ao-ou,ua-uo,z-zh	1
高级中学	gāo jí zhōng xué	76295	ao-ou,z-zh,j-q-x	1
高翔远引	gāo xiáng yuǎn yǐn	76296	in-ing,ian-iang,uan-uang,ao-ou,j-q-x	1
高而不危	gāo ér bù wēi	76297	ai-ei,ao-ou	1
高节清风	gāo jié qīng fēng	76298	en-eng,in-ing,ao-ou,ia-ie,h-f,j-q-x	1
高见远识	gāo jiàn yuǎn shí	76299	ian-iang,uan-uang,ao-ou,s-sh,j-q-x	1
高识远见	gāo shí yuǎn jiàn	76300	ian-iang,uan-uang,ao-ou,s-sh,j-q-x	1
高谈大论	gāo tán dà lùn	76301	an-ang,ao-ou,n-l,r-l	1
高谈弘论	gāo tán hóng lùn	76302	an-ang,ao-ou,n-l,h-f,r-l	1
高谈虚论	gāo tán xū lùn	76303	an-ang,ao-ou,n-l,r-l,j-q-x	1
高足弟子	gāo zú dì zǐ	76304	ao-ou,z-zh	1
高蹈远举	gāo dǎo yuǎn jǔ	76305	uan-uang,ao-ou,j-q-x	1
高车驷马	gāo chē sì mǎ	76306	ao-ou,c-ch,s-sh	3
高遏行云	gāo è xíng yún	76308	in-ing,ao-ou,j-q-x	1
高门大屋	gāo mén dà wū	76309	en-eng,ao-ou	1
高门大户	gāo mén dà hù	76310	en-eng,ao-ou,h-f	1
高风劲节	gāo fēng jìng jié	76312	en-eng,in-ing,ao-ou,ia-ie,h-f,j-q-x	1
高风峻节	gāo fēng jùn jié	76313	en-eng,ao-ou,ia-ie,h-f,j-q-x	1
高飞远举	gāo fēi yuǎn jǔ	76314	uan-uang,ai-ei,ao-ou,h-f,j-q-x	1
高飞远翔	gāo fēi yuǎn xiáng	76315	ian-iang,uan-uang,ai-ei,ao-ou,h-f,j-q-x	1
高飞远走	gāo fēi yuǎn zǒu	76316	uan-uang,ai-ei,ao-ou,z-zh,h-f	1
高飞远遁	gāo fēi yuǎn dùn	76317	uan-uang,ai-ei,ao-ou,h-f	3
高飞远集	gāo fēi yuǎn jí	76318	uan-uang,ai-ei,ao-ou,h-f,j-q-x	1
高高兴兴	gāo gāo xìng xìng	76319	in-ing,ao-ou,j-q-x	1
鬓乱钗横	bìn luàn chāi héng	76323	en-eng,in-ing,uan-uang,ai-ei,c-ch,n-l,h-f,r-l	3
鬻儿卖女	yù ér mài nǚ	76324	ai-ei,n-l	3
鬻文为生	yù wén wéi shēng	76325	en-eng,ai-ei,s-sh	3
鬻矛誉楯	yù máo yù dùn	76326	ao-ou	3
鬻驽窃价	yù nú qiè jià	76327	ia-ie,n-l,j-q-x	3
鬻鸡为凤	yù jī wéi fèng	76328	en-eng,ai-ei,h-f,j-q-x	3
鬼吒狼嚎	guǐ zhà láng háo	76330	an-ang,ao-ou,z-zh,n-l,h-f,r-l	5
鬼哭神号	guǐ kū shén háo	76331	en-eng,ao-ou,s-sh,h-f	1
鬼头滑脑	guǐ tóu huá nǎo	76333	ao-ou,ua-uo,n-l,h-f	1
鬼怕恶人	guǐ pà è rén	76334	en-eng,r-l	1
鬼泣神号	guǐ qì shén hào	76335	en-eng,ao-ou,s-sh,h-f,j-q-x	1
鬼瞰其室	guǐ kàn qí shì	76336	an-ang,s-sh,j-q-x	3
鬼神不测	guǐ shén bù cè	76337	en-eng,c-ch,s-sh	1
鬼神莫测	guǐ shén mò cè	76338	en-eng,c-ch,s-sh	1
鬼魅伎俩	guǐ mèi jì liǎng	76340	ian-iang,ai-ei,n-l,r-l,j-q-x	3
魁梧奇伟	kuí wú qí wěi	76342	ai-ei,j-q-x	1
魂不守宅	hún bù shǒu zhái	76343	ai-ei,ao-ou,z-zh,s-sh,h-f	1
魂不着体	hún bù zhuó tǐ	76344	ua-uo,z-zh,h-f	1
魂不著体	hún bù zhuó tǐ	76345	ua-uo,z-zh,h-f	1
魂不负体	hún bù fù tǐ	76346	h-f	1
魂不赴体	hún bù fù tǐ	76347	h-f	1
魂丧神夺	hún sàng shén duó	76348	en-eng,an-ang,ua-uo,s-sh,h-f	1
魂亡胆落	hún wáng dǎn luò	76349	an-ang,ua-uo,n-l,h-f,r-l	1
魂亡魄失	hún wáng pò shī	76350	an-ang,s-sh,h-f	1
魂惊胆落	hún jīng dǎn luò	76351	in-ing,an-ang,ua-uo,n-l,h-f,r-l,j-q-x	1
魂惊胆颤	hún jīng dǎn chàn	76352	in-ing,an-ang,c-ch,h-f,j-q-x	1
魂惊魄落	hún jīng pò luò	76353	in-ing,ua-uo,n-l,h-f,r-l,j-q-x	1
魂慑色沮	hún shè sè jǔ	76354	s-sh,h-f,j-q-x	3
魂消胆丧	hún xiāo dǎn sàng	76355	an-ang,s-sh,h-f,j-q-x	1
魂消魄丧	hún xiāo pò sàng	76356	an-ang,s-sh,h-f,j-q-x	1
魂耗魄丧	hún hào pò sàng	76357	an-ang,ao-ou,s-sh,h-f	1
魂颠梦倒	hún diān mèng dǎo	76358	en-eng,ian-iang,ao-ou,h-f	1
魂飘魄散	hún piāo pò sàn	76359	an-ang,s-sh,h-f	1
魂飞神丧	hún fēi shén sàng	76360	en-eng,an-ang,ai-ei,s-sh,h-f	1
魂飞胆丧	hún fēi dǎn sàng	76361	an-ang,ai-ei,s-sh,h-f	1
魂飞胆落	hún fēi dǎn luò	76362	an-ang,ai-ei,ua-uo,n-l,h-f,r-l	1
魂飞胆裂	hún fēi dǎn liè	76363	an-ang,ai-ei,ia-ie,n-l,h-f,r-l	1
魂飞胆颤	hún fēi dǎn chàn	76364	an-ang,ai-ei,c-ch,h-f	1
魂飞魄丧	hún fēi pò sāng	76365	an-ang,ai-ei,s-sh,h-f	1
魄散魂消	pò sàn hún xiāo	76366	an-ang,s-sh,h-f,j-q-x	1
魄散魂飘	pò sàn hún piāo	76367	an-ang,s-sh,h-f	1
魄散魂飞	pò sàn hún fēi	76368	an-ang,ai-ei,s-sh,h-f	1
魄消魂散	pò xiāo hún sàn	76369	an-ang,s-sh,h-f,j-q-x	1
魆风骤雨	xū fēng zhòu yǔ	76370	en-eng,ao-ou,z-zh,h-f,j-q-x	3
魏颗结草	wèi kē jié cǎo	76372	ai-ei,ao-ou,ia-ie,c-ch,j-q-x	1
魏鹊无枝	wèi què wú zhī	76373	ai-ei,z-zh,j-q-x	1
魔高一丈	mó gāo yí zhàng	76376	an-ang,ao-ou,z-zh	1
鱼与熊掌	yú yǔ xióng zhǎng	76377	an-ang,z-zh,j-q-x	1
鱼丽于罶	yú lí yú liǔ	76378	n-l,r-l	5
鱼书雁信	yú shū yàn xìn	76379	in-ing,an-ang,s-sh,j-q-x	1
鱼书雁帖	yú shū yàn tiě	76380	an-ang,ia-ie,s-sh	1
鱼传尺素	yú chuán chǐ sù	76381	uan-uang,c-ch,s-sh	1
鱼县鸟窜	yú xiàn niǎo cuàn	76382	ian-iang,uan-uang,c-ch,n-l,j-q-x	1
鱼大水小	yú dà shuǐ xiǎo	76383	s-sh,j-q-x	1
鱼封雁帖	yú fēng yàn tiē	76385	en-eng,an-ang,ia-ie,h-f	1
鱼尾雁行	yú wěi yàn xíng	76387	in-ing,an-ang,ai-ei,j-q-x	1
鱼惊鸟散	yú jīng niǎo sàn	76388	in-ing,an-ang,s-sh,n-l,j-q-x	1
鱼水和谐	yú shuǐ hé xié	76389	ia-ie,s-sh,h-f,j-q-x	1
鱼水相投	yú shuǐ xiāng tóu	76390	ian-iang,ao-ou,s-sh,j-q-x	1
鱼水相欢	yú shuǐ xiāng huān	76391	ian-iang,uan-uang,s-sh,h-f,j-q-x	1
鱼沉雁落	yú chén yàn luò	76393	en-eng,an-ang,ua-uo,c-ch,n-l,r-l	1
鱼游濠上	yú yóu háo shàng	76394	an-ang,ao-ou,s-sh,h-f	3
鱼游燋釜	yú yóu zhuó fǔ	76395	ao-ou,ua-uo,z-zh,h-f	7
鱼游釜中	yú yóu fǔ zhōng	76396	ao-ou,z-zh,h-f	3
鱼游釜内	yú yóu fǔ nèi	76397	ai-ei,ao-ou,n-l,h-f	3
鱼游釜底	yú yóu fǔ dǐ	76398	ao-ou,h-f	3
鱼溃鸟散	yú kuì niǎo sàn	76399	an-ang,s-sh,n-l	1
鱼溃鸟离	yú kuì niǎo lí	76400	n-l,r-l	1
鱼烂取亡	yú làn qǔ wáng	76401	an-ang,n-l,r-l,j-q-x	1
鱼烂瓦解	yú làn wǎ jiě	76402	an-ang,ia-ie,n-l,r-l,j-q-x	1
鱼烂而亡	yú làn ér wáng	76403	an-ang,n-l,r-l	1
鱼生空釜	yú shēng kōng fǔ	76405	en-eng,s-sh,h-f	3
鱼目混珍	yú mù hùn zhēn	76406	en-eng,z-zh,h-f	1
鱼目间珠	yú mù jiān zhū	76407	ian-iang,z-zh,j-q-x	1
鱼米之地	yú mǐ zhī dì	76409	z-zh	1
鱼肠尺素	yú cháng chǐ sù	76410	an-ang,c-ch,s-sh	1
鱼贯而行	yú guàn ér xíng	76411	in-ing,uan-uang,j-q-x	1
鱼贯雁行	yú guàn yàn xíng	76412	in-ing,an-ang,uan-uang,j-q-x	1
鱼龙变化	yú lóng biàn huà	76414	ian-iang,ua-uo,n-l,h-f,r-l	1
鲁斤燕削	lǔ jīn yàn xuē	76415	in-ing,an-ang,n-l,r-l,j-q-x	1
鲁莽灭裂	lǔ mǎng miè liè	76416	an-ang,ia-ie,n-l,r-l	1
鲂鱼赪尾	fáng yú chēng wěi	76417	en-eng,an-ang,ai-ei,c-ch,h-f	7
鲇鱼上竹	nián yú shàng zhú	76418	an-ang,ian-iang,z-zh,s-sh,n-l	3
鲇鱼上竿	nián yú shàng gān	76419	an-ang,ian-iang,s-sh,n-l	3
鲍子知我	bào zǐ zhī wǒ	76420	ao-ou,z-zh	1
鲜廉寡耻	xiǎn lián guǎ chǐ	76423	ian-iang,ua-uo,c-ch,n-l,r-l,j-q-x	1
鲜眉亮眼	xiān méi liàng yǎn	76426	an-ang,ian-iang,ai-ei,n-l,r-l,j-q-x	1
鲜艳夺目	xiān yàn duó mù	76427	an-ang,ian-iang,ua-uo,j-q-x	1
鲜血淋漓	xiān xuè lín lí	76429	in-ing,ian-iang,n-l,r-l,j-q-x	1
鲜衣怒马	xiān yī nù mǎ	76430	ian-iang,n-l,j-q-x	1
鲜衣美食	xiān yī měi shí	76431	ian-iang,ai-ei,s-sh,j-q-x	1
鲜衣良马	xiān yī liáng mǎ	76432	ian-iang,n-l,r-l,j-q-x	1
鲜蹦活跳	xiān bèng huó tiào	76433	en-eng,ian-iang,ua-uo,h-f,j-q-x	1
鲜车健马	xiān chē jiàn mǎ	76434	ian-iang,c-ch,j-q-x	1
鲜车怒马	xiān chē nù mǎ	76435	ian-iang,c-ch,n-l,j-q-x	1
鲸吞蚕食	jīng tūn cán shí	76438	in-ing,an-ang,c-ch,s-sh,j-q-x	1
鲸吞蛇噬	jīng tūn shé shì	76439	in-ing,s-sh,j-q-x	3
鲽离鹣背	dié lí jiān bèi	76440	ian-iang,ai-ei,ia-ie,n-l,r-l,j-q-x	7
鳌头独占	áo tóu dú zhàn	76442	an-ang,ao-ou,z-zh	3
鳌鸣鳖应	áo míng biē yīng	76443	in-ing,ao-ou,ia-ie	3
鳞次相比	lín cì xiāng bǐ	76444	in-ing,ian-iang,c-ch,n-l,r-l,j-q-x	1
鳞集仰流	lín jí yǎng liú	76446	in-ing,an-ang,n-l,r-l,j-q-x	1
鸟入樊笼	niǎo rù fán lóng	76449	an-ang,n-l,h-f,r-l	3
鸟啼花落	niǎo tí huā luò	76450	ua-uo,n-l,h-f,r-l	1
鸟得弓藏	niǎo dé gōng cáng	76451	an-ang,c-ch,n-l	1
鸟惊鱼散	niǎo jīng yú sàn	76452	in-ing,an-ang,s-sh,n-l,j-q-x	1
鸟惊鱼溃	niǎo jīng yú kuì	76453	in-ing,n-l,j-q-x	1
鸟散鱼溃	niǎo sàn yú kuì	76454	an-ang,s-sh,n-l	1
鸟道羊肠	niǎo dào yáng cháng	76455	an-ang,ao-ou,c-ch,n-l	1
鸠车竹马	jiū chē zhú mǎ	76458	z-zh,c-ch,j-q-x	3
鸡不及凤	jī bù jí fèng	76460	en-eng,h-f,j-q-x	1
鸡争鹅斗	jī zhēng é dòu	76461	en-eng,ao-ou,z-zh,j-q-x	1
鸡声鹅斗	jī shēng é dòu	76464	en-eng,ao-ou,s-sh,j-q-x	1
鸡头鱼刺	jī tóu yú cì	76466	ao-ou,c-ch,j-q-x	1
鸡尸牛从	jī shī niú cóng	76467	c-ch,s-sh,n-l,j-q-x	1
鸡尾酒会	jī wěi jiǔ huì	76468	ai-ei,h-f,j-q-x	1
鸡栖凤巢	jī qī fèng cháo	76469	en-eng,ao-ou,c-ch,h-f,j-q-x	1
鸡犬不安	jī quǎn bù ān	76471	an-ang,uan-uang,j-q-x	1
鸡犬不惊	jī quǎn bù jīng	76472	in-ing,uan-uang,j-q-x	1
鸡犬不闻	jī quǎn bù wén	76473	en-eng,uan-uang,j-q-x	1
鸡皮鹤发	jī pí hè fà	76474	h-f,j-q-x	1
鸡肠狗肚	jī cháng gǒu dù	76475	an-ang,ao-ou,c-ch,j-q-x	1
鸡肤鹤发	jī fū hè fà	76476	h-f,j-q-x	1
鸡胸龟背	jī xiōng guī bèi	76477	ai-ei,j-q-x	1
鸡虫得丧	jī chóng dé sàng	76478	an-ang,c-ch,s-sh,j-q-x	1
鸡虫得失	jī chóng dé shī	76479	c-ch,s-sh,j-q-x	1
鸡骨支床	jī gǔ zhī chuáng	76480	uan-uang,z-zh,c-ch,j-q-x	1
鸡鹜争食	jī wù zhēng shí	76481	en-eng,z-zh,s-sh,j-q-x	3
鸡鹜相争	jī wù xiāng zhēng	76482	en-eng,ian-iang,z-zh,j-q-x	3
鸢肩鹄颈	yuān jiān hú jǐng	76483	in-ing,ian-iang,uan-uang,h-f,j-q-x	3
鸣凤朝阳	míng fèng zhāo yáng	76484	en-eng,in-ing,an-ang,ao-ou,z-zh,h-f	1
鸣野食苹	míng yě shí píng	76485	in-ing,s-sh	1
鸣钟食鼎	míng zhōng shí dǐng	76486	in-ing,z-zh,s-sh	1
鸣锣喝道	míng luó hè dào	76487	in-ing,ao-ou,ua-uo,n-l,h-f,r-l	1
鸣鹤之应	míng hè zhī yìng	76488	in-ing,z-zh,h-f	1
鸥水相依	ōu shuǐ xiāng yī	76489	ian-iang,ao-ou,s-sh,j-q-x	1
鸦没鹊静	yā méi què jìng	76490	in-ing,ai-ei,j-q-x	1
鸦雀无闻	yā què wú wén	76491	en-eng,j-q-x	1
鸦飞雀乱	yā fēi què luàn	76492	uan-uang,ai-ei,n-l,h-f,r-l,j-q-x	1
鸦默雀静	yā mò què jìng	76493	in-ing,j-q-x	1
鸭步鹅行	yā bù é xíng	76494	in-ing,j-q-x	1
鸭行鹅步	yā xíng é bù	76496	in-ing,j-q-x	1
鸮鸣鼠暴	xiāo míng shǔ bào	76497	in-ing,ao-ou,s-sh,j-q-x	3
鸱鸮弄舌	chī xiāo nòng shé	76499	c-ch,s-sh,n-l,j-q-x	3
鸾停鹄峙	luán tíng hú zhì	76502	in-ing,uan-uang,z-zh,n-l,h-f,r-l	3
鸾凤分飞	luán fèng fēn fēi	76503	en-eng,uan-uang,ai-ei,n-l,h-f,r-l	3
鸾凤和鸣	luán fèng hè míng	76504	en-eng,in-ing,uan-uang,n-l,h-f,r-l	3
鸾分凤离	luán fēn fèng lí	76505	en-eng,uan-uang,n-l,h-f,r-l	3
鸾只凤单	luán zhī fèng dān	76506	en-eng,an-ang,uan-uang,z-zh,n-l,h-f,r-l	3
鸾孤凤只	luán gū fèng zhī	76507	en-eng,uan-uang,z-zh,n-l,h-f,r-l	3
鸾漂凤泊	luán piāo fèng bó	76508	en-eng,uan-uang,n-l,h-f,r-l	3
鸾跂鸿惊	luán qí hóng jīng	76509	in-ing,uan-uang,n-l,h-f,r-l,j-q-x	7
鸾音鹤信	luán yīn hè xìn	76510	in-ing,uan-uang,n-l,h-f,r-l,j-q-x	3
鸾颠凤倒	luán diān fèng dǎo	76511	en-eng,ian-iang,uan-uang,ao-ou,n-l,h-f,r-l	3
鸾飘凤泊	luán piāo fèng bó	76512	en-eng,uan-uang,n-l,h-f,r-l	3
鸾鹄停峙	luán hú tíng zhì	76513	in-ing,uan-uang,z-zh,n-l,h-f,r-l	3
鸿业远图	hóng yè yuǎn tú	76514	uan-uang,h-f	1
鸿儒硕学	hóng rú shuò xué	76515	ua-uo,s-sh,h-f,r-l,j-q-x	1
鸿商富贾	hóng shāng fù gǔ	76516	an-ang,s-sh,h-f	1
鸿图华构	hóng tú huá gòu	76517	ao-ou,ua-uo,h-f	1
鸿案相庄	hóng àn xiāng zhuāng	76518	an-ang,ian-iang,uan-uang,z-zh,h-f,j-q-x	1
鸿案鹿车	hóng àn lù chē	76519	an-ang,c-ch,n-l,h-f,r-l	1
鸿泥雪爪	hóng ní xuě zhǎo	76520	ao-ou,z-zh,n-l,h-f,j-q-x	1
鸿渐之仪	hóng jiàn zhī yí	76521	ian-iang,z-zh,h-f,j-q-x	1
鸿渐之翼	hóng jiàn zhī yì	76522	ian-iang,z-zh,h-f,j-q-x	1
鸿渐于干	hóng jiàn yú gàn	76523	an-ang,ian-iang,h-f,j-q-x	1
鸿爪春泥	hóng zhǎo chūn ní	76525	ao-ou,z-zh,c-ch,n-l,h-f	1
鸿爪留泥	hóng zhǎo liú ní	76526	ao-ou,z-zh,n-l,h-f,r-l	1
鸿爪雪泥	hóng zhǎo xuě ní	76527	ao-ou,z-zh,n-l,h-f,j-q-x	1
鸿笔丽藻	hóng bǐ lì zǎo	76528	ao-ou,z-zh,n-l,h-f,r-l	1
鸿篇巨着	hóng piān jù zhe	76529	ian-iang,z-zh,h-f,j-q-x	1
鸿篇巨著	hóng piān jù zhù	76530	ian-iang,z-zh,h-f,j-q-x	1
鸿蒙初辟	hóng méng chū pì	76532	en-eng,c-ch,h-f	1
鸿衣羽裳	hóng yī yǔ cháng	76533	an-ang,c-ch,h-f	1
鸿都买第	hóng dōu mǎi dì	76534	ai-ei,ao-ou,h-f	1
鸿隐凤伏	hóng yǐn fèng fú	76535	en-eng,in-ing,h-f	1
鸿飞雪爪	hóng fēi xuě zhǎo	76536	ai-ei,ao-ou,z-zh,h-f,j-q-x	1
鸿飞霜降	hóng fēi shuāng jiàng	76537	ian-iang,uan-uang,ai-ei,s-sh,h-f,j-q-x	1
鸿鹄将至	hóng hú jiāng zhì	76538	ian-iang,z-zh,h-f,j-q-x	3
鹄峙鸾停	hú zhì luán tíng	76539	in-ing,uan-uang,z-zh,n-l,h-f,r-l	3
鹄峙鸾翔	hú zhì luán xiáng	76540	ian-iang,uan-uang,z-zh,n-l,h-f,r-l,j-q-x	3
鹅不食草	é bù shí cǎo	76542	ao-ou,c-ch,s-sh	1
鹅湖之会	é hú zhī huì	76544	z-zh,h-f	1
鹅王择乳	é wáng zé rǔ	76545	an-ang,z-zh,r-l	1
鹅行鸭步	é xíng yā bù	76546	in-ing,j-q-x	1
鹊巢鸠据	què cháo jiū jù	76547	ao-ou,c-ch,j-q-x	3
鹏霄万里	péng xiāo wàn lǐ	76548	en-eng,an-ang,n-l,r-l,j-q-x	1
鹑衣百结	chún yī bǎi jié	76549	ai-ei,ia-ie,c-ch,j-q-x	3
鹤发松姿	hè fà sōng zī	76550	z-zh,s-sh,h-f	1
鹤发鸡皮	hè fà jī pí	76551	h-f,j-q-x	1
鹤唳华亭	hè lì huá tíng	76552	in-ing,ua-uo,n-l,h-f,r-l	3
鹤唳风声	hè lì fēng shēng	76553	en-eng,s-sh,n-l,h-f,r-l	3
鹤处鸡群	hè chǔ jī qún	76554	c-ch,h-f,j-q-x	1
鹤子梅妻	hè zǐ méi qī	76555	ai-ei,z-zh,h-f,j-q-x	1
鹤归华表	hè guī huá biǎo	76556	ua-uo,h-f	1
鹤知夜半	hè zhī yè bàn	76557	an-ang,z-zh,h-f	1
鹤短凫长	hè duǎn fú cháng	76558	an-ang,uan-uang,c-ch,h-f	3
鹤背扬州	hè bèi yáng zhōu	76559	an-ang,ai-ei,ao-ou,z-zh,h-f	1
鹤行鸡群	hè xíng jī qún	76560	in-ing,h-f,j-q-x	1
鹤长凫短	hè cháng fú duǎn	76561	an-ang,uan-uang,c-ch,h-f	3
鹤骨松姿	hè gǔ sōng zī	76562	z-zh,s-sh,h-f	1
鹤骨松筋	hè gǔ sōng jīn	76563	in-ing,s-sh,h-f,j-q-x	1
鹤骨霜髯	hè gǔ shuāng rán	76564	an-ang,uan-uang,s-sh,h-f,r-l	3
鹤骨鸡肤	hè gǔ jī fū	76565	h-f,j-q-x	1
鹤骨龙筋	hè gǔ lóng jīn	76566	in-ing,n-l,h-f,r-l,j-q-x	1
鹤鸣九皋	hè míng jiǔ gāo	76567	in-ing,ao-ou,h-f,j-q-x	3
鹦鹉学语	yīng wǔ xué yǔ	76568	in-ing,j-q-x	1
鹪鹩一枝	jiāo liáo yī zhī	76569	z-zh,n-l,r-l,j-q-x	3
鹬蚌相争	yù bàng xiāng zhēng	76570	en-eng,an-ang,ian-iang,z-zh,j-q-x	3
鹬蚌相危	yù bàng xiāng wēi	76571	an-ang,ian-iang,ai-ei,j-q-x	3
鹬蚌相持	yù bàng xiāng chí	76572	an-ang,ian-iang,c-ch,j-q-x	3
鹬蚌相斗	yù bàng xiāng dòu	76573	an-ang,ian-iang,ao-ou,j-q-x	3
鹭序鸳行	lù xù yuān xíng	76574	in-ing,uan-uang,n-l,r-l,j-q-x	3
鹭约鸥盟	lù yuē ōu méng	76575	en-eng,ao-ou,n-l,r-l	3
鹰击长空	yīng jī cháng kōng	76576	in-ing,an-ang,c-ch,j-q-x	1
鹰头雀脑	yīng tóu què nǎo	76577	in-ing,ao-ou,n-l,j-q-x	1
鹰心雁爪	yīng xīn yàn zhǎo	76578	in-ing,an-ang,ao-ou,z-zh,j-q-x	1
鹰拿燕雀	yīng ná yàn què	76579	in-ing,an-ang,n-l,j-q-x	1
鹰挚狼食	yīng zhì láng shí	76580	in-ing,an-ang,z-zh,s-sh,n-l,r-l	1
鹰撮霆击	yīng cuō tíng jī	76581	in-ing,ua-uo,c-ch,j-q-x	3
鹰犬塞途	yīng quǎn sāi tú	76583	in-ing,uan-uang,ai-ei,s-sh,j-q-x	1
鹰觑鹘望	yīng qù hú wàng	76584	in-ing,an-ang,h-f,j-q-x	3
鹿裘不完	lù qiú bù wán	76586	an-ang,n-l,r-l,j-q-x	3
鹿走苏台	lù zǒu sū tái	76588	ai-ei,ao-ou,z-zh,s-sh,n-l,r-l	1
鹿车共挽	lù chē gòng wǎn	76589	an-ang,c-ch,n-l,r-l	1
鹿驯豕暴	lù xùn shǐ bào	76590	ao-ou,s-sh,n-l,r-l,j-q-x	3
麇至沓来	qún zhì tà lái	76591	ai-ei,z-zh,n-l,r-l,j-q-x	3
麇骇雉伏	jūn hài zhì fú	76592	ai-ei,z-zh,h-f,j-q-x	3
麈尾之诲	zhǔ wěi zhī huì	76593	ai-ei,z-zh,h-f	3
麟凤龟龙	lín fèng guī lóng	76594	en-eng,in-ing,n-l,h-f,r-l	3
麟角凤嘴	lín jiǎo fèng zuǐ	76595	en-eng,in-ing,z-zh,n-l,h-f,r-l,j-q-x	3
麟角凤毛	lín jiǎo fèng máo	76596	en-eng,in-ing,ao-ou,n-l,h-f,r-l,j-q-x	3
麟角凤觜	lín jiǎo fèng zuǐ	76597	en-eng,in-ing,z-zh,n-l,h-f,r-l,j-q-x	7
麟角凤距	lín jiǎo fèng jù	76598	en-eng,in-ing,n-l,h-f,r-l,j-q-x	3
麟角虎翅	lín jiǎo hǔ chì	76599	in-ing,c-ch,n-l,h-f,r-l,j-q-x	3
麻痹不仁	má bì bù rén	76604	en-eng,r-l	1
麻痹大意	má bì dà yì	76605		1
黄冠草履	huáng guàn cǎo lǚ	76606	uan-uang,ao-ou,c-ch,n-l,h-f,r-l	1
黄冠草服	huáng guàn cǎo fú	76607	uan-uang,ao-ou,c-ch,h-f	1
黄冠野服	huáng guàn yě fú	76608	uan-uang,h-f	1
黄卷幼妇	huáng juàn yòu fù	76609	uan-uang,ao-ou,h-f,j-q-x	1
黄卷青灯	huáng juàn qīng dēng	76610	en-eng,in-ing,uan-uang,h-f,j-q-x	1
黄发儿齿	huáng fà ér chǐ	76611	uan-uang,c-ch,h-f	1
黄发台背	huáng fā tái bèi	76612	uan-uang,ai-ei,h-f	1
黄发垂髫	huáng fà chuí tiáo	76613	uan-uang,c-ch,h-f	3
黄发骀背	huáng fā dài bèi	76614	uan-uang,ai-ei,h-f	3
黄发鲐背	huáng fā tái bèi	76615	uan-uang,ai-ei,h-f	3
黄台之瓜	huáng tái zhī guā	76616	uan-uang,ai-ei,ua-uo,z-zh,h-f	1
黄干黑廋	huáng gān hēi sōu	76620	an-ang,uan-uang,ai-ei,ao-ou,s-sh,h-f	5
黄梁一梦	huáng liáng yí mèng	76621	en-eng,ian-iang,uan-uang,n-l,h-f,r-l	1
黄汤淡水	huáng tāng dàn shuǐ	76622	an-ang,uan-uang,s-sh,h-f	1
黄汤辣水	huáng tāng là shuǐ	76623	an-ang,uan-uang,s-sh,n-l,h-f,r-l	1
黄耳传书	huáng ěr chuán shū	76627	uan-uang,c-ch,s-sh,h-f	1
黄花晚节	huáng huā wǎn jié	76628	an-ang,uan-uang,ia-ie,ua-uo,h-f,j-q-x	1
黄袍加体	huáng páo jiā tǐ	76629	uan-uang,ao-ou,ia-ie,h-f,j-q-x	1
黄钟大吕	huáng zhōng dà lǚ	76630	uan-uang,z-zh,n-l,h-f,r-l	1
黄钟瓦釜	huáng zhōng wǎ fǔ	76631	uan-uang,z-zh,h-f	3
黄钟长弃	huáng zhōng cháng qì	76632	an-ang,uan-uang,z-zh,c-ch,h-f,j-q-x	1
黄锺瓦缶	huáng zhōng wǎ fǒu	76633	uan-uang,ao-ou,z-zh,h-f	7
黄雀伺蝉	huáng què sì chán	76635	an-ang,uan-uang,c-ch,s-sh,h-f,j-q-x	1
黄雀在后	huáng què zài hòu	76636	uan-uang,ai-ei,ao-ou,z-zh,h-f,j-q-x	1
黄雀衔环	huáng què xián huán	76637	ian-iang,uan-uang,h-f,j-q-x	1
黄风雾罩	huáng fēng wù zhào	76638	en-eng,uan-uang,ao-ou,z-zh,h-f	1
黄麻紫泥	huáng má zǐ ní	76640	uan-uang,z-zh,n-l,h-f	1
黏吝缴绕	nián lìn jiǎo rào	76641	in-ing,ian-iang,ao-ou,n-l,r-l,j-q-x	3
黏皮带骨	nián pí dài gǔ	76642	ian-iang,ai-ei,n-l	3
黏皮着骨	nián pí zhuó gǔ	76643	ian-iang,ua-uo,z-zh,n-l	3
黑价白日	hēi jià bái rì	76645	ai-ei,ia-ie,h-f,r-l,j-q-x	1
黑地昏天	hēi dì hūn tiān	76650	ian-iang,ai-ei,h-f	1
黑天墨地	hēi tiān mò dì	76651	ian-iang,ai-ei,h-f	1
黑天摸地	hēi tiān mō dì	76652	ian-iang,ai-ei,h-f	1
黑家白日	hēi jiā bái rì	76653	ai-ei,ia-ie,h-f,r-l,j-q-x	1
黑白分明	hēi bái fēn míng	76655	en-eng,in-ing,ai-ei,h-f	1
黑白混淆	hēi bái hùn xiáo	76656	ai-ei,h-f,j-q-x	1
黑白相间	hēi bái xiāng jiàn	76657	ian-iang,ai-ei,h-f,j-q-x	1
黑色金属	hēi sè jīn shǔ	76661	in-ing,ai-ei,s-sh,h-f,j-q-x	1
黑言诳语	hēi yán kuáng yǔ	76663	an-ang,uan-uang,ai-ei,h-f	3
黑陶文化	hēi táo wén huà	76665	en-eng,ai-ei,ao-ou,ua-uo,h-f	1
黑风孽海	hēi fēng niè hǎi	76668	en-eng,ai-ei,ia-ie,n-l,h-f	1
默化潜移	mò huà qián yí	76670	ian-iang,ua-uo,h-f,j-q-x	1
默契神会	mò qì shén huì	76671	en-eng,s-sh,h-f,j-q-x	1
默而识之	mò ér shí zhī	76672	z-zh,s-sh	1
默转潜移	mò zhuǎn qián yí	76673	ian-iang,uan-uang,z-zh,j-q-x	1
黜衣缩食	chù yī suō shí	76675	ua-uo,c-ch,s-sh	3
黜邪崇正	chù xié chóng zhèng	76676	en-eng,ia-ie,z-zh,c-ch,j-q-x	3
黼国黻家	fǔ guó fú jiā	76677	ia-ie,ua-uo,h-f,j-q-x	3
黼蔀黻纪	fǔ bù fú jì	76678	h-f,j-q-x	7
黾穴鸲巢	měng xué qú cháo	76680	en-eng,ao-ou,c-ch,j-q-x	3
鼋鸣鳖应	yuán míng biē yìng	76681	in-ing,uan-uang,ia-ie	3
鼎分三足	dǐng fēn sān zú	76682	en-eng,in-ing,an-ang,z-zh,s-sh,h-f	1
鼎玉龟符	dǐng yù guī fú	76684	in-ing,h-f	1
鼎足三分	dǐng zú sān fēn	76685	en-eng,in-ing,an-ang,z-zh,s-sh,h-f	1
鼎铛有耳	dǐng chēng yǒu ěr	76686	en-eng,in-ing,ao-ou,c-ch	1
鼎铛玉石	dǐng chēng yù shí	76687	en-eng,in-ing,c-ch,s-sh	1
鼎食钟鸣	dǐng shí zhōng míng	76688	in-ing,z-zh,s-sh	1
鼎食鸣钟	dǐng shí míng zhōng	76689	in-ing,z-zh,s-sh	1
鼎食鸣锺	dǐng shí míng zhōng	76690	in-ing,z-zh,s-sh	5
鼎鱼幕燕	dǐng yú mù yàn	76691	in-ing,an-ang	1
鼎鼎有名	dǐng dǐng yǒu míng	76692	in-ing,ao-ou	1
鼎鼐调和	dǐng nài tiáo hé	76693	in-ing,ai-ei,n-l,h-f	3
鼓乐喧天	gǔ yuè xuān tiān	76694	ian-iang,uan-uang,j-q-x	1
鼓乐齐鸣	gǔ yuè qí míng	76695	in-ing,j-q-x	1
鼓吻奋爪	gǔ wěn fèn zhǎo	76696	en-eng,ao-ou,z-zh,h-f	1
鼓吻弄舌	gǔ wěn nòng shé	76697	en-eng,s-sh,n-l	1
鼓唇咋舌	gǔ chún zǎ shé	76698	z-zh,c-ch,s-sh	1
鼓唇弄舌	gǔ chún nòng shé	76699	c-ch,s-sh,n-l	1
鼓旗相当	gǔ qí xiāng dāng	76701	an-ang,ian-iang,j-q-x	1
鼓睛暴眼	gǔ jīng bào yǎn	76702	in-ing,an-ang,ao-ou,j-q-x	1
鼓脑争头	gǔ nǎo zhēng tóu	76703	en-eng,ao-ou,z-zh,n-l	1
鼓腹含和	gǔ fù hán hé	76704	an-ang,h-f	1
鼓衰力尽	gǔ shuāi lì jìn	76705	in-ing,s-sh,n-l,r-l,j-q-x	1
鼓角齐鸣	gǔ jiǎo qí míng	76706	in-ing,j-q-x	1
鼠入牛角	shǔ rù niú jiǎo	76708	s-sh,n-l,r-l,j-q-x	1
鼠牙雀角	shǔ yá què jiǎo	76709	s-sh,j-q-x	1
鼠目獐头	shǔ mù zhāng tóu	76710	an-ang,ao-ou,z-zh,s-sh	3
鼠穴寻羊	shǔ xué xún yáng	76711	an-ang,s-sh,j-q-x	1
鼠窜狼奔	shǔ cuàn láng bēn	76712	en-eng,an-ang,uan-uang,c-ch,s-sh,n-l,r-l	1
鼠肚鸡肠	shǔ dù jī cháng	76713	an-ang,c-ch,s-sh,j-q-x	1
鼠肝虫臂	shǔ gān chóng bì	76714	an-ang,c-ch,s-sh	1
鼠臂虮肝	shǔ bì jǐ gān	76715	an-ang,s-sh,j-q-x	3
鼠雀之牙	shǔ què zhī yá	76716	z-zh,s-sh,j-q-x	1
鼠雀之辈	shǔ què zhī bèi	76717	ai-ei,z-zh,s-sh,j-q-x	1
鼷腹鹪枝	xī fù jiāo zhī	76718	z-zh,h-f,j-q-x	7
鼻头出火	bí tóu chū huǒ	76721	ao-ou,ua-uo,c-ch,h-f	1
鼻孔撩天	bí kǒng liáo tiān	76722	ian-iang,n-l,r-l	1
鼻孔朝天	bí kǒng cháo tiān	76723	ian-iang,ao-ou,c-ch	1
齐东野语	qí dōng yě yǔ	76725	j-q-x	1
齐人攫金	qí rén jué jīn	76727	en-eng,in-ing,r-l,j-q-x	3
齐名并价	qí míng bìng jià	76730	in-ing,ia-ie,j-q-x	1
齐大非偶	qí dà fēi ǒu	76731	ai-ei,ao-ou,h-f,j-q-x	1
齐大非耦	qí dà fēi ǒu	76732	ai-ei,ao-ou,h-f,j-q-x	3
齐天大圣	qí tiān dà shèng	76734	en-eng,ian-iang,s-sh,j-q-x	1
齐天洪福	qí tiān hóng fú	76735	ian-iang,h-f,j-q-x	1
齐家治国	qí jiā zhì guó	76738	ia-ie,ua-uo,z-zh,j-q-x	1
齐心一力	qí xīn yī lì	76740	in-ing,n-l,r-l,j-q-x	1
齐心合力	qí xīn hé lì	76741	in-ing,n-l,h-f,r-l,j-q-x	1
齐心同力	qí xīn tóng lì	76742	in-ing,n-l,r-l,j-q-x	1
齐心并力	qí xīn bìng lì	76743	in-ing,n-l,r-l,j-q-x	1
齐心戮力	qí xīn lù lì	76744	in-ing,n-l,r-l,j-q-x	3
齐心涤虑	qí xīn dí lǜ	76745	in-ing,n-l,r-l,j-q-x	1
齐烟九点	qí yān jiǔ diǎn	76750	an-ang,ian-iang,j-q-x	1
齐王舍牛	qí wáng shě niú	76751	an-ang,s-sh,n-l,j-q-x	1
齐眉举案	qí méi jǔ àn	76753	an-ang,ai-ei,j-q-x	1
齐纨鲁缟	qí wán lǔ gǎo	76754	an-ang,ao-ou,n-l,r-l,j-q-x	3
齐趋并驾	qí qū bìng jià	76757	in-ing,ia-ie,j-q-x	1
齐足并驱	qí zú bìng qū	76758	in-ing,z-zh,j-q-x	1
齐轨连辔	qí guǐ lián pèi	76759	ian-iang,ai-ei,n-l,r-l,j-q-x	3
齐量等观	qí liàng děng guān	76760	en-eng,ian-iang,uan-uang,n-l,r-l,j-q-x	1
齐镳并驱	qí biāo bìng qū	76761	in-ing,j-q-x	3
齐驱并进	qí qū bìng jìn	76762	in-ing,j-q-x	1
齐驱并驾	qí qū bìng jià	76763	in-ing,ia-ie,j-q-x	1
齐驱并骤	qí qū bìng zhòu	76764	in-ing,ao-ou,z-zh,j-q-x	1
齐齐整整	qí qí zhěng zhěng	76766	en-eng,z-zh,j-q-x	1
齑身粉骨	jī shēn fěn gǔ	76767	en-eng,s-sh,h-f,j-q-x	3
齿亡舌存	chǐ wáng shé cún	76768	an-ang,c-ch,s-sh	1
齿危发秀	chǐ wēi fā xiù	76770	ai-ei,c-ch,h-f,j-q-x	1
齿如齐贝	chǐ rú qí bèi	76771	ai-ei,c-ch,r-l,j-q-x	1
齿少心锐	chǐ shǎo xīn ruì	76772	in-ing,ao-ou,c-ch,s-sh,r-l,j-q-x	1
齿少气锐	chǐ shǎo qì ruì	76773	ao-ou,c-ch,s-sh,r-l,j-q-x	1
齿牙为猾	chǐ yá wéi huá	76775	ai-ei,ua-uo,c-ch,h-f	1
齿牙为祸	chǐ yá wéi huò	76776	ai-ei,ua-uo,c-ch,h-f	1
齿牙余论	chǐ yá yú lùn	76777	c-ch,n-l,r-l	1
齿甘乘肥	chǐ gān chéng féi	76778	en-eng,an-ang,ai-ei,c-ch,h-f	1
齿白唇红	chǐ bái chún hóng	76779	ai-ei,c-ch,h-f	1
齿若编贝	chǐ ruò biān bèi	76780	ian-iang,ai-ei,ua-uo,c-ch,r-l	1
齿落舌钝	chǐ luò shé dùn	76781	ua-uo,c-ch,s-sh,n-l,r-l	1
齿豁头童	chǐ huō tóu tóng	76782	ao-ou,ua-uo,c-ch,h-f	1
齿过肩随	chǐ guò jiān suí	76783	ian-iang,ua-uo,c-ch,s-sh,j-q-x	1
龃龉不合	jǔ yǔ bù hé	76784	h-f,j-q-x	3
龇牙裂嘴	zī yá liè zuǐ	76785	ia-ie,z-zh,n-l,r-l	3
龈齿弹舌	yín chǐ dàn shé	76786	in-ing,an-ang,c-ch,s-sh	3
龈龈计较	yín yín jì jiào	76787	in-ing,j-q-x	3
龙举云兴	lóng jǔ yún xīng	76788	in-ing,n-l,r-l,j-q-x	1
龙举云属	lóng jǔ yún shǔ	76789	s-sh,n-l,r-l,j-q-x	1
龙兴云属	lóng xīng yún shǔ	76791	in-ing,s-sh,n-l,r-l,j-q-x	1
龙兴凤举	lóng xīng fèng jǔ	76792	en-eng,in-ing,n-l,h-f,r-l,j-q-x	1
龙凤呈样	lóng fèng chéng yàng	76793	en-eng,an-ang,c-ch,n-l,h-f,r-l	1
龙化虎变	lóng huà hǔ biàn	76794	ian-iang,ua-uo,n-l,h-f,r-l	1
龙口夺食	lóng kǒu duó shí	76797	ao-ou,ua-uo,s-sh,n-l,r-l	1
龙头蛇尾	lóng tóu shé wěi	76798	ai-ei,ao-ou,s-sh,n-l,r-l	1
龙头锯角	lóng tóu jù jiǎo	76799	ao-ou,n-l,r-l,j-q-x	1
龙姿凤采	lóng zī fèng cǎi	76800	en-eng,ai-ei,z-zh,c-ch,n-l,h-f,r-l	1
龙威燕颔	lóng wēi yàn hàn	76801	an-ang,ai-ei,n-l,h-f,r-l	3
龙屈蛇伸	lóng qū shé shēn	76802	en-eng,s-sh,n-l,r-l,j-q-x	1
龙山文化	lóng shān wén huà	76803	en-eng,an-ang,ua-uo,s-sh,n-l,h-f,r-l	1
龙御上宾	lóng yù shàng bīn	76804	in-ing,an-ang,s-sh,n-l,r-l	1
龙断可登	lóng duàn kě dēng	76805	en-eng,uan-uang,n-l,r-l	1
龙楼凤阙	lóng lóu fèng què	76806	en-eng,ao-ou,n-l,h-f,r-l,j-q-x	3
龙游曲沼	lóng yóu qū zhǎo	76807	ao-ou,z-zh,n-l,r-l,j-q-x	1
龙潜凤采	lóng qián fèng cǎi	76808	en-eng,ian-iang,ai-ei,c-ch,n-l,h-f,r-l,j-q-x	1
龙生九种	lóng shēng jiǔ zhǒng	76810	en-eng,z-zh,s-sh,n-l,r-l,j-q-x	1
龙眉豹颈	lóng méi bào jǐng	76811	in-ing,ai-ei,ao-ou,n-l,r-l,j-q-x	1
龙章秀骨	lóng zhāng xiù gǔ	76812	an-ang,z-zh,n-l,r-l,j-q-x	1
龙章麟角	lóng zhāng lín jiǎo	76813	in-ing,an-ang,z-zh,n-l,r-l,j-q-x	3
龙荒蛮甸	lóng huāng mán diàn	76814	an-ang,ian-iang,uan-uang,n-l,h-f,r-l	1
龙虎风云	lóng hǔ fēng yún	76816	en-eng,n-l,h-f,r-l	1
龙蛇混杂	lóng shé hùn zá	76817	z-zh,s-sh,n-l,h-f,r-l	1
龙蛇飞动	lóng shé fēi dòng	76818	ai-ei,s-sh,n-l,h-f,r-l	1
龙蛇飞舞	lóng shé fēi wǔ	76819	ai-ei,s-sh,n-l,h-f,r-l	1
龙蟠虬结	lóng pán qiú jié	76820	an-ang,ia-ie,n-l,r-l,j-q-x	3
龙血凤髓	lóng xuè fèng suǐ	76821	en-eng,s-sh,n-l,h-f,r-l,j-q-x	1
龙血玄黄	lóng xuè xuán huáng	76822	uan-uang,n-l,h-f,r-l,j-q-x	1
龙行虎变	lóng xíng hǔ biàn	76823	in-ing,ian-iang,n-l,h-f,r-l,j-q-x	1
龙言凤语	lóng yán fèng yǔ	76824	en-eng,an-ang,n-l,h-f,r-l	1
龙跃鸿矫	lóng yuè hóng jiǎo	76825	n-l,h-f,r-l,j-q-x	1
龙跳虎伏	lóng tiào hǔ fú	76826	n-l,h-f,r-l	1
龙跳虎卧	lóng tiào hǔ wò	76827	n-l,h-f,r-l	1
龙雏凤种	lóng chú fèng zhǒng	76829	en-eng,z-zh,c-ch,n-l,h-f,r-l	1
龙雕凤咀	lóng diāo fèng jǔ	76830	en-eng,n-l,h-f,r-l,j-q-x	3
龙飞虎跳	lóng fēi hǔ tiào	76831	ai-ei,n-l,h-f,r-l	1
龙飞风舞	lóng fēi fēng wǔ	76832	en-eng,ai-ei,n-l,h-f,r-l	1
龙驭上宾	lóng yù shàng bīn	76833	in-ing,an-ang,s-sh,n-l,r-l	3
龙骧凤矫	lóng xiāng fèng jiǎo	76834	en-eng,ian-iang,n-l,h-f,r-l,j-q-x	3
龙鬼蛇神	lóng guǐ shé shén	76835	en-eng,s-sh,n-l,r-l	1
龚行天罚	gōng xíng tiān fá	76836	in-ing,ian-iang,h-f,j-q-x	3
龟冷支床	guī lěng zhī chuáng	76838	en-eng,uan-uang,z-zh,c-ch,n-l,r-l	1
龟厌不告	guī yàn bù gào	76839	an-ang,ao-ou	1
龟年鹤寿	guī nián hè shòu	76840	ian-iang,ao-ou,s-sh,n-l,h-f	1
龟年鹤算	guī nián hè suàn	76841	ian-iang,uan-uang,s-sh,n-l,h-f	1
龟文鸟迹	guī wén niǎo jì	76842	en-eng,n-l,j-q-x	1
龟毛兔角	guī máo tù jiǎo	76843	ao-ou,j-q-x	1
龟玉毁椟	guī yù huǐ dú	76844	h-f	3
龟鹤遐寿	guī hè xiá shòu	76846	ao-ou,ia-ie,s-sh,h-f,j-q-x	3
龟鹤遐龄	guī hè xiá líng	76847	in-ing,ia-ie,n-l,h-f,r-l,j-q-x	3
龟龄鹤算	guī líng hè suàn	76848	in-ing,uan-uang,s-sh,n-l,h-f,r-l	1
龟龙片甲	guī lóng piàn jiǎ	76849	ian-iang,ia-ie,n-l,r-l,j-q-x	1
龟龙鳞凤	guī lóng lín fèng	76850	en-eng,in-ing,n-l,h-f,r-l	1
龟龙麟凤	guī lóng lín fèng	76851	en-eng,in-ing,n-l,h-f,r-l	3
